/*--------------------------------*- C++ -*----------------------------------*\
| =========                 |                                                 |
| \\      /  F ield         | OpenFOAM: The Open Source CFD Toolbox           |
|  \\    /   O peration     | Version:  v1912                                 |
|   \\  /    A nd           | Website:  www.openfoam.com                      |
|    \\/     M anipulation  |                                                 |
\*---------------------------------------------------------------------------*/
FoamFile
{
    version     2.0;
    format      ascii;
    class       volScalarField;
    location    "6.5";
    object      p_rgh;
}
// * * * * * * * * * * * * * * * * * * * * * * * * * * * * * * * * * * * * * //

dimensions      [1 -1 -2 0 0 0 0];


internalField   nonuniform List<scalar> 
45849
(
-8329.05
-7198.72
-6072.75
-4737.54
-3133.28
-1943
-866.563
132.891
1069.04
1948.45
2772.41
3536.86
4232.79
4847.69
5367.61
5773.48
6052.12
6207.47
6255.93
6194.72
6030.11
5775.25
5444.37
5051.11
4608.28
4127.04
3616.39
3084.46
2539.32
1989.6
1445.36
925.208
391.193
-100.89
-561.267
-992.54
-1400.13
-1791.79
-2176.08
-2560.19
-2947.57
-3336.14
-3717.74
-4078.92
-4402.56
-4669.84
-4863.06
-4965.78
-4961.5
-4854.36
-4644.17
-4337.97
-3947.3
-3486.47
-2971.23
-2417.12
-1838.51
-1248.91
-662.13
-91.9674
454.249
957.649
1406.14
1788.34
2092.51
2354.46
2492.55
2544.38
2515.39
2412.41
2247.31
2035.23
1793.58
1541.21
1297.23
1079.59
904.191
783.814
726.244
735.052
801.434
915.493
1062.76
1226.32
1387.61
1528.09
1631.09
1683.34
1676.36
1607.44
1480.33
1302.78
1087.05
848.466
603.327
365.648
149.365
-41.3535
-211.826
-355.571
-482.603
-602.788
-725.763
-859.402
-1008.76
-1175.71
-1359.14
-1555.47
-1759.38
-1964.6
-2164.64
-2353.26
-2524.55
-2672.6
-2791.29
-2873.89
-2912.73
-2899.45
-2824.89
-2683.25
-2469.92
-2183.61
-1827.26
-1408.02
-936.119
-429.861
88.518
634.261
1161.07
1670.77
2137.37
2578.5
2952.32
3276.56
3529.95
3713.97
3818.63
3839.24
3773.94
3622.45
3387.08
3074.42
2694.95
2260.58
1784.34
1294.05
815.108
362.344
-83.7304
-466.122
-789.46
-1047.11
-1235.88
-1356.7
-1413.37
-1413.4
-1365.18
-1278.82
-1163.76
-1030.52
-892.049
-756.569
-629.853
-516.384
-418.692
-337.414
-272.294
-221.714
-183.114
-154.289
-132.891
-116.877
-104.583
-94.7565
-86.5734
-79.4831
-73.1174
-67.2445
-61.7375
-56.5347
-51.611
-46.9602
-42.5838
-38.4855
-34.668
-31.1313
-27.8714
-24.8814
-22.1514
-19.6696
-17.4224
-15.3953
-13.5732
-11.9408
-10.4829
-9.18487
-8.03236
-7.01177
-6.11033
-5.31608
-4.61786
-4.0054
-3.46923
-3.00077
-2.5922
-2.23647
-1.92726
-1.6589
-1.42633
-1.22508
-1.05117
-0.901086
-0.771739
-0.660413
-0.564726
-0.482602
-0.412226
-0.352079
-0.300714
-8333.97
-7200.95
-6072.04
-4730.69
-3129.52
-1938.01
-860.831
138.943
1075.15
1954.54
2778.55
3543.31
4239.87
4855.68
5376.6
5783.93
6063.85
6219.83
6268.36
6206.7
6041.14
5784.98
5452.58
5057.76
4613.44
4130.84
3618.97
3085.96
2539.82
1989.15
1443.94
922.968
388.121
-104.359
-564.756
-995.696
-1402.65
-1793.48
-2176.94
-2560.43
-2947.61
-3336.56
-3719.14
-4081.83
-4407.34
-4676.62
-4871.69
-4975.9
-4972.61
-4865.81
-4655.29
-4348.22
-3956.28
-3493.93
-2977.1
-2421.4
-1841.26
-1250.15
-661.883
-90.1839
457.565
962.479
1412.39
1795.83
2100.93
2363.67
2502.08
2553.72
2524.05
2419.93
2253.3
2039.39
1795.71
1541.23
1295.21
1075.73
898.816
777.377
719.276
728.195
795.299
910.672
1059.7
1225.31
1388.74
1531.24
1635.95
1689.41
1683.04
1614.03
1486.23
1307.45
1090.12
849.794
602.996
363.959
146.975
-44.5709
-214.635
-357.676
-483.742
-602.875
-724.901
-857.836
-1006.81
-1173.74
-1357.47
-1554.31
-1758.88
-1964.81
-2165.54
-2354.83
-2526.74
-2675.44
-2794.83
-2878.21
-2917.86
-2905.63
-2831.75
-2690.7
-2477.63
-2191.16
-1834.21
-1413.97
-940.77
-432.974
87.0738
634.32
1162.51
1673.43
2141.09
2583.12
2957.78
3282.76
3536.86
3721.51
3826.74
3847.72
3782.39
3630.64
3394.65
3080.95
2700.05
2263.99
1785.91
1293.62
812.844
358.348
-88.7423
-472.214
-796.141
-1054.01
-1242.66
-1363.05
-1419.04
-1418.22
-1369
-1281.59
-1165.48
-1031.26
-891.914
-755.744
-628.533
-514.766
-416.962
-335.727
-270.755
-220.398
-182.048
-153.469
-132.289
-116.454
-104.295
-94.5666
-86.4501
-79.4031
-73.0632
-67.2046
-61.7046
-56.5046
-51.5817
-46.9306
-42.5538
-38.4551
-34.6377
-31.1013
-27.8421
-24.8532
-22.1245
-19.6441
-17.3985
-15.3731
-13.5527
-11.9219
-10.4657
-9.16925
-8.01823
-6.99909
-6.09899
-5.30598
-4.60891
-3.99749
-3.46229
-2.9947
-2.58691
-2.23189
-1.92331
-1.65552
-1.42346
-1.22265
-1.04914
-0.899409
-0.770373
-0.65932
-0.563874
-0.481959
-0.411765
-0.351767
-0.300508
-8343.88
-7205.47
-6070.67
-4717.02
-3121.89
-1927.93
-849.29
151.114
1087.42
1966.73
2790.82
3556.17
4254
4871.62
5394.58
5804.81
6087.32
6244.61
6293.28
6230.68
6063.21
5804.39
5468.92
5070.94
4623.6
4138.27
3623.98
3088.8
2540.69
1988.14
1441.05
918.33
381.866
-111.397
-571.823
-1002.09
-1407.77
-1796.93
-2178.68
-2560.9
-2947.68
-3337.37
-3721.91
-4087.63
-4416.91
-4690.2
-4888.99
-4996.19
-4994.9
-4888.78
-4677.62
-4368.78
-3974.27
-3508.9
-2988.86
-2429.98
-1846.74
-1252.62
-661.36
-86.6452
464.194
972.142
1424.89
1810.83
2117.81
2382.1
2521.2
2572.44
2541.41
2435.01
2265.29
2047.69
1799.93
1541.23
1291.12
1067.96
888.014
764.44
705.277
714.408
782.957
900.971
1053.54
1223.26
1390.99
1537.57
1645.7
1701.6
1696.45
1627.26
1498.07
1316.81
1096.26
852.406
602.265
360.492
142.059
-51.0441
-220.309
-361.93
-486.039
-603.051
-723.159
-854.676
-1002.9
-1169.78
-1354.09
-1552
-1757.91
-1965.27
-2167.39
-2357.98
-2531.15
-2681.13
-2801.92
-2886.85
-2928.11
-2917.96
-2845.47
-2705.63
-2493.09
-2206.31
-1848.15
-1425.9
-950.094
-439.22
84.1901
634.447
1165.41
1678.76
2148.55
2592.37
2968.71
3295.15
3550.7
3736.6
3842.95
3864.62
3799.3
3646.98
3409.66
3093.83
2710.04
2270.56
1788.78
1292.51
808.06
350.135
-98.9702
-484.548
-809.609
-1067.89
-1256.26
-1375.77
-1430.4
-1427.85
-1376.65
-1287.12
-1168.93
-1032.72
-891.625
-754.073
-625.871
-511.509
-413.484
-332.34
-267.67
-217.761
-179.915
-151.829
-131.088
-115.61
-103.723
-94.1876
-86.204
-79.2431
-72.9546
-67.1241
-61.6379
-56.4436
-51.522
-46.8704
-42.4925
-38.3932
-34.5757
-31.0401
-27.7824
-24.7955
-22.0694
-19.5919
-17.3495
-15.3273
-13.5102
-11.8829
-10.4299
-9.1366
-7.98859
-6.97229
-6.07484
-5.28429
-4.58949
-3.98015
-3.44684
-2.98095
-2.57471
-2.22107
-1.91372
-1.64702
-1.41594
-1.216
-1.04325
-0.894183
-0.765732
-0.65519
-0.560188
-0.478657
-0.408792
-0.349061
-0.298026
-8358.86
-7212.35
-6068.72
-4696.55
-3110.17
-1912.6
-831.786
169.538
1105.95
1985.07
2809.21
3575.37
4275.08
4895.45
5421.53
5836.08
6122.55
6281.87
6330.79
6266.82
6096.47
5833.62
5493.5
5090.71
4638.8
4149.34
3631.38
3092.96
2541.92
1986.61
1436.79
911.192
372.388
-122.043
-582.517
-1011.77
-1415.52
-1802.14
-2181.3
-2561.56
-2947.67
-3338.43
-3725.91
-4096.21
-4431.18
-4710.57
-4915
-5026.73
-5028.52
-4923.45
-4711.3
-4399.79
-4001.39
-3531.42
-3006.53
-2442.84
-1854.96
-1256.32
-660.562
-81.3549
474.135
986.641
1443.68
1833.37
2143.19
2409.8
2550
2600.65
2567.57
2457.73
2283.38
2060.22
1806.29
1541.21
1284.93
1056.21
871.676
744.892
684.121
693.546
764.256
886.26
1044.19
1220.12
1394.36
1547.1
1660.44
1720.04
1716.7
1647.29
1515.98
1330.96
1105.52
856.32
601.096
355.156
134.42
-60.8222
-228.935
-368.403
-489.531
-603.308
-720.494
-849.853
-996.934
-1163.75
-1348.96
-1548.49
-1756.43
-1965.95
-2170.17
-2362.72
-2537.76
-2689.65
-2812.53
-2899.79
-2943.54
-2936.33
-2866.08
-2728.11
-2516.39
-2229.16
-1869.18
-1443.9
-964.139
-448.626
79.8621
634.661
1169.79
1686.79
2159.76
2606.27
2985.12
3313.74
3571.46
3759.26
3867.31
3890.11
3824.72
3671.61
3432.35
3113.31
2725.18
2280.53
1793.16
1290.87
800.869
337.78
-114.417
-503.141
-829.907
-1088.8
-1276.75
-1394.92
-1447.48
-1442.34
-1388.14
-1295.42
-1174.07
-1034.88
-891.149
-751.516
-621.827
-506.578
-408.228
-327.23
-263.025
-213.8
-176.717
-149.379
-129.297
-114.357
-102.876
-93.6301
-85.844
-79.0099
-72.7962
-67.0063
-61.5399
-56.3534
-51.4334
-46.7808
-42.4013
-38.3009
-34.4834
-30.9488
-27.6933
-24.7095
-21.9873
-19.5142
-17.2765
-15.2593
-13.4473
-11.825
-10.377
-9.08843
-7.94497
-6.93296
-6.03952
-5.2527
-4.56133
-3.95512
-3.42467
-2.96138
-2.55747
-2.20593
-1.90047
-1.63546
-1.40587
-1.20726
-1.03568
-0.887661
-0.760127
-0.65039
-0.556094
-0.47518
-0.405849
-0.346567
-0.295899
-8379.07
-7221.69
-6066.29
-4669.34
-3094.02
-1891.78
-808.087
194.419
1130.9
2009.64
2833.68
3600.81
4302.97
4927.06
5457.45
5877.69
6169.59
6331.75
6381.05
6315.3
6141.1
5872.82
5526.39
5117.1
4659.02
4163.99
3641.14
3098.39
2543.48
1984.59
1431.3
901.384
359.602
-136.379
-596.933
-1024.85
-1426
-1809.17
-2184.77
-2562.3
-2947.42
-3339.55
-3730.93
-4107.37
-4450.05
-4737.72
-4949.82
-5067.65
-5073.72
-4970.06
-4756.58
-4441.44
-4037.75
-3561.57
-3030.14
-2460
-1865.91
-1261.25
-659.513
-74.292
487.383
1005.98
1468.76
1863.51
2177.18
2446.81
2588.62
2638.49
2602.7
2488.26
2307.68
2077.05
1814.84
1541.19
1276.6
1040.39
849.674
718.566
655.621
665.388
738.962
866.349
1031.5
1215.82
1398.85
1559.91
1680.28
1744.9
1744.05
1674.32
1540.16
1350.06
1117.99
861.537
599.409
347.799
123.778
-74.0173
-240.661
-377.209
-494.271
-603.638
-716.841
-843.266
-988.797
-1155.53
-1341.98
-1543.71
-1754.42
-1966.87
-2173.91
-2369.07
-2546.57
-2700.99
-2826.65
-2917.06
-2964.18
-2960.39
-2893.63
-2758.25
-2547.68
-2259.86
-1897.43
-1468.08
-982.976
-461.244
74.0986
634.994
1175.7
1697.57
2174.79
2624.83
3007.03
3338.53
3599.15
3789.5
3899.84
3924.17
3858.73
3704.6
3462.73
3139.41
2745.43
2293.83
1798.96
1288.6
791.139
321.147
-135.271
-528.15
-857.177
-1116.85
-1304.23
-1420.56
-1470.34
-1461.72
-1403.49
-1306.48
-1180.9
-1037.7
-890.428
-748.012
-616.339
-499.912
-401.145
-320.364
-256.799
-208.504
-172.457
-146.126
-126.929
-112.706
-101.765
-92.9014
-85.3758
-78.7077
-72.5909
-66.8529
-61.4112
-56.2341
-51.3156
-46.6612
-42.2793
-38.1774
-34.3599
-30.8268
-27.5742
-24.5946
-21.8775
-19.4103
-17.179
-15.1685
-13.3632
-11.7476
-10.3062
-9.024
-7.88659
-6.88028
-5.99217
-5.21029
-4.52347
-3.92143
-3.39477
-2.93491
-2.53409
-2.18533
-1.88235
-1.61955
-1.39193
-1.19505
-1.02501
-0.87834
-0.751992
-0.643292
-0.5499
-0.46977
-0.401113
-0.342398
-0.292211
-8404.69
-7233.67
-6063.53
-4635.44
-3073.04
-1865.12
-777.881
226.037
1162.47
2040.53
2864.2
3632.33
4337.48
4966.31
5502.29
5929.56
6228.48
6394.43
6444.28
6376.37
6197.35
5922.18
5567.74
5150.16
4684.22
4182.14
3653.13
3105
2545.32
1982.08
1424.73
888.686
343.389
-154.524
-615.205
-1041.46
-1439.33
-1818.11
-2189.08
-2563.01
-2946.72
-3340.45
-3736.69
-4120.89
-4473.38
-4771.63
-4993.57
-5119.12
-5130.84
-5028.97
-4813.79
-4493.99
-4083.56
-3599.45
-3059.73
-2481.46
-1879.58
-1267.4
-658.23
-65.4424
503.933
1030.17
1500.17
1901.33
2219.91
2493.19
2637.28
2686.17
2646.98
2526.76
2338.36
2098.31
1825.64
1541.16
1266.06
1020.37
821.822
685.242
619.531
629.632
706.744
840.976
1015.3
1210.25
1404.43
1576.06
1705.38
1776.4
1778.75
1708.64
1570.88
1374.3
1133.78
868.057
597.094
338.216
109.78
-90.8135
-255.699
-388.506
-500.335
-604.029
-712.113
-834.775
-978.329
-1144.98
-1333.03
-1537.6
-1751.85
-1968.02
-2178.62
-2377.03
-2557.6
-2715.13
-2844.25
-2938.61
-2989.99
-2988.87
-2928.22
-2796.19
-2587.12
-2298.6
-1933.1
-1498.59
-1006.7
-477.127
66.8922
635.49
1183.2
1711.17
2193.67
2648.1
3034.45
3369.54
3633.79
3827.36
3940.62
3966.99
3901.42
3746.11
3501.01
3172.3
2770.96
2310.57
1806.2
1285.72
778.794
300.119
-161.724
-559.75
-891.591
-1152.22
-1338.82
-1452.81
-1499.06
-1486.05
-1422.73
-1320.29
-1189.36
-1041.13
-889.391
-743.477
-609.32
-491.437
-392.169
-311.695
-248.965
-201.864
-167.138
-142.084
-124.003
-110.679
-100.409
-92.0177
-84.8117
-78.3446
-72.3436
-66.667
-61.2538
-56.0867
-51.169
-46.5119
-42.1268
-38.0228
-34.2051
-30.674
-27.4251
-24.4508
-21.7402
-19.2804
-17.0571
-15.0549
-13.2582
-11.651
-10.2179
-8.9436
-7.81377
-6.81461
-5.93318
-5.15748
-4.47636
-3.87954
-3.35762
-2.90205
-2.50511
-2.15983
-1.85997
-1.59994
-1.37479
-1.18011
-1.012
-0.867037
-0.742192
-0.634812
-0.542574
-0.463449
-0.395665
-0.337694
-0.288138
-8435.95
-7248.45
-6060.61
-4594.92
-3046.75
-1832.23
-740.769
264.751
1200.94
2077.88
2900.72
3669.73
4378.34
5012.98
5556
5991.6
6299.28
6470.15
6520.73
6450.38
6265.56
5981.98
5617.69
5189.92
4714.33
4203.67
3667.2
3112.63
2547.33
1979.08
1417.23
872.852
323.611
-176.621
-637.503
-1061.8
-1455.69
-1829.04
-2194.24
-2563.55
-2945.33
-3340.8
-3742.83
-4136.47
-4500.98
-4812.29
-5046.4
-5181.36
-5200.34
-5100.63
-4883.33
-4557.79
-4139.05
-3645.22
-3095.36
-2507.21
-1895.93
-1274.76
-656.751
-54.7701
523.775
1059.2
1537.94
1946.93
2271.56
2548.93
2696.24
2743.94
2700.68
2573.5
2375.63
2124.15
1838.78
1541.11
1253.23
995.985
787.887
644.671
575.543
585.893
667.232
809.809
995.341
1203.28
1411.09
1595.67
1735.96
1814.86
1821.18
1750.6
1608.45
1403.93
1153.03
875.883
594.01
326.154
92.0065
-111.468
-274.335
-402.499
-507.821
-604.464
-706.195
-824.202
-965.321
-1131.89
-1321.96
-1530.07
-1748.69
-1969.43
-2184.33
-2386.65
-2570.83
-2732.05
-2865.27
-2964.39
-3021.13
-3025.95
-2970.17
-2842.13
-2634.95
-2345.65
-1976.43
-1535.63
-1035.46
-496.28
58.2563
636.14
1192.39
1727.67
2216.49
2676.12
3067.41
3406.76
3675.37
3872.85
3989.66
4018.66
3952.9
3796.3
3547.35
3212.14
2801.87
2330.78
1814.87
1282.14
763.687
274.498
-194.039
-598.175
-933.368
-1195.1
-1380.72
-1491.76
-1533.75
-1515.39
-1445.88
-1336.85
-1199.43
-1045.08
-887.945
-737.807
-600.668
-481.053
-381.217
-301.153
-239.489
-193.868
-160.766
-137.27
-120.541
-108.296
-98.8264
-90.9958
-84.1651
-77.9296
-72.0604
-66.4522
-61.0696
-55.9122
-50.9942
-46.3328
-41.9434
-37.8368
-34.019
-30.4901
-27.2458
-24.2779
-21.5752
-19.1244
-16.9107
-14.9187
-13.1321
-11.5351
-10.1119
-8.8472
-7.72647
-6.73588
-5.86246
-5.09419
-4.4199
-3.82933
-3.31309
-2.86267
-2.47036
-2.12924
-1.8331
-1.57639
-1.35418
-1.16211
-0.996311
-0.853377
-0.730314
-0.624496
-0.533621
-0.455682
-0.388923
-0.331826
-0.28302
-8473.11
-7266.27
-6057.76
-4547.82
-3014.63
-1792.63
-696.267
311.009
1246.66
2121.84
2943.16
3712.76
4425.22
5066.8
5618.48
6063.74
6382.06
6559.26
6610.7
6537.75
6346.14
6052.54
5676.44
5236.44
4749.29
4228.4
3683.16
3121.1
2549.37
1975.56
1408.97
853.624
300.113
-202.833
-664.028
-1086.08
-1475.28
-1842.12
-2200.24
-2563.77
-2942.91
-3340.17
-3748.9
-4153.7
-4532.61
-4859.66
-5108.5
-5254.58
-5282.89
-5185.58
-4965.74
-4633.26
-4204.51
-3699.02
-3137.08
-2537.24
-1914.94
-1283.29
-655.127
-42.2234
546.896
1093.06
1582.1
2000.4
2332.42
2613.97
2765.85
2812.1
2764.11
2628.75
2419.72
2154.75
1854.34
1541.05
1237.99
967.042
747.567
596.502
523.302
533.686
619.893
772.412
971.335
1194.73
1418.8
1618.84
1772.27
1860.61
1871.73
1800.67
1653.29
1439.28
1175.91
885.021
589.982
311.269
70.0181
-136.325
-296.936
-419.459
-516.851
-604.925
-698.945
-811.323
-949.516
-1116.03
-1308.57
-1520.98
-1744.89
-1971.1
-2191.1
-2397.96
-2586.3
-2751.71
-2889.67
-2994.35
-3057.54
-3069.25
-3019.56
-2896.27
-2691.47
-2401.33
-2027.72
-1579.45
-1069.43
-518.785
48.1885
637.016
1203.37
1747.19
2243.34
2708.92
3105.94
3450.21
3723.92
3926.02
4047.07
4079.42
4013.29
3855.42
3602.01
3259.16
2838.34
2354.56
1824.94
1277.81
745.672
244.058
-232.517
-643.705
-982.776
-1245.74
-1430.11
-1537.6
-1574.51
-1549.84
-1472.99
-1356.15
-1211.04
-1049.49
-885.978
-730.871
-590.248
-468.64
-368.192
-288.669
-228.329
-184.499
-153.349
-131.706
-116.573
-105.59
-97.045
-89.8584
-83.4523
-77.4738
-71.7484
-66.2128
-60.861
-55.7118
-50.7914
-46.1241
-41.729
-37.6192
-33.8011
-30.275
-27.0361
-24.0758
-21.3823
-18.9421
-16.7398
-14.7596
-12.9851
-11.4
-9.98838
-8.73487
-7.62478
-6.64421
-5.78015
-5.02054
-4.35422
-3.77093
-3.26131
-2.81689
-2.42999
-2.09371
-1.80191
-1.54906
-1.33029
-1.14126
-0.978145
-0.837579
-0.716599
-0.612605
-0.523326
-0.446777
-0.381224
-0.325164
-0.277248
-8516.45
-7287.38
-6055.2
-4494.22
-2976.12
-1745.8
-643.792
365.357
1300.04
2172.64
2991.44
3761.07
4477.69
5127.39
5689.55
6145.92
6476.91
6662.22
6714.5
6639.01
6439.64
6134.29
5744.24
5289.77
4788.99
4256.14
3700.76
3130.19
2551.29
1971.46
1400.13
830.747
272.735
-233.341
-695.016
-1114.58
-1498.38
-1857.52
-2207.09
-2563.45
-2939.08
-3338.06
-3754.34
-4172.1
-4567.95
-4913.69
-5180.14
-5340.17
-5378.31
-5284.48
-5061.64
-4720.91
-4280.29
-3761.05
-3184.94
-2571.53
-1936.54
-1292.96
-653.391
-27.7636
573.269
1131.75
1632.67
2061.87
2402.87
2688.01
2846.5
2891.01
2837.62
2692.87
2470.95
2190.33
1872.45
1540.98
1220.23
933.3
700.527
540.315
462.384
472.577
564.027
728.27
942.935
1184.4
1427.52
1645.7
1814.59
1914.09
1930.88
1859.35
1705.9
1480.73
1202.63
895.484
584.8
293.019
43.4911
-165.926
-323.973
-439.641
-527.571
-605.388
-690.186
-795.867
-930.601
-1097.1
-1292.64
-1510.21
-1740.42
-1973.07
-2198.99
-2411.02
-2604
-2774.09
-2917.36
-3028.4
-3099.09
-3118.6
-3076.5
-2958.86
-2757.01
-2466.02
-2087.33
-1630.36
-1108.79
-544.72
36.695
638.203
1216.28
1769.85
2274.32
2746.58
3150.07
3499.87
3779.43
3986.89
4112.88
4149.46
4082.72
3923.71
3665.24
3313.57
2880.53
2381.97
1836.38
1272.62
724.557
208.489
-277.54
-696.679
-1040.13
-1304.41
-1487.23
-1590.47
-1621.5
-1589.48
-1504.09
-1378.16
-1224.13
-1054.24
-883.352
-722.518
-577.908
-454.06
-352.976
-274.167
-215.439
-173.746
-144.899
-125.421
-112.133
-102.595
-95.0947
-88.6314
-82.6915
-76.9896
-71.4156
-65.9537
-60.6307
-55.4868
-50.5611
-45.8856
-41.4834
-37.3697
-33.5512
-30.0283
-26.7957
-23.8442
-21.1616
-18.7335
-16.5444
-14.5778
-12.8171
-11.2456
-9.84735
-8.60666
-7.50875
-6.53965
-5.68628
-4.93657
-4.27935
-3.70438
-3.20233
-2.76474
-2.384
-2.05326
-1.76639
-1.51794
-1.30308
-1.11751
-0.957456
-0.819583
-0.700967
-0.599045
-0.511576
-0.436602
-0.372416
-0.317532
-0.27063
-8566.29
-7312.06
-6053.23
-4434.17
-2930.63
-1691.17
-582.657
428.449
1361.62
2230.5
3045.47
3814.29
4535.22
5194.28
5768.98
6238.27
6583.9
6779.83
6832.37
6754.83
6546.69
6227.73
5821.41
5350
4833.3
4286.63
3719.69
3139.6
2552.86
1966.69
1390.85
803.969
241.316
-268.335
-730.739
-1147.63
-1525.28
-1875.47
-2214.82
-2562.39
-2933.4
-3333.84
-3758.5
-4191.07
-4606.62
-4974.31
-5261.74
-5438.94
-5487.11
-5398.15
-5171.81
-4821.36
-4366.82
-3831.53
-3238.98
-2610.02
-1960.65
-1303.7
-651.688
-11.2327
602.851
1175.22
1689.65
2131.44
2483.54
2771.18
2938.65
2981.06
2921.64
2766.26
2529.67
2231.16
1893.24
1540.88
1199.79
894.483
646.369
475.732
392.518
400.934
498.599
676.727
909.733
1172.04
1437.19
1676.41
1863.25
1975.79
1999.26
1927.27
1766.86
1528.73
1233.45
907.297
578.245
270.676
12.2076
-200.942
-355.947
-463.499
-540.181
-605.808
-679.706
-777.507
-908.199
-1074.74
-1273.9
-1497.59
-1735.23
-1975.37
-2208.07
-2425.89
-2623.96
-2799.13
-2948.25
-3066.42
-3145.64
-3174.03
-3141.19
-3030.2
-2831.97
-2540.2
-2155.68
-1688.7
-1153.79
-574.158
23.7674
639.797
1231.28
1795.82
2309.57
2789.15
3199.83
3555.73
3841.89
4055.5
4187.16
4229.2
4161.33
4001.54
3737.43
3375.75
2928.71
2413.18
1849.2
1266.49
700.201
167.448
-329.532
-757.477
-1105.78
-1371.45
-1552.35
-1650.61
-1674.9
-1634.45
-1539.26
-1402.91
-1238.64
-1059.22
-879.919
-712.569
-563.465
-437.143
-335.431
-257.543
-200.764
-161.592
-135.429
-118.447
-107.265
-99.352
-93.013
-87.3447
-81.9034
-76.4912
-71.0708
-65.6798
-60.3813
-55.2383
-50.3036
-45.6171
-41.2062
-37.0877
-33.2689
-29.7497
-26.5244
-23.583
-20.9127
-18.4986
-16.3243
-14.3732
-12.6281
-11.0721
-9.68888
-8.46265
-7.37847
-6.42229
-5.58096
-4.84239
-4.19541
-3.62978
-3.13623
-2.70632
-2.3325
-2.00796
-1.72663
-1.48312
-1.27264
-1.09096
-0.934327
-0.799471
-0.683506
-0.583907
-0.498467
-0.425262
-0.362611
-0.309054
-0.263296
-8622.96
-7340.61
-6052.22
-4367.74
-2877.53
-1628.14
-512.058
501.062
1431.99
2295.72
3105.09
3871.91
4597.16
5266.84
5856.44
6341.11
6703.09
6910.82
6966.74
6886.06
6668.1
6333.49
5908.32
5417.21
4882.03
4319.53
3739.56
3148.96
2553.8
1961.16
1381.26
773.035
205.717
-308.007
-771.501
-1185.61
-1556.39
-1896.23
-2223.49
-2560.35
-2925.38
-3326.81
-3760.56
-4209.9
-4648.12
-5041.38
-5353.53
-5551
-5611.13
-5527.67
-5297.16
-4935.34
-4464.57
-3910.69
-3299.26
-2652.63
-1987.14
-1315.41
-650.287
7.63637
635.628
1223.42
1753.01
2209.14
2575.58
2851.71
3042.74
3082.67
3016.66
2849.4
2596.29
2277.53
1916.89
1540.77
1176.51
850.272
584.606
402.727
311.767
320.38
423.491
616.982
871.264
1157.35
1447.76
1711.11
1918.64
2046.26
2077.58
2005.18
1836.86
1583.83
1268.69
920.485
570.154
245.526
-26.3118
-242.21
-393.551
-491.539
-554.873
-606.147
-667.244
-755.854
-881.863
-1048.53
-1252.03
-1482.95
-1729.27
-1978.08
-2218.47
-2442.68
-2646.21
-2826.79
-2982.22
-3108.28
-3197.1
-3236.07
-3213.37
-3110.61
-2916.82
-2624.39
-2233.27
-1754.88
-1204.71
-607.168
9.42022
641.923
1248.58
1825.28
2349.25
2836.71
3255.24
3617.8
3911.28
4131.88
4269.95
4318.06
4250.17
4089.21
3818.88
3445.93
2983.03
2448.21
1863.28
1259.19
672.392
120.349
-388.988
-826.572
-1180.18
-1447.23
-1625.52
-1718.49
-1734.92
-1684.85
-1578.53
-1430.34
-1254.45
-1064.26
-875.479
-700.806
-546.707
-417.705
-315.406
-238.686
-184.246
-148.027
-124.967
-110.831
-102.023
-95.9104
-90.8434
-86.0305
-81.1111
-75.9938
-70.7235
-65.3967
-60.1156
-54.9674
-50.0191
-45.3185
-40.897
-36.7728
-32.9536
-29.4388
-26.2218
-23.2919
-20.6356
-18.2371
-16.0796
-14.1458
-12.4181
-10.8795
-9.51303
-8.30292
-7.23403
-6.29222
-5.46428
-4.73809
-4.10247
-3.54722
-3.06309
-2.6417
-2.27554
-1.95787
-1.68268
-1.44464
-1.23901
-1.06162
-0.908779
-0.777259
-0.664223
-0.567189
-0.483991
-0.412738
-0.351783
-0.299692
-0.255201
-8686.81
-7373.35
-6052.76
-4294.93
-2816.22
-1556.07
-431.056
584.115
1511.89
2368.62
3170.12
3933.33
4662.7
5344.35
5951.4
6454.78
6834.53
7055.37
7118.69
7034.03
6804.85
6452.35
6005.45
5491.51
4934.96
4354.43
3759.89
3157.85
2553.78
1954.68
1371.53
737.61
165.842
-352.536
-817.641
-1228.97
-1592.15
-1920.17
-2233.18
-2557.07
-2914.16
-3316.14
-3759.59
-4227.68
-4691.83
-5114.69
-5455.77
-5677.44
-5751.69
-5674.35
-5438.79
-5063.68
-4574.1
-3998.82
-3365.77
-2699.27
-2015.83
-1327.87
-649.478
29.1598
671.518
1276.17
1822.67
2294.95
2675.96
2955.78
3158.83
3196.36
3123.21
2942.82
2671.29
2329.82
1943.59
1540.66
1150.19
800.304
514.657
319.058
219.912
229.31
340.033
547.602
826.989
1139.98
1459.12
1749.96
1981.14
2126.14
2166.6
2093.91
1916.69
1646.65
1308.7
935.085
560.212
215.511
-71.4201
-290.614
-437.584
-524.22
-571.891
-606.375
-652.494
-730.454
-851.068
-1018
-1226.65
-1466.06
-1722.51
-1981.28
-2230.32
-2461.5
-2670.79
-2857
-3019.12
-3153.82
-3253.37
-3304.94
-3293.04
-3200.47
-3012.08
-2719.26
-2320.67
-1829.39
-1261.92
-643.887
-6.32307
644.714
1268.41
1858.46
2393.52
2889.32
3316.34
3686.02
3987.57
4216.04
4361.29
4415.89
4349.8
4187.3
3910.2
3524.71
3043.98
2487.39
1878.74
1250.66
641.146
66.6914
-456.313
-904.453
-1263.77
-1532.2
-1706.99
-1794.37
-1801.8
-1740.87
-1622
-1460.48
-1271.51
-1069.25
-869.859
-687.016
-527.405
-395.527
-292.719
-217.468
-165.809
-133.043
-113.535
-102.618
-96.4593
-92.3225
-88.6366
-84.7249
-80.34
-75.5139
-70.3835
-65.1097
-59.8361
-54.675
-49.7077
-44.9894
-40.5552
-36.4246
-32.605
-29.0951
-25.8875
-22.9707
-20.3299
-17.9489
-15.8101
-13.8956
-12.1873
-10.6677
-9.31987
-8.12755
-7.07554
-6.14956
-5.33636
-4.62378
-4.00065
-3.45681
-2.98302
-2.57098
-2.21323
-1.90309
-1.63464
-1.40258
-1.20226
-1.02957
-0.880877
-0.753007
-0.643176
-0.548948
-0.468201
-0.399084
-0.339985
-0.289501
-0.2464
-8758.2
-7410.56
-6055.95
-4215.42
-2746.17
-1474.27
-338.612
678.68
1602.15
2449.54
3240.3
3997.79
4730.85
5425.87
6053.16
6579.08
6978.69
7215.99
7287.53
7199.75
6958.06
6585.24
6113.37
5573.04
4991.8
4390.82
3780.09
3165.73
2552.4
1947.09
1362.1
697.076
121.698
-402.069
-869.536
-1278.24
-1633.1
-1947.67
-2243.99
-2552.13
-2899.31
-3300.86
-3754.46
-4243.35
-4736.96
-5193.94
-5568.77
-5819.26
-5910.41
-5839.7
-5597.98
-5207.38
-4696.04
-4096.21
-3438.49
-2749.76
-2046.52
-1340.64
-645.649
49.8366
710.127
1333.36
1898.54
2388.86
2785.66
3072.56
3287.11
3322.66
3241.9
3047.13
2755.21
2388.42
1973.54
1540.53
1120.59
744.17
435.963
223.197
116.068
126.87
246.787
468.983
776.326
1119.55
1471.19
1793.17
2051.25
2216.15
2267.25
2194.4
2007.26
1717.92
1353.87
951.11
548.012
179.346
-123.495
-347.152
-488.913
-562.151
-591.487
-606.369
-635.086
-700.758
-815.196
-982.555
-1197.35
-1446.73
-1714.93
-1985.11
-2243.82
-2482.52
-2697.76
-2889.69
-3058.79
-3202.83
-3314.32
-3380.08
-3380.84
-3300.38
-3118.42
-2825.56
-2418.55
-1912.76
-1325.75
-684.439
-23.4182
648.478
1291.08
1895.64
2442.61
2947.1
3383.15
3760.37
4070.71
4308
4461.36
4523.49
4460
4296
4011.67
3612.21
3111.51
2530.47
1895.16
1240.28
606.195
5.38618
-532.312
-991.841
-1357.18
-1626.91
-1797.33
-1878.37
-1875.79
-1802.63
-1669.7
-1493.25
-1289.64
-1073.92
-862.76
-670.875
-505.254
-370.351
-267.172
-193.756
-145.384
-116.634
-101.18
-93.8804
-90.6601
-88.6625
-86.451
-83.4672
-79.6173
-75.0688
-70.0609
-64.8242
-59.5454
-54.362
-49.3691
-44.629
-40.18
-36.0422
-32.2223
-28.7181
-25.5213
-22.6189
-19.9956
-17.634
-15.5158
-13.6225
-11.9356
-10.437
-9.10949
-7.93666
-6.9031
-5.99442
-5.19731
-4.49958
-3.89007
-3.35865
-2.89612
-2.49426
-2.14565
-1.8437
-1.58255
-1.357
-1.16245
-0.994859
-0.850665
-0.726754
-0.620396
-0.52921
-0.451119
-0.384316
-0.327227
-0.278486
-0.236893
-8838.02
-7452.91
-6065.01
-4128
-2668.05
-1381.54
-233.813
785.848
1703.61
2538.73
3315.28
4064.41
4800.39
5510.19
6160.76
6713.51
7136.33
7392.93
7474.69
7384.48
7129.04
6733.18
6232.64
5661.77
5051.95
4427.87
3799.25
3171.8
2549.02
1937.96
1354.87
649.164
73.4523
-456.759
-927.653
-1334.07
-1679.88
-1979.25
-2256.14
-2545.48
-2880.3
-3279.41
-3743.87
-4255.61
-4782.52
-5278.69
-5692.71
-5977.59
-6089.55
-6025.54
-5776.27
-5367.7
-4831.28
-4203.35
-3517.53
-2804.06
-2079.1
-1353.62
-640.582
71.2575
751.171
1394.7
1980.4
2490.82
2905.19
3202.39
3428.15
3462.22
3373.51
3163.11
2848.77
2453.91
2007.13
1540.54
1087.56
681.517
346.412
115.273
-0.828818
11.9732
142.315
380.968
718.257
1095.38
1483.62
1840.7
2129.26
2316.94
2380.51
2307.8
2109.73
1798.67
1404.96
968.891
533.396
136.716
-183.944
-413.032
-548.65
-606.145
-614.072
-606.104
-614.675
-666.195
-773.529
-941.396
-1163.55
-1424.54
-1706.39
-1989.62
-2259.13
-2505.9
-2727.19
-2924.78
-3100.97
-3255
-3379.62
-3461.26
-3477.99
-3409.95
-3236.46
-2944.14
-2527.66
-2005.65
-1396.76
-729.015
-41.9104
653.33
1316.87
1937.08
2496.74
3010.08
3455.67
3840.77
4160.61
4407.74
4570.24
4640.79
4581.59
4415.8
4124.19
3709.48
3186.67
2578.38
1913.21
1228.35
567.704
-63.6751
-617.272
-1088.89
-1460.86
-1731.01
-1897.52
-1970.81
-1957.19
-1870.36
-1721.78
-1528.7
-1308.8
-1078.18
-854.024
-652.171
-480.022
-341.958
-238.565
-167.397
-122.892
-98.7771
-87.9397
-84.6822
-84.7055
-85.0036
-84.3391
-82.3001
-78.9731
-74.6764
-69.7659
-64.5453
-59.2454
-54.0286
-49.0029
-44.2368
-39.7708
-35.6248
-31.8048
-28.3073
-25.1225
-22.2365
-19.6324
-17.2922
-15.1967
-13.3266
-11.663
-10.1873
-8.88199
-7.73036
-6.71684
-5.82694
-5.04727
-4.36563
-3.77087
-3.25287
-2.80253
-2.41165
-2.07291
-1.7798
-1.52654
-1.308
-1.11966
-0.957561
-0.818212
-0.69856
-0.59594
-0.508026
-0.432791
-0.368477
-0.313551
-0.266684
-0.226715
-8897.8
-7484.65
-6083.18
-4056.22
-2609.92
-1310.79
-154.826
866.864
1779.6
2604.12
3368.42
4110
4847.63
5568.77
6237.53
6811.56
7253.22
7525.76
7614.65
7522.26
7256.01
6842.1
6319.27
5724.74
5092.97
4451.87
3810.38
3173.88
2544.81
1929.87
1340.54
621.726
38.0711
-497.704
-971.704
-1376.68
-1715.67
-2003.3
-2264.87
-2539.23
-2863.71
-3260.75
-3732.71
-4261.79
-4814.35
-5340.92
-5785.33
-6097.13
-6235.54
-6166.57
-5910.61
-5487.72
-4931.71
-4282.15
-3574.77
-2842.99
-2102.18
-1362.37
-636.598
86.558
780.622
1439.15
2040.09
2565.7
2993.44
3299.38
3532.81
3565.98
3471.38
3249.25
2918.06
2502.01
2031.19
1539.34
1061.55
633.669
277.747
33.2652
-89.6492
-75.3196
63.395
315.571
673.79
1076.93
1493.03
1876.76
2188.49
2393.55
2466.63
2393.98
2187.43
1859.51
1442.76
980.956
520.548
102.127
-231.946
-464.95
-595.388
-640.188
-631.15
-605.149
-598.085
-638.77
-740.739
-909.492
-1137.58
-1407.8
-1700.37
-1993.63
-2271.18
-2523.66
-2748.92
-2950.15
-3131.12
-3292.33
-3426.77
-3520.53
-3550.68
-3490.91
-3325.05
-3033.59
-2609.77
-2075.45
-1450.03
-761.871
-55.2291
657.617
1336.79
1968.3
2536.97
3056.34
3508.59
3899.22
4225.97
4480.57
4650.1
4726.73
4672.22
4504.64
4208.05
3781.83
3242.2
2613.16
1925.34
1217.77
535.762
-114.899
-681.882
-1161.93
-1538.97
-1808.32
-1972.49
-2039.38
-2017.54
-1920.39
-1760.02
-1554.44
-1322.29
-1080.5
-846.686
-637.427
-460.524
-320.275
-216.921
-147.656
-106.198
-85.7177
-78.4396
-78.2193
-80.6527
-82.5984
-83.014
-81.6097
-78.6111
-74.4587
-69.5912
-64.3636
-59.0369
-53.7889
-48.7357
-43.949
-39.47
-35.3181
-31.4982
-28.0059
-24.8303
-21.9564
-19.3668
-17.0425
-14.9637
-13.1108
-11.4643
-10.0055
-8.71645
-7.58036
-6.58149
-5.7053
-4.93836
-4.26845
-3.68443
-3.17621
-2.73471
-2.35182
-2.02025
-1.73356
-1.48601
-1.27255
-1.08872
-0.930605
-0.794763
-0.678196
-0.57828
-0.492732
-0.419564
-0.357049
-0.303687
-0.258177
-0.219383
-8929.53
-7501
-6088.66
-4021.62
-2578.22
-1271.89
-111.702
911.083
1820.87
2639.3
3396.64
4133.87
4872.29
5599.62
6278.37
6864.14
7316.36
7597.86
7690.44
7596.84
7324.74
6901.01
6366
5758.53
5114.74
4464.45
3816.06
3174.79
2542.45
1925.49
1332.13
607.765
19.1781
-519.763
-995.597
-1399.87
-1735.18
-2016.39
-2269.52
-2535.51
-2854.21
-3249.95
-3725.88
-4264.43
-4831.02
-5374.29
-5835.39
-6161.94
-6328.74
-6243.21
-5983.49
-5552.63
-4985.79
-4324.36
-3605.17
-2863.51
-2114.2
-1366.69
-634.224
94.8899
796.474
1463.06
2072.19
2606.02
3041.04
3351.84
3589.3
3622.02
3524.26
3295.81
2955.52
2528.01
2044.16
1538.62
1047.4
607.492
240.467
-11.3333
-137.956
-122.967
20.4639
280.378
649.442
1066.92
1498.19
1896.42
2220.75
2435.28
2513.51
2440.91
2229.74
1892.62
1463.27
987.384
513.359
82.9297
-258.457
-493.572
-621.101
-658.843
-640.409
-604.451
-588.831
-623.602
-722.67
-891.931
-1123.33
-1398.66
-1697.14
-1995.89
-2277.8
-2533.31
-2760.62
-2963.68
-3147.13
-3312.18
-3451.94
-3552.32
-3589.9
-3534.67
-3373.08
-3082.18
-2654.31
-2113.27
-1478.87
-779.505
-62.2731
660.127
1347.77
1985.29
2558.75
3081.18
3537
3930.54
4260.99
4519.63
4693.02
4772.79
4721.23
4552.59
4253.43
3821.01
3272.27
2631.99
1931.87
1211.93
518.175
-142.588
-716.951
-1201.46
-1581.4
-1850.04
-2012.98
-2076.37
-2050.11
-1947.35
-1780.59
-1568.22
-1329.43
-1081.59
-842.556
-629.298
-449.846
-308.451
-205.16
-136.938
-97.2041
-78.7166
-73.38
-74.8043
-78.5405
-81.363
-82.3464
-81.2711
-78.438
-74.3553
-69.5052
-64.2703
-58.9268
-53.6609
-48.5923
-43.7942
-39.3082
-35.1531
-31.3334
-27.8439
-24.6733
-21.8061
-19.2243
-16.9085
-14.8388
-12.9951
-11.3579
-9.90807
-8.62776
-7.5
-6.50901
-5.64017
-4.88006
-4.21644
-3.63817
-3.13519
-2.69844
-2.31982
-1.9921
-1.70884
-1.46435
-1.25361
-1.07219
-0.9162
-0.782234
-0.667316
-0.568846
-0.484564
-0.4125
-0.350947
-0.298421
-0.253635
-0.215469
-8961.8
-7517.08
-6088.4
-3991.71
-2545.35
-1231.03
-66.4759
957.405
1863.88
2675.61
3425.35
4157.75
4896.78
5630.5
6319.7
6917.87
7381.54
7672.5
7768.99
7674.25
7396.25
6962.35
6414.65
5793.55
5137.05
4477.2
3821.64
3175.51
2539.97
1921.01
1323.06
594.147
0.0217876
-542.399
-1020.35
-1424.03
-1755.55
-2030.1
-2274.33
-2531.42
-2843.86
-3237.89
-3717.89
-4266.15
-4847.37
-5408.18
-5886.88
-6228.79
-6404.36
-6322.61
-6059.16
-5619.87
-5041.61
-4367.72
-3636.11
-2884.23
-2126.17
-1370.76
-631.549
103.541
812.737
1487.57
2105.1
2647.44
3090.03
3406.02
3647.57
3679.9
3578.99
3344.07
2994.45
2555.11
2057.78
1538.05
1032.9
580.36
201.823
-57.6356
-188.175
-172.67
-24.3017
244.383
623.458
1056.34
1503.42
1916.72
2254.17
2478.61
2562.29
2489.79
2273.89
1927.23
1484.76
994.155
505.904
62.6749
-286.376
-523.728
-648.189
-678.46
-649.981
-603.798
-579.022
-607.615
-703.639
-873.391
-1108.32
-1389.05
-1693.75
-1998.27
-2284.71
-2543.31
-2772.63
-2977.48
-3163.38
-3332.33
-3477.57
-3584.85
-3630.32
-3579.89
-3422.82
-3132.6
-2700.47
-2152.45
-1508.75
-797.636
-69.4259
662.884
1359.29
2002.95
2581.25
3106.8
3566.13
3962.6
4296.82
4559.67
4737.09
4819.84
4771.87
4602.1
4300.42
3861.66
3303.55
2651.63
1938.77
1205.97
499.909
-171.089
-753.173
-1242.37
-1625.04
-1893.36
-2054.81
-2114.52
-2083.7
-1975.11
-1801.73
-1582.33
-1336.66
-1082.55
-838.132
-620.746
-438.683
-296.14
-192.954
-125.812
-87.9392
-71.5437
-68.2315
-71.3576
-76.4417
-80.1478
-81.706
-80.9568
-78.2826
-74.2629
-69.4251
-64.1788
-58.8159
-53.5303
-48.4452
-43.6352
-39.1418
-34.9835
-31.164
-27.6775
-24.5121
-21.6517
-19.078
-16.7711
-14.7107
-12.8766
-11.2488
-9.80828
-8.53695
-7.41775
-6.43483
-5.57354
-4.82043
-4.16325
-3.59087
-3.09325
-2.66136
-2.28712
-1.96332
-1.68357
-1.44222
-1.23426
-1.0553
-0.901489
-0.769441
-0.656207
-0.559215
-0.476225
-0.405289
-0.344719
-0.293047
-0.249001
-0.211477
-8995.19
-7533.45
-6084.38
-3965.48
-2511.84
-1189
-18.5833
1005.68
1908.59
2712.97
3454.48
4181.52
4920.97
5661.28
6361.41
6972.68
7448.74
7749.89
7850.36
7754.49
7470.45
7025.96
6464.94
5829.5
5159.57
4489.78
3826.84
3175.81
2537.15
1916.24
1313.26
580.644
-19.5115
-565.72
-1046.06
-1449.25
-1776.86
-2044.45
-2279.34
-2526.97
-2832.66
-3224.69
-3708.72
-4266.97
-4863.42
-5442.65
-5939.85
-6297.8
-6480.38
-6404.9
-6137.75
-5689.57
-5099.3
-4412.37
-3667.72
-2905.3
-2138.27
-1374.71
-628.738
112.353
829.264
1512.57
2138.72
2689.9
3140.4
3461.93
3707.65
3739.66
3635.59
3394.01
3034.78
2583.2
2071.9
1537.45
1017.93
552.113
161.69
-105.721
-240.368
-224.451
-71.0216
206.831
596.473
1045.16
1508.68
1937.66
2288.79
2523.6
2613.01
2540.69
2319.89
1963.31
1507.1
1001.11
498.026
41.188
-315.839
-555.514
-676.714
-699.067
-659.835
-603.294
-568.595
-590.76
-683.599
-853.911
-1092.59
-1379.03
-1690.29
-2000.85
-2291.97
-2553.7
-2785
-2991.54
-3179.86
-3352.76
-3503.66
-3618.13
-3671.94
-3626.56
-3474.35
-3184.94
-2748.33
-2193.05
-1539.71
-816.291
-76.7049
665.875
1371.35
2021.27
2604.48
3132.96
3595.96
3995.39
4333.45
4600.68
4782.33
4867.85
4824.2
4653.15
4348.97
3903.65
3335.81
2671.8
1945.69
1199.54
480.691
-200.7
-790.769
-1284.94
-1669.76
-1938.37
-2097.97
-2153.83
-2118.32
-2003.68
-1823.44
-1596.76
-1343.96
-1083.38
-833.397
-611.752
-427.018
-283.331
-180.242
-114.323
-78.4002
-64.1994
-63
-67.8861
-74.3575
-78.9129
-81.0971
-80.6691
-78.1464
-74.1825
-69.351
-64.0892
-58.7041
-53.397
-48.2943
-43.4718
-38.9708
-34.8092
-30.99
-27.5067
-24.3467
-21.4935
-18.928
-16.6303
-14.5795
-12.7551
-11.1371
-9.70615
-8.44403
-7.33361
-6.35896
-5.50541
-4.75947
-4.10888
-3.54254
-3.05041
-2.62348
-2.25372
-1.93393
-1.65778
-1.41962
-1.21451
-1.03807
-0.886476
-0.756386
-0.644873
-0.54939
-0.467719
-0.397935
-0.338367
-0.287567
-0.244277
-0.207408
-9029.73
-7550.18
-6077.35
-3942.11
-2477.8
-1145.74
32.3647
1055.77
1954.97
2751.34
3483.97
4205.1
4944.75
5691.86
6403.42
7028.53
7517.95
7830.48
7934.62
7837.63
7547.45
7091.91
6516.95
5866.39
5182.24
4502.17
3831.61
3175.63
2534
1911.17
1302.81
567.215
-39.4567
-589.736
-1072.76
-1475.57
-1799.1
-2059.47
-2284.49
-2522.14
-2820.58
-3210.27
-3698.29
-4266.79
-4879.11
-5477.66
-5994.32
-6369.09
-6560.01
-6490.28
-6219.37
-5761.81
-5158.91
-4458.34
-3699.97
-2926.69
-2150.47
-1378.52
-625.773
121.327
846.048
1538.03
2173.03
2733.38
3192.16
3519.58
3769.57
3801.34
3694.11
3445.68
3076.55
2612.31
2086.53
1536.85
1002.52
522.693
120.015
-155.642
-294.593
-278.347
-119.801
167.695
568.407
1033.34
1513.98
1959.25
2324.63
2570.28
2665.75
2593.67
2367.82
2000.91
1530.35
1008.27
489.706
18.4243
-346.92
-589.009
-706.749
-720.702
-670.429
-602.518
-557.455
-572.993
-662.499
-833.434
-1076.09
-1368.55
-1686.73
-2003.61
-2299.59
-2564.51
-2797.72
-3005.87
-3196.54
-3373.45
-3530.19
-3652.14
-3714.72
-3675.14
-3527.26
-3239.26
-2797.94
-2235.11
-1571.79
-835.469
-84.1026
669.12
1384
2040.28
2628.43
3160.1
3626.51
4028.9
4370.86
4642.66
4828.75
4916.56
4878.26
4705.8
4399.15
3947.08
3369.13
2692.57
1952.73
1192.69
460.565
-231.427
-829.713
-1329.11
-1715.95
-1984.83
-2142.53
-2194.33
-2154
-2033.09
-1845.73
-1611.51
-1351.33
-1084.04
-828.328
-602.288
-414.82
-270
-167.006
-102.453
-68.5824
-56.6842
-57.692
-64.3974
-71.9004
-77.7229
-80.5241
-80.4104
-78.0306
-74.1148
-69.2835
-64.0017
-58.5914
-53.2609
-48.1396
-43.3041
-38.7952
-34.6302
-30.8114
-27.3314
-24.1771
-21.3312
-18.7744
-16.486
-14.4451
-12.6308
-11.0228
-9.60168
-8.34901
-7.24758
-6.28142
-5.43578
-4.69718
-4.05335
-3.49318
-3.00666
-2.58482
-2.21962
-1.90394
-1.63146
-1.39657
-1.19436
-1.02049
-0.871164
-0.743073
-0.633317
-0.539373
-0.459048
-0.390439
-0.331894
-0.281983
-0.239464
-0.203263
-9065.47
-7567.36
-6067.82
-3921
-2443.23
-1100.8
85.2538
1108.79
2002.86
2790.65
3513.79
4228.43
4968.03
5722.14
6445.64
7085.35
7589.12
7915.3
8021.82
7923.81
7627.35
7160.3
6570.72
5904.23
5205.02
4514.3
3835.89
3174.94
2530.53
1905.78
1291.77
553.821
-59.8217
-614.461
-1100.5
-1502.92
-1822.39
-2075.18
-2289.78
-2516.91
-2807.56
-3194.55
-3686.48
-4265.49
-4894.35
-5513.19
-6050.29
-6442.77
-6643.32
-6578.91
-6304.13
-5836.66
-5220.49
-4505.64
-3732.84
-2948.39
-2162.75
-1382.15
-622.645
130.455
863.073
1563.96
2208.02
2777.9
3245.34
3579
3833.35
3864.98
3754.59
3499.13
3119.81
2642.47
2101.69
1536.24
986.677
492.053
76.7446
-207.454
-350.913
-334.404
-170.73
126.922
539.193
1020.85
1519.3
1981.5
2361.72
2618.72
2720.56
2648.82
2417.75
2040.09
1554.54
1015.63
480.701
-5.45824
-379.706
-624.302
-738.364
-743.367
-681.591
-601.738
-545.619
-554.269
-640.286
-811.912
-1058.79
-1357.62
-1683.09
-2006.6
-2307.61
-2575.75
-2810.8
-3020.45
-3213.4
-3394.38
-3557.12
-3686.87
-3758.6
-3725.74
-3581.52
-3295.62
-2849.34
-2278.66
-1605.04
-855.179
-91.6132
672.632
1397.25
2060
2653.2
3187.1
3657.76
4063.11
4409.06
4685.6
4876.4
4965.69
4934.13
4760.06
4450.98
3991.96
3403.55
2713.96
1959.87
1185.43
439.519
-263.352
-870.058
-1374.78
-1763.82
-2032.79
-2188.47
-2236
-2190.75
-2063.31
-1868.6
-1626.57
-1358.75
-1084.54
-822.918
-592.351
-402.09
-256.154
-153.238
-90.1926
-58.4847
-49.0013
-52.3156
-60.9001
-69.7778
-76.5772
-79.9914
-80.1833
-77.9369
-74.0605
-69.2228
-63.9163
-58.4777
-53.1219
-47.9809
-43.1318
-38.6149
-34.4465
-30.6281
-27.1517
-24.0032
-21.1649
-18.617
-16.3383
-14.3076
-12.5036
-10.9059
-9.49486
-8.25188
-7.15968
-6.2022
-5.36468
-4.63358
-3.99666
-3.4428
-2.96202
-2.54536
-2.18484
-1.87336
-1.60462
-1.37306
-1.17381
-1.00256
-0.855558
-0.729506
-0.621541
-0.529167
-0.450215
-0.382804
-0.325301
-0.276296
-0.234563
-0.199043
-9102.38
-7585.07
-6056.13
-3901.65
-2408.08
-1054.15
140.045
1164.6
2053.04
2830.83
3543.88
4251.42
4990.69
5752
6487.97
7143.07
7662.18
8008.64
8111.96
8013.17
7710.29
7231.23
6626.35
5943.07
5227.87
4526.16
3839.64
3173.7
2526.74
1900.04
1280.23
540.457
-80.6068
-639.905
-1129.3
-1531.3
-1846.95
-2091.51
-2295.28
-2511.23
-2793.54
-3177.45
-3673.2
-4262.96
-4909.03
-5549.19
-6107.79
-6518.92
-6730.22
-6670.96
-6392.17
-5914.2
-5284.07
-4554.29
-3766.28
-2970.35
-2175.08
-1385.55
-619.328
139.746
880.335
1590.35
2243.67
2823.44
3299.94
3640.23
3899.04
3930.62
3817.08
3554.39
3164.61
2673.72
2117.42
1535.62
970.405
460.157
31.8267
-261.214
-409.39
-392.681
-223.888
84.4351
508.794
1007.66
1524.64
2004.41
2400.08
2668.95
2777.49
2706.19
2469.75
2080.93
1579.7
1023.22
471.054
-30.5903
-414.286
-661.481
-771.635
-767.03
-693.545
-600.832
-533.259
-534.537
-616.906
-789.293
-1040.66
-1346.21
-1679.37
-2009.82
-2316.05
-2587.44
-2824.26
-3035.29
-3230.43
-3415.53
-3584.44
-3722.31
-3803.45
-3777.96
-3637.58
-3354.11
-2902.61
-2323.74
-1639.49
-875.425
-99.2154
676.433
1411.14
2080.46
2678.66
3216.91
3689.68
4098.03
4448.02
4729.49
4925.28
5014.39
4991.87
4815.97
4504.5
4038.33
3439.08
2735.97
1967.09
1177.7
417.523
-296.51
-911.839
-1421.94
-1813.37
-2082.31
-2235.89
-2278.96
-2228.6
-2094.4
-1892.08
-1641.97
-1366.24
-1084.85
-817.136
-581.896
-388.78
-241.636
-139.017
-77.5264
-48.1005
-41.1486
-46.8731
-57.4129
-67.6939
-75.4811
-79.4926
-79.9901
-77.8664
-74.0202
-69.1691
-63.8331
-58.3631
-52.9801
-47.8183
-42.955
-38.4297
-34.2579
-30.4401
-26.9674
-23.825
-20.9947
-18.4559
-16.1872
-14.1669
-12.3736
-10.7865
-9.38572
-8.15267
-7.06991
-6.12132
-5.29209
-4.56868
-3.93881
-3.3914
-2.91648
-2.50513
-2.14938
-1.84217
-1.57726
-1.34911
-1.15288
-0.984306
-0.839661
-0.715688
-0.609548
-0.518774
-0.441221
-0.37503
-0.318591
-0.270508
-0.229576
-0.19475
-9141.85
-7604.12
-6042.13
-3883.08
-2371.08
-1004.06
199.38
1224.4
2107.35
2873.82
3575.25
4274.78
5013.39
5782.37
6531.79
7203.65
7739.61
8112.14
8208.29
8109.1
7799.44
7307.44
6685.97
5984.34
5251.54
4538.1
3842.91
3171.8
2522.48
1893.7
1267.8
526.656
-102.567
-667.024
-1160
-1562.1
-1873.6
-2109.07
-2301.2
-2504.89
-2777.95
-3158.22
-3657.8
-4258.94
-4923.54
-5586.87
-6168.88
-6600.4
-6823.84
-6769.99
-6486.85
-5997.34
-5352.02
-4606.08
-3801.45
-2993.34
-2187.88
-1388.78
-615.686
149.521
898.43
1618.14
2281.24
2871.63
3357.95
3705.52
3969.02
4000.7
3883.92
3613.53
3212.64
2707.25
2134.29
1535
953.11
425.81
-16.4328
-318.943
-472.228
-455.377
-281.299
38.5706
476.046
993.217
1530.17
2028.83
2441.12
2722.86
2838.7
2767.99
2525.82
2124.99
1606.82
1031.32
460.403
-57.9873
-452.04
-702.022
-807.879
-792.647
-706.45
-599.81
-520.069
-513.015
-591.434
-764.685
-1020.98
-1333.89
-1675.43
-2013.42
-2325.24
-2600.04
-2838.58
-3050.89
-3248.21
-3437.61
-3613.07
-3759.7
-3850.68
-3833.68
-3697.58
-3416.96
-2959.74
-2372.03
-1676.43
-896.945
-107.166
680.686
1426.23
2102.42
2705.91
3244.45
3723.56
4134.9
4489.15
4775.94
4977.25
5063.36
5053.72
4875.56
4561.7
4087.93
3477.05
2759.4
1974.68
1169.23
393.747
-332.205
-956.676
-1472.49
-1866.41
-2135.18
-2286.47
-2324.64
-2268.92
-2127.46
-1916.98
-1658.21
-1374.02
-1084.95
-810.754
-570.54
-374.415
-225.972
-123.79
-63.9933
-37.0564
-32.8537
-41.1804
-53.7787
-65.5633
-74.3953
-79.0229
-79.8279
-77.8192
-73.9938
-69.1212
-63.7493
-58.2433
-52.8301
-47.6456
-42.7671
-38.233
-34.0577
-30.2405
-26.7718
-23.6361
-20.8142
-18.2852
-16.0272
-14.0181
-12.2361
-10.6601
-9.27031
-8.0478
-6.97505
-6.03588
-5.21543
-4.50014
-3.87774
-3.33716
-2.86843
-2.46268
-2.11197
-1.80929
-1.54841
-1.32385
-1.13081
-0.965061
-0.822907
-0.701126
-0.596913
-0.507826
-0.431747
-0.366843
-0.311523
-0.264414
-0.224326
-0.19023
-9184.22
-7624.96
-6025.95
-3865.28
-2332.23
-950.285
263.73
1289.13
2165.33
2919.92
3607.86
4298.33
5035.86
5812.98
6576.93
7267.09
7821.4
8204.41
8311.12
8212.2
7895.4
7389.38
6749.89
6028.16
5275.88
4549.95
3845.5
3169.05
2517.67
1886.65
1254.43
512.42
-125.801
-695.792
-1192.89
-1595.65
-1902.46
-2128.12
-2307.53
-2497.78
-2760.57
-3136.55
-3639.95
-4253.07
-4937.66
-5626.27
-6233.82
-6687.71
-6924.74
-6876.72
-6588.86
-6086.63
-5424.73
-4661.3
-3838.42
-3017.41
-2201.17
-1391.78
-611.711
159.756
917.332
1647.33
2320.77
2922.6
3419.59
3775.19
4043.61
4075.58
3955.46
3676.89
3264.18
2743.25
2152.41
1534.35
934.682
388.784
-68.3565
-381.006
-539.832
-522.91
-343.378
-11.0615
440.708
977.346
1535.85
2054.83
2485.06
2780.77
2904.58
2834.65
2586.36
2172.59
1636.07
1039.99
448.613
-87.9483
-493.372
-746.335
-847.446
-820.496
-720.455
-598.652
-508.784
-489.476
-563.591
-737.855
-999.576
-1320.55
-1671.28
-2017.46
-2335.29
-2613.64
-2853.85
-3067.3
-3266.74
-3460.63
-3643.08
-3799.17
-3900.28
-3893.09
-3761.93
-3484.6
-3021.11
-2423.83
-1716.12
-919.837
-115.471
685.444
1442.63
2126.04
2735
3277.46
3759.27
4173.78
4532.49
4825.01
5032.58
5124.28
5119.24
4940
4622.87
4141.03
3517.66
2784.37
1982.62
1159.88
367.979
-370.671
-1004.77
-1526.6
-1923.19
-2191.7
-2340.55
-2373.41
-2311.95
-2162.66
-1943.44
-1675.39
-1382.12
-1084.84
-803.699
-558.163
-358.853
-209.006
-107.418
-49.5076
-25.2974
-24.0791
-35.2286
-49.9104
-63.4157
-73.3438
-78.6003
-79.7053
-77.8005
-73.9842
-69.0804
-63.6652
-58.1181
-52.6714
-47.4623
-42.5674
-38.0239
-33.8449
-30.0287
-26.5644
-23.4357
-20.623
-18.1045
-15.8578
-13.8605
-12.0905
-10.5265
-9.14832
-7.93698
-6.87484
-5.94564
-5.13449
-4.4278
-3.8133
-3.27992
-2.81775
-2.41791
-2.07253
-1.77462
-1.518
-1.29724
-1.10756
-0.944786
-0.805258
-0.68579
-0.583606
-0.496297
-0.421773
-0.358225
-0.304085
-0.258001
-0.218802
-0.185476
-9228.17
-7647.19
-6008.31
-3848.56
-2292.74
-894.472
331.247
1356.88
2225.55
2967.1
3640.59
4321.11
5057.14
5842.64
6621.75
7331.21
7904.91
8298.74
8417.34
8319.35
7995.29
7474.59
6816.19
6073.16
5299.96
4561.25
3847.23
3165.45
2512.4
1879.05
1240.6
498.258
-149.639
-725.12
-1227.23
-1630.78
-1932.71
-2148.01
-2313.99
-2490.1
-2741.87
-3112.98
-3620.02
-4245.34
-4950.78
-5666.05
-6300.54
-6778.21
-7029.83
-6988.03
-6695.18
-6179.33
-5499.94
-4718.22
-3875.9
-3041.72
-2214.5
-1394.37
-607.506
170.108
936.401
1676.99
2360.95
2974.7
3482.89
3847.06
4120.46
4152.92
4029.51
3742.49
3317.64
2780.61
2171.2
1533.69
915.658
350.209
-122.381
-445.52
-610.151
-593.233
-408.255
-63.0074
403.846
960.485
1541.51
2081.61
2530.54
2840.91
2973.15
2904.17
2649.55
2222.33
1666.57
1048.96
435.99
-119.644
-537.14
-793.17
-889.2
-849.735
-735.157
-597.33
-492.912
-464.522
-534.175
-709.578
-977.081
-1306.6
-1667.05
-2021.86
-2345.93
-2627.85
-2869.59
-3083.97
-3285.37
-3483.77
-3673.39
-3839.31
-3940.98
-3954.33
-3828.63
-3555.03
-3084.85
-2477.52
-1757.35
-943.37
-123.834
690.586
1459.91
2150.59
2765.03
3309.83
3795.83
4213.42
4576.73
4875.2
5089.58
5191.16
5186.22
5007.44
4686.14
4195.97
3559.61
2810.04
1990.63
1149.97
341.055
-410.754
-1054.74
-1582.77
-1982.06
-2250.11
-2396.37
-2423.58
-2356.27
-2198.85
-1970.57
-1692.9
-1390.22
-1084.42
-796.124
-545.117
-342.59
-191.288
-90.4477
-34.5436
-13.2104
-15.1407
-29.2547
-46.0666
-61.3136
-72.3551
-78.2338
-79.6309
-77.8135
-73.993
-69.0485
-63.5837
-57.9915
-52.509
-47.274
-42.3622
-37.8091
-33.6264
-29.8112
-26.3516
-23.2304
-20.4271
-17.9194
-15.6845
-13.6994
-11.9417
-10.39
-9.02368
-7.82378
-6.77251
-5.85353
-5.05189
-4.35399
-3.74757
-3.22156
-2.76607
-2.37228
-2.03233
-1.73929
-1.48702
-1.27012
-1.08388
-0.924141
-0.787291
-0.670178
-0.570063
-0.484566
-0.411625
-0.349457
-0.296519
-0.251478
-0.213184
-0.180642
-9273.63
-7671.05
-5989.34
-3832.65
-2252.52
-836.517
402.143
1427.79
2288.03
3015.13
3673.54
4342.85
5077.06
5871.17
6666.09
7395.88
7990.13
8396.03
8527.13
8430.74
8099.34
7563.24
6885.01
6119.4
5323.7
4571.96
3848.05
3160.95
2506.63
1870.89
1226.37
484.224
-174.006
-755.154
-1262.94
-1667.57
-1964.42
-2168.73
-2320.52
-2481.78
-2721.77
-3087.38
-3597.85
-4235.55
-4962.71
-5706.14
-6369.05
-6872.03
-7139.27
-7104.17
-6806.01
-6275.54
-5577.72
-4776.88
-3913.81
-3066.23
-2227.83
-1396.44
-603.04
180.577
955.617
1707.11
2401.74
3027.91
3547.88
3921.19
4199.56
4232.8
4106.13
3810.4
3373.12
2819.38
2190.69
1533.04
896.008
310.053
-178.579
-512.561
-683.272
-666.44
-476.034
-117.367
365.396
942.564
1547.13
2109.16
2577.58
2903.35
3044.48
2976.68
2715.52
2274.29
1698.38
1058.29
422.492
-153.165
-583.489
-842.663
-933.237
-880.112
-750.61
-595.851
-476.265
-438.096
-503.123
-679.764
-953.431
-1292.02
-1662.77
-2026.65
-2357.2
-2642.71
-2885.82
-3100.9
-3304.09
-3507.05
-3704.07
-3880.55
-3995.46
-4017.62
-3898.46
-3627.69
-3151.06
-2533.18
-1800.17
-967.551
-132.232
696.128
1478.1
2176.12
2795.96
3343.88
3833.06
4253.76
4621.69
4926.31
5147.97
5259.03
5255.4
5077.08
4751.51
4252.84
3603.04
2836.54
1998.75
1139.35
312.706
-452.698
-1106.65
-1640.91
-2042.91
-2310.4
-2454.04
-2475.36
-2402
-2236.11
-1998.44
-1710.8
-1398.37
-1083.77
-788.083
-531.422
-325.602
-172.74
-72.7893
-19.0533
-0.771242
-5.99184
-23.2256
-42.237
-59.283
-71.4573
-77.9528
-79.6088
-77.8599
-74.0209
-69.0258
-63.5046
-57.8634
-52.3427
-47.0807
-42.1513
-37.5884
-33.4022
-29.5882
-26.1335
-23.02
-20.2265
-17.73
-15.5072
-13.5346
-11.7897
-10.2504
-8.8964
-7.70823
-6.66809
-5.75955
-4.96764
-4.27873
-3.68056
-3.16208
-2.71342
-2.32579
-1.99139
-1.70331
-1.45547
-1.24253
-1.05978
-0.903132
-0.769009
-0.654296
-0.556287
-0.472634
-0.401305
-0.340542
-0.288826
-0.244848
-0.207475
-0.17573
-9320.6
-7696.93
-5969.21
-3817.39
-2211.54
-776.355
476.629
1502.02
2352.73
3063.88
3706.62
4363.88
5095.35
5898.37
6709.74
7460.94
8077.03
8496.72
8640.63
8546.55
8207.74
7655.5
6956.5
6166.95
5346.93
4582.02
3847.9
3155.45
2500.29
1862.16
1211.77
470.426
-198.875
-786.002
-1300.04
-1706.12
-1997.65
-2190.18
-2327.1
-2472.79
-2700.2
-3059.63
-3573.29
-4223.49
-4973.28
-5746.47
-6439.36
-6969.29
-7253.17
-7225.44
-6921.62
-6375.37
-5658.14
-4837.35
-3952.04
-3090.91
-2241.15
-1397.89
-598.296
191.145
974.942
1737.67
2443.09
3082.21
3614.56
3997.66
4280.94
4315.29
4185.42
3880.69
3430.67
2859.63
2210.89
1532.41
875.723
268.238
-237.031
-582.212
-759.292
-742.627
-546.834
-174.231
325.283
923.505
1552.7
2137.5
2626.21
2968.15
3118.67
3052.28
2784.37
2328.58
1731.55
1068
408.046
-188.609
-632.579
-894.957
-979.644
-912.365
-766.877
-594.208
-458.93
-410.106
-470.328
-648.337
-928.574
-1276.77
-1658.43
-2031.86
-2369.12
-2658.24
-2902.53
-3118.04
-3322.8
-3530.3
-3734.87
-3922.25
-4050.74
-4083
-3971.7
-3702.54
-3219.79
-2590.86
-1844.67
-992.391
-140.624
702.107
1497.31
2202.67
2827.9
3378.46
3871.13
4294.92
4667.6
4978.66
5208.06
5328.11
5326.8
5149.12
4819.14
4311.71
3647.85
2863.66
2006.87
1128.21
283.434
-496.003
-1160.28
-1701.11
-2105.95
-2372.72
-2513.57
-2528.67
-2449.07
-2274.38
-2026.97
-1729.01
-1406.48
-1082.75
-779.42
-516.931
-307.66
-153.475
-54.4879
-3.07687
11.9971
3.28908
-17.2132
-38.4914
-57.3283
-70.6356
-77.7317
-79.6377
-77.9412
-74.0685
-69.0123
-63.4279
-57.7334
-52.1723
-46.8821
-41.9346
-37.3619
-33.172
-29.3594
-25.91
-22.8046
-20.0212
-17.5362
-15.3259
-13.3662
-11.6343
-10.108
-8.76648
-7.59032
-6.56157
-5.66372
-4.88175
-4.20203
-3.61228
-3.10148
-2.6598
-2.27846
-1.94971
-1.6667
-1.42338
-1.21445
-1.03526
-0.881764
-0.750419
-0.638149
-0.542283
-0.460507
-0.390817
-0.331483
-0.281011
-0.238113
-0.201676
-0.170742
-9369.04
-7725.26
-5948
-3802.69
-2169.76
-713.921
554.935
1579.72
2419.67
3113.36
3739.63
4384.18
5111.83
5924.02
6752.49
7526.21
8165.55
8601.09
8758.04
8667
8320.75
7751.54
7030.82
6215.87
5369.49
4591.41
3846.75
3148.81
2493.27
1852.83
1196.85
456.966
-224.349
-817.502
-1338.6
-1746.53
-2032.48
-2212.33
-2333.61
-2463.06
-2677.09
-3029.59
-3546.17
-4208.93
-4982.29
-5786.98
-6511.46
-7070.16
-7371.69
-7352.14
-7042.28
-6478.93
-5741.24
-4899.71
-3990.49
-3115.71
-2254.47
-1398.63
-593.257
201.793
994.332
1768.67
2484.95
3137.58
3682.94
4076.54
4364.58
4400.47
4267.45
3953.42
3490.38
2901.39
2231.83
1531.83
854.8
224.664
-297.816
-654.556
-838.304
-821.891
-620.79
-233.675
283.419
903.221
1558.2
2166.62
2676.45
3035.38
3195.79
3131.1
2856.23
2385.3
1766.15
1078.17
392.573
-226.074
-684.583
-950.197
-1028.5
-948.517
-784.023
-592.401
-440.601
-380.462
-435.676
-615.205
-902.434
-1260.83
-1654.05
-2037.55
-2381.81
-2674.55
-2919.83
-3135.49
-3341.62
-3553.73
-3766.18
-3965.42
-4108.63
-4150.45
-4047.65
-3780.34
-3291.25
-2650.62
-1890.87
-1017.88
-149.004
708.43
1517.64
2230.24
2860.77
3414.1
3909.78
4336.61
4713.99
5031.65
5269.14
5397.98
5400.26
5223.53
4888.74
4372.4
3694.14
2891.71
2015.23
1116.23
252.111
-542.102
-1216.73
-1763.86
-2171.24
-2436.98
-2575.04
-2583.68
-2497.62
-2313.78
-2056.29
-1747.65
-1414.65
-1081.5
-770.313
-501.849
-288.966
-133.508
-35.4987
13.4536
25.1259
12.7985
-9.70109
-34.6961
-55.4391
-69.9149
-77.6052
-79.7369
-78.0625
-74.1379
-69.0091
-63.3538
-57.6018
-51.9979
-46.6782
-41.7122
-37.1293
-32.936
-29.125
-25.6811
-22.5841
-19.8111
-17.3381
-15.1406
-13.1943
-11.4757
-9.96261
-8.63393
-7.47007
-6.45297
-5.56605
-4.79424
-4.1239
-3.54275
-3.03979
-2.60521
-2.23029
-1.90731
-1.62945
-1.39073
-1.18589
-1.01034
-0.860045
-0.731526
-0.621741
-0.528055
-0.448187
-0.380164
-0.322283
-0.273076
-0.231275
-0.19579
-0.16568
-9418.86
-7756.56
-5925.76
-3788.51
-2127.15
-649.151
637.31
1661.03
2488.8
3163.4
3772.44
4403.27
5126.32
5947.89
6794.09
7591.5
8255.61
8709
8879.52
8792.31
8438.63
7851.53
7108.15
6266.25
5391.15
4600.09
3844.62
3140.8
2485.49
1842.88
1181.64
443.976
-250.466
-849.594
-1378.65
-1788.9
-2068.97
-2235.26
-2339.92
-2452.53
-2652.35
-2997.12
-3516.33
-4191.63
-4989.51
-5827.59
-6585.34
-7174.74
-7494.78
-7484.63
-7168.32
-6586.41
-5827.66
-4964.26
-4028.94
-3140.56
-2267.79
-1398.5
-587.907
212.5
1013.74
1800.1
2527.24
3193.98
3753.03
4157.92
4450.47
4488.43
4352.31
4028.64
3552.34
2944.74
2253.52
1531.32
832.306
180.163
-361.014
-729.681
-920.414
-904.34
-698.048
-295.756
239.697
881.614
1563.62
2196.51
2728.32
3105.1
3275.94
3213.29
2931.2
2444.57
1802.24
1088.88
375.965
-265.678
-739.695
-1008.54
-1079.9
-986.587
-802.074
-590.376
-421.049
-348.995
-399.109
-580.298
-875.021
-1244.23
-1649.66
-2043.71
-2395.17
-2691.47
-2937.48
-3152.93
-3360.09
-3576.72
-3797.03
-4008.11
-4165.04
-4219.94
-4126.57
-3861.46
-3365.28
-2712.25
-1939.02
-1044.21
-157.347
715.29
1539.34
2258.92
2894.76
3450.69
3949.4
4379.29
4761.57
5086.22
5332.36
5470.1
5475.81
5300.54
4960.9
4435.71
3742.32
2920.47
2023.3
1103.51
220.39
-588.228
-1273.33
-1827.6
-2238.29
-2503.25
-2638.46
-2640.36
-2547.54
-2354.21
-2086.25
-1766.53
-1422.61
-1079.72
-760.369
-485.721
-269.085
-112.515
-15.6919
30.5407
38.5958
22.4008
-3.62588
-31.1082
-53.6931
-69.3089
-77.567
-79.8704
-78.2081
-74.2197
-69.0095
-63.2775
-57.4645
-51.8163
-46.4666
-41.4817
-36.8889
-32.6925
-28.8836
-25.4457
-22.3576
-19.5957
-17.1351
-14.9509
-13.0183
-11.3135
-9.81404
-8.49854
-7.34731
-6.34215
-5.46643
-4.70502
-4.04427
-3.47191
-2.97696
-2.54964
-2.18126
-1.86416
-1.59156
-1.35753
-1.15686
-0.984996
-0.837968
-0.712325
-0.605069
-0.513601
-0.435674
-0.369347
-0.312943
-0.26502
-0.224335
-0.189817
-0.160545
-9470.49
-7791.54
-5902.47
-3774.88
-2083.71
-581.99
724.031
1746.11
2560.07
3213.81
3804.76
4421.09
5138.52
5969.73
6834.28
7656.59
8347.1
8820.28
9005.22
8922.74
8561.65
7955.68
7188.7
6318.22
5411.67
4608.12
3841.61
3131.06
2476.88
1832.33
1166.18
431.619
-277.279
-882.198
-1420.27
-1833.35
-2107.18
-2259.17
-2345.99
-2441.11
-2625.91
-2962.08
-3483.51
-4171.34
-4994.73
-5867.93
-6660.87
-7283.9
-7625.05
-7616.61
-7297.06
-6698.17
-5918.31
-5031.26
-4068.3
-3166.54
-2281.35
-1397.3
-582.173
223.256
1033.1
1831.96
2569.89
3251.39
3824.83
4241.91
4538.55
4579.26
4440.1
4106.42
3616.64
2989.72
2275.96
1530.97
808.436
134.41
-426.701
-807.676
-1005.72
-990.014
-778.776
-360.5
194.002
858.577
1568.94
2227.16
2781.83
3177.39
3359.21
3298.98
3009.43
2506.47
1839.83
1100.18
358.161
-307.413
-798.072
-1070.14
-1134.01
-1025.76
-821.098
-588.264
-400.574
-315.596
-360.654
-543.505
-845.949
-1226.63
-1645.14
-2050.53
-2409.71
-2709.72
-2956.3
-3171.27
-3379.35
-3600.59
-3829.24
-4053.67
-4226.51
-4293.25
-4208.46
-3944.69
-3442.42
-2777.35
-1988.74
-1070.54
-165.478
722.36
1562.1
2288.47
2929.58
3487.98
3989.3
4422.05
4809.05
5140.73
5395.66
5542.11
5553.68
5380.31
5035.18
4500.22
3790.93
2949.44
2031.89
1090.61
186.303
-639.229
-1335.74
-1896.53
-2309.11
-2572.02
-2703.92
-2699.39
-2598.95
-2395.88
-2117.18
-1786.01
-1431.19
-1078.21
-750.415
-469.4
-248.838
-91.1568
4.54873
48.0425
52.395
32.1368
2.86257
-27.389
-51.9581
-68.7757
-77.5999
-80.1002
-78.418
-74.342
-69.0355
-63.2171
-57.3373
-51.6412
-46.2591
-41.254
-36.6502
-32.4498
-28.6425
-25.2102
-22.1307
-19.3796
-16.9313
-14.7603
-12.8414
-11.1504
-9.66453
-8.36226
-7.2237
-6.23054
-5.36607
-4.61512
-3.96402
-3.40051
-2.91362
-2.4936
-2.13182
-1.82064
-1.55335
-1.32405
-1.12758
-0.959436
-0.815699
-0.692957
-0.58825
-0.499019
-0.42305
-0.358431
-0.303518
-0.256891
-0.217331
-0.183788
-0.15536
-9527.94
-7832.97
-5878.13
-3761.9
-2039.41
-512.385
815.404
1835.11
2633.36
3264.68
3836.42
4437.49
5148.07
5989.24
6872.76
7721.23
8439.92
8934.8
9135.31
9058.55
8690.13
8064.16
7272.72
6371.89
5430.76
4615.75
3837.78
3119.04
2467.42
1821.18
1150.51
420.09
-304.874
-915.218
-1463.51
-1880.01
-2147.15
-2284.27
-2352.01
-2428.7
-2597.72
-2924.39
-3446.77
-4146.36
-4997.11
-5895.99
-5354.07
-4189.41
-3672.89
-3884.9
-4808.34
-6124.72
-5906.69
-5063.64
-4107.99
-3194.16
-2295.28
-1396.03
-577.145
233.745
1052.38
1864.31
2612.82
3309.75
3898.33
4328.62
4628.77
4673.08
4530.93
4186.81
3683.38
3036.4
2299.18
1530.89
783.17
87.2165
-495.101
-888.654
-1094.36
-1079.42
-863.19
-427.899
146.131
834.017
1574.23
2258.63
2836.99
3252.29
3445.72
3388.3
3090.99
2571.16
1879.31
1112.34
338.898
-352.068
-860.309
-1135.23
-1191.23
-1068.61
-841.166
-585.59
-378.273
-280.076
-319.535
-504.467
-816.405
-1209.28
-1641.28
-2057.8
-2424.08
-2727.23
-2973.82
-3187.66
-3395.88
-3621.52
-3858.85
-4095.97
-4282.84
-4354.89
-4288.3
-4034.73
-3528.41
-2847.78
-2039.97
-1096.85
-174.482
729.172
1586.1
2320.02
2965.88
3526.8
4030.71
4466.49
4858.52
5197.8
5462.34
5618.94
5632.95
5462.09
5111.5
4567.63
3843.36
2981.51
2040.49
1074.77
149.462
-688.91
-1393.59
-1961.17
-2378.64
-2641.51
-2771.3
-2757.39
-2652.09
-2438.56
-2148.55
-1805.31
-1438.05
-1074.66
-738.222
-450.798
-226.433
-67.8703
26.2719
66.3843
66.6786
42.3774
9.07071
-24.0221
-50.4975
-68.4543
-77.781
-80.3958
-78.6417
-74.4575
-69.0428
-63.1297
-57.1793
-51.4341
-46.02
-40.9958
-36.3826
-32.1803
-28.3765
-24.9518
-21.883
-19.1447
-16.7106
-14.5545
-12.6509
-10.9753
-9.50439
-8.2166
-7.09183
-6.11168
-5.25936
-4.51968
-3.87895
-3.32492
-2.84664
-2.43443
-2.07966
-1.77478
-1.51311
-1.28882
-1.0968
-0.932596
-0.792334
-0.67265
-0.570631
-0.483755
-0.409844
-0.347022
-0.293673
-0.248406
-0.210026
-0.177506
-0.149963
-8464.87
-7788.93
-5856.16
-3751.01
-1994.34
-440.279
911.745
1928.17
2708.52
3316.17
3867.21
4452.37
5154.33
6006.14
6909.2
7785.14
8533.93
9052.4
9269.96
9200.04
8824.43
8177.17
7360.49
6427.46
5448.08
4623.46
3832.82
3104.27
2457.11
1809.45
1134.63
409.642
-332.401
-948.229
-1508.62
-1929.36
-2189.01
-2311.07
-2358.33
-2415.13
-2567.31
-2882.5
-3109.73
-2283.08
-1260.3
-219.784
147.507
69.653
-11.6028
-89.1985
-153.787
-277.766
-1224.65
-2491.92
-3557.76
-3115.14
-2283.64
-1394.19
-573.606
243.483
1071.18
1895.91
2655.6
3369.06
3973.54
4418.2
4720.99
4769.99
4624.91
4269.91
3752.72
3084.9
2322.92
1530.72
756.342
38.9749
-564.925
-972.367
-1186.29
-1169.96
-950.653
-500.274
94.2328
807.317
1579.01
2290.5
2893.87
3330.02
3535.36
3481.49
3176.45
2638.92
1918.65
1124.04
318.638
-395.643
-923.815
-1203.53
-1250.77
-1108.54
-861.833
-584.014
-356.423
-243.893
-278.226
-465.158
-781.664
-1186.77
-1634.33
-2065.61
-2442.41
-2750.39
-2997.51
-3210.35
-3416.87
-3434.58
-3184.56
-2949.6
-2750.26
-2611.41
-2639.85
-2820.52
-2864.45
-2499.56
-1977.37
-1131.83
-186.187
740.376
1613.98
2351.62
3001.25
3563.86
4070.31
4509.04
4905.95
5252.97
5527.2
5692.75
5715.05
5547.59
5192.7
4639.11
3896.13
3010.07
2047.58
1064.46
121.574
-725.549
-1405.9
-1883.5
-2125.7
-2186.12
-2192.49
-2171.62
-2145.64
-2070.51
-1934.54
-1720.46
-1425.83
-1073.31
-728.024
-433.887
-205.328
-45.7814
47.0948
84.2913
80.7338
51.7914
15.1455
-20.5601
-48.9597
-68.1082
-77.9583
-80.6513
-78.9133
-74.618
-69.091
-63.0845
-57.065
-51.2715
-45.8253
-40.7812
-36.1571
-31.9508
-28.1482
-24.7286
-21.6679
-18.9396
-16.5171
-14.3735
-12.4828
-10.8202
-9.36223
-8.08697
-6.97422
-6.00545
-5.16381
-4.43407
-3.80251
-3.25689
-2.78629
-2.38102
-2.03254
-1.73329
-1.47667
-1.25688
-1.06887
-0.908209
-0.771082
-0.654164
-0.554575
-0.469832
-0.397788
-0.336597
-0.284669
-0.240638
-0.203332
-0.171743
-0.145006
-5624.17
-5992.75
-5592.76
-3740.77
-1951.2
-366.361
1013.34
2025.42
2785.46
3368.54
3896.86
4465.61
5157.9
6020.05
6943.25
7848
8628.97
9172.93
9409.35
9347.53
8964.95
8294.89
7452.36
6485.15
5463.31
4631.91
3826.12
3086.88
2446.89
1797.73
1118.86
400.241
-12.6336
158.895
239.126
271.687
263.634
227.6
185.349
162.378
183.201
263.891
353.105
336.488
289.277
233.283
162.015
75.7859
-9.31131
-86.6655
-152.016
-226.774
-297.798
-333.619
-384.059
-643.249
-928.143
-1049.39
-480.752
286.876
1089.34
1925.39
2697.15
3428.76
4050.3
4510.75
4815.15
4870.14
4722.19
4355.34
3824.15
3134.69
2349.7
1536.66
729.459
-14.3925
-618.063
-702.87
-688.871
-722.202
-801.541
-489.696
102.476
799.947
1580.82
2319.26
2950.8
3409.8
3628.48
3578.06
3263.73
2707.93
1970.18
1145.45
295.813
-435.245
-670.921
-635.865
-669.364
-732.516
-766.413
-535.827
-312.743
-199.608
-224.929
-409.182
-643.127
-596.56
-497.072
-400.676
-318.045
-249.239
-185.106
-123.815
-64.0093
-26.0361
-17.8597
-8.45848
-1.94997
-6.16521
-16.667
-39.4425
-106.794
-269.183
-450.439
-419.931
98.6687
798.941
1631.27
2381.43
3042.85
3609.68
4117.1
4557.9
4959.14
5313.78
5598.05
5775.7
5800.96
5635.37
5272.84
4706.47
3948.11
3047.75
2077.39
1106.67
290.508
-153.012
-241.797
-258.362
-247.493
-240.752
-243.475
-254.948
-274.165
-304.989
-339.364
-364.053
-359.303
-301.932
-179.931
-37.8214
76.6803
149.991
182.231
180.654
155.704
116.182
74.8773
34.005
1.53747
-20.2431
-31.3757
-33.9128
-33.2252
-31.3866
-29.0478
-26.4999
-23.959
-21.5196
-19.23
-17.1112
-15.1697
-13.4042
-11.8085
-10.3737
-9.08948
-7.94483
-6.92845
-6.02912
-5.23593
-4.53844
-3.92682
-3.39187
-2.92512
-2.51878
-2.16578
-1.85972
-1.59486
-1.36604
-1.16869
-0.998741
-0.852603
-0.727114
-0.619497
-0.527322
-0.448467
-0.381082
-0.323562
-0.274514
-0.232729
-0.197168
-0.166931
-0.141244
-0.11944
-0.100947
-0.0852742
-0.0719986
-0.0607584
-5577.9
-5535.02
-5044.16
-3468.68
-1798.13
-282.838
1119.6
2126.89
2864.63
3422.24
3925.12
4476.91
5158.74
6030.66
6974.48
7909.45
8724.89
9296.18
9553.65
9501.37
9112.12
8417.48
7548.67
6545.15
5477.93
4642.86
3817.93
3056.45
2564.94
2114.98
1642.2
1139.92
823.333
756.633
680.745
606.586
541.792
488.358
447.627
418.921
399.986
386.203
366.479
333.008
284.721
226.726
157.104
73.3622
-9.16809
-84.7606
-149.371
-219.316
-289.414
-326.085
-362.758
-384.733
-390.376
-349.715
99.7547
683.328
1267.54
2030.57
2768.82
3494.1
4128.01
4605.66
4909.88
4973.54
4822.16
4447.23
3904.18
3192.52
2368.2
1671.84
1105.43
594.238
183.035
63.9757
26.6652
5.5201
-9.07516
188.836
611.327
1118.44
1715.52
2401.46
3029.09
3498.33
3726.35
3682.39
3365.19
2792.27
2032.1
1409.51
804.061
298.62
98.0317
59.9637
32.95
23.0621
45.9543
220.384
388.302
477.425
460.206
327.303
150.645
97.8161
74.0911
52.9959
34.6866
20.6772
14.6612
12.8381
10.8007
8.63106
6.21184
3.93245
1.82864
-0.88265
-4.28976
-7.35683
-9.71407
-9.28683
9.56396
140.964
602.826
1174.09
1852.87
2511.61
3115.88
3649.42
4150.02
4595.67
5003.47
5367.88
5663.29
5852.26
5879.09
5725.44
5357.99
4790.69
4027.52
3123.73
2206.13
1402.94
752.843
373.299
214.188
124.041
77.7225
54.1749
42.3388
39.0203
42.7913
53.0698
73.2717
109.624
170.759
264.993
391.721
521.975
626.085
694.157
726.032
727.6
708.518
678.826
645.347
614.407
590.368
574.654
566.715
564.877
565.632
567.42
569.666
572.067
574.45
576.726
578.854
580.817
582.61
584.237
585.704
587.02
588.196
589.242
590.169
590.988
591.709
592.341
592.895
593.379
593.8
594.166
594.484
594.759
594.996
595.201
595.378
595.529
595.66
595.771
595.867
595.949
596.019
596.079
596.13
596.173
596.21
596.241
596.268
596.29
596.309
596.326
596.339
596.351
596.361
-5482.4
-5433.45
-5280.27
-4906.09
-3270.23
-762.861
1237.27
2258.36
2956.8
3483.41
3956.77
4490.11
5155.52
6037.57
7002.28
7969
8821.42
9421.94
9703.07
9661.88
9266.32
8545.81
7652.92
6611.09
5141.95
3702.95
2354.95
1256.98
1039.15
986.001
930.369
873.729
817.067
742.098
670.352
599.567
536.836
484.507
444.065
414.971
395.13
379.774
358.111
325.524
277.796
220.963
152.639
71.5773
-8.68573
-82.7697
-146.934
-215.656
-282.26
-319.136
-352.32
-375.49
-381.84
-385.492
-377.839
-361.11
-345.295
304.775
1649.1
2903.46
3985.86
4701.82
5009.35
5086.59
4932.19
4292.91
3291.47
2034.83
675.833
178.373
125.87
81.1837
64.4139
44.1828
22.102
5.10893
-14.3291
-35.0792
-43.4943
-50.8823
-6.67391
846.721
1955.68
2766.07
3155.9
3043.27
2439.76
1419.9
376.059
162.96
76.2861
49.736
43.3001
35.0862
27.9986
22.7828
18.0318
15.4207
15.5964
16.8186
18.7006
20.5959
22.1139
22.5081
22.0586
20.7607
18.9494
16.513
14.4381
12.5593
10.5603
8.3382
6.02973
3.87141
1.76796
-0.926443
-4.4317
-7.63202
-10.3455
-13.1416
-15.3883
-16.1822
-7.81353
54.757
403.947
1289.4
2194.66
3009.06
3772.78
4375.56
4882.88
5316.74
5667.17
5885.82
5917.7
5751.59
5325.81
4581.36
3437.02
2091.56
933.851
360.054
65.5465
5.08345
5.45129
5.22256
5.0963
4.87744
4.63791
4.31432
3.95278
3.6487
3.57033
4.15312
6.01049
10.0033
17.1658
27.8609
40.1404
50.1646
53.0182
46.0098
34.2851
23.0161
13.6501
7.16137
3.25489
1.07975
0.1047
-0.0671273
-0.0667004
-0.0627997
-0.0589868
-0.0556708
-0.0527395
-0.050054
-0.0475286
-0.045111
-0.0427701
-0.0404863
-0.0382495
-0.0360563
-0.0339077
-0.0318076
-0.0297616
-0.0277758
-0.0258562
-0.0240085
-0.0222376
-0.0205474
-0.018941
-0.0174203
-0.0159862
-0.0146389
-0.0133777
-0.0122011
-0.011107
-0.0100927
-0.00915537
-0.00829143
-0.00749724
-0.00676896
-0.00610266
-0.0054944
-0.00494028
-0.00443646
-0.00397927
-0.00356511
-0.00319058
-0.00285243
-0.00254758
-0.00227317
-0.00202648
-0.001805
-0.00160637
-5388.25
-5334.82
-5178.95
-4886.78
-4497.8
-4067.03
-3250.53
-1474.82
-224.427
629.099
1440.99
2516.82
4017.21
5891.72
7042.04
8030.61
8918.46
9549.83
9858.16
9831.3
9431.82
8528.98
6023.62
3050.31
1187.58
1145.49
1087.75
1047.09
1004.74
960.736
912.807
859.78
800.957
732.222
662.46
593.7
532.48
481.103
440.989
411.598
390.852
374.102
351.716
318.471
271.42
215.231
148.291
69.6503
-8.39614
-80.8999
-144.368
-210.865
-275.079
-312.172
-345.576
-367.66
-374.486
-375.651
-369.578
-354.008
-338.755
-321.501
-283.612
-244.393
-208.482
230.746
915.762
993.416
472.929
132.21
139.516
115.337
98.9839
98.5132
91.1551
78.1974
62.0327
42.9734
21.6886
5.22102
-12.8206
-33.1743
-41.43
-48.3339
-49.4789
-43.6083
-32.422
-17.858
-0.898059
61.4909
87.9109
49.1407
53.438
54.9265
52.8932
48.3372
42.2593
34.5568
27.8605
22.8332
18.2188
15.606
15.7003
16.7831
18.5023
20.2544
21.5569
22.1077
21.6417
20.3672
18.5822
16.1887
14.2006
12.3519
10.3613
8.21471
5.89834
3.69281
1.57399
-1.03741
-4.32486
-7.40165
-10.1797
-13.0164
-15.4792
-16.8121
-17.3577
-17.9112
-17.6402
-15.9296
-6.64368
43.9322
273.41
852.256
1608.66
2393.43
3069.01
3521.97
3611.13
3264.6
2483.96
1462.21
683.207
171.903
3.01055
4.20015
3.7521
4.88094
5.22455
5.00221
4.8303
4.57239
4.28204
3.88017
3.41232
2.87989
2.32333
1.7828
1.22938
0.682477
0.214269
-0.157473
-0.425796
-0.580553
-0.638346
-0.622099
-0.55568
-0.46556
-0.36733
-0.273275
-0.19411
-0.131735
-0.0922747
-0.078364
-0.0709811
-0.0655063
-0.0609065
-0.0570558
-0.0537234
-0.0507382
-0.0479886
-0.0454021
-0.0429336
-0.0405539
-0.0382461
-0.0360012
-0.0338162
-0.0316916
-0.0296303
-0.0276364
-0.025714
-0.0238676
-0.0221009
-0.020417
-0.0188181
-0.0173057
-0.0158804
-0.014542
-0.0132894
-0.0121211
-0.0110349
-0.0100281
-0.00909767
-0.00824007
-0.00745168
-0.00672865
-0.00606711
-0.00546312
-0.00491283
-0.00441244
-0.00395829
-0.00354683
-0.00317467
-0.00283862
-0.00253561
-0.00226281
-0.00201753
-0.00179729
-0.00159977
-5295
-5237.92
-5081.79
-4795.5
-4420.27
-4000.2
-3538.44
-3061.38
-2669.35
-2351.14
-2098.95
-1893.94
-1730.13
-1194.29
1526.81
4550.12
7049.99
8550.11
8746.51
7559.4
5076.34
1861.63
1087
1097.56
1118.75
1104.58
1067.11
1028.65
989.333
946.364
899.444
847.511
790.281
722.626
654.651
587.747
527.932
477.459
437.66
407.991
386.359
368.323
344.947
311.572
265.127
209.755
144.148
67.8344
-8.10934
-79.0797
-141.802
-206.533
-268.272
-305.392
-337.836
-359.614
-366.89
-368.996
-362.731
-347.865
-332.464
-314.174
-277.568
-239.654
-203.186
-158.888
-99.1399
-52.8902
-8.52805
32.5946
65.1017
84.3902
94.2001
95.0367
88.0349
75.8069
60.3329
41.8311
21.44
5.16555
-12.5954
-31.4916
-39.6762
-46.3743
-46.2267
-41.4211
-30.842
-16.9083
-2.57914
13.6612
30.6159
43.2783
50.9604
53.4041
51.4373
47.2601
41.3684
34.1142
27.6336
22.7488
18.3692
15.8891
15.8415
16.7983
18.3747
19.991
21.2515
21.6187
21.1603
19.9298
18.2216
15.9451
13.9646
12.1108
10.137
8.00598
5.75419
3.60353
1.47233
-1.14117
-4.35516
-7.35688
-9.99515
-12.6597
-14.9649
-16.5455
-17.1002
-17.6414
-17.1574
-16.1901
-14.9322
-14.3636
-13.3456
-11.7852
-10.5171
-8.0234
8.49191
69.1585
161.819
153.529
52.1037
-1.13176
-0.123203
0.354722
2.81818
3.96705
3.69798
4.71734
5.04959
4.87702
4.71336
4.46417
4.1813
3.80303
3.35456
2.84093
2.30157
1.76819
1.22243
0.690942
0.230976
-0.134388
-0.396852
-0.551743
-0.613406
-0.600484
-0.538423
-0.452207
-0.35679
-0.265707
-0.188355
-0.128201
-0.0911898
-0.0776119
-0.0716342
-0.0657922
-0.0609519
-0.0569567
-0.0535274
-0.0504783
-0.0476881
-0.0450779
-0.042598
-0.0402162
-0.037913
-0.0356779
-0.0335062
-0.0313976
-0.0293539
-0.0273785
-0.0254752
-0.0236478
-0.0218997
-0.0202337
-0.018652
-0.0171558
-0.0157456
-0.0144212
-0.0131816
-0.0120251
-0.0109497
-0.00995273
-0.00903107
-0.00818139
-0.00740008
-0.00668339
-0.00602746
-0.00542846
-0.00488258
-0.00438609
-0.00393537
-0.00352692
-0.0031574
-0.00282365
-0.00252266
-0.00225162
-0.00200787
-0.00178896
-0.00159259
-5202.71
-5142.7
-4986.8
-4709.27
-4345.85
-3936.98
-3488.23
-3028.61
-2645.24
-2331.25
-2079.54
-1872.61
-1701.14
-1493.09
-1232.07
-946.387
-628.077
-308.759
50.2313
417.205
698.405
887.535
1017.18
1067.54
1088.35
1082.58
1048.97
1012.67
974.16
932.163
886.082
834.983
778.623
713.039
646.827
581.725
523.283
473.697
434.22
404.31
381.885
362.683
338.517
304.902
259.047
204.451
140.166
66.0473
-7.87721
-77.3232
-139.208
-202.139
-261.672
-298.728
-330.631
-351.898
-359.544
-361.448
-355.554
-341.39
-326.226
-307.634
-272.45
-235.421
-199.329
-156.282
-98.0561
-53.204
-9.85019
29.8362
61.7499
80.8867
90.7019
91.4296
85.0067
73.3287
58.4038
40.683
21.108
5.18619
-11.7592
-29.8203
-37.8927
-44.2588
-44.57
-39.5999
-29.4385
-16.0647
-2.27336
13.2351
29.8437
41.995
49.5809
51.6812
50.0252
46.0453
40.506
33.6076
27.4423
22.7044
18.4696
16.0779
15.9302
16.7685
18.2045
19.6915
20.8044
21.1972
20.7336
19.5319
17.8607
15.6618
13.7316
11.8926
9.93893
7.84471
5.611
3.46251
1.33441
-1.20753
-4.29295
-7.22024
-9.83785
-12.4749
-14.6862
-16.0872
-16.6504
-17.1982
-16.8072
-15.8591
-14.715
-14.1791
-13.0251
-11.6033
-10.4025
-9.31146
-8.33412
-7.35913
-6.06221
-4.80456
-3.33784
-1.30299
-0.222351
0.3544
2.70185
3.78261
3.64733
4.57446
4.89993
4.76642
4.61418
4.37624
4.09619
3.72452
3.28625
2.78764
2.26441
1.74619
1.21707
0.703462
0.257406
-0.0998085
-0.35844
-0.51351
-0.578729
-0.572704
-0.518415
-0.442206
-0.351349
-0.265384
-0.191582
-0.133272
-0.0957223
-0.0805757
-0.0722335
-0.0660212
-0.0609821
-0.0568492
-0.0533263
-0.0502152
-0.0473857
-0.0447527
-0.0422622
-0.0398785
-0.0375803
-0.0353549
-0.0331966
-0.0311038
-0.0290776
-0.0271207
-0.0252362
-0.0234276
-0.021698
-0.0200498
-0.0184852
-0.0170051
-0.0156099
-0.0142995
-0.0130728
-0.0119281
-0.0108635
-0.00987627
-0.00896343
-0.00812169
-0.0073475
-0.00663715
-0.00598689
-0.00539292
-0.0048515
-0.00435894
-0.00391168
-0.00350629
-0.00313945
-0.00280806
-0.00250912
-0.00223988
-0.0019977
-0.00178015
-0.00158497
-5111.43
-5049.11
-4893.89
-4624.5
-4272.38
-3874.51
-3439.59
-2996.4
-2621.37
-2311.54
-2060.59
-1852.19
-1675.13
-1464.9
-1207.57
-926.455
-615.555
-301.509
33.7448
376.217
657.36
856.258
987.739
1041.9
1065.54
1060.72
1030.48
996.196
959.028
918.035
872.848
822.664
767.306
703.524
639.013
575.634
518.518
469.794
430.643
400.52
377.368
357.108
332.196
298.421
253.133
199.333
136.345
64.3154
-7.67368
-75.6196
-136.607
-197.858
-255.312
-292.202
-323.445
-344.309
-352.271
-354.364
-348.654
-335.119
-319.739
-301.016
-267.092
-231.019
-195.064
-152.994
-97.0455
-53.3326
-10.9526
27.3599
58.1924
77.0916
86.8533
88.0357
82.0634
70.9834
56.6509
39.5794
20.7878
5.18704
-11.2246
-28.2789
-36.2173
-42.3289
-42.4011
-37.729
-28.0357
-15.1935
-1.75519
13.191
28.8077
40.4665
47.7431
50.1334
48.6567
44.9569
39.6546
33.1356
27.2056
22.6179
18.5765
16.2666
16.0183
16.7486
18.0546
19.4209
20.4594
20.7601
20.2969
19.129
17.5155
15.3986
13.4951
11.6668
9.72966
7.66638
5.47681
3.35673
1.22575
-1.2944
-4.28647
-7.12628
-9.65566
-12.1768
-14.3244
-15.7532
-16.3392
-16.8074
-16.438
-15.5766
-14.4357
-13.8774
-12.797
-11.4123
-10.2195
-9.15424
-8.22337
-7.25194
-5.97521
-4.73476
-3.23311
-1.28703
-0.228767
0.408143
2.57047
3.60119
3.58764
4.42782
4.74756
4.64865
4.50695
4.28284
4.01196
3.65266
3.22718
2.74239
2.23362
1.72575
1.20778
0.709934
0.275968
-0.0730184
-0.326635
-0.481731
-0.549445
-0.54798
-0.49943
-0.423918
-0.341017
-0.259294
-0.188536
-0.132914
-0.09688
-0.0811656
-0.0727986
-0.0662295
-0.0609963
-0.056731
-0.053118
-0.0499471
-0.0470798
-0.044425
-0.0419243
-0.0395393
-0.0372461
-0.0350307
-0.0328858
-0.0308089
-0.0288002
-0.0268616
-0.024996
-0.0232062
-0.021495
-0.0198647
-0.018317
-0.016853
-0.0154729
-0.0141765
-0.0129626
-0.0118299
-0.0107761
-0.00979864
-0.00889468
-0.00806093
-0.00729391
-0.00658999
-0.00594545
-0.00535657
-0.00481966
-0.00433109
-0.00388737
-0.00348508
-0.00312098
-0.00279198
-0.00249515
-0.00222774
-0.00198717
-0.00177102
-0.00157706
-5021.19
-4957.1
-4802.95
-4541.29
-4199.97
-3812.94
-3391.24
-2963.36
-2596.6
-2291.01
-2040.99
-1831.31
-1649.42
-1438.88
-1185.28
-908.454
-604.196
-295.848
30.1984
360.68
633.773
829.286
958.827
1016.06
1041.62
1039.27
1012.21
979.909
943.988
904.005
859.711
810.443
756.104
694.064
631.201
569.481
513.649
465.767
426.946
396.642
372.831
351.615
326.043
292.129
247.391
194.386
132.672
62.6297
-7.49942
-73.9659
-134.005
-193.633
-249.158
-285.805
-316.449
-336.907
-345.134
-347.279
-341.81
-328.844
-313.635
-294.694
-261.939
-226.761
-191.106
-150.102
-95.9847
-53.4735
-12.0699
25.0806
54.9377
73.6044
83.3455
84.7137
79.209
68.6726
54.8908
38.4885
20.4475
5.20854
-10.5762
-26.7911
-34.5906
-40.4261
-40.5567
-35.9978
-26.7114
-14.3897
-1.39797
12.9828
27.9796
39.167
46.2521
48.5947
47.3249
43.8426
38.825
32.6378
26.976
22.5321
18.6378
16.4106
16.0812
16.7078
17.8901
19.1404
20.0741
20.35
19.8828
18.743
17.1696
15.1273
13.263
11.4494
9.53393
7.49957
5.33757
3.23581
1.11553
-1.3509
-4.24358
-7.01611
-9.49867
-11.9574
-14.0002
-15.364
-15.9569
-16.4353
-16.0711
-15.2683
-14.2203
-13.6339
-12.5389
-11.2347
-10.0734
-9.00644
-8.0433
-7.07481
-5.82946
-4.62171
-3.18086
-1.33675
-0.271328
0.444882
2.45488
3.4368
3.52381
4.29374
4.60662
4.53698
4.40499
4.19114
3.92662
3.57684
3.164
2.69359
2.19988
1.70565
1.20199
0.719327
0.296709
-0.0447892
-0.294215
-0.449343
-0.520064
-0.523668
-0.480975
-0.412634
-0.334615
-0.25676
-0.188736
-0.134782
-0.0991687
-0.0828678
-0.07332
-0.0664173
-0.0609949
-0.0566023
-0.0529027
-0.0496741
-0.0467704
-0.0440947
-0.0415845
-0.0391985
-0.0369107
-0.0347053
-0.0325739
-0.0305129
-0.0285216
-0.0266015
-0.0247546
-0.0229836
-0.0212907
-0.0196782
-0.0181475
-0.0166996
-0.0153346
-0.0140521
-0.0128512
-0.0117304
-0.0106874
-0.00971984
-0.00882481
-0.00799912
-0.00723933
-0.00654188
-0.00590312
-0.00531938
-0.00478704
-0.00430253
-0.00386238
-0.00346325
-0.00310194
-0.00277538
-0.0024807
-0.00221517
-0.00197624
-0.00176153
-0.00156882
-4932.03
-4866.64
-4713.86
-4459.57
-4128.59
-3752.2
-3343.26
-2929.73
-2571.11
-2269.81
-2020.93
-1810.22
-1624.3
-1413.4
-1163.35
-890.798
-593.014
-290.407
27.0925
345.787
610.728
802.695
930.999
990.921
1018.46
1018.17
994.073
963.678
929.029
890.064
846.677
798.342
745.034
684.661
623.395
563.27
508.681
461.622
423.135
392.679
368.272
346.194
320.029
286.013
241.812
189.602
129.139
60.9923
-7.34742
-72.3575
-131.41
-189.484
-243.202
-279.537
-309.58
-329.662
-338.109
-340.351
-335.098
-322.655
-307.476
-288.489
-256.823
-222.508
-187.214
-147.196
-94.9238
-53.5429
-13.123
22.8514
51.7823
70.1845
79.8788
81.5175
76.4383
66.4361
53.2037
37.4283
20.1016
5.22872
-10.0007
-25.3903
-33.0328
-38.6188
-38.6939
-34.3129
-25.4277
-13.5926
-0.9967
12.8327
27.1029
37.8469
44.6969
47.1295
46.0368
42.7871
38.0125
32.1518
26.7237
22.4268
18.6946
16.5354
16.1328
16.6639
17.7303
18.8728
19.7234
19.9436
19.4737
18.3624
16.8357
14.8623
13.0293
11.232
9.33583
7.33269
5.20668
3.12813
1.01471
-1.41666
-4.21947
-6.91154
-9.32311
-11.6979
-13.6837
-15.0181
-15.6276
-16.0549
-15.731
-14.9799
-13.9524
-13.3739
-12.3005
-11.045
-9.90524
-8.86434
-7.92107
-6.94433
-5.71231
-4.51272
-3.09308
-1.34589
-0.291576
0.46904
2.3436
3.28253
3.45309
4.16235
4.46916
4.42546
4.30449
4.10253
3.84554
3.50555
3.1047
2.64735
2.16728
1.6845
1.19365
0.725526
0.314246
-0.0194166
-0.264346
-0.418979
-0.492055
-0.500094
-0.462763
-0.39861
-0.325461
-0.251985
-0.187098
-0.13539
-0.100664
-0.0836976
-0.0737913
-0.0665792
-0.0609764
-0.0564622
-0.0526797
-0.049396
-0.0464573
-0.0437616
-0.0412426
-0.038856
-0.0365739
-0.0343787
-0.0322609
-0.0302158
-0.028242
-0.0263402
-0.0245121
-0.0227597
-0.0210853
-0.0194905
-0.0179768
-0.0165449
-0.0151949
-0.0139265
-0.0127386
-0.0116296
-0.0105975
-0.0096399
-0.00875385
-0.00793626
-0.00718376
-0.00649284
-0.00585991
-0.00528138
-0.00475367
-0.00427327
-0.00383675
-0.00344083
-0.00308235
-0.00275828
-0.00246579
-0.00220218
-0.00196493
-0.0017517
-0.00156028
-4843.96
-4777.66
-4626.55
-4379.3
-4058.23
-3692.25
-3295.61
-2895.55
-2544.95
-2247.97
-2000.4
-1788.91
-1599.67
-1388.63
-1142
-873.7
-582.162
-285.363
23.7788
331.521
588.747
777.171
904.095
966.32
995.674
997.428
976.093
947.547
914.159
876.215
833.744
786.349
734.082
675.311
615.594
557.005
503.621
457.366
419.217
388.64
363.698
340.844
314.152
280.065
236.389
184.975
125.738
59.4016
-7.21443
-70.7911
-128.826
-185.405
-237.429
-273.397
-302.856
-322.577
-331.202
-333.522
-328.487
-316.523
-301.48
-282.462
-251.806
-218.328
-183.436
-144.413
-93.8475
-53.5836
-14.1424
20.739
48.7957
66.92
76.5721
78.4195
73.7509
64.2554
51.5513
36.3884
19.7476
5.2553
-9.41675
-24.0529
-31.5332
-36.8729
-36.9453
-32.7124
-24.1996
-12.8375
-0.654283
12.6565
26.3025
36.6223
43.2646
45.7095
44.7839
41.7419
37.217
31.6574
26.4676
22.313
18.7213
16.6322
16.1659
16.6074
17.5644
18.6037
19.3697
19.552
19.078
17.9923
16.5044
14.5968
12.7986
11.0189
9.14478
7.16969
5.07407
3.01818
0.920269
-1.46508
-4.18239
-6.80738
-9.16459
-11.4669
-13.3688
-14.6593
-15.285
-15.698
-15.3832
-14.6871
-13.723
-13.123
-12.0647
-10.866
-9.74959
-8.71283
-7.759
-6.79381
-5.59074
-4.41822
-3.03019
-1.36279
-0.313085
0.485504
2.23838
3.13924
3.37958
4.03693
4.33746
4.31571
4.20458
4.013
3.76356
3.43415
3.04483
2.60099
2.13466
1.66421
1.18651
0.732148
0.331606
0.00531525
-0.235531
-0.389765
-0.46514
-0.477351
-0.44521
-0.386835
-0.317919
-0.247955
-0.185762
-0.135978
-0.102048
-0.0847793
-0.0742094
-0.0667144
-0.0609399
-0.0563101
-0.0524487
-0.0491122
-0.0461402
-0.0434257
-0.0408986
-0.0385119
-0.0362356
-0.0340509
-0.0319467
-0.0299176
-0.0279613
-0.0260778
-0.0242684
-0.0225347
-0.0208785
-0.0193015
-0.0178047
-0.0163889
-0.015054
-0.0137996
-0.0126247
-0.0115277
-0.0105065
-0.00955884
-0.00868181
-0.00787237
-0.00712721
-0.00644288
-0.00581585
-0.00524258
-0.00471955
-0.00424331
-0.00381048
-0.00341782
-0.00306221
-0.00274068
-0.00245042
-0.00218877
-0.00195324
-0.00174151
-0.00155141
-4757
-4690.14
-4540.91
-4300.42
-3988.86
-3633.06
-3248.25
-2860.91
-2518.17
-2225.56
-1979.47
-1767.43
-1575.49
-1364.5
-1121.18
-857.095
-571.608
-280.641
20.4107
317.842
567.668
752.539
878.088
942.283
973.337
977.021
958.27
931.51
899.38
862.46
820.911
774.463
723.242
666.014
607.799
550.689
498.475
453.007
415.2
384.529
359.109
335.561
308.404
274.277
231.118
180.497
122.461
57.8572
-7.09545
-69.2647
-126.258
-181.399
-231.828
-267.382
-296.266
-315.641
-324.41
-326.809
-321.984
-310.463
-295.553
-276.573
-246.864
-214.195
-179.762
-141.696
-92.7645
-53.5805
-15.1124
18.7106
45.9376
63.7702
73.3695
75.4266
71.1442
62.1369
49.9491
35.3738
19.3885
5.28242
-8.86094
-22.7845
-30.0928
-35.2005
-35.2543
-31.1741
-23.018
-12.1039
-0.317116
12.4855
25.5152
35.4327
41.8678
44.3427
43.5705
40.7324
36.4384
31.1668
26.1985
22.1856
18.7356
16.708
16.1863
16.5442
17.3986
18.3416
19.0292
19.1686
18.6905
17.6297
16.1816
14.3345
12.5684
10.8078
8.95518
7.00962
4.94667
2.91422
0.830834
-1.51448
-4.14995
-6.70206
-8.99647
-11.2278
-13.0696
-14.3245
-14.9562
-15.3425
-15.0565
-14.401
-13.4695
-12.8752
-11.833
-10.6804
-9.5876
-8.57175
-7.62777
-6.66112
-5.47139
-4.31671
-2.96234
-1.37323
-0.332039
0.495071
2.1382
3.00489
3.30255
3.91596
4.21095
4.20868
4.10772
3.92639
3.68429
3.36461
2.98648
2.55527
2.10198
1.64322
1.17828
0.737163
0.347236
0.0284026
-0.208235
-0.36178
-0.439174
-0.455294
-0.427964
-0.374329
-0.309831
-0.243621
-0.184184
-0.136306
-0.103188
-0.0853808
-0.0745725
-0.06682
-0.0608842
-0.0561452
-0.052209
-0.0488226
-0.045819
-0.0430867
-0.0405522
-0.0381659
-0.0358959
-0.0337218
-0.0316314
-0.0296182
-0.0276794
-0.0258143
-0.0240235
-0.0223085
-0.0206706
-0.0191113
-0.0176314
-0.0162316
-0.0149118
-0.0136715
-0.0125095
-0.0114245
-0.0104143
-0.00947665
-0.0086087
-0.00780747
-0.0070697
-0.00639201
-0.00577094
-0.00520298
-0.00468469
-0.00421266
-0.00378357
-0.00339422
-0.00304154
-0.00272259
-0.0024346
-0.00217495
-0.00194118
-0.00173099
-0.00154224
-4671.15
-4604.02
-4456.87
-4222.89
-3920.46
-3574.59
-3201.19
-2825.86
-2490.83
-2202.61
-1958.14
-1745.81
-1551.71
-1340.97
-1100.86
-840.961
-561.347
-276.212
16.9968
304.715
547.457
728.784
852.932
918.793
951.422
956.949
940.614
915.58
884.696
848.8
808.178
762.68
712.509
656.768
600.01
544.328
493.248
448.55
411.091
380.354
354.51
330.343
302.778
268.642
225.992
176.16
119.302
56.358
-6.98732
-67.7759
-123.712
-177.465
-226.389
-261.489
-289.811
-308.851
-317.733
-320.205
-315.584
-304.474
-289.728
-270.827
-242.006
-210.121
-176.179
-139.056
-91.674
-53.5444
-16.0391
16.7764
43.2142
60.7457
70.289
72.5317
68.6165
60.0762
48.3883
34.3816
19.0253
5.31089
-8.31802
-21.5767
-28.7085
-33.5928
-33.6386
-29.7037
-21.8847
-11.4021
-0.00919346
12.3106
24.7693
34.3027
40.5378
43.023
42.3921
39.7438
35.6754
30.6743
25.9228
22.0481
18.7286
16.7614
16.1906
16.4714
17.2294
18.0808
18.6946
18.7961
18.3135
17.2754
15.8633
14.0738
12.3404
10.6
8.76995
6.85227
4.82021
2.812
0.747992
-1.55403
-4.11296
-6.59931
-8.83757
-10.9986
-12.7726
-13.9919
-14.6303
-14.9991
-14.7284
-14.1185
-13.2329
-12.631
-11.6085
-10.501
-9.4292
-8.42379
-7.48005
-6.52371
-5.35991
-4.22492
-2.90092
-1.38082
-0.348732
0.499402
2.0434
2.87943
3.22372
3.79913
4.08842
4.10274
4.01146
3.84001
3.60564
3.29602
2.92894
2.51029
2.06972
1.62262
1.17022
0.741736
0.361976
0.0503177
-0.182265
-0.335028
-0.414246
-0.434008
-0.411232
-0.36233
-0.301872
-0.239196
-0.182434
-0.136407
-0.104114
-0.0861053
-0.0748809
-0.0668947
-0.0608087
-0.0559671
-0.0519604
-0.0485267
-0.0454933
-0.0427445
-0.0402034
-0.037818
-0.0355546
-0.0333913
-0.0313148
-0.0293177
-0.0273964
-0.0255496
-0.0237775
-0.0220811
-0.0204615
-0.0189198
-0.0174569
-0.0160731
-0.0147684
-0.0135421
-0.0123932
-0.0113202
-0.010321
-0.00939336
-0.00853454
-0.00774156
-0.00701124
-0.00634025
-0.00572518
-0.0051626
-0.0046491
-0.00418133
-0.00375603
-0.00337004
-0.00302032
-0.002704
-0.00241833
-0.00216072
-0.00192874
-0.00172012
-0.00153275
-4586.42
-4519.28
-4374.36
-4146.64
-3853.01
-3516.81
-3154.41
-2790.47
-2462.97
-2179.15
-1936.46
-1724.07
-1528.29
-1317.99
-1081.03
-825.272
-551.37
-272.044
13.5659
292.113
528.061
705.863
828.588
895.844
929.928
937.203
923.131
899.76
870.11
835.235
795.542
750.998
701.876
647.572
592.227
537.923
487.946
444.002
406.895
376.119
349.902
325.186
297.268
263.151
221.006
171.958
116.253
54.9033
-6.88847
-66.3211
-121.189
-173.602
-221.101
-255.717
-283.487
-302.202
-311.169
-313.709
-309.285
-298.558
-283.992
-265.211
-237.227
-206.104
-172.687
-136.483
-90.5784
-53.4742
-16.9189
14.9279
40.6132
57.8365
67.3171
69.7337
66.1659
58.0736
46.8712
33.4126
18.6594
5.33876
-7.79513
-20.4284
-27.3788
-32.0504
-32.0876
-28.2943
-20.7967
-10.7258
0.283318
12.1347
24.0488
33.216
39.2582
41.75
41.2495
38.7828
34.9281
30.1837
25.6382
21.8994
18.7071
16.7955
16.1815
16.3912
17.0588
17.8243
18.3679
18.4321
17.9449
16.9287
15.5517
13.8158
12.1139
10.3947
8.58743
6.69809
4.69724
2.71354
0.669518
-1.59104
-4.07604
-6.49516
-8.67559
-10.7714
-12.4871
-13.6731
-14.3105
-14.663
-14.4139
-13.839
-12.9883
-12.3902
-11.386
-10.3191
-9.26929
-8.28241
-7.3455
-6.3925
-5.24716
-4.13232
-2.84085
-1.38502
-0.363828
0.498947
1.95313
2.76141
3.14354
3.68663
3.97077
3.99963
3.9177
3.75554
3.52867
3.22866
2.87217
2.46563
2.0374
1.60174
1.16164
0.745336
0.375525
0.0709615
-0.157578
-0.30942
-0.39026
-0.413413
-0.39493
-0.35048
-0.293963
-0.234688
-0.180527
-0.136298
-0.104837
-0.0866832
-0.0751326
-0.0669371
-0.0607124
-0.0557751
-0.0517024
-0.0482244
-0.0451631
-0.0423989
-0.039852
-0.0374681
-0.0352117
-0.0330594
-0.0309969
-0.029016
-0.0271122
-0.0252837
-0.0235303
-0.0218524
-0.0202511
-0.0187271
-0.0172811
-0.0159134
-0.0146237
-0.0134115
-0.0122757
-0.0112147
-0.0102266
-0.00930899
-0.00845933
-0.00767467
-0.00695185
-0.00628761
-0.00567859
-0.00512144
-0.00461278
-0.00414933
-0.00372786
-0.00334528
-0.00299858
-0.00268493
-0.00240161
-0.00214608
-0.00191593
-0.00170892
-0.00152296
-4502.8
-4435.87
-4293.31
-4071.65
-3786.49
-3459.7
-3107.89
-2754.77
-2434.65
-2155.24
-1914.46
-1702.23
-1505.22
-1295.53
-1061.66
-810.005
-541.664
-268.107
10.1389
280.006
509.436
683.741
805.02
873.428
908.85
917.779
905.826
884.059
855.624
821.767
783.004
739.415
691.338
638.424
584.452
531.479
482.573
439.368
402.62
371.83
345.289
320.089
291.869
257.798
216.154
167.885
113.31
53.4918
-6.79632
-64.8986
-118.692
-169.809
-215.958
-250.062
-277.29
-295.689
-304.716
-307.319
-303.087
-292.718
-278.348
-259.72
-232.528
-202.146
-169.278
-133.973
-89.4786
-53.3808
-17.7531
13.1647
38.1308
55.0412
64.4543
67.0291
63.7905
56.1272
45.3952
32.466
18.2918
5.36554
-7.2895
-19.3355
-26.1017
-30.5699
-30.6014
-26.9452
-19.753
-10.0773
0.555364
11.9584
23.359
32.1766
38.0309
40.5213
40.1405
37.8448
34.1955
29.6939
25.3471
21.7409
18.6675
16.8107
16.1592
16.3029
16.8858
17.57
18.048
18.0771
17.5852
16.5894
15.2452
13.5602
11.8896
10.1922
8.4083
6.54655
4.57636
2.61789
0.596647
-1.62185
-4.03719
-6.39306
-8.51819
-10.549
-12.2064
-13.3607
-13.9969
-14.3349
-14.1026
-13.5647
-12.7511
-12.1535
-11.1696
-10.1408
-9.11094
-8.13879
-7.20633
-6.26467
-5.14042
-4.04423
-2.78366
-1.38648
-0.377252
0.494811
1.86743
2.65039
3.06249
3.57752
3.85659
3.898
3.82516
3.67208
3.45287
3.16237
2.81647
2.4217
2.00541
1.58097
1.15286
0.74824
0.388058
0.0904195
-0.134132
-0.284944
-0.367213
-0.39351
-0.379068
-0.338841
-0.28611
-0.230111
-0.178473
-0.135993
-0.105371
-0.0871406
-0.0753265
-0.0669459
-0.0605946
-0.0555688
-0.0514347
-0.0479152
-0.044828
-0.0420498
-0.039498
-0.0371161
-0.034867
-0.0327261
-0.0306778
-0.0287131
-0.0268268
-0.0250167
-0.0232819
-0.0216227
-0.0200395
-0.0185332
-0.0171041
-0.0157524
-0.0144778
-0.0132797
-0.0121569
-0.011108
-0.010131
-0.00922354
-0.0083831
-0.00760679
-0.00689152
-0.00623409
-0.00563119
-0.0050795
-0.00457575
-0.00411666
-0.00369908
-0.00331995
-0.00297632
-0.00266538
-0.00238446
-0.00213104
-0.00190275
-0.00169739
-0.00151287
-4420.3
-4353.76
-4213.66
-3997.86
-3720.87
-3403.24
-3061.63
-2718.82
-2405.9
-2130.9
-1892.16
-1680.3
-1482.46
-1273.56
-1042.72
-795.137
-532.218
-264.375
6.7344
268.371
491.542
662.384
782.193
851.535
888.18
898.672
888.703
868.48
841.243
808.396
770.564
727.927
680.892
629.323
576.684
524.999
477.134
434.656
398.27
367.491
340.672
315.05
286.576
252.576
211.43
163.935
110.465
52.1226
-6.70906
-63.5065
-116.225
-166.087
-210.95
-244.523
-271.218
-289.307
-298.372
-301.034
-296.986
-286.954
-272.792
-254.349
-227.907
-198.247
-165.948
-131.521
-88.3755
-53.2425
-18.5412
11.4831
35.7605
52.3551
61.6953
64.4155
61.4884
54.2363
43.9598
31.5416
17.9234
5.3902
-6.80237
-18.2953
-24.8754
-29.1496
-29.1766
-25.653
-18.7519
-9.45453
0.811262
11.7818
22.6951
31.1787
36.8519
39.3351
39.0646
36.931
33.4774
29.2059
25.0492
21.5727
18.6145
16.8085
16.1248
16.2073
16.7109
17.3189
17.7345
17.7303
17.2336
16.2572
14.9445
13.3073
11.6672
9.99234
8.23215
6.398
4.45832
2.52533
0.528012
-1.64911
-3.99723
-6.29035
-8.36097
-10.3306
-11.9341
-13.0577
-13.6888
-14.015
-13.8004
-13.2933
-12.5125
-11.9197
-10.9557
-9.96241
-8.95312
-7.99763
-7.07327
-6.13824
-5.0345
-3.95791
-2.72839
-1.38557
-0.389459
0.487412
1.78585
2.54565
2.98133
3.47223
3.74657
3.79886
3.7346
3.59006
3.37835
3.09713
2.76144
2.37814
1.97351
1.5601
1.14372
0.750386
0.399582
0.108733
-0.111868
-0.261549
-0.345069
-0.37428
-0.363637
-0.327418
-0.27832
-0.225476
-0.176286
-0.135505
-0.105727
-0.0874828
-0.0754619
-0.0669204
-0.0604548
-0.0553478
-0.0511568
-0.047599
-0.0444879
-0.041697
-0.0391411
-0.036762
-0.0345206
-0.0323912
-0.0303573
-0.028409
-0.0265403
-0.0247485
-0.0230324
-0.0213917
-0.0198268
-0.0183381
-0.0169259
-0.0155902
-0.0143307
-0.0131467
-0.0120371
-0.0110002
-0.0100343
-0.00913704
-0.00830586
-0.00753795
-0.00683029
-0.0061797
-0.00558297
-0.00503681
-0.004538
-0.00408333
-0.00366969
-0.00329406
-0.00295354
-0.00264535
-0.00236687
-0.0021156
-0.00188921
-0.00168552
-0.00150248
-4338.91
-4272.91
-4135.35
-3925.24
-3656.13
-3347.39
-3015.61
-2682.64
-2376.76
-2106.17
-1869.58
-1658.31
-1460
-1252.03
-1024.2
-780.646
-523.021
-260.826
3.36801
257.184
474.339
641.758
760.075
830.156
867.913
879.875
871.767
853.029
826.968
795.123
758.219
716.532
670.532
620.268
568.924
518.486
471.635
429.869
393.851
363.107
336.053
310.065
281.383
247.48
206.829
160.102
107.715
50.7944
-6.62509
-62.1431
-113.788
-162.434
-206.071
-239.096
-265.268
-283.054
-292.136
-294.851
-290.982
-281.267
-267.325
-249.09
-223.364
-194.406
-162.692
-129.125
-87.2701
-53.0805
-19.2838
9.8809
33.4972
49.7749
59.0373
61.89
59.2577
52.3996
42.5638
30.6389
17.5551
5.41277
-6.33375
-17.3051
-23.6982
-27.7872
-27.8109
-24.4156
-17.7921
-8.8575
1.05039
11.6056
22.0573
30.2216
35.7188
38.1896
38.0204
36.0398
32.7734
28.7199
24.7457
21.3954
18.5472
16.79
16.0785
16.1045
16.534
17.07
17.4271
17.3914
16.8899
15.9318
14.649
13.057
11.4471
9.79521
8.05902
6.25212
4.34273
2.43575
0.463916
-1.67188
-3.95609
-6.18896
-8.20637
-10.1161
-11.6676
-12.762
-13.3871
-13.702
-13.5034
-13.0267
-12.2779
-11.6899
-10.7465
-9.78632
-8.79655
-7.85664
-6.94169
-6.01477
-4.93199
-3.8744
-2.67503
-1.38251
-0.400422
0.477437
1.7082
2.44652
2.90015
3.37
3.6398
3.70156
3.64559
3.50934
3.30514
3.03298
2.70743
2.33519
1.94185
1.53925
1.1343
0.751846
0.41015
0.125945
-0.0907443
-0.239202
-0.3238
-0.355707
-0.348634
-0.316215
-0.270604
-0.220794
-0.173976
-0.134848
-0.105916
-0.0877149
-0.0755387
-0.0668598
-0.0602924
-0.0551116
-0.0508684
-0.0472755
-0.0441425
-0.0413403
-0.0387814
-0.0364055
-0.0341723
-0.0320548
-0.0300355
-0.0281036
-0.0262526
-0.0244792
-0.0227817
-0.0211596
-0.0196129
-0.0181418
-0.0167465
-0.0154268
-0.0141824
-0.0130126
-0.011916
-0.0108913
-0.00993655
-0.00904949
-0.00822762
-0.00746816
-0.00676814
-0.00612447
-0.00553395
-0.00499337
-0.00449956
-0.00404936
-0.0036397
-0.00326762
-0.00293024
-0.00262485
-0.00234884
-0.00209977
-0.00187531
-0.00167333
-0.00149179
-4258.62
-4193.29
-4058.34
-3853.74
-3592.24
-3292.14
-2969.85
-2646.29
-2347.28
-2081.08
-1846.76
-1636.27
-1437.79
-1230.93
-1006.07
-766.511
-514.059
-257.439
0.0531231
246.424
457.792
621.833
738.635
809.281
848.043
861.385
855.021
837.709
812.801
781.949
745.969
705.229
660.256
611.258
561.173
511.942
466.078
425.013
389.368
358.682
331.434
305.135
276.285
242.502
202.347
156.381
105.055
49.5062
-6.54307
-60.8071
-111.384
-158.85
-201.315
-233.779
-259.436
-276.923
-286.007
-288.77
-285.072
-275.658
-261.944
-243.939
-218.896
-190.625
-159.507
-126.779
-86.1629
-52.893
-19.9812
8.35529
31.3361
47.2967
56.4768
59.4502
57.0968
50.6158
41.2063
29.7576
17.1876
5.4326
-5.88368
-16.3623
-22.5682
-26.4807
-26.5019
-23.2306
-16.872
-8.28519
1.27453
11.4301
21.4433
29.3023
34.6295
37.0832
37.007
35.1709
32.0829
28.2362
24.437
21.2094
18.4666
16.7562
16.0212
15.9949
16.3551
16.8236
17.1255
17.0598
16.5538
15.613
14.3589
12.8095
11.2292
9.60075
7.88884
6.10907
4.22976
2.34904
0.403554
-1.69113
-3.91371
-6.08761
-8.05315
-9.9056
-11.4079
-12.4739
-13.091
-13.3966
-13.2133
-12.7635
-12.0444
-11.463
-10.5401
-9.61105
-8.64085
-7.71717
-6.81228
-5.89284
-4.83215
-3.79312
-2.62334
-1.37766
-0.410388
0.465297
1.63427
2.35264
2.81961
3.27112
3.53658
3.60649
3.55832
3.42993
3.23311
2.9698
2.65416
2.29267
1.91036
1.51836
1.12457
0.752638
0.419801
0.142102
-0.0707136
-0.217867
-0.30338
-0.337774
-0.334053
-0.305237
-0.262969
-0.216074
-0.171554
-0.134035
-0.105948
-0.0878419
-0.0755571
-0.0667635
-0.060107
-0.0548598
-0.0505694
-0.0469444
-0.0437918
-0.0409797
-0.0384186
-0.0360468
-0.0338222
-0.0317168
-0.0297122
-0.0277969
-0.0259637
-0.0242087
-0.0225298
-0.0209263
-0.0193978
-0.0179443
-0.0165659
-0.0152623
-0.014033
-0.0128772
-0.0117939
-0.0107813
-0.00983773
-0.00896091
-0.00814839
-0.00739743
-0.00670511
-0.00606839
-0.00548414
-0.00494919
-0.00446043
-0.00401474
-0.00360912
-0.00324062
-0.00290644
-0.00260389
-0.00233039
-0.00208354
-0.00186106
-0.00166081
-0.00148081
-4179.41
-4114.86
-3982.57
-3783.33
-3529.19
-3237.47
-2924.33
-2609.78
-2317.48
-2055.67
-1823.73
-1614.19
-1415.84
-1210.22
-988.325
-752.712
-505.321
-254.193
-3.19894
236.072
441.868
602.578
717.847
788.897
828.563
843.195
838.466
822.524
798.744
768.875
733.814
694.015
650.06
602.291
553.431
505.371
460.469
420.092
384.825
354.22
326.817
300.255
271.279
237.639
197.978
152.767
102.479
48.2567
-6.46192
-59.4971
-109.012
-155.333
-196.675
-228.57
-253.72
-270.913
-279.983
-282.788
-279.255
-270.127
-256.648
-238.891
-214.502
-186.901
-156.389
-124.482
-85.0546
-52.6794
-20.6342
6.90381
29.2726
44.9171
54.0105
57.0934
55.0037
48.8839
39.8864
28.8974
16.8215
5.44889
-5.4515
-15.4645
-21.484
-25.2279
-25.2474
-22.096
-15.9903
-7.73706
1.4841
11.2555
20.8526
28.419
33.5815
36.0141
36.0233
34.3234
31.4057
27.7551
24.1236
21.0154
18.3734
16.708
15.9534
15.8785
16.1743
16.5794
16.8293
16.7354
16.2248
15.3005
14.0737
12.5649
11.0136
9.40895
7.72151
5.96868
4.11929
2.26517
0.346488
-1.70682
-3.87037
-5.98714
-7.90192
-9.69882
-11.1541
-12.1927
-12.8009
-13.0978
-12.9288
-12.5047
-11.8139
-11.2398
-10.3375
-9.43764
-8.48652
-7.57947
-6.68392
-5.77294
-4.73582
-3.7141
-2.5731
-1.3712
-0.419387
0.451403
1.56377
2.26338
2.7397
3.17507
3.4364
3.51342
3.4727
3.35187
3.16233
2.90766
2.60194
2.25068
1.87908
1.49747
1.11454
0.752794
0.428573
0.157244
-0.0517348
-0.197508
-0.283784
-0.320465
-0.31989
-0.294488
-0.255421
-0.211327
-0.169031
-0.133076
-0.105833
-0.0878688
-0.0755173
-0.0666314
-0.0598982
-0.0545923
-0.0502594
-0.0466057
-0.0434354
-0.040615
-0.0380528
-0.0356856
-0.0334701
-0.0313772
-0.0293876
-0.0274889
-0.0256735
-0.023937
-0.0222768
-0.0206918
-0.0191815
-0.0177457
-0.0163841
-0.0150965
-0.0138824
-0.0127408
-0.0116706
-0.0106702
-0.00973785
-0.00887132
-0.00806818
-0.00732577
-0.0066412
-0.00601148
-0.00543354
-0.00490428
-0.00442061
-0.00397949
-0.00357794
-0.00321308
-0.00288214
-0.00258246
-0.00231152
-0.00206693
-0.00184645
-0.00164797
-0.00146953
-4101.27
-4037.6
-3908
-3713.96
-3466.94
-3183.36
-2879.06
-2573.15
-2287.4
-2029.96
-1800.49
-1592.08
-1394.12
-1189.88
-970.931
-739.231
-496.793
-251.071
-6.37862
226.109
426.537
583.965
697.682
768.996
809.466
825.302
822.106
807.477
784.8
755.901
721.753
682.889
639.942
593.368
545.698
498.775
454.81
415.11
380.228
349.724
322.202
295.425
266.361
232.884
193.718
149.254
99.9833
47.0447
-6.38075
-58.2119
-106.674
-151.882
-192.147
-223.465
-248.117
-265.02
-274.06
-276.904
-273.53
-264.674
-251.435
-233.942
-210.181
-183.235
-153.334
-122.229
-83.9457
-52.441
-21.2434
5.52395
27.3024
42.6328
51.6353
54.8173
52.9767
47.2027
38.603
28.0578
16.4574
5.46141
-5.03714
-14.6096
-20.4439
-24.0271
-24.0453
-21.0096
-15.1457
-7.21233
1.68012
11.0821
20.2832
27.5699
32.5729
34.9808
35.0683
33.4967
30.7412
27.2768
23.806
20.8137
18.2684
16.6464
15.8752
15.7565
15.9917
16.3372
16.5382
16.4177
15.9028
14.9941
13.7934
12.3231
10.8005
9.21977
7.55702
5.83098
4.01135
2.18403
0.291693
-1.71936
-3.82593
-5.88706
-7.75241
-9.49588
-10.9062
-11.9182
-12.5166
-12.8059
-12.6502
-12.2494
-11.5854
-11.0196
-10.1378
-9.26553
-8.33324
-7.44306
-6.55707
-5.65544
-4.6414
-3.63705
-2.52435
-1.36338
-0.42754
0.436128
1.4966
2.17851
2.6609
3.08198
3.33932
3.42245
3.38872
3.27511
3.09271
2.84648
2.55078
2.20914
1.848
1.47657
1.10422
0.752342
0.436505
0.171413
-0.0337678
-0.178092
-0.264985
-0.303766
-0.306138
-0.283969
-0.247967
-0.206566
-0.166416
-0.131983
-0.105582
-0.0878003
-0.07542
-0.0664635
-0.0596659
-0.0543087
-0.0499382
-0.0462589
-0.0430734
-0.040246
-0.0376838
-0.0353219
-0.033116
-0.0310359
-0.0290615
-0.0271796
-0.0253821
-0.0236641
-0.0220226
-0.0204562
-0.0189641
-0.0175459
-0.0162012
-0.0149297
-0.0137307
-0.0126032
-0.0115462
-0.010558
-0.00963693
-0.00878072
-0.00798702
-0.00725319
-0.00657642
-0.00595375
-0.00538218
-0.00485865
-0.00438012
-0.00394361
-0.00354618
-0.00318501
-0.00285734
-0.00256058
-0.00229223
-0.00204994
-0.0018315
-0.00163482
-0.00145797
-4024.19
-3961.47
-3834.58
-3645.62
-3405.48
-3129.8
-2834.02
-2536.42
-2257.07
-2003.98
-1777.06
-1569.95
-1372.62
-1169.89
-953.874
-726.049
-488.465
-248.058
-9.47789
216.52
411.77
565.968
678.115
749.564
790.744
807.7
805.942
792.57
770.97
743.027
709.784
671.848
629.897
584.486
537.976
492.156
449.106
410.075
375.58
345.198
317.592
290.643
261.525
228.232
189.561
145.838
97.5645
45.8691
-6.29885
-56.9506
-104.371
-148.496
-187.725
-218.463
-242.624
-259.239
-268.239
-271.115
-267.894
-259.299
-246.305
-229.087
-205.932
-179.626
-150.34
-120.018
-82.8365
-52.1792
-21.8096
4.21332
25.4216
40.4403
49.3483
52.6193
51.0141
45.5709
37.3554
27.2385
16.0957
5.46996
-4.64033
-13.7954
-19.4464
-22.8762
-22.8934
-19.9695
-14.3367
-6.71035
1.8632
10.91
19.7343
26.7537
31.6015
33.9817
34.141
32.6903
30.0893
26.8016
23.4847
20.6047
18.1522
16.5723
15.7871
15.6288
15.8072
16.0968
16.252
16.1063
15.5873
14.6935
13.5179
12.0842
10.5897
9.03321
7.39527
5.6959
3.90589
2.10561
0.238936
-1.72891
-3.7806
-5.78768
-7.60472
-9.29652
-10.6638
-11.6499
-12.238
-12.5203
-12.377
-11.9983
-11.3596
-10.8027
-9.94125
-9.09513
-8.18135
-7.30761
-6.43225
-5.54071
-4.54885
-3.56179
-2.47697
-1.35435
-0.434906
0.41972
1.43248
2.09749
2.5832
2.99155
3.24506
3.33349
3.30639
3.19968
3.0243
2.78624
2.49905
2.16806
1.81712
1.45567
1.09363
0.75131
0.443633
0.184645
-0.0167743
-0.159585
-0.246959
-0.287662
-0.292792
-0.273683
-0.24061
-0.201797
-0.163711
-0.130767
-0.105204
-0.0876409
-0.0752662
-0.0662596
-0.0594098
-0.0540088
-0.0496056
-0.0459041
-0.0427054
-0.0398727
-0.0373115
-0.0349557
-0.0327599
-0.030693
-0.0287339
-0.026869
-0.0250895
-0.02339
-0.0217673
-0.0202195
-0.0187456
-0.0173449
-0.0160172
-0.0147617
-0.0135778
-0.0124645
-0.0114207
-0.0104448
-0.00953499
-0.00868914
-0.00790491
-0.00717972
-0.00651078
-0.00589522
-0.00533006
-0.0048123
-0.00433896
-0.00390711
-0.00351385
-0.0031564
-0.00283205
-0.00253825
-0.00227253
-0.00203257
-0.0018162
-0.00162135
-0.00144612
-3948.15
-3886.45
-3762.28
-3578.25
-3344.79
-3076.76
-2789.23
-2499.62
-2226.51
-1977.76
-1753.47
-1547.81
-1351.32
-1150.22
-937.137
-713.15
-480.323
-245.138
-12.4901
207.288
397.539
548.56
659.123
730.59
772.392
790.385
789.975
777.807
757.255
730.254
697.908
660.89
619.925
575.646
530.265
485.517
443.361
404.988
370.886
340.644
312.988
285.908
256.769
223.679
185.505
142.515
95.2184
44.7285
-6.21564
-55.7121
-102.103
-145.174
-183.405
-213.56
-237.238
-253.569
-262.517
-265.421
-262.347
-254.002
-241.256
-224.324
-201.753
-176.072
-147.404
-117.846
-81.7272
-51.8948
-22.3338
2.96958
23.6265
38.3365
47.1466
50.4973
49.1142
43.9875
36.1426
26.4391
15.7369
5.47436
-4.26076
-13.02
-18.49
-21.7734
-21.7899
-18.9738
-13.5622
-6.2304
2.03406
10.7392
19.205
25.9679
30.6656
33.0152
33.2406
31.9034
29.4494
26.3295
23.1601
20.389
18.0256
16.4863
15.6903
15.4952
15.6211
15.8582
15.9703
15.801
15.2781
14.3985
13.247
11.8483
10.3814
8.84922
7.23624
5.56341
3.80287
2.02986
0.193302
-1.73562
-3.73435
-5.68885
-7.45882
-9.10078
-10.4268
-11.3877
-11.965
-12.2409
-12.1093
-11.7509
-11.1362
-10.5888
-9.74756
-8.92624
-8.03076
-7.17346
-6.30882
-5.42857
-4.45801
-3.48828
-2.43085
-1.34427
-0.441542
0.402487
1.37133
2.02015
2.50691
2.9038
3.15358
3.24654
3.22565
3.12554
2.95702
2.72695
2.44812
2.12744
1.78646
1.43476
1.08276
0.749721
0.449989
0.196981
-0.000718742
-0.141958
-0.229682
-0.272137
-0.279846
-0.263631
-0.233356
-0.197027
-0.160946
-0.129439
-0.104707
-0.0873951
-0.0750571
-0.06602
-0.0591297
-0.0536925
-0.0492614
-0.045541
-0.0423315
-0.039495
-0.0369358
-0.0345869
-0.0324017
-0.0303482
-0.0284048
-0.0265571
-0.0247957
-0.0231148
-0.0215108
-0.0199816
-0.0185259
-0.0171429
-0.015832
-0.0145926
-0.0134238
-0.0123248
-0.0112942
-0.0103305
-0.00943203
-0.00859658
-0.00782187
-0.00710535
-0.0064443
-0.00583588
-0.00527718
-0.00476525
-0.00429715
-0.00387
-0.00348095
-0.00312726
-0.00280628
-0.00251547
-0.00225242
-0.00201483
-0.00180055
-0.00160757
-0.00143399
-3873.13
-3812.5
-3691.05
-3511.83
-3284.84
-3024.24
-2744.67
-2462.76
-2195.76
-1951.31
-1729.74
-1525.66
-1330.21
-1130.85
-920.701
-700.518
-472.357
-242.3
-15.4097
198.399
383.821
531.717
640.684
712.064
754.401
773.353
774.203
763.187
743.656
717.581
686.123
650.016
610.022
566.846
522.565
478.859
437.577
399.853
366.149
336.066
308.39
281.217
252.089
219.22
181.543
139.28
92.9416
43.6219
-6.1307
-54.4956
-99.8701
-141.914
-179.182
-208.754
-231.956
-248.005
-256.892
-259.82
-256.886
-248.782
-236.286
-219.648
-197.643
-172.575
-144.523
-115.712
-80.6181
-51.5887
-22.8167
1.79045
21.9135
36.3184
45.0272
48.4488
47.2753
42.4513
34.9638
25.6592
15.3813
5.47451
-3.89826
-12.2815
-17.5732
-20.7169
-20.7329
-18.0207
-12.8208
-5.7718
2.19331
10.5699
18.6944
25.2113
29.7632
32.0796
32.3665
31.1354
28.8214
25.8609
22.8327
20.167
17.8892
16.3893
15.5851
15.3559
15.4331
15.6212
15.6931
15.5014
14.9749
14.109
12.9807
11.6153
10.1757
8.66781
7.07985
5.43346
3.70225
1.95672
0.150502
-1.73972
-3.68731
-5.59066
-7.31469
-8.90849
-10.1949
-11.1313
-11.6976
-11.9674
-11.8467
-11.5073
-10.9155
-10.3781
-9.55676
-8.75904
-7.88159
-7.04054
-6.18719
-5.3188
-4.36885
-3.41639
-2.38586
-1.33328
-0.447506
0.384604
1.31292
1.94617
2.43204
2.81853
3.06469
3.16156
3.14651
3.05271
2.89089
2.6686
2.39803
2.08729
1.756
1.41385
1.07162
0.747601
0.455605
0.208457
0.0144329
-0.125178
-0.213131
-0.257177
-0.267294
-0.253814
-0.22621
-0.192265
-0.158118
-0.128008
-0.1041
-0.0870672
-0.0747939
-0.065745
-0.0588258
-0.0533596
-0.0489056
-0.0451695
-0.0419515
-0.0391127
-0.0365567
-0.0342153
-0.0320413
-0.0300017
-0.0280742
-0.0262438
-0.0245006
-0.0228384
-0.0212532
-0.0197426
-0.0183051
-0.0169397
-0.0156457
-0.0144223
-0.0132688
-0.0121839
-0.0111666
-0.0102152
-0.00932808
-0.00850307
-0.00773791
-0.00703011
-0.00637699
-0.00577576
-0.00522357
-0.0047175
-0.00425469
-0.00383228
-0.00344749
-0.00309761
-0.00278003
-0.00249226
-0.0022319
-0.00199671
-0.00178457
-0.00159348
-0.00142158
-3799.12
-3739.6
-3620.87
-3446.33
-3225.61
-2972.22
-2700.35
-2425.88
-2164.84
-1924.67
-1705.88
-1503.51
-1309.28
-1111.76
-904.552
-688.136
-464.554
-239.531
-18.2322
189.839
370.591
515.416
622.774
693.974
736.765
756.602
758.626
748.714
730.174
705.009
674.428
639.221
600.186
558.086
514.878
472.186
431.758
394.675
361.372
331.467
303.799
276.569
247.482
214.851
177.673
136.129
90.7307
42.5478
-6.04372
-53.3004
-97.6723
-138.716
-175.053
-204.043
-226.776
-242.546
-251.362
-254.31
-251.51
-243.638
-231.395
-215.058
-193.599
-169.131
-141.694
-113.613
-79.5093
-51.2618
-23.2595
0.673729
20.2794
34.3828
42.9875
46.4716
45.4958
40.9612
33.8182
24.8984
15.0291
5.47035
-3.55238
-11.5782
-16.6946
-19.7049
-19.7204
-17.1085
-12.1115
-5.33386
2.34152
10.4022
18.2014
24.4822
28.8929
31.1754
31.5158
30.3857
28.2048
25.3957
22.5028
19.939
17.7435
16.2818
15.4719
15.2116
15.2434
15.3856
15.4199
15.2073
14.6775
13.8248
12.7187
11.3853
9.97246
8.48895
6.92606
5.30601
3.60399
1.8861
0.110318
-1.74138
-3.6395
-5.49309
-7.17234
-8.71961
-9.96797
-10.8803
-11.4355
-11.6996
-11.5892
-11.2674
-10.6973
-10.1703
-9.36864
-8.59344
-7.7338
-6.90887
-6.06711
-5.21125
-4.28138
-3.34608
-2.3419
-1.3215
-0.45283
0.36629
1.25716
1.87535
2.35873
2.73571
2.97833
3.07852
3.06893
2.98115
2.82587
2.61117
2.34876
2.0476
1.72575
1.39295
1.06023
0.744972
0.460512
0.21911
0.0287117
-0.109216
-0.197284
-0.242769
-0.25513
-0.244233
-0.219175
-0.187516
-0.155235
-0.126482
-0.103389
-0.0866613
-0.074478
-0.0654349
-0.0584979
-0.0530101
-0.048538
-0.0447895
-0.0415652
-0.0387258
-0.0361741
-0.0338411
-0.0316787
-0.0296534
-0.027742
-0.0259291
-0.0242042
-0.0225608
-0.0209944
-0.0195024
-0.0180832
-0.0167354
-0.0154583
-0.014251
-0.0131126
-0.012042
-0.0110379
-0.0100989
-0.00922315
-0.00840861
-0.00765304
-0.006954
-0.00630886
-0.00571487
-0.00516922
-0.00466907
-0.00421159
-0.00379397
-0.00341348
-0.00306745
-0.00275331
-0.00246861
-0.00221099
-0.00197824
-0.00176826
-0.00157909
-0.00140889
-3726.1
-3667.71
-3551.69
-3381.72
-3167.08
-2920.68
-2656.27
-2388.98
-2133.77
-1897.86
-1681.9
-1481.36
-1288.52
-1092.94
-888.672
-675.99
-456.905
-236.82
-20.9538
181.595
357.828
499.635
605.375
676.307
719.475
740.125
743.246
734.387
716.81
692.539
662.824
628.507
590.417
549.365
507.202
465.499
425.906
389.456
356.559
326.847
299.215
271.964
242.945
210.568
173.89
133.059
88.5824
41.5053
-5.95447
-52.1257
-95.5095
-135.577
-171.014
-199.424
-221.695
-237.188
-245.926
-248.888
-246.218
-238.569
-226.579
-210.549
-189.622
-165.74
-138.914
-111.548
-78.401
-50.9147
-23.6631
-0.382717
18.7209
32.5269
41.0249
44.5637
43.7741
39.516
32.705
24.1564
14.6808
5.46185
-3.22263
-10.9086
-15.853
-18.7358
-18.7509
-16.2357
-11.4329
-4.91592
2.47923
10.2361
17.725
23.7792
28.0531
30.3013
30.6878
29.6538
27.5994
24.9341
22.1707
19.7055
17.5891
16.1647
15.3509
15.0625
15.0521
15.1516
15.1507
14.9184
14.3857
13.5455
12.461
11.1582
9.77171
8.3126
6.77483
5.18102
3.50805
1.81793
0.0727392
-1.74079
-3.591
-5.39617
-7.03174
-8.53404
-9.74578
-10.6348
-11.1786
-11.4374
-11.3364
-11.0313
-10.4818
-9.96548
-9.18318
-8.42952
-7.58746
-6.77849
-5.94869
-5.10575
-4.19558
-3.27719
-2.29889
-1.30902
-0.457564
0.347681
1.20385
1.80739
2.287
2.6552
2.89436
2.99738
2.9929
2.91087
2.76196
2.55465
2.30026
2.00837
1.69572
1.37205
1.0486
0.741857
0.46474
0.228975
0.0421455
-0.0940431
-0.18212
-0.228899
-0.243348
-0.234887
-0.212256
-0.182787
-0.152305
-0.124868
-0.102583
-0.0861815
-0.074111
-0.0650902
-0.0581463
-0.052644
-0.0481584
-0.0444009
-0.0411725
-0.0383341
-0.0357878
-0.033464
-0.0313139
-0.0293032
-0.0274083
-0.025613
-0.0239066
-0.022282
-0.0207345
-0.0192612
-0.0178602
-0.0165301
-0.0152699
-0.0140786
-0.0129554
-0.011899
-0.0109083
-0.00998162
-0.00911725
-0.00831322
-0.00756728
-0.00687704
-0.00623991
-0.0056532
-0.00511415
-0.00461996
-0.00416785
-0.00375507
-0.00337892
-0.00303678
-0.00272612
-0.00244453
-0.00218968
-0.0019594
-0.00175162
-0.0015644
-0.00139593
-3654.05
-3596.82
-3483.49
-3317.97
-3109.23
-2869.62
-2612.42
-2352.07
-2102.57
-1870.89
-1657.81
-1459.23
-1267.92
-1074.37
-873.048
-664.066
-449.399
-234.158
-23.5717
173.656
345.512
484.352
588.467
659.054
702.526
723.917
728.061
720.208
703.565
680.169
651.308
617.87
580.711
540.683
499.54
458.8
420.024
384.2
351.713
322.211
294.642
267.399
238.474
206.367
170.191
130.066
86.4939
40.493
-5.86279
-50.9709
-93.3816
-132.498
-167.061
-194.894
-216.711
-231.928
-240.581
-243.554
-241.009
-233.576
-221.839
-206.119
-185.708
-162.402
-136.182
-109.514
-77.2934
-50.5482
-24.0285
-1.38096
17.2352
30.748
39.1368
42.7228
42.1085
38.1147
31.6233
23.4328
14.3364
5.44906
-2.90872
-10.2709
-15.0469
-17.808
-17.8225
-15.4005
-10.784
-4.51731
2.60692
10.0717
17.2645
23.101
27.2423
29.4552
29.8824
28.9391
27.0048
24.4763
21.8368
19.4668
17.4265
16.0384
15.2227
14.9085
14.8597
14.9188
14.885
14.6344
14.0991
13.2711
12.2075
10.9341
9.57349
8.13875
6.6261
5.05843
3.41437
1.75213
0.0376467
-1.73811
-3.54185
-5.29991
-6.89289
-8.35169
-9.52816
-10.3943
-10.9268
-11.1806
-11.0884
-10.7988
-10.2689
-9.76351
-9.00027
-8.26726
-7.44255
-6.64941
-5.83182
-5.0022
-4.11081
-3.21029
-2.25674
-1.29593
-0.461727
0.328941
1.15288
1.74217
2.21696
2.57695
2.8127
2.91811
2.91838
2.84185
2.69913
2.49901
2.25251
1.9696
1.6659
1.35117
1.03673
0.738275
0.468316
0.238094
0.0547553
-0.0796321
-0.167617
-0.215552
-0.23194
-0.225776
-0.205454
-0.178084
-0.149334
-0.123176
-0.101687
-0.0856317
-0.0736944
-0.0647115
-0.0577711
-0.0522612
-0.0477669
-0.0440035
-0.0407735
-0.0379377
-0.0353979
-0.0330841
-0.0309469
-0.0289512
-0.0270729
-0.0252955
-0.0236077
-0.022002
-0.0204734
-0.0190188
-0.0176361
-0.0163236
-0.0150803
-0.0139052
-0.0127971
-0.0117551
-0.0107776
-0.00986332
-0.0090104
-0.0082169
-0.00748064
-0.00679924
-0.00617017
-0.00559079
-0.00505838
-0.00457019
-0.0041235
-0.00371559
-0.00334382
-0.00300561
-0.00269847
-0.00242002
-0.00216798
-0.0019402
-0.00173465
-0.00154941
-0.0013827
-3582.94
-3526.9
-3416.23
-3255.06
-3052.04
-2819.03
-2568.81
-2315.19
-2071.26
-1843.77
-1633.64
-1437.11
-1247.47
-1056.03
-857.666
-652.351
-442.025
-231.535
-26.0834
166.01
333.622
469.548
572.032
642.202
685.909
707.974
713.072
706.177
690.439
667.9
639.881
607.309
571.067
532.039
491.891
452.09
414.116
378.91
346.836
317.56
290.078
262.874
234.067
202.245
166.572
127.147
84.4622
39.5097
-5.7686
-49.8353
-91.2885
-129.476
-163.192
-190.452
-211.82
-226.764
-235.326
-238.306
-235.88
-228.656
-217.172
-201.765
-181.857
-159.114
-133.497
-107.51
-76.1863
-50.163
-24.3567
-2.32299
15.8195
29.0433
37.3208
40.947
40.4977
36.7561
30.5724
22.7272
13.9962
5.43201
-2.61025
-9.66391
-14.275
-16.9198
-16.9338
-14.6016
-10.1637
-4.1374
2.72506
9.90885
16.819
22.4463
26.4591
28.6353
29.0995
28.2411
26.4208
24.0222
21.5014
19.2234
17.2562
15.9035
15.0877
14.7501
14.6657
14.6873
14.6228
14.3552
13.8176
13.0015
11.958
10.713
9.3778
7.96736
6.47983
4.93821
3.32292
1.68863
0.00492485
-1.73347
-3.49213
-5.2043
-6.75575
-8.17248
-9.31495
-10.1589
-10.6799
-10.9289
-10.8449
-10.5699
-10.0587
-9.56438
-8.81986
-8.10669
-7.2991
-6.52162
-5.71652
-4.90046
-4.02693
-3.14537
-2.21538
-1.28231
-0.465358
0.310174
1.10408
1.67953
2.14862
2.50088
2.73327
2.84065
2.84536
2.77407
2.63737
2.44426
2.20548
1.93128
1.63629
1.3303
1.02463
0.734248
0.471267
0.246463
0.0666059
-0.0659555
-0.153754
-0.202716
-0.220901
-0.2169
-0.198775
-0.173414
-0.146331
-0.121413
-0.10071
-0.0850157
-0.07323
-0.0642995
-0.0573724
-0.0518617
-0.0473635
-0.0435975
-0.040368
-0.0375364
-0.0350044
-0.0327014
-0.0305775
-0.0285973
-0.026736
-0.0249766
-0.0233075
-0.0217208
-0.0202112
-0.0187754
-0.0174109
-0.0161161
-0.0148897
-0.0137307
-0.0126378
-0.01161
-0.0106459
-0.00974406
-0.00890261
-0.00811969
-0.00739313
-0.00672062
-0.00609965
-0.00552763
-0.0050019
-0.00451976
-0.00407853
-0.00367554
-0.00330819
-0.00297395
-0.00267037
-0.0023951
-0.0021459
-0.00192065
-0.00171736
-0.00153413
-0.0013692
-3512.77
-3457.91
-3349.88
-3192.96
-2995.5
-2768.88
-2525.44
-2278.33
-2039.86
-1816.54
-1609.4
-1415.01
-1227.16
-1037.92
-842.511
-640.832
-434.774
-228.943
-28.4875
158.647
322.141
455.204
556.051
625.741
669.618
692.292
698.277
692.294
677.431
655.732
628.542
596.824
561.484
523.433
484.256
445.372
408.183
373.588
341.931
312.895
285.525
258.387
229.721
198.198
163.03
124.297
82.4847
38.5545
-5.67189
-48.7185
-89.2297
-126.509
-159.402
-186.095
-207.021
-221.693
-230.159
-233.142
-230.83
-223.81
-212.577
-197.485
-178.067
-155.876
-130.854
-105.534
-75.08
-49.7597
-24.6487
-3.21075
14.471
27.4103
35.5745
39.2342
38.9399
35.4392
29.5516
22.0392
13.6603
5.41081
-2.32681
-9.08611
-13.5363
-16.0699
-16.0832
-13.8376
-9.57085
-3.77555
2.83407
9.74767
16.3878
21.8139
25.7021
27.8403
28.3382
27.5591
25.8471
23.572
21.1648
18.9755
17.0788
15.7607
14.9462
14.5875
14.4703
14.457
14.3639
14.0804
13.541
12.7363
11.7124
10.4947
9.18462
7.79841
6.33597
4.82031
3.23364
1.62734
-0.0255455
-1.72703
-3.44187
-5.10938
-6.62032
-7.99634
-9.10598
-9.92821
-10.4378
-10.6822
-10.6059
-10.3444
-9.85119
-9.36801
-8.64187
-7.94779
-7.15711
-6.39514
-5.60274
-4.80051
-3.94455
-3.08171
-2.17473
-1.26822
-0.468473
0.291489
1.05728
1.61937
2.082
2.4269
2.65597
2.76498
2.7738
2.70752
2.57666
2.39037
2.15915
1.89342
1.6069
1.30944
1.01232
0.729793
0.473618
0.254112
0.0777251
-0.0529871
-0.140513
-0.190377
-0.210225
-0.208257
-0.192219
-0.16878
-0.143302
-0.119585
-0.0996569
-0.0843372
-0.0727195
-0.0638548
-0.0569507
-0.0514458
-0.046948
-0.0431826
-0.0399559
-0.0371302
-0.034607
-0.0323157
-0.0302058
-0.0282414
-0.0263974
-0.0246563
-0.023006
-0.0214384
-0.0199479
-0.0185308
-0.0171846
-0.0159075
-0.0146981
-0.0135551
-0.0124775
-0.011464
-0.0105133
-0.00962384
-0.0087939
-0.00802158
-0.00730477
-0.00664117
-0.00602834
-0.00546374
-0.00494473
-0.00446868
-0.00403295
-0.00363492
-0.00327204
-0.00294181
-0.00264182
-0.00236976
-0.00212344
-0.00190076
-0.00169975
-0.00151855
-0.00135544
-3443.5
-3389.85
-3284.43
-3131.64
-2939.59
-2719.18
-2482.3
-2241.51
-2008.39
-1789.21
-1585.09
-1392.94
-1207
-1020.01
-827.57
-629.498
-427.637
-226.376
-30.7824
151.557
311.049
441.301
540.509
609.66
653.644
676.865
683.674
678.56
664.543
643.664
617.289
586.413
551.961
514.864
476.636
438.647
402.228
368.238
337.003
308.219
280.983
253.937
225.434
194.222
159.56
121.515
80.5588
37.626
-5.57268
-47.62
-87.205
-123.598
-155.691
-181.821
-202.311
-216.713
-225.077
-228.061
-225.858
-219.035
-208.053
-193.277
-174.337
-152.686
-128.254
-103.585
-73.9744
-49.3389
-24.9055
-4.04612
13.1873
25.8463
33.8955
37.5825
37.4338
34.1628
28.56
21.3686
13.3289
5.38559
-2.05795
-8.53626
-12.8294
-15.2566
-15.2692
-13.107
-9.00456
-3.43115
2.93436
9.58807
15.97
21.2027
24.9702
27.0695
27.5976
26.8927
25.2834
23.1257
20.8271
18.7234
16.8946
15.6103
14.7985
14.421
14.2735
14.2278
14.1081
13.8099
13.269
12.4755
11.4706
10.2794
8.99395
7.63187
6.19448
4.70469
3.14648
1.56822
-0.0538778
-1.71891
-3.39113
-5.01513
-6.48656
-7.82317
-8.9011
-9.70214
-10.2004
-10.4403
-10.3711
-10.1225
-9.64631
-9.17434
-8.46624
-7.79058
-7.01658
-6.26996
-5.49045
-4.70219
-3.86364
-3.01922
-2.13473
-1.25372
-0.471098
0.272968
1.01219
1.56173
2.0171
2.35496
2.58074
2.69105
2.70369
2.64218
2.51698
2.33733
2.11349
1.856
1.57772
1.2886
0.999807
0.724931
0.475391
0.261071
0.0881379
-0.0407024
-0.127873
-0.178523
-0.199904
-0.199846
-0.185789
-0.164187
-0.140252
-0.1177
-0.0985338
-0.0835997
-0.0721646
-0.0633783
-0.0565061
-0.0510133
-0.0465206
-0.0427588
-0.0395373
-0.036719
-0.0342058
-0.031927
-0.0298317
-0.0278837
-0.0260572
-0.0243346
-0.0227033
-0.0211548
-0.0196834
-0.0182852
-0.0169573
-0.0156979
-0.0145054
-0.0133786
-0.0123162
-0.011317
-0.0103797
-0.00950268
-0.00868428
-0.0079226
-0.00721557
-0.00656093
-0.00595628
-0.00539912
-0.00488688
-0.00441697
-0.00398678
-0.00359375
-0.00323537
-0.00290918
-0.00261282
-0.00234402
-0.0021006
-0.00188052
-0.00168183
-0.00150269
-0.00134141
-3375.12
-3322.67
-3219.83
-3071.08
-2884.28
-2669.9
-2439.4
-2204.74
-1976.85
-1761.78
-1560.72
-1370.89
-1186.96
-1002.3
-812.833
-618.336
-420.605
-223.825
-32.9675
144.729
300.334
427.823
525.388
593.948
637.982
661.69
669.263
664.974
651.774
631.696
606.122
576.075
542.496
506.331
469.031
431.916
396.253
362.862
332.052
303.534
276.452
249.523
221.204
190.315
156.161
118.796
78.6821
36.7232
-5.47104
-46.5392
-85.2138
-120.74
-152.054
-177.627
-197.688
-211.822
-220.08
-223.061
-220.962
-214.331
-203.598
-189.138
-170.664
-149.543
-125.694
-101.662
-72.8696
-48.9012
-25.1283
-4.8309
11.9658
24.3491
32.2817
35.99
35.978
32.9261
27.597
20.7148
13.002
5.35657
-1.80327
-8.01311
-12.1532
-14.4786
-14.4904
-12.4085
-8.46379
-3.1036
3.02629
9.43004
15.565
20.6116
24.2621
26.3218
26.8767
26.2413
24.7294
22.6833
20.4888
18.4676
16.7042
15.4528
14.6451
14.2506
14.0755
13.9996
13.8553
13.5435
13.0014
12.2189
11.2325
10.0668
8.80577
7.46771
6.0553
4.59129
3.0614
1.51116
-0.0801808
-1.70923
-3.33997
-4.92157
-6.35447
-7.6529
-8.70017
-9.48051
-9.96755
-10.2031
-10.1405
-9.90391
-9.44407
-8.98333
-8.29291
-7.63504
-6.87751
-6.1461
-5.37963
-4.60551
-3.78411
-2.95787
-2.09534
-1.23884
-0.473248
0.254695
0.966896
1.50831
1.95394
2.28499
2.50749
2.61882
2.63499
2.57804
2.45832
2.28512
2.0685
1.81903
1.54876
1.26779
0.987097
0.719677
0.476612
0.26737
0.0978685
-0.0290779
-0.115817
-0.167141
-0.189932
-0.191666
-0.179488
-0.15964
-0.137188
-0.115763
-0.0973463
-0.0828066
-0.071567
-0.0628707
-0.0560391
-0.0505646
-0.0460811
-0.0423263
-0.039112
-0.0363027
-0.0338008
-0.0315353
-0.0294552
-0.0275239
-0.0257154
-0.0240114
-0.0223993
-0.0208701
-0.0194179
-0.0180384
-0.0167289
-0.0154872
-0.0143117
-0.013201
-0.0121539
-0.0111691
-0.0102451
-0.00938059
-0.00857376
-0.00782275
-0.00712554
-0.00647989
-0.00588347
-0.0053338
-0.00482836
-0.00436462
-0.00394001
-0.00355203
-0.00319819
-0.00287608
-0.00258339
-0.00231787
-0.0020774
-0.00185994
-0.00166359
-0.00148655
-0.00132713
-3307.62
-3256.36
-3156.06
-3011.25
-2829.57
-2621.05
-2396.73
-2168.04
-1945.28
-1734.28
-1536.31
-1348.87
-1167.05
-984.779
-798.288
-607.336
-413.671
-221.285
-35.0423
138.155
289.979
414.751
510.675
578.596
622.623
646.761
655.041
651.535
639.124
619.827
595.041
565.809
533.087
497.835
461.441
425.181
390.26
357.462
327.081
298.842
271.934
245.143
217.028
186.474
152.83
116.139
76.8523
35.845
-5.36708
-45.4758
-83.2556
-117.935
-148.49
-173.512
-193.149
-207.017
-215.166
-218.139
-216.141
-209.696
-199.211
-185.065
-167.048
-146.447
-123.172
-99.7626
-71.7654
-48.4472
-25.3179
-5.56684
10.8044
22.9162
30.7309
34.4549
34.571
31.7278
26.6619
20.0776
12.6798
5.32381
-1.56234
-7.51551
-11.5065
-13.7345
-13.7454
-11.7409
-7.94759
-2.79232
3.1102
9.27352
15.1721
20.0397
23.5766
25.5965
26.1747
25.6045
24.1849
22.2449
20.1498
18.2083
16.5079
15.2888
14.4862
14.0767
13.8762
13.7725
13.6053
13.281
12.7382
11.9664
10.998
9.85713
8.62007
7.30589
5.9184
4.48007
2.97835
1.45612
-0.104558
-1.69809
-3.28841
-4.82871
-6.22401
-7.48545
-8.50305
-9.26316
-9.73911
-9.97035
-9.91387
-9.68866
-9.24446
-8.79492
-8.12183
-7.48117
-6.7399
-6.02353
-5.27024
-4.51036
-3.70593
-2.8976
-2.05651
-1.22364
-0.474942
0.236757
0.923937
1.45636
1.89246
2.21692
2.43616
2.54825
2.56768
2.51507
2.40066
2.23373
2.02415
1.78252
1.52001
1.24699
0.974201
0.714049
0.477302
0.273036
0.106941
-0.0180909
-0.104326
-0.156219
-0.180302
-0.183714
-0.173316
-0.155143
-0.134115
-0.113781
-0.0960998
-0.0819614
-0.0709287
-0.062333
-0.05555
-0.0500997
-0.0456298
-0.0418848
-0.0386801
-0.0358815
-0.0333919
-0.0311406
-0.0290763
-0.0271622
-0.0253719
-0.0236868
-0.0220939
-0.0205841
-0.0191512
-0.0177906
-0.0164995
-0.0152755
-0.014117
-0.0130225
-0.0119906
-0.0110201
-0.0101096
-0.0092576
-0.00846235
-0.00772206
-0.00703469
-0.00639808
-0.00580991
-0.00526777
-0.00476919
-0.00431165
-0.00389267
-0.00350977
-0.0031605
-0.00284252
-0.00255353
-0.00229133
-0.00205383
-0.00183903
-0.00164505
-0.00147013
-0.0013126
-3240.96
-3190.9
-3093.1
-2952.15
-2775.43
-2572.61
-2354.3
-2131.4
-1913.67
-1706.71
-1511.86
-1326.89
-1147.26
-967.428
-783.922
-596.488
-406.825
-218.751
-37.0067
131.825
279.97
402.072
496.354
563.592
607.56
632.075
641.007
638.243
626.593
608.058
584.043
555.613
523.735
489.374
453.867
418.443
384.252
352.041
322.092
294.144
267.427
240.798
212.903
182.695
149.562
113.539
75.0672
34.9904
-5.26094
-44.4293
-81.3301
-115.18
-144.995
-169.473
-188.692
-202.295
-210.331
-213.296
-211.394
-205.13
-194.89
-181.058
-163.488
-143.396
-120.687
-97.8869
-70.662
-47.9772
-25.4753
-6.25564
9.70079
21.5455
29.2411
32.9752
33.2115
30.5671
25.7539
19.4566
12.3623
5.28188
-1.33473
-7.04234
-10.8883
-13.0231
-13.033
-11.1029
-7.45505
-2.49675
3.18641
9.11845
14.7907
19.486
22.9128
24.8923
25.4911
24.9817
23.6496
21.8105
19.8106
17.9457
16.306
15.1185
14.3221
13.8994
13.6757
13.5462
13.3579
13.0222
12.479
11.7178
10.7671
9.65021
8.43681
7.14639
5.78374
4.37099
2.89727
1.40303
-0.127108
-1.6856
-3.23651
-4.73654
-6.09517
-7.32074
-8.30961
-9.04998
-9.51493
-9.74199
-9.69117
-9.47667
-9.04745
-8.60906
-7.95295
-7.32897
-6.60375
-5.90226
-5.16226
-4.41668
-3.62903
-2.83839
-2.0182
-1.20814
-0.476189
0.219228
0.883136
1.40586
1.83263
2.15069
2.36668
2.4793
2.50174
2.45326
2.34398
2.18314
1.98041
1.74648
1.49146
1.22623
0.961128
0.708063
0.477483
0.278096
0.115378
-0.00771986
-0.0933824
-0.145744
-0.171009
-0.175988
-0.167275
-0.150699
-0.131038
-0.111759
-0.0947994
-0.0810673
-0.0702514
-0.061766
-0.0550393
-0.0496188
-0.0451667
-0.0414345
-0.0382415
-0.0354551
-0.0329791
-0.0307428
-0.0286949
-0.0267984
-0.0250267
-0.0233607
-0.0217873
-0.020297
-0.0188833
-0.0175418
-0.016269
-0.0150628
-0.0139213
-0.0128429
-0.0118264
-0.0108703
-0.0099732
-0.00913371
-0.00835008
-0.00762053
-0.00694304
-0.0063155
-0.00573563
-0.00520106
-0.00470936
-0.00425808
-0.00384476
-0.00346697
-0.00312232
-0.0028085
-0.00252324
-0.0022644
-0.0020299
-0.00181779
-0.00162621
-0.00145343
-0.00129781
-3175.13
-3126.26
-3030.93
-2893.73
-2721.85
-2524.57
-2312.1
-2094.84
-1882.04
-1679.09
-1487.39
-1304.94
-1127.58
-950.242
-769.727
-585.782
-400.062
-216.218
-38.861
125.732
270.294
389.77
482.412
548.927
592.788
617.626
627.159
625.098
614.18
596.386
573.129
545.487
514.437
480.95
446.309
411.704
378.229
346.601
317.087
289.441
262.933
236.485
208.828
178.977
146.356
110.996
73.3246
34.1582
-5.15276
-43.3993
-79.4366
-112.476
-141.568
-165.508
-184.315
-197.656
-205.576
-208.528
-206.718
-200.631
-190.634
-177.114
-159.981
-140.389
-118.238
-96.0332
-69.5592
-47.492
-25.6016
-6.89892
8.65286
20.2347
27.8101
31.5489
31.8986
29.4429
24.8723
18.8515
12.0495
5.23902
-1.11991
-6.59255
-10.2975
-12.343
-12.3518
-10.4935
-6.98527
-2.21633
3.25525
8.96478
14.4202
18.9496
22.2696
24.2086
24.825
24.3725
23.1233
21.3801
19.4712
17.6802
16.0991
14.9425
14.1532
13.7189
13.4741
13.3209
13.113
12.7669
12.2238
11.4729
10.5395
9.44602
8.25597
6.98916
5.65126
4.264
2.81812
1.3518
-0.147923
-1.67186
-3.18431
-4.64508
-5.96792
-7.1587
-8.11973
-8.84081
-9.29489
-9.51786
-9.47228
-9.26787
-8.85302
-8.4257
-7.78622
-7.17842
-6.46903
-5.78228
-5.05564
-4.32444
-3.55336
-2.78016
-1.98039
-1.19237
-0.477004
0.202163
0.844299
1.35683
1.77441
2.08625
2.299
2.41193
2.43713
2.39258
2.28826
2.13333
1.93728
1.71088
1.46313
1.20549
0.947888
0.701735
0.477176
0.282573
0.123204
0.00205626
-0.0829698
-0.135706
-0.162044
-0.168487
-0.161366
-0.146312
-0.127963
-0.109703
-0.0934497
-0.0801273
-0.0695368
-0.0611706
-0.0545074
-0.0491222
-0.0446918
-0.0409754
-0.0377962
-0.0350237
-0.0325623
-0.0303419
-0.0283111
-0.0264327
-0.0246798
-0.0230332
-0.0214794
-0.0200087
-0.0186144
-0.0172918
-0.0160376
-0.0148491
-0.0137246
-0.0126624
-0.0116612
-0.0107195
-0.00983587
-0.00900893
-0.00823696
-0.00751817
-0.0068506
-0.00623217
-0.00566063
-0.00513366
-0.00464889
-0.0042039
-0.00379628
-0.00342365
-0.00308366
-0.00277402
-0.00249254
-0.00223708
-0.00200561
-0.00179622
-0.00160708
-0.00143646
-0.00128277
-3110.11
-3062.42
-2969.52
-2835.99
-2668.82
-2476.93
-2270.13
-2058.37
-1850.4
-1651.43
-1462.89
-1283.02
-1108.01
-933.212
-755.692
-575.21
-393.373
-213.68
-40.6057
119.867
260.938
377.831
468.834
534.591
578.298
603.41
613.495
612.098
601.884
584.813
562.297
535.43
505.193
472.56
438.768
404.964
372.195
341.144
312.068
284.734
258.452
232.204
204.801
175.316
143.208
108.506
71.6226
33.3476
-5.04271
-42.3856
-77.5746
-109.819
-138.206
-161.615
-180.016
-193.096
-200.898
-203.835
-202.113
-196.199
-186.441
-173.232
-156.526
-137.424
-115.823
-94.2008
-68.4571
-46.9919
-25.6977
-7.49826
7.65859
18.9818
26.4362
30.1764
30.6288
28.3542
24.0166
18.2619
11.7417
5.19423
-0.917441
-6.16513
-9.73311
-11.6931
-11.7006
-9.91145
-6.53741
-1.95053
3.31688
8.81243
14.0601
18.4296
21.646
23.5443
24.1758
23.7765
22.6057
20.9536
19.1318
17.412
15.8874
14.7611
13.9797
13.5354
13.2715
13.0964
12.8706
12.515
11.9724
11.2318
10.3152
9.24453
8.07752
6.83418
5.52092
4.15905
2.74085
1.30241
-0.167092
-1.65694
-3.13185
-4.55432
-5.84223
-6.99926
-7.93328
-8.63553
-9.07889
-9.29781
-9.25707
-9.06219
-8.66113
-8.24478
-7.6216
-7.02951
-6.33576
-5.66358
-4.95037
-4.23354
-3.47891
-2.72288
-1.94303
-1.17636
-0.477397
0.185603
0.807278
1.30926
1.71777
2.02353
2.23304
2.3461
2.37383
2.33302
2.23349
2.08429
1.89472
1.67536
1.43499
1.18479
0.93449
0.695079
0.476401
0.286492
0.130439
0.0112572
-0.0730715
-0.126092
-0.153401
-0.161208
-0.15559
-0.141985
-0.124893
-0.107617
-0.0920552
-0.0791444
-0.0687868
-0.0605478
-0.0539549
-0.0486101
-0.0442052
-0.0405075
-0.0373442
-0.0345871
-0.0321416
-0.0299379
-0.0279248
-0.0260649
-0.0243312
-0.0227042
-0.0211701
-0.0197192
-0.0183444
-0.0170409
-0.0158051
-0.0146344
-0.013527
-0.012481
-0.011495
-0.0105677
-0.00969765
-0.00888329
-0.008123
-0.00741501
-0.00675739
-0.00614809
-0.00558492
-0.0050656
-0.00458779
-0.00414913
-0.00374725
-0.00337981
-0.00304451
-0.0027391
-0.00246142
-0.00220938
-0.00198098
-0.00177433
-0.00158764
-0.00141922
-0.00126749
-3045.89
-2999.37
-2908.85
-2778.91
-2616.32
-2429.67
-2228.39
-2021.99
-1818.76
-1623.74
-1438.39
-1261.15
-1088.54
-916.328
-741.809
-564.761
-386.752
-211.134
-42.2415
114.223
251.889
366.242
455.61
520.574
564.083
589.422
600.012
599.242
589.706
573.337
551.547
525.44
496.002
464.205
431.243
398.226
366.149
335.672
307.036
280.025
253.984
227.954
200.821
171.71
140.117
106.066
69.9594
32.5575
-4.93096
-41.3877
-75.7435
-107.21
-134.908
-157.792
-175.792
-188.614
-196.295
-199.214
-197.577
-191.831
-182.311
-169.409
-153.123
-134.502
-113.441
-92.3885
-67.3556
-46.4774
-25.7645
-8.0552
6.71604
17.7848
25.1173
28.8544
29.4025
27.3
23.1859
17.6875
11.4388
5.14648
-0.726907
-5.75911
-9.19412
-11.0722
-11.0784
-9.35575
-6.11063
-1.69884
3.3718
8.66135
13.7098
17.9252
21.0412
22.8987
23.5429
23.1931
22.0966
20.5311
18.7926
17.1413
15.6712
14.5745
13.8019
13.349
13.0679
12.8726
12.6305
12.2663
11.7246
10.9941
10.0942
9.04569
7.90144
6.68141
5.39268
4.05609
2.66541
1.25477
-0.184698
-1.64094
-3.07917
-4.46428
-5.71808
-6.84234
-7.75016
-8.43399
-8.86679
-9.08171
-9.04545
-8.85958
-8.47177
-8.06626
-7.45903
-6.88223
-6.2039
-5.54615
-4.8464
-4.14395
-3.40564
-2.66649
-1.90611
-1.16012
-0.477378
0.169579
0.771936
1.26313
1.66269
1.96249
2.16877
2.28178
2.31181
2.27456
2.17964
2.03602
1.85274
1.63999
1.40706
1.16412
0.920941
0.68811
0.475178
0.289875
0.137107
0.0199021
-0.0636716
-0.116891
-0.145075
-0.154148
-0.149947
-0.137721
-0.121832
-0.105506
-0.0906202
-0.0781217
-0.068003
-0.0598986
-0.0533822
-0.0480828
-0.0437071
-0.0400309
-0.0368856
-0.0341454
-0.0317169
-0.0295307
-0.0275359
-0.0256951
-0.0239809
-0.0223737
-0.0208596
-0.0194285
-0.0180733
-0.0167888
-0.0155716
-0.0144188
-0.0133283
-0.0122986
-0.011328
-0.0104151
-0.00955855
-0.0087568
-0.00800821
-0.00731104
-0.00666341
-0.00606329
-0.00550852
-0.00499688
-0.00452607
-0.00409378
-0.00369767
-0.00333546
-0.00300488
-0.00270374
-0.0024299
-0.0021813
-0.001956
-0.00175213
-0.00156792
-0.00140172
-0.00125197
-2982.43
-2937.07
-2848.89
-2722.46
-2564.33
-2382.79
-2186.89
-1985.7
-1787.14
-1596.03
-1413.87
-1239.32
-1069.17
-899.583
-728.067
-554.429
-380.194
-208.575
-43.7691
108.794
243.135
354.989
442.725
506.868
550.138
575.659
586.707
586.529
577.643
561.956
540.878
515.517
486.863
455.885
423.737
391.489
360.095
330.186
301.994
275.314
249.53
223.734
196.884
168.157
137.08
103.675
68.333
31.7869
-4.81772
-40.4053
-73.9427
-104.648
-131.671
-154.038
-171.643
-184.207
-191.766
-194.665
-193.109
-187.526
-178.241
-165.644
-149.769
-131.619
-111.091
-90.5955
-66.2547
-45.949
-25.803
-8.5712
5.82335
16.6416
23.8516
27.581
28.2187
26.2796
22.3797
17.1279
11.1407
5.09546
-0.547902
-5.37356
-8.67958
-10.4791
-10.4839
-8.82536
-5.70415
-1.46075
3.42108
8.51147
13.3688
17.4358
20.4541
22.271
22.9257
22.622
21.5958
20.1126
18.4537
16.8684
15.4509
14.3833
13.6199
13.16
12.8633
12.6497
12.3925
12.0207
11.4802
10.7599
9.87626
8.84946
7.72768
6.53081
5.2665
3.95509
2.59175
1.20883
-0.200819
-1.62393
-3.0263
-4.37494
-5.59545
-6.68788
-7.57025
-8.23609
-8.65847
-8.86943
-8.83731
-8.65996
-8.28489
-7.89008
-7.29848
-6.73656
-6.07346
-5.42997
-4.74372
-4.05563
-3.33354
-2.61096
-1.86959
-1.14368
-0.476958
0.15411
0.738159
1.21842
1.60912
1.90308
2.10612
2.21891
2.25104
2.21717
2.12671
1.98848
1.81133
1.60508
1.37934
1.14349
0.907251
0.680842
0.473526
0.292743
0.14323
0.0280089
-0.0547544
-0.108092
-0.137057
-0.147305
-0.144437
-0.133521
-0.118785
-0.103374
-0.0891487
-0.0770618
-0.0671873
-0.0592239
-0.0527898
-0.0475405
-0.0431977
-0.0395456
-0.0364203
-0.0336986
-0.0312882
-0.0291205
-0.0271446
-0.0253232
-0.0236288
-0.0220418
-0.0205478
-0.0191366
-0.0178011
-0.0165358
-0.0153371
-0.0142022
-0.0131288
-0.0121153
-0.01116
-0.0102616
-0.00941859
-0.00862946
-0.00789261
-0.0072063
-0.00656868
-0.00597777
-0.00543144
-0.00492752
-0.00446375
-0.00403785
-0.00364756
-0.00329061
-0.0029648
-0.00266795
-0.00239797
-0.00215286
-0.00193068
-0.00172961
-0.00154792
-0.00138396
-0.00123622
-2919.73
-2875.5
-2789.64
-2666.63
-2512.85
-2336.28
-2145.61
-1949.52
-1755.53
-1568.31
-1389.36
-1217.53
-1049.9
-882.97
-714.46
-544.206
-373.692
-206.002
-45.1895
103.571
234.665
344.06
430.168
493.462
536.456
562.115
573.578
573.959
565.695
550.672
530.289
505.66
477.775
447.599
416.247
384.755
354.034
324.688
296.942
270.603
245.088
219.543
192.99
164.655
134.094
101.33
66.7418
31.035
-4.70318
-39.4381
-72.1717
-102.13
-128.493
-150.35
-167.565
-179.874
-187.308
-190.186
-188.707
-183.284
-174.23
-161.935
-146.463
-128.777
-108.771
-88.821
-65.1543
-45.4072
-25.8141
-9.04769
4.97874
15.5505
22.6374
26.3551
27.0757
25.2918
21.5974
16.5828
10.8476
5.04119
-0.380015
-5.00763
-8.18858
-9.9128
-9.91615
-8.31929
-5.31721
-1.23575
3.46565
8.36273
13.0366
16.9605
19.8841
21.6604
22.3234
22.0627
21.1029
19.698
18.1153
16.5935
15.2268
14.1876
13.4342
12.9684
12.6578
12.4274
12.1566
11.7781
11.2393
10.529
9.66136
8.65578
7.55622
6.38233
5.14234
3.85599
2.51982
1.16452
-0.215534
-1.60598
-2.97327
-4.28631
-5.4743
-6.53581
-7.39345
-8.04171
-8.45381
-8.66086
-8.63255
-8.46327
-8.10046
-7.7162
-7.1399
-6.59248
-5.94441
-5.31503
-4.64228
-3.96851
-3.26262
-2.55623
-1.83345
-1.12706
-0.476144
0.139216
0.705839
1.17511
1.55707
1.84522
2.04505
2.15746
2.19151
2.16084
2.07467
1.94166
1.77048
1.57062
1.35183
1.1229
0.893427
0.673288
0.471461
0.295116
0.148828
0.0355945
-0.0463048
-0.0996834
-0.129342
-0.140675
-0.139062
-0.129389
-0.115755
-0.101226
-0.0876444
-0.0759674
-0.0663412
-0.0585247
-0.0521783
-0.0469835
-0.042677
-0.0390517
-0.0359485
-0.0332466
-0.0308555
-0.0287071
-0.0267508
-0.0249493
-0.0232751
-0.0217084
-0.0202347
-0.0188436
-0.0175278
-0.0162817
-0.0151016
-0.0139846
-0.0129283
-0.0119311
-0.0109912
-0.0101073
-0.00927778
-0.00850131
-0.0077762
-0.00710079
-0.00647321
-0.00589154
-0.00535369
-0.00485752
-0.00440082
-0.00398136
-0.00359692
-0.00324527
-0.00292425
-0.00263173
-0.00236565
-0.00212405
-0.00190503
-0.00170679
-0.00152763
-0.00136594
-0.00122022
-2857.75
-2814.66
-2731.06
-2611.39
-2461.86
-2290.13
-2104.56
-1913.45
-1723.96
-1540.58
-1364.85
-1195.78
-1030.73
-866.482
-700.98
-534.084
-367.24
-203.41
-46.5038
98.5491
226.469
333.442
417.929
480.349
523.029
548.785
560.625
561.527
553.862
539.481
519.778
495.867
468.738
439.347
408.776
378.024
347.966
319.18
291.883
265.893
240.661
215.381
189.137
161.201
131.158
99.0298
65.1841
30.3009
-4.58756
-38.4858
-70.4298
-99.6557
-125.373
-146.727
-163.557
-175.613
-182.921
-185.774
-184.37
-179.103
-170.278
-158.282
-143.205
-125.972
-106.481
-87.0642
-64.0545
-44.8523
-25.7989
-9.48604
4.18048
14.5096
21.473
25.1753
25.9724
24.3359
20.8383
16.0519
10.5593
4.98391
-0.222836
-4.66047
-7.72021
-9.3722
-9.37404
-7.8366
-4.94908
-1.02342
3.49831
8.21502
12.7128
16.4987
19.3303
21.0661
21.7357
21.5149
20.6179
19.2873
17.7774
16.3168
14.999
13.9878
13.2449
12.7743
12.4514
12.2058
11.9227
11.5383
11.0015
10.3012
9.44942
8.46462
7.38701
6.23596
5.02014
3.75875
2.44957
1.12184
-0.228909
-1.58716
-2.92012
-4.19838
-5.35461
-6.38606
-7.21965
-7.85072
-8.25273
-8.45587
-8.43108
-8.26945
-7.91844
-7.54458
-6.98326
-6.44998
-5.81674
-5.20131
-4.54207
-3.88255
-3.19299
-2.50226
-1.79768
-1.11026
-0.47495
0.124905
0.674882
1.13316
1.50651
1.78888
1.98548
2.0974
2.13317
2.10554
2.02351
1.89556
1.73019
1.53658
1.32454
1.10234
0.879477
0.66546
0.469002
0.297015
0.153923
0.0426739
-0.0383083
-0.0916555
-0.121922
-0.134256
-0.13382
-0.125325
-0.112744
-0.0990657
-0.0861108
-0.0748411
-0.0654666
-0.057802
-0.0515483
-0.0464121
-0.0421453
-0.0385492
-0.03547
-0.0327896
-0.0304188
-0.0282905
-0.0263544
-0.0245733
-0.0229197
-0.0213735
-0.0199203
-0.0185494
-0.0172534
-0.0160266
-0.0148652
-0.0137661
-0.0127269
-0.011746
-0.0108215
-0.00995203
-0.00913613
-0.00837234
-0.00765902
-0.00699452
-0.00637702
-0.00580462
-0.00527528
-0.00478689
-0.0043373
-0.00392432
-0.00354576
-0.00319944
-0.00288325
-0.00259509
-0.00233295
-0.00209489
-0.00187905
-0.00168366
-0.00150706
-0.00134767
-0.001204
-2796.5
-2754.52
-2673.13
-2556.74
-2411.34
-2244.33
-2063.73
-1877.49
-1692.42
-1512.85
-1340.36
-1174.08
-1011.64
-850.111
-687.618
-524.056
-360.835
-200.798
-47.7131
93.7208
218.537
323.126
405.996
467.519
509.852
535.667
547.842
549.234
542.142
528.385
509.346
486.138
459.75
431.129
401.323
371.299
341.894
313.663
286.817
261.184
236.246
211.246
185.323
157.793
128.269
96.7717
63.6584
29.5836
-4.47106
-37.5482
-68.7165
-97.2243
-122.309
-143.167
-159.617
-171.422
-178.603
-181.43
-180.096
-174.982
-166.382
-154.681
-139.992
-123.205
-104.219
-85.3244
-62.9551
-44.2847
-25.759
-9.88759
3.42694
13.5172
20.3567
24.0399
24.9076
23.4109
20.1018
15.5348
10.2759
4.92381
-0.0759648
-4.33129
-7.27362
-8.85631
-8.8566
-7.37638
-4.59903
-0.823259
3.52841
8.06833
12.3969
16.0496
18.792
20.4876
21.1618
20.9781
20.1405
18.8806
17.4403
16.0385
14.768
13.7841
13.0521
12.5781
12.2443
11.9849
11.6907
11.3012
10.7668
10.0765
9.24033
8.27592
7.22002
6.09163
4.89988
3.66333
2.38096
1.08068
-0.24102
-1.56753
-2.86687
-4.11117
-5.23635
-6.23856
-7.04876
-7.66303
-8.05508
-8.25436
-8.23281
-8.07842
-7.7388
-7.37515
-6.82852
-6.30903
-5.69043
-5.0888
-4.44304
-3.79769
-3.12489
-2.449
-1.76224
-1.09329
-0.473378
0.111185
0.645209
1.09253
1.45737
1.73403
1.92739
2.03869
2.07601
2.05126
1.9732
1.85016
1.69044
1.50295
1.29746
1.08184
0.865408
0.657371
0.466164
0.298458
0.158541
0.0492582
-0.0307504
-0.0839976
-0.114792
-0.128045
-0.128711
-0.121333
-0.109758
-0.0968965
-0.0845513
-0.0736854
-0.0645649
-0.0570568
-0.0509003
-0.0458267
-0.0416026
-0.0380384
-0.034985
-0.0323275
-0.0299782
-0.0278708
-0.0259555
-0.0241952
-0.0225625
-0.0210372
-0.0196046
-0.0182541
-0.016978
-0.0157706
-0.0146278
-0.0135466
-0.0125247
-0.01156
-0.0106509
-0.00979596
-0.00899366
-0.00824257
-0.00754106
-0.0068875
-0.00628012
-0.00571702
-0.00519622
-0.00471565
-0.0042732
-0.00386673
-0.00349408
-0.00315314
-0.0028418
-0.00255804
-0.00229986
-0.00206537
-0.00185274
-0.00166024
-0.00148622
-0.00132915
-0.00118755
-2735.93
-2695.05
-2615.85
-2502.65
-2361.29
-2198.88
-2023.13
-1841.64
-1660.92
-1485.14
-1315.88
-1152.43
-992.635
-833.853
-674.369
-514.116
-354.47
-198.161
-48.8189
89.0804
210.859
313.099
394.358
454.965
496.918
522.754
535.228
537.077
530.533
517.381
498.99
476.472
450.81
422.944
393.888
364.578
335.818
308.139
281.745
256.477
231.846
207.138
181.547
154.43
125.424
94.554
62.163
28.8825
-4.35389
-36.6249
-67.0311
-94.8345
-119.299
-139.668
-155.743
-167.298
-174.351
-177.15
-175.884
-170.92
-162.541
-151.132
-136.823
-120.474
-101.985
-83.6008
-61.8562
-43.705
-25.6906
-10.2536
2.7165
12.5716
19.2868
22.9477
23.88
22.5159
19.3873
15.0312
9.99735
4.86106
0.060992
-4.01932
-6.84798
-8.36417
-8.36286
-6.93775
-4.26637
-0.634831
3.55298
7.92257
12.0886
15.6128
18.2684
19.9241
20.6013
20.452
19.6704
18.4776
17.1039
15.7587
14.5339
13.5768
12.8562
12.3797
12.0364
11.7647
11.4605
11.0666
10.5351
9.85476
9.03403
8.08962
7.05522
5.94931
4.78152
3.56968
2.31395
1.04099
-0.251923
-1.54714
-2.81355
-4.02465
-5.11949
-6.09326
-6.88069
-7.47852
-7.86078
-8.05621
-8.03763
-7.89014
-7.56149
-7.20788
-6.67562
-6.16963
-5.56547
-4.97749
-4.34518
-3.7139
-3.06059
-2.39642
-1.72713
-1.07618
-0.471447
0.0980531
0.616745
1.0532
1.40961
1.68061
1.87072
1.98129
2.02
1.99796
1.92373
1.80544
1.65122
1.46973
1.2706
1.06137
0.851229
0.649032
0.462964
0.299463
0.16273
0.0553317
-0.023617
-0.0766993
-0.107945
-0.122039
-0.123735
-0.117413
-0.106797
-0.0947218
-0.082969
-0.0725027
-0.0636377
-0.05629
-0.0502349
-0.0452276
-0.0410493
-0.0375192
-0.0344935
-0.0318603
-0.0295336
-0.0274479
-0.0255541
-0.0238151
-0.0222036
-0.0206994
-0.0192876
-0.0179576
-0.0167015
-0.0155135
-0.0143895
-0.0133263
-0.0123215
-0.0113731
-0.0104795
-0.00963906
-0.00885039
-0.00811202
-0.00742235
-0.00677976
-0.00618251
-0.00562875
-0.00511652
-0.00464381
-0.00420854
-0.00380861
-0.00344191
-0.00310637
-0.00279992
-0.00252058
-0.0022664
-0.00203551
-0.00182612
-0.00163652
-0.00146512
-0.00131038
-0.00117087
-2676.05
-2636.24
-2559.18
-2449.11
-2311.69
-2153.76
-1982.75
-1805.91
-1629.46
-1457.44
-1291.41
-1130.82
-973.716
-817.7
-661.225
-504.258
-348.142
-195.499
-49.8227
84.6217
203.425
303.352
383.006
442.678
484.22
510.042
522.78
525.056
519.035
506.468
488.711
466.868
441.919
414.792
386.473
357.864
329.739
302.609
276.67
251.773
227.459
203.056
177.807
151.109
122.624
92.3748
60.6967
28.1966
-4.23625
-35.7157
-65.373
-92.4853
-116.342
-136.228
-151.933
-163.241
-170.165
-172.934
-171.733
-166.914
-158.755
-147.634
-133.698
-117.778
-99.777
-81.8929
-60.7577
-43.1134
-25.6005
-10.5853
2.04764
11.6711
18.262
21.8972
22.8886
21.6501
18.6942
14.5409
9.72362
4.79582
0.188422
-3.72384
-6.44247
-7.89484
-7.8919
-6.51987
-3.95045
-0.457709
3.57221
7.77767
11.7874
15.1876
17.7589
19.3749
20.0537
19.9361
19.2074
18.0785
16.7683
15.4777
14.2969
13.3661
12.6573
12.1793
11.8278
11.545
11.232
10.8346
10.3062
9.63589
8.83042
7.90569
6.89252
5.80903
4.66496
3.47775
2.24847
1.00273
-0.261696
-1.52606
-2.76019
-3.93884
-5.00402
-5.95009
-6.71535
-7.2971
-7.66973
-7.86132
-7.84548
-7.70453
-7.38647
-7.04273
-6.52454
-6.03174
-5.44183
-4.86734
-4.24845
-3.63104
-2.99103
-2.34438
-1.69231
-1.05891
-0.469151
0.0855188
0.589432
1.01512
1.36319
1.62859
1.81544
1.92517
1.96511
1.94564
1.87509
1.7614
1.61251
1.43689
1.24396
1.04096
0.836945
0.640455
0.459416
0.300046
0.166453
0.0609681
-0.0168939
-0.0697506
-0.101373
-0.116234
-0.118891
-0.113567
-0.103864
-0.0925449
-0.0813669
-0.0712952
-0.0626867
-0.0555026
-0.0495527
-0.0446151
-0.0404855
-0.0369918
-0.0339956
-0.031388
-0.029085
-0.0270219
-0.0251501
-0.0234329
-0.021843
-0.0203601
-0.0189694
-0.01766
-0.0164239
-0.0152554
-0.0141502
-0.013105
-0.0121174
-0.0111854
-0.0103072
-0.00948135
-0.00870633
-0.0079807
-0.00730289
-0.0066713
-0.00608422
-0.00553982
-0.0050362
-0.00457138
-0.00414331
-0.00374995
-0.00338924
-0.00305913
-0.00275762
-0.00248273
-0.00223257
-0.0020053
-0.00179918
-0.00161252
-0.00144375
-0.00129137
-0.00115398
-2616.82
-2578.08
-2503.12
-2396.11
-2262.53
-2108.98
-1942.58
-1770.3
-1598.06
-1429.76
-1266.97
-1109.26
-954.876
-801.648
-648.18
-494.476
-341.846
-192.81
-50.7259
80.3393
196.228
293.874
371.93
430.649
471.753
497.528
510.494
513.167
507.646
495.646
478.506
457.325
433.075
406.673
379.076
351.157
323.659
297.074
271.591
247.073
223.086
198.999
174.102
147.829
119.864
90.2325
59.2579
27.5253
-4.11835
-34.8202
-63.7416
-90.1755
-113.436
-132.846
-148.186
-159.249
-166.043
-168.78
-167.642
-162.965
-155.021
-144.184
-130.615
-115.116
-97.5946
-80.1999
-59.6596
-42.5103
-25.4873
-10.8839
1.41889
10.8142
17.2805
20.8871
21.9324
20.8127
18.0219
14.0634
9.45466
4.72823
0.306694
-3.44415
-6.05634
-7.44743
-7.44284
-6.12194
-3.65064
-0.291492
3.58624
7.63358
11.493
14.7734
17.2628
18.8395
19.5184
19.4302
18.7514
17.6831
16.4338
15.1955
14.0574
13.1524
12.4556
11.977
11.6185
11.3259
11.0052
10.6049
10.0801
9.41979
8.62942
7.72407
6.73191
5.67073
4.55015
3.38751
2.18449
0.965791
-0.270379
-1.50432
-2.70679
-3.85371
-4.8899
-5.809
-6.55265
-7.11867
-7.48181
-7.66959
-7.65626
-7.52152
-7.21369
-6.87963
-6.37523
-5.89534
-5.3195
-4.75835
-4.15283
-3.54917
-2.92223
-2.29296
-1.6578
-1.04152
-0.466519
0.0735628
0.5632
0.978264
1.31808
1.57792
1.76149
1.87029
1.91131
1.89427
1.82725
1.71801
1.57432
1.4044
1.21753
1.0206
0.822564
0.631651
0.455534
0.300224
0.169725
0.0661828
-0.0105674
-0.0631418
-0.0950721
-0.110627
-0.114178
-0.109795
-0.100962
-0.0903685
-0.0797478
-0.070065
-0.0617133
-0.0546957
-0.0488543
-0.0439896
-0.0399113
-0.0364563
-0.0334914
-0.0309108
-0.0286324
-0.0265927
-0.0247436
-0.0230487
-0.0214807
-0.0200194
-0.0186499
-0.0173612
-0.0161453
-0.0149964
-0.01391
-0.0128829
-0.0119125
-0.0109969
-0.0101342
-0.00932285
-0.00856148
-0.00784863
-0.0071827
-0.00656214
-0.00598525
-0.00545025
-0.00495527
-0.00449836
-0.00407754
-0.00369079
-0.00333609
-0.00301145
-0.00271488
-0.00244448
-0.00219837
-0.00197476
-0.00177193
-0.00158823
-0.00142212
-0.00127212
-0.00113687
-2558.24
-2520.54
-2447.64
-2343.62
-2213.79
-2064.52
-1902.64
-1734.82
-1566.72
-1402.11
-1242.56
-1087.75
-936.114
-785.692
-635.228
-484.766
-335.578
-190.091
-51.5307
76.2276
189.258
284.655
361.12
418.872
459.511
485.206
498.368
501.41
496.366
484.913
468.375
447.842
424.277
398.586
371.698
344.458
317.579
291.535
266.51
242.376
218.727
194.967
170.431
144.589
117.144
88.1254
57.8454
26.8679
-4.00037
-33.9384
-62.1364
-87.904
-110.579
-129.52
-144.5
-155.319
-161.983
-164.687
-163.608
-159.07
-151.339
-140.782
-127.573
-112.488
-95.4367
-78.5214
-58.5618
-41.8961
-25.3514
-11.1506
0.8288
9.99934
16.341
19.9161
21.0101
20.0028
17.3699
13.5985
9.19046
4.65844
0.416191
-3.17955
-5.6888
-7.02103
-7.0148
-5.74315
-3.36629
-0.135766
3.59524
7.49022
11.205
14.3697
16.7796
18.3173
18.9949
18.9338
18.3021
17.2914
16.1002
14.9124
13.8154
12.9357
12.2513
11.773
11.4086
11.1074
10.78
10.3775
9.85656
9.20635
8.43097
7.54471
6.57335
5.5343
4.43711
3.2989
2.12193
0.930075
-0.278073
-1.482
-2.65342
-3.76929
-4.7771
-5.66992
-6.3925
-6.94313
-7.29695
-7.48092
-7.46989
-7.34107
-7.04312
-6.71856
-6.22767
-5.76042
-5.19844
-4.65049
-4.05826
-3.46823
-2.85465
-2.24208
-1.62352
-1.02398
-0.463528
0.0622053
0.538016
0.942595
1.27424
1.52856
1.70884
1.81661
1.85858
1.84382
1.78021
1.67527
1.53663
1.37228
1.19134
1.00029
0.808092
0.62263
0.451334
0.300012
0.172565
0.0709888
-0.00462478
-0.0568631
-0.0890342
-0.105214
-0.109596
-0.106099
-0.0980936
-0.0881955
-0.0781144
-0.0688144
-0.060719
-0.05387
-0.0481403
-0.0433514
-0.0393271
-0.0359128
-0.0329808
-0.0304287
-0.028176
-0.0261604
-0.0243346
-0.0226624
-0.0211167
-0.0196772
-0.0183291
-0.0170613
-0.0158657
-0.0147364
-0.0136689
-0.0126599
-0.0117068
-0.0108075
-0.00996027
-0.00916355
-0.00841588
-0.00771581
-0.0070618
-0.00645229
-0.00588562
-0.00536004
-0.00487373
-0.00442477
-0.00401122
-0.00363111
-0.00328246
-0.00296331
-0.00267174
-0.00240585
-0.00216382
-0.0019439
-0.00174438
-0.00156367
-0.00140023
-0.00125264
-0.00111954
-2500.28
-2463.61
-2392.73
-2291.64
-2165.48
-2020.38
-1862.91
-1699.46
-1535.44
-1374.49
-1218.18
-1066.29
-917.426
-769.826
-622.366
-475.121
-329.334
-187.34
-52.2387
72.2812
182.508
275.688
350.568
407.339
447.487
473.073
486.399
489.782
485.191
474.269
458.317
438.418
415.525
390.531
364.339
337.766
311.499
285.994
261.428
237.685
214.382
190.958
166.792
141.385
114.462
86.052
56.4581
26.2235
-3.8825
-33.0698
-60.5567
-85.67
-107.77
-126.249
-140.873
-151.45
-157.984
-160.653
-159.631
-155.229
-147.706
-137.426
-124.571
-109.892
-93.3027
-76.8568
-57.4644
-41.2712
-25.1938
-11.3865
0.276063
9.22512
15.4422
18.983
20.1209
19.2198
16.7376
13.1459
8.93095
4.58658
0.517235
-2.92948
-5.33919
-6.61491
-6.60702
-5.38283
-3.09688
0.00981468
3.59938
7.34753
10.9231
13.976
16.3086
17.8077
18.4829
18.4468
17.8594
16.9034
15.7678
14.6284
13.5712
12.7163
12.0445
11.5673
11.1982
10.8894
10.5563
10.1523
9.63559
8.99551
8.23498
7.36754
6.41683
5.39974
4.32584
3.21187
2.06079
0.895445
-0.284777
-1.45908
-2.60004
-3.68553
-4.66559
-5.53279
-6.23483
-6.77039
-7.11504
-7.29521
-7.28628
-7.16309
-6.87471
-6.55945
-6.0818
-5.62694
-5.07866
-4.54376
-3.96476
-3.38829
-2.78822
-2.19183
-1.58954
-1.00636
-0.460234
0.0514025
0.513809
0.908061
1.23164
1.48048
1.65745
1.76411
1.80689
1.79428
1.73393
1.63316
1.49942
1.3405
1.16539
0.980028
0.793531
0.613399
0.446826
0.299425
0.174991
0.0753988
0.00094647
-0.0509049
-0.0832533
-0.0999931
-0.105144
-0.102479
-0.0952595
-0.0860283
-0.0764691
-0.0675451
-0.0597051
-0.0530266
-0.0474112
-0.0427009
-0.038733
-0.0353615
-0.0324641
-0.0299416
-0.0277156
-0.025725
-0.0239231
-0.0222741
-0.0207509
-0.0193336
-0.0180071
-0.0167603
-0.0155851
-0.0144755
-0.0134269
-0.012436
-0.0115002
-0.0106173
-0.0097856
-0.00900349
-0.00826952
-0.00758227
-0.00694019
-0.00634176
-0.00578534
-0.00526922
-0.0047916
-0.00435062
-0.00394438
-0.00357094
-0.00322837
-0.00291475
-0.00262819
-0.00236684
-0.00212892
-0.0019127
-0.00171653
-0.00153883
-0.0013781
-0.00123293
-0.00110201
-2442.93
-2407.27
-2338.37
-2240.14
-2117.57
-1976.55
-1823.39
-1664.22
-1504.23
-1346.91
-1193.83
-1044.88
-898.81
-754.046
-609.587
-465.537
-323.113
-184.558
-52.851
68.495
175.97
266.962
340.265
396.041
435.676
461.123
474.584
478.281
474.122
463.711
448.331
429.052
406.818
382.508
356.999
331.083
305.421
280.45
256.345
232.998
210.05
186.973
163.185
138.218
111.816
84.0107
55.0948
25.5912
-3.76496
-32.2143
-59.0019
-83.4724
-105.008
-123.03
-137.303
-147.641
-154.043
-156.677
-155.709
-151.44
-144.123
-134.115
-121.608
-107.327
-91.1916
-75.2054
-56.3673
-40.636
-25.0153
-11.5927
-0.24081
8.48995
14.5824
18.0864
19.2634
18.4625
16.1245
12.7052
8.6761
4.51282
0.610249
-2.69318
-5.00666
-6.22808
-6.21855
-5.04011
-2.8417
0.145702
3.59884
7.20543
10.647
13.5918
15.8492
17.3101
17.9818
17.9685
17.423
16.5189
15.4365
14.3438
13.325
12.4944
11.8355
11.3602
10.9872
10.672
10.334
9.92919
9.41706
8.78715
8.04139
7.1925
6.26228
5.26699
4.21629
3.1263
2.00095
0.861725
-0.290649
-1.4357
-2.54675
-3.60249
-4.55537
-5.39758
-6.07955
-6.60035
-6.93597
-7.11237
-7.10538
-6.98755
-6.70843
-6.40229
-5.93762
-5.49489
-4.96012
-4.4381
-3.87226
-3.30922
-2.7228
-2.14208
-1.55575
-0.988561
-0.456571
0.0412019
0.490576
0.874648
1.19025
1.43363
1.60727
1.71275
1.75621
1.74563
1.6884
1.59167
1.46269
1.30905
1.13999
0.95983
0.778901
0.603979
0.442029
0.29848
0.17702
0.0794258
0.00615726
-0.0452587
-0.0777234
-0.0949594
-0.100819
-0.0989355
-0.0924618
-0.083869
-0.0748144
-0.0662591
-0.058673
-0.0521664
-0.0466677
-0.0420385
-0.0381292
-0.0348025
-0.0319413
-0.0294496
-0.0272514
-0.0252866
-0.0235091
-0.0218837
-0.0203835
-0.0189885
-0.0176838
-0.0164582
-0.0153034
-0.0142136
-0.013184
-0.0122113
-0.0112928
-0.0104263
-0.00961015
-0.00884267
-0.00812243
-0.00744802
-0.0068179
-0.00623056
-0.00568442
-0.00517778
-0.00470889
-0.00427593
-0.00387702
-0.00351028
-0.00317381
-0.00286575
-0.00258423
-0.00232746
-0.00209368
-0.0018812
-0.00168839
-0.00151372
-0.00135572
-0.001213
-0.00108427
-2386.17
-2351.51
-2284.55
-2189.12
-2070.05
-1933.02
-1784.08
-1629.12
-1473.08
-1319.36
-1169.52
-1023.51
-880.263
-738.349
-596.886
-456.01
-316.909
-181.742
-53.3694
64.8641
169.636
258.469
330.203
384.974
424.073
449.353
462.921
466.905
463.157
453.239
438.416
419.744
398.156
374.517
349.68
324.41
299.345
274.906
251.263
228.317
205.731
183.011
159.608
135.085
109.205
82.0001
53.7544
24.9706
-3.64789
-31.3716
-57.4716
-81.3102
-102.291
-119.864
-133.79
-143.89
-150.161
-152.757
-151.841
-147.702
-140.587
-130.848
-118.682
-104.793
-89.1028
-73.5669
-55.2704
-39.9907
-24.8163
-11.77
-0.722708
7.79287
13.7607
17.2254
18.4372
17.7307
15.5301
12.2763
8.42585
4.43723
0.69541
-2.47034
-4.69086
-5.86013
-5.84897
-4.7146
-2.60048
0.272086
3.59372
7.06392
10.3764
13.2168
15.4011
16.8243
17.4913
17.499
16.9928
16.138
15.1063
14.0585
13.0768
12.2701
11.6242
11.1514
10.7757
10.4551
10.1132
9.70809
9.20088
8.58121
7.85011
7.01956
6.10965
5.13604
4.1084
3.04227
1.94245
0.828865
-0.295584
-1.41174
-2.49342
-3.52004
-4.44635
-5.26419
-5.9266
-6.43296
-6.75972
-6.93234
-6.92709
-6.81437
-6.5442
-6.247
-5.79505
-5.36423
-4.8428
-4.33355
-3.7808
-3.23113
-2.65839
-2.09298
-1.52228
-0.970732
-0.452657
0.0315138
0.468221
0.84228
1.15
1.38797
1.55829
1.6625
1.70653
1.69785
1.64362
1.55078
1.42643
1.27793
1.11404
0.939661
0.764177
0.594352
0.436938
0.297182
0.178665
0.083081
0.0110196
-0.0399141
-0.0724374
-0.0901093
-0.0966209
-0.0954694
-0.089702
-0.0817202
-0.0731524
-0.0649582
-0.0576241
-0.0512902
-0.0459102
-0.0413645
-0.0375161
-0.0342359
-0.0314124
-0.0289529
-0.0267833
-0.024845
-0.0230926
-0.0214913
-0.0200144
-0.018642
-0.0173592
-0.0161549
-0.0150208
-0.0139508
-0.0129402
-0.0119857
-0.0110845
-0.0102346
-0.00943395
-0.00868111
-0.00797462
-0.00731306
-0.00669492
-0.00611872
-0.00558288
-0.00508575
-0.00462562
-0.00420069
-0.00380915
-0.00344914
-0.00311881
-0.00281633
-0.00253989
-0.00228772
-0.0020581
-0.00184937
-0.00165996
-0.00148835
-0.00133309
-0.00119284
-0.00106633
-2329.98
-2296.3
-2231.25
-2138.56
-2022.92
-1889.78
-1744.99
-1594.14
-1442.01
-1291.86
-1145.24
-1002.2
-861.785
-722.732
-584.259
-446.535
-310.72
-178.892
-53.796
61.3832
163.499
250.2
320.372
374.126
412.668
437.756
451.403
455.651
452.292
442.851
428.569
410.491
389.536
366.556
342.378
317.746
293.271
269.361
246.182
223.642
201.426
179.069
156.059
131.985
106.626
80.0183
52.4352
24.361
-3.53156
-30.5414
-55.9648
-79.1822
-99.6182
-116.747
-130.331
-140.195
-146.334
-148.892
-148.026
-144.014
-137.098
-127.623
-115.792
-102.287
-87.0352
-71.9407
-54.1739
-39.3358
-24.5982
-11.9203
-1.17179
7.13154
12.9749
16.3981
17.6404
17.0229
14.9535
11.8585
8.18013
4.36007
0.773383
-2.25982
-4.39045
-5.50955
-5.49678
-4.40494
-2.37211
0.389673
3.58434
6.92286
10.1108
12.8502
14.9633
16.3491
17.0107
17.0375
16.5685
15.7606
14.7775
13.7729
12.8272
12.0438
11.4111
10.9416
10.5639
10.2387
9.89364
9.4889
8.98693
8.37758
7.66109
6.84868
5.95891
5.0068
4.00207
2.95967
1.8851
0.796644
-0.299885
-1.38749
-2.44031
-3.43838
-4.33861
-5.13262
-5.77587
-6.26804
-6.58604
-6.7549
-6.75127
-6.64343
-6.38195
-6.09351
-5.65405
-5.23492
-4.72666
-4.23
-3.69024
-3.15385
-2.5949
-2.04427
-1.48891
-0.952692
-0.44834
0.0224412
0.446786
0.81097
1.1109
1.34346
1.51044
1.61332
1.6578
1.65089
1.59954
1.51047
1.39062
1.24712
1.08833
0.919568
0.749414
0.58458
0.431609
0.295577
0.179962
0.08639
0.0155495
-0.0348614
-0.06739
-0.0854406
-0.092549
-0.0920813
-0.0869817
-0.0795834
-0.0714855
-0.0636443
-0.0565597
-0.050399
-0.0451396
-0.0406794
-0.0368938
-0.033662
-0.0308775
-0.0284514
-0.0263115
-0.0244004
-0.0226737
-0.0210969
-0.0196436
-0.0182941
-0.0170335
-0.0158506
-0.0147372
-0.013687
-0.0126956
-0.0117593
-0.0108755
-0.010042
-0.00925699
-0.00851882
-0.0078261
-0.00717742
-0.00657129
-0.00600624
-0.00548072
-0.00499313
-0.00454178
-0.00412492
-0.00374077
-0.00338752
-0.00306336
-0.0027665
-0.00249516
-0.00224762
-0.00202219
-0.00181725
-0.00163125
-0.00146271
-0.00131023
-0.00117247
-0.00104818
-2167.69
-2136.81
-2077.23
-1992.38
-1886.52
-1764.51
-1631.52
-1492.48
-1351.59
-1211.77
-1074.55
-940.175
-808.074
-677.392
-547.63
-419.041
-292.707
-170.478
-54.7736
51.6614
146.161
226.723
292.357
343.118
379.976
404.427
418.225
423.171
420.885
412.784
400.041
383.656
364.514
343.418
321.132
298.329
275.558
253.184
231.359
210.019
188.905
167.634
145.79
123.036
99.2003
74.3219
48.65
22.615
-3.19425
-28.156
-51.6384
-73.0747
-91.9476
-107.801
-120.398
-129.581
-135.336
-137.777
-137.05
-133.4
-127.054
-118.341
-107.469
-95.0655
-81.0663
-67.2326
-50.9757
-37.3969
-23.9043
-12.277
-2.38339
5.30951
10.7901
14.0849
15.4038
15.0297
13.3245
10.6731
7.47646
4.12992
0.978786
-1.6834
-3.56103
-4.53982
-4.52243
-3.55
-1.74519
0.70587
3.5439
6.51279
9.35146
11.8061
13.7175
14.9955
15.6383
15.7153
15.3478
14.6692
13.8211
12.9375
12.0929
11.3765
10.7827
10.3245
9.94387
9.60844
9.25669
8.85471
8.36903
7.78999
7.11589
6.35586
5.52436
4.63473
3.69655
2.72315
1.72171
0.70471
-0.309477
-1.31474
-2.2848
-3.20117
-4.02675
-4.7527
-5.34119
-5.79269
-6.08556
-6.24351
-6.24424
-6.15016
-5.91347
-5.65032
-5.24681
-4.86132
-4.39117
-3.93105
-3.42914
-2.93125
-2.41224
-1.90416
-1.39265
-0.900163
-0.435255
-0.00277186
0.386485
0.722323
0.99985
1.21679
1.37401
1.47283
1.51835
1.51632
1.47302
1.39459
1.28747
1.15813
1.01401
0.861132
0.706154
0.555556
0.415283
0.289929
0.182681
0.0950058
0.0277845
-0.0209655
-0.0533478
-0.0723358
-0.0810284
-0.0824197
-0.0791607
-0.0733856
-0.0666115
-0.0597763
-0.0534121
-0.0477575
-0.0428541
-0.038649
-0.0350523
-0.0319664
-0.0293003
-0.0269748
-0.024924
-0.0230947
-0.0214444
-0.0199404
-0.018557
-0.017275
-0.0160796
-0.0149596
-0.0139068
-0.012915
-0.0119794
-0.0110965
-0.0102635
-0.00947813
-0.00873859
-0.00804328
-0.00739078
-0.00677975
-0.0062087
-0.00567626
-0.00518095
-0.00472126
-0.00429561
-0.00390237
-0.00353988
-0.00320643
-0.00290035
-0.00261995
-0.00236357
-0.0021296
-0.00191646
-0.00172264
-0.00154668
-0.00138719
-0.00124285
-0.0011124
-0.000994689
-1910.7
-1884.1
-1832.8
-1759.76
-1668.56
-1563.25
-1448.06
-1327.04
-1203.61
-1080.26
-958.416
-838.543
-720.463
-603.775
-488.3
-374.387
-262.999
-155.675
-54.3812
38.705
121.511
192.468
250.768
296.406
330.088
352.977
366.478
372.066
371.111
364.846
354.321
340.446
324.027
305.787
286.391
266.417
246.328
226.435
206.875
187.613
168.466
149.154
129.373
108.883
87.5669
65.4713
42.809
19.9378
-2.6644
-24.4804
-44.984
-63.6922
-80.17
-94.0453
-105.1
-113.199
-118.321
-120.547
-120.001
-116.889
-111.414
-103.868
-94.4574
-83.7261
-71.6257
-59.6872
-45.6807
-33.9793
-22.343
-12.2888
-3.69056
3.05517
7.93978
10.9765
12.3344
12.2505
11.0143
8.95579
6.41325
3.71829
1.16701
-0.988889
-2.5154
-3.30343
-3.27953
-2.4722
-0.981579
1.04122
3.38542
5.84238
8.1978
10.2516
11.8713
12.9816
13.5745
13.7034
13.4559
12.9415
12.2709
11.5522
10.8496
10.234
9.70651
9.2796
8.91135
8.57785
8.23181
7.84666
7.39498
6.86819
6.26294
5.58596
4.84708
4.05745
3.22586
2.36348
1.47845
0.582621
-0.309546
-1.18854
-2.03316
-2.82754
-3.54211
-4.16835
-4.6764
-5.06732
-5.32205
-5.46191
-5.46632
-5.38951
-5.18742
-4.9609
-4.61059
-4.27522
-3.86347
-3.45989
-3.01791
-2.58078
-2.12542
-1.68151
-1.23615
-0.809136
-0.404808
-0.0301954
0.306929
0.599049
0.841624
1.03309
1.1736
1.26411
1.30884
1.31216
1.27934
1.21559
1.12653
1.01772
0.89544
0.765526
0.632807
0.503471
0.382393
0.273475
0.179481
0.10177
0.0407991
-0.00415652
-0.0351622
-0.0545192
-0.0647067
-0.0681859
-0.0671775
-0.0635127
-0.0585476
-0.0531729
-0.0479244
-0.0430968
-0.0388045
-0.0350561
-0.0318086
-0.0289985
-0.026558
-0.0244238
-0.0225409
-0.0208628
-0.019352
-0.0179783
-0.0167183
-0.0155537
-0.0144706
-0.0134581
-0.0125082
-0.0116147
-0.0107731
-0.00997956
-0.00923147
-0.00852657
-0.00786302
-0.00723925
-0.00665392
-0.00610576
-0.00559338
-0.0051155
-0.00467082
-0.00425796
-0.00387552
-0.00352205
-0.00319607
-0.00289608
-0.00262058
-0.00236808
-0.0021371
-0.00192622
-0.00173403
-0.00155918
-0.00140037
-0.00125636
-0.00112597
-0.0010081
-0.00090168
-1664.01
-1641.36
-1597.66
-1535.41
-1457.61
-1367.58
-1268.79
-1164.53
-1057.62
-950.158
-843.44
-738.043
-634.044
-531.338
-429.958
-330.305
-233.228
-140.005
-52.225
28.3856
100.209
162.016
213.15
253.575
283.81
304.757
317.536
323.352
323.348
318.586
309.985
298.355
284.414
268.803
252.097
234.789
217.27
199.805
182.517
165.395
148.31
131.061
113.432
95.2519
76.4447
57.0618
37.2841
17.4076
-2.17888
-21.0487
-38.7663
-54.9254
-69.1631
-81.1746
-90.7669
-97.8232
-102.319
-104.315
-103.912
-101.284
-96.6095
-90.1458
-82.0856
-72.8967
-62.5441
-52.3419
-40.3873
-30.398
-20.456
-11.8446
-4.44688
1.40288
5.69836
8.44387
9.77252
9.89519
9.02094
7.44272
5.44088
3.29124
1.24409
-0.487621
-1.71722
-2.34612
-2.31769
-1.65169
-0.42875
1.23131
3.1517
5.17062
7.11152
8.81662
10.1767
11.1292
11.6641
11.818
11.6594
11.2731
10.7466
10.1661
9.58597
9.06257
8.60086
8.21253
7.86785
7.54935
7.22097
6.86206
6.45052
5.97884
5.4431
4.84795
4.20037
3.50926
2.7825
2.02965
1.25858
0.480885
-0.293166
-1.05185
-1.7781
-2.45843
-3.0694
-3.60337
-4.03685
-4.37135
-4.59038
-4.71286
-4.72004
-4.65848
-4.48851
-4.29685
-3.99732
-3.70996
-3.35488
-3.00625
-2.6232
-2.24513
-1.85146
-1.46881
-1.08594
-0.719932
-0.372562
-0.0515749
0.237714
0.489297
0.699262
0.866505
0.99073
1.07257
1.1154
1.12258
1.09845
1.04739
0.974196
0.883647
0.780921
0.67111
0.559205
0.449182
0.34566
0.251974
0.170501
0.102457
0.0481584
0.00751824
-0.0213453
-0.0401681
-0.0509494
-0.0557012
-0.0562664
-0.0541966
-0.0506801
-0.0465375
-0.0422882
-0.0382412
-0.0345538
-0.0312764
-0.0284011
-0.0258914
-0.0237
-0.0217779
-0.0200802
-0.0185677
-0.0172076
-0.0159735
-0.0148439
-0.0138022
-0.0128354
-0.0119336
-0.0110889
-0.0102956
-0.00954912
-0.00884606
-0.00818369
-0.00755988
-0.00697285
-0.00642113
-0.00590343
-0.00541858
-0.00496533
-0.0045425
-0.00414894
-0.00378343
-0.00344473
-0.00313158
-0.00284266
-0.00257668
-0.00233231
-0.00210825
-0.00190321
-0.00171593
-0.00154518
-0.00138978
-0.00124858
-0.00112049
-0.00100447
-0.000899552
-0.000804795
-1426.08
-1407.09
-1370.43
-1318.15
-1252.71
-1176.82
-1093.29
-1004.78
-913.592
-821.49
-729.624
-638.602
-548.653
-459.853
-372.362
-286.596
-203.293
-123.507
-48.5153
20.32
81.7361
134.77
178.894
214.059
240.645
259.351
271.066
276.761
277.389
273.836
266.897
257.276
245.598
232.42
218.232
203.451
188.407
173.322
158.308
143.368
128.416
113.31
97.8967
82.057
65.7455
49.0134
32.0136
14.9892
-1.74463
-17.8388
-32.9365
-46.7009
-58.8323
-69.0815
-77.2825
-83.3361
-87.2174
-88.9703
-88.68
-86.4896
-82.554
-77.0952
-70.2861
-62.5245
-53.7854
-45.1802
-35.1051
-26.684
-18.2959
-11.0138
-4.73344
0.266696
3.98197
6.41214
7.66516
7.90098
7.30679
6.11323
4.55368
2.85654
1.23003
-0.148392
-1.12884
-1.62587
-1.59486
-1.04967
-0.054303
1.28925
2.85819
4.50455
6.09156
7.49471
8.62508
9.431
9.90164
10.0635
9.96714
9.67937
9.26883
8.80369
8.3291
7.88987
7.49318
7.14909
6.83689
6.54374
6.24253
5.91714
5.55005
5.13476
4.66744
4.15128
3.59124
2.99443
2.36772
1.71907
1.05611
0.388648
-0.274074
-0.921521
-1.53942
-2.11645
-2.63392
-3.08519
-3.45162
-3.7348
-3.92063
-4.02566
-4.03309
-3.98271
-3.83948
-3.67736
-3.42234
-3.17741
-2.87361
-2.57514
-2.24667
-1.92302
-1.58674
-1.25977
-0.934427
-0.624162
-0.32955
-0.0580398
0.186763
0.399971
0.578457
0.721442
0.828552
0.900194
0.939077
0.94782
0.929984
0.889195
0.829491
0.754907
0.669732
0.578237
0.4848
0.392448
0.305283
0.225967
0.156516
0.0979992
0.0506888
0.0148267
-0.011272
-0.0288317
-0.0394709
-0.0448177
-0.0463834
-0.0454635
-0.0430767
-0.0399547
-0.0365809
-0.0332555
-0.0301523
-0.0273473
-0.0248568
-0.0226649
-0.0207404
-0.0190471
-0.0175493
-0.0162148
-0.0150158
-0.0139292
-0.0129365
-0.0120228
-0.0111763
-0.010388
-0.00965079
-0.00895929
-0.00830933
-0.00769766
-0.00712178
-0.00657968
-0.0060697
-0.00559048
-0.00514084
-0.00471973
-0.00432602
-0.00395867
-0.00361668
-0.00329897
-0.00300449
-0.00273212
-0.00248076
-0.00224926
-0.00203651
-0.00184137
-0.00166273
-0.00149951
-0.00135065
-0.00121512
-0.00109193
-0.000980143
-0.000878862
-0.000787235
-0.000704462
-1195.51
-1179.95
-1149.86
-1106.88
-1052.97
-990.297
-921.101
-847.518
-771.4
-694.198
-616.911
-540.125
-464.14
-389.131
-315.323
-243.116
-173.141
-106.253
-43.4685
14.1464
65.6123
110.18
147.432
177.312
200.103
216.338
226.715
232.009
232.994
230.402
224.899
217.082
207.481
196.567
184.752
172.383
159.732
146.986
134.242
121.513
108.744
95.8363
82.683
69.2036
55.3733
41.2409
26.9332
12.6476
-1.36346
-14.8184
-27.4292
-38.9219
-49.0531
-57.6212
-64.4877
-69.5698
-72.8442
-74.3435
-74.1372
-72.3427
-69.091
-64.5693
-58.9273
-52.4969
-45.2608
-38.1399
-29.808
-22.8424
-15.899
-9.85952
-4.63368
-0.449156
2.69104
4.78361
5.91451
6.20688
5.81829
4.93105
3.73523
2.41637
1.14429
0.0639111
-0.705321
-1.09214
-1.06116
-0.622195
0.174996
1.25098
2.50487
3.82435
5.09952
6.23307
7.1538
7.81988
8.22081
8.37522
8.32066
8.10864
7.79228
7.4247
7.04275
6.68138
6.34838
6.05235
5.77935
5.52001
5.25414
4.96949
4.65235
4.29742
3.90119
3.46581
2.99483
2.49384
1.96858
1.42569
0.871665
0.315366
-0.236346
-0.773703
-1.28525
-1.76167
-2.1884
-2.55998
-2.8619
-3.09581
-3.24999
-3.33851
-3.3468
-3.30793
-3.19191
-3.0601
-2.85079
-2.64936
-2.3981
-2.15086
-1.87816
-1.60958
-1.33048
-1.05894
-0.790248
-0.53393
-0.290116
-0.0654557
0.137567
0.314969
0.464119
0.58447
0.675541
0.737547
0.772492
0.782418
0.770153
0.738612
0.69111
0.63098
0.56177
0.486936
0.410193
0.334401
0.262427
0.196577
0.138591
0.0893982
0.0492225
0.0184483
-0.00438478
-0.0200941
-0.0299942
-0.0353789
-0.0374655
-0.0373135
-0.0357751
-0.0334799
-0.0308595
-0.0281902
-0.0256417
-0.0233019
-0.0212013
-0.0193381
-0.0176938
-0.0162425
-0.0149567
-0.0138106
-0.0127814
-0.0118497
-0.0109996
-0.0102183
-0.00949561
-0.00882356
-0.00819589
-0.00760779
-0.00705552
-0.00653619
-0.00604751
-0.00558769
-0.00515524
-0.00474894
-0.00436776
-0.00401076
-0.00367696
-0.00336547
-0.00307543
-0.00280592
-0.00255605
-0.00232489
-0.0021115
-0.00191491
-0.00173419
-0.00156838
-0.00141655
-0.00127778
-0.00115118
-0.00103588
-0.000931053
-0.000835903
-0.00074967
-0.000671637
-0.000601124
-970.967
-958.659
-934.788
-900.581
-857.541
-807.353
-751.765
-692.446
-630.858
-568.167
-505.205
-442.5
-380.367
-319.02
-258.703
-199.775
-142.759
-88.3356
-37.2976
9.535
51.4135
87.7644
118.262
142.854
161.744
175.335
184.163
188.832
189.954
188.116
183.861
177.676
169.997
161.21
151.65
141.599
131.275
120.833
110.353
99.8541
89.3015
78.6292
67.7641
56.6534
45.2854
33.7038
22.0115
10.3649
-1.03769
-11.9742
-22.2175
-31.5502
-39.7792
-46.745
-52.3352
-56.4825
-59.1666
-60.411
-60.2712
-58.8408
-56.2274
-52.5837
-48.0344
-42.8488
-37.015
-31.2759
-24.5628
-18.9487
-13.3484
-8.46838
-4.23383
-0.82752
1.75177
3.49624
4.47269
4.77733
4.5345
3.88842
2.98927
1.9845
1.00926
0.179061
-0.412281
-0.707112
-0.67753
-0.330536
0.298145
1.14172
2.12657
3.1646
4.17034
5.06869
5.80373
6.34221
6.6747
6.8139
6.78755
6.63451
6.39525
6.11061
5.80969
5.51959
5.24787
5.00149
4.77108
4.54993
4.32336
4.08198
3.81538
3.51923
3.19058
2.83083
2.44256
2.03006
1.59811
1.15192
0.69749
0.241138
-0.209848
-0.648474
-1.06517
-1.45247
-1.79889
-2.10006
-2.34464
-2.53408
-2.65884
-2.73051
-2.73683
-2.70493
-2.60978
-2.50163
-2.32947
-2.16388
-1.95724
-1.75405
-1.53015
-1.30987
-1.08167
-0.85939
-0.642036
-0.434347
-0.237047
-0.0557396
0.107901
0.250782
0.370915
0.468036
0.541723
0.592218
0.621056
0.629836
0.620778
0.596213
0.558803
0.511221
0.456306
0.396786
0.335557
0.274924
0.217269
0.164283
0.117417
0.0774316
0.0445746
0.0189532
-0.000139903
-0.0135334
-0.0222205
-0.0271948
-0.02941
-0.0297077
-0.0287775
-0.0271402
-0.0251609
-0.0230819
-0.0210554
-0.0191684
-0.0174575
-0.0159295
-0.0145748
-0.0133755
-0.0123113
-0.0113622
-0.0105101
-0.00973936
-0.00903683
-0.00839193
-0.00779615
-0.00724276
-0.00672647
-0.00624317
-0.00578968
-0.0053635
-0.00496267
-0.00458565
-0.00423118
-0.00389818
-0.00358579
-0.00329323
-0.00301966
-0.00276435
-0.00252658
-0.00230561
-0.0021007
-0.00191109
-0.00173601
-0.00157469
-0.00142635
-0.00129021
-0.00116553
-0.00105154
-0.000947516
-0.000852761
-0.000766592
-0.000688358
-0.00061744
-0.000553251
-0.000495236
-751.188
-742.03
-724.121
-698.285
-665.609
-627.343
-584.796
-539.223
-491.735
-443.229
-394.368
-345.595
-297.195
-249.384
-202.385
-156.504
-112.153
-69.8557
-30.2089
6.17551
38.7422
67.0649
90.898
110.196
125.101
135.908
143.013
146.87
147.944
146.685
143.515
138.814
132.924
126.146
118.741
110.928
102.877
94.7075
86.486
78.2309
69.9225
61.5176
52.9685
44.2419
35.3341
26.2821
17.1655
8.1037
-0.753332
-9.23762
-17.1771
-24.4068
-30.78
-36.1757
-40.5078
-43.7247
-45.8101
-46.7816
-46.6817
-45.5831
-43.5697
-40.7611
-37.2557
-33.262
-28.7726
-24.3587
-19.1994
-14.8848
-10.5798
-6.82444
-3.55967
-0.925847
1.08305
2.45577
3.2437
3.5188
3.37554
2.92261
2.27341
1.53962
0.823538
0.211895
-0.222543
-0.438283
-0.413599
-0.152844
0.312685
0.944915
1.67983
2.45511
3.20735
3.88132
4.43535
4.84448
5.10105
5.21364
5.20188
5.09399
4.91953
4.70823
4.48211
4.26096
4.05135
3.85867
3.67698
3.50155
3.32211
3.13211
2.92386
2.69413
2.44062
2.16422
1.86668
1.5512
1.22132
0.881157
0.535117
0.188234
-0.154349
-0.48689
-0.802361
-1.09511
-1.35702
-1.58472
-1.76997
-1.91401
-2.00959
-2.06562
-2.07252
-2.05083
-1.98126
-1.90165
-1.77383
-1.65072
-1.49568
-1.34279
-1.17379
-1.00743
-0.835086
-0.661074
-0.501284
-0.343846
-0.193848
-0.0556804
0.0695461
0.17944
0.272412
0.348266
0.406441
0.447029
0.47104
0.479588
0.47432
0.456983
0.429578
0.394133
0.352816
0.307732
0.26113
0.215137
0.170767
0.130016
0.0938658
0.0628831
0.0372983
0.0171228
0.00200919
-0.00873561
-0.0158451
-0.0200576
-0.0220901
-0.0225814
-0.0220615
-0.0209387
-0.0195044
-0.0179556
-0.0164188
-0.0149703
-0.013646
-0.0124564
-0.0113974
-0.0104576
-0.00962244
-0.00887721
-0.0082082
-0.00760337
-0.00705248
-0.00654726
-0.00608097
-0.00564826
-0.00524491
-0.00486763
-0.00451384
-0.00418152
-0.00386911
-0.00357535
-0.0032992
-0.00303983
-0.00279653
-0.00256867
-0.0023556
-0.00215673
-0.00197151
-0.00179935
-0.00163968
-0.0014919
-0.00135543
-0.00122965
-0.00111398
-0.0010078
-0.000910532
-0.000821592
-0.000740415
-0.000666454
-0.000599182
-0.000538094
-0.000482709
-0.00043257
-0.000387245
-534.955
-528.925
-516.825
-499.081
-476.401
-449.644
-419.72
-387.511
-353.801
-319.237
-284.303
-249.337
-214.571
-180.185
-146.364
-113.34
-81.4182
-50.9734
-22.4296
3.78415
27.2787
47.7542
65.0344
79.081
89.9864
97.9498
103.245
106.188
107.109
106.326
104.144
100.835
96.648
91.8007
86.4823
80.8503
75.0277
69.1011
63.1199
57.1002
51.0311
44.886
38.6348
32.2573
25.7538
19.1525
12.5113
5.91566
-0.527546
-6.69803
-12.4732
-17.7344
-22.3759
-26.3106
-29.4755
-31.8323
-33.368
-34.0939
-34.04
-33.2579
-31.8088
-29.7794
-27.2419
-24.348
-21.0929
-17.8914
-14.1472
-11.0141
-7.88501
-5.15114
-2.76812
-0.835183
0.638414
1.65722
2.25431
2.47992
2.40142
2.09697
1.64796
1.13499
0.631899
0.203197
-0.104312
-0.254812
-0.233982
-0.0465785
0.292183
0.746168
1.27514
1.8336
2.37646
2.86445
3.26762
3.56787
3.75923
3.84721
3.84524
3.77301
3.65134
3.50125
3.33855
3.17738
3.02285
2.87897
2.74197
2.60876
2.47223
2.3278
2.17015
1.99688
1.8063
1.59898
1.37618
1.14017
0.893649
0.639548
0.381323
0.123067
-0.131461
-0.378276
-0.612036
-0.828574
-1.02162
-1.18906
-1.3248
-1.42983
-1.49881
-1.53834
-1.54121
-1.52288
-1.46871
-1.40737
-1.30941
-1.21485
-1.097
-0.9814
-0.85453
-0.730359
-0.603319
-0.490498
-0.359348
-0.242654
-0.133298
-0.0334891
0.0563192
0.134581
0.200318
0.253557
0.294059
0.322023
0.338244
0.343566
0.339177
0.326338
0.306488
0.281064
0.251609
0.219636
0.186697
0.154113
0.122756
0.0939112
0.0682688
0.0462327
0.0279663
0.0134573
0.00253589
-0.00530369
-0.0105612
-0.013747
-0.0153598
-0.0158474
-0.0155841
-0.0148626
-0.0138953
-0.0128264
-0.0117506
-0.0107268
-0.00978472
-0.00893458
-0.00817542
-0.00750031
-0.00689971
-0.00636352
-0.00588215
-0.00544707
-0.00505103
-0.00468809
-0.00435336
-0.00404295
-0.00375381
-0.0034835
-0.00323016
-0.00299229
-0.00276875
-0.0025586
-0.00236109
-0.0021756
-0.00200161
-0.00183867
-0.00168631
-0.00154409
-0.00141163
-0.00128849
-0.00117427
-0.00106856
-0.000970909
-0.000880905
-0.000798116
-0.000722115
-0.00065248
-0.000588798
-0.000530667
-0.000477696
-0.000429508
-0.000385744
-0.00034606
-0.00031013
-0.000277646
-321.062
-318.254
-311.895
-302.042
-289.071
-273.485
-255.832
-236.652
-216.428
-195.566
-174.375
-153.081
-131.847
-110.8
-90.071
-69.8162
-50.2314
-31.5521
-14.0392
2.04509
16.4643
29.0364
39.6542
48.2923
55.0051
59.9117
63.1775
64.9945
65.5637
65.0818
63.7355
61.6946
59.1119
56.1226
52.8434
49.3714
45.7822
42.1294
38.4443
34.7381
31.0064
27.2352
23.4088
19.5168
15.5613
11.5601
7.5485
3.57771
-0.289093
-3.98127
-7.42681
-10.5568
-13.3096
-15.6353
-17.498
-18.8768
-19.7658
-20.1733
-20.1188
-19.6347
-18.7587
-17.5437
-16.0338
-14.3193
-12.3983
-10.5139
-8.31798
-6.48369
-4.65572
-3.06095
-1.67228
-0.546653
0.312735
0.907723
1.25933
1.39679
1.35915
1.19159
0.940797
0.652934
0.370072
0.128385
-0.0445578
-0.129558
-0.119084
-0.0130697
0.172551
0.425518
0.719511
1.03001
1.33167
1.60275
1.82665
1.99334
2.09952
2.14818
2.14674
2.1061
2.03763
1.95318
1.86148
1.77037
1.68285
1.60119
1.52351
1.44814
1.37142
1.29068
1.20308
1.10731
1.0024
0.88863
0.766636
0.637591
0.50306
0.364375
0.224004
0.0823655
-0.0564371
-0.191426
-0.319401
-0.43866
-0.545663
-0.63907
-0.715655
-0.775861
-0.81674
-0.841703
-0.846689
-0.839988
-0.813466
-0.782422
-0.731117
-0.681632
-0.619143
-0.557182
-0.488434
-0.42045
-0.352781
-0.28837
-0.215363
-0.1497
-0.0882975
-0.031457
0.0204382
0.0664848
0.105822
0.138454
0.163945
0.182245
0.193653
0.198541
0.197526
0.191298
0.180684
0.166555
0.149837
0.131406
0.112135
0.0927511
0.0740544
0.0569372
0.0416092
0.0283732
0.0173604
0.00857618
0.00195006
-0.0028278
-0.00605264
-0.0080302
-0.00905805
-0.00940264
-0.00928718
-0.00888565
-0.00832679
-0.00770005
-0.00706323
-0.00645317
-0.00588923
-0.0053787
-0.0049218
-0.00451489
-0.00415258
-0.00382897
-0.00353844
-0.00327595
-0.00303712
-0.00281833
-0.00261665
-0.00242973
-0.0022557
-0.00209308
-0.00194073
-0.00179774
-0.00166339
-0.00153712
-0.00141847
-0.00130705
-0.00120255
-0.00110469
-0.00101318
-0.000927764
-0.000848202
-0.000774242
-0.000705636
-0.000642129
-0.000583467
-0.000529393
-0.000479648
-0.000433979
-0.000392131
-0.000353857
-0.000318916
-0.000287074
-0.000258104
-0.000231792
-0.000207931
-0.000186325
-0.00016679
-108.291
-109.207
-108.963
-107.345
-104.418
-100.323
-95.2341
-89.3333
-82.7946
-75.7706
-68.3855
-60.7353
-52.8945
-44.9271
-36.8985
-28.8861
-20.985
-13.3087
-5.98343
0.861464
7.10524
12.6484
17.4217
21.3912
24.5587
26.9562
28.639
29.6773
30.1488
30.1322
29.7052
28.9395
27.9018
26.6519
25.2424
23.7181
22.1142
20.4564
18.7599
17.0311
15.2685
13.4665
11.6182
9.71974
7.77281
5.78718
3.78108
1.78122
-0.17948
-2.06452
-3.83572
-5.45585
-6.89154
-8.11467
-9.10429
-9.84697
-10.337
-10.5764
-10.5732
-10.3424
-9.9026
-9.28052
-8.49887
-7.60504
-6.59801
-5.60683
-4.44699
-3.47628
-2.50633
-1.65826
-0.918034
-0.316703
0.143987
0.465202
0.65669
0.734133
0.71803
0.632491
0.50234
0.352283
0.20483
0.0792944
-0.00939969
-0.0516717
-0.0432303
0.0143193
0.11735
0.253773
0.41143
0.577127
0.737501
0.881153
0.999391
1.08704
1.14247
1.16731
1.16553
1.14284
1.10533
1.05905
1.00865
0.958151
0.909182
0.862875
0.818337
0.774735
0.730203
0.683518
0.633277
0.578864
0.519868
0.456524
0.389227
0.31862
0.245724
0.171618
0.0967352
0.0234997
-0.0489227
-0.118146
-0.183187
-0.24257
-0.295018
-0.339854
-0.375489
-0.402228
-0.418879
-0.42694
-0.424606
-0.416349
-0.397964
-0.377764
-0.347352
-0.318098
-0.28259
-0.248308
-0.211734
-0.177202
-0.140673
-0.106676
-0.079478
-0.051803
-0.0250426
-0.00141571
0.0191826
0.0365587
0.050535
0.0613247
0.0690439
0.0738815
0.0761356
0.076084
0.0740547
0.0703672
0.0653476
0.0593111
0.0525929
0.0454827
0.0382472
0.0313868
0.0252302
0.0192493
0.0139622
0.00946176
0.00575718
0.00282453
0.000625938
-0.00095416
-0.00202028
-0.00267592
-0.00301942
-0.00313731
-0.00310227
-0.00297234
-0.00278906
-0.00258145
-0.00236935
-0.00216534
-0.00197623
-0.00180468
-0.00165095
-0.00151392
-0.00139186
-0.00128287
-0.001185
-0.00109658
-0.00101622
-0.000942673
-0.000874928
-0.000812191
-0.000753824
-0.000699324
-0.000648297
-0.000600431
-0.000555482
-0.000513253
-0.000473586
-0.000436348
-0.000401429
-0.000368737
-0.000338172
-0.000309646
-0.000283077
-0.00025838
-0.000235471
-0.000214266
-0.000194679
-0.000176622
-0.000160012
-0.000144761
-0.000130786
-0.000118004
-0.000106335
-9.56989e-05
-8.60223e-05
-7.72324e-05
-6.92607e-05
-6.20419e-05
-5.55144e-05
-0.258035
-0.219822
-0.18686
-0.158473
-0.134145
-0.113346
-0.0956093
-0.080516
-0.0676987
-0.0568358
-0.0476478
-0.0398923
-0.0333601
-0.0278709
-0.0232695
-0.019423
-0.0162202
-0.013559
-0.0113598
-0.0095515
-0.00807441
-0.00687821
-0.00592133
-0.00516855
-0.00458358
-0.00415071
-0.00384724
-0.00365721
-0.00356844
-0.00357021
-0.00365485
-0.00381743
-0.00405469
-0.0043653
-0.00474951
-0.00520924
-0.00574798
-0.00637084
-0.00708443
-0.00790154
-0.00882367
-0.00986777
-0.0110574
-0.0123867
-0.0139283
-0.0156398
-0.0176207
-0.0198566
-0.0224315
-0.0253796
-0.0287829
-0.0327206
-0.0373
-0.0426492
-0.0489278
-0.0563335
-0.0651109
-0.0755638
-0.0880673
-0.103085
-0.121186
-0.143068
-0.16958
-0.201744
-0.240781
-0.28812
-0.345407
-0.414471
-0.497259
-0.595691
-0.711414
-0.84539
-0.997228
-1.16422
-1.34034
-1.51478
-1.66959
-1.77694
-1.79721
-1.67593
-1.34322
-0.721574
0.279866
1.72689
3.64232
5.95625
8.53483
11.061
13.2033
14.6141
15.1653
14.9735
14.4364
-0.257504
-0.219429
-0.18662
-0.158383
-0.13419
-0.11351
-0.0958785
-0.0808763
-0.0681382
-0.0573441
-0.048216
-0.0405126
-0.0340258
-0.0285763
-0.0240099
-0.0201944
-0.0170177
-0.0143811
-0.0122034
-0.0104144
-0.00895481
-0.00777443
-0.00683177
-0.00609213
-0.00552002
-0.00509856
-0.00480531
-0.00462441
-0.00454417
-0.00455325
-0.00464395
-0.00481154
-0.00505278
-0.00536638
-0.0057527
-0.00621375
-0.00675313
-0.00737605
-0.00808859
-0.00890667
-0.00982644
-0.010869
-0.012058
-0.0133844
-0.0149248
-0.016633
-0.0186118
-0.0208447
-0.0234168
-0.0263617
-0.0297616
-0.0336959
-0.0382717
-0.0436173
-0.0498925
-0.057295
-0.0660698
-0.0765206
-0.089023
-0.104041
-0.122144
-0.14403
-0.17055
-0.202726
-0.241778
-0.289139
-0.346454
-0.415555
-0.498387
-0.596872
-0.712658
-0.846703
-0.998615
-1.16568
-1.34188
-1.51639
-1.67128
-1.77898
-1.79823
-1.67657
-1.34341
-0.721169
0.280967
1.72873
3.64476
5.95903
8.5375
11.063
13.2039
14.6145
15.1649
14.9727
14.4356
-0.254853
-0.216963
-0.184353
-0.156307
-0.132281
-0.111745
-0.0942347
-0.0793338
-0.0666794
-0.0559535
-0.0468802
-0.0392203
-0.0327672
-0.0273431
-0.0227954
-0.0189933
-0.0158244
-0.0131917
-0.0110145
-0.00922308
-0.0077587
-0.00657164
-0.00562113
-0.00487471
-0.00428867
-0.00385705
-0.00355322
-0.00336213
-0.00327181
-0.00327194
-0.00335517
-0.00351664
-0.00375321
-0.0040636
-0.00444808
-0.00490854
-0.00544847
-0.0060729
-0.00678858
-0.00760752
-0.0085326
-0.00957884
-0.0107733
-0.0121043
-0.0136512
-0.0153651
-0.0173513
-0.0195917
-0.022172
-0.0251259
-0.0285354
-0.03248
-0.0370669
-0.0424245
-0.0487124
-0.0561283
-0.0649174
-0.0753833
-0.0879018
-0.102936
-0.121058
-0.142963
-0.169503
-0.201701
-0.240778
-0.288167
-0.345515
-0.414654
-0.497531
-0.596068
-0.711913
-0.846024
-0.998007
-1.16515
-1.34139
-1.5159
-1.67065
-1.77753
-1.79817
-1.67645
-1.34296
-0.720168
0.282716
1.73133
3.64825
5.96323
8.54208
11.0676
13.2085
14.6165
15.1659
14.9732
14.4359
-0.25285
-0.215273
-0.182973
-0.15522
-0.13146
-0.111159
-0.093855
-0.0791345
-0.0666375
-0.056049
-0.0470957
-0.0395409
-0.0331801
-0.0278373
-0.0233612
-0.0196222
-0.0165099
-0.0139284
-0.0117974
-0.0100481
-0.00862239
-0.00747102
-0.00655306
-0.00583485
-0.00528212
-0.00487713
-0.00459797
-0.00442908
-0.00435984
-0.00437803
-0.00447614
-0.00464983
-0.00489593
-0.00521327
-0.00560236
-0.0060653
-0.00660589
-0.00722938
-0.00794277
-0.00875731
-0.00967848
-0.0107193
-0.0119081
-0.0132313
-0.0147713
-0.0164755
-0.0184525
-0.020682
-0.0232506
-0.0261917
-0.0295871
-0.0335166
-0.0380869
-0.0434267
-0.0496955
-0.0570911
-0.0658586
-0.076302
-0.0887971
-0.103808
-0.121905
-0.143788
-0.170307
-0.202487
-0.24155
-0.288931
-0.346279
-0.41543
-0.498334
-0.596918
-0.712835
-0.847049
-0.999171
-1.16649
-1.34296
-1.51777
-1.67296
-1.78108
-1.8
-1.67803
-1.34427
-0.721003
0.282588
1.73209
3.64997
5.96575
8.54491
11.0699
13.2086
14.6176
15.166
14.9727
14.4353
-0.249394
-0.212187
-0.180237
-0.15281
-0.129336
-0.109281
-0.0921865
-0.0776417
-0.0652908
-0.0548226
-0.0459672
-0.038491
-0.0321923
-0.0268975
-0.0224575
-0.0187448
-0.0156496
-0.0130782
-0.0109511
-0.00920054
-0.00776914
-0.00660852
-0.00567898
-0.00494904
-0.00437454
-0.00395285
-0.00365582
-0.00346951
-0.00338266
-0.00338509
-0.00346988
-0.00363246
-0.00386986
-0.00418093
-0.00456603
-0.00502709
-0.00556762
-0.00619265
-0.00690919
-0.00772742
-0.00865384
-0.00969998
-0.0108957
-0.0122253
-0.0137743
-0.015486
-0.0174728
-0.019712
-0.0222911
-0.0252434
-0.0286506
-0.0325923
-0.0371754
-0.0425282
-0.0488102
-0.056219
-0.0649995
-0.0754555
-0.0879625
-0.102985
-0.121092
-0.142984
-0.169511
-0.201698
-0.24077
-0.288162
-0.345527
-0.414701
-0.497639
-0.596272
-0.712257
-0.846563
-0.998805
-1.16627
-1.3429
-1.51784
-1.67301
-1.78013
-1.8011
-1.67947
-1.34563
-0.721959
0.282379
1.73292
3.65206
5.96904
8.54911
11.0745
13.2144
14.6197
15.1669
14.973
14.4354
-0.245775
-0.209072
-0.177591
-0.150594
-0.127502
-0.107784
-0.0909832
-0.0766938
-0.0645643
-0.054288
-0.0455991
-0.0382676
-0.0320949
-0.0269103
-0.022567
-0.0189393
-0.0159196
-0.0134157
-0.0113493
-0.00965392
-0.0082731
-0.00715913
-0.00627221
-0.00557974
-0.00505028
-0.0046634
-0.00439965
-0.00424322
-0.00418594
-0.0042124
-0.00431784
-0.00449733
-0.00474794
-0.00506866
-0.00546012
-0.00592459
-0.00646598
-0.00708959
-0.00780286
-0.00861505
-0.00953585
-0.0105744
-0.0117619
-0.0130804
-0.0146197
-0.0163177
-0.0182914
-0.020515
-0.0230774
-0.0260112
-0.029398
-0.0333175
-0.0378762
-0.0432025
-0.0494558
-0.0568335
-0.0655805
-0.0760005
-0.0884694
-0.103451
-0.121518
-0.143367
-0.169851
-0.201997
-0.241031
-0.288392
-0.345733
-0.414899
-0.497849
-0.596521
-0.712583
-0.847014
-0.999444
-1.16717
-1.34414
-1.51954
-1.67537
-1.78416
-1.80372
-1.68199
-1.34806
-0.724021
0.281059
1.73269
3.65321
5.9715
8.55243
11.0777
13.2146
14.6215
15.1675
14.9728
14.4349
-0.241224
-0.205101
-0.174145
-0.14762
-0.12494
-0.105579
-0.0890809
-0.0750481
-0.0631339
-0.0530369
-0.044496
-0.0372855
-0.0312106
-0.026104
-0.0218217
-0.0182405
-0.0152548
-0.0127745
-0.0107229
-0.00903479
-0.00765477
-0.00653628
-0.00564071
-0.00493584
-0.00438834
-0.00398263
-0.0036993
-0.00352361
-0.00344525
-0.00345384
-0.00354332
-0.00370936
-0.00394927
-0.00426208
-0.00464832
-0.00511
-0.00565074
-0.00627553
-0.00699165
-0.00780779
-0.00873365
-0.00977748
-0.0109721
-0.0122965
-0.0138454
-0.0155503
-0.0175338
-0.0197664
-0.0223386
-0.0252826
-0.0286796
-0.0326094
-0.0371783
-0.0425144
-0.0487766
-0.0561622
-0.0649157
-0.0753402
-0.0878114
-0.102793
-0.120855
-0.142698
-0.169172
-0.201307
-0.240329
-0.28768
-0.345018
-0.414189
-0.497162
-0.595882
-0.712024
-0.846579
-0.999189
-1.16715
-1.34443
-1.52014
-1.67619
-1.78424
-1.80576
-1.68469
-1.35093
-0.726627
0.279195
1.73202
3.65415
5.97409
8.55636
11.0823
13.2211
14.624
15.1685
14.973
14.4349
-0.236188
-0.200768
-0.170442
-0.144481
-0.122296
-0.103367
-0.0872432
-0.0735335
-0.0618977
-0.0520401
-0.0437052
-0.0366722
-0.0307506
-0.0257766
-0.0216096
-0.018129
-0.0152317
-0.0128296
-0.0108476
-0.00922202
-0.00789876
-0.00683217
-0.00598414
-0.00532314
-0.00482097
-0.00445526
-0.00420896
-0.00406717
-0.00402075
-0.0040565
-0.00416923
-0.00435434
-0.00460917
-0.00493288
-0.0053263
-0.00579181
-0.00633348
-0.00695662
-0.00766894
-0.00847866
-0.00939779
-0.0104328
-0.0116182
-0.0129296
-0.0144677
-0.0161564
-0.018125
-0.0203395
-0.0228922
-0.0258146
-0.0291876
-0.0330912
-0.037631
-0.0429353
-0.0491627
-0.0565102
-0.065222
-0.0756014
-0.088024
-0.102953
-0.12096
-0.142745
-0.16916
-0.201234
-0.240198
-0.287496
-0.344791
-0.413935
-0.496906
-0.595658
-0.711882
-0.846582
-0.999422
-1.16772
-1.34543
-1.52173
-1.67857
-1.78834
-1.80925
-1.68833
-1.35469
-0.730127
0.276462
1.73058
3.65449
5.97629
8.56
11.0863
13.2222
14.6263
15.1693
14.973
14.4346
-0.230424
-0.195798
-0.166173
-0.140832
-0.119186
-0.10072
-0.084993
-0.0716204
-0.0602692
-0.0506505
-0.042515
-0.0356471
-0.0298612
-0.0249976
-0.0209192
-0.0175087
-0.0146656
-0.0123041
-0.0103512
-0.00874475
-0.00743231
-0.00636949
-0.00551929
-0.0048507
-0.00433528
-0.0039541
-0.0036903
-0.00353031
-0.00346425
-0.0034824
-0.00357921
-0.00375072
-0.00399459
-0.0043101
-0.00469796
-0.00516033
-0.00570097
-0.00632487
-0.00703952
-0.00785262
-0.00877625
-0.0098158
-0.0110075
-0.0123234
-0.0138705
-0.015564
-0.017541
-0.0197622
-0.0223224
-0.0252518
-0.0286316
-0.0325412
-0.0370862
-0.0423943
-0.0486237
-0.0559708
-0.0646793
-0.0750519
-0.0874632
-0.102377
-0.120362
-0.142121
-0.168505
-0.200545
-0.239473
-0.286738
-0.344005
-0.413136
-0.496115
-0.594911
-0.711225
-0.846081
-0.999162
-1.1678
-1.34596
-1.52278
-1.68014
-1.78973
-1.81223
-1.69223
-1.35897
-0.734273
0.273068
1.72857
3.65445
5.97837
8.56386
11.0911
13.2287
14.6292
15.1705
14.9732
14.4345
-0.224082
-0.19036
-0.161531
-0.136888
-0.11585
-0.0979103
-0.0826366
-0.0696527
-0.0586342
-0.0493
-0.0414073
-0.0347469
-0.0291384
-0.0244267
-0.020479
-0.0171811
-0.0144357
-0.0121596
-0.0102818
-0.00874196
-0.00748917
-0.00648031
-0.00567939
-0.00505639
-0.00458546
-0.00424506
-0.00401853
-0.00389397
-0.00385922
-0.0039049
-0.00402524
-0.00421603
-0.00447493
-0.00480135
-0.00519632
-0.00566237
-0.00620371
-0.00682567
-0.00753618
-0.00834274
-0.00925903
-0.0102891
-0.0114713
-0.0127729
-0.0143093
-0.0159852
-0.0179468
-0.0201486
-0.022688
-0.0255944
-0.0289484
-0.0328297
-0.0373432
-0.0426165
-0.0488073
-0.0561118
-0.0647734
-0.0750945
-0.0874495
-0.102301
-0.120221
-0.141908
-0.168218
-0.200181
-0.239034
-0.286227
-0.343433
-0.412521
-0.495485
-0.594309
-0.710711
-0.845736
-0.99909
-1.16813
-1.34684
-1.52436
-1.68262
-1.79377
-1.81656
-1.697
-1.3641
-0.739271
0.268854
1.72583
3.6539
5.98017
8.56766
11.0957
13.231
14.632
15.1717
14.9733
14.4343
-0.217095
-0.184374
-0.156418
-0.132536
-0.112156
-0.0947829
-0.0799936
-0.0674221
-0.056753
-0.0477136
-0.0400685
-0.033615
-0.0281783
-0.0236085
-0.0197768
-0.0165729
-0.0139025
-0.0116852
-0.00985226
-0.00834546
-0.00711543
-0.00612061
-0.00532625
-0.00470314
-0.00422614
-0.00387641
-0.00363675
-0.00349707
-0.00344661
-0.00347712
-0.00358345
-0.00376211
-0.00401111
-0.00433004
-0.00471987
-0.00518291
-0.00572309
-0.00634541
-0.0070576
-0.00786661
-0.00878645
-0.00981964
-0.011007
-0.0123106
-0.0138548
-0.0155321
-0.0174997
-0.0197048
-0.0222477
-0.0251568
-0.0285123
-0.0323938
-0.0369055
-0.0421747
-0.0483585
-0.0556523
-0.0642987
-0.0745992
-0.0869275
-0.101746
-0.119625
-0.141265
-0.167521
-0.199426
-0.238217
-0.28535
-0.342505
-0.411558
-0.494515
-0.593375
-0.709875
-0.845084
-0.998736
-1.16821
-1.3475
-1.52575
-1.68482
-1.79644
-1.82054
-1.70211
-1.36979
-0.744943
0.26395
1.72249
3.65292
5.98181
8.57157
11.1008
13.2373
14.6353
15.1731
14.9735
14.4342
-0.209523
-0.177905
-0.150907
-0.127858
-0.108198
-0.0914434
-0.0771849
-0.0650669
-0.0547845
-0.046074
-0.0387083
-0.0324919
-0.0272565
-0.0228575
-0.019171
-0.0160908
-0.0135262
-0.0114
-0.00964596
-0.00820804
-0.0070387
-0.00609795
-0.00535234
-0.00477377
-0.00433861
-0.00402756
-0.0038245
-0.00371773
-0.00369668
-0.00375315
-0.00388162
-0.00407834
-0.00434134
-0.00467032
-0.00506656
-0.00553275
-0.00607326
-0.0066934
-0.00740136
-0.00820396
-0.00911646
-0.01014
-0.0113183
-0.0126072
-0.0141418
-0.0158007
-0.0177536
-0.0199392
-0.0224614
-0.0253473
-0.0286767
-0.0325291
-0.0370083
-0.0422412
-0.0483843
-0.0556327
-0.0642284
-0.0744723
-0.0867377
-0.101487
-0.119289
-0.140846
-0.167013
-0.198826
-0.237523
-0.284567
-0.341642
-0.410635
-0.493566
-0.592449
-0.709046
-0.844448
-0.998422
-1.16838
-1.34833
-1.52742
-1.68753
-1.80058
-1.82566
-1.70802
-1.37629
-0.75145
0.25824
1.71845
3.65144
5.98319
8.57547
11.106
13.241
14.6386
15.1745
14.9737
14.4339
-0.201356
-0.170935
-0.144973
-0.122821
-0.103932
-0.0878397
-0.0741468
-0.0625105
-0.0526367
-0.0442717
-0.0371973
-0.0312253
-0.0261944
-0.0219655
-0.0184198
-0.0154554
-0.0129852
-0.010935
-0.0092413
-0.00785017
-0.00671594
-0.00580027
-0.00507103
-0.00450125
-0.00406823
-0.00375569
-0.00354527
-0.00342911
-0.00339719
-0.00344241
-0.00356009
-0.00374721
-0.00400225
-0.0043251
-0.00471703
-0.00518053
-0.00571977
-0.00633972
-0.00704845
-0.00785217
-0.00876672
-0.00979137
-0.010973
-0.0122605
-0.0138011
-0.0154572
-0.0174127
-0.0195972
-0.0221181
-0.0250013
-0.028326
-0.0321716
-0.0366413
-0.0418613
-0.0479874
-0.0552138
-0.0637814
-0.0739905
-0.0862134
-0.100911
-0.118654
-0.140143
-0.166233
-0.197962
-0.236573
-0.283531
-0.34053
-0.409466
-0.492373
-0.591286
-0.707987
-0.843599
-0.997922
-1.16841
-1.34906
-1.52906
-1.69023
-1.80431
-1.83066
-1.71433
-1.38339
-0.758653
0.251823
1.71378
3.64953
5.98439
8.57945
11.1115
13.2471
14.6423
15.1762
14.974
14.4338
-0.192627
-0.163498
-0.138651
-0.117461
-0.0993992
-0.0840161
-0.070929
-0.059809
-0.0503742
-0.0423815
-0.0356223
-0.0299169
-0.0251109
-0.0210719
-0.0176863
-0.014857
-0.012501
-0.0105476
-0.00893651
-0.00761611
-0.00654301
-0.00568071
-0.00499867
-0.00447116
-0.00407643
-0.00379975
-0.00362249
-0.00353566
-0.00353009
-0.00359846
-0.00373578
-0.00393884
-0.00420612
-0.00453766
-0.00493501
-0.00540102
-0.00594026
-0.00655798
-0.00726271
-0.00806047
-0.00896827
-0.00998367
-0.0111575
-0.0124303
-0.0139633
-0.0156008
-0.0175429
-0.0197087
-0.0222096
-0.0250701
-0.028369
-0.0321857
-0.0366224
-0.0418053
-0.0478891
-0.0550675
-0.0635808
-0.0737282
-0.0858814
-0.100501
-0.118158
-0.139551
-0.165537
-0.197157
-0.235656
-0.282505
-0.339405
-0.408264
-0.491132
-0.590064
-0.706868
-0.842699
-0.997394
-1.16845
-1.34988
-1.53087
-1.69327
-1.8088
-1.83659
-1.72139
-1.39128
-0.766677
0.244608
1.70842
3.64713
5.98535
8.58344
11.1171
13.2519
14.6461
15.1778
14.9743
14.4336
-0.186311
-0.158109
-0.134062
-0.113561
-0.0960925
-0.0812181
-0.0685663
-0.0578176
-0.0486987
-0.0409742
-0.034442
-0.0289282
-0.0242836
-0.0203799
-0.0171075
-0.0143722
-0.0120941
-0.0102048
-0.00864585
-0.00736731
-0.00632714
-0.00549004
-0.00482645
-0.00431144
-0.00392361
-0.00365147
-0.00347336
-0.00338362
-0.00337337
-0.00343611
-0.00356749
-0.00376485
-0.00402704
-0.00435425
-0.00474809
-0.00521131
-0.00574839
-0.00636433
-0.00706766
-0.00786387
-0.00877071
-0.00978373
-0.0109575
-0.0122247
-0.0137597
-0.0153894
-0.0173294
-0.0194891
-0.0219831
-0.0248351
-0.0281231
-0.0319264
-0.0363465
-0.0415088
-0.0475673
-0.0547146
-0.0631899
-0.0732916
-0.0853902
-0.0999458
-0.117527
-0.138834
-0.164726
-0.196242
-0.234633
-0.281376
-0.338183
-0.406975
-0.489825
-0.588813
-0.705787
-0.841947
-0.997186
-1.16906
-1.35163
-1.53409
-1.69824
-1.81563
-1.84526
-1.73183
-1.40232
-0.776421
0.238822
1.70978
3.65923
6.0103
8.62085
11.1622
13.2975
14.6789
15.1906
14.966
14.4026
-0.182943
-0.155214
-0.13158
-0.111437
-0.0942781
-0.0796718
-0.067251
-0.0567011
-0.0477528
-0.0401744
-0.0337672
-0.02836
-0.0238062
-0.0199798
-0.016773
-0.0140936
-0.011863
-0.0100141
-0.00848978
-0.00724095
-0.00622645
-0.00541177
-0.00476802
-0.00427083
-0.0038995
-0.00364219
-0.00347837
-0.0034016
-0.0034032
-0.0034766
-0.00361728
-0.00382247
-0.00409094
-0.00442293
-0.00482012
-0.00528537
-0.00582329
-0.006439
-0.00714117
-0.00793521
-0.00883927
-0.00984815
-0.0110181
-0.0122773
-0.0138092
-0.0154276
-0.0173595
-0.0195073
-0.0219877
-0.0248236
-0.0280923
-0.0318728
-0.0362657
-0.0413957
-0.0474156
-0.0545168
-0.0629372
-0.0729734
-0.0849945
-0.0994585
-0.116932
-0.138115
-0.163864
-0.195219
-0.233433
-0.279989
-0.336605
-0.40522
-0.487929
-0.58685
-0.70388
-0.840289
-0.996065
-1.16889
-1.35293
-1.53748
-1.70446
-1.82546
-1.85946
-1.75052
-1.42531
-0.802367
0.212552
1.68686
3.64544
6.01039
8.63782
11.1941
13.335
14.7146
15.2135
14.9735
14.3984
-0.179507
-0.152263
-0.129049
-0.109271
-0.0924279
-0.0780943
-0.0659087
-0.055561
-0.0467862
-0.0393562
-0.0330756
-0.0277763
-0.0233141
-0.0195654
-0.0164241
-0.0137998
-0.0116153
-0.00980487
-0.00831225
-0.00708931
-0.00609559
-0.00529718
-0.00466574
-0.00417732
-0.00381181
-0.00355733
-0.00339444
-0.00331667
-0.00331597
-0.00338626
-0.00352341
-0.00372501
-0.00399006
-0.00431892
-0.0047133
-0.00517602
-0.00571164
-0.00632512
-0.0070251
-0.00781672
-0.0087184
-0.00972402
-0.0108916
-0.0121444
-0.0136756
-0.0152849
-0.0172119
-0.0193512
-0.0218216
-0.0246456
-0.0278994
-0.0316617
-0.0360322
-0.0411347
-0.0471208
-0.0541804
-0.0625498
-0.0725239
-0.0844694
-0.0988424
-0.116208
-0.137262
-0.162862
-0.194047
-0.232072
-0.278424
-0.334831
-0.403248
-0.485795
-0.584629
-0.701703
-0.838365
-0.99471
-1.16856
-1.35421
-1.54109
-1.71124
-1.8363
-1.87511
-1.77177
-1.45189
-0.832905
0.18099
1.65829
3.62692
6.00795
8.65578
11.2312
13.3831
14.7612
15.2456
14.9859
14.3964
-0.176007
-0.149256
-0.126471
-0.107065
-0.0905436
-0.0764882
-0.0645422
-0.0544006
-0.0458027
-0.0385242
-0.032373
-0.0271842
-0.0228161
-0.0191473
-0.0160739
-0.0135072
-0.0113715
-0.00960261
-0.0081453
-0.00695245
-0.00598449
-0.00520833
-0.00459631
-0.00412505
-0.00377513
-0.00353446
-0.00338453
-0.00331843
-0.00332822
-0.00340777
-0.00355285
-0.00376094
-0.00403102
-0.00436348
-0.00476012
-0.00522386
-0.00575939
-0.00637176
-0.00706976
-0.00785843
-0.00875657
-0.00975727
-0.0109203
-0.012164
-0.0136918
-0.0152884
-0.0172064
-0.0193328
-0.0217882
-0.0245948
-0.0278274
-0.0315648
-0.0359055
-0.0409724
-0.0469158
-0.0539243
-0.0622322
-0.0721326
-0.0839901
-0.0982584
-0.1155
-0.13641
-0.161842
-0.192837
-0.230649
-0.276771
-0.332941
-0.40113
-0.483486
-0.582207
-0.699307
-0.83622
-0.993157
-1.1681
-1.35549
-1.54494
-1.71861
-1.84824
-1.8927
-1.79573
-1.48217
-0.868125
0.144056
1.62394
3.60354
6.00286
8.67467
11.2735
13.4398
14.816
15.2856
15.0019
14.3913
-0.172441
-0.146195
-0.123846
-0.104818
-0.0886251
-0.0748525
-0.0631503
-0.0532182
-0.0447999
-0.0376753
-0.0316555
-0.0265786
-0.0223056
-0.0187175
-0.0157123
-0.013203
-0.0111156
-0.00938699
-0.0079632
-0.00679792
-0.00585232
-0.005094
-0.00449583
-0.00403492
-0.00369241
-0.0034562
-0.00330881
-0.00324337
-0.00325244
-0.00333039
-0.00347337
-0.00367916
-0.00394696
-0.00427728
-0.00467194
-0.00513384
-0.0056676
-0.00627815
-0.00697423
-0.00776065
-0.00865641
-0.00965379
-0.0108141
-0.0120509
-0.0135781
-0.0151645
-0.0170766
-0.0191934
-0.0216373
-0.02443
-0.0276454
-0.0313616
-0.0356764
-0.0407115
-0.0466156
-0.0535758
-0.0618246
-0.0716527
-0.0834224
-0.0975847
-0.114699
-0.135459
-0.160715
-0.191508
-0.229094
-0.274969
-0.330881
-0.39882
-0.480961
-0.579547
-0.696659
-0.833823
-0.991379
-1.16748
-1.35677
-1.549
-1.72657
-1.86127
-1.912
-1.82234
-1.51614
-0.908045
0.101707
1.58374
3.57525
5.9951
8.69455
11.3212
13.5054
14.8827
15.3349
15.0222
14.3881
-0.168813
-0.143079
-0.121176
-0.102533
-0.0866735
-0.0731888
-0.0617346
-0.0520157
-0.0437804
-0.0368124
-0.0309266
-0.0259639
-0.0217882
-0.0182827
-0.0153477
-0.0128979
-0.0108608
-0.00917483
-0.00778725
-0.00665266
-0.00573316
-0.00499716
-0.00441826
-0.00397411
-0.00364658
-0.00342338
-0.00328795
-0.00323311
-0.00325154
-0.00333756
-0.0034873
-0.00369845
-0.00397023
-0.00430318
-0.00469922
-0.00516133
-0.00569428
-0.00630304
-0.00699651
-0.00777938
-0.00867098
-0.00966287
-0.0108181
-0.0120448
-0.0135686
-0.0151409
-0.0170433
-0.0191463
-0.0215739
-0.0243478
-0.0275403
-0.0312295
-0.0355119
-0.0405081
-0.0463655
-0.0532693
-0.06145
-0.0711961
-0.0828673
-0.0969117
-0.113886
-0.134481
-0.159544
-0.190116
-0.227453
-0.273056
-0.328684
-0.396343
-0.478241
-0.576666
-0.69377
-0.831181
-0.989379
-1.16671
-1.35801
-1.55328
-1.73508
-1.87536
-1.93309
-1.85163
-1.55382
-0.952712
0.0539037
1.53754
3.54193
5.98459
8.7154
11.3743
13.5802
14.9598
15.3925
15.0463
14.3823
-0.165121
-0.139911
-0.11846
-0.10021
-0.084689
-0.0714969
-0.0602946
-0.0507924
-0.0427429
-0.0359339
-0.0301839
-0.0253369
-0.0212597
-0.0178378
-0.0149734
-0.0125832
-0.0105962
-0.0089523
-0.00759979
-0.00649417
-0.00559836
-0.00488146
-0.00431768
-0.00388516
-0.00356635
-0.00334894
-0.00321739
-0.00316456
-0.00318362
-0.00326933
-0.00341815
-0.00362807
-0.0038985
-0.00423008
-0.00462478
-0.00508554
-0.00561706
-0.00622424
-0.0069159
-0.00769654
-0.00858565
-0.00957403
-0.0107262
-0.0119452
-0.0134686
-0.0150293
-0.0169248
-0.0190172
-0.0214316
-0.0241898
-0.0273627
-0.0310279
-0.0352808
-0.040241
-0.0460539
-0.052903
-0.0610166
-0.0706807
-0.082252
-0.0961757
-0.113005
-0.133427
-0.158289
-0.188627
-0.2257
-0.271012
-0.326332
-0.393687
-0.475314
-0.573554
-0.690633
-0.828286
-0.987146
-1.16577
-1.35923
-1.55774
-1.74414
-1.8905
-1.95592
-1.88358
-1.59523
-1.00217
0.000598761
1.4852
3.50347
5.97124
8.73724
11.433
13.6642
15.0476
15.4593
15.0745
14.376
-0.161234
-0.136573
-0.115599
-0.0977609
-0.0825965
-0.0697122
-0.0587752
-0.049501
-0.0416472
-0.035006
-0.0293993
-0.0246747
-0.0207017
-0.0173685
-0.0145794
-0.0122529
-0.0103198
-0.00872162
-0.00740784
-0.00633495
-0.00546685
-0.00477349
-0.00422983
-0.00381464
-0.00351106
-0.00330668
-0.00318684
-0.00314424
-0.00317213
-0.00326531
-0.00342022
-0.00363482
-0.00390854
-0.00424209
-0.00463751
-0.00509784
-0.00562793
-0.00623269
-0.00692107
-0.00769749
-0.00858168
-0.00956382
-0.01071
-0.0119176
-0.0134376
-0.014982
-0.0168664
-0.0189434
-0.0213393
-0.0240762
-0.027223
-0.0308574
-0.0350732
-0.0399887
-0.0457477
-0.0525313
-0.0605656
-0.0701337
-0.0815891
-0.0953734
-0.112036
-0.132261
-0.15689
-0.18696
-0.223729
-0.268706
-0.323671
-0.390671
-0.471979
-0.569992
-0.687021
-0.824927
-0.984516
-1.16458
-1.36048
-1.56273
-1.75443
-1.90786
-1.98233
-1.92072
-1.64367
-1.06043
-0.062545
1.42229
3.4566
5.95392
8.762
11.5026
13.7652
15.154
15.5397
15.1091
14.3679
-0.157146
-0.133062
-0.112588
-0.0951835
-0.0803935
-0.0678324
-0.0571739
-0.0481393
-0.0404912
-0.0340261
-0.0285701
-0.0239741
-0.0201106
-0.0168703
-0.0141599
-0.0119
-0.010023
-0.00847193
-0.00719764
-0.0061575
-0.00531632
-0.00464488
-0.0041188
-0.00371739
-0.00342449
-0.00322763
-0.00311321
-0.00307405
-0.00310384
-0.00319782
-0.00335277
-0.00356694
-0.00383996
-0.00417262
-0.00456702
-0.00502618
-0.00555488
-0.00615795
-0.00684429
-0.00761807
-0.00849922
-0.00947703
-0.0106194
-0.0118173
-0.013337
-0.0148665
-0.016742
-0.0188058
-0.0211848
-0.023902
-0.027024
-0.0306281
-0.0348067
-0.0396766
-0.0453794
-0.0520939
-0.0600432
-0.0695071
-0.0808356
-0.0944658
-0.110943
-0.130946
-0.155314
-0.18508
-0.221503
-0.266095
-0.320648
-0.387232
-0.46816
-0.565893
-0.682839
-0.820999
-0.98138
-1.16305
-1.36172
-1.56824
-1.76605
-1.92769
-2.01274
-1.9639
-1.70042
-1.12924
-0.137637
1.34635
3.39906
5.9311
8.7896
11.5848
13.8865
15.2832
15.6399
15.1514
14.3569
-0.152991
-0.129494
-0.109529
-0.0925646
-0.0781551
-0.0659225
-0.055547
-0.0467558
-0.0393167
-0.0330307
-0.027728
-0.0232627
-0.0195107
-0.0163652
-0.0137354
-0.0115437
-0.0097244
-0.00822221
-0.00698932
-0.0059841
-0.00517236
-0.0045258
-0.00402083
-0.00363739
-0.0033601
-0.00317634
-0.00307344
-0.00304416
-0.00308231
-0.00318316
-0.00334354
-0.00356171
-0.00383735
-0.00417131
-0.0045658
-0.00502392
-0.00555054
-0.00615054
-0.00683293
-0.00760175
-0.00847722
-0.00944786
-0.0105834
-0.0117683
-0.013285
-0.0147955
-0.0166582
-0.0187049
-0.0210629
-0.0237559
-0.0268484
-0.0304172
-0.0345534
-0.039372
-0.0450124
-0.051651
-0.059508
-0.0688596
-0.0800517
-0.0935172
-0.109797
-0.129563
-0.153653
-0.183094
-0.219146
-0.263324
-0.317433
-0.383565
-0.464075
-0.561491
-0.678321
-0.81672
-0.977909
-1.16126
-1.36285
-1.57392
-1.77831
-1.9488
-2.04535
-2.01058
-1.76216
-1.20463
-0.221386
1.26272
3.33406
5.90401
8.81846
11.6751
14.0215
15.4281
15.7516
15.1991
14.3432
-0.148769
-0.12587
-0.106422
-0.0899051
-0.0758821
-0.063983
-0.0538948
-0.0453506
-0.0381236
-0.0320193
-0.0268719
-0.0225392
-0.0189001
-0.0158506
-0.0133021
-0.0111791
-0.00941778
-0.00796439
-0.00677248
-0.00580132
-0.00501769
-0.00439414
-0.0039078
-0.00353918
-0.00327367
-0.0030985
-0.00300211
-0.00297738
-0.00301853
-0.00312123
-0.0032826
-0.00350116
-0.00377676
-0.00411037
-0.00450422
-0.0049614
-0.00548676
-0.00608508
-0.00676534
-0.00753136
-0.00840347
-0.00936943
-0.0105007
-0.0116748
-0.0131917
-0.014685
-0.0165375
-0.0185696
-0.0209087
-0.0235796
-0.0266444
-0.0301794
-0.0342741
-0.0390419
-0.0446198
-0.0511813
-0.0589436
-0.0681791
-0.0792294
-0.0925225
-0.108594
-0.128111
-0.151906
-0.181003
-0.216659
-0.260395
-0.314027
-0.37967
-0.459722
-0.55678
-0.673463
-0.812083
-0.974091
-1.15917
-1.36384
-1.57974
-1.79115
-1.97116
-2.08014
-2.06075
-1.82891
-1.28668
-0.313569
1.17073
3.2613
5.87239
8.8485
11.7737
14.1706
15.5891
15.8875
15.2514
14.3266
-0.144483
-0.122192
-0.103269
-0.0872059
-0.0735754
-0.0620148
-0.0522181
-0.0439246
-0.0369128
-0.030993
-0.0260033
-0.0218054
-0.018281
-0.0153292
-0.0128636
-0.0108108
-0.00910891
-0.00770579
-0.00655648
-0.00562114
-0.00486761
-0.00426939
-0.00380441
-0.00345378
-0.00320378
-0.00304136
-0.00295596
-0.0029405
-0.00298929
-0.00309811
-0.00326416
-0.00348602
-0.00376359
-0.00409794
-0.00449138
-0.00494706
-0.00546994
-0.0060648
-0.0067407
-0.00750137
-0.00836733
-0.0093257
-0.0104495
-0.0116097
-0.0131245
-0.014597
-0.0164357
-0.0184503
-0.0207669
-0.0234123
-0.0264457
-0.029943
-0.0339924
-0.0387052
-0.044216
-0.0506956
-0.0583577
-0.0674708
-0.0783719
-0.0914838
-0.107336
-0.126591
-0.150074
-0.178807
-0.214043
-0.257309
-0.310429
-0.375545
-0.455099
-0.551759
-0.668258
-0.807077
-0.96991
-1.15678
-1.36465
-1.58566
-1.80455
-1.99472
-2.11704
-2.11431
-1.90066
-1.37547
-0.414211
1.07002
3.18047
5.836
8.87974
11.8809
14.3344
15.7659
16.0062
15.3098
14.3038
-0.140134
-0.118459
-0.10007
-0.084468
-0.0712357
-0.0600184
-0.0505174
-0.0424781
-0.0356845
-0.0299516
-0.0251217
-0.0210602
-0.0176521
-0.014799
-0.0124171
-0.0104351
-0.00879287
-0.00744008
-0.00633313
-0.00543302
-0.00470865
-0.00413439
-0.00368895
-0.00335403
-0.00311674
-0.00296383
-0.00288586
-0.0028759
-0.00292862
-0.00304015
-0.00320795
-0.00343083
-0.00370887
-0.00404321
-0.00443622
-0.00489106
-0.00541265
-0.00600571
-0.00667927
-0.00743686
-0.00829909
-0.00925236
-0.0103712
-0.0115195
-0.0130353
-0.0144882
-0.0163149
-0.0183137
-0.0206092
-0.0232301
-0.0262327
-0.0296927
-0.0336964
-0.0383532
-0.0437951
-0.0501899
-0.0577479
-0.0667335
-0.0774788
-0.090401
-0.106024
-0.125003
-0.148159
-0.176506
-0.211299
-0.254065
-0.30664
-0.371191
-0.450204
-0.546423
-0.6627
-0.801693
-0.965353
-1.15406
-1.36527
-1.59166
-1.81849
-2.01949
-2.15643
-2.17154
-1.97753
-1.47116
-0.523484
0.960165
3.09111
5.79444
8.91201
11.9971
14.5143
15.9668
16.1958
15.3701
14.2814
-0.135723
-0.114674
-0.0968263
-0.0816925
-0.0688639
-0.0579948
-0.0487936
-0.041012
-0.0344395
-0.0288961
-0.0242284
-0.0203052
-0.017015
-0.0142623
-0.0119657
-0.0100558
-0.00847449
-0.00717334
-0.00611017
-0.00524679
-0.00455321
-0.00400477
-0.00358099
-0.00326427
-0.00304221
-0.00290188
-0.0028345
-0.00283328
-0.00289306
-0.00301009
-0.00318196
-0.00340758
-0.0036871
-0.00402176
-0.004414
-0.00486705
-0.00538589
-0.00597524
-0.0066442
-0.00739617
-0.00825188
-0.00919726
-0.0103081
-0.0114418
-0.0129568
-0.0143869
-0.0161988
-0.0181798
-0.0204517
-0.0230459
-0.0260155
-0.0294356
-0.0333912
-0.0379894
-0.0433594
-0.049666
-0.0571156
-0.0659683
-0.0765509
-0.0892749
-0.104658
-0.123348
-0.146159
-0.174102
-0.208426
-0.250661
-0.302656
-0.3666
-0.445026
-0.540757
-0.656766
-0.795896
-0.960369
-1.15094
-1.36559
-1.59758
-1.83271
-2.04501
-2.19658
-2.23196
-2.05942
-1.57379
-0.641513
0.840825
2.99276
5.74711
8.9444
12.1204
14.7054
16.1701
16.3278
15.442
14.25
-0.131269
-0.110852
-0.0935505
-0.0788884
-0.066467
-0.0559489
-0.0470499
-0.0395282
-0.0331789
-0.0278269
-0.023323
-0.0195399
-0.016369
-0.0137176
-0.0115069
-0.00966967
-0.00814965
-0.00690018
-0.00588062
-0.00505349
-0.00438994
-0.00386627
-0.0034628
-0.00316268
-0.00295383
-0.00282394
-0.00276479
-0.00276989
-0.00283441
-0.00295486
-0.00312911
-0.00335626
-0.00363661
-0.00397149
-0.00436338
-0.00481554
-0.00533294
-0.00592024
-0.00658652
-0.00733502
-0.00818648
-0.00912629
-0.0102313
-0.0113522
-0.0128694
-0.014277
-0.0160746
-0.0180387
-0.0202872
-0.0228546
-0.0257906
-0.0291702
-0.0330766
-0.0376148
-0.0429111
-0.049127
-0.0564651
-0.0651808
-0.0755957
-0.0881152
-0.10325
-0.121641
-0.144096
-0.171618
-0.205456
-0.24714
-0.29853
-0.361841
-0.439653
-0.534872
-0.650598
-0.78987
-0.955193
-1.14773
-1.36599
-1.60393
-1.84796
-2.07246
-2.24072
-2.29569
-2.1462
-1.68308
-0.767688
0.713147
2.8875
5.69772
8.98313
12.2611
14.9248
16.4158
16.5452
15.503
14.2022
-0.126636
-0.106881
-0.0901499
-0.0759806
-0.0639843
-0.0538324
-0.0452485
-0.0379974
-0.0318803
-0.0267272
-0.0223934
-0.0187555
-0.0157084
-0.0131623
-0.0110408
-0.00927863
-0.00782141
-0.00662478
-0.00565036
-0.00486114
-0.00422937
-0.0037323
-0.00335106
-0.00306957
-0.00287593
-0.0027586
-0.00270978
-0.00272324
-0.00279432
-0.00291976
-0.00309756
-0.00332695
-0.00360837
-0.0039432
-0.00433404
-0.00478417
-0.0052986
-0.005882
-0.00654346
-0.00728612
-0.00813077
-0.00906243
-0.0101588
-0.0112645
-0.0127828
-0.0141656
-0.015947
-0.0178925
-0.0201156
-0.022654
-0.0255541
-0.0288899
-0.032743
-0.0372162
-0.0424326
-0.0485506
-0.0557684
-0.0643364
-0.0745701
-0.0868682
-0.101733
-0.119799
-0.141864
-0.168925
-0.202225
-0.243295
-0.294004
-0.356591
-0.433683
-0.528267
-0.643576
-0.782851
-0.948896
-1.14329
-1.36515
-1.60918
-1.86244
-2.09957
-2.28508
-2.36412
-2.23978
-1.8026
-0.908053
0.56774
2.76206
5.62931
9.00843
12.3969
15.1471
16.6607
16.7552
15.5967
14.1894
-0.122377
-0.103225
-0.0870155
-0.0732963
-0.0616882
-0.0518709
-0.0435749
-0.0365714
-0.0306668
-0.0256958
-0.0215177
-0.0180129
-0.0150793
-0.01263
-0.010591
-0.00889886
-0.00750029
-0.0063523
-0.0054192
-0.00466471
-0.00406197
-0.00358909
-0.00322794
-0.0029632
-0.00278298
-0.00267661
-0.00263665
-0.00265714
-0.00273369
-0.00286323
-0.00304399
-0.00327536
-0.0035579
-0.0038931
-0.00428361
-0.00473273
-0.00524551
-0.00582657
-0.00648498
-0.00722381
-0.00806372
-0.00898951
-0.0100792
-0.011172
-0.0126946
-0.0140526
-0.0158185
-0.0177481
-0.019948
-0.0224603
-0.0253279
-0.0286248
-0.0324311
-0.0368457
-0.0419891
-0.048017
-0.055124
-0.0635559
-0.0736231
-0.0857178
-0.100336
-0.118104
-0.139812
-0.166453
-0.199266
-0.239783
-0.289882
-0.35183
-0.428302
-0.522365
-0.637383
-0.776796
-0.943697
-1.14008
-1.36563
-1.61583
-1.87851
-2.12834
-2.32901
-2.43158
-2.33099
-1.91743
-1.04078
0.433829
2.65175
5.58051
9.05687
12.5597
15.3959
16.928
16.8811
15.6455
14.0899
-0.0512416
-0.0431839
-0.0363617
-0.0305856
-0.0256959
-0.0215589
-0.0180609
-0.0151063
-0.0126136
-0.0105136
-0.0087472
-0.00726408
-0.00602133
-0.00498234
-0.00411567
-0.00339451
-0.00279739
-0.00230967
-0.001916
-0.00159562
-0.00133825
-0.00113535
-0.000979582
-0.000864662
-0.000785591
-0.000737977
-0.000718711
-0.000725287
-0.000755862
-0.000809159
-0.000884429
-0.000981419
-0.00110038
-0.00124192
-0.00140723
-0.00159758
-0.00181541
-0.00206209
-0.00234284
-0.00265592
-0.00301691
-0.0034041
-0.00388787
-0.00429473
-0.00506483
-0.005543
-0.00632719
-0.00714836
-0.00808444
-0.00915803
-0.0103781
-0.0117806
-0.0134022
-0.0152865
-0.0174803
-0.0200491
-0.0230751
-0.0266628
-0.0309434
-0.036083
-0.0422915
-0.0498344
-0.0590468
-0.0703496
-0.0842691
-0.101458
-0.122718
-0.149016
-0.181502
-0.221498
-0.270461
-0.3299
-0.401196
-0.485297
-0.582217
-0.690335
-0.803842
-0.912606
-1.00263
-1.04561
-0.905437
-0.447265
0.486295
2.04611
4.38753
7.50306
11.222
15.0057
18.1144
19.746
19.7641
15.7729
14.0942
596.369
596.376
596.382
596.387
596.392
596.395
596.398
596.401
596.403
596.405
596.406
596.408
596.409
596.409
596.41
596.411
596.411
596.412
596.412
596.412
596.413
596.413
596.413
596.413
596.413
596.413
596.413
596.413
596.413
596.413
596.413
596.413
596.413
596.413
596.413
596.412
596.412
596.412
596.412
596.411
596.411
596.411
596.41
596.41
596.409
596.409
596.408
596.407
596.406
596.406
596.404
596.403
596.402
596.4
596.398
596.396
596.393
596.39
596.386
596.382
596.376
596.369
596.361
596.351
596.339
596.324
596.305
596.281
596.252
596.216
596.171
596.117
596.052
595.974
595.883
595.781
595.672
595.563
595.469
595.416
595.49
595.79
596.43
597.524
599.187
601.424
604.113
606.863
609.13
610.261
610.175
607.456
606.145
-0.00142843
-0.00126921
-0.00112689
-0.000999802
-0.000886419
-0.000785352
-0.00069534
-0.000615242
-0.000544025
-0.000480757
-0.000424597
-0.000374788
-0.000330649
-0.000291567
-0.000256992
-0.00022643
-0.000199441
-0.000175621
-0.000154604
-0.00013608
-0.000119765
-0.000105406
-9.27913e-05
-8.17414e-05
-7.20472e-05
-6.35539e-05
-5.61296e-05
-4.96518e-05
-4.40139e-05
-3.91186e-05
-3.4889e-05
-3.12372e-05
-2.81245e-05
-2.54401e-05
-2.32448e-05
-2.12612e-05
-1.99461e-05
-1.82073e-05
-1.83077e-05
-1.51903e-05
-2.01426e-05
-6.86883e-06
-4.00694e-05
6.23931e-05
-0.000144585
2.96202e-05
-2.38488e-05
-1.98466e-05
-1.6345e-05
-2.09102e-05
-1.96098e-05
-2.17778e-05
-2.21444e-05
-2.33916e-05
-2.40895e-05
-2.48243e-05
-2.51403e-05
-2.50339e-05
-2.42019e-05
-2.23801e-05
-1.91277e-05
-1.38698e-05
-5.79729e-06
6.18277e-06
2.35215e-05
4.81331e-05
8.25191e-05
0.000129961
0.000194757
0.000282502
0.000400383
0.000557428
0.000764748
0.00103565
0.00138565
0.00183262
0.00239521
0.00310029
0.00404088
0.00613656
0.0236153
0.072071
0.167134
0.325596
0.566055
0.893403
1.29422
1.69977
2.03439
1.88831
1.75888
0.21663
-0.106515
-0.00142279
-0.00126439
-0.00112279
-0.000996321
-0.000883475
-0.000782871
-0.000693259
-0.000613506
-0.000542586
-0.000479574
-0.000423634
-0.000374015
-0.000330039
-0.000291097
-0.00025664
-0.000226178
-0.000199267
-0.000175509
-0.000154548
-0.000136074
-0.000119804
-0.000105483
-9.29038e-05
-8.18837e-05
-7.22148e-05
-6.37411e-05
-5.63295e-05
-4.98612e-05
-4.42327e-05
-3.93452e-05
-3.51219e-05
-3.1474e-05
-2.83641e-05
-2.56786e-05
-2.34844e-05
-2.14914e-05
-2.01846e-05
-1.84088e-05
-1.85621e-05
-1.52942e-05
-2.05619e-05
-6.4323e-06
-4.20247e-05
6.19656e-05
-0.000148029
2.88225e-05
-2.325e-05
-2.00038e-05
-1.61992e-05
-2.07763e-05
-1.93815e-05
-2.14774e-05
-2.17507e-05
-2.28874e-05
-2.34436e-05
-2.40056e-05
-2.41129e-05
-2.37569e-05
-2.26273e-05
-2.04511e-05
-1.67773e-05
-1.10203e-05
-2.35987e-06
1.03069e-05
2.84382e-05
5.39497e-05
8.9333e-05
0.000137843
0.000203725
0.000292475
0.00041113
0.000568485
0.000775309
0.00104445
0.00139088
0.00183188
0.00238641
0.00307964
0.00397657
0.00518957
0.00609049
0.00660923
0.0060947
0.00396297
-9.26311e-05
-0.00639887
-0.0143725
-0.0237934
-0.0296285
-0.0311596
-0.0262359
-0.0105647
0.00929919
-0.00141662
-0.00125909
-0.00111824
-0.000992426
-0.000880144
-0.000780027
-0.000690836
-0.000611446
-0.000540839
-0.000478097
-0.000422389
-0.000372968
-0.000329163
-0.000290367
-0.000256037
-0.000225682
-0.000198862
-0.000175181
-0.000154287
-0.000135868
-0.000119644
-0.000105361
-9.28127e-05
-8.18197e-05
-7.21729e-05
-6.3718e-05
-5.63219e-05
-4.98658e-05
-4.42467e-05
-3.93666e-05
-3.51492e-05
-3.15058e-05
-2.84002e-05
-2.57167e-05
-2.35273e-05
-2.15311e-05
-2.02361e-05
-1.84408e-05
-1.8646e-05
-1.52669e-05
-2.07932e-05
-6.03876e-06
-4.31868e-05
6.11806e-05
-0.000153394
2.70254e-05
-2.22228e-05
-2.03382e-05
-1.61797e-05
-2.08157e-05
-1.93963e-05
-2.1468e-05
-2.17107e-05
-2.28014e-05
-2.33018e-05
-2.37913e-05
-2.38064e-05
-2.33314e-05
-2.2049e-05
-1.96781e-05
-1.57588e-05
-9.69603e-06
-6.60652e-07
1.24582e-05
3.11224e-05
5.72437e-05
9.32967e-05
0.000142497
0.000209018
0.000298236
0.00041699
0.000573775
0.000778914
0.0010446
0.00138484
0.00181551
0.00235356
0.00302155
0.00387737
0.00500619
0.00600928
0.00660245
0.0063787
0.004402
0.000712531
-0.00534454
-0.0131031
-0.0233385
-0.0306253
-0.0392189
-0.0388934
-0.0318109
-0.0514834
-0.00141002
-0.00125339
-0.00111332
-0.000988175
-0.000876478
-0.000776867
-0.000688113
-0.000609101
-0.000538821
-0.000476359
-0.000420894
-0.000371681
-0.000328055
-0.000289412
-0.000255212
-0.000224969
-0.000198244
-0.000174644
-0.000153819
-0.000135459
-0.000119284
-0.000105043
-9.25306e-05
-8.15675e-05
-7.19451e-05
-6.35103e-05
-5.61312e-05
-4.96892e-05
-4.40816e-05
-3.92104e-05
-3.49997e-05
-3.13603e-05
-2.82573e-05
-2.55731e-05
-2.33839e-05
-2.13803e-05
-2.00892e-05
-1.82675e-05
-1.85016e-05
-1.50252e-05
-2.07274e-05
-5.52541e-06
-4.34443e-05
6.02383e-05
-0.000160524
2.45294e-05
-2.03796e-05
-2.02952e-05
-1.56652e-05
-2.03062e-05
-1.88139e-05
-2.07905e-05
-2.09381e-05
-2.1906e-05
-2.22661e-05
-2.25837e-05
-2.23937e-05
-2.16714e-05
-2.00929e-05
-1.73681e-05
-1.30279e-05
-6.46715e-06
3.15293e-06
1.69513e-05
3.63939e-05
6.33892e-05
0.000100396
0.000150597
0.000218097
0.000308161
0.000427453
0.000584201
0.000788334
0.0010515
0.00138693
0.00180945
0.0023349
0.00298421
0.00380455
0.00484257
0.00571293
0.00594663
0.00521057
0.00328402
-0.000645622
-0.00651348
-0.0138951
-0.0225931
-0.028275
-0.030501
-0.026372
-0.0118101
-0.00572472
-0.00140318
-0.00124747
-0.00110821
-0.000983766
-0.000872676
-0.000773592
-0.000685296
-0.000606681
-0.000536744
-0.000474579
-0.00041937
-0.00037038
-0.000326944
-0.000288466
-0.000254408
-0.000224286
-0.000197666
-0.000174156
-0.000153408
-0.000135114
-0.000118996
-0.000104803
-9.23305e-05
-8.14022e-05
-7.18091e-05
-6.3399e-05
-5.60404e-05
-4.96155e-05
-4.40222e-05
-3.91627e-05
-3.49619e-05
-3.13306e-05
-2.82348e-05
-2.55556e-05
-2.33725e-05
-2.13694e-05
-2.00866e-05
-1.82532e-05
-1.85186e-05
-1.49814e-05
-2.08105e-05
-5.37024e-06
-4.34255e-05
5.84077e-05
-0.000170405
2.0499e-05
-1.85218e-05
-2.06682e-05
-1.55592e-05
-2.02495e-05
-1.87464e-05
-2.06842e-05
-2.08082e-05
-2.17276e-05
-2.20336e-05
-2.2276e-05
-2.19921e-05
-2.11491e-05
-1.94193e-05
-1.65046e-05
-1.19297e-05
-5.08167e-06
4.88465e-06
1.90928e-05
3.90086e-05
6.65322e-05
0.000104101
0.000154851
0.000222813
0.000313126
0.000432261
0.000588138
0.000790276
0.00104971
0.00137884
0.00179123
0.00230117
0.00292682
0.00370468
0.00465401
0.00543131
0.00566573
0.00514544
0.0033523
-0.000180045
-0.00586317
-0.0129672
-0.0218027
-0.0276536
-0.0341539
-0.0342783
-0.0261745
-0.0382334
-0.00139603
-0.00124128
-0.00110284
-0.000979123
-0.000868659
-0.000770121
-0.000682298
-0.000604093
-0.000534511
-0.000472654
-0.000417712
-0.000368951
-0.000325713
-0.000287406
-0.000253494
-0.000223498
-0.000196985
-0.000173567
-0.000152899
-0.000134672
-0.00011861
-0.000104465
-9.20335e-05
-8.11396e-05
-7.15753e-05
-6.31893e-05
-5.58509e-05
-4.94427e-05
-4.38628e-05
-3.90139e-05
-3.48213e-05
-3.11955e-05
-2.81035e-05
-2.54253e-05
-2.32432e-05
-2.12357e-05
-1.99556e-05
-1.81065e-05
-1.83858e-05
-1.47982e-05
-2.06861e-05
-5.1709e-06
-4.2764e-05
5.59428e-05
-0.000182872
1.52287e-05
-1.61155e-05
-2.0769e-05
-1.51248e-05
-1.9822e-05
-1.827e-05
-2.01163e-05
-2.01631e-05
-2.09709e-05
-2.11538e-05
-2.1243e-05
-2.07778e-05
-1.97157e-05
-1.77238e-05
-1.44952e-05
-9.54701e-06
-2.25752e-06
8.22566e-06
2.30312e-05
4.36258e-05
7.19014e-05
0.000110275
0.000161842
0.000230558
0.000321443
0.00044078
0.000596212
0.00079685
0.00105315
0.00137673
0.00178002
0.00227585
0.00287973
0.00361881
0.00449071
0.00518257
0.00533677
0.00465721
0.00265622
-0.00104346
-0.00653711
-0.0132779
-0.0211632
-0.0264537
-0.0293569
-0.0261129
-0.0136732
-0.0137234
-0.00138861
-0.00123484
-0.00109725
-0.000974279
-0.000864465
-0.000766491
-0.00067916
-0.000601382
-0.000532171
-0.000470637
-0.000415973
-0.000367454
-0.000324426
-0.000286299
-0.000252544
-0.000222683
-0.000196286
-0.000172969
-0.000152387
-0.000134234
-0.000118237
-0.000104146
-9.17617e-05
-8.09078e-05
-7.13777e-05
-6.30206e-05
-5.57068e-05
-4.93194e-05
-4.37571e-05
-3.89229e-05
-3.47425e-05
-3.11268e-05
-2.80434e-05
-2.53714e-05
-2.31954e-05
-2.11896e-05
-1.99146e-05
-1.80586e-05
-1.83518e-05
-1.47404e-05
-2.06437e-05
-5.22491e-06
-4.18438e-05
5.22009e-05
-0.000198885
7.94219e-06
-1.37033e-05
-2.10852e-05
-1.49275e-05
-1.96535e-05
-1.80884e-05
-1.98769e-05
-1.9889e-05
-2.0631e-05
-2.07443e-05
-2.07402e-05
-2.01622e-05
-1.8959e-05
-1.67941e-05
-1.33541e-05
-8.1497e-06
-5.52894e-07
1.02944e-05
2.55218e-05
4.65934e-05
7.53897e-05
0.000114301
0.000166376
0.000235489
0.000326532
0.000445584
0.000600021
0.000798512
0.00105092
0.00136807
0.00176121
0.0022416
0.00282181
0.00352006
0.00431618
0.00492348
0.00500569
0.00427864
0.00235141
-0.00110519
-0.00632578
-0.0127657
-0.0204656
-0.0255268
-0.0302646
-0.0301644
-0.0236071
-0.0299707
-0.0013809
-0.00122813
-0.00109143
-0.000969222
-0.000860077
-0.000762687
-0.000675864
-0.000598528
-0.000529702
-0.000468502
-0.000414128
-0.00036586
-0.000323049
-0.000285111
-0.000251518
-0.000221797
-0.000195521
-0.000172307
-0.000151814
-0.000133738
-0.000117806
-0.000103771
-9.14333e-05
-8.06196e-05
-7.11237e-05
-6.27953e-05
-5.55057e-05
-4.91385e-05
-4.35928e-05
-3.87722e-05
-3.46026e-05
-3.09952e-05
-2.79182e-05
-2.525e-05
-2.30772e-05
-2.10709e-05
-1.97991e-05
-1.79364e-05
-1.82337e-05
-1.4611e-05
-2.04779e-05
-5.30065e-06
-4.04584e-05
4.70437e-05
-0.000218763
-1.56e-06
-1.10811e-05
-2.12564e-05
-1.45925e-05
-1.9326e-05
-1.77344e-05
-1.94444e-05
-1.94013e-05
-2.0053e-05
-2.00696e-05
-1.99417e-05
-1.9217e-05
-1.78349e-05
-1.54552e-05
-1.17572e-05
-6.24552e-06
1.71429e-06
1.2985e-05
2.86982e-05
5.03145e-05
7.97022e-05
0.000119225
0.000171884
0.000241473
0.000332755
0.000451617
0.000605143
0.000801593
0.00105028
0.00136117
0.00174442
0.00220971
0.0027667
0.00342557
0.00415228
0.00468294
0.00470065
0.00392616
0.00198996
-0.00143122
-0.00652136
-0.0126832
-0.0198165
-0.0245515
-0.027776
-0.0254746
-0.0155903
-0.0175546
-0.00137291
-0.00122117
-0.00108538
-0.000963959
-0.000855505
-0.000758718
-0.00067242
-0.000595542
-0.000527115
-0.000466262
-0.00041219
-0.000364184
-0.000321601
-0.00028386
-0.000250438
-0.000220864
-0.000194716
-0.000171613
-0.000151216
-0.000133222
-0.000117361
-0.000103387
-9.11021e-05
-8.03332e-05
-7.08757e-05
-6.25801e-05
-5.53184e-05
-4.89748e-05
-4.34491e-05
-3.86451e-05
-3.44893e-05
-3.08931e-05
-2.78251e-05
-2.51635e-05
-2.29962e-05
-2.09917e-05
-1.97225e-05
-1.78561e-05
-1.81534e-05
-1.45362e-05
-2.03246e-05
-5.52628e-06
-3.87712e-05
3.98244e-05
-0.000243443
-1.4077e-05
-8.57161e-06
-2.14519e-05
-1.43231e-05
-1.90612e-05
-1.74523e-05
-1.90901e-05
-1.9001e-05
-1.95722e-05
-1.95041e-05
-1.92661e-05
-1.8411e-05
-1.68688e-05
-1.42967e-05
-1.0367e-05
-4.57924e-06
3.70646e-06
1.53553e-05
3.15009e-05
5.35979e-05
8.34998e-05
0.000123542
0.000176673
0.000246606
0.000337972
0.000456468
0.000608878
0.00080305
0.00104774
0.00135208
0.00172515
0.002175
0.00270837
0.00332814
0.00398929
0.0044475
0.00440383
0.00358628
0.00165037
-0.00169127
-0.00658317
-0.0124603
-0.0191978
-0.0236841
-0.0273736
-0.0269757
-0.0215126
-0.0247696
-0.00136463
-0.00121396
-0.00107909
-0.000958491
-0.000850747
-0.000754581
-0.000668825
-0.000592421
-0.000524406
-0.000463913
-0.000410153
-0.00036242
-0.000320073
-0.000282537
-0.000249293
-0.000219873
-0.000193858
-0.00017087
-0.000150572
-0.000132664
-0.000116876
-0.000102965
-9.07342e-05
-8.00114e-05
-7.05935e-05
-6.23315e-05
-5.50985e-05
-4.87791e-05
-4.32738e-05
-3.84868e-05
-3.43451e-05
-3.07603e-05
-2.77015e-05
-2.50469e-05
-2.28853e-05
-2.08839e-05
-1.96182e-05
-1.77518e-05
-1.80452e-05
-1.44483e-05
-2.01189e-05
-5.82646e-06
-3.67295e-05
2.99517e-05
-0.000273989
-3.03715e-05
-6.31689e-06
-2.15933e-05
-1.40474e-05
-1.8781e-05
-1.71575e-05
-1.87226e-05
-1.85883e-05
-1.90792e-05
-1.89274e-05
-1.85806e-05
-1.7597e-05
-1.58977e-05
-1.31371e-05
-8.98146e-06
-2.92554e-06
5.6752e-06
1.76885e-05
3.42472e-05
5.67993e-05
8.7182e-05
0.0001277
0.00018125
0.000251457
0.000342823
0.000460845
0.000612021
0.000803795
0.00104432
0.00134199
0.00170474
0.00213906
0.0026488
0.0032303
0.00382997
0.00422056
0.00411995
0.0032646
0.00133382
-0.00192843
-0.00663401
-0.012247
-0.0186006
-0.0228394
-0.0259852
-0.0245008
-0.0168038
-0.0190968
-0.00135609
-0.0012065
-0.00107259
-0.000952819
-0.000845806
-0.000750279
-0.000665083
-0.000589167
-0.000521579
-0.000461457
-0.000408022
-0.000360571
-0.00031847
-0.000281148
-0.000248089
-0.00021883
-0.000192954
-0.000170087
-0.000149894
-0.000132076
-0.000116366
-0.000102523
-9.03501e-05
-7.96768e-05
-7.03015e-05
-6.20759e-05
-5.48739e-05
-4.85808e-05
-4.30976e-05
-3.8329e-05
-3.42026e-05
-3.063e-05
-2.75811e-05
-2.49338e-05
-2.27778e-05
-2.07794e-05
-1.95157e-05
-1.76505e-05
-1.79348e-05
-1.43707e-05
-1.98857e-05
-6.21273e-06
-3.43664e-05
1.65693e-05
0.000240554
-4.29676e-05
-4.37852e-06
-2.16879e-05
-1.37799e-05
-1.8499e-05
-1.6864e-05
-1.83565e-05
-1.81784e-05
-1.85906e-05
-1.83571e-05
-1.7904e-05
-1.67954e-05
-1.49435e-05
-1.20005e-05
-7.62671e-06
-1.31299e-06
7.58929e-06
1.99494e-05
3.68983e-05
5.98759e-05
9.07017e-05
0.000131647
0.000185555
0.000255964
0.00034724
0.000464683
0.000614504
0.000803745
0.00103998
0.00133085
0.00168318
0.0021019
0.00258806
0.00313221
0.00367412
0.00400156
0.00384817
0.00295974
0.00103823
-0.00214454
-0.00667099
-0.0120327
-0.018028
-0.0220441
-0.025136
-0.0245611
-0.0198497
-0.0213961
-0.00134726
-0.00119879
-0.00106586
-0.000946944
-0.000840683
-0.000745814
-0.000661193
-0.000585781
-0.000518633
-0.000458895
-0.000405796
-0.000358637
-0.000316791
-0.00027969
-0.000246823
-0.000217732
-0.000192001
-0.00016926
-0.000149176
-0.000131453
-0.000115824
-0.000102051
-8.99389e-05
-7.93175e-05
-6.9987e-05
-6.17998e-05
-5.46307e-05
-4.83656e-05
-4.29062e-05
-3.81576e-05
-3.40478e-05
-3.04889e-05
-2.74511e-05
-2.48123e-05
-2.26629e-05
-2.0669e-05
-1.94076e-05
-1.7546e-05
-1.78172e-05
-1.42984e-05
-1.96237e-05
-6.67326e-06
-3.17013e-05
-3.67641e-08
0.000204335
-5.16611e-05
-2.75718e-06
-2.17322e-05
-1.35211e-05
-1.8215e-05
-1.65716e-05
-1.79919e-05
-1.77713e-05
-1.81062e-05
-1.7793e-05
-1.72363e-05
-1.60061e-05
-1.40062e-05
-1.08868e-05
-6.30279e-06
2.58435e-07
9.44879e-06
2.21383e-05
3.94547e-05
6.28288e-05
9.40605e-05
0.000135388
0.000189595
0.000260135
0.000351236
0.000468
0.000616353
0.000802934
0.00103476
0.00131871
0.00166055
0.00206363
0.00252637
0.00303417
0.00352181
0.00379031
0.00358815
0.00267102
0.00076213
-0.00234095
-0.00669535
-0.0118183
-0.0174785
-0.0212891
-0.0241814
-0.0233196
-0.0175145
-0.0192731
-0.00133817
-0.00119084
-0.0010589
-0.00094087
-0.000835379
-0.000741186
-0.000657157
-0.000582263
-0.000515569
-0.000456228
-0.000403475
-0.000356619
-0.000315036
-0.000278165
-0.000245498
-0.000216581
-0.000191001
-0.000168391
-0.000148421
-0.000130797
-0.000115254
-0.000101554
-8.95055e-05
-7.89386e-05
-6.96553e-05
-6.15085e-05
-5.4374e-05
-4.81385e-05
-4.27041e-05
-3.79766e-05
-3.38844e-05
-3.03401e-05
-2.73141e-05
-2.46846e-05
-2.25424e-05
-2.05537e-05
-1.92945e-05
-1.74385e-05
-1.7693e-05
-1.42311e-05
-1.93354e-05
-7.19773e-06
-2.87935e-05
-1.24187e-05
0.000174316
-5.73704e-05
-1.43876e-06
-2.17251e-05
-1.32716e-05
-1.79288e-05
-1.62803e-05
-1.76289e-05
-1.73671e-05
-1.76263e-05
-1.72353e-05
-1.65778e-05
-1.52296e-05
-1.30863e-05
-9.79659e-06
-5.0103e-06
1.78805e-06
1.1253e-05
2.42544e-05
4.1916e-05
6.56577e-05
9.72588e-05
0.000138921
0.000193373
0.000263973
0.000354818
0.000470808
0.000617587
0.000801394
0.0010287
0.00130563
0.00163691
0.00202439
0.00246394
0.00293649
0.00337308
0.00358665
0.00333954
0.00239775
0.000504649
-0.00251907
-0.00670823
-0.0116043
-0.0169512
-0.0205722
-0.023308
-0.0227003
-0.0186203
-0.0193976
-0.0013288
-0.00118264
-0.00105173
-0.000934596
-0.000829896
-0.000736396
-0.000652976
-0.000578616
-0.000512388
-0.000453456
-0.000401061
-0.000354517
-0.000313207
-0.000276573
-0.000244114
-0.000215377
-0.000189954
-0.00016748
-0.000147629
-0.000130107
-0.000114653
-0.000101031
-8.90488e-05
-7.85391e-05
-6.93052e-05
-6.1201e-05
-5.41029e-05
-4.78986e-05
-4.24907e-05
-3.77856e-05
-3.37121e-05
-3.01834e-05
-2.71701e-05
-2.45507e-05
-2.24163e-05
-2.04336e-05
-1.91765e-05
-1.73281e-05
-1.75623e-05
-1.41681e-05
-1.90234e-05
-7.77375e-06
-2.5852e-05
-2.15175e-05
0.000149212
-6.0813e-05
-4.00555e-07
-2.16671e-05
-1.30317e-05
-1.76406e-05
-1.59904e-05
-1.72677e-05
-1.6966e-05
-1.71511e-05
-1.66845e-05
-1.59288e-05
-1.44662e-05
-1.21842e-05
-8.73034e-06
-3.74979e-06
3.27528e-06
1.30014e-05
2.62973e-05
4.42816e-05
6.83626e-05
0.000100297
0.00014225
0.00019689
0.000267485
0.000357995
0.000473121
0.000618225
0.000799154
0.00102184
0.00129167
0.00161236
0.00198429
0.00240096
0.0028394
0.003228
0.00339039
0.00310199
0.00213926
0.000264713
-0.00268015
-0.00671068
-0.011391
-0.0164452
-0.0198907
-0.0224805
-0.0219492
-0.0176748
-0.018539
-0.00131917
-0.0011742
-0.00104434
-0.000928125
-0.000824235
-0.000731447
-0.000648651
-0.000574839
-0.000509092
-0.00045058
-0.000398553
-0.000352331
-0.000311303
-0.000274915
-0.00024267
-0.00021412
-0.000188859
-0.000166527
-0.000146799
-0.000129385
-0.000114023
-0.000100481
-8.8569e-05
-7.81191e-05
-6.8937e-05
-6.08774e-05
-5.38176e-05
-4.7646e-05
-4.2266e-05
-3.75846e-05
-3.3531e-05
-3.00188e-05
-2.7019e-05
-2.44106e-05
-2.22844e-05
-2.03087e-05
-1.90535e-05
-1.72146e-05
-1.74252e-05
-1.41088e-05
-1.86905e-05
-8.38467e-06
-2.30131e-05
-2.8069e-05
0.000128171
-6.25469e-05
3.84676e-07
-2.15598e-05
-1.28017e-05
-1.73504e-05
-1.57019e-05
-1.69084e-05
-1.65681e-05
-1.66807e-05
-1.61406e-05
-1.52897e-05
-1.37162e-05
-1.13003e-05
-7.68854e-06
-2.5218e-06
4.71956e-06
1.46934e-05
2.82665e-05
4.65515e-05
7.09436e-05
0.000103176
0.000145376
0.00020015
0.000270676
0.000360774
0.000474951
0.000618286
0.00079624
0.00101422
0.00127689
0.00158698
0.00194346
0.00233762
0.00274312
0.0030866
0.00320136
0.00287515
0.00189478
4.13605e-05
-0.00282539
-0.00670364
-0.011179
-0.0159595
-0.0192424
-0.021697
-0.0212563
-0.0177157
-0.0180414
-0.00130928
-0.00116552
-0.00103673
-0.000921459
-0.000818398
-0.000726339
-0.000644184
-0.000570934
-0.00050568
-0.000447602
-0.000395954
-0.000350064
-0.000309325
-0.000273191
-0.000241168
-0.00021281
-0.000187719
-0.000165533
-0.000145933
-0.000128629
-0.000113364
-9.99059e-05
-8.80663e-05
-7.76787e-05
-6.85507e-05
-6.05377e-05
-5.35181e-05
-4.73809e-05
-4.20303e-05
-3.73737e-05
-3.33411e-05
-2.98464e-05
-2.6861e-05
-2.42643e-05
-2.2147e-05
-2.0179e-05
-1.89257e-05
-1.70982e-05
-1.72821e-05
-1.40527e-05
-1.83399e-05
-9.01273e-06
-2.03613e-05
-3.26496e-05
0.000110473
-6.30054e-05
9.4606e-07
-2.14058e-05
-1.25816e-05
-1.70582e-05
-1.54149e-05
-1.65512e-05
-1.61736e-05
-1.62155e-05
-1.5604e-05
-1.46606e-05
-1.29801e-05
-1.04351e-05
-6.67162e-06
-1.32679e-06
6.1204e-06
1.63284e-05
3.01616e-05
4.87252e-05
7.34007e-05
0.000105897
0.0001483
0.000203157
0.000273551
0.000363166
0.00047631
0.000617789
0.00079268
0.00100588
0.00126134
0.00156084
0.001902
0.00227407
0.00264785
0.0029489
0.00301939
0.00265867
0.0016644
-0.000166322
-0.00295587
-0.006688
-0.0109686
-0.0154934
-0.0186252
-0.0209543
-0.0205936
-0.0173803
-0.0175233
-0.00129912
-0.0011566
-0.0010289
-0.000914599
-0.000812387
-0.000721074
-0.000639575
-0.000566902
-0.000502155
-0.000444521
-0.000393263
-0.000347714
-0.000307275
-0.000271402
-0.000239607
-0.000211449
-0.000186531
-0.000164498
-0.00014503
-0.000127841
-0.000112677
-9.9305e-05
-8.75408e-05
-7.72182e-05
-6.81466e-05
-6.01822e-05
-5.32046e-05
-4.71034e-05
-4.17835e-05
-3.71531e-05
-3.31425e-05
-2.96663e-05
-2.66961e-05
-2.41119e-05
-2.2004e-05
-2.00445e-05
-1.87931e-05
-1.69788e-05
-1.7133e-05
-1.3999e-05
-1.79749e-05
-9.64096e-06
-1.79446e-05
-3.57109e-05
9.55089e-05
-6.25242e-05
1.31266e-06
-2.12083e-05
-1.23711e-05
-1.67642e-05
-1.51297e-05
-1.61963e-05
-1.57827e-05
-1.57556e-05
-1.50749e-05
-1.4042e-05
-1.2258e-05
-9.58888e-06
-5.68e-06
-1.65206e-07
7.47736e-06
1.79062e-05
3.19822e-05
5.08029e-05
7.57344e-05
0.00010846
0.000151025
0.000205914
0.000276116
0.000365178
0.000477214
0.000616754
0.000788503
0.000996849
0.00124507
0.00153402
0.00186003
0.00221049
0.00255375
0.00281493
0.00284431
0.00245222
0.00144723
-0.000359238
-0.00307263
-0.00666453
-0.0107599
-0.0150457
-0.0180369
-0.0202498
-0.0199635
-0.0171105
-0.0170568
-0.0012887
-0.00114745
-0.00102087
-0.000907547
-0.000806202
-0.000715653
-0.000634827
-0.000562744
-0.000498517
-0.000441339
-0.000390481
-0.000345283
-0.000305152
-0.000269548
-0.000237989
-0.000210036
-0.000185298
-0.000163422
-0.00014409
-0.000127021
-0.00011196
-9.86786e-05
-8.69927e-05
-7.67376e-05
-6.77246e-05
-5.9811e-05
-5.2877e-05
-4.68134e-05
-4.15256e-05
-3.69227e-05
-3.29352e-05
-2.94785e-05
-2.65243e-05
-2.39534e-05
-2.18555e-05
-1.99053e-05
-1.86558e-05
-1.68563e-05
-1.69782e-05
-1.39469e-05
-1.75991e-05
-1.02542e-05
-1.5785e-05
-3.76063e-05
8.28019e-05
-6.13627e-05
1.51239e-06
-2.09707e-05
-1.217e-05
-1.64685e-05
-1.48462e-05
-1.58437e-05
-1.53955e-05
-1.53012e-05
-1.45535e-05
-1.3434e-05
-1.15504e-05
-8.762e-06
-4.71405e-06
9.62539e-07
8.79002e-06
1.94263e-05
3.37283e-05
5.27844e-05
7.7945e-05
0.000110866
0.000153553
0.000208424
0.000278376
0.00036682
0.000477674
0.0006152
0.000783734
0.000987176
0.00122814
0.00150659
0.00181765
0.002147
0.00246098
0.00268468
0.00267595
0.00225543
0.00124204
-0.000538202
-0.00317662
-0.00663398
-0.0105534
-0.0146158
-0.0174758
-0.019581
-0.0193633
-0.0168328
-0.0166314
-0.00127803
-0.00113807
-0.00101262
-0.000900306
-0.000799847
-0.000710078
-0.000629939
-0.000558462
-0.000494766
-0.000438056
-0.000387609
-0.000342772
-0.000302956
-0.00026763
-0.000236313
-0.000208573
-0.00018402
-0.000162305
-0.000143115
-0.000126169
-0.000111215
-9.80269e-05
-8.64222e-05
-7.62371e-05
-6.7285e-05
-5.94241e-05
-5.25356e-05
-4.65111e-05
-4.12569e-05
-3.66825e-05
-3.27193e-05
-2.9283e-05
-2.63457e-05
-2.37889e-05
-2.17014e-05
-1.97614e-05
-1.85137e-05
-1.67308e-05
-1.6818e-05
-1.38956e-05
-1.7216e-05
-1.08399e-05
-1.38872e-05
-3.86126e-05
7.19609e-05
-5.97203e-05
1.57127e-06
-2.06969e-05
-1.19779e-05
-1.61713e-05
-1.45647e-05
-1.54935e-05
-1.50122e-05
-1.48525e-05
-1.404e-05
-1.28368e-05
-1.08575e-05
-7.95478e-06
-3.77414e-06
2.05608e-06
1.0058e-05
2.08885e-05
3.53995e-05
5.46699e-05
8.0033e-05
0.000113118
0.000155885
0.000210691
0.000280338
0.0003681
0.000477704
0.000613147
0.000778402
0.000976894
0.00121059
0.00147862
0.00177495
0.00208373
0.00236964
0.00255816
0.00251414
0.0020679
0.00104874
-0.000703996
-0.00326871
-0.00659701
-0.0103491
-0.0142028
-0.0169402
-0.0189456
-0.0187914
-0.0165562
-0.0162433
-0.0012671
-0.00112845
-0.00100417
-0.000892877
-0.000793321
-0.00070435
-0.000624914
-0.000554056
-0.000490905
-0.000434674
-0.000384648
-0.000340181
-0.00030069
-0.000265648
-0.00023458
-0.000207058
-0.000182696
-0.000161148
-0.000142104
-0.000125285
-0.000110442
-9.73501e-05
-8.58294e-05
-7.57168e-05
-6.68278e-05
-5.90216e-05
-5.21804e-05
-4.61966e-05
-4.09773e-05
-3.64328e-05
-3.24949e-05
-2.908e-05
-2.61603e-05
-2.36184e-05
-2.15419e-05
-1.96129e-05
-1.8367e-05
-1.66022e-05
-1.66525e-05
-1.38444e-05
-1.68289e-05
-1.13876e-05
-1.22442e-05
-3.8946e-05
6.26687e-05
-5.77497e-05
1.51304e-06
-2.03907e-05
-1.17942e-05
-1.58728e-05
-1.42852e-05
-1.51458e-05
-1.46329e-05
-1.44097e-05
-1.35347e-05
-1.22509e-05
-1.01796e-05
-7.16753e-06
-2.86058e-06
3.11508e-06
1.12811e-05
2.22925e-05
3.69958e-05
5.64595e-05
8.1999e-05
0.000115215
0.000158024
0.000212719
0.000282007
0.000369027
0.000477317
0.000610612
0.000772529
0.000966041
0.00119249
0.00145018
0.00173204
0.00202082
0.00227987
0.00243537
0.00235871
0.0018893
0.000866782
-0.000857359
-0.00334973
-0.00655422
-0.0101473
-0.0138057
-0.0164285
-0.0183412
-0.0182463
-0.01628
-0.0158879
-0.00125592
-0.00111861
-0.000995508
-0.000885261
-0.000786628
-0.000698471
-0.000619753
-0.000549527
-0.000486934
-0.000431194
-0.000381599
-0.000337511
-0.000298353
-0.000263603
-0.000232791
-0.000205493
-0.000181328
-0.000159951
-0.000141057
-0.000124369
-0.00010964
-9.66484e-05
-8.52145e-05
-7.51769e-05
-6.63533e-05
-5.86037e-05
-5.18115e-05
-4.587e-05
-4.0687e-05
-3.61735e-05
-3.2262e-05
-2.88694e-05
-2.59682e-05
-2.34419e-05
-2.13771e-05
-1.94597e-05
-1.82156e-05
-1.64705e-05
-1.64822e-05
-1.37923e-05
-1.64412e-05
-1.18898e-05
-1.08418e-05
-3.8775e-05
5.46664e-05
-5.55671e-05
1.35902e-06
-2.00557e-05
-1.16185e-05
-1.5573e-05
-1.40078e-05
-1.4801e-05
-1.42578e-05
-1.39729e-05
-1.30377e-05
-1.16763e-05
-9.51695e-06
-6.40052e-06
-1.97367e-06
4.13924e-06
1.24589e-05
2.3638e-05
3.85171e-05
5.81534e-05
8.38438e-05
0.000117159
0.000159973
0.000214512
0.00028339
0.000369612
0.000476527
0.000607615
0.000766141
0.000954653
0.00117387
0.00142134
0.00168899
0.00195836
0.00219174
0.00231628
0.00220949
0.00171991
0.000695661
-0.000998989
-0.00342045
-0.00650616
-0.00994805
-0.013424
-0.0159393
-0.0177659
-0.0177265
-0.0160049
-0.015561
-0.0012445
-0.00110854
-0.000986645
-0.000877461
-0.000779769
-0.000692442
-0.000614457
-0.000544878
-0.000482854
-0.000427615
-0.000378462
-0.000334763
-0.000295946
-0.000261495
-0.000230946
-0.000203879
-0.000179915
-0.000158715
-0.000139975
-0.000123422
-0.000108811
-9.59221e-05
-8.45776e-05
-7.46176e-05
-6.58615e-05
-5.81705e-05
-5.1429e-05
-4.55313e-05
-4.0386e-05
-3.59048e-05
-3.20206e-05
-2.86513e-05
-2.57694e-05
-2.32595e-05
-2.12068e-05
-1.93019e-05
-1.80597e-05
-1.63356e-05
-1.63073e-05
-1.37385e-05
-1.60557e-05
-1.2341e-05
-9.6612e-06
-3.8231e-05
4.7743e-05
-5.32603e-05
1.12807e-06
-1.96958e-05
-1.14501e-05
-1.52724e-05
-1.37325e-05
-1.4459e-05
-1.3887e-05
-1.35422e-05
-1.25491e-05
-1.11132e-05
-8.86974e-06
-5.65402e-06
-1.11368e-06
5.1283e-06
1.35912e-05
2.49251e-05
3.99635e-05
5.9752e-05
8.5568e-05
0.000118952
0.000161734
0.000216075
0.000284493
0.000369862
0.000475346
0.000604174
0.000759254
0.000942766
0.00115479
0.00139217
0.0016459
0.00189646
0.00210534
0.00220087
0.00206632
0.00155904
0.000534859
-0.00112955
-0.00348158
-0.00645335
-0.00975145
-0.0130568
-0.0154711
-0.0172178
-0.0172304
-0.0157312
-0.0152588
-0.00123283
-0.00109826
-0.000977579
-0.00086948
-0.000772745
-0.000686265
-0.000609028
-0.000540108
-0.000478667
-0.000423941
-0.000375239
-0.000331937
-0.000293469
-0.000259326
-0.000229046
-0.000202215
-0.000178458
-0.000157439
-0.000138858
-0.000122444
-0.000107954
-9.51712e-05
-8.3919e-05
-7.4039e-05
-6.53526e-05
-5.77221e-05
-5.10331e-05
-4.51807e-05
-4.00744e-05
-3.56267e-05
-3.17709e-05
-2.84258e-05
-2.55639e-05
-2.30713e-05
-2.10312e-05
-1.91396e-05
-1.78993e-05
-1.61976e-05
-1.6128e-05
-1.36821e-05
-1.56749e-05
-1.27376e-05
-8.68166e-06
-3.74158e-05
4.17253e-05
-5.0895e-05
8.36675e-07
-1.93142e-05
-1.12883e-05
-1.4971e-05
-1.34595e-05
-1.41199e-05
-1.35206e-05
-1.31179e-05
-1.20692e-05
-1.05619e-05
-8.23821e-06
-4.92824e-06
-2.80853e-07
6.08204e-06
1.46779e-05
2.61535e-05
4.13351e-05
6.12556e-05
8.71725e-05
0.000120596
0.00016331
0.00021741
0.000285322
0.000369788
0.000473789
0.000600309
0.00075195
0.000930415
0.00113529
0.00136271
0.00160284
0.00183521
0.00202074
0.00208911
0.00192897
0.00140586
0.000383919
-0.00124965
-0.00353377
-0.00639625
-0.00955756
-0.0127033
-0.0150227
-0.0166951
-0.0167568
-0.0154593
-0.014977
-0.00122091
-0.00108775
-0.000968315
-0.000861318
-0.000765559
-0.000679942
-0.000603466
-0.00053522
-0.000474372
-0.00042017
-0.00037193
-0.000329035
-0.000290924
-0.000257095
-0.000227091
-0.000200502
-0.000176957
-0.000156125
-0.000137707
-0.000121435
-0.00010707
-9.43961e-05
-8.32389e-05
-7.34412e-05
-6.48267e-05
-5.72587e-05
-5.06238e-05
-4.48183e-05
-3.97523e-05
-3.53392e-05
-3.1513e-05
-2.8193e-05
-2.5352e-05
-2.28773e-05
-2.08504e-05
-1.89728e-05
-1.77345e-05
-1.60564e-05
-1.59446e-05
-1.36224e-05
-1.53012e-05
-1.3078e-05
-7.8817e-06
-3.64082e-05
3.64715e-05
-4.85197e-05
4.99059e-07
-1.89144e-05
-1.11327e-05
-1.46691e-05
-1.31888e-05
-1.3784e-05
-1.31587e-05
-1.27001e-05
-1.15982e-05
-1.00226e-05
-7.62256e-06
-4.22341e-06
5.24602e-07
7.00026e-06
1.57188e-05
2.73233e-05
4.2632e-05
6.26648e-05
8.86584e-05
0.000122092
0.000164703
0.000218523
0.000285884
0.000369398
0.000471868
0.000596039
0.000744227
0.000917631
0.00111541
0.00133304
0.00155988
0.00177468
0.001938
0.00198097
0.00179763
0.00126049
0.000242387
-0.00135989
-0.00357765
-0.00633528
-0.00936645
-0.0123629
-0.0145928
-0.0161961
-0.0163044
-0.0151896
-0.0147128
-0.00120876
-0.00107702
-0.000958853
-0.000852977
-0.000758212
-0.000673473
-0.000597774
-0.000530214
-0.000469972
-0.000416305
-0.000368536
-0.000326056
-0.000288311
-0.000254803
-0.000225082
-0.00019874
-0.000175413
-0.000154772
-0.000136521
-0.000120396
-0.000106159
-9.35969e-05
-8.25374e-05
-7.28246e-05
-6.4284e-05
-5.67803e-05
-5.02013e-05
-4.44441e-05
-3.94197e-05
-3.50425e-05
-3.12468e-05
-2.79529e-05
-2.51335e-05
-2.26775e-05
-2.06643e-05
-1.88015e-05
-1.75653e-05
-1.59119e-05
-1.57576e-05
-1.35585e-05
-1.49364e-05
-1.33618e-05
-7.24021e-06
-3.52687e-05
3.18644e-05
-4.61699e-05
1.27388e-07
-1.84992e-05
-1.09825e-05
-1.43671e-05
-1.29205e-05
-1.34513e-05
-1.28015e-05
-1.22889e-05
-1.11361e-05
-9.49536e-06
-7.02297e-06
-3.53971e-06
1.3025e-06
7.88279e-06
1.67139e-05
2.84344e-05
4.38545e-05
6.398e-05
9.00265e-05
0.000123441
0.000165917
0.000219418
0.000286185
0.000368702
0.000469597
0.000591381
0.00073606
0.000904448
0.00109521
0.0013032
0.00151709
0.00171495
0.00185715
0.00187641
0.00167197
0.00112261
0.000109827
-0.00146082
-0.00361379
-0.00627082
-0.00917814
-0.012035
-0.0141804
-0.0157195
-0.0158717
-0.0149226
-0.0144636
-0.00119636
-0.00106608
-0.000949196
-0.000844461
-0.000750705
-0.000666861
-0.000591953
-0.000525092
-0.000465468
-0.000412346
-0.000365059
-0.000323002
-0.000285631
-0.000252451
-0.000223019
-0.000196931
-0.000173827
-0.000153381
-0.000135301
-0.000119327
-0.000105221
-9.27739e-05
-8.18147e-05
-7.21891e-05
-6.37246e-05
-5.62872e-05
-4.97657e-05
-4.40583e-05
-3.90769e-05
-3.47366e-05
-3.09724e-05
-2.77056e-05
-2.49086e-05
-2.2472e-05
-2.04731e-05
-1.86257e-05
-1.73917e-05
-1.57641e-05
-1.55671e-05
-1.34899e-05
-1.4582e-05
-1.35896e-05
-6.73711e-06
-3.40438e-05
2.78075e-05
-4.38707e-05
-2.68061e-07
-1.80714e-05
-1.08372e-05
-1.4065e-05
-1.26545e-05
-1.31218e-05
-1.2449e-05
-1.18844e-05
-1.06831e-05
-8.98038e-06
-6.43961e-06
-2.87731e-06
2.05268e-06
8.72952e-06
1.7663e-05
2.9487e-05
4.50028e-05
6.52019e-05
9.12781e-05
0.000124647
0.000166954
0.000220099
0.000286232
0.000367709
0.000466988
0.000586352
0.000727507
0.000890898
0.00107471
0.00127325
0.00147453
0.00165609
0.00177824
0.00177532
0.00155149
0.000991947
-1.41773e-05
-0.00155296
-0.00364271
-0.00620323
-0.00899265
-0.0117188
-0.0137844
-0.0152636
-0.0154576
-0.0146586
-0.0142269
-0.00118374
-0.00105492
-0.000939347
-0.000835771
-0.000743042
-0.000660107
-0.000586004
-0.000519855
-0.000460861
-0.000408295
-0.000361498
-0.000319874
-0.000282884
-0.00025004
-0.000220902
-0.000195074
-0.000172198
-0.000151952
-0.000134048
-0.000118227
-0.000104257
-9.19273e-05
-8.10712e-05
-7.15351e-05
-6.31488e-05
-5.57794e-05
-4.93171e-05
-4.3661e-05
-3.87238e-05
-3.44217e-05
-3.06901e-05
-2.74511e-05
-2.46772e-05
-2.22609e-05
-2.02767e-05
-1.84456e-05
-1.72139e-05
-1.5613e-05
-1.53734e-05
-1.34158e-05
-1.42392e-05
-1.37632e-05
-6.35368e-06
-3.27685e-05
2.42204e-05
-4.16394e-05
-6.78705e-07
-1.76336e-05
-1.06961e-05
-1.37632e-05
-1.23909e-05
-1.27958e-05
-1.21013e-05
-1.14867e-05
-1.02394e-05
-8.47779e-06
-5.87262e-06
-2.23636e-06
2.77501e-06
9.54035e-06
1.85661e-05
3.04812e-05
4.60772e-05
6.63311e-05
9.24143e-05
0.000125709
0.000167817
0.00022057
0.00028603
0.000366428
0.000464054
0.00058097
0.000718593
0.00087701
0.00105397
0.00124323
0.00143227
0.00159815
0.0017013
0.00167767
0.00143628
0.000868234
-0.000130024
-0.00163681
-0.00366492
-0.00613283
-0.00880997
-0.0114139
-0.0134038
-0.0148275
-0.0150609
-0.014398
-0.0140007
-0.00117088
-0.00104356
-0.000929308
-0.000826908
-0.000735223
-0.000653213
-0.000579929
-0.000514505
-0.000456151
-0.000404152
-0.000357855
-0.000316672
-0.000280071
-0.00024757
-0.000218734
-0.000193171
-0.000170528
-0.000150486
-0.000132762
-0.000117099
-0.000103266
-9.10574e-05
-8.03069e-05
-7.08626e-05
-6.25566e-05
-5.52572e-05
-4.88557e-05
-4.32523e-05
-3.83607e-05
-3.40978e-05
-3.03997e-05
-2.71895e-05
-2.44396e-05
-2.20442e-05
-2.00752e-05
-1.82611e-05
-1.7032e-05
-1.54585e-05
-1.51768e-05
-1.33357e-05
-1.39088e-05
-1.38848e-05
-6.07285e-06
-3.14693e-05
2.10364e-05
-3.94876e-05
-1.09747e-06
-1.71878e-05
-1.05589e-05
-1.3462e-05
-1.21297e-05
-1.24733e-05
-1.17586e-05
-1.1096e-05
-9.805e-06
-7.98773e-06
-5.32213e-06
-1.61699e-06
3.46938e-06
1.03152e-05
1.94234e-05
3.1417e-05
4.70782e-05
6.73683e-05
9.34363e-05
0.000126632
0.000168509
0.000220837
0.000285587
0.000364869
0.000460808
0.000575252
0.00070934
0.000862815
0.00103302
0.00121321
0.00139035
0.00154118
0.00162632
0.00158379
0.0013262
0.000751204
-0.000238095
-0.00171282
-0.00368087
-0.00605992
-0.0086301
-0.0111195
-0.0130377
-0.0144097
-0.0146803
-0.014141
-0.0137833
-0.00115779
-0.00103198
-0.000919081
-0.000817876
-0.00072725
-0.00064618
-0.000573729
-0.000509042
-0.000451341
-0.000399918
-0.00035413
-0.000313397
-0.000277193
-0.000245041
-0.000216513
-0.000191221
-0.000168816
-0.000148984
-0.000131443
-0.000115941
-0.000102249
-9.01643e-05
-7.9522e-05
-7.01719e-05
-6.19482e-05
-5.47206e-05
-4.83815e-05
-4.28322e-05
-3.79874e-05
-3.3765e-05
-3.01014e-05
-2.69209e-05
-2.41957e-05
-2.18219e-05
-1.98688e-05
-1.80723e-05
-1.68459e-05
-1.53006e-05
-1.49777e-05
-1.32491e-05
-1.35913e-05
-1.3957e-05
-5.87925e-06
-3.01658e-05
1.81998e-05
-3.74221e-05
-1.51862e-06
-1.6736e-05
-1.04248e-05
-1.31614e-05
-1.1871e-05
-1.21543e-05
-1.1421e-05
-1.07123e-05
-9.38007e-06
-7.51031e-06
-4.78826e-06
-1.0193e-06
4.13572e-06
1.10541e-05
2.02347e-05
3.22948e-05
4.80062e-05
6.83144e-05
9.43454e-05
0.000127416
0.000169033
0.000220904
0.000284909
0.00036304
0.000457262
0.000569215
0.00069977
0.000848339
0.00101189
0.00118321
0.00134884
0.00148523
0.00155329
0.00149339
0.00122106
0.000640599
-0.000338754
-0.00178145
-0.003691
-0.00598474
-0.00845303
-0.0108351
-0.0126852
-0.0140094
-0.0143147
-0.0138875
-0.0135731
-0.00114448
-0.00102021
-0.000908669
-0.000808676
-0.000719126
-0.000639011
-0.000567406
-0.000503469
-0.000446431
-0.000395595
-0.000350326
-0.000310051
-0.00027425
-0.000242455
-0.000214241
-0.000189225
-0.000167063
-0.000147444
-0.000130091
-0.000114754
-0.000101207
-8.92484e-05
-7.87169e-05
-6.94632e-05
-6.13238e-05
-5.41698e-05
-4.78947e-05
-4.2401e-05
-3.76043e-05
-3.34234e-05
-2.97953e-05
-2.66454e-05
-2.39455e-05
-2.15942e-05
-1.96573e-05
-1.78791e-05
-1.66558e-05
-1.51392e-05
-1.47762e-05
-1.31557e-05
-1.32871e-05
-1.39828e-05
-5.75923e-06
-2.88723e-05
1.56639e-05
-3.54465e-05
-1.93759e-06
-1.628e-05
-1.02935e-05
-1.28619e-05
-1.16147e-05
-1.18391e-05
-1.10884e-05
-1.03358e-05
-8.9647e-06
-7.04562e-06
-4.2711e-06
-4.43373e-07
4.77396e-06
1.1757e-05
2.10003e-05
3.31147e-05
4.88616e-05
6.91701e-05
9.5143e-05
0.000128063
0.000169393
0.000220774
0.000284003
0.000360951
0.00045343
0.000562876
0.000689905
0.000833602
0.000990621
0.00115329
0.00130776
0.00143032
0.00148251
0.00140606
0.00112074
0.00053617
-0.00043235
-0.0018431
-0.0036957
-0.00590756
-0.00827873
-0.0105602
-0.0123455
-0.0136254
-0.0139632
-0.0136376
-0.013369
-0.00113095
-0.00100823
-0.000898073
-0.00079931
-0.000710853
-0.000631707
-0.000560961
-0.000497786
-0.000441423
-0.000391183
-0.000346442
-0.000306633
-0.000271244
-0.000239812
-0.000211918
-0.000187183
-0.000165269
-0.000145869
-0.000128707
-0.000113538
-0.000100139
-8.83099e-05
-7.78916e-05
-6.87367e-05
-6.06836e-05
-5.36049e-05
-4.73954e-05
-4.19588e-05
-3.72114e-05
-3.3073e-05
-2.94815e-05
-2.6363e-05
-2.36893e-05
-2.1361e-05
-1.94409e-05
-1.76818e-05
-1.64617e-05
-1.49744e-05
-1.45725e-05
-1.30551e-05
-1.29963e-05
-1.39655e-05
-5.70078e-06
-2.75987e-05
1.33892e-05
-3.35619e-05
-2.35085e-06
-1.58211e-05
-1.01645e-05
-1.25635e-05
-1.13609e-05
-1.15277e-05
-1.0761e-05
-9.9665e-06
-8.55896e-06
-6.59375e-06
-3.77073e-06
1.10724e-07
5.38409e-06
1.24239e-05
2.17202e-05
3.38771e-05
4.96449e-05
6.99365e-05
9.58305e-05
0.000128577
0.000169592
0.000220454
0.000282874
0.000358611
0.000449322
0.00055625
0.000679766
0.000818629
0.000969246
0.00112347
0.00126716
0.00137647
0.00141384
0.00132199
0.00102509
0.000437677
-0.000519216
-0.00189817
-0.00369535
-0.0058286
-0.00810719
-0.0102941
-0.0120179
-0.0132568
-0.0136246
-0.0133911
-0.0131699
-0.0011172
-0.000996049
-0.000887298
-0.000789781
-0.000702432
-0.000624269
-0.000554397
-0.000491995
-0.000436317
-0.000386684
-0.00034248
-0.000303146
-0.000268176
-0.000237113
-0.000209544
-0.000185097
-0.000163436
-0.000144258
-0.000127292
-0.000112294
-9.90456e-05
-8.7349e-05
-7.70465e-05
-6.79925e-05
-6.00277e-05
-5.30262e-05
-4.68839e-05
-4.15056e-05
-3.68087e-05
-3.27141e-05
-2.916e-05
-2.60738e-05
-2.3427e-05
-2.11225e-05
-1.92197e-05
-1.74802e-05
-1.62637e-05
-1.4806e-05
-1.43669e-05
-1.29471e-05
-1.27186e-05
-1.39081e-05
-5.69345e-06
-2.63518e-05
1.13425e-05
-3.17675e-05
-2.75575e-06
-1.53607e-05
-1.00374e-05
-1.22665e-05
-1.11096e-05
-1.12201e-05
-1.04388e-05
-9.60449e-06
-8.16293e-06
-6.15478e-06
-3.28723e-06
6.42948e-07
5.96608e-06
1.30549e-05
2.23946e-05
3.45823e-05
5.03569e-05
7.06143e-05
9.64094e-05
0.000128959
0.000169632
0.000219947
0.00028153
0.000356028
0.000444951
0.000549355
0.000669374
0.000803531
0.00094779
0.0010938
0.00122705
0.00132391
0.00134701
0.00124112
0.000933965
0.000344887
-0.000599669
-0.00194701
-0.00369028
-0.00574805
-0.00793839
-0.0100364
-0.0117017
-0.0129025
-0.013298
-0.013148
-0.0129751
-0.00110323
-0.000983675
-0.000876343
-0.00078009
-0.000693865
-0.0006167
-0.000547713
-0.000486097
-0.000431115
-0.000382099
-0.000338441
-0.000299589
-0.000265045
-0.000234358
-0.000207121
-0.000182967
-0.000161563
-0.000142611
-0.000125845
-0.000111022
-9.79276e-05
-8.6366e-05
-7.61818e-05
-6.72309e-05
-5.93564e-05
-5.24337e-05
-4.63601e-05
-4.10416e-05
-3.63965e-05
-3.23466e-05
-2.88309e-05
-2.57778e-05
-2.31586e-05
-2.08787e-05
-1.89937e-05
-1.72745e-05
-1.60618e-05
-1.46341e-05
-1.41596e-05
-1.28314e-05
-1.2454e-05
-1.38138e-05
-5.72826e-06
-2.5136e-05
9.49548e-06
-3.00612e-05
-3.15046e-06
-1.48997e-05
-9.91175e-06
-1.19712e-05
-1.08608e-05
-1.09164e-05
-1.01218e-05
-9.24983e-06
-7.77667e-06
-5.72876e-06
-2.82063e-06
1.15327e-06
6.51997e-06
1.36501e-05
2.30237e-05
3.52306e-05
5.0998e-05
7.12046e-05
9.68812e-05
0.000129211
0.000169518
0.000219259
0.000279977
0.000353211
0.000440328
0.000542204
0.000658752
0.00078828
0.000926258
0.00106429
0.00118748
0.00127256
0.00128218
0.00116341
0.000847225
0.000257575
-0.000674012
-0.00198999
-0.00368084
-0.00566611
-0.00777231
-0.00978658
-0.0113962
-0.0125616
-0.0129827
-0.0129081
-0.0127837
-0.00108905
-0.000971107
-0.000865214
-0.000770241
-0.000685154
-0.000609001
-0.000540913
-0.000480094
-0.000425819
-0.000377429
-0.000334325
-0.000295963
-0.000261852
-0.000231549
-0.000204649
-0.000180793
-0.000159651
-0.00014093
-0.000124367
-0.000109723
-9.6785e-05
-8.53612e-05
-7.52977e-05
-6.64521e-05
-5.86698e-05
-5.18276e-05
-4.58243e-05
-4.05669e-05
-3.59747e-05
-3.19707e-05
-2.84943e-05
-2.54753e-05
-2.28844e-05
-2.06297e-05
-1.87629e-05
-1.70647e-05
-1.58562e-05
-1.44587e-05
-1.39507e-05
-1.27081e-05
-1.22019e-05
-1.36857e-05
-5.79754e-06
-2.39536e-05
7.82407e-06
-2.84402e-05
-3.53382e-06
-1.44391e-05
-9.78724e-06
-1.16777e-05
-1.06144e-05
-1.06168e-05
-9.81026e-06
-8.9026e-06
-7.40025e-06
-5.31574e-06
-2.37097e-06
1.64169e-06
7.04579e-06
1.42096e-05
2.36078e-05
3.58225e-05
5.1569e-05
7.17084e-05
9.72474e-05
0.000129335
0.000169252
0.000218393
0.000278221
0.000350169
0.000435466
0.000534814
0.000647916
0.000772824
0.000904794
0.00103508
0.00114866
0.00122225
0.00121936
0.00108878
0.000764733
0.000175524
-0.000742534
-0.00202742
-0.0036673
-0.00558293
-0.00760892
-0.00954415
-0.0111008
-0.0122332
-0.0126778
-0.0126713
-0.0125949
-0.00107465
-0.000958348
-0.000853911
-0.000760235
-0.000676301
-0.000601174
-0.000533997
-0.000473987
-0.000420429
-0.000372675
-0.000330134
-0.00029227
-0.0002586
-0.000228685
-0.000202129
-0.000178575
-0.0001577
-0.000139215
-0.000122858
-0.000108396
-9.56183e-05
-8.43349e-05
-7.43944e-05
-6.56563e-05
-5.7968e-05
-5.12082e-05
-4.52766e-05
-4.00816e-05
-3.55436e-05
-3.15865e-05
-2.81504e-05
-2.51661e-05
-2.26043e-05
-2.03754e-05
-1.85275e-05
-1.68508e-05
-1.56469e-05
-1.42797e-05
-1.37403e-05
-1.2577e-05
-1.19619e-05
-1.35267e-05
-5.89481e-06
-2.28053e-05
6.30769e-06
-2.69008e-05
-3.90531e-06
-1.39797e-05
-9.66351e-06
-1.13862e-05
-1.03705e-05
-1.03212e-05
-9.50405e-06
-8.56283e-06
-7.03369e-06
-4.91576e-06
-1.93827e-06
2.10822e-06
7.54361e-06
1.47336e-05
2.41471e-05
3.63584e-05
5.20705e-05
7.21269e-05
9.75096e-05
0.000129335
0.000168838
0.000217354
0.000276269
0.00034691
0.000430375
0.000527198
0.000636884
0.000757251
0.000883383
0.00100615
0.0011105
0.00117311
0.00115853
0.00101717
0.000686353
9.8525e-05
-0.000805511
-0.00205962
-0.00364995
-0.00549867
-0.0074482
-0.00930871
-0.0108148
-0.0119165
-0.0123825
-0.0124376
-0.0124082
-0.00106005
-0.000945401
-0.000842438
-0.000750074
-0.000667309
-0.000593221
-0.000526968
-0.000467777
-0.000414947
-0.000367838
-0.000325868
-0.00028851
-0.000255288
-0.000225768
-0.000199561
-0.000176315
-0.000155712
-0.000137465
-0.000121319
-0.000107043
-9.44275e-05
-8.32872e-05
-7.34722e-05
-6.48437e-05
-5.72514e-05
-5.05755e-05
-4.47171e-05
-3.9586e-05
-3.51033e-05
-3.11941e-05
-2.77991e-05
-2.48505e-05
-2.23184e-05
-2.01161e-05
-1.82874e-05
-1.66329e-05
-1.54339e-05
-1.40971e-05
-1.35287e-05
-1.24381e-05
-1.17336e-05
-1.33394e-05
-6.0147e-06
-2.16907e-05
4.92864e-06
-2.54393e-05
-4.26497e-06
-1.3522e-05
-9.54024e-06
-1.1097e-05
-1.01291e-05
-1.00297e-05
-9.20327e-06
-8.23057e-06
-6.67704e-06
-4.52884e-06
-1.52252e-06
2.5529e-06
8.01351e-06
1.52221e-05
2.4642e-05
3.68388e-05
5.25033e-05
7.24611e-05
9.76696e-05
0.000129212
0.000168279
0.000216148
0.000274126
0.000343444
0.000425067
0.000519372
0.000625674
0.000741576
0.000861938
0.00097743
0.00107285
0.00112518
0.00109968
0.000948501
0.000611954
2.63754e-05
-0.000863206
-0.00208688
-0.00362904
-0.00541347
-0.00729007
-0.00907986
-0.0105377
-0.0116106
-0.012096
-0.0122069
-0.012223
-0.00104525
-0.000932269
-0.000830796
-0.000739761
-0.000658179
-0.000585144
-0.000519826
-0.000461467
-0.000409375
-0.00036292
-0.00032153
-0.000284685
-0.000251917
-0.000222798
-0.000196946
-0.000174013
-0.000153686
-0.000135683
-0.000119751
-0.000105663
-9.32132e-05
-8.22186e-05
-7.25314e-05
-6.40145e-05
-5.652e-05
-4.99297e-05
-4.4146e-05
-3.908e-05
-3.46538e-05
-3.07936e-05
-2.74406e-05
-2.45285e-05
-2.20268e-05
-1.98518e-05
-1.80428e-05
-1.64111e-05
-1.52173e-05
-1.3911e-05
-1.33158e-05
-1.22915e-05
-1.15162e-05
-1.31263e-05
-6.15279e-06
-2.06084e-05
3.67173e-06
-2.40515e-05
-4.61333e-06
-1.30666e-05
-9.4171e-06
-1.081e-05
-9.89012e-06
-9.74246e-06
-8.90791e-06
-7.90585e-06
-6.33032e-06
-4.15499e-06
-1.12372e-06
2.97576e-06
8.45561e-06
1.56755e-05
2.50926e-05
3.72643e-05
5.28682e-05
7.27122e-05
9.77289e-05
0.000128969
0.000167579
0.000214778
0.0002718
0.000339777
0.000419552
0.000511348
0.000614303
0.000725819
0.000840555
0.000949009
0.00103586
0.00107845
0.00104279
0.00088272
0.000541405
-4.11193e-05
-0.000915869
-0.00210947
-0.00360482
-0.00532745
-0.0071345
-0.00885722
-0.010269
-0.0113149
-0.0118178
-0.0119791
-0.0120387
-0.00103025
-0.000918955
-0.000818989
-0.000729299
-0.000648914
-0.000576944
-0.000512574
-0.000455057
-0.000403713
-0.000357921
-0.000317119
-0.000280795
-0.000248488
-0.000219777
-0.000194285
-0.00017167
-0.000151623
-0.000133867
-0.000118153
-0.000104256
-9.19756e-05
-8.11293e-05
-7.15721e-05
-6.31689e-05
-5.57741e-05
-4.9271e-05
-4.35635e-05
-3.85639e-05
-3.41952e-05
-3.03851e-05
-2.70751e-05
-2.42002e-05
-2.17295e-05
-1.95824e-05
-1.77936e-05
-1.61853e-05
-1.49973e-05
-1.37214e-05
-1.31018e-05
-1.21373e-05
-1.13093e-05
-1.28897e-05
-6.3055e-06
-1.95562e-05
2.52385e-06
-2.27335e-05
-4.95144e-06
-1.26139e-05
-9.29379e-06
-1.05257e-05
-9.65361e-06
-9.45942e-06
-8.61806e-06
-7.58871e-06
-5.99355e-06
-3.79421e-06
-7.41848e-07
3.37689e-06
8.87003e-06
1.60939e-05
2.54995e-05
3.76352e-05
5.31661e-05
7.28814e-05
9.76894e-05
0.000128607
0.00016674
0.00021325
0.000269297
0.000335919
0.000413841
0.00050314
0.000602787
0.000709999
0.000819258
0.000920912
0.000999557
0.00103293
0.000987839
0.000819752
0.000474581
-0.000104147
-0.00096374
-0.00212764
-0.00357751
-0.00524071
-0.00698139
-0.00864044
-0.0100082
-0.0110286
-0.011547
-0.0117541
-0.0118548
-0.00101504
-0.000905461
-0.00080702
-0.000718688
-0.000639515
-0.000568624
-0.000505213
-0.000448549
-0.000397962
-0.000352843
-0.000312637
-0.000276841
-0.000245001
-0.000216704
-0.000191578
-0.000169285
-0.000149523
-0.000132018
-0.000116526
-0.000102824
-9.0715e-05
-8.00195e-05
-7.05947e-05
-6.23072e-05
-5.50139e-05
-4.85996e-05
-4.29697e-05
-3.80377e-05
-3.37278e-05
-2.99687e-05
-2.67024e-05
-2.38657e-05
-2.14267e-05
-1.93082e-05
-1.754e-05
-1.59557e-05
-1.47737e-05
-1.35283e-05
-1.28868e-05
-1.19757e-05
-1.11121e-05
-1.26317e-05
-6.47004e-06
-1.85314e-05
1.47371e-06
-2.14813e-05
-5.28081e-06
-1.21645e-05
-9.17001e-06
-1.0244e-05
-9.41954e-06
-9.18073e-06
-8.33367e-06
-7.27915e-06
-5.66672e-06
-3.44647e-06
-3.76837e-07
3.75637e-06
9.25694e-06
1.64777e-05
2.58629e-05
3.79523e-05
5.33977e-05
7.297e-05
9.75528e-05
0.000128131
0.000165767
0.000211567
0.000266621
0.000331876
0.000407943
0.000494761
0.000591142
0.000694136
0.000798067
0.000893163
0.000963947
0.000988635
0.000934797
0.000759532
0.000411358
-0.000162888
-0.00100705
-0.00214165
-0.00354732
-0.00515335
-0.00683067
-0.0084292
-0.0097548
-0.0107511
-0.0112832
-0.0115317
-0.011671
-0.000999649
-0.00089179
-0.00079489
-0.000707933
-0.000629985
-0.000560185
-0.000497746
-0.000441945
-0.000392125
-0.000347687
-0.000308085
-0.000272825
-0.000241459
-0.000213581
-0.000188826
-0.000166861
-0.000147388
-0.000130138
-0.00011487
-0.000101367
-8.94317e-05
-7.88896e-05
-6.95994e-05
-6.14297e-05
-5.42396e-05
-4.79157e-05
-4.23648e-05
-3.75017e-05
-3.32516e-05
-2.95444e-05
-2.63229e-05
-2.3525e-05
-2.11184e-05
-1.90291e-05
-1.72821e-05
-1.57222e-05
-1.45468e-05
-1.33317e-05
-1.26707e-05
-1.18067e-05
-1.09241e-05
-1.2354e-05
-6.64429e-06
-1.75307e-05
5.11582e-07
-2.0291e-05
-5.60345e-06
-1.17187e-05
-9.04546e-06
-9.96516e-06
-9.1879e-06
-8.90628e-06
-8.05485e-06
-6.97722e-06
-5.34986e-06
-3.1118e-06
-2.86758e-08
4.11427e-06
9.61647e-06
1.68269e-05
2.61833e-05
3.82162e-05
5.35639e-05
7.2979e-05
9.73206e-05
0.000127541
0.000164662
0.000209735
0.00026378
0.000327657
0.000401866
0.000486219
0.00057938
0.000678245
0.000777002
0.000865782
0.000929046
0.000945552
0.000883641
0.000701989
0.000351615
-0.000217517
-0.001046
-0.00215172
-0.00351441
-0.00506545
-0.00668224
-0.00822316
-0.00950834
-0.0104818
-0.0110259
-0.0113118
-0.0114872
-0.000984063
-0.000877946
-0.000782602
-0.000697034
-0.000620325
-0.000551629
-0.000490172
-0.000435246
-0.000386203
-0.000342454
-0.000303464
-0.000268747
-0.000237861
-0.000210409
-0.000186029
-0.000164396
-0.000145217
-0.000128226
-0.000113186
-9.9884e-05
-8.81262e-05
-7.77398e-05
-6.85864e-05
-6.05364e-05
-5.34514e-05
-4.72195e-05
-4.17489e-05
-3.69559e-05
-3.27668e-05
-2.91126e-05
-2.59366e-05
-2.31783e-05
-2.08047e-05
-1.87453e-05
-1.70198e-05
-1.5485e-05
-1.43165e-05
-1.31317e-05
-1.24536e-05
-1.16307e-05
-1.07448e-05
-1.20582e-05
-6.82669e-06
-1.65502e-05
-3.70838e-07
-1.91591e-05
-5.92187e-06
-1.12771e-05
-8.91985e-06
-9.68932e-06
-8.95875e-06
-8.63627e-06
-7.78148e-06
-6.68285e-06
-5.04291e-06
-2.79009e-06
3.02765e-07
4.45077e-06
9.94889e-06
1.71421e-05
2.64612e-05
3.84274e-05
5.36657e-05
7.29101e-05
9.6995e-05
0.000126841
0.000163429
0.000207758
0.000260778
0.00032327
0.000395618
0.000477515
0.000567494
0.000662309
0.000756033
0.000838737
0.000894819
0.000903658
0.000834333
0.000647056
0.000295236
-0.000268201
-0.00108082
-0.00215807
-0.003479
-0.00497707
-0.006536
-0.00802201
-0.0092684
-0.0102202
-0.0107747
-0.0110945
-0.0113037
-0.000968289
-0.000863931
-0.000770159
-0.000685996
-0.000610539
-0.000542959
-0.000482496
-0.000428453
-0.000380196
-0.000337146
-0.000298775
-0.000264607
-0.000234209
-0.000207187
-0.000183189
-0.000161893
-0.000143011
-0.000126283
-0.000111475
-9.83767e-05
-8.67986e-05
-7.65706e-05
-6.75561e-05
-5.96278e-05
-5.26494e-05
-4.6511e-05
-4.11222e-05
-3.64006e-05
-3.22734e-05
-2.86731e-05
-2.55435e-05
-2.28256e-05
-2.04857e-05
-1.84568e-05
-1.67532e-05
-1.52442e-05
-1.40829e-05
-1.29283e-05
-1.22356e-05
-1.14477e-05
-1.05734e-05
-1.17456e-05
-7.01623e-06
-1.55856e-05
-1.1806e-06
-1.80824e-05
-6.23913e-06
-1.08405e-05
-8.79285e-06
-9.41652e-06
-8.73192e-06
-8.37052e-06
-7.51364e-06
-6.39612e-06
-4.74588e-06
-2.48132e-06
6.17566e-07
4.76602e-06
1.02544e-05
1.74235e-05
2.66971e-05
3.85868e-05
5.37041e-05
7.27645e-05
9.65779e-05
0.000126034
0.000162071
0.00020564
0.000257623
0.000318721
0.00038921
0.00046866
0.000555503
0.000646416
0.000735185
0.000812036
0.00086124
0.000862925
0.000786818
0.000594636
0.000242083
-0.000315117
-0.0011117
-0.0021609
-0.00344123
-0.00488831
-0.00639188
-0.00782552
-0.00903463
-0.00996567
-0.010529
-0.0108793
-0.0111199
-0.00095233
-0.000849749
-0.000757564
-0.000674819
-0.000600627
-0.000534176
-0.000474717
-0.000421569
-0.000374107
-0.000331763
-0.00029402
-0.000260408
-0.000230503
-0.000203918
-0.000180306
-0.000159352
-0.000140771
-0.00012431
-0.000109736
-9.68452e-05
-8.54495e-05
-7.5382e-05
-6.65087e-05
-5.87039e-05
-5.1834e-05
-4.57906e-05
-4.04849e-05
-3.58358e-05
-3.17717e-05
-2.82262e-05
-2.51438e-05
-2.2467e-05
-2.01614e-05
-1.81636e-05
-1.64825e-05
-1.49997e-05
-1.38461e-05
-1.27217e-05
-1.20165e-05
-1.12582e-05
-1.04096e-05
-1.14173e-05
-7.21233e-06
-1.46323e-05
-1.92359e-06
-1.70579e-05
-6.55892e-06
-1.04095e-05
-8.66414e-06
-9.14682e-06
-8.50734e-06
-8.10896e-06
-7.25126e-06
-6.11686e-06
-4.45862e-06
-2.18532e-06
9.15926e-07
5.06028e-06
1.05334e-05
1.76716e-05
2.68918e-05
3.86955e-05
5.36808e-05
7.25444e-05
9.60721e-05
0.000125122
0.000160595
0.000203388
0.000254321
0.000314018
0.000382669
0.000459733
0.00054352
0.000630579
0.000714631
0.000785911
0.000828562
0.000823343
0.000741066
0.000544651
0.000192027
-0.000358453
-0.00113888
-0.0021605
-0.00340142
-0.00479943
-0.00625006
-0.00763374
-0.00880699
-0.00971786
-0.0102879
-0.0106645
-0.0109328
-0.00093619
-0.000835401
-0.00074482
-0.000663506
-0.000590593
-0.000525281
-0.000466838
-0.000414594
-0.000367937
-0.000326307
-0.000289199
-0.00025615
-0.000226744
-0.000200601
-0.00017738
-0.000156772
-0.000138498
-0.000122306
-0.000107971
-9.52897e-05
-8.40791e-05
-7.41746e-05
-6.54445e-05
-5.77651e-05
-5.10052e-05
-4.50584e-05
-3.98371e-05
-3.52617e-05
-3.12617e-05
-2.7772e-05
-2.47376e-05
-2.21027e-05
-1.98319e-05
-1.7866e-05
-1.62077e-05
-1.47516e-05
-1.3606e-05
-1.25118e-05
-1.17964e-05
-1.10622e-05
-1.02528e-05
-1.10743e-05
-7.41488e-06
-1.36849e-05
-2.60463e-06
-1.60832e-05
-6.88582e-06
-9.98566e-06
-8.53377e-06
-8.88078e-06
-8.28569e-06
-7.85257e-06
-6.99508e-06
-5.8462e-06
-4.18262e-06
-1.90406e-06
1.19524e-06
5.33015e-06
1.07814e-05
1.78807e-05
2.70373e-05
3.87432e-05
5.35822e-05
7.22323e-05
9.5455e-05
0.000124077
0.000158961
0.000200954
0.000250814
0.000309089
0.000375886
0.000450554
0.000531275
0.000614445
0.000693913
0.00075976
0.000796683
0.000785141
0.000697211
0.000497174
0.000145081
-0.000398233
-0.00116241
-0.00215691
-0.00335971
-0.00471062
-0.0061107
-0.00744671
-0.00858531
-0.0094763
-0.0100509
-0.0104496
-0.0107409
-0.000888585
-0.000793071
-0.000707209
-0.000630114
-0.000560966
-0.000499014
-0.000443565
-0.000393987
-0.000349702
-0.000310181
-0.000274946
-0.000243559
-0.000215627
-0.00019079
-0.000168725
-0.000149139
-0.000131768
-0.000116374
-0.000102743
-9.06831e-05
-8.002e-05
-7.05976e-05
-6.22914e-05
-5.49833e-05
-4.85493e-05
-4.28883e-05
-3.79171e-05
-3.35601e-05
-2.97501e-05
-2.64258e-05
-2.35338e-05
-2.10231e-05
-1.88559e-05
-1.69843e-05
-1.5394e-05
-1.40172e-05
-1.2897e-05
-1.18889e-05
-1.11527e-05
-1.04702e-05
-9.8141e-06
-1.00418e-05
-7.98879e-06
-1.10059e-05
-4.26637e-06
-1.33782e-05
-7.66417e-06
-8.86052e-06
-8.11286e-06
-8.12835e-06
-7.63952e-06
-7.12022e-06
-6.26324e-06
-5.08016e-06
-3.40726e-06
-1.12313e-06
1.95907e-06
6.05262e-06
1.14226e-05
1.83864e-05
2.73319e-05
3.87207e-05
5.30956e-05
7.10796e-05
9.33636e-05
0.000120685
0.000153793
0.000193396
0.000240076
0.000294154
0.000355469
0.000423087
0.000494885
0.000566974
0.000633099
0.000683743
0.000705815
0.00067779
0.000574703
0.000365859
1.7043e-05
-0.000504083
-0.00122052
-0.00213718
-0.00323207
-0.00445072
-0.00570954
-0.0069126
-0.00795376
-0.00878844
-0.00937273
-0.00982719
-0.0101779
-0.000805722
-0.000719309
-0.0006416
-0.000571801
-0.000509176
-0.00045305
-0.0004028
-0.000357856
-0.000317699
-0.000281853
-0.000249884
-0.0002214
-0.000196044
-0.000173492
-0.000153451
-0.000135658
-0.000119874
-0.000105882
-9.34904e-05
-8.25239e-05
-7.28254e-05
-6.42535e-05
-5.66959e-05
-5.0044e-05
-4.41866e-05
-3.90316e-05
-3.45037e-05
-3.05342e-05
-2.70619e-05
-2.40314e-05
-2.13937e-05
-1.91033e-05
-1.71241e-05
-1.54159e-05
-1.39588e-05
-1.27044e-05
-1.16667e-05
-1.07588e-05
-1.00537e-05
-9.44748e-06
-8.85667e-06
-8.88197e-06
-7.5994e-06
-9.21812e-06
-5.30567e-06
-1.04959e-05
-7.42204e-06
-7.59347e-06
-7.17636e-06
-7.0015e-06
-6.55427e-06
-5.98045e-06
-5.12156e-06
-3.9294e-06
-2.27723e-06
-3.95058e-08
2.95295e-06
6.89783e-06
1.20358e-05
1.86598e-05
2.71177e-05
3.78211e-05
5.12475e-05
6.79339e-05
8.84634e-05
0.00011344
0.000143448
0.000178998
0.000220433
0.000267791
0.00032063
0.000377729
0.000436695
0.000493503
0.000541941
0.000572908
0.000573635
0.000526644
0.000410318
0.000199614
-0.000131987
-0.000608271
-0.00124451
-0.00204091
-0.00297717
-0.00400847
-0.0050718
-0.00609396
-0.00700007
-0.00775748
-0.00834144
-0.00885071
-0.00926794
-0.000719323
-0.000642326
-0.000573064
-0.000510832
-0.00045498
-0.000404909
-0.000360069
-0.000319953
-0.0002841
-0.000252087
-0.000223531
-0.000198082
-0.000175422
-0.000155263
-0.000137345
-0.000121433
-0.000107315
-9.4797e-05
-8.37083e-05
-7.38931e-05
-6.5211e-05
-5.7536e-05
-5.07678e-05
-4.48093e-05
-3.95614e-05
-3.4942e-05
-3.08835e-05
-2.73248e-05
-2.4211e-05
-2.14927e-05
-1.91257e-05
-1.707e-05
-1.52922e-05
-1.3758e-05
-1.24462e-05
-1.13202e-05
-1.03794e-05
-9.56906e-06
-8.91796e-06
-8.37708e-06
-7.85595e-06
-7.75545e-06
-6.91824e-06
-7.76078e-06
-5.45852e-06
-8.33749e-06
-6.68091e-06
-6.51916e-06
-6.21579e-06
-5.96813e-06
-5.54227e-06
-4.96139e-06
-4.12586e-06
-2.97185e-06
-1.39235e-06
7.31775e-07
3.55138e-06
7.24467e-06
1.20313e-05
1.81708e-05
2.59711e-05
3.57928e-05
4.80463e-05
6.31863e-05
8.16959e-05
0.00010406
0.000130723
0.000162033
0.000198156
0.00023894
0.000283726
0.000331115
0.000378624
0.000422287
0.000456198
0.00047196
0.000458136
0.000399788
0.000278876
7.52071e-05
-0.000231705
-0.000659308
-0.0012175
-0.00190401
-0.00270118
-0.00357263
-0.00447038
-0.00533902
-0.00612524
-0.00680606
-0.00736673
-0.007885
-0.0083244
-0.000629775
-0.000562476
-0.00050192
-0.000447496
-0.000398639
-0.000354829
-0.000315585
-0.000280468
-0.000249075
-0.000221039
-0.000196025
-0.000173728
-0.000153871
-0.000136202
-0.000120494
-0.000106542
-9.41599e-05
-8.31802e-05
-7.3452e-05
-6.48396e-05
-5.72201e-05
-5.04831e-05
-4.45413e-05
-3.93092e-05
-3.47002e-05
-3.06426e-05
-2.70769e-05
-2.39497e-05
-2.12128e-05
-1.8823e-05
-1.67414e-05
-1.4933e-05
-1.33682e-05
-1.20178e-05
-1.08611e-05
-9.86977e-06
-9.03624e-06
-8.32447e-06
-7.74138e-06
-7.26374e-06
-6.8136e-06
-6.64688e-06
-6.07532e-06
-6.48317e-06
-5.11158e-06
-6.65822e-06
-5.74619e-06
-5.50946e-06
-5.25362e-06
-4.98548e-06
-4.58226e-06
-4.0227e-06
-3.2371e-06
-2.15891e-06
-6.95238e-07
1.26108e-06
3.84298e-06
7.20924e-06
1.15519e-05
1.70979e-05
2.41138e-05
3.29079e-05
4.38273e-05
5.72491e-05
7.35656e-05
9.31579e-05
0.000116352
0.000143363
0.000174225
0.000208652
0.000245886
0.000284466
0.000321957
0.000354619
0.000377044
0.000381738
0.00035876
0.000295535
0.000177232
-1.22307e-05
-0.000288578
-0.000664556
-0.00114645
-0.00173116
-0.00240375
-0.00313553
-0.00389006
-0.00462599
-0.0053052
-0.0059116
-0.00643471
-0.00693494
-0.00736916
-0.000537485
-0.000480127
-0.000428503
-0.000382096
-0.000340427
-0.000303054
-0.000269569
-0.0002396
-0.000212805
-0.00018887
-0.000167511
-0.000148468
-0.000131507
-0.000116412
-0.000102991
-9.10672e-05
-8.04837e-05
-7.10976e-05
-6.27801e-05
-5.54155e-05
-4.8899e-05
-4.31364e-05
-3.80533e-05
-3.35764e-05
-2.96323e-05
-2.61594e-05
-2.3107e-05
-2.04295e-05
-1.80858e-05
-1.60388e-05
-1.42553e-05
-1.27057e-05
-1.1364e-05
-1.02061e-05
-9.213e-06
-8.36254e-06
-7.6445e-06
-7.03418e-06
-6.52852e-06
-6.11605e-06
-5.73639e-06
-5.54691e-06
-5.14159e-06
-5.31098e-06
-4.48194e-06
-5.27905e-06
-4.75687e-06
-4.53262e-06
-4.30923e-06
-4.0497e-06
-3.68006e-06
-3.1681e-06
-2.45815e-06
-1.48828e-06
-1.81231e-07
1.55704e-06
3.84081e-06
6.80671e-06
1.06183e-05
1.54683e-05
2.15811e-05
2.92138e-05
3.86511e-05
5.01982e-05
6.41665e-05
8.08488e-05
0.000100472
0.000123148
0.000148828
0.000177155
0.000207338
0.000237963
0.000266761
0.000290351
0.000303962
0.000301135
0.000273482
0.000210566
0.000100393
-6.96418e-05
-0.000311533
-0.000634578
-0.00104273
-0.001533
-0.00209292
-0.00270066
-0.00332869
-0.00394652
-0.00452702
-0.00505843
-0.00553308
-0.00599518
-0.00640352
-0.000442865
-0.000395653
-0.000353153
-0.00031494
-0.000280623
-0.000249838
-0.000222251
-0.000197557
-0.000175474
-0.000155746
-0.000138139
-0.000122438
-0.000108452
-9.60029e-05
-8.49325e-05
-7.50964e-05
-6.63645e-05
-5.86195e-05
-5.17555e-05
-4.5677e-05
-4.02979e-05
-3.55406e-05
-3.13432e-05
-2.76463e-05
-2.43888e-05
-2.15201e-05
-1.89985e-05
-1.67861e-05
-1.48492e-05
-1.31573e-05
-1.16829e-05
-1.04015e-05
-9.29168e-06
-8.33366e-06
-7.51137e-06
-6.80734e-06
-6.21131e-06
-5.70585e-06
-5.28423e-06
-4.9402e-06
-4.62987e-06
-4.44702e-06
-4.15335e-06
-4.19861e-06
-3.69004e-06
-4.07716e-06
-3.76357e-06
-3.57641e-06
-3.38536e-06
-3.15227e-06
-2.82928e-06
-2.38417e-06
-1.77129e-06
-9.39356e-07
1.76539e-07
1.65465e-06
3.58955e-06
6.09424e-06
9.30302e-06
1.33734e-05
1.84874e-05
2.48511e-05
3.26908e-05
4.22451e-05
5.37517e-05
6.74336e-05
8.34106e-05
0.000101751
0.000122358
0.000144847
0.000168464
0.000191922
0.000213218
0.000229442
0.000236597
0.000229297
0.000200633
0.000142188
4.44268e-05
-0.000102298
-0.000307012
-0.000576506
-0.000913318
-0.00131502
-0.00177161
-0.00226709
-0.00278118
-0.00329179
-0.0037797
-0.00423579
-0.00465418
-0.00506517
-0.00543355
-0.000346324
-0.000309427
-0.000276207
-0.000246334
-0.000219503
-0.00019543
-0.000173855
-0.000154539
-0.000137265
-0.00012183
-0.000108053
-9.57666e-05
-8.48201e-05
-7.5076e-05
-6.64098e-05
-5.8709e-05
-5.1872e-05
-4.58071e-05
-4.04316e-05
-3.56707e-05
-3.14573e-05
-2.77307e-05
-2.44421e-05
-2.15456e-05
-1.89932e-05
-1.67453e-05
-1.47691e-05
-1.30353e-05
-1.15172e-05
-1.01909e-05
-9.03489e-06
-8.03008e-06
-7.15959e-06
-6.40798e-06
-5.7624e-06
-5.20963e-06
-4.74074e-06
-4.34344e-06
-4.01054e-06
-3.73829e-06
-3.49631e-06
-3.33896e-06
-3.12722e-06
-3.11536e-06
-2.80123e-06
-2.9723e-06
-2.7771e-06
-2.6315e-06
-2.47651e-06
-2.28311e-06
-2.01899e-06
-1.65645e-06
-1.16051e-06
-4.90068e-07
4.05752e-07
1.58844e-06
3.13203e-06
5.12475e-06
7.67093e-06
1.08923e-05
1.49286e-05
1.99364e-05
2.60867e-05
3.35569e-05
4.25159e-05
5.30948e-05
6.54059e-05
7.94775e-05
9.51412e-05
0.000112054
0.000129556
0.000146572
0.000161467
0.000171864
0.000174482
0.00016501
0.000138194
8.73226e-05
5.11262e-06
-0.000115384
-0.000281059
-0.000496848
-0.00076441
-0.00108219
-0.00144272
-0.0018348
-0.00224421
-0.00265555
-0.00305529
-0.00343598
-0.00379272
-0.00414441
-0.00446297
-0.000248314
-0.000221864
-0.000198046
-0.000176626
-0.000157384
-0.000140118
-0.000124643
-0.000110786
-9.83926e-05
-8.73178e-05
-7.74313e-05
-6.8614e-05
-6.07576e-05
-5.37638e-05
-4.75434e-05
-4.20156e-05
-3.71077e-05
-3.27541e-05
-2.88952e-05
-2.54775e-05
-2.24527e-05
-1.97774e-05
-1.74166e-05
-1.53371e-05
-1.35045e-05
-1.18904e-05
-1.04712e-05
-9.22564e-06
-8.13473e-06
-7.18126e-06
-6.3498e-06
-5.62661e-06
-4.99962e-06
-4.45787e-06
-3.99208e-06
-3.59305e-06
-3.25406e-06
-2.96697e-06
-2.72583e-06
-2.52844e-06
-2.35493e-06
-2.23595e-06
-2.0915e-06
-2.0629e-06
-1.8741e-06
-1.93883e-06
-1.81937e-06
-1.71602e-06
-1.60212e-06
-1.45835e-06
-1.26343e-06
-9.97028e-07
-6.34172e-07
-1.4515e-07
5.06468e-07
1.36466e-06
2.48223e-06
3.92192e-06
5.75759e-06
8.07504e-06
1.09722e-05
1.45581e-05
1.89499e-05
2.42664e-05
3.06176e-05
3.8091e-05
4.67531e-05
5.65731e-05
6.74151e-05
7.89881e-05
9.07682e-05
0.000101917
0.000111179
0.000116747
0.000116238
0.000106455
8.36035e-05
4.2468e-05
-2.18806e-05
-0.00011429
-0.000239825
-0.000402065
-0.000602231
-0.000839503
-0.00110916
-0.00140434
-0.00171581
-0.00203333
-0.0023477
-0.00265345
-0.0029454
-0.00323335
-0.00349571
-0.000149149
-0.00013324
-0.000118913
-0.000106028
-9.44518e-05
-8.40643e-05
-7.47534e-05
-6.64162e-05
-5.89586e-05
-5.22945e-05
-4.63452e-05
-4.10391e-05
-3.63112e-05
-3.21022e-05
-2.83586e-05
-2.50317e-05
-2.20776e-05
-1.94578e-05
-1.71353e-05
-1.50783e-05
-1.32577e-05
-1.16473e-05
-1.02264e-05
-8.97409e-06
-7.87035e-06
-6.89793e-06
-6.04264e-06
-5.29168e-06
-4.63358e-06
-4.05801e-06
-3.5557e-06
-3.1184e-06
-2.73887e-06
-2.41053e-06
-2.1278e-06
-1.88521e-06
-1.67864e-06
-1.50341e-06
-1.35564e-06
-1.23435e-06
-1.12791e-06
-1.05267e-06
-9.65707e-07
-9.40992e-07
-8.38448e-07
-8.54797e-07
-7.89368e-07
-7.26611e-07
-6.55832e-07
-5.66373e-07
-4.46243e-07
-2.8324e-07
-6.23779e-08
2.34106e-07
6.27835e-07
1.14484e-06
1.81625e-06
2.67888e-06
3.77586e-06
5.15693e-06
6.87836e-06
9.00198e-06
1.1593e-05
1.47163e-05
1.84291e-05
2.27733e-05
2.77683e-05
3.33769e-05
3.94899e-05
4.5895e-05
5.22307e-05
5.7933e-05
6.21686e-05
6.37682e-05
6.11035e-05
5.21272e-05
3.40917e-05
4.48658e-06
-3.97175e-05
-0.000102529
-0.000186884
-0.000295149
-0.000428916
-0.000588517
-0.000771157
-0.000973462
-0.00119152
-0.0014198
-0.00165187
-0.00188298
-0.00210867
-0.00233113
-0.00253392
-4.96192e-05
-4.43022e-05
-3.95137e-05
-3.52063e-05
-3.13363e-05
-2.78631e-05
-2.47494e-05
-2.19609e-05
-1.94662e-05
-1.72365e-05
-1.52455e-05
-1.34694e-05
-1.18863e-05
-1.04765e-05
-9.22213e-06
-8.10679e-06
-7.11567e-06
-6.23776e-06
-5.45796e-06
-4.767e-06
-4.15523e-06
-3.61404e-06
-3.1362e-06
-2.71526e-06
-2.34451e-06
-2.01825e-06
-1.7317e-06
-1.4806e-06
-1.26111e-06
-1.06975e-06
-9.03394e-07
-7.59223e-07
-6.34755e-07
-5.27719e-07
-4.36183e-07
-3.58245e-07
-2.92447e-07
-2.37224e-07
-1.91057e-07
-1.53945e-07
-1.21376e-07
-9.97151e-08
-7.30226e-08
-6.85076e-08
-3.91026e-08
-4.26184e-08
-2.57371e-08
-8.30849e-09
1.20619e-08
3.82067e-08
7.3605e-08
1.22504e-07
1.89327e-07
2.79435e-07
3.99297e-07
5.56613e-07
7.60455e-07
1.02137e-06
1.35141e-06
1.7641e-06
2.27415e-06
2.89676e-06
3.64657e-06
4.53571e-06
5.57095e-06
6.75008e-06
8.05742e-06
9.45287e-06
1.08635e-05
1.21705e-05
1.31912e-05
1.36572e-05
1.31882e-05
1.12676e-05
7.21065e-06
1.27717e-07
-1.11571e-05
-2.77816e-05
-5.14747e-05
-8.39325e-05
-0.000126817
-0.000181865
-0.000250575
-0.000334088
-0.000433564
-0.000548758
-0.000677757
-0.000818443
-0.000968771
-0.0011252
-0.00128254
-0.00143681
-0.00157604
13.5838
13.5658
13.2283
13.108
11.2795
7.94799
2.88043
0.985605
0.0658759
-2.18451
-4.45386
-6.24579
-7.73361
-8.92496
-9.62816
-9.69097
-8.97949
13.5832
13.5653
13.2278
13.1074
11.2785
7.94659
2.87913
0.984798
0.0650638
-2.18567
-4.45478
-6.24663
-7.73438
-8.92565
-9.62871
-9.69136
-8.97973
13.5834
13.5655
13.2281
13.1074
11.2781
7.94584
2.8785
0.984655
0.0649046
-2.18559
-4.45509
-6.24683
-7.73449
-8.92568
-9.62862
-9.69109
-8.9793
13.583
13.5653
13.2278
13.1071
11.2775
7.9447
2.87736
0.984032
0.0643572
-2.18684
-4.45574
-6.24745
-7.73503
-8.92614
-9.62896
-9.69127
-8.97932
13.5831
13.5654
13.228
13.1071
11.2771
7.94394
2.87664
0.98382
0.0641772
-2.18641
-4.45612
-6.24768
-7.73517
-8.92621
-9.62892
-9.69105
-8.97893
13.5828
13.5652
13.2278
13.1069
11.2766
7.94287
2.8755
0.983197
0.0636788
-2.18795
-4.45672
-6.24829
-7.73569
-8.92666
-9.62926
-9.69121
-8.97892
13.5829
13.5653
13.228
13.1069
11.2762
7.94208
2.87466
0.982891
0.0634739
-2.1872
-4.45717
-6.24858
-7.73588
-8.92679
-9.62929
-9.69106
-8.97858
13.5825
13.5651
13.2278
13.1068
11.2758
7.94109
2.87352
0.982274
0.0630161
-2.189
-4.45774
-6.24919
-7.73638
-8.92722
-9.62961
-9.6912
-8.97854
13.5826
13.5652
13.2281
13.1069
11.2755
7.94028
2.87257
0.981872
0.0627929
-2.18796
-4.45823
-6.24952
-7.7366
-8.9274
-9.62971
-9.69112
-8.97827
13.5823
13.565
13.2278
13.1068
11.2751
7.93935
2.87142
0.981261
0.0623713
-2.18997
-4.4588
-6.25012
-7.73708
-8.92782
-9.63003
-9.69124
-8.97819
13.5823
13.5651
13.2281
13.1069
11.2748
7.93852
2.87036
0.980767
0.0621323
-2.18872
-4.45931
-6.25049
-7.73735
-8.92806
-9.63019
-9.69123
-8.97798
13.582
13.5649
13.228
13.107
11.2745
7.93766
2.8692
0.980154
0.0617456
-2.19086
-4.45989
-6.2511
-7.73781
-8.92847
-9.6305
-9.69133
-8.97787
13.5819
13.5649
13.2282
13.1071
11.2743
7.93683
2.86805
0.97958
0.061491
-2.18949
-4.46042
-6.25151
-7.73812
-8.92876
-9.63073
-9.69138
-8.97771
13.5817
13.5648
13.2281
13.1072
11.2741
7.93602
2.86687
0.978958
0.0611036
-2.19165
-4.4611
-6.25215
-7.73862
-8.92923
-9.6311
-9.69158
-8.97781
13.5825
13.5661
13.2325
13.1147
11.2878
7.95557
2.88062
0.98466
0.0724119
-2.16228
-4.44304
-6.23495
-7.72156
-8.91474
-9.62393
-9.70027
-9.01481
13.5745
13.5623
13.2349
13.1275
11.2944
7.94584
2.85464
0.970452
0.070265
-2.17776
-4.45037
-6.24137
-7.7253
-8.91777
-9.62605
-9.70098
-9.01465
13.5642
13.5597
13.2474
13.1522
11.3112
7.93988
2.8214
0.95123
0.0661014
-2.17324
-4.45725
-6.24763
-7.72893
-8.92104
-9.62845
-9.70185
-9.01448
13.5503
13.5552
13.26
13.1863
11.3379
7.93766
2.78102
0.927056
0.0678241
-2.17301
-4.46629
-6.25541
-7.73307
-8.92481
-9.6313
-9.70292
-9.01437
13.5328
13.55
13.2793
13.232
11.3748
7.93918
2.73333
0.897005
0.0635459
-2.17188
-4.47508
-6.26388
-7.7375
-8.92899
-9.63452
-9.70419
-9.01433
13.5114
13.5434
13.3019
13.2882
11.422
7.94443
2.67872
0.864782
0.0689725
-2.16428
-4.48523
-6.27333
-7.74226
-8.93363
-9.63816
-9.70566
-9.01435
13.4859
13.5355
13.329
13.356
11.4796
7.95292
2.61289
0.819808
0.0647184
-2.16189
-4.49709
-6.28374
-7.74734
-8.93869
-9.64219
-9.70732
-9.01443
13.4513
13.5244
13.3653
13.4473
11.5514
7.94597
2.50136
0.756494
0.0676384
-2.16015
-4.53667
-6.32521
-7.77771
-8.96874
-9.66426
-9.707
-8.9794
13.4089
13.5105
13.4156
13.5833
11.6743
7.96011
2.31634
0.616371
0.057462
-2.14179
-4.58761
-6.37371
-7.80062
-8.99974
-9.69863
-9.72919
-8.98537
13.3587
13.4897
13.4742
13.751
11.8423
8.02666
2.19548
0.540679
0.100549
-2.08205
-4.61404
-6.4144
-7.82344
-9.03862
-9.74484
-9.75826
-8.99696
13.302
13.4738
13.5417
13.9372
12.0079
8.03028
1.89699
0.319802
0.0885742
-2.03599
-4.69518
-6.50041
-7.85817
-9.08845
-9.80331
-9.80814
-9.01191
13.2291
13.4353
13.6155
14.1677
12.2468
8.14696
1.77668
0.240674
0.162068
-1.94193
-4.72933
-6.53782
-7.87699
-9.13817
-9.87104
-9.8418
-9.03312
13.158
13.4215
13.7022
14.4086
12.4576
8.1372
1.34432
-0.0769821
0.139394
-1.85244
-4.84021
-6.68353
-7.92471
-9.21154
-9.95961
-9.93127
-9.05816
13.0569
13.3511
13.7872
14.717
12.7849
8.30414
1.20611
-0.159686
0.269144
-1.71695
-4.89682
-6.70611
-7.92865
-9.27012
-10.0473
-9.96206
-9.08593
12.9609
13.3517
13.9019
15.0075
13.0203
8.289
0.662788
-0.584208
0.204421
-1.55837
-5.03082
-6.92735
-8.00815
-9.36707
-10.1701
-10.0991
-9.12712
12.8312
13.2241
13.9836
15.4358
13.5078
8.49967
0.414136
-0.701453
0.437513
-1.38458
-5.13529
-6.95066
-7.92132
-9.43647
-10.2805
-10.1237
-9.15498
12.6945
13.2575
14.1342
15.7391
13.6957
8.50001
-0.107811
-1.18193
0.297769
-1.1272
-5.26955
-7.22179
-8.15505
-9.55137
-10.4384
-10.2995
-7.85363
12.5285
13.0498
14.2361
16.6405
45.5145
98.3203
166.275
243.72
325.326
403.87
475.909
540.389
594.152
636.056
666.744
685.824
692.866
577.309
512.956
436.349
348.157
269.124
204.146
152.252
113.336
85.7274
65.3758
50.6983
40.5674
31.9106
25.4077
20.9186
17.9646
15.4566
-0.118962
-0.0244115
-0.0480224
-0.0427025
0.0675128
0.0611592
0.039975
0.147542
-0.188083
-1.24966
-0.829509
0.897216
1.16012
0.617775
0.402426
0.304533
0.285733
0.0296522
0.0472363
-0.0133429
-0.0368242
0.034304
0.0221076
-0.0293242
0.0229689
-0.304791
-1.35334
-0.893427
0.651236
0.75427
0.477995
0.332183
0.242954
0.257958
-0.0621478
-0.00754113
-0.0318764
-0.0326395
0.0434209
0.0367491
0.0122262
0.069396
-0.252456
-1.20414
-0.762342
0.779077
0.912467
0.569957
0.382576
0.287368
0.268804
-0.00215172
0.0235519
-0.020201
-0.029543
0.030926
0.0174757
-0.0312234
0.0038793
-0.271457
-1.14567
-0.762248
0.530009
0.659999
0.458499
0.330949
0.252245
0.245405
-0.0356767
-0.00028369
-0.0240541
-0.0271623
0.0279281
0.0204446
-0.0131603
0.00328619
-0.260369
-0.97162
-0.590478
0.587308
0.725752
0.522801
0.359737
0.274693
0.249787
-0.0148515
0.00964964
-0.0213163
-0.0249846
0.0227007
0.00999504
-0.0339683
-0.0132739
-0.24789
-0.945159
-0.605488
0.480189
0.560664
0.432871
0.324435
0.253644
0.236143
-0.0229369
0.000985256
-0.02128
-0.0232831
0.0185787
0.00820093
-0.0304926
-0.0272877
-0.240063
-0.777022
-0.486141
0.469103
0.590033
0.476078
0.336536
0.263539
0.233625
-0.0166359
0.00213679
-0.0202272
-0.0218876
0.0144678
0.00233924
-0.0386432
-0.0388365
-0.234429
-0.78126
-0.453638
0.410437
0.476219
0.405048
0.312993
0.250609
0.225576
-0.0197612
-0.000861858
-0.0198045
-0.0207638
0.0108282
-0.00120251
-0.0407509
-0.0464321
-0.220551
-0.631115
-0.389715
0.385475
0.485819
0.43025
0.31463
0.252846
0.220275
-0.0171521
-0.00193918
-0.0191685
-0.0200313
0.00729049
-0.00454222
-0.0433253
-0.0560105
-0.217876
-0.64457
-0.348345
0.344623
0.406797
0.376639
0.29815
0.243927
0.214364
-0.017759
-0.00368703
-0.0187289
-0.0192167
0.0043173
-0.00781791
-0.0452508
-0.0589701
-0.201507
-0.516379
-0.30618
0.320597
0.404868
0.386477
0.293802
0.241713
0.208611
-0.0169361
-0.00492212
-0.0183492
-0.0188933
0.00148246
-0.0114197
-0.0482986
-0.0666877
-0.199561
-0.529486
-0.271883
0.288958
0.349448
0.348599
0.281676
0.235066
0.203034
-0.0166078
-0.00606696
-0.0180283
-0.0183296
-0.000942463
-0.0138445
-0.0489739
-0.0666487
-0.183214
-0.426185
-0.239255
0.268366
0.341089
0.346084
0.274059
0.230319
0.197533
-0.0161899
-0.00707457
-0.0177633
-0.0182246
-0.00372044
-0.0170152
-0.0512963
-0.0725011
-0.180812
-0.431943
-0.212472
0.243252
0.301948
0.320963
0.264462
0.22476
0.192183
-0.0158132
-0.00797028
-0.0175332
-0.0179048
-0.00563746
-0.0187614
-0.0510529
-0.0707032
-0.165915
-0.355067
-0.186758
0.225883
0.290423
0.310117
0.25564
0.219136
0.186933
-0.0154822
-0.00876663
-0.0173384
-0.0178691
-0.00798304
-0.0214553
-0.0529048
-0.0746274
-0.16258
-0.349522
-0.165833
0.2059
0.262511
0.293259
0.24685
0.213398
0.181796
-0.0151896
-0.00947103
-0.0171757
-0.0177562
-0.00956568
-0.0226627
-0.0518853
-0.0720338
-0.149892
-0.297693
-0.145536
0.19121
0.249912
0.279275
0.238307
0.207575
0.176762
-0.0149302
-0.0100929
-0.0170385
-0.0177276
-0.0113997
-0.0248112
-0.0532789
-0.0741034
-0.145526
-0.281827
-0.129007
0.175318
0.229659
0.265422
0.229954
0.201706
0.171825
-0.0146994
-0.0106391
-0.0169233
-0.0177027
-0.0127915
-0.0256528
-0.0519244
-0.0713657
-0.13527
-0.248473
-0.113006
0.162876
0.217285
0.252265
0.221802
0.195821
0.166975
-0.0144934
-0.0111163
-0.0168253
-0.0176996
-0.0141413
-0.027186
-0.0525182
-0.071775
-0.129924
-0.228626
-0.0997754
0.150202
0.202142
0.239718
0.213834
0.189949
0.162206
-0.0143083
-0.0115305
-0.01674
-0.0177066
-0.0152892
-0.0278384
-0.0512554
-0.0692403
-0.121642
-0.205198
-0.0871786
0.139679
0.190795
0.227777
0.206079
0.184115
0.157512
-0.0141399
-0.0118879
-0.0166631
-0.0177206
-0.0163
-0.0287553
-0.051003
-0.068341
-0.115727
-0.186882
-0.0765557
0.129506
0.178968
0.216432
0.198529
0.178339
0.15289
-0.0139866
-0.0121946
-0.01659
-0.0177338
-0.0171788
-0.0292679
-0.0499316
-0.0661223
-0.108857
-0.168498
-0.0665906
0.120654
0.168995
0.205674
0.191196
0.172638
0.148339
-0.0138463
-0.0124546
-0.0165184
-0.0177431
-0.0179329
-0.0297049
-0.0490733
-0.0644494
-0.102908
-0.152923
-0.05804
0.112342
0.159338
0.195494
0.184078
0.167025
0.143859
-0.0137165
-0.0126722
-0.0164453
-0.0177454
-0.0185728
-0.0299637
-0.0479595
-0.0623983
-0.096898
-0.138085
-0.0501043
0.104925
0.150748
0.185847
0.17718
0.161507
0.139449
-0.0135947
-0.0128509
-0.0163687
-0.0177378
-0.019106
-0.030101
-0.046821
-0.0603938
-0.0913519
-0.125047
-0.0432136
0.0980486
0.142656
0.176723
0.170499
0.156091
0.135112
-0.0134791
-0.0129944
-0.0162869
-0.0177185
-0.0195411
-0.0301179
-0.0456194
-0.0582992
-0.0859734
-0.112957
-0.0368646
0.0918161
0.135266
0.168098
0.164033
0.150785
0.130847
-0.0133677
-0.0131058
-0.0161983
-0.0176861
-0.0198853
-0.0300299
-0.0443773
-0.0562056
-0.0809125
-0.102131
-0.0313084
0.0860513
0.128311
0.159955
0.157779
0.145594
0.126657
-0.0132588
-0.0131883
-0.0161019
-0.0176399
-0.0201456
-0.0298492
-0.0431044
-0.0540998
-0.0760681
-0.0922221
-0.0262159
0.0807563
0.121973
0.152273
0.151731
0.140521
0.122543
-0.0131512
-0.0132442
-0.0159966
-0.0175795
-0.0203289
-0.0295875
-0.0418088
-0.052008
-0.0714848
-0.0832775
-0.021752
0.0757712
0.116165
0.145028
0.145886
0.135571
0.118506
-0.0130433
-0.0132758
-0.0158822
-0.0175048
-0.0204414
-0.0292549
-0.0404992
-0.0499368
-0.0671157
-0.0751305
-0.0176901
0.0712459
0.11068
0.138195
0.140237
0.130743
0.114546
-0.0129339
-0.0132854
-0.0157584
-0.0174157
-0.0204893
-0.0288609
-0.0391848
-0.0478953
-0.0629726
-0.0677541
-0.0140663
0.0671257
0.105505
0.131746
0.134779
0.12604
0.110665
-0.012822
-0.0132748
-0.0156253
-0.0173124
-0.020478
-0.0284136
-0.037875
-0.0458871
-0.0590381
-0.061053
-0.0108118
0.0633571
0.100626
0.125661
0.129506
0.121461
0.106864
-0.0127068
-0.0132459
-0.0154829
-0.017195
-0.0204132
-0.0279206
-0.0365777
-0.0439156
-0.0553054
-0.054977
-0.00790705
0.0598949
0.0960274
0.119913
0.124411
0.117008
0.103144
-0.0125878
-0.0131998
-0.0153315
-0.0170637
-0.0203
-0.0273887
-0.0352996
-0.0419837
-0.0517653
-0.0494676
-0.00531923
0.0567104
0.0916891
0.114474
0.119491
0.112679
0.0995053
-0.0124644
-0.0131378
-0.0151715
-0.0169185
-0.0201434
-0.026824
-0.0340447
-0.0400952
-0.0484098
-0.0444734
-0.00302275
0.0537795
0.0875915
0.109325
0.114742
0.108474
0.0959484
-0.0123366
-0.0130609
-0.0150034
-0.0167596
-0.0199483
-0.0262322
-0.0328148
-0.0382544
-0.0452314
-0.0399469
-0.000986812
0.0510848
0.083712
0.104443
0.110163
0.104391
0.0924744
-0.0122042
-0.0129697
-0.0148276
-0.016587
-0.0197192
-0.0256182
-0.0316101
-0.0364664
-0.0422231
-0.0358457
0.000807135
0.0486126
0.0800284
0.0998104
0.105749
0.100429
0.0890837
-0.0120668
-0.0128651
-0.0146445
-0.0164007
-0.0194601
-0.0249865
-0.0304306
-0.0347347
-0.0393784
-0.0321305
0.00237332
0.0463413
0.0765281
0.0954095
0.101497
0.0965862
0.0857762
-0.0119247
-0.0127478
-0.0144545
-0.016201
-0.0191751
-0.0243413
-0.0292769
-0.0330618
-0.036691
-0.0287656
0.00373542
0.0442483
0.0732036
0.0912252
0.0974028
0.0928614
0.0825522
-0.0117788
-0.0126196
-0.014259
-0.0159893
-0.0188678
-0.0236867
-0.0281503
-0.0314489
-0.0341552
-0.0257184
0.00491115
0.0423139
0.0700442
0.0872442
0.0934608
0.0892508
0.0794113
-0.0116285
-0.012481
-0.014058
-0.015766
-0.0185411
-0.0230258
-0.0270512
-0.0298961
-0.0317649
-0.0229596
0.00591737
0.0405208
0.067039
0.0834534
0.0896644
0.0857531
0.0763537
-0.0114703
-0.0123289
-0.0138478
-0.0155287
-0.0181949
-0.0223593
-0.0259789
-0.0284024
-0.0295141
-0.0204632
0.00677073
0.038855
0.0641786
0.0798419
0.0860105
0.0823675
0.0733808
-0.0113021
-0.0121615
-0.0136262
-0.0152759
-0.0178296
-0.0216883
-0.0249325
-0.0269668
-0.0273992
-0.0182147
0.00748664
0.0373009
0.0614529
0.0764006
0.0824951
0.0790934
0.0704952
-0.0107966
-0.0116448
-0.0129598
-0.0145048
-0.0167204
-0.0197245
-0.0219481
-0.0229296
-0.0215794
-0.0122659
0.00923643
0.0330529
0.0538099
0.0667337
0.0725069
0.0697357
0.0622131
-0.00992203
-0.0106967
-0.0118063
-0.013101
-0.0147878
-0.0167172
-0.017806
-0.0176622
-0.0147953
-0.00618982
0.0102133
0.0277831
0.0438722
0.0539271
0.0588074
0.0565927
0.0504507
-0.00896629
-0.00964283
-0.0105776
-0.0115989
-0.0128285
-0.013953
-0.014299
-0.0134216
-0.00997236
-0.00248723
0.010034
0.0232268
0.0356028
0.0434045
0.0473613
0.0454892
0.0403183
-0.00796671
-0.00854013
-0.00931386
-0.0100801
-0.010944
-0.011501
-0.0113917
-0.0100856
-0.00663744
-0.000314858
0.00924955
0.019243
0.0286654
0.0346445
0.0377417
0.0360518
0.031762
-0.00693688
-0.00741024
-0.00803769
-0.00858266
-0.00916517
-0.00934863
-0.00898758
-0.00751252
-0.00438632
0.000797213
0.00807668
0.0156446
0.022739
0.0272786
0.0296102
0.0281355
0.0245344
-0.00589131
-0.00627162
-0.00676498
-0.00713525
-0.00750326
-0.00746966
-0.00699157
-0.00555807
-0.00290442
0.00120799
0.00667086
0.0123278
0.0175701
0.0209537
0.0226431
0.0214016
0.0184328
-0.0048395
-0.00513538
-0.0055077
-0.00574584
-0.00595976
-0.00581779
-0.00532512
-0.0040815
-0.00196735
0.00115445
0.00512922
0.00923263
0.012983
0.0154244
0.016594
0.0156086
0.013267
-0.00378925
-0.00400915
-0.00427294
-0.00441349
-0.00452112
-0.00434696
-0.00391731
-0.00295024
-0.00140534
0.000798092
0.00351022
0.0063033
0.00882356
0.0104719
0.011231
0.0105207
0.00882751
-0.0027452
-0.00289633
-0.0030621
-0.00312992
-0.00316515
-0.00300788
-0.00269355
-0.0020524
-0.00108973
0.000249739
0.00185757
0.00349969
0.0049643
0.00592563
0.00635684
0.00593228
0.00490852
-0.00170381
-0.00178875
-0.00186183
-0.0018713
-0.00185559
-0.00174819
-0.00158256
-0.0012969
-0.0009083
-0.000402155
0.000166233
0.00074029
0.00124001
0.00157022
0.00171813
0.00158682
0.00125235
-7.79041
-7.5195
-8.26395
-9.19102
-9.39717
-8.55997
-7.06869
-5.89353
-5.6298
-6.16968
-7.06244
-8.45927
-11.1852
-13.8074
-10.9489
-2.66199
2.41849
3.59962
3.57108
3.08917
2.52321
2.01553
1.60134
1.27826
1.03016
0.839901
0.692903
0.577884
0.486495
0.412711
0.352216
0.301924
0.259606
0.223628
0.192775
0.166117
0.142935
0.122649
0.104793
0.0889765
0.0748652
0.0621698
0.0506604
0.040119
0.0302828
0.0210024
0.0121092
0.00338284
-0.00527343
-0.0140035
-0.0229812
-0.0323998
-0.042417
-0.0532475
-0.0651469
-0.0783978
-0.0933561
-0.110482
-0.130388
-0.15391
-0.182227
-0.217023
-0.260737
-0.316775
-0.38986
-0.486373
-0.614398
-0.783151
-1.00095
-1.2701
-1.57455
-1.89775
-2.02263
-2.30517
-0.886741
-1.12558
4.33811
5.00673
16.2511
18.672
29.572
30.8202
29.4413
24.3798
14.4371
10.9676
8.64483
-4.90416
-7.79085
-7.51993
-8.2644
-9.19148
-9.3977
-8.56043
-7.06912
-5.89394
-5.63022
-6.17018
-7.0629
-8.4597
-11.1856
-13.808
-10.9495
-2.66236
2.41817
3.59925
3.5705
3.08871
2.52276
2.01508
1.60089
1.27781
1.02971
0.839448
0.692448
0.577426
0.486035
0.412249
0.351752
0.301459
0.25914
0.22316
0.192306
0.165646
0.142462
0.122174
0.104316
0.0884971
0.0743845
0.0616883
0.0501785
0.039637
0.0298007
0.0205203
0.011627
0.00290065
-0.00575557
-0.0144856
-0.0234633
-0.0328818
-0.0428985
-0.0537283
-0.0656263
-0.0788751
-0.0938312
-0.110955
-0.130859
-0.15438
-0.182695
-0.217489
-0.261199
-0.317235
-0.390318
-0.486827
-0.61485
-0.783601
-1.0014
-1.27056
-1.57501
-1.89822
-2.02318
-2.30579
-0.887178
-1.12602
4.33768
5.00628
16.2507
18.6716
29.5716
30.8197
29.441
24.3795
14.4366
10.9672
8.64475
-4.905
-7.7906
-7.51969
-8.26418
-9.19129
-9.39742
-8.56023
-7.06893
-5.89374
-5.62998
-6.16982
-7.06262
-8.45947
-11.1855
-13.8078
-10.9494
-2.66219
2.41842
3.59945
3.57104
3.08895
2.52298
2.01529
1.6011
1.27802
1.02993
0.839668
0.692673
0.577656
0.48627
0.412488
0.351996
0.301705
0.259388
0.223411
0.19256
0.165904
0.142723
0.12244
0.104586
0.0887719
0.0746619
0.0619673
0.0504583
0.0399169
0.0300807
0.0208004
0.0119073
0.00318092
-0.00547537
-0.0142054
-0.0231832
-0.0326019
-0.0426197
-0.0534511
-0.065352
-0.0786051
-0.0935658
-0.110694
-0.130601
-0.154126
-0.182445
-0.217242
-0.260958
-0.316998
-0.390084
-0.486599
-0.614625
-0.783378
-1.00118
-1.27033
-1.57478
-1.89797
-2.02281
-2.30528
-0.887078
-1.12595
4.33778
5.00633
16.2509
18.6717
29.572
30.8203
29.4412
24.3797
14.4367
10.9673
8.64557
-4.90457
-7.79078
-7.51984
-8.26436
-9.19153
-9.39781
-8.56048
-7.06908
-5.89383
-5.63013
-6.17018
-7.06286
-8.45961
-11.1857
-13.8085
-10.9498
-2.66221
2.41854
3.59945
3.57041
3.08872
2.52277
2.01508
1.60089
1.27781
1.02971
0.839448
0.692447
0.577424
0.486033
0.412245
0.351748
0.301453
0.259133
0.223152
0.192296
0.165635
0.142449
0.12216
0.104299
0.0884781
0.0743641
0.0616672
0.0501569
0.0396153
0.029779
0.0204986
0.0116053
0.00287892
-0.00577726
-0.0145072
-0.0234848
-0.0329032
-0.0429194
-0.0537484
-0.0656448
-0.0788913
-0.0938451
-0.110967
-0.130869
-0.154388
-0.1827
-0.217492
-0.261201
-0.317235
-0.390315
-0.486822
-0.614842
-0.783591
-1.00139
-1.27055
-1.57501
-1.89823
-2.02327
-2.30597
-0.887269
-1.12616
4.33759
5.00609
16.2507
18.6716
29.5719
30.8203
29.4413
24.3797
14.4365
10.9671
8.64646
-4.90431
-7.79054
-7.5196
-8.26417
-9.19138
-9.39755
-8.56034
-7.06894
-5.89365
-5.62986
-6.16973
-7.06257
-8.45939
-11.1857
-13.8083
-10.95
-2.66205
2.41887
3.59966
3.57126
3.08896
2.52295
2.01525
1.60107
1.27799
1.0299
0.839644
0.692652
0.577638
0.486254
0.412474
0.351983
0.301694
0.259379
0.223403
0.192553
0.165898
0.142719
0.122438
0.104587
0.088775
0.0746666
0.0619728
0.0504644
0.0399231
0.0300869
0.0208068
0.0119137
0.00318735
-0.00546895
-0.014199
-0.0231768
-0.0325956
-0.0426139
-0.0534461
-0.0653486
-0.078604
-0.0935668
-0.110697
-0.130606
-0.154132
-0.182452
-0.21725
-0.260967
-0.317008
-0.390095
-0.48661
-0.614636
-0.78339
-1.00119
-1.27035
-1.5748
-1.898
-2.02283
-2.30522
-0.88727
-1.12619
4.33757
5.00597
16.2508
18.6717
29.5724
30.8211
29.4417
24.3799
14.4364
10.9671
8.64789
-4.90346
-7.79065
-7.51966
-8.26429
-9.19163
-9.39797
-8.56056
-7.06903
-5.89367
-5.62997
-6.1701
-7.06276
-8.45945
-11.1858
-13.8092
-10.9505
-2.66197
2.41917
3.59978
3.5704
3.08876
2.52278
2.01509
1.60089
1.27782
1.02972
0.839455
0.692455
0.577432
0.486041
0.412253
0.351755
0.30146
0.259139
0.223157
0.192301
0.165639
0.142451
0.12216
0.104298
0.0884742
0.0743586
0.0616608
0.0501501
0.0396084
0.0297721
0.0204916
0.0115983
0.002872
-0.00578412
-0.014514
-0.0234916
-0.0329097
-0.0429253
-0.0537533
-0.0656479
-0.0788921
-0.0938435
-0.110963
-0.130864
-0.154381
-0.182692
-0.217482
-0.26119
-0.317221
-0.390298
-0.486802
-0.61482
-0.783567
-1.00137
-1.27053
-1.575
-1.89824
-2.02336
-2.30618
-0.887461
-1.12642
4.33739
5.0057
16.2507
18.6717
29.5725
30.8213
29.4419
24.3801
14.4362
10.967
8.64954
-4.90246
-7.79043
-7.51945
-8.26413
-9.1915
-9.39778
-8.5605
-7.06893
-5.89348
-5.62965
-6.16963
-7.06249
-8.45925
-11.1858
-13.8092
-10.9509
-2.6618
2.41961
3.60004
3.57151
3.08897
2.52292
2.01522
1.60103
1.27796
1.02987
0.839621
0.692632
0.577622
0.48624
0.412462
0.351973
0.301685
0.259371
0.223396
0.192547
0.165893
0.142715
0.122436
0.104587
0.0887776
0.0746711
0.0619784
0.0504706
0.0399295
0.0300934
0.0208133
0.0119204
0.00319405
-0.00546225
-0.0141923
-0.0231701
-0.0325891
-0.0426079
-0.0534411
-0.0653454
-0.078603
-0.093568
-0.110699
-0.130609
-0.154136
-0.182456
-0.217255
-0.260972
-0.317014
-0.390101
-0.486615
-0.61464
-0.783392
-1.00119
-1.27035
-1.57481
-1.89803
-2.02289
-2.3052
-0.887538
-1.12654
4.33728
5.00546
16.2508
18.6718
29.5731
30.8222
29.4423
24.3803
14.436
10.9669
8.65158
-4.90109
-7.79046
-7.51942
-8.26421
-9.19178
-9.39819
-8.56069
-7.06898
-5.89344
-5.62976
-6.16997
-7.06262
-8.45924
-11.186
-13.8103
-10.9515
-2.66164
2.42006
3.60023
3.57046
3.08881
2.52278
2.01508
1.60088
1.27781
1.02971
0.839455
0.692456
0.577435
0.486044
0.412257
0.351759
0.301464
0.259143
0.223161
0.192304
0.165642
0.142453
0.122162
0.104297
0.0884715
0.0743538
0.0616551
0.0501437
0.039602
0.0297657
0.0204852
0.0115919
0.00286557
-0.00579047
-0.0145203
-0.0234977
-0.0329156
-0.0429304
-0.0537574
-0.0656499
-0.0788916
-0.0938415
-0.11096
-0.13086
-0.154376
-0.182686
-0.217474
-0.261179
-0.317208
-0.390282
-0.486783
-0.614797
-0.783542
-1.00134
-1.2705
-1.57499
-1.89825
-2.02346
-2.30641
-0.887758
-1.12681
4.33707
5.00511
16.2507
18.6718
29.5734
30.8228
29.4427
24.3806
14.4357
10.9668
8.65394
-4.89945
-7.79027
-7.51923
-8.26406
-9.19166
-9.39809
-8.56069
-7.0689
-5.89324
-5.62937
-6.1695
-7.06237
-8.45905
-11.1861
-13.8105
-10.9521
-2.66144
2.42062
3.60055
3.57179
3.08899
2.5229
2.01518
1.60099
1.27792
1.02984
0.839597
0.692613
0.577606
0.486227
0.412451
0.351963
0.301677
0.259364
0.22339
0.192542
0.165889
0.142712
0.122434
0.104585
0.0887784
0.0746743
0.0619828
0.0504758
0.0399351
0.0300991
0.0208191
0.0119262
0.00319998
-0.00545632
-0.0141864
-0.0231641
-0.0325833
-0.0426029
-0.0534371
-0.0653436
-0.0786033
-0.0935686
-0.1107
-0.130611
-0.154138
-0.182458
-0.217258
-0.260975
-0.317016
-0.390101
-0.486614
-0.614637
-0.783387
-1.00119
-1.27035
-1.57483
-1.89807
-2.023
-2.30523
-0.887892
-1.127
4.3369
5.00477
16.2507
18.6719
29.574
30.8238
29.4432
24.3809
14.4354
10.9666
8.65664
-4.89748
-7.79023
-7.51913
-8.26412
-9.19198
-9.39849
-8.56087
-7.06893
-5.89316
-5.62947
-6.16979
-7.06244
-8.45898
-11.1863
-13.8116
-10.9528
-2.66123
2.42122
3.60082
3.57059
3.08887
2.52278
2.01505
1.60086
1.27779
1.0297
0.839448
0.692453
0.577434
0.486045
0.412258
0.351761
0.301466
0.259145
0.223162
0.192305
0.165643
0.142455
0.122163
0.104298
0.0884708
0.0743506
0.0616507
0.0501385
0.0395965
0.0297602
0.0204798
0.0115865
0.00286018
-0.00579577
-0.0145255
-0.0235029
-0.0329203
-0.0429342
-0.0537598
-0.0656498
-0.0788903
-0.0938396
-0.110958
-0.130856
-0.154371
-0.182679
-0.217466
-0.261169
-0.317195
-0.390266
-0.486764
-0.614774
-0.783515
-1.00131
-1.27048
-1.57498
-1.89828
-2.02357
-2.30666
-0.888153
-1.12733
4.33665
5.00434
16.2507
18.6719
29.5745
30.8247
29.4437
24.3812
14.4351
10.9665
8.65968
-4.89523
-7.79006
-7.51893
-8.26397
-9.19186
-9.39848
-8.56092
-7.06885
-5.89292
-5.62901
-6.16933
-7.06222
-8.45877
-11.1864
-13.8121
-10.9536
-2.66098
2.42192
3.60121
3.57201
3.08903
2.52287
2.01513
1.60095
1.27789
1.02981
0.839573
0.692593
0.57759
0.486214
0.41244
0.351954
0.301669
0.259358
0.223385
0.192538
0.165886
0.142709
0.122431
0.104583
0.0887764
0.0746754
0.0619855
0.0504796
0.0399393
0.0301034
0.0208235
0.0119309
0.00320465
-0.00545163
-0.0141817
-0.0231593
-0.0325789
-0.0425993
-0.0534348
-0.0653438
-0.0786033
-0.0935688
-0.110701
-0.130611
-0.154138
-0.182459
-0.217258
-0.260975
-0.317014
-0.390098
-0.486608
-0.614628
-0.783376
-1.00118
-1.27035
-1.57485
-1.89812
-2.02314
-2.30531
-0.888336
-1.12758
4.33641
5.0039
16.2507
18.672
29.5752
30.8259
29.4444
24.3816
14.4347
10.9663
8.66306
-4.89267
-7.78996
-7.51878
-8.26401
-9.19222
-9.39886
-8.56111
-7.06887
-5.89281
-5.62911
-6.16956
-7.06223
-8.45866
-11.1866
-13.8133
-10.9544
-2.66072
2.42265
3.60154
3.57088
3.08894
2.52277
2.01502
1.60083
1.27777
1.02968
0.839435
0.692445
0.577429
0.486042
0.412257
0.351761
0.301466
0.259145
0.223163
0.192306
0.165644
0.142455
0.122163
0.104298
0.0884714
0.0743495
0.061648
0.0501347
0.0395924
0.0297562
0.0204757
0.0115824
0.0028562
-0.00579966
-0.0145292
-0.0235065
-0.0329234
-0.0429362
-0.0537602
-0.0656484
-0.0788888
-0.0938377
-0.110955
-0.130852
-0.154366
-0.182674
-0.217458
-0.261159
-0.317183
-0.390251
-0.486744
-0.61475
-0.783487
-1.00128
-1.27046
-1.57498
-1.89831
-2.0237
-2.30694
-0.888643
-1.12796
4.33611
5.00338
16.2507
18.6721
29.5759
30.8271
29.445
24.382
14.4343
10.9661
8.66677
-4.8898
-7.78979
-7.51856
-8.26385
-9.19212
-9.39893
-8.56119
-7.06879
-5.89254
-5.62859
-6.16913
-7.06202
-8.45843
-11.1867
-13.814
-10.9554
-2.66042
2.42348
3.602
3.57226
3.08908
2.52284
2.01508
1.6009
1.27784
1.02978
0.839546
0.692573
0.577573
0.486201
0.41243
0.351946
0.301662
0.259352
0.22338
0.192533
0.165882
0.142706
0.122429
0.104581
0.0887742
0.074674
0.061986
0.0504816
0.039942
0.0301062
0.0208264
0.0119339
0.00320781
-0.00544845
-0.0141784
-0.023156
-0.0325762
-0.0425976
-0.0534346
-0.0653439
-0.0786033
-0.0935687
-0.110701
-0.130611
-0.154138
-0.182459
-0.217257
-0.260972
-0.31701
-0.390092
-0.486598
-0.614614
-0.783359
-1.00116
-1.27034
-1.57486
-1.89818
-2.02332
-2.30544
-0.888873
-1.12828
4.33582
5.00285
16.2507
18.6721
29.5767
30.8284
29.4458
24.3825
14.4338
10.9659
8.67083
-4.88664
-7.78965
-7.51837
-8.26388
-9.19251
-9.39932
-8.5614
-7.06881
-5.8924
-5.62867
-6.16931
-7.06199
-8.45828
-11.187
-13.8153
-10.9564
-2.66011
2.42435
3.60241
3.57124
3.08901
2.52275
2.01498
1.60079
1.27773
1.02966
0.839417
0.692432
0.577421
0.486037
0.412254
0.351759
0.301465
0.259145
0.223163
0.192306
0.165644
0.142455
0.122163
0.104298
0.088472
0.0743509
0.0616474
0.0501327
0.0395898
0.0297536
0.0204732
0.01158
0.00285377
-0.00580198
-0.0145314
-0.0235086
-0.0329246
-0.0429361
-0.0537581
-0.0656468
-0.078887
-0.0938355
-0.110952
-0.130849
-0.154362
-0.182668
-0.217451
-0.26115
-0.31717
-0.390234
-0.486724
-0.614725
-0.783457
-1.00125
-1.27043
-1.57498
-1.89835
-2.02387
-2.30722
-0.889227
-1.12872
4.33548
5.00224
16.2506
18.6722
29.5776
30.8298
29.4466
24.3829
14.4333
10.9656
8.67522
-4.88317
-7.78937
-7.51799
-8.26364
-9.19238
-9.39951
-8.56156
-7.06867
-5.89193
-5.62781
-6.16868
-7.06166
-8.45791
-11.1872
-13.8167
-10.958
-2.65959
2.4258
3.6032
3.57321
3.08921
2.52285
2.01505
1.60087
1.27783
1.02978
0.839569
0.69261
0.577624
0.486263
0.412501
0.352026
0.30175
0.259446
0.223481
0.192641
0.165996
0.142827
0.122558
0.104719
0.0889217
0.0748313
0.0621526
0.050656
0.0401197
0.0302843
0.0210051
0.0121133
0.00338731
-0.00526915
-0.0139993
-0.022977
-0.0324005
-0.0424287
-0.0532739
-0.0651927
-0.0784611
-0.0934347
-0.110574
-0.130491
-0.154025
-0.182351
-0.217156
-0.260877
-0.31692
-0.390005
-0.486513
-0.614529
-0.783274
-1.00108
-1.27027
-1.57482
-1.89818
-2.02335
-2.30483
-0.889641
-1.12928
4.33496
5.00131
16.2506
18.6724
29.579
30.8322
29.4479
24.3837
14.4326
10.9653
8.68232
-4.87752
-7.789
-7.51752
-8.26366
-9.19323
-9.40039
-8.56206
-7.0687
-5.89157
-5.62792
-6.16893
-7.06153
-8.45752
-11.1878
-13.8197
-10.9606
-2.65883
2.42795
3.60421
3.57146
3.08911
2.52268
2.01485
1.60066
1.27761
1.02955
0.839318
0.692339
0.577331
0.485946
0.412161
0.351663
0.301365
0.25904
0.223054
0.192192
0.165524
0.14233
0.122031
0.104158
0.0883229
0.0741938
0.0614833
0.0499555
0.0394063
0.0295699
0.0202891
0.0113953
0.00266904
-0.00598617
-0.014715
-0.0236916
-0.0331009
-0.0431008
-0.0539154
-0.0657952
-0.0790261
-0.0939653
-0.111073
-0.130961
-0.154465
-0.182761
-0.217533
-0.261219
-0.317226
-0.390274
-0.486747
-0.614732
-0.783451
-1.00124
-1.27044
-1.57505
-1.89852
-2.02442
-2.30877
-0.890492
-1.13034
4.33411
4.99982
16.2505
18.6726
29.581
30.8357
29.4498
24.3849
14.4313
10.9647
8.69313
-4.86877
-7.78855
-7.51688
-8.26329
-9.19314
-9.40078
-8.56235
-7.06848
-5.89079
-5.62656
-6.16802
-7.06103
-8.4569
-11.1883
-13.8223
-10.9634
-2.65794
2.43043
3.60554
3.57393
3.08938
2.52278
2.01492
1.60074
1.27772
1.0297
0.8395
0.692558
0.577584
0.486232
0.412477
0.352006
0.301734
0.259433
0.22347
0.192631
0.165988
0.14282
0.122552
0.104713
0.0889159
0.0748245
0.0621452
0.0506537
0.0401228
0.0302877
0.021009
0.0121178
0.00339211
-0.00526428
-0.0139944
-0.0229719
-0.0323996
-0.0424312
-0.0532755
-0.0651926
-0.0784601
-0.0934333
-0.110572
-0.130489
-0.154021
-0.182346
-0.217148
-0.260864
-0.316901
-0.389977
-0.486474
-0.614478
-0.783212
-1.00101
-1.27023
-1.57486
-1.89833
-2.02386
-2.30525
-0.891231
-1.13133
4.33322
4.99821
16.2505
18.6728
29.5834
30.8397
29.452
24.3863
14.43
10.9641
8.7053
-4.85879
-7.78807
-7.51628
-8.26327
-9.19408
-9.40184
-8.56295
-7.06851
-5.89032
-5.6266
-6.16822
-7.06083
-8.45639
-11.189
-13.8259
-10.9665
-2.65698
2.43313
3.60684
3.57252
3.08932
2.52262
2.01471
1.60052
1.2775
1.02946
0.839255
0.692294
0.577298
0.485923
0.412145
0.351651
0.301357
0.259034
0.22305
0.192189
0.165522
0.142328
0.122029
0.104157
0.0883238
0.0741964
0.0614871
0.0499575
0.0394028
0.0295666
0.0202858
0.011392
0.00266584
-0.00598902
-0.0147174
-0.0236936
-0.0330978
-0.0430957
-0.0539104
-0.0657909
-0.0790216
-0.0939601
-0.111067
-0.130953
-0.154454
-0.182747
-0.217515
-0.261195
-0.317194
-0.390232
-0.486692
-0.614662
-0.783369
-1.00116
-1.27038
-1.57507
-1.89867
-2.02493
-2.30962
-0.892268
-1.13263
4.33216
4.99635
16.2504
18.673
29.586
30.8441
29.4544
24.3878
14.4285
10.9633
8.71882
-4.84762
-7.78753
-7.51551
-8.26286
-9.19408
-9.40236
-8.56333
-7.06825
-5.88939
-5.62503
-6.16716
-7.06025
-8.45565
-11.1896
-13.8291
-10.9699
-2.6559
2.43615
3.60844
3.57487
3.08959
2.5227
2.01475
1.60057
1.27758
1.02959
0.839419
0.692497
0.577537
0.486196
0.412449
0.351984
0.301716
0.259418
0.223457
0.192621
0.165979
0.142813
0.122545
0.104707
0.0889091
0.0748171
0.0621376
0.0506458
0.0401221
0.0302874
0.0210091
0.0121186
0.00339329
-0.005263
-0.0139929
-0.0229704
-0.032403
-0.0424337
-0.0532772
-0.0651929
-0.0784594
-0.0934317
-0.11057
-0.130485
-0.154016
-0.182338
-0.217136
-0.260847
-0.316875
-0.38994
-0.486423
-0.614411
-0.783131
-1.00093
-1.27017
-1.57489
-1.89851
-2.02448
-2.30586
-0.893195
-1.13386
4.33107
4.99437
16.2503
18.6733
29.5889
30.849
29.4572
24.3894
14.4268
10.9626
8.7337
-4.83521
-7.78696
-7.51478
-8.26281
-9.19512
-9.4036
-8.56404
-7.06826
-5.8888
-5.62497
-6.16742
-7.06
-8.45503
-11.1904
-13.8334
-10.9737
-2.65475
2.43939
3.61002
3.57374
3.08956
2.52254
2.01454
1.60035
1.27736
1.02936
0.839174
0.692235
0.577256
0.485893
0.412123
0.351636
0.301345
0.259026
0.223043
0.192184
0.165518
0.142325
0.122028
0.104157
0.0883245
0.0741986
0.0614903
0.0499616
0.0394028
0.0295667
0.0202862
0.0113924
0.00266625
-0.00598822
-0.0147161
-0.0236914
-0.033092
-0.0430899
-0.0539045
-0.0657852
-0.0790156
-0.0939533
-0.111059
-0.130943
-0.154442
-0.182731
-0.217494
-0.261167
-0.317157
-0.390183
-0.486627
-0.614581
-0.783273
-1.00106
-1.27031
-1.57509
-1.89885
-2.02555
-2.31057
-0.894417
-1.1354
4.3298
4.99215
16.2502
18.6736
29.592
30.8543
29.4601
24.3912
14.425
10.9617
8.74994
-4.82162
-7.78632
-7.51387
-8.26234
-9.1952
-9.40423
-8.56449
-7.06798
-5.88772
-5.62322
-6.16608
-7.05929
-8.45415
-11.1911
-13.8371
-10.9778
-2.65347
2.44296
3.6119
3.57606
3.08985
2.52261
2.01456
1.60039
1.27743
1.02947
0.839325
0.692426
0.577484
0.486155
0.412417
0.351959
0.301695
0.259401
0.223443
0.192609
0.165969
0.142803
0.122536
0.104699
0.0889014
0.0748093
0.0621298
0.050638
0.0401175
0.0302832
0.0210054
0.0121157
0.00339082
-0.00526532
-0.0139951
-0.0229729
-0.0324066
-0.0424365
-0.0532792
-0.0651937
-0.0784591
-0.0934302
-0.110567
-0.130481
-0.154009
-0.182327
-0.21712
-0.260824
-0.316842
-0.389894
-0.48636
-0.614329
-0.783033
-1.00083
-1.2701
-1.57493
-1.89872
-2.0252
-2.30667
-0.895533
-1.13686
4.3285
4.98981
16.2501
18.674
29.5955
30.8601
29.4633
24.3932
14.423
10.9607
8.76754
-4.80678
-7.78155
-7.50761
-8.26175
-9.2035
-9.41463
-8.57054
-7.06808
-5.88258
-5.62207
-6.16944
-7.05736
-8.44894
-11.1981
-13.8751
-11.0101
-2.64361
2.4707
3.62544
3.56919
3.08979
2.52138
2.01291
1.59866
1.2757
1.02772
0.837518
0.690515
0.57544
0.48396
0.410063
0.349445
0.299024
0.256572
0.220456
0.189457
0.162641
0.139283
0.118802
0.10073
0.0846844
0.0703538
0.057469
0.0457133
0.0349137
0.0250686
0.015772
0.00685295
-0.00188021
-0.0105209
-0.0192333
-0.0281822
-0.0373743
-0.0471684
-0.057803
-0.0694683
-0.0824739
-0.0971945
-0.114094
-0.133778
-0.157074
-0.18515
-0.219682
-0.263109
-0.318839
-0.391597
-0.487776
-0.615482
-0.783974
-1.00166
-1.27104
-1.5764
-1.90124
-2.03327
-2.34266
-0.905823
-1.14986
4.31774
4.97092
16.2492
18.6765
29.6222
30.9053
29.4883
24.4086
14.4074
10.9531
8.90601
-4.68865
-7.76176
-7.48215
-8.25072
-9.21285
-9.43649
-8.58507
-7.06128
-5.8538
-5.58034
-6.11172
-7.03174
-8.42194
-11.2175
-13.9732
-11.1283
-2.60657
2.57421
3.67899
3.60467
3.0957
2.52151
2.01152
1.59746
1.27517
1.02799
0.838556
0.692248
0.577786
0.486844
0.413419
0.35322
0.303175
0.26107
0.225284
0.194611
0.16813
0.145125
0.125024
0.107357
0.091729
0.0777941
0.0652655
0.0539496
0.0435652
0.0337634
0.0245386
0.0157514
0.00707716
-0.00160934
-0.010376
-0.0193778
-0.0289445
-0.0391216
-0.0500947
-0.0621529
-0.0755703
-0.0906892
-0.107963
-0.128002
-0.151642
-0.180057
-0.214923
-0.258665
-0.314667
-0.387629
-0.483927
-0.611669
-0.780167
-0.99797
-1.26787
-1.57468
-1.90142
-2.03536
-2.29085
-0.939902
-1.19404
4.27942
4.9024
16.2466
18.6864
29.7212
31.0725
29.5804
24.4653
14.3492
10.9279
9.41573
-4.24476
-7.73712
-7.44555
-8.24325
-9.24609
-9.4878
-8.61534
-7.05849
-5.82062
-5.55738
-6.16241
-7.03238
-8.39493
-11.2577
-14.1986
-11.3086
-2.55193
2.72904
3.75551
3.61931
3.09965
2.5181
2.00591
1.5918
1.27003
1.02338
0.834348
0.688269
0.57389
0.482922
0.409401
0.349058
0.298841
0.256545
0.22055
0.189651
0.162922
0.139644
0.119242
0.10125
0.085287
0.0710353
0.0582097
0.0465314
0.0358381
0.0260064
0.0167324
0.00776099
-0.00100174
-0.00960729
-0.0182981
-0.0272311
-0.0364672
-0.0462894
-0.0569427
-0.0686392
-0.0816698
-0.0964007
-0.113291
-0.132944
-0.15618
-0.184156
-0.21853
-0.261725
-0.317121
-0.389418
-0.485005
-0.612041
-0.779948
-0.997523
-1.26807
-1.57739
-1.90843
-2.05847
-2.38139
-0.993707
-1.26342
4.22186
4.79886
16.2419
18.7003
29.8691
31.3239
29.718
24.5499
14.2578
10.8928
10.1819
-3.55796
-7.69682
-7.39465
-8.22329
-9.2719
-9.53623
-8.64688
-7.04691
-5.76508
-5.48418
-6.03389
-6.9694
-8.33838
-11.2953
-14.3934
-11.5443
-2.4755
2.94001
3.86266
3.66432
3.10833
2.51626
2.00129
1.58744
1.26679
1.02141
0.833534
0.688432
0.574857
0.484549
0.411569
0.351681
0.301854
0.259902
0.224223
0.193624
0.167191
0.144213
0.124122
0.106449
0.0908027
0.0768471
0.0643071
0.0529559
0.042516
0.0327363
0.0235224
0.0147894
0.0061695
-0.00251502
-0.0112688
-0.0202545
-0.0297447
-0.0398542
-0.0507635
-0.062739
-0.0760652
-0.0910866
-0.108252
-0.128161
-0.151635
-0.179825
-0.21438
-0.257704
-0.31314
-0.385362
-0.480744
-0.607472
-0.775086
-0.992682
-1.26419
-1.57655
-1.91223
-2.07333
-2.33608
-1.06341
-1.35581
4.14749
4.66063
16.2354
18.7183
30.0668
31.6615
29.9017
24.6626
14.1307
10.8468
11.2091
-2.68231
-7.65454
-7.33073
-8.20881
-9.3224
-9.61988
-8.69641
-7.04078
-5.70628
-5.43604
-6.12162
-6.98996
-8.28945
-11.3603
-14.7662
-11.8655
-2.38594
3.20321
3.98997
3.70065
3.11541
2.51125
1.993
1.57929
1.25969
1.01544
0.828474
0.684021
0.570859
0.480782
0.407906
0.348034
0.298163
0.256128
0.220334
0.189596
0.163002
0.139842
0.119547
0.101657
0.0857907
0.0716256
0.0588743
0.0472823
0.0366775
0.0268771
0.0176374
0.00869715
-9.17501e-05
-0.00867523
-0.0173421
-0.0262528
-0.0355103
-0.0453457
-0.0560016
-0.0677047
-0.0807343
-0.0954464
-0.112293
-0.131866
-0.154973
-0.182748
-0.216816
-0.259573
-0.314344
-0.385782
-0.480278
-0.606077
-0.772892
-0.990205
-1.26276
-1.57907
-1.92136
-2.10407
-2.44484
-1.15246
-1.48337
4.06473
4.48623
16.2263
18.7394
30.3148
32.088
30.1323
24.8023
13.9593
10.7882
12.4423
-1.44192
-7.59462
-7.25212
-8.18021
-9.36633
-9.69974
-8.74694
-7.02483
-5.62341
-5.3336
-5.93633
-6.86455
-8.20057
-11.4174
-15.0839
-12.2146
-2.2538
3.54167
4.1571
3.75749
3.12563
2.50683
1.985
1.57173
1.25375
1.01125
0.825835
0.682642
0.570472
0.481169
0.408901
0.349513
0.300038
0.258337
0.222836
0.192365
0.166022
0.143107
0.123054
0.105403
0.089766
0.0758157
0.06328
0.0519138
0.0414587
0.0317077
0.0225163
0.0137808
0.00523224
-0.00343044
-0.0121539
-0.0211082
-0.0305209
-0.0405511
-0.0513823
-0.0632636
-0.0764808
-0.0913774
-0.108395
-0.128119
-0.151349
-0.179206
-0.213293
-0.255981
-0.310555
-0.381637
-0.475599
-0.600735
-0.766939
-0.984138
-1.25801
-1.57888
-1.92853
-2.13102
-2.43912
-1.25793
-1.61889
3.94824
4.27462
16.2142
18.7631
30.6138
32.6072
30.4119
24.9682
13.7414
10.7191
14.1713
-0.197434
-7.53179
-7.15526
-8.15848
-9.43347
-9.81574
-8.81646
-7.01452
-5.53598
-5.25408
-6.04176
-6.93327
-8.12499
-11.5023
-15.5874
-12.7025
-2.14285
3.90118
4.32703
3.80639
3.13402
2.49945
1.97379
1.56099
1.24467
1.00391
0.81993
0.677805
0.566376
0.477562
0.405599
0.346388
0.297003
0.255331
0.219816
0.189299
0.162885
0.139878
0.119719
0.10195
0.0861932
0.0721249
0.0594621
0.047962
0.0374356
0.0276801
0.0184849
0.00962176
0.000840426
-0.00772382
-0.0163635
-0.0252466
-0.034503
-0.0443364
-0.0549793
-0.0666655
-0.0796675
-0.094331
-0.111097
-0.130542
-0.153452
-0.180928
-0.214543
-0.256661
-0.310516
-0.380699
-0.473596
-0.597574
-0.762746
-0.979563
-1.25479
-1.58094
-1.93958
-2.16863
-2.50379
-1.38158
-1.76751
3.80105
4.02399
16.1983
18.7882
30.9648
33.2231
30.742
25.1575
13.461
10.5925
15.5399
1.73644
-7.45274
-7.04817
-8.11772
-9.49783
-9.93527
-8.88909
-6.99486
-5.42425
-5.12389
-5.82818
-6.71891
-7.98432
-11.5817
-16.0658
-13.1934
-1.93135
4.42973
4.58513
3.88013
3.14412
2.49174
1.96216
1.55017
1.23601
0.99752
0.815486
0.6749
0.564647
0.476717
0.40542
0.346717
0.297728
0.256373
0.221123
0.190833
0.164624
0.141805
0.121823
0.104222
0.0886217
0.0747003
0.0621854
0.0508271
0.0403882
0.0306764
0.0215209
0.0128009
0.00426958
-0.00435657
-0.0130328
-0.0219391
-0.0312731
-0.0412133
-0.0519519
-0.0637268
-0.0768181
-0.0915645
-0.108397
-0.127884
-0.150797
-0.178214
-0.211675
-0.253513
-0.306933
-0.376475
-0.468504
-0.591446
-0.755654
-0.972163
-1.24895
-1.58101
-1.94976
-2.20664
-2.54848
-1.52223
-1.9302
3.62437
3.73259
16.1779
18.8136
31.3711
33.9494
31.1264
25.3694
13.1194
10.5818
18.6412
3.38603
-7.3665
-6.91056
-8.09717
-9.58158
-10.0834
-8.97861
-6.9786
-5.30414
-5.00794
-5.91658
-6.84205
-7.9294
-11.6761
-16.6833
-13.8326
-1.78755
4.84395
4.73373
3.92218
3.15017
2.48093
1.94767
1.53673
1.22493
0.988826
0.808762
0.669665
0.56048
0.473294
0.402503
0.34414
0.295375
0.254165
0.219003
0.188763
0.162574
0.139754
0.119755
0.102127
0.086493
0.0725337
0.0599723
0.0485679
0.0381175
0.0284182
0.0192754
0.010499
0.00179149
-0.00675411
-0.0153619
-0.0242126
-0.0334473
-0.0432625
-0.0538769
-0.0655239
-0.0784721
-0.0930568
-0.109705
-0.128974
-0.15162
-0.178701
-0.211726
-0.253009
-0.305652
-0.374182
-0.464968
-0.586514
-0.749433
-0.965398
-1.24372
-1.58218
-1.96229
-2.25053
-2.60762
-1.68024
-2.10836
3.4188
3.3985
16.1521
18.8378
31.8186
34.7545
31.566
25.6007
12.6911
10.1591
19.6309
6.39863
-0.768311
1.37433
0.0245575
-1.51728
-2.29733
-2.05266
-1.17097
-0.381402
-0.42445
-1.05597
-1.56107
-2.2283
-5.94841
-11.0383
-8.65665
1.79353
6.56085
5.27936
4.02817
3.16106
2.47019
1.93271
1.52299
1.21394
0.98061
0.802884
0.6656
0.557766
0.471566
0.401494
0.343657
0.295282
0.254368
0.219439
0.189386
0.163353
0.140668
0.120789
0.103272
0.087752
0.0739191
0.0615078
0.0502824
0.0400488
0.0306644
0.0220357
0.014258
0.00768457
0.00148948
-0.00461241
-0.0107788
-0.0171392
-0.0238166
-0.0309447
-0.038677
-0.0471909
-0.0567011
-0.0674767
-0.0798661
-0.0943384
-0.11154
-0.13237
-0.15835
-0.191396
-0.23423
-0.2908
-0.366403
-0.467696
-0.602113
-0.775858
-0.988527
-1.22907
-1.41539
-1.6379
-0.855893
-1.07539
4.28865
4.51019
17.3475
20.719
33.7241
38.0721
35.4353
33.3041
23.9138
22.9162
57.9559
10.5876
694.096
694.886
694.066
692.96
691.982
691.627
691.687
691.721
691.091
690.076
689.617
689.546
687.057
682.73
684.708
694.369
697.603
695.236
694.07
693.326
692.772
692.361
692.055
691.827
691.654
691.522
691.419
691.337
691.271
691.217
691.172
691.134
691.102
691.074
691.05
691.03
691.012
690.996
690.982
690.97
690.959
690.95
690.941
690.933
690.926
690.919
690.913
690.908
690.904
690.9
690.895
690.891
690.886
690.881
690.876
690.871
690.865
690.858
690.85
690.841
690.83
690.817
690.802
690.781
690.755
690.721
690.675
690.613
690.531
690.422
690.287
690.132
689.993
689.84
690.265
690.119
693.479
693.539
701.941
704.217
712.88
716.188
713.998
712.58
705.018
703.832
722.664
699.856
14.6874
14.0739
14.0443
13.2846
11.5246
9.38068
7.2953
5.42649
3.52796
2.11572
2.07667
3.23961
2.16698
-1.02201
1.22427
9.18781
8.59262
4.44626
2.67467
1.93696
1.47269
1.14922
0.913629
0.738488
0.605861
0.503523
0.423041
0.35858
0.306073
0.262668
0.226334
0.1956
0.169385
0.146866
0.127417
0.110539
0.0958354
0.0829805
0.0717047
0.0617818
0.053021
0.0452661
0.0383839
0.0322674
0.0268396
0.0220671
0.0180203
0.0151556
0.0131369
0.0113688
0.00981347
0.00842397
0.00718813
0.00608227
0.00508654
0.00418359
0.00335725
0.00259235
0.00187622
0.00119532
0.000538039
-0.000106059
-0.000745887
-0.00138847
-0.0020376
-0.00269219
-0.00334218
-0.00396732
-0.00452575
-0.00494048
-0.00506415
-0.00459715
-0.0023065
0.00223998
0.23858
0.281965
2.19764
2.49415
7.34472
9.31829
14.227
17.1737
16.0717
17.5747
12.8937
11.8334
23.2488
6.82959
0.143604
0.0665957
0.166398
0.221629
0.197173
0.161793
0.133504
0.0274913
-0.296839
-0.85206
-1.1561
-1.08865
-2.5326
-5.22833
-5.0365
-0.518214
3.05151
2.62958
1.62117
1.12953
0.844879
0.665141
0.54017
0.447859
0.376661
0.320007
0.27388
0.235676
0.20362
0.176458
0.153267
0.133353
0.116178
0.101311
0.0884111
0.0771934
0.0674244
0.0589062
0.0514712
0.0449776
0.0393016
0.034338
0.0299948
0.0261924
0.0228622
0.0199437
0.0173834
0.0151198
0.0131156
0.0113507
0.00978464
0.00840712
0.00717696
0.00607439
0.00508086
0.00417999
0.00335496
0.00259175
0.00187648
0.0011968
0.000541114
-0.000101132
-0.000738927
-0.00137905
-0.00202535
-0.00267678
-0.00332362
-0.00394604
-0.00450326
-0.00492051
-0.00505551
-0.00462286
-0.00279587
-0.00160963
0.00204171
-0.00989592
-0.0220115
-0.0378718
-0.0766583
-0.0853051
-0.102929
-0.125806
-0.127636
-0.12988
-0.101237
-0.114283
-0.208576
-0.264476
0.126614
0.0751574
0.18684
0.220026
0.189113
0.152012
0.119915
0.000617956
-0.309737
-0.809523
-0.973312
-0.815448
-2.56255
-5.46281
-5.03987
-0.613543
3.02625
2.6501
1.60901
1.12329
0.842326
0.663977
0.53958
0.447531
0.376466
0.319885
0.2738
0.235623
0.203584
0.176433
0.153251
0.133342
0.11617
0.101306
0.0884084
0.0771923
0.0674244
0.0589072
0.051473
0.0449801
0.0393048
0.0343418
0.0299994
0.0261981
0.0228694
0.0199533
0.0173962
0.0151281
0.0131198
0.0113549
0.00980155
0.00841327
0.00717904
0.00607463
0.00508014
0.00417838
0.00335324
0.00258986
0.00187458
0.00119468
0.000538607
-0.00010406
-0.000742232
-0.00138266
-0.00202917
-0.00268078
-0.003328
-0.00395154
-0.00451211
-0.00493823
-0.00509539
-0.00471738
-0.00312145
-0.000851809
0.00559722
-0.0054098
-0.0140944
-0.0300223
-0.0740967
-0.0797189
-0.105331
-0.129913
-0.1281
-0.142206
-0.117559
-0.110954
-0.294545
-0.544676
0.137506
0.0791736
0.163091
0.20402
0.177916
0.139762
0.102903
-0.0207705
-0.323392
-0.830587
-1.11849
-1.09101
-2.59754
-5.14559
-4.8788
-0.735968
2.52566
2.3472
1.55416
1.1082
0.83652
0.660926
0.537707
0.446268
0.375563
0.319214
0.273286
0.235218
0.203258
0.176167
0.153029
0.133156
0.116012
0.101171
0.0882918
0.0770912
0.0673364
0.0588303
0.0514056
0.0449208
0.0392524
0.0342953
0.0299578
0.0261603
0.0228342
0.0199191
0.0173612
0.0151005
0.0130999
0.0113375
0.00977508
0.00839899
0.00716997
0.00606846
0.0050761
0.0041757
0.00335175
0.0025896
0.00187561
0.00119719
0.000542829
-9.7879e-05
-0.000733856
-0.00137182
-0.00201559
-0.00266425
-0.00330873
-0.00393043
-0.00449167
-0.00492403
-0.0051015
-0.00478054
-0.00343287
-0.00190345
-2.04632e-05
-0.0111616
-0.0227118
-0.0385385
-0.0740566
-0.0833553
-0.101544
-0.122747
-0.124981
-0.129651
-0.111967
-0.118977
-0.208107
-0.362959
0.139421
0.0914369
0.168381
0.192193
0.166475
0.126404
0.0840602
-0.0436789
-0.33014
-0.789331
-0.990959
-1.01862
-2.54483
-4.86484
-4.5272
-0.678438
2.32093
2.20353
1.50671
1.09139
0.829639
0.657432
0.535676
0.444971
0.374679
0.318581
0.272816
0.234858
0.202977
0.175941
0.152846
0.133005
0.115886
0.101065
0.0882021
0.0770149
0.0672713
0.0587746
0.0513579
0.04488
0.0392175
0.0342655
0.0299326
0.0261392
0.0228169
0.0199053
0.01735
0.0150891
0.0130902
0.0113303
0.00977835
0.00839374
0.00716295
0.00606175
0.0050701
0.00417041
0.00334711
0.00258549
0.00187192
0.0011938
0.00053963
-0.000100933
-0.000736806
-0.00137469
-0.00201843
-0.00266731
-0.00331266
-0.0039367
-0.00450393
-0.0049497
-0.00515689
-0.0049087
-0.00380193
-0.00258712
0.0013621
-0.00821594
-0.0175819
-0.0338899
-0.0700662
-0.0779723
-0.102221
-0.120117
-0.124789
-0.134627
-0.124405
-0.129006
-0.251334
-0.443775
0.139719
0.091444
0.158424
0.180751
0.154787
0.112806
0.0644884
-0.0677916
-0.347914
-0.802238
-1.07184
-1.10666
-2.47773
-4.54348
-4.16474
-0.64158
2.07453
2.03111
1.45372
1.07154
0.820997
0.652887
0.532966
0.443203
0.37345
0.317686
0.27214
0.234333
0.202558
0.175602
0.152566
0.13277
0.115688
0.100896
0.0880575
0.0768903
0.0671634
0.0586809
0.0512762
0.0448086
0.0391549
0.0342106
0.029884
0.026096
0.022778
0.0198696
0.0173168
0.0150616
0.0130677
0.0113103
0.00975502
0.00838078
0.00715324
0.00605395
0.00506396
0.00416584
0.00334401
0.00258383
0.00187174
0.00119517
0.00054267
-9.6089e-05
-0.000730011
-0.00136579
-0.00200733
-0.00265409
-0.00329788
-0.00392185
-0.00449245
-0.00494918
-0.00518482
-0.00500953
-0.00412577
-0.00325181
-0.00219116
-0.0121798
-0.0233205
-0.0393953
-0.0704617
-0.0807523
-0.100135
-0.118054
-0.122624
-0.129143
-0.121013
-0.130574
-0.210948
-0.392711
0.141984
0.0995517
0.154085
0.170192
0.144095
0.100334
0.0471851
-0.0869745
-0.353249
-0.772131
-1.00979
-1.1273
-2.3985
-4.21302
-3.83603
-0.613466
1.84694
1.87718
1.39881
1.04955
0.811036
0.647595
0.529814
0.441158
0.372038
0.316665
0.271374
0.23374
0.202089
0.175223
0.152255
0.132512
0.115471
0.100712
0.0879002
0.0767554
0.0670472
0.0585806
0.0511895
0.0447335
0.0390899
0.0341542
0.0298352
0.0260538
0.0227415
0.0198379
0.0172887
0.0150367
0.0130473
0.0112939
0.00974411
0.00836676
0.00714101
0.00604349
0.00505505
0.00415835
0.0033378
0.00257875
0.0018677
0.00119208
0.000540464
-9.74389e-05
-0.000730541
-0.00136556
-0.0020065
-0.00265305
-0.00329758
-0.00392428
-0.00450196
-0.00497443
-0.00524507
-0.00515177
-0.00448688
-0.00392724
-0.00289985
-0.0115192
-0.020684
-0.036396
-0.0669766
-0.0766527
-0.0988071
-0.11459
-0.121692
-0.12936
-0.128399
-0.139683
-0.234947
-0.391228
0.141814
0.101402
0.148463
0.159704
0.133009
0.0873763
0.0301208
-0.106767
-0.36639
-0.773104
-1.02736
-1.15304
-2.32059
-3.9064
-3.53144
-0.584934
1.64549
1.7359
1.34256
1.02568
0.799791
0.641517
0.526163
0.438781
0.370392
0.315471
0.270475
0.233044
0.201536
0.174775
0.151886
0.132205
0.115212
0.100492
0.0877122
0.0765938
0.0669077
0.0584598
0.0510846
0.0446422
0.0390103
0.0340847
0.0297745
0.0260004
0.0226943
0.0197959
0.017251
0.0150043
0.0130198
0.0112696
0.00972315
0.00835061
0.00712739
0.00603212
0.00504571
0.00415089
0.00333207
0.00257467
0.00186521
0.00119115
0.000541119
-9.51654e-05
-0.000726617
-0.00135998
-0.00199936
-0.00264475
-0.00328908
-0.00391772
-0.00450188
-0.00498999
-0.00529631
-0.00528575
-0.0048255
-0.00456188
-0.00428138
-0.0131449
-0.0245918
-0.0400484
-0.0674116
-0.0785801
-0.0980157
-0.113493
-0.120502
-0.128187
-0.127759
-0.139978
-0.216203
-0.374834
0.142324
0.104748
0.143501
0.150458
0.123019
0.076012
0.0148641
-0.1227
-0.371912
-0.754411
-1.00321
-1.16914
-2.24041
-3.62561
-3.24784
-0.557572
1.46396
1.60569
1.28591
1.00034
0.787432
0.634729
0.522057
0.436098
0.368533
0.314121
0.269459
0.232256
0.20091
0.174268
0.151469
0.131857
0.114919
0.100243
0.0874993
0.0764108
0.0667499
0.0583232
0.0509661
0.0445393
0.0389208
0.0340067
0.0297065
0.0259411
0.0226426
0.0197505
0.0172108
0.0149696
0.0129907
0.0112454
0.00970135
0.00833187
0.00711146
0.00601869
0.00503453
0.00414176
0.00332481
0.00256914
0.0018613
0.00118881
0.000540292
-9.45008e-05
-0.000724499
-0.0013565
-0.00199473
-0.00263951
-0.00328442
-0.00391603
-0.00450783
-0.00501367
-0.00535877
-0.00543416
-0.00517042
-0.00518961
-0.00553902
-0.0139886
-0.0231789
-0.0387402
-0.0643837
-0.0756385
-0.0960763
-0.110358
-0.11908
-0.126987
-0.131487
-0.147375
-0.225705
-0.361978
0.142126
0.10645
0.138074
0.141012
0.112692
0.0640965
-0.00105424
-0.139949
-0.382499
-0.748632
-0.992331
-1.17887
-2.16056
-3.37174
-2.99406
-0.53467
1.30094
1.48565
1.22949
0.973804
0.774082
0.627277
0.517511
0.433115
0.36646
0.312615
0.268324
0.231375
0.20021
0.1737
0.151002
0.131467
0.11459
0.0999638
0.0872604
0.0762055
0.0665727
0.0581699
0.0508331
0.0444237
0.0388202
0.0339191
0.0296301
0.0258744
0.0225841
0.019699
0.0171652
0.01493
0.0129568
0.0112159
0.00967684
0.00831088
0.00709361
0.00600366
0.00502202
0.00413155
0.00331671
0.00256298
0.00185698
0.00118624
0.000539425
-9.37041e-05
-0.000722092
-0.0013526
-0.00198961
-0.00263378
-0.00327939
-0.00391428
-0.00451455
-0.00503953
-0.00542498
-0.00558713
-0.00550998
-0.00579505
-0.0066953
-0.0148398
-0.025109
-0.0403265
-0.0644825
-0.0764353
-0.0954335
-0.109356
-0.118194
-0.126434
-0.132359
-0.147769
-0.217565
-0.349682
0.141711
0.107969
0.133147
0.132591
0.10329
0.0535159
-0.0145645
-0.15347
-0.388321
-0.736573
-0.97819
-1.18298
-2.08215
-3.13972
-2.76624
-0.515037
1.15489
1.3749
1.17382
0.946327
0.75987
0.619214
0.512549
0.429844
0.364182
0.310956
0.267072
0.230403
0.199437
0.173073
0.150485
0.131035
0.114226
0.0996547
0.086996
0.0759782
0.0663765
0.0580001
0.0506858
0.0442957
0.0387088
0.033822
0.0295454
0.0258005
0.0225194
0.0196422
0.0171152
0.0148867
0.01292
0.0111847
0.00964961
0.00828758
0.00707379
0.00598695
0.0050081
0.00412018
0.00330766
0.00255608
0.0018521
0.00118328
0.000538315
-9.30237e-05
-0.000719703
-0.00134866
-0.00198446
-0.00262813
-0.00327469
-0.00391334
-0.00452291
-0.00506792
-0.00549516
-0.00574438
-0.00584458
-0.00637946
-0.00775808
-0.0156369
-0.0254529
-0.0404227
-0.0624336
-0.0747896
-0.0936159
-0.106967
-0.116815
-0.125479
-0.133899
-0.15309
-0.220542
-0.338328
0.140962
0.108578
0.127982
0.124173
0.0937988
0.0426793
-0.0281364
-0.166841
-0.394597
-0.725866
-0.963282
-1.18207
-2.00528
-2.92662
-2.55936
-0.497793
1.02413
1.27268
1.11926
0.918171
0.744919
0.610595
0.507195
0.426298
0.361704
0.309148
0.265706
0.22934
0.198591
0.172386
0.149919
0.130563
0.113828
0.0993157
0.0867059
0.0757288
0.0661613
0.0578137
0.0505241
0.0441551
0.0385865
0.0337155
0.0294525
0.0257193
0.0224485
0.01958
0.0170605
0.0148393
0.0128792
0.0111495
0.00961969
0.00826196
0.00705199
0.00596856
0.00499279
0.00410765
0.00329767
0.00254844
0.00184667
0.00117994
0.000536966
-9.2453e-05
-0.000717321
-0.00134467
-0.00197924
-0.00262249
-0.00327021
-0.003913
-0.00453248
-0.00509851
-0.00556858
-0.00590446
-0.00617298
-0.00694172
-0.00873482
-0.0163857
-0.0261093
-0.0408032
-0.0618266
-0.074468
-0.0926792
-0.105682
-0.11586
-0.124928
-0.134967
-0.154367
-0.216494
-0.327874
0.139955
0.108866
0.123063
0.116362
0.0849239
0.0327526
-0.0404227
-0.178481
-0.399668
-0.714944
-0.947694
-1.17681
-1.93007
-2.73134
-2.37129
-0.482562
0.907142
1.17826
1.06606
0.889584
0.72934
0.601472
0.501476
0.422487
0.359032
0.307194
0.264227
0.228189
0.197673
0.171641
0.149304
0.130049
0.113394
0.0989471
0.0863904
0.0754575
0.0659271
0.057611
0.0503482
0.0440022
0.0384533
0.0335995
0.0293513
0.0256311
0.0223713
0.0195124
0.0170011
0.0147878
0.012835
0.0111116
0.00958708
0.00823403
0.00702822
0.00594851
0.00497607
0.00409397
0.00328675
0.00254007
0.00184068
0.0011762
0.00053538
-9.19904e-05
-0.000714943
-0.00134061
-0.00197395
-0.00261684
-0.00326591
-0.00391317
-0.00454313
-0.00513094
-0.00564455
-0.00606608
-0.00649404
-0.00748102
-0.00963255
-0.0170872
-0.0267078
-0.041094
-0.0607405
-0.0737035
-0.0912505
-0.104037
-0.114717
-0.124312
-0.135792
-0.157061
-0.216996
-0.318722
0.138673
0.108634
0.11815
0.108849
0.0763241
0.0232142
-0.0519786
-0.189035
-0.403926
-0.703941
-0.931632
-1.16778
-1.85671
-2.55214
-2.20021
-0.468981
0.802539
1.09101
1.0144
0.860788
0.713236
0.591897
0.495416
0.418426
0.356174
0.305099
0.262638
0.22695
0.196685
0.170837
0.14864
0.129494
0.112926
0.0985489
0.0860496
0.0751644
0.065674
0.0573918
0.050158
0.0438369
0.0383095
0.0334741
0.029242
0.0255356
0.0222879
0.0194394
0.0169372
0.0147323
0.0127873
0.0110705
0.00955179
0.00820381
0.0070025
0.0059268
0.00495797
0.00407913
0.0032749
0.00253097
0.00183414
0.00117208
0.000533558
-9.16339e-05
-0.000712565
-0.00133648
-0.00196857
-0.00261116
-0.00326173
-0.00391376
-0.00455468
-0.00516487
-0.00572241
-0.00622808
-0.0068068
-0.00799679
-0.010458
-0.0177423
-0.0272574
-0.0413148
-0.0598501
-0.073001
-0.090016
-0.102611
-0.11366
-0.123771
-0.136402
-0.15871
-0.214572
-0.310005
0.137142
0.108023
0.113332
0.10169
0.0680866
0.0141619
-0.062745
-0.19852
-0.407378
-0.692831
-0.915244
-1.15545
-1.7853
-2.38748
-2.0444
-0.456727
0.709056
1.01033
0.964418
0.831978
0.696701
0.581922
0.48904
0.414128
0.353137
0.302867
0.260942
0.225626
0.195627
0.169976
0.147929
0.1289
0.112424
0.0981216
0.0856837
0.0748496
0.0654021
0.0571564
0.0499537
0.0436592
0.0381548
0.0333394
0.0291245
0.0254331
0.0221983
0.0193611
0.0168686
0.0146727
0.0127359
0.0110263
0.00951383
0.0081713
0.00697482
0.00590343
0.00493848
0.00406315
0.00326212
0.00252114
0.00182706
0.00116758
0.000531503
-9.13809e-05
-0.000710184
-0.00133227
-0.00196308
-0.00260542
-0.00325763
-0.00391468
-0.00456693
-0.00519997
-0.00580153
-0.0063894
-0.00711038
-0.00848869
-0.0112172
-0.018352
-0.0277594
-0.0414746
-0.0590292
-0.0722979
-0.0887802
-0.10126
-0.112614
-0.123257
-0.136812
-0.160186
-0.213834
-0.302368
0.135384
0.107058
0.108591
0.0948469
0.0601941
0.00557047
-0.0727656
-0.207018
-0.41004
-0.681633
-0.898664
-1.14026
-1.71592
-2.23598
-1.90231
-0.445524
0.625537
0.935698
0.916204
0.803315
0.679823
0.571594
0.482375
0.409605
0.349929
0.300501
0.259142
0.224217
0.1945
0.169059
0.147171
0.128265
0.111888
0.0976651
0.0852927
0.0745132
0.0651116
0.0569047
0.0497352
0.0434693
0.0379895
0.0331954
0.0289989
0.0253235
0.0221026
0.0192774
0.0167954
0.0146092
0.0126811
0.0109791
0.00947323
0.00813651
0.00694519
0.00587842
0.00491761
0.00404603
0.00324842
0.00251058
0.00181942
0.0011627
0.000529215
-9.12286e-05
-0.000707795
-0.00132798
-0.00195747
-0.00259959
-0.00325355
-0.00391583
-0.00457971
-0.0052359
-0.00588131
-0.00654911
-0.00740406
-0.0089565
-0.0119157
-0.0189173
-0.028215
-0.0415804
-0.0582728
-0.0715941
-0.0875708
-0.0999845
-0.111586
-0.122764
-0.137048
-0.161323
-0.212264
-0.295113
0.13342
0.105789
0.103945
0.0882924
0.0526455
-0.00256879
-0.0820708
-0.214598
-0.411925
-0.670367
-0.881994
-1.1226
-1.64864
-2.09644
-1.77258
-0.435126
0.550919
0.86661
0.869818
0.774929
0.662691
0.56096
0.475445
0.404873
0.346556
0.298008
0.257239
0.222726
0.193307
0.168086
0.146365
0.127591
0.111318
0.0971798
0.084877
0.0741553
0.0648024
0.056637
0.0495028
0.0432672
0.0378136
0.0330421
0.0288653
0.0252069
0.0220008
0.0191884
0.0167176
0.0145416
0.0126228
0.0109288
0.00942999
0.00809946
0.00691363
0.00585176
0.00489536
0.00402777
0.0032338
0.0024993
0.00181125
0.00115744
0.000526699
-9.11739e-05
-0.000705392
-0.00132359
-0.00195173
-0.00259364
-0.00324944
-0.00391711
-0.00459285
-0.00527233
-0.00596117
-0.00670634
-0.00768721
-0.0094002
-0.0125581
-0.0194397
-0.0286262
-0.0416391
-0.0575715
-0.0708884
-0.0863882
-0.09877
-0.110572
-0.122277
-0.137131
-0.162182
-0.210972
-0.288531
0.131271
0.104254
0.0993942
0.0820118
0.0454354
-0.0102671
-0.0906866
-0.221321
-0.41305
-0.659057
-0.865298
-1.10288
-1.5839
-1.96775
-1.65398
-0.425271
0.484187
0.80262
0.825293
0.746924
0.64539
0.550064
0.468275
0.399944
0.343027
0.29539
0.255237
0.221155
0.192047
0.167058
0.145514
0.126878
0.110715
0.0966659
0.0844365
0.0737762
0.0644749
0.0563532
0.0492564
0.043053
0.0376271
0.0328796
0.0287236
0.0250833
0.0218929
0.0190941
0.0166353
0.0144701
0.012561
0.0108755
0.00938412
0.00806014
0.00688014
0.00582347
0.00487174
0.00400838
0.00321826
0.0024873
0.00180254
0.0011518
0.000523956
-9.12132e-05
-0.00070297
-0.0013191
-0.00194583
-0.00258754
-0.00324525
-0.00391841
-0.00460615
-0.00530896
-0.00604058
-0.00686035
-0.00795928
-0.00981986
-0.0131485
-0.0199207
-0.0289883
-0.0416568
-0.0569159
-0.0701812
-0.0852347
-0.0976073
-0.109571
-0.121783
-0.137085
-0.162779
-0.209538
-0.282357
0.128959
0.10249
0.094941
0.075993
0.038559
-0.0175369
-0.0986373
-0.227244
-0.413439
-0.647729
-0.848609
-1.08145
-1.52112
-1.84895
-1.5454
-0.415317
0.424002
0.743319
0.782641
0.719382
0.628
0.538947
0.460889
0.394832
0.339351
0.292653
0.253139
0.219506
0.190722
0.165975
0.144617
0.126126
0.110078
0.0961236
0.0839717
0.0733759
0.064129
0.0560535
0.0489962
0.0428267
0.0374301
0.0327079
0.0285739
0.0249527
0.0217789
0.0189945
0.0165484
0.0143946
0.0124957
0.0108191
0.00933563
0.00801859
0.00684473
0.00579356
0.00484676
0.00398787
0.00320181
0.00247459
0.00179329
0.0011458
0.000520989
-9.13426e-05
-0.000700524
-0.00131449
-0.00193977
-0.00258125
-0.00324092
-0.00391965
-0.00461946
-0.00534547
-0.00611905
-0.00701046
-0.00821986
-0.0102157
-0.0136906
-0.0203618
-0.029306
-0.0416387
-0.0562976
-0.0694726
-0.0841117
-0.0964871
-0.108583
-0.121268
-0.136927
-0.163136
-0.20809
-0.276622
0.126503
0.100526
0.0905867
0.0702247
0.0320104
-0.0243906
-0.10595
-0.232416
-0.413121
-0.6364
-0.831934
-1.05865
-1.4605
-1.73914
-1.44587
-0.405717
0.370179
0.68834
0.741854
0.692373
0.610593
0.527648
0.453311
0.389551
0.335534
0.289803
0.250947
0.217779
0.189334
0.16484
0.143675
0.125335
0.109409
0.0955532
0.0834826
0.0729546
0.0637649
0.0557379
0.0487222
0.0425884
0.0372226
0.0325271
0.0284162
0.0248152
0.0216588
0.0188897
0.0164569
0.0143152
0.0124269
0.0107598
0.00928456
0.0079748
0.00680742
0.00576203
0.00482043
0.00396623
0.00318445
0.00246116
0.0017835
0.00113942
0.000517802
-9.15582e-05
-0.000698048
-0.00130975
-0.00193351
-0.00257475
-0.00323639
-0.00392071
-0.00463258
-0.00538158
-0.00619611
-0.00715607
-0.00846857
-0.0105878
-0.0141876
-0.0207646
-0.0295864
-0.0415888
-0.055709
-0.068763
-0.08302
-0.0954015
-0.107609
-0.120726
-0.136671
-0.163272
-0.206582
-0.271236
0.123923
0.0983885
0.0863341
0.0646972
0.0257817
-0.0308418
-0.112652
-0.236884
-0.412134
-0.62508
-0.815259
-1.03481
-1.40197
-1.63754
-1.35452
-0.396413
0.322067
0.637351
0.702909
0.66595
0.593233
0.516204
0.445563
0.384114
0.331586
0.286843
0.248666
0.215979
0.187884
0.163652
0.142689
0.124507
0.108708
0.094955
0.0829694
0.0725125
0.0633827
0.0554067
0.0484346
0.0423382
0.0370047
0.0323372
0.0282507
0.0246708
0.0215328
0.0187797
0.016361
0.0142318
0.0123547
0.0106975
0.0092309
0.00792879
0.00676821
0.00572889
0.00479275
0.00394348
0.00316619
0.00244703
0.00177319
0.00113267
0.000514397
-9.18556e-05
-0.000695533
-0.00130488
-0.00192704
-0.002568
-0.00323162
-0.0039215
-0.00464536
-0.005417
-0.00627132
-0.00729664
-0.00870513
-0.0109368
-0.0146423
-0.0211308
-0.0298274
-0.0415111
-0.0551437
-0.0680529
-0.081959
-0.0943439
-0.106644
-0.120152
-0.136331
-0.163204
-0.205024
-0.266169
0.121235
0.096104
0.082185
0.0594009
0.0198658
-0.0369048
-0.118767
-0.240692
-0.410525
-0.613773
-0.798562
-1.01022
-1.34552
-1.54342
-1.27055
-0.387328
0.279055
0.590047
0.665774
0.640159
0.575972
0.504654
0.437667
0.378535
0.327513
0.283779
0.246298
0.214106
0.186373
0.162413
0.141659
0.123642
0.107975
0.0943293
0.0824324
0.0720498
0.0629826
0.0550598
0.0481333
0.0420761
0.0367765
0.0321383
0.0280773
0.0245195
0.0214008
0.0186646
0.0162606
0.0141445
0.0122791
0.0106322
0.00917467
0.00788058
0.00672711
0.00569416
0.00476373
0.00391963
0.00314704
0.00243219
0.00176235
0.00112556
0.00051078
-9.223e-05
-0.000692974
-0.00129986
-0.00192034
-0.00256097
-0.00322654
-0.00392192
-0.00465762
-0.00545146
-0.00634428
-0.00743171
-0.00892932
-0.0112628
-0.0150574
-0.021462
-0.0300309
-0.0414083
-0.0545964
-0.0673426
-0.0809273
-0.093309
-0.105686
-0.119546
-0.135916
-0.162948
-0.203411
-0.261375
0.118455
0.0936931
0.0781435
0.0543268
0.0142556
-0.0425938
-0.12432
-0.24388
-0.408343
-0.602482
-0.781829
-0.985107
-1.29116
-1.45614
-1.19328
-0.378415
0.240608
0.546151
0.630406
0.615034
0.558858
0.493032
0.429643
0.372827
0.323325
0.280616
0.243847
0.212162
0.184803
0.161124
0.140587
0.12274
0.10721
0.0936762
0.0818718
0.0715666
0.0625647
0.0546975
0.0478186
0.0418023
0.0365381
0.0319305
0.0278961
0.0243615
0.0212629
0.0185442
0.0161557
0.0140533
0.0122002
0.010564
0.00911589
0.00783017
0.00668415
0.00565783
0.00473338
0.00389467
0.003127
0.00241666
0.00175099
0.00111809
0.000506953
-9.26768e-05
-0.000690364
-0.00129468
-0.00191339
-0.00255362
-0.0032211
-0.00392187
-0.00466921
-0.00548472
-0.00641463
-0.00756085
-0.00914098
-0.0115664
-0.0154352
-0.0217592
-0.0301987
-0.0412822
-0.0540627
-0.0666323
-0.0799229
-0.0922931
-0.104733
-0.118905
-0.135433
-0.16252
-0.201742
-0.256798
0.115599
0.0911666
0.0742203
0.049467
0.0089423
-0.0479222
-0.129334
-0.246484
-0.405641
-0.591207
-0.765062
-0.959688
-1.23884
-1.3751
-1.12206
-0.369634
0.206237
0.505409
0.596754
0.590601
0.541929
0.481374
0.421511
0.367001
0.319028
0.277358
0.241315
0.21015
0.183174
0.159785
0.139472
0.121802
0.106414
0.0929963
0.0812879
0.0710631
0.0621292
0.0543198
0.0474905
0.0415168
0.0362895
0.0317139
0.0277071
0.0241966
0.0211191
0.0184188
0.0160463
0.0139583
0.0121178
0.0104928
0.00905459
0.00777758
0.00663932
0.00561993
0.0047017
0.00386863
0.00310607
0.00240043
0.00173911
0.00111027
0.00050292
-9.31908e-05
-0.000687695
-0.00128933
-0.00190617
-0.00254592
-0.00321526
-0.00392125
-0.00467998
-0.00551655
-0.00648203
-0.00768372
-0.00934
-0.011848
-0.0157778
-0.0220239
-0.0303323
-0.0411346
-0.053539
-0.0659223
-0.0789429
-0.0912933
-0.103781
-0.118228
-0.134886
-0.161936
-0.200017
-0.252414
0.11268
0.0885913
0.070369
0.0448149
0.00391672
-0.0529031
-0.133836
-0.248538
-0.40247
-0.579949
-0.74827
-0.934122
-1.18854
-1.29978
-1.05634
-0.36099
0.175546
0.467592
0.564764
0.56688
0.525219
0.46971
0.41329
0.361071
0.314632
0.274012
0.238705
0.208073
0.18149
0.158398
0.138315
0.120829
0.105587
0.0922896
0.0806809
0.0705395
0.0616761
0.0539269
0.0471491
0.0412198
0.0360308
0.0314884
0.0275105
0.0240251
0.0209695
0.0182883
0.0159326
0.0138594
0.0120321
0.0104187
0.00899077
0.00772284
0.00659264
0.00558047
0.00466871
0.0038415
0.00308427
0.00238351
0.00172672
0.0011021
0.000498686
-9.37668e-05
-0.000684959
-0.0012838
-0.00189866
-0.00253783
-0.00320895
-0.00391998
-0.00468976
-0.00554669
-0.00654617
-0.0078
-0.00952632
-0.012108
-0.0160872
-0.0222582
-0.0304342
-0.040967
-0.0530224
-0.0652126
-0.0779845
-0.0903068
-0.102828
-0.117514
-0.134277
-0.161216
-0.198235
-0.248199
0.109713
0.0859723
0.0666029
0.0403635
-0.000828695
-0.0575485
-0.137849
-0.250074
-0.398879
-0.568717
-0.731464
-0.908544
-1.14021
-1.2297
-0.995613
-0.352478
0.14816
0.432488
0.534377
0.543885
0.508757
0.458069
0.404999
0.355048
0.310143
0.270581
0.236023
0.205931
0.17975
0.156964
0.137119
0.11982
0.10473
0.0915567
0.0800509
0.069996
0.0612058
0.053519
0.0467945
0.0409113
0.035762
0.0312541
0.0273062
0.023847
0.0208141
0.0181527
0.0158145
0.0137568
0.0119431
0.0103418
0.00892445
0.00766594
0.00654412
0.00553944
0.00463442
0.00381329
0.00306159
0.00236592
0.00171382
0.00109357
0.000494256
-9.43994e-05
-0.000682148
-0.00127806
-0.00189084
-0.00252932
-0.00320212
-0.00391795
-0.00469842
-0.00557504
-0.00660675
-0.00790942
-0.00969991
-0.0123471
-0.0163652
-0.0224612
-0.0305059
-0.0407804
-0.0525104
-0.0645035
-0.0770446
-0.0893307
-0.101874
-0.116763
-0.133605
-0.160373
-0.196397
-0.24413
0.106709
0.0833195
0.0629281
0.0361064
-0.00530236
-0.0618683
-0.141398
-0.251123
-0.394912
-0.557519
-0.714662
-0.883066
-1.09381
-1.16442
-0.939416
-0.344092
0.123738
0.399904
0.505532
0.521622
0.492568
0.446474
0.396655
0.348943
0.305568
0.267071
0.233269
0.203728
0.177957
0.155484
0.135882
0.118776
0.103843
0.0907977
0.0793984
0.0694329
0.0607184
0.053096
0.046427
0.0405913
0.0354833
0.0310112
0.0270944
0.0236622
0.0206529
0.0180122
0.015692
0.0136503
0.0118508
0.0102619
0.00885566
0.00760692
0.00649379
0.00549688
0.00459884
0.00378401
0.00303806
0.00234764
0.00170042
0.00108471
0.000489632
-9.50832e-05
-0.000679256
-0.00127212
-0.00188269
-0.00252035
-0.00319474
-0.00391508
-0.00470581
-0.00560154
-0.00666354
-0.00801175
-0.00986079
-0.0125657
-0.0166134
-0.0226358
-0.0305487
-0.0405758
-0.052001
-0.0637948
-0.0761204
-0.0883626
-0.100915
-0.115974
-0.132873
-0.159421
-0.194506
-0.24019
0.10368
0.0806418
0.059351
0.0320389
-0.0095139
-0.0658718
-0.144508
-0.251715
-0.390609
-0.546367
-0.697879
-0.857781
-1.04929
-1.10354
-0.887348
-0.335825
0.101972
0.369661
0.478167
0.500094
0.476673
0.434948
0.388277
0.342768
0.300917
0.263487
0.230449
0.201466
0.176112
0.153958
0.134606
0.117699
0.102926
0.0900131
0.0787236
0.0688503
0.0602139
0.0526583
0.0460464
0.0402601
0.0351948
0.0307597
0.026875
0.0234708
0.020486
0.0178666
0.0155652
0.0135401
0.0117552
0.0101793
0.0087844
0.00754578
0.00644165
0.00545278
0.00456197
0.00375367
0.00301366
0.0023287
0.00168651
0.00107551
0.000484822
-9.58123e-05
-0.000676273
-0.00126596
-0.00187418
-0.00251089
-0.00318676
-0.00391128
-0.00471183
-0.0056261
-0.00671629
-0.0081068
-0.010009
-0.0127643
-0.0168334
-0.0227813
-0.0305643
-0.040354
-0.0514923
-0.0630866
-0.0752093
-0.0874002
-0.0999524
-0.115147
-0.132081
-0.15837
-0.192564
-0.236363
0.100635
0.0779456
0.0558776
0.0281557
-0.0134726
-0.0695683
-0.147204
-0.251878
-0.386005
-0.535272
-0.681136
-0.83286
-1.00659
-1.04671
-0.839044
-0.327671
0.0825825
0.341596
0.452219
0.479299
0.461089
0.423511
0.379881
0.336532
0.296194
0.259833
0.227564
0.199146
0.174217
0.152389
0.133292
0.116588
0.101981
0.0892032
0.0780267
0.0682484
0.0596927
0.0522058
0.0456531
0.0399178
0.0348965
0.0304996
0.0266482
0.023273
0.0203135
0.0177162
0.0154341
0.0134261
0.0116564
0.0100938
0.00871072
0.00748254
0.00638772
0.00540717
0.00452382
0.00372228
0.00298841
0.00230909
0.00167212
0.00106597
0.000479828
-9.65812e-05
-0.000673192
-0.00125956
-0.00186529
-0.00250089
-0.00317813
-0.00390646
-0.00471632
-0.00564684
-0.00676477
-0.00819443
-0.0101446
-0.0129435
-0.0170262
-0.0228986
-0.030554
-0.0401157
-0.0509831
-0.0623786
-0.074309
-0.0864414
-0.0989833
-0.114283
-0.131233
-0.157231
-0.190572
-0.232634
0.0975834
0.0752361
0.0525143
0.0244514
-0.0171872
-0.072966
-0.149509
-0.251643
-0.381129
-0.524242
-0.664454
-0.808218
-0.965651
-0.993586
-0.794174
-0.31963
0.0653221
0.315557
0.427625
0.459233
0.44583
0.41218
0.371482
0.330246
0.291408
0.256115
0.224618
0.196772
0.172274
0.150777
0.13194
0.115445
0.101006
0.0883683
0.0773079
0.0676275
0.0591548
0.0517389
0.0452471
0.0395643
0.0345885
0.0302311
0.026414
0.0230687
0.0201353
0.0175608
0.0152988
0.0133085
0.0115543
0.0100055
0.00863462
0.00741723
0.00633201
0.00536004
0.00448442
0.00368985
0.00296233
0.00228882
0.00165724
0.00105611
0.000474656
-9.7384e-05
-0.000670004
-0.00125291
-0.00185601
-0.00249033
-0.00316882
-0.00390054
-0.0047191
-0.00566453
-0.00680891
-0.00827448
-0.0102677
-0.0131037
-0.0171929
-0.022993
-0.030519
-0.0398616
-0.050472
-0.0616705
-0.0734174
-0.0854844
-0.0980071
-0.113382
-0.130329
-0.156011
-0.188534
-0.228991
0.0945339
0.0725201
0.0492651
0.0209212
-0.0206662
-0.0760727
-0.151445
-0.251039
-0.376008
-0.513276
-0.64786
-0.783935
-0.926414
-0.943878
-0.75244
-0.311701
0.0499703
0.291401
0.404325
0.439888
0.430907
0.40097
0.363094
0.32392
0.286565
0.252336
0.221615
0.194345
0.170283
0.149123
0.130552
0.114269
0.100004
0.0875088
0.0765677
0.0669879
0.0586005
0.0512576
0.0448286
0.0391999
0.034271
0.0299542
0.0261725
0.0228581
0.0199516
0.0174006
0.0151593
0.0131871
0.0114491
0.00991448
0.00855612
0.00734986
0.00627454
0.00531143
0.00444376
0.00365638
0.00293541
0.00226791
0.00164187
0.00104592
0.000469311
-9.82148e-05
-0.000666702
-0.001246
-0.00184631
-0.00247917
-0.0031588
-0.00389344
-0.00472014
-0.00568057
-0.00684848
-0.00834688
-0.0103785
-0.0132457
-0.017335
-0.023063
-0.0304605
-0.0395923
-0.0499581
-0.060962
-0.0725323
-0.0845274
-0.0970226
-0.112444
-0.129372
-0.154716
-0.186452
-0.225424
0.0914942
0.0698069
0.046129
0.0175605
-0.0239184
-0.0788963
-0.153034
-0.250094
-0.370674
-0.502365
-0.631388
-0.760059
-0.88882
-0.897313
-0.713575
-0.303888
0.0363313
0.268997
0.382258
0.421253
0.416331
0.389894
0.35473
0.317564
0.281671
0.248501
0.218558
0.191867
0.168246
0.147429
0.129128
0.113062
0.0989739
0.0866251
0.0758063
0.0663296
0.05803
0.0507622
0.0443976
0.0388246
0.0339439
0.029669
0.0259238
0.0226411
0.0197623
0.0172357
0.0150156
0.0130622
0.0113407
0.0098207
0.00847525
0.00728045
0.00621532
0.00526134
0.00440187
0.00362189
0.00290766
0.00224634
0.00162603
0.00103541
0.000463799
-9.90677e-05
-0.000663278
-0.00123882
-0.00183617
-0.00246736
-0.00314803
-0.00388507
-0.00471933
-0.0056937
-0.00688335
-0.00841155
-0.0104769
-0.0133698
-0.017456
-0.0231093
-0.0303794
-0.0393082
-0.0494405
-0.0602525
-0.0716522
-0.083569
-0.0960288
-0.111471
-0.128362
-0.153352
-0.184328
-0.221922
0.0884712
0.067108
0.0431024
0.0143646
-0.026952
-0.0814455
-0.154297
-0.248833
-0.365152
-0.491501
-0.615065
-0.736624
-0.852804
-0.853645
-0.677334
-0.296193
0.0242309
0.248222
0.361365
0.403316
0.402106
0.378966
0.346401
0.311187
0.276732
0.244615
0.215449
0.189341
0.166166
0.145695
0.127669
0.111824
0.0979167
0.0857176
0.075024
0.0656531
0.0574435
0.0502526
0.0439544
0.0384386
0.0336075
0.0293757
0.0256679
0.0224179
0.0195676
0.0170659
0.0148678
0.0129336
0.0112292
0.0097242
0.00839204
0.00720901
0.00615438
0.00520978
0.00435874
0.00358639
0.00287909
0.00222414
0.00160972
0.00102459
0.000458123
-9.99367e-05
-0.000659722
-0.00123136
-0.00182558
-0.00245486
-0.00313651
-0.00387536
-0.00471658
-0.00570381
-0.0069134
-0.00846844
-0.0105633
-0.0134765
-0.0175566
-0.0231326
-0.0302768
-0.0390097
-0.0489184
-0.0595417
-0.0707756
-0.0826078
-0.095025
-0.110463
-0.127303
-0.151925
-0.182165
-0.218478
0.0854707
0.0644335
0.0401837
0.0113285
-0.0297748
-0.0837289
-0.15525
-0.247278
-0.359466
-0.480684
-0.598916
-0.713656
-0.818306
-0.812649
-0.643499
-0.28862
0.0135138
0.228961
0.341589
0.38606
0.388239
0.368193
0.338117
0.304798
0.271756
0.240682
0.212291
0.186769
0.164043
0.143923
0.126175
0.110556
0.0968328
0.0847866
0.0742211
0.0649585
0.0568411
0.0497293
0.043499
0.0380419
0.0332618
0.0290742
0.0254049
0.0221885
0.0193675
0.0168915
0.0147158
0.0128015
0.0111146
0.00962501
0.0083065
0.00713558
0.00609173
0.00515677
0.0043144
0.00354989
0.00284972
0.00220131
0.00159294
0.00101346
0.00045229
-0.000100816
-0.000656029
-0.00122361
-0.00181452
-0.00244164
-0.00312318
-0.00386424
-0.0047118
-0.0057108
-0.00693857
-0.00851754
-0.0106378
-0.0135662
-0.0176285
-0.023134
-0.0301537
-0.0386973
-0.0483913
-0.0588288
-0.0699008
-0.0816427
-0.0940103
-0.109422
-0.126196
-0.150441
-0.179966
-0.215083
0.0824982
0.0617911
0.0373714
0.00844768
-0.0323945
-0.0857558
-0.155913
-0.24545
-0.353635
-0.46992
-0.582959
-0.691173
-0.785265
-0.77412
-0.611872
-0.281169
0.00403769
0.211109
0.322875
0.369472
0.374731
0.357587
0.329888
0.298405
0.266746
0.236706
0.209088
0.184153
0.161879
0.142114
0.124649
0.109258
0.0957227
0.0838325
0.0733979
0.064246
0.0562231
0.0491922
0.0430316
0.0376348
0.0329069
0.0287647
0.0251349
0.0219529
0.0191621
0.0167124
0.0145598
0.0126659
0.0109969
0.00952316
0.00821865
0.00706017
0.00602739
0.00510233
0.00426886
0.00351239
0.00281954
0.00217785
0.0015757
0.00100203
0.000446305
-0.0001017
-0.000652189
-0.00121554
-0.00180296
-0.00242768
-0.00310757
-0.00385165
-0.0047049
-0.00571455
-0.00695893
-0.00855872
-0.0107006
-0.0136393
-0.0176779
-0.0231146
-0.0300108
-0.0383713
-0.0478587
-0.0581134
-0.0690269
-0.0806727
-0.092984
-0.108347
-0.125042
-0.148901
-0.177733
-0.211732
0.0795584
0.0591873
0.0346638
0.00571744
-0.0348183
-0.0875357
-0.156301
-0.243371
-0.347676
-0.459213
-0.56721
-0.669188
-0.753619
-0.737871
-0.58227
-0.273831
-0.00433412
0.194564
0.30517
0.353533
0.361583
0.347153
0.321722
0.292015
0.26171
0.232692
0.205843
0.181495
0.159676
0.140269
0.12309
0.107932
0.094587
0.0828557
0.0725546
0.063516
0.0555896
0.0486416
0.0425524
0.0372173
0.0325429
0.0284472
0.024858
0.0217113
0.0189513
0.0165287
0.0143998
0.0125268
0.0108761
0.00941867
0.00812854
0.00698279
0.00596137
0.00504646
0.00422213
0.00347391
0.00278857
0.00215378
0.00155801
0.000990304
0.000440172
-0.000102582
-0.000648196
-0.00120716
-0.0017909
-0.00241295
-0.00309108
-0.00383753
-0.0046958
-0.00571501
-0.00697479
-0.00859194
-0.0107515
-0.0136974
-0.0177126
-0.023075
-0.0298489
-0.0380321
-0.04732
-0.057395
-0.0681525
-0.079697
-0.0919454
-0.10724
-0.123843
-0.147311
-0.175467
-0.208419
0.0766556
0.0566282
0.0320597
0.00313336
-0.0370533
-0.0890785
-0.15643
-0.241059
-0.341606
-0.448572
-0.551682
-0.64771
-0.723309
-0.703732
-0.554532
-0.266598
-0.011723
0.179235
0.288422
0.338226
0.348796
0.336899
0.313628
0.285636
0.256653
0.228642
0.202558
0.178797
0.157435
0.138388
0.121499
0.106577
0.093426
0.0818566
0.0716918
0.0627687
0.054941
0.0480776
0.0420615
0.0367896
0.0321699
0.0281219
0.0245741
0.0214637
0.0187354
0.0163404
0.0142359
0.0123842
0.0107524
0.00931158
0.00803617
0.00690348
0.00589369
0.0049892
0.00417422
0.00343446
0.00275682
0.0021291
0.00153988
0.000978284
0.000433898
-0.000103456
-0.000644041
-0.00119845
-0.00177831
-0.00239745
-0.00307366
-0.00382184
-0.00468444
-0.0057121
-0.00698382
-0.008618
-0.0107915
-0.0137419
-0.0177281
-0.0230159
-0.0296689
-0.03768
-0.0467748
-0.056673
-0.0672767
-0.0787144
-0.0908937
-0.106102
-0.1226
-0.145673
-0.173173
-0.205139
0.0737927
0.05412
0.0295586
0.000691507
-0.0391063
-0.0903941
-0.156316
-0.238532
-0.335439
-0.438002
-0.536385
-0.626744
-0.694277
-0.671547
-0.528507
-0.259467
-0.018234
0.165036
0.272584
0.323532
0.336368
0.326829
0.305611
0.279274
0.25158
0.22456
0.199237
0.176061
0.155157
0.136474
0.119877
0.105194
0.0922403
0.0808356
0.0708095
0.0620043
0.0542773
0.0475005
0.0415591
0.0363517
0.0317881
0.0277888
0.0242836
0.0212102
0.0185143
0.0161476
0.014068
0.0122382
0.0106257
0.00920192
0.00794158
0.00682226
0.00582438
0.00493054
0.00412515
0.00339405
0.0027243
0.00210382
0.0015213
0.000965978
0.000427487
-0.000104318
-0.000639718
-0.0011894
-0.00176518
-0.00238115
-0.00305523
-0.00380455
-0.00467076
-0.00570559
-0.00698703
-0.00863775
-0.0108224
-0.0137665
-0.0177251
-0.0229379
-0.0294714
-0.0373152
-0.0462228
-0.0559468
-0.0663982
-0.0777242
-0.089828
-0.104933
-0.121313
-0.143991
-0.17085
-0.201887
0.070971
0.0516685
0.0271591
-0.00161155
-0.0409834
-0.0914925
-0.155971
-0.235806
-0.329189
-0.42751
-0.521327
-0.606292
-0.666466
-0.641172
-0.504062
-0.252438
-0.0239594
0.151887
0.257606
0.309432
0.324295
0.316948
0.297678
0.272934
0.246496
0.220451
0.195881
0.17329
0.152845
0.134527
0.118226
0.103784
0.0910305
0.0797932
0.0699083
0.0612232
0.0535989
0.0469104
0.0410452
0.0359039
0.0313976
0.0274481
0.0239863
0.0209508
0.018288
0.0159504
0.0138962
0.0120888
0.0104961
0.00908971
0.00784479
0.00673914
0.00575345
0.00487052
0.00407492
0.0033527
0.00269102
0.00207794
0.0015023
0.000953393
0.000420945
-0.000105161
-0.000635219
-0.00118001
-0.0017515
-0.00236405
-0.00303576
-0.00378562
-0.0046547
-0.00569559
-0.00698646
-0.00864694
-0.0108386
-0.0137745
-0.0177048
-0.0228419
-0.0292571
-0.036938
-0.0456635
-0.055216
-0.0655162
-0.0767256
-0.0887476
-0.103735
-0.119986
-0.142267
-0.1685
-0.19866
0.0681893
0.049282
0.0248598
-0.0037792
-0.0426907
-0.0923841
-0.155411
-0.232897
-0.322867
-0.417105
-0.506515
-0.586352
-0.639821
-0.612476
-0.481072
-0.24551
-0.0289814
0.139715
0.243445
0.295906
0.312575
0.307259
0.289834
0.266623
0.241406
0.216318
0.192493
0.170484
0.150499
0.132549
0.116545
0.102348
0.089797
0.0787296
0.0689884
0.0604255
0.052906
0.0463076
0.0405201
0.0354462
0.0309984
0.0270999
0.0236824
0.0206857
0.0180567
0.0157488
0.0137206
0.0119361
0.0103635
0.00897499
0.00774582
0.00665416
0.00568092
0.00480914
0.00402357
0.0033104
0.00265698
0.00205148
0.00148286
0.000940532
0.000414277
-0.000105979
-0.000630539
-0.00117025
-0.00173726
-0.00234613
-0.0030152
-0.00376501
-0.00463623
-0.00568213
-0.00698098
-0.00864928
-0.0108455
-0.0137724
-0.0176675
-0.0227285
-0.0290266
-0.0365486
-0.0450969
-0.0544801
-0.06463
-0.0757185
-0.087653
-0.102508
-0.118619
-0.140506
-0.166124
-0.195456
0.0654776
0.0469366
0.0226591
-0.00581479
-0.0442335
-0.0930785
-0.154646
-0.22982
-0.316485
-0.406792
-0.492205
-0.566922
-0.614289
-0.58534
-0.459427
-0.238685
-0.0333722
0.128454
0.230056
0.282935
0.301201
0.297764
0.282084
0.260344
0.236313
0.212164
0.189076
0.167647
0.148121
0.13054
0.114837
0.100886
0.0885404
0.0776454
0.0680501
0.0596116
0.0521987
0.0456921
0.039984
0.0349788
0.0305907
0.0267441
0.023372
0.0204148
0.0178205
0.0155428
0.0135413
0.0117801
0.0102281
0.00885778
0.00764472
0.00656733
0.00560681
0.00474642
0.00397109
0.00326719
0.00262219
0.00202445
0.00146301
0.000927403
0.000407489
-0.000106768
-0.000625669
-0.00116013
-0.00172244
-0.00232737
-0.00299353
-0.00374276
-0.00461545
-0.00566545
-0.0069714
-0.00864423
-0.0108415
-0.0137573
-0.0176141
-0.0225982
-0.0287803
-0.0361473
-0.0445227
-0.053739
-0.0637394
-0.0747028
-0.0865442
-0.101254
-0.117218
-0.13871
-0.163727
-0.192274
0.0628296
0.0446417
0.0205544
-0.00772242
-0.0456177
-0.0935858
-0.153691
-0.226589
-0.310053
-0.396574
-0.477924
-0.547993
-0.589818
-0.559652
-0.439023
-0.231963
-0.0371949
0.118036
0.217399
0.2705
0.29017
0.288464
0.274432
0.254103
0.231223
0.207992
0.185633
0.164779
0.145713
0.128502
0.1131
0.0993987
0.0872611
0.0765408
0.0670937
0.0587818
0.0514774
0.0450642
0.039437
0.0345018
0.0301746
0.0263811
0.0230551
0.0201384
0.0175793
0.0153326
0.0133582
0.0116209
0.0100899
0.00873813
0.00754151
0.00647868
0.00553115
0.00468239
0.00391751
0.00322306
0.00258668
0.00199685
0.00144275
0.000914011
0.000400585
-0.000107523
-0.000620607
-0.00114964
-0.00170705
-0.00230779
-0.00297075
-0.00371886
-0.00459226
-0.00564543
-0.00695413
-0.00862889
-0.0108243
-0.0137291
-0.0175452
-0.0224522
-0.0285196
-0.0357351
-0.0439418
-0.0529933
-0.0628447
-0.0736794
-0.0854227
-0.0999769
-0.115784
-0.136881
-0.161311
-0.189108
0.060245
0.0424012
0.0185441
-0.00950553
-0.046849
-0.093916
-0.152556
-0.223217
-0.303582
-0.386457
-0.463901
-0.52956
-0.566359
-0.535311
-0.419769
-0.225346
-0.0405038
0.108401
0.205435
0.258582
0.279474
0.27936
0.266882
0.247904
0.226139
0.203807
0.182165
0.161883
0.143275
0.126435
0.111337
0.0978872
0.0859596
0.0754165
0.0661197
0.0579362
0.0507422
0.0444241
0.0388792
0.0340154
0.0297503
0.0260108
0.022732
0.0198564
0.0173333
0.0151181
0.0131714
0.0114584
0.00994891
0.00861606
0.0074362
0.00638823
0.00545395
0.00461705
0.00386284
0.00317804
0.00255044
0.00196868
0.00142208
0.000900362
0.000393569
-0.000108241
-0.000615351
-0.00113878
-0.00169107
-0.00228735
-0.00294677
-0.00369312
-0.00456642
-0.00562145
-0.00693061
-0.00860861
-0.0108
-0.0136866
-0.0174606
-0.0222905
-0.0282443
-0.0353116
-0.0433533
-0.0522423
-0.0619457
-0.0726487
-0.0842893
-0.0986768
-0.114318
-0.135017
-0.158873
-0.185941
0.0577263
0.0402211
0.0166292
-0.0111645
-0.0479297
-0.0940746
-0.151251
-0.219713
-0.297078
-0.376444
-0.450131
-0.511612
-0.543863
-0.512223
-0.401574
-0.218832
-0.0433425
0.0994879
0.194124
0.247159
0.269107
0.270453
0.259435
0.241749
0.221064
0.19961
0.178675
0.158961
0.140809
0.124341
0.109549
0.0963519
0.0846366
0.0742727
0.0651284
0.0570753
0.0499933
0.043772
0.0383108
0.0335197
0.0293178
0.0256333
0.0224025
0.0195689
0.0170825
0.0148995
0.012981
0.0112928
0.00980516
0.00849161
0.00732885
0.00629601
0.00537524
0.00455043
0.0038071
0.00313213
0.00251349
0.00193997
0.00140101
0.000886457
0.000386442
-0.000108921
-0.000609894
-0.00112754
-0.00167447
-0.002266
-0.00292151
-0.0036655
-0.00453782
-0.00559332
-0.0069034
-0.00858099
-0.0107657
-0.0136312
-0.017361
-0.0221129
-0.0279541
-0.034876
-0.0427557
-0.0514845
-0.0610405
-0.0716082
-0.0831412
-0.0973515
-0.112818
-0.133119
-0.156407
-0.182762
0.0552768
0.0381059
0.0148106
-0.0126996
-0.0488614
-0.0940652
-0.149779
-0.216082
-0.290543
-0.366535
-0.436612
-0.49414
-0.522283
-0.4903
-0.384367
-0.212432
-0.0457522
0.0912274
0.183431
0.236215
0.259063
0.261742
0.252096
0.235644
0.216001
0.195405
0.175166
0.156014
0.138317
0.122221
0.107735
0.0947935
0.0832924
0.0731099
0.06412
0.0561993
0.0492311
0.0431081
0.0377321
0.0330149
0.0288773
0.0252488
0.0220669
0.019276
0.0168271
0.0146768
0.012787
0.0111241
0.0096587
0.00836481
0.00721947
0.00620204
0.00529503
0.00448255
0.00375029
0.00308534
0.00247584
0.00191071
0.00137955
0.000872311
0.000379224
-0.000109536
-0.000604203
-0.00111586
-0.00165721
-0.00224369
-0.0028949
-0.00363592
-0.00450637
-0.00556067
-0.00687093
-0.00854607
-0.0107217
-0.0135636
-0.0172472
-0.0219205
-0.0276496
-0.0344284
-0.0421497
-0.0507203
-0.0601281
-0.0705565
-0.0819772
-0.0960017
-0.111287
-0.131192
-0.153922
-0.179582
0.0482303
0.0320442
0.00971114
-0.0168801
-0.0511884
-0.0935598
-0.144959
-0.204994
-0.271132
-0.337526
-0.39747
-0.443898
-0.461062
-0.428618
-0.336075
-0.193773
-0.0516005
0.0685141
0.153501
0.205161
0.230247
0.236519
0.230678
0.217711
0.201053
0.182932
0.164719
0.147215
0.130861
0.115866
0.102291
0.0901108
0.0792502
0.0696107
0.0610841
0.0535606
0.0469346
0.0411073
0.0359876
0.031493
0.0275491
0.0240896
0.021055
0.0183929
0.0160566
0.0140051
0.012202
0.0106153
0.00921702
0.00798239
0.00688962
0.00591866
0.00505314
0.00427781
0.00357897
0.00294425
0.0023623
0.00182252
0.00131489
0.000829766
0.000357646
-0.000111088
-0.000586562
-0.0010799
-0.00160399
-0.00217463
-0.00281201
-0.00354244
-0.00440484
-0.00545212
-0.00675914
-0.00842089
-0.0105622
-0.0133279
-0.0168684
-0.0213072
-0.0267065
-0.0330685
-0.0403304
-0.0484371
-0.0574033
-0.0674097
-0.0784814
-0.0919366
-0.106666
-0.12541
-0.146527
-0.170199
0.0380795
0.0236084
0.00331878
-0.0211568
-0.0520015
-0.0894695
-0.133984
-0.184679
-0.239028
-0.292306
-0.339168
-0.372195
-0.378953
-0.347804
-0.273028
-0.16497
-0.0536298
0.043475
0.11602
0.16343
0.189413
0.199182
0.197773
0.189285
0.17673
0.162193
0.147038
0.132115
0.117924
0.104744
0.0926991
0.0818151
0.0720591
0.0633654
0.0556518
0.0488299
0.0428111
0.0375105
0.0328487
0.0287528
0.0251566
0.0220004
0.0192309
0.0168007
0.0146675
0.0127939
0.0111471
0.00969787
0.00842064
0.00729286
0.00629461
0.00540776
0.00461704
0.00390867
0.0032701
0.00268997
0.00215784
0.00166396
0.00119908
0.00075423
0.00032048
-0.000111316
-0.000550937
-0.00100931
-0.00149927
-0.00203667
-0.00264186
-0.00334153
-0.00417291
-0.00518626
-0.00644841
-0.00804436
-0.0100792
-0.0126697
-0.0159346
-0.0199732
-0.0248431
-0.0305593
-0.0370984
-0.044451
-0.0526657
-0.0619069
-0.0722616
-0.084644
-0.0982937
-0.115188
-0.133941
-0.154901
0.0296207
0.0167498
-0.00129396
-0.0232464
-0.0504401
-0.0829719
-0.120934
-0.163239
-0.207555
-0.249932
-0.285982
-0.309025
-0.310127
-0.282222
-0.222263
-0.13932
-0.0518926
0.0264374
0.0874733
0.129601
0.154644
0.166076
0.167589
0.162443
0.153197
0.141714
0.12928
0.116736
0.104604
0.0931937
0.0826694
0.0730944
0.064468
0.0567511
0.049884
0.0437971
0.0384176
0.0336738
0.0294974
0.0258251
0.0225989
0.0197662
0.0172797
0.0150971
0.0131809
0.0114977
0.010018
0.00871579
0.00756806
0.00655458
0.00565733
0.00486044
0.00414987
0.00351317
0.00293909
0.00241738
0.00193861
0.00149397
0.00107503
0.00067358
0.000281394
-0.000110074
-0.000510067
-0.000929051
-0.00137944
-0.00187662
-0.00244033
-0.00309632
-0.00387931
-0.0048356
-0.00602448
-0.00751945
-0.00940937
-0.0117896
-0.0147548
-0.0183868
-0.0227385
-0.0278335
-0.0336769
-0.0402888
-0.0477345
-0.0561567
-0.0656842
-0.0769099
-0.0893697
-0.104453
-0.121019
-0.139512
0.0226249
0.0113457
-0.00434424
-0.0235206
-0.0469949
-0.0747105
-0.106519
-0.141313
-0.177059
-0.210643
-0.238021
-0.253762
-0.251793
-0.227656
-0.180108
-0.116033
-0.0475813
0.0151175
0.0656195
0.102001
0.12494
0.136691
0.139924
0.137166
0.130523
0.121604
0.111565
0.101194
0.0910018
0.0813026
0.0722773
0.0640131
0.0565316
0.0498146
0.0438208
0.0384968
0.0337839
0.0296227
0.0259559
0.0227292
0.019893
0.0174015
0.0152139
0.0132931
0.0116065
0.0101247
0.00882201
0.00767544
0.00666486
0.00577244
0.00498235
0.00428061
0.00365484
0.00309406
0.00258831
0.00212855
0.00170644
0.00131413
0.000944132
0.000589081
0.000241538
-0.000106292
-0.000462934
-0.000838138
-0.00124355
-0.00169362
-0.00220687
-0.00280725
-0.00352623
-0.00440526
-0.00549546
-0.00686101
-0.00857618
-0.0107145
-0.0133552
-0.0165703
-0.0204079
-0.024897
-0.030059
-0.0359311
-0.0425864
-0.0501501
-0.0587628
-0.0687975
-0.0800035
-0.0933156
-0.107839
-0.124011
0.016934
0.00727416
-0.0060007
-0.0222593
-0.0419913
-0.0650484
-0.0911335
-0.119204
-0.147563
-0.173703
-0.194275
-0.20492
-0.201613
-0.181415
-0.144159
-0.0948421
-0.0417209
0.00784162
0.0487816
0.0792872
0.0993814
0.110489
0.114511
0.11336
0.108718
0.101924
0.0939772
0.0855812
0.0772061
0.0691507
0.0615944
0.054634
0.0483051
0.0426041
0.0375041
0.0329653
0.0289416
0.0253851
0.0222482
0.0194862
0.0170571
0.0149224
0.0130475
0.011401
0.00995492
0.00868432
0.00756714
0.00658382
0.00571707
0.00495163
0.00427394
0.00367206
0.00313527
0.00265413
0.00222011
0.0018254
0.00146281
0.00112557
0.000807155
0.000501143
0.000200983
-0.000100246
-0.000410186
-0.000737649
-0.00109321
-0.00149003
-0.00194482
-0.00247899
-0.00312013
-0.00390492
-0.00487691
-0.00608799
-0.00760011
-0.00947636
-0.0117832
-0.0145767
-0.0179029
-0.0217938
-0.026281
-0.0314116
-0.037259
-0.0439311
-0.0515589
-0.0603765
-0.0702754
-0.0818485
-0.0944239
-0.10838
0.0123146
0.0043201
-0.00651903
-0.0198074
-0.0358237
-0.0543699
-0.0751323
-0.0971395
-0.119089
-0.139
-0.154119
-0.161194
-0.157571
-0.141319
-0.112735
-0.0753717
-0.0349091
0.00340095
0.0356671
0.0603422
0.0771402
0.0869302
0.091034
0.0908671
0.0877247
0.0826809
0.0765597
0.0699574
0.0632832
0.0568032
0.0506818
0.0450135
0.0398394
0.0351651
0.0309744
0.0272387
0.0239226
0.0209887
0.018399
0.0161175
0.0141101
0.0123454
0.0107951
0.00943334
0.00823716
0.00718604
0.00626176
0.00544818
0.00473102
0.00409764
0.00353687
0.00303886
0.00259462
0.00219635
0.00183696
0.00150997
0.0012094
0.000929582
0.000665058
0.000410406
0.000160058
-9.19152e-05
-0.000352113
-0.000628198
-0.000929399
-0.00126718
-0.00165613
-0.00211484
-0.00266609
-0.00334252
-0.00417798
-0.00521861
-0.00651467
-0.00811007
-0.0100616
-0.0124252
-0.0152451
-0.0185424
-0.0223569
-0.026741
-0.0317643
-0.0375195
-0.044117
-0.0517072
-0.0602626
-0.0701294
-0.0808223
-0.0926348
0.00857845
0.00230241
-0.00610106
-0.0164063
-0.0287617
-0.0429599
-0.0587295
-0.0752487
-0.0915864
-0.106141
-0.116868
-0.12145
-0.118143
-0.10572
-0.0846066
-0.0572533
-0.0275248
0.000934285
0.0252748
0.0442419
0.0574772
0.0654833
0.0691495
0.0694848
0.0674439
0.0638418
0.0593211
0.0543564
0.0492802
0.0443127
0.0395927
0.0352026
0.0311823
0.0275416
0.0242716
0.0213525
0.0187586
0.0164617
0.0144332
0.0126451
0.0110713
0.00968749
0.00847144
0.00740314
0.00646462
0.00563985
0.00491455
0.0042761
0.0037133
0.0032162
0.00277613
0.00238527
0.00203655
0.00172379
0.00144144
0.00118439
0.000947906
0.000727492
0.000518795
0.000317464
0.000118997
-8.14378e-05
-0.000289256
-0.0005108
-0.000753707
-0.00102745
-0.00134415
-0.00171945
-0.00217367
-0.00273211
-0.00341977
-0.0042682
-0.00532332
-0.00663399
-0.00823772
-0.0101726
-0.0124761
-0.0151705
-0.0183112
-0.0219462
-0.0261347
-0.0309543
-0.0364922
-0.042849
-0.0500342
-0.0582269
-0.0670832
-0.076806
0.00551961
0.00101298
-0.00496555
-0.0122936
-0.0210454
-0.0310426
-0.0420818
-0.0535603
-0.0648217
-0.0747346
-0.0818694
-0.0846915
-0.0820864
-0.0733325
-0.0588293
-0.0401602
-0.019817
-0.000187816
0.0167978
0.0302075
0.0397319
0.0456426
0.0485029
0.048985
0.047742
0.0453426
0.0422446
0.0387921
0.0352296
0.0317217
0.0283735
0.0252484
0.0223793
0.0197763
0.0174349
0.0153426
0.0134818
0.0118331
0.0103763
0.0090918
0.00796085
0.0069662
0.00609202
0.00532396
0.00464915
0.00405607
0.00353452
0.0030754
0.00267067
0.00231314
0.00199645
0.00171555
0.00146475
0.0012396
0.00103616
0.000850773
0.000679986
0.000520512
0.000369155
0.000222686
7.77239e-05
-6.93903e-05
-0.000222793
-0.000387407
-0.000569096
-0.000775188
-0.00101511
-0.00130089
-0.00164785
-0.00207847
-0.00260577
-0.0032652
-0.00408308
-0.00508512
-0.00630481
-0.00780443
-0.00959985
-0.0117051
-0.0141743
-0.0170537
-0.0203969
-0.0242682
-0.0287341
-0.0338583
-0.039654
-0.0461987
-0.053249
-0.0609216
0.00294418
0.000239095
-0.00332788
-0.00769406
-0.0128918
-0.0188023
-0.0253005
-0.0320608
-0.0387066
-0.0444647
-0.048515
-0.0499948
-0.0482991
-0.0430882
-0.0346179
-0.0237551
-0.011901
-0.00040749
0.00961038
0.0175853
0.0233134
0.026926
0.0287337
0.0291196
0.0284624
0.0270957
0.0252919
0.0232596
0.0211486
0.0190607
0.0170615
0.015191
0.0134707
0.0119079
0.0105008
0.00924244
0.00812275
0.00713023
0.00625297
0.00547924
0.00479791
0.00419862
0.00367185
0.003209
0.00280232
0.00244489
0.00213056
0.00185387
0.00160998
0.0013945
0.00120365
0.0010345
0.000883143
0.000747085
0.000623959
0.000511515
0.00040762
0.000310218
0.000217309
0.000126805
3.6463e-05
-5.61452e-05
-0.000153796
-0.000259743
-0.000378056
-0.000513915
-0.000673792
-0.000865861
-0.00110068
-0.00138647
-0.00174653
-0.00219885
-0.00275837
-0.00346148
-0.00433483
-0.00538475
-0.00663649
-0.0081596
-0.00996828
-0.012098
-0.0145978
-0.0175132
-0.0208803
-0.0247693
-0.0291818
-0.0341137
-0.0393789
-0.045021
0.000617309
-0.000263062
-0.00141709
-0.0028245
-0.00449547
-0.00639234
-0.00847889
-0.0106812
-0.0128677
-0.0147158
-0.0159835
-0.0164077
-0.0158073
-0.0140896
-0.0113312
-0.00780719
-0.00395851
-0.000212274
0.00307233
0.00570687
0.00761787
0.00884016
0.00946908
0.00962613
0.00943332
0.00899931
0.00841445
0.0077487
0.00705291
0.00636196
0.00569845
0.0050763
0.00450319
0.00398192
0.0035122
0.00309185
0.00271764
0.00238581
0.00209243
0.00183363
0.0016057
0.00140518
0.00122892
0.00107404
0.000937948
0.000818337
0.000713151
0.000620567
0.000538961
0.000466854
0.00040312
0.00034635
0.00029535
0.000249262
0.000207251
0.000168509
0.00013225
9.76774e-05
6.39191e-05
3.00709e-05
-4.8102e-06
-4.18744e-05
-8.25052e-05
-0.000128381
-0.00018164
-0.000244979
-0.00032185
-0.000416675
-0.000535195
-0.000684141
-0.000874622
-0.00111574
-0.00142012
-0.0018007
-0.00228147
-0.0028799
-0.00363219
-0.0045589
-0.00569028
-0.00706869
-0.00873291
-0.0107271
-0.0130938
-0.0157962
-0.0187995
-0.0221078
-0.0255952
-0.0292269
-57.722
-89.1988
-130.374
-156.722
-183.487
-212.453
-204.158
-57.742
-89.2154
-130.389
-156.735
-183.5
-212.459
-204.149
-57.761
-89.2316
-130.404
-156.747
-183.512
-212.464
-204.14
-57.7806
-89.2483
-130.42
-156.759
-183.526
-212.47
-204.131
-57.7998
-89.2647
-130.436
-156.771
-183.538
-212.477
-204.123
-57.8192
-89.2815
-130.452
-156.783
-183.552
-212.484
-204.116
-57.8385
-89.2981
-130.468
-156.795
-183.565
-212.492
-204.108
-57.8578
-89.3149
-130.484
-156.808
-183.579
-212.5
-204.102
-57.877
-89.3317
-130.5
-156.82
-183.592
-212.508
-204.095
-57.8963
-89.3486
-130.517
-156.833
-183.606
-212.517
-204.09
-57.9155
-89.3656
-130.533
-156.845
-183.619
-212.527
-204.084
-57.9347
-89.3826
-130.55
-156.858
-183.634
-212.537
-204.079
-57.954
-89.3997
-130.567
-156.871
-183.647
-212.548
-204.075
-57.9731
-89.4169
-130.584
-156.883
-183.663
-212.559
-204.071
-58.0021
-89.4428
-130.61
-156.903
-183.682
-212.576
-204.065
-58.04
-89.4775
-130.645
-156.927
-183.715
-212.601
-204.06
-58.0787
-89.5126
-130.68
-156.957
-183.741
-212.629
-204.056
-58.1161
-89.5479
-130.716
-156.979
-183.777
-212.658
-204.056
-58.1556
-89.5835
-130.753
-157.012
-183.8
-212.689
-204.052
-58.1911
-89.6194
-130.79
-157.03
-183.844
-212.722
-204.061
-58.2333
-89.6552
-130.828
-157.069
-183.859
-212.758
-204.052
-58.409
-89.8783
-131.054
-156.984
-184.209
-212.977
-204.362
-59.1934
-90.33
-131.742
-158.443
-183.432
-213.924
-203.791
-59.1538
-91.0809
-132.274
-157.141
-186.392
-214.628
-205.678
-60.5376
-91.5074
-133.45
-160.085
-183.512
-216.84
-205.205
-59.8122
-92.528
-133.732
-157.465
-189.377
-216.935
-83.7354
-62.156
-92.9913
-135.956
-161.842
-182.273
-22.801
622.743
-60.3519
-94.2482
-135.253
-156.488
193.93
668.444
333.865
-64.6826
-95.071
-102.034
388.966
649.846
219.15
-0.585416
-60.1033
-19.2248
648.729
486.681
98.0631
0.203973
-0.97095
100.424
691.153
342.716
7.69001
0.20066
-1.69537
-0.890938
426.631
147.812
3.25948
0.760954
-1.00009
-1.74697
-0.795378
-0.892805
0.286787
-0.663879
-0.00384229
-0.863104
-1.42662
-0.683717
-0.759236
-0.77329
-1.06365
0.173608
-0.72572
-1.22949
-0.635488
-0.791804
-0.162175
-0.786617
0.129504
-0.657115
-1.152
-0.626351
-0.726122
-0.369642
-0.847101
0.0905298
-0.676433
-1.06857
-0.611095
-0.699547
-0.277931
-0.780093
0.0470169
-0.67092
-1.00145
-0.598952
-0.661979
-0.2962
-0.756374
0.00828425
-0.667957
-0.938429
-0.588518
-0.627539
-0.294019
-0.728408
-0.0266945
-0.662856
-0.882228
-0.579391
-0.595297
-0.293145
-0.703463
-0.0582028
-0.656083
-0.831571
-0.571206
-0.565491
-0.292273
-0.678909
-0.0864598
-0.648029
-0.785982
-0.563785
-0.538433
-0.291784
-0.655432
-0.111955
-0.639108
-0.745109
-0.556892
-0.513534
-0.291594
-0.633133
-0.134718
-0.62944
-0.708401
-0.550342
-0.490612
-0.291594
-0.611941
-0.155126
-0.619252
-0.675524
-0.543972
-0.469716
-0.291847
-0.5919
-0.17331
-0.60874
-0.646036
-0.537727
-0.450504
-0.292033
-0.572918
-0.189542
-0.597999
-0.619523
-0.531643
-0.432777
-0.292271
-0.554928
-0.203939
-0.587106
-0.595542
-0.525752
-0.416491
-0.292403
-0.537884
-0.216722
-0.576202
-0.573826
-0.52005
-0.401428
-0.29244
-0.521703
-0.228014
-0.565295
-0.554083
-0.514524
-0.387552
-0.292292
-0.506341
-0.23798
-0.554478
-0.536092
-0.50915
-0.374714
-0.291958
-0.491728
-0.246749
-0.543774
-0.519655
-0.503897
-0.362805
-0.291418
-0.477821
-0.254447
-0.533222
-0.50461
-0.498749
-0.351686
-0.290704
-0.464535
-0.261203
-0.522837
-0.490799
-0.493691
-0.341295
-0.289821
-0.451907
-0.267011
-0.512635
-0.478081
-0.488702
-0.331641
-0.288748
-0.439804
-0.272039
-0.502625
-0.466336
-0.483763
-0.322628
-0.287476
-0.428222
-0.276349
-0.492813
-0.45546
-0.478856
-0.314163
-0.286034
-0.417134
-0.280002
-0.483196
-0.445363
-0.473972
-0.306218
-0.284408
-0.406519
-0.283053
-0.473766
-0.435951
-0.469107
-0.298742
-0.282597
-0.39636
-0.285557
-0.464517
-0.427139
-0.464249
-0.291682
-0.280616
-0.386633
-0.287566
-0.455441
-0.418866
-0.459378
-0.285001
-0.278466
-0.377316
-0.289139
-0.44651
-0.41108
-0.454494
-0.278662
-0.276158
-0.368388
-0.290386
-0.437645
-0.403717
-0.449599
-0.272631
-0.2737
-0.359827
-0.291101
-0.429071
-0.396727
-0.444677
-0.266876
-0.2711
-0.351609
-0.29136
-0.420737
-0.390067
-0.439733
-0.261371
-0.268363
-0.343715
-0.291204
-0.41264
-0.383691
-0.434743
-0.25609
-0.265505
-0.336123
-0.290668
-0.404755
-0.377588
-0.429712
-0.251012
-0.262535
-0.328816
-0.289782
-0.397067
-0.371716
-0.424644
-0.246109
-0.259465
-0.321775
-0.288565
-0.389558
-0.366053
-0.419527
-0.241362
-0.256296
-0.314972
-0.287038
-0.382205
-0.360586
-0.414353
-0.236752
-0.253032
-0.308394
-0.285223
-0.374762
-0.355527
-0.409111
-0.232268
-0.249694
-0.302034
-0.283152
-0.367523
-0.350569
-0.403784
-0.227902
-0.246301
-0.295879
-0.280854
-0.360471
-0.34569
-0.398355
-0.223646
-0.242853
-0.289905
-0.27834
-0.353588
-0.340852
-0.392954
-0.219478
-0.23934
-0.28408
-0.275614
-0.346852
-0.336044
-0.387555
-0.215368
-0.235749
-0.278375
-0.272682
-0.340242
-0.331253
-0.382142
-0.211295
-0.232079
-0.272776
-0.26957
-0.333751
-0.326472
-0.376714
-0.207264
-0.228348
-0.267283
-0.266305
-0.327378
-0.321704
-0.371272
-0.195464
-0.217025
-0.250868
-0.255826
-0.307806
-0.306629
-0.353755
-0.176993
-0.197784
-0.225599
-0.235558
-0.277074
-0.280767
-0.323409
-0.158864
-0.178114
-0.201389
-0.213638
-0.247483
-0.254157
-0.292193
-0.140891
-0.158171
-0.177753
-0.190629
-0.218451
-0.226674
-0.259988
-0.122926
-0.138029
-0.154423
-0.166866
-0.189629
-0.198315
-0.226814
-0.104919
-0.117748
-0.131253
-0.142546
-0.16083
-0.169157
-0.192756
-0.0868729
-0.0973833
-0.108188
-0.117816
-0.131986
-0.139321
-0.157932
-0.0688021
-0.0769706
-0.0851944
-0.0927838
-0.103084
-0.108936
-0.122479
-0.0507264
-0.0565415
-0.0622288
-0.0675305
-0.0741274
-0.0781395
-0.0865831
-0.0327549
-0.0362104
-0.0393577
-0.0422193
-0.0452125
-0.0471493
-0.0504998
-168.677
-146.438
-142.647
-152.316
-168.664
-146.432
-142.649
-152.35
-168.65
-146.425
-142.649
-152.333
-168.637
-146.419
-142.651
-152.347
-168.624
-146.412
-142.651
-152.36
-168.61
-146.405
-142.653
-152.373
-168.597
-146.398
-142.652
-152.386
-168.583
-146.39
-142.654
-152.398
-168.569
-146.382
-142.652
-152.413
-168.555
-146.374
-142.654
-152.433
-168.541
-146.366
-142.651
-152.457
-168.527
-146.358
-142.654
-152.483
-168.513
-146.349
-142.651
-152.513
-168.499
-146.34
-142.653
-152.546
-168.478
-146.327
-142.647
-152.605
-168.449
-146.306
-142.653
-152.67
-168.419
-146.289
-142.649
-152.774
-168.39
-146.263
-142.66
-152.91
-168.358
-146.248
-142.659
-153.06
-168.333
-146.214
-142.675
-153.22
-168.293
-146.208
-142.683
-153.405
-168.219
-145.913
-142.806
-152.407
-167.196
-146.493
-140.672
193.159
-167.569
-143.247
253.371
653.973
-162.339
331.802
610.85
168.054
473.377
516.259
100.778
0.165955
416.719
33.2461
0.560371
-0.609221
-0.581166
0.133103
-0.240246
-0.406521
0.459616
-0.534809
-0.452724
-0.491257
-0.229743
-0.419525
-0.302557
-0.377306
0.0233755
-0.364205
-0.304291
-0.412897
-0.153714
-0.374657
-0.314935
-0.424967
-0.0371527
-0.384329
-0.331522
-0.442277
-0.188922
-0.396578
-0.342046
-0.456867
-0.154615
-0.40659
-0.354397
-0.470594
-0.22315
-0.41622
-0.366124
-0.482882
-0.229937
-0.424941
-0.377349
-0.494193
-0.261636
-0.432882
-0.388042
-0.50458
-0.27943
-0.440143
-0.398099
-0.514172
-0.297815
-0.446702
-0.407526
-0.523069
-0.313473
-0.452681
-0.416337
-0.531329
-0.327394
-0.458049
-0.424519
-0.539003
-0.339647
-0.462881
-0.432112
-0.546127
-0.350389
-0.467189
-0.439126
-0.552692
-0.359796
-0.471009
-0.44556
-0.558734
-0.368003
-0.474357
-0.451452
-0.564307
-0.375137
-0.477252
-0.456829
-0.5694
-0.381318
-0.479714
-0.461712
-0.574016
-0.38665
-0.481755
-0.46612
-0.578148
-0.391239
-0.483372
-0.470072
-0.581776
-0.395085
-0.484654
-0.473586
-0.584886
-0.398271
-0.4856
-0.476678
-0.58746
-0.400862
-0.486221
-0.479364
-0.58949
-0.402912
-0.486529
-0.481657
-0.590986
-0.40447
-0.486536
-0.483572
-0.591977
-0.405579
-0.486253
-0.485125
-0.592512
-0.406275
-0.48569
-0.486327
-0.592642
-0.406594
-0.484859
-0.487192
-0.592406
-0.406568
-0.483769
-0.487733
-0.591827
-0.406223
-0.48243
-0.487963
-0.590922
-0.405579
-0.480851
-0.487891
-0.589712
-0.404659
-0.479039
-0.487526
-0.588216
-0.403487
-0.477001
-0.486879
-0.586444
-0.402071
-0.474745
-0.48596
-0.584395
-0.400439
-0.47228
-0.484774
-0.582069
-0.39859
-0.469612
-0.48333
-0.57949
-0.396548
-0.466747
-0.481638
-0.576678
-0.394325
-0.463693
-0.479705
-0.573623
-0.39193
-0.460453
-0.477532
-0.570319
-0.389377
-0.457033
-0.475124
-0.566787
-0.386682
-0.453441
-0.47249
-0.563038
-0.383898
-0.449688
-0.469637
-0.559073
-0.38092
-0.445773
-0.466571
-0.554886
-0.377764
-0.441698
-0.463292
-0.550483
-0.374439
-0.437466
-0.459803
-0.545897
-0.370968
-0.433081
-0.456131
-0.541087
-0.367371
-0.428575
-0.452283
-0.536061
-0.355245
-0.413325
-0.438801
-0.51848
-0.33022
-0.383187
-0.409421
-0.482612
-0.301922
-0.349714
-0.375151
-0.442613
-0.270857
-0.313269
-0.336715
-0.39661
-0.237553
-0.274297
-0.293665
-0.347633
-0.202475
-0.233419
-0.248652
-0.294454
-0.166089
-0.19152
-0.201344
-0.238349
-0.128652
-0.14733
-0.153791
-0.180402
-0.090466
-0.101922
-0.10568
-0.121409
-0.0518763
-0.0560283
-0.0571389
-0.0620192
-165.95
101.308
1144.53
1176.58
923.617
882.296
957.932
955.752
1026.65
1148.25
1209.06
1158.07
1053.99
902.618
-171.975
204.954
1141.7
1212.7
731.877
415.441
336.624
207.245
93.227
25.2532
29.882
56.185
89.2236
189.131
-171.548
-105.312
792.107
1152.12
468.402
164.523
154.437
100.501
53.7462
19.6103
29.2059
69.9859
111.421
195.137
-172.222
-211.743
738.245
1064.11
412.863
35.0617
27.3685
27.0895
30.9714
34.9105
36.7117
51.8771
43.6578
55.5816
-171.443
-207.131
484.634
1050.94
503.611
89.0543
36.8778
28.6303
27.0923
26.8721
34.3609
50.6789
33.0376
24.6056
-171.943
-165.998
786.571
1039.33
688.803
355.067
251.612
121.139
47.6012
48.7743
66.6806
79.0729
31.6297
9.97036
-171.337
-192.455
449.595
1055.34
757.936
635.469
555.212
213.73
62.3012
53.8719
68.6454
98.9315
36.8136
8.23895
-171.75
-204.162
325.132
1089.2
400.649
67.0039
61.7995
15.4895
1.21068
3.52744
69.1718
87.2982
43.1183
7.87952
-171.428
-197.408
397.418
989.045
377.254
32.7263
2.95197
3.2211
0.00516775
-6.91608
37.0238
53.6483
50.3365
21.0367
-171.588
-203.151
416.266
943.879
437.914
10.7769
-0.762679
2.91468
-0.15786
-11.8961
6.72821
33.4699
106.434
71.9159
-171.498
-192.457
503.102
763.672
690.181
1.65653
-1.08868
2.83583
0.506843
-11.9961
-6.50145
45.6211
241.11
156.545
-171.6
-193.704
533.281
556.783
1226.04
26.3797
-1.60457
2.70806
1.26567
-9.60855
-4.12948
114.226
415.566
80.1289
-171.5
-178.697
586.696
417.835
1778.52
93.4376
-1.88867
2.67016
0.373507
4.29412
5.81937
468.223
379.594
34.6884
-171.392
-151.47
609.451
504.651
1821.79
22.44
-1.83158
2.62005
-0.0344057
42.238
40.7634
502.433
293.001
20.458
-170.899
-99.426
688.486
845.239
938.79
6.30539
-1.58462
2.6105
-0.403104
11.314
339.41
484.438
153.527
6.71109
-171.541
-19.2583
720.078
1260.45
1069.05
3.75786
-1.60212
2.55754
-0.490287
-13.134
198.5
167.539
20.8693
5.04117
-171.693
-100.319
747.047
1567.36
769.452
2.75062
-1.61596
2.52725
-0.501959
-13.987
53.1819
15.1739
6.99044
5.02753
-172.625
-142.75
733.298
1103.31
448.755
0.380761
-1.65249
2.49541
-0.53404
-14.114
-13.7096
0.207471
6.88021
4.99978
-172.395
-70.763
736.688
744.17
325.813
-0.134646
-1.68063
2.48811
-0.537471
-14.1709
-16.5342
0.0967338
6.87286
5.01824
-172.474
45.7832
709.706
759.436
274.067
-2.22394
-1.55941
2.56238
-0.521388
-14.2124
-16.6708
0.0237592
6.87961
5.02019
-171.73
208.374
677.146
604.948
203.334
-0.453278
-1.43689
2.63539
-0.478509
-14.1884
-16.6964
0.015482
6.87052
5.02406
111.522
612.488
500.964
301.589
122.029
4.80019
-0.681827
2.94824
-0.389222
-14.0925
-16.832
-0.0651325
6.88364
5.02686
648.002
250.059
10.4832
3.45869
-1.43657
-1.95509
-0.859454
2.68884
-0.630958
-14.1704
-17.2484
-0.0721815
6.78431
5.0138
212.318
-0.50568
2.00767
-1.39569
-3.16324
-2.76828
-1.17671
2.5309
-0.947583
-15.1561
-18.0166
-0.516178
6.57039
4.97227
-1.78569
-0.0839252
0.916265
-1.0366
-2.61353
-2.44826
-1.27728
2.55274
-1.05315
-16.0095
-18.2016
-0.917354
6.41856
4.94778
-1.48287
-0.495045
0.581109
-1.40016
-2.90309
-2.69983
-1.33132
2.35086
-1.33831
-16.5705
-18.3161
-1.32983
6.12791
4.91179
-1.41986
-0.525554
0.373461
-1.3857
-2.53685
-2.19666
-1.26469
2.17934
-1.63756
-16.9534
-18.6926
-1.6603
6.09873
4.90195
-1.30289
-0.578419
0.27636
-1.3939
-2.59792
-2.52144
-1.33248
1.92825
-1.9973
-17.3952
-19.2229
-2.24658
5.86294
4.81539
-1.26917
-0.570515
0.143845
-1.39383
-2.35297
-2.02273
-1.31946
1.68241
-2.40961
-17.896
-19.7197
-2.86558
5.42353
4.71111
-1.15047
-0.567305
0.0387787
-1.39369
-2.37873
-2.1313
-1.37825
1.40473
-2.87892
-18.4723
-20.1
-3.46919
5.04392
4.59316
-1.13027
-0.575801
-0.0671488
-1.3848
-2.15774
-1.8882
-1.38361
1.1232
-3.38265
-19.055
-20.3839
-4.22608
4.76986
4.45497
-1.07636
-0.580623
-0.159664
-1.38364
-2.19836
-1.86881
-1.44926
0.84381
-3.90498
-19.6032
-20.6466
-4.89185
4.47268
4.30303
-1.04074
-0.587149
-0.244367
-1.36848
-2.02207
-1.74827
-1.4924
0.513477
-4.40609
-20.1102
-20.878
-5.38579
4.13317
4.13656
-1.00561
-0.593552
-0.321512
-1.36238
-2.03533
-1.69975
-1.54192
0.20623
-4.87097
-20.5923
-21.0355
-5.78716
3.85248
3.96084
-0.974527
-0.600587
-0.391564
-1.34975
-1.93534
-1.63549
-1.58914
-0.0140225
-5.2977
-21.0371
-21.1057
-6.13605
3.58844
3.7804
-0.946294
-0.608104
-0.454822
-1.33946
-1.89789
-1.59126
-1.64192
-0.258522
-5.69714
-21.3453
-21.1322
-6.42854
3.35604
3.60796
-0.920726
-0.616028
-0.511908
-1.32817
-1.84764
-1.55295
-1.69607
-0.497115
-6.07838
-21.4236
-21.1438
-6.65045
3.17489
3.43748
-0.897599
-0.624373
-0.563204
-1.3166
-1.8066
-1.52491
-1.75061
-0.704184
-6.44592
-21.3021
-21.18
-6.82385
2.94514
3.30312
-0.876669
-0.633125
-0.609108
-1.30482
-1.77068
-1.50174
-1.80622
-0.897007
-6.77391
-20.9557
-21.2254
-6.94414
2.66522
3.24135
-0.857699
-0.642235
-0.650041
-1.29298
-1.73925
-1.48371
-1.86455
-1.06545
-7.05101
-20.4434
-21.2328
-7.01908
2.37732
3.1772
-0.84044
-0.651588
-0.686448
-1.28118
-1.71163
-1.46687
-1.92186
-1.23011
-7.28872
-19.9986
-21.0866
-7.03575
2.08941
3.14261
-0.82472
-0.661023
-0.718783
-1.26954
-1.6871
-1.45595
-1.97809
-1.39118
-7.48316
-19.7552
-20.6064
-6.99073
1.89726
3.13217
-0.810394
-0.670394
-0.747505
-1.25814
-1.66579
-1.45234
-2.03247
-1.53743
-7.60378
-19.8052
-20.1322
-6.86009
1.83972
3.08751
-0.797309
-0.679545
-0.773011
-1.24704
-1.6471
-1.44704
-2.08302
-1.67467
-7.66052
-19.6416
-19.7315
-6.67506
1.65756
3.03844
-0.785353
-0.688357
-0.795627
-1.23634
-1.63025
-1.44323
-2.13017
-1.81039
-7.68541
-19.3762
-19.3622
-6.54033
1.43168
3.01847
-0.774386
-0.696773
-0.815642
-1.22607
-1.61528
-1.44386
-2.1734
-1.93428
-7.68481
-19.0428
-18.8661
-6.3497
1.23123
2.99463
-0.764299
-0.704757
-0.833296
-1.21624
-1.60207
-1.44571
-2.21174
-2.05124
-7.67604
-18.6492
-18.3411
-6.08789
1.06046
2.96139
-0.754995
-0.712259
-0.848812
-1.20691
-1.59041
-1.44856
-2.24675
-2.17095
-7.68137
-18.2027
-17.8132
-5.3797
0.90702
2.92009
-0.746401
-0.719257
-0.862388
-1.19806
-1.57865
-1.45214
-2.27789
-2.25761
-7.63537
-17.712
-17.1169
-4.90914
0.539762
2.88603
-0.738471
-0.725737
-0.874187
-1.18948
-1.56748
-1.45665
-2.30448
-2.33767
-7.46178
-17.1594
-15.8946
-4.68122
0.296996
2.85684
-0.731167
-0.731677
-0.884335
-1.18129
-1.55818
-1.46167
-2.3268
-2.42112
-7.23641
-16.6127
-15.1269
-4.4847
0.169866
2.8198
-0.724451
-0.737068
-0.892919
-1.1736
-1.54851
-1.46668
-2.34393
-2.48857
-7.03175
-16.0451
-14.5625
-4.75716
0.0785591
2.7756
-0.718276
-0.741902
-0.900062
-1.16617
-1.53873
-1.47156
-2.35621
-2.54599
-6.82647
-15.4366
-14.2185
-4.97027
0.0221223
2.72178
-0.712574
-0.746201
-0.905913
-1.15905
-1.52953
-1.4762
-2.36396
-2.58962
-6.61413
-14.8469
-13.5185
-4.8823
-0.013912
2.65885
-0.707265
-0.749981
-0.910598
-1.15203
-1.52016
-1.48038
-2.36783
-2.62586
-6.37869
-14.2968
-12.7418
-4.75893
-0.0346266
2.58837
-0.702281
-0.75322
-0.914191
-1.14511
-1.51082
-1.48391
-2.36899
-2.65729
-6.16844
-13.7547
-11.9951
-4.62206
-0.0512455
2.51163
-0.697548
-0.755905
-0.916791
-1.13833
-1.5013
-1.48659
-2.36671
-2.67477
-5.98729
-13.1273
-11.4235
-4.51438
-0.0564316
2.42841
-0.692987
-0.758059
-0.918481
-1.13159
-1.4915
-1.48828
-2.36208
-2.68159
-5.78247
-12.415
-10.9187
-4.3787
-0.0484182
2.33853
-0.688537
-0.759708
-0.919319
-1.1248
-1.48138
-1.48887
-2.35311
-2.68126
-5.58188
-11.6838
-10.364
-4.22986
-0.0517706
2.24539
-0.684163
-0.760849
-0.919339
-1.118
-1.47089
-1.48824
-2.34108
-2.67148
-5.37778
-11.1087
-9.73102
-4.11011
-0.0444913
2.15335
-0.679848
-0.761456
-0.91862
-1.11101
-1.45997
-1.48633
-2.32639
-2.65731
-5.16164
-10.6347
-8.98986
-3.91199
-0.0191743
2.06323
-0.675567
-0.761536
-0.917139
-1.10387
-1.44867
-1.483
-2.30929
-2.63863
-4.9544
-10.087
-8.27911
-3.68407
0.0053739
1.97652
-0.671297
-0.7611
-0.914985
-1.09671
-1.43692
-1.47803
-2.29026
-2.61591
-4.75495
-9.45408
-7.71261
-3.47345
0.0267086
1.89304
-0.66703
-0.760152
-0.912085
-1.0894
-1.42471
-1.47225
-2.26865
-2.58964
-4.56713
-8.76806
-7.2782
-3.19949
0.0383882
1.81313
-0.662765
-0.758644
-0.908545
-1.08196
-1.41205
-1.46561
-2.24469
-2.55978
-4.39182
-8.12244
-6.85207
-2.93914
0.0455344
1.73673
-0.658466
-0.756616
-0.904508
-1.07434
-1.39895
-1.45809
-2.21864
-2.52659
-4.22669
-7.52491
-6.43944
-2.73025
0.0510867
1.66363
-0.654072
-0.754117
-0.89992
-1.06651
-1.38545
-1.44964
-2.19067
-2.49039
-4.07005
-6.98236
-6.05252
-2.55431
0.0540507
1.59367
-0.649562
-0.75116
-0.894817
-1.05846
-1.37159
-1.44024
-2.16091
-2.45155
-3.91995
-6.49429
-5.69244
-2.39475
0.0550575
1.52674
-0.644937
-0.747729
-0.889233
-1.05017
-1.35748
-1.42983
-2.12966
-2.41057
-3.7756
-6.05326
-5.35559
-2.25247
0.0547413
1.46267
-0.64016
-0.743878
-0.883188
-1.04163
-1.34267
-1.41885
-2.09722
-2.36811
-3.63681
-5.65335
-5.03922
-2.12544
0.0534456
1.40135
-0.635221
-0.739621
-0.876679
-1.03282
-1.3273
-1.40722
-2.06359
-2.32467
-3.50346
-5.28988
-4.74227
-2.01117
0.0514626
1.34265
-0.630097
-0.734971
-0.869747
-1.0237
-1.31143
-1.39502
-2.02863
-2.28023
-3.37547
-4.95849
-4.46385
-1.90776
0.049032
1.28644
-0.624792
-0.729989
-0.862396
-1.01412
-1.29527
-1.38236
-1.99276
-2.2345
-3.25232
-4.65576
-4.20273
-1.81363
0.0461927
1.2326
-0.619303
-0.724667
-0.854646
-1.00446
-1.27844
-1.36915
-1.9566
-2.18771
-3.13306
-4.37872
-3.95856
-1.72726
0.043025
1.18107
-0.613603
-0.719013
-0.846497
-0.99466
-1.26096
-1.35517
-1.91985
-2.14091
-3.01677
-4.12512
-3.73015
-1.64736
0.0395501
1.13176
-0.607677
-0.713046
-0.837943
-0.984625
-1.24282
-1.34034
-1.88154
-2.0948
-2.90274
-3.89156
-3.51669
-1.573
0.0359124
1.08461
-0.601556
-0.706761
-0.829022
-0.97436
-1.22394
-1.32468
-1.84142
-2.0489
-2.79199
-3.67235
-3.31727
-1.50309
0.0321433
1.03952
-0.579844
-0.683923
-0.795614
-0.937698
-1.15288
-1.26454
-1.6874
-1.8717
-2.37925
-2.86175
-2.56561
-1.23016
0.0182894
0.857015
-0.534706
-0.637079
-0.728096
-0.861626
-1.02209
-1.14668
-1.43834
-1.57612
-1.87891
-2.07501
-1.81087
-0.909425
0.00379924
0.634418
-0.484785
-0.579885
-0.654823
-0.772828
-0.894071
-1.01556
-1.20605
-1.31464
-1.46967
-1.51436
-1.2719
-0.679335
-0.000349789
0.475594
-0.431899
-0.515583
-0.577494
-0.67691
-0.770804
-0.874362
-0.997838
-1.07663
-1.15641
-1.12319
-0.921594
-0.498412
-0.00355484
0.35884
-0.375778
-0.445879
-0.497331
-0.576848
-0.649749
-0.731327
-0.81151
-0.862606
-0.894069
-0.842523
-0.665411
-0.361606
-0.00836212
0.273029
-0.316988
-0.372602
-0.414714
-0.474796
-0.530461
-0.590758
-0.642374
-0.671919
-0.677408
-0.620763
-0.478414
-0.259631
-0.00703046
0.206317
-0.255969
-0.297099
-0.330343
-0.373006
-0.413019
-0.454032
-0.486827
-0.50039
-0.49411
-0.443112
-0.334473
-0.180356
-0.00366829
0.15081
-0.193146
-0.220743
-0.244364
-0.271941
-0.297711
-0.322262
-0.340932
-0.345357
-0.334828
-0.295217
-0.21931
-0.116888
-0.000879893
0.103291
-0.128984
-0.144221
-0.157447
-0.171709
-0.184443
-0.195261
-0.201973
-0.201889
-0.192429
-0.16732
-0.122409
-0.0641808
0.00106903
0.0607525
-0.0641017
-0.0678139
-0.0704874
-0.0724584
-0.0730801
-0.0721853
-0.0696723
-0.0664506
-0.0616779
-0.0523677
-0.0375669
-0.0191389
0.00122752
0.0201523
527.368
80.7695
4.36222
3.31274
2.47045
2.0169
1.68207
1.41532
1.1962
1.01311
0.858899
0.728205
0.617045
0.522511
0.441828
0.37323
0.314656
0.264885
0.222443
0.186455
0.15586
0.130041
0.108186
0.0898404
0.0743858
0.0614703
0.0506537
0.0416567
0.0341634
0.0279608
0.0228194
0.0185809
0.0150827
0.0122101
0.00985114
0.0079228
0.00635008
0.00507238
0.00403818
0.00320411
0.00253382
0.00199707
0.00156859
0.00122789
0.000957565
0.000745346
261.332
152.039
16.3441
3.28886
2.46988
2.01672
1.68193
1.41521
1.19611
1.01303
0.858834
0.72815
0.616998
0.522471
0.441795
0.373202
0.314632
0.264864
0.222426
0.18644
0.155848
0.13003
0.108176
0.0898326
0.0743794
0.0614649
0.0506491
0.041653
0.0341603
0.0279582
0.0228172
0.0185791
0.0150813
0.0122089
0.00985013
0.00792196
0.0063494
0.00507181
0.00403772
0.00320373
0.0025335
0.00199681
0.00156837
0.00122771
0.000957415
0.000745219
259.431
149.977
14.9685
3.27608
2.46928
2.01653
1.6818
1.4151
1.19601
1.01296
0.858769
0.728095
0.616951
0.522431
0.44176
0.373173
0.314607
0.264843
0.222408
0.186425
0.155835
0.130019
0.108167
0.0898248
0.0743727
0.0614593
0.0506445
0.0416491
0.034157
0.0279555
0.0228149
0.0185772
0.0150797
0.0122075
0.009849
0.00792102
0.0063486
0.00507113
0.00403714
0.00320324
0.00253308
0.00199644
0.00156805
0.00122742
0.000957157
0.000744984
192.835
166.148
19.7278
3.2583
2.46865
2.01634
1.68166
1.41499
1.19592
1.01288
0.858703
0.728039
0.616903
0.522391
0.441726
0.373143
0.314582
0.264822
0.222389
0.186409
0.155821
0.130008
0.108158
0.0898169
0.0743661
0.0614537
0.0506398
0.0416451
0.0341537
0.0279527
0.0228126
0.0185752
0.015078
0.0122062
0.00984786
0.00792006
0.00634779
0.00507045
0.00403656
0.00320274
0.00253265
0.00199607
0.00156772
0.00122713
0.000956897
0.000744747
136.549
166.299
32.5692
3.23865
2.46806
2.01615
1.68151
1.41487
1.19583
1.0128
0.858637
0.727983
0.616856
0.52235
0.441691
0.373114
0.314557
0.2648
0.222371
0.186394
0.155808
0.129997
0.108148
0.089809
0.0743594
0.0614482
0.0506351
0.0416412
0.0341505
0.02795
0.0228104
0.0185734
0.0150765
0.0122049
0.0098468
0.00791918
0.00634706
0.00506984
0.00403606
0.00320232
0.0025323
0.00199578
0.00156748
0.00122692
0.000956717
0.000744591
87.3769
166.496
40.0992
3.20932
2.46738
2.01595
1.68137
1.41476
1.19573
1.01272
0.85857
0.727926
0.616808
0.52231
0.441657
0.373084
0.314531
0.264779
0.222353
0.186378
0.155795
0.129986
0.108139
0.089801
0.0743528
0.0614426
0.0506305
0.0416373
0.0341472
0.0279474
0.0228082
0.0185715
0.015075
0.0122036
0.00984577
0.00791833
0.00634637
0.00506928
0.0040356
0.00320195
0.002532
0.00199553
0.00156727
0.00122676
0.000956584
0.000744481
25.2312
166.925
128.28
8.06896
2.46678
2.01575
1.68122
1.41464
1.19564
1.01264
0.858503
0.727869
0.616759
0.522268
0.441622
0.373054
0.314506
0.264757
0.222334
0.186363
0.155782
0.129974
0.108129
0.0897931
0.0743461
0.061437
0.0506258
0.0416335
0.034144
0.0279447
0.022806
0.0185697
0.0150735
0.0122024
0.00984475
0.0079175
0.00634569
0.00506873
0.00403515
0.00320159
0.00253171
0.0019953
0.00156709
0.00122661
0.000956465
0.000744386
7.22491
101.4
81.4696
10.8038
2.46668
2.01556
1.68108
1.41452
1.19554
1.01256
0.858435
0.727812
0.616711
0.522227
0.441586
0.373024
0.31448
0.264735
0.222316
0.186347
0.155768
0.129963
0.10812
0.0897851
0.0743394
0.0614314
0.0506211
0.0416295
0.0341407
0.027942
0.0228037
0.0185679
0.015072
0.0122011
0.00984372
0.00791666
0.00634501
0.00506817
0.0040347
0.00320123
0.00253142
0.00199507
0.0015669
0.00122646
0.000956348
0.000744293
5.095
37.5883
35.104
6.30402
2.47085
2.01535
1.68093
1.41441
1.19544
1.01248
0.858367
0.727754
0.616662
0.522185
0.441551
0.372994
0.314455
0.264713
0.222297
0.186331
0.155755
0.129952
0.10811
0.089777
0.0743326
0.0614257
0.0506163
0.0416256
0.0341375
0.0279393
0.0228015
0.018566
0.0150704
0.0121999
0.00984269
0.00791581
0.00634432
0.00506762
0.00403425
0.00320086
0.00253113
0.00199483
0.00156672
0.00122631
0.00095623
0.0007442
5.98664
6.17839
9.21771
3.68337
2.46709
2.01514
1.68078
1.41429
1.19535
1.0124
0.858299
0.727696
0.616612
0.522143
0.441515
0.372963
0.314429
0.264691
0.222278
0.186315
0.155741
0.12994
0.108101
0.0897688
0.0743258
0.06142
0.0506116
0.0416216
0.0341342
0.0279365
0.0227992
0.0185641
0.0150689
0.0121986
0.00984165
0.00791496
0.00634362
0.00506705
0.0040338
0.0032005
0.00253083
0.0019946
0.00156653
0.00122616
0.000956112
0.000744107
9.82131
2.66331
3.14902
3.24516
2.46596
2.01492
1.68063
1.41417
1.19525
1.01232
0.858229
0.727638
0.616562
0.522101
0.441479
0.372933
0.314402
0.264669
0.222259
0.186299
0.155728
0.129929
0.108091
0.0897607
0.0743189
0.0614142
0.0506068
0.0416176
0.0341308
0.0279337
0.0227969
0.0185622
0.0150673
0.0121973
0.0098406
0.0079141
0.00634292
0.00506648
0.00403334
0.00320013
0.00253054
0.00199436
0.00156634
0.00122601
0.000955992
0.000744012
4.5649
2.62359
3.14036
3.24288
2.4653
2.01469
1.68047
1.41404
1.19515
1.01223
0.85816
0.727579
0.616512
0.522058
0.441443
0.372902
0.314376
0.264647
0.22224
0.186283
0.155714
0.129917
0.108081
0.0897524
0.074312
0.0614084
0.0506019
0.0416136
0.0341275
0.027931
0.0227946
0.0185603
0.0150657
0.012196
0.00983954
0.00791324
0.00634222
0.00506591
0.00403287
0.00319975
0.00253024
0.00199412
0.00156615
0.00122586
0.000955871
0.000743917
3.8588
2.64062
3.14239
3.23998
2.46462
2.01446
1.68032
1.41392
1.19505
1.01215
0.858089
0.727519
0.616462
0.522015
0.441406
0.372871
0.31435
0.264624
0.222221
0.186266
0.1557
0.129905
0.108071
0.0897441
0.074305
0.0614025
0.050597
0.0416095
0.0341241
0.0279282
0.0227923
0.0185584
0.0150642
0.0121947
0.00983847
0.00791236
0.00634151
0.00506533
0.00403241
0.00319938
0.00252993
0.00199388
0.00156595
0.0012257
0.00095575
0.00074382
3.68136
2.64718
3.14544
3.23676
2.46393
2.01423
1.68016
1.4138
1.19495
1.01206
0.858018
0.727459
0.616411
0.521972
0.441369
0.372839
0.314323
0.264601
0.222202
0.18625
0.155686
0.129894
0.108061
0.0897357
0.074298
0.0613967
0.0505921
0.0416054
0.0341207
0.0279253
0.0227899
0.0185565
0.0150626
0.0121934
0.00983739
0.00791148
0.00634079
0.00506475
0.00403193
0.003199
0.00252963
0.00199363
0.00156576
0.00122555
0.000955627
0.000743723
3.6823
2.69184
3.14852
3.23174
2.46289
2.01388
1.67992
1.41361
1.19479
1.01194
0.857911
0.727369
0.616334
0.521907
0.441314
0.372792
0.314283
0.264567
0.222173
0.186225
0.155665
0.129876
0.108046
0.089723
0.0742873
0.0613878
0.0505847
0.0415992
0.0341155
0.027921
0.0227864
0.0185536
0.0150602
0.0121914
0.00983577
0.00791015
0.0063397
0.00506387
0.00403122
0.00319842
0.00252917
0.00199326
0.00156546
0.00122531
0.00095544
0.000743575
3.68531
2.71815
3.14907
3.22497
2.4615
2.0134
1.6796
1.41336
1.19459
1.01176
0.857767
0.727247
0.616231
0.521819
0.441239
0.372728
0.314228
0.264521
0.222133
0.186191
0.155637
0.129852
0.108026
0.0897059
0.074273
0.0613757
0.0505746
0.0415908
0.0341086
0.0279153
0.0227816
0.0185496
0.0150569
0.0121887
0.00983356
0.00790834
0.00633823
0.00506267
0.00403025
0.00319764
0.00252854
0.00199276
0.00156506
0.00122499
0.000955188
0.000743375
3.71974
2.73854
3.14833
3.2182
2.46011
2.01291
1.67927
1.4131
1.19438
1.01159
0.85762
0.727123
0.616125
0.521729
0.441163
0.372663
0.314173
0.264473
0.222093
0.186157
0.155608
0.129827
0.108005
0.0896886
0.0742584
0.0613635
0.0505644
0.0415823
0.0341015
0.0279094
0.0227768
0.0185456
0.0150536
0.012186
0.00983132
0.00790651
0.00633674
0.00506146
0.00402927
0.00319685
0.0025279
0.00199225
0.00156465
0.00122467
0.00095493
0.000743172
3.72706
2.74924
3.14718
3.21146
2.45873
2.0124
1.67893
1.41283
1.19416
1.01141
0.857471
0.726997
0.616019
0.521639
0.441086
0.372598
0.314117
0.264426
0.222052
0.186123
0.155579
0.129803
0.107985
0.089671
0.0742437
0.0613511
0.0505541
0.0415737
0.0340943
0.0279034
0.0227718
0.0185415
0.0150502
0.0121832
0.00982905
0.00790465
0.00633522
0.00506023
0.00402827
0.00319605
0.00252726
0.00199173
0.00156424
0.00122434
0.000954669
0.000742965
3.74678
2.75827
3.14592
3.20478
2.45734
2.01189
1.67858
1.41257
1.19394
1.01123
0.85732
0.72687
0.615911
0.521547
0.441008
0.372531
0.31406
0.264378
0.222011
0.186088
0.155549
0.129778
0.107963
0.0896532
0.0742287
0.0613386
0.0505436
0.0415649
0.034087
0.0278974
0.0227668
0.0185374
0.0150468
0.0121804
0.00982674
0.00790276
0.00633368
0.00505898
0.00402726
0.00319523
0.0025266
0.0019912
0.00156382
0.001224
0.000954403
0.000742755
3.74819
2.76587
3.14457
3.19814
2.45595
2.01136
1.67823
1.41229
1.19372
1.01105
0.857168
0.726741
0.615802
0.521454
0.440929
0.372464
0.314003
0.264329
0.22197
0.186053
0.155519
0.129752
0.107942
0.0896351
0.0742135
0.0613258
0.050533
0.041556
0.0340797
0.0278913
0.0227617
0.0185332
0.0150433
0.0121776
0.00982439
0.00790084
0.00633211
0.0050577
0.00402623
0.0031944
0.00252593
0.00199067
0.00156339
0.00122366
0.000954132
0.00074254
3.7593
2.77308
3.14312
3.19154
2.45454
2.01082
1.67788
1.41202
1.1935
1.01087
0.857012
0.72661
0.615691
0.52136
0.440849
0.372396
0.313945
0.264279
0.221928
0.186017
0.155489
0.129726
0.10792
0.0896168
0.0741982
0.061313
0.0505222
0.041547
0.0340722
0.027885
0.0227566
0.0185289
0.0150398
0.0121747
0.00982201
0.00789889
0.00633052
0.00505641
0.00402519
0.00319355
0.00252525
0.00199012
0.00156295
0.00122331
0.000953856
0.000742324
3.75378
2.80578
3.1359
3.16232
2.44939
2.00918
1.67693
1.41135
1.193
1.01049
0.856724
0.72639
0.615523
0.521234
0.440755
0.372327
0.313897
0.264247
0.221909
0.186008
0.155487
0.12973
0.107928
0.0896277
0.074211
0.061327
0.0505368
0.0415618
0.0340867
0.0278992
0.0227701
0.0185418
0.015052
0.0121861
0.0098327
0.00790888
0.00633985
0.00506513
0.00403337
0.00320129
0.00253266
0.00199737
0.00157027
0.0012311
0.000962988
0.000755626
3.78621
2.85581
3.12255
3.11243
2.43769
2.00429
1.67381
1.40903
1.1912
1.00905
0.855556
0.725437
0.614741
0.520591
0.440226
0.371892
0.313539
0.263952
0.221667
0.185809
0.155325
0.129599
0.107822
0.089542
0.0741423
0.061272
0.0504931
0.0415272
0.0340595
0.0278778
0.0227535
0.0185289
0.015042
0.0121785
0.00982695
0.00790457
0.00633665
0.00506279
0.00403168
0.0032001
0.00253184
0.00199682
0.00156991
0.00123088
0.00096287
0.000755574
3.76688
2.89987
3.10835
3.06514
2.42524
1.99869
1.67028
1.40645
1.1892
1.00747
0.854286
0.724406
0.613898
0.5199
0.439659
0.371426
0.313156
0.263638
0.221409
0.185599
0.155154
0.12946
0.10771
0.0894517
0.07407
0.0612143
0.0504473
0.041491
0.034031
0.0278555
0.0227362
0.0185155
0.0150318
0.0121706
0.00982103
0.00790013
0.00633337
0.0050604
0.00402997
0.00319889
0.00253101
0.00199626
0.00156955
0.00123067
0.000962751
0.000755522
3.78481
2.93896
3.09307
3.02063
2.41243
1.99262
1.66643
1.40366
1.18706
1.00577
0.852926
0.723304
0.613
0.519166
0.439057
0.370932
0.312751
0.263306
0.221137
0.185377
0.154974
0.129314
0.107592
0.0893569
0.0739942
0.0611538
0.0503994
0.0414532
0.0340014
0.0278324
0.0227182
0.0185016
0.0150211
0.0121625
0.00981492
0.00789557
0.00633001
0.00505795
0.00402821
0.00319765
0.00253016
0.00199569
0.00156919
0.00123045
0.000962632
0.00075547
3.7658
2.97232
3.07665
2.97844
2.39915
1.98602
1.66224
1.40062
1.18474
1.00395
0.851471
0.722129
0.612044
0.518385
0.438418
0.370408
0.312322
0.262955
0.220851
0.185144
0.154784
0.129161
0.107469
0.0892576
0.0739149
0.0610907
0.0503494
0.0414138
0.0339706
0.0278083
0.0226996
0.0184872
0.0150101
0.0121542
0.00980863
0.00789088
0.00632655
0.00505544
0.00402641
0.00319639
0.00252929
0.00199511
0.00156882
0.00123023
0.000962512
0.000755418
3.75873
3.00084
3.0595
2.93833
2.38543
1.97893
1.65771
1.39736
1.18226
1.00201
0.849922
0.720881
0.611031
0.517559
0.437743
0.369856
0.31187
0.262585
0.220549
0.184898
0.154585
0.129
0.107339
0.0891538
0.0738321
0.0610249
0.0502974
0.0413729
0.0339385
0.0277834
0.0226803
0.0184723
0.0149988
0.0121456
0.00980215
0.00788606
0.00632301
0.00505288
0.00402458
0.00319511
0.00252841
0.00199453
0.00156845
0.00123
0.000962392
0.000755365
3.74402
3.02503
3.04154
2.90009
2.3713
1.97137
1.65285
1.39387
1.17961
0.999947
0.84828
0.71956
0.60996
0.516687
0.437032
0.369274
0.311395
0.262197
0.220233
0.184641
0.154377
0.128832
0.107204
0.0890455
0.0737459
0.0609564
0.0502434
0.0413303
0.0339053
0.0277575
0.0226603
0.018457
0.0149871
0.0121367
0.0097955
0.00788112
0.00631939
0.00505025
0.00402271
0.0031938
0.00252752
0.00199394
0.00156807
0.00122978
0.00096227
0.000755312
3.72614
3.04449
3.02363
2.86356
2.35677
1.96337
1.64767
1.39016
1.17681
0.997761
0.846544
0.718167
0.608833
0.51577
0.436284
0.368664
0.310897
0.26179
0.219902
0.184372
0.15416
0.128656
0.107063
0.0889327
0.0736562
0.0608851
0.0501872
0.0412862
0.0338709
0.0277308
0.0226397
0.0184411
0.014975
0.0121276
0.00978866
0.00787605
0.00631568
0.00504757
0.00402081
0.00319247
0.00252661
0.00199334
0.00156769
0.00122955
0.000962148
0.000755259
3.70454
3.05883
3.00466
2.82855
2.34187
1.95495
1.64218
1.38623
1.17384
0.995454
0.844716
0.716702
0.607648
0.514808
0.435501
0.368024
0.310376
0.261365
0.219556
0.184092
0.153933
0.128473
0.106917
0.0888154
0.073563
0.0608112
0.050129
0.0412406
0.0338353
0.0277031
0.0226184
0.0184248
0.0149626
0.0121182
0.00978164
0.00787085
0.00631188
0.00504483
0.00401887
0.00319112
0.00252569
0.00199273
0.0015673
0.00122932
0.000962025
0.000755205
3.68005
3.0691
2.98459
2.79489
2.32662
1.94613
1.63639
1.38208
1.17071
0.993028
0.842797
0.715165
0.606408
0.513802
0.434683
0.367357
0.309832
0.260921
0.219196
0.183799
0.153697
0.128283
0.106765
0.0886937
0.0734663
0.0607347
0.0500688
0.0411934
0.0337986
0.0276746
0.0225964
0.018408
0.0149498
0.0121085
0.00977444
0.00786553
0.00630799
0.00504204
0.00401688
0.00318974
0.00252476
0.00199211
0.00156691
0.00122909
0.000961901
0.000755151
3.65401
3.07575
2.96452
2.76243
2.31104
1.93693
1.63031
1.37771
1.16743
0.990483
0.840786
0.713558
0.605111
0.51275
0.433828
0.36666
0.309265
0.260459
0.218821
0.183495
0.153452
0.128086
0.106607
0.0885675
0.0733662
0.0606554
0.0500065
0.0411446
0.0337606
0.0276452
0.0225738
0.0183907
0.0149366
0.0120986
0.00976706
0.00786008
0.00630402
0.00503918
0.00401487
0.00318834
0.00252381
0.00199149
0.00156652
0.00122886
0.000961777
0.000755097
3.6275
3.07908
2.94404
2.73102
2.29515
1.92736
1.62394
1.37314
1.16399
0.987821
0.838685
0.711879
0.603759
0.511654
0.432938
0.365935
0.308675
0.259979
0.218432
0.18318
0.153198
0.127881
0.106443
0.0884368
0.0732626
0.0605735
0.0499422
0.0410942
0.0337215
0.0276149
0.0225505
0.0183729
0.0149232
0.0120885
0.0097595
0.0078545
0.00629997
0.00503627
0.00401281
0.00318692
0.00252285
0.00199086
0.00156612
0.00122862
0.000961651
0.000755043
3.60171
3.0792
2.92384
2.70053
2.27896
1.91744
1.61729
1.36836
1.16039
0.985042
0.836494
0.71013
0.602351
0.510514
0.432013
0.365182
0.308063
0.259481
0.218028
0.182853
0.152934
0.127669
0.106274
0.0883017
0.0731557
0.060489
0.0498759
0.0410423
0.0336812
0.0275837
0.0225266
0.0183546
0.0149093
0.012078
0.00975176
0.0078488
0.00629582
0.0050333
0.00401072
0.00318547
0.00252187
0.00199022
0.00156572
0.00122838
0.000961525
0.000754989
3.58047
3.07654
2.90293
2.67087
2.2625
1.90718
1.61037
1.36338
1.15665
0.982149
0.834214
0.708311
0.600888
0.50933
0.431053
0.364401
0.307428
0.258964
0.217609
0.182514
0.152662
0.12745
0.106099
0.0881622
0.0730452
0.0604017
0.0498075
0.0409889
0.0336397
0.0275517
0.022502
0.0183358
0.0148951
0.0120674
0.00974384
0.00784298
0.0062916
0.00503028
0.00400859
0.003184
0.00252088
0.00198957
0.00156531
0.00122815
0.000961398
0.000754934
3.56591
3.07077
2.88068
2.6419
2.24577
1.8966
1.60318
1.3582
1.15276
0.979141
0.831846
0.706423
0.59937
0.508102
0.430057
0.363591
0.30677
0.25843
0.217177
0.182164
0.15238
0.127224
0.105918
0.0880183
0.0729314
0.0603119
0.0497371
0.0409339
0.0335971
0.0275187
0.0224768
0.0183165
0.0148806
0.0120565
0.00973573
0.00783702
0.00628728
0.0050272
0.00400642
0.00318251
0.00251987
0.00198891
0.0015649
0.0012279
0.000961271
0.000754879
3.53472
3.06179
2.85813
2.61352
2.22879
1.88571
1.59575
1.35283
1.14871
0.97602
0.829389
0.704466
0.597797
0.506831
0.429027
0.362753
0.30609
0.257877
0.216729
0.181803
0.152089
0.12699
0.105732
0.08787
0.0728142
0.0602194
0.0496647
0.0408773
0.0335533
0.0274849
0.0224509
0.0182968
0.0148657
0.0120453
0.00972745
0.00783095
0.00628288
0.00502406
0.00400422
0.00318099
0.00251885
0.00198825
0.00156449
0.00122766
0.000961142
0.000754824
3.50816
3.05075
2.83516
2.58565
2.21156
1.87452
1.58806
1.34726
1.14453
0.972788
0.826846
0.702441
0.59617
0.505516
0.427962
0.361888
0.305388
0.257307
0.216268
0.18143
0.15179
0.12675
0.10554
0.0877173
0.0726935
0.0601242
0.0495902
0.0408192
0.0335083
0.0274502
0.0224243
0.0182766
0.0148504
0.0120339
0.00971899
0.00782475
0.0062784
0.00502086
0.00400198
0.00317945
0.00251782
0.00198757
0.00156407
0.00122742
0.000961013
0.000754769
3.48693
3.03787
2.8117
2.5582
2.19411
1.86305
1.58013
1.34151
1.1402
0.969445
0.824217
0.700347
0.594489
0.504158
0.426862
0.360994
0.304663
0.256718
0.215792
0.181045
0.151481
0.126502
0.105343
0.0875603
0.0725695
0.0600265
0.0495137
0.0407596
0.0334622
0.0274146
0.0223971
0.0182559
0.0148348
0.0120222
0.00971035
0.00781842
0.00627383
0.00501761
0.0039997
0.00317789
0.00251677
0.00198689
0.00156364
0.00122717
0.000960883
0.000754713
3.45916
3.02277
2.78768
2.53109
2.17644
1.8513
1.57196
1.33558
1.13573
0.965993
0.821502
0.698186
0.592755
0.502757
0.425728
0.360073
0.303917
0.256112
0.215302
0.18065
0.151163
0.126247
0.10514
0.0873988
0.0724421
0.0599261
0.0494353
0.0406985
0.0334149
0.0273782
0.0223693
0.0182347
0.0148189
0.0120102
0.00970153
0.00781197
0.00626918
0.0050143
0.00399739
0.0031763
0.00251571
0.0019862
0.00156322
0.00122692
0.000960752
0.000754657
3.42753
3.00532
2.76308
2.50426
2.15857
1.83929
1.56357
1.32946
1.13112
0.962433
0.818703
0.695958
0.590967
0.501313
0.42456
0.359125
0.303148
0.255488
0.214798
0.180243
0.150837
0.125985
0.104932
0.0872331
0.0723113
0.0598231
0.0493548
0.0406358
0.0333665
0.0273409
0.0223408
0.018213
0.0148026
0.0119981
0.00969254
0.00780539
0.00626444
0.00501093
0.00399504
0.00317469
0.00251463
0.00198551
0.00156278
0.00122667
0.000960621
0.000754601
3.39546
2.98577
2.73793
2.47764
2.14048
1.82702
1.55496
1.32317
1.12637
0.958766
0.815819
0.693663
0.589126
0.499827
0.423358
0.358149
0.302357
0.254846
0.21428
0.179825
0.150501
0.125716
0.104718
0.0870629
0.0721771
0.0597175
0.0492723
0.0405716
0.0333169
0.0273027
0.0223116
0.0181909
0.0147859
0.0119856
0.00968336
0.00779869
0.00625961
0.00500751
0.00399265
0.00317306
0.00251354
0.0019848
0.00156235
0.00122641
0.000960488
0.000754545
3.36626
2.96752
2.71219
2.45119
2.12221
1.81451
1.54613
1.31671
1.12149
0.954993
0.812853
0.691303
0.587232
0.498298
0.422122
0.357146
0.301544
0.254187
0.213748
0.179395
0.150157
0.12544
0.104498
0.0868885
0.0720396
0.0596093
0.0491879
0.0405058
0.0332661
0.0272636
0.0222818
0.0181683
0.0147689
0.0119729
0.00967401
0.00779187
0.0062547
0.00500403
0.00399022
0.0031714
0.00251244
0.00198409
0.00156191
0.00122616
0.000960355
0.000754489
3.33631
2.94575
2.68589
2.42487
2.10375
1.80177
1.53709
1.31008
1.11647
0.951117
0.809804
0.688877
0.585287
0.496728
0.420852
0.356116
0.300709
0.253511
0.213202
0.178955
0.149803
0.125157
0.104273
0.0867098
0.0718988
0.0594986
0.0491015
0.0404386
0.0332142
0.0272237
0.0222514
0.0181452
0.0147516
0.01196
0.00966448
0.00778492
0.00624971
0.00500049
0.00398776
0.00316972
0.00251132
0.00198337
0.00156146
0.0012259
0.000960222
0.000754432
3.30573
2.91826
2.65885
2.39861
2.08511
1.7888
1.52785
1.30328
1.11133
0.947137
0.806673
0.686386
0.583289
0.495116
0.419548
0.355058
0.299853
0.252816
0.212641
0.178503
0.149441
0.124867
0.104043
0.0865267
0.0717546
0.0593852
0.049013
0.0403698
0.0331611
0.0271829
0.0222203
0.0181216
0.0147339
0.0119468
0.00965477
0.00777785
0.00624463
0.0049969
0.00398526
0.00316802
0.00251019
0.00198264
0.00156101
0.00122564
0.000960087
0.000754375
3.2681
2.88966
2.63112
2.3724
2.0663
1.77561
1.51841
1.29632
1.10606
0.943056
0.803462
0.68383
0.58124
0.493462
0.418211
0.353974
0.298975
0.252105
0.212067
0.178041
0.14907
0.12457
0.103807
0.0863394
0.0716071
0.0592693
0.0489226
0.0402995
0.0331069
0.0271412
0.0221886
0.0180975
0.0147158
0.0119334
0.00964488
0.00777066
0.00623947
0.00499325
0.00398273
0.00316629
0.00250904
0.0019819
0.00156056
0.00122538
0.000959952
0.000754318
3.22332
2.85984
2.60271
2.34621
2.04732
1.76222
1.50878
1.28921
1.10066
0.938875
0.800171
0.681211
0.579139
0.491767
0.416841
0.352863
0.298075
0.251376
0.211479
0.177567
0.148691
0.124267
0.103565
0.0861478
0.0714562
0.0591507
0.0488303
0.0402277
0.0330516
0.0270987
0.0221562
0.018073
0.0146974
0.0119197
0.00963482
0.00776334
0.00623422
0.00498955
0.00398015
0.00316454
0.00250788
0.00198116
0.0015601
0.00122512
0.000959815
0.00075426
3.17426
2.82832
2.57366
2.32002
2.02819
1.74862
1.49897
1.28194
1.09514
0.934594
0.796801
0.678528
0.576988
0.490032
0.415438
0.351725
0.297154
0.25063
0.210878
0.177082
0.148303
0.123956
0.103319
0.085952
0.0713021
0.0590297
0.0487359
0.0401545
0.0329951
0.0270554
0.0221232
0.018048
0.0146787
0.0119058
0.00962459
0.0077559
0.00622889
0.00498579
0.00397754
0.00316277
0.00250671
0.00198041
0.00155964
0.00122485
0.000959679
0.000754203
3.12193
2.79479
2.544
2.29381
2.00891
1.73484
1.48898
1.27452
1.08949
0.930216
0.793353
0.675783
0.574786
0.488255
0.414002
0.350561
0.296212
0.249867
0.210262
0.176587
0.147906
0.123638
0.103066
0.0857519
0.0711447
0.0589061
0.0486396
0.0400797
0.0329375
0.0270111
0.0220896
0.0180226
0.0146596
0.0118916
0.00961417
0.00774834
0.00622348
0.00498197
0.0039749
0.00316098
0.00250552
0.00197965
0.00155918
0.00122459
0.000959541
0.000754145
3.06667
2.75925
2.51379
2.26756
1.98948
1.72087
1.47882
1.26696
1.08373
0.925742
0.789828
0.672976
0.572534
0.486438
0.412534
0.34937
0.295249
0.249086
0.209633
0.17608
0.1475
0.123314
0.102809
0.0855476
0.0709839
0.0587799
0.0485414
0.0400034
0.0328788
0.0269661
0.0220553
0.0179966
0.0146402
0.0118771
0.00960358
0.00774065
0.00621798
0.00497809
0.00397222
0.00315916
0.00250432
0.00197888
0.00155871
0.00122432
0.000959402
0.000754087
3.00741
2.72198
2.48306
2.24127
1.96992
1.70673
1.46849
1.25925
1.07784
0.921173
0.786226
0.670107
0.570233
0.484581
0.411033
0.348154
0.294264
0.248289
0.208991
0.175563
0.147086
0.122982
0.102546
0.0853391
0.0708199
0.0586512
0.0484412
0.0399256
0.0328189
0.0269201
0.0220204
0.0179702
0.0146205
0.0118625
0.00959282
0.00773284
0.00621239
0.00497416
0.0039695
0.00315732
0.0025031
0.0019781
0.00155823
0.00122405
0.000959263
0.000754028
2.94387
2.68322
2.45184
2.21493
1.95023
1.69242
1.458
1.2514
1.07185
0.91651
0.782549
0.667176
0.567882
0.482684
0.4095
0.346911
0.293258
0.247475
0.208334
0.175034
0.146663
0.122644
0.102277
0.0851264
0.0706527
0.05852
0.048339
0.0398463
0.0327579
0.0268734
0.0219849
0.0179433
0.0146004
0.0118475
0.00958187
0.00772491
0.00620673
0.00497018
0.00396674
0.00315545
0.00250187
0.00197732
0.00155775
0.00122377
0.000959123
0.00075397
2.87678
2.6432
2.42016
2.18854
1.93041
1.67795
1.44735
1.24342
1.06574
0.911755
0.778797
0.664186
0.565482
0.480748
0.407935
0.345642
0.292232
0.246644
0.207665
0.174495
0.146231
0.122299
0.102004
0.0849095
0.0704822
0.0583862
0.048235
0.0397656
0.0326958
0.0268257
0.0219487
0.017916
0.0145799
0.0118324
0.00957076
0.00771686
0.00620098
0.00496614
0.00396395
0.00315356
0.00250063
0.00197652
0.00155727
0.0012235
0.000958982
0.000753911
2.80703
2.60211
2.38808
2.16209
1.91048
1.66333
1.43655
1.2353
1.05952
0.90691
0.774971
0.661135
0.563034
0.478772
0.406338
0.344347
0.291184
0.245796
0.206982
0.173946
0.145791
0.121948
0.101725
0.0846884
0.0703084
0.0582499
0.048129
0.0396834
0.0326326
0.0267773
0.0219119
0.0178882
0.0145591
0.0118169
0.00955947
0.00770868
0.00619514
0.00496204
0.00396113
0.00315165
0.00249937
0.00197572
0.00155678
0.00122322
0.000958841
0.000753852
2.73588
2.56008
2.35564
2.13559
1.89044
1.64856
1.42561
1.22705
1.05319
0.901975
0.771072
0.658025
0.560537
0.476757
0.404709
0.343027
0.290116
0.244932
0.206285
0.173385
0.145343
0.121589
0.10144
0.0844632
0.0701314
0.0581112
0.048021
0.0395997
0.0325682
0.026728
0.0218745
0.0178599
0.014538
0.0118013
0.009548
0.00770038
0.00618923
0.00495789
0.00395826
0.00314972
0.0024981
0.00197491
0.00155629
0.00122294
0.000958699
0.000753793
2.66435
2.51726
2.32288
2.10904
1.87031
1.63365
1.41453
1.21868
1.04675
0.896952
0.767101
0.654857
0.557993
0.474703
0.403049
0.341681
0.289028
0.24405
0.205575
0.172814
0.144886
0.121224
0.101151
0.0842338
0.0699512
0.0579699
0.0479112
0.0395145
0.0325027
0.0266778
0.0218364
0.0178312
0.0145166
0.0117854
0.00953637
0.00769196
0.00618323
0.00495368
0.00395536
0.00314777
0.00249682
0.0019741
0.00155579
0.00122266
0.000958555
0.000753733
2.59319
2.47381
2.28985
2.08245
1.85008
1.61861
1.40331
1.21019
1.04021
0.891842
0.763059
0.65163
0.555401
0.472611
0.401357
0.34031
0.287918
0.243153
0.204852
0.172233
0.14442
0.120852
0.100856
0.0840003
0.0697678
0.0578261
0.0477994
0.0394279
0.0324362
0.0266268
0.0217977
0.017802
0.0144948
0.0117692
0.00952455
0.00768342
0.00617714
0.00494941
0.00395243
0.00314579
0.00249552
0.00197327
0.0015553
0.00122238
0.000958412
0.000753674
2.52305
2.42986
2.25659
2.05582
1.82976
1.60344
1.39196
1.20158
1.03357
0.886647
0.758947
0.648346
0.552763
0.47048
0.399635
0.338914
0.286789
0.242239
0.204116
0.171641
0.143947
0.120474
0.100556
0.0837627
0.0695812
0.0576799
0.0476857
0.0393398
0.0323685
0.026575
0.0217584
0.0177723
0.0144726
0.0117528
0.00951257
0.00767476
0.00617098
0.00494509
0.00394945
0.00314379
0.00249421
0.00197244
0.00155479
0.00122209
0.000958267
0.000753614
2.45433
2.38555
2.22315
2.02916
1.80937
1.58816
1.38048
1.19285
1.02683
0.881368
0.754765
0.645005
0.550078
0.468312
0.397882
0.337493
0.285639
0.241308
0.203367
0.171038
0.143465
0.120089
0.100251
0.083521
0.0693914
0.0575312
0.0475701
0.0392502
0.0322997
0.0265223
0.0217185
0.0177422
0.0144501
0.0117362
0.00950041
0.00766598
0.00616473
0.00494072
0.00394644
0.00314176
0.00249288
0.0019716
0.00155428
0.0012218
0.000958122
0.000753553
2.38705
2.34099
2.18958
2.00248
1.78891
1.57276
1.36888
1.18401
1.01999
0.876007
0.750515
0.641607
0.547347
0.466106
0.396098
0.336046
0.284469
0.240362
0.202604
0.170425
0.142974
0.119697
0.0999402
0.0832753
0.0691984
0.05738
0.0474527
0.0391592
0.0322298
0.0264688
0.0216779
0.0177116
0.0144273
0.0117193
0.00948808
0.00765708
0.0061584
0.00493628
0.0039434
0.00313971
0.00249154
0.00197075
0.00155377
0.00122152
0.000957976
0.000753493
2.32126
2.2963
2.15591
1.97578
1.7684
1.55726
1.35717
1.17506
1.01305
0.870564
0.746198
0.638154
0.54457
0.463862
0.394283
0.334575
0.283279
0.239399
0.201829
0.169802
0.142475
0.119299
0.0996245
0.0830254
0.0690023
0.0572264
0.0473333
0.0390668
0.0321588
0.0264145
0.0216367
0.0176805
0.0144042
0.0117022
0.00947558
0.00764806
0.00615198
0.0049318
0.00394032
0.00313764
0.00249018
0.0019699
0.00155325
0.00122122
0.000957829
0.000753432
2.25692
2.25158
2.12217
1.94908
1.74782
1.54166
1.34535
1.166
1.00602
0.865042
0.741814
0.634646
0.541748
0.461582
0.392439
0.33308
0.282069
0.23842
0.201041
0.169169
0.141968
0.118894
0.0993037
0.0827715
0.068803
0.0570703
0.0472121
0.0389729
0.0320867
0.0263593
0.021595
0.017649
0.0143807
0.0116848
0.0094629
0.00763891
0.00614549
0.00492726
0.0039372
0.00313555
0.00248882
0.00196903
0.00155273
0.00122093
0.000957681
0.000753372
2.19399
2.20692
2.08841
1.92239
1.7272
1.52597
1.33342
1.15684
0.998903
0.859441
0.737364
0.631083
0.538882
0.459264
0.390564
0.33156
0.28084
0.237425
0.200239
0.168525
0.141453
0.118483
0.0989778
0.0825136
0.0686005
0.0569118
0.0470889
0.0388776
0.0320135
0.0263034
0.0215526
0.0176171
0.0143569
0.0116672
0.00945005
0.00762965
0.00613891
0.00492266
0.00393405
0.00313343
0.00248744
0.00196816
0.00155221
0.00122064
0.000957532
0.00075331
2.13247
2.1624
2.05465
1.8957
1.70655
1.51019
1.32138
1.14758
0.991692
0.853763
0.732849
0.627466
0.53597
0.456911
0.38866
0.330016
0.27959
0.236414
0.199425
0.167871
0.14093
0.118065
0.0986468
0.0822517
0.068395
0.0567508
0.0469639
0.0387808
0.0319392
0.0262466
0.0215095
0.0175847
0.0143327
0.0116493
0.00943703
0.00762027
0.00613225
0.00491801
0.00393086
0.0031313
0.00248604
0.00196728
0.00155168
0.00122034
0.000957383
0.000753249
2.07237
2.11811
2.02093
1.86905
1.68586
1.49433
1.30925
1.13823
0.984394
0.848009
0.72827
0.623796
0.533015
0.454521
0.386726
0.328447
0.278321
0.235388
0.198599
0.167206
0.140399
0.117641
0.0983106
0.0819858
0.0681863
0.0565874
0.0468371
0.0386826
0.0318639
0.026189
0.0214659
0.0175518
0.0143083
0.0116312
0.00942385
0.00761076
0.00612551
0.0049133
0.00392764
0.00312914
0.00248463
0.00196639
0.00155115
0.00122004
0.000957233
0.000753188
2.01371
2.07409
1.98729
1.84242
1.66514
1.4784
1.29702
1.12878
0.97701
0.842181
0.723628
0.620074
0.530016
0.452095
0.384763
0.326855
0.277033
0.234345
0.197759
0.166532
0.139859
0.11721
0.0979694
0.0817159
0.0679745
0.0564216
0.0467084
0.038583
0.0317874
0.0261305
0.0214217
0.0175185
0.0142834
0.0116129
0.00941049
0.00760114
0.00611868
0.00490854
0.00392438
0.00312695
0.00248321
0.0019655
0.00155061
0.00121974
0.000957083
0.000753126
1.95648
2.03042
1.95374
1.81584
1.64441
1.4624
1.28471
1.11924
0.969542
0.83628
0.718924
0.616299
0.526974
0.449634
0.38277
0.325239
0.275725
0.233287
0.196907
0.165848
0.139311
0.116773
0.0976232
0.081442
0.0677596
0.0562535
0.0465778
0.038482
0.0317099
0.0260713
0.0213768
0.0174847
0.0142583
0.0115943
0.00939695
0.0075914
0.00611177
0.00490372
0.00392108
0.00312475
0.00248177
0.00196459
0.00155007
0.00121944
0.000956931
0.000753064
1.90069
1.98714
1.92031
1.78932
1.62366
1.44634
1.2723
1.10961
0.961993
0.830307
0.714159
0.612473
0.52389
0.447137
0.380749
0.323599
0.274398
0.232214
0.196043
0.165153
0.138756
0.11633
0.0972719
0.0811642
0.0675416
0.0560829
0.0464454
0.0383795
0.0316313
0.0260112
0.0213313
0.0174505
0.0142328
0.0115755
0.00938325
0.00758154
0.00610479
0.00489885
0.00391775
0.00312252
0.00248032
0.00196368
0.00154952
0.00121913
0.000956779
0.000753001
1.84633
1.9443
1.88703
1.76286
1.60291
1.43022
1.25982
1.0999
0.954365
0.824264
0.709333
0.608596
0.520762
0.444605
0.378699
0.321936
0.273052
0.231125
0.195166
0.164449
0.138192
0.11588
0.0969157
0.0808824
0.0673205
0.0559099
0.0463111
0.0382756
0.0315516
0.0259503
0.0212853
0.0174158
0.014207
0.0115565
0.00936938
0.00757156
0.00609772
0.00489393
0.00391438
0.00312027
0.00247886
0.00196276
0.00154897
0.00121883
0.000956626
0.000752939
1.79338
1.90193
1.85392
1.73647
1.58216
1.41406
1.24726
1.0901
0.946658
0.818151
0.704448
0.604668
0.517594
0.442039
0.37662
0.320249
0.271687
0.23002
0.194276
0.163735
0.137621
0.115424
0.0965544
0.0805967
0.0670964
0.0557346
0.046175
0.0381704
0.0314709
0.0258886
0.0212386
0.0173807
0.0141809
0.0115372
0.00935535
0.00756146
0.00609057
0.00488895
0.00391098
0.00311799
0.00247738
0.00196183
0.00154842
0.00121852
0.000956472
0.000752876
1.74182
1.86007
1.821
1.71017
1.56141
1.39785
1.23462
1.08022
0.938876
0.811971
0.699504
0.600691
0.514383
0.439439
0.374514
0.31854
0.270303
0.228901
0.193375
0.163011
0.137041
0.114962
0.0961882
0.0803071
0.0668693
0.0555568
0.0460371
0.0380637
0.0313891
0.0258262
0.0211913
0.0173451
0.0141544
0.0115177
0.00934114
0.00755125
0.00608333
0.00488391
0.00390754
0.0031157
0.00247589
0.0019609
0.00154786
0.00121821
0.000956317
0.000752813
1.69166
1.81874
1.78829
1.68396
1.54068
1.3816
1.22192
1.07027
0.93102
0.805724
0.694503
0.596665
0.511132
0.436804
0.372379
0.316807
0.268901
0.227766
0.192461
0.162284
0.136454
0.114493
0.0958171
0.0800137
0.0666391
0.0553768
0.0458974
0.0379556
0.0313062
0.0257629
0.0211435
0.0173091
0.0141276
0.0114979
0.00932676
0.00754091
0.00607602
0.00487882
0.00390406
0.00311338
0.00247438
0.00195996
0.00154729
0.00121789
0.000956162
0.00075275
1.64285
1.77798
1.75581
1.65786
1.51997
1.36531
1.20915
1.06024
0.923092
0.799412
0.689444
0.592591
0.50784
0.434136
0.370216
0.315052
0.267479
0.226616
0.191534
0.16154
0.135859
0.114019
0.095441
0.0797164
0.0664059
0.0551944
0.0457558
0.0378462
0.0312223
0.0256988
0.021095
0.0172726
0.0141005
0.0114779
0.00931222
0.00753046
0.00606863
0.00487368
0.00390055
0.00311103
0.00247286
0.00195901
0.00154673
0.00121758
0.000956006
0.000752687
1.59538
1.7378
1.72357
1.63186
1.49927
1.34899
1.19632
1.05014
0.915093
0.793036
0.68433
0.588469
0.504508
0.431434
0.368026
0.313274
0.26604
0.225451
0.190596
0.160785
0.135256
0.113538
0.09506
0.0794152
0.0661697
0.0550096
0.0456125
0.0377353
0.0311373
0.0256339
0.0210459
0.0172357
0.0140731
0.0114577
0.0092975
0.00751989
0.00606115
0.00486848
0.00389701
0.00310867
0.00247133
0.00195805
0.00154616
0.00121726
0.000955849
0.000752623
1.54922
1.69822
1.69159
1.60599
1.47861
1.33265
1.18344
1.03997
0.907027
0.786598
0.679161
0.5843
0.501136
0.4287
0.365809
0.311473
0.264582
0.224271
0.189646
0.160022
0.134645
0.113051
0.0946742
0.0791102
0.0659305
0.0548225
0.0454673
0.0376231
0.0310513
0.0255682
0.0209962
0.0171983
0.0140453
0.0114372
0.00928262
0.00750921
0.0060536
0.00486323
0.00389343
0.00310628
0.00246978
0.00195708
0.00154558
0.00121694
0.000955691
0.000752559
1.50434
1.65925
1.65988
1.58025
1.45799
1.31628
1.1705
1.02973
0.898894
0.780098
0.673938
0.580085
0.497725
0.425932
0.363564
0.30965
0.263106
0.223077
0.188684
0.159248
0.134027
0.112557
0.0942836
0.0788014
0.0656883
0.0546331
0.0453204
0.0375095
0.0309642
0.0255017
0.020946
0.0171606
0.0140173
0.0114165
0.00926758
0.0074984
0.00604596
0.00485792
0.00388981
0.00310388
0.00246822
0.00195611
0.001545
0.00121662
0.000955533
0.000752495
1.4607
1.6209
1.62845
1.55463
1.4374
1.2999
1.15751
1.01943
0.890696
0.773538
0.668661
0.575823
0.494275
0.423132
0.361292
0.307805
0.261611
0.221867
0.18771
0.158466
0.133401
0.112058
0.0938881
0.0784887
0.0654432
0.0544414
0.0451717
0.0373945
0.0308761
0.0254344
0.0208951
0.0171223
0.0139888
0.0113956
0.00925236
0.00748748
0.00603824
0.00485256
0.00388616
0.00310144
0.00246665
0.00195512
0.00154442
0.0012163
0.000955374
0.000752431
1.27664
1.45384
1.48768
1.43703
1.34053
1.22087
1.09326
0.967186
0.848044
0.738525
0.639761
0.551859
0.474346
0.406504
0.347415
0.2962
0.251923
0.213777
0.180977
0.152856
0.128764
0.108222
0.09073
0.0758899
0.0633168
0.052703
0.0437582
0.0362463
0.0299483
0.0246855
0.0202939
0.0166404
0.0136051
0.0110907
0.00901184
0.00729851
0.00589062
0.00473778
0.00379725
0.00303277
0.00241366
0.00191413
0.00151242
0.00119074
0.000933657
0.000730261
1.01625
1.19749
1.25855
1.23864
1.17205
1.07956
0.975509
0.869263
0.766578
0.670622
0.582987
0.504269
0.434382
0.372896
0.319142
0.272407
0.231921
0.196977
0.166895
0.14107
0.118937
0.100041
0.0839423
0.0702691
0.0586791
0.0488852
0.0406267
0.0336839
0.0278593
0.0229864
0.0189175
0.0155285
0.0127108
0.0103741
0.00844056
0.00684523
0.00553289
0.00445697
0.003578
0.00286253
0.00228224
0.00181328
0.00143554
0.00113254
0.000889916
0.000697402
0.805542
0.97803
1.05212
1.05364
1.01039
0.940559
0.857122
0.768935
0.681739
0.598955
0.522432
0.453065
0.391073
0.336259
0.288163
0.246225
0.209822
0.178349
0.151224
0.127912
0.10792
0.0908366
0.0762728
0.0638934
0.0533946
0.044516
0.0370251
0.0307224
0.0254314
0.0210012
0.0172992
0.0142132
0.0116456
0.00951446
0.00774963
0.00629217
0.00509214
0.00410728
0.00330179
0.00264533
0.00211222
0.00168082
0.00133285
0.00105333
0.000829151
0.000650891
0.634054
0.790633
0.8673
0.882166
0.856266
0.804816
0.739106
0.667164
0.594408
0.524265
0.458702
0.398752
0.344837
0.296939
0.254767
0.217897
0.185831
0.158066
0.134112
0.113506
0.0958219
0.0806993
0.0678006
0.0568295
0.0475207
0.0396437
0.0329944
0.0273963
0.0226941
0.0187542
0.0154599
0.0127118
0.010424
0.00852366
0.00694894
0.00564752
0.00457512
0.00369426
0.00297314
0.00238486
0.00190661
0.00151916
0.00120629
0.000954652
0.000752584
0.000591651
0.493582
0.629447
0.701847
0.723418
0.709754
0.67286
0.62219
0.564725
0.505339
0.447245
0.392392
0.341841
0.296111
0.255311
0.219275
0.187696
0.160184
0.136331
0.115731
0.0980015
0.0827702
0.0697397
0.0586206
0.0491584
0.0411268
0.0343272
0.0285851
0.0237482
0.0196835
0.0162759
0.0134253
0.0110459
0.00906396
0.0074168
0.0060511
0.00492174
0.00399052
0.00322508
0.00259798
0.00208597
0.00166935
0.00133154
0.00105848
0.00083864
0.000661924
0.000521016
0.376352
0.489038
0.552707
0.576054
0.570329
0.544723
0.506707
0.462097
0.415059
0.36843
0.324
0.28278
0.245295
0.211725
0.181996
0.155889
0.133113
0.113343
0.0962565
0.0815434
0.0688964
0.0580703
0.0488296
0.0409632
0.0342839
0.0286274
0.0238488
0.0198221
0.016437
0.0135979
0.0112219
0.0092377
0.00758428
0.00620952
0.00506917
0.00412571
0.00334737
0.00270724
0.00218247
0.00175373
0.00140462
0.00112133
0.000892175
0.000707531
0.000558982
0.000440427
0.277347
0.364664
0.4167
0.438236
0.437093
0.420053
0.392677
0.359517
0.323922
0.288226
0.253945
0.221965
0.192756
0.166517
0.143228
0.122745
0.104853
0.0893108
0.0758691
0.0642875
0.0543336
0.0458079
0.0385287
0.0323307
0.0270668
0.0226079
0.0188402
0.0156644
0.0129938
0.0107533
0.0088777
0.00731089
0.00600482
0.0049185
0.0040171
0.00327106
0.00265535
0.00214875
0.00173325
0.00139361
0.0011169
0.000892231
0.000710382
0.000563765
0.000445733
0.000351471
0.190165
0.252381
0.290637
0.307802
0.30881
0.298203
0.279871
0.25703
0.232138
0.206936
0.182579
0.159759
0.138846
0.120016
0.103275
0.0885339
0.0756478
0.0644476
0.0547572
0.046405
0.0392269
0.0330771
0.0278257
0.0233536
0.0195551
0.016337
0.0136173
0.0113246
0.00939625
0.00777809
0.00642315
0.00529104
0.00434712
0.00356183
0.00291004
0.00237046
0.00192501
0.00155839
0.00125759
0.00101162
0.000811139
0.000648295
0.000516429
0.00041006
0.000324389
0.000255937
0.111262
0.148284
0.171681
0.182722
0.184093
0.178369
0.167879
0.154521
0.139787
0.12476
0.110169
0.0964582
0.0838669
0.0725123
0.0624084
0.053506
0.0457212
0.0389534
0.0330973
0.0280495
0.0237119
0.0199954
0.0168219
0.0141193
0.0118238
0.00987895
0.00823532
0.0068496
0.00568403
0.00470585
0.00388671
0.00320219
0.00263139
0.00215644
0.0017622
0.00143577
0.00116624
0.000944365
0.000762292
0.000613369
0.000491961
0.000393318
0.000313416
0.000248945
0.000197003
0.000155489
0.0364206
0.0486286
0.0565309
0.0604352
0.0611206
0.0593979
0.0560435
0.0516839
0.04682
0.0418261
0.0369572
0.0323704
0.0281513
0.0243425
0.0209512
0.0179623
0.0153482
0.0130756
0.0111093
0.00941448
0.00795839
0.00671092
0.00564579
0.00473882
0.00396851
0.00331591
0.0027644
0.00229943
0.00190832
0.00158008
0.00130519
0.00107546
0.000883873
0.00072445
0.000592099
0.000482503
0.000392
0.000317487
0.000256331
0.000206301
0.000165507
0.000132354
0.000105495
8.38175e-05
6.63484e-05
5.23824e-05
0.000575476
0.000443803
0.000340289
0.000260147
0.00019786
0.000149873
0.000112971
8.47693e-05
6.3305e-05
4.70578e-05
3.48207e-05
2.56537e-05
1.88234e-05
1.37623e-05
1.00329e-05
7.30065e-06
5.31053e-06
3.86979e-06
2.83347e-06
2.09324e-06
1.56861e-06
1.20007e-06
9.43903e-07
7.67989e-07
6.4966e-07
5.70744e-07
5.22196e-07
4.9011e-07
4.80394e-07
4.68783e-07
4.93582e-07
4.90995e-07
5.77736e-07
5.81895e-07
7.86863e-07
8.13634e-07
9.05789e-07
9.07022e-07
9.42047e-07
0.000575367
0.000443709
0.000340207
0.000260075
0.000197795
0.000149814
0.000112916
8.47182e-05
6.32565e-05
4.70114e-05
3.47759e-05
2.56102e-05
1.87809e-05
1.37204e-05
9.99162e-06
7.25973e-06
5.26991e-06
3.82942e-06
2.79323e-06
2.0531e-06
1.52853e-06
1.16004e-06
9.03899e-07
7.28009e-07
6.09689e-07
5.30771e-07
4.82214e-07
4.50125e-07
4.40396e-07
4.28805e-07
4.53609e-07
4.51066e-07
5.37807e-07
5.42023e-07
7.4699e-07
7.73726e-07
8.65885e-07
8.67201e-07
9.02206e-07
0.000575151
0.000443508
0.000340018
0.000259895
0.000197623
0.000149647
0.000112754
8.45596e-05
6.31008e-05
4.68578e-05
3.46239e-05
2.54595e-05
1.86311e-05
1.35714e-05
9.84314e-06
7.11167e-06
5.12215e-06
3.68183e-06
2.64587e-06
1.90589e-06
1.38144e-06
1.01303e-06
7.56974e-07
5.81129e-07
4.62852e-07
3.83981e-07
3.3547e-07
3.03412e-07
2.93719e-07
2.82114e-07
3.06913e-07
3.04331e-07
3.91073e-07
3.95266e-07
6.00253e-07
6.26979e-07
7.19117e-07
7.20199e-07
7.5516e-07
0.000574932
0.000443305
0.000339826
0.000259713
0.000197448
0.000149478
0.000112589
8.43986e-05
6.29425e-05
4.67016e-05
3.44693e-05
2.53061e-05
1.84786e-05
1.34195e-05
9.69176e-06
6.96065e-06
4.9714e-06
3.5313e-06
2.49541e-06
1.7555e-06
1.2311e-06
8.62725e-07
6.0665e-07
4.30819e-07
3.12539e-07
2.33642e-07
1.85092e-07
1.53011e-07
1.43278e-07
1.31711e-07
1.56522e-07
1.54029e-07
2.40774e-07
2.45058e-07
4.50038e-07
4.76718e-07
5.68869e-07
5.70388e-07
6.05377e-07
0.000574794
0.000443182
0.000339717
0.000259613
0.000197356
0.000149392
0.000112508
8.43207e-05
6.28674e-05
4.66288e-05
3.43982e-05
2.52363e-05
1.84098e-05
1.33516e-05
9.62441e-06
6.89376e-06
4.90485e-06
3.46501e-06
2.42937e-06
1.68962e-06
1.16534e-06
7.97071e-07
5.41133e-07
3.65359e-07
2.47132e-07
1.68307e-07
1.19834e-07
8.78033e-08
7.81338e-08
6.6534e-08
9.13348e-08
8.87548e-08
1.75501e-07
1.79727e-07
3.8474e-07
4.11418e-07
5.03541e-07
5.04627e-07
5.39631e-07
0.000574704
0.000443107
0.000339653
0.000259559
0.00019731
0.000149352
0.000112473
8.42891e-05
6.28386e-05
4.66021e-05
3.43732e-05
2.52125e-05
1.8387e-05
1.33295e-05
9.60282e-06
6.87255e-06
4.88393e-06
3.44428e-06
2.40875e-06
1.66909e-06
1.14487e-06
7.76622e-07
5.20649e-07
3.44878e-07
2.26642e-07
1.47765e-07
9.92219e-08
6.71489e-08
5.74128e-08
4.58691e-08
7.06885e-08
6.82445e-08
1.54993e-07
1.59342e-07
3.64341e-07
3.90966e-07
4.83107e-07
4.84654e-07
5.19677e-07
0.000574628
0.000443047
0.000339606
0.000259522
0.00019728
0.000149328
0.000112453
8.42737e-05
6.28261e-05
4.65919e-05
3.43648e-05
2.52054e-05
1.83809e-05
1.33241e-05
9.59809e-06
6.86827e-06
4.87998e-06
3.4406e-06
2.40528e-06
1.66579e-06
1.1417e-06
7.73562e-07
5.17715e-07
3.42021e-07
2.23854e-07
1.45075e-07
9.66418e-08
6.46387e-08
5.49936e-08
4.33987e-08
6.82011e-08
6.56218e-08
1.52371e-07
1.56619e-07
3.6167e-07
3.88303e-07
4.80411e-07
4.81575e-07
5.16596e-07
0.000574554
0.000442989
0.00033956
0.000259486
0.000197252
0.000149306
0.000112436
8.42604e-05
6.28157e-05
4.65837e-05
3.43582e-05
2.52002e-05
1.83767e-05
1.33206e-05
9.59517e-06
6.86576e-06
4.87779e-06
3.43863e-06
2.40347e-06
1.66406e-06
1.14003e-06
7.71913e-07
5.16041e-07
3.40331e-07
2.22134e-07
1.43285e-07
9.47535e-08
6.26886e-08
5.295e-08
4.14289e-08
6.62566e-08
6.38543e-08
1.50612e-07
1.55021e-07
3.60044e-07
3.86618e-07
4.78745e-07
4.80292e-07
5.15316e-07
0.00057448
0.000442932
0.000339515
0.000259451
0.000197225
0.000149285
0.000112421
8.42483e-05
6.28066e-05
4.65768e-05
3.43532e-05
2.51965e-05
1.8374e-05
1.33187e-05
9.59384e-06
6.86489e-06
4.87725e-06
3.43836e-06
2.4034e-06
1.66417e-06
1.14027e-06
7.72281e-07
5.16534e-07
3.40919e-07
2.22808e-07
1.4407e-07
9.56735e-08
6.36986e-08
5.4077e-08
4.24879e-08
6.72911e-08
6.47182e-08
1.51465e-07
1.55751e-07
3.6084e-07
3.87416e-07
4.79518e-07
4.80704e-07
5.15728e-07
0.000574406
0.000442874
0.00033947
0.000259416
0.000197197
0.000149264
0.000112404
8.42358e-05
6.2797e-05
4.65696e-05
3.43476e-05
2.51923e-05
1.83708e-05
1.33163e-05
9.59201e-06
6.86348e-06
4.87616e-06
3.43747e-06
2.40266e-06
1.66351e-06
1.13967e-06
7.71682e-07
5.15908e-07
3.40262e-07
2.22111e-07
1.43292e-07
9.47748e-08
6.2719e-08
5.29809e-08
4.14793e-08
6.63169e-08
6.39527e-08
1.5072e-07
1.55178e-07
3.60234e-07
3.86763e-07
4.78869e-07
4.80485e-07
5.15511e-07
0.000574331
0.000442815
0.000339424
0.00025938
0.00019717
0.000149243
0.000112388
8.42233e-05
6.27875e-05
4.65624e-05
3.43422e-05
2.51883e-05
1.83678e-05
1.33141e-05
9.59037e-06
6.86228e-06
4.8753e-06
3.43689e-06
2.40229e-06
1.66333e-06
1.13962e-06
7.71765e-07
5.16119e-07
3.40581e-07
2.22525e-07
1.43826e-07
9.54635e-08
6.3516e-08
5.39139e-08
4.23349e-08
6.71354e-08
6.45757e-08
1.51318e-07
1.55649e-07
3.60777e-07
3.87296e-07
4.79393e-07
4.80662e-07
5.15688e-07
0.000574255
0.000442756
0.000339378
0.000259344
0.000197142
0.000149221
0.000112371
8.42107e-05
6.27779e-05
4.65551e-05
3.43368e-05
2.51842e-05
1.83649e-05
1.3312e-05
9.58885e-06
6.86121e-06
4.87456e-06
3.43636e-06
2.4019e-06
1.66301e-06
1.13936e-06
7.71521e-07
5.15845e-07
3.40269e-07
2.22164e-07
1.4338e-07
9.48792e-08
6.28336e-08
5.30984e-08
4.16143e-08
6.64624e-08
6.41322e-08
1.50908e-07
1.5541e-07
3.60507e-07
3.8699e-07
4.79078e-07
4.80734e-07
5.15757e-07
0.000574179
0.000442696
0.000339331
0.000259308
0.000197114
0.0001492
0.000112355
8.41977e-05
6.2768e-05
4.65475e-05
3.4331e-05
2.51798e-05
1.83614e-05
1.33093e-05
9.58676e-06
6.85957e-06
4.87326e-06
3.43535e-06
2.40113e-06
1.66244e-06
1.13894e-06
7.71248e-07
5.15726e-07
3.40261e-07
2.22268e-07
1.43604e-07
9.52745e-08
6.33547e-08
5.37714e-08
4.22035e-08
6.70002e-08
6.44553e-08
1.51192e-07
1.5557e-07
3.60742e-07
3.87204e-07
4.79292e-07
4.80575e-07
5.15598e-07
0.000574101
0.000442636
0.000339284
0.000259271
0.000197085
0.000149178
0.000112338
8.41852e-05
6.27586e-05
4.65406e-05
3.43259e-05
2.51761e-05
1.83589e-05
1.33076e-05
9.58572e-06
6.859e-06
4.87301e-06
3.43531e-06
2.40121e-06
1.66258e-06
1.13911e-06
7.71392e-07
5.15823e-07
3.40287e-07
2.22206e-07
1.43465e-07
9.49813e-08
6.29451e-08
5.32122e-08
4.17459e-08
6.66047e-08
6.43092e-08
1.51093e-07
1.55643e-07
3.60779e-07
3.87217e-07
4.79287e-07
4.81095e-07
5.16118e-07
0.000573984
0.000442544
0.000339212
0.000259215
0.000197041
0.000149144
0.000112311
8.41644e-05
6.27423e-05
4.65278e-05
3.43159e-05
2.51682e-05
1.83525e-05
1.33024e-05
9.58147e-06
6.85546e-06
4.87005e-06
3.43283e-06
2.39915e-06
1.66087e-06
1.13772e-06
7.70294e-07
5.14965e-07
3.39693e-07
2.21877e-07
1.43318e-07
9.51253e-08
6.33115e-08
5.38348e-08
4.22315e-08
6.69879e-08
6.433e-08
1.51029e-07
1.55342e-07
3.60648e-07
3.87044e-07
4.7912e-07
4.8003e-07
5.15046e-07
0.000573825
0.00044242
0.000339114
0.00025914
0.000196983
0.000149099
0.000112277
8.41384e-05
6.27228e-05
4.65134e-05
3.43052e-05
2.51605e-05
1.83471e-05
1.32987e-05
9.57896e-06
6.85388e-06
4.8691e-06
3.4323e-06
2.39884e-06
1.66066e-06
1.13749e-06
7.69943e-07
5.14594e-07
3.39144e-07
2.2112e-07
1.4236e-07
9.38173e-08
6.1735e-08
5.19222e-08
4.05391e-08
6.54446e-08
6.3335e-08
1.50157e-07
1.54893e-07
3.60075e-07
3.86429e-07
4.78441e-07
4.80596e-07
5.15602e-07
0.000573664
0.000442293
0.000339015
0.000259063
0.000196923
0.000149053
0.000112241
8.41112e-05
6.27021e-05
4.64976e-05
3.42933e-05
2.51515e-05
1.83404e-05
1.32937e-05
9.5753e-06
6.8512e-06
4.86722e-06
3.43105e-06
2.39814e-06
1.66043e-06
1.13768e-06
7.70503e-07
5.15429e-07
3.40318e-07
2.22608e-07
1.44161e-07
9.60394e-08
6.42792e-08
5.48427e-08
4.3259e-08
6.80112e-08
6.53783e-08
1.52064e-07
1.56431e-07
3.61872e-07
3.88169e-07
4.80234e-07
4.81282e-07
5.16299e-07
0.000573499
0.000442164
0.000338914
0.000258984
0.000196862
0.000149005
0.000112205
8.40831e-05
6.26805e-05
4.6481e-05
3.42806e-05
2.51418e-05
1.83329e-05
1.32879e-05
9.57076e-06
6.84758e-06
4.86423e-06
3.42848e-06
2.39582e-06
1.65824e-06
1.13549e-06
7.68285e-07
5.13139e-07
3.37848e-07
2.19932e-07
1.41224e-07
9.27178e-08
6.06625e-08
5.08532e-08
3.951e-08
6.44258e-08
6.2388e-08
1.49215e-07
1.54072e-07
3.59355e-07
3.85609e-07
4.77571e-07
4.79886e-07
5.14872e-07
0.000573332
0.000442033
0.000338812
0.000258904
0.0001968
0.000148958
0.000112169
8.40555e-05
6.26598e-05
4.64656e-05
3.42694e-05
2.51338e-05
1.83273e-05
1.32842e-05
9.56855e-06
6.8465e-06
4.86404e-06
3.42901e-06
2.39693e-06
1.65983e-06
1.13752e-06
7.7067e-07
5.15846e-07
3.40907e-07
2.23326e-07
1.44988e-07
9.69402e-08
6.52353e-08
5.58393e-08
4.42749e-08
6.90222e-08
6.64108e-08
1.53083e-07
1.57495e-07
3.63099e-07
3.89302e-07
4.81347e-07
4.82443e-07
5.17455e-07
0.00057316
0.000441899
0.000338707
0.000258822
0.000196737
0.000148908
0.00011213
8.40255e-05
6.26364e-05
4.64474e-05
3.4255e-05
2.51224e-05
1.83181e-05
1.32767e-05
9.56222e-06
6.84104e-06
4.85919e-06
3.42456e-06
2.39273e-06
1.65575e-06
1.13346e-06
7.66578e-07
5.11656e-07
3.36532e-07
2.18722e-07
1.40077e-07
9.16125e-08
5.95875e-08
4.97828e-08
3.84809e-08
6.34024e-08
6.14358e-08
1.48259e-07
1.53236e-07
3.5864e-07
3.84792e-07
4.76706e-07
4.79221e-07
5.14186e-07
0.00057299
0.000441764
0.000338601
0.00025874
0.000196673
0.000148859
0.000112093
8.39978e-05
6.26159e-05
4.64325e-05
3.42446e-05
2.51153e-05
1.83138e-05
1.32744e-05
9.56152e-06
6.84159e-06
4.86072e-06
3.42686e-06
2.39565e-06
1.65919e-06
1.13734e-06
7.70831e-07
5.1626e-07
3.41496e-07
2.24051e-07
1.45817e-07
9.78406e-08
6.61898e-08
5.6833e-08
4.52873e-08
7.00311e-08
6.74418e-08
1.54103e-07
1.58561e-07
3.64345e-07
3.90458e-07
4.82473e-07
4.83608e-07
5.18607e-07
0.000572887
0.000441685
0.00033854
0.000258692
0.000196635
0.00014883
0.00011207
8.39796e-05
6.26016e-05
4.64212e-05
3.42354e-05
2.51078e-05
1.83075e-05
1.32691e-05
9.55689e-06
6.83743e-06
4.85689e-06
3.42326e-06
2.39219e-06
1.6558e-06
1.13398e-06
7.67448e-07
5.12816e-07
3.37951e-07
2.20364e-07
1.41941e-07
9.37163e-08
6.18742e-08
5.22685e-08
4.08844e-08
6.57283e-08
6.35293e-08
1.50274e-07
1.55088e-07
3.60741e-07
3.86819e-07
4.78751e-07
4.80771e-07
5.15738e-07
0.000572865
0.000441668
0.000338526
0.000258682
0.000196627
0.000148824
0.000112065
8.39758e-05
6.25987e-05
4.64189e-05
3.42338e-05
2.51066e-05
1.83066e-05
1.32684e-05
9.55642e-06
6.83713e-06
4.85671e-06
3.42319e-06
2.3922e-06
1.65589e-06
1.13413e-06
7.67663e-07
5.13089e-07
3.38281e-07
2.20754e-07
1.42393e-07
9.42385e-08
6.24496e-08
5.29024e-08
4.14883e-08
6.63037e-08
6.40206e-08
1.50739e-07
1.5547e-07
3.61182e-07
3.87252e-07
4.792e-07
4.80973e-07
5.15941e-07
0.000572842
0.00044165
0.000338513
0.000258671
0.000196619
0.000148817
0.00011206
8.39721e-05
6.25958e-05
4.64168e-05
3.42321e-05
2.51054e-05
1.83057e-05
1.32678e-05
9.55593e-06
6.83677e-06
4.85645e-06
3.42299e-06
2.39205e-06
1.65576e-06
1.13401e-06
7.67538e-07
5.12951e-07
3.38119e-07
2.20558e-07
1.42154e-07
9.39462e-08
6.21152e-08
5.25197e-08
4.11344e-08
6.59768e-08
6.37707e-08
1.50512e-07
1.55321e-07
3.61004e-07
3.87071e-07
4.79001e-07
4.80964e-07
5.1593e-07
0.000572819
0.000441633
0.000338499
0.00025866
0.000196611
0.000148811
0.000112055
8.39683e-05
6.2593e-05
4.64146e-05
3.42305e-05
2.51041e-05
1.83048e-05
1.32671e-05
9.55542e-06
6.83639e-06
4.85617e-06
3.42278e-06
2.3919e-06
1.65565e-06
1.13394e-06
7.67496e-07
5.12936e-07
3.38134e-07
2.20606e-07
1.4224e-07
9.40773e-08
6.22833e-08
5.27276e-08
4.13239e-08
6.61441e-08
6.38865e-08
1.5061e-07
1.55377e-07
3.61096e-07
3.87154e-07
4.79092e-07
4.80976e-07
5.1594e-07
0.000572796
0.000441615
0.000338485
0.00025865
0.000196602
0.000148804
0.00011205
8.39646e-05
6.25901e-05
4.64124e-05
3.42288e-05
2.51029e-05
1.83038e-05
1.32664e-05
9.5549e-06
6.836e-06
4.85589e-06
3.42258e-06
2.39175e-06
1.65555e-06
1.13387e-06
7.67446e-07
5.129e-07
3.38104e-07
2.20574e-07
1.42197e-07
9.40133e-08
6.21997e-08
5.26191e-08
4.12312e-08
6.60667e-08
6.3846e-08
1.50578e-07
1.55373e-07
3.61092e-07
3.87146e-07
4.79076e-07
4.80992e-07
5.15956e-07
0.000572773
0.000441598
0.000338472
0.000258639
0.000196594
0.000148798
0.000112045
8.39608e-05
6.25872e-05
4.64102e-05
3.42272e-05
2.51016e-05
1.83029e-05
1.32657e-05
9.55439e-06
6.83563e-06
4.85561e-06
3.42238e-06
2.39161e-06
1.65545e-06
1.13379e-06
7.67393e-07
5.12863e-07
3.38078e-07
2.20558e-07
1.42193e-07
9.40247e-08
6.22262e-08
5.26627e-08
4.12684e-08
6.60945e-08
6.38591e-08
1.50586e-07
1.55378e-07
3.61112e-07
3.87159e-07
4.79088e-07
4.81008e-07
5.15971e-07
0.000572751
0.00044158
0.000338458
0.000258628
0.000196586
0.000148792
0.00011204
8.3957e-05
6.25843e-05
4.6408e-05
3.42255e-05
2.51004e-05
1.8302e-05
1.3265e-05
9.55387e-06
6.83525e-06
4.85533e-06
3.42218e-06
2.39146e-06
1.65534e-06
1.13372e-06
7.67341e-07
5.12827e-07
3.38054e-07
2.20542e-07
1.42182e-07
9.40141e-08
6.22132e-08
5.26433e-08
4.12552e-08
6.60856e-08
6.38597e-08
1.50587e-07
1.55385e-07
3.61129e-07
3.87171e-07
4.79097e-07
4.81024e-07
5.15985e-07
0.000572728
0.000441562
0.000338444
0.000258618
0.000196578
0.000148785
0.000112035
8.39532e-05
6.25814e-05
4.64058e-05
3.42238e-05
2.50991e-05
1.8301e-05
1.32643e-05
9.55335e-06
6.83486e-06
4.85505e-06
3.42197e-06
2.39131e-06
1.65524e-06
1.13364e-06
7.67289e-07
5.12791e-07
3.3803e-07
2.20526e-07
1.42171e-07
9.4007e-08
6.22102e-08
5.26446e-08
4.12567e-08
6.60855e-08
6.38611e-08
1.50588e-07
1.5539e-07
3.61146e-07
3.87182e-07
4.79106e-07
4.8104e-07
5.15999e-07
0.000572705
0.000441545
0.00033843
0.000258607
0.000196569
0.000148779
0.00011203
8.39494e-05
6.25785e-05
4.64036e-05
3.42222e-05
2.50979e-05
1.83001e-05
1.32636e-05
9.55283e-06
6.83448e-06
4.85477e-06
3.42177e-06
2.39117e-06
1.65513e-06
1.13357e-06
7.67237e-07
5.12755e-07
3.38005e-07
2.20509e-07
1.4216e-07
9.40001e-08
6.22062e-08
5.26415e-08
4.12559e-08
6.60846e-08
6.3863e-08
1.50589e-07
1.55396e-07
3.61163e-07
3.87194e-07
4.79114e-07
4.81055e-07
5.16013e-07
0.000572682
0.000441527
0.000338417
0.000258596
0.000196561
0.000148772
0.000112025
8.39456e-05
6.25756e-05
4.64014e-05
3.42205e-05
2.50966e-05
1.82992e-05
1.32629e-05
9.55231e-06
6.8341e-06
4.85449e-06
3.42157e-06
2.39102e-06
1.65503e-06
1.1335e-06
7.67184e-07
5.12719e-07
3.3798e-07
2.20492e-07
1.42149e-07
9.3993e-08
6.22019e-08
5.26385e-08
4.12549e-08
6.60835e-08
6.38648e-08
1.50589e-07
1.55402e-07
3.6118e-07
3.87205e-07
4.79123e-07
4.81071e-07
5.16028e-07
0.000572659
0.000441509
0.000338403
0.000258586
0.000196553
0.000148766
0.00011202
8.39417e-05
6.25726e-05
4.63992e-05
3.42188e-05
2.50954e-05
1.82982e-05
1.32622e-05
9.55179e-06
6.83372e-06
4.85421e-06
3.42136e-06
2.39087e-06
1.65492e-06
1.13342e-06
7.67132e-07
5.12682e-07
3.37955e-07
2.20476e-07
1.42138e-07
9.3986e-08
6.21977e-08
5.26357e-08
4.1254e-08
6.60824e-08
6.38666e-08
1.5059e-07
1.55407e-07
3.61198e-07
3.87216e-07
4.79132e-07
4.81087e-07
5.16042e-07
0.000572636
0.000441491
0.000338389
0.000258575
0.000196544
0.000148759
0.000112015
8.39379e-05
6.25697e-05
4.63969e-05
3.42171e-05
2.50941e-05
1.82973e-05
1.32615e-05
9.55127e-06
6.83333e-06
4.85393e-06
3.42116e-06
2.39072e-06
1.65482e-06
1.13335e-06
7.67079e-07
5.12646e-07
3.3793e-07
2.20459e-07
1.42127e-07
9.39788e-08
6.21935e-08
5.26329e-08
4.12532e-08
6.60813e-08
6.38683e-08
1.50591e-07
1.55413e-07
3.61215e-07
3.87228e-07
4.79141e-07
4.81103e-07
5.16056e-07
0.000572612
0.000441473
0.000338375
0.000258564
0.000196536
0.000148753
0.00011201
8.3934e-05
6.25668e-05
4.63947e-05
3.42155e-05
2.50928e-05
1.82963e-05
1.32608e-05
9.55075e-06
6.83294e-06
4.85365e-06
3.42095e-06
2.39058e-06
1.65471e-06
1.13327e-06
7.67026e-07
5.12609e-07
3.37905e-07
2.20442e-07
1.42116e-07
9.39717e-08
6.21892e-08
5.26301e-08
4.12523e-08
6.60802e-08
6.387e-08
1.50592e-07
1.55418e-07
3.61232e-07
3.87239e-07
4.79149e-07
4.81118e-07
5.1607e-07
0.000572589
0.000441455
0.000338361
0.000258553
0.000196527
0.000148746
0.000112005
8.39302e-05
6.25638e-05
4.63925e-05
3.42138e-05
2.50916e-05
1.82954e-05
1.326e-05
9.55022e-06
6.83256e-06
4.85336e-06
3.42074e-06
2.39043e-06
1.6546e-06
1.13319e-06
7.66973e-07
5.12572e-07
3.3788e-07
2.20426e-07
1.42106e-07
9.39646e-08
6.2185e-08
5.26272e-08
4.12514e-08
6.60791e-08
6.38717e-08
1.50593e-07
1.55424e-07
3.61249e-07
3.87251e-07
4.79158e-07
4.81134e-07
5.16085e-07
0.000572566
0.000441437
0.000338347
0.000258542
0.000196519
0.00014874
0.000112
8.39263e-05
6.25609e-05
4.63902e-05
3.42121e-05
2.50903e-05
1.82944e-05
1.32593e-05
9.54969e-06
6.83217e-06
4.85308e-06
3.42054e-06
2.39028e-06
1.6545e-06
1.13312e-06
7.6692e-07
5.12536e-07
3.37855e-07
2.20409e-07
1.42094e-07
9.39575e-08
6.21807e-08
5.26244e-08
4.12505e-08
6.60779e-08
6.38734e-08
1.50593e-07
1.55429e-07
3.61267e-07
3.87263e-07
4.79167e-07
4.8115e-07
5.16099e-07
0.000572543
0.00044142
0.000338333
0.000258531
0.00019651
0.000148733
0.000111995
8.39225e-05
6.25579e-05
4.6388e-05
3.42104e-05
2.5089e-05
1.82934e-05
1.32586e-05
9.54917e-06
6.83178e-06
4.8528e-06
3.42033e-06
2.39013e-06
1.65439e-06
1.13304e-06
7.66866e-07
5.12499e-07
3.3783e-07
2.20392e-07
1.42083e-07
9.39503e-08
6.21764e-08
5.26215e-08
4.12496e-08
6.60768e-08
6.38751e-08
1.50594e-07
1.55435e-07
3.61284e-07
3.87274e-07
4.79176e-07
4.81166e-07
5.16113e-07
0.000572519
0.000441402
0.000338319
0.00025852
0.000196502
0.000148727
0.00011199
8.39186e-05
6.2555e-05
4.63857e-05
3.42087e-05
2.50877e-05
1.82925e-05
1.32579e-05
9.54864e-06
6.83139e-06
4.85251e-06
3.42012e-06
2.38998e-06
1.65428e-06
1.13297e-06
7.66813e-07
5.12462e-07
3.37805e-07
2.20375e-07
1.42072e-07
9.39432e-08
6.21722e-08
5.26187e-08
4.12487e-08
6.60756e-08
6.38767e-08
1.50594e-07
1.5544e-07
3.61302e-07
3.87286e-07
4.79185e-07
4.81182e-07
5.16128e-07
0.000572496
0.000441383
0.000338305
0.00025851
0.000196493
0.00014872
0.000111985
8.39147e-05
6.2552e-05
4.63835e-05
3.4207e-05
2.50864e-05
1.82915e-05
1.32572e-05
9.54811e-06
6.831e-06
4.85222e-06
3.41991e-06
2.38983e-06
1.65417e-06
1.13289e-06
7.6676e-07
5.12425e-07
3.3778e-07
2.20358e-07
1.42061e-07
9.3936e-08
6.21679e-08
5.26158e-08
4.12478e-08
6.60744e-08
6.38784e-08
1.50595e-07
1.55446e-07
3.61319e-07
3.87298e-07
4.79194e-07
4.81198e-07
5.16142e-07
0.000572473
0.000441365
0.000338291
0.000258499
0.000196485
0.000148714
0.00011198
8.39108e-05
6.2549e-05
4.63812e-05
3.42053e-05
2.50852e-05
1.82906e-05
1.32565e-05
9.54757e-06
6.83061e-06
4.85194e-06
3.41971e-06
2.38968e-06
1.65407e-06
1.13281e-06
7.66706e-07
5.12387e-07
3.37754e-07
2.20341e-07
1.4205e-07
9.39287e-08
6.21636e-08
5.26129e-08
4.12468e-08
6.60732e-08
6.388e-08
1.50596e-07
1.55451e-07
3.61337e-07
3.8731e-07
4.79203e-07
4.81214e-07
5.16156e-07
0.000572449
0.000441347
0.000338277
0.000258488
0.000196476
0.000148707
0.000111975
8.39069e-05
6.25461e-05
4.6379e-05
3.42035e-05
2.50839e-05
1.82896e-05
1.32558e-05
9.54704e-06
6.83022e-06
4.85165e-06
3.4195e-06
2.38953e-06
1.65396e-06
1.13274e-06
7.66652e-07
5.1235e-07
3.37729e-07
2.20324e-07
1.42039e-07
9.39215e-08
6.21593e-08
5.261e-08
4.12459e-08
6.60719e-08
6.38816e-08
1.50596e-07
1.55456e-07
3.61354e-07
3.87321e-07
4.79212e-07
4.8123e-07
5.16171e-07
0.000572426
0.000441329
0.000338263
0.000258477
0.000196468
0.0001487
0.00011197
8.3903e-05
6.25431e-05
4.63767e-05
3.42018e-05
2.50826e-05
1.82886e-05
1.3255e-05
9.54651e-06
6.82982e-06
4.85136e-06
3.41929e-06
2.38937e-06
1.65385e-06
1.13266e-06
7.66598e-07
5.12313e-07
3.37703e-07
2.20307e-07
1.42028e-07
9.39143e-08
6.21549e-08
5.2607e-08
4.12449e-08
6.60707e-08
6.38831e-08
1.50597e-07
1.55461e-07
3.61372e-07
3.87333e-07
4.79221e-07
4.81246e-07
5.16185e-07
0.000572402
0.000441311
0.000338249
0.000258466
0.000196459
0.000148694
0.000111965
8.38991e-05
6.25401e-05
4.63744e-05
3.42001e-05
2.50813e-05
1.82877e-05
1.32543e-05
9.54597e-06
6.82943e-06
4.85107e-06
3.41908e-06
2.38922e-06
1.65374e-06
1.13258e-06
7.66544e-07
5.12275e-07
3.37678e-07
2.2029e-07
1.42017e-07
9.3907e-08
6.21506e-08
5.26041e-08
4.12439e-08
6.60694e-08
6.38847e-08
1.50597e-07
1.55467e-07
3.61389e-07
3.87345e-07
4.7923e-07
4.81262e-07
5.16199e-07
0.000572378
0.000441293
0.000338235
0.000258455
0.000196451
0.000148687
0.00011196
8.38952e-05
6.25371e-05
4.63722e-05
3.41984e-05
2.508e-05
1.82867e-05
1.32536e-05
9.54544e-06
6.82903e-06
4.85078e-06
3.41887e-06
2.38907e-06
1.65363e-06
1.13251e-06
7.6649e-07
5.12238e-07
3.37652e-07
2.20272e-07
1.42005e-07
9.38997e-08
6.21462e-08
5.26011e-08
4.12429e-08
6.60681e-08
6.38862e-08
1.50597e-07
1.55472e-07
3.61407e-07
3.87357e-07
4.79239e-07
4.81278e-07
5.16214e-07
0.000572355
0.000441274
0.000338221
0.000258443
0.000196442
0.00014868
0.000111955
8.38912e-05
6.25341e-05
4.63699e-05
3.41967e-05
2.50787e-05
1.82857e-05
1.32529e-05
9.5449e-06
6.82864e-06
4.85049e-06
3.41865e-06
2.38892e-06
1.65352e-06
1.13243e-06
7.66435e-07
5.122e-07
3.37627e-07
2.20255e-07
1.41994e-07
9.38924e-08
6.21418e-08
5.25982e-08
4.12419e-08
6.60668e-08
6.38877e-08
1.50598e-07
1.55477e-07
3.61425e-07
3.87369e-07
4.79248e-07
4.81294e-07
5.16228e-07
0.000572331
0.000441256
0.000338206
0.000258432
0.000196433
0.000148674
0.000111949
8.38873e-05
6.25311e-05
4.63676e-05
3.41949e-05
2.50774e-05
1.82847e-05
1.32521e-05
9.54436e-06
6.82824e-06
4.8502e-06
3.41844e-06
2.38877e-06
1.65341e-06
1.13235e-06
7.66381e-07
5.12162e-07
3.37601e-07
2.20238e-07
1.41983e-07
9.3885e-08
6.21374e-08
5.25952e-08
4.12409e-08
6.60654e-08
6.38892e-08
1.50598e-07
1.55482e-07
3.61442e-07
3.87381e-07
4.79257e-07
4.8131e-07
5.16242e-07
0.000572307
0.000441238
0.000338192
0.000258421
0.000196425
0.000148667
0.000111944
8.38833e-05
6.2528e-05
4.63653e-05
3.41932e-05
2.50761e-05
1.82838e-05
1.32514e-05
9.54382e-06
6.82784e-06
4.84991e-06
3.41823e-06
2.38861e-06
1.6533e-06
1.13227e-06
7.66326e-07
5.12124e-07
3.37575e-07
2.20221e-07
1.41971e-07
9.38776e-08
6.2133e-08
5.25922e-08
4.12399e-08
6.60641e-08
6.38906e-08
1.50598e-07
1.55487e-07
3.6146e-07
3.87393e-07
4.79266e-07
4.81326e-07
5.16257e-07
0.000572283
0.000441219
0.000338178
0.00025841
0.000196416
0.00014866
0.000111939
8.38794e-05
6.2525e-05
4.6363e-05
3.41914e-05
2.50748e-05
1.82828e-05
1.32507e-05
9.54327e-06
6.82744e-06
4.84962e-06
3.41802e-06
2.38846e-06
1.65319e-06
1.13219e-06
7.66271e-07
5.12086e-07
3.37549e-07
2.20203e-07
1.4196e-07
9.38703e-08
6.21286e-08
5.25892e-08
4.12389e-08
6.60627e-08
6.38921e-08
1.50599e-07
1.55492e-07
3.61478e-07
3.87406e-07
4.79276e-07
4.81342e-07
5.16271e-07
0.000572259
0.000441201
0.000338164
0.000258399
0.000196408
0.000148654
0.000111934
8.38754e-05
6.2522e-05
4.63607e-05
3.41897e-05
2.50734e-05
1.82818e-05
1.32499e-05
9.54273e-06
6.82704e-06
4.84932e-06
3.4178e-06
2.3883e-06
1.65308e-06
1.13212e-06
7.66216e-07
5.12048e-07
3.37523e-07
2.20186e-07
1.41949e-07
9.38629e-08
6.21242e-08
5.25862e-08
4.12378e-08
6.60613e-08
6.38935e-08
1.50599e-07
1.55497e-07
3.61496e-07
3.87418e-07
4.79285e-07
4.81358e-07
5.16285e-07
0.000572236
0.000441183
0.000338149
0.000258388
0.000196399
0.000148647
0.000111929
8.38714e-05
6.25189e-05
4.63584e-05
3.4188e-05
2.50721e-05
1.82808e-05
1.32492e-05
9.54219e-06
6.82664e-06
4.84903e-06
3.41759e-06
2.38815e-06
1.65297e-06
1.13204e-06
7.66161e-07
5.1201e-07
3.37497e-07
2.20168e-07
1.41937e-07
9.38554e-08
6.21197e-08
5.25831e-08
4.12368e-08
6.60598e-08
6.38949e-08
1.50599e-07
1.55502e-07
3.61514e-07
3.8743e-07
4.79294e-07
4.81374e-07
5.163e-07
0.000572211
0.000441164
0.000338135
0.000258377
0.00019639
0.00014864
0.000111924
8.38674e-05
6.25159e-05
4.6356e-05
3.41862e-05
2.50708e-05
1.82798e-05
1.32485e-05
9.54164e-06
6.82624e-06
4.84874e-06
3.41737e-06
2.38799e-06
1.65286e-06
1.13196e-06
7.66106e-07
5.11972e-07
3.37471e-07
2.20151e-07
1.41926e-07
9.3848e-08
6.21152e-08
5.25801e-08
4.12357e-08
6.60584e-08
6.38962e-08
1.50599e-07
1.55506e-07
3.61531e-07
3.87442e-07
4.79303e-07
4.8139e-07
5.16314e-07
0.000572188
0.000441146
0.00033812
0.000258365
0.000196381
0.000148633
0.000111918
8.38634e-05
6.25128e-05
4.63537e-05
3.41844e-05
2.50695e-05
1.82788e-05
1.32477e-05
9.54109e-06
6.82583e-06
4.84844e-06
3.41716e-06
2.38784e-06
1.65275e-06
1.13188e-06
7.66051e-07
5.11934e-07
3.37445e-07
2.20133e-07
1.41914e-07
9.38405e-08
6.21108e-08
5.2577e-08
4.12346e-08
6.60569e-08
6.38976e-08
1.50599e-07
1.55511e-07
3.61549e-07
3.87455e-07
4.79313e-07
4.81406e-07
5.16328e-07
0.000572163
0.000441127
0.000338106
0.000258354
0.000196373
0.000148627
0.000111913
8.38594e-05
6.25098e-05
4.63514e-05
3.41827e-05
2.50682e-05
1.82778e-05
1.3247e-05
9.54055e-06
6.82543e-06
4.84814e-06
3.41694e-06
2.38768e-06
1.65264e-06
1.1318e-06
7.65995e-07
5.11895e-07
3.37419e-07
2.20116e-07
1.41903e-07
9.3833e-08
6.21063e-08
5.25739e-08
4.12335e-08
6.60554e-08
6.38989e-08
1.50599e-07
1.55516e-07
3.61567e-07
3.87467e-07
4.79322e-07
4.81423e-07
5.16343e-07
0.000572139
0.000441108
0.000338092
0.000258343
0.000196364
0.00014862
0.000111908
8.38554e-05
6.25067e-05
4.63491e-05
3.41809e-05
2.50668e-05
1.82768e-05
1.32463e-05
9.54e-06
6.82502e-06
4.84785e-06
3.41673e-06
2.38753e-06
1.65252e-06
1.13172e-06
7.65939e-07
5.11857e-07
3.37392e-07
2.20098e-07
1.41891e-07
9.38255e-08
6.21018e-08
5.25708e-08
4.12324e-08
6.60539e-08
6.39002e-08
1.50599e-07
1.55521e-07
3.61585e-07
3.87479e-07
4.79331e-07
4.81439e-07
5.16357e-07
0.000572115
0.00044109
0.000338077
0.000258332
0.000196355
0.000148613
0.000111903
8.38514e-05
6.25036e-05
4.63467e-05
3.41792e-05
2.50655e-05
1.82758e-05
1.32455e-05
9.53944e-06
6.82462e-06
4.84755e-06
3.41651e-06
2.38737e-06
1.65241e-06
1.13164e-06
7.65884e-07
5.11818e-07
3.37366e-07
2.2008e-07
1.4188e-07
9.3818e-08
6.20972e-08
5.25677e-08
4.12313e-08
6.60524e-08
6.39015e-08
1.50599e-07
1.55525e-07
3.61603e-07
3.87492e-07
4.79341e-07
4.81455e-07
5.16371e-07
0.000572091
0.000441071
0.000338063
0.00025832
0.000196346
0.000148606
0.000111897
8.38474e-05
6.25006e-05
4.63444e-05
3.41774e-05
2.50642e-05
1.82748e-05
1.32448e-05
9.53889e-06
6.82421e-06
4.84725e-06
3.41629e-06
2.38721e-06
1.6523e-06
1.13156e-06
7.65828e-07
5.11779e-07
3.3734e-07
2.20063e-07
1.41868e-07
9.38104e-08
6.20927e-08
5.25646e-08
4.12302e-08
6.60508e-08
6.39028e-08
1.50599e-07
1.5553e-07
3.61621e-07
3.87504e-07
4.7935e-07
4.81471e-07
5.16386e-07
0.000572067
0.000441052
0.000338048
0.000258309
0.000196338
0.000148599
0.000111892
8.38433e-05
6.24975e-05
4.6342e-05
3.41756e-05
2.50628e-05
1.82738e-05
1.3244e-05
9.53834e-06
6.8238e-06
4.84695e-06
3.41608e-06
2.38706e-06
1.65219e-06
1.13148e-06
7.65772e-07
5.1174e-07
3.37313e-07
2.20045e-07
1.41856e-07
9.38028e-08
6.20881e-08
5.25615e-08
4.1229e-08
6.60493e-08
6.3904e-08
1.50599e-07
1.55534e-07
3.61639e-07
3.87517e-07
4.7936e-07
4.81488e-07
5.164e-07
0.000572042
0.000441034
0.000338034
0.000258298
0.000196329
0.000148593
0.000111887
8.38393e-05
6.24944e-05
4.63397e-05
3.41738e-05
2.50615e-05
1.82728e-05
1.32433e-05
9.53779e-06
6.82339e-06
4.84665e-06
3.41586e-06
2.3869e-06
1.65207e-06
1.1314e-06
7.65715e-07
5.11701e-07
3.37287e-07
2.20027e-07
1.41845e-07
9.37952e-08
6.20836e-08
5.25583e-08
4.12279e-08
6.60477e-08
6.39052e-08
1.50599e-07
1.55539e-07
3.61657e-07
3.87529e-07
4.79369e-07
4.81504e-07
5.16414e-07
0.000572018
0.000441015
0.000338019
0.000258286
0.00019632
0.000148586
0.000111882
8.38352e-05
6.24913e-05
4.63373e-05
3.4172e-05
2.50601e-05
1.82718e-05
1.32425e-05
9.53723e-06
6.82298e-06
4.84635e-06
3.41564e-06
2.38674e-06
1.65196e-06
1.13132e-06
7.65659e-07
5.11662e-07
3.3726e-07
2.20009e-07
1.41833e-07
9.37876e-08
6.2079e-08
5.25551e-08
4.12267e-08
6.60461e-08
6.39064e-08
1.50599e-07
1.55543e-07
3.61676e-07
3.87542e-07
4.79379e-07
4.8152e-07
5.16429e-07
0.000571994
0.000440996
0.000338004
0.000258275
0.000196311
0.000148579
0.000111876
8.38312e-05
6.24882e-05
4.6335e-05
3.41703e-05
2.50588e-05
1.82708e-05
1.32418e-05
9.53667e-06
6.82257e-06
4.84605e-06
3.41542e-06
2.38658e-06
1.65185e-06
1.13124e-06
7.65603e-07
5.11623e-07
3.37233e-07
2.19991e-07
1.41821e-07
9.378e-08
6.20744e-08
5.2552e-08
4.12255e-08
6.60444e-08
6.39076e-08
1.50598e-07
1.55548e-07
3.61694e-07
3.87555e-07
4.79388e-07
4.81536e-07
5.16443e-07
0.000571969
0.000440977
0.00033799
0.000258264
0.000196302
0.000148572
0.000111871
8.38271e-05
6.24851e-05
4.63326e-05
3.41685e-05
2.50575e-05
1.82698e-05
1.3241e-05
9.53611e-06
6.82216e-06
4.84575e-06
3.4152e-06
2.38642e-06
1.65173e-06
1.13116e-06
7.65546e-07
5.11584e-07
3.37206e-07
2.19973e-07
1.41809e-07
9.37723e-08
6.20698e-08
5.25488e-08
4.12243e-08
6.60428e-08
6.39087e-08
1.50598e-07
1.55552e-07
3.61712e-07
3.87567e-07
4.79398e-07
4.81553e-07
5.16458e-07
0.000571945
0.000440958
0.000337975
0.000258252
0.000196293
0.000148565
0.000111866
8.3823e-05
6.2482e-05
4.63302e-05
3.41667e-05
2.50561e-05
1.82688e-05
1.32403e-05
9.53555e-06
6.82175e-06
4.84545e-06
3.41498e-06
2.38626e-06
1.65162e-06
1.13108e-06
7.65489e-07
5.11545e-07
3.3718e-07
2.19955e-07
1.41798e-07
9.37646e-08
6.20652e-08
5.25456e-08
4.12231e-08
6.60411e-08
6.39099e-08
1.50598e-07
1.55556e-07
3.6173e-07
3.8758e-07
4.79407e-07
4.81569e-07
5.16472e-07
0.00057192
0.000440939
0.00033796
0.000258241
0.000196284
0.000148558
0.00011186
8.38189e-05
6.24788e-05
4.63279e-05
3.41649e-05
2.50547e-05
1.82678e-05
1.32395e-05
9.53499e-06
6.82133e-06
4.84514e-06
3.41476e-06
2.3861e-06
1.65151e-06
1.131e-06
7.65432e-07
5.11505e-07
3.37153e-07
2.19937e-07
1.41786e-07
9.37569e-08
6.20605e-08
5.25423e-08
4.12219e-08
6.60394e-08
6.3911e-08
1.50598e-07
1.55561e-07
3.61748e-07
3.87593e-07
4.79417e-07
4.81585e-07
5.16486e-07
0.000571896
0.00044092
0.000337946
0.000258229
0.000196275
0.000148551
0.000111855
8.38148e-05
6.24757e-05
4.63255e-05
3.41631e-05
2.50534e-05
1.82668e-05
1.32387e-05
9.53443e-06
6.82092e-06
4.84484e-06
3.41454e-06
2.38594e-06
1.65139e-06
1.13092e-06
7.65375e-07
5.11466e-07
3.37126e-07
2.19919e-07
1.41774e-07
9.37492e-08
6.20559e-08
5.25391e-08
4.12207e-08
6.60377e-08
6.3912e-08
1.50597e-07
1.55565e-07
3.61767e-07
3.87606e-07
4.79426e-07
4.81602e-07
5.16501e-07
0.000571871
0.000440901
0.000337931
0.000258218
0.000196266
0.000148544
0.00011185
8.38107e-05
6.24726e-05
4.63231e-05
3.41613e-05
2.5052e-05
1.82657e-05
1.3238e-05
9.53387e-06
6.8205e-06
4.84453e-06
3.41432e-06
2.38578e-06
1.65128e-06
1.13083e-06
7.65318e-07
5.11426e-07
3.37099e-07
2.19901e-07
1.41762e-07
9.37414e-08
6.20512e-08
5.25358e-08
4.12194e-08
6.60359e-08
6.39131e-08
1.50597e-07
1.55569e-07
3.61785e-07
3.87618e-07
4.79436e-07
4.81618e-07
5.16515e-07
0.000571846
0.000440882
0.000337916
0.000258206
0.000196257
0.000148537
0.000111844
8.38066e-05
6.24694e-05
4.63207e-05
3.41595e-05
2.50507e-05
1.82647e-05
1.32372e-05
9.5333e-06
6.82009e-06
4.84423e-06
3.41409e-06
2.38562e-06
1.65116e-06
1.13075e-06
7.6526e-07
5.11386e-07
3.37072e-07
2.19883e-07
1.4175e-07
9.37336e-08
6.20465e-08
5.25326e-08
4.12182e-08
6.60342e-08
6.39142e-08
1.50596e-07
1.55573e-07
3.61803e-07
3.87631e-07
4.79446e-07
4.81635e-07
5.16529e-07
0.000571822
0.000440863
0.000337901
0.000258195
0.000196248
0.00014853
0.000111839
8.38025e-05
6.24663e-05
4.63183e-05
3.41576e-05
2.50493e-05
1.82637e-05
1.32365e-05
9.53273e-06
6.81967e-06
4.84392e-06
3.41387e-06
2.38546e-06
1.65105e-06
1.13067e-06
7.65203e-07
5.11346e-07
3.37045e-07
2.19865e-07
1.41738e-07
9.37259e-08
6.20418e-08
5.25293e-08
4.12169e-08
6.60324e-08
6.39152e-08
1.50596e-07
1.55577e-07
3.61822e-07
3.87644e-07
4.79455e-07
4.81651e-07
5.16544e-07
0.000571797
0.000440844
0.000337886
0.000258183
0.000196239
0.000148523
0.000111834
8.37984e-05
6.24631e-05
4.63159e-05
3.41558e-05
2.50479e-05
1.82627e-05
1.32357e-05
9.53216e-06
6.81925e-06
4.84361e-06
3.41365e-06
2.3853e-06
1.65093e-06
1.13059e-06
7.65145e-07
5.11307e-07
3.37017e-07
2.19846e-07
1.41726e-07
9.3718e-08
6.20371e-08
5.2526e-08
4.12156e-08
6.60306e-08
6.39162e-08
1.50595e-07
1.55581e-07
3.6184e-07
3.87657e-07
4.79465e-07
4.81667e-07
5.16558e-07
0.000571772
0.000440825
0.000337872
0.000258171
0.00019623
0.000148516
0.000111828
8.37942e-05
6.246e-05
4.63135e-05
3.4154e-05
2.50466e-05
1.82616e-05
1.32349e-05
9.5316e-06
6.81883e-06
4.84331e-06
3.41342e-06
2.38514e-06
1.65081e-06
1.13051e-06
7.65088e-07
5.11266e-07
3.3699e-07
2.19828e-07
1.41714e-07
9.37102e-08
6.20324e-08
5.25227e-08
4.12143e-08
6.60288e-08
6.39171e-08
1.50595e-07
1.55585e-07
3.61859e-07
3.8767e-07
4.79475e-07
4.81684e-07
5.16573e-07
0.000571747
0.000440806
0.000337857
0.00025816
0.000196221
0.000148509
0.000111823
8.37901e-05
6.24568e-05
4.63111e-05
3.41522e-05
2.50452e-05
1.82606e-05
1.32342e-05
9.53103e-06
6.81841e-06
4.843e-06
3.4132e-06
2.38498e-06
1.6507e-06
1.13042e-06
7.6503e-07
5.11226e-07
3.36963e-07
2.1981e-07
1.41702e-07
9.37023e-08
6.20276e-08
5.25194e-08
4.1213e-08
6.60269e-08
6.39181e-08
1.50594e-07
1.55589e-07
3.61877e-07
3.87683e-07
4.79485e-07
4.817e-07
5.16587e-07
0.000571722
0.000440787
0.000337842
0.000258148
0.000196212
0.000148502
0.000111817
8.37859e-05
6.24536e-05
4.63087e-05
3.41503e-05
2.50438e-05
1.82596e-05
1.32334e-05
9.53045e-06
6.81799e-06
4.84269e-06
3.41297e-06
2.38481e-06
1.65058e-06
1.13034e-06
7.64972e-07
5.11186e-07
3.36935e-07
2.19791e-07
1.4169e-07
9.36945e-08
6.20229e-08
5.2516e-08
4.12117e-08
6.6025e-08
6.3919e-08
1.50593e-07
1.55593e-07
3.61896e-07
3.87696e-07
4.79494e-07
4.81717e-07
5.16602e-07
0.000571697
0.000440767
0.000337827
0.000258136
0.000196203
0.000148495
0.000111812
8.37817e-05
6.24504e-05
4.63063e-05
3.41485e-05
2.50424e-05
1.82585e-05
1.32326e-05
9.52988e-06
6.81756e-06
4.84238e-06
3.41275e-06
2.38465e-06
1.65046e-06
1.13026e-06
7.64913e-07
5.11146e-07
3.36908e-07
2.19773e-07
1.41678e-07
9.36866e-08
6.20181e-08
5.25127e-08
4.12104e-08
6.60231e-08
6.39199e-08
1.50593e-07
1.55597e-07
3.61914e-07
3.8771e-07
4.79504e-07
4.81733e-07
5.16616e-07
0.000571672
0.000440748
0.000337812
0.000258125
0.000196194
0.000148488
0.000111807
8.37776e-05
6.24472e-05
4.63038e-05
3.41467e-05
2.5041e-05
1.82575e-05
1.32318e-05
9.52931e-06
6.81714e-06
4.84207e-06
3.41252e-06
2.38449e-06
1.65035e-06
1.13017e-06
7.64855e-07
5.11105e-07
3.3688e-07
2.19754e-07
1.41666e-07
9.36786e-08
6.20133e-08
5.25093e-08
4.1209e-08
6.60212e-08
6.39208e-08
1.50592e-07
1.55601e-07
3.61933e-07
3.87723e-07
4.79514e-07
4.8175e-07
5.16631e-07
0.000571647
0.000440729
0.000337797
0.000258113
0.000196185
0.000148481
0.000111801
8.37734e-05
6.2444e-05
4.63014e-05
3.41448e-05
2.50397e-05
1.82565e-05
1.32311e-05
9.52873e-06
6.81672e-06
4.84176e-06
3.4123e-06
2.38432e-06
1.65023e-06
1.13009e-06
7.64797e-07
5.11065e-07
3.36853e-07
2.19736e-07
1.41654e-07
9.36707e-08
6.20085e-08
5.25059e-08
4.12077e-08
6.60193e-08
6.39217e-08
1.50591e-07
1.55604e-07
3.61951e-07
3.87736e-07
4.79524e-07
4.81767e-07
5.16646e-07
0.000571622
0.00044071
0.000337782
0.000258101
0.000196176
0.000148474
0.000111796
8.37692e-05
6.24408e-05
4.6299e-05
3.4143e-05
2.50383e-05
1.82554e-05
1.32303e-05
9.52815e-06
6.81629e-06
4.84145e-06
3.41207e-06
2.38416e-06
1.65011e-06
1.13001e-06
7.64738e-07
5.11024e-07
3.36825e-07
2.19717e-07
1.41641e-07
9.36627e-08
6.20037e-08
5.25026e-08
4.12063e-08
6.60174e-08
6.39225e-08
1.5059e-07
1.55608e-07
3.6197e-07
3.87749e-07
4.79534e-07
4.81783e-07
5.16662e-07
0.000571597
0.00044069
0.000337767
0.00025809
0.000196167
0.000148467
0.00011179
8.3765e-05
6.24376e-05
4.62965e-05
3.41411e-05
2.50369e-05
1.82544e-05
1.32295e-05
9.52758e-06
6.81587e-06
4.84113e-06
3.41184e-06
2.38399e-06
1.64999e-06
1.12992e-06
7.64679e-07
5.10984e-07
3.36797e-07
2.19698e-07
1.41629e-07
9.36547e-08
6.19989e-08
5.24991e-08
4.12049e-08
6.60154e-08
6.39233e-08
1.5059e-07
1.55612e-07
3.61988e-07
3.87763e-07
4.79544e-07
4.818e-07
5.16677e-07
0.000571572
0.000440671
0.000337752
0.000258078
0.000196158
0.00014846
0.000111785
8.37608e-05
6.24344e-05
4.62941e-05
3.41393e-05
2.50355e-05
1.82533e-05
1.32287e-05
9.527e-06
6.81544e-06
4.84082e-06
3.41161e-06
2.38383e-06
1.64988e-06
1.12984e-06
7.6462e-07
5.10943e-07
3.36769e-07
2.1968e-07
1.41617e-07
9.36467e-08
6.1994e-08
5.24957e-08
4.12035e-08
6.60134e-08
6.39241e-08
1.50589e-07
1.55616e-07
3.62008e-07
3.87776e-07
4.79554e-07
4.81816e-07
5.16692e-07
0.000565244
0.000435895
0.000334112
0.000255291
0.000194031
0.000146845
0.000110563
8.28419e-05
6.17465e-05
4.57817e-05
3.37597e-05
2.47558e-05
1.80484e-05
1.30794e-05
9.41884e-06
6.73759e-06
4.78517e-06
3.37213e-06
2.35604e-06
1.63051e-06
1.11648e-06
7.55524e-07
5.04834e-07
3.32735e-07
2.17058e-07
1.39954e-07
9.25931e-08
6.13706e-08
5.2059e-08
4.10009e-08
6.57245e-08
6.38935e-08
1.50348e-07
1.55746e-07
3.64012e-07
3.89077e-07
4.80522e-07
4.83386e-07
5.18009e-07
0.000540581
0.000416932
0.000319569
0.000244172
0.000185564
0.000140427
0.000105721
7.92064e-05
5.9031e-05
4.37641e-05
3.22686e-05
2.36598e-05
1.72474e-05
1.24974e-05
8.99853e-06
6.43594e-06
4.57013e-06
3.21993e-06
2.24918e-06
1.55613e-06
1.06524e-06
7.20618e-07
4.81356e-07
3.17176e-07
2.06881e-07
1.33421e-07
8.83607e-08
5.87171e-08
5.00421e-08
3.97182e-08
6.3912e-08
6.22919e-08
1.47329e-07
1.50453e-07
3.58973e-07
3.89452e-07
4.78841e-07
4.84758e-07
5.18456e-07
0.000505015
0.000389543
0.00029858
0.000228132
0.000173365
0.000131187
9.87574e-05
7.39839e-05
5.51343e-05
4.08718e-05
3.01334e-05
2.20923e-05
1.61032e-05
1.16671e-05
8.39965e-06
6.00682e-06
4.26477e-06
3.00426e-06
2.09812e-06
1.4513e-06
9.93239e-07
6.71749e-07
4.48608e-07
2.95545e-07
1.92766e-07
1.24353e-07
8.24394e-08
5.4913e-08
4.70166e-08
3.75802e-08
6.08335e-08
6.04787e-08
1.44682e-07
1.53511e-07
3.87747e-07
4.04459e-07
4.92364e-07
4.94327e-07
5.25448e-07
0.000459409
0.000354384
0.000271627
0.000207537
0.000157707
0.000119333
8.98285e-05
6.72909e-05
5.01433e-05
3.71694e-05
2.74018e-05
2.00881e-05
1.46411e-05
1.06068e-05
7.63559e-06
5.4598e-06
3.87589e-06
2.72992e-06
1.90621e-06
1.31831e-06
9.02046e-07
6.09952e-07
4.07266e-07
2.68277e-07
1.74983e-07
1.12915e-07
7.49312e-08
5.00189e-08
4.30228e-08
3.45665e-08
5.63988e-08
5.50601e-08
1.35734e-07
1.34909e-07
3.64151e-07
3.99471e-07
4.82859e-07
4.91374e-07
5.21288e-07
0.000404798
0.000312269
0.000239345
0.000182871
0.000138958
0.000105143
7.91431e-05
5.92837e-05
4.41742e-05
3.2743e-05
2.41373e-05
1.76938e-05
1.28952e-05
9.3413e-06
6.724e-06
4.80751e-06
3.41246e-06
2.40321e-06
1.67784e-06
1.1602e-06
7.93727e-07
5.36622e-07
3.58253e-07
2.35971e-07
1.53919e-07
9.93516e-08
6.59915e-08
4.41358e-08
3.81247e-08
3.08153e-08
5.07491e-08
5.17492e-08
1.29392e-07
1.4196e-07
4.23122e-07
4.29631e-07
5.08787e-07
5.08666e-07
5.3342e-07
0.000342342
0.000264095
0.000202417
0.000154655
0.000117515
8.89158e-05
6.69262e-05
5.01306e-05
3.73524e-05
2.76854e-05
2.0408e-05
1.49593e-05
1.09017e-05
7.89676e-06
5.68381e-06
4.06348e-06
2.88407e-06
2.03088e-06
1.41772e-06
9.80201e-07
6.70496e-07
4.5325e-07
3.0256e-07
1.99277e-07
1.29992e-07
8.39308e-08
5.57952e-08
3.73769e-08
3.24127e-08
2.62675e-08
4.377e-08
4.19685e-08
1.13795e-07
1.04819e-07
3.74947e-07
4.16949e-07
4.89626e-07
4.99583e-07
5.237e-07
0.000273289
0.000210827
0.000161587
0.000123459
9.38084e-05
7.09773e-05
5.34226e-05
4.00148e-05
2.98142e-05
2.20974e-05
1.62883e-05
1.19391e-05
8.70034e-06
6.30187e-06
4.53561e-06
3.2424e-06
2.30113e-06
1.62025e-06
1.13096e-06
7.81852e-07
5.34759e-07
3.61455e-07
2.41265e-07
1.589e-07
1.03661e-07
6.69469e-08
4.45369e-08
2.98765e-08
2.59974e-08
2.12059e-08
3.56891e-08
3.7992e-08
1.01104e-07
1.19717e-07
4.76406e-07
4.68121e-07
5.2973e-07
5.26497e-07
5.41952e-07
0.000199057
0.000153564
0.000117696
8.99245e-05
6.83265e-05
5.16966e-05
3.89098e-05
2.91437e-05
2.17139e-05
1.60934e-05
1.18623e-05
8.69468e-06
6.33584e-06
4.58903e-06
3.30269e-06
2.36089e-06
1.67542e-06
1.1796e-06
8.23309e-07
5.6912e-07
3.89224e-07
2.63064e-07
1.75581e-07
1.15639e-07
7.54441e-08
4.87351e-08
3.24411e-08
2.17833e-08
1.90126e-08
1.54317e-08
2.64906e-08
2.35107e-08
7.82578e-08
5.39815e-08
3.91328e-07
4.43657e-07
4.97815e-07
5.08402e-07
5.25065e-07
0.000120949
9.33062e-05
7.15117e-05
5.46375e-05
4.15142e-05
3.14098e-05
2.36406e-05
1.77068e-05
1.31925e-05
9.77752e-06
7.20685e-06
5.28228e-06
3.84913e-06
2.78785e-06
2.00633e-06
1.43415e-06
1.0177e-06
7.16486e-07
5.00047e-07
3.45639e-07
2.36369e-07
1.59745e-07
1.06616e-07
7.02179e-08
4.58139e-08
2.95998e-08
1.97119e-08
1.32482e-08
1.15836e-08
9.57291e-09
1.63391e-08
1.98421e-08
5.37373e-08
8.35714e-08
5.59942e-07
5.28095e-07
5.56909e-07
5.49898e-07
5.52974e-07
4.07595e-05
3.14462e-05
2.41018e-05
1.84148e-05
1.39918e-05
1.05862e-05
7.96762e-06
5.96769e-06
4.44621e-06
3.29524e-06
2.42883e-06
1.78018e-06
1.29717e-06
9.39484e-07
6.76094e-07
4.83256e-07
3.4291e-07
2.41401e-07
1.68465e-07
1.16436e-07
7.96199e-08
5.38059e-08
3.59096e-08
2.36504e-08
1.54321e-08
9.97222e-09
6.64396e-09
4.46241e-09
3.91797e-09
3.01226e-09
5.72783e-09
1.30551e-09
2.43815e-08
-2.83452e-08
4.10002e-07
4.79193e-07
5.05001e-07
5.14909e-07
5.24368e-07
)
;

boundaryField
{
    atmosphere
    {
        type            totalPressure;
        rho             rho;
        psi             none;
        gamma           1;
        p0              uniform 0;
        value           nonuniform List<scalar> 
527
(
-0.0618475
-0.0652855
-0.067384
-0.0678812
-0.0667539
-0.0641179
-0.0601829
-0.0552135
-0.0494924
-0.0432923
-0.0368586
-0.0304085
-0.0241378
-0.0182335
-0.0128824
-0.00827014
-0.00456999
-0.00192077
-0.000401578
0
0
0
0
0
0
0
0
0
0
0
0
0
0
0
0
0
0
0
0
0
0
0
0
0
0
0
0
0
-3.47078e-06
-0.00028186
-0.00100403
-0.00213521
-0.00359948
-0.00528491
-0.00705425
-0.00875824
-0.0102507
-0.0114032
-0.0121156
-0.0123288
-0.0120237
-0.0112362
-0.0100263
-0.00854085
-0.00683531
-0.00524484
-0.00349544
-0.00225919
-0.00123315
-0.000559562
-0.000170683
-1.57602e-05
0
0
0
0
0
0
0
0
0
0
-2.78797e-07
-2.30934e-06
-1.46016e-06
0
0
0
0
0
0
0
0
0
0
0
0
0
0
0
0
0
0
0
0
0
0
0
0
0
0
0
0
0
0
0
0
-3.34233e-05
-0.000291628
-0.000849645
-0.00174303
-0.00298219
-0.00453394
-0.00633611
-0.00825918
-0.0101943
-0.0119229
-0.0133867
-0.0142843
-0.0147707
-0.0143948
-0.013736
-0.0120026
-0.0102936
-0.00793298
-0.00570978
-0.00347363
-0.00170547
-0.000478748
-5.06554e-06
0
0
0
0
0
0
0
0
0
0
0
0
0
0
0
0
0
0
0
0
-4.20108e-06
-3.58302e-05
-7.68085e-05
-0.000110922
-0.000131342
-0.000137524
-0.000132508
-0.000120223
-0.000104401
-8.78563e-05
-7.23624e-05
-5.88152e-05
-4.74921e-05
-3.83023e-05
-3.09763e-05
-2.51887e-05
-2.06257e-05
-1.70158e-05
-1.41387e-05
-1.18229e-05
-9.93835e-06
-8.38788e-06
-7.09925e-06
-6.01878e-06
-5.10635e-06
-4.33164e-06
-3.67139e-06
-3.1074e-06
-2.62519e-06
-2.21293e-06
-1.86084e-06
-1.56064e-06
-1.30525e-06
-1.08854e-06
-9.05188e-07
-7.50536e-07
-6.20508e-07
-5.1154e-07
-4.20521e-07
-3.44744e-07
-2.8186e-07
-2.29842e-07
-1.86946e-07
-1.5168e-07
-1.22772e-07
-9.91439e-08
-7.98847e-08
-6.42284e-08
-5.15339e-08
-4.12664e-08
-3.29818e-08
-2.63124e-08
-2.09553e-08
-1.66614e-08
-1.32266e-08
-1.04845e-08
-8.29953e-09
-6.56158e-09
-5.1816e-09
-4.08752e-09
-3.22155e-09
-2.5373e-09
-1.99746e-09
-1.57215e-09
-1.23755e-09
-9.74674e-10
-7.68431e-10
-6.06841e-10
-4.80414e-10
-3.81647e-10
-3.04617e-10
-2.44659e-10
-1.98106e-10
-1.62086e-10
-1.34357e-10
-1.13178e-10
-9.7207e-11
-8.54296e-11
-7.70936e-11
-7.16663e-11
-6.88054e-11
-6.83358e-11
-7.02265e-11
-7.46396e-11
-8.19033e-11
-9.25469e-11
-1.07341e-10
-1.27353e-10
-1.54027e-10
-1.89288e-10
-2.35682e-10
-2.96558e-10
-3.76316e-10
-4.80721e-10
-6.17321e-10
-7.95996e-10
-1.02967e-09
-1.33526e-09
-1.73487e-09
-2.25744e-09
-2.94078e-09
-3.83437e-09
-5.00291e-09
-6.53103e-09
-8.52935e-09
-1.11426e-08
-1.456e-08
-1.90289e-08
-2.48729e-08
-3.25149e-08
-4.25078e-08
-5.55744e-08
-7.26596e-08
-9.49984e-08
-1.24205e-07
-1.62388e-07
-2.12303e-07
-2.77552e-07
-3.62837e-07
-4.74303e-07
-6.19975e-07
-8.1033e-07
-1.05905e-06
-1.384e-06
-1.80851e-06
-2.36302e-06
-3.08726e-06
-4.0331e-06
-5.26819e-06
-6.88078e-06
-8.98587e-06
-1.17333e-05
-1.53179e-05
-1.99934e-05
-2.60871e-05
-3.40211e-05
-4.43352e-05
-5.77142e-05
-7.50209e-05
-9.73197e-05
-0.000125889
-0.00016223
-0.000208013
-0.000264954
-0.000334653
-0.000418264
-0.000516084
-0.000626985
-0.000747972
-0.000873741
-0.00099695
-0.00110739
-0.00119678
-0.00125158
-0.00128189
-0.00126573
-0.00123022
-0.00115282
-0.00106838
-0.000960786
-0.000862418
-0.000763329
-0.000684984
-0.000620474
-0.000575214
-0.000544238
-0.00052207
-0.000506029
-0.000486448
-0.000462004
-0.000423501
-0.000371491
-0.00030229
-0.000221086
-0.00013369
-5.51627e-05
-5.64736e-06
0
0
0
0
0
0
0
0
0
0
0
0
0
0
0
0
0
0
0
0
0
0
0
0
0
0
0
0
0
0
0
0
0
0
0
0
0
0
0
0
0
0
-2.87468e-08
-2.86679e-07
-8.2988e-07
-1.69745e-06
-2.95178e-06
-4.68308e-06
-7.01587e-06
-1.0118e-05
-1.42126e-05
-1.95942e-05
-2.66503e-05
-3.58887e-05
-4.79747e-05
-6.37789e-05
-8.44407e-05
-0.00011145
-0.000146755
-0.000192902
-0.000253219
-0.000331976
-0.000434983
-0.000569295
-0.000744568
-0.000973187
-0.00126974
-0.00165275
-0.00214533
-0.00277579
-0.00357515
-0.00457687
-0.00581465
-0.00731801
-0.00910567
-0.0111801
-0.0135164
-0.0160701
-0.0187172
-0.0214108
-0.0238939
-0.0262276
-0.0281103
-0.0296984
-0.0309141
-0.0316777
-0.0324768
-0.0326002
-0.0330608
-0.032735
-0.0325352
-0.0315814
-0.0300357
-0.0275131
-0.0237017
-0.0185019
-0.0121272
-0.00553726
-0.000778359
0
0
0
0
0
0
0
0
0
0
0
0
0
0
0
0
0
0
0
0
0
0
0
0
0
0
0
0
0
0
0
0
0
0
0
0
0
0
0
0
0
0
0
0
0
0
0
0
0
0
0
0
0
0
0
0
0
0
0
0
0
0
0
0
0
0
0
0
0
0
0
0
0
0
0
0
0
0
0
0
0
0
0
0
0
0
-7.26446e-14
-3.49123e-14
-3.47712e-15
-3.45964e-15
-8.04942e-16
)
;
    }
    inlet
    {
        type            zeroGradient;
    }
    outlet
    {
        type            zeroGradient;
    }
    bottom
    {
        type            zeroGradient;
    }
    frontBack
    {
        type            empty;
    }
}


// ************************************************************************* //
