/*--------------------------------*- C++ -*----------------------------------*\
| =========                 |                                                 |
| \\      /  F ield         | OpenFOAM: The Open Source CFD Toolbox           |
|  \\    /   O peration     | Version:  v1912                                 |
|   \\  /    A nd           | Website:  www.openfoam.com                      |
|    \\/     M anipulation  |                                                 |
\*---------------------------------------------------------------------------*/
FoamFile
{
    version     2.0;
    format      ascii;
    class       volScalarField;
    location    "5";
    object      p_rgh;
}
// * * * * * * * * * * * * * * * * * * * * * * * * * * * * * * * * * * * * * //

dimensions      [1 -1 -2 0 0 0 0];


internalField   nonuniform List<scalar> 
41499
(
3591.77
3814.53
3980.72
4103.2
4192.67
4256.62
4298.36
4316.69
4306.49
4260.32
4174.23
4048.19
3877.45
3658.53
3395.04
3094.06
2764.91
2417.96
2063.11
1708.53
1360.39
1023.95
710.9
372.505
65.9067
-221.611
-489.185
-735.458
-959.69
-1162.39
-1345.52
-1512.38
-1666.95
-1813.06
-1953.16
-2087.3
-2212.52
-2322.8
-2409.79
-2463.89
-2473.34
-2432.63
-2337.96
-2188.03
-1985.73
-1737.54
-1453
-1143.41
-820.529
-495.5
-178.152
124.519
405.342
658.989
881.359
1068.56
1217.05
1323.89
1384.6
1435.12
1406.6
1339.87
1237.63
1107.38
958.074
799.934
643.717
499.915
378.091
286.347
230.745
214.261
236.094
290.416
371.212
470.963
580.203
688.354
784.604
858.89
902.723
909.935
877.236
805.158
696.931
558.942
400.026
230.46
60.8613
-100.06
-243.821
-366.649
-467.47
-548.457
-614.406
-671.678
-726.959
-786.072
-853.036
-929.443
-1014.3
-1104.31
-1194.39
-1278.5
-1350.36
-1404.15
-1435.1
-1439.92
-1415.54
-1362.37
-1278.65
-1164.3
-1019.37
-844.61
-641.359
-409.667
-160.482
97.9917
376.792
656.186
921.353
1170.3
1389.16
1574.29
1717.87
1818.2
1873.83
1885.06
1852.59
1782.77
1677.69
1542.1
1380.66
1200.27
1005.11
799.211
598.289
406.847
235.405
80.5842
-53.4233
-163.816
-245.346
-301.056
-333.517
-346.298
-343.364
-328.692
-306.035
-278.612
-248.934
-219.089
-190.711
-164.584
-141.096
-120.334
-102.238
-86.6254
-73.2486
-61.842
-52.1483
-43.93
-36.9742
-31.0945
-26.1295
-21.9409
-18.4104
-15.4372
-12.9355
-10.8322
-9.06531
-7.58207
-6.33785
-5.29482
-4.42101
-3.68943
-3.0773
-2.56546
-2.13773
-1.78051
-1.48236
-1.23365
-1.02628
-0.85347
-0.709515
-0.58965
-0.489883
-0.406875
-0.337838
-0.280442
-0.232741
-0.193113
-0.160204
-0.132886
-0.110221
-0.0914266
-0.0758552
-0.0629738
-0.0523247
3593.15
3815.69
3981.49
4103.55
4192.75
4256.7
4298.76
4317.73
4308.39
4263.18
4177.8
4052.18
3881.72
3662.75
3398.88
3097.25
2767.28
2419.44
2063.75
1708.45
1359.75
1022.84
709.323
370.939
64.1928
-223.422
-491.065
-737.369
-961.574
-1164.17
-1347.11
-1513.69
-1667.95
-1813.79
-1953.76
-2087.98
-2213.52
-2324.35
-2412.03
-2466.91
-2477.34
-2437.18
-2342.84
-2192.93
-1990.3
-1741.49
-1456.1
-1145.54
-821.654
-495.673
-177.479
125.923
407.361
661.523
884.332
1071.91
1220.7
1327.76
1388.56
1439.17
1410.44
1343.32
1240.51
1109.52
959.353
800.268
643.096
498.4
375.806
283.489
227.567
210.99
232.539
287.351
368.87
469.476
579.68
688.841
786.069
861.224
905.737
913.376
880.802
808.547
699.845
561.133
401.328
230.812
60.3057
-101.321
-245.577
-368.599
-469.314
-549.936
-615.346
-672.006
-726.713
-785.386
-852.112
-928.513
-1013.59
-1104
-1194.6
-1279.27
-1351.66
-1405.89
-1437.18
-1442.24
-1417.99
-1364.9
-1281.2
-1166.87
-1021.92
-847.085
-643.686
-411.743
-162.091
96.9857
376.526
656.625
922.578
1172.24
1391.71
1577.29
1721.14
1821.56
1877.14
1888.19
1855.46
1785.31
1679.87
1543.88
1382.02
1201.14
1005.5
799.098
597.624
405.757
233.944
78.5349
-55.5363
-165.915
-247.327
-302.822
-335.004
-347.48
-344.24
-329.283
-306.378
-278.753
-248.922
-218.967
-190.518
-164.353
-140.852
-120.095
-102.014
-86.4224
-73.0692
-61.6858
-52.0138
-43.8149
-36.8762
-31.0112
-26.0589
-21.8811
-18.3598
-15.3945
-12.8995
-10.8019
-9.03981
-7.56067
-6.31992
-5.27982
-4.40849
-3.679
-3.06865
-2.5583
-2.13184
-1.77568
-1.47843
-1.23047
-1.02374
-0.851465
-0.707961
-0.588475
-0.489026
-0.406288
-0.337478
-0.280274
-0.232735
-0.193244
-0.160451
-0.133232
-0.110651
-0.0919286
-0.0764178
-0.0635874
-0.0529723
3595.88
3818
3983
4104.22
4192.87
4256.82
4299.53
4319.76
4312.19
4268.91
4184.94
4060.16
3890.28
3671.2
3406.57
3103.63
2771.99
2422.36
2064.98
1708.26
1358.44
1020.61
706.113
367.763
60.7386
-227.063
-494.838
-741.202
-965.352
-1167.73
-1350.29
-1516.32
-1669.97
-1815.27
-1954.96
-2089.32
-2215.49
-2327.42
-2416.52
-2472.97
-2485.27
-2446.28
-2352.64
-2202.76
-1999.47
-1749.41
-1462.32
-1149.81
-823.908
-496.016
-176.122
128.743
411.41
666.6
890.286
1078.61
1228.01
1335.5
1396.5
1447.29
1418.13
1350.24
1246.29
1113.82
961.908
800.93
641.843
495.353
371.217
277.758
221.204
204.456
225.398
281.178
364.166
466.489
578.627
689.812
789.006
865.904
911.784
920.282
887.963
815.349
705.689
565.522
403.928
231.499
59.1707
-103.877
-249.124
-372.532
-473.029
-552.915
-617.234
-672.661
-726.211
-783.998
-850.245
-926.635
-1012.15
-1103.37
-1195.01
-1280.81
-1354.26
-1409.39
-1441.36
-1446.87
-1422.9
-1369.94
-1286.32
-1172.01
-1027.03
-852.042
-648.347
-415.905
-165.323
94.9669
375.986
657.503
925.033
1176.13
1396.83
1583.31
1727.7
1828.31
1883.77
1894.46
1861.19
1790.38
1684.2
1547.43
1384.7
1202.85
1006.27
798.84
596.264
403.56
231.033
74.3883
-59.7958
-170.124
-251.296
-306.356
-337.977
-349.842
-345.986
-330.459
-307.057
-279.028
-248.89
-218.717
-190.127
-163.887
-140.361
-119.613
-101.564
-86.0155
-72.7096
-61.3727
-51.744
-43.5839
-36.6792
-30.8437
-25.9167
-21.7605
-18.2577
-15.3081
-12.8264
-10.7401
-8.9876
-7.51659
-6.28272
-5.24844
-4.38203
-3.65669
-3.04984
-2.54243
-2.11845
-1.76437
-1.46886
-1.22237
-1.01686
-0.845601
-0.702948
-0.58417
-0.485312
-0.403062
-0.334658
-0.277788
-0.230525
-0.19126
-0.158653
-0.131585
-0.109127
-0.090502
-0.0750699
-0.0622984
-0.0517348
3599.95
3821.42
3985.19
4105.14
4192.96
4256.89
4300.58
4322.75
4317.85
4277.51
4195.69
4072.18
3903.19
3683.96
3418.18
3113.26
2779.1
2426.75
2066.81
1707.92
1356.44
1017.27
701.211
362.94
55.5303
-232.533
-500.5
-746.953
-971.026
-1173.1
-1355.07
-1520.29
-1673
-1817.47
-1956.73
-2091.28
-2218.4
-2331.97
-2423.23
-2482.04
-2497.1
-2459.97
-2367.39
-2217.57
-2013.32
-1761.37
-1471.7
-1156.24
-827.298
-496.521
-174.066
133.001
417.512
674.241
899.238
1088.68
1238.99
1347.14
1408.42
1459.49
1429.7
1360.65
1254.98
1120.29
965.766
801.933
639.957
490.76
364.297
269.122
211.622
194.858
214.134
271.802
357.06
461.971
577.025
691.263
793.422
872.954
920.902
930.701
898.771
825.621
714.516
572.151
407.851
232.527
57.4459
-107.767
-254.51
-378.502
-478.665
-557.432
-620.093
-673.645
-725.437
-781.877
-847.394
-923.766
-1009.95
-1102.39
-1195.62
-1283.12
-1358.18
-1414.66
-1447.65
-1453.85
-1430.28
-1377.52
-1294
-1179.72
-1034.7
-859.493
-655.361
-422.174
-170.202
91.9113
375.152
658.811
928.722
1181.99
1404.54
1592.37
1737.58
1838.46
1893.74
1903.88
1869.8
1798
1690.72
1552.76
1388.74
1205.43
1007.41
798.454
594.21
400.269
226.764
68.0358
-66.2564
-176.462
-257.268
-311.672
-342.443
-353.386
-348.602
-332.214
-308.067
-279.433
-248.834
-218.335
-189.534
-163.184
-139.621
-118.888
-100.888
-85.4053
-72.1706
-60.9039
-51.3402
-43.2384
-36.3848
-30.5934
-25.7043
-21.5806
-18.1054
-15.1792
-12.7175
-10.6482
-8.91008
-7.45128
-6.22775
-5.20222
-4.34321
-3.62412
-3.02255
-2.51959
-2.09935
-1.74844
-1.45559
-1.21133
-1.00769
-0.838013
-0.696684
-0.579019
-0.481094
-0.399629
-0.331883
-0.275568
-0.228771
-0.1899
-0.157624
-0.130836
-0.108615
-0.0901906
-0.074927
-0.0622972
-0.0518435
3605.32
3825.9
3988
4106.21
4192.9
4256.79
4301.8
4326.6
4325.33
4289.02
4210.05
4088.29
3920.51
3701.11
3433.8
3126.22
2788.66
2432.64
2069.23
1707.42
1353.71
1012.84
694.523
356.407
48.5422
-239.84
-508.049
-754.623
-978.603
-1180.27
-1361.48
-1525.61
-1677.05
-1820.39
-1959.03
-2093.81
-2222.17
-2337.95
-2432.13
-2494.11
-2512.86
-2478.29
-2387.19
-2237.48
-2031.93
-1777.45
-1484.32
-1164.87
-831.836
-497.177
-171.282
138.73
425.701
684.474
911.212
1102.14
1253.66
1362.68
1424.35
1475.82
1445.19
1374.61
1266.66
1129
970.96
803.294
637.436
484.599
355.007
257.544
199.664
180.961
199.473
259.07
347.497
455.88
574.847
693.188
799.334
882.412
933.147
944.707
913.308
839.445
726.4
581.077
413.128
233.898
55.1056
-113.056
-261.814
-386.592
-486.3
-563.544
-623.953
-674.959
-724.364
-778.972
-843.498
-919.843
-1006.94
-1101.03
-1196.4
-1286.2
-1363.43
-1421.74
-1456.09
-1463.19
-1440.14
-1387.65
-1304.26
-1190.02
-1044.94
-869.46
-664.751
-430.583
-176.765
87.7858
373.996
660.544
933.656
1189.85
1414.88
1604.53
1750.81
1852.05
1907.07
1916.47
1881.29
1808.15
1699.41
1559.87
1394.13
1208.87
1008.93
797.928
591.433
395.868
221.35
59.2252
-74.9865
-184.95
-265.26
-318.78
-348.405
-358.108
-352.077
-334.536
-309.392
-279.949
-248.739
-217.807
-188.73
-162.236
-138.627
-117.918
-99.9838
-84.5904
-71.452
-60.2794
-50.8027
-42.7787
-35.9931
-30.2605
-25.4219
-21.3412
-17.9027
-15.0078
-12.5726
-10.5258
-8.80686
-7.36426
-6.15446
-5.14054
-4.29134
-3.58054
-2.98595
-2.48888
-2.0736
-1.72684
-1.43749
-1.19616
-0.994987
-0.827361
-0.687751
-0.57152
-0.474792
-0.394325
-0.327409
-0.271782
-0.225557
-0.187158
-0.155272
-0.128806
-0.106847
-0.0886378
-0.0735488
-0.0610558
-0.0507172
3611.94
3831.37
3991.33
4107.3
4192.52
4256.36
4303.03
4331.17
4334.54
4303.46
4228.06
4108.57
3942.36
3722.79
3453.57
3142.64
2800.75
2440.07
2072.22
1706.69
1350.2
1007.33
685.916
348.08
39.7389
-248.994
-517.486
-764.212
-988.092
-1189.28
-1369.55
-1532.3
-1682.13
-1824.01
-1961.81
-2096.83
-2226.71
-2345.28
-2443.16
-2509.19
-2532.49
-2501.29
-2412.13
-2262.6
-2055.44
-1797.76
-1500.26
-1175.77
-837.537
-497.966
-167.734
145.977
436.021
697.341
926.24
1119.01
1272.04
1382.17
1444.34
1496.31
1464.66
1392.17
1281.37
1139.99
977.533
805.035
634.273
476.837
343.286
242.928
184.217
163.288
181.888
242.582
335.397
448.159
572.058
695.577
806.76
894.325
948.597
962.397
931.684
856.931
741.441
592.376
419.799
235.609
52.1091
-119.831
-271.144
-396.92
-496.038
-571.331
-628.855
-676.604
-722.954
-775.218
-838.473
-914.782
-1003.03
-1099.24
-1197.33
-1290.06
-1370.04
-1430.66
-1466.72
-1474.93
-1452.52
-1400.33
-1317.09
-1202.91
-1057.77
-881.969
-676.555
-441.177
-185.067
82.5476
372.482
662.689
939.847
1199.73
1427.89
1619.84
1767.47
1869.14
1923.82
1932.26
1895.69
1820.87
1710.29
1568.77
1400.88
1213.19
1010.81
797.257
587.902
390.296
215.34
47.3332
-86.0302
-195.623
-275.303
-327.699
-355.885
-364.01
-356.403
-337.412
-311.016
-280.561
-248.589
-217.121
-187.703
-161.035
-137.373
-116.697
-98.8502
-83.5705
-70.5539
-59.4999
-50.1324
-42.2057
-35.5051
-29.8459
-25.0701
-21.0431
-17.6504
-14.7944
-12.3922
-10.3736
-8.67841
-7.256
-6.0633
-5.06385
-4.22688
-3.5264
-2.94053
-2.4508
-2.0417
-1.70015
-1.41517
-1.17752
-0.979425
-0.814384
-0.676941
-0.562527
-0.467321
-0.388128
-0.32228
-0.267548
-0.222072
-0.184301
-0.152942
-0.126918
-0.105331
-0.0874337
-0.0726056
-0.0603317
-0.0501694
3619.73
3837.73
3995.04
4108.24
4191.64
4255.38
4304.06
4336.29
4345.39
4320.86
4249.76
4133.11
3968.86
3749.14
3477.66
3162.65
2815.49
2449.06
2075.77
1705.67
1345.82
1000.76
675.226
337.859
29.0792
-260.003
-528.806
-775.719
-999.504
-1200.15
-1379.31
-1540.41
-1688.27
-1828.31
-1965.03
-2100.25
-2231.92
-2353.83
-2456.25
-2527.34
-2555.98
-2529.06
-2442.35
-2293.11
-2084.02
-1822.47
-1519.63
-1188.98
-844.421
-498.867
-163.371
154.803
448.533
712.892
944.363
1139.33
1294.17
1405.63
1468.42
1521.02
1488.17
1413.42
1299.21
1153.34
985.543
807.184
630.462
467.432
329.061
225.156
164.942
141.752
160.969
222.681
320.661
438.737
568.613
698.416
815.723
908.755
967.345
983.893
954.039
878.221
759.766
606.143
427.917
237.658
48.4029
-128.196
-282.636
-409.631
-508.015
-580.895
-634.855
-678.582
-721.16
-770.53
-832.214
-908.472
-998.133
-1096.95
-1198.39
-1294.71
-1378.05
-1441.46
-1479.58
-1489.1
-1467.43
-1415.59
-1332.51
-1218.4
-1073.21
-897.052
-690.817
-454.01
-195.177
76.1443
370.563
665.233
947.31
1211.69
1443.66
1638.37
1787.62
1889.78
1944.01
1951.28
1913.02
1836.15
1723.36
1579.47
1408.99
1218.39
1013.05
796.427
583.578
383.369
206.221
34.7488
-99.2931
-208.519
-287.429
-338.45
-364.898
-371.085
-361.564
-340.818
-312.914
-281.245
-248.362
-216.258
-186.438
-159.569
-135.852
-115.222
-97.4844
-82.3448
-69.4767
-58.5661
-49.3303
-41.5205
-34.9218
-29.3504
-24.6498
-20.687
-17.3489
-14.5394
-12.1768
-10.1916
-8.52496
-7.12668
-5.9544
-4.97224
-4.14987
-3.46172
-2.88625
-2.40528
-2.00356
-1.66821
-1.38844
-1.15516
-0.960732
-0.798761
-0.663887
-0.55162
-0.458209
-0.380514
-0.315915
-0.262224
-0.217614
-0.180563
-0.149801
-0.124271
-0.103092
-0.0855309
-0.070979
-0.0589272
-0.0489499
3628.6
3844.88
3998.96
4108.83
4190.02
4253.61
4304.66
4341.74
4357.72
4341.26
4275.15
4162.04
4000.16
3780.38
3506.28
3186.45
2832.99
2459.68
2079.85
1704.26
1340.44
993.102
662.254
325.633
16.5171
-272.875
-541.999
-789.139
-1012.85
-1212.9
-1390.8
-1549.98
-1695.49
-1833.28
-1968.59
-2103.94
-2237.64
-2363.48
-2471.3
-2548.52
-2583.31
-2561.71
-2478.02
-2329.22
-2117.9
-1851.76
-1542.57
-1204.61
-852.51
-499.851
-158.132
165.285
463.31
731.192
965.632
1163.13
1320.08
1433.11
1496.64
1550.02
1515.8
1438.45
1320.26
1169.14
995.059
809.775
625.997
456.333
312.262
205
140.668
116.202
136.42
199.574
303.125
427.532
564.453
701.69
826.252
925.775
989.507
1009.35
980.541
903.485
781.53
622.498
437.545
240.046
43.9199
-138.279
-296.455
-424.906
-522.395
-592.373
-642.003
-680.899
-718.926
-764.802
-824.59
-900.781
-992.14
-1094.08
-1199.53
-1300.15
-1387.5
-1454.22
-1494.75
-1505.78
-1484.91
-1433.44
-1350.53
-1236.5
-1091.27
-914.749
-707.593
-469.152
-207.186
68.511
368.181
668.156
956.065
1225.77
1462.25
1660.22
1811.36
1914.07
1967.73
1973.58
1933.29
1854.01
1738.63
1591.97
1418.49
1224.48
1015.63
795.434
578.429
375
194.619
20.6871
-114.794
-223.702
-301.69
-351.067
-375.472
-379.334
-367.545
-344.734
-315.062
-281.974
-248.033
-215.196
-184.919
-157.825
-134.053
-113.486
-95.8835
-80.9124
-68.2206
-57.4792
-48.3977
-40.7245
-34.2445
-28.7753
-24.1621
-20.2738
-16.9991
-14.2436
-11.9268
-9.98063
-8.34698
-6.9767
-5.82812
-4.86601
-4.06059
-3.38675
-2.82333
-2.35253
-1.95936
-1.63122
-1.3575
-1.12929
-0.939121
-0.780719
-0.648833
-0.53907
-0.447752
-0.371809
-0.308675
-0.256208
-0.212622
-0.176426
-0.14638
-0.121448
-0.100769
-0.0836253
-0.0694213
-0.0576607
-0.0479213
3638.44
3852.65
4002.92
4108.83
4187.4
4250.75
4304.5
4347.23
4371.29
4364.52
4304.47
4195.47
4036.43
3816.72
3539.68
3214.27
2853.41
2472
2084.43
1702.36
1333.88
984.332
646.773
311.278
2.00448
-287.615
-557.051
-804.46
-1028.14
-1227.58
-1404.07
-1561.06
-1703.82
-1838.91
-1972.43
-2107.76
-2243.71
-2374.05
-2488.18
-2572.67
-2614.47
-2599.37
-2519.35
-2371.17
-2157.32
-1885.86
-1569.27
-1222.74
-861.833
-500.882
-151.936
177.517
480.44
752.318
990.103
1190.46
1349.81
1464.65
1529.07
1583.37
1547.64
1467.37
1344.67
1187.51
1006.17
812.853
620.867
443.474
292.764
181.229
112.056
86.4716
108.064
173.403
282.536
414.438
559.512
705.378
838.377
945.467
1015.22
1038.93
1011.39
932.926
806.921
641.585
448.763
242.769
38.5796
-150.232
-312.801
-442.965
-539.388
-605.872
-650.408
-683.548
-716.183
-757.91
-815.443
-891.545
-984.908
-1090.53
-1200.73
-1306.4
-1398.45
-1469.01
-1512.32
-1525.02
-1505.02
-1453.91
-1371.15
-1257.22
-1111.98
-935.105
-726.95
-486.685
-221.197
59.5702
365.273
671.44
966.134
1242.04
1483.76
1685.49
1838.79
1942.08
1995.02
1999.21
1956.53
1874.45
1756.1
1606.28
1429.38
1231.49
1018.56
794.252
572.422
365.119
180.755
4.73585
-132.606
-241.243
-318.136
-365.574
-387.646
-388.74
-374.321
-349.129
-317.423
-282.714
-247.571
-213.908
-183.123
-155.787
-131.967
-111.484
-94.0446
-79.2724
-66.7862
-56.2405
-47.3362
-39.8193
-33.4748
-28.1218
-23.608
-19.8044
-16.6018
-13.9076
-11.643
-9.74101
-8.14488
-6.8064
-5.68474
-4.7454
-3.95922
-3.30163
-2.75192
-2.29266
-1.90919
-1.58923
-1.32237
-1.09992
-0.914576
-0.760218
-0.631718
-0.524787
-0.435837
-0.361872
-0.300389
-0.249299
-0.20686
-0.17162
-0.142369
-0.118097
-0.0979651
-0.0812744
-0.0674446
-0.0559896
-0.046504
3649.11
3860.86
4006.67
4107.97
4183.47
4246.48
4303.25
4352.39
4385.73
4390.55
4337.76
4233.53
4077.87
3858.46
3578.18
3246.38
2876.97
2486.11
2089.48
1699.81
1325.91
974.356
628.513
294.668
-14.5069
-304.217
-573.935
-821.666
-1045.39
-1244.22
-1419.21
-1573.74
-1713.32
-1845.17
-1976.45
-2111.56
-2249.91
-2385.32
-2506.72
-2599.69
-2649.48
-2642.23
-2566.58
-2419.27
-2202.6
-1925.04
-1599.93
-1243.51
-872.422
-501.914
-144.687
191.615
500.031
776.364
1017.85
1221.38
1383.4
1500.3
1565.77
1621.16
1583.8
1500.32
1372.56
1208.58
1018.97
816.473
615.067
428.78
270.415
153.349
79.0643
52.3589
75.701
144.767
258.122
399.333
553.709
709.453
852.131
967.929
1044.63
1072.86
1046.83
966.78
836.155
663.574
461.664
245.831
32.2879
-164.231
-331.91
-464.065
-559.227
-621.56
-660.187
-686.566
-712.857
-749.702
-804.587
-880.574
-976.273
-1086.2
-1201.92
-1313.47
-1410.95
-1485.93
-1532.36
-1546.89
-1527.79
-1477.02
-1394.39
-1280.56
-1135.36
-958.168
-748.966
-506.707
-237.336
49.2242
361.756
675.052
977.539
1260.58
1508.3
1714.33
1870.04
1973.93
2025.97
2028.23
1982.78
1897.49
1775.8
1622.42
1441.68
1239.43
1021.83
792.87
565.55
353.684
164.705
-13.3911
-152.837
-261.237
-336.815
-382.023
-401.304
-399.286
-381.874
-353.97
-319.962
-283.426
-246.941
-212.366
-181.028
-153.439
-129.582
-109.208
-91.9642
-77.4241
-65.1743
-54.8514
-46.1478
-38.8067
-32.6142
-27.3915
-22.9889
-19.28
-16.1581
-13.5324
-11.326
-9.47341
-7.9192
-6.61625
-5.52467
-4.61077
-3.84609
-3.20664
-2.67223
-2.22586
-1.85324
-1.54239
-1.28319
-1.06717
-0.887213
-0.737369
-0.61265
-0.508882
-0.422578
-0.350825
-0.29119
-0.241644
-0.200494
-0.16633
-0.137976
-0.114452
-0.0949446
-0.0787745
-0.0653775
-0.0542835
-0.0450953
3660.4
3869.29
4009.94
4105.96
4177.92
4240.43
4300.51
4356.77
4400.51
4419.32
4374.77
4276.32
4124.67
3905.9
3622.14
3283.12
2903.9
2502.11
2094.97
1696.45
1316.23
963.027
607.14
275.682
-33.062
-322.671
-592.613
-840.727
-1064.6
-1262.88
-1436.27
-1588.09
-1724.04
-1852.07
-1980.56
-2115.14
-2256
-2397.05
-2526.72
-2629.47
-2688.69
-2690.28
-2619.98
-2473.86
-2254.11
-1969.63
-1634.78
-1267.05
-884.313
-502.892
-136.262
207.717
522.207
803.44
1048.94
1255.92
1420.89
1540.11
1606.81
1663.46
1624.39
1537.44
1404.1
1232.5
1033.59
820.699
608.59
412.171
245.038
121.027
41.5454
13.6204
39.0603
112.498
230.721
382.103
546.956
713.884
867.55
993.266
1077.93
1111.35
1087.12
1005.32
869.488
688.663
476.36
249.231
24.9315
-180.478
-354.054
-488.536
-582.107
-639.719
-671.419
-689.864
-708.836
-739.999
-791.804
-867.643
-966.047
-1080.96
-1203.06
-1321.39
-1425.1
-1505.08
-1555.01
-1571.5
-1553.28
-1502.8
-1420.25
-1306.53
-1161.43
-983.995
-773.732
-529.331
-255.743
37.3629
357.544
678.969
990.318
1281.49
1536.02
1746.88
1905.26
2009.75
2060.64
2060.7
2012.06
1923.13
1797.71
1640.39
1455.39
1248.31
1025.44
791.224
557.787
340.618
146.412
-33.9305
-175.611
-283.81
-357.787
-400.439
-416.019
-410.939
-390.168
-359.213
-322.631
-284.066
-246.101
-210.535
-178.608
-150.76
-126.885
-106.651
-89.6392
-75.3669
-63.3861
-53.314
-44.8345
-37.689
-31.6649
-26.5862
-22.3064
-18.702
-15.6689
-13.1188
-10.9766
-9.17851
-7.67053
-6.40674
-5.34832
-4.46246
-3.72147
-3.10201
-2.58446
-2.15229
-1.79163
-1.49082
-1.24005
-1.0311
-0.857083
-0.71221
-0.591652
-0.491365
-0.407972
-0.33865
-0.281045
-0.233193
-0.193456
-0.160469
-0.133095
-0.110387
-0.0915576
-0.0759495
-0.0630183
-0.0523079
-0.043438
3672.06
3877.62
4012.4
4102.48
4170.43
4232.26
4295.86
4359.85
4414.89
4450.17
4415.32
4324.01
4177.05
3959.44
3672.02
3324.92
2934.5
2520.15
2100.85
1692.1
1304.5
950.378
581.974
254.233
-53.6998
-342.95
-613.03
-861.601
-1085.78
-1283.6
-1455.35
-1604.21
-1736.06
-1859.61
-1984.63
-2118.28
-2261.68
-2408.93
-2547.92
-2661.91
-2732.44
-2743.66
-2679.87
-2535.36
-2312.26
-2020.01
-1674.12
-1293.53
-897.55
-503.744
-126.515
225.989
547.123
833.675
1083.47
1294.14
1462.32
1584.13
1652.3
1710.35
1669.53
1578.89
1439.48
1259.47
1050.18
825.613
601.431
393.575
216.833
83.4865
-0.681814
-30.0125
-2.14986
76.2889
200.273
362.564
539.148
718.63
884.669
1021.6
1115.29
1154.66
1132.57
1048.86
907.212
717.084
492.986
252.979
16.3877
-199.197
-379.563
-516.642
-608.414
-660.609
-684.253
-693.659
-704.034
-728.608
-776.844
-852.491
-953.998
-1074.64
-1204.09
-1330.18
-1440.97
-1526.6
-1580.4
-1598.94
-1581.57
-1531.27
-1448.74
-1335.12
-1190.21
-1012.64
-801.349
-554.69
-276.58
23.8428
352.518
683.134
1004.48
1304.84
1567.05
1783.31
1944.62
2049.69
2099.35
2096.55
2044.39
1951.39
1821.85
1660.22
1470.57
1258.2
1029.43
789.309
549.171
325.905
125.811
-57.0791
-201.074
-309.032
-381.2
-420.899
-432.575
-423.726
-399.183
-364.821
-325.384
-284.586
-245.008
-208.377
-175.832
-147.729
-123.86
-103.804
-87.0657
-73.1006
-61.4231
-51.6305
-43.399
-36.4686
-30.629
-25.7078
-21.562
-18.0717
-15.1356
-12.6679
-10.5957
-8.85707
-7.3995
-6.17843
-5.15617
-4.30088
-3.58572
-2.98805
-2.48887
-2.07218
-1.72454
-1.43467
-1.19309
-0.991854
-0.824294
-0.684835
-0.568807
-0.472311
-0.392087
-0.325414
-0.270021
-0.224016
-0.18582
-0.154118
-0.127815
-0.106
-0.0879134
-0.0729243
-0.0605074
-0.0502249
-0.0417093
3683.72
3885.45
4013.69
4097.24
4160.75
4221.64
4288.87
4361.01
4427.72
4480.98
4458.67
4377.24
4235.24
4019.49
3728.34
3372.27
2969.15
2540.4
2107.09
1686.55
1290.37
931.112
557.468
230.366
-76.4503
-365.014
-635.107
-884.228
-1108.91
-1306.45
-1476.57
-1622.25
-1749.5
-1867.82
-1988.59
-2120.77
-2266.63
-2420.59
-2570
-2696.79
-2780.53
-2802.72
-2746.63
-2604.23
-2377.55
-2076.61
-1718.29
-1323.16
-912.178
-504.378
-115.267
246.637
574.952
867.218
1121.53
1336.1
1507.73
1632.41
1702.3
1761.91
1719.36
1624.88
1478.92
1289.68
1068.9
831.307
593.581
372.881
184.793
41.8409
-47.8032
-78.8389
-48.7287
35.7337
166.715
340.474
530.173
723.652
903.534
1053.05
1156.95
1203.11
1183.52
1097.75
949.65
749.088
511.678
257.061
6.50214
-220.67
-408.845
-548.721
-638.58
-684.439
-698.813
-697.572
-698.303
-715.278
-759.408
-834.822
-939.892
-1067.11
-1204.95
-1339.89
-1458.71
-1550.65
-1608.7
-1629.34
-1612.73
-1562.47
-1479.83
-1366.34
-1221.72
-1044.18
-831.938
-582.941
-300.015
8.50973
346.571
687.529
1020.11
1330.79
1601.59
1823.83
1988.31
2093.93
2142.19
2135.79
2079.76
1982.26
1848.21
1681.9
1487.19
1269.06
1033.78
787.01
539.621
309.446
102.666
-83.09
-229.417
-337.056
-407.167
-443.459
-450.839
-437.629
-408.865
-370.727
-328.152
-284.921
-243.606
-205.848
-172.668
-144.323
-120.495
-100.66
-84.2408
-70.6253
-59.2872
-49.8039
-41.8442
-35.1483
-29.5091
-24.7585
-20.7577
-17.3907
-14.5594
-12.1808
-10.1843
-8.50993
-7.10684
-5.93192
-4.94872
-4.12646
-3.43919
-2.86507
-2.38573
-1.98574
-1.65215
-1.37409
-1.14243
-0.949513
-0.788927
-0.655307
-0.544169
-0.451761
-0.374955
-0.311138
-0.25813
-0.214114
-0.177578
-0.147259
-0.122108
-0.101252
-0.0839629
-0.0696364
-0.0577694
-0.0479421
-0.039804
3694.74
3892.17
4013.38
4089.98
4148.74
4208.35
4279.07
4359.62
4437.45
4478.41
4504.1
4436.36
4299.47
4086.53
3791.69
3425.72
3008.24
2563.03
2113.6
1679.52
1273.95
906.663
530.781
203.883
-101.375
-388.817
-658.75
-908.531
-1133.99
-1331.5
-1500.05
-1642.34
-1764.47
-1876.75
-1992.33
-2122.32
-2270.42
-2431.6
-2592.56
-2733.83
-2832.77
-2867.53
-2820.71
-2681.04
-2450.61
-2140
-1767.73
-1356.23
-928.329
-504.755
-102.357
269.809
605.94
904.226
1163.21
1381.84
1557.13
1684.97
1756.91
1818.18
1774
1675.62
1522.7
1323.43
1089.99
837.949
585.093
350.042
148.976
-4.18475
-100.179
-133.229
-101.012
-9.91972
129.89
315.407
519.812
728.81
924.101
1087.7
1203.09
1256.96
1240.37
1152.4
997.244
785.07
532.729
261.617
-4.79262
-245.17
-442.153
-585.354
-673.008
-711.624
-715.542
-702.423
-691.145
-699.835
-739.188
-814.28
-923.376
-1058.08
-1205.5
-1350.5
-1478.38
-1577.38
-1640.07
-1662.84
-1646.84
-1596.42
-1513.53
-1400.14
-1255.97
-1078.65
-865.611
-614.248
-326.225
-8.85521
339.513
692.042
1037.16
1359.4
1639.77
1868.62
2036.52
2142.61
2189.19
2178.7
2118.25
2015.75
1876.82
1705.49
1505.36
1281.02
1038.63
784.416
529.204
291.37
76.8495
-112.094
-260.782
-368.042
-435.75
-468.205
-470.806
-452.648
-419.189
-376.891
-330.888
-285.023
-241.849
-202.907
-169.083
-140.517
-116.771
-97.21
-81.1617
-67.9416
-56.981
-47.8373
-40.1734
-33.7312
-28.3078
-23.7405
-19.8954
-16.6607
-13.9418
-11.6588
-9.74344
-8.13796
-6.79328
-5.66785
-4.72653
-3.93967
-3.28229
-2.73339
-2.27531
-1.89322
-1.57469
-1.30928
-1.08823
-0.904218
-0.751096
-0.623727
-0.51782
-0.429789
-0.35664
-0.295878
-0.245421
-0.203534
-0.168773
-0.139935
-0.116017
-0.0961884
-0.0797546
-0.0661394
-0.0548635
-0.0455273
-0.0377967
3700.93
3895.02
4010.77
4082.2
4137.63
4196.44
4269.97
4357.16
4444.4
4500.74
4538.85
4480.5
4347.26
4136.85
3839.33
3465.75
3037.16
2579.26
2117.44
1673.08
1261.1
886.345
510.553
184.136
-119.664
-406.02
-675.749
-926.105
-1152.33
-1350.02
-1517.54
-1657.36
-1775.59
-1883.12
-1994.49
-2122.52
-2272.11
-2438.58
-2608.28
-2760.62
-2871.23
-2915.96
-2876.4
-2738.84
-2505.58
-2187.57
-1804.66
-1380.71
-939.947
-504.445
-92.1546
287.503
629.282
931.711
1193.95
1415.41
1593.33
1723.54
1797.1
1859.53
1814.3
1713.21
1555.21
1348.5
1105.61
842.714
578.462
332.659
121.876
-38.8135
-139.536
-174.082
-140.257
-44.4461
103.052
296.217
512.09
732.688
939.529
1113.71
1237.76
1297.47
1283.16
1193.49
1033
811.997
548.286
264.608
-13.9499
-264.311
-467.914
-613.671
-699.457
-732.366
-728.071
-705.691
-685.822
-687.566
-723.275
-798.165
-910.432
-1050.97
-1205.79
-1358.5
-1493.26
-1597.53
-1663.6
-1687.74
-1672.01
-1621.26
-1538.09
-1424.77
-1281.03
-1104.05
-890.637
-637.631
-346.042
-22.1424
333.873
695.178
1049.77
1380.75
1668.33
1902.08
2072.42
2178.77
2224
2210.25
2146.39
2040.18
1897.68
1722.71
1518.66
1289.8
1042.15
782.317
521.325
277.94
57.2198
-134.031
-284.286
-391.189
-456.998
-486.491
-485.448
-463.537
-426.556
-381.169
-332.646
-284.867
-240.361
-200.592
-166.337
-137.648
-113.995
-94.6614
-78.9034
-65.9848
-55.3069
-46.414
-38.9666
-32.7087
-27.4416
-23.0067
-19.2739
-16.1346
-13.4968
-11.2827
-9.42582
-7.87001
-6.56744
-5.47768
-4.56654
-3.80519
-3.16935
-2.63862
-2.19585
-1.82665
-1.51895
-1.26265
-1.04924
-0.87164
-0.723888
-0.601018
-0.498874
-0.41399
-0.343472
-0.284907
-0.236284
-0.195928
-0.162444
-0.134669
-0.111638
-0.092547
-0.076727
-0.0636221
-0.0527701
-0.0437856
-0.0363469
3703.95
3896.15
4008.88
4077.53
4131.22
4189.62
4264.69
4355.58
4448.2
4514.03
4557.8
4504.38
4373.08
4164.15
3865.23
3487.52
3052.87
2588.02
2119.42
1669.45
1254.12
875.022
499.551
173.482
-129.467
-415.188
-684.795
-935.483
-1162.16
-1359.99
-1527
-1665.48
-1781.6
-1886.52
-1995.52
-2122.43
-2272.78
-2442.09
-2616.55
-2774.94
-2891.93
-2942.17
-2906.61
-2770.19
-2535.39
-2213.32
-1824.59
-1393.85
-946.077
-504.093
-86.4645
297.204
641.976
946.571
1210.51
1433.45
1612.77
1744.26
1818.72
1881.76
1836
1733.49
1572.78
1362.06
1114.06
845.291
574.852
323.222
107.17
-57.5912
-160.876
-196.229
-161.525
-63.1839
88.4918
285.903
507.931
734.803
947.896
1127.81
1256.56
1319.43
1306.38
1215.77
1052.4
826.604
556.709
266.186
-19.016
-274.806
-482.032
-629.164
-713.913
-743.673
-734.754
-707.401
-682.834
-680.773
-714.5
-789.29
-903.304
-1047.05
-1205.91
-1362.84
-1501.35
-1608.47
-1676.35
-1701.19
-1685.55
-1634.61
-1551.25
-1437.97
-1294.48
-1117.73
-904.153
-650.276
-356.802
-29.3829
330.753
696.841
1056.58
1392.32
1683.8
1920.19
2091.83
2198.28
2242.75
2227.21
2161.49
2053.29
1908.87
1731.96
1525.82
1294.54
1044.06
781.184
517.061
270.733
46.5298
-145.935
-297.008
-403.71
-468.471
-496.338
-493.314
-469.36
-430.472
-383.417
-333.54
-284.737
-239.522
-199.317
-164.839
-136.091
-112.494
-93.2886
-77.6902
-64.9358
-54.4109
-45.6531
-38.3219
-32.1626
-26.9791
-22.6149
-18.9421
-15.8537
-13.2592
-11.0819
-9.25627
-7.72698
-6.4469
-5.37618
-4.48115
-3.73342
-3.10908
-2.58805
-2.15345
-1.79113
-1.48922
-1.23777
-1.02845
-0.854261
-0.709375
-0.588904
-0.488768
-0.405564
-0.336449
-0.279056
-0.231412
-0.191873
-0.159069
-0.131862
-0.109304
-0.0906063
-0.0751139
-0.0622814
-0.0516557
-0.0428593
-0.0355767
3706.75
3896.96
4006.62
4072.49
4124.49
4182.39
4258.94
4353.6
4451.92
4527.56
4577.38
4529.02
4399.75
4192.52
3892.27
3510.31
3069.34
2597.23
2121.5
1665.62
1246.9
862.984
488.074
162.464
-139.527
-424.53
-693.984
-945.029
-1172.22
-1370.26
-1536.77
-1673.9
-1787.83
-1890
-1996.48
-2122.14
-2273.17
-2445.39
-2624.77
-2789.45
-2913.14
-2969.14
-2937.9
-2802.69
-2566.32
-2240.02
-1845.24
-1407.42
-952.339
-503.598
-80.4449
307.351
655.169
961.93
1227.58
1451.99
1632.73
1765.54
1840.94
1904.59
1858.35
1754.43
1590.98
1376.16
1122.9
848.048
571.184
313.506
91.9739
-77.0185
-182.979
-219.178
-183.579
-82.6511
73.3329
275.238
503.581
736.934
956.502
1142.37
1276
1342.18
1330.45
1238.89
1072.57
841.821
565.508
267.866
-24.3028
-285.753
-496.783
-645.365
-729.034
-755.494
-741.871
-709.15
-679.649
-673.624
-705.269
-779.945
-895.784
-1042.87
-1205.96
-1367.3
-1509.72
-1619.81
-1689.55
-1715.07
-1699.5
-1648.29
-1564.72
-1451.49
-1308.27
-1131.78
-918.098
-663.351
-367.961
-36.9255
327.438
698.505
1063.58
1404.26
1699.79
1938.91
2111.87
2218.41
2262.09
2244.65
2176.99
2066.72
1920.34
1741.46
1533.19
1299.44
1046.07
780.033
512.669
263.361
35.4222
-158.271
-310.165
-416.65
-480.31
-506.482
-501.392
-475.315
-434.453
-385.679
-334.41
-284.558
-238.621
-197.976
-163.278
-134.476
-110.945
-91.8754
-76.4446
-63.8612
-53.4945
-44.8758
-37.6637
-31.6054
-26.5071
-22.2152
-18.6036
-15.5672
-13.0169
-10.877
-9.08333
-7.58109
-6.32395
-5.27266
-4.39408
-3.66024
-3.04763
-2.53649
-2.11022
-1.75491
-1.4589
-1.21241
-1.00724
-0.836546
-0.694582
-0.576557
-0.478469
-0.396975
-0.329291
-0.273093
-0.226447
-0.187739
-0.15563
-0.129001
-0.106925
-0.0886282
-0.0734695
-0.0609144
-0.0505193
-0.0419141
-0.0347904
3709.17
3897.32
4003.91
4067.16
4117.27
4174.73
4252.69
4351.2
4455.51
4541.03
4597.55
4554.17
4427.52
4221.96
3920.41
3534.08
3086.52
2606.8
2123.58
1661.5
1239.36
850.158
476.058
151.044
-149.867
-434.054
-703.319
-954.748
-1182.52
-1380.83
-1546.88
-1682.64
-1794.29
-1893.59
-1997.37
-2121.62
-2273.28
-2448.45
-2632.9
-2804.16
-2934.86
-2997.08
-2970.1
-2836.39
-2598.44
-2267.74
-1866.68
-1421.48
-958.786
-503.001
-74.1255
317.92
668.846
977.773
1245.13
1471.02
1653.19
1787.36
1863.78
1928.01
1881.35
1776.05
1609.8
1390.78
1132.09
850.951
567.419
303.471
76.2556
-97.125
-205.869
-242.95
-206.438
-102.857
57.5598
264.198
499.03
739.079
965.35
1157.38
1296.1
1365.73
1355.41
1262.87
1093.52
857.627
574.646
269.6
-29.8691
-297.204
-512.212
-662.309
-744.844
-767.839
-749.257
-710.941
-676.217
-666.091
-695.557
-770.111
-887.866
-1038.44
-1205.97
-1371.91
-1518.41
-1631.56
-1703.21
-1729.39
-1713.84
-1662.33
-1578.51
-1465.31
-1322.4
-1146.23
-932.488
-676.872
-379.539
-44.779
323.908
700.168
1070.79
1416.59
1716.33
1958.25
2132.56
2239.16
2282.01
2262.56
2192.87
2080.48
1932.08
1751.2
1540.76
1304.48
1048.13
778.822
508.1
255.518
24.1324
-171.053
-323.771
-430.016
-492.518
-516.917
-509.68
-481.397
-438.493
-387.946
-335.249
-284.325
-237.655
-196.566
-161.651
-132.803
-109.345
-90.4213
-75.1665
-62.761
-52.558
-44.0822
-36.9922
-31.0371
-26.026
-21.8077
-18.2585
-15.2751
-12.7698
-10.6682
-8.90705
-7.43239
-6.19865
-5.16717
-4.30534
-3.58566
-2.98501
-2.48395
-2.06618
-1.71802
-1.42802
-1.18658
-0.985646
-0.818502
-0.679514
-0.563982
-0.467978
-0.388229
-0.322002
-0.267021
-0.22139
-0.18353
-0.152128
-0.126088
-0.104502
-0.0866145
-0.0717957
-0.0595233
-0.049363
-0.040953
-0.0339913
3711.15
3897.18
4000.73
4061.57
4109.55
4166.62
4245.99
4348.34
4458.92
4554.28
4618.28
4579.8
4456.44
4252.52
3949.73
3558.87
3104.44
2616.76
2125.66
1657.09
1231.46
836.514
463.473
139.209
-160.485
-443.753
-712.791
-964.631
-1193.06
-1391.7
-1557.33
-1691.69
-1800.98
-1897.26
-1998.16
-2120.88
-2273.08
-2451.24
-2640.94
-2819.02
-2957.09
-3026.02
-3003.23
-2871.33
-2631.78
-2296.52
-1888.92
-1436.06
-965.417
-502.288
-67.4889
328.93
683.026
994.108
1263.17
1490.54
1674.16
1809.73
1887.24
1952.04
1905
1798.35
1629.27
1405.94
1141.66
854.012
563.561
293.111
60.0049
-117.928
-229.567
-267.567
-230.121
-123.817
41.1498
252.771
494.271
741.233
974.44
1172.87
1316.86
1390.09
1381.28
1287.73
1115.26
874.049
584.143
271.398
-35.7209
-309.173
-528.345
-680.026
-761.373
-780.731
-756.954
-712.776
-672.536
-658.159
-685.34
-759.763
-879.525
-1033.75
-1205.92
-1376.66
-1527.41
-1643.74
-1717.35
-1744.17
-1728.6
-1676.72
-1592.61
-1479.45
-1336.88
-1161.08
-947.331
-690.847
-391.55
-52.9428
320.141
701.825
1078.2
1429.33
1733.41
1978.23
2153.9
2260.55
2302.54
2280.95
2209.14
2094.56
1944.11
1761.18
1548.53
1309.68
1050.26
777.574
503.365
247.296
12.5677
-184.298
-337.848
-443.83
-505.113
-527.656
-518.181
-487.606
-442.591
-390.217
-336.053
-284.035
-236.619
-195.084
-159.957
-131.07
-107.695
-88.9262
-73.856
-61.6355
-51.6014
-43.2726
-36.3076
-30.4579
-25.5357
-21.3925
-17.907
-14.9775
-12.5181
-10.4556
-8.72748
-7.28094
-6.07102
-5.05972
-4.21496
-3.50971
-2.92124
-2.43045
-2.02133
-1.68046
-1.39658
-1.16028
-0.963661
-0.800134
-0.664177
-0.551182
-0.457301
-0.379327
-0.314583
-0.260841
-0.216244
-0.179247
-0.148564
-0.123124
-0.102038
-0.0845654
-0.0700924
-0.0581076
-0.0481862
-0.0399745
-0.0331775
3712.63
3896.45
3997.01
4055.62
4101.51
4158.06
4238.85
4345.03
4462.08
4567.19
4639.55
4606.16
4486.27
4284.22
3980.25
3584.74
3123.14
2627.11
2127.74
1652.36
1223.15
822.018
450.292
126.947
-171.384
-453.619
-722.387
-974.668
-1203.82
-1402.89
-1568.14
-1701.08
-1807.92
-1901.04
-1998.87
-2119.88
-2272.55
-2453.73
-2648.83
-2834.03
-2979.81
-3055.77
-3037.49
-2907.54
-2666.4
-2326.39
-1912
-1451.16
-972.237
-501.442
-60.5238
340.4
697.723
1010.95
1281.72
1510.54
1695.62
1832.66
1911.32
1976.66
1929.32
1821.35
1649.4
1421.65
1151.61
857.24
559.611
282.42
43.2098
-139.444
-254.095
-293.05
-254.651
-145.548
24.0795
240.945
489.294
743.392
983.773
1188.83
1338.31
1415.3
1408.09
1313.5
1137.83
891.106
594.012
273.273
-41.883
-321.684
-545.208
-698.547
-778.65
-794.192
-764.979
-714.658
-668.628
-649.807
-674.597
-748.876
-870.722
-1028.79
-1205.8
-1381.57
-1536.74
-1656.37
-1731.98
-1759.4
-1743.77
-1691.45
-1607.02
-1493.89
-1351.7
-1176.32
-962.636
-705.29
-404.008
-61.4096
316.107
703.473
1085.81
1442.47
1751.06
1998.86
2175.92
2282.59
2323.67
2299.82
2225.8
2108.97
1956.41
1771.4
1556.51
1315.02
1052.46
776.276
498.45
238.711
0.690658
-197.999
-352.387
-458.079
-518.083
-538.692
-526.893
-493.936
-446.74
-392.487
-336.819
-283.683
-235.511
-193.529
-158.193
-129.276
-105.993
-87.3896
-72.513
-60.4848
-50.6252
-42.4473
-35.6102
-29.8682
-25.0365
-20.9697
-17.549
-14.6746
-12.2619
-10.239
-8.54468
-7.12676
-5.94111
-4.95037
-4.12299
-3.43243
-2.85635
-2.37602
-1.97571
-1.64224
-1.36459
-1.13352
-0.941297
-0.78145
-0.648577
-0.538163
-0.446442
-0.370273
-0.307038
-0.254556
-0.211011
-0.174892
-0.14494
-0.12011
-0.0995314
-0.082482
-0.0683608
-0.0566685
-0.0469901
-0.0389804
-0.032351
3713.5
3895.05
3992.71
4049.31
4093.17
4149.1
4231.21
4341.22
4464.89
4579.69
4661.32
4633.22
4517.06
4317.1
4012.04
3611.73
3142.65
2637.89
2129.82
1647.32
1214.39
806.641
436.493
114.244
-182.563
-463.644
-732.094
-984.849
-1214.81
-1414.39
-1579.31
-1710.8
-1815.1
-1904.92
-1999.49
-2118.62
-2271.66
-2455.88
-2656.56
-2849.16
-3003.02
-3086.35
-3072.92
-2945.07
-2702.32
-2357.38
-1935.94
-1466.79
-979.243
-500.448
-53.2035
352.351
712.954
1028.32
1300.78
1531.04
1717.58
1856.13
1936.03
2001.87
1954.31
1845.07
1670.22
1437.94
1161.97
860.649
555.576
271.386
25.858
-161.694
-279.477
-319.421
-280.049
-168.069
6.32668
228.711
484.092
745.553
993.352
1205.28
1360.46
1441.36
1435.86
1340.19
1161.24
908.819
604.267
275.228
-48.3672
-334.755
-562.831
-717.907
-796.706
-808.243
-773.344
-716.589
-664.495
-641.015
-663.303
-737.427
-861.444
-1023.54
-1205.63
-1386.64
-1546.41
-1669.45
-1747.11
-1775.11
-1759.35
-1706.54
-1621.74
-1508.64
-1366.85
-1191.96
-978.411
-720.217
-416.931
-70.1525
311.754
705.109
1093.63
1456.04
1769.3
2020.17
2198.62
2305.28
2345.44
2319.19
2242.84
2123.69
1968.99
1781.86
1564.7
1320.53
1054.74
774.94
493.36
229.779
-11.5347
-212.191
-367.435
-472.81
-531.467
-550.051
-535.821
-500.389
-450.941
-394.751
-337.541
-283.265
-234.326
-191.896
-156.357
-127.418
-104.239
-85.8113
-71.1375
-59.3091
-49.6295
-41.6066
-34.9003
-29.2679
-24.5285
-20.5396
-17.1848
-14.3663
-12.0012
-10.0187
-8.35872
-6.96993
-5.80897
-4.83913
-4.02944
-3.35383
-2.79036
-2.32067
-1.92931
-1.60338
-1.33207
-1.10632
-0.918561
-0.762457
-0.632719
-0.52493
-0.435404
-0.361071
-0.29937
-0.248169
-0.205693
-0.170466
-0.141257
-0.117047
-0.0969846
-0.0803649
-0.0666012
-0.0552061
-0.0457747
-0.03797
-0.031511
3713.66
3892.81
3987.84
4042.21
4084.26
4139.45
4222.78
4336.7
4467.35
4592.09
4684.31
4661.93
4549.97
4352.4
4046.32
3640.91
3163.74
2649.53
2131.98
1641.78
1204.76
789.769
421.539
100.622
-194.428
-474.175
-742.244
-995.523
-1226.42
-1426.62
-1591.27
-1721.24
-1822.79
-1909.04
-2000.02
-2117.01
-2270.33
-2457.73
-2664.33
-2864.9
-3027.52
-3118.87
-3110.81
-2985.33
-2740.93
-2390.67
-1961.65
-1483.56
-986.697
-499.306
-45.1909
365.242
729.296
1046.85
1321.04
1552.78
1740.84
1880.99
1962.27
2028.47
1980.99
1870.37
1692.49
1455.43
1173.14
864.378
551.321
259.6
7.30731
-185.505
-306.66
-347.666
-307.267
-192.225
-12.7838
215.608
478.46
747.784
1003.52
1222.82
1384.13
1469.25
1465.63
1368.8
1186.39
927.863
615.301
277.348
-55.4302
-348.888
-581.891
-738.853
-816.24
-823.422
-782.373
-718.643
-659.972
-631.438
-651.014
-724.966
-851.343
-1017.8
-1205.37
-1392.05
-1556.78
-1683.47
-1763.33
-1791.86
-1775.93
-1722.51
-1637.29
-1524.21
-1382.9
-1208.57
-995.231
-736.189
-430.809
-79.3854
306.791
706.789
1101.95
1470.52
1788.79
2042.94
2222.86
2329.46
2368.64
2339.75
2260.89
2139.27
1982.29
1792.95
1573.4
1326.39
1057.17
773.502
487.89
220.164
-24.573
-227.374
-383.504
-488.514
-545.71
-562.108
-545.28
-507.187
-455.333
-397.083
-338.239
-282.76
-233.018
-190.123
-154.381
-125.429
-102.368
-84.1338
-69.6799
-58.0663
-48.5789
-40.7204
-34.1524
-28.6359
-23.9937
-20.0868
-16.8014
-14.0418
-11.7268
-9.78687
-8.16298
-6.80486
-5.6699
-4.72208
-3.93101
-3.27112
-2.72094
-2.26243
-1.8805
-1.56251
-1.29786
-1.07771
-0.894648
-0.742481
-0.616041
-0.511013
-0.423797
-0.351394
-0.291307
-0.241453
-0.200102
-0.165812
-0.137386
-0.113827
-0.0943072
-0.0781393
-0.0647515
-0.0536689
-0.0444973
-0.0369083
-0.0306284
3712.83
3889.46
3982.36
4034.25
4074.78
4129.08
4213.48
4331.35
4469.26
4604.24
4708.48
4692.36
4585.17
4390.33
4083.36
3672.5
3186.58
2662.1
2134.2
1635.71
1194.07
771.211
405.305
85.9948
-207.023
-485.227
-752.836
-1006.7
-1238.67
-1439.65
-1604.09
-1732.45
-1831.01
-1913.42
-2000.44
-2115
-2268.47
-2459.16
-2672.09
-2881.24
-3053.38
-3153.47
-3151.38
-3028.58
-2782.47
-2426.48
-1989.3
-1501.59
-994.645
-497.93
-36.474
379.161
746.797
1066.71
1342.59
1575.81
1765.44
1907.33
1990.14
2056.51
2009.51
1897.4
1716.34
1474.21
1185.19
868.468
546.843
246.987
-12.5437
-211.011
-335.802
-377.947
-336.465
-218.162
-33.3821
201.556
472.349
750.074
1014.31
1241.52
1409.43
1499.12
1497.46
1399.64
1213.44
948.363
627.189
279.661
-63.1547
-364.194
-602.544
-761.556
-837.412
-839.834
-792.137
-720.829
-655.01
-620.982
-637.615
-711.375
-840.312
-1011.49
-1205.01
-1397.84
-1567.92
-1698.54
-1780.71
-1809.74
-1793.57
-1739.43
-1653.71
-1540.64
-1399.87
-1226.21
-1013.13
-753.335
-445.743
-89.5242
301.505
708.507
1110.78
1486
1809.65
2067.28
2248.72
2355.23
2393.4
2361.59
2279.99
2155.75
1996.36
1804.7
1582.65
1332.65
1059.8
771.984
482.038
209.843
-38.4958
-243.661
-400.745
-505.353
-560.958
-574.994
-555.314
-514.355
-459.928
-399.48
-338.901
-282.153
-231.569
-188.195
-152.25
-123.297
-100.372
-82.3505
-68.1355
-56.753
-47.4709
-39.7871
-33.3653
-27.9709
-23.4311
-19.6104
-16.398
-13.7004
-11.4381
-9.54295
-7.95709
-6.63125
-5.52364
-4.59898
-3.8275
-3.18416
-2.64794
-2.2012
-1.82919
-1.51954
-1.2619
-1.04764
-0.869515
-0.721487
-0.598514
-0.496388
-0.4116
-0.341227
-0.282834
-0.234396
-0.194227
-0.160923
-0.133318
-0.110444
-0.0914946
-0.0758014
-0.0628085
-0.0520543
-0.0431555
-0.0357931
-0.0297014
3710.79
3884.87
3976.21
4026.01
4065.06
4118.36
4203.62
4325.26
4470.44
4615.61
4732.94
4723.46
4621.57
4429.76
4122.04
3705.59
3210.49
2675.24
2136.4
1629.29
1182.57
751.451
388.278
70.8112
-219.941
-496.424
-763.505
-1017.99
-1251.16
-1453.06
-1617.38
-1744.08
-1839.54
-1917.91
-2000.72
-2112.61
-2266.08
-2460.07
-2679.51
-2897.6
-3079.74
-3189.08
-3193.36
-3073.52
-2825.71
-2463.73
-2018.07
-1520.31
-1002.83
-496.337
-27.2931
393.69
764.928
1087.29
1364.72
1599.41
1790.61
1934.28
2018.76
2085.18
2038.86
1925.29
1741.04
1493.72
1197.76
872.802
542.303
233.918
-33.0841
-237.429
-366.01
-409.334
-366.744
-245.084
-54.8398
186.989
465.942
752.345
1025.39
1260.8
1435.58
1530.05
1530.34
1431.78
1241.56
969.696
639.571
282.099
-71.3276
-380.223
-624.181
-785.352
-859.6
-856.961
-802.343
-723.078
-649.748
-609.941
-623.49
-697.041
-828.667
-1004.79
-1204.57
-1403.83
-1579.51
-1714.19
-1798.65
-1828.29
-1811.71
-1756.74
-1670.47
-1557.41
-1417.23
-1244.33
-1031.53
-771.116
-461.294
-100.264
296.043
710.204
1119.86
1502
1831.23
2092.46
2275.44
2381.79
2419.01
2383.97
2299.53
2172.58
2010.73
1816.71
1592.13
1339.08
1062.49
770.387
475.931
199.086
-52.9192
-260.541
-418.56
-522.695
-576.613
-588.18
-565.584
-521.638
-464.554
-401.846
-339.492
-281.452
-230.02
-186.167
-150.029
-121.088
-98.3125
-80.5184
-66.5541
-55.4118
-46.3417
-38.837
-32.5646
-27.2947
-22.859
-19.126
-15.9879
-13.3534
-11.1446
-9.29496
-7.74779
-6.45476
-5.37498
-4.47387
-3.7223
-3.09578
-2.57376
-2.139
-1.77706
-1.47589
-1.22538
-1.01709
-0.843985
-0.700164
-0.580714
-0.481535
-0.399213
-0.330901
-0.274231
-0.227231
-0.188261
-0.155958
-0.129188
-0.107009
-0.0886392
-0.073428
-0.0608361
-0.0504153
-0.0417935
-0.0346613
-0.0287608
3707.3
3878.86
3969.42
4017.6
4055.22
4107.33
4193.18
4318.39
4470.76
4626.06
4757.46
4755.17
4659.18
4470.78
4162.47
3740.25
3235.54
2688.99
2138.59
1622.52
1168.77
731.824
370.441
55.0582
-233.18
-507.752
-774.227
-1029.39
-1263.88
-1466.85
-1631.15
-1756.11
-1848.42
-1922.49
-2000.85
-2109.83
-2263.13
-2460.4
-2686.54
-2913.94
-3106.59
-3225.7
-3236.79
-3120.21
-2870.71
-2502.47
-2048
-1539.77
-1011.26
-494.505
-17.6077
408.86
783.769
1108.55
1387.45
1623.57
1816.33
1961.86
2048.14
2114.52
2069.06
1954.08
1766.61
1513.99
1210.87
877.401
537.722
220.365
-54.3309
-264.786
-397.318
-441.859
-398.136
-273.022
-77.1809
171.885
459.224
754.589
1036.74
1280.68
1462.61
1562.07
1564.42
1465.14
1270.8
991.897
652.468
284.69
-79.9849
-397.001
-646.845
-810.29
-882.85
-874.79
-813.013
-725.392
-644.169
-598.284
-608.602
-681.927
-816.373
-997.699
-1204.03
-1410.02
-1591.54
-1730.44
-1817.18
-1847.51
-1830.37
-1774.45
-1687.55
-1574.5
-1434.97
-1262.96
-1050.48
-789.518
-477.488
-111.607
290.376
711.879
1129.2
1518.53
1853.54
2118.49
2303.01
2409.3
2445.27
2406.94
2319.51
2189.78
2025.43
1829.03
1601.9
1345.75
1065.32
768.791
469.656
187.982
-67.7885
-278.009
-437.029
-540.695
-592.871
-601.889
-576.117
-529.063
-469.234
-404.195
-340.017
-280.659
-228.366
-184.038
-147.716
-118.8
-96.1897
-78.6371
-64.9356
-54.0432
-45.1916
-37.8706
-31.7508
-26.6075
-22.2777
-18.6339
-15.5712
-13.0007
-10.8463
-9.04301
-7.53514
-6.27547
-5.22396
-4.34678
-3.61546
-3.00604
-2.49844
-2.07583
-1.72413
-1.43157
-1.18829
-0.986084
-0.818071
-0.67852
-0.562646
-0.466461
-0.386642
-0.320423
-0.265501
-0.21996
-0.182208
-0.150921
-0.124998
-0.103525
-0.0857423
-0.0710202
-0.0588351
-0.0487526
-0.040412
-0.0335133
-0.0278067
3702.04
3871.52
3961.6
4009.1
4045.37
4096.04
4182.16
4310.7
4470.1
4635.42
4781.62
4787.38
4698.07
4513.43
4204.73
3776.58
3261.79
2703.4
2140.78
1615.4
1153.36
711.505
351.765
38.7202
-246.738
-519.193
-784.978
-1040.86
-1276.83
-1481.03
-1645.42
-1768.6
-1857.6
-1927.15
-2000.83
-2106.63
-2259.57
-2460.11
-2693.12
-2930.22
-3133.89
-3263.34
-3281.74
-3168.72
-2917.56
-2542.75
-2079.12
-1559.98
-1019.94
-492.412
-7.38461
424.703
803.348
1130.53
1410.77
1648.29
1842.6
1990.05
2078.3
2144.51
2100.12
1983.79
1793.08
1535.04
1224.56
882.281
533.12
206.299
-76.3031
-293.108
-429.759
-475.555
-430.676
-302.006
-100.428
156.224
452.183
756.799
1048.38
1301.15
1490.52
1595.2
1599.76
1499.75
1301.19
1015
665.901
287.455
-89.1638
-414.557
-670.58
-836.423
-907.214
-893.313
-824.169
-727.775
-638.259
-585.841
-592.915
-665.995
-803.4
-990.18
-1203.39
-1416.43
-1604.05
-1747.31
-1836.4
-1867.35
-1849.54
-1792.56
-1704.95
-1591.9
-1453.08
-1282.07
-1070.01
-808.561
-494.352
-123.562
284.468
713.515
1138.77
1535.61
1876.62
2145.4
2331.48
2437.83
2472.31
2430.44
2339.9
2207.34
2040.41
1841.6
1611.88
1352.56
1068.2
767.071
463.063
176.363
-83.2746
-296.17
-456.146
-559.215
-609.483
-615.805
-586.872
-536.574
-473.912
-406.484
-340.447
-279.754
-226.598
-181.8
-145.306
-116.431
-94.0023
-76.7061
-63.2804
-52.6474
-44.0212
-36.8883
-30.924
-25.9096
-21.6873
-18.1341
-15.148
-12.6425
-10.5435
-8.78717
-7.31924
-6.09345
-5.07065
-4.21779
-3.50701
-2.91495
-2.42199
-2.01173
-1.67042
-1.3866
-1.15067
-0.954624
-0.791783
-0.656565
-0.54432
-0.451171
-0.373892
-0.309796
-0.256647
-0.212587
-0.17607
-0.145814
-0.120749
-0.0999917
-0.0828051
-0.068579
-0.0568065
-0.0470671
-0.0390115
-0.0323496
-0.0268397
3694.61
3862.7
3952.76
4000.64
4035.64
4084.58
4170.55
4302.09
4468.34
4643.49
4804.6
4819.96
4738.29
4557.78
4248.93
3814.68
3289.32
2718.52
2142.97
1607.89
1136.41
690.258
332.217
21.7819
-260.613
-530.729
-795.733
-1052.38
-1289.99
-1495.61
-1660.16
-1781.62
-1867.06
-1931.89
-2000.63
-2102.98
-2255.37
-2459.12
-2699.2
-2946.37
-3161.63
-3302.01
-3328.25
-3219.13
-2966.33
-2584.64
-2111.49
-1580.98
-1028.87
-490.029
3.41015
441.25
823.694
1153.25
1434.69
1673.58
1869.41
2018.85
2109.25
2175.22
2132.08
2014.42
1820.48
1556.91
1238.86
887.461
528.514
191.694
-99.0199
-322.425
-463.37
-510.456
-464.395
-332.067
-124.603
139.978
444.802
758.964
1060.3
1322.23
1519.35
1629.5
1636.38
1535.67
1332.77
1039.03
679.89
290.427
-98.9132
-432.918
-695.432
-863.806
-932.747
-912.604
-835.841
-730.23
-632.003
-572.912
-576.39
-649.202
-789.71
-982.215
-1202.63
-1423.07
-1617.06
-1764.84
-1856.31
-1887.82
-1869.24
-1811.07
-1722.67
-1609.6
-1471.58
-1301.59
-1090.2
-828.271
-511.911
-136.129
278.294
715.122
1148.62
1553.26
1900.51
2173.22
2360.83
2467.1
2500.23
2454.52
2360.75
2225.26
2055.72
1854.51
1622.19
1359.69
1071.29
765.442
456.393
164.484
-99.1406
-314.851
-475.873
-578.397
-626.793
-630.498
-597.907
-544.247
-478.667
-408.769
-340.817
-278.757
-224.724
-179.455
-142.8
-113.98
-91.7495
-74.7254
-61.5885
-51.2249
-42.8308
-35.8905
-30.0847
-25.2013
-21.0882
-17.6268
-14.7185
-12.2791
-10.2361
-8.52755
-7.10015
-5.90876
-4.91511
-4.08692
-3.397
-2.82255
-2.34446
-1.94672
-1.61596
-1.341
-1.11252
-0.922728
-0.765131
-0.634308
-0.525742
-0.435673
-0.360969
-0.299024
-0.247673
-0.205114
-0.16985
-0.140638
-0.116444
-0.0964116
-0.079829
-0.0661055
-0.0547512
-0.0453594
-0.0375927
-0.0311708
-0.0258601
3684.49
3851.95
3943.33
3992.4
4026.21
4073.04
4158.35
4292.49
4465.37
4650.03
4824.29
4852.76
4779.92
4603.88
4295.16
3854.65
3318.18
2734.42
2145.19
1599.91
1117.93
667.922
311.766
4.22794
-274.799
-542.339
-806.462
-1063.94
-1303.34
-1510.6
-1675.37
-1795.2
-1876.8
-1936.69
-2000.25
-2098.86
-2250.46
-2457.39
-2704.69
-2962.34
-3189.77
-3341.71
-3376.36
-3271.51
-3017.12
-2628.18
-2145.17
-1602.82
-1038.07
-487.323
14.8123
458.536
844.836
1176.71
1459.24
1699.42
1896.76
2048.24
2141
2206.73
2164.96
2046
1848.83
1579.62
1253.77
892.962
523.911
176.529
-122.501
-352.766
-498.186
-546.596
-499.329
-363.24
-149.729
123.124
437.067
761.076
1072.51
1343.94
1549.11
1664.97
1674.31
1572.94
1365.59
1064.03
694.455
293.63
-109.274
-452.108
-721.45
-892.496
-959.512
-934.423
-848.057
-732.758
-625.383
-559.247
-558.987
-631.505
-775.269
-973.782
-1201.77
-1429.94
-1630.58
-1783.05
-1876.95
-1908.96
-1889.48
-1829.96
-1740.69
-1627.6
-1490.48
-1321.49
-1111.03
-848.67
-530.194
-149.33
271.806
716.656
1158.7
1571.45
1925.16
2201.92
2391.11
2497.29
2529.62
2479.11
2381.98
2243.53
2071.3
1867.63
1632.67
1366.89
1074.33
763.563
449.257
151.922
-115.831
-334.437
-496.443
-598.231
-644.436
-645.252
-609.128
-551.946
-483.35
-410.931
-341.041
-277.609
-222.709
-176.985
-140.188
-111.443
-89.4299
-72.6942
-59.8601
-49.7762
-41.621
-34.8777
-29.2333
-24.4829
-20.4806
-17.1123
-14.2828
-11.9104
-9.92441
-8.26423
-6.87796
-5.72147
-4.7574
-3.95423
-3.28547
-2.72889
-2.26587
-1.88083
-1.56076
-1.29479
-1.07386
-0.890409
-0.738127
-0.611758
-0.506921
-0.419973
-0.347878
-0.288114
-0.238584
-0.197546
-0.16355
-0.135396
-0.112084
-0.0927861
-0.0768152
-0.0636009
-0.05267
-0.0436304
-0.0361562
-0.0299773
-0.0248686
3671.02
3839.09
3933.45
3984.62
4017.26
4061.53
4145.57
4281.82
4461.05
4654.81
4833.59
4885.61
4822.49
4652.3
4343.54
3896.61
3348.47
2751.15
2147.5
1591.33
1097.93
644.356
290.381
-13.9563
-289.294
-554.001
-817.134
-1075.49
-1316.88
-1525.99
-1691.14
-1809.3
-1886.77
-1941.49
-1999.67
-2094.24
-2244.81
-2454.83
-2709.54
-2978.06
-3218.27
-3382.46
-3426.11
-3325.96
-3070.03
-2673.44
-2180.21
-1625.52
-1047.56
-484.257
26.8595
476.595
866.808
1200.86
1484.52
1725.82
1924.63
2078.21
2173.57
2239.04
2198.8
2078.56
1878.17
1603.21
1269.35
898.804
519.319
160.784
-146.765
-384.163
-534.249
-584.013
-535.513
-395.556
-175.833
105.64
428.961
763.124
1084.99
1366.27
1579.81
1701.66
1713.59
1611.6
1399.68
1090.03
709.615
296.54
-119.74
-472.152
-748.685
-922.555
-987.551
-956.296
-860.831
-735.364
-618.384
-544.838
-540.663
-612.861
-760.038
-964.857
-1200.78
-1437.07
-1644.65
-1801.98
-1898.35
-1930.81
-1910.25
-1849.24
-1759
-1645.89
-1509.68
-1341.95
-1132.48
-869.801
-549.236
-163.166
265.005
718.171
1169.09
1590.33
1950.75
2231.69
2422.4
2528.26
2559.85
2504.22
2403.67
2262.15
2087.22
1881.13
1643.58
1374.53
1077.77
761.968
442.242
139.293
-132.709
-354.329
-517.417
-618.551
-662.727
-661.077
-620.654
-559.874
-488.189
-413.159
-341.26
-276.41
-220.614
-174.425
-137.485
-108.825
-87.0443
-70.6132
-58.0955
-48.3017
-40.3924
-33.8504
-28.3701
-23.7546
-19.8646
-16.5907
-13.8412
-11.5366
-9.6084
-7.99732
-6.65276
-5.53165
-4.59756
-3.81978
-3.17247
-2.634
-2.18625
-1.81408
-1.50484
-1.24799
-1.03471
-0.85768
-0.710783
-0.588925
-0.487866
-0.404077
-0.334624
-0.277069
-0.229384
-0.189885
-0.157174
-0.13009
-0.107671
-0.0891169
-0.0737652
-0.0610662
-0.050564
-0.0418807
-0.0347027
-0.0287698
-0.0238653
3653.38
3823.91
3923.36
3977.56
4009.01
4050.17
4132.23
4270
4455.28
4657.7
4803.98
4918.41
4866.02
4703.16
4394.23
3940.68
3380.25
2768.82
2150.01
1581.98
1076.37
619.427
268.029
-32.7848
-304.09
-565.691
-827.715
-1087
-1330.58
-1541.8
-1707.48
-1823.93
-1897
-1946.25
-1998.88
-2089.1
-2238.36
-2451.39
-2713.65
-2993.47
-3247.11
-3424.27
-3477.54
-3382.55
-3125.15
-2720.48
-2216.68
-1649.15
-1057.35
-480.783
39.5916
495.464
889.634
1225.74
1510.56
1752.76
1953.01
2108.76
2206.95
2271.94
2233.6
2112.11
1908.53
1627.71
1285.61
905.012
514.74
144.439
-171.832
-416.646
-571.597
-622.734
-572.986
-429.053
-202.945
87.5041
420.467
765.096
1097.74
1389.23
1611.49
1739.59
1754.27
1651.71
1435.1
1117.08
725.395
299.408
-130.583
-493.078
-777.191
-954.046
-1016.92
-979.094
-874.187
-738.05
-610.988
-529.604
-521.369
-593.225
-743.978
-955.416
-1199.66
-1444.44
-1659.25
-1821.63
-1920.47
-1953.28
-1931.56
-1868.91
-1777.6
-1664.47
-1529.14
-1362.95
-1154.54
-891.636
-569.042
-177.664
257.805
719.544
1179.64
1609.64
1976.98
2262.22
2454.48
2559.99
2592.3
2529.91
2425.75
2281.12
2103.39
1894.8
1654.58
1382.11
1080.94
759.854
434.449
125.656
-150.778
-375.527
-539.647
-639.92
-681.631
-676.515
-632.276
-567.703
-492.798
-415.109
-341.192
-274.943
-218.288
-171.675
-134.639
-106.104
-84.5861
-68.4806
-56.295
-46.8019
-39.1454
-32.8089
-27.4955
-23.0168
-19.2405
-16.0623
-13.3937
-11.1579
-9.28822
-7.7269
-6.42461
-5.33937
-4.43568
-3.6836
-3.05803
-2.53792
-2.10564
-1.74651
-1.44824
-1.20061
-0.995081
-0.824554
-0.683109
-0.565818
-0.468582
-0.387993
-0.321215
-0.265894
-0.220075
-0.182134
-0.150723
-0.124723
-0.103207
-0.0854056
-0.0706804
-0.0585027
-0.0484341
-0.0401113
-0.0332329
-0.0275488
-0.022851
3630.99
3805.63
3913.31
3971.57
4001.7
4039.1
4118.35
4256.95
4447.95
4659.39
4820.23
4951.64
4911.1
4756.07
4447.34
3987
3413.61
2787.51
2152.82
1571.59
1053.25
593.007
244.685
-52.2881
-319.157
-577.383
-838.166
-1098.44
-1344.43
-1558.02
-1724.42
-1839.12
-1907.53
-1950.93
-1997.85
-2083.41
-2231.06
-2446.89
-2716.95
-3008.49
-3276.23
-3467.15
-3530.71
-3441.4
-3182.61
-2769.36
-2254.65
-1673.74
-1067.47
-476.842
53.0507
515.181
913.349
1251.43
1537.29
1780.23
1981.88
2139.86
2241.17
2305.17
2269.4
2146.69
1939.94
1653.15
1302.59
911.609
510.175
127.475
-197.72
-450.25
-610.274
-662.813
-611.783
-463.767
-231.1
68.6986
411.57
766.982
1110.78
1412.84
1644.16
1778.81
1796.38
1693.32
1471.88
1145.22
741.825
302.31
-141.891
-514.914
-807.028
-987.037
-1047.68
-1002.91
-888.152
-740.823
-603.163
-513.614
-501.074
-572.521
-727.04
-945.424
-1198.42
-1452.11
-1674.53
-1842.14
-1943.5
-1976.73
-1953.4
-1888.94
-1796.45
-1683.29
-1548.91
-1384.43
-1177.3
-914.339
-589.726
-192.848
250.255
720.948
1190.64
1629.91
2004.53
2294.2
2487.96
2592.79
2624.54
2555.73
2448.2
2300.44
2119.88
1908.86
1666.09
1390.34
1084.84
758.449
427.241
112.389
-168.64
-396.596
-561.81
-661.277
-700.59
-692.809
-644.245
-575.909
-497.767
-417.335
-341.326
-273.608
-216.03
-168.942
-131.77
-103.334
-82.0739
-66.3038
-54.4608
-45.2787
-37.882
-31.7553
-26.6111
-22.2708
-18.6095
-15.5278
-12.9411
-10.7749
-8.96437
-7.45339
-6.19386
-5.14491
-4.27196
-3.5459
-2.94232
-2.44076
-2.02414
-1.67819
-1.39102
-1.15272
-0.955023
-0.791071
-0.655137
-0.542463
-0.449093
-0.371737
-0.307662
-0.254601
-0.210668
-0.174301
-0.144204
-0.119299
-0.0986963
-0.081655
-0.0675629
-0.055912
-0.0462817
-0.0383232
-0.0317475
-0.0263149
-0.021826
3602.61
3784.06
3903.67
3967.01
3995.64
4028.48
4103.94
4242.57
4438.92
4660.01
4839.77
4985.21
4957.82
4811.17
4503
4035.71
3448.62
2807.37
2156.07
1559.9
1028.55
564.961
220.322
-72.4775
-334.481
-589.052
-848.446
-1109.77
-1358.39
-1574.66
-1741.99
-1854.88
-1918.43
-1955.56
-1996.57
-2077.15
-2222.87
-2441.29
-2719.34
-3023.04
-3305.59
-3511.12
-3585.64
-3502.61
-3242.54
-2820.14
-2294.17
-1699.34
-1077.98
-472.358
67.2812
535.788
937.996
1277.98
1564.7
1808.21
2011.24
2171.51
2276.22
2338.64
2306.22
2182.32
1972.44
1679.59
1320.33
918.626
505.627
109.867
-224.449
-485.009
-650.322
-704.308
-651.947
-499.736
-260.334
49.2083
402.249
768.768
1124.08
1437.1
1677.85
1819.34
1839.96
1736.49
1510.08
1174.49
758.937
305.263
-153.759
-537.699
-838.24
-1021.59
-1079.9
-1027.82
-902.763
-743.68
-594.86
-496.583
-479.668
-550.705
-709.212
-934.89
-1197.03
-1459.98
-1690.23
-1863.22
-1967.12
-2000.39
-1975.79
-1909.37
-1815.62
-1702.47
-1569.11
-1406.45
-1200.65
-937.602
-611.052
-208.691
242.238
722.066
1201.5
1650.17
2032.16
2326.41
2521.68
2625.57
2645.89
2582.65
2471.24
2320.12
2136.7
1923.19
1677.7
1398.35
1088.08
755.917
418.509
97.3878
-188.347
-419.659
-585.972
-684.463
-721.134
-707.052
-656.134
-583.815
-502.189
-418.925
-340.792
-271.638
-213.234
-165.785
-128.595
-100.371
-79.4396
-64.0451
-52.5666
-43.71
-36.583
-30.6727
-25.7027
-21.5046
-17.9613
-14.979
-12.4764
-10.3818
-8.63212
-7.1729
-5.95733
-4.94565
-4.10426
-3.40491
-2.82388
-2.34135
-1.94077
-1.60833
-1.33253
-1.10377
-0.914096
-0.756869
-0.626572
-0.51862
-0.4292
-0.355148
-0.293836
-0.243081
-0.201075
-0.166316
-0.137559
-0.113773
-0.0941008
-0.0778352
-0.0643888
-0.0532751
-0.0440916
-0.0365045
-0.0302374
-0.025061
-0.020785
3566.2
3759.74
3894.91
3964.34
3991.15
4018.47
4089
4226.76
4428.08
4659.51
4859.59
5018.94
5006.28
4868.57
4561.36
4086.97
3485.37
2828.58
2159.78
1546.62
1002.26
535.151
194.921
-93.348
-350.077
-600.666
-858.511
-1120.93
-1372.45
-1591.73
-1760.24
-1871.23
-1929.78
-1960.25
-1995.02
-2070.28
-2213.73
-2434.61
-2720.72
-3037.03
-3335.13
-3556.15
-3642.92
-3565.78
-3305.07
-2872.95
-2335.44
-1726.07
-1088.92
-467.217
82.3411
557.33
963.616
1305.4
1592.81
1836.72
2041.07
2203.67
2312.11
2370.22
2344.16
2219.03
2006.06
1707.05
1338.86
926.093
501.101
91.5931
-252.029
-520.96
-691.79
-747.202
-693.511
-536.992
-290.683
29.0105
392.484
770.437
1137.65
1462.02
1712.56
1861.23
1885.07
1781.25
1549.72
1204.9
776.749
308.42
-166.074
-561.411
-870.951
-1057.84
-1113.62
-1053.83
-918.019
-746.643
-586.169
-478.965
-457.305
-527.801
-690.351
-923.649
-1195.47
-1468.38
-1707.12
-1885.83
-1992.18
-2026.16
-1998.7
-1930.08
-1834.85
-1721.6
-1589.31
-1428.69
-1224.65
-962.152
-634.071
-225.872
233.655
723.366
1213.39
1672.36
2062.32
2361.23
2557.91
2660.75
2672.61
2608.66
2494.14
2340.12
2153.58
1937.59
1689.61
1407.05
1092.51
754.994
411.553
83.9098
-206.973
-441.783
-609.177
-706.695
-740.548
-722.02
-668.53
-592.314
-507.345
-421.268
-341.012
-270.36
-211.023
-163.091
-125.76
-97.6323
-76.9593
-61.9016
-50.7653
-42.2188
-35.35
-29.6468
-24.8423
-20.7786
-17.3467
-14.458
-12.0349
-10.0078
-8.31573
-6.90552
-5.73163
-4.75534
-3.94397
-3.27003
-2.71049
-2.24612
-1.86085
-1.54132
-1.27638
-1.05676
-0.874766
-0.723985
-0.599094
-0.495671
-0.410045
-0.339167
-0.28051
-0.231974
-0.191821
-0.158609
-0.131143
-0.108433
-0.089659
-0.0741411
-0.0613173
-0.0507219
-0.0419694
-0.0347407
-0.0287714
-0.0238425
-0.019772
3519.54
3732.94
3887.58
3964.04
3988.62
4009.28
4073.55
4209.41
4415.23
4657.69
4878.23
5052.51
5056.57
4928.4
4622.55
4140.97
3523.94
2851.42
2163.92
1531.5
974.394
503.427
168.471
-114.91
-365.931
-612.194
-868.311
-1131.88
-1386.56
-1609.21
-1779.18
-1888.18
-1941.69
-1965.14
-1993.11
-2062.78
-2203.61
-2426.78
-2720.96
-3050.3
-3364.93
-3602.63
-3702.64
-3630.98
-3370.02
-2928.39
-2379.23
-1754.43
-1100.56
-461.473
98.0707
579.779
990.229
1333.72
1621.63
1865.75
2071.34
2236.34
2348.82
2405.31
2382.44
2256.86
2040.86
1735.59
1358.24
934.063
496.618
72.4717
-280.569
-558.133
-734.687
-791.892
-736.543
-575.634
-322.254
8.1732
382.295
772.014
1151.52
1487.63
1748.34
1904.5
1931.74
1827.77
1591.03
1236.7
795.429
311.268
-179.824
-586.419
-904.998
-1095.52
-1148.92
-1081.19
-934.083
-749.699
-576.806
-459.633
-433.251
-503.444
-670.675
-912.164
-1193.9
-1476.52
-1723.27
-1907.38
-2016.58
-2050.69
-2022.08
-1951.33
-1854.87
-1741.74
-1611.02
-1452.62
-1250.2
-987.098
-655.887
-241.638
225.489
724.384
1223.93
1692.28
2090.01
2394.14
2592.83
2693.92
2697.52
2637.51
2518.7
2360.59
2171.34
1953.06
1702.41
1415.99
1096.06
751.821
401.223
66.6974
-228.966
-467.148
-635.734
-732.152
-763.094
-740.897
-680.994
-600.29
-511.483
-422.269
-339.684
-267.542
-207.367
-159.118
-121.85
-94.0338
-73.8098
-59.2409
-48.5636
-40.4132
-33.8638
-28.4117
-23.8068
-19.9054
-16.6082
-13.8331
-11.5061
-9.5609
-7.93839
-6.58729
-5.46355
-4.52974
-3.7543
-3.11071
-2.57679
-2.134
-1.76691
-1.46266
-1.21057
-1.00174
-0.828787
-0.685588
-0.567046
-0.468936
-0.387754
-0.320589
-0.265033
-0.219087
-0.181095
-0.149685
-0.123721
-0.102263
-0.0845309
-0.0698807
-0.0577789
-0.0477839
-0.0395306
-0.0327167
-0.027092
-0.0224492
-0.0186164
3459.77
3704.23
3882.35
3966.64
3988.45
4001.1
4057.6
4190.38
4400.19
4654.26
4895
5085.41
5108.8
4990.79
4686.75
4197.91
3564.37
2876.31
2168.28
1514.32
944.918
469.791
141.032
-137.152
-382.02
-623.593
-877.793
-1142.61
-1400.82
-1627.31
-1799.04
-1905.76
-1954.45
-1970.47
-1990.77
-2054.52
-2192.16
-2417.25
-2706.25
-2607.73
-2349.89
-2185.95
-2162.07
-2314.98
-2653.35
-2865.48
-2378.39
-1756.52
-1110.57
-455.331
113.679
602.729
1017.64
1362.84
1651.09
1895.28
2102.02
2269.47
2386.28
2441.97
2421.24
2295.74
2076.73
1765.06
1378.29
942.446
492.23
53.6534
-309.117
-596.579
-779.534
-837.19
-780.624
-615.283
-354.484
-14.7634
370.258
772.489
1165.12
1513.7
1785.13
1949.17
1980.01
1875.66
1633.14
1268.82
814.212
315.806
-189.703
-610.708
-941.219
-1136.57
-1185.64
-1104.96
-946.865
-753.001
-567.569
-441.103
-409.631
-478.872
-649.449
-898.685
-1191.44
-1486.23
-1743.64
-1934.49
-2042.04
-2059.49
-1995.84
-1900.91
-1790.36
-1671.25
-1542.23
-1395.02
-1217.04
-989.432
-683.103
-266.42
211.02
724.055
1237.41
1719.27
2125.95
2434.18
2633.85
2732.52
2735.98
2664.44
2541.22
2380.43
2188.33
1967.03
1713.72
1424.11
1100.23
751.338
395.471
54.5889
-247.228
-489.836
-659.487
-754.506
-782.331
-750.643
-692.407
-608.529
-516.673
-424.632
-340.095
-266.704
-205.727
-157.059
-119.66
-91.9113
-71.883
-57.5717
-47.1604
-39.2508
-32.9057
-27.6155
-23.1389
-19.3414
-16.1301
-13.4272
-11.1616
-9.26862
-7.69075
-6.37773
-5.28642
-4.38021
-3.6282
-3.00449
-2.48739
-2.05884
-1.70377
-1.40967
-1.16613
-0.964501
-0.79761
-0.659501
-0.545231
-0.450705
-0.372525
-0.307876
-0.254424
-0.210238
-0.173718
-0.143537
-0.1186
-0.0979976
-0.0809799
-0.0669251
-0.0553193
-0.0457374
-0.0378278
-0.0312998
-0.0259128
-0.0214676
-0.0177988
3382.99
3674.35
3879.97
3972.73
3991.12
3994.18
4041.16
4169.53
4382.74
4648.85
4909.52
5116.91
5163.07
5055.83
4754.12
4257.97
3607.07
2904.55
2172.88
1494.98
913.202
585.67
554.939
502.565
456.192
415.688
378.815
342.964
306.388
268.849
231.469
196.059
164.573
139.154
120.402
107.603
98.3402
88.6379
74.1762
46.7302
8.57021
-36.0298
-80.3765
-123.82
-161.623
-203.141
-251.523
-283.89
-306.098
-255.996
174.254
649.361
1058.1
1398.43
1683.06
1925.31
2133.05
2302.98
2424.46
2480.18
2460.52
2336.69
2115.16
1797.65
1401.41
952.867
486.976
71.099
2.83955
-10.5336
-26.3963
-43.5505
-56.7199
-70.8506
-86.2361
31.6562
403.825
804.461
1197.99
1548.63
1824.88
1995.55
2029.97
1927.08
1680.83
1307.4
837.901
324.725
25.5149
16.6156
2.23734
-11.8183
-26.7198
-35.5206
-42.6001
-49.7836
-55.2813
-57.1674
-36.3436
-10.7269
2.3957
8.41423
6.15334
-1.03308
-8.44036
-13.5504
-16.5684
-18.879
-21.5715
-25.0301
-28.7565
-32.4486
-35.8694
-38.6551
-39.2951
-31.771
5.66708
154.152
485.996
901.806
1325.47
1749.23
2149.18
2464.21
2667.5
2765.68
2751.01
2695.2
2571.42
2409.32
2219.59
2003.46
1758.84
1483.9
1185.6
882.316
606.949
396.031
259.684
156.029
79.1197
26.3764
-1.0049
-6.06629
-5.12554
-3.39338
-1.1714
1.17143
3.23886
4.63974
5.12633
4.70329
3.54115
1.96185
0.37354
-0.598128
-1.06749
-1.11334
-0.991929
-0.840442
-0.708417
-0.596392
-0.501644
-0.42164
-0.354212
-0.297473
-0.249779
-0.209717
-0.176079
-0.147843
-0.124143
-0.104251
-0.0875554
-0.0735417
-0.0617781
-0.0519024
-0.0436105
-0.0366477
-0.0307999
-0.025888
-0.0217614
-0.0182939
-0.0153796
-0.0129299
-0.0108702
-0.00913804
-0.00768103
-0.00645516
-0.00542352
-0.00455512
-0.00382393
-0.00320814
-0.00268939
-0.00225228
-0.00188386
-0.00157324
-0.00131124
-0.00109013
-0.000903382
3291.03
3646.49
3881.7
3983.01
3997.25
3988.81
4024.25
4146.79
4362.71
4641.05
4921.37
5145.92
5219.44
5123.92
4825.7
4322.6
3629.74
2914.32
2192.46
1535.85
973.356
681.566
620.939
560.322
508.13
462.162
419.353
377.193
334.618
292.244
251.74
214.953
183.444
158.484
139.698
125.368
112.446
96.9183
75.4248
44.8556
7.53101
-35.934
-79.1737
-121.615
-158.961
-199.729
-230.265
-245.096
-249.727
-210.518
215.73
707.571
1118.75
1456.36
1736.33
1974.05
2178.48
2347.23
2469.29
2526.5
2504.44
2382.45
2158.4
1838.23
1441.96
998.95
542.74
149.93
70.5797
47.4599
26.3191
8.32445
-2.66066
-11.6741
-19.8031
78.4428
448.046
852.311
1250.67
1606.67
1887.37
2060.45
2100.11
1992.83
1739.36
1360.68
892.753
388.619
114.26
73.9021
50.2097
31.4079
16.1081
9.90603
7.48106
5.89686
5.69013
7.27277
28.4248
51.6532
60.1422
59.0616
48.7666
33.9308
20.114
10.3995
4.83079
2.02736
0.626879
-0.596903
-1.56749
-2.22106
-2.32933
-1.34193
2.51074
15.3583
57.5527
189.391
517.83
945.055
1381.14
1811.29
2215.97
2528.2
2726.93
2819.16
2817.08
2740.06
2609.29
2443.47
2252.39
2036.82
1793.84
1520.59
1223.91
922.827
650.377
441.69
304.135
201.804
126.311
75.4135
49.6873
45.9423
48.6616
52.6852
57.3676
62.115
66.3593
69.6392
71.6859
72.5159
72.3243
71.4799
70.4275
69.8148
69.5837
69.6995
69.9432
70.1957
70.4145
70.6007
70.7585
70.8915
71.0032
71.0968
71.1751
71.2404
71.295
71.3405
71.3785
71.4102
71.4366
71.4586
71.477
71.4923
71.5051
71.5157
71.5246
71.5321
71.5382
71.5434
71.5477
71.5513
71.5544
71.5569
71.559
71.5607
71.5622
71.5634
71.5645
71.5653
71.566
71.5666
71.5671
71.5676
71.5679
71.5682
71.5685
1585.78
2269.93
2626.27
2709.52
2637.28
2549.44
2568.39
2766.29
3146.02
3639.48
4122.72
4451.88
4492.92
4154.84
3411.83
2301.23
1108.79
916.311
874.134
814.066
745.945
677.414
609.095
550.859
499.916
454.674
412.549
371.273
329.804
288.604
249.155
213.195
182.222
157.433
138.461
123.706
110.215
94.2264
72.5494
42.7146
6.15563
-36.1026
-78.286
-119.682
-156.253
-194.252
-224.227
-238.959
-243.647
-240.868
-226.998
-207.696
-185.396
-161.849
-138.099
-114.625
-91.4342
-68.5546
-46.1536
-22.8017
13.4664
43.9403
64.6157
77.0937
78.5361
69.6708
61.3081
55.3495
45.6256
33.8763
20.5772
8.47997
-2.30519
-11.3062
-19.3157
-27.44
-29.2055
-29.0335
-25.7155
-20.2971
-12.7922
-4.99288
18.8671
51.533
68.4983
62.9672
37.517
31.6798
30.5505
27.0581
22.8128
18.0845
13.5311
9.99666
7.5881
6.01482
5.6841
5.75345
6.17735
7.2857
8.08967
8.54259
8.40394
7.71293
6.55303
5.07686
3.46515
1.98111
0.625853
-0.587851
-1.60899
-2.46589
-3.17579
-3.85167
-4.65393
-5.57173
-6.32974
-6.96532
-7.16867
-6.73704
-5.16742
5.08941
82.9916
310.384
533.148
667.628
716.24
685.38
604.195
511.715
430.58
359.227
280.343
189.369
99.1067
29.3601
1.49773
1.60709
1.62257
1.66756
1.65077
1.56746
1.45814
1.27877
1.05153
0.840759
0.648609
0.482107
0.341566
0.227608
0.139356
0.0736745
0.0278087
-0.00245579
-0.0210124
-0.0329034
-0.0399199
-0.0438334
-0.0456797
-0.0459673
-0.0451622
-0.0436005
-0.0415217
-0.0391
-0.0364741
-0.0337527
-0.0310198
-0.0283382
-0.0257533
-0.0232969
-0.020989
-0.0188414
-0.0168587
-0.0150408
-0.0133838
-0.011881
-0.0105242
-0.00930386
-0.00821014
-0.00723291
-0.00636215
-0.00558819
-0.00490184
-0.00429445
-0.00375798
-0.00328498
-0.00286862
-0.00250266
-0.00218145
-0.00189987
-0.00165333
-0.0014377
-0.00124931
-0.00108487
-0.00094146
-0.000816498
-0.000707693
-0.000613025
-0.000530716
-609.686
-503.808
-373.801
-257.114
-168.29
-106.641
-61.7569
-18.5661
37.5188
116.414
219.333
345.885
491.152
637.106
761.336
836.74
879.709
884.555
851.551
798.78
733.559
666.623
601.83
544.777
494.533
449.692
407.89
367.032
326.147
285.656
246.934
211.609
181.096
156.477
137.384
122.264
108.308
91.9628
70.238
40.7416
4.96398
-36.1576
-77.2989
-117.691
-153.566
-190.57
-219.231
-233.777
-238.537
-234.484
-221.884
-203.428
-181.885
-158.999
-135.807
-112.808
-90.0524
-67.6149
-45.5359
-24.9947
-1.31546
18.9903
36.6615
49.7664
58.0845
61.195
59.1817
53.3439
44.4117
33.0269
20.1326
8.43598
-2.05344
-10.8038
-18.6037
-26.1393
-27.944
-27.8456
-24.6773
-19.4796
-12.2801
-4.69601
3.85809
12.9528
20.5799
26.2753
29.7629
30.6355
29.3029
26.4686
22.3683
17.7856
13.4196
10.0143
7.67124
6.13638
5.78752
5.80522
6.13507
7.20568
7.95566
8.37032
8.21557
7.53
6.38774
4.93981
3.37935
1.94322
0.619708
-0.571178
-1.57185
-2.40832
-3.10684
-3.78515
-4.60794
-5.54236
-6.30123
-6.75869
-7.05834
-7.0265
-6.78008
-6.64701
-6.57557
-5.82278
-4.99456
-4.18682
-3.47146
-2.73976
-2.09409
-1.53708
-1.05153
-0.618186
-0.229649
0.138066
0.46691
0.680442
1.30437
1.55135
1.58915
1.63236
1.61699
1.54059
1.43413
1.25183
1.03516
0.83138
0.644986
0.48159
0.343591
0.231345
0.143994
0.0787232
0.0330447
0.0027281
-0.0161877
-0.0289493
-0.0368984
-0.0414962
-0.0438348
-0.0444566
-0.0438985
-0.0425334
-0.0406175
-0.0383331
-0.0358237
-0.0332016
-0.0305533
-0.0279437
-0.02542
-0.0230156
-0.0207518
-0.0186416
-0.0166905
-0.0148994
-0.0132649
-0.0117811
-0.0104403
-0.00923356
-0.00815121
-0.00718355
-0.00632084
-0.00555364
-0.00487296
-0.00427034
-0.00373786
-0.0032682
-0.00285465
-0.00249105
-0.0021718
-0.00189187
-0.00164671
-0.00143224
-0.00124481
-0.00108118
-0.000938446
-0.000814048
-0.000705714
-0.000611437
-0.000529449
-585.441
-488.163
-365.61
-253.803
-167.142
-105.447
-59.2138
-14.4549
42.4285
120.676
221.644
343.65
480.973
619.037
738.777
817.098
859.315
865.992
835.297
785.118
722.508
657.557
594.564
538.636
489.082
444.655
403.191
362.753
322.441
282.64
244.628
209.933
179.874
155.428
136.221
120.755
106.357
89.6757
67.8953
38.8461
3.81578
-36.2098
-76.3431
-115.743
-150.88
-186.429
-214.095
-228.454
-233.257
-229.889
-217.626
-199.808
-178.886
-156.553
-133.833
-111.237
-88.8502
-66.7819
-45.0611
-24.9018
-1.7625
18.0424
35.2941
48.0855
56.2326
59.3167
57.4731
51.9496
43.1421
32.1917
19.8141
8.45448
-1.77462
-10.3815
-17.9155
-25.1526
-26.9578
-26.8723
-23.7976
-18.763
-11.7872
-4.44136
3.72257
12.6341
20.041
25.5804
28.9621
29.8554
28.6857
25.8115
21.9126
17.5538
13.3578
10.0475
7.75012
6.23524
5.83536
5.83465
6.15751
7.11046
7.78574
8.15618
7.99066
7.32392
6.22584
4.83717
3.32297
1.91465
0.619547
-0.548771
-1.54008
-2.37889
-3.08543
-3.75647
-4.53412
-5.40192
-6.12931
-6.65782
-6.91719
-6.85742
-6.62299
-6.55165
-6.44012
-5.71259
-4.92165
-4.12869
-3.40397
-2.70525
-2.07817
-1.53637
-1.05939
-0.625162
-0.239515
0.124644
0.445695
0.680987
1.25904
1.49358
1.54438
1.58872
1.5751
1.50277
1.39952
1.22825
1.01978
0.822032
0.640426
0.480728
0.345263
0.234642
0.148139
0.0830178
0.0369664
0.00587454
-0.0138883
-0.0269677
-0.0350454
-0.0398366
-0.0423753
-0.0432081
-0.0428405
-0.041636
-0.0398543
-0.0376836
-0.0352713
-0.0327322
-0.030155
-0.027606
-0.0251342
-0.0227738
-0.0205475
-0.0184691
-0.0165451
-0.0147768
-0.0131617
-0.0116942
-0.0103673
-0.00917216
-0.00809964
-0.00714026
-0.00628451
-0.00552317
-0.00484742
-0.00424893
-0.00371992
-0.00325319
-0.00284208
-0.00248052
-0.002163
-0.00188451
-0.00164056
-0.0014271
-0.00124052
-0.0010776
-0.000935458
-0.000811559
-0.000703645
-0.000609722
-0.000528032
-562.635
-473.144
-357.55
-250.342
-165.772
-104.15
-56.8132
-10.7531
46.7457
124.337
223.445
342.312
475.165
608.184
723.418
799.814
841.18
847.856
819.285
771.39
711.271
648.472
587.241
532.436
483.593
439.607
398.506
358.501
318.759
279.633
242.311
208.222
178.602
154.332
135.033
119.258
104.465
87.4927
65.6916
37.05
2.75026
-36.2235
-75.3761
-113.808
-148.208
-182.549
-209.201
-223.35
-228.188
-224.855
-213.183
-196.029
-175.744
-153.983
-131.754
-109.584
-87.5886
-65.9122
-44.5337
-24.6973
-2.05761
17.1081
33.89
46.3431
54.3001
57.3663
55.6653
50.341
41.9443
31.3761
19.4394
8.4282
-1.52804
-9.93334
-17.2402
-24.1078
-25.9007
-25.849
-22.8895
-18.0349
-11.3076
-4.14047
3.80706
12.3216
19.4449
24.7986
28.0849
28.9786
27.8924
25.2119
21.4741
17.2813
13.2543
10.0583
7.81443
6.33092
5.902
5.86461
6.13955
7.02536
7.64462
7.97702
7.79803
7.14026
6.06752
4.71656
3.25142
1.88104
0.613816
-0.531001
-1.50447
-2.33048
-3.03395
-3.70947
-4.48824
-5.33657
-6.02793
-6.4999
-6.76692
-6.7416
-6.52039
-6.39412
-6.27691
-5.57746
-4.82289
-4.05824
-3.35704
-2.66987
-2.05281
-1.51767
-1.04766
-0.622715
-0.242101
0.117718
0.432158
0.675043
1.21344
1.44582
1.50784
1.55222
1.53985
1.47066
1.36872
1.203
1.00381
0.812307
0.635515
0.479471
0.346662
0.237774
0.152168
0.0874179
0.0413381
0.0100383
-0.0101935
-0.0239481
-0.0326705
-0.0379236
-0.040795
-0.0418818
-0.0417197
-0.0406847
-0.0390447
-0.0369939
-0.0346839
-0.0322324
-0.0297302
-0.0272453
-0.0248282
-0.0225145
-0.020328
-0.0182834
-0.0163881
-0.0146441
-0.0130497
-0.0115998
-0.0102876
-0.00910499
-0.00804306
-0.0070926
-0.00624439
-0.0054894
-0.004819
-0.00422503
-0.00369982
-0.00323628
-0.00282786
-0.00246857
-0.00215295
-0.00187606
-0.00163345
-0.00142112
-0.00123549
-0.00107337
-0.000931895
-0.000808557
-0.000701112
-0.000607581
-0.000526221
-541.038
-458.536
-349.459
-246.657
-164.159
-102.707
-54.4189
-7.21164
50.7946
127.696
224.951
340.754
469.318
597.487
708.346
782.691
823.179
830.166
803.568
757.889
700.158
639.396
579.877
526.184
478.062
434.54
393.821
354.259
315.082
276.615
239.963
206.465
177.273
153.18
133.806
117.752
102.602
85.3721
63.5693
35.34
1.75011
-36.2146
-74.4108
-111.894
-145.55
-178.691
-204.41
-218.336
-223.197
-220.108
-208.914
-192.376
-172.696
-151.482
-129.728
-107.972
-86.3582
-65.0606
-44.0337
-24.5449
-2.40409
16.2138
32.5656
44.7044
52.4864
55.5307
53.9741
48.8932
40.7646
30.5808
19.088
8.40821
-1.28582
-9.51175
-16.589
-23.1419
-24.9314
-24.8977
-22.0395
-17.3472
-10.8438
-3.88179
3.80575
12.0237
18.9091
24.0997
27.2893
28.1941
27.1693
24.6076
21.0402
17.033
13.1628
10.064
7.87056
6.41081
5.94816
5.88724
6.13528
6.9344
7.49307
7.78765
7.59785
6.95413
5.91588
4.61121
3.18926
1.85096
0.610381
-0.513071
-1.47492
-2.29667
-2.99977
-3.66619
-4.41612
-5.22574
-5.90351
-6.37463
-6.62307
-6.59434
-6.3917
-6.28649
-6.13619
-5.4665
-4.74027
-3.99257
-3.30584
-2.63836
-2.03602
-1.50995
-1.04449
-0.624465
-0.248278
0.107529
0.417137
0.669899
1.16808
1.39553
1.46731
1.5127
1.50244
1.43789
1.33863
1.17909
0.988181
0.802617
0.630472
0.477931
0.347653
0.240468
0.155801
0.0914019
0.0451313
0.0133788
-0.00747719
-0.0215849
-0.030582
-0.0361363
-0.0392763
-0.0405958
-0.0406293
-0.0397572
-0.0382537
-0.0363188
-0.0341079
-0.0317413
-0.0293119
-0.0268894
-0.0245257
-0.0222577
-0.0201101
-0.0180987
-0.0162316
-0.0145117
-0.0129376
-0.011505
-0.0102075
-0.00903739
-0.00798598
-0.00704444
-0.00620376
-0.00545513
-0.00479012
-0.00420068
-0.0036793
-0.00321899
-0.0028133
-0.00245631
-0.00214263
-0.00186737
-0.00162614
-0.00141496
-0.00123031
-0.001069
-0.000928228
-0.000805473
-0.000698519
-0.000605403
-0.000524391
-520.557
-444.344
-341.37
-242.78
-162.328
-101.135
-52.0461
-3.84599
54.5576
130.737
226.157
338.97
463.41
586.964
693.692
766.029
805.658
812.892
788.129
744.559
689.111
630.328
572.474
519.884
472.494
429.456
389.139
350.029
311.412
273.59
237.591
204.667
175.892
151.98
132.547
116.245
100.774
83.3216
61.5391
33.7146
0.816234
-36.1771
-73.4428
-109.998
-142.911
-174.93
-199.76
-213.452
-218.324
-215.402
-204.689
-188.747
-169.656
-148.98
-127.697
-106.356
-85.1245
-64.2062
-43.5279
-24.3801
-2.72462
15.3458
31.2713
43.0989
50.7072
53.7295
52.3059
47.4338
39.6229
29.8031
18.7266
8.37387
-1.05972
-9.09253
-15.9504
-22.2007
-23.9739
-23.9603
-21.2054
-16.6745
-10.394
-3.62098
3.83751
11.7304
18.3711
23.3953
26.4935
27.3994
26.4627
24.0283
20.6155
16.7711
13.0547
10.0581
7.91588
6.48417
5.99495
5.90468
6.11772
6.84808
7.3538
7.61337
7.41178
6.77812
5.7666
4.50037
3.12252
1.81827
0.604331
-0.496441
-1.44235
-2.2542
-2.95539
-3.62241
-4.36255
-5.14353
-5.78703
-6.23822
-6.48403
-6.47146
-6.2763
-6.14794
-5.98753
-5.34427
-4.64982
-3.92592
-3.25524
-2.60193
-2.01193
-1.49517
-1.03676
-0.62323
-0.252033
0.0988502
0.402781
0.663155
1.1273
1.35057
1.42999
1.47583
1.46683
1.40569
1.30896
1.15535
0.972315
0.792642
0.625144
0.47614
0.348443
0.242979
0.159251
0.0952797
0.0489098
0.0169545
-0.00436414
-0.0190065
-0.0284664
-0.0343654
-0.037777
-0.0393244
-0.0395489
-0.0388363
-0.0374669
-0.035646
-0.0335328
-0.0312501
-0.0288927
-0.0265321
-0.0242214
-0.0219987
-0.0198899
-0.0179117
-0.0160728
-0.014377
-0.0128235
-0.0114083
-0.0101256
-0.00896806
-0.00792732
-0.00699482
-0.0061618
-0.00541967
-0.00476014
-0.00417535
-0.00365791
-0.00320092
-0.00279804
-0.00244342
-0.00213174
-0.00185818
-0.00161837
-0.00140841
-0.00122477
-0.00106432
-0.000924271
-0.000802128
-0.00069569
-0.00060301
-0.000522365
-501.108
-430.566
-333.301
-238.736
-160.303
-99.4489
-49.6967
-0.646575
58.0526
133.48
227.08
336.979
457.454
576.604
679.409
749.762
788.541
796.019
772.962
731.406
678.145
621.274
565.038
513.541
466.892
424.356
384.458
345.807
307.748
270.558
235.194
202.829
174.461
150.733
131.257
114.735
98.9789
81.3347
59.5918
32.1686
-0.0560116
-36.114
-72.4733
-108.121
-140.292
-171.24
-195.229
-208.678
-213.552
-210.815
-200.552
-185.178
-166.655
-146.503
-125.684
-104.753
-83.9007
-63.3571
-43.0292
-24.2254
-3.04699
14.509
30.025
41.553
48.9941
51.9936
50.697
46.0388
38.5101
29.0439
18.3702
8.33052
-0.843858
-8.68755
-15.3351
-21.3023
-23.0615
-23.0626
-20.4058
-16.0279
-9.95913
-3.37939
3.84249
11.4485
17.8618
22.7287
25.7375
26.6484
25.773
23.4587
20.1984
16.5174
12.9457
10.0445
7.95242
6.54576
6.03155
5.91796
6.10019
6.75953
7.21314
7.43942
7.22735
6.60537
5.62323
4.39673
3.05947
1.78661
0.598724
-0.481118
-1.41401
-2.21846
-2.91599
-3.57466
-4.29458
-5.04704
-5.6749
-6.11107
-6.34565
-6.33637
-6.15713
-6.03188
-5.85307
-5.23436
-4.56517
-3.86042
-3.20588
-2.56934
-1.99168
-1.48315
-1.03068
-0.623015
-0.256401
0.0898809
0.388692
0.653967
1.08694
1.30592
1.39197
1.43892
1.43188
1.37433
1.28016
1.13222
0.956635
0.782601
0.619603
0.474038
0.348859
0.245116
0.162372
0.0988632
0.0524068
0.0201867
-0.00161297
-0.0166129
-0.0264126
-0.0326294
-0.0363023
-0.0380707
-0.038481
-0.0379242
-0.0366861
-0.0349772
-0.0329599
-0.0307598
-0.0284735
-0.026174
-0.0239159
-0.0217383
-0.0196681
-0.0177229
-0.0159123
-0.0142405
-0.0127075
-0.0113099
-0.0100421
-0.00889721
-0.00786726
-0.00694392
-0.00611867
-0.00538314
-0.00472921
-0.00414916
-0.00363573
-0.00318215
-0.00278215
-0.00242998
-0.00212037
-0.00184855
-0.00161023
-0.00140152
-0.00121894
-0.00105939
-0.0009201
-0.000798599
-0.000692704
-0.000600483
-0.000520228
-482.615
-417.196
-325.271
-234.551
-158.103
-97.6607
-47.3735
2.39321
61.2924
135.938
227.737
334.794
451.457
566.404
665.48
733.884
771.823
779.529
758.062
718.426
667.258
612.238
557.573
507.16
461.258
419.241
379.777
341.594
304.087
267.517
232.774
200.952
172.984
149.441
129.939
113.223
97.2153
79.4095
57.7245
30.6983
-0.869294
-36.0254
-71.5016
-106.262
-137.695
-167.626
-190.816
-204.016
-208.884
-206.316
-196.485
-181.655
-163.683
-144.043
-123.68
-103.157
-82.6819
-62.5103
-42.5319
-24.0709
-3.3595
13.7001
28.8175
40.0537
47.3315
50.3072
49.1302
44.6723
37.4283
28.302
18.0132
8.28053
-0.640066
-8.29182
-14.7338
-20.4371
-22.1769
-22.1911
-19.6304
-15.4012
-9.538
-3.14515
3.85352
11.1729
17.364
22.0765
24.9992
25.9101
25.1057
22.9055
19.7888
16.26
12.8286
10.0217
7.97986
6.59964
6.06413
5.92511
6.077
6.67309
7.07986
7.2725
7.05104
6.43899
5.48262
4.29258
2.99529
1.75408
0.591937
-0.466251
-1.38427
-2.17948
-2.87393
-3.52936
-4.2352
-4.95949
-5.56122
-5.98397
-6.21299
-6.21212
-6.03978
-5.90515
-5.71582
-5.12127
-4.47874
-3.79459
-3.15579
-2.53372
-1.96862
-1.46917
-1.02335
-0.621857
-0.260093
0.0812869
0.375343
0.644208
1.04966
1.26418
1.35532
1.40296
1.39751
1.34326
1.25185
1.10953
0.940915
0.772416
0.613863
0.471716
0.349061
0.247044
0.1653
0.102261
0.0557812
0.0233905
0.00117529
-0.0142504
-0.0244071
-0.0309282
-0.0348527
-0.036835
-0.0374259
-0.037021
-0.0359115
-0.0343124
-0.0323895
-0.0302707
-0.0280545
-0.0258155
-0.0236093
-0.0214764
-0.0194446
-0.0175323
-0.0157499
-0.0141022
-0.0125898
-0.0112097
-0.00995699
-0.00882487
-0.0078058
-0.00689173
-0.00607437
-0.00534554
-0.0046973
-0.00412209
-0.00361277
-0.00316268
-0.00276564
-0.00241597
-0.00210849
-0.00183849
-0.00160169
-0.00139428
-0.0012128
-0.00105419
-0.000915687
-0.000794856
-0.000689529
-0.000597789
-0.000517941
-465.01
-404.229
-317.295
-230.244
-155.748
-95.7828
-45.0792
5.27978
64.2898
138.125
228.143
332.43
445.426
556.359
651.887
718.377
755.487
763.407
743.42
705.615
656.452
603.222
550.085
500.744
455.596
414.112
375.097
337.388
300.43
264.468
230.33
199.039
171.462
148.109
128.595
111.711
95.4823
77.5427
55.9326
29.2999
-1.62669
-35.9122
-70.5281
-104.422
-135.123
-164.083
-186.514
-199.46
-204.314
-201.912
-192.492
-178.182
-160.743
-141.604
-121.69
-101.57
-81.4698
-61.6668
-42.0377
-23.919
-3.66548
12.9195
27.6507
38.6041
45.7232
48.6746
47.6109
43.3488
36.3753
27.5773
17.6586
8.22477
-0.44693
-7.9079
-14.1532
-19.6068
-21.3261
-21.351
-18.8829
-14.7965
-9.13102
-2.92371
3.85425
10.9063
16.8855
21.4493
24.2884
25.2002
24.4554
22.3647
19.3867
16.0056
12.7076
9.99131
7.99896
6.644
6.08937
5.92837
6.0509
6.58601
6.94798
7.10903
6.87884
6.27712
5.34686
4.1924
2.9329
1.7219
0.58489
-0.452764
-1.35712
-2.14335
-2.83263
-3.4803
-4.16956
-4.8694
-5.45271
-5.86051
-6.08116
-6.08466
-5.92447
-5.78783
-5.58744
-5.01452
-4.39492
-3.73007
-3.10695
-2.49985
-1.94649
-1.45553
-1.01621
-0.6207
-0.263698
0.0726958
0.362027
0.632643
1.01362
1.22372
1.31918
1.36781
1.3641
1.31294
1.22425
1.0873
0.925301
0.762136
0.607919
0.469124
0.348953
0.24866
0.167944
0.105407
0.0589505
0.0264011
0.00379505
-0.0119667
-0.0224516
-0.0292624
-0.0334288
-0.0356179
-0.0363841
-0.0361273
-0.0351434
-0.0336519
-0.0318217
-0.0297828
-0.0276357
-0.0254564
-0.0233018
-0.0212133
-0.0192196
-0.01734
-0.0155857
-0.0139622
-0.0124704
-0.011108
-0.00987029
-0.00875105
-0.00774298
-0.00683828
-0.00602891
-0.00530688
-0.00466444
-0.00409416
-0.00358904
-0.00314251
-0.00274851
-0.00240142
-0.00209613
-0.00182798
-0.00159277
-0.0013867
-0.00120637
-0.00104872
-0.000911045
-0.000790912
-0.000686179
-0.000594942
-0.000515523
-448.229
-391.655
-309.388
-225.837
-153.256
-93.8265
-42.8162
8.01916
67.0567
140.056
228.311
329.899
439.366
546.464
638.612
703.227
739.521
747.636
729.032
692.972
645.729
594.231
542.579
494.299
449.906
408.969
370.416
333.187
296.776
261.41
227.864
197.092
169.898
146.738
127.226
110.199
93.7789
75.7318
54.2125
27.9698
-2.33097
-35.7752
-69.5526
-102.6
-132.576
-160.61
-182.319
-195.008
-199.84
-197.596
-188.568
-174.758
-157.835
-139.184
-119.711
-99.9914
-80.2638
-60.8263
-41.5455
-23.7677
-3.96275
12.1658
26.5222
37.2008
44.1652
47.0916
46.135
42.0603
35.3507
26.8691
17.3058
8.16257
-0.264416
-7.5349
-13.5885
-18.8085
-20.5047
-20.5385
-18.1604
-14.2119
-8.73744
-2.71141
3.85346
10.6466
16.421
20.8404
23.5986
24.5087
23.8241
21.8376
18.9916
15.7509
12.5814
9.95329
8.00997
6.68058
6.10938
5.92668
6.02115
6.49994
6.82001
6.95125
6.71259
6.1203
5.2142
4.09348
2.87064
1.68943
0.577256
-0.439651
-1.32965
-2.10642
-2.79107
-3.43291
-4.10711
-4.78174
-5.34414
-5.73936
-5.95378
-5.96223
-5.80892
-5.66786
-5.45952
-4.90801
-4.31111
-3.66531
-3.05754
-2.46473
-1.92334
-1.44113
-1.00852
-0.619076
-0.266905
0.0644624
0.349403
0.620454
0.979645
1.18516
1.28385
1.33328
1.33123
1.28305
1.19718
1.06547
0.90974
0.751766
0.6018
0.466315
0.348614
0.250045
0.170376
0.108366
0.061967
0.02931
0.0063521
-0.00975206
-0.0205464
-0.0276326
-0.0320311
-0.0344198
-0.0353558
-0.0352431
-0.0343821
-0.0329959
-0.0312565
-0.0292964
-0.0272174
-0.0250971
-0.0229934
-0.0209488
-0.0189931
-0.0171461
-0.0154198
-0.0138204
-0.0123493
-0.0110046
-0.00978205
-0.00867579
-0.0076788
-0.00678358
-0.0059823
-0.00526718
-0.00463063
-0.00406538
-0.00356453
-0.00312166
-0.00273076
-0.00238632
-0.00208328
-0.00181705
-0.00158347
-0.00137879
-0.00119964
-0.001043
-0.000906171
-0.000786765
-0.00068265
-0.000591939
-0.000512967
-432.216
-379.466
-301.561
-221.347
-150.644
-91.8025
-40.5869
10.617
69.6043
141.743
228.254
327.214
433.284
536.713
625.639
688.421
723.909
732.204
714.889
680.493
635.089
585.267
535.057
487.827
444.193
403.814
365.734
328.991
293.122
258.344
225.376
195.111
168.295
145.33
125.835
108.688
92.104
73.9741
52.5604
26.7046
-2.98479
-35.6152
-68.5754
-100.796
-130.056
-157.205
-178.225
-190.655
-195.46
-193.368
-184.713
-171.382
-154.959
-136.784
-117.747
-98.4221
-79.0643
-59.9887
-41.0554
-23.6166
-4.25132
11.4386
25.4312
35.843
42.6569
45.5577
44.7024
40.8087
34.3535
26.1773
16.9555
8.09501
-0.0919568
-7.17334
-13.0423
-18.0415
-19.713
-19.7542
-17.4629
-13.6474
-8.35727
-2.50948
3.8475
10.3945
15.9723
20.2519
22.9319
23.8398
23.2098
21.323
18.6036
15.4977
12.451
9.90829
8.01335
6.709
6.12357
5.92084
5.98825
6.41384
6.69429
6.79744
6.5509
5.96802
5.0856
3.99732
2.80951
1.65714
0.569203
-0.427649
-1.3037
-2.07073
-2.7492
-3.38325
-4.04239
-4.69475
-5.2387
-5.62055
-5.82799
-5.84019
-5.69603
-5.55258
-5.33727
-4.80529
-4.22901
-3.60166
-3.00889
-2.43019
-1.90024
-1.42658
-1.00068
-0.617249
-0.269947
0.0562729
0.336939
0.60723
0.947012
1.14805
1.24933
1.29961
1.29918
1.25379
1.17071
1.04405
0.894273
0.741318
0.595508
0.463277
0.348016
0.251167
0.172565
0.11111
0.0648046
0.0320726
0.00879585
-0.00760775
-0.0186919
-0.0260394
-0.0306601
-0.033241
-0.0343415
-0.034369
-0.0336276
-0.0323445
-0.0306944
-0.0288115
-0.0267996
-0.0247375
-0.0226842
-0.0206832
-0.0187651
-0.0169506
-0.0152523
-0.0136769
-0.0122265
-0.0108996
-0.00969229
-0.00859909
-0.0076133
-0.00672766
-0.00593457
-0.00522646
-0.00459589
-0.00403575
-0.00353927
-0.00310012
-0.0027124
-0.00237067
-0.00206995
-0.00180569
-0.00157379
-0.00137054
-0.00119261
-0.00103701
-0.000901068
-0.000782418
-0.000678945
-0.000588782
-0.000510276
-416.92
-367.651
-293.824
-216.792
-147.928
-89.7208
-38.3935
13.0787
71.9431
143.198
227.986
324.386
427.184
527.103
612.953
673.945
708.64
717.097
700.987
668.176
624.534
576.333
527.524
481.331
438.458
398.647
361.051
324.798
289.47
255.268
222.867
193.098
166.653
143.889
124.423
107.178
90.4566
72.2671
50.9729
25.5011
-3.59068
-35.4332
-67.5966
-99.0099
-127.564
-153.867
-174.229
-186.399
-191.171
-189.223
-180.926
-168.054
-152.115
-134.405
-115.795
-96.8619
-77.871
-59.1542
-40.5668
-23.4648
-4.53049
10.7372
24.3764
34.5291
41.1963
44.0708
43.3113
39.5918
33.3828
25.5013
16.6078
8.02245
0.0707889
-6.82306
-12.5127
-17.3041
-18.9494
-18.9965
-16.7892
-13.1021
-7.99003
-2.31661
3.8386
10.149
15.5374
19.6817
22.2857
23.19
22.6127
20.8207
18.2224
15.2453
12.3165
9.85668
8.0094
6.73007
6.13245
5.91064
5.95235
6.32829
6.57156
6.64821
6.39417
5.82018
4.96019
3.90297
2.74899
1.62483
0.560793
-0.416085
-1.27799
-2.03515
-2.70758
-3.33427
-3.9786
-4.60872
-5.13448
-5.50427
-5.70555
-5.72093
-5.58326
-5.43745
-5.21695
-4.70397
-4.1475
-3.53814
-2.9601
-2.39522
-1.87666
-1.41158
-0.992479
-0.615063
-0.272653
0.0483898
0.324985
0.593545
0.915883
1.11241
1.21555
1.26657
1.26774
1.22502
1.14478
1.02298
0.878898
0.730805
0.58906
0.460031
0.347187
0.252054
0.174534
0.113659
0.0674859
0.0347088
0.0111469
-0.00553375
-0.0168885
-0.0244831
-0.0293161
-0.032082
-0.0333415
-0.033505
-0.0328804
-0.0316981
-0.0301352
-0.0283283
-0.0263825
-0.0243778
-0.0223743
-0.0204165
-0.0185358
-0.0167536
-0.0150832
-0.0135319
-0.0121021
-0.010793
-0.00960104
-0.008521
-0.00754649
-0.00667052
-0.00588573
-0.00518472
-0.00456023
-0.00400529
-0.00351326
-0.00307791
-0.00269344
-0.00235449
-0.00205614
-0.0017939
-0.00156373
-0.00136196
-0.00118529
-0.00103076
-0.000895739
-0.000777871
-0.000675066
-0.000585472
-0.000507452
-402.294
-356.201
-286.186
-212.187
-145.122
-87.5906
-36.238
15.4091
74.0833
144.433
227.519
321.425
421.071
517.629
600.541
659.787
693.701
702.302
687.317
656.017
614.064
567.43
519.985
474.815
432.703
393.469
356.367
320.609
285.817
252.184
220.338
191.056
164.977
142.415
122.991
105.67
88.8358
70.6086
49.4467
24.3561
-4.15106
-35.2301
-66.6165
-97.2415
-125.1
-150.592
-170.326
-182.236
-186.97
-185.16
-177.203
-164.772
-149.302
-132.046
-113.857
-95.3109
-76.684
-58.3227
-40.0795
-23.3119
-4.79991
10.0608
23.357
33.258
39.7819
42.6296
41.9607
38.409
32.4379
24.8407
16.2633
7.94543
0.224218
-6.48412
-12.0002
-16.5952
-18.213
-18.2651
-16.1389
-12.5757
-7.63553
-2.13286
3.8262
9.91037
15.1164
19.1296
21.66
22.5599
22.0317
20.3303
17.8479
14.9941
12.1785
9.79886
7.99882
6.74388
6.13616
5.89656
5.91359
6.2429
6.45115
6.50285
6.24185
5.67658
4.83832
3.81091
2.6894
1.59267
0.552001
-0.405363
-1.25325
-2.00019
-2.66562
-3.28414
-3.91418
-4.52387
-5.03236
-5.39006
-5.58515
-5.60326
-5.47272
-5.32531
-5.10064
-4.60536
-4.06736
-3.47545
-2.91177
-2.36042
-1.85292
-1.39634
-0.984062
-0.612643
-0.27517
0.0406159
0.313279
0.579323
0.885977
1.07811
1.18259
1.23432
1.23701
1.19682
1.11938
1.00229
0.863631
0.720236
0.582465
0.456584
0.346129
0.252706
0.176285
0.116014
0.0701048
0.0371171
0.0133993
-0.00353019
-0.0151365
-0.0229642
-0.0279997
-0.0309431
-0.0323561
-0.0326515
-0.0321406
-0.0310566
-0.0295793
-0.0278469
-0.0259661
-0.024018
-0.0220638
-0.0201488
-0.0183052
-0.0165551
-0.0149125
-0.0133852
-0.0119762
-0.0106849
-0.00950834
-0.00844153
-0.0074784
-0.0066122
-0.00583579
-0.00514198
-0.00452366
-0.00397401
-0.00348651
-0.00305504
-0.00267389
-0.00233777
-0.00204185
-0.0017817
-0.0015533
-0.00135305
-0.00117768
-0.00102426
-0.000890184
-0.000773126
-0.000671013
-0.00058201
-0.000504495
-388.294
-345.103
-278.656
-207.546
-142.24
-85.4206
-34.1224
17.6132
76.0342
145.459
226.864
318.341
414.949
508.286
588.389
645.934
679.079
687.807
673.875
644.014
603.679
558.561
512.441
468.282
426.931
388.282
351.682
316.422
282.164
249.09
217.789
188.984
163.266
140.911
121.542
104.164
87.2406
68.9962
47.9787
23.2669
-4.66822
-35.0066
-65.6352
-95.4909
-122.666
-147.38
-166.512
-178.163
-182.856
-181.177
-173.544
-161.537
-146.522
-129.709
-111.933
-93.7694
-75.5033
-57.4941
-39.5932
-23.1573
-5.0592
9.40893
22.3717
32.0281
38.4123
41.2327
40.6495
37.2593
31.518
24.1953
15.9219
7.86433
0.368687
-6.15644
-11.5042
-15.9135
-17.5028
-17.5588
-15.511
-12.0674
-7.29339
-1.95761
3.81098
9.67801
14.7084
18.5947
21.0536
21.9482
21.4664
19.8515
17.4798
14.7441
12.037
9.73519
7.98132
6.75093
6.13469
5.87854
5.87217
6.15787
6.33323
6.36144
6.09392
5.53702
4.71956
3.72077
2.63059
1.56064
0.542953
-0.395108
-1.22896
-1.96561
-2.62391
-3.23417
-3.85
-4.43984
-4.93184
-5.27818
-5.46742
-5.48762
-5.36289
-5.2143
-4.98673
-4.50849
-3.98807
-3.41315
-2.86356
-2.32548
-1.82888
-1.38076
-0.975345
-0.609903
-0.277392
0.0331091
0.301943
0.564851
0.857265
1.04506
1.15038
1.20273
1.20691
1.16914
1.09449
0.981929
0.848491
0.709622
0.575733
0.452947
0.344854
0.253135
0.177825
0.11818
0.0725526
0.0394153
0.0155557
-0.00159702
-0.0134362
-0.0214832
-0.0267111
-0.0298247
-0.0313856
-0.0318088
-0.0314083
-0.0304204
-0.0290268
-0.0273675
-0.0255506
-0.0236583
-0.0217528
-0.0198802
-0.0180734
-0.0163552
-0.0147403
-0.013237
-0.0118487
-0.0105753
-0.00941421
-0.00836071
-0.00740904
-0.0065527
-0.00578478
-0.00509825
-0.00448619
-0.00394191
-0.00345902
-0.0030315
-0.00265374
-0.00232053
-0.0020271
-0.00176907
-0.00154251
-0.00134381
-0.00116978
-0.0010175
-0.000884406
-0.000768184
-0.000666787
-0.000578397
-0.000501405
-374.882
-334.349
-271.238
-202.882
-139.294
-83.219
-32.0484
19.6952
77.8049
146.287
226.031
315.143
408.822
499.072
576.485
632.374
664.763
673.601
660.653
632.164
593.381
549.729
504.897
461.735
421.143
383.085
346.995
312.237
278.509
245.988
215.221
186.884
161.524
139.379
120.077
102.661
85.6701
67.428
46.5661
22.2305
-5.14435
-34.7638
-64.653
-93.7578
-120.261
-144.229
-162.784
-174.178
-178.824
-177.27
-169.948
-158.348
-143.773
-127.392
-110.022
-92.2374
-74.3289
-56.6685
-39.1077
-23.0004
-5.30808
8.78094
21.4196
30.8383
37.0861
39.8786
39.3765
36.1417
30.6224
23.5645
15.584
7.77954
0.504543
-5.83994
-11.0246
-15.2581
-16.8179
-16.8771
-14.9049
-11.5769
-6.96334
-1.79063
3.793
9.45181
14.3129
18.0764
20.466
21.3545
20.9163
19.3837
17.118
14.4954
11.8924
9.66603
7.95764
6.75145
6.12834
5.85687
5.82821
6.07304
6.21749
6.22363
5.95008
5.40137
4.60397
3.63268
2.57267
1.52878
0.53361
-0.385495
-1.20536
-1.93145
-2.58203
-3.18368
-3.78575
-4.35691
-4.83305
-5.16829
-5.35184
-5.37387
-5.25492
-5.10558
-4.87596
-4.41381
-3.90999
-3.35153
-2.81567
-2.29063
-1.80467
-1.36494
-0.966402
-0.606925
-0.279412
0.0257866
0.29083
0.550162
0.829639
1.0132
1.11897
1.17187
1.17745
1.14199
1.0701
0.961903
0.833652
0.698969
0.568875
0.449128
0.34337
0.253348
0.17916
0.120162
0.0748354
0.0416025
0.0176166
0.000265924
-0.0117878
-0.0200401
-0.0254508
-0.0287271
-0.0304302
-0.030977
-0.0306839
-0.0297895
-0.0284778
-0.0268902
-0.0251361
-0.0232988
-0.0214413
-0.0196107
-0.0178404
-0.016154
-0.0145667
-0.0130873
-0.0117197
-0.0104643
-0.00931867
-0.00827856
-0.00733843
-0.00649205
-0.0057327
-0.00505354
-0.00444783
-0.00390901
-0.00343081
-0.00300732
-0.00263301
-0.00230277
-0.00201188
-0.00175604
-0.00153134
-0.00133425
-0.00116159
-0.00101049
-0.000878406
-0.000763048
-0.000662391
-0.000574634
-0.000498185
-362.021
-323.925
-263.938
-198.207
-136.296
-80.9934
-30.0175
21.6596
79.4037
146.927
225.031
311.839
402.693
489.981
564.819
619.097
650.743
659.672
647.646
620.464
583.168
540.934
497.356
455.176
415.341
377.88
342.306
308.053
274.854
242.877
212.635
184.759
159.752
137.82
118.596
101.161
84.1235
65.9017
45.2061
21.2444
-5.58153
-34.5024
-63.6703
-92.0422
-117.885
-141.137
-159.138
-170.277
-174.874
-173.439
-166.412
-155.204
-141.055
-125.097
-108.126
-90.715
-73.1608
-55.8458
-38.6226
-22.8408
-5.5463
8.17624
20.4998
29.6873
35.8019
38.5661
38.1406
35.0553
29.7503
22.9481
15.2497
7.69139
0.632121
-5.53451
-10.5608
-14.6277
-16.1575
-16.2191
-14.3199
-11.1035
-6.64505
-1.63151
3.77257
9.23145
13.9294
17.5739
19.8964
20.7778
20.3808
18.9267
16.7624
14.2481
11.7451
9.59171
7.92798
6.74581
6.11732
5.83163
5.78188
5.98849
6.10393
6.08933
5.8102
5.26942
4.49132
3.54649
2.51559
1.49713
0.524076
-0.376371
-1.18222
-1.89771
-2.54034
-3.13316
-3.72163
-4.27486
-4.73585
-5.0605
-5.23856
-5.26191
-5.14803
-4.99838
-4.76762
-4.32089
-3.83287
-3.29043
-2.76799
-2.25576
-1.78023
-1.34884
-0.957189
-0.603657
-0.281165
0.0187407
0.279984
0.53539
0.803027
0.982433
1.0883
1.14167
1.1486
1.11536
1.04619
0.942192
0.818565
0.688285
0.5619
0.445139
0.341687
0.253351
0.180296
0.121966
0.0769589
0.0436795
0.0195824
0.00205887
-0.0101912
-0.0186354
-0.024219
-0.0276505
-0.0294902
-0.0301564
-0.0299674
-0.0291642
-0.0279324
-0.0264151
-0.0247226
-0.0229395
-0.0211295
-0.0193403
-0.0176063
-0.0159515
-0.0143917
-0.0129361
-0.0115893
-0.0103518
-0.00922176
-0.0081951
-0.0072666
-0.00643026
-0.00567957
-0.00500788
-0.0044086
-0.00387532
-0.00340188
-0.00298249
-0.00261171
-0.00228449
-0.0019962
-0.00174259
-0.00151981
-0.00132437
-0.00115312
-0.00100323
-0.000872186
-0.000757719
-0.000657825
-0.000570723
-0.000494834
-349.679
-313.822
-256.76
-193.531
-133.256
-78.7506
-28.0313
23.5103
80.8387
147.388
223.874
308.438
396.565
481.011
553.38
606.09
637.006
646.012
634.848
608.911
573.042
532.179
489.819
448.607
409.527
372.667
337.615
303.87
271.196
239.756
210.032
182.608
157.951
136.236
117.102
99.6635
82.5998
64.4156
43.896
20.3061
-5.98174
-34.2233
-62.6872
-90.3439
-115.54
-138.103
-155.571
-166.457
-171.002
-169.679
-162.936
-152.104
-138.369
-122.823
-106.245
-89.2022
-71.999
-55.0259
-38.1379
-22.6781
-5.77366
7.59427
19.6113
28.574
34.5584
37.2937
36.9407
33.9992
28.9012
22.3458
14.9192
7.60022
0.751738
-5.23996
-10.1128
-14.0215
-15.5206
-15.5841
-13.7553
-10.6468
-6.33823
-1.47998
3.74986
9.01675
13.5574
17.0868
19.3439
20.2178
19.8593
18.4801
16.4127
14.0022
11.5951
9.51255
7.89267
6.73426
6.10179
5.803
5.73329
5.90413
5.99237
5.9583
5.67407
5.14106
4.38158
3.4622
2.45938
1.46572
0.514331
-0.36778
-1.15958
-1.86433
-2.49861
-3.08243
-3.65765
-4.19381
-4.64023
-4.95462
-5.12738
-5.15187
-5.04275
-4.89313
-4.66194
-4.22986
-3.75687
-3.22995
-2.72062
-2.221
-1.75562
-1.33253
-0.947757
-0.600151
-0.282707
0.0119242
0.269352
0.520589
0.77737
0.95272
1.05839
1.11216
1.12037
1.08923
1.02274
0.922787
0.803602
0.677576
0.554817
0.440987
0.339812
0.253154
0.18124
0.123595
0.0789281
0.0456478
0.0214529
0.00378212
-0.00864666
-0.0172692
-0.0230159
-0.0265952
-0.0285659
-0.0293472
-0.0292591
-0.0285446
-0.0273908
-0.0259423
-0.0243104
-0.0225806
-0.0208174
-0.0190693
-0.0173711
-0.0157477
-0.0142153
-0.0127835
-0.0114574
-0.010238
-0.00912351
-0.00811037
-0.00719357
-0.00636735
-0.0056254
-0.00496127
-0.00436851
-0.00384084
-0.00337224
-0.00295702
-0.00258983
-0.0022657
-0.00198007
-0.00172875
-0.00150793
-0.00131417
-0.00114437
-0.000995728
-0.000865748
-0.000752198
-0.000653091
-0.000566664
-0.000491355
-337.825
-304.029
-249.709
-188.863
-130.185
-76.4973
-26.0912
25.2512
82.1174
147.679
222.569
304.946
390.441
472.157
542.158
593.345
623.542
632.609
622.252
597.502
563.001
523.464
482.29
442.031
403.703
367.448
332.923
299.688
267.536
236.627
207.411
180.433
156.123
134.629
115.595
98.1697
81.0983
62.9677
42.6333
19.4131
-6.34688
-33.9275
-61.7041
-88.6627
-113.225
-135.124
-152.081
-162.717
-167.207
-165.991
-159.518
-149.048
-135.714
-120.57
-104.377
-87.6991
-70.8434
-54.2087
-37.6534
-22.5119
-5.99001
7.0345
18.7532
27.4972
33.3543
36.0604
35.7757
32.9726
28.0743
21.7571
14.5926
7.50632
0.863707
-4.95612
-9.68003
-13.4385
-14.9065
-14.9714
-13.2104
-10.2063
-6.04257
-1.3357
3.72506
8.80744
13.1964
16.6143
18.808
19.6736
19.3515
18.0436
16.0689
13.7578
11.4428
9.42883
7.85199
6.71711
6.08192
5.7711
5.68257
5.81999
5.88272
5.83042
5.54153
5.0161
4.27459
3.37975
2.40405
1.43456
0.504444
-0.359595
-1.13742
-1.83134
-2.45704
-3.03167
-3.59386
-4.11366
-4.54612
-4.85066
-5.01826
-5.04348
-4.93877
-4.7895
-4.55856
-4.14051
-3.68188
-3.17004
-2.67351
-2.18635
-1.73084
-1.31598
-0.938081
-0.59638
-0.284005
0.00537375
0.258952
0.505826
0.752604
0.923985
1.02922
1.0833
1.09273
1.0636
0.999733
0.903682
0.788779
0.666854
0.547634
0.436681
0.337754
0.252763
0.181997
0.125054
0.0807475
0.0475109
0.0232268
0.00543605
-0.00715404
-0.0159418
-0.0218417
-0.0255614
-0.0276574
-0.0285495
-0.0285591
-0.0279308
-0.0268531
-0.0254718
-0.0238994
-0.022222
-0.0205051
-0.0187976
-0.017135
-0.0155428
-0.0140375
-0.0126296
-0.0113242
-0.0101227
-0.00902393
-0.00802438
-0.00711936
-0.00630334
-0.00557023
-0.00491372
-0.00432756
-0.00380559
-0.00334191
-0.00293093
-0.00256739
-0.00224641
-0.00196349
-0.0017145
-0.00149569
-0.00130366
-0.00113534
-0.000987977
-0.000859095
-0.000746487
-0.00064819
-0.000562459
-0.000487748
-326.432
-294.536
-242.786
-184.213
-127.091
-74.2394
-24.1983
26.8858
83.2469
147.81
221.124
301.371
384.324
463.416
531.143
580.851
610.342
619.454
609.853
586.234
553.046
514.791
474.771
435.451
397.871
362.223
328.229
295.505
263.873
233.489
204.773
178.235
154.269
133
114.075
96.6794
79.6181
61.5563
41.4158
18.5633
-6.67874
-33.6157
-60.7214
-86.9987
-110.939
-132.199
-148.663
-159.053
-163.485
-162.37
-156.156
-146.034
-133.09
-118.339
-102.525
-86.2058
-69.694
-53.3943
-37.1687
-22.342
-6.19523
6.4964
17.9248
26.4557
32.1883
34.8648
34.6447
31.9745
27.269
21.1818
14.2701
7.40994
0.968323
-4.68288
-9.26221
-12.8777
-14.3143
-14.3803
-12.6847
-9.78138
-5.75776
-1.1984
3.69832
8.60334
12.8459
16.1559
18.288
19.1448
18.8568
17.6169
15.7308
13.515
11.2885
9.34086
7.80621
6.69463
6.05788
5.73607
5.62985
5.736
5.7749
5.70552
5.41242
4.89443
4.17028
3.29908
2.34958
1.40367
0.494421
-0.35182
-1.11571
-1.79868
-2.41554
-2.98086
-3.53031
-4.03446
-4.45348
-4.74852
-4.91114
-4.93703
-4.83628
-4.68766
-4.45752
-4.05287
-3.60794
-3.11074
-2.62669
-2.15185
-1.70592
-1.29923
-0.928194
-0.592378
-0.285088
-0.000929657
0.248771
0.491147
0.728685
0.896186
1.00077
1.05508
1.06566
1.03847
0.977166
0.884867
0.774094
0.656123
0.540361
0.432229
0.33552
0.252185
0.182574
0.126348
0.0824215
0.0492814
0.0248936
0.00702113
-0.0057133
-0.0146531
-0.0206967
-0.0245493
-0.026765
-0.0277636
-0.0278676
-0.0273229
-0.0263195
-0.025004
-0.0234898
-0.021864
-0.0201926
-0.0185252
-0.016898
-0.0153367
-0.0138586
-0.0124743
-0.0111896
-0.0100062
-0.00892306
-0.00793715
-0.00704399
-0.00623825
-0.00551404
-0.00486526
-0.00428577
-0.00376957
-0.00331088
-0.00290421
-0.00254439
-0.00222662
-0.00194646
-0.00169985
-0.0014831
-0.00129284
-0.00112604
-0.000979983
-0.000852227
-0.000740588
-0.000643124
-0.000558109
-0.000484013
-315.474
-285.331
-235.993
-179.588
-123.984
-71.9825
-22.3537
28.4176
84.2342
147.788
219.548
297.719
378.216
454.785
520.327
568.597
597.397
606.539
597.646
575.104
543.176
506.161
467.264
428.868
392.031
356.993
323.534
291.322
260.208
230.342
202.12
176.016
152.392
131.35
112.545
95.193
78.1586
60.1799
40.241
17.7544
-6.97905
-33.2887
-59.7391
-85.3515
-108.684
-129.327
-145.317
-155.464
-159.836
-158.816
-152.849
-143.063
-130.496
-116.129
-100.686
-84.7223
-68.5508
-52.5825
-36.6838
-22.1681
-6.38925
5.97945
17.1251
25.4486
31.0594
33.7058
33.5467
31.0043
26.4848
20.6196
13.9517
7.31135
1.06587
-4.42003
-8.85895
-12.3383
-13.7434
-13.81
-12.1775
-9.37168
-5.4835
-1.06781
3.66981
8.40421
12.5055
15.711
17.7833
18.6307
18.3747
17.1996
15.3983
13.2737
11.1321
9.24888
7.75561
6.66706
6.02985
5.69804
5.57523
5.65219
5.6688
5.58346
5.28658
4.77589
4.06853
3.22016
2.29599
1.37309
0.484306
-0.344403
-1.09442
-1.76638
-2.37418
-2.93008
-3.46701
-3.95616
-4.36227
-4.64814
-4.8059
-4.83201
-4.73517
-4.58744
-4.35861
-3.96681
-3.53501
-3.05201
-2.58014
-2.11621
-1.68085
-1.28229
-0.918087
-0.588132
-0.285943
-0.00697389
0.238814
0.476594
0.70556
0.869269
0.973027
1.02751
1.03916
1.01381
0.955022
0.866338
0.759544
0.645393
0.533004
0.427639
0.333119
0.251428
0.182975
0.127481
0.0839537
0.0509361
0.0264792
0.00853797
-0.0043243
-0.0134034
-0.0195811
-0.0235591
-0.0258888
-0.0269896
-0.0271848
-0.0267212
-0.0257899
-0.0245387
-0.0230817
-0.0215066
-0.0198801
-0.0182524
-0.0166601
-0.0151295
-0.0136784
-0.0123177
-0.0110537
-0.00988831
-0.00882092
-0.00784872
-0.00696748
-0.00617209
-0.00545688
-0.00481589
-0.00424316
-0.00373281
-0.00327918
-0.00287688
-0.00252084
-0.00220633
-0.00192899
-0.00168482
-0.00147016
-0.0012817
-0.00111646
-0.000971749
-0.000845148
-0.000734503
-0.000637895
-0.000553616
-0.000480154
-304.927
-276.406
-229.332
-174.995
-120.87
-69.7318
-20.5584
29.8499
85.0857
147.621
217.848
293.995
372.118
446.26
509.703
556.576
584.695
593.855
585.625
564.11
533.39
497.575
459.771
422.283
386.185
351.758
318.837
287.139
256.539
227.186
199.451
173.776
150.491
129.681
111.005
93.7107
76.7188
58.8366
39.107
16.9844
-7.24945
-32.9475
-58.7578
-83.7211
-106.458
-126.506
-142.038
-151.946
-156.257
-155.327
-149.596
-140.134
-127.932
-113.94
-98.8628
-83.2486
-67.4138
-51.7733
-36.1984
-21.99
-6.57201
5.48315
16.3533
24.4749
29.9663
32.5822
32.4807
30.061
25.7209
20.0701
13.6375
7.21077
1.15662
-4.16738
-8.46992
-11.8195
-13.193
-13.26
-11.6882
-8.9767
-5.2195
-0.943669
3.63964
8.20986
12.1748
15.2791
17.2932
18.1308
17.9048
16.7914
15.0711
13.0341
10.9741
9.15316
7.70041
6.63467
5.99797
5.65715
5.51879
5.56854
5.56432
5.4641
5.16387
4.66036
3.96925
3.14293
2.24327
1.34282
0.474111
-0.33732
-1.07352
-1.73439
-2.33295
-2.87935
-3.40401
-3.87876
-4.27244
-4.54949
-4.70255
-4.72912
-4.63547
-4.48891
-4.2618
-3.88231
-3.4631
-2.99387
-2.5339
-2.0806
-1.65568
-1.26517
-0.907778
-0.583663
-0.286584
-0.0127662
0.229081
0.462199
0.683193
0.843193
0.945978
1.00055
1.01321
0.989626
0.933287
0.848084
0.745132
0.634667
0.525572
0.422919
0.330556
0.250497
0.183207
0.128458
0.0853479
0.0524778
0.0279834
0.00998699
-0.00298683
-0.0121926
-0.0184948
-0.022591
-0.025029
-0.0262277
-0.0265106
-0.0261256
-0.0252646
-0.0240762
-0.0226751
-0.0211498
-0.0195676
-0.0179791
-0.0164213
-0.0149213
-0.013497
-0.0121599
-0.0109165
-0.00976916
-0.00871755
-0.0077591
-0.00688984
-0.00610489
-0.00539874
-0.00476563
-0.00419973
-0.0036953
-0.0032468
-0.00284894
-0.00249674
-0.00218556
-0.00191109
-0.00166939
-0.00145687
-0.00127027
-0.00110662
-0.000963277
-0.000837859
-0.000728234
-0.000632503
-0.000548981
-0.000476169
-294.769
-267.75
-222.804
-170.441
-117.756
-67.4919
-18.8134
31.1859
85.8073
147.317
216.031
290.207
366.033
437.838
499.26
544.778
572.23
581.394
573.785
553.248
523.689
489.034
452.294
415.7
380.335
346.519
314.139
282.955
252.868
224.022
196.768
171.515
148.57
127.994
109.456
92.2325
75.2981
57.5252
38.0118
16.2513
-7.4915
-32.5927
-57.7776
-82.1074
-104.262
-123.735
-138.825
-148.497
-152.745
-151.9
-146.395
-137.245
-125.399
-111.772
-97.0537
-81.7847
-66.2828
-50.9666
-35.7124
-21.8075
-6.74349
5.00702
15.6086
23.5333
28.9079
31.4929
31.4457
29.1439
24.9768
19.5331
13.3275
7.10841
1.24084
-3.92469
-8.09475
-11.3206
-12.6623
-12.7295
-11.2163
-8.59599
-4.96547
-0.825733
3.60793
8.0201
11.8534
14.8597
16.8172
17.6445
17.4467
16.3921
14.7493
12.7961
10.8145
9.05393
7.64087
6.59768
5.96242
5.6135
5.46073
5.48496
5.46138
5.34731
5.04415
4.54772
3.87236
3.06735
2.19141
1.31287
0.463871
-0.330537
-1.05301
-1.70273
-2.29189
-2.82872
-3.34133
-3.80224
-4.18396
-4.45246
-4.60093
-4.62712
-4.53719
-4.39194
-4.16696
-3.79928
-3.39217
-2.93632
-2.48799
-2.04535
-1.63042
-1.24788
-0.89727
-0.578969
-0.287009
-0.0183041
0.219575
0.447991
0.661543
0.817915
0.919604
0.974194
0.987798
0.965905
0.91195
0.830099
0.730857
0.623956
0.518072
0.418075
0.32784
0.2494
0.183274
0.129283
0.0866077
0.0539098
0.0294064
0.0113684
-0.00170065
-0.0110207
-0.0174381
-0.021645
-0.0241857
-0.025478
-0.0258454
-0.0255364
-0.0247437
-0.0236164
-0.0222702
-0.0207938
-0.0192551
-0.0177053
-0.0161819
-0.0147121
-0.0133144
-0.0120008
-0.010778
-0.00964878
-0.00861296
-0.00766832
-0.00681111
-0.00603665
-0.00533965
-0.00471448
-0.00415549
-0.00365706
-0.00321376
-0.00282041
-0.00247211
-0.00216431
-0.00189276
-0.00165359
-0.00144325
-0.00125853
-0.00109651
-0.00095457
-0.000830363
-0.000721782
-0.000626952
-0.000544205
-0.000472062
-284.979
-259.354
-216.41
-165.93
-114.65
-65.2672
-17.1192
32.4285
86.405
146.882
214.105
286.357
359.963
429.516
488.994
533.195
559.991
569.147
562.12
542.516
514.071
480.539
444.834
409.119
374.482
341.278
309.439
278.771
249.193
220.85
194.07
169.236
146.627
126.29
107.898
90.7586
73.8958
56.244
36.9533
15.5534
-7.70669
-32.2252
-56.7989
-80.5101
-102.095
-121.012
-135.675
-145.115
-149.299
-148.534
-143.246
-134.396
-122.895
-109.625
-95.2593
-80.3306
-65.158
-50.1624
-35.2256
-21.6204
-6.90371
4.55058
14.8904
22.6232
27.8832
30.4369
30.4409
28.2523
24.2521
19.0082
13.0218
7.00445
1.31877
-3.69176
-7.73309
-10.8407
-12.1508
-12.218
-10.7612
-8.22911
-4.72112
-0.713766
3.57479
7.83475
11.541
14.4523
16.3548
17.1714
17
16.0013
14.4326
12.5597
10.6536
8.95141
7.57721
6.55633
5.92335
5.56722
5.40091
5.40163
5.3599
5.23298
4.92728
4.43784
3.77776
2.99337
2.14041
1.28326
0.453606
-0.324035
-1.03284
-1.67137
-2.25099
-2.7782
-3.27901
-3.7266
-4.09678
-4.35708
-4.50112
-4.52798
-4.44026
-4.29658
-4.07402
-3.71769
-3.32221
-2.87935
-2.4424
-2.01041
-1.6051
-1.23044
-0.886574
-0.574061
-0.287223
-0.0235911
0.210295
0.433993
0.640576
0.7934
0.893889
0.948434
0.962914
0.942638
0.891
0.812377
0.716716
0.613271
0.510511
0.413114
0.324977
0.248142
0.183182
0.12996
0.0877368
0.0552342
0.0307492
0.0126823
-0.00046546
-0.00988781
-0.0164109
-0.0207213
-0.0233591
-0.0247406
-0.0251892
-0.0249536
-0.0242272
-0.0231596
-0.0218669
-0.0204386
-0.0189428
-0.0174312
-0.0159417
-0.0145019
-0.0131308
-0.0118406
-0.0106384
-0.00952717
-0.00850719
-0.00757641
-0.0067313
-0.00596741
-0.00527962
-0.00466248
-0.00411046
-0.0036181
-0.00318007
-0.00279129
-0.00244695
-0.00214258
-0.001874
-0.0016374
-0.00142929
-0.00124649
-0.00108613
-0.00094563
-0.000822661
-0.000715149
-0.000621241
-0.000539289
-0.000467832
-275.539
-251.209
-210.148
-161.469
-111.556
-63.0617
-15.4766
33.5806
86.8841
146.323
212.076
282.453
353.908
421.291
478.896
521.819
547.972
557.108
550.625
531.911
504.536
472.089
437.393
402.542
368.627
336.034
304.739
274.585
245.514
217.669
191.359
166.939
144.666
124.57
106.333
89.2891
72.5113
54.9917
35.9298
14.8887
-7.89643
-31.8457
-55.8219
-78.9291
-99.9565
-118.337
-132.586
-141.799
-145.917
-145.227
-140.146
-131.587
-120.421
-107.5
-93.4795
-78.8864
-64.0391
-49.3607
-34.738
-21.4286
-7.05268
4.11336
14.1978
21.7434
26.8911
29.4131
29.4653
27.3854
23.546
18.4952
12.7204
6.89909
1.39068
-3.46834
-7.38459
-10.3791
-11.6577
-11.7248
-10.3224
-7.87563
-4.48616
-0.607546
3.54032
7.65362
11.237
14.0564
15.9054
16.711
16.5642
15.6188
14.1209
12.3251
10.4914
8.84583
7.50965
6.51083
5.88089
5.51842
5.33954
5.31846
5.25982
5.12097
4.81313
4.33061
3.68537
2.92094
2.09026
1.25401
0.443328
-0.31778
-1.013
-1.64031
-2.21027
-2.72783
-3.21705
-3.65182
-4.01086
-4.2632
-4.40286
-4.42827
-4.34475
-4.2027
-3.98289
-3.63748
-3.25322
-2.82296
-2.39714
-1.9757
-1.57972
-1.21286
-0.875695
-0.568944
-0.287228
-0.0286282
0.201246
0.420223
0.62026
0.769612
0.868816
0.923252
0.938545
0.919813
0.870426
0.794914
0.702709
0.603489
0.502896
0.408043
0.321973
0.24673
0.182936
0.130494
0.0887384
0.0564534
0.0320136
0.0139282
0.000719089
-0.00879374
-0.0154134
-0.01982
-0.0225492
-0.0240157
-0.024542
-0.0243773
-0.0237152
-0.0227057
-0.0214655
-0.0200843
-0.0186307
-0.0171568
-0.0157009
-0.0142909
-0.0129462
-0.0116792
-0.0104975
-0.00940438
-0.00840026
-0.00748337
-0.00665043
-0.00589717
-0.00521866
-0.00460962
-0.00406465
-0.00357843
-0.00314573
-0.00276158
-0.00242127
-0.00212038
-0.00185483
-0.00162085
-0.001415
-0.00123416
-0.0010755
-0.000936459
-0.000814757
-0.000708338
-0.000615373
-0.000534236
-0.000463481
-266.432
-243.307
-204.02
-157.06
-108.481
-60.879
-13.886
34.6449
87.25
145.647
209.95
278.497
347.871
413.161
468.961
510.642
536.164
545.269
539.297
521.43
495.082
463.687
429.972
395.97
362.771
330.788
300.037
270.398
241.832
214.481
188.634
164.625
142.686
122.835
104.76
87.8239
71.1437
53.7671
34.9396
14.2557
-8.0621
-31.4549
-54.8468
-77.3643
-97.8468
-115.707
-129.556
-138.545
-142.597
-141.978
-137.095
-128.816
-117.975
-105.395
-91.7142
-77.4519
-62.9263
-48.5613
-34.2494
-21.2319
-7.19047
3.69491
13.5302
20.893
25.9306
28.4205
28.5183
26.5424
22.8582
17.9938
12.4234
6.79249
1.45678
-3.25422
-7.0489
-9.93522
-11.1826
-11.2493
-9.89928
-7.53512
-4.26033
-0.506862
3.5046
7.47654
10.9412
13.6715
15.4685
16.2627
16.1391
15.2443
13.8141
12.0922
10.3281
8.73738
7.4384
6.46138
5.8352
5.46721
5.27668
5.23542
5.16105
5.01118
4.70158
4.22593
3.5951
2.85002
2.04096
1.22512
0.433033
-0.311726
-0.993469
-1.60954
-2.16975
-2.67764
-3.15548
-3.57788
-3.92619
-4.1709
-4.30637
-4.3337
-4.25055
-4.11039
-3.89351
-3.5586
-3.18516
-2.76714
-2.35222
-1.9412
-1.55431
-1.19514
-0.864643
-0.563625
-0.287028
-0.0334182
0.192428
0.406697
0.600566
0.746521
0.844367
0.898636
0.914678
0.897422
0.850218
0.7777
0.688826
0.592737
0.495223
0.402868
0.318834
0.24517
0.182541
0.130888
0.089616
0.0575699
0.0332019
0.015105
0.0018534
-0.00773842
-0.0144455
-0.0189412
-0.0217562
-0.0233033
-0.0239041
-0.0238077
-0.0232078
-0.0222549
-0.0210659
-0.0197309
-0.0183189
-0.0168822
-0.0154594
-0.014079
-0.0127605
-0.0115167
-0.0103555
-0.00928044
-0.00829219
-0.00738924
-0.00656852
-0.00582596
-0.0051568
-0.00455592
-0.00401808
-0.00353805
-0.00311075
-0.0027313
-0.00239507
-0.00209772
-0.00183524
-0.00160392
-0.00140038
-0.00122154
-0.0010646
-0.000927061
-0.000806651
-0.00070135
-0.00060935
-0.000529046
-0.000459011
-257.64
-235.638
-198.024
-152.709
-105.428
-58.7223
-12.3479
35.6241
87.5076
144.859
207.732
274.495
341.851
405.122
459.181
499.657
524.559
533.623
528.128
511.07
485.709
455.331
422.573
389.405
356.914
325.54
295.335
266.211
238.147
211.284
185.897
162.295
140.688
121.086
103.181
86.3633
69.7926
52.5688
33.981
13.6528
-8.20497
-31.0535
-53.874
-75.8155
-95.7653
-113.121
-126.583
-135.353
-139.337
-138.785
-134.092
-126.082
-115.558
-103.311
-89.9634
-76.0272
-61.8193
-47.7642
-33.7597
-21.0302
-7.31714
3.29478
12.8868
20.0713
25.0008
27.4581
27.5988
25.7228
22.188
17.5037
12.1308
6.68478
1.51731
-3.04915
-6.72567
-9.50836
-10.7246
-10.791
-9.49142
-7.20719
-4.04335
-0.411513
3.4677
7.30335
10.6534
13.2973
15.0436
15.8262
15.7241
14.8775
13.512
11.861
10.1639
8.62624
7.36365
6.40818
5.78642
5.41369
5.21243
5.1525
5.06353
4.90351
4.59253
4.12368
3.50689
2.78057
1.99249
1.19659
0.42275
-0.305857
-0.974231
-1.57905
-2.12942
-2.62765
-3.09431
-3.50478
-3.8427
-4.07995
-4.21127
-4.23449
-4.1577
-4.01945
-3.80579
-3.48101
-3.11802
-2.71189
-2.30762
-1.90688
-1.52886
-1.1773
-0.853424
-0.55811
-0.286626
-0.0379636
0.183841
0.393428
0.581466
0.724095
0.820527
0.874571
0.891301
0.875456
0.830365
0.760731
0.675069
0.582034
0.487498
0.397595
0.315568
0.243467
0.182002
0.131148
0.0903728
0.0585856
0.0343249
0.0162036
0.00293793
-0.00672173
-0.0135071
-0.0180848
-0.0209801
-0.0226035
-0.0232755
-0.0232447
-0.0227051
-0.0218072
-0.0206682
-0.0193785
-0.0180073
-0.0166073
-0.0152174
-0.0138663
-0.0125738
-0.0113532
-0.0102124
-0.00915536
-0.00818301
-0.00729404
-0.00648559
-0.00575379
-0.00509405
-0.0045014
-0.00397075
-0.00349699
-0.00307515
-0.00270045
-0.00236836
-0.0020746
-0.00181524
-0.00158663
-0.00138544
-0.00120863
-0.00105346
-0.000917438
-0.000798347
-0.000694186
-0.000603173
-0.000523722
-0.000454423
-249.149
-228.194
-192.16
-148.419
-102.403
-56.5946
-10.8626
36.5208
87.6615
143.966
205.429
270.45
335.851
397.173
449.551
488.856
513.151
522.163
517.116
500.829
476.416
447.022
415.196
382.847
351.059
320.293
290.632
262.022
234.458
208.08
183.148
159.949
138.675
119.324
101.597
84.9071
68.4573
51.3956
33.0525
13.0783
-8.32628
-30.6422
-52.9037
-74.2824
-93.7115
-110.579
-123.665
-132.219
-136.136
-135.646
-131.135
-123.386
-113.169
-101.247
-88.227
-74.6122
-60.7183
-46.9694
-33.2689
-20.8236
-7.43277
2.91253
12.267
19.2772
24.1007
26.5248
26.7063
24.9257
21.5351
17.0246
11.8424
6.57613
1.57249
-2.85289
-6.41455
-9.0979
-10.2834
-10.3493
-9.09829
-6.89143
-3.83495
-0.321305
3.42971
7.13389
10.373
12.9333
14.6302
15.4009
15.3189
14.5182
13.2147
11.6316
9.99884
8.51261
7.28559
6.35142
5.73468
5.35797
5.14686
5.06968
4.96719
4.79786
4.48584
4.02376
3.42064
2.71254
1.94484
1.16843
0.412512
-0.300177
-0.955266
-1.54883
-2.08931
-2.57787
-3.03356
-3.4325
-3.76039
-3.99056
-4.11787
-4.14696
-4.06621
-3.93006
-3.71967
-3.40466
-3.05178
-2.6572
-2.26335
-1.8727
-1.50339
-1.15936
-0.842045
-0.552406
-0.286025
-0.0422672
0.175488
0.380426
0.562937
0.702309
0.797277
0.851045
0.868404
0.853904
0.810859
0.744001
0.661437
0.571381
0.47973
0.392228
0.312178
0.241627
0.181324
0.131275
0.091012
0.0595027
0.0353664
0.0172421
0.00397331
-0.0057435
-0.0125984
-0.0172508
-0.020221
-0.0219163
-0.0226562
-0.0226885
-0.0222071
-0.0213627
-0.0202725
-0.0190272
-0.0176962
-0.0163323
-0.0149749
-0.0136528
-0.0123862
-0.0111886
-0.0100682
-0.00902919
-0.00807275
-0.00719779
-0.00640167
-0.00568068
-0.00503042
-0.00444607
-0.00392267
-0.00345525
-0.00303894
-0.00266905
-0.00234114
-0.00205103
-0.00179484
-0.00156898
-0.00137017
-0.00119543
-0.00104206
-0.000907592
-0.000789847
-0.000686851
-0.000596844
-0.000518264
-0.000449717
-240.943
-220.969
-186.427
-144.192
-99.4096
-54.4987
-9.4304
37.3372
87.7163
142.971
203.045
266.365
329.871
389.309
440.065
478.233
501.931
510.884
506.256
490.703
467.202
438.761
407.842
376.299
345.206
315.044
285.929
257.832
230.766
204.869
180.387
157.588
136.646
117.55
100.007
83.4555
67.1372
50.2465
32.1525
12.5309
-8.42721
-30.2216
-51.9361
-72.765
-91.6851
-108.079
-120.8
-129.143
-132.991
-132.56
-128.224
-120.727
-110.807
-99.2034
-86.505
-73.2068
-59.623
-46.1767
-32.7768
-20.6118
-7.53748
2.54775
11.6701
18.5101
23.2293
25.6206
25.8392
24.1506
20.8989
16.5563
11.5585
6.46664
1.62253
-2.66521
-6.1152
-8.70325
-9.85821
-9.92363
-8.71944
-6.58747
-3.63489
-0.236055
3.39068
6.96801
10.0999
12.5791
14.2279
14.9865
14.9232
14.1662
12.9218
11.4039
9.83308
8.39665
7.20441
6.29129
5.68011
5.30015
5.08004
4.98696
4.87199
4.69413
4.38143
3.92609
3.3363
2.6459
1.89801
1.14066
0.402333
-0.294665
-0.936558
-1.51888
-2.04941
-2.52832
-2.97325
-3.36103
-3.67921
-3.90237
-4.02579
-4.04624
-3.9759
-3.84192
-3.6351
-3.32951
-2.98643
-2.60308
-2.21941
-1.83865
-1.4779
-1.14131
-0.830513
-0.546518
-0.285229
-0.0463323
0.167368
0.3677
0.544955
0.681137
0.774603
0.828043
0.845973
0.832757
0.791689
0.727506
0.647929
0.560775
0.471925
0.386774
0.308672
0.239655
0.18051
0.131276
0.0915367
0.0603231
0.036328
0.0182207
0.00496006
-0.00480355
-0.0117191
-0.0164394
-0.0194788
-0.021242
-0.0220463
-0.0221391
-0.021714
-0.0209214
-0.0198789
-0.018677
-0.0173854
-0.0160573
-0.014732
-0.0134386
-0.0121977
-0.011023
-0.00992294
-0.00890194
-0.00796143
-0.00710052
-0.00631676
-0.00560664
-0.00496592
-0.00438994
-0.00387386
-0.00341284
-0.00300211
-0.0026371
-0.00231343
-0.00202702
-0.00177404
-0.00155097
-0.00135459
-0.00118196
-0.00103041
-0.000897527
-0.000781153
-0.000679344
-0.000590366
-0.000512674
-0.000444896
-233.011
-213.954
-180.822
-140.03
-96.4507
-52.4369
-8.05135
38.0759
87.676
141.882
200.586
262.245
323.912
381.53
430.719
467.78
490.894
499.778
495.542
480.691
458.066
430.547
400.513
369.76
339.356
309.797
281.225
253.641
227.07
201.65
177.615
155.213
134.603
115.764
98.412
82.0084
65.8317
49.1203
31.2798
12.0093
-8.50889
-29.7925
-50.9715
-71.2631
-89.6854
-105.619
-117.986
-126.122
-129.901
-129.525
-125.356
-118.102
-108.473
-97.18
-84.7972
-71.811
-58.5335
-45.3863
-32.2833
-20.3948
-7.63136
2.19999
11.0955
17.7691
22.3859
24.7445
24.9966
23.3968
20.2789
16.0985
11.2788
6.35645
1.66762
-2.48586
-5.82728
-8.32382
-9.44864
-9.51346
-8.35438
-6.29491
-3.44289
-0.155585
3.35067
6.80555
9.83369
12.2343
13.8363
14.5826
14.5367
13.8212
12.6333
11.178
9.66671
8.27852
7.12027
6.22794
5.62284
5.24032
5.01204
4.90433
4.77785
4.59223
4.2792
3.83057
3.25379
2.58059
1.85197
1.11327
0.392226
-0.289304
-0.918093
-1.48918
-2.00974
-2.47902
-2.91337
-3.29035
-3.59914
-3.81568
-3.93523
-3.96036
-3.88703
-3.75527
-3.55201
-3.25553
-2.92194
-2.5495
-2.1758
-1.80474
-1.4524
-1.12316
-0.818834
-0.540451
-0.28424
-0.0501622
0.159482
0.355254
0.527497
0.660553
0.752486
0.805553
0.823998
0.812006
0.772847
0.711239
0.634546
0.550218
0.464089
0.381238
0.305053
0.237556
0.179567
0.131152
0.09195
0.0610489
0.0372113
0.0191398
0.00589867
-0.00390166
-0.0108691
-0.0156504
-0.0187537
-0.0205804
-0.0214459
-0.0215966
-0.0212257
-0.0204835
-0.0194873
-0.018328
-0.0170752
-0.0157821
-0.0144886
-0.0132237
-0.0120084
-0.0108564
-0.00977665
-0.00877365
-0.00784907
-0.00700224
-0.00623089
-0.0055317
-0.00490059
-0.00433303
-0.00382433
-0.00336977
-0.00296469
-0.0026046
-0.00228524
-0.00200257
-0.00175285
-0.00153262
-0.0013387
-0.00116821
-0.00101851
-0.000887245
-0.000772268
-0.000671669
-0.000583738
-0.000506954
-0.000439961
-225.34
-207.142
-175.345
-135.937
-93.5298
-50.4115
-6.72555
38.739
87.545
140.702
198.055
258.092
317.975
373.832
421.505
457.493
480.033
488.84
484.971
470.789
449.006
422.381
393.209
363.233
333.51
304.55
276.522
249.449
223.371
198.425
174.832
152.824
132.546
113.968
96.8129
80.5658
64.5402
48.0159
30.4328
11.5119
-8.57225
-29.3552
-50.01
-69.7764
-87.7122
-103.199
-115.223
-123.155
-126.865
-126.54
-122.531
-115.513
-106.166
-95.1764
-83.1034
-70.4247
-57.4498
-44.5979
-31.7885
-20.1727
-7.71455
1.86887
10.5425
17.0534
21.5695
23.8952
24.1783
22.6637
19.6747
15.6509
11.0035
6.24567
1.70798
-2.31461
-5.55046
-7.95907
-9.05411
-9.1183
-8.00268
-6.01341
-3.25873
-0.0797284
3.30973
6.64639
9.57417
11.8986
13.4549
14.1888
14.1591
13.483
12.3492
10.9538
9.49985
8.15838
7.03335
6.16155
5.56299
5.17856
4.9429
4.82178
4.68474
4.49207
4.17903
3.7371
3.17304
2.51658
1.80673
1.08626
0.3822
-0.284078
-0.899858
-1.45974
-1.97029
-2.42999
-2.85394
-3.22045
-3.52014
-3.73015
-3.84604
-3.86762
-3.79924
-3.66984
-3.47034
-3.18266
-2.8583
-2.49647
-2.13251
-1.77094
-1.4269
-1.10493
-0.807016
-0.534213
-0.283062
-0.0537604
0.151828
0.343094
0.510545
0.640537
0.730912
0.783561
0.802469
0.791641
0.754325
0.695196
0.621287
0.539708
0.456233
0.375625
0.301329
0.235335
0.178497
0.130908
0.0922548
0.0616821
0.0380179
0.0199999
0.00678952
-0.00303759
-0.0100485
-0.0148838
-0.0180457
-0.0199316
-0.020855
-0.0210611
-0.0207424
-0.0200489
-0.0190979
-0.0179802
-0.0167654
-0.015507
-0.0142448
-0.0130082
-0.0118182
-0.0106889
-0.00962936
-0.00864434
-0.0077357
-0.00690297
-0.00614409
-0.00545587
-0.00483442
-0.00427534
-0.00377409
-0.00332605
-0.00292668
-0.00257158
-0.00225656
-0.00197769
-0.00173127
-0.00151392
-0.0013225
-0.00115419
-0.00100638
-0.00087675
-0.000763194
-0.000663827
-0.000576965
-0.000501105
-0.000434913
-217.917
-200.526
-169.994
-131.914
-90.6496
-48.4243
-5.45296
39.3287
87.3269
139.436
195.458
253.91
312.06
366.213
412.421
447.365
469.341
478.065
474.539
460.994
440.022
414.262
385.93
356.717
327.668
299.304
271.819
245.255
219.668
195.192
172.039
150.423
130.475
112.161
95.2099
79.1277
63.2623
46.9324
29.6104
11.0377
-8.61845
-28.9105
-49.0519
-68.3047
-85.7649
-100.818
-112.507
-120.24
-123.88
-123.603
-119.748
-112.958
-103.885
-93.1925
-81.4237
-69.0479
-56.3716
-43.8116
-31.2923
-19.9454
-7.78718
1.55395
10.0106
16.3622
20.7793
23.0717
23.3838
21.9507
19.0859
15.2134
10.7324
6.13438
1.74378
-2.15123
-5.28441
-7.60846
-8.67412
-8.73764
-7.6639
-5.74261
-3.08214
-0.00832212
3.26791
6.49037
9.32104
11.5716
13.0834
13.8046
13.7899
13.1514
12.0692
10.7314
9.33257
8.03636
6.94379
6.09227
5.50068
5.11497
4.8727
4.73931
4.5926
4.39358
4.08085
3.64561
3.09398
2.45384
1.76225
1.05964
0.372268
-0.278971
-0.881837
-1.43054
-1.93108
-2.38123
-2.79496
-3.15133
-3.4422
-3.64598
-3.75821
-3.78141
-3.71284
-3.58579
-3.39004
-3.11089
-2.79548
-2.44397
-2.08955
-1.73727
-1.40141
-1.08663
-0.795065
-0.527807
-0.281697
-0.0571305
0.144406
0.331223
0.494079
0.621066
0.709864
0.762054
0.781373
0.771653
0.736114
0.679373
0.608152
0.529246
0.44836
0.369938
0.297502
0.232997
0.177306
0.130548
0.092454
0.0622248
0.0387495
0.0208018
0.00763292
-0.00221109
-0.00925696
-0.0141396
-0.0173546
-0.0192956
-0.0202736
-0.0205325
-0.020264
-0.0196178
-0.0187108
-0.0176336
-0.0164562
-0.0152319
-0.0140007
-0.0127921
-0.0116272
-0.0105205
-0.0094811
-0.00851404
-0.00762134
-0.00680275
-0.00605636
-0.00537917
-0.00476743
-0.00421691
-0.00372316
-0.0032817
-0.00288808
-0.00253802
-0.00222741
-0.00195238
-0.00170931
-0.00149488
-0.001306
-0.00113989
-0.000994006
-0.000866043
-0.000753933
-0.000655821
-0.000570046
-0.000495129
-0.000429753
-210.732
-194.099
-164.768
-127.961
-87.8126
-46.477
-4.23351
39.8471
87.0254
138.088
192.797
249.701
306.167
358.671
403.461
437.389
458.813
467.446
464.241
451.305
431.113
406.191
378.678
350.214
321.831
294.061
267.116
241.061
215.962
191.953
169.236
148.009
128.393
110.345
93.6033
77.6941
61.9974
45.8688
28.8114
10.5854
-8.64905
-28.459
-48.0973
-66.8479
-83.843
-98.4737
-109.838
-117.375
-120.946
-120.713
-117.006
-110.436
-101.63
-91.2278
-79.7579
-67.6804
-55.299
-43.0273
-30.7946
-19.7129
-7.8494
1.25486
9.4991
15.6948
20.0145
22.2732
22.6124
21.2571
18.512
14.7856
10.4655
6.02269
1.77521
-1.99547
-5.02881
-7.2715
-8.30818
-8.371
-7.33761
-5.48215
-2.91291
0.0587892
3.22525
6.33738
9.07404
11.2529
12.7214
13.4297
13.429
12.8261
11.7934
10.5107
9.16497
7.9126
6.85174
6.02026
5.43601
5.04962
4.80148
4.6569
4.50138
4.29668
3.98457
3.55602
3.01656
2.39232
1.71854
1.03341
0.362436
-0.273972
-0.864022
-1.40158
-1.89211
-2.33276
-2.73645
-3.08295
-3.36528
-3.56295
-3.67171
-3.69315
-3.62752
-3.50292
-3.31107
-3.04016
-2.73346
-2.39199
-2.0469
-1.70374
-1.37593
-1.06824
-0.782985
-0.52124
-0.28015
-0.0602764
0.137213
0.319643
0.478081
0.602121
0.689326
0.74102
0.7607
0.752033
0.718205
0.663764
0.595141
0.518832
0.440405
0.364184
0.293579
0.230547
0.175998
0.130075
0.0925505
0.062679
0.0394077
0.0215463
0.00842905
-0.00142188
-0.00849438
-0.0134177
-0.0166806
-0.0186725
-0.0197018
-0.020011
-0.0197907
-0.0191901
-0.0183258
-0.0172884
-0.0161477
-0.0149569
-0.0137563
-0.0125754
-0.0114355
-0.0103512
-0.00933191
-0.00838277
-0.00750602
-0.00670159
-0.00596773
-0.00530162
-0.00469965
-0.00415773
-0.00367154
-0.00323672
-0.00284892
-0.00250396
-0.0021978
-0.00192665
-0.00168698
-0.0014755
-0.0012892
-0.00112534
-0.000981397
-0.000855128
-0.000744489
-0.000647653
-0.000562985
-0.000489028
-0.000424484
-203.774
-187.856
-159.664
-124.081
-85.021
-44.5711
-3.06701
40.2963
86.6439
136.662
190.078
245.467
300.297
351.203
394.62
427.561
448.442
456.979
454.074
441.719
422.276
398.166
371.452
343.724
316
288.819
262.413
236.866
212.253
188.708
166.423
145.584
126.299
108.52
91.9935
76.265
60.745
44.8242
28.0345
10.1539
-8.66301
-28.001
-47.1464
-65.4058
-81.946
-96.1661
-107.215
-114.559
-118.06
-117.869
-114.304
-107.947
-99.4009
-89.2823
-78.1057
-66.3222
-54.2319
-42.245
-30.2954
-19.4751
-7.90137
0.971186
9.00751
15.0506
19.2743
21.499
21.8632
20.5825
17.9525
14.3672
10.2029
5.91068
1.80245
-1.84711
-4.78335
-6.94768
-7.95583
-8.01791
-7.02342
-5.23171
-2.75079
0.121754
3.18179
6.18728
8.83293
10.9422
12.3684
13.0639
13.076
12.507
11.5214
10.2917
8.99713
7.78722
6.75735
5.94564
5.3691
4.98261
4.7293
4.57456
4.41104
4.2013
3.8901
3.46824
2.94072
2.33198
1.67557
1.00756
0.352718
-0.269065
-0.846396
-1.37285
-1.85337
-2.28458
-2.6784
-3.01532
-3.28935
-3.48116
-3.58648
-3.60827
-3.54348
-3.42134
-3.23337
-2.97046
-2.67223
-2.34054
-2.00458
-1.67034
-1.35048
-1.0498
-0.770784
-0.514517
-0.278424
-0.0632017
0.13025
0.308355
0.462536
0.583683
0.669285
0.720445
0.740439
0.732772
0.700592
0.648366
0.582251
0.508467
0.432423
0.358366
0.289563
0.227989
0.174576
0.129493
0.0925472
0.0630468
0.0399942
0.0222348
0.00917778
-0.000669683
-0.00776058
-0.0127179
-0.0160235
-0.0180622
-0.0191396
-0.0194965
-0.0193224
-0.0187659
-0.0179432
-0.0169446
-0.0158397
-0.0146821
-0.0135116
-0.0123581
-0.011243
-0.0101811
-0.00918181
-0.00825056
-0.00738976
-0.0065995
-0.00587821
-0.00522323
-0.00463108
-0.00409782
-0.00361925
-0.00319112
-0.0028092
-0.00246938
-0.00216772
-0.00190051
-0.00166428
-0.0014558
-0.00127211
-0.00111052
-0.000968556
-0.000844007
-0.000734863
-0.000639325
-0.000555784
-0.000482803
-0.000419106
-197.035
-181.789
-154.68
-120.275
-82.2766
-42.708
-1.95323
40.6783
86.1859
135.163
187.303
241.211
294.451
343.809
385.895
417.876
438.224
446.658
444.033
432.233
413.512
390.189
364.253
337.248
310.175
283.58
257.712
232.67
208.54
185.457
163.601
143.148
124.194
106.687
90.3808
74.8402
59.5046
43.7977
27.2788
9.74213
-8.66317
-27.5372
-46.1993
-63.9781
-80.0734
-93.8938
-104.634
-111.79
-115.222
-115.069
-111.641
-105.49
-97.1965
-87.3556
-76.4671
-64.9732
-53.1703
-41.4646
-29.7947
-19.2323
-7.94325
0.702555
8.53524
14.4287
18.558
20.7484
21.1356
19.9262
17.4072
13.9582
9.94435
5.79844
1.82566
-1.70592
-4.5477
-6.63654
-7.61658
-7.67792
-6.7209
-4.99096
-2.59557
0.180716
3.13757
6.03996
8.59746
10.6392
12.0242
12.7066
12.7306
12.1938
11.2534
10.0745
8.82912
7.66036
6.66076
5.86857
5.30006
4.914
4.65621
4.49228
4.32153
4.10736
3.79737
3.3822
2.86639
2.2728
1.63332
0.982098
0.343114
-0.264244
-0.828958
-1.34436
-1.81489
-2.2367
-2.62082
-2.94843
-3.21439
-3.40049
-3.5025
-3.52324
-3.46053
-3.3409
-3.1569
-2.90174
-2.61177
-2.28959
-1.96257
-1.63707
-1.32506
-1.03129
-0.758466
-0.507641
-0.276521
-0.0659107
0.123514
0.297357
0.447426
0.565733
0.649724
0.700318
0.72058
0.71386
0.683266
0.633173
0.569481
0.498152
0.424432
0.35249
0.28546
0.225327
0.173045
0.128804
0.0924466
0.0633302
0.0405104
0.0228696
0.00987805
4.58128e-05
-0.00705535
-0.0120402
-0.0153833
-0.0174647
-0.0185871
-0.0189891
-0.0188592
-0.0183452
-0.0175628
-0.0166021
-0.0155325
-0.0144073
-0.0132667
-0.0121404
-0.0110499
-0.0100102
-0.00903082
-0.00811744
-0.00727259
-0.00649652
-0.00578784
-0.00514402
-0.00456175
-0.00403719
-0.0035663
-0.00314492
-0.00276893
-0.0024343
-0.0021372
-0.00187397
-0.00164121
-0.00143576
-0.00125473
-0.00109544
-0.000955487
-0.000832684
-0.000725059
-0.00063084
-0.000548443
-0.000476456
-0.00041362
-190.503
-175.894
-149.815
-116.542
-79.5809
-40.8885
-0.891859
40.9949
85.6545
133.594
184.476
236.936
288.628
336.484
377.281
408.327
428.153
436.479
434.115
422.844
404.819
382.258
357.082
330.786
304.357
278.344
253.011
228.473
204.825
182.2
160.771
140.702
122.079
104.847
88.7656
73.4197
58.2757
42.7886
26.5431
9.349
-8.64981
-27.068
-45.2563
-62.5646
-78.2247
-91.6559
-102.097
-109.067
-112.429
-112.313
-109.015
-103.064
-95.0168
-85.4474
-74.8419
-63.6332
-52.114
-40.686
-29.2924
-18.9842
-7.97521
0.448588
8.08174
13.8286
17.8648
20.0206
20.4289
19.2878
16.8755
13.5582
9.68993
5.68602
1.84501
-1.57167
-4.32157
-6.33764
-7.29002
-7.35059
-6.4297
-4.75959
-2.44703
0.235814
3.09261
5.8953
8.36742
10.3436
11.6884
12.3577
12.3927
11.8864
10.9891
9.85899
8.661
7.53211
6.56208
5.78915
5.22898
4.84387
4.58225
4.41005
4.23282
4.0148
3.70629
3.29784
2.79352
2.21473
1.5918
0.957023
0.333637
-0.259488
-0.811685
-1.31608
-1.77664
-2.18912
-2.56369
-2.88224
-3.14038
-3.32095
-3.41972
-3.44028
-3.37876
-3.26164
-3.08162
-2.83399
-2.55206
-2.23915
-1.92088
-1.60395
-1.2997
-1.01272
-0.746041
-0.500622
-0.274446
-0.0684073
0.117004
0.28665
0.43274
0.548254
0.630631
0.680626
0.701113
0.69529
0.66622
0.618181
0.55683
0.487887
0.416435
0.34656
0.281272
0.222566
0.171409
0.128012
0.0922516
0.0635312
0.0409579
0.0234765
0.0105055
0.000724941
-0.00637845
-0.0113844
-0.0147599
-0.0168801
-0.018044
-0.0184887
-0.018401
-0.0179281
-0.0171849
-0.0162611
-0.015226
-0.0141328
-0.0130216
-0.0119222
-0.0108561
-0.00983844
-0.00887897
-0.00798343
-0.00715452
-0.00639266
-0.00569661
-0.005064
-0.00449166
-0.00397587
-0.00351271
-0.00309813
-0.00272811
-0.00239874
-0.00210623
-0.00184702
-0.00161778
-0.00141541
-0.00123706
-0.00108011
-0.000942193
-0.000821162
-0.000715078
-0.000622199
-0.000540966
-0.000469989
-0.00040803
-184.172
-170.163
-145.065
-112.883
-76.9355
-39.1138
0.117453
41.2479
85.0527
131.959
181.6
232.643
282.829
329.228
368.774
398.91
418.223
426.436
424.316
413.55
396.194
374.374
349.939
324.34
298.546
273.112
248.312
224.276
201.106
178.937
157.932
138.246
119.954
102.999
87.1482
72.0035
57.0579
41.7959
25.8265
8.97357
-8.62366
-26.5939
-44.3174
-61.1652
-76.3995
-89.4513
-99.5996
-106.389
-109.681
-109.598
-106.426
-100.668
-92.8612
-83.5575
-73.23
-62.3022
-51.063
-39.9093
-28.7886
-18.7311
-7.99743
0.208905
7.64647
13.2495
17.1939
19.315
19.7426
18.6666
16.3571
13.167
9.43954
5.57351
1.86066
-1.44413
-4.10464
-6.05052
-6.9757
-7.03548
-6.14941
-4.53727
-2.30495
0.28718
3.04694
5.75319
8.14256
10.0551
11.3607
12.0168
12.0618
11.5845
10.7285
9.64519
8.49284
7.40259
6.46145
5.70755
5.15597
4.7723
4.50747
4.32788
4.14487
3.92355
3.6168
3.21508
2.72205
2.15773
1.55097
0.932328
0.324283
-0.254802
-0.794587
-1.28803
-1.73866
-2.14187
-2.50705
-2.81676
-3.06729
-3.24247
-3.33812
-3.35792
-3.29805
-3.18349
-3.00748
-2.76716
-2.49308
-2.18919
-1.87949
-1.57096
-1.27437
-0.994099
-0.733505
-0.493456
-0.272199
-0.0706948
0.110717
0.276229
0.418464
0.53123
0.611988
0.661358
0.682027
0.677052
0.649447
0.603387
0.544299
0.477674
0.408434
0.340584
0.277005
0.21971
0.169671
0.127121
0.0919647
0.0636519
0.041338
0.0240243
0.0110928
0.00136837
-0.00572964
-0.0107504
-0.0141533
-0.0163081
-0.0175106
-0.0179954
-0.0179481
-0.0175145
-0.0168093
-0.0159215
-0.0149203
-0.0138585
-0.0127763
-0.0117035
-0.0106617
-0.00966596
-0.0087263
-0.00784855
-0.00703558
-0.00628795
-0.00560457
-0.00498321
-0.00442083
-0.00391386
-0.00345847
-0.00305075
-0.00268677
-0.00236269
-0.00207482
-0.00181969
-0.00159401
-0.00139475
-0.00121911
-0.00106453
-0.000928676
-0.000809444
-0.000704924
-0.000613405
-0.000533354
-0.000463403
-0.000402335
-178.033
-164.592
-140.43
-109.299
-74.3413
-37.3845
1.07513
41.4393
84.3833
130.26
178.678
228.334
277.053
322.038
360.371
389.621
408.43
416.525
414.632
404.349
387.639
366.535
342.823
317.908
292.743
267.883
243.613
220.078
197.385
175.668
155.085
135.78
117.819
101.144
85.5287
70.5916
55.8508
40.8191
25.1279
8.6149
-8.58546
-26.1153
-43.3827
-59.7796
-74.5971
-87.2791
-97.1422
-103.753
-106.976
-106.924
-103.873
-98.3028
-90.7292
-81.6855
-71.631
-60.98
-50.0171
-39.1343
-28.2831
-18.4729
-8.01008
-0.0168437
7.22894
12.6909
16.5448
18.6307
19.0759
18.0622
15.8517
12.7843
9.19313
5.46096
1.87275
-1.32311
-3.89667
-5.77477
-6.67322
-6.73221
-5.8797
-4.32374
-2.16913
0.334937
3.0006
5.61352
7.92271
9.77351
11.0407
11.6835
11.7379
11.288
10.4714
9.43307
8.32469
7.27188
6.35895
5.62382
5.0811
4.69933
4.4319
4.24576
4.05764
3.83357
3.52883
3.13387
2.65195
2.10178
1.51082
0.908013
0.315073
-0.250153
-0.777626
-1.26018
-1.70089
-2.09491
-2.45085
-2.75196
-2.99509
-3.16506
-3.25764
-3.27704
-3.21847
-3.10645
-2.93445
-2.70123
-2.4348
-2.13973
-1.83842
-1.53811
-1.24914
-0.975436
-0.720879
-0.486161
-0.269792
-0.0727804
0.10465
0.266093
0.404584
0.514647
0.593785
0.642502
0.663312
0.659138
0.632938
0.588785
0.531883
0.467511
0.40043
0.334564
0.272662
0.216761
0.167834
0.126134
0.0915885
0.0636941
0.0416518
0.0245141
0.0116401
0.00197666
-0.00510862
-0.010138
-0.0135633
-0.0157488
-0.0169868
-0.0175092
-0.0175002
-0.0171046
-0.0164361
-0.0155835
-0.0146153
-0.0135845
-0.012531
-0.0114844
-0.0104666
-0.00949276
-0.00857282
-0.00771283
-0.00691579
-0.0061824
-0.00551171
-0.00490164
-0.00434928
-0.00385117
-0.00340362
-0.0030028
-0.0026449
-0.00232616
-0.00204299
-0.00179197
-0.00156988
-0.00137377
-0.00120088
-0.0010487
-0.000914942
-0.000797532
-0.000694599
-0.00060446
-0.000525609
-0.000456701
-0.000396538
-172.077
-159.175
-135.907
-105.789
-71.7994
-35.7013
1.98165
41.5707
83.6491
128.501
175.713
224.011
271.302
314.913
352.067
380.454
398.769
406.742
405.06
395.239
379.149
358.742
335.735
311.493
286.948
262.658
238.917
215.879
193.661
172.394
152.231
133.305
115.676
99.2834
83.9075
69.1837
54.654
39.8572
24.4466
8.27208
-8.53594
-25.6326
-42.4525
-58.4075
-72.8171
-85.1383
-94.7232
-101.159
-104.313
-104.289
-101.354
-95.9664
-88.6204
-79.8312
-70.0449
-59.6666
-48.9764
-38.3612
-27.776
-18.2097
-8.01336
-0.229061
6.82857
12.152
15.9167
17.9672
18.4282
17.4739
15.3587
12.41
8.95064
5.34843
1.88145
-1.20835
-3.6973
-5.50992
-6.38211
-6.44028
-5.62016
-4.11864
-2.03934
0.379226
2.9536
5.47618
7.7076
9.49838
10.7282
11.3576
11.4205
10.9967
10.2178
9.22264
8.15664
7.14014
6.25477
5.53817
5.00451
4.62508
4.35561
4.16369
3.9711
3.74478
3.44231
3.05411
2.58312
2.04685
1.47134
0.884065
0.305984
-0.245569
-0.76084
-1.23256
-1.66342
-2.04831
-2.39516
-2.68786
-2.92379
-3.08867
-3.17829
-3.19704
-3.13995
-3.03047
-2.86248
-2.63617
-2.37722
-2.09073
-1.79764
-1.5054
-1.22399
-0.956709
-0.708143
-0.47872
-0.267212
-0.0746603
0.098804
0.256235
0.391082
0.498486
0.576004
0.624044
0.644958
0.641539
0.61669
0.574372
0.519585
0.4574
0.392424
0.328525
0.268247
0.213725
0.165904
0.125053
0.0911257
0.0636598
0.0419007
0.0249478
0.0121475
0.00255033
-0.00451511
-0.00954692
-0.0129898
-0.0152022
-0.0164724
-0.0170301
-0.0170575
-0.0166983
-0.0160654
-0.0152469
-0.0143112
-0.0133108
-0.0122855
-0.011265
-0.010271
-0.00931886
-0.00841857
-0.0075763
-0.00679517
-0.00607603
-0.00541806
-0.00481932
-0.00427701
-0.00378782
-0.00334815
-0.00295429
-0.00260252
-0.00228917
-0.00201073
-0.00176386
-0.00154542
-0.00135249
-0.00118238
-0.00103263
-0.000900993
-0.00078543
-0.000684106
-0.000595367
-0.000517734
-0.000449884
-0.00039064
-166.298
-153.907
-131.493
-102.354
-69.3103
-34.0646
2.83754
41.6439
82.8528
126.685
172.707
219.676
265.575
307.851
343.86
371.406
389.235
397.082
395.598
386.216
370.726
350.993
328.676
305.094
281.162
257.437
234.222
211.68
189.934
169.116
149.37
130.822
113.525
97.4168
82.2847
67.78
53.467
38.9096
23.7817
7.94437
-8.47571
-25.1462
-41.5267
-57.0488
-71.0591
-83.0282
-92.3413
-98.6059
-101.69
-101.693
-98.87
-93.6584
-86.5343
-77.9943
-68.4715
-58.3618
-47.9408
-37.5897
-27.2674
-17.9415
-8.00749
-0.428001
6.44501
11.6324
15.309
17.324
17.7991
16.9016
14.878
12.0439
8.71202
5.23595
1.88685
-1.09972
-3.50637
-5.25576
-6.10216
-6.1595
-5.37059
-3.92182
-1.91547
0.42012
2.90597
5.34111
7.49716
9.22964
10.4229
11.0389
11.1097
10.7105
9.9676
9.01384
7.98866
7.00732
6.14888
5.45056
4.92617
4.54952
4.27858
4.08164
3.88522
3.65715
3.35719
2.9758
2.51555
1.99291
1.43253
0.860503
0.297059
-0.240988
-0.744151
-1.2051
-1.62613
-2.00196
-2.33986
-2.62438
-2.8533
-3.01326
-3.09998
-3.11823
-3.06247
-2.95554
-2.79154
-2.57195
-2.32031
-2.04219
-1.75718
-1.47284
-1.19909
-0.93796
-0.695342
-0.471172
-0.26449
-0.0763556
0.093169
0.246656
0.377953
0.482742
0.558641
0.605978
0.626958
0.624248
0.600692
0.560142
0.507399
0.44734
0.384417
0.322383
0.263761
0.210604
0.163881
0.123881
0.0905785
0.0635509
0.042086
0.0253271
0.0126149
0.00308978
-0.00394879
-0.00897709
-0.0124327
-0.0146681
-0.0159676
-0.016558
-0.0166199
-0.0162956
-0.0156971
-0.0149119
-0.0140079
-0.0130374
-0.0120399
-0.0110452
-0.0100749
-0.00914428
-0.00826356
-0.00743897
-0.00667375
-0.00596887
-0.00532365
-0.00473626
-0.00420406
-0.00372383
-0.00329209
-0.00290523
-0.00255964
-0.00225173
-0.00197807
-0.00173539
-0.00152062
-0.00133091
-0.00116362
-0.00101633
-0.000886833
-0.000773142
-0.000673448
-0.000586129
-0.00050973
-0.000442954
-0.000384642
-160.689
-148.784
-127.186
-98.9928
-66.8748
-32.4746
3.64337
41.6605
81.9969
124.815
169.664
215.329
259.871
300.849
335.745
362.47
379.822
387.54
386.239
377.279
362.366
343.289
321.644
298.71
275.384
252.22
229.528
207.481
186.205
165.832
146.501
128.33
111.366
95.5447
80.6606
66.3801
52.2893
37.9756
23.132
7.63066
-8.40567
-24.6567
-40.6054
-55.7032
-69.3223
-80.9476
-89.9952
-96.0911
-99.1064
-99.1334
-96.4183
-91.378
-84.4704
-76.1744
-66.9105
-57.0654
-46.9101
-36.8198
-26.7571
-17.6685
-7.99313
-0.614257
6.07742
11.1311
14.7207
16.6998
17.1875
16.3443
14.4089
11.6855
8.47717
5.12363
1.88922
-0.996844
-3.32336
-5.01151
-5.8326
-5.8891
-5.13033
-3.73273
-1.79713
0.457852
2.85774
5.20811
7.29099
8.96677
10.1243
10.7269
10.8049
10.4291
9.72063
8.80671
7.82093
6.87374
6.0416
5.36133
4.84638
4.47288
4.20096
3.99968
3.79996
3.57058
3.27336
2.8988
2.44917
1.93989
1.39433
0.83728
0.288241
-0.236483
-0.727659
-1.17792
-1.58919
-1.95603
-2.28513
-2.56163
-2.78369
-2.93884
-3.02274
-3.04039
-2.98599
-2.88159
-2.72158
-2.50855
-2.26406
-1.99412
-1.717
-1.4404
-1.17463
-0.91913
-0.682423
-0.463467
-0.261585
-0.0778386
0.0877577
0.23735
0.365174
0.467386
0.541666
0.588282
0.609294
0.607252
0.584938
0.546093
0.495328
0.437335
0.376414
0.316201
0.259215
0.207406
0.161773
0.122623
0.08995
0.0633694
0.0422091
0.0256533
0.0130429
0.00359542
-0.00340931
-0.00842824
-0.0118919
-0.0141465
-0.0154722
-0.016093
-0.0161874
-0.0158965
-0.0153313
-0.0145785
-0.0137055
-0.0127643
-0.0117944
-0.0108251
-0.00987825
-0.00896906
-0.00810782
-0.00730087
-0.00655154
-0.00586093
-0.00522848
-0.00465248
-0.00413043
-0.0036592
-0.00323544
-0.00285563
-0.00251626
-0.00221383
-0.00194499
-0.00170655
-0.0014955
-0.00130904
-0.00114459
-0.000999786
-0.000872466
-0.000760669
-0.000662627
-0.000576746
-0.0005016
-0.000435912
-0.000378547
-144.8
-134.245
-114.928
-89.4016
-59.9263
-27.9733
5.84948
41.5471
79.3303
119.206
160.679
202.619
243.3
280.595
312.337
336.73
352.714
360.044
359.238
351.45
338.161
320.939
301.21
280.134
258.554
237.014
215.84
195.228
175.317
156.238
138.113
121.038
105.045
90.0671
75.9184
62.3078
48.8809
35.2903
21.282
6.75694
-8.17213
-23.2188
-37.9311
-51.8159
-64.3177
-74.9642
-83.2557
-88.8691
-91.6843
-91.7758
-89.3626
-84.8065
-78.5142
-70.9149
-62.3929
-53.3082
-43.9177
-34.5789
-25.2639
-16.8576
-7.91914
-1.11988
5.05262
9.72336
13.0623
14.9362
15.4559
14.7631
13.0751
10.6633
7.80303
4.79616
1.88687
-0.714041
-2.81329
-4.32906
-5.07765
-5.13166
-4.45754
-3.20448
-1.46868
0.558155
2.71517
4.82641
6.7025
8.21769
9.2735
9.83659
9.93358
9.622
9.00943
8.20682
7.3316
6.48082
5.72365
5.09532
4.6085
4.24539
3.97223
3.76045
3.55294
3.32117
3.03267
2.67814
2.25902
1.78799
1.2848
0.770694
0.263095
-0.223192
-0.679616
-1.09878
-1.48163
-1.82238
-2.12609
-2.3797
-2.58229
-2.72378
-2.79969
-2.81586
-2.76529
-2.66842
-2.5201
-2.3258
-2.10177
-1.85516
-1.6007
-1.34617
-1.09918
-0.864196
-0.644605
-0.440769
-0.252791
-0.0817223
0.0725025
0.210947
0.328903
0.423721
0.493298
0.537749
0.558754
0.558535
0.539687
0.505621
0.460428
0.408287
0.353067
0.298068
0.245754
0.197832
0.155363
0.118698
0.0878794
0.0626309
0.0423901
0.0264536
0.0141777
0.00497279
-0.00191273
-0.00688754
-0.0103612
-0.0126609
-0.0140542
-0.0147567
-0.0149407
-0.014743
-0.0142713
-0.0136103
-0.0128259
-0.0119688
-0.0110779
-0.0101821
-0.00930309
-0.00845604
-0.00765142
-0.00689579
-0.00619278
-0.00554382
-0.00494867
-0.00440602
-0.00391367
-0.00346883
-0.00306848
-0.00270939
-0.0023883
-0.00210199
-0.00184734
-0.00162136
-0.00142125
-0.00124438
-0.00108833
-0.000950863
-0.000829954
-0.000723754
-0.000630592
-0.000548962
-0.000477517
-0.00041505
-0.000360485
-121.853
-113.102
-96.9139
-75.1922
-49.6868
-21.6209
8.38839
40.1706
73.7134
108.862
145.092
181.412
216.389
248.313
275.463
296.419
310.32
316.95
316.705
310.477
299.451
284.899
268.004
249.756
230.897
211.94
193.213
174.925
157.227
140.242
124.075
108.797
94.4234
80.8904
68.0428
55.6468
43.4255
31.1135
18.5216
5.58559
-7.59631
-20.7845
-33.6114
-45.6646
-56.4882
-65.6808
-72.8467
-77.7265
-80.2159
-80.3774
-78.3784
-74.5178
-69.1304
-62.5757
-55.1839
-47.2713
-39.0693
-30.9017
-22.7523
-15.4045
-7.60475
-1.68082
3.70155
7.78661
10.7333
12.4277
12.9674
12.4691
11.118
9.14043
6.7706
4.25938
1.818
-0.369531
-2.13962
-3.41191
-4.05154
-4.10116
-3.54436
-2.49661
-1.04443
0.656892
2.46661
4.23877
5.81947
7.10309
8.00882
8.50771
8.61945
8.3892
7.90346
7.25155
6.52913
5.81551
5.16892
4.62114
4.18388
3.84584
3.5813
3.36619
3.15757
2.93127
2.66204
2.34133
1.96976
1.5566
1.11721
0.668253
0.224173
-0.202459
-0.604109
-0.973776
-1.31129
-1.61099
-1.87603
-2.09584
-2.27008
-2.39161
-2.4559
-2.46929
-2.42438
-2.33929
-2.20913
-2.04179
-1.84786
-1.63532
-1.41472
-1.19363
-0.977466
-0.772434
-0.579433
-0.399889
-0.234172
-0.0833473
0.0525678
0.173783
0.276791
0.360069
0.421881
0.462266
0.482478
0.48431
0.470008
0.44247
0.405092
0.36135
0.314507
0.267368
0.222109
0.180288
0.142911
0.11036
0.0827294
0.0598669
0.0413578
0.0266524
0.0152034
0.00647881
-2.71119e-05
-0.00480266
-0.00819026
-0.0104811
-0.0119193
-0.0127034
-0.0129932
-0.0129161
-0.0125732
-0.0120439
-0.0113903
-0.0106606
-0.00989159
-0.00911112
-0.00833982
-0.00759262
-0.00687985
-0.00620818
-0.00558151
-0.00500164
-0.00446877
-0.00398203
-0.00353975
-0.0031396
-0.00277903
-0.00245526
-0.00216548
-0.00190685
-0.00167664
-0.00147219
-0.00129102
-0.00113079
-0.000989334
-0.000864663
-0.000754952
-0.000658543
-0.000573932
-0.000499766
-0.000434828
-0.000378031
-0.000328402
-101.709
-94.4546
-80.9233
-62.5462
-40.6798
-16.3326
9.90872
37.7786
67.1298
97.7141
129.014
160.167
189.992
217.112
240.163
258.021
269.991
275.884
276.015
271.055
261.96
249.756
235.418
219.779
203.487
187.008
170.654
154.636
139.105
124.174
109.935
96.4407
83.6984
71.6492
60.1651
49.0601
38.119
27.1399
15.9832
4.6091
-6.89655
-18.3345
-29.4058
-39.7691
-49.052
-56.9194
-63.0569
-67.2568
-69.4318
-69.6277
-67.9824
-64.7355
-60.1623
-54.5626
-48.217
-41.4002
-34.3167
-27.2546
-20.2059
-13.8546
-7.12085
-2.01207
2.63364
6.16969
8.74099
10.2507
10.7842
10.437
9.36581
7.75781
5.81051
3.73169
1.70191
-0.121582
-1.60055
-2.66023
-3.20089
-3.24572
-2.78917
-1.92049
-0.715632
0.698373
2.20553
3.681
5.00163
6.07948
6.84863
7.28468
7.39979
7.23274
6.85027
6.32439
5.73238
5.1387
4.59198
4.12006
3.73365
3.42603
3.17789
2.96939
2.7684
2.5548
2.30906
2.02354
1.69839
1.34027
0.961047
0.573701
0.190267
-0.179031
-0.527461
-0.848684
-1.14179
-1.40154
-1.62974
-1.81805
-1.96635
-2.0698
-2.12397
-2.1354
-2.09643
-2.02332
-1.91128
-1.76921
-1.60371
-1.42287
-1.23416
-1.04476
-0.858682
-0.68171
-0.514247
-0.358161
-0.213955
-0.082606
0.0357224
0.140815
0.230021
0.30254
0.356891
0.393093
0.412091
0.415333
0.404726
0.382699
0.352053
0.315677
0.276303
0.236304
0.197576
0.161525
0.129026
0.100523
0.0761293
0.055773
0.0391536
0.025844
0.015387
0.00733245
0.00132149
-0.00315158
-0.00636095
-0.00856683
-0.00998813
-0.0108041
-0.01116
-0.0111721
-0.0109331
-0.0105161
-0.00997844
-0.00936465
-0.00870897
-0.00803741
-0.00736931
-0.00671882
-0.00609585
-0.00550694
-0.00495605
-0.00444518
-0.00397484
-0.00354454
-0.00315299
-0.00279831
-0.00247835
-0.00219077
-0.00193314
-0.00170304
-0.00149805
-0.0013159
-0.00115438
-0.00101145
-0.000885203
-0.000773883
-0.000675876
-0.000589716
-0.000514072
-0.000447741
-0.000389644
-0.000338814
-0.000294387
-83.8889
-77.9136
-66.6948
-51.3126
-32.8169
-12.0304
10.515
34.5148
59.7511
85.9337
112.577
138.942
164.063
186.838
206.187
221.224
231.394
236.538
236.887
232.972
225.541
215.42
203.404
190.187
176.322
162.22
148.17
134.37
120.962
108.052
95.7159
83.9971
72.8963
62.3627
52.2925
42.5388
32.9356
23.3302
13.6206
3.78335
-6.10685
-15.886
-25.3119
-34.1054
-41.9647
-48.6147
-53.8059
-57.3722
-59.2423
-59.4499
-58.1072
-55.4055
-51.5699
-46.8477
-41.4747
-35.6852
-29.6565
-23.6396
-17.6321
-12.2209
-6.48856
-2.14225
1.8135
4.83259
7.04345
8.36494
8.87013
8.63709
7.79642
6.50189
4.91795
3.2155
1.54654
0.0435055
-1.17841
-2.0524
-2.50347
-2.54312
-2.17182
-1.45858
-0.468435
0.696346
1.93806
3.15493
4.24761
5.14358
5.78927
6.16403
6.27623
6.15645
5.85724
5.43609
4.95489
4.46578
4.00876
3.60783
3.27267
2.99936
2.77365
2.57953
2.39291
2.19732
1.97765
1.72734
1.44621
1.13909
0.815133
0.484591
0.156898
-0.159041
-0.457663
-0.733326
-0.984695
-1.20713
-1.40149
-1.56122
-1.68616
-1.7732
-1.81799
-1.827
-1.79288
-1.73014
-1.63407
-1.51378
-1.37329
-1.22032
-1.06018
-0.899377
-0.741197
-0.590037
-0.446617
-0.312828
-0.189295
-0.0768048
0.0243979
0.113993
0.189887
0.251836
0.298574
0.33015
0.347293
0.351168
0.343364
0.32588
0.301005
0.271103
0.23843
0.204963
0.172319
0.141714
0.113944
0.089429
0.0682996
0.0505372
0.0359315
0.0241545
0.0148327
0.00758746
0.00218411
-0.00189519
-0.00484418
-0.00689676
-0.00824531
-0.00904803
-0.00943374
-0.00950623
-0.00934837
-0.00902583
-0.00859019
-0.00808168
-0.0075313
-0.00696267
-0.00639347
-0.00583667
-0.00530151
-0.00479414
-0.00431841
-0.00387637
-0.00346872
-0.00309523
-0.00275496
-0.00244639
-0.00216776
-0.0019171
-0.00169238
-0.00149152
-0.00131248
-0.00115328
-0.00101204
-0.000886994
-0.000776494
-0.000679017
-0.000593165
-0.000517662
-0.000451352
-0.000393188
-0.000342229
-0.000297632
-0.000258642
-67.9838
-63.1317
-53.9736
-41.3211
-25.9808
-8.61303
10.3195
30.5127
51.7238
73.6581
95.8797
117.771
138.549
157.343
173.307
185.747
194.225
198.609
199.07
196.02
190.043
181.79
171.902
160.947
149.386
137.572
125.76
114.128
102.806
91.887
81.4352
71.485
62.0349
53.0428
44.4256
36.0695
27.8476
19.6456
11.3899
3.06825
-5.25573
-13.449
-21.3176
-28.6369
-35.1657
-40.6824
-44.9908
-47.9596
-49.5316
-49.7323
-48.6509
-46.4391
-43.2784
-39.3698
-34.9078
-30.088
-25.0607
-20.0389
-15.0235
-10.5073
-5.72601
-2.10243
1.19823
3.72319
5.58312
6.7114
7.16939
7.01996
6.37021
5.34445
4.07715
2.70679
1.35855
0.141797
-0.849469
-1.55777
-1.92674
-1.96094
-1.66401
-1.0889
-0.28973
0.651595
1.65602
2.64103
3.52784
4.25783
4.78819
5.10178
5.20445
5.11975
4.88864
4.5563
4.17152
3.77579
3.40147
3.0685
2.78531
2.54999
2.35212
2.17921
2.01331
1.84128
1.6516
1.43879
1.20253
0.946244
0.676912
0.402272
0.130238
-0.13252
-0.38111
-0.610798
-0.820115
-1.00515
-1.16619
-1.29824
-1.40111
-1.47303
-1.50984
-1.51757
-1.48956
-1.43822
-1.35927
-1.26099
-1.14569
-1.02027
-0.888485
-0.75594
-0.625157
-0.500086
-0.380256
-0.268474
-0.165185
-0.0709899
0.0137904
0.0888295
0.152359
0.204507
0.244111
0.271245
0.286453
0.290659
0.285153
0.27156
0.251732
0.227588
0.200969
0.173504
0.146539
0.121104
0.0978972
0.0773009
0.0594421
0.0443355
0.0318399
0.0217069
0.0136389
0.00731889
0.00261167
-0.000990954
-0.00360672
-0.0054459
-0.00667232
-0.00742167
-0.00780496
-0.00791202
-0.00781487
-0.00757071
-0.00722459
-0.00681172
-0.00635932
-0.00588816
-0.00541387
-0.00494798
-0.00449874
-0.00407174
-0.00367053
-0.00329709
-0.0029522
-0.00263581
-0.00234725
-0.00208532
-0.00184861
-0.00163551
-0.00144432
-0.00127333
-0.00112083
-0.000985158
-0.000864739
-0.000758081
-0.000663792
-0.000580586
-0.000507277
-0.000442787
-0.000386131
-0.000336422
-0.00029286
-0.000254728
-0.000221382
-53.6343
-49.7942
-42.5132
-32.391
-20.0355
-5.96372
9.43931
25.8967
43.1735
60.9977
78.9963
96.6668
113.392
128.494
141.323
151.345
158.22
161.843
162.337
160.016
155.325
148.77
140.855
132.029
122.669
113.066
103.433
93.9271
84.6579
75.7051
67.122
58.9355
51.1438
43.7128
36.5783
29.6536
22.8435
16.064
9.26279
2.43477
-4.36767
-11.0388
-17.4268
-23.3547
-28.6343
-33.0911
-36.5735
-38.9797
-40.2648
-40.4476
-39.5976
-37.8328
-35.296
-32.147
-28.5417
-24.6391
-20.5622
-16.4862
-12.414
-8.74744
-4.86663
-1.92568
0.755129
2.81062
4.33241
5.26713
5.6647
5.5746
5.08249
4.28663
3.29432
2.21541
1.15038
0.187351
-0.598895
-1.16042
-1.45503
-1.48337
-1.25023
-0.795635
-0.16327
0.582346
1.3786
2.16031
2.86588
3.44881
3.87546
4.1319
4.22201
4.16373
3.98836
3.73087
3.42903
3.1153
2.81529
2.54525
2.31233
2.11568
1.94786
1.79928
1.65669
1.50986
1.35006
1.17288
0.977936
0.7677
0.547376
0.32312
0.100563
-0.114301
-0.317815
-0.505972
-0.677298
-0.828567
-0.959667
-1.06682
-1.14973
-1.20747
-1.2363
-1.24166
-1.21763
-1.17497
-1.10957
-1.02912
-0.934782
-0.832562
-0.725125
-0.617088
-0.510658
-0.409782
-0.311074
-0.219856
-0.135789
-0.0592517
0.00944864
0.0700738
0.121331
0.163403
0.195428
0.217523
0.230105
0.233903
0.229939
0.21949
0.204005
0.184985
0.163879
0.141977
0.12036
0.099866
0.0810789
0.0643318
0.0497416
0.0373344
0.0270225
0.0186224
0.0119055
0.00663237
0.00263383
-0.000392459
-0.00261149
-0.00418586
-0.0052478
-0.00590918
-0.00626209
-0.00638134
-0.0063271
-0.00614729
-0.00587974
-0.00555405
-0.00519317
-0.00481466
-0.00443175
-0.00405425
-0.00368922
-0.00334151
-0.00301421
-0.00270912
-0.002427
-0.00216792
-0.00193141
-0.00171656
-0.00152225
-0.00134721
-0.00119008
-0.00104948
-0.000924025
-0.000812367
-0.000713223
-0.000625377
-0.000547693
-0.00047912
-0.000418686
-0.000365508
-0.000318779
-0.000277771
-0.000241826
-0.000210355
-0.00018283
-40.516
-37.6106
-32.0753
-24.3357
-14.8334
-3.95597
7.99349
20.7834
34.2096
48.0415
61.9784
75.6294
88.5253
100.158
110.043
117.783
123.124
125.983
126.448
124.747
121.212
116.218
110.147
103.342
96.0951
88.6339
81.131
73.7119
66.4669
59.4602
52.7339
46.309
40.1836
34.332
28.7065
23.2434
17.8738
12.5379
7.19963
1.85818
-3.44529
-8.63008
-13.5816
-18.1665
-22.2431
-25.6801
-28.3649
-30.2216
-31.2168
-31.3647
-30.7175
-29.3642
-27.4131
-24.9859
-22.2026
-19.1863
-16.0332
-12.8801
-9.7303
-6.8954
-3.89686
-1.62544
0.445562
2.03549
3.21664
3.94856
4.27016
4.21898
3.86058
3.26929
2.5268
1.7163
0.914445
0.188779
-0.405092
-0.828858
-1.05245
-1.07489
-0.901023
-0.560044
-0.0851988
0.474303
1.07241
1.65979
2.1907
2.63024
2.95335
3.14951
3.22128
3.18176
3.05387
2.86337
2.63815
2.40231
2.17499
1.96856
1.78872
1.63526
1.50307
1.38521
1.27229
1.15679
1.03242
0.895812
0.746612
0.586465
0.419142
0.248904
0.0802303
-0.0828462
-0.237332
-0.380256
-0.510379
-0.625308
-0.724811
-0.806216
-0.869269
-0.913522
-0.935979
-0.940905
-0.923705
-0.892461
-0.844154
-0.784612
-0.714277
-0.63787
-0.557203
-0.475867
-0.395352
-0.317975
-0.243336
-0.173796
-0.109381
-0.0504958
0.00251569
0.0493838
0.0893728
0.122176
0.147372
0.164992
0.175304
0.178839
0.176364
0.168841
0.157369
0.143091
0.127116
0.110439
0.0939
0.0781535
0.0636625
0.0506909
0.0393688
0.0296908
0.0216183
0.0150192
0.00972503
0.00555638
0.00236463
-4.25896e-05
-0.00181767
-0.00308542
-0.00394795
-0.00449267
-0.0047919
-0.00490462
-0.00487839
-0.00475116
-0.00455296
-0.00430733
-0.00403252
-0.00374255
-0.00344801
-0.00315675
-0.00287446
-0.00260508
-0.00235115
-0.00211415
-0.00189478
-0.00169315
-0.00150895
-0.00134151
-0.00118999
-0.00105342
-0.000930782
-0.000820991
-0.000722989
-0.000635736
-0.000558238
-0.000489552
-0.000428796
-0.000375151
-0.000327864
-0.000286245
-0.000249666
-0.00021756
-0.000189413
-0.000164766
-0.000143206
-28.3297
-26.3087
-22.4289
-16.9667
-10.2198
-2.45727
6.10254
15.2854
24.9338
34.872
44.8778
54.6696
63.9146
72.2561
79.3542
84.9311
88.8074
90.9216
91.3302
90.1899
87.7281
84.2082
79.8969
75.0394
69.8442
64.4779
59.067
53.7052
48.46
43.3791
38.4939
33.8196
29.3551
25.0822
20.9677
16.9675
13.0347
9.12881
5.22615
1.32775
-2.53623
-6.30777
-9.90543
-13.234
-16.193
-18.6886
-20.641
-21.996
-22.7295
-22.8505
-22.3957
-21.4275
-20.0229
-18.2689
-16.2521
-14.0619
-11.7686
-9.47262
-7.17711
-5.11006
-2.92255
-1.26464
0.248416
1.41242
2.28036
2.82267
3.0676
3.04185
2.79276
2.37366
1.8436
1.26253
0.686171
0.162987
-0.26438
-0.569838
-0.731479
-0.74761
-0.622215
-0.375703
-0.0306394
0.372515
0.805422
1.23098
1.61634
1.93621
2.17252
2.31749
2.37272
2.3474
2.25768
2.12194
1.95999
1.78919
1.62335
1.47152
1.338
1.22286
1.12268
1.03256
0.946036
0.857736
0.763286
0.660248
0.54836
0.428777
0.304064
0.177417
0.0520082
-0.0691318
-0.183944
-0.290085
-0.386545
-0.47147
-0.544594
-0.60406
-0.649579
-0.681026
-0.696069
-0.698197
-0.683631
-0.659041
-0.621501
-0.575988
-0.522738
-0.465406
-0.40522
-0.344784
-0.284734
-0.227861
-0.173863
-0.123387
-0.0766537
-0.0342181
0.00371346
0.0370419
0.0651718
0.0882125
0.105779
0.117987
0.125061
0.127393
0.125534
0.120163
0.112044
0.101968
0.0907006
0.0789308
0.0672409
0.0560872
0.0457972
0.0365654
0.0284821
0.0215542
0.0157619
0.0110143
0.00719597
0.00418157
0.00186101
0.000112117
-0.00118247
-0.00211124
-0.00274705
-0.00315254
-0.00337973
-0.00347113
-0.0034611
-0.00337711
-0.00324095
-0.00306969
-0.00287661
-0.00267191
-0.00246332
-0.00225656
-0.00205582
-0.00186399
-0.00168295
-0.00151384
-0.00135718
-0.0012131
-0.00108139
-0.000961614
-0.000853178
-0.000755407
-0.000667572
-0.000588916
-0.000518685
-0.000456142
-0.000400578
-0.000351321
-0.000307741
-0.000269256
-0.000235326
-0.000205458
-0.000179204
-0.000156156
-0.000135948
-0.00011825
-0.000102767
-16.7918
-15.6293
-13.3479
-10.0929
-6.03427
-1.3315
3.88131
9.49331
15.4019
21.4935
27.6271
33.6277
39.2908
44.3991
48.7464
52.1643
54.5437
55.8466
56.106
55.4157
53.9127
51.7563
49.1091
46.121
42.9208
39.6118
36.2735
32.9647
29.728
26.5937
23.5811
20.6999
17.9493
15.3187
12.7882
10.3322
7.92317
5.53792
3.16327
0.800603
-1.53162
-3.79897
-5.95337
-7.93886
-9.69669
-11.1725
-12.3207
-13.1107
-13.5299
-13.5851
-13.2992
-12.7102
-11.8645
-10.8142
-9.61122
-8.30894
-6.94933
-5.59185
-4.23859
-3.02305
-1.74077
-0.771324
0.111719
0.789355
1.29411
1.60958
1.75292
1.74009
1.59895
1.36041
1.05857
0.727841
0.400095
0.103069
-0.139848
-0.313182
-0.405283
-0.415199
-0.345731
-0.208414
-0.0191263
0.208786
0.450186
0.687151
0.901482
1.07923
1.21046
1.29093
1.32157
1.30749
1.25765
1.18219
1.09208
0.996866
0.904277
0.819341
0.744493
0.679856
0.623625
0.573159
0.524972
0.476096
0.424138
0.367723
0.306659
0.241525
0.173639
0.105119
0.0361609
-0.0299571
-0.0927853
-0.151041
-0.204273
-0.25144
-0.292383
-0.326101
-0.352455
-0.371265
-0.381308
-0.384243
-0.378161
-0.366245
-0.347242
-0.323704
-0.295665
-0.265059
-0.232526
-0.199436
-0.166971
-0.136162
-0.104143
-0.0754845
-0.0488519
-0.0242872
-0.00201673
0.0178131
0.0348796
0.0490113
0.0600169
0.0678804
0.0726802
0.0746118
0.0739771
0.0711668
0.066632
0.0608486
0.0542817
0.0473518
0.0404198
0.0337733
0.0276218
0.0220894
0.0172241
0.0130656
0.00958151
0.00672092
0.0044166
0.00259416
0.00118677
0.000125965
-0.000661521
-0.00122819
-0.00161776
-0.00186785
-0.00200977
-0.00206917
-0.00206679
-0.00201926
-0.0019398
-0.00183878
-0.00172425
-0.00160242
-0.001478
-0.00135447
-0.00123439
-0.00111953
-0.00101105
-0.000909645
-0.000815663
-0.000729185
-0.000650108
-0.000578166
-0.000513017
-0.000454262
-0.000401464
-0.000354174
-0.000311941
-0.000274324
-0.0002409
-0.000211266
-0.000185044
-0.000161884
-0.000141463
-0.000123486
-0.000107681
-9.38065e-05
-8.16401e-05
-7.09843e-05
-6.16616e-05
-5.62891
-5.33609
-4.64032
-3.5636
-2.15002
-0.446244
1.50556
3.66819
6.00463
8.47127
11.0116
13.5531
16.0087
18.2831
20.2824
21.9253
23.1533
23.9368
24.2765
24.2001
23.7565
23.0069
22.0164
20.8477
19.5562
18.188
16.7796
15.3591
13.9477
12.5612
11.2105
9.90186
8.63672
7.41162
6.21868
5.04696
3.88454
2.72136
1.55203
0.378232
-0.790056
-1.93483
-3.03105
-4.04944
-4.95896
-5.73042
-6.33881
-6.76667
-7.00545
-7.05655
-6.92994
-6.64353
-6.22007
-5.68575
-5.06705
-4.39177
-3.6821
-2.96978
-2.25638
-1.61341
-0.93274
-0.416856
0.0537436
0.416321
0.68707
0.857073
0.935192
0.92974
0.855492
0.728892
0.568227
0.391923
0.217211
0.0590318
-0.0698211
-0.161286
-0.209096
-0.212726
-0.173885
-0.0988463
0.00449701
0.126355
0.255632
0.381938
0.4956
0.589269
0.657808
0.699127
0.713872
0.704911
0.677058
0.63576
0.58679
0.535196
0.484946
0.43866
0.397561
0.361676
0.330084
0.301375
0.273848
0.246013
0.216746
0.185418
0.151972
0.116806
0.0807706
0.0441297
0.00926731
-0.0247882
-0.0565761
-0.0856606
-0.111687
-0.134255
-0.153236
-0.168229
-0.179134
-0.185951
-0.188193
-0.186945
-0.180967
-0.172524
-0.160704
-0.14681
-0.131142
-0.114773
-0.0980441
-0.0817899
-0.0655264
-0.049111
-0.038275
-0.0263623
-0.015309
-0.00556672
0.00287961
0.01005
0.0159024
0.0204844
0.0238156
0.0259709
0.0270441
0.0271538
0.0264398
0.0250592
0.0231746
0.0209492
0.0185354
0.0160657
0.0136484
0.0113675
0.00928049
0.00741639
0.00577817
0.00439099
0.00322723
0.00227067
0.00149906
0.000887696
0.000414313
5.74092e-05
-0.000208189
-0.00039971
-0.000531769
-0.000616948
-0.000665722
-0.000686684
-0.000686793
-0.000671647
-0.000645686
-0.000612407
-0.000574528
-0.000534136
-0.000492815
-0.000451743
-0.000411781
-0.00037353
-0.000337384
-0.000303582
-0.000272241
-0.000243393
-0.000217007
-0.000192995
-0.000171246
-0.000151627
-0.000133994
-0.000118198
-0.000104089
-9.15208e-05
-8.03512e-05
-7.04468e-05
-6.16818e-05
-5.39394e-05
-4.71118e-05
-4.11003e-05
-3.58149e-05
-3.1174e-05
-2.71041e-05
-2.3539e-05
-2.04194e-05
-0.0437128
-0.0362115
-0.0299456
-0.0247134
-0.0203672
-0.0167631
-0.0137864
-0.0113272
-0.00930403
-0.00764339
-0.00628467
-0.00517694
-0.004278
-0.00355261
-0.00297261
-0.00251366
-0.00215139
-0.0018745
-0.00166971
-0.0015264
-0.00143638
-0.00139304
-0.00139133
-0.00142945
-0.00150397
-0.00161316
-0.00175896
-0.00193846
-0.00215425
-0.00240866
-0.00270437
-0.00304492
-0.00343434
-0.00387752
-0.00437982
-0.00494753
-0.00558633
-0.00631108
-0.00711417
-0.00801435
-0.00901659
-0.0101289
-0.0113562
-0.0127026
-0.0141679
-0.0157464
-0.0174241
-0.0191743
-0.0209529
-0.0226899
-0.02428
-0.025567
-0.0263243
-0.0262664
-0.0250219
-0.0217746
-0.015743
-0.00573549
0.00977751
0.0329129
0.0670076
0.116159
0.185251
0.2813
0.413402
0.593063
0.834874
1.15647
1.57925
2.12678
2.82528
3.69774
4.76288
6.02102
7.45217
8.98796
10.5668
11.9423
13.1021
13.5978
13.8541
13.2442
13.0566
11.978
-0.0443325
-0.0368753
-0.0306561
-0.0254644
-0.0211552
-0.0175838
-0.0146344
-0.012201
-0.0102002
-0.00855958
-0.00721882
-0.00612736
-0.00524321
-0.00453126
-0.00396334
-0.00351631
-0.00316522
-0.00289839
-0.00270286
-0.00256802
-0.0024857
-0.00244981
-0.00245518
-0.00249791
-0.00257597
-0.00268709
-0.00283557
-0.00301424
-0.00323062
-0.00348516
-0.0037807
-0.00412081
-0.00450967
-0.00495216
-0.00545381
-0.00602081
-0.00665847
-0.00738403
-0.00818614
-0.00908643
-0.0100894
-0.0112024
-0.0124311
-0.0137797
-0.015248
-0.0168307
-0.0185141
-0.0202724
-0.0220622
-0.0238156
-0.0254312
-0.0267625
-0.0276086
-0.0276493
-0.0261467
-0.0227146
-0.0166449
-0.00661388
0.00891865
0.032073
0.0662312
0.115418
0.184569
0.280694
0.412894
0.592679
0.834644
1.15643
1.57944
2.12724
2.82603
3.69881
4.76425
6.02264
7.4539
8.98963
10.568
11.9432
13.1026
13.5976
13.8533
13.2431
13.0555
11.9769
-0.0430396
-0.035615
-0.0294209
-0.0242551
-0.0199634
-0.0164048
-0.013462
-0.0110314
-0.00902963
-0.00738504
-0.00603796
-0.0049383
-0.00404451
-0.00332176
-0.00274279
-0.00228483
-0.00191853
-0.001639
-0.00143099
-0.00128412
-0.00119046
-0.00114359
-0.00113982
-0.00117531
-0.00124783
-0.00135607
-0.00150068
-0.00167978
-0.00189583
-0.00215094
-0.00244761
-0.00278935
-0.00318013
-0.00362476
-0.00412865
-0.00469787
-0.00533855
-0.00606441
-0.00686935
-0.0077708
-0.00877465
-0.009888
-0.0111162
-0.0124632
-0.0139285
-0.0155063
-0.0171821
-0.0189287
-0.020701
-0.0224273
-0.0239986
-0.0252493
-0.0259258
-0.0257516
-0.0248094
-0.0216743
-0.0156757
-0.00567546
0.00984587
0.032973
0.0671142
0.116291
0.185444
0.281583
0.413816
0.59366
0.835717
1.15763
1.58083
2.12887
2.82797
3.70111
4.76695
6.02575
7.45738
8.99339
10.572
11.9467
13.1048
13.5992
13.8542
13.2438
13.0561
11.9773
-0.0432282
-0.0359001
-0.0298023
-0.0247199
-0.0205045
-0.0170127
-0.0141296
-0.0117526
-0.00979925
-0.00819844
-0.00689137
-0.00582848
-0.00496872
-0.00427769
-0.00372746
-0.00329614
-0.00295959
-0.00270506
-0.00252041
-0.00239513
-0.00232116
-0.00229252
-0.0023032
-0.00235106
-0.00243324
-0.0025465
-0.00269848
-0.00287818
-0.00309554
-0.00335049
-0.00364615
-0.00398615
-0.00437478
-0.00481697
-0.00531836
-0.00588516
-0.00652383
-0.00724602
-0.00805042
-0.00895146
-0.00995545
-0.0110701
-0.0123011
-0.0136527
-0.0151251
-0.0167133
-0.0184041
-0.0201721
-0.021975
-0.0237464
-0.0253884
-0.0267627
-0.0276922
-0.0279016
-0.0261285
-0.0226143
-0.0165375
-0.00651559
0.00901827
0.0321147
0.0662953
0.115466
0.184621
0.28077
0.413024
0.592907
0.835029
1.15705
1.5804
2.12865
2.82804
3.70152
4.76777
6.02699
7.45894
8.99512
10.5734
11.9477
13.1061
13.5996
13.8539
13.243
13.0553
11.9765
-0.0421376
-0.0348803
-0.028839
-0.0238075
-0.0196293
-0.0161653
-0.0132995
-0.0109327
-0.00898244
-0.00737931
-0.00606525
-0.00499167
-0.00411818
-0.00341115
-0.00284404
-0.00239376
-0.00203322
-0.00175746
-0.00155159
-0.00140561
-0.00131205
-0.00126502
-0.00126057
-0.00129524
-0.00136714
-0.00147467
-0.00161955
-0.00179802
-0.00201423
-0.00226962
-0.00256667
-0.00290888
-0.00330015
-0.00374534
-0.00424981
-0.00481968
-0.00546139
-0.00618655
-0.00699284
-0.00789509
-0.00889974
-0.0100141
-0.0112434
-0.0125917
-0.0140585
-0.0156381
-0.0173159
-0.0190648
-0.0208391
-0.0225665
-0.024136
-0.0253755
-0.0260078
-0.0256501
-0.0250155
-0.0219978
-0.0160645
-0.0061171
0.00935345
0.0323983
0.0664986
0.115601
0.18469
0.280777
0.412979
0.592828
0.834948
1.15701
1.58047
2.12892
2.82859
3.70248
4.76926
6.02909
7.46169
8.99847
10.5774
11.9518
13.1084
13.6011
13.8546
13.2433
13.0557
11.9767
-0.0417362
-0.0346211
-0.0287104
-0.0237927
-0.0197162
-0.0163406
-0.0135534
-0.011256
-0.00936804
-0.00782103
-0.00655817
-0.00553166
-0.00470187
-0.00403563
-0.00350587
-0.00309133
-0.00277017
-0.00252783
-0.00235376
-0.00223743
-0.00217105
-0.00214863
-0.00216455
-0.00221689
-0.00230258
-0.0024188
-0.00257059
-0.0027528
-0.00297083
-0.00322612
-0.00352183
-0.00386167
-0.00425003
-0.00469187
-0.00519295
-0.00575947
-0.00639834
-0.0071191
-0.00792448
-0.00882616
-0.00983111
-0.0109473
-0.0121805
-0.0135353
-0.0150121
-0.0166062
-0.0183048
-0.0200833
-0.0219003
-0.0236907
-0.0253591
-0.0267731
-0.0277769
-0.0282922
-0.0262494
-0.0227259
-0.0166928
-0.00673571
0.00871821
0.0317123
0.0657861
0.11483
0.183855
0.279873
0.41201
0.591805
0.833896
1.15597
1.5795
2.12811
2.82807
3.70235
4.76966
6.03013
7.46333
9.00058
10.5794
11.9531
13.1105
13.6022
13.8547
13.2429
13.0551
11.9762
-0.0406379
-0.0336448
-0.0278334
-0.0230006
-0.0189898
-0.0156654
-0.012915
-0.0106433
-0.00877122
-0.00723201
-0.00597
-0.00493861
-0.00409914
-0.00341946
-0.00287355
-0.00243845
-0.00209478
-0.00182744
-0.00162916
-0.00148862
-0.00139894
-0.0013547
-0.00135197
-0.00138783
-0.00146062
-0.00156849
-0.00171335
-0.0018921
-0.00210837
-0.00236372
-0.00266064
-0.00300266
-0.00339368
-0.00383857
-0.00434275
-0.00491237
-0.00555413
-0.00627785
-0.00708479
-0.00798733
-0.00899248
-0.0101078
-0.0113387
-0.0126892
-0.0141594
-0.0157436
-0.0174276
-0.0191846
-0.0209694
-0.0227099
-0.0242947
-0.0255494
-0.0261799
-0.0256327
-0.0252861
-0.0223701
-0.0165316
-0.00668674
0.00866695
0.0315659
0.0655201
0.114441
0.183336
0.27922
0.411223
0.590896
0.832893
1.15492
1.57849
2.12723
2.82746
3.70219
4.77013
6.0314
7.46547
9.00358
10.5832
11.9577
13.1131
13.6039
13.8554
13.243
13.0553
11.9763
-0.0398115
-0.0330016
-0.027351
-0.0226568
-0.0187671
-0.0155469
-0.0128876
-0.0106953
-0.00889327
-0.00741627
-0.00621034
-0.00523
-0.00443759
-0.00380164
-0.00329644
-0.00290098
-0.00259629
-0.00236723
-0.00220388
-0.00209627
-0.00203701
-0.00202037
-0.00204091
-0.00209721
-0.00218498
-0.00230409
-0.0024563
-0.00263995
-0.00285844
-0.00311388
-0.00340948
-0.003749
-0.00413692
-0.00457823
-0.00507876
-0.00564477
-0.00628332
-0.00700304
-0.00780865
-0.00871064
-0.00971626
-0.0108338
-0.0120691
-0.013427
-0.0149083
-0.0165088
-0.0182162
-0.0200064
-0.0218392
-0.0236505
-0.0253466
-0.0267988
-0.0278642
-0.0285851
-0.0264772
-0.0230212
-0.0170805
-0.00724347
0.00806221
0.0308872
0.0647489
0.113554
0.182315
0.278052
0.409901
0.589426
0.831298
1.15325
1.57681
2.12567
2.82617
3.70135
4.76995
6.03207
7.46705
9.00599
10.5859
11.9595
13.1158
13.6055
13.856
13.2429
13.0551
11.976
-0.0385909
-0.0319565
-0.0264502
-0.0218766
-0.0180833
-0.0149399
-0.0123394
-0.0101914
-0.00842092
-0.00696498
-0.00577114
-0.00479537
-0.00400113
-0.00335809
-0.00284132
-0.00242961
-0.002106
-0.00185357
-0.00166723
-0.00153582
-0.00145317
-0.00141428
-0.00141537
-0.0014542
-0.00152886
-0.00163813
-0.00178335
-0.00196273
-0.00217903
-0.00243416
-0.00273062
-0.00307199
-0.00346223
-0.00390625
-0.00440953
-0.00497826
-0.00561934
-0.00634145
-0.00714842
-0.00805098
-0.00905654
-0.010173
-0.011406
-0.0127599
-0.0142351
-0.0158264
-0.0175204
-0.0192909
-0.0210938
-0.0228579
-0.0244733
-0.0257666
-0.0264373
-0.0258482
-0.0256369
-0.0228246
-0.017113
-0.00742061
0.00775081
0.0304423
0.0641386
0.112769
0.181338
0.276867
0.408501
0.587814
0.8295
1.15132
1.57483
2.12377
2.82454
3.7002
4.76953
6.03264
7.46872
9.00875
10.5897
11.9644
13.1189
13.6075
13.8568
13.243
13.0552
11.9761
-0.0374364
-0.0310251
-0.0257093
-0.0212978
-0.017643
-0.0146173
-0.0121178
-0.0100565
-0.00836119
-0.00697092
-0.00583521
-0.00491155
-0.00416477
-0.00356548
-0.00308961
-0.00271705
-0.00243095
-0.00221719
-0.00206546
-0.00196707
-0.00191507
-0.00190413
-0.00192917
-0.00198835
-0.00207852
-0.00219964
-0.00235245
-0.00253686
-0.00275548
-0.00301072
-0.00330585
-0.00364467
-0.00403173
-0.00447207
-0.00497158
-0.00553657
-0.0061742
-0.00689266
-0.0076978
-0.00859961
-0.00960545
-0.0107239
-0.0119611
-0.0133222
-0.0148084
-0.016416
-0.0181333
-0.0199372
-0.0217882
-0.0236235
-0.0253507
-0.0268425
-0.0279601
-0.0287819
-0.0268058
-0.0234691
-0.0176673
-0.0080061
0.00708493
0.0296703
0.0632162
0.111673
0.180038
0.275341
0.406733
0.585804
0.827267
1.14891
1.57235
2.12135
2.82237
3.69854
4.76866
6.03285
7.47012
9.01133
10.593
11.967
13.1221
13.6096
13.8577
13.243
13.0551
11.976
-0.0360414
-0.0298563
-0.0247273
-0.0204704
-0.0169413
-0.0140171
-0.0115979
-0.0095994
-0.00795185
-0.00659671
-0.00548535
-0.00457705
-0.00383786
-0.00323958
-0.00275892
-0.00237643
-0.00207623
-0.00184474
-0.00167305
-0.00155368
-0.00148052
-0.001449
-0.00145563
-0.00149864
-0.00157618
-0.00168761
-0.00183372
-0.00201389
-0.00223029
-0.00248506
-0.00278083
-0.00312121
-0.00351027
-0.00395295
-0.00445483
-0.00502215
-0.00566193
-0.00638227
-0.00718868
-0.008091
-0.00909684
-0.0102145
-0.01145
-0.0128081
-0.0142898
-0.0158905
-0.0175977
-0.0193865
-0.021214
-0.0230112
-0.0246706
-0.026023
-0.0267717
-0.0262554
-0.0260677
-0.023386
-0.017835
-0.0083449
0.00658095
0.0289977
0.0623287
0.110558
0.178668
0.27369
0.404783
0.583553
0.824738
1.14616
1.56947
2.1185
2.81978
3.69647
4.76745
6.03281
7.47143
9.014
10.5968
11.9719
13.1257
13.6119
13.8587
13.2431
13.0552
11.976
-0.0346161
-0.0286936
-0.0237848
-0.0197131
-0.0163397
-0.0135463
-0.0112375
-0.00933234
-0.0077643
-0.00647733
-0.00542511
-0.00456871
-0.00387589
-0.00331978
-0.00287821
-0.00253264
-0.00226779
-0.00207117
-0.00193259
-0.00184429
-0.00180006
-0.00179503
-0.00182447
-0.00188653
-0.00197892
-0.00210152
-0.00225486
-0.00243958
-0.00265798
-0.00291266
-0.00320692
-0.00354463
-0.0039304
-0.00436931
-0.00486731
-0.00543079
-0.00606694
-0.00678379
-0.00758789
-0.00848907
-0.00949475
-0.0106139
-0.011853
-0.0132175
-0.0147091
-0.0163247
-0.0180536
-0.0198734
-0.0217459
-0.0236095
-0.0253727
-0.026908
-0.0280734
-0.0289388
-0.0272339
-0.02405
-0.0184315
-0.00900058
0.00581151
0.0280864
0.0612105
0.109208
0.177047
0.271763
0.402527
0.58096
0.821825
1.14298
1.56613
2.11517
2.8167
3.69393
4.76583
6.03247
7.47256
9.01663
10.6006
11.9754
13.1294
13.6144
13.8597
13.2432
13.0553
11.976
-0.0330302
-0.0273806
-0.0226971
-0.0188115
-0.0155902
-0.0129208
-0.0107118
-0.00888632
-0.00738096
-0.00614238
-0.0051264
-0.00429598
-0.00362036
-0.00307391
-0.00263536
-0.00228708
-0.0020147
-0.00180624
-0.0016528
-0.00154794
-0.00148627
-0.00146374
-0.00147727
-0.00152542
-0.00160666
-0.00172074
-0.00186818
-0.00204919
-0.00226564
-0.00251988
-0.00281467
-0.00315368
-0.0035411
-0.00398194
-0.00448185
-0.0050472
-0.00568505
-0.00640334
-0.00720856
-0.00811028
-0.00911613
-0.010235
-0.0114733
-0.0128362
-0.0143254
-0.0159373
-0.0176606
-0.0194717
-0.0213297
-0.0231681
-0.0248832
-0.0263121
-0.027172
-0.0268149
-0.0265757
-0.0240664
-0.0187116
-0.00947406
0.00514405
0.0272166
0.0600751
0.107792
0.175311
0.269672
0.400053
0.578094
0.818587
1.13943
1.56238
2.1114
2.81316
3.69097
4.76383
6.03186
7.47356
9.01928
10.6046
11.9803
13.1335
13.6171
13.8609
13.2433
13.0554
11.9761
-0.0313725
-0.026023
-0.0215887
-0.0179106
-0.0148619
-0.012336
-0.0102467
-0.00852107
-0.00709941
-0.00593136
-0.00497537
-0.00419648
-0.00356585
-0.00305939
-0.00265719
-0.00234267
-0.00210219
-0.00192453
-0.00180093
-0.00172375
-0.00168827
-0.00168927
-0.00172332
-0.0017884
-0.00188293
-0.00200677
-0.00216055
-0.00234526
-0.00256315
-0.00281694
-0.00311
-0.00344623
-0.0038303
-0.00426736
-0.00476338
-0.00532486
-0.00595902
-0.00667389
-0.00747644
-0.00837661
-0.0093818
-0.0105015
-0.0117425
-0.0131106
-0.0146084
-0.0162333
-0.0179756
-0.0198142
-0.0217121
-0.023609
-0.0254145
-0.0270002
-0.0282144
-0.0290871
-0.0277599
-0.0247528
-0.0193606
-0.0102131
0.00425734
0.0261505
0.0587449
0.106173
0.173353
0.267331
0.397295
0.574904
0.814981
1.13546
1.55818
2.10715
2.80915
3.68754
4.76144
6.03096
7.4744
9.02193
10.6087
11.9847
13.1377
13.62
13.8622
13.2435
13.0555
11.9762
-0.0301655
-0.0250273
-0.0207679
-0.0172344
-0.0143048
-0.0118766
-0.00986706
-0.00820613
-0.0068365
-0.0057098
-0.0047861
-0.00403182
-0.00341918
-0.00292497
-0.00253003
-0.00221838
-0.00197693
-0.00179488
-0.00166432
-0.00157838
-0.00153271
-0.00152326
-0.00154729
-0.00160336
-0.00169029
-0.00180808
-0.00195728
-0.00213873
-0.00235437
-0.00260674
-0.00289891
-0.00323467
-0.00361842
-0.00405526
-0.00455103
-0.00511214
-0.00574586
-0.00645993
-0.00726175
-0.00816077
-0.00916467
-0.0102829
-0.0115223
-0.0128886
-0.0143845
-0.0160072
-0.0177467
-0.0195815
-0.0214729
-0.0233576
-0.0251368
-0.0266573
-0.027663
-0.027572
-0.0271781
-0.0248588
-0.0197274
-0.0107886
0.00346291
0.0251225
0.0573976
0.104491
0.171287
0.264839
0.394357
0.571533
0.81125
1.13153
1.55433
2.10383
2.80704
3.6875
4.76459
6.03853
7.48723
9.04049
10.632
12.0103
13.16
13.6345
13.8643
13.2349
13.0381
11.9159
-0.0295258
-0.024497
-0.020329
-0.0168721
-0.0140066
-0.0116321
-0.00966747
-0.00804424
-0.00670634
-0.00560647
-0.00470562
-0.00397101
-0.00337557
-0.0028967
-0.00251575
-0.00221719
-0.00198827
-0.00181848
-0.00170007
-0.00162586
-0.00159143
-0.00159248
-0.00162604
-0.00169032
-0.00178413
-0.00190736
-0.00206066
-0.00224506
-0.0024627
-0.00271626
-0.00300904
-0.00334492
-0.0037285
-0.00416494
-0.00466021
-0.00522083
-0.00585408
-0.00656792
-0.00736971
-0.00826938
-0.0092744
-0.0103947
-0.0116374
-0.0130088
-0.0145119
-0.0161451
-0.0178998
-0.019756
-0.0216783
-0.0236081
-0.0254564
-0.0270932
-0.0283519
-0.0291793
-0.0283007
-0.0255304
-0.0204237
-0.0116384
0.00238276
0.0237546
0.0555928
0.102184
0.168351
0.261136
0.389745
0.565878
0.804445
1.12353
1.54521
2.09383
2.79667
3.67762
4.75651
6.03401
7.48802
9.04825
10.6474
12.0313
13.1835
13.6546
13.8763
13.2387
13.0439
11.93
-0.0288719
-0.0239539
-0.0198783
-0.0164983
-0.0136967
-0.0113753
-0.0094544
-0.00786709
-0.00655847
-0.00548222
-0.00460016
-0.00388015
-0.00329569
-0.00282462
-0.00244863
-0.00215251
-0.00192375
-0.00175207
-0.00163013
-0.00155107
-0.00151087
-0.00150576
-0.00153322
-0.00159185
-0.00168068
-0.00179976
-0.0019497
-0.00213146
-0.002347
-0.00259892
-0.00289033
-0.00322505
-0.00360754
-0.00404292
-0.00453708
-0.00509651
-0.00572846
-0.00644086
-0.00724116
-0.00813922
-0.00914252
-0.0102611
-0.0115022
-0.0128722
-0.0143743
-0.016007
-0.0177616
-0.0196185
-0.0215417
-0.0234714
-0.0253141
-0.0269257
-0.0280733
-0.0282591
-0.0278021
-0.025748
-0.0209202
-0.0123918
0.00133257
0.0223603
0.0536952
0.0997196
0.165178
0.257097
0.384675
0.559612
0.796847
1.11452
1.53483
2.08231
2.78456
3.66582
4.74649
6.02778
7.48777
9.0561
10.6644
12.0558
13.2119
13.6795
13.892
13.2446
13.0536
11.9556
-0.0282081
-0.0234035
-0.0194225
-0.0161216
-0.0133861
-0.0111198
-0.00924498
-0.00769618
-0.00641981
-0.00537066
-0.00451149
-0.003811
-0.0032434
-0.00278715
-0.00242449
-0.00214064
-0.00192346
-0.00176292
-0.00165197
-0.00158337
-0.00155308
-0.00155713
-0.00159277
-0.00165833
-0.00175278
-0.00187611
-0.00202901
-0.00221264
-0.00242914
-0.00268122
-0.00297222
-0.00330604
-0.00368731
-0.0041212
-0.00461372
-0.00517143
-0.00580163
-0.00651235
-0.00731113
-0.00820812
-0.00921069
-0.0103293
-0.0115714
-0.0129438
-0.0144502
-0.01609
-0.0178556
-0.0197289
-0.0216763
-0.0236418
-0.0255389
-0.0272391
-0.0285667
-0.0293962
-0.0289572
-0.0264194
-0.0216631
-0.0133292
0.000117203
0.0208013
0.0516008
0.0970198
0.161708
0.252676
0.379109
0.552706
0.78843
1.10448
1.52318
2.06927
2.77067
3.65207
4.73451
6.01983
7.48645
9.06401
10.6831
12.0837
13.2449
13.7094
13.9113
13.2525
13.0674
11.9929
-0.0275319
-0.0228422
-0.0189569
-0.0157358
-0.0130667
-0.0108554
-0.00902617
-0.0075149
-0.00626927
-0.0052451
-0.004406
-0.00372137
-0.00316598
-0.00271875
-0.00236231
-0.00208218
-0.00186647
-0.00170542
-0.00159236
-0.00152032
-0.00148572
-0.00148503
-0.00151595
-0.00157716
-0.00166787
-0.00178816
-0.00193873
-0.00212066
-0.00233593
-0.00258717
-0.00287757
-0.00321097
-0.00359188
-0.00402545
-0.00451761
-0.00507492
-0.00570466
-0.00641484
-0.00721312
-0.00810964
-0.00911178
-0.0102302
-0.0114725
-0.0128456
-0.0143537
-0.0159963
-0.0177663
-0.0196462
-0.0216028
-0.0235803
-0.0254907
-0.0271991
-0.0284946
-0.0289693
-0.0284684
-0.0267423
-0.0222667
-0.014212
-0.00109944
0.0191956
0.0493931
0.0941492
0.157991
0.247911
0.373078
0.545185
0.779213
1.09342
1.51026
2.05469
2.75501
3.63637
4.72055
6.01014
7.48405
9.07199
10.7035
12.115
13.2836
13.7443
13.9342
13.2622
13.085
12.042
-0.0268454
-0.0222729
-0.0184854
-0.0153459
-0.0127447
-0.0105902
-0.00880828
-0.00733645
-0.00612373
-0.00512708
-0.00431109
-0.00364599
-0.00310728
-0.00267453
-0.0023309
-0.00206239
-0.00185745
-0.00170659
-0.00160343
-0.00154067
-0.00151475
-0.00152197
-0.00155981
-0.00162672
-0.00172187
-0.00184533
-0.00199786
-0.0021807
-0.00239601
-0.00264656
-0.00293572
-0.0032674
-0.00364624
-0.00407746
-0.00456708
-0.00512171
-0.00574869
-0.00645612
-0.00725171
-0.00814587
-0.00914586
-0.0102628
-0.0115044
-0.0128779
-0.0143881
-0.0160352
-0.0178132
-0.0197057
-0.0216817
-0.023688
-0.0256417
-0.0274174
-0.0288352
-0.0297056
-0.0297284
-0.0274115
-0.0230559
-0.0152368
-0.00244943
0.017454
0.0470052
0.0910611
0.153993
0.242778
0.366564
0.537034
0.769186
1.08133
1.49607
2.03857
2.73756
3.61869
4.70459
5.99866
7.48052
9.08001
10.7255
12.1498
13.3263
13.7843
13.9606
13.2736
13.1066
12.1033
-0.0261476
-0.021694
-0.0180054
-0.0149483
-0.0124157
-0.0103182
-0.00858338
-0.00715048
-0.00596976
-0.00499924
-0.0042044
-0.0035562
-0.00303073
-0.00260804
-0.00227169
-0.002008
-0.0018057
-0.00165555
-0.00155156
-0.00148667
-0.00145776
-0.00146156
-0.00149597
-0.00155974
-0.00165225
-0.00177368
-0.00192477
-0.00210669
-0.00232149
-0.00257182
-0.00286096
-0.00319274
-0.00357174
-0.00400312
-0.00449288
-0.00504761
-0.00567465
-0.0063821
-0.00717779
-0.00807217
-0.0090725
-0.0101901
-0.011433
-0.0128088
-0.0143223
-0.0159745
-0.01776
-0.0196634
-0.0216545
-0.0236817
-0.025663
-0.0274721
-0.0289168
-0.029667
-0.0290791
-0.0278353
-0.0237605
-0.0162427
-0.00382655
0.0156182
0.0445215
0.0877939
0.149741
0.237297
0.359584
0.528267
0.758357
1.06822
1.48061
2.02092
2.71831
3.59902
4.68659
5.98538
7.47584
9.08805
10.7491
12.1881
13.3741
13.8294
13.9905
13.2865
13.1319
12.1771
-0.0254142
-0.0210856
-0.0175011
-0.0145309
-0.0120708
-0.0100336
-0.0083491
-0.0069581
-0.00581227
-0.00487085
-0.00410035
-0.00347258
-0.00296441
-0.00255657
-0.00223317
-0.00198105
-0.00178928
-0.00164894
-0.00155421
-0.00149795
-0.00147696
-0.00148784
-0.00152829
-0.00159689
-0.00169298
-0.00181674
-0.00196899
-0.00215107
-0.00236517
-0.00261411
-0.00290129
-0.00323065
-0.00360685
-0.00403515
-0.00452159
-0.00507284
-0.00569626
-0.00640009
-0.00719214
-0.00808321
-0.00908033
-0.0101954
-0.0114364
-0.0128114
-0.014326
-0.0159815
-0.0177737
-0.0196884
-0.0216974
-0.0237514
-0.0257723
-0.0276399
-0.0291774
-0.0301598
-0.030823
-0.02855
-0.0246516
-0.0174271
-0.00540776
0.0135194
0.0417209
0.0840946
0.14492
0.231069
0.351628
0.518243
0.745933
1.05312
1.46271
2.00038
2.69579
3.57584
4.66516
5.96924
7.46965
9.09685
10.7765
12.2333
13.431
13.8837
14.0266
13.3016
13.163
12.2703
-0.0246441
-0.0204462
-0.0169707
-0.0140913
-0.0117068
-0.00973242
-0.00810006
-0.00675221
-0.00564197
-0.00472974
-0.003983
-0.00337438
-0.00288142
-0.00248538
-0.00217083
-0.00192495
-0.00173713
-0.00159872
-0.00150434
-0.00144706
-0.00142414
-0.00143261
-0.00147057
-0.00153693
-0.0016312
-0.00175366
-0.00190512
-0.00208685
-0.00230092
-0.00255006
-0.00283759
-0.00316736
-0.00354399
-0.00397268
-0.00445946
-0.00501098
-0.00563463
-0.00633863
-0.00713093
-0.00802243
-0.00902013
-0.0101362
-0.0113791
-0.012757
-0.0142761
-0.0159385
-0.0177407
-0.01967
-0.0216999
-0.0237833
-0.0258449
-0.0277677
-0.0293763
-0.0303996
-0.0295739
-0.0291357
-0.025558
-0.0187022
-0.00715017
0.011171
0.038587
0.0799214
0.139458
0.223985
0.342546
0.506754
0.731634
1.03566
1.44192
1.97638
2.66929
3.54833
4.6394
5.94937
7.46125
9.10608
10.8079
12.2864
13.4989
13.949
14.0699
13.3191
13.2012
12.389
-0.0238627
-0.0197978
-0.0164331
-0.013646
-0.0113384
-0.00942815
-0.00784919
-0.00654578
-0.00547251
-0.00459106
-0.00386996
-0.00328277
-0.00280782
-0.00242707
-0.00212568
-0.00189134
-0.00171382
-0.00158483
-0.00149901
-0.00144963
-0.00143378
-0.00144839
-0.00149141
-0.00156162
-0.00165853
-0.00178244
-0.00193427
-0.0021154
-0.00232807
-0.00257516
-0.0028601
-0.00318684
-0.00356007
-0.00398506
-0.00446791
-0.00501532
-0.00563472
-0.00633443
-0.00712245
-0.00800999
-0.00900383
-0.0101167
-0.0113572
-0.0127341
-0.0142538
-0.0159195
-0.0177287
-0.01967
-0.0217189
-0.023831
-0.0259341
-0.0279163
-0.0296087
-0.0307673
-0.0318191
-0.0299059
-0.0265687
-0.0200729
-0.00900172
0.00867995
0.0352787
0.0755025
0.133664
0.216453
0.332864
0.494472
0.716299
1.01687
1.41946
1.95034
2.64038
3.51811
4.61082
5.92692
7.45114
9.11523
10.8415
12.3445
13.574
14.0217
14.1177
13.3373
13.2436
12.5266
-0.0230702
-0.0191401
-0.0158875
-0.0131939
-0.0109641
-0.00911855
-0.00759329
-0.00633437
-0.00529784
-0.0044466
-0.0037502
-0.00318304
-0.00272414
-0.00235604
-0.00206439
-0.00183724
-0.00166469
-0.00153879
-0.00145442
-0.0014053
-0.0013888
-0.0014023
-0.00144408
-0.00151318
-0.00160929
-0.00173276
-0.0018845
-0.00206583
-0.00227891
-0.0025265
-0.00281201
-0.00313929
-0.00351301
-0.00393839
-0.00442152
-0.00496909
-0.00558855
-0.00628822
-0.00707622
-0.00796388
-0.0089579
-0.0100714
-0.0113133
-0.0126925
-0.0142162
-0.0158883
-0.0177073
-0.019663
-0.0217331
-0.0238759
-0.0260229
-0.0280668
-0.0298452
-0.0311185
-0.0312333
-0.0305974
-0.0275804
-0.0214832
-0.0109288
0.00607013
0.0318097
0.0708488
0.127546
0.208481
0.32259
0.481404
0.699935
0.996757
1.39533
1.92224
2.60903
3.48515
4.57937
5.90183
7.43922
9.12424
10.8773
12.4077
13.6565
14.1019
14.17
13.3557
13.2898
12.6845
-0.0222671
-0.0184737
-0.015335
-0.0127362
-0.0105853
-0.00880554
-0.00733501
-0.00612161
-0.00512291
-0.0043031
-0.00363281
-0.00308738
-0.00264663
-0.00229379
-0.00201511
-0.00179914
-0.00163637
-0.00151919
-0.00144251
-0.00140032
-0.00138984
-0.00140838
-0.00145412
-0.00152605
-0.00162385
-0.00174797
-0.00189942
-0.0020796
-0.00229083
-0.00253602
-0.00281864
-0.00314266
-0.00351279
-0.00393433
-0.00441341
-0.0049568
-0.00557197
-0.00626736
-0.00705114
-0.007935
-0.00892538
-0.010036
-0.0112761
-0.012655
-0.0141806
-0.0158575
-0.0176852
-0.0196551
-0.0217466
-0.0239208
-0.0261131
-0.0282209
-0.0300886
-0.0314855
-0.0320943
-0.031384
-0.0286592
-0.0229662
-0.0129485
0.00333444
0.0281759
0.0659603
0.121108
0.200073
0.31173
0.467556
0.682546
0.97532
1.36952
1.89208
2.57523
3.4494
4.54499
5.874
7.4254
9.13305
10.9153
12.4761
13.7468
14.1892
14.2265
13.3733
13.3391
12.864
-0.0214537
-0.0177988
-0.0147752
-0.0122724
-0.0102013
-0.00848798
-0.00707259
-0.00590488
-0.00494397
-0.00415529
-0.00351054
-0.00298589
-0.00256192
-0.00222246
-0.00195426
-0.00174629
-0.00158936
-0.00147623
-0.00140201
-0.00136115
-0.00135115
-0.00136968
-0.00141524
-0.00148702
-0.00158484
-0.00170917
-0.00186099
-0.0020417
-0.00225352
-0.00249927
-0.00278241
-0.00310683
-0.0034772
-0.00389879
-0.00437773
-0.00492076
-0.00553537
-0.00623001
-0.00701291
-0.00789594
-0.00888531
-0.00999523
-0.011235
-0.0126146
-0.0141426
-0.0158246
-0.0176613
-0.0196456
-0.0217589
-0.0239656
-0.0262044
-0.0283782
-0.0303382
-0.031863
-0.0326375
-0.0321598
-0.0297627
-0.0244998
-0.0150481
0.000482576
0.0243844
0.0608421
0.114355
0.191237
0.300291
0.452934
0.66414
0.952563
1.34204
1.85985
2.53895
3.41082
4.5076
5.84333
7.40956
9.14157
10.9555
12.55
13.845
14.2876
14.2882
13.3899
13.3904
13.0664
-0.0206304
-0.0171157
-0.0142088
-0.0118031
-0.00981296
-0.00816692
-0.00680752
-0.00568636
-0.0047641
-0.00400749
-0.00338932
-0.00288673
-0.00248108
-0.00215691
-0.00190157
-0.00170452
-0.00155694
-0.00145196
-0.00138472
-0.00134996
-0.00134508
-0.00136773
-0.00141635
-0.00149011
-0.00158889
-0.00171327
-0.00186437
-0.0020436
-0.00225336
-0.00249661
-0.00277684
-0.00309805
-0.00346496
-0.00388291
-0.00435808
-0.00489726
-0.00550803
-0.00619892
-0.00697828
-0.00785838
-0.00884515
-0.00995329
-0.0111923
-0.0125723
-0.0141027
-0.0157898
-0.0176356
-0.0196344
-0.0217701
-0.0240099
-0.0262967
-0.0285384
-0.0305937
-0.0322507
-0.0332032
-0.0329812
-0.0309116
-0.0260926
-0.0172301
-0.00248426
0.0204383
0.055497
0.107293
0.181978
0.288279
0.437546
0.644722
0.928492
1.31288
1.82553
2.50017
3.36936
4.46714
5.80973
7.39158
9.14973
10.9979
12.6293
13.9515
14.3885
14.3526
13.4033
13.4435
13.2974
-0.0197974
-0.0164246
-0.0136358
-0.0113283
-0.00941996
-0.00784188
-0.00653895
-0.0054646
-0.00458109
-0.00385644
-0.00326453
-0.0027834
-0.00239515
-0.00208499
-0.00184076
-0.0016524
-0.0015114
-0.00141129
-0.00134735
-0.00131484
-0.00131138
-0.00133494
-0.00138422
-0.00145858
-0.00155799
-0.00168302
-0.00183474
-0.00201459
-0.00222488
-0.00246847
-0.00274889
-0.00307006
-0.00343664
-0.00385394
-0.00432815
-0.00486602
-0.00547511
-0.00616396
-0.00694099
-0.00781882
-0.0088032
-0.00990954
-0.0111476
-0.012528
-0.0140607
-0.0157529
-0.0176078
-0.0196214
-0.0217799
-0.0240536
-0.0263895
-0.0287011
-0.0308546
-0.0326479
-0.0337847
-0.0338205
-0.0320948
-0.0277383
-0.0194904
-0.00556198
0.0163424
0.0499291
0.0999275
0.172303
0.275703
0.421401
0.624301
0.903111
1.28205
1.78912
2.45886
3.32499
4.42353
5.77309
7.37133
9.15742
11.0426
12.7145
14.0692
14.506
14.4227
13.4146
13.4982
13.5353
-0.0189553
-0.015726
-0.0130566
-0.0108485
-0.00902275
-0.00751344
-0.00626768
-0.00524084
-0.00439675
-0.00370478
-0.00313993
-0.00268117
-0.00231144
-0.00201663
-0.00178519
-0.00160755
-0.00147558
-0.00138316
-0.00132563
-0.00129855
-0.00129949
-0.00132644
-0.00137806
-0.00145376
-0.00155359
-0.00167827
-0.00182907
-0.00200734
-0.00221559
-0.00245686
-0.00273464
-0.00305294
-0.00341652
-0.00383074
-0.00430183
-0.00483661
-0.00544269
-0.00612862
-0.0069028
-0.00777811
-0.0087599
-0.00986426
-0.0111013
-0.0124818
-0.0140167
-0.015714
-0.0175781
-0.0196066
-0.0217883
-0.0240965
-0.0264826
-0.0288659
-0.03112
-0.0330532
-0.034375
-0.0346817
-0.0333125
-0.0294357
-0.0218262
-0.00874699
0.0120797
0.0441662
0.0922659
0.162221
0.262572
0.404508
0.602884
0.876427
1.24954
1.7506
2.41498
3.27763
4.37666
5.73321
7.3485
9.16414
11.0883
12.8026
14.1859
14.626
14.4958
13.4203
13.5596
13.8497
-0.0181044
-0.0150202
-0.0124713
-0.0103636
-0.00862138
-0.00718148
-0.00599338
-0.00501438
-0.0042099
-0.00355064
-0.00301272
-0.00257601
-0.00222424
-0.00194398
-0.00172424
-0.00155586
-0.00143109
-0.0013442
-0.00129066
-0.00126656
-0.00126965
-0.00129821
-0.00135113
-0.00142797
-0.00152884
-0.00165443
-0.00180588
-0.00198463
-0.00219313
-0.00243424
-0.00271162
-0.00302917
-0.00339154
-0.00380408
-0.00427311
-0.00480545
-0.00540884
-0.0060919
-0.00686317
-0.00773588
-0.00871493
-0.00981716
-0.011053
-0.0124337
-0.0139707
-0.0156731
-0.0175466
-0.0195907
-0.0217962
-0.0241401
-0.0265783
-0.0290359
-0.0313949
-0.033475
-0.0350018
-0.0355727
-0.0345654
-0.0311839
-0.0242356
-0.0120365
0.00765992
0.0382084
0.084316
0.151742
0.248904
0.386896
0.580519
0.848511
1.21547
1.71017
2.36885
3.22777
4.32731
5.69141
7.32526
9.17363
11.1419
12.9067
14.3329
14.7557
14.571
13.4171
13.6035
14.0927
-0.0172407
-0.0143042
-0.0118781
-0.00987251
-0.00821518
-0.00684585
-0.0057163
-0.00478579
-0.00402142
-0.00339543
-0.00288502
-0.00247099
-0.00213792
-0.0018731
-0.00166609
-0.00150831
-0.00139232
-0.00131282
-0.00126526
-0.0012461
-0.00125308
-0.00128449
-0.00133927
-0.00141702
-0.00151796
-0.00164294
-0.00179344
-0.00197075
-0.00217741
-0.00241663
-0.00269185
-0.00300705
-0.0033671
-0.00377731
-0.00424368
-0.00477315
-0.00537346
-0.00605329
-0.00682128
-0.00769096
-0.00866678
-0.00976635
-0.0110004
-0.0123806
-0.0139191
-0.0156259
-0.017508
-0.0195665
-0.0217951
-0.0241738
-0.0266632
-0.0291945
-0.0316578
-0.0338833
-0.0355999
-0.0364803
-0.0358503
-0.0329829
-0.0267228
-0.0154421
0.00306277
0.0320121
0.0760043
0.140748
0.234507
0.368264
0.556739
0.818655
1.17877
1.66622
2.31809
3.17193
4.27044
5.64043
7.29131
9.17146
11.1832
12.9974
14.4615
14.9166
14.6583
13.4201
13.6874
14.5334
-0.0163991
-0.0136053
-0.0112979
-0.00939106
-0.0078159
-0.00651489
-0.00544213
-0.00455875
-0.00383342
-0.0032397
-0.00275608
-0.00236445
-0.00204985
-0.00179996
-0.00160509
-0.00145708
-0.00134877
-0.00127522
-0.00123215
-0.00121645
-0.00122608
-0.00125957
-0.00131603
-0.00139522
-0.00149742
-0.00162346
-0.00177458
-0.00195196
-0.00215849
-0.00239691
-0.00267098
-0.00298481
-0.00334313
-0.00375127
-0.00421538
-0.00474241
-0.00534015
-0.0060173
-0.00678267
-0.00765012
-0.00862352
-0.00972138
-0.0109548
-0.0123357
-0.013877
-0.0155896
-0.017482
-0.0195569
-0.0218106
-0.0242264
-0.0267696
-0.0293775
-0.0319487
-0.0343259
-0.0362493
-0.03737
-0.03714
-0.0347866
-0.0292072
-0.0188284
-0.00149169
0.025917
0.0678401
0.129996
0.220488
0.350208
0.533826
0.790084
1.14396
1.62501
2.27128
3.12174
4.22154
5.60055
7.27254
9.18994
11.2511
13.1216
14.6286
15.0402
14.7281
13.3845
13.71
14.7509
-0.0154414
-0.0128126
-0.0106422
-0.00884927
-0.00736876
-0.00614639
-0.00513895
-0.00430975
-0.00362929
-0.00307261
-0.00261941
-0.00225272
-0.00195868
-0.00172566
-0.00154418
-0.00140661
-0.00130715
-0.00124093
-0.00120383
-0.00119293
-0.00120624
-0.00124235
-0.00130045
-0.00138036
-0.00148246
-0.00160765
-0.00175742
-0.00193393
-0.00213908
-0.00237588
-0.00264795
-0.00295943
-0.0033151
-0.00372028
-0.00418112
-0.00470455
-0.00529842
-0.00597143
-0.00673254
-0.00759597
-0.00856493
-0.00965889
-0.0108894
-0.0122686
-0.0138102
-0.0155263
-0.0174268
-0.0195164
-0.0217942
-0.0242475
-0.0268466
-0.0295357
-0.0322226
-0.0347605
-0.0369081
-0.0384331
-0.0385767
-0.0368231
-0.0320541
-0.0227613
-0.00685216
0.0186746
0.0580288
0.116936
0.203258
0.327728
0.50488
0.753382
1.09834
1.56963
2.20627
3.04869
4.14483
5.52823
7.21827
9.17334
11.2888
13.2246
14.7952
15.2414
14.8434
13.3795
13.8154
15.3689
-0.0147606
-0.0122455
-0.0101695
-0.00845526
-0.00704022
-0.00587233
-0.00491021
-0.00411867
-0.00346952
-0.00293885
-0.00250726
-0.00215845
-0.00187908
-0.00165816
-0.00148692
-0.00135805
-0.0012655
-0.00120471
-0.00117188
-0.00116439
-0.00118038
-0.00121862
-0.0012784
-0.00135966
-0.00146283
-0.00158886
-0.00173913
-0.00191528
-0.00211988
-0.00235579
-0.00262679
-0.002937
-0.00329117
-0.00369467
-0.00415367
-0.00467515
-0.00526699
-0.00593792
-0.00669704
-0.00755896
-0.00852606
-0.00961888
-0.0108492
-0.0122294
-0.0137737
-0.0154952
-0.0174047
-0.0195084
-0.0218075
-0.0242921
-0.0269363
-0.0296898
-0.0324676
-0.0351363
-0.0374643
-0.0391715
-0.039659
-0.038319
-0.0341002
-0.0255389
-0.0105787
0.0137022
0.0513859
0.108185
0.191887
0.313127
0.486413
0.730448
1.07054
1.53696
2.16953
3.00994
4.1082
5.5005
7.20993
9.19923
11.3609
13.3479
14.9129
15.3729
14.888
13.3149
13.8202
15.5206
-0.000745088
-0.000611168
-0.000498598
-0.000403977
-0.000323739
-0.000255778
-0.000198263
-0.000149644
-0.000108572
-7.39199e-05
-4.47166e-05
-2.01545e-05
4.58577e-07
1.77054e-05
3.2077e-05
4.39866e-05
5.37805e-05
6.16772e-05
6.80232e-05
7.29902e-05
7.67295e-05
7.93742e-05
8.10305e-05
8.17742e-05
8.16751e-05
8.0763e-05
7.90727e-05
7.65999e-05
7.33562e-05
6.93261e-05
6.44632e-05
5.87437e-05
5.20884e-05
4.44563e-05
3.57612e-05
2.59021e-05
1.48471e-05
2.25515e-06
-1.08219e-05
-3.00328e-05
-4.38346e-05
-6.23377e-05
-8.31217e-05
-0.000105134
-0.000129121
-0.000154469
-0.000181215
-0.000208509
-0.000235588
-0.000261199
-0.000283406
-0.000299435
-0.00030511
-0.000293892
-0.000256589
-0.000191366
0.000609398
0.00313777
0.00834784
0.0176022
0.0328475
0.0568248
0.093404
0.147992
0.228232
0.344425
0.510843
0.746026
1.07542
1.5297
2.15003
2.98027
4.07453
5.4746
7.21207
9.26001
11.5007
13.6107
15.3149
15.7343
15.7905
15.5059
13.9383
16.5884
71.5687
71.5689
71.569
71.5691
71.5692
71.5693
71.5694
71.5695
71.5695
71.5695
71.5696
71.5696
71.5696
71.5697
71.5697
71.5697
71.5697
71.5697
71.5697
71.5697
71.5697
71.5697
71.5697
71.5697
71.5697
71.5697
71.5697
71.5697
71.5697
71.5697
71.5697
71.5697
71.5696
71.5696
71.5696
71.5696
71.5696
71.5695
71.5695
71.5695
71.5694
71.5694
71.5693
71.5693
71.5692
71.5692
71.5691
71.569
71.5689
71.5688
71.5687
71.5687
71.5686
71.5685
71.5685
71.5685
71.5692
71.5716
71.5766
71.5855
71.6002
71.6234
71.6588
71.7117
71.7896
71.9024
72.0641
72.2927
72.613
73.0548
73.6584
74.4665
75.5321
76.896
78.5894
80.5866
82.7737
84.8348
86.4987
86.9058
86.9377
86.6081
85.1071
87.5251
-0.000458974
-0.000396538
-0.000342399
-0.000295479
-0.00025484
-0.000219657
-0.000189201
-0.000162845
-0.000140037
-0.000120297
-0.000103205
-8.83971e-05
-7.55582e-05
-6.44107e-05
-5.47137e-05
-4.6257e-05
-3.88546e-05
-3.23977e-05
-2.66467e-05
-2.1498e-05
-1.68427e-05
-1.25718e-05
-8.58565e-06
-4.79609e-06
-1.10108e-06
2.57623e-06
6.33898e-06
1.02723e-05
1.44771e-05
1.90659e-05
2.41395e-05
2.98493e-05
3.63129e-05
4.37179e-05
5.2241e-05
6.20859e-05
7.35636e-05
8.67162e-05
0.000102999
0.000117244
0.000141729
0.000166802
0.000195543
0.000229797
0.000269564
0.000316287
0.000370922
0.000434947
0.000509896
0.000597702
0.000700512
0.000820953
0.00096201
0.00112733
0.00132124
0.00154951
0.00181587
0.00212635
0.00248835
0.00290963
0.00339894
0.00396298
0.00461881
0.00536987
0.00621599
0.00720886
0.00830345
0.00951457
0.01085
0.0122007
0.0136233
0.0150197
0.0163053
0.0174093
0.0183396
0.0190439
0.0199038
0.0215469
0.0247952
0.0320197
0.0413754
0.0530712
0.0746738
0.110888
-0.00045797
-0.000395748
-0.000341788
-0.000295018
-0.000254501
-0.000219418
-0.000189052
-0.000162773
-0.000140033
-0.00012035
-0.000103307
-8.85434e-05
-7.57434e-05
-6.46299e-05
-5.49595e-05
-4.6519e-05
-3.91317e-05
-3.2693e-05
-2.69573e-05
-2.18232e-05
-1.71809e-05
-1.29214e-05
-8.94461e-06
-5.16268e-06
-1.47319e-06
2.20053e-06
5.96189e-06
9.89584e-06
1.41027e-05
1.86959e-05
2.37749e-05
2.94921e-05
3.59648e-05
4.33801e-05
5.19091e-05
6.17584e-05
7.32484e-05
8.64016e-05
0.000102693
0.000116898
0.00014144
0.000166574
0.000195307
0.000229564
0.000269336
0.000316063
0.000370698
0.000434719
0.000509653
0.000597433
0.000700196
0.000820565
0.000961522
0.00112668
0.00132027
0.00154788
0.00181373
0.00212391
0.00248544
0.00290618
0.00339482
0.00395854
0.00461423
0.0053681
0.00623515
0.00720365
0.00829999
0.0095193
0.0108868
0.0122274
0.0136712
0.0151068
0.0164563
0.0176469
0.0186657
0.0194413
0.020382
0.021967
0.0251182
0.0321177
0.041135
0.0514294
0.0589226
0.0592982
-0.000456805
-0.000394796
-0.000341012
-0.000294392
-0.000254
-0.00021902
-0.000188737
-0.000162527
-0.000139842
-0.000120208
-0.000103207
-8.84784e-05
-7.57056e-05
-6.46142e-05
-5.49629e-05
-4.65378e-05
-3.91602e-05
-3.27296e-05
-2.69983e-05
-2.18668e-05
-1.7226e-05
-1.29674e-05
-8.99118e-06
-5.21011e-06
-1.52179e-06
2.14997e-06
5.9083e-06
9.83851e-06
1.40407e-05
1.86277e-05
2.36996e-05
2.9408e-05
3.58699e-05
4.32727e-05
5.17925e-05
6.16335e-05
7.31117e-05
8.62434e-05
0.000102474
0.000116536
0.000141139
0.000166326
0.000195018
0.000229233
0.000268952
0.000315612
0.000370163
0.00043408
0.000508884
0.000596501
0.00069906
0.000819171
0.000959798
0.00112453
0.00131757
0.00154433
0.00180907
0.00211766
0.002477
0.00289475
0.00337928
0.00393793
0.00458559
0.00532777
0.00617396
0.00712828
0.0081988
0.00937778
0.0106305
0.0120195
0.0134076
0.014774
0.0160423
0.0171505
0.0181797
0.0190487
0.020125
0.0220402
0.0254464
0.0323813
0.041514
0.0526649
0.0729655
0.0993504
-0.000455271
-0.000393494
-0.000339907
-0.000293451
-0.000253197
-0.000218335
-0.000188152
-0.000162025
-0.000139411
-0.000119835
-0.000102882
-8.81943e-05
-7.54562e-05
-6.43939e-05
-5.47669e-05
-4.63629e-05
-3.9004e-05
-3.25906e-05
-2.68738e-05
-2.17551e-05
-1.71254e-05
-1.2876e-05
-8.90738e-06
-5.13226e-06
-1.44822e-06
2.22082e-06
5.9779e-06
9.9082e-06
1.41114e-05
1.87011e-05
2.37761e-05
2.94888e-05
3.59557e-05
4.33635e-05
5.18844e-05
6.17254e-05
7.32076e-05
8.63451e-05
0.000102516
0.000117193
0.00014114
0.000166432
0.000195102
0.000229306
0.000269012
0.000315652
0.000370177
0.000434057
0.00050881
0.000596357
0.000698819
0.000818797
0.000959242
0.00112372
0.00131641
0.00154253
0.00180647
0.00211407
0.00247216
0.00288829
0.00337072
0.00392715
0.00457154
0.00531048
0.00615426
0.00710631
0.00817355
0.00935353
0.0106294
0.0119998
0.0134035
0.0148095
0.0161613
0.0174064
0.0184279
0.0193504
0.0205239
0.0224683
0.0259212
0.0326915
0.0415705
0.0515599
0.0614499
0.0650107
-0.000453736
-0.000392209
-0.000338831
-0.000292552
-0.000252448
-0.00021771
-0.000187633
-0.000161596
-0.000139057
-0.000119545
-0.000102647
-8.80039e-05
-7.53038e-05
-6.42734e-05
-5.46729e-05
-4.62907e-05
-3.89494e-05
-3.25512e-05
-2.68462e-05
-2.17374e-05
-1.71161e-05
-1.28742e-05
-8.91233e-06
-5.14377e-06
-1.46626e-06
2.19603e-06
5.94578e-06
9.86843e-06
1.40631e-05
1.86434e-05
2.3708e-05
2.94089e-05
3.5863e-05
4.3257e-05
5.17659e-05
6.15916e-05
7.30541e-05
8.61793e-05
0.00010221
0.000116945
0.000140718
0.000166135
0.000194745
0.000228884
0.000268514
0.00031506
0.000369471
0.000433211
0.000507791
0.000595126
0.000697324
0.000816974
0.000957008
0.00112096
0.00131298
0.00153811
0.00180083
0.00210687
0.00246292
0.0028764
0.00335533
0.00390749
0.0045457
0.0052766
0.00610915
0.00704616
0.00809399
0.00924812
0.0104889
0.0118192
0.0131801
0.0145318
0.0158192
0.0170017
0.0180499
0.0190544
0.0203408
0.0224682
0.026059
0.0327698
0.0416203
0.0520447
0.071082
0.0908063
-0.000452021
-0.000390758
-0.000337602
-0.00029151
-0.000251564
-0.000216961
-0.000186997
-0.000161055
-0.000138596
-0.000119151
-0.00010231
-8.7715e-05
-7.50553e-05
-6.4059e-05
-5.44875e-05
-4.61299e-05
-3.88092e-05
-3.24291e-05
-2.67392e-05
-2.16433e-05
-1.70327e-05
-1.27999e-05
-8.8453e-06
-5.08273e-06
-1.40998e-06
2.24862e-06
5.99544e-06
9.91588e-06
1.41087e-05
1.86876e-05
2.37507e-05
2.94496e-05
3.5901e-05
4.32904e-05
5.17921e-05
6.16102e-05
7.3063e-05
8.61929e-05
0.000102062
0.000123065
0.000140548
0.000166057
0.000194626
0.000228722
0.000268304
0.000314788
0.000369123
0.000432768
0.00050723
0.000594415
0.000696424
0.000815833
0.000955557
0.00111911
0.00131058
0.00153491
0.00179661
0.00210136
0.00245574
0.00286703
0.00334316
0.00389197
0.00452547
0.0052506
0.00607596
0.00700511
0.00804396
0.00918874
0.0104238
0.01175
0.0131121
0.014476
0.0157945
0.0170274
0.0181387
0.0192251
0.0206138
0.0228251
0.026476
0.0330686
0.041687
0.0514966
0.0632722
0.0685769
-0.000450214
-0.00038923
-0.000336312
-0.000290421
-0.000250645
-0.000216186
-0.000186344
-0.000160506
-0.000138135
-0.000118765
-0.000101987
-8.74456e-05
-7.48313e-05
-6.38735e-05
-5.43345e-05
-4.60045e-05
-3.87073e-05
-3.23473e-05
-2.66746e-05
-2.15935e-05
-1.6996e-05
-1.27748e-05
-8.83084e-06
-5.07817e-06
-1.41489e-06
2.23456e-06
5.97208e-06
9.88326e-06
1.40663e-05
1.86349e-05
2.3687e-05
2.93741e-05
3.58129e-05
4.31889e-05
5.1676e-05
6.14767e-05
7.2906e-05
8.60339e-05
0.000101676
0.000122461
0.000140182
0.000165734
0.000194238
0.000228258
0.000267755
0.000314131
0.000368338
0.000431826
0.000506096
0.000593045
0.000694765
0.000813814
0.000953091
0.00111608
0.00130682
0.00153013
0.00179056
0.00209371
0.00244605
0.00285474
0.00332752
0.00387226
0.00450018
0.00521833
0.0060347
0.00695292
0.00797781
0.00910525
0.0103204
0.0116197
0.0129532
0.0142873
0.0155782
0.016793
0.0179152
0.0190544
0.0205259
0.0228481
0.0265812
0.0330973
0.0416583
0.0514294
0.0693916
0.0839639
-0.000448274
-0.000387585
-0.000334916
-0.000289237
-0.000249641
-0.000215334
-0.000185621
-0.000159892
-0.000137614
-0.000118322
-0.00010161
-8.71245e-05
-7.45576e-05
-6.36399e-05
-5.4135e-05
-4.58337e-05
-3.85608e-05
-3.22215e-05
-2.65664e-05
-2.15002e-05
-1.69155e-05
-1.27054e-05
-8.77085e-06
-5.02653e-06
-1.37079e-06
2.27178e-06
6.00259e-06
9.90724e-06
1.40834e-05
1.86446e-05
2.36884e-05
2.93657e-05
3.5793e-05
4.31547e-05
5.16254e-05
6.1408e-05
7.28121e-05
8.59386e-05
0.000101396
0.000122131
0.000139901
0.000165453
0.000193893
0.000227834
0.000267243
0.000313509
0.000367584
0.000430912
0.000504987
0.000591698
0.000693123
0.000811809
0.000950632
0.00111304
0.00130305
0.00152534
0.00178451
0.00208607
0.00243639
0.0028425
0.003312
0.00385274
0.00447529
0.00518674
0.00599466
0.00690282
0.00791542
0.00902858
0.0102292
0.0115119
0.012833
0.0141614
0.0154583
0.0166964
0.0178677
0.0190836
0.0206504
0.0230621
0.0268475
0.033274
0.0416367
0.0511275
0.0642871
0.0706476
-0.00044622
-0.000385842
-0.000333437
-0.000287982
-0.000248576
-0.000214431
-0.000184855
-0.000159243
-0.000137065
-0.000117858
-0.000101218
-8.67938e-05
-7.42792e-05
-6.3406e-05
-5.39391e-05
-4.56703e-05
-3.84253e-05
-3.21099e-05
-2.64755e-05
-2.14273e-05
-1.68583e-05
-1.26622e-05
-8.74019e-06
-5.0073e-06
-1.36221e-06
2.27037e-06
5.99132e-06
9.88636e-06
1.40526e-05
1.86036e-05
2.36365e-05
2.93018e-05
3.57161e-05
4.3063e-05
5.15163e-05
6.12793e-05
7.26553e-05
8.57817e-05
0.000101081
0.000121535
0.000139563
0.000165086
0.000193455
0.000227304
0.000266611
0.00031275
0.000366675
0.000429819
0.000503672
0.000590112
0.000691206
0.000809484
0.000947803
0.00110958
0.00129878
0.00151999
0.00177781
0.00207767
0.00242586
0.00282927
0.00329536
0.00383193
0.00444896
0.00515354
0.00595287
0.00685074
0.00785084
0.00894938
0.0101344
0.0113989
0.0127037
0.0140187
0.015309
0.0165512
0.0177477
0.0190157
0.0206547
0.0231462
0.0269811
0.0333273
0.0415719
0.0508674
0.0671801
0.0783824
-0.000444046
-0.000383993
-0.000331865
-0.000286645
-0.000247439
-0.000213465
-0.000184034
-0.000158545
-0.000136472
-0.000117353
-0.000100789
-8.64297e-05
-7.39698e-05
-6.31432e-05
-5.37158e-05
-4.54807e-05
-3.82645e-05
-3.19735e-05
-2.63604e-05
-2.13306e-05
-1.67776e-05
-1.25957e-05
-8.68656e-06
-4.96546e-06
-1.33156e-06
2.2903e-06
6.00042e-06
9.88448e-06
1.40391e-05
1.85773e-05
2.35965e-05
2.92461e-05
3.56432e-05
4.29706e-05
5.14018e-05
6.11403e-05
7.2482e-05
8.56017e-05
0.000100764
0.000120964
0.000139198
0.000164666
0.000192955
0.000226702
0.000265893
0.000311891
0.000365647
0.000428588
0.000502195
0.000588337
0.000689068
0.000806901
0.000944671
0.00110577
0.00129409
0.00151416
0.00177056
0.00206865
0.00241461
0.00281523
0.00327782
0.00381007
0.00442149
0.00511912
0.0059098
0.00679735
0.00778498
0.00886907
0.0100386
0.0112856
0.0125746
0.0138774
0.0151633
0.0164141
0.0176409
0.0189651
0.0206775
0.0232413
0.0271139
0.0333788
0.0414728
0.0505567
0.0645696
0.0715232
-0.000441755
-0.000382042
-0.000330204
-0.000285232
-0.000246237
-0.000212442
-0.000183164
-0.000157806
-0.000135843
-0.00011682
-0.000100336
-8.60455e-05
-7.36444e-05
-6.28679e-05
-5.34835e-05
-4.52853e-05
-3.81007e-05
-3.18366e-05
-2.62469e-05
-2.12375e-05
-1.67022e-05
-1.25362e-05
-8.64099e-06
-4.93262e-06
-1.31063e-06
2.30002e-06
5.99887e-06
9.8716e-06
1.40141e-05
1.85394e-05
2.35442e-05
2.91775e-05
3.55564e-05
4.28626e-05
5.12694e-05
6.09808e-05
7.22842e-05
8.53921e-05
0.000100435
0.0001204
0.000138801
0.00016419
0.000192392
0.000226025
0.000265089
0.000310931
0.000364501
0.000427218
0.000500557
0.000586373
0.000686709
0.00080406
0.000941238
0.0011016
0.001289
0.00150786
0.00176277
0.00205901
0.00240266
0.00280038
0.00325937
0.00378719
0.00439291
0.00508349
0.00586547
0.00674266
0.00771788
0.00878765
0.00994187
0.0111717
0.0124453
0.0137363
0.0150179
0.0162769
0.0175321
0.0189078
0.0206865
0.0233137
0.0272154
0.0333997
0.0413444
0.0502277
0.0650917
0.0739815
-0.000439346
-0.000379989
-0.000328455
-0.000283741
-0.000244966
-0.00021136
-0.000182242
-0.000157021
-0.000135175
-0.000116251
-9.98528e-05
-8.56345e-05
-7.32953e-05
-6.25718e-05
-5.32327e-05
-4.50732e-05
-3.79221e-05
-3.16865e-05
-2.61219e-05
-2.11343e-05
-1.66183e-05
-1.24695e-05
-8.58988e-06
-4.89581e-06
-1.28734e-06
2.31041e-06
5.99632e-06
9.85601e-06
1.39848e-05
1.84953e-05
2.3484e-05
2.90992e-05
3.54577e-05
4.27404e-05
5.11199e-05
6.08012e-05
7.20623e-05
8.51526e-05
0.000100089
0.000119823
0.000138367
0.000163659
0.000191767
0.000225275
0.000264199
0.00030987
0.000363238
0.000425711
0.000498758
0.000584221
0.000684131
0.000800963
0.000937506
0.00109708
0.00128349
0.0015011
0.00175444
0.00204876
0.00239001
0.00278475
0.00324002
0.0037633
0.00436324
0.00504668
0.00581992
0.0066867
0.00764955
0.00870513
0.00984413
0.0110572
0.0123157
0.0135953
0.0148727
0.0161396
0.0174214
0.0188447
0.020684
0.0233665
0.0272894
0.0333931
0.0411852
0.0498711
0.0640829
0.071158
-0.000436821
-0.000377835
-0.000326617
-0.000282173
-0.00024363
-0.00021022
-0.000181271
-0.000156193
-0.00013447
-0.00011565
-9.93416e-05
-8.51999e-05
-7.29261e-05
-6.22585e-05
-5.29674e-05
-4.48491e-05
-3.77335e-05
-3.15281e-05
-2.599e-05
-2.10257e-05
-1.65302e-05
-1.23997e-05
-8.53669e-06
-4.85793e-06
-1.26405e-06
2.31972e-06
5.99151e-06
9.83692e-06
1.39506e-05
1.84449e-05
2.34159e-05
2.9011e-05
3.53472e-05
4.2604e-05
5.09535e-05
6.06016e-05
7.18165e-05
8.48828e-05
9.97218e-05
0.000119237
0.000137894
0.000163073
0.000191079
0.000224452
0.000263223
0.000308708
0.000361857
0.000424067
0.000496798
0.000581881
0.000681334
0.00079761
0.000933476
0.00109222
0.00127759
0.00149387
0.00174559
0.0020379
0.00237667
0.00276833
0.0032198
0.00373842
0.00433247
0.0050087
0.00577314
0.0066295
0.00758001
0.00862153
0.00974541
0.0109421
0.0121858
0.0134541
0.0147275
0.0160018
0.0173086
0.0187758
0.0206699
0.0234003
0.0273371
0.03336
0.0409969
0.0494938
0.0634602
0.0708041
-0.000434181
-0.00037558
-0.000324692
-0.000280529
-0.000242226
-0.000209022
-0.000180249
-0.000155321
-0.000133726
-0.000115017
-9.88022e-05
-8.47408e-05
-7.25358e-05
-6.19273e-05
-5.26867e-05
-4.46119e-05
-3.75338e-05
-3.13604e-05
-2.58506e-05
-2.0911e-05
-1.64373e-05
-1.23264e-05
-8.48115e-06
-4.81885e-06
-1.24069e-06
2.32797e-06
5.98448e-06
9.81437e-06
1.39117e-05
1.83882e-05
2.33399e-05
2.89131e-05
3.52248e-05
4.24534e-05
5.07701e-05
6.0382e-05
7.1547e-05
8.45826e-05
9.93319e-05
0.000118636
0.000137381
0.000162433
0.00019033
0.000223555
0.000262162
0.000307447
0.000360359
0.000422286
0.000494679
0.000579356
0.00067832
0.000794004
0.00092915
0.00108701
0.00127128
0.00148619
0.00173621
0.00202644
0.00236264
0.00275114
0.00319871
0.00371256
0.00430065
0.00496958
0.00572518
0.00657108
0.00750929
0.00853686
0.00964574
0.0108264
0.0120555
0.0133129
0.0145822
0.0158633
0.0171933
0.0187009
0.0206444
0.0234157
0.0273597
0.033301
0.0407806
0.0490964
0.0627451
0.0696915
-0.000431427
-0.000373226
-0.000322679
-0.000278809
-0.000240757
-0.000207767
-0.000179177
-0.000154406
-0.000132946
-0.000114351
-9.82348e-05
-8.42576e-05
-7.21248e-05
-6.15781e-05
-5.23907e-05
-4.43617e-05
-3.73233e-05
-3.11836e-05
-2.57037e-05
-2.07903e-05
-1.63396e-05
-1.22496e-05
-8.4233e-06
-4.77858e-06
-1.21726e-06
2.33515e-06
5.97521e-06
9.78834e-06
1.38679e-05
1.83253e-05
2.32561e-05
2.88056e-05
3.50907e-05
4.22887e-05
5.05699e-05
6.01424e-05
7.12541e-05
8.42523e-05
9.89168e-05
0.000118016
0.000136827
0.000161739
0.000189518
0.000222586
0.000261016
0.000306086
0.000358745
0.000420369
0.000492401
0.000576645
0.000675089
0.000790146
0.00092453
0.00108146
0.00126458
0.00147805
0.00172631
0.00201438
0.00234794
0.00273318
0.00317676
0.00368574
0.00426778
0.00492934
0.00567605
0.00651146
0.00743741
0.00845112
0.00954514
0.0107101
0.0119249
0.0131715
0.0144366
0.015724
0.0170754
0.0186199
0.0206076
0.0234132
0.0273583
0.0332172
0.0405375
0.0486796
0.0619886
0.0686781
-0.000428559
-0.000370772
-0.00032058
-0.000277014
-0.000239222
-0.000206455
-0.000178056
-0.000153448
-0.000132128
-0.000113653
-9.76396e-05
-8.37504e-05
-7.16931e-05
-6.12113e-05
-5.20797e-05
-4.40987e-05
-3.7102e-05
-3.09978e-05
-2.55493e-05
-2.06634e-05
-1.62373e-05
-1.21693e-05
-8.36315e-06
-4.73714e-06
-1.19377e-06
2.34128e-06
5.96373e-06
9.75887e-06
1.38194e-05
1.82561e-05
2.31644e-05
2.86884e-05
3.49449e-05
4.21099e-05
5.03529e-05
5.9883e-05
7.09379e-05
8.3892e-05
9.84748e-05
0.000117374
0.000136229
0.000160991
0.000188645
0.000221545
0.000259785
0.000304627
0.000357016
0.000418318
0.000489966
0.000573751
0.000671645
0.000786037
0.00091962
0.00107557
0.00125749
0.00146946
0.00171589
0.00200174
0.00233257
0.00271446
0.00315396
0.00365798
0.00423388
0.004888
0.00562576
0.00645066
0.00736439
0.00836434
0.0094436
0.010593
0.0117938
0.0130299
0.0142906
0.0155837
0.0169547
0.0185326
0.0205597
0.0233933
0.0273341
0.0331094
0.0402689
0.0482445
0.0611915
0.0676411
-0.000425578
-0.00036822
-0.000318396
-0.000275145
-0.000237622
-0.000205087
-0.000176886
-0.000152448
-0.000131273
-0.000112924
-9.70168e-05
-8.32194e-05
-7.12409e-05
-6.08269e-05
-5.17536e-05
-4.3823e-05
-3.68698e-05
-3.08029e-05
-2.53874e-05
-2.05306e-05
-1.61303e-05
-1.20856e-05
-8.30072e-06
-4.69452e-06
-1.17023e-06
2.34635e-06
5.95003e-06
9.72596e-06
1.37662e-05
1.81807e-05
2.30649e-05
2.85615e-05
3.47874e-05
4.19171e-05
5.01192e-05
5.96038e-05
7.05985e-05
8.35019e-05
9.80046e-05
0.000116709
0.000135589
0.000160191
0.00018771
0.000220432
0.00025847
0.000303069
0.000355171
0.000416132
0.000487375
0.000570674
0.000667987
0.000781681
0.00091442
0.00106934
0.00125001
0.00146043
0.00170497
0.00198851
0.00231653
0.002695
0.00313033
0.00362928
0.00419896
0.00484557
0.00557435
0.00638871
0.00729025
0.00827653
0.00934115
0.0104753
0.0116622
0.0128877
0.0141441
0.0154421
0.0168309
0.0184391
0.0205007
0.0233567
0.0272879
0.0329786
0.0399761
0.0477915
0.0603594
0.0665887
-0.000422485
-0.00036557
-0.000316126
-0.000273201
-0.000235958
-0.000203662
-0.000175667
-0.000151406
-0.000130382
-0.000112162
-9.63665e-05
-8.26648e-05
-7.07684e-05
-6.0425e-05
-5.14126e-05
-4.35345e-05
-3.6627e-05
-3.05991e-05
-2.52181e-05
-2.03919e-05
-1.60186e-05
-1.19984e-05
-8.23602e-06
-4.65076e-06
-1.14664e-06
2.35035e-06
5.93412e-06
9.68962e-06
1.37082e-05
1.80992e-05
2.29577e-05
2.84252e-05
3.46184e-05
4.17105e-05
4.98688e-05
5.93049e-05
7.02362e-05
8.30824e-05
9.75055e-05
0.000116017
0.000134904
0.000159338
0.000186715
0.000219248
0.000257072
0.000301413
0.000353213
0.000413813
0.000484627
0.000567415
0.000664117
0.000777078
0.000908934
0.00106278
0.00124214
0.00145095
0.00169354
0.00197471
0.00229984
0.00267481
0.00310588
0.00359966
0.00416305
0.00480208
0.00552183
0.00632564
0.00721501
0.0081877
0.00923778
0.0103569
0.0115301
0.0127451
0.0139968
0.0152991
0.016704
0.0183393
0.0204309
0.0233038
0.0272209
0.0328255
0.0396604
0.0473213
0.0594972
0.0655217
-0.000419282
-0.000362824
-0.000313772
-0.000271184
-0.00023423
-0.000202182
-0.0001744
-0.000150321
-0.000129454
-0.000111369
-9.56891e-05
-8.20866e-05
-7.02757e-05
-6.00058e-05
-5.10567e-05
-4.32335e-05
-3.63736e-05
-3.03863e-05
-2.50416e-05
-2.02472e-05
-1.59024e-05
-1.19079e-05
-8.16908e-06
-4.60585e-06
-1.123e-06
2.3533e-06
5.91601e-06
9.64987e-06
1.36455e-05
1.80115e-05
2.28427e-05
2.82793e-05
3.44378e-05
4.149e-05
4.9602e-05
5.89863e-05
6.98511e-05
8.26337e-05
9.69766e-05
0.000115298
0.000134176
0.000158432
0.000185658
0.000217992
0.000255591
0.00029966
0.000351141
0.000411362
0.000481725
0.000563976
0.000660038
0.000772231
0.000903163
0.00105589
0.00123389
0.00144104
0.00168161
0.00196034
0.00228251
0.00265389
0.00308061
0.00356915
0.00412616
0.00475754
0.00546822
0.00626145
0.00713868
0.00809786
0.0091335
0.0102378
0.0113974
0.012602
0.0138488
0.0151546
0.0165739
0.0182331
0.0203504
0.0232352
0.0271337
0.0326511
0.0393233
0.0468345
0.0586089
0.0644427
-0.000415969
-0.000359982
-0.000311334
-0.000269094
-0.000232439
-0.000200647
-0.000173085
-0.000149195
-0.000128491
-0.000110545
-9.49846e-05
-8.14852e-05
-6.97629e-05
-5.95694e-05
-5.06862e-05
-4.292e-05
-3.61096e-05
-3.01648e-05
-2.48577e-05
-2.00967e-05
-1.57815e-05
-1.1814e-05
-8.09991e-06
-4.55981e-06
-1.09932e-06
2.35519e-06
5.89572e-06
9.60672e-06
1.35781e-05
1.79178e-05
2.272e-05
2.81239e-05
3.42457e-05
4.12557e-05
4.93187e-05
5.86482e-05
6.94434e-05
8.21563e-05
9.64175e-05
0.000114551
0.000133403
0.000157475
0.000184542
0.000216666
0.000254027
0.000297811
0.000348956
0.000408779
0.00047867
0.000560359
0.00065575
0.000767141
0.000897111
0.00104868
0.00122526
0.0014307
0.00166919
0.0019454
0.00226454
0.00263225
0.00305454
0.00353774
0.00408831
0.00471197
0.00541353
0.00619618
0.00706129
0.00800701
0.00902832
0.0101179
0.0112641
0.0124582
0.0136999
0.0150084
0.0164403
0.0181205
0.0202595
0.0231515
0.0270274
0.0324563
0.0389664
0.0463312
0.0576982
0.063354
-0.000412546
-0.000357044
-0.000308814
-0.000266932
-0.000230584
-0.000199057
-0.000171722
-0.000148028
-0.000127491
-0.000109689
-9.42534e-05
-8.08606e-05
-6.92302e-05
-5.91159e-05
-5.03011e-05
-4.25941e-05
-3.58352e-05
-2.99345e-05
-2.46667e-05
-1.99404e-05
-1.56562e-05
-1.17167e-05
-8.02854e-06
-4.51265e-06
-1.07561e-06
2.35603e-06
5.87325e-06
9.5602e-06
1.3506e-05
1.78179e-05
2.25897e-05
2.79592e-05
3.40422e-05
4.10077e-05
4.90192e-05
5.82907e-05
6.90131e-05
8.16504e-05
9.58277e-05
0.000113774
0.000132586
0.000156466
0.000183365
0.000215269
0.000252381
0.000295866
0.00034666
0.000406065
0.000475463
0.000556563
0.000651256
0.000761811
0.000890779
0.00104114
0.00121627
0.00141993
0.00165628
0.00192991
0.00224595
0.0026099
0.00302769
0.00350547
0.00404951
0.0046654
0.0053578
0.00612983
0.00698285
0.00791519
0.00892225
0.00999729
0.0111301
0.0123138
0.01355
0.0148604
0.0163032
0.0180015
0.0201583
0.023053
0.0269027
0.032242
0.0385912
0.0458119
0.0567686
0.062258
-0.000409016
-0.000354013
-0.000306211
-0.000264698
-0.000228667
-0.000197413
-0.000170312
-0.00014682
-0.000126456
-0.000108803
-9.34956e-05
-8.02132e-05
-6.86778e-05
-5.86455e-05
-4.99015e-05
-4.22559e-05
-3.55504e-05
-2.96955e-05
-2.44684e-05
-1.97783e-05
-1.55263e-05
-1.16161e-05
-7.95498e-06
-4.46439e-06
-1.05186e-06
2.35581e-06
5.8486e-06
9.51032e-06
1.34294e-05
1.7712e-05
2.24519e-05
2.77851e-05
3.38274e-05
4.07462e-05
4.87034e-05
5.79139e-05
6.85605e-05
8.11165e-05
9.52072e-05
0.000112966
0.000131724
0.000155407
0.00018213
0.000213804
0.000250654
0.000293826
0.000344253
0.000403222
0.000472104
0.000552592
0.000646557
0.000756243
0.000884171
0.00103328
0.0012069
0.00140874
0.00164289
0.00191388
0.00222673
0.00258686
0.00300005
0.00347234
0.00400978
0.00461783
0.00530103
0.00606243
0.00690338
0.00782238
0.00881527
0.00987589
0.0109953
0.0121686
0.0133991
0.0147105
0.0161625
0.0178762
0.020047
0.0229403
0.0267604
0.0320088
0.0381992
0.0452768
0.0558228
0.0611565
-0.000405379
-0.000350888
-0.000303527
-0.000262393
-0.000226689
-0.000195715
-0.000168856
-0.000145571
-0.000125386
-0.000107887
-9.27115e-05
-7.9543e-05
-6.81058e-05
-5.81583e-05
-4.94876e-05
-4.19055e-05
-3.52553e-05
-2.9448e-05
-2.42631e-05
-1.96105e-05
-1.5392e-05
-1.15123e-05
-7.87926e-06
-4.41504e-06
-1.02809e-06
2.35455e-06
5.8218e-06
9.4571e-06
1.33481e-05
1.76001e-05
2.23065e-05
2.76017e-05
3.36014e-05
4.04711e-05
4.83715e-05
5.75179e-05
6.80858e-05
8.05548e-05
9.45558e-05
0.000112128
0.000130819
0.000154297
0.000180834
0.000212269
0.000248845
0.000291692
0.000341735
0.00040025
0.000468596
0.000548447
0.000641655
0.000750438
0.000877289
0.00102511
0.00119717
0.00139712
0.00162902
0.0018973
0.0022069
0.00256313
0.00297166
0.00343836
0.00396913
0.00456929
0.00524325
0.00599401
0.0068229
0.00772861
0.00870741
0.0097537
0.0108599
0.0120226
0.0132469
0.0145586
0.0160181
0.0177446
0.0199259
0.022814
0.0266012
0.0317578
0.0377919
0.0447261
0.0548636
0.0600513
-0.000401637
-0.000347671
-0.000300762
-0.000260018
-0.000224649
-0.000193964
-0.000167354
-0.000144282
-0.000124281
-0.000106941
-9.19013e-05
-7.88503e-05
-6.75144e-05
-5.76544e-05
-4.90594e-05
-4.1543e-05
-3.495e-05
-2.91919e-05
-2.40508e-05
-1.9437e-05
-1.52533e-05
-1.14052e-05
-7.8014e-06
-4.36461e-06
-1.0043e-06
2.35224e-06
5.79286e-06
9.40057e-06
1.32623e-05
1.74823e-05
2.21536e-05
2.74091e-05
3.33641e-05
4.01827e-05
4.80237e-05
5.71028e-05
6.75889e-05
7.99658e-05
9.38735e-05
0.000111258
0.00012987
0.000153137
0.000179481
0.000210665
0.000246957
0.000289464
0.000339108
0.000397151
0.000464939
0.000544128
0.000636551
0.0007444
0.000870136
0.00101662
0.00118707
0.0013851
0.00161468
0.00188019
0.00218646
0.00253873
0.00294251
0.00340355
0.00392759
0.0045198
0.00518448
0.00592456
0.00674141
0.00763389
0.00859865
0.00963071
0.0107239
0.0118757
0.0130935
0.0144045
0.0158699
0.0176067
0.0197952
0.0226743
0.0264259
0.0314897
0.0373707
0.0441602
0.0538933
0.0589439
-0.00039779
-0.000344362
-0.000297918
-0.000257573
-0.000222549
-0.000192161
-0.000165805
-0.000142954
-0.000123142
-0.000105964
-9.10652e-05
-7.81353e-05
-6.69039e-05
-5.71341e-05
-4.86172e-05
-4.11685e-05
-3.46346e-05
-2.89273e-05
-2.38315e-05
-1.92579e-05
-1.51102e-05
-1.12949e-05
-7.72141e-06
-4.31312e-06
-9.80488e-07
2.34889e-06
5.76178e-06
9.34074e-06
1.31719e-05
1.73586e-05
2.19932e-05
2.72074e-05
3.31158e-05
3.98809e-05
4.766e-05
5.66687e-05
6.70703e-05
7.93497e-05
9.31603e-05
0.000110356
0.000128877
0.000151928
0.000178069
0.000208994
0.00024499
0.000287143
0.000336373
0.000393926
0.000461135
0.000539638
0.000631248
0.000738131
0.000862715
0.00100782
0.00117662
0.00137267
0.00159988
0.00186255
0.00216544
0.00251365
0.00291261
0.00336793
0.00388516
0.00446936
0.00512472
0.00585413
0.00665893
0.00753822
0.00848901
0.0095069
0.0105869
0.0117279
0.0129388
0.0142482
0.015718
0.0174625
0.019655
0.022522
0.026235
0.0312051
0.0369366
0.0435798
0.0529141
0.0578356
-0.000393839
-0.000340963
-0.000294995
-0.00025506
-0.000220389
-0.000190305
-0.000164211
-0.000141586
-0.000121968
-0.000104958
-9.02036e-05
-7.73982e-05
-6.62743e-05
-5.65974e-05
-4.8161e-05
-4.07822e-05
-3.43092e-05
-2.86544e-05
-2.36053e-05
-1.90733e-05
-1.49628e-05
-1.11814e-05
-7.63934e-06
-4.26057e-06
-9.56663e-07
2.3445e-06
5.72859e-06
9.27764e-06
1.3077e-05
1.7229e-05
2.18255e-05
2.69966e-05
3.28565e-05
3.95659e-05
4.72807e-05
5.62159e-05
6.65298e-05
7.87069e-05
9.24164e-05
0.000109422
0.000127841
0.000150669
0.000176599
0.000207255
0.000242943
0.00028473
0.00033353
0.000390575
0.000457185
0.000534978
0.000625748
0.000731632
0.000855029
0.000998717
0.00116582
0.00135983
0.00158461
0.00184439
0.00214382
0.00248792
0.00288199
0.0033315
0.00384187
0.00441801
0.005064
0.00578271
0.00657549
0.00744161
0.00837848
0.00938225
0.010449
0.011579
0.0127827
0.0140897
0.0155622
0.0173121
0.0195056
0.0223572
0.0260292
0.030905
0.0364905
0.0429855
0.0519278
0.0567274
-0.000389786
-0.000337475
-0.000291993
-0.000252479
-0.00021817
-0.000188398
-0.000162573
-0.000140179
-0.000120761
-0.000103923
-8.93166e-05
-7.66392e-05
-6.56259e-05
-5.60446e-05
-4.7691e-05
-4.03842e-05
-3.39739e-05
-2.83732e-05
-2.33723e-05
-1.88831e-05
-1.48111e-05
-1.10647e-05
-7.55518e-06
-4.20699e-06
-9.3283e-07
2.33908e-06
5.69329e-06
9.2113e-06
1.29777e-05
1.70935e-05
2.16505e-05
2.67769e-05
3.25863e-05
3.92378e-05
4.68857e-05
5.57445e-05
6.59679e-05
7.80378e-05
9.16419e-05
0.000108456
0.000126763
0.000149362
0.000175073
0.000205449
0.000240819
0.000282227
0.000330582
0.0003871
0.00045309
0.000530151
0.000620053
0.000724907
0.00084708
0.00098931
0.00115467
0.0013466
0.0015689
0.00182571
0.00212163
0.00246155
0.00285065
0.00329429
0.00379772
0.00436574
0.00500235
0.00571033
0.00649109
0.00734408
0.00826707
0.00925676
0.0103104
0.0114292
0.0126251
0.0139288
0.0154026
0.0171555
0.0193472
0.0221806
0.0258092
0.03059
0.0360327
0.0423784
0.0509363
0.0556204
-0.000385631
-0.000333898
-0.000288915
-0.00024983
-0.000215892
-0.000186439
-0.00016089
-0.000138733
-0.00011952
-0.000102858
-8.84046e-05
-7.58586e-05
-6.49588e-05
-5.54758e-05
-4.72073e-05
-3.99745e-05
-3.36288e-05
-2.80838e-05
-2.31325e-05
-1.86875e-05
-1.46551e-05
-1.09449e-05
-7.46898e-06
-4.15238e-06
-9.0899e-07
2.33263e-06
5.65591e-06
9.14173e-06
1.28739e-05
1.69523e-05
2.14683e-05
2.65482e-05
3.23053e-05
3.88967e-05
4.64753e-05
5.52546e-05
6.53845e-05
7.73426e-05
9.0837e-05
0.000107458
0.000125642
0.000148006
0.000173489
0.000203577
0.000238617
0.000279632
0.000327528
0.000383503
0.000448853
0.000525157
0.000614165
0.000717958
0.000838872
0.000979603
0.00114318
0.00133298
0.00155273
0.00180653
0.00209886
0.00243453
0.00281861
0.0032563
0.00375274
0.00431259
0.00493976
0.005637
0.00640575
0.00724563
0.00815477
0.00913042
0.0101708
0.0112783
0.012466
0.0137655
0.0152391
0.0169929
0.01918
0.0219925
0.0255755
0.0302607
0.0355638
0.0417598
0.0499411
0.0545155
-0.000381377
-0.000330234
-0.00028576
-0.000247115
-0.000213556
-0.00018443
-0.000159163
-0.00013725
-0.000118246
-0.000101766
-8.74678e-05
-7.50566e-05
-6.42734e-05
-5.48912e-05
-4.67101e-05
-3.95533e-05
-3.3274e-05
-2.77863e-05
-2.2886e-05
-1.84866e-05
-1.4495e-05
-1.08221e-05
-7.38075e-06
-4.09676e-06
-8.85148e-07
2.32516e-06
5.61645e-06
9.06897e-06
1.27657e-05
1.68054e-05
2.12788e-05
2.63106e-05
3.20135e-05
3.85428e-05
4.60496e-05
5.47464e-05
6.478e-05
7.66216e-05
9.0002e-05
0.000106427
0.000124478
0.000146603
0.000171849
0.00020164
0.000236338
0.000276949
0.000324369
0.000379784
0.000444474
0.000519998
0.000608086
0.000710788
0.000830408
0.000969601
0.00113135
0.00131897
0.00153613
0.00178685
0.00207554
0.00240689
0.00278587
0.00321756
0.00370694
0.00425857
0.00487627
0.00556275
0.00631948
0.00714627
0.00804159
0.00900319
0.0100303
0.0111263
0.0123053
0.0135998
0.0150717
0.0168243
0.0190043
0.0217933
0.0253286
0.0299178
0.0350838
0.0411305
0.0489438
0.0534134
-0.000377024
-0.000326483
-0.00028253
-0.000244334
-0.000211163
-0.000182371
-0.000157393
-0.000135728
-0.00011694
-0.000100644
-8.65064e-05
-7.42335e-05
-6.35696e-05
-5.42909e-05
-4.61995e-05
-3.91208e-05
-3.29096e-05
-2.74808e-05
-2.2633e-05
-1.82803e-05
-1.43307e-05
-1.06962e-05
-7.29052e-06
-4.04015e-06
-8.61307e-07
2.31668e-06
5.57494e-06
8.99305e-06
1.26532e-05
1.66528e-05
2.10822e-05
2.60643e-05
3.17111e-05
3.81761e-05
4.56087e-05
5.42201e-05
6.41544e-05
7.58753e-05
8.91371e-05
0.000105364
0.000123274
0.000145152
0.000170154
0.000199638
0.000233984
0.000274177
0.000321108
0.000375945
0.000439956
0.000514677
0.000601817
0.000703399
0.000821691
0.000959308
0.00111918
0.00130457
0.00151909
0.00176669
0.00205167
0.00237864
0.00275245
0.00317806
0.00366033
0.00420369
0.00481188
0.00548758
0.0062323
0.00704602
0.00792754
0.00887501
0.00988882
0.0109731
0.012143
0.0134316
0.0149003
0.0166498
0.0188203
0.0215835
0.0250691
0.029562
0.0345934
0.0404915
0.0479457
0.0523149
-0.000372573
-0.000322647
-0.000279225
-0.000241488
-0.000208713
-0.000180263
-0.00015558
-0.00013417
-0.000115601
-9.94949e-05
-8.55208e-05
-7.33894e-05
-6.28479e-05
-5.36751e-05
-4.56757e-05
-3.8677e-05
-3.25356e-05
-2.71674e-05
-2.23734e-05
-1.80687e-05
-1.41624e-05
-1.05672e-05
-7.19832e-06
-3.98256e-06
-8.37472e-07
2.30719e-06
5.53139e-06
8.91399e-06
1.25363e-05
1.64947e-05
2.08786e-05
2.58093e-05
3.13983e-05
3.77968e-05
4.51529e-05
5.36758e-05
6.3508e-05
7.51038e-05
8.82426e-05
0.000104269
0.000122028
0.000143655
0.000168404
0.000197572
0.000231555
0.000271317
0.000317744
0.000371988
0.000435299
0.000509195
0.000595363
0.000695793
0.000812724
0.000948727
0.00110668
0.0012898
0.00150163
0.00174603
0.00202725
0.00234978
0.00271836
0.00313783
0.00361292
0.00414797
0.00474662
0.00541152
0.00614422
0.00694487
0.0078126
0.00874611
0.00974642
0.0108187
0.011979
0.0132609
0.0147251
0.0164694
0.0186281
0.0213634
0.0247976
0.0291937
0.0340929
0.0398434
0.0469483
0.0512204
-0.000368026
-0.000318727
-0.000275846
-0.000238577
-0.000206207
-0.000178107
-0.000153725
-0.000132574
-0.00011423
-9.8318e-05
-8.45113e-05
-7.25246e-05
-6.21084e-05
-5.3044e-05
-4.51388e-05
-3.82221e-05
-3.21523e-05
-2.68461e-05
-2.21073e-05
-1.78519e-05
-1.39899e-05
-1.04353e-05
-7.10416e-06
-3.924e-06
-8.13644e-07
2.2967e-06
5.48583e-06
8.83183e-06
1.24152e-05
1.63309e-05
2.0668e-05
2.55458e-05
3.1075e-05
3.7405e-05
4.46822e-05
5.31138e-05
6.2841e-05
7.43076e-05
8.73188e-05
0.000103142
0.000120741
0.000142112
0.0001666
0.000195442
0.000229052
0.000268371
0.00031428
0.000367912
0.000430506
0.000503554
0.000588724
0.000687975
0.000803511
0.000937862
0.00109386
0.00127466
0.00148374
0.0017249
0.00200229
0.00232032
0.0026836
0.00309688
0.00356475
0.00409143
0.00468049
0.00533457
0.00605525
0.00684284
0.0076968
0.00861638
0.00960303
0.0106631
0.0118134
0.0130877
0.014546
0.0162834
0.0184281
0.0211333
0.0245144
0.0288137
0.033583
0.0391868
0.0459526
0.0501305
-0.000363384
-0.000314723
-0.000272395
-0.000235604
-0.000203646
-0.000175902
-0.000151827
-0.000130943
-0.000112828
-9.71137e-05
-8.34782e-05
-7.16394e-05
-6.13512e-05
-5.23979e-05
-4.4589e-05
-3.77562e-05
-3.17598e-05
-2.65171e-05
-2.18348e-05
-1.763e-05
-1.38135e-05
-1.03005e-05
-7.00807e-06
-3.86448e-06
-7.89828e-07
2.28522e-06
5.43826e-06
8.74659e-06
1.22899e-05
1.61617e-05
2.04505e-05
2.52737e-05
3.07414e-05
3.70008e-05
4.41968e-05
5.25342e-05
6.21536e-05
7.34869e-05
8.63661e-05
0.000101983
0.000119414
0.000140522
0.000164741
0.000193249
0.000226475
0.00026534
0.000310716
0.000363721
0.000425577
0.000497757
0.000581903
0.000679945
0.000794054
0.000926717
0.00108072
0.00125915
0.00146544
0.00170331
0.00197681
0.00229027
0.00264821
0.00305522
0.00351581
0.00403408
0.00461352
0.00525676
0.00596541
0.00673995
0.00758014
0.00848562
0.00945864
0.0105063
0.011646
0.0129118
0.0143631
0.0160916
0.0182204
0.0208937
0.0242202
0.0284225
0.0330641
0.0385221
0.04496
0.0490458
-0.000358648
-0.000310638
-0.000268873
-0.000232568
-0.00020103
-0.00017365
-0.000149889
-0.000129275
-0.000111394
-9.58824e-05
-8.24217e-05
-7.0734e-05
-6.05767e-05
-5.17368e-05
-4.40265e-05
-3.72795e-05
-3.13581e-05
-2.61804e-05
-2.15561e-05
-1.7403e-05
-1.36332e-05
-1.01628e-05
-6.91009e-06
-3.80403e-06
-7.66026e-07
2.27275e-06
5.38871e-06
8.65831e-06
1.21604e-05
1.5987e-05
2.02262e-05
2.49933e-05
3.03977e-05
3.65844e-05
4.36969e-05
5.19373e-05
6.1446e-05
7.26421e-05
8.53848e-05
0.000100793
0.000118048
0.000138888
0.00016283
0.000190994
0.000223826
0.000262224
0.000307053
0.000359415
0.000420515
0.000491805
0.000574902
0.000671708
0.000784358
0.000915296
0.00106726
0.00124328
0.00144673
0.00168125
0.00195082
0.00225965
0.00261217
0.00301287
0.00346612
0.00397593
0.00454573
0.0051781
0.00587471
0.00663619
0.0074626
0.00835395
0.00931324
0.0103482
0.0114768
0.0127334
0.0141763
0.0158944
0.0180052
0.0206449
0.0239153
0.0280206
0.0325369
0.0378495
0.0439715
0.0479666
-0.00035382
-0.000306472
-0.000265279
-0.00022947
-0.000198361
-0.000171351
-0.00014791
-0.000127572
-0.00010993
-9.46245e-05
-8.13421e-05
-6.98088e-05
-5.97851e-05
-5.1061e-05
-4.34514e-05
-3.6792e-05
-3.09473e-05
-2.58362e-05
-2.12711e-05
-1.7171e-05
-1.34489e-05
-1.00222e-05
-6.81023e-06
-3.74266e-06
-7.42241e-07
2.25931e-06
5.33721e-06
8.56702e-06
1.20267e-05
1.58069e-05
1.99951e-05
2.47046e-05
3.00439e-05
3.61559e-05
4.31827e-05
5.13232e-05
6.07185e-05
7.17734e-05
8.43753e-05
9.95707e-05
0.000116642
0.000137208
0.000160866
0.000188679
0.000221105
0.000259024
0.000303294
0.000354995
0.000415322
0.000485699
0.000567724
0.000663266
0.000774425
0.000903604
0.00105349
0.00122706
0.00142762
0.00165874
0.00192431
0.00222847
0.00257552
0.00296984
0.0034157
0.003917
0.00447712
0.00509859
0.00578315
0.00653156
0.00734416
0.00822138
0.0091668
0.0101889
0.0113059
0.0125524
0.0139857
0.0156917
0.0177827
0.0203872
0.0236002
0.0276086
0.0320018
0.0371695
0.0429883
0.0468931
-0.0003489
-0.000302226
-0.000261616
-0.000226312
-0.000195639
-0.000169005
-0.00014589
-0.000125835
-0.000108436
-9.33403e-05
-8.02398e-05
-6.88639e-05
-5.89765e-05
-5.03707e-05
-4.28638e-05
-3.6294e-05
-3.05277e-05
-2.54845e-05
-2.098e-05
-1.69341e-05
-1.32608e-05
-9.87876e-06
-6.70852e-06
-3.68038e-06
-7.18476e-07
2.24491e-06
5.28376e-06
8.47276e-06
1.1889e-05
1.56216e-05
1.97574e-05
2.44076e-05
2.96802e-05
3.57155e-05
4.26543e-05
5.06922e-05
5.99712e-05
7.08812e-05
8.33379e-05
9.83177e-05
0.000115198
0.000135485
0.00015885
0.000186302
0.000218314
0.000255743
0.000299438
0.000350464
0.000409998
0.000479443
0.000560372
0.000654622
0.00076426
0.000891643
0.00103941
0.00121049
0.00140811
0.00163578
0.00189731
0.00219673
0.00253825
0.00292614
0.00336456
0.00385732
0.00440771
0.00501828
0.00569077
0.00642611
0.00722488
0.00808788
0.00901933
0.0100282
0.0111332
0.0123688
0.0137913
0.0154837
0.0175532
0.0201209
0.0232753
0.027187
0.0314594
0.0364823
0.0420113
0.0458255
-0.000343891
-0.000297901
-0.000257885
-0.000223093
-0.000192864
-0.000166615
-0.000143831
-0.000124062
-0.000106911
-9.20303e-05
-7.91151e-05
-6.78997e-05
-5.81513e-05
-4.96661e-05
-4.2264e-05
-3.57857e-05
-3.00992e-05
-2.51255e-05
-2.06829e-05
-1.66923e-05
-1.3069e-05
-9.73256e-06
-6.605e-06
-3.61721e-06
-6.94734e-07
2.22954e-06
5.2284e-06
8.37556e-06
1.17472e-05
1.5431e-05
1.9513e-05
2.41026e-05
2.93067e-05
3.52633e-05
4.21119e-05
5.00445e-05
5.92044e-05
6.99657e-05
8.22731e-05
9.70339e-05
0.000113716
0.000133718
0.000156783
0.000183866
0.000215453
0.00025238
0.000295488
0.000345823
0.000404547
0.000473039
0.000552847
0.000645778
0.000753864
0.000879419
0.00102503
0.00119357
0.00138821
0.00161238
0.00186981
0.00216444
0.00250037
0.00288178
0.00331271
0.00379688
0.00433751
0.00493714
0.00559755
0.00631979
0.00710483
0.00795338
0.00887077
0.00986614
0.0109587
0.0121827
0.0135931
0.0152705
0.0173169
0.0198464
0.0229412
0.0267564
0.0309102
0.0357883
0.0410415
0.0447636
-0.000338793
-0.000293499
-0.000254086
-0.000219816
-0.000190038
-0.000164179
-0.000141733
-0.000122256
-0.000105357
-9.06947e-05
-7.79684e-05
-6.69164e-05
-5.73096e-05
-4.89473e-05
-4.16522e-05
-3.5267e-05
-2.96621e-05
-2.47593e-05
-2.03798e-05
-1.64457e-05
-1.28734e-05
-9.58362e-06
-6.49968e-06
-3.55315e-06
-6.71017e-07
2.21323e-06
5.17115e-06
8.27546e-06
1.16014e-05
1.52352e-05
1.92622e-05
2.37895e-05
2.89235e-05
3.47994e-05
4.15558e-05
4.93802e-05
5.84184e-05
6.90274e-05
8.11813e-05
9.57196e-05
0.000112196
0.000131908
0.000154665
0.000181371
0.000212523
0.000248936
0.000291444
0.000341074
0.000398969
0.000466488
0.000545153
0.000636739
0.000743243
0.000866936
0.00101036
0.00117632
0.00136793
0.00158855
0.00184183
0.00213161
0.00246191
0.00283678
0.00326016
0.0037357
0.00426654
0.0048552
0.00550349
0.0062126
0.0069839
0.00781791
0.0087211
0.00970275
0.0107823
0.0119939
0.0133913
0.0150522
0.0170739
0.0195639
0.0225982
0.0263172
0.0303545
0.0350876
0.04008
0.043708
-0.000333608
-0.000289021
-0.00025022
-0.00021648
-0.000187161
-0.000161699
-0.000139597
-0.000120417
-0.000103775
-8.9334e-05
-7.67999e-05
-6.59143e-05
-5.64518e-05
-4.82147e-05
-4.10284e-05
-3.47382e-05
-2.92165e-05
-2.43859e-05
-2.00708e-05
-1.61944e-05
-1.26741e-05
-9.43199e-06
-6.3926e-06
-3.48824e-06
-6.47328e-07
2.19599e-06
5.11202e-06
8.1725e-06
1.14517e-05
1.50343e-05
1.9005e-05
2.34686e-05
2.85307e-05
3.43241e-05
4.09859e-05
4.86997e-05
5.76134e-05
6.80664e-05
8.00628e-05
9.43752e-05
0.000110639
0.000130055
0.000152498
0.000178818
0.000209526
0.000245414
0.000287308
0.000336217
0.000393268
0.000459793
0.000537292
0.000627508
0.0007324
0.000854198
0.000995392
0.00115874
0.00134728
0.00156431
0.00181338
0.00209827
0.00242288
0.00279116
0.00320696
0.00367383
0.00419485
0.00477252
0.00540871
0.00610473
0.00686211
0.00768174
0.00857039
0.00953801
0.0106041
0.0118025
0.0131858
0.0148288
0.0168243
0.0192734
0.0222463
0.0258693
0.0297922
0.0343804
0.0391275
0.0426597
-0.000328338
-0.000284468
-0.000246289
-0.000213087
-0.000184235
-0.000159176
-0.000137423
-0.000118544
-0.000102163
-8.79486e-05
-7.56099e-05
-6.48937e-05
-5.5578e-05
-4.74683e-05
-4.03929e-05
-3.41995e-05
-2.87624e-05
-2.40055e-05
-1.97561e-05
-1.59384e-05
-1.24712e-05
-9.2777e-06
-6.28378e-06
-3.42248e-06
-6.23671e-07
2.17781e-06
5.05105e-06
8.06671e-06
1.12982e-05
1.48284e-05
1.87414e-05
2.31399e-05
2.81286e-05
3.38375e-05
4.04027e-05
4.80032e-05
5.67896e-05
6.70832e-05
7.89182e-05
9.30011e-05
0.000109046
0.00012816
0.000150281
0.000176208
0.000206461
0.000241814
0.000283082
0.000331254
0.000387443
0.000452955
0.000529266
0.000618084
0.000721336
0.000841207
0.000980136
0.00114083
0.00132625
0.00153964
0.00178446
0.0020644
0.00238326
0.0027449
0.00315306
0.0036112
0.00412236
0.00468899
0.00531301
0.00599584
0.00673908
0.0075447
0.00841873
0.00937202
0.0104241
0.0116086
0.0129767
0.0146006
0.0165684
0.0189753
0.0218858
0.025413
0.0292236
0.033667
0.0381847
0.0416178
-0.000312716
-0.00027097
-0.000234631
-0.000203025
-0.000175554
-0.000151691
-0.000130971
-0.000112988
-9.73806e-05
-8.38356e-05
-7.20768e-05
-6.1863e-05
-5.29829e-05
-4.52516e-05
-3.85054e-05
-3.25992e-05
-2.74136e-05
-2.28756e-05
-1.88211e-05
-1.51781e-05
-1.18688e-05
-8.81991e-06
-5.96127e-06
-3.22817e-06
-5.54682e-07
2.12219e-06
4.86792e-06
7.75002e-06
1.08391e-05
1.42132e-05
1.79544e-05
2.21588e-05
2.69283e-05
3.23854e-05
3.86627e-05
4.59252e-05
5.43328e-05
6.41514e-05
7.55031e-05
8.89087e-05
0.000104293
0.000122514
0.000143673
0.00016843
0.00019733
0.000231087
0.000270491
0.000316474
0.000370098
0.000432598
0.000505377
0.000590047
0.00068843
0.000802582
0.000934801
0.00108762
0.00126384
0.00146646
0.00169874
0.00196408
0.00226601
0.00260811
0.00299382
0.00342636
0.00390857
0.00444283
0.00503112
0.00567509
0.00637715
0.00714207
0.00797361
0.00888419
0.00989424
0.011036
0.0123572
0.0139217
0.0158049
0.0180854
0.0208122
0.0240614
0.0275498
0.0315721
0.0354632
0.0385926
-0.000284941
-0.000246948
-0.000213868
-0.000185087
-0.000160066
-0.000138325
-0.000119444
-0.000103053
-8.88246e-05
-7.64736e-05
-6.57494e-05
-5.64325e-05
-4.83308e-05
-4.12759e-05
-3.51187e-05
-2.97272e-05
-2.49924e-05
-2.08473e-05
-1.71435e-05
-1.38147e-05
-1.07897e-05
-8.00192e-06
-5.3874e-06
-2.8866e-06
-4.39895e-07
2.0108e-06
4.52505e-06
7.16465e-06
9.99438e-06
1.30853e-05
1.65132e-05
2.03651e-05
2.47354e-05
2.97352e-05
3.5487e-05
4.21397e-05
4.98451e-05
5.88302e-05
6.92443e-05
8.14878e-05
9.56203e-05
0.000112271
0.000131654
0.000154307
0.000180753
0.000211634
0.000247672
0.000289712
0.00033872
0.000395814
0.000462264
0.000539524
0.000629233
0.000733238
0.000853594
0.000992569
0.00115265
0.0013365
0.00154701
0.00178717
0.0020601
0.00236889
0.00271659
0.00310605
0.00353983
0.00402025
0.00454938
0.00512932
0.00576316
0.00645477
0.00721145
0.0080452
0.0089755
0.0100317
0.0112546
0.0126964
0.0144157
0.0164685
0.0188838
0.0216946
0.0246886
0.0280513
0.0311429
0.0337153
-0.00025547
-0.00022144
-0.000191804
-0.000166013
-0.000143586
-0.000124095
-0.000107165
-9.24638e-05
-7.97004e-05
-6.8619e-05
-5.89956e-05
-5.06337e-05
-4.33614e-05
-3.70275e-05
-3.14989e-05
-2.66567e-05
-2.24037e-05
-1.86792e-05
-1.53507e-05
-1.23586e-05
-9.63886e-06
-7.13157e-06
-4.77958e-06
-2.52911e-06
-3.26894e-07
1.87952e-06
4.14361e-06
6.52092e-06
9.0699e-06
1.18543e-05
1.49426e-05
1.84128e-05
2.23504e-05
2.68549e-05
3.20371e-05
3.80298e-05
4.49732e-05
5.30616e-05
6.24508e-05
7.34579e-05
8.62103e-05
0.000101184
0.000118638
0.000139025
0.000162824
0.000190606
0.00022302
0.000260821
0.000304873
0.000356171
0.000415848
0.000485194
0.000565663
0.000658889
0.000766683
0.000891045
0.00103415
0.00119835
0.00138615
0.00160016
0.00184307
0.00211759
0.00242634
0.00277184
0.00315639
0.00358217
0.00405116
0.00456595
0.00512942
0.00574631
0.00642391
0.00717399
0.00801446
0.00897106
0.0100781
0.0113773
0.0129131
0.014724
0.0168249
0.0192206
0.0217555
0.0245239
0.0269755
0.0290423
-0.00022448
-0.000194602
-0.000168575
-0.000145921
-0.000126217
-0.00010909
-9.42105e-05
-8.12875e-05
-7.00662e-05
-6.03222e-05
-5.18589e-05
-4.45041e-05
-3.81067e-05
-3.25341e-05
-2.76693e-05
-2.34079e-05
-1.96643e-05
-1.6385e-05
-1.34542e-05
-1.08189e-05
-8.42298e-06
-6.21363e-06
-4.1407e-06
-2.15666e-06
-2.14791e-07
1.73121e-06
3.72843e-06
5.82579e-06
8.07494e-06
1.05319e-05
1.32574e-05
1.63198e-05
1.9795e-05
2.37703e-05
2.83438e-05
3.3632e-05
3.97603e-05
4.68945e-05
5.5184e-05
6.48837e-05
7.61482e-05
8.9346e-05
0.00010474
0.000122715
0.000143696
0.000168183
0.000196747
0.000230048
0.000268844
0.000314006
0.000366521
0.000427516
0.000498254
0.000580154
0.000674786
0.000783878
0.000909309
0.0010531
0.0012174
0.00140444
0.00161653
0.00185596
0.002125
0.0024258
0.00276041
0.00313081
0.00353903
0.00398768
0.00447929
0.0050189
0.0056136
0.00627423
0.0070166
0.00786259
0.00884029
0.00998244
0.0113217
0.0128835
0.0146729
0.0166787
0.0187817
0.021018
0.022941
0.0245502
-0.00019216
-0.000166597
-0.000144324
-0.000124935
-0.000108068
-9.34047e-05
-8.06631e-05
-6.95955e-05
-5.99839e-05
-5.16366e-05
-4.43856e-05
-3.80836e-05
-3.26012e-05
-2.78252e-05
-2.36552e-05
-2.00021e-05
-1.67924e-05
-1.39801e-05
-1.14664e-05
-9.20584e-06
-7.15012e-06
-5.25406e-06
-3.47474e-06
-1.77132e-06
-1.03821e-07
1.56752e-06
3.28311e-06
5.08493e-06
7.01738e-06
9.1285e-06
1.14705e-05
1.41021e-05
1.70886e-05
2.05047e-05
2.4435e-05
2.8979e-05
3.42457e-05
4.03739e-05
4.7499e-05
5.58258e-05
6.55104e-05
7.68411e-05
9.00617e-05
0.000105495
0.000123509
0.000144528
0.000169041
0.000197613
0.000230892
0.000269617
0.000314632
0.000366892
0.000427471
0.00049757
0.000578517
0.00067177
0.000778912
0.000901642
0.00104176
0.00120114
0.0013817
0.00158536
0.00181402
0.0020695
0.00235356
0.00266794
0.00301467
0.00339572
0.00381386
0.00427385
0.004782
0.00534782
0.00598469
0.00671062
0.00754793
0.00852153
0.00965477
0.0109635
0.012446
0.0140843
0.015783
0.0175456
0.0190239
0.0202297
-0.000158704
-0.000137595
-0.000119202
-0.000103187
-8.92534e-05
-7.71385e-05
-6.661e-05
-5.74638e-05
-4.95198e-05
-4.262e-05
-3.66259e-05
-3.14157e-05
-2.68827e-05
-2.29334e-05
-1.94848e-05
-1.64633e-05
-1.38083e-05
-1.14814e-05
-9.40147e-06
-7.53064e-06
-5.82907e-06
-4.25936e-06
-2.78605e-06
-1.37534e-06
5.80318e-09
1.39031e-06
2.81163e-06
4.30453e-06
5.9058e-06
7.65524e-06
9.59614e-06
1.17771e-05
1.42522e-05
1.70835e-05
2.0341e-05
2.41068e-05
2.84719e-05
3.35496e-05
3.94554e-05
4.63515e-05
5.43797e-05
6.37638e-05
7.47146e-05
8.7497e-05
0.000102414
0.000119817
0.00014011
0.000163758
0.000191294
0.000223328
0.000260554
0.000303755
0.000353812
0.000411708
0.000478528
0.000555463
0.000643802
0.000744926
0.000860294
0.000991425
0.00113987
0.00130718
0.00149489
0.00170449
0.00193744
0.00219522
0.00247953
0.00279182
0.00313516
0.00351333
0.00393182
0.00439837
0.00492358
0.00552182
0.00621013
0.00700671
0.00792757
0.00898158
0.0101634
0.0114524
0.0127733
0.0141119
0.0152071
0.0160658
-0.000124306
-0.000107768
-9.33546e-05
-8.08042e-05
-6.98837e-05
-6.03874e-05
-5.21338e-05
-4.49629e-05
-3.8734e-05
-3.33234e-05
-2.86226e-05
-2.45362e-05
-2.09807e-05
-1.78826e-05
-1.51772e-05
-1.28067e-05
-1.07236e-05
-8.89774e-06
-7.26563e-06
-5.79758e-06
-4.46228e-06
-3.23036e-06
-2.07402e-06
-9.66668e-07
1.17621e-07
1.20471e-06
2.32089e-06
3.49345e-06
4.75133e-06
6.12578e-06
7.65084e-06
9.36468e-06
1.13098e-05
1.3535e-05
1.60951e-05
1.90547e-05
2.24854e-05
2.64754e-05
3.11171e-05
3.6534e-05
4.28436e-05
5.02146e-05
5.88166e-05
6.88561e-05
8.05709e-05
9.42361e-05
0.000110168
0.000128731
0.000150341
0.000175476
0.000204676
0.000238552
0.00027779
0.000323155
0.00037549
0.000435717
0.000504835
0.000583911
0.000674069
0.000776479
0.00089233
0.00102282
0.00116911
0.00133237
0.0015137
0.00171425
0.0019352
0.00217826
0.00244572
0.00274029
0.00306635
0.00342931
0.00383782
0.00430256
0.00483537
0.0054488
0.00615311
0.00695224
0.00783929
0.00879434
0.00975971
0.0107153
0.011473
0.0120349
-8.91931e-05
-7.73139e-05
-6.696e-05
-5.79431e-05
-5.00965e-05
-4.32728e-05
-3.73419e-05
-3.21888e-05
-2.77126e-05
-2.38243e-05
-2.04464e-05
-1.75099e-05
-1.4955e-05
-1.2729e-05
-1.07852e-05
-9.08218e-06
-7.58576e-06
-6.2741e-06
-5.10162e-06
-4.0469e-06
-3.08735e-06
-2.20178e-06
-1.37016e-06
-5.73335e-07
2.07367e-07
9.9053e-07
1.79505e-06
2.64048e-06
3.54757e-06
4.53869e-06
5.63826e-06
6.87366e-06
8.27539e-06
9.87847e-06
1.17224e-05
1.38536e-05
1.63237e-05
1.91957e-05
2.25374e-05
2.64359e-05
3.09782e-05
3.62827e-05
4.24731e-05
4.96972e-05
5.81261e-05
6.79569e-05
7.94169e-05
9.27672e-05
0.000108307
0.000126377
0.000147364
0.000171706
0.000199893
0.000232469
0.000270035
0.000313247
0.000362815
0.000419494
0.000484079
0.000557394
0.000640276
0.000733559
0.000838063
0.000954586
0.00108391
0.00122682
0.00138418
0.00155722
0.00174726
0.00195657
0.00218755
0.00244408
0.00273225
0.0030587
0.00343099
0.00385685
0.0043419
0.00488676
0.00548421
0.00611729
0.00674519
0.00734901
0.00780317
0.00810793
-5.34878e-05
-4.63343e-05
-4.00992e-05
-3.46691e-05
-2.99436e-05
-2.58341e-05
-2.22622e-05
-1.91588e-05
-1.64629e-05
-1.41211e-05
-1.20871e-05
-1.03189e-05
-8.78056e-06
-7.44024e-06
-6.26989e-06
-5.2445e-06
-4.34355e-06
-3.55332e-06
-2.8468e-06
-2.21095e-06
-1.63212e-06
-1.09753e-06
-5.95158e-07
-1.1345e-07
3.5881e-07
8.32792e-07
1.31986e-06
1.83178e-06
2.38102e-06
2.98104e-06
3.64652e-06
4.39393e-06
5.24164e-06
6.21074e-06
7.32507e-06
8.61245e-06
1.01043e-05
1.18382e-05
1.38558e-05
1.62086e-05
1.89496e-05
2.21505e-05
2.58855e-05
3.02438e-05
3.53283e-05
4.12579e-05
4.81691e-05
5.62191e-05
6.55876e-05
7.64795e-05
8.9127e-05
0.000103792
0.000120768
0.00014038
0.000162988
0.000188981
0.00021878
0.000252834
0.00029161
0.000335591
0.000385263
0.000441107
0.000503588
0.00057315
0.000650216
0.000735201
0.000828549
0.000930855
0.00104274
0.00116492
0.00129896
0.00144748
0.00161296
0.00179846
0.00200771
0.00224377
0.00250788
0.00279871
0.00311101
0.00343102
0.00373307
0.0040054
0.00417828
0.00425376
-1.76837e-05
-1.52891e-05
-1.32015e-05
-1.13829e-05
-9.79989e-06
-8.42276e-06
-7.22531e-06
-6.18444e-06
-5.27965e-06
-4.49293e-06
-3.81018e-06
-3.21536e-06
-2.69734e-06
-2.24558e-06
-1.85074e-06
-1.50463e-06
-1.20042e-06
-9.33044e-07
-6.94685e-07
-4.80502e-07
-2.8598e-07
-1.06882e-07
6.08141e-08
2.20996e-07
3.77458e-07
5.33996e-07
6.94486e-07
8.62936e-07
1.0436e-06
1.24107e-06
1.46033e-06
1.70698e-06
1.98725e-06
2.3082e-06
2.67796e-06
3.10571e-06
3.60231e-06
4.17979e-06
4.85299e-06
5.63881e-06
6.55308e-06
7.6234e-06
8.87209e-06
1.03293e-05
1.20292e-05
1.40117e-05
1.63221e-05
1.90126e-05
2.21426e-05
2.57799e-05
3.00011e-05
3.48922e-05
4.05491e-05
4.70779e-05
5.45943e-05
6.32237e-05
7.30992e-05
8.43604e-05
9.71502e-05
0.000111611
0.00012788
0.000146085
0.000166332
0.000188709
0.000213269
0.000240035
0.000268998
0.000300131
0.000333358
0.000368602
0.000406097
0.000445628
0.000486708
0.000529371
0.000573203
0.00061692
0.000658574
0.000694848
0.000719336
0.000727182
0.000711289
0.000665882
0.000571588
0.000434986
10.3917
5.94817
3.28424
-1.28532
-4.02822
-7.42946
-9.7447
-11.5521
-12.7148
-13.444
-13.9279
-14.0274
-13.944
-12.8936
-12.9203
10.3905
5.94688
3.28292
-1.28665
-4.02941
-7.43061
-9.74568
-11.553
-12.7156
-13.4446
-13.9285
-14.028
-13.9444
-12.8941
-12.9207
10.3902
5.94649
3.28252
-1.28708
-4.02974
-7.43091
-9.74582
-11.553
-12.7155
-13.4445
-13.9283
-14.0277
-13.944
-12.8937
-12.9202
10.3894
5.94546
3.28146
-1.28816
-4.03069
-7.43181
-9.74656
-11.5536
-12.716
-13.4449
-13.9286
-14.028
-13.9442
-12.8939
-12.9203
10.3891
5.94503
3.28101
-1.28865
-4.03107
-7.43218
-9.74678
-11.5537
-12.7159
-13.4448
-13.9285
-14.0278
-13.9438
-12.8935
-12.92
10.3884
5.94407
3.28
-1.2897
-4.03198
-7.43305
-9.74748
-11.5543
-12.7164
-13.4452
-13.9288
-14.028
-13.944
-12.8937
-12.9201
10.3881
5.94359
3.27951
-1.29023
-4.03242
-7.43349
-9.74778
-11.5545
-12.7164
-13.4451
-13.9287
-14.0279
-13.9437
-12.8934
-12.9199
10.3875
5.94269
3.27854
-1.29127
-4.0333
-7.43433
-9.74846
-11.555
-12.7168
-13.4454
-13.9289
-14.0281
-13.9438
-12.8934
-12.9199
10.3871
5.94217
3.27802
-1.29182
-4.03379
-7.43482
-9.74881
-11.5553
-12.717
-13.4455
-13.9289
-14.028
-13.9435
-12.8932
-12.9198
10.3866
5.94134
3.27708
-1.29286
-4.03465
-7.43565
-9.74947
-11.5558
-12.7173
-13.4458
-13.9291
-14.0282
-13.9436
-12.8933
-12.9198
10.3862
5.94078
3.27654
-1.29344
-4.03518
-7.43619
-9.74989
-11.5561
-12.7175
-13.4458
-13.9291
-14.0282
-13.9434
-12.893
-12.9197
10.3858
5.94
3.27562
-1.29447
-4.03603
-7.43701
-9.75054
-11.5566
-12.7179
-13.4461
-13.9293
-14.0283
-13.9434
-12.8931
-12.9198
10.3854
5.9394
3.27506
-1.29507
-4.03659
-7.4376
-9.751
-11.557
-12.7181
-13.4462
-13.9294
-14.0284
-13.9433
-12.8929
-12.9198
10.385
5.93868
3.27416
-1.2961
-4.03742
-7.43839
-9.75164
-11.5575
-12.7184
-13.4465
-13.9296
-14.0286
-13.9435
-12.893
-12.9199
10.3963
5.95162
3.28981
-1.27856
-4.02119
-7.42175
-9.73812
-11.5463
-12.71
-13.4399
-13.9259
-14.0286
-13.955
-12.9075
-12.958
10.3993
5.93909
3.27379
-1.2993
-4.03692
-7.43655
-9.74959
-11.5545
-12.7148
-13.4427
-13.9276
-14.0299
-13.9553
-12.9077
-12.9587
10.4129
5.92925
3.2599
-1.31592
-4.05191
-7.45205
-9.76232
-11.5637
-12.72
-13.4455
-13.9294
-14.0311
-13.9554
-12.9068
-12.9587
10.4373
5.92154
3.24998
-1.33882
-4.07003
-7.47058
-9.7779
-11.5751
-12.7264
-13.4491
-13.9318
-14.033
-13.9559
-12.907
-12.9599
10.4726
5.91594
3.22879
-1.36059
-4.08948
-7.49116
-9.79569
-11.5882
-12.7337
-13.453
-13.9344
-14.035
-13.9565
-12.9061
-12.9601
10.519
5.91237
3.22807
-1.3858
-4.11081
-7.51408
-9.81588
-11.603
-12.742
-13.4575
-13.9375
-14.0374
-13.9574
-12.9063
-12.9614
10.5766
5.91071
3.19997
-1.41247
-4.13398
-7.5393
-9.83845
-11.6197
-12.7513
-13.4625
-13.9409
-14.0401
-13.9584
-12.9054
-12.9619
10.6364
5.89071
3.18968
-1.47117
-4.18749
-7.59857
-9.89178
-11.662
-12.7782
-13.4798
-13.9531
-14.0478
-13.9506
-12.89
-12.9382
10.7354
5.89352
3.11809
-1.51773
-4.2318
-7.65359
-9.94804
-11.7093
-12.8079
-13.4982
-13.9689
-14.0647
-13.9602
-12.8864
-12.9502
10.8517
5.90005
3.16594
-1.56884
-4.28053
-7.71595
-10.0131
-11.7649
-12.8431
-13.5202
-13.9889
-14.0874
-13.9738
-12.889
-12.9937
10.9854
5.90123
3.06859
-1.62491
-4.33395
-7.78574
-10.087
-11.8288
-12.8833
-13.5451
-14.0121
-14.1149
-13.9906
-12.8887
-13.0335
11.1379
5.92626
3.13455
-1.6846
-4.39176
-7.86304
-10.17
-11.9015
-12.9291
-13.5738
-14.0397
-14.1487
-14.012
-12.8925
-13.1076
11.3057
5.90781
3.02164
-1.75569
-4.45456
-7.94783
-10.2621
-11.9825
-12.9795
-13.6046
-14.0701
-14.1873
-14.0351
-12.8938
-13.1766
11.5159
5.96477
3.08091
-1.81682
-4.51895
-8.04024
-10.3641
-12.073
-13.0357
-13.6392
-14.1053
-14.2327
-14.0639
-12.8976
-13.2779
11.6829
5.91277
2.95616
-1.91212
-4.59723
-8.14308
-10.4757
-12.172
-13.0963
-13.6752
-14.1428
-14.2831
-14.0927
-12.8985
-13.3772
12.005
6.00912
3.03663
-1.96831
-4.66118
-8.24457
-10.5944
-12.28
-13.1621
-13.714
-14.1846
-14.3404
-14.1273
-12.899
-13.5062
12.1285
5.91324
2.87322
-2.09436
-4.76009
-8.37191
-10.733
-12.4015
-13.2351
-13.7559
-14.2305
-14.4052
-14.1627
-12.903
-13.6386
12.6115
6.0525
2.97223
-2.14284
-4.81929
-8.47957
-10.8643
-12.5229
-13.3064
-13.7943
-14.275
-14.4717
-14.1984
-12.8849
-13.795
12.6556
5.90473
2.77303
-2.30223
-4.94193
-8.63288
-11.0339
-12.6715
-13.3931
-13.8428
-14.3316
-14.5565
-14.2438
-12.9009
-13.9638
13.3546
6.08588
2.87836
-2.34539
-4.99243
-8.7476
-11.1785
-12.8051
-13.4713
-13.881
-14.3802
-14.6341
-14.2782
-12.8521
-14.1427
13.2847
5.8824
2.65271
-2.53381
-5.14244
-8.92597
-11.3801
-12.985
-13.571
-13.927
-14.4394
-14.733
-14.3253
-11.9194
21.6677
44.7528
161.811
267.368
363.863
449.764
522.991
583.387
630.406
664.159
684.02
689.695
681.298
659.179
624.057
590.469
48.6026
36.6289
24.6545
16.9855
12.245
9.22368
7.375
6.08542
5.50619
5.08472
4.6685
4.23015
3.74589
3.25883
0.323517
0.169312
0.197222
0.240838
0.236574
0.185307
0.134614
0.0792291
0.0435678
0.0138773
0.00164705
-0.00021429
-0.0153877
-0.000404557
-0.118526
-0.00348812
0.0805837
0.0880383
0.0992995
0.103103
0.0599429
0.0198543
-0.0177499
-0.0325844
-0.0455865
-0.0430934
-0.0340977
-0.0393526
-0.0257355
-0.100809
0.217533
0.141731
0.165657
0.195163
0.191683
0.145731
0.100582
0.0524357
0.0229952
-0.00156144
-0.0108607
-0.0114311
-0.0242194
-0.00589447
-0.0969032
0.0164276
0.0928962
0.101237
0.11431
0.11588
0.0782248
0.041721
0.00503562
-0.0138871
-0.0293788
-0.0327307
-0.0285805
-0.0383951
-0.0258359
-0.0945474
0.135626
0.1241
0.143397
0.163344
0.160387
0.119991
0.080005
0.0378205
0.0121592
-0.00883577
-0.0173796
-0.018095
-0.0314503
-0.0151501
-0.0921365
0.023913
0.0979268
0.107264
0.120097
0.120071
0.0863748
0.0527332
0.017366
-0.00348486
-0.0203824
-0.0271886
-0.026326
-0.0388145
-0.0255632
-0.090455
0.0728419
0.112164
0.127277
0.141099
0.138247
0.103064
0.067764
0.0304388
0.0071109
-0.0117367
-0.020762
-0.0225057
-0.0368899
-0.0229109
-0.0897147
0.0181578
0.0988125
0.108518
0.119949
0.118763
0.0882173
0.0569717
0.0232834
0.00185725
-0.0154618
-0.0242815
-0.0257929
-0.0400118
-0.027906
-0.0890717
0.0273548
0.103609
0.11549
0.125457
0.122549
0.0919004
0.0606371
0.0271363
0.00523423
-0.0125247
-0.0225273
-0.02558
-0.0410958
-0.0298478
-0.0892214
0.00262925
0.0972404
0.106602
0.116048
0.113945
0.0861043
0.0571143
0.0255397
0.00435634
-0.0128499
-0.0230022
-0.026435
-0.0423488
-0.0324217
-0.0893637
-0.00496076
0.097151
0.106755
0.114364
0.111388
0.0845032
0.0565218
0.0259224
0.00489756
-0.0123107
-0.0229986
-0.0272933
-0.0436797
-0.0352406
-0.0901791
-0.0183985
0.0940708
0.10267
0.109826
0.106958
0.0816754
0.0550505
0.0256718
0.00507251
-0.0119244
-0.0230533
-0.028103
-0.0448783
-0.0379336
-0.0909282
-0.0292234
0.0921121
0.100162
0.106249
0.103139
0.0791614
0.0537204
0.0254496
0.00521836
-0.0116074
-0.0231461
-0.0289359
-0.0460687
-0.040733
-0.092133
-0.0399543
0.0899544
0.0974193
0.102753
0.0994806
0.0767252
0.052397
0.0251715
0.00530809
-0.0113563
-0.0232628
-0.029758
-0.047221
-0.0434935
-0.093378
-0.0499805
0.0878559
0.0947753
0.0994133
0.0959878
0.0743648
0.0510806
0.0248422
0.00534581
-0.0111662
-0.0234051
-0.0305764
-0.0483387
-0.0462439
-0.094778
-0.059484
0.0857867
0.0921965
0.0962076
0.0926445
0.0720738
0.0497712
0.0244664
0.00533543
-0.0110314
-0.0235699
-0.0313874
-0.0494214
-0.0489576
-0.0962714
-0.0684482
0.0837418
0.0896887
0.0931273
0.0894415
0.0698494
0.0484708
0.0240489
0.00528087
-0.0109465
-0.0237549
-0.0321893
-0.050472
-0.0516232
-0.0978336
-0.0769011
0.0817225
0.087251
0.0901637
0.0863695
0.0676901
0.0471807
0.023595
0.00518574
-0.0109067
-0.0239574
-0.0329794
-0.0514902
-0.0542289
-0.0994442
-0.0848551
0.0797356
0.0848761
0.0873095
0.0834207
0.065594
0.0459018
0.0231093
0.00505356
-0.0109069
-0.024175
-0.0337552
-0.0524761
-0.0567643
-0.101079
-0.0923237
0.077783
0.0825606
0.0845585
0.0805888
0.063558
0.0446355
0.0225957
0.00488785
-0.010943
-0.0244048
-0.0345143
-0.0534294
-0.0592196
-0.102718
-0.0993188
0.0758653
0.080302
0.0819051
0.0778668
0.0615799
0.0433829
0.022058
0.00469205
-0.0110107
-0.0246445
-0.0352544
-0.0543489
-0.0615872
-0.104342
-0.105851
0.0739814
0.0780994
0.0793441
0.0752485
0.0596575
0.042145
0.0214996
0.00446923
-0.0111061
-0.0248916
-0.0359734
-0.0552334
-0.0638602
-0.105938
-0.111932
0.0721308
0.0759517
0.0768705
0.072728
0.0577887
0.0409225
0.0209236
0.00422243
-0.0112253
-0.0251438
-0.0366689
-0.0560813
-0.0660313
-0.107491
-0.117572
0.0703122
0.0738582
0.0744798
0.0702999
0.0559716
0.0397161
0.0203331
0.00395455
-0.0113652
-0.0253988
-0.0373388
-0.0568909
-0.0680949
-0.108989
-0.122784
0.0685251
0.0718176
0.0721679
0.0679595
0.0542041
0.0385263
0.0197314
0.00366815
-0.0115225
-0.0256542
-0.0379809
-0.057661
-0.0700468
-0.110421
-0.127577
0.0667695
0.0698281
0.0699309
0.0657018
0.0524848
0.0373535
0.0191212
0.00336599
-0.0116941
-0.0259077
-0.0385935
-0.0583899
-0.0718833
-0.111778
-0.131962
0.0650453
0.067888
0.0677651
0.0635225
0.0508119
0.0361978
0.0185049
0.00305077
-0.0118775
-0.0261574
-0.039175
-0.0590753
-0.0736016
-0.113052
-0.135951
0.0633523
0.0659955
0.0656671
0.0614175
0.049184
0.0350593
0.0178848
0.00272474
-0.0120701
-0.0264011
-0.0397237
-0.0597152
-0.0751992
-0.114237
-0.139555
0.0616904
0.064149
0.0636336
0.0593829
0.0475995
0.033938
0.0172633
0.00238987
-0.0122691
-0.0266369
-0.0402383
-0.0603078
-0.0766747
-0.115325
-0.142787
0.0600594
0.0623465
0.0616617
0.0574153
0.046057
0.0328338
0.0166428
0.00204839
-0.0124723
-0.026863
-0.0407174
-0.060851
-0.0780271
-0.11631
-0.14566
0.0584593
0.0605865
0.0597486
0.0555112
0.044555
0.0317462
0.0160257
0.00170252
-0.0126776
-0.0270779
-0.0411596
-0.0613432
-0.0792565
-0.117188
-0.148189
0.0568898
0.0588672
0.0578916
0.0536677
0.0430923
0.0306742
0.0154147
0.00135396
-0.0128831
-0.0272797
-0.0415639
-0.0617826
-0.0803633
-0.117955
-0.15039
0.0553508
0.0571868
0.0560879
0.0518816
0.0416676
0.0296158
0.0148135
0.00100412
-0.0130869
-0.0274665
-0.0419291
-0.0621681
-0.0813475
-0.118607
-0.15228
0.0538424
0.0555437
0.0543357
0.0501508
0.0402801
0.0285621
0.0142324
0.000654641
-0.0132871
-0.0276373
-0.0422544
-0.0624981
-0.0822101
-0.11914
-0.153872
0.0523641
0.0539366
0.0526326
0.0484728
0.038929
0.0275377
0.0136487
0.000306916
-0.013482
-0.0277906
-0.0425387
-0.0627711
-0.0829525
-0.119554
-0.155177
0.0509152
0.0523635
0.0509758
0.0468444
0.0376125
0.0265393
0.0130654
-3.81712e-05
-0.0136705
-0.0279255
-0.0427811
-0.0629863
-0.0835761
-0.119845
-0.156206
0.0494945
0.0508227
0.0493625
0.0452628
0.0363288
0.0255646
0.0124847
-0.000379828
-0.0138516
-0.0280411
-0.0429813
-0.0631433
-0.0840825
-0.120014
-0.156971
0.0481021
0.0493146
0.0477922
0.0437275
0.0350788
0.024614
0.0119097
-0.000716081
-0.0140234
-0.0281355
-0.0431383
-0.0632392
-0.0844763
-0.120059
-0.157483
0.0467391
0.0478414
0.0462669
0.04224
0.0338645
0.0236894
0.011344
-0.00104408
-0.014183
-0.0282069
-0.0432501
-0.06327
-0.0847576
-0.119977
-0.157749
0.0454036
0.0464019
0.0447841
0.0407975
0.0326839
0.0227893
0.0107883
-0.00136324
-0.0143299
-0.0282542
-0.0433157
-0.0632357
-0.0849237
-0.119758
-0.157777
0.0415763
0.0422834
0.040556
0.0366909
0.0293104
0.020211
0.00918231
-0.00227838
-0.014727
-0.0283236
-0.0433746
-0.0629429
-0.0850784
-0.118702
-0.157172
0.0357496
0.0360873
0.0343063
0.0307067
0.0243497
0.016413
0.00677735
-0.00354082
-0.0150192
-0.0278077
-0.0423532
-0.0609366
-0.0827493
-0.113907
-0.151097
0.0303866
0.0304528
0.0287065
0.0254197
0.0199515
0.0130692
0.00469131
-0.00447819
-0.0148766
-0.0266478
-0.0402914
-0.0575368
-0.0782455
-0.106521
-0.141146
0.0254051
0.025274
0.0236325
0.0206985
0.016033
0.010133
0.00293238
-0.00508039
-0.0143016
-0.0248668
-0.0372782
-0.0528484
-0.0718064
-0.0968933
-0.127979
0.0207446
0.0204807
0.0189934
0.0164418
0.0125238
0.00756025
0.00149105
-0.00534276
-0.0132974
-0.022491
-0.0333952
-0.0469983
-0.0636984
-0.0853242
-0.11219
0.0163404
0.0160024
0.0147057
0.0125592
0.00935551
0.005301
0.000340346
-0.00529013
-0.0118971
-0.019582
-0.0287586
-0.0401609
-0.0542218
-0.0721653
-0.094399
0.0121366
0.0117735
0.0106942
0.0089705
0.00646247
0.00330179
-0.000559689
-0.00496164
-0.0101528
-0.0162165
-0.0234887
-0.0324994
-0.043635
-0.0577102
-0.0750741
0.0080822
0.00773162
0.00688847
0.00560079
0.00377863
0.00150456
-0.00125955
-0.00441013
-0.00813073
-0.0124846
-0.0177191
-0.024193
-0.032201
-0.0422656
-0.0546358
0.00412971
0.00381779
0.00322377
0.00238132
0.00124029
-0.000150337
-0.00181619
-0.00369801
-0.00590972
-0.00849166
-0.0115954
-0.0154306
-0.0201802
-0.0261378
-0.0334514
0.000228682
-2.77696e-05
-0.000364653
-0.000755426
-0.00121739
-0.0017253
-0.00229197
-0.00289422
-0.00357472
-0.00434853
-0.00526869
-0.00640615
-0.00782443
-0.00962173
-0.0118515
-11.0677
-7.60348
-4.02877
-2.52364
-2.77185
-4.71369
-7.70356
-10.6903
-10.2264
-4.96819
1.78735
4.0959
4.36293
3.86114
3.18331
2.55254
2.03137
1.62225
1.30593
1.06139
0.87088
0.720827
0.601151
0.504484
0.425421
0.3601
0.305631
0.259883
0.22123
0.188391
0.16038
0.136365
0.115724
0.097917
0.0824648
0.0689382
0.0570457
0.0464969
0.0370153
0.0284155
0.0204438
0.0129169
0.00565668
-0.00146534
-0.00863854
-0.016046
-0.0238458
-0.0322716
-0.0415243
-0.0518572
-0.0636025
-0.0770353
-0.09258
-0.110772
-0.132257
-0.157843
-0.188612
-0.225819
-0.271573
-0.329983
-0.397407
-0.483183
-0.590432
-0.722495
-0.883248
-1.0739
-1.28937
-1.50292
-1.85617
-1.50188
-2.81414
0.683634
-4.90278
7.92859
-6.41149
20.6849
-1.98594
26.6557
14.7285
11.0448
-11.0683
-7.60402
-4.02926
-2.52412
-2.77248
-4.71424
-7.70409
-10.6909
-10.2271
-4.96874
1.78691
4.09546
4.36231
3.86055
3.18274
2.55197
2.03081
1.62168
1.30536
1.06082
0.870303
0.720247
0.600567
0.503897
0.424831
0.359506
0.305033
0.25928
0.220621
0.187778
0.159765
0.135748
0.115108
0.0972999
0.0818476
0.0683208
0.0564282
0.0458793
0.0363976
0.0277977
0.019826
0.012299
0.00503879
-0.00208324
-0.00925645
-0.016664
-0.0244638
-0.0328896
-0.0421423
-0.0524751
-0.0642202
-0.0776523
-0.0931958
-0.111386
-0.132867
-0.158448
-0.189211
-0.226417
-0.272166
-0.330581
-0.397993
-0.48377
-0.591016
-0.723078
-0.88383
-1.07448
-1.28995
-1.50352
-1.85676
-1.50259
-2.81471
0.683104
-4.90334
7.92806
-6.41227
20.6843
-1.98652
26.6553
14.7282
11.0444
-11.0679
-7.60374
-4.02897
-2.52382
-2.77193
-4.71388
-7.70385
-10.6907
-10.2268
-4.96853
1.78719
4.09574
4.36278
3.86094
3.18307
2.55229
2.03113
1.62201
1.3057
1.06116
0.870653
0.720604
0.600933
0.50427
0.42521
0.359892
0.305428
0.259685
0.221038
0.188203
0.160195
0.136181
0.115541
0.0977338
0.0822817
0.0687551
0.0568627
0.0463139
0.0368323
0.0282326
0.020261
0.0127342
0.00547392
-0.00164818
-0.00882151
-0.0162292
-0.0240291
-0.032455
-0.0417078
-0.0520407
-0.063786
-0.077219
-0.0927647
-0.110959
-0.132448
-0.158039
-0.188812
-0.226026
-0.27178
-0.3302
-0.397617
-0.483399
-0.590648
-0.722714
-0.883467
-1.07412
-1.28959
-1.50313
-1.85638
-1.502
-2.81436
0.6833
-4.90302
7.92827
-6.4117
20.6848
-1.98639
26.6557
14.7288
11.0448
-11.0684
-7.60398
-4.02908
-2.52392
-2.77238
-4.71413
-7.70408
-10.6911
-10.2274
-4.96879
1.78719
4.09572
4.36236
3.86057
3.18276
2.55199
2.03082
1.62169
1.30537
1.06083
0.870312
0.720254
0.600573
0.5039
0.424831
0.359502
0.305025
0.259268
0.220603
0.187756
0.15974
0.135723
0.115081
0.0972732
0.0818209
0.0682941
0.0564015
0.0458525
0.0363707
0.0277708
0.019799
0.012272
0.00501181
-0.00211016
-0.00928329
-0.0166908
-0.0244905
-0.0329162
-0.0421688
-0.0525016
-0.0642465
-0.077678
-0.0932204
-0.111409
-0.132885
-0.158461
-0.189219
-0.226422
-0.272167
-0.33058
-0.397989
-0.483764
-0.591008
-0.723069
-0.88382
-1.07447
-1.28995
-1.50352
-1.85675
-1.50272
-2.81468
0.683047
-4.90332
7.92802
-6.41257
20.6846
-1.98682
26.6558
14.7291
11.045
-11.0681
-7.60379
-4.02884
-2.52364
-2.77174
-4.71382
-7.70395
-10.691
-10.2273
-4.96874
1.78746
4.09598
4.36291
3.86096
3.18304
2.55225
2.03108
1.62197
1.30566
1.06113
0.870627
0.720582
0.600914
0.504254
0.425198
0.359883
0.305422
0.259685
0.221043
0.188213
0.160207
0.136195
0.115556
0.0977491
0.0822971
0.0687706
0.0568783
0.0463296
0.0368482
0.0282486
0.0202771
0.0127503
0.00549004
-0.00163208
-0.00880545
-0.0162132
-0.0240131
-0.0324391
-0.0416919
-0.0520249
-0.0637702
-0.0772038
-0.0927505
-0.110947
-0.13244
-0.158036
-0.188813
-0.22603
-0.271787
-0.330209
-0.397627
-0.48341
-0.59066
-0.722726
-0.88348
-1.07413
-1.2896
-1.50315
-1.85639
-1.50203
-2.81437
0.683103
-4.90306
7.92809
-6.41197
20.685
-1.98683
26.6563
14.73
11.0455
-11.0685
-7.60394
-4.02882
-2.52361
-2.77213
-4.71396
-7.70411
-10.6915
-10.2279
-4.96894
1.78762
4.09612
4.36249
3.86063
3.18278
2.552
2.03083
1.6217
1.30539
1.06084
0.870324
0.720265
0.600583
0.503909
0.424838
0.359508
0.305028
0.259267
0.220597
0.187745
0.159726
0.135707
0.115065
0.097257
0.0818046
0.0682778
0.0563851
0.0458361
0.0363543
0.0277543
0.0197825
0.0122555
0.00499531
-0.00212658
-0.00929963
-0.016707
-0.0245067
-0.0329323
-0.0421848
-0.0525174
-0.0642621
-0.0776929
-0.093234
-0.11142
-0.132892
-0.158462
-0.189216
-0.226416
-0.272159
-0.33057
-0.397977
-0.483749
-0.590991
-0.723051
-0.883801
-1.07445
-1.28993
-1.50352
-1.85674
-1.50281
-2.81465
0.682884
-4.90329
7.9279
-6.41296
20.685
-1.98738
26.6567
14.7307
11.046
-11.0684
-7.60383
-4.02859
-2.5233
-2.77149
-4.7137
-7.70406
-10.6915
-10.2281
-4.96901
1.78792
4.09643
4.36311
3.86099
3.18301
2.55221
2.03104
1.62193
1.30563
1.0611
0.870604
0.720562
0.600898
0.504241
0.425187
0.359875
0.305417
0.259682
0.221045
0.188221
0.160219
0.136209
0.115571
0.0977644
0.0823125
0.0687861
0.0568939
0.0463454
0.0368641
0.0282646
0.0202932
0.0127665
0.00550628
-0.00161586
-0.00878926
-0.016197
-0.023997
-0.032423
-0.0416758
-0.0520087
-0.0637543
-0.0771885
-0.0927364
-0.110936
-0.132433
-0.158035
-0.188814
-0.226032
-0.271791
-0.330215
-0.397633
-0.483416
-0.590666
-0.722732
-0.883486
-1.07414
-1.28961
-1.50317
-1.85639
-1.50207
-2.81437
0.682841
-4.90309
7.92787
-6.41247
20.6855
-1.98751
26.6573
14.7319
11.0466
-11.0688
-7.60392
-4.02848
-2.52319
-2.77175
-4.71374
-7.7042
-10.692
-10.2287
-4.96921
1.7882
4.09666
4.36269
3.86071
3.1828
2.55199
2.03082
1.6217
1.30539
1.06084
0.870328
0.720269
0.600587
0.503913
0.424841
0.359509
0.305029
0.259266
0.220594
0.187737
0.159714
0.135693
0.11505
0.0972413
0.081789
0.0682621
0.0563695
0.0458204
0.0363386
0.0277386
0.0197667
0.0122397
0.00497954
-0.00214226
-0.00931521
-0.0167225
-0.024522
-0.0329475
-0.0421999
-0.0525324
-0.0642768
-0.0777066
-0.0932461
-0.111428
-0.132895
-0.158462
-0.189214
-0.226412
-0.272153
-0.330563
-0.397967
-0.483737
-0.590976
-0.723034
-0.883784
-1.07444
-1.28992
-1.50352
-1.85674
-1.50294
-2.81461
0.682617
-4.90327
7.92769
-6.41347
20.6857
-1.98819
26.658
14.733
11.0473
-11.0688
-7.60385
-4.02822
-2.52282
-2.77114
-4.7135
-7.70418
-10.6922
-10.2291
-4.96935
1.78858
4.09705
4.36336
3.86104
3.18299
2.55216
2.031
1.62189
1.3056
1.06108
0.870582
0.720545
0.600884
0.50423
0.425179
0.359869
0.305413
0.25968
0.221043
0.188225
0.160228
0.13622
0.115584
0.097778
0.0823264
0.0688002
0.0569081
0.0463597
0.0368785
0.0282792
0.020308
0.0127813
0.00552115
-0.00160098
-0.0087744
-0.0161822
-0.0239822
-0.0324081
-0.041661
-0.0519939
-0.0637397
-0.0771749
-0.0927243
-0.110927
-0.13243
-0.158032
-0.188812
-0.226032
-0.271792
-0.330217
-0.397635
-0.483417
-0.590667
-0.722733
-0.883488
-1.07414
-1.28962
-1.50318
-1.8564
-1.50216
-2.81435
0.682505
-4.90311
7.92759
-6.41318
20.6861
-1.98844
26.6588
14.7344
11.0482
-11.0692
-7.60391
-4.02804
-2.52265
-2.77126
-4.71347
-7.70432
-10.6928
-10.2298
-4.96957
1.78896
4.09737
4.36296
3.86081
3.1828
2.55197
2.0308
1.62168
1.30538
1.06084
0.870325
0.720268
0.600587
0.503913
0.424841
0.359509
0.305027
0.259264
0.220592
0.187733
0.159704
0.135681
0.115037
0.0972274
0.0817751
0.0682483
0.0563556
0.0458066
0.0363247
0.0277247
0.0197528
0.0122258
0.00496568
-0.00215602
-0.00932884
-0.016736
-0.0245354
-0.0329608
-0.0422131
-0.0525454
-0.0642893
-0.0777177
-0.0932553
-0.111433
-0.132896
-0.158462
-0.189212
-0.226408
-0.272148
-0.330557
-0.397958
-0.483725
-0.590963
-0.723019
-0.883768
-1.07442
-1.28991
-1.50353
-1.85673
-1.50308
-2.81457
0.682252
-4.90326
7.92739
-6.41413
20.6864
-1.98924
26.6596
14.736
11.0491
-11.0693
-7.60386
-4.02775
-2.52222
-2.7707
-4.71324
-7.70433
-10.6931
-10.2304
-4.96977
1.78942
4.09784
4.36368
3.86111
3.18297
2.55212
2.03095
1.62185
1.30556
1.06105
0.870561
0.720528
0.600871
0.50422
0.425171
0.359863
0.305409
0.259677
0.221042
0.188223
0.160232
0.136228
0.115594
0.097789
0.0823378
0.0688117
0.0569198
0.0463716
0.0368905
0.0282914
0.0203203
0.0127938
0.00553363
-0.0015885
-0.00876193
-0.0161697
-0.0239697
-0.0323957
-0.0416485
-0.0519813
-0.0637276
-0.0771641
-0.0927153
-0.110923
-0.132427
-0.158029
-0.188809
-0.22603
-0.271791
-0.330217
-0.397634
-0.483415
-0.590665
-0.72273
-0.883485
-1.07414
-1.28962
-1.50321
-1.8564
-1.50228
-2.81432
0.682087
-4.90313
7.92724
-6.41407
20.6869
-1.98964
26.6606
14.7377
11.0502
-11.0696
-7.60391
-4.02751
-2.52198
-2.77067
-4.71316
-7.70448
-10.6937
-10.2311
-4.97003
1.78989
4.09825
4.3633
3.86092
3.18281
2.55195
2.03077
1.62166
1.30536
1.06083
0.870317
0.720263
0.600584
0.50391
0.424839
0.359506
0.305025
0.259262
0.22059
0.187732
0.1597
0.135673
0.115027
0.0972163
0.0817639
0.0682371
0.0563445
0.0457955
0.0363136
0.0277136
0.0197416
0.0122147
0.00495457
-0.00216701
-0.0093397
-0.0167467
-0.024546
-0.0329712
-0.0422234
-0.0525555
-0.0642986
-0.0777252
-0.0932604
-0.111433
-0.132896
-0.158461
-0.189211
-0.226405
-0.272144
-0.330552
-0.397949
-0.483714
-0.590949
-0.723004
-0.883751
-1.07441
-1.2899
-1.50354
-1.85672
-1.50325
-2.81452
0.681796
-4.90325
7.92702
-6.41497
20.6874
-1.99053
26.6616
14.7396
11.0514
-11.0698
-7.60388
-4.02717
-2.5215
-2.77013
-4.71291
-7.70451
-10.6941
-10.2319
-4.97027
1.79044
4.0988
4.36405
3.8612
3.18295
2.55207
2.0309
1.62181
1.30553
1.06102
0.87054
0.720512
0.600858
0.50421
0.425164
0.359858
0.305405
0.259675
0.221039
0.188221
0.16023
0.136231
0.115599
0.0977967
0.0823459
0.06882
0.0569283
0.0463803
0.0368993
0.0283004
0.0203295
0.0128031
0.00554306
-0.00157905
-0.00875248
-0.0161603
-0.0239602
-0.0323862
-0.0416389
-0.0519717
-0.0637188
-0.0771571
-0.0927104
-0.110921
-0.132424
-0.158025
-0.188806
-0.226026
-0.271788
-0.330216
-0.397631
-0.48341
-0.590659
-0.722723
-0.883478
-1.07413
-1.28962
-1.50323
-1.8564
-1.50244
-2.81429
0.681583
-4.90314
7.92683
-6.41513
20.688
-1.99109
26.6628
14.7417
11.0527
-11.0702
-7.60391
-4.02687
-2.52119
-2.76998
-4.71279
-7.70466
-10.6948
-10.2328
-4.97058
1.791
4.09929
4.36371
3.86105
3.18281
2.55191
2.03073
1.62163
1.30533
1.06081
0.870303
0.720253
0.600577
0.503905
0.424834
0.359503
0.305021
0.259258
0.220588
0.18773
0.1597
0.13567
0.115021
0.0972086
0.0817558
0.0682291
0.0563366
0.0457876
0.0363057
0.0277057
0.0197337
0.0122067
0.00494669
-0.00217476
-0.00934729
-0.0167542
-0.0245533
-0.0329784
-0.0422303
-0.0525623
-0.064304
-0.0777283
-0.0932606
-0.111432
-0.132895
-0.15846
-0.189208
-0.226401
-0.272139
-0.330547
-0.397941
-0.483702
-0.590935
-0.722988
-0.883734
-1.07439
-1.28989
-1.50355
-1.85671
-1.50344
-2.81447
0.681252
-4.90325
7.92658
-6.416
20.6885
-1.99207
26.664
14.744
11.054
-11.0706
-7.60387
-4.0263
-2.52038
-2.76918
-4.71239
-7.70475
-10.6956
-10.2341
-4.97101
1.79195
4.10024
4.36486
3.86145
3.183
2.55206
2.0309
1.62183
1.30557
1.06109
0.870625
0.720615
0.600979
0.504347
0.425317
0.360027
0.305591
0.259878
0.221261
0.188461
0.16049
0.136508
0.11589
0.0980962
0.082648
0.0691228
0.0572318
0.0466845
0.0372044
0.0286063
0.0206362
0.0131105
0.00585049
-0.00127189
-0.00844571
-0.0158539
-0.0236541
-0.0320804
-0.0413334
-0.0516666
-0.0634185
-0.0768671
-0.092435
-0.110663
-0.132184
-0.157803
-0.1886
-0.225832
-0.271608
-0.330042
-0.397469
-0.483252
-0.590506
-0.722575
-0.883334
-1.07399
-1.28949
-1.50311
-1.85626
-1.50224
-2.81413
0.680861
-4.90311
7.92623
-6.4165
20.6895
-1.99315
26.666
14.7476
11.0563
-11.0714
-7.60393
-4.02554
-2.51954
-2.76862
-4.71203
-7.70508
-10.6973
-10.2363
-4.97175
1.79333
4.10147
4.36434
3.86122
3.18273
2.55176
2.03057
1.62147
1.30518
1.06066
0.87016
0.720105
0.600422
0.503741
0.424659
0.359315
0.30482
0.259042
0.220355
0.187481
0.159436
0.135394
0.114723
0.0968941
0.0814363
0.0679093
0.0560164
0.0454668
0.0359843
0.0273835
0.0194105
0.0118829
0.00462291
-0.0024978
-0.00966942
-0.0170754
-0.0248736
-0.0332979
-0.0425491
-0.0528797
-0.0646106
-0.0780165
-0.0935321
-0.111688
-0.133134
-0.15868
-0.18941
-0.226586
-0.27231
-0.330708
-0.398083
-0.483829
-0.591049
-0.723091
-0.883831
-1.07449
-1.29001
-1.50373
-1.85684
-1.50426
-2.81446
0.680069
-4.90329
7.92562
-6.41829
20.6909
-1.99536
26.6691
14.7532
11.0597
-11.0721
-7.6039
-4.02459
-2.51823
-2.76745
-4.71142
-7.70528
-10.6987
-10.2386
-4.9725
1.79496
4.10307
4.36593
3.86174
3.18296
2.55193
2.03076
1.62171
1.30548
1.06102
0.870571
0.720575
0.600949
0.504325
0.4253
0.360015
0.305582
0.259871
0.221255
0.188455
0.160481
0.136497
0.115886
0.0981044
0.0826618
0.069137
0.0572465
0.0466998
0.0372201
0.0286227
0.0206534
0.0131283
0.00586857
-0.00125386
-0.00842779
-0.0158361
-0.0236364
-0.0320627
-0.0413155
-0.0516491
-0.0634087
-0.0768669
-0.0924334
-0.110656
-0.132175
-0.157792
-0.188587
-0.22582
-0.271596
-0.330035
-0.397452
-0.48323
-0.59048
-0.722547
-0.883306
-1.07397
-1.28949
-1.50318
-1.85626
-1.50276
-2.81402
0.679377
-4.90314
7.92502
-6.41952
20.6925
-1.99745
26.6725
14.7595
11.0636
-11.0731
-7.60395
-4.02362
-2.51711
-2.7666
-4.71091
-7.70565
-10.7007
-10.2413
-4.97341
1.79669
4.10464
4.36561
3.86159
3.18272
2.55162
2.03043
1.62136
1.3051
1.0606
0.870111
0.720069
0.600394
0.503719
0.424642
0.3593
0.304807
0.259031
0.220347
0.187476
0.159435
0.135396
0.114727
0.0968858
0.081422
0.0678952
0.0560025
0.0454531
0.0359705
0.0273696
0.0193964
0.0118685
0.00460858
-0.00251166
-0.00968275
-0.0170882
-0.0248859
-0.0333097
-0.0425605
-0.0528896
-0.0646109
-0.0780112
-0.0935267
-0.111685
-0.133131
-0.158676
-0.189404
-0.226577
-0.272299
-0.330696
-0.398063
-0.4838
-0.591013
-0.72305
-0.883788
-1.07445
-1.28999
-1.50378
-1.85681
-1.5048
-2.8143
0.678408
-4.90329
7.92427
-6.42148
20.6943
-2.00002
26.6763
14.7664
11.0679
-11.0741
-7.60394
-4.02247
-2.51558
-2.76529
-4.7102
-7.70593
-10.7025
-10.2441
-4.97434
1.79868
4.10657
4.36727
3.86211
3.18292
2.55177
2.0306
1.62157
1.30537
1.06093
0.870508
0.720527
0.600913
0.504297
0.425279
0.359999
0.30557
0.259861
0.221246
0.188446
0.160471
0.136486
0.115875
0.0981
0.0826665
0.0691423
0.0572524
0.0467063
0.0372272
0.0286306
0.0206621
0.0131378
0.00587831
-0.0012441
-0.00841806
-0.0158264
-0.0236267
-0.0320528
-0.0413054
-0.0516398
-0.0634097
-0.0768668
-0.0924321
-0.110652
-0.132168
-0.157783
-0.188576
-0.225807
-0.271583
-0.330033
-0.397432
-0.483203
-0.590447
-0.72251
-0.883268
-1.07394
-1.28949
-1.50326
-1.85626
-1.50341
-2.81387
0.677539
-4.90316
7.92351
-6.42321
20.6962
-2.00273
26.6805
14.7741
11.0725
-11.0753
-7.60397
-4.02129
-2.51418
-2.76418
-4.70956
-7.70635
-10.7048
-10.2474
-4.97542
1.80077
4.10848
4.36714
3.86202
3.18269
2.55146
2.03026
1.62121
1.30499
1.06052
0.87005
0.720023
0.60036
0.503693
0.424621
0.359284
0.304795
0.259021
0.220339
0.187471
0.159433
0.135397
0.114729
0.0968898
0.0814157
0.0678892
0.0559969
0.0454477
0.0359651
0.0273643
0.0193907
0.0118625
0.00460273
-0.00251697
-0.00968749
-0.0170924
-0.0248894
-0.0333128
-0.042563
-0.0528901
-0.0646042
-0.0780043
-0.0935192
-0.111678
-0.133124
-0.158668
-0.189394
-0.226564
-0.272285
-0.330647
-0.398038
-0.483765
-0.59097
-0.723001
-0.883737
-1.07441
-1.28997
-1.50384
-1.85679
-1.50545
-2.81412
0.676398
-4.9033
7.92263
-6.42538
20.6984
-2.00573
26.6851
14.7825
11.0778
-11.0765
-7.60398
-4.01994
-2.5124
-2.76268
-4.70874
-7.70669
-10.707
-10.2507
-4.97653
1.80311
4.11074
4.36887
3.86257
3.18288
2.55158
2.0304
1.62141
1.30524
1.06084
0.870434
0.720471
0.60087
0.504264
0.425253
0.359978
0.305553
0.259846
0.221233
0.188434
0.160459
0.136474
0.115864
0.0980885
0.082662
0.0691385
0.0572491
0.0467037
0.0372252
0.0286294
0.0206618
0.0131384
0.00587938
-0.00124297
-0.00841691
-0.0158253
-0.0236254
-0.0320514
-0.0413036
-0.0516417
-0.0634115
-0.0768674
-0.0924315
-0.110649
-0.132162
-0.157775
-0.188566
-0.225794
-0.271569
-0.257925
-0.397368
-0.48317
-0.590408
-0.722465
-0.883222
-1.07391
-1.28948
-1.50334
-1.85625
-1.50417
-2.81369
0.67535
-4.90319
7.92173
-6.42755
20.7007
-2.00896
26.6901
14.7915
11.0832
-11.0866
-7.60423
-4.00986
-2.50042
-2.75308
-4.70323
-7.71029
-10.7265
-10.2782
-4.98571
1.821
4.12719
4.36915
3.86225
3.18118
2.54927
2.02789
1.61875
1.30241
1.05777
0.867087
0.716799
0.596845
0.499865
0.420463
0.354775
0.299912
0.253741
0.214645
0.181363
0.152946
0.128592
0.10757
0.0893405
0.0735675
0.0600177
0.0481099
0.0375402
0.0280314
0.0193992
0.0113865
0.00382517
-0.00343862
-0.0105372
-0.0176814
-0.0250601
-0.0328312
-0.0412352
-0.0504688
-0.0607208
-0.0720725
-0.0851173
-0.100316
-0.118105
-0.139117
-0.164217
-0.194518
-0.231292
-0.276628
-0.334737
-0.401712
-0.487214
-0.594159
-0.72597
-0.886554
-1.07718
-1.29291
-1.50757
-1.85999
-1.51916
-2.81531
0.665736
-4.90409
7.91421
-6.44558
20.7189
-2.03448
26.7293
14.863
11.1299
-11.1195
-7.60409
-3.97035
-2.4483
-2.70801
-4.67894
-7.71961
-10.7898
-10.3769
-5.01852
1.88832
4.19105
4.40368
3.87259
3.18313
2.54902
2.02788
1.61967
1.30442
1.06089
0.871243
0.721938
0.602916
0.506826
0.428282
0.363442
0.30943
0.264123
0.225892
0.19345
0.165791
0.142096
0.121786
0.104298
0.0890478
0.0755676
0.0637163
0.0532144
0.0438363
0.035352
0.0275386
0.0201872
0.0129724
0.00578897
-0.0014565
-0.00893808
-0.0168172
-0.0252682
-0.03454
-0.0449291
-0.0569051
-0.0706187
-0.086429
-0.104906
-0.126725
-0.152658
-0.183761
-0.221275
-0.267317
-0.322061
-0.393507
-0.479449
-0.5868
-0.718974
-0.879891
-1.07088
-1.28706
-1.50242
-1.85401
-1.51152
-2.80904
0.63376
-4.90314
7.88749
-6.51046
20.7863
-2.12873
26.8728
15.1269
11.2722
-11.1764
-7.60618
-3.91553
-2.38324
-2.65872
-4.64971
-7.74009
-10.8989
-10.5273
-5.06858
1.98875
4.28499
4.43193
3.87974
3.18009
2.5427
2.02113
1.61315
1.29816
1.0547
0.864925
0.715319
0.595873
0.499271
0.420155
0.354693
0.300021
0.254023
0.21509
0.181964
0.153685
0.129431
0.108519
0.0904317
0.0748029
0.0612658
0.0493688
0.0388091
0.0293249
0.0206395
0.0125302
0.00484613
-0.00244444
-0.00948267
-0.016562
-0.023876
-0.0316254
-0.0400038
-0.0492117
-0.0594598
-0.0709082
-0.0840047
-0.0992213
-0.117044
-0.138092
-0.1632
-0.19347
-0.230166
-0.275451
-0.329398
-0.400084
-0.485287
-0.591924
-0.723484
-0.883958
-1.07484
-1.29154
-1.50939
-1.85848
-1.54292
-2.80745
0.583691
-4.90389
7.84672
-6.60767
20.8868
-2.27098
27.0873
15.5259
11.5562
-11.2402
-7.60579
-3.83539
-2.27772
-2.56586
-4.59957
-7.75744
-11.0232
-10.7288
-5.13515
2.12464
4.41282
4.48722
3.89511
3.18034
2.53889
2.01753
1.6109
1.29748
1.05551
0.867071
0.718654
0.600281
0.504651
0.42643
0.361809
0.30794
0.262715
0.224521
0.192085
0.164423
0.140732
0.120397
0.102845
0.087536
0.0740943
0.062276
0.0518031
0.0424337
0.0339571
0.0262677
0.0190728
0.011907
0.00468792
-0.0025947
-0.0100674
-0.0179317
-0.0263729
-0.0356301
-0.0459807
-0.057824
-0.0714228
-0.0871344
-0.105485
-0.127145
-0.152907
-0.183828
-0.221138
-0.267018
-0.321612
-0.392576
-0.478184
-0.585163
-0.717056
-0.877915
-1.0694
-1.28715
-1.50741
-1.85445
-1.55292
-2.80001
0.518531
-4.90343
7.7922
-6.73738
21.0209
-2.46293
27.3733
16.0588
11.8347
-11.3415
-7.61026
-3.7434
-2.16903
-2.48533
-4.55115
-7.79167
-11.2075
-10.985
-5.21961
2.29632
4.57343
4.5411
3.90909
3.17683
2.53031
2.00861
1.60277
1.2902
1.04883
0.860683
0.712286
0.593741
0.497803
0.419184
0.354103
0.299736
0.253992
0.215279
0.182346
0.154228
0.130106
0.109329
0.0913857
0.0758698
0.0623702
0.0505034
0.0399715
0.0305217
0.0218796
0.0137625
0.00595797
-0.00135673
-0.00832094
-0.015366
-0.0226561
-0.03038
-0.0387266
-0.0479014
-0.0581292
-0.0696191
-0.0827399
-0.0979504
-0.11576
-0.136787
-0.161844
-0.192015
-0.228547
-0.273629
-0.327629
-0.397506
-0.48228
-0.588403
-0.719542
-0.879859
-1.07125
-1.28976
-1.51335
-1.85672
-1.58916
-2.79403
0.43607
-4.90286
7.72305
-6.89996
21.1886
-2.70702
27.7367
16.7315
12.3258
-11.4324
-7.61
-3.62032
-2.00749
-2.34356
-4.47307
-7.81596
-11.3927
-11.2966
-5.3218
2.50647
4.76984
4.61826
3.92837
3.17481
2.52284
2.00143
1.59739
1.28687
1.04737
0.860832
0.713806
0.596451
0.501547
0.423839
0.359577
0.305957
0.2609
0.222817
0.190454
0.162844
0.139192
0.118865
0.101297
0.0859921
0.0725992
0.0608245
0.0503889
0.0410427
0.0325802
0.024868
0.0178485
0.010746
0.0035202
-0.00374413
-0.0111917
-0.0190258
-0.0274401
-0.0366652
-0.046965
-0.0586917
-0.0721625
-0.0877473
-0.105949
-0.127422
-0.152965
-0.183632
-0.220646
-0.266175
-0.320694
-0.39077
-0.475867
-0.582236
-0.713645
-0.874357
-1.06652
-1.28664
-1.5142
-1.85442
-1.61409
-2.78491
0.337571
-4.90139
7.63882
-7.09587
21.3903
-3.00609
28.1682
17.5472
12.7463
-11.5921
-7.61848
-3.48913
-1.85252
-2.22877
-4.40362
-7.86264
-11.6538
-11.6806
-5.44367
2.75637
5.00264
4.69418
3.94733
3.16984
2.51167
1.99018
1.58756
1.27854
1.04019
0.854372
0.707707
0.590454
0.495464
0.417549
0.353001
0.299049
0.253639
0.2152
0.182496
0.154568
0.130609
0.109987
0.0921865
0.0767706
0.0633292
0.0515115
0.0410246
0.0316197
0.0230331
0.0149972
0.00715015
-0.000194574
-0.00711793
-0.0141342
-0.0213974
-0.0290916
-0.037401
-0.0465347
-0.0567246
-0.0682109
-0.0813249
-0.0965031
-0.114258
-0.135211
-0.160157
-0.190158
-0.226451
-0.271178
-0.325038
-0.394027
-0.478219
-0.583619
-0.714165
-0.874263
-1.06637
-1.28756
-1.51928
-1.85494
-1.65725
-2.77493
0.222126
-4.89874
7.53871
-7.32571
21.6263
-3.36422
28.6777
18.5136
13.4653
-11.703
-7.61784
-3.31925
-1.6326
-2.04009
-4.2966
-7.89358
-11.9035
-12.0687
-5.57831
3.05023
5.27515
4.78988
3.96883
3.16468
2.50034
1.97941
1.57912
1.27262
1.03651
0.85256
0.707425
0.591453
0.497535
0.420529
0.356765
0.3035
0.258698
0.220798
0.188569
0.161063
0.137487
0.117205
0.0996683
0.0844122
0.0710814
0.0593616
0.0489722
0.0396625
0.0312239
0.0235043
0.0165199
0.00950841
0.00231479
-0.00490862
-0.0123141
-0.0201025
-0.0284729
-0.0376487
-0.047885
-0.0595005
-0.0728332
-0.0882664
-0.106292
-0.127546
-0.152821
-0.183162
-0.219787
-0.264795
-0.319031
-0.38808
-0.472466
-0.577974
-0.708678
-0.869123
-1.06211
-1.28533
-1.52222
-1.85386
-1.69454
-2.76322
0.0899798
-4.89444
7.42186
-7.59008
21.897
-3.78518
29.255
19.6516
14.0196
-11.9358
-7.6352
-3.14721
-1.42596
-1.88427
-4.20094
-7.94902
-12.2394
-12.6617
-5.77062
3.37739
5.58427
4.87853
3.98998
3.157
2.48615
1.96565
1.56751
1.26319
1.02879
0.846012
0.701596
0.586017
0.492253
0.415243
0.351375
0.297945
0.252947
0.214839
0.182405
0.1547
0.130932
0.11048
0.0928231
0.0775105
0.0641468
0.0523961
0.0419707
0.032622
0.0241003
0.0161546
0.00842222
0.00102286
-0.00587166
-0.0128641
-0.0200983
-0.0277583
-0.036025
-0.0451096
-0.0552463
-0.0666939
-0.0797687
-0.0948859
-0.11255
-0.133381
-0.15816
-0.187925
-0.223905
-0.268145
-0.321723
-0.389697
-0.473143
-0.577618
-0.707388
-0.867188
-1.06021
-1.28487
-1.52681
-1.85345
-1.74593
-2.74986
-0.0592833
-4.88791
7.28717
-7.89079
22.204
-4.27537
29.9086
20.8995
15.0177
-12.0717
-7.62968
-2.92149
-1.14534
-1.64876
-4.06629
-7.98753
-12.5641
-13.1051
-5.88587
3.80682
5.95667
4.99223
4.011
3.14769
2.47068
1.95127
1.55606
1.25477
1.02298
0.8423
0.699546
0.585316
0.492644
0.416526
0.353399
0.300595
0.256131
0.218483
0.186447
0.159089
0.135627
0.115431
0.0979681
0.0827909
0.0695363
0.0578829
0.0475498
0.0382888
0.0298855
0.0221721
0.0150839
0.00820718
0.00107045
-0.00608936
-0.0134355
-0.0211632
-0.0294729
-0.0385823
-0.0487398
-0.060241
-0.0734258
-0.0886848
-0.106504
-0.127501
-0.152457
-0.182397
-0.21854
-0.262869
-0.31663
-0.384481
-0.467929
-0.57231
-0.702055
-0.862067
-1.05595
-1.28289
-1.53077
-1.85269
-1.79293
-2.73469
-0.225771
-4.87829
7.13321
-8.22174
22.5406
-4.83986
30.6324
22.4455
15.6576
-12.3754
-7.66456
-2.71454
-0.881886
-1.45891
-3.93554
-8.04508
-12.9678
-13.9029
-6.20652
4.14336
6.31074
5.11355
4.03101
3.13612
2.45299
1.93483
1.54258
1.24418
1.01469
0.835642
0.693975
0.580446
0.488178
0.412267
0.349219
0.296416
0.251905
0.214185
0.182064
0.154616
0.131067
0.110799
0.0932931
0.0780971
0.0648301
0.0531639
0.0428149
0.0335345
0.0250861
0.0172381
0.00969245
0.00229972
-0.00458298
-0.0115564
-0.0187592
-0.02638
-0.0345988
-0.0436264
-0.0536974
-0.0650788
-0.0780839
-0.0931112
-0.110653
-0.13132
-0.155882
-0.185348
-0.220945
-0.264584
-0.317744
-0.38458
-0.467115
-0.570468
-0.699281
-0.858687
-1.05277
-1.28162
-1.53553
-1.85254
-1.85039
-2.71815
-0.409102
-4.86654
6.96542
-8.60711
22.9367
-5.47668
31.4126
23.9619
17.0468
-12.5725
-7.6535
-2.40645
-0.530012
-1.13784
-3.77557
-8.0932
-13.3838
-14.5274
-6.29444
4.84096
6.90912
5.2612
4.04755
3.12091
2.43254
1.91653
1.52815
1.23329
1.00679
0.830078
0.690198
0.578061
0.486889
0.411845
0.349493
0.297256
0.253213
0.215884
0.184094
0.15693
0.13362
0.113548
0.0961955
0.0811201
0.0679561
0.0563814
0.046116
0.0369148
0.0285589
0.0208681
0.0137154
0.0068403
-0.000210582
-0.00728397
-0.0145545
-0.0222068
-0.0304393
-0.0394653
-0.0495268
-0.0609043
-0.0739289
-0.0889912
-0.10657
-0.127269
-0.15185
-0.181311
-0.216875
-0.260368
-0.313467
-0.379923
-0.462178
-0.565135
-0.693619
-0.852964
-1.04771
-1.27888
-1.53918
-1.85156
-1.9066
-2.69877
-0.6164
-4.84437
6.75098
-9.00853
23.3317
-6.24675
32.3392
26.033
17.6787
-12.9122
-7.69881
-2.19176
-0.224991
-0.97019
-3.60601
-8.14205
-13.8493
-15.3563
-6.69551
5.08664
7.08533
5.32181
4.0618
3.10556
2.41246
1.89841
1.51352
1.2219
0.998028
0.82341
0.684919
0.573811
0.483292
0.408656
0.346557
0.294473
0.250521
0.213242
0.181476
0.15432
0.131013
0.110946
0.0936036
0.0785417
0.0653896
0.053824
0.0435649
0.0343653
0.0259986
0.018253
0.01088
0.00362584
-0.00325683
-0.010216
-0.0173836
-0.0249602
-0.0331252
-0.0420881
-0.0520825
-0.063377
-0.0762857
-0.0911958
-0.108586
-0.129054
-0.153354
-0.182467
-0.217622
-0.260561
-0.313188
-0.37877
-0.460243
-0.562299
-0.689978
-0.848869
-1.04404
-1.27746
-1.54421
-1.85195
-1.95525
-2.68046
-0.8173
-4.82995
6.57146
-9.46438
23.8143
-6.97275
33.1126
27.7638
19.6914
37.1453
15.4972
6.43359
6.23198
5.40078
2.82346
-1.8377
-7.79281
-10.1066
-2.42578
7.8611
8.51975
5.62888
4.07214
3.08176
2.38415
1.87376
1.49417
1.20749
0.987528
0.81591
0.679713
0.570027
0.480614
0.406848
0.345425
0.293871
0.25034
0.213401
0.181915
0.15499
0.131874
0.111964
0.0947547
0.0798177
0.0667983
0.0553922
0.0453454
0.0364536
0.0285632
0.0216311
0.0157624
0.0112207
0.00702386
0.00299073
-0.00099947
-0.00503081
-0.00920756
-0.0136356
-0.0184308
-0.0237211
-0.0296541
-0.0364036
-0.0441779
-0.0532335
-0.063892
-0.0765661
-0.0917697
-0.110206
-0.132747
-0.160685
-0.195255
-0.238385
-0.292188
-0.359017
-0.441077
-0.53945
-0.652726
-0.782057
-0.842189
-1.12661
0.271424
-2.00974
7.92261
-3.90681
26.5535
1.61074
38.7231
31.3907
73.5237
570.495
559.233
554.941
555.035
554.266
552.167
548.088
542.395
540.186
548.132
558.484
558.26
555.779
554.444
553.565
552.961
552.525
552.202
551.959
551.771
551.624
551.507
551.412
551.334
551.27
551.216
551.17
551.132
551.099
551.072
551.048
551.027
551.01
550.995
550.982
550.97
550.96
550.951
550.944
550.937
550.931
550.925
550.921
550.917
550.913
550.909
550.905
550.901
550.897
550.893
550.888
550.882
550.876
550.869
550.86
550.85
550.838
550.824
550.807
550.786
550.76
550.727
550.687
550.636
550.573
550.495
550.401
550.29
550.169
550.071
549.855
550.78
549.022
556.329
546.834
570.275
550.124
578.936
574.351
595.675
4.7207
4.26242
3.43334
2.57503
2.05153
1.56529
-0.584936
-4.46304
-6.42419
1.46036
9.268
7.19943
3.5759
2.25066
1.62187
1.24637
0.991138
0.805822
0.665078
0.554735
0.466202
0.393934
0.33418
0.284318
0.242394
0.206977
0.176924
0.151354
0.129552
0.110922
0.0949943
0.0813515
0.0696616
0.0596378
0.0510318
0.0436416
0.0372886
0.0318233
0.0271202
0.0230716
0.0195891
0.0166067
0.0140933
0.0119431
0.0100929
0.00844278
0.00700641
0.00573747
0.00460533
0.00358219
0.00264424
0.00176999
0.000937833
0.000128435
-0.000677217
-0.00149817
-0.00235374
-0.0032641
-0.00425202
-0.00533671
-0.00654913
-0.00790984
-0.00945243
-0.0112091
-0.0132187
-0.0155216
-0.0181645
-0.0211868
-0.0246653
-0.0282208
-0.0327876
0.0133637
-0.0451747
0.374909
-0.0572603
1.43251
0.282116
2.02177
1.35765
-0.537292
0.125842
0.00591912
-0.231832
-0.507816
-0.673024
-0.948495
-2.79362
-6.69542
-9.27921
-5.21296
3.78832
5.39332
3.16071
2.11819
1.53806
1.185
0.944669
0.769974
0.636972
0.532355
0.448128
0.379164
0.321985
0.274165
0.233888
0.199817
0.170879
0.146241
0.125226
0.107263
0.0919066
0.0787554
0.067491
0.0578381
0.0495574
0.0424545
0.0363568
0.0311191
0.0266193
0.0227504
0.0194212
0.0165521
0.014073
0.0119253
0.0100327
0.00842614
0.00699649
0.00573085
0.00460114
0.00357975
0.00264353
0.0017702
0.000939341
0.000131642
-0.000671983
-0.00149058
-0.00234345
-0.00325067
-0.00423503
-0.00531589
-0.0065234
-0.00787878
-0.0094153
-0.0111653
-0.0131681
-0.0154644
-0.0181013
-0.0211197
-0.0245901
-0.0282118
-0.0328994
-0.0370413
-0.0465513
-0.0544039
-0.0696015
-0.105455
-0.111219
-0.174497
-0.217777
-0.283458
0.120797
-0.0414186
-0.257505
-0.517319
-0.678996
-0.959672
-2.80803
-6.63688
-8.98243
-5.19186
3.84702
5.40903
3.1252
2.10529
1.53293
1.18269
0.943467
0.769273
0.63653
0.532059
0.44792
0.379013
0.321872
0.274079
0.233821
0.199764
0.170836
0.146206
0.125197
0.10724
0.0918873
0.0787398
0.0674784
0.057828
0.0495494
0.0424484
0.0363523
0.031116
0.0266175
0.0227497
0.0194214
0.0165533
0.0140745
0.0119272
0.010086
0.00843065
0.00699647
0.00572941
0.0045986
0.00357735
0.00264109
0.00176772
0.000936616
0.000128406
-0.000675919
-0.00149539
-0.0023493
-0.00325774
-0.00424342
-0.00532579
-0.00653483
-0.00789219
-0.00943096
-0.0111838
-0.0131904
-0.0154922
-0.0181389
-0.0211742
-0.0246618
-0.0283849
-0.0330732
-0.0375629
-0.0466048
-0.054681
-0.0682551
-0.104625
-0.112235
-0.185255
-0.277049
-0.448292
0.072064
-0.0493954
-0.269883
-0.533487
-0.733371
-1.05988
-2.83381
-6.44366
-8.54362
-5.03033
3.16169
4.72497
2.98242
2.07217
1.52159
1.17731
0.940428
0.767347
0.635213
0.531107
0.447203
0.378455
0.321428
0.273718
0.233524
0.199516
0.170628
0.146031
0.125048
0.107113
0.0917789
0.0786469
0.0673985
0.0577593
0.0494902
0.0423972
0.036308
0.0310776
0.0265841
0.0227205
0.0193959
0.0165308
0.0140553
0.0119105
0.0100178
0.00841744
0.00698902
0.00572448
0.00459543
0.00357564
0.00264081
0.00176895
0.000939469
0.000133083
-0.000669203
-0.0014864
-0.00233772
-0.00324321
-0.0042255
-0.00530422
-0.00650878
-0.00786124
-0.00939444
-0.0111413
-0.013142
-0.0154386
-0.0180812
-0.0211161
-0.0246028
-0.0283843
-0.0331089
-0.03787
-0.0468629
-0.0553582
-0.0702177
-0.103947
-0.112702
-0.174752
-0.197649
-0.358242
0.0696034
-0.0701246
-0.284482
-0.542722
-0.757813
-1.12038
-2.81092
-6.11027
-7.87887
-4.60548
2.9296
4.39024
2.87053
2.03671
1.50832
1.17098
0.936913
0.76517
0.633757
0.530077
0.446442
0.377873
0.320971
0.273351
0.233225
0.19927
0.170423
0.145859
0.124903
0.10699
0.091675
0.0785588
0.0673236
0.0576956
0.0494361
0.0423512
0.036269
0.0310447
0.0265563
0.0226972
0.0193764
0.0165146
0.0140417
0.0118995
0.0100635
0.00840941
0.00698042
0.00571698
0.004589
0.00357012
0.00263607
0.00176485
0.000935864
0.000129841
-0.000672176
-0.00148918
-0.00234037
-0.00324579
-0.00422798
-0.00530672
-0.00651113
-0.00786371
-0.00939716
-0.0111447
-0.0131467
-0.0154463
-0.0180956
-0.0211432
-0.024648
-0.0285066
-0.0332818
-0.0383226
-0.0471965
-0.0560697
-0.0708492
-0.103471
-0.113367
-0.180733
-0.238991
-0.362937
0.0287675
-0.0913049
-0.30201
-0.561627
-0.797628
-1.1847
-2.78842
-5.8067
-7.31576
-4.25433
2.65432
4.01357
2.75335
1.99597
1.49214
1.163
0.932398
0.762335
0.63184
0.528706
0.445419
0.377084
0.320347
0.272848
0.232812
0.198928
0.170138
0.145618
0.1247
0.106818
0.0915279
0.0784333
0.0672162
0.0576037
0.0493574
0.0422837
0.0362111
0.030995
0.0265135
0.0226605
0.0193447
0.0164873
0.0140184
0.0118794
0.009999
0.00839665
0.00697056
0.0057093
0.0045833
0.00356626
0.00263398
0.00176452
0.000937317
0.000133146
-0.000666907
-0.00148179
-0.00233066
-0.0032335
-0.00421274
-0.00528831
-0.0064889
-0.00783737
-0.00936622
-0.0111089
-0.0131062
-0.0154019
-0.0180493
-0.021099
-0.0246104
-0.0285225
-0.033337
-0.0385874
-0.0473903
-0.0565559
-0.0714895
-0.102796
-0.113453
-0.17456
-0.197347
-0.347115
0.0199897
-0.108579
-0.315342
-0.573209
-0.825702
-1.23662
-2.74899
-5.48759
-6.77665
-3.94687
2.37438
3.66963
2.63721
1.95158
1.47361
1.1537
0.927094
0.759
0.629585
0.527096
0.444219
0.376161
0.319617
0.27226
0.232331
0.19853
0.169805
0.145339
0.124464
0.106617
0.0913574
0.0782881
0.0670923
0.0574979
0.049267
0.0422064
0.0361451
0.0309386
0.0264655
0.0226196
0.01931
0.0164578
0.0139936
0.0118588
0.010018
0.00838114
0.00695748
0.00569847
0.00457449
0.00355922
0.00262855
0.00176057
0.000934747
0.000131897
-0.000666848
-0.00148041
-0.0023279
-0.00322927
-0.00420685
-0.00528073
-0.00647926
-0.00782566
-0.00935231
-0.0110929
-0.013089
-0.0153849
-0.0180352
-0.0210931
-0.02462
-0.0285913
-0.0334535
-0.0389156
-0.047656
-0.0571398
-0.0721094
-0.102389
-0.113778
-0.176228
-0.216272
-0.336622
-0.00816213
-0.127549
-0.330317
-0.58739
-0.852421
-1.28173
-2.70789
-5.19501
-6.28564
-3.65611
2.12607
3.35756
2.52219
1.90422
1.45292
1.14309
0.920986
0.755141
0.626968
0.525224
0.442822
0.375084
0.318766
0.271574
0.231769
0.198064
0.169416
0.145012
0.124187
0.106383
0.0911579
0.0781181
0.0669471
0.0573738
0.0491609
0.0421157
0.0360675
0.0308723
0.0264088
0.0225711
0.0192686
0.0164224
0.0139634
0.011833
0.00997692
0.00836356
0.00694306
0.00568676
0.00456523
0.0035522
0.0026236
0.00175759
0.000933684
0.000132732
-0.000664077
-0.00147562
-0.00232096
-0.00322
-0.00419497
-0.00526606
-0.00646131
-0.00780426
-0.00932712
-0.0110639
-0.0130563
-0.0153494
-0.0179994
-0.0210615
-0.0245998
-0.0286197
-0.0335265
-0.0391605
-0.0478548
-0.05759
-0.0725589
-0.101863
-0.11368
-0.173267
-0.194507
-0.325429
-0.0220267
-0.143576
-0.343231
-0.599076
-0.873557
-1.31501
-2.65799
-4.90896
-5.8394
-3.38095
1.90307
3.07315
2.40898
1.85462
1.43032
1.13128
0.914115
0.750777
0.624001
0.523098
0.441234
0.373859
0.317797
0.270792
0.231129
0.197534
0.168973
0.144639
0.123872
0.106115
0.0909303
0.0779242
0.0667815
0.0572323
0.04904
0.0420122
0.035979
0.0307966
0.0263441
0.0225159
0.0192214
0.0163822
0.0139294
0.0118043
0.0099551
0.00834319
0.00692627
0.00567307
0.00455433
0.0035438
0.00261752
0.0017537
0.000931887
0.000132996
-0.000661731
-0.00147113
-0.00231419
-0.00321078
-0.00418304
-0.00525124
-0.00644312
-0.00778254
-0.00930158
-0.0110345
-0.0130234
-0.0153142
-0.0179643
-0.0210312
-0.0245822
-0.0286482
-0.0336013
-0.0393887
-0.0480519
-0.0580124
-0.0729477
-0.101396
-0.113659
-0.172492
-0.20097
-0.314605
-0.0419059
-0.160035
-0.356401
-0.610994
-0.892721
-1.34368
-2.60621
-4.64821
-5.43095
-3.13298
1.69981
2.81413
2.29821
1.80322
1.40605
1.11835
0.906516
0.745924
0.620691
0.520721
0.439456
0.372486
0.31671
0.269914
0.230411
0.196938
0.168475
0.14422
0.123518
0.105815
0.0906747
0.0777063
0.0665955
0.0570734
0.0489041
0.041896
0.0358796
0.0307116
0.0262715
0.0224538
0.0191685
0.0163371
0.013891
0.0117718
0.00992823
0.00832037
0.00690741
0.00565768
0.00454205
0.00353434
0.00261065
0.00174927
0.000929803
0.000133212
-0.000659196
-0.0014662
-0.00230675
-0.00320064
-0.0041699
-0.00523491
-0.00642312
-0.00775866
-0.00927351
-0.0110022
-0.0129872
-0.0152751
-0.0179247
-0.0209959
-0.0245594
-0.0286671
-0.0336652
-0.0395867
-0.0482273
-0.0583825
-0.0732558
-0.100934
-0.113468
-0.170938
-0.190375
-0.304382
-0.0571576
-0.174718
-0.368124
-0.620991
-0.907662
-1.36491
-2.55084
-4.39399
-5.05679
-2.90873
1.51548
2.5782
2.19031
1.75053
1.38034
1.10439
0.898225
0.740598
0.617047
0.518098
0.437492
0.370967
0.315507
0.268943
0.229614
0.196278
0.167923
0.143756
0.123125
0.105482
0.0903912
0.0774647
0.0663892
0.056897
0.0487533
0.041767
0.0357693
0.0306173
0.0261909
0.022385
0.0191097
0.016287
0.0138485
0.0117358
0.00989815
0.00829505
0.00688646
0.00564057
0.00452839
0.0035238
0.00260298
0.0017443
0.000927422
0.000133369
-0.000656487
-0.00146087
-0.00229865
-0.00318959
-0.00415559
-0.00521713
-0.00640137
-0.00773271
-0.00924301
-0.0109671
-0.0129478
-0.0152324
-0.017881
-0.0209557
-0.0245311
-0.0286768
-0.0337179
-0.0397567
-0.0483807
-0.0587025
-0.0734923
-0.100473
-0.113209
-0.169441
-0.190775
-0.295066
-0.0727397
-0.188879
-0.379242
-0.630096
-0.919803
-1.38014
-2.49311
-4.16427
-4.71289
-2.70466
1.34843
2.36324
2.08555
1.69702
1.35339
1.0895
0.889282
0.734818
0.613076
0.515234
0.435343
0.369305
0.314188
0.267877
0.228741
0.195554
0.167318
0.143246
0.122694
0.105116
0.0900799
0.0771993
0.0661626
0.0567033
0.0485877
0.0416253
0.0356481
0.0305137
0.0261023
0.0223094
0.0190452
0.016232
0.0138018
0.0116963
0.00986506
0.00826723
0.00686342
0.00562176
0.00451336
0.00351218
0.00259451
0.00173879
0.000924746
0.000133465
-0.000653606
-0.00145513
-0.00228991
-0.00317764
-0.00414012
-0.00519788
-0.00637785
-0.00770466
-0.00921007
-0.0109291
-0.0129051
-0.015186
-0.0178331
-0.0209106
-0.0244971
-0.0286771
-0.0337589
-0.0398999
-0.0485115
-0.0589732
-0.0736629
-0.100006
-0.112875
-0.167902
-0.185594
-0.286163
-0.086799
-0.20197
-0.389541
-0.638013
-0.929163
-1.38986
-2.43355
-3.94781
-4.39662
-2.51865
1.19705
2.16734
1.98413
1.64309
1.32539
1.07375
0.879728
0.728603
0.60879
0.512134
0.433013
0.367499
0.312756
0.266719
0.227791
0.194765
0.166658
0.142691
0.122225
0.104718
0.0897408
0.0769102
0.0659158
0.0564923
0.0484073
0.041471
0.0355162
0.0304009
0.0260059
0.022227
0.0189749
0.0161721
0.0137509
0.0116533
0.00982898
0.00823693
0.00683832
0.00560125
0.00449695
0.0034995
0.00258525
0.00173274
0.000921775
0.000133502
-0.000650553
-0.00144899
-0.00228052
-0.0031648
-0.00412349
-0.00517719
-0.00635258
-0.00767452
-0.00917469
-0.0108884
-0.0128592
-0.0151358
-0.0177807
-0.0208603
-0.024457
-0.0286679
-0.0337876
-0.0400174
-0.0486188
-0.059196
-0.073773
-0.0995292
-0.112483
-0.166291
-0.183605
-0.278043
-0.100024
-0.214212
-0.39905
-0.644798
-0.936081
-1.39462
-2.3727
-3.74403
-4.10561
-2.34884
1.05992
1.98875
1.8862
1.58912
1.29652
1.05725
0.869601
0.721973
0.604198
0.508804
0.430506
0.365554
0.311211
0.265468
0.226764
0.193914
0.165946
0.142091
0.121717
0.104287
0.0893741
0.0765976
0.0656488
0.0562641
0.0482123
0.0413041
0.0353734
0.0302789
0.0259016
0.0221379
0.0188989
0.0161074
0.0136959
0.0116068
0.00978991
0.00820415
0.00681114
0.00557904
0.00447919
0.00348575
0.0025752
0.00172616
0.00091851
0.000133478
-0.000647329
-0.00144244
-0.00227049
-0.00315106
-0.0041057
-0.00515505
-0.00632557
-0.00764229
-0.00913686
-0.0108448
-0.0128099
-0.0150818
-0.017724
-0.0208049
-0.0244106
-0.028649
-0.0338035
-0.04011
-0.0487023
-0.0593722
-0.0738274
-0.099037
-0.11204
-0.164642
-0.18076
-0.270357
-0.112294
-0.225599
-0.407761
-0.650444
-0.940801
-1.39492
-2.311
-3.55214
-3.83762
-2.19357
0.935732
1.82587
1.79186
1.53543
1.26693
1.04006
0.858943
0.714947
0.599311
0.505249
0.427824
0.36347
0.309554
0.264126
0.225662
0.192999
0.16518
0.141446
0.121172
0.103824
0.0889799
0.0762616
0.0653618
0.0560188
0.0480025
0.0411247
0.0352199
0.0301476
0.0257894
0.0220421
0.0188171
0.0160377
0.0136368
0.0115567
0.00974788
0.0081689
0.00678191
0.00555514
0.00446006
0.00347094
0.00256436
0.00171904
0.000914951
0.000133394
-0.000643935
-0.00143549
-0.00225982
-0.00313643
-0.00408675
-0.00513147
-0.00629681
-0.00760799
-0.00909658
-0.0107983
-0.0127574
-0.015024
-0.0176627
-0.0207441
-0.0243577
-0.0286204
-0.0338064
-0.0401784
-0.0487616
-0.0595032
-0.0738301
-0.0985262
-0.111555
-0.162938
-0.17838
-0.263223
-0.123689
-0.236171
-0.415671
-0.654989
-0.943571
-1.39118
-2.24881
-3.3714
-3.59064
-2.05134
0.823311
1.67727
1.70116
1.48225
1.23679
1.02227
0.847795
0.707546
0.59414
0.501477
0.424972
0.361251
0.307787
0.262694
0.224486
0.192022
0.164362
0.140757
0.120589
0.103329
0.0885584
0.0759022
0.0650549
0.0557564
0.0477781
0.0409327
0.0350558
0.0300073
0.0256694
0.0219396
0.0187297
0.0159632
0.0135735
0.0115032
0.00970289
0.00813118
0.00675063
0.00552955
0.00443957
0.00345507
0.00255274
0.00171139
0.0009111
0.00013325
-0.000640373
-0.00142814
-0.00224851
-0.00312092
-0.00406666
-0.00510645
-0.00626631
-0.00757161
-0.00905387
-0.010749
-0.0127016
-0.0149624
-0.017597
-0.0206779
-0.0242981
-0.0285818
-0.0337959
-0.0402234
-0.0487966
-0.0595904
-0.0737847
-0.0979936
-0.111033
-0.16119
-0.176098
-0.25652
-0.134247
-0.245945
-0.422783
-0.658456
-0.944593
-1.38384
-2.18648
-3.20112
-3.36282
-1.92085
0.721584
1.5416
1.61414
1.4298
1.20624
1.00396
0.836194
0.699791
0.588697
0.497492
0.421952
0.358898
0.305912
0.261173
0.223235
0.190982
0.163492
0.140024
0.119968
0.102802
0.0881097
0.0755196
0.0647281
0.0554771
0.0475393
0.0407284
0.034881
0.0298578
0.0255417
0.0218305
0.0186366
0.0158839
0.0135061
0.0114462
0.00965497
0.00809101
0.00671731
0.0055023
0.00441774
0.00343815
0.00254033
0.00170321
0.000906958
0.000133045
-0.000636644
-0.00142039
-0.00223657
-0.00310452
-0.00404543
-0.00508
-0.00623407
-0.00753317
-0.00900872
-0.0106968
-0.0126424
-0.0148968
-0.0175266
-0.0206062
-0.0242315
-0.0285332
-0.0337718
-0.0402456
-0.0488069
-0.0596353
-0.0736945
-0.0974366
-0.110479
-0.159398
-0.173963
-0.250226
-0.144019
-0.254949
-0.429112
-0.66088
-0.944029
-1.37329
-2.12427
-3.04063
-3.1525
-1.80095
0.629575
1.41767
1.53079
1.37822
1.17542
0.985198
0.824182
0.691703
0.582992
0.493303
0.418771
0.356414
0.30393
0.259564
0.221911
0.189882
0.16257
0.139247
0.11931
0.102243
0.087634
0.0751139
0.0643816
0.0551808
0.047286
0.0405117
0.0346956
0.0296993
0.0254062
0.0217148
0.0185378
0.0157998
0.0134347
0.0113857
0.00960413
0.00804841
0.00668196
0.00547337
0.00439457
0.00342018
0.00252715
0.00169451
0.000902526
0.00013278
-0.000632748
-0.00141225
-0.002224
-0.00308725
-0.00402305
-0.00505213
-0.00620012
-0.00749266
-0.00896114
-0.0106418
-0.01258
-0.0148274
-0.0174517
-0.0205288
-0.0241578
-0.0284744
-0.0337339
-0.0402454
-0.0487927
-0.0596393
-0.0735621
-0.0968532
-0.109897
-0.157566
-0.17193
-0.244288
-0.153041
-0.263206
-0.434666
-0.662313
-0.942003
-1.35993
-2.06242
-2.8893
-2.95818
-1.6906
0.5464
1.30441
1.4511
1.32765
1.14447
0.966047
0.811795
0.683302
0.577037
0.488916
0.41543
0.353802
0.301843
0.257868
0.220515
0.18872
0.161597
0.138426
0.118615
0.101653
0.0871315
0.0746852
0.0640155
0.0548678
0.0470183
0.0402827
0.0344997
0.0295318
0.025263
0.0215925
0.0184335
0.0157109
0.0133592
0.0113219
0.00955039
0.00800338
0.00664459
0.00544279
0.00437006
0.00340117
0.00251319
0.00168527
0.000897805
0.000132455
-0.000628688
-0.00140371
-0.0022108
-0.00306911
-0.00399955
-0.00502284
-0.00616444
-0.00745009
-0.00891112
-0.010584
-0.0125142
-0.014754
-0.017372
-0.0204458
-0.0240769
-0.0284055
-0.0336821
-0.0402233
-0.0487539
-0.0596038
-0.0733899
-0.0962422
-0.109289
-0.155698
-0.16998
-0.238672
-0.161352
-0.270737
-0.439458
-0.662804
-0.938616
-1.34413
-2.00113
-2.74657
-2.77848
-1.5889
0.471255
1.2008
1.37501
1.27819
1.11352
0.946571
0.79907
0.674611
0.570845
0.484337
0.411935
0.351063
0.299652
0.256086
0.219047
0.187499
0.160572
0.137563
0.117884
0.101032
0.0866022
0.0742338
0.0636299
0.0545381
0.0467363
0.0400414
0.0342934
0.0293554
0.0251122
0.0214636
0.0183236
0.0156172
0.0132796
0.0112546
0.00949377
0.00795594
0.00660521
0.00541056
0.00434422
0.00338112
0.00249846
0.00167552
0.000892797
0.000132069
-0.000624463
-0.00139479
-0.00219698
-0.0030501
-0.00397492
-0.00499215
-0.00612705
-0.00740547
-0.00885869
-0.0105233
-0.012445
-0.0146767
-0.0172876
-0.020357
-0.0239886
-0.0283263
-0.0336163
-0.0401799
-0.0486905
-0.0595301
-0.0731801
-0.0956025
-0.108657
-0.153798
-0.168092
-0.233339
-0.168987
-0.277564
-0.443507
-0.662404
-0.933948
-1.32625
-1.94057
-2.61188
-2.61215
-1.49502
0.40341
1.10598
1.30247
1.2299
1.08265
0.926833
0.786044
0.665648
0.564428
0.479574
0.40829
0.348202
0.29736
0.25422
0.217508
0.186217
0.159498
0.136656
0.117116
0.10038
0.0860465
0.0737597
0.0632249
0.0541919
0.0464402
0.0397881
0.0340766
0.02917
0.0249538
0.0213283
0.0182081
0.0155189
0.013196
0.0111839
0.00943428
0.00790609
0.00656384
0.00537669
0.00431707
0.00336004
0.00248297
0.00166524
0.000887503
0.000131623
-0.000620077
-0.00138548
-0.00218255
-0.00303023
-0.00394917
-0.00496005
-0.00608796
-0.00735881
-0.00880383
-0.0104597
-0.0123725
-0.0145955
-0.0171985
-0.0202623
-0.0238928
-0.0282367
-0.0335364
-0.0401155
-0.0486028
-0.0594197
-0.0729345
-0.0949336
-0.108001
-0.15187
-0.166252
-0.228259
-0.175982
-0.283711
-0.446832
-0.661167
-0.928059
-1.30661
-1.88088
-2.48473
-2.45805
-1.40824
0.342202
1.01912
1.23339
1.18286
1.05198
0.906895
0.772751
0.656435
0.557796
0.474634
0.4045
0.345221
0.294969
0.25227
0.2159
0.184877
0.158373
0.135707
0.116312
0.0996965
0.0854645
0.0732631
0.0628007
0.0538291
0.04613
0.0395226
0.0338496
0.0289758
0.0247878
0.0211865
0.0180871
0.0154158
0.0131085
0.0111098
0.00937196
0.00785387
0.00652048
0.00534119
0.0042886
0.00333794
0.00246671
0.00165445
0.000881924
0.000131117
-0.000615529
-0.00137578
-0.00216749
-0.0030095
-0.00392231
-0.00492656
-0.00604717
-0.00731011
-0.00874657
-0.0103934
-0.0122966
-0.0145102
-0.0171046
-0.0201617
-0.0237895
-0.0281367
-0.0334424
-0.0400305
-0.0484909
-0.0592737
-0.0726545
-0.0942352
-0.107322
-0.149916
-0.164446
-0.223405
-0.182366
-0.289202
-0.449459
-0.659149
-0.921002
-1.2855
-1.82216
-2.36466
-2.31517
-1.32791
0.28703
0.939504
1.16769
1.1371
1.02157
0.886814
0.759223
0.64699
0.550962
0.469524
0.400568
0.342123
0.292479
0.250239
0.214222
0.183479
0.157199
0.134716
0.115472
0.0989827
0.0848563
0.0727442
0.0623574
0.0534501
0.0458057
0.0392452
0.0336122
0.0287729
0.0246143
0.0210383
0.0179606
0.0153081
0.013017
0.0110324
0.00930681
0.00779927
0.00647514
0.00530407
0.00425883
0.00331482
0.0024497
0.00164315
0.000876063
0.000130551
-0.000610821
-0.0013657
-0.00215183
-0.00298792
-0.00389434
-0.00489169
-0.0060047
-0.00725939
-0.00868689
-0.0103241
-0.0122174
-0.0144209
-0.0170058
-0.0200551
-0.0236784
-0.0280262
-0.0333342
-0.0399253
-0.048355
-0.0590935
-0.0723417
-0.0935072
-0.106619
-0.147942
-0.162662
-0.21876
-0.188172
-0.294057
-0.45141
-0.656406
-0.912845
-1.26317
-1.76452
-2.25124
-2.18255
-1.25346
0.237348
0.866464
1.10525
1.09266
0.991479
0.866646
0.745491
0.637334
0.543938
0.464252
0.3965
0.33891
0.289894
0.248127
0.212477
0.182023
0.155976
0.133684
0.114597
0.0982387
0.0842223
0.0722032
0.0618952
0.0530548
0.0454676
0.0389559
0.0333647
0.0285612
0.0244333
0.0208838
0.0178288
0.0151957
0.0129215
0.0109516
0.00923886
0.00774233
0.00642785
0.00526534
0.00422776
0.00329069
0.00243194
0.00163134
0.00086992
0.000129926
-0.000605956
-0.00135524
-0.00213556
-0.0029655
-0.00386528
-0.00485543
-0.00596054
-0.00720665
-0.00862482
-0.0102521
-0.0121348
-0.0143277
-0.0169022
-0.0199426
-0.0235597
-0.0279053
-0.0332119
-0.0398002
-0.0481954
-0.0588802
-0.0719972
-0.09275
-0.105891
-0.145951
-0.160893
-0.214301
-0.193427
-0.298299
-0.45271
-0.652996
-0.903662
-1.23985
-1.7081
-2.14404
-2.05935
-1.18435
0.19266
0.799407
1.04598
1.04956
0.961776
0.846443
0.731585
0.627486
0.536735
0.458824
0.3923
0.335586
0.287216
0.245936
0.210665
0.18051
0.154705
0.13261
0.113687
0.0974647
0.0835626
0.0716402
0.0614141
0.0526434
0.0451157
0.0386548
0.0331071
0.0283409
0.024245
0.0207229
0.0176915
0.0150788
0.0128222
0.0108676
0.00916813
0.00768305
0.00637862
0.00522502
0.00419541
0.00326555
0.00241343
0.00161902
0.000863499
0.00012924
-0.000600933
-0.00134441
-0.00211869
-0.00294224
-0.00383512
-0.00481781
-0.00591472
-0.0071519
-0.00856036
-0.0101772
-0.0120489
-0.0142304
-0.0167937
-0.0198239
-0.0234331
-0.0277739
-0.0330756
-0.0396557
-0.0480124
-0.0586349
-0.071622
-0.0919639
-0.105138
-0.143946
-0.159131
-0.210005
-0.198158
-0.301954
-0.453387
-0.648969
-0.893523
-1.21572
-1.65303
-2.04269
-1.94479
-1.12012
0.152515
0.737795
0.989753
1.00781
0.932504
0.826252
0.717535
0.617463
0.529365
0.453248
0.387972
0.332154
0.284445
0.243667
0.208786
0.178941
0.153387
0.131496
0.112742
0.096661
0.0828775
0.0710554
0.0609144
0.052216
0.0447501
0.038342
0.0328395
0.028112
0.0240493
0.0205557
0.0175488
0.0149573
0.012719
0.0107803
0.00909466
0.00762146
0.00632746
0.00518311
0.00416178
0.00323942
0.00239418
0.0016062
0.0008568
0.000128496
-0.000595754
-0.00133321
-0.00210123
-0.00291814
-0.00380387
-0.00477882
-0.00586724
-0.00709515
-0.00849352
-0.0100994
-0.0119595
-0.0141291
-0.0166803
-0.0196992
-0.0232987
-0.027632
-0.0329253
-0.039492
-0.0478063
-0.0583588
-0.0712169
-0.0911494
-0.10436
-0.14193
-0.157369
-0.205855
-0.20239
-0.305043
-0.453469
-0.644362
-0.882509
-1.19094
-1.59911
-1.94684
-1.83818
-1.06035
0.116505
0.681141
0.936453
0.967409
0.903703
0.806113
0.703368
0.607283
0.521839
0.44753
0.383522
0.328617
0.281585
0.241322
0.206843
0.177317
0.152021
0.130342
0.111762
0.0958278
0.0821672
0.0704491
0.0603962
0.0517728
0.044371
0.0380176
0.0325619
0.0278746
0.0238464
0.0203824
0.0174009
0.0148312
0.0126119
0.0106897
0.00901845
0.00755757
0.00627438
0.00513962
0.00412689
0.0032123
0.0023742
0.00159288
0.000849826
0.000127692
-0.000590421
-0.00132163
-0.00208317
-0.00289323
-0.00377156
-0.00473849
-0.0058181
-0.00703642
-0.00842431
-0.0100189
-0.0118669
-0.0140237
-0.016562
-0.0195683
-0.0231564
-0.0274796
-0.0327611
-0.0393095
-0.0475774
-0.0580529
-0.0707827
-0.0903073
-0.103554
-0.139906
-0.155603
-0.201836
-0.206144
-0.30759
-0.452986
-0.639206
-0.870704
-1.16567
-1.54641
-1.85614
-1.73886
-1.00466
0.0842579
0.629006
0.885959
0.928355
0.875408
0.786065
0.689113
0.596963
0.514168
0.441679
0.378953
0.324978
0.278637
0.238903
0.204836
0.175639
0.150608
0.129147
0.110748
0.0949654
0.0814319
0.0698213
0.0598597
0.0513139
0.0439784
0.0376816
0.0322744
0.0276288
0.0236362
0.0202028
0.0172477
0.0147007
0.012501
0.0105959
0.00893955
0.0074914
0.0062194
0.00509458
0.00409074
0.0031842
0.00235349
0.00157906
0.000842579
0.00012683
-0.000584936
-0.00130969
-0.00206453
-0.00286749
-0.00373817
-0.00469681
-0.00576733
-0.00697571
-0.00835274
-0.00993554
-0.0117709
-0.0139144
-0.0164388
-0.0194313
-0.0230062
-0.0273168
-0.032583
-0.0391085
-0.0473261
-0.0577182
-0.0703201
-0.0894384
-0.102722
-0.137877
-0.153829
-0.197932
-0.209445
-0.309617
-0.451965
-0.633521
-0.858198
-1.14002
-1.495
-1.77029
-1.64589
-0.953055
0.0554361
0.580992
0.838148
0.890635
0.847646
0.766141
0.674796
0.586519
0.506363
0.435701
0.374272
0.321239
0.275605
0.23641
0.202767
0.173907
0.149149
0.127913
0.109701
0.0940743
0.0806719
0.0691724
0.0593051
0.0508395
0.0435725
0.0373343
0.0319772
0.0273746
0.0234189
0.0200172
0.0170893
0.0145657
0.0123863
0.0104989
0.00885797
0.00742297
0.00616253
0.00504799
0.00405335
0.00315513
0.00233206
0.00156475
0.000835062
0.00012591
-0.000579299
-0.00129738
-0.0020453
-0.00284094
-0.00370372
-0.00465381
-0.00571493
-0.00691304
-0.00827882
-0.00984939
-0.0116715
-0.0138009
-0.0163107
-0.0192882
-0.0228481
-0.0271436
-0.0323912
-0.0388894
-0.0470528
-0.0573556
-0.0698296
-0.0885435
-0.101861
-0.135845
-0.152042
-0.194133
-0.21231
-0.311147
-0.45044
-0.627322
-0.845077
-1.1141
-1.44487
-1.68894
-1.55881
-0.905258
0.0297791
0.536742
0.792899
0.854236
0.820441
0.746369
0.660443
0.575966
0.498434
0.429604
0.369481
0.317405
0.272489
0.233845
0.200635
0.172122
0.147646
0.126641
0.10862
0.0931546
0.0798875
0.0685026
0.0587325
0.0503497
0.0431534
0.0369756
0.0316703
0.0271121
0.0231945
0.0198255
0.0169257
0.0144264
0.0122679
0.0103987
0.00877375
0.00735231
0.0061038
0.00499987
0.00401472
0.0031251
0.00230991
0.00154996
0.000827275
0.000124931
-0.000573513
-0.00128472
-0.0020255
-0.00281358
-0.00366823
-0.00460948
-0.00566092
-0.00684841
-0.00820257
-0.00976046
-0.0115688
-0.0136835
-0.0161776
-0.0191388
-0.0226821
-0.0269599
-0.0321858
-0.0386523
-0.0467579
-0.0569661
-0.0693118
-0.0876235
-0.100972
-0.133811
-0.15024
-0.190427
-0.214757
-0.312204
-0.448437
-0.620631
-0.83142
-1.08802
-1.39605
-1.61184
-1.4775
-0.860597
0.00701311
0.495931
0.750091
0.819135
0.793811
0.726775
0.646075
0.565321
0.490392
0.423393
0.364586
0.313478
0.269291
0.231211
0.198444
0.170285
0.146097
0.12533
0.107507
0.0922067
0.0790789
0.067812
0.0581422
0.0498446
0.0427213
0.0366058
0.0313539
0.0268414
0.022963
0.0196277
0.0167569
0.0142826
0.0121458
0.0102954
0.00868692
0.00727942
0.00604322
0.00495023
0.00397487
0.00309411
0.00228705
0.00153469
0.000819223
0.000123895
-0.000567578
-0.0012717
-0.00200512
-0.00278542
-0.00363169
-0.00456385
-0.0056053
-0.00678185
-0.00812399
-0.00966874
-0.0114627
-0.013562
-0.0160395
-0.0189833
-0.0225081
-0.026766
-0.0319669
-0.0383978
-0.0464417
-0.0565506
-0.0687673
-0.0866794
-0.100054
-0.131778
-0.148421
-0.186805
-0.216803
-0.312809
-0.445977
-0.613477
-0.817296
-1.06186
-1.34855
-1.53874
-1.4015
-0.818839
-0.013111
0.458265
0.709604
0.785311
0.76777
0.707383
0.631715
0.554598
0.482246
0.417075
0.359591
0.309462
0.266015
0.228507
0.196192
0.168396
0.144505
0.123981
0.106361
0.0912309
0.0782464
0.0671009
0.0575343
0.0493245
0.0422762
0.0362249
0.0310279
0.0265625
0.0227246
0.0194241
0.0165832
0.0141346
0.01202
0.010189
0.00859751
0.00720435
0.00598081
0.00489908
0.00393381
0.00306218
0.00226349
0.00151894
0.000810907
0.000122802
-0.000561498
-0.00125832
-0.00198419
-0.00275648
-0.00359412
-0.00451691
-0.0055481
-0.00671336
-0.00804311
-0.00957426
-0.0113534
-0.0134365
-0.0158965
-0.0188216
-0.0223263
-0.0265617
-0.0317347
-0.038126
-0.0461047
-0.0561098
-0.0681966
-0.0857121
-0.0991058
-0.129748
-0.146581
-0.18326
-0.21846
-0.312982
-0.443079
-0.605893
-0.802769
-1.0357
-1.30234
-1.4694
-1.33037
-0.779768
-0.0308212
0.423478
0.671322
0.752734
0.742328
0.688213
0.617382
0.543811
0.474005
0.410658
0.354502
0.305359
0.262663
0.225737
0.193883
0.166458
0.142869
0.122596
0.105183
0.0902277
0.0773903
0.0663695
0.056909
0.0487895
0.0418184
0.035833
0.0306926
0.0262757
0.0224794
0.0192146
0.0164043
0.0139822
0.0118905
0.0100795
0.00850555
0.0071271
0.00591658
0.00484644
0.00389156
0.00302931
0.00223923
0.00150272
0.00080233
0.000121652
-0.000555272
-0.0012446
-0.00196269
-0.00272675
-0.00355553
-0.00446869
-0.00548931
-0.00664296
-0.00795993
-0.00947704
-0.0112407
-0.013307
-0.0157486
-0.0186537
-0.0221366
-0.0263473
-0.0314892
-0.0378373
-0.0457473
-0.0556446
-0.0676
-0.0847224
-0.0981285
-0.127723
-0.144717
-0.179785
-0.219742
-0.312742
-0.439764
-0.59791
-0.787897
-1.00959
-1.25743
-1.4036
-1.26374
-0.743185
-0.0463256
0.391328
0.635134
0.721378
0.717492
0.669281
0.603092
0.532974
0.46568
0.404147
0.349321
0.301172
0.259236
0.222901
0.191517
0.16447
0.141191
0.121173
0.103974
0.0891972
0.0765109
0.0656182
0.0562665
0.0482397
0.0413479
0.0354303
0.0303479
0.0259809
0.0222273
0.0189992
0.0162206
0.0138256
0.0117575
0.00996702
0.00841108
0.00704769
0.00585055
0.00479233
0.00384811
0.00299551
0.00221428
0.00148603
0.000793495
0.000120446
-0.000548903
-0.00123054
-0.00194063
-0.00269625
-0.00351593
-0.0044192
-0.00542896
-0.00657067
-0.00787448
-0.00937709
-0.0111248
-0.0131736
-0.0155958
-0.0184797
-0.0219391
-0.0261227
-0.0312308
-0.037532
-0.04537
-0.0551556
-0.066978
-0.0837111
-0.0971212
-0.125704
-0.142829
-0.176377
-0.220663
-0.312107
-0.436052
-0.58956
-0.772734
-0.983593
-1.21381
-1.34114
-1.20123
-0.708904
-0.0598148
0.361591
0.60093
0.69121
0.693267
0.650603
0.588863
0.522101
0.457278
0.397548
0.344054
0.296906
0.255736
0.220002
0.189095
0.162434
0.13947
0.119714
0.102733
0.08814
0.0756084
0.064847
0.055607
0.0476754
0.0408649
0.0350169
0.0299941
0.0256782
0.0219686
0.0187781
0.0160319
0.0136649
0.0116209
0.00985148
0.00831414
0.00696616
0.00578274
0.00473676
0.0038035
0.0029608
0.00218866
0.00146887
0.000784404
0.000119184
-0.000542393
-0.00121613
-0.00191803
-0.00266498
-0.00347532
-0.00436844
-0.00536706
-0.0064965
-0.00778676
-0.00927441
-0.0110056
-0.0130361
-0.0154381
-0.0182995
-0.0217338
-0.0258881
-0.0309595
-0.0372104
-0.0449729
-0.0546435
-0.0663306
-0.0826788
-0.0960832
-0.123692
-0.140915
-0.173035
-0.22124
-0.311091
-0.431965
-0.58087
-0.757329
-0.957759
-1.17144
-1.28183
-1.14255
-0.676754
-0.0714622
0.334067
0.568606
0.662198
0.669653
0.632192
0.574708
0.511203
0.448808
0.390869
0.338704
0.292561
0.252167
0.21704
0.186618
0.16035
0.137709
0.11822
0.101461
0.0870563
0.0746832
0.0640563
0.0549308
0.0470967
0.0403696
0.0345929
0.0296313
0.0253678
0.0217031
0.0185514
0.0158383
0.0135
0.0114808
0.00973297
0.00821477
0.00688251
0.00571318
0.00467975
0.00375772
0.00292518
0.00216236
0.00145126
0.00077506
0.000117866
-0.000535743
-0.00120138
-0.00189489
-0.00263296
-0.00343372
-0.00431643
-0.00530363
-0.00642047
-0.0076968
-0.00916905
-0.0108831
-0.0128947
-0.0152755
-0.0181133
-0.0215207
-0.0256436
-0.0306754
-0.0368728
-0.0445567
-0.0541091
-0.0656582
-0.0816265
-0.0950146
-0.121685
-0.138977
-0.169758
-0.22149
-0.309711
-0.427524
-0.571868
-0.741725
-0.932146
-1.13032
-1.22547
-1.08738
-0.646572
-0.0814226
0.308566
0.538058
0.634309
0.64665
0.614059
0.560642
0.500293
0.440279
0.384114
0.333277
0.288143
0.248529
0.214017
0.184088
0.158219
0.135907
0.11669
0.10016
0.0859465
0.0737355
0.0632463
0.054238
0.0465038
0.0398621
0.0341585
0.0292595
0.0250497
0.0214312
0.018319
0.01564
0.013331
0.0113372
0.0096115
0.00811301
0.00679678
0.00564187
0.00462131
0.0037108
0.00288868
0.0021354
0.0014332
0.000765466
0.000116494
-0.000528954
-0.0011863
-0.00187122
-0.00260018
-0.00339115
-0.0042632
-0.0052387
-0.00634264
-0.0076047
-0.0090611
-0.0107575
-0.0127494
-0.0151082
-0.017921
-0.0212999
-0.0253892
-0.0303789
-0.0365195
-0.0441216
-0.053553
-0.0649618
-0.0805553
-0.0939169
-0.119684
-0.137015
-0.166544
-0.221429
-0.307981
-0.422749
-0.562581
-0.725964
-0.906829
-1.09041
-1.1719
-1.03546
-0.618206
-0.0898256
0.284899
0.50919
0.607508
0.624254
0.596213
0.546674
0.489381
0.431698
0.377289
0.327775
0.283653
0.244826
0.210935
0.181505
0.156043
0.134065
0.115126
0.0988283
0.0848111
0.0727658
0.0624173
0.0535289
0.0458968
0.0393426
0.0337138
0.0288788
0.0247241
0.0211527
0.0180811
0.015437
0.013158
0.0111901
0.00948712
0.00800891
0.00670898
0.00556885
0.00456146
0.00366275
0.00285128
0.00210778
0.0014147
0.000755626
0.000115069
-0.00052203
-0.0011709
-0.00184701
-0.00256668
-0.00334762
-0.00420877
-0.00517231
-0.00626306
-0.00751049
-0.00895063
-0.0106288
-0.0126004
-0.0149362
-0.0177229
-0.0210717
-0.0251253
-0.0300702
-0.0361509
-0.0436682
-0.0529759
-0.0642416
-0.0794664
-0.0927922
-0.11769
-0.13503
-0.163386
-0.221072
-0.305918
-0.417661
-0.553036
-0.710083
-0.881744
-1.05169
-1.12096
-0.986559
-0.591516
-0.0968239
0.262928
0.481909
0.581761
0.60246
0.578661
0.532816
0.478477
0.423074
0.370401
0.322204
0.279095
0.241059
0.207796
0.178872
0.153822
0.132184
0.113528
0.0974674
0.0836504
0.0717742
0.0615696
0.0528036
0.0452761
0.0388112
0.0332589
0.0284894
0.0243909
0.0208678
0.0178377
0.0152292
0.0129809
0.0110397
0.00935986
0.00790252
0.00661913
0.00549412
0.00450023
0.00361358
0.00281302
0.00207951
0.00139575
0.000745541
0.000113589
-0.000514972
-0.00115517
-0.00182229
-0.00253245
-0.00330314
-0.00415314
-0.00510443
-0.00618163
-0.00741401
-0.00883742
-0.0104969
-0.0124474
-0.0147593
-0.0175188
-0.020836
-0.0248519
-0.0297498
-0.035768
-0.0431982
-0.0523806
-0.063501
-0.0783642
-0.0916436
-0.115703
-0.133021
-0.160268
-0.220409
-0.303536
-0.412275
-0.543253
-0.694113
-0.856925
-1.01414
-1.07249
-0.940439
-0.566361
-0.102603
0.242567
0.456129
0.557032
0.581262
0.561408
0.519078
0.46759
0.414414
0.363453
0.316567
0.274471
0.23723
0.204601
0.176188
0.151556
0.130264
0.111897
0.0960777
0.0824647
0.0707613
0.0607034
0.0520625
0.0446417
0.0382681
0.0327939
0.0280914
0.0240504
0.0205767
0.0175889
0.0150169
0.0128
0.0108859
0.00922974
0.00779389
0.00652726
0.00541771
0.00443762
0.0035633
0.00277389
0.00205061
0.00137637
0.000735214
0.000112053
-0.000507787
-0.00113912
-0.00179706
-0.0024975
-0.00325771
-0.00409628
-0.00503501
-0.00609831
-0.00731525
-0.00872144
-0.0103616
-0.0122904
-0.0145775
-0.0173086
-0.0205926
-0.0245688
-0.0294172
-0.0353704
-0.0427112
-0.051767
-0.0627401
-0.0772478
-0.09047
-0.113721
-0.130986
-0.157169
-0.219481
-0.300842
-0.406601
-0.533248
-0.678076
-0.832401
-0.97771
-1.02635
-0.896905
-0.542635
-0.107323
0.223703
0.431761
0.533285
0.560652
0.544461
0.505467
0.456729
0.405726
0.356451
0.310868
0.269784
0.233342
0.201351
0.173456
0.149248
0.128307
0.110233
0.0946597
0.0812545
0.0697271
0.059819
0.0513058
0.0439939
0.0377135
0.0323191
0.027685
0.0237026
0.0202793
0.0173348
0.0148
0.0126152
0.0107288
0.00909679
0.00768307
0.00643338
0.00533965
0.00437365
0.00351194
0.00273392
0.00202107
0.00135656
0.000724651
0.000110468
-0.000500464
-0.00112275
-0.0017713
-0.0024618
-0.0032113
-0.00403818
-0.00496407
-0.00601313
-0.00721421
-0.0086027
-0.0102229
-0.0121292
-0.0143906
-0.017092
-0.0203413
-0.0242757
-0.0290718
-0.0349564
-0.0422037
-0.0511306
-0.0619542
-0.0761128
-0.0892703
-0.111742
-0.128929
-0.15409
-0.215916
-0.291974
-0.388992
-0.503028
-0.630492
-0.761009
-0.873359
-0.896306
-0.775079
-0.476166
-0.118367
0.172013
0.363564
0.46576
0.501321
0.495174
0.465551
0.424657
0.379924
0.335568
0.293813
0.255724
0.221656
0.19157
0.165223
0.142288
0.122401
0.105209
0.0903771
0.0775988
0.0666026
0.0571466
0.0490189
0.0420359
0.0360371
0.0308838
0.0264563
0.0226514
0.0193803
0.0165666
0.0141443
0.0120564
0.0102538
0.00869473
0.00734784
0.00614947
0.0051036
0.00418025
0.00335666
0.00261306
0.00193176
0.00129666
0.000692713
0.000105678
-0.000478318
-0.00107324
-0.00169338
-0.00235382
-0.00307089
-0.00386237
-0.00474936
-0.00575526
-0.00690817
-0.00824274
-0.00980211
-0.0116395
-0.0138218
-0.0164316
-0.019573
-0.0233775
-0.0280113
-0.0336841
-0.0406458
-0.0491856
-0.0595557
-0.0727048
-0.0856372
-0.105895
-0.122785
-0.145066
-0.204171
-0.271139
-0.354441
-0.449569
-0.552397
-0.652401
-0.727283
-0.726553
-0.619046
-0.388771
-0.118918
0.114282
0.27775
0.374029
0.415938
0.420749
0.402807
0.372548
0.336855
0.29995
0.264251
0.231051
0.200954
0.174118
0.150454
0.12975
0.111732
0.0961126
0.08261
0.07096
0.0609234
0.0522857
0.044857
0.0384716
0.0329845
0.0282696
0.0242182
0.0207361
0.0177422
0.0151667
0.0129494
0.0110381
0.00938782
0.00796002
0.00672067
0.00563008
0.00467312
0.00382782
0.0030738
0.00239301
0.00176926
0.00118779
0.000634818
9.72726e-05
-0.000437594
-0.000982613
-0.00155096
-0.00215655
-0.0028145
-0.0035414
-0.00435699
-0.00528336
-0.006347
-0.00758072
-0.00902525
-0.010731
-0.0127607
-0.0151915
-0.0181204
-0.0216678
-0.0259832
-0.0312502
-0.0376828
-0.0455287
-0.0550328
-0.0666866
-0.0789339
-0.0962192
-0.112099
-0.130984
-0.188107
-0.246074
-0.316477
-0.394742
-0.476602
-0.551827
-0.600337
-0.588252
-0.495968
-0.318357
-0.111836
0.0745399
0.212014
0.298921
0.342194
0.353617
0.344101
0.322282
0.294247
0.263979
0.233905
0.205414
0.179238
0.155679
0.134766
0.116377
0.100317
0.0863576
0.0742666
0.0638195
0.0548095
0.0470491
0.0403712
0.0346286
0.0296922
0.0254497
0.0218035
0.0186693
0.0159744
0.0136559
0.0116597
0.00993878
0.00845281
0.0071668
0.00604965
0.00506901
0.00420794
0.00344697
0.00276805
0.00215503
0.00159333
0.00106966
0.000571611
8.73689e-05
-0.000394587
-0.000885863
-0.00139842
-0.00194488
-0.00253904
-0.00319614
-0.00393437
-0.00477421
-0.00574029
-0.00686315
-0.00818068
-0.00973947
-0.0115978
-0.0138268
-0.0165148
-0.019771
-0.0237282
-0.0285456
-0.0344087
-0.0415299
-0.0501153
-0.0604116
-0.07174
-0.0865089
-0.101041
-0.117066
-0.168607
-0.217894
-0.276364
-0.339851
-0.404629
-0.46023
-0.490511
-0.473385
-0.396231
-0.259203
-0.100222
0.0475146
0.161197
0.237028
0.278356
0.293085
0.289333
0.274038
0.252389
0.227962
0.203054
0.179042
0.156701
0.136413
0.118288
0.102277
0.0882462
0.07602
0.0654105
0.056231
0.0483062
0.0414754
0.0355941
0.0305345
0.026184
0.0224442
0.0192295
0.0164659
0.0140895
0.0120448
0.0102843
0.0087664
0.0074556
0.00632106
0.00533631
0.00447084
0.00371164
0.00304062
0.00244183
0.00190109
0.00140557
0.000943542
0.000504046
7.66353e-05
-0.000348901
-0.000782858
-0.00123587
-0.00171921
-0.0022452
-0.00282758
-0.00348279
-0.00422948
-0.00509004
-0.0060923
-0.0072706
-0.00866797
-0.0103371
-0.0123405
-0.0147588
-0.0176909
-0.0212524
-0.0255805
-0.0308356
-0.0371976
-0.0448324
-0.0538796
-0.0641148
-0.0767369
-0.0897468
-0.103328
-0.146407
-0.187286
-0.234859
-0.28537
-0.335575
-0.376177
-0.39451
-0.37631
-0.313398
-0.208269
-0.0863097
0.0294373
0.121495
0.185532
0.22274
0.238326
0.238222
0.227835
0.211441
0.192117
0.171921
0.152137
0.133519
0.116471
0.10115
0.0875596
0.0756124
0.0651782
0.0561085
0.0482515
0.041462
0.0356058
0.0305612
0.0262198
0.0224857
0.0192752
0.0165152
0.0141422
0.0121014
0.0103455
0.00883337
0.00752962
0.00640355
0.00542872
0.00458243
0.00383961
0.00318793
0.00261178
0.00209752
0.00163303
0.0012073
0.000810265
0.000432504
6.50065e-05
-0.000301049
-0.000674574
-0.0010648
-0.00148155
-0.0019356
-0.00243903
-0.00300638
-0.0036542
-0.00440235
-0.00527568
-0.00630467
-0.00752656
-0.00898978
-0.0107507
-0.0128785
-0.0154617
-0.0185993
-0.0224089
-0.0270283
-0.0326076
-0.0392783
-0.0471373
-0.0561517
-0.0668809
-0.0782604
-0.0896938
-0.122224
-0.154988
-0.192598
-0.231714
-0.269736
-0.298698
-0.309345
-0.292441
-0.242766
-0.163372
-0.0712189
0.0175854
0.0900236
0.142085
0.173773
0.188444
0.190338
0.18354
0.171437
0.15656
0.140658
0.124858
0.109839
0.095985
0.0834708
0.0723278
0.0625058
0.0539104
0.0464278
0.0399387
0.0343268
0.0294833
0.0253092
0.0217159
0.0186245
0.0159661
0.0136804
0.0117151
0.0100248
0.00857028
0.00731767
0.00623755
0.00530445
0.00449637
0.00379414
0.00318001
0.00264069
0.00216366
0.0017377
0.00135283
0.000999994
0.000670843
0.000357553
5.26235e-05
-0.000251313
-0.000561716
-0.000886348
-0.00123349
-0.00161225
-0.00203296
-0.00250805
-0.0030518
-0.0036812
-0.00441766
-0.00528685
-0.00632398
-0.0075725
-0.00907121
-0.0108862
-0.0131012
-0.015793
-0.01906
-0.0230199
-0.0277976
-0.033499
-0.0402021
-0.047933
-0.0569407
-0.0666429
-0.0761561
-0.0965492
-0.121544
-0.149925
-0.178972
-0.206651
-0.226636
-0.232502
-0.218315
-0.180872
-0.122893
-0.055571
0.0100081
0.0645714
0.104727
0.130014
0.142518
0.145163
0.140912
0.132313
0.121331
0.109361
0.0973233
0.0857851
0.075076
0.0653601
0.0566819
0.0490149
0.0422942
0.0364365
0.0313518
0.0269515
0.0231519
0.0198762
0.0170555
0.0146283
0.0125409
0.0107458
0.00920231
0.0078747
0.00673225
0.00574829
0.00489972
0.00416643
0.00353108
0.00298059
0.00249711
0.00207406
0.00169961
0.00136503
0.0010626
0.000785217
0.00052634
0.000279795
3.96428e-05
-0.000199966
-0.000444983
-0.000701634
-0.000976575
-0.00127718
-0.00161191
-0.00199093
-0.00242607
-0.00293163
-0.00352569
-0.00422969
-0.00507237
-0.00609014
-0.00731866
-0.00881562
-0.0106452
-0.0128673
-0.0155691
-0.0188514
-0.0228156
-0.0275454
-0.0331054
-0.039534
-0.0469259
-0.0549524
-0.0627107
-0.0698192
-0.0873473
-0.107098
-0.127091
-0.145856
-0.158832
-0.161829
-0.151184
-0.125094
-0.0855897
-0.0397093
0.0053193
0.0433557
0.0718019
0.090153
0.0996291
0.102124
0.0996376
0.093935
0.0864127
0.078082
0.0696228
0.0614619
0.0538508
0.0469219
0.0407179
0.0352272
0.0304079
0.0262033
0.022551
0.0193887
0.016657
0.0143014
0.0122725
0.0105264
0.00902457
0.00773303
0.00662236
0.00566703
0.0048449
0.00413678
0.003526
0.00299789
0.00253933
0.00213908
0.00179527
0.00149223
0.00122307
0.000982255
0.000764411
0.000564481
0.000377735
0.000199702
2.60472e-05
-0.000147526
-0.000325414
-0.000512256
-0.000713045
-0.000933417
-0.00117983
-0.00146009
-0.00178353
-0.00216133
-0.00260817
-0.00314245
-0.00378818
-0.00457552
-0.00551233
-0.00666926
-0.00810212
-0.00984567
-0.0119718
-0.0145641
-0.0177043
-0.0214618
-0.0258885
-0.0310152
-0.036857
-0.0432297
-0.0493511
-0.0424014
-0.0526933
-0.0642577
-0.0759413
-0.0868862
-0.0940996
-0.0953506
-0.0887257
-0.0733502
-0.0503904
-0.023733
0.00254863
0.0249606
0.0418961
0.0529922
0.0588799
0.0606167
0.0593515
0.0561148
0.0517369
0.0468308
0.041814
0.0369517
0.0324015
0.0282492
0.0245248
0.0212244
0.0183251
0.0157941
0.0135946
0.0116894
0.0100432
0.0086233
0.00740021
0.00634753
0.005442
0.00466324
0.00399353
0.00341747
0.00292172
0.0024947
0.00212631
0.00180754
0.0015293
0.00127698
0.0010809
0.000899828
0.000737722
0.00059237
0.000460712
0.000339708
0.000226476
0.000118262
1.23534e-05
-9.39644e-05
-0.000203487
-0.000319203
-0.000444451
-0.000583055
-0.000739442
-0.000919083
-0.00112864
-0.00137639
-0.00167264
-0.00203122
-0.00246735
-0.00299496
-0.00366222
-0.00448853
-0.00548802
-0.00673573
-0.0082845
-0.0101905
-0.0125107
-0.0152934
-0.018584
-0.0224219
-0.0267727
-0.031509
-0.0360676
-0.0146142
-0.0178234
-0.0214914
-0.0253545
-0.0287877
-0.0309893
-0.031243
-0.0289793
-0.0239384
-0.0164972
-0.00786431
0.000679053
0.0080211
0.0136218
0.0173413
0.0193611
0.02001
0.0196552
0.0186311
0.0172122
0.0156046
0.01395
0.0123396
0.0108279
0.00944539
0.00820344
0.00710174
0.00613305
0.00528665
0.0045508
0.00391334
0.00336241
0.00288717
0.00247774
0.00212533
0.00182217
0.00156144
0.00133721
0.00114433
0.000978343
0.000835362
0.000711999
0.000605168
0.000511589
0.000426195
0.000361581
0.000301246
0.000246845
0.00019784
0.000153236
0.000111983
7.30356e-05
3.53507e-05
-2.10208e-06
-4.04057e-05
-8.07667e-05
-0.000124545
-0.000173347
-0.000229098
-0.000294174
-0.00037158
-0.000465169
-0.000579843
-0.000721969
-0.000899881
-0.0011245
-0.00140788
-0.0017715
-0.00223001
-0.00282216
-0.0035786
-0.00453836
-0.00574615
-0.00725414
-0.00911627
-0.0113502
-0.013912
-0.01678
-0.0198768
-0.0229221
-7.33593
-37.8739
-58.9091
-53.2461
-41.7762
-39.9498
-7.34563
-37.8849
-58.9128
-53.2424
-41.7737
-39.9522
-7.35457
-37.8948
-58.9161
-53.239
-41.7707
-39.953
-7.3641
-37.9053
-58.92
-53.2363
-41.768
-39.954
-7.37288
-37.9156
-58.9239
-53.2332
-41.7649
-39.9543
-7.38204
-37.9263
-58.9282
-53.2307
-41.7621
-39.9546
-7.39073
-37.9368
-58.9327
-53.2279
-41.7589
-39.9544
-7.39951
-37.9478
-58.9375
-53.2255
-41.7557
-39.954
-7.40806
-37.9586
-58.9425
-53.223
-41.7524
-39.9533
-7.41654
-37.9698
-58.9478
-53.2207
-41.749
-39.9524
-7.42488
-37.9809
-58.9533
-53.2185
-41.7455
-39.9511
-7.4331
-37.9923
-58.9591
-53.2164
-41.742
-39.9495
-7.4412
-38.0037
-58.9652
-53.2144
-41.7383
-39.9477
-7.44918
-38.0153
-58.9715
-53.2125
-41.7345
-39.9456
-7.46099
-38.0328
-58.9814
-53.2099
-41.7288
-39.9419
-7.47622
-38.057
-58.9955
-53.2068
-41.7207
-39.9359
-7.49099
-38.0812
-59.0109
-53.2041
-41.7122
-39.9288
-7.50528
-38.1066
-59.0269
-53.2019
-41.7033
-39.9204
-7.51909
-38.1315
-59.0447
-53.1999
-41.6941
-39.9109
-7.53243
-38.1583
-59.0622
-53.1989
-41.6845
-39.9003
-7.54526
-38.184
-59.0827
-53.197
-41.6744
-39.8888
-7.59891
-38.3485
-59.2041
-53.2165
-41.6141
-39.7883
-7.72139
-38.7455
-59.7304
-53.1703
-41.4471
-39.6721
-7.62114
-39.4048
-60.2053
-53.502
-41.1338
-38.7053
-7.69804
-39.8992
-61.2451
-53.4028
-40.8778
-38.693
-7.2752
-40.9072
-61.9167
-54.049
-40.3664
-36.8446
-7.35574
-41.4514
-63.5655
-53.9106
-39.9876
-37.0798
-6.59009
-42.9419
-64.3438
-54.8188
-39.2685
-34.0379
-6.62997
-43.4007
-66.8204
-54.7449
-38.7035
-34.7363
-5.62205
-45.638
-67.4515
-55.749
-37.7854
-16.5401
-5.41407
-45.7188
-71.2226
-56.1153
-29.1267
494.831
-4.43206
-49.1896
-71.0704
-1.40461
632.865
510.034
-3.63571
-47.8966
45.3254
729.926
423.03
14.566
-3.62514
350.687
701.679
319.209
1.35081
-0.65074
443.214
652.362
170.531
0.216542
-0.204833
-0.960961
287.67
59.551
1.70241
-0.376017
-0.548189
-0.83525
-0.375875
0.336959
-0.433323
-0.538119
-0.442214
-0.850358
-0.377891
-0.730213
-0.462618
-0.488445
-0.491989
-0.794308
-0.370042
-0.145855
-0.447713
-0.485868
-0.462288
-0.777958
-0.359997
-0.43383
-0.445759
-0.474364
-0.468957
-0.746594
-0.350772
-0.299171
-0.437475
-0.464618
-0.461198
-0.722928
-0.341243
-0.347778
-0.430937
-0.455482
-0.45733
-0.698727
-0.332458
-0.330199
-0.422713
-0.446484
-0.452965
-0.676503
-0.324263
-0.330609
-0.415642
-0.438106
-0.448595
-0.655069
-0.316167
-0.32787
-0.408195
-0.430132
-0.444172
-0.634875
-0.308864
-0.324809
-0.401068
-0.422512
-0.439655
-0.615698
-0.301845
-0.321423
-0.394058
-0.415226
-0.43506
-0.597427
-0.295274
-0.317878
-0.387224
-0.408222
-0.430407
-0.580002
-0.289064
-0.314219
-0.380549
-0.401459
-0.425691
-0.563337
-0.283182
-0.310484
-0.374018
-0.394911
-0.420935
-0.547388
-0.277592
-0.306697
-0.367628
-0.388541
-0.416135
-0.5321
-0.272265
-0.302866
-0.361368
-0.382331
-0.4113
-0.51743
-0.267181
-0.298998
-0.355228
-0.376252
-0.406433
-0.503341
-0.262305
-0.295113
-0.349202
-0.370284
-0.401532
-0.489802
-0.2576
-0.291226
-0.343285
-0.364417
-0.396596
-0.476787
-0.253079
-0.287315
-0.337464
-0.358639
-0.391619
-0.464273
-0.24874
-0.283385
-0.331725
-0.35294
-0.386593
-0.452243
-0.244596
-0.279403
-0.326079
-0.347306
-0.381508
-0.440683
-0.240616
-0.275355
-0.320537
-0.341727
-0.376359
-0.429578
-0.236733
-0.271304
-0.315092
-0.336198
-0.371137
-0.418915
-0.232946
-0.267243
-0.30974
-0.330714
-0.365834
-0.408674
-0.229242
-0.263172
-0.304477
-0.325275
-0.360453
-0.398851
-0.225612
-0.259091
-0.299233
-0.319943
-0.355002
-0.389425
-0.222051
-0.255002
-0.294088
-0.314632
-0.349494
-0.380368
-0.218552
-0.250903
-0.289033
-0.309348
-0.34395
-0.371641
-0.215108
-0.246799
-0.284061
-0.304091
-0.338401
-0.363222
-0.211711
-0.242694
-0.279168
-0.298864
-0.332859
-0.355107
-0.208353
-0.238594
-0.274348
-0.293669
-0.327338
-0.34728
-0.205026
-0.234499
-0.26959
-0.288503
-0.321842
-0.33973
-0.201724
-0.230406
-0.264885
-0.283366
-0.316378
-0.332439
-0.198443
-0.226323
-0.260233
-0.278261
-0.310951
-0.325376
-0.19518
-0.222265
-0.255641
-0.273199
-0.305567
-0.318509
-0.191928
-0.218235
-0.251103
-0.268178
-0.300225
-0.31181
-0.18868
-0.214219
-0.246601
-0.263188
-0.294917
-0.30526
-0.185423
-0.210197
-0.242115
-0.258218
-0.289639
-0.298843
-0.182146
-0.206157
-0.23764
-0.253268
-0.284392
-0.292547
-0.178858
-0.202111
-0.233186
-0.248352
-0.279174
-0.286365
-0.169113
-0.189978
-0.219643
-0.233213
-0.262779
-0.266867
-0.153271
-0.170654
-0.197863
-0.208554
-0.236344
-0.236428
-0.137401
-0.151707
-0.176503
-0.184664
-0.210711
-0.207846
-0.121538
-0.133194
-0.155464
-0.161495
-0.185584
-0.180696
-0.105653
-0.115067
-0.134632
-0.138962
-0.160106
-0.155334
-0.0897577
-0.0972855
-0.113963
-0.116986
-0.135078
-0.130595
-0.0738759
-0.0798122
-0.0934394
-0.0954876
-0.110308
-0.106477
-0.058028
-0.0626014
-0.0730446
-0.074363
-0.0857099
-0.0824488
-0.0422161
-0.0455764
-0.0527383
-0.0534952
-0.0612121
-0.0585605
-0.0265282
-0.0287411
-0.0325802
-0.0328208
-0.0368368
-0.0347923
-49.4179
-95.4393
-93.0733
-94.9134
-49.4314
-95.4496
-93.0731
-94.9077
-49.4432
-95.4598
-93.0736
-94.9013
-49.4553
-95.4708
-93.0748
-94.8953
-49.4669
-95.4817
-93.0761
-94.8886
-49.4786
-95.4931
-93.078
-94.8821
-49.4899
-95.5047
-93.0801
-94.8753
-49.5012
-95.5166
-93.0828
-94.8683
-49.5121
-95.5287
-93.0856
-94.8612
-49.523
-95.5412
-93.0891
-94.8538
-49.5336
-95.5539
-93.0927
-94.8463
-49.5443
-95.5668
-93.097
-94.8386
-49.5543
-95.5801
-93.1012
-94.8307
-49.5648
-95.5937
-93.1064
-94.8227
-49.5789
-95.6144
-93.1137
-94.8103
-49.5998
-95.6429
-93.1268
-94.793
-49.6159
-95.6735
-93.1389
-94.7751
-49.6372
-95.7031
-93.1558
-94.7564
-49.6494
-95.7374
-93.1703
-94.7366
-49.6728
-95.7676
-93.1909
-94.7176
-49.6785
-95.806
-93.2076
-94.6936
-49.8333
-95.9713
-93.365
-94.611
-49.126
-96.7519
-93.7012
-93.9007
-50.5307
-97.1793
-94.616
-94.0849
-48.2747
-98.6194
-95.0766
-92.5665
-50.9443
-99.0712
-96.9146
-93.4165
-46.8855
-101.37
-97.1123
-89.2297
-51.1709
-101.548
-29.2511
535.342
-44.3552
-9.9807
636.666
348.727
274.5
616.961
258.453
0.129029
587.577
147.89
-0.800659
-1.59512
64.6116
0.0351748
-1.48933
-1.75561
0.483446
-0.242554
-1.48464
-1.69793
-0.0876174
-0.218844
-1.33397
-1.61147
-0.130785
-0.277678
-1.31903
-1.48883
-0.160079
-0.314292
-1.22188
-1.38182
-0.186108
-0.350997
-1.18474
-1.27098
-0.21054
-0.374959
-1.1139
-1.18702
-0.232394
-0.400462
-1.06229
-1.0947
-0.251718
-0.417564
-1.0076
-1.02515
-0.268943
-0.433993
-0.959315
-0.950594
-0.283992
-0.445738
-0.912532
-0.891506
-0.297167
-0.455415
-0.868785
-0.832663
-0.308599
-0.462605
-0.82783
-0.781594
-0.318517
-0.467601
-0.789507
-0.734742
-0.327023
-0.470796
-0.753709
-0.692313
-0.334299
-0.472353
-0.720314
-0.65382
-0.340428
-0.472472
-0.689194
-0.618882
-0.345532
-0.471322
-0.660239
-0.587147
-0.349698
-0.469047
-0.633325
-0.558306
-0.35301
-0.465803
-0.608353
-0.532073
-0.355559
-0.461706
-0.58521
-0.50819
-0.357418
-0.456876
-0.56375
-0.486427
-0.358662
-0.451431
-0.543873
-0.466548
-0.359346
-0.445455
-0.525503
-0.448354
-0.359525
-0.439043
-0.50851
-0.43164
-0.359245
-0.432287
-0.492778
-0.416249
-0.358557
-0.425274
-0.478194
-0.402138
-0.357504
-0.418082
-0.464649
-0.389234
-0.356127
-0.410771
-0.45205
-0.377426
-0.354448
-0.403386
-0.440315
-0.366608
-0.352505
-0.395958
-0.429365
-0.356685
-0.350327
-0.388537
-0.419129
-0.347567
-0.347921
-0.381149
-0.409544
-0.339174
-0.345304
-0.373817
-0.400554
-0.331426
-0.34247
-0.366563
-0.3921
-0.32426
-0.339419
-0.359407
-0.384122
-0.317617
-0.336137
-0.352373
-0.376576
-0.311442
-0.332606
-0.345485
-0.369428
-0.305676
-0.328844
-0.338745
-0.362638
-0.300271
-0.324904
-0.332136
-0.356168
-0.29519
-0.320832
-0.325652
-0.349986
-0.290397
-0.316656
-0.319285
-0.344064
-0.285852
-0.312392
-0.313031
-0.338371
-0.281522
-0.308056
-0.306892
-0.332878
-0.277384
-0.303667
-0.300877
-0.327567
-0.273428
-0.299233
-0.294973
-0.322431
-0.269638
-0.284633
-0.275781
-0.305678
-0.257432
-0.259098
-0.245786
-0.279537
-0.236812
-0.233107
-0.217612
-0.253819
-0.215852
-0.206696
-0.190628
-0.227374
-0.193921
-0.179817
-0.164378
-0.19962
-0.170693
-0.152397
-0.138515
-0.17037
-0.146086
-0.124345
-0.112825
-0.139689
-0.120185
-0.0961903
-0.0871681
-0.107803
-0.093185
-0.067825
-0.0615264
-0.0749931
-0.0654011
-0.0393315
-0.0359034
-0.0416348
-0.0371456
-65.9157
-140.461
-130.747
-214.749
-196.443
-156.033
740.875
1016.12
1040.94
982.748
885.398
695.289
-65.9248
-140.475
-130.762
-214.763
-196.448
-158.367
597.354
1213.47
397.356
178.784
114.437
82.4237
-65.9325
-140.487
-130.776
-214.779
-196.397
-145.938
753.316
725.413
262.633
112.288
57.0722
35.0885
-65.9402
-140.5
-130.791
-214.797
-196.107
-95.247
872.979
1143.46
819.683
392.313
210.899
73.5984
-65.9473
-140.512
-130.806
-214.821
-196.472
-54.6558
703.616
1584.73
1121.66
503.598
278.049
183.204
-65.9542
-140.525
-130.821
-214.848
-196.55
-122.673
618.778
647.358
90.6511
6.92505
12.6197
17.0837
-65.9606
-140.537
-130.836
-214.874
-196.618
-149.457
740.684
515.99
63.6157
7.99066
12.6879
4.40073
-65.9667
-140.55
-130.851
-214.905
-196.497
-86.7748
937.586
485.667
61.2818
7.35856
13.1138
3.45408
-65.9725
-140.562
-130.866
-214.936
-196.355
-40.2146
699.103
702.131
69.8784
34.7194
31.1385
5.16882
-65.9778
-140.574
-130.881
-214.969
-192.687
-83.9094
637.086
1223.72
320.566
81.0805
42.3879
11.21
-65.9829
-140.586
-130.896
-215.003
-189.788
-76.4861
645.996
1857.54
990.189
121.207
6.52196
1.67745
-65.9875
-140.598
-130.911
-215.046
-167.823
58.3173
691.02
2125.38
1614.95
21.2023
5.43478
-2.63929
-65.9918
-140.61
-130.927
-215.089
-182.466
13.7249
714.545
2124.53
307.65
3.55908
5.31289
3.62961
-65.9958
-140.622
-130.942
-215.133
-192.572
-42.7275
719.181
1843.57
259.033
1.41592
5.10474
7.23945
-66.0012
-140.639
-130.965
-215.204
-195.494
-89.2234
719.146
1070.25
103.238
0.858573
4.88217
7.14513
-66.007
-140.662
-130.995
-215.308
-196.011
-111.098
704.995
406.935
7.55853
0.464564
4.81246
6.09691
-66.0104
-140.685
-131.025
-215.422
-196.329
-109.448
672.001
218.855
0.685825
-0.146127
4.47482
-2.01589
-66.016
-140.708
-131.056
-215.553
-196.749
-106.672
606.486
77.0526
-2.29956
-0.26597
4.2728
-6.57459
-66.0125
-140.73
-131.087
-215.699
-196.973
-73.6895
517.622
23.4088
-3.05975
-0.38688
4.18663
-6.91103
-66.0185
-140.753
-131.117
-215.854
-197.089
13.1881
415.624
3.59291
-2.98522
-0.395281
4.11597
-6.94646
-66.01
-140.772
-131.148
-216.024
-196.767
148.394
314.794
0.101254
-2.93676
-0.239315
4.2479
-7.31934
-66.3737
-140.87
-131.264
-216.699
-61.6677
553.613
201.72
-1.18822
-3.21485
-0.549395
4.19159
-7.71726
-64.764
-140.947
-131.624
-165.518
550.303
192.062
-2.23267
-0.693793
-2.90212
1.17523
5.29445
-7.13485
-66.3865
-141.315
-107.98
488.392
262.303
-4.39843
-1.77074
-1.54816
-3.78709
-1.01207
3.62664
-8.02586
-62.992
-113.587
478.543
300.821
-2.40961
-3.56353
-2.17861
-2.24782
-3.71301
0.662063
4.98831
-8.92465
-43.4352
458.075
369.961
-0.498824
-1.39528
-3.64761
-2.41765
-2.20471
-3.95257
-0.839048
4.10726
-9.73608
493.664
398.388
1.50068
0.733068
-1.56439
-3.66718
-2.39377
-2.34916
-3.46642
0.192013
4.13574
-10.2401
422.509
1.14096
2.80449
0.588225
-1.60528
-3.56773
-2.38864
-2.28823
-3.70257
-0.720272
3.77719
-10.4853
6.77438
1.93222
2.42968
0.526105
-1.56254
-3.44654
-2.34416
-2.28216
-3.27046
-0.350465
3.39371
-10.6379
-0.933457
2.10052
2.36481
0.454354
-1.52106
-3.31408
-2.30243
-2.26893
-3.2995
-0.750979
3.04654
-10.7307
-0.632329
2.02963
2.17706
0.384465
-1.47566
-3.18519
-2.26119
-2.25583
-3.15966
-0.71621
2.65971
-10.8469
-0.544489
1.93319
2.01451
0.321279
-1.43522
-3.06353
-2.22216
-2.24159
-3.05443
-0.980279
2.27652
-10.936
-0.39134
1.81387
1.84572
0.262604
-1.39832
-2.94917
-2.18484
-2.22701
-2.9618
-1.02615
1.88889
-10.9565
-0.427158
1.67882
1.6871
0.207955
-1.36496
-2.84123
-2.14907
-2.21212
-2.87447
-1.15511
1.53078
-10.9153
-0.35441
1.5589
1.53959
0.157368
-1.33468
-2.73952
-2.11484
-2.19709
-2.79609
-1.26098
1.22937
-10.8366
-0.353529
1.44511
1.40176
0.11023
-1.30734
-2.64362
-2.0821
-2.18171
-2.72451
-1.36609
0.929678
-10.7574
-0.323442
1.33784
1.27346
0.0663786
-1.2823
-2.5531
-2.05082
-2.16607
-2.65983
-1.46539
0.670322
-10.7477
-0.306024
1.23662
1.15355
0.0253432
-1.25939
-2.46745
-2.02084
-2.15023
-2.60097
-1.55988
0.424456
-10.7681
-0.290397
1.14123
1.04184
-0.0130154
-1.2384
-2.38655
-1.99211
-2.13422
-2.54754
-1.6493
0.185894
-10.82
-0.277424
1.05133
0.937605
-0.0489181
-1.21916
-2.31
-1.96457
-2.11807
-2.49904
-1.73331
-0.0313516
-10.8365
-0.26676
0.966637
0.840406
-0.0825217
-1.20148
-2.23752
-1.93813
-2.10176
-2.45496
-1.81183
-0.230714
-10.6977
-0.258173
0.886842
0.749691
-0.113979
-1.18523
-2.16881
-1.91274
-2.0853
-2.41485
-1.88478
-0.418179
-10.3949
-0.251431
0.811695
0.665042
-0.143427
-1.17026
-2.10364
-1.88833
-2.06869
-2.37828
-1.95175
-0.590833
-10.0577
-0.246255
0.740937
0.586051
-0.170997
-1.15643
-2.04177
-1.86484
-2.05194
-2.34484
-2.01261
-0.746145
-9.7322
-0.242467
0.67433
0.512344
-0.196809
-1.14362
-1.98299
-1.8422
-2.03505
-2.31419
-2.06758
-0.89445
-9.42139
-0.239871
0.611641
0.443571
-0.220977
-1.13171
-1.92709
-1.82036
-2.01802
-2.28598
-2.11702
-1.03487
-9.1253
-0.238318
0.552651
0.379408
-0.243603
-1.12058
-1.87389
-1.79925
-2.00085
-2.2599
-2.16109
-1.16646
-8.83964
-0.237668
0.497154
0.319554
-0.264785
-1.11012
-1.82324
-1.7788
-1.98356
-2.23566
-2.20001
-1.28774
-8.55709
-0.237801
0.444959
0.263727
-0.284612
-1.10022
-1.77499
-1.75896
-1.96615
-2.21299
-2.2342
-1.40098
-8.26815
-0.238606
0.395881
0.211666
-0.303163
-1.09075
-1.72903
-1.73968
-1.94862
-2.19161
-2.26385
-1.5061
-7.98455
-0.239987
0.349747
0.163124
-0.320512
-1.08159
-1.68526
-1.72089
-1.93096
-2.1713
-2.28929
-1.60289
-7.71377
-0.241857
0.306396
0.117869
-0.33672
-1.07263
-1.6436
-1.70247
-1.91326
-2.15178
-2.31078
-1.69189
-7.45656
-0.244144
0.265673
0.075673
-0.35183
-1.06375
-1.60399
-1.68438
-1.89554
-2.13287
-2.3286
-1.77301
-7.21567
-0.246784
0.22743
0.0363126
-0.365868
-1.05485
-1.56635
-1.66656
-1.87777
-2.11442
-2.34296
-1.84643
-6.98846
-0.249728
0.191526
-0.00039781
-0.378879
-1.0459
-1.53055
-1.64899
-1.85995
-2.09638
-2.35402
-1.91241
-6.77134
-0.252942
0.157842
-0.0346223
-0.390908
-1.03692
-1.49644
-1.63164
-1.84207
-2.07871
-2.36193
-1.97127
-6.56247
-0.256367
0.126261
-0.0665388
-0.401995
-1.02794
-1.46386
-1.6145
-1.82409
-2.06142
-2.36682
-2.02332
-6.36122
-0.2599
0.0966732
-0.0962874
-0.412181
-1.01899
-1.43267
-1.59757
-1.80597
-2.04451
-2.36884
-2.06884
-6.16724
-0.263448
0.0689801
-0.124
-0.421502
-1.01006
-1.40277
-1.5808
-1.78772
-2.02803
-2.36865
-2.1078
-5.98017
-0.266967
0.0430759
-0.1498
-0.429991
-1.00116
-1.37406
-1.56421
-1.76931
-2.01193
-2.36497
-2.14193
-5.79967
-0.270423
0.0188637
-0.173805
-0.437677
-0.992263
-1.34651
-1.54776
-1.75071
-1.99623
-2.35811
-2.17131
-5.62543
-0.273788
-0.00374865
-0.196124
-0.444588
-0.983378
-1.32009
-1.53139
-1.73185
-1.98094
-2.34825
-2.19618
-5.45718
-0.277035
-0.0248472
-0.21686
-0.45075
-0.974493
-1.29475
-1.51496
-1.71288
-1.96586
-2.33567
-2.21677
-5.29463
-0.280146
-0.0445127
-0.236109
-0.456187
-0.965598
-1.27036
-1.4985
-1.6938
-1.95081
-2.3207
-2.23334
-5.13752
-0.283101
-0.0628222
-0.253959
-0.460921
-0.956686
-1.24684
-1.48202
-1.67461
-1.93559
-2.30363
-2.24612
-4.98561
-0.285887
-0.0798467
-0.270497
-0.464971
-0.947748
-1.22412
-1.4655
-1.65531
-1.92005
-2.28475
-2.25537
-4.83868
-0.288489
-0.0956527
-0.285807
-0.468356
-0.938766
-1.20212
-1.44896
-1.63589
-1.90408
-2.26427
-2.26131
-4.69653
-0.290899
-0.110305
-0.299974
-0.47109
-0.929726
-1.18081
-1.43237
-1.61637
-1.88761
-2.24238
-2.26417
-4.55895
-0.293106
-0.123862
-0.313073
-0.473186
-0.920616
-1.16012
-1.41573
-1.59675
-1.87062
-2.2192
-2.26417
-4.42575
-0.295105
-0.136379
-0.325177
-0.474651
-0.911426
-1.14001
-1.39904
-1.57703
-1.85312
-2.19482
-2.26146
-4.29675
-0.296887
-0.147911
-0.33637
-0.475486
-0.902146
-1.12043
-1.38228
-1.55722
-1.83513
-2.16933
-2.2562
-4.17177
-0.298448
-0.158509
-0.346755
-0.475674
-0.892771
-1.10134
-1.36545
-1.53733
-1.81668
-2.14284
-2.24871
-4.0507
-0.299784
-0.168217
-0.356668
-0.474952
-0.883293
-1.08271
-1.34854
-1.51737
-1.79778
-2.11545
-2.23922
-3.9335
-0.300898
-0.177066
-0.365244
-0.474229
-0.873702
-1.06451
-1.33154
-1.49734
-1.77843
-2.08716
-2.22767
-3.82009
-0.301783
-0.185087
-0.372724
-0.473341
-0.863993
-1.0467
-1.31444
-1.47725
-1.75868
-2.05811
-2.21374
-3.70993
-0.302432
-0.192321
-0.379217
-0.472247
-0.854171
-1.02925
-1.29725
-1.4571
-1.73849
-2.02843
-2.19777
-3.60182
-0.302869
-0.198808
-0.384803
-0.470927
-0.84423
-1.01213
-1.27993
-1.43688
-1.71778
-1.99793
-2.18069
-3.49557
-0.303429
-0.219071
-0.40198
-0.465602
-0.807426
-0.94908
-1.21329
-1.3577
-1.63352
-1.87097
-2.10548
-3.05749
-0.297456
-0.229239
-0.408909
-0.44515
-0.737964
-0.848017
-1.0914
-1.21761
-1.46877
-1.65251
-1.89336
-2.47373
-0.283402
-0.227901
-0.394873
-0.415459
-0.663556
-0.751493
-0.966019
-1.07743
-1.29512
-1.44046
-1.65056
-1.98894
-0.262371
-0.216911
-0.366244
-0.37795
-0.584787
-0.656612
-0.838135
-0.937048
-1.11675
-1.23266
-1.4012
-1.59488
-0.235315
-0.198318
-0.327026
-0.333849
-0.502508
-0.561539
-0.709216
-0.796248
-0.937662
-1.03015
-1.15601
-1.25872
-0.203302
-0.173773
-0.280168
-0.28428
-0.41761
-0.46541
-0.580518
-0.654477
-0.760495
-0.833901
-0.921529
-0.969133
-0.167398
-0.144633
-0.227858
-0.230321
-0.33086
-0.367842
-0.452974
-0.511982
-0.587046
-0.642936
-0.700852
-0.730185
-0.128574
-0.112068
-0.171777
-0.172999
-0.242894
-0.268955
-0.326809
-0.369048
-0.417972
-0.45583
-0.490985
-0.502012
-0.0876916
-0.0771771
-0.113259
-0.113338
-0.154199
-0.169127
-0.201846
-0.226133
-0.252352
-0.272394
-0.290299
-0.293092
-0.0457052
-0.040938
-0.0534043
-0.0523241
-0.0652077
-0.0688439
-0.0777929
-0.0836842
-0.0892256
-0.0926557
-0.0959459
-0.0953544
416.872
67.5648
-7.23439
-5.61163
4.48447
6.64002
5.71179
4.65941
3.77143
3.05506
2.49184
2.04371
1.68263
1.38802
1.14594
0.945667
0.779465
0.641619
0.52692
0.432026
0.353319
0.288218
0.234516
0.19023
0.153906
0.124116
0.0997837
0.0800066
0.0639157
0.0509362
0.0404571
0.0320286
0.0252737
0.0198613
0.0155447
0.0121137
0.00939793
0.00725924
0.00558248
0.0042744
0.00325768
0.00247652
115.919
109.295
0.353723
-5.60813
4.48697
6.64032
5.71139
4.65901
3.7711
3.0548
2.49163
2.04355
1.6825
1.38791
1.14585
0.945592
0.779402
0.641567
0.526876
0.43199
0.353289
0.288193
0.234496
0.190213
0.153892
0.124105
0.0997745
0.0799991
0.0639096
0.0509313
0.0404532
0.0320254
0.0252711
0.0198593
0.015543
0.0121123
0.00939685
0.00725838
0.00558179
0.00427385
0.00325724
0.00247616
42.112
73.8979
12.1095
-5.60777
4.48947
6.64068
5.711
4.6586
3.77076
3.05453
2.49141
2.04338
1.68236
1.38779
1.14575
0.945515
0.779339
0.641514
0.526833
0.431953
0.353259
0.288168
0.234475
0.190196
0.153878
0.124093
0.0997651
0.0799914
0.0639033
0.0509262
0.040449
0.032022
0.0252683
0.019857
0.0155412
0.0121108
0.00939563
0.00725738
0.00558096
0.00427315
0.00325665
0.00247566
27.7379
42.8071
4.65952
-5.5972
4.49195
6.6411
5.71061
4.65819
3.77042
3.05425
2.4912
2.04321
1.68222
1.38768
1.14566
0.945438
0.779274
0.641461
0.526788
0.431917
0.353229
0.288143
0.234455
0.190179
0.153864
0.124082
0.0997557
0.0799837
0.0638971
0.0509211
0.0404449
0.0320187
0.0252656
0.0198548
0.0155394
0.0121094
0.00939445
0.00725642
0.00558017
0.00427251
0.00325612
0.00247521
38.8669
18.8199
-3.73199
-5.60198
4.49444
6.64157
5.71023
4.65778
3.77007
3.05398
2.49098
2.04303
1.68208
1.38757
1.14557
0.94536
0.77921
0.641407
0.526744
0.43188
0.353198
0.288118
0.234434
0.190162
0.15385
0.12407
0.0997463
0.079976
0.0638909
0.050916
0.0404408
0.0320154
0.025263
0.0198527
0.0155377
0.012108
0.00939336
0.00725555
0.00557948
0.00427196
0.00325568
0.00247486
33.5381
11.0427
-7.27861
-5.60797
4.49688
6.64209
5.70986
4.65737
3.76972
3.0537
2.49076
2.04286
1.68194
1.38745
1.14547
0.945282
0.779145
0.641354
0.526699
0.431843
0.353168
0.288092
0.234413
0.190144
0.153836
0.124059
0.0997368
0.0799684
0.0638846
0.050911
0.0404368
0.0320121
0.0252603
0.0198506
0.015536
0.0121067
0.00939231
0.00725471
0.00557883
0.00427144
0.00325528
0.00247455
30.7616
6.79566
-7.46136
-5.60976
4.49929
6.64267
5.70949
4.65695
3.76936
3.05342
2.49054
2.04268
1.6818
1.38734
1.14538
0.945203
0.77908
0.641299
0.526654
0.431805
0.353137
0.288067
0.234392
0.190127
0.153822
0.124047
0.0997273
0.0799606
0.0638784
0.0509059
0.0404327
0.0320089
0.0252577
0.0198485
0.0155343
0.0121053
0.00939125
0.00725388
0.00557818
0.00427094
0.00325489
0.00247424
26.6298
2.84961
-7.48159
-5.61204
4.50167
6.64331
5.70913
4.65653
3.769
3.05313
2.49032
2.04251
1.68166
1.38722
1.14528
0.945124
0.779014
0.641245
0.526609
0.431768
0.353106
0.288041
0.234371
0.19011
0.153807
0.124035
0.0997177
0.0799528
0.063872
0.0509008
0.0404286
0.0320055
0.025255
0.0198464
0.0155326
0.012104
0.00939018
0.00725305
0.00557752
0.00427043
0.00325449
0.00247394
25.7114
4.558
-7.48654
-5.61471
4.50406
6.64399
5.70877
4.65611
3.76863
3.05284
2.49009
2.04233
1.68151
1.3871
1.14518
0.945044
0.778947
0.64119
0.526563
0.43173
0.353074
0.288015
0.234349
0.190092
0.153793
0.124024
0.099708
0.079945
0.0638657
0.0508956
0.0404244
0.0320022
0.0252524
0.0198442
0.0155309
0.0121026
0.00938911
0.0072522
0.00557686
0.00426991
0.00325409
0.00247363
25.5496
28.8309
-7.26276
-5.61758
4.50644
6.64474
5.70842
4.65569
3.76826
3.05255
2.48986
2.04214
1.68136
1.38698
1.14509
0.944963
0.77888
0.641134
0.526517
0.431692
0.353043
0.287989
0.234328
0.190074
0.153778
0.124012
0.0996983
0.079937
0.0638593
0.0508904
0.0404202
0.0319988
0.0252496
0.019842
0.0155292
0.0121012
0.00938803
0.00725135
0.00557619
0.00426939
0.00325369
0.00247332
18.0934
30.8843
-7.01437
-5.62066
4.50875
6.64553
5.70808
4.65526
3.76789
3.05226
2.48963
2.04196
1.68122
1.38686
1.14499
0.944882
0.778813
0.641078
0.526471
0.431653
0.353011
0.287963
0.234306
0.190056
0.153764
0.124
0.0996885
0.0799291
0.0638528
0.0508852
0.040416
0.0319954
0.0252469
0.0198399
0.0155274
0.0120999
0.00938693
0.00725049
0.00557552
0.00426886
0.00325328
0.002473
9.47822
17.5663
-7.24802
-5.62408
4.51105
6.64639
5.70774
4.65482
3.76751
3.05196
2.4894
2.04178
1.68107
1.38674
1.14489
0.9448
0.778745
0.641022
0.526425
0.431615
0.352979
0.287936
0.234284
0.190038
0.153749
0.123988
0.0996786
0.079921
0.0638463
0.0508799
0.0404118
0.031992
0.0252442
0.0198377
0.0155257
0.0120985
0.00938583
0.00724962
0.00557484
0.00426833
0.00325287
0.00247268
5.74756
6.16985
-7.42451
-5.62777
4.51339
6.64729
5.70741
4.65439
3.76713
3.05166
2.48916
2.04159
1.68092
1.38662
1.14479
0.944718
0.778677
0.640965
0.526378
0.431576
0.352947
0.28791
0.234262
0.19002
0.153734
0.123975
0.0996686
0.0799129
0.0638397
0.0508746
0.0404075
0.0319886
0.0252414
0.0198354
0.0155239
0.0120971
0.00938472
0.00724874
0.00557415
0.0042678
0.00325246
0.00247236
4.09697
0.849805
-7.4906
-5.63167
4.51569
6.64825
5.70708
4.65395
3.76674
3.05135
2.48893
2.0414
1.68077
1.3865
1.14469
0.944635
0.778608
0.640908
0.52633
0.431536
0.352914
0.287883
0.23424
0.190002
0.153719
0.123963
0.0996586
0.0799047
0.0638331
0.0508692
0.0404032
0.0319851
0.0252386
0.0198332
0.0155221
0.0120956
0.00938359
0.00724786
0.00557346
0.00426726
0.00325204
0.00247204
-0.35686
-1.63104
-7.51198
-5.63793
4.51904
6.64977
5.7066
4.65329
3.76615
3.05089
2.48857
2.04112
1.68054
1.38631
1.14454
0.944509
0.778504
0.640822
0.526259
0.431477
0.352865
0.287842
0.234206
0.189974
0.153696
0.123944
0.0996434
0.0798924
0.0638231
0.0508611
0.0403966
0.0319798
0.0252344
0.0198298
0.0155194
0.0120935
0.00938189
0.00724652
0.00557241
0.00426644
0.00325141
0.00247155
7.86805
-1.96661
-7.533
-5.64777
4.52346
6.65202
5.70598
4.65239
3.76534
3.05026
2.48808
2.04073
1.68023
1.38606
1.14433
0.944339
0.778363
0.640705
0.526162
0.431397
0.352799
0.287787
0.234161
0.189937
0.153666
0.123919
0.0996229
0.0798756
0.0638095
0.0508501
0.0403878
0.0319727
0.0252286
0.0198252
0.0155157
0.0120906
0.00937959
0.00724471
0.00557099
0.00426533
0.00325055
0.00247089
3.20268
-1.79582
-7.55232
-5.65926
4.52792
6.6545
5.70539
4.65148
3.76452
3.04962
2.48758
2.04034
1.67992
1.38581
1.14412
0.944167
0.77822
0.640587
0.526064
0.431315
0.352732
0.287731
0.234115
0.189899
0.153634
0.123894
0.099602
0.0798587
0.0637958
0.050839
0.0403788
0.0319655
0.0252228
0.0198205
0.015512
0.0120876
0.00937725
0.00724287
0.00556955
0.0042642
0.00324967
0.00247021
-4.16853
-1.82697
-7.5739
-5.67214
4.53219
6.6572
5.70481
4.65056
3.76368
3.04897
2.48707
2.03994
1.6796
1.38555
1.14391
0.943993
0.778076
0.640467
0.525965
0.431233
0.352663
0.287675
0.234069
0.189861
0.153603
0.123868
0.0995809
0.0798414
0.0637818
0.0508277
0.0403697
0.0319581
0.0252169
0.0198158
0.0155082
0.0120846
0.00937487
0.00724099
0.00556808
0.00426306
0.00324878
0.00246952
-3.77293
-1.80203
-7.59745
-5.6863
4.53614
6.66011
5.70425
4.64962
3.76282
3.0483
2.48656
2.03954
1.67928
1.38529
1.14369
0.943816
0.777929
0.640345
0.525864
0.43115
0.352594
0.287618
0.234021
0.189822
0.153571
0.123842
0.0995594
0.079824
0.0637676
0.0508162
0.0403604
0.0319506
0.0252109
0.019811
0.0155044
0.0120815
0.00937245
0.00723909
0.00556658
0.00426189
0.00324788
0.00246882
9.80805
-1.39517
-7.62346
-5.70155
4.53997
6.66324
5.70373
4.64868
3.76195
3.04762
2.48603
2.03913
1.67895
1.38502
1.14348
0.943636
0.777781
0.640222
0.525762
0.431065
0.352524
0.28756
0.233973
0.189782
0.153538
0.123815
0.0995377
0.0798063
0.0637533
0.0508045
0.040351
0.031943
0.0252048
0.0198061
0.0155005
0.0120784
0.00936999
0.00723715
0.00556506
0.0042607
0.00324696
0.00246811
11.1211
-0.822336
-7.64967
-5.71809
4.54393
6.66659
5.70323
4.64773
3.76106
3.04693
2.4855
2.03871
1.67861
1.38475
1.14326
0.943455
0.77763
0.640098
0.525658
0.430979
0.352453
0.287501
0.233925
0.189742
0.153505
0.123788
0.0995156
0.0797883
0.0637387
0.0507927
0.0403414
0.0319354
0.0251986
0.0198011
0.0154965
0.0120753
0.00936749
0.00723519
0.00556352
0.0042595
0.00324602
0.00246739
8.17482
4.65766
-7.7923
-5.81286
4.54796
6.68038
5.70342
4.64591
3.75928
3.04574
2.48472
2.0382
1.67829
1.38455
1.14315
0.943408
0.777626
0.640124
0.525706
0.431041
0.352523
0.287575
0.234001
0.189817
0.153578
0.123858
0.0995812
0.0798495
0.0637953
0.0508449
0.0403893
0.0319793
0.025239
0.0198383
0.0155309
0.0121074
0.00939778
0.00726431
0.00559244
0.0042898
0.00328111
0.00251849
-8.97692
-1.0793
-8.14722
-6.02735
4.57192
6.71022
5.7019
4.63815
3.75193
3.04032
2.48071
2.03519
1.67599
1.38277
1.14175
0.942298
0.776745
0.639424
0.52515
0.430599
0.352175
0.2873
0.233785
0.189649
0.153447
0.123756
0.0995032
0.07979
0.0637503
0.0508111
0.0403642
0.0319607
0.0252254
0.0198285
0.015524
0.0121025
0.00939449
0.00726215
0.00559107
0.00428899
0.00328069
0.00251831
-11.8239
-4.8236
-8.50159
-6.18228
4.59105
6.75207
5.7022
4.62964
3.7436
3.03427
2.47629
2.03189
1.67349
1.38084
1.14024
0.941111
0.775804
0.638679
0.52456
0.430133
0.351806
0.287011
0.233558
0.189471
0.153309
0.12365
0.0994219
0.079728
0.0637036
0.050776
0.0403381
0.0319415
0.0252114
0.0198185
0.0155168
0.0120976
0.00939114
0.00725995
0.00558969
0.00428818
0.00328025
0.00251813
-12.6168
-5.68257
-8.64211
-6.17357
4.64121
6.80067
5.7023
4.62015
3.73439
3.02763
2.47147
2.02834
1.6708
1.37878
1.13863
0.93985
0.774808
0.637891
0.523938
0.429641
0.35142
0.286707
0.23332
0.189286
0.153166
0.12354
0.0993372
0.0796637
0.0636552
0.0507397
0.0403112
0.0319217
0.025197
0.0198081
0.0155095
0.0120925
0.00938773
0.00725772
0.00558829
0.00428736
0.00327982
0.00251795
-13.1352
-6.35392
-8.28776
-5.89336
4.73705
6.86284
5.69972
4.60948
3.72427
3.02041
2.46627
2.02451
1.66793
1.37658
1.13693
0.938515
0.773755
0.637061
0.523283
0.429124
0.351013
0.286388
0.233071
0.189093
0.153016
0.123425
0.0992492
0.0795969
0.063605
0.0507021
0.0402834
0.0319014
0.0251822
0.0197975
0.0155021
0.0120874
0.00938426
0.00725545
0.00558688
0.00428653
0.00327939
0.00251777
-13.6005
-6.72606
-7.17542
-5.47248
4.87864
6.93955
5.69833
4.59748
3.71333
3.0126
2.46067
2.02042
1.66487
1.37425
1.13512
0.937104
0.772646
0.636186
0.522595
0.428582
0.350588
0.286055
0.232811
0.188891
0.15286
0.123305
0.0991579
0.0795277
0.063553
0.0506633
0.0402548
0.0318804
0.0251669
0.0197867
0.0154944
0.0120821
0.00938072
0.00725315
0.00558544
0.00428569
0.00327895
0.00251758
-12.2848
-4.66837
-6.07986
-5.39612
5.06156
7.03076
5.69792
4.58432
3.70155
3.0042
2.45468
2.01607
1.66163
1.37178
1.13322
0.93562
0.77148
0.635269
0.521874
0.428015
0.350144
0.285707
0.23254
0.188681
0.152698
0.123181
0.0990632
0.079456
0.0634994
0.0506233
0.0402253
0.0318588
0.0251513
0.0197755
0.0154866
0.0120767
0.00937712
0.00725082
0.00558399
0.00428485
0.0032785
0.0025174
-13.0523
-4.49775
-7.25389
-5.5737
5.29098
7.13925
5.69411
4.56985
3.6889
2.99522
2.44831
2.01145
1.6582
1.36918
1.13121
0.93406
0.770258
0.634309
0.52112
0.427423
0.34968
0.285345
0.232258
0.188463
0.152529
0.123052
0.0989653
0.079382
0.063444
0.0505821
0.0401949
0.0318367
0.0251353
0.0197641
0.0154786
0.0120713
0.00937346
0.00724845
0.00558252
0.00428399
0.00327806
0.00251721
-14.915
-4.74893
-8.39429
-5.29275
5.57412
7.21447
5.6871
4.55363
3.67536
2.98567
2.44157
2.00657
1.65458
1.36644
1.12911
0.932427
0.76898
0.633307
0.520334
0.426806
0.349198
0.284968
0.231965
0.188236
0.152355
0.122919
0.098864
0.0793056
0.0633869
0.0505396
0.0401637
0.0318139
0.0251189
0.0197525
0.0154705
0.0120657
0.00936974
0.00724604
0.00558103
0.00428313
0.00327761
0.00251702
-16.0823
-7.09903
-9.07787
-4.58544
5.82
7.26084
5.67641
4.5355
3.66093
2.97554
2.43444
2.00144
1.65079
1.36358
1.12691
0.930721
0.767646
0.632262
0.519516
0.426164
0.348697
0.284577
0.231662
0.188002
0.152175
0.122781
0.0987594
0.0792267
0.0633281
0.0504959
0.0401317
0.0317906
0.0251021
0.0197406
0.0154622
0.01206
0.00936596
0.0072436
0.00557953
0.00428226
0.00327716
0.00251684
-16.5226
-8.73619
-9.27061
-3.97776
5.88259
7.28476
5.66064
4.51561
3.64559
2.96485
2.42694
1.99605
1.64681
1.36058
1.12461
0.928941
0.766257
0.631174
0.518665
0.425497
0.348177
0.284172
0.231347
0.187759
0.151988
0.122639
0.0986515
0.0791454
0.0632676
0.050451
0.0400987
0.0317667
0.0250849
0.0197284
0.0154537
0.0120542
0.00936212
0.00724113
0.00557801
0.00428138
0.0032767
0.00251665
-16.8204
-8.79697
-8.69135
-3.52121
5.87208
7.29413
5.63969
4.49396
3.62936
2.95361
2.41908
1.99041
1.64266
1.35745
1.12222
0.927089
0.764812
0.630044
0.517782
0.424806
0.347638
0.283753
0.231022
0.187508
0.151795
0.122492
0.0985404
0.0790618
0.0632053
0.0504049
0.0400649
0.0317422
0.0250673
0.0197159
0.015445
0.0120483
0.00935821
0.00723862
0.00557647
0.0042805
0.00327625
0.00251646
-16.941
-8.78166
-8.44576
-3.30314
5.79771
7.30321
5.61737
4.47057
3.61222
2.94181
2.41086
1.98452
1.63832
1.3542
1.11973
0.925164
0.763313
0.628872
0.516867
0.42409
0.34708
0.283319
0.230686
0.187249
0.151597
0.122341
0.0984259
0.0789758
0.0631414
0.0503575
0.0400303
0.0317171
0.0250493
0.0197032
0.0154362
0.0120423
0.00935424
0.00723608
0.00557491
0.0042796
0.00327579
0.00251627
-16.6878
-8.83407
-8.39881
-3.51559
5.70618
7.29895
5.58908
4.44538
3.59419
2.92947
2.40227
1.97838
1.63381
1.35081
1.11714
0.923167
0.761759
0.627657
0.51592
0.42335
0.346504
0.282871
0.230339
0.186982
0.151392
0.122185
0.0983082
0.0788873
0.0630757
0.0503089
0.0399948
0.0316914
0.0250309
0.0196903
0.0154272
0.0120362
0.00935022
0.00723351
0.00557333
0.0042787
0.00327532
0.00251608
-16.3564
-8.57783
-8.80039
-3.68726
5.66913
7.26823
5.55138
4.41827
3.57527
2.91659
2.39334
1.972
1.62913
1.3473
1.11446
0.921098
0.76015
0.626402
0.514941
0.422585
0.345909
0.282408
0.229981
0.186707
0.151181
0.122025
0.0981872
0.0787965
0.0630083
0.0502592
0.0399585
0.0316651
0.025012
0.019677
0.0154181
0.01203
0.00934613
0.0072309
0.00557174
0.00427779
0.00327486
0.00251589
-16.1404
-8.69847
-9.12306
-3.75708
5.64547
7.20962
5.50945
4.38931
3.55547
2.90319
2.38406
1.96538
1.62428
1.34366
1.11169
0.918958
0.758487
0.625104
0.513931
0.421796
0.345295
0.281932
0.229613
0.186424
0.150964
0.12186
0.098063
0.0787033
0.0629393
0.0502082
0.0399213
0.0316383
0.0249928
0.0196635
0.0154087
0.0120237
0.00934198
0.00722825
0.00557013
0.00427687
0.00327439
0.00251569
-15.885
-9.10362
-9.31087
-3.72503
5.59993
7.1318
5.46378
4.35856
3.53481
2.88927
2.37444
1.95853
1.61925
1.33989
1.10882
0.916747
0.75677
0.623765
0.512889
0.420982
0.344663
0.281442
0.229233
0.186132
0.150741
0.121691
0.0979355
0.0786078
0.0628685
0.050156
0.0398833
0.0316108
0.0249733
0.0196498
0.0153992
0.0120173
0.00933776
0.00722557
0.0055685
0.00427595
0.00327392
0.0025155
-15.5619
-9.78737
-9.41456
-3.70543
5.53299
7.03981
5.41403
4.32604
3.51331
2.87485
2.36448
1.95143
1.61406
1.33601
1.10586
0.914465
0.754999
0.622385
0.511816
0.420144
0.344013
0.280937
0.228844
0.185833
0.150513
0.121518
0.0978047
0.0785099
0.062796
0.0501026
0.0398444
0.0315828
0.0249533
0.0196358
0.0153896
0.0120108
0.00933349
0.00722286
0.00556685
0.00427501
0.00327344
0.00251531
-15.2368
-10.2287
-9.42906
-3.71884
5.44309
6.935
5.3599
4.29184
3.49099
2.85993
2.35419
1.94411
1.6087
1.33199
1.1028
0.912114
0.753175
0.620963
0.510712
0.419283
0.343343
0.280419
0.228443
0.185526
0.150278
0.12134
0.0976708
0.0784096
0.0627219
0.050048
0.0398047
0.0315542
0.0249329
0.0196215
0.0153798
0.0120042
0.00932916
0.00722011
0.00556519
0.00427407
0.00327296
0.00251511
-14.9224
-10.5489
-9.45028
-3.74739
5.33667
6.81772
5.30151
4.25602
3.46789
2.84453
2.34358
1.93656
1.60317
1.32786
1.09966
0.909692
0.751298
0.619501
0.509576
0.418397
0.342656
0.279886
0.228032
0.185211
0.150037
0.121158
0.0975335
0.0783069
0.062646
0.0499921
0.0397641
0.031525
0.0249121
0.019607
0.0153698
0.0119975
0.00932476
0.00721733
0.00556351
0.00427312
0.00327248
0.00251491
-14.5888
-10.6763
-9.49828
-3.78199
5.22388
6.68854
5.2392
4.21867
3.44402
2.82867
2.33266
1.92878
1.59748
1.3236
1.09642
0.907201
0.749368
0.617998
0.50841
0.417487
0.34195
0.27934
0.227611
0.184888
0.14979
0.120971
0.0973931
0.0782019
0.0625685
0.0499351
0.0397227
0.0314952
0.0248909
0.0195922
0.0153596
0.0119906
0.0093203
0.00721452
0.00556181
0.00427216
0.003272
0.00251472
-14.2471
-10.5422
-9.56157
-3.82422
5.10671
6.5477
5.17342
4.17986
3.41941
2.81234
2.32142
1.92079
1.59163
1.31923
1.09309
0.904641
0.747386
0.616454
0.507213
0.416553
0.341226
0.278779
0.227179
0.184557
0.149538
0.12078
0.0972494
0.0780946
0.0624893
0.0498769
0.0396804
0.0314649
0.0248693
0.0195771
0.0153493
0.0119837
0.00931579
0.00721167
0.00556009
0.0042712
0.00327151
0.00251452
-13.9221
-10.4001
-9.63155
-3.86251
4.98724
6.3949
5.10466
4.13968
3.3941
2.79558
2.30988
1.91258
1.58562
1.31474
1.08968
0.902013
0.745351
0.61487
0.505986
0.415596
0.340484
0.278205
0.226736
0.184218
0.149279
0.120584
0.0971026
0.0779849
0.0624084
0.0498175
0.0396373
0.031434
0.0248474
0.0195618
0.0153388
0.0119767
0.00931121
0.00720878
0.00555836
0.00427022
0.00327102
0.00251432
-13.597
-10.2862
-9.75613
-3.89072
4.8657
6.23159
5.03345
4.09822
3.36813
2.77838
2.29804
1.90415
1.57945
1.31012
1.08617
0.899317
0.743265
0.613245
0.504728
0.414615
0.339724
0.277617
0.226283
0.183871
0.149015
0.120384
0.0969525
0.0778729
0.0623258
0.0497569
0.0395934
0.0314025
0.024825
0.0195462
0.0153281
0.0119696
0.00930657
0.00720587
0.0055566
0.00426924
0.00327053
0.00251412
-13.1927
-10.1369
-9.85906
-3.89889
4.73875
6.06011
4.96028
4.05559
3.34152
2.76077
2.28591
1.89551
1.57313
1.30539
1.08257
0.896553
0.741127
0.611581
0.50344
0.41361
0.338946
0.277015
0.22582
0.183516
0.148745
0.12018
0.0967992
0.0777586
0.0622416
0.0496951
0.0395486
0.0313704
0.0248023
0.0195304
0.0153173
0.0119623
0.00930187
0.00720292
0.00555484
0.00426825
0.00327003
0.00251392
-12.6993
-9.98164
-9.84576
-3.88026
4.61621
5.88203
4.8855
4.01191
3.3143
2.74275
2.27349
1.88667
1.56665
1.30055
1.07889
0.893722
0.738939
0.609877
0.502122
0.412582
0.338149
0.2764
0.225346
0.183154
0.148469
0.119971
0.0966428
0.0776419
0.0621556
0.0496321
0.039503
0.0313377
0.0247792
0.0195143
0.0153063
0.011955
0.00929711
0.00719993
0.00555305
0.00426725
0.00326953
0.00251372
-12.1789
-9.84492
-9.73136
-3.85388
4.50075
5.69929
4.80937
3.96728
3.28651
2.72435
2.2608
1.87762
1.56002
1.29559
1.07512
0.890825
0.736699
0.608133
0.500775
0.411531
0.337335
0.275771
0.224861
0.182784
0.148187
0.119758
0.0964831
0.0775229
0.0620681
0.049568
0.0394566
0.0313045
0.0247556
0.0194979
0.0152952
0.0119476
0.00929229
0.00719691
0.00555124
0.00426624
0.00326903
0.00251352
-11.6644
-9.67523
-9.52059
-3.81424
4.37215
5.52111
4.73222
3.92183
3.25819
2.70557
2.24784
1.86838
1.55325
1.29052
1.07126
0.887861
0.734409
0.60635
0.499397
0.410456
0.336503
0.275128
0.224367
0.182405
0.147899
0.119541
0.0963203
0.0774016
0.0619788
0.0495026
0.0394093
0.0312707
0.0247317
0.0194813
0.0152838
0.01194
0.00928741
0.00719386
0.00554942
0.00426523
0.00326853
0.00251332
-11.1575
-9.44695
-9.21493
-3.69496
4.22727
5.35232
4.65431
3.87564
3.22936
2.68644
2.23461
1.85893
1.54632
1.28534
1.06732
0.884831
0.732069
0.604528
0.497991
0.409359
0.335653
0.274471
0.223862
0.18202
0.147605
0.11932
0.0961543
0.077278
0.0618879
0.0494361
0.0393612
0.0312363
0.0247074
0.0194645
0.0152724
0.0119324
0.00928246
0.00719077
0.00554758
0.00426421
0.00326802
0.00251311
-10.6688
-9.1867
-8.85475
-3.52008
4.07516
5.18982
4.57588
3.82883
3.20005
2.66695
2.22113
1.8493
1.53925
1.28005
1.0633
0.881736
0.72968
0.602016
0.496554
0.408238
0.334785
0.273802
0.223346
0.181626
0.147306
0.119094
0.0959852
0.077152
0.0617954
0.0493684
0.0393123
0.0312014
0.0246827
0.0194474
0.0152607
0.0119246
0.00927746
0.00718765
0.00554573
0.00426318
0.00326751
0.00251291
-10.2016
-8.91408
-8.44222
-3.34431
3.94483
5.03058
4.49715
3.78148
3.1703
2.64714
2.2074
1.83948
1.53204
1.27464
1.05919
0.878576
0.727243
0.600155
0.495085
0.407094
0.3339
0.273118
0.222821
0.181225
0.147
0.118863
0.0958129
0.0770238
0.0617012
0.0492995
0.0392626
0.0311658
0.0246576
0.01943
0.0152489
0.0119168
0.0092724
0.0071845
0.00554385
0.00426214
0.00326699
0.0025127
-9.72871
-8.64896
-7.98458
-3.1948
3.82379
4.87414
4.41825
3.73368
3.14012
2.62701
2.19343
1.82947
1.52469
1.26913
1.05499
0.875352
0.724756
0.598253
0.493587
0.405928
0.332997
0.272421
0.222285
0.180816
0.146689
0.118629
0.0956375
0.0768933
0.0616053
0.0492294
0.039212
0.0311298
0.0246322
0.0194124
0.0152369
0.0119088
0.00926727
0.00718131
0.00554196
0.00426109
0.00326648
0.0025125
-9.27841
-8.3666
-7.5603
-3.00709
3.70631
4.72172
4.33927
3.68551
3.10956
2.60657
2.17923
1.81929
1.5172
1.26352
1.05072
0.872064
0.722218
0.596311
0.492059
0.404738
0.332076
0.271711
0.221739
0.180399
0.146373
0.11839
0.0954589
0.0767605
0.0615078
0.0491582
0.0391606
0.0310931
0.0246063
0.0193945
0.0152248
0.0119008
0.00926209
0.00717809
0.00554005
0.00426004
0.00326596
0.00251229
-8.87373
-8.04915
-7.20116
-2.72581
3.58423
4.57481
4.26034
3.63704
3.07864
2.58584
2.16479
1.80893
1.50957
1.2578
1.04636
0.868713
0.719631
0.594329
0.490501
0.403526
0.331138
0.270988
0.221183
0.179975
0.14605
0.118147
0.0952772
0.0766254
0.0614087
0.0490858
0.0391084
0.0310559
0.0245801
0.0193763
0.0152125
0.0118926
0.00925684
0.00717483
0.00553812
0.00425898
0.00326544
0.00251208
-8.49171
-7.72467
-6.87696
-2.48213
3.46436
4.43359
4.18159
3.58833
3.04739
2.56483
2.15014
1.79839
1.50181
1.25197
1.04192
0.865299
0.716995
0.592308
0.488913
0.402292
0.330183
0.270251
0.220617
0.179543
0.145722
0.1179
0.0950924
0.076488
0.0613079
0.0490122
0.0390553
0.0310181
0.0245535
0.0193579
0.0152
0.0118844
0.00925154
0.00717154
0.00553618
0.00425791
0.00326491
0.00251187
-8.13166
-7.40668
-6.56607
-2.28773
3.34748
4.2976
4.10315
3.53945
3.01585
2.54356
2.13527
1.78769
1.49392
1.24604
1.0374
0.861823
0.71431
0.590247
0.487296
0.401034
0.32921
0.269501
0.220041
0.179103
0.145388
0.117649
0.0949045
0.0763484
0.0612055
0.0489375
0.0390015
0.0309797
0.0245265
0.0193393
0.0151874
0.011876
0.00924617
0.00716822
0.00553422
0.00425683
0.00326438
0.00251166
-7.79188
-7.10408
-6.27033
-2.10652
3.23312
4.16665
4.02513
3.49047
2.98404
2.52203
2.12019
1.77682
1.48589
1.24001
1.0328
0.858285
0.711576
0.588146
0.48565
0.399755
0.32822
0.268738
0.219454
0.178656
0.145049
0.117393
0.0947135
0.0762065
0.0611015
0.0488616
0.0389468
0.0309408
0.0244991
0.0193204
0.0151746
0.0118676
0.00924075
0.00716486
0.00553224
0.00425574
0.00326385
0.00251145
-7.47094
-6.8179
-5.99126
-1.93851
3.12141
4.04058
3.94764
3.44142
2.95199
2.50027
2.10492
1.76579
1.47774
1.23388
1.02813
0.854685
0.708795
0.586007
0.483975
0.398453
0.327213
0.267961
0.218858
0.178201
0.144703
0.117133
0.0945194
0.0760624
0.0609958
0.0487845
0.0388913
0.0309013
0.0244713
0.0193012
0.0151616
0.011859
0.00923527
0.00716147
0.00553024
0.00425465
0.00326332
0.00251124
-7.16751
-6.54602
-5.72667
-1.78513
3.01253
3.91916
3.87076
3.39237
2.91972
2.47827
2.08945
1.75461
1.46947
1.22765
1.02337
0.851025
0.705965
0.58383
0.482271
0.39713
0.326189
0.267172
0.218252
0.177739
0.144353
0.116869
0.0943222
0.0759159
0.0608886
0.0487063
0.038835
0.0308612
0.0244431
0.0192818
0.0151485
0.0118503
0.00922972
0.00715805
0.00552823
0.00425355
0.00326278
0.00251103
-6.88041
-6.28723
-5.4747
-1.64471
2.90656
3.80217
3.79458
3.34335
2.88728
2.45606
2.07379
1.74327
1.46107
1.22132
1.01854
0.847304
0.703088
0.581614
0.480538
0.395784
0.325148
0.266369
0.217636
0.177269
0.143996
0.116601
0.0941219
0.0757673
0.0607797
0.048627
0.0387779
0.0308206
0.0244146
0.0192622
0.0151352
0.0118416
0.00922412
0.00715459
0.0055262
0.00425244
0.00326224
0.00251082
-6.60854
-6.04076
-5.23488
-1.51595
2.80358
3.6894
3.71916
3.29442
2.85467
2.43364
2.05795
1.73178
1.45255
1.2149
1.01363
0.843524
0.700163
0.579361
0.478777
0.394416
0.32409
0.265554
0.21701
0.176792
0.143634
0.116328
0.0939186
0.0756164
0.0606692
0.0485464
0.0387199
0.0307795
0.0243857
0.0192422
0.0151217
0.0118327
0.00921845
0.0071511
0.00552415
0.00425132
0.00326169
0.0025106
-6.35088
-5.80586
-5.00661
-1.3979
2.70361
3.58067
3.64458
3.2456
2.82192
2.41104
2.04194
1.72014
1.44391
1.20838
1.00865
0.839684
0.697192
0.57707
0.476987
0.393026
0.323015
0.264725
0.216374
0.176308
0.143266
0.116052
0.0937122
0.0754633
0.0605571
0.0484648
0.0386612
0.0307377
0.0243564
0.0192221
0.0151081
0.0118238
0.00921273
0.00714757
0.00552209
0.0042502
0.00326115
0.00251039
-6.10649
-5.58187
-4.78929
-1.28965
2.60668
3.47581
3.57087
3.19695
2.78906
2.38826
2.02577
1.70836
1.43515
1.20176
1.00359
0.835785
0.694175
0.574741
0.475169
0.391615
0.321923
0.263884
0.215728
0.175816
0.142893
0.115771
0.0935028
0.0753079
0.0604433
0.048382
0.0386016
0.0306954
0.0243267
0.0192016
0.0150944
0.0118147
0.00920694
0.00714402
0.00552
0.00424906
0.0032606
0.00251017
-5.87448
-5.36819
-4.58238
-1.19036
2.51278
3.37464
3.4981
3.14848
2.7561
2.36531
2.00943
1.69645
1.42628
1.19506
0.998463
0.831829
0.691111
0.572376
0.473322
0.390182
0.320814
0.26303
0.215073
0.175316
0.142514
0.115486
0.0932904
0.0751503
0.060328
0.048298
0.0385413
0.0306526
0.0242966
0.019181
0.0150804
0.0118055
0.0092011
0.00714042
0.0055179
0.00424792
0.00326005
0.00250996
-5.65406
-5.16422
-4.38534
-1.09926
2.4219
3.27701
3.4263
3.10023
2.72306
2.34222
1.99293
1.68439
1.4173
1.18826
0.993259
0.827814
0.688001
0.569974
0.471448
0.388728
0.319689
0.262163
0.214407
0.174809
0.14213
0.115197
0.0930749
0.0749905
0.0602111
0.0482129
0.0384801
0.0306092
0.0242662
0.0191601
0.0150663
0.0117963
0.0091952
0.0071368
0.00551579
0.00424677
0.00325949
0.00250974
-5.44449
-4.96943
-4.19768
-1.01568
2.33402
3.18276
3.3555
3.05223
2.68997
2.31899
1.97629
1.67221
1.40821
1.18138
0.987983
0.823743
0.684847
0.567535
0.469546
0.387252
0.318547
0.261284
0.213732
0.174295
0.14174
0.114904
0.0928563
0.0748285
0.0600926
0.0481267
0.0384182
0.0305652
0.0242354
0.0191389
0.0150521
0.0117869
0.00918923
0.00713314
0.00551365
0.00424561
0.00325893
0.00250952
-5.24509
-4.78331
-4.0189
-0.938937
2.2491
3.09175
3.28574
3.00451
2.65683
2.29564
1.9595
1.6599
1.39901
1.1744
0.982636
0.819615
0.681647
0.56506
0.467617
0.385755
0.317389
0.260392
0.213048
0.173774
0.141345
0.114607
0.0926348
0.0746643
0.0599725
0.0480393
0.0383554
0.0305207
0.0242042
0.0191175
0.0150376
0.0117774
0.00918321
0.00712945
0.0055115
0.00424445
0.00325837
0.0025093
-5.0552
-4.60541
-3.84859
-0.868491
2.16708
3.00384
3.21703
2.95708
2.62368
2.27217
1.94258
1.64747
1.3897
1.16734
0.977218
0.81543
0.678402
0.56255
0.46566
0.384236
0.316214
0.259487
0.212354
0.173245
0.140944
0.114306
0.0924103
0.0744979
0.0598508
0.0479508
0.0382918
0.0304756
0.0241726
0.0190958
0.0150231
0.0117679
0.00917713
0.00712572
0.00550933
0.00424328
0.00325781
0.00250909
-4.87422
-4.43527
-3.68631
-0.803764
2.08794
2.9189
3.1494
2.90997
2.59052
2.24859
1.92553
1.63491
1.38029
1.16019
0.971731
0.81119
0.675113
0.560003
0.463675
0.382697
0.315023
0.258569
0.21165
0.172709
0.140538
0.114
0.0921828
0.0743293
0.0597275
0.0478612
0.0382275
0.03043
0.0241407
0.0190739
0.0150083
0.0117582
0.00917099
0.00712197
0.00550714
0.00424209
0.00325724
0.00250887
-4.70162
-4.2725
-3.53166
-0.744311
2.01158
2.8368
3.08286
2.8632
2.55738
2.22493
1.90835
1.62224
1.37078
1.15296
0.966175
0.806895
0.67178
0.557422
0.461664
0.381136
0.313815
0.25764
0.210937
0.172166
0.140126
0.113691
0.0919523
0.0741585
0.0596027
0.0477704
0.0381623
0.0303838
0.0241084
0.0190517
0.0149934
0.0117484
0.00916479
0.00711817
0.00550494
0.00424091
0.00325667
0.00250864
-4.5369
-4.11667
-3.38424
-0.68965
1.93798
2.75743
3.01742
2.81678
2.52426
2.20118
1.89105
1.60945
1.36117
1.14565
0.960551
0.802545
0.668404
0.554805
0.459626
0.379555
0.312592
0.256697
0.210214
0.171616
0.139709
0.113378
0.0917188
0.0739856
0.0594763
0.0476785
0.0380964
0.0303371
0.0240757
0.0190293
0.0149784
0.0117386
0.00915853
0.00711435
0.00550272
0.00423971
0.0032561
0.00250842
-4.37957
-3.96746
-3.24372
-0.639402
1.86702
2.68067
2.95309
2.77073
2.49118
2.17735
1.87365
1.59655
1.35146
1.13825
0.95486
0.798142
0.664984
0.552153
0.457561
0.377953
0.311352
0.255743
0.209481
0.171058
0.139287
0.11306
0.0914823
0.0738104
0.0593483
0.0475855
0.0380297
0.0302899
0.0240426
0.0190066
0.0149632
0.0117286
0.00915221
0.00711049
0.00550048
0.0042385
0.00325552
0.0025082
-4.22918
-3.8245
-3.10977
-0.593173
1.79868
2.60643
2.88988
2.72507
2.45816
2.15346
1.85613
1.58355
1.34166
1.13077
0.949102
0.793685
0.661521
0.549467
0.455469
0.376331
0.310097
0.254776
0.20874
0.170494
0.138859
0.112739
0.0912429
0.0736331
0.0592187
0.0474914
0.0379621
0.030242
0.0240092
0.0189837
0.0149478
0.0117186
0.00914583
0.0071066
0.00549822
0.00423729
0.00325495
0.00250798
-4.08541
-3.68743
-2.98199
-0.550629
1.73284
2.53459
2.82777
2.6798
2.4252
2.12951
1.83853
1.57044
1.33176
1.12322
0.94328
0.789175
0.658016
0.546746
0.453351
0.374688
0.308825
0.253797
0.207989
0.169922
0.138426
0.112413
0.0910006
0.0734537
0.0590876
0.0473962
0.0378938
0.0301937
0.0239754
0.0189605
0.0149322
0.0117084
0.00913939
0.00710267
0.00549595
0.00423607
0.00325436
0.00250775
-3.94768
-3.55607
-2.86018
-0.511427
1.66942
2.46507
2.76678
2.63495
2.39233
2.10551
1.82082
1.55723
1.32178
1.11558
0.937392
0.784612
0.654469
0.543991
0.451207
0.373024
0.307538
0.252805
0.207228
0.169343
0.137987
0.112084
0.0907553
0.0732721
0.058955
0.0472998
0.0378247
0.0301448
0.0239412
0.0189371
0.0149165
0.0116981
0.0091329
0.00709872
0.00549366
0.00423484
0.00325378
0.00250753
-3.81481
-3.42996
-2.7438
-0.475173
1.6083
2.39772
2.70687
2.5905
2.35955
2.08148
1.80303
1.54393
1.3117
1.10787
0.931441
0.779998
0.65088
0.541203
0.449037
0.371341
0.306234
0.251802
0.206459
0.168757
0.137544
0.111751
0.0905071
0.0730883
0.0588207
0.0472023
0.0377549
0.0300953
0.0239066
0.0189135
0.0149007
0.0116878
0.00912634
0.00709473
0.00549135
0.00423361
0.00325319
0.0025073
-3.25788
-2.89212
-2.23607
-0.315226
1.33253
2.08194
2.41445
2.36569
2.18805
1.9516
1.70379
1.46727
1.25175
1.06046
0.893597
0.74962
0.626388
0.52164
0.433062
0.358436
0.295814
0.243412
0.199714
0.163362
0.133236
0.108328
0.087801
0.0709519
0.0571478
0.0458925
0.0367351
0.0293052
0.0232961
0.0184452
0.0145433
0.0114164
0.00892085
0.00693889
0.00537208
0.00414001
0.00317463
0.00242659
-2.55183
-2.23181
-1.612
-0.174382
0.985247
1.65208
1.97262
1.99881
1.89158
1.71682
1.51819
1.31992
1.13408
0.965862
0.817078
0.687481
0.575808
0.480434
0.399456
0.331059
0.273539
0.22533
0.185072
0.151547
0.123728
0.100709
0.081719
0.0661129
0.0533183
0.0428705
0.0343617
0.0274498
0.0218518
0.0173285
0.0136854
0.010762
0.00842562
0.00656694
0.00509497
0.0039353
0.00302469
0.00231685
-2.00171
-1.71207
-1.16088
-0.118129
0.741252
1.30832
1.60229
1.67018
1.61326
1.48757
1.33127
1.16778
1.01011
0.864679
0.734252
0.619564
0.520082
0.434707
0.361949
0.300334
0.248412
0.20483
0.168388
0.138012
0.112779
0.0918833
0.0746303
0.0604374
0.0487933
0.039274
0.031514
0.0252043
0.0200883
0.0159507
0.0126147
0.0099348
0.00779043
0.00608214
0.00472725
0.00365813
0.00281717
0.0021619
-1.56992
-1.31356
-0.846727
-0.085201
0.565875
1.03038
1.29062
1.37687
1.35383
1.266
1.14526
1.01287
0.881528
0.758175
0.646114
0.546652
0.459825
0.384966
0.320943
0.266593
0.220708
0.182139
0.149851
0.122914
0.100518
0.0819584
0.0666235
0.0539979
0.0436331
0.035152
0.0282326
0.0226018
0.018032
0.0143333
0.0113487
0.00894879
0.00702651
0.00549342
0.00427597
0.00331403
0.0025563
0.00196484
-1.21355
-0.998276
-0.621431
-0.0610676
0.433344
0.802862
1.02522
1.11456
1.11252
1.05306
0.961707
0.856744
0.749771
0.64757
0.553645
0.469547
0.395694
0.331728
0.276891
0.230212
0.190738
0.157518
0.12968
0.106437
0.0870983
0.0710619
0.0578047
0.0468823
0.0379107
0.0305645
0.0245668
0.0196827
0.0157161
0.0125035
0.00990923
0.00782163
0.00614812
0.00481219
0.00375024
0.00291024
0.00224782
0.00173004
-0.921355
-0.745904
-0.451824
-0.0422068
0.326824
0.613887
0.795637
0.878105
0.887453
0.848635
0.781308
0.700396
0.615868
0.533845
0.457688
0.388979
0.328316
0.275572
0.230236
0.191568
0.158823
0.131235
0.108099
0.0887692
0.0726775
0.0593266
0.0482845
0.0391824
0.0317026
0.0255745
0.0205684
0.0164897
0.0131754
0.0104895
0.00831941
0.00657207
0.0051704
0.00405064
0.00315981
0.00245455
0.00189787
0.0014623
-0.674715
-0.538141
-0.318819
-0.0279523
0.23896
0.452741
0.593139
0.662318
0.676078
0.651817
0.604111
0.544341
0.480528
0.417765
0.35898
0.305612
0.258277
0.216992
0.181427
0.151045
0.125288
0.10357
0.0853443
0.0701101
0.0574225
0.046892
0.0381797
0.0309954
0.0250894
0.0202488
0.0162929
0.0130684
0.010447
0.00832183
0.00660406
0.00522027
0.00410966
0.00322192
0.00251523
0.00195538
0.00151316
0.00116688
-0.459194
-0.36193
-0.210489
-0.0170392
0.16344
0.310793
0.410222
0.462149
0.475388
0.46122
0.429681
0.388723
0.344198
0.299922
0.258158
0.220061
0.186149
0.1565
0.130917
0.109038
0.090473
0.0748114
0.0616626
0.0506686
0.0415099
0.0339065
0.0276146
0.022425
0.0181577
0.0146592
0.0117993
0.00946742
0.00757119
0.00603341
0.00479005
0.0037881
0.00298366
0.00234039
0.00182807
0.001422
0.00110108
0.00084965
-0.265602
-0.206979
-0.118464
-0.00825458
0.0957806
0.181775
0.240961
0.273034
0.282336
0.275119
0.25724
0.233391
0.207095
0.180729
0.155731
0.132854
0.11244
0.0945658
0.0791271
0.0659152
0.0547003
0.0452367
0.0372901
0.0306451
0.0251088
0.0205123
0.0167085
0.0135706
0.0109902
0.00887437
0.00714442
0.0057337
0.00458631
0.00365566
0.00290306
0.00229647
0.00180935
0.00141972
0.00110933
0.00086323
0.000668674
0.000516194
-0.0852113
-0.0655277
-0.0368243
-0.00183218
0.0315136
0.0593953
0.0789321
0.0898641
0.0933602
0.0913297
0.0856705
0.0779256
0.069273
0.0605306
0.0522036
0.0445613
0.0377283
0.0317379
0.0265601
0.0221272
0.0183635
0.0151871
0.0125198
0.0102893
0.00843104
0.00688817
0.00561133
0.00455802
0.00369179
0.00298148
0.00240064
0.00192693
0.0015416
0.00122902
0.000976198
0.000772398
0.000608707
0.000477754
0.000373409
0.000290658
0.000225222
0.000173921
0.00185944
0.00139102
0.00103317
0.000764483
0.000562069
0.00041108
0.00029877
0.00021583
0.000154899
0.000110438
7.82042e-05
5.50029e-05
3.84267e-05
2.6677e-05
1.8416e-05
1.26565e-05
8.67472e-06
5.94513e-06
4.08974e-06
2.83938e-06
2.00469e-06
1.4536e-06
1.09407e-06
8.64785e-07
7.19614e-07
6.36519e-07
5.83773e-07
5.75882e-07
5.59197e-07
6.24205e-07
6.24814e-07
8.20618e-07
8.50311e-07
9.05253e-07
9.20295e-07
0.00185915
0.00139078
0.00103298
0.000764318
0.000561929
0.000410958
0.000298662
0.000215733
0.00015481
0.000110355
7.81254e-05
5.49273e-05
3.83535e-05
2.66054e-05
1.83458e-05
1.25871e-05
8.60599e-06
5.87677e-06
4.02162e-06
2.7714e-06
1.9368e-06
1.3858e-06
1.02631e-06
7.97042e-07
6.5186e-07
5.6872e-07
5.15956e-07
5.08008e-07
4.91417e-07
5.56402e-07
5.57152e-07
7.52947e-07
7.82582e-07
8.37826e-07
8.52833e-07
0.00185872
0.00139041
0.00103264
0.000764013
0.000561648
0.000410696
0.000298414
0.000215495
0.00015458
0.000110131
7.79058e-05
5.4711e-05
3.81396e-05
2.63932e-05
1.81348e-05
1.23771e-05
8.39649e-06
5.66784e-06
3.81311e-06
2.56322e-06
1.72886e-06
1.17798e-06
8.18597e-07
5.89427e-07
4.44349e-07
3.61351e-07
3.08666e-07
3.00852e-07
2.84122e-07
3.49159e-07
3.4972e-07
5.45553e-07
5.75212e-07
6.29901e-07
6.44861e-07
0.00185833
0.00139008
0.00103236
0.000763759
0.000561418
0.000410484
0.000298216
0.000215308
0.000154401
0.000109957
7.77369e-05
5.45453e-05
3.79761e-05
2.62315e-05
1.79742e-05
1.22173e-05
8.2373e-06
5.50892e-06
3.65434e-06
2.40451e-06
1.57015e-06
1.01934e-06
6.5997e-07
4.30768e-07
2.85616e-07
2.02459e-07
1.49696e-07
1.41702e-07
1.25213e-07
1.90183e-07
1.91082e-07
3.86881e-07
4.16436e-07
4.72068e-07
4.87062e-07
0.00185805
0.00138985
0.00103217
0.000763609
0.000561293
0.000410378
0.000298124
0.000215227
0.000154328
0.000109891
7.76753e-05
5.44871e-05
3.79205e-05
2.61777e-05
1.79218e-05
1.21659e-05
8.18664e-06
5.45889e-06
3.60479e-06
2.35534e-06
1.52128e-06
9.70657e-07
6.11425e-07
3.82371e-07
2.37388e-07
1.54484e-07
1.01859e-07
9.41218e-08
7.73491e-08
1.42413e-07
1.4293e-07
3.388e-07
3.6842e-07
4.2303e-07
4.3802e-07
0.00185781
0.00138967
0.00103203
0.000763496
0.000561206
0.00041031
0.000298071
0.000215184
0.000154294
0.000109862
7.7651e-05
5.44661e-05
3.79019e-05
2.61608e-05
1.79061e-05
1.2151e-05
8.17238e-06
5.44493e-06
3.591e-06
2.34161e-06
1.50755e-06
9.56973e-07
5.97727e-07
3.68595e-07
2.23473e-07
1.40305e-07
8.75433e-08
7.95074e-08
6.31132e-08
1.28076e-07
1.29114e-07
3.24923e-07
3.54399e-07
4.1015e-07
4.25148e-07
0.00185758
0.00138949
0.00103189
0.000763394
0.000561128
0.000410252
0.000298027
0.000215152
0.00015427
0.000109845
7.76383e-05
5.44568e-05
3.78951e-05
2.61559e-05
1.79027e-05
1.21486e-05
8.17064e-06
5.4438e-06
3.59034e-06
2.34134e-06
1.5076e-06
9.57191e-07
5.98128e-07
3.69206e-07
2.24327e-07
1.41512e-07
8.89481e-08
8.12841e-08
6.44752e-08
1.29556e-07
1.30036e-07
3.25952e-07
3.5553e-07
4.10157e-07
4.25142e-07
0.00185734
0.00138931
0.00103175
0.000763291
0.000561051
0.000410194
0.000297984
0.00021512
0.000154246
0.000109827
7.76251e-05
5.4447e-05
3.78878e-05
2.61504e-05
1.78983e-05
1.21451e-05
8.16783e-06
5.44135e-06
3.58809e-06
2.33917e-06
1.50541e-06
9.55032e-07
5.95913e-07
3.66851e-07
2.21762e-07
1.38599e-07
8.58406e-08
7.77688e-08
6.14594e-08
1.26426e-07
1.27579e-07
3.23403e-07
3.52813e-07
4.08674e-07
4.23655e-07
0.0018571
0.00138913
0.00103162
0.000763187
0.000560973
0.000410136
0.000297941
0.000215088
0.000154223
0.000109811
7.76132e-05
5.44386e-05
3.7882e-05
2.61465e-05
1.78959e-05
1.21437e-05
8.16707e-06
5.44116e-06
3.58834e-06
2.33978e-06
1.50635e-06
9.56173e-07
5.97266e-07
3.68463e-07
2.2368e-07
1.40939e-07
8.84338e-08
8.0825e-08
6.40024e-08
1.29077e-07
1.29559e-07
3.25521e-07
3.55045e-07
4.09756e-07
4.2473e-07
0.00185686
0.00138894
0.00103148
0.000763082
0.000560894
0.000410077
0.000297897
0.000215056
0.000154199
0.000109793
7.76003e-05
5.44292e-05
3.78752e-05
2.61415e-05
1.78922e-05
1.21409e-05
8.165e-06
5.4395e-06
3.58693e-06
2.33849e-06
1.50506e-06
9.549e-07
5.95928e-07
3.66952e-07
2.21907e-07
1.38762e-07
8.60094e-08
7.79345e-08
6.1674e-08
1.26666e-07
1.27899e-07
3.23747e-07
3.53098e-07
4.09035e-07
4.23999e-07
0.00185662
0.00138876
0.00103134
0.000762977
0.000560815
0.000410018
0.000297853
0.000215023
0.000154175
0.000109776
7.75879e-05
5.44204e-05
3.78689e-05
2.61372e-05
1.78892e-05
1.21389e-05
8.16373e-06
5.43877e-06
3.58663e-06
2.33852e-06
1.5054e-06
9.55452e-07
5.96693e-07
3.68003e-07
2.23309e-07
1.40634e-07
8.8187e-08
8.05965e-08
6.37995e-08
1.28858e-07
1.29361e-07
3.25371e-07
3.54833e-07
4.09648e-07
4.24608e-07
0.00185637
0.00138857
0.0010312
0.00076287
0.000560734
0.000409958
0.000297808
0.00021499
0.000154151
0.000109758
7.7575e-05
5.4411e-05
3.78622e-05
2.61324e-05
1.78859e-05
1.21366e-05
8.16208e-06
5.43759e-06
3.58572e-06
2.33776e-06
1.50468e-06
9.54731e-07
5.95921e-07
3.6704e-07
2.22044e-07
1.38922e-07
8.61785e-08
7.81223e-08
6.18876e-08
1.26908e-07
1.28212e-07
3.2409e-07
3.53387e-07
4.09395e-07
4.24343e-07
0.00185612
0.00138838
0.00103105
0.000762762
0.000560653
0.000409897
0.000297763
0.000214957
0.000154126
0.00010974
7.7562e-05
5.44017e-05
3.78555e-05
2.61275e-05
1.78823e-05
1.2134e-05
8.16022e-06
5.43627e-06
3.58484e-06
2.33725e-06
1.50444e-06
9.54752e-07
5.96131e-07
3.67551e-07
2.22949e-07
1.40344e-07
8.79553e-08
8.03808e-08
6.36128e-08
1.2865e-07
1.29174e-07
3.25238e-07
3.54639e-07
4.09534e-07
4.24477e-07
0.00185587
0.00138819
0.00103091
0.000762653
0.000560571
0.000409836
0.000297718
0.000214923
0.000154102
0.000109722
7.75493e-05
5.43927e-05
3.78493e-05
2.61234e-05
1.78796e-05
1.21324e-05
8.1593e-06
5.43579e-06
3.58462e-06
2.33718e-06
1.50436e-06
9.54545e-07
5.95917e-07
3.67135e-07
2.22185e-07
1.39079e-07
8.63419e-08
7.83011e-08
6.20959e-08
1.27147e-07
1.2853e-07
3.24441e-07
3.5368e-07
4.0987e-07
4.24805e-07
0.00185549
0.00138791
0.00103069
0.000762488
0.000560447
0.000409742
0.000297648
0.000214871
0.000154063
0.000109693
7.75278e-05
5.43766e-05
3.78372e-05
2.61141e-05
1.78725e-05
1.21268e-05
8.15487e-06
5.4323e-06
3.58186e-06
2.33497e-06
1.50276e-06
9.53535e-07
5.95276e-07
3.67005e-07
2.22749e-07
1.40524e-07
8.84085e-08
8.10982e-08
6.40845e-08
1.29079e-07
1.2917e-07
3.25409e-07
3.5481e-07
4.08883e-07
4.23793e-07
0.00185498
0.00138751
0.00103039
0.000762263
0.000560278
0.000409616
0.000297554
0.000214802
0.000154012
0.000109657
7.75015e-05
5.4358e-05
3.78242e-05
2.61052e-05
1.78665e-05
1.21228e-05
8.15221e-06
5.43039e-06
3.58032e-06
2.3338e-06
1.50151e-06
9.52021e-07
5.935e-07
3.6464e-07
2.19507e-07
1.36106e-07
8.3148e-08
7.48935e-08
5.90167e-08
1.24166e-07
1.26178e-07
3.22032e-07
3.51084e-07
4.08492e-07
4.23403e-07
0.00185445
0.00138712
0.00103009
0.000762035
0.000560106
0.000409488
0.000297459
0.000214731
0.000153961
0.000109619
7.74741e-05
5.43383e-05
3.78102e-05
2.60954e-05
1.78598e-05
1.21185e-05
8.14964e-06
5.42923e-06
3.58025e-06
2.33454e-06
1.50312e-06
9.54439e-07
5.96636e-07
3.68715e-07
2.2472e-07
1.42698e-07
9.07418e-08
8.34705e-08
6.65083e-08
1.31436e-07
1.31493e-07
3.27899e-07
3.57207e-07
4.10951e-07
4.25819e-07
0.00185392
0.00138671
0.00102978
0.000761801
0.00055993
0.000409356
0.00029736
0.000214658
0.000153907
0.000109579
7.74448e-05
5.43168e-05
3.77943e-05
2.60836e-05
1.78508e-05
1.21114e-05
8.14376e-06
5.42405e-06
3.57546e-06
2.32987e-06
1.49825e-06
9.49189e-07
5.90887e-07
3.62139e-07
2.17052e-07
1.33641e-07
8.06702e-08
7.24387e-08
5.66291e-08
1.21851e-07
1.24081e-07
3.20004e-07
3.48918e-07
4.0702e-07
4.21907e-07
0.00185338
0.0013863
0.00102947
0.000761564
0.000559752
0.000409223
0.000297261
0.000214586
0.000153853
0.000109541
7.74176e-05
5.42979e-05
3.77816e-05
2.60756e-05
1.78463e-05
1.21095e-05
8.14389e-06
5.4258e-06
3.57848e-06
2.33396e-06
1.50337e-06
9.55292e-07
5.97966e-07
3.70395e-07
2.26667e-07
1.44854e-07
9.30567e-08
8.58274e-08
6.89128e-08
1.33776e-07
1.33788e-07
3.3038e-07
3.59598e-07
4.12955e-07
4.27777e-07
0.00185282
0.00138588
0.00102915
0.000761323
0.000559569
0.000409086
0.000297159
0.000214509
0.000153796
0.000109498
7.73859e-05
5.42739e-05
3.77632e-05
2.60611e-05
1.78345e-05
1.20995e-05
8.13497e-06
5.41745e-06
3.57037e-06
2.32579e-06
1.49487e-06
9.46253e-07
5.88199e-07
3.5959e-07
2.14568e-07
1.31159e-07
7.81847e-08
6.9977e-08
5.42383e-08
1.19522e-07
1.21965e-07
3.17982e-07
3.46758e-07
4.05552e-07
4.20417e-07
0.00185227
0.00138545
0.00102882
0.000761077
0.000559385
0.000408948
0.000297057
0.000214434
0.000153742
0.00010946
7.73589e-05
5.42559e-05
3.7752e-05
2.60549e-05
1.78322e-05
1.21001e-05
8.13795e-06
5.42227e-06
3.57668e-06
2.33339e-06
1.50365e-06
9.56185e-07
5.99331e-07
3.72101e-07
2.28632e-07
1.47019e-07
9.53735e-08
8.81874e-08
7.13163e-08
1.36122e-07
1.36093e-07
3.32882e-07
3.62013e-07
4.15018e-07
4.29791e-07
0.00185193
0.0013852
0.00102863
0.000760936
0.000559278
0.000408868
0.000296996
0.000214389
0.000153708
0.000109434
7.73394e-05
5.42408e-05
3.774e-05
2.60451e-05
1.78238e-05
1.20927e-05
8.13103e-06
5.41562e-06
3.57008e-06
2.32669e-06
1.49671e-06
9.48877e-07
5.91511e-07
3.63602e-07
2.19308e-07
1.36696e-07
8.43076e-08
7.65592e-08
6.03696e-08
1.25471e-07
1.26949e-07
3.23374e-07
3.52227e-07
4.08851e-07
4.23662e-07
0.00185186
0.00138515
0.00102859
0.000760905
0.000559255
0.00040885
0.000296983
0.000214379
0.000153701
0.000109429
7.73355e-05
5.4238e-05
3.7738e-05
2.60437e-05
1.78229e-05
1.20921e-05
8.13077e-06
5.41559e-06
3.57025e-06
2.32703e-06
1.49721e-06
9.49541e-07
5.92346e-07
3.64629e-07
2.20546e-07
1.38171e-07
8.59587e-08
7.83349e-08
6.20075e-08
1.27035e-07
1.28192e-07
3.24718e-07
3.53613e-07
4.09437e-07
4.24232e-07
0.00185179
0.00138509
0.00102855
0.000760873
0.000559231
0.000408832
0.00029697
0.000214369
0.000153694
0.000109423
7.73317e-05
5.42352e-05
3.7736e-05
2.60423e-05
1.78219e-05
1.20914e-05
8.13028e-06
5.41522e-06
3.56994e-06
2.32674e-06
1.4969e-06
9.49179e-07
5.91893e-07
3.64048e-07
2.19805e-07
1.37235e-07
8.4873e-08
7.71424e-08
6.09439e-08
1.26041e-07
1.27489e-07
3.23948e-07
3.52795e-07
4.09275e-07
4.24077e-07
0.00185171
0.00138504
0.00102851
0.000760842
0.000559207
0.000408815
0.000296957
0.000214359
0.000153686
0.000109418
7.73279e-05
5.42325e-05
3.7734e-05
2.60409e-05
1.78209e-05
1.20907e-05
8.12979e-06
5.41488e-06
3.56971e-06
2.3266e-06
1.49684e-06
9.49198e-07
5.92007e-07
3.64275e-07
2.2017e-07
1.37766e-07
8.55369e-08
7.78987e-08
6.16004e-08
1.26637e-07
1.27864e-07
3.24394e-07
3.53265e-07
4.09327e-07
4.24122e-07
0.00185164
0.00138498
0.00102847
0.00076081
0.000559183
0.000408797
0.000296943
0.00021435
0.000153679
0.000109413
7.7324e-05
5.42297e-05
3.7732e-05
2.60395e-05
1.78199e-05
1.209e-05
8.1293e-06
5.41454e-06
3.56948e-06
2.32645e-06
1.49674e-06
9.49114e-07
5.91915e-07
3.64147e-07
2.19971e-07
1.37461e-07
8.51399e-08
7.74338e-08
6.12193e-08
1.26303e-07
1.27696e-07
3.24196e-07
3.53039e-07
4.09345e-07
4.24139e-07
0.00185156
0.00138493
0.00102843
0.000760779
0.00055916
0.000408779
0.00029693
0.00021434
0.000153672
0.000109407
7.73201e-05
5.42269e-05
3.773e-05
2.6038e-05
1.78189e-05
1.20893e-05
8.1288e-06
5.4142e-06
3.56925e-06
2.32629e-06
1.49663e-06
9.49043e-07
5.91877e-07
3.64147e-07
2.20026e-07
1.37594e-07
8.53452e-08
7.76915e-08
6.14232e-08
1.26473e-07
1.27769e-07
3.24303e-07
3.53152e-07
4.09362e-07
4.24153e-07
0.00185149
0.00138487
0.00102838
0.000760747
0.000559136
0.000408761
0.000296917
0.00021433
0.000153665
0.000109402
7.73162e-05
5.42241e-05
3.7728e-05
2.60366e-05
1.78179e-05
1.20886e-05
8.12831e-06
5.41386e-06
3.56902e-06
2.32613e-06
1.49652e-06
9.48974e-07
5.91832e-07
3.64113e-07
2.19985e-07
1.37521e-07
8.52358e-08
7.75509e-08
6.13243e-08
1.26395e-07
1.27753e-07
3.24286e-07
3.53122e-07
4.09379e-07
4.24168e-07
0.00185142
0.00138481
0.00102834
0.000760715
0.000559112
0.000408743
0.000296903
0.00021432
0.000153657
0.000109397
7.73123e-05
5.42213e-05
3.7726e-05
2.60352e-05
1.78169e-05
1.20879e-05
8.12782e-06
5.41352e-06
3.56879e-06
2.32597e-06
1.49642e-06
9.48903e-07
5.91786e-07
3.64083e-07
2.19971e-07
1.37531e-07
8.52737e-08
7.76108e-08
6.13653e-08
1.26424e-07
1.27761e-07
3.24309e-07
3.53141e-07
4.09397e-07
4.24184e-07
0.00185134
0.00138476
0.0010283
0.000760683
0.000559088
0.000408725
0.00029689
0.00021431
0.00015365
0.000109391
7.73084e-05
5.42185e-05
3.7724e-05
2.60337e-05
1.78159e-05
1.20872e-05
8.12733e-06
5.41318e-06
3.56855e-06
2.32581e-06
1.49631e-06
9.48833e-07
5.9174e-07
3.64054e-07
2.19953e-07
1.37515e-07
8.52526e-08
7.75814e-08
6.13513e-08
1.26415e-07
1.27765e-07
3.24325e-07
3.53148e-07
4.09415e-07
4.24199e-07
0.00185127
0.0013847
0.00102826
0.000760652
0.000559064
0.000408707
0.000296877
0.0002143
0.000153643
0.000109386
7.73045e-05
5.42156e-05
3.7722e-05
2.60323e-05
1.78149e-05
1.20865e-05
8.12683e-06
5.41284e-06
3.56832e-06
2.32566e-06
1.49621e-06
9.48763e-07
5.91694e-07
3.64025e-07
2.19935e-07
1.37504e-07
8.52499e-08
7.75851e-08
6.13539e-08
1.26415e-07
1.2777e-07
3.2434e-07
3.53156e-07
4.09433e-07
4.24215e-07
0.00185119
0.00138465
0.00102821
0.00076062
0.00055904
0.000408689
0.000296863
0.00021429
0.000153635
0.000109381
7.73006e-05
5.42128e-05
3.77199e-05
2.60309e-05
1.78138e-05
1.20858e-05
8.12633e-06
5.41249e-06
3.56808e-06
2.3255e-06
1.4961e-06
9.48692e-07
5.91648e-07
3.63996e-07
2.19917e-07
1.37493e-07
8.52437e-08
7.75798e-08
6.13537e-08
1.26415e-07
1.27774e-07
3.24356e-07
3.53165e-07
4.09451e-07
4.2423e-07
0.00185112
0.00138459
0.00102817
0.000760587
0.000559016
0.000408671
0.00029685
0.00021428
0.000153628
0.000109375
7.72967e-05
5.421e-05
3.77179e-05
2.60294e-05
1.78128e-05
1.2085e-05
8.12583e-06
5.41215e-06
3.56785e-06
2.32534e-06
1.49599e-06
9.48621e-07
5.91602e-07
3.63966e-07
2.19898e-07
1.37482e-07
8.52374e-08
7.75756e-08
6.13532e-08
1.26414e-07
1.27778e-07
3.24371e-07
3.53174e-07
4.09469e-07
4.24246e-07
0.00185104
0.00138453
0.00102813
0.000760556
0.000558991
0.000408653
0.000296836
0.00021427
0.000153621
0.00010937
7.72928e-05
5.42071e-05
3.77158e-05
2.6028e-05
1.78118e-05
1.20843e-05
8.12533e-06
5.41181e-06
3.56761e-06
2.32518e-06
1.49588e-06
9.4855e-07
5.91556e-07
3.63936e-07
2.1988e-07
1.37471e-07
8.52313e-08
7.75717e-08
6.13529e-08
1.26414e-07
1.27783e-07
3.24387e-07
3.53183e-07
4.09487e-07
4.24261e-07
0.00185097
0.00138448
0.00102809
0.000760523
0.000558967
0.000408635
0.000296823
0.00021426
0.000153613
0.000109364
7.72888e-05
5.42043e-05
3.77138e-05
2.60265e-05
1.78108e-05
1.20836e-05
8.12483e-06
5.41146e-06
3.56738e-06
2.32502e-06
1.49578e-06
9.48479e-07
5.91509e-07
3.63907e-07
2.19862e-07
1.3746e-07
8.52252e-08
7.75676e-08
6.13526e-08
1.26413e-07
1.27787e-07
3.24403e-07
3.53192e-07
4.09505e-07
4.24277e-07
0.00185089
0.00138442
0.00102804
0.000760491
0.000558943
0.000408617
0.000296809
0.00021425
0.000153606
0.000109359
7.72848e-05
5.42014e-05
3.77118e-05
2.6025e-05
1.78097e-05
1.20829e-05
8.12433e-06
5.41111e-06
3.56714e-06
2.32486e-06
1.49567e-06
9.48407e-07
5.91463e-07
3.63877e-07
2.19843e-07
1.37448e-07
8.52191e-08
7.75635e-08
6.13523e-08
1.26412e-07
1.27791e-07
3.24418e-07
3.532e-07
4.09523e-07
4.24292e-07
0.00185081
0.00138436
0.001028
0.000760459
0.000558919
0.000408598
0.000296795
0.00021424
0.000153598
0.000109353
7.72809e-05
5.41985e-05
3.77097e-05
2.60236e-05
1.78087e-05
1.20822e-05
8.12383e-06
5.41076e-06
3.5669e-06
2.32469e-06
1.49556e-06
9.48335e-07
5.91416e-07
3.63847e-07
2.19825e-07
1.37437e-07
8.52128e-08
7.75595e-08
6.13519e-08
1.26411e-07
1.27795e-07
3.24434e-07
3.53209e-07
4.09541e-07
4.24308e-07
0.00185074
0.00138431
0.00102796
0.000760427
0.000558894
0.00040858
0.000296782
0.00021423
0.000153591
0.000109348
7.72769e-05
5.41957e-05
3.77076e-05
2.60221e-05
1.78077e-05
1.20814e-05
8.12332e-06
5.41042e-06
3.56666e-06
2.32453e-06
1.49545e-06
9.48264e-07
5.9137e-07
3.63817e-07
2.19806e-07
1.37425e-07
8.52067e-08
7.75553e-08
6.13515e-08
1.2641e-07
1.278e-07
3.2445e-07
3.53218e-07
4.09559e-07
4.24324e-07
0.00185066
0.00138425
0.00102792
0.000760394
0.00055887
0.000408562
0.000296768
0.00021422
0.000153583
0.000109343
7.72729e-05
5.41928e-05
3.77056e-05
2.60206e-05
1.78066e-05
1.20807e-05
8.12281e-06
5.41007e-06
3.56642e-06
2.32437e-06
1.49534e-06
9.48191e-07
5.91323e-07
3.63787e-07
2.19788e-07
1.37414e-07
8.52004e-08
7.75512e-08
6.13511e-08
1.2641e-07
1.27804e-07
3.24466e-07
3.53227e-07
4.09577e-07
4.24339e-07
0.00185059
0.00138419
0.00102787
0.000760362
0.000558845
0.000408543
0.000296754
0.000214209
0.000153576
0.000109337
7.72689e-05
5.41899e-05
3.77035e-05
2.60192e-05
1.78056e-05
1.208e-05
8.12231e-06
5.40971e-06
3.56618e-06
2.32421e-06
1.49523e-06
9.48119e-07
5.91276e-07
3.63757e-07
2.19769e-07
1.37403e-07
8.51942e-08
7.7547e-08
6.13507e-08
1.26409e-07
1.27808e-07
3.24482e-07
3.53236e-07
4.09595e-07
4.24355e-07
0.00185051
0.00138414
0.00102783
0.000760329
0.000558821
0.000408525
0.000296741
0.000214199
0.000153568
0.000109332
7.72649e-05
5.4187e-05
3.77014e-05
2.60177e-05
1.78045e-05
1.20792e-05
8.1218e-06
5.40936e-06
3.56594e-06
2.32404e-06
1.49512e-06
9.48046e-07
5.91229e-07
3.63727e-07
2.1975e-07
1.37391e-07
8.51879e-08
7.75428e-08
6.13503e-08
1.26408e-07
1.27812e-07
3.24498e-07
3.53245e-07
4.09613e-07
4.24371e-07
0.00185043
0.00138408
0.00102779
0.000760296
0.000558796
0.000408506
0.000296727
0.000214189
0.000153561
0.000109326
7.72609e-05
5.41841e-05
3.76993e-05
2.60162e-05
1.78035e-05
1.20785e-05
8.12129e-06
5.40901e-06
3.5657e-06
2.32388e-06
1.49501e-06
9.47974e-07
5.91181e-07
3.63697e-07
2.19731e-07
1.3738e-07
8.51816e-08
7.75386e-08
6.13498e-08
1.26407e-07
1.27816e-07
3.24514e-07
3.53255e-07
4.09631e-07
4.24386e-07
0.00185036
0.00138402
0.00102774
0.000760264
0.000558771
0.000408488
0.000296713
0.000214179
0.000153553
0.00010932
7.72569e-05
5.41812e-05
3.76973e-05
2.60147e-05
1.78024e-05
1.20778e-05
8.12077e-06
5.40866e-06
3.56546e-06
2.32372e-06
1.4949e-06
9.47901e-07
5.91134e-07
3.63667e-07
2.19713e-07
1.37368e-07
8.51753e-08
7.75343e-08
6.13493e-08
1.26406e-07
1.2782e-07
3.2453e-07
3.53264e-07
4.0965e-07
4.24402e-07
0.00185028
0.00138396
0.0010277
0.000760231
0.000558747
0.000408469
0.000296699
0.000214169
0.000153546
0.000109315
7.72529e-05
5.41783e-05
3.76952e-05
2.60132e-05
1.78014e-05
1.2077e-05
8.12026e-06
5.4083e-06
3.56522e-06
2.32355e-06
1.49479e-06
9.47828e-07
5.91086e-07
3.63636e-07
2.19694e-07
1.37356e-07
8.51689e-08
7.75301e-08
6.13488e-08
1.26405e-07
1.27824e-07
3.24546e-07
3.53273e-07
4.09668e-07
4.24418e-07
0.0018502
0.00138391
0.00102766
0.000760198
0.000558722
0.000408451
0.000296685
0.000214158
0.000153538
0.000109309
7.72488e-05
5.41754e-05
3.76931e-05
2.60118e-05
1.78003e-05
1.20763e-05
8.11975e-06
5.40795e-06
3.56497e-06
2.32339e-06
1.49468e-06
9.47755e-07
5.91038e-07
3.63606e-07
2.19675e-07
1.37345e-07
8.51626e-08
7.75258e-08
6.13483e-08
1.26404e-07
1.27828e-07
3.24562e-07
3.53282e-07
4.09686e-07
4.24433e-07
0.00185013
0.00138385
0.00102761
0.000760165
0.000558697
0.000408432
0.000296672
0.000214148
0.000153531
0.000109304
7.72448e-05
5.41725e-05
3.7691e-05
2.60103e-05
1.77993e-05
1.20756e-05
8.11923e-06
5.40759e-06
3.56473e-06
2.32322e-06
1.49457e-06
9.47681e-07
5.90991e-07
3.63575e-07
2.19656e-07
1.37333e-07
8.51562e-08
7.75214e-08
6.13478e-08
1.26402e-07
1.27832e-07
3.24578e-07
3.53291e-07
4.09704e-07
4.24449e-07
0.00185005
0.00138379
0.00102757
0.000760132
0.000558672
0.000408414
0.000296658
0.000214138
0.000153523
0.000109298
7.72407e-05
5.41695e-05
3.76889e-05
2.60088e-05
1.77982e-05
1.20748e-05
8.11872e-06
5.40724e-06
3.56448e-06
2.32305e-06
1.49446e-06
9.47608e-07
5.90943e-07
3.63545e-07
2.19637e-07
1.37321e-07
8.51498e-08
7.75171e-08
6.13472e-08
1.26401e-07
1.27835e-07
3.24594e-07
3.53301e-07
4.09722e-07
4.24465e-07
0.00184997
0.00138373
0.00102753
0.000760099
0.000558647
0.000408395
0.000296644
0.000214127
0.000153515
0.000109293
7.72367e-05
5.41666e-05
3.76868e-05
2.60073e-05
1.77972e-05
1.20741e-05
8.1182e-06
5.40688e-06
3.56424e-06
2.32289e-06
1.49435e-06
9.47533e-07
5.90895e-07
3.63514e-07
2.19618e-07
1.3731e-07
8.51433e-08
7.75127e-08
6.13466e-08
1.264e-07
1.27839e-07
3.2461e-07
3.5331e-07
4.09741e-07
4.24481e-07
0.00184989
0.00138368
0.00102748
0.000760066
0.000558623
0.000408376
0.00029663
0.000214117
0.000153508
0.000109287
7.72326e-05
5.41636e-05
3.76847e-05
2.60058e-05
1.77961e-05
1.20733e-05
8.11768e-06
5.40652e-06
3.56399e-06
2.32272e-06
1.49424e-06
9.4746e-07
5.90846e-07
3.63483e-07
2.19599e-07
1.37298e-07
8.51369e-08
7.75083e-08
6.1346e-08
1.26399e-07
1.27843e-07
3.24627e-07
3.53319e-07
4.09759e-07
4.24496e-07
0.00184982
0.00138362
0.00102744
0.000760033
0.000558597
0.000408358
0.000296616
0.000214107
0.0001535
0.000109281
7.72285e-05
5.41607e-05
3.76825e-05
2.60042e-05
1.7795e-05
1.20726e-05
8.11716e-06
5.40616e-06
3.56375e-06
2.32255e-06
1.49412e-06
9.47385e-07
5.90798e-07
3.63452e-07
2.1958e-07
1.37286e-07
8.51304e-08
7.75039e-08
6.13454e-08
1.26398e-07
1.27846e-07
3.24643e-07
3.53329e-07
4.09777e-07
4.24512e-07
0.00184974
0.00138356
0.0010274
0.00076
0.000558573
0.000408339
0.000296602
0.000214096
0.000153492
0.000109276
7.72244e-05
5.41577e-05
3.76804e-05
2.60027e-05
1.7794e-05
1.20718e-05
8.11664e-06
5.4058e-06
3.5635e-06
2.32239e-06
1.49401e-06
9.47311e-07
5.9075e-07
3.63421e-07
2.1956e-07
1.37274e-07
8.51239e-08
7.74995e-08
6.13447e-08
1.26396e-07
1.2785e-07
3.24659e-07
3.53338e-07
4.09796e-07
4.24528e-07
0.00184966
0.0013835
0.00102735
0.000759967
0.000558547
0.00040832
0.000296588
0.000214086
0.000153485
0.00010927
7.72203e-05
5.41548e-05
3.76783e-05
2.60012e-05
1.77929e-05
1.20711e-05
8.11611e-06
5.40544e-06
3.56325e-06
2.32222e-06
1.4939e-06
9.47236e-07
5.90701e-07
3.6339e-07
2.19541e-07
1.37262e-07
8.51174e-08
7.7495e-08
6.1344e-08
1.26395e-07
1.27854e-07
3.24676e-07
3.53348e-07
4.09814e-07
4.24544e-07
0.00184958
0.00138344
0.00102731
0.000759933
0.000558522
0.000408301
0.000296574
0.000214075
0.000153477
0.000109265
7.72162e-05
5.41518e-05
3.76762e-05
2.59997e-05
1.77918e-05
1.20703e-05
8.11559e-06
5.40508e-06
3.563e-06
2.32205e-06
1.49379e-06
9.47161e-07
5.90652e-07
3.63359e-07
2.19522e-07
1.3725e-07
8.51108e-08
7.74905e-08
6.13434e-08
1.26394e-07
1.27857e-07
3.24692e-07
3.53357e-07
4.09832e-07
4.2456e-07
0.0018495
0.00138338
0.00102726
0.0007599
0.000558497
0.000408282
0.00029656
0.000214065
0.000153469
0.000109259
7.72121e-05
5.41488e-05
3.7674e-05
2.59982e-05
1.77907e-05
1.20696e-05
8.11506e-06
5.40471e-06
3.56275e-06
2.32188e-06
1.49367e-06
9.47086e-07
5.90603e-07
3.63327e-07
2.19502e-07
1.37238e-07
8.51042e-08
7.7486e-08
6.13426e-08
1.26392e-07
1.27861e-07
3.24708e-07
3.53367e-07
4.09851e-07
4.24576e-07
0.00184943
0.00138333
0.00102722
0.000759866
0.000558472
0.000408263
0.000296545
0.000214054
0.000153461
0.000109253
7.72079e-05
5.41458e-05
3.76719e-05
2.59967e-05
1.77897e-05
1.20688e-05
8.11453e-06
5.40435e-06
3.5625e-06
2.32171e-06
1.49356e-06
9.47011e-07
5.90554e-07
3.63296e-07
2.19483e-07
1.37226e-07
8.50976e-08
7.74815e-08
6.13419e-08
1.26391e-07
1.27864e-07
3.24725e-07
3.53377e-07
4.09869e-07
4.24592e-07
0.00184935
0.00138327
0.00102717
0.000759833
0.000558446
0.000408244
0.000296531
0.000214044
0.000153454
0.000109248
7.72038e-05
5.41428e-05
3.76697e-05
2.59951e-05
1.77886e-05
1.2068e-05
8.11401e-06
5.40398e-06
3.56225e-06
2.32154e-06
1.49345e-06
9.46935e-07
5.90505e-07
3.63265e-07
2.19463e-07
1.37214e-07
8.5091e-08
7.74769e-08
6.13411e-08
1.26389e-07
1.27868e-07
3.24741e-07
3.53386e-07
4.09887e-07
4.24607e-07
0.00184927
0.00138321
0.00102713
0.000759799
0.000558421
0.000408225
0.000296517
0.000214033
0.000153446
0.000109242
7.71997e-05
5.41398e-05
3.76676e-05
2.59936e-05
1.77875e-05
1.20673e-05
8.11348e-06
5.40362e-06
3.562e-06
2.32137e-06
1.49333e-06
9.4686e-07
5.90456e-07
3.63233e-07
2.19444e-07
1.37202e-07
8.50844e-08
7.74723e-08
6.13404e-08
1.26388e-07
1.27871e-07
3.24758e-07
3.53396e-07
4.09906e-07
4.24623e-07
0.00184919
0.00138315
0.00102709
0.000759765
0.000558396
0.000408206
0.000296503
0.000214023
0.000153438
0.000109236
7.71955e-05
5.41368e-05
3.76654e-05
2.59921e-05
1.77864e-05
1.20665e-05
8.11295e-06
5.40325e-06
3.56175e-06
2.3212e-06
1.49322e-06
9.46784e-07
5.90407e-07
3.63202e-07
2.19424e-07
1.3719e-07
8.50777e-08
7.74677e-08
6.13396e-08
1.26386e-07
1.27874e-07
3.24774e-07
3.53406e-07
4.09924e-07
4.24639e-07
0.00184911
0.00138309
0.00102704
0.000759732
0.00055837
0.000408187
0.000296489
0.000214012
0.00015343
0.00010923
7.71913e-05
5.41338e-05
3.76633e-05
2.59905e-05
1.77853e-05
1.20658e-05
8.11241e-06
5.40288e-06
3.5615e-06
2.32103e-06
1.4931e-06
9.46708e-07
5.90357e-07
3.6317e-07
2.19405e-07
1.37178e-07
8.5071e-08
7.74631e-08
6.13387e-08
1.26385e-07
1.27878e-07
3.24791e-07
3.53416e-07
4.09943e-07
4.24655e-07
0.00184903
0.00138303
0.001027
0.000759698
0.000558345
0.000408168
0.000296474
0.000214002
0.000153423
0.000109225
7.71871e-05
5.41308e-05
3.76611e-05
2.5989e-05
1.77842e-05
1.2065e-05
8.11188e-06
5.40251e-06
3.56125e-06
2.32086e-06
1.49299e-06
9.46631e-07
5.90307e-07
3.63138e-07
2.19385e-07
1.37166e-07
8.50642e-08
7.74585e-08
6.13379e-08
1.26383e-07
1.27881e-07
3.24807e-07
3.53425e-07
4.09961e-07
4.24671e-07
0.00184895
0.00138297
0.00102695
0.000759664
0.000558319
0.000408149
0.00029646
0.000213991
0.000153415
0.000109219
7.7183e-05
5.41278e-05
3.76589e-05
2.59874e-05
1.77831e-05
1.20642e-05
8.11135e-06
5.40214e-06
3.56099e-06
2.32069e-06
1.49287e-06
9.46555e-07
5.90257e-07
3.63106e-07
2.19365e-07
1.37153e-07
8.50575e-08
7.74538e-08
6.1337e-08
1.26382e-07
1.27884e-07
3.24824e-07
3.53435e-07
4.0998e-07
4.24687e-07
0.00184887
0.00138291
0.00102691
0.00075963
0.000558293
0.000408129
0.000296446
0.00021398
0.000153407
0.000109213
7.71788e-05
5.41247e-05
3.76567e-05
2.59859e-05
1.7782e-05
1.20635e-05
8.11081e-06
5.40177e-06
3.56074e-06
2.32051e-06
1.49276e-06
9.46478e-07
5.90208e-07
3.63074e-07
2.19345e-07
1.37141e-07
8.50507e-08
7.74491e-08
6.13361e-08
1.2638e-07
1.27887e-07
3.2484e-07
3.53445e-07
4.09998e-07
4.24703e-07
0.00184879
0.00138285
0.00102686
0.000759596
0.000558268
0.00040811
0.000296431
0.00021397
0.000153399
0.000109207
7.71746e-05
5.41217e-05
3.76546e-05
2.59843e-05
1.77809e-05
1.20627e-05
8.11027e-06
5.4014e-06
3.56049e-06
2.32034e-06
1.49264e-06
9.46401e-07
5.90157e-07
3.63042e-07
2.19325e-07
1.37129e-07
8.50439e-08
7.74443e-08
6.13352e-08
1.26378e-07
1.2789e-07
3.24857e-07
3.53455e-07
4.10017e-07
4.24719e-07
0.00184871
0.00138279
0.00102682
0.000759562
0.000558242
0.000408091
0.000296417
0.000213959
0.000153391
0.000109202
7.71704e-05
5.41186e-05
3.76524e-05
2.59828e-05
1.77798e-05
1.20619e-05
8.10973e-06
5.40103e-06
3.56023e-06
2.32017e-06
1.49252e-06
9.46324e-07
5.90107e-07
3.6301e-07
2.19306e-07
1.37116e-07
8.50372e-08
7.74396e-08
6.13343e-08
1.26376e-07
1.27893e-07
3.24874e-07
3.53465e-07
4.10035e-07
4.24735e-07
0.00184863
0.00138273
0.00102677
0.000759528
0.000558216
0.000408072
0.000296402
0.000213948
0.000153383
0.000109196
7.71661e-05
5.41156e-05
3.76502e-05
2.59812e-05
1.77787e-05
1.20611e-05
8.10919e-06
5.40065e-06
3.55997e-06
2.31999e-06
1.49241e-06
9.46247e-07
5.90057e-07
3.62978e-07
2.19285e-07
1.37104e-07
8.50303e-08
7.74348e-08
6.13334e-08
1.26375e-07
1.27896e-07
3.24891e-07
3.53475e-07
4.10054e-07
4.24751e-07
0.00184855
0.00138267
0.00102673
0.000759494
0.00055819
0.000408052
0.000296388
0.000213938
0.000153375
0.00010919
7.71619e-05
5.41125e-05
3.7648e-05
2.59796e-05
1.77776e-05
1.20604e-05
8.10865e-06
5.40028e-06
3.55972e-06
2.31982e-06
1.49229e-06
9.4617e-07
5.90007e-07
3.62946e-07
2.19266e-07
1.37092e-07
8.50235e-08
7.743e-08
6.13324e-08
1.26373e-07
1.27899e-07
3.24907e-07
3.53485e-07
4.10072e-07
4.24767e-07
0.00184847
0.00138261
0.00102668
0.000759459
0.000558165
0.000408033
0.000296373
0.000213927
0.000153367
0.000109184
7.71577e-05
5.41095e-05
3.76458e-05
2.59781e-05
1.77765e-05
1.20596e-05
8.10811e-06
5.39991e-06
3.55946e-06
2.31964e-06
1.49217e-06
9.46092e-07
5.89956e-07
3.62913e-07
2.19245e-07
1.37079e-07
8.50165e-08
7.74252e-08
6.13314e-08
1.26371e-07
1.27902e-07
3.24924e-07
3.53495e-07
4.10091e-07
4.24783e-07
0.00184839
0.00138255
0.00102664
0.000759425
0.000558139
0.000408013
0.000296359
0.000213916
0.000153359
0.000109178
7.71534e-05
5.41064e-05
3.76436e-05
2.59765e-05
1.77754e-05
1.20588e-05
8.10756e-06
5.39953e-06
3.5592e-06
2.31947e-06
1.49205e-06
9.46014e-07
5.89905e-07
3.62881e-07
2.19225e-07
1.37067e-07
8.50097e-08
7.74203e-08
6.13304e-08
1.26369e-07
1.27905e-07
3.24941e-07
3.53505e-07
4.1011e-07
4.24799e-07
0.00184831
0.00138249
0.00102659
0.000759391
0.000558113
0.000407994
0.000296344
0.000213905
0.000153351
0.000109173
7.71492e-05
5.41033e-05
3.76414e-05
2.59749e-05
1.77743e-05
1.2058e-05
8.10702e-06
5.39915e-06
3.55894e-06
2.31929e-06
1.49194e-06
9.45936e-07
5.89855e-07
3.62848e-07
2.19205e-07
1.37054e-07
8.50027e-08
7.74155e-08
6.13293e-08
1.26367e-07
1.27908e-07
3.24958e-07
3.53515e-07
4.10128e-07
4.24815e-07
0.00184823
0.00138243
0.00102654
0.000759356
0.000558087
0.000407974
0.00029633
0.000213894
0.000153343
0.000109167
7.71449e-05
5.41002e-05
3.76391e-05
2.59733e-05
1.77732e-05
1.20572e-05
8.10647e-06
5.39877e-06
3.55869e-06
2.31912e-06
1.49182e-06
9.45858e-07
5.89803e-07
3.62816e-07
2.19185e-07
1.37042e-07
8.49958e-08
7.74106e-08
6.13283e-08
1.26365e-07
1.27911e-07
3.24975e-07
3.53526e-07
4.10147e-07
4.24831e-07
0.00184815
0.00138237
0.0010265
0.000759322
0.000558061
0.000407955
0.000296315
0.000213883
0.000153335
0.000109161
7.71406e-05
5.40971e-05
3.76369e-05
2.59717e-05
1.77721e-05
1.20564e-05
8.10592e-06
5.3984e-06
3.55842e-06
2.31894e-06
1.4917e-06
9.45779e-07
5.89753e-07
3.62783e-07
2.19165e-07
1.37029e-07
8.49888e-08
7.74057e-08
6.13272e-08
1.26363e-07
1.27914e-07
3.24992e-07
3.53536e-07
4.10165e-07
4.24848e-07
0.00184807
0.00138231
0.00102645
0.000759287
0.000558035
0.000407935
0.000296301
0.000213873
0.000153327
0.000109155
7.71363e-05
5.4094e-05
3.76347e-05
2.59702e-05
1.77709e-05
1.20557e-05
8.10538e-06
5.39802e-06
3.55817e-06
2.31876e-06
1.49158e-06
9.457e-07
5.89701e-07
3.6275e-07
2.19144e-07
1.37016e-07
8.49818e-08
7.74007e-08
6.13261e-08
1.26361e-07
1.27917e-07
3.25009e-07
3.53546e-07
4.10184e-07
4.24864e-07
0.00184799
0.00138225
0.00102641
0.000759252
0.000558008
0.000407916
0.000296286
0.000213862
0.000153319
0.000109149
7.7132e-05
5.40909e-05
3.76325e-05
2.59686e-05
1.77698e-05
1.20549e-05
8.10482e-06
5.39764e-06
3.5579e-06
2.31859e-06
1.49146e-06
9.45622e-07
5.8965e-07
3.62717e-07
2.19124e-07
1.37004e-07
8.49748e-08
7.73957e-08
6.1325e-08
1.26359e-07
1.27919e-07
3.25026e-07
3.53557e-07
4.10203e-07
4.2488e-07
0.00184791
0.00138219
0.00102636
0.000759217
0.000557982
0.000407896
0.000296271
0.000213851
0.000153311
0.000109143
7.71277e-05
5.40878e-05
3.76302e-05
2.5967e-05
1.77687e-05
1.20541e-05
8.10427e-06
5.39725e-06
3.55764e-06
2.31841e-06
1.49134e-06
9.45542e-07
5.89598e-07
3.62684e-07
2.19103e-07
1.36991e-07
8.49677e-08
7.73908e-08
6.13238e-08
1.26357e-07
1.27922e-07
3.25043e-07
3.53567e-07
4.10222e-07
4.24897e-07
0.00184782
0.00138213
0.00102632
0.000759183
0.000557956
0.000407876
0.000296256
0.00021384
0.000153303
0.000109137
7.71234e-05
5.40847e-05
3.7628e-05
2.59654e-05
1.77676e-05
1.20533e-05
8.10372e-06
5.39687e-06
3.55738e-06
2.31823e-06
1.49122e-06
9.45463e-07
5.89547e-07
3.62651e-07
2.19083e-07
1.36978e-07
8.49606e-08
7.73857e-08
6.13227e-08
1.26355e-07
1.27925e-07
3.2506e-07
3.53577e-07
4.1024e-07
4.24914e-07
0.00184774
0.00138207
0.00102627
0.000759148
0.000557929
0.000407856
0.000296242
0.000213829
0.000153295
0.000109131
7.71191e-05
5.40816e-05
3.76258e-05
2.59638e-05
1.77664e-05
1.20525e-05
8.10316e-06
5.39649e-06
3.55712e-06
2.31805e-06
1.4911e-06
9.45384e-07
5.89495e-07
3.62618e-07
2.19062e-07
1.36966e-07
8.49535e-08
7.73807e-08
6.13215e-08
1.26353e-07
1.27927e-07
3.25077e-07
3.53588e-07
4.10259e-07
4.2493e-07
0.00184766
0.001382
0.00102622
0.000759113
0.000557903
0.000407836
0.000296227
0.000213818
0.000153287
0.000109125
7.71147e-05
5.40784e-05
3.76235e-05
2.59622e-05
1.77653e-05
1.20517e-05
8.10261e-06
5.3961e-06
3.55685e-06
2.31787e-06
1.49098e-06
9.45304e-07
5.89443e-07
3.62585e-07
2.19041e-07
1.36953e-07
8.49464e-08
7.73756e-08
6.13203e-08
1.26351e-07
1.2793e-07
3.25094e-07
3.53598e-07
4.10278e-07
4.24947e-07
0.00182731
0.00136714
0.00101525
0.000750983
0.000551902
0.000403432
0.000293013
0.000211487
0.000151608
0.000107924
7.62617e-05
5.34774e-05
3.72033e-05
2.56708e-05
1.7565e-05
1.19151e-05
8.01024e-06
5.33419e-06
3.51576e-06
2.29088e-06
1.47349e-06
9.3413e-07
5.82441e-07
3.58278e-07
2.16473e-07
1.35416e-07
8.41077e-08
7.67736e-08
6.10882e-08
1.25974e-07
1.27862e-07
3.26668e-07
3.5454e-07
4.11973e-07
4.26439e-07
0.00174744
0.00130761
0.00097103
0.000718252
0.000527799
0.000385779
0.000280158
0.000202185
0.00014492
0.000103149
7.28773e-05
5.10969e-05
3.55423e-05
2.45214e-05
1.67762e-05
1.13784e-05
7.64824e-06
5.09216e-06
3.35545e-06
2.18579e-06
1.4054e-06
8.90622e-07
5.55104e-07
3.41371e-07
2.0627e-07
1.29172e-07
8.04831e-08
7.39505e-08
5.94185e-08
1.23312e-07
1.23678e-07
3.22997e-07
3.55241e-07
4.1333e-07
4.28375e-07
0.00163236
0.00122166
0.000907231
0.000671055
0.000493084
0.000360379
0.000261687
0.000188836
0.000135337
9.63173e-05
6.80425e-05
4.77015e-05
3.31767e-05
2.28868e-05
1.56561e-05
1.06175e-05
7.13577e-06
4.75017e-06
3.12945e-06
2.03806e-06
1.31003e-06
8.2993e-07
5.17127e-07
3.17962e-07
1.92152e-07
1.20465e-07
7.52802e-08
6.96819e-08
5.65623e-08
1.19876e-07
1.25106e-07
3.47406e-07
3.66704e-07
4.2436e-07
4.35267e-07
0.00148487
0.00111137
0.000825328
0.000610471
0.000448544
0.000327809
0.000238018
0.000171742
0.000123074
8.75819e-05
6.18655e-05
4.3367e-05
3.01593e-05
2.08033e-05
1.42296e-05
9.64908e-06
6.48418e-06
4.3158e-06
2.84278e-06
1.85096e-06
1.18948e-06
7.53363e-07
4.69312e-07
2.88531e-07
1.74396e-07
1.09456e-07
6.85835e-08
6.39813e-08
5.21622e-08
1.12635e-07
1.10269e-07
3.28442e-07
3.64031e-07
4.20517e-07
4.34996e-07
0.0013083
0.00097928
0.000727232
0.000537913
0.000395217
0.000288823
0.000209697
0.000151297
0.000108415
7.71442e-05
5.44883e-05
3.81928e-05
2.6559e-05
1.83186e-05
1.25291e-05
8.49528e-06
5.70828e-06
3.79891e-06
2.50192e-06
1.62873e-06
1.04645e-06
6.6263e-07
4.12713e-07
2.53717e-07
1.53382e-07
9.63724e-08
6.05356e-08
5.69659e-08
4.72002e-08
1.05601e-07
1.14539e-07
3.78e-07
3.86877e-07
4.4014e-07
4.46397e-07
0.0011064
0.00082819
0.000615026
0.000454918
0.000334228
0.000244245
0.000177323
0.000127932
9.16666e-05
6.52226e-05
4.6065e-05
3.22866e-05
2.24506e-05
1.5484e-05
1.05898e-05
7.17988e-06
4.82403e-06
3.21011e-06
2.11387e-06
1.3759e-06
8.83847e-07
5.59569e-07
3.48471e-07
2.14215e-07
1.29524e-07
8.14659e-08
5.12709e-08
4.86699e-08
3.97467e-08
9.3156e-08
8.45627e-08
3.3858e-07
3.78824e-07
4.29164e-07
4.42826e-07
0.000883222
0.000661152
0.000490978
0.000363164
0.00026681
0.000194972
0.000141545
0.000102115
7.31648e-05
5.20557e-05
3.67638e-05
2.57663e-05
1.79159e-05
1.2356e-05
8.45009e-06
5.72889e-06
3.84889e-06
2.561e-06
1.68625e-06
1.09742e-06
7.04853e-07
4.46181e-07
2.77826e-07
1.70784e-07
1.03282e-07
6.50202e-08
4.10079e-08
3.92794e-08
3.35547e-08
8.09554e-08
9.5425e-08
4.23546e-07
4.17873e-07
4.59776e-07
4.60332e-07
0.000643299
0.000481566
0.000357614
0.000264518
0.000194333
0.000142007
0.000103091
7.43705e-05
5.32839e-05
3.79093e-05
2.67721e-05
1.87629e-05
1.30459e-05
8.99704e-06
6.15277e-06
4.17123e-06
2.80226e-06
1.86446e-06
1.22751e-06
7.98781e-07
5.12981e-07
3.24684e-07
2.02155e-07
1.24267e-07
7.51616e-08
4.73554e-08
2.98812e-08
2.88973e-08
2.28136e-08
6.27996e-08
4.21798e-08
3.51915e-07
3.99582e-07
4.37597e-07
4.50346e-07
0.00039089
0.000292618
0.000217298
0.00016073
0.000118082
8.62857e-05
6.26382e-05
4.51868e-05
3.2374e-05
2.30323e-05
1.62654e-05
1.13992e-05
7.92572e-06
5.46587e-06
3.73787e-06
2.53401e-06
1.70232e-06
1.13257e-06
7.45603e-07
4.85144e-07
3.11529e-07
1.97158e-07
1.22746e-07
7.54527e-08
4.56418e-08
2.87726e-08
1.82043e-08
1.77061e-08
1.64174e-08
4.20427e-08
6.60768e-08
4.94152e-07
4.66503e-07
4.85466e-07
4.79507e-07
0.00013175
9.86357e-05
7.32493e-05
5.41815e-05
3.98049e-05
2.90864e-05
2.11147e-05
1.52318e-05
1.09126e-05
7.76355e-06
5.48254e-06
3.84226e-06
2.67147e-06
1.84235e-06
1.25991e-06
8.54125e-07
5.73779e-07
3.81723e-07
2.5128e-07
1.63483e-07
1.04964e-07
6.6419e-08
4.13454e-08
2.5414e-08
1.53729e-08
9.69779e-09
6.08333e-09
6.07649e-09
2.87402e-09
1.88435e-08
-2.45915e-08
3.64502e-07
4.24934e-07
4.43438e-07
4.54966e-07
)
;

boundaryField
{
    atmosphere
    {
        type            totalPressure;
        rho             rho;
        psi             none;
        gamma           1;
        p0              uniform 0;
        value           nonuniform List<scalar> 
477
(
-0.000167147
-0.000156482
-0.000123268
-7.59379e-05
-2.90437e-05
-1.39429e-06
0
0
0
0
0
0
0
0
0
0
0
0
0
0
0
0
0
0
0
0
0
0
0
0
0
0
0
0
0
0
0
0
0
0
-3.0365e-05
-0.00018772
-0.000487244
-0.000924382
-0.00147636
-0.00210182
-0.00274373
-0.00333735
-0.00381971
-0.0041402
-0.00426699
-0.00419211
-0.00392935
-0.00351154
-0.00298305
-0.00239659
-0.0018006
-0.00125028
-0.000768023
-0.000415398
-0.000143336
-2.72577e-05
0
0
0
0
0
0
0
0
0
0
0
0
-4.02222e-06
-1.84924e-05
-3.17655e-05
-3.43711e-05
-2.3846e-05
-7.42307e-06
0
0
0
0
0
0
0
0
0
0
0
0
0
0
0
0
0
0
0
0
0
0
0
0
0
0
0
0
-1.37972e-05
-9.49812e-05
-0.000261026
-0.000520903
-0.000878702
-0.00132732
-0.00185198
-0.00241981
-0.00298804
-0.0035078
-0.00390191
-0.00416699
-0.00416158
-0.00400293
-0.00358632
-0.00303074
-0.00234991
-0.00165616
-0.00101206
-0.000497174
-0.000154457
-6.88494e-06
0
0
0
0
0
0
0
0
0
0
0
0
0
0
0
0
0
0
0
0
0
0
-1.98954e-08
-8.63142e-07
-2.19373e-06
-3.40475e-06
-4.25613e-06
-4.70819e-06
-4.8145e-06
-4.66623e-06
-4.34543e-06
-3.92468e-06
-3.45984e-06
-2.99075e-06
-2.54363e-06
-2.13398e-06
-1.76954e-06
-1.45262e-06
-1.18199e-06
-9.54343e-07
-7.65239e-07
-6.09833e-07
-4.83299e-07
-3.81105e-07
-2.99157e-07
-2.3386e-07
-1.82123e-07
-1.4134e-07
-1.09338e-07
-8.43317e-08
-6.48666e-08
-4.97677e-08
-3.80932e-08
-2.90931e-08
-2.21739e-08
-1.6868e-08
-1.28088e-08
-9.71017e-09
-7.3497e-09
-5.55498e-09
-4.19287e-09
-3.16082e-09
-2.3801e-09
-1.79038e-09
-1.34555e-09
-1.01046e-09
-7.58353e-10
-5.68901e-10
-4.26692e-10
-3.19746e-10
-2.39514e-10
-1.79585e-10
-1.34865e-10
-1.01528e-10
-7.67018e-11
-5.8235e-11
-4.45176e-11
-3.43472e-11
-2.68276e-11
-2.12909e-11
-1.72452e-11
-1.43285e-11
-1.22791e-11
-1.09124e-11
-1.0106e-11
-9.78782e-12
-9.92688e-12
-1.05405e-11
-1.16893e-11
-1.34851e-11
-1.61013e-11
-1.97903e-11
-2.49078e-11
-3.19473e-11
-4.15883e-11
-5.47613e-11
-7.27389e-11
-9.72581e-11
-1.30689e-10
-1.76265e-10
-2.38395e-10
-3.2309e-10
-4.38551e-10
-5.95957e-10
-8.10556e-10
-1.10314e-09
-1.50208e-09
-2.04606e-09
-2.78785e-09
-3.79944e-09
-5.17906e-09
-7.06073e-09
-9.62731e-09
-1.31284e-08
-1.79046e-08
-2.44208e-08
-3.3312e-08
-4.5445e-08
-6.20038e-08
-8.4606e-08
-1.15462e-07
-1.57594e-07
-2.15133e-07
-2.93732e-07
-4.01128e-07
-5.47914e-07
-7.486e-07
-1.02307e-06
-1.39861e-06
-1.91261e-06
-2.61641e-06
-3.58047e-06
-4.90146e-06
-6.712e-06
-9.19386e-06
-1.25957e-05
-1.72572e-05
-2.36404e-05
-3.23712e-05
-4.42966e-05
-6.05326e-05
-8.25468e-05
-0.00011226
-0.000152093
-0.000205021
-0.000274565
-0.000364637
-0.000479194
-0.000621598
-0.000793815
-0.000994829
-0.00122152
-0.00146154
-0.00170853
-0.00193639
-0.00214666
-0.00231215
-0.00243696
-0.00250347
-0.00251847
-0.00247588
-0.00238195
-0.00223784
-0.00204746
-0.00181568
-0.00154414
-0.00124439
-0.00092119
-0.000602427
-0.000308861
-9.09275e-05
-3.74979e-08
0
0
0
0
0
0
0
0
0
0
0
0
0
0
0
0
0
0
0
0
0
0
0
0
0
0
0
0
0
0
0
0
0
0
0
0
0
0
0
0
0
-7.01332e-08
-2.87481e-07
-6.7265e-07
-1.26212e-06
-2.11175e-06
-3.30204e-06
-4.94578e-06
-7.19868e-06
-1.02741e-05
-1.44629e-05
-2.01613e-05
-2.79075e-05
-3.84319e-05
-5.27249e-05
-7.2128e-05
-9.84563e-05
-0.000134161
-0.000182549
-0.000248055
-0.000336651
-0.000456203
-0.000617191
-0.00083372
-0.00112292
-0.00150708
-0.00201457
-0.00267868
-0.00353711
-0.00462871
-0.00598762
-0.00763483
-0.00956784
-0.0117455
-0.0140777
-0.0164223
-0.018814
-0.0205016
-0.022713
-0.0226513
-0.0247867
-0.0230489
-0.0251082
-0.0230429
-0.0248716
-0.0227644
-0.0244561
-0.0223181
-0.0232583
-0.0214202
-0.0208628
-0.0187274
-0.0163253
-0.0129121
-0.00867463
-0.00412703
-0.000599876
0
0
0
0
0
0
0
0
0
0
0
0
0
0
0
0
0
0
0
0
0
0
0
0
0
0
0
0
0
0
0
0
0
0
0
0
0
0
0
0
0
0
0
0
0
0
0
0
0
0
0
0
0
0
0
0
0
0
0
0
0
0
0
0
0
0
0
0
0
0
0
0
0
0
-2.65058e-14
-1.17439e-14
-2.11685e-15
-1.35306e-15
)
;
    }
    inlet
    {
        type            zeroGradient;
    }
    outlet
    {
        type            zeroGradient;
    }
    bottom
    {
        type            zeroGradient;
    }
    frontBack
    {
        type            empty;
    }
}


// ************************************************************************* //
