/*--------------------------------*- C++ -*----------------------------------*\
| =========                 |                                                 |
| \\      /  F ield         | OpenFOAM: The Open Source CFD Toolbox           |
|  \\    /   O peration     | Version:  v1912                                 |
|   \\  /    A nd           | Website:  www.openfoam.com                      |
|    \\/     M anipulation  |                                                 |
\*---------------------------------------------------------------------------*/
FoamFile
{
    version     2.0;
    format      ascii;
    class       volScalarField;
    location    "7";
    object      p_rgh;
}
// * * * * * * * * * * * * * * * * * * * * * * * * * * * * * * * * * * * * * //

dimensions      [1 -1 -2 0 0 0 0];


internalField   nonuniform List<scalar> 
15834
(
4561.25
4381.76
4076.89
3760.22
3493.09
3272.4
3051.51
2779.2
2394.52
1874.91
1230.78
504.11
-239.552
-943.677
-1524.49
-1940.01
-2178.93
-2240.49
-2201.08
-2100.39
-1981.79
-1864.3
-1832.97
-1740.68
-1647.48
-1522.91
-1348.18
-1113.04
-823.361
-493.161
-140.193
230.742
596.046
955.448
1300.04
1616.27
1882.24
2067.95
2142.55
2071.29
1858.92
1498.29
1023.98
490.629
-10.7941
-442.481
-730.94
-856.317
-825.847
-689.222
-494.998
-297.338
-137.388
-28.8876
32.2549
54.4207
53.1917
41.0339
26.3138
13.5982
4.30581
-1.17593
-4.07722
-5.11694
-5.06281
-4.46111
-3.66195
-2.85916
-2.14694
-1.56519
-1.11459
-0.778519
-0.535039
-0.362675
-0.243139
-0.16135
4560.44
4380.08
4075
3758.66
3492.28
3272.32
3052.02
2780.24
2396.08
1876.72
1232.41
505.134
-239.405
-944.531
-1526.23
-1942.27
-2181.34
-2242.6
-2202.55
-2101.18
-1981.99
-1864.15
-1832.57
-1740.55
-1647.68
-1523.4
-1348.89
-1113.78
-824.001
-493.609
-140.441
230.631
596.03
955.51
1300.22
1616.65
1882.95
2069.05
2144.03
2073.01
1860.57
1499.58
1024.62
490.446
-11.8157
-444.104
-732.819
-858.038
-827.095
-689.832
-495.005
-296.93
-136.781
-28.2771
32.7169
54.7123
53.3339
41.0719
26.2931
13.5539
4.26102
-1.2136
-4.10311
-5.13953
-5.07183
-4.46502
-3.66293
-2.85862
-2.14586
-1.56408
-1.11369
-0.777919
-0.534735
-0.362635
-0.243313
-0.16169
4558.8
4376.72
4071.24
3755.55
3490.67
3272.18
3053.04
2782.31
2399.21
1880.32
1235.66
507.166
-239.129
-946.257
-1529.72
-1946.81
-2186.18
-2246.81
-2205.51
-2102.78
-1982.4
-1863.85
-1831.75
-1740.27
-1648.08
-1524.37
-1350.31
-1115.28
-825.281
-494.505
-140.936
230.41
595.999
955.634
1300.57
1617.42
1884.36
2071.26
2146.99
2076.44
1863.87
1502.14
1025.87
490.055
-13.8829
-447.366
-736.582
-861.483
-829.592
-691.048
-495.013
-296.107
-135.561
-27.0518
33.644
55.2965
53.6204
41.1493
26.2532
13.4662
4.17199
-1.28805
-4.15373
-5.16039
-5.08676
-4.47053
-3.66284
-2.85564
-2.14182
-1.55999
-1.10999
-0.774766
-0.532118
-0.360475
-0.24151
-0.160156
4556.31
4371.69
4065.6
3750.91
3488.28
3271.96
3054.56
2785.41
2403.9
1885.74
1240.54
510.231
-238.707
-948.844
-1534.98
-1953.62
-2193.45
-2253.13
-2209.97
-2105.17
-1983.01
-1863.39
-1830.53
-1739.86
-1648.68
-1525.83
-1352.44
-1117.53
-827.206
-495.851
-141.678
230.081
595.953
955.821
1301.1
1618.58
1886.49
2074.58
2151.43
2081.6
1868.82
1506
1027.76
489.471
-16.9873
-452.27
-742.241
-866.659
-833.343
-692.874
-495.023
-294.869
-133.728
-25.2116
35.0348
56.1721
54.0465
41.2622
26.1906
13.3328
4.0376
-1.40019
-4.23041
-5.21459
-5.11142
-4.48033
-3.66403
-2.85241
-2.13701
-1.55513
-1.10578
-0.771434
-0.529664
-0.35879
-0.240448
-0.159581
4552.92
4364.98
4058.08
3744.77
3485.14
3271.67
3056.57
2789.54
2410.16
1892.98
1247.09
514.356
-238.12
-952.283
-1542
-1962.74
-2203.17
-2261.57
-2215.93
-2108.36
-1983.81
-1862.76
-1828.87
-1739.29
-1649.48
-1527.79
-1355.29
-1120.55
-829.781
-497.649
-142.664
229.645
595.896
956.069
1301.79
1620.11
1889.31
2079
2157.35
2088.5
1875.44
1511.15
1030.29
488.691
-21.141
-458.83
-749.809
-873.576
-838.355
-695.304
-495.024
-293.202
-131.273
-22.7491
36.894
57.3385
54.6132
41.4109
26.1058
13.1539
3.85771
-1.54954
-4.3322
-5.27231
-5.14304
-4.49257
-3.66493
-2.8475
-2.13002
-1.54806
-1.09953
-0.766296
-0.525626
-0.355699
-0.238102
-0.157799
4548.58
4356.59
4048.69
3737.18
3481.3
3271.32
3059.09
2794.69
2417.99
1902.06
1255.33
519.575
-237.346
-956.566
-1550.79
-1974.17
-2215.35
-2272.14
-2223.42
-2112.37
-1984.8
-1861.95
-1826.76
-1738.56
-1650.46
-1530.25
-1358.87
-1124.33
-833.015
-499.903
-143.894
229.106
595.829
956.38
1302.66
1622.01
1892.83
2084.52
2164.76
2097.14
1883.74
1517.61
1033.47
487.716
-26.3528
-467.065
-759.309
-882.256
-844.637
-698.339
-495.009
-291.098
-128.189
-19.6591
39.2226
58.7943
55.3164
41.5914
25.9955
12.9275
3.63161
-1.73634
-4.45956
-5.35011
-5.18265
-4.50788
-3.66609
-2.84145
-2.12143
-1.53943
-1.09198
-0.760198
-0.520965
-0.352287
-0.235696
-0.156171
4543.16
4346.53
4037.43
3728.2
3476.8
3270.9
3062.08
2800.86
2427.4
1913.02
1265.3
525.931
-236.357
-961.682
-1561.39
-1987.96
-2230.02
-2284.88
-2232.46
-2117.2
-1985.96
-1860.96
-1824.17
-1737.66
-1651.64
-1533.21
-1363.19
-1128.9
-836.915
-502.614
-145.365
228.468
595.756
956.753
1303.68
1624.28
1897.04
2091.14
2173.66
2107.54
1893.73
1525.4
1037.3
486.546
-32.6374
-476.997
-770.766
-892.713
-852.199
-701.976
-494.965
-288.541
-124.464
-15.9311
42.0255
60.5383
56.1547
41.8018
25.858
12.6523
3.35862
-1.9606
-4.61219
-5.44169
-5.22971
-4.52587
-3.6672
-2.83399
-2.11098
-1.52895
-1.08279
-0.752738
-0.515197
-0.347975
-0.232537
-0.153889
4536.55
4334.77
4024.27
3717.94
3471.72
3270.4
3065.55
2808.03
2438.4
1925.86
1277.05
533.476
-235.121
-967.616
-1573.8
-2004.12
-2247.21
-2299.83
-2243.09
-2122.85
-1987.29
-1859.75
-1821.08
-1736.56
-1652.99
-1536.69
-1368.26
-1134.27
-841.494
-505.789
-147.073
227.735
595.682
957.188
1304.87
1626.9
1901.93
2098.86
2184.04
2119.71
1905.43
1534.54
1041.8
485.18
-40.0116
-488.656
-784.211
-904.977
-861.056
-706.211
-494.88
-285.512
-120.086
-11.5549
45.3055
62.5686
57.1238
42.0373
25.6898
12.3263
3.03791
-2.22248
-4.79009
-5.54821
-5.28414
-4.54646
-3.66818
-2.8251
-2.09871
-1.5167
-1.0721
-0.744093
-0.508556
-0.343063
-0.229006
-0.15142
4528.52
4321.29
4009.21
3706.5
3466.1
3269.84
3069.47
2816.2
2451
1940.64
1290.62
542.271
-233.598
-974.353
-1588.05
-2022.7
-2266.96
-2317.03
-2255.35
-2129.34
-1988.77
-1858.31
-1817.42
-1735.23
-1654.51
-1540.7
-1374.11
-1140.46
-846.764
-509.432
-149.014
226.914
595.61
957.686
1306.2
1629.86
1907.49
2107.67
2195.94
2133.68
1918.88
1545.05
1046.98
483.618
-48.4943
-502.074
-799.682
-919.067
-871.222
-711.04
-494.737
-281.99
-115.043
-6.51554
49.068
64.8891
58.2205
42.2943
25.4876
11.9472
2.66854
-2.52216
-4.99315
-5.66921
-5.34567
-4.56943
-3.66889
-2.81468
-2.08455
-1.50264
-1.05985
-0.734189
-0.50094
-0.33741
-0.224911
-0.148511
4518.82
4306
3992.25
3694.04
3460.04
3269.18
3073.83
2825.36
2465.21
1957.38
1306.08
552.389
-231.743
-981.87
-1604.17
-2043.75
-2289.32
-2336.56
-2269.29
-2136.68
-1990.38
-1856.62
-1813.17
-1733.66
-1656.19
-1545.25
-1380.75
-1147.49
-852.743
-513.548
-151.184
226.011
595.548
958.247
1307.67
1633.16
1913.71
2117.57
2209.33
2149.46
1934.09
1556.95
1052.86
481.865
-58.1112
-517.289
-817.183
-935.06
-882.716
-716.46
-494.517
-277.951
-109.32
-0.795657
53.3171
67.5227
59.4397
42.567
25.247
11.5125
2.2495
-2.85985
-5.22127
-5.80447
-5.41404
-4.59457
-3.66915
-2.80264
-2.06845
-1.48674
-1.04604
-0.723056
-0.4924
-0.331091
-0.220358
-0.145306
4507.09
4288.76
3973.38
3680.76
3453.61
3268.43
3078.61
2835.5
2481.04
1976.12
1323.5
563.912
-229.503
-990.145
-1622.2
-2067.33
-2314.33
-2358.49
-2284.96
-2144.9
-1992.11
-1854.65
-1808.24
-1731.81
-1658.01
-1550.36
-1388.2
-1155.38
-859.447
-518.146
-153.578
225.033
595.502
958.871
1309.28
1636.77
1920.58
2128.55
2224.23
2167.08
1951.09
1570.27
1059.46
479.911
-68.8862
-534.342
-836.759
-953.027
-895.557
-722.462
-494.198
-273.365
-102.901
5.62538
58.0557
70.4163
60.7761
42.8498
24.9634
11.0195
1.77973
-3.2358
-5.47432
-5.95366
-5.48895
-4.62162
-3.66878
-2.78886
-2.05036
-1.46897
-1.03066
-0.710682
-0.482918
-0.324079
-0.215301
-0.141735
4492.89
4269.29
3952.67
3666.9
3446.89
3267.54
3083.76
2846.62
2498.49
1996.91
1342.96
576.933
-226.818
-999.148
-1642.16
-2093.48
-2342.06
-2382.92
-2302.41
-2153.99
-1993.92
-1852.38
-1802.57
-1729.64
-1659.95
-1556.06
-1396.5
-1164.15
-866.897
-523.233
-156.188
223.989
595.479
959.56
1311.02
1640.68
1928.08
2140.61
2240.66
2186.57
1969.92
1585.06
1066.8
477.774
-80.8482
-553.278
-858.495
-972.963
-909.767
-729.045
-493.758
-268.202
-95.7617
12.7662
63.2895
73.5835
62.2241
43.1359
24.631
10.4652
1.25809
-3.65028
-5.75215
-6.11642
-5.57005
-4.65029
-3.66755
-2.77324
-2.03022
-1.44932
-1.01371
-0.697075
-0.472512
-0.316396
-0.209773
-0.137845
4475.65
4247.07
3930.26
3652.75
3439.94
3266.5
3089.26
2858.72
2517.6
2019.81
1364.55
591.559
-223.621
-1008.84
-1664.11
-2122.29
-2372.58
-2409.96
-2321.74
-2163.99
-1995.8
-1849.77
-1796.06
-1727.1
-1661.98
-1562.36
-1405.65
-1173.85
-875.115
-528.818
-159.007
222.889
595.491
960.314
1312.86
1644.88
1936.19
2153.74
2258.61
2207.94
1990.62
1601.33
1074.89
475.43
-94.0456
-574.162
-882.451
-994.913
-925.368
-736.195
-493.164
-262.421
-87.7207
20.4917
69.0193
77.0196
63.776
43.4173
24.2438
9.84631
0.683444
-4.10361
-6.05458
-6.29237
-5.65696
-4.68026
-3.66524
-2.75564
-2.00794
-1.42774
-0.995165
-0.68223
-0.461181
-0.308042
-0.203767
-0.133618
4454.69
4221.37
3906.45
3638.63
3432.82
3265.24
3095.05
2871.79
2538.35
2044.84
1388.34
607.875
-219.871
-1019.22
-1688.11
-2153.83
-2405.95
-2439.77
-2343.03
-2174.93
-1997.72
-1846.81
-1788.61
-1724.13
-1664.07
-1569.31
-1415.7
-1184.5
-884.131
-534.915
-162.029
221.742
595.545
961.135
1314.81
1649.34
1944.89
2167.94
2278.08
2231.24
2013.23
1619.16
1083.8
472.928
-108.472
-597.026
-908.673
-1018.96
-942.39
-743.911
-492.396
-255.992
-78.834
28.9061
75.253
80.7246
65.4267
43.6871
23.7955
9.15929
0.0545863
-4.59611
-6.3814
-6.48106
-5.74926
-4.71118
-3.6616
-2.73594
-1.98347
-1.40421
-0.975025
-0.666153
-0.448935
-0.299028
-0.197298
-0.129074
4437.09
4200.44
3889.56
3629.29
3427.9
3264.24
3099.15
2881.33
2553.53
2063.22
1405.88
619.98
-217.1
-1026.84
-1705.87
-2177.11
-2430.53
-2461.81
-2358.75
-2182.93
-1998.99
-1844.54
-1782.83
-1721.81
-1665.52
-1574.47
-1423.15
-1192.39
-890.794
-539.398
-164.21
220.932
595.607
961.727
1316.18
1652.52
1951.18
2178.27
2292.33
2248.35
2029.86
1632.26
1090.33
471.046
-119.186
-613.943
-928.032
-1036.71
-954.892
-749.505
-491.726
-251.163
-72.2212
35.0933
79.8154
83.408
66.6019
43.854
23.4452
8.64492
-0.408463
-4.95627
-6.61899
-6.61697
-5.81506
-4.73248
-3.65805
-2.72107
-1.96536
-1.38692
-0.960302
-0.654434
-0.440029
-0.292484
-0.192609
-0.125784
4427.12
4188.72
3880.64
3624.48
3425.33
3263.68
3101.33
2886.44
2561.69
2073.12
1415.38
626.573
-215.541
-1030.88
-1715.42
-2189.64
-2443.77
-2473.69
-2367.22
-2187.22
-1999.64
-1843.3
-1779.67
-1720.54
-1666.28
-1577.26
-1427.16
-1196.64
-894.38
-541.802
-165.367
220.51
595.652
962.048
1316.92
1654.21
1954.54
2183.81
2299.97
2257.55
2038.8
1639.32
1093.85
470.045
-124.95
-623.053
-938.456
-1046.28
-961.614
-752.497
-491.343
-248.544
-68.6494
38.4225
82.2654
84.8435
67.2264
43.9375
23.2527
8.36637
-0.65755
-5.14962
-6.74624
-6.68953
-5.85005
-4.74366
-3.65597
-2.71299
-1.9556
-1.37763
-0.952399
-0.648151
-0.435258
-0.288981
-0.1901
-0.124025
4416.34
4176.23
3871.7
3619.75
3422.74
3263.07
3103.52
2891.69
2570.07
2083.34
1425.22
633.466
-213.835
-1034.95
-1725.22
-2202.52
-2457.38
-2485.96
-2375.95
-2191.62
-2000.28
-1842.01
-1776.34
-1719.19
-1667.04
-1580.13
-1431.29
-1201.02
-898.068
-544.268
-166.542
220.091
595.71
962.383
1317.66
1655.94
1957.97
2189.47
2307.81
2266.99
2048
1646.6
1097.5
469.042
-130.871
-632.423
-949.18
-1056.13
-968.521
-755.558
-490.929
-245.832
-64.9634
41.8458
84.7801
86.3109
67.8607
44.0172
23.0509
8.07805
-0.913552
-5.34796
-6.87648
-6.76354
-5.88559
-4.75484
-3.65366
-2.70462
-1.94554
-1.36809
-0.944294
-0.641714
-0.430374
-0.285398
-0.187535
-0.122227
4404.66
4162.93
3862.8
3615.13
3420.15
3262.41
3105.73
2897.06
2578.67
2093.84
1435.37
640.612
-212.035
-1039.09
-1735.29
-2215.77
-2471.38
-2498.62
-2384.96
-2196.15
-2000.91
-1840.67
-1772.86
-1717.77
-1667.79
-1583.09
-1435.54
-1205.52
-901.866
-546.802
-167.738
219.669
595.776
962.726
1318.41
1657.69
1961.47
2195.27
2315.85
2276.69
2057.45
1654.07
1101.24
468.009
-136.968
-642.067
-960.211
-1066.28
-975.614
-758.685
-490.482
-243.025
-61.1619
45.3643
87.3591
87.81
68.5043
44.0925
22.8393
7.77969
-1.17645
-5.55132
-7.00968
-6.83898
-5.92165
-4.76602
-3.65109
-2.69593
-1.93518
-1.35828
-0.935985
-0.635124
-0.425378
-0.281734
-0.184914
-0.120391
4391.93
4148.77
3853.99
3610.64
3417.54
3261.71
3107.96
2902.56
2587.48
2104.64
1445.84
648.021
-210.132
-1043.29
-1745.65
-2229.39
-2485.78
-2511.68
-2394.24
-2200.8
-2001.53
-1839.28
-1769.19
-1716.28
-1668.53
-1586.14
-1439.92
-1210.16
-905.773
-549.404
-168.955
219.246
595.853
963.079
1319.17
1659.46
1965.04
2201.2
2324.08
2286.64
2067.16
1661.76
1105.1
466.954
-143.24
-651.987
-971.553
-1076.72
-982.895
-761.88
-489.999
-240.12
-57.2422
48.9799
90.0022
89.3403
69.1563
44.1628
22.6177
7.47295
-1.4482
-5.75974
-7.14584
-6.91583
-5.95822
-4.77718
-3.64826
-2.68693
-1.92452
-1.34822
-0.927473
-0.628379
-0.420269
-0.277991
-0.182239
-0.118518
4377.96
4133.73
3845.31
3606.28
3414.93
3260.95
3110.18
2908.2
2596.5
2115.73
1456.63
655.7
-208.122
-1047.56
-1756.28
-2243.38
-2500.57
-2525.15
-2403.81
-2205.58
-2002.13
-1837.83
-1765.34
-1714.7
-1669.26
-1589.29
-1444.42
-1214.94
-909.792
-552.074
-170.192
218.822
595.94
963.44
1319.94
1661.26
1968.67
2207.27
2332.51
2296.84
2077.13
1669.66
1109.07
465.881
-149.687
-662.181
-983.203
-1087.44
-990.364
-765.14
-489.479
-237.115
-53.2039
52.6923
92.711
90.9018
69.8168
44.228
22.3857
7.15718
-1.7284
-5.97322
-7.28494
-6.99406
-5.99527
-4.78828
-3.64516
-2.67759
-1.91355
-1.3379
-0.918756
-0.621481
-0.415049
-0.274169
-0.179508
-0.116607
4362.52
4117.8
3836.83
3602.07
3412.31
3260.13
3112.41
2913.97
2605.74
2127.12
1467.76
663.661
-205.996
-1051.89
-1767.19
-2257.76
-2515.76
-2539.04
-2413.66
-2210.48
-2002.72
-1836.33
-1761.36
-1713.03
-1669.97
-1592.53
-1449.06
-1219.85
-913.924
-554.813
-171.448
218.399
596.039
963.812
1320.71
1663.08
1972.37
2213.45
2341.13
2307.31
2087.37
1677.77
1113.15
464.781
-156.325
-672.671
-995.181
-1098.49
-998.024
-768.468
-488.922
-234.01
-49.0434
56.5058
95.4851
92.4936
70.4845
44.2869
22.1429
6.83203
-2.01695
-6.19179
-7.42696
-7.07364
-6.03277
-4.79931
-3.64177
-2.66793
-1.90226
-1.32732
-0.909834
-0.614429
-0.409718
-0.270269
-0.176723
-0.114659
4344.76
4100.34
3828.31
3597.88
3409.58
3259.21
3114.72
2920.09
2615.53
2139.22
1479.64
672.202
-203.668
-1056.42
-1778.79
-2273.03
-2531.91
-2553.86
-2424.17
-2215.69
-2003.31
-1834.74
-1756.45
-1711.24
-1670.69
-1595.98
-1453.99
-1225.08
-918.321
-557.719
-172.766
217.963
596.155
964.207
1321.52
1664.99
1976.26
2220
2350.29
2318.4
2098.23
1686.39
1117.49
463.633
-163.357
-683.796
-1007.89
-1110.23
-1006.15
-771.975
-488.297
-230.682
-44.6083
60.5546
98.4226
94.173
71.1835
44.3419
21.8802
6.48542
-2.32431
-6.42336
-7.57699
-7.15738
-6.07203
-4.81063
-3.63795
-2.65757
-1.89026
-1.3161
-0.900385
-0.606971
-0.404085
-0.26615
-0.173783
-0.112604
4323.97
4081.26
3819.87
3593.74
3406.74
3258.17
3117.08
2926.58
2625.91
2152.08
1492.31
681.366
-201.126
-1061.17
-1791.12
-2289.27
-2549.08
-2569.69
-2435.37
-2221.22
-2003.9
-1832.88
-1751.99
-1709.11
-1671.41
-1599.66
-1459.24
-1230.66
-923.001
-560.807
-174.151
217.513
596.29
964.627
1322.36
1666.98
1980.36
2226.9
2359.92
2330.18
2109.78
1695.56
1122.11
462.397
-170.905
-695.702
-1021.45
-1122.79
-1014.78
-775.685
-487.613
-227.128
-39.8825
64.8614
101.54
95.9443
71.9137
44.3903
21.5952
6.11563
-2.65172
-6.66868
-7.73543
-7.24544
-6.11309
-4.82219
-3.63364
-2.64646
-1.87747
-1.30419
-0.890378
-0.599082
-0.398133
-0.261802
-0.170683
-0.110438
4299.99
4061.38
3811.88
3589.8
3403.89
3257.05
3119.43
2933.23
2636.53
2165.3
1505.38
690.872
-198.442
-1065.98
-1803.79
-2305.97
-2566.74
-2586.05
-2446.93
-2226.91
-2004.45
-1830.83
-1747.44
-1706.73
-1672.09
-1603.45
-1464.64
-1236.4
-927.819
-563.977
-175.555
217.065
596.44
965.059
1323.21
1668.99
1984.53
2233.97
2369.9
2342.25
2121.63
1704.96
1126.86
461.191
-178.533
-707.794
-1035.27
-1135.63
-1023.62
-779.45
-486.858
-223.43
-34.9986
69.2858
104.726
97.7471
72.6496
44.4304
21.297
5.73426
-2.98876
-6.9199
-7.89714
-7.33493
-6.15456
-4.8336
-3.62896
-2.63494
-1.86432
-1.29197
-0.880136
-0.591019
-0.392055
-0.257365
-0.167522
-0.10823
4271.97
4040.88
3804.42
3586.08
3401.02
3255.83
3121.75
2940.05
2647.4
2178.87
1518.86
700.734
-195.603
-1070.84
-1816.81
-2323.12
-2584.88
-2602.93
-2458.85
-2232.74
-2004.98
-1828.58
-1742.86
-1704.07
-1672.74
-1607.35
-1470.21
-1242.3
-932.775
-567.229
-176.978
216.622
596.607
965.501
1324.06
1671.02
1988.76
2241.15
2379.92
2354.62
2133.81
1714.68
1131.77
459.88
-186.64
-720.547
-1049.7
-1149.12
-1032.69
-783.32
-486.088
-219.644
-29.996
73.8205
107.996
99.5887
73.3951
44.4621
20.9844
5.34074
-3.3355
-7.17706
-8.06219
-7.42581
-6.19641
-4.8448
-3.62387
-2.623
-1.85078
-1.27944
-0.869656
-0.582782
-0.385853
-0.252842
-0.164302
-0.105984
4238.76
4020.04
3797.56
3582.56
3398.12
3254.5
3124.03
2947.04
2658.53
2192.8
1532.76
710.964
-192.602
-1075.74
-1830.18
-2340.73
-2603.51
-2620.37
-2471.13
-2238.73
-2005.46
-1826.14
-1738.24
-1701.12
-1673.34
-1611.37
-1475.93
-1248.38
-937.871
-570.565
-178.417
216.184
596.795
965.96
1324.92
1673.08
1993.07
2248.52
2390.44
2367.3
2146.29
1724.53
1136.71
458.651
-194.475
-732.961
-1064.03
-1162.42
-1041.98
-787.208
-485.182
-215.641
-24.7782
78.5098
111.342
101.451
74.1362
44.48
20.6568
4.93532
-3.69195
-7.44008
-8.23016
-7.51798
-6.23861
-4.85578
-3.61838
-2.61062
-1.83686
-1.2666
-0.858936
-0.574365
-0.379521
-0.248227
-0.161016
-0.10369
4198.83
3999.18
3791.37
3579.27
3395.2
3253.06
3126.25
2954.22
2669.91
2207.1
1547.1
721.571
-189.432
-1080.69
-1843.91
-2358.81
-2622.64
-2638.36
-2483.79
-2244.88
-2005.92
-1823.49
-1733.56
-1697.83
-1673.89
-1615.5
-1481.82
-1254.64
-943.111
-573.983
-179.87
215.748
596.99
966.394
1325.73
1675.11
1997.41
2255.96
2400.82
2380.22
2159.11
1734.92
1142.19
457.36
-203.352
-747.097
-1079.76
-1177.22
-1051.5
-791.252
-484.384
-211.686
-19.5482
83.2412
114.735
103.37
74.9046
44.4988
20.3172
4.51719
-4.05826
-7.70914
-8.40162
-7.61259
-6.28137
-4.8666
-3.61251
-2.59784
-1.82259
-1.25348
-0.848003
-0.565801
-0.373093
-0.243554
-0.157701
-0.101386
4150.09
3978.73
3785.92
3576.19
3392.24
3251.49
3128.41
2961.58
2681.55
2221.76
1561.87
732.558
-186.09
-1085.65
-1857.88
-2377.48
-2642.43
-2656.43
-2496.54
-2251.09
-2006.27
-1820.68
-1728.88
-1694.42
-1674.39
-1619.76
-1487.9
-1261.19
-948.678
-577.664
-181.43
215.331
597.255
966.986
1326.74
1677.3
2001.91
2263.67
2411.94
2393.75
2172.36
1745.11
1146.78
455.685
-211.2
-758.792
-1093.67
-1190.13
-1061.29
-795.252
-483.264
-207.229
-13.8645
88.2718
118.297
105.288
75.6304
44.4782
19.9518
4.08399
-4.43575
-7.98457
-8.57672
-7.70471
-6.32275
-4.8763
-3.60569
-2.58428
-1.8077
-1.23989
-0.836714
-0.556955
-0.366435
-0.23869
-0.154224
-0.0989457
4089.76
3959.19
3781.26
3573.32
3389.25
3249.78
3130.5
2969.14
2693.43
2236.79
1577.09
744.417
-182.251
-1090.99
-1506.62
-1247.89
-1135.71
-1165.62
-1291.7
-1462.25
-1622.24
-1733.18
-1713.38
-1683.01
-1665.77
-1605.87
-1463.75
-1230.18
-916.272
-549.062
-163.682
217.643
597.358
966.748
1326.95
1678.99
2006.17
2271.26
2422.52
2406.57
2185.41
1756.04
1154.35
456.716
-214.569
-742.512
-1007.02
-987.582
-805.158
-582.181
-347.169
-135.66
18.7357
101.25
123.06
108.189
78.0273
46.6445
22.0794
6.15677
-2.52741
-6.22414
-6.93428
-6.20628
-5.0795
-3.90417
-2.87918
-2.05888
-1.43721
-0.983855
-0.662687
-0.440295
-0.289138
-0.187987
-0.121237
-0.077612
4013.97
3941.17
3777.44
3570.66
3386.23
3247.93
3132.51
2976.9
2705.69
2252.54
1593.45
1047.32
688.554
333.297
109.181
70.3456
39.7468
16.7647
2.87743
-4.92482
-6.56274
-5.26283
12.2579
24.7308
30.2339
49.884
99.2498
183.86
300.477
439.015
586.122
732.509
876.102
1054.46
1379.07
1717.71
2036.52
2292.19
2436.16
2423.07
2208.55
1803.42
1319.18
949.5
629.483
386.228
266.551
257.529
318.648
411.458
515.706
610.983
682.131
721.979
734.115
727.76
710.099
690.734
675.153
665.007
659.476
657.097
656.568
656.879
657.37
657.863
658.289
658.627
658.882
659.066
659.197
659.287
659.348
659.388
659.415
659.432
3915.84
3914.69
3699.8
3415.58
3162.69
2974.53
2817.89
2604.43
2225.75
1594.35
682.307
189.06
161.956
129.218
99.7998
66.8429
38.6032
16.9078
3.15911
-4.60283
-6.391
-7.12139
-7.82117
-7.10862
-7.81849
-9.478
-11.5177
-13.2755
-14.3285
-14.4739
-13.925
-12.4425
-11.0013
71.3412
488.864
946.452
1379.65
1724.62
1914.11
1889.98
1596.1
1062.94
502.593
265.289
118.009
26.6698
2.64862
2.16922
2.59702
4.89219
10.9195
22.4396
38.0578
52.3997
60.3604
59.662
47.1626
31.1389
17.4843
8.32854
3.18313
0.808538
0.0597031
0.0139004
0.00825188
0.00493565
0.00271935
0.00129121
0.000414677
-6.91758e-05
-0.000308143
-0.00039983
-0.000407096
-0.000371172
-0.000317454
-0.000260138
74.1321
92.2256
101.071
103.936
101.513
100.409
106.97
122.2
142.435
158.119
164.371
164.209
150.334
127.236
98.0253
66.1387
38.367
16.986
3.37618
-4.34373
-6.21216
-6.93442
-7.7093
-7.05494
-7.76262
-9.37718
-11.3629
-13.0767
-14.1065
-14.2515
-13.7201
-12.305
-11.3644
-10.3558
-8.57005
-7.0584
-5.3573
-3.26991
6.90836
46.2087
44.953
4.70152
2.91443
3.01651
2.89668
2.48058
2.05395
1.52937
0.90765
0.41038
0.00684731
-0.238584
-0.344515
-0.343962
-0.282214
-0.201992
-0.128566
-0.0723194
-0.0359118
-0.0130705
0.0055936
0.0182905
0.0199615
0.0135911
0.00820003
0.00491967
0.00272009
0.00129909
0.000424688
-5.94279e-05
-0.000299794
-0.000393176
-0.000402047
-0.000367488
-0.000314864
-0.000258389
27.5983
67.3996
94.0784
97.5739
96.5552
96.4074
102.505
116.043
134.567
152.048
161.91
161.821
148.179
125.53
96.9051
65.4607
38.1446
17.0715
3.60211
-4.07424
-6.03889
-6.83824
-7.59525
-7.00807
-7.71883
-9.30556
-11.2508
-12.9281
-13.9361
-14.0764
-13.5543
-12.1574
-11.237
-10.1875
-8.44038
-6.9571
-5.2886
-3.63173
-2.04979
-0.478812
0.941883
2.16521
2.83082
2.96966
2.85136
2.44393
2.02465
1.51551
0.898325
0.408583
0.0122636
-0.231092
-0.336419
-0.337495
-0.278157
-0.200618
-0.127975
-0.0723524
-0.0361049
-0.0130571
0.00564748
0.0181565
0.0196799
0.0133711
0.0081401
0.00490831
0.00273142
0.00131928
0.000446307
-4.00738e-05
-0.000283811
-0.000380777
-0.000392812
-0.000360821
-0.000310165
-0.000255147
28.6472
66.6435
92.5564
96.3273
95.569
95.6296
101.723
115.015
133.105
150.14
159.737
159.484
146.058
123.767
95.5999
64.7722
37.9075
17.1402
3.8115
-3.81982
-5.86801
-6.71037
-7.48291
-6.95653
-7.66738
-9.22007
-11.1202
-12.7585
-13.7442
-13.8816
-13.372
-12.0159
-11.0923
-10.0673
-8.34429
-6.87343
-5.21976
-3.58481
-2.02793
-0.482744
0.92378
2.13243
2.79287
2.91639
2.80305
2.40672
1.9925
1.49036
0.889521
0.408519
0.0189846
-0.221148
-0.326723
-0.329697
-0.272974
-0.197121
-0.126916
-0.0722974
-0.0364853
-0.0135859
0.00488784
0.0172811
0.0190107
0.0130484
0.00806944
0.00488671
0.00273302
0.00133108
0.000461353
-2.57795e-05
-0.000271382
-0.000370811
-0.000385172
-0.000355156
-0.000306066
-0.000252236
29.623
65.8987
91.057
95.086
94.5762
94.8351
100.922
113.972
131.633
148.215
157.518
157.165
143.956
122.038
94.3613
64.0852
37.665
17.2008
4.01354
-3.57127
-5.70037
-6.59525
-7.37137
-6.90507
-7.61662
-9.13927
-10.9979
-12.5997
-13.5642
-13.6983
-13.1992
-11.8715
-10.9573
-9.92896
-8.23239
-6.78167
-5.14976
-3.53586
-1.99462
-0.472005
0.904786
2.08467
2.73199
2.86853
2.75685
2.37043
1.96367
1.46937
0.880013
0.407131
0.0238612
-0.213323
-0.318536
-0.322767
-0.268334
-0.194827
-0.125824
-0.0720911
-0.0365578
-0.0136725
0.00460702
0.0167356
0.0184847
0.0128213
0.00800227
0.00486816
0.00273726
0.00134492
0.000478112
-1.06205e-05
-0.000258221
-0.000360362
-0.000377219
-0.000349295
-0.000301845
-0.000249253
30.5262
65.1669
89.5913
93.8544
93.5823
94.0299
100.108
112.919
130.162
146.307
155.331
154.871
141.874
120.319
93.1142
63.3959
37.4144
17.2506
4.20528
-3.33156
-5.53576
-6.47682
-7.26081
-6.8518
-7.56313
-9.05519
-10.8722
-12.4375
-13.3808
-13.5117
-13.0235
-11.7288
-10.8183
-9.79949
-8.1293
-6.69473
-5.08097
-3.4889
-1.96913
-0.468057
0.88872
2.04881
2.68305
2.81864
2.71053
2.33421
1.93289
1.44757
0.870988
0.40642
0.0298839
-0.204512
-0.309662
-0.315627
-0.263557
-0.192245
-0.124792
-0.0719876
-0.0368276
-0.013997
0.00414081
0.0161207
0.0179513
0.0125829
0.00792865
0.00484569
0.00273886
0.00135698
0.000493661
3.8237e-06
-0.000245511
-0.000350171
-0.000369399
-0.000343491
-0.00029764
-0.000246265
31.3602
64.4468
88.1567
92.6319
92.5863
93.2137
99.2796
111.856
128.69
144.409
153.16
152.601
139.812
118.617
91.8805
62.7055
37.1569
17.2908
4.38801
-3.09942
-5.37424
-6.36085
-7.15121
-6.79755
-7.50845
-8.97131
-10.7482
-12.2783
-13.201
-13.3288
-12.8508
-11.5857
-10.682
-9.66747
-8.02258
-6.60604
-5.01229
-3.44121
-1.93934
-0.461444
0.870419
2.00687
2.63103
2.77079
2.66515
2.29848
1.90383
1.42655
0.861545
0.404897
0.0346772
-0.196737
-0.301463
-0.308829
-0.25893
-0.189561
-0.123659
-0.0717605
-0.0369552
-0.0142077
0.00372847
0.0155327
0.0174333
0.0123521
0.00785299
0.00482155
0.00273918
0.00136807
0.000508493
1.78357e-05
-0.000233093
-0.000340156
-0.000361673
-0.00033773
-0.000293449
-0.000243276
32.128
63.737
86.7517
91.4186
91.5884
92.3868
98.438
110.784
127.219
142.522
151.007
150.353
137.769
116.929
90.6534
62.0138
36.8923
17.3214
4.56156
-2.87507
-5.21577
-6.24535
-7.04251
-6.74202
-7.45201
-8.88616
-10.6235
-12.119
-13.0214
-13.1462
-12.6784
-11.4432
-10.5453
-9.53791
-7.9185
-6.51894
-4.94424
-3.39454
-1.91259
-0.455877
0.854236
1.96935
2.58097
2.72282
2.62013
2.26312
1.87421
1.40553
0.852349
0.403747
0.0398894
-0.1887
-0.293182
-0.302021
-0.254334
-0.1871
-0.122547
-0.0715425
-0.0370942
-0.0144247
0.00332493
0.0149605
0.0169282
0.0121214
0.00777465
0.00479551
0.00273813
0.00137815
0.000522603
3.14096e-05
-0.000220967
-0.000330315
-0.000354042
-0.000332014
-0.000289271
-0.000240282
32.8325
63.0366
85.3748
90.2143
90.5885
91.5497
97.5833
109.702
125.747
140.646
148.871
148.127
135.745
115.256
89.4347
61.321
36.621
17.3426
4.72624
-2.65822
-5.06038
-6.13104
-6.93477
-6.68537
-7.39414
-8.80041
-10.4994
-11.961
-12.8436
-12.9654
-12.5074
-11.3007
-10.4095
-9.40842
-7.81387
-6.43172
-4.87655
-3.34775
-1.88452
-0.45026
0.836949
1.93053
2.53162
2.67585
2.57577
2.22787
1.84534
1.38479
0.842899
0.40206
0.0444508
-0.181169
-0.285228
-0.295379
-0.249785
-0.184488
-0.121396
-0.0712859
-0.0372064
-0.0146298
0.00293308
0.014404
0.0164362
0.0118924
0.00769384
0.00476765
0.00273572
0.00138724
0.000536
4.45448e-05
-0.000209131
-0.000320651
-0.000346505
-0.000326342
-0.000285109
-0.000237288
33.4765
62.3443
84.0246
89.0184
89.587
90.7026
96.7161
108.611
124.275
138.779
146.753
145.923
133.739
113.595
88.2235
60.627
36.3431
17.3546
4.88219
-2.44874
-4.90803
-6.01769
-6.82797
-6.62756
-7.33477
-8.71381
-10.3751
-11.8037
-12.6669
-12.7857
-12.3372
-11.1586
-10.2742
-9.28016
-7.71031
-6.34524
-4.80935
-3.30155
-1.85762
-0.444615
0.820759
1.89325
2.48309
2.62928
2.5319
2.19353
1.81649
1.36422
0.833589
0.400512
0.0490393
-0.173699
-0.277385
-0.288846
-0.245296
-0.181886
-0.120229
-0.0710023
-0.0372959
-0.0148235
0.00255291
0.0138629
0.0159567
0.0116651
0.00761071
0.00473804
0.002732
0.00139537
0.000548699
5.7242e-05
-0.000197586
-0.000311161
-0.000339064
-0.000320716
-0.000280961
-0.000234292
34.0626
61.6592
82.6999
87.8309
88.5839
89.8458
95.8366
107.511
122.803
136.923
144.65
143.739
131.751
111.949
87.0199
59.9321
36.0588
17.3578
5.02961
-2.24646
-4.75873
-5.90543
-6.72213
-6.56864
-7.27402
-8.62651
-10.2511
-11.6473
-12.4914
-12.6074
-12.1682
-11.0168
-10.1393
-9.1525
-7.60698
-6.25907
-4.74255
-3.25549
-1.83052
-0.439244
0.804254
1.85617
2.43544
2.5834
2.48859
2.1584
1.78806
1.34386
0.824112
0.398639
0.053255
-0.166529
-0.269749
-0.282427
-0.240852
-0.179287
-0.119041
-0.0706914
-0.0373633
-0.0150058
0.00218432
0.013337
0.0154896
0.0114396
0.00752544
0.00470674
0.00272699
0.00140253
0.000560708
6.95017e-05
-0.000186329
-0.000301847
-0.000331719
-0.000315136
-0.00027683
-0.000231295
34.5933
60.9804
81.3993
86.6514
87.5794
88.9797
94.9453
106.403
121.332
135.076
142.564
141.577
129.781
110.316
85.8238
59.2362
35.7683
17.3525
5.16868
-2.05125
-4.61245
-5.79424
-6.61724
-6.50863
-7.21191
-8.53847
-10.1272
-11.4916
-12.3171
-12.4303
-12.0001
-10.8752
-10.005
-9.02575
-7.5043
-6.17341
-4.6762
-3.20985
-1.8039
-0.433792
0.788293
1.81987
2.38855
2.53805
2.44581
2.12563
1.75981
1.32368
0.814707
0.396755
0.05734
-0.159528
-0.262277
-0.276125
-0.23646
-0.176696
-0.117835
-0.0703541
-0.0374089
-0.0151766
0.00182713
0.0128258
0.0150344
0.0112159
0.00743816
0.00467382
0.00272071
0.00140875
0.000572038
8.13261e-05
-0.00017536
-0.000292707
-0.00032447
-0.000309602
-0.000272715
-0.000228297
35.0711
60.3071
80.1216
85.4798
86.5733
88.1045
94.0425
105.286
119.86
133.239
140.494
139.434
127.828
108.696
84.6348
58.5395
35.4718
17.338
5.29957
-1.86295
-4.46919
-5.68414
-6.5133
-6.44756
-7.14851
-8.44975
-10.0033
-11.3368
-12.144
-12.2545
-11.8331
-10.7339
-9.87115
-8.89971
-7.40204
-6.08815
-4.61026
-3.16444
-1.77744
-0.428538
0.772375
1.7841
2.34247
2.4933
2.40352
2.08951
1.73187
1.30366
0.805199
0.394666
0.0611674
-0.152755
-0.254978
-0.269934
-0.232118
-0.174112
-0.11661
-0.0699911
-0.0374332
-0.0153359
0.00148128
0.0123292
0.0145909
0.0109943
0.00734903
0.00463934
0.0027132
0.00141405
0.0005827
9.27178e-05
-0.000164678
-0.000283742
-0.000317318
-0.000304115
-0.000268617
-0.0002253
35.4982
59.6385
78.8656
84.3159
85.5659
87.2206
93.1287
104.162
118.389
131.411
138.439
137.311
125.893
107.088
83.453
57.8419
35.1693
17.3157
5.42246
-1.68141
-4.32894
-5.57515
-6.41032
-6.38546
-7.08385
-8.36035
-9.87963
-11.1828
-11.972
-12.0798
-11.667
-10.5929
-9.73787
-8.77448
-7.30031
-6.00334
-4.54473
-3.11936
-1.75126
-0.423272
0.756778
1.74893
2.29715
2.4491
2.36178
2.05746
1.70419
1.28385
0.795716
0.392496
0.0648144
-0.146177
-0.247847
-0.263854
-0.227826
-0.171537
-0.115369
-0.0696033
-0.0374367
-0.0154838
0.00114667
0.0118467
0.0141587
0.0107748
0.00725819
0.00460336
0.00270449
0.00141844
0.000592703
0.00010368
-0.000154281
-0.000274951
-0.000310262
-0.000298676
-0.000264538
-0.000222304
35.8768
58.9739
77.6304
83.1594
84.5572
86.3282
92.204
103.03
116.918
129.593
136.399
135.208
123.974
105.494
82.2781
57.1436
34.8612
17.2852
5.53751
-1.50648
-4.19166
-5.46729
-6.30831
-6.32234
-7.018
-8.2703
-9.75603
-11.0296
-11.8012
-11.9063
-11.5018
-10.4522
-9.60507
-8.64997
-7.19904
-5.91895
-4.47961
-3.07454
-1.7253
-0.418123
0.741349
1.71432
2.25258
2.40547
2.32053
2.02344
1.67677
1.2642
0.786173
0.390179
0.0682503
-0.139803
-0.240881
-0.257882
-0.223584
-0.168971
-0.114112
-0.0691915
-0.0374198
-0.0156203
0.000823202
0.011378
0.0137376
0.0105574
0.00716578
0.00456594
0.00269461
0.00142193
0.000602055
0.000114217
-0.000144169
-0.000266333
-0.000303303
-0.000293285
-0.000260476
-0.000219309
36.2089
58.3126
76.4147
82.0101
83.5471
85.4275
91.269
101.891
115.447
127.783
134.375
133.123
122.071
103.911
81.11
56.4446
34.5475
17.2467
5.6449
-1.33804
-4.05735
-5.36056
-6.20724
-6.25824
-6.95098
-8.17962
-9.63255
-10.877
-11.6314
-11.734
-11.3376
-10.3119
-9.47279
-8.5262
-7.09826
-5.83499
-4.41489
-3.03002
-1.69957
-0.413001
0.726166
1.68027
2.20873
2.36237
2.27979
1.99096
1.64963
1.24473
0.776627
0.387757
0.0714973
-0.133622
-0.234076
-0.252019
-0.219391
-0.166414
-0.112839
-0.0687564
-0.0373829
-0.0157455
0.000510772
0.010923
0.0133274
0.0103422
0.00707194
0.00452714
0.00268357
0.00142454
0.000610768
0.000124331
-0.00013434
-0.000257888
-0.000296441
-0.000287943
-0.000256433
-0.000216316
36.4966
57.6539
75.2177
80.8679
82.5358
84.5188
90.3239
100.745
113.977
125.983
132.365
131.057
120.185
102.341
79.9486
55.745
34.2284
17.2004
5.74477
-1.17595
-3.92599
-5.25499
-6.10712
-6.19314
-6.88286
-8.08834
-9.50917
-10.7253
-11.4627
-11.5627
-11.1744
-10.1719
-9.341
-8.40314
-6.99793
-5.75144
-4.35056
-2.98576
-1.67408
-0.407952
0.711188
1.64676
2.1656
2.31982
2.23954
1.95814
1.62273
1.2254
0.767045
0.385213
0.0745535
-0.127635
-0.22743
-0.24626
-0.215247
-0.163866
-0.111553
-0.0682988
-0.0373266
-0.0158594
0.000209304
0.0104812
0.0129276
0.0101292
0.0069768
0.00448702
0.00267142
0.00142629
0.000618849
0.000134028
-0.000124792
-0.000249615
-0.000289676
-0.000282649
-0.00025241
-0.000213326
36.7416
56.9974
74.0383
79.7324
81.5233
83.6024
89.3691
99.5915
112.508
124.191
130.37
129.008
118.314
100.782
78.7938
55.0447
33.904
17.1467
5.83731
-1.02006
-3.79755
-5.15058
-6.00795
-6.12706
-6.81366
-7.99648
-9.38591
-10.5742
-11.295
-11.3926
-11.012
-10.0322
-9.20972
-8.28079
-6.89807
-5.66831
-4.28661
-2.94176
-1.64882
-0.40294
0.696431
1.61379
2.12316
2.27779
2.19977
1.92594
1.59609
1.20624
0.75745
0.382561
0.0774275
-0.121835
-0.22094
-0.240606
-0.211153
-0.16133
-0.110253
-0.0678193
-0.0372512
-0.0159621
-8.12917e-05
0.0100523
0.0125382
0.00991859
0.00688049
0.00444563
0.00265818
0.00142719
0.000626309
0.00014331
-0.000115525
-0.000241514
-0.000283009
-0.000277404
-0.000248406
-0.000210338
36.9458
56.3425
72.8757
78.6036
80.5097
82.6786
88.4048
98.4321
111.039
122.408
128.389
126.977
116.458
99.2356
77.6453
54.344
33.5746
17.0856
5.92266
-0.870249
-3.672
-5.04734
-5.90972
-6.06002
-6.74344
-7.90405
-9.26276
-10.4238
-11.1284
-11.2235
-10.8505
-9.89278
-9.07892
-8.15913
-6.79867
-5.58558
-4.22304
-2.89802
-1.62377
-0.39798
0.681884
1.58134
2.0814
2.23628
2.16048
1.89387
1.5697
1.18724
0.747831
0.379798
0.0801224
-0.11622
-0.214603
-0.235054
-0.207108
-0.158803
-0.108941
-0.0673188
-0.0371572
-0.0160537
-0.000361104
0.00963617
0.0121587
0.0097103
0.00678312
0.00440304
0.00264388
0.00142726
0.000633157
0.000152183
-0.000106538
-0.000233583
-0.000276438
-0.000272209
-0.000244423
-0.000207353
37.1109
55.6887
71.7289
77.4812
79.4949
81.7475
87.4313
97.2663
109.57
120.634
126.421
124.964
114.618
97.7
76.5032
53.6427
33.2402
17.0172
6.00098
-0.726388
-3.54933
-4.94529
-5.81242
-5.99209
-6.67223
-7.81107
-9.13972
-10.2742
-10.9628
-11.0555
-10.6899
-9.75375
-8.94862
-8.03814
-6.69971
-5.50326
-4.15984
-2.85455
-1.59892
-0.393055
0.66755
1.5494
2.0403
2.19528
2.12165
1.86217
1.54356
1.16839
0.738195
0.376931
0.082644
-0.110785
-0.208416
-0.229602
-0.20311
-0.156288
-0.107617
-0.0667978
-0.0370451
-0.0161341
-0.000630243
0.00923241
0.0117891
0.00950439
0.00668485
0.00435928
0.00262855
0.00142651
0.000639402
0.000160652
-9.7828e-05
-0.000225821
-0.000269964
-0.000267064
-0.00024046
-0.000204372
37.2385
55.0357
70.5972
76.365
78.479
80.8093
86.4491
96.0945
108.102
118.867
124.467
122.967
112.793
96.1756
75.3672
52.941
32.9009
16.9419
6.07242
-0.588349
-3.42951
-4.84441
-5.71607
-5.92335
-6.60007
-7.71758
-9.01679
-10.1252
-10.7981
-10.8885
-10.5301
-9.61506
-8.8188
-7.91781
-6.60119
-5.42133
-4.097
-2.81134
-1.57427
-0.388168
0.653424
1.51797
1.99985
2.15478
2.08328
1.83072
1.51766
1.14969
0.728541
0.37396
0.0849968
-0.105528
-0.202376
-0.22425
-0.19916
-0.153784
-0.106283
-0.0662571
-0.0369152
-0.0162036
-0.000888805
0.00884076
0.011429
0.00930088
0.00658579
0.00431442
0.00261221
0.00142496
0.000645052
0.000168722
-8.9395e-05
-0.000218229
-0.000263587
-0.000261968
-0.000236518
-0.000201395
37.3301
54.3829
69.4797
75.2548
77.462
79.8644
85.4582
94.9169
106.635
117.109
122.527
120.987
110.982
94.6621
74.2372
52.2389
32.557
16.8598
6.13713
-0.45601
-3.31252
-4.74473
-5.62063
-5.85385
-6.52699
-7.62357
-8.89397
-9.97681
-10.6345
-10.7225
-10.3712
-9.47671
-8.68945
-7.79814
-6.50311
-5.33979
-4.03452
-2.76838
-1.5498
-0.383312
0.639506
1.48702
1.96003
2.11477
2.04536
1.79955
1.49199
1.13114
0.718872
0.370891
0.0871852
-0.100443
-0.19648
-0.218994
-0.195258
-0.151291
-0.104938
-0.0656972
-0.0367681
-0.0162622
-0.00113689
0.00846098
0.0110782
0.00909981
0.00648606
0.0042685
0.0025949
0.00142263
0.000650118
0.000176397
-8.12374e-05
-0.000210804
-0.000257307
-0.000256923
-0.000232597
-0.000198423
37.3873
53.7301
68.3757
74.1503
76.444
78.9128
84.4591
93.7338
105.169
115.359
120.599
119.023
109.185
93.1593
73.1131
51.5364
32.2086
16.7709
6.19526
-0.329247
-3.19831
-4.64624
-5.52603
-5.78364
-6.45304
-7.52908
-8.77127
-9.82909
-10.4717
-10.5575
-10.2131
-9.33872
-8.56059
-7.67909
-6.40546
-5.25864
-3.97239
-2.72566
-1.52553
-0.378483
0.625793
1.45656
1.92082
2.07525
2.00788
1.76866
1.46656
1.11273
0.709188
0.367725
0.0892138
-0.0955284
-0.190726
-0.213835
-0.191403
-0.14881
-0.103584
-0.065119
-0.036604
-0.0163099
-0.00137461
0.00809281
0.0107365
0.00890118
0.00638574
0.00422156
0.00257663
0.00141953
0.000654609
0.000183683
-7.33538e-05
-0.000203546
-0.000251123
-0.000251928
-0.000228698
-0.000195455
37.4115
53.0768
67.2845
73.0515
75.425
77.9549
83.452
92.5452
103.704
113.616
118.685
117.074
107.402
91.667
71.9947
50.8337
31.8557
16.6756
6.24696
-0.207942
-3.08688
-4.54895
-5.43224
-5.71277
-6.37825
-7.43412
-8.64867
-9.68201
-10.3099
-10.3934
-10.0558
-9.20107
-8.43219
-7.56067
-6.30823
-5.17788
-3.9106
-2.68319
-1.50143
-0.373679
0.612282
1.42656
1.88221
2.0362
1.97084
1.73804
1.44136
1.09446
0.699491
0.364466
0.0910868
-0.0907795
-0.18511
-0.20877
-0.187595
-0.146342
-0.102222
-0.0645228
-0.0364236
-0.016347
-0.00160207
0.007736
0.0104037
0.00870502
0.00628494
0.00417367
0.00255745
0.00141567
0.000658534
0.000190586
-6.57432e-05
-0.000196454
-0.000245035
-0.000246983
-0.00022482
-0.000192493
37.404
52.4228
66.2054
71.9581
74.405
76.9908
82.4371
91.3514
102.239
111.882
116.782
115.141
105.633
90.185
70.882
50.1306
31.4986
16.5739
6.29236
-0.0919784
-2.97818
-4.45286
-5.33923
-5.64128
-6.30265
-7.3387
-8.52619
-9.53554
-10.149
-10.2302
-9.89937
-9.06378
-8.30426
-7.44287
-6.21141
-5.09749
-3.84915
-2.64096
-1.4775
-0.368895
0.598971
1.39703
1.84419
1.99762
1.93422
1.70769
1.41638
1.07633
0.689782
0.361115
0.0928083
-0.0861928
-0.17963
-0.203797
-0.183834
-0.143886
-0.100853
-0.0639094
-0.036227
-0.0163734
-0.00181939
0.00739031
0.0100795
0.00851135
0.00618377
0.00412485
0.00253736
0.00141108
0.000661902
0.000197111
-5.84044e-05
-0.000189526
-0.000239043
-0.000242089
-0.000220965
-0.000189536
37.3661
51.7679
65.1377
70.8699
73.384
76.0208
81.4147
90.1527
100.775
110.154
114.892
113.223
103.877
88.713
69.7749
49.4273
31.1373
16.466
6.33161
0.0187594
-2.87218
-4.35797
-5.24698
-5.5692
-6.22628
-7.24285
-8.40381
-9.38966
-9.9889
-10.068
-9.74367
-8.92684
-8.17679
-7.32566
-6.115
-5.01747
-3.78803
-2.59896
-1.45374
-0.364128
0.585859
1.36794
1.80673
1.9595
1.89801
1.6776
1.39162
1.05833
0.680063
0.357676
0.0943826
-0.0817649
-0.174284
-0.198915
-0.180118
-0.141442
-0.0994794
-0.0632793
-0.0360149
-0.0163894
-0.00202669
0.0070555
0.00976378
0.00832017
0.0060823
0.00407516
0.00251641
0.00140577
0.000664723
0.000203266
-5.13366e-05
-0.000182761
-0.000233147
-0.000237245
-0.000217132
-0.000186585
37.299
51.1117
64.0808
69.7867
72.3621
75.0449
80.3851
88.9492
99.3122
108.435
113.014
111.32
102.134
87.251
68.6732
48.7238
30.7719
16.352
6.36483
0.124384
-2.76886
-4.26428
-5.15547
-5.49656
-6.14916
-7.14658
-8.28155
-9.24438
-9.82971
-9.90662
-9.58874
-8.79026
-8.04978
-7.20903
-6.019
-4.93782
-3.72723
-2.55719
-1.43014
-0.359376
0.572942
1.3393
1.76984
1.92183
1.86222
1.64777
1.36708
1.04047
0.670333
0.354151
0.0958132
-0.0774923
-0.169069
-0.194123
-0.176448
-0.139011
-0.0981735
-0.0626331
-0.0357875
-0.0163949
-0.0022241
0.00673135
0.00945632
0.0081315
0.00598062
0.00402463
0.00249461
0.00139974
0.000667005
0.000209057
-4.45391e-05
-0.000176158
-0.000227345
-0.000232452
-0.000213322
-0.000183639
37.2039
50.454
63.0342
68.7083
71.3393
74.0634
79.3485
87.741
97.8503
106.722
111.148
109.431
100.404
85.7985
67.5768
48.0201
30.4026
16.2322
6.39218
0.225006
-2.66819
-4.17178
-5.06468
-5.4234
-6.07132
-7.04991
-8.15939
-9.09966
-9.67136
-9.74613
-9.43457
-8.65403
-7.92322
-7.09298
-5.92339
-4.85852
-3.66675
-2.51565
-1.40671
-0.354635
0.560219
1.31109
1.73348
1.88461
1.82683
1.6182
1.34276
1.02273
0.660596
0.350543
0.0971041
-0.0733713
-0.163981
-0.189418
-0.172823
-0.136593
-0.0967722
-0.0619712
-0.0355454
-0.0163902
-0.00241173
0.00641763
0.00915692
0.00794533
0.00587881
0.00397331
0.002472
0.00139303
0.000668758
0.00021449
-3.80118e-05
-0.000169715
-0.000221639
-0.00022771
-0.000209535
-0.000180701
37.0819
49.7946
61.9972
67.6346
70.3157
73.0765
78.3051
86.5285
96.3893
105.017
109.293
107.556
98.6869
84.3556
66.4856
47.3163
30.0295
16.1066
6.41377
0.320734
-2.57013
-4.08048
-4.9746
-5.34975
-5.9928
-6.95285
-8.03734
-8.95551
-9.51383
-9.5865
-9.28113
-8.51817
-7.7971
-6.9775
-5.82817
-4.77959
-3.60659
-2.47433
-1.38342
-0.349903
0.547686
1.28331
1.69766
1.84782
1.79183
1.58888
1.31864
1.00512
0.650852
0.346854
0.098259
-0.0693987
-0.159019
-0.1848
-0.169242
-0.134188
-0.0953645
-0.0612941
-0.0352888
-0.0163753
-0.00258973
0.00611412
0.00886539
0.00776168
0.00577695
0.00392124
0.00244859
0.00138563
0.000669991
0.000219574
-3.17552e-05
-0.000163431
-0.000216026
-0.000223018
-0.000205771
-0.000177769
36.9342
49.1333
60.9693
66.5654
69.2911
72.0843
77.2551
85.3117
94.9294
103.318
107.45
105.695
96.9818
82.9219
65.3995
46.6123
29.6526
15.9754
6.42975
0.411676
-2.47464
-3.99037
-4.88522
-5.27563
-5.91363
-6.85542
-7.91541
-8.8119
-9.3571
-9.42769
-9.12842
-8.38266
-7.67142
-6.86257
-5.73334
-4.701
-3.54673
-2.43322
-1.36028
-0.345177
0.535342
1.25593
1.66236
1.81145
1.75722
1.55981
1.29472
0.987635
0.641103
0.343086
0.0992812
-0.0655708
-0.154179
-0.180267
-0.165706
-0.131796
-0.0939516
-0.0606025
-0.0350181
-0.0163503
-0.00275821
0.00582061
0.00858156
0.00758055
0.0056751
0.00386845
0.00242441
0.00137758
0.000670714
0.00022432
-2.57715e-05
-0.000157304
-0.000210507
-0.000218376
-0.00020203
-0.000174844
36.7616
48.47
59.9501
65.5005
68.2657
71.087
76.1989
84.0908
93.4705
101.627
105.618
103.848
95.2887
81.4972
64.3184
45.9083
29.2722
15.8387
6.44023
0.497935
-2.3817
-3.90145
-4.79653
-5.20107
-5.83382
-6.75763
-7.79358
-8.66884
-9.20116
-9.26969
-8.97641
-8.2475
-7.54618
-6.74817
-5.63888
-4.62275
-3.48716
-2.39232
-1.33729
-0.340455
0.523184
1.22897
1.62756
1.77551
1.72299
1.53098
1.27101
0.970272
0.631349
0.339242
0.100175
-0.0618845
-0.14946
-0.175817
-0.162214
-0.129418
-0.0925339
-0.0598967
-0.0347338
-0.0163154
-0.00291732
0.00553689
0.00830523
0.00740194
0.00557332
0.003815
0.00239949
0.00136888
0.000670935
0.000228739
-2.00661e-05
-0.000151334
-0.000205081
-0.000213785
-0.000198312
-0.000171926
36.5653
47.8046
58.939
64.4397
67.2395
70.0848
75.1364
82.8659
92.0126
99.9421
103.796
102.013
93.6073
80.0815
63.2422
45.2042
28.8882
15.6967
6.44535
0.579616
-2.29127
-3.81371
-4.70851
-5.12609
-5.75341
-6.65949
-7.67186
-8.52629
-9.04599
-9.11248
-8.82511
-8.11271
-7.42137
-6.63431
-5.5448
-4.54485
-3.42789
-2.35163
-1.31443
-0.335734
0.511209
1.20239
1.59325
1.73997
1.68913
1.5024
1.2475
0.953025
0.621593
0.335323
0.100942
-0.0583363
-0.144859
-0.171449
-0.158764
-0.127053
-0.0911118
-0.0591773
-0.0344362
-0.0162708
-0.00306719
0.00526276
0.00803623
0.00722585
0.00547168
0.00376091
0.00237384
0.00135954
0.000670663
0.000232859
-1.46581e-05
-0.000145517
-0.000199748
-0.000209245
-0.000194618
-0.000169016
36.3462
47.1367
57.9356
63.3829
66.2125
69.0778
74.0681
81.6374
90.5558
98.2639
101.985
100.191
91.9374
78.6744
62.1707
44.5001
28.5009
15.5495
6.44525
0.656819
-2.20332
-3.72715
-4.62115
-5.05073
-5.67242
-6.56102
-7.55025
-8.38426
-8.89157
-8.95605
-8.67449
-7.97827
-7.29698
-6.52097
-5.45108
-4.46728
-3.36891
-2.31114
-1.29171
-0.331013
0.499415
1.17621
1.55943
1.70484
1.65563
1.47405
1.22418
0.935895
0.611837
0.331333
0.101587
-0.0549231
-0.140373
-0.167161
-0.155357
-0.124702
-0.0896856
-0.0584449
-0.0341256
-0.0162165
-0.00320796
0.00499801
0.00777439
0.00705227
0.00537022
0.00370622
0.0023475
0.00134958
0.000669909
0.000236677
-9.5367e-06
-0.000139852
-0.000194506
-0.000204754
-0.000190948
-0.000166113
36.105
46.4665
56.9395
62.33
65.1847
68.0661
72.994
80.4052
89.1001
96.5921
100.184
98.3819
90.2788
77.2758
61.1039
43.796
28.1102
15.3973
6.44021
0.729645
-2.1178
-3.64176
-4.53444
-4.97499
-5.59088
-6.46224
-7.42875
-8.24273
-8.73789
-8.80036
-8.52453
-7.84418
-7.17301
-6.40813
-5.35772
-4.39004
-3.31021
-2.27084
-1.26912
-0.326289
0.4878
1.1504
1.52607
1.6701
1.62249
1.44593
1.20105
0.918878
0.602082
0.327273
0.102113
-0.0516414
-0.136
-0.162952
-0.151993
-0.122365
-0.0882559
-0.0576999
-0.0338025
-0.0161526
-0.00333976
0.00474246
0.00751954
0.0068812
0.00526899
0.00365082
0.00232048
0.00133903
0.00066868
0.000240128
-4.62836e-06
-0.000134338
-0.000189355
-0.000200313
-0.000187301
-0.000163218
35.8429
45.7936
55.9501
61.2806
64.1561
67.05
71.9144
79.1695
87.6455
94.9267
98.3935
96.5849
88.6311
75.8856
60.0418
43.0918
27.7164
15.2401
6.42971
0.798191
-2.0347
-3.55752
-4.44838
-4.89891
-5.50881
-6.36315
-7.30736
-8.10169
-8.58493
-8.64542
-8.37524
-7.71045
-7.04945
-6.29579
-5.26471
-4.31312
-3.25179
-2.23074
-1.24665
-0.32156
0.47636
1.12497
1.49317
1.63575
1.58969
1.41804
1.1781
0.901972
0.592333
0.323144
0.102523
-0.0484882
-0.131737
-0.15882
-0.14867
-0.120042
-0.0868229
-0.0569428
-0.0334672
-0.0160794
-0.00346274
0.0044959
0.00727153
0.00671262
0.00516804
0.00359507
0.00229282
0.00132788
0.000666913
0.000243219
6.81295e-08
-0.000128973
-0.000184294
-0.000195922
-0.000183677
-0.000160331
35.5604
45.1182
54.9672
60.2348
63.1268
66.0296
70.8295
77.9305
86.1921
93.2674
96.6128
94.7997
86.9942
74.5034
58.984
42.3878
27.3194
15.0781
6.41456
0.862553
-1.95396
-3.47445
-4.36294
-4.82251
-5.42622
-6.26378
-7.18607
-7.96113
-8.43267
-8.49119
-8.22658
-7.57707
-6.9263
-6.18394
-5.17205
-4.23652
-3.19364
-2.19083
-1.22431
-0.316825
0.465093
1.09989
1.46072
1.60178
1.55725
1.39038
1.15534
0.885176
0.582595
0.31895
0.10282
-0.0454603
-0.127582
-0.154764
-0.145388
-0.117732
-0.0853871
-0.0561741
-0.0331199
-0.0159969
-0.00357705
0.00425816
0.00703018
0.00654654
0.0050674
0.00353883
0.00226452
0.00131615
0.000664591
0.000245957
4.55375e-06
-0.000123753
-0.000179323
-0.00019158
-0.000180078
-0.000157452
35.2585
44.44
53.9903
59.1924
62.0967
65.005
69.7394
76.6883
84.7397
91.6143
94.8417
93.0263
85.3679
73.1293
57.9307
41.6837
26.9195
14.9115
6.39466
0.922826
-1.87555
-3.39251
-4.27813
-4.74579
-5.34316
-6.16412
-7.06489
-7.82104
-8.28111
-8.33766
-8.07856
-7.44404
-6.80355
-6.07257
-5.07973
-4.16023
-3.13575
-2.15111
-1.20208
-0.312082
0.453997
1.07517
1.4287
1.56818
1.52513
1.36294
1.13275
0.868484
0.572876
0.314691
0.103006
-0.0425546
-0.123533
-0.150783
-0.142146
-0.115437
-0.0839486
-0.0553941
-0.0327612
-0.0159054
-0.00368282
0.00402905
0.00679535
0.00638293
0.00496713
0.00348215
0.00223561
0.00130386
0.000661821
0.000248349
8.82962e-06
-0.000118679
-0.000174441
-0.000187287
-0.000176502
-0.000154581
34.9378
43.759
53.0192
58.1531
61.0659
63.9763
68.6444
75.443
83.2886
89.9671
93.0802
91.2642
83.7518
71.7629
56.8817
40.9797
26.5165
14.7402
6.37006
0.979104
-1.79944
-3.31171
-4.19393
-4.66879
-5.25962
-6.06419
-6.94382
-7.6814
-8.13021
-8.18482
-7.93116
-7.31135
-6.6812
-5.96167
-4.98775
-4.08424
-3.07812
-2.11156
-1.17997
-0.30733
0.443068
1.05079
1.39711
1.53494
1.49334
1.33572
1.11034
0.851896
0.563199
0.31037
0.103086
-0.0397681
-0.119587
-0.146874
-0.138945
-0.113155
-0.0825079
-0.0546035
-0.0323912
-0.0158049
-0.0037802
0.00380839
0.00656688
0.00622179
0.00486725
0.00342505
0.00220612
0.00129103
0.000658612
0.000250403
1.28971e-05
-0.000113747
-0.000169647
-0.000183043
-0.00017295
-0.000151719
34.5992
43.0752
52.0533
57.117
60.0343
62.9437
67.5445
74.1948
81.8386
88.3257
91.3278
89.5132
82.1458
70.4041
55.8368
40.2758
26.1108
14.5646
6.34091
1.03148
-1.7256
-3.23204
-4.11034
-4.59152
-5.17565
-5.96401
-6.82285
-7.54221
-7.97998
-8.03265
-7.78436
-7.17901
-6.55923
-5.85122
-4.89609
-4.00856
-3.02074
-2.07219
-1.15798
-0.302566
0.432304
1.02676
1.36593
1.50206
1.46188
1.30871
1.08811
0.83541
0.553628
0.305988
0.103061
-0.0370979
-0.115742
-0.143037
-0.135783
-0.110887
-0.0810653
-0.0538026
-0.0320103
-0.0156956
-0.00386934
0.00359601
0.00634462
0.0060631
0.00476779
0.00336757
0.00217606
0.00127766
0.000654972
0.000252127
1.67581e-05
-0.000108957
-0.000164939
-0.000178848
-0.000169421
-0.000148865
34.2433
42.3885
51.0926
56.0837
59.0021
61.9073
66.4399
72.9438
80.3897
86.6901
89.5846
87.7731
80.5496
69.0528
54.7961
39.5721
25.7023
14.3846
6.30734
1.08004
-1.65397
-3.15348
-4.02733
-4.51399
-5.09124
-5.86358
-6.70198
-7.40346
-7.83039
-7.88112
-7.63815
-7.04701
-6.43765
-5.74122
-4.80476
-3.93318
-2.96362
-2.033
-1.13608
-0.297791
0.421703
1.00305
1.33515
1.46953
1.43073
1.28191
1.06604
0.819022
0.544558
0.301547
0.102934
-0.0345409
-0.111996
-0.13927
-0.13266
-0.108633
-0.0796211
-0.0529919
-0.0316189
-0.0155776
-0.0039504
0.00339172
0.00612842
0.00590684
0.00466878
0.00330974
0.00214545
0.00126377
0.000650911
0.000253526
2.0415e-05
-0.000104306
-0.000160317
-0.000174701
-0.000165916
-0.00014602
33.8707
41.6988
50.1365
55.0533
57.9691
60.8672
65.3309
71.6901
78.9421
85.06
87.8501
86.0435
78.9629
67.7087
53.7594
38.8684
25.2911
14.2003
6.26943
1.12488
-1.58453
-3.07602
-3.94492
-4.43623
-5.00644
-5.76291
-6.58123
-7.26514
-7.68144
-7.73022
-7.49252
-6.91535
-6.31644
-5.63166
-4.71374
-3.85808
-2.90673
-1.99397
-1.1143
-0.293002
0.411262
0.979667
1.30477
1.43735
1.39988
1.25532
1.04413
0.802729
0.534415
0.297048
0.102708
-0.0320942
-0.108347
-0.135572
-0.129575
-0.106393
-0.0781755
-0.052172
-0.0312171
-0.0154512
-0.00402352
0.00319538
0.00591814
0.005753
0.00457025
0.00325159
0.00211431
0.00124938
0.000646435
0.000254606
2.38703e-05
-9.97921e-05
-0.000155781
-0.000170601
-0.000162435
-0.000143184
33.4821
41.0062
49.1849
54.0256
56.9355
59.8235
64.2176
70.4338
77.4956
83.4355
86.1243
84.3243
77.3857
66.3718
52.7266
38.1649
24.8773
14.012
6.22729
1.16608
-1.51724
-2.99965
-3.86308
-4.35825
-4.92124
-5.66202
-6.46057
-7.12723
-7.5331
-7.57993
-7.34746
-6.78403
-6.19561
-5.52253
-4.62303
-3.78327
-2.85009
-1.9551
-1.09261
-0.2882
0.400976
0.956596
1.27477
1.4055
1.36934
1.22893
1.02239
0.786531
0.524321
0.292492
0.102386
-0.0297552
-0.104791
-0.131941
-0.126527
-0.104167
-0.0767287
-0.0513435
-0.0308054
-0.0153164
-0.00408886
0.0030068
0.00571363
0.00560155
0.00447223
0.00319314
0.00208267
0.00123449
0.000641555
0.000255376
2.71262e-05
-9.5414e-05
-0.000151329
-0.000166549
-0.000158977
-0.000140357
33.0782
40.3107
48.2374
53.0004
55.9012
58.7765
63.1
69.175
76.0503
81.8162
84.407
82.6152
75.8176
65.0417
51.6976
37.4615
24.461
13.8197
6.18104
1.20373
-1.45206
-2.92437
-3.78181
-4.28006
-4.83567
-5.56092
-6.34002
-6.98973
-7.38537
-7.43024
-7.20295
-6.65303
-6.07514
-5.41381
-4.53263
-3.70874
-2.79367
-1.9164
-1.07102
-0.283379
0.390848
0.933836
1.24514
1.37397
1.33909
1.20273
1.0008
0.770423
0.514279
0.287883
0.10197
-0.027521
-0.101328
-0.128376
-0.123517
-0.101955
-0.0752809
-0.0505077
-0.030384
-0.0151734
-0.00414659
0.00282584
0.00551477
0.00545247
0.00437472
0.00313443
0.00205053
0.00121912
0.000636278
0.00025584
3.01851e-05
-9.11696e-05
-0.000146959
-0.000162544
-0.000155543
-0.000137539
32.6595
39.6121
47.2939
51.9777
54.8663
57.7261
61.9785
67.9139
74.6063
80.2023
82.6979
80.9159
74.2585
63.7185
50.6724
36.7582
24.0423
13.6235
6.13077
1.23791
-1.38894
-2.85014
-3.70109
-4.20168
-4.74975
-5.45961
-6.21957
-6.85263
-7.23824
-7.28114
-7.05899
-6.52237
-5.95503
-5.30551
-4.44253
-3.63448
-2.73748
-1.87786
-1.04953
-0.278547
0.380865
0.91137
1.21588
1.34277
1.30912
1.17674
0.97937
0.754408
0.504282
0.283221
0.101463
-0.0253889
-0.0979541
-0.124875
-0.120543
-0.0997569
-0.0738326
-0.0496727
-0.0299532
-0.0150223
-0.00419687
0.00265234
0.00532141
0.00530573
0.00427777
0.00307549
0.00201792
0.00120328
0.000630613
0.000256007
3.30497e-05
-8.7057e-05
-0.000142672
-0.000158585
-0.000152132
-0.000134729
32.2265
38.9105
46.354
50.9573
53.8307
56.6724
60.853
66.6504
73.1633
78.5934
80.9968
79.2261
72.708
62.4018
49.6508
36.0552
23.6212
13.4236
6.07659
1.26872
-1.32787
-2.77697
-3.62093
-4.12312
-4.66349
-5.3581
-6.09922
-6.71592
-7.09166
-7.13262
-6.91556
-6.39203
-5.83528
-5.19761
-4.35272
-3.5605
-2.68152
-1.83947
-1.02812
-0.273689
0.371041
0.889207
1.18697
1.31188
1.27944
1.15093
0.958086
0.73848
0.494328
0.278511
0.100868
-0.0233557
-0.0946682
-0.121437
-0.117605
-0.0975724
-0.0723837
-0.0488156
-0.0295131
-0.0148634
-0.00423987
0.00248617
0.00513341
0.00516132
0.00418137
0.00301633
0.00198486
0.001187
0.000624569
0.000255881
3.57228e-05
-8.30743e-05
-0.000138465
-0.000154672
-0.000148744
-0.000131929
31.7799
38.206
45.4175
49.9391
52.7945
55.6157
59.7238
65.3849
71.7217
76.9896
79.3036
77.5458
71.1662
61.0917
48.6328
35.3523
23.1978
13.2199
6.01859
1.29622
-1.26879
-2.70484
-3.54131
-4.04439
-4.57691
-5.2564
-5.97896
-6.57958
-6.94562
-6.98468
-6.77265
-6.262
-5.71586
-5.09009
-4.26319
-3.48676
-2.62577
-1.80122
-1.0068
-0.268827
0.361346
0.867313
1.1584
1.2813
1.25003
1.12531
0.936953
0.722641
0.484408
0.273751
0.100184
-0.0214209
-0.0914683
-0.118061
-0.114703
-0.0954013
-0.0709346
-0.0479503
-0.0290643
-0.0146967
-0.00427577
0.00232719
0.00495064
0.00501921
0.00408555
0.00295697
0.00195136
0.00117026
0.000618154
0.00025547
3.82075e-05
-7.92195e-05
-0.000134339
-0.000150805
-0.000145379
-0.000129137
31.3201
37.4985
44.4842
48.923
51.7577
54.5559
58.591
64.1171
70.281
75.3906
77.6179
75.8743
69.6323
59.7876
47.6182
34.6495
22.7722
13.0127
5.95689
1.32053
-1.21165
-2.63372
-3.46222
-3.96552
-4.49003
-5.15454
-5.85882
-6.44361
-6.80009
-6.83733
-6.63026
-6.13232
-5.5968
-4.98298
-4.17396
-3.41331
-2.57024
-1.76313
-0.985566
-0.263923
0.351822
0.845725
1.13019
1.25102
1.22089
1.09988
0.915958
0.706882
0.474514
0.268947
0.0994212
-0.0195764
-0.0883501
-0.114745
-0.111835
-0.093244
-0.0694854
-0.0470778
-0.0286067
-0.0145225
-0.00430478
0.00217529
0.00477298
0.00487937
0.00399032
0.00289746
0.00191744
0.0011531
0.000611376
0.000254779
4.05066e-05
-7.54907e-05
-0.000130291
-0.000146982
-0.000142036
-0.000126355
29.9416
35.4256
41.7704
45.9645
48.7309
51.4554
55.2754
60.4125
66.0813
70.7391
72.7214
71.0235
65.1809
56.0009
44.6678
32.5996
21.5239
12.3978
5.76606
1.38207
-1.05068
-2.42924
-3.23303
-3.73494
-4.23564
-4.8568
-5.50858
-6.048
-6.37698
-6.40913
-6.21629
-5.75481
-5.25038
-4.67151
-3.91438
-3.19968
-2.4088
-1.65241
-0.923889
-0.249669
0.32431
0.783385
1.04868
1.16342
1.13656
1.02615
0.855117
0.661161
0.445728
0.254807
0.0969559
-0.0144693
-0.0794973
-0.105247
-0.103568
-0.086989
-0.0652571
-0.0445112
-0.0272471
-0.0139925
-0.00437007
0.00175275
0.00426919
0.00447793
0.00371424
0.00272339
0.00181725
0.00110182
0.000590567
0.000251965
4.66819e-05
-6.49739e-05
-0.000118708
-0.00013596
-0.000132351
-0.000118264
27.3934
31.9218
37.3305
41.1028
43.7015
46.2552
49.7069
54.2323
59.1501
63.1386
64.7742
63.1828
57.9852
49.8634
39.8553
29.2082
19.4085
11.3023
5.36963
1.41425
-0.827072
-2.11336
-2.8651
-3.35013
-3.808
-4.35994
-4.93065
-5.40065
-5.68703
-5.7128
-5.54199
-5.13694
-4.6845
-4.16443
-3.49104
-2.8519
-2.14627
-1.47225
-0.823373
-0.225089
0.282613
0.687052
0.921839
1.02565
1.00327
0.908368
0.757565
0.58722
0.398373
0.230264
0.0909847
-0.00808266
-0.0666584
-0.0908276
-0.0906293
-0.0769252
-0.0582583
-0.0401119
-0.0248081
-0.0129476
-0.00432066
0.00119641
0.00354197
0.00386296
0.00327137
0.00243272
0.00164265
0.00100761
0.000548283
0.000241294
5.28655e-05
-5.03048e-05
-0.000101243
-0.000118692
-0.000116815
-0.000105068
24.6276
28.3535
32.9299
36.2718
38.6598
41.0037
44.078
48.0203
52.2449
55.6299
56.9683
55.5081
50.9417
43.8416
35.107
25.8221
17.2546
10.1431
4.90578
1.38984
-0.640855
-1.81786
-2.50753
-2.96356
-3.37552
-3.85989
-4.354
-4.75892
-5.0051
-5.02539
-4.87541
-4.52354
-4.12317
-3.66242
-3.07117
-2.50744
-1.88655
-1.29424
-0.724438
-0.201006
0.242037
0.593803
0.798992
0.891635
0.873593
0.793298
0.662423
0.514863
0.351334
0.205141
0.0836775
-0.00331661
-0.0553253
-0.0775363
-0.0783707
-0.0671535
-0.0512876
-0.0356018
-0.0222148
-0.0117582
-0.00413285
0.00076637
0.00290923
0.00329433
0.00284357
0.00214169
0.00146159
0.000905719
0.00049921
0.000225306
5.53944e-05
-3.81512e-05
-8.53628e-05
-0.000102347
-0.000101761
-9.20771e-05
21.6825
24.7263
28.5559
31.4642
33.607
35.709
38.399
41.7829
45.3643
48.2023
49.2863
47.979
44.0322
37.9222
30.4163
22.4423
15.0683
8.92899
4.38315
1.31159
-0.488292
-1.54127
-2.16
-2.57682
-2.94047
-3.35916
-3.78116
-4.12553
-4.33449
-4.35062
-4.22116
-3.92003
-3.57199
-3.17089
-2.65986
-2.1705
-1.63254
-1.11969
-0.626541
-0.174715
0.206672
0.508461
0.684987
0.76566
0.750618
0.682744
0.570202
0.443877
0.304297
0.178981
0.0748821
-0.000110739
-0.0453594
-0.0652433
-0.0667107
-0.0576429
-0.0443489
-0.0310022
-0.0194859
-0.0104419
-0.00382381
0.000446318
0.00235855
0.00276748
0.00243039
0.00185129
0.00127519
0.000797227
0.000444238
0.000204658
5.46798e-05
-2.82547e-05
-7.09092e-05
-8.684e-05
-8.71507e-05
-7.92812e-05
18.5907
21.0467
24.1995
26.674
28.5443
30.3787
32.679
35.5256
38.5055
40.8438
41.7092
40.5719
37.2348
32.0874
25.7718
19.0657
12.8527
7.66691
3.80966
1.18934
-0.364429
-1.28026
-1.81965
-2.18793
-2.50031
-2.8536
-3.20574
-3.49176
-3.66451
-3.67621
-3.56608
-3.31319
-3.01739
-2.67647
-2.24518
-1.83114
-1.37705
-0.944815
-0.529647
-0.15049
0.169036
0.421373
0.569664
0.638679
0.627384
0.572347
0.478897
0.373875
0.257569
0.152731
0.0653262
0.00200775
-0.0364869
-0.053799
-0.0555765
-0.0483698
-0.0374482
-0.0263334
-0.0166583
-0.00901678
-0.00341031
0.000220531
0.00187818
0.00227752
0.00203087
0.00156225
0.00108468
0.000683141
0.000384231
0.000179994
5.11449e-05
-2.03444e-05
-5.77131e-05
-7.20764e-05
-7.29385e-05
-6.66635e-05
15.3802
17.3218
19.854
21.8963
23.4732
25.0195
26.9266
29.2539
31.6678
33.5466
34.2245
33.2733
30.5393
26.3331
21.1761
15.7014
10.6209
6.37077
3.1971
1.03116
-0.265795
-1.03526
-1.48964
-1.80339
-2.06394
-2.35448
-2.64154
-2.87407
-3.01441
-3.02379
-2.93372
-2.72771
-2.48405
-2.20273
-1.8483
-1.50671
-1.13251
-0.776257
-0.434113
-0.122191
0.139965
0.346237
0.467382
0.523685
0.513877
0.468574
0.391448
0.305417
0.210767
0.125331
0.0543875
0.00282926
-0.0286684
-0.0430963
-0.0448889
-0.0393016
-0.0305849
-0.0216116
-0.0137456
-0.0075004
-0.002909
7.37368e-05
0.00145677
0.00181922
0.00164361
0.00127491
0.000891046
0.000564129
0.000320026
0.000151952
4.52214e-05
-1.41389e-05
-4.55969e-05
-5.79548e-05
-5.90729e-05
-5.42039e-05
12.0759
13.5592
15.5148
17.1274
18.3942
19.636
21.1458
22.9659
24.8388
26.286
26.796
26.0379
23.8967
20.6112
16.5871
12.3175
8.35163
5.02964
2.54271
0.840357
-0.185844
-0.796973
-1.15793
-1.40836
-1.61236
-1.83695
-2.05685
-2.23381
-2.33944
-2.34419
-2.27234
-2.11176
-1.92105
-1.7015
-1.42692
-1.16246
-0.87379
-0.599747
-0.33716
-0.0983823
0.102098
0.25997
0.353339
0.397886
0.391974
0.359118
0.301316
0.236283
0.164076
0.0983831
0.0434927
0.00330639
-0.0214055
-0.0329131
-0.0345558
-0.0304043
-0.0237563
-0.0168497
-0.0107623
-0.00590963
-0.00233624
-8.89093e-06
0.00108328
0.00138714
0.00126683
0.000989321
0.000695129
0.000442289
0.000252467
0.000121164
3.73482e-05
-9.34611e-06
-3.43744e-05
-4.43673e-05
-4.54972e-05
-4.18775e-05
8.69985
9.76681
11.1796
12.3665
13.3139
14.2433
15.3601
16.6933
18.0585
19.1134
19.49
18.9485
17.4056
15.0301
12.1144
9.01544
6.12994
3.70648
1.88568
0.634275
-0.125497
-0.580542
-0.850387
-1.03955
-1.19234
-1.35933
-1.52214
-1.6533
-1.73206
-1.73666
-1.68461
-1.56716
-1.4263
-1.26349
-1.05974
-0.862585
-0.647226
-0.442451
-0.246152
-0.068202
0.0806712
0.196856
0.264799
0.296071
0.289776
0.263769
0.21961
0.170956
0.117911
0.0703551
0.0309807
0.002343
-0.0151712
-0.023347
-0.0245477
-0.0216467
-0.0169574
-0.0120586
-0.00772568
-0.00426159
-0.00170817
-4.1986e-05
0.000746851
0.000975627
0.000898494
0.00070532
0.00049758
0.000317832
0.000182244
8.82164e-05
2.79408e-05
-5.68399e-06
-2.38677e-05
-3.1211e-05
-3.21605e-05
-2.96678e-05
5.27204
5.95097
6.83896
7.59229
8.19688
8.784
9.47714
10.293
11.1184
11.7446
11.949
11.5887
10.6186
9.14617
7.35352
5.46014
3.70547
2.2381
1.13973
0.387651
-0.0676272
-0.338658
-0.497748
-0.607599
-0.694166
-0.787654
-0.877718
-0.948993
-0.990078
-0.988951
-0.955977
-0.886545
-0.804303
-0.710493
-0.595034
-0.484225
-0.364142
-0.250742
-0.142576
-0.044327
0.0376828
0.102838
0.141944
0.161532
0.160456
0.148353
0.125615
0.0995114
0.0701534
0.0423008
0.0194236
0.00218354
-0.00856741
-0.0137333
-0.0146216
-0.012964
-0.0101791
-0.0072475
-0.00465149
-0.00257063
-0.00104031
-3.98086e-05
0.000436814
0.000578898
0.000536333
0.000422592
0.000298985
0.000191528
0.000110406
5.38581e-05
1.75176e-05
-2.77816e-06
-1.38179e-05
-1.83066e-05
-1.89355e-05
-1.74787e-05
1.81479
2.15019
2.57699
2.96922
3.31423
3.65969
4.05657
4.51446
4.98527
5.37304
5.56845
5.49308
5.11284
4.46794
3.64022
2.736
1.87746
1.14518
0.587609
0.200022
-0.0384179
-0.182645
-0.26853
-0.329754
-0.378637
-0.431294
-0.481711
-0.521442
-0.544026
-0.542956
-0.523921
-0.484657
-0.438082
-0.385011
-0.319659
-0.256887
-0.189474
-0.126376
-0.0671154
-0.0153055
0.0272013
0.0586274
0.075611
0.0817666
0.0774593
0.0681438
0.0545518
0.0407344
0.0268063
0.0158234
0.00628099
2.2128e-06
-0.0035678
-0.00506775
-0.00513816
-0.00443485
-0.00343102
-0.00242697
-0.00155588
-0.000860404
-0.000351314
-1.76516e-05
0.000142214
0.000191011
0.000177939
0.000140679
9.97938e-05
6.41115e-05
3.72522e-05
1.83754e-05
6.2264e-06
-5.91714e-07
-4.30283e-06
-5.81302e-06
-6.03485e-06
-5.55504e-06
-0.107759
-0.069488
-0.0444437
-0.0280892
-0.017771
-0.0114349
-0.00772651
-0.00576494
-0.00499264
-0.00507798
-0.0058721
-0.00728711
-0.0093745
-0.012233
-0.0159718
-0.0207445
-0.0266014
-0.0333577
-0.0402085
-0.0453087
-0.0441569
-0.0300163
0.0124569
0.0962444
0.246263
0.42777
0.59045
0.468509
-0.0314972
-1.69112
-1.01147
-1.51468
-0.108017
-0.069934
-0.0450284
-0.0287776
-0.0185388
-0.0122557
-0.00859629
-0.00667225
-0.00593081
-0.00603936
-0.00684984
-0.00827315
-0.0103652
-0.013227
-0.0169701
-0.0217503
-0.027621
-0.0344045
-0.0413134
-0.0465714
-0.0450341
-0.030825
0.0116755
0.0955344
0.245578
0.427023
0.589013
0.467684
-0.0329987
-1.6925
-1.01249
-1.51509
-0.106446
-0.0685539
-0.0437702
-0.0275875
-0.0173789
-0.0110958
-0.00741946
-0.00546591
-0.00469162
-0.00477158
-0.00556179
-0.00697611
-0.0090654
-0.0119274
-0.015669
-0.0204435
-0.0262985
-0.0330422
-0.039849
-0.0447878
-0.043984
-0.0298536
0.0127031
0.0966212
0.246866
0.428612
0.591461
0.468551
-0.0326094
-1.69174
-1.01118
-1.5139
-0.106088
-0.0685636
-0.0440517
-0.0280783
-0.0180258
-0.0118652
-0.00829082
-0.00642511
-0.00572468
-0.00586096
-0.00669059
-0.00812349
-0.0102221
-0.0130863
-0.016837
-0.0216272
-0.0275153
-0.0343302
-0.0413008
-0.0467672
-0.0449429
-0.0306916
0.0118844
0.0958531
0.246126
0.427808
0.589534
0.468202
-0.0339229
-1.69338
-1.01255
-1.51428
-0.104543
-0.0673546
-0.0430572
-0.0272092
-0.0172171
-0.0110636
-0.00746601
-0.00555438
-0.00479948
-0.0048873
-0.00568089
-0.00709734
-0.00918929
-0.0120533
-0.0157991
-0.0205785
-0.0264406
-0.0331918
-0.0399943
-0.0447705
-0.044282
-0.0302155
0.0123702
0.0963911
0.246947
0.429127
0.592237
0.468932
-0.033879
-1.69314
-1.01155
-1.51344
-0.103384
-0.0667141
-0.0427916
-0.0272255
-0.0174396
-0.0114479
-0.00798281
-0.0061859
-0.00552923
-0.00569475
-0.00653599
-0.00797938
-0.0100825
-0.0129484
-0.0167044
-0.0215033
-0.0274087
-0.0342559
-0.0412878
-0.0470471
-0.0450424
-0.0308094
0.0118025
0.0958739
0.246528
0.428777
0.590637
0.469192
-0.0346972
-1.69454
-1.01275
-1.51364
-0.101623
-0.0654594
-0.0418671
-0.0265067
-0.0168303
-0.0108765
-0.00740271
-0.00556392
-0.00484898
-0.00495872
-0.00576104
-0.00718402
-0.00927961
-0.0121452
-0.0158966
-0.0206846
-0.0265632
-0.0333429
-0.0401837
-0.0448737
-0.0446218
-0.030664
0.0119075
0.0960132
0.246973
0.429804
0.593398
0.470043
-0.0348501
-1.69487
-1.01219
-1.51306
-0.0998605
-0.0643518
-0.0412231
-0.0261998
-0.0167647
-0.0109925
-0.00766456
-0.00594953
-0.0053412
-0.00553485
-0.00638815
-0.00783946
-0.00994535
-0.0128119
-0.0165714
-0.0213784
-0.027302
-0.0341842
-0.0412787
-0.0472026
-0.0452948
-0.0311584
0.0114456
0.0956048
0.246767
0.429884
0.592297
0.470724
-0.035339
-1.69607
-1.01314
-1.51317
-0.0977467
-0.0629195
-0.0402435
-0.0255127
-0.0162453
-0.0105528
-0.00724286
-0.00550358
-0.00484619
-0.00498895
-0.0058062
-0.00723845
-0.00933812
-0.0122051
-0.0159625
-0.0207619
-0.0266652
-0.0334915
-0.0404105
-0.0451805
-0.04504
-0.0312268
0.0112963
0.0954728
0.246951
0.430691
0.594899
0.471817
-0.0355256
-1.69685
-1.01305
-1.51278
-0.0954864
-0.0614539
-0.0393283
-0.0249851
-0.015986
-0.0104866
-0.0073257
-0.00570829
-0.00515485
-0.00537767
-0.00624339
-0.00770117
-0.00980859
-0.0126748
-0.0164368
-0.0212521
-0.0271963
-0.0341188
-0.0412818
-0.0472955
-0.045673
-0.0317112
0.0108336
0.0950619
0.24684
0.431093
0.594475
0.472853
-0.0358215
-1.69801
-1.01376
-1.51287
-0.0929669
-0.0597825
-0.0382259
-0.024258
-0.015486
-0.0101104
-0.00700022
-0.00538331
-0.00479823
-0.00498293
-0.00582021
-0.00726338
-0.00936694
-0.0122345
-0.0159975
-0.0208103
-0.0267446
-0.0336329
-0.0406646
-0.0456339
-0.0455567
-0.0319297
0.0105121
0.0947469
0.246872
0.431809
0.596806
0.474221
-0.0359474
-1.69908
-1.01408
-1.5126
-0.0902579
-0.0580133
-0.0370982
-0.0235707
-0.0150935
-0.00992053
-0.0069579
-0.00545541
-0.00496477
-0.0052194
-0.00609851
-0.00756216
-0.00967035
-0.0125355
-0.0162998
-0.0211243
-0.0270929
-0.0340639
-0.0413071
-0.047372
-0.0461655
-0.0324473
0.00998958
0.0942669
0.246767
0.432405
0.597106
0.475602
-0.0361038
-1.70033
-1.01467
-1.51271
-0.087325
-0.0560859
-0.0358473
-0.0227696
-0.0145732
-0.00956527
-0.0066865
-0.0052117
-0.00471193
-0.00494516
-0.00580629
-0.00726112
-0.00936774
-0.0122347
-0.0160021
-0.02083
-0.0267991
-0.0337617
-0.0409339
-0.046195
-0.0461799
-0.0327891
0.00953304
0.0938107
0.246708
0.433139
0.599203
0.47725
-0.0361422
-1.7016
-1.01524
-1.51253
-0.084194
-0.0540409
-0.0345366
-0.0219544
-0.0140821
-0.00928795
-0.00655518
-0.00518521
-0.00476692
-0.0050569
-0.00595101
-0.00742053
-0.00952908
-0.0123926
-0.0161594
-0.0209744
-0.0269927
-0.0340227
-0.0413639
-0.0474681
-0.0467673
-0.033356
0.00892766
0.0932342
0.246567
0.433851
0.600105
0.478968
-0.0361781
-1.703
-1.01595
-1.51273
-0.0818384
-0.0524875
-0.0335272
-0.0213104
-0.0136726
-0.00902393
-0.00637501
-0.00504557
-0.00463914
-0.00492709
-0.00581662
-0.0072842
-0.00939342
-0.0122594
-0.0160312
-0.0208745
-0.026886
-0.0339321
-0.0412632
-0.0468952
-0.0468606
-0.0336065
0.00883737
0.0936678
0.248168
0.436957
0.603353
0.476819
-0.05819
-1.72287
-1.00953
-1.29153
-0.0806157
-0.0516657
-0.0329835
-0.020959
-0.0134496
-0.00888676
-0.00629632
-0.00500844
-0.00463323
-0.00494362
-0.00584657
-0.00732044
-0.00943085
-0.0122957
-0.0160678
-0.0209149
-0.0269454
-0.0340356
-0.0414753
-0.0475956
-0.0473745
-0.0342252
0.00807324
0.0928279
0.247902
0.43826
0.606041
0.481745
-0.0579278
-1.72922
-1.01703
-1.29887
-0.0793674
-0.0508262
-0.032427
-0.0205969
-0.0132154
-0.00873425
-0.00619288
-0.0049304
-0.00456422
-0.00487482
-0.00577507
-0.0072465
-0.00935473
-0.0122175
-0.0159888
-0.0208378
-0.0268771
-0.0339887
-0.041461
-0.0474222
-0.0476209
-0.0347918
0.0072942
0.0919333
0.24761
0.439707
0.61007
0.48753
-0.0574769
-1.73666
-1.02834
-1.30716
-0.0780943
-0.0499705
-0.0318604
-0.0202297
-0.012981
-0.00858768
-0.00610483
-0.00488215
-0.00454366
-0.00487274
-0.00578262
-0.00725707
-0.00936369
-0.0122227
-0.0159912
-0.0208417
-0.0268932
-0.0340398
-0.0415956
-0.047838
-0.0481159
-0.0354719
0.00641556
0.0909284
0.247248
0.441253
0.612156
0.494132
-0.0568624
-1.74522
-1.04345
-1.32226
-0.0767963
-0.049098
-0.0312823
-0.0198538
-0.0127385
-0.00843114
-0.00600123
-0.00480795
-0.00448275
-0.00481632
-0.00572694
-0.00720131
-0.00930735
-0.0121654
-0.0159345
-0.020789
-0.0268539
-0.0340329
-0.0416521
-0.0479311
-0.0484671
-0.0361451
0.00549479
0.0898472
0.246838
0.442922
0.616854
0.501574
-0.0560717
-1.7549
-1.06241
-1.34162
-0.0754739
-0.0482094
-0.0306938
-0.0194719
-0.0124937
-0.00827659
-0.00590585
-0.00475135
-0.00445128
-0.00480033
-0.00571771
-0.00719283
-0.00929546
-0.0121483
-0.0159129
-0.0207672
-0.0268421
-0.0340535
-0.0417472
-0.0481869
-0.0489567
-0.0368938
0.00449485
0.0886675
0.246367
0.444703
0.621716
0.50986
-0.0550989
-1.7657
-1.08522
-1.36575
-0.0741274
-0.0473046
-0.0300945
-0.0190823
-0.0122427
-0.00811533
-0.00580077
-0.00467893
-0.00439549
-0.00475232
-0.00567288
-0.00714934
-0.00925197
-0.0121039
-0.015869
-0.0207273
-0.0268168
-0.0340648
-0.0418359
-0.0484094
-0.0493952
-0.037666
0.00343641
0.0873986
0.245838
0.446598
0.626983
0.519
-0.0539351
-1.77762
-1.1119
-1.39469
-0.0727009
-0.0463454
-0.0294586
-0.0186686
-0.0119767
-0.00794619
-0.00569453
-0.00461282
-0.00435389
-0.0047248
-0.00565059
-0.00712647
-0.00922482
-0.0120708
-0.0158312
-0.0206895
-0.026792
-0.0340779
-0.0419337
-0.0486568
-0.0499287
-0.0385386
0.00224807
0.0859686
0.245244
0.448789
0.633076
0.529663
-0.0527169
-1.79179
-1.14484
-1.43005
-0.071205
-0.0453383
-0.0287901
-0.0182329
-0.0116955
-0.00776559
-0.00557779
-0.00453443
-0.00429638
-0.00467841
-0.00560916
-0.00708709
-0.00918461
-0.0120286
-0.0157866
-0.020647
-0.0267638
-0.0340917
-0.0420424
-0.0489392
-0.050503
-0.0395214
0.000887655
0.0842973
0.244488
0.451223
0.640102
0.542282
-0.0508683
-1.80833
-1.18543
-1.47692
-0.069682
-0.0443132
-0.0281096
-0.0177894
-0.0114095
-0.00758246
-0.00546112
-0.0044592
-0.00424518
-0.00464016
-0.00557518
-0.00705146
-0.00914521
-0.0119838
-0.0157379
-0.0205991
-0.0267296
-0.0340995
-0.0421466
-0.0492145
-0.0511102
-0.0405588
-0.000557672
0.0825007
0.243646
0.453801
0.647686
0.55607
-0.0487192
-1.82639
-1.2313
-1.51959
-0.0681341
-0.0432723
-0.0274194
-0.0173401
-0.0111201
-0.00739705
-0.00534185
-0.00438084
-0.00418991
-0.00459785
-0.00553811
-0.00701554
-0.00910676
-0.0119411
-0.0156918
-0.0205546
-0.0266999
-0.0341147
-0.0422661
-0.0495276
-0.0517445
-0.0416515
-0.00208935
0.0805745
0.242712
0.456518
0.655807
0.571051
-0.046244
-1.84595
-1.28326
-1.59773
-0.066553
-0.0422067
-0.0267103
-0.0168757
-0.0108183
-0.00720187
-0.00521573
-0.00429757
-0.00413107
-0.00455201
-0.00549677
-0.0069735
-0.00906072
-0.0118892
-0.0156352
-0.0204981
-0.0266568
-0.0341156
-0.0423715
-0.0498241
-0.0524176
-0.0428
-0.00370747
0.0785166
0.241682
0.459371
0.664398
0.587226
-0.0434313
-1.86703
-1.33686
-1.62943
-0.0649745
-0.0411509
-0.0260149
-0.0164269
-0.010533
-0.00702325
-0.00510427
-0.00422641
-0.00408184
-0.0045147
-0.00546377
-0.00694051
-0.00902456
-0.0118482
-0.0155903
-0.0204542
-0.0266277
-0.0341325
-0.0424967
-0.0501443
-0.0531037
-0.0440052
-0.00541635
0.0763225
0.240554
0.462393
0.674131
0.604649
-0.0402341
-1.88979
-1.40502
-1.74346
-0.0632809
-0.0399981
-0.0252385
-0.0159111
-0.0101921
-0.00679483
-0.00495
-0.00412056
-0.00400483
-0.00445429
-0.00540983
-0.00688676
-0.00896668
-0.0117838
-0.0155206
-0.0203845
-0.0265734
-0.0341293
-0.042621
-0.0505343
-0.0537771
-0.0452266
-0.0072041
0.0739533
0.239206
0.465253
0.683399
0.623442
-0.0362879
-1.9126
-1.46511
-1.77204
-0.0494959
-0.0311641
-0.0195534
-0.0122227
-0.00772849
-0.0050666
-0.00363138
-0.00298726
-0.00290321
-0.00326654
-0.00403208
-0.00521378
-0.00687753
-0.00913141
-0.012123
-0.0160202
-0.0209867
-0.0270642
-0.0339189
-0.0403086
-0.0431879
-0.0344456
0.00371476
0.0850757
0.251945
0.483144
0.707017
0.690376
0.181679
-1.2634
0.307227
0.0472535
659.444
659.451
659.456
659.459
659.46
659.461
659.462
659.462
659.462
659.462
659.462
659.461
659.461
659.46
659.458
659.457
659.455
659.452
659.45
659.447
659.446
659.452
659.476
659.526
659.629
659.775
659.92
659.946
659.76
659.229
659.912
661.372
-0.000206382
-0.000159264
-0.000120199
-8.8778e-05
-6.40809e-05
-4.51332e-05
-3.0061e-05
-1.7801e-05
-7.21497e-06
2.95483e-06
1.40393e-05
2.76429e-05
4.57923e-05
7.12473e-05
0.000107929
0.000161495
0.000240155
0.000356097
0.000528729
0.000792797
0.0014454
0.00749356
0.0288329
0.0730903
0.162651
0.288641
0.411957
0.48407
0.559253
0.744889
1.34969
4.5909
-0.000205254
-0.000158591
-0.000119846
-8.86447e-05
-6.40866e-05
-4.52205e-05
-3.02043e-05
-1.79926e-05
-7.44128e-06
2.70813e-06
1.37875e-05
2.73943e-05
4.55608e-05
7.10539e-05
0.000107781
0.000161364
0.000240066
0.000356055
0.000528686
0.000791907
0.00120077
0.00172274
0.00235693
0.00302337
0.00354163
0.00457414
0.00465399
0.0109812
0.0138185
0.0282009
0.0728222
0.0695068
-0.000203054
-0.000157133
-0.000118903
-8.806e-05
-6.37483e-05
-4.50477e-05
-3.01327e-05
-1.79789e-05
-7.46073e-06
2.66534e-06
1.37252e-05
2.73138e-05
4.54549e-05
7.09079e-05
0.000107581
0.000161086
0.000239629
0.000355362
0.000527494
0.000789305
0.00119389
0.00172054
0.00237688
0.00309486
0.0036462
0.00467878
0.00470876
0.0110542
0.0138297
0.0283051
0.0586299
-0.0091692
-0.000201019
-0.000155742
-0.000117969
-8.74358e-05
-6.33277e-05
-4.47601e-05
-2.99345e-05
-1.78395e-05
-7.35594e-06
2.75221e-06
1.38076e-05
2.73969e-05
4.55456e-05
7.10112e-05
0.000107687
0.00016119
0.00023972
0.000355399
0.000527356
0.000788235
0.00118844
0.00170813
0.00233691
0.0030082
0.00352204
0.00460389
0.0046983
0.010996
0.0136804
0.027779
0.0658008
0.0379467
-0.000198942
-0.000154323
-0.000117013
-8.68041e-05
-6.29179e-05
-4.44997e-05
-2.97738e-05
-1.77445e-05
-7.30504e-06
2.7696e-06
1.37973e-05
2.73622e-05
4.54823e-05
7.09073e-05
0.00010753
0.000160938
0.000239303
0.000354709
0.000526135
0.000785542
0.00118086
0.00169435
0.00231658
0.00300335
0.00356147
0.00466722
0.00474956
0.011028
0.0136075
0.0274954
0.0535139
0.00841447
-0.000196853
-0.000152887
-0.000116037
-8.6149e-05
-6.24806e-05
-4.42069e-05
-2.9577e-05
-1.76092e-05
-7.20669e-06
2.84574e-06
1.38607e-05
2.74139e-05
4.55201e-05
7.09257e-05
0.000107508
0.000160856
0.000239108
0.000354317
0.000525327
0.000783445
0.00117434
0.00168207
0.00229635
0.00297508
0.00352081
0.00463817
0.00474775
0.0109834
0.01347
0.0271274
0.0579881
0.0225466
-0.000194755
-0.000151442
-0.000115054
-8.54906e-05
-6.20457e-05
-4.39231e-05
-2.93971e-05
-1.75e-05
-7.14577e-06
2.87083e-06
1.38575e-05
2.73857e-05
4.54646e-05
7.08323e-05
0.00010736
0.000160612
0.000238704
0.000353639
0.000524109
0.000780758
0.0011671
0.00166884
0.0022752
0.00294724
0.00350033
0.00464483
0.0047668
0.0109725
0.0133468
0.0267585
0.0495893
0.014208
-0.000192646
-0.000149982
-0.000114055
-8.48156e-05
-6.15937e-05
-4.36205e-05
-2.91956e-05
-1.73653e-05
-7.05506e-06
2.93019e-06
1.38919e-05
2.73939e-05
4.54397e-05
7.07613e-05
0.000107218
0.000160359
0.000238268
0.000352898
0.000522777
0.000777893
0.00115974
0.00165556
0.00225419
0.00291967
0.00347913
0.00464247
0.00477736
0.0109424
0.0132092
0.0263778
0.0506611
0.015952
-0.000190528
-0.00014851
-0.000113045
-8.41327e-05
-6.11381e-05
-4.33193e-05
-2.90016e-05
-1.72445e-05
-6.98397e-06
2.96503e-06
1.38981e-05
2.73724e-05
4.53847e-05
7.06576e-05
0.000107037
0.000160056
0.000237762
0.000352052
0.000521285
0.000774794
0.00115218
0.00164209
0.00223312
0.00289218
0.00345757
0.00463799
0.00478481
0.0109072
0.0130614
0.0259868
0.0458074
0.0141598
-0.0001884
-0.000147026
-0.000112021
-8.34361e-05
-6.06689e-05
-4.30039e-05
-2.87931e-05
-1.71094e-05
-6.90025e-06
3.00938e-06
1.39087e-05
2.73484e-05
4.53191e-05
7.05341e-05
0.000106826
0.000159707
0.000237188
0.000351103
0.000519635
0.000771467
0.00114443
0.00162846
0.00221198
0.00286475
0.00343563
0.00463137
0.00478913
0.0108661
0.0129056
0.0255842
0.0444962
0.0132777
-0.000186264
-0.00014553
-0.000110987
-8.27309e-05
-6.01944e-05
-4.26868e-05
-2.8586e-05
-1.6978e-05
-6.82127e-06
3.04841e-06
1.39128e-05
2.73155e-05
4.524e-05
7.03899e-05
0.000106584
0.000159311
0.000236545
0.000350053
0.000517828
0.000767917
0.00113647
0.00161465
0.00219077
0.00283735
0.00341327
0.00462266
0.00479041
0.0108194
0.0127421
0.0251711
0.0417604
0.0122931
-0.000184119
-0.000144023
-0.00010994
-8.2013e-05
-5.97084e-05
-4.23592e-05
-2.83707e-05
-1.68413e-05
-6.74046e-06
3.08594e-06
1.39122e-05
2.72742e-05
4.51473e-05
7.02252e-05
0.000106311
0.00015887
0.000235835
0.0003489
0.000515868
0.000764149
0.00112832
0.00160067
0.00216949
0.00280998
0.00339049
0.00461189
0.00478872
0.0107673
0.0125719
0.0247479
0.0396425
0.0113944
-0.000181967
-0.000142504
-0.000108882
-8.1286e-05
-5.92153e-05
-4.20264e-05
-2.81516e-05
-1.67023e-05
-6.65916e-06
3.12164e-06
1.3907e-05
2.72244e-05
4.50413e-05
7.00399e-05
0.000106007
0.000158383
0.000235057
0.000347648
0.000513755
0.000760169
0.00111998
0.00158652
0.00214814
0.0027826
0.00336727
0.00459911
0.00478412
0.0107098
0.0123955
0.0243153
0.0375467
0.0105246
-0.000179806
-0.000140975
-0.000107812
-8.0548e-05
-5.87129e-05
-4.16864e-05
-2.79277e-05
-1.65607e-05
-6.57736e-06
3.1555e-06
1.3897e-05
2.71663e-05
4.49218e-05
6.98341e-05
0.000105673
0.000157851
0.000234213
0.000346295
0.000511492
0.00075598
0.00111145
0.00157221
0.0021267
0.00275521
0.00334359
0.00458436
0.00477671
0.0106472
0.0122137
0.0238741
0.0355542
0.00969097
-0.000177639
-0.000139435
-0.000106731
-7.98e-05
-5.82022e-05
-4.13397e-05
-2.76991e-05
-1.64163e-05
-6.49508e-06
3.1875e-06
1.38823e-05
2.70999e-05
4.4789e-05
6.9608e-05
0.000105308
0.000157274
0.000233302
0.000344843
0.000509081
0.000751587
0.00110274
0.00155773
0.00210518
0.00272779
0.00331944
0.00456767
0.00476655
0.0105796
0.0120269
0.0234251
0.0336518
0.00888936
-0.000175465
-0.000137885
-0.000105639
-7.9042e-05
-5.76832e-05
-4.09865e-05
-2.7466e-05
-1.62694e-05
-6.41232e-06
3.21764e-06
1.3863e-05
2.70251e-05
4.4643e-05
6.93617e-05
0.000104913
0.000156652
0.000232324
0.000343292
0.000506523
0.000746995
0.00109384
0.00154309
0.00208357
0.00270033
0.00329482
0.00454909
0.00475372
0.0105073
0.0118358
0.0229692
0.031837
0.00811937
-0.000173285
-0.000136325
-0.000104537
-7.82743e-05
-5.71559e-05
-4.06267e-05
-2.72282e-05
-1.612e-05
-6.32913e-06
3.24592e-06
1.3839e-05
2.69421e-05
4.44837e-05
6.90951e-05
0.000104488
0.000155986
0.000231281
0.000341644
0.000503822
0.000742207
0.00108476
0.00152829
0.00206187
0.0026728
0.0032697
0.00452866
0.00473829
0.0104304
0.0116409
0.0225077
0.030106
0.00738003
-0.000171099
-0.000134756
-0.000103425
-7.74969e-05
-5.66206e-05
-4.02606e-05
-2.6986e-05
-1.5968e-05
-6.24551e-06
3.27232e-06
1.38103e-05
2.68507e-05
4.43112e-05
6.88084e-05
0.000104032
0.000155275
0.000230173
0.000339899
0.000500978
0.000737229
0.00107551
0.00151333
0.00204008
0.00264519
0.00324408
0.00450641
0.00472035
0.0103491
0.0114427
0.0220416
0.0284551
0.00667049
-0.000168907
-0.000133177
-0.000102302
-7.67101e-05
-5.60773e-05
-3.98882e-05
-2.67394e-05
-1.58136e-05
-6.16148e-06
3.29685e-06
1.3777e-05
2.67512e-05
4.41256e-05
6.85018e-05
0.000103547
0.000154519
0.000228999
0.000338059
0.000497995
0.000732064
0.00106608
0.00149822
0.00201819
0.0026175
0.00321796
0.00448239
0.00469997
0.0102635
0.0112417
0.0215724
0.0268805
0.00598993
-0.00016671
-0.000131589
-0.00010117
-7.5914e-05
-5.55261e-05
-3.95097e-05
-2.64884e-05
-1.56567e-05
-6.07708e-06
3.3195e-06
1.3739e-05
2.66435e-05
4.3927e-05
6.81752e-05
0.000103033
0.00015372
0.000227761
0.000336123
0.000494873
0.000726716
0.00105647
0.00148295
0.00199619
0.00258971
0.00319132
0.00445663
0.00467722
0.0101739
0.0110383
0.0211012
0.0253785
0.00533753
-0.000164508
-0.000129993
-0.000100028
-7.51088e-05
-5.49672e-05
-3.9125e-05
-2.62331e-05
-1.54975e-05
-5.99231e-06
3.34027e-06
1.36965e-05
2.65276e-05
4.37154e-05
6.78289e-05
0.000102488
0.000152878
0.000226459
0.000334093
0.000491615
0.000721188
0.0010467
0.00146753
0.00197409
0.00256179
0.00316416
0.00442919
0.00465218
0.0100805
0.010833
0.0206295
0.0239456
0.00471249
-0.000162302
-0.000128388
-9.88762e-05
-7.42947e-05
-5.44008e-05
-3.87343e-05
-2.59737e-05
-1.53359e-05
-5.9072e-06
3.35915e-06
1.36493e-05
2.64036e-05
4.34909e-05
6.7463e-05
0.000101915
0.000151992
0.000225094
0.000331971
0.000488223
0.000715485
0.00103676
0.00145195
0.00195188
0.00253379
0.00313648
0.00440008
0.00462492
0.00998336
0.0106261
0.0201585
0.0225782
0.00411403
-0.000160091
-0.000126775
-9.77154e-05
-7.34718e-05
-5.38268e-05
-3.83378e-05
-2.57101e-05
-1.5172e-05
-5.82177e-06
3.37616e-06
1.35976e-05
2.62715e-05
4.32536e-05
6.70775e-05
0.000101312
0.000151063
0.000223666
0.000329756
0.000484699
0.00070961
0.00102665
0.00143623
0.00192957
0.00250566
0.00310827
0.00436937
0.00459552
0.00988269
0.010418
0.0196891
0.0212734
0.00354138
-0.000157877
-0.000125154
-9.65455e-05
-7.26403e-05
-5.32456e-05
-3.79354e-05
-2.54424e-05
-1.50059e-05
-5.73603e-06
3.39128e-06
1.35413e-05
2.61314e-05
4.30035e-05
6.66726e-05
0.000100681
0.000150092
0.000222175
0.000327451
0.000481046
0.000703567
0.00101638
0.00142035
0.00190713
0.00247738
0.00307953
0.00433708
0.00456404
0.00977867
0.0102091
0.0192221
0.0200281
0.00299379
-0.000155659
-0.000123525
-9.53669e-05
-7.18005e-05
-5.26571e-05
-3.75274e-05
-2.51707e-05
-1.48375e-05
-5.65001e-06
3.40452e-06
1.34805e-05
2.59834e-05
4.27408e-05
6.62484e-05
0.00010002
0.000149078
0.000220623
0.000325055
0.000477264
0.000697358
0.00100595
0.00140433
0.00188459
0.00244894
0.00305026
0.00430326
0.00453057
0.00967146
0.00999971
0.0187583
0.0188398
0.00247052
-0.000153438
-0.000121889
-9.41797e-05
-7.09523e-05
-5.20615e-05
-3.71137e-05
-2.4895e-05
-1.4667e-05
-5.56372e-06
3.41587e-06
1.34152e-05
2.58274e-05
4.24655e-05
6.58051e-05
9.93317e-05
0.000148023
0.000219009
0.000322571
0.000473356
0.000690988
0.000995362
0.00138816
0.00186192
0.00242035
0.00302046
0.00426794
0.00449516
0.00956122
0.00979008
0.0182982
0.0177058
0.00197086
-0.000151214
-0.000120246
-9.29841e-05
-7.00961e-05
-5.14589e-05
-3.66945e-05
-2.46155e-05
-1.44943e-05
-5.47718e-06
3.42536e-06
1.33454e-05
2.56636e-05
4.21777e-05
6.53429e-05
9.86148e-05
0.000146926
0.000217334
0.000319998
0.000469324
0.00068446
0.000984618
0.00137185
0.00183913
0.00239159
0.00299012
0.00423117
0.00445789
0.00944811
0.00958052
0.0178425
0.0166238
0.00149411
-0.000148987
-0.000118596
-9.17803e-05
-6.9232e-05
-5.08494e-05
-3.62699e-05
-2.43321e-05
-1.43196e-05
-5.3904e-06
3.43297e-06
1.32711e-05
2.5492e-05
4.18775e-05
6.48618e-05
9.78698e-05
0.000145787
0.0002156
0.000317339
0.000465171
0.000677776
0.000973721
0.0013554
0.00181622
0.00236267
0.00295925
0.00419298
0.00441882
0.00933228
0.00937129
0.0173914
0.0155916
0.00103959
-0.000146758
-0.000116939
-9.05686e-05
-6.83601e-05
-5.02332e-05
-3.584e-05
-2.4045e-05
-1.41427e-05
-5.30341e-06
3.43871e-06
1.31924e-05
2.53126e-05
4.1565e-05
6.4362e-05
9.70971e-05
0.000144608
0.000213806
0.000314594
0.000460897
0.00067094
0.000962672
0.0013388
0.00179319
0.00233357
0.00292785
0.00415341
0.00437803
0.00921388
0.00916262
0.0169454
0.0146069
0.000606627
-0.000144527
-0.000115276
-8.9349e-05
-6.74805e-05
-4.96104e-05
-3.54048e-05
-2.37542e-05
-1.39639e-05
-5.21621e-06
3.44259e-06
1.31094e-05
2.51255e-05
4.12403e-05
6.38437e-05
9.62968e-05
0.000143389
0.000211953
0.000311765
0.000456505
0.000663955
0.000951475
0.00132206
0.00177002
0.00230429
0.00289592
0.0041125
0.00433557
0.00909305
0.00895473
0.0165047
0.013668
0.00019458
-0.000142295
-0.000113606
-8.81219e-05
-6.65936e-05
-4.89811e-05
-3.49645e-05
-2.34598e-05
-1.37831e-05
-5.12883e-06
3.44461e-06
1.30219e-05
2.49308e-05
4.09036e-05
6.33071e-05
9.54693e-05
0.000142129
0.000210043
0.000308851
0.000451997
0.000656824
0.000940132
0.00130518
0.00174673
0.00227482
0.00286347
0.00407028
0.00429151
0.00896994
0.00874783
0.0160698
0.0127727
-0.00019718
-0.00014006
-0.000111931
-8.68874e-05
-6.56993e-05
-4.83454e-05
-3.45192e-05
-2.31618e-05
-1.36004e-05
-5.04128e-06
3.44479e-06
1.29302e-05
2.47285e-05
4.05548e-05
6.27523e-05
9.46148e-05
0.00014083
0.000208074
0.000305856
0.000447376
0.00064955
0.000928645
0.00128816
0.00172332
0.00224516
0.00283049
0.0040268
0.00424591
0.00884469
0.00854211
0.0156407
0.0119194
-0.000569266
-0.000137825
-0.00011025
-8.56456e-05
-6.47978e-05
-4.77034e-05
-3.40689e-05
-2.28604e-05
-1.34157e-05
-4.95357e-06
3.44312e-06
1.28341e-05
2.45188e-05
4.01942e-05
6.21795e-05
9.37335e-05
0.000139492
0.000206049
0.000302779
0.000442642
0.000642136
0.000917016
0.00127101
0.00169977
0.0022153
0.002797
0.0039821
0.00419883
0.00871742
0.00833772
0.0152176
0.0111063
-0.000922268
-0.000135588
-0.000108563
-8.43969e-05
-6.38894e-05
-4.70553e-05
-3.36137e-05
-2.25555e-05
-1.32292e-05
-4.86573e-06
3.43962e-06
1.27338e-05
2.43016e-05
3.98219e-05
6.15888e-05
9.28258e-05
0.000138115
0.000203968
0.000299622
0.000437797
0.000634585
0.000905247
0.00125372
0.00167608
0.00218525
0.00276298
0.0039362
0.00415033
0.00858826
0.00813484
0.0148007
0.0103317
-0.00125676
-0.00013335
-0.000106871
-8.31413e-05
-6.29742e-05
-4.64012e-05
-3.31537e-05
-2.22472e-05
-1.30409e-05
-4.77775e-06
3.43431e-06
1.26293e-05
2.4077e-05
3.94379e-05
6.09805e-05
9.1892e-05
0.000136699
0.000201831
0.000296386
0.000432845
0.000626898
0.000893342
0.0012363
0.00165227
0.002155
0.00272846
0.00388915
0.00410046
0.00845735
0.00793359
0.0143902
0.00959417
-0.00157331
-0.000131112
-0.000105174
-8.1879e-05
-6.20522e-05
-4.57411e-05
-3.26891e-05
-2.19356e-05
-1.28507e-05
-4.68966e-06
3.42718e-06
1.25206e-05
2.38452e-05
3.90424e-05
6.03548e-05
9.09322e-05
0.000135246
0.00019964
0.000293072
0.000427786
0.00061908
0.000881302
0.00121875
0.00162832
0.00212454
0.00269343
0.00384099
0.00404928
0.00832479
0.00773411
0.0139861
0.00889213
-0.00187244
-0.000128873
-0.000103472
-8.06102e-05
-6.11237e-05
-4.50752e-05
-3.22198e-05
-2.16208e-05
-1.26589e-05
-4.60147e-06
3.41825e-06
1.24077e-05
2.36062e-05
3.86355e-05
5.97118e-05
8.99469e-05
0.000133756
0.000197395
0.000289682
0.000422623
0.000611133
0.000869129
0.00120106
0.00160424
0.00209387
0.0026579
0.00379174
0.00399685
0.00819071
0.00753651
0.0135885
0.00822416
-0.00215468
-0.000126634
-0.000101766
-7.93352e-05
-6.01888e-05
-4.44037e-05
-3.17461e-05
-2.13028e-05
-1.24653e-05
-4.51319e-06
3.40754e-06
1.22907e-05
2.336e-05
3.82173e-05
5.90517e-05
8.89363e-05
0.000132228
0.000195096
0.000286216
0.000417357
0.00060306
0.000856826
0.00118325
0.00158002
0.002063
0.00262187
0.00374144
0.00394321
0.00805522
0.0073409
0.0131974
0.00758891
-0.00242054
-0.000124395
-0.000100054
-7.8054e-05
-5.92476e-05
-4.37266e-05
-3.12679e-05
-2.09817e-05
-1.227e-05
-4.42484e-06
3.39505e-06
1.21697e-05
2.31068e-05
3.7788e-05
5.83748e-05
8.79008e-05
0.000130664
0.000192745
0.000282676
0.000411991
0.000594862
0.000844395
0.00116531
0.00155567
0.00203191
0.00258535
0.00369014
0.00388842
0.00791841
0.00714736
0.0128129
0.00698508
-0.00267052
-0.000122157
-9.83389e-05
-7.67668e-05
-5.83003e-05
-4.3044e-05
-3.07854e-05
-2.06575e-05
-1.20731e-05
-4.33642e-06
3.3808e-06
1.20447e-05
2.28466e-05
3.73477e-05
5.76813e-05
8.68406e-05
0.000129064
0.000190342
0.000279063
0.000406525
0.000586543
0.000831838
0.00114724
0.00153118
0.00200061
0.00254836
0.00363785
0.00383252
0.0077804
0.00695597
0.012435
0.0064114
-0.00290507
-0.000119918
-9.66193e-05
-7.54738e-05
-5.73471e-05
-4.23561e-05
-3.02986e-05
-2.03303e-05
-1.18746e-05
-4.24794e-06
3.36481e-06
1.19157e-05
2.25795e-05
3.68965e-05
5.69713e-05
8.57561e-05
0.000127429
0.000187888
0.000275378
0.000400964
0.000578106
0.000819157
0.00112905
0.00150656
0.0019691
0.00251088
0.00358463
0.00377557
0.00764129
0.00676681
0.0120637
0.00586668
-0.00312455
-0.00011768
-9.48957e-05
-7.41752e-05
-5.6388e-05
-4.16629e-05
-2.98077e-05
-2.00002e-05
-1.16746e-05
-4.15942e-06
3.34709e-06
1.17827e-05
2.23057e-05
3.64346e-05
5.62451e-05
8.46476e-05
0.000125759
0.000185384
0.000271622
0.000395307
0.000569552
0.000806354
0.00111073
0.0014818
0.00193738
0.00247294
0.00353049
0.0037176
0.00750116
0.00657994
0.0116991
0.00534978
-0.00332945
-0.000115442
-9.31683e-05
-7.28711e-05
-5.54232e-05
-4.09646e-05
-2.93127e-05
-1.96672e-05
-1.14729e-05
-4.07087e-06
3.32766e-06
1.16459e-05
2.20251e-05
3.59622e-05
5.55028e-05
8.35154e-05
0.000124054
0.00018283
0.000267797
0.000389557
0.000560884
0.000793433
0.00109229
0.0014569
0.00190544
0.00243453
0.00347548
0.00365866
0.00736013
0.00639542
0.011341
0.00485957
-0.00352068
-0.000113205
-9.14373e-05
-7.15616e-05
-5.44528e-05
-4.02613e-05
-2.88137e-05
-1.93313e-05
-1.12698e-05
-3.98229e-06
3.30653e-06
1.15053e-05
2.17379e-05
3.54792e-05
5.47448e-05
8.23599e-05
0.000122315
0.000180228
0.000263904
0.000383715
0.000552105
0.000780394
0.00107373
0.00143187
0.00187329
0.00239567
0.00341962
0.0035988
0.00721827
0.00621328
0.0109896
0.004395
-0.00369874
-0.000110969
-8.97028e-05
-7.0247e-05
-5.3477e-05
-3.95531e-05
-2.83108e-05
-1.89928e-05
-1.10653e-05
-3.8937e-06
3.28372e-06
1.13609e-05
2.14442e-05
3.49861e-05
5.39713e-05
8.11814e-05
0.000120543
0.000177578
0.000259944
0.000377784
0.000543217
0.000767239
0.00105505
0.00140669
0.00184091
0.00235635
0.00336294
0.00353806
0.00707565
0.00603358
0.0106446
0.00395506
-0.00386273
-0.000108734
-8.7965e-05
-6.89273e-05
-5.24959e-05
-3.88401e-05
-2.78041e-05
-1.86515e-05
-1.08593e-05
-3.8051e-06
3.25926e-06
1.12127e-05
2.1144e-05
3.44827e-05
5.31824e-05
7.99803e-05
0.000118738
0.000174881
0.000255918
0.000371766
0.000534223
0.000753974
0.00103626
0.0013814
0.00180833
0.00231658
0.00330545
0.00347641
0.00693221
0.00585607
0.0103055
0.00353889
-0.0040115
-0.0001065
-8.6224e-05
-6.76028e-05
-5.15097e-05
-3.81224e-05
-2.72936e-05
-1.83076e-05
-1.06519e-05
-3.7165e-06
3.23315e-06
1.10609e-05
2.08375e-05
3.39694e-05
5.23784e-05
7.87569e-05
0.000116901
0.000172137
0.000251826
0.00036566
0.00052512
0.000740589
0.00101734
0.00135594
0.00177556
0.00227642
0.00324723
0.00341402
0.00678799
0.00568098
0.00997208
0.00314546
-0.00414597
-9.99865e-05
-8.11362e-05
-6.37248e-05
-4.86177e-05
-3.60152e-05
-2.57937e-05
-1.72967e-05
-1.00428e-05
-3.45798e-06
3.15239e-06
1.06076e-05
1.99253e-05
3.24434e-05
4.999e-05
7.51241e-05
0.000111447
0.000163999
0.000239705
0.000347599
0.00049826
0.000701206
0.000961743
0.00128113
0.00167946
0.00215816
0.0030754
0.00323014
0.00636596
0.00517823
0.00901839
0.00206087
-0.00450328
-8.92256e-05
-7.26429e-05
-5.71958e-05
-4.37148e-05
-3.24221e-05
-2.32269e-05
-1.55634e-05
-9.00183e-06
-3.02754e-06
2.98592e-06
9.78091e-06
1.82821e-05
2.97066e-05
4.57176e-05
6.86405e-05
0.000101739
0.000149561
0.000218304
0.000315952
0.000451716
0.000633862
0.000867606
0.00115513
0.00151591
0.00195365
0.00277721
0.00291165
0.00566421
0.00440964
0.00759364
0.000714016
-0.00486256
-7.85074e-05
-6.41032e-05
-5.05809e-05
-3.87169e-05
-2.87413e-05
-2.05898e-05
-1.37807e-05
-7.93538e-06
-2.59912e-06
2.78484e-06
8.87881e-06
1.65098e-05
2.67673e-05
4.11403e-05
6.17082e-05
9.13824e-05
0.000134203
0.000195634
0.000282642
0.00040316
0.000564316
0.000771056
0.00102613
0.00134769
0.00174048
0.00246643
0.00257981
0.00495797
0.00369436
0.00629552
-0.000262227
-0.00499229
-6.78357e-05
-5.55281e-05
-4.38934e-05
-3.36369e-05
-2.49838e-05
-1.78909e-05
-1.19543e-05
-6.84628e-06
-2.17222e-06
2.55351e-06
7.91052e-06
1.4624e-05
2.36499e-05
3.6295e-05
5.4382e-05
8.04574e-05
0.000118041
0.000171865
0.000247901
0.000352886
0.000492881
0.00067242
0.000894461
0.00117544
0.00152011
0.00214649
0.00223872
0.00425454
0.00303346
0.00511685
-0.000936403
-0.00493419
-5.72107e-05
-4.6927e-05
-3.71455e-05
-2.84871e-05
-2.11606e-05
-1.51391e-05
-1.00904e-05
-5.73796e-06
-1.74721e-06
2.29511e-06
6.88356e-06
1.26379e-05
2.03755e-05
3.12135e-05
4.67092e-05
6.90334e-05
0.000101178
0.000147139
0.000211925
0.000301133
0.000419813
0.000571972
0.000760417
0.000999519
0.00129343
0.0018192
0.00189011
0.00355553
0.00242024
0.00404194
-0.00136661
-0.00471773
-4.66303e-05
-3.83071e-05
-3.03488e-05
-2.32795e-05
-1.72827e-05
-1.23429e-05
-8.19528e-06
-4.61374e-06
-1.32421e-06
2.01318e-06
5.80606e-06
1.05657e-05
1.69663e-05
2.59298e-05
3.874e-05
5.71841e-05
8.37174e-05
0.000121604
0.000174906
0.000248133
0.000345357
0.000469938
0.000624283
0.000820457
0.00106151
0.00148649
0.0015359
0.00286241
0.00184871
0.00305578
-0.00160323
-0.00437121
-3.60884e-05
-2.9672e-05
-2.35106e-05
-1.8022e-05
-1.33571e-05
-9.50774e-06
-6.27242e-06
-3.47508e-06
-9.01932e-07
1.71271e-06
4.68783e-06
8.42362e-06
1.34472e-05
2.04805e-05
3.05281e-05
4.49862e-05
6.57686e-05
9.54084e-05
0.000137039
0.000194118
0.000269761
0.000366565
0.000486512
0.00063888
0.00082546
0.00114984
0.00117735
0.00217539
0.00131177
0.00214241
-0.00169034
-0.00392199
-2.55901e-05
-2.10407e-05
-1.66583e-05
-1.27466e-05
-9.41747e-06
-6.66615e-06
-4.34995e-06
-2.3428e-06
-4.92656e-07
1.38915e-06
3.53008e-06
6.21728e-06
9.83124e-06
1.489e-05
2.21139e-05
3.25028e-05
4.74244e-05
6.86824e-05
9.84961e-05
0.000139295
0.000193256
0.000262185
0.00034744
0.000455244
0.000586101
0.000810098
0.000815274
0.00149339
0.000801373
0.00128527
-0.00166734
-0.00339665
-1.50567e-05
-1.23416e-05
-9.72071e-06
-7.37765e-06
-5.38095e-06
-3.7273e-06
-2.33222e-06
-1.12016e-06
-5.08316e-10
1.13917e-06
2.43484e-06
4.05888e-06
6.24051e-06
9.29218e-06
1.36478e-05
1.99082e-05
2.88928e-05
4.1679e-05
5.95813e-05
8.40226e-05
0.000116245
0.000157223
0.000207527
0.000270345
0.000344362
0.000468497
0.000451471
0.000816679
0.0003114
0.000469117
-0.0015704
-0.00281877
-4.74797e-06
-3.84013e-06
-2.96121e-06
-2.17285e-06
-1.49983e-06
-9.43147e-07
-4.77016e-07
-7.65216e-08
2.89553e-07
6.60328e-07
1.08277e-06
1.61555e-06
2.33582e-06
3.34801e-06
4.79624e-06
6.87889e-06
9.86501e-06
1.41017e-05
2.00011e-05
2.79867e-05
3.83644e-05
5.12372e-05
6.63204e-05
8.36761e-05
0.000100667
0.000125979
8.66528e-05
0.00014291
-0.000169305
-0.000329677
-0.00143948
-0.00221703
8.43896
11.9767
14.3144
15.9911
-36.9118
-4.3036
8.43905
11.9765
14.3141
15.9886
-36.9125
-4.30225
8.43973
11.977
14.3147
15.9867
-36.9132
-4.30035
8.44008
11.9771
14.3145
15.9845
-36.9146
-4.29884
8.44072
11.9775
14.3153
15.9826
-36.9154
-4.29699
8.44111
11.9777
14.3152
15.9805
-36.9168
-4.29545
8.4417
11.9781
14.316
15.9785
-36.9179
-4.29366
8.44214
11.9783
14.3161
15.9765
-36.9193
-4.29209
8.44269
11.9786
14.3168
15.9746
-36.9206
-4.29037
8.44316
11.9789
14.3171
15.9727
-36.9221
-4.28876
8.44368
11.9793
14.3177
15.9708
-36.9236
-4.28713
8.44416
11.9796
14.3182
15.9689
-36.9252
-4.28565
8.44468
11.98
14.3188
15.9671
-36.9229
-4.28376
8.44509
11.9802
14.3195
15.9641
-36.8703
-4.18678
8.36534
11.9354
14.2832
16.648
-36.4957
-4.56978
8.37761
11.9454
14.2997
16.6358
-36.5111
-5.93822
8.39175
11.9584
14.3217
16.6279
-36.5372
-5.93618
8.40617
11.9745
14.3495
16.6235
-36.5661
-5.93126
8.42194
11.9936
14.383
16.6235
-36.598
-5.92729
8.43881
12.0157
14.4223
16.6268
-36.6327
-5.92389
8.45608
12.0409
14.4687
16.6347
-36.6706
-5.76122
8.56892
12.1252
14.5798
16.0145
-37.4208
-4.11085
8.59313
12.1745
14.7044
16.0602
-37.5589
-4.10448
8.6213
12.2311
14.8501
16.1085
-37.9033
-4.11708
8.64788
12.295
15.0389
16.2037
-38.0784
-4.11004
8.68277
12.3663
15.1948
16.2543
-38.5613
-4.14287
8.70572
12.4432
15.5296
16.419
-38.8672
-4.14483
8.75876
12.5325
15.6383
16.4689
-39.3493
-4.19183
8.75464
12.6286
16.1065
37.0605
230.048
430.64
698.642
686.638
560.123
331.276
177.163
58.8834
-0.25934
-0.189245
0.0402629
-0.0391207
-0.105576
-0.130826
-0.0968413
-0.158444
0.03105
-0.0588251
-0.13919
-0.188118
-0.187441
-0.161538
0.0382692
-0.0500944
-0.11732
-0.158212
-0.126451
-0.126463
0.0521967
-0.0473956
-0.132478
-0.182486
-0.150525
-0.13971
0.0410263
-0.0516817
-0.128107
-0.181153
-0.132627
-0.12858
0.0398188
-0.056082
-0.137575
-0.187782
-0.133386
-0.129056
0.036215
-0.059381
-0.138297
-0.192413
-0.127601
-0.124935
0.032801
-0.0632113
-0.142705
-0.1988
-0.123922
-0.122369
0.0295789
-0.0664426
-0.144989
-0.201237
-0.120036
-0.119656
0.0264682
-0.0697405
-0.148145
-0.207021
-0.116307
-0.117041
0.0234812
-0.072686
-0.15
-0.209183
-0.112707
-0.114511
0.0206058
-0.0755801
-0.152531
-0.213665
-0.109246
-0.112066
0.0178341
-0.0782225
-0.153964
-0.215692
-0.105922
-0.1097
0.0151729
-0.0807551
-0.155857
-0.218952
-0.102726
-0.10741
0.012622
-0.0831124
-0.156968
-0.220886
-0.0996528
-0.105194
0.0101751
-0.0853096
-0.158239
-0.223301
-0.0966963
-0.103048
0.00782878
-0.0873495
-0.159044
-0.225058
-0.0938505
-0.100967
0.00558136
-0.0892378
-0.159802
-0.2266
-0.0911096
-0.0989506
0.00342975
-0.0909785
-0.160309
-0.227875
-0.0884686
-0.0969943
0.00137225
-0.0925763
-0.160633
-0.228907
-0.0859224
-0.0950954
-0.000593594
-0.0940346
-0.160775
-0.229707
-0.0834664
-0.0932512
-0.00247003
-0.095357
-0.160749
-0.230285
-0.0810962
-0.0914589
-0.00425923
-0.096547
-0.160563
-0.230648
-0.0788078
-0.0897157
-0.00596325
-0.0976082
-0.160227
-0.230806
-0.0765974
-0.0880188
-0.0075842
-0.0985439
-0.159747
-0.230767
-0.0744614
-0.0863656
-0.00912427
-0.0993575
-0.159132
-0.230539
-0.0723964
-0.0847534
-0.0105855
-0.100052
-0.158389
-0.230127
-0.0703993
-0.0831798
-0.0119697
-0.100632
-0.157526
-0.22954
-0.0684671
-0.0816423
-0.0132789
-0.101099
-0.15655
-0.228784
-0.066597
-0.0801385
-0.0145151
-0.101457
-0.155468
-0.227865
-0.0647864
-0.078666
-0.0156801
-0.10171
-0.154285
-0.226788
-0.0630328
-0.0772225
-0.0167758
-0.10186
-0.15301
-0.225559
-0.061334
-0.075806
-0.0178039
-0.10191
-0.151648
-0.224184
-0.0596876
-0.0744142
-0.018766
-0.101864
-0.150204
-0.222667
-0.0580917
-0.0730453
-0.019664
-0.101722
-0.148688
-0.221013
-0.0565442
-0.0716972
-0.0204996
-0.101487
-0.147104
-0.219226
-0.0550434
-0.0703681
-0.0212744
-0.101164
-0.145456
-0.217312
-0.0535874
-0.0690562
-0.0219902
-0.100757
-0.143747
-0.215274
-0.0521745
-0.0677599
-0.0226483
-0.100267
-0.141984
-0.213117
-0.0508032
-0.0664777
-0.0232502
-0.0996979
-0.14017
-0.210845
-0.0494716
-0.0652078
-0.0237973
-0.0990519
-0.13831
-0.208462
-0.0481783
-0.0639489
-0.0242913
-0.0983319
-0.136406
-0.205973
-0.0469227
-0.0627002
-0.0247338
-0.0975407
-0.134463
-0.203381
-0.0457037
-0.0614605
-0.0251259
-0.096681
-0.132483
-0.200691
-0.0445177
-0.0602277
-0.0254683
-0.0957549
-0.130468
-0.197908
-0.0433613
-0.0589999
-0.0257627
-0.0947646
-0.12842
-0.195034
-0.0422343
-0.0577768
-0.0260114
-0.0937135
-0.126343
-0.192072
-0.0390417
-0.0542032
-0.0266133
-0.09046
-0.120142
-0.183106
-0.034305
-0.0484434
-0.0266138
-0.0837948
-0.109202
-0.166513
-0.0299752
-0.0427767
-0.0257506
-0.0761066
-0.0977552
-0.148658
-0.0259489
-0.0371803
-0.0241378
-0.0675887
-0.0858344
-0.12995
-0.0221319
-0.0316501
-0.0218822
-0.0584065
-0.0734879
-0.110645
-0.0184515
-0.0261865
-0.0190867
-0.0487037
-0.0607909
-0.0909326
-0.0148587
-0.0207869
-0.0158521
-0.0386051
-0.0478175
-0.0709898
-0.011325
-0.0154431
-0.0122787
-0.0282199
-0.0346419
-0.0509083
-0.00783184
-0.0101381
-0.00846441
-0.0176434
-0.021333
-0.0307563
-0.00437914
-0.00485344
-0.00451146
-0.00695763
-0.00795366
-0.0105758
5.19246
-8.28222
3.87735
-4.2845
-3.73561
-2.35779
0.724131
0.685184
0.625864
0.426292
0.283508
0.186655
0.121309
0.0754087
0.0410106
0.0124007
-0.0149286
-0.0463708
-0.0921475
-0.191087
-0.418002
-1.3366
-3.40358
-13.1499
-27.3551
-100.718
-131.661
-418.159
-258.562
-509.238
5.19203
-8.28264
3.8769
-4.28494
-3.73615
-2.35822
0.723727
0.684762
0.625402
0.425833
0.283039
0.186183
0.120837
0.0749363
0.040538
0.0119279
-0.0154014
-0.046844
-0.092621
-0.191537
-0.418424
-1.337
-3.40396
-13.1503
-27.3555
-100.719
-131.661
-418.159
-258.563
-509.248
5.19234
-8.28247
3.87716
-4.2847
-3.73574
-2.35803
0.723899
0.68496
0.625676
0.426099
0.283325
0.186474
0.121128
0.0752279
0.0408298
0.0122197
-0.0151097
-0.0465523
-0.0923294
-0.191293
-0.41823
-1.33683
-3.40379
-13.1501
-27.3552
-100.718
-131.661
-418.159
-258.563
-509.255
5.19214
-8.28267
3.87689
-4.28495
-3.73631
-2.35822
0.723754
0.684772
0.625369
0.425802
0.282997
0.186139
0.120793
0.0748923
0.040494
0.0118839
-0.0154454
-0.0468877
-0.092664
-0.191549
-0.418415
-1.33695
-3.40387
-13.15
-27.3552
-100.718
-131.661
-418.16
-258.564
-509.268
5.19251
-8.28252
3.87719
-4.2847
-3.73568
-2.35806
0.723896
0.684962
0.625695
0.426109
0.283346
0.186498
0.121153
0.0752532
0.0408552
0.0122453
-0.0150841
-0.0465265
-0.0923032
-0.19129
-0.418235
-1.33681
-3.40372
-13.1498
-27.3549
-100.717
-131.661
-418.161
-258.564
-509.269
5.19241
-8.28269
3.87693
-4.28493
-3.73645
-2.35821
0.723801
0.684799
0.625353
0.425792
0.282977
0.186115
0.120768
0.0748679
0.0404697
0.0118597
-0.0154694
-0.0469113
-0.0926864
-0.191543
-0.418388
-1.33688
-3.40373
-13.1496
-27.3546
-100.717
-131.66
-418.161
-258.565
-509.269
5.19276
-8.28259
3.87722
-4.28469
-3.7357
-2.3581
0.723912
0.684977
0.625716
0.426115
0.283361
0.186519
0.121174
0.0752748
0.040877
0.0122672
-0.015062
-0.0465041
-0.0922802
-0.191285
-0.418227
-1.33676
-3.40358
-13.1493
-27.3543
-100.716
-131.66
-418.162
-258.566
-509.281
5.1928
-8.28274
3.87699
-4.2849
-3.73655
-2.35822
0.723853
0.684832
0.625339
0.425787
0.282963
0.186095
0.120748
0.0748479
0.0404498
0.0118399
-0.015489
-0.0469304
-0.0927035
-0.191535
-0.418359
-1.33679
-3.40354
-13.1491
-27.3539
-100.715
-131.66
-418.164
-258.567
-509.3
5.1931
-8.28268
3.87727
-4.28469
-3.73581
-2.35815
0.723946
0.685002
0.625737
0.426118
0.283367
0.186534
0.121191
0.0752918
0.0408943
0.0122847
-0.0150443
-0.0464859
-0.0922615
-0.191278
-0.41821
-1.33668
-3.40338
-13.1487
-27.3534
-100.714
-131.66
-418.165
-258.568
-509.329
5.19328
-8.2828
3.87707
-4.28486
-3.73664
-2.35823
0.723912
0.684871
0.62533
0.425782
0.28296
0.186079
0.120732
0.0748322
0.0404342
0.0118245
-0.0155041
-0.0469447
-0.0927148
-0.191523
-0.418326
-1.33668
-3.40329
-13.1484
-27.3529
-100.713
-131.659
-418.166
-258.569
-509.339
5.19356
-8.28279
3.87733
-4.28468
-3.73598
-2.35819
0.723996
0.685037
0.625753
0.426119
0.283366
0.186544
0.121203
0.0753042
0.0409071
0.0122978
-0.015031
-0.0464721
-0.0922478
-0.19127
-0.418184
-1.33657
-3.40313
-13.1479
-27.3523
-100.712
-131.659
-418.168
-258.571
-509.314
5.19384
-8.28289
3.87716
-4.28481
-3.73672
-2.35826
0.72398
0.684918
0.625327
0.42578
0.282959
0.186069
0.12072
0.0748208
0.040423
0.0118135
-0.0155147
-0.0469545
-0.0927195
-0.191509
-0.418288
-1.33655
-3.403
-13.1475
-27.3517
-100.711
-131.658
-418.17
-258.573
-509.308
5.19415
-8.28291
3.8774
-4.28467
-3.73619
-2.35824
0.724061
0.68508
0.625765
0.426119
0.283361
0.186548
0.12121
0.0753121
0.0409155
0.0123065
-0.015022
-0.0464624
-0.0922401
-0.191259
-0.418151
-1.33643
-3.40281
-13.147
-27.351
-100.709
-131.658
-418.172
-258.575
-509.321
5.20384
-8.28301
3.87727
-4.28476
-3.73682
-2.35829
0.724057
0.684972
0.625329
0.425779
0.282959
0.186064
0.120713
0.0748136
0.0404161
0.0118068
-0.015521
-0.0469597
-0.0927162
-0.191492
-0.418245
-1.33639
-3.40265
-13.1464
-27.3503
-100.708
-131.658
-418.174
-258.577
-509.334
5.20096
-8.28307
3.8776
-4.2846
-3.73623
-2.35829
0.724179
0.685211
0.625999
0.426286
0.283554
0.186786
0.121464
0.0755672
0.0411718
0.0125637
-0.0147647
-0.0462044
-0.0920011
-0.191124
-0.418041
-1.33621
-3.40233
-13.1455
-27.3491
-100.705
-131.657
-418.178
-258.58
-509.349
5.19601
-8.28324
3.87743
-4.28469
-3.73722
-2.3584
0.724197
0.685022
0.625107
0.425604
0.282759
0.185826
0.120442
0.0745432
0.0401452
0.0115359
-0.0157904
-0.0472259
-0.0929214
-0.191574
-0.418214
-1.33609
-3.40192
-13.1442
-27.3472
-100.701
-131.655
-418.183
-258.585
-509.377
5.19694
-8.28338
3.87782
-4.28456
-3.73685
-2.35841
0.724379
0.685343
0.626026
0.426282
0.28354
0.186766
0.121473
0.0755778
0.041184
0.012577
-0.0147508
-0.046189
-0.0920132
-0.191092
-0.417936
-1.3358
-3.40139
-13.1427
-27.3452
-100.697
-131.654
-418.189
-258.59
-509.415
5.19803
-8.28357
3.87774
-4.28456
-3.73758
-2.35852
0.724426
0.685185
0.625122
0.425602
0.282758
0.185833
0.120431
0.0745327
0.0401352
0.0115263
-0.0157985
-0.0472305
-0.0928916
-0.191525
-0.418089
-1.33562
-3.40086
-13.141
-27.3429
-100.692
-131.652
-418.196
-258.596
-509.446
5.19922
-8.28376
3.87812
-4.28447
-3.73753
-2.35856
0.724627
0.685508
0.62605
0.426274
0.283523
0.186747
0.121472
0.0755792
0.0411873
0.0125818
-0.0147452
-0.0461812
-0.0920172
-0.191051
-0.417805
-1.33529
-3.40022
-13.1392
-27.3404
-100.687
-131.651
-418.204
-258.602
-509.477
5.20053
-8.28397
3.87809
-4.28443
-3.73808
-2.35868
0.724702
0.685379
0.625147
0.425601
0.282756
0.185838
0.120427
0.0745306
0.0401336
0.0115253
-0.0157977
-0.0472254
-0.0928639
-0.191466
-0.417938
-1.33506
-3.39958
-13.1371
-27.3376
-100.681
-131.649
-418.212
-258.609
-509.515
5.20247
-8.28419
3.87853
-4.28436
-3.73828
-2.35874
0.724923
0.685708
0.626071
0.426264
0.283504
0.186729
0.121462
0.0755715
0.0411818
0.0125781
-0.0147479
-0.0461813
-0.0920148
-0.191
-0.417647
-1.33468
-3.39883
-13.135
-27.3346
-100.675
-131.647
-418.22
-258.616
-509.559
5.21303
-8.2863
3.87774
-4.28377
-3.74127
-2.35969
0.725668
0.684952
0.619575
0.421421
0.278003
0.18022
0.113924
0.0679999
0.0335622
0.00492921
-0.0223584
-0.053714
-0.0980351
-0.193927
-0.418492
-1.33267
-3.39334
-13.1178
-27.3112
-100.625
-131.631
-418.29
-258.673
-509.905
5.25226
-8.28296
3.90321
-4.28352
-3.76707
-2.3623
0.730832
0.690461
0.630598
0.429119
0.2866
0.190508
0.125801
0.0800373
0.045884
0.0174599
-0.00997954
-0.0416026
-0.0880587
-0.187965
-0.41361
-1.32274
-3.37208
-13.0545
-27.2249
-100.442
-131.572
-418.546
-258.851
-510.456
5.31298
-8.31347
3.87718
-4.2785
-3.75247
-2.36356
0.73713
0.693186
0.62223
0.422446
0.278999
0.181578
0.115729
0.0698479
0.035401
0.00668422
-0.0204333
-0.0515772
-0.0959515
-0.191032
-0.412159
-1.30983
-3.34115
-12.9601
-27.0961
-100.169
-131.485
-418.929
-259.21
-512.213
5.39044
-8.3013
3.93622
-4.27483
-3.81053
-2.37553
0.745886
0.700743
0.630222
0.427589
0.284629
0.188463
0.123619
0.0779829
0.043871
0.0156383
-0.0117766
-0.0432395
-0.0887864
-0.185738
-0.405531
-1.29102
-3.29924
-12.8343
-26.9238
-99.802
-131.36
-419.403
-259.331
-514.261
5.4872
-8.35198
3.89175
-4.28242
-3.79501
-2.37064
0.763469
0.707475
0.625652
0.423317
0.279644
0.182664
0.117248
0.0715007
0.0371908
0.00850741
-0.0185156
-0.0494525
-0.0935381
-0.186571
-0.401269
-1.2695
-3.24856
-12.6806
-26.7162
-99.3694
-131.24
-420.122
-260.613
-517.497
5.62205
-8.34117
3.97424
-4.24374
-3.85877
-2.39374
0.759685
0.717303
0.630588
0.425857
0.28236
0.186233
0.121433
0.0759526
0.0419119
0.0137479
-0.0134974
-0.0445947
-0.0889857
-0.181747
-0.392572
-1.24066
-3.18287
-12.48
-26.4358
-98.7522
-131.002
-420.721
-260.565
-514.823
5.7302
-8.39799
3.92611
-4.29475
-3.8751
-2.38528
0.809024
0.728295
0.629997
0.424307
0.280257
0.183802
0.118825
0.0732998
0.0391801
0.010703
-0.0162679
-0.0469935
-0.0905006
-0.18039
-0.386049
-1.21385
-3.12131
-12.2975
-26.1827
-96.501
-127.325
-377.128
-217.926
-518.977
535.383
519.842
517.002
511.115
508.048
508.808
509.953
509.383
509.221
509.042
508.923
508.844
508.791
508.755
508.728
508.71
508.698
508.687
508.673
508.65
508.601
508.406
507.956
505.78
502.441
485.312
477.522
412.296
457.411
381.52
41.8703
22.0467
11.9887
5.47768
0.610393
0.988474
1.54324
0.727795
0.536351
0.355935
0.235507
0.15583
0.102243
0.0651952
0.0388505
0.0224868
0.0153053
0.0103158
0.00679057
0.00419955
0.00212443
0.000128151
-0.00181214
-0.00405834
-0.000366986
0.00451398
0.0562643
0.083189
10.1392
0.672796
-1.14586
-1.65157
0.0611018
0.313703
-0.730544
0.674032
1.24355
0.533709
0.345215
0.222397
0.149196
0.101583
0.0694828
0.047674
0.0327474
0.0224629
0.0153006
0.0103174
0.00679606
0.00420953
0.00214236
0.00017363
-0.00171438
-0.00384095
-8.53236e-05
0.0049533
0.0541736
0.0796661
0.34842
-0.333375
-1.18466
-1.64312
0.00902755
0.187238
-0.7187
0.685071
1.24676
0.532765
0.344817
0.222293
0.149148
0.101554
0.0694628
0.0476602
0.0327384
0.0224542
0.0152891
0.0103079
0.00678741
0.00420416
0.00214518
0.000212419
-0.00161398
-0.00352678
0.000346486
0.00596277
0.0529302
0.0773751
0.264063
-0.392467
-1.14772
-1.58043
0.0249505
0.250253
-0.696188
0.646118
1.1848
0.525624
0.343814
0.221973
0.148967
0.101442
0.0693907
0.0476119
0.0327041
0.0224313
0.0152801
0.0103039
0.00678831
0.00421166
0.00216399
0.000265133
-0.00150046
-0.00322551
0.000734335
0.00668453
0.0516012
0.0750655
0.307997
-0.361674
-1.13273
-1.55659
-0.0133254
0.177857
-0.660212
0.645573
1.15471
0.520405
0.34266
0.221612
0.148772
0.101323
0.0693137
0.0475601
0.0326681
0.0224048
0.0152596
0.0102908
0.0067791
0.00420754
0.00216923
0.000303265
-0.00140396
-0.00294594
0.00108785
0.00736984
0.0502807
0.0727145
0.259238
-0.372209
-1.10216
-1.47762
0.000144469
0.194231
-0.633154
0.630068
1.1169
0.514791
0.341235
0.221141
0.148517
0.101167
0.0692132
0.0474929
0.0326217
0.0223725
0.0152418
0.0102792
0.00677334
0.00420903
0.00218264
0.000351035
-0.00129623
-0.00266345
0.00143707
0.00801227
0.0490296
0.0703986
0.272596
-0.364409
-1.08126
-1.45589
-0.0256267
0.16468
-0.604122
0.616713
1.08132
0.509177
0.339585
0.220584
0.148215
0.100983
0.0690943
0.0474133
0.0325669
0.0223343
0.0152154
0.0102629
0.00676368
0.00420676
0.00219207
0.000393816
-0.00119539
-0.00239621
0.0017592
0.00859071
0.0477731
0.0681394
0.250001
-0.358178
-1.05302
-1.39015
-0.0225102
0.151653
-0.575979
0.604735
1.04712
0.503534
0.337722
0.219938
0.147865
0.10077
0.0689564
0.047321
0.0325035
0.0222904
0.0151872
0.0102445
0.00675277
0.00420402
0.00220178
0.000436915
-0.00109478
-0.00213683
0.00206451
0.00911965
0.0465492
0.0658683
0.246028
-0.351171
-1.03507
-1.3615
-0.0373142
0.13788
-0.549025
0.592673
1.01405
0.497864
0.335662
0.219205
0.147467
0.100527
0.0687995
0.0472161
0.0324316
0.0222407
0.0151546
0.0102234
0.00674013
0.00420026
0.00221104
0.000479354
-0.000995795
-0.00188663
0.00235166
0.00960009
0.0453449
0.0636433
0.234946
-0.344277
-1.00786
-1.308
-0.0405863
0.124642
-0.523176
0.580432
0.982118
0.492169
0.33342
0.218388
0.147021
0.100255
0.0686236
0.0470985
0.0323513
0.0221853
0.015118
0.0101996
0.00672579
0.00419547
0.00221982
0.000521116
-0.000898486
-0.0016454
0.00262152
0.0100347
0.0441628
0.0614282
0.227509
-0.337513
-0.989572
-1.27219
-0.0492365
0.112039
-0.498456
0.568298
0.95127
0.48645
0.33101
0.217488
0.146529
0.0999535
0.0684289
0.0469683
0.0322624
0.0221242
0.0150775
0.0101732
0.00670973
0.00418964
0.00222809
0.000562141
-0.000802992
-0.00141308
0.00287464
0.010426
0.0430021
0.0592464
0.218986
-0.33082
-0.964911
-1.23007
-0.0548711
0.100065
-0.474712
0.556305
0.921467
0.480707
0.328448
0.216507
0.14599
0.0996237
0.0682155
0.0468256
0.032165
0.0220573
0.0150331
0.0101442
0.00669196
0.00418277
0.00223582
0.00060238
-0.000709465
-0.00118958
0.00311161
0.0107761
0.0418622
0.0570897
0.211372
-0.324285
-0.945571
-1.19159
-0.0607047
0.0886805
-0.451911
0.544447
0.89267
0.474937
0.325747
0.215448
0.145406
0.0992652
0.0679834
0.0466704
0.0320592
0.0219847
0.0149848
0.0101125
0.00667248
0.00417485
0.00224298
0.00064178
-0.000617953
-0.000974789
0.00333297
0.0110873
0.0407427
0.054965
0.203743
-0.317947
-0.923411
-1.1545
-0.0661246
0.0778592
-0.43003
0.532727
0.86484
0.469139
0.322924
0.214313
0.144777
0.0988783
0.0677327
0.0465028
0.0319451
0.0219065
0.0149326
0.0100781
0.0066513
0.00416586
0.00224953
0.000680295
-0.000528548
-0.000768615
0.00353927
0.0113616
0.039643
0.0528717
0.196447
-0.3117
-0.903362
-1.11869
-0.0711082
0.0675778
-0.409033
0.521153
0.83794
0.46331
0.319991
0.213103
0.144104
0.0984633
0.0674636
0.0463228
0.0318225
0.0218225
0.0148765
0.0100412
0.0066284
0.00415581
0.00225546
0.000717883
-0.000439639
-0.000570951
0.00373105
0.0116011
0.0385628
0.0508119
0.189349
-0.305658
-0.88291
-1.08413
-0.0757121
0.0578151
-0.388887
0.509729
0.811934
0.457447
0.316963
0.211821
0.143387
0.0980204
0.0671761
0.0461305
0.0316916
0.021733
0.0148165
0.0100016
0.0066038
0.00414467
0.00226073
0.000754496
-0.000350929
-0.000381675
0.00390883
0.0118075
0.0375015
0.0487867
0.182489
-0.299717
-0.863016
-1.05078
-0.079953
0.0485507
-0.36956
0.498459
0.786789
0.451549
0.313851
0.21047
0.142628
0.0975499
0.0668703
0.0459259
0.0315524
0.0216378
0.0147527
0.00995945
0.00657749
0.00413246
0.00226531
0.000790092
-0.00026459
-0.000200664
0.00407311
0.0119828
0.0364589
0.0467973
0.175845
-0.293941
-0.843471
-1.01859
-0.0838465
0.0397649
-0.351021
0.487347
0.762472
0.445615
0.310666
0.20905
0.141826
0.097052
0.0665465
0.0457091
0.031405
0.021537
0.014685
0.00991469
0.00654949
0.00411915
0.00226918
0.000824632
-0.000180717
-2.779e-05
0.00422437
0.0121286
0.0354345
0.0448447
0.169417
-0.288286
-0.824292
-0.987518
-0.0874103
0.0314391
-0.333242
0.476396
0.738954
0.439646
0.307415
0.207565
0.140982
0.096527
0.0662047
0.0454802
0.0312493
0.0214306
0.0146135
0.00986735
0.00651978
0.00410474
0.00227232
0.000858078
-9.937e-05
0.00013708
0.00436311
0.0122465
0.0344279
0.0429298
0.163198
-0.282768
-0.80547
-0.957512
-0.0906614
0.0235556
-0.316194
0.465607
0.716205
0.433643
0.304105
0.206016
0.140098
0.0959752
0.065845
0.0452393
0.0310855
0.0213187
0.0145382
0.00981743
0.00648838
0.00408923
0.0022747
0.000890394
-2.05794e-05
0.000294086
0.00448977
0.0123382
0.0334389
0.0410533
0.157183
-0.277373
-0.786999
-0.928533
-0.0936158
0.0160973
-0.299851
0.454983
0.694197
0.42761
0.30074
0.204405
0.139174
0.0953969
0.0654677
0.0449864
0.0309136
0.0212013
0.0144591
0.00976496
0.00645529
0.00407261
0.0022763
0.00092155
5.56159e-05
0.000443373
0.00460482
0.012405
0.0324671
0.039216
0.151365
-0.2721
-0.768873
-0.900537
-0.0962889
0.00904809
-0.284187
0.444525
0.672904
0.42155
0.297324
0.202735
0.138211
0.0947925
0.0650728
0.0447216
0.0307336
0.0210784
0.0143763
0.00970994
0.00642051
0.00405488
0.0022771
0.000951515
0.000129184
0.000585093
0.00470868
0.0124484
0.0315122
0.0374184
0.14574
-0.266945
-0.751086
-0.873485
-0.0986952
0.00239267
-0.269178
0.434234
0.652299
0.415468
0.293857
0.201008
0.137209
0.0941622
0.0646606
0.044445
0.0305455
0.02095
0.0142897
0.00965238
0.00638406
0.00403603
0.00227708
0.000980262
0.000200099
0.000719401
0.00480177
0.0124698
0.030574
0.0356609
0.1403
-0.261903
-0.733632
-0.847338
-0.100849
-0.00388359
-0.2548
0.42411
0.632359
0.409368
0.290342
0.199224
0.136169
0.0935064
0.0642311
0.0441568
0.0303495
0.0208162
0.0141994
0.00959232
0.00634592
0.00401606
0.00227623
0.00100776
0.00026834
0.000846455
0.00488451
0.0124704
0.0296522
0.0339439
0.135042
-0.25697
-0.716505
-0.822057
-0.102763
-0.00979449
-0.241032
0.414154
0.61306
0.403252
0.286781
0.197387
0.135092
0.0928254
0.0637845
0.0438569
0.0301456
0.0206771
0.0141054
0.00952974
0.00630613
0.00399497
0.00227452
0.001034
0.00033389
0.000966418
0.00495728
0.0124514
0.0287465
0.0322676
0.129959
-0.252143
-0.6997
-0.797607
-0.10445
-0.0153532
-0.227851
0.404365
0.59438
0.397124
0.283176
0.195497
0.133979
0.0921196
0.0633211
0.0435455
0.0299339
0.0205326
0.0140078
0.00946468
0.00626467
0.00397276
0.00227195
0.00105895
0.000396739
0.00107946
0.00502047
0.0124141
0.0278568
0.0306322
0.125046
-0.247416
-0.683212
-0.773953
-0.105922
-0.020572
-0.215237
0.394743
0.576297
0.390986
0.279529
0.193558
0.13283
0.0913892
0.062841
0.0432227
0.0297144
0.0203828
0.0139065
0.00939715
0.00622156
0.00394941
0.00226849
0.00108259
0.000456878
0.00118574
0.00507443
0.0123595
0.0269829
0.0290378
0.120297
-0.242787
-0.667035
-0.751061
-0.10719
-0.0254629
-0.203171
0.385288
0.558791
0.384839
0.275844
0.19157
0.131646
0.0906347
0.0623443
0.0428887
0.0294871
0.0202277
0.0138016
0.00932716
0.0061768
0.00392495
0.00226413
0.00110491
0.000514306
0.00128543
0.00511952
0.0122886
0.0261245
0.0274844
0.115707
-0.238252
-0.651164
-0.7289
-0.108266
-0.0300369
-0.191634
0.375999
0.541842
0.378685
0.272122
0.189535
0.130428
0.0898564
0.0618313
0.0425434
0.0292522
0.0200674
0.0136931
0.00925474
0.0061304
0.00389935
0.00225887
0.0011259
0.000569022
0.00137869
0.00515608
0.0122026
0.0252815
0.0259718
0.111271
-0.233807
-0.635595
-0.707438
-0.10916
-0.0343047
-0.180608
0.366873
0.52543
0.372525
0.268366
0.187456
0.129177
0.0890547
0.0613021
0.042187
0.0290097
0.0199019
0.0135811
0.0091799
0.00608238
0.00387263
0.00225268
0.00114553
0.00062103
0.00146567
0.00518443
0.0121024
0.0244537
0.0245
0.106984
-0.229448
-0.620321
-0.686646
-0.109881
-0.0382763
-0.170077
0.357911
0.509538
0.366359
0.264579
0.185333
0.127893
0.0882299
0.0607569
0.0418196
0.0287596
0.0197312
0.0134655
0.00910265
0.00603274
0.00384478
0.00224556
0.0011638
0.000670339
0.00154654
0.00520491
0.0119889
0.023641
0.0230687
0.10284
-0.225173
-0.605338
-0.666496
-0.110438
-0.0419614
-0.160024
0.349111
0.494147
0.36019
0.260762
0.183169
0.126578
0.0873825
0.060196
0.0414414
0.0285021
0.0195555
0.0133464
0.00902303
0.00598149
0.00381581
0.00223751
0.00118071
0.000716959
0.00162143
0.00521781
0.0118629
0.0228433
0.0216777
0.0988352
-0.220978
-0.590641
-0.646961
-0.110839
-0.0453689
-0.150434
0.34047
0.47924
0.354018
0.256918
0.180964
0.125231
0.0865127
0.0596195
0.0410525
0.0282373
0.0193747
0.0132239
0.00894104
0.00592864
0.00378571
0.00222851
0.00119623
0.000760903
0.0016905
0.0052234
0.0117254
0.0220605
0.0203265
0.0949644
-0.21686
-0.576223
-0.628017
-0.111091
-0.0485077
-0.141292
0.331987
0.464799
0.347844
0.25305
0.178721
0.123854
0.0856209
0.0590277
0.0406529
0.0279651
0.0191889
0.0130979
0.00885671
0.0058742
0.00375449
0.00221855
0.00121038
0.000802188
0.0017539
0.00522194
0.0115772
0.0212925
0.0190148
0.0912229
-0.212815
-0.562081
-0.609637
-0.111203
-0.0513863
-0.132582
0.323661
0.450809
0.34167
0.249159
0.176441
0.122447
0.0847076
0.0584207
0.0402428
0.0276857
0.0189982
0.0129685
0.00877007
0.00581819
0.00372216
0.00220764
0.00122313
0.000840831
0.00181175
0.00521365
0.0114192
0.0205392
0.0177422
0.0876061
-0.208842
-0.548209
-0.591798
-0.111181
-0.0540127
-0.124293
0.315488
0.437253
0.335496
0.245246
0.174125
0.121011
0.0837731
0.0577987
0.0398223
0.0273992
0.0188026
0.0128358
0.00868113
0.00576062
0.00368871
0.00219576
0.0012345
0.000876855
0.00186421
0.00519873
0.0112521
0.0198006
0.016508
0.0841094
-0.204936
-0.534601
-0.574478
-0.111033
-0.0563949
-0.116409
0.307467
0.424116
0.329325
0.241315
0.171776
0.119547
0.0828177
0.057162
0.0393916
0.0271056
0.0186021
0.0126997
0.00858991
0.00570149
0.00365416
0.00218291
0.00124448
0.000910284
0.00191141
0.00517736
0.0110767
0.0190766
0.0153116
0.0807285
-0.201096
-0.521252
-0.557654
-0.110765
-0.0585406
-0.108918
0.299595
0.411381
0.323157
0.237367
0.169394
0.118055
0.081842
0.0565108
0.0389508
0.026805
0.0183968
0.0125604
0.00849644
0.00564083
0.0036185
0.00216909
0.00125307
0.000941142
0.00195348
0.00514974
0.0108937
0.018367
0.0141525
0.0774593
-0.19732
-0.508156
-0.541307
-0.110383
-0.0604573
-0.101807
0.291871
0.399033
0.316994
0.233403
0.166981
0.116536
0.0808461
0.0558452
0.0385
0.0264975
0.0181868
0.0124177
0.00840074
0.00557865
0.00358174
0.0021543
0.00126027
0.000969457
0.00199057
0.00511607
0.0107038
0.017672
0.0130306
0.0742983
-0.193605
-0.495307
-0.525417
-0.109893
-0.0621527
-0.0950638
0.284291
0.387059
0.310839
0.229425
0.164537
0.114991
0.0798306
0.0551656
0.0380393
0.0261831
0.0179721
0.0122719
0.00830283
0.00551495
0.00354389
0.00213853
0.00126609
0.000995259
0.0020228
0.0050766
0.0105076
0.0169917
0.0119454
0.0712418
-0.189947
-0.482699
-0.509965
-0.109301
-0.0636341
-0.0886757
0.276852
0.375442
0.304692
0.225435
0.162066
0.113421
0.0787958
0.0544722
0.0375689
0.0258621
0.0177528
0.0121228
0.00820275
0.00544976
0.00350495
0.00212179
0.00127052
0.00101858
0.00205032
0.00503158
0.0103057
0.0163259
0.0108964
0.0682854
-0.18634
-0.470327
-0.494933
-0.108611
-0.0649091
-0.0826307
0.269553
0.36417
0.298557
0.221434
0.159566
0.111826
0.0777421
0.053765
0.037089
0.0255344
0.0175289
0.0119707
0.00810052
0.0053831
0.00346493
0.00210408
0.00127359
0.00103946
0.00207327
0.00498125
0.0100987
0.0156742
0.00988213
0.0654241
-0.182788
-0.458137
-0.480373
-0.107808
-0.065985
-0.0769166
0.26239
0.353227
0.292435
0.217422
0.157041
0.110207
0.0766699
0.0530445
0.0365996
0.0252002
0.0173004
0.0118154
0.00799615
0.00531496
0.00342385
0.0020854
0.00127529
0.00105792
0.00209176
0.00492578
0.00988688
0.0150363
0.00890165
0.0626524
-0.179298
-0.446126
-0.466266
-0.106894
-0.0668705
-0.0715216
0.255361
0.342601
0.286327
0.213402
0.154491
0.108564
0.0755795
0.0523108
0.0361009
0.0248595
0.0170676
0.011657
0.00788969
0.00524538
0.0033817
0.00206575
0.00127563
0.001074
0.0021059
0.00486537
0.00967076
0.0144123
0.00795314
0.0599659
-0.175864
-0.434337
-0.452524
-0.105898
-0.0675729
-0.0664337
0.248463
0.332279
0.280237
0.209375
0.151917
0.106898
0.0744713
0.0515641
0.035593
0.0245125
0.0168303
0.0114956
0.00778115
0.00517437
0.0033385
0.00204514
0.00127461
0.00108769
0.00211571
0.00480003
0.00945005
0.0137995
0.00703543
0.0573628
-0.172467
-0.422763
-0.439134
-0.104824
-0.0681
-0.0616413
0.241692
0.322247
0.274166
0.205342
0.14932
0.10521
0.0733458
0.0508047
0.0350762
0.0241591
0.0165887
0.0113313
0.00767057
0.00510195
0.00329425
0.00202357
0.00127225
0.00109907
0.00212136
0.00472996
0.00922503
0.0131984
0.0061503
0.0548425
-0.169098
-0.411398
-0.426082
-0.103674
-0.0684593
-0.0571322
0.235047
0.312494
0.268117
0.201304
0.146701
0.103501
0.0722032
0.0500329
0.0345505
0.0237997
0.0163429
0.011164
0.00755797
0.00502813
0.00324896
0.00200103
0.00126856
0.00110821
0.00212305
0.00465556
0.00899759
0.0126122
0.00529758
0.052401
-0.165771
-0.400233
-0.413354
-0.102454
-0.0686579
-0.0528947
0.228522
0.303006
0.26209
0.197261
0.144061
0.101771
0.071044
0.0492487
0.0340161
0.0234341
0.0160929
0.0109938
0.00744338
0.00495293
0.00320266
0.00197756
0.0012636
0.00111523
0.00212116
0.00457765
0.00876942
0.0120432
0.0044774
0.0500316
-0.1625
-0.36776
-0.376573
-0.0986415
-0.0688001
-0.0411126
0.209549
0.275661
0.244315
0.18528
0.136185
0.0965853
0.0675624
0.0468906
0.0324079
0.0223337
0.0153401
0.0104813
0.0070982
0.00472622
0.00306259
0.00190541
0.00124535
0.00113005
0.00210537
0.00433735
0.00808923
0.0104017
0.00213764
0.0432234
-0.152937
-0.318425
-0.321968
-0.0908873
-0.0659739
-0.0269624
0.180805
0.235591
0.215489
0.165342
0.122658
0.0875069
0.0614026
0.0426931
0.0295361
0.0203654
0.0139925
0.0095633
0.00647922
0.00431828
0.00280693
0.00176448
0.001186
0.00110669
0.00199894
0.00386104
0.00691264
0.00795188
-0.00104271
0.0334895
-0.137931
-0.272907
-0.272822
-0.082055
-0.0609336
-0.0169929
0.154373
0.199793
0.187514
0.145476
0.108802
0.0780442
0.0549196
0.03825
0.0264871
0.0182723
0.0125581
0.00858512
0.00581868
0.0038811
0.00252885
0.00160198
0.00109744
0.00103727
0.00182058
0.00332131
0.00571533
0.0057548
-0.00360121
0.0250163
-0.123621
-0.230543
-0.22823
-0.0723944
-0.0544197
-0.0101206
0.129937
0.167385
0.160421
0.125719
0.0946908
0.0682548
0.0481548
0.03359
0.02328
0.0160675
0.0110459
0.00755305
0.00512086
0.00341772
0.00223076
0.00142044
0.000983739
0.000929914
0.00158705
0.00274248
0.00452524
0.00378968
-0.00560407
0.0175358
-0.109898
-0.19083
-0.187346
-0.0621029
-0.0469672
-0.00552184
0.107191
0.137659
0.134171
0.106092
0.0803877
0.0581924
0.0411488
0.0287419
0.0199352
0.0137647
0.00946527
0.00647355
0.00439014
0.0029311
0.00191472
0.00122153
0.000847143
0.000788784
0.00130527
0.00212848
0.00334034
0.00200461
-0.00713653
0.010837
-0.0966508
-0.153302
-0.149438
-0.0513383
-0.0389228
-0.00259644
0.085845
0.110034
0.10868
0.0865959
0.0659412
0.0479066
0.0339411
0.0237347
0.016473
0.0113783
0.00782602
0.0053534
0.00363117
0.00242445
0.00158313
0.00100758
0.000691077
0.000619845
0.000984338
0.00148918
0.0021669
0.00036837
-0.00827525
0.00473245
-0.0838191
-0.117483
-0.113862
-0.0402276
-0.0305149
-0.000889834
0.0656237
0.0840204
0.0838344
0.06722
0.0513894
0.037443
0.0265696
0.0185973
0.0129142
0.00892285
0.00613833
0.00419961
0.00284879
0.00190114
0.00123855
0.000781053
0.000518875
0.000427633
0.00062991
0.000828398
0.0010007
-0.00115315
-0.00909982
-0.000933926
-0.0713522
-0.08298
-0.0800484
-0.0288767
-0.0218956
-4.81862e-05
0.0462625
0.0591938
0.0595035
0.0479437
0.0367618
0.026844
0.0190714
0.0133584
0.00927997
0.0064133
0.00441258
0.00301936
0.00204795
0.00136464
0.000883581
0.000544276
0.000332881
0.000215667
0.000248807
0.000163355
-0.000150588
-0.00258705
-0.00969109
-0.00629498
-0.0591822
-0.0494123
-0.0474746
-0.017373
-0.0131647
0.000221617
0.0275137
0.0351805
0.0355434
0.0287384
0.0220809
0.016148
0.0114818
0.00804615
0.00559112
0.00386463
0.00265938
0.00182026
0.00123387
0.00081871
0.000521163
0.000300182
0.000138144
-6.41967e-06
-0.000130984
-0.000499653
-0.00129309
-0.00394027
-0.0101174
-0.0114909
-0.0472836
-0.0163918
-0.0156546
-0.00580146
-0.00439117
0.000149568
0.00910007
0.0116295
0.0118011
0.00957217
0.00736802
0.00539551
0.00383918
0.00269153
0.00187075
0.00129328
0.000890063
0.000609445
0.00041133
0.000266635
0.000153972
5.19476e-05
-6.09844e-05
-0.000231985
-0.000522516
-0.00116248
-0.00239437
-0.00523661
-0.0104933
-0.0166785
-0.0357355
-249.062
-113.249
-252.679
-147.872
-252.561
-138.508
-254.778
-123.475
-254.695
-163.008
-256.227
-182.405
-256.558
-172.226
-256.554
72.4256
-254.954
288.015
-234.762
776.307
-239.43
357.696
-254.455
2.5305
-257.897
-96.2019
-257.279
95.3622
-256.175
-78.0358
-255.324
-130.67
-250.296
453.584
-253.502
747.189
-254.106
100.089
-253.33
-124.114
-252.458
-35.1115
-248.247
381.62
-249.875
181.884
-245.744
532.31
-246.747
1098.82
-242.951
891.097
58.9792
341.683
689.071
145.106
117.776
2.43603
-0.24586
-2.75493
-1.58563
-1.65788
-0.934478
-0.0932597
-0.583689
-0.0586935
-0.44364
0.0682756
-0.413846
0.0518365
-0.401339
0.0642008
-0.393219
0.0724081
-0.385464
0.0796194
-0.377727
0.0862853
-0.369996
0.0923344
-0.362386
0.0978786
-0.35487
0.102945
-0.347504
0.107556
-0.340316
0.111777
-0.333276
0.115594
-0.326382
0.119027
-0.319623
0.122088
-0.312997
0.124792
-0.306498
0.127155
-0.300124
0.129192
-0.293871
0.130918
-0.287736
0.132347
-0.281717
0.133492
-0.27581
0.134367
-0.270015
0.134988
-0.264328
0.135366
-0.258748
0.135512
-0.253273
0.135439
-0.2479
0.135161
-0.242629
0.134688
-0.237459
0.13403
-0.232386
0.133198
-0.227409
0.132203
-0.222526
0.131055
-0.217735
0.129761
-0.21304
0.128332
-0.208438
0.126779
-0.203923
0.12511
-0.199491
0.123331
-0.195143
0.121448
-0.190881
0.119467
-0.186708
0.117391
-0.182623
0.115241
-0.178612
0.113045
-0.174659
0.110797
-0.170762
0.108448
-0.166932
0.106015
-0.154994
0.0968533
-0.137574
0.0819915
-0.121554
0.0661338
-0.106885
0.0499841
-0.0935015
0.033992
-0.0813475
0.0184281
-0.070331
0.00339592
-0.0602829
-0.0110925
-0.05101
-0.0250847
-0.0424257
-0.0388822
618.131
591.689
1042.5
1629.07
647.327
587.272
1264.09
2747.03
2808.43
795.264
810.138
1175.7
1987.97
2226.96
2277.47
1472.83
2719.69
2715.95
1484.81
1544.24
1912.99
2104.47
1952.29
1422.13
251.392
26.0412
4.06602
-0.914451
-3.39971
-4.80264
-3.46057
-2.67334
-2.41275
-2.28707
-2.23936
-2.18295
-2.13037
-2.07917
-2.02954
-1.98133
-1.93446
-1.88893
-1.84464
-1.80158
-1.7597
-1.71896
-1.6793
-1.64071
-1.60313
-1.56652
-1.53087
-1.49612
-1.46225
-1.42923
-1.39703
-1.36561
-1.33495
-1.30503
-1.27582
-1.24729
-1.21941
-1.19218
-1.16556
-1.13953
-1.11407
-1.08917
-1.0648
-1.04095
-1.01759
-0.994723
-0.972303
-0.95032
-0.928791
-0.90771
-0.887016
-0.866666
-0.846688
-0.778663
-0.677545
-0.584427
-0.497986
-0.417022
-0.340537
-0.267588
-0.197318
-0.128912
-0.0617855
2288.69
255.669
79.6043
34.0973
14.7127
3368.44
1091.3
203.774
31.5721
12.5828
1601.7
2650.37
2658.56
303.76
11.4597
1397.63
2670.35
2853.77
1462.57
56.4543
1657.77
1438.38
671.195
825.82
292.51
2450.24
971.296
149.301
181.045
295.609
865.378
1008.49
1162.82
257.542
151.041
782.083
1165.04
1957.41
801.014
114.391
748.641
904.003
1853.96
2504.89
423.829
919.174
340.06
475.564
1580.36
1780.11
1659.5
107.33
27.6438
432.667
962.761
1336.37
374.456
4.60614
0.324618
303.152
669.163
374.585
317.549
8.16446
37.1404
654.044
169.672
145.942
11.8637
-1.43068
751.223
130.82
16.5179
-3.84272
-1.57519
1053.33
398.363
47.8594
-6.39936
-1.88757
1292.99
84.5982
39.7006
-1.33767
-1.8078
629.126
31.8508
-1.0032
-4.78629
-1.80689
594.418
23.7156
-1.87616
-5.79083
-1.72813
902.323
49.1153
-3.17614
-6.19955
-1.81564
1165.06
66.7197
-2.97615
-6.11233
-1.79071
1546.03
81.0357
-7.7886
-7.53845
-2.29807
399.755
15.6562
-2.31818
-5.42401
-2.43112
2.40348
-1.24269
-3.92146
-6.97264
-2.95192
4.25746
5.08637
-0.802656
-3.85766
-2.26446
3.89985
-0.202962
-4.03151
-5.4107
-2.77426
4.03643
3.65978
-1.2005
-4.67488
-2.19943
4.05259
0.580761
-3.64518
-5.65107
-2.28779
3.46231
3.02649
-1.46582
-4.65182
-2.17483
3.92592
1.26388
-3.03391
-5.58936
-2.09844
3.77933
2.55711
-1.73937
-4.5203
-2.03329
3.88773
1.63056
-2.55181
-5.23419
-2.02107
3.71931
2.07243
-2.09386
-4.64973
-1.98992
3.62537
1.60621
-2.2505
-4.82289
-1.97045
3.52272
1.68658
-2.14158
-4.61396
-1.95
3.42277
1.56141
-2.134
-4.56974
-1.93912
3.32522
1.48637
-2.09241
-4.46799
-1.92905
3.23014
1.41216
-2.05755
-4.37872
-1.92116
3.1375
1.34061
-2.0258
-4.28914
-1.9167
3.04723
1.27163
-1.9952
-4.20113
-1.91366
2.95929
1.20515
-1.96456
-4.11517
-1.91069
2.87365
1.14106
-1.93359
-4.03124
-1.90623
2.79026
1.07929
-1.90282
-3.94933
-1.90016
2.70909
1.01975
-1.87229
-3.86916
-1.89289
2.63008
0.962361
-1.84209
-3.79089
-1.88475
2.55322
0.907056
-1.81227
-3.71463
-1.87584
2.47847
0.853747
-1.78285
-3.64012
-1.86642
2.40579
0.802353
-1.75381
-3.56735
-1.8563
2.33519
0.752785
-1.72517
-3.49626
-1.84573
2.26665
0.704933
-1.69691
-3.42676
-1.83471
2.20028
0.658601
-1.66903
-3.35879
-1.82316
2.13571
0.614046
-1.64152
-3.2923
-1.81115
2.07275
0.571367
-1.6144
-3.22725
-1.7987
2.01137
0.530486
-1.58764
-3.16359
-1.78586
1.95154
0.491335
-1.56124
-3.10126
-1.77262
1.89325
0.453855
-1.5352
-3.04023
-1.75902
1.83645
0.417988
-1.50953
-2.98048
-1.74506
1.7811
0.383681
-1.48421
-2.92193
-1.73077
1.72719
0.350888
-1.45922
-2.86456
-1.71615
1.67467
0.319551
-1.43457
-2.80834
-1.70122
1.62351
0.289627
-1.41026
-2.75322
-1.68599
1.57368
0.261071
-1.38628
-2.69917
-1.67049
1.52515
0.233836
-1.36262
-2.64616
-1.65473
1.47789
0.207883
-1.33928
-2.59416
-1.6387
1.43187
0.183169
-1.31626
-2.54313
-1.62244
1.38705
0.15965
-1.29354
-2.49305
-1.60594
1.34342
0.137289
-1.27111
-2.44388
-1.58922
1.30094
0.116048
-1.24898
-2.39559
-1.5723
1.25958
0.095895
-1.22715
-2.34817
-1.55518
1.21932
0.0767947
-1.20559
-2.30158
-1.53787
1.18011
0.0587063
-1.18432
-2.2558
-1.52038
1.14196
0.0415977
-1.16331
-2.21081
-1.50273
1.10484
0.0254416
-1.14257
-2.16657
-1.48492
1.06871
0.0102212
-1.12207
-2.12308
-1.46697
1.03353
-0.00410359
-1.10186
-2.08029
-1.44888
0.999264
-0.0176156
-1.08188
-2.03821
-1.43065
0.965947
-0.0303004
-1.06208
-1.99679
-1.41231
0.853767
-0.0776353
-0.991648
-1.83487
-1.33501
0.689916
-0.125813
-0.871917
-1.57761
-1.19225
0.551513
-0.152725
-0.759626
-1.3437
-1.04786
0.434514
-0.162804
-0.652514
-1.12896
-0.903322
0.335237
-0.159717
-0.549297
-0.930052
-0.759361
0.250324
-0.146433
-0.448878
-0.744109
-0.616768
0.176768
-0.125536
-0.350466
-0.568585
-0.475763
0.111896
-0.0991513
-0.253521
-0.401188
-0.34019
0.0530795
-0.069139
-0.157663
-0.239577
-0.203222
-0.00212753
-0.0370361
-0.0627399
-0.0817981
-0.0674469
1.44623
-8.31019
-0.0616828
6.02463
3.67357
2.17459
1.2497
0.744169
0.438829
0.25559
0.146424
0.0822529
0.0452437
0.0243401
0.0127796
0.00684194
0.955602
-8.46253
-0.0605973
6.02493
3.67328
2.1744
1.24959
0.744105
0.43879
0.255567
0.14641
0.0822449
0.0452391
0.0243375
0.0127782
0.00684115
0.765031
-8.50859
-0.0595713
6.02524
3.67298
2.17421
1.24947
0.74404
0.438751
0.255544
0.146396
0.0822367
0.0452344
0.0243348
0.0127766
0.00684025
0.367366
-8.64078
-0.058585
6.02557
3.67269
2.17401
1.24936
0.743975
0.438712
0.25552
0.146382
0.0822285
0.0452296
0.024332
0.0127751
0.00683934
12.411
-8.70751
-0.0576411
6.0259
3.67241
2.17381
1.24924
0.743909
0.438672
0.255497
0.146368
0.0822202
0.0452248
0.0243293
0.0127736
0.00683849
61.0636
-8.87732
-0.0568105
6.02625
3.67213
2.17361
1.24912
0.743843
0.438632
0.255473
0.146354
0.0822119
0.0452201
0.0243266
0.0127721
0.00683768
20.6653
-8.89234
-0.0561026
6.02661
3.67185
2.17341
1.249
0.743776
0.438592
0.255449
0.14634
0.0822036
0.0452153
0.024324
0.0127707
0.00683688
0.769981
-9.1892
-0.0560703
6.02697
3.67158
2.17321
1.24888
0.743708
0.438552
0.255425
0.146325
0.0821952
0.0452105
0.0243213
0.0127692
0.00683608
2.49187
-9.37074
-0.0565307
6.02734
3.67131
2.173
1.24876
0.74364
0.438511
0.2554
0.146311
0.0821867
0.0452056
0.0243185
0.0127677
0.00683527
357.578
-9.86601
-0.0657151
6.02768
3.67104
2.17279
1.24864
0.743572
0.43847
0.255376
0.146296
0.0821782
0.0452007
0.0243158
0.0127663
0.00683446
634.461
24.3425
-0.0707238
6.02806
3.67078
2.17258
1.24852
0.743503
0.438429
0.255351
0.146282
0.0821696
0.0451958
0.024313
0.0127647
0.00683363
267.557
10.3295
-0.0400567
6.02856
3.67053
2.17237
1.24839
0.743433
0.438387
0.255326
0.146267
0.0821609
0.0451908
0.0243102
0.0127632
0.00683281
46.6325
-4.14199
-0.0502637
6.02904
3.67027
2.17215
1.24827
0.743363
0.438345
0.255301
0.146252
0.0821522
0.0451858
0.0243074
0.0127617
0.00683197
-2.58301
-8.61958
-0.0506143
6.02946
3.67002
2.17193
1.24814
0.743292
0.438303
0.255276
0.146237
0.0821434
0.0451807
0.0243045
0.0127602
0.00683113
-2.66682
-8.38918
-0.048759
6.03008
3.66966
2.1716
1.24795
0.743185
0.438239
0.255237
0.146214
0.0821301
0.0451731
0.0243002
0.0127578
0.00682985
-2.65479
-8.4733
-0.0468
6.03096
3.66919
2.17116
1.24769
0.743039
0.438152
0.255185
0.146183
0.082112
0.0451627
0.0242944
0.0127546
0.00682812
-2.68939
-8.40977
-0.0448759
6.03187
3.66873
2.1707
1.24742
0.742892
0.438064
0.255133
0.146152
0.0820937
0.0451522
0.0242884
0.0127514
0.00682636
-2.66451
-8.4522
-0.0429653
6.03282
3.66829
2.17023
1.24715
0.742742
0.437975
0.255079
0.14612
0.0820751
0.0451415
0.0242824
0.0127481
0.00682458
-2.66733
-8.42628
-0.0410651
6.0338
3.66786
2.16976
1.24688
0.74259
0.437884
0.255025
0.146088
0.0820563
0.0451306
0.0242762
0.0127448
0.00682276
-2.63609
-8.44126
-0.0392792
6.03481
3.66746
2.16928
1.2466
0.742436
0.437793
0.254971
0.146056
0.0820371
0.0451196
0.02427
0.0127414
0.00682092
-2.6303
-8.43874
-0.0376283
6.03587
3.66706
2.16878
1.24632
0.742279
0.4377
0.254915
0.146022
0.0820177
0.0451084
0.0242637
0.012738
0.00681905
-2.68618
-8.49506
-0.0747522
6.02803
3.67939
2.17648
1.25153
0.745689
0.440088
0.256595
0.147216
0.0828773
0.0457428
0.0247578
0.0131709
0.00712095
-3.09409
-8.83566
-0.114797
6.0372
3.67771
2.17323
1.24985
0.744871
0.439662
0.256375
0.147105
0.0828233
0.0457182
0.0247476
0.0131672
0.00712002
-3.49597
-9.32386
-0.316493
6.0381
3.67659
2.16966
1.24804
0.744
0.439214
0.256144
0.146989
0.0827676
0.045693
0.0247372
0.0131635
0.00711909
-3.72642
-9.46604
-0.487639
6.03001
3.67581
2.16578
1.2461
0.743077
0.438743
0.255903
0.146869
0.0827099
0.0456671
0.0247265
0.0131597
0.00711815
-3.75223
-9.36662
-0.379973
6.0358
3.67458
2.16158
1.24405
0.742102
0.438249
0.255651
0.146744
0.0826504
0.0456404
0.0247156
0.0131559
0.0071172
-3.53663
-9.12464
-0.215077
6.05603
3.67142
2.15695
1.24188
0.741076
0.437733
0.25539
0.146614
0.082589
0.0456131
0.0247045
0.013152
0.00711624
-3.30452
-8.8053
-0.0836862
6.06975
3.66615
2.15182
1.23959
0.739997
0.437194
0.255118
0.14648
0.0825258
0.0455851
0.0246932
0.013148
0.00711527
-3.01664
-8.55892
-0.0125523
6.0743
3.65722
2.14623
1.23718
0.738867
0.436632
0.254835
0.146341
0.0824606
0.0455564
0.0246816
0.013144
0.0071143
-2.89285
-8.43192
0.0111557
6.06817
3.64413
2.14018
1.23466
0.737686
0.436048
0.254543
0.146198
0.0823936
0.045527
0.0246698
0.01314
0.00711332
-2.85471
-8.3583
0.000715266
6.05006
3.62774
2.13369
1.23203
0.736455
0.435442
0.25424
0.146051
0.0823248
0.0454968
0.0246578
0.0131359
0.00711233
-2.85832
-8.31662
-0.0443223
6.01983
3.60803
2.12676
1.22928
0.735173
0.434813
0.253927
0.145899
0.082254
0.045466
0.0246456
0.0131317
0.00711133
-2.88207
-8.28043
-0.103145
5.98005
3.5849
2.1194
1.22642
0.73384
0.434162
0.253604
0.145742
0.0821814
0.0454345
0.0246332
0.0131275
0.00711032
-2.92427
-8.25629
-0.157735
5.93272
3.55831
2.11164
1.22346
0.732458
0.43349
0.253271
0.145581
0.082107
0.0454023
0.0246205
0.0131233
0.00710931
-2.9768
-8.24409
-0.204477
5.87812
3.52831
2.10351
1.22038
0.731027
0.432795
0.252927
0.145415
0.0820307
0.0453694
0.0246076
0.013119
0.00710829
-3.03259
-8.23079
-0.251062
5.81787
3.4951
2.09501
1.21721
0.729547
0.432078
0.252574
0.145245
0.0819526
0.0453358
0.0245945
0.0131146
0.00710726
-3.08454
-8.21557
-0.29664
5.75427
3.4592
2.0862
1.21392
0.728018
0.431339
0.252211
0.145071
0.0818726
0.0453016
0.0245812
0.0131102
0.00710622
-3.12967
-8.19554
-0.341682
5.68597
3.42118
2.07709
1.21054
0.72644
0.430579
0.251837
0.144892
0.0817907
0.0452666
0.0245676
0.0131057
0.00710517
-3.16704
-8.16907
-0.385216
5.61338
3.38163
2.0677
1.20706
0.724815
0.429797
0.251454
0.144708
0.0817071
0.0452309
0.0245539
0.0131012
0.00710412
-3.1975
-8.13427
-0.42461
5.53708
3.34113
2.05804
1.20348
0.723142
0.428994
0.25106
0.144521
0.0816216
0.0451946
0.0245399
0.0130966
0.00710306
-3.21994
-8.08489
-0.459461
5.45811
3.30014
2.04814
1.1998
0.721422
0.428169
0.250657
0.144328
0.0815343
0.0451576
0.0245257
0.013092
0.00710199
-3.23214
-8.02003
-0.490012
5.37765
3.25899
2.038
1.19603
0.719656
0.427323
0.250244
0.144132
0.0814451
0.0451199
0.0245113
0.0130873
0.00710091
-3.23888
-7.93559
-0.510956
5.29544
3.21797
2.02763
1.19216
0.717843
0.426456
0.249821
0.143931
0.0813542
0.0450815
0.0244966
0.0130826
0.00709983
-3.24092
-7.82783
-0.519444
5.21131
3.17724
2.01705
1.1882
0.715984
0.425567
0.249388
0.143726
0.0812614
0.0450424
0.0244818
0.0130778
0.00709873
-3.23796
-7.70176
-0.523788
5.12817
3.1373
2.00626
1.18415
0.714079
0.424658
0.248946
0.143516
0.0811668
0.0450026
0.0244667
0.013073
0.00709763
-3.22537
-7.56183
-0.524076
5.04541
3.09845
1.99526
1.18001
0.712129
0.423727
0.248493
0.143302
0.0810704
0.0449622
0.0244514
0.0130681
0.00709652
-3.20403
-7.4125
-0.51139
4.96081
3.0602
1.98408
1.17577
0.710135
0.422776
0.248031
0.143083
0.0809721
0.0449211
0.0244359
0.0130631
0.0070954
-3.17769
-7.25781
-0.491988
4.87619
3.02227
1.9727
1.17145
0.708096
0.421804
0.247559
0.142861
0.0808721
0.0448793
0.0244201
0.0130581
0.00709428
-3.14729
-7.10081
-0.474018
4.79333
2.98463
1.96115
1.16705
0.706013
0.420812
0.247078
0.142634
0.0807703
0.0448368
0.0244042
0.0130531
0.00709314
-3.11353
-6.94391
-0.453056
4.71199
2.94734
1.94943
1.16255
0.703887
0.419799
0.246587
0.142402
0.0806667
0.0447936
0.024388
0.013048
0.007092
-3.0773
-6.7892
-0.430325
4.63176
2.91046
1.93755
1.15798
0.701717
0.418765
0.246086
0.142167
0.0805613
0.0447498
0.0243717
0.0130428
0.00709085
-3.03937
-6.64149
-0.40481
4.55284
2.87403
1.92551
1.15332
0.699505
0.417711
0.245576
0.141927
0.0804541
0.0447053
0.0243551
0.0130376
0.0070897
-3.00042
-6.50082
-0.377705
4.47518
2.83808
1.91331
1.14857
0.69725
0.416638
0.245057
0.141683
0.0803451
0.0446601
0.0243382
0.0130324
0.00708853
-2.96105
-6.36304
-0.352942
4.39866
2.8026
1.90097
1.14375
0.694954
0.415544
0.244528
0.141434
0.0802344
0.0446143
0.0243212
0.0130271
0.00708736
-2.92174
-6.22786
-0.329233
4.32324
2.76757
1.8885
1.13885
0.692616
0.41443
0.243989
0.141182
0.0801218
0.0445678
0.024304
0.0130217
0.00708618
-2.88273
-6.09553
-0.306504
4.24893
2.73299
1.87589
1.13387
0.690247
0.413296
0.243441
0.140925
0.0800075
0.0445206
0.0242865
0.0130163
0.00708499
-2.84403
-5.96596
-0.284838
4.17571
2.69884
1.86315
1.12881
0.68786
0.412143
0.242884
0.140664
0.0798915
0.0444728
0.0242688
0.0130108
0.00708379
-2.80559
-5.83905
-0.264184
4.10355
2.66513
1.85029
1.12368
0.685432
0.41097
0.242317
0.140398
0.0797736
0.0444242
0.024251
0.0130053
0.00708259
-2.76739
-5.71472
-0.244484
4.03246
2.63183
1.83732
1.11847
0.682964
0.409777
0.241741
0.140129
0.079654
0.0443751
0.0242329
0.0129998
0.00708137
-2.72944
-5.59293
-0.225696
3.96241
2.59894
1.82423
1.11319
0.680457
0.408565
0.241156
0.139855
0.0795327
0.0443252
0.0242145
0.0129941
0.00708015
-2.69173
-5.47363
-0.207781
3.89339
2.56645
1.81104
1.10784
0.677911
0.407334
0.240562
0.139577
0.0794096
0.0442747
0.024196
0.0129885
0.00707892
-2.65427
-5.35677
-0.190699
3.82539
2.53436
1.79775
1.10241
0.675326
0.406084
0.239958
0.139295
0.0792848
0.0442236
0.0241773
0.0129828
0.00707769
-2.61704
-5.2423
-0.174422
3.75839
2.50265
1.78436
1.09692
0.672703
0.404814
0.239345
0.139009
0.0791582
0.0441717
0.0241583
0.012977
0.00707644
-2.58006
-5.13016
-0.158914
3.69238
2.47132
1.77089
1.09136
0.670042
0.403525
0.238724
0.138719
0.0790299
0.0441192
0.0241391
0.0129712
0.00707519
-2.54332
-5.01835
-0.146001
3.62727
2.44035
1.75733
1.08573
0.667344
0.402218
0.238093
0.138424
0.0788998
0.0440661
0.0241198
0.0129653
0.00707393
-2.50678
-4.90693
-0.135629
3.56309
2.40974
1.74368
1.08004
0.664609
0.400892
0.237453
0.138126
0.078768
0.0440123
0.0241002
0.0129594
0.00707266
-2.47043
-4.79788
-0.125852
3.49991
2.37948
1.72996
1.07428
0.661837
0.399547
0.236804
0.137823
0.0786345
0.0439578
0.0240804
0.0129534
0.00707139
-2.43429
-4.69114
-0.116624
3.43771
2.34957
1.71617
1.06846
0.659029
0.398184
0.236146
0.137516
0.0784993
0.0439027
0.0240604
0.0129473
0.0070701
-2.39836
-4.58667
-0.107908
3.37646
2.31998
1.70231
1.06257
0.656185
0.396802
0.235479
0.137206
0.0783623
0.043847
0.0240401
0.0129413
0.00706881
-2.36263
-4.4844
-0.0996866
3.31617
2.29073
1.68838
1.05662
0.653306
0.395402
0.234804
0.136891
0.0782237
0.0437906
0.0240197
0.0129351
0.00706751
-2.32712
-4.38429
-0.091941
3.25681
2.26179
1.6744
1.05062
0.650392
0.393984
0.234119
0.136572
0.0780833
0.0437335
0.023999
0.0129289
0.0070662
-2.29181
-4.28629
-0.0846529
3.19837
2.23317
1.66036
1.04455
0.647444
0.392548
0.233426
0.136249
0.0779413
0.0436758
0.0239782
0.0129227
0.00706489
-2.25672
-4.19032
-0.0778027
3.14083
2.20486
1.64627
1.03843
0.644461
0.391094
0.232724
0.135922
0.0777975
0.0436174
0.0239571
0.0129164
0.00706356
-2.22184
-4.09639
-0.0713453
3.08418
2.17684
1.63213
1.03224
0.641444
0.389622
0.232013
0.135591
0.0776521
0.0435584
0.0239358
0.0129101
0.00706223
-2.18717
-4.00438
-0.0653047
3.02839
2.14911
1.61795
1.02601
0.638395
0.388132
0.231294
0.135256
0.0775049
0.0434988
0.0239144
0.0129037
0.00706089
-2.15291
-3.91428
-0.0596445
2.97343
2.12168
1.60372
1.01971
0.635312
0.386625
0.230566
0.134918
0.0773561
0.0434385
0.0238927
0.0128973
0.00705955
-2.11866
-3.82603
-0.0542668
2.9193
2.09452
1.58946
1.01337
0.632197
0.3851
0.229829
0.134575
0.0772056
0.0433776
0.0238708
0.0128908
0.00705819
-1.97413
-3.41539
-0.00962002
2.64289
1.93604
1.49673
0.96605
0.605729
0.370066
0.221205
0.129635
0.0743824
0.0417519
0.0228994
0.0122379
0.00642145
-1.72837
-2.80609
0.0188815
2.20013
1.67924
1.33137
0.878193
0.555948
0.341755
0.205148
0.120655
0.0694761
0.0391463
0.0215623
0.0115788
0.00610498
-1.49356
-2.2898
0.035705
1.81697
1.44178
1.16707
0.784716
0.501313
0.309903
0.186741
0.110175
0.0636351
0.0359712
0.0198848
0.0107212
0.00567606
-1.27071
-1.84913
0.0440896
1.48308
1.22024
1.00511
0.686908
0.442533
0.274927
0.166226
0.0983385
0.0569458
0.0322772
0.0178963
0.00968159
0.0051432
-1.05734
-1.46946
0.0465529
1.18981
1.01191
0.845724
0.585859
0.380278
0.237257
0.143868
0.0853061
0.0495057
0.0281229
0.0156314
0.00847964
0.00451745
-0.852258
-1.13848
0.0446856
0.929565
0.814402
0.688713
0.482421
0.315144
0.19731
0.119933
0.0712456
0.0414178
0.0235707
0.0131271
0.00713687
0.00381079
-0.65416
-0.84569
0.039428
0.695633
0.625423
0.533769
0.377208
0.247674
0.155494
0.094691
0.0563308
0.0327908
0.0186869
0.010423
0.00567645
0.00303637
-0.462003
-0.581946
0.0311886
0.481911
0.442756
0.380441
0.27065
0.178376
0.112207
0.0684192
0.0407419
0.0237385
0.0135415
0.00756139
0.00412313
0.00220838
-0.274528
-0.339092
0.02058
0.28284
0.264315
0.228141
0.163037
0.107703
0.0678268
0.0413867
0.0246576
0.0143744
0.00820454
0.0045844
0.00250176
0.00134107
-0.090413
-0.109741
0.00759646
0.0925163
0.0878653
0.0761025
0.0545927
0.0361295
0.022771
0.0139008
0.00828472
0.00483149
0.00275894
0.00154244
0.000842277
0.000451816
0.00323378
0.00160981
0.000756829
0.000351933
0.00015488
6.65943e-05
2.71491e-05
1.08083e-05
4.20285e-06
1.72151e-06
8.82335e-07
5.77114e-07
9.27215e-07
9.27025e-07
0.00323332
0.00160957
0.000756691
0.000351849
0.000154821
6.65492e-05
2.71099e-05
1.0772e-05
4.16765e-06
1.68673e-06
8.47726e-07
5.42591e-07
8.9278e-07
8.92568e-07
0.00323276
0.00160924
0.000756456
0.000351668
0.000154666
6.64069e-05
2.69736e-05
1.06383e-05
4.03516e-06
1.55481e-06
7.16004e-07
4.10987e-07
7.61103e-07
7.60826e-07
0.00323219
0.00160889
0.000756208
0.000351474
0.000154498
6.62521e-05
2.68247e-05
1.04921e-05
3.88984e-06
1.40985e-06
5.71187e-07
2.66241e-07
6.1654e-07
6.16277e-07
0.00323168
0.00160861
0.000756031
0.000351353
0.000154404
6.61715e-05
2.67503e-05
1.04206e-05
3.81977e-06
1.34041e-06
5.02013e-07
1.97202e-07
5.47386e-07
5.47072e-07
0.00323122
0.00160837
0.000755902
0.000351279
0.000154358
6.61382e-05
2.67231e-05
1.03962e-05
3.79639e-06
1.31741e-06
4.79167e-07
1.74418e-07
5.24778e-07
5.24462e-07
0.00323077
0.00160815
0.000755788
0.000351222
0.000154328
6.61225e-05
2.67138e-05
1.03898e-05
3.79145e-06
1.31312e-06
4.75116e-07
1.70509e-07
5.20796e-07
5.20432e-07
0.00323033
0.00160794
0.000755677
0.000351168
0.000154302
6.61099e-05
2.67076e-05
1.03864e-05
3.78912e-06
1.31117e-06
4.73325e-07
1.68805e-07
5.19224e-07
5.18849e-07
0.00322987
0.00160772
0.000755566
0.000351114
0.000154276
6.60985e-05
2.67026e-05
1.03845e-05
3.78858e-06
1.31126e-06
4.73665e-07
1.6929e-07
5.19653e-07
5.19239e-07
0.00322942
0.00160749
0.000755454
0.00035106
0.000154251
6.60868e-05
2.66974e-05
1.03822e-05
3.78746e-06
1.31061e-06
4.73145e-07
1.68824e-07
5.19355e-07
5.1892e-07
0.00322895
0.00160727
0.00075534
0.000351006
0.000154225
6.60751e-05
2.66923e-05
1.03801e-05
3.78672e-06
1.31044e-06
4.73257e-07
1.691e-07
5.19571e-07
5.19104e-07
0.00322849
0.00160704
0.000755226
0.00035095
0.000154198
6.60632e-05
2.6687e-05
1.03779e-05
3.78585e-06
1.31011e-06
4.73064e-07
1.68954e-07
5.19581e-07
5.1909e-07
0.00322802
0.00160681
0.00075511
0.000350894
0.000154172
6.60511e-05
2.66817e-05
1.03756e-05
3.78478e-06
1.30961e-06
4.72862e-07
1.6894e-07
5.19498e-07
5.18973e-07
0.00322754
0.00160658
0.000754993
0.000350838
0.000154145
6.60391e-05
2.66766e-05
1.03737e-05
3.78431e-06
1.30967e-06
4.73028e-07
1.69144e-07
5.1988e-07
5.19339e-07
0.00322683
0.00160623
0.000754816
0.000350752
0.000154103
6.60199e-05
2.66675e-05
1.03693e-05
3.78184e-06
1.30815e-06
4.72053e-07
1.68465e-07
5.19054e-07
5.18444e-07
0.00322585
0.00160575
0.000754575
0.000350635
0.000154048
6.5995e-05
2.6657e-05
1.03653e-05
3.78066e-06
1.30798e-06
4.71973e-07
1.68413e-07
5.19441e-07
5.18824e-07
0.00322486
0.00160526
0.000754329
0.000350516
0.000153991
6.59692e-05
2.66456e-05
1.03605e-05
3.77879e-06
1.30749e-06
4.72311e-07
1.69231e-07
5.20059e-07
5.1934e-07
0.00322385
0.00160477
0.000754078
0.000350394
0.000153933
6.59426e-05
2.66336e-05
1.03552e-05
3.77622e-06
1.30586e-06
4.70721e-07
1.67556e-07
5.1887e-07
5.18155e-07
0.00322282
0.00160426
0.000753823
0.00035027
0.000153874
6.59161e-05
2.66223e-05
1.03511e-05
3.77536e-06
1.30664e-06
4.72476e-07
1.69951e-07
5.20965e-07
5.20133e-07
0.00322177
0.00160374
0.000753563
0.000350144
0.000153813
6.58879e-05
2.66092e-05
1.03447e-05
3.77161e-06
1.30369e-06
4.69454e-07
1.66704e-07
5.18363e-07
5.17557e-07
0.00322072
0.00160322
0.000753298
0.000350015
0.000153752
6.58607e-05
2.65981e-05
1.03412e-05
3.77177e-06
1.30572e-06
4.7261e-07
1.70645e-07
5.21825e-07
5.2088e-07
0.00322011
0.00160291
0.000753147
0.000349941
0.000153716
6.58438e-05
2.659e-05
1.03369e-05
3.76895e-06
1.30332e-06
4.70105e-07
1.67951e-07
5.19627e-07
5.18711e-07
0.00321997
0.00160284
0.000753113
0.000349924
0.000153708
6.58402e-05
2.65883e-05
1.03362e-05
3.7687e-06
1.30329e-06
4.70218e-07
1.68165e-07
5.19768e-07
5.18834e-07
0.00321983
0.00160277
0.000753079
0.000349908
0.000153701
6.58366e-05
2.65867e-05
1.03356e-05
3.76844e-06
1.30319e-06
4.70159e-07
1.68102e-07
5.19769e-07
5.18833e-07
0.00321969
0.0016027
0.000753045
0.000349891
0.000153693
6.5833e-05
2.65852e-05
1.03349e-05
3.76817e-06
1.30308e-06
4.70118e-07
1.68101e-07
5.19776e-07
5.18835e-07
0.00321955
0.00160263
0.000753011
0.000349875
0.000153685
6.58294e-05
2.65836e-05
1.03342e-05
3.7679e-06
1.30298e-06
4.70081e-07
1.68097e-07
5.19788e-07
5.1884e-07
0.00321941
0.00160256
0.000752977
0.000349858
0.000153677
6.58257e-05
2.6582e-05
1.03336e-05
3.76762e-06
1.30288e-06
4.70042e-07
1.68091e-07
5.198e-07
5.18846e-07
0.00321928
0.0016025
0.000752943
0.000349841
0.000153669
6.58221e-05
2.65803e-05
1.03329e-05
3.76735e-06
1.30277e-06
4.70004e-07
1.68084e-07
5.19812e-07
5.18852e-07
0.00321914
0.00160243
0.000752909
0.000349825
0.000153661
6.58184e-05
2.65787e-05
1.03322e-05
3.76707e-06
1.30267e-06
4.69965e-07
1.68078e-07
5.19824e-07
5.18858e-07
0.003219
0.00160236
0.000752874
0.000349808
0.000153653
6.58148e-05
2.65771e-05
1.03315e-05
3.7668e-06
1.30257e-06
4.69927e-07
1.68072e-07
5.19835e-07
5.18863e-07
0.00321886
0.00160229
0.00075284
0.000349791
0.000153645
6.58112e-05
2.65755e-05
1.03308e-05
3.76652e-06
1.30246e-06
4.69888e-07
1.68065e-07
5.19847e-07
5.18869e-07
0.00321872
0.00160222
0.000752806
0.000349774
0.000153637
6.58074e-05
2.65739e-05
1.03301e-05
3.76625e-06
1.30236e-06
4.69849e-07
1.68059e-07
5.19859e-07
5.18875e-07
0.00321858
0.00160215
0.000752771
0.000349758
0.000153629
6.58038e-05
2.65722e-05
1.03295e-05
3.76597e-06
1.30225e-06
4.6981e-07
1.68052e-07
5.19871e-07
5.1888e-07
0.00321844
0.00160208
0.000752737
0.000349741
0.000153621
6.58001e-05
2.65706e-05
1.03288e-05
3.76569e-06
1.30215e-06
4.6977e-07
1.68046e-07
5.19882e-07
5.18886e-07
0.0032183
0.00160201
0.000752702
0.000349724
0.000153612
6.57964e-05
2.65689e-05
1.03281e-05
3.76541e-06
1.30204e-06
4.69731e-07
1.68039e-07
5.19894e-07
5.18892e-07
0.00321816
0.00160194
0.000752668
0.000349707
0.000153604
6.57926e-05
2.65673e-05
1.03274e-05
3.76513e-06
1.30193e-06
4.69691e-07
1.68033e-07
5.19906e-07
5.18898e-07
0.00321801
0.00160187
0.000752632
0.00034969
0.000153596
6.57889e-05
2.65657e-05
1.03267e-05
3.76485e-06
1.30183e-06
4.69652e-07
1.68026e-07
5.19918e-07
5.18903e-07
0.00321787
0.0016018
0.000752598
0.000349673
0.000153588
6.57852e-05
2.6564e-05
1.0326e-05
3.76457e-06
1.30172e-06
4.69612e-07
1.68019e-07
5.19929e-07
5.18909e-07
0.00321773
0.00160173
0.000752563
0.000349656
0.00015358
6.57815e-05
2.65624e-05
1.03253e-05
3.76429e-06
1.30161e-06
4.69572e-07
1.68012e-07
5.19941e-07
5.18915e-07
0.00321759
0.00160165
0.000752528
0.000349639
0.000153572
6.57777e-05
2.65607e-05
1.03246e-05
3.764e-06
1.30151e-06
4.69532e-07
1.68005e-07
5.19953e-07
5.18921e-07
0.00321744
0.00160158
0.000752493
0.000349621
0.000153564
6.5774e-05
2.6559e-05
1.03239e-05
3.76372e-06
1.3014e-06
4.69492e-07
1.67999e-07
5.19965e-07
5.18926e-07
0.0032173
0.00160151
0.000752457
0.000349604
0.000153555
6.57702e-05
2.65573e-05
1.03232e-05
3.76343e-06
1.30129e-06
4.69452e-07
1.67992e-07
5.19976e-07
5.18932e-07
0.00321716
0.00160144
0.000752423
0.000349587
0.000153547
6.57664e-05
2.65557e-05
1.03225e-05
3.76315e-06
1.30118e-06
4.69411e-07
1.67985e-07
5.19988e-07
5.18938e-07
0.00321701
0.00160137
0.000752387
0.00034957
0.000153539
6.57626e-05
2.6554e-05
1.03218e-05
3.76286e-06
1.30107e-06
4.69371e-07
1.67977e-07
5.2e-07
5.18944e-07
0.00321687
0.0016013
0.000752352
0.000349552
0.000153531
6.57589e-05
2.65523e-05
1.03211e-05
3.76257e-06
1.30097e-06
4.6933e-07
1.6797e-07
5.20012e-07
5.1895e-07
0.00321673
0.00160123
0.000752316
0.000349535
0.000153522
6.5755e-05
2.65506e-05
1.03203e-05
3.76229e-06
1.30086e-06
4.69289e-07
1.67963e-07
5.20024e-07
5.18956e-07
0.00321658
0.00160115
0.000752281
0.000349518
0.000153514
6.57513e-05
2.65489e-05
1.03196e-05
3.762e-06
1.30075e-06
4.69248e-07
1.67956e-07
5.20035e-07
5.18962e-07
0.00321644
0.00160108
0.000752245
0.0003495
0.000153506
6.57474e-05
2.65473e-05
1.03189e-05
3.76171e-06
1.30064e-06
4.69207e-07
1.67948e-07
5.20047e-07
5.18968e-07
0.00321629
0.00160101
0.000752209
0.000349483
0.000153497
6.57436e-05
2.65455e-05
1.03182e-05
3.76142e-06
1.30053e-06
4.69166e-07
1.67941e-07
5.20059e-07
5.18973e-07
0.00321615
0.00160094
0.000752174
0.000349465
0.000153489
6.57397e-05
2.65438e-05
1.03175e-05
3.76112e-06
1.30042e-06
4.69124e-07
1.67934e-07
5.20071e-07
5.18979e-07
0.003216
0.00160086
0.000752138
0.000349448
0.00015348
6.57359e-05
2.65421e-05
1.03168e-05
3.76084e-06
1.30031e-06
4.69083e-07
1.67926e-07
5.20083e-07
5.18985e-07
0.00321586
0.00160079
0.000752102
0.00034943
0.000153472
6.57321e-05
2.65404e-05
1.0316e-05
3.76054e-06
1.3002e-06
4.69041e-07
1.67918e-07
5.20094e-07
5.18991e-07
0.00321571
0.00160072
0.000752066
0.000349413
0.000153464
6.57282e-05
2.65387e-05
1.03153e-05
3.76025e-06
1.30008e-06
4.69e-07
1.67911e-07
5.20106e-07
5.18997e-07
0.00321556
0.00160064
0.00075203
0.000349395
0.000153455
6.57243e-05
2.6537e-05
1.03146e-05
3.75995e-06
1.29997e-06
4.68958e-07
1.67903e-07
5.20118e-07
5.19003e-07
0.00321541
0.00160057
0.000751994
0.000349377
0.000153447
6.57204e-05
2.65353e-05
1.03139e-05
3.75966e-06
1.29986e-06
4.68916e-07
1.67895e-07
5.2013e-07
5.19009e-07
0.00321527
0.0016005
0.000751957
0.00034936
0.000153438
6.57165e-05
2.65335e-05
1.03131e-05
3.75937e-06
1.29975e-06
4.68874e-07
1.67888e-07
5.20142e-07
5.19015e-07
0.00321512
0.00160042
0.000751921
0.000349342
0.00015343
6.57126e-05
2.65318e-05
1.03124e-05
3.75907e-06
1.29964e-06
4.68831e-07
1.6788e-07
5.20154e-07
5.19021e-07
0.00321497
0.00160035
0.000751885
0.000349324
0.000153421
6.57087e-05
2.65301e-05
1.03117e-05
3.75877e-06
1.29952e-06
4.68789e-07
1.67872e-07
5.20165e-07
5.19027e-07
0.00321482
0.00160028
0.000751849
0.000349306
0.000153413
6.57048e-05
2.65283e-05
1.03109e-05
3.75847e-06
1.29941e-06
4.68746e-07
1.67864e-07
5.20177e-07
5.19033e-07
0.00321467
0.0016002
0.000751812
0.000349288
0.000153404
6.57008e-05
2.65266e-05
1.03102e-05
3.75818e-06
1.2993e-06
4.68704e-07
1.67856e-07
5.20189e-07
5.1904e-07
0.00321453
0.00160013
0.000751775
0.00034927
0.000153395
6.56969e-05
2.65248e-05
1.03095e-05
3.75787e-06
1.29918e-06
4.68661e-07
1.67848e-07
5.20201e-07
5.19046e-07
0.00321438
0.00160006
0.000751739
0.000349252
0.000153387
6.5693e-05
2.65231e-05
1.03087e-05
3.75757e-06
1.29907e-06
4.68618e-07
1.67839e-07
5.20213e-07
5.19052e-07
0.00321423
0.00159998
0.000751702
0.000349235
0.000153378
6.5689e-05
2.65213e-05
1.0308e-05
3.75728e-06
1.29895e-06
4.68575e-07
1.67831e-07
5.20225e-07
5.19058e-07
0.00321408
0.00159991
0.000751665
0.000349216
0.00015337
6.5685e-05
2.65196e-05
1.03072e-05
3.75697e-06
1.29884e-06
4.68532e-07
1.67823e-07
5.20237e-07
5.19064e-07
0.00321393
0.00159983
0.000751628
0.000349198
0.000153361
6.56811e-05
2.65178e-05
1.03065e-05
3.75667e-06
1.29872e-06
4.68489e-07
1.67815e-07
5.20248e-07
5.1907e-07
0.00321378
0.00159976
0.000751592
0.00034918
0.000153352
6.56771e-05
2.6516e-05
1.03057e-05
3.75636e-06
1.29861e-06
4.68445e-07
1.67806e-07
5.2026e-07
5.19077e-07
0.00321362
0.00159968
0.000751554
0.000349162
0.000153344
6.56731e-05
2.65143e-05
1.0305e-05
3.75606e-06
1.29849e-06
4.68402e-07
1.67798e-07
5.20272e-07
5.19083e-07
0.00321348
0.00159961
0.000751517
0.000349144
0.000153335
6.56691e-05
2.65125e-05
1.03042e-05
3.75576e-06
1.29838e-06
4.68358e-07
1.67789e-07
5.20284e-07
5.19089e-07
0.00321332
0.00159953
0.00075148
0.000349126
0.000153326
6.56651e-05
2.65107e-05
1.03035e-05
3.75545e-06
1.29826e-06
4.68314e-07
1.67781e-07
5.20296e-07
5.19096e-07
0.00321317
0.00159946
0.000751443
0.000349107
0.000153317
6.56611e-05
2.65089e-05
1.03027e-05
3.75515e-06
1.29814e-06
4.6827e-07
1.67772e-07
5.20308e-07
5.19103e-07
0.00321302
0.00159938
0.000751406
0.000349089
0.000153309
6.5657e-05
2.65071e-05
1.0302e-05
3.75484e-06
1.29803e-06
4.68226e-07
1.67763e-07
5.2032e-07
5.1911e-07
0.00321287
0.0015993
0.000751368
0.000349071
0.0001533
6.5653e-05
2.65054e-05
1.03012e-05
3.75453e-06
1.29791e-06
4.68182e-07
1.67755e-07
5.20331e-07
5.19118e-07
0.00321272
0.00159923
0.000751331
0.000349052
0.000153291
6.5649e-05
2.65035e-05
1.03004e-05
3.75422e-06
1.29779e-06
4.68137e-07
1.67746e-07
5.20343e-07
5.19126e-07
0.00321256
0.00159915
0.000751293
0.000349034
0.000153282
6.56449e-05
2.65018e-05
1.02997e-05
3.75391e-06
1.29767e-06
4.68093e-07
1.67737e-07
5.20355e-07
5.19134e-07
0.00321241
0.00159908
0.000751256
0.000349016
0.000153273
6.56409e-05
2.64999e-05
1.02989e-05
3.7536e-06
1.29756e-06
4.68049e-07
1.67728e-07
5.20367e-07
5.19143e-07
0.00321225
0.001599
0.000751218
0.000348997
0.000153265
6.56368e-05
2.64982e-05
1.02981e-05
3.75329e-06
1.29744e-06
4.68004e-07
1.67719e-07
5.20379e-07
5.19152e-07
0.0032121
0.00159892
0.00075118
0.000348979
0.000153256
6.56327e-05
2.64963e-05
1.02974e-05
3.75298e-06
1.29732e-06
4.67959e-07
1.6771e-07
5.20391e-07
5.1916e-07
0.00318282
0.00158556
0.000745273
0.000346348
0.000152137
6.51799e-05
2.63249e-05
1.02369e-05
3.73375e-06
1.29191e-06
4.66439e-07
1.66401e-07
5.20147e-07
5.19903e-07
0.0030409
0.00151583
0.000712286
0.000331032
0.000145325
6.22511e-05
2.5126e-05
9.76741e-06
3.56004e-06
1.23138e-06
4.45362e-07
1.60555e-07
5.13888e-07
5.18924e-07
0.00283782
0.00141532
0.000665037
0.000309095
0.00013563
5.80916e-05
2.34346e-05
9.10749e-06
3.31759e-06
1.14722e-06
4.16007e-07
1.51496e-07
5.34586e-07
5.26659e-07
0.00257913
0.00128684
0.000604643
0.000281047
0.000123276
5.27954e-05
2.12884e-05
8.27166e-06
3.01167e-06
1.04121e-06
3.78743e-07
1.38417e-07
5.10081e-07
5.21286e-07
0.00227065
0.0011333
0.000532503
0.000247535
0.000108543
4.64828e-05
1.8736e-05
7.27868e-06
2.64908e-06
9.15714e-07
3.34531e-07
1.25462e-07
5.51312e-07
5.36361e-07
0.00191895
0.000958011
0.000450147
0.000209266
9.17396e-05
3.92853e-05
1.583e-05
6.14894e-06
2.23719e-06
7.73227e-07
2.83825e-07
1.02434e-07
5.05795e-07
5.25586e-07
0.00153108
0.000764527
0.00035924
0.000167015
7.32034e-05
3.13466e-05
1.26281e-05
4.90472e-06
1.78406e-06
6.16577e-07
2.27915e-07
9.08657e-08
5.71856e-07
5.49273e-07
0.00111468
0.000556682
0.000261582
0.000121618
5.32982e-05
2.28225e-05
9.19248e-06
3.57008e-06
1.29836e-06
4.48636e-07
1.6714e-07
5.27108e-08
5.00657e-07
5.3181e-07
0.000677312
0.000338284
0.000158959
7.39075e-05
3.23865e-05
1.38679e-05
5.58506e-06
2.16897e-06
7.88715e-07
2.72572e-07
1.02511e-07
5.12196e-08
5.98753e-07
5.66708e-07
0.000228378
0.000114078
5.36068e-05
2.49248e-05
1.09214e-05
4.67648e-06
1.8832e-06
7.31315e-07
2.65912e-07
9.1782e-08
3.58241e-08
-1.03596e-08
4.93152e-07
5.381e-07
)
;

boundaryField
{
    atmosphere
    {
        type            totalPressure;
        rho             rho;
        psi             none;
        gamma           1;
        p0              uniform 0;
        value           nonuniform List<scalar> 
182
(
0
0
0
0
0
0
0
0
0
0
0
0
0
0
0
0
0
0
0
0
-1.7762e-06
-3.05943e-05
-7.59179e-05
-0.0001372
-0.000220435
-0.000351422
-0.000540898
-0.000784817
-0.00106084
-0.00131821
-0.00153859
-0.00166075
-0.00172555
-0.00170241
-0.00149075
-0.00120942
-0.000803201
-0.000397268
-8.29925e-05
0
0
0
0
0
0
0
0
0
0
-1.27283e-06
-6.2439e-05
-0.00012397
-0.000130708
-9.73545e-05
-5.57231e-05
-2.51712e-05
-8.71601e-06
-2.02893e-06
-1.71506e-07
0
0
0
0
0
0
0
0
0
-1.97619e-10
-5.95952e-10
-7.65378e-10
-7.2351e-10
-5.80708e-10
-4.20745e-10
-2.84898e-10
-1.84895e-10
-1.17535e-10
-7.5458e-11
-5.11878e-11
-3.89578e-11
-3.55019e-11
-4.02538e-11
-5.65047e-11
-9.3599e-11
-1.72654e-10
-3.38829e-10
-6.87364e-10
-1.41844e-09
-2.95249e-09
-6.17292e-09
-1.29356e-08
-2.71439e-08
-5.7006e-08
-1.19814e-07
-2.52024e-07
-5.30652e-07
-1.11876e-06
-2.36192e-06
-4.99395e-06
-1.05583e-05
-2.23208e-05
-4.67884e-05
-9.82268e-05
-0.000195548
-0.000406514
-0.000717926
-0.00135879
-0.001916
-0.00268281
-0.00224511
-0.00248628
-0.00158803
-0.00124727
-0.000474593
-5.63303e-05
0
0
0
0
0
0
0
0
0
0
0
0
0
0
0
-6.89256e-08
-3.04812e-06
-1.20616e-05
-3.22788e-05
-7.52636e-05
-0.000164989
-0.000351561
-0.000730228
-0.00150485
-0.00297506
-0.00591256
-0.0106359
-0.0191949
-0.0300976
-0.0385001
-0.0458121
-0.0288362
-0.0284603
-0.0205297
-0.0159075
-0.00421374
0
0
0
0
0
0
0
0
0
0
0
0
0
0
0
0
0
0
0
0
0
0
0
0
0
0
0
0
0
-9.03671e-15
-3.18788e-15
)
;
    }
    inlet
    {
        type            zeroGradient;
    }
    outlet
    {
        type            zeroGradient;
    }
    bottom
    {
        type            zeroGradient;
    }
    frontBack
    {
        type            empty;
    }
}


// ************************************************************************* //
