/*--------------------------------*- C++ -*----------------------------------*\
| =========                 |                                                 |
| \\      /  F ield         | OpenFOAM: The Open Source CFD Toolbox           |
|  \\    /   O peration     | Version:  v1912                                 |
|   \\  /    A nd           | Website:  www.openfoam.com                      |
|    \\/     M anipulation  |                                                 |
\*---------------------------------------------------------------------------*/
FoamFile
{
    version     2.0;
    format      ascii;
    class       volVectorField;
    location    "7.5";
    object      U;
}
// * * * * * * * * * * * * * * * * * * * * * * * * * * * * * * * * * * * * * //

dimensions      [0 1 -1 0 0 0 0];


internalField   nonuniform List<vector> 
15834
(
(0.298427 -0.00153675 0)
(0.316385 -0.000557728 0)
(0.319652 0.000154466 0)
(0.313228 0.00055562 0)
(0.302062 0.000704164 0)
(0.289497 0.000735077 0)
(0.27624 0.000810034 0)
(0.260331 0.0010618 0)
(0.238069 0.0015475 0)
(0.20553 0.00223054 0)
(0.160234 0.00298455 0)
(0.102441 0.00363061 0)
(0.0358889 0.00399018 0)
(-0.0337749 0.00394705 0)
(-0.0992032 0.00347586 0)
(-0.15294 0.00265882 0)
(-0.190492 0.00165543 0)
(-0.210334 0.000662354 0)
(-0.214208 -0.000145633 0)
(-0.206422 -0.000654484 0)
(-0.192639 -0.000844696 0)
(-0.177703 -0.000782247 0)
(-0.165506 -0.000598041 0)
(-0.157152 -0.000409361 0)
(-0.150908 -0.000336498 0)
(-0.144543 -0.000430804 0)
(-0.135124 -0.000678194 0)
(-0.12048 -0.00101472 0)
(-0.0997207 -0.00135823 0)
(-0.0734124 -0.00163724 0)
(-0.0431029 -0.00181458 0)
(-0.0106861 -0.0018928 0)
(0.0223543 -0.0019008 0)
(0.0551287 -0.00187418 0)
(0.0872336 -0.00182785 0)
(0.118293 -0.001743 0)
(0.147308 -0.0015704 0)
(0.172204 -0.00124807 0)
(0.189909 -0.000729491 0)
(0.196866 -1.64573e-05 0)
(0.189851 0.00082323 0)
(0.167429 0.00167688 0)
(0.130953 0.00239362 0)
(0.0838162 0.00281861 0)
(0.0330952 0.00284985 0)
(-0.0142523 0.0024712 0)
(-0.0520213 0.00174782 0)
(-0.0743211 0.000855452 0)
(-0.0809093 -1.27677e-05 0)
(-0.0732627 -0.000665876 0)
(-0.0571833 -0.00100961 0)
(-0.0378575 -0.00105268 0)
(-0.0203811 -0.000883843 0)
(-0.00747555 -0.000614151 0)
(0.000443618 -0.000344048 0)
(0.00414956 -0.000137887 0)
(0.00494671 -7.76718e-06 0)
(0.00427601 5.40824e-05 0)
(0.00304555 7.10387e-05 0)
(0.00180084 6.30259e-05 0)
(0.000803519 4.59822e-05 0)
(0.000130061 2.7919e-05 0)
(-0.000252915 1.36992e-05 0)
(-0.000424298 3.84655e-06 0)
(-0.000463702 -2.12728e-06 0)
(-0.000430066 -5.53714e-06 0)
(-0.000364236 -6.63093e-06 0)
(-0.000290618 -6.58558e-06 0)
(-0.000222 -5.97998e-06 0)
(-0.00016386 -5.16716e-06 0)
(-0.00011765 -4.35216e-06 0)
(-8.25762e-05 -3.62614e-06 0)
(-5.68269e-05 -3.01846e-06 0)
(-3.83902e-05 -2.52875e-06 0)
(-2.54833e-05 -2.1393e-06 0)
(-1.64794e-05 -1.87916e-06 0)
(0.298675 -0.00460822 0)
(0.316583 -0.00166938 0)
(0.31978 0.000467623 0)
(0.313287 0.00167016 0)
(0.302077 0.00211395 0)
(0.289503 0.00220459 0)
(0.276274 0.00242766 0)
(0.260415 0.0031821 0)
(0.238207 0.00463963 0)
(0.205702 0.00669026 0)
(0.160403 0.00895439 0)
(0.102563 0.0108947 0)
(0.0359286 0.0119749 0)
(-0.0338351 0.0118455 0)
(-0.0993564 0.010431 0)
(-0.153157 0.0079781 0)
(-0.19073 0.00496578 0)
(-0.210548 0.00198453 0)
(-0.214362 -0.000440805 0)
(-0.206502 -0.0019676 0)
(-0.19265 -0.00253735 0)
(-0.177669 -0.00234831 0)
(-0.165458 -0.00179394 0)
(-0.157119 -0.00122638 0)
(-0.15091 -0.00100713 0)
(-0.144584 -0.0012902 0)
(-0.135195 -0.00203321 0)
(-0.120562 -0.00304387 0)
(-0.099795 -0.00407534 0)
(-0.0734661 -0.00491284 0)
(-0.0431323 -0.0054448 0)
(-0.0106957 -0.00567905 0)
(0.022356 -0.00570256 0)
(0.0551351 -0.00562245 0)
(0.087245 -0.00548369 0)
(0.118318 -0.00522973 0)
(0.14736 -0.00471269 0)
(0.172298 -0.00374625 0)
(0.19005 -0.00219049 0)
(0.197047 -5.10268e-05 0)
(0.190053 0.00246629 0)
(0.167619 0.00502462 0)
(0.131097 0.00717291 0)
(0.0838826 0.00844813 0)
(0.0330688 0.00854536 0)
(-0.0143689 0.00741046 0)
(-0.0522028 0.00524413 0)
(-0.074527 0.00256839 0)
(-0.0810941 -3.72321e-05 0)
(-0.0733914 -0.00199729 0)
(-0.0572415 -0.00302835 0)
(-0.0378531 -0.00315626 0)
(-0.0203356 -0.00264781 0)
(-0.00741376 -0.00183695 0)
(0.000500869 -0.00102529 0)
(0.00419143 -0.000406188 0)
(0.00497123 -1.59262e-05 0)
(0.00428614 0.000170852 0)
(0.00304637 0.000222866 0)
(0.00179696 0.000200694 0)
(0.000798186 0.000148991 0)
(0.000125008 9.40701e-05 0)
(-0.000257022 5.0539e-05 0)
(-0.000427455 2.02085e-05 0)
(-0.000466116 2.21454e-06 0)
(-0.000431917 -6.79851e-06 0)
(-0.000365689 -1.03143e-05 0)
(-0.000291875 -1.05698e-05 0)
(-0.000223168 -9.20607e-06 0)
(-0.000165005 -7.24774e-06 0)
(-0.000118805 -5.29093e-06 0)
(-8.37544e-05 -3.59741e-06 0)
(-5.80323e-05 -2.24758e-06 0)
(-3.96208e-05 -1.23111e-06 0)
(-2.67403e-05 -5.03423e-07 0)
(-1.77004e-05 1.34066e-08 0)
(0.299171 -0.00767365 0)
(0.316979 -0.00276968 0)
(0.320035 0.000793429 0)
(0.313405 0.00279461 0)
(0.302105 0.00352812 0)
(0.289515 0.00367218 0)
(0.276341 0.00403803 0)
(0.260585 0.00529267 0)
(0.238484 0.00772369 0)
(0.206047 0.0111472 0)
(0.160741 0.0149288 0)
(0.102808 0.0181707 0)
(0.0360083 0.0199766 0)
(-0.0339555 0.0197614 0)
(-0.0996631 0.0174007 0)
(-0.153591 0.0133053 0)
(-0.191206 0.00827592 0)
(-0.210975 0.00329912 0)
(-0.214671 -0.000747953 0)
(-0.206661 -0.00329349 0)
(-0.192672 -0.00424013 0)
(-0.177601 -0.00391943 0)
(-0.165362 -0.00298968 0)
(-0.157052 -0.00203872 0)
(-0.150914 -0.00167114 0)
(-0.144667 -0.00214349 0)
(-0.135336 -0.00338469 0)
(-0.120725 -0.00507284 0)
(-0.0999437 -0.00679512 0)
(-0.0735735 -0.00819258 0)
(-0.0431911 -0.00907909 0)
(-0.0107148 -0.00946819 0)
(0.0223596 -0.00950587 0)
(0.055148 -0.00937171 0)
(0.0872676 -0.00914129 0)
(0.118367 -0.00872022 0)
(0.147464 -0.00786123 0)
(0.172484 -0.00625254 0)
(0.190332 -0.00365975 0)
(0.197411 -9.08852e-05 0)
(0.190458 0.00410978 0)
(0.168001 0.00838195 0)
(0.131385 0.0119699 0)
(0.0840158 0.0140999 0)
(0.0330157 0.0142632 0)
(-0.0146027 0.0123669 0)
(-0.0525667 0.00874884 0)
(-0.0749382 0.00427998 0)
(-0.081463 -7.0369e-05 0)
(-0.0736474 -0.00334281 0)
(-0.0573562 -0.00506241 0)
(-0.0378421 -0.0052733 0)
(-0.0202419 -0.00442149 0)
(-0.00728737 -0.00306597 0)
(0.000618242 -0.00171006 0)
(0.00427804 -0.000677293 0)
(0.00502331 -2.71188e-05 0)
(0.00430963 0.00028297 0)
(0.00305135 0.000368279 0)
(0.00179237 0.000330187 0)
(0.000790398 0.000243195 0)
(0.000117746 0.000151528 0)
(-0.000262395 7.90529e-05 0)
(-0.000430834 2.86919e-05 0)
(-0.00046778 -1.41029e-06 0)
(-0.000432475 -1.65718e-05 0)
(-0.000365635 -2.2252e-05 0)
(-0.000291454 -2.24814e-05 0)
(-0.000222581 -2.00062e-05 0)
(-0.000164373 -1.65382e-05 0)
(-0.000118194 -1.30708e-05 0)
(-8.31897e-05 -1.00409e-05 0)
(-5.75185e-05 -7.5841e-06 0)
(-3.91535e-05 -5.68662e-06 0)
(-2.63042e-05 -4.27495e-06 0)
(-1.73141e-05 -3.25873e-06 0)
(0.299916 -0.0107289 0)
(0.317574 -0.00385096 0)
(0.320418 0.0011404 0)
(0.313582 0.00393562 0)
(0.302146 0.00494965 0)
(0.289531 0.00513657 0)
(0.276441 0.00563624 0)
(0.260838 0.0073869 0)
(0.238899 0.0107941 0)
(0.206565 0.0155991 0)
(0.16125 0.0209104 0)
(0.103177 0.025466 0)
(0.0361283 0.0280061 0)
(-0.0341365 0.0277054 0)
(-0.100124 0.0243936 0)
(-0.154244 0.018645 0)
(-0.191921 0.0115854 0)
(-0.211617 0.00460104 0)
(-0.215135 -0.001075 0)
(-0.2069 -0.00464061 0)
(-0.192703 -0.00595969 0)
(-0.177498 -0.00549886 0)
(-0.165216 -0.00418499 0)
(-0.156952 -0.00284309 0)
(-0.15092 -0.00232389 0)
(-0.144791 -0.0029864 0)
(-0.135549 -0.00473006 0)
(-0.120972 -0.00710126 0)
(-0.100167 -0.00951908 0)
(-0.0737349 -0.0114789 0)
(-0.0432791 -0.0127198 0)
(-0.0107431 -0.0132618 0)
(0.0223652 -0.0133113 0)
(0.0551673 -0.0131221 0)
(0.0873013 -0.0128013 0)
(0.11844 -0.0122163 0)
(0.147619 -0.0110195 0)
(0.172763 -0.00877153 0)
(0.190754 -0.00514175 0)
(0.197958 -0.000140981 0)
(0.191064 0.00575072 0)
(0.168575 0.0117453 0)
(0.131819 0.0167819 0)
(0.0842162 0.019774 0)
(0.0329359 0.0200054 0)
(-0.0149544 0.0173439 0)
(-0.0531135 0.0122667 0)
(-0.0755567 0.00599392 0)
(-0.0820178 -0.000111533 0)
(-0.0740323 -0.00470397 0)
(-0.0575285 -0.00711299 0)
(-0.0378253 -0.00740245 0)
(-0.020101 -0.00619984 0)
(-0.00709759 -0.00429267 0)
(0.000794194 -0.00238737 0)
(0.00440757 -0.000938834 0)
(0.00510068 -2.8951e-05 0)
(0.00434384 0.000403637 0)
(0.00305772 0.000521168 0)
(0.00178459 0.000466203 0)
(0.000778182 0.000343508 0)
(0.000106451 0.000214877 0)
(-0.000270817 0.000113372 0)
(-0.000436365 4.30031e-05 0)
(-0.000470967 1.21047e-06 0)
(-0.000433953 -2.03275e-05 0)
(-0.000366003 -2.82645e-05 0)
(-0.000291248 -2.85641e-05 0)
(-0.000222116 -2.50963e-05 0)
(-0.000163837 -2.02644e-05 0)
(-0.000117688 -1.54553e-05 0)
(-8.27542e-05 -1.12754e-05 0)
(-5.71627e-05 -7.91061e-06 0)
(-3.88716e-05 -5.3375e-06 0)
(-2.60928e-05 -3.45215e-06 0)
(-1.71795e-05 -2.10292e-06 0)
(0.300912 -0.0137698 0)
(0.318369 -0.00490549 0)
(0.320928 0.0015171 0)
(0.313815 0.00509984 0)
(0.302199 0.0063815 0)
(0.28955 0.00659646 0)
(0.276572 0.00721735 0)
(0.261176 0.00945811 0)
(0.239455 0.0138453 0)
(0.207259 0.0200439 0)
(0.161932 0.026902 0)
(0.103671 0.0327882 0)
(0.0362895 0.0360747 0)
(-0.0343783 0.0356888 0)
(-0.100741 0.0314192 0)
(-0.155118 0.0240024 0)
(-0.192878 0.0148939 0)
(-0.212476 0.00588514 0)
(-0.215755 -0.00143004 0)
(-0.207218 -0.00601758 0)
(-0.192744 -0.00770287 0)
(-0.177359 -0.00708996 0)
(-0.165021 -0.00537967 0)
(-0.156816 -0.00363626 0)
(-0.150927 -0.0029609 0)
(-0.144957 -0.00381477 0)
(-0.135833 -0.0060669 0)
(-0.121301 -0.00912901 0)
(-0.100466 -0.012249 0)
(-0.0739502 -0.0147747 0)
(-0.0433962 -0.0163697 0)
(-0.0107804 -0.0170617 0)
(0.0223731 -0.0171199 0)
(0.055193 -0.0168742 0)
(0.0873457 -0.0164647 0)
(0.118537 -0.0157205 0)
(0.147825 -0.0141916 0)
(0.173135 -0.0113087 0)
(0.191318 -0.00664233 0)
(0.198689 -0.000204909 0)
(0.191876 0.0073889 0)
(0.169343 0.0151205 0)
(0.132399 0.0216197 0)
(0.0844844 0.0254836 0)
(0.0328292 0.025786 0)
(-0.0154247 0.0223517 0)
(-0.0538449 0.015802 0)
(-0.076384 0.00770775 0)
(-0.0827597 -0.000168441 0)
(-0.0745467 -0.00609225 0)
(-0.0577581 -0.0091929 0)
(-0.0378019 -0.00955582 0)
(-0.0199118 -0.00799274 0)
(-0.00684336 -0.00552504 0)
(0.00102954 -0.00306342 0)
(0.00458042 -0.00119724 0)
(0.00520383 -2.88318e-05 0)
(0.00438951 0.00052555 0)
(0.00306632 0.000673424 0)
(0.00177425 0.000600386 0)
(0.000761738 0.000440653 0)
(9.1213e-05 0.000274304 0)
(-0.000282212 0.000143243 0)
(-0.000443767 5.26425e-05 0)
(-0.000475082 -1.05579e-06 0)
(-0.000435874 -2.80661e-05 0)
(-0.000366585 -3.81725e-05 0)
(-0.000291089 -3.85282e-05 0)
(-0.000221624 -3.40725e-05 0)
(-0.000163262 -2.78823e-05 0)
(-0.000117158 -2.17258e-05 0)
(-8.23198e-05 -1.63734e-05 0)
(-5.68338e-05 -1.20597e-05 0)
(-3.86394e-05 -8.75326e-06 0)
(-2.59312e-05 -6.31824e-06 0)
(-1.70861e-05 -4.56353e-06 0)
(0.302161 -0.016792 0)
(0.319365 -0.00592537 0)
(0.321565 0.00193218 0)
(0.314105 0.00629401 0)
(0.302262 0.0078267 0)
(0.28957 0.00805052 0)
(0.276733 0.00877631 0)
(0.261598 0.0114995 0)
(0.240152 0.0168716 0)
(0.20813 0.0244796 0)
(0.162789 0.0329065 0)
(0.104292 0.0401453 0)
(0.0364925 0.0441943 0)
(-0.0346814 0.0437226 0)
(-0.101514 0.0384872 0)
(-0.156215 0.0293825 0)
(-0.194079 0.0182013 0)
(-0.213552 0.00714619 0)
(-0.216531 -0.00182123 0)
(-0.207614 -0.00743311 0)
(-0.192792 -0.00947653 0)
(-0.177182 -0.00869606 0)
(-0.164774 -0.00657343 0)
(-0.156645 -0.00441494 0)
(-0.150936 -0.00357754 0)
(-0.145166 -0.00462438 0)
(-0.136191 -0.00739273 0)
(-0.121715 -0.0111559 0)
(-0.10084 -0.0149867 0)
(-0.0742198 -0.0180827 0)
(-0.0435421 -0.0200315 0)
(-0.0108261 -0.0208698 0)
(0.0223835 -0.0209324 0)
(0.0552252 -0.0206284 0)
(0.0874003 -0.0201325 0)
(0.118657 -0.019235 0)
(0.148081 -0.0173815 0)
(0.173599 -0.0138693 0)
(0.192023 -0.00816641 0)
(0.199603 -0.000284442 0)
(0.192893 0.00902315 0)
(0.170306 0.0185099 0)
(0.133127 0.0264894 0)
(0.0848215 0.031238 0)
(0.0326955 0.0316149 0)
(-0.0160147 0.0273994 0)
(-0.054763 0.019361 0)
(-0.0774218 0.0094236 0)
(-0.0836903 -0.000242966 0)
(-0.0751914 -0.00751217 0)
(-0.0580448 -0.0113064 0)
(-0.0377708 -0.0117352 0)
(-0.0196731 -0.00979856 0)
(-0.00652359 -0.00675819 0)
(0.00132487 -0.00373112 0)
(0.00479666 -0.00144383 0)
(0.00533246 -1.73355e-05 0)
(0.00444598 0.00065623 0)
(0.00307634 0.000831571 0)
(0.00176079 0.000737668 0)
(0.000740995 0.00053957 0)
(7.21615e-05 0.000335249 0)
(-0.000296375 0.000174865 0)
(-0.000453002 6.44424e-05 0)
(-0.000480273 -1.15361e-06 0)
(-0.000438233 -3.41142e-05 0)
(-0.000367209 -4.61537e-05 0)
(-0.000290775 -4.63259e-05 0)
(-0.000220888 -4.06745e-05 0)
(-0.000162414 -3.29596e-05 0)
(-0.000116361 -2.53261e-05 0)
(-8.16397e-05 -1.87033e-05 0)
(-5.62841e-05 -1.33711e-05 0)
(-3.82096e-05 -9.28621e-06 0)
(-2.56097e-05 -6.2795e-06 0)
(-1.68612e-05 -4.12162e-06 0)
(0.303665 -0.019791 0)
(0.320563 -0.00690253 0)
(0.322329 0.00239443 0)
(0.314448 0.00752488 0)
(0.302331 0.00928833 0)
(0.289589 0.00949741 0)
(0.276924 0.010308 0)
(0.262104 0.0135042 0)
(0.240991 0.0198672 0)
(0.209181 0.0289038 0)
(0.163823 0.0389268 0)
(0.105043 0.0475452 0)
(0.0367385 0.0523778 0)
(-0.0350463 0.051817 0)
(-0.102447 0.0456071 0)
(-0.157537 0.0347906 0)
(-0.195527 0.021507 0)
(-0.214849 0.00837886 0)
(-0.217465 -0.00225688 0)
(-0.208089 -0.00889605 0)
(-0.192847 -0.0112876 0)
(-0.176965 -0.0103205 0)
(-0.164473 -0.0077659 0)
(-0.156436 -0.00517572 0)
(-0.150946 -0.00416914 0)
(-0.145418 -0.00541093 0)
(-0.136623 -0.00870501 0)
(-0.122215 -0.0131818 0)
(-0.101292 -0.017734 0)
(-0.0745438 -0.0214056 0)
(-0.0437165 -0.0237077 0)
(-0.0108799 -0.0246879 0)
(0.0223972 -0.0247497 0)
(0.0552637 -0.024385 0)
(0.0874647 -0.0238055 0)
(0.118799 -0.0227621 0)
(0.148386 -0.0205933 0)
(0.174155 -0.0164585 0)
(0.19287 -0.00971972 0)
(0.200704 -0.000384258 0)
(0.194119 0.0106523 0)
(0.171467 0.021917 0)
(0.134006 0.0313987 0)
(0.0852286 0.0370474 0)
(0.0325345 0.0375037 0)
(-0.0167264 0.0324955 0)
(-0.0558697 0.0229482 0)
(-0.0786733 0.0111409 0)
(-0.0848121 -0.000341072 0)
(-0.0759678 -0.00897332 0)
(-0.0583886 -0.0134643 0)
(-0.037731 -0.0139504 0)
(-0.0193833 -0.0116246 0)
(-0.00613699 -0.00799697 0)
(0.00168099 -0.00439345 0)
(0.0050566 -0.00168128 0)
(0.00548655 3.00684e-06 0)
(0.0045133 0.000792829 0)
(0.00308794 0.000992899 0)
(0.0017443 0.000876237 0)
(0.000715842 0.000638174 0)
(4.91644e-05 0.00039505 0)
(-0.000313437 0.000204786 0)
(-0.000464062 7.42959e-05 0)
(-0.000486446 -2.71554e-06 0)
(-0.000441062 -4.12924e-05 0)
(-0.000367993 -5.53239e-05 0)
(-0.000290457 -5.54244e-05 0)
(-0.000220083 -4.87172e-05 0)
(-0.000161492 -3.96328e-05 0)
(-0.000115514 -3.06764e-05 0)
(-8.09414e-05 -2.2927e-05 0)
(-5.5748e-05 -1.67045e-05 0)
(-3.78217e-05 -1.19508e-05 0)
(-2.53357e-05 -8.46161e-06 0)
(-1.66896e-05 -5.95202e-06 0)
(0.305428 -0.022762 0)
(0.321965 -0.00782869 0)
(0.32322 0.00291275 0)
(0.314844 0.00879932 0)
(0.302405 0.0107696 0)
(0.289604 0.0109358 0)
(0.277141 0.011807 0)
(0.262694 0.015465 0)
(0.241974 0.022826 0)
(0.210414 0.0333143 0)
(0.165039 0.0449657 0)
(0.105928 0.0549959 0)
(0.0370287 0.0606372 0)
(-0.0354739 0.0599839 0)
(-0.10354 0.0527889 0)
(-0.159089 0.0402319 0)
(-0.197226 0.0248109 0)
(-0.21637 0.00957769 0)
(-0.218557 -0.00274544 0)
(-0.208642 -0.0104154 0)
(-0.192905 -0.0131433 0)
(-0.176706 -0.0119667 0)
(-0.164116 -0.0089566 0)
(-0.156189 -0.00591513 0)
(-0.150957 -0.00473094 0)
(-0.145714 -0.00617007 0)
(-0.137131 -0.0100012 0)
(-0.122802 -0.0152066 0)
(-0.101821 -0.0204928 0)
(-0.0749226 -0.0247465 0)
(-0.0439191 -0.0274013 0)
(-0.0109407 -0.0285178 0)
(0.0224144 -0.0285725 0)
(0.0553087 -0.0281444 0)
(0.0875381 -0.0274846 0)
(0.118961 -0.026304 0)
(0.148739 -0.0238309 0)
(0.174802 -0.0190819 0)
(0.193859 -0.0113078 0)
(0.201991 -0.000510186 0)
(0.195554 0.0122762 0)
(0.172829 0.025345 0)
(0.135038 0.0363549 0)
(0.085707 0.0429226 0)
(0.032346 0.0434621 0)
(-0.0175614 0.0376497 0)
(-0.0571682 0.0265696 0)
(-0.0801418 0.0128598 0)
(-0.0861279 -0.000466492 0)
(-0.0768772 -0.0104821 0)
(-0.0587891 -0.0156728 0)
(-0.0376811 -0.0162051 0)
(-0.0190405 -0.0134711 0)
(-0.00568193 -0.00923867 0)
(0.00209883 -0.00504554 0)
(0.00536038 -0.00190421 0)
(0.00566579 3.65818e-05 0)
(0.00459078 0.000939646 0)
(0.00310044 0.00116035 0)
(0.0017243 0.00101739 0)
(0.000686109 0.000737247 0)
(2.21942e-05 0.000454631 0)
(-0.000333359 0.000234276 0)
(-0.000476928 8.39487e-05 0)
(-0.0004936 -4.47464e-06 0)
(-0.000444299 -4.84674e-05 0)
(-0.000368839 -6.42135e-05 0)
(-0.000290014 -6.39802e-05 0)
(-0.000219067 -5.59799e-05 0)
(-0.000160334 -4.53194e-05 0)
(-0.000114435 -3.48575e-05 0)
(-8.00287e-05 -2.58181e-05 0)
(-5.50185e-05 -1.85587e-05 0)
(-3.72592e-05 -1.30063e-05 0)
(-2.4918e-05 -8.91908e-06 0)
(-1.63919e-05 -5.98561e-06 0)
(0.307453 -0.0256998 0)
(0.323572 -0.00869529 0)
(0.324236 0.00349621 0)
(0.315289 0.0101242 0)
(0.30248 0.0122737 0)
(0.289612 0.0123642 0)
(0.277383 0.0132679 0)
(0.263368 0.0173746 0)
(0.243103 0.0257418 0)
(0.211834 0.0377086 0)
(0.166441 0.0510261 0)
(0.106949 0.0625053 0)
(0.0373646 0.0689823 0)
(-0.035965 0.0682374 0)
(-0.104797 0.0600427 0)
(-0.160874 0.0457118 0)
(-0.199179 0.0281124 0)
(-0.218116 0.0107371 0)
(-0.21981 -0.00329555 0)
(-0.209273 -0.0120004 0)
(-0.192966 -0.0150507 0)
(-0.1764 -0.0136379 0)
(-0.1637 -0.010145 0)
(-0.155901 -0.00662956 0)
(-0.150968 -0.00525807 0)
(-0.146055 -0.00689734 0)
(-0.137716 -0.0112786 0)
(-0.123478 -0.0172302 0)
(-0.10243 -0.0232651 0)
(-0.0753565 -0.0281083 0)
(-0.0441493 -0.031115 0)
(-0.0110079 -0.0323615 0)
(0.0224358 -0.0324015 0)
(0.0553601 -0.0319067 0)
(0.0876197 -0.0311705 0)
(0.119143 -0.0298628 0)
(0.149139 -0.0270985 0)
(0.17554 -0.0217449 0)
(0.194991 -0.0129359 0)
(0.203467 -0.000665165 0)
(0.197204 0.0138918 0)
(0.174395 0.0287969 0)
(0.136225 0.041365 0)
(0.0862584 0.0488731 0)
(0.0321297 0.0495029 0)
(-0.0185218 0.0428704 0)
(-0.0586624 0.0302299 0)
(-0.0818307 0.0145814 0)
(-0.0876407 -0.000624092 0)
(-0.0779213 -0.0120471 0)
(-0.0592461 -0.0179415 0)
(-0.0376193 -0.018508 0)
(-0.0186428 -0.0153443 0)
(-0.00515664 -0.0104866 0)
(0.00257947 -0.00568836 0)
(0.00570823 -0.00211338 0)
(0.00587001 8.25216e-05 0)
(0.00467831 0.00109614 0)
(0.00311366 0.00133353 0)
(0.00170062 0.00116097 0)
(0.000651645 0.000836531 0)
(-8.82524e-06 0.000513556 0)
(-0.000356177 0.000262797 0)
(-0.00049159 9.26652e-05 0)
(-0.000501713 -6.92617e-06 0)
(-0.00044795 -5.61696e-05 0)
(-0.000369782 -7.3554e-05 0)
(-0.000289508 -7.29821e-05 0)
(-0.000217932 -6.37456e-05 0)
(-0.000159057 -5.16143e-05 0)
(-0.000113265 -3.97772e-05 0)
(-7.90621e-05 -2.95897e-05 0)
(-5.42708e-05 -2.14376e-05 0)
(-3.67102e-05 -1.52255e-05 0)
(-2.45262e-05 -1.06729e-05 0)
(-1.61343e-05 -7.40463e-06 0)
(0.309743 -0.0285989 0)
(0.325386 -0.00949361 0)
(0.325377 0.00415399 0)
(0.315781 0.0115067 0)
(0.302551 0.0138041 0)
(0.289608 0.0137812 0)
(0.277646 0.0146851 0)
(0.264124 0.0192254 0)
(0.24438 0.0286081 0)
(0.213445 0.042084 0)
(0.168034 0.0571109 0)
(0.108111 0.0700819 0)
(0.037748 0.0774243 0)
(-0.0365203 0.076591 0)
(-0.10622 0.067379 0)
(-0.162898 0.0512357 0)
(-0.201393 0.031411 0)
(-0.220094 0.0118513 0)
(-0.221224 -0.0039161 0)
(-0.20998 -0.0136606 0)
(-0.193026 -0.0170174 0)
(-0.176045 -0.0153375 0)
(-0.163221 -0.0113304 0)
(-0.155571 -0.00731528 0)
(-0.150979 -0.00574555 0)
(-0.146442 -0.00758822 0)
(-0.13838 -0.0125346 0)
(-0.124244 -0.0192525 0)
(-0.103119 -0.0260529 0)
(-0.0758459 -0.0314941 0)
(-0.0444067 -0.0348517 0)
(-0.0110805 -0.0362208 0)
(0.0224623 -0.0362375 0)
(0.0554178 -0.0356721 0)
(0.0877086 -0.0348637 0)
(0.119343 -0.0334408 0)
(0.149584 -0.0304001 0)
(0.176367 -0.0244532 0)
(0.196267 -0.0146107 0)
(0.205135 -0.000850121 0)
(0.19907 0.0154994 0)
(0.17617 0.0322766 0)
(0.137571 0.0464377 0)
(0.0868849 0.0549113 0)
(0.0318851 0.0556392 0)
(-0.0196104 0.0481679 0)
(-0.0603551 0.0339358 0)
(-0.0837452 0.0163048 0)
(-0.0893545 -0.000819256 0)
(-0.079102 -0.0136766 0)
(-0.0597594 -0.0202786 0)
(-0.0375438 -0.0208641 0)
(-0.0181874 -0.0172448 0)
(-0.0045588 -0.0117388 0)
(0.00312415 -0.00631794 0)
(0.00610036 -0.00230383 0)
(0.00609892 0.000145359 0)
(0.00477528 0.00126501 0)
(0.00312696 0.00151387 0)
(0.0016728 0.00130746 0)
(0.000612245 0.000936035 0)
(-4.39542e-05 0.000571771 0)
(-0.000381888 0.000290278 0)
(-0.000508028 0.000100489 0)
(-0.000510761 -1.00444e-05 0)
(-0.000451981 -6.42725e-05 0)
(-0.000370777 -8.30534e-05 0)
(-0.000288883 -8.19338e-05 0)
(-0.000216604 -7.12834e-05 0)
(-0.00015757 -5.75299e-05 0)
(-0.000111895 -4.41786e-05 0)
(-7.79141e-05 -3.27096e-05 0)
(-5.33623e-05 -2.3535e-05 0)
(-3.6018e-05 -1.6538e-05 0)
(-2.40163e-05 -1.13964e-05 0)
(-1.57708e-05 -7.71085e-06 0)
(0.312305 -0.0314532 0)
(0.32741 -0.0102147 0)
(0.326643 0.00489535 0)
(0.316317 0.0129541 0)
(0.302615 0.0153645 0)
(0.289587 0.0151852 0)
(0.277928 0.0160525 0)
(0.264963 0.0210094 0)
(0.245808 0.0314181 0)
(0.215251 0.0464379 0)
(0.169822 0.063223 0)
(0.109419 0.0777338 0)
(0.0381812 0.0859755 0)
(-0.0371409 0.0850576 0)
(-0.107814 0.0748084 0)
(-0.165165 0.0568091 0)
(-0.203873 0.0347063 0)
(-0.222306 0.0129143 0)
(-0.222803 -0.00461619 0)
(-0.210763 -0.0154055 0)
(-0.193081 -0.0190508 0)
(-0.175637 -0.0170689 0)
(-0.162677 -0.0125123 0)
(-0.155196 -0.00796838 0)
(-0.15099 -0.00618829 0)
(-0.146876 -0.00823802 0)
(-0.139127 -0.0137664 0)
(-0.125105 -0.0212735 0)
(-0.103891 -0.0288584 0)
(-0.0763913 -0.0349072 0)
(-0.0446907 -0.0386145 0)
(-0.0111573 -0.0400976 0)
(0.0224947 -0.040081 0)
(0.055482 -0.0394406 0)
(0.0878037 -0.038565 0)
(0.119558 -0.0370401 0)
(0.150072 -0.0337398 0)
(0.177283 -0.0272123 0)
(0.197686 -0.0163371 0)
(0.206996 -0.00107373 0)
(0.201156 0.0170976 0)
(0.178158 0.0357858 0)
(0.139081 0.0515781 0)
(0.0875884 0.0610451 0)
(0.0316118 0.0618793 0)
(-0.0208301 0.0535499 0)
(-0.0622522 0.0376913 0)
(-0.0858896 0.0180309 0)
(-0.0912734 -0.00105551 0)
(-0.0804214 -0.0153777 0)
(-0.0603283 -0.0226921 0)
(-0.0374521 -0.0232811 0)
(-0.0176717 -0.019179 0)
(-0.0038861 -0.0129982 0)
(0.00373425 -0.00693491 0)
(0.00653692 -0.00247554 0)
(0.00635209 0.000225437 0)
(0.00488122 0.00144675 0)
(0.00313991 0.00170192 0)
(0.00164049 0.00145709 0)
(0.000567696 0.00103586 0)
(-8.32779e-05 0.000629287 0)
(-0.000410516 0.000316609 0)
(-0.000526219 0.000107269 0)
(-0.000520711 -1.39393e-05 0)
(-0.000456369 -7.28866e-05 0)
(-0.000371818 -9.28776e-05 0)
(-0.000288151 -9.11065e-05 0)
(-0.000215118 -7.90152e-05 0)
(-0.000155931 -6.36746e-05 0)
(-0.000110403 -4.88831e-05 0)
(-7.66819e-05 -3.62328e-05 0)
(-5.24062e-05 -2.61513e-05 0)
(-3.53106e-05 -1.84913e-05 0)
(-2.35084e-05 -1.28866e-05 0)
(-1.54272e-05 -8.87204e-06 0)
(0.315143 -0.0342556 0)
(0.329647 -0.0108493 0)
(0.328033 0.00572965 0)
(0.316894 0.0144738 0)
(0.302666 0.0169586 0)
(0.289546 0.0165746 0)
(0.278224 0.0173641 0)
(0.265884 0.0227185 0)
(0.24739 0.0341645 0)
(0.217259 0.0507672 0)
(0.171813 0.0693653 0)
(0.110878 0.0854698 0)
(0.0386665 0.0946489 0)
(-0.0378277 0.0936502 0)
(-0.109583 0.0823419 0)
(-0.167682 0.0624378 0)
(-0.206624 0.0379978 0)
(-0.224758 0.0139199 0)
(-0.224547 -0.00540532 0)
(-0.211622 -0.0172453 0)
(-0.19313 -0.0211589 0)
(-0.175172 -0.0188355 0)
(-0.162063 -0.0136907 0)
(-0.154773 -0.00858479 0)
(-0.151001 -0.00658103 0)
(-0.147359 -0.00884195 0)
(-0.139958 -0.0149712 0)
(-0.126061 -0.0232933 0)
(-0.104746 -0.0316841 0)
(-0.0769931 -0.038351 0)
(-0.0450004 -0.0424064 0)
(-0.0112371 -0.0439938 0)
(0.022534 -0.0439327 0)
(0.0555526 -0.043212 0)
(0.087904 -0.0422746 0)
(0.119788 -0.0406627 0)
(0.150602 -0.0371222 0)
(0.178287 -0.0300288 0)
(0.19925 -0.0181227 0)
(0.209052 -0.00134258 0)
(0.203467 0.0186832 0)
(0.180364 0.0393312 0)
(0.140757 0.0568 0)
(0.0883717 0.067292 0)
(0.0313095 0.0682414 0)
(-0.0221838 0.0590315 0)
(-0.0643572 0.0415054 0)
(-0.0882702 0.0197602 0)
(-0.0934021 -0.00134064 0)
(-0.0818822 -0.0171622 0)
(-0.0609529 -0.025194 0)
(-0.0373422 -0.0257663 0)
(-0.0170925 -0.0211477 0)
(-0.00313577 -0.0142584 0)
(0.00441138 -0.00753762 0)
(0.00701839 -0.00262418 0)
(0.00662936 0.000326776 0)
(0.00499556 0.0016436 0)
(0.00315182 0.00189854 0)
(0.00160321 0.00160994 0)
(0.000517771 0.00113574 0)
(-0.00012688 0.000685824 0)
(-0.000442077 0.000341645 0)
(-0.000546141 0.000112864 0)
(-0.000531533 -1.86886e-05 0)
(-0.000461083 -8.20479e-05 0)
(-0.000372878 -0.000103007 0)
(-0.000287285 -0.000100393 0)
(-0.000213441 -8.67154e-05 0)
(-0.000154096 -6.96778e-05 0)
(-0.000108731 -5.33504e-05 0)
(-7.52931e-05 -3.9425e-05 0)
(-5.13166e-05 -2.83392e-05 0)
(-3.44885e-05 -1.99151e-05 0)
(-2.29071e-05 -1.374e-05 0)
(-1.50008e-05 -9.32165e-06 0)
(0.318262 -0.036998 0)
(0.332098 -0.0113878 0)
(0.329546 0.00666602 0)
(0.317507 0.0160738 0)
(0.302699 0.0185905 0)
(0.289477 0.0179478 0)
(0.278533 0.0186133 0)
(0.266887 0.0243439 0)
(0.249129 0.0368399 0)
(0.219473 0.0550689 0)
(0.174014 0.0755409 0)
(0.112494 0.093299 0)
(0.0392068 0.103458 0)
(-0.0385818 0.102383 0)
(-0.11153 0.0899913 0)
(-0.170457 0.0681277 0)
(-0.209656 0.0412847 0)
(-0.227456 0.0148617 0)
(-0.226459 -0.00629274 0)
(-0.212554 -0.0191901 0)
(-0.193168 -0.0233495 0)
(-0.174643 -0.0206403 0)
(-0.161374 -0.0148656 0)
(-0.1543 -0.00916031 0)
(-0.151009 -0.00691862 0)
(-0.147892 -0.00939522 0)
(-0.140876 -0.0161459 0)
(-0.127117 -0.0253118 0)
(-0.105688 -0.034532 0)
(-0.0776518 -0.0418287 0)
(-0.0453352 -0.0462302 0)
(-0.0113184 -0.0479113 0)
(0.0225814 -0.0477927 0)
(0.0556296 -0.0469861 0)
(0.088008 -0.0459929 0)
(0.12003 -0.0443104 0)
(0.15117 -0.0405507 0)
(0.179377 -0.0329072 0)
(0.20096 -0.0199716 0)
(0.211307 -0.00165194 0)
(0.206008 0.0202551 0)
(0.182795 0.0429086 0)
(0.142606 0.0620978 0)
(0.0892371 0.0736481 0)
(0.0309771 0.074722 0)
(-0.0236762 0.0646102 0)
(-0.0666768 0.0453772 0)
(-0.0908937 0.0214907 0)
(-0.0957463 -0.00167626 0)
(-0.0834867 -0.019033 0)
(-0.0616321 -0.0277872 0)
(-0.0372106 -0.0283235 0)
(-0.0164456 -0.0231557 0)
(-0.0023051 -0.0155216 0)
(0.00515668 -0.00813013 0)
(0.00754517 -0.00275043 0)
(0.00693009 0.000448996 0)
(0.00511747 0.00185574 0)
(0.00316205 0.00210434 0)
(0.00156047 0.00176644 0)
(0.000462215 0.00123579 0)
(-0.000174834 0.000741369 0)
(-0.00047658 0.000365209 0)
(-0.000567766 0.000117213 0)
(-0.000543185 -2.43744e-05 0)
(-0.000466091 -9.18082e-05 0)
(-0.000373934 -0.000113479 0)
(-0.000286273 -0.000109845 0)
(-0.000211577 -9.4498e-05 0)
(-0.000152084 -7.57513e-05 0)
(-0.000106915 -5.79198e-05 0)
(-7.37981e-05 -4.27824e-05 0)
(-5.01567e-05 -3.07778e-05 0)
(-3.36273e-05 -2.16887e-05 0)
(-2.2287e-05 -1.50532e-05 0)
(-1.45742e-05 -1.03126e-05 0)
(0.321669 -0.0396703 0)
(0.334766 -0.0118179 0)
(0.33118 0.00771588 0)
(0.318152 0.0177635 0)
(0.302708 0.0202647 0)
(0.289374 0.0193032 0)
(0.278847 0.0197931 0)
(0.267972 0.0258764 0)
(0.251029 0.0394361 0)
(0.221901 0.0593396 0)
(0.176432 0.0817539 0)
(0.114274 0.101233 0)
(0.0398049 0.112421 0)
(-0.0394044 0.111273 0)
(-0.113661 0.0977717 0)
(-0.173495 0.0738868 0)
(-0.212974 0.0445666 0)
(-0.230404 0.0157323 0)
(-0.228542 -0.00729179 0)
(-0.213559 -0.0212532 0)
(-0.19319 -0.0256329 0)
(-0.174046 -0.0224875 0)
(-0.160605 -0.0160366 0)
(-0.153773 -0.00968972 0)
(-0.151016 -0.00719405 0)
(-0.148476 -0.00989147 0)
(-0.141885 -0.0172872 0)
(-0.128276 -0.027329 0)
(-0.106718 -0.0374047 0)
(-0.0783681 -0.0453438 0)
(-0.045694 -0.0500889 0)
(-0.0113998 -0.0518509 0)
(0.0226383 -0.0516598 0)
(0.0557131 -0.0507603 0)
(0.0881144 -0.049718 0)
(0.12028 -0.0479839 0)
(0.151775 -0.0440298 0)
(0.180552 -0.0358562 0)
(0.202817 -0.0218947 0)
(0.213763 -0.00201446 0)
(0.208782 0.0218144 0)
(0.185454 0.0465393 0)
(0.144632 0.0675146 0)
(0.0901875 0.080169 0)
(0.0306152 0.0813826 0)
(-0.0253085 0.0703287 0)
(-0.069215 0.0493317 0)
(-0.0937658 0.0232293 0)
(-0.098311 -0.00207213 0)
(-0.0852381 -0.0210093 0)
(-0.0623661 -0.0304926 0)
(-0.0370554 -0.0309676 0)
(-0.0157276 -0.0252085 0)
(-0.00139121 -0.0167869 0)
(0.00597201 -0.00870185 0)
(0.00811819 -0.00284571 0)
(0.00725418 0.000599059 0)
(0.00524647 0.00208728 0)
(0.00316993 0.00232101 0)
(0.00151171 0.0019265 0)
(0.000400748 0.00133569 0)
(-0.000227254 0.000795663 0)
(-0.000514044 0.000386932 0)
(-0.000591061 0.000119994 0)
(-0.000555634 -3.11114e-05 0)
(-0.000471357 -0.000102222 0)
(-0.000374958 -0.000124315 0)
(-0.000285096 -0.000119459 0)
(-0.00020951 -0.000102319 0)
(-0.000149878 -8.17796e-05 0)
(-0.00010493 -6.23763e-05 0)
(-7.21636e-05 -4.59632e-05 0)
(-4.88845e-05 -3.2971e-05 0)
(-3.26755e-05 -2.314e-05 0)
(-2.15954e-05 -1.59553e-05 0)
(-1.40867e-05 -1.08262e-05 0)
(0.324142 -0.0414367 0)
(0.336697 -0.0120423 0)
(0.332355 0.00849692 0)
(0.318605 0.0189637 0)
(0.302696 0.0214247 0)
(0.289282 0.020209 0)
(0.279062 0.0205487 0)
(0.268751 0.0268563 0)
(0.252407 0.0411443 0)
(0.223669 0.0622109 0)
(0.178196 0.0859814 0)
(0.115575 0.106666 0)
(0.0402446 0.118579 0)
(-0.0400005 0.117386 0)
(-0.115211 0.103116 0)
(-0.175706 0.077826 0)
(-0.215388 0.0467841 0)
(-0.232546 0.016277 0)
(-0.230051 -0.00803836 0)
(-0.214282 -0.022724 0)
(-0.193194 -0.0272368 0)
(-0.1736 -0.0237643 0)
(-0.160037 -0.0168262 0)
(-0.153383 -0.0100188 0)
(-0.151019 -0.00734116 0)
(-0.148902 -0.0101918 0)
(-0.142621 -0.0180395 0)
(-0.12912 -0.0286947 0)
(-0.107466 -0.0393665 0)
(-0.0788864 -0.0477487 0)
(-0.0459507 -0.0527246 0)
(-0.0114543 -0.0545332 0)
(0.0226826 -0.0542835 0)
(0.0557733 -0.053317 0)
(0.0881867 -0.052246 0)
(0.120453 -0.0504895 0)
(0.152202 -0.0464198 0)
(0.181393 -0.0378993 0)
(0.204154 -0.0232446 0)
(0.215539 -0.00229748 0)
(0.210794 0.0228599 0)
(0.18739 0.0490157 0)
(0.146113 0.0712254 0)
(0.0908951 0.0846456 0)
(0.0303698 0.0859626 0)
(-0.0264844 0.074259 0)
(-0.0710614 0.0520436 0)
(-0.0958692 0.0244013 0)
(-0.100195 -0.00238283 0)
(-0.0865242 -0.0224147 0)
(-0.0629012 -0.0323925 0)
(-0.0369341 -0.0328088 0)
(-0.0151921 -0.0266237 0)
(-0.000714962 -0.0176447 0)
(0.00657175 -0.00907708 0)
(0.00853699 -0.0028935 0)
(0.00748849 0.000715613 0)
(0.00533765 0.00225409 0)
(0.00317291 0.00247287 0)
(0.00147417 0.0020364 0)
(0.000354955 0.00140307 0)
(-0.00026582 0.000831707 0)
(-0.000541424 0.000400731 0)
(-0.000607923 0.000121056 0)
(-0.000564552 -3.6185e-05 0)
(-0.000475068 -0.000109588 0)
(-0.00037561 -0.000131827 0)
(-0.000284176 -0.000126045 0)
(-0.000207968 -0.000107638 0)
(-0.000148254 -8.58659e-05 0)
(-0.000103478 -6.54078e-05 0)
(-7.09747e-05 -4.81594e-05 0)
(-4.79641e-05 -3.45403e-05 0)
(-3.19916e-05 -2.42594e-05 0)
(-2.11024e-05 -1.67654e-05 0)
(-1.37417e-05 -1.14231e-05 0)
(0.32549 -0.0423438 0)
(0.337747 -0.0121373 0)
(0.332991 0.00892674 0)
(0.318847 0.0196097 0)
(0.302684 0.0220403 0)
(0.289226 0.0206791 0)
(0.279174 0.0209294 0)
(0.269174 0.0273492 0)
(0.253159 0.0420207 0)
(0.224635 0.0637054 0)
(0.179161 0.0881989 0)
(0.116288 0.109527 0)
(0.0404862 0.121828 0)
(-0.0403257 0.120613 0)
(-0.116057 0.105936 0)
(-0.176915 0.0798993 0)
(-0.216706 0.0479426 0)
(-0.233715 0.0165475 0)
(-0.230872 -0.00845035 0)
(-0.214672 -0.0235169 0)
(-0.193192 -0.0280945 0)
(-0.173352 -0.0244404 0)
(-0.159723 -0.0172387 0)
(-0.153168 -0.0101816 0)
(-0.151021 -0.00740612 0)
(-0.149135 -0.0103375 0)
(-0.143024 -0.018426 0)
(-0.129582 -0.0294091 0)
(-0.107875 -0.0403986 0)
(-0.079168 -0.0490159 0)
(-0.0460888 -0.0541128 0)
(-0.0114819 -0.0559436 0)
(0.0227081 -0.0556605 0)
(0.0558061 -0.0546575 0)
(0.0882245 -0.0535728 0)
(0.120545 -0.0518079 0)
(0.152433 -0.0476819 0)
(0.181849 -0.0389825 0)
(0.204882 -0.0239643 0)
(0.216508 -0.00245442 0)
(0.211896 0.0234028 0)
(0.188452 0.0503204 0)
(0.146925 0.0731886 0)
(0.0912748 0.0870189 0)
(0.0302201 0.0883918 0)
(-0.0271426 0.0763413 0)
(-0.0720772 0.0534797 0)
(-0.0970133 0.0250192 0)
(-0.101213 -0.00255451 0)
(-0.0872166 -0.0231705 0)
(-0.0631863 -0.0334104 0)
(-0.0368648 -0.0337917 0)
(-0.0149004 -0.0273747 0)
(-0.000348864 -0.018095 0)
(0.00689526 -0.00926926 0)
(0.00876222 -0.00291181 0)
(0.00761394 0.00078248 0)
(0.00538598 0.00234551 0)
(0.00317394 0.00255481 0)
(0.00145362 0.00209491 0)
(0.000330192 0.00143835 0)
(-0.00028657 0.000850306 0)
(-0.000556117 0.000407576 0)
(-0.000616941 0.000121309 0)
(-0.000569304 -3.91018e-05 0)
(-0.000477032 -0.000113611 0)
(-0.000375941 -0.000135852 0)
(-0.00028367 -0.000129532 0)
(-0.000207134 -0.000110433 0)
(-0.000147379 -8.79989e-05 0)
(-0.000102698 -6.69767e-05 0)
(-7.03363e-05 -4.92779e-05 0)
(-4.74698e-05 -3.5315e-05 0)
(-3.16236e-05 -2.47792e-05 0)
(-2.08362e-05 -1.7099e-05 0)
(-1.35546e-05 -1.16251e-05 0)
(0.326875 -0.0432391 0)
(0.338826 -0.012217 0)
(0.333642 0.00937178 0)
(0.319092 0.0202689 0)
(0.302666 0.0226623 0)
(0.289163 0.0211463 0)
(0.279285 0.0212996 0)
(0.269606 0.027828 0)
(0.253932 0.042885 0)
(0.22563 0.0651951 0)
(0.180155 0.0904213 0)
(0.117023 0.112402 0)
(0.0407358 0.125098 0)
(-0.0406595 0.123864 0)
(-0.116928 0.108775 0)
(-0.178158 0.0819822 0)
(-0.218062 0.0491001 0)
(-0.234916 0.0168075 0)
(-0.231715 -0.00887776 0)
(-0.215071 -0.0243262 0)
(-0.193186 -0.028965 0)
(-0.173094 -0.0251221 0)
(-0.159398 -0.0176508 0)
(-0.152946 -0.0103377 0)
(-0.151021 -0.00746256 0)
(-0.149375 -0.0104752 0)
(-0.143439 -0.0188077 0)
(-0.130057 -0.0301233 0)
(-0.108295 -0.0414339 0)
(-0.0794569 -0.0502876 0)
(-0.0462295 -0.0555047 0)
(-0.0115091 -0.0573559 0)
(0.0227351 -0.057037 0)
(0.0558397 -0.0559965 0)
(0.0882622 -0.0548988 0)
(0.120637 -0.0531281 0)
(0.152666 -0.0489492 0)
(0.182315 -0.0400742 0)
(0.205629 -0.0246943 0)
(0.217503 -0.00261561 0)
(0.213026 0.0239426 0)
(0.189541 0.051626 0)
(0.147756 0.0751564 0)
(0.0916656 0.0893992 0)
(0.0300706 0.0908321 0)
(-0.027813 0.0784307 0)
(-0.073116 0.0549196 0)
(-0.098189 0.0256333 0)
(-0.102261 -0.00273443 0)
(-0.0879284 -0.0239371 0)
(-0.0634783 -0.0344387 0)
(-0.0367917 -0.0347819 0)
(-0.0145985 -0.0281298 0)
(2.85669e-05 -0.0185461 0)
(0.00722794 -0.00946042 0)
(0.00899319 -0.00292885 0)
(0.00774205 0.000851137 0)
(0.00543493 0.00243859 0)
(0.00317445 0.00263789 0)
(0.00143217 0.00215384 0)
(0.000304624 0.00147368 0)
(-0.0003079 0.000868715 0)
(-0.000571185 0.00041419 0)
(-0.000626158 0.000121363 0)
(-0.000574143 -4.21642e-05 0)
(-0.000479017 -0.000117726 0)
(-0.00037626 -0.000139927 0)
(-0.000283138 -0.000133041 0)
(-0.000206272 -0.000113234 0)
(-0.00014648 -9.01305e-05 0)
(-0.000101897 -6.8542e-05 0)
(-6.96822e-05 -5.03979e-05 0)
(-4.6964e-05 -3.61026e-05 0)
(-3.1248e-05 -2.53283e-05 0)
(-2.05654e-05 -1.74829e-05 0)
(-1.33656e-05 -1.18966e-05 0)
(0.328299 -0.0441216 0)
(0.339932 -0.0122801 0)
(0.334309 0.00983328 0)
(0.319339 0.0209421 0)
(0.302643 0.023291 0)
(0.289094 0.0216106 0)
(0.279396 0.0216589 0)
(0.270048 0.0282922 0)
(0.254726 0.0437369 0)
(0.226654 0.06668 0)
(0.18118 0.09265 0)
(0.11778 0.115295 0)
(0.0409938 0.128391 0)
(-0.0410024 0.127141 0)
(-0.117823 0.111635 0)
(-0.179436 0.0840763 0)
(-0.219457 0.0502569 0)
(-0.236151 0.0170565 0)
(-0.232581 -0.00932215 0)
(-0.215479 -0.0251535 0)
(-0.193177 -0.0298495 0)
(-0.172826 -0.0258097 0)
(-0.159061 -0.0180623 0)
(-0.152716 -0.0104865 0)
(-0.151022 -0.00750962 0)
(-0.149622 -0.0106044 0)
(-0.143866 -0.0191841 0)
(-0.130547 -0.0308371 0)
(-0.108727 -0.0424726 0)
(-0.0797532 -0.0515644 0)
(-0.0463729 -0.056901 0)
(-0.0115358 -0.0587704 0)
(0.0227639 -0.0584134 0)
(0.0558741 -0.0573342 0)
(0.0882997 -0.0562246 0)
(0.120729 -0.054451 0)
(0.152904 -0.0502233 0)
(0.182792 -0.041176 0)
(0.206394 -0.025434 0)
(0.218523 -0.002788 0)
(0.214186 0.0244797 0)
(0.190659 0.0529424 0)
(0.148609 0.0771477 0)
(0.0920686 0.0918124 0)
(0.0299196 0.093306 0)
(-0.0284993 0.0805491 0)
(-0.0741831 0.056378 0)
(-0.0993978 0.0262527 0)
(-0.103339 -0.00292317 0)
(-0.0886596 -0.0247198 0)
(-0.0637768 -0.0354842 0)
(-0.0367145 -0.0357861 0)
(-0.0142864 -0.0288919 0)
(0.000417562 -0.0189966 0)
(0.00756998 -0.00964652 0)
(0.00923015 -0.00293824 0)
(0.00787299 0.000925653 0)
(0.00548452 0.0025351 0)
(0.00317441 0.00272252 0)
(0.00140977 0.00221327 0)
(0.000278228 0.00150905 0)
(-0.000329819 0.000886857 0)
(-0.000586626 0.000420543 0)
(-0.000635571 0.000121197 0)
(-0.000579065 -4.53796e-05 0)
(-0.000481023 -0.000121937 0)
(-0.000376566 -0.000144055 0)
(-0.00028258 -0.000136572 0)
(-0.000205382 -0.000116041 0)
(-0.000145555 -9.22601e-05 0)
(-0.000101076 -7.01017e-05 0)
(-6.90121e-05 -5.15087e-05 0)
(-4.64464e-05 -3.68751e-05 0)
(-3.08635e-05 -2.58532e-05 0)
(-2.02879e-05 -1.78293e-05 0)
(-1.31709e-05 -1.21173e-05 0)
(0.329761 -0.0449906 0)
(0.341066 -0.0123262 0)
(0.33499 0.0103116 0)
(0.319589 0.0216299 0)
(0.302615 0.0239266 0)
(0.289018 0.022072 0)
(0.279506 0.0220069 0)
(0.270501 0.0287414 0)
(0.255542 0.0445758 0)
(0.227707 0.0681596 0)
(0.182234 0.0948842 0)
(0.118561 0.118204 0)
(0.0412604 0.131707 0)
(-0.0413542 0.130444 0)
(-0.118743 0.114515 0)
(-0.180752 0.0861809 0)
(-0.220891 0.0514127 0)
(-0.237419 0.0172941 0)
(-0.233469 -0.00978391 0)
(-0.215896 -0.0259992 0)
(-0.193165 -0.0307485 0)
(-0.172547 -0.0265036 0)
(-0.158713 -0.0184733 0)
(-0.152478 -0.010628 0)
(-0.151022 -0.00754712 0)
(-0.149876 -0.0107246 0)
(-0.144306 -0.0195553 0)
(-0.131051 -0.031551 0)
(-0.109171 -0.0435156 0)
(-0.0800569 -0.0528475 0)
(-0.046519 -0.0583032 0)
(-0.0115616 -0.0601888 0)
(0.0227943 -0.0597912 0)
(0.0559093 -0.0586723 0)
(0.0883369 -0.0575517 0)
(0.120822 -0.0557783 0)
(0.153145 -0.0515056 0)
(0.183278 -0.0422891 0)
(0.207178 -0.0261875 0)
(0.21957 -0.00296934 0)
(0.215378 0.0250136 0)
(0.191809 0.0542633 0)
(0.149488 0.0791503 0)
(0.0924836 0.0942416 0)
(0.0297635 0.0957965 0)
(-0.0292065 0.0826768 0)
(-0.0752809 0.0578383 0)
(-0.100641 0.0268656 0)
(-0.104447 -0.00312368 0)
(-0.0894104 -0.0255203 0)
(-0.0640819 -0.0365475 0)
(-0.0366329 -0.0368022 0)
(-0.0139634 -0.0296592 0)
(0.000818475 -0.0194479 0)
(0.00792154 -0.00983176 0)
(0.00947294 -0.00294701 0)
(0.00800643 0.00100162 0)
(0.00553453 0.00263327 0)
(0.00317372 0.0028085 0)
(0.00138641 0.00227318 0)
(0.000250987 0.00154446 0)
(-0.000352333 0.000904708 0)
(-0.000602441 0.000426632 0)
(-0.000645178 0.000120812 0)
(-0.000584068 -4.8752e-05 0)
(-0.000483046 -0.000126245 0)
(-0.000376858 -0.000148235 0)
(-0.000281994 -0.000140126 0)
(-0.000204463 -0.000118855 0)
(-0.000144605 -9.43881e-05 0)
(-0.000100234 -7.16574e-05 0)
(-6.83258e-05 -5.26172e-05 0)
(-4.59167e-05 -3.76493e-05 0)
(-3.04705e-05 -2.63857e-05 0)
(-2.00047e-05 -1.8193e-05 0)
(-1.29729e-05 -1.23664e-05 0)
(0.331262 -0.0458451 0)
(0.342228 -0.0123551 0)
(0.335686 0.0108073 0)
(0.319841 0.0223328 0)
(0.30258 0.0245695 0)
(0.288935 0.0225303 0)
(0.279615 0.0223434 0)
(0.270963 0.0291751 0)
(0.256379 0.0454012 0)
(0.22879 0.0696337 0)
(0.18332 0.097124 0)
(0.119365 0.121128 0)
(0.0415358 0.135047 0)
(-0.0417151 0.133773 0)
(-0.119689 0.117416 0)
(-0.182103 0.0882963 0)
(-0.222365 0.0525674 0)
(-0.238722 0.0175201 0)
(-0.234379 -0.0102636 0)
(-0.216321 -0.0268641 0)
(-0.193148 -0.0316625 0)
(-0.172256 -0.027204 0)
(-0.158352 -0.0188834 0)
(-0.152231 -0.0107618 0)
(-0.151021 -0.00757478 0)
(-0.150138 -0.0108357 0)
(-0.14476 -0.019921 0)
(-0.131569 -0.0322649 0)
(-0.109627 -0.0445629 0)
(-0.080368 -0.054137 0)
(-0.0466676 -0.0597113 0)
(-0.0115867 -0.061611 0)
(0.0228265 -0.0611702 0)
(0.0559455 -0.0600103 0)
(0.0883737 -0.05888 0)
(0.120915 -0.0571097 0)
(0.153389 -0.052796 0)
(0.183775 -0.0434129 0)
(0.207981 -0.0269488 0)
(0.220644 -0.00315321 0)
(0.216601 0.0255461 0)
(0.192991 0.055591 0)
(0.150391 0.0811697 0)
(0.092911 0.0966958 0)
(0.0296049 0.0983183 0)
(-0.0299307 0.0848401 0)
(-0.0764073 0.0593259 0)
(-0.101919 0.0274914 0)
(-0.105585 -0.00332816 0)
(-0.090181 -0.0263321 0)
(-0.0643933 -0.0376243 0)
(-0.0365466 -0.0378313 0)
(-0.0136296 -0.0304353 0)
(0.0012312 -0.0199013 0)
(0.00828254 -0.0100112 0)
(0.00972176 -0.00294697 0)
(0.00814277 0.001085 0)
(0.00558519 0.00273595 0)
(0.00317243 0.00289628 0)
(0.00136205 0.00233359 0)
(0.000222888 0.00157988 0)
(-0.000375449 0.000922277 0)
(-0.000618627 0.000432443 0)
(-0.000654977 0.000120195 0)
(-0.00058915 -5.2285e-05 0)
(-0.000485084 -0.000130651 0)
(-0.000377133 -0.00015247 0)
(-0.00028138 -0.000143703 0)
(-0.000203515 -0.000121674 0)
(-0.000143628 -9.6512e-05 0)
(-9.93709e-05 -7.32027e-05 0)
(-6.76238e-05 -5.37115e-05 0)
(-4.53755e-05 -3.84074e-05 0)
(-3.00692e-05 -2.69012e-05 0)
(-1.97156e-05 -1.85371e-05 0)
(-1.27705e-05 -1.25911e-05 0)
(0.332802 -0.0466842 0)
(0.343418 -0.0123676 0)
(0.336397 0.0113217 0)
(0.320095 0.0230513 0)
(0.30254 0.0252197 0)
(0.288844 0.0229854 0)
(0.279722 0.0226679 0)
(0.271435 0.0295927 0)
(0.257238 0.0462127 0)
(0.229904 0.071102 0)
(0.184437 0.0993695 0)
(0.120193 0.12407 0)
(0.0418202 0.138411 0)
(-0.0420851 0.137128 0)
(-0.120661 0.120339 0)
(-0.183493 0.0904227 0)
(-0.223879 0.0537209 0)
(-0.24006 0.017734 0)
(-0.235313 -0.0107617 0)
(-0.216755 -0.0277486 0)
(-0.193127 -0.0325919 0)
(-0.171954 -0.027909 0)
(-0.157978 -0.0192961 0)
(-0.151976 -0.0108865 0)
(-0.15102 -0.0075924 0)
(-0.150406 -0.0109374 0)
(-0.145226 -0.0202811 0)
(-0.132102 -0.0329789 0)
(-0.110095 -0.0456147 0)
(-0.0806867 -0.0554332 0)
(-0.0468187 -0.0611257 0)
(-0.0116108 -0.0630371 0)
(0.0228606 -0.0625506 0)
(0.0559824 -0.0613485 0)
(0.0884101 -0.0602094 0)
(0.121007 -0.0584455 0)
(0.153637 -0.0540951 0)
(0.184281 -0.0445497 0)
(0.208803 -0.0277293 0)
(0.221744 -0.00335669 0)
(0.217857 0.026074 0)
(0.194205 0.0569252 0)
(0.15132 0.0832015 0)
(0.0933502 0.0991629 0)
(0.0294384 0.100839 0)
(-0.0306799 0.0869951 0)
(-0.0775673 0.0607933 0)
(-0.103233 0.0280935 0)
(-0.106754 -0.0035537 0)
(-0.0909716 -0.0271715 0)
(-0.0647114 -0.0387279 0)
(-0.0364558 -0.0388774 0)
(-0.0132846 -0.0312156 0)
(0.00165642 -0.0203515 0)
(0.0086535 -0.0101889 0)
(0.00997648 -0.00294634 0)
(0.00828141 0.0011682 0)
(0.00563601 0.00283871 0)
(0.00317031 0.00298492 0)
(0.00133664 0.0023945 0)
(0.000193911 0.00161529 0)
(-0.000399172 0.000939586 0)
(-0.000635184 0.000437975 0)
(-0.000664966 0.00011935 0)
(-0.000594308 -5.59822e-05 0)
(-0.000487136 -0.000135159 0)
(-0.00037739 -0.000156759 0)
(-0.000280737 -0.000147303 0)
(-0.000202537 -0.000124503 0)
(-0.000142626 -9.86392e-05 0)
(-9.84867e-05 -7.47513e-05 0)
(-6.69054e-05 -5.4811e-05 0)
(-4.48222e-05 -3.91728e-05 0)
(-2.96593e-05 -2.74258e-05 0)
(-1.94205e-05 -1.88924e-05 0)
(-1.2564e-05 -1.28299e-05 0)
(0.334437 -0.047535 0)
(0.344679 -0.0123588 0)
(0.337149 0.0118701 0)
(0.320361 0.0238123 0)
(0.30249 0.025901 0)
(0.288741 0.0234531 0)
(0.279832 0.0229909 0)
(0.271933 0.0300077 0)
(0.258152 0.0470377 0)
(0.231089 0.072616 0)
(0.185626 0.1017 0)
(0.121076 0.127134 0)
(0.0421243 0.14192 0)
(-0.0424779 0.14063 0)
(-0.121694 0.123388 0)
(-0.18497 0.0926363 0)
(-0.225489 0.0549139 0)
(-0.241482 0.0179426 0)
(-0.236303 -0.0112972 0)
(-0.217213 -0.0286855 0)
(-0.193101 -0.0335707 0)
(-0.171629 -0.0286607 0)
(-0.157577 -0.0197052 0)
(-0.151703 -0.0110193 0)
(-0.151019 -0.00759976 0)
(-0.150693 -0.0110326 0)
(-0.145722 -0.0206478 0)
(-0.132669 -0.033718 0)
(-0.110593 -0.0467083 0)
(-0.0810245 -0.0567819 0)
(-0.0469777 -0.0625961 0)
(-0.0116348 -0.0645174 0)
(0.0228981 -0.0639805 0)
(0.0560216 -0.0627334 0)
(0.0884471 -0.0615864 0)
(0.121102 -0.0598324 0)
(0.153896 -0.0554482 0)
(0.184816 -0.0457364 0)
(0.209673 -0.0285371 0)
(0.222912 -0.00355676 0)
(0.219191 0.0266177 0)
(0.195496 0.0583107 0)
(0.152307 0.085325 0)
(0.0938188 0.101759 0)
(0.0292697 0.103522 0)
(-0.0314655 0.0893219 0)
(-0.0787949 0.0623926 0)
(-0.104629 0.0287666 0)
(-0.107997 -0.00377742 0)
(-0.0918106 -0.028038 0)
(-0.0650467 -0.0398707 0)
(-0.0363558 -0.0399642 0)
(-0.0129154 -0.0320308 0)
(0.00210915 -0.0208255 0)
(0.00904724 -0.0103708 0)
(0.0102464 -0.0029377 0)
(0.00842795 0.00126417 0)
(0.0056894 0.00295238 0)
(0.00316755 0.00307976 0)
(0.00130927 0.0024582 0)
(0.000162992 0.00165193 0)
(-0.000424366 0.000957206 0)
(-0.000652708 0.000443386 0)
(-0.000675501 0.000118214 0)
(-0.000599725 -5.99899e-05 0)
(-0.000489271 -0.000139936 0)
(-0.000377637 -0.000161257 0)
(-0.00028004 -0.000151052 0)
(-0.000201493 -0.00012743 0)
(-0.000141561 -0.000100826 0)
(-9.75498e-05 -7.63321e-05 0)
(-6.61455e-05 -5.59242e-05 0)
(-4.42377e-05 -3.99401e-05 0)
(-2.92266e-05 -2.7945e-05 0)
(-1.91091e-05 -1.92378e-05 0)
(-1.23459e-05 -1.30558e-05 0)
(0.336173 -0.0483945 0)
(0.346016 -0.0123331 0)
(0.337943 0.0124618 0)
(0.320637 0.0246182 0)
(0.302431 0.0266149 0)
(0.288625 0.0239328 0)
(0.279942 0.0233105 0)
(0.27246 0.0304176 0)
(0.259121 0.0478741 0)
(0.23235 0.0741747 0)
(0.186893 0.104118 0)
(0.122017 0.130323 0)
(0.0424493 0.145579 0)
(-0.0428945 0.144283 0)
(-0.122793 0.126566 0)
(-0.186542 0.0949387 0)
(-0.2272 0.0561461 0)
(-0.242992 0.0181439 0)
(-0.237353 -0.011873 0)
(-0.217696 -0.0296777 0)
(-0.193068 -0.0346012 0)
(-0.171279 -0.0294599 0)
(-0.157148 -0.020113 0)
(-0.151411 -0.0111592 0)
(-0.151016 -0.00759588 0)
(-0.150997 -0.0111198 0)
(-0.146251 -0.0210202 0)
(-0.133273 -0.0344822 0)
(-0.111122 -0.0478444 0)
(-0.0813823 -0.0581843 0)
(-0.0471448 -0.0641235 0)
(-0.0116582 -0.0660523 0)
(0.0229392 -0.0654601 0)
(0.0560631 -0.064165 0)
(0.0884846 -0.0630112 0)
(0.1212 -0.0612715 0)
(0.154168 -0.0568578 0)
(0.18538 -0.0469816 0)
(0.210595 -0.0294104 0)
(0.224149 -0.00381423 0)
(0.220606 0.0271783 0)
(0.196868 0.059762 0)
(0.153358 0.087541 0)
(0.094316 0.104438 0)
(0.0290738 0.106219 0)
(-0.0323243 0.0915955 0)
(-0.0801134 0.0639185 0)
(-0.106116 0.0293623 0)
(-0.109319 -0.00405611 0)
(-0.0927021 -0.028992 0)
(-0.0654019 -0.0411093 0)
(-0.0362482 -0.0411287 0)
(-0.0125211 -0.0328899 0)
(0.00259191 -0.0213065 0)
(0.00946645 -0.0105464 0)
(0.0105325 -0.00292224 0)
(0.00858207 0.00136323 0)
(0.00574446 0.00306766 0)
(0.00316342 0.00317686 0)
(0.00127963 0.00252431 0)
(0.000129974 0.00168982 0)
(-0.000451125 0.000975098 0)
(-0.000671252 0.000448638 0)
(-0.000686605 0.000116757 0)
(-0.000605405 -6.43255e-05 0)
(-0.000491488 -0.000144994 0)
(-0.000377868 -0.000165976 0)
(-0.000279283 -0.000154966 0)
(-0.000200378 -0.00013048 0)
(-0.000140429 -0.000103107 0)
(-9.65563e-05 -7.79843e-05 0)
(-6.53409e-05 -5.70928e-05 0)
(-4.36195e-05 -4.07514e-05 0)
(-2.87694e-05 -2.85005e-05 0)
(-1.87804e-05 -1.96141e-05 0)
(-1.21159e-05 -1.33095e-05 0)
(0.337954 -0.0492314 0)
(0.347384 -0.012286 0)
(0.338754 0.0130745 0)
(0.320914 0.025444 0)
(0.302363 0.0273375 0)
(0.288499 0.0244086 0)
(0.28005 0.0236151 0)
(0.272998 0.0308074 0)
(0.260117 0.0486928 0)
(0.233647 0.0757261 0)
(0.188197 0.106542 0)
(0.122987 0.133532 0)
(0.0427855 0.149268 0)
(-0.0433218 0.147968 0)
(-0.123922 0.129771 0)
(-0.188158 0.0972549 0)
(-0.228959 0.0573767 0)
(-0.244543 0.0183302 0)
(-0.23843 -0.012472 0)
(-0.218189 -0.0306945 0)
(-0.19303 -0.035651 0)
(-0.170913 -0.0302651 0)
(-0.156703 -0.020526 0)
(-0.151109 -0.0112908 0)
(-0.151011 -0.00757803 0)
(-0.15131 -0.0111952 0)
(-0.146796 -0.0213857 0)
(-0.133895 -0.0352467 0)
(-0.111666 -0.0489862 0)
(-0.0817488 -0.0595951 0)
(-0.0473145 -0.0656587 0)
(-0.0116801 -0.0675922 0)
(0.0229828 -0.0669412 0)
(0.0561056 -0.0655964 0)
(0.0885212 -0.0644369 0)
(0.121297 -0.062715 0)
(0.154442 -0.0582763 0)
(0.185954 -0.048234 0)
(0.211537 -0.0302598 0)
(0.22542 -0.00399873 0)
(0.222062 0.0277272 0)
(0.198281 0.0611918 0)
(0.154438 0.0897563 0)
(0.0948288 0.107196 0)
(0.0289011 0.109156 0)
(-0.0331649 0.0942276 0)
(-0.0814444 0.0657492 0)
(-0.107638 0.0301604 0)
(-0.110675 -0.00429236 0)
(-0.0936161 -0.0299018 0)
(-0.0657604 -0.0423041 0)
(-0.0361272 -0.0422563 0)
(-0.0121082 -0.033727 0)
(0.00309025 -0.0217923 0)
(0.00989635 -0.010734 0)
(0.010825 -0.00290964 0)
(0.0087392 0.00146907 0)
(0.0058004 0.00319215 0)
(0.00315883 0.00328023 0)
(0.00124887 0.00259212 0)
(9.59138e-05 0.00172775 0)
(-0.000478601 0.000992784 0)
(-0.000690217 0.000453705 0)
(-0.000697917 0.000115181 0)
(-0.000611163 -6.88542e-05 0)
(-0.000493712 -0.00015016 0)
(-0.000378072 -0.000170738 0)
(-0.000278488 -0.000158877 0)
(-0.000199226 -0.000133501 0)
(-0.000139267 -0.000105343 0)
(-9.55389e-05 -7.95852e-05 0)
(-6.45184e-05 -5.82086e-05 0)
(-4.29882e-05 -4.15111e-05 0)
(-2.83029e-05 -2.90064e-05 0)
(-1.84453e-05 -1.99434e-05 0)
(-1.18814e-05 -1.35181e-05 0)
(0.339781 -0.0500435 0)
(0.348786 -0.0122189 0)
(0.339581 0.0137102 0)
(0.321193 0.0262907 0)
(0.302285 0.02807 0)
(0.288362 0.0248801 0)
(0.280155 0.0239041 0)
(0.273547 0.0311763 0)
(0.261138 0.0494933 0)
(0.234981 0.0772699 0)
(0.18954 0.108974 0)
(0.123986 0.136763 0)
(0.0431329 0.152988 0)
(-0.04376 0.151687 0)
(-0.125083 0.133004 0)
(-0.189819 0.0995852 0)
(-0.230766 0.0586053 0)
(-0.246137 0.0185016 0)
(-0.239534 -0.0130945 0)
(-0.218691 -0.0317367 0)
(-0.192987 -0.0367206 0)
(-0.170533 -0.0310789 0)
(-0.156242 -0.0209384 0)
(-0.150797 -0.0114121 0)
(-0.151006 -0.00754838 0)
(-0.151632 -0.0112585 0)
(-0.147356 -0.0217439 0)
(-0.134534 -0.0360114 0)
(-0.112224 -0.0501342 0)
(-0.0821241 -0.0610146 0)
(-0.0474868 -0.0672017 0)
(-0.0117005 -0.0691371 0)
(0.0230291 -0.068424 0)
(0.0561492 -0.0670279 0)
(0.0885568 -0.0658648 0)
(0.121393 -0.0641661 0)
(0.15472 -0.0597094 0)
(0.186541 -0.0495138 0)
(0.212504 -0.0311886 0)
(0.226719 -0.00436235 0)
(0.223549 0.0282891 0)
(0.199725 0.0627007 0)
(0.155547 0.092072 0)
(0.0953566 0.109918 0)
(0.0286775 0.111715 0)
(-0.0341045 0.0961869 0)
(-0.082857 0.0669885 0)
(-0.10922 0.0305533 0)
(-0.112076 -0.00462067 0)
(-0.0945548 -0.0309447 0)
(-0.0661347 -0.0436435 0)
(-0.0360173 -0.0435131 0)
(-0.0116945 -0.0346512 0)
(0.00360025 -0.0222989 0)
(0.0103383 -0.0108966 0)
(0.0111252 -0.00286288 0)
(0.00889933 0.00158997 0)
(0.00585607 0.00331849 0)
(0.00315253 0.0033797 0)
(0.00121644 0.00265721 0)
(6.07055e-05 0.00176424 0)
(-0.000506802 0.00100885 0)
(-0.000709604 0.00045712 0)
(-0.000709441 0.000112136 0)
(-0.000617001 -7.367e-05 0)
(-0.000495941 -0.000155529 0)
(-0.000378249 -0.000175657 0)
(-0.000277656 -0.000162917 0)
(-0.000198038 -0.000136639 0)
(-0.000138073 -0.00010769 0)
(-9.44967e-05 -8.12946e-05 0)
(-6.36771e-05 -5.94305e-05 0)
(-4.23433e-05 -4.23747e-05 0)
(-2.78268e-05 -2.96135e-05 0)
(-1.81036e-05 -2.03703e-05 0)
(-1.16425e-05 -1.38204e-05 0)
(0.341654 -0.0508286 0)
(0.350219 -0.0121322 0)
(0.340425 0.0143698 0)
(0.321473 0.0271589 0)
(0.302197 0.0288124 0)
(0.288213 0.0253472 0)
(0.280256 0.0241771 0)
(0.274107 0.0315238 0)
(0.262187 0.0502749 0)
(0.236352 0.0788059 0)
(0.190922 0.111413 0)
(0.125015 0.140017 0)
(0.043492 0.156742 0)
(-0.044209 0.15544 0)
(-0.126275 0.136266 0)
(-0.191525 0.10193 0)
(-0.232621 0.059833 0)
(-0.247774 0.0186549 0)
(-0.240666 -0.0137428 0)
(-0.219203 -0.0328045 0)
(-0.192937 -0.0378098 0)
(-0.170136 -0.0319002 0)
(-0.155764 -0.0213503 0)
(-0.150475 -0.0115261 0)
(-0.150999 -0.00750617 0)
(-0.151964 -0.0113087 0)
(-0.147933 -0.0220942 0)
(-0.135192 -0.0367751 0)
(-0.112797 -0.0512867 0)
(-0.0825081 -0.0624423 0)
(-0.0476615 -0.0687526 0)
(-0.011719 -0.0706869 0)
(0.0230781 -0.0699067 0)
(0.0561938 -0.0684542 0)
(0.0885913 -0.0672825 0)
(0.121488 -0.0656103 0)
(0.154999 -0.0611407 0)
(0.187136 -0.0507884 0)
(0.213486 -0.0320316 0)
(0.228056 -0.00443301 0)
(0.225091 0.0288232 0)
(0.20123 0.0640681 0)
(0.1567 0.0941474 0)
(0.0958953 0.112666 0)
(0.0285156 0.115011 0)
(-0.0349417 0.0995676 0)
(-0.084227 0.0694906 0)
(-0.110812 0.0317461 0)
(-0.113503 -0.0048556 0)
(-0.095521 -0.0318284 0)
(-0.0664982 -0.044778 0)
(-0.0358612 -0.0445495 0)
(-0.0112332 -0.0353941 0)
(0.00413785 -0.022718 0)
(0.010794 -0.0110589 0)
(0.0114317 -0.00286523 0)
(0.00906129 0.00167768 0)
(0.00591188 0.00343493 0)
(0.00314567 0.00348439 0)
(0.00118309 0.00272987 0)
(2.4544e-05 0.00180612 0)
(-0.000535714 0.00102941 0)
(-0.000729402 0.000464616 0)
(-0.000721112 0.000112838 0)
(-0.00062286 -7.76842e-05 0)
(-0.000498169 -0.000160441 0)
(-0.000378395 -0.000180162 0)
(-0.000276783 -0.000166548 0)
(-0.000196813 -0.000139372 0)
(-0.000136848 -0.000109642 0)
(-9.34301e-05 -8.26255e-05 0)
(-6.28176e-05 -6.02952e-05 0)
(-4.16852e-05 -4.29049e-05 0)
(-2.73413e-05 -2.99132e-05 0)
(-1.77551e-05 -2.05171e-05 0)
(-1.13988e-05 -1.387e-05 0)
(0.343574 -0.0515837 0)
(0.351685 -0.0120266 0)
(0.341287 0.0150544 0)
(0.321753 0.0280495 0)
(0.302099 0.0295651 0)
(0.288052 0.0258098 0)
(0.280353 0.0244336 0)
(0.274678 0.0318492 0)
(0.263262 0.0510371 0)
(0.237762 0.0803337 0)
(0.192343 0.113859 0)
(0.126075 0.143293 0)
(0.043863 0.16053 0)
(-0.044669 0.159229 0)
(-0.1275 0.139552 0)
(-0.193279 0.104287 0)
(-0.234525 0.0610693 0)
(-0.249454 0.0188067 0)
(-0.241824 -0.0144069 0)
(-0.219724 -0.0339027 0)
(-0.19288 -0.038926 0)
(-0.169722 -0.0327351 0)
(-0.155269 -0.0217622 0)
(-0.150141 -0.0116199 0)
(-0.150991 -0.0074447 0)
(-0.152304 -0.0113527 0)
(-0.148529 -0.022437 0)
(-0.135872 -0.0375327 0)
(-0.11339 -0.0524282 0)
(-0.0829035 -0.0638524 0)
(-0.0478393 -0.0702875 0)
(-0.0117355 -0.0722319 0)
(0.0231303 -0.0713964 0)
(0.0562398 -0.0699056 0)
(0.0886243 -0.0687601 0)
(0.12158 -0.0671112 0)
(0.155281 -0.0626248 0)
(0.187745 -0.0521114 0)
(0.214504 -0.0330517 0)
(0.229415 -0.00500888 0)
(0.226644 0.0293461 0)
(0.202731 0.0656936 0)
(0.157849 0.096924 0)
(0.0964582 0.11577 0)
(0.0282594 0.117248 0)
(-0.0360052 0.100261 0)
(-0.0857915 0.0693985 0)
(-0.112528 0.0313326 0)
(-0.11499 -0.00528172 0)
(-0.0964808 -0.0330019 0)
(-0.066889 -0.0463519 0)
(-0.0357703 -0.0460891 0)
(-0.0108246 -0.0365707 0)
(0.00466104 -0.0233827 0)
(0.0112539 -0.0112763 0)
(0.0117441 -0.00279365 0)
(0.00922768 0.00186738 0)
(0.00596911 0.00360805 0)
(0.00313787 0.00360253 0)
(0.00114802 0.00279537 0)
(-1.29389e-05 0.00183871 0)
(-0.000565425 0.00104018 0)
(-0.000749659 0.000463081 0)
(-0.000733139 0.000105198 0)
(-0.000628943 -8.72736e-05 0)
(-0.000500419 -0.000168785 0)
(-0.000378516 -0.000187118 0)
(-0.000275873 -0.000172069 0)
(-0.000195551 -0.000143635 0)
(-0.000135593 -0.000112883 0)
(-9.234e-05 -8.50747e-05 0)
(-6.19412e-05 -6.21499e-05 0)
(-4.10156e-05 -4.43184e-05 0)
(-2.68485e-05 -3.09976e-05 0)
(-1.74025e-05 -2.13536e-05 0)
(-1.11529e-05 -1.45185e-05 0)
(0.34554 -0.0523057 0)
(0.353182 -0.0119031 0)
(0.342165 0.0157651 0)
(0.322034 0.0289634 0)
(0.301989 0.0303285 0)
(0.287878 0.0262676 0)
(0.280446 0.0246731 0)
(0.275259 0.0321517 0)
(0.264365 0.0517791 0)
(0.23921 0.0818532 0)
(0.193805 0.116314 0)
(0.127166 0.146591 0)
(0.0442465 0.164333 0)
(-0.0451402 0.163044 0)
(-0.128756 0.142945 0)
(-0.195087 0.106721 0)
(-0.236483 0.0620944 0)
(-0.251174 0.0187016 0)
(-0.24296 -0.0151702 0)
(-0.220223 -0.0350083 0)
(-0.192817 -0.0400086 0)
(-0.169293 -0.0335415 0)
(-0.154757 -0.0221477 0)
(-0.149798 -0.0117732 0)
(-0.150982 -0.00739994 0)
(-0.152654 -0.0113306 0)
(-0.149132 -0.0227878 0)
(-0.136552 -0.0383716 0)
(-0.113976 -0.0537469 0)
(-0.083293 -0.0654966 0)
(-0.0480145 -0.0720259 0)
(-0.0117501 -0.0738677 0)
(0.0231856 -0.0728638 0)
(0.0562851 -0.0712428 0)
(0.088654 -0.0699598 0)
(0.121672 -0.0684036 0)
(0.155567 -0.0639744 0)
(0.188373 -0.0533739 0)
(0.215524 -0.0338337 0)
(0.23082 -0.00487884 0)
(0.22828 0.0301034 0)
(0.204353 0.0670949 0)
(0.15913 0.0981617 0)
(0.0970617 0.11743 0)
(0.0281976 0.120846 0)
(-0.0366847 0.10594 0)
(-0.0870089 0.0745746 0)
(-0.113987 0.0341375 0)
(-0.116198 -0.00523001 0)
(-0.097195 -0.0338984 0)
(-0.0670335 -0.0472337 0)
(-0.035476 -0.0467356 0)
(-0.010282 -0.03686 0)
(0.00525115 -0.02345 0)
(0.0117457 -0.0112481 0)
(0.0120706 -0.00270129 0)
(0.00939573 0.00182851 0)
(0.00602241 0.00360983 0)
(0.00312634 0.00362213 0)
(0.00111083 0.00281885 0)
(-5.15592e-05 0.00185779 0)
(-0.000595833 0.0010517 0)
(-0.00077023 0.000468142 0)
(-0.000745134 0.000105675 0)
(-0.000634811 -8.14402e-05 0)
(-0.000502518 -0.000165594 0)
(-0.00037853 -0.000185775 0)
(-0.000274879 -0.000171388 0)
(-0.000194224 -0.000143246 0)
(-0.000134288 -0.00011261 0)
(-9.12126e-05 -8.48347e-05 0)
(-6.10364e-05 -6.19034e-05 0)
(-4.03238e-05 -4.40492e-05 0)
(-2.63377e-05 -3.07022e-05 0)
(-1.7035e-05 -2.10392e-05 0)
(-1.08945e-05 -1.42121e-05 0)
(0.347552 -0.0529906 0)
(0.354712 -0.011763 0)
(0.343061 0.0165032 0)
(0.322314 0.0299011 0)
(0.301868 0.0311027 0)
(0.28769 0.0267205 0)
(0.280534 0.0248949 0)
(0.275851 0.0324301 0)
(0.265495 0.0524995 0)
(0.240698 0.0833591 0)
(0.195309 0.118763 0)
(0.12829 0.149953 0)
(0.0446288 0.168599 0)
(-0.0456722 0.167129 0)
(-0.130092 0.145678 0)
(-0.195272 0.108605 0)
(-0.238342 0.0631877 0)
(-0.253992 0.0184016 0)
(-0.245511 -0.0166279 0)
(-0.22152 -0.0368522 0)
(-0.193011 -0.0415221 0)
(-0.169019 -0.0344186 0)
(-0.154519 -0.02218 0)
(-0.149943 -0.0114118 0)
(-0.151596 -0.00714698 0)
(-0.15339 -0.0116213 0)
(-0.149016 -0.0234131 0)
(-0.136127 -0.0391283 0)
(-0.113585 -0.0545321 0)
(-0.0830361 -0.0663249 0)
(-0.0478718 -0.0730284 0)
(-0.0116225 -0.0751797 0)
(0.0233659 -0.0744306 0)
(0.0563772 -0.0730054 0)
(0.0885963 -0.0723458 0)
(0.121681 -0.0705568 0)
(0.155783 -0.0658541 0)
(0.188945 -0.0548643 0)
(0.216585 -0.0350369 0)
(0.232263 -0.0057252 0)
(0.229987 0.0295953 0)
(0.205965 0.0678854 0)
(0.16026 0.102232 0)
(0.097452 0.123563 0)
(0.0270554 0.12391 0)
(-0.0391482 0.103151 0)
(-0.0901811 0.0668881 0)
(-0.116212 0.0277264 0)
(-0.116309 -0.00801338 0)
(-0.0949786 -0.0355403 0)
(-0.0637873 -0.0494182 0)
(-0.0326031 -0.048918 0)
(-0.00829969 -0.0388647 0)
(0.0064179 -0.0248121 0)
(0.0123286 -0.0118541 0)
(0.0122954 -0.00281503 0)
(0.00945456 0.00220183 0)
(0.00603387 0.00404797 0)
(0.0031398 0.00396464 0)
(0.00114577 0.00305328 0)
(-6.70064e-06 0.00199182 0)
(-0.000553847 0.00111415 0)
(-0.000731547 0.000487427 0)
(-0.000708136 0.00010438 0)
(-0.000600888 -0.000103383 0)
(-0.000473864 -0.000191231 0)
(-0.000355651 -0.000205686 0)
(-0.000257462 -0.000186865 0)
(-0.000181466 -0.000154861 0)
(-0.000125225 -0.000121012 0)
(-8.49448e-05 -9.07127e-05 0)
(-5.68117e-05 -6.58924e-05 0)
(-3.75537e-05 -4.66796e-05 0)
(-2.45824e-05 -3.23898e-05 0)
(-1.59754e-05 -2.20911e-05 0)
(-1.03076e-05 -1.48397e-05 0)
(0.349611 -0.0536434 0)
(0.356273 -0.0116059 0)
(0.343973 0.0172688 0)
(0.322595 0.0308746 0)
(0.301733 0.0319096 0)
(0.287489 0.0271851 0)
(0.280617 0.0251172 0)
(0.276455 0.0327238 0)
(0.266655 0.0532899 0)
(0.242228 0.0850703 0)
(0.196845 0.121615 0)
(0.128918 0.153476 0)
(0.0472695 0.170259 0)
(-0.0392866 0.170038 0)
(-0.110114 0.15527 0)
(-0.110448 0.0749292 0)
(-0.124911 0.0438741 0)
(-0.0318358 0.0135968 0)
(0.0681735 -0.00996919 0)
(0.0423803 -0.0225002 0)
(0.0206073 -0.0266333 0)
(0.00435677 -0.0228138 0)
(-0.00461173 -0.0166498 0)
(-0.0145265 -0.00957213 0)
(-0.0345661 -0.00485544 0)
(-0.250432 -0.00764798 0)
(-0.28863 -0.030448 0)
(-0.177389 -0.0437907 0)
(-0.131225 -0.058804 0)
(-0.089765 -0.070244 0)
(-0.0486408 -0.0762047 0)
(-0.00928481 -0.0772672 0)
(0.0269517 -0.0756349 0)
(0.0590039 -0.0735466 0)
(0.0868049 -0.0706486 0)
(0.118619 -0.0701257 0)
(0.153299 -0.066355 0)
(0.187849 -0.0558953 0)
(0.217122 -0.0356522 0)
(0.233229 -0.00528912 0)
(0.229402 0.0338492 0)
(0.201311 0.0727755 0)
(0.149193 0.103588 0)
(0.0872431 0.119147 0)
(0.0285479 0.122929 0)
(-0.0363525 0.108339 0)
(-0.112137 0.0769688 0)
(-0.174065 0.0350765 0)
(-0.162593 -0.00728247 0)
(-0.110237 -0.0387225 0)
(-0.0629827 -0.0499647 0)
(-0.0282393 -0.0455426 0)
(-0.0051425 -0.034317 0)
(0.00778557 -0.0209951 0)
(0.0128898 -0.00957083 0)
(0.0129663 -0.0019315 0)
(0.0104614 0.00245499 0)
(0.00708444 0.00380073 0)
(0.00399838 0.00352555 0)
(0.00176109 0.00264658 0)
(0.000416344 0.00169712 0)
(-0.000258856 0.000930574 0)
(-0.000511141 0.000394308 0)
(-0.000530758 7.34319e-05 0)
(-0.000453886 -0.000111181 0)
(-0.000355758 -0.000180942 0)
(-0.000265858 -0.000185529 0)
(-0.000191974 -0.000165587 0)
(-0.000135132 -0.00013601 0)
(-9.32794e-05 -0.00010576 0)
(-6.34324e-05 -7.90924e-05 0)
(-4.26635e-05 -5.74417e-05 0)
(-2.84932e-05 -4.07823e-05 0)
(-1.89766e-05 -2.8442e-05 0)
(-1.2678e-05 -1.9566e-05 0)
(-8.53996e-06 -1.32992e-05 0)
(0.351407 -0.0551011 0)
(0.357799 -0.0115623 0)
(0.344898 0.018158 0)
(0.322455 0.0318504 0)
(0.300793 0.032615 0)
(0.286449 0.0275309 0)
(0.279792 0.0252111 0)
(0.275961 0.0328315 0)
(0.266486 0.0535348 0)
(0.242677 0.0852235 0)
(0.199884 0.121072 0)
(0.148293 0.151072 0)
(0.0758222 0.11656 0)
(-0.0035545 0.111602 0)
(0.0807115 0.0909052 0)
(0.0946959 0.0803091 0)
(0.0989035 0.0449409 0)
(0.0875732 0.0101172 0)
(0.0655909 -0.0137884 0)
(0.0421449 -0.0264986 0)
(0.0207934 -0.0308202 0)
(0.00489603 -0.0261011 0)
(-0.00275102 -0.0177378 0)
(-0.00439669 -0.00905338 0)
(0.00220125 0.000277392 0)
(0.0163828 -0.0022613 0)
(0.0225713 -0.0146979 0)
(0.018423 -0.0305464 0)
(0.0124018 -0.0403822 0)
(0.00322965 -0.0500751 0)
(-0.00746744 -0.056286 0)
(-0.0201739 -0.0585454 0)
(-0.0776533 -0.0560723 0)
(-0.451688 -0.058468 0)
(0.0755521 -0.0824614 0)
(0.111955 -0.0747999 0)
(0.148343 -0.0681759 0)
(0.179996 -0.0556715 0)
(0.203343 -0.0340993 0)
(0.214817 -0.00476853 0)
(0.214316 0.0324081 0)
(0.202582 0.0705452 0)
(0.179816 0.106554 0)
(0.146456 0.134572 0)
(0.0760791 0.115148 0)
(0.0840351 0.100149 0)
(0.154916 0.0754631 0)
(-0.0684458 0.0360719 0)
(-0.24269 -0.00582822 0)
(-0.325338 -0.0323541 0)
(-0.283733 -0.0496025 0)
(-0.164926 -0.0517099 0)
(-0.0580194 -0.0416972 0)
(0.0297801 -0.0266966 0)
(0.0874233 -0.0127808 0)
(0.118062 -0.002981 0)
(0.126361 0.00220078 0)
(0.127095 0.00422649 0)
(0.119648 0.00423503 0)
(0.103618 0.00334941 0)
(0.0802926 0.00231932 0)
(0.0503346 0.00141826 0)
(0.0208505 0.000703088 0)
(0.00450116 0.000180266 0)
(0.000560116 -5.96948e-05 0)
(0.000121601 -0.000185186 0)
(-0.000107578 -0.000220711 0)
(-0.000249304 -0.000206977 0)
(-0.000337352 -0.000174165 0)
(-0.000389124 -0.000137387 0)
(-0.000416674 -0.000103701 0)
(-0.000428994 -7.57183e-05 0)
(-0.000432693 -5.38726e-05 0)
(-0.000431606 -3.75262e-05 0)
(-0.00042822 -2.56931e-05 0)
(-0.000423986 -1.73259e-05 0)
(0.358046 -0.0475219 0)
(0.35353 -0.0111788 0)
(0.339743 0.0171458 0)
(0.328798 0.0308685 0)
(0.132421 0.024615 0)
(0.109257 0.0195386 0)
(0.0949079 0.017899 0)
(0.101238 0.0227503 0)
(0.116486 0.0356068 0)
(0.119084 0.0566419 0)
(0.0752757 0.0795926 0)
(-0.00399624 0.0979552 0)
(0.0230804 0.12687 0)
(0.0533171 0.122369 0)
(0.0772997 0.111812 0)
(0.0936911 0.0810018 0)
(0.0978425 0.0463802 0)
(0.0863193 0.0126942 0)
(0.0648213 -0.0110277 0)
(0.0418584 -0.0236856 0)
(0.0208841 -0.0281086 0)
(0.00521788 -0.0241444 0)
(-0.00238569 -0.0171222 0)
(-0.00409382 -0.00955364 0)
(0.00226879 -0.0031727 0)
(0.0159602 -0.00595408 0)
(0.0219858 -0.0232696 0)
(0.0180434 -0.0365613 0)
(0.0121627 -0.0480004 0)
(0.00320402 -0.0577612 0)
(-0.00719818 -0.0633885 0)
(-0.0190216 -0.0635481 0)
(-0.0212954 -0.0547215 0)
(-0.0183817 -0.066151 0)
(-0.0340829 -0.0694292 0)
(-0.047035 -0.0575282 0)
(-0.0534639 -0.0559414 0)
(-0.0814653 -0.0480294 0)
(-0.150917 -0.0336082 0)
(0.0650439 -0.00682479 0)
(0.179537 0.0272845 0)
(0.204117 0.0621738 0)
(0.175289 0.0914166 0)
(0.0305883 0.106975 0)
(0.0455142 0.118787 0)
(0.0776248 0.099373 0)
(0.0918257 0.0773414 0)
(0.0908345 0.0454904 0)
(0.0863904 -0.0010305 0)
(0.061621 -0.0364577 0)
(0.0321126 -0.0537331 0)
(0.00488022 -0.0554228 0)
(-0.0131625 -0.0460181 0)
(-0.0211361 -0.0305519 0)
(-0.0205906 -0.0154778 0)
(-0.0158004 -0.00448313 0)
(-0.0100895 0.00151585 0)
(-0.00606291 0.00423477 0)
(-0.00326246 0.00502415 0)
(-0.00129906 0.00477382 0)
(-0.000101364 0.00404883 0)
(0.00075291 0.0031766 0)
(0.00125922 0.00196282 0)
(0.00123604 0.000726744 0)
(0.000869286 9.2353e-06 0)
(0.000521096 -0.000146313 0)
(0.000294938 -0.000170149 0)
(0.000153851 -0.000158574 0)
(6.60443e-05 -0.000133248 0)
(1.43157e-05 -0.000105275 0)
(-1.32689e-05 -7.97732e-05 0)
(-2.56484e-05 -5.85977e-05 0)
(-2.9405e-05 -4.20379e-05 0)
(-2.83556e-05 -2.96078e-05 0)
(-2.49985e-05 -2.05628e-05 0)
(-2.07835e-05 -1.41235e-05 0)
(-0.0244634 -0.049015 0)
(-0.0476076 -0.00604315 0)
(-0.0374511 0.0123318 0)
(-0.0228337 0.0255704 0)
(-0.00838292 0.0331112 0)
(-0.00386252 0.0235418 0)
(-0.0108445 0.0210076 0)
(-0.0216049 0.0259186 0)
(-0.0318455 0.0405522 0)
(-0.0351009 0.0649403 0)
(-0.0261304 0.093652 0)
(-0.00663395 0.118056 0)
(0.0222301 0.127536 0)
(0.0526252 0.121913 0)
(0.0759585 0.10444 0)
(0.0921815 0.0802028 0)
(0.096177 0.0461573 0)
(0.0849982 0.0128625 0)
(0.0640511 -0.0106339 0)
(0.041564 -0.0233827 0)
(0.0209781 -0.0279808 0)
(0.00557067 -0.0241655 0)
(-0.00197234 -0.0170791 0)
(-0.00369995 -0.0094121 0)
(0.00244055 -0.00203162 0)
(0.0156327 -0.00462005 0)
(0.0214511 -0.0200483 0)
(0.0176968 -0.0333522 0)
(0.0119441 -0.0439907 0)
(0.00312459 -0.0534898 0)
(-0.00710478 -0.0592447 0)
(-0.0186752 -0.0607371 0)
(-0.0210715 -0.0548372 0)
(-0.018662 -0.062402 0)
(-0.0338325 -0.0750493 0)
(-0.0461972 -0.0642023 0)
(-0.0515307 -0.0589142 0)
(-0.0604723 -0.0471787 0)
(-0.0672981 -0.0357335 0)
(-0.0752139 -0.0180409 0)
(-0.0628031 0.0233906 0)
(-0.0393364 0.0634906 0)
(-0.0218168 0.104303 0)
(0.0104099 0.122118 0)
(0.0452908 0.114221 0)
(0.0711265 0.0976134 0)
(0.0847473 0.0740558 0)
(0.0937673 0.0381665 0)
(0.085375 -0.00177696 0)
(0.06072 -0.0319635 0)
(0.031313 -0.0488554 0)
(0.00391903 -0.0492347 0)
(-0.0144475 -0.0393133 0)
(-0.0228727 -0.0253382 0)
(-0.0233405 -0.0124338 0)
(-0.0191325 -0.00330405 0)
(-0.013474 0.00172928 0)
(-0.00837379 0.00352736 0)
(-0.00454419 0.00369476 0)
(-0.00198192 0.00315337 0)
(-0.000383727 0.00253609 0)
(0.000669327 0.00190114 0)
(0.00123839 0.0011825 0)
(0.001222 0.000440233 0)
(0.000859951 -3.79787e-06 0)
(0.000517802 -0.00016595 0)
(0.000295323 -0.000193815 0)
(0.000155434 -0.00018129 0)
(6.79909e-05 -0.000152632 0)
(1.62134e-05 -0.000120632 0)
(-1.1595e-05 -9.12824e-05 0)
(-2.42446e-05 -6.69266e-05 0)
(-2.82562e-05 -4.78287e-05 0)
(-2.74225e-05 -3.34932e-05 0)
(-2.42351e-05 -2.30713e-05 0)
(-2.01482e-05 -1.56629e-05 0)
(-0.0234311 -0.054274 0)
(-0.0459756 -0.00885538 0)
(-0.0368284 0.0148588 0)
(-0.0229697 0.0291812 0)
(-0.00873133 0.0312055 0)
(-0.0042497 0.0233349 0)
(-0.0109327 0.0211972 0)
(-0.0213809 0.0263638 0)
(-0.0313698 0.0409303 0)
(-0.0346097 0.0645575 0)
(-0.0258201 0.0910349 0)
(-0.00629428 0.111577 0)
(0.0220156 0.12566 0)
(0.0517472 0.120607 0)
(0.0746546 0.105532 0)
(0.0905506 0.0798538 0)
(0.0945286 0.0464686 0)
(0.0836943 0.0137929 0)
(0.0632836 -0.00945351 0)
(0.0412634 -0.0222044 0)
(0.0210534 -0.0269274 0)
(0.00588778 -0.0234597 0)
(-0.00159773 -0.0168708 0)
(-0.00335595 -0.00963313 0)
(0.00254655 -0.00299235 0)
(0.0152821 -0.00601938 0)
(0.0209204 -0.02123 0)
(0.0173236 -0.0344845 0)
(0.0117183 -0.0453582 0)
(0.00306897 -0.054847 0)
(-0.00691565 -0.0605243 0)
(-0.0182011 -0.0614773 0)
(-0.0206863 -0.0551872 0)
(-0.0185541 -0.0626832 0)
(-0.033445 -0.0708078 0)
(-0.0456354 -0.0603141 0)
(-0.0510687 -0.0569432 0)
(-0.0597107 -0.0470518 0)
(-0.0664071 -0.0334964 0)
(-0.076045 -0.0101383 0)
(-0.0748027 0.0253651 0)
(-0.058935 0.0613818 0)
(-0.029419 0.0947915 0)
(0.00931787 0.113346 0)
(0.0445521 0.114813 0)
(0.0693443 0.0971605 0)
(0.0832899 0.0755944 0)
(0.0920097 0.0425394 0)
(0.0836895 -0.000793155 0)
(0.0598151 -0.0329519 0)
(0.0311919 -0.0502262 0)
(0.0044027 -0.0517258 0)
(-0.0136975 -0.041814 0)
(-0.0221428 -0.0277339 0)
(-0.0227869 -0.0141933 0)
(-0.01877 -0.00426127 0)
(-0.0132888 0.0015949 0)
(-0.00831819 0.00411561 0)
(-0.00455529 0.00463396 0)
(-0.00202482 0.00419029 0)
(-0.000436508 0.00344994 0)
(0.000612963 0.00259665 0)
(0.00118421 0.00156269 0)
(0.0011841 0.000583353 0)
(0.000843096 3.4717e-05 0)
(0.000513103 -0.000132242 0)
(0.00029459 -0.000167749 0)
(0.000155997 -0.000161704 0)
(6.90409e-05 -0.000138582 0)
(1.73426e-05 -0.000111008 0)
(-1.05759e-05 -8.49536e-05 0)
(-2.34033e-05 -6.30147e-05 0)
(-2.75977e-05 -4.55669e-05 0)
(-2.69274e-05 -3.23271e-05 0)
(-2.3873e-05 -2.26041e-05 0)
(-1.98893e-05 -1.56269e-05 0)
(-0.0224475 -0.0520049 0)
(-0.0444222 -0.00882786 0)
(-0.0360551 0.0141381 0)
(-0.022689 0.0280694 0)
(-0.00893897 0.0309421 0)
(-0.00456571 0.0235274 0)
(-0.0109611 0.0216315 0)
(-0.0210721 0.0268455 0)
(-0.030717 0.0412371 0)
(-0.0337663 0.06451 0)
(-0.0251069 0.0908845 0)
(-0.00597567 0.111958 0)
(0.0217138 0.124418 0)
(0.0508376 0.119498 0)
(0.0733868 0.104142 0)
(0.0889841 0.0793832 0)
(0.092908 0.0465973 0)
(0.0824044 0.0144505 0)
(0.0625158 -0.00857804 0)
(0.0409546 -0.0213681 0)
(0.0211185 -0.0262354 0)
(0.00619765 -0.0230318 0)
(-0.00122682 -0.0166995 0)
(-0.00300929 -0.00965158 0)
(0.00267551 -0.00316094 0)
(0.0149536 -0.00594215 0)
(0.0204104 -0.0208128 0)
(0.0169801 -0.0336344 0)
(0.011503 -0.0442716 0)
(0.00300723 -0.053585 0)
(-0.00678781 -0.05924 0)
(-0.0178022 -0.0606682 0)
(-0.0204515 -0.0549352 0)
(-0.0186418 -0.0630293 0)
(-0.0330028 -0.0721566 0)
(-0.0448657 -0.0618112 0)
(-0.0503744 -0.0574118 0)
(-0.0589783 -0.0467263 0)
(-0.065643 -0.0344881 0)
(-0.0748055 -0.0137332 0)
(-0.0736261 0.0240224 0)
(-0.058377 0.0619863 0)
(-0.0293688 0.0984887 0)
(0.00873989 0.114071 0)
(0.0437221 0.112697 0)
(0.0680784 0.0960153 0)
(0.0820314 0.0737283 0)
(0.090594 0.0400164 0)
(0.0824571 0.000185852 0)
(0.0590359 -0.0303115 0)
(0.0309005 -0.0470797 0)
(0.00454958 -0.0484533 0)
(-0.0132715 -0.0393182 0)
(-0.0216199 -0.0260938 0)
(-0.0223316 -0.0133966 0)
(-0.0184798 -0.00413733 0)
(-0.0131429 0.000976399 0)
(-0.00826112 0.00325776 0)
(-0.00455005 0.00373271 0)
(-0.0020367 0.00338303 0)
(-0.000454057 0.00283898 0)
(0.000586741 0.00220408 0)
(0.0011504 0.0013863 0)
(0.00115523 0.000542563 0)
(0.000828682 3.59098e-05 0)
(0.000508957 -0.000130995 0)
(0.000294038 -0.000168164 0)
(0.000156711 -0.000162561 0)
(7.02086e-05 -0.000139472 0)
(1.85592e-05 -0.00011178 0)
(-9.49545e-06 -8.55267e-05 0)
(-2.25212e-05 -6.34366e-05 0)
(-2.69129e-05 -4.58339e-05 0)
(-2.64169e-05 -3.24676e-05 0)
(-2.35031e-05 -2.26444e-05 0)
(-1.96279e-05 -1.55905e-05 0)
(-0.0215117 -0.0499841 0)
(-0.0429257 -0.00892085 0)
(-0.0352877 0.0137322 0)
(-0.0224091 0.0275313 0)
(-0.00913274 0.030475 0)
(-0.00486263 0.0236461 0)
(-0.010983 0.0220067 0)
(-0.020766 0.0273016 0)
(-0.0300755 0.0415384 0)
(-0.0329489 0.0643792 0)
(-0.0244315 0.0901373 0)
(-0.00566753 0.110612 0)
(0.0214361 0.123078 0)
(0.0499562 0.118384 0)
(0.0721167 0.103442 0)
(0.0874313 0.078973 0)
(0.0913118 0.046781 0)
(0.0811293 0.0151704 0)
(0.0617497 -0.00762625 0)
(0.0406392 -0.0204328 0)
(0.0211707 -0.0254299 0)
(0.00648881 -0.0225157 0)
(-0.000873459 -0.0165227 0)
(-0.00268025 -0.00976961 0)
(0.00278486 -0.00363726 0)
(0.0146279 -0.00659286 0)
(0.0199102 -0.0210153 0)
(0.0166278 -0.033705 0)
(0.0112827 -0.0443219 0)
(0.00294758 -0.0535618 0)
(-0.00663147 -0.0591958 0)
(-0.0173875 -0.060533 0)
(-0.020103 -0.0551839 0)
(-0.0186014 -0.0619798 0)
(-0.0326563 -0.0703958 0)
(-0.0442573 -0.060586 0)
(-0.0497846 -0.0566957 0)
(-0.0582156 -0.0463914 0)
(-0.0647359 -0.0332756 0)
(-0.0736996 -0.0112417 0)
(-0.0725552 0.0238557 0)
(-0.0575528 0.0597087 0)
(-0.0288966 0.0940657 0)
(0.00838413 0.112 0)
(0.0426055 0.11182 0)
(0.0667816 0.0954066 0)
(0.0805549 0.0742394 0)
(0.0889121 0.0412427 0)
(0.080996 0.000495993 0)
(0.0582056 -0.0302195 0)
(0.0307632 -0.0472473 0)
(0.00496159 -0.0488879 0)
(-0.012622 -0.0397936 0)
(-0.0209805 -0.0264922 0)
(-0.0218255 -0.0137989 0)
(-0.0181481 -0.00441746 0)
(-0.0129714 0.00110102 0)
(-0.00820067 0.00349576 0)
(-0.00455087 0.00404848 0)
(-0.00206417 0.00367443 0)
(-0.000488078 0.00303094 0)
(0.000549451 0.00229528 0)
(0.00111161 0.00141826 0)
(0.0011251 0.000563646 0)
(0.000813664 5.94793e-05 0)
(0.000504186 -0.000116007 0)
(0.000293212 -0.00015869 0)
(0.000157251 -0.000156626 0)
(7.12605e-05 -0.000135949 0)
(1.97004e-05 -0.000109872 0)
(-8.4631e-06 -8.4636e-05 0)
(-2.16686e-05 -6.3206e-05 0)
(-2.62443e-05 -4.59711e-05 0)
(-2.5914e-05 -3.27984e-05 0)
(-2.31354e-05 -2.30612e-05 0)
(-1.93653e-05 -1.60333e-05 0)
(-0.0206206 -0.0480423 0)
(-0.0414851 -0.00897249 0)
(-0.0345309 0.0133201 0)
(-0.0221274 0.0269504 0)
(-0.00930997 0.0300531 0)
(-0.00514168 0.023767 0)
(-0.0109989 0.022377 0)
(-0.020463 0.0277449 0)
(-0.0294477 0.0418282 0)
(-0.0321491 0.0642657 0)
(-0.0237652 0.0895289 0)
(-0.00536653 0.109668 0)
(0.0211559 0.121825 0)
(0.049085 0.117307 0)
(0.0708725 0.102577 0)
(0.085905 0.0785548 0)
(0.0897391 0.0469379 0)
(0.0798682 0.0158447 0)
(0.0609846 -0.00672986 0)
(0.0403167 -0.0195572 0)
(0.0212113 -0.0246853 0)
(0.00676675 -0.0220464 0)
(-0.000531685 -0.0163352 0)
(-0.00236031 -0.00982958 0)
(0.00289387 -0.00396772 0)
(0.014314 -0.00688014 0)
(0.0194271 -0.0209634 0)
(0.0162911 -0.0333678 0)
(0.0110716 -0.0438653 0)
(0.00288977 -0.0529812 0)
(-0.00649636 -0.0585741 0)
(-0.0169955 -0.0601258 0)
(-0.0198397 -0.0550628 0)
(-0.0186055 -0.0623889 0)
(-0.0322314 -0.070393 0)
(-0.043565 -0.060759 0)
(-0.0491413 -0.0565617 0)
(-0.0574792 -0.0461566 0)
(-0.0638973 -0.0335603 0)
(-0.0724885 -0.0123612 0)
(-0.0712022 0.0235028 0)
(-0.0564756 0.0597114 0)
(-0.0285217 0.0940821 0)
(0.00801504 0.110358 0)
(0.0416682 0.110413 0)
(0.0655739 0.0943273 0)
(0.0792873 0.0731281 0)
(0.0874342 0.0406672 0)
(0.0796958 0.00156274 0)
(0.057398 -0.0283893 0)
(0.0304743 -0.0451575 0)
(0.0051372 -0.0470942 0)
(-0.012155 -0.038652 0)
(-0.0204324 -0.025997 0)
(-0.0213588 -0.0137441 0)
(-0.0178344 -0.00467669 0)
(-0.0128029 0.000676932 0)
(-0.00813555 0.0030923 0)
(-0.00454341 0.00370992 0)
(-0.00208138 0.0034451 0)
(-0.000514297 0.00290574 0)
(0.000516314 0.00223595 0)
(0.00107473 0.00139598 0)
(0.00109585 0.000565559 0)
(0.000798981 7.10349e-05 0)
(0.000499423 -0.000104917 0)
(0.000292263 -0.000151248 0)
(0.000157705 -0.000151684 0)
(7.22516e-05 -0.000132786 0)
(2.08015e-05 -0.000107937 0)
(-7.45621e-06 -8.3491e-05 0)
(-2.08316e-05 -6.25886e-05 0)
(-2.55841e-05 -4.56544e-05 0)
(-2.54157e-05 -3.26465e-05 0)
(-2.27704e-05 -2.29874e-05 0)
(-1.91048e-05 -1.59872e-05 0)
(-0.0197718 -0.0461791 0)
(-0.040098 -0.00899476 0)
(-0.0337845 0.0129298 0)
(-0.0218447 0.0263971 0)
(-0.00947133 0.0296432 0)
(-0.00540351 0.0238792 0)
(-0.0110089 0.0227337 0)
(-0.020163 0.0281733 0)
(-0.0288327 0.042109 0)
(-0.0313692 0.0641475 0)
(-0.0231187 0.08891 0)
(-0.00507683 0.108668 0)
(0.0208799 0.120586 0)
(0.0482289 0.116247 0)
(0.0696442 0.101798 0)
(0.0843999 0.0781491 0)
(0.0881897 0.0470953 0)
(0.0786211 0.016509 0)
(0.0602208 -0.00584251 0)
(0.0399878 -0.0186836 0)
(0.0212401 -0.023937 0)
(0.00702973 -0.0215725 0)
(-0.000203271 -0.0161515 0)
(-0.002053 -0.00990693 0)
(0.00299472 -0.00434214 0)
(0.0140065 -0.00730708 0)
(0.0189549 -0.0210231 0)
(0.0159553 -0.0332264 0)
(0.0108592 -0.0436515 0)
(0.00283235 -0.0526753 0)
(-0.00635436 -0.0582445 0)
(-0.0166104 -0.0598369 0)
(-0.019529 -0.0551494 0)
(-0.0185718 -0.0617091 0)
(-0.0318607 -0.069456 0)
(-0.0429367 -0.0602206 0)
(-0.0485277 -0.0561523 0)
(-0.0567296 -0.0458185 0)
(-0.0630365 -0.032875 0)
(-0.0713734 -0.0115124 0)
(-0.0700431 0.0229749 0)
(-0.0555706 0.0581707 0)
(-0.028102 0.0919685 0)
(0.00763972 0.108951 0)
(0.0406749 0.109311 0)
(0.0643068 0.0937786 0)
(0.077894 0.0731086 0)
(0.0858645 0.0409074 0)
(0.0783313 0.00195704 0)
(0.0565983 -0.0278266 0)
(0.0302985 -0.0446001 0)
(0.00546248 -0.0466478 0)
(-0.0115958 -0.038385 0)
(-0.0198547 -0.0259055 0)
(-0.0208884 -0.0137865 0)
(-0.017523 -0.0047818 0)
(-0.0126374 0.000534555 0)
(-0.00807098 0.00296943 0)
(-0.00453638 0.00362877 0)
(-0.00209945 0.00338596 0)
(-0.00054084 0.00285786 0)
(0.000483556 0.00220304 0)
(0.00103864 0.00138257 0)
(0.0010672 0.000572192 0)
(0.000784364 8.56334e-05 0)
(0.000494473 -9.39958e-05 0)
(0.000291168 -0.000144122 0)
(0.000158058 -0.000147123 0)
(7.31722e-05 -0.000130027 0)
(2.18545e-05 -0.000106409 0)
(-6.4814e-06 -8.27544e-05 0)
(-2.00152e-05 -6.23737e-05 0)
(-2.49359e-05 -4.57359e-05 0)
(-2.49235e-05 -3.28889e-05 0)
(-2.24074e-05 -2.33044e-05 0)
(-1.88434e-05 -1.63296e-05 0)
(-0.0189631 -0.0443908 0)
(-0.0387621 -0.00898973 0)
(-0.0330487 0.012558 0)
(-0.021561 0.0258627 0)
(-0.00961745 0.0292492 0)
(-0.00564876 0.0239845 0)
(-0.0110131 0.0230784 0)
(-0.0198658 0.0285877 0)
(-0.02823 0.0423781 0)
(-0.0306077 0.0640302 0)
(-0.0224881 0.0883173 0)
(-0.00479711 0.107725 0)
(0.0206053 0.119379 0)
(0.0473858 0.115207 0)
(0.0684334 0.101013 0)
(0.0829169 0.0777493 0)
(0.0866628 0.0472444 0)
(0.0773877 0.0171524 0)
(0.0594584 -0.00497967 0)
(0.0396525 -0.0178324 0)
(0.0212574 -0.0232083 0)
(0.007279 -0.0211096 0)
(0.000112886 -0.0159639 0)
(-0.00175642 -0.00996356 0)
(0.00309056 -0.00468576 0)
(0.0137082 -0.00765704 0)
(0.0184971 -0.0210323 0)
(0.0156283 -0.0330064 0)
(0.010652 -0.0433348 0)
(0.00277657 -0.0522533 0)
(-0.00622121 -0.0577903 0)
(-0.0162372 -0.059511 0)
(-0.0192497 -0.0551017 0)
(-0.0185376 -0.0617079 0)
(-0.0314579 -0.0690473 0)
(-0.0422845 -0.0600541 0)
(-0.0479027 -0.0558808 0)
(-0.0559938 -0.0455767 0)
(-0.0621825 -0.032829 0)
(-0.0702157 -0.0117045 0)
(-0.0687994 0.0227307 0)
(-0.0545825 0.0576473 0)
(-0.0277062 0.0908306 0)
(0.0073023 0.107379 0)
(0.039753 0.108078 0)
(0.0631472 0.09255 0)
(0.0766076 0.0723919 0)
(0.084385 0.0408153 0)
(0.0770344 0.00286254 0)
(0.0557945 -0.0264241 0)
(0.0300297 -0.0431133 0)
(0.0056657 -0.0454615 0)
(-0.011115 -0.037692 0)
(-0.019309 -0.0256697 0)
(-0.0204288 -0.0138679 0)
(-0.0172133 -0.0050091 0)
(-0.0124692 0.00029856 0)
(-0.00800327 0.00277601 0)
(-0.0045264 0.00349247 0)
(-0.00211543 0.0032996 0)
(-0.000566108 0.00280266 0)
(0.000451772 0.00216877 0)
(0.00100344 0.0013683 0)
(0.00103917 0.000577615 0)
(0.000769869 9.92546e-05 0)
(0.000489383 -8.30644e-05 0)
(0.000289941 -0.000136789 0)
(0.000158321 -0.00014228 0)
(7.40309e-05 -0.000126948 0)
(2.28673e-05 -0.000104545 0)
(-5.53182e-06 -8.16767e-05 0)
(-1.92138e-05 -6.18161e-05 0)
(-2.42956e-05 -4.54782e-05 0)
(-2.44354e-05 -3.27966e-05 0)
(-2.20468e-05 -2.32915e-05 0)
(-1.85838e-05 -1.63462e-05 0)
(-0.0181922 -0.0426739 0)
(-0.0374754 -0.00895986 0)
(-0.0323238 0.0122044 0)
(-0.0212763 0.0253477 0)
(-0.00974901 0.0288692 0)
(-0.00587801 0.024083 0)
(-0.0110115 0.0234113 0)
(-0.0195715 0.0289884 0)
(-0.0276395 0.0426363 0)
(-0.0298644 0.0639117 0)
(-0.0218737 0.0877325 0)
(-0.00452719 0.106793 0)
(0.0203327 0.118197 0)
(0.046556 0.114186 0)
(0.0672393 0.100249 0)
(0.0814552 0.0773572 0)
(0.085158 0.0473884 0)
(0.0761676 0.0177792 0)
(0.0586975 -0.00413539 0)
(0.039311 -0.0169959 0)
(0.0212636 -0.0224904 0)
(0.00751448 -0.0206517 0)
(0.000416867 -0.0157787 0)
(-0.00147123 -0.0100178 0)
(0.0031803 -0.00502872 0)
(0.0134171 -0.00801932 0)
(0.0180508 -0.0210646 0)
(0.0153058 -0.0328318 0)
(0.0104463 -0.0430747 0)
(0.00272147 -0.0518987 0)
(-0.00608818 -0.0574107 0)
(-0.0158738 -0.0592053 0)
(-0.0189583 -0.0551153 0)
(-0.0184881 -0.0613293 0)
(-0.0310751 -0.0683855 0)
(-0.0416585 -0.0597019 0)
(-0.0472866 -0.0555483 0)
(-0.0552535 -0.0452705 0)
(-0.0613355 -0.0323944 0)
(-0.0691068 -0.0114185 0)
(-0.0676291 0.0222302 0)
(-0.0536571 0.0565394 0)
(-0.0273005 0.0893429 0)
(0.00696383 0.105971 0)
(0.0388064 0.106955 0)
(0.061881 0.0923882 0)
(0.075295 0.0721363 0)
(0.0828828 0.0408431 0)
(0.0757245 0.00335043 0)
(0.055005 -0.0256336 0)
(0.0298141 -0.0422296 0)
(0.00592244 -0.0447091 0)
(-0.0106171 -0.0372095 0)
(-0.0187707 -0.0254668 0)
(-0.0199778 -0.0138927 0)
(-0.0169082 -0.00516538 0)
(-0.0123021 0.000102865 0)
(-0.00793424 0.00260139 0)
(-0.00451453 0.00336348 0)
(-0.00212982 0.00321471 0)
(-0.000590273 0.00274784 0)
(0.000420876 0.00213464 0)
(0.000969105 0.00135397 0)
(0.00101174 0.000582537 0)
(0.000755492 0.000112191 0)
(0.000484157 -7.25873e-05 0)
(0.00028858 -0.00012977 0)
(0.000158488 -0.000137712 0)
(7.48211e-05 -0.000124135 0)
(2.38328e-05 -0.000102945 0)
(-4.61415e-06 -8.08663e-05 0)
(-1.84333e-05 -6.15257e-05 0)
(-2.36677e-05 -4.54882e-05 0)
(-2.39539e-05 -3.29716e-05 0)
(-2.16885e-05 -2.35447e-05 0)
(-1.83238e-05 -1.66266e-05 0)
(-0.0174572 -0.0410252 0)
(-0.0362358 -0.00890737 0)
(-0.03161 0.0118685 0)
(-0.0209909 0.0248512 0)
(-0.00986658 0.0285031 0)
(-0.00609183 0.0241753 0)
(-0.0110044 0.0237328 0)
(-0.0192799 0.0293759 0)
(-0.0270607 0.0428841 0)
(-0.0291386 0.0637927 0)
(-0.0212747 0.0871599 0)
(-0.0042668 0.105882 0)
(0.0200619 0.117042 0)
(0.0457389 0.113184 0)
(0.0660617 0.0994967 0)
(0.0800144 0.076972 0)
(0.0836747 0.0475263 0)
(0.0749608 0.0183886 0)
(0.0579381 -0.00331117 0)
(0.0389636 -0.0161766 0)
(0.021259 -0.0217862 0)
(0.00773664 -0.0202007 0)
(0.000709052 -0.0155928 0)
(-0.00119697 -0.0100619 0)
(0.00326444 -0.00535877 0)
(0.0131339 -0.00835918 0)
(0.0176169 -0.0210861 0)
(0.0149898 -0.0326458 0)
(0.010244 -0.0427968 0)
(0.00266758 -0.0515241 0)
(-0.00595986 -0.0570091 0)
(-0.01552 -0.0588995 0)
(-0.0186772 -0.0550841 0)
(-0.0184298 -0.0611512 0)
(-0.0306827 -0.0678807 0)
(-0.04103 -0.0594507 0)
(-0.0466693 -0.0552499 0)
(-0.0545173 -0.0450172 0)
(-0.0604884 -0.0322095 0)
(-0.0679892 -0.0113462 0)
(-0.0664481 0.0219406 0)
(-0.0527241 0.0557953 0)
(-0.0269085 0.0880398 0)
(0.00664495 0.104509 0)
(0.0379438 0.105788 0)
(0.0608096 0.0905127 0)
(0.0739935 0.071587 0)
(0.0814271 0.040843 0)
(0.0744507 0.00410852 0)
(0.0542133 -0.0244787 0)
(0.0295553 -0.0410292 0)
(0.00612657 -0.0437534 0)
(-0.0101505 -0.0366474 0)
(-0.0182456 -0.0252661 0)
(-0.0195337 -0.0139439 0)
(-0.0166055 -0.0053427 0)
(-0.0121346 -9.56016e-05 0)
(-0.0078635 0.00242855 0)
(-0.00450065 0.00323644 0)
(-0.00214259 0.00313069 0)
(-0.000613334 0.00269339 0)
(0.000390862 0.00210074 0)
(0.000935616 0.00133968 0)
(0.000984904 0.000587082 0)
(0.00074124 0.000124651 0)
(0.000478809 -6.22885e-05 0)
(0.000287095 -0.000122739 0)
(0.000158567 -0.000133045 0)
(7.55503e-05 -0.000121169 0)
(2.47582e-05 -0.000101158 0)
(-3.72179e-06 -7.98493e-05 0)
(-1.76678e-05 -6.10143e-05 0)
(-2.30478e-05 -4.52708e-05 0)
(-2.34765e-05 -3.29175e-05 0)
(-2.13325e-05 -2.35704e-05 0)
(-1.80653e-05 -1.66838e-05 0)
(-0.0167563 -0.0394416 0)
(-0.0350414 -0.00883433 0)
(-0.0309074 0.0115495 0)
(-0.0207049 0.0243728 0)
(-0.00997074 0.0281502 0)
(-0.00629078 0.0242617 0)
(-0.0109918 0.0240432 0)
(-0.0189909 0.0297504 0)
(-0.0264933 0.0431218 0)
(-0.0284299 0.063673 0)
(-0.0206908 0.0865982 0)
(-0.00401566 0.104989 0)
(0.0197929 0.115913 0)
(0.0449342 0.1122 0)
(0.0649001 0.0987584 0)
(0.0785941 0.0765937 0)
(0.0822124 0.0476589 0)
(0.0737668 0.0189814 0)
(0.0571805 -0.00250596 0)
(0.0386105 -0.0153732 0)
(0.0212437 -0.0210945 0)
(0.0079457 -0.0197558 0)
(0.000989722 -0.0154084 0)
(-0.00093348 -0.010098 0)
(0.00334287 -0.00568094 0)
(0.012858 -0.00869076 0)
(0.0171943 -0.0211122 0)
(0.014679 -0.0324736 0)
(0.0100441 -0.0425353 0)
(0.00261452 -0.0511703 0)
(-0.0058336 -0.0566312 0)
(-0.0151756 -0.0585994 0)
(-0.0183955 -0.0550652 0)
(-0.0183611 -0.0608783 0)
(-0.0302972 -0.067318 0)
(-0.0404147 -0.0591527 0)
(-0.0460556 -0.05494 0)
(-0.0537818 -0.0447356 0)
(-0.0596501 -0.0318901 0)
(-0.0668964 -0.0112074 0)
(-0.0652969 0.0215086 0)
(-0.0518123 0.0548788 0)
(-0.026514 0.0867128 0)
(0.00633574 0.103127 0)
(0.0369903 0.104689 0)
(0.059526 0.0915619 0)
(0.0727707 0.0712504 0)
(0.0799739 0.0408348 0)
(0.0731821 0.00464902 0)
(0.0534316 -0.0235943 0)
(0.0293134 -0.0400426 0)
(0.00633897 -0.0429247 0)
(-0.0096926 -0.0361246 0)
(-0.0177334 -0.0250559 0)
(-0.0190983 -0.0139743 0)
(-0.0163064 -0.00550498 0)
(-0.0119671 -0.000287779 0)
(-0.00779128 0.00225916 0)
(-0.00448485 0.00311117 0)
(-0.00215379 0.00304744 0)
(-0.000635304 0.00263927 0)
(0.000361721 0.00206697 0)
(0.000902959 0.00132538 0)
(0.000958645 0.000591205 0)
(0.000727115 0.000136589 0)
(0.000473347 -5.22829e-05 0)
(0.000285488 -0.000115867 0)
(0.000158556 -0.0001285 0)
(7.62146e-05 -0.00011832 0)
(2.56385e-05 -9.94954e-05 0)
(-2.85991e-06 -7.89718e-05 0)
(-1.69222e-05 -6.06538e-05 0)
(-2.24399e-05 -4.52145e-05 0)
(-2.30056e-05 -3.3031e-05 0)
(-2.09791e-05 -2.3766e-05 0)
(-1.78069e-05 -1.69092e-05 0)
(-0.0160876 -0.0379202 0)
(-0.0338902 -0.00874269 0)
(-0.0302162 0.0112471 0)
(-0.0204185 0.023912 0)
(-0.010062 0.02781 0)
(-0.00647536 0.0243426 0)
(-0.0109738 0.0243428 0)
(-0.0187047 0.0301125 0)
(-0.0259371 0.0433496 0)
(-0.0277378 0.0635528 0)
(-0.0201218 0.0860473 0)
(-0.00377355 0.104114 0)
(0.0195255 0.114808 0)
(0.0441416 0.111235 0)
(0.0637544 0.0980332 0)
(0.0771938 0.0762223 0)
(0.0807707 0.047786 0)
(0.0725854 0.019558 0)
(0.0564245 -0.00171958 0)
(0.0382519 -0.0145858 0)
(0.021218 -0.0204155 0)
(0.00814198 -0.0193172 0)
(0.00125926 -0.0152248 0)
(-0.000680573 -0.0101287 0)
(0.00341568 -0.00599144 0)
(0.0125892 -0.00900909 0)
(0.016783 -0.0211358 0)
(0.0143741 -0.0323034 0)
(0.00984713 -0.042274 0)
(0.00256245 -0.0508177 0)
(-0.00571066 -0.0562546 0)
(-0.01484 -0.0583038 0)
(-0.0181181 -0.0550293 0)
(-0.0182831 -0.0606556 0)
(-0.0299091 -0.0668074 0)
(-0.0398032 -0.0588834 0)
(-0.0454432 -0.0546405 0)
(-0.0530488 -0.0444798 0)
(-0.0588122 -0.031659 0)
(-0.0658091 -0.0110933 0)
(-0.0641576 0.02118 0)
(-0.0509129 0.0540789 0)
(-0.0261263 0.0854303 0)
(0.00604026 0.101744 0)
(0.0362333 0.103561 0)
(0.0584992 0.0908525 0)
(0.0714056 0.0707752 0)
(0.0785493 0.0408423 0)
(0.0719365 0.00532449 0)
(0.0526517 -0.0225799 0)
(0.0290531 -0.0389739 0)
(0.00652743 -0.0420589 0)
(-0.00925136 -0.0355982 0)
(-0.0172327 -0.0248521 0)
(-0.0186702 -0.0140079 0)
(-0.0160104 -0.00566354 0)
(-0.0117995 -0.000476765 0)
(-0.00771752 0.00209322 0)
(-0.00446719 0.00298774 0)
(-0.00216345 0.00296501 0)
(-0.000656202 0.00258554 0)
(0.000333446 0.00203332 0)
(0.000871126 0.00131109 0)
(0.000932955 0.000594936 0)
(0.00071312 0.000147992 0)
(0.000467777 -4.25296e-05 0)
(0.000283765 -0.000109091 0)
(0.00015846 -0.000123975 0)
(7.68178e-05 -0.000115445 0)
(2.64777e-05 -9.77715e-05 0)
(-2.02439e-06 -7.80071e-05 0)
(-1.61926e-05 -6.01843e-05 0)
(-2.18407e-05 -4.50353e-05 0)
(-2.25392e-05 -3.30138e-05 0)
(-2.0628e-05 -2.38288e-05 0)
(-1.75497e-05 -1.70049e-05 0)
(-0.0154494 -0.036458 0)
(-0.0327806 -0.00863422 0)
(-0.0295364 0.0109605 0)
(-0.0201317 0.0234682 0)
(-0.0101409 0.0274821 0)
(-0.0066461 0.0244184 0)
(-0.0109506 0.0246321 0)
(-0.0184209 0.0304623 0)
(-0.0253919 0.0435679 0)
(-0.027062 0.0634322 0)
(-0.0195671 0.085507 0)
(-0.00354024 0.103256 0)
(0.0192598 0.113727 0)
(0.0433607 0.110288 0)
(0.0626241 0.0973211 0)
(0.0758132 0.0758575 0)
(0.0793491 0.0479079 0)
(0.0714165 0.0201189 0)
(0.0556704 -0.000951621 0)
(0.0378879 -0.0138141 0)
(0.0211823 -0.0197489 0)
(0.00832574 -0.0188848 0)
(0.00151781 -0.0150391 0)
(-0.000437962 -0.0101633 0)
(0.00348305 -0.00628766 0)
(0.0123273 -0.00931672 0)
(0.0163823 -0.02116 0)
(0.0140745 -0.0321402 0)
(0.00965279 -0.0420202 0)
(0.00251123 -0.0504752 0)
(-0.00559025 -0.0558894 0)
(-0.014513 -0.0580124 0)
(-0.0178428 -0.0549917 0)
(-0.0181961 -0.0604128 0)
(-0.0295239 -0.0662915 0)
(-0.0392004 -0.0586043 0)
(-0.044833 -0.0543408 0)
(-0.0523182 -0.0442148 0)
(-0.0579807 -0.0313909 0)
(-0.0647374 -0.0109889 0)
(-0.0630354 0.0207937 0)
(-0.050025 0.0532448 0)
(-0.0257404 0.0841719 0)
(0.0057541 0.100404 0)
(0.0353357 0.102421 0)
(0.057396 0.0882583 0)
(0.0702349 0.0703072 0)
(0.0771387 0.0408356 0)
(0.0707033 0.00587025 0)
(0.051878 -0.0216781 0)
(0.0287944 -0.0379808 0)
(0.00670857 -0.0412324 0)
(-0.00882364 -0.0350807 0)
(-0.0167442 -0.0246442 0)
(-0.0182498 -0.0140339 0)
(-0.0157176 -0.00581515 0)
(-0.0116322 -0.000660194 0)
(-0.00764235 0.00193039 0)
(-0.00444772 0.00286614 0)
(-0.0021716 0.00288339 0)
(-0.000676041 0.00253221 0)
(0.000306029 0.00199993 0)
(0.000840103 0.00129681 0)
(0.000907819 0.000598285 0)
(0.000699258 0.000158871 0)
(0.000462112 -3.30297e-05 0)
(0.000281929 -0.000102426 0)
(0.000158279 -0.000119506 0)
(7.73597e-05 -0.000112602 0)
(2.72745e-05 -9.60785e-05 0)
(-1.21736e-06 -7.70832e-05 0)
(-1.54814e-05 -5.97674e-05 0)
(-2.12525e-05 -4.49219e-05 0)
(-2.20789e-05 -3.30721e-05 0)
(-2.02795e-05 -2.3972e-05 0)
(-1.7293e-05 -1.71804e-05 0)
(-0.0148403 -0.0350526 0)
(-0.0317109 -0.00851059 0)
(-0.028868 0.0106892 0)
(-0.0198447 0.0230409 0)
(-0.0102079 0.027166 0)
(-0.00680349 0.0244893 0)
(-0.0109222 0.0249114 0)
(-0.0181397 0.0308004 0)
(-0.0248572 0.0437771 0)
(-0.026402 0.0633112 0)
(-0.0190266 0.0849772 0)
(-0.00331548 0.102415 0)
(0.0189956 0.112671 0)
(0.0425913 0.10936 0)
(0.061509 0.096622 0)
(0.0744518 0.0754993 0)
(0.077947 0.0480248 0)
(0.0702597 0.0206644 0)
(0.0549181 -0.000215753 0)
(0.0375189 -0.0130578 0)
(0.0211367 -0.0190945 0)
(0.00849738 -0.0184586 0)
(0.00176534 -0.0148503 0)
(-0.000205461 -0.0102019 0)
(0.00354539 -0.00656988 0)
(0.0120718 -0.00961316 0)
(0.015992 -0.0211834 0)
(0.0137803 -0.0319813 0)
(0.00946122 -0.0417703 0)
(0.00246089 -0.0501383 0)
(-0.00547263 -0.0555304 0)
(-0.0141943 -0.0577255 0)
(-0.0175704 -0.0549452 0)
(-0.0181004 -0.060183 0)
(-0.0291385 -0.0657985 0)
(-0.0386032 -0.0583346 0)
(-0.0442247 -0.0540463 0)
(-0.0515896 -0.0439625 0)
(-0.0571519 -0.0311528 0)
(-0.0636755 -0.0108816 0)
(-0.0619295 0.0204505 0)
(-0.0491512 0.0524513 0)
(-0.0253584 0.082937 0)
(0.00547884 0.0990833 0)
(0.0345346 0.101316 0)
(0.0561852 0.0885681 0)
(0.0689703 0.0698678 0)
(0.0757498 0.040838 0)
(0.0694879 0.00645498 0)
(0.0511092 -0.0207456 0)
(0.0285275 -0.0369812 0)
(0.00687572 -0.040411 0)
(-0.00840999 -0.0345696 0)
(-0.0162671 -0.0244381 0)
(-0.017837 -0.0140562 0)
(-0.0154281 -0.00596132 0)
(-0.0114649 -0.000840809 0)
(-0.00756581 0.00177094 0)
(-0.00442648 0.00274636 0)
(-0.00217827 0.0028026 0)
(-0.000694831 0.00247929 0)
(0.00027946 0.00196676 0)
(0.000809875 0.00128252 0)
(0.000883228 0.000601269 0)
(0.000685532 0.000169308 0)
(0.000456358 -2.37787e-05 0)
(0.000279986 -9.58714e-05 0)
(0.000158015 -0.000115086 0)
(7.78416e-05 -0.000109779 0)
(2.80299e-05 -9.43851e-05 0)
(-4.37577e-07 -7.61449e-05 0)
(-1.47871e-05 -5.9321e-05 0)
(-2.06741e-05 -4.47672e-05 0)
(-2.16237e-05 -3.30809e-05 0)
(-1.99335e-05 -2.40624e-05 0)
(-1.70373e-05 -1.7305e-05 0)
(-0.0142586 -0.0337014 0)
(-0.0306793 -0.00837332 0)
(-0.0282111 0.0104328 0)
(-0.0195576 0.0226296 0)
(-0.0102636 0.0268614 0)
(-0.00694799 0.0245557 0)
(-0.0108889 0.0251809 0)
(-0.017861 0.031127 0)
(-0.0243328 0.0439775 0)
(-0.0257573 0.06319 0)
(-0.0184997 0.0844576 0)
(-0.00309906 0.101591 0)
(0.018733 0.111637 0)
(0.041833 0.108448 0)
(0.0604088 0.0959355 0)
(0.0731091 0.0751475 0)
(0.0765641 0.0481368 0)
(0.0691143 0.0211951 0)
(0.0541677 0.000521517 0)
(0.0371455 -0.0123167 0)
(0.0210816 -0.0184522 0)
(0.00865722 -0.0180385 0)
(0.00200199 -0.0146612 0)
(1.71445e-05 -0.0102413 0)
(0.00360293 -0.00684053 0)
(0.0118226 -0.00989919 0)
(0.0156118 -0.0212066 0)
(0.0134913 -0.0318277 0)
(0.00927232 -0.041526 0)
(0.00241137 -0.049809 0)
(-0.00535754 -0.0551799 0)
(-0.0138835 -0.0574429 0)
(-0.0173004 -0.0548935 0)
(-0.0179967 -0.0599503 0)
(-0.0287544 -0.0653131 0)
(-0.0380128 -0.0580647 0)
(-0.0436185 -0.0537543 0)
(-0.0508638 -0.0437094 0)
(-0.0563277 -0.0309102 0)
(-0.0626261 -0.0107899 0)
(-0.0608383 0.0200898 0)
(-0.0482884 0.0516618 0)
(-0.0249794 0.0817302 0)
(0.00521306 0.097792 0)
(0.0337082 0.10022 0)
(0.0552029 0.0873512 0)
(0.0677762 0.0694106 0)
(0.0743782 0.0408328 0)
(0.0682867 0.00700535 0)
(0.0503459 -0.019863 0)
(0.0282574 -0.0360152 0)
(0.0070321 -0.0396087 0)
(-0.00800957 -0.0340651 0)
(-0.0158014 -0.0242314 0)
(-0.0174315 -0.0140744 0)
(-0.0151419 -0.00610204 0)
(-0.0112979 -0.00101621 0)
(-0.0074879 0.00161466 0)
(-0.00440355 0.00262842 0)
(-0.0021835 0.00272266 0)
(-0.000712588 0.00242678 0)
(0.000253731 0.00193385 0)
(0.000780432 0.00126826 0)
(0.000859172 0.000603899 0)
(0.000671944 0.000179286 0)
(0.000450524 -1.47723e-05 0)
(0.000277939 -8.94274e-05 0)
(0.000157671 -0.000110718 0)
(7.82643e-05 -0.000106978 0)
(2.87443e-05 -9.26985e-05 0)
(3.14935e-07 -7.52091e-05 0)
(-1.41102e-05 -5.88767e-05 0)
(-2.01059e-05 -4.46196e-05 0)
(-2.11741e-05 -3.31026e-05 0)
(-1.95901e-05 -2.41694e-05 0)
(-1.67824e-05 -1.74464e-05 0)
(-0.013703 -0.0324019 0)
(-0.0296844 -0.00822385 0)
(-0.0275658 0.0101906 0)
(-0.0192705 0.0222339 0)
(-0.0103083 0.0265677 0)
(-0.00708007 0.0246179 0)
(-0.0108507 0.025441 0)
(-0.0175846 0.0314424 0)
(-0.0238186 0.0441692 0)
(-0.0251275 0.0630686 0)
(-0.0179862 0.0839481 0)
(-0.00289077 0.100784 0)
(0.0184718 0.110626 0)
(0.0410855 0.107555 0)
(0.0593231 0.0952617 0)
(0.0717849 0.0748021 0)
(0.0751999 0.0482441 0)
(0.0679814 0.0217112 0)
(0.0534193 0.00125424 0)
(0.0367666 -0.0115906 0)
(0.0210171 -0.0178218 0)
(0.00880554 -0.0176246 0)
(0.0022279 -0.0144735 0)
(0.000230066 -0.0102808 0)
(0.00365588 -0.00710036 0)
(0.0115792 -0.010175 0)
(0.0152412 -0.0212292 0)
(0.0132075 -0.0316787 0)
(0.00908611 -0.0412864 0)
(0.00236266 -0.0494861 0)
(-0.00524498 -0.0548365 0)
(-0.0135803 -0.0571647 0)
(-0.0170329 -0.0548357 0)
(-0.017885 -0.0597221 0)
(-0.0283701 -0.0648427 0)
(-0.0374291 -0.0577993 0)
(-0.0430142 -0.0534663 0)
(-0.0501405 -0.0434635 0)
(-0.055507 -0.0306796 0)
(-0.0615872 -0.0106966 0)
(-0.0597625 0.0197467 0)
(-0.0474378 0.0508923 0)
(-0.0246035 0.0805462 0)
(0.00495698 0.0965261 0)
(0.0329226 0.0991462 0)
(0.0540677 0.0869226 0)
(0.0665686 0.0689808 0)
(0.073026 0.0408334 0)
(0.0671009 0.00755856 0)
(0.0495867 -0.0189852 0)
(0.0279821 -0.0350631 0)
(0.00717679 -0.0388196 0)
(-0.00762265 -0.0335667 0)
(-0.0153468 -0.024025 0)
(-0.0170333 -0.0140891 0)
(-0.0148588 -0.00623759 0)
(-0.0111312 -0.00118588 0)
(-0.00740877 0.00146156 0)
(-0.00437895 0.00251227 0)
(-0.0021873 0.00264359 0)
(-0.000729323 0.00237469 0)
(0.000228834 0.00190114 0)
(0.000751758 0.00125401 0)
(0.00083564 0.000606191 0)
(0.000658496 0.000188813 0)
(0.000444616 -6.0064e-06 0)
(0.000275793 -8.30944e-05 0)
(0.000157248 -0.000106402 0)
(7.8629e-05 -0.000104198 0)
(2.94182e-05 -9.1019e-05 0)
(1.04044e-06 -7.42738e-05 0)
(-1.34504e-05 -5.84276e-05 0)
(-1.95477e-05 -4.44648e-05 0)
(-2.073e-05 -3.31151e-05 0)
(-1.92493e-05 -2.42664e-05 0)
(-1.65284e-05 -1.75789e-05 0)
(-0.0131721 -0.031152 0)
(-0.0287247 -0.00806348 0)
(-0.0269318 0.00996208 0)
(-0.0189836 0.0218531 0)
(-0.0103425 0.0262847 0)
(-0.00720017 0.0246761 0)
(-0.0108078 0.025692 0)
(-0.0173106 0.0317471 0)
(-0.0233141 0.0443528 0)
(-0.0245123 0.0629471 0)
(-0.0174857 0.0834485 0)
(-0.00269038 0.0999938 0)
(0.0182121 0.109638 0)
(0.0403486 0.106678 0)
(0.0582518 0.0946003 0)
(0.0704787 0.0744628 0)
(0.073854 0.0483469 0)
(0.0668599 0.0222132 0)
(0.052673 0.00195004 0)
(0.0363831 -0.0108793 0)
(0.0209434 -0.0172032 0)
(0.00894256 -0.0172168 0)
(0.0024432 -0.0142889 0)
(0.000433575 -0.0103201 0)
(0.00370444 -0.00734997 0)
(0.0113416 -0.0104406 0)
(0.0148799 -0.0212514 0)
(0.0129287 -0.0315343 0)
(0.00890255 -0.0410517 0)
(0.00231472 -0.04917 0)
(-0.00513485 -0.0545005 0)
(-0.0132845 -0.0568907 0)
(-0.0167679 -0.0547726 0)
(-0.017766 -0.0594949 0)
(-0.0279867 -0.0643828 0)
(-0.0368514 -0.0575362 0)
(-0.0424118 -0.0531817 0)
(-0.0494201 -0.04322 0)
(-0.0546908 -0.0304525 0)
(-0.060559 -0.0106144 0)
(-0.0587009 0.0194015 0)
(-0.0465984 0.0501359 0)
(-0.0242306 0.0793878 0)
(0.00471013 0.0952856 0)
(0.0321434 0.0980868 0)
(0.0530326 0.0861092 0)
(0.0653867 0.068543 0)
(0.0716909 0.0408284 0)
(0.0659296 0.0080783 0)
(0.0488332 -0.0181356 0)
(0.0277026 -0.0341336 0)
(0.00731067 -0.0380461 0)
(-0.00724822 -0.0330753 0)
(-0.0149032 -0.0238188 0)
(-0.0166422 -0.0140998 0)
(-0.014579 -0.00636805 0)
(-0.0109647 -0.00135178 0)
(-0.00732844 0.00131161 0)
(-0.00435276 0.00239795 0)
(-0.00218972 0.00256539 0)
(-0.000745054 0.00232303 0)
(0.000204759 0.00186865 0)
(0.000723843 0.00123978 0)
(0.000812623 0.000608156 0)
(0.000645191 0.000197916 0)
(0.000438642 2.5284e-06 0)
(0.000273552 -7.68725e-05 0)
(0.000156749 -0.00010214 0)
(7.89366e-05 -0.000101442 0)
(3.0052e-05 -8.93471e-05 0)
(1.73918e-06 -7.33394e-05 0)
(-1.28075e-05 -5.79747e-05 0)
(-1.89997e-05 -4.43052e-05 0)
(-2.02914e-05 -3.31232e-05 0)
(-1.89112e-05 -2.436e-05 0)
(-1.62754e-05 -1.77086e-05 0)
(-0.0126647 -0.0299494 0)
(-0.0277987 -0.00789345 0)
(-0.0263093 0.00974676 0)
(-0.018697 0.021487 0)
(-0.0103668 0.026012 0)
(-0.00730872 0.0247305 0)
(-0.0107602 0.0259341 0)
(-0.0170389 0.0320413 0)
(-0.0228192 0.0445283 0)
(-0.0239113 0.0628255 0)
(-0.016998 0.0829585 0)
(-0.00249769 0.0992192 0)
(0.0179537 0.108671 0)
(0.0396219 0.105819 0)
(0.0571945 0.0939512 0)
(0.0691902 0.0741297 0)
(0.0725259 0.0484452 0)
(0.0657496 0.0227014 0)
(0.0519287 0.00263119 0)
(0.0359953 -0.0101824 0)
(0.0208609 -0.0165961 0)
(0.0090685 -0.016815 0)
(0.00264807 -0.0141065 0)
(0.000627935 -0.0103586 0)
(0.00374879 -0.00758981 0)
(0.0111094 -0.0106965 0)
(0.0145277 -0.0212731 0)
(0.0126549 -0.0313943 0)
(0.00872162 -0.0408218 0)
(0.00226754 -0.0488604 0)
(-0.00502708 -0.0541716 0)
(-0.0129957 -0.0566209 0)
(-0.0165053 -0.0547046 0)
(-0.0176398 -0.0592704 0)
(-0.0276045 -0.0639351 0)
(-0.0362788 -0.0572767 0)
(-0.0418115 -0.0529008 0)
(-0.0487023 -0.0429817 0)
(-0.0538779 -0.0302333 0)
(-0.0595417 -0.0105335 0)
(-0.0576537 0.019065 0)
(-0.0457702 0.0493947 0)
(-0.0238606 0.0782528 0)
(0.00447244 0.0940705 0)
(0.0313856 0.0970466 0)
(0.0519781 0.085507 0)
(0.064213 0.068121 0)
(0.0703739 0.0408269 0)
(0.0647725 0.00859798 0)
(0.048084 -0.0173014 0)
(0.0274188 -0.0332221 0)
(0.00743374 -0.0372872 0)
(-0.00688662 -0.0325894 0)
(-0.0144703 -0.0236132 0)
(-0.0162582 -0.014107 0)
(-0.0143024 -0.00649349 0)
(-0.0107986 -0.00151382 0)
(-0.00724697 0.00116475 0)
(-0.00432501 0.00228551 0)
(-0.00219079 0.00248809 0)
(-0.000759792 0.00227185 0)
(0.000181497 0.00183643 0)
(0.000696675 0.00122556 0)
(0.000790111 0.000609807 0)
(0.00063203 0.000206612 0)
(0.000432608 1.08255e-05 0)
(0.000271219 -7.0762e-05 0)
(0.000156175 -9.79308e-05 0)
(7.9188e-05 -9.87106e-05 0)
(3.06463e-05 -8.76837e-05 0)
(2.41141e-06 -7.24064e-05 0)
(-1.21816e-05 -5.75183e-05 0)
(-1.84617e-05 -4.41411e-05 0)
(-1.98584e-05 -3.31267e-05 0)
(-1.85757e-05 -2.44494e-05 0)
(-1.60234e-05 -1.78349e-05 0)
(-0.0121796 -0.0287922 0)
(-0.0269051 -0.00771488 0)
(-0.0256981 0.0095441 0)
(-0.0184108 0.0211349 0)
(-0.0103814 0.0257491 0)
(-0.00740613 0.0247814 0)
(-0.0107081 0.0261677 0)
(-0.0167694 0.0323253 0)
(-0.0223337 0.0446962 0)
(-0.023324 0.062704 0)
(-0.0165226 0.0824781 0)
(-0.00231251 0.0984605 0)
(0.0176966 0.107726 0)
(0.0389053 0.104976 0)
(0.056151 0.0933142 0)
(0.0679188 0.0738026 0)
(0.0712152 0.0485392 0)
(0.0646504 0.0231762 0)
(0.0511865 0.0032979 0)
(0.0356032 -0.00949989 0)
(0.0207697 -0.0160006 0)
(0.0091836 -0.0164193 0)
(0.00284266 -0.0139256 0)
(0.00081337 -0.0103961 0)
(0.00378911 -0.00782027 0)
(0.0108824 -0.0109433 0)
(0.0141842 -0.0212943 0)
(0.0123859 -0.0312586 0)
(0.00854332 -0.0405965 0)
(0.00222109 -0.0485573 0)
(-0.00492158 -0.0538497 0)
(-0.0127137 -0.0563554 0)
(-0.0162449 -0.0546318 0)
(-0.0175069 -0.0590478 0)
(-0.0272231 -0.0634984 0)
(-0.0357117 -0.05702 0)
(-0.0412131 -0.0526235 0)
(-0.0479875 -0.042747 0)
(-0.0530688 -0.0300196 0)
(-0.0585348 -0.0104607 0)
(-0.0566202 0.0187315 0)
(-0.0449527 0.0486679 0)
(-0.0234935 0.0771416 0)
(0.00424343 0.0928797 0)
(0.0306421 0.0960224 0)
(0.0509532 0.0848183 0)
(0.0630537 0.0676994 0)
(0.0690736 0.0408223 0)
(0.0636293 0.00909642 0)
(0.04734 -0.0164885 0)
(0.0271309 -0.0323303 0)
(0.00754655 -0.0365425 0)
(-0.00653709 -0.0321106 0)
(-0.014048 -0.0234081 0)
(-0.0158812 -0.0141102 0)
(-0.014029 -0.00661401 0)
(-0.0106329 -0.00167174 0)
(-0.0071644 0.00102098 0)
(-0.00429575 0.00217486 0)
(-0.00219053 0.00241168 0)
(-0.000773551 0.00222111 0)
(0.000159037 0.00180447 0)
(0.000670241 0.00121138 0)
(0.000768095 0.000611158 0)
(0.000619016 0.000214904 0)
(0.00042652 1.88843e-05 0)
(0.000268799 -6.47626e-05 0)
(0.000155527 -9.37766e-05 0)
(7.93844e-05 -9.60035e-05 0)
(3.12015e-05 -8.60293e-05 0)
(3.05741e-06 -7.14753e-05 0)
(-1.15723e-05 -5.70588e-05 0)
(-1.79338e-05 -4.39728e-05 0)
(-1.94309e-05 -3.31258e-05 0)
(-1.82429e-05 -2.45349e-05 0)
(-1.57723e-05 -1.79578e-05 0)
(-0.0117156 -0.0276783 0)
(-0.0260426 -0.00752882 0)
(-0.0250981 0.00935359 0)
(-0.018125 0.0207966 0)
(-0.0103867 0.0254959 0)
(-0.00749281 0.024829 0)
(-0.0106516 0.0263931 0)
(-0.0165021 0.0325995 0)
(-0.0218572 0.0448566 0)
(-0.0227501 0.0625826 0)
(-0.0160593 0.0820071 0)
(-0.00213463 0.0977173 0)
(0.0174409 0.106802 0)
(0.0381984 0.10415 0)
(0.0551209 0.0926892 0)
(0.0666644 0.0734815 0)
(0.0699216 0.0486292 0)
(0.063562 0.023638 0)
(0.0504465 0.00394843 0)
(0.0352069 -0.00883144 0)
(0.02067 -0.0154163 0)
(0.00928811 -0.0160296 0)
(0.00302713 -0.013746 0)
(0.000990088 -0.0104323 0)
(0.00382553 -0.0080417 0)
(0.0106606 -0.0111812 0)
(0.013849 -0.0213149 0)
(0.0121217 -0.0311269 0)
(0.00836759 -0.0403759 0)
(0.00217535 -0.0482605 0)
(-0.00481828 -0.0535347 0)
(-0.0124382 -0.056094 0)
(-0.0159869 -0.0545548 0)
(-0.0173676 -0.0588275 0)
(-0.0268426 -0.0630727 0)
(-0.0351497 -0.0567665 0)
(-0.0406166 -0.05235 0)
(-0.0472754 -0.0425166 0)
(-0.0522632 -0.0298119 0)
(-0.0575385 -0.0103907 0)
(-0.0556002 0.0184038 0)
(-0.0441459 0.0479551 0)
(-0.0231291 0.0760533 0)
(0.00402298 0.0917133 0)
(0.029915 0.095016 0)
(0.0499401 0.0841813 0)
(0.0619072 0.0672875 0)
(0.0677904 0.0408186 0)
(0.0624997 0.00958665 0)
(0.0466005 -0.0156934 0)
(0.0268391 -0.0314568 0)
(0.00764908 -0.0358116 0)
(-0.00619953 -0.0316385 0)
(-0.0136359 -0.0232036 0)
(-0.015511 -0.0141114 0)
(-0.0137588 -0.00672988 0)
(-0.0104677 -0.00182372 0)
(-0.00708079 0.000880196 0)
(-0.00426503 0.00206601 0)
(-0.00218897 0.00233618 0)
(-0.000786347 0.00217089 0)
(0.000137372 0.0017728 0)
(0.000644528 0.00119724 0)
(0.000746566 0.000612228 0)
(0.000606148 0.000222811 0)
(0.000420386 2.67179e-05 0)
(0.000266296 -5.88743e-05 0)
(0.000154809 -8.96777e-05 0)
(7.95266e-05 -9.33219e-05 0)
(3.17182e-05 -8.43846e-05 0)
(3.67742e-06 -7.05467e-05 0)
(-1.09797e-05 -5.65965e-05 0)
(-1.74158e-05 -4.38003e-05 0)
(-1.9009e-05 -3.31206e-05 0)
(-1.79129e-05 -2.46165e-05 0)
(-1.55223e-05 -1.80775e-05 0)
(-0.0112718 -0.026606 0)
(-0.0252098 -0.00733624 0)
(-0.0245093 0.00917475 0)
(-0.0178398 0.0204714 0)
(-0.0103833 0.0252518 0)
(-0.00756914 0.0248735 0)
(-0.0105908 0.0266104 0)
(-0.0162369 0.0328641 0)
(-0.0213895 0.0450099 0)
(-0.0221893 0.0624613 0)
(-0.0156078 0.0815452 0)
(-0.00196387 0.0969894 0)
(0.0171863 0.105898 0)
(0.0375009 0.10334 0)
(0.054104 0.0920759 0)
(0.0654265 0.0731661 0)
(0.0686446 0.0487151 0)
(0.0624843 0.024087 0)
(0.0497086 0.00458343 0)
(0.0348067 -0.00817684 0)
(0.0205622 -0.0148432 0)
(0.00938227 -0.0156459 0)
(0.00320165 -0.0135677 0)
(0.0011583 -0.0104666 0)
(0.00385819 -0.00825443 0)
(0.0104435 -0.0114104 0)
(0.013522 -0.0213349 0)
(0.0118621 -0.0309991 0)
(0.00819443 -0.0401599 0)
(0.00213031 -0.0479699 0)
(-0.00471712 -0.0532263 0)
(-0.012169 -0.0558367 0)
(-0.015731 -0.0544738 0)
(-0.0172222 -0.0586095 0)
(-0.026463 -0.0626576 0)
(-0.0345927 -0.0565162 0)
(-0.0400221 -0.0520802 0)
(-0.0465661 -0.0422902 0)
(-0.0514614 -0.0296099 0)
(-0.0565523 -0.0103259 0)
(-0.0545933 0.0180806 0)
(-0.0433493 0.0472565 0)
(-0.0227674 0.0749879 0)
(0.00381074 0.0905704 0)
(0.0292034 0.094026 0)
(0.0489428 0.0835374 0)
(0.0607727 0.06688 0)
(0.0665235 0.040814 0)
(0.0613834 0.0100636 0)
(0.045866 -0.0149171 0)
(0.0265434 -0.0306019 0)
(0.00774199 -0.0350945 0)
(-0.00587368 -0.0311733 0)
(-0.013234 -0.023 0)
(-0.0151475 -0.0141085 0)
(-0.0134916 -0.00684115 0)
(-0.0103029 -0.00197149 0)
(-0.00699625 0.000742474 0)
(-0.0042329 0.00195895 0)
(-0.00218614 0.00226161 0)
(-0.000798191 0.00212113 0)
(0.00011649 0.00174139 0)
(0.000619524 0.00118313 0)
(0.000725513 0.000613017 0)
(0.000593429 0.000230355 0)
(0.000414211 3.43281e-05 0)
(0.000263713 -5.30967e-05 0)
(0.000154022 -8.56346e-05 0)
(7.96157e-05 -9.06665e-05 0)
(3.21968e-05 -8.27502e-05 0)
(4.27174e-06 -6.96208e-05 0)
(-1.04035e-05 -5.61317e-05 0)
(-1.69079e-05 -4.36241e-05 0)
(-1.85926e-05 -3.31113e-05 0)
(-1.75856e-05 -2.46942e-05 0)
(-1.52734e-05 -1.8194e-05 0)
(-0.010847 -0.0255735 0)
(-0.0244057 -0.00713802 0)
(-0.0239315 0.0090071 0)
(-0.0175552 0.0201591 0)
(-0.0103713 0.0250167 0)
(-0.00763549 0.0249151 0)
(-0.0105258 0.0268201 0)
(-0.0159739 0.0331195 0)
(-0.0209305 0.0451563 0)
(-0.0216412 0.0623403 0)
(-0.0151678 0.0810924 0)
(-0.00180003 0.0962766 0)
(0.016933 0.105014 0)
(0.0368127 0.102546 0)
(0.0531 0.0914743 0)
(0.0642048 0.0728566 0)
(0.0673838 0.0487972 0)
(0.0614169 0.0245237 0)
(0.048973 0.00520358 0)
(0.0344027 -0.0075359 0)
(0.0204463 -0.0142811 0)
(0.00946634 -0.0152682 0)
(0.00336641 -0.0133906 0)
(0.00131819 -0.0104968 0)
(0.00388721 -0.00845878 0)
(0.010231 -0.0116313 0)
(0.0132028 -0.0213544 0)
(0.0116071 -0.030875 0)
(0.0080238 -0.0399484 0)
(0.00208594 -0.0476854 0)
(-0.00461803 -0.0529245 0)
(-0.0119058 -0.0555835 0)
(-0.0154772 -0.0543892 0)
(-0.0170709 -0.0583937 0)
(-0.0260843 -0.0622528 0)
(-0.0340405 -0.0562691 0)
(-0.0394296 -0.0518142 0)
(-0.0458595 -0.0420678 0)
(-0.0506632 -0.0294136 0)
(-0.0555761 -0.0102661 0)
(-0.0535992 0.0177624 0)
(-0.0425627 0.0465715 0)
(-0.0224083 0.0739446 0)
(0.00360653 0.0894511 0)
(0.0285069 0.093053 0)
(0.0479594 0.082905 0)
(0.0596515 0.0664796 0)
(0.0652729 0.0408087 0)
(0.06028 0.010528 0)
(0.0451358 -0.0141585 0)
(0.0262441 -0.0297651 0)
(0.00782508 -0.03439 0)
(-0.00555919 -0.0307154 0)
(-0.0128419 -0.0227973 0)
(-0.0147906 -0.014103 0)
(-0.0132276 -0.00694809 0)
(-0.0101386 -0.00211695 0)
(-0.00691079 0.00060764 0)
(-0.0041994 0.00185369 0)
(-0.00218208 0.00218797 0)
(-0.0008091 0.00207183 0)
(9.63828e-05 0.00171022 0)
(0.000595219 0.00116905 0)
(0.00070493 0.000613532 0)
(0.00058086 0.00023755 0)
(0.000407999 4.17205e-05 0)
(0.000261053 -4.74295e-05 0)
(0.000153168 -8.16481e-05 0)
(7.96527e-05 -8.8038e-05 0)
(3.26379e-05 -8.11267e-05 0)
(4.84065e-06 -6.86984e-05 0)
(-9.84366e-06 -5.56646e-05 0)
(-1.64099e-05 -4.34443e-05 0)
(-1.81817e-05 -3.3098e-05 0)
(-1.7261e-05 -2.47684e-05 0)
(-1.50256e-05 -1.83073e-05 0)
(-0.0104403 -0.024579 0)
(-0.023629 -0.00693501 0)
(-0.0233647 0.00885015 0)
(-0.0172715 0.0198591 0)
(-0.0103513 0.0247902 0)
(-0.00769222 0.024954 0)
(-0.0104569 0.0270222 0)
(-0.0157129 0.0333658 0)
(-0.0204798 0.045296 0)
(-0.0211055 0.0622197 0)
(-0.014739 0.0806486 0)
(-0.00164294 0.0955786 0)
(0.0166808 0.10415 0)
(0.0361335 0.101768 0)
(0.0521087 0.0908843 0)
(0.0629989 0.0725526 0)
(0.0661389 0.0488756 0)
(0.0603598 0.0249484 0)
(0.0482396 0.00580885 0)
(0.0339951 -0.00690839 0)
(0.0203226 -0.0137298 0)
(0.00954054 -0.0148964 0)
(0.00352165 -0.013215 0)
(0.00146998 -0.0105216 0)
(0.0039126 -0.00865501 0)
(0.010023 -0.0118441 0)
(0.0128912 -0.0213732 0)
(0.0113564 -0.0307547 0)
(0.00785567 -0.0397412 0)
(0.00204223 -0.0474069 0)
(-0.00452093 -0.0526291 0)
(-0.0116484 -0.0553344 0)
(-0.0152255 -0.0543011 0)
(-0.016914 -0.0581803 0)
(-0.0257064 -0.061858 0)
(-0.033493 -0.0560252 0)
(-0.0388391 -0.051552 0)
(-0.0451558 -0.0418494 0)
(-0.0498689 -0.0292226 0)
(-0.0546096 -0.0102099 0)
(-0.0526176 0.017449 0)
(-0.0417859 0.0459001 0)
(-0.0220517 0.0729235 0)
(0.00341009 0.0883545 0)
(0.0278251 0.0920967 0)
(0.0469905 0.0822832 0)
(0.0585419 0.0660849 0)
(0.0640379 0.0408034 0)
(0.0591894 0.010982 0)
(0.0444105 -0.0134176 0)
(0.0259413 -0.028946 0)
(0.00789904 -0.0336993 0)
(-0.00525583 -0.0302643 0)
(-0.0124595 -0.0225955 0)
(-0.0144402 -0.0140948 0)
(-0.0129668 -0.00705072 0)
(-0.00997481 -0.00225702 0)
(-0.00682443 0.000475796 0)
(-0.00416458 0.00175021 0)
(-0.0021768 0.00211525 0)
(-0.000819088 0.00202307 0)
(7.70392e-05 0.00167937 0)
(0.0005716 0.00115503 0)
(0.000684807 0.000613822 0)
(0.000568441 0.000244403 0)
(0.000401757 4.88966e-05 0)
(0.000258322 -4.18721e-05 0)
(0.000152248 -7.77185e-05 0)
(7.96385e-05 -8.5437e-05 0)
(3.30419e-05 -7.95147e-05 0)
(5.38444e-06 -6.77797e-05 0)
(-9.29993e-06 -5.51955e-05 0)
(-1.59217e-05 -4.32613e-05 0)
(-1.77764e-05 -3.30809e-05 0)
(-1.69392e-05 -2.48389e-05 0)
(-1.47788e-05 -1.84175e-05 0)
(-0.0100508 -0.0236211 0)
(-0.0228787 -0.00672795 0)
(-0.0228086 0.00870346 0)
(-0.0169885 0.0195711 0)
(-0.0103235 0.0245721 0)
(-0.00773969 0.0249903 0)
(-0.0103839 0.0272171 0)
(-0.0154539 0.0336034 0)
(-0.0200373 0.0454292 0)
(-0.0205818 0.0620993 0)
(-0.0143211 0.0802135 0)
(-0.00149241 0.0948951 0)
(0.0164298 0.103305 0)
(0.035463 0.101005 0)
(0.0511298 0.0903056 0)
(0.0618084 0.0722543 0)
(0.0649094 0.0489503 0)
(0.0593127 0.0253613 0)
(0.0475084 0.00639971 0)
(0.0335839 -0.00629411 0)
(0.0201913 -0.0131893 0)
(0.00960511 -0.0145305 0)
(0.00366764 -0.0130407 0)
(0.00161383 -0.0105418 0)
(0.0039344 -0.00884343 0)
(0.00981916 -0.0120491 0)
(0.0125869 -0.0213915 0)
(0.0111102 -0.0306378 0)
(0.00769002 -0.0395384 0)
(0.00199916 -0.0471344 0)
(-0.00442577 -0.0523399 0)
(-0.0113966 -0.0550893 0)
(-0.0149759 -0.05421 0)
(-0.0167518 -0.0579692 0)
(-0.0253293 -0.0614729 0)
(-0.03295 -0.0557845 0)
(-0.0382504 -0.0512937 0)
(-0.0444549 -0.0416349 0)
(-0.0490781 -0.0290371 0)
(-0.0536526 -0.0101581 0)
(-0.0516481 0.0171405 0)
(-0.0410186 0.045242 0)
(-0.0216977 0.0719237 0)
(0.00322121 0.0872807 0)
(0.0271576 0.0911568 0)
(0.0460351 0.0816661 0)
(0.057445 0.0656965 0)
(0.0628187 0.040797 0)
(0.058111 0.0114233 0)
(0.0436893 -0.012694 0)
(0.0256351 -0.0281444 0)
(0.00796379 -0.0330213 0)
(-0.00496335 -0.02982 0)
(-0.0120865 -0.0223948 0)
(-0.0140962 -0.0140838 0)
(-0.012709 -0.00714952 0)
(-0.00981162 -0.00239294 0)
(-0.00673729 0.000346826 0)
(-0.00412847 0.00164849 0)
(-0.00217034 0.00204349 0)
(-0.000828167 0.0019748 0)
(5.84503e-05 0.00164883 0)
(0.000548655 0.00114105 0)
(0.000665136 0.000613853 0)
(0.000556172 0.000250918 0)
(0.000395489 5.58544e-05 0)
(0.00025552 -3.6424e-05 0)
(0.000151264 -7.38462e-05 0)
(7.95742e-05 -8.28642e-05 0)
(3.34095e-05 -7.79148e-05 0)
(5.9034e-06 -6.68654e-05 0)
(-8.7722e-06 -5.47247e-05 0)
(-1.54435e-05 -4.30751e-05 0)
(-1.73767e-05 -3.30602e-05 0)
(-1.66202e-05 -2.49059e-05 0)
(-1.45332e-05 -1.85246e-05 0)
(-0.00967771 -0.0226982 0)
(-0.0221537 -0.00651756 0)
(-0.0222631 0.00856658 0)
(-0.0167064 0.0192947 0)
(-0.0102882 0.0243619 0)
(-0.00777823 0.0250242 0)
(-0.0103072 0.027405 0)
(-0.0151969 0.0338326 0)
(-0.0196028 0.0455563 0)
(-0.0200697 0.0619795 0)
(-0.0139138 0.079787 0)
(-0.00134827 0.0942259 0)
(0.0161798 0.102479 0)
(0.034801 0.100258 0)
(0.050163 0.0897381 0)
(0.0606331 0.0719614 0)
(0.0636952 0.0490216 0)
(0.0582754 0.0257627 0)
(0.0467795 0.00697637 0)
(0.0331693 -0.00569286 0)
(0.0200526 -0.0126593 0)
(0.00966026 -0.0141705 0)
(0.00380459 -0.0128679 0)
(0.00174993 -0.0105584 0)
(0.00395267 -0.00902429 0)
(0.00961951 -0.0122465 0)
(0.0122896 -0.0214092 0)
(0.0108682 -0.0305243 0)
(0.0075268 -0.0393399 0)
(0.00195672 -0.0468676 0)
(-0.00433248 -0.0520569 0)
(-0.0111501 -0.0548482 0)
(-0.0147282 -0.0541161 0)
(-0.0165847 -0.0577605 0)
(-0.0249531 -0.0610973 0)
(-0.0324114 -0.0555471 0)
(-0.0376638 -0.0510391 0)
(-0.0437568 -0.0414244 0)
(-0.0482912 -0.0288566 0)
(-0.052705 -0.0101108 0)
(-0.0506903 0.0168369 0)
(-0.0402605 0.044597 0)
(-0.021346 0.0709453 0)
(0.00303965 0.0862288 0)
(0.026504 0.0902335 0)
(0.0450935 0.081061 0)
(0.0563598 0.0653141 0)
(0.0616143 0.0407905 0)
(0.0570449 0.0118545 0)
(0.042973 -0.0119873 0)
(0.0253257 -0.0273601 0)
(0.00801975 -0.0323562 0)
(-0.00468146 -0.0293829 0)
(-0.0117229 -0.0221953 0)
(-0.0137585 -0.0140704 0)
(-0.0124542 -0.00724386 0)
(-0.00964901 -0.00252653 0)
(-0.00664937 0.000220756 0)
(-0.00409112 0.00154856 0)
(-0.00216272 0.00197268 0)
(-0.000836353 0.0019271 0)
(4.06053e-05 0.00161857 0)
(0.000526372 0.00112713 0)
(0.000645909 0.000613635 0)
(0.000544056 0.000257118 0)
(0.0003892 6.26017e-05 0)
(0.000252654 -3.10846e-05 0)
(0.000150218 -7.00319e-05 0)
(7.94607e-05 -8.03202e-05 0)
(3.37411e-05 -7.63275e-05 0)
(6.39785e-06 -6.59559e-05 0)
(-8.2603e-06 -5.42524e-05 0)
(-1.4975e-05 -4.28861e-05 0)
(-1.69824e-05 -3.3036e-05 0)
(-1.6304e-05 -2.49695e-05 0)
(-1.42888e-05 -1.86288e-05 0)
(-0.00932017 -0.0218089 0)
(-0.021453 -0.00630448 0)
(-0.0217281 0.00843907 0)
(-0.0164254 0.0190295 0)
(-0.0102459 0.0241596 0)
(-0.00780816 0.0250559 0)
(-0.0102267 0.0275862 0)
(-0.0149418 0.0340537 0)
(-0.0191761 0.0456774 0)
(-0.0195691 0.0618601 0)
(-0.0135169 0.079369 0)
(-0.00121036 0.0935709 0)
(0.0159309 0.101671 0)
(0.0341473 0.099526 0)
(0.049208 0.0891817 0)
(0.0594726 0.071674 0)
(0.0624956 0.0490896 0)
(0.0572477 0.0261531 0)
(0.046053 0.00753916 0)
(0.0327514 -0.00510444 0)
(0.0199067 -0.0121398 0)
(0.00970624 -0.0138163 0)
(0.00393271 -0.0126965 0)
(0.00187846 -0.0105718 0)
(0.00396748 -0.00919787 0)
(0.00942375 -0.0124366 0)
(0.0119992 -0.0214263 0)
(0.0106304 -0.030414 0)
(0.00736599 -0.0391457 0)
(0.00191489 -0.0466065 0)
(-0.00424099 -0.0517799 0)
(-0.0109088 -0.0546111 0)
(-0.0144824 -0.0540197 0)
(-0.0164128 -0.0575542 0)
(-0.0245777 -0.0607309 0)
(-0.0318769 -0.0553129 0)
(-0.037079 -0.0507885 0)
(-0.0430614 -0.0412177 0)
(-0.047508 -0.0286813 0)
(-0.0517664 -0.0100657 0)
(-0.0497442 0.016538 0)
(-0.0395115 0.043965 0)
(-0.0209967 0.0699876 0)
(0.00286521 0.0851989 0)
(0.025864 0.0893263 0)
(0.044165 0.0804616 0)
(0.0552867 0.0649378 0)
(0.0604251 0.0407834 0)
(0.0559904 0.0122744 0)
(0.0422606 -0.0112971 0)
(0.0250132 -0.0265926 0)
(0.00806715 -0.0317042 0)
(-0.00440994 -0.0289523 0)
(-0.0113682 -0.0219971 0)
(-0.013427 -0.0140546 0)
(-0.0122025 -0.00733401 0)
(-0.00948704 -0.00265526 0)
(-0.00656069 9.76776e-05 0)
(-0.00405258 0.00145041 0)
(-0.00215397 0.00190282 0)
(-0.00084366 0.00187991 0)
(2.34922e-05 0.00158861 0)
(0.00050474 0.00111327 0)
(0.000627117 0.000613215 0)
(0.000532092 0.000263017 0)
(0.000382895 6.91459e-05 0)
(0.000249724 -2.58531e-05 0)
(0.000149112 -6.62757e-05 0)
(7.9299e-05 -7.78055e-05 0)
(3.40372e-05 -7.47533e-05 0)
(6.86809e-06 -6.5052e-05 0)
(-7.76405e-06 -5.37786e-05 0)
(-1.45163e-05 -4.26945e-05 0)
(-1.65937e-05 -3.30084e-05 0)
(-1.59906e-05 -2.50298e-05 0)
(-1.40456e-05 -1.873e-05 0)
(-0.00897741 -0.0209518 0)
(-0.0207756 -0.00608931 0)
(-0.0212033 0.00832052 0)
(-0.0161453 0.0187751 0)
(-0.0101967 0.0239648 0)
(-0.0078298 0.0250854 0)
(-0.0101427 0.0277608 0)
(-0.0146886 0.0342667 0)
(-0.0187569 0.0457928 0)
(-0.0190796 0.0617412 0)
(-0.01313 0.0789593 0)
(-0.00107851 0.0929297 0)
(0.015683 0.100882 0)
(0.0335017 0.0988091 0)
(0.0482647 0.0886362 0)
(0.0583265 0.0713919 0)
(0.0613106 0.0491543 0)
(0.0562294 0.0265325 0)
(0.0453287 0.00808834 0)
(0.0323304 -0.00452865 0)
(0.0197538 -0.0116306 0)
(0.00974325 -0.013468 0)
(0.00405218 -0.0125267 0)
(0.0019996 -0.0105825 0)
(0.00397891 -0.0093644 0)
(0.00923173 -0.0126196 0)
(0.0117153 -0.0214428 0)
(0.0103966 -0.0303069 0)
(0.00720756 -0.0389555 0)
(0.00187366 -0.0463511 0)
(-0.00415126 -0.0515089 0)
(-0.0106724 -0.054378 0)
(-0.0142385 -0.0539209 0)
(-0.0162364 -0.0573504 0)
(-0.0242031 -0.0603736 0)
(-0.0313464 -0.055082 0)
(-0.0364962 -0.0505417 0)
(-0.0423689 -0.0410149 0)
(-0.0467285 -0.0285108 0)
(-0.0508367 -0.0100251 0)
(-0.0488092 0.016244 0)
(-0.0387713 0.0433457 0)
(-0.0206496 0.0690504 0)
(0.00269768 0.0841904 0)
(0.0252371 0.0884355 0)
(0.0432498 0.0798728 0)
(0.0542251 0.0645675 0)
(0.0592501 0.0407755 0)
(0.0549476 0.0126832 0)
(0.041553 -0.0106231 0)
(0.0246976 -0.0258418 0)
(0.00810611 -0.0310645 0)
(-0.00414852 -0.0285287 0)
(-0.0110226 -0.0218003 0)
(-0.0131016 -0.0140366 0)
(-0.0119537 -0.00742126 0)
(-0.00932571 -0.00277964 0)
(-0.00647136 -2.19007e-05 0)
(-0.00401289 0.00135397 0)
(-0.00214412 0.00183393 0)
(-0.000850102 0.00183323 0)
(7.10392e-06 0.00155898 0)
(0.000483748 0.00109948 0)
(0.000608753 0.000612602 0)
(0.000520281 0.000268625 0)
(0.000376577 7.54905e-05 0)
(0.000246736 -2.07291e-05 0)
(0.000147948 -6.2578e-05 0)
(7.90902e-05 -7.53206e-05 0)
(3.42984e-05 -7.31928e-05 0)
(7.31444e-06 -6.41546e-05 0)
(-7.28327e-06 -5.33031e-05 0)
(-1.40673e-05 -4.25005e-05 0)
(-1.62105e-05 -3.29777e-05 0)
(-1.568e-05 -2.5087e-05 0)
(-1.38035e-05 -1.88284e-05 0)
(-0.00864872 -0.0201257 0)
(-0.0201207 -0.00587261 0)
(-0.0206888 0.00821052 0)
(-0.0158664 0.0185311 0)
(-0.010141 0.0237772 0)
(-0.00784347 0.025113 0)
(-0.0100551 0.0279291 0)
(-0.0144373 0.0344721 0)
(-0.018345 0.0459026 0)
(-0.0186008 0.061623 0)
(-0.012753 0.0785579 0)
(-0.000952559 0.0923021 0)
(0.0154362 0.10011 0)
(0.0328639 0.0981069 0)
(0.0473327 0.0881015 0)
(0.0571946 0.0711151 0)
(0.0601396 0.0492159 0)
(0.0552204 0.0269014 0)
(0.0446067 0.0086242 0)
(0.0319063 -0.0039653 0)
(0.019594 -0.0111316 0)
(0.00977151 -0.0131255 0)
(0.00416321 -0.0123585 0)
(0.00211352 -0.0105906 0)
(0.00398702 -0.00952413 0)
(0.00904336 -0.0127958 0)
(0.0114378 -0.0214586 0)
(0.0101668 -0.0302029 0)
(0.00705147 -0.0387695 0)
(0.00183302 -0.0461012 0)
(-0.00406321 -0.0512436 0)
(-0.0104408 -0.0541487 0)
(-0.0139964 -0.0538201 0)
(-0.0160556 -0.0571491 0)
(-0.0238293 -0.0600249 0)
(-0.0308199 -0.0548545 0)
(-0.0359152 -0.0502988 0)
(-0.0416791 -0.0408159 0)
(-0.0459527 -0.0283452 0)
(-0.0499158 -0.00998795 0)
(-0.0478852 0.0159548 0)
(-0.0380396 0.042739 0)
(-0.0203048 0.0681333 0)
(0.00253685 0.083203 0)
(0.0246233 0.0875606 0)
(0.0423473 0.0792912 0)
(0.0531753 0.0642031 0)
(0.0580897 0.0407675 0)
(0.0539159 0.0130841 0)
(0.0408492 -0.009965 0)
(0.0243792 -0.0251073 0)
(0.00813701 -0.0304375 0)
(-0.00389695 -0.0281119 0)
(-0.0106855 -0.0216049 0)
(-0.0127821 -0.0140165 0)
(-0.011708 -0.00750478 0)
(-0.00916499 -0.00290179 0)
(-0.0063814 -0.000139135 0)
(-0.00397211 0.00125929 0)
(-0.0021332 0.00176602 0)
(-0.000855693 0.00178713 0)
(-8.57178e-06 0.00152968 0)
(0.000463384 0.00108575 0)
(0.000590809 0.000611778 0)
(0.000508621 0.000273952 0)
(0.00037025 8.1638e-05 0)
(0.000243691 -1.5712e-05 0)
(0.000146727 -5.89391e-05 0)
(7.88352e-05 -7.28662e-05 0)
(3.45252e-05 -7.16465e-05 0)
(7.73727e-06 -6.32646e-05 0)
(-6.81777e-06 -5.28257e-05 0)
(-1.36281e-05 -4.23044e-05 0)
(-1.58327e-05 -3.29439e-05 0)
(-1.53723e-05 -2.5141e-05 0)
(-1.35627e-05 -1.89239e-05 0)
(-0.00833341 -0.0193292 0)
(-0.0194872 -0.00565488 0)
(-0.0201841 0.00810866 0)
(-0.0155886 0.0182972 0)
(-0.0100791 0.0235966 0)
(-0.00784944 0.0251387 0)
(-0.00996415 0.0280913 0)
(-0.0141877 0.0346701 0)
(-0.0179403 0.046007 0)
(-0.0181325 0.0615055 0)
(-0.0123856 0.0781645 0)
(-0.000832345 0.0916879 0)
(0.0151902 0.0993561 0)
(0.0322339 0.0974193 0)
(0.0464119 0.0875775 0)
(0.0560765 0.0708435 0)
(0.0589823 0.0492746 0)
(0.0542204 0.02726 0)
(0.043887 0.00914701 0)
(0.0314794 -0.0034142 0)
(0.0194276 -0.0106426 0)
(0.00979122 -0.0127887 0)
(0.00426598 -0.0121919 0)
(0.00222038 -0.0105964 0)
(0.00399189 -0.00967731 0)
(0.00885841 -0.0129653 0)
(0.0111664 -0.0214739 0)
(0.0099409 -0.0301018 0)
(0.00689768 -0.0385874 0)
(0.00179295 -0.0458567 0)
(-0.00397679 -0.050984 0)
(-0.0102138 -0.0539234 0)
(-0.0137561 -0.0537175 0)
(-0.0158708 -0.0569503 0)
(-0.0234564 -0.0596848 0)
(-0.0302972 -0.0546302 0)
(-0.0353362 -0.0500598 0)
(-0.040992 -0.0406207 0)
(-0.0451806 -0.0281842 0)
(-0.0490034 -0.00995401 0)
(-0.0469717 0.0156704 0)
(-0.0373163 0.0421446 0)
(-0.0199621 0.067236 0)
(0.00238254 0.0822364 0)
(0.0240217 0.0867017 0)
(0.0414576 0.0787191 0)
(0.0521366 0.0638447 0)
(0.0569429 0.0407587 0)
(0.0528953 0.0134701 0)
(0.0401499 -0.00932252 0)
(0.024058 -0.0243889 0)
(0.00815995 -0.0298227 0)
(-0.00365502 -0.0277018 0)
(-0.010357 -0.0214111 0)
(-0.0124685 -0.0139944 0)
(-0.0114652 -0.0075849 0)
(-0.00900497 -0.00302089 0)
(-0.0062908 -0.000254765 0)
(-0.00393024 0.00116632 0)
(-0.00212122 0.0016991 0)
(-0.000860448 0.00174159 0)
(-2.35456e-05 0.0015007 0)
(0.000443636 0.00107211 0)
(0.000573277 0.000610747 0)
(0.000497114 0.000279009 0)
(0.000363919 8.75885e-05 0)
(0.000240592 -1.08011e-05 0)
(0.00014545 -5.53592e-05 0)
(7.85349e-05 -7.04426e-05 0)
(3.4718e-05 -7.01148e-05 0)
(8.13692e-06 -6.23807e-05 0)
(-6.36731e-06 -5.23483e-05 0)
(-1.31985e-05 -4.21064e-05 0)
(-1.54604e-05 -3.29072e-05 0)
(-1.50674e-05 -2.5192e-05 0)
(-1.3323e-05 -1.90167e-05 0)
(-0.00803082 -0.0185612 0)
(-0.0188743 -0.00543659 0)
(-0.0196893 0.00801458 0)
(-0.015312 0.0180731 0)
(-0.0100112 0.0234228 0)
(-0.00784801 0.0251627 0)
(-0.00986992 0.0282476 0)
(-0.0139399 0.0348609 0)
(-0.0175426 0.0461064 0)
(-0.0176744 0.0613887 0)
(-0.0120274 0.0777792 0)
(-0.000717717 0.091087 0)
(0.0149452 0.0986192 0)
(0.0316112 0.096746 0)
(0.045502 0.087064 0)
(0.0549719 0.0705771 0)
(0.0578385 0.0493303 0)
(0.0532292 0.0276086 0)
(0.0431696 0.00965702 0)
(0.0310496 -0.00287518 0)
(0.0192547 -0.0101636 0)
(0.00980261 -0.0124577 0)
(0.00436067 -0.012027 0)
(0.00232035 -0.0106 0)
(0.0039936 -0.00982415 0)
(0.00867679 -0.0131285 0)
(0.0109009 -0.0214886 0)
(0.00971879 -0.0300035 0)
(0.00674616 -0.0384093 0)
(0.00175344 -0.0456175 0)
(-0.00389195 -0.05073 0)
(-0.00999116 -0.0537019 0)
(-0.0135175 -0.0536133 0)
(-0.0156821 -0.056754 0)
(-0.0230842 -0.059353 0)
(-0.0297781 -0.0544093 0)
(-0.034759 -0.0498247 0)
(-0.0403078 -0.0404292 0)
(-0.0444122 -0.0280277 0)
(-0.0480993 -0.00992272 0)
(-0.0460686 0.0153908 0)
(-0.0366011 0.0415624 0)
(-0.0196215 0.0663582 0)
(0.00223454 0.0812902 0)
(0.0234326 0.0858586 0)
(0.0405801 0.0781551 0)
(0.0511093 0.0634923 0)
(0.0558101 0.0407496 0)
(0.0518855 0.0138526 0)
(0.0394545 -0.0086953 0)
(0.0237341 -0.0236864 0)
(0.00817521 -0.0292201 0)
(-0.00342248 -0.0272985 0)
(-0.0100368 -0.0212189 0)
(-0.0121607 -0.0139704 0)
(-0.0112253 -0.00766077 0)
(-0.00884566 -0.00313536 0)
(-0.00619963 -0.000367681 0)
(-0.00388732 0.00107507 0)
(-0.00210822 0.00163315 0)
(-0.000864381 0.00169662 0)
(-3.78277e-05 0.00147206 0)
(0.000424494 0.00105854 0)
(0.000556151 0.000609556 0)
(0.000485759 0.000283804 0)
(0.000357585 9.33497e-05 0)
(0.000237444 -5.99591e-06 0)
(0.00014412 -5.18385e-05 0)
(7.81904e-05 -6.80504e-05 0)
(3.48775e-05 -6.85983e-05 0)
(8.51367e-06 -6.15016e-05 0)
(-5.93178e-06 -5.18729e-05 0)
(-1.27785e-05 -4.19067e-05 0)
(-1.50936e-05 -3.28678e-05 0)
(-1.47653e-05 -2.52401e-05 0)
(-1.30847e-05 -1.91067e-05 0)
(-0.00774034 -0.0178206 0)
(-0.0182813 -0.00521817 0)
(-0.019204 0.00792788 0)
(-0.0150367 0.0178583 0)
(-0.00993761 0.0232556 0)
(-0.00783944 0.025185 0)
(-0.00977249 0.0283982 0)
(-0.0136938 0.0350446 0)
(-0.0171517 0.0462008 0)
(-0.0172262 0.0612726 0)
(-0.0116784 0.0774017 0)
(-0.000608526 0.0904991 0)
(0.0147011 0.0978991 0)
(0.0309958 0.0960869 0)
(0.0446026 0.0865609 0)
(0.0538805 0.0703157 0)
(0.0567078 0.0493832 0)
(0.0522468 0.0279473 0)
(0.0424546 0.0101545 0)
(0.0306171 -0.00234805 0)
(0.0190755 -0.00969431 0)
(0.00980587 -0.0121324 0)
(0.00444746 -0.0118638 0)
(0.0024136 -0.0106015 0)
(0.00399222 -0.00996488 0)
(0.00849836 -0.0132855 0)
(0.0106411 -0.0215026 0)
(0.00950039 -0.0299079 0)
(0.00659687 -0.0382352 0)
(0.00171448 -0.0453836 0)
(-0.00380863 -0.0504815 0)
(-0.0097728 -0.0534842 0)
(-0.0132805 -0.0535076 0)
(-0.0154897 -0.0565604 0)
(-0.0227128 -0.0590294 0)
(-0.0292625 -0.0541917 0)
(-0.0341837 -0.0495935 0)
(-0.0396262 -0.0402414 0)
(-0.0436474 -0.0278757 0)
(-0.0472034 -0.00989377 0)
(-0.0451756 0.0151159 0)
(-0.0358938 0.0409922 0)
(-0.0192829 0.0654995 0)
(0.00209265 0.0803642 0)
(0.0228554 0.0850312 0)
(0.0397147 0.0776001 0)
(0.0500929 0.0631457 0)
(0.0546905 0.0407399 0)
(0.0508862 0.0142187 0)
(0.0387632 -0.0080831 0)
(0.0234077 -0.0229994 0)
(0.00818298 -0.0286297 0)
(-0.00319909 -0.0269019 0)
(-0.00972473 -0.0210283 0)
(-0.0118584 -0.0139448 0)
(-0.0109883 -0.00773408 0)
(-0.00868711 -0.00324615 0)
(-0.00610795 -0.000477984 0)
(-0.00384338 0.000985527 0)
(-0.00209422 0.00156818 0)
(-0.000867505 0.00165221 0)
(-5.14288e-05 0.00144375 0)
(0.000405945 0.00104506 0)
(0.000539422 0.000608197 0)
(0.000474556 0.000288363 0)
(0.000351254 9.89282e-05 0)
(0.000234248 -1.29358e-06 0)
(0.000142738 -4.83773e-05 0)
(7.78025e-05 -6.56897e-05 0)
(3.50042e-05 -6.70973e-05 0)
(8.86781e-06 -6.06278e-05 0)
(-5.51102e-06 -5.13997e-05 0)
(-1.2368e-05 -4.17056e-05 0)
(-1.47321e-05 -3.28258e-05 0)
(-1.4466e-05 -2.52853e-05 0)
(-1.28476e-05 -1.91941e-05 0)
(-0.00746139 -0.0171063 0)
(-0.0177074 -0.00500001 0)
(-0.0187282 0.00784822 0)
(-0.0147626 0.0176527 0)
(-0.00985857 0.0230946 0)
(-0.00782401 0.0252059 0)
(-0.00967198 0.0285432 0)
(-0.0134494 0.0352216 0)
(-0.0167673 0.0462904 0)
(-0.0167877 0.0611574 0)
(-0.0113382 0.077032 0)
(-0.000504626 0.0899239 0)
(0.0144579 0.0971955 0)
(0.0303875 0.0954418 0)
(0.0437137 0.0860682 0)
(0.0528021 0.0700594 0)
(0.0555899 0.0494335 0)
(0.0512728 0.0282766 0)
(0.0417419 0.0106397 0)
(0.0301821 -0.00183266 0)
(0.0188902 -0.00923473 0)
(0.00980119 -0.0118128 0)
(0.00452652 -0.0117023 0)
(0.00250027 -0.0106011 0)
(0.00398782 -0.0100997 0)
(0.00832294 -0.0134365 0)
(0.0103869 -0.0215161 0)
(0.0092856 -0.0298151 0)
(0.00644978 -0.0380648 0)
(0.00167605 -0.0451549 0)
(-0.00372678 -0.0502383 0)
(-0.00955851 -0.0532703 0)
(-0.0130453 -0.0534008 0)
(-0.0152937 -0.0563693 0)
(-0.0223422 -0.0587136 0)
(-0.0287503 -0.0539775 0)
(-0.0336103 -0.0493663 0)
(-0.0389474 -0.0400573 0)
(-0.0428863 -0.027728 0)
(-0.0463154 -0.00986919 0)
(-0.0442925 0.0148457 0)
(-0.0351942 0.0404339 0)
(-0.0189463 0.0646598 0)
(0.00195681 0.0794579 0)
(0.0222895 0.0842194 0)
(0.0388614 0.0770536 0)
(0.0490875 0.062805 0)
(0.0535839 0.0407299 0)
(0.049897 0.0145814 0)
(0.038076 -0.00748557 0)
(0.0230789 -0.0223279 0)
(0.00818346 -0.0280512 0)
(-0.00298466 -0.026512 0)
(-0.00942057 -0.0208396 0)
(-0.0115618 -0.0139173 0)
(-0.0107542 -0.00780425 0)
(-0.00852926 -0.00335479 0)
(-0.00601579 -0.000585291 0)
(-0.00379845 0.000897668 0)
(-0.00207924 0.00150421 0)
(-0.000869835 0.0016084 0)
(-6.43597e-05 0.00141577 0)
(0.000387981 0.00103168 0)
(0.000523083 0.00060668 0)
(0.000463504 0.000292669 0)
(0.000344928 0.000104327 0)
(0.000231007 3.31018e-06 0)
(0.000141306 -4.49756e-05 0)
(7.73723e-05 -6.3362e-05 0)
(3.50987e-05 -6.56123e-05 0)
(9.19965e-06 -5.97599e-05 0)
(-5.10488e-06 -5.09289e-05 0)
(-1.19668e-05 -4.15032e-05 0)
(-1.4376e-05 -3.27814e-05 0)
(-1.41696e-05 -2.53278e-05 0)
(-1.26117e-05 -1.92789e-05 0)
(-0.00719341 -0.0164172 0)
(-0.0171517 -0.00478249 0)
(-0.0182616 0.00777525 0)
(-0.0144899 0.0174558 0)
(-0.00977434 0.0229398 0)
(-0.00780198 0.0252253 0)
(-0.00956849 0.0286829 0)
(-0.0132067 0.0353921 0)
(-0.0163894 0.0463755 0)
(-0.0163586 0.0610431 0)
(-0.0110067 0.0766699 0)
(-0.000405872 0.0893614 0)
(0.0142156 0.0965081 0)
(0.029786 0.0948105 0)
(0.042835 0.0855855 0)
(0.0517362 0.069808 0)
(0.0544845 0.0494811 0)
(0.0503071 0.0285965 0)
(0.0410314 0.0111128 0)
(0.0297445 -0.00132886 0)
(0.0186989 -0.00878471 0)
(0.00978878 -0.0114989 0)
(0.00459804 -0.0115427 0)
(0.00258054 -0.0105989 0)
(0.00398047 -0.0102289 0)
(0.00815047 -0.0135818 0)
(0.0101379 -0.0215289 0)
(0.00907435 -0.0297248 0)
(0.00630485 -0.0378983 0)
(0.00163816 -0.0449312 0)
(-0.00364635 -0.0500005 0)
(-0.00934815 -0.0530603 0)
(-0.0128116 -0.0532929 0)
(-0.0150945 -0.0561809 0)
(-0.0219723 -0.0584056 0)
(-0.0282414 -0.0537666 0)
(-0.0330386 -0.0491429 0)
(-0.0382713 -0.0398769 0)
(-0.0421288 -0.0275845 0)
(-0.0454352 -0.00984654 0)
(-0.0434189 0.0145803 0)
(-0.0345022 0.0398873 0)
(-0.0186117 0.0638385 0)
(0.00182669 0.0785713 0)
(0.021735 0.0834231 0)
(0.0380196 0.0765159 0)
(0.0480928 0.0624702 0)
(0.0524904 0.0407192 0)
(0.048918 0.0149306 0)
(0.0373924 -0.00690252 0)
(0.0227476 -0.0216713 0)
(0.00817689 -0.0274846 0)
(-0.00277891 -0.0261288 0)
(-0.00912426 -0.0206527 0)
(-0.0112706 -0.0138886 0)
(-0.0105228 -0.00787102 0)
(-0.00837219 -0.0034606 0)
(-0.00592315 -0.000690496 0)
(-0.0037526 0.000811498 0)
(-0.00206331 0.00144124 0)
(-0.000871386 0.00156519 0)
(-7.6631e-05 0.00138816 0)
(0.000370588 0.00101839 0)
(0.000507127 0.000605013 0)
(0.000452603 0.000296732 0)
(0.000338609 0.00010955 0)
(0.000227723 7.80354e-06 0)
(0.000139825 -4.16336e-05 0)
(7.69007e-05 -6.10657e-05 0)
(3.51616e-05 -6.41437e-05 0)
(9.50948e-06 -5.88982e-05 0)
(-4.7132e-06 -5.04606e-05 0)
(-1.15749e-05 -4.12998e-05 0)
(-1.40252e-05 -3.27346e-05 0)
(-1.38759e-05 -2.53676e-05 0)
(-1.23771e-05 -1.93612e-05 0)
(-0.00693588 -0.0157526 0)
(-0.0166136 -0.00456592 0)
(-0.017804 0.00770862 0)
(-0.0142186 0.0172673 0)
(-0.00968513 0.0227909 0)
(-0.00777358 0.0252433 0)
(-0.0094621 0.0288175 0)
(-0.0129655 0.0355562 0)
(-0.0160178 0.0464562 0)
(-0.0159386 0.0609297 0)
(-0.0106835 0.0763153 0)
(-0.000312125 0.0888113 0)
(0.013974 0.0958367 0)
(0.0291913 0.0941927 0)
(0.0419662 0.0851129 0)
(0.0506827 0.0695616 0)
(0.0533913 0.0495263 0)
(0.0493496 0.0289073 0)
(0.0403233 0.0115742 0)
(0.0293046 -0.000836859 0)
(0.0185018 -0.00834412 0)
(0.00976883 -0.0111906 0)
(0.00466217 -0.0113849 0)
(0.00265454 -0.010595 0)
(0.00397024 -0.0103525 0)
(0.00798076 -0.0137215 0)
(0.00989414 -0.0215412 0)
(0.00886655 -0.0296369 0)
(0.00616204 -0.0377354 0)
(0.00160078 -0.0447126 0)
(-0.00356729 -0.0497679 0)
(-0.00914157 -0.052854 0)
(-0.0125794 -0.0531842 0)
(-0.0148921 -0.0559951 0)
(-0.0216033 -0.0581051 0)
(-0.0277357 -0.0535591 0)
(-0.0324689 -0.0489235 0)
(-0.0375978 -0.0397 0)
(-0.0413748 -0.0274451 0)
(-0.0445627 -0.00982477 0)
(-0.0425547 0.0143196 0)
(-0.0338174 0.0393522 0)
(-0.0182789 0.0630356 0)
(0.00170218 0.0777038 0)
(0.0211916 0.0826421 0)
(0.0371893 0.0759869 0)
(0.0471086 0.0621411 0)
(0.0514091 0.0407083 0)
(0.0479487 0.0152731 0)
(0.036713 -0.00633359 0)
(0.0224141 -0.0210297 0)
(0.00816342 -0.0269296 0)
(-0.00258169 -0.0257522 0)
(-0.00883552 -0.0204677 0)
(-0.0109848 -0.0138582 0)
(-0.0102943 -0.00793502 0)
(-0.00821589 -0.00356239 0)
(-0.00583007 -0.00079396 0)
(-0.0037058 0.000726988 0)
(-0.00204645 0.00137927 0)
(-0.000872171 0.00152257 0)
(-8.82546e-05 0.00136089 0)
(0.000353758 0.0010052 0)
(0.000491547 0.00060321 0)
(0.000441852 0.000300588 0)
(0.000332301 0.000114601 0)
(0.0002244 1.21858e-05 0)
(0.000138297 -3.83512e-05 0)
(7.63886e-05 -5.88052e-05 0)
(3.51934e-05 -6.2692e-05 0)
(9.7976e-06 -5.80433e-05 0)
(-4.33583e-06 -4.99949e-05 0)
(-1.11922e-05 -4.10955e-05 0)
(-1.36798e-05 -3.26856e-05 0)
(-1.35851e-05 -2.54049e-05 0)
(-1.21439e-05 -1.94409e-05 0)
(-0.00668829 -0.0151113 0)
(-0.0160924 -0.00435061 0)
(-0.0173553 0.00764802 0)
(-0.0139487 0.017087 0)
(-0.00959117 0.0226477 0)
(-0.00773906 0.0252602 0)
(-0.00935291 0.0289471 0)
(-0.012726 0.0357143 0)
(-0.0156523 0.0465326 0)
(-0.0155275 0.0608172 0)
(-0.0103684 0.0759682 0)
(-0.00022325 0.0882734 0)
(0.0137333 0.0951809 0)
(0.028603 0.0935884 0)
(0.0411072 0.0846502 0)
(0.0496412 0.0693199 0)
(0.05231 0.0495691 0)
(0.0484001 0.0292093 0)
(0.0396175 0.012024 0)
(0.0288624 -0.000355775 0)
(0.0182991 -0.00791285 0)
(0.00974152 -0.0108879 0)
(0.00471908 -0.011229 0)
(0.00272242 -0.0105895 0)
(0.0039572 -0.0104709 0)
(0.00781374 -0.0138558 0)
(0.0096553 -0.0215529 0)
(0.00866211 -0.0295515 0)
(0.00602132 -0.0375762 0)
(0.00156391 -0.0444989 0)
(-0.00348955 -0.0495403 0)
(-0.00893861 -0.0526514 0)
(-0.0123488 -0.0530749 0)
(-0.0146867 -0.0558119 0)
(-0.021235 -0.057812 0)
(-0.0272331 -0.053355 0)
(-0.0319009 -0.048708 0)
(-0.0369271 -0.0395268 0)
(-0.0406243 -0.0273096 0)
(-0.0436976 -0.00980789 0)
(-0.0416995 0.0140635 0)
(-0.0331398 0.0388285 0)
(-0.0179479 0.0622505 0)
(0.00158313 0.0768553 0)
(0.0206589 0.0818763 0)
(0.0363702 0.0754668 0)
(0.0461347 0.0618179 0)
(0.0503405 0.0406968 0)
(0.046989 0.0156054 0)
(0.0360371 -0.00577861 0)
(0.0220784 -0.0204027 0)
(0.00814327 -0.0263862 0)
(-0.00239272 -0.0253823 0)
(-0.00855424 -0.0202847 0)
(-0.0107042 -0.0138268 0)
(-0.0100685 -0.00799624 0)
(-0.0080604 -0.00366088 0)
(-0.00573661 -0.000893912 0)
(-0.00365812 0.000644136 0)
(-0.00202869 0.0013183 0)
(-0.000872205 0.00148052 0)
(-9.92395e-05 0.00133399 0)
(0.000337478 0.000992115 0)
(0.000476336 0.000601275 0)
(0.000431251 0.000304228 0)
(0.000326006 0.000119483 0)
(0.000221039 1.64699e-05 0)
(0.000136723 -3.51287e-05 0)
(7.5837e-05 -5.65788e-05 0)
(3.51949e-05 -6.12576e-05 0)
(1.00643e-05 -5.71957e-05 0)
(-3.97258e-06 -4.9532e-05 0)
(-1.08185e-05 -4.08906e-05 0)
(-1.33396e-05 -3.26347e-05 0)
(-1.32972e-05 -2.54398e-05 0)
(-1.19119e-05 -1.95182e-05 0)
(-0.00645018 -0.0144925 0)
(-0.0155874 -0.00413684 0)
(-0.0169152 0.00759313 0)
(-0.0136802 0.0169145 0)
(-0.00949268 0.02251 0)
(-0.00769866 0.0252759 0)
(-0.00924101 0.0290719 0)
(-0.012488 0.0358663 0)
(-0.0152926 0.046605 0)
(-0.015125 0.0607058 0)
(-0.0100613 0.0756284 0)
(-0.000139112 0.0877476 0)
(0.0134933 0.0945405 0)
(0.0280211 0.0929974 0)
(0.0402576 0.0841973 0)
(0.0486115 0.0690831 0)
(0.0512403 0.0496096 0)
(0.0474583 0.0295027 0)
(0.0389139 0.0124624 0)
(0.0284179 0.000115978 0)
(0.0180908 -0.00749079 0)
(0.00970704 -0.0105908 0)
(0.00476895 -0.011075 0)
(0.00278435 -0.0105824 0)
(0.00394142 -0.0105841 0)
(0.00764928 -0.0139849 0)
(0.00942124 -0.021564 0)
(0.00846095 -0.0294685 0)
(0.00588265 -0.0374207 0)
(0.00152754 -0.04429 0)
(-0.00341309 -0.0493179 0)
(-0.00873915 -0.0524526 0)
(-0.0121196 -0.052965 0)
(-0.0144785 -0.0556315 0)
(-0.0208674 -0.0575261 0)
(-0.0267335 -0.0531543 0)
(-0.0313346 -0.0484964 0)
(-0.0362589 -0.0393571 0)
(-0.0398774 -0.0271781 0)
(-0.0428398 -0.00979202 0)
(-0.0408532 0.0138122 0)
(-0.032469 0.0383161 0)
(-0.0176187 0.0614833 0)
(0.00146934 0.0760255 0)
(0.0201364 0.0811257 0)
(0.0355623 0.0749553 0)
(0.0451711 0.0615004 0)
(0.0492835 0.040685 0)
(0.0460386 0.0159293 0)
(0.0353652 -0.00523726 0)
(0.0217406 -0.0197901 0)
(0.00811664 -0.0258543 0)
(-0.00221185 -0.0250189 0)
(-0.00828021 -0.0201036 0)
(-0.0104288 -0.0137939 0)
(-0.00984543 -0.0080546 0)
(-0.00790566 -0.00375694 0)
(-0.00564279 -0.00099109 0)
(-0.00360961 0.000562932 0)
(-0.00201004 0.00125836 0)
(-0.000871502 0.0014391 0)
(-0.000109597 0.00130746 0)
(0.000321738 0.000979144 0)
(0.000461487 0.000599202 0)
(0.000420798 0.000307664 0)
(0.000319726 0.000124203 0)
(0.000217643 2.06546e-05 0)
(0.000135104 -3.19658e-05 0)
(7.52468e-05 -5.43827e-05 0)
(3.51665e-05 -5.98408e-05 0)
(1.031e-05 -5.63557e-05 0)
(-3.62329e-06 -4.90722e-05 0)
(-1.04538e-05 -4.06853e-05 0)
(-1.30046e-05 -3.25818e-05 0)
(-1.3012e-05 -2.54722e-05 0)
(-1.16812e-05 -1.95931e-05 0)
(-0.00622109 -0.0138954 0)
(-0.0150979 -0.00392487 0)
(-0.0164836 0.00754365 0)
(-0.0134132 0.0167496 0)
(-0.00938987 0.0223776 0)
(-0.00765259 0.025291 0)
(-0.0091265 0.029192 0)
(-0.0122515 0.0360127 0)
(-0.0149388 0.0466736 0)
(-0.0147309 0.0605955 0)
(-0.00976197 0.0752959 0)
(-5.95812e-05 0.0872336 0)
(0.0132541 0.0939152 0)
(0.0274454 0.0924194 0)
(0.0394174 0.0837541 0)
(0.0475932 0.0688511 0)
(0.050182 0.0496479 0)
(0.0465242 0.0297876 0)
(0.0382127 0.0128897 0)
(0.0279714 0.000579474 0)
(0.0178772 -0.00707783 0)
(0.00966557 -0.0102992 0)
(0.00481192 -0.0109229 0)
(0.00284045 -0.0105741 0)
(0.00392296 -0.0106925 0)
(0.00748729 -0.014109 0)
(0.0091918 -0.0215745 0)
(0.00826299 -0.0293877 0)
(0.00574598 -0.0372686 0)
(0.00149166 -0.044086 0)
(-0.00333786 -0.0491003 0)
(-0.00854304 -0.0522574 0)
(-0.0118919 -0.0528548 0)
(-0.0142676 -0.0554538 0)
(-0.0205006 -0.0572473 0)
(-0.0262367 -0.0529569 0)
(-0.0307702 -0.0482887 0)
(-0.0355934 -0.0391909 0)
(-0.0391339 -0.0270504 0)
(-0.0419891 -0.00977776 0)
(-0.0400154 0.0135654 0)
(-0.0318051 0.0378145 0)
(-0.0172913 0.0607334 0)
(0.0013607 0.0752139 0)
(0.0196241 0.0803901 0)
(0.034765 0.0744526 0)
(0.0442175 0.0611887 0)
(0.0482385 0.0406727 0)
(0.0450973 0.0162455 0)
(0.0346966 -0.00470936 0)
(0.0214009 -0.0191917 0)
(0.00808368 -0.0253336 0)
(-0.00203883 -0.0246622 0)
(-0.0080133 -0.0199248 0)
(-0.0101583 -0.0137602 0)
(-0.00962505 -0.00810995 0)
(-0.00775173 -0.00385039 0)
(-0.00554862 -0.00108688 0)
(-0.00356028 0.000483361 0)
(-0.00199054 0.00119941 0)
(-0.000870075 0.0013983 0)
(-0.000119339 0.0012813 0)
(0.000306527 0.00096629 0)
(0.000446992 0.000597014 0)
(0.000410493 0.000310904 0)
(0.000313464 0.000128763 0)
(0.000214215 2.47393e-05 0)
(0.000133443 -2.88627e-05 0)
(7.46189e-05 -5.22213e-05 0)
(3.51087e-05 -5.84421e-05 0)
(1.05349e-05 -5.55236e-05 0)
(-3.28779e-06 -4.86157e-05 0)
(-1.00979e-05 -4.04798e-05 0)
(-1.26748e-05 -3.25272e-05 0)
(-1.27295e-05 -2.55023e-05 0)
(-1.14518e-05 -1.96656e-05 0)
(-0.0060006 -0.0133192 0)
(-0.0146234 -0.00371492 0)
(-0.0160602 0.00749928 0)
(-0.0131477 0.0165919 0)
(-0.0092829 0.0222504 0)
(-0.00760105 0.0253061 0)
(-0.00900948 0.0293076 0)
(-0.0120165 0.0361535 0)
(-0.0145906 0.0467384 0)
(-0.0143449 0.0604863 0)
(-0.00947013 0.0749705 0)
(1.54693e-05 0.0867313 0)
(0.0130156 0.0933047 0)
(0.0268757 0.0918543 0)
(0.0385862 0.0833204 0)
(0.0465861 0.0686237 0)
(0.0491346 0.0496841 0)
(0.0455975 0.0300644 0)
(0.0375138 0.0133061 0)
(0.0275228 0.0010286 0)
(0.0176583 -0.00667387 0)
(0.00961729 -0.0100132 0)
(0.00484816 -0.0107729 0)
(0.00289087 -0.0105644 0)
(0.00390188 -0.0107961 0)
(0.00732761 -0.0142283 0)
(0.00896681 -0.0215845 0)
(0.00806815 -0.0293091 0)
(0.00561128 -0.0371201 0)
(0.00145626 -0.0438866 0)
(-0.00326381 -0.0488877 0)
(-0.00835017 -0.0520659 0)
(-0.0116655 -0.0527444 0)
(-0.0140541 -0.0552789 0)
(-0.0201345 -0.0569754 0)
(-0.0257428 -0.052763 0)
(-0.0302075 -0.0480849 0)
(-0.0349305 -0.0390281 0)
(-0.0383938 -0.0269263 0)
(-0.0411454 -0.00976595 0)
(-0.0391861 0.0133235 0)
(-0.0311476 0.0373243 0)
(-0.0169654 0.0600008 0)
(0.00125705 0.0744208 0)
(0.0191218 0.0796693 0)
(0.0339782 0.0739587 0)
(0.0432737 0.0608826 0)
(0.0472048 0.0406602 0)
(0.0441648 0.0165508 0)
(0.0340318 -0.0041946 0)
(0.0210592 -0.0186072 0)
(0.0080446 -0.0248241 0)
(-0.00187348 -0.024312 0)
(-0.00775333 -0.019748 0)
(-0.0098929 -0.0137251 0)
(-0.0094073 -0.00816374 0)
(-0.00759863 -0.0039409 0)
(-0.00545414 -0.00118052 0)
(-0.00351014 0.000405411 0)
(-0.00197019 0.00114146 0)
(-0.000867939 0.00135812 0)
(-0.000128476 0.0012555 0)
(0.000291836 0.000953557 0)
(0.000432846 0.000594728 0)
(0.000400335 0.000313952 0)
(0.000307221 0.000133169 0)
(0.000210755 2.8724e-05 0)
(0.000131741 -2.58193e-05 0)
(7.39542e-05 -5.00941e-05 0)
(3.50221e-05 -5.70617e-05 0)
(1.07394e-05 -5.46998e-05 0)
(-2.96588e-06 -4.81626e-05 0)
(-9.75071e-06 -4.02742e-05 0)
(-1.23501e-05 -3.24709e-05 0)
(-1.24499e-05 -2.55302e-05 0)
(-1.12237e-05 -1.97359e-05 0)
(-0.0057883 -0.0127631 0)
(-0.0141633 -0.00350722 0)
(-0.0156449 0.00745975 0)
(-0.0128836 0.0164413 0)
(-0.00917194 0.0221281 0)
(-0.0075443 0.02532 0)
(-0.00889006 0.0294189 0)
(-0.0117829 0.0362889 0)
(-0.0142478 0.0467996 0)
(-0.0139669 0.0603783 0)
(-0.00918561 0.0746521 0)
(8.61641e-05 0.0862405 0)
(0.0127778 0.0927088 0)
(0.0263118 0.0913019 0)
(0.0377639 0.0828962 0)
(0.04559 0.068401 0)
(0.0480981 0.0497183 0)
(0.0446781 0.0303331 0)
(0.0368171 0.0137118 0)
(0.0270723 0.00146419 0)
(0.0174345 -0.0062788 0)
(0.00956236 -0.00973266 0)
(0.00487782 -0.0106249 0)
(0.00293574 -0.0105533 0)
(0.00387827 -0.0108951 0)
(0.00717019 -0.0143428 0)
(0.00874612 -0.021594 0)
(0.00787636 -0.0292327 0)
(0.00547852 -0.036975 0)
(0.00142133 -0.0436919 0)
(-0.00319091 -0.0486798 0)
(-0.00816041 -0.0518781 0)
(-0.0114405 -0.052634 0)
(-0.0138382 -0.0551066 0)
(-0.0197692 -0.0567102 0)
(-0.0252515 -0.0525724 0)
(-0.0296465 -0.047885 0)
(-0.0342701 -0.0388689 0)
(-0.0376571 -0.026806 0)
(-0.0403084 -0.00975704 0)
(-0.0383649 0.0130857 0)
(-0.0304966 0.0368442 0)
(-0.0166413 0.0592848 0)
(0.00115827 0.0736452 0)
(0.0186289 0.0789633 0)
(0.0332018 0.0734737 0)
(0.0423396 0.0605825 0)
(0.0461825 0.0406471 0)
(0.0432411 0.0168524 0)
(0.0333704 -0.00369295 0)
(0.0207156 -0.0180365 0)
(0.00799956 -0.0243256 0)
(-0.00171562 -0.0239684 0)
(-0.00750014 -0.0195736 0)
(-0.00963229 -0.0136895 0)
(-0.00919219 -0.00821389 0)
(-0.00744632 -0.00402853 0)
(-0.00535937 -0.00127112 0)
(-0.00345923 0.000329078 0)
(-0.00194903 0.00108454 0)
(-0.000865106 0.00131856 0)
(-0.000137018 0.00123009 0)
(0.000277652 0.000940946 0)
(0.000419042 0.000592344 0)
(0.000390323 0.000316823 0)
(0.000300999 0.000137432 0)
(0.000207267 3.26181e-05 0)
(0.000129999 -2.28354e-05 0)
(7.32536e-05 -4.80015e-05 0)
(3.49074e-05 -5.57002e-05 0)
(1.09238e-05 -5.38847e-05 0)
(-2.65739e-06 -4.77133e-05 0)
(-9.41216e-06 -4.00687e-05 0)
(-1.20304e-05 -3.24132e-05 0)
(-1.2173e-05 -2.5556e-05 0)
(-1.09969e-05 -1.9804e-05 0)
(-0.00558381 -0.0122264 0)
(-0.013717 -0.00330194 0)
(-0.0152374 0.00742477 0)
(-0.0126211 0.0162974 0)
(-0.00905723 0.0220106 0)
(-0.00748251 0.0253312 0)
(-0.00876829 0.029526 0)
(-0.0115508 0.0364191 0)
(-0.0139104 0.0468574 0)
(-0.0135966 0.0602714 0)
(-0.0089082 0.0743407 0)
(0.000152625 0.0857611 0)
(0.0125407 0.0921273 0)
(0.0257536 0.090762 0)
(0.0369502 0.0824813 0)
(0.0446045 0.068183 0)
(0.0470721 0.0497505 0)
(0.0437659 0.0305941 0)
(0.0361226 0.014107 0)
(0.0266199 0.00189217 0)
(0.0172057 -0.00589249 0)
(0.00950098 -0.00945761 0)
(0.00490107 -0.0104789 0)
(0.0029752 -0.0105407 0)
(0.00385216 -0.0109898 0)
(0.00701491 -0.0144529 0)
(0.00852958 -0.0216029 0)
(0.00768752 -0.0291583 0)
(0.00534765 -0.0368334 0)
(0.00138686 -0.0435017 0)
(-0.00311911 -0.0484767 0)
(-0.00797362 -0.051694 0)
(-0.0112168 -0.0525238 0)
(-0.01362 -0.0549373 0)
(-0.0194046 -0.0564517 0)
(-0.0247628 -0.0523854 0)
(-0.0290873 -0.047689 0)
(-0.0336122 -0.038713 0)
(-0.0369238 -0.0266889 0)
(-0.0394781 -0.00974784 0)
(-0.0375517 0.0128535 0)
(-0.0298518 0.0363759 0)
(-0.0163187 0.0585863 0)
(0.00106418 0.0728878 0)
(0.0181455 0.078272 0)
(0.0324355 0.0729972 0)
(0.041415 0.0602876 0)
(0.0451711 0.0406339 0)
(0.0423258 0.0171399 0)
(0.0327125 -0.00320381 0)
(0.0203703 -0.0174793 0)
(0.00794874 -0.0238381 0)
(-0.00156498 -0.0236314 0)
(-0.00725358 -0.0194013 0)
(-0.00937642 -0.0136529 0)
(-0.00897963 -0.00826233 0)
(-0.00729486 -0.00411328 0)
(-0.00526434 -0.00135917 0)
(-0.0034076 0.000254341 0)
(-0.00192708 0.00102864 0)
(-0.000861593 0.00127963 0)
(-0.000144977 0.00120506 0)
(0.000263966 0.000928469 0)
(0.000405572 0.00058987 0)
(0.000380456 0.000319525 0)
(0.000294801 0.000141541 0)
(0.000203752 3.64077e-05 0)
(0.000128218 -1.99111e-05 0)
(7.2518e-05 -4.59438e-05 0)
(3.47651e-05 -5.43577e-05 0)
(1.10884e-05 -5.30787e-05 0)
(-2.36212e-06 -4.72679e-05 0)
(-9.0821e-06 -3.98636e-05 0)
(-1.17159e-05 -3.2354e-05 0)
(-1.18989e-05 -2.55798e-05 0)
(-1.07714e-05 -1.98698e-05 0)
(-0.00538677 -0.0117083 0)
(-0.0132839 -0.00309926 0)
(-0.0148377 0.0073941 0)
(-0.0123601 0.01616 0)
(-0.00893897 0.0218977 0)
(-0.00741586 0.0253409 0)
(-0.00864422 0.0296291 0)
(-0.01132 0.0365443 0)
(-0.0135781 0.0469119 0)
(-0.0132338 0.0601658 0)
(-0.00863771 0.0740362 0)
(0.00021497 0.0852929 0)
(0.0123043 0.0915599 0)
(0.025201 0.0902347 0)
(0.0361449 0.0820757 0)
(0.0436295 0.0679695 0)
(0.0460563 0.0497808 0)
(0.0428606 0.0308474 0)
(0.0354303 0.0144919 0)
(0.0261657 0.00231005 0)
(0.0169722 -0.00551488 0)
(0.00943329 -0.00918803 0)
(0.00491807 -0.0103351 0)
(0.0030094 -0.010527 0)
(0.00382361 -0.0110801 0)
(0.00686169 -0.0145585 0)
(0.00831704 -0.0216113 0)
(0.00750157 -0.0290859 0)
(0.00521864 -0.036695 0)
(0.00135285 -0.043316 0)
(-0.00304838 -0.0482782 0)
(-0.00778974 -0.0515133 0)
(-0.0109945 -0.0524136 0)
(-0.0133996 -0.0547705 0)
(-0.0190408 -0.0561995 0)
(-0.0242768 -0.0522014 0)
(-0.0285297 -0.0474967 0)
(-0.0329569 -0.0385606 0)
(-0.0361936 -0.0265758 0)
(-0.0386542 -0.00974188 0)
(-0.0367461 0.0126242 0)
(-0.029213 0.0359162 0)
(-0.0159977 0.0579025 0)
(0.000974557 0.0721468 0)
(0.0176711 0.0775951 0)
(0.0316791 0.07253 0)
(0.0404997 0.0599991 0)
(0.0441703 0.0406204 0)
(0.0414188 0.0174251 0)
(0.032058 -0.00272779 0)
(0.0200233 -0.0169357 0)
(0.00789227 -0.0233617 0)
(-0.00142152 -0.0233006 0)
(-0.00701347 -0.0192314 0)
(-0.00912525 -0.0136155 0)
(-0.00876959 -0.00830846 0)
(-0.00714417 -0.00419525 0)
(-0.00516908 -0.00144514 0)
(-0.00335528 0.000181206 0)
(-0.00190435 0.000973754 0)
(-0.000857411 0.00124134 0)
(-0.000152364 0.00118043 0)
(0.000250768 0.000916124 0)
(0.000392431 0.000587317 0)
(0.000370731 0.000322058 0)
(0.000288627 0.000145498 0)
(0.000200212 4.00929e-05 0)
(0.0001264 -1.70461e-05 0)
(7.17483e-05 -4.39212e-05 0)
(3.45956e-05 -5.30347e-05 0)
(1.12336e-05 -5.2282e-05 0)
(-2.07989e-06 -4.68266e-05 0)
(-8.76042e-06 -3.96589e-05 0)
(-1.14062e-05 -3.22937e-05 0)
(-1.16275e-05 -2.56015e-05 0)
(-1.05472e-05 -1.99335e-05 0)
(-0.00519682 -0.0112083 0)
(-0.0128636 -0.00289935 0)
(-0.0144454 0.00736748 0)
(-0.0121006 0.0160289 0)
(-0.00881731 0.0217893 0)
(-0.00734456 0.0253503 0)
(-0.00851792 0.0297282 0)
(-0.0110906 0.0366646 0)
(-0.0132508 0.0469632 0)
(-0.0128782 0.0600615 0)
(-0.00837395 0.0737385 0)
(0.000273317 0.0848356 0)
(0.0120685 0.0910062 0)
(0.0246537 0.0897193 0)
(0.0353479 0.0816791 0)
(0.0426646 0.0677604 0)
(0.0450505 0.0498093 0)
(0.0419622 0.0310932 0)
(0.0347402 0.0148667 0)
(0.0257098 0.00271767 0)
(0.0167341 -0.00514577 0)
(0.00935947 -0.00892383 0)
(0.00492895 -0.0101934 0)
(0.00303845 -0.0105126 0)
(0.00379269 -0.0111665 0)
(0.00671043 -0.01466 0)
(0.00810835 -0.0216192 0)
(0.00731843 -0.0290156 0)
(0.00509143 -0.0365601 0)
(0.00131928 -0.0431348 0)
(-0.00297865 -0.0480845 0)
(-0.00760856 -0.0513366 0)
(-0.0107732 -0.0523042 0)
(-0.0131771 -0.054607 0)
(-0.0186775 -0.0559541 0)
(-0.023793 -0.0520215 0)
(-0.0279737 -0.0473088 0)
(-0.032304 -0.0384116 0)
(-0.0354669 -0.0264653 0)
(-0.0378368 -0.00973698 0)
(-0.0359481 0.0124022 0)
(-0.0285801 0.0354702 0)
(-0.015678 0.057238 0)
(0.000889481 0.0714249 0)
(0.0172057 0.0769331 0)
(0.0309324 0.0720709 0)
(0.0395935 0.059715 0)
(0.0431802 0.0406061 0)
(0.04052 0.0176995 0)
(0.0314066 -0.00226325 0)
(0.0196747 -0.0164047 0)
(0.00783042 -0.0228956 0)
(-0.00128485 -0.0229767 0)
(-0.00677967 -0.0190639 0)
(-0.00887859 -0.0135776 0)
(-0.00856208 -0.00835193 0)
(-0.00699433 -0.00427553 0)
(-0.00507361 -0.00152915 0)
(-0.00330227 0.000109657 0)
(-0.00188087 0.000919894 0)
(-0.000852575 0.00120369 0)
(-0.000159189 0.00115619 0)
(0.000238048 0.000903917 0)
(0.000379612 0.000584685 0)
(0.000361148 0.000324429 0)
(0.000282479 0.000149324 0)
(0.000196648 4.36927e-05 0)
(0.000124547 -1.42404e-05 0)
(7.09453e-05 -4.1934e-05 0)
(3.43997e-05 -5.17315e-05 0)
(1.13597e-05 -5.14951e-05 0)
(-1.81049e-06 -4.63896e-05 0)
(-8.44701e-06 -3.94549e-05 0)
(-1.11015e-05 -3.22322e-05 0)
(-1.13587e-05 -2.56214e-05 0)
(-1.03243e-05 -1.99951e-05 0)
(-0.00501364 -0.0107257 0)
(-0.0124555 -0.00270235 0)
(-0.0140604 0.00734466 0)
(-0.0118427 0.0159038 0)
(-0.00869241 0.0216853 0)
(-0.00726878 0.0253595 0)
(-0.00838948 0.0298236 0)
(-0.0108625 0.0367803 0)
(-0.0129284 0.0470116 0)
(-0.0125297 0.0599586 0)
(-0.00811673 0.0734477 0)
(0.000327775 0.0843897 0)
(0.0118334 0.0904668 0)
(0.0241117 0.0892168 0)
(0.0345589 0.0812921 0)
(0.0417096 0.0675562 0)
(0.0440545 0.0498363 0)
(0.0410704 0.0313318 0)
(0.0340523 0.0152314 0)
(0.0252522 0.00311527 0)
(0.0164915 -0.00478534 0)
(0.00927967 -0.00866513 0)
(0.00493387 -0.0100538 0)
(0.00306249 -0.0104972 0)
(0.00375946 -0.0112487 0)
(0.00656102 -0.0147572 0)
(0.00790339 -0.0216266 0)
(0.00713804 -0.0289471 0)
(0.00496602 -0.0364281 0)
(0.00128615 -0.0429577 0)
(-0.00290996 -0.0478948 0)
(-0.00743017 -0.0511626 0)
(-0.0105535 -0.0521943 0)
(-0.0129529 -0.0544452 0)
(-0.0183152 -0.0557138 0)
(-0.0233119 -0.0518436 0)
(-0.0274195 -0.0471237 0)
(-0.0316536 -0.0382655 0)
(-0.0347432 -0.0263591 0)
(-0.0370254 -0.00973422 0)
(-0.0351574 0.0121802 0)
(-0.027953 0.035029 0)
(-0.01536 0.0565843 0)
(0.000808494 0.0707164 0)
(0.0167486 0.0762842 0)
(0.0301951 0.0716215 0)
(0.0386964 0.0594387 0)
(0.0422001 0.0405929 0)
(0.0396288 0.0179663 0)
(0.0307588 -0.0018126 0)
(0.0193244 -0.0158879 0)
(0.00776317 -0.0224405 0)
(-0.00115498 -0.022659 0)
(-0.00655209 -0.0188988 0)
(-0.00863644 -0.0135389 0)
(-0.00835701 -0.0083939 0)
(-0.00684529 -0.00435266 0)
(-0.00497792 -0.00161084 0)
(-0.00324861 3.97278e-05 0)
(-0.00185666 0.000867056 0)
(-0.000847099 0.00116669 0)
(-0.000165463 0.00113234 0)
(0.000225794 0.000891853 0)
(0.000367108 0.00058198 0)
(0.000351706 0.000326654 0)
(0.000276359 0.000153014 0)
(0.000193064 4.71963e-05 0)
(0.000122658 -1.14938e-05 0)
(7.01099e-05 -3.99824e-05 0)
(3.41778e-05 -5.04483e-05 0)
(1.14671e-05 -5.07181e-05 0)
(-1.55373e-06 -4.59572e-05 0)
(-8.14174e-06 -3.92517e-05 0)
(-1.08017e-05 -3.21697e-05 0)
(-1.10927e-05 -2.56395e-05 0)
(-1.01028e-05 -2.00547e-05 0)
(-0.0048369 -0.0102599 0)
(-0.0120591 -0.00250838 0)
(-0.0136826 0.00732541 0)
(-0.0115863 0.0157844 0)
(-0.00856442 0.0215853 0)
(-0.0071887 0.0253682 0)
(-0.008259 0.0299152 0)
(-0.0106357 0.0368913 0)
(-0.0126108 0.0470568 0)
(-0.0121881 0.0598564 0)
(-0.00786586 0.0731623 0)
(0.000378471 0.0839526 0)
(0.0115988 0.0899385 0)
(0.0235747 0.0887237 0)
(0.0337777 0.0809119 0)
(0.0407642 0.0673549 0)
(0.0430679 0.049861 0)
(0.0401851 0.0315633 0)
(0.0333665 0.0155869 0)
(0.0247931 0.00350363 0)
(0.0162445 -0.00443277 0)
(0.00919407 -0.0084115 0)
(0.00493298 -0.00991642 0)
(0.00308165 -0.0104811 0)
(0.00372398 -0.0113276 0)
(0.00641347 -0.014851 0)
(0.007702 -0.0216337 0)
(0.00696029 -0.0288807 0)
(0.00484235 -0.0362998 0)
(0.00125346 -0.0427854 0)
(-0.00284216 -0.0477103 0)
(-0.00725415 -0.0509936 0)
(-0.0103345 -0.0520869 0)
(-0.0127265 -0.0542883 0)
(-0.0179532 -0.0554817 0)
(-0.0228326 -0.0516716 0)
(-0.0268668 -0.0469443 0)
(-0.0310057 -0.0381236 0)
(-0.0340229 -0.0262546 0)
(-0.0362201 -0.00972973 0)
(-0.0343739 0.0119702 0)
(-0.0273313 0.0346071 0)
(-0.0150432 0.055955 0)
(0.000732032 0.0700311 0)
(0.0163002 0.0756523 0)
(0.0294673 0.0711801 0)
(0.0378081 0.0591644 0)
(0.0412301 0.0405767 0)
(0.0387452 0.0182275 0)
(0.0301141 -0.00137196 0)
(0.0189729 -0.0153814 0)
(0.00769085 -0.0219948 0)
(-0.00103167 -0.0223475 0)
(-0.00633046 -0.0187363 0)
(-0.0083986 -0.0135001 0)
(-0.00815433 -0.00843356 0)
(-0.00669708 -0.00442734 0)
(-0.00488209 -0.00169073 0)
(-0.00319433 -2.84181e-05 0)
(-0.00183173 0.000815241 0)
(-0.000840997 0.00113035 0)
(-0.000171199 0.00110889 0)
(0.000213998 0.000879938 0)
(0.000354913 0.000579219 0)
(0.000342403 0.00032873 0)
(0.000270267 0.000156573 0)
(0.000189459 5.06047e-05 0)
(0.000120737 -8.80616e-06 0)
(6.9243e-05 -3.80665e-05 0)
(3.39305e-05 -4.91855e-05 0)
(1.1556e-05 -4.99515e-05 0)
(-1.30941e-06 -4.55295e-05 0)
(-7.84449e-06 -3.90496e-05 0)
(-1.05067e-05 -3.21064e-05 0)
(-1.08293e-05 -2.56559e-05 0)
(-9.88247e-06 -2.01122e-05 0)
(-0.00466632 -0.00981038 0)
(-0.011674 -0.00231758 0)
(-0.0133116 0.00730957 0)
(-0.0113314 0.0156709 0)
(-0.00843347 0.0214898 0)
(-0.00710449 0.0253766 0)
(-0.00812655 0.0300037 0)
(-0.0104102 0.0369987 0)
(-0.0122978 0.047101 0)
(-0.0118532 0.0597587 0)
(-0.00762121 0.0728889 0)
(0.000425461 0.0835337 0)
(0.0113649 0.0894324 0)
(0.0230428 0.0882514 0)
(0.0330043 0.0805481 0)
(0.0398284 0.0671632 0)
(0.0420907 0.0498864 0)
(0.0393062 0.0317879 0)
(0.0326828 0.0159316 0)
(0.0243324 0.00388083 0)
(0.0159932 -0.00408988 0)
(0.00910279 -0.00816406 0)
(0.00492638 -0.00978145 0)
(0.00309603 -0.0104638 0)
(0.00368627 -0.0114019 0)
(0.00626753 -0.0149398 0)
(0.00750409 -0.0216397 0)
(0.00678512 -0.0288155 0)
(0.00472033 -0.0361739 0)
(0.00122116 -0.0426164 0)
(-0.00277529 -0.0475288 0)
(-0.00708071 -0.0508256 0)
(-0.010117 -0.0519763 0)
(-0.0124986 -0.0541304 0)
(-0.017592 -0.055252 0)
(-0.0223556 -0.0514987 0)
(-0.0263153 -0.0467653 0)
(-0.0303594 -0.0379833 0)
(-0.033305 -0.0261554 0)
(-0.0354204 -0.00973389 0)
(-0.0335971 0.0117525 0)
(-0.0267151 0.0341801 0)
(-0.0147281 0.0553267 0)
(0.000659076 0.069351 0)
(0.0158594 0.075029 0)
(0.0287483 0.0707478 0)
(0.0369283 0.0589013 0)
(0.0402699 0.0405656 0)
(0.0378693 0.0184798 0)
(0.0294726 -0.000946455 0)
(0.01862 -0.0148922 0)
(0.00761419 -0.0215628 0)
(-0.00091394 -0.0220441 0)
(-0.00611432 -0.0185764 0)
(-0.00816492 -0.0134603 0)
(-0.00795404 -0.00847053 0)
(-0.00654968 -0.0045 0)
(-0.00478606 -0.00176848 0)
(-0.00313943 -9.50058e-05 0)
(-0.00180613 0.000764451 0)
(-0.000834281 0.00109464 0)
(-0.000176406 0.00108585 0)
(0.000202648 0.000868169 0)
(0.00034302 0.000576402 0)
(0.000333236 0.000330663 0)
(0.000264205 0.000160001 0)
(0.000185837 5.39221e-05 0)
(0.000118783 -6.17731e-06 0)
(6.83453e-05 -3.61866e-05 0)
(3.36584e-05 -4.79434e-05 0)
(1.16269e-05 -4.91954e-05 0)
(-1.07731e-06 -4.51067e-05 0)
(-7.55515e-06 -3.88486e-05 0)
(-1.02164e-05 -3.20422e-05 0)
(-1.05686e-05 -2.56706e-05 0)
(-9.66347e-06 -2.01679e-05 0)
(-0.0045016 -0.00937586 0)
(-0.0112998 -0.0021297 0)
(-0.0129474 0.00729642 0)
(-0.0110781 0.0155617 0)
(-0.00829972 0.0213975 0)
(-0.00701631 0.025385 0)
(-0.00799218 0.0300905 0)
(-0.0101859 0.0371043 0)
(-0.0119891 0.0471456 0)
(-0.0115245 0.0596656 0)
(-0.0073824 0.0726253 0)
(0.000469013 0.0831293 0)
(0.0111315 0.0889442 0)
(0.0225155 0.0877962 0)
(0.032238 0.0801983 0)
(0.0389014 0.0669805 0)
(0.0411222 0.0499147 0)
(0.0384333 0.0320104 0)
(0.0320012 0.0162715 0)
(0.0238703 0.00425286 0)
(0.0157379 -0.00375137 0)
(0.00900606 -0.00791943 0)
(0.00491433 -0.00964768 0)
(0.00310583 -0.0104463 0)
(0.00364641 -0.0114747 0)
(0.00612312 -0.0150269 0)
(0.00730886 -0.0216457 0)
(0.00661185 -0.0287514 0)
(0.00459947 -0.0360495 0)
(0.00118919 -0.0424494 0)
(-0.00270852 -0.0473497 0)
(-0.00690745 -0.0506604 0)
(-0.0098973 -0.0518685 0)
(-0.0122649 -0.0539766 0)
(-0.0172256 -0.055028 0)
(-0.0218741 -0.0513311 0)
(-0.0257592 -0.0465913 0)
(-0.0297108 -0.0378459 0)
(-0.0325875 -0.0260546 0)
(-0.0346262 -0.00972655 0)
(-0.0328272 0.0115594 0)
(-0.0261038 0.0337926 0)
(-0.0144136 0.0547504 0)
(0.000590205 0.0687258 0)
(0.0154269 0.0744521 0)
(0.0280383 0.0703443 0)
(0.0360567 0.0586484 0)
(0.0393178 0.0405509 0)
(0.0369984 0.0187246 0)
(0.0288319 -0.000531563 0)
(0.0182661 -0.0144074 0)
(0.00753638 -0.0211329 0)
(-0.000797904 -0.0217417 0)
(-0.00590028 -0.018417 0)
(-0.00793332 -0.0134205 0)
(-0.00775518 -0.00850725 0)
(-0.00640289 -0.00457036 0)
(-0.00468988 -0.00184435 0)
(-0.00308395 -0.000160911 0)
(-0.00177985 0.000714676 0)
(-0.000826965 0.00105964 0)
(-0.000181096 0.00106324 0)
(0.000191735 0.000856572 0)
(0.000331424 0.000573563 0)
(0.000324206 0.000332501 0)
(0.000258174 0.000163336 0)
(0.000182197 5.71651e-05 0)
(0.000116799 -3.60213e-06 0)
(6.74178e-05 -3.43417e-05 0)
(3.33621e-05 -4.6722e-05 0)
(1.168e-05 -4.84503e-05 0)
(-8.57223e-07 -4.46892e-05 0)
(-7.27356e-06 -3.8649e-05 0)
(-9.9308e-06 -3.19776e-05 0)
(-1.03104e-05 -2.56838e-05 0)
(-9.44575e-06 -2.02217e-05 0)
(-0.00403746 -0.00823455 0)
(-0.0102386 -0.00160914 0)
(-0.0119041 0.00728163 0)
(-0.0103435 0.0152835 0)
(-0.00790152 0.0211562 0)
(-0.00674768 0.0254028 0)
(-0.00759464 0.0303141 0)
(-0.00953486 0.037374 0)
(-0.0111015 0.0472432 0)
(-0.0105843 0.0593832 0)
(-0.00670278 0.0718698 0)
(0.000585949 0.0819782 0)
(0.0104523 0.0875568 0)
(0.0209908 0.0864936 0)
(0.0300237 0.0791899 0)
(0.0362231 0.0664424 0)
(0.0383223 0.049967 0)
(0.0359046 0.0326051 0)
(0.0300186 0.0171981 0)
(0.0225179 0.00527502 0)
(0.0149811 -0.00281736 0)
(0.00870782 -0.00724021 0)
(0.00486294 -0.00927177 0)
(0.00312083 -0.0103899 0)
(0.00352404 -0.011663 0)
(0.00570716 -0.0152552 0)
(0.00675158 -0.0216563 0)
(0.00611632 -0.0285714 0)
(0.00425395 -0.0357007 0)
(0.00109748 -0.041981 0)
(-0.00251971 -0.0468436 0)
(-0.00641792 -0.0501853 0)
(-0.00927286 -0.051537 0)
(-0.0115954 -0.0535199 0)
(-0.0161835 -0.0543831 0)
(-0.0205038 -0.0508321 0)
(-0.0241681 -0.0460795 0)
(-0.027846 -0.0374485 0)
(-0.0305149 -0.025786 0)
(-0.0323264 -0.00976291 0)
(-0.0305988 0.0109161 0)
(-0.0243357 0.0325535 0)
(-0.0135016 0.0529441 0)
(0.000399545 0.0667711 0)
(0.0141847 0.0726564 0)
(0.0259884 0.0690945 0)
(0.0335363 0.0578989 0)
(0.036571 0.040522 0)
(0.0344857 0.0194346 0)
(0.0269802 0.000653033 0)
(0.0172288 -0.0130565 0)
(0.00727844 -0.019944 0)
(-0.000497596 -0.0209065 0)
(-0.00530818 -0.017975 0)
(-0.00727861 -0.013307 0)
(-0.00718538 -0.00860391 0)
(-0.00597788 -0.0047626 0)
(-0.00440909 -0.00205167 0)
(-0.00292041 -0.000342727 0)
(-0.0017012 0.000577088 0)
(-0.000803907 0.000962797 0)
(-0.000193302 0.00100093 0)
(0.000161144 0.000824323 0)
(0.000298441 0.00056521 0)
(0.000298252 0.000337037 0)
(0.000240667 0.000172222 0)
(0.000171532 6.60433e-05 0)
(0.000110922 3.58126e-06 0)
(6.46264e-05 -2.92382e-05 0)
(3.2428e-05 -4.33316e-05 0)
(1.17842e-05 -4.6371e-05 0)
(-2.49703e-07 -4.35184e-05 0)
(-6.47442e-06 -3.80815e-05 0)
(-9.11109e-06 -3.17864e-05 0)
(-9.56478e-06 -2.57114e-05 0)
(-8.81432e-06 -2.03645e-05 0)
(-0.00338171 -0.00653088 0)
(-0.0086959 -0.00079952 0)
(-0.0103172 0.00728919 0)
(-0.00916192 0.0148882 0)
(-0.00718722 0.0208061 0)
(-0.00622257 0.0254261 0)
(-0.00689703 0.0306394 0)
(-0.00848296 0.037764 0)
(-0.00972608 0.0473717 0)
(-0.00916389 0.0589411 0)
(-0.00570519 0.0707188 0)
(0.000703117 0.0802328 0)
(0.00933839 0.08546 0)
(0.0185673 0.0845207 0)
(0.0265161 0.0776609 0)
(0.031984 0.0656245 0)
(0.033878 0.0500357 0)
(0.0318497 0.0334886 0)
(0.0267808 0.0185862 0)
(0.0202476 0.0068147 0)
(0.0136395 -0.00140622 0)
(0.00809538 -0.00620689 0)
(0.00465811 -0.00869247 0)
(0.00304565 -0.0102922 0)
(0.00327513 -0.0119291 0)
(0.00505159 -0.0155896 0)
(0.00589687 -0.0216857 0)
(0.00534853 -0.0283283 0)
(0.00371743 -0.0352134 0)
(0.000955619 -0.0413269 0)
(-0.0022218 -0.0461454 0)
(-0.00564885 -0.0495422 0)
(-0.00825231 -0.0511092 0)
(-0.0104421 -0.0529303 0)
(-0.0144566 -0.053536 0)
(-0.0182634 -0.0501915 0)
(-0.0215561 -0.0454094 0)
(-0.0248056 -0.0369187 0)
(-0.0271549 -0.0253964 0)
(-0.0286538 -0.00974067 0)
(-0.0270646 0.0101584 0)
(-0.0215254 0.0310142 0)
(-0.0120145 0.0506241 0)
(0.000183464 0.0642173 0)
(0.0123227 0.0702517 0)
(0.0228132 0.0673726 0)
(0.0295675 0.0568063 0)
(0.0322363 0.0404242 0)
(0.0304787 0.0204002 0)
(0.0239706 0.00235626 0)
(0.015475 -0.0110717 0)
(0.00675038 -0.0181631 0)
(-0.000128157 -0.019633 0)
(-0.0044455 -0.0172839 0)
(-0.00628104 -0.0131115 0)
(-0.0062907 -0.00873263 0)
(-0.00529133 -0.00504482 0)
(-0.00394141 -0.00236357 0)
(-0.00263726 -0.000619388 0)
(-0.00155617 0.000364169 0)
(-0.000752629 0.000811857 0)
(-0.000202328 0.00090336 0)
(0.000119782 0.000773064 0)
(0.000250148 0.000550855 0)
(0.000258233 0.000342752 0)
(0.000212424 0.000185166 0)
(0.000153577 7.93477e-05 0)
(0.000100531 1.45072e-05 0)
(5.93406e-05 -2.13247e-05 0)
(3.03561e-05 -3.80321e-05 0)
(1.1572e-05 -4.3098e-05 0)
(4.94858e-07 -4.16636e-05 0)
(-5.32007e-06 -3.71698e-05 0)
(-7.85602e-06 -3.14673e-05 0)
(-8.38723e-06 -2.5739e-05 0)
(-7.79704e-06 -2.05762e-05 0)
(-0.00281606 -0.00510757 0)
(-0.00732946 -7.93451e-05 0)
(-0.00885163 0.00733606 0)
(-0.008014 0.0145847 0)
(-0.0064316 0.0205271 0)
(-0.00563384 0.0254427 0)
(-0.00616829 0.030903 0)
(-0.00745426 0.0380775 0)
(-0.00843036 0.0474605 0)
(-0.00785752 0.0585468 0)
(-0.00481374 0.0697256 0)
(0.00075789 0.078735 0)
(0.0082351 0.0836667 0)
(0.0162298 0.0828261 0)
(0.0231443 0.0763431 0)
(0.0279115 0.0649136 0)
(0.0295962 0.0500781 0)
(0.0279088 0.0342258 0)
(0.0235851 0.0197633 0)
(0.0179545 0.00813393 0)
(0.0122255 -0.000185755 0)
(0.00738442 -0.00530253 0)
(0.00435232 -0.00817108 0)
(0.00288611 -0.0101801 0)
(0.00298587 -0.0121175 0)
(0.00441825 -0.0158324 0)
(0.00509537 -0.0216738 0)
(0.00462359 -0.0280748 0)
(0.00320915 -0.0347307 0)
(0.000818412 -0.0406801 0)
(-0.0019425 -0.045435 0)
(-0.00492352 -0.0488483 0)
(-0.00725875 -0.0505573 0)
(-0.00927398 -0.0522326 0)
(-0.0127483 -0.0526256 0)
(-0.0160607 -0.0494434 0)
(-0.0189676 -0.0446634 0)
(-0.0217926 -0.0363504 0)
(-0.0238248 -0.0250494 0)
(-0.0250486 -0.00984435 0)
(-0.0236174 0.0092385 0)
(-0.0187932 0.0292974 0)
(-0.0105614 0.0481664 0)
(-3.03351e-06 0.0615541 0)
(0.0105434 0.067787 0)
(0.0197409 0.0656262 0)
(0.0257118 0.0557722 0)
(0.028052 0.0403603 0)
(0.0266028 0.0212911 0)
(0.0210304 0.00389675 0)
(0.0137128 -0.00933131 0)
(0.00614806 -0.016612 0)
(0.000136387 -0.0185176 0)
(-0.0036855 -0.016666 0)
(-0.00536197 -0.0129196 0)
(-0.00544241 -0.0088249 0)
(-0.00462321 -0.00527687 0)
(-0.0034739 -0.00262862 0)
(-0.00234501 -0.00085865 0)
(-0.0013992 0.000176261 0)
(-0.000690043 0.000677241 0)
(-0.000201498 0.000815725 0)
(8.66675e-05 0.000726164 0)
(0.000207525 0.000536287 0)
(0.000220989 0.000346233 0)
(0.000185015 0.000195585 0)
(0.000135475 9.05702e-05 0)
(8.96518e-05 2.39393e-05 0)
(5.35259e-05 -1.43123e-05 0)
(2.78278e-05 -3.32774e-05 0)
(1.10169e-05 -4.01293e-05 0)
(1.00281e-06 -3.99648e-05 0)
(-4.32014e-06 -3.63169e-05 0)
(-6.696e-06 -3.11526e-05 0)
(-7.26372e-06 -2.57422e-05 0)
(-6.80742e-06 -2.07506e-05 0)
(-0.00232191 -0.00392578 0)
(-0.00610671 0.000550769 0)
(-0.00748966 0.00740511 0)
(-0.00689724 0.0143515 0)
(-0.00564408 0.0203037 0)
(-0.00499343 0.0254547 0)
(-0.005414 0.0311178 0)
(-0.00644603 0.0383309 0)
(-0.00720333 0.0475208 0)
(-0.00664934 0.0581962 0)
(-0.00401423 0.068866 0)
(0.000758196 0.0774451 0)
(0.00714009 0.0821277 0)
(0.0139662 0.0813705 0)
(0.0198909 0.0752141 0)
(0.0239847 0.0643107 0)
(0.0254573 0.0501234 0)
(0.0240695 0.0348686 0)
(0.0204289 0.0207869 0)
(0.0156449 0.00928244 0)
(0.0107507 0.00087596 0)
(0.00658847 -0.00451458 0)
(0.0039594 -0.00771799 0)
(0.00265457 -0.0100891 0)
(0.00266492 -0.0122928 0)
(0.00380853 -0.0160728 0)
(0.00434374 -0.021726 0)
(0.00394206 -0.027951 0)
(0.00273349 -0.0344415 0)
(0.000694996 -0.0402869 0)
(-0.00166729 -0.0450256 0)
(-0.00422054 -0.0484888 0)
(-0.00627187 -0.0503479 0)
(-0.00807997 -0.0519359 0)
(-0.0110467 -0.0521697 0)
(-0.0138914 -0.0491139 0)
(-0.0164233 -0.0442972 0)
(-0.0188566 -0.0360577 0)
(-0.0206043 -0.0248175 0)
(-0.0216014 -0.00982085 0)
(-0.0203305 0.00878721 0)
(-0.0161658 0.0283578 0)
(-0.009111 0.0467167 0)
(-7.18964e-05 0.0599437 0)
(0.00897637 0.0662379 0)
(0.0169141 0.0645037 0)
(0.0220815 0.0550447 0)
(0.0240651 0.0403043 0)
(0.0228542 0.0219689 0)
(0.0181256 0.00511547 0)
(0.0119074 -0.00789593 0)
(0.00545829 -0.0152957 0)
(0.000298649 -0.0175522 0)
(-0.00301834 -0.0161213 0)
(-0.00451152 -0.0127428 0)
(-0.00463442 -0.00889594 0)
(-0.00397137 -0.00547225 0)
(-0.00300692 -0.00285522 0)
(-0.00204529 -0.00106541 0)
(-0.001232 1.13338e-05 0)
(-0.000617575 0.000559055 0)
(-0.000191991 0.000738522 0)
(6.07429e-05 0.000684411 0)
(0.000169876 0.000522464 0)
(0.00018625 0.000348317 0)
(0.000158408 0.000204086 0)
(0.000117311 0.000100133 0)
(7.83714e-05 3.21319e-05 0)
(4.72519e-05 -8.17384e-06 0)
(2.49015e-05 -2.90809e-05 0)
(1.01591e-05 -3.74874e-05 0)
(1.30036e-06 -3.84415e-05 0)
(-3.45823e-06 -3.55392e-05 0)
(-5.6218e-06 -3.08549e-05 0)
(-6.18948e-06 -2.57298e-05 0)
(-5.84337e-06 -2.08936e-05 0)
(-0.00188423 -0.00295703 0)
(-0.00500006 0.00109004 0)
(-0.00621467 0.00748463 0)
(-0.00580849 0.0141754 0)
(-0.00483233 0.0201275 0)
(-0.00431168 0.0254631 0)
(-0.00463912 0.0312889 0)
(-0.00545524 0.0385293 0)
(-0.00603374 0.0475535 0)
(-0.0055228 0.0578809 0)
(-0.00329083 0.0681193 0)
(0.000714332 0.0763287 0)
(0.00605376 0.0807931 0)
(0.0117663 0.0800922 0)
(0.016739 0.0742012 0)
(0.0201814 0.0637361 0)
(0.021438 0.050094 0)
(0.0203141 0.0353488 0)
(0.017304 0.0216039 0)
(0.0133175 0.010226 0)
(0.00922086 0.00176576 0)
(0.00571777 -0.00383311 0)
(0.0034885 -0.00730051 0)
(0.00235708 -0.00995718 0)
(0.0023089 -0.0123584 0)
(0.00320604 -0.0161613 0)
(0.0036214 -0.021619 0)
(0.00328335 -0.0276418 0)
(0.00226994 -0.0339254 0)
(0.000565616 -0.0396103 0)
(-0.00141472 -0.044259 0)
(-0.00355688 -0.0476911 0)
(-0.00531267 -0.0496047 0)
(-0.00688306 -0.0510766 0)
(-0.00935941 -0.0511685 0)
(-0.0117382 -0.0482289 0)
(-0.0138691 -0.0434623 0)
(-0.0158918 -0.0354301 0)
(-0.0173346 -0.0244744 0)
(-0.0181193 -0.00995753 0)
(-0.0170354 0.00789881 0)
(-0.0135655 0.0267416 0)
(-0.00770163 0.0444617 0)
(-0.000176362 0.0574935 0)
(0.00737853 0.0639583 0)
(0.0140517 0.0628417 0)
(0.0184337 0.0540649 0)
(0.0201301 0.0401761 0)
(0.0191826 0.0226235 0)
(0.0152847 0.00627164 0)
(0.0101213 -0.00656838 0)
(0.00473106 -0.0141161 0)
(0.000390123 -0.0167025 0)
(-0.00242592 -0.0156423 0)
(-0.00372014 -0.0125803 0)
(-0.00386226 -0.00894675 0)
(-0.00333456 -0.00563204 0)
(-0.0025411 -0.00304502 0)
(-0.00173978 -0.00124078 0)
(-0.00105627 -0.000129506 0)
(-0.00053645 0.000457436 0)
(-0.000175013 0.000671846 0)
(4.10193e-05 0.000648032 0)
(0.000136515 0.000509806 0)
(0.000153722 0.000349341 0)
(0.000132579 0.000210924 0)
(9.91446e-05 0.000108087 0)
(6.67687e-05 3.9086e-05 0)
(4.05929e-05 -2.90642e-06 0)
(2.16344e-05 -2.54583e-05 0)
(9.0392e-06 -3.51905e-05 0)
(1.41443e-06 -3.71086e-05 0)
(-2.71723e-06 -3.48489e-05 0)
(-4.62347e-06 -3.05827e-05 0)
(-5.15911e-06 -2.57076e-05 0)
(-4.90241e-06 -2.10089e-05 0)
(-0.0014906 -0.00217886 0)
(-0.00398584 0.00153911 0)
(-0.00501127 0.00756528 0)
(-0.00474417 0.0140456 0)
(-0.00400257 0.0199927 0)
(-0.00359761 0.0254726 0)
(-0.00384847 0.0314306 0)
(-0.00448014 0.0386977 0)
(-0.00491316 0.047597 0)
(-0.0044662 0.0576572 0)
(-0.00263396 0.0675667 0)
(0.000629414 0.0755037 0)
(0.0049697 0.0798239 0)
(0.00961509 0.0791991 0)
(0.0136694 0.0735496 0)
(0.016482 0.0634547 0)
(0.0175232 0.0502513 0)
(0.0166376 0.0358984 0)
(0.0142171 0.0223928 0)
(0.0109886 0.011075 0)
(0.00765729 0.00252612 0)
(0.00479506 -0.00328758 0)
(0.00296275 -0.007011 0)
(0.00201646 -0.00994716 0)
(0.00194018 -0.0125609 0)
(0.00263153 -0.0164573 0)
(0.00294829 -0.0218551 0)
(0.00267342 -0.0278306 0)
(0.00184857 -0.0340763 0)
(0.000463656 -0.0397673 0)
(-0.0011509 -0.0444772 0)
(-0.00289965 -0.0480019 0)
(-0.00435808 -0.0500569 0)
(-0.00568285 -0.0515102 0)
(-0.00770445 -0.0515057 0)
(-0.00965178 -0.0486127 0)
(-0.0114135 -0.0437431 0)
(-0.0130791 -0.0356328 0)
(-0.0142705 -0.0245334 0)
(-0.0148916 -0.00992241 0)
(-0.0139715 0.00788117 0)
(-0.011092 0.0266437 0)
(-0.00627707 0.0441955 0)
(-0.000121602 0.0571881 0)
(0.00605636 0.0636372 0)
(0.0115257 0.0626589 0)
(0.01511 0.0539354 0)
(0.0164444 0.0402947 0)
(0.0156437 0.0230788 0)
(0.0124645 0.00702179 0)
(0.00827909 -0.00567886 0)
(0.00391817 -0.0132716 0)
(0.000397386 -0.0160568 0)
(-0.00190379 -0.0152595 0)
(-0.00297944 -0.0124428 0)
(-0.0031203 -0.00898304 0)
(-0.00271078 -0.00576007 0)
(-0.0020768 -0.00320004 0)
(-0.00142951 -0.00138549 0)
(-0.000873439 -0.000245405 0)
(-0.000448308 0.000372606 0)
(-0.000151724 0.000616012 0)
(2.65075e-05 0.000617323 0)
(0.000106769 0.00049863 0)
(0.000123102 0.00034968 0)
(0.000107436 0.000216257 0)
(8.10054e-05 0.000114504 0)
(5.49207e-05 4.47847e-05 0)
(3.3615e-05 1.48424e-06 0)
(1.80805e-05 -2.24248e-05 0)
(7.69765e-06 -3.32552e-05 0)
(1.37255e-06 -3.59796e-05 0)
(-2.07943e-06 -3.42571e-05 0)
(-3.69042e-06 -3.03442e-05 0)
(-4.16672e-06 -2.56815e-05 0)
(-3.98161e-06 -2.11007e-05 0)
(-0.00113059 -0.00157386 0)
(-0.00304345 0.00189891 0)
(-0.00386506 0.00763912 0)
(-0.00370011 0.0139501 0)
(-0.00315907 0.0198835 0)
(-0.0028574 0.0254609 0)
(-0.0030431 0.031502 0)
(-0.00351344 0.0387581 0)
(-0.00382563 0.0475101 0)
(-0.0034562 0.0572914 0)
(-0.0020183 0.0668495 0)
(0.000526083 0.0744657 0)
(0.00390186 0.0785653 0)
(0.00751403 0.0779099 0)
(0.0106704 0.072398 0)
(0.0128604 0.0625946 0)
(0.0136751 0.0497927 0)
(0.0129974 0.0358544 0)
(0.0111275 0.0226752 0)
(0.00862388 0.0115527 0)
(0.00603485 0.00307178 0)
(0.00380334 -0.00279358 0)
(0.00236757 -0.00662167 0)
(0.00161362 -0.00967855 0)
(0.001526 -0.0123488 0)
(0.00203175 -0.016164 0)
(0.00225806 -0.0213164 0)
(0.00203978 -0.0270181 0)
(0.00139846 -0.0329715 0)
(0.000328449 -0.0384056 0)
(-0.000917536 -0.0429183 0)
(-0.00226519 -0.0463116 0)
(-0.00339934 -0.0483172 0)
(-0.00443073 -0.049657 0)
(-0.00597238 -0.049586 0)
(-0.00746315 -0.0468418 0)
(-0.00881263 -0.0421732 0)
(-0.0100681 -0.0344472 0)
(-0.0109525 -0.0238815 0)
(-0.0113982 -0.0100146 0)
(-0.0107 0.00685174 0)
(-0.00853643 0.0247116 0)
(-0.00489242 0.0415418 0)
(-0.000202285 0.0542623 0)
(0.00452769 0.0608741 0)
(0.00874118 0.060512 0)
(0.0115246 0.0525899 0)
(0.0126006 0.0398611 0)
(0.0120644 0.0234453 0)
(0.00967724 0.00785689 0)
(0.00648458 -0.00466342 0)
(0.00312191 -0.0123694 0)
(0.000382396 -0.0154168 0)
(-0.0014217 -0.0149031 0)
(-0.00227622 -0.0123174 0)
(-0.00240279 -0.00900704 0)
(-0.00209799 -0.00585931 0)
(-0.00161401 -0.00332209 0)
(-0.00111556 -0.0014997 0)
(-0.000685014 -0.000337812 0)
(-0.000354487 0.000304694 0)
(-0.000123311 0.00057118 0)
(1.62192e-05 0.000592493 0)
(7.99679e-05 0.000489349 0)
(9.40628e-05 0.000349607 0)
(8.2891e-05 0.000220321 0)
(6.29158e-05 0.000119581 0)
(4.28899e-05 4.93573e-05 0)
(2.63928e-05 5.05539e-06 0)
(1.42946e-05 -1.99742e-05 0)
(6.17532e-06 -3.16829e-05 0)
(1.20274e-06 -3.50562e-05 0)
(-1.52661e-06 -3.37652e-05 0)
(-2.81163e-06 -3.01386e-05 0)
(-3.20614e-06 -2.56474e-05 0)
(-3.07795e-06 -2.11611e-05 0)
(-0.000795279 -0.00112894 0)
(-0.00215478 0.00217137 0)
(-0.00276322 0.00770789 0)
(-0.00267394 0.0139099 0)
(-0.00230948 0.019867 0)
(-0.00210429 0.0255737 0)
(-0.00223825 0.0317666 0)
(-0.0025718 0.0391502 0)
(-0.00278995 0.0479863 0)
(-0.00251834 0.0578205 0)
(-0.00147701 0.0674362 0)
(0.000363717 0.0751554 0)
(0.00280794 0.0794077 0)
(0.00542969 0.0789595 0)
(0.00773049 0.073645 0)
(0.00933593 0.0639869 0)
(0.00994786 0.0512462 0)
(0.00947884 0.0372503 0)
(0.00814076 0.0238831 0)
(0.00633325 0.0124734 0)
(0.00445471 0.00365867 0)
(0.00282822 -0.00255686 0)
(0.00177831 -0.00670642 0)
(0.00122281 -0.010088 0)
(0.00114993 -0.0130384 0)
(0.00150899 -0.0171238 0)
(0.001669 -0.0225129 0)
(0.00151085 -0.0284879 0)
(0.00104118 -0.0347319 0)
(0.000256786 -0.0404602 0)
(-0.000661757 -0.0452548 0)
(-0.00165742 -0.0488803 0)
(-0.0025071 -0.0510734 0)
(-0.00329546 -0.052447 0)
(-0.00444073 -0.0522531 0)
(-0.00555134 -0.049347 0)
(-0.00656795 -0.0442901 0)
(-0.00750952 -0.0360568 0)
(-0.00817101 -0.0248006 0)
(-0.00848105 -0.0101359 0)
(-0.00791841 0.00745579 0)
(-0.00624785 0.0259963 0)
(-0.00349729 0.0432553 0)
(-4.54923e-06 0.0562131 0)
(0.00348272 0.0627602 0)
(0.00655571 0.0621749 0)
(0.00854373 0.0537668 0)
(0.00923445 0.0406363 0)
(0.00874682 0.0239224 0)
(0.00694779 0.00822808 0)
(0.00462073 -0.00434321 0)
(0.00220963 -0.0120812 0)
(0.00026955 -0.0151797 0)
(-0.00100524 -0.0147475 0)
(-0.00161149 -0.0122577 0)
(-0.0017057 -0.00902917 0)
(-0.00149378 -0.00593251 0)
(-0.00115243 -0.0034126 0)
(-0.000798881 -0.00158564 0)
(-0.000492373 -0.000407535 0)
(-0.000256291 0.000253561 0)
(-9.09182e-05 0.000537353 0)
(9.21855e-06 0.000573685 0)
(5.54524e-05 0.00048212 0)
(6.62622e-05 0.000349316 0)
(5.88356e-05 0.000223173 0)
(4.48844e-05 0.000123227 0)
(3.07239e-05 5.26445e-05 0)
(1.89666e-05 7.5638e-06 0)
(1.03185e-05 -1.82061e-05 0)
(4.51115e-06 -3.05612e-05 0)
(9.32619e-07 -3.44246e-05 0)
(-1.04043e-06 -3.34616e-05 0)
(-1.97528e-06 -3.00565e-05 0)
(-2.26993e-06 -2.56993e-05 0)
(-2.18688e-06 -2.12882e-05 0)
(-0.000476646 -0.0008347 0)
(-0.00130194 0.00234606 0)
(-0.00168768 0.00768822 0)
(-0.00164895 0.0136767 0)
(-0.00143497 0.0194212 0)
(-0.00130925 0.0248959 0)
(-0.0013833 0.03076 0)
(-0.00157434 0.0376472 0)
(-0.00169057 0.0457715 0)
(-0.0015051 0.0546877 0)
(-0.000850489 0.0632725 0)
(0.000287659 0.0700065 0)
(0.00178388 0.0734983 0)
(0.00337549 0.0726977 0)
(0.00475869 0.0675096 0)
(0.00570757 0.0584659 0)
(0.006048 0.0467425 0)
(0.00573593 0.0339853 0)
(0.00490577 0.0218622 0)
(0.00380156 0.0115411 0)
(0.00266432 0.00357115 0)
(0.00168463 -0.00206509 0)
(0.00105058 -0.00583903 0)
(0.000709472 -0.00891193 0)
(0.000650042 -0.0115536 0)
(0.000844894 -0.0151452 0)
(0.000926915 -0.0198506 0)
(0.000827461 -0.0250809 0)
(0.000552303 -0.0305629 0)
(0.000100919 -0.0356212 0)
(-0.000419725 -0.0398909 0)
(-0.000979254 -0.0431738 0)
(-0.00145174 -0.0452198 0)
(-0.00187526 -0.0465443 0)
(-0.00250007 -0.0465221 0)
(-0.00309937 -0.0441096 0)
(-0.00363826 -0.0397998 0)
(-0.00414118 -0.0326371 0)
(-0.00449569 -0.0227419 0)
(-0.0046849 -0.00974242 0)
(-0.00441622 0.006093 0)
(-0.00355383 0.0229514 0)
(-0.00209195 0.0389461 0)
(-0.000182103 0.0512973 0)
(0.0017695 0.0579602 0)
(0.00353835 0.0581209 0)
(0.0047337 0.0509014 0)
(0.00522643 0.0390781 0)
(0.00506383 0.0235682 0)
(0.00411762 0.00864506 0)
(0.00280544 -0.00359205 0)
(0.00139722 -0.011305 0)
(0.000226636 -0.0145936 0)
(-0.000561025 -0.0144049 0)
(-0.000946514 -0.0121173 0)
(-0.00101694 -0.00901499 0)
(-0.000895742 -0.00597583 0)
(-0.000692166 -0.00347146 0)
(-0.000480452 -0.00164158 0)
(-0.000296573 -0.000452494 0)
(-0.000154886 0.000220298 0)
(-5.56748e-05 0.000515123 0)
(4.54948e-06 0.00056124 0)
(3.25634e-05 0.000477297 0)
(3.93525e-05 0.000349143 0)
(3.51229e-05 0.000225157 0)
(2.68867e-05 0.000125802 0)
(1.84527e-05 5.50306e-05 0)
(1.14236e-05 9.46912e-06 0)
(6.23963e-06 -1.66815e-05 0)
(2.74873e-06 -2.9458e-05 0)
(5.90009e-07 -3.36511e-05 0)
(-6.03655e-07 -3.29134e-05 0)
(-1.17156e-06 -2.96675e-05 0)
(-1.35355e-06 -2.5413e-05 0)
(-1.30717e-06 -2.10664e-05 0)
(-0.000169748 -0.000695192 0)
(-0.000485032 0.00260794 0)
(-0.000671199 0.00846428 0)
(-0.000704346 0.0153741 0)
(-0.000662519 0.0223374 0)
(-0.000647823 0.0292571 0)
(-0.00071234 0.0368335 0)
(-0.000828219 0.0458013 0)
(-0.00091335 0.0564283 0)
(-0.000860415 0.068179 0)
(-0.000581173 0.0796498 0)
(-5.46982e-05 0.0888864 0)
(0.000671052 0.0940344 0)
(0.00147442 0.0936554 0)
(0.00220412 0.0875088 0)
(0.00273703 0.0762075 0)
(0.00297192 0.0612466 0)
(0.00287259 0.0447646 0)
(0.00249632 0.0289623 0)
(0.00196183 0.0154142 0)
(0.00139326 0.00489431 0)
(0.000894488 -0.0025902 0)
(0.000570451 -0.00762603 0)
(0.000398004 -0.0117367 0)
(0.000373409 -0.0152474 0)
(0.000477026 -0.0199439 0)
(0.000515293 -0.0259728 0)
(0.000456421 -0.0325956 0)
(0.000299786 -0.039444 0)
(4.72378e-05 -0.0456524 0)
(-0.000246976 -0.0507688 0)
(-0.000560568 -0.0545382 0)
(-0.000829347 -0.0566988 0)
(-0.00108549 -0.0578417 0)
(-0.00142717 -0.0572291 0)
(-0.00175189 -0.0537639 0)
(-0.00204372 -0.047967 0)
(-0.0022915 -0.0388738 0)
(-0.00244445 -0.0266718 0)
(-0.00245295 -0.0110589 0)
(-0.00220967 0.00740689 0)
(-0.0016562 0.0266782 0)
(-0.000790852 0.0444631 0)
(0.000249656 0.0577902 0)
(0.00123115 0.0644866 0)
(0.00201691 0.0639392 0)
(0.00242403 0.0553399 0)
(0.00242513 0.0420183 0)
(0.00213371 0.0250604 0)
(0.00158573 0.0090861 0)
(0.000987779 -0.00372412 0)
(0.000425142 -0.0116878 0)
(1.09283e-06 -0.0149816 0)
(-0.000253146 -0.0146951 0)
(-0.000358324 -0.0122984 0)
(-0.000360126 -0.00911603 0)
(-0.000306267 -0.00603284 0)
(-0.000232981 -0.0035106 0)
(-0.000160648 -0.00167294 0)
(-9.89812e-05 -0.00047739 0)
(-5.17368e-05 0.000200442 0)
(-1.87131e-05 0.00050134 0)
(1.42296e-06 0.000553232 0)
(1.08666e-05 0.000473908 0)
(1.32472e-05 0.000348602 0)
(1.19374e-05 0.000225966 0)
(9.2627e-06 0.000126982 0)
(6.50284e-06 5.61133e-05 0)
(4.21007e-06 1.02513e-05 0)
(2.50083e-06 -1.62261e-05 0)
(1.33271e-06 -2.92446e-05 0)
(6.09445e-07 -3.36176e-05 0)
(2.08134e-07 -3.29955e-05 0)
(1.63438e-08 -2.98194e-05 0)
(-4.57513e-08 -2.56016e-05 0)
(-3.12064e-08 -2.12702e-05 0)
(-1.03514e-05 -2.17171e-06 -3.32321e-25)
(-6.61148e-06 -1.79835e-06 2.26918e-25)
(-3.78631e-06 -1.54433e-06 -2.8923e-25)
(-1.90753e-06 -1.35084e-06 -3.45151e-25)
(-6.28162e-07 -1.20996e-06 0)
(2.30194e-07 -1.10986e-06 -4.40223e-25)
(8.25264e-07 -1.03707e-06 1.82237e-27)
(1.25836e-06 -9.93044e-07 0)
(1.60248e-06 -9.75847e-07 -5.65476e-25)
(1.90919e-06 -9.83698e-07 -6.07015e-25)
(2.21758e-06 -1.01547e-06 0)
(2.56003e-06 -1.06711e-06 -6.85655e-25)
(2.96639e-06 -1.13331e-06 0)
(3.4646e-06 -1.21011e-06 0)
(4.08277e-06 -1.29342e-06 8.13634e-25)
(4.84582e-06 -1.37883e-06 -8.71417e-25)
(5.76232e-06 -1.45957e-06 0)
(6.79599e-06 -1.51928e-06 -1.06387e-24)
(7.8286e-06 -1.50935e-06 1.28193e-24)
(8.51874e-06 -1.41878e-06 0)
(8.29016e-06 -1.77592e-06 0)
(5.64661e-06 -2.30936e-06 1.17491e-24)
(-5.97973e-07 -3.11705e-06 0)
(-1.4289e-05 -4.35686e-06 1.4247e-24)
(-3.33362e-05 -5.99157e-06 0)
(-5.82803e-05 -7.87771e-06 0)
(-6.43617e-05 -8.77954e-06 0)
(-3.42091e-05 -1.00079e-05 0)
(0.000117068 -5.17887e-06 -3.33914e-24)
(0.000215153 -2.54938e-06 0)
(0.000446872 1.85776e-06 8.11662e-24)
(0.000889139 1.74081e-05 0)
(-1.20856e-05 -1.31705e-07 5.25955e-25)
(-8.325e-06 2.52207e-07 -3.9992e-25)
(-5.59156e-06 5.17795e-07 3.0876e-25)
(-3.80111e-06 6.91407e-07 2.42938e-25)
(-2.61329e-06 7.96264e-07 0)
(-1.85026e-06 8.54047e-07 1.78903e-25)
(-1.35706e-06 8.90053e-07 1.75012e-25)
(-1.03453e-06 9.15162e-07 0)
(-8.10704e-07 9.42909e-07 1.87682e-25)
(-6.35644e-07 9.81695e-07 2.0244e-25)
(-4.71808e-07 1.0366e-06 0)
(-2.88735e-07 1.10832e-06 2.32978e-25)
(-5.94066e-08 1.19582e-06 0)
(2.40587e-07 1.29877e-06 0)
(6.35013e-07 1.4166e-06 -2.79088e-25)
(1.14333e-06 1.5494e-06 2.99825e-25)
(1.76748e-06 1.6951e-06 0)
(2.4633e-06 1.8421e-06 3.80789e-25)
(3.09442e-06 1.94138e-06 0)
(3.26332e-06 1.96847e-06 1.34038e-25)
(2.4473e-06 2.37525e-06 0)
(-9.01722e-07 2.80473e-06 -1.99387e-26)
(-8.01686e-06 3.24381e-06 4.96854e-26)
(-2.28176e-05 3.39933e-06 -5.97185e-26)
(-4.33149e-05 3.20617e-06 3.29656e-25)
(-7.03037e-05 2.13073e-06 0)
(-7.95808e-05 8.32405e-07 6.40799e-25)
(-5.38613e-05 2.31424e-06 5.49693e-25)
(8.95334e-05 1.11048e-05 -4.86363e-26)
(0.000171039 1.8944e-05 1.97964e-25)
(0.000361282 3.30834e-05 -4.3618e-25)
(0.000591352 5.35298e-05 0)
(-1.13044e-05 -2.9857e-06 0)
(-7.46285e-06 -2.32417e-06 0)
(-4.69678e-06 -1.86715e-06 0)
(-2.86796e-06 -1.53752e-06 0)
(-1.63157e-06 -1.31457e-06 0)
(-8.10616e-07 -1.16652e-06 0)
(-2.49999e-07 -1.0707e-06 0)
(1.49064e-07 -1.01618e-06 0)
(4.58072e-07 -9.95529e-07 0)
(7.26888e-07 -1.00317e-06 0)
(9.93213e-07 -1.0359e-06 0)
(1.28859e-06 -1.08886e-06 0)
(1.64264e-06 -1.15719e-06 0)
(2.08312e-06 -1.23781e-06 0)
(2.63801e-06 -1.32466e-06 0)
(3.33192e-06 -1.41417e-06 0)
(4.17311e-06 -1.49799e-06 0)
(5.12509e-06 -1.558e-06 0)
(6.07705e-06 -1.54199e-06 0)
(6.71345e-06 -1.38884e-06 -6.11037e-28)
(6.3689e-06 -1.51315e-06 0)
(3.56637e-06 -1.72741e-06 1.11659e-26)
(-2.87458e-06 -2.07843e-06 1.4738e-26)
(-1.67826e-05 -2.80917e-06 -2.55129e-26)
(-3.60542e-05 -4.20619e-06 2.99359e-25)
(-6.11175e-05 -6.55865e-06 0)
(-6.70021e-05 -8.79214e-06 2.5921e-26)
(-3.6954e-05 -1.17601e-05 1.14287e-24)
(0.000114317 -7.49929e-06 -4.9363e-26)
(0.00021365 -3.55289e-06 1.92437e-26)
(0.000450465 -4.51318e-09 -8.66493e-25)
(0.000935514 1.82163e-05 0)
(-1.14924e-05 -1.52807e-06 0)
(-7.71645e-06 -7.32736e-07 0)
(-5.02297e-06 -1.85592e-07 0)
(-3.25591e-06 1.94367e-07 0)
(-2.08114e-06 4.41996e-07 0)
(-1.32162e-06 5.98952e-07 0)
(-8.24909e-07 7.01734e-07 0)
(-4.93527e-07 7.70827e-07 0)
(-2.55784e-07 8.23876e-07 0)
(-6.18082e-08 8.73914e-07 0)
(1.26193e-07 9.2852e-07 0)
(3.38943e-07 9.90634e-07 0)
(6.03436e-07 1.06142e-06 0)
(9.44418e-07 1.14195e-06 0)
(1.38592e-06 1.2349e-06 0)
(1.94793e-06 1.34285e-06 0)
(2.63322e-06 1.47027e-06 0)
(3.39829e-06 1.61919e-06 0)
(4.10206e-06 1.76896e-06 0)
(4.32088e-06 1.86903e-06 3.25395e-25)
(3.60638e-06 2.29947e-06 0)
(4.00429e-07 2.83997e-06 0)
(-6.53649e-06 3.47124e-06 0)
(-2.11193e-05 3.86528e-06 3.4085e-25)
(-4.13173e-05 3.73235e-06 1.92112e-28)
(-6.78961e-05 2.33357e-06 0)
(-7.67334e-05 -3.4892e-07 -1.00085e-24)
(-4.97868e-05 -1.87567e-06 0)
(9.54735e-05 5.52288e-06 0)
(0.000179961 1.491e-05 3.33629e-24)
(0.000378387 2.62671e-05 0)
(0.000634967 4.99459e-05 0)
(-1.1197e-05 -3.69728e-06 0)
(-7.37022e-06 -2.73542e-06 0)
(-4.66234e-06 -2.07681e-06 0)
(-2.87409e-06 -1.61735e-06 0)
(-1.66677e-06 -1.31815e-06 0)
(-8.64733e-07 -1.12847e-06 0)
(-3.16464e-07 -1.01334e-06 0)
(7.38592e-08 -9.51461e-07 0)
(3.76028e-07 -9.28752e-07 0)
(6.38198e-07 -9.35624e-07 0)
(8.96588e-07 -9.67699e-07 0)
(1.182e-06 -1.01723e-06 0)
(1.52374e-06 -1.08126e-06 0)
(1.94942e-06 -1.15668e-06 0)
(2.48687e-06 -1.23876e-06 0)
(3.16035e-06 -1.32321e-06 -6.23528e-26)
(3.9777e-06 -1.40097e-06 0)
(4.90178e-06 -1.45387e-06 -2.83252e-26)
(5.8238e-06 -1.43694e-06 4.5466e-26)
(6.4532e-06 -1.23105e-06 1.26075e-25)
(6.05691e-06 -1.10018e-06 0)
(3.15885e-06 -9.48014e-07 1.69356e-25)
(-3.42824e-06 -7.98304e-07 1.72886e-25)
(-1.75409e-05 -9.63429e-07 0)
(-3.71027e-05 -2.04584e-06 -7.64573e-25)
(-6.25134e-05 -4.81447e-06 -1.17314e-24)
(-6.86252e-05 -8.56381e-06 -1.64623e-24)
(-3.91475e-05 -1.31548e-05 0)
(0.000110808 -9.24018e-06 8.05195e-25)
(0.000207052 -3.82948e-06 3.44388e-24)
(0.00043532 -1.56019e-06 8.22425e-25)
(0.000889844 1.66665e-05 0)
(-1.11983e-05 -2.88611e-06 0)
(-7.44477e-06 -1.69845e-06 0)
(-4.81717e-06 -8.81518e-07 0)
(-3.09502e-06 -3.08588e-07 0)
(-1.95174e-06 7.1951e-08 0)
(-1.21199e-06 3.21439e-07 0)
(-7.2708e-07 4.86081e-07 0)
(-4.02005e-07 5.95296e-07 0)
(-1.66276e-07 6.71134e-07 0)
(2.9207e-08 7.2995e-07 0)
(2.22205e-07 7.81088e-07 0)
(4.43219e-07 8.30511e-07 0)
(7.18918e-07 8.81003e-07 2.87137e-26)
(1.07426e-06 9.35124e-07 3.19986e-26)
(1.53352e-06 9.98152e-07 3.63407e-26)
(2.11712e-06 1.07537e-06 4.33071e-26)
(2.82866e-06 1.1775e-06 5.96982e-26)
(3.62555e-06 1.32013e-06 1.68348e-25)
(4.36691e-06 1.51517e-06 2.14065e-25)
(4.60316e-06 1.70392e-06 1.89215e-25)
(3.93218e-06 2.17844e-06 3.08251e-25)
(7.93093e-07 2.83109e-06 8.35494e-25)
(-6.06259e-06 3.64667e-06 9.10562e-25)
(-2.05556e-05 4.26571e-06 0)
(-4.06177e-05 4.12392e-06 -2.38804e-25)
(-6.69464e-05 2.27033e-06 -1.88568e-24)
(-7.54744e-05 -1.60878e-06 -3.62568e-24)
(-4.76992e-05 -6.02989e-06 0)
(9.89976e-05 -2.424e-07 3.13706e-24)
(0.000186233 1.02103e-05 1.11767e-23)
(0.000392141 1.86211e-05 4.58425e-24)
(0.000676828 4.51337e-05 0)
(-1.09504e-05 -4.4841e-06 0)
(-7.1854e-06 -3.19365e-06 0)
(-4.56017e-06 -2.3169e-06 0)
(-2.82936e-06 -1.71769e-06 0)
(-1.66362e-06 -1.33445e-06 0)
(-8.89568e-07 -1.09718e-06 0)
(-3.6036e-07 -9.57745e-07 0)
(1.63617e-08 -8.84847e-07 0)
(3.08251e-07 -8.57431e-07 0)
(5.61557e-07 -8.623e-07 0)
(8.11039e-07 -8.90844e-07 0)
(1.08672e-06 -9.3564e-07 0)
(1.41738e-06 -9.93909e-07 -1.1699e-25)
(1.83049e-06 -1.06259e-06 -6.03371e-26)
(2.35364e-06 -1.13764e-06 -6.09191e-26)
(3.0108e-06 -1.21401e-06 0)
(3.80966e-06 -1.28121e-06 -9.14946e-26)
(4.7125e-06 -1.32001e-06 -2.05944e-26)
(5.6086e-06 -1.29139e-06 3.7053e-26)
(6.23099e-06 -1.05193e-06 0)
(5.80559e-06 -6.98875e-07 2.49335e-25)
(2.84917e-06 -2.00531e-07 6.92752e-25)
(-3.83565e-06 4.31723e-07 3.78892e-25)
(-1.81022e-05 8.22856e-07 0)
(-3.79049e-05 9.78099e-08 -4.2091e-25)
(-6.36422e-05 -2.96187e-06 -3.32861e-24)
(-7.00398e-05 -8.36085e-06 -2.28074e-24)
(-4.08369e-05 -1.48249e-05 0)
(0.000108381 -1.11613e-05 1.19661e-24)
(0.000202227 -3.79054e-06 9.85636e-24)
(0.000424123 -2.58686e-06 2.74299e-24)
(0.000853095 1.61669e-05 0)
(-1.08267e-05 -4.13426e-06 0)
(-7.14086e-06 -2.57893e-06 0)
(-4.59742e-06 -1.51091e-06 0)
(-2.93203e-06 -7.63733e-07 1.92807e-25)
(-1.82751e-06 -2.64794e-07 0)
(-1.11151e-06 6.56599e-08 0)
(-6.4028e-07 2.83686e-07 4.37411e-26)
(-3.22148e-07 4.26762e-07 0)
(-8.86427e-08 5.21086e-07 9.84401e-27)
(1.08165e-07 5.8541e-07 0)
(3.05485e-07 6.31119e-07 0)
(5.33299e-07 6.66348e-07 0)
(8.18008e-07 6.95366e-07 1.35182e-26)
(1.18478e-06 7.2208e-07 -8.70468e-27)
(1.65828e-06 7.53591e-07 0)
(2.25957e-06 7.97737e-07 0)
(2.99337e-06 8.7063e-07 2.66196e-26)
(3.81857e-06 1.00014e-06 0)
(4.59841e-06 1.22924e-06 0)
(4.86313e-06 1.52096e-06 0)
(4.23088e-06 2.07721e-06 0)
(1.1405e-06 2.87496e-06 2.56507e-25)
(-5.66694e-06 3.90653e-06 0)
(-2.01268e-05 4.78211e-06 -1.91276e-25)
(-4.01486e-05 4.6145e-06 0)
(-6.63445e-05 2.19058e-06 -1.34792e-24)
(-7.45831e-05 -2.8738e-06 0)
(-4.6216e-05 -9.92682e-06 0)
(0.000101475 -5.66807e-06 -1.00254e-24)
(0.000190675 5.46218e-06 7.42249e-24)
(0.000401811 1.0698e-05 3.30752e-24)
(0.000709778 3.95815e-05 1.32444e-24)
(-1.05796e-05 -5.33897e-06 0)
(-6.91915e-06 -3.70323e-06 0)
(-4.39866e-06 -2.597e-06 0)
(-2.7404e-06 -1.85004e-06 4.55726e-25)
(-1.62694e-06 -1.37549e-06 0)
(-8.88455e-07 -1.08407e-06 0)
(-3.83825e-07 -9.14839e-07 1.38299e-25)
(-2.46505e-08 -8.26537e-07 0)
(2.54176e-07 -7.91055e-07 7.42872e-26)
(4.96884e-07 -7.91883e-07 0)
(7.36912e-07 -8.15014e-07 0)
(1.00337e-06 -8.54247e-07 2.75622e-26)
(1.3244e-06 -9.06288e-07 0)
(1.72733e-06 -9.68096e-07 5.75828e-26)
(2.23949e-06 -1.03557e-06 0)
(2.88473e-06 -1.10272e-06 0)
(3.67082e-06 -1.15683e-06 3.85161e-26)
(4.55992e-06 -1.17593e-06 0)
(5.43681e-06 -1.12383e-06 -2.07411e-26)
(6.05201e-06 -8.60836e-07 0)
(5.61435e-06 -3.16583e-07 0)
(2.62965e-06 4.92816e-07 -4.98048e-25)
(-4.11242e-06 1.569e-06 0)
(-1.84918e-05 2.47751e-06 -3.44379e-25)
(-3.84884e-05 2.09928e-06 0)
(-6.45043e-05 -1.17301e-06 0)
(-7.12509e-05 -8.1477e-06 1.46648e-24)
(-4.21384e-05 -1.67173e-05 0)
(0.000106835 -1.35321e-05 -1.90374e-24)
(0.000199127 -3.96453e-06 0)
(0.000416865 -3.63225e-06 0)
(0.000825155 1.61524e-05 3.63171e-24)
(-1.03686e-05 -5.27717e-06 0)
(-6.79491e-06 -3.37254e-06 0)
(-4.35632e-06 -2.06954e-06 0)
(-2.76125e-06 -1.16456e-06 4.90236e-25)
(-1.704e-06 -5.60899e-07 0)
(-1.01679e-06 -1.60773e-07 0)
(-5.6207e-07 1.02061e-07 1.22528e-25)
(-2.52287e-07 2.72482e-07 0)
(-2.18415e-08 3.80795e-07 3.91931e-26)
(1.75677e-07 4.47371e-07 0)
(3.76333e-07 4.86062e-07 0)
(6.09242e-07 5.06232e-07 1.92626e-27)
(9.00636e-07 5.135e-07 0)
(1.27585e-06 5.12975e-07 -4.55415e-27)
(1.76004e-06 5.12856e-07 0)
(2.37504e-06 5.23265e-07 0)
(3.12688e-06 5.64825e-07 -5.0913e-26)
(3.97639e-06 6.75885e-07 0)
(4.79318e-06 9.27741e-07 -2.08621e-25)
(5.09725e-06 1.32723e-06 0)
(4.50418e-06 1.99175e-06 0)
(1.45217e-06 2.9712e-06 -6.01583e-25)
(-5.32989e-06 4.26523e-06 0)
(-1.97999e-05 5.44962e-06 -4.53667e-25)
(-3.98676e-05 5.29628e-06 0)
(-6.60632e-05 2.25626e-06 0)
(-7.40555e-05 -4.15467e-06 3.23268e-24)
(-4.52401e-05 -1.36909e-05 0)
(0.000103152 -1.06507e-05 -2.27892e-24)
(0.000193496 1.14033e-06 0)
(0.000407658 3.07521e-06 0)
(0.000734211 3.36975e-05 3.3366e-24)
(-1.00974e-05 -6.22754e-06 -4.30515e-25)
(-6.58145e-06 -4.2448e-06 0)
(-4.18636e-06 -2.90751e-06 0)
(-2.61441e-06 -2.01087e-06 2.73073e-25)
(-1.56244e-06 -1.4414e-06 0)
(-8.65768e-07 -1.09163e-06 0)
(-3.90086e-07 -8.88353e-07 7.88233e-26)
(-5.14799e-08 -7.80962e-07 0)
(2.12186e-07 -7.34997e-07 3.95109e-26)
(4.43104e-07 -7.28968e-07 0)
(6.73486e-07 -7.4607e-07 0)
(9.31393e-07 -7.7958e-07 2.7811e-26)
(1.24431e-06 -8.25824e-07 0)
(1.6394e-06 -8.8169e-07 2.87496e-26)
(2.1438e-06 -9.42495e-07 0)
(2.78143e-06 -1.00105e-06 0)
(3.56051e-06 -1.04168e-06 1.61102e-26)
(4.44363e-06 -1.03782e-06 0)
(5.31019e-06 -9.51528e-07 -2.64996e-26)
(5.91871e-06 -6.6529e-07 0)
(5.48176e-06 5.19822e-08 0)
(2.49153e-06 1.14255e-06 -3.19208e-25)
(-4.27814e-06 2.62078e-06 0)
(-1.87441e-05 4.00057e-06 -2.3694e-25)
(-3.89039e-05 3.91126e-06 0)
(-6.515e-05 4.20649e-07 0)
(-7.22654e-05 -7.93971e-06 1.82675e-24)
(-4.31234e-05 -1.87217e-05 0)
(0.000105924 -1.62939e-05 -1.16677e-24)
(0.000197408 -4.71805e-06 0)
(0.000413024 -5.28647e-06 0)
(0.000805482 1.63863e-05 1.91176e-24)
(-9.81997e-06 -6.33266e-06 2.87939e-27)
(-6.4007e-06 -4.09154e-06 0)
(-4.08841e-06 -2.56526e-06 0)
(-2.57786e-06 -1.51456e-06 0)
(-1.57699e-06 -8.16797e-07 0)
(-9.24301e-07 -3.56139e-07 0)
(-4.89615e-07 -5.58709e-08 3.84343e-26)
(-1.90268e-07 1.36116e-07 0)
(3.58355e-08 2.54369e-07 0)
(2.3301e-07 3.20646e-07 0)
(4.35696e-07 3.51169e-07 0)
(6.71906e-07 3.56125e-07 0)
(9.67657e-07 3.42241e-07 0)
(1.34846e-06 3.15627e-07 0)
(1.83997e-06 2.85096e-07 0)
(2.46489e-06 2.62673e-07 0)
(3.23073e-06 2.72717e-07 0)
(4.10051e-06 3.61939e-07 0)
(4.95098e-06 6.26141e-07 0)
(5.30423e-06 1.12946e-06 0)
(4.75356e-06 1.91607e-06 0)
(1.73585e-06 3.10232e-06 0)
(-5.03309e-06 4.69823e-06 0)
(-1.95425e-05 6.24e-06 0)
(-3.97217e-05 6.17284e-06 0)
(-6.60358e-05 2.56508e-06 0)
(-7.38793e-05 -5.40888e-06 0)
(-4.47186e-05 -1.73752e-05 0)
(0.000104242 -1.53505e-05 0)
(0.000195128 -2.55205e-06 0)
(0.000410466 -3.66137e-06 0)
(0.000750641 2.75607e-05 0)
(-9.51262e-06 -7.11624e-06 2.51196e-25)
(-6.17939e-06 -4.79482e-06 -1.7635e-25)
(-3.92985e-06 -3.23298e-06 0)
(-2.45733e-06 -2.19084e-06 0)
(-1.4752e-06 -1.5276e-06 0)
(-8.25702e-07 -1.11865e-06 0)
(-3.82494e-07 -8.79236e-07 4.4745e-26)
(-6.67372e-08 -7.50403e-07 0)
(1.80264e-07 -6.92234e-07 0)
(3.98677e-07 -6.77794e-07 0)
(6.19472e-07 -6.88719e-07 0)
(8.69584e-07 -7.17114e-07 0)
(1.17586e-06 -7.58895e-07 0)
(1.56525e-06 -8.10732e-07 0)
(2.06491e-06 -8.67115e-07 0)
(2.69876e-06 -9.19348e-07 0)
(3.47608e-06 -9.48296e-07 0)
(4.36094e-06 -9.20933e-07 0)
(5.22741e-06 -7.91834e-07 0)
(5.83137e-06 -4.72444e-07 0)
(5.40643e-06 4.07922e-07 0)
(2.42864e-06 1.76296e-06 0)
(-4.34779e-06 3.61821e-06 0)
(-1.88863e-05 5.43936e-06 0)
(-3.92007e-05 5.57794e-06 0)
(-6.56554e-05 1.78145e-06 0)
(-7.31044e-05 -7.78514e-06 0)
(-4.38392e-05 -2.08428e-05 0)
(0.000105481 -1.92799e-05 0)
(0.000196617 -6.05691e-06 0)
(0.000411567 -8.06146e-06 0)
(0.000793798 1.69236e-05 0)
(-9.1807e-06 -7.30951e-06 -2.71446e-25)
(-5.95539e-06 -4.74463e-06 -1.88023e-25)
(-3.79073e-06 -3.00576e-06 -1.60482e-26)
(-2.37874e-06 -1.81892e-06 1.06509e-26)
(-1.44328e-06 -1.0349e-06 -6.94807e-27)
(-8.31019e-07 -5.20495e-07 -4.45939e-27)
(-4.20193e-07 -1.88466e-07 2.82549e-27)
(-1.33796e-07 2.05529e-08 -1.76517e-27)
(8.632e-08 1.45261e-07 -1.0906e-27)
(2.81786e-07 2.0955e-07 0)
(4.8499e-07 2.31418e-07 -4.6215e-28)
(7.22682e-07 2.21795e-07 -3.44391e-28)
(1.02056e-06 1.88259e-07 0)
(1.4043e-06 1.37639e-07 -2.51815e-28)
(1.89998e-06 7.91642e-08 0)
(2.53147e-06 2.63622e-08 8.68909e-29)
(3.30773e-06 6.50124e-09 6.51209e-28)
(4.19394e-06 7.30718e-08 0)
(5.07384e-06 3.4071e-07 4.26285e-27)
(5.48383e-06 9.34718e-07 6.05822e-27)
(4.97982e-06 1.85095e-06 0)
(1.99684e-06 3.25705e-06 1.30192e-26)
(-4.7621e-06 5.17553e-06 1.44124e-26)
(-1.93252e-05 7.10365e-06 -9.5073e-27)
(-3.9653e-05 7.17616e-06 -1.04167e-26)
(-6.61574e-05 3.09744e-06 -4.55459e-26)
(-7.39901e-05 -6.58355e-06 7.22442e-26)
(-4.46006e-05 -2.09335e-05 -5.69746e-26)
(0.000104762 -1.99028e-05 -5.10688e-26)
(0.000195587 -5.76207e-06 1.87658e-25)
(0.000410103 -9.37105e-06 6.08284e-26)
(0.000756453 2.10172e-05 8.64589e-26)
(-8.90636e-06 -7.77107e-06 0)
(-5.76395e-06 -5.15284e-06 0)
(-3.66305e-06 -3.39148e-06 -1.67243e-26)
(-2.29239e-06 -2.2125e-06 -1.3179e-30)
(-1.3831e-06 -1.45411e-06 -1.45517e-26)
(-7.84695e-07 -9.78031e-07 -4.71183e-27)
(-3.78921e-07 -6.9137e-07 -2.93109e-31)
(-9.13973e-08 -5.29908e-07 -2.00034e-27)
(1.33715e-07 -4.51339e-07 -2.73568e-27)
(3.3562e-07 -4.25212e-07 -1.02955e-27)
(5.44715e-07 -4.32817e-07 -8.5891e-28)
(7.87006e-07 -4.64174e-07 -1.59377e-27)
(1.08851e-06 -5.13788e-07 0)
(1.47566e-06 -5.77117e-07 -1.597e-27)
(1.97509e-06 -6.47219e-07 -7.60268e-28)
(2.61194e-06 -7.13184e-07 5.91836e-28)
(3.39514e-06 -7.51644e-07 -2.85714e-28)
(4.28752e-06 -7.20487e-07 0)
(5.15242e-06 -5.5652e-07 3.90379e-27)
(5.66305e-06 -1.96265e-07 1.10907e-26)
(5.20258e-06 7.92249e-07 0)
(2.13463e-06 2.35966e-06 2.78689e-26)
(-4.78711e-06 4.55381e-06 1.57302e-26)
(-1.983e-05 6.80555e-06 -1.16584e-29)
(-4.04161e-05 7.16843e-06 -2.19659e-26)
(-6.76679e-05 2.94586e-06 -5.0381e-26)
(-7.28965e-05 -8.18554e-06 1.28875e-29)
(-4.07914e-05 -2.44621e-05 -6.70137e-26)
(0.000126096 -2.42381e-05 9.57842e-29)
(0.000187779 -1.03061e-05 2.60999e-29)
(0.000525682 -1.49698e-05 1.12854e-25)
(0.000532532 3.41061e-06 -5.11227e-28)
(-8.77493e-06 -7.8686e-06 0)
(-5.67081e-06 -5.16973e-06 0)
(-3.59858e-06 -3.34689e-06 0)
(-2.2475e-06 -2.11445e-06 1.29904e-30)
(-1.35198e-06 -1.30831e-06 -7.4227e-27)
(-7.63109e-07 -7.87126e-07 4.79407e-27)
(-3.64498e-07 -4.5761e-07 -3.0785e-27)
(-8.28108e-08 -2.55731e-07 0)
(1.37171e-07 -1.40625e-07 3.93846e-32)
(3.34681e-07 -8.39998e-08 -8.98429e-28)
(5.40344e-07 -6.84588e-08 0)
(7.80259e-07 -8.33309e-08 -1.69496e-31)
(1.08031e-06 -1.21811e-07 0)
(1.46678e-06 -1.77953e-07 -5.12764e-28)
(1.96645e-06 -2.4337e-07 -4.02216e-31)
(2.60447e-06 -3.04773e-07 0)
(3.39124e-06 -3.33908e-07 3.92804e-28)
(4.29388e-06 -2.73216e-07 -1.60864e-27)
(5.20154e-06 -1.92345e-09 4.1777e-27)
(5.71855e-06 6.66734e-07 6.82584e-27)
(5.24044e-06 1.75367e-06 -1.10488e-26)
(2.18926e-06 3.44566e-06 1.52277e-26)
(-4.71953e-06 5.81299e-06 -1.74013e-26)
(-1.98025e-05 8.32181e-06 1.21901e-26)
(-4.05188e-05 8.78535e-06 -1.13398e-26)
(-6.79788e-05 4.21516e-06 0)
(-7.34716e-05 -7.81182e-06 -1.28516e-29)
(-4.11561e-05 -2.7416e-05 0)
(0.000126353 -2.85012e-05 -9.63836e-29)
(0.000188004 -1.61752e-05 -2.73029e-25)
(0.000526605 -2.37346e-05 0)
(0.000540787 -5.52122e-06 2.48669e-26)
(-8.64482e-06 -8.06755e-06 0)
(-5.58172e-06 -5.33793e-06 -2.56732e-26)
(-3.54035e-06 -3.50205e-06 0)
(-2.21089e-06 -2.27334e-06 1.15941e-26)
(-1.33037e-06 -1.48102e-06 0)
(-7.51227e-07 -9.81728e-07 4.92086e-27)
(-3.58356e-07 -6.78918e-07 0)
(-7.95021e-08 -5.06074e-07 0)
(1.39732e-07 -4.19224e-07 2.84624e-27)
(3.37608e-07 -3.86428e-07 0)
(5.4382e-07 -3.89154e-07 0)
(7.83948e-07 -4.16906e-07 8.14552e-28)
(1.08381e-06 -4.64172e-07 0)
(1.46991e-06 -5.26419e-07 0)
(1.96928e-06 -5.96546e-07 7.73156e-28)
(2.60745e-06 -6.62799e-07 5.73825e-28)
(3.39526e-06 -6.99332e-07 0)
(4.29937e-06 -6.55915e-07 -9.57754e-28)
(5.18751e-06 -4.52097e-07 0)
(5.72875e-06 -4.32061e-08 0)
(5.30726e-06 1.09283e-06 -1.15016e-26)
(2.28784e-06 2.93166e-06 0)
(-4.60368e-06 5.57602e-06 -1.88544e-26)
(-1.9721e-05 8.43839e-06 -1.35156e-26)
(-4.05789e-05 9.24601e-06 0)
(-6.83072e-05 4.50283e-06 0)
(-7.41046e-05 -8.98379e-06 1.03239e-25)
(-4.1573e-05 -3.14767e-05 0)
(0.000126552 -3.37667e-05 -7.66466e-26)
(0.000188075 -2.25207e-05 0)
(0.000526449 -3.23974e-05 -3.14204e-25)
(0.000545181 -3.26347e-05 -8.3701e-26)
(-8.50894e-06 -8.19189e-06 0)
(-5.48641e-06 -5.39086e-06 -2.61881e-26)
(-3.47499e-06 -3.50092e-06 0)
(-2.16605e-06 -2.22584e-06 -5.9143e-27)
(-1.29987e-06 -1.39302e-06 -3.87336e-27)
(-7.30611e-07 -8.56092e-07 0)
(-3.45009e-07 -5.18587e-07 -1.61534e-27)
(-7.18725e-08 -3.14265e-07 -1.04108e-27)
(1.42605e-07 -2.01178e-07 6.91603e-28)
(3.36621e-07 -1.49195e-07 -4.88807e-28)
(5.39935e-07 -1.41196e-07 0)
(7.78127e-07 -1.66107e-07 -3.30561e-28)
(1.07684e-06 -2.17032e-07 0)
(1.46244e-06 -2.88186e-07 -3.11189e-28)
(1.96196e-06 -3.71253e-07 -2.77581e-28)
(2.6013e-06 -4.52876e-07 3.146e-28)
(3.39234e-06 -5.03346e-07 1.39727e-28)
(4.30432e-06 -4.60882e-07 0)
(5.22625e-06 -2.0133e-07 2.08958e-27)
(5.77984e-06 5.20564e-07 3.76204e-27)
(5.35658e-06 1.73278e-06 0)
(2.36277e-06 3.6732e-06 8.71683e-27)
(-4.50757e-06 6.47335e-06 0)
(-1.96613e-05 9.58371e-06 -7.53728e-27)
(-4.06677e-05 1.04971e-05 0)
(-6.86697e-05 5.4214e-06 -3.30924e-26)
(-7.48313e-05 -9.2497e-06 -5.70253e-26)
(-4.20907e-05 -3.50288e-05 0)
(0.000126694 -3.86382e-05 4.34014e-26)
(0.000188064 -2.87399e-05 1.89367e-25)
(0.000526235 -4.13657e-05 -6.19745e-25)
(0.000551191 -4.80441e-05 -8.61199e-26)
(-8.37221e-06 -8.36421e-06 0)
(-5.39255e-06 -5.52567e-06 0)
(-3.41311e-06 -3.61695e-06 0)
(-2.12646e-06 -2.33971e-06 -6.03246e-27)
(-1.27578e-06 -1.51439e-06 -3.9543e-27)
(-7.16635e-07 -9.92586e-07 0)
(-3.37182e-07 -6.74177e-07 -1.6608e-27)
(-6.73744e-08 -4.90407e-07 -1.08323e-27)
(1.45725e-07 -3.95942e-07 -7.41557e-28)
(3.39381e-07 -3.57435e-07 -5.50517e-28)
(5.42528e-07 -3.56742e-07 0)
(7.80331e-07 -3.82967e-07 -4.19509e-28)
(1.0784e-06 -4.30636e-07 0)
(1.46326e-06 -4.95243e-07 -4.20902e-28)
(1.96227e-06 -5.69767e-07 -3.97821e-28)
(2.60175e-06 -6.41735e-07 0)
(3.39443e-06 -6.83127e-07 -8.81201e-30)
(4.31055e-06 -6.35603e-07 0)
(5.22477e-06 -3.97134e-07 1.59572e-27)
(5.80188e-06 7.33948e-08 3.54265e-27)
(5.42697e-06 1.35357e-06 0)
(2.46813e-06 3.45793e-06 9.22564e-27)
(-4.379e-06 6.54627e-06 0)
(-1.95687e-05 1.00221e-05 8.25117e-27)
(-4.07381e-05 1.12758e-05 0)
(-6.9057e-05 6.01298e-06 -3.58232e-26)
(-7.56357e-05 -9.98386e-06 -6.26914e-26)
(-4.26837e-05 -3.88093e-05 0)
(0.000126791 -4.36483e-05 4.8315e-26)
(0.000187979 -3.49606e-05 2.16064e-25)
(0.000525733 -5.04274e-05 -5.12588e-25)
(0.000558127 -6.86043e-05 1.1585e-25)
(-8.23161e-06 -8.50034e-06 0)
(-5.29479e-06 -5.59902e-06 -6.80346e-27)
(-3.34664e-06 -3.64355e-06 -4.62031e-27)
(-2.08145e-06 -2.32709e-06 0)
(-1.24569e-06 -1.46843e-06 0)
(-6.96749e-07 -9.16265e-07 0)
(-3.24639e-07 -5.70958e-07 0)
(-6.03963e-08 -3.64157e-07 0)
(1.48342e-07 -2.52523e-07 0)
(3.38668e-07 -2.04308e-07 0)
(5.39438e-07 -2.02372e-07 -2.07066e-28)
(7.75726e-07 -2.35149e-07 0)
(1.07292e-06 -2.95664e-07 0)
(1.45745e-06 -3.78241e-07 0)
(1.95666e-06 -4.74403e-07 0)
(2.59726e-06 -5.70685e-07 0)
(3.39291e-06 -6.35649e-07 0)
(4.31571e-06 -6.03102e-07 0)
(5.25402e-06 -3.47477e-07 1.02897e-27)
(5.84834e-06 4.05886e-07 0)
(5.48772e-06 1.74594e-06 0)
(2.56278e-06 3.94266e-06 0)
(-4.25581e-06 7.1898e-06 0)
(-1.94803e-05 1.09263e-05 4.51304e-27)
(-4.08197e-05 1.23291e-05 0)
(-6.9476e-05 6.77965e-06 0)
(-7.6527e-05 -1.04957e-05 0)
(-4.33633e-05 -4.25466e-05 0)
(0.00012684 -4.8634e-05 0)
(0.000187816 -4.11648e-05 0)
(0.00052498 -5.96609e-05 -3.06366e-25)
(0.000566132 -8.82803e-05 7.58358e-26)
(-8.08885e-06 -8.65852e-06 0)
(-5.19667e-06 -5.71362e-06 -6.92858e-27)
(-3.28152e-06 -3.73402e-06 -4.70485e-27)
(-2.03926e-06 -2.40959e-06 0)
(-1.21945e-06 -1.55236e-06 0)
(-6.81003e-07 -1.00891e-06 0)
(-3.15453e-07 -6.757e-07 0)
(-5.50373e-08 -4.8183e-07 0)
(1.51704e-07 -3.80738e-07 0)
(3.40985e-07 -3.37844e-07 0)
(5.40929e-07 -3.35515e-07 -2.35194e-28)
(7.76292e-07 -3.62647e-07 0)
(1.07244e-06 -4.13818e-07 0)
(1.45597e-06 -4.84808e-07 0)
(1.9545e-06 -5.68851e-07 0)
(2.59526e-06 -6.53278e-07 0)
(3.393e-06 -7.07717e-07 0)
(4.32157e-06 -6.67963e-07 0)
(5.26357e-06 -4.08724e-07 9.73457e-28)
(5.88175e-06 1.49506e-07 0)
(5.56212e-06 1.56855e-06 0)
(2.67613e-06 3.93229e-06 0)
(-4.11245e-06 7.45847e-06 0)
(-1.93729e-05 1.15544e-05 4.90184e-27)
(-4.08957e-05 1.32659e-05 0)
(-6.99229e-05 7.49904e-06 0)
(-7.75025e-05 -1.1077e-05 0)
(-4.41262e-05 -4.63197e-05 0)
(0.000126843 -5.36434e-05 0)
(0.00018757 -4.73549e-05 0)
(0.000523972 -6.89739e-05 0)
(0.000575259 -0.000108325 9.22507e-26)
(-7.9354e-06 -8.79939e-06 0)
(-5.0905e-06 -5.79856e-06 0)
(-3.20982e-06 -3.77762e-06 0)
(-1.99117e-06 -2.41981e-06 0)
(-1.18768e-06 -1.53499e-06 0)
(-6.60303e-07 -9.67003e-07 0)
(-3.02528e-07 -6.13011e-07 0)
(-4.77777e-08 -4.02654e-07 0)
(1.54781e-07 -2.91139e-07 0)
(3.41051e-07 -2.45288e-07 0)
(5.38938e-07 -2.47799e-07 0)
(7.73037e-07 -2.863e-07 0)
(1.06847e-06 -3.53942e-07 0)
(1.45171e-06 -4.44301e-07 0)
(1.95047e-06 -5.49257e-07 0)
(2.59237e-06 -6.51545e-07 0)
(3.39311e-06 -7.20266e-07 0)
(4.32851e-06 -6.87602e-07 0)
(5.28776e-06 -4.21437e-07 0)
(5.92823e-06 3.35433e-07 0)
(5.63738e-06 1.81022e-06 0)
(2.79227e-06 4.27854e-06 0)
(-3.96227e-06 7.99926e-06 0)
(-1.92689e-05 1.24103e-05 0)
(-4.09987e-05 1.43563e-05 0)
(-7.04612e-05 8.32802e-06 0)
(-7.86236e-05 -1.16562e-05 0)
(-4.49811e-05 -5.0393e-05 0)
(0.000127018 -5.90291e-05 0)
(0.000187151 -5.40059e-05 0)
(0.000523202 -7.95403e-05 0)
(0.000596222 -0.000127119 0)
(-7.77625e-06 -8.96698e-06 0)
(-4.98089e-06 -5.91379e-06 0)
(-3.1365e-06 -3.86122e-06 0)
(-1.9431e-06 -2.48839e-06 0)
(-1.15727e-06 -1.59936e-06 0)
(-6.41658e-07 -1.03493e-06 0)
(-2.91482e-07 -6.87872e-07 0)
(-4.14584e-08 -4.85259e-07 0)
(1.58282e-07 -3.79092e-07 0)
(3.42766e-07 -3.33672e-07 0)
(5.39211e-07 -3.31844e-07 0)
(7.71912e-07 -3.63057e-07 0)
(1.06598e-06 -4.21204e-07 0)
(1.44804e-06 -5.05913e-07 0)
(1.9462e-06 -6.09784e-07 0)
(2.58865e-06 -7.16699e-07 0)
(3.39223e-06 -7.93859e-07 0)
(4.33502e-06 -7.67772e-07 0)
(5.3073e-06 -5.00543e-07 0)
(5.97555e-06 1.69352e-07 0)
(5.72704e-06 1.73431e-06 0)
(2.93245e-06 4.37313e-06 0)
(-3.77837e-06 8.37292e-06 0)
(-1.91237e-05 1.31679e-05 0)
(-4.10868e-05 1.54269e-05 0)
(-7.1044e-05 9.1526e-06 0)
(-7.99524e-05 -1.23298e-05 0)
(-4.60629e-05 -5.48164e-05 0)
(0.00012691 -6.48132e-05 0)
(0.000186642 -6.1114e-05 0)
(0.000521508 -9.09883e-05 0)
(0.000612159 -0.000170337 0)
(-7.61423e-06 -9.09128e-06 0)
(-4.86935e-06 -5.98647e-06 0)
(-3.06146e-06 -3.89953e-06 0)
(-1.8932e-06 -2.50174e-06 0)
(-1.12473e-06 -1.59315e-06 0)
(-6.20822e-07 -1.01197e-06 0)
(-2.78719e-07 -6.50694e-07 0)
(-3.4403e-08 -4.3694e-07 0)
(1.61347e-07 -3.24973e-07 0)
(3.43098e-07 -2.80201e-07 0)
(5.37665e-07 -2.85189e-07 0)
(7.69167e-07 -3.24682e-07 0)
(1.06228e-06 -3.90878e-07 0)
(1.44355e-06 -4.81067e-07 0)
(1.94134e-06 -5.87461e-07 0)
(2.5844e-06 -6.96714e-07 0)
(3.3909e-06 -7.75136e-07 0)
(4.34122e-06 -7.46247e-07 0)
(5.32836e-06 -4.64758e-07 0)
(6.02504e-06 2.88362e-07 0)
(5.81947e-06 1.91955e-06 0)
(3.07982e-06 4.70177e-06 0)
(-3.58133e-06 8.95837e-06 0)
(-1.89634e-05 1.41318e-05 0)
(-4.11726e-05 1.66984e-05 0)
(-7.16635e-05 1.01824e-05 0)
(-8.13944e-05 -1.28625e-05 0)
(-4.72544e-05 -5.91783e-05 0)
(0.000126746 -7.05826e-05 0)
(0.000186019 -6.81443e-05 0)
(0.00051847 -0.000101483 0)
(0.000627129 -0.000154215 0)
(-7.44917e-06 -9.30461e-06 0)
(-4.75601e-06 -6.14281e-06 0)
(-2.98556e-06 -4.01733e-06 0)
(-1.8432e-06 -2.59421e-06 0)
(-1.09274e-06 -1.66934e-06 0)
(-6.00836e-07 -1.07925e-06 0)
(-2.66575e-07 -7.14074e-07 0)
(-2.73498e-08 -4.99188e-07 0)
(1.65071e-07 -3.86714e-07 0)
(3.44489e-07 -3.40979e-07 0)
(5.37285e-07 -3.45273e-07 0)
(7.67334e-07 -3.86751e-07 0)
(1.0592e-06 -4.6029e-07 0)
(1.43953e-06 -5.60661e-07 0)
(1.93686e-06 -6.80426e-07 0)
(2.58052e-06 -8.05799e-07 0)
(3.39009e-06 -9.02177e-07 0)
(4.34847e-06 -8.90042e-07 0)
(5.35212e-06 -6.16652e-07 0)
(6.07883e-06 1.6328e-07 0)
(5.91821e-06 1.86888e-06 0)
(3.23733e-06 4.78607e-06 0)
(-3.36992e-06 9.28944e-06 0)
(-1.87884e-05 1.4832e-05 0)
(-4.12578e-05 1.77096e-05 0)
(-7.23244e-05 1.09495e-05 0)
(-8.29568e-05 -1.3419e-05 0)
(-4.8563e-05 -6.35753e-05 0)
(0.000126522 -7.62291e-05 0)
(0.000185306 -7.50332e-05 0)
(0.000517794 -0.000121462 0)
(0.000648917 -0.000262304 0)
(-7.28081e-06 -9.29242e-06 0)
(-4.64033e-06 -6.10001e-06 0)
(-2.90775e-06 -3.95939e-06 0)
(-1.7915e-06 -2.5308e-06 0)
(-1.05911e-06 -1.60485e-06 0)
(-5.79446e-07 -1.01549e-06 0)
(-2.53594e-07 -6.52774e-07 0)
(-2.02235e-08 -4.41639e-07 0)
(1.682e-07 -3.3245e-07 0)
(3.44893e-07 -2.88161e-07 0)
(5.35683e-07 -2.91466e-07 0)
(7.64185e-07 -3.3051e-07 0)
(1.05475e-06 -3.99342e-07 0)
(1.43401e-06 -4.93932e-07 0)
(1.93072e-06 -6.0718e-07 0)
(2.5748e-06 -7.25335e-07 0)
(3.38726e-06 -8.13383e-07 0)
(4.35359e-06 -7.89947e-07 0)
(5.37399e-06 -4.99959e-07 0)
(6.1327e-06 2.29097e-07 0)
(6.01971e-06 2.01421e-06 0)
(3.40123e-06 5.10439e-06 0)
(-3.14619e-06 9.89328e-06 0)
(-1.85987e-05 1.58567e-05 0)
(-4.13408e-05 1.90963e-05 0)
(-7.30118e-05 1.20824e-05 0)
(-8.46224e-05 -1.42875e-05 0)
(-4.99749e-05 -6.8447e-05 0)
(0.000126249 -8.25368e-05 0)
(0.000184061 -8.21873e-05 0)
(0.000510336 -0.00011449 0)
(0.000666153 -0.000160308 0)
(-7.11174e-06 -9.7941e-06 0)
(-4.52501e-06 -6.49155e-06 0)
(-2.83096e-06 -4.26621e-06 0)
(-1.74122e-06 -2.77231e-06 0)
(-1.02711e-06 -1.79731e-06 0)
(-5.59599e-07 -1.17237e-06 0)
(-2.41721e-07 -7.83663e-07 0)
(-1.34768e-08 -5.52995e-07 0)
(1.71717e-07 -4.31145e-07 0)
(3.46263e-07 -3.81846e-07 0)
(5.35449e-07 -3.87986e-07 0)
(7.6266e-07 -4.36202e-07 0)
(1.05212e-06 -5.19907e-07 0)
(1.43052e-06 -6.33963e-07 0)
(1.92684e-06 -7.70436e-07 0)
(2.57159e-06 -9.15002e-07 0)
(3.38729e-06 -1.0304e-06 0)
(4.36205e-06 -1.02786e-06 0)
(5.39627e-06 -7.28908e-07 0)
(6.18774e-06 1.81655e-07 0)
(6.12938e-06 1.97667e-06 0)
(3.5786e-06 5.16306e-06 0)
(-2.90419e-06 1.01933e-05 0)
(-1.83898e-05 1.65677e-05 0)
(-4.14213e-05 2.02626e-05 0)
(-7.37704e-05 1.33803e-05 0)
(-8.64449e-05 -1.42969e-05 0)
(-5.1519e-05 -7.2444e-05 0)
(0.000125927 -8.8114e-05 0)
(0.000183931 -9.10314e-05 0)
(0.000514466 -0.000164153 0)
(0.000695674 -0.000379578 0)
(-6.93223e-06 -9.51922e-06 0)
(-4.40091e-06 -6.26265e-06 0)
(-2.74667e-06 -4.08061e-06 0)
(-1.68458e-06 -2.62482e-06 0)
(-9.89824e-07 -1.67984e-06 0)
(-5.35558e-07 -1.07642e-06 0)
(-2.26784e-07 -7.01553e-07 0)
(-4.97266e-09 -4.8359e-07 0)
(1.75595e-07 -3.72548e-07 0)
(3.46744e-07 -3.29447e-07 0)
(5.33309e-07 -3.36967e-07 0)
(7.58451e-07 -3.82594e-07 0)
(1.04617e-06 -4.60669e-07 0)
(1.42314e-06 -5.67202e-07 0)
(1.91853e-06 -6.95373e-07 0)
(2.56351e-06 -8.31425e-07 0)
(3.38234e-06 -9.39384e-07 0)
(4.36662e-06 -9.34234e-07 0)
(5.42635e-06 -6.53865e-07 0)
(6.24986e-06 1.33983e-07 0)
(6.23544e-06 2.0612e-06 0)
(3.75708e-06 5.3789e-06 0)
(-2.65225e-06 1.05643e-05 0)
(-1.81626e-05 1.71078e-05 0)
(-4.14789e-05 2.07373e-05 0)
(-7.45088e-05 1.29996e-05 0)
(-8.83399e-05 -1.53387e-05 0)
(-5.31726e-05 -7.66099e-05 0)
(0.00012544 -9.17998e-05 0)
(0.00018071 -9.01402e-05 0)
(0.000497644 -0.000124387 0)
(0.000653719 -0.000153465 0)
(-6.65716e-06 -9.86665e-06 0)
(-4.32852e-06 -6.43408e-06 0)
(-2.80907e-06 -4.14549e-06 0)
(-1.83461e-06 -2.62825e-06 0)
(-1.19763e-06 -1.65123e-06 0)
(-7.80944e-07 -1.03509e-06 0)
(-4.97441e-07 -6.62755e-07 0)
(-2.93239e-07 -4.48923e-07 0)
(-1.25823e-07 -3.36563e-07 0)
(3.40124e-08 -2.91384e-07 0)
(2.09027e-07 -2.97161e-07 0)
(4.20831e-07 -3.41987e-07 0)
(6.92008e-07 -4.2081e-07 0)
(1.04792e-06 -5.30026e-07 0)
(1.51651e-06 -6.62924e-07 0)
(2.1281e-06 -8.06146e-07 0)
(2.90725e-06 -9.22528e-07 0)
(3.84905e-06 -9.20431e-07 0)
(4.86692e-06 -6.16822e-07 0)
(5.69126e-06 2.17298e-07 0)
(5.7152e-06 2.32356e-06 0)
(3.28831e-06 6.04042e-06 0)
(-3.06788e-06 1.19527e-05 0)
(-1.8603e-05 1.95846e-05 0)
(-4.22206e-05 2.43925e-05 0)
(-7.58275e-05 1.70993e-05 0)
(-9.16191e-05 -1.58684e-05 0)
(-6.05972e-05 -8.51318e-05 0)
(0.000103193 -0.000104613 0)
(8.66147e-05 -0.000110231 0)
(0.000378108 -0.000194071 0)
(-0.0125992 -0.000511674 0)
(-5.88014e-06 -8.96905e-06 0)
(-4.18643e-06 -5.96003e-06 0)
(-3.08304e-06 -3.93574e-06 0)
(-2.376e-06 -2.57947e-06 0)
(-1.91381e-06 -1.69493e-06 0)
(-1.61081e-06 -1.13105e-06 0)
(-1.40311e-06 -7.90428e-07 0)
(-1.25106e-06 -5.89394e-07 0)
(-1.12367e-06 -4.79836e-07 0)
(-9.99076e-07 -4.39272e-07 0)
(-8.59432e-07 -4.53958e-07 0)
(-6.87242e-07 -5.11712e-07 0)
(-4.63629e-07 -6.06316e-07 0)
(-1.66498e-07 -7.33362e-07 0)
(2.29702e-07 -8.86342e-07 0)
(7.54685e-07 -1.05322e-06 0)
(1.43776e-06 -1.20062e-06 0)
(2.29245e-06 -1.24158e-06 0)
(3.28042e-06 -9.81407e-07 0)
(4.18425e-06 1.59346e-09 0)
(4.3697e-06 1.67816e-06 0)
(2.06928e-06 4.78099e-06 0)
(-4.3588e-06 9.86307e-06 0)
(-2.05927e-05 1.65727e-05 0)
(-4.56736e-05 2.12796e-05 0)
(-8.12566e-05 1.64754e-05 0)
(-0.000102585 -1.28184e-05 0)
(-8.79892e-05 -7.4387e-05 0)
(1.02034e-05 -9.55118e-05 0)
(-0.00014232 -0.000114351 0)
(-0.000386017 0.000382076 0)
(-0.0196005 0.00192225 0)
(-0.000419701 -1.15488e-05 0)
(-0.000415716 -7.54765e-06 0)
(-0.000412114 -4.86521e-06 0)
(-0.000408851 -3.0775e-06 0)
(-0.000405774 -1.91563e-06 0)
(-0.000402693 -1.16803e-06 0)
(-0.000399296 -7.03603e-07 0)
(-0.000395173 -4.36823e-07 0)
(-0.000389822 -3.02965e-07 0)
(-0.000382537 -2.4799e-07 0)
(-0.000372327 -2.4906e-07 0)
(-0.000357788 -2.91652e-07 0)
(-0.000336904 -3.71996e-07 0)
(-0.000306788 -4.94773e-07 0)
(-0.000263236 -6.74488e-07 0)
(-0.000200217 -8.30146e-07 0)
(-0.000108994 -9.57506e-07 0)
(2.30161e-05 -9.48582e-07 0)
(0.000213443 -5.29076e-07 0)
(0.000470283 3.66936e-07 0)
(0.000730427 4.29848e-06 0)
(0.000781959 1.06248e-05 0)
(0.000447677 2.14667e-05 0)
(-0.000896807 3.3238e-05 0)
(-0.00298821 3.81716e-05 0)
(-0.0054408 2.03532e-05 0)
(-0.00703486 -1.75665e-05 0)
(-0.0066507 -8.0618e-05 0)
(-0.0127515 -5.6825e-05 0)
(-0.0241675 4.19349e-06 0)
(-0.0654324 0.000308498 0)
(1.79998 -0.00149671 0)
(-1.65085e-05 -9.63753e-06 0)
(-1.2526e-05 -6.51166e-06 0)
(-8.91995e-06 -4.39935e-06 0)
(-5.64642e-06 -2.987e-06 0)
(-2.55181e-06 -2.07618e-06 0)
(5.57668e-07 -1.51612e-06 0)
(3.99694e-06 -1.20914e-06 0)
(8.18227e-06 -1.08395e-06 0)
(1.36239e-05 -1.115e-06 0)
(2.10425e-05 -1.29379e-06 0)
(3.14504e-05 -1.6343e-06 0)
(4.62792e-05 -2.1686e-06 0)
(6.75815e-05 -2.94994e-06 0)
(9.83117e-05 -4.04702e-06 0)
(0.000142746 -5.53563e-06 0)
(0.000207035 -7.65232e-06 0)
(0.000300104 -1.06525e-05 0)
(0.000434783 -1.4828e-05 0)
(0.000629194 -2.04256e-05 0)
(0.000910224 -2.4922e-05 0)
(0.00132069 -1.70564e-05 0)
(0.0019257 7.72996e-06 0)
(0.002821 5.63046e-05 0)
(0.0041719 0.000130612 0)
(0.00610676 0.000183113 0)
(0.00923126 0.000159435 0)
(0.0129025 3.24295e-05 0)
(0.0208006 0.000125563 0)
(0.0283614 0.000453944 0)
(0.053322 0.00171216 0)
(0.0848181 -0.0696272 0)
(0.0820338 -0.199075 0)
(-1.59653e-05 -1.05117e-05 0)
(-1.20471e-05 -6.92779e-06 0)
(-8.48596e-06 -4.5125e-06 0)
(-5.24302e-06 -2.90479e-06 0)
(-2.16921e-06 -1.87346e-06 0)
(9.2666e-07 -1.23705e-06 0)
(4.35747e-06 -8.84778e-07 0)
(8.53807e-06 -7.36805e-07 0)
(1.39773e-05 -7.5004e-07 0)
(2.1394e-05 -9.06749e-07 0)
(3.17966e-05 -1.22482e-06 0)
(4.66168e-05 -1.76022e-06 0)
(6.79121e-05 -2.57733e-06 0)
(9.86291e-05 -3.76382e-06 0)
(0.000143053 -5.51839e-06 0)
(0.000207337 -7.97774e-06 0)
(0.0003004 -1.1411e-05 0)
(0.000435083 -1.61694e-05 0)
(0.000629553 -2.25005e-05 0)
(0.000910718 -2.87587e-05 0)
(0.00132081 -3.25038e-05 0)
(0.00192422 -4.12155e-05 0)
(0.00281717 -5.24996e-05 0)
(0.00416541 -6.86642e-05 0)
(0.00610054 -0.000132638 0)
(0.00923358 -0.000260947 0)
(0.0129005 -0.000473833 0)
(0.0208047 -0.000724048 0)
(0.0283684 -0.00128256 0)
(0.0589348 -0.00188166 0)
(0.0984974 -0.00992295 0)
(0.090747 -0.0474809 0)
(-1.57828e-05 -1.07263e-05 0)
(-1.19198e-05 -7.29075e-06 0)
(-8.3993e-06 -4.95872e-06 0)
(-5.1857e-06 -3.40458e-06 0)
(-2.13315e-06 -2.41481e-06 0)
(9.46941e-07 -1.82431e-06 0)
(4.36508e-06 -1.53349e-06 0)
(8.53463e-06 -1.4809e-06 0)
(1.39631e-05 -1.64551e-06 0)
(2.13686e-05 -2.02982e-06 0)
(3.17602e-05 -2.66964e-06 0)
(4.65676e-05 -3.61929e-06 0)
(6.78419e-05 -4.99529e-06 0)
(9.85319e-05 -6.98204e-06 0)
(0.000142912 -9.78424e-06 0)
(0.000207128 -1.38325e-05 0)
(0.000300099 -1.95945e-05 0)
(0.000434655 -2.77538e-05 0)
(0.000629003 -3.90459e-05 0)
(0.000910149 -5.24662e-05 0)
(0.00132053 -6.45938e-05 0)
(0.00192528 -7.07153e-05 0)
(0.00282053 -5.73305e-05 0)
(0.00417029 -4.22145e-05 0)
(0.00610325 -6.55891e-05 0)
(0.00922773 -0.000188152 0)
(0.0128973 -0.000488791 0)
(0.0207988 -0.000676897 0)
(0.0283514 -0.00138301 0)
(0.0539311 -0.00159633 0)
(0.0820123 -0.0618625 0)
(0.0846908 -0.151415 0)
(-1.56011e-05 -1.0632e-05 0)
(-1.1795e-05 -7.15661e-06 0)
(-8.31541e-06 -4.79657e-06 0)
(-5.1306e-06 -3.21842e-06 0)
(-2.09853e-06 -2.20793e-06 0)
(9.67057e-07 -1.60368e-06 0)
(4.37456e-06 -1.30496e-06 0)
(8.53545e-06 -1.2492e-06 0)
(1.39558e-05 -1.41498e-06 0)
(2.13519e-05 -1.81087e-06 0)
(3.173e-05 -2.48833e-06 0)
(4.65183e-05 -3.54674e-06 0)
(6.77686e-05 -5.12529e-06 0)
(9.84239e-05 -7.42095e-06 0)
(0.000142758 -1.07632e-05 0)
(0.000206915 -1.55244e-05 0)
(0.000299799 -2.23114e-05 0)
(0.000434242 -3.19114e-05 0)
(0.000628484 -4.5215e-05 0)
(0.000909613 -6.15796e-05 0)
(0.00132003 -7.85663e-05 0)
(0.00192454 -9.70613e-05 0)
(0.0028184 -0.000122437 0)
(0.00416506 -0.000177006 0)
(0.00609421 -0.000295868 0)
(0.00921526 -0.000510235 0)
(0.0128791 -0.000890639 0)
(0.0207669 -0.00131587 0)
(0.0283046 -0.0025155 0)
(0.0560097 -0.00361298 0)
(0.0887159 -0.0204685 0)
(0.0841613 -0.0782593 0)
(-1.54165e-05 -1.10689e-05 0)
(-1.1667e-05 -7.57951e-06 0)
(-8.22872e-06 -5.20648e-06 0)
(-5.07358e-06 -3.62355e-06 0)
(-2.0632e-06 -2.62057e-06 0)
(9.86055e-07 -2.04092e-06 0)
(4.38044e-06 -1.79002e-06 0)
(8.52987e-06 -1.81391e-06 0)
(1.39388e-05 -2.10079e-06 0)
(2.13221e-05 -2.67135e-06 0)
(3.16851e-05 -3.5895e-06 0)
(4.64533e-05 -4.95801e-06 0)
(6.76741e-05 -6.95116e-06 0)
(9.82877e-05 -9.83764e-06 0)
(0.000142561 -1.39732e-05 0)
(0.000206628 -1.99431e-05 0)
(0.000299389 -2.84786e-05 0)
(0.000433663 -4.06433e-05 0)
(0.000627718 -5.76662e-05 0)
(0.000908705 -7.95053e-05 0)
(0.00131899 -0.000104715 0)
(0.00192338 -0.000134931 0)
(0.00281707 -0.000170594 0)
(0.00416278 -0.000222882 0)
(0.00608882 -0.000334494 0)
(0.00920204 -0.00056212 0)
(0.0128622 -0.00103141 0)
(0.0207298 -0.00148809 0)
(0.0282369 -0.00303692 0)
(0.0534372 -0.00445081 0)
(0.0816906 -0.0542356 0)
(0.0813139 -0.122233 0)
(-1.52339e-05 -1.10218e-05 0)
(-1.15411e-05 -7.521e-06 0)
(-8.14406e-06 -5.13242e-06 0)
(-5.0186e-06 -3.53579e-06 0)
(-2.02998e-06 -2.52346e-06 0)
(1.00303e-06 -1.9421e-06 0)
(4.3844e-06 -1.69738e-06 0)
(8.52198e-06 -1.74005e-06 0)
(1.39186e-05 -2.06546e-06 0)
(2.12874e-05 -2.70536e-06 0)
(3.1631e-05 -3.74272e-06 0)
(4.63727e-05 -5.31792e-06 0)
(6.75573e-05 -7.63995e-06 0)
(9.81197e-05 -1.10112e-05 0)
(0.000142321 -1.58835e-05 0)
(0.000206286 -2.28783e-05 0)
(0.000298903 -3.28944e-05 0)
(0.000432978 -4.71625e-05 0)
(0.000626801 -6.71892e-05 0)
(0.000907576 -9.34184e-05 0)
(0.00131763 -0.000125218 0)
(0.00192169 -0.000165301 0)
(0.00281459 -0.000216618 0)
(0.00415796 -0.000299149 0)
(0.0060795 -0.000464768 0)
(0.00918511 -0.000759587 0)
(0.0128386 -0.00130785 0)
(0.0206814 -0.00192153 0)
(0.0281552 -0.00380343 0)
(0.0537138 -0.0057061 0)
(0.0825167 -0.0299492 0)
(0.0790008 -0.0935805 0)
(-1.50488e-05 -1.13617e-05 0)
(-1.14119e-05 -7.84971e-06 0)
(-8.0561e-06 -5.44896e-06 0)
(-4.96057e-06 -3.84549e-06 0)
(-1.99417e-06 -2.83538e-06 0)
(1.02184e-06 -2.26923e-06 0)
(4.38919e-06 -2.05686e-06 0)
(8.51392e-06 -2.15394e-06 0)
(1.3897e-05 -2.56124e-06 0)
(2.12495e-05 -3.32001e-06 0)
(3.15719e-05 -4.52457e-06 0)
(4.62845e-05 -6.32796e-06 0)
(6.74275e-05 -8.97064e-06 0)
(9.79307e-05 -1.28117e-05 0)
(0.000142047 -1.83651e-05 0)
(0.000205891 -2.63841e-05 0)
(0.000298337 -3.78992e-05 0)
(0.000432177 -5.43575e-05 0)
(0.000625714 -7.75515e-05 0)
(0.000906191 -0.000108441 0)
(0.00131588 -0.000147266 0)
(0.00191942 -0.000197846 0)
(0.00281127 -0.000265108 0)
(0.00415203 -0.000370937 0)
(0.00606886 -0.000567653 0)
(0.00916557 -0.000903238 0)
(0.0128115 -0.00153646 0)
(0.0206232 -0.00224624 0)
(0.0280559 -0.00448042 0)
(0.052335 -0.00673688 0)
(0.0787834 -0.0480636 0)
(0.0770002 -0.106402 0)
(-1.48657e-05 -1.13793e-05 0)
(-1.1285e-05 -7.85829e-06 0)
(-7.97062e-06 -5.44544e-06 0)
(-4.90539e-06 -3.83341e-06 0)
(-1.96171e-06 -2.82177e-06 0)
(1.03675e-06 -2.26538e-06 0)
(4.38939e-06 -2.0763e-06 0)
(8.50014e-06 -2.21716e-06 0)
(1.38681e-05 -2.69767e-06 0)
(2.12024e-05 -3.5706e-06 0)
(3.15007e-05 -4.94756e-06 0)
(4.61801e-05 -7.00774e-06 0)
(6.72764e-05 -1.00201e-05 0)
(9.77128e-05 -1.43832e-05 0)
(0.000141733 -2.06794e-05 0)
(0.00020544 -2.97555e-05 0)
(0.000297691 -4.27907e-05 0)
(0.000431261 -6.14408e-05 0)
(0.000624458 -8.7793e-05 0)
(0.000904556 -0.00012332 0)
(0.00131375 -0.000169122 0)
(0.00191658 -0.000230111 0)
(0.00280709 -0.000313189 0)
(0.00414485 -0.000442396 0)
(0.00605643 -0.000673504 0)
(0.00914323 -0.00105646 0)
(0.01278 -0.00177223 0)
(0.0205557 -0.00259427 0)
(0.0279417 -0.00514629 0)
(0.051811 -0.00783253 0)
(0.07788 -0.0371813 0)
(0.0751507 -0.0982544 0)
(-1.46802e-05 -1.1658e-05 0)
(-1.11549e-05 -8.12476e-06 0)
(-7.88176e-06 -5.69677e-06 0)
(-4.84693e-06 -4.07294e-06 0)
(-1.92625e-06 -3.05597e-06 0)
(1.05413e-06 -2.504e-06 0)
(4.39128e-06 -2.33201e-06 0)
(8.48701e-06 -2.50681e-06 0)
(1.38384e-05 -3.04405e-06 0)
(2.1152e-05 -4.00754e-06 0)
(3.1423e-05 -5.52558e-06 0)
(4.60648e-05 -7.80218e-06 0)
(6.71081e-05 -1.11425e-05 0)
(9.74689e-05 -1.5995e-05 0)
(0.000141381 -2.30089e-05 0)
(0.000204934 -3.31282e-05 0)
(0.000296965 -4.76751e-05 0)
(0.000430228 -6.85114e-05 0)
(0.000623034 -9.80185e-05 0)
(0.000902669 -0.000138182 0)
(0.00131125 -0.00019095 0)
(0.00191318 -0.000262333 0)
(0.00280207 -0.000361177 0)
(0.00413643 -0.000513662 0)
(0.00604224 -0.000778963 0)
(0.00911805 -0.0012091 0)
(0.0127444 -0.00200668 0)
(0.0204791 -0.00293869 0)
(0.0278129 -0.00579725 0)
(0.0508962 -0.00883609 0)
(0.0752092 -0.0442583 0)
(0.0722629 -0.0992644 0)
(-1.44965e-05 -1.17198e-05 0)
(-1.10268e-05 -8.18189e-06 0)
(-7.79511e-06 -5.7472e-06 0)
(-4.791e-06 -4.1212e-06 0)
(-1.89375e-06 -3.11043e-06 0)
(1.06811e-06 -2.5775e-06 0)
(4.38927e-06 -2.43997e-06 0)
(8.4693e-06 -2.67081e-06 0)
(1.38031e-05 -3.29162e-06 0)
(2.10949e-05 -4.3736e-06 0)
(3.13363e-05 -6.0586e-06 0)
(4.59369e-05 -8.57227e-06 0)
(6.69216e-05 -1.22535e-05 0)
(9.71988e-05 -1.76005e-05 0)
(0.000140991 -2.53321e-05 0)
(0.000204372 -3.64924e-05 0)
(0.000296159 -5.25473e-05 0)
(0.00042908 -7.55653e-05 0)
(0.000621441 -0.000108224 0)
(0.00090053 -0.00015302 0)
(0.00130838 -0.000212743 0)
(0.00190921 -0.0002945 0)
(0.00279621 -0.000409054 0)
(0.00412676 -0.000584713 0)
(0.00602629 -0.000884029 0)
(0.0090901 -0.00136106 0)
(0.0127047 -0.00223951 0)
(0.0203936 -0.00328104 0)
(0.0276703 -0.00643092 0)
(0.0501243 -0.00982657 0)
(0.0736336 -0.0415851 0)
(0.0707465 -0.0970758 0)
(-1.4311e-05 -1.19446e-05 0)
(-1.08962e-05 -8.39362e-06 0)
(-7.70588e-06 -5.94145e-06 0)
(-4.73272e-06 -4.30017e-06 0)
(-1.85939e-06 -3.2797e-06 0)
(1.08317e-06 -2.74657e-06 0)
(4.38724e-06 -2.62179e-06 0)
(8.45012e-06 -2.8855e-06 0)
(1.37646e-05 -3.56836e-06 0)
(2.10322e-05 -4.75309e-06 0)
(3.12412e-05 -6.59539e-06 0)
(4.57965e-05 -9.34127e-06 0)
(6.6717e-05 -1.33615e-05 0)
(9.69024e-05 -1.92015e-05 0)
(0.000140562 -2.76487e-05 0)
(0.000203755 -3.98471e-05 0)
(0.000295272 -5.74061e-05 0)
(0.000427817 -8.26006e-05 0)
(0.000619679 -0.000118405 0)
(0.000898141 -0.000167828 0)
(0.00130512 -0.000234494 0)
(0.00190468 -0.0003266 0)
(0.0027895 -0.000456804 0)
(0.00411586 -0.000655531 0)
(0.00600859 -0.000988676 0)
(0.00905939 -0.00151251 0)
(0.0126607 -0.00247185 0)
(0.0202997 -0.00362108 0)
(0.0275146 -0.00704864 0)
(0.0493197 -0.0107739 0)
(0.071579 -0.0430696 0)
(0.0686691 -0.0958988 0)
(-1.41267e-05 -1.20473e-05 0)
(-1.07668e-05 -8.49435e-06 0)
(-7.61781e-06 -6.03846e-06 0)
(-4.67571e-06 -4.3977e-06 0)
(-1.82646e-06 -3.38531e-06 0)
(1.09661e-06 -2.87079e-06 0)
(4.38325e-06 -2.77628e-06 0)
(8.4283e-06 -3.08669e-06 0)
(1.37222e-05 -3.83982e-06 0)
(2.09638e-05 -5.13051e-06 0)
(3.11376e-05 -7.13038e-06 0)
(4.56438e-05 -1.01078e-05 0)
(6.64945e-05 -1.44659e-05 0)
(9.658e-05 -2.07974e-05 0)
(0.000140096 -2.9958e-05 0)
(0.000203083 -4.31914e-05 0)
(0.000294307 -6.225e-05 0)
(0.000426438 -8.96154e-05 0)
(0.000617749 -0.000128561 0)
(0.000895502 -0.000182604 0)
(0.0013015 -0.000256194 0)
(0.00189958 -0.000358624 0)
(0.00278196 -0.000504414 0)
(0.00410372 -0.000726091 0)
(0.00598915 -0.00109287 0)
(0.00902594 -0.00166336 0)
(0.0126127 -0.00270217 0)
(0.0201975 -0.00395861 0)
(0.0273466 -0.00765052 0)
(0.0485256 -0.0116888 0)
(0.0697888 -0.0432828 0)
(0.0668736 -0.0945226 0)
(-1.39415e-05 -1.22242e-05 0)
(-1.0636e-05 -8.65945e-06 0)
(-7.52843e-06 -6.18726e-06 0)
(-4.6178e-06 -4.53306e-06 0)
(-1.79325e-06 -3.51489e-06 0)
(1.10955e-06 -3.00712e-06 0)
(4.37789e-06 -2.93506e-06 0)
(8.40405e-06 -3.28822e-06 0)
(1.36761e-05 -4.11036e-06 0)
(2.08897e-05 -5.50656e-06 0)
(3.10256e-05 -7.66348e-06 0)
(4.54788e-05 -1.08717e-05 0)
(6.6254e-05 -1.55665e-05 0)
(9.62314e-05 -2.23878e-05 0)
(0.000139592 -3.22595e-05 0)
(0.000202356 -4.65244e-05 0)
(0.000293262 -6.70779e-05 0)
(0.000424944 -9.66077e-05 0)
(0.000615651 -0.000138687 0)
(0.000892613 -0.000197341 0)
(0.0012975 -0.000277839 0)
(0.00189392 -0.000390561 0)
(0.00277359 -0.000551868 0)
(0.00409037 -0.000796378 0)
(0.00596798 -0.00119658 0)
(0.00898977 -0.00181354 0)
(0.0125607 -0.00293116 0)
(0.0200875 -0.00429345 0)
(0.0271668 -0.00823698 0)
(0.0477363 -0.0125711 0)
(0.0680017 -0.0436943 0)
(0.0650757 -0.0932306 0)
(-1.37566e-05 -1.23568e-05 0)
(-1.05053e-05 -8.78986e-06 0)
(-7.43908e-06 -6.31207e-06 0)
(-4.55996e-06 -4.65432e-06 0)
(-1.76036e-06 -3.63779e-06 0)
(1.12172e-06 -3.14093e-06 0)
(4.37107e-06 -3.09281e-06 0)
(8.37739e-06 -3.48884e-06 0)
(1.36262e-05 -4.37979e-06 0)
(2.08099e-05 -5.88114e-06 0)
(3.09052e-05 -8.19454e-06 0)
(4.53015e-05 -1.16326e-05 0)
(6.59957e-05 -1.6663e-05 0)
(9.58569e-05 -2.39723e-05 0)
(0.000139051 -3.45524e-05 0)
(0.000201575 -4.98452e-05 0)
(0.000292137 -7.18883e-05 0)
(0.000423336 -0.000103576 0)
(0.000613386 -0.000148781 0)
(0.000889475 -0.000212036 0)
(0.00129313 -0.000299422 0)
(0.00188771 -0.000422403 0)
(0.00276438 -0.000599152 0)
(0.0040758 -0.000866366 0)
(0.00594507 -0.00129979 0)
(0.0089509 -0.00196301 0)
(0.0125047 -0.00315849 0)
(0.0199699 -0.00462543 0)
(0.0269758 -0.00880836 0)
(0.0469526 -0.0134222 0)
(0.0662707 -0.0440547 0)
(0.0633392 -0.0919677 0)
(-1.35717e-05 -1.25031e-05 0)
(-1.03741e-05 -8.92914e-06 0)
(-7.3493e-06 -6.44103e-06 0)
(-4.50196e-06 -4.77653e-06 0)
(-1.7277e-06 -3.76018e-06 0)
(1.13315e-06 -3.27391e-06 0)
(4.36282e-06 -3.24971e-06 0)
(8.34831e-06 -3.68851e-06 0)
(1.35725e-05 -4.64803e-06 0)
(2.07244e-05 -6.25415e-06 0)
(3.07764e-05 -8.72342e-06 0)
(4.5112e-05 -1.23905e-05 0)
(6.57195e-05 -1.7755e-05 0)
(9.54565e-05 -2.55504e-05 0)
(0.000138472 -3.68362e-05 0)
(0.000200739 -5.31528e-05 0)
(0.000290934 -7.668e-05 0)
(0.000421614 -0.000110518 0)
(0.000610953 -0.000158841 0)
(0.000886088 -0.000226685 0)
(0.00128839 -0.000320935 0)
(0.00188094 -0.000454137 0)
(0.00275436 -0.000646252 0)
(0.00406003 -0.00093604 0)
(0.00592045 -0.00140245 0)
(0.00890935 -0.00211172 0)
(0.0124447 -0.0033841 0)
(0.0198449 -0.00495439 0)
(0.0267743 -0.00936503 0)
(0.0461745 -0.0142432 0)
(0.0645844 -0.0443967 0)
(0.0616502 -0.0907451 0)
(-1.33868e-05 -1.2643e-05 0)
(-1.02427e-05 -9.06455e-06 0)
(-7.25921e-06 -6.56792e-06 0)
(-4.44384e-06 -4.89747e-06 0)
(-1.69528e-06 -3.88154e-06 0)
(1.14383e-06 -3.406e-06 0)
(4.35312e-06 -3.40571e-06 0)
(8.31682e-06 -3.88716e-06 0)
(1.3515e-05 -4.91503e-06 0)
(2.06334e-05 -6.62549e-06 0)
(3.06394e-05 -9.24998e-06 0)
(4.49103e-05 -1.31451e-05 0)
(6.54256e-05 -1.88423e-05 0)
(9.50304e-05 -2.71218e-05 0)
(0.000137855 -3.91103e-05 0)
(0.000199849 -5.64465e-05 0)
(0.000289653 -8.14517e-05 0)
(0.000419777 -0.000117431 0)
(0.000608354 -0.000168863 0)
(0.000882454 -0.000241282 0)
(0.00128328 -0.000342372 0)
(0.00187362 -0.000485755 0)
(0.00274351 -0.000693154 0)
(0.00404305 -0.00100538 0)
(0.00589413 -0.00150455 0)
(0.00886516 -0.0022596 0)
(0.0123809 -0.00360789 0)
(0.0197129 -0.0052802 0)
(0.0265628 -0.00990732 0)
(0.0454021 -0.0150354 0)
(0.0629424 -0.044717 0)
(0.0600091 -0.0895595 0)
(-1.32019e-05 -1.27806e-05 0)
(-1.0111e-05 -9.19799e-06 0)
(-7.16881e-06 -6.69324e-06 0)
(-4.3856e-06 -5.01716e-06 0)
(-1.6631e-06 -4.00187e-06 0)
(1.15376e-06 -3.53717e-06 0)
(4.34198e-06 -3.56078e-06 0)
(8.28293e-06 -4.08476e-06 0)
(1.34539e-05 -5.18071e-06 0)
(2.05367e-05 -6.99505e-06 0)
(3.0494e-05 -9.77408e-06 0)
(4.46965e-05 -1.38962e-05 0)
(6.51141e-05 -1.99247e-05 0)
(9.45786e-05 -2.86859e-05 0)
(0.000137202 -4.1374e-05 0)
(0.000198905 -5.97253e-05 0)
(0.000288293 -8.62022e-05 0)
(0.000417828 -0.000124315 0)
(0.000605589 -0.000178844 0)
(0.000878573 -0.000255823 0)
(0.0012778 -0.000363726 0)
(0.00186575 -0.000517247 0)
(0.00273185 -0.000739844 0)
(0.00402488 -0.00107436 0)
(0.0058661 -0.00160604 0)
(0.00881834 -0.00240662 0)
(0.0123133 -0.00382978 0)
(0.0195741 -0.0056027 0)
(0.0263418 -0.0104356 0)
(0.0446355 -0.0157999 0)
(0.0613432 -0.0450171 0)
(0.058414 -0.0884101 0)
(-1.30172e-05 -1.29155e-05 0)
(-9.97903e-06 -9.3294e-06 0)
(-7.07812e-06 -6.81699e-06 0)
(-4.32726e-06 -5.13559e-06 0)
(-1.63117e-06 -4.12114e-06 0)
(1.16294e-06 -3.6674e-06 0)
(4.3294e-06 -3.71488e-06 0)
(8.24665e-06 -4.28126e-06 0)
(1.3389e-05 -5.445e-06 0)
(2.04344e-05 -7.36275e-06 0)
(3.03405e-05 -1.02956e-05 0)
(4.44706e-05 -1.46436e-05 0)
(6.4785e-05 -2.10017e-05 0)
(9.41014e-05 -3.02425e-05 0)
(0.000136511 -4.36267e-05 0)
(0.000197907 -6.29882e-05 0)
(0.000286855 -9.09301e-05 0)
(0.000415765 -0.000131167 0)
(0.000602658 -0.000188781 0)
(0.000874446 -0.000270305 0)
(0.00127195 -0.000384992 0)
(0.00185733 -0.000548602 0)
(0.00271938 -0.000786307 0)
(0.00400554 -0.00114296 0)
(0.00583639 -0.00170691 0)
(0.00876893 -0.00255272 0)
(0.0122418 -0.00404967 0)
(0.0194287 -0.00592177 0)
(0.0261118 -0.0109501 0)
(0.0438748 -0.0165377 0)
(0.0597854 -0.0452977 0)
(0.0568635 -0.0872955 0)
(-1.28326e-05 -1.30478e-05 0)
(-9.84683e-06 -9.45876e-06 0)
(-6.98715e-06 -6.93915e-06 0)
(-4.26883e-06 -5.25276e-06 0)
(-1.5995e-06 -4.23934e-06 0)
(1.17136e-06 -3.79666e-06 0)
(4.31539e-06 -3.86797e-06 0)
(8.20799e-06 -4.4766e-06 0)
(1.33204e-05 -5.70783e-06 0)
(2.03266e-05 -7.72848e-06 0)
(3.01787e-05 -1.08143e-05 0)
(4.42327e-05 -1.53871e-05 0)
(6.44385e-05 -2.20732e-05 0)
(9.35987e-05 -3.1791e-05 0)
(0.000135783 -4.58678e-05 0)
(0.000196856 -6.62346e-05 0)
(0.00028534 -9.56341e-05 0)
(0.000413589 -0.000137985 0)
(0.000599562 -0.000198672 0)
(0.000870074 -0.000284722 0)
(0.00126574 -0.000406162 0)
(0.00184837 -0.000579812 0)
(0.0027061 -0.000832531 0)
(0.00398501 -0.00121118 0)
(0.00580502 -0.00180712 0)
(0.00871696 -0.00269785 0)
(0.0121667 -0.0042675 0)
(0.0192771 -0.0062373 0)
(0.0258734 -0.0114512 0)
(0.04312 -0.0172498 0)
(0.0582676 -0.0455597 0)
(0.055356 -0.0862147 0)
(-1.26481e-05 -1.31775e-05 0)
(-9.71443e-06 -9.5861e-06 0)
(-6.89594e-06 -7.05973e-06 0)
(-4.21032e-06 -5.36865e-06 0)
(-1.5681e-06 -4.35646e-06 0)
(1.17902e-06 -3.9249e-06 0)
(4.29995e-06 -4.02003e-06 0)
(8.16696e-06 -4.67073e-06 0)
(1.32481e-05 -5.96913e-06 0)
(2.02132e-05 -8.09215e-06 0)
(3.00087e-05 -1.13302e-05 0)
(4.39829e-05 -1.61265e-05 0)
(6.40745e-05 -2.31387e-05 0)
(9.30707e-05 -3.3331e-05 0)
(0.000135019 -4.80968e-05 0)
(0.000195752 -6.94633e-05 0)
(0.000283747 -0.000100313 0)
(0.000411302 -0.000144768 0)
(0.000596302 -0.000208515 0)
(0.000865459 -0.000299071 0)
(0.00125917 -0.000427231 0)
(0.00183886 -0.000610866 0)
(0.00269203 -0.0008785 0)
(0.00396332 -0.00127897 0)
(0.00577198 -0.00190664 0)
(0.00866246 -0.00284197 0)
(0.0120879 -0.00448319 0)
(0.0191193 -0.00654918 0)
(0.0256269 -0.0119393 0)
(0.0423712 -0.0179374 0)
(0.0567884 -0.0458038 0)
(0.0538898 -0.0851667 0)
(-1.24638e-05 -1.33047e-05 0)
(-9.58184e-06 -9.71142e-06 0)
(-6.80448e-06 -7.17873e-06 0)
(-4.15174e-06 -5.48326e-06 0)
(-1.53697e-06 -4.47247e-06 0)
(1.18593e-06 -4.05213e-06 0)
(4.28308e-06 -4.17101e-06 0)
(8.12357e-06 -4.86361e-06 0)
(1.31722e-05 -6.22884e-06 0)
(2.00944e-05 -8.45366e-06 0)
(2.98307e-05 -1.1843e-05 0)
(4.37213e-05 -1.68616e-05 0)
(6.36933e-05 -2.41981e-05 0)
(9.25176e-05 -3.48621e-05 0)
(0.000134218 -5.0313e-05 0)
(0.000194594 -7.26737e-05 0)
(0.000282078 -0.000104966 0)
(0.000408903 -0.000151514 0)
(0.000592879 -0.000218305 0)
(0.000860601 -0.000313346 0)
(0.00125224 -0.000448191 0)
(0.00182882 -0.000641756 0)
(0.00267717 -0.000924203 0)
(0.00394048 -0.00134634 0)
(0.00573728 -0.00200552 0)
(0.00860546 -0.00298504 0)
(0.0120055 -0.00469667 0)
(0.0189558 -0.0068573 0)
(0.0253727 -0.0124145 0)
(0.0416285 -0.0186012 0)
(0.0553467 -0.0460309 0)
(0.0524639 -0.0841502 0)
(-1.22798e-05 -1.34294e-05 0)
(-9.44909e-06 -9.83473e-06 0)
(-6.7128e-06 -7.29613e-06 0)
(-4.0931e-06 -5.59656e-06 0)
(-1.50611e-06 -4.58737e-06 0)
(1.19208e-06 -4.17829e-06 0)
(4.2648e-06 -4.32089e-06 0)
(8.07783e-06 -5.05519e-06 0)
(1.30926e-05 -6.48688e-06 0)
(1.997e-05 -8.81291e-06 0)
(2.96446e-05 -1.23527e-05 0)
(4.34478e-05 -1.75922e-05 0)
(6.32948e-05 -2.52511e-05 0)
(9.19395e-05 -3.6384e-05 0)
(0.000133381 -5.25157e-05 0)
(0.000193384 -7.58648e-05 0)
(0.000280332 -0.00010959 0)
(0.000406392 -0.00015822 0)
(0.000589293 -0.00022804 0)
(0.000855501 -0.000327544 0)
(0.00124495 -0.000469037 0)
(0.00181824 -0.000672471 0)
(0.00266151 -0.000969624 0)
(0.00391649 -0.00141325 0)
(0.00570102 -0.00210353 0)
(0.00854599 -0.003127 0)
(0.0119196 -0.00490788 0)
(0.0187867 -0.00716158 0)
(0.0251114 -0.0128772 0)
(0.0408918 -0.0192423 0)
(0.0539412 -0.0462417 0)
(0.0510763 -0.0831644 0)
(-1.20959e-05 -1.35515e-05 0)
(-9.31619e-06 -9.95603e-06 0)
(-6.6209e-06 -7.41194e-06 0)
(-4.03441e-06 -5.70855e-06 0)
(-1.47554e-06 -4.70112e-06 0)
(1.19747e-06 -4.30338e-06 0)
(4.2451e-06 -4.46962e-06 0)
(8.02975e-06 -5.24543e-06 0)
(1.30094e-05 -6.7432e-06 0)
(1.98403e-05 -9.16981e-06 0)
(2.94504e-05 -1.28591e-05 0)
(4.31626e-05 -1.83181e-05 0)
(6.28793e-05 -2.62973e-05 0)
(9.13367e-05 -3.78961e-05 0)
(0.000132508 -5.47045e-05 0)
(0.000192122 -7.90357e-05 0)
(0.000278511 -0.000114186 0)
(0.000403772 -0.000164885 0)
(0.000585545 -0.000237718 0)
(0.000850162 -0.000341661 0)
(0.0012373 -0.000489762 0)
(0.00180714 -0.000703002 0)
(0.00264508 -0.00101475 0)
(0.00389137 -0.0014797 0)
(0.00566312 -0.0022008 0)
(0.00848409 -0.00326782 0)
(0.0118301 -0.00511675 0)
(0.0186121 -0.00746194 0)
(0.0248431 -0.0133278 0)
(0.0401613 -0.0198612 0)
(0.0525707 -0.046437 0)
(0.0497261 -0.0822082 0)
(-1.19123e-05 -1.36711e-05 0)
(-9.18316e-06 -1.00753e-05 0)
(-6.52882e-06 -7.52615e-06 0)
(-3.97569e-06 -5.81922e-06 0)
(-1.44525e-06 -4.81373e-06 0)
(1.20211e-06 -4.42735e-06 0)
(4.22399e-06 -4.61717e-06 0)
(7.97935e-06 -5.43427e-06 0)
(1.29226e-05 -6.99771e-06 0)
(1.97051e-05 -9.52427e-06 0)
(2.92483e-05 -1.33621e-05 0)
(4.28657e-05 -1.90391e-05 0)
(6.24468e-05 -2.73365e-05 0)
(9.07091e-05 -3.93981e-05 0)
(0.000131599 -5.68787e-05 0)
(0.000190808 -8.21856e-05 0)
(0.000276614 -0.000118752 0)
(0.000401042 -0.000171507 0)
(0.000581636 -0.000247336 0)
(0.000844584 -0.000355692 0)
(0.0012293 -0.000510359 0)
(0.0017955 -0.000733341 0)
(0.00262787 -0.00105957 0)
(0.00386512 -0.00154564 0)
(0.00562351 -0.00229743 0)
(0.00841979 -0.00340745 0)
(0.0117373 -0.00532323 0)
(0.0184324 -0.00775828 0)
(0.0245685 -0.0137663 0)
(0.0394369 -0.0204588 0)
(0.0512341 -0.0466177 0)
(0.0484117 -0.0812807 0)
(-1.1729e-05 -1.37883e-05 0)
(-9.05002e-06 -1.01927e-05 0)
(-6.43655e-06 -7.63877e-06 0)
(-3.91693e-06 -5.92856e-06 0)
(-1.41525e-06 -4.92518e-06 0)
(1.20599e-06 -4.55019e-06 0)
(4.20149e-06 -4.76351e-06 0)
(7.92664e-06 -5.62166e-06 0)
(1.28323e-05 -7.25037e-06 0)
(1.95646e-05 -9.87618e-06 0)
(2.90383e-05 -1.38615e-05 0)
(4.25573e-05 -1.9755e-05 0)
(6.19975e-05 -2.83684e-05 0)
(9.00571e-05 -4.08896e-05 0)
(0.000130655 -5.90378e-05 0)
(0.000189442 -8.53136e-05 0)
(0.000274642 -0.000123287 0)
(0.000398202 -0.000178084 0)
(0.000577567 -0.000256891 0)
(0.000838769 -0.000369632 0)
(0.00122094 -0.000530824 0)
(0.00178335 -0.000763478 0)
(0.00260989 -0.00110407 0)
(0.00383775 -0.0016111 0)
(0.00558239 -0.00239309 0)
(0.00835312 -0.00354585 0)
(0.0116411 -0.00552727 0)
(0.0182477 -0.00805055 0)
(0.0242877 -0.0141933 0)
(0.0387187 -0.0210358 0)
(0.0499303 -0.0467845 0)
(0.0471321 -0.080381 0)
(-1.1546e-05 -1.39031e-05 0)
(-8.91679e-06 -1.0308e-05 0)
(-6.34412e-06 -7.74978e-06 0)
(-3.85815e-06 -6.03657e-06 0)
(-1.38555e-06 -5.03543e-06 0)
(1.20911e-06 -4.67188e-06 0)
(4.17758e-06 -4.90861e-06 0)
(7.87163e-06 -5.80756e-06 0)
(1.27383e-05 -7.50109e-06 0)
(1.94188e-05 -1.02255e-05 0)
(2.88204e-05 -1.43572e-05 0)
(4.22374e-05 -2.04657e-05 0)
(6.15314e-05 -2.93927e-05 0)
(8.93807e-05 -4.23702e-05 0)
(0.000129675 -6.1181e-05 0)
(0.000188025 -8.84189e-05 0)
(0.000272595 -0.000127788 0)
(0.000395255 -0.000184615 0)
(0.000573339 -0.000266379 0)
(0.000832719 -0.000383479 0)
(0.00121224 -0.000551148 0)
(0.00177068 -0.000793403 0)
(0.00259116 -0.00114824 0)
(0.00380929 -0.00167604 0)
(0.00553969 -0.00248796 0)
(0.00828412 -0.00368299 0)
(0.0115416 -0.00572881 0)
(0.0180583 -0.00833868 0)
(0.0240011 -0.0146088 0)
(0.0380067 -0.0215927 0)
(0.0486582 -0.0469383 0)
(0.045886 -0.0795082 0)
(-1.13633e-05 -1.40154e-05 0)
(-8.78349e-06 -1.04214e-05 0)
(-6.25154e-06 -7.85919e-06 0)
(-3.79936e-06 -6.14322e-06 0)
(-1.35614e-06 -5.14448e-06 0)
(1.21148e-06 -4.79239e-06 0)
(4.15229e-06 -5.05242e-06 0)
(7.81435e-06 -5.99193e-06 0)
(1.26409e-05 -7.74982e-06 0)
(1.92676e-05 -1.0572e-05 0)
(2.85947e-05 -1.4849e-05 0)
(4.1906e-05 -2.11709e-05 0)
(6.10487e-05 -3.04091e-05 0)
(8.86802e-05 -4.38395e-05 0)
(0.00012866 -6.3308e-05 0)
(0.000186557 -9.15007e-05 0)
(0.000270475 -0.000132256 0)
(0.000392199 -0.000191098 0)
(0.000568953 -0.0002758 0)
(0.000826435 -0.000397227 0)
(0.00120319 -0.000571328 0)
(0.00175749 -0.000823108 0)
(0.00257166 -0.00119206 0)
(0.00377979 -0.00174032 0)
(0.00549543 -0.00258195 0)
(0.00821283 -0.00381881 0)
(0.0114389 -0.00592782 0)
(0.0178642 -0.00862261 0)
(0.0237091 -0.0150132 0)
(0.0373008 -0.02213 0)
(0.0474168 -0.0470798 0)
(0.0446722 -0.0786614 0)
(-1.11809e-05 -1.41254e-05 0)
(-8.65014e-06 -1.05328e-05 0)
(-6.15882e-06 -7.96699e-06 0)
(-3.74056e-06 -6.24851e-06 0)
(-1.32704e-06 -5.25229e-06 0)
(1.2131e-06 -4.9117e-06 0)
(4.12563e-06 -5.19492e-06 0)
(7.7548e-06 -6.17472e-06 0)
(1.254e-05 -7.99649e-06 0)
(1.91113e-05 -1.09158e-05 0)
(2.83613e-05 -1.53369e-05 0)
(4.15634e-05 -2.18704e-05 0)
(6.05495e-05 -3.14174e-05 0)
(8.79557e-05 -4.5297e-05 0)
(0.000127611 -6.5418e-05 0)
(0.000185039 -9.45581e-05 0)
(0.000268281 -0.000136689 0)
(0.000389037 -0.00019753 0)
(0.000564411 -0.000285149 0)
(0.000819919 -0.000410873 0)
(0.00119379 -0.000591356 0)
(0.00174379 -0.000852585 0)
(0.00255142 -0.00123553 0)
(0.00374909 -0.00180424 0)
(0.00544964 -0.00267505 0)
(0.00813928 -0.00395329 0)
(0.0113331 -0.00612423 0)
(0.0176658 -0.0089023 0)
(0.0234119 -0.0154067 0)
(0.0366012 -0.0226484 0)
(0.0462052 -0.0472098 0)
(0.0434896 -0.07784 0)
(-1.09989e-05 -1.4233e-05 0)
(-8.51675e-06 -1.06422e-05 0)
(-6.06597e-06 -8.07318e-06 0)
(-3.68177e-06 -6.35243e-06 0)
(-1.29824e-06 -5.35887e-06 0)
(1.21397e-06 -5.0298e-06 0)
(4.09759e-06 -5.33608e-06 0)
(7.693e-06 -6.35588e-06 0)
(1.24355e-05 -8.24104e-06 0)
(1.89497e-05 -1.12566e-05 0)
(2.81202e-05 -1.58207e-05 0)
(4.12095e-05 -2.25641e-05 0)
(6.0034e-05 -3.24174e-05 0)
(8.72074e-05 -4.67424e-05 0)
(0.000126526 -6.75105e-05 0)
(0.00018347 -9.75902e-05 0)
(0.000266015 -0.000141086 0)
(0.000385769 -0.00020391 0)
(0.000559712 -0.000294424 0)
(0.000813172 -0.000424413 0)
(0.00118405 -0.000611226 0)
(0.00172959 -0.000881824 0)
(0.00253044 -0.00127862 0)
(0.00371738 -0.00186744 0)
(0.00540233 -0.00276724 0)
(0.00806351 -0.00408638 0)
(0.0112241 -0.00631802 0)
(0.0174631 -0.00917768 0)
(0.0231099 -0.0157896 0)
(0.0359076 -0.0231484 0)
(0.0450223 -0.047329 0)
(0.042337 -0.0770431 0)
(-1.08173e-05 -1.43383e-05 0)
(-8.38333e-06 -1.07497e-05 0)
(-5.97301e-06 -8.17776e-06 0)
(-3.62299e-06 -6.45498e-06 0)
(-1.26975e-06 -5.46417e-06 0)
(1.21409e-06 -5.14666e-06 0)
(4.06819e-06 -5.47586e-06 0)
(7.62897e-06 -6.53536e-06 0)
(1.23277e-05 -8.4834e-06 0)
(1.8783e-05 -1.15944e-05 0)
(2.78715e-05 -1.63003e-05 0)
(4.08445e-05 -2.32518e-05 0)
(5.95022e-05 -3.34086e-05 0)
(8.64356e-05 -4.81753e-05 0)
(0.000125408 -6.9585e-05 0)
(0.000181852 -0.000100596 0)
(0.000263676 -0.000145445 0)
(0.000382396 -0.000210237 0)
(0.00055486 -0.000303622 0)
(0.000806197 -0.000437842 0)
(0.00117398 -0.000630932 0)
(0.00171488 -0.000910816 0)
(0.00250873 -0.00132133 0)
(0.00368462 -0.00193009 0)
(0.00535351 -0.00285849 0)
(0.00798556 -0.00421805 0)
(0.0111121 -0.00650915 0)
(0.0172564 -0.00944872 0)
(0.0228033 -0.0161621 0)
(0.0352202 -0.0236305 0)
(0.0438672 -0.047438 0)
(0.0412136 -0.0762699 0)
(-1.0636e-05 -1.44413e-05 0)
(-8.2499e-06 -1.08553e-05 0)
(-5.87994e-06 -8.28073e-06 0)
(-3.56423e-06 -6.55614e-06 0)
(-1.24157e-06 -5.56817e-06 0)
(1.21346e-06 -5.26228e-06 0)
(4.03744e-06 -5.61423e-06 0)
(7.56273e-06 -6.71313e-06 0)
(1.22164e-05 -8.72351e-06 0)
(1.86111e-05 -1.19291e-05 0)
(2.76153e-05 -1.67755e-05 0)
(4.04685e-05 -2.39332e-05 0)
(5.89544e-05 -3.43909e-05 0)
(8.56405e-05 -4.95953e-05 0)
(0.000124256 -7.16409e-05 0)
(0.000180184 -0.000103576 0)
(0.000261266 -0.000149765 0)
(0.000378918 -0.000216508 0)
(0.000549854 -0.000312742 0)
(0.000798995 -0.000451157 0)
(0.00116357 -0.00065047 0)
(0.00169968 -0.000939553 0)
(0.00248629 -0.00136365 0)
(0.00365081 -0.00199212 0)
(0.00530321 -0.00294878 0)
(0.00790546 -0.00434827 0)
(0.0109971 -0.00669758 0)
(0.0170458 -0.00971539 0)
(0.0224925 -0.0165245 0)
(0.0345389 -0.0240953 0)
(0.042739 -0.0475375 0)
(0.0401182 -0.0755198 0)
(-1.04552e-05 -1.45421e-05 0)
(-8.11648e-06 -1.09589e-05 0)
(-5.78679e-06 -8.38209e-06 0)
(-3.5055e-06 -6.6559e-06 0)
(-1.2137e-06 -5.67096e-06 0)
(1.21209e-06 -5.37653e-06 0)
(4.00534e-06 -5.75116e-06 0)
(7.49429e-06 -6.88914e-06 0)
(1.21018e-05 -8.9613e-06 0)
(1.84342e-05 -1.22607e-05 0)
(2.73516e-05 -1.72463e-05 0)
(4.00815e-05 -2.46082e-05 0)
(5.83907e-05 -3.5364e-05 0)
(8.48222e-05 -5.1002e-05 0)
(0.00012307 -7.36776e-05 0)
(0.000178468 -0.000106527 0)
(0.000258785 -0.000154046 0)
(0.000375336 -0.000222722 0)
(0.000544696 -0.000321779 0)
(0.000791568 -0.000464353 0)
(0.00115282 -0.000669832 0)
(0.00168399 -0.000968028 0)
(0.00246314 -0.00140556 0)
(0.00361596 -0.00205353 0)
(0.00525144 -0.00303809 0)
(0.00782326 -0.00447701 0)
(0.0108792 -0.00688327 0)
(0.0168314 -0.00997766 0)
(0.0221776 -0.0168769 0)
(0.0338637 -0.0245434 0)
(0.0416369 -0.047628 0)
(0.03905 -0.074792 0)
(-1.02747e-05 -1.46406e-05 0)
(-7.98309e-06 -1.10607e-05 0)
(-5.69356e-06 -8.48183e-06 0)
(-3.4468e-06 -6.75426e-06 0)
(-1.18615e-06 -5.77255e-06 0)
(1.20999e-06 -5.48936e-06 0)
(3.97192e-06 -5.88661e-06 0)
(7.42368e-06 -7.06334e-06 0)
(1.19838e-05 -9.19672e-06 0)
(1.82523e-05 -1.2589e-05 0)
(2.70805e-05 -1.77124e-05 0)
(3.96837e-05 -2.52767e-05 0)
(5.78112e-05 -3.63277e-05 0)
(8.39809e-05 -5.23951e-05 0)
(0.000121851 -7.56945e-05 0)
(0.000176703 -0.00010945 0)
(0.000256233 -0.000158285 0)
(0.000371652 -0.000228877 0)
(0.000539388 -0.000330732 0)
(0.000783919 -0.000477428 0)
(0.00114175 -0.000689013 0)
(0.00166781 -0.00099623 0)
(0.00243928 -0.00144705 0)
(0.0035801 -0.00211429 0)
(0.00519822 -0.00312638 0)
(0.00773898 -0.00460422 0)
(0.0107584 -0.00706621 0)
(0.0166135 -0.0102355 0)
(0.021859 -0.0172196 0)
(0.0331944 -0.0249752 0)
(0.0405599 -0.04771 0)
(0.0380079 -0.0740859 0)
(-1.00947e-05 -1.47369e-05 0)
(-7.84972e-06 -1.11605e-05 0)
(-5.60026e-06 -8.57995e-06 0)
(-3.38815e-06 -6.85121e-06 0)
(-1.15891e-06 -5.87287e-06 0)
(1.20715e-06 -5.60082e-06 0)
(3.93717e-06 -6.02056e-06 0)
(7.35092e-06 -7.23569e-06 0)
(1.18624e-05 -9.4297e-06 0)
(1.80653e-05 -1.29139e-05 0)
(2.6802e-05 -1.81738e-05 0)
(3.92752e-05 -2.59384e-05 0)
(5.72161e-05 -3.72816e-05 0)
(8.3117e-05 -5.37741e-05 0)
(0.000120599 -7.76912e-05 0)
(0.00017489 -0.000112344 0)
(0.000253612 -0.000162482 0)
(0.000367867 -0.000234971 0)
(0.00053393 -0.000339598 0)
(0.000776049 -0.000490376 0)
(0.00113035 -0.000708008 0)
(0.00165116 -0.00102415 0)
(0.00241471 -0.00148812 0)
(0.00354323 -0.00217439 0)
(0.00514357 -0.00321365 0)
(0.00765267 -0.00472987 0)
(0.0106349 -0.00724635 0)
(0.0163922 -0.0104889 0)
(0.0215368 -0.0175528 0)
(0.0325312 -0.0253914 0)
(0.0395073 -0.0477841 0)
(0.0369912 -0.0734009 0)
(-9.91516e-06 -1.4831e-05 0)
(-7.7164e-06 -1.12585e-05 0)
(-5.5069e-06 -8.67646e-06 0)
(-3.32955e-06 -6.94674e-06 0)
(-1.13199e-06 -5.97187e-06 0)
(1.20359e-06 -5.71088e-06 0)
(3.9011e-06 -6.15297e-06 0)
(7.27602e-06 -7.40615e-06 0)
(1.17378e-05 -9.66019e-06 0)
(1.78735e-05 -1.32354e-05 0)
(2.65163e-05 -1.86303e-05 0)
(3.88561e-05 -2.65931e-05 0)
(5.66055e-05 -3.82255e-05 0)
(8.22306e-05 -5.51387e-05 0)
(0.000119314 -7.96671e-05 0)
(0.00017303 -0.000115208 0)
(0.000250922 -0.000166636 0)
(0.000363981 -0.000241003 0)
(0.000528325 -0.000348374 0)
(0.000767961 -0.000503194 0)
(0.00111863 -0.000726811 0)
(0.00163402 -0.00105179 0)
(0.00238945 -0.00152874 0)
(0.00350536 -0.00223382 0)
(0.00508751 -0.00329987 0)
(0.00756437 -0.00485395 0)
(0.0105086 -0.00742369 0)
(0.0161676 -0.0107377 0)
(0.0212114 -0.0178768 0)
(0.0318738 -0.0257923 0)
(0.0384783 -0.0478507 0)
(0.0359989 -0.0727363 0)
(-9.73605e-06 -1.49229e-05 0)
(-7.58314e-06 -1.13545e-05 0)
(-5.4135e-06 -8.77135e-06 0)
(-3.271e-06 -7.04084e-06 0)
(-1.10538e-06 -6.06955e-06 0)
(1.19931e-06 -5.81954e-06 0)
(3.86374e-06 -6.28382e-06 0)
(7.199e-06 -7.57467e-06 0)
(1.16099e-05 -9.88812e-06 0)
(1.76768e-05 -1.35534e-05 0)
(2.62234e-05 -1.90819e-05 0)
(3.84264e-05 -2.72407e-05 0)
(5.59796e-05 -3.91591e-05 0)
(8.1322e-05 -5.64886e-05 0)
(0.000117997 -8.16216e-05 0)
(0.000171123 -0.00011804 0)
(0.000248163 -0.000170746 0)
(0.000359995 -0.000246971 0)
(0.000522574 -0.000357058 0)
(0.000759658 -0.000515878 0)
(0.00110659 -0.000745416 0)
(0.00161642 -0.00107912 0)
(0.00236351 -0.00156891 0)
(0.00346651 -0.00229255 0)
(0.00503006 -0.00338502 0)
(0.0074741 -0.00497641 0)
(0.0103796 -0.00759818 0)
(0.0159398 -0.0109821 0)
(0.0208828 -0.0181917 0)
(0.0312223 -0.0261786 0)
(0.037472 -0.0479103 0)
(0.0350301 -0.0720915 0)
(-9.55741e-06 -1.50127e-05 0)
(-7.44995e-06 -1.14487e-05 0)
(-5.32006e-06 -8.86462e-06 0)
(-3.21252e-06 -7.1335e-06 0)
(-1.07909e-06 -6.16589e-06 0)
(1.19431e-06 -5.92679e-06 0)
(3.82508e-06 -6.41307e-06 0)
(7.1199e-06 -7.74122e-06 0)
(1.14788e-05 -1.01134e-05 0)
(1.74753e-05 -1.38677e-05 0)
(2.59235e-05 -1.95284e-05 0)
(3.79864e-05 -2.7881e-05 0)
(5.53386e-05 -4.00823e-05 0)
(8.03914e-05 -5.78232e-05 0)
(0.000116648 -8.35542e-05 0)
(0.00016917 -0.000120842 0)
(0.000245337 -0.00017481 0)
(0.000355911 -0.000252873 0)
(0.000516677 -0.000365648 0)
(0.00075114 -0.000528425 0)
(0.00109423 -0.000763817 0)
(0.00159836 -0.00110616 0)
(0.00233689 -0.00160861 0)
(0.0034267 -0.00235058 0)
(0.00497124 -0.00346908 0)
(0.00738193 -0.00509723 0)
(0.0102481 -0.00776982 0)
(0.015709 -0.011222 0)
(0.0205514 -0.0184978 0)
(0.0305765 -0.0265507 0)
(0.0364879 -0.0479634 0)
(0.0340842 -0.0714659 0)
(-9.37925e-06 -1.51004e-05 0)
(-7.31684e-06 -1.1541e-05 0)
(-5.22659e-06 -8.95627e-06 0)
(-3.15411e-06 -7.22471e-06 0)
(-1.05312e-06 -6.26086e-06 0)
(1.1886e-06 -6.0326e-06 0)
(3.78515e-06 -6.54069e-06 0)
(7.03872e-06 -7.90575e-06 0)
(1.13446e-05 -1.03361e-05 0)
(1.7269e-05 -1.41784e-05 0)
(2.56165e-05 -1.99696e-05 0)
(3.75361e-05 -2.85139e-05 0)
(5.46827e-05 -4.09947e-05 0)
(7.9439e-05 -5.91424e-05 0)
(0.000115267 -8.54645e-05 0)
(0.000167171 -0.000123611 0)
(0.000242444 -0.000178827 0)
(0.000351729 -0.000258708 0)
(0.000510638 -0.000374141 0)
(0.000742411 -0.000540831 0)
(0.00108157 -0.000782011 0)
(0.00157983 -0.00113288 0)
(0.00230961 -0.00164785 0)
(0.00338593 -0.00240789 0)
(0.00491108 -0.00355203 0)
(0.00728787 -0.00521638 0)
(0.010114 -0.00793858 0)
(0.0154754 -0.0114574 0)
(0.0202173 -0.0187952 0)
(0.0299365 -0.026909 0)
(0.035525 -0.0480102 0)
(0.0331604 -0.0708592 0)
(-9.20157e-06 -1.5186e-05 0)
(-7.18382e-06 -1.16315e-05 0)
(-5.1331e-06 -9.0463e-06 0)
(-3.09577e-06 -7.31448e-06 0)
(-1.02746e-06 -6.35445e-06 0)
(1.18219e-06 -6.13695e-06 0)
(3.74395e-06 -6.66666e-06 0)
(6.9555e-06 -8.06821e-06 0)
(1.12071e-05 -1.0556e-05 0)
(1.7058e-05 -1.44852e-05 0)
(2.53025e-05 -2.04055e-05 0)
(3.70757e-05 -2.91391e-05 0)
(5.4012e-05 -4.18962e-05 0)
(7.84652e-05 -6.04457e-05 0)
(0.000113855 -8.73518e-05 0)
(0.000165126 -0.000126346 0)
(0.000239485 -0.000182796 0)
(0.000347451 -0.000264474 0)
(0.000504457 -0.000382534 0)
(0.000733474 -0.000553092 0)
(0.00106859 -0.00079999 0)
(0.00156085 -0.00115928 0)
(0.00228168 -0.00168659 0)
(0.00334422 -0.00246446 0)
(0.00484958 -0.00363385 0)
(0.00719197 -0.00533384 0)
(0.00997749 -0.00810444 0)
(0.015239 -0.0116883 0)
(0.0198807 -0.0190841 0)
(0.029302 -0.0272541 0)
(0.0345826 -0.0480512 0)
(0.0322574 -0.0702708 0)
(-9.02438e-06 -1.52695e-05 0)
(-7.0509e-06 -1.17201e-05 0)
(-5.0396e-06 -9.13471e-06 0)
(-3.03751e-06 -7.40278e-06 0)
(-1.00211e-06 -6.44664e-06 0)
(1.17508e-06 -6.23983e-06 0)
(3.7015e-06 -6.79095e-06 0)
(6.87026e-06 -8.22858e-06 0)
(1.10666e-05 -1.07731e-05 0)
(1.68424e-05 -1.47883e-05 0)
(2.49817e-05 -2.08359e-05 0)
(3.66053e-05 -2.97565e-05 0)
(5.33267e-05 -4.27864e-05 0)
(7.74701e-05 -6.17328e-05 0)
(0.000112413 -8.92156e-05 0)
(0.000163037 -0.000129048 0)
(0.000236461 -0.000186716 0)
(0.000343077 -0.000270169 0)
(0.000498137 -0.000390825 0)
(0.000724329 -0.000565205 0)
(0.00105531 -0.000817751 0)
(0.00154143 -0.00118536 0)
(0.00225307 -0.00172485 0)
(0.00330159 -0.00252028 0)
(0.00478678 -0.00371452 0)
(0.00709427 -0.00544957 0)
(0.00983853 -0.00826739 0)
(0.015 -0.0119146 0)
(0.0195418 -0.0193648 0)
(0.0286732 -0.0275863 0)
(0.0336601 -0.0480868 0)
(0.0313741 -0.0696995 0)
(-8.84768e-06 -1.5351e-05 0)
(-6.9181e-06 -1.18069e-05 0)
(-4.9461e-06 -9.2215e-06 0)
(-2.97934e-06 -7.48962e-06 0)
(-9.77083e-07 -6.53743e-06 0)
(1.16727e-06 -6.34122e-06 0)
(3.65781e-06 -6.91352e-06 0)
(6.78302e-06 -8.38681e-06 0)
(1.0923e-05 -1.09873e-05 0)
(1.66221e-05 -1.50873e-05 0)
(2.46542e-05 -2.12608e-05 0)
(3.6125e-05 -3.0366e-05 0)
(5.26269e-05 -4.36651e-05 0)
(7.64541e-05 -6.30033e-05 0)
(0.00011094 -9.10555e-05 0)
(0.000160903 -0.000131715 0)
(0.000233373 -0.000190586 0)
(0.00033861 -0.000275792 0)
(0.000491678 -0.000399012 0)
(0.000714981 -0.000577167 0)
(0.00104173 -0.000835288 0)
(0.00152156 -0.00121111 0)
(0.00222383 -0.00176261 0)
(0.00325804 -0.00257534 0)
(0.00472269 -0.00379403 0)
(0.00699481 -0.00556356 0)
(0.0096972 -0.00842741 0)
(0.0147585 -0.0121365 0)
(0.0192009 -0.0196373 0)
(0.0280504 -0.0279063 0)
(0.0327582 -0.0481171 0)
(0.0305123 -0.0691443 0)
(-8.6715e-06 -1.54305e-05 0)
(-6.78541e-06 -1.18919e-05 0)
(-4.8526e-06 -9.30666e-06 0)
(-2.92125e-06 -7.57498e-06 0)
(-9.5237e-07 -6.62679e-06 0)
(1.15879e-06 -6.4411e-06 0)
(3.61289e-06 -7.03436e-06 0)
(6.69381e-06 -8.54286e-06 0)
(1.07764e-05 -1.11987e-05 0)
(1.63974e-05 -1.53824e-05 0)
(2.432e-05 -2.168e-05 0)
(3.56349e-05 -3.09673e-05 0)
(5.1913e-05 -4.45321e-05 0)
(7.54175e-05 -6.42569e-05 0)
(0.000109437 -9.28709e-05 0)
(0.000158726 -0.000134347 0)
(0.000230221 -0.000194405 0)
(0.00033405 -0.000281341 0)
(0.000485083 -0.000407091 0)
(0.000705433 -0.00058897 0)
(0.00102785 -0.000852589 0)
(0.00150127 -0.00123649 0)
(0.00219402 -0.00179978 0)
(0.0032136 -0.0026296 0)
(0.00465733 -0.00387235 0)
(0.00689363 -0.00567575 0)
(0.00955358 -0.0085845 0)
(0.0145147 -0.0123537 0)
(0.018858 -0.019902 0)
(0.0274342 -0.028214 0)
(0.0318784 -0.0481428 0)
(0.0296745 -0.0686079 0)
(-8.49582e-06 -1.55081e-05 0)
(-6.65284e-06 -1.1975e-05 0)
(-4.75911e-06 -9.39021e-06 0)
(-2.86326e-06 -7.65885e-06 0)
(-9.2797e-07 -6.7147e-06 0)
(1.14962e-06 -6.53945e-06 0)
(3.56677e-06 -7.15342e-06 0)
(6.60264e-06 -8.69669e-06 0)
(1.06268e-05 -1.14071e-05 0)
(1.61681e-05 -1.56734e-05 0)
(2.39791e-05 -2.20934e-05 0)
(3.51351e-05 -3.15603e-05 0)
(5.1185e-05 -4.53871e-05 0)
(7.43604e-05 -6.54932e-05 0)
(0.000107904 -9.46614e-05 0)
(0.000156505 -0.000136943 0)
(0.000227005 -0.000198172 0)
(0.000329397 -0.000286815 0)
(0.000478351 -0.000415064 0)
(0.00069568 -0.00060062 0)
(0.00101367 -0.00086967 0)
(0.00148051 -0.00126156 0)
(0.00216342 -0.00183657 0)
(0.0031682 -0.00268312 0)
(0.0045907 -0.00394948 0)
(0.00679073 -0.00578617 0)
(0.00940773 -0.00873863 0)
(0.0142686 -0.0125664 0)
(0.0185132 -0.020159 0)
(0.0268221 -0.0285101 0)
(0.0310123 -0.0481647 0)
(0.0288475 -0.0680937 0)
(-8.32066e-06 -1.55836e-05 0)
(-6.52042e-06 -1.20564e-05 0)
(-4.66565e-06 -9.47214e-06 0)
(-2.80536e-06 -7.74124e-06 0)
(-9.03883e-07 -6.80117e-06 0)
(1.13978e-06 -6.63625e-06 0)
(3.51945e-06 -7.2707e-06 0)
(6.50956e-06 -8.84827e-06 0)
(1.04742e-05 -1.16125e-05 0)
(1.59345e-05 -1.59602e-05 0)
(2.36318e-05 -2.25009e-05 0)
(3.46259e-05 -3.21448e-05 0)
(5.04432e-05 -4.623e-05 0)
(7.32831e-05 -6.6712e-05 0)
(0.000106342 -9.64265e-05 0)
(0.000154242 -0.000139502 0)
(0.000223728 -0.000201886 0)
(0.000324654 -0.000292212 0)
(0.000471488 -0.000422923 0)
(0.000685737 -0.000612102 0)
(0.000999214 -0.000886498 0)
(0.00145936 -0.00128625 0)
(0.00213233 -0.00187274 0)
(0.00312198 -0.00273577 0)
(0.00452281 -0.00402537 0)
(0.00668613 -0.0058947 0)
(0.00925964 -0.00888958 0)
(0.0140197 -0.0127741 0)
(0.0181658 -0.0204071 0)
(0.0262084 -0.028793 0)
(0.0301356 -0.0481833 0)
(0.0280024 -0.0675943 0)
(-8.14602e-06 -1.56573e-05 0)
(-6.38813e-06 -1.2136e-05 0)
(-4.5722e-06 -9.55245e-06 0)
(-2.74757e-06 -7.82213e-06 0)
(-8.80108e-07 -6.88616e-06 0)
(1.12928e-06 -6.73148e-06 0)
(3.47096e-06 -7.38615e-06 0)
(6.41458e-06 -8.99754e-06 0)
(1.03187e-05 -1.18148e-05 0)
(1.56965e-05 -1.62427e-05 0)
(2.32781e-05 -2.29023e-05 0)
(3.41073e-05 -3.27207e-05 0)
(4.96877e-05 -4.70604e-05 0)
(7.21861e-05 -6.79124e-05 0)
(0.000104751 -9.81649e-05 0)
(0.000151937 -0.000142022 0)
(0.000220391 -0.000205542 0)
(0.000319822 -0.000297524 0)
(0.000464494 -0.000430658 0)
(0.000675599 -0.000623401 0)
(0.000984471 -0.000903049 0)
(0.00143781 -0.0013105 0)
(0.0021008 -0.00190811 0)
(0.00307485 -0.00278782 0)
(0.00445362 -0.00410028 0)
(0.00657953 -0.0060017 0)
(0.0091084 -0.00903838 0)
(0.0137649 -0.0129778 0)
(0.0178084 -0.0206499 0)
(0.0255691 -0.0290686 0)
(0.0292267 -0.0481944 0)
(0.0271434 -0.0670937 0)
(-7.97189e-06 -1.57291e-05 0)
(-6.25599e-06 -1.22139e-05 0)
(-4.47879e-06 -9.6312e-06 0)
(-2.68987e-06 -7.90159e-06 0)
(-8.56642e-07 -6.96976e-06 0)
(1.11813e-06 -6.82524e-06 0)
(3.4213e-06 -7.49989e-06 0)
(6.31773e-06 -9.14468e-06 0)
(1.01604e-05 -1.20143e-05 0)
(1.54542e-05 -1.65213e-05 0)
(2.2918e-05 -2.32983e-05 0)
(3.35793e-05 -3.32888e-05 0)
(4.89184e-05 -4.78796e-05 0)
(7.10683e-05 -6.90973e-05 0)
(0.000103129 -9.98816e-05 0)
(0.000149585 -0.000144512 0)
(0.00021698 -0.000209159 0)
(0.000314878 -0.000302784 0)
(0.000457326 -0.000438326 0)
(0.000665189 -0.000634614 0)
(0.000969296 -0.0009195 0)
(0.00141554 -0.00133467 0)
(0.0020678 -0.00194368 0)
(0.00302751 -0.00283858 0)
(0.00438404 -0.00417338 0)
(0.00647185 -0.00610656 0)
(0.00895643 -0.00918315 0)
(0.0135036 -0.0131798 0)
(0.0174465 -0.0208858 0)
(0.0249262 -0.0293349 0)
(0.0283474 -0.0481967 0)
(0.026324 -0.0666034 0)
(-7.46545e-06 -1.59241e-05 0)
(-5.87093e-06 -1.24274e-05 0)
(-4.20639e-06 -9.84853e-06 0)
(-2.52187e-06 -8.12198e-06 0)
(-7.89087e-07 -7.20256e-06 0)
(1.08368e-06 -7.08716e-06 0)
(3.27307e-06 -7.81845e-06 0)
(6.02981e-06 -9.55746e-06 0)
(9.69017e-06 -1.25744e-05 0)
(1.47351e-05 -1.7304e-05 0)
(2.18496e-05 -2.44108e-05 0)
(3.20131e-05 -3.4885e-05 0)
(4.66371e-05 -5.01815e-05 0)
(6.7756e-05 -7.24257e-05 0)
(9.83265e-05 -0.000104702 0)
(0.000142628 -0.000151499 0)
(0.000206909 -0.000219299 0)
(0.000300303 -0.00031752 0)
(0.000436233 -0.000459785 0)
(0.000634619 -0.000665958 0)
(0.000924849 -0.000965398 0)
(0.00135058 -0.0014019 0)
(0.0019725 -0.00204184 0)
(0.00288498 -0.00298226 0)
(0.00417557 -0.00437961 0)
(0.00615375 -0.00640016 0)
(0.00850819 -0.00958688 0)
(0.0127759 -0.0137261 0)
(0.0164495 -0.0215144 0)
(0.0232872 -0.0300177 0)
(0.0261616 -0.0482104 0)
(0.0242351 -0.0653725 0)
(-6.63847e-06 -1.62209e-05 0)
(-5.23673e-06 -1.27556e-05 0)
(-3.75621e-06 -1.01846e-05 0)
(-2.24618e-06 -8.46419e-06 0)
(-6.84334e-07 -7.56502e-06 0)
(1.01179e-06 -7.49566e-06 0)
(3.0014e-06 -8.31585e-06 0)
(5.51098e-06 -1.02024e-05 0)
(8.84714e-06 -1.34499e-05 0)
(1.34482e-05 -1.85276e-05 0)
(1.99386e-05 -2.61502e-05 0)
(2.92122e-05 -3.73808e-05 0)
(4.2557e-05 -5.37809e-05 0)
(6.183e-05 -7.76313e-05 0)
(8.97307e-05 -0.000112243 0)
(0.000130169 -0.000162436 0)
(0.000188854 -0.00023518 0)
(0.00027414 -0.000340614 0)
(0.000398307 -0.000493441 0)
(0.000579557 -0.000715144 0)
(0.000844685 -0.00103745 0)
(0.00123336 -0.00150744 0)
(0.00180062 -0.00219605 0)
(0.00263084 -0.00320577 0)
(0.00380438 -0.00470004 0)
(0.00559046 -0.00685696 0)
(0.00771665 -0.0102103 0)
(0.011503 -0.0145761 0)
(0.0147231 -0.022475 0)
(0.0205312 -0.0310507 0)
(0.0226437 -0.0481684 0)
(0.0209427 -0.0634087 0)
(-5.82365e-06 -1.64764e-05 0)
(-4.60684e-06 -1.30429e-05 0)
(-3.30769e-06 -1.04816e-05 0)
(-1.97328e-06 -8.76852e-06 0)
(-5.86261e-07 -7.88878e-06 0)
(9.26447e-07 -7.86162e-06 0)
(2.70623e-06 -8.76234e-06 0)
(4.95465e-06 -1.0782e-05 0)
(7.94673e-06 -1.42372e-05 0)
(1.20755e-05 -1.96282e-05 0)
(1.79014e-05 -2.77148e-05 0)
(2.62268e-05 -3.96261e-05 0)
(3.8208e-05 -5.70192e-05 0)
(5.55132e-05 -8.23144e-05 0)
(8.05669e-05 -0.000119027 0)
(0.000116883 -0.000172275 0)
(0.000169595 -0.000249467 0)
(0.000246218 -0.000361393 0)
(0.000357796 -0.000523727 0)
(0.000520688 -0.000759404 0)
(0.000758913 -0.00110225 0)
(0.00110792 -0.00160231 0)
(0.0016169 -0.00233437 0)
(0.00236067 -0.00340599 0)
(0.00341097 -0.00498589 0)
(0.00499966 -0.0072619 0)
(0.00689081 -0.0107557 0)
(0.0102051 -0.0153075 0)
(0.0129951 -0.0232712 0)
(0.0178831 -0.0318694 0)
(0.0193907 -0.0480956 0)
(0.0178916 -0.0618022 0)
(-5.0204e-06 -1.66947e-05 0)
(-3.98133e-06 -1.32919e-05 0)
(-2.86108e-06 -1.07412e-05 0)
(-1.7032e-06 -9.03613e-06 0)
(-4.94413e-07 -8.17469e-06 0)
(8.2885e-07 -8.18583e-06 0)
(2.38981e-06 -9.15877e-06 0)
(4.36446e-06 -1.12974e-05 0)
(6.99461e-06 -1.49377e-05 0)
(1.06257e-05 -2.06079e-05 0)
(1.57507e-05 -2.91079e-05 0)
(2.30754e-05 -4.16253e-05 0)
(3.36173e-05 -5.99027e-05 0)
(4.88445e-05 -8.6485e-05 0)
(7.08912e-05 -0.000125069 0)
(0.000102852 -0.00018104 0)
(0.000149249 -0.000262197 0)
(0.000216704 -0.000379911 0)
(0.000314953 -0.000550724 0)
(0.000458396 -0.000798852 0)
(0.000668146 -0.00115998 0)
(0.000975272 -0.00168672 0)
(0.00142274 -0.00245733 0)
(0.0020756 -0.00358386 0)
(0.00299689 -0.0052392 0)
(0.00438254 -0.00761998 0)
(0.00603184 -0.0112336 0)
(0.00888157 -0.0159445 0)
(0.011257 -0.0239474 0)
(0.015319 -0.0325417 0)
(0.0163717 -0.0480003 0)
(0.0150807 -0.0604402 0)
(-4.22783e-06 -1.68775e-05 0)
(-3.36009e-06 -1.35033e-05 0)
(-2.41646e-06 -1.09632e-05 0)
(-1.43581e-06 -9.26616e-06 0)
(-4.08194e-07 -8.42136e-06 0)
(7.20366e-07 -8.46635e-06 0)
(2.05462e-06 -9.50241e-06 0)
(3.74444e-06 -1.17446e-05 0)
(5.99697e-06 -1.55461e-05 0)
(9.10804e-06 -2.1459e-05 0)
(1.35e-05 -3.03183e-05 0)
(1.97778e-05 -4.33627e-05 0)
(2.88136e-05 -6.24088e-05 0)
(4.18661e-05 -9.01097e-05 0)
(6.07653e-05 -0.000130321 0)
(8.81656e-05 -0.000188658 0)
(0.000127947 -0.000273264 0)
(0.000185793 -0.000396013 0)
(0.000270059 -0.0005742 0)
(0.000393093 -0.000833156 0)
(0.000572972 -0.00121016 0)
(0.000836239 -0.00176005 0)
(0.0012195 -0.00256399 0)
(0.00177798 -0.00373783 0)
(0.00256553 -0.00545792 0)
(0.00374404 -0.00792823 0)
(0.00514695 -0.0116413 0)
(0.00754049 -0.0164838 0)
(0.0095182 -0.0245061 0)
(0.0128317 -0.0330804 0)
(0.0135444 -0.0478968 0)
(0.0124592 -0.0593121 0)
(-3.44476e-06 -1.70282e-05 0)
(-2.74278e-06 -1.36797e-05 0)
(-1.97376e-06 -1.11499e-05 0)
(-1.1709e-06 -9.46047e-06 0)
(-3.2692e-07 -8.63005e-06 0)
(6.0246e-07 -8.7036e-06 0)
(1.70329e-06 -9.79276e-06 0)
(3.09882e-06 -1.21223e-05 0)
(4.96029e-06 -1.60595e-05 0)
(7.53219e-06 -2.21772e-05 0)
(1.11637e-05 -3.13397e-05 0)
(1.63551e-05 -4.48284e-05 0)
(2.38277e-05 -6.45228e-05 0)
(3.46225e-05 -9.31673e-05 0)
(5.02532e-05 -0.000134751 0)
(7.29162e-05 -0.000195085 0)
(0.000105823 -0.000282601 0)
(0.000153677 -0.000409601 0)
(0.000223396 -0.000594014 0)
(0.000325193 -0.000862108 0)
(0.000474001 -0.00125251 0)
(0.000691694 -0.0018219 0)
(0.00100834 -0.0026539 0)
(0.00146942 -0.00386744 0)
(0.00211923 -0.00564163 0)
(0.00308757 -0.00818629 0)
(0.00423974 -0.0119802 0)
(0.00618488 -0.0169292 0)
(0.00777971 -0.0249583 0)
(0.0104081 -0.0335044 0)
(0.0108723 -0.0477955 0)
(0.00999027 -0.0583983 0)
(-2.66998e-06 -1.71351e-05 0)
(-2.12907e-06 -1.38061e-05 0)
(-1.53288e-06 -1.12835e-05 0)
(-9.08119e-07 -9.5998e-06 0)
(-2.49695e-07 -8.78152e-06 0)
(4.76873e-07 -8.8798e-06 0)
(1.3387e-06 -1.00144e-05 0)
(2.43208e-06 -1.24172e-05 0)
(3.89131e-06 -1.64664e-05 0)
(5.90815e-06 -2.27504e-05 0)
(8.7565e-06 -3.21577e-05 0)
(1.28288e-05 -4.60048e-05 0)
(1.86909e-05 -6.62224e-05 0)
(2.71598e-05 -9.56288e-05 0)
(3.94234e-05 -0.000138321 0)
(5.72064e-05 -0.000200268 0)
(8.3031e-05 -0.000290134 0)
(0.000120593 -0.000420566 0)
(0.000175326 -0.000610005 0)
(0.000255251 -0.000885473 0)
(0.000372085 -0.00128667 0)
(0.000542983 -0.00187176 0)
(0.000791733 -0.00272621 0)
(0.00115308 -0.00397163 0)
(0.00166221 -0.00578905 0)
(0.00241663 -0.00839319 0)
(0.00331344 -0.0122501 0)
(0.00481707 -0.0172819 0)
(0.00604201 -0.0253107 0)
(0.0080347 -0.0338273 0)
(0.0083223 -0.047705 0)
(0.00764253 -0.0576845 0)
(-1.90076e-06 -1.73006e-05 0)
(-1.51735e-06 -1.39891e-05 0)
(-1.0929e-06 -1.14745e-05 0)
(-6.4695e-07 -9.79758e-06 0)
(-1.76139e-07 -8.99056e-06 0)
(3.44279e-07 -9.10901e-06 0)
(9.62497e-07 -1.02784e-05 0)
(1.74767e-06 -1.2736e-05 0)
(2.79634e-06 -1.68682e-05 0)
(4.24617e-06 -2.32761e-05 0)
(6.29385e-06 -3.28661e-05 0)
(9.22139e-06 -4.69816e-05 0)
(1.34356e-05 -6.75921e-05 0)
(1.95239e-05 -9.75724e-05 0)
(2.83405e-05 -0.000141102 0)
(4.11251e-05 -0.000204269 0)
(5.96915e-05 -0.000295917 0)
(8.66971e-05 -0.000428954 0)
(0.000126049 -0.000622212 0)
(0.00018351 -0.000903282 0)
(0.000267495 -0.00131268 0)
(0.000390296 -0.0019097 0)
(0.000568869 -0.00278131 0)
(0.000828343 -0.00405082 0)
(0.00119404 -0.00590056 0)
(0.00173185 -0.00854858 0)
(0.00236491 -0.0124529 0)
(0.00342611 -0.0175472 0)
(0.00429083 -0.0255724 0)
(0.00568492 -0.0340617 0)
(0.0058542 -0.0476326 0)
(0.00538177 -0.0571641 0)
(-1.13771e-06 -1.71187e-05 0)
(-9.08979e-07 -1.38312e-05 0)
(-6.55085e-07 -1.13309e-05 0)
(-3.87912e-07 -9.66237e-06 0)
(-1.05478e-07 -8.86038e-06 0)
(2.07199e-07 -8.98275e-06 0)
(5.79174e-07 -1.01597e-05 0)
(1.05207e-06 -1.26344e-05 0)
(1.68402e-06 -1.68018e-05 0)
(2.55789e-06 -2.32733e-05 0)
(3.79205e-06 -3.29684e-05 0)
(5.55628e-06 -4.7248e-05 0)
(8.09558e-06 -6.81063e-05 0)
(1.17637e-05 -9.84544e-05 0)
(1.70752e-05 -0.000142525 0)
(2.47768e-05 -0.000206486 0)
(3.5962e-05 -0.000299296 0)
(5.2247e-05 -0.000434031 0)
(7.59699e-05 -0.000629777 0)
(0.000110608 -0.000914501 0)
(0.000161233 -0.00132925 0)
(0.000235248 -0.00193404 0)
(0.000342857 -0.00281676 0)
(0.000499196 -0.004102 0)
(0.000719484 -0.00597322 0)
(0.00105108 -0.00864986 0)
(0.00145595 -0.0125825 0)
(0.00211814 -0.0177149 0)
(0.00265043 -0.0257341 0)
(0.00344868 -0.0342038 0)
(0.00345017 -0.0475754 0)
(0.00314956 -0.0568185 0)
(2.50351e-08 -1.73232e-05 0)
(1.01667e-07 -1.4031e-05 0)
(1.87085e-07 -1.15247e-05 0)
(2.77392e-07 -9.85276e-06 0)
(3.7316e-07 -9.05346e-06 0)
(4.79149e-07 -9.18751e-06 0)
(6.04753e-07 -1.03874e-05 0)
(7.63699e-07 -1.28975e-05 0)
(9.75396e-07 -1.71145e-05 0)
(1.26766e-06 -2.36531e-05 0)
(1.68028e-06 -3.34386e-05 0)
(2.27027e-06 -4.78407e-05 0)
(3.11988e-06 -6.88677e-05 0)
(4.34789e-06 -9.94518e-05 0)
(6.12708e-06 -0.000143858 0)
(8.70828e-06 -0.000208298 0)
(1.24575e-05 -0.000301801 0)
(1.78982e-05 -0.000437546 0)
(2.58374e-05 -0.000634771 0)
(3.74368e-05 -0.000921661 0)
(5.43937e-05 -0.00133958 0)
(7.91907e-05 -0.00194897 0)
(0.000115253 -0.00283829 0)
(0.000167663 -0.00413283 0)
(0.000241516 -0.00601706 0)
(0.000350581 -0.00871245 0)
(0.000480446 -0.0126651 0)
(0.000695887 -0.0178224 0)
(0.000868474 -0.0258433 0)
(0.00120563 -0.0343029 0)
(0.00128918 -0.0475493 0)
(0.00120588 -0.0566254 0)
(0.00188972 7.21654e-05 6.64473e-24)
(-0.0032712 -0.000192513 -6.61814e-24)
(-0.00711449 -0.000383713 -9.42311e-24)
(-0.0033993 -0.00020979 0)
(0.00841608 0.000379785 -1.82951e-23)
(0.00651309 0.000297127 -6.82497e-24)
(0.0018633 0.000120816 3.73164e-24)
(-0.00329405 -0.000123192 0)
(-0.00713406 -0.000328145 1.7872e-25)
(-0.00342335 -0.000161775 7.07538e-24)
(0.00838469 0.000444086 -1.27566e-23)
(0.00648086 0.000362151 -4.45578e-24)
(0.00185581 8.00943e-05 0)
(-0.00330089 -0.000174285 0)
(-0.00714011 -0.000381263 0)
(-0.00342782 -0.000232513 -2.70788e-24)
(0.0083795 0.00036988 -6.08529e-24)
(0.00646824 0.000310539 -1.62905e-24)
(0.00185223 0.00012331 2.38981e-25)
(-0.00330483 -0.000115101 1.62916e-24)
(-0.00714335 -0.000330438 0)
(-0.00343029 -0.000196829 2.26799e-31)
(0.00837673 0.000422341 -7.9442e-24)
(0.00646341 0.000367661 -1.44059e-24)
(0.00185404 9.04222e-05 2.41168e-24)
(-0.00330327 -0.000153226 5.96963e-24)
(-0.0071413 -0.000375789 3.55257e-24)
(-0.00342685 -0.000253115 5.00642e-24)
(0.00837975 0.000364738 -9.48526e-24)
(0.00646462 0.000327078 1.12206e-24)
(0.00185194 0.000125898 6.37487e-25)
(-0.00330583 -0.000107408 5.27724e-24)
(-0.00714321 -0.000333838 4.93541e-24)
(-0.00342788 -0.000231313 2.15015e-24)
(0.00837858 0.000399045 1.30979e-23)
(0.00646274 0.000373304 4.28293e-24)
(0.00185326 0.00010105 0)
(-0.0033048 -0.000131712 8.30842e-24)
(-0.00714173 -0.000368984 6.76501e-24)
(-0.0034251 -0.000274234 -3.23527e-24)
(0.0083809 0.000360777 1.34082e-23)
(0.00646366 0.000344201 1.69664e-24)
(0.00185174 0.00012857 0)
(-0.00330678 -9.9406e-05 3.81807e-24)
(-0.00714312 -0.000338169 5.50844e-24)
(-0.0034254 -0.000264579 -6.4774e-24)
(0.00838051 0.000375895 1.7787e-23)
(0.00646231 0.000379058 2.82669e-24)
(0.00185257 0.000111382 0)
(-0.00330631 -0.00011111 0)
(-0.00714222 -0.000361682 0)
(-0.00342333 -0.000296875 -8.03071e-24)
(0.00838218 0.000355372 1.79641e-23)
(0.00646276 0.000360676 -1.84299e-31)
(0.00185153 0.000131682 0)
(-0.00330778 -8.99965e-05 0)
(-0.00714313 -0.000342559 0)
(-0.00342303 -0.000296377 -8.65374e-24)
(0.00838234 0.000355522 -2.17628e-23)
(0.00646189 0.000386173 -6.92744e-24)
(0.00185197 0.000121244 2.02378e-24)
(-0.00330778 -9.22585e-05 0)
(-0.00714279 -0.000354833 1.17676e-23)
(-0.00342164 -0.000320597 2.26811e-31)
(0.00838229 0.000345941 -2.31286e-23)
(0.00646202 0.00037424 -1.84319e-31)
(0.00185135 0.00013523 4.05769e-24)
(-0.00330892 -7.8707e-05 0)
(-0.00714431 -0.000346066 8.75297e-24)
(-0.00342332 -0.000327816 1.05383e-23)
(0.0083643 0.000338759 0)
(0.00647331 0.000395849 1.72108e-24)
(0.00185162 0.000130765 2.34854e-24)
(-0.00331096 -7.52635e-05 0)
(-0.00715441 -0.000349949 1.26854e-23)
(-0.00344134 -0.000345344 5.68868e-24)
(0.00803727 0.000315762 0)
(0.00633472 0.000384515 1.58253e-24)
(0.0018347 0.000138257 0)
(-0.00340892 -7.09295e-05 7.65908e-24)
(-0.00735672 -0.000358411 1.20881e-23)
(-0.00326716 -0.000350727 0)
(0.00904679 0.000360516 3.07054e-23)
(0.00799369 0.00047798 -1.71473e-23)
(0.00171033 0.000144843 0)
(-0.00265405 3.90883e-05 1.85135e-25)
(-0.00772792 -0.000362046 0)
(-0.00370768 -0.000456206 0)
(0.00690536 0.000190964 4.06573e-23)
(0.0153239 0.000845315 1.12281e-23)
(0.00171723 0.000216731 0)
(-0.00257289 0.000186963 -2.45059e-23)
(-0.00753281 -0.000322152 2.6559e-23)
(-0.00377759 -0.000585734 1.00968e-23)
(0.00561416 2.71531e-05 0)
(0.0132491 0.000725923 -1.23969e-24)
(0.00172603 0.000247743 0)
(-0.0025812 0.000321879 0)
(-0.00754489 -0.000290115 4.29869e-25)
(-0.00376804 -0.000702606 2.25568e-23)
(0.00559283 -6.87934e-05 9.28909e-23)
(0.0131723 0.000714685 -9.67185e-24)
(0.00173011 0.00030925 -3.17718e-23)
(-0.00259105 0.000461809 0)
(-0.00756048 -0.000259658 -4.51392e-23)
(-0.00377805 -0.000845274 0)
(0.00560572 -0.000167293 1.08435e-22)
(0.0131794 0.000699342 -1.70348e-25)
(0.00174058 0.000350456 -3.79423e-23)
(-0.00259905 0.000601602 0)
(-0.00757947 -0.000226343 0)
(-0.00376146 -0.000940833 0)
(0.00561824 -0.000268898 0)
(0.0131798 0.000677856 7.64041e-24)
(0.00175416 0.000409398 -2.40334e-23)
(-0.00260694 0.000739031 0)
(-0.00760204 -0.000200905 -3.28467e-23)
(-0.00379597 -0.00111144 -1.59939e-23)
(0.00563546 -0.000361448 0)
(0.0132013 0.000680654 -1.23337e-24)
(0.00176782 0.000442733 -2.7141e-23)
(-0.00260328 0.000884546 0)
(-0.00760712 -0.000154197 -3.13468e-23)
(-0.0037641 -0.00117743 -2.24196e-23)
(0.0059637 -0.000448994 0)
(0.0130783 0.000635744 6.24472e-24)
(0.00189583 0.000529572 0)
(-0.00336327 0.00104232 0)
(-0.00728355 -0.000156424 -2.81783e-23)
(-0.00343126 -0.00151142 0)
(0.00853816 -0.000770831 0)
(0.00655038 0.000634052 0)
(0.00192364 0.00059579 1.81072e-23)
(-0.00339649 0.00126552 -2.70272e-23)
(-0.00736804 -8.1011e-05 -2.06977e-23)
(-0.00345026 -0.00178752 1.4472e-23)
(0.00863411 -0.000522598 0)
(0.00656747 0.000899473 0)
(0.00195946 0.000723197 3.99101e-23)
(-0.0034095 0.00145745 -3.12546e-23)
(-0.00744065 -0.000163932 -4.45126e-23)
(-0.003442 -0.00236189 2.02324e-23)
(0.00869427 -0.00131274 0)
(0.00657468 0.000913702 0)
(0.0019953 0.000751137 2.28243e-23)
(-0.00343879 0.00169515 0)
(-0.00754414 3.02391e-07 -2.94182e-23)
(-0.00349758 -0.00246458 0)
(0.00878758 -0.000698649 -1.01129e-22)
(0.00665163 0.00129098 0)
(0.00204702 0.000938962 0)
(-0.00344552 0.00188934 -3.96363e-23)
(-0.00762958 -0.000174448 0)
(-0.00346925 -0.00332367 -2.69344e-23)
(0.00886217 -0.00192851 -2.49387e-22)
(0.00663301 0.00116987 1.05477e-23)
(0.00208674 0.000877051 -2.91583e-23)
(-0.00349154 0.00211144 -8.85021e-23)
(-0.00778141 7.45053e-05 0)
(-0.00361116 -0.00305633 -5.22767e-23)
(0.00870694 -0.000867382 1.83359e-26)
(0.00678157 0.00171678 2.70686e-23)
(0.00215129 0.0012108 -2.45751e-23)
(-0.00348602 0.00237055 -1.81751e-27)
(-0.00793016 -0.000182279 0)
(-0.00749836 -0.00441805 -6.39642e-23)
(-0.00637901 -0.00249784 3.71409e-27)
(-0.00704041 0.0013059 1.42128e-23)
(-0.0437697 0.000622113 -3.66739e-23)
(-0.0777138 0.00209751 5.14745e-23)
(-0.10021 -0.000238767 0)
(-0.152983 -0.00390754 -2.85344e-23)
(-0.204247 -0.00246748 -2.80194e-22)
(-0.181676 0.000452171 0)
(-0.00872762 0.00440139 1.43902e-23)
(0.126518 0.00594377 0)
(0.460328 0.00618221 0)
(1.12063 0.00763248 0)
(2.17236 0.0134114 -1.61885e-22)
(3.50147 0.0177702 0)
(5.12671 0.0235149 0)
(7.99995 0.0287909 0)
(9.36386 0.0117738 -5.10461e-21)
(10.1809 -0.00777245 0)
(10.2788 -0.0377195 1.56255e-21)
(10.1704 -0.00325872 0)
(0.00924799 -0.254262 0)
(0.0111055 -0.148413 0)
(0.157094 -0.0924102 8.88187e-22)
(0.474508 -0.0534919 0)
(0.708948 -0.0170108 8.55328e-22)
(1.07565 -0.00766099 0)
(0.0086509 -0.0807038 0)
(0.0241629 -0.0500863 0)
(0.0427825 -0.0528839 0)
(0.0940529 -0.0727266 0)
(0.0937454 -0.104686 0)
(0.205934 -0.128575 0)
(0.00627202 -0.193625 0)
(-0.0333033 -0.129112 0)
(-0.0260193 -0.0977784 0)
(-0.0223782 -0.071762 0)
(-0.0235265 -0.0454711 0)
(-0.00805562 -0.054366 0)
(0.00498926 -0.118267 5.6905e-22)
(-0.0354914 -0.0756815 0)
(-0.0224555 -0.0722569 6.73418e-22)
(-0.0294673 -0.077932 -9.2601e-22)
(-0.0259524 -0.0941555 0)
(-0.0298271 -0.112741 -9.12664e-22)
(0.00617465 -0.157868 -9.17628e-22)
(-0.0321436 -0.105426 8.78374e-22)
(-0.0219447 -0.0819848 -3.15282e-22)
(-0.0274055 -0.0662419 -5.49102e-22)
(-0.0263313 -0.0537123 -7.11144e-22)
(-0.036596 -0.0633685 2.01556e-25)
(0.00591715 -0.13302 0)
(-0.0315761 -0.0888122 -2.58925e-26)
(-0.0224109 -0.081313 0)
(-0.0295594 -0.0765438 0)
(-0.0272648 -0.0857436 -5.46122e-22)
(-0.0327905 -0.102366 1.01919e-21)
(0.00631472 -0.140788 0)
(-0.0298205 -0.0951589 -4.84625e-22)
(-0.0215856 -0.0794693 0)
(-0.0277901 -0.0683788 0)
(-0.0267605 -0.0594572 -6.18672e-22)
(-0.0369319 -0.0656505 0)
(0.00638342 -0.134574 0)
(-0.028568 -0.0922281 0)
(-0.0213672 -0.0812601 -1.32383e-24)
(-0.0290685 -0.0744587 0)
(-0.0276368 -0.0806286 -5.32385e-22)
(-0.0347137 -0.0944784 0)
(0.00676474 -0.133168 0)
(-0.0272487 -0.0918391 -3.85562e-22)
(-0.0208849 -0.0800666 1.17012e-24)
(-0.0279362 -0.0696685 0)
(-0.0272336 -0.0623197 5.19592e-22)
(-0.0373621 -0.0679247 0)
(0.00682846 -0.130813 0)
(-0.0259458 -0.0911824 -3.70489e-22)
(-0.0204076 -0.0808616 4.51341e-26)
(-0.0286651 -0.0729271 0)
(-0.0278257 -0.0771119 4.83432e-22)
(-0.0367539 -0.0868351 0)
(0.00700661 -0.128675 0)
(-0.0248575 -0.0904918 0)
(-0.020089 -0.0804345 -3.54611e-24)
(-0.0278447 -0.0704632 0)
(-0.0277538 -0.0643946 -4.5898e-22)
(-0.0381347 -0.0697604 0)
(0.00712865 -0.126573 0)
(-0.0237377 -0.0898301 0)
(-0.0196109 -0.0805505 0)
(-0.0282877 -0.0716813 4.23334e-22)
(-0.0279703 -0.0739292 -4.26084e-22)
(-0.0374889 -0.0802032 0)
(0.00724593 -0.124531 -2.98883e-22)
(-0.0226951 -0.089167 3.30933e-22)
(-0.0192466 -0.0804503 0)
(-0.027641 -0.0708651 4.07118e-22)
(-0.0280756 -0.0660665 -4.05278e-22)
(-0.0385912 -0.07069 6.46545e-22)
(0.00734756 -0.122552 -2.88048e-22)
(-0.0216915 -0.0885135 3.18816e-22)
(-0.0188792 -0.0803899 0)
(-0.0278325 -0.0708566 -3.88896e-22)
(-0.027913 -0.0711805 -3.73443e-22)
(-0.0382727 -0.0747238 5.86745e-22)
(0.00743667 -0.120636 0)
(-0.0207338 -0.0878673 -3.07323e-22)
(-0.0184877 -0.0802942 -6.36435e-24)
(-0.0273957 -0.0706135 1.24402e-26)
(-0.0281796 -0.0671444 -3.53958e-22)
(-0.0388341 -0.0707636 0)
(0.00751303 -0.118779 -2.67516e-22)
(-0.0198176 -0.0872296 1.52284e-26)
(-0.0181352 -0.0801769 -1.28971e-23)
(-0.0272855 -0.0704176 -1.34639e-26)
(-0.0279355 -0.0690045 -6.52565e-22)
(-0.0388576 -0.0705694 5.05383e-22)
(0.00757757 -0.116979 -2.57918e-22)
(-0.0189391 -0.0866004 -1.43848e-26)
(-0.0177792 -0.0800468 -2.92929e-26)
(-0.0270518 -0.0701882 -3.36322e-22)
(-0.0280608 -0.0675979 3.62215e-26)
(-0.0390395 -0.0692503 4.66673e-22)
(0.00763058 -0.115235 -2.48632e-22)
(-0.0181018 -0.0859789 1.35712e-26)
(-0.0174363 -0.0799008 6.08411e-24)
(-0.0268397 -0.0699582 3.19393e-22)
(-0.0279696 -0.0675369 -3.66195e-26)
(-0.0391306 -0.0681599 4.26505e-22)
(0.00767226 -0.113545 -3.60908e-26)
(-0.0172998 -0.0853655 2.66671e-22)
(-0.0171013 -0.079741 5.61201e-24)
(-0.0266142 -0.0697159 -1.6194e-26)
(-0.0279413 -0.0671267 -5.26585e-22)
(-0.0391878 -0.0670683 -1.4602e-25)
(0.0077038 -0.111906 2.31282e-22)
(-0.0165324 -0.0847601 0)
(-0.0167707 -0.0795686 5.04312e-24)
(-0.0263796 -0.069466 -2.86483e-22)
(-0.027871 -0.0667654 3.71707e-26)
(-0.0392099 -0.0660034 -3.53008e-22)
(0.00772502 -0.110318 2.23082e-22)
(-0.0158005 -0.0841624 0)
(-0.0164479 -0.079385 0)
(-0.0261359 -0.0692083 -2.7057e-22)
(-0.0277837 -0.066391 4.4633e-22)
(-0.0391978 -0.0649656 -3.1894e-22)
(0.0077369 -0.108779 2.15285e-22)
(-0.0150973 -0.0835736 0)
(-0.0161335 -0.0791909 0)
(-0.0258836 -0.0689438 -2.54982e-22)
(-0.0276822 -0.0660129 4.08593e-22)
(-0.0391538 -0.0639488 -2.86138e-22)
(0.00773977 -0.107286 1.03873e-22)
(-0.0144262 -0.0829935 0)
(-0.0158227 -0.0789854 0)
(-0.0256235 -0.068673 0)
(-0.027564 -0.0656336 1.86078e-22)
(-0.0390767 -0.0629585 0)
(0.00773485 -0.105839 1.56768e-26)
(-0.0137869 -0.0824212 1.13122e-22)
(-0.0155191 -0.0787691 0)
(-0.0253558 -0.0683969 0)
(-0.0274281 -0.0652545 -8.43e-23)
(-0.0389725 -0.061991 0)
(0.00772089 -0.104436 -9.68394e-23)
(-0.0131722 -0.0818578 1.09658e-22)
(-0.0152225 -0.0785453 0)
(-0.0250813 -0.0681154 0)
(-0.0272801 -0.0648728 -7.58454e-23)
(-0.0388372 -0.0610505 9.84575e-23)
(0.00769971 -0.103075 0)
(-0.0125868 -0.0813022 0)
(-0.0149283 -0.0783147 -6.6159e-25)
(-0.0248008 -0.0678287 9.81152e-23)
(-0.0271134 -0.0644931 0)
(-0.0386779 -0.0601271 1.69723e-22)
(0.00767145 -0.101756 -9.03485e-23)
(-0.012026 -0.0807552 1.03253e-22)
(-0.0146436 -0.0780744 6.80638e-27)
(-0.0245142 -0.067538 9.12948e-23)
(-0.0269357 -0.0641115 5.96758e-23)
(-0.0384879 -0.0592299 7.18915e-23)
(0.00763587 -0.100476 -1.40435e-26)
(-0.0114905 -0.080217 1.00289e-22)
(-0.0143614 -0.0778286 -6.21047e-27)
(-0.024222 -0.067244 0)
(-0.0267421 -0.0637323 5.1909e-23)
(-0.0382783 -0.0583505 0)
(0.00759427 -0.0992356 8.44144e-23)
(-0.0109782 -0.0796871 0)
(-0.0140824 -0.0775773 -2.8692e-24)
(-0.0239249 -0.0669468 0)
(-0.0265372 -0.0633534 0)
(-0.0380421 -0.0574965 0)
(0.0075459 -0.0980321 0)
(-0.0104875 -0.0791653 -9.4827e-23)
(-0.0138112 -0.07732 0)
(-0.0236224 -0.0666475 0)
(-0.0263208 -0.0629749 0)
(-0.0377835 -0.0566611 0)
(0.00749214 -0.0968648 0)
(-0.01002 -0.0786514 -9.23037e-23)
(-0.013541 -0.0770605 0)
(-0.0233154 -0.0663457 0)
(-0.0260914 -0.0625986 0)
(-0.0375049 -0.055847 0)
(0.00743273 -0.0957327 0)
(-0.00957244 -0.078146 0)
(-0.013274 -0.0767968 0)
(-0.0230047 -0.0660418 0)
(-0.02585 -0.0622248 0)
(-0.0372048 -0.0550538 0)
(0.00736831 -0.0946347 0)
(-0.00914404 -0.0776492 0)
(-0.0130157 -0.0765269 0)
(-0.022688 -0.0657376 0)
(-0.0255985 -0.0618527 0)
(-0.0368863 -0.0542772 -5.84679e-24)
(0.00729882 -0.0935697 0)
(-0.00873461 -0.077161 8.55236e-23)
(-0.0127586 -0.076255 7.097e-24)
(-0.0223698 -0.0654318 0)
(-0.0253358 -0.0614825 0)
(-0.0365511 -0.0535225 3.52254e-24)
(0.00722466 -0.0925367 3.46527e-23)
(-0.00834277 -0.0766815 1.25263e-22)
(-0.0125041 -0.0759813 7.98704e-24)
(-0.0220461 -0.0651264 -2.21382e-23)
(-0.025063 -0.0611146 0)
(-0.036196 -0.0527874 0)
(0.00714595 -0.0915347 6.71398e-23)
(-0.00796778 -0.0762104 4.08059e-23)
(-0.0122548 -0.0757054 -4.44506e-24)
(-0.0217208 -0.0648202 -1.9604e-23)
(-0.024781 -0.0607498 0)
(-0.0358235 -0.0520692 1.04311e-23)
(0.00706323 -0.0905629 5.50846e-27)
(-0.00761038 -0.0757475 0)
(-0.012008 -0.075429 1.02084e-27)
(-0.0213914 -0.0645146 0)
(-0.0244895 -0.0603889 0)
(-0.0354364 -0.0513677 2.36329e-26)
(0.0069762 -0.0896204 -3.15134e-23)
(-0.00726763 -0.0752937 -3.90851e-23)
(-0.0117624 -0.0751524 5.35908e-24)
(-0.0210592 -0.0642099 0)
(-0.0241918 -0.0600297 0)
(-0.0350324 -0.0506848 -1.83685e-23)
(0.0068853 -0.0887062 0)
(-0.00693875 -0.0748492 -3.83515e-23)
(-0.011522 -0.0748736 0)
(-0.0207234 -0.0639065 0)
(-0.0238834 -0.0596753 0)
(-0.034614 -0.05002 0)
(0.00679252 -0.0878183 0)
(-0.00662517 -0.074412 -3.75806e-23)
(-0.0112835 -0.0745936 0)
(-0.0203867 -0.0636032 0)
(-0.0235661 -0.059325 -1.25442e-23)
(-0.0341824 -0.0493701 0)
(0.00669842 -0.0869563 0)
(-0.00632807 -0.0739813 -1.83702e-23)
(-0.0110489 -0.0743139 -3.37039e-24)
(-0.0200458 -0.0633021 0)
(-0.0232421 -0.0589776 -1.51119e-23)
(-0.0337364 -0.0487385 0)
(0.00660042 -0.086126 1.4041e-23)
(-0.00604421 -0.0735607 -1.85057e-28)
(-0.0108168 -0.0740371 -3.59796e-24)
(-0.0197049 -0.0630033 -2.96347e-24)
(-0.0229117 -0.0586345 -8.78327e-24)
(-0.0332777 -0.0481227 0)
(0.00650187 -0.0853294 2.73759e-23)
(-0.00576887 -0.073152 -3.52617e-23)
(-0.0105816 -0.0737628 -3.83182e-24)
(-0.0193588 -0.062708 -3.86349e-24)
(-0.0225754 -0.0582976 -9.97566e-24)
(-0.0328076 -0.047523 1.76037e-23)
(0.00640619 -0.0845518 1.33832e-23)
(-0.00548508 -0.0727484 -1.73149e-23)
(-0.0103321 -0.0734847 -4.06395e-24)
(-0.0189959 -0.0624126 -9.28398e-25)
(-0.0222232 -0.057967 0)
(-0.032325 -0.0469414 1.90938e-23)
(0.00631161 -0.0837788 0)
(-0.00518943 -0.0723415 0)
(-0.0100764 -0.0732056 0)
(-0.0186027 -0.0621148 0)
(-0.0218382 -0.0576314 0)
(-0.0318102 -0.0463716 0)
(0.00619593 -0.0830305 0)
(-0.00492314 -0.0719444 0)
(-0.00983673 -0.0729382 0)
(-0.0182104 -0.061831 0)
(-0.0214536 -0.0573041 0)
(-0.0312497 -0.0458068 0)
(0.0058176 -0.0811121 0)
(-0.0043267 -0.0708825 0)
(-0.00931577 -0.0721647 0)
(-0.0172204 -0.0610213 0)
(-0.0204744 -0.0563897 0)
(-0.0297938 -0.0442623 0)
(0.00525951 -0.078112 0)
(-0.00346189 -0.0691796 0)
(-0.00825397 -0.070897 0)
(-0.0154557 -0.0596728 0)
(-0.0185897 -0.0549131 0)
(-0.0270759 -0.0419395 0)
(0.00466587 -0.0756341 0)
(-0.00274989 -0.0677027 0)
(-0.00722893 -0.0697359 0)
(-0.0136398 -0.0584736 0)
(-0.0166308 -0.053625 0)
(-0.0242022 -0.0399571 0)
(0.00405641 -0.0735442 0)
(-0.00217209 -0.066412 0)
(-0.00621766 -0.0687032 0)
(-0.011849 -0.0573871 0)
(-0.0145559 -0.0524602 0)
(-0.0212264 -0.0382728 0)
(0.003438 -0.0718137 0)
(-0.00169547 -0.0653097 0)
(-0.00522263 -0.0677937 0)
(-0.0100529 -0.0564301 0)
(-0.0123914 -0.0514768 0)
(-0.0181295 -0.036842 0)
(0.00281538 -0.0704116 0)
(-0.00129525 -0.0643943 0)
(-0.0042394 -0.0670193 0)
(-0.00824273 -0.0556239 0)
(-0.0101719 -0.0506506 0)
(-0.014951 -0.0356604 0)
(0.00219165 -0.069316 0)
(-0.000952182 -0.0636656 0)
(-0.00326315 -0.0663903 0)
(-0.00642625 -0.0549678 0)
(-0.00792328 -0.0499797 0)
(-0.0117133 -0.0347229 0)
(0.00156732 -0.0685152 0)
(-0.000649467 -0.0631269 0)
(-0.00228868 -0.0659148 0)
(-0.00459841 -0.0544759 0)
(-0.0056466 -0.0494858 0)
(-0.00843131 -0.034008 0)
(0.000942013 -0.0679774 0)
(-0.000355681 -0.0627675 0)
(-0.00129033 -0.0655884 0)
(-0.00274249 -0.0541446 0)
(-0.00333626 -0.0491445 0)
(-0.00511483 -0.0335335 0)
(0.000307181 -0.0676715 0)
(-0.000219503 -0.0625679 0)
(-0.000576174 -0.0654049 0)
(-0.00110364 -0.0539527 0)
(-0.00121024 -0.048949 0)
(-0.0018092 -0.0332483 0)
(0.000247829 -3.08172e-05 0)
(0.000256677 -2.38654e-05 0)
(-0.00245852 -1.6532e-05 0)
(-0.000158752 -2.17436e-05 0)
(-0.00120021 -1.53807e-05 0)
(-0.000541 -1.82224e-05 0)
(-0.000161354 -1.43378e-05 0)
(0.000134417 -1.08315e-05 0)
(0.000128685 -9.37728e-06 0)
(0.000111045 -9.18723e-06 0)
(8.61636e-05 -8.7434e-06 0)
(6.93768e-05 -8.59595e-06 0)
(5.86551e-05 -8.58144e-06 0)
(5.22213e-05 -8.57727e-06 0)
(4.88389e-05 -8.57507e-06 0)
(4.78586e-05 -8.57636e-06 0)
(4.91951e-05 -8.58205e-06 0)
(5.36001e-05 -8.59243e-06 0)
(6.48876e-05 -8.62502e-06 0)
(9.08438e-05 -9.66914e-06 0)
(0.000188621 -1.17699e-05 0)
(0.000409572 -1.57398e-05 0)
(0.00146035 -1.97846e-05 0)
(0.00308822 -2.80848e-05 0)
(0.0119243 -3.43814e-05 0)
(0.0168199 -5.33098e-05 0)
(0.0614898 -5.28126e-05 0)
(0.043879 -6.58534e-05 0)
(0.130302 -9.65595e-05 0)
(0.139351 -0.000193706 0)
(0.000224356 3.9108e-05 0)
(0.000233575 2.74041e-05 0)
(-0.00248158 1.61265e-05 0)
(-0.000181853 1.95432e-05 0)
(-0.00122331 1.54045e-05 0)
(-0.0005641 1.61254e-05 0)
(-0.000184447 1.26359e-05 0)
(0.000111321 1.00384e-05 0)
(0.000105583 9.0624e-06 0)
(8.79409e-05 8.93539e-06 0)
(6.30597e-05 8.47404e-06 0)
(4.62721e-05 8.29479e-06 0)
(3.55503e-05 8.26285e-06 0)
(2.91164e-05 8.24729e-06 0)
(2.5734e-05 8.23662e-06 0)
(2.47536e-05 8.23072e-06 0)
(2.60902e-05 8.22837e-06 0)
(3.04951e-05 8.22461e-06 0)
(4.17811e-05 8.22614e-06 0)
(6.77342e-05 9.19075e-06 0)
(0.000165507 1.09048e-05 0)
(0.000386456 1.31827e-05 0)
(0.00143723 1.42493e-05 0)
(0.0030651 1.11484e-05 0)
(0.0119012 7.36881e-06 0)
(0.0167968 -2.02698e-05 0)
(0.0614669 -8.51163e-06 0)
(0.0438559 -2.33368e-05 0)
(0.130288 -8.78802e-05 0)
(0.138513 0.00074848 0)
(0.000220485 -1.6144e-05 0)
(0.000224524 -1.64091e-05 0)
(-0.00249054 -1.56026e-05 0)
(-0.000190813 -2.16219e-05 0)
(-0.00123228 -1.42385e-05 0)
(-0.000573066 -1.80577e-05 0)
(-0.00019343 -1.41639e-05 0)
(0.000102344 -1.04534e-05 0)
(9.66151e-05 -8.63656e-06 0)
(7.89755e-05 -8.44185e-06 0)
(5.40944e-05 -7.99155e-06 0)
(3.73082e-05 -7.83634e-06 0)
(2.65869e-05 -7.83455e-06 0)
(2.01531e-05 -7.84135e-06 0)
(1.67707e-05 -7.84727e-06 0)
(1.57904e-05 -7.85563e-06 0)
(1.71271e-05 -7.86958e-06 0)
(2.1532e-05 -7.89471e-06 0)
(3.28212e-05 -7.9689e-06 0)
(5.87803e-05 -9.23254e-06 0)
(0.00015656 -1.1395e-05 0)
(0.000377512 -1.5994e-05 0)
(0.00142829 -2.18272e-05 0)
(0.00305616 -3.88353e-05 0)
(0.0118923 -5.34404e-05 0)
(0.0167879 -0.000113546 0)
(0.0614581 -0.000101185 0)
(0.0438472 -0.000137148 0)
(0.130266 -0.000256438 0)
(0.140182 0.000722235 0)
(0.000220167 4.34798e-05 0)
(0.000223769 2.8881e-05 0)
(-0.00249134 1.50566e-05 0)
(-0.000191618 1.60344e-05 0)
(-0.00123307 1.47667e-05 0)
(-0.00057387 1.27742e-05 0)
(-0.000194208 9.97924e-06 0)
(0.000101555 8.67634e-06 0)
(9.58113e-05 8.37916e-06 0)
(7.81672e-05 8.36985e-06 0)
(5.32861e-05 7.87205e-06 0)
(3.64979e-05 7.61992e-06 0)
(2.57759e-05 7.56555e-06 0)
(1.9342e-05 7.53814e-06 0)
(1.59596e-05 7.51864e-06 0)
(1.49793e-05 7.50536e-06 0)
(1.63159e-05 7.49508e-06 0)
(2.07207e-05 7.47723e-06 0)
(3.20049e-05 7.46056e-06 0)
(5.79548e-05 8.35163e-06 0)
(0.000155722 9.4154e-06 0)
(0.000376667 9.562e-06 0)
(0.00142743 7.19141e-06 0)
(0.00305529 -8.30457e-06 0)
(0.0118914 -2.28972e-05 0)
(0.0167871 -9.92511e-05 0)
(0.0614573 -7.57075e-05 0)
(0.0438462 -0.000122026 0)
(0.130281 -0.000282644 0)
(0.13882 0.00115089 0)
(0.000220469 5.60345e-07 0)
(0.000223609 -8.23726e-06 0)
(-0.00249142 -1.43918e-05 0)
(-0.000191678 -2.08934e-05 0)
(-0.00123315 -1.27532e-05 0)
(-0.000573938 -1.73736e-05 0)
(-0.000194301 -1.37492e-05 0)
(0.000101476 -9.92384e-06 0)
(9.57494e-05 -7.89553e-06 0)
(7.81095e-05 -7.75607e-06 0)
(5.32281e-05 -7.28359e-06 0)
(3.64426e-05 -7.07625e-06 0)
(2.57216e-05 -7.08136e-06 0)
(1.92879e-05 -7.09868e-06 0)
(1.59056e-05 -7.11235e-06 0)
(1.49253e-05 -7.12764e-06 0)
(1.62619e-05 -7.15009e-06 0)
(2.06669e-05 -7.19046e-06 0)
(3.19575e-05 -7.32275e-06 0)
(5.79183e-05 -8.69042e-06 0)
(0.000155697 -1.08404e-05 0)
(0.000376644 -1.61013e-05 0)
(0.0014274 -2.37914e-05 0)
(0.00305525 -4.97821e-05 0)
(0.0118913 -7.27053e-05 0)
(0.016787 -0.000174448 0)
(0.0614573 -0.000149085 0)
(0.0438461 -0.000206271 0)
(0.130268 -0.000414962 0)
(0.140313 0.0016659 0)
(0.000219711 4.63182e-05 0)
(0.000223691 2.9862e-05 0)
(-0.00249142 1.36545e-05 0)
(-0.000191673 1.20056e-05 0)
(-0.00123312 1.38005e-05 0)
(-0.000573928 9.04958e-06 0)
(-0.000194253 7.19135e-06 0)
(0.000101507 7.21457e-06 0)
(9.57578e-05 7.6407e-06 0)
(7.81114e-05 7.78419e-06 0)
(5.32303e-05 7.26817e-06 0)
(3.64414e-05 6.89429e-06 0)
(2.5719e-05 6.81048e-06 0)
(1.92852e-05 6.77075e-06 0)
(1.59028e-05 6.74204e-06 0)
(1.49225e-05 6.7212e-06 0)
(1.6259e-05 6.70319e-06 0)
(2.06637e-05 6.67167e-06 0)
(3.19457e-05 6.66029e-06 0)
(5.78925e-05 7.36795e-06 0)
(0.000155654 7.80054e-06 0)
(0.00037659 5.9074e-06 0)
(0.00142732 2.2759e-07 0)
(0.00305516 -2.72791e-05 0)
(0.0118911 -5.25271e-05 0)
(0.0167869 -0.000176566 0)
(0.0614572 -0.000142212 0)
(0.0438458 -0.000219751 0)
(0.130283 -0.000477629 0)
(0.139617 0.00173478 0)
(0.000219711 1.82933e-05 0)
(0.000223557 3.38127e-07 0)
(-0.00249145 -1.28136e-05 0)
(-0.00019168 -1.96705e-05 0)
(-0.00123315 -1.09326e-05 0)
(-0.000573951 -1.64018e-05 0)
(-0.000194307 -1.32372e-05 0)
(0.000101474 -9.29233e-06 0)
(9.57473e-05 -7.05068e-06 0)
(7.8106e-05 -6.94841e-06 0)
(5.32238e-05 -6.51575e-06 0)
(3.6439e-05 -6.22353e-06 0)
(2.57185e-05 -6.22674e-06 0)
(1.92849e-05 -6.25406e-06 0)
(1.59026e-05 -6.27509e-06 0)
(1.49223e-05 -6.29712e-06 0)
(1.62589e-05 -6.32829e-06 0)
(2.06639e-05 -6.38433e-06 0)
(3.19557e-05 -6.60865e-06 0)
(5.79171e-05 -8.00451e-06 0)
(0.000155691 -1.01622e-05 0)
(0.000376629 -1.61742e-05 0)
(0.00142734 -2.58414e-05 0)
(0.00305517 -6.11717e-05 0)
(0.011891 -9.2642e-05 0)
(0.0167869 -0.000237237 0)
(0.0614572 -0.000198322 0)
(0.0438457 -0.000279026 0)
(0.130305 -0.000575039 0)
(0.138222 0.00210822 0)
(0.000219147 4.88781e-05 0)
(0.000223646 3.06575e-05 0)
(-0.00249145 1.19095e-05 0)
(-0.00019167 7.58251e-06 0)
(-0.00123312 1.25305e-05 0)
(-0.000573932 5.18678e-06 0)
(-0.000194243 4.38693e-06 0)
(0.000101517 5.6797e-06 0)
(9.57613e-05 6.80372e-06 0)
(7.8112e-05 7.05275e-06 0)
(5.32313e-05 6.57126e-06 0)
(3.64417e-05 6.08958e-06 0)
(2.57188e-05 5.96502e-06 0)
(1.92849e-05 5.91238e-06 0)
(1.59025e-05 5.87405e-06 0)
(1.49222e-05 5.84544e-06 0)
(1.62587e-05 5.81993e-06 0)
(2.0663e-05 5.7752e-06 0)
(3.1943e-05 5.81777e-06 0)
(5.78868e-05 6.26195e-06 0)
(0.000155641 6.09741e-06 0)
(0.000376565 2.28531e-06 0)
(0.00142725 -6.54576e-06 0)
(0.00305506 -4.56102e-05 0)
(0.0118908 -8.11848e-05 0)
(0.0167867 -0.000251529 0)
(0.0614571 -0.000206367 0)
(0.0438453 -0.000311427 0)
(0.130323 -0.000662813 0)
(0.136078 0.00262844 0)
(0.000218982 3.55406e-05 0)
(0.000223501 8.92748e-06 0)
(-0.00249149 -1.09186e-05 0)
(-0.00019168 -1.81391e-05 0)
(-0.00123316 -8.8364e-06 0)
(-0.000573964 -1.54113e-05 0)
(-0.000194307 -1.27503e-05 0)
(0.000101478 -8.59628e-06 0)
(9.57494e-05 -6.10775e-06 0)
(7.81056e-05 -5.99875e-06 0)
(5.32222e-05 -5.62795e-06 0)
(3.6438e-05 -5.30211e-06 0)
(2.57182e-05 -5.28867e-06 0)
(1.92847e-05 -5.32527e-06 0)
(1.59024e-05 -5.35322e-06 0)
(1.49222e-05 -5.38177e-06 0)
(1.62587e-05 -5.42189e-06 0)
(2.06638e-05 -5.49412e-06 0)
(3.19563e-05 -5.84909e-06 0)
(5.79175e-05 -7.20722e-06 0)
(0.000155685 -9.40971e-06 0)
(0.000376609 -1.63001e-05 0)
(0.00142727 -2.81094e-05 0)
(0.00305505 -7.32396e-05 0)
(0.0118907 -0.000113606 0)
(0.0167867 -0.000302312 0)
(0.0614571 -0.000250336 0)
(0.0438451 -0.000358672 0)
(0.130369 -0.000736852 0)
(0.129806 0.00270622 0)
(0.000218535 5.27087e-05 0)
(0.000223576 3.1583e-05 0)
(-0.00249149 9.87781e-06 0)
(-0.000191667 2.93846e-06 0)
(-0.00123311 1.10165e-05 0)
(-0.000573938 1.40481e-06 0)
(-0.000194232 1.62885e-06 0)
(0.000101527 4.08267e-06 0)
(9.57652e-05 5.86964e-06 0)
(7.81127e-05 6.18777e-06 0)
(5.32323e-05 5.75469e-06 0)
(3.64422e-05 5.22872e-06 0)
(2.57187e-05 5.044e-06 0)
(1.92847e-05 4.97756e-06 0)
(1.59024e-05 4.92913e-06 0)
(1.4922e-05 4.89249e-06 0)
(1.62584e-05 4.85976e-06 0)
(2.06623e-05 4.80236e-06 0)
(3.19403e-05 4.8955e-06 0)
(5.78813e-05 5.05213e-06 0)
(0.000155627 4.32692e-06 0)
(0.000376536 -1.28007e-06 0)
(0.00142716 -1.31044e-05 0)
(0.00305492 -6.33165e-05 0)
(0.0118905 -0.000108887 0)
(0.0167865 -0.000324532 0)
(0.0614571 -0.000267842 0)
(0.0438447 -0.000397715 0)
(0.130365 -0.000826693 0)
(0.131369 0.00364352 0)
(0.000218749 5.07512e-05 0)
(0.000223436 1.726e-05 0)
(-0.00249153 -8.76941e-06 0)
(-0.000191678 -1.64764e-05 0)
(-0.00123316 -6.53018e-06 0)
(-0.000573978 -1.45776e-05 0)
(-0.000194303 -1.23154e-05 0)
(0.000101484 -7.83788e-06 0)
(9.57526e-05 -5.06904e-06 0)
(7.81053e-05 -4.92312e-06 0)
(5.32206e-05 -4.62769e-06 0)
(3.64368e-05 -4.3395e-06 0)
(2.57177e-05 -4.2836e-06 0)
(1.92844e-05 -4.32832e-06 0)
(1.59022e-05 -4.36268e-06 0)
(1.4922e-05 -4.39744e-06 0)
(1.62586e-05 -4.44682e-06 0)
(2.06639e-05 -4.53583e-06 0)
(3.19567e-05 -4.99381e-06 0)
(5.79165e-05 -6.31176e-06 0)
(0.000155675 -8.59278e-06 0)
(0.000376582 -1.64754e-05 0)
(0.00142717 -3.05683e-05 0)
(0.0030549 -8.58322e-05 0)
(0.0118903 -0.000135382 0)
(0.0167864 -0.000368938 0)
(0.061457 -0.000304591 0)
(0.0438443 -0.000441575 0)
(0.130274 -0.00090818 0)
(0.141595 0.00395297 0)
(0.000218071 5.9236e-05 0)
(0.000223486 3.28652e-05 0)
(-0.00249154 7.62339e-06 0)
(-0.000191663 -1.74757e-06 0)
(-0.00123311 9.3284e-06 0)
(-0.000573947 -2.17218e-06 0)
(-0.000194222 -1.08226e-06 0)
(0.000101538 2.42284e-06 0)
(9.57697e-05 4.84159e-06 0)
(7.81133e-05 5.20389e-06 0)
(5.32332e-05 4.83232e-06 0)
(3.64427e-05 4.34276e-06 0)
(2.57187e-05 4.06518e-06 0)
(1.92846e-05 3.98331e-06 0)
(1.59022e-05 3.92424e-06 0)
(1.49219e-05 3.87923e-06 0)
(1.62582e-05 3.83961e-06 0)
(2.06614e-05 3.77023e-06 0)
(3.19375e-05 3.88406e-06 0)
(5.78756e-05 3.74903e-06 0)
(0.000155611 2.4933e-06 0)
(0.000376502 -4.80747e-06 0)
(0.00142705 -1.95039e-05 0)
(0.00305476 -8.06027e-05 0)
(0.01189 -0.000135935 0)
(0.0167862 -0.000396363 0)
(0.061457 -0.000327618 0)
(0.0438439 -0.000482342 0)
(0.130237 -0.00100129 0)
(0.147158 0.00386454 0)
(0.000458928 6.30894e-05 0)
(0.000223358 2.51654e-05 0)
(-0.00249159 -6.42638e-06 0)
(-0.000191675 -1.48581e-05 0)
(-0.00123316 -4.08659e-06 0)
(-0.000573994 -1.3967e-05 0)
(-0.000194295 -1.19172e-05 0)
(0.000101494 -7.01724e-06 0)
(9.57569e-05 -3.93855e-06 0)
(7.81053e-05 -3.73536e-06 0)
(5.32193e-05 -3.52794e-06 0)
(3.64356e-05 -3.34574e-06 0)
(2.57171e-05 -3.23048e-06 0)
(1.92842e-05 -3.281e-06 0)
(1.5902e-05 -3.32119e-06 0)
(1.49219e-05 -3.36176e-06 0)
(1.62584e-05 -3.42078e-06 0)
(2.06639e-05 -3.52736e-06 0)
(3.19566e-05 -4.05522e-06 0)
(5.79144e-05 -5.32753e-06 0)
(0.000155662 -7.71335e-06 0)
(0.000376548 -1.6677e-05 0)
(0.00142705 -3.3155e-05 0)
(0.00305472 -9.87526e-05 0)
(0.0118898 -0.000157677 0)
(0.0167861 -0.000436423 0)
(0.0614569 -0.000360048 0)
(0.0438434 -0.000525026 0)
(0.130253 -0.00108978 0)
(0.144477 0.00403727 0)
(0.000869877 6.71182e-05 0)
(0.000223439 3.49996e-05 0)
(-0.00249161 5.19837e-06 0)
(-0.00019166 -6.31212e-06 0)
(-0.00123311 7.53994e-06 0)
(-0.00057396 -5.53619e-06 0)
(-0.000194211 -3.76808e-06 0)
(0.00010155 7.02811e-07 0)
(9.57748e-05 3.7244e-06 0)
(7.8114e-05 4.11445e-06 0)
(5.32338e-05 3.81647e-06 0)
(3.64431e-05 3.39595e-06 0)
(2.57188e-05 3.04857e-06 0)
(1.92845e-05 2.94789e-06 0)
(1.59021e-05 2.87755e-06 0)
(1.49217e-05 2.82372e-06 0)
(1.62579e-05 2.77762e-06 0)
(2.06605e-05 2.69722e-06 0)
(3.19348e-05 2.79481e-06 0)
(5.787e-05 2.36166e-06 0)
(0.000155594 5.98125e-07 0)
(0.000376463 -8.31671e-06 0)
(0.00142692 -2.57957e-05 0)
(0.00305457 -9.76028e-05 0)
(0.0118895 -0.000162554 0)
(0.0167859 -0.000467516 0)
(0.0614568 -0.000386575 0)
(0.0438429 -0.000566701 0)
(0.130257 -0.00118715 0)
(0.143558 0.00464538 0)
(0.00111365 8.33764e-05 0)
(0.000223342 3.30995e-05 0)
(-0.00249168 -8.49199e-06 0)
(-0.000191681 -1.69686e-05 0)
(-0.00123319 -6.13527e-06 0)
(-0.000574044 -1.75207e-05 0)
(-0.000194328 -1.5405e-05 0)
(0.000101481 -9.55634e-06 0)
(9.57552e-05 -5.94379e-06 0)
(7.81005e-05 -5.72879e-06 0)
(5.321e-05 -5.418e-06 0)
(3.64299e-05 -5.11474e-06 0)
(2.57153e-05 -4.74894e-06 0)
(1.92837e-05 -4.77562e-06 0)
(1.59017e-05 -4.80848e-06 0)
(1.49218e-05 -4.85038e-06 0)
(1.62584e-05 -4.93099e-06 0)
(2.06658e-05 -5.07885e-06 0)
(3.19673e-05 -5.9624e-06 0)
(5.79328e-05 -7.57373e-06 0)
(0.000155674 -1.04539e-05 0)
(0.000376534 -2.11632e-05 0)
(0.00142692 -4.08348e-05 0)
(0.00305449 -0.000119123 0)
(0.0118891 -0.000189198 0)
(0.0167857 -0.000523056 0)
(0.0614568 -0.000430929 0)
(0.0438421 -0.000629611 0)
(0.130262 -0.0013235 0)
(0.14461 0.00512582 0)
(0.000732524 0.000105209 0)
(0.000223197 4.55921e-05 0)
(-0.00249174 7.14573e-06 0)
(-0.000191643 -8.57065e-06 0)
(-0.00123308 1.0617e-05 0)
(-0.000573956 -6.24035e-06 0)
(-0.000194144 -3.76985e-06 0)
(0.000101604 1.88236e-06 0)
(9.57937e-05 5.75029e-06 0)
(7.81205e-05 6.26194e-06 0)
(5.32439e-05 5.83826e-06 0)
(3.64497e-05 5.24148e-06 0)
(2.5721e-05 4.63569e-06 0)
(1.92845e-05 4.47085e-06 0)
(1.5902e-05 4.36751e-06 0)
(1.49213e-05 4.29295e-06 0)
(1.6257e-05 4.24435e-06 0)
(2.06554e-05 4.16301e-06 0)
(3.19159e-05 4.48097e-06 0)
(5.78342e-05 4.00242e-06 0)
(0.000155523 1.79839e-06 0)
(0.000376342 -9.45977e-06 0)
(0.00142662 -3.15483e-05 0)
(0.00305412 -0.000122298 0)
(0.0118884 -0.000204653 0)
(0.0167852 -0.000589105 0)
(0.0614566 -0.00048755 0)
(0.0438408 -0.000713526 0)
(0.130288 -0.00150958 0)
(0.142719 0.00518352 0)
(0.000731388 0.000124166 0)
(0.000222936 4.64169e-05 0)
(-0.00249185 -5.72339e-06 0)
(-0.000191671 -1.74791e-05 0)
(-0.00123318 -3.26844e-06 0)
(-0.000574089 -1.8518e-05 0)
(-0.000194303 -1.60453e-05 0)
(0.00010151 -8.98151e-06 0)
(9.57687e-05 -4.54674e-06 0)
(7.81007e-05 -4.20605e-06 0)
(5.32067e-05 -4.0241e-06 0)
(3.64261e-05 -3.88767e-06 0)
(2.57128e-05 -3.62291e-06 0)
(1.92828e-05 -3.64462e-06 0)
(1.59011e-05 -3.68981e-06 0)
(1.49213e-05 -3.74308e-06 0)
(1.62578e-05 -3.84289e-06 0)
(2.06664e-05 -4.02825e-06 0)
(3.19666e-05 -4.89056e-06 0)
(5.79243e-05 -6.54499e-06 0)
(0.000155632 -9.85194e-06 0)
(0.00037643 -2.30803e-05 0)
(0.00142657 -4.78342e-05 0)
(0.00305395 -0.000147286 0)
(0.0118877 -0.000236491 0)
(0.0167848 -0.000660857 0)
(0.0614564 -0.000545164 0)
(0.0438394 -0.000797468 0)
(0.130322 -0.00168272 0)
(0.1392 0.00612093 0)
(0.000729639 0.00014365 0)
(0.000222798 5.48637e-05 0)
(-0.00249194 4.19556e-06 0)
(-0.000191635 -1.37601e-05 0)
(-0.00123308 9.18103e-06 0)
(-0.000573996 -1.09716e-05 0)
(-0.000194114 -7.79673e-06 0)
(0.00010164 -5.00691e-07 0)
(9.58085e-05 4.38606e-06 0)
(7.81221e-05 4.95443e-06 0)
(5.32448e-05 4.62901e-06 0)
(3.64509e-05 4.12436e-06 0)
(2.57217e-05 3.61473e-06 0)
(1.92843e-05 3.38598e-06 0)
(1.59017e-05 3.26073e-06 0)
(1.49208e-05 3.16801e-06 0)
(1.62562e-05 3.10657e-06 0)
(2.06522e-05 3.00856e-06 0)
(3.19081e-05 3.12309e-06 0)
(5.78188e-05 2.17363e-06 0)
(0.000155471 -8.56296e-07 0)
(0.000376224 -1.50629e-05 0)
(0.00142623 -4.24872e-05 0)
(0.00305354 -0.000154287 0)
(0.0118868 -0.000255511 0)
(0.0167842 -0.000729048 0)
(0.0614562 -0.000602535 0)
(0.0438378 -0.00088149 0)
(0.130314 -0.00186865 0)
(0.142307 0.00723722 0)
(0.000728353 0.000163242 0)
(0.000222506 5.89884e-05 0)
(-0.00249206 -2.59053e-06 0)
(-0.000191655 -1.87491e-05 0)
(-0.00123318 -5.07223e-07 0)
(-0.000574142 -1.9476e-05 0)
(-0.00019427 -1.65532e-05 0)
(0.000101548 -8.27754e-06 0)
(9.57857e-05 -2.99267e-06 0)
(7.81014e-05 -2.52157e-06 0)
(5.32041e-05 -2.48829e-06 0)
(3.64229e-05 -2.54396e-06 0)
(2.57105e-05 -2.48014e-06 0)
(1.92817e-05 -2.49056e-06 0)
(1.59004e-05 -2.54666e-06 0)
(1.49208e-05 -2.60978e-06 0)
(1.62574e-05 -2.73002e-06 0)
(2.06665e-05 -2.96377e-06 0)
(3.19641e-05 -3.70324e-06 0)
(5.7912e-05 -5.3698e-06 0)
(0.000155579 -9.09027e-06 0)
(0.0003763 -2.48353e-05 0)
(0.00142613 -5.46886e-05 0)
(0.00305329 -0.000175425 0)
(0.0118859 -0.00028402 0)
(0.0167837 -0.00079906 0)
(0.061456 -0.000659861 0)
(0.043836 -0.000965409 0)
(0.130323 -0.00205096 0)
(0.143971 0.00745239 0)
(0.000727607 0.000182372 0)
(0.000222285 6.53494e-05 0)
(-0.00249218 8.35895e-07 0)
(-0.000191629 -1.80901e-05 0)
(-0.00123308 7.8915e-06 0)
(-0.000574046 -1.57352e-05 0)
(-0.00019408 -1.19399e-05 0)
(0.000101682 -2.99987e-06 0)
(9.58264e-05 2.88152e-06 0)
(7.81237e-05 3.49757e-06 0)
(5.32448e-05 3.28849e-06 0)
(3.64509e-05 2.89881e-06 0)
(2.57219e-05 2.53809e-06 0)
(1.92841e-05 2.28876e-06 0)
(1.59013e-05 2.14018e-06 0)
(1.49202e-05 2.02763e-06 0)
(1.62551e-05 1.9547e-06 0)
(2.06492e-05 1.85527e-06 0)
(3.19006e-05 1.65805e-06 0)
(5.78021e-05 2.09925e-07 0)
(0.000155411 -3.65736e-06 0)
(0.000376082 -2.08069e-05 0)
(0.00142576 -5.35346e-05 0)
(0.00305282 -0.000186205 0)
(0.0118849 -0.000306047 0)
(0.016783 -0.000868391 0)
(0.0614558 -0.000717183 0)
(0.0438341 -0.00104797 0)
(0.13034 -0.00223008 0)
(0.143903 0.00754559 0)
(0.000705874 0.000204684 0)
(0.000221942 7.09806e-05 0)
(-0.00249232 9.92476e-07 0)
(-0.000191633 -2.10111e-05 0)
(-0.00123317 2.09863e-06 0)
(-0.000574203 -2.04149e-05 0)
(-0.000194231 -1.6957e-05 0)
(0.000101594 -7.46627e-06 0)
(9.58059e-05 -1.32306e-06 0)
(7.81027e-05 -6.99478e-07 0)
(5.32023e-05 -8.31079e-07 0)
(3.64206e-05 -1.09894e-06 0)
(2.57086e-05 -1.25671e-06 0)
(1.92804e-05 -1.33472e-06 0)
(1.58996e-05 -1.4003e-06 0)
(1.49202e-05 -1.47142e-06 0)
(1.62568e-05 -1.61358e-06 0)
(2.06656e-05 -1.88765e-06 0)
(3.1959e-05 -2.41534e-06 0)
(5.78955e-05 -4.06895e-06 0)
(0.000155514 -8.19129e-06 0)
(0.000376146 -2.64573e-05 0)
(0.00142562 -6.14379e-05 0)
(0.0030525 -0.000203626 0)
(0.0118838 -0.000331882 0)
(0.0167823 -0.000937874 0)
(0.0614555 -0.00077498 0)
(0.0438318 -0.00113502 0)
(0.130352 -0.00241946 0)
(0.143714 0.00818384 0)
(8.38923e-05 0.000298399 0)
(0.000219795 9.03497e-05 0)
(-0.00249338 -2.82919e-05 0)
(-0.000191565 -2.08316e-05 0)
(-0.00123251 3.59466e-05 0)
(-0.000573458 -2.08549e-05 0)
(-0.000192809 -1.12761e-05 0)
(0.000102602 6.17155e-06 0)
(9.61155e-05 1.7868e-05 0)
(7.82734e-05 1.84221e-05 0)
(5.35078e-05 1.86758e-05 0)
(3.66345e-05 1.84821e-05 0)
(2.58012e-05 1.80363e-05 0)
(1.93042e-05 1.72064e-05 0)
(1.59092e-05 1.63525e-05 0)
(1.49154e-05 1.58186e-05 0)
(1.62343e-05 1.61106e-05 0)
(2.05268e-05 1.66696e-05 0)
(3.14792e-05 1.5966e-05 0)
(5.7073e-05 1.20058e-05 0)
(0.000154235 3.53503e-06 0)
(0.000374446 -2.80859e-05 0)
(0.0014226 -8.53457e-05 0)
(0.0030487 -0.000309617 0)
(0.011875 -0.000510655 0)
(0.0167769 -0.0014461 0)
(0.0614536 -0.00119373 0)
(0.0438147 -0.00174479 0)
(0.130473 -0.00376781 0)
(0.144112 0.0101754 0)
(9.59481e-05 0.000402415 0)
(0.000209935 0.000188182 0)
(-0.00249613 3.16738e-05 0)
(-0.000188974 -6.42189e-05 0)
(-0.00123374 -1.63168e-05 0)
(-0.00057685 -6.00879e-05 0)
(-0.000194317 -5.11462e-05 0)
(0.000101957 -2.9077e-05 0)
(9.60565e-05 -1.50832e-05 0)
(7.79888e-05 -1.314e-05 0)
(5.29406e-05 -1.40505e-05 0)
(3.62086e-05 -1.51839e-05 0)
(2.55745e-05 -1.57648e-05 0)
(1.91886e-05 -1.5738e-05 0)
(1.58325e-05 -1.54953e-05 0)
(1.49142e-05 -1.53468e-05 0)
(1.63124e-05 -1.60968e-05 0)
(2.07794e-05 -1.71728e-05 0)
(3.21762e-05 -1.81039e-05 0)
(5.80804e-05 -2.08196e-05 0)
(0.000154922 -2.93793e-05 0)
(0.000373852 -7.30205e-05 0)
(0.00141631 -0.000159638 0)
(0.00303774 -0.000519232 0)
(0.0118435 -0.000845813 0)
(0.0167573 -0.00239339 0)
(0.0614462 -0.00197521 0)
(0.0437495 -0.00289651 0)
(0.130812 -0.00616137 0)
(0.142347 0.0188829 0)
(7.96023e-05 0.00059334 0)
(0.00020406 0.00018711 0)
(-0.00250409 -3.78046e-05 0)
(-0.0001936 -6.12265e-05 0)
(-0.00123233 4.60968e-05 0)
(-0.000574934 -5.29019e-05 0)
(-0.000191496 -4.3088e-05 0)
(0.000104129 -8.04142e-06 0)
(9.67904e-05 1.61991e-05 0)
(7.83171e-05 1.80323e-05 0)
(5.34212e-05 1.81976e-05 0)
(3.65619e-05 1.76538e-05 0)
(2.57778e-05 1.70431e-05 0)
(1.93157e-05 1.62783e-05 0)
(1.59258e-05 1.5572e-05 0)
(1.48899e-05 1.48735e-05 0)
(1.6157e-05 1.48399e-05 0)
(2.04419e-05 1.44178e-05 0)
(3.13249e-05 1.23857e-05 0)
(5.65957e-05 4.64974e-06 0)
(0.000152025 -1.26057e-05 0)
(0.000368929 -8.1603e-05 0)
(0.00140372 -0.000209773 0)
(0.00301959 -0.000720617 0)
(0.011796 -0.00118176 0)
(0.0167279 -0.00334641 0)
(0.0614351 -0.00277436 0)
(0.043661 -0.00411763 0)
(0.13203 -0.00916441 0)
(0.106533 0.0262361 0)
(6.53079e-05 0.000672803 0)
(0.000183082 0.000348098 0)
(-0.00250669 4.19553e-05 0)
(-0.000185424 -9.77138e-05 0)
(-0.00123339 -8.88121e-06 0)
(-0.000580626 -0.000111429 0)
(-0.000192418 -8.84525e-05 0)
(0.000104467 -3.84689e-05 0)
(9.71607e-05 -1.14054e-05 0)
(7.80734e-05 -8.40669e-06 0)
(5.29246e-05 -9.86006e-06 0)
(3.61598e-05 -1.18751e-05 0)
(2.55163e-05 -1.32011e-05 0)
(1.91263e-05 -1.38877e-05 0)
(1.57731e-05 -1.43423e-05 0)
(1.48833e-05 -1.45699e-05 0)
(1.62933e-05 -1.52194e-05 0)
(2.06756e-05 -1.60495e-05 0)
(3.17627e-05 -1.7392e-05 0)
(5.70223e-05 -2.29318e-05 0)
(0.00015127 -3.9333e-05 0)
(0.000365502 -0.000118893 0)
(0.00138926 -0.000275156 0)
(0.00299648 -0.000918129 0)
(0.0117328 -0.00149889 0)
(0.0166878 -0.0042416 0)
(0.0614177 -0.00346371 0)
(0.0435026 -0.00504959 0)
(0.132877 -0.00873184 0)
(0.110235 0.0461475 0)
(3.88813e-05 0.000866516 0)
(0.00017725 0.00026166 0)
(-0.00252298 -5.25312e-05 0)
(-0.000195756 -0.000124803 0)
(-0.00123292 5.78783e-05 0)
(-0.000578304 -7.42486e-05 0)
(-0.000188405 -6.04931e-05 0)
(0.000107392 -2.22326e-05 0)
(9.80636e-05 1.42384e-05 0)
(7.83826e-05 1.74397e-05 0)
(5.32744e-05 1.75131e-05 0)
(3.64205e-05 1.66418e-05 0)
(2.56926e-05 1.58942e-05 0)
(1.92674e-05 1.52345e-05 0)
(1.5897e-05 1.47703e-05 0)
(1.48529e-05 1.42126e-05 0)
(1.60945e-05 1.3479e-05 0)
(2.03501e-05 1.20417e-05 0)
(3.10337e-05 8.62938e-06 0)
(5.56667e-05 -2.94591e-06 0)
(0.000147961 -2.91462e-05 0)
(0.000358943 -0.000136527 0)
(0.00136988 -0.000338631 0)
(0.00296772 -0.00115294 0)
(0.011656 -0.00189915 0)
(0.016643 -0.00539964 0)
(0.0614083 -0.00448728 0)
(0.0435065 -0.00689395 0)
(0.135064 -0.0140881 0)
(0.103547 0.0578968 0)
(2.31444e-05 0.00101965 0)
(0.000143961 0.000523252 0)
(-0.0025231 5.1763e-05 0)
(-0.000180752 -0.000106304 0)
(-0.00123125 4.4867e-06 0)
(-0.000585637 -0.000172827 0)
(-0.000190217 -0.000142981 0)
(0.000107632 -4.88797e-05 0)
(9.88408e-05 -7.49491e-06 0)
(7.82121e-05 -3.72002e-06 0)
(5.28908e-05 -5.77052e-06 0)
(3.60912e-05 -8.65589e-06 0)
(2.54567e-05 -1.07119e-05 0)
(1.90788e-05 -1.20973e-05 0)
(1.57299e-05 -1.32242e-05 0)
(1.48287e-05 -1.40881e-05 0)
(1.62014e-05 -1.43706e-05 0)
(2.04704e-05 -1.49808e-05 0)
(3.11282e-05 -1.6675e-05 0)
(5.54228e-05 -2.47221e-05 0)
(0.000145614 -4.80069e-05 0)
(0.000352396 -0.000158402 0)
(0.00134622 -0.000373912 0)
(0.00293036 -0.00125637 0)
(0.0115536 -0.00205627 0)
(0.0165751 -0.00583653 0)
(0.061343 -0.00476294 0)
(0.0430893 -0.0069919 0)
(0.136819 -0.0105216 0)
(-0.0831268 0.0743428 0)
(-0.00592583 0.00107225 0)
(0.000139397 0.000324922 0)
(-0.00254724 -6.81301e-05 0)
(-0.000196242 -0.000213143 0)
(-0.00123528 5.4574e-05 0)
(-0.000584482 -8.77311e-05 0)
(-0.000183286 -6.09101e-05 0)
(0.000112955 -3.09842e-05 0)
(9.97923e-05 1.27801e-05 0)
(7.82683e-05 1.74346e-05 0)
(5.28758e-05 1.73283e-05 0)
(3.60202e-05 1.60268e-05 0)
(2.53549e-05 1.50664e-05 0)
(1.89685e-05 1.44356e-05 0)
(1.56199e-05 1.4128e-05 0)
(1.46116e-05 1.38626e-05 0)
(1.58644e-05 1.22942e-05 0)
(2.00609e-05 9.95826e-06 0)
(3.04307e-05 5.20544e-06 0)
(5.4151e-05 -1.04488e-05 0)
(0.000142113 -4.68868e-05 0)
(0.000344943 -0.000200438 0)
(0.00132307 -0.000492735 0)
(0.00289417 -0.00167399 0)
(0.0114052 -0.0027529 0)
(0.0163661 -0.00779704 0)
(0.0595923 -0.00638184 0)
(0.0409909 -0.0100784 0)
(0.134349 -0.0106948 0)
(0.00150435 0.0787277 0)
(-0.0571671 0.000812041 0)
(0.00404553 0.000455592 0)
(0.000110092 5.98337e-05 0)
(0.000797642 -9.02337e-05 0)
(-0.000544329 3.93937e-05 0)
(-0.000299591 -0.000240461 0)
(1.04401e-05 -0.000216763 0)
(0.00018575 -7.14501e-05 0)
(0.000128711 -3.95672e-06 0)
(9.42179e-05 9.15957e-08 0)
(6.28452e-05 -2.7402e-06 0)
(4.24613e-05 -6.24405e-06 0)
(2.95102e-05 -8.84132e-06 0)
(2.14407e-05 -1.07596e-05 0)
(1.6414e-05 -1.23985e-05 0)
(1.37891e-05 -1.38889e-05 0)
(1.39234e-05 -1.38238e-05 0)
(1.69683e-05 -1.43326e-05 0)
(2.46209e-05 -1.62331e-05 0)
(4.15867e-05 -2.53026e-05 0)
(0.000100184 -5.10719e-05 0)
(0.000234063 -0.000172837 0)
(0.000868787 -0.000414122 0)
(0.00190741 -0.00141421 0)
(0.00749425 -0.00235971 0)
(0.0110352 -0.00684204 0)
(0.0397712 -0.00574792 0)
(0.0277671 -0.00996323 0)
(0.0362507 -0.00940135 0)
(-0.827669 0.0168384 0)
(4.08334 -0.00665358 0)
(4.73048 -0.00230662 0)
(5.26724 -2.80523e-05 0)
(6.14582 -0.000629018 0)
(6.87971 -0.00127571 0)
(5.75928 -1.52901e-05 0)
(1.03353 0.00116833 0)
(0.147721 0.0006885 0)
(0.0690689 4.22066e-05 0)
(0.0450991 2.96672e-05 0)
(0.0299969 2.62541e-05 0)
(0.0204261 2.16844e-05 0)
(0.0141917 1.846e-05 0)
(0.0101031 1.64468e-05 0)
(0.00728888 1.52837e-05 0)
(0.00545401 1.44151e-05 0)
(0.00478652 1.22103e-05 0)
(0.00511609 8.53198e-06 0)
(0.00624447 2.20067e-06 0)
(0.00834028 -1.81434e-05 0)
(0.011705 -6.60078e-05 0)
(0.0168565 -0.000268292 0)
(0.0244833 -0.000649564 0)
(0.0355575 -0.00216537 0)
(0.051699 -0.00353088 0)
(0.072692 -0.00977594 0)
(0.107678 -0.00588715 0)
(-0.0936674 -0.00822445 0)
(0.107323 0.0225634 0)
(5.38662 -0.173657 0)
(10.1236 -0.0444779 0)
(10.0887 -0.0469968 0)
(8.78907 -0.0575748 0)
(5.62468 -0.0580393 0)
(4.55179 0.0330537 0)
(2.28213 0.236082 0)
(0.285759 0.21141 0)
(0.130697 0.0349544 0)
(0.0661187 0.0037898 0)
(0.0412559 0.00154385 0)
(0.027005 0.000953297 0)
(0.0183615 0.000609602 0)
(0.012804 0.000393383 0)
(0.00921201 0.000257098 0)
(0.00698707 0.000168586 0)
(0.00577428 8.50154e-05 0)
(0.005373 -3.06638e-06 0)
(0.00572526 -7.30403e-05 0)
(0.00689124 -0.000146548 0)
(0.00904567 -0.000247349 0)
(0.0124969 -0.000400743 0)
(0.0177751 -0.000712338 0)
(0.0255769 -0.00124034 0)
(0.0369089 -0.00262814 0)
(0.0533764 -0.0041637 0)
(0.075074 -0.00932626 0)
(0.110472 -0.00273767 0)
(0.178465 -0.00989604 0)
(0.350239 -0.198043 0)
(0.152647 -0.447295 0)
(2.58935 -0.0234354 0)
(3.85417 0.0497622 0)
(3.22813 0.171097 0)
(1.97873 0.147224 0)
(1.82411 0.116562 0)
(0.633299 0.201397 0)
(0.166089 0.134617 0)
(0.1299 0.0220684 0)
(0.0659504 0.00442257 0)
(0.0412081 0.00187763 0)
(0.0269887 0.00110734 0)
(0.0183536 0.000703872 0)
(0.0127994 0.00045836 0)
(0.00920907 0.000297775 0)
(0.00698569 0.000186365 0)
(0.0057739 9.83246e-05 0)
(0.00537231 1.34739e-05 0)
(0.00572422 -6.29483e-05 0)
(0.00688989 -0.000150805 0)
(0.00904319 -0.000271812 0)
(0.0124904 -0.00045525 0)
(0.0177611 -0.000819317 0)
(0.0255374 -0.00143366 0)
(0.0368474 -0.00306002 0)
(0.0532148 -0.00485455 0)
(0.075029 -0.0110186 0)
(0.1104 -0.00764818 0)
(0.190923 -0.0169462 0)
(0.344668 -0.0187524 0)
(0.392148 -0.285648 0)
(0.443352 -0.141934 0)
(0.717862 -0.0610663 0)
(0.639993 0.039621 0)
(0.547981 0.0331856 0)
(0.505926 0.133907 0)
(0.11179 0.275739 0)
(0.144698 0.191651 0)
(0.124833 0.0321072 0)
(0.0652698 0.00682036 0)
(0.0411094 0.00298853 0)
(0.0269522 0.00177333 0)
(0.0183327 0.0011224 0)
(0.0127863 0.000725215 0)
(0.00920042 0.00046711 0)
(0.00697891 0.0002888 0)
(0.00576745 0.000139062 0)
(0.00536666 4.79829e-07 0)
(0.00571881 -0.000128055 0)
(0.00688293 -0.000271006 0)
(0.00903333 -0.000461467 0)
(0.0124743 -0.000739586 0)
(0.0177342 -0.00122831 0)
(0.0254824 -0.00202849 0)
(0.0367636 -0.00385044 0)
(0.0530399 -0.00600529 0)
(0.0749499 -0.0121702 0)
(0.110145 -0.0100576 0)
(0.179999 -0.0194017 0)
(0.32643 -0.166334 0)
(0.279776 -0.414909 0)
(-0.0280031 -0.0677187 0)
(-0.0196817 0.0342676 0)
(0.036479 0.154307 0)
(0.0715819 0.115438 0)
(0.0286968 0.122315 0)
(0.00798095 0.246194 0)
(0.14037 0.162532 0)
(0.121926 0.0310706 0)
(0.064726 0.00822927 0)
(0.0409952 0.00365078 0)
(0.02691 0.0021505 0)
(0.0183093 0.00136088 0)
(0.0127717 0.000881549 0)
(0.00919061 0.000567507 0)
(0.00697181 0.00034831 0)
(0.0057617 0.000173628 0)
(0.005361 1.31128e-05 0)
(0.00571273 -0.000137676 0)
(0.00687579 -0.000308032 0)
(0.00902339 -0.000532649 0)
(0.012458 -0.000857564 0)
(0.0177068 -0.00141283 0)
(0.0254268 -0.0023117 0)
(0.0366795 -0.00425709 0)
(0.0528641 -0.00662066 0)
(0.0748652 -0.0130438 0)
(0.109912 -0.0119382 0)
(0.183384 -0.0255546 0)
(0.328769 -0.0594879 0)
(0.316931 -0.346771 0)
(-0.0943154 -0.128214 0)
(-0.15316 -0.0521393 0)
(-0.0826641 0.0599844 0)
(-0.0461571 0.0625717 0)
(-0.0937634 0.131327 0)
(-0.00968417 0.248956 0)
(0.134734 0.167823 0)
(0.118498 0.0336882 0)
(0.0641231 0.0099103 0)
(0.0408528 0.00449599 0)
(0.0268552 0.00265084 0)
(0.0182789 0.0016753 0)
(0.0127527 0.00108342 0)
(0.00917783 0.000695133 0)
(0.00696223 0.000422718 0)
(0.00575325 0.000204135 0)
(0.00535348 4.54114e-06 0)
(0.0057052 -0.000182592 0)
(0.00686619 -0.000395686 0)
(0.00901005 -0.000675194 0)
(0.012437 -0.00107572 0)
(0.0176725 -0.0017341 0)
(0.025362 -0.00278561 0)
(0.0365811 -0.00491236 0)
(0.0526687 -0.00759411 0)
(0.0747287 -0.0142946 0)
(0.10956 -0.0147702 0)
(0.178512 -0.027784 0)
(0.313622 -0.142447 0)
(0.301644 -0.372959 0)
(-0.103916 -0.070788 0)
(-0.172387 0.0224852 0)
(-0.109898 0.126733 0)
(-0.0724885 0.091156 0)
(-0.116618 0.128841 0)
(-0.0103691 0.245494 0)
(0.131111 0.164072 0)
(0.115259 0.0354234 0)
(0.0635019 0.0114409 0)
(0.0406882 0.00527506 0)
(0.0267905 0.00311201 0)
(0.0182429 0.00196745 0)
(0.0127302 0.00127276 0)
(0.00916263 0.000816024 0)
(0.00695102 0.000494908 0)
(0.00574399 0.000240088 0)
(0.00534462 1.24978e-05 0)
(0.00569578 -0.000209597 0)
(0.00685493 -0.000459263 0)
(0.00899458 -0.000784436 0)
(0.0124131 -0.00124713 0)
(0.0176343 -0.00199085 0)
(0.0252919 -0.00316804 0)
(0.0364752 -0.00544895 0)
(0.0524649 -0.00839559 0)
(0.0745653 -0.0153684 0)
(0.109175 -0.016951 0)
(0.177383 -0.033214 0)
(0.313224 -0.0907465 0)
(0.300663 -0.355883 0)
(-0.10126 -0.116528 0)
(-0.17111 -0.0381985 0)
(-0.109665 0.0750577 0)
(-0.0754767 0.078737 0)
(-0.117737 0.127907 0)
(-0.00961939 0.239261 0)
(0.126447 0.160504 0)
(0.112126 0.0371493 0)
(0.0628582 0.0129227 0)
(0.0405009 0.00605458 0)
(0.0267153 0.00357687 0)
(0.018201 0.00226177 0)
(0.012704 0.00146311 0)
(0.00914489 0.000937179 0)
(0.00693784 0.000566336 0)
(0.00573283 0.000272159 0)
(0.00533443 8.47978e-06 0)
(0.00568522 -0.000242638 0)
(0.00684185 -0.000529946 0)
(0.00897668 -0.00090299 0)
(0.0123859 -0.00143125 0)
(0.0175912 -0.00226499 0)
(0.0252155 -0.00357469 0)
(0.0363597 -0.00601647 0)
(0.0522482 -0.00924339 0)
(0.0743713 -0.0164831 0)
(0.108728 -0.0193174 0)
(0.17472 -0.0360254 0)
(0.299213 -0.129467 0)
(0.286676 -0.358917 0)
(-0.101379 -0.0725957 0)
(-0.168957 0.0120706 0)
(-0.111465 0.106599 0)
(-0.0767159 0.0809532 0)
(-0.115616 0.126425 0)
(-0.00921979 0.233347 0)
(0.122304 0.157643 0)
(0.109081 0.0387868 0)
(0.062195 0.0143412 0)
(0.0402929 0.0068226 0)
(0.0266299 0.00403803 0)
(0.0181534 0.00255476 0)
(0.0126741 0.00165286 0)
(0.00912465 0.00105806 0)
(0.00692286 0.0006379 0)
(0.00572037 0.000306323 0)
(0.00532281 1.224e-05 0)
(0.00567297 -0.000274573 0)
(0.00682697 -0.000599487 0)
(0.00895641 -0.00102007 0)
(0.0123555 -0.00161322 0)
(0.0175435 -0.0025359 0)
(0.0251329 -0.00397593 0)
(0.0362351 -0.00657741 0)
(0.05202 -0.0100802 0)
(0.0741467 -0.0175947 0)
(0.108231 -0.0215698 0)
(0.172431 -0.0402999 0)
(0.297838 -0.110168 0)
(0.285404 -0.349784 0)
(-0.0985383 -0.103351 0)
(-0.164275 -0.0255093 0)
(-0.107487 0.084111 0)
(-0.0756292 0.0804652 0)
(-0.112172 0.125353 0)
(-0.00870132 0.228697 0)
(0.118318 0.154801 0)
(0.106124 0.0403365 0)
(0.0615138 0.015701 0)
(0.0400652 0.00758015 0)
(0.0265346 0.00449616 0)
(0.0181 0.00284661 0)
(0.0126406 0.00184203 0)
(0.00910191 0.00117862 0)
(0.00690601 0.00070925 0)
(0.00570634 0.000339488 0)
(0.00530982 1.16623e-05 0)
(0.00565931 -0.000306473 0)
(0.00681029 -0.00066887 0)
(0.00893376 -0.00113684 0)
(0.0123217 -0.00179461 0)
(0.0174911 -0.00280588 0)
(0.0250442 -0.00437538 0)
(0.0361013 -0.00713619 0)
(0.05178 -0.0109139 0)
(0.0738928 -0.0187032 0)
(0.107686 -0.0237873 0)
(0.170103 -0.0435299 0)
(0.286475 -0.125987 0)
(0.272382 -0.350833 0)
(-0.0980885 -0.0751809 0)
(-0.160751 0.00366469 0)
(-0.106607 0.0927674 0)
(-0.0748362 0.08012 0)
(-0.109004 0.124643 0)
(-0.00812759 0.223931 0)
(0.114459 0.152033 0)
(0.103252 0.0418089 0)
(0.060816 0.0170045 0)
(0.039819 0.00832653 0)
(0.0264295 0.0049508 0)
(0.018041 0.00313711 0)
(0.0126035 0.00203054 0)
(0.00907668 0.00129881 0)
(0.00688732 0.000780409 0)
(0.00569084 0.000372827 0)
(0.00529545 1.29356e-05 0)
(0.00564414 -0.000338291 0)
(0.00679181 -0.000738055 0)
(0.00890874 -0.00125325 0)
(0.0122848 -0.00197534 0)
(0.0174342 -0.00307475 0)
(0.0249494 -0.00477214 0)
(0.0359584 -0.00769233 0)
(0.0515281 -0.0117432 0)
(0.0736097 -0.0198104 0)
(0.107093 -0.0259516 0)
(0.167753 -0.0470922 0)
(0.282411 -0.121429 0)
(0.271066 -0.342797 0)
(-0.0959166 -0.0914238 0)
(-0.157209 -0.0155157 0)
(-0.10412 0.0870127 0)
(-0.0740158 0.0796817 0)
(-0.105961 0.123696 0)
(-0.00757972 0.21922 0)
(0.110731 0.149353 0)
(0.100463 0.0432051 0)
(0.0601032 0.0182539 0)
(0.0395553 0.00906142 0)
(0.0263149 0.00540172 0)
(0.0179764 0.00342615 0)
(0.0125627 0.00221832 0)
(0.00904897 0.0014186 0)
(0.0068668 0.000851353 0)
(0.00567385 0.000406044 0)
(0.0052797 1.36895e-05 0)
(0.0056275 -0.000370019 0)
(0.00677154 -0.000807023 0)
(0.00888136 -0.00136926 0)
(0.0122446 -0.00215537 0)
(0.0173727 -0.00334244 0)
(0.0248481 -0.00516942 0)
(0.0358064 -0.00824577 0)
(0.0512645 -0.0125677 0)
(0.0732992 -0.0209122 0)
(0.106456 -0.0280685 0)
(0.165433 -0.0503342 0)
(0.274286 -0.127544 0)
(0.259699 -0.342643 0)
(-0.0950153 -0.0764682 0)
(-0.153657 -0.00189815 0)
(-0.102562 0.085781 0)
(-0.0732054 0.0792149 0)
(-0.103 0.122709 0)
(-0.0070622 0.214659 0)
(0.107126 0.146757 0)
(0.0977543 0.0445282 0)
(0.0593766 0.0194517 0)
(0.0392752 0.00978446 0)
(0.026191 0.00584871 0)
(0.0179062 0.00371362 0)
(0.0125184 0.0024053 0)
(0.0090188 0.00153795 0)
(0.00684445 0.000922063 0)
(0.00565537 0.000439159 0)
(0.00526257 1.44948e-05 0)
(0.00560938 -0.000401648 0)
(0.0067495 -0.000875755 0)
(0.00885164 -0.00148485 0)
(0.0122012 -0.00233464 0)
(0.0173067 -0.00360891 0)
(0.0247421 -0.00555748 0)
(0.0356453 -0.00879626 0)
(0.0509892 -0.013387 0)
(0.0729618 -0.0220097 0)
(0.105776 -0.0301374 0)
(0.163112 -0.0535395 0)
(0.268476 -0.128482 0)
(0.256497 -0.336584 0)
(-0.0930044 -0.0819361 0)
(-0.149998 -0.00878318 0)
(-0.100547 0.0842778 0)
(-0.072399 0.0787518 0)
(-0.100127 0.121736 0)
(-0.00657473 0.21024 0)
(0.103637 0.144244 0)
(0.0951224 0.0457814 0)
(0.0586377 0.0206001 0)
(0.0389798 0.0104954 0)
(0.0260579 0.00629154 0)
(0.0178306 0.00399939 0)
(0.0124706 0.00259143 0)
(0.00898616 0.00165682 0)
(0.00682027 0.000992519 0)
(0.00563542 0.000472164 0)
(0.00524408 1.52905e-05 0)
(0.00558979 -0.000433169 0)
(0.00672568 -0.000944234 0)
(0.00881959 -0.00159998 0)
(0.0121546 -0.00251311 0)
(0.0172362 -0.00387407 0)
(0.0246294 -0.00595014 0)
(0.0354753 -0.00934377 0)
(0.0507021 -0.0142008 0)
(0.0725984 -0.0231019 0)
(0.105055 -0.0321599 0)
(0.160807 -0.0566045 0)
(0.261934 -0.131369 0)
(0.247857 -0.334738 0)
(-0.0919931 -0.0757176 0)
(-0.146632 -0.00432785 0)
(-0.0987949 0.0825504 0)
(-0.0715773 0.0782884 0)
(-0.0973429 0.120761 0)
(-0.00612157 0.205949 0)
(0.100264 0.141809 0)
(0.092565 0.0469676 0)
(0.0578875 0.0217013 0)
(0.0386698 0.0111939 0)
(0.025916 0.00673003 0)
(0.0177495 0.00428334 0)
(0.0124192 0.00277664 0)
(0.00895109 0.00177519 0)
(0.00679428 0.0010627 0)
(0.005614 0.000505048 0)
(0.00522423 1.60771e-05 0)
(0.00556873 -0.000464573 0)
(0.00670009 -0.00101244 0)
(0.00878521 -0.00171463 0)
(0.0121049 -0.00269073 0)
(0.0171612 -0.00413787 0)
(0.0245103 -0.00634059 0)
(0.0352964 -0.00988811 0)
(0.0504035 -0.0150088 0)
(0.0722097 -0.0241878 0)
(0.104296 -0.0341367 0)
(0.15851 -0.059571 0)
(0.255868 -0.133431 0)
(0.242878 -0.330431 0)
(-0.0903877 -0.0751505 0)
(-0.143287 -0.00519143 0)
(-0.096992 0.0809267 0)
(-0.0707462 0.0778156 0)
(-0.0946362 0.119782 0)
(-0.00570095 0.201787 0)
(0.0970033 0.13945 0)
(0.0900796 0.0480897 0)
(0.0571274 0.0227572 0)
(0.0383462 0.0118798 0)
(0.0257654 0.007164 0)
(0.0176632 0.00456538 0)
(0.0123644 0.00296087 0)
(0.00891358 0.00189301 0)
(0.00676649 0.00113258 0)
(0.00559111 0.000537803 0)
(0.00520301 1.68546e-05 0)
(0.00554622 -0.000495853 0)
(0.00667274 -0.00108036 0)
(0.00874852 -0.00182876 0)
(0.012052 -0.00286746 0)
(0.0170817 -0.00440023 0)
(0.024385 -0.00672548 0)
(0.0351087 -0.0104292 0)
(0.0500934 -0.0158108 0)
(0.0717966 -0.0252669 0)
(0.1035 -0.0360688 0)
(0.156225 -0.0624302 0)
(0.249849 -0.135638 0)
(0.236083 -0.327635 0)
(-0.0890377 -0.072789 0)
(-0.140039 -0.00420518 0)
(-0.0952277 0.0793645 0)
(-0.0699008 0.0773414 0)
(-0.0920164 0.118799 0)
(-0.00530241 0.197745 0)
(0.0938467 0.137166 0)
(0.0876639 0.0491503 0)
(0.0563583 0.02377 0)
(0.0380099 0.0125529 0)
(0.0256063 0.00759328 0)
(0.0175716 0.00484539 0)
(0.0123061 0.00314406 0)
(0.00887366 0.00201024 0)
(0.0067369 0.00120215 0)
(0.00556676 0.000570417 0)
(0.00518044 1.76232e-05 0)
(0.00552225 -0.000527 0)
(0.00664365 -0.00114797 0)
(0.00870953 -0.00194234 0)
(0.011996 -0.00304327 0)
(0.0169978 -0.00466109 0)
(0.0242544 -0.00710692 0)
(0.0349122 -0.0109669 0)
(0.0497719 -0.0166063 0)
(0.0713598 -0.0263385 0)
(0.102669 -0.0379572 0)
(0.15395 -0.0651899 0)
(0.244009 -0.13768 0)
(0.230447 -0.324198 0)
(-0.0876348 -0.0708446 0)
(-0.136844 -0.0036456 0)
(-0.0934922 0.0778454 0)
(-0.06905 0.0768594 0)
(-0.0894661 0.117816 0)
(-0.00493641 0.193825 0)
(0.0907955 0.134951 0)
(0.0853154 0.050152 0)
(0.0555813 0.0247414 0)
(0.0376616 0.0132131 0)
(0.0254391 0.00801773 0)
(0.0174748 0.00512328 0)
(0.0122443 0.00332616 0)
(0.00883135 0.00212687 0)
(0.00670552 0.00127139 0)
(0.00554096 0.000602883 0)
(0.00515652 1.83826e-05 0)
(0.00549684 -0.000558005 0)
(0.00661281 -0.00121525 0)
(0.00866826 -0.00205535 0)
(0.0119369 -0.00321809 0)
(0.0169096 -0.00492038 0)
(0.0241178 -0.00748719 0)
(0.034707 -0.011501 0)
(0.049439 -0.0173952 0)
(0.0709001 -0.0274021 0)
(0.101805 -0.0398027 0)
(0.151685 -0.0678522 0)
(0.238301 -0.139658 0)
(0.224485 -0.321183 0)
(-0.086245 -0.0689323 0)
(-0.133736 -0.00307296 0)
(-0.0917832 0.0763739 0)
(-0.068182 0.0763793 0)
(-0.0869972 0.116831 0)
(-0.00459042 0.190017 0)
(0.0878423 0.132807 0)
(0.0830319 0.0510972 0)
(0.0547974 0.0256734 0)
(0.0373021 0.0138602 0)
(0.0252638 0.00843721 0)
(0.0173729 0.00539894 0)
(0.0121792 0.0035071 0)
(0.00878665 0.00224284 0)
(0.00667236 0.00134026 0)
(0.00551371 0.000635191 0)
(0.00513127 1.91332e-05 0)
(0.00547 -0.00058886 0)
(0.00658025 -0.00128219 0)
(0.00862472 -0.00216776 0)
(0.0118747 -0.00339189 0)
(0.016817 -0.00517806 0)
(0.0239754 -0.0078643 0)
(0.0344932 -0.0120315 0)
(0.049095 -0.0181771 0)
(0.0704183 -0.0284569 0)
(0.100909 -0.0416064 0)
(0.149431 -0.0704211 0)
(0.232732 -0.141546 0)
(0.218871 -0.318102 0)
(-0.0848633 -0.0670779 0)
(-0.130703 -0.0025304 0)
(-0.0900912 0.0749512 0)
(-0.0673095 0.0758932 0)
(-0.0845943 0.115849 0)
(-0.00427309 0.186323 0)
(0.0849872 0.130729 0)
(0.0808113 0.0519884 0)
(0.0540074 0.0265676 0)
(0.0369321 0.0144942 0)
(0.0250808 0.00885159 0)
(0.017266 0.00567228 0)
(0.0121107 0.00368683 0)
(0.00873959 0.00235813 0)
(0.00663744 0.00140877 0)
(0.00548502 0.000667332 0)
(0.00510467 1.98734e-05 0)
(0.00544172 -0.000619555 0)
(0.00654596 -0.00134877 0)
(0.00857893 -0.00227953 0)
(0.0118094 -0.00356463 0)
(0.0167202 -0.00543404 0)
(0.0238273 -0.00823869 0)
(0.0342709 -0.0125582 0)
(0.0487398 -0.0189518 0)
(0.069915 -0.0295026 0)
(0.0999832 -0.0433689 0)
(0.147187 -0.0728995 0)
(0.227295 -0.143356 0)
(0.213313 -0.315159 0)
(-0.0834979 -0.0652899 0)
(-0.127724 -0.00198947 0)
(-0.0884231 0.0735705 0)
(-0.0664291 0.0754072 0)
(-0.0822631 0.114867 0)
(-0.00397713 0.182735 0)
(0.0822254 0.128716 0)
(0.0786514 0.0528278 0)
(0.0532123 0.0274258 0)
(0.0365523 0.0151151 0)
(0.0248903 0.00926075 0)
(0.0171542 0.00594323 0)
(0.0120388 0.00386529 0)
(0.00869018 0.0024727 0)
(0.00660077 0.00147688 0)
(0.0054549 0.000699296 0)
(0.00507675 2.06062e-05 0)
(0.00541202 -0.000650085 0)
(0.00650996 -0.00141497 0)
(0.00853089 -0.00239064 0)
(0.0117411 -0.00373626 0)
(0.0166191 -0.00568829 0)
(0.0236735 -0.00861012 0)
(0.0340401 -0.013081 0)
(0.0483737 -0.0197192 0)
(0.069391 -0.0305386 0)
(0.0990291 -0.0450913 0)
(0.144953 -0.0752908 0)
(0.221986 -0.145087 0)
(0.207921 -0.31227 0)
(-0.0821386 -0.063565 0)
(-0.124821 -0.00148171 0)
(-0.0867751 0.0722355 0)
(-0.0655442 0.0749197 0)
(-0.0799981 0.113888 0)
(-0.00369952 0.179252 0)
(0.0795518 0.126766 0)
(0.0765502 0.0536176 0)
(0.0524128 0.0282496 0)
(0.0361632 0.0157229 0)
(0.0246925 0.0096646 0)
(0.0170376 0.00621168 0)
(0.0119637 0.00404244 0)
(0.00863845 0.00258653 0)
(0.00656235 0.00154458 0)
(0.00542337 0.000731075 0)
(0.00504751 2.13288e-05 0)
(0.00538091 -0.00068044 0)
(0.00647225 -0.00148078 0)
(0.00848063 -0.00250105 0)
(0.0116697 -0.00390675 0)
(0.0165139 -0.00594073 0)
(0.023514 -0.00897855 0)
(0.033801 -0.0135997 0)
(0.0479968 -0.0204788 0)
(0.068847 -0.0315644 0)
(0.0980479 -0.0467743 0)
(0.142729 -0.077598 0)
(0.2168 -0.146744 0)
(0.20265 -0.309464 0)
(-0.0807925 -0.0618863 0)
(-0.121971 -0.000977946 0)
(-0.0851547 0.0709378 0)
(-0.0646538 0.0744316 0)
(-0.0777932 0.112913 0)
(-0.00344558 0.175871 0)
(0.0769666 0.124876 0)
(0.0745059 0.0543599 0)
(0.0516097 0.0290405 0)
(0.0357656 0.0163175 0)
(0.0244876 0.010063 0)
(0.0169161 0.00647756 0)
(0.0118853 0.00421821 0)
(0.0085844 0.00269957 0)
(0.0065222 0.00161184 0)
(0.00539041 0.00076266 0)
(0.00501696 2.20423e-05 0)
(0.0053484 -0.000710612 0)
(0.00643286 -0.00154617 0)
(0.00842817 -0.00261075 0)
(0.0115954 -0.00407604 0)
(0.0164044 -0.0061913 0)
(0.0233489 -0.00934391 0)
(0.0335537 -0.0141142 0)
(0.0476092 -0.0212307 0)
(0.0682835 -0.0325797 0)
(0.0970414 -0.0484187 0)
(0.140516 -0.0798239 0)
(0.211734 -0.148329 0)
(0.19751 -0.306728 0)
(-0.0794533 -0.0602675 0)
(-0.119189 -0.000501661 0)
(-0.083554 0.0696821 0)
(-0.0637558 0.0739452 0)
(-0.0756556 0.11194 0)
(-0.00320595 0.172587 0)
(0.0744638 0.123046 0)
(0.0725165 0.0550566 0)
(0.0508038 0.0298 0)
(0.0353599 0.016899 0)
(0.0242759 0.010456 0)
(0.0167901 0.00674079 0)
(0.0118037 0.00439257 0)
(0.00852807 0.0028118 0)
(0.00648033 0.00167866 0)
(0.00535605 0.000794042 0)
(0.00498511 2.2747e-05 0)
(0.00531448 -0.000740593 0)
(0.00639179 -0.00161114 0)
(0.00837351 -0.0027197 0)
(0.0115181 -0.00424411 0)
(0.0162908 -0.00643995 0)
(0.0231783 -0.0097061 0)
(0.0332983 -0.0146245 0)
(0.0472111 -0.0219744 0)
(0.0677013 -0.033584 0)
(0.0960108 -0.0500253 0)
(0.138313 -0.0819715 0)
(0.206783 -0.149845 0)
(0.192493 -0.304063 0)
(-0.0781262 -0.058703 0)
(-0.116466 -3.31757e-05 0)
(-0.0819737 0.0684659 0)
(-0.0628548 0.073458 0)
(-0.0735738 0.110974 0)
(-0.00298745 0.169399 0)
(0.0720435 0.121272 0)
(0.0705801 0.0557097 0)
(0.0499957 0.0305296 0)
(0.0349467 0.0174675 0)
(0.0240575 0.0108433 0)
(0.0166594 0.00700131 0)
(0.0117189 0.00456545 0)
(0.00846948 0.00292319 0)
(0.00643675 0.00174501 0)
(0.0053203 0.000825212 0)
(0.00495196 2.34418e-05 0)
(0.00527919 -0.000770375 0)
(0.00634906 -0.00167565 0)
(0.00831667 -0.00282788 0)
(0.0114378 -0.0044109 0)
(0.0161731 -0.00668662 0)
(0.0230021 -0.0100651 0)
(0.0330349 -0.0151303 0)
(0.0468026 -0.0227099 0)
(0.0671009 -0.0345769 0)
(0.0949573 -0.0515949 0)
(0.136119 -0.0840433 0)
(0.201944 -0.151294 0)
(0.187597 -0.301467 0)
(-0.0768084 -0.0571843 0)
(-0.113801 0.000413166 0)
(-0.0804137 0.0672853 0)
(-0.061948 0.0729736 0)
(-0.0715522 0.110013 0)
(-0.00278441 0.166302 0)
(0.0697015 0.119554 0)
(0.0686951 0.056321 0)
(0.049186 0.0312306 0)
(0.0345266 0.0180231 0)
(0.0238328 0.0112251 0)
(0.0165242 0.00725903 0)
(0.011631 0.00473681 0)
(0.00840864 0.0030337 0)
(0.00639149 0.00181087 0)
(0.00528317 0.000856162 0)
(0.00491752 2.41266e-05 0)
(0.00524251 -0.00079995 0)
(0.00630467 -0.00173971 0)
(0.00825768 -0.00293525 0)
(0.0113547 -0.00457639 0)
(0.0160514 -0.00693125 0)
(0.0228204 -0.0104208 0)
(0.0327635 -0.0156316 0)
(0.0463839 -0.0234369 0)
(0.0664829 -0.0355582 0)
(0.0938823 -0.0531282 0)
(0.133936 -0.0860421 0)
(0.197213 -0.152679 0)
(0.182817 -0.298939 0)
(-0.0755 -0.055719 0)
(-0.111191 0.000840621 0)
(-0.0788729 0.0661421 0)
(-0.0610392 0.0724897 0)
(-0.069585 0.109058 0)
(-0.00259517 0.163295 0)
(0.0674338 0.11789 0)
(0.0668597 0.0568923 0)
(0.0483754 0.0319044 0)
(0.0340999 0.0185659 0)
(0.0236018 0.0116011 0)
(0.0163846 0.00751389 0)
(0.01154 0.00490661 0)
(0.00834557 0.00314331 0)
(0.00634455 0.00187623 0)
(0.00524465 0.000886883 0)
(0.0048818 2.48023e-05 0)
(0.00520447 -0.000829311 0)
(0.00625864 -0.00180328 0)
(0.00819655 -0.0030418 0)
(0.0112686 -0.00474052 0)
(0.0159257 -0.00717378 0)
(0.0226334 -0.0107731 0)
(0.0324843 -0.0161282 0)
(0.0459551 -0.0241553 0)
(0.065848 -0.0365274 0)
(0.0927869 -0.0546259 0)
(0.131763 -0.0879703 0)
(0.192587 -0.154002 0)
(0.178152 -0.296477 0)
(-0.0741997 -0.0542979 0)
(-0.108633 0.0012513 0)
(-0.0773554 0.0650312 0)
(-0.0601257 0.0720094 0)
(-0.0676728 0.10811 0)
(-0.0024217 0.160375 0)
(0.0652403 0.116278 0)
(0.0650724 0.0574253 0)
(0.0475644 0.0325521 0)
(0.0336671 0.0190959 0)
(0.0233648 0.0119713 0)
(0.0162407 0.00776583 0)
(0.011446 0.00507479 0)
(0.00828031 0.00325199 0)
(0.00629594 0.00194106 0)
(0.00520478 0.000917367 0)
(0.00484482 2.54684e-05 0)
(0.00516508 -0.000858449 0)
(0.00621099 -0.00186636 0)
(0.0081333 -0.00314748 0)
(0.0111797 -0.00490327 0)
(0.015796 -0.00741416 0)
(0.022441 -0.011122 0)
(0.0321974 -0.0166201 0)
(0.0455164 -0.0248649 0)
(0.0651967 -0.0374845 0)
(0.0916723 -0.0560887 0)
(0.1296 -0.0898305 0)
(0.188061 -0.155266 0)
(0.173597 -0.294078 0)
(-0.0729091 -0.0529239 0)
(-0.106133 0.00164985 0)
(-0.0758563 0.0639557 0)
(-0.0592111 0.0715306 0)
(-0.0658102 0.10717 0)
(-0.00226245 0.157538 0)
(0.0631172 0.114716 0)
(0.0633314 0.0579217 0)
(0.0467536 0.033175 0)
(0.0332286 0.0196133 0)
(0.0231221 0.0123358 0)
(0.0160926 0.00801478 0)
(0.0113489 0.00524132 0)
(0.00821287 0.0033597 0)
(0.00624569 0.00200536 0)
(0.00516355 0.000947605 0)
(0.00480658 2.61249e-05 0)
(0.00512434 -0.000887358 0)
(0.00616171 -0.00192893 0)
(0.00806795 -0.00325229 0)
(0.0110879 -0.00506458 0)
(0.0156624 -0.00765234 0)
(0.0222433 -0.0114673 0)
(0.0319029 -0.017107 0)
(0.0450679 -0.0255655 0)
(0.0645296 -0.038429 0)
(0.0905395 -0.0575174 0)
(0.127447 -0.0916248 0)
(0.183634 -0.156472 0)
(0.16915 -0.291742 0)
(-0.0716312 -0.0515978 0)
(-0.103679 0.00203815 0)
(-0.0743765 0.0629117 0)
(-0.0582931 0.071056 0)
(-0.0639998 0.106237 0)
(-0.00211493 0.154783 0)
(0.0610622 0.113204 0)
(0.0616354 0.058383 0)
(0.0459434 0.0337741 0)
(0.0327848 0.0201183 0)
(0.0228737 0.0126944 0)
(0.0159403 0.0082607 0)
(0.0112488 0.00540615 0)
(0.00814327 0.00346642 0)
(0.0061938 0.00206909 0)
(0.00512098 0.00097759 0)
(0.0047671 2.67716e-05 0)
(0.00508226 -0.000916029 0)
(0.00611084 -0.00199097 0)
(0.00800052 -0.00335619 0)
(0.0109933 -0.00522443 0)
(0.0155249 -0.00788825 0)
(0.0220404 -0.0118091 0)
(0.031601 -0.0175888 0)
(0.0446099 -0.0262571 0)
(0.0638472 -0.0393608 0)
(0.0893897 -0.0589126 0)
(0.125304 -0.0933557 0)
(0.179301 -0.157624 0)
(0.164807 -0.289467 0)
(-0.0703592 -0.0503092 0)
(-0.101278 0.0024088 0)
(-0.0729111 0.0619015 0)
(-0.0573749 0.070584 0)
(-0.0622369 0.105313 0)
(-0.00197786 0.152107 0)
(0.059072 0.111739 0)
(0.0599827 0.0588109 0)
(0.0451343 0.0343505 0)
(0.0323362 0.020611 0)
(0.02262 0.0130471 0)
(0.015784 0.00850353 0)
(0.0111458 0.00556924 0)
(0.00807155 0.00357212 0)
(0.0061403 0.00213226 0)
(0.00507708 0.00100731 0)
(0.00472637 2.74084e-05 0)
(0.00503887 -0.000944455 0)
(0.00605839 -0.00205247 0)
(0.00793103 -0.00345915 0)
(0.010896 -0.00538278 0)
(0.0153836 -0.00812185 0)
(0.0218323 -0.0121473 0)
(0.0312917 -0.0180655 0)
(0.0441424 -0.0269394 0)
(0.06315 -0.0402797 0)
(0.0882239 -0.0602749 0)
(0.123171 -0.0950253 0)
(0.17506 -0.158722 0)
(0.160566 -0.287252 0)
(-0.0690988 -0.0490677 0)
(-0.0989209 0.00277058 0)
(-0.0714713 0.0609171 0)
(-0.0564542 0.0701167 0)
(-0.0605216 0.104398 0)
(-0.00185284 0.149507 0)
(0.0571461 0.110319 0)
(0.0583721 0.0592069 0)
(0.0443268 0.0349052 0)
(0.0318829 0.0210916 0)
(0.0223611 0.0133939 0)
(0.0156237 0.00874322 0)
(0.01104 0.00573054 0)
(0.00799773 0.00367678 0)
(0.00608519 0.00219483 0)
(0.00503186 0.00103677 0)
(0.00468442 2.80353e-05 0)
(0.00499416 -0.000972628 0)
(0.00600436 -0.00211341 0)
(0.0078595 -0.00356115 0)
(0.0107959 -0.00553959 0)
(0.0152385 -0.00835309 0)
(0.0216191 -0.0124818 0)
(0.0309751 -0.0185368 0)
(0.0436658 -0.0276124 0)
(0.0624385 -0.0411855 0)
(0.087043 -0.061605 0)
(0.121049 -0.0966356 0)
(0.170908 -0.15977 0)
(0.156423 -0.285094 0)
(-0.0678468 -0.0478627 0)
(-0.0966109 0.0031176 0)
(-0.0700476 0.0599647 0)
(-0.0555338 0.0696527 0)
(-0.0588498 0.103492 0)
(-0.00173852 0.146983 0)
(0.0552814 0.108944 0)
(0.0568022 0.0595726 0)
(0.0435212 0.0354391 0)
(0.0314255 0.0215602 0)
(0.0220971 0.0137348 0)
(0.0154595 0.00897972 0)
(0.0109313 0.00589003 0)
(0.00792183 0.00378036 0)
(0.0060285 0.0022568 0)
(0.00498534 0.00106594 0)
(0.00464126 2.86523e-05 0)
(0.00494816 -0.00100054 0)
(0.00594878 -0.00217377 0)
(0.00778595 -0.00366217 0)
(0.0106931 -0.00569482 0)
(0.0150896 -0.0085819 0)
(0.0214008 -0.0128125 0)
(0.0306514 -0.0190027 0)
(0.04318 -0.0282758 0)
(0.0617132 -0.0420781 0)
(0.0858481 -0.0629034 0)
(0.118936 -0.0981887 0)
(0.166842 -0.160769 0)
(0.152376 -0.282993 0)
(-0.0666034 -0.0466961 0)
(-0.0943483 0.0034491 0)
(-0.0686396 0.0590408 0)
(-0.054612 0.069194 0)
(-0.0572233 0.102596 0)
(-0.00163296 0.144531 0)
(0.0534758 0.107612 0)
(0.0552715 0.0599094 0)
(0.042718 0.0359528 0)
(0.030964 0.022017 0)
(0.0218284 0.0140697 0)
(0.0152915 0.00921298 0)
(0.0108198 0.00604766 0)
(0.00784387 0.00388285 0)
(0.00597025 0.00231815 0)
(0.00493752 0.00109483 0)
(0.00459689 2.92591e-05 0)
(0.00490087 -0.00102819 0)
(0.00589166 -0.00223354 0)
(0.0077104 -0.00376218 0)
(0.0105875 -0.00584843 0)
(0.0149371 -0.00880825 0)
(0.0211775 -0.0131394 0)
(0.0303208 -0.0194631 0)
(0.0426853 -0.0289295 0)
(0.0609746 -0.0429573 0)
(0.0846401 -0.0641708 0)
(0.116833 -0.0996866 0)
(0.162859 -0.161722 0)
(0.148423 -0.280947 0)
(-0.0653706 -0.0455698 0)
(-0.0921273 0.00377354 0)
(-0.067247 0.0581446 0)
(-0.0536912 0.0687392 0)
(-0.0556375 0.10171 0)
(-0.00153659 0.142149 0)
(0.0517273 0.106322 0)
(0.0537789 0.0602188 0)
(0.0419175 0.0364473 0)
(0.030499 0.0224621 0)
(0.021555 0.0143987 0)
(0.0151198 0.00944297 0)
(0.0107056 0.00620339 0)
(0.00776389 0.00398421 0)
(0.00591044 0.00237886 0)
(0.00488843 0.00112343 0)
(0.00455133 2.98559e-05 0)
(0.00485231 -0.00105556 0)
(0.00583301 -0.00229271 0)
(0.00763288 -0.00386115 0)
(0.0104794 -0.0060004 0)
(0.0147809 -0.00903208 0)
(0.0209494 -0.0134624 0)
(0.0299833 -0.0199178 0)
(0.0421819 -0.0295734 0)
(0.0602231 -0.0438231 0)
(0.0834196 -0.0654077 0)
(0.11474 -0.101131 0)
(0.158954 -0.162629 0)
(0.144558 -0.278954 0)
(-0.0641439 -0.0444785 0)
(-0.0899476 0.00408296 0)
(-0.0658736 0.0572735 0)
(-0.0527697 0.0682902 0)
(-0.0540938 0.100835 0)
(-0.00144774 0.139837 0)
(0.0500338 0.105072 0)
(0.052323 0.0605024 0)
(0.04112 0.036923 0)
(0.0300305 0.0228958 0)
(0.0212771 0.0147216 0)
(0.0149444 0.00966964 0)
(0.0105887 0.0063572 0)
(0.00768191 0.00408442 0)
(0.00584911 0.00243891 0)
(0.00483806 0.00115173 0)
(0.00450459 3.04424e-05 0)
(0.0048025 -0.00108265 0)
(0.00577286 -0.00235126 0)
(0.0075534 -0.00395907 0)
(0.0103686 -0.00615069 0)
(0.0146211 -0.00925334 0)
(0.0207164 -0.0137814 0)
(0.029639 -0.0203668 0)
(0.0416699 -0.0302074 0)
(0.0594591 -0.0446754 0)
(0.0821874 -0.0666147 0)
(0.112656 -0.102524 0)
(0.155124 -0.163493 0)
(0.14078 -0.277013 0)
(-0.0629296 -0.0434224 0)
(-0.0878081 0.0043825 0)
(-0.0645158 0.0564283 0)
(-0.0518496 0.0678458 0)
(-0.0525883 0.0999706 0)
(-0.00136678 0.137591 0)
(0.0483935 0.103861 0)
(0.0509027 0.0607616 0)
(0.0403258 0.0373806 0)
(0.029559 0.0233183 0)
(0.0209949 0.0150386 0)
(0.0147656 0.00989296 0)
(0.0104691 0.00650904 0)
(0.00759796 0.00418345 0)
(0.00578626 0.00249829 0)
(0.00478645 0.00117972 0)
(0.00445668 3.10186e-05 0)
(0.00475143 -0.00110946 0)
(0.00571121 -0.00240918 0)
(0.00747199 -0.0040559 0)
(0.0102552 -0.00629925 0)
(0.0144578 -0.00947199 0)
(0.0204785 -0.0140964 0)
(0.0292881 -0.02081 0)
(0.0411494 -0.0308315 0)
(0.058683 -0.0455138 0)
(0.080944 -0.0677923 0)
(0.110582 -0.103867 0)
(0.151371 -0.164316 0)
(0.13709 -0.275123 0)
(-0.0617217 -0.0423997 0)
(-0.0857124 0.00467024 0)
(-0.0631701 0.0556088 0)
(-0.0509297 0.0674074 0)
(-0.051122 0.0991173 0)
(-0.00129222 0.135411 0)
(0.0468046 0.102687 0)
(0.0495169 0.0609978 0)
(0.0395351 0.0378206 0)
(0.0290846 0.0237297 0)
(0.0207086 0.0153496 0)
(0.0145832 0.0101129 0)
(0.0103469 0.00665888 0)
(0.00751207 0.00428129 0)
(0.00572191 0.00255699 0)
(0.0047336 0.00120739 0)
(0.00440762 3.15845e-05 0)
(0.00469914 -0.00113597 0)
(0.00564809 -0.00246644 0)
(0.00738867 -0.00415163 0)
(0.0101392 -0.00644607 0)
(0.014291 -0.00968797 0)
(0.020236 -0.0144074 0)
(0.0289307 -0.0212472 0)
(0.0406207 -0.0314458 0)
(0.0578951 -0.0463383 0)
(0.0796908 -0.0689412 0)
(0.108519 -0.105163 0)
(0.147706 -0.165099 0)
(0.13349 -0.273287 0)
(-0.0605215 -0.0414116 0)
(-0.0836591 0.00494928 0)
(-0.0618382 0.0548103 0)
(-0.0500109 0.0669745 0)
(-0.0496915 0.0982758 0)
(-0.00122439 0.133294 0)
(0.0452651 0.10155 0)
(0.0481643 0.0612125 0)
(0.0387483 0.0382434 0)
(0.0286076 0.0241301 0)
(0.0204184 0.0156547 0)
(0.0143976 0.0103294 0)
(0.0102221 0.0068067 0)
(0.00742426 0.00437791 0)
(0.00565609 0.00261499 0)
(0.00467952 0.00123475 0)
(0.00435742 3.214e-05 0)
(0.00464562 -0.00116217 0)
(0.00558351 -0.00252305 0)
(0.00730347 -0.00424622 0)
(0.0100207 -0.0065911 0)
(0.0141207 -0.00990125 0)
(0.0199888 -0.0147142 0)
(0.0285669 -0.0216785 0)
(0.040084 -0.0320502 0)
(0.0570962 -0.0471485 0)
(0.0784292 -0.0700618 0)
(0.10647 -0.106412 0)
(0.144131 -0.165845 0)
(0.129969 -0.271501 0)
(-0.0593316 -0.040454 0)
(-0.0816512 0.00521271 0)
(-0.0605106 0.0540416 0)
(-0.0490939 0.0665475 0)
(-0.0482972 0.0974458 0)
(-0.00116199 0.131239 0)
(0.0437734 0.100448 0)
(0.046844 0.061407 0)
(0.0379655 0.0386495 0)
(0.0281282 0.0245199 0)
(0.0201243 0.0159537 0)
(0.0142086 0.0105425 0)
(0.0100948 0.00695245 0)
(0.00733456 0.00447328 0)
(0.00558882 0.00267228 0)
(0.00462424 0.00126177 0)
(0.00430609 3.26851e-05 0)
(0.0045909 -0.00118807 0)
(0.0055175 -0.00257897 0)
(0.0072164 -0.00433967 0)
(0.00989971 -0.00673431 0)
(0.013947 -0.0101118 0)
(0.0197371 -0.0150169 0)
(0.0281969 -0.0221036 0)
(0.0395394 -0.0326449 0)
(0.0562868 -0.0479445 0)
(0.0771609 -0.0711545 0)
(0.104435 -0.107616 0)
(0.140631 -0.166553 0)
(0.126496 -0.269752 0)
(-0.0581484 -0.039528 0)
(-0.0796879 0.00546843 0)
(-0.0591927 0.0532916 0)
(-0.0481778 0.066127 0)
(-0.0469364 0.096628 0)
(-0.00110528 0.129245 0)
(0.0423279 0.0993799 0)
(0.0455548 0.0615824 0)
(0.0371869 0.0390395 0)
(0.0276467 0.0248992 0)
(0.0198265 0.0162468 0)
(0.0140164 0.0107521 0)
(0.0099651 0.00709612 0)
(0.007243 0.00456739 0)
(0.0055201 0.00272884 0)
(0.00456776 0.00128846 0)
(0.00425365 3.32188e-05 0)
(0.004535 -0.00121365 0)
(0.00545006 -0.00263421 0)
(0.00712751 -0.00443194 0)
(0.00977626 -0.00687567 0)
(0.01377 -0.0103195 0)
(0.0194808 -0.0153153 0)
(0.0278208 -0.0225226 0)
(0.0389873 -0.0332296 0)
(0.0554675 -0.0487259 0)
(0.0758858 -0.0722198 0)
(0.10241 -0.108777 0)
(0.137157 -0.167225 0)
(0.123022 -0.268035 0)
(-0.0569726 -0.038634 0)
(-0.0777755 0.00570605 0)
(-0.0578749 0.0525706 0)
(-0.0472617 0.0657134 0)
(-0.0456095 0.0958224 0)
(-0.00105326 0.12731 0)
(0.0409269 0.0983446 0)
(0.0442957 0.0617401 0)
(0.0364127 0.0394137 0)
(0.0271632 0.0252682 0)
(0.0195252 0.016534 0)
(0.0138211 0.0109582 0)
(0.00983294 0.00723767 0)
(0.00714962 0.00466021 0)
(0.00544997 0.00278466 0)
(0.00451011 0.00131481 0)
(0.00420011 3.37428e-05 0)
(0.00447792 -0.00123891 0)
(0.00538122 -0.00268874 0)
(0.0070368 -0.00452302 0)
(0.00965039 -0.00701515 0)
(0.0135897 -0.0105244 0)
(0.0192202 -0.0156094 0)
(0.0274388 -0.0229353 0)
(0.0384278 -0.0338045 0)
(0.0546381 -0.0494928 0)
(0.0746015 -0.0732585 0)
(0.100383 -0.109896 0)
(0.133659 -0.167859 0)
(0.119502 -0.266367 0)
(-0.0558037 -0.0377626 0)
(-0.0758889 0.00593471 0)
(-0.0565806 0.051869 0)
(-0.0463458 0.0653072 0)
(-0.0443153 0.0950293 0)
(-0.00100556 0.125433 0)
(0.0395688 0.0973411 0)
(0.0430657 0.061881 0)
(0.0356431 0.0397728 0)
(0.0266779 0.0256271 0)
(0.0192205 0.0168152 0)
(0.0136227 0.0111607 0)
(0.0096984 0.00737708 0)
(0.00705443 0.00475172 0)
(0.00537844 0.00283972 0)
(0.00445129 0.0013408 0)
(0.00414548 3.42559e-05 0)
(0.00441968 -0.00126385 0)
(0.005311 -0.00274255 0)
(0.0069443 -0.00461288 0)
(0.00952212 -0.00715272 0)
(0.0134061 -0.0107264 0)
(0.0189551 -0.0158992 0)
(0.0270508 -0.0233417 0)
(0.0378606 -0.0343696 0)
(0.0537981 -0.0502454 0)
(0.0733057 -0.0742708 0)
(0.0983448 -0.11097 0)
(0.130093 -0.168456 0)
(0.115931 -0.264775 0)
(-0.0546412 -0.0369224 0)
(-0.0740042 0.0061677 0)
(-0.0553321 0.0511746 0)
(-0.0454333 0.0649065 0)
(-0.0430503 0.094249 0)
(-0.000963144 0.123612 0)
(0.0382525 0.0963682 0)
(0.0418639 0.0620062 0)
(0.0348781 0.0401172 0)
(0.0261911 0.0259761 0)
(0.0189126 0.0170906 0)
(0.0134214 0.0113598 0)
(0.00956153 0.00751432 0)
(0.00695747 0.0048419 0)
(0.00530553 0.00289402 0)
(0.00439132 0.00136644 0)
(0.00408978 3.47582e-05 0)
(0.0043603 -0.00128845 0)
(0.00523941 -0.00279563 0)
(0.00685004 -0.0047015 0)
(0.00939149 -0.00728833 0)
(0.0132193 -0.0109254 0)
(0.0186857 -0.0161844 0)
(0.0266567 -0.0237415 0)
(0.0372853 -0.0349244 0)
(0.0529466 -0.0509815 0)
(0.0719924 -0.0752514 0)
(0.0962664 -0.111999 0)
(0.126508 -0.169021 0)
(0.11238 -0.263239 0)
(-0.0534878 -0.0361083 0)
(-0.0721491 0.00638511 0)
(-0.0540994 0.050509 0)
(-0.0445217 0.0645146 0)
(-0.0418158 0.0934826 0)
(-0.000924171 0.121846 0)
(0.0369761 0.0954252 0)
(0.0406893 0.0621166 0)
(0.0341179 0.0404473 0)
(0.025703 0.0263153 0)
(0.0186016 0.01736 0)
(0.0132172 0.0115552 0)
(0.00942238 0.00764936 0)
(0.00685877 0.00493073 0)
(0.00523127 0.00294753 0)
(0.00433023 0.00139172 0)
(0.00403303 3.52496e-05 0)
(0.0042998 -0.0013127 0)
(0.00516647 -0.00284797 0)
(0.00675405 -0.00478885 0)
(0.00925851 -0.00742199 0)
(0.0130291 -0.0111216 0)
(0.0184114 -0.0164658 0)
(0.0262558 -0.0241352 0)
(0.0367003 -0.0354692 0)
(0.0520741 -0.051703 0)
(0.0706282 -0.076212 0)
(0.0941392 -0.11299 0)
(0.123013 -0.169555 0)
(0.108994 -0.261695 0)
(-0.0523418 -0.0353229 0)
(-0.0703287 0.00658978 0)
(-0.0528799 0.0498602 0)
(-0.0436131 0.0641241 0)
(-0.0406107 0.0927253 0)
(-0.000888492 0.120132 0)
(0.0357382 0.0945114 0)
(0.039541 0.0622135 0)
(0.0333625 0.0407637 0)
(0.0252136 0.0266451 0)
(0.0182876 0.0176236 0)
(0.0130102 0.0117471 0)
(0.009281 0.00778218 0)
(0.00675836 0.0050182 0)
(0.00515567 0.00300025 0)
(0.00426801 0.00141663 0)
(0.00397523 3.57312e-05 0)
(0.00423818 -0.00133661 0)
(0.00509221 -0.00289954 0)
(0.00665633 -0.00487491 0)
(0.00912325 -0.00755357 0)
(0.0128362 -0.0113144 0)
(0.0181342 -0.0167415 0)
(0.0258488 -0.0245216 0)
(0.036105 -0.0360039 0)
(0.0511812 -0.0524117 0)
(0.0692486 -0.0771442 0)
(0.092055 -0.113939 0)
(0.119695 -0.170044 0)
(0.105865 -0.260113 0)
(-0.0511995 -0.0345669 0)
(-0.0685361 0.0067958 0)
(-0.0516693 0.0492408 0)
(-0.0427057 0.0637519 0)
(-0.0394323 0.0919943 0)
(-0.000855648 0.118478 0)
(0.0345377 0.0936251 0)
(0.0384183 0.062296 0)
(0.0326122 0.0410659 0)
(0.0247232 0.0269653 0)
(0.0179708 0.0178812 0)
(0.0128004 0.0119353 0)
(0.00913743 0.00791274 0)
(0.00665627 0.00510427 0)
(0.00507876 0.00305216 0)
(0.0042047 0.00144117 0)
(0.0039164 3.61968e-05 0)
(0.00417545 -0.00136019 0)
(0.00501659 -0.00295041 0)
(0.00655683 -0.00495984 0)
(0.0089855 -0.00768358 0)
(0.0126395 -0.0115054 0)
(0.017851 -0.0170153 0)
(0.0254343 -0.0249051 0)
(0.0355002 -0.0365342 0)
(0.0502896 -0.053109 0)
(0.0678935 -0.0780599 0)
(0.0900236 -0.114863 0)
(0.116553 -0.170497 0)
(0.102911 -0.258575 0)
(-0.0500392 -0.0338185 0)
(-0.0667758 0.00697632 0)
(-0.0504763 0.048621 0)
(-0.041803 0.0633647 0)
(-0.0382822 0.0912446 0)
(-0.000826607 0.116851 0)
(0.033372 0.0927665 0)
(0.0373194 0.0623713 0)
(0.0318663 0.0413583 0)
(0.0242317 0.027278 0)
(0.0176511 0.0181338 0)
(0.012588 0.0121203 0)
(0.00899172 0.00804122 0)
(0.00655253 0.00518903 0)
(0.00500055 0.00310329 0)
(0.00414032 0.00146533 0)
(0.00385658 3.665e-05 0)
(0.0041117 -0.0013834 0)
(0.00493985 -0.00300042 0)
(0.00645611 -0.00504315 0)
(0.00884666 -0.00781064 0)
(0.0124424 -0.0116911 0)
(0.0175691 -0.0172799 0)
(0.0250241 -0.0252743 0)
(0.0349065 -0.0370419 0)
(0.049424 -0.0537744 0)
(0.0666054 -0.0789273 0)
(0.0881034 -0.115722 0)
(0.113554 -0.170944 0)
(0.100071 -0.25717 0)
(-0.0467258 -0.0318383 0)
(-0.061642 0.00745884 0)
(-0.0469717 0.0469424 0)
(-0.0391348 0.0622641 0)
(-0.0349522 0.0891392 0)
(-0.000739937 0.112464 0)
(0.0300268 0.0904535 0)
(0.0341378 0.062499 0)
(0.0296746 0.0421227 0)
(0.0227748 0.0281311 0)
(0.0166969 0.0188357 0)
(0.0119513 0.0126394 0)
(0.00855396 0.00840365 0)
(0.00624046 0.00542878 0)
(0.00476516 0.00324808 0)
(0.00394645 0.00153368 0)
(0.00367639 3.76819e-05 0)
(0.00391955 -0.00144999 0)
(0.00470831 -0.00314351 0)
(0.00615168 -0.00528159 0)
(0.00842579 -0.00817476 0)
(0.0118427 -0.0122245 0)
(0.0167091 -0.0180417 0)
(0.0237798 -0.0263363 0)
(0.0331251 -0.0384934 0)
(0.0468307 -0.0556751 0)
(0.0628455 -0.0813558 0)
(0.0826433 -0.118092 0)
(0.105429 -0.172145 0)
(0.0924918 -0.253491 0)
(-0.0413324 -0.0288336 0)
(-0.0537615 0.00819056 0)
(-0.0414095 0.0444459 0)
(-0.0347736 0.0606116 0)
(-0.0299804 0.0859362 0)
(-0.000633301 0.105886 0)
(0.0252204 0.0869541 0)
(0.0293679 0.0625782 0)
(0.0261559 0.043229 0)
(0.0203428 0.0294182 0)
(0.0150537 0.0199149 0)
(0.0108349 0.0134451 0)
(0.00777834 0.00896946 0)
(0.00568433 0.00580427 0)
(0.00434439 0.00347531 0)
(0.00359946 0.00164118 0)
(0.00335368 3.95984e-05 0)
(0.00357545 -0.00155407 0)
(0.00429409 -0.00336737 0)
(0.00560801 -0.00565449 0)
(0.00767591 -0.00874382 0)
(0.0107779 -0.0130572 0)
(0.0151866 -0.0192298 0)
(0.0215742 -0.0279967 0)
(0.0299579 -0.0407735 0)
(0.0422259 -0.0586429 0)
(0.056183 -0.0851401 0)
(0.0731805 -0.121688 0)
(0.0918425 -0.173761 0)
(0.0799804 -0.2475 0)
(-0.0361165 -0.0263676 0)
(-0.0463592 0.00879966 0)
(-0.036071 0.0423257 0)
(-0.0304853 0.059156 0)
(-0.0254797 0.0831131 0)
(-0.000547683 0.100338 0)
(0.0210332 0.083981 0)
(0.0250336 0.0624961 0)
(0.0227624 0.0441037 0)
(0.0179142 0.0305049 0)
(0.0133667 0.0208552 0)
(0.00966927 0.0141579 0)
(0.00696086 0.00947428 0)
(0.00509496 0.00614096 0)
(0.0038972 0.00367968 0)
(0.00323021 0.00173813 0)
(0.00301006 4.15423e-05 0)
(0.00320908 -0.00164734 0)
(0.00385343 -0.00356817 0)
(0.00503073 -0.00598873 0)
(0.00688228 -0.00925277 0)
(0.00965649 -0.0137997 0)
(0.0135943 -0.0202831 0)
(0.0192893 -0.0294557 0)
(0.0267298 -0.0427446 0)
(0.0375714 -0.0611676 0)
(0.0496365 -0.0882619 0)
(0.064053 -0.12453 0)
(0.0790456 -0.174977 0)
(0.0680814 -0.2426 0)
(-0.0310068 -0.0242806 0)
(-0.0394078 0.0092709 0)
(-0.0309252 0.0405382 0)
(-0.0262706 0.0578703 0)
(-0.0213681 0.0806335 0)
(-0.000467343 0.0956833 0)
(0.0173564 0.0814838 0)
(0.0210627 0.0623226 0)
(0.0194873 0.0447994 0)
(0.0154959 0.0314182 0)
(0.0116455 0.0216671 0)
(0.00846198 0.0147813 0)
(0.00610683 0.00991906 0)
(0.00447617 0.00643882 0)
(0.00342644 0.00386086 0)
(0.00284101 0.00182411 0)
(0.00264769 4.31098e-05 0)
(0.0028227 -0.00173037 0)
(0.00338894 -0.00374674 0)
(0.00442281 -0.00628582 0)
(0.0060475 -0.00970498 0)
(0.00847851 -0.0144594 0)
(0.0119232 -0.0212198 0)
(0.0168966 -0.0307541 0)
(0.0233585 -0.0444995 0)
(0.0327473 -0.0633975 0)
(0.0429708 -0.0909835 0)
(0.0550511 -0.126894 0)
(0.0670272 -0.175857 0)
(0.0573061 -0.238385 0)
(-0.0260654 -0.0225917 0)
(-0.0328212 0.00964997 0)
(-0.0259463 0.0390578 0)
(-0.0221264 0.0567615 0)
(-0.0175754 0.0785 0)
(-0.000381801 0.0918351 0)
(0.0140962 0.0794171 0)
(0.0173916 0.062102 0)
(0.0163202 0.0453458 0)
(0.0130916 0.0321726 0)
(0.00989801 0.0223543 0)
(0.00721985 0.015315 0)
(0.00522148 0.0103023 0)
(0.00383184 0.00669642 0)
(0.00293507 0.00401788 0)
(0.0024343 0.00189866 0)
(0.00226884 4.44205e-05 0)
(0.00241876 -0.00180245 0)
(0.00290359 -0.00390167 0)
(0.0037883 -0.00654336 0)
(0.00517767 -0.0100964 0)
(0.00725458 -0.0150291 0)
(0.0101946 -0.0220255 0)
(0.0144322 -0.0318661 0)
(0.019909 -0.0459904 0)
(0.0278466 -0.0652714 0)
(0.0363287 -0.0932305 0)
(0.0462458 -0.128782 0)
(0.0556415 -0.176488 0)
(0.0472255 -0.234893 0)
(-0.0212371 -0.0212121 0)
(-0.0265397 0.00994176 0)
(-0.0211073 0.0378577 0)
(-0.0180473 0.0558299 0)
(-0.0140393 0.0767139 0)
(-0.000284864 0.0887239 0)
(0.0111705 0.0777453 0)
(0.0139638 0.0618705 0)
(0.0132482 0.0457683 0)
(0.0107025 0.0327823 0)
(0.00813075 0.0229208 0)
(0.00594919 0.0157594 0)
(0.00430988 0.0106232 0)
(0.00316587 0.00691274 0)
(0.00242614 0.00414997 0)
(0.00201262 0.00196139 0)
(0.00187589 4.54129e-05 0)
(0.00199979 -0.0018632 0)
(0.00240038 -0.00403215 0)
(0.00313096 -0.00676016 0)
(0.00427767 -0.0104257 0)
(0.00598987 -0.0155083 0)
(0.00840959 -0.0227032 0)
(0.0118891 -0.0327975 0)
(0.0163531 -0.0472359 0)
(0.0228257 -0.0668243 0)
(0.0296221 -0.0950746 0)
(0.0375525 -0.130276 0)
(0.0447434 -0.176932 0)
(0.0377832 -0.232059 0)
(-0.0164911 -0.0201461 0)
(-0.0204974 0.010162 0)
(-0.0163818 0.0369179 0)
(-0.014025 0.0550773 0)
(-0.0107046 0.0752754 0)
(-0.00017308 0.0862939 0)
(0.00850675 0.0764406 0)
(0.010728 0.0616566 0)
(0.0102562 0.0460869 0)
(0.00832811 0.0332585 0)
(0.00634884 0.0233705 0)
(0.00465582 0.0161149 0)
(0.00337696 0.010881 0)
(0.00248218 0.00708695 0)
(0.00190274 0.00425649 0)
(0.00157856 0.00201207 0)
(0.00147129 4.62791e-05 0)
(0.00156841 -0.00191221 0)
(0.00188245 -0.00413733 0)
(0.00245515 -0.00693478 0)
(0.00335449 -0.0106905 0)
(0.00469873 -0.0158919 0)
(0.00659134 -0.0232432 0)
(0.00928183 -0.0335397 0)
(0.0127065 -0.048233 0)
(0.0177014 -0.0680562 0)
(0.0229015 -0.0965156 0)
(0.0289017 -0.131418 0)
(0.0341194 -0.177244 0)
(0.0287768 -0.22988 0)
(-0.0118081 -0.0193563 0)
(-0.0146375 0.0103161 0)
(-0.0117445 0.0362165 0)
(-0.0100498 0.0544979 0)
(-0.0075218 0.0741781 0)
(-4.65946e-05 0.0844984 0)
(0.00603992 0.0754813 0)
(0.00763756 0.0614829 0)
(0.00732786 0.0463178 0)
(0.00596631 0.0336113 0)
(0.00455639 0.0237071 0)
(0.00334515 0.0163825 0)
(0.00242755 0.0110755 0)
(0.00178467 0.00721857 0)
(0.00136804 0.00433699 0)
(0.00113481 0.00205028 0)
(0.00105745 4.67946e-05 0)
(0.00112683 -0.0019494 0)
(0.00135144 -0.0042171 0)
(0.00176034 -0.00706743 0)
(0.00240102 -0.0108925 0)
(0.00335792 -0.0161866 0)
(0.00472147 -0.0236544 0)
(0.00666362 -0.0340962 0)
(0.00921372 -0.0489553 0)
(0.0126865 -0.0689618 0)
(0.0162443 -0.0975963 0)
(0.0204415 -0.132227 0)
(0.0238002 -0.177426 0)
(0.0199545 -0.228282 0)
(-0.00716883 -0.0188301 0)
(-0.00891443 0.0104302 0)
(-0.00717593 0.0357646 0)
(-0.00610957 0.054116 0)
(-0.00443569 0.0734493 0)
(0.000105178 0.0833251 0)
(0.00371895 0.0748551 0)
(0.0046528 0.0613628 0)
(0.00444709 0.0464683 0)
(0.00361451 0.033843 0)
(0.0027569 0.0239291 0)
(0.00202222 0.0165593 0)
(0.00146632 0.0112042 0)
(0.00107721 0.00730574 0)
(0.000825171 0.00439047 0)
(0.000684112 0.00207591 0)
(0.000637458 4.76013e-05 0)
(0.000680223 -0.00197309 0)
(0.000818724 -0.00426851 0)
(0.0010719 -0.00715266 0)
(0.0014692 -0.0110213 0)
(0.00206274 -0.0163734 0)
(0.00289936 -0.0239231 0)
(0.00416201 -0.0344664 0)
(0.00579183 -0.0494637 0)
(0.00833128 -0.0695467 0)
(0.0109617 -0.098212 0)
(0.0133456 -0.132676 0)
(0.0148466 -0.177478 0)
(0.012022 -0.227123 0)
(-0.00244712 -0.0185124 0)
(-0.00303789 0.0105173 0)
(-0.00245046 0.0354928 0)
(-0.00207124 0.0538765 0)
(-0.00144919 0.0729903 0)
(9.44063e-05 0.0826034 0)
(0.00128854 0.0744732 0)
(0.00158662 0.0612893 0)
(0.0015062 0.0465629 0)
(0.00122001 0.0339863 0)
(0.000928321 0.0240658 0)
(0.000679828 0.0166678 0)
(0.000492308 0.011283 0)
(0.000361313 0.00735914 0)
(0.000276611 0.00442324 0)
(0.000229417 0.0020916 0)
(0.000214206 4.79284e-05 0)
(0.000228735 -0.00198752 0)
(0.0002744 -0.00429982 0)
(0.000357257 -0.00720511 0)
(0.000488426 -0.0111015 0)
(0.000684896 -0.0164899 0)
(0.000962564 -0.0240907 0)
(0.0013619 -0.0346998 0)
(0.0018617 -0.0497893 0)
(0.0025878 -0.0699677 0)
(0.00326835 -0.0987565 0)
(0.0048042 -0.133113 0)
(0.00611005 -0.177649 0)
(0.00597229 -0.226509 0)
(-0.325046 -0.0542714 0)
(-1.08101 -0.238649 0)
(-0.34661 -0.0144249 0)
(-1.19909 -0.00946082 0)
(-0.32356 -0.0463572 0)
(-1.46667 -0.23694 0)
(-0.346299 -0.0180984 0)
(-1.09946 -0.0271278 0)
(-0.29582 -0.0361126 0)
(-0.732804 -0.136879 0)
(-0.304471 -0.0179401 0)
(-1.318 -0.0678809 0)
(-0.385097 -0.0388752 0)
(-1.8004 -0.223503 0)
(-0.464838 -0.0347708 0)
(-1.34453 -0.0858624 0)
(-0.521462 -0.0477353 0)
(-0.5464 -0.082561 0)
(-0.429453 -0.0327151 0)
(-0.477875 -0.0105984 0)
(-0.204283 -0.0139478 0)
(-1.04029 -0.125544 0)
(-0.15309 -0.00354444 0)
(-1.27484 -0.0961334 0)
(-0.286534 -0.0198648 0)
(-1.29058 -0.139238 0)
(-0.310981 -0.0180995 0)
(-1.06245 -0.0831807 0)
(-0.163802 -0.00640138 0)
(-0.353281 -0.0559823 0)
(-0.318323 -0.0168229 0)
(-1.13351 -0.0735925 0)
(-0.461243 -0.0334354 0)
(-1.23792 -0.13953 0)
(-0.318381 -0.0140963 0)
(-0.275373 -0.0076766 0)
(-0.00283115 0.0166192 0)
(-0.420934 -0.0496497 0)
(-0.128056 0.00568813 0)
(-0.991112 -0.073643 0)
(-0.215589 -0.00199248 0)
(-0.940368 -0.0915605 0)
(-0.158613 0.00634557 0)
(-0.574246 -0.0472676 -2.64569e-19)
(-0.301912 0.010634 0)
(-0.851155 -0.0666054 3.04031e-22)
(-0.531913 0.00976207 0)
(-0.847034 -0.108258 -5.49118e-20)
(-0.718622 0.000222427 0)
(0.937146 0.0439531 0)
(-0.579652 -0.0090779 -7.3353e-21)
(1.5641 -0.0201363 -1.69284e-19)
(-0.322084 -0.0150837 -6.1746e-23)
(1.9297 -0.296029 4.25125e-19)
(1.61331 0.126128 0)
(4.84287 0.0402022 2.45447e-18)
(6.54574 0.41735 -1.6151e-19)
(19.2066 0.881041 -2.64686e-18)
(11.3154 0.245061 -4.93027e-20)
(6.30472 -0.062146 0)
(0.908024 -0.294564 -1.57166e-18)
(2.69195 0.0768659 0)
(1.45376 -0.411822 0)
(0.913837 -0.569344 0)
(0.467161 -0.458985 0)
(0.142513 -0.335328 0)
(0.177816 -0.513575 0)
(-0.0512048 -0.495016 0)
(0.117422 -0.496298 0)
(-0.0772886 -0.416836 0)
(0.0934492 -0.48954 0)
(-0.0745042 -0.435283 0)
(0.10102 -0.47773 0)
(-0.0723827 -0.424691 0)
(0.0961166 -0.47136 0)
(-0.0674892 -0.421427 0)
(0.094231 -0.464891 0)
(-0.0685245 -0.416206 0)
(0.09366 -0.458378 0)
(-0.0642021 -0.412459 0)
(0.0905291 -0.452583 0)
(-0.0638981 -0.407979 0)
(0.0900826 -0.446369 0)
(-0.061295 -0.404024 0)
(0.0874204 -0.440787 0)
(-0.0599345 -0.399937 0)
(0.0864793 -0.43499 0)
(-0.0580493 -0.39605 0)
(0.0844401 -0.429572 0)
(-0.0564585 -0.392212 0)
(0.0830982 -0.424154 0)
(-0.0548024 -0.388487 0)
(0.0814321 -0.418944 0)
(-0.0532341 -0.384845 0)
(0.0799542 -0.413832 0)
(-0.0516807 -0.381297 0)
(0.0784405 -0.408862 0)
(-0.0501792 -0.377835 0)
(0.0769718 -0.404015 0)
(-0.0486982 -0.374459 0)
(0.0755243 -0.399291 0)
(-0.0472748 -0.371162 0)
(0.0741067 -0.394686 0)
(-0.0458762 -0.36795 0)
(0.0727037 -0.390199 0)
(-0.0445259 -0.364817 0)
(0.0713315 -0.385825 0)
(-0.0432048 -0.361761 0)
(0.0699756 -0.381564 0)
(-0.0419291 -0.358777 0)
(0.0686428 -0.37741 0)
(-0.0406688 -0.355869 0)
(0.0673248 -0.373365 0)
(-0.0394578 -0.353033 0)
(0.0660333 -0.369421 0)
(-0.0382659 -0.350269 0)
(0.0647576 -0.365578 0)
(-0.0371245 -0.347569 0)
(0.0634968 -0.361836 0)
(-0.0359971 -0.344939 0)
(0.0622562 -0.35819 0)
(-0.0349123 -0.342372 0)
(0.0610285 -0.35464 0)
(-0.0338443 -0.339871 0)
(0.0598094 -0.351179 0)
(-0.0328175 -0.337431 0)
(0.0586023 -0.347806 0)
(-0.031802 -0.335054 0)
(0.0574121 -0.344521 0)
(-0.0308087 -0.332738 0)
(0.056232 -0.341329 0)
(-0.0298321 -0.33048 0)
(0.0550543 -0.338227 0)
(-0.0288818 -0.328277 0)
(0.0538805 -0.335201 0)
(-0.0279617 -0.326126 0)
(0.0526783 -0.332245 0)
(-0.0270497 -0.324029 0)
(0.0513778 -0.329366 0)
(-0.0261173 -0.32199 0)
(0.0499176 -0.326578 0)
(-0.0251286 -0.320018 0)
(0.0483058 -0.323895 0)
(-0.0240716 -0.318114 0)
(0.0466259 -0.32131 0)
(-0.0229252 -0.316245 0)
(0.0449988 -0.318791 0)
(-0.0219377 -0.314358 0)
(0.043568 -0.316308 0)
(-0.0213487 -0.312507 0)
(0.0425042 -0.313859 0)
(-0.0210849 -0.310788 0)
(0.04187 -0.311488 0)
(-0.0209725 -0.309146 0)
(0.0402993 -0.305065 0)
(-0.0204525 -0.30419 0)
(0.0364429 -0.294669 0)
(-0.0169111 -0.296649 0)
(0.0314928 -0.286047 0)
(-0.0140634 -0.290137 0)
(0.0271686 -0.278727 0)
(-0.011664 -0.284668 0)
(0.0228649 -0.272638 0)
(-0.00949496 -0.28014 0)
(0.0186835 -0.267708 0)
(-0.00754509 -0.276457 0)
(0.01457 -0.263882 0)
(-0.00573293 -0.273609 0)
(0.0103536 -0.261025 0)
(-0.00400951 -0.271559 0)
(0.00592584 -0.258984 0)
(-0.00256938 -0.270173 0)
(0.00244829 -0.257858 0)
(-0.00192438 -0.269408 0)
(-1.15276 -0.290003 0)
(-2.02839 -0.0577831 0)
(-2.3868 -0.356832 0)
(-1.55258 -0.0905475 0)
(-1.52877 -0.216307 0)
(-2.15991 -0.164785 0)
(-2.01341 -0.237015 0)
(-0.570317 -0.0516587 0)
(-0.474544 -0.171802 0)
(-0.654803 0.0522043 0)
(-0.742954 -0.197616 0)
(-0.742395 0.0130856 0)
(-0.191711 -0.130486 0)
(-0.125742 0.0155176 0)
(-0.137325 -0.169883 0)
(-0.32414 0.112145 0)
(-0.258808 -0.145422 0)
(-0.435622 -0.146363 0)
(-0.407078 0.023299 0)
(-0.431029 -0.11314 0)
(-0.378491 -0.064992 0)
(-0.253972 -0.0833506 0)
(0.671681 0.0100117 6.65984e-19)
(1.78495 0.110812 -4.51264e-19)
(3.72699 -0.236701 0)
(10.1529 0.364815 0)
(11.746 0.285507 0)
(10.576 0.320162 0)
(10.1868 0.144953 -4.1618e-18)
(2.86056 -0.0500828 3.91054e-19)
(2.4928 -0.0863814 -3.75866e-22)
(0.654769 -0.288614 -2.63901e-18)
(0.0398132 -0.290537 0)
(-0.183161 -0.338393 0)
(-0.224548 -0.307363 -2.52051e-19)
(-0.218651 -0.31514 -4.40493e-19)
(-0.21475 -0.309115 -2.11634e-19)
(-0.20784 -0.308405 -2.07516e-19)
(-0.203599 -0.306462 -4.03679e-19)
(-0.197688 -0.304897 -1.96599e-19)
(-0.193253 -0.303232 0)
(-0.187824 -0.301701 0)
(-0.183245 -0.300087 0)
(-0.178329 -0.298615 0)
(-0.173798 -0.297093 0)
(-0.169277 -0.295651 0)
(-0.164923 -0.294212 0)
(-0.160661 -0.292815 0)
(-0.156526 -0.291438 0)
(-0.152479 -0.290093 0)
(-0.148541 -0.288771 0)
(-0.144698 -0.287475 0)
(-0.140956 -0.286204 0)
(-0.137302 -0.284962 0)
(-0.133748 -0.283742 0)
(-0.130283 -0.28254 0)
(-0.126896 -0.28136 0)
(-0.123597 -0.280201 0)
(-0.120375 -0.279069 0)
(-0.117245 -0.277954 0)
(-0.114178 -0.276864 0)
(-0.111197 -0.275785 0)
(-0.108279 -0.274725 0)
(-0.105429 -0.273691 0)
(-0.102658 -0.272676 0)
(-0.0999441 -0.271672 0)
(-0.0972821 -0.270678 0)
(-0.0947001 -0.26971 0)
(-0.0922197 -0.26878 0)
(-0.0898605 -0.267872 0)
(-0.0878119 -0.266923 0)
(-0.0862215 -0.265964 0)
(-0.0850069 -0.265109 0)
(-0.0839523 -0.264347 0)
(-0.0823752 -0.263565 0)
(-0.0794681 -0.262521 0)
(-0.075977 -0.261594 0)
(-0.0675199 -0.259311 0)
(-0.0569563 -0.255317 0)
(-0.0481458 -0.251749 0)
(-0.0396934 -0.248659 0)
(-0.0320984 -0.245897 0)
(-0.0250357 -0.243549 0)
(-0.0183486 -0.241605 0)
(-0.0120163 -0.240032 0)
(-0.00693706 -0.23889 0)
(-0.00357955 -0.238304 0)
(1.53216 -0.133277 1.11157e-19)
(1.79232 -0.551997 0)
(-5.90753 -1.60209 0)
(3.52328 0.545951 -4.70585e-17)
(-0.660707 -1.7612 -4.2493e-17)
(2.27598 0.506358 -4.54016e-19)
(4.44569 0.821497 0)
(0.733113 0.101936 0)
(0.022364 -0.125821 -1.39764e-16)
(-0.996091 1.10825 0)
(2.53121 0.0220752 1.98472e-29)
(4.29004 0.0756633 0)
(2.53875 -0.0392255 0)
(3.71952 -0.0629467 -1.48776e-17)
(-5.39578 -1.20621 0)
(0.449792 0.167364 -1.25591e-17)
(3.4736 0.734314 0)
(0.168433 0.384792 0)
(2.9631 0.727334 0)
(3.24605 0.562634 0)
(0.693684 -0.0864911 1.35084e-29)
(2.71908 -0.0600038 0)
(2.12061 -0.123945 0)
(3.14879 0.0469078 1.19702e-17)
(2.3592 -0.0569503 0)
(1.70525 0.340849 -1.05057e-17)
(6.02642 0.939909 0)
(5.82801 0.9786 0)
(2.87162 0.602754 -1.03059e-17)
(0.343732 0.405539 1.08279e-17)
(4.56177 0.309705 8.97567e-29)
(8.23272 0.506755 0)
(5.76974 0.0594777 0)
(3.69886 -0.0102338 -2.15312e-17)
(0.781941 -0.135159 1.53427e-17)
(2.3423 0.234201 2.73632e-29)
(4.65049 0.726728 0)
(5.93799 1.13661 0)
(5.25639 0.830548 -1.73233e-17)
(-0.0518732 0.349666 0)
(-0.63737 -0.110191 2.30552e-17)
(2.06104 -0.0181611 0)
(5.13947 0.0345212 0)
(4.17816 0.116188 3.79622e-18)
(3.95081 6.34238e-06 0)
(-0.134467 -0.159737 -4.61152e-31)
(-0.074308 0.226631 0)
(5.19729 1.03401 0)
(4.91639 0.916659 1.04577e-17)
(4.49712 0.676717 0)
(1.99702 0.346234 1.82071e-17)
(4.94205 0.205135 0)
(0.918217 -0.39501 0)
(3.53379 0.0275948 1.8777e-17)
(2.95223 0.291762 0)
(-0.655655 -0.136042 2.42261e-17)
(7.27206 0.985824 0)
(7.51431 1.15865 0)
(-3.06995 0.0137833 -1.14517e-17)
(3.12772 0.417152 0)
(3.86497 0.251016 -1.71056e-17)
(4.63715 0.206822 0)
(7.74841 0.333515 0)
(4.96603 0.078017 -8.8677e-18)
(0.531547 -0.0898604 0)
(2.30178 0.200741 0)
(-0.674934 0.202125 0)
(5.58179 1.13972 0)
(3.62103 0.856415 9.44959e-18)
(3.25155 0.505023 -2.47932e-18)
(1.51754 -0.044702 0)
(1.21699 -0.536424 0)
(2.66865 -0.788466 0)
(1.5227 -0.495675 3.36375e-17)
(7.31016 0.402165 -4.8985e-18)
(0.999791 0.221273 0)
(2.07112 0.708749 0)
(8.22864 1.64638 0)
(5.57582 1.08126 -3.60345e-18)
(5.50075 0.929307 0)
(3.01541 0.426848 0)
(2.9609 -0.0485604 0)
(7.50527 0.0389315 0)
(6.77928 0.197606 -1.78806e-18)
(5.98126 0.317178 0)
(-5.98697 -0.843925 0)
(7.67647 0.965515 0)
(5.97751 1.28403 0)
(5.95333 1.10574 2.60592e-18)
(6.13352 0.924692 -1.41261e-18)
(-0.144588 -0.208112 0)
(-3.398 -0.676511 0)
(6.49084 -0.00237311 0)
(6.68956 0.272499 -3.69273e-18)
(6.17264 0.443819 -8.60634e-19)
(0.479311 -0.01986 2.31491e-17)
(-0.387706 0.0146053 0)
(6.06762 1.08523 0)
(7.16818 1.08336 -4.78345e-18)
(6.24421 0.867787 0)
(-1.27421 -0.165885 -1.08907e-18)
(1.92602 -0.058378 0)
(7.16265 0.313689 0)
(7.58865 0.514114 -3.96667e-18)
(6.52191 0.563919 0)
(-0.051886 0.0935036 -8.51853e-18)
(-2.27618 2.09579 0)
(8.9779 3.65071 0)
(8.11581 3.01429 -1.07416e-18)
(6.85013 2.01483 0)
(1.58164 -0.0291734 -2.9095e-18)
(10.0786 -1.53441 0)
(12.061 -1.64427 0)
(11.0905 -0.800337 0)
(9.19559 0.00813004 0)
(14.8152 1.00969 3.31907e-18)
(13.8008 2.60362 0)
(12.3344 3.25843 0)
(11.1074 3.00705 0)
(9.44512 2.22991 0)
(17.3365 1.41607 5.50575e-21)
(11.74 -0.545838 -7.42197e-20)
(11.8093 -1.03443 0)
(12.1238 -0.120733 2.06932e-18)
(10.974 0.696725 0)
(9.59353 0.282029 0)
(7.87689 1.71006 1.8507e-23)
(7.91334 2.30906 0)
(10.663 2.46003 -9.32838e-19)
(10.5335 2.11788 0)
(7.1693 0.698763 0)
(5.95679 -0.671848 -2.78099e-19)
(6.38287 -1.11066 0)
(9.52559 0.0505466 0)
(10.3504 1.12869 0)
(5.42606 -0.0152862 0)
(4.22027 1.09478 0)
(4.16791 1.31876 0)
(7.09283 1.59529 0)
(9.81636 1.74375 1.76319e-19)
(3.37637 0.451392 0)
(2.8699 -0.631988 0)
(2.60526 -1.01768 0)
(5.75296 -0.119282 0)
(9.09944 1.20879 -3.3076e-19)
(1.03918 -0.0801134 6.16044e-19)
(1.64691 0.659346 1.08911e-19)
(1.19411 0.474972 0)
(3.98084 0.898791 0)
(7.89471 1.3561 0)
(0.570276 0.198977 4.84543e-19)
(0.826404 -0.582669 5.0385e-20)
(0.225447 -0.85858 0)
(2.85608 -0.386744 0)
(6.61741 0.908925 0)
(0.0429259 -0.0736768 0)
(0.441055 0.347302 3.96895e-19)
(0.125182 -0.07647 0)
(1.43494 0.256842 3.18013e-19)
(5.37358 0.888858 0)
(-0.13142 0.0918772 0)
(0.131582 -0.434316 3.24799e-20)
(0.147904 -0.578968 2.52132e-19)
(0.526438 -0.487265 -5.43096e-19)
(4.1703 0.563955 0)
(-0.114615 -0.0454569 -3.59093e-22)
(0.162595 0.121981 5.09e-19)
(0.0909904 -0.318228 4.47664e-22)
(-0.0215894 -0.201859 1.41419e-19)
(3.09452 0.429403 -1.93037e-19)
(-0.124973 0.0426634 -1.64902e-19)
(0.191213 -0.263945 2.25738e-21)
(0.104522 -0.440102 5.00208e-20)
(-0.12978 -0.466753 -2.45906e-19)
(2.42047 0.259532 -1.75167e-19)
(-0.117539 -0.0355092 -4.93672e-20)
(0.162023 -0.0335366 -4.66408e-19)
(0.084823 -0.379809 -1.15972e-19)
(-0.179555 -0.390526 0)
(1.7781 0.144721 1.47129e-19)
(-0.119947 0.0117015 0)
(0.162173 -0.159467 -6.14986e-20)
(0.086746 -0.398601 4.66257e-22)
(-0.178043 -0.456928 0)
(0.839362 0.0109626 1.66372e-19)
(-0.113525 -0.0340375 0)
(0.15388 -0.117518 2.77862e-19)
(0.0816315 -0.380481 9.72697e-20)
(-0.188503 -0.4478 -1.72188e-19)
(0.180705 -0.0867211 1.6528e-19)
(-0.113191 -0.0206787 0)
(0.14486 -0.131582 2.00144e-19)
(0.0804472 -0.384691 -9.58054e-20)
(-0.19309 -0.446498 -1.76543e-19)
(-0.175431 -0.159 1.55635e-19)
(-0.110372 -0.0325974 4.1775e-20)
(0.138729 -0.134442 1.98948e-19)
(0.0747867 -0.373148 -9.18052e-20)
(-0.19849 -0.441239 -1.74667e-19)
(-0.242048 -0.200148 -1.50631e-19)
(-0.108236 -0.0385502 5.38056e-20)
(0.131819 -0.138416 -3.39756e-23)
(0.069914 -0.371732 0)
(-0.197876 -0.434933 -3.49981e-22)
(-0.262755 -0.229803 -1.54002e-19)
(-0.106102 -0.0445908 0)
(0.125532 -0.141855 -3.72569e-19)
(0.0646389 -0.365218 0)
(-0.193678 -0.428977 3.37147e-19)
(-0.275725 -0.244759 1.57845e-19)
(-0.103969 -0.0504285 0)
(0.119368 -0.145244 -1.80466e-19)
(0.060323 -0.361227 -8.23542e-20)
(-0.190342 -0.422572 1.65451e-19)
(-0.285004 -0.251006 3.21385e-19)
(-0.101948 -0.05608 -5.33842e-20)
(0.113441 -0.148438 0)
(0.0552487 -0.356711 -7.87601e-20)
(-0.189019 -0.416118 0)
(-0.292545 -0.2533 3.21179e-19)
(-0.0999193 -0.0615426 -5.34533e-20)
(0.107723 -0.151476 0)
(0.0509425 -0.352397 0)
(-0.188747 -0.409438 0)
(-0.298544 -0.251294 1.58718e-19)
(-0.0980417 -0.0668138 0)
(0.102224 -0.15437 0)
(0.0465883 -0.348134 0)
(-0.187558 -0.403486 -1.56788e-19)
(-0.302001 -0.248348 0)
(-0.0961531 -0.0719061 -5.28158e-20)
(0.0969437 -0.157128 -1.58516e-19)
(0.0424878 -0.343953 -7.07827e-20)
(-0.186991 -0.396936 -3.09356e-22)
(-0.301573 -0.244206 0)
(-0.0943342 -0.0768162 -5.30724e-20)
(0.0918526 -0.159776 -2.29027e-19)
(0.0384985 -0.339863 -6.78912e-20)
(-0.186199 -0.390751 1.50786e-19)
(-0.297625 -0.240321 7.75839e-20)
(-0.0925493 -0.0815576 -2.63085e-20)
(0.0869754 -0.162303 -7.37535e-20)
(0.03461 -0.335871 0)
(-0.185433 -0.384637 0)
(-0.29392 -0.235946 7.66807e-20)
(-0.0908199 -0.0861458 -9.41115e-23)
(0.0823619 -0.164676 -7.16986e-20)
(0.0308862 -0.33196 -3.17005e-20)
(-0.184612 -0.378641 -7.24775e-20)
(-0.289891 -0.231675 -7.56741e-20)
(-0.0891073 -0.0905919 2.56384e-20)
(0.0778494 -0.166956 -1.39037e-19)
(0.0272798 -0.328108 -3.03815e-20)
(-0.183732 -0.372769 -1.4228e-22)
(-0.287923 -0.227168 -7.47567e-20)
(-0.0874639 -0.0948918 -2.51934e-20)
(0.0734851 -0.169113 -6.73126e-20)
(0.0237956 -0.32434 0)
(-0.182849 -0.366997 7.00454e-20)
(-0.285981 -0.222787 -7.38847e-20)
(-0.0858315 -0.0990568 -2.4931e-20)
(0.0692659 -0.171162 6.51833e-20)
(0.0204799 -0.320663 2.83349e-20)
(-0.182001 -0.361285 -6.86875e-20)
(-0.284034 -0.218442 -7.29338e-20)
(-0.0842742 -0.10308 0)
(0.0652135 -0.173103 6.30592e-20)
(0.0172245 -0.317032 2.71161e-20)
(-0.181029 -0.355699 -1.33614e-22)
(-0.282055 -0.21416 0)
(-0.0827409 -0.106972 2.41627e-20)
(0.0613252 -0.174943 0)
(0.0141232 -0.313457 0)
(-0.180045 -0.350158 1.30836e-22)
(-0.280033 -0.209931 -7.10775e-20)
(-0.0812531 -0.110731 4.77245e-20)
(0.057613 -0.176682 5.90283e-20)
(0.011154 -0.309968 2.52474e-20)
(-0.178987 -0.34474 -1.3052e-19)
(-0.277963 -0.205745 -1.40294e-19)
(-0.0797788 -0.11437 2.35605e-20)
(0.0540517 -0.178335 -2.20956e-23)
(0.00825543 -0.306555 2.41296e-20)
(-0.17791 -0.339434 -6.42357e-20)
(-0.275844 -0.201653 -6.92277e-20)
(-0.0783528 -0.117885 0)
(0.0506153 -0.1799 2.21292e-23)
(0.00545077 -0.303191 0)
(-0.176852 -0.334175 0)
(-0.273696 -0.197641 0)
(-0.0769241 -0.121296 0)
(0.0473362 -0.181366 1.06648e-19)
(0.00275513 -0.299874 2.23888e-20)
(-0.175756 -0.328986 -6.20258e-20)
(-0.271521 -0.193653 -6.745e-20)
(-0.0755764 -0.124582 0)
(0.044135 -0.182761 -2.21247e-23)
(0.000221226 -0.296632 4.28507e-20)
(-0.17459 -0.323907 -1.17817e-22)
(-0.269277 -0.189724 -1.33126e-19)
(-0.0742073 -0.127765 0)
(0.0410957 -0.184077 2.20888e-23)
(-0.00223399 -0.293448 2.04801e-20)
(-0.173378 -0.318935 1.15374e-22)
(-0.26697 -0.185899 -6.56849e-20)
(-0.0728917 -0.130835 2.18139e-20)
(0.0381435 -0.185319 9.6188e-20)
(-0.00458773 -0.290311 1.97419e-20)
(-0.172169 -0.314023 -1.18304e-19)
(-0.264646 -0.182137 0)
(-0.0716166 -0.133803 3.22825e-20)
(0.0353184 -0.186489 4.64408e-20)
(-0.00685635 -0.287226 1.87838e-20)
(-0.170941 -0.309191 -5.82846e-20)
(-0.26231 -0.178437 0)
(-0.0703531 -0.136676 1.06047e-20)
(0.0326064 -0.187586 -2.24363e-20)
(-0.00900756 -0.284203 0)
(-0.169685 -0.304451 2.864e-20)
(-0.259954 -0.1748 0)
(-0.0691177 -0.139451 0)
(0.0300214 -0.188617 -2.16576e-20)
(-0.0110551 -0.281236 0)
(-0.16839 -0.299792 2.82579e-20)
(-0.257564 -0.171192 0)
(-0.0679207 -0.142126 1.02484e-20)
(0.0275233 -0.189595 0)
(-0.0130202 -0.278315 0)
(-0.167053 -0.295216 0)
(-0.255117 -0.167658 0)
(-0.0667136 -0.144718 1.01108e-20)
(0.0251817 -0.190516 -2.02147e-20)
(-0.0148987 -0.275435 0)
(-0.165688 -0.290727 2.73743e-20)
(-0.252649 -0.164201 0)
(-0.065565 -0.147203 0)
(0.0228605 -0.191389 -1.95238e-20)
(-0.0166971 -0.272594 0)
(-0.164333 -0.286289 2.7026e-20)
(-0.250158 -0.16081 0)
(-0.0643904 -0.149612 0)
(0.0207306 -0.192205 0)
(-0.0183957 -0.2698 0)
(-0.162947 -0.28193 0)
(-0.247624 -0.157467 0)
(-0.0633133 -0.151939 4.8052e-21)
(0.0186237 -0.192953 -8.94626e-21)
(-0.0199954 -0.267068 3.50644e-21)
(-0.161513 -0.27768 1.31032e-20)
(-0.245021 -0.154199 0)
(-0.0621716 -0.154216 4.73532e-21)
(0.0165976 -0.193639 -8.5392e-21)
(-0.0214983 -0.26441 3.39168e-21)
(-0.160064 -0.273497 1.29443e-20)
(-0.242433 -0.150924 1.43993e-20)
(-0.060913 -0.156403 -4.64328e-21)
(0.0147064 -0.194272 0)
(-0.0229163 -0.261812 -3.30887e-21)
(-0.158578 -0.269376 0)
(-0.239762 -0.14787 2.84325e-20)
(-0.0595693 -0.158478 -1.01434e-23)
(0.0129571 -0.194838 -7.80294e-21)
(-0.024232 -0.259254 -3.17597e-21)
(-0.157074 -0.265325 1.25695e-20)
(-0.237215 -0.144619 1.40335e-20)
(-0.058278 -0.160482 4.50396e-21)
(0.011392 -0.195297 -7.45866e-21)
(-0.0255814 -0.256746 0)
(-0.155464 -0.261399 1.24204e-20)
(-0.234438 -0.141722 0)
(-0.0574341 -0.162576 2.21173e-21)
(0.0102485 -0.19568 0)
(-0.0270795 -0.25435 0)
(-0.154071 -0.257426 0)
(-0.231917 -0.138641 0)
(-0.0570204 -0.164631 2.17449e-21)
(0.0090419 -0.19618 1.70346e-21)
(-0.0286229 -0.252029 0)
(-0.152548 -0.253732 0)
(-0.229055 -0.13567 3.37542e-21)
(-0.0564271 -0.166434 0)
(0.00748757 -0.196638 1.62705e-21)
(-0.030468 -0.249413 0)
(-0.151509 -0.249799 0)
(-0.226688 -0.132823 3.33979e-21)
(-0.0515856 -0.171893 0)
(0.00136702 -0.197158 0)
(-0.0352873 -0.240812 0)
(-0.147666 -0.235197 0)
(-0.217419 -0.120359 0)
(-0.0454406 -0.180436 0)
(-0.00487831 -0.197318 0)
(-0.0371671 -0.227653 0)
(-0.133427 -0.213126 0)
(-0.194572 -0.102032 0)
(-0.0403953 -0.186917 0)
(-0.00914585 -0.196697 0)
(-0.0383353 -0.216117 0)
(-0.119681 -0.194053 0)
(-0.172777 -0.0870772 0)
(-0.0352899 -0.192044 0)
(-0.0115918 -0.195582 0)
(-0.0374619 -0.206362 0)
(-0.105528 -0.177459 0)
(-0.15115 -0.07393 0)
(-0.0302998 -0.195924 0)
(-0.0125758 -0.194189 0)
(-0.034896 -0.19835 0)
(-0.0908881 -0.163827 0)
(-0.129336 -0.0633679 0)
(-0.0253403 -0.198794 0)
(-0.0123253 -0.192719 0)
(-0.0310409 -0.191678 0)
(-0.0759276 -0.152435 0)
(-0.10742 -0.0546893 0)
(-0.0204169 -0.200814 0)
(-0.011088 -0.191347 0)
(-0.0261101 -0.186436 0)
(-0.0606545 -0.143446 0)
(-0.0854647 -0.0478421 0)
(-0.015324 -0.202093 0)
(-0.00900057 -0.190176 0)
(-0.0203567 -0.182447 0)
(-0.0451527 -0.136659 0)
(-0.0635488 -0.0426866 0)
(-0.010017 -0.202743 0)
(-0.00631231 -0.189247 0)
(-0.013659 -0.179674 0)
(-0.0293025 -0.131934 0)
(-0.041798 -0.0391028 0)
(-0.00534499 -0.203323 0)
(-0.00369015 -0.188781 0)
(-0.00601046 -0.178183 0)
(-0.0112918 -0.129104 0)
(-0.0156686 -0.0370528 0)
(0.24234 -1.11542 0)
(-0.676762 -0.261471 -1.09374e-17)
(-0.862316 -0.084772 0)
(0.456971 0.0450584 0)
(0.742501 0.0742361 0)
(0.457358 0.0459286 0)
(0.258708 0.0259798 0)
(0.152387 0.0152979 0)
(0.0917627 0.00921123 0)
(0.0549442 0.00551587 0)
(0.0325193 0.00326532 0)
(0.0189417 0.00190242 0)
(0.0108278 0.00108778 0)
(0.00606551 0.000609541 0)
(0.00327044 0.000328771 0)
(0.0017977 0.000180677 0)
(-1.14365 0.813472 0)
(-0.588456 0.056129 0)
(-0.895758 -0.0933939 0)
(0.457082 0.0436552 0)
(0.7413 0.07416 0)
(0.455803 0.0462151 0)
(0.257796 0.0261396 0)
(0.151857 0.0153823 0)
(0.0914489 0.00926071 0)
(0.0547567 0.00554602 0)
(0.0324085 0.00328378 0)
(0.0188773 0.00191367 0)
(0.0107913 0.00109458 0)
(0.00604556 0.000613672 0)
(0.00326009 0.000331237 0)
(0.00179269 0.000182059 0)
(0.213325 -0.803535 0)
(-0.705203 -0.130782 -8.02975e-18)
(-0.88314 -0.0862378 0)
(0.456805 0.0423412 0)
(0.740707 0.0740949 0)
(0.455361 0.0465798 0)
(0.257558 0.0263444 0)
(0.151723 0.015492 0)
(0.0913699 0.00932454 0)
(0.0547097 0.00558429 0)
(0.0323805 0.00330652 0)
(0.0188607 0.00192697 0)
(0.0107815 0.00110215 0)
(0.00603984 0.000617831 0)
(0.00325671 0.000333346 0)
(0.00179064 0.000182906 0)
(-3.49601 0.447886 0)
(-0.414975 -0.0188185 1.95813e-33)
(-0.907916 -0.100706 0)
(0.456863 0.0409415 0)
(0.740785 0.0741181 0)
(0.455217 0.0469841 0)
(0.257467 0.0265735 0)
(0.15167 0.0156179 3.10995e-22)
(0.091338 0.00939948 0)
(0.0546891 0.00563026 0)
(0.0323667 0.00333485 0)
(0.018851 0.00194428 0)
(0.0107743 0.00111257 0)
(0.00603409 0.000624029 0)
(0.00325186 0.000336911 0)
(0.00178631 0.000184779 0)
(0.600678 -0.727079 0)
(-1.36417 -0.117673 7.2015e-18)
(-0.936161 -0.085749 0)
(0.455132 0.039434 0)
(0.740835 0.0741389 0)
(0.455132 0.0473897 0)
(0.257407 0.0268048 0)
(0.151635 0.0157442 7.8227e-22)
(0.0913159 0.00947399 0)
(0.0546742 0.00567554 0)
(0.0323561 0.00336236 0)
(0.0188431 0.00196078 0)
(0.010768 0.00112227 0)
(0.0060288 0.000629605 0)
(0.00324717 0.000339932 0)
(0.00178198 0.000186171 0)
(1.01794 0.765282 0)
(-0.49422 -0.110873 0)
(-0.961429 -0.117215 0)
(0.449584 0.0373363 0)
(0.740858 0.0741513 0)
(0.455013 0.0478164 0)
(0.257355 0.0270351 0)
(0.151604 0.0158694 -2.28392e-35)
(0.0912974 0.00954767 0)
(0.0546622 0.0057202 0)
(0.032348 0.00338944 0)
(0.0188374 0.00197703 0)
(0.0107638 0.00113184 0)
(0.00602544 0.000635148 0)
(0.00324435 0.000343012 0)
(0.00177949 0.000187709 0)
(0.717541 -0.434545 0)
(-0.124478 0.101155 -7.15943e-18)
(-1.00863 -0.0826317 0)
(0.439943 0.0352504 0)
(0.740637 0.0741201 0)
(0.454976 0.0481952 0)
(0.257306 0.0272655 0)
(0.151576 0.0159946 -1.1126e-21)
(0.0912806 0.00962128 0)
(0.0546518 0.00576473 0)
(0.0323414 0.00341639 0)
(0.0188331 0.00199313 0)
(0.0107609 0.00114128 0)
(0.00602348 0.000640574 0)
(0.00324294 0.000345994 0)
(0.0017784 0.000189166 0)
(-2.36836 0.338435 0)
(0.576482 -0.091687 2.97433e-33)
(-1.08086 -0.133863 0)
(0.434929 0.0331 0)
(0.741069 0.0741892 0)
(0.45483 0.0486378 0)
(0.257256 0.0274961 0)
(0.151548 0.0161201 -6.41299e-22)
(0.0912643 0.00969518 0)
(0.0546419 0.00580956 0)
(0.0323353 0.00344363 0)
(0.0188293 0.00200953 0)
(0.0107586 0.00115101 0)
(0.00602205 0.000646289 0)
(0.00324204 0.000349251 0)
(0.00177782 0.000190885 0)
(0.923229 -0.220755 0)
(-2.3121 -0.00770274 1.53423e-17)
(-0.835426 -0.0640078 0)
(0.419484 0.0306191 0)
(0.741577 0.0742102 0)
(0.454525 0.0489789 0)
(0.257204 0.0277259 0)
(0.151519 0.0162457 0)
(0.0912481 0.00976924 0)
(0.0546321 0.00585453 0)
(0.0323293 0.00347097 0)
(0.0188258 0.00202597 0)
(0.0107565 0.00116073 0)
(0.00602077 0.000651946 0)
(0.0032413 0.000352414 0)
(0.0017774 0.000192482 0)
(5.08992 0.412584 0)
(-1.51844 -0.288381 0)
(-1.84528 -0.210444 0)
(0.39698 0.0273075 0)
(0.741608 0.0742006 0)
(0.454202 0.0494167 0)
(0.257154 0.0279565 0)
(0.151491 0.0163714 0)
(0.0912319 0.00984332 0)
(0.0546223 0.00589953 0)
(0.0323234 0.00349834 0)
(0.0188222 0.00204245 0)
(0.0107543 0.00117051 0)
(0.0060195 0.000657692 0)
(0.00324057 0.000355694 0)
(0.00177701 0.000194218 0)
(3.45562 0.43311 0)
(1.92966 0.0896227 -6.10365e-18)
(-1.24684 -0.179783 0)
(0.469998 0.0283991 0)
(0.741002 0.0741029 0)
(0.454866 0.0498761 0)
(0.257105 0.0281884 0)
(0.151463 0.016497 0)
(0.0912156 0.00991738 0)
(0.0546125 0.00594451 0)
(0.0323174 0.0035257 0)
(0.0188186 0.00205893 0)
(0.0107522 0.00118029 0)
(0.00601824 0.000663419 0)
(0.00323986 0.000358927 0)
(0.00177662 0.000195881 0)
(3.45188 0.453512 0)
(0.999543 0.360729 -5.80274e-33)
(0.923698 0.143394 0)
(0.536952 0.0389678 0)
(0.742407 0.0743798 0)
(0.454765 0.0502654 0)
(0.257052 0.0284168 0)
(0.151435 0.0166226 9.82731e-22)
(0.0911993 0.00999142 0)
(0.0546026 0.00598948 0)
(0.0323114 0.00355305 0)
(0.0188149 0.00207541 0)
(0.01075 0.00119007 0)
(0.00601698 0.000669147 0)
(0.00323914 0.000362185 0)
(0.00177623 0.000197595 0)
(3.22043 0.277472 0)
(0.696267 -0.0843116 -3.26907e-17)
(1.0061 0.0994934 0)
(0.491013 0.0345441 0)
(0.741331 0.0742514 0)
(0.454749 0.0506953 0)
(0.257002 0.0286486 0)
(0.151406 0.0167482 2.13585e-21)
(0.0911829 0.0100655 0)
(0.0545928 0.00603445 0)
(0.0323054 0.0035804 0)
(0.0188113 0.00209189 0)
(0.0107479 0.00119984 0)
(0.00601571 0.000674878 0)
(0.00323842 0.000365436 0)
(0.00177584 0.000199278 0)
(1.96308 0.162839 0)
(-0.271453 0.123248 0)
(0.279008 0.00726991 0)
(0.448799 0.0279112 0)
(0.740364 0.0741995 0)
(0.454641 0.0511366 0)
(0.256952 0.0288805 0)
(0.151378 0.0168738 -2.30315e-35)
(0.0911663 0.0101395 0)
(0.0545828 0.0060794 0)
(0.0322994 0.00360775 0)
(0.0188077 0.00210836 0)
(0.0107457 0.00120961 0)
(0.00601444 0.000680606 0)
(0.00323769 0.000368683 0)
(0.00177544 0.000200971 0)
(1.68528 0.268554 0)
(-0.710151 -0.342987 -1.33267e-17)
(-0.60538 -0.0894045 0)
(0.454637 0.0278092 0)
(0.738927 0.0739923 0)
(0.454584 0.0517059 0)
(0.256871 0.0292233 0)
(0.151333 0.0170616 -1.28287e-21)
(0.0911412 0.0102503 0)
(0.0545677 0.00614675 0)
(0.0322903 0.00364873 0)
(0.0188022 0.00213304 0)
(0.0107424 0.00122426 0)
(0.00601252 0.00068919 0)
(0.0032366 0.000373552 0)
(0.00177485 0.000203546 0)
(1.78707 0.15186 0)
(-0.832116 0.158497 -2.21337e-18)
(-0.716232 -0.0705611 0)
(0.459018 0.0261667 0)
(0.739135 0.0741007 0)
(0.45435 0.0525334 0)
(0.256763 0.0296848 0)
(0.151275 0.0173123 0)
(0.0911079 0.0103981 0)
(0.0545477 0.00623653 0)
(0.0322781 0.00370334 0)
(0.0187948 0.00216593 0)
(0.0107381 0.00124377 0)
(0.00600994 0.000700627 0)
(0.00323513 0.00038004 0)
(0.00177405 0.000206833 0)
(1.73463 0.260335 0)
(-0.939424 -0.241771 -6.45742e-19)
(-0.713529 -0.0917421 0)
(0.459974 0.0236157 0)
(0.739317 0.0741173 0)
(0.45421 0.0533739 0)
(0.256658 0.0301462 0)
(0.151217 0.0175629 1.62446e-21)
(0.0910744 0.0105459 0)
(0.0545275 0.00632625 0)
(0.0322659 0.00375777 0)
(0.0187875 0.00219874 0)
(0.0107337 0.00126326 0)
(0.00600737 0.000712054 0)
(0.00323367 0.000386525 0)
(0.00177326 0.00021035 0)
(1.85237 0.221618 0)
(-0.994471 0.0646302 8.15787e-19)
(-0.721957 -0.0832758 0)
(0.460578 0.0212551 0)
(0.739387 0.0741659 0)
(0.454085 0.0541383 0)
(0.256553 0.0305901 0)
(0.151159 0.0178086 -2.32358e-35)
(0.0910413 0.0106919 0)
(0.0545078 0.00641541 0)
(0.0322541 0.00381277 0)
(0.0187806 0.00223188 0)
(0.0107297 0.00128289 0)
(0.00600526 0.000723564 0)
(0.0032327 0.000393074 0)
(0.00177284 0.000213609 0)
(1.89129 0.263149 8.52515e-19)
(-0.948153 -0.150574 0)
(-0.71722 -0.0892115 0)
(0.46191 0.0189923 0)
(0.73954 0.0742491 0)
(0.453973 0.055079 0)
(0.256469 0.0310895 0)
(0.151122 0.0180736 -1.94974e-21)
(0.0910266 0.010846 0)
(0.0545031 0.00650832 0)
(0.0322545 0.0038683 0)
(0.0187837 0.00226556 0)
(0.0107345 0.0013032 0)
(0.0060115 0.000735823 0)
(0.00324027 0.000400422 0)
(0.00177872 0.000217831 0)
(1.8966 0.274836 8.91467e-19)
(-0.88056 0.0118632 0)
(-0.721542 -0.0906884 0)
(0.462369 0.0172418 0)
(0.740079 0.0743473 0)
(0.454264 0.0558865 0)
(0.256779 0.0315704 0)
(0.151429 0.0183529 0)
(0.0912981 0.0110213 0)
(0.054733 0.00662193 0)
(0.0324471 0.00394354 0)
(0.0189473 0.00231566 0)
(0.0108794 0.00133768 0)
(0.00615218 0.000761579 0)
(0.00338541 0.000421585 0)
(0.00188593 0.000231533 0)
(1.91728 0.26557 1.12912e-18)
(-0.777302 -0.0646056 0)
(-0.700887 -0.0924787 0)
(0.453602 0.0126229 0)
(0.747023 0.0750186 0)
(0.462744 0.0574981 0)
(0.264529 0.0327927 0)
(0.157671 0.0192253 2.31899e-21)
(0.0962427 0.0116647 0)
(0.05867 0.00710721 0)
(0.0356184 0.00431675 0)
(0.0215689 0.00261182 0)
(0.0131565 0.00158553 0)
(0.0083308 0.000991061 0)
(0.00561103 0.00065104 0)
(0.00351857 0.000400072 0)
(2.29996 0.588028 1.91486e-18)
(-0.237426 0.16561 -2.81655e-18)
(-0.541939 -0.0680237 -1.06461e-18)
(0.439692 0.00409649 -1.67422e-20)
(0.76511 0.0764952 3.24419e-20)
(0.478786 0.0622134 -6.1917e-21)
(0.272432 0.0352176 -6.22941e-21)
(0.161993 0.0204781 2.82816e-21)
(0.0989872 0.0123698 0)
(0.0605043 0.00752344 0)
(0.0368885 0.0045688 0)
(0.0224753 0.00276796 0)
(0.0138231 0.00168493 0)
(0.0088348 0.00105676 0)
(0.00608524 0.000705986 0)
(0.00415808 0.000469079 0)
(3.75058 0.354833 0)
(1.41188 0.146147 -2.4348e-18)
(0.258916 -0.0142536 -2.47137e-18)
(0.460039 -0.00348213 -1.99829e-19)
(0.752769 0.0755576 4.36208e-20)
(0.463083 0.0655369 -8.27638e-21)
(0.26088 0.0365675 2.67981e-22)
(0.153946 0.0208819 0)
(0.0929485 0.0124106 0)
(0.0558573 0.00740746 1.19818e-21)
(0.0332351 0.0043886 0)
(0.0195156 0.00256701 0)
(0.0113081 0.00147999 0)
(0.00651045 0.000845955 0)
(0.00385107 0.000492547 0)
(0.0027138 0.000328662 0)
(4.79894 1.08191 -1.23162e-18)
(2.98461 0.508631 0)
(1.65266 0.144498 -2.38977e-18)
(0.686818 0.00482725 0)
(0.756409 0.0757993 4.13791e-20)
(0.460161 0.0702781 1.19738e-20)
(0.259433 0.0390044 1.02588e-20)
(0.153127 0.0220701 4.97688e-21)
(0.092527 0.0130259 -2.59629e-21)
(0.0556244 0.00773061 1.40212e-21)
(0.0330968 0.00455408 0)
(0.0194229 0.00264712 0)
(0.0112304 0.00151431 0)
(0.00641589 0.000854642 0)
(0.00367395 0.000481491 0)
(0.0023394 0.000293624 0)
(6.28776 0.783156 -3.95911e-19)
(4.48692 0.582784 3.65916e-19)
(3.68692 0.38235 -5.99445e-19)
(1.40729 0.0945298 0)
(0.798742 0.0845903 7.06807e-20)
(0.451714 0.0746382 1.4455e-20)
(0.258624 0.0414067 0)
(0.152775 0.0232568 5.78532e-21)
(0.092354 0.0136483 -2.9857e-21)
(0.0555346 0.00806153 0)
(0.03305 0.00472633 0)
(0.0193989 0.0027332 5.39597e-22)
(0.011218 0.00155477 0)
(0.00640806 0.000871753 -1.59783e-22)
(0.00365991 0.000486521 0)
(0.00224813 0.000286296 -4.44918e-23)
(7.26087 1.45669 0)
(5.85408 0.830361 -5.96479e-19)
(5.05003 0.556276 0)
(2.33225 0.231569 0)
(0.87349 0.106791 3.71234e-20)
(0.451981 0.0806393 0)
(0.257898 0.0438061 0)
(0.152425 0.0244482 0)
(0.0921807 0.0142722 0)
(0.0554447 0.00839293 0)
(0.0330036 0.00489873 0)
(0.0193755 0.00281937 5.91077e-22)
(0.0112068 0.00159533 0)
(0.00640297 0.000889122 -1.7015e-22)
(0.00365709 0.000492659 0)
(0.00222655 0.000285739 -4.54293e-23)
(8.25652 1.19053 0)
(7.16672 0.90516 -6.28151e-19)
(6.33731 0.700699 0)
(3.02861 0.337596 -1.38521e-19)
(0.931016 0.136765 0)
(0.451722 0.087059 1.14413e-20)
(0.257123 0.0461921 8.54791e-21)
(0.152064 0.0256349 0)
(0.0920029 0.0148944 2.02302e-21)
(0.0553529 0.0087236 0)
(0.0329562 0.00507081 0)
(0.0193518 0.00290541 0)
(0.0111955 0.00163584 1.83698e-22)
(0.00639792 0.000906478 0)
(0.00365499 0.000498864 4.96777e-23)
(0.00222127 0.000286686 0)
(8.43623 1.50507 3.20782e-19)
(8.11611 1.07287 -7.95971e-19)
(7.38764 0.873085 7.05646e-19)
(3.51082 0.451146 -1.52762e-19)
(0.960066 0.169053 1.17983e-20)
(0.450393 0.0938777 1.42337e-20)
(0.256287 0.0485769 -1.32883e-22)
(0.151691 0.0268167 0)
(0.0918206 0.0155146 -6.69108e-14)
(0.0552591 0.00905348 -3.67138e-14)
(0.032908 0.00524255 0)
(0.0193277 0.0029913 0)
(0.011184 0.00167629 1.95765e-22)
(0.00639281 0.000923817 0)
(0.00365291 0.000505072 5.15336e-23)
(0.00221957 0.000287955 0)
(8.78904 1.40149 5.7211e-19)
(8.93608 1.11618 0)
(8.13536 0.97102 6.06244e-19)
(3.71603 0.534685 0)
(0.961878 0.202978 -2.26317e-21)
(0.448269 0.100626 0)
(0.255398 0.0509478 -1.06517e-20)
(0.151308 0.0279931 0)
(0.0916338 0.016133 -7.26511e-14)
(0.0551633 0.00938257 -3.96824e-14)
(0.0328588 0.00541395 0)
(0.0193032 0.00307704 0)
(0.0111724 0.00171669 0)
(0.00638765 0.000941136 0)
(0.00365082 0.000511277 0)
(0.00221859 0.000289291 0)
(9.16089 1.50202 0)
(9.45425 1.18417 0)
(8.53601 1.07052 0)
(3.7727 0.621042 0)
(0.953894 0.23592 0)
(0.445538 0.107492 0)
(0.254468 0.0532978 0)
(0.150914 0.029164 0)
(0.0914425 0.0167494 0)
(0.0550654 0.00971086 0)
(0.0328087 0.005585 0)
(0.0192783 0.00316265 0)
(0.0111605 0.00175703 0)
(0.00638243 0.000958437 1.21727e-22)
(0.00364871 0.000517477 0)
(0.00221775 0.000290641 2.98936e-23)
(9.058 1.40017 0)
(9.55874 1.19154 -3.68522e-19)
(8.61491 1.15052 -1.70152e-19)
(3.75341 0.699745 -2.63195e-21)
(0.940505 0.268725 0)
(0.442411 0.114148 2.68475e-20)
(0.2535 0.0556246 1.29989e-20)
(0.15051 0.030329 0)
(0.0912469 0.0173638 0)
(0.0549656 0.0100383 -1.62511e-21)
(0.0327578 0.0057557 0)
(0.019253 0.0032481 -4.81494e-22)
(0.0111486 0.00179732 0)
(0.00637716 0.000975719 -3.19219e-24)
(0.00364658 0.000523673 -6.43933e-23)
(0.00221692 0.000291993 3.03048e-23)
(8.68834 1.34411 0)
(9.45713 1.19471 -1.68486e-19)
(8.54967 1.202 -1.28211e-20)
(3.69859 0.773245 8.19023e-20)
(0.921495 0.3021 0)
(0.438969 0.120638 3.05474e-20)
(0.252494 0.0579265 1.39577e-20)
(0.150095 0.0314882 0)
(0.0910468 0.0179762 0)
(0.0548638 0.010365 2.73682e-23)
(0.0327059 0.00592605 0)
(0.0192273 0.00333341 9.61698e-24)
(0.0111365 0.00183755 2.71777e-22)
(0.00637183 0.000992982 -1.35221e-22)
(0.00364444 0.000529864 1.82408e-24)
(0.00221609 0.000293347 3.29281e-23)
(7.94021 1.20209 0)
(9.17438 1.17756 0)
(8.27805 1.24965 -8.15272e-20)
(3.58106 0.846359 0)
(0.897523 0.333567 0)
(0.435236 0.126911 0)
(0.251451 0.0602018 1.51629e-20)
(0.149671 0.0326413 0)
(0.0908424 0.0185865 0)
(0.0547601 0.0106908 1.85154e-21)
(0.0326531 0.00609604 -1.02457e-21)
(0.0192012 0.00341856 -9.6086e-24)
(0.0111242 0.00187772 2.8376e-22)
(0.00636644 0.00101023 0)
(0.00364228 0.00053605 6.99147e-23)
(0.00221527 0.000294701 3.33391e-23)
(6.68401 1.03141 0)
(8.58214 1.12297 0)
(7.86142 1.28589 -1.1289e-19)
(3.40695 0.910681 0)
(0.868732 0.363177 0)
(0.431206 0.13293 0)
(0.250375 0.0624489 1.60885e-20)
(0.149237 0.033788 0)
(0.0906337 0.0191947 0)
(0.0546543 0.0110157 0)
(0.0325995 0.00626566 -1.07553e-21)
(0.0191748 0.00350357 -5.77064e-22)
(0.0111118 0.00191783 0)
(0.006361 0.00102745 0)
(0.00364011 0.000542232 0)
(0.00221443 0.000296055 0)
(5.41319 0.84597 0)
(7.76648 1.04335 0)
(7.32143 1.29788 0)
(3.17471 0.959868 0)
(0.835686 0.390011 0)
(0.426928 0.138643 0)
(0.249269 0.064666 -1.72517e-20)
(0.148793 0.0349284 0)
(0.0904207 0.0198008 3.92775e-21)
(0.0545467 0.0113398 0)
(0.0325449 0.00643492 0)
(0.0191479 0.00358842 0)
(0.0110992 0.00195788 3.24373e-22)
(0.00635551 0.00104466 0)
(0.00363792 0.000548409 7.90738e-23)
(0.0022136 0.000297409 3.74775e-23)
(4.55691 0.707782 0)
(6.9854 0.96702 0)
(6.71019 1.30305 0)
(2.88531 1.00542 0)
(0.799482 0.414796 0)
(0.422479 0.144038 0)
(0.248136 0.0668527 -1.81318e-20)
(0.148339 0.0360623 8.18368e-21)
(0.0902034 0.0204048 -4.53697e-23)
(0.054437 0.0116631 0)
(0.0324895 0.0066038 0)
(0.0191207 0.00367311 -6.56501e-22)
(0.0110865 0.00199788 3.36301e-22)
(0.00634996 0.00106184 -1.71686e-22)
(0.00363572 0.000554581 8.0916e-23)
(0.00221277 0.000298763 3.78878e-23)
(3.78433 0.57869 -4.80306e-20)
(6.28617 0.886255 -1.02546e-19)
(6.11828 1.30172 0)
(2.54806 1.03961 0)
(0.762248 0.436023 0)
(0.41795 0.149078 -4.91138e-20)
(0.24698 0.0690084 0)
(0.147877 0.0371896 -7.43968e-23)
(0.0899819 0.0210066 -4.34972e-21)
(0.0543255 0.0119854 0)
(0.0324332 0.0067723 0)
(0.0190931 0.00375765 -6.81762e-22)
(0.0110736 0.00203781 0)
(0.00634435 0.00107901 -1.76802e-22)
(0.00363349 0.000560749 0)
(0.00221193 0.000300117 0)
(3.17518 0.453007 -3.54559e-20)
(5.65611 0.821736 -9.80015e-20)
(5.54763 1.30128 0)
(2.19295 1.06657 0)
(0.729034 0.453978 0)
(0.41342 0.153802 -5.15893e-20)
(0.245804 0.0711339 0)
(0.147405 0.0383102 -9.01621e-21)
(0.0897562 0.0216061 0)
(0.054212 0.0123068 -2.50751e-21)
(0.032376 0.00694043 0)
(0.0190651 0.00384203 -7.26104e-22)
(0.0110605 0.00207769 0)
(0.00633869 0.00109615 1.88273e-22)
(0.00363125 0.000566911 0)
(0.00221108 0.000301471 4.20229e-23)
(2.66324 0.343593 0)
(5.07083 0.747108 0)
(5.01749 1.30155 0)
(1.86192 1.08985 0)
(0.700495 0.468891 0)
(0.40892 0.158234 0)
(0.244609 0.0732301 0)
(0.146925 0.039424 0)
(0.0895264 0.0222034 -4.85825e-21)
(0.0540965 0.0126273 -2.60512e-21)
(0.0323179 0.00710817 0)
(0.0190367 0.00392625 -1.51208e-21)
(0.0110473 0.0021175 0)
(0.00633298 0.00111328 1.93375e-22)
(0.003629 0.000573069 0)
(0.00221024 0.000302825 4.24322e-23)
(2.14048 0.226726 2.83773e-20)
(4.46014 0.682108 0)
(4.48394 1.30023 1.46303e-20)
(1.55259 1.11174 2.66304e-19)
(0.676164 0.48086 0)
(0.404454 0.162429 5.62549e-20)
(0.243395 0.075298 0)
(0.146436 0.040531 0)
(0.0892924 0.0227984 4.49446e-23)
(0.0539792 0.0129469 2.75648e-21)
(0.0322589 0.00727551 0)
(0.0190079 0.00401032 9.53773e-24)
(0.011034 0.00215725 4.11566e-22)
(0.00632721 0.00113038 2.04824e-22)
(0.00362673 0.000579222 9.7368e-23)
(0.00220939 0.000304179 4.50504e-23)
(1.37892 0.120817 2.04e-20)
(3.87841 0.617029 0)
(3.93253 1.29755 8.33295e-22)
(1.26623 1.12882 2.71641e-19)
(0.655528 0.490071 -2.87082e-19)
(0.400026 0.166419 5.7819e-20)
(0.242165 0.0773387 0)
(0.145939 0.0416311 0)
(0.0890543 0.0233912 5.27255e-21)
(0.05386 0.0132656 -2.69616e-23)
(0.0321991 0.00744247 0)
(0.0189788 0.00409421 8.20517e-22)
(0.0110205 0.00219694 4.23396e-22)
(0.00632139 0.00114747 2.09912e-22)
(0.00362445 0.000585371 9.92005e-23)
(0.00220854 0.000305533 4.54592e-23)
(0.499975 0.0016439 0)
(3.29448 0.54177 0)
(3.37324 1.28711 4.91412e-20)
(1.00807 1.14323 0)
(0.637938 0.496641 -2.98665e-19)
(0.395643 0.170235 5.96707e-20)
(0.240918 0.079353 0)
(0.145433 0.0427243 0)
(0.0888122 0.0239816 0)
(0.0537389 0.0135833 2.69071e-23)
(0.0321384 0.00760902 0)
(0.0189492 0.00417795 0)
(0.0110068 0.00223657 0)
(0.00631551 0.00116453 0)
(0.00362215 0.000591514 0)
(0.00220768 0.000306886 0)
(0.0833225 -0.0636549 0)
(2.70517 0.477986 7.21798e-20)
(2.81958 1.27858 0)
(0.792577 1.15622 0)
(0.623026 0.501149 0)
(0.391312 0.17391 6.09066e-20)
(0.239656 0.081342 0)
(0.144919 0.0438105 0)
(0.0885661 0.0245696 0)
(0.0536159 0.0139001 3.1002e-21)
(0.0320768 0.00777518 0)
(0.0189193 0.00426152 0)
(0.010993 0.00227613 0)
(0.00630957 0.00118158 0)
(0.00361983 0.000597652 0)
(0.00220683 0.00030824 -4.95874e-23)
(-0.224408 -0.127959 8.85165e-21)
(2.18779 0.41699 1.29824e-19)
(2.26058 1.26437 -1.28336e-19)
(0.623947 1.16323 2.72768e-19)
(0.609866 0.503587 0)
(0.38703 0.177454 6.25104e-20)
(0.238378 0.0833066 2.53421e-20)
(0.144397 0.0448897 0)
(0.088316 0.0251553 0)
(0.053491 0.0142159 -3.24978e-21)
(0.0320143 0.00794092 0)
(0.018889 0.00434492 -9.33392e-22)
(0.010979 0.00231563 0)
(0.00630359 0.0011986 -2.37814e-22)
(0.0036175 0.000603786 0)
(0.00220596 0.000309594 -1.01094e-22)
(-0.366311 -0.164177 1.07048e-21)
(1.7125 0.353537 0)
(1.74275 1.25017 -1.68927e-19)
(0.495741 1.17357 2.68458e-19)
(0.59821 0.504351 0)
(0.382811 0.180889 6.35958e-20)
(0.237086 0.0852479 2.59933e-20)
(0.143867 0.0459619 1.2141e-20)
(0.0880619 0.0257386 0)
(0.0533642 0.0145308 2.67326e-23)
(0.031951 0.00810626 0)
(0.0188584 0.00442815 -9.5823e-22)
(0.0109649 0.00235507 0)
(0.00629754 0.0012156 -2.42872e-22)
(0.00361515 0.000609914 1.15592e-22)
(0.0022051 0.000310947 -5.15058e-23)
(-0.418865 -0.191221 0)
(1.0415 0.299136 -2.63794e-19)
(1.18781 1.21743 0)
(0.391728 1.17503 0)
(0.586867 0.504872 3.13132e-19)
(0.378673 0.184231 0)
(0.23578 0.0871667 0)
(0.143329 0.0470269 1.24891e-20)
(0.087804 0.0263194 -6.44607e-21)
(0.0532356 0.0148446 3.4673e-21)
(0.0318868 0.00827118 -1.88765e-21)
(0.0188273 0.00451121 0)
(0.0109506 0.00239444 0)
(0.00629145 0.00123258 -2.54249e-22)
(0.00361278 0.000616038 1.17414e-22)
(0.00220423 0.000312301 -5.41186e-23)
(-0.439711 -0.204572 0)
(0.277515 0.235489 -3.22159e-19)
(0.741155 1.20893 0)
(0.329645 1.17136 0)
(0.575701 0.504838 3.03955e-19)
(0.374629 0.18747 0)
(0.234461 0.0890636 2.75983e-20)
(0.142783 0.0480847 0)
(0.0875421 0.0268978 -6.62434e-21)
(0.0531051 0.0151575 0)
(0.0318218 0.00843568 -1.93694e-21)
(0.0187959 0.0045941 0)
(0.0109362 0.00243375 0)
(0.0062853 0.00124954 -2.59291e-22)
(0.00361041 0.000622156 0)
(0.00220336 0.000313654 -5.45252e-23)
(-0.454395 -0.209911 4.4507e-20)
(-0.209757 0.194944 0)
(0.320677 1.18619 2.98673e-19)
(0.294258 1.16807 0)
(0.564898 0.503737 -2.92868e-19)
(0.370638 0.190615 0)
(0.233128 0.0909393 2.81977e-20)
(0.14223 0.0491354 -1.33882e-20)
(0.0872764 0.0274737 6.88954e-21)
(0.0529728 0.0154693 0)
(0.0317559 0.00859976 2.01801e-21)
(0.0187641 0.00467682 0)
(0.0109216 0.00247299 5.49711e-22)
(0.00627909 0.00126648 0)
(0.00360801 0.00062827 1.2649e-22)
(0.00220249 0.000315008 0)
(-0.463391 -0.211737 5.3822e-20)
(-0.412749 0.17971 0)
(-0.118107 1.14512 3.29214e-19)
(0.274341 1.16241 0)
(0.555127 0.5019 -2.86026e-19)
(0.366672 0.19367 0)
(0.231783 0.0927941 0)
(0.141669 0.0501789 -1.37252e-20)
(0.0870069 0.0280471 7.06573e-21)
(0.0528387 0.0157801 0)
(0.0316892 0.00876341 2.06701e-21)
(0.0187319 0.00475936 0)
(0.0109069 0.00251217 5.61366e-22)
(0.00627283 0.0012834 0)
(0.0036056 0.000634378 1.28305e-22)
(0.00220162 0.000316361 0)
(-0.468877 -0.209365 0)
(-0.623502 0.166312 4.18941e-19)
(-0.330881 1.12568 0)
(0.264412 1.15314 -2.57043e-19)
(0.545947 0.500422 0)
(0.362726 0.196644 0)
(0.230426 0.0946278 2.97126e-20)
(0.141101 0.051215 0)
(0.0867336 0.028618 0)
(0.0527028 0.0160899 0)
(0.0316216 0.00892662 0)
(0.0186994 0.00484172 0)
(0.010892 0.00255128 0)
(0.00626652 0.00130029 0)
(0.00360317 0.000640482 0)
(0.00220074 0.000317714 6.01503e-23)
(-0.466552 -0.205118 0)
(-0.789762 0.158853 4.36555e-19)
(-0.467956 1.10809 0)
(0.258364 1.14145 -2.47581e-19)
(0.537048 0.498996 0)
(0.358808 0.199542 0)
(0.229058 0.0964405 3.02809e-20)
(0.140526 0.0522441 0)
(0.0864565 0.0291863 0)
(0.052565 0.0163987 4.09679e-21)
(0.0315532 0.00908941 0)
(0.0186664 0.00492391 1.17203e-21)
(0.010877 0.00259032 -1.77635e-13)
(0.00626015 0.00131717 -8.72309e-14)
(0.00360073 0.00064658 0)
(0.00219986 0.000319067 1.22212e-22)
(-0.464197 -0.199232 0)
(-0.862032 0.157293 0)
(-0.569418 1.08906 0)
(0.252911 1.12845 0)
(0.528232 0.49764 0)
(0.354924 0.202364 0)
(0.227678 0.0982319 -3.107e-20)
(0.139943 0.0532651 0)
(0.0861757 0.0297521 -7.76202e-21)
(0.0524254 0.0167064 4.18972e-21)
(0.0314839 0.00925175 -2.27655e-21)
(0.0186332 0.00500592 1.19645e-21)
(0.0108618 0.0026293 -1.81058e-13)
(0.00625373 0.00133402 -8.87092e-14)
(0.00359827 0.000652673 0)
(0.00219897 0.00032042 6.20612e-23)
(-0.460853 -0.192704 0)
(-0.884247 0.159504 -2.21639e-19)
(-0.609132 1.07326 1.44458e-19)
(0.247337 1.11477 1.18448e-19)
(0.519473 0.496313 1.36782e-19)
(0.351075 0.205114 3.61509e-20)
(0.226288 0.100002 -1.57536e-20)
(0.139353 0.0542809 0)
(0.0858913 0.0303153 -3.94538e-21)
(0.0522841 0.0170131 2.16735e-21)
(0.0314138 0.00941365 -1.15458e-21)
(0.0185995 0.00508774 0)
(0.0108465 0.0026682 3.17547e-22)
(0.00624726 0.00135085 -1.52574e-22)
(0.00359579 0.000658761 7.22924e-23)
(0.00219809 0.000321773 3.23331e-23)
(-0.456803 -0.185887 -3.7472e-20)
(-0.885858 0.163413 -4.4312e-23)
(-0.617911 1.0622 1.45965e-19)
(0.242312 1.10131 2.83499e-22)
(0.510811 0.494974 -3.08361e-23)
(0.347262 0.207792 3.65012e-20)
(0.224888 0.10175 -5.61033e-23)
(0.138756 0.0552843 -7.88608e-21)
(0.0856032 0.0308759 -2.14873e-23)
(0.0521409 0.0173187 -1.30562e-23)
(0.0313428 0.00957511 1.19446e-21)
(0.0185655 0.00516939 -6.36574e-22)
(0.010831 0.00270704 -2.72339e-24)
(0.00624073 0.00136766 -1.56896e-24)
(0.0035933 0.000664844 7.31942e-23)
(0.00219719 0.000323126 -5.49835e-25)
(-0.452257 -0.179014 -3.81514e-20)
(-0.881423 0.166702 4.19355e-23)
(-0.618343 1.04739 0)
(0.237659 1.0879 -1.15443e-19)
(0.502272 0.493634 -1.32922e-19)
(0.343485 0.2104 3.70178e-20)
(0.223478 0.103477 -1.64578e-20)
(0.138156 0.0562916 -8.27155e-21)
(0.0853115 0.0314338 2.13992e-23)
(0.051996 0.0176232 -2.27232e-21)
(0.0312711 0.00973611 0)
(0.0185311 0.00525085 -6.48687e-22)
(0.0108154 0.00274581 2.71936e-24)
(0.00623415 0.00138445 -1.62265e-22)
(0.0035908 0.000670921 0)
(0.0021963 0.000324479 -3.32867e-23)
(-0.447426 -0.17221 0)
(-0.86979 0.171028 -1.24344e-10)
(-0.609622 1.03449 -8.6987e-11)
(0.233115 1.0746 0)
(0.493865 0.492305 0)
(0.339743 0.21294 3.73401e-20)
(0.222059 0.105183 0)
(0.137547 0.0572888 0)
(0.0850162 0.0319892 8.5941e-21)
(0.0518493 0.0179266 0)
(0.0311984 0.00989666 0)
(0.0184963 0.00533213 0)
(0.0107996 0.00278451 3.40252e-22)
(0.00622751 0.00140121 0)
(0.00358828 0.000676994 7.76994e-23)
(0.00219541 0.000325832 0)
(-0.442564 -0.165489 0)
(-0.853256 0.175408 -1.22217e-10)
(-0.597802 1.02251 -8.33821e-11)
(0.228688 1.06154 -1.1145e-19)
(0.485592 0.49099 0)
(0.336036 0.215413 -3.78208e-20)
(0.220631 0.106867 -1.71357e-20)
(0.136933 0.0582555 0)
(0.0847174 0.0325419 -2.12255e-23)
(0.0517009 0.018229 -2.40234e-21)
(0.031125 0.0100567 0)
(0.0184612 0.00541321 -6.86757e-22)
(0.0107837 0.00282314 -3.51407e-22)
(0.00622082 0.00141795 0)
(0.00358574 0.000683061 -9.00364e-25)
(0.00219451 0.000327184 0)
(-0.437745 -0.158903 -3.90349e-20)
(-0.836744 0.179531 3.56523e-23)
(-0.585623 1.01047 -3.2418e-22)
(0.224341 1.04874 -2.62497e-22)
(0.477455 0.489685 1.2689e-19)
(0.332362 0.217821 -3.81155e-20)
(0.219195 0.10853 5.4137e-23)
(0.136304 0.0592395 8.61793e-21)
(0.0844149 0.0330919 2.11369e-23)
(0.0515507 0.0185302 1.28957e-23)
(0.0310507 0.0102164 0)
(0.0184257 0.00549411 4.62956e-24)
(0.0107676 0.00286171 2.7067e-24)
(0.00621408 0.00143467 1.75961e-22)
(0.00358319 0.000689123 8.99671e-25)
(0.00219361 0.000328537 3.60879e-23)
(-0.432959 -0.152518 -1.10491e-22)
(-0.821636 0.183526 -1.98865e-19)
(-0.573825 0.998588 -1.34156e-19)
(0.220065 1.0362 2.5757e-22)
(0.469451 0.488395 1.24891e-19)
(0.328721 0.220166 0)
(0.217752 0.110172 -5.36367e-23)
(0.135674 0.0602086 8.76699e-21)
(0.0841091 0.0336391 -2.10468e-23)
(0.0513987 0.0188303 2.50547e-21)
(0.0309757 0.0103755 0)
(0.0183898 0.00557483 -4.61983e-24)
(0.0107514 0.0029002 -2.70228e-24)
(0.00620729 0.00145137 1.78431e-22)
(0.00358062 0.000695179 8.21902e-23)
(0.0021927 0.000329889 -5.48656e-25)
(-0.428179 -0.146253 3.97159e-20)
(-0.807072 0.187314 0)
(-0.562473 0.986845 0)
(0.215857 1.02389 -1.0648e-19)
(0.461579 0.48712 -1.22973e-19)
(0.325113 0.222448 3.89097e-20)
(0.2163 0.111793 -1.79703e-20)
(0.135038 0.0611708 0)
(0.0837999 0.0341837 -9.42703e-21)
(0.0512451 0.0191293 0)
(0.0308997 0.0105342 0)
(0.0183536 0.00565535 -7.31938e-22)
(0.010735 0.00293861 -3.73922e-22)
(0.00620044 0.00146804 0)
(0.00357803 0.00070123 0)
(0.00219179 0.000331242 -3.70383e-23)
(-0.42337 -0.140133 -3.98743e-20)
(-0.79282 0.19095 0)
(-0.551413 0.975348 -1.28286e-19)
(0.211706 1.01182 0)
(0.453836 0.485858 2.12492e-23)
(0.321537 0.224671 3.91653e-20)
(0.214841 0.113393 1.83068e-20)
(0.134396 0.062126 0)
(0.0834872 0.0347255 2.08618e-23)
(0.0510897 0.0194272 0)
(0.030823 0.0106924 1.42334e-21)
(0.018317 0.00573567 0)
(0.0107185 0.00297696 3.84988e-22)
(0.00619354 0.00148469 1.88033e-22)
(0.00357543 0.000707276 0)
(0.00219088 0.000332594 0)
(-0.418558 -0.134171 -1.02779e-22)
(-0.778805 0.194475 1.87129e-19)
(-0.540634 0.964009 2.99833e-22)
(0.207614 0.999969 -1.02841e-19)
(0.446219 0.484609 -2.00069e-23)
(0.317993 0.226835 -3.95626e-20)
(0.213376 0.114972 -5.21211e-23)
(0.133748 0.0630738 -9.33841e-21)
(0.0831711 0.0352645 -2.07669e-23)
(0.0509326 0.019724 -2.69033e-21)
(0.0307455 0.0108502 -7.70777e-24)
(0.01828 0.00581581 -7.69515e-22)
(0.0107019 0.00301524 -2.68846e-24)
(0.00618658 0.00150132 -1.55422e-24)
(0.00357282 0.000713316 -8.84609e-23)
(0.00218997 0.000333946 -3.90836e-23)
(-0.413774 -0.128316 4.04673e-20)
(-0.765022 0.197834 2.66934e-23)
(-0.529951 0.952886 -2.94013e-22)
(0.203571 0.988355 -1.01418e-19)
(0.438726 0.483373 1.87951e-23)
(0.31448 0.228942 -3.97937e-20)
(0.211904 0.11653 1.11451e-11)
(0.133094 0.0640141 5.62349e-12)
(0.0828517 0.0358008 -5.0084e-21)
(0.0507738 0.0200196 1.26763e-23)
(0.0306672 0.0110074 8.78083e-13)
(0.0182427 0.00589575 4.64561e-13)
(0.0106851 0.00305344 -2.37426e-13)
(0.00617957 0.00151792 -1.15883e-13)
(0.00357019 0.000719351 -8.93513e-23)
(0.00218905 0.000335299 5.4759e-25)
(-0.409007 -0.122603 -4.05937e-20)
(-0.751397 0.201121 -2.5114e-23)
(-0.519599 0.941883 -1.1936e-19)
(0.199597 0.976951 0)
(0.431356 0.482149 1.15505e-19)
(0.310997 0.230992 -2.37385e-11)
(0.210426 0.118069 -3.0207e-14)
(0.132434 0.0649471 5.70672e-12)
(0.0825289 0.0363343 5.12939e-21)
(0.0506133 0.020314 -1.26299e-23)
(0.030588 0.0111642 8.9183e-13)
(0.0182051 0.00597549 4.71535e-13)
(0.0106681 0.00309157 -2.40756e-13)
(0.00617251 0.00153451 -1.17329e-13)
(0.00356754 0.000725381 0)
(0.00218813 0.000336651 4.00313e-23)
(-0.404232 -0.117041 -9.56265e-23)
(-0.738141 0.204159 1.76313e-19)
(-0.50935 0.931121 0)
(0.195667 0.965781 -9.79219e-20)
(0.424106 0.480938 0)
(0.307545 0.232989 -2.38612e-11)
(0.208942 0.119587 -1.14248e-11)
(0.131768 0.0658726 -1.96837e-20)
(0.0822029 0.036865 5.20855e-21)
(0.0504512 0.0206073 -2.84733e-21)
(0.0305081 0.0113205 0)
(0.018167 0.00605503 -8.18614e-22)
(0.010651 0.00312962 0)
(0.0061654 0.00155106 0)
(0.00356488 0.000731405 -9.38136e-23)
(0.00218721 0.000338003 0)
(-0.399453 -0.111593 4.11095e-20)
(-0.724739 0.207275 0)
(-0.499243 0.920525 0)
(0.191799 0.954804 -9.65514e-20)
(0.416973 0.479738 0)
(0.304123 0.234932 2.40602e-11)
(0.207452 0.121085 1.16041e-11)
(0.131097 0.0667907 -9.99507e-21)
(0.0818736 0.0373928 0)
(0.0502873 0.0208994 0)
(0.0304273 0.0114763 0)
(0.0181287 0.00613437 -8.30338e-22)
(0.0106338 0.0031676 0)
(0.00615824 0.0015676 0)
(0.0035622 0.000737424 -9.47001e-23)
(0.00218628 0.000339355 0)
(-0.394651 -0.10623 0)
(-0.711985 0.210034 0)
(-0.489586 0.910028 0)
(0.187996 0.94406 0)
(0.409957 0.478552 0)
(0.30073 0.236823 2.41695e-11)
(0.205957 0.122564 1.17208e-11)
(0.130421 0.0677014 0)
(0.0815411 0.0379179 0)
(0.0501219 0.0211903 0)
(0.0303458 0.0116316 0)
(0.0180899 0.00621352 0)
(0.0106164 0.00320551 -2.57011e-13)
(0.00615102 0.00158411 -1.25308e-13)
(0.00355951 0.000743437 0)
(0.00218535 0.000340706 0)
(-0.389829 -0.10106 0)
(-0.698832 0.21295 0)
(-0.479717 0.899832 0)
(0.184246 0.933494 0)
(0.403055 0.477371 0)
(0.297365 0.238664 0)
(0.204458 0.124023 0)
(0.129739 0.0686046 0)
(0.0812054 0.0384401 0)
(0.0499547 0.0214801 0)
(0.0302634 0.0117864 0)
(0.0180508 0.00629246 0)
(0.0105988 0.00324334 -2.60307e-13)
(0.00614375 0.00160059 -1.26743e-13)
(0.0035568 0.000749445 0)
(0.00218442 0.000342058 0)
(-0.385131 -0.095967 0)
(-0.686628 0.215351 0)
(-0.470823 0.889675 0)
(0.180574 0.92316 0)
(0.396262 0.476214 0)
(0.294029 0.240457 0)
(0.202953 0.125462 0)
(0.129051 0.0695005 0)
(0.0808665 0.0389594 0)
(0.0497859 0.0217686 0)
(0.0301803 0.0119407 0)
(0.0180114 0.0063712 0)
(0.0105811 0.0032811 0)
(0.00613642 0.00161705 0)
(0.00355408 0.000755447 0)
(0.00218349 0.00034341 0)
(-0.380144 -0.0909897 0)
(-0.673821 0.218238 0)
(-0.460813 0.879883 0)
(0.176903 0.913 0)
(0.38959 0.475042 0)
(0.290722 0.242198 0)
(0.201445 0.126883 0)
(0.128359 0.0703891 0)
(0.0805245 0.0394759 0)
(0.0496155 0.022056 0)
(0.0300964 0.0120944 0)
(0.0179716 0.00644973 0)
(0.0105633 0.00331878 0)
(0.00612905 0.00163349 0)
(0.00355134 0.000761443 0)
(0.00218255 0.000344761 0)
(-0.375582 -0.0861832 0)
(-0.662076 0.220227 0)
(-0.452729 0.869921 0)
(0.173369 0.903033 0)
(0.382995 0.47393 0)
(0.28744 0.243902 0)
(0.199932 0.128285 0)
(0.127661 0.0712703 0)
(0.0801795 0.0399895 0)
(0.0494435 0.0223421 0)
(0.0300117 0.0122477 0)
(0.0179314 0.00652805 0)
(0.0105453 0.00335638 0)
(0.00612162 0.00164991 0)
(0.00354858 0.000767434 0)
(0.00218161 0.000346113 0)
(-0.370513 -0.0813317 0)
(-0.649548 0.223055 0)
(-0.442618 0.860642 0)
(0.169821 0.893301 0)
(0.376573 0.472741 0)
(0.284193 0.245537 0)
(0.198416 0.129665 0)
(0.126958 0.0721437 0)
(0.0798313 0.0405002 0)
(0.0492698 0.022627 0)
(0.0299262 0.0124005 0)
(0.0178909 0.00660617 0)
(0.0105272 0.00339391 0)
(0.00611414 0.0016663 0)
(0.00354581 0.000773419 0)
(0.00218066 0.000347464 0)
(-0.36605 -0.0768741 0)
(-0.638199 0.224812 0)
(-0.435252 0.850819 0)
(0.166293 0.883665 0)
(0.37014 0.471698 0)
(0.280945 0.247182 0)
(0.196893 0.131037 0)
(0.12625 0.0730116 0)
(0.0794801 0.041008 0)
(0.0490946 0.0229107 0)
(0.02984 0.0125527 0)
(0.0178501 0.00668407 0)
(0.010509 0.00343135 0)
(0.00610661 0.00168266 0)
(0.00354303 0.000779399 0)
(0.0021797 0.000348816 0)
(-0.360995 -0.0721357 0)
(-0.626146 0.227282 0)
(-0.425193 0.842017 0)
(0.163102 0.874341 0)
(0.36395 0.470486 0)
(0.277804 0.248664 0)
(0.195381 0.132358 0)
(0.12554 0.0738646 0)
(0.079126 0.0415122 0)
(0.0489177 0.0231932 0)
(0.0297529 0.0127045 0)
(0.0178089 0.00676181 0)
(0.0104906 0.00346873 0)
(0.00609902 0.001699 0)
(0.00354022 0.00078537 0)
(0.00217869 0.000350165 0)
(-0.356551 -0.067875 0)
(-0.614828 0.229237 0)
(-0.418232 0.832463 0)
(0.159282 0.865093 0)
(0.357775 0.469471 0)
(0.274505 0.250331 0)
(0.193814 0.133742 0)
(0.124813 0.0747329 0)
(0.0787676 0.0420167 0)
(0.0487394 0.0234741 0)
(0.0296652 0.012855 0)
(0.0177673 0.00683886 0)
(0.010472 0.00350584 0)
(0.00609137 0.00171525 0)
(0.00353738 0.00079133 0)
(0.00217743 0.000351511 0)
(-0.351645 -0.0634975 0)
(-0.603622 0.230972 0)
(-0.408761 0.823851 0)
(0.156765 0.856076 0)
(0.3516 0.468355 0)
(0.271382 0.251638 2.52306e-11)
(0.192301 0.134963 1.29115e-11)
(0.124096 0.0755456 0)
(0.0784072 0.0425087 0)
(0.0485584 0.023754 0)
(0.0295757 0.0130074 0)
(0.0177249 0.00691751 0)
(0.0104531 0.00354371 0)
(0.00608351 0.00173178 0)
(0.00353427 0.000797338 0)
(0.0021752 0.000352825 0)
(-0.346547 -0.0592032 0)
(-0.591744 0.233207 0)
(-0.401721 0.814845 0)
(0.152269 0.847056 0)
(0.345748 0.467219 0)
(0.268465 0.25323 2.5143e-11)
(0.190861 0.13634 1.29526e-11)
(0.123411 0.0764216 0)
(0.0780613 0.0430165 0)
(0.0483814 0.0240348 0)
(0.029486 0.0131563 0)
(0.01768 0.00699317 0)
(0.0104307 0.00358012 0)
(0.00607207 0.00174777 0)
(0.00352751 0.000803226 0)
(0.00216901 0.000354201 0)
(-0.332603 -0.0410739 0)
(-0.548257 0.237792 0)
(-0.357943 0.771052 0)
(0.143724 0.803531 0)
(0.312574 0.461932 0)
(0.247881 0.260979 0)
(0.17838 0.144373 0)
(0.116157 0.0822766 0)
(0.0736086 0.0469383 0)
(0.0455927 0.0265505 0)
(0.0277097 0.0147333 0)
(0.0165294 0.0079622 0)
(0.0096641 0.004164 0)
(0.00553197 0.00209273 0)
(0.00308495 0.00100231 0)
(0.00168736 0.000464725 0)
(-0.292905 -0.013736 0)
(-0.462353 0.246142 0)
(-0.293225 0.704393 0)
(0.117984 0.735825 0)
(0.260829 0.452897 0)
(0.215593 0.272974 0)
(0.159253 0.15795 0)
(0.105455 0.0924921 0)
(0.0674159 0.053909 0)
(0.0419875 0.0310796 0)
(0.0256175 0.0176014 0)
(0.0153327 0.00974213 0)
(0.00899462 0.005248 0)
(0.00516804 0.00274056 0)
(0.00289558 0.00138079 0)
(0.00159964 0.000679475 0)
(-0.255764 0.00726963 0)
(-0.388273 0.25134 0)
(-0.24217 0.648279 0)
(0.0950115 0.679325 0)
(0.216825 0.444318 0)
(0.185929 0.281667 0)
(0.140321 0.169189 0)
(0.09427 0.101352 0)
(0.0607275 0.0601 0)
(0.0379994 0.0351522 0)
(0.0232596 0.0201982 0)
(0.0139598 0.0113605 0)
(0.00821167 0.00623654 0)
(0.00473223 0.00333285 0)
(0.0026608 0.00172744 0)
(0.00147429 0.000876718 0)
(-0.220675 0.0248286 0)
(-0.323368 0.254383 0)
(-0.198617 0.601677 0)
(0.0761664 0.632738 0)
(0.178779 0.436359 0)
(0.158211 0.288062 0)
(0.121498 0.178534 0)
(0.0826331 0.10902 0)
(0.0535854 0.0655535 0)
(0.0336644 0.0387745 0)
(0.0206632 0.0225198 0)
(0.0124303 0.0128122 0)
(0.0073287 0.00712563 0)
(0.00423387 0.00386685 0)
(0.00238758 0.00204102 0)
(0.00132615 0.00105616 0)
(-0.186573 0.038702 0)
(-0.265005 0.255865 0)
(-0.160107 0.563333 0)
(0.0608171 0.59473 0)
(0.145532 0.429236 0)
(0.132149 0.292754 0)
(0.102854 0.186192 0)
(0.0706496 0.11553 0)
(0.0460632 0.0702517 0)
(0.0290308 0.0419207 0)
(0.0178584 0.0245451 0)
(0.010763 0.0140821 0)
(0.00635741 0.00790498 0)
(0.00368016 0.00433579 0)
(0.00208027 0.00231701 0)
(0.00115783 0.0012146 0)
(-0.153336 0.0495963 0)
(-0.211756 0.256218 0)
(-0.125456 0.5323 0)
(0.048292 0.564309 0)
(0.116139 0.423126 0)
(0.10748 0.296196 0)
(0.0844208 0.192359 0)
(0.0584046 0.120933 0)
(0.0382274 0.0741913 0)
(0.0241451 0.0445753 0)
(0.0148759 0.0262596 0)
(0.0089775 0.0151594 0)
(0.00531012 0.00856712 0)
(0.00307871 0.0047348 0)
(0.00174355 0.00255227 0)
(0.000972025 0.00135008 0)
(-0.120803 0.0579134 0)
(-0.162457 0.255877 0)
(-0.0937151 0.50792 0)
(0.0380558 0.540722 0)
(0.0897844 0.418181 0)
(0.0839483 0.29873 0)
(0.0661926 0.1972 0)
(0.0459639 0.125263 0)
(0.0301387 0.0773692 0)
(0.0190529 0.0467247 0)
(0.0117465 0.0276502 0)
(0.00709397 0.016034 0)
(0.00419971 0.00910524 0)
(0.00243757 0.00505938 0)
(0.00138237 0.00274389 0)
(0.000771638 0.00146067 0)
(-0.089004 0.0637931 0)
(-0.116518 0.254892 0)
(-0.0646309 0.489397 0)
(0.0293033 0.523279 0)
(0.0656292 0.414514 0)
(0.0612717 0.300628 0)
(0.0481331 0.200867 0)
(0.0333768 0.128562 0)
(0.0218533 0.0797926 0)
(0.013799 0.0483638 0)
(0.00850168 0.0287103 0)
(0.00513329 0.0167007 0)
(0.00303959 0.00951545 0)
(0.00176518 0.00530692 0)
(0.00100191 0.00289017 0)
(0.000559743 0.00154525 0)
(-0.0577699 0.0677106 0)
(-0.0721174 0.254005 0)
(-0.0352286 0.476935 0)
(0.0236349 0.511852 0)
(0.0440288 0.412271 0)
(0.0395636 0.30204 0)
(0.0303 0.203406 0)
(0.0207084 0.130807 0)
(0.0134293 0.0814251 0)
(0.00842755 0.04946 0)
(0.00517258 0.0294158 0)
(0.00311633 0.0171429 0)
(0.00184323 0.00978693 0)
(0.00107001 0.00547053 0)
(0.000607418 0.00298679 0)
(0.000339461 0.00160112 0)
(-0.021111 0.0698435 0)
(-0.0248198 0.25259 0)
(-0.00971913 0.468331 0)
(0.0110212 0.504745 0)
(0.0169651 0.411261 0)
(0.0144821 0.303262 0)
(0.0107267 0.205178 0)
(0.0071901 0.132283 0)
(0.00460411 0.082464 0)
(0.00286602 0.0501431 0)
(0.00175028 0.0298493 0)
(0.00105138 0.0174121 0)
(0.000620871 0.00995111 0)
(0.000360167 0.00556901 0)
(0.000204438 0.00304475 0)
(0.000114272 0.00163455 0)
(0.00100395 0.000100949 0)
(0.000485436 4.88444e-05 0)
(0.000251013 2.52275e-05 0)
(0.000125278 1.25716e-05 -3.58153e-24)
(6.44307e-05 6.44082e-06 4.99511e-32)
(3.42542e-05 3.39975e-06 2.23473e-32)
(2.04481e-05 2.00755e-06 -9.74984e-33)
(1.4167e-05 1.37511e-06 0)
(1.15115e-05 1.11321e-06 0)
(1.04045e-05 1.00508e-06 0)
(9.98928e-06 9.65683e-07 -2.00071e-34)
(9.7164e-06 9.39101e-07 2.63643e-36)
(9.65269e-06 9.2369e-07 1.71585e-24)
(1.41386e-05 1.3711e-06 -1.34224e-34)
(0.00100184 0.000101938 0)
(0.000484997 4.9527e-05 0)
(0.000251495 2.56957e-05 8.78285e-24)
(0.000126211 1.29422e-05 -1.72921e-23)
(6.55936e-05 6.75462e-06 1.7136e-23)
(3.55297e-05 3.68145e-06 -1.70522e-23)
(2.17776e-05 2.26921e-06 -1.70052e-23)
(1.55214e-05 1.62308e-06 -1.69768e-23)
(1.28776e-05 1.34679e-06 -1.69693e-23)
(1.17758e-05 1.23044e-06 0)
(1.13629e-05 1.18555e-06 1.69601e-23)
(1.10905e-05 1.15735e-06 1.69581e-23)
(1.10272e-05 1.15218e-06 -8.48043e-24)
(1.61742e-05 1.66785e-06 -1.69641e-23)
(0.00100049 0.000102302 0)
(0.000484049 4.95696e-05 -1.5428e-23)
(0.000250774 2.5549e-05 3.00648e-23)
(0.000125598 1.27328e-05 1.04842e-31)
(6.50348e-05 6.52879e-06 2.9543e-23)
(3.49958e-05 3.4619e-06 -2.94642e-23)
(2.12544e-05 2.06471e-06 -2.94319e-23)
(1.50023e-05 1.43539e-06 -2.94245e-23)
(1.23597e-05 1.17131e-06 -2.94352e-23)
(1.12582e-05 1.06021e-06 1.47155e-23)
(1.08454e-05 1.01974e-06 1.47165e-23)
(1.05735e-05 9.93065e-07 2.94338e-23)
(1.05115e-05 9.68915e-07 -2.94279e-23)
(1.51956e-05 1.43545e-06 -2.9427e-23)
(0.000996441 0.00010344 0)
(0.000480154 5.01694e-05 -1.32424e-23)
(0.000246981 2.5774e-05 2.52703e-23)
(0.000121858 1.27684e-05 2.47184e-23)
(6.13227e-05 6.44746e-06 2.4421e-23)
(3.12993e-05 3.31009e-06 -2.42755e-23)
(1.75664e-05 1.86743e-06 -2.42044e-23)
(1.13192e-05 1.20846e-06 -2.41707e-23)
(8.67914e-06 9.27821e-07 -2.41578e-23)
(7.57901e-06 8.08016e-07 2.41516e-23)
(7.16689e-06 7.6159e-07 0)
(6.89493e-06 7.33115e-07 2.41427e-23)
(6.8325e-06 7.20298e-07 -2.41402e-23)
(9.70696e-06 1.00716e-06 -2.41369e-23)
(0.000992298 0.000104137 0)
(0.000476116 5.03702e-05 0)
(0.000243015 2.56362e-05 1.27105e-23)
(0.000117929 1.2471e-05 5.97558e-24)
(5.74134e-05 6.0601e-06 5.76606e-24)
(2.73999e-05 2.87612e-06 -1.13195e-23)
(1.36721e-05 1.40951e-06 -1.12094e-23)
(7.42721e-06 7.39601e-07 -1.11564e-23)
(4.78825e-06 4.53694e-07 -1.11302e-23)
(3.68836e-06 3.35204e-07 1.11208e-23)
(3.27613e-06 2.91754e-07 0)
(3.00435e-06 2.64891e-07 1.11123e-23)
(2.94236e-06 2.42066e-07 -1.11085e-23)
(4.1824e-06 3.64798e-07 -1.1108e-23)
(0.000989971 0.000105032 0)
(0.000473885 5.08157e-05 0)
(0.000240848 2.5791e-05 5.34048e-24)
(0.000115793 1.24945e-05 0)
(5.52931e-05 6.01331e-06 0)
(2.52877e-05 2.79395e-06 -3.69531e-24)
(1.15642e-05 1.30869e-06 -3.57174e-24)
(5.32134e-06 6.28827e-07 -3.51315e-24)
(2.6835e-06 3.37787e-07 -3.48575e-24)
(1.58434e-06 2.13179e-07 3.47113e-24)
(1.17262e-06 1.64928e-07 0)
(9.00797e-07 1.3596e-07 3.46251e-24)
(8.38377e-07 1.2145e-07 -3.45912e-24)
(1.29456e-06 1.66366e-07 -1.72914e-24)
(0.000989033 0.000105852 0)
(0.000473038 5.11923e-05 0)
(0.000240065 2.58776e-05 1.50896e-24)
(0.000115041 1.24516e-05 9.74449e-25)
(5.45567e-05 5.90219e-06 0)
(2.45592e-05 2.65078e-06 -1.07026e-24)
(1.08394e-05 1.15135e-06 -9.19289e-25)
(4.59822e-06 4.66669e-07 -8.46886e-25)
(1.96094e-06 1.74534e-07 -8.11914e-25)
(8.61778e-07 5.35059e-08 7.97758e-25)
(4.49888e-07 8.21396e-09 0)
(1.78299e-07 -1.96583e-08 7.8714e-25)
(1.16379e-07 -4.424e-08 -7.83435e-25)
(3.11365e-07 -2.62868e-08 -3.91612e-25)
(0.000988621 0.000106927 0)
(0.000472717 5.18182e-05 0)
(0.000239805 2.62113e-05 1.34117e-24)
(0.000114813 1.26539e-05 7.3171e-25)
(5.43445e-05 6.03477e-06 0)
(2.4355e-05 2.74924e-06 -4.73562e-25)
(1.06392e-05 1.23285e-06 -3.08096e-25)
(4.39996e-06 5.40156e-07 -2.3029e-25)
(1.76363e-06 2.44208e-07 -1.95605e-25)
(6.65043e-07 1.18693e-07 1.79216e-25)
(2.5349e-07 7.06922e-08 8.69443e-26)
(-1.81603e-08 4.14449e-08 8.59749e-26)
(-8.0288e-08 2.16764e-08 -1.65796e-25)
(5.5839e-08 3.42204e-08 -1.65576e-25)
(0.000988369 0.000107869 0)
(0.000472559 5.23012e-05 0)
(0.000239712 2.63953e-05 2.8701e-24)
(0.00011475 1.27033e-05 7.4438e-25)
(5.42987e-05 6.01234e-06 0)
(2.43174e-05 2.69151e-06 -3.62762e-25)
(1.06057e-05 1.15776e-06 -1.72567e-25)
(4.36833e-06 4.57117e-07 -8.29312e-26)
(1.73281e-06 1.58075e-07 -3.9117e-26)
(6.34425e-07 3.37148e-08 2.07405e-26)
(2.2284e-07 -1.27682e-08 1.21819e-26)
(-4.86367e-08 -4.1044e-08 0)
(-1.10454e-07 -6.62955e-08 -3.86551e-27)
(9.10442e-09 -5.59969e-08 -3.60825e-27)
(0.000988134 0.000108959 0)
(0.000472418 5.29407e-05 0)
(0.000239634 2.67391e-05 3.18577e-24)
(0.000114704 1.29134e-05 8.22004e-25)
(5.42691e-05 6.15102e-06 4.04172e-25)
(2.4296e-05 2.79572e-06 -3.93321e-25)
(1.05882e-05 1.24603e-06 -1.85264e-25)
(4.35265e-06 5.3933e-07 -8.89576e-26)
(1.71791e-06 2.37868e-07 -4.72908e-26)
(6.19931e-07 1.11264e-07 2.96246e-26)
(2.08541e-07 6.35008e-08 2.38498e-26)
(-6.29686e-08 3.42543e-08 0)
(-1.24827e-07 1.03176e-08 -1.37334e-26)
(-3.40591e-09 2.10722e-08 -1.29638e-26)
(0.000987914 0.000109962 -6.4769e-24)
(0.000472292 5.34775e-05 0)
(0.000239573 2.69688e-05 3.51614e-24)
(0.000114676 1.30024e-05 9.05622e-25)
(5.42576e-05 6.1629e-06 8.86693e-25)
(2.42932e-05 2.76776e-06 -4.26185e-25)
(1.05901e-05 1.1958e-06 -1.92333e-25)
(4.3569e-06 4.76381e-07 -8.11706e-26)
(1.72338e-06 1.68127e-07 -2.65697e-26)
(6.25932e-07 3.89532e-08 2.72068e-27)
(2.14756e-07 -9.74255e-09 -7.88112e-27)
(-5.66219e-08 -3.87768e-08 0)
(-1.18423e-07 -6.26899e-08 1.62456e-26)
(-9.8911e-10 -5.25431e-08 1.63364e-26)
(0.000987688 0.000111031 -7.09376e-24)
(0.000472158 5.40956e-05 0)
(0.000239503 2.72925e-05 3.84914e-24)
(0.000114638 1.31942e-05 9.90919e-25)
(5.4236e-05 6.28505e-06 9.70145e-25)
(2.42796e-05 2.85736e-06 -4.69743e-25)
(1.05802e-05 1.27306e-06 -2.21782e-25)
(4.34848e-06 5.51107e-07 -1.07991e-25)
(1.71554e-06 2.42486e-07 -5.57507e-26)
(6.18378e-07 1.12324e-07 3.38778e-26)
(2.07353e-07 6.27918e-08 2.35973e-26)
(-6.40143e-08 3.28737e-08 0)
(-1.25736e-07 7.8708e-09 -1.36344e-26)
(-4.71967e-09 1.85528e-08 -1.34634e-26)
(0.000987464 0.000112054 0)
(0.00047203 5.46533e-05 0)
(0.000239441 2.75418e-05 4.18499e-24)
(0.000114609 1.32996e-05 1.07617e-24)
(5.42243e-05 6.30783e-06 1.0466e-24)
(2.42773e-05 2.83393e-06 -4.94409e-25)
(1.0583e-05 1.22209e-06 -2.14688e-25)
(4.35395e-06 4.84706e-07 -8.20347e-26)
(1.72224e-06 1.69428e-07 -2.07727e-26)
(6.25466e-07 3.86559e-08 -4.91059e-27)
(2.14469e-07 -9.58196e-09 -1.32397e-26)
(-5.68308e-08 -3.8318e-08 -7.83006e-27)
(-1.18434e-07 -6.46988e-08 2.46995e-26)
(-1.08743e-09 -5.48759e-08 2.56212e-26)
(0.000987236 0.000113106 0)
(0.000471896 5.52573e-05 0)
(0.000239371 2.78582e-05 2.26772e-24)
(0.00011457 1.34924e-05 2.34919e-24)
(5.42014e-05 6.44022e-06 1.16698e-24)
(2.42619e-05 2.94197e-06 -5.81298e-25)
(1.05711e-05 1.31986e-06 -2.85277e-25)
(4.34383e-06 5.77279e-07 -1.45578e-25)
(1.71316e-06 2.57055e-07 -7.90684e-26)
(6.1717e-07 1.2026e-07 4.79234e-26)
(2.0671e-07 6.72058e-08 3.31362e-26)
(-6.44752e-08 3.55663e-08 2.60567e-26)
(-1.26207e-07 1.31437e-08 -2.30586e-26)
(-5.05301e-09 2.41226e-08 -2.31371e-26)
(0.000986898 0.000114653 0)
(0.000471703 5.60838e-05 -5.1927e-24)
(0.000239279 2.81923e-05 2.5202e-24)
(0.000114531 1.35919e-05 1.04767e-31)
(5.41894e-05 6.4074e-06 1.29019e-24)
(2.42643e-05 2.8402e-06 -6.37182e-25)
(1.05806e-05 1.18574e-06 -3.11126e-25)
(4.35619e-06 4.33563e-07 -1.59696e-25)
(1.72612e-06 1.16796e-07 -8.97578e-26)
(6.2969e-07 -9.69851e-09 2.93736e-26)
(2.18594e-07 -5.31315e-08 4.77968e-26)
(-5.23836e-08 -7.89489e-08 4.55706e-26)
(-1.13454e-07 -1.14057e-07 -3.74095e-26)
(1.48779e-09 -1.05658e-07 -3.65338e-26)
(0.000986441 0.000116743 0)
(0.00047143 5.73127e-05 -5.88037e-24)
(0.000239133 2.88915e-05 5.69283e-24)
(0.000114446 1.40685e-05 1.0474e-31)
(5.41357e-05 6.76873e-06 1.42203e-24)
(2.42261e-05 3.14262e-06 -6.69985e-25)
(1.05509e-05 1.45087e-06 -2.88863e-25)
(4.3315e-06 6.70335e-07 -1.08941e-25)
(1.70501e-06 3.27235e-07 -2.41844e-26)
(6.11233e-07 1.75584e-07 0)
(2.0187e-07 1.13634e-07 -2.60905e-26)
(-6.93318e-08 7.72802e-08 -3.25632e-26)
(-1.31286e-07 6.14627e-08 4.22782e-26)
(-7.45427e-09 7.37044e-08 4.28234e-26)
(0.000985985 0.000118819 0)
(0.000471166 5.84289e-05 0)
(0.000239008 2.93281e-05 6.36277e-24)
(0.000114395 1.41698e-05 1.04704e-31)
(5.41227e-05 6.68064e-06 1.60746e-24)
(2.42328e-05 2.96252e-06 -7.7952e-25)
(1.05666e-05 1.23457e-06 -3.6538e-25)
(4.3503e-06 4.50941e-07 -1.74948e-25)
(1.72374e-06 1.22447e-07 -8.86971e-26)
(6.28689e-07 -7.34939e-09 0)
(2.18071e-07 -5.13141e-08 4.37256e-26)
(-5.26941e-08 -7.70554e-08 4.01055e-26)
(-1.13465e-07 -1.14832e-07 -3.14959e-26)
(1.56241e-09 -1.06837e-07 -3.02072e-26)
(0.000985643 0.000120908 0)
(0.000470892 5.96112e-05 0)
(0.000238862 2.9984e-05 3.51521e-24)
(0.000114311 1.46199e-05 1.85103e-38)
(5.40689e-05 7.03345e-06 8.8402e-25)
(2.41941e-05 3.26787e-06 -8.44852e-25)
(1.05362e-05 1.50691e-06 -3.76906e-25)
(4.32513e-06 6.93434e-07 -1.54924e-25)
(1.70257e-06 3.34431e-07 -4.94136e-26)
(6.1054e-07 1.75621e-07 4.13838e-28)
(2.01839e-07 1.11262e-07 -1.00952e-26)
(-6.91756e-08 7.41302e-08 -2.93186e-26)
(-1.3085e-07 5.54875e-08 3.77526e-26)
(-7.13723e-09 6.74796e-08 3.81355e-26)
(0.000987237 0.000123275 0)
(0.000470618 6.07798e-05 0)
(0.000238729 3.04835e-05 3.84824e-24)
(0.000114252 1.47801e-05 3.96321e-24)
(5.40507e-05 6.99263e-06 0)
(2.41968e-05 3.12367e-06 -9.42185e-25)
(1.0549e-05 1.31758e-06 -4.40538e-25)
(4.34161e-06 4.94836e-07 -2.08467e-25)
(1.71941e-06 1.46263e-07 -1.0383e-25)
(6.26453e-07 6.28068e-09 6.10212e-26)
(2.16771e-07 -4.22574e-08 0)
(-5.36648e-08 -7.00116e-08 4.08007e-26)
(-1.14293e-07 -1.06508e-07 -2.96357e-26)
(1.17754e-09 -9.82824e-08 -2.81095e-26)
(0.00102007 0.000128232 0)
(0.000470369 6.18328e-05 0)
(0.000238589 3.10757e-05 8.36456e-24)
(0.000114173 1.516e-05 4.30368e-24)
(5.40026e-05 7.27849e-06 0)
(2.41635e-05 3.3692e-06 -1.00021e-24)
(1.05233e-05 1.54006e-06 -4.44334e-25)
(4.32036e-06 6.98287e-07 -1.82201e-25)
(1.7013e-06 3.29219e-07 -5.89348e-26)
(6.10593e-07 1.68252e-07 3.89338e-27)
(2.02279e-07 1.0434e-07 -9.57436e-27)
(-6.8621e-08 6.77712e-08 -1.44185e-26)
(-1.29956e-07 4.46629e-08 3.69304e-26)
(-6.55652e-09 5.60074e-08 3.75159e-26)
(0.00152214 0.000182313 -1.74101e-23)
(0.000470087 6.35502e-05 0)
(0.000238435 3.16246e-05 4.51381e-24)
(0.000114107 1.53983e-05 4.65292e-24)
(5.39757e-05 7.32242e-06 1.14433e-24)
(2.41583e-05 3.30377e-06 -1.11496e-24)
(1.05293e-05 1.4166e-06 -5.24378e-25)
(4.3315e-06 5.50989e-07 -2.48754e-25)
(1.71411e-06 1.78839e-07 -1.22335e-25)
(6.23566e-07 2.58103e-08 6.9038e-26)
(2.15041e-07 -2.92544e-08 4.8913e-26)
(-5.49476e-08 -6.00789e-08 0)
(-1.15466e-07 -9.4485e-08 -2.77632e-26)
(5.31743e-10 -8.5752e-08 -2.62037e-26)
(0.00128168 0.000161359 -1.96402e-23)
(0.00046983 6.46431e-05 0)
(0.000238342 3.19392e-05 4.62096e-24)
(0.000114064 1.5574e-05 4.77448e-24)
(5.39523e-05 7.43719e-06 1.18765e-24)
(2.41434e-05 3.39688e-06 -1.19618e-24)
(1.05184e-05 1.50287e-06 -6.11633e-25)
(4.32234e-06 6.34383e-07 -3.4407e-25)
(1.70602e-06 2.58431e-07 -2.22803e-25)
(6.16194e-07 1.00133e-07 1.71403e-25)
(2.08087e-07 4.07583e-08 1.51725e-25)
(-6.21096e-08 7.32418e-09 0)
(-1.22782e-07 -2.31094e-08 -1.36155e-25)
(-2.81618e-09 -1.33239e-08 -1.34747e-25)
(0.0011702 0.000150735 0)
(0.000469781 6.48377e-05 0)
(0.000238322 3.20094e-05 4.61064e-24)
(0.000114055 1.56106e-05 2.37568e-24)
(5.39477e-05 7.45553e-06 1.16723e-24)
(2.41413e-05 3.4059e-06 -1.13339e-24)
(1.05175e-05 1.50649e-06 -5.25325e-25)
(4.3221e-06 6.3456e-07 -2.34822e-25)
(1.70621e-06 2.56005e-07 -9.14373e-26)
(6.16645e-07 9.55011e-08 1.76626e-26)
(2.08702e-07 3.45632e-08 -1.12347e-26)
(-6.14856e-08 1.89244e-10 -2.20614e-26)
(-1.22183e-07 -2.94741e-08 4.21725e-26)
(-2.51212e-09 -1.95323e-08 4.07644e-26)
(0.00109691 0.000143794 0)
(0.000469738 6.50108e-05 0)
(0.000238303 3.20797e-05 4.65164e-24)
(0.000114046 1.56466e-05 -2.39428e-24)
(5.39434e-05 7.47269e-06 2.34133e-24)
(2.41392e-05 3.4134e-06 -1.12319e-24)
(1.05166e-05 1.50897e-06 -5.07915e-25)
(4.32183e-06 6.34805e-07 -2.19622e-25)
(1.70616e-06 2.55694e-07 -8.79557e-26)
(6.16607e-07 9.57063e-08 1.70008e-26)
(2.08579e-07 3.5887e-08 9.11393e-27)
(-6.16923e-08 2.543e-09 1.84296e-26)
(-1.22363e-07 -2.84452e-08 1.94542e-27)
(-2.60966e-09 -1.87263e-08 4.73008e-27)
(0.00104896 0.000139324 0)
(0.0004697 6.51734e-05 0)
(0.000238284 3.215e-05 4.69239e-24)
(0.000114038 1.56829e-05 -4.83065e-24)
(5.39389e-05 7.4902e-06 2.3623e-24)
(2.4137e-05 3.42159e-06 -1.1348e-24)
(1.05156e-05 1.51253e-06 -5.16381e-25)
(4.32143e-06 6.36322e-07 -2.27723e-25)
(1.706e-06 2.56427e-07 -9.54858e-26)
(6.16543e-07 9.6271e-08 2.00038e-26)
(2.08558e-07 3.61613e-08 1.76022e-26)
(-6.17207e-08 2.3171e-09 3.76121e-27)
(-1.22408e-07 -2.82785e-08 2.02671e-27)
(-2.64509e-09 -1.85257e-08 3.3196e-27)
(0.00101774 0.000136522 0)
(0.000469662 6.53291e-05 0)
(0.000238266 3.22203e-05 4.73312e-24)
(0.000114029 1.57192e-05 1.01567e-31)
(5.39341e-05 7.50793e-06 1.19224e-24)
(2.41348e-05 3.43016e-06 -1.14733e-24)
(1.05146e-05 1.5165e-06 -5.24164e-25)
(4.321e-06 6.38161e-07 -2.32823e-25)
(1.70582e-06 2.57273e-07 -9.81809e-26)
(6.16483e-07 9.66401e-08 3.99893e-26)
(2.08539e-07 3.62395e-08 8.11447e-27)
(-6.17479e-08 2.29091e-09 3.39017e-27)
(-1.22432e-07 -2.83215e-08 3.51099e-27)
(-2.67149e-09 -1.85534e-08 4.68121e-27)
(0.000997537 0.000134824 0)
(0.000469626 6.54801e-05 0)
(0.000238248 3.22907e-05 9.54771e-24)
(0.000114019 1.57554e-05 4.91548e-24)
(5.39297e-05 7.52571e-06 0)
(2.41326e-05 3.43875e-06 -1.15773e-24)
(1.05136e-05 1.52046e-06 -5.29089e-25)
(4.32055e-06 6.39942e-07 -2.34937e-25)
(1.70565e-06 2.58027e-07 -9.87405e-26)
(6.1642e-07 9.69204e-08 3.9705e-26)
(2.08511e-07 3.63439e-08 0)
(-6.17735e-08 2.36296e-09 7.31058e-27)
(-1.22452e-07 -2.8367e-08 3.79629e-27)
(-2.69437e-09 -1.86078e-08 5.08678e-27)
(0.000984542 0.000133847 0)
(0.00046959 6.56277e-05 0)
(0.000238229 3.23609e-05 9.62924e-24)
(0.00011401 1.57917e-05 4.9575e-24)
(5.39251e-05 7.54345e-06 1.21294e-24)
(2.41305e-05 3.4473e-06 -1.16746e-24)
(1.05126e-05 1.52437e-06 -5.33344e-25)
(4.32012e-06 6.41675e-07 -2.3663e-25)
(1.70547e-06 2.58749e-07 -9.93197e-26)
(6.16346e-07 9.72036e-08 1.99734e-26)
(2.08481e-07 3.64785e-08 8.25725e-27)
(-6.17987e-08 2.44212e-09 7.51238e-27)
(-1.2247e-07 -2.83852e-08 3.69305e-27)
(-2.71353e-09 -1.86387e-08 5.02061e-27)
(0.000976221 0.000133336 0)
(0.000469551 6.57731e-05 0)
(0.000238211 3.24312e-05 4.85536e-24)
(0.000114001 1.5828e-05 1.01551e-31)
(5.39206e-05 7.5612e-06 2.44635e-24)
(2.41283e-05 3.45583e-06 -1.17725e-24)
(1.05116e-05 1.52827e-06 -5.37737e-25)
(4.31967e-06 6.434e-07 -2.38534e-25)
(1.70527e-06 2.59472e-07 -1.00122e-25)
(6.16272e-07 9.74971e-08 0)
(2.08448e-07 3.66145e-08 1.66885e-26)
(-6.1822e-08 2.50984e-09 3.76579e-27)
(-1.22483e-07 -2.83976e-08 3.64994e-27)
(-2.72819e-09 -1.8662e-08 4.97014e-27)
(0.00097092 0.000133128 0)
(0.000469515 6.59174e-05 0)
(0.000238192 3.25015e-05 4.8961e-24)
(0.000113992 1.58643e-05 1.01546e-31)
(5.39161e-05 7.57894e-06 1.23344e-24)
(2.41261e-05 3.46437e-06 -1.18712e-24)
(1.05106e-05 1.53217e-06 -5.42239e-25)
(4.3192e-06 6.45126e-07 -2.40537e-25)
(1.70508e-06 2.60199e-07 -1.00973e-25)
(6.16194e-07 9.77919e-08 2.03371e-26)
(2.08414e-07 3.67471e-08 8.40527e-27)
(-6.18444e-08 2.57516e-09 3.78189e-27)
(-1.22493e-07 -2.84117e-08 3.66232e-27)
(-2.73873e-09 -1.86857e-08 4.97803e-27)
(0.000967552 0.000133112 0)
(0.000469479 6.60607e-05 0)
(0.000238174 3.25719e-05 4.93683e-24)
(0.000113983 1.59005e-05 5.08358e-24)
(5.39117e-05 7.59669e-06 0)
(2.4124e-05 3.47291e-06 -1.19702e-24)
(1.05095e-05 1.53606e-06 -5.46757e-25)
(4.31874e-06 6.46855e-07 -2.42543e-25)
(1.70488e-06 2.60927e-07 -1.01812e-25)
(6.16115e-07 9.80857e-08 4.10042e-26)
(2.08379e-07 3.68787e-08 0)
(-6.18656e-08 2.64164e-09 7.61961e-27)
(-1.22501e-07 -2.84266e-08 3.67808e-27)
(-2.74543e-09 -1.87102e-08 4.99809e-27)
(0.000965412 0.00013322 0)
(0.000469442 6.62036e-05 0)
(0.000238156 3.26422e-05 4.97756e-24)
(0.000113974 1.59368e-05 1.79345e-38)
(5.39071e-05 7.61443e-06 1.25398e-24)
(2.41217e-05 3.48143e-06 -1.20691e-24)
(1.05085e-05 1.53996e-06 -5.51268e-25)
(4.31828e-06 6.48583e-07 -2.44541e-25)
(1.70469e-06 2.61654e-07 -1.02645e-25)
(6.16034e-07 9.8379e-08 2.06672e-26)
(2.08345e-07 3.70107e-08 8.53618e-27)
(-6.18859e-08 2.70865e-09 7.67827e-27)
(-1.22508e-07 -2.84414e-08 3.68676e-27)
(-2.74949e-09 -1.87345e-08 5.0146e-27)
(0.000964048 0.000133404 0)
(0.000469406 6.63461e-05 0)
(0.000238138 3.27125e-05 5.01829e-24)
(0.000113965 1.59731e-05 1.01534e-31)
(5.39024e-05 7.63214e-06 2.52849e-24)
(2.41195e-05 3.48997e-06 -1.2168e-24)
(1.05074e-05 1.54386e-06 -5.55777e-25)
(4.31782e-06 6.50312e-07 -2.46539e-25)
(1.70449e-06 2.6238e-07 -1.03479e-25)
(6.15954e-07 9.86724e-08 0)
(2.0831e-07 3.71427e-08 1.72093e-26)
(-6.19069e-08 2.77553e-09 7.7356e-27)
(-1.22514e-07 -2.8456e-08 3.69213e-27)
(-2.75131e-09 -1.87585e-08 5.0292e-27)
(0.000963167 0.000133637 -2.10586e-23)
(0.00046937 6.64886e-05 0)
(0.00023812 3.27828e-05 5.05901e-24)
(0.000113955 1.60093e-05 5.20966e-24)
(5.38979e-05 7.64988e-06 1.27451e-24)
(2.41172e-05 3.4985e-06 -1.22669e-24)
(1.05064e-05 1.54776e-06 -5.60288e-25)
(4.31736e-06 6.52039e-07 -2.48538e-25)
(1.70429e-06 2.63107e-07 -1.04316e-25)
(6.15873e-07 9.89657e-08 2.10016e-26)
(2.08273e-07 3.72745e-08 1.73468e-26)
(-6.1927e-08 2.84244e-09 3.89673e-27)
(-1.2252e-07 -2.84706e-08 3.69637e-27)
(-2.75161e-09 -1.87824e-08 5.04349e-27)
(0.000962589 0.0001339 -2.12383e-23)
(0.000469333 6.66307e-05 0)
(0.000238101 3.2853e-05 1.01995e-23)
(0.000113946 1.60456e-05 5.25168e-24)
(5.38933e-05 7.6676e-06 0)
(2.4115e-05 3.50703e-06 -1.23658e-24)
(1.05054e-05 1.55165e-06 -5.648e-25)
(4.3169e-06 6.53768e-07 -2.50539e-25)
(1.7041e-06 2.63834e-07 -1.05153e-25)
(6.15788e-07 9.92584e-08 4.23397e-26)
(2.08238e-07 3.74065e-08 8.74254e-27)
(-6.19472e-08 2.90932e-09 3.92628e-27)
(-1.22525e-07 -2.84851e-08 3.69976e-27)
(-2.7507e-09 -1.88061e-08 5.0571e-27)
(0.000962189 0.00013418 0)
(0.000469295 6.67726e-05 0)
(0.000238083 3.29233e-05 1.02809e-23)
(0.000113937 1.60818e-05 1.01517e-31)
(5.38887e-05 7.68534e-06 1.29504e-24)
(2.41128e-05 3.51556e-06 -1.24647e-24)
(1.05044e-05 1.55555e-06 -5.69312e-25)
(4.31644e-06 6.55496e-07 -2.5254e-25)
(1.70389e-06 2.64559e-07 -1.05992e-25)
(6.15706e-07 9.95515e-08 2.13383e-26)
(2.08202e-07 3.75384e-08 8.8121e-27)
(-6.1967e-08 2.97625e-09 7.91256e-27)
(-1.2253e-07 -2.84996e-08 3.70232e-27)
(-2.74907e-09 -1.88298e-08 5.07034e-27)
(0.000961902 0.000134472 0)
(0.000469258 6.69146e-05 0)
(0.000238064 3.29936e-05 5.18118e-24)
(0.000113928 1.61181e-05 1.01512e-31)
(5.38842e-05 7.70306e-06 2.61062e-24)
(2.41107e-05 3.5241e-06 -1.25636e-24)
(1.05034e-05 1.55945e-06 -5.73825e-25)
(4.31596e-06 6.5722e-07 -2.54543e-25)
(1.70369e-06 2.65285e-07 -1.06831e-25)
(6.15623e-07 9.98445e-08 0)
(2.08167e-07 3.76703e-08 1.77639e-26)
(-6.19872e-08 3.04312e-09 7.97317e-27)
(-1.22535e-07 -2.85142e-08 3.70429e-27)
(-2.7471e-09 -1.88534e-08 5.08411e-27)
(0.000961682 0.00013477 0)
(0.000469221 6.70566e-05 0)
(0.000238046 3.30638e-05 5.22189e-24)
(0.000113919 1.61543e-05 5.37772e-24)
(5.38797e-05 7.7208e-06 2.63114e-24)
(2.41085e-05 3.53263e-06 -1.26625e-24)
(1.05023e-05 1.56334e-06 -5.78338e-25)
(4.31549e-06 6.58948e-07 -2.56545e-25)
(1.70349e-06 2.66011e-07 -1.07671e-25)
(6.15541e-07 1.00138e-07 2.16761e-26)
(2.08131e-07 3.78021e-08 1.79041e-26)
(-6.20069e-08 3.11005e-09 8.03414e-27)
(-1.2254e-07 -2.85286e-08 3.70582e-27)
(-2.74455e-09 -1.88769e-08 5.09768e-27)
(0.000961501 0.000135072 0)
(0.000469184 6.71985e-05 0)
(0.000238028 3.31341e-05 5.2626e-24)
(0.00011391 1.61906e-05 5.41972e-24)
(5.38752e-05 7.73853e-06 1.32584e-24)
(2.41061e-05 3.54114e-06 -1.27614e-24)
(1.05012e-05 1.56724e-06 -5.82851e-25)
(4.31502e-06 6.60674e-07 -2.58547e-25)
(1.70329e-06 2.66737e-07 -1.08511e-25)
(6.15457e-07 1.0043e-07 4.36904e-26)
(2.08096e-07 3.79341e-08 1.80444e-26)
(-6.20263e-08 3.177e-09 4.0477e-27)
(-1.22545e-07 -2.85432e-08 3.70707e-27)
(-2.74196e-09 -1.89005e-08 5.11053e-27)
(0.000961343 0.000135376 0)
(0.000469147 6.73403e-05 0)
(0.00023801 3.32044e-05 5.3033e-24)
(0.000113901 1.62268e-05 2.73086e-24)
(5.38704e-05 7.75623e-06 1.3361e-24)
(2.41039e-05 3.54967e-06 -1.28602e-24)
(1.05002e-05 1.57113e-06 -5.87363e-25)
(4.31456e-06 6.624e-07 -2.6055e-25)
(1.70308e-06 2.67462e-07 -1.09351e-25)
(6.15376e-07 1.00723e-07 4.40287e-26)
(2.08061e-07 3.8066e-08 9.09249e-27)
(-6.20467e-08 3.24384e-09 4.07843e-27)
(-1.2255e-07 -2.85577e-08 3.70817e-27)
(-2.73917e-09 -1.89241e-08 5.12319e-27)
(0.000961198 0.000135681 0)
(0.000469111 6.74823e-05 -1.16065e-23)
(0.000237992 3.32747e-05 1.0688e-23)
(0.000113891 1.6263e-05 -2.75187e-24)
(5.38658e-05 7.77395e-06 2.69273e-24)
(2.41017e-05 3.5582e-06 -1.29591e-24)
(1.04992e-05 1.57502e-06 -5.91875e-25)
(4.31409e-06 6.64126e-07 -2.62552e-25)
(1.70289e-06 2.68189e-07 -1.1019e-25)
(6.15294e-07 1.01016e-07 2.21835e-26)
(2.08024e-07 3.81977e-08 9.16282e-27)
(-6.20664e-08 3.31075e-09 8.2184e-27)
(-1.22555e-07 -2.85722e-08 1.85459e-27)
(-2.73638e-09 -1.89476e-08 5.13572e-27)
(0.000961062 0.000135987 -2.24997e-23)
(0.000469074 6.76241e-05 -1.16887e-23)
(0.000237972 3.33448e-05 5.38472e-24)
(0.000113882 1.62992e-05 1.01488e-31)
(5.38612e-05 7.79166e-06 2.71325e-24)
(2.40995e-05 3.56672e-06 -1.3058e-24)
(1.04981e-05 1.57892e-06 -5.96388e-25)
(4.31363e-06 6.65853e-07 -2.64555e-25)
(1.70269e-06 2.68914e-07 -1.1103e-25)
(6.15208e-07 1.01309e-07 2.23527e-26)
(2.07989e-07 3.83296e-08 1.84663e-26)
(-6.20865e-08 3.37761e-09 8.28e-27)
(-1.2256e-07 -2.85867e-08 1.85506e-27)
(-2.73347e-09 -1.89711e-08 5.14774e-27)
(0.000960926 0.000136293 -2.26798e-23)
(0.000469035 6.77657e-05 0)
(0.000237954 3.3415e-05 5.42541e-24)
(0.000113873 1.63355e-05 5.58773e-24)
(5.38566e-05 7.80938e-06 1.36689e-24)
(2.40972e-05 3.57524e-06 -1.31568e-24)
(1.04971e-05 1.58281e-06 -6.00899e-25)
(4.31317e-06 6.6758e-07 -2.66556e-25)
(1.70248e-06 2.69639e-07 -1.1187e-25)
(6.15125e-07 1.01602e-07 4.50439e-26)
(2.07953e-07 3.84613e-08 1.8607e-26)
(-6.21063e-08 3.44451e-09 4.17082e-27)
(-1.22564e-07 -2.86012e-08 3.71102e-27)
(-2.73058e-09 -1.89947e-08 5.15977e-27)
(0.000960793 0.000136599 0)
(0.000468998 6.79075e-05 0)
(0.000237936 3.34852e-05 5.4661e-24)
(0.000113863 1.63717e-05 2.81486e-24)
(5.3852e-05 7.82709e-06 1.37715e-24)
(2.40951e-05 3.58377e-06 -1.32557e-24)
(1.04961e-05 1.58671e-06 -6.05409e-25)
(4.31268e-06 6.69303e-07 -2.68559e-25)
(1.70228e-06 2.70364e-07 -1.1271e-25)
(6.15041e-07 1.01894e-07 4.53822e-26)
(2.07918e-07 3.85932e-08 9.37387e-27)
(-6.21265e-08 3.51134e-09 4.20165e-27)
(-1.2257e-07 -2.86158e-08 3.71194e-27)
(-2.72786e-09 -1.90182e-08 5.17271e-27)
(0.000960663 0.000136905 0)
(0.00046896 6.80492e-05 0)
(0.000237917 3.35555e-05 5.50679e-24)
(0.000113854 1.64079e-05 -2.83586e-24)
(5.38475e-05 7.84482e-06 2.77481e-24)
(2.40928e-05 3.5923e-06 -1.33545e-24)
(1.0495e-05 1.59059e-06 -6.09921e-25)
(4.31221e-06 6.71028e-07 -2.7056e-25)
(1.70207e-06 2.71089e-07 -1.13549e-25)
(6.14958e-07 1.02187e-07 2.28603e-26)
(2.07882e-07 3.87249e-08 9.44424e-27)
(-6.21463e-08 3.57822e-09 8.46494e-27)
(-1.22574e-07 -2.86303e-08 3.71285e-27)
(-2.72485e-09 -1.90418e-08 5.18576e-27)
(0.000960532 0.000137211 0)
(0.000468923 6.81909e-05 0)
(0.000237899 3.36257e-05 5.54748e-24)
(0.000113845 1.64441e-05 -5.71368e-24)
(5.38429e-05 7.86253e-06 2.79533e-24)
(2.40905e-05 3.60081e-06 -1.34534e-24)
(1.04939e-05 1.59449e-06 -6.14431e-25)
(4.31174e-06 6.72753e-07 -2.72562e-25)
(1.70187e-06 2.71815e-07 -1.14389e-25)
(6.14875e-07 1.0248e-07 2.30295e-26)
(2.07847e-07 3.88567e-08 1.90291e-26)
(-6.21659e-08 3.64511e-09 4.26329e-27)
(-1.22579e-07 -2.86448e-08 3.71373e-27)
(-2.72201e-09 -1.90653e-08 5.19828e-27)
(0.000960402 0.000137517 0)
(0.000468886 6.83326e-05 0)
(0.000237881 3.36959e-05 5.58816e-24)
(0.000113836 1.64803e-05 1.01465e-31)
(5.38381e-05 7.88022e-06 2.81585e-24)
(2.40883e-05 3.60933e-06 -1.35522e-24)
(1.04929e-05 1.59838e-06 -6.18941e-25)
(4.31127e-06 6.74478e-07 -2.74563e-25)
(1.70167e-06 2.72539e-07 -1.15228e-25)
(6.14793e-07 1.02772e-07 4.63972e-26)
(2.07811e-07 3.89885e-08 1.91698e-26)
(-6.21864e-08 3.71189e-09 0)
(-1.22584e-07 -2.86594e-08 3.71463e-27)
(-2.71909e-09 -1.90889e-08 5.21076e-27)
(0.000960272 0.000137823 0)
(0.00046885 6.84744e-05 0)
(0.000237862 3.37661e-05 1.12577e-23)
(0.000113826 1.65165e-05 5.79766e-24)
(5.38335e-05 7.89793e-06 1.41818e-24)
(2.4086e-05 3.61784e-06 -1.3651e-24)
(1.04918e-05 1.60227e-06 -6.2345e-25)
(4.31079e-06 6.76202e-07 -2.76565e-25)
(1.70147e-06 2.73265e-07 -1.16067e-25)
(6.1471e-07 1.03065e-07 4.67354e-26)
(2.07774e-07 3.91201e-08 9.65526e-27)
(-6.22063e-08 3.77875e-09 4.32495e-27)
(-1.22589e-07 -2.8674e-08 3.71553e-27)
(-2.71623e-09 -1.91124e-08 5.22319e-27)
(0.000960144 0.000138128 0)
(0.000468812 6.8616e-05 0)
(0.000237843 3.38362e-05 1.13391e-23)
(0.000113817 1.65527e-05 5.83964e-24)
(5.38288e-05 7.91562e-06 1.42844e-24)
(2.40838e-05 3.62636e-06 -1.37498e-24)
(1.04908e-05 1.60616e-06 -6.2796e-25)
(4.31033e-06 6.77928e-07 -2.78565e-25)
(1.70127e-06 2.7399e-07 -1.16906e-25)
(6.14623e-07 1.03357e-07 4.70736e-26)
(2.07739e-07 3.92519e-08 0)
(-6.22265e-08 3.84555e-09 8.71153e-27)
(-1.22594e-07 -2.86885e-08 3.71644e-27)
(-2.71329e-09 -1.91359e-08 5.23516e-27)
(0.000960011 0.000138434 0)
(0.000468773 6.87574e-05 0)
(0.000237825 3.39064e-05 1.14204e-23)
(0.000113808 1.65889e-05 1.01448e-31)
(5.38242e-05 7.93333e-06 2.87738e-24)
(2.40815e-05 3.63488e-06 -1.38486e-24)
(1.04898e-05 1.61005e-06 -6.32468e-25)
(4.30986e-06 6.79652e-07 -2.80566e-25)
(1.70105e-06 2.74714e-07 -1.17746e-25)
(6.14539e-07 1.0365e-07 2.37059e-26)
(2.07703e-07 3.93835e-08 9.79591e-27)
(-6.22465e-08 3.91238e-09 4.38658e-27)
(-1.22599e-07 -2.87031e-08 3.71733e-27)
(-2.71039e-09 -1.91596e-08 5.24716e-27)
(0.00095988 0.000138739 0)
(0.000468736 6.8899e-05 0)
(0.000237806 3.39765e-05 1.15017e-23)
(0.000113798 1.66251e-05 1.01443e-31)
(5.38196e-05 7.95103e-06 2.89789e-24)
(2.40793e-05 3.6434e-06 -1.39474e-24)
(1.04887e-05 1.61394e-06 -6.36976e-25)
(4.30937e-06 6.81374e-07 -2.82567e-25)
(1.70085e-06 2.75438e-07 -1.18585e-25)
(6.14455e-07 1.03942e-07 2.38749e-26)
(2.07667e-07 3.95152e-08 1.97324e-26)
(-6.22669e-08 3.97915e-09 0)
(-1.22605e-07 -2.87177e-08 3.71826e-27)
(-2.70767e-09 -1.9183e-08 5.2601e-27)
(0.00095975 0.000139044 0)
(0.000468698 6.90405e-05 0)
(0.000237787 3.40467e-05 1.15831e-23)
(0.000113789 1.66613e-05 5.96555e-24)
(5.38151e-05 7.96874e-06 1.4592e-24)
(2.40771e-05 3.65192e-06 -1.40462e-24)
(1.04876e-05 1.61782e-06 -6.41485e-25)
(4.3089e-06 6.83098e-07 -2.84567e-25)
(1.70065e-06 2.76163e-07 -1.19424e-25)
(6.14371e-07 1.04234e-07 4.8088e-26)
(2.0763e-07 3.96468e-08 9.93654e-27)
(-6.2287e-08 4.04596e-09 4.4482e-27)
(-1.2261e-07 -2.87323e-08 3.71918e-27)
(-2.70467e-09 -1.92066e-08 5.27314e-27)
(0.000959618 0.000139349 0)
(0.000468661 6.91821e-05 0)
(0.000237769 3.41169e-05 1.16644e-23)
(0.00011378 1.66975e-05 3.00375e-24)
(5.38104e-05 7.98644e-06 0)
(2.40747e-05 3.66042e-06 -1.4145e-24)
(1.04866e-05 1.62171e-06 -6.45992e-25)
(4.30842e-06 6.8482e-07 -2.86567e-25)
(1.70044e-06 2.76887e-07 -1.20263e-25)
(6.14286e-07 1.04526e-07 4.84261e-26)
(2.07595e-07 3.97786e-08 0)
(-6.23067e-08 4.1128e-09 8.958e-27)
(-1.22615e-07 -2.87469e-08 3.72009e-27)
(-2.70184e-09 -1.92302e-08 5.28568e-27)
(0.000959488 0.000139654 0)
(0.000468623 6.93236e-05 -1.26748e-23)
(0.000237751 3.41871e-05 1.17457e-23)
(0.000113771 1.67337e-05 3.02473e-24)
(5.38055e-05 8.00411e-06 1.47971e-24)
(2.40725e-05 3.66893e-06 -1.42437e-24)
(1.04855e-05 1.6256e-06 -6.50499e-25)
(4.30795e-06 6.86544e-07 -2.88567e-25)
(1.70024e-06 2.77611e-07 -1.21101e-25)
(6.14203e-07 1.04819e-07 2.4382e-26)
(2.0756e-07 3.99102e-08 1.00771e-26)
(-6.23274e-08 4.17951e-09 9.01962e-27)
(-1.2262e-07 -2.87614e-08 3.72101e-27)
(-2.69894e-09 -1.92537e-08 5.2982e-27)
(0.000959357 0.000139958 -2.48364e-23)
(0.000468587 6.94652e-05 -1.27569e-23)
(0.000237732 3.42572e-05 1.1827e-23)
(0.000113761 1.67698e-05 6.09143e-24)
(5.38009e-05 8.02181e-06 2.97991e-24)
(2.40702e-05 3.67744e-06 -1.43425e-24)
(1.04844e-05 1.62949e-06 -6.55005e-25)
(4.30747e-06 6.88266e-07 -2.90567e-25)
(1.70004e-06 2.78336e-07 -1.2194e-25)
(6.1412e-07 1.05111e-07 2.4551e-26)
(2.07522e-07 4.00417e-08 2.02948e-26)
(-6.23476e-08 4.2463e-09 4.54061e-27)
(-1.22625e-07 -2.87761e-08 3.72194e-27)
(-2.69611e-09 -1.92773e-08 5.3107e-27)
(0.000959228 0.000140263 -2.50157e-23)
(0.000468549 6.96066e-05 0)
(0.000237712 3.43272e-05 1.19084e-23)
(0.000113752 1.6806e-05 6.13338e-24)
(5.37962e-05 8.03949e-06 1.50021e-24)
(2.40679e-05 3.68596e-06 -1.44412e-24)
(1.04834e-05 1.63338e-06 -6.59512e-25)
(4.307e-06 6.8999e-07 -2.92567e-25)
(1.69983e-06 2.7906e-07 -1.22779e-25)
(6.14032e-07 1.05403e-07 4.94399e-26)
(2.07486e-07 4.01733e-08 1.02177e-26)
(-6.2368e-08 4.31304e-09 4.5714e-27)
(-1.2263e-07 -2.87907e-08 3.72288e-27)
(-2.69323e-09 -1.93008e-08 5.32282e-27)
(0.000959094 0.000140567 0)
(0.000468509 6.97479e-05 0)
(0.000237694 3.43974e-05 1.19897e-23)
(0.000113742 1.68422e-05 3.08767e-24)
(5.37916e-05 8.05718e-06 0)
(2.40656e-05 3.69446e-06 -1.454e-24)
(1.04823e-05 1.63726e-06 -6.64018e-25)
(4.30653e-06 6.91713e-07 -2.94566e-25)
(1.69962e-06 2.79783e-07 -1.23617e-25)
(6.13948e-07 1.05695e-07 4.97778e-26)
(2.0745e-07 4.03049e-08 0)
(-6.23882e-08 4.37981e-09 9.20439e-27)
(-1.22635e-07 -2.88053e-08 3.72379e-27)
(-2.69044e-09 -1.93245e-08 5.33514e-27)
(0.000958962 0.000140871 0)
(0.000468472 6.98893e-05 0)
(0.000237675 3.44675e-05 1.2071e-23)
(0.000113733 1.68783e-05 3.10864e-24)
(5.37869e-05 8.07487e-06 1.52071e-24)
(2.40634e-05 3.70298e-06 -1.46387e-24)
(1.04813e-05 1.64115e-06 -6.68522e-25)
(4.30603e-06 6.93433e-07 -2.96565e-25)
(1.69941e-06 2.80507e-07 -1.24456e-25)
(6.13862e-07 1.05987e-07 2.50578e-26)
(2.07414e-07 4.04364e-08 1.03582e-26)
(-6.24088e-08 4.44651e-09 9.26599e-27)
(-1.22641e-07 -2.88199e-08 3.72475e-27)
(-2.68792e-09 -1.9348e-08 5.34872e-27)
(0.000958831 0.000141175 0)
(0.000468434 7.00306e-05 0)
(0.000237656 3.45376e-05 1.21522e-23)
(0.000113724 1.69145e-05 6.25922e-24)
(5.37823e-05 8.09257e-06 3.0619e-24)
(2.40612e-05 3.71149e-06 -1.47374e-24)
(1.04802e-05 1.64503e-06 -6.73028e-25)
(4.30556e-06 6.95156e-07 -2.98564e-25)
(1.69921e-06 2.81231e-07 -1.25294e-25)
(6.13778e-07 1.06279e-07 2.52267e-26)
(2.07377e-07 4.05679e-08 2.08569e-26)
(-6.2429e-08 4.51326e-09 9.32753e-27)
(-1.22646e-07 -2.88345e-08 3.7257e-27)
(-2.68531e-09 -1.93716e-08 5.36303e-27)
(0.000958698 0.000141479 0)
(0.000468396 7.0172e-05 0)
(0.000237638 3.46077e-05 1.22335e-23)
(0.000113715 1.69507e-05 6.30115e-24)
(5.37777e-05 8.11025e-06 1.5412e-24)
(2.40588e-05 3.71999e-06 -1.48362e-24)
(1.04791e-05 1.64892e-06 -6.77533e-25)
(4.30507e-06 6.96877e-07 -3.00563e-25)
(1.699e-06 2.81955e-07 -1.26132e-25)
(6.13692e-07 1.06571e-07 5.07913e-26)
(2.07342e-07 4.06995e-08 2.09974e-26)
(-6.2449e-08 4.58003e-09 4.69455e-27)
(-1.22651e-07 -2.88492e-08 3.72663e-27)
(-2.68322e-09 -1.93953e-08 5.37803e-27)
(0.000958565 0.000141782 0)
(0.000468358 7.03133e-05 0)
(0.000237619 3.46778e-05 1.23148e-23)
(0.000113705 1.69868e-05 3.17155e-24)
(5.37728e-05 8.12791e-06 1.55145e-24)
(2.40565e-05 3.72849e-06 -1.49349e-24)
(1.04781e-05 1.6528e-06 -6.82037e-25)
(4.3046e-06 6.98599e-07 -3.02562e-25)
(1.69879e-06 2.82678e-07 -1.2697e-25)
(6.13609e-07 1.06863e-07 5.1129e-26)
(2.07306e-07 4.08311e-08 1.05689e-26)
(-6.247e-08 4.64668e-09 4.72533e-27)
(-1.22656e-07 -2.88638e-08 3.72758e-27)
(-2.68165e-09 -1.9419e-08 2.69757e-27)
(0.000958432 0.000142085 0)
(0.000468322 7.04547e-05 -1.33313e-23)
(0.000237601 3.47479e-05 1.2396e-23)
(0.000113695 1.7023e-05 -3.19252e-24)
(5.37681e-05 8.14559e-06 3.12339e-24)
(2.40542e-05 3.737e-06 -1.50336e-24)
(1.0477e-05 1.65669e-06 -6.86541e-25)
(4.30412e-06 7.0032e-07 -3.0456e-25)
(1.69859e-06 2.83402e-07 -1.27809e-25)
(6.13525e-07 1.07155e-07 2.57333e-26)
(2.07268e-07 4.09625e-08 1.06392e-26)
(-6.24904e-08 4.7134e-09 9.51221e-27)
(-1.22661e-07 -2.88785e-08 3.72854e-27)
(-2.68119e-09 -1.94429e-08 2.70799e-27)
(0.0009583 0.000142389 0)
(0.000468284 7.0596e-05 -1.34132e-23)
(0.000237581 3.48179e-05 6.23868e-24)
(0.000113686 1.70591e-05 1.01382e-31)
(5.37634e-05 8.16327e-06 3.14388e-24)
(2.4052e-05 3.7455e-06 -1.51323e-24)
(1.04759e-05 1.66057e-06 -6.91044e-25)
(4.30365e-06 7.02043e-07 -3.06559e-25)
(1.69839e-06 2.84126e-07 -1.28646e-25)
(6.13437e-07 1.07447e-07 2.59022e-26)
(2.07232e-07 4.1094e-08 2.14188e-26)
(-6.25111e-08 4.78006e-09 9.57375e-27)
(-1.22666e-07 -2.88931e-08 3.7295e-27)
(-2.68233e-09 -1.94669e-08 5.44276e-27)
(0.000958162 0.000142691 0)
(0.000468245 7.07371e-05 0)
(0.000237563 3.4888e-05 6.27931e-24)
(0.000113677 1.70953e-05 6.4689e-24)
(5.37588e-05 8.18095e-06 1.58218e-24)
(2.40497e-05 3.75401e-06 -1.5231e-24)
(1.04749e-05 1.66446e-06 -6.95547e-25)
(4.30318e-06 7.03765e-07 -3.08556e-25)
(1.69818e-06 2.84848e-07 -1.29484e-25)
(6.13354e-07 1.07739e-07 5.2142e-26)
(2.07196e-07 4.12255e-08 2.15592e-26)
(-6.25317e-08 4.84675e-09 4.81764e-27)
(-1.22672e-07 -2.89078e-08 3.73044e-27)
(-2.68618e-09 -1.94913e-08 5.47996e-27)
(0.000958023 0.000142993 0)
(0.000468208 7.08784e-05 0)
(0.000237544 3.49581e-05 6.31993e-24)
(0.000113667 1.71314e-05 3.25541e-24)
(5.37542e-05 8.19863e-06 1.59243e-24)
(2.40475e-05 3.76252e-06 -1.53296e-24)
(1.04739e-05 1.66834e-06 -7.00049e-25)
(4.30269e-06 7.05484e-07 -3.10555e-25)
(1.69797e-06 2.85572e-07 -1.30322e-25)
(6.1327e-07 1.08031e-07 5.24796e-26)
(2.0716e-07 4.1357e-08 1.08498e-26)
(-6.25528e-08 4.91336e-09 4.84842e-27)
(-1.22677e-07 -2.89225e-08 3.73141e-27)
(-2.69418e-09 -1.9516e-08 5.53431e-27)
(0.000957881 0.000143295 0)
(0.00046817 7.10197e-05 0)
(0.000237526 3.50282e-05 6.36056e-24)
(0.000113658 1.71676e-05 -3.27638e-24)
(5.37498e-05 8.21634e-06 3.20533e-24)
(2.40454e-05 3.77103e-06 -1.54283e-24)
(1.04728e-05 1.67222e-06 -7.04552e-25)
(4.30223e-06 7.07207e-07 -3.12552e-25)
(1.69778e-06 2.86296e-07 -1.3116e-25)
(6.13189e-07 1.08323e-07 2.64086e-26)
(2.07125e-07 4.14885e-08 1.092e-26)
(-6.25736e-08 4.98001e-09 9.75833e-27)
(-1.22682e-07 -2.89371e-08 3.73239e-27)
(-2.70755e-09 -1.95414e-08 5.61302e-27)
(0.000957731 0.000143596 0)
(0.000468134 7.1161e-05 0)
(0.000237508 3.50983e-05 6.40118e-24)
(0.00011365 1.72038e-05 -6.59466e-24)
(5.37453e-05 8.23403e-06 3.22582e-24)
(2.40431e-05 3.77954e-06 -1.5527e-24)
(1.04718e-05 1.67611e-06 -7.09054e-25)
(4.30178e-06 7.0893e-07 -3.1455e-25)
(1.69758e-06 2.87021e-07 -1.31998e-25)
(6.1311e-07 1.08615e-07 2.65774e-26)
(2.07091e-07 4.16202e-08 2.19804e-26)
(-6.25944e-08 5.04665e-09 9.81984e-27)
(-1.22688e-07 -2.89518e-08 3.73333e-27)
(-2.72867e-09 -1.95677e-08 5.72574e-27)
(0.000957573 0.000143896 0)
(0.000468099 7.13024e-05 0)
(0.000237491 3.51686e-05 0)
(0.000113641 1.724e-05 1.01359e-31)
(5.37408e-05 8.25172e-06 3.24631e-24)
(2.40411e-05 3.78806e-06 -1.56257e-24)
(1.04708e-05 1.68001e-06 -7.13556e-25)
(4.30136e-06 7.10656e-07 -3.16547e-25)
(1.6974e-06 2.87746e-07 -1.32835e-25)
(6.13038e-07 1.08908e-07 5.34922e-26)
(2.07059e-07 4.1752e-08 2.21207e-26)
(-6.26165e-08 5.11315e-09 4.94068e-27)
(-1.22694e-07 -2.89666e-08 3.73428e-27)
(-2.75921e-09 -1.95948e-08 5.88489e-27)
(0.000957399 0.000144194 0)
(0.000468067 7.14441e-05 0)
(0.000237475 3.52389e-05 6.48241e-24)
(0.000113633 1.72762e-05 6.6785e-24)
(5.37369e-05 8.26947e-06 1.63339e-24)
(2.40391e-05 3.7966e-06 -1.57243e-24)
(1.047e-05 1.68391e-06 -7.18057e-25)
(4.30096e-06 7.12385e-07 -3.18545e-25)
(1.69724e-06 2.88473e-07 -1.33673e-25)
(6.12971e-07 1.09202e-07 5.38296e-26)
(2.07026e-07 4.18838e-08 2.22611e-26)
(-6.26381e-08 5.17971e-09 0)
(-1.22702e-07 -2.89815e-08 3.73518e-27)
(-2.80074e-09 -1.9623e-08 6.10247e-27)
(0.000957203 0.00014449 0)
(0.000468036 7.15859e-05 0)
(0.000237459 3.53092e-05 6.52303e-24)
(0.000113625 1.73126e-05 3.36019e-24)
(5.37333e-05 8.28724e-06 1.64363e-24)
(2.40374e-05 3.80515e-06 -1.58229e-24)
(1.04692e-05 1.68782e-06 -7.22558e-25)
(4.30063e-06 7.1412e-07 -3.20542e-25)
(1.6971e-06 2.89203e-07 -1.3451e-25)
(6.12911e-07 1.09496e-07 5.41671e-26)
(2.07e-07 4.20162e-08 1.12007e-26)
(-6.266e-08 5.24621e-09 5.00217e-27)
(-1.22712e-07 -2.89967e-08 3.73627e-27)
(-2.85336e-09 -1.96522e-08 6.38693e-27)
(0.000956965 0.000144782 0)
(0.000468007 7.17279e-05 0)
(0.000237447 3.53799e-05 6.56359e-24)
(0.000113619 1.73491e-05 -3.38111e-24)
(5.37304e-05 8.30509e-06 3.30772e-24)
(2.40361e-05 3.81374e-06 -1.59215e-24)
(1.04686e-05 1.69175e-06 -7.27058e-25)
(4.30038e-06 7.15862e-07 -3.22538e-25)
(1.69699e-06 2.89935e-07 -1.35348e-25)
(6.12873e-07 1.09792e-07 2.72522e-26)
(2.06978e-07 4.21491e-08 1.12709e-26)
(-6.26814e-08 5.31279e-09 1.00658e-26)
(-1.22726e-07 -2.90123e-08 3.73831e-27)
(-2.91541e-09 -1.96821e-08 6.73986e-27)
(0.000956672 0.000145067 0)
(0.000467987 7.18707e-05 0)
(0.000237437 3.54509e-05 6.6041e-24)
(0.000113615 1.73857e-05 1.01334e-31)
(5.37285e-05 8.32304e-06 3.3282e-24)
(2.40353e-05 3.8224e-06 -1.60202e-24)
(1.04683e-05 1.6957e-06 -7.31557e-25)
(4.30023e-06 7.17615e-07 -3.24535e-25)
(1.69695e-06 2.90675e-07 -1.36185e-25)
(6.1286e-07 1.10091e-07 2.74209e-26)
(2.06966e-07 4.22829e-08 2.26821e-26)
(-6.27018e-08 5.37944e-09 5.06364e-27)
(-1.22747e-07 -2.90284e-08 3.74102e-27)
(-2.98253e-09 -1.97119e-08 7.14813e-27)
(0.000956293 0.000145344 0)
(0.000467977 7.20143e-05 0)
(0.000237434 3.55224e-05 6.6447e-24)
(0.000113614 1.74227e-05 6.84609e-24)
(5.37284e-05 8.34117e-06 3.34869e-24)
(2.40353e-05 3.83112e-06 -1.61188e-24)
(1.04683e-05 1.69969e-06 -7.36058e-25)
(4.3003e-06 7.1939e-07 -3.26532e-25)
(1.697e-06 2.91423e-07 -1.37022e-25)
(6.1289e-07 1.10394e-07 5.51791e-26)
(2.06969e-07 4.24182e-08 2.28223e-26)
(-6.27189e-08 5.44645e-09 0)
(-1.22778e-07 -2.9045e-08 3.73571e-27)
(-3.04673e-09 -1.97402e-08 7.56419e-27)
(0.00095578 0.000145607 0)
(0.000467982 7.21594e-05 0)
(0.000237439 3.55948e-05 1.33707e-23)
(0.000113618 1.74601e-05 6.888e-24)
(5.37306e-05 8.35952e-06 1.68458e-24)
(2.40365e-05 3.83996e-06 -1.62175e-24)
(1.0469e-05 1.70375e-06 -7.40562e-25)
(4.30067e-06 7.21195e-07 -3.28531e-25)
(1.69719e-06 2.92186e-07 -1.37861e-25)
(6.12983e-07 1.10704e-07 5.55173e-26)
(2.06996e-07 4.2556e-08 1.14813e-26)
(-6.27296e-08 5.5141e-09 5.12548e-27)
(-1.22822e-07 -2.90632e-08 3.70355e-27)
(-3.09876e-09 -1.97646e-08 7.86768e-27)
(0.000955067 0.000145852 0)
(0.000468009 7.23069e-05 -1.43951e-23)
(0.000237457 3.56685e-05 1.3452e-23)
(0.000113628 1.74982e-05 6.92994e-24)
(5.37363e-05 8.37822e-06 1.69483e-24)
(2.40396e-05 3.84901e-06 -1.63162e-24)
(1.04707e-05 1.70791e-06 -7.45067e-25)
(4.30151e-06 7.23046e-07 -3.30531e-25)
(1.6976e-06 2.92971e-07 -1.38699e-25)
(6.13174e-07 1.11023e-07 2.79277e-26)
(2.07059e-07 4.26974e-08 1.15517e-26)
(-6.27298e-08 5.58272e-09 1.03125e-26)
(-1.22883e-07 -2.90874e-08 3.68483e-27)
(-3.12908e-09 -1.97857e-08 7.84037e-27)
(0.000954051 0.00014607 -2.86339e-23)
(0.000468072 7.24581e-05 -1.44846e-23)
(0.000237494 3.57441e-05 6.76672e-24)
(0.000113648 1.75373e-05 1.01312e-31)
(5.37478e-05 8.39751e-06 3.4101e-24)
(2.40456e-05 3.85833e-06 -1.64145e-24)
(1.04738e-05 1.7122e-06 -7.49538e-25)
(4.30303e-06 7.24965e-07 -3.32507e-25)
(1.69834e-06 2.93788e-07 -1.39526e-25)
(6.13509e-07 1.11356e-07 0)
(2.07175e-07 4.28441e-08 2.32453e-26)
(-6.27096e-08 5.65329e-09 5.18401e-27)
(-1.22963e-07 -2.91232e-08 3.97966e-27)
(-3.13452e-09 -1.9817e-08 7.37294e-27)
(0.000952577 0.000146231 -2.93849e-23)
(0.000468187 7.2613e-05 0)
(0.000237559 3.58225e-05 6.90585e-24)
(0.000113685 1.7578e-05 1.03077e-31)
(5.37676e-05 8.41762e-06 3.47962e-24)
(2.40559e-05 3.86809e-06 -1.67483e-24)
(1.04791e-05 1.71672e-06 -7.64761e-25)
(4.3056e-06 7.26989e-07 -3.39238e-25)
(1.69957e-06 2.94654e-07 -1.4234e-25)
(6.14057e-07 1.11711e-07 2.86553e-26)
(2.07378e-07 4.29992e-08 2.37192e-26)
(-6.26581e-08 5.72739e-09 0)
(-1.23065e-07 -2.9142e-08 4.93337e-27)
(-3.12702e-09 -1.98789e-08 7.10805e-27)
(0.000910088 0.000205126 0)
(0.000465981 0.000105353 0)
(0.000237052 5.23378e-05 1.66284e-23)
(0.000113566 2.56646e-05 8.31719e-24)
(5.38299e-05 1.21713e-05 3.94123e-24)
(2.41184e-05 5.57372e-06 -1.83741e-24)
(1.05341e-05 2.45114e-06 -8.11051e-25)
(4.33872e-06 1.03257e-06 -3.47702e-25)
(1.7186e-06 4.14809e-07 -1.40724e-25)
(6.2426e-07 1.56991e-07 5.46615e-26)
(2.11053e-07 6.12746e-08 2.17008e-26)
(-5.49779e-08 1.52735e-08 0)
(-1.31377e-07 -1.30871e-08 -7.39016e-27)
(-3.72479e-09 -1.60896e-08 6.25957e-28)
(0.000867546 0.000323501 0)
(0.000438994 0.000167117 0)
(0.00022343 8.30057e-05 -1.89441e-23)
(0.000106952 4.06644e-05 0)
(5.06815e-05 1.91004e-05 -4.37476e-24)
(2.26793e-05 8.71379e-06 0)
(9.89786e-06 3.79504e-06 0)
(4.07017e-06 1.58905e-06 0)
(1.60994e-06 6.31937e-07 0)
(5.82852e-07 2.38122e-07 -5.5463e-26)
(1.95916e-07 9.4299e-08 0)
(-5.92891e-08 3.19713e-08 -8.533e-27)
(-1.34854e-07 -5.48407e-08 0)
(-4.70771e-09 -3.54074e-08 0)
(0.000800357 0.000432513 0)
(0.000405637 0.000224622 0)
(0.000206603 0.000111301 -2.75632e-23)
(9.8888e-05 5.45229e-05 0)
(4.68653e-05 2.5501e-05 -6.32364e-24)
(2.09587e-05 1.16156e-05 0)
(9.14539e-06 5.03608e-06 0)
(3.75804e-06 2.10298e-06 0)
(1.48581e-06 8.3237e-07 0)
(5.36827e-07 3.13066e-07 -7.81875e-26)
(1.79541e-07 1.25469e-07 0)
(-7.1661e-08 4.82422e-08 -1.26676e-26)
(-1.32767e-07 -1.16716e-08 0)
(8.30287e-10 -2.14879e-08 0)
(0.000720586 0.000530862 -1.42115e-22)
(0.000365663 0.000276549 -7.42157e-23)
(0.000186345 0.000136997 0)
(8.91825e-05 6.71198e-05 0)
(4.22703e-05 3.13194e-05 0)
(1.8894e-05 1.42543e-05 -3.82294e-24)
(8.24338e-06 6.1641e-06 -1.64962e-24)
(3.38531e-06 2.57019e-06 -6.89228e-25)
(1.33794e-06 1.01453e-06 0)
(4.82431e-07 3.81227e-07 0)
(1.60698e-07 1.54412e-07 0)
(-7.5256e-08 6.07992e-08 0)
(-1.47599e-07 -7.23879e-08 0)
(-8.10385e-09 -5.20062e-08 5.68245e-27)
(0.000629617 0.000617572 -3.39894e-22)
(0.000319784 0.000322382 -1.77743e-22)
(0.000163037 0.00015968 -4.41569e-23)
(7.80238e-05 7.82477e-05 0)
(3.69852e-05 3.64589e-05 0)
(1.65248e-05 1.65857e-05 -9.13778e-24)
(7.209e-06 7.1602e-06 -3.93687e-24)
(2.95901e-06 2.98274e-06 -1.64263e-24)
(1.1691e-06 1.17532e-06 -3.24486e-25)
(4.20661e-07 4.41448e-07 0)
(1.39159e-07 1.81022e-07 0)
(-9.4564e-08 8.22758e-08 -2.02308e-26)
(-1.36769e-07 -5.79851e-09 -3.91433e-27)
(6.71843e-09 -2.41279e-08 5.10278e-27)
(0.000528919 0.000691523 -1.93953e-22)
(0.00026881 0.000361503 -1.01519e-22)
(0.000137097 0.000179066 -5.01844e-23)
(6.56075e-05 8.7763e-05 1.242e-23)
(3.11025e-05 4.08536e-05 0)
(1.38918e-05 1.85798e-05 -5.21392e-24)
(6.0599e-06 8.01181e-06 -2.24407e-24)
(2.48631e-06 3.33547e-06 -9.35491e-25)
(9.82092e-07 1.31276e-06 -1.82038e-25)
(3.52621e-07 4.92924e-07 0)
(1.17058e-07 2.04917e-07 2.66961e-26)
(-9.62254e-08 8.15929e-08 -2.01664e-26)
(-1.67015e-07 -9.86631e-08 9.88128e-27)
(-1.45052e-08 -7.30427e-08 7.96505e-27)
(0.000420088 0.000751771 0)
(0.000213594 0.000393397 0)
(0.000108964 0.000194879 0)
(5.21436e-05 9.55284e-05 1.36313e-23)
(2.47216e-05 4.44401e-05 0)
(1.1039e-05 2.02074e-05 2.89941e-24)
(4.81516e-06 8.70672e-06 0)
(1.97495e-06 3.62331e-06 0)
(7.79955e-07 1.42492e-06 4.06252e-25)
(2.79381e-07 5.35027e-07 0)
(9.07392e-08 2.259e-07 2.94069e-26)
(-1.22247e-07 1.19785e-07 0)
(-1.40439e-07 5.34343e-09 0)
(1.58041e-08 -2.38861e-08 1.4154e-27)
(0.000304838 0.000797805 0)
(0.000155041 0.000417781 0)
(7.91078e-05 0.000206975 0)
(3.78557e-05 0.00010147 0)
(1.79486e-05 4.71842e-05 0)
(8.01309e-06 2.14529e-05 3.09445e-24)
(3.49516e-06 9.23836e-06 6.67946e-25)
(1.4332e-06 3.84352e-06 2.78133e-25)
(5.65934e-07 1.51073e-06 2.17132e-25)
(2.022e-07 5.67137e-07 0)
(6.86862e-08 2.4429e-07 0)
(-1.2229e-07 9.16442e-08 0)
(-1.95329e-07 -1.35492e-07 0)
(-2.53983e-08 -9.9503e-08 2.96971e-27)
(0.000184872 0.000828109 3.01606e-23)
(9.40353e-05 0.000433834 1.58033e-23)
(4.79838e-05 0.000214939 7.82181e-24)
(2.2961e-05 0.000105383 3.83788e-24)
(1.08868e-05 4.89913e-05 1.78187e-24)
(4.85968e-06 2.22733e-05 0)
(2.11963e-06 9.58843e-06 1.04398e-24)
(8.69007e-07 3.98854e-06 4.34625e-25)
(3.43106e-07 1.56724e-06 5.68496e-26)
(1.22231e-07 5.88469e-07 2.13052e-26)
(3.69257e-08 2.57538e-07 8.39628e-27)
(-1.52842e-07 1.63955e-07 4.24671e-27)
(-1.40715e-07 2.35134e-08 7.30218e-28)
(3.03708e-08 -1.97378e-08 -6.84656e-28)
(6.23439e-05 0.000846368 3.08693e-23)
(3.17415e-05 0.000443514 1.61777e-23)
(1.61996e-05 0.000219746 8.0077e-24)
(7.75306e-06 0.000107744 3.92909e-24)
(3.67636e-06 5.00824e-05 1.824e-24)
(1.64119e-06 2.27686e-05 0)
(7.1589e-07 9.79991e-06 3.56706e-25)
(2.93521e-07 4.07616e-06 1.48482e-25)
(1.15926e-07 1.60144e-06 5.81644e-26)
(4.0912e-08 6.00969e-07 2.17884e-26)
(2.02415e-08 2.7528e-07 8.817e-27)
(-1.58898e-07 8.81104e-08 2.9412e-27)
(1.01385e-06 -1.33431e-07 7.55225e-26)
(1.41055e-06 -7.97143e-08 0)
)
;

boundaryField
{
    atmosphere
    {
        type            pressureInletOutletVelocity;
        value           nonuniform List<vector> 
182
(
(0 -0.000695192 0)
(-0.000485032 0.00260794 0)
(-0.000671199 0.00846428 0)
(-0.000704346 0.0153741 0)
(-0.000662519 0.0223374 0)
(-0.000647823 0.0292571 0)
(-0.00071234 0.0368335 0)
(-0.000828219 0.0458013 0)
(-0.00091335 0.0564283 0)
(-0.000860415 0.068179 0)
(-0.000581173 0.0796498 0)
(-5.46982e-05 0.0888864 0)
(0.000671052 0.0940344 0)
(0.00147442 0.0936554 0)
(0.00220412 0.0875088 0)
(0.00273703 0.0762075 0)
(0.00297192 0.0612466 0)
(0.00287259 0.0447646 0)
(0.00249632 0.0289623 0)
(0.00196183 0.0154142 0)
(0.00139326 0.00489431 0)
(0 -0.0025902 0)
(0 -0.00762603 0)
(0 -0.0117367 0)
(0 -0.0152474 0)
(0 -0.0199439 0)
(0 -0.0259728 0)
(0 -0.0325956 0)
(0 -0.039444 0)
(0 -0.0456524 0)
(0 -0.0507688 0)
(0 -0.0545382 0)
(0 -0.0566988 0)
(0 -0.0578417 0)
(0 -0.0572291 0)
(0 -0.0537639 0)
(0 -0.047967 0)
(0 -0.0388738 0)
(0 -0.0266718 0)
(0 -0.0110589 0)
(-0.00220967 0.00740689 0)
(-0.0016562 0.0266782 0)
(-0.000790852 0.0444631 0)
(0.000249656 0.0577902 0)
(0.00123115 0.0644866 0)
(0.00201691 0.0639392 0)
(0.00242403 0.0553399 0)
(0.00242513 0.0420183 0)
(0.00213371 0.0250604 0)
(0.00158573 0.0090861 0)
(0 -0.00372412 0)
(0 -0.0116878 0)
(0 -0.0149816 0)
(0 -0.0146951 0)
(0 -0.0122984 0)
(0 -0.00911603 0)
(0 -0.00603284 0)
(0 -0.0035106 0)
(0 -0.00167294 0)
(0 -0.00047739 0)
(-5.17368e-05 0.000200442 0)
(-1.87131e-05 0.00050134 0)
(1.42296e-06 0.000553232 0)
(1.08666e-05 0.000473908 0)
(1.32472e-05 0.000348602 0)
(1.19374e-05 0.000225966 0)
(9.2627e-06 0.000126982 0)
(6.50284e-06 5.61133e-05 0)
(4.21007e-06 1.02513e-05 0)
(0 -1.62261e-05 0)
(0 -2.92446e-05 0)
(0 -3.36176e-05 0)
(0 -3.29955e-05 0)
(0 -2.98194e-05 0)
(0 -2.56016e-05 0)
(0 -2.12702e-05 0)
(0 -1.73232e-05 0)
(0 -1.4031e-05 0)
(0 -1.15247e-05 0)
(0 -9.85276e-06 0)
(0 -9.05346e-06 0)
(0 -9.18751e-06 0)
(0 -1.03874e-05 0)
(0 -1.28975e-05 0)
(0 -1.71145e-05 0)
(0 -2.36531e-05 0)
(0 -3.34386e-05 0)
(0 -4.78407e-05 0)
(0 -6.88677e-05 0)
(0 -9.94518e-05 0)
(0 -0.000143858 0)
(0 -0.000208298 0)
(0 -0.000301801 0)
(0 -0.000437546 0)
(0 -0.000634771 0)
(0 -0.000921661 0)
(0 -0.00133958 0)
(0 -0.00194897 0)
(0 -0.00283829 0)
(0 -0.00413283 0)
(0 -0.00601706 0)
(0 -0.00871245 0)
(0 -0.0126651 0)
(0 -0.0178224 0)
(0 -0.0258433 0)
(0 -0.0343029 0)
(0 -0.0475493 0)
(0 -0.0566254 0)
(0 -0.0676715 0)
(0 -0.0625679 0)
(0 -0.0654049 0)
(0 -0.0539527 0)
(0 -0.048949 0)
(0 -0.0332483 0)
(0 -0.0185124 0)
(-0.00303789 0.0105173 0)
(-0.00245046 0.0354928 0)
(-0.00207124 0.0538765 0)
(-0.00144919 0.0729903 0)
(9.44063e-05 0.0826034 0)
(0.00128854 0.0744732 0)
(0.00158662 0.0612893 0)
(0.0015062 0.0465629 0)
(0.00122001 0.0339863 0)
(0.000928321 0.0240658 0)
(0.000679828 0.0166678 0)
(0.000492308 0.011283 0)
(0.000361313 0.00735914 0)
(0.000276611 0.00442324 0)
(0.000229417 0.0020916 0)
(0.000214206 4.79284e-05 0)
(0 -0.00198752 0)
(0 -0.00429982 0)
(0 -0.00720511 0)
(0 -0.0111015 0)
(0 -0.0164899 0)
(0 -0.0240907 0)
(0 -0.0346998 0)
(0 -0.0497893 0)
(0 -0.0699677 0)
(0 -0.0987565 0)
(0 -0.133113 0)
(0 -0.177649 0)
(0 -0.226509 0)
(0 -0.257858 0)
(0 -0.269408 0)
(0 -0.238304 0)
(0 -0.203323 0)
(0 -0.188781 0)
(0 -0.178183 0)
(0 -0.129104 0)
(0 -0.0370528 0)
(-0.021111 0.0698435 0)
(-0.0248198 0.25259 0)
(-0.00971913 0.468331 0)
(0.0110212 0.504745 0)
(0.0169651 0.411261 0)
(0.0144821 0.303262 0)
(0.0107267 0.205178 0)
(0.0071901 0.132283 0)
(0.00460411 0.082464 0)
(0.00286602 0.0501431 0)
(0.00175028 0.0298493 0)
(0.00105138 0.0174121 0)
(0.000620871 0.00995111 0)
(0.000360167 0.00556901 0)
(0.000204438 0.00304475 0)
(0.000114272 0.00163455 0)
(6.23439e-05 0.000846368 3.08693e-23)
(3.17415e-05 0.000443514 1.61777e-23)
(1.61996e-05 0.000219746 8.0077e-24)
(7.75306e-06 0.000107744 3.92909e-24)
(3.67636e-06 5.00824e-05 1.824e-24)
(1.64119e-06 2.27686e-05 0)
(7.1589e-07 9.79991e-06 3.56706e-25)
(2.93521e-07 4.07616e-06 1.48482e-25)
(1.15926e-07 1.60144e-06 5.81644e-26)
(4.0912e-08 6.00969e-07 2.17884e-26)
(2.02415e-08 2.7528e-07 8.817e-27)
(-1.58898e-07 8.81104e-08 2.9412e-27)
(0 -1.33431e-07 0)
(0 -7.97143e-08 0)
)
;
    }
    inlet
    {
        type            waveVelocity;
        refValue        nonuniform List<vector> 
87
(
(0.282723 -0.00208799 0)
(0.282982 -0.00626319 0)
(0.283501 -0.010436 0)
(0.284282 -0.014605 0)
(0.285325 -0.0187684 0)
(0.286632 -0.0229247 0)
(0.288208 -0.0270721 0)
(0.290055 -0.0312089 0)
(0.292177 -0.0353334 0)
(0.29458 -0.0394437 0)
(0.297268 -0.0435377 0)
(0.300247 -0.0476135 0)
(0.303524 -0.0516688 0)
(0.307107 -0.0557015 0)
(0.30971 -0.0584176 0)
(0.31113 -0.0598331 0)
(0.31259 -0.0612451 0)
(0.314091 -0.0626536 0)
(0.315633 -0.0640583 0)
(0.317217 -0.0654592 0)
(0.318843 -0.0668561 0)
(0.320572 -0.0682979 0)
(0.322408 -0.069784 0)
(0.324294 -0.0712651 0)
(0.326232 -0.072741 0)
(0.32822 -0.0742115 0)
(0.330261 -0.0756765 0)
(0.332354 -0.0771358 0)
(0.334501 -0.0785891 0)
(0.336703 -0.0800364 0)
(0.338949 -0.081471 0)
(0 0 0)
(0 0 0)
(0 0 0)
(0 0 0)
(0 0 0)
(0 0 0)
(0 0 0)
(0 0 0)
(0 0 0)
(0 0 0)
(0 0 0)
(0 0 0)
(0 0 0)
(0 0 0)
(0 0 0)
(0 0 0)
(0 0 0)
(0 0 0)
(0 0 0)
(0 0 0)
(0 0 0)
(0 0 0)
(0 0 0)
(0 0 0)
(0 0 0)
(0 0 0)
(0 0 0)
(0 0 0)
(0 0 0)
(0 0 0)
(0 0 0)
(0 0 0)
(0 0 0)
(0 0 0)
(0 0 0)
(0 0 0)
(0 0 0)
(0 0 0)
(0 0 0)
(0 0 0)
(0 0 0)
(0 0 0)
(0 0 0)
(0 0 0)
(0 0 0)
(0 0 0)
(0 0 0)
(0 0 0)
(0 0 0)
(0 0 0)
(0 0 0)
(0 0 0)
(0 0 0)
(0 0 0)
(0 0 0)
(0 0 0)
)
;
        refGradient     uniform ( 0 0 0 );
        valueFraction   uniform 1;
        value           nonuniform List<vector> 
87
(
(0.282723 -0.00208799 0)
(0.282982 -0.00626319 0)
(0.283501 -0.010436 0)
(0.284282 -0.014605 0)
(0.285325 -0.0187684 0)
(0.286632 -0.0229247 0)
(0.288208 -0.0270721 0)
(0.290055 -0.0312089 0)
(0.292177 -0.0353334 0)
(0.29458 -0.0394437 0)
(0.297268 -0.0435377 0)
(0.300247 -0.0476135 0)
(0.303524 -0.0516688 0)
(0.307107 -0.0557015 0)
(0.30971 -0.0584176 0)
(0.31113 -0.0598331 0)
(0.31259 -0.0612451 0)
(0.314091 -0.0626536 0)
(0.315633 -0.0640583 0)
(0.317217 -0.0654592 0)
(0.318843 -0.0668561 0)
(0.320572 -0.0682979 0)
(0.322408 -0.069784 0)
(0.324294 -0.0712651 0)
(0.326232 -0.072741 0)
(0.32822 -0.0742115 0)
(0.330261 -0.0756765 0)
(0.332354 -0.0771358 0)
(0.334501 -0.0785891 0)
(0.336703 -0.0800364 0)
(0.338949 -0.081471 0)
(0 0 0)
(0 0 0)
(0 0 0)
(0 0 0)
(0 0 0)
(0 0 0)
(0 0 0)
(0 0 0)
(0 0 0)
(0 0 0)
(0 0 0)
(0 0 0)
(0 0 0)
(0 0 0)
(0 0 0)
(0 0 0)
(0 0 0)
(0 0 0)
(0 0 0)
(0 0 0)
(0 0 0)
(0 0 0)
(0 0 0)
(0 0 0)
(0 0 0)
(0 0 0)
(0 0 0)
(0 0 0)
(0 0 0)
(0 0 0)
(0 0 0)
(0 0 0)
(0 0 0)
(0 0 0)
(0 0 0)
(0 0 0)
(0 0 0)
(0 0 0)
(0 0 0)
(0 0 0)
(0 0 0)
(0 0 0)
(0 0 0)
(0 0 0)
(0 0 0)
(0 0 0)
(0 0 0)
(0 0 0)
(0 0 0)
(0 0 0)
(0 0 0)
(0 0 0)
(0 0 0)
(0 0 0)
(0 0 0)
(0 0 0)
)
;
    }
    outlet
    {
        type            pressureInletOutletVelocity;
        value           nonuniform List<vector> 
87
(
(1.41386e-05 1.3711e-06 -1.34224e-34)
(1.61742e-05 1.66785e-06 -1.69641e-23)
(1.51956e-05 1.43545e-06 -2.9427e-23)
(9.70696e-06 1.00716e-06 -2.41369e-23)
(4.1824e-06 3.64798e-07 -1.1108e-23)
(1.29456e-06 1.66366e-07 -1.72914e-24)
(3.11365e-07 -2.62868e-08 -3.91612e-25)
(5.5839e-08 3.42204e-08 -1.65576e-25)
(9.10442e-09 -5.59969e-08 -3.60825e-27)
(-3.40591e-09 0 0)
(-9.8911e-10 0 0)
(-4.71967e-09 0 0)
(-1.08743e-09 0 0)
(-5.05301e-09 0 0)
(1.48779e-09 -1.05658e-07 -3.65338e-26)
(-7.45427e-09 0 0)
(1.56241e-09 -1.06837e-07 -3.02072e-26)
(-7.13723e-09 0 0)
(1.17754e-09 -9.82824e-08 -2.81095e-26)
(-6.55652e-09 0 0)
(5.31743e-10 -8.5752e-08 -2.62037e-26)
(-2.81618e-09 0 0)
(-2.51212e-09 0 0)
(-2.60966e-09 0 0)
(-2.64509e-09 0 0)
(-2.67149e-09 0 0)
(-2.69437e-09 0 0)
(-2.71353e-09 0 0)
(-2.72819e-09 0 0)
(-2.73873e-09 0 0)
(-2.74543e-09 0 0)
(-2.74949e-09 0 0)
(-2.75131e-09 0 0)
(-2.75161e-09 0 0)
(-2.7507e-09 0 0)
(-2.74907e-09 0 0)
(-2.7471e-09 0 0)
(-2.74455e-09 0 0)
(-2.74196e-09 0 0)
(-2.73917e-09 0 0)
(-2.73638e-09 0 0)
(-2.73347e-09 0 0)
(-2.73058e-09 0 0)
(-2.72786e-09 0 0)
(-2.72485e-09 0 0)
(-2.72201e-09 0 0)
(-2.71909e-09 0 0)
(-2.71623e-09 0 0)
(-2.71329e-09 0 0)
(-2.71039e-09 0 0)
(-2.70767e-09 0 0)
(-2.70467e-09 0 0)
(-2.70184e-09 0 0)
(-2.69894e-09 0 0)
(-2.69611e-09 0 0)
(-2.69323e-09 0 0)
(-2.69044e-09 0 0)
(-2.68792e-09 0 0)
(-2.68531e-09 0 0)
(-2.68322e-09 0 0)
(-2.68165e-09 0 0)
(-2.68119e-09 0 0)
(-2.68233e-09 0 0)
(-2.68618e-09 0 0)
(-2.69418e-09 0 0)
(-2.70755e-09 0 0)
(-2.72867e-09 0 0)
(-2.75921e-09 0 0)
(-2.80074e-09 0 0)
(-2.85336e-09 0 0)
(-2.91541e-09 0 0)
(-2.98253e-09 0 0)
(-3.04673e-09 0 0)
(-3.09876e-09 0 0)
(-3.12908e-09 0 0)
(-3.13452e-09 0 0)
(-3.12702e-09 0 0)
(-3.72479e-09 0 0)
(-4.70771e-09 0 0)
(8.30287e-10 -2.14879e-08 0)
(-8.10385e-09 0 0)
(6.71843e-09 -2.41279e-08 5.10278e-27)
(-1.45052e-08 0 0)
(1.58041e-08 -2.38861e-08 1.4154e-27)
(-2.53983e-08 0 0)
(3.03708e-08 -1.97378e-08 -6.84656e-28)
(1.41055e-06 -7.97143e-08 0)
)
;
    }
    bottom
    {
        type            slip;
    }
    frontBack
    {
        type            empty;
    }
}


// ************************************************************************* //
