SLURM_CPUS_ON_NODE: 1

 SWASH is preparing computation

+SWASH is processing output request    1
+SWASH is processing output request    2
[  0%]   step 1
[  0%]   step 2
[  0%]   step 3
[  0%]   step 4
[  0%]   step 5
[  0%]   step 6
[  0%]   step 7
[  0%]   step 8
[  0%]   step 9
[  0%]   step 10
[  0%]   step 11
[  0%]   step 12
[  0%]   step 13
[  0%]   step 14
[  0%]   step 15
[  0%]   step 16
[  0%]   step 17
[  0%]   step 18
[  0%]   step 19
[  0%]   step 20
[  0%]   step 21
[  0%]   step 22
[  0%]   step 23
[  0%]   step 24
[  0%]   step 25
[  0%]   step 26
[  0%]   step 27
[  0%]   step 28
[  0%]   step 29
[  0%]   step 30
[  0%]   step 31
[  0%]   step 32
[  0%]   step 33
[  0%]   step 34
[  0%]   step 35
[  0%]   step 36
[  0%]   step 37
[  0%]   step 38
[  0%]   step 39
[  0%]   step 40
[  0%]   step 41
[  0%]   step 42
[  0%]   step 43
[  0%]   step 44
[  0%]   step 45
[  0%]   step 46
[  0%]   step 47
[  0%]   step 48
[  0%]   step 49
[  0%]   step 50
[  0%]   step 51
[  0%]   step 52
[  0%]   step 53
[  0%]   step 54
[  0%]   step 55
[  0%]   step 56
[  0%]   step 57
[  0%]   step 58
[  0%]   step 59
[  0%]   step 60
[  0%]   step 61
[  0%]   step 62
[  0%]   step 63
[  0%]   step 64
[  0%]   step 65
[  0%]   step 66
[  0%]   step 67
[  0%]   step 68
[  0%]   step 69
[  0%]   step 70
[  0%]   step 71
[  0%]   step 72
[  0%]   step 73
[  0%]   step 74
[  0%]   step 75
[  0%]   step 76
[  0%]   step 77
[  0%]   step 78
[  0%]   step 79
[  0%]   step 80
[  0%]   step 81
[  0%]   step 82
[  0%]   step 83
[  0%]   step 84
[  0%]   step 85
[  0%]   step 86
[  0%]   step 87
[  0%]   step 88
[  0%]   step 89
[  0%]   step 90
[  0%]   step 91
[  0%]   step 92
[  0%]   step 93
[  0%]   step 94
[  0%]   step 95
[  0%]   step 96
[  0%]   step 97
[  0%]   step 98
[  0%]   step 99
[  0%]   step 100
[  0%]   step 101
[  0%]   step 102
[  0%]   step 103
[  0%]   step 104
[  0%]   step 105
[  0%]   step 106
[  0%]   step 107
[  0%]   step 108
[  0%]   step 109
[  0%]   step 110
[  0%]   step 111
[  0%]   step 112
[  0%]   step 113
[  0%]   step 114
[  0%]   step 115
+SWASH is processing output request    1
+SWASH is processing output request    2
[  0%]   step 116
[  0%]   step 117
[  0%]   step 118
[  0%]   step 119
[  0%]   step 120
[  0%]   step 121
[  0%]   step 122
[  0%]   step 123
[  0%]   step 124
[  0%]   step 125
[  0%]   step 126
[  0%]   step 127
[  0%]   step 128
[  0%]   step 129
[  0%]   step 130
[  0%]   step 131
[  0%]   step 132
[  0%]   step 133
[  0%]   step 134
[  0%]   step 135
[  0%]   step 136
[  0%]   step 137
[  0%]   step 138
[  0%]   step 139
[  0%]   step 140
[  0%]   step 141
[  0%]   step 142
[  0%]   step 143
[  0%]   step 144
[  0%]   step 145
[  0%]   step 146
[  0%]   step 147
[  0%]   step 148
[  0%]   step 149
[  0%]   step 150
[  0%]   step 151
[  0%]   step 152
[  0%]   step 153
[  0%]   step 154
[  0%]   step 155
[  0%]   step 156
[  0%]   step 157
[  0%]   step 158
[  0%]   step 159
[  0%]   step 160
[  0%]   step 161
[  0%]   step 162
[  0%]   step 163
[  0%]   step 164
[  0%]   step 165
[  0%]   step 166
[  0%]   step 167
[  0%]   step 168
[  0%]   step 169
[  0%]   step 170
[  0%]   step 171
[  0%]   step 172
[  0%]   step 173
[  0%]   step 174
[  0%]   step 175
[  0%]   step 176
[  0%]   step 177
[  0%]   step 178
[  0%]   step 179
[  0%]   step 180
[  0%]   step 181
[  0%]   step 182
[  0%]   step 183
[  0%]   step 184
[  0%]   step 185
[  0%]   step 186
[  0%]   step 187
[  0%]   step 188
[  0%]   step 189
[  0%]   step 190
[  0%]   step 191
[  0%]   step 192
[  0%]   step 193
[  0%]   step 194
[  0%]   step 195
[  0%]   step 196
[  0%]   step 197
[  0%]   step 198
[  0%]   step 199
[  0%]   step 200
[  0%]   step 201
[  0%]   step 202
[  0%]   step 203
[  0%]   step 204
[  0%]   step 205
[  0%]   step 206
[  0%]   step 207
[  0%]   step 208
[  0%]   step 209
[  0%]   step 210
[  0%]   step 211
[  0%]   step 212
[  0%]   step 213
[  0%]   step 214
[  0%]   step 215
[  0%]   step 216
[  0%]   step 217
[  0%]   step 218
[  0%]   step 219
[  0%]   step 220
[  0%]   step 221
[  0%]   step 222
[  0%]   step 223
[  0%]   step 224
[  0%]   step 225
[  0%]   step 226
[  0%]   step 227
[  0%]   step 228
[  0%]   step 229
+SWASH is processing output request    1
+SWASH is processing output request    2
[  0%]   step 230
[  0%]   step 231
[  0%]   step 232
[  0%]   step 233
[  0%]   step 234
[  0%]   step 235
[  0%]   step 236
[  0%]   step 237
[  0%]   step 238
[  0%]   step 239
[  0%]   step 240
[  0%]   step 241
[  0%]   step 242
[  0%]   step 243
[  0%]   step 244
[  0%]   step 245
[  0%]   step 246
[  0%]   step 247
[  0%]   step 248
[  0%]   step 249
[  0%]   step 250
[  0%]   step 251
[  0%]   step 252
[  0%]   step 253
[  0%]   step 254
[  0%]   step 255
[  0%]   step 256
[  0%]   step 257
[  0%]   step 258
[  0%]   step 259
[  0%]   step 260
[  0%]   step 261
[  0%]   step 262
[  0%]   step 263
[  0%]   step 264
[  0%]   step 265
[  0%]   step 266
[  0%]   step 267
[  0%]   step 268
[  0%]   step 269
[  0%]   step 270
[  0%]   step 271
[  0%]   step 272
[  0%]   step 273
[  0%]   step 274
[  0%]   step 275
[  0%]   step 276
[  0%]   step 277
[  0%]   step 278
[  0%]   step 279
[  0%]   step 280
[  0%]   step 281
[  0%]   step 282
[  0%]   step 283
[  0%]   step 284
[  0%]   step 285
[  0%]   step 286
[  0%]   step 287
[  0%]   step 288
[  0%]   step 289
[  0%]   step 290
[  0%]   step 291
[  0%]   step 292
[  0%]   step 293
[  0%]   step 294
[  0%]   step 295
[  0%]   step 296
[  0%]   step 297
[  0%]   step 298
[  0%]   step 299
[  0%]   step 300
[  0%]   step 301
[  0%]   step 302
[  0%]   step 303
[  0%]   step 304
[  0%]   step 305
[  0%]   step 306
[  0%]   step 307
[  0%]   step 308
[  0%]   step 309
[  0%]   step 310
[  0%]   step 311
[  0%]   step 312
[  0%]   step 313
[  0%]   step 314
[  0%]   step 315
[  0%]   step 316
[  0%]   step 317
[  0%]   step 318
[  0%]   step 319
[  0%]   step 320
[  0%]   step 321
[  0%]   step 322
[  0%]   step 323
[  0%]   step 324
[  0%]   step 325
[  0%]   step 326
[  0%]   step 327
[  0%]   step 328
[  0%]   step 329
[  0%]   step 330
[  0%]   step 331
[  0%]   step 332
[  0%]   step 333
[  0%]   step 334
[  0%]   step 335
[  0%]   step 336
[  0%]   step 337
[  0%]   step 338
[  0%]   step 339
[  0%]   step 340
[  0%]   step 341
[  0%]   step 342
[  0%]   step 343
[  0%]   step 344
+SWASH is processing output request    1
+SWASH is processing output request    2
[  0%]   step 345
[  0%]   step 346
[  0%]   step 347
[  0%]   step 348
[  0%]   step 349
[  0%]   step 350
[  0%]   step 351
[  0%]   step 352
[  0%]   step 353
[  0%]   step 354
[  0%]   step 355
[  0%]   step 356
[  0%]   step 357
[  0%]   step 358
[  0%]   step 359
[  0%]   step 360
[  0%]   step 361
[  0%]   step 362
[  0%]   step 363
[  0%]   step 364
[  0%]   step 365
[  0%]   step 366
[  0%]   step 367
[  0%]   step 368
[  0%]   step 369
[  0%]   step 370
[  0%]   step 371
[  0%]   step 372
[  0%]   step 373
[  0%]   step 374
[  0%]   step 375
[  0%]   step 376
[  0%]   step 377
[  0%]   step 378
[  0%]   step 379
[  0%]   step 380
[  0%]   step 381
[  0%]   step 382
[  0%]   step 383
[  0%]   step 384
[  0%]   step 385
[  0%]   step 386
[  0%]   step 387
[  0%]   step 388
[  0%]   step 389
[  0%]   step 390
[  0%]   step 391
[  0%]   step 392
[  0%]   step 393
[  0%]   step 394
[  0%]   step 395
[  0%]   step 396
[  0%]   step 397
[  0%]   step 398
[  0%]   step 399
[  0%]   step 400
[  0%]   step 401
[  0%]   step 402
[  0%]   step 403
[  0%]   step 404
[  0%]   step 405
[  0%]   step 406
[  0%]   step 407
[  0%]   step 408
[  0%]   step 409
[  0%]   step 410
[  0%]   step 411
[  0%]   step 412
[  0%]   step 413
[  0%]   step 414
[  0%]   step 415
[  0%]   step 416
[  0%]   step 417
[  0%]   step 418
[  0%]   step 419
[  0%]   step 420
[  0%]   step 421
[  0%]   step 422
[  0%]   step 423
[  0%]   step 424
[  0%]   step 425
[  0%]   step 426
[  0%]   step 427
[  0%]   step 428
[  0%]   step 429
[  0%]   step 430
[  0%]   step 431
[  0%]   step 432
[  0%]   step 433
[  0%]   step 434
[  0%]   step 435
[  0%]   step 436
[  0%]   step 437
[  0%]   step 438
[  0%]   step 439
[  0%]   step 440
[  0%]   step 441
[  0%]   step 442
[  0%]   step 443
[  0%]   step 444
[  0%]   step 445
[  0%]   step 446
[  1%]   step 447
[  1%]   step 448
[  1%]   step 449
[  1%]   step 450
[  1%]   step 451
[  1%]   step 452
[  1%]   step 453
[  1%]   step 454
[  1%]   step 455
[  1%]   step 456
[  1%]   step 457
[  1%]   step 458
+SWASH is processing output request    1
+SWASH is processing output request    2
[  1%]   step 459
[  1%]   step 460
[  1%]   step 461
[  1%]   step 462
[  1%]   step 463
[  1%]   step 464
[  1%]   step 465
[  1%]   step 466
[  1%]   step 467
[  1%]   step 468
[  1%]   step 469
[  1%]   step 470
[  1%]   step 471
[  1%]   step 472
[  1%]   step 473
[  1%]   step 474
[  1%]   step 475
[  1%]   step 476
[  1%]   step 477
[  1%]   step 478
[  1%]   step 479
[  1%]   step 480
[  1%]   step 481
[  1%]   step 482
[  1%]   step 483
[  1%]   step 484
[  1%]   step 485
[  1%]   step 486
[  1%]   step 487
[  1%]   step 488
[  1%]   step 489
[  1%]   step 490
[  1%]   step 491
[  1%]   step 492
[  1%]   step 493
[  1%]   step 494
[  1%]   step 495
[  1%]   step 496
[  1%]   step 497
[  1%]   step 498
[  1%]   step 499
[  1%]   step 500
[  1%]   step 501
[  1%]   step 502
[  1%]   step 503
[  1%]   step 504
[  1%]   step 505
[  1%]   step 506
[  1%]   step 507
[  1%]   step 508
[  1%]   step 509
[  1%]   step 510
[  1%]   step 511
[  1%]   step 512
[  1%]   step 513
[  1%]   step 514
[  1%]   step 515
[  1%]   step 516
[  1%]   step 517
[  1%]   step 518
[  1%]   step 519
[  1%]   step 520
[  1%]   step 521
[  1%]   step 522
[  1%]   step 523
[  1%]   step 524
[  1%]   step 525
[  1%]   step 526
[  1%]   step 527
[  1%]   step 528
[  1%]   step 529
[  1%]   step 530
[  1%]   step 531
[  1%]   step 532
[  1%]   step 533
[  1%]   step 534
[  1%]   step 535
[  1%]   step 536
[  1%]   step 537
[  1%]   step 538
[  1%]   step 539
[  1%]   step 540
[  1%]   step 541
[  1%]   step 542
[  1%]   step 543
[  1%]   step 544
[  1%]   step 545
[  1%]   step 546
[  1%]   step 547
[  1%]   step 548
[  1%]   step 549
[  1%]   step 550
[  1%]   step 551
[  1%]   step 552
[  1%]   step 553
[  1%]   step 554
[  1%]   step 555
[  1%]   step 556
[  1%]   step 557
[  1%]   step 558
[  1%]   step 559
[  1%]   step 560
[  1%]   step 561
[  1%]   step 562
[  1%]   step 563
[  1%]   step 564
[  1%]   step 565
[  1%]   step 566
[  1%]   step 567
[  1%]   step 568
[  1%]   step 569
[  1%]   step 570
[  1%]   step 571
[  1%]   step 572
[  1%]   step 573
+SWASH is processing output request    1
+SWASH is processing output request    2
[  1%]   step 574
[  1%]   step 575
[  1%]   step 576
[  1%]   step 577
[  1%]   step 578
[  1%]   step 579
[  1%]   step 580
[  1%]   step 581
[  1%]   step 582
[  1%]   step 583
[  1%]   step 584
[  1%]   step 585
[  1%]   step 586
[  1%]   step 587
[  1%]   step 588
[  1%]   step 589
[  1%]   step 590
[  1%]   step 591
[  1%]   step 592
[  1%]   step 593
[  1%]   step 594
[  1%]   step 595
[  1%]   step 596
[  1%]   step 597
[  1%]   step 598
[  1%]   step 599
[  1%]   step 600
[  1%]   step 601
[  1%]   step 602
[  1%]   step 603
[  1%]   step 604
[  1%]   step 605
[  1%]   step 606
[  1%]   step 607
[  1%]   step 608
[  1%]   step 609
[  1%]   step 610
[  1%]   step 611
[  1%]   step 612
[  1%]   step 613
[  1%]   step 614
[  1%]   step 615
[  1%]   step 616
[  1%]   step 617
[  1%]   step 618
[  1%]   step 619
[  1%]   step 620
[  1%]   step 621
[  1%]   step 622
[  1%]   step 623
[  1%]   step 624
[  1%]   step 625
[  1%]   step 626
[  1%]   step 627
[  1%]   step 628
[  1%]   step 629
[  1%]   step 630
[  1%]   step 631
[  1%]   step 632
[  1%]   step 633
[  1%]   step 634
[  1%]   step 635
[  1%]   step 636
[  1%]   step 637
[  1%]   step 638
[  1%]   step 639
[  1%]   step 640
[  1%]   step 641
[  1%]   step 642
[  1%]   step 643
[  1%]   step 644
[  1%]   step 645
[  1%]   step 646
[  1%]   step 647
[  1%]   step 648
[  1%]   step 649
[  1%]   step 650
[  1%]   step 651
[  1%]   step 652
[  1%]   step 653
[  1%]   step 654
[  1%]   step 655
[  1%]   step 656
[  1%]   step 657
[  1%]   step 658
[  1%]   step 659
[  1%]   step 660
[  1%]   step 661
[  1%]   step 662
[  1%]   step 663
[  1%]   step 664
[  1%]   step 665
[  1%]   step 666
[  1%]   step 667
[  1%]   step 668
[  1%]   step 669
[  1%]   step 670
[  1%]   step 671
[  1%]   step 672
[  1%]   step 673
[  1%]   step 674
[  1%]   step 675
[  1%]   step 676
[  1%]   step 677
[  1%]   step 678
[  1%]   step 679
[  1%]   step 680
[  1%]   step 681
[  1%]   step 682
[  1%]   step 683
[  1%]   step 684
[  1%]   step 685
[  1%]   step 686
[  1%]   step 687
+SWASH is processing output request    1
+SWASH is processing output request    2
[  1%]   step 688
[  1%]   step 689
[  1%]   step 690
[  1%]   step 691
[  1%]   step 692
[  1%]   step 693
[  1%]   step 694
[  1%]   step 695
[  1%]   step 696
[  1%]   step 697
[  1%]   step 698
[  1%]   step 699
[  1%]   step 700
[  1%]   step 701
[  1%]   step 702
[  1%]   step 703
[  1%]   step 704
[  1%]   step 705
[  1%]   step 706
[  1%]   step 707
[  1%]   step 708
[  1%]   step 709
[  1%]   step 710
[  1%]   step 711
[  1%]   step 712
[  1%]   step 713
[  1%]   step 714
[  1%]   step 715
[  1%]   step 716
[  1%]   step 717
[  1%]   step 718
[  1%]   step 719
[  1%]   step 720
[  1%]   step 721
[  1%]   step 722
[  1%]   step 723
[  1%]   step 724
[  1%]   step 725
[  1%]   step 726
[  1%]   step 727
[  1%]   step 728
[  1%]   step 729
[  1%]   step 730
[  1%]   step 731
[  1%]   step 732
[  1%]   step 733
[  1%]   step 734
[  1%]   step 735
[  1%]   step 736
[  1%]   step 737
[  1%]   step 738
[  1%]   step 739
[  1%]   step 740
[  1%]   step 741
[  1%]   step 742
[  1%]   step 743
[  1%]   step 744
[  1%]   step 745
[  1%]   step 746
[  1%]   step 747
[  1%]   step 748
[  1%]   step 749
[  1%]   step 750
[  1%]   step 751
[  1%]   step 752
[  1%]   step 753
[  1%]   step 754
[  1%]   step 755
[  1%]   step 756
[  1%]   step 757
[  1%]   step 758
[  1%]   step 759
[  1%]   step 760
[  1%]   step 761
[  1%]   step 762
[  1%]   step 763
[  1%]   step 764
[  1%]   step 765
[  1%]   step 766
[  1%]   step 767
[  1%]   step 768
[  1%]   step 769
[  1%]   step 770
[  1%]   step 771
[  1%]   step 772
[  1%]   step 773
[  1%]   step 774
[  1%]   step 775
[  1%]   step 776
[  1%]   step 777
[  1%]   step 778
[  1%]   step 779
[  1%]   step 780
[  1%]   step 781
[  1%]   step 782
[  1%]   step 783
[  1%]   step 784
[  1%]   step 785
[  1%]   step 786
[  1%]   step 787
[  1%]   step 788
[  1%]   step 789
[  1%]   step 790
[  1%]   step 791
[  1%]   step 792
[  1%]   step 793
[  1%]   step 794
[  1%]   step 795
[  1%]   step 796
[  1%]   step 797
[  1%]   step 798
[  1%]   step 799
[  1%]   step 800
[  1%]   step 801
[  1%]   step 802
+SWASH is processing output request    1
+SWASH is processing output request    2
[  1%]   step 803
[  1%]   step 804
[  1%]   step 805
[  1%]   step 806
[  1%]   step 807
[  1%]   step 808
[  1%]   step 809
[  1%]   step 810
[  1%]   step 811
[  1%]   step 812
[  1%]   step 813
[  1%]   step 814
[  1%]   step 815
[  1%]   step 816
[  1%]   step 817
[  1%]   step 818
[  1%]   step 819
[  1%]   step 820
[  1%]   step 821
[  1%]   step 822
[  1%]   step 823
[  1%]   step 824
[  1%]   step 825
[  1%]   step 826
[  1%]   step 827
[  1%]   step 828
[  1%]   step 829
[  1%]   step 830
[  1%]   step 831
[  1%]   step 832
[  1%]   step 833
[  1%]   step 834
[  1%]   step 835
[  1%]   step 836
[  1%]   step 837
[  1%]   step 838
[  1%]   step 839
[  1%]   step 840
[  1%]   step 841
[  1%]   step 842
[  1%]   step 843
[  1%]   step 844
[  1%]   step 845
[  1%]   step 846
[  1%]   step 847
[  1%]   step 848
[  1%]   step 849
[  1%]   step 850
[  1%]   step 851
[  1%]   step 852
[  1%]   step 853
[  1%]   step 854
[  1%]   step 855
[  1%]   step 856
[  1%]   step 857
[  1%]   step 858
[  1%]   step 859
[  1%]   step 860
[  1%]   step 861
[  1%]   step 862
[  1%]   step 863
[  1%]   step 864
[  1%]   step 865
[  1%]   step 866
[  1%]   step 867
[  1%]   step 868
[  1%]   step 869
[  1%]   step 870
[  1%]   step 871
[  1%]   step 872
[  1%]   step 873
[  1%]   step 874
[  1%]   step 875
[  1%]   step 876
[  1%]   step 877
[  1%]   step 878
[  1%]   step 879
[  1%]   step 880
[  1%]   step 881
[  1%]   step 882
[  1%]   step 883
[  1%]   step 884
[  1%]   step 885
[  1%]   step 886
[  1%]   step 887
[  1%]   step 888
[  1%]   step 889
[  1%]   step 890
[  1%]   step 891
[  1%]   step 892
[  1%]   step 893
[  1%]   step 894
[  1%]   step 895
[  1%]   step 896
[  1%]   step 897
[  1%]   step 898
[  1%]   step 899
[  1%]   step 900
[  1%]   step 901
[  1%]   step 902
[  1%]   step 903
[  1%]   step 904
[  1%]   step 905
[  1%]   step 906
[  1%]   step 907
[  1%]   step 908
[  1%]   step 909
[  1%]   step 910
[  1%]   step 911
[  1%]   step 912
[  1%]   step 913
[  1%]   step 914
[  1%]   step 915
[  1%]   step 916
+SWASH is processing output request    1
+SWASH is processing output request    2
[  1%]   step 917
[  1%]   step 918
[  1%]   step 919
[  1%]   step 920
[  1%]   step 921
[  1%]   step 922
[  1%]   step 923
[  1%]   step 924
[  1%]   step 925
[  1%]   step 926
[  1%]   step 927
[  1%]   step 928
[  1%]   step 929
[  1%]   step 930
[  1%]   step 931
[  1%]   step 932
[  1%]   step 933
[  1%]   step 934
[  1%]   step 935
[  1%]   step 936
[  1%]   step 937
[  1%]   step 938
[  1%]   step 939
[  1%]   step 940
[  1%]   step 941
[  1%]   step 942
[  1%]   step 943
[  1%]   step 944
[  1%]   step 945
[  1%]   step 946
[  1%]   step 947
[  1%]   step 948
[  1%]   step 949
[  1%]   step 950
[  1%]   step 951
[  1%]   step 952
[  1%]   step 953
[  1%]   step 954
[  1%]   step 955
[  1%]   step 956
[  1%]   step 957
[  1%]   step 958
[  1%]   step 959
[  1%]   step 960
[  1%]   step 961
[  1%]   step 962
[  1%]   step 963
[  1%]   step 964
[  1%]   step 965
[  1%]   step 966
[  1%]   step 967
[  1%]   step 968
[  1%]   step 969
[  1%]   step 970
[  1%]   step 971
[  1%]   step 972
[  1%]   step 973
[  1%]   step 974
[  1%]   step 975
[  1%]   step 976
[  1%]   step 977
[  1%]   step 978
[  1%]   step 979
[  1%]   step 980
[  1%]   step 981
[  1%]   step 982
[  1%]   step 983
[  1%]   step 984
[  1%]   step 985
[  1%]   step 986
[  1%]   step 987
[  1%]   step 988
[  1%]   step 989
[  1%]   step 990
[  1%]   step 991
[  1%]   step 992
[  1%]   step 993
[  1%]   step 994
[  1%]   step 995
[  1%]   step 996
[  1%]   step 997
[  1%]   step 998
[  1%]   step 999
[  1%]   step 1000
[  1%]   step 1001
[  1%]   step 1002
[  1%]   step 1003
[  1%]   step 1004
[  1%]   step 1005
[  1%]   step 1006
[  1%]   step 1007
[  1%]   step 1008
[  1%]   step 1009
[  1%]   step 1010
[  1%]   step 1011
[  1%]   step 1012
[  1%]   step 1013
[  1%]   step 1014
[  1%]   step 1015
[  1%]   step 1016
[  1%]   step 1017
[  1%]   step 1018
[  1%]   step 1019
[  1%]   step 1020
[  1%]   step 1021
[  1%]   step 1022
[  1%]   step 1023
[  1%]   step 1024
[  1%]   step 1025
[  1%]   step 1026
[  1%]   step 1027
[  1%]   step 1028
[  1%]   step 1029
[  1%]   step 1030
[  1%]   step 1031
+SWASH is processing output request    1
+SWASH is processing output request    2
[  1%]   step 1032
[  1%]   step 1033
[  1%]   step 1034
[  1%]   step 1035
[  1%]   step 1036
[  1%]   step 1037
[  1%]   step 1038
[  1%]   step 1039
[  1%]   step 1040
[  1%]   step 1041
[  1%]   step 1042
[  1%]   step 1043
[  1%]   step 1044
[  1%]   step 1045
[  1%]   step 1046
[  1%]   step 1047
[  1%]   step 1048
[  1%]   step 1049
[  1%]   step 1050
[  1%]   step 1051
[  1%]   step 1052
[  1%]   step 1053
[  1%]   step 1054
[  1%]   step 1055
[  1%]   step 1056
[  1%]   step 1057
[  1%]   step 1058
[  1%]   step 1059
[  1%]   step 1060
[  1%]   step 1061
[  1%]   step 1062
[  1%]   step 1063
[  1%]   step 1064
[  1%]   step 1065
[  1%]   step 1066
[  1%]   step 1067
[  1%]   step 1068
[  1%]   step 1069
[  1%]   step 1070
[  1%]   step 1071
[  1%]   step 1072
[  1%]   step 1073
[  1%]   step 1074
[  1%]   step 1075
[  1%]   step 1076
[  1%]   step 1077
[  1%]   step 1078
[  1%]   step 1079
[  1%]   step 1080
[  1%]   step 1081
[  1%]   step 1082
[  1%]   step 1083
[  1%]   step 1084
[  1%]   step 1085
[  1%]   step 1086
[  1%]   step 1087
[  1%]   step 1088
[  1%]   step 1089
[  1%]   step 1090
[  1%]   step 1091
[  1%]   step 1092
[  1%]   step 1093
[  1%]   step 1094
[  1%]   step 1095
[  1%]   step 1096
[  1%]   step 1097
[  1%]   step 1098
[  1%]   step 1099
[  1%]   step 1100
[  1%]   step 1101
[  1%]   step 1102
[  1%]   step 1103
[  1%]   step 1104
[  1%]   step 1105
[  1%]   step 1106
[  1%]   step 1107
[  1%]   step 1108
[  1%]   step 1109
[  1%]   step 1110
[  1%]   step 1111
[  1%]   step 1112
[  1%]   step 1113
[  1%]   step 1114
[  1%]   step 1115
[  1%]   step 1116
[  1%]   step 1117
[  1%]   step 1118
[  1%]   step 1119
[  1%]   step 1120
[  1%]   step 1121
[  1%]   step 1122
[  1%]   step 1123
[  1%]   step 1124
[  1%]   step 1125
[  1%]   step 1126
[  1%]   step 1127
[  1%]   step 1128
[  1%]   step 1129
[  1%]   step 1130
[  1%]   step 1131
[  1%]   step 1132
[  1%]   step 1133
[  1%]   step 1134
[  1%]   step 1135
[  1%]   step 1136
[  1%]   step 1137
[  1%]   step 1138
[  1%]   step 1139
[  1%]   step 1140
[  1%]   step 1141
[  1%]   step 1142
[  1%]   step 1143
[  1%]   step 1144
[  1%]   step 1145
+SWASH is processing output request    1
+SWASH is processing output request    2
[  1%]   step 1146
[  1%]   step 1147
[  1%]   step 1148
[  1%]   step 1149
[  1%]   step 1150
[  1%]   step 1151
[  1%]   step 1152
[  1%]   step 1153
[  1%]   step 1154
[  1%]   step 1155
[  1%]   step 1156
[  1%]   step 1157
[  1%]   step 1158
[  1%]   step 1159
[  1%]   step 1160
[  1%]   step 1161
[  1%]   step 1162
[  1%]   step 1163
[  1%]   step 1164
[  1%]   step 1165
[  1%]   step 1166
[  1%]   step 1167
[  1%]   step 1168
[  1%]   step 1169
[  1%]   step 1170
[  1%]   step 1171
[  1%]   step 1172
[  1%]   step 1173
[  1%]   step 1174
[  1%]   step 1175
[  1%]   step 1176
[  1%]   step 1177
[  1%]   step 1178
[  1%]   step 1179
[  1%]   step 1180
[  1%]   step 1181
[  1%]   step 1182
[  1%]   step 1183
[  1%]   step 1184
[  1%]   step 1185
[  1%]   step 1186
[  1%]   step 1187
[  1%]   step 1188
[  1%]   step 1189
[  1%]   step 1190
[  1%]   step 1191
[  1%]   step 1192
[  1%]   step 1193
[  1%]   step 1194
[  1%]   step 1195
[  1%]   step 1196
[  1%]   step 1197
[  1%]   step 1198
[  1%]   step 1199
[  1%]   step 1200
[  1%]   step 1201
[  1%]   step 1202
[  1%]   step 1203
[  1%]   step 1204
[  1%]   step 1205
[  1%]   step 1206
[  1%]   step 1207
[  1%]   step 1208
[  1%]   step 1209
[  1%]   step 1210
[  1%]   step 1211
[  1%]   step 1212
[  1%]   step 1213
[  1%]   step 1214
[  1%]   step 1215
[  1%]   step 1216
[  1%]   step 1217
[  1%]   step 1218
[  1%]   step 1219
[  1%]   step 1220
[  1%]   step 1221
[  1%]   step 1222
[  1%]   step 1223
[  1%]   step 1224
[  1%]   step 1225
[  1%]   step 1226
[  1%]   step 1227
[  1%]   step 1228
[  1%]   step 1229
[  1%]   step 1230
[  1%]   step 1231
[  1%]   step 1232
[  1%]   step 1233
[  1%]   step 1234
[  1%]   step 1235
[  1%]   step 1236
[  1%]   step 1237
[  1%]   step 1238
[  1%]   step 1239
[  1%]   step 1240
[  1%]   step 1241
[  1%]   step 1242
[  1%]   step 1243
[  1%]   step 1244
[  1%]   step 1245
[  1%]   step 1246
[  1%]   step 1247
[  1%]   step 1248
[  1%]   step 1249
[  1%]   step 1250
[  1%]   step 1251
[  1%]   step 1252
[  1%]   step 1253
[  1%]   step 1254
[  1%]   step 1255
[  1%]   step 1256
[  1%]   step 1257
[  1%]   step 1258
[  1%]   step 1259
[  1%]   step 1260
+SWASH is processing output request    1
+SWASH is processing output request    2
[  1%]   step 1261
[  1%]   step 1262
[  1%]   step 1263
[  1%]   step 1264
[  1%]   step 1265
[  1%]   step 1266
[  1%]   step 1267
[  1%]   step 1268
[  1%]   step 1269
[  1%]   step 1270
[  1%]   step 1271
[  1%]   step 1272
[  1%]   step 1273
[  1%]   step 1274
[  1%]   step 1275
[  1%]   step 1276
[  1%]   step 1277
[  1%]   step 1278
[  1%]   step 1279
[  1%]   step 1280
[  1%]   step 1281
[  1%]   step 1282
[  1%]   step 1283
[  1%]   step 1284
[  1%]   step 1285
[  1%]   step 1286
[  1%]   step 1287
[  1%]   step 1288
[  1%]   step 1289
[  1%]   step 1290
[  1%]   step 1291
[  1%]   step 1292
[  1%]   step 1293
[  1%]   step 1294
[  1%]   step 1295
[  1%]   step 1296
[  1%]   step 1297
[  1%]   step 1298
[  1%]   step 1299
[  1%]   step 1300
[  1%]   step 1301
[  1%]   step 1302
[  1%]   step 1303
[  1%]   step 1304
[  1%]   step 1305
[  1%]   step 1306
[  1%]   step 1307
[  1%]   step 1308
[  1%]   step 1309
[  1%]   step 1310
[  1%]   step 1311
[  1%]   step 1312
[  1%]   step 1313
[  1%]   step 1314
[  1%]   step 1315
[  1%]   step 1316
[  1%]   step 1317
[  1%]   step 1318
[  1%]   step 1319
[  1%]   step 1320
[  1%]   step 1321
[  1%]   step 1322
[  1%]   step 1323
[  1%]   step 1324
[  1%]   step 1325
[  1%]   step 1326
[  1%]   step 1327
[  1%]   step 1328
[  1%]   step 1329
[  1%]   step 1330
[  1%]   step 1331
[  1%]   step 1332
[  1%]   step 1333
[  1%]   step 1334
[  1%]   step 1335
[  1%]   step 1336
[  1%]   step 1337
[  1%]   step 1338
[  1%]   step 1339
[  2%]   step 1340
[  2%]   step 1341
[  2%]   step 1342
[  2%]   step 1343
[  2%]   step 1344
[  2%]   step 1345
[  2%]   step 1346
[  2%]   step 1347
[  2%]   step 1348
[  2%]   step 1349
[  2%]   step 1350
[  2%]   step 1351
[  2%]   step 1352
[  2%]   step 1353
[  2%]   step 1354
[  2%]   step 1355
[  2%]   step 1356
[  2%]   step 1357
[  2%]   step 1358
[  2%]   step 1359
[  2%]   step 1360
[  2%]   step 1361
[  2%]   step 1362
[  2%]   step 1363
[  2%]   step 1364
[  2%]   step 1365
[  2%]   step 1366
[  2%]   step 1367
[  2%]   step 1368
[  2%]   step 1369
[  2%]   step 1370
[  2%]   step 1371
[  2%]   step 1372
[  2%]   step 1373
[  2%]   step 1374
+SWASH is processing output request    1
+SWASH is processing output request    2
[  2%]   step 1375
[  2%]   step 1376
[  2%]   step 1377
[  2%]   step 1378
[  2%]   step 1379
[  2%]   step 1380
[  2%]   step 1381
[  2%]   step 1382
[  2%]   step 1383
[  2%]   step 1384
[  2%]   step 1385
[  2%]   step 1386
[  2%]   step 1387
[  2%]   step 1388
[  2%]   step 1389
[  2%]   step 1390
[  2%]   step 1391
[  2%]   step 1392
[  2%]   step 1393
[  2%]   step 1394
[  2%]   step 1395
[  2%]   step 1396
[  2%]   step 1397
[  2%]   step 1398
[  2%]   step 1399
[  2%]   step 1400
[  2%]   step 1401
[  2%]   step 1402
[  2%]   step 1403
[  2%]   step 1404
[  2%]   step 1405
[  2%]   step 1406
[  2%]   step 1407
[  2%]   step 1408
[  2%]   step 1409
[  2%]   step 1410
[  2%]   step 1411
[  2%]   step 1412
[  2%]   step 1413
[  2%]   step 1414
[  2%]   step 1415
[  2%]   step 1416
[  2%]   step 1417
[  2%]   step 1418
[  2%]   step 1419
[  2%]   step 1420
[  2%]   step 1421
[  2%]   step 1422
[  2%]   step 1423
[  2%]   step 1424
[  2%]   step 1425
[  2%]   step 1426
[  2%]   step 1427
[  2%]   step 1428
[  2%]   step 1429
[  2%]   step 1430
[  2%]   step 1431
[  2%]   step 1432
[  2%]   step 1433
[  2%]   step 1434
[  2%]   step 1435
[  2%]   step 1436
[  2%]   step 1437
[  2%]   step 1438
[  2%]   step 1439
[  2%]   step 1440
[  2%]   step 1441
[  2%]   step 1442
[  2%]   step 1443
[  2%]   step 1444
[  2%]   step 1445
[  2%]   step 1446
[  2%]   step 1447
[  2%]   step 1448
[  2%]   step 1449
[  2%]   step 1450
[  2%]   step 1451
[  2%]   step 1452
[  2%]   step 1453
[  2%]   step 1454
[  2%]   step 1455
[  2%]   step 1456
[  2%]   step 1457
[  2%]   step 1458
[  2%]   step 1459
[  2%]   step 1460
[  2%]   step 1461
[  2%]   step 1462
[  2%]   step 1463
[  2%]   step 1464
[  2%]   step 1465
[  2%]   step 1466
[  2%]   step 1467
[  2%]   step 1468
[  2%]   step 1469
[  2%]   step 1470
[  2%]   step 1471
[  2%]   step 1472
[  2%]   step 1473
[  2%]   step 1474
[  2%]   step 1475
[  2%]   step 1476
[  2%]   step 1477
[  2%]   step 1478
[  2%]   step 1479
[  2%]   step 1480
[  2%]   step 1481
[  2%]   step 1482
[  2%]   step 1483
[  2%]   step 1484
[  2%]   step 1485
[  2%]   step 1486
[  2%]   step 1487
[  2%]   step 1488
[  2%]   step 1489
+SWASH is processing output request    1
+SWASH is processing output request    2
[  2%]   step 1490
[  2%]   step 1491
[  2%]   step 1492
[  2%]   step 1493
[  2%]   step 1494
[  2%]   step 1495
[  2%]   step 1496
[  2%]   step 1497
[  2%]   step 1498
[  2%]   step 1499
[  2%]   step 1500
[  2%]   step 1501
[  2%]   step 1502
[  2%]   step 1503
[  2%]   step 1504
[  2%]   step 1505
[  2%]   step 1506
[  2%]   step 1507
[  2%]   step 1508
[  2%]   step 1509
[  2%]   step 1510
[  2%]   step 1511
[  2%]   step 1512
[  2%]   step 1513
[  2%]   step 1514
[  2%]   step 1515
[  2%]   step 1516
[  2%]   step 1517
[  2%]   step 1518
[  2%]   step 1519
[  2%]   step 1520
[  2%]   step 1521
[  2%]   step 1522
[  2%]   step 1523
[  2%]   step 1524
[  2%]   step 1525
[  2%]   step 1526
[  2%]   step 1527
[  2%]   step 1528
[  2%]   step 1529
[  2%]   step 1530
[  2%]   step 1531
[  2%]   step 1532
[  2%]   step 1533
[  2%]   step 1534
[  2%]   step 1535
[  2%]   step 1536
[  2%]   step 1537
[  2%]   step 1538
[  2%]   step 1539
[  2%]   step 1540
[  2%]   step 1541
[  2%]   step 1542
[  2%]   step 1543
[  2%]   step 1544
[  2%]   step 1545
[  2%]   step 1546
[  2%]   step 1547
[  2%]   step 1548
[  2%]   step 1549
[  2%]   step 1550
[  2%]   step 1551
[  2%]   step 1552
[  2%]   step 1553
[  2%]   step 1554
[  2%]   step 1555
[  2%]   step 1556
[  2%]   step 1557
[  2%]   step 1558
[  2%]   step 1559
[  2%]   step 1560
[  2%]   step 1561
[  2%]   step 1562
[  2%]   step 1563
[  2%]   step 1564
[  2%]   step 1565
[  2%]   step 1566
[  2%]   step 1567
[  2%]   step 1568
[  2%]   step 1569
[  2%]   step 1570
[  2%]   step 1571
[  2%]   step 1572
[  2%]   step 1573
[  2%]   step 1574
[  2%]   step 1575
[  2%]   step 1576
[  2%]   step 1577
[  2%]   step 1578
[  2%]   step 1579
[  2%]   step 1580
[  2%]   step 1581
[  2%]   step 1582
[  2%]   step 1583
[  2%]   step 1584
[  2%]   step 1585
[  2%]   step 1586
[  2%]   step 1587
[  2%]   step 1588
[  2%]   step 1589
[  2%]   step 1590
[  2%]   step 1591
[  2%]   step 1592
[  2%]   step 1593
[  2%]   step 1594
[  2%]   step 1595
[  2%]   step 1596
[  2%]   step 1597
[  2%]   step 1598
[  2%]   step 1599
[  2%]   step 1600
[  2%]   step 1601
[  2%]   step 1602
[  2%]   step 1603
+SWASH is processing output request    1
+SWASH is processing output request    2
[  2%]   step 1604
[  2%]   step 1605
[  2%]   step 1606
[  2%]   step 1607
[  2%]   step 1608
[  2%]   step 1609
[  2%]   step 1610
[  2%]   step 1611
[  2%]   step 1612
[  2%]   step 1613
[  2%]   step 1614
[  2%]   step 1615
[  2%]   step 1616
[  2%]   step 1617
[  2%]   step 1618
[  2%]   step 1619
[  2%]   step 1620
[  2%]   step 1621
[  2%]   step 1622
[  2%]   step 1623
[  2%]   step 1624
[  2%]   step 1625
[  2%]   step 1626
[  2%]   step 1627
[  2%]   step 1628
[  2%]   step 1629
[  2%]   step 1630
[  2%]   step 1631
[  2%]   step 1632
[  2%]   step 1633
[  2%]   step 1634
[  2%]   step 1635
[  2%]   step 1636
[  2%]   step 1637
[  2%]   step 1638
[  2%]   step 1639
[  2%]   step 1640
[  2%]   step 1641
[  2%]   step 1642
[  2%]   step 1643
[  2%]   step 1644
[  2%]   step 1645
[  2%]   step 1646
[  2%]   step 1647
[  2%]   step 1648
[  2%]   step 1649
[  2%]   step 1650
[  2%]   step 1651
[  2%]   step 1652
[  2%]   step 1653
[  2%]   step 1654
[  2%]   step 1655
[  2%]   step 1656
[  2%]   step 1657
[  2%]   step 1658
[  2%]   step 1659
[  2%]   step 1660
[  2%]   step 1661
[  2%]   step 1662
[  2%]   step 1663
[  2%]   step 1664
[  2%]   step 1665
[  2%]   step 1666
[  2%]   step 1667
[  2%]   step 1668
[  2%]   step 1669
[  2%]   step 1670
[  2%]   step 1671
[  2%]   step 1672
[  2%]   step 1673
[  2%]   step 1674
[  2%]   step 1675
[  2%]   step 1676
[  2%]   step 1677
[  2%]   step 1678
[  2%]   step 1679
[  2%]   step 1680
[  2%]   step 1681
[  2%]   step 1682
[  2%]   step 1683
[  2%]   step 1684
[  2%]   step 1685
[  2%]   step 1686
[  2%]   step 1687
[  2%]   step 1688
[  2%]   step 1689
[  2%]   step 1690
[  2%]   step 1691
[  2%]   step 1692
[  2%]   step 1693
[  2%]   step 1694
[  2%]   step 1695
[  2%]   step 1696
[  2%]   step 1697
[  2%]   step 1698
[  2%]   step 1699
[  2%]   step 1700
[  2%]   step 1701
[  2%]   step 1702
[  2%]   step 1703
[  2%]   step 1704
[  2%]   step 1705
[  2%]   step 1706
[  2%]   step 1707
[  2%]   step 1708
[  2%]   step 1709
[  2%]   step 1710
[  2%]   step 1711
[  2%]   step 1712
[  2%]   step 1713
[  2%]   step 1714
[  2%]   step 1715
[  2%]   step 1716
[  2%]   step 1717
[  2%]   step 1718
+SWASH is processing output request    1
+SWASH is processing output request    2
[  2%]   step 1719
[  2%]   step 1720
[  2%]   step 1721
[  2%]   step 1722
[  2%]   step 1723
[  2%]   step 1724
[  2%]   step 1725
[  2%]   step 1726
[  2%]   step 1727
[  2%]   step 1728
[  2%]   step 1729
[  2%]   step 1730
[  2%]   step 1731
[  2%]   step 1732
[  2%]   step 1733
[  2%]   step 1734
[  2%]   step 1735
[  2%]   step 1736
[  2%]   step 1737
[  2%]   step 1738
[  2%]   step 1739
[  2%]   step 1740
[  2%]   step 1741
[  2%]   step 1742
[  2%]   step 1743
[  2%]   step 1744
[  2%]   step 1745
[  2%]   step 1746
[  2%]   step 1747
[  2%]   step 1748
[  2%]   step 1749
[  2%]   step 1750
[  2%]   step 1751
[  2%]   step 1752
[  2%]   step 1753
[  2%]   step 1754
[  2%]   step 1755
[  2%]   step 1756
[  2%]   step 1757
[  2%]   step 1758
[  2%]   step 1759
[  2%]   step 1760
[  2%]   step 1761
[  2%]   step 1762
[  2%]   step 1763
[  2%]   step 1764
[  2%]   step 1765
[  2%]   step 1766
[  2%]   step 1767
[  2%]   step 1768
[  2%]   step 1769
[  2%]   step 1770
[  2%]   step 1771
[  2%]   step 1772
[  2%]   step 1773
[  2%]   step 1774
[  2%]   step 1775
[  2%]   step 1776
[  2%]   step 1777
[  2%]   step 1778
[  2%]   step 1779
[  2%]   step 1780
[  2%]   step 1781
[  2%]   step 1782
[  2%]   step 1783
[  2%]   step 1784
[  2%]   step 1785
[  2%]   step 1786
[  2%]   step 1787
[  2%]   step 1788
[  2%]   step 1789
[  2%]   step 1790
[  2%]   step 1791
[  2%]   step 1792
[  2%]   step 1793
[  2%]   step 1794
[  2%]   step 1795
[  2%]   step 1796
[  2%]   step 1797
[  2%]   step 1798
[  2%]   step 1799
[  2%]   step 1800
[  2%]   step 1801
[  2%]   step 1802
[  2%]   step 1803
[  2%]   step 1804
[  2%]   step 1805
[  2%]   step 1806
[  2%]   step 1807
[  2%]   step 1808
[  2%]   step 1809
[  2%]   step 1810
[  2%]   step 1811
[  2%]   step 1812
[  2%]   step 1813
[  2%]   step 1814
[  2%]   step 1815
[  2%]   step 1816
[  2%]   step 1817
[  2%]   step 1818
[  2%]   step 1819
[  2%]   step 1820
[  2%]   step 1821
[  2%]   step 1822
[  2%]   step 1823
[  2%]   step 1824
[  2%]   step 1825
[  2%]   step 1826
[  2%]   step 1827
[  2%]   step 1828
[  2%]   step 1829
[  2%]   step 1830
[  2%]   step 1831
[  2%]   step 1832
+SWASH is processing output request    1
+SWASH is processing output request    2
[  2%]   step 1833
[  2%]   step 1834
[  2%]   step 1835
[  2%]   step 1836
[  2%]   step 1837
[  2%]   step 1838
[  2%]   step 1839
[  2%]   step 1840
[  2%]   step 1841
[  2%]   step 1842
[  2%]   step 1843
[  2%]   step 1844
[  2%]   step 1845
[  2%]   step 1846
[  2%]   step 1847
[  2%]   step 1848
[  2%]   step 1849
[  2%]   step 1850
[  2%]   step 1851
[  2%]   step 1852
[  2%]   step 1853
[  2%]   step 1854
[  2%]   step 1855
[  2%]   step 1856
[  2%]   step 1857
[  2%]   step 1858
[  2%]   step 1859
[  2%]   step 1860
[  2%]   step 1861
[  2%]   step 1862
[  2%]   step 1863
[  2%]   step 1864
[  2%]   step 1865
[  2%]   step 1866
[  2%]   step 1867
[  2%]   step 1868
[  2%]   step 1869
[  2%]   step 1870
[  2%]   step 1871
[  2%]   step 1872
[  2%]   step 1873
[  2%]   step 1874
[  2%]   step 1875
[  2%]   step 1876
[  2%]   step 1877
[  2%]   step 1878
[  2%]   step 1879
[  2%]   step 1880
[  2%]   step 1881
[  2%]   step 1882
[  2%]   step 1883
[  2%]   step 1884
[  2%]   step 1885
[  2%]   step 1886
[  2%]   step 1887
[  2%]   step 1888
[  2%]   step 1889
[  2%]   step 1890
[  2%]   step 1891
[  2%]   step 1892
[  2%]   step 1893
[  2%]   step 1894
[  2%]   step 1895
[  2%]   step 1896
[  2%]   step 1897
[  2%]   step 1898
[  2%]   step 1899
[  2%]   step 1900
[  2%]   step 1901
[  2%]   step 1902
[  2%]   step 1903
[  2%]   step 1904
[  2%]   step 1905
[  2%]   step 1906
[  2%]   step 1907
[  2%]   step 1908
[  2%]   step 1909
[  2%]   step 1910
[  2%]   step 1911
[  2%]   step 1912
[  2%]   step 1913
[  2%]   step 1914
[  2%]   step 1915
[  2%]   step 1916
[  2%]   step 1917
[  2%]   step 1918
[  2%]   step 1919
[  2%]   step 1920
[  2%]   step 1921
[  2%]   step 1922
[  2%]   step 1923
[  2%]   step 1924
[  2%]   step 1925
[  2%]   step 1926
[  2%]   step 1927
[  2%]   step 1928
[  2%]   step 1929
[  2%]   step 1930
[  2%]   step 1931
[  2%]   step 1932
[  2%]   step 1933
[  2%]   step 1934
[  2%]   step 1935
[  2%]   step 1936
[  2%]   step 1937
[  2%]   step 1938
[  2%]   step 1939
[  2%]   step 1940
[  2%]   step 1941
[  2%]   step 1942
[  2%]   step 1943
[  2%]   step 1944
[  2%]   step 1945
[  2%]   step 1946
[  2%]   step 1947
+SWASH is processing output request    1
+SWASH is processing output request    2
[  2%]   step 1948
[  2%]   step 1949
[  2%]   step 1950
[  2%]   step 1951
[  2%]   step 1952
[  2%]   step 1953
[  2%]   step 1954
[  2%]   step 1955
[  2%]   step 1956
[  2%]   step 1957
[  2%]   step 1958
[  2%]   step 1959
[  2%]   step 1960
[  2%]   step 1961
[  2%]   step 1962
[  2%]   step 1963
[  2%]   step 1964
[  2%]   step 1965
[  2%]   step 1966
[  2%]   step 1967
[  2%]   step 1968
[  2%]   step 1969
[  2%]   step 1970
[  2%]   step 1971
[  2%]   step 1972
[  2%]   step 1973
[  2%]   step 1974
[  2%]   step 1975
[  2%]   step 1976
[  2%]   step 1977
[  2%]   step 1978
[  2%]   step 1979
[  2%]   step 1980
[  2%]   step 1981
[  2%]   step 1982
[  2%]   step 1983
[  2%]   step 1984
[  2%]   step 1985
[  2%]   step 1986
[  2%]   step 1987
[  2%]   step 1988
[  2%]   step 1989
[  2%]   step 1990
[  2%]   step 1991
[  2%]   step 1992
[  2%]   step 1993
[  2%]   step 1994
[  2%]   step 1995
[  2%]   step 1996
[  2%]   step 1997
[  2%]   step 1998
[  2%]   step 1999
[  2%]   step 2000
[  2%]   step 2001
[  2%]   step 2002
[  2%]   step 2003
[  2%]   step 2004
[  2%]   step 2005
[  2%]   step 2006
[  2%]   step 2007
[  2%]   step 2008
[  2%]   step 2009
[  2%]   step 2010
[  2%]   step 2011
[  2%]   step 2012
[  2%]   step 2013
[  2%]   step 2014
[  2%]   step 2015
[  2%]   step 2016
[  2%]   step 2017
[  2%]   step 2018
[  2%]   step 2019
[  2%]   step 2020
[  2%]   step 2021
[  2%]   step 2022
[  2%]   step 2023
[  2%]   step 2024
[  2%]   step 2025
[  2%]   step 2026
[  2%]   step 2027
[  2%]   step 2028
[  2%]   step 2029
[  2%]   step 2030
[  2%]   step 2031
[  2%]   step 2032
[  2%]   step 2033
[  2%]   step 2034
[  2%]   step 2035
[  2%]   step 2036
[  2%]   step 2037
[  2%]   step 2038
[  2%]   step 2039
[  2%]   step 2040
[  2%]   step 2041
[  2%]   step 2042
[  2%]   step 2043
[  2%]   step 2044
[  2%]   step 2045
[  2%]   step 2046
[  2%]   step 2047
[  2%]   step 2048
[  2%]   step 2049
[  2%]   step 2050
[  2%]   step 2051
[  2%]   step 2052
[  2%]   step 2053
[  2%]   step 2054
[  2%]   step 2055
[  2%]   step 2056
[  2%]   step 2057
[  2%]   step 2058
[  2%]   step 2059
[  2%]   step 2060
[  2%]   step 2061
+SWASH is processing output request    1
+SWASH is processing output request    2
[  2%]   step 2062
[  2%]   step 2063
[  2%]   step 2064
[  2%]   step 2065
[  2%]   step 2066
[  2%]   step 2067
[  2%]   step 2068
[  2%]   step 2069
[  2%]   step 2070
[  2%]   step 2071
[  2%]   step 2072
[  2%]   step 2073
[  2%]   step 2074
[  2%]   step 2075
[  2%]   step 2076
[  2%]   step 2077
[  2%]   step 2078
[  2%]   step 2079
[  2%]   step 2080
[  2%]   step 2081
[  2%]   step 2082
[  2%]   step 2083
[  2%]   step 2084
[  2%]   step 2085
[  2%]   step 2086
[  2%]   step 2087
[  2%]   step 2088
[  2%]   step 2089
[  2%]   step 2090
[  2%]   step 2091
[  2%]   step 2092
[  2%]   step 2093
[  2%]   step 2094
[  2%]   step 2095
[  2%]   step 2096
[  2%]   step 2097
[  2%]   step 2098
[  2%]   step 2099
[  2%]   step 2100
[  2%]   step 2101
[  2%]   step 2102
[  2%]   step 2103
[  2%]   step 2104
[  2%]   step 2105
[  2%]   step 2106
[  2%]   step 2107
[  2%]   step 2108
[  2%]   step 2109
[  2%]   step 2110
[  2%]   step 2111
[  2%]   step 2112
[  2%]   step 2113
[  2%]   step 2114
[  2%]   step 2115
[  2%]   step 2116
[  2%]   step 2117
[  2%]   step 2118
[  2%]   step 2119
[  2%]   step 2120
[  2%]   step 2121
[  2%]   step 2122
[  2%]   step 2123
[  2%]   step 2124
[  2%]   step 2125
[  2%]   step 2126
[  2%]   step 2127
[  2%]   step 2128
[  2%]   step 2129
[  2%]   step 2130
[  2%]   step 2131
[  2%]   step 2132
[  2%]   step 2133
[  2%]   step 2134
[  2%]   step 2135
[  2%]   step 2136
[  2%]   step 2137
[  2%]   step 2138
[  2%]   step 2139
[  2%]   step 2140
[  2%]   step 2141
[  2%]   step 2142
[  2%]   step 2143
[  2%]   step 2144
[  2%]   step 2145
[  2%]   step 2146
[  2%]   step 2147
[  2%]   step 2148
[  2%]   step 2149
[  2%]   step 2150
[  2%]   step 2151
[  2%]   step 2152
[  2%]   step 2153
[  2%]   step 2154
[  2%]   step 2155
[  2%]   step 2156
[  2%]   step 2157
[  2%]   step 2158
[  2%]   step 2159
[  2%]   step 2160
[  2%]   step 2161
[  2%]   step 2162
[  2%]   step 2163
[  2%]   step 2164
[  2%]   step 2165
[  2%]   step 2166
[  2%]   step 2167
[  2%]   step 2168
[  2%]   step 2169
[  2%]   step 2170
[  2%]   step 2171
[  2%]   step 2172
[  2%]   step 2173
[  2%]   step 2174
[  2%]   step 2175
[  2%]   step 2176
+SWASH is processing output request    1
+SWASH is processing output request    2
[  2%]   step 2177
[  2%]   step 2178
[  2%]   step 2179
[  2%]   step 2180
[  2%]   step 2181
[  2%]   step 2182
[  2%]   step 2183
[  2%]   step 2184
[  2%]   step 2185
[  2%]   step 2186
[  2%]   step 2187
[  2%]   step 2188
[  2%]   step 2189
[  2%]   step 2190
[  2%]   step 2191
[  2%]   step 2192
[  2%]   step 2193
[  2%]   step 2194
[  2%]   step 2195
[  2%]   step 2196
[  2%]   step 2197
[  2%]   step 2198
[  2%]   step 2199
[  2%]   step 2200
[  2%]   step 2201
[  2%]   step 2202
[  2%]   step 2203
[  2%]   step 2204
[  2%]   step 2205
[  2%]   step 2206
[  2%]   step 2207
[  2%]   step 2208
[  2%]   step 2209
[  2%]   step 2210
[  2%]   step 2211
[  2%]   step 2212
[  2%]   step 2213
[  2%]   step 2214
[  2%]   step 2215
[  2%]   step 2216
[  2%]   step 2217
[  2%]   step 2218
[  2%]   step 2219
[  2%]   step 2220
[  2%]   step 2221
[  2%]   step 2222
[  2%]   step 2223
[  2%]   step 2224
[  2%]   step 2225
[  2%]   step 2226
[  2%]   step 2227
[  2%]   step 2228
[  2%]   step 2229
[  2%]   step 2230
[  2%]   step 2231
[  2%]   step 2232
[  3%]   step 2233
[  3%]   step 2234
[  3%]   step 2235
[  3%]   step 2236
[  3%]   step 2237
[  3%]   step 2238
[  3%]   step 2239
[  3%]   step 2240
[  3%]   step 2241
[  3%]   step 2242
[  3%]   step 2243
[  3%]   step 2244
[  3%]   step 2245
[  3%]   step 2246
[  3%]   step 2247
[  3%]   step 2248
[  3%]   step 2249
[  3%]   step 2250
[  3%]   step 2251
[  3%]   step 2252
[  3%]   step 2253
[  3%]   step 2254
[  3%]   step 2255
[  3%]   step 2256
[  3%]   step 2257
[  3%]   step 2258
[  3%]   step 2259
[  3%]   step 2260
[  3%]   step 2261
[  3%]   step 2262
[  3%]   step 2263
[  3%]   step 2264
[  3%]   step 2265
[  3%]   step 2266
[  3%]   step 2267
[  3%]   step 2268
[  3%]   step 2269
[  3%]   step 2270
[  3%]   step 2271
[  3%]   step 2272
[  3%]   step 2273
[  3%]   step 2274
[  3%]   step 2275
[  3%]   step 2276
[  3%]   step 2277
[  3%]   step 2278
[  3%]   step 2279
[  3%]   step 2280
[  3%]   step 2281
[  3%]   step 2282
[  3%]   step 2283
[  3%]   step 2284
[  3%]   step 2285
[  3%]   step 2286
[  3%]   step 2287
[  3%]   step 2288
[  3%]   step 2289
[  3%]   step 2290
+SWASH is processing output request    1
+SWASH is processing output request    2
[  3%]   step 2291
[  3%]   step 2292
[  3%]   step 2293
[  3%]   step 2294
[  3%]   step 2295
[  3%]   step 2296
[  3%]   step 2297
[  3%]   step 2298
[  3%]   step 2299
[  3%]   step 2300
[  3%]   step 2301
[  3%]   step 2302
[  3%]   step 2303
[  3%]   step 2304
[  3%]   step 2305
[  3%]   step 2306
[  3%]   step 2307
[  3%]   step 2308
[  3%]   step 2309
[  3%]   step 2310
[  3%]   step 2311
[  3%]   step 2312
[  3%]   step 2313
[  3%]   step 2314
[  3%]   step 2315
[  3%]   step 2316
[  3%]   step 2317
[  3%]   step 2318
[  3%]   step 2319
[  3%]   step 2320
[  3%]   step 2321
[  3%]   step 2322
[  3%]   step 2323
[  3%]   step 2324
[  3%]   step 2325
[  3%]   step 2326
[  3%]   step 2327
[  3%]   step 2328
[  3%]   step 2329
[  3%]   step 2330
[  3%]   step 2331
[  3%]   step 2332
[  3%]   step 2333
[  3%]   step 2334
[  3%]   step 2335
[  3%]   step 2336
[  3%]   step 2337
[  3%]   step 2338
[  3%]   step 2339
[  3%]   step 2340
[  3%]   step 2341
[  3%]   step 2342
[  3%]   step 2343
[  3%]   step 2344
[  3%]   step 2345
[  3%]   step 2346
[  3%]   step 2347
[  3%]   step 2348
[  3%]   step 2349
[  3%]   step 2350
[  3%]   step 2351
[  3%]   step 2352
[  3%]   step 2353
[  3%]   step 2354
[  3%]   step 2355
[  3%]   step 2356
[  3%]   step 2357
[  3%]   step 2358
[  3%]   step 2359
[  3%]   step 2360
[  3%]   step 2361
[  3%]   step 2362
[  3%]   step 2363
[  3%]   step 2364
[  3%]   step 2365
[  3%]   step 2366
[  3%]   step 2367
[  3%]   step 2368
[  3%]   step 2369
[  3%]   step 2370
[  3%]   step 2371
[  3%]   step 2372
[  3%]   step 2373
[  3%]   step 2374
[  3%]   step 2375
[  3%]   step 2376
[  3%]   step 2377
[  3%]   step 2378
[  3%]   step 2379
[  3%]   step 2380
[  3%]   step 2381
[  3%]   step 2382
[  3%]   step 2383
[  3%]   step 2384
[  3%]   step 2385
[  3%]   step 2386
[  3%]   step 2387
[  3%]   step 2388
[  3%]   step 2389
[  3%]   step 2390
[  3%]   step 2391
[  3%]   step 2392
[  3%]   step 2393
[  3%]   step 2394
[  3%]   step 2395
[  3%]   step 2396
[  3%]   step 2397
[  3%]   step 2398
[  3%]   step 2399
[  3%]   step 2400
[  3%]   step 2401
[  3%]   step 2402
[  3%]   step 2403
[  3%]   step 2404
[  3%]   step 2405
+SWASH is processing output request    1
+SWASH is processing output request    2
[  3%]   step 2406
[  3%]   step 2407
[  3%]   step 2408
[  3%]   step 2409
[  3%]   step 2410
[  3%]   step 2411
[  3%]   step 2412
[  3%]   step 2413
[  3%]   step 2414
[  3%]   step 2415
[  3%]   step 2416
[  3%]   step 2417
[  3%]   step 2418
[  3%]   step 2419
[  3%]   step 2420
[  3%]   step 2421
[  3%]   step 2422
[  3%]   step 2423
[  3%]   step 2424
[  3%]   step 2425
[  3%]   step 2426
[  3%]   step 2427
[  3%]   step 2428
[  3%]   step 2429
[  3%]   step 2430
[  3%]   step 2431
[  3%]   step 2432
[  3%]   step 2433
[  3%]   step 2434
[  3%]   step 2435
[  3%]   step 2436
[  3%]   step 2437
[  3%]   step 2438
[  3%]   step 2439
[  3%]   step 2440
[  3%]   step 2441
[  3%]   step 2442
[  3%]   step 2443
[  3%]   step 2444
[  3%]   step 2445
[  3%]   step 2446
[  3%]   step 2447
[  3%]   step 2448
[  3%]   step 2449
[  3%]   step 2450
[  3%]   step 2451
[  3%]   step 2452
[  3%]   step 2453
[  3%]   step 2454
[  3%]   step 2455
[  3%]   step 2456
[  3%]   step 2457
[  3%]   step 2458
[  3%]   step 2459
[  3%]   step 2460
[  3%]   step 2461
[  3%]   step 2462
[  3%]   step 2463
[  3%]   step 2464
[  3%]   step 2465
[  3%]   step 2466
[  3%]   step 2467
[  3%]   step 2468
[  3%]   step 2469
[  3%]   step 2470
[  3%]   step 2471
[  3%]   step 2472
[  3%]   step 2473
[  3%]   step 2474
[  3%]   step 2475
[  3%]   step 2476
[  3%]   step 2477
[  3%]   step 2478
[  3%]   step 2479
[  3%]   step 2480
[  3%]   step 2481
[  3%]   step 2482
[  3%]   step 2483
[  3%]   step 2484
[  3%]   step 2485
[  3%]   step 2486
[  3%]   step 2487
[  3%]   step 2488
[  3%]   step 2489
[  3%]   step 2490
[  3%]   step 2491
[  3%]   step 2492
[  3%]   step 2493
[  3%]   step 2494
[  3%]   step 2495
[  3%]   step 2496
[  3%]   step 2497
[  3%]   step 2498
[  3%]   step 2499
[  3%]   step 2500
[  3%]   step 2501
[  3%]   step 2502
[  3%]   step 2503
[  3%]   step 2504
[  3%]   step 2505
[  3%]   step 2506
[  3%]   step 2507
[  3%]   step 2508
[  3%]   step 2509
[  3%]   step 2510
[  3%]   step 2511
[  3%]   step 2512
[  3%]   step 2513
[  3%]   step 2514
[  3%]   step 2515
[  3%]   step 2516
[  3%]   step 2517
[  3%]   step 2518
[  3%]   step 2519
+SWASH is processing output request    1
+SWASH is processing output request    2
[  3%]   step 2520
[  3%]   step 2521
[  3%]   step 2522
[  3%]   step 2523
[  3%]   step 2524
[  3%]   step 2525
[  3%]   step 2526
[  3%]   step 2527
[  3%]   step 2528
[  3%]   step 2529
[  3%]   step 2530
[  3%]   step 2531
[  3%]   step 2532
[  3%]   step 2533
[  3%]   step 2534
[  3%]   step 2535
[  3%]   step 2536
[  3%]   step 2537
[  3%]   step 2538
[  3%]   step 2539
[  3%]   step 2540
[  3%]   step 2541
[  3%]   step 2542
[  3%]   step 2543
[  3%]   step 2544
[  3%]   step 2545
[  3%]   step 2546
[  3%]   step 2547
[  3%]   step 2548
[  3%]   step 2549
[  3%]   step 2550
[  3%]   step 2551
[  3%]   step 2552
[  3%]   step 2553
[  3%]   step 2554
[  3%]   step 2555
[  3%]   step 2556
[  3%]   step 2557
[  3%]   step 2558
[  3%]   step 2559
[  3%]   step 2560
[  3%]   step 2561
[  3%]   step 2562
[  3%]   step 2563
[  3%]   step 2564
[  3%]   step 2565
[  3%]   step 2566
[  3%]   step 2567
[  3%]   step 2568
[  3%]   step 2569
[  3%]   step 2570
[  3%]   step 2571
[  3%]   step 2572
[  3%]   step 2573
[  3%]   step 2574
[  3%]   step 2575
[  3%]   step 2576
[  3%]   step 2577
[  3%]   step 2578
[  3%]   step 2579
[  3%]   step 2580
[  3%]   step 2581
[  3%]   step 2582
[  3%]   step 2583
[  3%]   step 2584
[  3%]   step 2585
[  3%]   step 2586
[  3%]   step 2587
[  3%]   step 2588
[  3%]   step 2589
[  3%]   step 2590
[  3%]   step 2591
[  3%]   step 2592
[  3%]   step 2593
[  3%]   step 2594
[  3%]   step 2595
[  3%]   step 2596
[  3%]   step 2597
[  3%]   step 2598
[  3%]   step 2599
[  3%]   step 2600
[  3%]   step 2601
[  3%]   step 2602
[  3%]   step 2603
[  3%]   step 2604
[  3%]   step 2605
[  3%]   step 2606
[  3%]   step 2607
[  3%]   step 2608
[  3%]   step 2609
[  3%]   step 2610
[  3%]   step 2611
[  3%]   step 2612
[  3%]   step 2613
[  3%]   step 2614
[  3%]   step 2615
[  3%]   step 2616
[  3%]   step 2617
[  3%]   step 2618
[  3%]   step 2619
[  3%]   step 2620
[  3%]   step 2621
[  3%]   step 2622
[  3%]   step 2623
[  3%]   step 2624
[  3%]   step 2625
[  3%]   step 2626
[  3%]   step 2627
[  3%]   step 2628
[  3%]   step 2629
[  3%]   step 2630
[  3%]   step 2631
[  3%]   step 2632
[  3%]   step 2633
[  3%]   step 2634
+SWASH is processing output request    1
+SWASH is processing output request    2
[  3%]   step 2635
[  3%]   step 2636
[  3%]   step 2637
[  3%]   step 2638
[  3%]   step 2639
[  3%]   step 2640
[  3%]   step 2641
[  3%]   step 2642
[  3%]   step 2643
[  3%]   step 2644
[  3%]   step 2645
[  3%]   step 2646
[  3%]   step 2647
[  3%]   step 2648
[  3%]   step 2649
[  3%]   step 2650
[  3%]   step 2651
[  3%]   step 2652
[  3%]   step 2653
[  3%]   step 2654
[  3%]   step 2655
[  3%]   step 2656
[  3%]   step 2657
[  3%]   step 2658
[  3%]   step 2659
[  3%]   step 2660
[  3%]   step 2661
[  3%]   step 2662
[  3%]   step 2663
[  3%]   step 2664
[  3%]   step 2665
[  3%]   step 2666
[  3%]   step 2667
[  3%]   step 2668
[  3%]   step 2669
[  3%]   step 2670
[  3%]   step 2671
[  3%]   step 2672
[  3%]   step 2673
[  3%]   step 2674
[  3%]   step 2675
[  3%]   step 2676
[  3%]   step 2677
[  3%]   step 2678
[  3%]   step 2679
[  3%]   step 2680
[  3%]   step 2681
[  3%]   step 2682
[  3%]   step 2683
[  3%]   step 2684
[  3%]   step 2685
[  3%]   step 2686
[  3%]   step 2687
[  3%]   step 2688
[  3%]   step 2689
[  3%]   step 2690
[  3%]   step 2691
[  3%]   step 2692
[  3%]   step 2693
[  3%]   step 2694
[  3%]   step 2695
[  3%]   step 2696
[  3%]   step 2697
[  3%]   step 2698
[  3%]   step 2699
[  3%]   step 2700
[  3%]   step 2701
[  3%]   step 2702
[  3%]   step 2703
[  3%]   step 2704
[  3%]   step 2705
[  3%]   step 2706
[  3%]   step 2707
[  3%]   step 2708
[  3%]   step 2709
[  3%]   step 2710
[  3%]   step 2711
[  3%]   step 2712
[  3%]   step 2713
[  3%]   step 2714
[  3%]   step 2715
[  3%]   step 2716
[  3%]   step 2717
[  3%]   step 2718
[  3%]   step 2719
[  3%]   step 2720
[  3%]   step 2721
[  3%]   step 2722
[  3%]   step 2723
[  3%]   step 2724
[  3%]   step 2725
[  3%]   step 2726
[  3%]   step 2727
[  3%]   step 2728
[  3%]   step 2729
[  3%]   step 2730
[  3%]   step 2731
[  3%]   step 2732
[  3%]   step 2733
[  3%]   step 2734
[  3%]   step 2735
[  3%]   step 2736
[  3%]   step 2737
[  3%]   step 2738
[  3%]   step 2739
[  3%]   step 2740
[  3%]   step 2741
[  3%]   step 2742
[  3%]   step 2743
[  3%]   step 2744
[  3%]   step 2745
[  3%]   step 2746
[  3%]   step 2747
[  3%]   step 2748
+SWASH is processing output request    1
+SWASH is processing output request    2
[  3%]   step 2749
[  3%]   step 2750
[  3%]   step 2751
[  3%]   step 2752
[  3%]   step 2753
[  3%]   step 2754
[  3%]   step 2755
[  3%]   step 2756
[  3%]   step 2757
[  3%]   step 2758
[  3%]   step 2759
[  3%]   step 2760
[  3%]   step 2761
[  3%]   step 2762
[  3%]   step 2763
[  3%]   step 2764
[  3%]   step 2765
[  3%]   step 2766
[  3%]   step 2767
[  3%]   step 2768
[  3%]   step 2769
[  3%]   step 2770
[  3%]   step 2771
[  3%]   step 2772
[  3%]   step 2773
[  3%]   step 2774
[  3%]   step 2775
[  3%]   step 2776
[  3%]   step 2777
[  3%]   step 2778
[  3%]   step 2779
[  3%]   step 2780
[  3%]   step 2781
[  3%]   step 2782
[  3%]   step 2783
[  3%]   step 2784
[  3%]   step 2785
[  3%]   step 2786
[  3%]   step 2787
[  3%]   step 2788
[  3%]   step 2789
[  3%]   step 2790
[  3%]   step 2791
[  3%]   step 2792
[  3%]   step 2793
[  3%]   step 2794
[  3%]   step 2795
[  3%]   step 2796
[  3%]   step 2797
[  3%]   step 2798
[  3%]   step 2799
[  3%]   step 2800
[  3%]   step 2801
[  3%]   step 2802
[  3%]   step 2803
[  3%]   step 2804
[  3%]   step 2805
[  3%]   step 2806
[  3%]   step 2807
[  3%]   step 2808
[  3%]   step 2809
[  3%]   step 2810
[  3%]   step 2811
[  3%]   step 2812
[  3%]   step 2813
[  3%]   step 2814
[  3%]   step 2815
[  3%]   step 2816
[  3%]   step 2817
[  3%]   step 2818
[  3%]   step 2819
[  3%]   step 2820
[  3%]   step 2821
[  3%]   step 2822
[  3%]   step 2823
[  3%]   step 2824
[  3%]   step 2825
[  3%]   step 2826
[  3%]   step 2827
[  3%]   step 2828
[  3%]   step 2829
[  3%]   step 2830
[  3%]   step 2831
[  3%]   step 2832
[  3%]   step 2833
[  3%]   step 2834
[  3%]   step 2835
[  3%]   step 2836
[  3%]   step 2837
[  3%]   step 2838
[  3%]   step 2839
[  3%]   step 2840
[  3%]   step 2841
[  3%]   step 2842
[  3%]   step 2843
[  3%]   step 2844
[  3%]   step 2845
[  3%]   step 2846
[  3%]   step 2847
[  3%]   step 2848
[  3%]   step 2849
[  3%]   step 2850
[  3%]   step 2851
[  3%]   step 2852
[  3%]   step 2853
[  3%]   step 2854
[  3%]   step 2855
[  3%]   step 2856
[  3%]   step 2857
[  3%]   step 2858
[  3%]   step 2859
[  3%]   step 2860
[  3%]   step 2861
[  3%]   step 2862
[  3%]   step 2863
+SWASH is processing output request    1
+SWASH is processing output request    2
[  3%]   step 2864
[  3%]   step 2865
[  3%]   step 2866
[  3%]   step 2867
[  3%]   step 2868
[  3%]   step 2869
[  3%]   step 2870
[  3%]   step 2871
[  3%]   step 2872
[  3%]   step 2873
[  3%]   step 2874
[  3%]   step 2875
[  3%]   step 2876
[  3%]   step 2877
[  3%]   step 2878
[  3%]   step 2879
[  3%]   step 2880
[  3%]   step 2881
[  3%]   step 2882
[  3%]   step 2883
[  3%]   step 2884
[  3%]   step 2885
[  3%]   step 2886
[  3%]   step 2887
[  3%]   step 2888
[  3%]   step 2889
[  3%]   step 2890
[  3%]   step 2891
[  3%]   step 2892
[  3%]   step 2893
[  3%]   step 2894
[  3%]   step 2895
[  3%]   step 2896
[  3%]   step 2897
[  3%]   step 2898
[  3%]   step 2899
[  3%]   step 2900
[  3%]   step 2901
[  3%]   step 2902
[  3%]   step 2903
[  3%]   step 2904
[  3%]   step 2905
[  3%]   step 2906
[  3%]   step 2907
[  3%]   step 2908
[  3%]   step 2909
[  3%]   step 2910
[  3%]   step 2911
[  3%]   step 2912
[  3%]   step 2913
[  3%]   step 2914
[  3%]   step 2915
[  3%]   step 2916
[  3%]   step 2917
[  3%]   step 2918
[  3%]   step 2919
[  3%]   step 2920
[  3%]   step 2921
[  3%]   step 2922
[  3%]   step 2923
[  3%]   step 2924
[  3%]   step 2925
[  3%]   step 2926
[  3%]   step 2927
[  3%]   step 2928
[  3%]   step 2929
[  3%]   step 2930
[  3%]   step 2931
[  3%]   step 2932
[  3%]   step 2933
[  3%]   step 2934
[  3%]   step 2935
[  3%]   step 2936
[  3%]   step 2937
[  3%]   step 2938
[  3%]   step 2939
[  3%]   step 2940
[  3%]   step 2941
[  3%]   step 2942
[  3%]   step 2943
[  3%]   step 2944
[  3%]   step 2945
[  3%]   step 2946
[  3%]   step 2947
[  3%]   step 2948
[  3%]   step 2949
[  3%]   step 2950
[  3%]   step 2951
[  3%]   step 2952
[  3%]   step 2953
[  3%]   step 2954
[  3%]   step 2955
[  3%]   step 2956
[  3%]   step 2957
[  3%]   step 2958
[  3%]   step 2959
[  3%]   step 2960
[  3%]   step 2961
[  3%]   step 2962
[  3%]   step 2963
[  3%]   step 2964
[  3%]   step 2965
[  3%]   step 2966
[  3%]   step 2967
[  3%]   step 2968
[  3%]   step 2969
[  3%]   step 2970
[  3%]   step 2971
[  3%]   step 2972
[  3%]   step 2973
[  3%]   step 2974
[  3%]   step 2975
[  3%]   step 2976
[  3%]   step 2977
+SWASH is processing output request    1
+SWASH is processing output request    2
[  3%]   step 2978
[  3%]   step 2979
[  3%]   step 2980
[  3%]   step 2981
[  3%]   step 2982
[  3%]   step 2983
[  3%]   step 2984
[  3%]   step 2985
[  3%]   step 2986
[  3%]   step 2987
[  3%]   step 2988
[  3%]   step 2989
[  3%]   step 2990
[  3%]   step 2991
[  3%]   step 2992
[  3%]   step 2993
[  3%]   step 2994
[  3%]   step 2995
[  3%]   step 2996
[  3%]   step 2997
[  3%]   step 2998
[  3%]   step 2999
[  3%]   step 3000
[  3%]   step 3001
[  3%]   step 3002
[  3%]   step 3003
[  3%]   step 3004
[  3%]   step 3005
[  3%]   step 3006
[  3%]   step 3007
[  3%]   step 3008
[  3%]   step 3009
[  3%]   step 3010
[  3%]   step 3011
[  3%]   step 3012
[  3%]   step 3013
[  3%]   step 3014
[  3%]   step 3015
[  3%]   step 3016
[  3%]   step 3017
[  3%]   step 3018
[  3%]   step 3019
[  3%]   step 3020
[  3%]   step 3021
[  3%]   step 3022
[  3%]   step 3023
[  3%]   step 3024
[  3%]   step 3025
[  3%]   step 3026
[  3%]   step 3027
[  3%]   step 3028
[  3%]   step 3029
[  3%]   step 3030
[  3%]   step 3031
[  3%]   step 3032
[  3%]   step 3033
[  3%]   step 3034
[  3%]   step 3035
[  3%]   step 3036
[  3%]   step 3037
[  3%]   step 3038
[  3%]   step 3039
[  3%]   step 3040
[  3%]   step 3041
[  3%]   step 3042
[  3%]   step 3043
[  3%]   step 3044
[  3%]   step 3045
[  3%]   step 3046
[  3%]   step 3047
[  3%]   step 3048
[  3%]   step 3049
[  3%]   step 3050
[  3%]   step 3051
[  3%]   step 3052
[  3%]   step 3053
[  3%]   step 3054
[  3%]   step 3055
[  3%]   step 3056
[  3%]   step 3057
[  3%]   step 3058
[  3%]   step 3059
[  3%]   step 3060
[  3%]   step 3061
[  3%]   step 3062
[  3%]   step 3063
[  3%]   step 3064
[  3%]   step 3065
[  3%]   step 3066
[  3%]   step 3067
[  3%]   step 3068
[  3%]   step 3069
[  3%]   step 3070
[  3%]   step 3071
[  3%]   step 3072
[  3%]   step 3073
[  3%]   step 3074
[  3%]   step 3075
[  3%]   step 3076
[  3%]   step 3077
[  3%]   step 3078
[  3%]   step 3079
[  3%]   step 3080
[  3%]   step 3081
[  3%]   step 3082
[  3%]   step 3083
[  3%]   step 3084
[  3%]   step 3085
[  3%]   step 3086
[  3%]   step 3087
[  3%]   step 3088
[  3%]   step 3089
[  3%]   step 3090
[  3%]   step 3091
[  3%]   step 3092
+SWASH is processing output request    1
+SWASH is processing output request    2
[  3%]   step 3093
[  3%]   step 3094
[  3%]   step 3095
[  3%]   step 3096
[  3%]   step 3097
[  3%]   step 3098
[  3%]   step 3099
[  3%]   step 3100
[  3%]   step 3101
[  3%]   step 3102
[  3%]   step 3103
[  3%]   step 3104
[  3%]   step 3105
[  3%]   step 3106
[  3%]   step 3107
[  3%]   step 3108
[  3%]   step 3109
[  3%]   step 3110
[  3%]   step 3111
[  3%]   step 3112
[  3%]   step 3113
[  3%]   step 3114
[  3%]   step 3115
[  3%]   step 3116
[  3%]   step 3117
[  3%]   step 3118
[  3%]   step 3119
[  3%]   step 3120
[  3%]   step 3121
[  3%]   step 3122
[  3%]   step 3123
[  3%]   step 3124
[  3%]   step 3125
[  4%]   step 3126
[  4%]   step 3127
[  4%]   step 3128
[  4%]   step 3129
[  4%]   step 3130
[  4%]   step 3131
[  4%]   step 3132
[  4%]   step 3133
[  4%]   step 3134
[  4%]   step 3135
[  4%]   step 3136
[  4%]   step 3137
[  4%]   step 3138
[  4%]   step 3139
[  4%]   step 3140
[  4%]   step 3141
[  4%]   step 3142
[  4%]   step 3143
[  4%]   step 3144
[  4%]   step 3145
[  4%]   step 3146
[  4%]   step 3147
[  4%]   step 3148
[  4%]   step 3149
[  4%]   step 3150
[  4%]   step 3151
[  4%]   step 3152
[  4%]   step 3153
[  4%]   step 3154
[  4%]   step 3155
[  4%]   step 3156
[  4%]   step 3157
[  4%]   step 3158
[  4%]   step 3159
[  4%]   step 3160
[  4%]   step 3161
[  4%]   step 3162
[  4%]   step 3163
[  4%]   step 3164
[  4%]   step 3165
[  4%]   step 3166
[  4%]   step 3167
[  4%]   step 3168
[  4%]   step 3169
[  4%]   step 3170
[  4%]   step 3171
[  4%]   step 3172
[  4%]   step 3173
[  4%]   step 3174
[  4%]   step 3175
[  4%]   step 3176
[  4%]   step 3177
[  4%]   step 3178
[  4%]   step 3179
[  4%]   step 3180
[  4%]   step 3181
[  4%]   step 3182
[  4%]   step 3183
[  4%]   step 3184
[  4%]   step 3185
[  4%]   step 3186
[  4%]   step 3187
[  4%]   step 3188
[  4%]   step 3189
[  4%]   step 3190
[  4%]   step 3191
[  4%]   step 3192
[  4%]   step 3193
[  4%]   step 3194
[  4%]   step 3195
[  4%]   step 3196
[  4%]   step 3197
[  4%]   step 3198
[  4%]   step 3199
[  4%]   step 3200
[  4%]   step 3201
[  4%]   step 3202
[  4%]   step 3203
[  4%]   step 3204
[  4%]   step 3205
[  4%]   step 3206
+SWASH is processing output request    1
+SWASH is processing output request    2
[  4%]   step 3207
[  4%]   step 3208
[  4%]   step 3209
[  4%]   step 3210
[  4%]   step 3211
[  4%]   step 3212
[  4%]   step 3213
[  4%]   step 3214
[  4%]   step 3215
[  4%]   step 3216
[  4%]   step 3217
[  4%]   step 3218
[  4%]   step 3219
[  4%]   step 3220
[  4%]   step 3221
[  4%]   step 3222
[  4%]   step 3223
[  4%]   step 3224
[  4%]   step 3225
[  4%]   step 3226
[  4%]   step 3227
[  4%]   step 3228
[  4%]   step 3229
[  4%]   step 3230
[  4%]   step 3231
[  4%]   step 3232
[  4%]   step 3233
[  4%]   step 3234
[  4%]   step 3235
[  4%]   step 3236
[  4%]   step 3237
[  4%]   step 3238
[  4%]   step 3239
[  4%]   step 3240
[  4%]   step 3241
[  4%]   step 3242
[  4%]   step 3243
[  4%]   step 3244
[  4%]   step 3245
[  4%]   step 3246
[  4%]   step 3247
[  4%]   step 3248
[  4%]   step 3249
[  4%]   step 3250
[  4%]   step 3251
[  4%]   step 3252
[  4%]   step 3253
[  4%]   step 3254
[  4%]   step 3255
[  4%]   step 3256
[  4%]   step 3257
[  4%]   step 3258
[  4%]   step 3259
[  4%]   step 3260
[  4%]   step 3261
[  4%]   step 3262
[  4%]   step 3263
[  4%]   step 3264
[  4%]   step 3265
[  4%]   step 3266
[  4%]   step 3267
[  4%]   step 3268
[  4%]   step 3269
[  4%]   step 3270
[  4%]   step 3271
[  4%]   step 3272
[  4%]   step 3273
[  4%]   step 3274
[  4%]   step 3275
[  4%]   step 3276
[  4%]   step 3277
[  4%]   step 3278
[  4%]   step 3279
[  4%]   step 3280
[  4%]   step 3281
[  4%]   step 3282
[  4%]   step 3283
[  4%]   step 3284
[  4%]   step 3285
[  4%]   step 3286
[  4%]   step 3287
[  4%]   step 3288
[  4%]   step 3289
[  4%]   step 3290
[  4%]   step 3291
[  4%]   step 3292
[  4%]   step 3293
[  4%]   step 3294
[  4%]   step 3295
[  4%]   step 3296
[  4%]   step 3297
[  4%]   step 3298
[  4%]   step 3299
[  4%]   step 3300
[  4%]   step 3301
[  4%]   step 3302
[  4%]   step 3303
[  4%]   step 3304
[  4%]   step 3305
[  4%]   step 3306
[  4%]   step 3307
[  4%]   step 3308
[  4%]   step 3309
[  4%]   step 3310
[  4%]   step 3311
[  4%]   step 3312
[  4%]   step 3313
[  4%]   step 3314
[  4%]   step 3315
[  4%]   step 3316
[  4%]   step 3317
[  4%]   step 3318
[  4%]   step 3319
[  4%]   step 3320
[  4%]   step 3321
+SWASH is processing output request    1
+SWASH is processing output request    2
[  4%]   step 3322
[  4%]   step 3323
[  4%]   step 3324
[  4%]   step 3325
[  4%]   step 3326
[  4%]   step 3327
[  4%]   step 3328
[  4%]   step 3329
[  4%]   step 3330
[  4%]   step 3331
[  4%]   step 3332
[  4%]   step 3333
[  4%]   step 3334
[  4%]   step 3335
[  4%]   step 3336
[  4%]   step 3337
[  4%]   step 3338
[  4%]   step 3339
[  4%]   step 3340
[  4%]   step 3341
[  4%]   step 3342
[  4%]   step 3343
[  4%]   step 3344
[  4%]   step 3345
[  4%]   step 3346
[  4%]   step 3347
[  4%]   step 3348
[  4%]   step 3349
[  4%]   step 3350
[  4%]   step 3351
[  4%]   step 3352
[  4%]   step 3353
[  4%]   step 3354
[  4%]   step 3355
[  4%]   step 3356
[  4%]   step 3357
[  4%]   step 3358
[  4%]   step 3359
[  4%]   step 3360
[  4%]   step 3361
[  4%]   step 3362
[  4%]   step 3363
[  4%]   step 3364
[  4%]   step 3365
[  4%]   step 3366
[  4%]   step 3367
[  4%]   step 3368
[  4%]   step 3369
[  4%]   step 3370
[  4%]   step 3371
[  4%]   step 3372
[  4%]   step 3373
[  4%]   step 3374
[  4%]   step 3375
[  4%]   step 3376
[  4%]   step 3377
[  4%]   step 3378
[  4%]   step 3379
[  4%]   step 3380
[  4%]   step 3381
[  4%]   step 3382
[  4%]   step 3383
[  4%]   step 3384
[  4%]   step 3385
[  4%]   step 3386
[  4%]   step 3387
[  4%]   step 3388
[  4%]   step 3389
[  4%]   step 3390
[  4%]   step 3391
[  4%]   step 3392
[  4%]   step 3393
[  4%]   step 3394
[  4%]   step 3395
[  4%]   step 3396
[  4%]   step 3397
[  4%]   step 3398
[  4%]   step 3399
[  4%]   step 3400
[  4%]   step 3401
[  4%]   step 3402
[  4%]   step 3403
[  4%]   step 3404
[  4%]   step 3405
[  4%]   step 3406
[  4%]   step 3407
[  4%]   step 3408
[  4%]   step 3409
[  4%]   step 3410
[  4%]   step 3411
[  4%]   step 3412
[  4%]   step 3413
[  4%]   step 3414
[  4%]   step 3415
[  4%]   step 3416
[  4%]   step 3417
[  4%]   step 3418
[  4%]   step 3419
[  4%]   step 3420
[  4%]   step 3421
[  4%]   step 3422
[  4%]   step 3423
[  4%]   step 3424
[  4%]   step 3425
[  4%]   step 3426
[  4%]   step 3427
[  4%]   step 3428
[  4%]   step 3429
[  4%]   step 3430
[  4%]   step 3431
[  4%]   step 3432
[  4%]   step 3433
[  4%]   step 3434
[  4%]   step 3435
+SWASH is processing output request    1
+SWASH is processing output request    2
[  4%]   step 3436
[  4%]   step 3437
[  4%]   step 3438
[  4%]   step 3439
[  4%]   step 3440
[  4%]   step 3441
[  4%]   step 3442
[  4%]   step 3443
[  4%]   step 3444
[  4%]   step 3445
[  4%]   step 3446
[  4%]   step 3447
[  4%]   step 3448
[  4%]   step 3449
[  4%]   step 3450
[  4%]   step 3451
[  4%]   step 3452
[  4%]   step 3453
[  4%]   step 3454
[  4%]   step 3455
[  4%]   step 3456
[  4%]   step 3457
[  4%]   step 3458
[  4%]   step 3459
[  4%]   step 3460
[  4%]   step 3461
[  4%]   step 3462
[  4%]   step 3463
[  4%]   step 3464
[  4%]   step 3465
[  4%]   step 3466
[  4%]   step 3467
[  4%]   step 3468
[  4%]   step 3469
[  4%]   step 3470
[  4%]   step 3471
[  4%]   step 3472
[  4%]   step 3473
[  4%]   step 3474
[  4%]   step 3475
[  4%]   step 3476
[  4%]   step 3477
[  4%]   step 3478
[  4%]   step 3479
[  4%]   step 3480
[  4%]   step 3481
[  4%]   step 3482
[  4%]   step 3483
[  4%]   step 3484
[  4%]   step 3485
[  4%]   step 3486
[  4%]   step 3487
[  4%]   step 3488
[  4%]   step 3489
[  4%]   step 3490
[  4%]   step 3491
[  4%]   step 3492
[  4%]   step 3493
[  4%]   step 3494
[  4%]   step 3495
[  4%]   step 3496
[  4%]   step 3497
[  4%]   step 3498
[  4%]   step 3499
[  4%]   step 3500
[  4%]   step 3501
[  4%]   step 3502
[  4%]   step 3503
[  4%]   step 3504
[  4%]   step 3505
[  4%]   step 3506
[  4%]   step 3507
[  4%]   step 3508
[  4%]   step 3509
[  4%]   step 3510
[  4%]   step 3511
[  4%]   step 3512
[  4%]   step 3513
[  4%]   step 3514
[  4%]   step 3515
[  4%]   step 3516
[  4%]   step 3517
[  4%]   step 3518
[  4%]   step 3519
[  4%]   step 3520
[  4%]   step 3521
[  4%]   step 3522
[  4%]   step 3523
[  4%]   step 3524
[  4%]   step 3525
[  4%]   step 3526
[  4%]   step 3527
[  4%]   step 3528
[  4%]   step 3529
[  4%]   step 3530
[  4%]   step 3531
[  4%]   step 3532
[  4%]   step 3533
[  4%]   step 3534
[  4%]   step 3535
[  4%]   step 3536
[  4%]   step 3537
[  4%]   step 3538
[  4%]   step 3539
[  4%]   step 3540
[  4%]   step 3541
[  4%]   step 3542
[  4%]   step 3543
[  4%]   step 3544
[  4%]   step 3545
[  4%]   step 3546
[  4%]   step 3547
[  4%]   step 3548
[  4%]   step 3549
[  4%]   step 3550
+SWASH is processing output request    1
+SWASH is processing output request    2
[  4%]   step 3551
[  4%]   step 3552
[  4%]   step 3553
[  4%]   step 3554
[  4%]   step 3555
[  4%]   step 3556
[  4%]   step 3557
[  4%]   step 3558
[  4%]   step 3559
[  4%]   step 3560
[  4%]   step 3561
[  4%]   step 3562
[  4%]   step 3563
[  4%]   step 3564
[  4%]   step 3565
[  4%]   step 3566
[  4%]   step 3567
[  4%]   step 3568
[  4%]   step 3569
[  4%]   step 3570
[  4%]   step 3571
[  4%]   step 3572
[  4%]   step 3573
[  4%]   step 3574
[  4%]   step 3575
[  4%]   step 3576
[  4%]   step 3577
[  4%]   step 3578
[  4%]   step 3579
[  4%]   step 3580
[  4%]   step 3581
[  4%]   step 3582
[  4%]   step 3583
[  4%]   step 3584
[  4%]   step 3585
[  4%]   step 3586
[  4%]   step 3587
[  4%]   step 3588
[  4%]   step 3589
[  4%]   step 3590
[  4%]   step 3591
[  4%]   step 3592
[  4%]   step 3593
[  4%]   step 3594
[  4%]   step 3595
[  4%]   step 3596
[  4%]   step 3597
[  4%]   step 3598
[  4%]   step 3599
[  4%]   step 3600
[  4%]   step 3601
[  4%]   step 3602
[  4%]   step 3603
[  4%]   step 3604
[  4%]   step 3605
[  4%]   step 3606
[  4%]   step 3607
[  4%]   step 3608
[  4%]   step 3609
[  4%]   step 3610
[  4%]   step 3611
[  4%]   step 3612
[  4%]   step 3613
[  4%]   step 3614
[  4%]   step 3615
[  4%]   step 3616
[  4%]   step 3617
[  4%]   step 3618
[  4%]   step 3619
[  4%]   step 3620
[  4%]   step 3621
[  4%]   step 3622
[  4%]   step 3623
[  4%]   step 3624
[  4%]   step 3625
[  4%]   step 3626
[  4%]   step 3627
[  4%]   step 3628
[  4%]   step 3629
[  4%]   step 3630
[  4%]   step 3631
[  4%]   step 3632
[  4%]   step 3633
[  4%]   step 3634
[  4%]   step 3635
[  4%]   step 3636
[  4%]   step 3637
[  4%]   step 3638
[  4%]   step 3639
[  4%]   step 3640
[  4%]   step 3641
[  4%]   step 3642
[  4%]   step 3643
[  4%]   step 3644
[  4%]   step 3645
[  4%]   step 3646
[  4%]   step 3647
[  4%]   step 3648
[  4%]   step 3649
[  4%]   step 3650
[  4%]   step 3651
[  4%]   step 3652
[  4%]   step 3653
[  4%]   step 3654
[  4%]   step 3655
[  4%]   step 3656
[  4%]   step 3657
[  4%]   step 3658
[  4%]   step 3659
[  4%]   step 3660
[  4%]   step 3661
[  4%]   step 3662
[  4%]   step 3663
[  4%]   step 3664
+SWASH is processing output request    1
+SWASH is processing output request    2
[  4%]   step 3665
[  4%]   step 3666
[  4%]   step 3667
[  4%]   step 3668
[  4%]   step 3669
[  4%]   step 3670
[  4%]   step 3671
[  4%]   step 3672
[  4%]   step 3673
[  4%]   step 3674
[  4%]   step 3675
[  4%]   step 3676
[  4%]   step 3677
[  4%]   step 3678
[  4%]   step 3679
[  4%]   step 3680
[  4%]   step 3681
[  4%]   step 3682
[  4%]   step 3683
[  4%]   step 3684
[  4%]   step 3685
[  4%]   step 3686
[  4%]   step 3687
[  4%]   step 3688
[  4%]   step 3689
[  4%]   step 3690
[  4%]   step 3691
[  4%]   step 3692
[  4%]   step 3693
[  4%]   step 3694
[  4%]   step 3695
[  4%]   step 3696
[  4%]   step 3697
[  4%]   step 3698
[  4%]   step 3699
[  4%]   step 3700
[  4%]   step 3701
[  4%]   step 3702
[  4%]   step 3703
[  4%]   step 3704
[  4%]   step 3705
[  4%]   step 3706
[  4%]   step 3707
[  4%]   step 3708
[  4%]   step 3709
[  4%]   step 3710
[  4%]   step 3711
[  4%]   step 3712
[  4%]   step 3713
[  4%]   step 3714
[  4%]   step 3715
[  4%]   step 3716
[  4%]   step 3717
[  4%]   step 3718
[  4%]   step 3719
[  4%]   step 3720
[  4%]   step 3721
[  4%]   step 3722
[  4%]   step 3723
[  4%]   step 3724
[  4%]   step 3725
[  4%]   step 3726
[  4%]   step 3727
[  4%]   step 3728
[  4%]   step 3729
[  4%]   step 3730
[  4%]   step 3731
[  4%]   step 3732
[  4%]   step 3733
[  4%]   step 3734
[  4%]   step 3735
[  4%]   step 3736
[  4%]   step 3737
[  4%]   step 3738
[  4%]   step 3739
[  4%]   step 3740
[  4%]   step 3741
[  4%]   step 3742
[  4%]   step 3743
[  4%]   step 3744
[  4%]   step 3745
[  4%]   step 3746
[  4%]   step 3747
[  4%]   step 3748
[  4%]   step 3749
[  4%]   step 3750
[  4%]   step 3751
[  4%]   step 3752
[  4%]   step 3753
[  4%]   step 3754
[  4%]   step 3755
[  4%]   step 3756
[  4%]   step 3757
[  4%]   step 3758
[  4%]   step 3759
[  4%]   step 3760
[  4%]   step 3761
[  4%]   step 3762
[  4%]   step 3763
[  4%]   step 3764
[  4%]   step 3765
[  4%]   step 3766
[  4%]   step 3767
[  4%]   step 3768
[  4%]   step 3769
[  4%]   step 3770
[  4%]   step 3771
[  4%]   step 3772
[  4%]   step 3773
[  4%]   step 3774
[  4%]   step 3775
[  4%]   step 3776
[  4%]   step 3777
[  4%]   step 3778
[  4%]   step 3779
+SWASH is processing output request    1
+SWASH is processing output request    2
[  4%]   step 3780
[  4%]   step 3781
[  4%]   step 3782
[  4%]   step 3783
[  4%]   step 3784
[  4%]   step 3785
[  4%]   step 3786
[  4%]   step 3787
[  4%]   step 3788
[  4%]   step 3789
[  4%]   step 3790
[  4%]   step 3791
[  4%]   step 3792
[  4%]   step 3793
[  4%]   step 3794
[  4%]   step 3795
[  4%]   step 3796
[  4%]   step 3797
[  4%]   step 3798
[  4%]   step 3799
[  4%]   step 3800
[  4%]   step 3801
[  4%]   step 3802
[  4%]   step 3803
[  4%]   step 3804
[  4%]   step 3805
[  4%]   step 3806
[  4%]   step 3807
[  4%]   step 3808
[  4%]   step 3809
[  4%]   step 3810
[  4%]   step 3811
[  4%]   step 3812
[  4%]   step 3813
[  4%]   step 3814
[  4%]   step 3815
[  4%]   step 3816
[  4%]   step 3817
[  4%]   step 3818
[  4%]   step 3819
[  4%]   step 3820
[  4%]   step 3821
[  4%]   step 3822
[  4%]   step 3823
[  4%]   step 3824
[  4%]   step 3825
[  4%]   step 3826
[  4%]   step 3827
[  4%]   step 3828
[  4%]   step 3829
[  4%]   step 3830
[  4%]   step 3831
[  4%]   step 3832
[  4%]   step 3833
[  4%]   step 3834
[  4%]   step 3835
[  4%]   step 3836
[  4%]   step 3837
[  4%]   step 3838
[  4%]   step 3839
[  4%]   step 3840
[  4%]   step 3841
[  4%]   step 3842
[  4%]   step 3843
[  4%]   step 3844
[  4%]   step 3845
[  4%]   step 3846
[  4%]   step 3847
[  4%]   step 3848
[  4%]   step 3849
[  4%]   step 3850
[  4%]   step 3851
[  4%]   step 3852
[  4%]   step 3853
[  4%]   step 3854
[  4%]   step 3855
[  4%]   step 3856
[  4%]   step 3857
[  4%]   step 3858
[  4%]   step 3859
[  4%]   step 3860
[  4%]   step 3861
[  4%]   step 3862
[  4%]   step 3863
[  4%]   step 3864
[  4%]   step 3865
[  4%]   step 3866
[  4%]   step 3867
[  4%]   step 3868
[  4%]   step 3869
[  4%]   step 3870
[  4%]   step 3871
[  4%]   step 3872
[  4%]   step 3873
[  4%]   step 3874
[  4%]   step 3875
[  4%]   step 3876
[  4%]   step 3877
[  4%]   step 3878
[  4%]   step 3879
[  4%]   step 3880
[  4%]   step 3881
[  4%]   step 3882
[  4%]   step 3883
[  4%]   step 3884
[  4%]   step 3885
[  4%]   step 3886
[  4%]   step 3887
[  4%]   step 3888
[  4%]   step 3889
[  4%]   step 3890
[  4%]   step 3891
[  4%]   step 3892
[  4%]   step 3893
+SWASH is processing output request    1
+SWASH is processing output request    2
[  4%]   step 3894
[  4%]   step 3895
[  4%]   step 3896
[  4%]   step 3897
[  4%]   step 3898
[  4%]   step 3899
[  4%]   step 3900
[  4%]   step 3901
[  4%]   step 3902
[  4%]   step 3903
[  4%]   step 3904
[  4%]   step 3905
[  4%]   step 3906
[  4%]   step 3907
[  4%]   step 3908
[  4%]   step 3909
[  4%]   step 3910
[  4%]   step 3911
[  4%]   step 3912
[  4%]   step 3913
[  4%]   step 3914
[  4%]   step 3915
[  4%]   step 3916
[  4%]   step 3917
[  4%]   step 3918
[  4%]   step 3919
[  4%]   step 3920
[  4%]   step 3921
[  4%]   step 3922
[  4%]   step 3923
[  4%]   step 3924
[  4%]   step 3925
[  4%]   step 3926
[  4%]   step 3927
[  4%]   step 3928
[  4%]   step 3929
[  4%]   step 3930
[  4%]   step 3931
[  4%]   step 3932
[  4%]   step 3933
[  4%]   step 3934
[  4%]   step 3935
[  4%]   step 3936
[  4%]   step 3937
[  4%]   step 3938
[  4%]   step 3939
[  4%]   step 3940
[  4%]   step 3941
[  4%]   step 3942
[  4%]   step 3943
[  4%]   step 3944
[  4%]   step 3945
[  4%]   step 3946
[  4%]   step 3947
[  4%]   step 3948
[  4%]   step 3949
[  4%]   step 3950
[  4%]   step 3951
[  4%]   step 3952
[  4%]   step 3953
[  4%]   step 3954
[  4%]   step 3955
[  4%]   step 3956
[  4%]   step 3957
[  4%]   step 3958
[  4%]   step 3959
[  4%]   step 3960
[  4%]   step 3961
[  4%]   step 3962
[  4%]   step 3963
[  4%]   step 3964
[  4%]   step 3965
[  4%]   step 3966
[  4%]   step 3967
[  4%]   step 3968
[  4%]   step 3969
[  4%]   step 3970
[  4%]   step 3971
[  4%]   step 3972
[  4%]   step 3973
[  4%]   step 3974
[  4%]   step 3975
[  4%]   step 3976
[  4%]   step 3977
[  4%]   step 3978
[  4%]   step 3979
[  4%]   step 3980
[  4%]   step 3981
[  4%]   step 3982
[  4%]   step 3983
[  4%]   step 3984
[  4%]   step 3985
[  4%]   step 3986
[  4%]   step 3987
[  4%]   step 3988
[  4%]   step 3989
[  4%]   step 3990
[  4%]   step 3991
[  4%]   step 3992
[  4%]   step 3993
[  4%]   step 3994
[  4%]   step 3995
[  4%]   step 3996
[  4%]   step 3997
[  4%]   step 3998
[  4%]   step 3999
[  4%]   step 4000
[  4%]   step 4001
[  4%]   step 4002
[  4%]   step 4003
[  4%]   step 4004
[  4%]   step 4005
[  4%]   step 4006
[  4%]   step 4007
[  4%]   step 4008
+SWASH is processing output request    1
+SWASH is processing output request    2
[  4%]   step 4009
[  4%]   step 4010
[  4%]   step 4011
[  4%]   step 4012
[  4%]   step 4013
[  4%]   step 4014
[  4%]   step 4015
[  4%]   step 4016
[  4%]   step 4017
[  4%]   step 4018
[  5%]   step 4019
[  5%]   step 4020
[  5%]   step 4021
[  5%]   step 4022
[  5%]   step 4023
[  5%]   step 4024
[  5%]   step 4025
[  5%]   step 4026
[  5%]   step 4027
[  5%]   step 4028
[  5%]   step 4029
[  5%]   step 4030
[  5%]   step 4031
[  5%]   step 4032
[  5%]   step 4033
[  5%]   step 4034
[  5%]   step 4035
[  5%]   step 4036
[  5%]   step 4037
[  5%]   step 4038
[  5%]   step 4039
[  5%]   step 4040
[  5%]   step 4041
[  5%]   step 4042
[  5%]   step 4043
[  5%]   step 4044
[  5%]   step 4045
[  5%]   step 4046
[  5%]   step 4047
[  5%]   step 4048
[  5%]   step 4049
[  5%]   step 4050
[  5%]   step 4051
[  5%]   step 4052
[  5%]   step 4053
[  5%]   step 4054
[  5%]   step 4055
[  5%]   step 4056
[  5%]   step 4057
[  5%]   step 4058
[  5%]   step 4059
[  5%]   step 4060
[  5%]   step 4061
[  5%]   step 4062
[  5%]   step 4063
[  5%]   step 4064
[  5%]   step 4065
[  5%]   step 4066
[  5%]   step 4067
[  5%]   step 4068
[  5%]   step 4069
[  5%]   step 4070
[  5%]   step 4071
[  5%]   step 4072
[  5%]   step 4073
[  5%]   step 4074
[  5%]   step 4075
[  5%]   step 4076
[  5%]   step 4077
[  5%]   step 4078
[  5%]   step 4079
[  5%]   step 4080
[  5%]   step 4081
[  5%]   step 4082
[  5%]   step 4083
[  5%]   step 4084
[  5%]   step 4085
[  5%]   step 4086
[  5%]   step 4087
[  5%]   step 4088
[  5%]   step 4089
[  5%]   step 4090
[  5%]   step 4091
[  5%]   step 4092
[  5%]   step 4093
[  5%]   step 4094
[  5%]   step 4095
[  5%]   step 4096
[  5%]   step 4097
[  5%]   step 4098
[  5%]   step 4099
[  5%]   step 4100
[  5%]   step 4101
[  5%]   step 4102
[  5%]   step 4103
[  5%]   step 4104
[  5%]   step 4105
[  5%]   step 4106
[  5%]   step 4107
[  5%]   step 4108
[  5%]   step 4109
[  5%]   step 4110
[  5%]   step 4111
[  5%]   step 4112
[  5%]   step 4113
[  5%]   step 4114
[  5%]   step 4115
[  5%]   step 4116
[  5%]   step 4117
[  5%]   step 4118
[  5%]   step 4119
[  5%]   step 4120
[  5%]   step 4121
[  5%]   step 4122
+SWASH is processing output request    1
+SWASH is processing output request    2
[  5%]   step 4123
[  5%]   step 4124
[  5%]   step 4125
[  5%]   step 4126
[  5%]   step 4127
[  5%]   step 4128
[  5%]   step 4129
[  5%]   step 4130
[  5%]   step 4131
[  5%]   step 4132
[  5%]   step 4133
[  5%]   step 4134
[  5%]   step 4135
[  5%]   step 4136
[  5%]   step 4137
[  5%]   step 4138
[  5%]   step 4139
[  5%]   step 4140
[  5%]   step 4141
[  5%]   step 4142
[  5%]   step 4143
[  5%]   step 4144
[  5%]   step 4145
[  5%]   step 4146
[  5%]   step 4147
[  5%]   step 4148
[  5%]   step 4149
[  5%]   step 4150
[  5%]   step 4151
[  5%]   step 4152
[  5%]   step 4153
[  5%]   step 4154
[  5%]   step 4155
[  5%]   step 4156
[  5%]   step 4157
[  5%]   step 4158
[  5%]   step 4159
[  5%]   step 4160
[  5%]   step 4161
[  5%]   step 4162
[  5%]   step 4163
[  5%]   step 4164
[  5%]   step 4165
[  5%]   step 4166
[  5%]   step 4167
[  5%]   step 4168
[  5%]   step 4169
[  5%]   step 4170
[  5%]   step 4171
[  5%]   step 4172
[  5%]   step 4173
[  5%]   step 4174
[  5%]   step 4175
[  5%]   step 4176
[  5%]   step 4177
[  5%]   step 4178
[  5%]   step 4179
[  5%]   step 4180
[  5%]   step 4181
[  5%]   step 4182
[  5%]   step 4183
[  5%]   step 4184
[  5%]   step 4185
[  5%]   step 4186
[  5%]   step 4187
[  5%]   step 4188
[  5%]   step 4189
[  5%]   step 4190
[  5%]   step 4191
[  5%]   step 4192
[  5%]   step 4193
[  5%]   step 4194
[  5%]   step 4195
[  5%]   step 4196
[  5%]   step 4197
[  5%]   step 4198
[  5%]   step 4199
[  5%]   step 4200
[  5%]   step 4201
[  5%]   step 4202
[  5%]   step 4203
[  5%]   step 4204
[  5%]   step 4205
[  5%]   step 4206
[  5%]   step 4207
[  5%]   step 4208
[  5%]   step 4209
[  5%]   step 4210
[  5%]   step 4211
[  5%]   step 4212
[  5%]   step 4213
[  5%]   step 4214
[  5%]   step 4215
[  5%]   step 4216
[  5%]   step 4217
[  5%]   step 4218
[  5%]   step 4219
[  5%]   step 4220
[  5%]   step 4221
[  5%]   step 4222
[  5%]   step 4223
[  5%]   step 4224
[  5%]   step 4225
[  5%]   step 4226
[  5%]   step 4227
[  5%]   step 4228
[  5%]   step 4229
[  5%]   step 4230
[  5%]   step 4231
[  5%]   step 4232
[  5%]   step 4233
[  5%]   step 4234
[  5%]   step 4235
[  5%]   step 4236
[  5%]   step 4237
+SWASH is processing output request    1
+SWASH is processing output request    2
[  5%]   step 4238
[  5%]   step 4239
[  5%]   step 4240
[  5%]   step 4241
[  5%]   step 4242
[  5%]   step 4243
[  5%]   step 4244
[  5%]   step 4245
[  5%]   step 4246
[  5%]   step 4247
[  5%]   step 4248
[  5%]   step 4249
[  5%]   step 4250
[  5%]   step 4251
[  5%]   step 4252
[  5%]   step 4253
[  5%]   step 4254
[  5%]   step 4255
[  5%]   step 4256
[  5%]   step 4257
[  5%]   step 4258
[  5%]   step 4259
[  5%]   step 4260
[  5%]   step 4261
[  5%]   step 4262
[  5%]   step 4263
[  5%]   step 4264
[  5%]   step 4265
[  5%]   step 4266
[  5%]   step 4267
[  5%]   step 4268
[  5%]   step 4269
[  5%]   step 4270
[  5%]   step 4271
[  5%]   step 4272
[  5%]   step 4273
[  5%]   step 4274
[  5%]   step 4275
[  5%]   step 4276
[  5%]   step 4277
[  5%]   step 4278
[  5%]   step 4279
[  5%]   step 4280
[  5%]   step 4281
[  5%]   step 4282
[  5%]   step 4283
[  5%]   step 4284
[  5%]   step 4285
[  5%]   step 4286
[  5%]   step 4287
[  5%]   step 4288
[  5%]   step 4289
[  5%]   step 4290
[  5%]   step 4291
[  5%]   step 4292
[  5%]   step 4293
[  5%]   step 4294
[  5%]   step 4295
[  5%]   step 4296
[  5%]   step 4297
[  5%]   step 4298
[  5%]   step 4299
[  5%]   step 4300
[  5%]   step 4301
[  5%]   step 4302
[  5%]   step 4303
[  5%]   step 4304
[  5%]   step 4305
[  5%]   step 4306
[  5%]   step 4307
[  5%]   step 4308
[  5%]   step 4309
[  5%]   step 4310
[  5%]   step 4311
[  5%]   step 4312
[  5%]   step 4313
[  5%]   step 4314
[  5%]   step 4315
[  5%]   step 4316
[  5%]   step 4317
[  5%]   step 4318
[  5%]   step 4319
[  5%]   step 4320
[  5%]   step 4321
[  5%]   step 4322
[  5%]   step 4323
[  5%]   step 4324
[  5%]   step 4325
[  5%]   step 4326
[  5%]   step 4327
[  5%]   step 4328
[  5%]   step 4329
[  5%]   step 4330
[  5%]   step 4331
[  5%]   step 4332
[  5%]   step 4333
[  5%]   step 4334
[  5%]   step 4335
[  5%]   step 4336
[  5%]   step 4337
[  5%]   step 4338
[  5%]   step 4339
[  5%]   step 4340
[  5%]   step 4341
[  5%]   step 4342
[  5%]   step 4343
[  5%]   step 4344
[  5%]   step 4345
[  5%]   step 4346
[  5%]   step 4347
[  5%]   step 4348
[  5%]   step 4349
[  5%]   step 4350
[  5%]   step 4351
+SWASH is processing output request    1
+SWASH is processing output request    2
[  5%]   step 4352
[  5%]   step 4353
[  5%]   step 4354
[  5%]   step 4355
[  5%]   step 4356
[  5%]   step 4357
[  5%]   step 4358
[  5%]   step 4359
[  5%]   step 4360
[  5%]   step 4361
[  5%]   step 4362
[  5%]   step 4363
[  5%]   step 4364
[  5%]   step 4365
[  5%]   step 4366
[  5%]   step 4367
[  5%]   step 4368
[  5%]   step 4369
[  5%]   step 4370
[  5%]   step 4371
[  5%]   step 4372
[  5%]   step 4373
[  5%]   step 4374
[  5%]   step 4375
[  5%]   step 4376
[  5%]   step 4377
[  5%]   step 4378
[  5%]   step 4379
[  5%]   step 4380
[  5%]   step 4381
[  5%]   step 4382
[  5%]   step 4383
[  5%]   step 4384
[  5%]   step 4385
[  5%]   step 4386
[  5%]   step 4387
[  5%]   step 4388
[  5%]   step 4389
[  5%]   step 4390
[  5%]   step 4391
[  5%]   step 4392
[  5%]   step 4393
[  5%]   step 4394
[  5%]   step 4395
[  5%]   step 4396
[  5%]   step 4397
[  5%]   step 4398
[  5%]   step 4399
[  5%]   step 4400
[  5%]   step 4401
[  5%]   step 4402
[  5%]   step 4403
[  5%]   step 4404
[  5%]   step 4405
[  5%]   step 4406
[  5%]   step 4407
[  5%]   step 4408
[  5%]   step 4409
[  5%]   step 4410
[  5%]   step 4411
[  5%]   step 4412
[  5%]   step 4413
[  5%]   step 4414
[  5%]   step 4415
[  5%]   step 4416
[  5%]   step 4417
[  5%]   step 4418
[  5%]   step 4419
[  5%]   step 4420
[  5%]   step 4421
[  5%]   step 4422
[  5%]   step 4423
[  5%]   step 4424
[  5%]   step 4425
[  5%]   step 4426
[  5%]   step 4427
[  5%]   step 4428
[  5%]   step 4429
[  5%]   step 4430
[  5%]   step 4431
[  5%]   step 4432
[  5%]   step 4433
[  5%]   step 4434
[  5%]   step 4435
[  5%]   step 4436
[  5%]   step 4437
[  5%]   step 4438
[  5%]   step 4439
[  5%]   step 4440
[  5%]   step 4441
[  5%]   step 4442
[  5%]   step 4443
[  5%]   step 4444
[  5%]   step 4445
[  5%]   step 4446
[  5%]   step 4447
[  5%]   step 4448
[  5%]   step 4449
[  5%]   step 4450
[  5%]   step 4451
[  5%]   step 4452
[  5%]   step 4453
[  5%]   step 4454
[  5%]   step 4455
[  5%]   step 4456
[  5%]   step 4457
[  5%]   step 4458
[  5%]   step 4459
[  5%]   step 4460
[  5%]   step 4461
[  5%]   step 4462
[  5%]   step 4463
[  5%]   step 4464
[  5%]   step 4465
[  5%]   step 4466
+SWASH is processing output request    1
+SWASH is processing output request    2
[  5%]   step 4467
[  5%]   step 4468
[  5%]   step 4469
[  5%]   step 4470
[  5%]   step 4471
[  5%]   step 4472
[  5%]   step 4473
[  5%]   step 4474
[  5%]   step 4475
[  5%]   step 4476
[  5%]   step 4477
[  5%]   step 4478
[  5%]   step 4479
[  5%]   step 4480
[  5%]   step 4481
[  5%]   step 4482
[  5%]   step 4483
[  5%]   step 4484
[  5%]   step 4485
[  5%]   step 4486
[  5%]   step 4487
[  5%]   step 4488
[  5%]   step 4489
[  5%]   step 4490
[  5%]   step 4491
[  5%]   step 4492
[  5%]   step 4493
[  5%]   step 4494
[  5%]   step 4495
[  5%]   step 4496
[  5%]   step 4497
[  5%]   step 4498
[  5%]   step 4499
[  5%]   step 4500
[  5%]   step 4501
[  5%]   step 4502
[  5%]   step 4503
[  5%]   step 4504
[  5%]   step 4505
[  5%]   step 4506
[  5%]   step 4507
[  5%]   step 4508
[  5%]   step 4509
[  5%]   step 4510
[  5%]   step 4511
[  5%]   step 4512
[  5%]   step 4513
[  5%]   step 4514
[  5%]   step 4515
[  5%]   step 4516
[  5%]   step 4517
[  5%]   step 4518
[  5%]   step 4519
[  5%]   step 4520
[  5%]   step 4521
[  5%]   step 4522
[  5%]   step 4523
[  5%]   step 4524
[  5%]   step 4525
[  5%]   step 4526
[  5%]   step 4527
[  5%]   step 4528
[  5%]   step 4529
[  5%]   step 4530
[  5%]   step 4531
[  5%]   step 4532
[  5%]   step 4533
[  5%]   step 4534
[  5%]   step 4535
[  5%]   step 4536
[  5%]   step 4537
[  5%]   step 4538
[  5%]   step 4539
[  5%]   step 4540
[  5%]   step 4541
[  5%]   step 4542
[  5%]   step 4543
[  5%]   step 4544
[  5%]   step 4545
[  5%]   step 4546
[  5%]   step 4547
[  5%]   step 4548
[  5%]   step 4549
[  5%]   step 4550
[  5%]   step 4551
[  5%]   step 4552
[  5%]   step 4553
[  5%]   step 4554
[  5%]   step 4555
[  5%]   step 4556
[  5%]   step 4557
[  5%]   step 4558
[  5%]   step 4559
[  5%]   step 4560
[  5%]   step 4561
[  5%]   step 4562
[  5%]   step 4563
[  5%]   step 4564
[  5%]   step 4565
[  5%]   step 4566
[  5%]   step 4567
[  5%]   step 4568
[  5%]   step 4569
[  5%]   step 4570
[  5%]   step 4571
[  5%]   step 4572
[  5%]   step 4573
[  5%]   step 4574
[  5%]   step 4575
[  5%]   step 4576
[  5%]   step 4577
[  5%]   step 4578
[  5%]   step 4579
[  5%]   step 4580
+SWASH is processing output request    1
+SWASH is processing output request    2
[  5%]   step 4581
[  5%]   step 4582
[  5%]   step 4583
[  5%]   step 4584
[  5%]   step 4585
[  5%]   step 4586
[  5%]   step 4587
[  5%]   step 4588
[  5%]   step 4589
[  5%]   step 4590
[  5%]   step 4591
[  5%]   step 4592
[  5%]   step 4593
[  5%]   step 4594
[  5%]   step 4595
[  5%]   step 4596
[  5%]   step 4597
[  5%]   step 4598
[  5%]   step 4599
[  5%]   step 4600
[  5%]   step 4601
[  5%]   step 4602
[  5%]   step 4603
[  5%]   step 4604
[  5%]   step 4605
[  5%]   step 4606
[  5%]   step 4607
[  5%]   step 4608
[  5%]   step 4609
[  5%]   step 4610
[  5%]   step 4611
[  5%]   step 4612
[  5%]   step 4613
[  5%]   step 4614
[  5%]   step 4615
[  5%]   step 4616
[  5%]   step 4617
[  5%]   step 4618
[  5%]   step 4619
[  5%]   step 4620
[  5%]   step 4621
[  5%]   step 4622
[  5%]   step 4623
[  5%]   step 4624
[  5%]   step 4625
[  5%]   step 4626
[  5%]   step 4627
[  5%]   step 4628
[  5%]   step 4629
[  5%]   step 4630
[  5%]   step 4631
[  5%]   step 4632
[  5%]   step 4633
[  5%]   step 4634
[  5%]   step 4635
[  5%]   step 4636
[  5%]   step 4637
[  5%]   step 4638
[  5%]   step 4639
[  5%]   step 4640
[  5%]   step 4641
[  5%]   step 4642
[  5%]   step 4643
[  5%]   step 4644
[  5%]   step 4645
[  5%]   step 4646
[  5%]   step 4647
[  5%]   step 4648
[  5%]   step 4649
[  5%]   step 4650
[  5%]   step 4651
[  5%]   step 4652
[  5%]   step 4653
[  5%]   step 4654
[  5%]   step 4655
[  5%]   step 4656
[  5%]   step 4657
[  5%]   step 4658
[  5%]   step 4659
[  5%]   step 4660
[  5%]   step 4661
[  5%]   step 4662
[  5%]   step 4663
[  5%]   step 4664
[  5%]   step 4665
[  5%]   step 4666
[  5%]   step 4667
[  5%]   step 4668
[  5%]   step 4669
[  5%]   step 4670
[  5%]   step 4671
[  5%]   step 4672
[  5%]   step 4673
[  5%]   step 4674
[  5%]   step 4675
[  5%]   step 4676
[  5%]   step 4677
[  5%]   step 4678
[  5%]   step 4679
[  5%]   step 4680
[  5%]   step 4681
[  5%]   step 4682
[  5%]   step 4683
[  5%]   step 4684
[  5%]   step 4685
[  5%]   step 4686
[  5%]   step 4687
[  5%]   step 4688
[  5%]   step 4689
[  5%]   step 4690
[  5%]   step 4691
[  5%]   step 4692
[  5%]   step 4693
[  5%]   step 4694
[  5%]   step 4695
+SWASH is processing output request    1
+SWASH is processing output request    2
[  5%]   step 4696
[  5%]   step 4697
[  5%]   step 4698
[  5%]   step 4699
[  5%]   step 4700
[  5%]   step 4701
[  5%]   step 4702
[  5%]   step 4703
[  5%]   step 4704
[  5%]   step 4705
[  5%]   step 4706
[  5%]   step 4707
[  5%]   step 4708
[  5%]   step 4709
[  5%]   step 4710
[  5%]   step 4711
[  5%]   step 4712
[  5%]   step 4713
[  5%]   step 4714
[  5%]   step 4715
[  5%]   step 4716
[  5%]   step 4717
[  5%]   step 4718
[  5%]   step 4719
[  5%]   step 4720
[  5%]   step 4721
[  5%]   step 4722
[  5%]   step 4723
[  5%]   step 4724
[  5%]   step 4725
[  5%]   step 4726
[  5%]   step 4727
[  5%]   step 4728
[  5%]   step 4729
[  5%]   step 4730
[  5%]   step 4731
[  5%]   step 4732
[  5%]   step 4733
[  5%]   step 4734
[  5%]   step 4735
[  5%]   step 4736
[  5%]   step 4737
[  5%]   step 4738
[  5%]   step 4739
[  5%]   step 4740
[  5%]   step 4741
[  5%]   step 4742
[  5%]   step 4743
[  5%]   step 4744
[  5%]   step 4745
[  5%]   step 4746
[  5%]   step 4747
[  5%]   step 4748
[  5%]   step 4749
[  5%]   step 4750
[  5%]   step 4751
[  5%]   step 4752
[  5%]   step 4753
[  5%]   step 4754
[  5%]   step 4755
[  5%]   step 4756
[  5%]   step 4757
[  5%]   step 4758
[  5%]   step 4759
[  5%]   step 4760
[  5%]   step 4761
[  5%]   step 4762
[  5%]   step 4763
[  5%]   step 4764
[  5%]   step 4765
[  5%]   step 4766
[  5%]   step 4767
[  5%]   step 4768
[  5%]   step 4769
[  5%]   step 4770
[  5%]   step 4771
[  5%]   step 4772
[  5%]   step 4773
[  5%]   step 4774
[  5%]   step 4775
[  5%]   step 4776
[  5%]   step 4777
[  5%]   step 4778
[  5%]   step 4779
[  5%]   step 4780
[  5%]   step 4781
[  5%]   step 4782
[  5%]   step 4783
[  5%]   step 4784
[  5%]   step 4785
[  5%]   step 4786
[  5%]   step 4787
[  5%]   step 4788
[  5%]   step 4789
[  5%]   step 4790
[  5%]   step 4791
[  5%]   step 4792
[  5%]   step 4793
[  5%]   step 4794
[  5%]   step 4795
[  5%]   step 4796
[  5%]   step 4797
[  5%]   step 4798
[  5%]   step 4799
[  5%]   step 4800
[  5%]   step 4801
[  5%]   step 4802
[  5%]   step 4803
[  5%]   step 4804
[  5%]   step 4805
[  5%]   step 4806
[  5%]   step 4807
[  5%]   step 4808
[  5%]   step 4809
+SWASH is processing output request    1
+SWASH is processing output request    2
[  5%]   step 4810
[  5%]   step 4811
[  5%]   step 4812
[  5%]   step 4813
[  5%]   step 4814
[  5%]   step 4815
[  5%]   step 4816
[  5%]   step 4817
[  5%]   step 4818
[  5%]   step 4819
[  5%]   step 4820
[  5%]   step 4821
[  5%]   step 4822
[  5%]   step 4823
[  5%]   step 4824
[  5%]   step 4825
[  5%]   step 4826
[  5%]   step 4827
[  5%]   step 4828
[  5%]   step 4829
[  5%]   step 4830
[  5%]   step 4831
[  5%]   step 4832
[  5%]   step 4833
[  5%]   step 4834
[  5%]   step 4835
[  5%]   step 4836
[  5%]   step 4837
[  5%]   step 4838
[  5%]   step 4839
[  5%]   step 4840
[  5%]   step 4841
[  5%]   step 4842
[  5%]   step 4843
[  5%]   step 4844
[  5%]   step 4845
[  5%]   step 4846
[  5%]   step 4847
[  5%]   step 4848
[  5%]   step 4849
[  5%]   step 4850
[  5%]   step 4851
[  5%]   step 4852
[  5%]   step 4853
[  5%]   step 4854
[  5%]   step 4855
[  5%]   step 4856
[  5%]   step 4857
[  5%]   step 4858
[  5%]   step 4859
[  5%]   step 4860
[  5%]   step 4861
[  5%]   step 4862
[  5%]   step 4863
[  5%]   step 4864
[  5%]   step 4865
[  5%]   step 4866
[  5%]   step 4867
[  5%]   step 4868
[  5%]   step 4869
[  5%]   step 4870
[  5%]   step 4871
[  5%]   step 4872
[  5%]   step 4873
[  5%]   step 4874
[  5%]   step 4875
[  5%]   step 4876
[  5%]   step 4877
[  5%]   step 4878
[  5%]   step 4879
[  5%]   step 4880
[  5%]   step 4881
[  5%]   step 4882
[  5%]   step 4883
[  5%]   step 4884
[  5%]   step 4885
[  5%]   step 4886
[  5%]   step 4887
[  5%]   step 4888
[  5%]   step 4889
[  5%]   step 4890
[  5%]   step 4891
[  5%]   step 4892
[  5%]   step 4893
[  5%]   step 4894
[  5%]   step 4895
[  5%]   step 4896
[  5%]   step 4897
[  5%]   step 4898
[  5%]   step 4899
[  5%]   step 4900
[  5%]   step 4901
[  5%]   step 4902
[  5%]   step 4903
[  5%]   step 4904
[  5%]   step 4905
[  5%]   step 4906
[  5%]   step 4907
[  5%]   step 4908
[  5%]   step 4909
[  5%]   step 4910
[  5%]   step 4911
[  6%]   step 4912
[  6%]   step 4913
[  6%]   step 4914
[  6%]   step 4915
[  6%]   step 4916
[  6%]   step 4917
[  6%]   step 4918
[  6%]   step 4919
[  6%]   step 4920
[  6%]   step 4921
[  6%]   step 4922
[  6%]   step 4923
[  6%]   step 4924
+SWASH is processing output request    1
+SWASH is processing output request    2
[  6%]   step 4925
[  6%]   step 4926
[  6%]   step 4927
[  6%]   step 4928
[  6%]   step 4929
[  6%]   step 4930
[  6%]   step 4931
[  6%]   step 4932
[  6%]   step 4933
[  6%]   step 4934
[  6%]   step 4935
[  6%]   step 4936
[  6%]   step 4937
[  6%]   step 4938
[  6%]   step 4939
[  6%]   step 4940
[  6%]   step 4941
[  6%]   step 4942
[  6%]   step 4943
[  6%]   step 4944
[  6%]   step 4945
[  6%]   step 4946
[  6%]   step 4947
[  6%]   step 4948
[  6%]   step 4949
[  6%]   step 4950
[  6%]   step 4951
[  6%]   step 4952
[  6%]   step 4953
[  6%]   step 4954
[  6%]   step 4955
[  6%]   step 4956
[  6%]   step 4957
[  6%]   step 4958
[  6%]   step 4959
[  6%]   step 4960
[  6%]   step 4961
[  6%]   step 4962
[  6%]   step 4963
[  6%]   step 4964
[  6%]   step 4965
[  6%]   step 4966
[  6%]   step 4967
[  6%]   step 4968
[  6%]   step 4969
[  6%]   step 4970
[  6%]   step 4971
[  6%]   step 4972
[  6%]   step 4973
[  6%]   step 4974
[  6%]   step 4975
[  6%]   step 4976
[  6%]   step 4977
[  6%]   step 4978
[  6%]   step 4979
[  6%]   step 4980
[  6%]   step 4981
[  6%]   step 4982
[  6%]   step 4983
[  6%]   step 4984
[  6%]   step 4985
[  6%]   step 4986
[  6%]   step 4987
[  6%]   step 4988
[  6%]   step 4989
[  6%]   step 4990
[  6%]   step 4991
[  6%]   step 4992
[  6%]   step 4993
[  6%]   step 4994
[  6%]   step 4995
[  6%]   step 4996
[  6%]   step 4997
[  6%]   step 4998
[  6%]   step 4999
[  6%]   step 5000
[  6%]   step 5001
[  6%]   step 5002
[  6%]   step 5003
[  6%]   step 5004
[  6%]   step 5005
[  6%]   step 5006
[  6%]   step 5007
[  6%]   step 5008
[  6%]   step 5009
[  6%]   step 5010
[  6%]   step 5011
[  6%]   step 5012
[  6%]   step 5013
[  6%]   step 5014
[  6%]   step 5015
[  6%]   step 5016
[  6%]   step 5017
[  6%]   step 5018
[  6%]   step 5019
[  6%]   step 5020
[  6%]   step 5021
[  6%]   step 5022
[  6%]   step 5023
[  6%]   step 5024
[  6%]   step 5025
[  6%]   step 5026
[  6%]   step 5027
[  6%]   step 5028
[  6%]   step 5029
[  6%]   step 5030
[  6%]   step 5031
[  6%]   step 5032
[  6%]   step 5033
[  6%]   step 5034
[  6%]   step 5035
[  6%]   step 5036
[  6%]   step 5037
[  6%]   step 5038
+SWASH is processing output request    1
+SWASH is processing output request    2
[  6%]   step 5039
[  6%]   step 5040
[  6%]   step 5041
[  6%]   step 5042
[  6%]   step 5043
[  6%]   step 5044
[  6%]   step 5045
[  6%]   step 5046
[  6%]   step 5047
[  6%]   step 5048
[  6%]   step 5049
[  6%]   step 5050
[  6%]   step 5051
[  6%]   step 5052
[  6%]   step 5053
[  6%]   step 5054
[  6%]   step 5055
[  6%]   step 5056
[  6%]   step 5057
[  6%]   step 5058
[  6%]   step 5059
[  6%]   step 5060
[  6%]   step 5061
[  6%]   step 5062
[  6%]   step 5063
[  6%]   step 5064
[  6%]   step 5065
[  6%]   step 5066
[  6%]   step 5067
[  6%]   step 5068
[  6%]   step 5069
[  6%]   step 5070
[  6%]   step 5071
[  6%]   step 5072
[  6%]   step 5073
[  6%]   step 5074
[  6%]   step 5075
[  6%]   step 5076
[  6%]   step 5077
[  6%]   step 5078
[  6%]   step 5079
[  6%]   step 5080
[  6%]   step 5081
[  6%]   step 5082
[  6%]   step 5083
[  6%]   step 5084
[  6%]   step 5085
[  6%]   step 5086
[  6%]   step 5087
[  6%]   step 5088
[  6%]   step 5089
[  6%]   step 5090
[  6%]   step 5091
[  6%]   step 5092
[  6%]   step 5093
[  6%]   step 5094
[  6%]   step 5095
[  6%]   step 5096
[  6%]   step 5097
[  6%]   step 5098
[  6%]   step 5099
[  6%]   step 5100
[  6%]   step 5101
[  6%]   step 5102
[  6%]   step 5103
[  6%]   step 5104
[  6%]   step 5105
[  6%]   step 5106
[  6%]   step 5107
[  6%]   step 5108
[  6%]   step 5109
[  6%]   step 5110
[  6%]   step 5111
[  6%]   step 5112
[  6%]   step 5113
[  6%]   step 5114
[  6%]   step 5115
[  6%]   step 5116
[  6%]   step 5117
[  6%]   step 5118
[  6%]   step 5119
[  6%]   step 5120
[  6%]   step 5121
[  6%]   step 5122
[  6%]   step 5123
[  6%]   step 5124
[  6%]   step 5125
[  6%]   step 5126
[  6%]   step 5127
[  6%]   step 5128
[  6%]   step 5129
[  6%]   step 5130
[  6%]   step 5131
[  6%]   step 5132
[  6%]   step 5133
[  6%]   step 5134
[  6%]   step 5135
[  6%]   step 5136
[  6%]   step 5137
[  6%]   step 5138
[  6%]   step 5139
[  6%]   step 5140
[  6%]   step 5141
[  6%]   step 5142
[  6%]   step 5143
[  6%]   step 5144
[  6%]   step 5145
[  6%]   step 5146
[  6%]   step 5147
[  6%]   step 5148
[  6%]   step 5149
[  6%]   step 5150
[  6%]   step 5151
[  6%]   step 5152
[  6%]   step 5153
+SWASH is processing output request    1
+SWASH is processing output request    2
[  6%]   step 5154
[  6%]   step 5155
[  6%]   step 5156
[  6%]   step 5157
[  6%]   step 5158
[  6%]   step 5159
[  6%]   step 5160
[  6%]   step 5161
[  6%]   step 5162
[  6%]   step 5163
[  6%]   step 5164
[  6%]   step 5165
[  6%]   step 5166
[  6%]   step 5167
[  6%]   step 5168
[  6%]   step 5169
[  6%]   step 5170
[  6%]   step 5171
[  6%]   step 5172
[  6%]   step 5173
[  6%]   step 5174
[  6%]   step 5175
[  6%]   step 5176
[  6%]   step 5177
[  6%]   step 5178
[  6%]   step 5179
[  6%]   step 5180
[  6%]   step 5181
[  6%]   step 5182
[  6%]   step 5183
[  6%]   step 5184
[  6%]   step 5185
[  6%]   step 5186
[  6%]   step 5187
[  6%]   step 5188
[  6%]   step 5189
[  6%]   step 5190
[  6%]   step 5191
[  6%]   step 5192
[  6%]   step 5193
[  6%]   step 5194
[  6%]   step 5195
[  6%]   step 5196
[  6%]   step 5197
[  6%]   step 5198
[  6%]   step 5199
[  6%]   step 5200
[  6%]   step 5201
[  6%]   step 5202
[  6%]   step 5203
[  6%]   step 5204
[  6%]   step 5205
[  6%]   step 5206
[  6%]   step 5207
[  6%]   step 5208
[  6%]   step 5209
[  6%]   step 5210
[  6%]   step 5211
[  6%]   step 5212
[  6%]   step 5213
[  6%]   step 5214
[  6%]   step 5215
[  6%]   step 5216
[  6%]   step 5217
[  6%]   step 5218
[  6%]   step 5219
[  6%]   step 5220
[  6%]   step 5221
[  6%]   step 5222
[  6%]   step 5223
[  6%]   step 5224
[  6%]   step 5225
[  6%]   step 5226
[  6%]   step 5227
[  6%]   step 5228
[  6%]   step 5229
[  6%]   step 5230
[  6%]   step 5231
[  6%]   step 5232
[  6%]   step 5233
[  6%]   step 5234
[  6%]   step 5235
[  6%]   step 5236
[  6%]   step 5237
[  6%]   step 5238
[  6%]   step 5239
[  6%]   step 5240
[  6%]   step 5241
[  6%]   step 5242
[  6%]   step 5243
[  6%]   step 5244
[  6%]   step 5245
[  6%]   step 5246
[  6%]   step 5247
[  6%]   step 5248
[  6%]   step 5249
[  6%]   step 5250
[  6%]   step 5251
[  6%]   step 5252
[  6%]   step 5253
[  6%]   step 5254
[  6%]   step 5255
[  6%]   step 5256
[  6%]   step 5257
[  6%]   step 5258
[  6%]   step 5259
[  6%]   step 5260
[  6%]   step 5261
[  6%]   step 5262
[  6%]   step 5263
[  6%]   step 5264
[  6%]   step 5265
[  6%]   step 5266
[  6%]   step 5267
+SWASH is processing output request    1
+SWASH is processing output request    2
[  6%]   step 5268
[  6%]   step 5269
[  6%]   step 5270
[  6%]   step 5271
[  6%]   step 5272
[  6%]   step 5273
[  6%]   step 5274
[  6%]   step 5275
[  6%]   step 5276
[  6%]   step 5277
[  6%]   step 5278
[  6%]   step 5279
[  6%]   step 5280
[  6%]   step 5281
[  6%]   step 5282
[  6%]   step 5283
[  6%]   step 5284
[  6%]   step 5285
[  6%]   step 5286
[  6%]   step 5287
[  6%]   step 5288
[  6%]   step 5289
[  6%]   step 5290
[  6%]   step 5291
[  6%]   step 5292
[  6%]   step 5293
[  6%]   step 5294
[  6%]   step 5295
[  6%]   step 5296
[  6%]   step 5297
[  6%]   step 5298
[  6%]   step 5299
[  6%]   step 5300
[  6%]   step 5301
[  6%]   step 5302
[  6%]   step 5303
[  6%]   step 5304
[  6%]   step 5305
[  6%]   step 5306
[  6%]   step 5307
[  6%]   step 5308
[  6%]   step 5309
[  6%]   step 5310
[  6%]   step 5311
[  6%]   step 5312
[  6%]   step 5313
[  6%]   step 5314
[  6%]   step 5315
[  6%]   step 5316
[  6%]   step 5317
[  6%]   step 5318
[  6%]   step 5319
[  6%]   step 5320
[  6%]   step 5321
[  6%]   step 5322
[  6%]   step 5323
[  6%]   step 5324
[  6%]   step 5325
[  6%]   step 5326
[  6%]   step 5327
[  6%]   step 5328
[  6%]   step 5329
[  6%]   step 5330
[  6%]   step 5331
[  6%]   step 5332
[  6%]   step 5333
[  6%]   step 5334
[  6%]   step 5335
[  6%]   step 5336
[  6%]   step 5337
[  6%]   step 5338
[  6%]   step 5339
[  6%]   step 5340
[  6%]   step 5341
[  6%]   step 5342
[  6%]   step 5343
[  6%]   step 5344
[  6%]   step 5345
[  6%]   step 5346
[  6%]   step 5347
[  6%]   step 5348
[  6%]   step 5349
[  6%]   step 5350
[  6%]   step 5351
[  6%]   step 5352
[  6%]   step 5353
[  6%]   step 5354
[  6%]   step 5355
[  6%]   step 5356
[  6%]   step 5357
[  6%]   step 5358
[  6%]   step 5359
[  6%]   step 5360
[  6%]   step 5361
[  6%]   step 5362
[  6%]   step 5363
[  6%]   step 5364
[  6%]   step 5365
[  6%]   step 5366
[  6%]   step 5367
[  6%]   step 5368
[  6%]   step 5369
[  6%]   step 5370
[  6%]   step 5371
[  6%]   step 5372
[  6%]   step 5373
[  6%]   step 5374
[  6%]   step 5375
[  6%]   step 5376
[  6%]   step 5377
[  6%]   step 5378
[  6%]   step 5379
[  6%]   step 5380
[  6%]   step 5381
[  6%]   step 5382
+SWASH is processing output request    1
+SWASH is processing output request    2
[  6%]   step 5383
[  6%]   step 5384
[  6%]   step 5385
[  6%]   step 5386
[  6%]   step 5387
[  6%]   step 5388
[  6%]   step 5389
[  6%]   step 5390
[  6%]   step 5391
[  6%]   step 5392
[  6%]   step 5393
[  6%]   step 5394
[  6%]   step 5395
[  6%]   step 5396
[  6%]   step 5397
[  6%]   step 5398
[  6%]   step 5399
[  6%]   step 5400
[  6%]   step 5401
[  6%]   step 5402
[  6%]   step 5403
[  6%]   step 5404
[  6%]   step 5405
[  6%]   step 5406
[  6%]   step 5407
[  6%]   step 5408
[  6%]   step 5409
[  6%]   step 5410
[  6%]   step 5411
[  6%]   step 5412
[  6%]   step 5413
[  6%]   step 5414
[  6%]   step 5415
[  6%]   step 5416
[  6%]   step 5417
[  6%]   step 5418
[  6%]   step 5419
[  6%]   step 5420
[  6%]   step 5421
[  6%]   step 5422
[  6%]   step 5423
[  6%]   step 5424
[  6%]   step 5425
[  6%]   step 5426
[  6%]   step 5427
[  6%]   step 5428
[  6%]   step 5429
[  6%]   step 5430
[  6%]   step 5431
[  6%]   step 5432
[  6%]   step 5433
[  6%]   step 5434
[  6%]   step 5435
[  6%]   step 5436
[  6%]   step 5437
[  6%]   step 5438
[  6%]   step 5439
[  6%]   step 5440
[  6%]   step 5441
[  6%]   step 5442
[  6%]   step 5443
[  6%]   step 5444
[  6%]   step 5445
[  6%]   step 5446
[  6%]   step 5447
[  6%]   step 5448
[  6%]   step 5449
[  6%]   step 5450
[  6%]   step 5451
[  6%]   step 5452
[  6%]   step 5453
[  6%]   step 5454
[  6%]   step 5455
[  6%]   step 5456
[  6%]   step 5457
[  6%]   step 5458
[  6%]   step 5459
[  6%]   step 5460
[  6%]   step 5461
[  6%]   step 5462
[  6%]   step 5463
[  6%]   step 5464
[  6%]   step 5465
[  6%]   step 5466
[  6%]   step 5467
[  6%]   step 5468
[  6%]   step 5469
[  6%]   step 5470
[  6%]   step 5471
[  6%]   step 5472
[  6%]   step 5473
[  6%]   step 5474
[  6%]   step 5475
[  6%]   step 5476
[  6%]   step 5477
[  6%]   step 5478
[  6%]   step 5479
[  6%]   step 5480
[  6%]   step 5481
[  6%]   step 5482
[  6%]   step 5483
[  6%]   step 5484
[  6%]   step 5485
[  6%]   step 5486
[  6%]   step 5487
[  6%]   step 5488
[  6%]   step 5489
[  6%]   step 5490
[  6%]   step 5491
[  6%]   step 5492
[  6%]   step 5493
[  6%]   step 5494
[  6%]   step 5495
[  6%]   step 5496
+SWASH is processing output request    1
+SWASH is processing output request    2
[  6%]   step 5497
[  6%]   step 5498
[  6%]   step 5499
[  6%]   step 5500
[  6%]   step 5501
[  6%]   step 5502
[  6%]   step 5503
[  6%]   step 5504
[  6%]   step 5505
[  6%]   step 5506
[  6%]   step 5507
[  6%]   step 5508
[  6%]   step 5509
[  6%]   step 5510
[  6%]   step 5511
[  6%]   step 5512
[  6%]   step 5513
[  6%]   step 5514
[  6%]   step 5515
[  6%]   step 5516
[  6%]   step 5517
[  6%]   step 5518
[  6%]   step 5519
[  6%]   step 5520
[  6%]   step 5521
[  6%]   step 5522
[  6%]   step 5523
[  6%]   step 5524
[  6%]   step 5525
[  6%]   step 5526
[  6%]   step 5527
[  6%]   step 5528
[  6%]   step 5529
[  6%]   step 5530
[  6%]   step 5531
[  6%]   step 5532
[  6%]   step 5533
[  6%]   step 5534
[  6%]   step 5535
[  6%]   step 5536
[  6%]   step 5537
[  6%]   step 5538
[  6%]   step 5539
[  6%]   step 5540
[  6%]   step 5541
[  6%]   step 5542
[  6%]   step 5543
[  6%]   step 5544
[  6%]   step 5545
[  6%]   step 5546
[  6%]   step 5547
[  6%]   step 5548
[  6%]   step 5549
[  6%]   step 5550
[  6%]   step 5551
[  6%]   step 5552
[  6%]   step 5553
[  6%]   step 5554
[  6%]   step 5555
[  6%]   step 5556
[  6%]   step 5557
[  6%]   step 5558
[  6%]   step 5559
[  6%]   step 5560
[  6%]   step 5561
[  6%]   step 5562
[  6%]   step 5563
[  6%]   step 5564
[  6%]   step 5565
[  6%]   step 5566
[  6%]   step 5567
[  6%]   step 5568
[  6%]   step 5569
[  6%]   step 5570
[  6%]   step 5571
[  6%]   step 5572
[  6%]   step 5573
[  6%]   step 5574
[  6%]   step 5575
[  6%]   step 5576
[  6%]   step 5577
[  6%]   step 5578
[  6%]   step 5579
[  6%]   step 5580
[  6%]   step 5581
[  6%]   step 5582
[  6%]   step 5583
[  6%]   step 5584
[  6%]   step 5585
[  6%]   step 5586
[  6%]   step 5587
[  6%]   step 5588
[  6%]   step 5589
[  6%]   step 5590
[  6%]   step 5591
[  6%]   step 5592
[  6%]   step 5593
[  6%]   step 5594
[  6%]   step 5595
[  6%]   step 5596
[  6%]   step 5597
[  6%]   step 5598
[  6%]   step 5599
[  6%]   step 5600
[  6%]   step 5601
[  6%]   step 5602
[  6%]   step 5603
[  6%]   step 5604
[  6%]   step 5605
[  6%]   step 5606
[  6%]   step 5607
[  6%]   step 5608
[  6%]   step 5609
[  6%]   step 5610
[  6%]   step 5611
+SWASH is processing output request    1
+SWASH is processing output request    2
[  6%]   step 5612
[  6%]   step 5613
[  6%]   step 5614
[  6%]   step 5615
[  6%]   step 5616
[  6%]   step 5617
[  6%]   step 5618
[  6%]   step 5619
[  6%]   step 5620
[  6%]   step 5621
[  6%]   step 5622
[  6%]   step 5623
[  6%]   step 5624
[  6%]   step 5625
[  6%]   step 5626
[  6%]   step 5627
[  6%]   step 5628
[  6%]   step 5629
[  6%]   step 5630
[  6%]   step 5631
[  6%]   step 5632
[  6%]   step 5633
[  6%]   step 5634
[  6%]   step 5635
[  6%]   step 5636
[  6%]   step 5637
[  6%]   step 5638
[  6%]   step 5639
[  6%]   step 5640
[  6%]   step 5641
[  6%]   step 5642
[  6%]   step 5643
[  6%]   step 5644
[  6%]   step 5645
[  6%]   step 5646
[  6%]   step 5647
[  6%]   step 5648
[  6%]   step 5649
[  6%]   step 5650
[  6%]   step 5651
[  6%]   step 5652
[  6%]   step 5653
[  6%]   step 5654
[  6%]   step 5655
[  6%]   step 5656
[  6%]   step 5657
[  6%]   step 5658
[  6%]   step 5659
[  6%]   step 5660
[  6%]   step 5661
[  6%]   step 5662
[  6%]   step 5663
[  6%]   step 5664
[  6%]   step 5665
[  6%]   step 5666
[  6%]   step 5667
[  6%]   step 5668
[  6%]   step 5669
[  6%]   step 5670
[  6%]   step 5671
[  6%]   step 5672
[  6%]   step 5673
[  6%]   step 5674
[  6%]   step 5675
[  6%]   step 5676
[  6%]   step 5677
[  6%]   step 5678
[  6%]   step 5679
[  6%]   step 5680
[  6%]   step 5681
[  6%]   step 5682
[  6%]   step 5683
[  6%]   step 5684
[  6%]   step 5685
[  6%]   step 5686
[  6%]   step 5687
[  6%]   step 5688
[  6%]   step 5689
[  6%]   step 5690
[  6%]   step 5691
[  6%]   step 5692
[  6%]   step 5693
[  6%]   step 5694
[  6%]   step 5695
[  6%]   step 5696
[  6%]   step 5697
[  6%]   step 5698
[  6%]   step 5699
[  6%]   step 5700
[  6%]   step 5701
[  6%]   step 5702
[  6%]   step 5703
[  6%]   step 5704
[  6%]   step 5705
[  6%]   step 5706
[  6%]   step 5707
[  6%]   step 5708
[  6%]   step 5709
[  6%]   step 5710
[  6%]   step 5711
[  6%]   step 5712
[  6%]   step 5713
[  6%]   step 5714
[  6%]   step 5715
[  6%]   step 5716
[  6%]   step 5717
[  6%]   step 5718
[  6%]   step 5719
[  6%]   step 5720
[  6%]   step 5721
[  6%]   step 5722
[  6%]   step 5723
[  6%]   step 5724
[  6%]   step 5725
+SWASH is processing output request    1
+SWASH is processing output request    2
[  6%]   step 5726
[  6%]   step 5727
[  6%]   step 5728
[  6%]   step 5729
[  6%]   step 5730
[  6%]   step 5731
[  6%]   step 5732
[  6%]   step 5733
[  6%]   step 5734
[  6%]   step 5735
[  6%]   step 5736
[  6%]   step 5737
[  6%]   step 5738
[  6%]   step 5739
[  6%]   step 5740
[  6%]   step 5741
[  6%]   step 5742
[  6%]   step 5743
[  6%]   step 5744
[  6%]   step 5745
[  6%]   step 5746
[  6%]   step 5747
[  6%]   step 5748
[  6%]   step 5749
[  6%]   step 5750
[  6%]   step 5751
[  6%]   step 5752
[  6%]   step 5753
[  6%]   step 5754
[  6%]   step 5755
[  6%]   step 5756
[  6%]   step 5757
[  6%]   step 5758
[  6%]   step 5759
[  6%]   step 5760
[  6%]   step 5761
[  6%]   step 5762
[  6%]   step 5763
[  6%]   step 5764
[  6%]   step 5765
[  6%]   step 5766
[  6%]   step 5767
[  6%]   step 5768
[  6%]   step 5769
[  6%]   step 5770
[  6%]   step 5771
[  6%]   step 5772
[  6%]   step 5773
[  6%]   step 5774
[  6%]   step 5775
[  6%]   step 5776
[  6%]   step 5777
[  6%]   step 5778
[  6%]   step 5779
[  6%]   step 5780
[  6%]   step 5781
[  6%]   step 5782
[  6%]   step 5783
[  6%]   step 5784
[  6%]   step 5785
[  6%]   step 5786
[  6%]   step 5787
[  6%]   step 5788
[  6%]   step 5789
[  6%]   step 5790
[  6%]   step 5791
[  6%]   step 5792
[  6%]   step 5793
[  6%]   step 5794
[  6%]   step 5795
[  6%]   step 5796
[  6%]   step 5797
[  6%]   step 5798
[  6%]   step 5799
[  6%]   step 5800
[  6%]   step 5801
[  6%]   step 5802
[  6%]   step 5803
[  6%]   step 5804
[  7%]   step 5805
[  7%]   step 5806
[  7%]   step 5807
[  7%]   step 5808
[  7%]   step 5809
[  7%]   step 5810
[  7%]   step 5811
[  7%]   step 5812
[  7%]   step 5813
[  7%]   step 5814
[  7%]   step 5815
[  7%]   step 5816
[  7%]   step 5817
[  7%]   step 5818
[  7%]   step 5819
[  7%]   step 5820
[  7%]   step 5821
[  7%]   step 5822
[  7%]   step 5823
[  7%]   step 5824
[  7%]   step 5825
[  7%]   step 5826
[  7%]   step 5827
[  7%]   step 5828
[  7%]   step 5829
[  7%]   step 5830
[  7%]   step 5831
[  7%]   step 5832
[  7%]   step 5833
[  7%]   step 5834
[  7%]   step 5835
[  7%]   step 5836
[  7%]   step 5837
[  7%]   step 5838
[  7%]   step 5839
[  7%]   step 5840
+SWASH is processing output request    1
+SWASH is processing output request    2
[  7%]   step 5841
[  7%]   step 5842
[  7%]   step 5843
[  7%]   step 5844
[  7%]   step 5845
[  7%]   step 5846
[  7%]   step 5847
[  7%]   step 5848
[  7%]   step 5849
[  7%]   step 5850
[  7%]   step 5851
[  7%]   step 5852
[  7%]   step 5853
[  7%]   step 5854
[  7%]   step 5855
[  7%]   step 5856
[  7%]   step 5857
[  7%]   step 5858
[  7%]   step 5859
[  7%]   step 5860
[  7%]   step 5861
[  7%]   step 5862
[  7%]   step 5863
[  7%]   step 5864
[  7%]   step 5865
[  7%]   step 5866
[  7%]   step 5867
[  7%]   step 5868
[  7%]   step 5869
[  7%]   step 5870
[  7%]   step 5871
[  7%]   step 5872
[  7%]   step 5873
[  7%]   step 5874
[  7%]   step 5875
[  7%]   step 5876
[  7%]   step 5877
[  7%]   step 5878
[  7%]   step 5879
[  7%]   step 5880
[  7%]   step 5881
[  7%]   step 5882
[  7%]   step 5883
[  7%]   step 5884
[  7%]   step 5885
[  7%]   step 5886
[  7%]   step 5887
[  7%]   step 5888
[  7%]   step 5889
[  7%]   step 5890
[  7%]   step 5891
[  7%]   step 5892
[  7%]   step 5893
[  7%]   step 5894
[  7%]   step 5895
[  7%]   step 5896
[  7%]   step 5897
[  7%]   step 5898
[  7%]   step 5899
[  7%]   step 5900
[  7%]   step 5901
[  7%]   step 5902
[  7%]   step 5903
[  7%]   step 5904
[  7%]   step 5905
[  7%]   step 5906
[  7%]   step 5907
[  7%]   step 5908
[  7%]   step 5909
[  7%]   step 5910
[  7%]   step 5911
[  7%]   step 5912
[  7%]   step 5913
[  7%]   step 5914
[  7%]   step 5915
[  7%]   step 5916
[  7%]   step 5917
[  7%]   step 5918
[  7%]   step 5919
[  7%]   step 5920
[  7%]   step 5921
[  7%]   step 5922
[  7%]   step 5923
[  7%]   step 5924
[  7%]   step 5925
[  7%]   step 5926
[  7%]   step 5927
[  7%]   step 5928
[  7%]   step 5929
[  7%]   step 5930
[  7%]   step 5931
[  7%]   step 5932
[  7%]   step 5933
[  7%]   step 5934
[  7%]   step 5935
[  7%]   step 5936
[  7%]   step 5937
[  7%]   step 5938
[  7%]   step 5939
[  7%]   step 5940
[  7%]   step 5941
[  7%]   step 5942
[  7%]   step 5943
[  7%]   step 5944
[  7%]   step 5945
[  7%]   step 5946
[  7%]   step 5947
[  7%]   step 5948
[  7%]   step 5949
[  7%]   step 5950
[  7%]   step 5951
[  7%]   step 5952
[  7%]   step 5953
[  7%]   step 5954
+SWASH is processing output request    1
+SWASH is processing output request    2
[  7%]   step 5955
[  7%]   step 5956
[  7%]   step 5957
[  7%]   step 5958
[  7%]   step 5959
[  7%]   step 5960
[  7%]   step 5961
[  7%]   step 5962
[  7%]   step 5963
[  7%]   step 5964
[  7%]   step 5965
[  7%]   step 5966
[  7%]   step 5967
[  7%]   step 5968
[  7%]   step 5969
[  7%]   step 5970
[  7%]   step 5971
[  7%]   step 5972
[  7%]   step 5973
[  7%]   step 5974
[  7%]   step 5975
[  7%]   step 5976
[  7%]   step 5977
[  7%]   step 5978
[  7%]   step 5979
[  7%]   step 5980
[  7%]   step 5981
[  7%]   step 5982
[  7%]   step 5983
[  7%]   step 5984
[  7%]   step 5985
[  7%]   step 5986
[  7%]   step 5987
[  7%]   step 5988
[  7%]   step 5989
[  7%]   step 5990
[  7%]   step 5991
[  7%]   step 5992
[  7%]   step 5993
[  7%]   step 5994
[  7%]   step 5995
[  7%]   step 5996
[  7%]   step 5997
[  7%]   step 5998
[  7%]   step 5999
[  7%]   step 6000
[  7%]   step 6001
[  7%]   step 6002
[  7%]   step 6003
[  7%]   step 6004
[  7%]   step 6005
[  7%]   step 6006
[  7%]   step 6007
[  7%]   step 6008
[  7%]   step 6009
[  7%]   step 6010
[  7%]   step 6011
[  7%]   step 6012
[  7%]   step 6013
[  7%]   step 6014
[  7%]   step 6015
[  7%]   step 6016
[  7%]   step 6017
[  7%]   step 6018
[  7%]   step 6019
[  7%]   step 6020
[  7%]   step 6021
[  7%]   step 6022
[  7%]   step 6023
[  7%]   step 6024
[  7%]   step 6025
[  7%]   step 6026
[  7%]   step 6027
[  7%]   step 6028
[  7%]   step 6029
[  7%]   step 6030
[  7%]   step 6031
[  7%]   step 6032
[  7%]   step 6033
[  7%]   step 6034
[  7%]   step 6035
[  7%]   step 6036
[  7%]   step 6037
[  7%]   step 6038
[  7%]   step 6039
[  7%]   step 6040
[  7%]   step 6041
[  7%]   step 6042
[  7%]   step 6043
[  7%]   step 6044
[  7%]   step 6045
[  7%]   step 6046
[  7%]   step 6047
[  7%]   step 6048
[  7%]   step 6049
[  7%]   step 6050
[  7%]   step 6051
[  7%]   step 6052
[  7%]   step 6053
[  7%]   step 6054
[  7%]   step 6055
[  7%]   step 6056
[  7%]   step 6057
[  7%]   step 6058
[  7%]   step 6059
[  7%]   step 6060
[  7%]   step 6061
[  7%]   step 6062
[  7%]   step 6063
[  7%]   step 6064
[  7%]   step 6065
[  7%]   step 6066
[  7%]   step 6067
[  7%]   step 6068
[  7%]   step 6069
+SWASH is processing output request    1
+SWASH is processing output request    2
[  7%]   step 6070
[  7%]   step 6071
[  7%]   step 6072
[  7%]   step 6073
[  7%]   step 6074
[  7%]   step 6075
[  7%]   step 6076
[  7%]   step 6077
[  7%]   step 6078
[  7%]   step 6079
[  7%]   step 6080
[  7%]   step 6081
[  7%]   step 6082
[  7%]   step 6083
[  7%]   step 6084
[  7%]   step 6085
[  7%]   step 6086
[  7%]   step 6087
[  7%]   step 6088
[  7%]   step 6089
[  7%]   step 6090
[  7%]   step 6091
[  7%]   step 6092
[  7%]   step 6093
[  7%]   step 6094
[  7%]   step 6095
[  7%]   step 6096
[  7%]   step 6097
[  7%]   step 6098
[  7%]   step 6099
[  7%]   step 6100
[  7%]   step 6101
[  7%]   step 6102
[  7%]   step 6103
[  7%]   step 6104
[  7%]   step 6105
[  7%]   step 6106
[  7%]   step 6107
[  7%]   step 6108
[  7%]   step 6109
[  7%]   step 6110
[  7%]   step 6111
[  7%]   step 6112
[  7%]   step 6113
[  7%]   step 6114
[  7%]   step 6115
[  7%]   step 6116
[  7%]   step 6117
[  7%]   step 6118
[  7%]   step 6119
[  7%]   step 6120
[  7%]   step 6121
[  7%]   step 6122
[  7%]   step 6123
[  7%]   step 6124
[  7%]   step 6125
[  7%]   step 6126
[  7%]   step 6127
[  7%]   step 6128
[  7%]   step 6129
[  7%]   step 6130
[  7%]   step 6131
[  7%]   step 6132
[  7%]   step 6133
[  7%]   step 6134
[  7%]   step 6135
[  7%]   step 6136
[  7%]   step 6137
[  7%]   step 6138
[  7%]   step 6139
[  7%]   step 6140
[  7%]   step 6141
[  7%]   step 6142
[  7%]   step 6143
[  7%]   step 6144
[  7%]   step 6145
[  7%]   step 6146
[  7%]   step 6147
[  7%]   step 6148
[  7%]   step 6149
[  7%]   step 6150
[  7%]   step 6151
[  7%]   step 6152
[  7%]   step 6153
[  7%]   step 6154
[  7%]   step 6155
[  7%]   step 6156
[  7%]   step 6157
[  7%]   step 6158
[  7%]   step 6159
[  7%]   step 6160
[  7%]   step 6161
[  7%]   step 6162
[  7%]   step 6163
[  7%]   step 6164
[  7%]   step 6165
[  7%]   step 6166
[  7%]   step 6167
[  7%]   step 6168
[  7%]   step 6169
[  7%]   step 6170
[  7%]   step 6171
[  7%]   step 6172
[  7%]   step 6173
[  7%]   step 6174
[  7%]   step 6175
[  7%]   step 6176
[  7%]   step 6177
[  7%]   step 6178
[  7%]   step 6179
[  7%]   step 6180
[  7%]   step 6181
[  7%]   step 6182
[  7%]   step 6183
+SWASH is processing output request    1
+SWASH is processing output request    2
[  7%]   step 6184
[  7%]   step 6185
[  7%]   step 6186
[  7%]   step 6187
[  7%]   step 6188
[  7%]   step 6189
[  7%]   step 6190
[  7%]   step 6191
[  7%]   step 6192
[  7%]   step 6193
[  7%]   step 6194
[  7%]   step 6195
[  7%]   step 6196
[  7%]   step 6197
[  7%]   step 6198
[  7%]   step 6199
[  7%]   step 6200
[  7%]   step 6201
[  7%]   step 6202
[  7%]   step 6203
[  7%]   step 6204
[  7%]   step 6205
[  7%]   step 6206
[  7%]   step 6207
[  7%]   step 6208
[  7%]   step 6209
[  7%]   step 6210
[  7%]   step 6211
[  7%]   step 6212
[  7%]   step 6213
[  7%]   step 6214
[  7%]   step 6215
[  7%]   step 6216
[  7%]   step 6217
[  7%]   step 6218
[  7%]   step 6219
[  7%]   step 6220
[  7%]   step 6221
[  7%]   step 6222
[  7%]   step 6223
[  7%]   step 6224
[  7%]   step 6225
[  7%]   step 6226
[  7%]   step 6227
[  7%]   step 6228
[  7%]   step 6229
[  7%]   step 6230
[  7%]   step 6231
[  7%]   step 6232
[  7%]   step 6233
[  7%]   step 6234
[  7%]   step 6235
[  7%]   step 6236
[  7%]   step 6237
[  7%]   step 6238
[  7%]   step 6239
[  7%]   step 6240
[  7%]   step 6241
[  7%]   step 6242
[  7%]   step 6243
[  7%]   step 6244
[  7%]   step 6245
[  7%]   step 6246
[  7%]   step 6247
[  7%]   step 6248
[  7%]   step 6249
[  7%]   step 6250
[  7%]   step 6251
[  7%]   step 6252
[  7%]   step 6253
[  7%]   step 6254
[  7%]   step 6255
[  7%]   step 6256
[  7%]   step 6257
[  7%]   step 6258
[  7%]   step 6259
[  7%]   step 6260
[  7%]   step 6261
[  7%]   step 6262
[  7%]   step 6263
[  7%]   step 6264
[  7%]   step 6265
[  7%]   step 6266
[  7%]   step 6267
[  7%]   step 6268
[  7%]   step 6269
[  7%]   step 6270
[  7%]   step 6271
[  7%]   step 6272
[  7%]   step 6273
[  7%]   step 6274
[  7%]   step 6275
[  7%]   step 6276
[  7%]   step 6277
[  7%]   step 6278
[  7%]   step 6279
[  7%]   step 6280
[  7%]   step 6281
[  7%]   step 6282
[  7%]   step 6283
[  7%]   step 6284
[  7%]   step 6285
[  7%]   step 6286
[  7%]   step 6287
[  7%]   step 6288
[  7%]   step 6289
[  7%]   step 6290
[  7%]   step 6291
[  7%]   step 6292
[  7%]   step 6293
[  7%]   step 6294
[  7%]   step 6295
[  7%]   step 6296
[  7%]   step 6297
[  7%]   step 6298
+SWASH is processing output request    1
+SWASH is processing output request    2
[  7%]   step 6299
[  7%]   step 6300
[  7%]   step 6301
[  7%]   step 6302
[  7%]   step 6303
[  7%]   step 6304
[  7%]   step 6305
[  7%]   step 6306
[  7%]   step 6307
[  7%]   step 6308
[  7%]   step 6309
[  7%]   step 6310
[  7%]   step 6311
[  7%]   step 6312
[  7%]   step 6313
[  7%]   step 6314
[  7%]   step 6315
[  7%]   step 6316
[  7%]   step 6317
[  7%]   step 6318
[  7%]   step 6319
[  7%]   step 6320
[  7%]   step 6321
[  7%]   step 6322
[  7%]   step 6323
[  7%]   step 6324
[  7%]   step 6325
[  7%]   step 6326
[  7%]   step 6327
[  7%]   step 6328
[  7%]   step 6329
[  7%]   step 6330
[  7%]   step 6331
[  7%]   step 6332
[  7%]   step 6333
[  7%]   step 6334
[  7%]   step 6335
[  7%]   step 6336
[  7%]   step 6337
[  7%]   step 6338
[  7%]   step 6339
[  7%]   step 6340
[  7%]   step 6341
[  7%]   step 6342
[  7%]   step 6343
[  7%]   step 6344
[  7%]   step 6345
[  7%]   step 6346
[  7%]   step 6347
[  7%]   step 6348
[  7%]   step 6349
[  7%]   step 6350
[  7%]   step 6351
[  7%]   step 6352
[  7%]   step 6353
[  7%]   step 6354
[  7%]   step 6355
[  7%]   step 6356
[  7%]   step 6357
[  7%]   step 6358
[  7%]   step 6359
[  7%]   step 6360
[  7%]   step 6361
[  7%]   step 6362
[  7%]   step 6363
[  7%]   step 6364
[  7%]   step 6365
[  7%]   step 6366
[  7%]   step 6367
[  7%]   step 6368
[  7%]   step 6369
[  7%]   step 6370
[  7%]   step 6371
[  7%]   step 6372
[  7%]   step 6373
[  7%]   step 6374
[  7%]   step 6375
[  7%]   step 6376
[  7%]   step 6377
[  7%]   step 6378
[  7%]   step 6379
[  7%]   step 6380
[  7%]   step 6381
[  7%]   step 6382
[  7%]   step 6383
[  7%]   step 6384
[  7%]   step 6385
[  7%]   step 6386
[  7%]   step 6387
[  7%]   step 6388
[  7%]   step 6389
[  7%]   step 6390
[  7%]   step 6391
[  7%]   step 6392
[  7%]   step 6393
[  7%]   step 6394
[  7%]   step 6395
[  7%]   step 6396
[  7%]   step 6397
[  7%]   step 6398
[  7%]   step 6399
[  7%]   step 6400
[  7%]   step 6401
[  7%]   step 6402
[  7%]   step 6403
[  7%]   step 6404
[  7%]   step 6405
[  7%]   step 6406
[  7%]   step 6407
[  7%]   step 6408
[  7%]   step 6409
[  7%]   step 6410
[  7%]   step 6411
[  7%]   step 6412
+SWASH is processing output request    1
+SWASH is processing output request    2
[  7%]   step 6413
[  7%]   step 6414
[  7%]   step 6415
[  7%]   step 6416
[  7%]   step 6417
[  7%]   step 6418
[  7%]   step 6419
[  7%]   step 6420
[  7%]   step 6421
[  7%]   step 6422
[  7%]   step 6423
[  7%]   step 6424
[  7%]   step 6425
[  7%]   step 6426
[  7%]   step 6427
[  7%]   step 6428
[  7%]   step 6429
[  7%]   step 6430
[  7%]   step 6431
[  7%]   step 6432
[  7%]   step 6433
[  7%]   step 6434
[  7%]   step 6435
[  7%]   step 6436
[  7%]   step 6437
[  7%]   step 6438
[  7%]   step 6439
[  7%]   step 6440
[  7%]   step 6441
[  7%]   step 6442
[  7%]   step 6443
[  7%]   step 6444
[  7%]   step 6445
[  7%]   step 6446
[  7%]   step 6447
[  7%]   step 6448
[  7%]   step 6449
[  7%]   step 6450
[  7%]   step 6451
[  7%]   step 6452
[  7%]   step 6453
[  7%]   step 6454
[  7%]   step 6455
[  7%]   step 6456
[  7%]   step 6457
[  7%]   step 6458
[  7%]   step 6459
[  7%]   step 6460
[  7%]   step 6461
[  7%]   step 6462
[  7%]   step 6463
[  7%]   step 6464
[  7%]   step 6465
[  7%]   step 6466
[  7%]   step 6467
[  7%]   step 6468
[  7%]   step 6469
[  7%]   step 6470
[  7%]   step 6471
[  7%]   step 6472
[  7%]   step 6473
[  7%]   step 6474
[  7%]   step 6475
[  7%]   step 6476
[  7%]   step 6477
[  7%]   step 6478
[  7%]   step 6479
[  7%]   step 6480
[  7%]   step 6481
[  7%]   step 6482
[  7%]   step 6483
[  7%]   step 6484
[  7%]   step 6485
[  7%]   step 6486
[  7%]   step 6487
[  7%]   step 6488
[  7%]   step 6489
[  7%]   step 6490
[  7%]   step 6491
[  7%]   step 6492
[  7%]   step 6493
[  7%]   step 6494
[  7%]   step 6495
[  7%]   step 6496
[  7%]   step 6497
[  7%]   step 6498
[  7%]   step 6499
[  7%]   step 6500
[  7%]   step 6501
[  7%]   step 6502
[  7%]   step 6503
[  7%]   step 6504
[  7%]   step 6505
[  7%]   step 6506
[  7%]   step 6507
[  7%]   step 6508
[  7%]   step 6509
[  7%]   step 6510
[  7%]   step 6511
[  7%]   step 6512
[  7%]   step 6513
[  7%]   step 6514
[  7%]   step 6515
[  7%]   step 6516
[  7%]   step 6517
[  7%]   step 6518
[  7%]   step 6519
[  7%]   step 6520
[  7%]   step 6521
[  7%]   step 6522
[  7%]   step 6523
[  7%]   step 6524
[  7%]   step 6525
[  7%]   step 6526
[  7%]   step 6527
+SWASH is processing output request    1
+SWASH is processing output request    2
[  7%]   step 6528
[  7%]   step 6529
[  7%]   step 6530
[  7%]   step 6531
[  7%]   step 6532
[  7%]   step 6533
[  7%]   step 6534
[  7%]   step 6535
[  7%]   step 6536
[  7%]   step 6537
[  7%]   step 6538
[  7%]   step 6539
[  7%]   step 6540
[  7%]   step 6541
[  7%]   step 6542
[  7%]   step 6543
[  7%]   step 6544
[  7%]   step 6545
[  7%]   step 6546
[  7%]   step 6547
[  7%]   step 6548
[  7%]   step 6549
[  7%]   step 6550
[  7%]   step 6551
[  7%]   step 6552
[  7%]   step 6553
[  7%]   step 6554
[  7%]   step 6555
[  7%]   step 6556
[  7%]   step 6557
[  7%]   step 6558
[  7%]   step 6559
[  7%]   step 6560
[  7%]   step 6561
[  7%]   step 6562
[  7%]   step 6563
[  7%]   step 6564
[  7%]   step 6565
[  7%]   step 6566
[  7%]   step 6567
[  7%]   step 6568
[  7%]   step 6569
[  7%]   step 6570
[  7%]   step 6571
[  7%]   step 6572
[  7%]   step 6573
[  7%]   step 6574
[  7%]   step 6575
[  7%]   step 6576
[  7%]   step 6577
[  7%]   step 6578
[  7%]   step 6579
[  7%]   step 6580
[  7%]   step 6581
[  7%]   step 6582
[  7%]   step 6583
[  7%]   step 6584
[  7%]   step 6585
[  7%]   step 6586
[  7%]   step 6587
[  7%]   step 6588
[  7%]   step 6589
[  7%]   step 6590
[  7%]   step 6591
[  7%]   step 6592
[  7%]   step 6593
[  7%]   step 6594
[  7%]   step 6595
[  7%]   step 6596
[  7%]   step 6597
[  7%]   step 6598
[  7%]   step 6599
[  7%]   step 6600
[  7%]   step 6601
[  7%]   step 6602
[  7%]   step 6603
[  7%]   step 6604
[  7%]   step 6605
[  7%]   step 6606
[  7%]   step 6607
[  7%]   step 6608
[  7%]   step 6609
[  7%]   step 6610
[  7%]   step 6611
[  7%]   step 6612
[  7%]   step 6613
[  7%]   step 6614
[  7%]   step 6615
[  7%]   step 6616
[  7%]   step 6617
[  7%]   step 6618
[  7%]   step 6619
[  7%]   step 6620
[  7%]   step 6621
[  7%]   step 6622
[  7%]   step 6623
[  7%]   step 6624
[  7%]   step 6625
[  7%]   step 6626
[  7%]   step 6627
[  7%]   step 6628
[  7%]   step 6629
[  7%]   step 6630
[  7%]   step 6631
[  7%]   step 6632
[  7%]   step 6633
[  7%]   step 6634
[  7%]   step 6635
[  7%]   step 6636
[  7%]   step 6637
[  7%]   step 6638
[  7%]   step 6639
[  7%]   step 6640
[  7%]   step 6641
+SWASH is processing output request    1
+SWASH is processing output request    2
[  7%]   step 6642
[  7%]   step 6643
[  7%]   step 6644
[  7%]   step 6645
[  7%]   step 6646
[  7%]   step 6647
[  7%]   step 6648
[  7%]   step 6649
[  7%]   step 6650
[  7%]   step 6651
[  7%]   step 6652
[  7%]   step 6653
[  7%]   step 6654
[  7%]   step 6655
[  7%]   step 6656
[  7%]   step 6657
[  7%]   step 6658
[  7%]   step 6659
[  7%]   step 6660
[  7%]   step 6661
[  7%]   step 6662
[  7%]   step 6663
[  7%]   step 6664
[  7%]   step 6665
[  7%]   step 6666
[  7%]   step 6667
[  7%]   step 6668
[  7%]   step 6669
[  7%]   step 6670
[  7%]   step 6671
[  7%]   step 6672
[  7%]   step 6673
[  7%]   step 6674
[  7%]   step 6675
[  7%]   step 6676
[  7%]   step 6677
[  7%]   step 6678
[  7%]   step 6679
[  7%]   step 6680
[  7%]   step 6681
[  7%]   step 6682
[  7%]   step 6683
[  7%]   step 6684
[  7%]   step 6685
[  7%]   step 6686
[  7%]   step 6687
[  7%]   step 6688
[  7%]   step 6689
[  7%]   step 6690
[  7%]   step 6691
[  7%]   step 6692
[  7%]   step 6693
[  7%]   step 6694
[  7%]   step 6695
[  7%]   step 6696
[  7%]   step 6697
[  8%]   step 6698
[  8%]   step 6699
[  8%]   step 6700
[  8%]   step 6701
[  8%]   step 6702
[  8%]   step 6703
[  8%]   step 6704
[  8%]   step 6705
[  8%]   step 6706
[  8%]   step 6707
[  8%]   step 6708
[  8%]   step 6709
[  8%]   step 6710
[  8%]   step 6711
[  8%]   step 6712
[  8%]   step 6713
[  8%]   step 6714
[  8%]   step 6715
[  8%]   step 6716
[  8%]   step 6717
[  8%]   step 6718
[  8%]   step 6719
[  8%]   step 6720
[  8%]   step 6721
[  8%]   step 6722
[  8%]   step 6723
[  8%]   step 6724
[  8%]   step 6725
[  8%]   step 6726
[  8%]   step 6727
[  8%]   step 6728
[  8%]   step 6729
[  8%]   step 6730
[  8%]   step 6731
[  8%]   step 6732
[  8%]   step 6733
[  8%]   step 6734
[  8%]   step 6735
[  8%]   step 6736
[  8%]   step 6737
[  8%]   step 6738
[  8%]   step 6739
[  8%]   step 6740
[  8%]   step 6741
[  8%]   step 6742
[  8%]   step 6743
[  8%]   step 6744
[  8%]   step 6745
[  8%]   step 6746
[  8%]   step 6747
[  8%]   step 6748
[  8%]   step 6749
[  8%]   step 6750
[  8%]   step 6751
[  8%]   step 6752
[  8%]   step 6753
[  8%]   step 6754
[  8%]   step 6755
[  8%]   step 6756
+SWASH is processing output request    1
+SWASH is processing output request    2
[  8%]   step 6757
[  8%]   step 6758
[  8%]   step 6759
[  8%]   step 6760
[  8%]   step 6761
[  8%]   step 6762
[  8%]   step 6763
[  8%]   step 6764
[  8%]   step 6765
[  8%]   step 6766
[  8%]   step 6767
[  8%]   step 6768
[  8%]   step 6769
[  8%]   step 6770
[  8%]   step 6771
[  8%]   step 6772
[  8%]   step 6773
[  8%]   step 6774
[  8%]   step 6775
[  8%]   step 6776
[  8%]   step 6777
[  8%]   step 6778
[  8%]   step 6779
[  8%]   step 6780
[  8%]   step 6781
[  8%]   step 6782
[  8%]   step 6783
[  8%]   step 6784
[  8%]   step 6785
[  8%]   step 6786
[  8%]   step 6787
[  8%]   step 6788
[  8%]   step 6789
[  8%]   step 6790
[  8%]   step 6791
[  8%]   step 6792
[  8%]   step 6793
[  8%]   step 6794
[  8%]   step 6795
[  8%]   step 6796
[  8%]   step 6797
[  8%]   step 6798
[  8%]   step 6799
[  8%]   step 6800
[  8%]   step 6801
[  8%]   step 6802
[  8%]   step 6803
[  8%]   step 6804
[  8%]   step 6805
[  8%]   step 6806
[  8%]   step 6807
[  8%]   step 6808
[  8%]   step 6809
[  8%]   step 6810
[  8%]   step 6811
[  8%]   step 6812
[  8%]   step 6813
[  8%]   step 6814
[  8%]   step 6815
[  8%]   step 6816
[  8%]   step 6817
[  8%]   step 6818
[  8%]   step 6819
[  8%]   step 6820
[  8%]   step 6821
[  8%]   step 6822
[  8%]   step 6823
[  8%]   step 6824
[  8%]   step 6825
[  8%]   step 6826
[  8%]   step 6827
[  8%]   step 6828
[  8%]   step 6829
[  8%]   step 6830
[  8%]   step 6831
[  8%]   step 6832
[  8%]   step 6833
[  8%]   step 6834
[  8%]   step 6835
[  8%]   step 6836
[  8%]   step 6837
[  8%]   step 6838
[  8%]   step 6839
[  8%]   step 6840
[  8%]   step 6841
[  8%]   step 6842
[  8%]   step 6843
[  8%]   step 6844
[  8%]   step 6845
[  8%]   step 6846
[  8%]   step 6847
[  8%]   step 6848
[  8%]   step 6849
[  8%]   step 6850
[  8%]   step 6851
[  8%]   step 6852
[  8%]   step 6853
[  8%]   step 6854
[  8%]   step 6855
[  8%]   step 6856
[  8%]   step 6857
[  8%]   step 6858
[  8%]   step 6859
[  8%]   step 6860
[  8%]   step 6861
[  8%]   step 6862
[  8%]   step 6863
[  8%]   step 6864
[  8%]   step 6865
[  8%]   step 6866
[  8%]   step 6867
[  8%]   step 6868
[  8%]   step 6869
[  8%]   step 6870
+SWASH is processing output request    1
+SWASH is processing output request    2
[  8%]   step 6871
[  8%]   step 6872
[  8%]   step 6873
[  8%]   step 6874
[  8%]   step 6875
[  8%]   step 6876
[  8%]   step 6877
[  8%]   step 6878
[  8%]   step 6879
[  8%]   step 6880
[  8%]   step 6881
[  8%]   step 6882
[  8%]   step 6883
[  8%]   step 6884
[  8%]   step 6885
[  8%]   step 6886
[  8%]   step 6887
[  8%]   step 6888
[  8%]   step 6889
[  8%]   step 6890
[  8%]   step 6891
[  8%]   step 6892
[  8%]   step 6893
[  8%]   step 6894
[  8%]   step 6895
[  8%]   step 6896
[  8%]   step 6897
[  8%]   step 6898
[  8%]   step 6899
[  8%]   step 6900
[  8%]   step 6901
[  8%]   step 6902
[  8%]   step 6903
[  8%]   step 6904
[  8%]   step 6905
[  8%]   step 6906
[  8%]   step 6907
[  8%]   step 6908
[  8%]   step 6909
[  8%]   step 6910
[  8%]   step 6911
[  8%]   step 6912
[  8%]   step 6913
[  8%]   step 6914
[  8%]   step 6915
[  8%]   step 6916
[  8%]   step 6917
[  8%]   step 6918
[  8%]   step 6919
[  8%]   step 6920
[  8%]   step 6921
[  8%]   step 6922
[  8%]   step 6923
[  8%]   step 6924
[  8%]   step 6925
[  8%]   step 6926
[  8%]   step 6927
[  8%]   step 6928
[  8%]   step 6929
[  8%]   step 6930
[  8%]   step 6931
[  8%]   step 6932
[  8%]   step 6933
[  8%]   step 6934
[  8%]   step 6935
[  8%]   step 6936
[  8%]   step 6937
[  8%]   step 6938
[  8%]   step 6939
[  8%]   step 6940
[  8%]   step 6941
[  8%]   step 6942
[  8%]   step 6943
[  8%]   step 6944
[  8%]   step 6945
[  8%]   step 6946
[  8%]   step 6947
[  8%]   step 6948
[  8%]   step 6949
[  8%]   step 6950
[  8%]   step 6951
[  8%]   step 6952
[  8%]   step 6953
[  8%]   step 6954
[  8%]   step 6955
[  8%]   step 6956
[  8%]   step 6957
[  8%]   step 6958
[  8%]   step 6959
[  8%]   step 6960
[  8%]   step 6961
[  8%]   step 6962
[  8%]   step 6963
[  8%]   step 6964
[  8%]   step 6965
[  8%]   step 6966
[  8%]   step 6967
[  8%]   step 6968
[  8%]   step 6969
[  8%]   step 6970
[  8%]   step 6971
[  8%]   step 6972
[  8%]   step 6973
[  8%]   step 6974
[  8%]   step 6975
[  8%]   step 6976
[  8%]   step 6977
[  8%]   step 6978
[  8%]   step 6979
[  8%]   step 6980
[  8%]   step 6981
[  8%]   step 6982
[  8%]   step 6983
[  8%]   step 6984
[  8%]   step 6985
+SWASH is processing output request    1
+SWASH is processing output request    2
[  8%]   step 6986
[  8%]   step 6987
[  8%]   step 6988
[  8%]   step 6989
[  8%]   step 6990
[  8%]   step 6991
[  8%]   step 6992
[  8%]   step 6993
[  8%]   step 6994
[  8%]   step 6995
[  8%]   step 6996
[  8%]   step 6997
[  8%]   step 6998
[  8%]   step 6999
[  8%]   step 7000
[  8%]   step 7001
[  8%]   step 7002
[  8%]   step 7003
[  8%]   step 7004
[  8%]   step 7005
[  8%]   step 7006
[  8%]   step 7007
[  8%]   step 7008
[  8%]   step 7009
[  8%]   step 7010
[  8%]   step 7011
[  8%]   step 7012
[  8%]   step 7013
[  8%]   step 7014
[  8%]   step 7015
[  8%]   step 7016
[  8%]   step 7017
[  8%]   step 7018
[  8%]   step 7019
[  8%]   step 7020
[  8%]   step 7021
[  8%]   step 7022
[  8%]   step 7023
[  8%]   step 7024
[  8%]   step 7025
[  8%]   step 7026
[  8%]   step 7027
[  8%]   step 7028
[  8%]   step 7029
[  8%]   step 7030
[  8%]   step 7031
[  8%]   step 7032
[  8%]   step 7033
[  8%]   step 7034
[  8%]   step 7035
[  8%]   step 7036
[  8%]   step 7037
[  8%]   step 7038
[  8%]   step 7039
[  8%]   step 7040
[  8%]   step 7041
[  8%]   step 7042
[  8%]   step 7043
[  8%]   step 7044
[  8%]   step 7045
[  8%]   step 7046
[  8%]   step 7047
[  8%]   step 7048
[  8%]   step 7049
[  8%]   step 7050
[  8%]   step 7051
[  8%]   step 7052
[  8%]   step 7053
[  8%]   step 7054
[  8%]   step 7055
[  8%]   step 7056
[  8%]   step 7057
[  8%]   step 7058
[  8%]   step 7059
[  8%]   step 7060
[  8%]   step 7061
[  8%]   step 7062
[  8%]   step 7063
[  8%]   step 7064
[  8%]   step 7065
[  8%]   step 7066
[  8%]   step 7067
[  8%]   step 7068
[  8%]   step 7069
[  8%]   step 7070
[  8%]   step 7071
[  8%]   step 7072
[  8%]   step 7073
[  8%]   step 7074
[  8%]   step 7075
[  8%]   step 7076
[  8%]   step 7077
[  8%]   step 7078
[  8%]   step 7079
[  8%]   step 7080
[  8%]   step 7081
[  8%]   step 7082
[  8%]   step 7083
[  8%]   step 7084
[  8%]   step 7085
[  8%]   step 7086
[  8%]   step 7087
[  8%]   step 7088
[  8%]   step 7089
[  8%]   step 7090
[  8%]   step 7091
[  8%]   step 7092
[  8%]   step 7093
[  8%]   step 7094
[  8%]   step 7095
[  8%]   step 7096
[  8%]   step 7097
[  8%]   step 7098
[  8%]   step 7099
+SWASH is processing output request    1
+SWASH is processing output request    2
[  8%]   step 7100
[  8%]   step 7101
[  8%]   step 7102
[  8%]   step 7103
[  8%]   step 7104
[  8%]   step 7105
[  8%]   step 7106
[  8%]   step 7107
[  8%]   step 7108
[  8%]   step 7109
[  8%]   step 7110
[  8%]   step 7111
[  8%]   step 7112
[  8%]   step 7113
[  8%]   step 7114
[  8%]   step 7115
[  8%]   step 7116
[  8%]   step 7117
[  8%]   step 7118
[  8%]   step 7119
[  8%]   step 7120
[  8%]   step 7121
[  8%]   step 7122
[  8%]   step 7123
[  8%]   step 7124
[  8%]   step 7125
[  8%]   step 7126
[  8%]   step 7127
[  8%]   step 7128
[  8%]   step 7129
[  8%]   step 7130
[  8%]   step 7131
[  8%]   step 7132
[  8%]   step 7133
[  8%]   step 7134
[  8%]   step 7135
[  8%]   step 7136
[  8%]   step 7137
[  8%]   step 7138
[  8%]   step 7139
[  8%]   step 7140
[  8%]   step 7141
[  8%]   step 7142
[  8%]   step 7143
[  8%]   step 7144
[  8%]   step 7145
[  8%]   step 7146
[  8%]   step 7147
[  8%]   step 7148
[  8%]   step 7149
[  8%]   step 7150
[  8%]   step 7151
[  8%]   step 7152
[  8%]   step 7153
[  8%]   step 7154
[  8%]   step 7155
[  8%]   step 7156
[  8%]   step 7157
[  8%]   step 7158
[  8%]   step 7159
[  8%]   step 7160
[  8%]   step 7161
[  8%]   step 7162
[  8%]   step 7163
[  8%]   step 7164
[  8%]   step 7165
[  8%]   step 7166
[  8%]   step 7167
[  8%]   step 7168
[  8%]   step 7169
[  8%]   step 7170
[  8%]   step 7171
[  8%]   step 7172
[  8%]   step 7173
[  8%]   step 7174
[  8%]   step 7175
[  8%]   step 7176
[  8%]   step 7177
[  8%]   step 7178
[  8%]   step 7179
[  8%]   step 7180
[  8%]   step 7181
[  8%]   step 7182
[  8%]   step 7183
[  8%]   step 7184
[  8%]   step 7185
[  8%]   step 7186
[  8%]   step 7187
[  8%]   step 7188
[  8%]   step 7189
[  8%]   step 7190
[  8%]   step 7191
[  8%]   step 7192
[  8%]   step 7193
[  8%]   step 7194
[  8%]   step 7195
[  8%]   step 7196
[  8%]   step 7197
[  8%]   step 7198
[  8%]   step 7199
[  8%]   step 7200
[  8%]   step 7201
[  8%]   step 7202
[  8%]   step 7203
[  8%]   step 7204
[  8%]   step 7205
[  8%]   step 7206
[  8%]   step 7207
[  8%]   step 7208
[  8%]   step 7209
[  8%]   step 7210
[  8%]   step 7211
[  8%]   step 7212
[  8%]   step 7213
[  8%]   step 7214
+SWASH is processing output request    1
+SWASH is processing output request    2
[  8%]   step 7215
[  8%]   step 7216
[  8%]   step 7217
[  8%]   step 7218
[  8%]   step 7219
[  8%]   step 7220
[  8%]   step 7221
[  8%]   step 7222
[  8%]   step 7223
[  8%]   step 7224
[  8%]   step 7225
[  8%]   step 7226
[  8%]   step 7227
[  8%]   step 7228
[  8%]   step 7229
[  8%]   step 7230
[  8%]   step 7231
[  8%]   step 7232
[  8%]   step 7233
[  8%]   step 7234
[  8%]   step 7235
[  8%]   step 7236
[  8%]   step 7237
[  8%]   step 7238
[  8%]   step 7239
[  8%]   step 7240
[  8%]   step 7241
[  8%]   step 7242
[  8%]   step 7243
[  8%]   step 7244
[  8%]   step 7245
[  8%]   step 7246
[  8%]   step 7247
[  8%]   step 7248
[  8%]   step 7249
[  8%]   step 7250
[  8%]   step 7251
[  8%]   step 7252
[  8%]   step 7253
[  8%]   step 7254
[  8%]   step 7255
[  8%]   step 7256
[  8%]   step 7257
[  8%]   step 7258
[  8%]   step 7259
[  8%]   step 7260
[  8%]   step 7261
[  8%]   step 7262
[  8%]   step 7263
[  8%]   step 7264
[  8%]   step 7265
[  8%]   step 7266
[  8%]   step 7267
[  8%]   step 7268
[  8%]   step 7269
[  8%]   step 7270
[  8%]   step 7271
[  8%]   step 7272
[  8%]   step 7273
[  8%]   step 7274
[  8%]   step 7275
[  8%]   step 7276
[  8%]   step 7277
[  8%]   step 7278
[  8%]   step 7279
[  8%]   step 7280
[  8%]   step 7281
[  8%]   step 7282
[  8%]   step 7283
[  8%]   step 7284
[  8%]   step 7285
[  8%]   step 7286
[  8%]   step 7287
[  8%]   step 7288
[  8%]   step 7289
[  8%]   step 7290
[  8%]   step 7291
[  8%]   step 7292
[  8%]   step 7293
[  8%]   step 7294
[  8%]   step 7295
[  8%]   step 7296
[  8%]   step 7297
[  8%]   step 7298
[  8%]   step 7299
[  8%]   step 7300
[  8%]   step 7301
[  8%]   step 7302
[  8%]   step 7303
[  8%]   step 7304
[  8%]   step 7305
[  8%]   step 7306
[  8%]   step 7307
[  8%]   step 7308
[  8%]   step 7309
[  8%]   step 7310
[  8%]   step 7311
[  8%]   step 7312
[  8%]   step 7313
[  8%]   step 7314
[  8%]   step 7315
[  8%]   step 7316
[  8%]   step 7317
[  8%]   step 7318
[  8%]   step 7319
[  8%]   step 7320
[  8%]   step 7321
[  8%]   step 7322
[  8%]   step 7323
[  8%]   step 7324
[  8%]   step 7325
[  8%]   step 7326
[  8%]   step 7327
[  8%]   step 7328
+SWASH is processing output request    1
+SWASH is processing output request    2
[  8%]   step 7329
[  8%]   step 7330
[  8%]   step 7331
[  8%]   step 7332
[  8%]   step 7333
[  8%]   step 7334
[  8%]   step 7335
[  8%]   step 7336
[  8%]   step 7337
[  8%]   step 7338
[  8%]   step 7339
[  8%]   step 7340
[  8%]   step 7341
[  8%]   step 7342
[  8%]   step 7343
[  8%]   step 7344
[  8%]   step 7345
[  8%]   step 7346
[  8%]   step 7347
[  8%]   step 7348
[  8%]   step 7349
[  8%]   step 7350
[  8%]   step 7351
[  8%]   step 7352
[  8%]   step 7353
[  8%]   step 7354
[  8%]   step 7355
[  8%]   step 7356
[  8%]   step 7357
[  8%]   step 7358
[  8%]   step 7359
[  8%]   step 7360
[  8%]   step 7361
[  8%]   step 7362
[  8%]   step 7363
[  8%]   step 7364
[  8%]   step 7365
[  8%]   step 7366
[  8%]   step 7367
[  8%]   step 7368
[  8%]   step 7369
[  8%]   step 7370
[  8%]   step 7371
[  8%]   step 7372
[  8%]   step 7373
[  8%]   step 7374
[  8%]   step 7375
[  8%]   step 7376
[  8%]   step 7377
[  8%]   step 7378
[  8%]   step 7379
[  8%]   step 7380
[  8%]   step 7381
[  8%]   step 7382
[  8%]   step 7383
[  8%]   step 7384
[  8%]   step 7385
[  8%]   step 7386
[  8%]   step 7387
[  8%]   step 7388
[  8%]   step 7389
[  8%]   step 7390
[  8%]   step 7391
[  8%]   step 7392
[  8%]   step 7393
[  8%]   step 7394
[  8%]   step 7395
[  8%]   step 7396
[  8%]   step 7397
[  8%]   step 7398
[  8%]   step 7399
[  8%]   step 7400
[  8%]   step 7401
[  8%]   step 7402
[  8%]   step 7403
[  8%]   step 7404
[  8%]   step 7405
[  8%]   step 7406
[  8%]   step 7407
[  8%]   step 7408
[  8%]   step 7409
[  8%]   step 7410
[  8%]   step 7411
[  8%]   step 7412
[  8%]   step 7413
[  8%]   step 7414
[  8%]   step 7415
[  8%]   step 7416
[  8%]   step 7417
[  8%]   step 7418
[  8%]   step 7419
[  8%]   step 7420
[  8%]   step 7421
[  8%]   step 7422
[  8%]   step 7423
[  8%]   step 7424
[  8%]   step 7425
[  8%]   step 7426
[  8%]   step 7427
[  8%]   step 7428
[  8%]   step 7429
[  8%]   step 7430
[  8%]   step 7431
[  8%]   step 7432
[  8%]   step 7433
[  8%]   step 7434
[  8%]   step 7435
[  8%]   step 7436
[  8%]   step 7437
[  8%]   step 7438
[  8%]   step 7439
[  8%]   step 7440
[  8%]   step 7441
[  8%]   step 7442
[  8%]   step 7443
+SWASH is processing output request    1
+SWASH is processing output request    2
[  8%]   step 7444
[  8%]   step 7445
[  8%]   step 7446
[  8%]   step 7447
[  8%]   step 7448
[  8%]   step 7449
[  8%]   step 7450
[  8%]   step 7451
[  8%]   step 7452
[  8%]   step 7453
[  8%]   step 7454
[  8%]   step 7455
[  8%]   step 7456
[  8%]   step 7457
[  8%]   step 7458
[  8%]   step 7459
[  8%]   step 7460
[  8%]   step 7461
[  8%]   step 7462
[  8%]   step 7463
[  8%]   step 7464
[  8%]   step 7465
[  8%]   step 7466
[  8%]   step 7467
[  8%]   step 7468
[  8%]   step 7469
[  8%]   step 7470
[  8%]   step 7471
[  8%]   step 7472
[  8%]   step 7473
[  8%]   step 7474
[  8%]   step 7475
[  8%]   step 7476
[  8%]   step 7477
[  8%]   step 7478
[  8%]   step 7479
[  8%]   step 7480
[  8%]   step 7481
[  8%]   step 7482
[  8%]   step 7483
[  8%]   step 7484
[  8%]   step 7485
[  8%]   step 7486
[  8%]   step 7487
[  8%]   step 7488
[  8%]   step 7489
[  8%]   step 7490
[  8%]   step 7491
[  8%]   step 7492
[  8%]   step 7493
[  8%]   step 7494
[  8%]   step 7495
[  8%]   step 7496
[  8%]   step 7497
[  8%]   step 7498
[  8%]   step 7499
[  8%]   step 7500
[  8%]   step 7501
[  8%]   step 7502
[  8%]   step 7503
[  8%]   step 7504
[  8%]   step 7505
[  8%]   step 7506
[  8%]   step 7507
[  8%]   step 7508
[  8%]   step 7509
[  8%]   step 7510
[  8%]   step 7511
[  8%]   step 7512
[  8%]   step 7513
[  8%]   step 7514
[  8%]   step 7515
[  8%]   step 7516
[  8%]   step 7517
[  8%]   step 7518
[  8%]   step 7519
[  8%]   step 7520
[  8%]   step 7521
[  8%]   step 7522
[  8%]   step 7523
[  8%]   step 7524
[  8%]   step 7525
[  8%]   step 7526
[  8%]   step 7527
[  8%]   step 7528
[  8%]   step 7529
[  8%]   step 7530
[  8%]   step 7531
[  8%]   step 7532
[  8%]   step 7533
[  8%]   step 7534
[  8%]   step 7535
[  8%]   step 7536
[  8%]   step 7537
[  8%]   step 7538
[  8%]   step 7539
[  8%]   step 7540
[  8%]   step 7541
[  8%]   step 7542
[  8%]   step 7543
[  8%]   step 7544
[  8%]   step 7545
[  8%]   step 7546
[  8%]   step 7547
[  8%]   step 7548
[  8%]   step 7549
[  8%]   step 7550
[  8%]   step 7551
[  8%]   step 7552
[  8%]   step 7553
[  8%]   step 7554
[  8%]   step 7555
[  8%]   step 7556
[  8%]   step 7557
+SWASH is processing output request    1
+SWASH is processing output request    2
[  8%]   step 7558
[  8%]   step 7559
[  8%]   step 7560
[  8%]   step 7561
[  8%]   step 7562
[  8%]   step 7563
[  8%]   step 7564
[  8%]   step 7565
[  8%]   step 7566
[  8%]   step 7567
[  8%]   step 7568
[  8%]   step 7569
[  8%]   step 7570
[  8%]   step 7571
[  8%]   step 7572
[  8%]   step 7573
[  8%]   step 7574
[  8%]   step 7575
[  8%]   step 7576
[  8%]   step 7577
[  8%]   step 7578
[  8%]   step 7579
[  8%]   step 7580
[  8%]   step 7581
[  8%]   step 7582
[  8%]   step 7583
[  8%]   step 7584
[  8%]   step 7585
[  8%]   step 7586
[  8%]   step 7587
[  8%]   step 7588
[  8%]   step 7589
[  8%]   step 7590
[  9%]   step 7591
[  9%]   step 7592
[  9%]   step 7593
[  9%]   step 7594
[  9%]   step 7595
[  9%]   step 7596
[  9%]   step 7597
[  9%]   step 7598
[  9%]   step 7599
[  9%]   step 7600
[  9%]   step 7601
[  9%]   step 7602
[  9%]   step 7603
[  9%]   step 7604
[  9%]   step 7605
[  9%]   step 7606
[  9%]   step 7607
[  9%]   step 7608
[  9%]   step 7609
[  9%]   step 7610
[  9%]   step 7611
[  9%]   step 7612
[  9%]   step 7613
[  9%]   step 7614
[  9%]   step 7615
[  9%]   step 7616
[  9%]   step 7617
[  9%]   step 7618
[  9%]   step 7619
[  9%]   step 7620
[  9%]   step 7621
[  9%]   step 7622
[  9%]   step 7623
[  9%]   step 7624
[  9%]   step 7625
[  9%]   step 7626
[  9%]   step 7627
[  9%]   step 7628
[  9%]   step 7629
[  9%]   step 7630
[  9%]   step 7631
[  9%]   step 7632
[  9%]   step 7633
[  9%]   step 7634
[  9%]   step 7635
[  9%]   step 7636
[  9%]   step 7637
[  9%]   step 7638
[  9%]   step 7639
[  9%]   step 7640
[  9%]   step 7641
[  9%]   step 7642
[  9%]   step 7643
[  9%]   step 7644
[  9%]   step 7645
[  9%]   step 7646
[  9%]   step 7647
[  9%]   step 7648
[  9%]   step 7649
[  9%]   step 7650
[  9%]   step 7651
[  9%]   step 7652
[  9%]   step 7653
[  9%]   step 7654
[  9%]   step 7655
[  9%]   step 7656
[  9%]   step 7657
[  9%]   step 7658
[  9%]   step 7659
[  9%]   step 7660
[  9%]   step 7661
[  9%]   step 7662
[  9%]   step 7663
[  9%]   step 7664
[  9%]   step 7665
[  9%]   step 7666
[  9%]   step 7667
[  9%]   step 7668
[  9%]   step 7669
[  9%]   step 7670
[  9%]   step 7671
[  9%]   step 7672
+SWASH is processing output request    1
+SWASH is processing output request    2
[  9%]   step 7673
[  9%]   step 7674
[  9%]   step 7675
[  9%]   step 7676
[  9%]   step 7677
[  9%]   step 7678
[  9%]   step 7679
[  9%]   step 7680
[  9%]   step 7681
[  9%]   step 7682
[  9%]   step 7683
[  9%]   step 7684
[  9%]   step 7685
[  9%]   step 7686
[  9%]   step 7687
[  9%]   step 7688
[  9%]   step 7689
[  9%]   step 7690
[  9%]   step 7691
[  9%]   step 7692
[  9%]   step 7693
[  9%]   step 7694
[  9%]   step 7695
[  9%]   step 7696
[  9%]   step 7697
[  9%]   step 7698
[  9%]   step 7699
[  9%]   step 7700
[  9%]   step 7701
[  9%]   step 7702
[  9%]   step 7703
[  9%]   step 7704
[  9%]   step 7705
[  9%]   step 7706
[  9%]   step 7707
[  9%]   step 7708
[  9%]   step 7709
[  9%]   step 7710
[  9%]   step 7711
[  9%]   step 7712
[  9%]   step 7713
[  9%]   step 7714
[  9%]   step 7715
[  9%]   step 7716
[  9%]   step 7717
[  9%]   step 7718
[  9%]   step 7719
[  9%]   step 7720
[  9%]   step 7721
[  9%]   step 7722
[  9%]   step 7723
[  9%]   step 7724
[  9%]   step 7725
[  9%]   step 7726
[  9%]   step 7727
[  9%]   step 7728
[  9%]   step 7729
[  9%]   step 7730
[  9%]   step 7731
[  9%]   step 7732
[  9%]   step 7733
[  9%]   step 7734
[  9%]   step 7735
[  9%]   step 7736
[  9%]   step 7737
[  9%]   step 7738
[  9%]   step 7739
[  9%]   step 7740
[  9%]   step 7741
[  9%]   step 7742
[  9%]   step 7743
[  9%]   step 7744
[  9%]   step 7745
[  9%]   step 7746
[  9%]   step 7747
[  9%]   step 7748
[  9%]   step 7749
[  9%]   step 7750
[  9%]   step 7751
[  9%]   step 7752
[  9%]   step 7753
[  9%]   step 7754
[  9%]   step 7755
[  9%]   step 7756
[  9%]   step 7757
[  9%]   step 7758
[  9%]   step 7759
[  9%]   step 7760
[  9%]   step 7761
[  9%]   step 7762
[  9%]   step 7763
[  9%]   step 7764
[  9%]   step 7765
[  9%]   step 7766
[  9%]   step 7767
[  9%]   step 7768
[  9%]   step 7769
[  9%]   step 7770
[  9%]   step 7771
[  9%]   step 7772
[  9%]   step 7773
[  9%]   step 7774
[  9%]   step 7775
[  9%]   step 7776
[  9%]   step 7777
[  9%]   step 7778
[  9%]   step 7779
[  9%]   step 7780
[  9%]   step 7781
[  9%]   step 7782
[  9%]   step 7783
[  9%]   step 7784
[  9%]   step 7785
[  9%]   step 7786
+SWASH is processing output request    1
+SWASH is processing output request    2
[  9%]   step 7787
[  9%]   step 7788
[  9%]   step 7789
[  9%]   step 7790
[  9%]   step 7791
[  9%]   step 7792
[  9%]   step 7793
[  9%]   step 7794
[  9%]   step 7795
[  9%]   step 7796
[  9%]   step 7797
[  9%]   step 7798
[  9%]   step 7799
[  9%]   step 7800
[  9%]   step 7801
[  9%]   step 7802
[  9%]   step 7803
[  9%]   step 7804
[  9%]   step 7805
[  9%]   step 7806
[  9%]   step 7807
[  9%]   step 7808
[  9%]   step 7809
[  9%]   step 7810
[  9%]   step 7811
[  9%]   step 7812
[  9%]   step 7813
[  9%]   step 7814
[  9%]   step 7815
[  9%]   step 7816
[  9%]   step 7817
[  9%]   step 7818
[  9%]   step 7819
[  9%]   step 7820
[  9%]   step 7821
[  9%]   step 7822
[  9%]   step 7823
[  9%]   step 7824
[  9%]   step 7825
[  9%]   step 7826
[  9%]   step 7827
[  9%]   step 7828
[  9%]   step 7829
[  9%]   step 7830
[  9%]   step 7831
[  9%]   step 7832
[  9%]   step 7833
[  9%]   step 7834
[  9%]   step 7835
[  9%]   step 7836
[  9%]   step 7837
[  9%]   step 7838
[  9%]   step 7839
[  9%]   step 7840
[  9%]   step 7841
[  9%]   step 7842
[  9%]   step 7843
[  9%]   step 7844
[  9%]   step 7845
[  9%]   step 7846
[  9%]   step 7847
[  9%]   step 7848
[  9%]   step 7849
[  9%]   step 7850
[  9%]   step 7851
[  9%]   step 7852
[  9%]   step 7853
[  9%]   step 7854
[  9%]   step 7855
[  9%]   step 7856
[  9%]   step 7857
[  9%]   step 7858
[  9%]   step 7859
[  9%]   step 7860
[  9%]   step 7861
[  9%]   step 7862
[  9%]   step 7863
[  9%]   step 7864
[  9%]   step 7865
[  9%]   step 7866
[  9%]   step 7867
[  9%]   step 7868
[  9%]   step 7869
[  9%]   step 7870
[  9%]   step 7871
[  9%]   step 7872
[  9%]   step 7873
[  9%]   step 7874
[  9%]   step 7875
[  9%]   step 7876
[  9%]   step 7877
[  9%]   step 7878
[  9%]   step 7879
[  9%]   step 7880
[  9%]   step 7881
[  9%]   step 7882
[  9%]   step 7883
[  9%]   step 7884
[  9%]   step 7885
[  9%]   step 7886
[  9%]   step 7887
[  9%]   step 7888
[  9%]   step 7889
[  9%]   step 7890
[  9%]   step 7891
[  9%]   step 7892
[  9%]   step 7893
[  9%]   step 7894
[  9%]   step 7895
[  9%]   step 7896
[  9%]   step 7897
[  9%]   step 7898
[  9%]   step 7899
[  9%]   step 7900
[  9%]   step 7901
+SWASH is processing output request    1
+SWASH is processing output request    2
[  9%]   step 7902
[  9%]   step 7903
[  9%]   step 7904
[  9%]   step 7905
[  9%]   step 7906
[  9%]   step 7907
[  9%]   step 7908
[  9%]   step 7909
[  9%]   step 7910
[  9%]   step 7911
[  9%]   step 7912
[  9%]   step 7913
[  9%]   step 7914
[  9%]   step 7915
[  9%]   step 7916
[  9%]   step 7917
[  9%]   step 7918
[  9%]   step 7919
[  9%]   step 7920
[  9%]   step 7921
[  9%]   step 7922
[  9%]   step 7923
[  9%]   step 7924
[  9%]   step 7925
[  9%]   step 7926
[  9%]   step 7927
[  9%]   step 7928
[  9%]   step 7929
[  9%]   step 7930
[  9%]   step 7931
[  9%]   step 7932
[  9%]   step 7933
[  9%]   step 7934
[  9%]   step 7935
[  9%]   step 7936
[  9%]   step 7937
[  9%]   step 7938
[  9%]   step 7939
[  9%]   step 7940
[  9%]   step 7941
[  9%]   step 7942
[  9%]   step 7943
[  9%]   step 7944
[  9%]   step 7945
[  9%]   step 7946
[  9%]   step 7947
[  9%]   step 7948
[  9%]   step 7949
[  9%]   step 7950
[  9%]   step 7951
[  9%]   step 7952
[  9%]   step 7953
[  9%]   step 7954
[  9%]   step 7955
[  9%]   step 7956
[  9%]   step 7957
[  9%]   step 7958
[  9%]   step 7959
[  9%]   step 7960
[  9%]   step 7961
[  9%]   step 7962
[  9%]   step 7963
[  9%]   step 7964
[  9%]   step 7965
[  9%]   step 7966
[  9%]   step 7967
[  9%]   step 7968
[  9%]   step 7969
[  9%]   step 7970
[  9%]   step 7971
[  9%]   step 7972
[  9%]   step 7973
[  9%]   step 7974
[  9%]   step 7975
[  9%]   step 7976
[  9%]   step 7977
[  9%]   step 7978
[  9%]   step 7979
[  9%]   step 7980
[  9%]   step 7981
[  9%]   step 7982
[  9%]   step 7983
[  9%]   step 7984
[  9%]   step 7985
[  9%]   step 7986
[  9%]   step 7987
[  9%]   step 7988
[  9%]   step 7989
[  9%]   step 7990
[  9%]   step 7991
[  9%]   step 7992
[  9%]   step 7993
[  9%]   step 7994
[  9%]   step 7995
[  9%]   step 7996
[  9%]   step 7997
[  9%]   step 7998
[  9%]   step 7999
[  9%]   step 8000
[  9%]   step 8001
[  9%]   step 8002
[  9%]   step 8003
[  9%]   step 8004
[  9%]   step 8005
[  9%]   step 8006
[  9%]   step 8007
[  9%]   step 8008
[  9%]   step 8009
[  9%]   step 8010
[  9%]   step 8011
[  9%]   step 8012
[  9%]   step 8013
[  9%]   step 8014
[  9%]   step 8015
+SWASH is processing output request    1
+SWASH is processing output request    2
[  9%]   step 8016
[  9%]   step 8017
[  9%]   step 8018
[  9%]   step 8019
[  9%]   step 8020
[  9%]   step 8021
[  9%]   step 8022
[  9%]   step 8023
[  9%]   step 8024
[  9%]   step 8025
[  9%]   step 8026
[  9%]   step 8027
[  9%]   step 8028
[  9%]   step 8029
[  9%]   step 8030
[  9%]   step 8031
[  9%]   step 8032
[  9%]   step 8033
[  9%]   step 8034
[  9%]   step 8035
[  9%]   step 8036
[  9%]   step 8037
[  9%]   step 8038
[  9%]   step 8039
[  9%]   step 8040
[  9%]   step 8041
[  9%]   step 8042
[  9%]   step 8043
[  9%]   step 8044
[  9%]   step 8045
[  9%]   step 8046
[  9%]   step 8047
[  9%]   step 8048
[  9%]   step 8049
[  9%]   step 8050
[  9%]   step 8051
[  9%]   step 8052
[  9%]   step 8053
[  9%]   step 8054
[  9%]   step 8055
[  9%]   step 8056
[  9%]   step 8057
[  9%]   step 8058
[  9%]   step 8059
[  9%]   step 8060
[  9%]   step 8061
[  9%]   step 8062
[  9%]   step 8063
[  9%]   step 8064
[  9%]   step 8065
[  9%]   step 8066
[  9%]   step 8067
[  9%]   step 8068
[  9%]   step 8069
[  9%]   step 8070
[  9%]   step 8071
[  9%]   step 8072
[  9%]   step 8073
[  9%]   step 8074
[  9%]   step 8075
[  9%]   step 8076
[  9%]   step 8077
[  9%]   step 8078
[  9%]   step 8079
[  9%]   step 8080
[  9%]   step 8081
[  9%]   step 8082
[  9%]   step 8083
[  9%]   step 8084
[  9%]   step 8085
[  9%]   step 8086
[  9%]   step 8087
[  9%]   step 8088
[  9%]   step 8089
[  9%]   step 8090
[  9%]   step 8091
[  9%]   step 8092
[  9%]   step 8093
[  9%]   step 8094
[  9%]   step 8095
[  9%]   step 8096
[  9%]   step 8097
[  9%]   step 8098
[  9%]   step 8099
[  9%]   step 8100
[  9%]   step 8101
[  9%]   step 8102
[  9%]   step 8103
[  9%]   step 8104
[  9%]   step 8105
[  9%]   step 8106
[  9%]   step 8107
[  9%]   step 8108
[  9%]   step 8109
[  9%]   step 8110
[  9%]   step 8111
[  9%]   step 8112
[  9%]   step 8113
[  9%]   step 8114
[  9%]   step 8115
[  9%]   step 8116
[  9%]   step 8117
[  9%]   step 8118
[  9%]   step 8119
[  9%]   step 8120
[  9%]   step 8121
[  9%]   step 8122
[  9%]   step 8123
[  9%]   step 8124
[  9%]   step 8125
[  9%]   step 8126
[  9%]   step 8127
[  9%]   step 8128
[  9%]   step 8129
[  9%]   step 8130
+SWASH is processing output request    1
+SWASH is processing output request    2
[  9%]   step 8131
[  9%]   step 8132
[  9%]   step 8133
[  9%]   step 8134
[  9%]   step 8135
[  9%]   step 8136
[  9%]   step 8137
[  9%]   step 8138
[  9%]   step 8139
[  9%]   step 8140
[  9%]   step 8141
[  9%]   step 8142
[  9%]   step 8143
[  9%]   step 8144
[  9%]   step 8145
[  9%]   step 8146
[  9%]   step 8147
[  9%]   step 8148
[  9%]   step 8149
[  9%]   step 8150
[  9%]   step 8151
[  9%]   step 8152
[  9%]   step 8153
[  9%]   step 8154
[  9%]   step 8155
[  9%]   step 8156
[  9%]   step 8157
[  9%]   step 8158
[  9%]   step 8159
[  9%]   step 8160
[  9%]   step 8161
[  9%]   step 8162
[  9%]   step 8163
[  9%]   step 8164
[  9%]   step 8165
[  9%]   step 8166
[  9%]   step 8167
[  9%]   step 8168
[  9%]   step 8169
[  9%]   step 8170
[  9%]   step 8171
[  9%]   step 8172
[  9%]   step 8173
[  9%]   step 8174
[  9%]   step 8175
[  9%]   step 8176
[  9%]   step 8177
[  9%]   step 8178
[  9%]   step 8179
[  9%]   step 8180
[  9%]   step 8181
[  9%]   step 8182
[  9%]   step 8183
[  9%]   step 8184
[  9%]   step 8185
[  9%]   step 8186
[  9%]   step 8187
[  9%]   step 8188
[  9%]   step 8189
[  9%]   step 8190
[  9%]   step 8191
[  9%]   step 8192
[  9%]   step 8193
[  9%]   step 8194
[  9%]   step 8195
[  9%]   step 8196
[  9%]   step 8197
[  9%]   step 8198
[  9%]   step 8199
[  9%]   step 8200
[  9%]   step 8201
[  9%]   step 8202
[  9%]   step 8203
[  9%]   step 8204
[  9%]   step 8205
[  9%]   step 8206
[  9%]   step 8207
[  9%]   step 8208
[  9%]   step 8209
[  9%]   step 8210
[  9%]   step 8211
[  9%]   step 8212
[  9%]   step 8213
[  9%]   step 8214
[  9%]   step 8215
[  9%]   step 8216
[  9%]   step 8217
[  9%]   step 8218
[  9%]   step 8219
[  9%]   step 8220
[  9%]   step 8221
[  9%]   step 8222
[  9%]   step 8223
[  9%]   step 8224
[  9%]   step 8225
[  9%]   step 8226
[  9%]   step 8227
[  9%]   step 8228
[  9%]   step 8229
[  9%]   step 8230
[  9%]   step 8231
[  9%]   step 8232
[  9%]   step 8233
[  9%]   step 8234
[  9%]   step 8235
[  9%]   step 8236
[  9%]   step 8237
[  9%]   step 8238
[  9%]   step 8239
[  9%]   step 8240
[  9%]   step 8241
[  9%]   step 8242
[  9%]   step 8243
[  9%]   step 8244
+SWASH is processing output request    1
+SWASH is processing output request    2
[  9%]   step 8245
[  9%]   step 8246
[  9%]   step 8247
[  9%]   step 8248
[  9%]   step 8249
[  9%]   step 8250
[  9%]   step 8251
[  9%]   step 8252
[  9%]   step 8253
[  9%]   step 8254
[  9%]   step 8255
[  9%]   step 8256
[  9%]   step 8257
[  9%]   step 8258
[  9%]   step 8259
[  9%]   step 8260
[  9%]   step 8261
[  9%]   step 8262
[  9%]   step 8263
[  9%]   step 8264
[  9%]   step 8265
[  9%]   step 8266
[  9%]   step 8267
[  9%]   step 8268
[  9%]   step 8269
[  9%]   step 8270
[  9%]   step 8271
[  9%]   step 8272
[  9%]   step 8273
[  9%]   step 8274
[  9%]   step 8275
[  9%]   step 8276
[  9%]   step 8277
[  9%]   step 8278
[  9%]   step 8279
[  9%]   step 8280
[  9%]   step 8281
[  9%]   step 8282
[  9%]   step 8283
[  9%]   step 8284
[  9%]   step 8285
[  9%]   step 8286
[  9%]   step 8287
[  9%]   step 8288
[  9%]   step 8289
[  9%]   step 8290
[  9%]   step 8291
[  9%]   step 8292
[  9%]   step 8293
[  9%]   step 8294
[  9%]   step 8295
[  9%]   step 8296
[  9%]   step 8297
[  9%]   step 8298
[  9%]   step 8299
[  9%]   step 8300
[  9%]   step 8301
[  9%]   step 8302
[  9%]   step 8303
[  9%]   step 8304
[  9%]   step 8305
[  9%]   step 8306
[  9%]   step 8307
[  9%]   step 8308
[  9%]   step 8309
[  9%]   step 8310
[  9%]   step 8311
[  9%]   step 8312
[  9%]   step 8313
[  9%]   step 8314
[  9%]   step 8315
[  9%]   step 8316
[  9%]   step 8317
[  9%]   step 8318
[  9%]   step 8319
[  9%]   step 8320
[  9%]   step 8321
[  9%]   step 8322
[  9%]   step 8323
[  9%]   step 8324
[  9%]   step 8325
[  9%]   step 8326
[  9%]   step 8327
[  9%]   step 8328
[  9%]   step 8329
[  9%]   step 8330
[  9%]   step 8331
[  9%]   step 8332
[  9%]   step 8333
[  9%]   step 8334
[  9%]   step 8335
[  9%]   step 8336
[  9%]   step 8337
[  9%]   step 8338
[  9%]   step 8339
[  9%]   step 8340
[  9%]   step 8341
[  9%]   step 8342
[  9%]   step 8343
[  9%]   step 8344
[  9%]   step 8345
[  9%]   step 8346
[  9%]   step 8347
[  9%]   step 8348
[  9%]   step 8349
[  9%]   step 8350
[  9%]   step 8351
[  9%]   step 8352
[  9%]   step 8353
[  9%]   step 8354
[  9%]   step 8355
[  9%]   step 8356
[  9%]   step 8357
[  9%]   step 8358
[  9%]   step 8359
+SWASH is processing output request    1
+SWASH is processing output request    2
[  9%]   step 8360
[  9%]   step 8361
[  9%]   step 8362
[  9%]   step 8363
[  9%]   step 8364
[  9%]   step 8365
[  9%]   step 8366
[  9%]   step 8367
[  9%]   step 8368
[  9%]   step 8369
[  9%]   step 8370
[  9%]   step 8371
[  9%]   step 8372
[  9%]   step 8373
[  9%]   step 8374
[  9%]   step 8375
[  9%]   step 8376
[  9%]   step 8377
[  9%]   step 8378
[  9%]   step 8379
[  9%]   step 8380
[  9%]   step 8381
[  9%]   step 8382
[  9%]   step 8383
[  9%]   step 8384
[  9%]   step 8385
[  9%]   step 8386
[  9%]   step 8387
[  9%]   step 8388
[  9%]   step 8389
[  9%]   step 8390
[  9%]   step 8391
[  9%]   step 8392
[  9%]   step 8393
[  9%]   step 8394
[  9%]   step 8395
[  9%]   step 8396
[  9%]   step 8397
[  9%]   step 8398
[  9%]   step 8399
[  9%]   step 8400
[  9%]   step 8401
[  9%]   step 8402
[  9%]   step 8403
[  9%]   step 8404
[  9%]   step 8405
[  9%]   step 8406
[  9%]   step 8407
[  9%]   step 8408
[  9%]   step 8409
[  9%]   step 8410
[  9%]   step 8411
[  9%]   step 8412
[  9%]   step 8413
[  9%]   step 8414
[  9%]   step 8415
[  9%]   step 8416
[  9%]   step 8417
[  9%]   step 8418
[  9%]   step 8419
[  9%]   step 8420
[  9%]   step 8421
[  9%]   step 8422
[  9%]   step 8423
[  9%]   step 8424
[  9%]   step 8425
[  9%]   step 8426
[  9%]   step 8427
[  9%]   step 8428
[  9%]   step 8429
[  9%]   step 8430
[  9%]   step 8431
[  9%]   step 8432
[  9%]   step 8433
[  9%]   step 8434
[  9%]   step 8435
[  9%]   step 8436
[  9%]   step 8437
[  9%]   step 8438
[  9%]   step 8439
[  9%]   step 8440
[  9%]   step 8441
[  9%]   step 8442
[  9%]   step 8443
[  9%]   step 8444
[  9%]   step 8445
[  9%]   step 8446
[  9%]   step 8447
[  9%]   step 8448
[  9%]   step 8449
[  9%]   step 8450
[  9%]   step 8451
[  9%]   step 8452
[  9%]   step 8453
[  9%]   step 8454
[  9%]   step 8455
[  9%]   step 8456
[  9%]   step 8457
[  9%]   step 8458
[  9%]   step 8459
[  9%]   step 8460
[  9%]   step 8461
[  9%]   step 8462
[  9%]   step 8463
[  9%]   step 8464
[  9%]   step 8465
[  9%]   step 8466
[  9%]   step 8467
[  9%]   step 8468
[  9%]   step 8469
[  9%]   step 8470
[  9%]   step 8471
[  9%]   step 8472
[  9%]   step 8473
+SWASH is processing output request    1
+SWASH is processing output request    2
[  9%]   step 8474
[  9%]   step 8475
[  9%]   step 8476
[  9%]   step 8477
[  9%]   step 8478
[  9%]   step 8479
[  9%]   step 8480
[  9%]   step 8481
[  9%]   step 8482
[  9%]   step 8483
[ 10%]   step 8484
[ 10%]   step 8485
[ 10%]   step 8486
[ 10%]   step 8487
[ 10%]   step 8488
[ 10%]   step 8489
[ 10%]   step 8490
[ 10%]   step 8491
[ 10%]   step 8492
[ 10%]   step 8493
[ 10%]   step 8494
[ 10%]   step 8495
[ 10%]   step 8496
[ 10%]   step 8497
[ 10%]   step 8498
[ 10%]   step 8499
[ 10%]   step 8500
[ 10%]   step 8501
[ 10%]   step 8502
[ 10%]   step 8503
[ 10%]   step 8504
[ 10%]   step 8505
[ 10%]   step 8506
[ 10%]   step 8507
[ 10%]   step 8508
[ 10%]   step 8509
[ 10%]   step 8510
[ 10%]   step 8511
[ 10%]   step 8512
[ 10%]   step 8513
[ 10%]   step 8514
[ 10%]   step 8515
[ 10%]   step 8516
[ 10%]   step 8517
[ 10%]   step 8518
[ 10%]   step 8519
[ 10%]   step 8520
[ 10%]   step 8521
[ 10%]   step 8522
[ 10%]   step 8523
[ 10%]   step 8524
[ 10%]   step 8525
[ 10%]   step 8526
[ 10%]   step 8527
[ 10%]   step 8528
[ 10%]   step 8529
[ 10%]   step 8530
[ 10%]   step 8531
[ 10%]   step 8532
[ 10%]   step 8533
[ 10%]   step 8534
[ 10%]   step 8535
[ 10%]   step 8536
[ 10%]   step 8537
[ 10%]   step 8538
[ 10%]   step 8539
[ 10%]   step 8540
[ 10%]   step 8541
[ 10%]   step 8542
[ 10%]   step 8543
[ 10%]   step 8544
[ 10%]   step 8545
[ 10%]   step 8546
[ 10%]   step 8547
[ 10%]   step 8548
[ 10%]   step 8549
[ 10%]   step 8550
[ 10%]   step 8551
[ 10%]   step 8552
[ 10%]   step 8553
[ 10%]   step 8554
[ 10%]   step 8555
[ 10%]   step 8556
[ 10%]   step 8557
[ 10%]   step 8558
[ 10%]   step 8559
[ 10%]   step 8560
[ 10%]   step 8561
[ 10%]   step 8562
[ 10%]   step 8563
[ 10%]   step 8564
[ 10%]   step 8565
[ 10%]   step 8566
[ 10%]   step 8567
[ 10%]   step 8568
[ 10%]   step 8569
[ 10%]   step 8570
[ 10%]   step 8571
[ 10%]   step 8572
[ 10%]   step 8573
[ 10%]   step 8574
[ 10%]   step 8575
[ 10%]   step 8576
[ 10%]   step 8577
[ 10%]   step 8578
[ 10%]   step 8579
[ 10%]   step 8580
[ 10%]   step 8581
[ 10%]   step 8582
[ 10%]   step 8583
[ 10%]   step 8584
[ 10%]   step 8585
[ 10%]   step 8586
[ 10%]   step 8587
[ 10%]   step 8588
+SWASH is processing output request    1
+SWASH is processing output request    2
[ 10%]   step 8589
[ 10%]   step 8590
[ 10%]   step 8591
[ 10%]   step 8592
[ 10%]   step 8593
[ 10%]   step 8594
[ 10%]   step 8595
[ 10%]   step 8596
[ 10%]   step 8597
[ 10%]   step 8598
[ 10%]   step 8599
[ 10%]   step 8600
[ 10%]   step 8601
[ 10%]   step 8602
[ 10%]   step 8603
[ 10%]   step 8604
[ 10%]   step 8605
[ 10%]   step 8606
[ 10%]   step 8607
[ 10%]   step 8608
[ 10%]   step 8609
[ 10%]   step 8610
[ 10%]   step 8611
[ 10%]   step 8612
[ 10%]   step 8613
[ 10%]   step 8614
[ 10%]   step 8615
[ 10%]   step 8616
[ 10%]   step 8617
[ 10%]   step 8618
[ 10%]   step 8619
[ 10%]   step 8620
[ 10%]   step 8621
[ 10%]   step 8622
[ 10%]   step 8623
[ 10%]   step 8624
[ 10%]   step 8625
[ 10%]   step 8626
[ 10%]   step 8627
[ 10%]   step 8628
[ 10%]   step 8629
[ 10%]   step 8630
[ 10%]   step 8631
[ 10%]   step 8632
[ 10%]   step 8633
[ 10%]   step 8634
[ 10%]   step 8635
[ 10%]   step 8636
[ 10%]   step 8637
[ 10%]   step 8638
[ 10%]   step 8639
[ 10%]   step 8640
[ 10%]   step 8641
[ 10%]   step 8642
[ 10%]   step 8643
[ 10%]   step 8644
[ 10%]   step 8645
[ 10%]   step 8646
[ 10%]   step 8647
[ 10%]   step 8648
[ 10%]   step 8649
[ 10%]   step 8650
[ 10%]   step 8651
[ 10%]   step 8652
[ 10%]   step 8653
[ 10%]   step 8654
[ 10%]   step 8655
[ 10%]   step 8656
[ 10%]   step 8657
[ 10%]   step 8658
[ 10%]   step 8659
[ 10%]   step 8660
[ 10%]   step 8661
[ 10%]   step 8662
[ 10%]   step 8663
[ 10%]   step 8664
[ 10%]   step 8665
[ 10%]   step 8666
[ 10%]   step 8667
[ 10%]   step 8668
[ 10%]   step 8669
[ 10%]   step 8670
[ 10%]   step 8671
[ 10%]   step 8672
[ 10%]   step 8673
[ 10%]   step 8674
[ 10%]   step 8675
[ 10%]   step 8676
[ 10%]   step 8677
[ 10%]   step 8678
[ 10%]   step 8679
[ 10%]   step 8680
[ 10%]   step 8681
[ 10%]   step 8682
[ 10%]   step 8683
[ 10%]   step 8684
[ 10%]   step 8685
[ 10%]   step 8686
[ 10%]   step 8687
[ 10%]   step 8688
[ 10%]   step 8689
[ 10%]   step 8690
[ 10%]   step 8691
[ 10%]   step 8692
[ 10%]   step 8693
[ 10%]   step 8694
[ 10%]   step 8695
[ 10%]   step 8696
[ 10%]   step 8697
[ 10%]   step 8698
[ 10%]   step 8699
[ 10%]   step 8700
[ 10%]   step 8701
[ 10%]   step 8702
+SWASH is processing output request    1
+SWASH is processing output request    2
[ 10%]   step 8703
[ 10%]   step 8704
[ 10%]   step 8705
[ 10%]   step 8706
[ 10%]   step 8707
[ 10%]   step 8708
[ 10%]   step 8709
[ 10%]   step 8710
[ 10%]   step 8711
[ 10%]   step 8712
[ 10%]   step 8713
[ 10%]   step 8714
[ 10%]   step 8715
[ 10%]   step 8716
[ 10%]   step 8717
[ 10%]   step 8718
[ 10%]   step 8719
[ 10%]   step 8720
[ 10%]   step 8721
[ 10%]   step 8722
[ 10%]   step 8723
[ 10%]   step 8724
[ 10%]   step 8725
[ 10%]   step 8726
[ 10%]   step 8727
[ 10%]   step 8728
[ 10%]   step 8729
[ 10%]   step 8730
[ 10%]   step 8731
[ 10%]   step 8732
[ 10%]   step 8733
[ 10%]   step 8734
[ 10%]   step 8735
[ 10%]   step 8736
[ 10%]   step 8737
[ 10%]   step 8738
[ 10%]   step 8739
[ 10%]   step 8740
[ 10%]   step 8741
[ 10%]   step 8742
[ 10%]   step 8743
[ 10%]   step 8744
[ 10%]   step 8745
[ 10%]   step 8746
[ 10%]   step 8747
[ 10%]   step 8748
[ 10%]   step 8749
[ 10%]   step 8750
[ 10%]   step 8751
[ 10%]   step 8752
[ 10%]   step 8753
[ 10%]   step 8754
[ 10%]   step 8755
[ 10%]   step 8756
[ 10%]   step 8757
[ 10%]   step 8758
[ 10%]   step 8759
[ 10%]   step 8760
[ 10%]   step 8761
[ 10%]   step 8762
[ 10%]   step 8763
[ 10%]   step 8764
[ 10%]   step 8765
[ 10%]   step 8766
[ 10%]   step 8767
[ 10%]   step 8768
[ 10%]   step 8769
[ 10%]   step 8770
[ 10%]   step 8771
[ 10%]   step 8772
[ 10%]   step 8773
[ 10%]   step 8774
[ 10%]   step 8775
[ 10%]   step 8776
[ 10%]   step 8777
[ 10%]   step 8778
[ 10%]   step 8779
[ 10%]   step 8780
[ 10%]   step 8781
[ 10%]   step 8782
[ 10%]   step 8783
[ 10%]   step 8784
[ 10%]   step 8785
[ 10%]   step 8786
[ 10%]   step 8787
[ 10%]   step 8788
[ 10%]   step 8789
[ 10%]   step 8790
[ 10%]   step 8791
[ 10%]   step 8792
[ 10%]   step 8793
[ 10%]   step 8794
[ 10%]   step 8795
[ 10%]   step 8796
[ 10%]   step 8797
[ 10%]   step 8798
[ 10%]   step 8799
[ 10%]   step 8800
[ 10%]   step 8801
[ 10%]   step 8802
[ 10%]   step 8803
[ 10%]   step 8804
[ 10%]   step 8805
[ 10%]   step 8806
[ 10%]   step 8807
[ 10%]   step 8808
[ 10%]   step 8809
[ 10%]   step 8810
[ 10%]   step 8811
[ 10%]   step 8812
[ 10%]   step 8813
[ 10%]   step 8814
[ 10%]   step 8815
[ 10%]   step 8816
+SWASH is processing output request    1
+SWASH is processing output request    2
[ 10%]   step 8817
[ 10%]   step 8818
[ 10%]   step 8819
[ 10%]   step 8820
[ 10%]   step 8821
[ 10%]   step 8822
[ 10%]   step 8823
[ 10%]   step 8824
[ 10%]   step 8825
[ 10%]   step 8826
[ 10%]   step 8827
[ 10%]   step 8828
[ 10%]   step 8829
[ 10%]   step 8830
[ 10%]   step 8831
[ 10%]   step 8832
[ 10%]   step 8833
[ 10%]   step 8834
[ 10%]   step 8835
[ 10%]   step 8836
[ 10%]   step 8837
[ 10%]   step 8838
[ 10%]   step 8839
[ 10%]   step 8840
[ 10%]   step 8841
[ 10%]   step 8842
[ 10%]   step 8843
[ 10%]   step 8844
[ 10%]   step 8845
[ 10%]   step 8846
[ 10%]   step 8847
[ 10%]   step 8848
[ 10%]   step 8849
[ 10%]   step 8850
[ 10%]   step 8851
[ 10%]   step 8852
[ 10%]   step 8853
[ 10%]   step 8854
[ 10%]   step 8855
[ 10%]   step 8856
[ 10%]   step 8857
[ 10%]   step 8858
[ 10%]   step 8859
[ 10%]   step 8860
[ 10%]   step 8861
[ 10%]   step 8862
[ 10%]   step 8863
[ 10%]   step 8864
[ 10%]   step 8865
[ 10%]   step 8866
[ 10%]   step 8867
[ 10%]   step 8868
[ 10%]   step 8869
[ 10%]   step 8870
[ 10%]   step 8871
[ 10%]   step 8872
[ 10%]   step 8873
[ 10%]   step 8874
[ 10%]   step 8875
[ 10%]   step 8876
[ 10%]   step 8877
[ 10%]   step 8878
[ 10%]   step 8879
[ 10%]   step 8880
[ 10%]   step 8881
[ 10%]   step 8882
[ 10%]   step 8883
[ 10%]   step 8884
[ 10%]   step 8885
[ 10%]   step 8886
[ 10%]   step 8887
[ 10%]   step 8888
[ 10%]   step 8889
[ 10%]   step 8890
[ 10%]   step 8891
[ 10%]   step 8892
[ 10%]   step 8893
[ 10%]   step 8894
[ 10%]   step 8895
[ 10%]   step 8896
[ 10%]   step 8897
[ 10%]   step 8898
[ 10%]   step 8899
[ 10%]   step 8900
[ 10%]   step 8901
[ 10%]   step 8902
[ 10%]   step 8903
[ 10%]   step 8904
[ 10%]   step 8905
[ 10%]   step 8906
[ 10%]   step 8907
[ 10%]   step 8908
[ 10%]   step 8909
[ 10%]   step 8910
[ 10%]   step 8911
[ 10%]   step 8912
[ 10%]   step 8913
[ 10%]   step 8914
[ 10%]   step 8915
[ 10%]   step 8916
[ 10%]   step 8917
[ 10%]   step 8918
[ 10%]   step 8919
[ 10%]   step 8920
[ 10%]   step 8921
[ 10%]   step 8922
[ 10%]   step 8923
[ 10%]   step 8924
[ 10%]   step 8925
[ 10%]   step 8926
[ 10%]   step 8927
[ 10%]   step 8928
[ 10%]   step 8929
[ 10%]   step 8930
[ 10%]   step 8931
+SWASH is processing output request    1
+SWASH is processing output request    2
[ 10%]   step 8932
[ 10%]   step 8933
[ 10%]   step 8934
[ 10%]   step 8935
[ 10%]   step 8936
[ 10%]   step 8937
[ 10%]   step 8938
[ 10%]   step 8939
[ 10%]   step 8940
[ 10%]   step 8941
[ 10%]   step 8942
[ 10%]   step 8943
[ 10%]   step 8944
[ 10%]   step 8945
[ 10%]   step 8946
[ 10%]   step 8947
[ 10%]   step 8948
[ 10%]   step 8949
[ 10%]   step 8950
[ 10%]   step 8951
[ 10%]   step 8952
[ 10%]   step 8953
[ 10%]   step 8954
[ 10%]   step 8955
[ 10%]   step 8956
[ 10%]   step 8957
[ 10%]   step 8958
[ 10%]   step 8959
[ 10%]   step 8960
[ 10%]   step 8961
[ 10%]   step 8962
[ 10%]   step 8963
[ 10%]   step 8964
[ 10%]   step 8965
[ 10%]   step 8966
[ 10%]   step 8967
[ 10%]   step 8968
[ 10%]   step 8969
[ 10%]   step 8970
[ 10%]   step 8971
[ 10%]   step 8972
[ 10%]   step 8973
[ 10%]   step 8974
[ 10%]   step 8975
[ 10%]   step 8976
[ 10%]   step 8977
[ 10%]   step 8978
[ 10%]   step 8979
[ 10%]   step 8980
[ 10%]   step 8981
[ 10%]   step 8982
[ 10%]   step 8983
[ 10%]   step 8984
[ 10%]   step 8985
[ 10%]   step 8986
[ 10%]   step 8987
[ 10%]   step 8988
[ 10%]   step 8989
[ 10%]   step 8990
[ 10%]   step 8991
[ 10%]   step 8992
[ 10%]   step 8993
[ 10%]   step 8994
[ 10%]   step 8995
[ 10%]   step 8996
[ 10%]   step 8997
[ 10%]   step 8998
[ 10%]   step 8999
[ 10%]   step 9000
[ 10%]   step 9001
[ 10%]   step 9002
[ 10%]   step 9003
[ 10%]   step 9004
[ 10%]   step 9005
[ 10%]   step 9006
[ 10%]   step 9007
[ 10%]   step 9008
[ 10%]   step 9009
[ 10%]   step 9010
[ 10%]   step 9011
[ 10%]   step 9012
[ 10%]   step 9013
[ 10%]   step 9014
[ 10%]   step 9015
[ 10%]   step 9016
[ 10%]   step 9017
[ 10%]   step 9018
[ 10%]   step 9019
[ 10%]   step 9020
[ 10%]   step 9021
[ 10%]   step 9022
[ 10%]   step 9023
[ 10%]   step 9024
[ 10%]   step 9025
[ 10%]   step 9026
[ 10%]   step 9027
[ 10%]   step 9028
[ 10%]   step 9029
[ 10%]   step 9030
[ 10%]   step 9031
[ 10%]   step 9032
[ 10%]   step 9033
[ 10%]   step 9034
[ 10%]   step 9035
[ 10%]   step 9036
[ 10%]   step 9037
[ 10%]   step 9038
[ 10%]   step 9039
[ 10%]   step 9040
[ 10%]   step 9041
[ 10%]   step 9042
[ 10%]   step 9043
[ 10%]   step 9044
[ 10%]   step 9045
+SWASH is processing output request    1
+SWASH is processing output request    2
[ 10%]   step 9046
[ 10%]   step 9047
[ 10%]   step 9048
[ 10%]   step 9049
[ 10%]   step 9050
[ 10%]   step 9051
[ 10%]   step 9052
[ 10%]   step 9053
[ 10%]   step 9054
[ 10%]   step 9055
[ 10%]   step 9056
[ 10%]   step 9057
[ 10%]   step 9058
[ 10%]   step 9059
[ 10%]   step 9060
[ 10%]   step 9061
[ 10%]   step 9062
[ 10%]   step 9063
[ 10%]   step 9064
[ 10%]   step 9065
[ 10%]   step 9066
[ 10%]   step 9067
[ 10%]   step 9068
[ 10%]   step 9069
[ 10%]   step 9070
[ 10%]   step 9071
[ 10%]   step 9072
[ 10%]   step 9073
[ 10%]   step 9074
[ 10%]   step 9075
[ 10%]   step 9076
[ 10%]   step 9077
[ 10%]   step 9078
[ 10%]   step 9079
[ 10%]   step 9080
[ 10%]   step 9081
[ 10%]   step 9082
[ 10%]   step 9083
[ 10%]   step 9084
[ 10%]   step 9085
[ 10%]   step 9086
[ 10%]   step 9087
[ 10%]   step 9088
[ 10%]   step 9089
[ 10%]   step 9090
[ 10%]   step 9091
[ 10%]   step 9092
[ 10%]   step 9093
[ 10%]   step 9094
[ 10%]   step 9095
[ 10%]   step 9096
[ 10%]   step 9097
[ 10%]   step 9098
[ 10%]   step 9099
[ 10%]   step 9100
[ 10%]   step 9101
[ 10%]   step 9102
[ 10%]   step 9103
[ 10%]   step 9104
[ 10%]   step 9105
[ 10%]   step 9106
[ 10%]   step 9107
[ 10%]   step 9108
[ 10%]   step 9109
[ 10%]   step 9110
[ 10%]   step 9111
[ 10%]   step 9112
[ 10%]   step 9113
[ 10%]   step 9114
[ 10%]   step 9115
[ 10%]   step 9116
[ 10%]   step 9117
[ 10%]   step 9118
[ 10%]   step 9119
[ 10%]   step 9120
[ 10%]   step 9121
[ 10%]   step 9122
[ 10%]   step 9123
[ 10%]   step 9124
[ 10%]   step 9125
[ 10%]   step 9126
[ 10%]   step 9127
[ 10%]   step 9128
[ 10%]   step 9129
[ 10%]   step 9130
[ 10%]   step 9131
[ 10%]   step 9132
[ 10%]   step 9133
[ 10%]   step 9134
[ 10%]   step 9135
[ 10%]   step 9136
[ 10%]   step 9137
[ 10%]   step 9138
[ 10%]   step 9139
[ 10%]   step 9140
[ 10%]   step 9141
[ 10%]   step 9142
[ 10%]   step 9143
[ 10%]   step 9144
[ 10%]   step 9145
[ 10%]   step 9146
[ 10%]   step 9147
[ 10%]   step 9148
[ 10%]   step 9149
[ 10%]   step 9150
[ 10%]   step 9151
[ 10%]   step 9152
[ 10%]   step 9153
[ 10%]   step 9154
[ 10%]   step 9155
[ 10%]   step 9156
[ 10%]   step 9157
[ 10%]   step 9158
[ 10%]   step 9159
[ 10%]   step 9160
+SWASH is processing output request    1
+SWASH is processing output request    2
[ 10%]   step 9161
[ 10%]   step 9162
[ 10%]   step 9163
[ 10%]   step 9164
[ 10%]   step 9165
[ 10%]   step 9166
[ 10%]   step 9167
[ 10%]   step 9168
[ 10%]   step 9169
[ 10%]   step 9170
[ 10%]   step 9171
[ 10%]   step 9172
[ 10%]   step 9173
[ 10%]   step 9174
[ 10%]   step 9175
[ 10%]   step 9176
[ 10%]   step 9177
[ 10%]   step 9178
[ 10%]   step 9179
[ 10%]   step 9180
[ 10%]   step 9181
[ 10%]   step 9182
[ 10%]   step 9183
[ 10%]   step 9184
[ 10%]   step 9185
[ 10%]   step 9186
[ 10%]   step 9187
[ 10%]   step 9188
[ 10%]   step 9189
[ 10%]   step 9190
[ 10%]   step 9191
[ 10%]   step 9192
[ 10%]   step 9193
[ 10%]   step 9194
[ 10%]   step 9195
[ 10%]   step 9196
[ 10%]   step 9197
[ 10%]   step 9198
[ 10%]   step 9199
[ 10%]   step 9200
[ 10%]   step 9201
[ 10%]   step 9202
[ 10%]   step 9203
[ 10%]   step 9204
[ 10%]   step 9205
[ 10%]   step 9206
[ 10%]   step 9207
[ 10%]   step 9208
[ 10%]   step 9209
[ 10%]   step 9210
[ 10%]   step 9211
[ 10%]   step 9212
[ 10%]   step 9213
[ 10%]   step 9214
[ 10%]   step 9215
[ 10%]   step 9216
[ 10%]   step 9217
[ 10%]   step 9218
[ 10%]   step 9219
[ 10%]   step 9220
[ 10%]   step 9221
[ 10%]   step 9222
[ 10%]   step 9223
[ 10%]   step 9224
[ 10%]   step 9225
[ 10%]   step 9226
[ 10%]   step 9227
[ 10%]   step 9228
[ 10%]   step 9229
[ 10%]   step 9230
[ 10%]   step 9231
[ 10%]   step 9232
[ 10%]   step 9233
[ 10%]   step 9234
[ 10%]   step 9235
[ 10%]   step 9236
[ 10%]   step 9237
[ 10%]   step 9238
[ 10%]   step 9239
[ 10%]   step 9240
[ 10%]   step 9241
[ 10%]   step 9242
[ 10%]   step 9243
[ 10%]   step 9244
[ 10%]   step 9245
[ 10%]   step 9246
[ 10%]   step 9247
[ 10%]   step 9248
[ 10%]   step 9249
[ 10%]   step 9250
[ 10%]   step 9251
[ 10%]   step 9252
[ 10%]   step 9253
[ 10%]   step 9254
[ 10%]   step 9255
[ 10%]   step 9256
[ 10%]   step 9257
[ 10%]   step 9258
[ 10%]   step 9259
[ 10%]   step 9260
[ 10%]   step 9261
[ 10%]   step 9262
[ 10%]   step 9263
[ 10%]   step 9264
[ 10%]   step 9265
[ 10%]   step 9266
[ 10%]   step 9267
[ 10%]   step 9268
[ 10%]   step 9269
[ 10%]   step 9270
[ 10%]   step 9271
[ 10%]   step 9272
[ 10%]   step 9273
[ 10%]   step 9274
+SWASH is processing output request    1
+SWASH is processing output request    2
[ 10%]   step 9275
[ 10%]   step 9276
[ 10%]   step 9277
[ 10%]   step 9278
[ 10%]   step 9279
[ 10%]   step 9280
[ 10%]   step 9281
[ 10%]   step 9282
[ 10%]   step 9283
[ 10%]   step 9284
[ 10%]   step 9285
[ 10%]   step 9286
[ 10%]   step 9287
[ 10%]   step 9288
[ 10%]   step 9289
[ 10%]   step 9290
[ 10%]   step 9291
[ 10%]   step 9292
[ 10%]   step 9293
[ 10%]   step 9294
[ 10%]   step 9295
[ 10%]   step 9296
[ 10%]   step 9297
[ 10%]   step 9298
[ 10%]   step 9299
[ 10%]   step 9300
[ 10%]   step 9301
[ 10%]   step 9302
[ 10%]   step 9303
[ 10%]   step 9304
[ 10%]   step 9305
[ 10%]   step 9306
[ 10%]   step 9307
[ 10%]   step 9308
[ 10%]   step 9309
[ 10%]   step 9310
[ 10%]   step 9311
[ 10%]   step 9312
[ 10%]   step 9313
[ 10%]   step 9314
[ 10%]   step 9315
[ 10%]   step 9316
[ 10%]   step 9317
[ 10%]   step 9318
[ 10%]   step 9319
[ 10%]   step 9320
[ 10%]   step 9321
[ 10%]   step 9322
[ 10%]   step 9323
[ 10%]   step 9324
[ 10%]   step 9325
[ 10%]   step 9326
[ 10%]   step 9327
[ 10%]   step 9328
[ 10%]   step 9329
[ 10%]   step 9330
[ 10%]   step 9331
[ 10%]   step 9332
[ 10%]   step 9333
[ 10%]   step 9334
[ 10%]   step 9335
[ 10%]   step 9336
[ 10%]   step 9337
[ 10%]   step 9338
[ 10%]   step 9339
[ 10%]   step 9340
[ 10%]   step 9341
[ 10%]   step 9342
[ 10%]   step 9343
[ 10%]   step 9344
[ 10%]   step 9345
[ 10%]   step 9346
[ 10%]   step 9347
[ 10%]   step 9348
[ 10%]   step 9349
[ 10%]   step 9350
[ 10%]   step 9351
[ 10%]   step 9352
[ 10%]   step 9353
[ 10%]   step 9354
[ 10%]   step 9355
[ 10%]   step 9356
[ 10%]   step 9357
[ 10%]   step 9358
[ 10%]   step 9359
[ 10%]   step 9360
[ 10%]   step 9361
[ 10%]   step 9362
[ 10%]   step 9363
[ 10%]   step 9364
[ 10%]   step 9365
[ 10%]   step 9366
[ 10%]   step 9367
[ 10%]   step 9368
[ 10%]   step 9369
[ 10%]   step 9370
[ 10%]   step 9371
[ 10%]   step 9372
[ 10%]   step 9373
[ 10%]   step 9374
[ 10%]   step 9375
[ 10%]   step 9376
[ 10%]   step 9377
[ 11%]   step 9378
[ 11%]   step 9379
[ 11%]   step 9380
[ 11%]   step 9381
[ 11%]   step 9382
[ 11%]   step 9383
[ 11%]   step 9384
[ 11%]   step 9385
[ 11%]   step 9386
[ 11%]   step 9387
[ 11%]   step 9388
[ 11%]   step 9389
+SWASH is processing output request    1
+SWASH is processing output request    2
[ 11%]   step 9390
[ 11%]   step 9391
[ 11%]   step 9392
[ 11%]   step 9393
[ 11%]   step 9394
[ 11%]   step 9395
[ 11%]   step 9396
[ 11%]   step 9397
[ 11%]   step 9398
[ 11%]   step 9399
[ 11%]   step 9400
[ 11%]   step 9401
[ 11%]   step 9402
[ 11%]   step 9403
[ 11%]   step 9404
[ 11%]   step 9405
[ 11%]   step 9406
[ 11%]   step 9407
[ 11%]   step 9408
[ 11%]   step 9409
[ 11%]   step 9410
[ 11%]   step 9411
[ 11%]   step 9412
[ 11%]   step 9413
[ 11%]   step 9414
[ 11%]   step 9415
[ 11%]   step 9416
[ 11%]   step 9417
[ 11%]   step 9418
[ 11%]   step 9419
[ 11%]   step 9420
[ 11%]   step 9421
[ 11%]   step 9422
[ 11%]   step 9423
[ 11%]   step 9424
[ 11%]   step 9425
[ 11%]   step 9426
[ 11%]   step 9427
[ 11%]   step 9428
[ 11%]   step 9429
[ 11%]   step 9430
[ 11%]   step 9431
[ 11%]   step 9432
[ 11%]   step 9433
[ 11%]   step 9434
[ 11%]   step 9435
[ 11%]   step 9436
[ 11%]   step 9437
[ 11%]   step 9438
[ 11%]   step 9439
[ 11%]   step 9440
[ 11%]   step 9441
[ 11%]   step 9442
[ 11%]   step 9443
[ 11%]   step 9444
[ 11%]   step 9445
[ 11%]   step 9446
[ 11%]   step 9447
[ 11%]   step 9448
[ 11%]   step 9449
[ 11%]   step 9450
[ 11%]   step 9451
[ 11%]   step 9452
[ 11%]   step 9453
[ 11%]   step 9454
[ 11%]   step 9455
[ 11%]   step 9456
[ 11%]   step 9457
[ 11%]   step 9458
[ 11%]   step 9459
[ 11%]   step 9460
[ 11%]   step 9461
[ 11%]   step 9462
[ 11%]   step 9463
[ 11%]   step 9464
[ 11%]   step 9465
[ 11%]   step 9466
[ 11%]   step 9467
[ 11%]   step 9468
[ 11%]   step 9469
[ 11%]   step 9470
[ 11%]   step 9471
[ 11%]   step 9472
[ 11%]   step 9473
[ 11%]   step 9474
[ 11%]   step 9475
[ 11%]   step 9476
[ 11%]   step 9477
[ 11%]   step 9478
[ 11%]   step 9479
[ 11%]   step 9480
[ 11%]   step 9481
[ 11%]   step 9482
[ 11%]   step 9483
[ 11%]   step 9484
[ 11%]   step 9485
[ 11%]   step 9486
[ 11%]   step 9487
[ 11%]   step 9488
[ 11%]   step 9489
[ 11%]   step 9490
[ 11%]   step 9491
[ 11%]   step 9492
[ 11%]   step 9493
[ 11%]   step 9494
[ 11%]   step 9495
[ 11%]   step 9496
[ 11%]   step 9497
[ 11%]   step 9498
[ 11%]   step 9499
[ 11%]   step 9500
[ 11%]   step 9501
[ 11%]   step 9502
[ 11%]   step 9503
+SWASH is processing output request    1
+SWASH is processing output request    2
[ 11%]   step 9504
[ 11%]   step 9505
[ 11%]   step 9506
[ 11%]   step 9507
[ 11%]   step 9508
[ 11%]   step 9509
[ 11%]   step 9510
[ 11%]   step 9511
[ 11%]   step 9512
[ 11%]   step 9513
[ 11%]   step 9514
[ 11%]   step 9515
[ 11%]   step 9516
[ 11%]   step 9517
[ 11%]   step 9518
[ 11%]   step 9519
[ 11%]   step 9520
[ 11%]   step 9521
[ 11%]   step 9522
[ 11%]   step 9523
[ 11%]   step 9524
[ 11%]   step 9525
[ 11%]   step 9526
[ 11%]   step 9527
[ 11%]   step 9528
[ 11%]   step 9529
[ 11%]   step 9530
[ 11%]   step 9531
[ 11%]   step 9532
[ 11%]   step 9533
[ 11%]   step 9534
[ 11%]   step 9535
[ 11%]   step 9536
[ 11%]   step 9537
[ 11%]   step 9538
[ 11%]   step 9539
[ 11%]   step 9540
[ 11%]   step 9541
[ 11%]   step 9542
[ 11%]   step 9543
[ 11%]   step 9544
[ 11%]   step 9545
[ 11%]   step 9546
[ 11%]   step 9547
[ 11%]   step 9548
[ 11%]   step 9549
[ 11%]   step 9550
[ 11%]   step 9551
[ 11%]   step 9552
[ 11%]   step 9553
[ 11%]   step 9554
[ 11%]   step 9555
[ 11%]   step 9556
[ 11%]   step 9557
[ 11%]   step 9558
[ 11%]   step 9559
[ 11%]   step 9560
[ 11%]   step 9561
[ 11%]   step 9562
[ 11%]   step 9563
[ 11%]   step 9564
[ 11%]   step 9565
[ 11%]   step 9566
[ 11%]   step 9567
[ 11%]   step 9568
[ 11%]   step 9569
[ 11%]   step 9570
[ 11%]   step 9571
[ 11%]   step 9572
[ 11%]   step 9573
[ 11%]   step 9574
[ 11%]   step 9575
[ 11%]   step 9576
[ 11%]   step 9577
[ 11%]   step 9578
[ 11%]   step 9579
[ 11%]   step 9580
[ 11%]   step 9581
[ 11%]   step 9582
[ 11%]   step 9583
[ 11%]   step 9584
[ 11%]   step 9585
[ 11%]   step 9586
[ 11%]   step 9587
[ 11%]   step 9588
[ 11%]   step 9589
[ 11%]   step 9590
[ 11%]   step 9591
[ 11%]   step 9592
[ 11%]   step 9593
[ 11%]   step 9594
[ 11%]   step 9595
[ 11%]   step 9596
[ 11%]   step 9597
[ 11%]   step 9598
[ 11%]   step 9599
[ 11%]   step 9600
[ 11%]   step 9601
[ 11%]   step 9602
[ 11%]   step 9603
[ 11%]   step 9604
[ 11%]   step 9605
[ 11%]   step 9606
[ 11%]   step 9607
[ 11%]   step 9608
[ 11%]   step 9609
[ 11%]   step 9610
[ 11%]   step 9611
[ 11%]   step 9612
[ 11%]   step 9613
[ 11%]   step 9614
[ 11%]   step 9615
[ 11%]   step 9616
[ 11%]   step 9617
[ 11%]   step 9618
+SWASH is processing output request    1
+SWASH is processing output request    2
[ 11%]   step 9619
[ 11%]   step 9620
[ 11%]   step 9621
[ 11%]   step 9622
[ 11%]   step 9623
[ 11%]   step 9624
[ 11%]   step 9625
[ 11%]   step 9626
[ 11%]   step 9627
[ 11%]   step 9628
[ 11%]   step 9629
[ 11%]   step 9630
[ 11%]   step 9631
[ 11%]   step 9632
[ 11%]   step 9633
[ 11%]   step 9634
[ 11%]   step 9635
[ 11%]   step 9636
[ 11%]   step 9637
[ 11%]   step 9638
[ 11%]   step 9639
[ 11%]   step 9640
[ 11%]   step 9641
[ 11%]   step 9642
[ 11%]   step 9643
[ 11%]   step 9644
[ 11%]   step 9645
[ 11%]   step 9646
[ 11%]   step 9647
[ 11%]   step 9648
[ 11%]   step 9649
[ 11%]   step 9650
[ 11%]   step 9651
[ 11%]   step 9652
[ 11%]   step 9653
[ 11%]   step 9654
[ 11%]   step 9655
[ 11%]   step 9656
[ 11%]   step 9657
[ 11%]   step 9658
[ 11%]   step 9659
[ 11%]   step 9660
[ 11%]   step 9661
[ 11%]   step 9662
[ 11%]   step 9663
[ 11%]   step 9664
[ 11%]   step 9665
[ 11%]   step 9666
[ 11%]   step 9667
[ 11%]   step 9668
[ 11%]   step 9669
[ 11%]   step 9670
[ 11%]   step 9671
[ 11%]   step 9672
[ 11%]   step 9673
[ 11%]   step 9674
[ 11%]   step 9675
[ 11%]   step 9676
[ 11%]   step 9677
[ 11%]   step 9678
[ 11%]   step 9679
[ 11%]   step 9680
[ 11%]   step 9681
[ 11%]   step 9682
[ 11%]   step 9683
[ 11%]   step 9684
[ 11%]   step 9685
[ 11%]   step 9686
[ 11%]   step 9687
[ 11%]   step 9688
[ 11%]   step 9689
[ 11%]   step 9690
[ 11%]   step 9691
[ 11%]   step 9692
[ 11%]   step 9693
[ 11%]   step 9694
[ 11%]   step 9695
[ 11%]   step 9696
[ 11%]   step 9697
[ 11%]   step 9698
[ 11%]   step 9699
[ 11%]   step 9700
[ 11%]   step 9701
[ 11%]   step 9702
[ 11%]   step 9703
[ 11%]   step 9704
[ 11%]   step 9705
[ 11%]   step 9706
[ 11%]   step 9707
[ 11%]   step 9708
[ 11%]   step 9709
[ 11%]   step 9710
[ 11%]   step 9711
[ 11%]   step 9712
[ 11%]   step 9713
[ 11%]   step 9714
[ 11%]   step 9715
[ 11%]   step 9716
[ 11%]   step 9717
[ 11%]   step 9718
[ 11%]   step 9719
[ 11%]   step 9720
[ 11%]   step 9721
[ 11%]   step 9722
[ 11%]   step 9723
[ 11%]   step 9724
[ 11%]   step 9725
[ 11%]   step 9726
[ 11%]   step 9727
[ 11%]   step 9728
[ 11%]   step 9729
[ 11%]   step 9730
[ 11%]   step 9731
[ 11%]   step 9732
+SWASH is processing output request    1
+SWASH is processing output request    2
[ 11%]   step 9733
[ 11%]   step 9734
[ 11%]   step 9735
[ 11%]   step 9736
[ 11%]   step 9737
[ 11%]   step 9738
[ 11%]   step 9739
[ 11%]   step 9740
[ 11%]   step 9741
[ 11%]   step 9742
[ 11%]   step 9743
[ 11%]   step 9744
[ 11%]   step 9745
[ 11%]   step 9746
[ 11%]   step 9747
[ 11%]   step 9748
[ 11%]   step 9749
[ 11%]   step 9750
[ 11%]   step 9751
[ 11%]   step 9752
[ 11%]   step 9753
[ 11%]   step 9754
[ 11%]   step 9755
[ 11%]   step 9756
[ 11%]   step 9757
[ 11%]   step 9758
[ 11%]   step 9759
[ 11%]   step 9760
[ 11%]   step 9761
[ 11%]   step 9762
[ 11%]   step 9763
[ 11%]   step 9764
[ 11%]   step 9765
[ 11%]   step 9766
[ 11%]   step 9767
[ 11%]   step 9768
[ 11%]   step 9769
[ 11%]   step 9770
[ 11%]   step 9771
[ 11%]   step 9772
[ 11%]   step 9773
[ 11%]   step 9774
[ 11%]   step 9775
[ 11%]   step 9776
[ 11%]   step 9777
[ 11%]   step 9778
[ 11%]   step 9779
[ 11%]   step 9780
[ 11%]   step 9781
[ 11%]   step 9782
[ 11%]   step 9783
[ 11%]   step 9784
[ 11%]   step 9785
[ 11%]   step 9786
[ 11%]   step 9787
[ 11%]   step 9788
[ 11%]   step 9789
[ 11%]   step 9790
[ 11%]   step 9791
[ 11%]   step 9792
[ 11%]   step 9793
[ 11%]   step 9794
[ 11%]   step 9795
[ 11%]   step 9796
[ 11%]   step 9797
[ 11%]   step 9798
[ 11%]   step 9799
[ 11%]   step 9800
[ 11%]   step 9801
[ 11%]   step 9802
[ 11%]   step 9803
[ 11%]   step 9804
[ 11%]   step 9805
[ 11%]   step 9806
[ 11%]   step 9807
[ 11%]   step 9808
[ 11%]   step 9809
[ 11%]   step 9810
[ 11%]   step 9811
[ 11%]   step 9812
[ 11%]   step 9813
[ 11%]   step 9814
[ 11%]   step 9815
[ 11%]   step 9816
[ 11%]   step 9817
[ 11%]   step 9818
[ 11%]   step 9819
[ 11%]   step 9820
[ 11%]   step 9821
[ 11%]   step 9822
[ 11%]   step 9823
[ 11%]   step 9824
[ 11%]   step 9825
[ 11%]   step 9826
[ 11%]   step 9827
[ 11%]   step 9828
[ 11%]   step 9829
[ 11%]   step 9830
[ 11%]   step 9831
[ 11%]   step 9832
[ 11%]   step 9833
[ 11%]   step 9834
[ 11%]   step 9835
[ 11%]   step 9836
[ 11%]   step 9837
[ 11%]   step 9838
[ 11%]   step 9839
[ 11%]   step 9840
[ 11%]   step 9841
[ 11%]   step 9842
[ 11%]   step 9843
[ 11%]   step 9844
[ 11%]   step 9845
[ 11%]   step 9846
[ 11%]   step 9847
+SWASH is processing output request    1
+SWASH is processing output request    2
[ 11%]   step 9848
[ 11%]   step 9849
[ 11%]   step 9850
[ 11%]   step 9851
[ 11%]   step 9852
[ 11%]   step 9853
[ 11%]   step 9854
[ 11%]   step 9855
[ 11%]   step 9856
[ 11%]   step 9857
[ 11%]   step 9858
[ 11%]   step 9859
[ 11%]   step 9860
[ 11%]   step 9861
[ 11%]   step 9862
[ 11%]   step 9863
[ 11%]   step 9864
[ 11%]   step 9865
[ 11%]   step 9866
[ 11%]   step 9867
[ 11%]   step 9868
[ 11%]   step 9869
[ 11%]   step 9870
[ 11%]   step 9871
[ 11%]   step 9872
[ 11%]   step 9873
[ 11%]   step 9874
[ 11%]   step 9875
[ 11%]   step 9876
[ 11%]   step 9877
[ 11%]   step 9878
[ 11%]   step 9879
[ 11%]   step 9880
[ 11%]   step 9881
[ 11%]   step 9882
[ 11%]   step 9883
[ 11%]   step 9884
[ 11%]   step 9885
[ 11%]   step 9886
[ 11%]   step 9887
[ 11%]   step 9888
[ 11%]   step 9889
[ 11%]   step 9890
[ 11%]   step 9891
[ 11%]   step 9892
[ 11%]   step 9893
[ 11%]   step 9894
[ 11%]   step 9895
[ 11%]   step 9896
[ 11%]   step 9897
[ 11%]   step 9898
[ 11%]   step 9899
[ 11%]   step 9900
[ 11%]   step 9901
[ 11%]   step 9902
[ 11%]   step 9903
[ 11%]   step 9904
[ 11%]   step 9905
[ 11%]   step 9906
[ 11%]   step 9907
[ 11%]   step 9908
[ 11%]   step 9909
[ 11%]   step 9910
[ 11%]   step 9911
[ 11%]   step 9912
[ 11%]   step 9913
[ 11%]   step 9914
[ 11%]   step 9915
[ 11%]   step 9916
[ 11%]   step 9917
[ 11%]   step 9918
[ 11%]   step 9919
[ 11%]   step 9920
[ 11%]   step 9921
[ 11%]   step 9922
[ 11%]   step 9923
[ 11%]   step 9924
[ 11%]   step 9925
[ 11%]   step 9926
[ 11%]   step 9927
[ 11%]   step 9928
[ 11%]   step 9929
[ 11%]   step 9930
[ 11%]   step 9931
[ 11%]   step 9932
[ 11%]   step 9933
[ 11%]   step 9934
[ 11%]   step 9935
[ 11%]   step 9936
[ 11%]   step 9937
[ 11%]   step 9938
[ 11%]   step 9939
[ 11%]   step 9940
[ 11%]   step 9941
[ 11%]   step 9942
[ 11%]   step 9943
[ 11%]   step 9944
[ 11%]   step 9945
[ 11%]   step 9946
[ 11%]   step 9947
[ 11%]   step 9948
[ 11%]   step 9949
[ 11%]   step 9950
[ 11%]   step 9951
[ 11%]   step 9952
[ 11%]   step 9953
[ 11%]   step 9954
[ 11%]   step 9955
[ 11%]   step 9956
[ 11%]   step 9957
[ 11%]   step 9958
[ 11%]   step 9959
[ 11%]   step 9960
[ 11%]   step 9961
+SWASH is processing output request    1
+SWASH is processing output request    2
[ 11%]   step 9962
[ 11%]   step 9963
[ 11%]   step 9964
[ 11%]   step 9965
[ 11%]   step 9966
[ 11%]   step 9967
[ 11%]   step 9968
[ 11%]   step 9969
[ 11%]   step 9970
[ 11%]   step 9971
[ 11%]   step 9972
[ 11%]   step 9973
[ 11%]   step 9974
[ 11%]   step 9975
[ 11%]   step 9976
[ 11%]   step 9977
[ 11%]   step 9978
[ 11%]   step 9979
[ 11%]   step 9980
[ 11%]   step 9981
[ 11%]   step 9982
[ 11%]   step 9983
[ 11%]   step 9984
[ 11%]   step 9985
[ 11%]   step 9986
[ 11%]   step 9987
[ 11%]   step 9988
[ 11%]   step 9989
[ 11%]   step 9990
[ 11%]   step 9991
[ 11%]   step 9992
[ 11%]   step 9993
[ 11%]   step 9994
[ 11%]   step 9995
[ 11%]   step 9996
[ 11%]   step 9997
[ 11%]   step 9998
[ 11%]   step 9999
[ 11%]   step 10000
[ 11%]   step 10001
[ 11%]   step 10002
[ 11%]   step 10003
[ 11%]   step 10004
[ 11%]   step 10005
[ 11%]   step 10006
[ 11%]   step 10007
[ 11%]   step 10008
[ 11%]   step 10009
[ 11%]   step 10010
[ 11%]   step 10011
[ 11%]   step 10012
[ 11%]   step 10013
[ 11%]   step 10014
[ 11%]   step 10015
[ 11%]   step 10016
[ 11%]   step 10017
[ 11%]   step 10018
[ 11%]   step 10019
[ 11%]   step 10020
[ 11%]   step 10021
[ 11%]   step 10022
[ 11%]   step 10023
[ 11%]   step 10024
[ 11%]   step 10025
[ 11%]   step 10026
[ 11%]   step 10027
[ 11%]   step 10028
[ 11%]   step 10029
[ 11%]   step 10030
[ 11%]   step 10031
[ 11%]   step 10032
[ 11%]   step 10033
[ 11%]   step 10034
[ 11%]   step 10035
[ 11%]   step 10036
[ 11%]   step 10037
[ 11%]   step 10038
[ 11%]   step 10039
[ 11%]   step 10040
[ 11%]   step 10041
[ 11%]   step 10042
[ 11%]   step 10043
[ 11%]   step 10044
[ 11%]   step 10045
[ 11%]   step 10046
[ 11%]   step 10047
[ 11%]   step 10048
[ 11%]   step 10049
[ 11%]   step 10050
[ 11%]   step 10051
[ 11%]   step 10052
[ 11%]   step 10053
[ 11%]   step 10054
[ 11%]   step 10055
[ 11%]   step 10056
[ 11%]   step 10057
[ 11%]   step 10058
[ 11%]   step 10059
[ 11%]   step 10060
[ 11%]   step 10061
[ 11%]   step 10062
[ 11%]   step 10063
[ 11%]   step 10064
[ 11%]   step 10065
[ 11%]   step 10066
[ 11%]   step 10067
[ 11%]   step 10068
[ 11%]   step 10069
[ 11%]   step 10070
[ 11%]   step 10071
[ 11%]   step 10072
[ 11%]   step 10073
[ 11%]   step 10074
[ 11%]   step 10075
[ 11%]   step 10076
+SWASH is processing output request    1
+SWASH is processing output request    2
[ 11%]   step 10077
[ 11%]   step 10078
[ 11%]   step 10079
[ 11%]   step 10080
[ 11%]   step 10081
[ 11%]   step 10082
[ 11%]   step 10083
[ 11%]   step 10084
[ 11%]   step 10085
[ 11%]   step 10086
[ 11%]   step 10087
[ 11%]   step 10088
[ 11%]   step 10089
[ 11%]   step 10090
[ 11%]   step 10091
[ 11%]   step 10092
[ 11%]   step 10093
[ 11%]   step 10094
[ 11%]   step 10095
[ 11%]   step 10096
[ 11%]   step 10097
[ 11%]   step 10098
[ 11%]   step 10099
[ 11%]   step 10100
[ 11%]   step 10101
[ 11%]   step 10102
[ 11%]   step 10103
[ 11%]   step 10104
[ 11%]   step 10105
[ 11%]   step 10106
[ 11%]   step 10107
[ 11%]   step 10108
[ 11%]   step 10109
[ 11%]   step 10110
[ 11%]   step 10111
[ 11%]   step 10112
[ 11%]   step 10113
[ 11%]   step 10114
[ 11%]   step 10115
[ 11%]   step 10116
[ 11%]   step 10117
[ 11%]   step 10118
[ 11%]   step 10119
[ 11%]   step 10120
[ 11%]   step 10121
[ 11%]   step 10122
[ 11%]   step 10123
[ 11%]   step 10124
[ 11%]   step 10125
[ 11%]   step 10126
[ 11%]   step 10127
[ 11%]   step 10128
[ 11%]   step 10129
[ 11%]   step 10130
[ 11%]   step 10131
[ 11%]   step 10132
[ 11%]   step 10133
[ 11%]   step 10134
[ 11%]   step 10135
[ 11%]   step 10136
[ 11%]   step 10137
[ 11%]   step 10138
[ 11%]   step 10139
[ 11%]   step 10140
[ 11%]   step 10141
[ 11%]   step 10142
[ 11%]   step 10143
[ 11%]   step 10144
[ 11%]   step 10145
[ 11%]   step 10146
[ 11%]   step 10147
[ 11%]   step 10148
[ 11%]   step 10149
[ 11%]   step 10150
[ 11%]   step 10151
[ 11%]   step 10152
[ 11%]   step 10153
[ 11%]   step 10154
[ 11%]   step 10155
[ 11%]   step 10156
[ 11%]   step 10157
[ 11%]   step 10158
[ 11%]   step 10159
[ 11%]   step 10160
[ 11%]   step 10161
[ 11%]   step 10162
[ 11%]   step 10163
[ 11%]   step 10164
[ 11%]   step 10165
[ 11%]   step 10166
[ 11%]   step 10167
[ 11%]   step 10168
[ 11%]   step 10169
[ 11%]   step 10170
[ 11%]   step 10171
[ 11%]   step 10172
[ 11%]   step 10173
[ 11%]   step 10174
[ 11%]   step 10175
[ 11%]   step 10176
[ 11%]   step 10177
[ 11%]   step 10178
[ 11%]   step 10179
[ 11%]   step 10180
[ 11%]   step 10181
[ 11%]   step 10182
[ 11%]   step 10183
[ 11%]   step 10184
[ 11%]   step 10185
[ 11%]   step 10186
[ 11%]   step 10187
[ 11%]   step 10188
[ 11%]   step 10189
[ 11%]   step 10190
+SWASH is processing output request    1
+SWASH is processing output request    2
[ 11%]   step 10191
[ 11%]   step 10192
[ 11%]   step 10193
[ 11%]   step 10194
[ 11%]   step 10195
[ 11%]   step 10196
[ 11%]   step 10197
[ 11%]   step 10198
[ 11%]   step 10199
[ 11%]   step 10200
[ 11%]   step 10201
[ 11%]   step 10202
[ 11%]   step 10203
[ 11%]   step 10204
[ 11%]   step 10205
[ 11%]   step 10206
[ 11%]   step 10207
[ 11%]   step 10208
[ 11%]   step 10209
[ 11%]   step 10210
[ 11%]   step 10211
[ 11%]   step 10212
[ 11%]   step 10213
[ 11%]   step 10214
[ 11%]   step 10215
[ 11%]   step 10216
[ 11%]   step 10217
[ 11%]   step 10218
[ 11%]   step 10219
[ 11%]   step 10220
[ 11%]   step 10221
[ 11%]   step 10222
[ 11%]   step 10223
[ 11%]   step 10224
[ 11%]   step 10225
[ 11%]   step 10226
[ 11%]   step 10227
[ 11%]   step 10228
[ 11%]   step 10229
[ 11%]   step 10230
[ 11%]   step 10231
[ 11%]   step 10232
[ 11%]   step 10233
[ 11%]   step 10234
[ 11%]   step 10235
[ 11%]   step 10236
[ 11%]   step 10237
[ 11%]   step 10238
[ 11%]   step 10239
[ 11%]   step 10240
[ 11%]   step 10241
[ 11%]   step 10242
[ 11%]   step 10243
[ 11%]   step 10244
[ 11%]   step 10245
[ 11%]   step 10246
[ 11%]   step 10247
[ 11%]   step 10248
[ 11%]   step 10249
[ 11%]   step 10250
[ 11%]   step 10251
[ 11%]   step 10252
[ 11%]   step 10253
[ 11%]   step 10254
[ 11%]   step 10255
[ 11%]   step 10256
[ 11%]   step 10257
[ 11%]   step 10258
[ 11%]   step 10259
[ 11%]   step 10260
[ 11%]   step 10261
[ 11%]   step 10262
[ 11%]   step 10263
[ 11%]   step 10264
[ 11%]   step 10265
[ 11%]   step 10266
[ 11%]   step 10267
[ 11%]   step 10268
[ 11%]   step 10269
[ 11%]   step 10270
[ 12%]   step 10271
[ 12%]   step 10272
[ 12%]   step 10273
[ 12%]   step 10274
[ 12%]   step 10275
[ 12%]   step 10276
[ 12%]   step 10277
[ 12%]   step 10278
[ 12%]   step 10279
[ 12%]   step 10280
[ 12%]   step 10281
[ 12%]   step 10282
[ 12%]   step 10283
[ 12%]   step 10284
[ 12%]   step 10285
[ 12%]   step 10286
[ 12%]   step 10287
[ 12%]   step 10288
[ 12%]   step 10289
[ 12%]   step 10290
[ 12%]   step 10291
[ 12%]   step 10292
[ 12%]   step 10293
[ 12%]   step 10294
[ 12%]   step 10295
[ 12%]   step 10296
[ 12%]   step 10297
[ 12%]   step 10298
[ 12%]   step 10299
[ 12%]   step 10300
[ 12%]   step 10301
[ 12%]   step 10302
[ 12%]   step 10303
[ 12%]   step 10304
[ 12%]   step 10305
+SWASH is processing output request    1
+SWASH is processing output request    2
[ 12%]   step 10306
[ 12%]   step 10307
[ 12%]   step 10308
[ 12%]   step 10309
[ 12%]   step 10310
[ 12%]   step 10311
[ 12%]   step 10312
[ 12%]   step 10313
[ 12%]   step 10314
[ 12%]   step 10315
[ 12%]   step 10316
[ 12%]   step 10317
[ 12%]   step 10318
[ 12%]   step 10319
[ 12%]   step 10320
[ 12%]   step 10321
[ 12%]   step 10322
[ 12%]   step 10323
[ 12%]   step 10324
[ 12%]   step 10325
[ 12%]   step 10326
[ 12%]   step 10327
[ 12%]   step 10328
[ 12%]   step 10329
[ 12%]   step 10330
[ 12%]   step 10331
[ 12%]   step 10332
[ 12%]   step 10333
[ 12%]   step 10334
[ 12%]   step 10335
[ 12%]   step 10336
[ 12%]   step 10337
[ 12%]   step 10338
[ 12%]   step 10339
[ 12%]   step 10340
[ 12%]   step 10341
[ 12%]   step 10342
[ 12%]   step 10343
[ 12%]   step 10344
[ 12%]   step 10345
[ 12%]   step 10346
[ 12%]   step 10347
[ 12%]   step 10348
[ 12%]   step 10349
[ 12%]   step 10350
[ 12%]   step 10351
[ 12%]   step 10352
[ 12%]   step 10353
[ 12%]   step 10354
[ 12%]   step 10355
[ 12%]   step 10356
[ 12%]   step 10357
[ 12%]   step 10358
[ 12%]   step 10359
[ 12%]   step 10360
[ 12%]   step 10361
[ 12%]   step 10362
[ 12%]   step 10363
[ 12%]   step 10364
[ 12%]   step 10365
[ 12%]   step 10366
[ 12%]   step 10367
[ 12%]   step 10368
[ 12%]   step 10369
[ 12%]   step 10370
[ 12%]   step 10371
[ 12%]   step 10372
[ 12%]   step 10373
[ 12%]   step 10374
[ 12%]   step 10375
[ 12%]   step 10376
[ 12%]   step 10377
[ 12%]   step 10378
[ 12%]   step 10379
[ 12%]   step 10380
[ 12%]   step 10381
[ 12%]   step 10382
[ 12%]   step 10383
[ 12%]   step 10384
[ 12%]   step 10385
[ 12%]   step 10386
[ 12%]   step 10387
[ 12%]   step 10388
[ 12%]   step 10389
[ 12%]   step 10390
[ 12%]   step 10391
[ 12%]   step 10392
[ 12%]   step 10393
[ 12%]   step 10394
[ 12%]   step 10395
[ 12%]   step 10396
[ 12%]   step 10397
[ 12%]   step 10398
[ 12%]   step 10399
[ 12%]   step 10400
[ 12%]   step 10401
[ 12%]   step 10402
[ 12%]   step 10403
[ 12%]   step 10404
[ 12%]   step 10405
[ 12%]   step 10406
[ 12%]   step 10407
[ 12%]   step 10408
[ 12%]   step 10409
[ 12%]   step 10410
[ 12%]   step 10411
[ 12%]   step 10412
[ 12%]   step 10413
[ 12%]   step 10414
[ 12%]   step 10415
[ 12%]   step 10416
[ 12%]   step 10417
[ 12%]   step 10418
[ 12%]   step 10419
+SWASH is processing output request    1
+SWASH is processing output request    2
[ 12%]   step 10420
[ 12%]   step 10421
[ 12%]   step 10422
[ 12%]   step 10423
[ 12%]   step 10424
[ 12%]   step 10425
[ 12%]   step 10426
[ 12%]   step 10427
[ 12%]   step 10428
[ 12%]   step 10429
[ 12%]   step 10430
[ 12%]   step 10431
[ 12%]   step 10432
[ 12%]   step 10433
[ 12%]   step 10434
[ 12%]   step 10435
[ 12%]   step 10436
[ 12%]   step 10437
[ 12%]   step 10438
[ 12%]   step 10439
[ 12%]   step 10440
[ 12%]   step 10441
[ 12%]   step 10442
[ 12%]   step 10443
[ 12%]   step 10444
[ 12%]   step 10445
[ 12%]   step 10446
[ 12%]   step 10447
[ 12%]   step 10448
[ 12%]   step 10449
[ 12%]   step 10450
[ 12%]   step 10451
[ 12%]   step 10452
[ 12%]   step 10453
[ 12%]   step 10454
[ 12%]   step 10455
[ 12%]   step 10456
[ 12%]   step 10457
[ 12%]   step 10458
[ 12%]   step 10459
[ 12%]   step 10460
[ 12%]   step 10461
[ 12%]   step 10462
[ 12%]   step 10463
[ 12%]   step 10464
[ 12%]   step 10465
[ 12%]   step 10466
[ 12%]   step 10467
[ 12%]   step 10468
[ 12%]   step 10469
[ 12%]   step 10470
[ 12%]   step 10471
[ 12%]   step 10472
[ 12%]   step 10473
[ 12%]   step 10474
[ 12%]   step 10475
[ 12%]   step 10476
[ 12%]   step 10477
[ 12%]   step 10478
[ 12%]   step 10479
[ 12%]   step 10480
[ 12%]   step 10481
[ 12%]   step 10482
[ 12%]   step 10483
[ 12%]   step 10484
[ 12%]   step 10485
[ 12%]   step 10486
[ 12%]   step 10487
[ 12%]   step 10488
[ 12%]   step 10489
[ 12%]   step 10490
[ 12%]   step 10491
[ 12%]   step 10492
[ 12%]   step 10493
[ 12%]   step 10494
[ 12%]   step 10495
[ 12%]   step 10496
[ 12%]   step 10497
[ 12%]   step 10498
[ 12%]   step 10499
[ 12%]   step 10500
[ 12%]   step 10501
[ 12%]   step 10502
[ 12%]   step 10503
[ 12%]   step 10504
[ 12%]   step 10505
[ 12%]   step 10506
[ 12%]   step 10507
[ 12%]   step 10508
[ 12%]   step 10509
[ 12%]   step 10510
[ 12%]   step 10511
[ 12%]   step 10512
[ 12%]   step 10513
[ 12%]   step 10514
[ 12%]   step 10515
[ 12%]   step 10516
[ 12%]   step 10517
[ 12%]   step 10518
[ 12%]   step 10519
[ 12%]   step 10520
[ 12%]   step 10521
[ 12%]   step 10522
[ 12%]   step 10523
[ 12%]   step 10524
[ 12%]   step 10525
[ 12%]   step 10526
[ 12%]   step 10527
[ 12%]   step 10528
[ 12%]   step 10529
[ 12%]   step 10530
[ 12%]   step 10531
[ 12%]   step 10532
[ 12%]   step 10533
[ 12%]   step 10534
+SWASH is processing output request    1
+SWASH is processing output request    2
[ 12%]   step 10535
[ 12%]   step 10536
[ 12%]   step 10537
[ 12%]   step 10538
[ 12%]   step 10539
[ 12%]   step 10540
[ 12%]   step 10541
[ 12%]   step 10542
[ 12%]   step 10543
[ 12%]   step 10544
[ 12%]   step 10545
[ 12%]   step 10546
[ 12%]   step 10547
[ 12%]   step 10548
[ 12%]   step 10549
[ 12%]   step 10550
[ 12%]   step 10551
[ 12%]   step 10552
[ 12%]   step 10553
[ 12%]   step 10554
[ 12%]   step 10555
[ 12%]   step 10556
[ 12%]   step 10557
[ 12%]   step 10558
[ 12%]   step 10559
[ 12%]   step 10560
[ 12%]   step 10561
[ 12%]   step 10562
[ 12%]   step 10563
[ 12%]   step 10564
[ 12%]   step 10565
[ 12%]   step 10566
[ 12%]   step 10567
[ 12%]   step 10568
[ 12%]   step 10569
[ 12%]   step 10570
[ 12%]   step 10571
[ 12%]   step 10572
[ 12%]   step 10573
[ 12%]   step 10574
[ 12%]   step 10575
[ 12%]   step 10576
[ 12%]   step 10577
[ 12%]   step 10578
[ 12%]   step 10579
[ 12%]   step 10580
[ 12%]   step 10581
[ 12%]   step 10582
[ 12%]   step 10583
[ 12%]   step 10584
[ 12%]   step 10585
[ 12%]   step 10586
[ 12%]   step 10587
[ 12%]   step 10588
[ 12%]   step 10589
[ 12%]   step 10590
[ 12%]   step 10591
[ 12%]   step 10592
[ 12%]   step 10593
[ 12%]   step 10594
[ 12%]   step 10595
[ 12%]   step 10596
[ 12%]   step 10597
[ 12%]   step 10598
[ 12%]   step 10599
[ 12%]   step 10600
[ 12%]   step 10601
[ 12%]   step 10602
[ 12%]   step 10603
[ 12%]   step 10604
[ 12%]   step 10605
[ 12%]   step 10606
[ 12%]   step 10607
[ 12%]   step 10608
[ 12%]   step 10609
[ 12%]   step 10610
[ 12%]   step 10611
[ 12%]   step 10612
[ 12%]   step 10613
[ 12%]   step 10614
[ 12%]   step 10615
[ 12%]   step 10616
[ 12%]   step 10617
[ 12%]   step 10618
[ 12%]   step 10619
[ 12%]   step 10620
[ 12%]   step 10621
[ 12%]   step 10622
[ 12%]   step 10623
[ 12%]   step 10624
[ 12%]   step 10625
[ 12%]   step 10626
[ 12%]   step 10627
[ 12%]   step 10628
[ 12%]   step 10629
[ 12%]   step 10630
[ 12%]   step 10631
[ 12%]   step 10632
[ 12%]   step 10633
[ 12%]   step 10634
[ 12%]   step 10635
[ 12%]   step 10636
[ 12%]   step 10637
[ 12%]   step 10638
[ 12%]   step 10639
[ 12%]   step 10640
[ 12%]   step 10641
[ 12%]   step 10642
[ 12%]   step 10643
[ 12%]   step 10644
[ 12%]   step 10645
[ 12%]   step 10646
[ 12%]   step 10647
[ 12%]   step 10648
+SWASH is processing output request    1
+SWASH is processing output request    2
[ 12%]   step 10649
[ 12%]   step 10650
[ 12%]   step 10651
[ 12%]   step 10652
[ 12%]   step 10653
[ 12%]   step 10654
[ 12%]   step 10655
[ 12%]   step 10656
[ 12%]   step 10657
[ 12%]   step 10658
[ 12%]   step 10659
[ 12%]   step 10660
[ 12%]   step 10661
[ 12%]   step 10662
[ 12%]   step 10663
[ 12%]   step 10664
[ 12%]   step 10665
[ 12%]   step 10666
[ 12%]   step 10667
[ 12%]   step 10668
[ 12%]   step 10669
[ 12%]   step 10670
[ 12%]   step 10671
[ 12%]   step 10672
[ 12%]   step 10673
[ 12%]   step 10674
[ 12%]   step 10675
[ 12%]   step 10676
[ 12%]   step 10677
[ 12%]   step 10678
[ 12%]   step 10679
[ 12%]   step 10680
[ 12%]   step 10681
[ 12%]   step 10682
[ 12%]   step 10683
[ 12%]   step 10684
[ 12%]   step 10685
[ 12%]   step 10686
[ 12%]   step 10687
[ 12%]   step 10688
[ 12%]   step 10689
[ 12%]   step 10690
[ 12%]   step 10691
[ 12%]   step 10692
[ 12%]   step 10693
[ 12%]   step 10694
[ 12%]   step 10695
[ 12%]   step 10696
[ 12%]   step 10697
[ 12%]   step 10698
[ 12%]   step 10699
[ 12%]   step 10700
[ 12%]   step 10701
[ 12%]   step 10702
[ 12%]   step 10703
[ 12%]   step 10704
[ 12%]   step 10705
[ 12%]   step 10706
[ 12%]   step 10707
[ 12%]   step 10708
[ 12%]   step 10709
[ 12%]   step 10710
[ 12%]   step 10711
[ 12%]   step 10712
[ 12%]   step 10713
[ 12%]   step 10714
[ 12%]   step 10715
[ 12%]   step 10716
[ 12%]   step 10717
[ 12%]   step 10718
[ 12%]   step 10719
[ 12%]   step 10720
[ 12%]   step 10721
[ 12%]   step 10722
[ 12%]   step 10723
[ 12%]   step 10724
[ 12%]   step 10725
[ 12%]   step 10726
[ 12%]   step 10727
[ 12%]   step 10728
[ 12%]   step 10729
[ 12%]   step 10730
[ 12%]   step 10731
[ 12%]   step 10732
[ 12%]   step 10733
[ 12%]   step 10734
[ 12%]   step 10735
[ 12%]   step 10736
[ 12%]   step 10737
[ 12%]   step 10738
[ 12%]   step 10739
[ 12%]   step 10740
[ 12%]   step 10741
[ 12%]   step 10742
[ 12%]   step 10743
[ 12%]   step 10744
[ 12%]   step 10745
[ 12%]   step 10746
[ 12%]   step 10747
[ 12%]   step 10748
[ 12%]   step 10749
[ 12%]   step 10750
[ 12%]   step 10751
[ 12%]   step 10752
[ 12%]   step 10753
[ 12%]   step 10754
[ 12%]   step 10755
[ 12%]   step 10756
[ 12%]   step 10757
[ 12%]   step 10758
[ 12%]   step 10759
[ 12%]   step 10760
[ 12%]   step 10761
[ 12%]   step 10762
[ 12%]   step 10763
+SWASH is processing output request    1
+SWASH is processing output request    2
[ 12%]   step 10764
[ 12%]   step 10765
[ 12%]   step 10766
[ 12%]   step 10767
[ 12%]   step 10768
[ 12%]   step 10769
[ 12%]   step 10770
[ 12%]   step 10771
[ 12%]   step 10772
[ 12%]   step 10773
[ 12%]   step 10774
[ 12%]   step 10775
[ 12%]   step 10776
[ 12%]   step 10777
[ 12%]   step 10778
[ 12%]   step 10779
[ 12%]   step 10780
[ 12%]   step 10781
[ 12%]   step 10782
[ 12%]   step 10783
[ 12%]   step 10784
[ 12%]   step 10785
[ 12%]   step 10786
[ 12%]   step 10787
[ 12%]   step 10788
[ 12%]   step 10789
[ 12%]   step 10790
[ 12%]   step 10791
[ 12%]   step 10792
[ 12%]   step 10793
[ 12%]   step 10794
[ 12%]   step 10795
[ 12%]   step 10796
[ 12%]   step 10797
[ 12%]   step 10798
[ 12%]   step 10799
[ 12%]   step 10800
[ 12%]   step 10801
[ 12%]   step 10802
[ 12%]   step 10803
[ 12%]   step 10804
[ 12%]   step 10805
[ 12%]   step 10806
[ 12%]   step 10807
[ 12%]   step 10808
[ 12%]   step 10809
[ 12%]   step 10810
[ 12%]   step 10811
[ 12%]   step 10812
[ 12%]   step 10813
[ 12%]   step 10814
[ 12%]   step 10815
[ 12%]   step 10816
[ 12%]   step 10817
[ 12%]   step 10818
[ 12%]   step 10819
[ 12%]   step 10820
[ 12%]   step 10821
[ 12%]   step 10822
[ 12%]   step 10823
[ 12%]   step 10824
[ 12%]   step 10825
[ 12%]   step 10826
[ 12%]   step 10827
[ 12%]   step 10828
[ 12%]   step 10829
[ 12%]   step 10830
[ 12%]   step 10831
[ 12%]   step 10832
[ 12%]   step 10833
[ 12%]   step 10834
[ 12%]   step 10835
[ 12%]   step 10836
[ 12%]   step 10837
[ 12%]   step 10838
[ 12%]   step 10839
[ 12%]   step 10840
[ 12%]   step 10841
[ 12%]   step 10842
[ 12%]   step 10843
[ 12%]   step 10844
[ 12%]   step 10845
[ 12%]   step 10846
[ 12%]   step 10847
[ 12%]   step 10848
[ 12%]   step 10849
[ 12%]   step 10850
[ 12%]   step 10851
[ 12%]   step 10852
[ 12%]   step 10853
[ 12%]   step 10854
[ 12%]   step 10855
[ 12%]   step 10856
[ 12%]   step 10857
[ 12%]   step 10858
[ 12%]   step 10859
[ 12%]   step 10860
[ 12%]   step 10861
[ 12%]   step 10862
[ 12%]   step 10863
[ 12%]   step 10864
[ 12%]   step 10865
[ 12%]   step 10866
[ 12%]   step 10867
[ 12%]   step 10868
[ 12%]   step 10869
[ 12%]   step 10870
[ 12%]   step 10871
[ 12%]   step 10872
[ 12%]   step 10873
[ 12%]   step 10874
[ 12%]   step 10875
[ 12%]   step 10876
[ 12%]   step 10877
+SWASH is processing output request    1
+SWASH is processing output request    2
[ 12%]   step 10878
[ 12%]   step 10879
[ 12%]   step 10880
[ 12%]   step 10881
[ 12%]   step 10882
[ 12%]   step 10883
[ 12%]   step 10884
[ 12%]   step 10885
[ 12%]   step 10886
[ 12%]   step 10887
[ 12%]   step 10888
[ 12%]   step 10889
[ 12%]   step 10890
[ 12%]   step 10891
[ 12%]   step 10892
[ 12%]   step 10893
[ 12%]   step 10894
[ 12%]   step 10895
[ 12%]   step 10896
[ 12%]   step 10897
[ 12%]   step 10898
[ 12%]   step 10899
[ 12%]   step 10900
[ 12%]   step 10901
[ 12%]   step 10902
[ 12%]   step 10903
[ 12%]   step 10904
[ 12%]   step 10905
[ 12%]   step 10906
[ 12%]   step 10907
[ 12%]   step 10908
[ 12%]   step 10909
[ 12%]   step 10910
[ 12%]   step 10911
[ 12%]   step 10912
[ 12%]   step 10913
[ 12%]   step 10914
[ 12%]   step 10915
[ 12%]   step 10916
[ 12%]   step 10917
[ 12%]   step 10918
[ 12%]   step 10919
[ 12%]   step 10920
[ 12%]   step 10921
[ 12%]   step 10922
[ 12%]   step 10923
[ 12%]   step 10924
[ 12%]   step 10925
[ 12%]   step 10926
[ 12%]   step 10927
[ 12%]   step 10928
[ 12%]   step 10929
[ 12%]   step 10930
[ 12%]   step 10931
[ 12%]   step 10932
[ 12%]   step 10933
[ 12%]   step 10934
[ 12%]   step 10935
[ 12%]   step 10936
[ 12%]   step 10937
[ 12%]   step 10938
[ 12%]   step 10939
[ 12%]   step 10940
[ 12%]   step 10941
[ 12%]   step 10942
[ 12%]   step 10943
[ 12%]   step 10944
[ 12%]   step 10945
[ 12%]   step 10946
[ 12%]   step 10947
[ 12%]   step 10948
[ 12%]   step 10949
[ 12%]   step 10950
[ 12%]   step 10951
[ 12%]   step 10952
[ 12%]   step 10953
[ 12%]   step 10954
[ 12%]   step 10955
[ 12%]   step 10956
[ 12%]   step 10957
[ 12%]   step 10958
[ 12%]   step 10959
[ 12%]   step 10960
[ 12%]   step 10961
[ 12%]   step 10962
[ 12%]   step 10963
[ 12%]   step 10964
[ 12%]   step 10965
[ 12%]   step 10966
[ 12%]   step 10967
[ 12%]   step 10968
[ 12%]   step 10969
[ 12%]   step 10970
[ 12%]   step 10971
[ 12%]   step 10972
[ 12%]   step 10973
[ 12%]   step 10974
[ 12%]   step 10975
[ 12%]   step 10976
[ 12%]   step 10977
[ 12%]   step 10978
[ 12%]   step 10979
[ 12%]   step 10980
[ 12%]   step 10981
[ 12%]   step 10982
[ 12%]   step 10983
[ 12%]   step 10984
[ 12%]   step 10985
[ 12%]   step 10986
[ 12%]   step 10987
[ 12%]   step 10988
[ 12%]   step 10989
[ 12%]   step 10990
[ 12%]   step 10991
[ 12%]   step 10992
+SWASH is processing output request    1
+SWASH is processing output request    2
[ 12%]   step 10993
[ 12%]   step 10994
[ 12%]   step 10995
[ 12%]   step 10996
[ 12%]   step 10997
[ 12%]   step 10998
[ 12%]   step 10999
[ 12%]   step 11000
[ 12%]   step 11001
[ 12%]   step 11002
[ 12%]   step 11003
[ 12%]   step 11004
[ 12%]   step 11005
[ 12%]   step 11006
[ 12%]   step 11007
[ 12%]   step 11008
[ 12%]   step 11009
[ 12%]   step 11010
[ 12%]   step 11011
[ 12%]   step 11012
[ 12%]   step 11013
[ 12%]   step 11014
[ 12%]   step 11015
[ 12%]   step 11016
[ 12%]   step 11017
[ 12%]   step 11018
[ 12%]   step 11019
[ 12%]   step 11020
[ 12%]   step 11021
[ 12%]   step 11022
[ 12%]   step 11023
[ 12%]   step 11024
[ 12%]   step 11025
[ 12%]   step 11026
[ 12%]   step 11027
[ 12%]   step 11028
[ 12%]   step 11029
[ 12%]   step 11030
[ 12%]   step 11031
[ 12%]   step 11032
[ 12%]   step 11033
[ 12%]   step 11034
[ 12%]   step 11035
[ 12%]   step 11036
[ 12%]   step 11037
[ 12%]   step 11038
[ 12%]   step 11039
[ 12%]   step 11040
[ 12%]   step 11041
[ 12%]   step 11042
[ 12%]   step 11043
[ 12%]   step 11044
[ 12%]   step 11045
[ 12%]   step 11046
[ 12%]   step 11047
[ 12%]   step 11048
[ 12%]   step 11049
[ 12%]   step 11050
[ 12%]   step 11051
[ 12%]   step 11052
[ 12%]   step 11053
[ 12%]   step 11054
[ 12%]   step 11055
[ 12%]   step 11056
[ 12%]   step 11057
[ 12%]   step 11058
[ 12%]   step 11059
[ 12%]   step 11060
[ 12%]   step 11061
[ 12%]   step 11062
[ 12%]   step 11063
[ 12%]   step 11064
[ 12%]   step 11065
[ 12%]   step 11066
[ 12%]   step 11067
[ 12%]   step 11068
[ 12%]   step 11069
[ 12%]   step 11070
[ 12%]   step 11071
[ 12%]   step 11072
[ 12%]   step 11073
[ 12%]   step 11074
[ 12%]   step 11075
[ 12%]   step 11076
[ 12%]   step 11077
[ 12%]   step 11078
[ 12%]   step 11079
[ 12%]   step 11080
[ 12%]   step 11081
[ 12%]   step 11082
[ 12%]   step 11083
[ 12%]   step 11084
[ 12%]   step 11085
[ 12%]   step 11086
[ 12%]   step 11087
[ 12%]   step 11088
[ 12%]   step 11089
[ 12%]   step 11090
[ 12%]   step 11091
[ 12%]   step 11092
[ 12%]   step 11093
[ 12%]   step 11094
[ 12%]   step 11095
[ 12%]   step 11096
[ 12%]   step 11097
[ 12%]   step 11098
[ 12%]   step 11099
[ 12%]   step 11100
[ 12%]   step 11101
[ 12%]   step 11102
[ 12%]   step 11103
[ 12%]   step 11104
[ 12%]   step 11105
[ 12%]   step 11106
+SWASH is processing output request    1
+SWASH is processing output request    2
[ 12%]   step 11107
[ 12%]   step 11108
[ 12%]   step 11109
[ 12%]   step 11110
[ 12%]   step 11111
[ 12%]   step 11112
[ 12%]   step 11113
[ 12%]   step 11114
[ 12%]   step 11115
[ 12%]   step 11116
[ 12%]   step 11117
[ 12%]   step 11118
[ 12%]   step 11119
[ 12%]   step 11120
[ 12%]   step 11121
[ 12%]   step 11122
[ 12%]   step 11123
[ 12%]   step 11124
[ 12%]   step 11125
[ 12%]   step 11126
[ 12%]   step 11127
[ 12%]   step 11128
[ 12%]   step 11129
[ 12%]   step 11130
[ 12%]   step 11131
[ 12%]   step 11132
[ 12%]   step 11133
[ 12%]   step 11134
[ 12%]   step 11135
[ 12%]   step 11136
[ 12%]   step 11137
[ 12%]   step 11138
[ 12%]   step 11139
[ 12%]   step 11140
[ 12%]   step 11141
[ 12%]   step 11142
[ 12%]   step 11143
[ 12%]   step 11144
[ 12%]   step 11145
[ 12%]   step 11146
[ 12%]   step 11147
[ 12%]   step 11148
[ 12%]   step 11149
[ 12%]   step 11150
[ 12%]   step 11151
[ 12%]   step 11152
[ 12%]   step 11153
[ 12%]   step 11154
[ 12%]   step 11155
[ 12%]   step 11156
[ 12%]   step 11157
[ 12%]   step 11158
[ 12%]   step 11159
[ 12%]   step 11160
[ 12%]   step 11161
[ 12%]   step 11162
[ 12%]   step 11163
[ 13%]   step 11164
[ 13%]   step 11165
[ 13%]   step 11166
[ 13%]   step 11167
[ 13%]   step 11168
[ 13%]   step 11169
[ 13%]   step 11170
[ 13%]   step 11171
[ 13%]   step 11172
[ 13%]   step 11173
[ 13%]   step 11174
[ 13%]   step 11175
[ 13%]   step 11176
[ 13%]   step 11177
[ 13%]   step 11178
[ 13%]   step 11179
[ 13%]   step 11180
[ 13%]   step 11181
[ 13%]   step 11182
[ 13%]   step 11183
[ 13%]   step 11184
[ 13%]   step 11185
[ 13%]   step 11186
[ 13%]   step 11187
[ 13%]   step 11188
[ 13%]   step 11189
[ 13%]   step 11190
[ 13%]   step 11191
[ 13%]   step 11192
[ 13%]   step 11193
[ 13%]   step 11194
[ 13%]   step 11195
[ 13%]   step 11196
[ 13%]   step 11197
[ 13%]   step 11198
[ 13%]   step 11199
[ 13%]   step 11200
[ 13%]   step 11201
[ 13%]   step 11202
[ 13%]   step 11203
[ 13%]   step 11204
[ 13%]   step 11205
[ 13%]   step 11206
[ 13%]   step 11207
[ 13%]   step 11208
[ 13%]   step 11209
[ 13%]   step 11210
[ 13%]   step 11211
[ 13%]   step 11212
[ 13%]   step 11213
[ 13%]   step 11214
[ 13%]   step 11215
[ 13%]   step 11216
[ 13%]   step 11217
[ 13%]   step 11218
[ 13%]   step 11219
[ 13%]   step 11220
[ 13%]   step 11221
+SWASH is processing output request    1
+SWASH is processing output request    2
[ 13%]   step 11222
[ 13%]   step 11223
[ 13%]   step 11224
[ 13%]   step 11225
[ 13%]   step 11226
[ 13%]   step 11227
[ 13%]   step 11228
[ 13%]   step 11229
[ 13%]   step 11230
[ 13%]   step 11231
[ 13%]   step 11232
[ 13%]   step 11233
[ 13%]   step 11234
[ 13%]   step 11235
[ 13%]   step 11236
[ 13%]   step 11237
[ 13%]   step 11238
[ 13%]   step 11239
[ 13%]   step 11240
[ 13%]   step 11241
[ 13%]   step 11242
[ 13%]   step 11243
[ 13%]   step 11244
[ 13%]   step 11245
[ 13%]   step 11246
[ 13%]   step 11247
[ 13%]   step 11248
[ 13%]   step 11249
[ 13%]   step 11250
[ 13%]   step 11251
[ 13%]   step 11252
[ 13%]   step 11253
[ 13%]   step 11254
[ 13%]   step 11255
[ 13%]   step 11256
[ 13%]   step 11257
[ 13%]   step 11258
[ 13%]   step 11259
[ 13%]   step 11260
[ 13%]   step 11261
[ 13%]   step 11262
[ 13%]   step 11263
[ 13%]   step 11264
[ 13%]   step 11265
[ 13%]   step 11266
[ 13%]   step 11267
[ 13%]   step 11268
[ 13%]   step 11269
[ 13%]   step 11270
[ 13%]   step 11271
[ 13%]   step 11272
[ 13%]   step 11273
[ 13%]   step 11274
[ 13%]   step 11275
[ 13%]   step 11276
[ 13%]   step 11277
[ 13%]   step 11278
[ 13%]   step 11279
[ 13%]   step 11280
[ 13%]   step 11281
[ 13%]   step 11282
[ 13%]   step 11283
[ 13%]   step 11284
[ 13%]   step 11285
[ 13%]   step 11286
[ 13%]   step 11287
[ 13%]   step 11288
[ 13%]   step 11289
[ 13%]   step 11290
[ 13%]   step 11291
[ 13%]   step 11292
[ 13%]   step 11293
[ 13%]   step 11294
[ 13%]   step 11295
[ 13%]   step 11296
[ 13%]   step 11297
[ 13%]   step 11298
[ 13%]   step 11299
[ 13%]   step 11300
[ 13%]   step 11301
[ 13%]   step 11302
[ 13%]   step 11303
[ 13%]   step 11304
[ 13%]   step 11305
[ 13%]   step 11306
[ 13%]   step 11307
[ 13%]   step 11308
[ 13%]   step 11309
[ 13%]   step 11310
[ 13%]   step 11311
[ 13%]   step 11312
[ 13%]   step 11313
[ 13%]   step 11314
[ 13%]   step 11315
[ 13%]   step 11316
[ 13%]   step 11317
[ 13%]   step 11318
[ 13%]   step 11319
[ 13%]   step 11320
[ 13%]   step 11321
[ 13%]   step 11322
[ 13%]   step 11323
[ 13%]   step 11324
[ 13%]   step 11325
[ 13%]   step 11326
[ 13%]   step 11327
[ 13%]   step 11328
[ 13%]   step 11329
[ 13%]   step 11330
[ 13%]   step 11331
[ 13%]   step 11332
[ 13%]   step 11333
[ 13%]   step 11334
[ 13%]   step 11335
+SWASH is processing output request    1
+SWASH is processing output request    2
[ 13%]   step 11336
[ 13%]   step 11337
[ 13%]   step 11338
[ 13%]   step 11339
[ 13%]   step 11340
[ 13%]   step 11341
[ 13%]   step 11342
[ 13%]   step 11343
[ 13%]   step 11344
[ 13%]   step 11345
[ 13%]   step 11346
[ 13%]   step 11347
[ 13%]   step 11348
[ 13%]   step 11349
[ 13%]   step 11350
[ 13%]   step 11351
[ 13%]   step 11352
[ 13%]   step 11353
[ 13%]   step 11354
[ 13%]   step 11355
[ 13%]   step 11356
[ 13%]   step 11357
[ 13%]   step 11358
[ 13%]   step 11359
[ 13%]   step 11360
[ 13%]   step 11361
[ 13%]   step 11362
[ 13%]   step 11363
[ 13%]   step 11364
[ 13%]   step 11365
[ 13%]   step 11366
[ 13%]   step 11367
[ 13%]   step 11368
[ 13%]   step 11369
[ 13%]   step 11370
[ 13%]   step 11371
[ 13%]   step 11372
[ 13%]   step 11373
[ 13%]   step 11374
[ 13%]   step 11375
[ 13%]   step 11376
[ 13%]   step 11377
[ 13%]   step 11378
[ 13%]   step 11379
[ 13%]   step 11380
[ 13%]   step 11381
[ 13%]   step 11382
[ 13%]   step 11383
[ 13%]   step 11384
[ 13%]   step 11385
[ 13%]   step 11386
[ 13%]   step 11387
[ 13%]   step 11388
[ 13%]   step 11389
[ 13%]   step 11390
[ 13%]   step 11391
[ 13%]   step 11392
[ 13%]   step 11393
[ 13%]   step 11394
[ 13%]   step 11395
[ 13%]   step 11396
[ 13%]   step 11397
[ 13%]   step 11398
[ 13%]   step 11399
[ 13%]   step 11400
[ 13%]   step 11401
[ 13%]   step 11402
[ 13%]   step 11403
[ 13%]   step 11404
[ 13%]   step 11405
[ 13%]   step 11406
[ 13%]   step 11407
[ 13%]   step 11408
[ 13%]   step 11409
[ 13%]   step 11410
[ 13%]   step 11411
[ 13%]   step 11412
[ 13%]   step 11413
[ 13%]   step 11414
[ 13%]   step 11415
[ 13%]   step 11416
[ 13%]   step 11417
[ 13%]   step 11418
[ 13%]   step 11419
[ 13%]   step 11420
[ 13%]   step 11421
[ 13%]   step 11422
[ 13%]   step 11423
[ 13%]   step 11424
[ 13%]   step 11425
[ 13%]   step 11426
[ 13%]   step 11427
[ 13%]   step 11428
[ 13%]   step 11429
[ 13%]   step 11430
[ 13%]   step 11431
[ 13%]   step 11432
[ 13%]   step 11433
[ 13%]   step 11434
[ 13%]   step 11435
[ 13%]   step 11436
[ 13%]   step 11437
[ 13%]   step 11438
[ 13%]   step 11439
[ 13%]   step 11440
[ 13%]   step 11441
[ 13%]   step 11442
[ 13%]   step 11443
[ 13%]   step 11444
[ 13%]   step 11445
[ 13%]   step 11446
[ 13%]   step 11447
[ 13%]   step 11448
[ 13%]   step 11449
[ 13%]   step 11450
+SWASH is processing output request    1
+SWASH is processing output request    2
[ 13%]   step 11451
[ 13%]   step 11452
[ 13%]   step 11453
[ 13%]   step 11454
[ 13%]   step 11455
[ 13%]   step 11456
[ 13%]   step 11457
[ 13%]   step 11458
[ 13%]   step 11459
[ 13%]   step 11460
[ 13%]   step 11461
[ 13%]   step 11462
[ 13%]   step 11463
[ 13%]   step 11464
[ 13%]   step 11465
[ 13%]   step 11466
[ 13%]   step 11467
[ 13%]   step 11468
[ 13%]   step 11469
[ 13%]   step 11470
[ 13%]   step 11471
[ 13%]   step 11472
[ 13%]   step 11473
[ 13%]   step 11474
[ 13%]   step 11475
[ 13%]   step 11476
[ 13%]   step 11477
[ 13%]   step 11478
[ 13%]   step 11479
[ 13%]   step 11480
[ 13%]   step 11481
[ 13%]   step 11482
[ 13%]   step 11483
[ 13%]   step 11484
[ 13%]   step 11485
[ 13%]   step 11486
[ 13%]   step 11487
[ 13%]   step 11488
[ 13%]   step 11489
[ 13%]   step 11490
[ 13%]   step 11491
[ 13%]   step 11492
[ 13%]   step 11493
[ 13%]   step 11494
[ 13%]   step 11495
[ 13%]   step 11496
[ 13%]   step 11497
[ 13%]   step 11498
[ 13%]   step 11499
[ 13%]   step 11500
[ 13%]   step 11501
[ 13%]   step 11502
[ 13%]   step 11503
[ 13%]   step 11504
[ 13%]   step 11505
[ 13%]   step 11506
[ 13%]   step 11507
[ 13%]   step 11508
[ 13%]   step 11509
[ 13%]   step 11510
[ 13%]   step 11511
[ 13%]   step 11512
[ 13%]   step 11513
[ 13%]   step 11514
[ 13%]   step 11515
[ 13%]   step 11516
[ 13%]   step 11517
[ 13%]   step 11518
[ 13%]   step 11519
[ 13%]   step 11520
[ 13%]   step 11521
[ 13%]   step 11522
[ 13%]   step 11523
[ 13%]   step 11524
[ 13%]   step 11525
[ 13%]   step 11526
[ 13%]   step 11527
[ 13%]   step 11528
[ 13%]   step 11529
[ 13%]   step 11530
[ 13%]   step 11531
[ 13%]   step 11532
[ 13%]   step 11533
[ 13%]   step 11534
[ 13%]   step 11535
[ 13%]   step 11536
[ 13%]   step 11537
[ 13%]   step 11538
[ 13%]   step 11539
[ 13%]   step 11540
[ 13%]   step 11541
[ 13%]   step 11542
[ 13%]   step 11543
[ 13%]   step 11544
[ 13%]   step 11545
[ 13%]   step 11546
[ 13%]   step 11547
[ 13%]   step 11548
[ 13%]   step 11549
[ 13%]   step 11550
[ 13%]   step 11551
[ 13%]   step 11552
[ 13%]   step 11553
[ 13%]   step 11554
[ 13%]   step 11555
[ 13%]   step 11556
[ 13%]   step 11557
[ 13%]   step 11558
[ 13%]   step 11559
[ 13%]   step 11560
[ 13%]   step 11561
[ 13%]   step 11562
[ 13%]   step 11563
[ 13%]   step 11564
+SWASH is processing output request    1
+SWASH is processing output request    2
[ 13%]   step 11565
[ 13%]   step 11566
[ 13%]   step 11567
[ 13%]   step 11568
[ 13%]   step 11569
[ 13%]   step 11570
[ 13%]   step 11571
[ 13%]   step 11572
[ 13%]   step 11573
[ 13%]   step 11574
[ 13%]   step 11575
[ 13%]   step 11576
[ 13%]   step 11577
[ 13%]   step 11578
[ 13%]   step 11579
[ 13%]   step 11580
[ 13%]   step 11581
[ 13%]   step 11582
[ 13%]   step 11583
[ 13%]   step 11584
[ 13%]   step 11585
[ 13%]   step 11586
[ 13%]   step 11587
[ 13%]   step 11588
[ 13%]   step 11589
[ 13%]   step 11590
[ 13%]   step 11591
[ 13%]   step 11592
[ 13%]   step 11593
[ 13%]   step 11594
[ 13%]   step 11595
[ 13%]   step 11596
[ 13%]   step 11597
[ 13%]   step 11598
[ 13%]   step 11599
[ 13%]   step 11600
[ 13%]   step 11601
[ 13%]   step 11602
[ 13%]   step 11603
[ 13%]   step 11604
[ 13%]   step 11605
[ 13%]   step 11606
[ 13%]   step 11607
[ 13%]   step 11608
[ 13%]   step 11609
[ 13%]   step 11610
[ 13%]   step 11611
[ 13%]   step 11612
[ 13%]   step 11613
[ 13%]   step 11614
[ 13%]   step 11615
[ 13%]   step 11616
[ 13%]   step 11617
[ 13%]   step 11618
[ 13%]   step 11619
[ 13%]   step 11620
[ 13%]   step 11621
[ 13%]   step 11622
[ 13%]   step 11623
[ 13%]   step 11624
[ 13%]   step 11625
[ 13%]   step 11626
[ 13%]   step 11627
[ 13%]   step 11628
[ 13%]   step 11629
[ 13%]   step 11630
[ 13%]   step 11631
[ 13%]   step 11632
[ 13%]   step 11633
[ 13%]   step 11634
[ 13%]   step 11635
[ 13%]   step 11636
[ 13%]   step 11637
[ 13%]   step 11638
[ 13%]   step 11639
[ 13%]   step 11640
[ 13%]   step 11641
[ 13%]   step 11642
[ 13%]   step 11643
[ 13%]   step 11644
[ 13%]   step 11645
[ 13%]   step 11646
[ 13%]   step 11647
[ 13%]   step 11648
[ 13%]   step 11649
[ 13%]   step 11650
[ 13%]   step 11651
[ 13%]   step 11652
[ 13%]   step 11653
[ 13%]   step 11654
[ 13%]   step 11655
[ 13%]   step 11656
[ 13%]   step 11657
[ 13%]   step 11658
[ 13%]   step 11659
[ 13%]   step 11660
[ 13%]   step 11661
[ 13%]   step 11662
[ 13%]   step 11663
[ 13%]   step 11664
[ 13%]   step 11665
[ 13%]   step 11666
[ 13%]   step 11667
[ 13%]   step 11668
[ 13%]   step 11669
[ 13%]   step 11670
[ 13%]   step 11671
[ 13%]   step 11672
[ 13%]   step 11673
[ 13%]   step 11674
[ 13%]   step 11675
[ 13%]   step 11676
[ 13%]   step 11677
[ 13%]   step 11678
[ 13%]   step 11679
+SWASH is processing output request    1
+SWASH is processing output request    2
[ 13%]   step 11680
[ 13%]   step 11681
[ 13%]   step 11682
[ 13%]   step 11683
[ 13%]   step 11684
[ 13%]   step 11685
[ 13%]   step 11686
[ 13%]   step 11687
[ 13%]   step 11688
[ 13%]   step 11689
[ 13%]   step 11690
[ 13%]   step 11691
[ 13%]   step 11692
[ 13%]   step 11693
[ 13%]   step 11694
[ 13%]   step 11695
[ 13%]   step 11696
[ 13%]   step 11697
[ 13%]   step 11698
[ 13%]   step 11699
[ 13%]   step 11700
[ 13%]   step 11701
[ 13%]   step 11702
[ 13%]   step 11703
[ 13%]   step 11704
[ 13%]   step 11705
[ 13%]   step 11706
[ 13%]   step 11707
[ 13%]   step 11708
[ 13%]   step 11709
[ 13%]   step 11710
[ 13%]   step 11711
[ 13%]   step 11712
[ 13%]   step 11713
[ 13%]   step 11714
[ 13%]   step 11715
[ 13%]   step 11716
[ 13%]   step 11717
[ 13%]   step 11718
[ 13%]   step 11719
[ 13%]   step 11720
[ 13%]   step 11721
[ 13%]   step 11722
[ 13%]   step 11723
[ 13%]   step 11724
[ 13%]   step 11725
[ 13%]   step 11726
[ 13%]   step 11727
[ 13%]   step 11728
[ 13%]   step 11729
[ 13%]   step 11730
[ 13%]   step 11731
[ 13%]   step 11732
[ 13%]   step 11733
[ 13%]   step 11734
[ 13%]   step 11735
[ 13%]   step 11736
[ 13%]   step 11737
[ 13%]   step 11738
[ 13%]   step 11739
[ 13%]   step 11740
[ 13%]   step 11741
[ 13%]   step 11742
[ 13%]   step 11743
[ 13%]   step 11744
[ 13%]   step 11745
[ 13%]   step 11746
[ 13%]   step 11747
[ 13%]   step 11748
[ 13%]   step 11749
[ 13%]   step 11750
[ 13%]   step 11751
[ 13%]   step 11752
[ 13%]   step 11753
[ 13%]   step 11754
[ 13%]   step 11755
[ 13%]   step 11756
[ 13%]   step 11757
[ 13%]   step 11758
[ 13%]   step 11759
[ 13%]   step 11760
[ 13%]   step 11761
[ 13%]   step 11762
[ 13%]   step 11763
[ 13%]   step 11764
[ 13%]   step 11765
[ 13%]   step 11766
[ 13%]   step 11767
[ 13%]   step 11768
[ 13%]   step 11769
[ 13%]   step 11770
[ 13%]   step 11771
[ 13%]   step 11772
[ 13%]   step 11773
[ 13%]   step 11774
[ 13%]   step 11775
[ 13%]   step 11776
[ 13%]   step 11777
[ 13%]   step 11778
[ 13%]   step 11779
[ 13%]   step 11780
[ 13%]   step 11781
[ 13%]   step 11782
[ 13%]   step 11783
[ 13%]   step 11784
[ 13%]   step 11785
[ 13%]   step 11786
[ 13%]   step 11787
[ 13%]   step 11788
[ 13%]   step 11789
[ 13%]   step 11790
[ 13%]   step 11791
[ 13%]   step 11792
[ 13%]   step 11793
+SWASH is processing output request    1
+SWASH is processing output request    2
[ 13%]   step 11794
[ 13%]   step 11795
[ 13%]   step 11796
[ 13%]   step 11797
[ 13%]   step 11798
[ 13%]   step 11799
[ 13%]   step 11800
[ 13%]   step 11801
[ 13%]   step 11802
[ 13%]   step 11803
[ 13%]   step 11804
[ 13%]   step 11805
[ 13%]   step 11806
[ 13%]   step 11807
[ 13%]   step 11808
[ 13%]   step 11809
[ 13%]   step 11810
[ 13%]   step 11811
[ 13%]   step 11812
[ 13%]   step 11813
[ 13%]   step 11814
[ 13%]   step 11815
[ 13%]   step 11816
[ 13%]   step 11817
[ 13%]   step 11818
[ 13%]   step 11819
[ 13%]   step 11820
[ 13%]   step 11821
[ 13%]   step 11822
[ 13%]   step 11823
[ 13%]   step 11824
[ 13%]   step 11825
[ 13%]   step 11826
[ 13%]   step 11827
[ 13%]   step 11828
[ 13%]   step 11829
[ 13%]   step 11830
[ 13%]   step 11831
[ 13%]   step 11832
[ 13%]   step 11833
[ 13%]   step 11834
[ 13%]   step 11835
[ 13%]   step 11836
[ 13%]   step 11837
[ 13%]   step 11838
[ 13%]   step 11839
[ 13%]   step 11840
[ 13%]   step 11841
[ 13%]   step 11842
[ 13%]   step 11843
[ 13%]   step 11844
[ 13%]   step 11845
[ 13%]   step 11846
[ 13%]   step 11847
[ 13%]   step 11848
[ 13%]   step 11849
[ 13%]   step 11850
[ 13%]   step 11851
[ 13%]   step 11852
[ 13%]   step 11853
[ 13%]   step 11854
[ 13%]   step 11855
[ 13%]   step 11856
[ 13%]   step 11857
[ 13%]   step 11858
[ 13%]   step 11859
[ 13%]   step 11860
[ 13%]   step 11861
[ 13%]   step 11862
[ 13%]   step 11863
[ 13%]   step 11864
[ 13%]   step 11865
[ 13%]   step 11866
[ 13%]   step 11867
[ 13%]   step 11868
[ 13%]   step 11869
[ 13%]   step 11870
[ 13%]   step 11871
[ 13%]   step 11872
[ 13%]   step 11873
[ 13%]   step 11874
[ 13%]   step 11875
[ 13%]   step 11876
[ 13%]   step 11877
[ 13%]   step 11878
[ 13%]   step 11879
[ 13%]   step 11880
[ 13%]   step 11881
[ 13%]   step 11882
[ 13%]   step 11883
[ 13%]   step 11884
[ 13%]   step 11885
[ 13%]   step 11886
[ 13%]   step 11887
[ 13%]   step 11888
[ 13%]   step 11889
[ 13%]   step 11890
[ 13%]   step 11891
[ 13%]   step 11892
[ 13%]   step 11893
[ 13%]   step 11894
[ 13%]   step 11895
[ 13%]   step 11896
[ 13%]   step 11897
[ 13%]   step 11898
[ 13%]   step 11899
[ 13%]   step 11900
[ 13%]   step 11901
[ 13%]   step 11902
[ 13%]   step 11903
[ 13%]   step 11904
[ 13%]   step 11905
[ 13%]   step 11906
[ 13%]   step 11907
[ 13%]   step 11908
+SWASH is processing output request    1
+SWASH is processing output request    2
[ 13%]   step 11909
[ 13%]   step 11910
[ 13%]   step 11911
[ 13%]   step 11912
[ 13%]   step 11913
[ 13%]   step 11914
[ 13%]   step 11915
[ 13%]   step 11916
[ 13%]   step 11917
[ 13%]   step 11918
[ 13%]   step 11919
[ 13%]   step 11920
[ 13%]   step 11921
[ 13%]   step 11922
[ 13%]   step 11923
[ 13%]   step 11924
[ 13%]   step 11925
[ 13%]   step 11926
[ 13%]   step 11927
[ 13%]   step 11928
[ 13%]   step 11929
[ 13%]   step 11930
[ 13%]   step 11931
[ 13%]   step 11932
[ 13%]   step 11933
[ 13%]   step 11934
[ 13%]   step 11935
[ 13%]   step 11936
[ 13%]   step 11937
[ 13%]   step 11938
[ 13%]   step 11939
[ 13%]   step 11940
[ 13%]   step 11941
[ 13%]   step 11942
[ 13%]   step 11943
[ 13%]   step 11944
[ 13%]   step 11945
[ 13%]   step 11946
[ 13%]   step 11947
[ 13%]   step 11948
[ 13%]   step 11949
[ 13%]   step 11950
[ 13%]   step 11951
[ 13%]   step 11952
[ 13%]   step 11953
[ 13%]   step 11954
[ 13%]   step 11955
[ 13%]   step 11956
[ 13%]   step 11957
[ 13%]   step 11958
[ 13%]   step 11959
[ 13%]   step 11960
[ 13%]   step 11961
[ 13%]   step 11962
[ 13%]   step 11963
[ 13%]   step 11964
[ 13%]   step 11965
[ 13%]   step 11966
[ 13%]   step 11967
[ 13%]   step 11968
[ 13%]   step 11969
[ 13%]   step 11970
[ 13%]   step 11971
[ 13%]   step 11972
[ 13%]   step 11973
[ 13%]   step 11974
[ 13%]   step 11975
[ 13%]   step 11976
[ 13%]   step 11977
[ 13%]   step 11978
[ 13%]   step 11979
[ 13%]   step 11980
[ 13%]   step 11981
[ 13%]   step 11982
[ 13%]   step 11983
[ 13%]   step 11984
[ 13%]   step 11985
[ 13%]   step 11986
[ 13%]   step 11987
[ 13%]   step 11988
[ 13%]   step 11989
[ 13%]   step 11990
[ 13%]   step 11991
[ 13%]   step 11992
[ 13%]   step 11993
[ 13%]   step 11994
[ 13%]   step 11995
[ 13%]   step 11996
[ 13%]   step 11997
[ 13%]   step 11998
[ 13%]   step 11999
[ 13%]   step 12000
[ 13%]   step 12001
[ 13%]   step 12002
[ 13%]   step 12003
[ 13%]   step 12004
[ 13%]   step 12005
[ 13%]   step 12006
[ 13%]   step 12007
[ 13%]   step 12008
[ 13%]   step 12009
[ 13%]   step 12010
[ 13%]   step 12011
[ 13%]   step 12012
[ 13%]   step 12013
[ 13%]   step 12014
[ 13%]   step 12015
[ 13%]   step 12016
[ 13%]   step 12017
[ 13%]   step 12018
[ 13%]   step 12019
[ 13%]   step 12020
[ 13%]   step 12021
[ 13%]   step 12022
+SWASH is processing output request    1
+SWASH is processing output request    2
[ 13%]   step 12023
[ 13%]   step 12024
[ 13%]   step 12025
[ 13%]   step 12026
[ 13%]   step 12027
[ 13%]   step 12028
[ 13%]   step 12029
[ 13%]   step 12030
[ 13%]   step 12031
[ 13%]   step 12032
[ 13%]   step 12033
[ 13%]   step 12034
[ 13%]   step 12035
[ 13%]   step 12036
[ 13%]   step 12037
[ 13%]   step 12038
[ 13%]   step 12039
[ 13%]   step 12040
[ 13%]   step 12041
[ 13%]   step 12042
[ 13%]   step 12043
[ 13%]   step 12044
[ 13%]   step 12045
[ 13%]   step 12046
[ 13%]   step 12047
[ 13%]   step 12048
[ 13%]   step 12049
[ 13%]   step 12050
[ 13%]   step 12051
[ 13%]   step 12052
[ 13%]   step 12053
[ 13%]   step 12054
[ 13%]   step 12055
[ 13%]   step 12056
[ 14%]   step 12057
[ 14%]   step 12058
[ 14%]   step 12059
[ 14%]   step 12060
[ 14%]   step 12061
[ 14%]   step 12062
[ 14%]   step 12063
[ 14%]   step 12064
[ 14%]   step 12065
[ 14%]   step 12066
[ 14%]   step 12067
[ 14%]   step 12068
[ 14%]   step 12069
[ 14%]   step 12070
[ 14%]   step 12071
[ 14%]   step 12072
[ 14%]   step 12073
[ 14%]   step 12074
[ 14%]   step 12075
[ 14%]   step 12076
[ 14%]   step 12077
[ 14%]   step 12078
[ 14%]   step 12079
[ 14%]   step 12080
[ 14%]   step 12081
[ 14%]   step 12082
[ 14%]   step 12083
[ 14%]   step 12084
[ 14%]   step 12085
[ 14%]   step 12086
[ 14%]   step 12087
[ 14%]   step 12088
[ 14%]   step 12089
[ 14%]   step 12090
[ 14%]   step 12091
[ 14%]   step 12092
[ 14%]   step 12093
[ 14%]   step 12094
[ 14%]   step 12095
[ 14%]   step 12096
[ 14%]   step 12097
[ 14%]   step 12098
[ 14%]   step 12099
[ 14%]   step 12100
[ 14%]   step 12101
[ 14%]   step 12102
[ 14%]   step 12103
[ 14%]   step 12104
[ 14%]   step 12105
[ 14%]   step 12106
[ 14%]   step 12107
[ 14%]   step 12108
[ 14%]   step 12109
[ 14%]   step 12110
[ 14%]   step 12111
[ 14%]   step 12112
[ 14%]   step 12113
[ 14%]   step 12114
[ 14%]   step 12115
[ 14%]   step 12116
[ 14%]   step 12117
[ 14%]   step 12118
[ 14%]   step 12119
[ 14%]   step 12120
[ 14%]   step 12121
[ 14%]   step 12122
[ 14%]   step 12123
[ 14%]   step 12124
[ 14%]   step 12125
[ 14%]   step 12126
[ 14%]   step 12127
[ 14%]   step 12128
[ 14%]   step 12129
[ 14%]   step 12130
[ 14%]   step 12131
[ 14%]   step 12132
[ 14%]   step 12133
[ 14%]   step 12134
[ 14%]   step 12135
[ 14%]   step 12136
[ 14%]   step 12137
+SWASH is processing output request    1
+SWASH is processing output request    2
[ 14%]   step 12138
[ 14%]   step 12139
[ 14%]   step 12140
[ 14%]   step 12141
[ 14%]   step 12142
[ 14%]   step 12143
[ 14%]   step 12144
[ 14%]   step 12145
[ 14%]   step 12146
[ 14%]   step 12147
[ 14%]   step 12148
[ 14%]   step 12149
[ 14%]   step 12150
[ 14%]   step 12151
[ 14%]   step 12152
[ 14%]   step 12153
[ 14%]   step 12154
[ 14%]   step 12155
[ 14%]   step 12156
[ 14%]   step 12157
[ 14%]   step 12158
[ 14%]   step 12159
[ 14%]   step 12160
[ 14%]   step 12161
[ 14%]   step 12162
[ 14%]   step 12163
[ 14%]   step 12164
[ 14%]   step 12165
[ 14%]   step 12166
[ 14%]   step 12167
[ 14%]   step 12168
[ 14%]   step 12169
[ 14%]   step 12170
[ 14%]   step 12171
[ 14%]   step 12172
[ 14%]   step 12173
[ 14%]   step 12174
[ 14%]   step 12175
[ 14%]   step 12176
[ 14%]   step 12177
[ 14%]   step 12178
[ 14%]   step 12179
[ 14%]   step 12180
[ 14%]   step 12181
[ 14%]   step 12182
[ 14%]   step 12183
[ 14%]   step 12184
[ 14%]   step 12185
[ 14%]   step 12186
[ 14%]   step 12187
[ 14%]   step 12188
[ 14%]   step 12189
[ 14%]   step 12190
[ 14%]   step 12191
[ 14%]   step 12192
[ 14%]   step 12193
[ 14%]   step 12194
[ 14%]   step 12195
[ 14%]   step 12196
[ 14%]   step 12197
[ 14%]   step 12198
[ 14%]   step 12199
[ 14%]   step 12200
[ 14%]   step 12201
[ 14%]   step 12202
[ 14%]   step 12203
[ 14%]   step 12204
[ 14%]   step 12205
[ 14%]   step 12206
[ 14%]   step 12207
[ 14%]   step 12208
[ 14%]   step 12209
[ 14%]   step 12210
[ 14%]   step 12211
[ 14%]   step 12212
[ 14%]   step 12213
[ 14%]   step 12214
[ 14%]   step 12215
[ 14%]   step 12216
[ 14%]   step 12217
[ 14%]   step 12218
[ 14%]   step 12219
[ 14%]   step 12220
[ 14%]   step 12221
[ 14%]   step 12222
[ 14%]   step 12223
[ 14%]   step 12224
[ 14%]   step 12225
[ 14%]   step 12226
[ 14%]   step 12227
[ 14%]   step 12228
[ 14%]   step 12229
[ 14%]   step 12230
[ 14%]   step 12231
[ 14%]   step 12232
[ 14%]   step 12233
[ 14%]   step 12234
[ 14%]   step 12235
[ 14%]   step 12236
[ 14%]   step 12237
[ 14%]   step 12238
[ 14%]   step 12239
[ 14%]   step 12240
[ 14%]   step 12241
[ 14%]   step 12242
[ 14%]   step 12243
[ 14%]   step 12244
[ 14%]   step 12245
[ 14%]   step 12246
[ 14%]   step 12247
[ 14%]   step 12248
[ 14%]   step 12249
[ 14%]   step 12250
[ 14%]   step 12251
+SWASH is processing output request    1
+SWASH is processing output request    2
[ 14%]   step 12252
[ 14%]   step 12253
[ 14%]   step 12254
[ 14%]   step 12255
[ 14%]   step 12256
[ 14%]   step 12257
[ 14%]   step 12258
[ 14%]   step 12259
[ 14%]   step 12260
[ 14%]   step 12261
[ 14%]   step 12262
[ 14%]   step 12263
[ 14%]   step 12264
[ 14%]   step 12265
[ 14%]   step 12266
[ 14%]   step 12267
[ 14%]   step 12268
[ 14%]   step 12269
[ 14%]   step 12270
[ 14%]   step 12271
[ 14%]   step 12272
[ 14%]   step 12273
[ 14%]   step 12274
[ 14%]   step 12275
[ 14%]   step 12276
[ 14%]   step 12277
[ 14%]   step 12278
[ 14%]   step 12279
[ 14%]   step 12280
[ 14%]   step 12281
[ 14%]   step 12282
[ 14%]   step 12283
[ 14%]   step 12284
[ 14%]   step 12285
[ 14%]   step 12286
[ 14%]   step 12287
[ 14%]   step 12288
[ 14%]   step 12289
[ 14%]   step 12290
[ 14%]   step 12291
[ 14%]   step 12292
[ 14%]   step 12293
[ 14%]   step 12294
[ 14%]   step 12295
[ 14%]   step 12296
[ 14%]   step 12297
[ 14%]   step 12298
[ 14%]   step 12299
[ 14%]   step 12300
[ 14%]   step 12301
[ 14%]   step 12302
[ 14%]   step 12303
[ 14%]   step 12304
[ 14%]   step 12305
[ 14%]   step 12306
[ 14%]   step 12307
[ 14%]   step 12308
[ 14%]   step 12309
[ 14%]   step 12310
[ 14%]   step 12311
[ 14%]   step 12312
[ 14%]   step 12313
[ 14%]   step 12314
[ 14%]   step 12315
[ 14%]   step 12316
[ 14%]   step 12317
[ 14%]   step 12318
[ 14%]   step 12319
[ 14%]   step 12320
[ 14%]   step 12321
[ 14%]   step 12322
[ 14%]   step 12323
[ 14%]   step 12324
[ 14%]   step 12325
[ 14%]   step 12326
[ 14%]   step 12327
[ 14%]   step 12328
[ 14%]   step 12329
[ 14%]   step 12330
[ 14%]   step 12331
[ 14%]   step 12332
[ 14%]   step 12333
[ 14%]   step 12334
[ 14%]   step 12335
[ 14%]   step 12336
[ 14%]   step 12337
[ 14%]   step 12338
[ 14%]   step 12339
[ 14%]   step 12340
[ 14%]   step 12341
[ 14%]   step 12342
[ 14%]   step 12343
[ 14%]   step 12344
[ 14%]   step 12345
[ 14%]   step 12346
[ 14%]   step 12347
[ 14%]   step 12348
[ 14%]   step 12349
[ 14%]   step 12350
[ 14%]   step 12351
[ 14%]   step 12352
[ 14%]   step 12353
[ 14%]   step 12354
[ 14%]   step 12355
[ 14%]   step 12356
[ 14%]   step 12357
[ 14%]   step 12358
[ 14%]   step 12359
[ 14%]   step 12360
[ 14%]   step 12361
[ 14%]   step 12362
[ 14%]   step 12363
[ 14%]   step 12364
[ 14%]   step 12365
[ 14%]   step 12366
+SWASH is processing output request    1
+SWASH is processing output request    2
[ 14%]   step 12367
[ 14%]   step 12368
[ 14%]   step 12369
[ 14%]   step 12370
[ 14%]   step 12371
[ 14%]   step 12372
[ 14%]   step 12373
[ 14%]   step 12374
[ 14%]   step 12375
[ 14%]   step 12376
[ 14%]   step 12377
[ 14%]   step 12378
[ 14%]   step 12379
[ 14%]   step 12380
[ 14%]   step 12381
[ 14%]   step 12382
[ 14%]   step 12383
[ 14%]   step 12384
[ 14%]   step 12385
[ 14%]   step 12386
[ 14%]   step 12387
[ 14%]   step 12388
[ 14%]   step 12389
[ 14%]   step 12390
[ 14%]   step 12391
[ 14%]   step 12392
[ 14%]   step 12393
[ 14%]   step 12394
[ 14%]   step 12395
[ 14%]   step 12396
[ 14%]   step 12397
[ 14%]   step 12398
[ 14%]   step 12399
[ 14%]   step 12400
[ 14%]   step 12401
[ 14%]   step 12402
[ 14%]   step 12403
[ 14%]   step 12404
[ 14%]   step 12405
[ 14%]   step 12406
[ 14%]   step 12407
[ 14%]   step 12408
[ 14%]   step 12409
[ 14%]   step 12410
[ 14%]   step 12411
[ 14%]   step 12412
[ 14%]   step 12413
[ 14%]   step 12414
[ 14%]   step 12415
[ 14%]   step 12416
[ 14%]   step 12417
[ 14%]   step 12418
[ 14%]   step 12419
[ 14%]   step 12420
[ 14%]   step 12421
[ 14%]   step 12422
[ 14%]   step 12423
[ 14%]   step 12424
[ 14%]   step 12425
[ 14%]   step 12426
[ 14%]   step 12427
[ 14%]   step 12428
[ 14%]   step 12429
[ 14%]   step 12430
[ 14%]   step 12431
[ 14%]   step 12432
[ 14%]   step 12433
[ 14%]   step 12434
[ 14%]   step 12435
[ 14%]   step 12436
[ 14%]   step 12437
[ 14%]   step 12438
[ 14%]   step 12439
[ 14%]   step 12440
[ 14%]   step 12441
[ 14%]   step 12442
[ 14%]   step 12443
[ 14%]   step 12444
[ 14%]   step 12445
[ 14%]   step 12446
[ 14%]   step 12447
[ 14%]   step 12448
[ 14%]   step 12449
[ 14%]   step 12450
[ 14%]   step 12451
[ 14%]   step 12452
[ 14%]   step 12453
[ 14%]   step 12454
[ 14%]   step 12455
[ 14%]   step 12456
[ 14%]   step 12457
[ 14%]   step 12458
[ 14%]   step 12459
[ 14%]   step 12460
[ 14%]   step 12461
[ 14%]   step 12462
[ 14%]   step 12463
[ 14%]   step 12464
[ 14%]   step 12465
[ 14%]   step 12466
[ 14%]   step 12467
[ 14%]   step 12468
[ 14%]   step 12469
[ 14%]   step 12470
[ 14%]   step 12471
[ 14%]   step 12472
[ 14%]   step 12473
[ 14%]   step 12474
[ 14%]   step 12475
[ 14%]   step 12476
[ 14%]   step 12477
[ 14%]   step 12478
[ 14%]   step 12479
[ 14%]   step 12480
+SWASH is processing output request    1
+SWASH is processing output request    2
[ 14%]   step 12481
[ 14%]   step 12482
[ 14%]   step 12483
[ 14%]   step 12484
[ 14%]   step 12485
[ 14%]   step 12486
[ 14%]   step 12487
[ 14%]   step 12488
[ 14%]   step 12489
[ 14%]   step 12490
[ 14%]   step 12491
[ 14%]   step 12492
[ 14%]   step 12493
[ 14%]   step 12494
[ 14%]   step 12495
[ 14%]   step 12496
[ 14%]   step 12497
[ 14%]   step 12498
[ 14%]   step 12499
[ 14%]   step 12500
[ 14%]   step 12501
[ 14%]   step 12502
[ 14%]   step 12503
[ 14%]   step 12504
[ 14%]   step 12505
[ 14%]   step 12506
[ 14%]   step 12507
[ 14%]   step 12508
[ 14%]   step 12509
[ 14%]   step 12510
[ 14%]   step 12511
[ 14%]   step 12512
[ 14%]   step 12513
[ 14%]   step 12514
[ 14%]   step 12515
[ 14%]   step 12516
[ 14%]   step 12517
[ 14%]   step 12518
[ 14%]   step 12519
[ 14%]   step 12520
[ 14%]   step 12521
[ 14%]   step 12522
[ 14%]   step 12523
[ 14%]   step 12524
[ 14%]   step 12525
[ 14%]   step 12526
[ 14%]   step 12527
[ 14%]   step 12528
[ 14%]   step 12529
[ 14%]   step 12530
[ 14%]   step 12531
[ 14%]   step 12532
[ 14%]   step 12533
[ 14%]   step 12534
[ 14%]   step 12535
[ 14%]   step 12536
[ 14%]   step 12537
[ 14%]   step 12538
[ 14%]   step 12539
[ 14%]   step 12540
[ 14%]   step 12541
[ 14%]   step 12542
[ 14%]   step 12543
[ 14%]   step 12544
[ 14%]   step 12545
[ 14%]   step 12546
[ 14%]   step 12547
[ 14%]   step 12548
[ 14%]   step 12549
[ 14%]   step 12550
[ 14%]   step 12551
[ 14%]   step 12552
[ 14%]   step 12553
[ 14%]   step 12554
[ 14%]   step 12555
[ 14%]   step 12556
[ 14%]   step 12557
[ 14%]   step 12558
[ 14%]   step 12559
[ 14%]   step 12560
[ 14%]   step 12561
[ 14%]   step 12562
[ 14%]   step 12563
[ 14%]   step 12564
[ 14%]   step 12565
[ 14%]   step 12566
[ 14%]   step 12567
[ 14%]   step 12568
[ 14%]   step 12569
[ 14%]   step 12570
[ 14%]   step 12571
[ 14%]   step 12572
[ 14%]   step 12573
[ 14%]   step 12574
[ 14%]   step 12575
[ 14%]   step 12576
[ 14%]   step 12577
[ 14%]   step 12578
[ 14%]   step 12579
[ 14%]   step 12580
[ 14%]   step 12581
[ 14%]   step 12582
[ 14%]   step 12583
[ 14%]   step 12584
[ 14%]   step 12585
[ 14%]   step 12586
[ 14%]   step 12587
[ 14%]   step 12588
[ 14%]   step 12589
[ 14%]   step 12590
[ 14%]   step 12591
[ 14%]   step 12592
[ 14%]   step 12593
[ 14%]   step 12594
[ 14%]   step 12595
+SWASH is processing output request    1
+SWASH is processing output request    2
[ 14%]   step 12596
[ 14%]   step 12597
[ 14%]   step 12598
[ 14%]   step 12599
[ 14%]   step 12600
[ 14%]   step 12601
[ 14%]   step 12602
[ 14%]   step 12603
[ 14%]   step 12604
[ 14%]   step 12605
[ 14%]   step 12606
[ 14%]   step 12607
[ 14%]   step 12608
[ 14%]   step 12609
[ 14%]   step 12610
[ 14%]   step 12611
[ 14%]   step 12612
[ 14%]   step 12613
[ 14%]   step 12614
[ 14%]   step 12615
[ 14%]   step 12616
[ 14%]   step 12617
[ 14%]   step 12618
[ 14%]   step 12619
[ 14%]   step 12620
[ 14%]   step 12621
[ 14%]   step 12622
[ 14%]   step 12623
[ 14%]   step 12624
[ 14%]   step 12625
[ 14%]   step 12626
[ 14%]   step 12627
[ 14%]   step 12628
[ 14%]   step 12629
[ 14%]   step 12630
[ 14%]   step 12631
[ 14%]   step 12632
[ 14%]   step 12633
[ 14%]   step 12634
[ 14%]   step 12635
[ 14%]   step 12636
[ 14%]   step 12637
[ 14%]   step 12638
[ 14%]   step 12639
[ 14%]   step 12640
[ 14%]   step 12641
[ 14%]   step 12642
[ 14%]   step 12643
[ 14%]   step 12644
[ 14%]   step 12645
[ 14%]   step 12646
[ 14%]   step 12647
[ 14%]   step 12648
[ 14%]   step 12649
[ 14%]   step 12650
[ 14%]   step 12651
[ 14%]   step 12652
[ 14%]   step 12653
[ 14%]   step 12654
[ 14%]   step 12655
[ 14%]   step 12656
[ 14%]   step 12657
[ 14%]   step 12658
[ 14%]   step 12659
[ 14%]   step 12660
[ 14%]   step 12661
[ 14%]   step 12662
[ 14%]   step 12663
[ 14%]   step 12664
[ 14%]   step 12665
[ 14%]   step 12666
[ 14%]   step 12667
[ 14%]   step 12668
[ 14%]   step 12669
[ 14%]   step 12670
[ 14%]   step 12671
[ 14%]   step 12672
[ 14%]   step 12673
[ 14%]   step 12674
[ 14%]   step 12675
[ 14%]   step 12676
[ 14%]   step 12677
[ 14%]   step 12678
[ 14%]   step 12679
[ 14%]   step 12680
[ 14%]   step 12681
[ 14%]   step 12682
[ 14%]   step 12683
[ 14%]   step 12684
[ 14%]   step 12685
[ 14%]   step 12686
[ 14%]   step 12687
[ 14%]   step 12688
[ 14%]   step 12689
[ 14%]   step 12690
[ 14%]   step 12691
[ 14%]   step 12692
[ 14%]   step 12693
[ 14%]   step 12694
[ 14%]   step 12695
[ 14%]   step 12696
[ 14%]   step 12697
[ 14%]   step 12698
[ 14%]   step 12699
[ 14%]   step 12700
[ 14%]   step 12701
[ 14%]   step 12702
[ 14%]   step 12703
[ 14%]   step 12704
[ 14%]   step 12705
[ 14%]   step 12706
[ 14%]   step 12707
[ 14%]   step 12708
[ 14%]   step 12709
+SWASH is processing output request    1
+SWASH is processing output request    2
[ 14%]   step 12710
[ 14%]   step 12711
[ 14%]   step 12712
[ 14%]   step 12713
[ 14%]   step 12714
[ 14%]   step 12715
[ 14%]   step 12716
[ 14%]   step 12717
[ 14%]   step 12718
[ 14%]   step 12719
[ 14%]   step 12720
[ 14%]   step 12721
[ 14%]   step 12722
[ 14%]   step 12723
[ 14%]   step 12724
[ 14%]   step 12725
[ 14%]   step 12726
[ 14%]   step 12727
[ 14%]   step 12728
[ 14%]   step 12729
[ 14%]   step 12730
[ 14%]   step 12731
[ 14%]   step 12732
[ 14%]   step 12733
[ 14%]   step 12734
[ 14%]   step 12735
[ 14%]   step 12736
[ 14%]   step 12737
[ 14%]   step 12738
[ 14%]   step 12739
[ 14%]   step 12740
[ 14%]   step 12741
[ 14%]   step 12742
[ 14%]   step 12743
[ 14%]   step 12744
[ 14%]   step 12745
[ 14%]   step 12746
[ 14%]   step 12747
[ 14%]   step 12748
[ 14%]   step 12749
[ 14%]   step 12750
[ 14%]   step 12751
[ 14%]   step 12752
[ 14%]   step 12753
[ 14%]   step 12754
[ 14%]   step 12755
[ 14%]   step 12756
[ 14%]   step 12757
[ 14%]   step 12758
[ 14%]   step 12759
[ 14%]   step 12760
[ 14%]   step 12761
[ 14%]   step 12762
[ 14%]   step 12763
[ 14%]   step 12764
[ 14%]   step 12765
[ 14%]   step 12766
[ 14%]   step 12767
[ 14%]   step 12768
[ 14%]   step 12769
[ 14%]   step 12770
[ 14%]   step 12771
[ 14%]   step 12772
[ 14%]   step 12773
[ 14%]   step 12774
[ 14%]   step 12775
[ 14%]   step 12776
[ 14%]   step 12777
[ 14%]   step 12778
[ 14%]   step 12779
[ 14%]   step 12780
[ 14%]   step 12781
[ 14%]   step 12782
[ 14%]   step 12783
[ 14%]   step 12784
[ 14%]   step 12785
[ 14%]   step 12786
[ 14%]   step 12787
[ 14%]   step 12788
[ 14%]   step 12789
[ 14%]   step 12790
[ 14%]   step 12791
[ 14%]   step 12792
[ 14%]   step 12793
[ 14%]   step 12794
[ 14%]   step 12795
[ 14%]   step 12796
[ 14%]   step 12797
[ 14%]   step 12798
[ 14%]   step 12799
[ 14%]   step 12800
[ 14%]   step 12801
[ 14%]   step 12802
[ 14%]   step 12803
[ 14%]   step 12804
[ 14%]   step 12805
[ 14%]   step 12806
[ 14%]   step 12807
[ 14%]   step 12808
[ 14%]   step 12809
[ 14%]   step 12810
[ 14%]   step 12811
[ 14%]   step 12812
[ 14%]   step 12813
[ 14%]   step 12814
[ 14%]   step 12815
[ 14%]   step 12816
[ 14%]   step 12817
[ 14%]   step 12818
[ 14%]   step 12819
[ 14%]   step 12820
[ 14%]   step 12821
[ 14%]   step 12822
[ 14%]   step 12823
[ 14%]   step 12824
+SWASH is processing output request    1
+SWASH is processing output request    2
[ 14%]   step 12825
[ 14%]   step 12826
[ 14%]   step 12827
[ 14%]   step 12828
[ 14%]   step 12829
[ 14%]   step 12830
[ 14%]   step 12831
[ 14%]   step 12832
[ 14%]   step 12833
[ 14%]   step 12834
[ 14%]   step 12835
[ 14%]   step 12836
[ 14%]   step 12837
[ 14%]   step 12838
[ 14%]   step 12839
[ 14%]   step 12840
[ 14%]   step 12841
[ 14%]   step 12842
[ 14%]   step 12843
[ 14%]   step 12844
[ 14%]   step 12845
[ 14%]   step 12846
[ 14%]   step 12847
[ 14%]   step 12848
[ 14%]   step 12849
[ 14%]   step 12850
[ 14%]   step 12851
[ 14%]   step 12852
[ 14%]   step 12853
[ 14%]   step 12854
[ 14%]   step 12855
[ 14%]   step 12856
[ 14%]   step 12857
[ 14%]   step 12858
[ 14%]   step 12859
[ 14%]   step 12860
[ 14%]   step 12861
[ 14%]   step 12862
[ 14%]   step 12863
[ 14%]   step 12864
[ 14%]   step 12865
[ 14%]   step 12866
[ 14%]   step 12867
[ 14%]   step 12868
[ 14%]   step 12869
[ 14%]   step 12870
[ 14%]   step 12871
[ 14%]   step 12872
[ 14%]   step 12873
[ 14%]   step 12874
[ 14%]   step 12875
[ 14%]   step 12876
[ 14%]   step 12877
[ 14%]   step 12878
[ 14%]   step 12879
[ 14%]   step 12880
[ 14%]   step 12881
[ 14%]   step 12882
[ 14%]   step 12883
[ 14%]   step 12884
[ 14%]   step 12885
[ 14%]   step 12886
[ 14%]   step 12887
[ 14%]   step 12888
[ 14%]   step 12889
[ 14%]   step 12890
[ 14%]   step 12891
[ 14%]   step 12892
[ 14%]   step 12893
[ 14%]   step 12894
[ 14%]   step 12895
[ 14%]   step 12896
[ 14%]   step 12897
[ 14%]   step 12898
[ 14%]   step 12899
[ 14%]   step 12900
[ 14%]   step 12901
[ 14%]   step 12902
[ 14%]   step 12903
[ 14%]   step 12904
[ 14%]   step 12905
[ 14%]   step 12906
[ 14%]   step 12907
[ 14%]   step 12908
[ 14%]   step 12909
[ 14%]   step 12910
[ 14%]   step 12911
[ 14%]   step 12912
[ 14%]   step 12913
[ 14%]   step 12914
[ 14%]   step 12915
[ 14%]   step 12916
[ 14%]   step 12917
[ 14%]   step 12918
[ 14%]   step 12919
[ 14%]   step 12920
[ 14%]   step 12921
[ 14%]   step 12922
[ 14%]   step 12923
[ 14%]   step 12924
[ 14%]   step 12925
[ 14%]   step 12926
[ 14%]   step 12927
[ 14%]   step 12928
[ 14%]   step 12929
[ 14%]   step 12930
[ 14%]   step 12931
[ 14%]   step 12932
[ 14%]   step 12933
[ 14%]   step 12934
[ 14%]   step 12935
[ 14%]   step 12936
[ 14%]   step 12937
[ 14%]   step 12938
+SWASH is processing output request    1
+SWASH is processing output request    2
[ 14%]   step 12939
[ 14%]   step 12940
[ 14%]   step 12941
[ 14%]   step 12942
[ 14%]   step 12943
[ 14%]   step 12944
[ 14%]   step 12945
[ 14%]   step 12946
[ 14%]   step 12947
[ 14%]   step 12948
[ 14%]   step 12949
[ 15%]   step 12950
[ 15%]   step 12951
[ 15%]   step 12952
[ 15%]   step 12953
[ 15%]   step 12954
[ 15%]   step 12955
[ 15%]   step 12956
[ 15%]   step 12957
[ 15%]   step 12958
[ 15%]   step 12959
[ 15%]   step 12960
[ 15%]   step 12961
[ 15%]   step 12962
[ 15%]   step 12963
[ 15%]   step 12964
[ 15%]   step 12965
[ 15%]   step 12966
[ 15%]   step 12967
[ 15%]   step 12968
[ 15%]   step 12969
[ 15%]   step 12970
[ 15%]   step 12971
[ 15%]   step 12972
[ 15%]   step 12973
[ 15%]   step 12974
[ 15%]   step 12975
[ 15%]   step 12976
[ 15%]   step 12977
[ 15%]   step 12978
[ 15%]   step 12979
[ 15%]   step 12980
[ 15%]   step 12981
[ 15%]   step 12982
[ 15%]   step 12983
[ 15%]   step 12984
[ 15%]   step 12985
[ 15%]   step 12986
[ 15%]   step 12987
[ 15%]   step 12988
[ 15%]   step 12989
[ 15%]   step 12990
[ 15%]   step 12991
[ 15%]   step 12992
[ 15%]   step 12993
[ 15%]   step 12994
[ 15%]   step 12995
[ 15%]   step 12996
[ 15%]   step 12997
[ 15%]   step 12998
[ 15%]   step 12999
[ 15%]   step 13000
[ 15%]   step 13001
[ 15%]   step 13002
[ 15%]   step 13003
[ 15%]   step 13004
[ 15%]   step 13005
[ 15%]   step 13006
[ 15%]   step 13007
[ 15%]   step 13008
[ 15%]   step 13009
[ 15%]   step 13010
[ 15%]   step 13011
[ 15%]   step 13012
[ 15%]   step 13013
[ 15%]   step 13014
[ 15%]   step 13015
[ 15%]   step 13016
[ 15%]   step 13017
[ 15%]   step 13018
[ 15%]   step 13019
[ 15%]   step 13020
[ 15%]   step 13021
[ 15%]   step 13022
[ 15%]   step 13023
[ 15%]   step 13024
[ 15%]   step 13025
[ 15%]   step 13026
[ 15%]   step 13027
[ 15%]   step 13028
[ 15%]   step 13029
[ 15%]   step 13030
[ 15%]   step 13031
[ 15%]   step 13032
[ 15%]   step 13033
[ 15%]   step 13034
[ 15%]   step 13035
[ 15%]   step 13036
[ 15%]   step 13037
[ 15%]   step 13038
[ 15%]   step 13039
[ 15%]   step 13040
[ 15%]   step 13041
[ 15%]   step 13042
[ 15%]   step 13043
[ 15%]   step 13044
[ 15%]   step 13045
[ 15%]   step 13046
[ 15%]   step 13047
[ 15%]   step 13048
[ 15%]   step 13049
[ 15%]   step 13050
[ 15%]   step 13051
[ 15%]   step 13052
[ 15%]   step 13053
+SWASH is processing output request    1
+SWASH is processing output request    2
[ 15%]   step 13054
[ 15%]   step 13055
[ 15%]   step 13056
[ 15%]   step 13057
[ 15%]   step 13058
[ 15%]   step 13059
[ 15%]   step 13060
[ 15%]   step 13061
[ 15%]   step 13062
[ 15%]   step 13063
[ 15%]   step 13064
[ 15%]   step 13065
[ 15%]   step 13066
[ 15%]   step 13067
[ 15%]   step 13068
[ 15%]   step 13069
[ 15%]   step 13070
[ 15%]   step 13071
[ 15%]   step 13072
[ 15%]   step 13073
[ 15%]   step 13074
[ 15%]   step 13075
[ 15%]   step 13076
[ 15%]   step 13077
[ 15%]   step 13078
[ 15%]   step 13079
[ 15%]   step 13080
[ 15%]   step 13081
[ 15%]   step 13082
[ 15%]   step 13083
[ 15%]   step 13084
[ 15%]   step 13085
[ 15%]   step 13086
[ 15%]   step 13087
[ 15%]   step 13088
[ 15%]   step 13089
[ 15%]   step 13090
[ 15%]   step 13091
[ 15%]   step 13092
[ 15%]   step 13093
[ 15%]   step 13094
[ 15%]   step 13095
[ 15%]   step 13096
[ 15%]   step 13097
[ 15%]   step 13098
[ 15%]   step 13099
[ 15%]   step 13100
[ 15%]   step 13101
[ 15%]   step 13102
[ 15%]   step 13103
[ 15%]   step 13104
[ 15%]   step 13105
[ 15%]   step 13106
[ 15%]   step 13107
[ 15%]   step 13108
[ 15%]   step 13109
[ 15%]   step 13110
[ 15%]   step 13111
[ 15%]   step 13112
[ 15%]   step 13113
[ 15%]   step 13114
[ 15%]   step 13115
[ 15%]   step 13116
[ 15%]   step 13117
[ 15%]   step 13118
[ 15%]   step 13119
[ 15%]   step 13120
[ 15%]   step 13121
[ 15%]   step 13122
[ 15%]   step 13123
[ 15%]   step 13124
[ 15%]   step 13125
[ 15%]   step 13126
[ 15%]   step 13127
[ 15%]   step 13128
[ 15%]   step 13129
[ 15%]   step 13130
[ 15%]   step 13131
[ 15%]   step 13132
[ 15%]   step 13133
[ 15%]   step 13134
[ 15%]   step 13135
[ 15%]   step 13136
[ 15%]   step 13137
[ 15%]   step 13138
[ 15%]   step 13139
[ 15%]   step 13140
[ 15%]   step 13141
[ 15%]   step 13142
[ 15%]   step 13143
[ 15%]   step 13144
[ 15%]   step 13145
[ 15%]   step 13146
[ 15%]   step 13147
[ 15%]   step 13148
[ 15%]   step 13149
[ 15%]   step 13150
[ 15%]   step 13151
[ 15%]   step 13152
[ 15%]   step 13153
[ 15%]   step 13154
[ 15%]   step 13155
[ 15%]   step 13156
[ 15%]   step 13157
[ 15%]   step 13158
[ 15%]   step 13159
[ 15%]   step 13160
[ 15%]   step 13161
[ 15%]   step 13162
[ 15%]   step 13163
[ 15%]   step 13164
[ 15%]   step 13165
[ 15%]   step 13166
[ 15%]   step 13167
+SWASH is processing output request    1
+SWASH is processing output request    2
[ 15%]   step 13168
[ 15%]   step 13169
[ 15%]   step 13170
[ 15%]   step 13171
[ 15%]   step 13172
[ 15%]   step 13173
[ 15%]   step 13174
[ 15%]   step 13175
[ 15%]   step 13176
[ 15%]   step 13177
[ 15%]   step 13178
[ 15%]   step 13179
[ 15%]   step 13180
[ 15%]   step 13181
[ 15%]   step 13182
[ 15%]   step 13183
[ 15%]   step 13184
[ 15%]   step 13185
[ 15%]   step 13186
[ 15%]   step 13187
[ 15%]   step 13188
[ 15%]   step 13189
[ 15%]   step 13190
[ 15%]   step 13191
[ 15%]   step 13192
[ 15%]   step 13193
[ 15%]   step 13194
[ 15%]   step 13195
[ 15%]   step 13196
[ 15%]   step 13197
[ 15%]   step 13198
[ 15%]   step 13199
[ 15%]   step 13200
[ 15%]   step 13201
[ 15%]   step 13202
[ 15%]   step 13203
[ 15%]   step 13204
[ 15%]   step 13205
[ 15%]   step 13206
[ 15%]   step 13207
[ 15%]   step 13208
[ 15%]   step 13209
[ 15%]   step 13210
[ 15%]   step 13211
[ 15%]   step 13212
[ 15%]   step 13213
[ 15%]   step 13214
[ 15%]   step 13215
[ 15%]   step 13216
[ 15%]   step 13217
[ 15%]   step 13218
[ 15%]   step 13219
[ 15%]   step 13220
[ 15%]   step 13221
[ 15%]   step 13222
[ 15%]   step 13223
[ 15%]   step 13224
[ 15%]   step 13225
[ 15%]   step 13226
[ 15%]   step 13227
[ 15%]   step 13228
[ 15%]   step 13229
[ 15%]   step 13230
[ 15%]   step 13231
[ 15%]   step 13232
[ 15%]   step 13233
[ 15%]   step 13234
[ 15%]   step 13235
[ 15%]   step 13236
[ 15%]   step 13237
[ 15%]   step 13238
[ 15%]   step 13239
[ 15%]   step 13240
[ 15%]   step 13241
[ 15%]   step 13242
[ 15%]   step 13243
[ 15%]   step 13244
[ 15%]   step 13245
[ 15%]   step 13246
[ 15%]   step 13247
[ 15%]   step 13248
[ 15%]   step 13249
[ 15%]   step 13250
[ 15%]   step 13251
[ 15%]   step 13252
[ 15%]   step 13253
[ 15%]   step 13254
[ 15%]   step 13255
[ 15%]   step 13256
[ 15%]   step 13257
[ 15%]   step 13258
[ 15%]   step 13259
[ 15%]   step 13260
[ 15%]   step 13261
[ 15%]   step 13262
[ 15%]   step 13263
[ 15%]   step 13264
[ 15%]   step 13265
[ 15%]   step 13266
[ 15%]   step 13267
[ 15%]   step 13268
[ 15%]   step 13269
[ 15%]   step 13270
[ 15%]   step 13271
[ 15%]   step 13272
[ 15%]   step 13273
[ 15%]   step 13274
[ 15%]   step 13275
[ 15%]   step 13276
[ 15%]   step 13277
[ 15%]   step 13278
[ 15%]   step 13279
[ 15%]   step 13280
[ 15%]   step 13281
[ 15%]   step 13282
+SWASH is processing output request    1
+SWASH is processing output request    2
[ 15%]   step 13283
[ 15%]   step 13284
[ 15%]   step 13285
[ 15%]   step 13286
[ 15%]   step 13287
[ 15%]   step 13288
[ 15%]   step 13289
[ 15%]   step 13290
[ 15%]   step 13291
[ 15%]   step 13292
[ 15%]   step 13293
[ 15%]   step 13294
[ 15%]   step 13295
[ 15%]   step 13296
[ 15%]   step 13297
[ 15%]   step 13298
[ 15%]   step 13299
[ 15%]   step 13300
[ 15%]   step 13301
[ 15%]   step 13302
[ 15%]   step 13303
[ 15%]   step 13304
[ 15%]   step 13305
[ 15%]   step 13306
[ 15%]   step 13307
[ 15%]   step 13308
[ 15%]   step 13309
[ 15%]   step 13310
[ 15%]   step 13311
[ 15%]   step 13312
[ 15%]   step 13313
[ 15%]   step 13314
[ 15%]   step 13315
[ 15%]   step 13316
[ 15%]   step 13317
[ 15%]   step 13318
[ 15%]   step 13319
[ 15%]   step 13320
[ 15%]   step 13321
[ 15%]   step 13322
[ 15%]   step 13323
[ 15%]   step 13324
[ 15%]   step 13325
[ 15%]   step 13326
[ 15%]   step 13327
[ 15%]   step 13328
[ 15%]   step 13329
[ 15%]   step 13330
[ 15%]   step 13331
[ 15%]   step 13332
[ 15%]   step 13333
[ 15%]   step 13334
[ 15%]   step 13335
[ 15%]   step 13336
[ 15%]   step 13337
[ 15%]   step 13338
[ 15%]   step 13339
[ 15%]   step 13340
[ 15%]   step 13341
[ 15%]   step 13342
[ 15%]   step 13343
[ 15%]   step 13344
[ 15%]   step 13345
[ 15%]   step 13346
[ 15%]   step 13347
[ 15%]   step 13348
[ 15%]   step 13349
[ 15%]   step 13350
[ 15%]   step 13351
[ 15%]   step 13352
[ 15%]   step 13353
[ 15%]   step 13354
[ 15%]   step 13355
[ 15%]   step 13356
[ 15%]   step 13357
[ 15%]   step 13358
[ 15%]   step 13359
[ 15%]   step 13360
[ 15%]   step 13361
[ 15%]   step 13362
[ 15%]   step 13363
[ 15%]   step 13364
[ 15%]   step 13365
[ 15%]   step 13366
[ 15%]   step 13367
[ 15%]   step 13368
[ 15%]   step 13369
[ 15%]   step 13370
[ 15%]   step 13371
[ 15%]   step 13372
[ 15%]   step 13373
[ 15%]   step 13374
[ 15%]   step 13375
[ 15%]   step 13376
[ 15%]   step 13377
[ 15%]   step 13378
[ 15%]   step 13379
[ 15%]   step 13380
[ 15%]   step 13381
[ 15%]   step 13382
[ 15%]   step 13383
[ 15%]   step 13384
[ 15%]   step 13385
[ 15%]   step 13386
[ 15%]   step 13387
[ 15%]   step 13388
[ 15%]   step 13389
[ 15%]   step 13390
[ 15%]   step 13391
[ 15%]   step 13392
[ 15%]   step 13393
[ 15%]   step 13394
[ 15%]   step 13395
[ 15%]   step 13396
+SWASH is processing output request    1
+SWASH is processing output request    2
[ 15%]   step 13397
[ 15%]   step 13398
[ 15%]   step 13399
[ 15%]   step 13400
[ 15%]   step 13401
[ 15%]   step 13402
[ 15%]   step 13403
[ 15%]   step 13404
[ 15%]   step 13405
[ 15%]   step 13406
[ 15%]   step 13407
[ 15%]   step 13408
[ 15%]   step 13409
[ 15%]   step 13410
[ 15%]   step 13411
[ 15%]   step 13412
[ 15%]   step 13413
[ 15%]   step 13414
[ 15%]   step 13415
[ 15%]   step 13416
[ 15%]   step 13417
[ 15%]   step 13418
[ 15%]   step 13419
[ 15%]   step 13420
[ 15%]   step 13421
[ 15%]   step 13422
[ 15%]   step 13423
[ 15%]   step 13424
[ 15%]   step 13425
[ 15%]   step 13426
[ 15%]   step 13427
[ 15%]   step 13428
[ 15%]   step 13429
[ 15%]   step 13430
[ 15%]   step 13431
[ 15%]   step 13432
[ 15%]   step 13433
[ 15%]   step 13434
[ 15%]   step 13435
[ 15%]   step 13436
[ 15%]   step 13437
[ 15%]   step 13438
[ 15%]   step 13439
[ 15%]   step 13440
[ 15%]   step 13441
[ 15%]   step 13442
[ 15%]   step 13443
[ 15%]   step 13444
[ 15%]   step 13445
[ 15%]   step 13446
[ 15%]   step 13447
[ 15%]   step 13448
[ 15%]   step 13449
[ 15%]   step 13450
[ 15%]   step 13451
[ 15%]   step 13452
[ 15%]   step 13453
[ 15%]   step 13454
[ 15%]   step 13455
[ 15%]   step 13456
[ 15%]   step 13457
[ 15%]   step 13458
[ 15%]   step 13459
[ 15%]   step 13460
[ 15%]   step 13461
[ 15%]   step 13462
[ 15%]   step 13463
[ 15%]   step 13464
[ 15%]   step 13465
[ 15%]   step 13466
[ 15%]   step 13467
[ 15%]   step 13468
[ 15%]   step 13469
[ 15%]   step 13470
[ 15%]   step 13471
[ 15%]   step 13472
[ 15%]   step 13473
[ 15%]   step 13474
[ 15%]   step 13475
[ 15%]   step 13476
[ 15%]   step 13477
[ 15%]   step 13478
[ 15%]   step 13479
[ 15%]   step 13480
[ 15%]   step 13481
[ 15%]   step 13482
[ 15%]   step 13483
[ 15%]   step 13484
[ 15%]   step 13485
[ 15%]   step 13486
[ 15%]   step 13487
[ 15%]   step 13488
[ 15%]   step 13489
[ 15%]   step 13490
[ 15%]   step 13491
[ 15%]   step 13492
[ 15%]   step 13493
[ 15%]   step 13494
[ 15%]   step 13495
[ 15%]   step 13496
[ 15%]   step 13497
[ 15%]   step 13498
[ 15%]   step 13499
[ 15%]   step 13500
[ 15%]   step 13501
[ 15%]   step 13502
[ 15%]   step 13503
[ 15%]   step 13504
[ 15%]   step 13505
[ 15%]   step 13506
[ 15%]   step 13507
[ 15%]   step 13508
[ 15%]   step 13509
[ 15%]   step 13510
[ 15%]   step 13511
+SWASH is processing output request    1
+SWASH is processing output request    2
[ 15%]   step 13512
[ 15%]   step 13513
[ 15%]   step 13514
[ 15%]   step 13515
[ 15%]   step 13516
[ 15%]   step 13517
[ 15%]   step 13518
[ 15%]   step 13519
[ 15%]   step 13520
[ 15%]   step 13521
[ 15%]   step 13522
[ 15%]   step 13523
[ 15%]   step 13524
[ 15%]   step 13525
[ 15%]   step 13526
[ 15%]   step 13527
[ 15%]   step 13528
[ 15%]   step 13529
[ 15%]   step 13530
[ 15%]   step 13531
[ 15%]   step 13532
[ 15%]   step 13533
[ 15%]   step 13534
[ 15%]   step 13535
[ 15%]   step 13536
[ 15%]   step 13537
[ 15%]   step 13538
[ 15%]   step 13539
[ 15%]   step 13540
[ 15%]   step 13541
[ 15%]   step 13542
[ 15%]   step 13543
[ 15%]   step 13544
[ 15%]   step 13545
[ 15%]   step 13546
[ 15%]   step 13547
[ 15%]   step 13548
[ 15%]   step 13549
[ 15%]   step 13550
[ 15%]   step 13551
[ 15%]   step 13552
[ 15%]   step 13553
[ 15%]   step 13554
[ 15%]   step 13555
[ 15%]   step 13556
[ 15%]   step 13557
[ 15%]   step 13558
[ 15%]   step 13559
[ 15%]   step 13560
[ 15%]   step 13561
[ 15%]   step 13562
[ 15%]   step 13563
[ 15%]   step 13564
[ 15%]   step 13565
[ 15%]   step 13566
[ 15%]   step 13567
[ 15%]   step 13568
[ 15%]   step 13569
[ 15%]   step 13570
[ 15%]   step 13571
[ 15%]   step 13572
[ 15%]   step 13573
[ 15%]   step 13574
[ 15%]   step 13575
[ 15%]   step 13576
[ 15%]   step 13577
[ 15%]   step 13578
[ 15%]   step 13579
[ 15%]   step 13580
[ 15%]   step 13581
[ 15%]   step 13582
[ 15%]   step 13583
[ 15%]   step 13584
[ 15%]   step 13585
[ 15%]   step 13586
[ 15%]   step 13587
[ 15%]   step 13588
[ 15%]   step 13589
[ 15%]   step 13590
[ 15%]   step 13591
[ 15%]   step 13592
[ 15%]   step 13593
[ 15%]   step 13594
[ 15%]   step 13595
[ 15%]   step 13596
[ 15%]   step 13597
[ 15%]   step 13598
[ 15%]   step 13599
[ 15%]   step 13600
[ 15%]   step 13601
[ 15%]   step 13602
[ 15%]   step 13603
[ 15%]   step 13604
[ 15%]   step 13605
[ 15%]   step 13606
[ 15%]   step 13607
[ 15%]   step 13608
[ 15%]   step 13609
[ 15%]   step 13610
[ 15%]   step 13611
[ 15%]   step 13612
[ 15%]   step 13613
[ 15%]   step 13614
[ 15%]   step 13615
[ 15%]   step 13616
[ 15%]   step 13617
[ 15%]   step 13618
[ 15%]   step 13619
[ 15%]   step 13620
[ 15%]   step 13621
[ 15%]   step 13622
[ 15%]   step 13623
[ 15%]   step 13624
[ 15%]   step 13625
+SWASH is processing output request    1
+SWASH is processing output request    2
[ 15%]   step 13626
[ 15%]   step 13627
[ 15%]   step 13628
[ 15%]   step 13629
[ 15%]   step 13630
[ 15%]   step 13631
[ 15%]   step 13632
[ 15%]   step 13633
[ 15%]   step 13634
[ 15%]   step 13635
[ 15%]   step 13636
[ 15%]   step 13637
[ 15%]   step 13638
[ 15%]   step 13639
[ 15%]   step 13640
[ 15%]   step 13641
[ 15%]   step 13642
[ 15%]   step 13643
[ 15%]   step 13644
[ 15%]   step 13645
[ 15%]   step 13646
[ 15%]   step 13647
[ 15%]   step 13648
[ 15%]   step 13649
[ 15%]   step 13650
[ 15%]   step 13651
[ 15%]   step 13652
[ 15%]   step 13653
[ 15%]   step 13654
[ 15%]   step 13655
[ 15%]   step 13656
[ 15%]   step 13657
[ 15%]   step 13658
[ 15%]   step 13659
[ 15%]   step 13660
[ 15%]   step 13661
[ 15%]   step 13662
[ 15%]   step 13663
[ 15%]   step 13664
[ 15%]   step 13665
[ 15%]   step 13666
[ 15%]   step 13667
[ 15%]   step 13668
[ 15%]   step 13669
[ 15%]   step 13670
[ 15%]   step 13671
[ 15%]   step 13672
[ 15%]   step 13673
[ 15%]   step 13674
[ 15%]   step 13675
[ 15%]   step 13676
[ 15%]   step 13677
[ 15%]   step 13678
[ 15%]   step 13679
[ 15%]   step 13680
[ 15%]   step 13681
[ 15%]   step 13682
[ 15%]   step 13683
[ 15%]   step 13684
[ 15%]   step 13685
[ 15%]   step 13686
[ 15%]   step 13687
[ 15%]   step 13688
[ 15%]   step 13689
[ 15%]   step 13690
[ 15%]   step 13691
[ 15%]   step 13692
[ 15%]   step 13693
[ 15%]   step 13694
[ 15%]   step 13695
[ 15%]   step 13696
[ 15%]   step 13697
[ 15%]   step 13698
[ 15%]   step 13699
[ 15%]   step 13700
[ 15%]   step 13701
[ 15%]   step 13702
[ 15%]   step 13703
[ 15%]   step 13704
[ 15%]   step 13705
[ 15%]   step 13706
[ 15%]   step 13707
[ 15%]   step 13708
[ 15%]   step 13709
[ 15%]   step 13710
[ 15%]   step 13711
[ 15%]   step 13712
[ 15%]   step 13713
[ 15%]   step 13714
[ 15%]   step 13715
[ 15%]   step 13716
[ 15%]   step 13717
[ 15%]   step 13718
[ 15%]   step 13719
[ 15%]   step 13720
[ 15%]   step 13721
[ 15%]   step 13722
[ 15%]   step 13723
[ 15%]   step 13724
[ 15%]   step 13725
[ 15%]   step 13726
[ 15%]   step 13727
[ 15%]   step 13728
[ 15%]   step 13729
[ 15%]   step 13730
[ 15%]   step 13731
[ 15%]   step 13732
[ 15%]   step 13733
[ 15%]   step 13734
[ 15%]   step 13735
[ 15%]   step 13736
[ 15%]   step 13737
[ 15%]   step 13738
[ 15%]   step 13739
[ 15%]   step 13740
+SWASH is processing output request    1
+SWASH is processing output request    2
[ 15%]   step 13741
[ 15%]   step 13742
[ 15%]   step 13743
[ 15%]   step 13744
[ 15%]   step 13745
[ 15%]   step 13746
[ 15%]   step 13747
[ 15%]   step 13748
[ 15%]   step 13749
[ 15%]   step 13750
[ 15%]   step 13751
[ 15%]   step 13752
[ 15%]   step 13753
[ 15%]   step 13754
[ 15%]   step 13755
[ 15%]   step 13756
[ 15%]   step 13757
[ 15%]   step 13758
[ 15%]   step 13759
[ 15%]   step 13760
[ 15%]   step 13761
[ 15%]   step 13762
[ 15%]   step 13763
[ 15%]   step 13764
[ 15%]   step 13765
[ 15%]   step 13766
[ 15%]   step 13767
[ 15%]   step 13768
[ 15%]   step 13769
[ 15%]   step 13770
[ 15%]   step 13771
[ 15%]   step 13772
[ 15%]   step 13773
[ 15%]   step 13774
[ 15%]   step 13775
[ 15%]   step 13776
[ 15%]   step 13777
[ 15%]   step 13778
[ 15%]   step 13779
[ 15%]   step 13780
[ 15%]   step 13781
[ 15%]   step 13782
[ 15%]   step 13783
[ 15%]   step 13784
[ 15%]   step 13785
[ 15%]   step 13786
[ 15%]   step 13787
[ 15%]   step 13788
[ 15%]   step 13789
[ 15%]   step 13790
[ 15%]   step 13791
[ 15%]   step 13792
[ 15%]   step 13793
[ 15%]   step 13794
[ 15%]   step 13795
[ 15%]   step 13796
[ 15%]   step 13797
[ 15%]   step 13798
[ 15%]   step 13799
[ 15%]   step 13800
[ 15%]   step 13801
[ 15%]   step 13802
[ 15%]   step 13803
[ 15%]   step 13804
[ 15%]   step 13805
[ 15%]   step 13806
[ 15%]   step 13807
[ 15%]   step 13808
[ 15%]   step 13809
[ 15%]   step 13810
[ 15%]   step 13811
[ 15%]   step 13812
[ 15%]   step 13813
[ 15%]   step 13814
[ 15%]   step 13815
[ 15%]   step 13816
[ 15%]   step 13817
[ 15%]   step 13818
[ 15%]   step 13819
[ 15%]   step 13820
[ 15%]   step 13821
[ 15%]   step 13822
[ 15%]   step 13823
[ 15%]   step 13824
[ 15%]   step 13825
[ 15%]   step 13826
[ 15%]   step 13827
[ 15%]   step 13828
[ 15%]   step 13829
[ 15%]   step 13830
[ 15%]   step 13831
[ 15%]   step 13832
[ 15%]   step 13833
[ 15%]   step 13834
[ 15%]   step 13835
[ 15%]   step 13836
[ 15%]   step 13837
[ 15%]   step 13838
[ 15%]   step 13839
[ 15%]   step 13840
[ 15%]   step 13841
[ 15%]   step 13842
[ 16%]   step 13843
[ 16%]   step 13844
[ 16%]   step 13845
[ 16%]   step 13846
[ 16%]   step 13847
[ 16%]   step 13848
[ 16%]   step 13849
[ 16%]   step 13850
[ 16%]   step 13851
[ 16%]   step 13852
[ 16%]   step 13853
[ 16%]   step 13854
+SWASH is processing output request    1
+SWASH is processing output request    2
[ 16%]   step 13855
[ 16%]   step 13856
[ 16%]   step 13857
[ 16%]   step 13858
[ 16%]   step 13859
[ 16%]   step 13860
[ 16%]   step 13861
[ 16%]   step 13862
[ 16%]   step 13863
[ 16%]   step 13864
[ 16%]   step 13865
[ 16%]   step 13866
[ 16%]   step 13867
[ 16%]   step 13868
[ 16%]   step 13869
[ 16%]   step 13870
[ 16%]   step 13871
[ 16%]   step 13872
[ 16%]   step 13873
[ 16%]   step 13874
[ 16%]   step 13875
[ 16%]   step 13876
[ 16%]   step 13877
[ 16%]   step 13878
[ 16%]   step 13879
[ 16%]   step 13880
[ 16%]   step 13881
[ 16%]   step 13882
[ 16%]   step 13883
[ 16%]   step 13884
[ 16%]   step 13885
[ 16%]   step 13886
[ 16%]   step 13887
[ 16%]   step 13888
[ 16%]   step 13889
[ 16%]   step 13890
[ 16%]   step 13891
[ 16%]   step 13892
[ 16%]   step 13893
[ 16%]   step 13894
[ 16%]   step 13895
[ 16%]   step 13896
[ 16%]   step 13897
[ 16%]   step 13898
[ 16%]   step 13899
[ 16%]   step 13900
[ 16%]   step 13901
[ 16%]   step 13902
[ 16%]   step 13903
[ 16%]   step 13904
[ 16%]   step 13905
[ 16%]   step 13906
[ 16%]   step 13907
[ 16%]   step 13908
[ 16%]   step 13909
[ 16%]   step 13910
[ 16%]   step 13911
[ 16%]   step 13912
[ 16%]   step 13913
[ 16%]   step 13914
[ 16%]   step 13915
[ 16%]   step 13916
[ 16%]   step 13917
[ 16%]   step 13918
[ 16%]   step 13919
[ 16%]   step 13920
[ 16%]   step 13921
[ 16%]   step 13922
[ 16%]   step 13923
[ 16%]   step 13924
[ 16%]   step 13925
[ 16%]   step 13926
[ 16%]   step 13927
[ 16%]   step 13928
[ 16%]   step 13929
[ 16%]   step 13930
[ 16%]   step 13931
[ 16%]   step 13932
[ 16%]   step 13933
[ 16%]   step 13934
[ 16%]   step 13935
[ 16%]   step 13936
[ 16%]   step 13937
[ 16%]   step 13938
[ 16%]   step 13939
[ 16%]   step 13940
[ 16%]   step 13941
[ 16%]   step 13942
[ 16%]   step 13943
[ 16%]   step 13944
[ 16%]   step 13945
[ 16%]   step 13946
[ 16%]   step 13947
[ 16%]   step 13948
[ 16%]   step 13949
[ 16%]   step 13950
[ 16%]   step 13951
[ 16%]   step 13952
[ 16%]   step 13953
[ 16%]   step 13954
[ 16%]   step 13955
[ 16%]   step 13956
[ 16%]   step 13957
[ 16%]   step 13958
[ 16%]   step 13959
[ 16%]   step 13960
[ 16%]   step 13961
[ 16%]   step 13962
[ 16%]   step 13963
[ 16%]   step 13964
[ 16%]   step 13965
[ 16%]   step 13966
[ 16%]   step 13967
[ 16%]   step 13968
[ 16%]   step 13969
+SWASH is processing output request    1
+SWASH is processing output request    2
[ 16%]   step 13970
[ 16%]   step 13971
[ 16%]   step 13972
[ 16%]   step 13973
[ 16%]   step 13974
[ 16%]   step 13975
[ 16%]   step 13976
[ 16%]   step 13977
[ 16%]   step 13978
[ 16%]   step 13979
[ 16%]   step 13980
[ 16%]   step 13981
[ 16%]   step 13982
[ 16%]   step 13983
[ 16%]   step 13984
[ 16%]   step 13985
[ 16%]   step 13986
[ 16%]   step 13987
[ 16%]   step 13988
[ 16%]   step 13989
[ 16%]   step 13990
[ 16%]   step 13991
[ 16%]   step 13992
[ 16%]   step 13993
[ 16%]   step 13994
[ 16%]   step 13995
[ 16%]   step 13996
[ 16%]   step 13997
[ 16%]   step 13998
[ 16%]   step 13999
[ 16%]   step 14000
[ 16%]   step 14001
[ 16%]   step 14002
[ 16%]   step 14003
[ 16%]   step 14004
[ 16%]   step 14005
[ 16%]   step 14006
[ 16%]   step 14007
[ 16%]   step 14008
[ 16%]   step 14009
[ 16%]   step 14010
[ 16%]   step 14011
[ 16%]   step 14012
[ 16%]   step 14013
[ 16%]   step 14014
[ 16%]   step 14015
[ 16%]   step 14016
[ 16%]   step 14017
[ 16%]   step 14018
[ 16%]   step 14019
[ 16%]   step 14020
[ 16%]   step 14021
[ 16%]   step 14022
[ 16%]   step 14023
[ 16%]   step 14024
[ 16%]   step 14025
[ 16%]   step 14026
[ 16%]   step 14027
[ 16%]   step 14028
[ 16%]   step 14029
[ 16%]   step 14030
[ 16%]   step 14031
[ 16%]   step 14032
[ 16%]   step 14033
[ 16%]   step 14034
[ 16%]   step 14035
[ 16%]   step 14036
[ 16%]   step 14037
[ 16%]   step 14038
[ 16%]   step 14039
[ 16%]   step 14040
[ 16%]   step 14041
[ 16%]   step 14042
[ 16%]   step 14043
[ 16%]   step 14044
[ 16%]   step 14045
[ 16%]   step 14046
[ 16%]   step 14047
[ 16%]   step 14048
[ 16%]   step 14049
[ 16%]   step 14050
[ 16%]   step 14051
[ 16%]   step 14052
[ 16%]   step 14053
[ 16%]   step 14054
[ 16%]   step 14055
[ 16%]   step 14056
[ 16%]   step 14057
[ 16%]   step 14058
[ 16%]   step 14059
[ 16%]   step 14060
[ 16%]   step 14061
[ 16%]   step 14062
[ 16%]   step 14063
[ 16%]   step 14064
[ 16%]   step 14065
[ 16%]   step 14066
[ 16%]   step 14067
[ 16%]   step 14068
[ 16%]   step 14069
[ 16%]   step 14070
[ 16%]   step 14071
[ 16%]   step 14072
[ 16%]   step 14073
[ 16%]   step 14074
[ 16%]   step 14075
[ 16%]   step 14076
[ 16%]   step 14077
[ 16%]   step 14078
[ 16%]   step 14079
[ 16%]   step 14080
[ 16%]   step 14081
[ 16%]   step 14082
[ 16%]   step 14083
+SWASH is processing output request    1
+SWASH is processing output request    2
[ 16%]   step 14084
[ 16%]   step 14085
[ 16%]   step 14086
[ 16%]   step 14087
[ 16%]   step 14088
[ 16%]   step 14089
[ 16%]   step 14090
[ 16%]   step 14091
[ 16%]   step 14092
[ 16%]   step 14093
[ 16%]   step 14094
[ 16%]   step 14095
[ 16%]   step 14096
[ 16%]   step 14097
[ 16%]   step 14098
[ 16%]   step 14099
[ 16%]   step 14100
[ 16%]   step 14101
[ 16%]   step 14102
[ 16%]   step 14103
[ 16%]   step 14104
[ 16%]   step 14105
[ 16%]   step 14106
[ 16%]   step 14107
[ 16%]   step 14108
[ 16%]   step 14109
[ 16%]   step 14110
[ 16%]   step 14111
[ 16%]   step 14112
[ 16%]   step 14113
[ 16%]   step 14114
[ 16%]   step 14115
[ 16%]   step 14116
[ 16%]   step 14117
[ 16%]   step 14118
[ 16%]   step 14119
[ 16%]   step 14120
[ 16%]   step 14121
[ 16%]   step 14122
[ 16%]   step 14123
[ 16%]   step 14124
[ 16%]   step 14125
[ 16%]   step 14126
[ 16%]   step 14127
[ 16%]   step 14128
[ 16%]   step 14129
[ 16%]   step 14130
[ 16%]   step 14131
[ 16%]   step 14132
[ 16%]   step 14133
[ 16%]   step 14134
[ 16%]   step 14135
[ 16%]   step 14136
[ 16%]   step 14137
[ 16%]   step 14138
[ 16%]   step 14139
[ 16%]   step 14140
[ 16%]   step 14141
[ 16%]   step 14142
[ 16%]   step 14143
[ 16%]   step 14144
[ 16%]   step 14145
[ 16%]   step 14146
[ 16%]   step 14147
[ 16%]   step 14148
[ 16%]   step 14149
[ 16%]   step 14150
[ 16%]   step 14151
[ 16%]   step 14152
[ 16%]   step 14153
[ 16%]   step 14154
[ 16%]   step 14155
[ 16%]   step 14156
[ 16%]   step 14157
[ 16%]   step 14158
[ 16%]   step 14159
[ 16%]   step 14160
[ 16%]   step 14161
[ 16%]   step 14162
[ 16%]   step 14163
[ 16%]   step 14164
[ 16%]   step 14165
[ 16%]   step 14166
[ 16%]   step 14167
[ 16%]   step 14168
[ 16%]   step 14169
[ 16%]   step 14170
[ 16%]   step 14171
[ 16%]   step 14172
[ 16%]   step 14173
[ 16%]   step 14174
[ 16%]   step 14175
[ 16%]   step 14176
[ 16%]   step 14177
[ 16%]   step 14178
[ 16%]   step 14179
[ 16%]   step 14180
[ 16%]   step 14181
[ 16%]   step 14182
[ 16%]   step 14183
[ 16%]   step 14184
[ 16%]   step 14185
[ 16%]   step 14186
[ 16%]   step 14187
[ 16%]   step 14188
[ 16%]   step 14189
[ 16%]   step 14190
[ 16%]   step 14191
[ 16%]   step 14192
[ 16%]   step 14193
[ 16%]   step 14194
[ 16%]   step 14195
[ 16%]   step 14196
[ 16%]   step 14197
[ 16%]   step 14198
+SWASH is processing output request    1
+SWASH is processing output request    2
[ 16%]   step 14199
[ 16%]   step 14200
[ 16%]   step 14201
[ 16%]   step 14202
[ 16%]   step 14203
[ 16%]   step 14204
[ 16%]   step 14205
[ 16%]   step 14206
[ 16%]   step 14207
[ 16%]   step 14208
[ 16%]   step 14209
[ 16%]   step 14210
[ 16%]   step 14211
[ 16%]   step 14212
[ 16%]   step 14213
[ 16%]   step 14214
[ 16%]   step 14215
[ 16%]   step 14216
[ 16%]   step 14217
[ 16%]   step 14218
[ 16%]   step 14219
[ 16%]   step 14220
[ 16%]   step 14221
[ 16%]   step 14222
[ 16%]   step 14223
[ 16%]   step 14224
[ 16%]   step 14225
[ 16%]   step 14226
[ 16%]   step 14227
[ 16%]   step 14228
[ 16%]   step 14229
[ 16%]   step 14230
[ 16%]   step 14231
[ 16%]   step 14232
[ 16%]   step 14233
[ 16%]   step 14234
[ 16%]   step 14235
[ 16%]   step 14236
[ 16%]   step 14237
[ 16%]   step 14238
[ 16%]   step 14239
[ 16%]   step 14240
[ 16%]   step 14241
[ 16%]   step 14242
[ 16%]   step 14243
[ 16%]   step 14244
[ 16%]   step 14245
[ 16%]   step 14246
[ 16%]   step 14247
[ 16%]   step 14248
[ 16%]   step 14249
[ 16%]   step 14250
[ 16%]   step 14251
[ 16%]   step 14252
[ 16%]   step 14253
[ 16%]   step 14254
[ 16%]   step 14255
[ 16%]   step 14256
[ 16%]   step 14257
[ 16%]   step 14258
[ 16%]   step 14259
[ 16%]   step 14260
[ 16%]   step 14261
[ 16%]   step 14262
[ 16%]   step 14263
[ 16%]   step 14264
[ 16%]   step 14265
[ 16%]   step 14266
[ 16%]   step 14267
[ 16%]   step 14268
[ 16%]   step 14269
[ 16%]   step 14270
[ 16%]   step 14271
[ 16%]   step 14272
[ 16%]   step 14273
[ 16%]   step 14274
[ 16%]   step 14275
[ 16%]   step 14276
[ 16%]   step 14277
[ 16%]   step 14278
[ 16%]   step 14279
[ 16%]   step 14280
[ 16%]   step 14281
[ 16%]   step 14282
[ 16%]   step 14283
[ 16%]   step 14284
[ 16%]   step 14285
[ 16%]   step 14286
[ 16%]   step 14287
[ 16%]   step 14288
[ 16%]   step 14289
[ 16%]   step 14290
[ 16%]   step 14291
[ 16%]   step 14292
[ 16%]   step 14293
[ 16%]   step 14294
[ 16%]   step 14295
[ 16%]   step 14296
[ 16%]   step 14297
[ 16%]   step 14298
[ 16%]   step 14299
[ 16%]   step 14300
[ 16%]   step 14301
[ 16%]   step 14302
[ 16%]   step 14303
[ 16%]   step 14304
[ 16%]   step 14305
[ 16%]   step 14306
[ 16%]   step 14307
[ 16%]   step 14308
[ 16%]   step 14309
[ 16%]   step 14310
[ 16%]   step 14311
[ 16%]   step 14312
+SWASH is processing output request    1
+SWASH is processing output request    2
[ 16%]   step 14313
[ 16%]   step 14314
[ 16%]   step 14315
[ 16%]   step 14316
[ 16%]   step 14317
[ 16%]   step 14318
[ 16%]   step 14319
[ 16%]   step 14320
[ 16%]   step 14321
[ 16%]   step 14322
[ 16%]   step 14323
[ 16%]   step 14324
[ 16%]   step 14325
[ 16%]   step 14326
[ 16%]   step 14327
[ 16%]   step 14328
[ 16%]   step 14329
[ 16%]   step 14330
[ 16%]   step 14331
[ 16%]   step 14332
[ 16%]   step 14333
[ 16%]   step 14334
[ 16%]   step 14335
[ 16%]   step 14336
[ 16%]   step 14337
[ 16%]   step 14338
[ 16%]   step 14339
[ 16%]   step 14340
[ 16%]   step 14341
[ 16%]   step 14342
[ 16%]   step 14343
[ 16%]   step 14344
[ 16%]   step 14345
[ 16%]   step 14346
[ 16%]   step 14347
[ 16%]   step 14348
[ 16%]   step 14349
[ 16%]   step 14350
[ 16%]   step 14351
[ 16%]   step 14352
[ 16%]   step 14353
[ 16%]   step 14354
[ 16%]   step 14355
[ 16%]   step 14356
[ 16%]   step 14357
[ 16%]   step 14358
[ 16%]   step 14359
[ 16%]   step 14360
[ 16%]   step 14361
[ 16%]   step 14362
[ 16%]   step 14363
[ 16%]   step 14364
[ 16%]   step 14365
[ 16%]   step 14366
[ 16%]   step 14367
[ 16%]   step 14368
[ 16%]   step 14369
[ 16%]   step 14370
[ 16%]   step 14371
[ 16%]   step 14372
[ 16%]   step 14373
[ 16%]   step 14374
[ 16%]   step 14375
[ 16%]   step 14376
[ 16%]   step 14377
[ 16%]   step 14378
[ 16%]   step 14379
[ 16%]   step 14380
[ 16%]   step 14381
[ 16%]   step 14382
[ 16%]   step 14383
[ 16%]   step 14384
[ 16%]   step 14385
[ 16%]   step 14386
[ 16%]   step 14387
[ 16%]   step 14388
[ 16%]   step 14389
[ 16%]   step 14390
[ 16%]   step 14391
[ 16%]   step 14392
[ 16%]   step 14393
[ 16%]   step 14394
[ 16%]   step 14395
[ 16%]   step 14396
[ 16%]   step 14397
[ 16%]   step 14398
[ 16%]   step 14399
[ 16%]   step 14400
[ 16%]   step 14401
[ 16%]   step 14402
[ 16%]   step 14403
[ 16%]   step 14404
[ 16%]   step 14405
[ 16%]   step 14406
[ 16%]   step 14407
[ 16%]   step 14408
[ 16%]   step 14409
[ 16%]   step 14410
[ 16%]   step 14411
[ 16%]   step 14412
[ 16%]   step 14413
[ 16%]   step 14414
[ 16%]   step 14415
[ 16%]   step 14416
[ 16%]   step 14417
[ 16%]   step 14418
[ 16%]   step 14419
[ 16%]   step 14420
[ 16%]   step 14421
[ 16%]   step 14422
[ 16%]   step 14423
[ 16%]   step 14424
[ 16%]   step 14425
[ 16%]   step 14426
[ 16%]   step 14427
+SWASH is processing output request    1
+SWASH is processing output request    2
[ 16%]   step 14428
[ 16%]   step 14429
[ 16%]   step 14430
[ 16%]   step 14431
[ 16%]   step 14432
[ 16%]   step 14433
[ 16%]   step 14434
[ 16%]   step 14435
[ 16%]   step 14436
[ 16%]   step 14437
[ 16%]   step 14438
[ 16%]   step 14439
[ 16%]   step 14440
[ 16%]   step 14441
[ 16%]   step 14442
[ 16%]   step 14443
[ 16%]   step 14444
[ 16%]   step 14445
[ 16%]   step 14446
[ 16%]   step 14447
[ 16%]   step 14448
[ 16%]   step 14449
[ 16%]   step 14450
[ 16%]   step 14451
[ 16%]   step 14452
[ 16%]   step 14453
[ 16%]   step 14454
[ 16%]   step 14455
[ 16%]   step 14456
[ 16%]   step 14457
[ 16%]   step 14458
[ 16%]   step 14459
[ 16%]   step 14460
[ 16%]   step 14461
[ 16%]   step 14462
[ 16%]   step 14463
[ 16%]   step 14464
[ 16%]   step 14465
[ 16%]   step 14466
[ 16%]   step 14467
[ 16%]   step 14468
[ 16%]   step 14469
[ 16%]   step 14470
[ 16%]   step 14471
[ 16%]   step 14472
[ 16%]   step 14473
[ 16%]   step 14474
[ 16%]   step 14475
[ 16%]   step 14476
[ 16%]   step 14477
[ 16%]   step 14478
[ 16%]   step 14479
[ 16%]   step 14480
[ 16%]   step 14481
[ 16%]   step 14482
[ 16%]   step 14483
[ 16%]   step 14484
[ 16%]   step 14485
[ 16%]   step 14486
[ 16%]   step 14487
[ 16%]   step 14488
[ 16%]   step 14489
[ 16%]   step 14490
[ 16%]   step 14491
[ 16%]   step 14492
[ 16%]   step 14493
[ 16%]   step 14494
[ 16%]   step 14495
[ 16%]   step 14496
[ 16%]   step 14497
[ 16%]   step 14498
[ 16%]   step 14499
[ 16%]   step 14500
[ 16%]   step 14501
[ 16%]   step 14502
[ 16%]   step 14503
[ 16%]   step 14504
[ 16%]   step 14505
[ 16%]   step 14506
[ 16%]   step 14507
[ 16%]   step 14508
[ 16%]   step 14509
[ 16%]   step 14510
[ 16%]   step 14511
[ 16%]   step 14512
[ 16%]   step 14513
[ 16%]   step 14514
[ 16%]   step 14515
[ 16%]   step 14516
[ 16%]   step 14517
[ 16%]   step 14518
[ 16%]   step 14519
[ 16%]   step 14520
[ 16%]   step 14521
[ 16%]   step 14522
[ 16%]   step 14523
[ 16%]   step 14524
[ 16%]   step 14525
[ 16%]   step 14526
[ 16%]   step 14527
[ 16%]   step 14528
[ 16%]   step 14529
[ 16%]   step 14530
[ 16%]   step 14531
[ 16%]   step 14532
[ 16%]   step 14533
[ 16%]   step 14534
[ 16%]   step 14535
[ 16%]   step 14536
[ 16%]   step 14537
[ 16%]   step 14538
[ 16%]   step 14539
[ 16%]   step 14540
[ 16%]   step 14541
+SWASH is processing output request    1
+SWASH is processing output request    2
[ 16%]   step 14542
[ 16%]   step 14543
[ 16%]   step 14544
[ 16%]   step 14545
[ 16%]   step 14546
[ 16%]   step 14547
[ 16%]   step 14548
[ 16%]   step 14549
[ 16%]   step 14550
[ 16%]   step 14551
[ 16%]   step 14552
[ 16%]   step 14553
[ 16%]   step 14554
[ 16%]   step 14555
[ 16%]   step 14556
[ 16%]   step 14557
[ 16%]   step 14558
[ 16%]   step 14559
[ 16%]   step 14560
[ 16%]   step 14561
[ 16%]   step 14562
[ 16%]   step 14563
[ 16%]   step 14564
[ 16%]   step 14565
[ 16%]   step 14566
[ 16%]   step 14567
[ 16%]   step 14568
[ 16%]   step 14569
[ 16%]   step 14570
[ 16%]   step 14571
[ 16%]   step 14572
[ 16%]   step 14573
[ 16%]   step 14574
[ 16%]   step 14575
[ 16%]   step 14576
[ 16%]   step 14577
[ 16%]   step 14578
[ 16%]   step 14579
[ 16%]   step 14580
[ 16%]   step 14581
[ 16%]   step 14582
[ 16%]   step 14583
[ 16%]   step 14584
[ 16%]   step 14585
[ 16%]   step 14586
[ 16%]   step 14587
[ 16%]   step 14588
[ 16%]   step 14589
[ 16%]   step 14590
[ 16%]   step 14591
[ 16%]   step 14592
[ 16%]   step 14593
[ 16%]   step 14594
[ 16%]   step 14595
[ 16%]   step 14596
[ 16%]   step 14597
[ 16%]   step 14598
[ 16%]   step 14599
[ 16%]   step 14600
[ 16%]   step 14601
[ 16%]   step 14602
[ 16%]   step 14603
[ 16%]   step 14604
[ 16%]   step 14605
[ 16%]   step 14606
[ 16%]   step 14607
[ 16%]   step 14608
[ 16%]   step 14609
[ 16%]   step 14610
[ 16%]   step 14611
[ 16%]   step 14612
[ 16%]   step 14613
[ 16%]   step 14614
[ 16%]   step 14615
[ 16%]   step 14616
[ 16%]   step 14617
[ 16%]   step 14618
[ 16%]   step 14619
[ 16%]   step 14620
[ 16%]   step 14621
[ 16%]   step 14622
[ 16%]   step 14623
[ 16%]   step 14624
[ 16%]   step 14625
[ 16%]   step 14626
[ 16%]   step 14627
[ 16%]   step 14628
[ 16%]   step 14629
[ 16%]   step 14630
[ 16%]   step 14631
[ 16%]   step 14632
[ 16%]   step 14633
[ 16%]   step 14634
[ 16%]   step 14635
[ 16%]   step 14636
[ 16%]   step 14637
[ 16%]   step 14638
[ 16%]   step 14639
[ 16%]   step 14640
[ 16%]   step 14641
[ 16%]   step 14642
[ 16%]   step 14643
[ 16%]   step 14644
[ 16%]   step 14645
[ 16%]   step 14646
[ 16%]   step 14647
[ 16%]   step 14648
[ 16%]   step 14649
[ 16%]   step 14650
[ 16%]   step 14651
[ 16%]   step 14652
[ 16%]   step 14653
[ 16%]   step 14654
[ 16%]   step 14655
[ 16%]   step 14656
+SWASH is processing output request    1
+SWASH is processing output request    2
[ 16%]   step 14657
[ 16%]   step 14658
[ 16%]   step 14659
[ 16%]   step 14660
[ 16%]   step 14661
[ 16%]   step 14662
[ 16%]   step 14663
[ 16%]   step 14664
[ 16%]   step 14665
[ 16%]   step 14666
[ 16%]   step 14667
[ 16%]   step 14668
[ 16%]   step 14669
[ 16%]   step 14670
[ 16%]   step 14671
[ 16%]   step 14672
[ 16%]   step 14673
[ 16%]   step 14674
[ 16%]   step 14675
[ 16%]   step 14676
[ 16%]   step 14677
[ 16%]   step 14678
[ 16%]   step 14679
[ 16%]   step 14680
[ 16%]   step 14681
[ 16%]   step 14682
[ 16%]   step 14683
[ 16%]   step 14684
[ 16%]   step 14685
[ 16%]   step 14686
[ 16%]   step 14687
[ 16%]   step 14688
[ 16%]   step 14689
[ 16%]   step 14690
[ 16%]   step 14691
[ 16%]   step 14692
[ 16%]   step 14693
[ 16%]   step 14694
[ 16%]   step 14695
[ 16%]   step 14696
[ 16%]   step 14697
[ 16%]   step 14698
[ 16%]   step 14699
[ 16%]   step 14700
[ 16%]   step 14701
[ 16%]   step 14702
[ 16%]   step 14703
[ 16%]   step 14704
[ 16%]   step 14705
[ 16%]   step 14706
[ 16%]   step 14707
[ 16%]   step 14708
[ 16%]   step 14709
[ 16%]   step 14710
[ 16%]   step 14711
[ 16%]   step 14712
[ 16%]   step 14713
[ 16%]   step 14714
[ 16%]   step 14715
[ 16%]   step 14716
[ 16%]   step 14717
[ 16%]   step 14718
[ 16%]   step 14719
[ 16%]   step 14720
[ 16%]   step 14721
[ 16%]   step 14722
[ 16%]   step 14723
[ 16%]   step 14724
[ 16%]   step 14725
[ 16%]   step 14726
[ 16%]   step 14727
[ 16%]   step 14728
[ 16%]   step 14729
[ 16%]   step 14730
[ 16%]   step 14731
[ 16%]   step 14732
[ 16%]   step 14733
[ 16%]   step 14734
[ 16%]   step 14735
[ 17%]   step 14736
[ 17%]   step 14737
[ 17%]   step 14738
[ 17%]   step 14739
[ 17%]   step 14740
[ 17%]   step 14741
[ 17%]   step 14742
[ 17%]   step 14743
[ 17%]   step 14744
[ 17%]   step 14745
[ 17%]   step 14746
[ 17%]   step 14747
[ 17%]   step 14748
[ 17%]   step 14749
[ 17%]   step 14750
[ 17%]   step 14751
[ 17%]   step 14752
[ 17%]   step 14753
[ 17%]   step 14754
[ 17%]   step 14755
[ 17%]   step 14756
[ 17%]   step 14757
[ 17%]   step 14758
[ 17%]   step 14759
[ 17%]   step 14760
[ 17%]   step 14761
[ 17%]   step 14762
[ 17%]   step 14763
[ 17%]   step 14764
[ 17%]   step 14765
[ 17%]   step 14766
[ 17%]   step 14767
[ 17%]   step 14768
[ 17%]   step 14769
[ 17%]   step 14770
+SWASH is processing output request    1
+SWASH is processing output request    2
[ 17%]   step 14771
[ 17%]   step 14772
[ 17%]   step 14773
[ 17%]   step 14774
[ 17%]   step 14775
[ 17%]   step 14776
[ 17%]   step 14777
[ 17%]   step 14778
[ 17%]   step 14779
[ 17%]   step 14780
[ 17%]   step 14781
[ 17%]   step 14782
[ 17%]   step 14783
[ 17%]   step 14784
[ 17%]   step 14785
[ 17%]   step 14786
[ 17%]   step 14787
[ 17%]   step 14788
[ 17%]   step 14789
[ 17%]   step 14790
[ 17%]   step 14791
[ 17%]   step 14792
[ 17%]   step 14793
[ 17%]   step 14794
[ 17%]   step 14795
[ 17%]   step 14796
[ 17%]   step 14797
[ 17%]   step 14798
[ 17%]   step 14799
[ 17%]   step 14800
[ 17%]   step 14801
[ 17%]   step 14802
[ 17%]   step 14803
[ 17%]   step 14804
[ 17%]   step 14805
[ 17%]   step 14806
[ 17%]   step 14807
[ 17%]   step 14808
[ 17%]   step 14809
[ 17%]   step 14810
[ 17%]   step 14811
[ 17%]   step 14812
[ 17%]   step 14813
[ 17%]   step 14814
[ 17%]   step 14815
[ 17%]   step 14816
[ 17%]   step 14817
[ 17%]   step 14818
[ 17%]   step 14819
[ 17%]   step 14820
[ 17%]   step 14821
[ 17%]   step 14822
[ 17%]   step 14823
[ 17%]   step 14824
[ 17%]   step 14825
[ 17%]   step 14826
[ 17%]   step 14827
[ 17%]   step 14828
[ 17%]   step 14829
[ 17%]   step 14830
[ 17%]   step 14831
[ 17%]   step 14832
[ 17%]   step 14833
[ 17%]   step 14834
[ 17%]   step 14835
[ 17%]   step 14836
[ 17%]   step 14837
[ 17%]   step 14838
[ 17%]   step 14839
[ 17%]   step 14840
[ 17%]   step 14841
[ 17%]   step 14842
[ 17%]   step 14843
[ 17%]   step 14844
[ 17%]   step 14845
[ 17%]   step 14846
[ 17%]   step 14847
[ 17%]   step 14848
[ 17%]   step 14849
[ 17%]   step 14850
[ 17%]   step 14851
[ 17%]   step 14852
[ 17%]   step 14853
[ 17%]   step 14854
[ 17%]   step 14855
[ 17%]   step 14856
[ 17%]   step 14857
[ 17%]   step 14858
[ 17%]   step 14859
[ 17%]   step 14860
[ 17%]   step 14861
[ 17%]   step 14862
[ 17%]   step 14863
[ 17%]   step 14864
[ 17%]   step 14865
[ 17%]   step 14866
[ 17%]   step 14867
[ 17%]   step 14868
[ 17%]   step 14869
[ 17%]   step 14870
[ 17%]   step 14871
[ 17%]   step 14872
[ 17%]   step 14873
[ 17%]   step 14874
[ 17%]   step 14875
[ 17%]   step 14876
[ 17%]   step 14877
[ 17%]   step 14878
[ 17%]   step 14879
[ 17%]   step 14880
[ 17%]   step 14881
[ 17%]   step 14882
[ 17%]   step 14883
[ 17%]   step 14884
[ 17%]   step 14885
+SWASH is processing output request    1
+SWASH is processing output request    2
[ 17%]   step 14886
[ 17%]   step 14887
[ 17%]   step 14888
[ 17%]   step 14889
[ 17%]   step 14890
[ 17%]   step 14891
[ 17%]   step 14892
[ 17%]   step 14893
[ 17%]   step 14894
[ 17%]   step 14895
[ 17%]   step 14896
[ 17%]   step 14897
[ 17%]   step 14898
[ 17%]   step 14899
[ 17%]   step 14900
[ 17%]   step 14901
[ 17%]   step 14902
[ 17%]   step 14903
[ 17%]   step 14904
[ 17%]   step 14905
[ 17%]   step 14906
[ 17%]   step 14907
[ 17%]   step 14908
[ 17%]   step 14909
[ 17%]   step 14910
[ 17%]   step 14911
[ 17%]   step 14912
[ 17%]   step 14913
[ 17%]   step 14914
[ 17%]   step 14915
[ 17%]   step 14916
[ 17%]   step 14917
[ 17%]   step 14918
[ 17%]   step 14919
[ 17%]   step 14920
[ 17%]   step 14921
[ 17%]   step 14922
[ 17%]   step 14923
[ 17%]   step 14924
[ 17%]   step 14925
[ 17%]   step 14926
[ 17%]   step 14927
[ 17%]   step 14928
[ 17%]   step 14929
[ 17%]   step 14930
[ 17%]   step 14931
[ 17%]   step 14932
[ 17%]   step 14933
[ 17%]   step 14934
[ 17%]   step 14935
[ 17%]   step 14936
[ 17%]   step 14937
[ 17%]   step 14938
[ 17%]   step 14939
[ 17%]   step 14940
[ 17%]   step 14941
[ 17%]   step 14942
[ 17%]   step 14943
[ 17%]   step 14944
[ 17%]   step 14945
[ 17%]   step 14946
[ 17%]   step 14947
[ 17%]   step 14948
[ 17%]   step 14949
[ 17%]   step 14950
[ 17%]   step 14951
[ 17%]   step 14952
[ 17%]   step 14953
[ 17%]   step 14954
[ 17%]   step 14955
[ 17%]   step 14956
[ 17%]   step 14957
[ 17%]   step 14958
[ 17%]   step 14959
[ 17%]   step 14960
[ 17%]   step 14961
[ 17%]   step 14962
[ 17%]   step 14963
[ 17%]   step 14964
[ 17%]   step 14965
[ 17%]   step 14966
[ 17%]   step 14967
[ 17%]   step 14968
[ 17%]   step 14969
[ 17%]   step 14970
[ 17%]   step 14971
[ 17%]   step 14972
[ 17%]   step 14973
[ 17%]   step 14974
[ 17%]   step 14975
[ 17%]   step 14976
[ 17%]   step 14977
[ 17%]   step 14978
[ 17%]   step 14979
[ 17%]   step 14980
[ 17%]   step 14981
[ 17%]   step 14982
[ 17%]   step 14983
[ 17%]   step 14984
[ 17%]   step 14985
[ 17%]   step 14986
[ 17%]   step 14987
[ 17%]   step 14988
[ 17%]   step 14989
[ 17%]   step 14990
[ 17%]   step 14991
[ 17%]   step 14992
[ 17%]   step 14993
[ 17%]   step 14994
[ 17%]   step 14995
[ 17%]   step 14996
[ 17%]   step 14997
[ 17%]   step 14998
[ 17%]   step 14999
+SWASH is processing output request    1
+SWASH is processing output request    2
[ 17%]   step 15000
[ 17%]   step 15001
[ 17%]   step 15002
[ 17%]   step 15003
[ 17%]   step 15004
[ 17%]   step 15005
[ 17%]   step 15006
[ 17%]   step 15007
[ 17%]   step 15008
[ 17%]   step 15009
[ 17%]   step 15010
[ 17%]   step 15011
[ 17%]   step 15012
[ 17%]   step 15013
[ 17%]   step 15014
[ 17%]   step 15015
[ 17%]   step 15016
[ 17%]   step 15017
[ 17%]   step 15018
[ 17%]   step 15019
[ 17%]   step 15020
[ 17%]   step 15021
[ 17%]   step 15022
[ 17%]   step 15023
[ 17%]   step 15024
[ 17%]   step 15025
[ 17%]   step 15026
[ 17%]   step 15027
[ 17%]   step 15028
[ 17%]   step 15029
[ 17%]   step 15030
[ 17%]   step 15031
[ 17%]   step 15032
[ 17%]   step 15033
[ 17%]   step 15034
[ 17%]   step 15035
[ 17%]   step 15036
[ 17%]   step 15037
[ 17%]   step 15038
[ 17%]   step 15039
[ 17%]   step 15040
[ 17%]   step 15041
[ 17%]   step 15042
[ 17%]   step 15043
[ 17%]   step 15044
[ 17%]   step 15045
[ 17%]   step 15046
[ 17%]   step 15047
[ 17%]   step 15048
[ 17%]   step 15049
[ 17%]   step 15050
[ 17%]   step 15051
[ 17%]   step 15052
[ 17%]   step 15053
[ 17%]   step 15054
[ 17%]   step 15055
[ 17%]   step 15056
[ 17%]   step 15057
[ 17%]   step 15058
[ 17%]   step 15059
[ 17%]   step 15060
[ 17%]   step 15061
[ 17%]   step 15062
[ 17%]   step 15063
[ 17%]   step 15064
[ 17%]   step 15065
[ 17%]   step 15066
[ 17%]   step 15067
[ 17%]   step 15068
[ 17%]   step 15069
[ 17%]   step 15070
[ 17%]   step 15071
[ 17%]   step 15072
[ 17%]   step 15073
[ 17%]   step 15074
[ 17%]   step 15075
[ 17%]   step 15076
[ 17%]   step 15077
[ 17%]   step 15078
[ 17%]   step 15079
[ 17%]   step 15080
[ 17%]   step 15081
[ 17%]   step 15082
[ 17%]   step 15083
[ 17%]   step 15084
[ 17%]   step 15085
[ 17%]   step 15086
[ 17%]   step 15087
[ 17%]   step 15088
[ 17%]   step 15089
[ 17%]   step 15090
[ 17%]   step 15091
[ 17%]   step 15092
[ 17%]   step 15093
[ 17%]   step 15094
[ 17%]   step 15095
[ 17%]   step 15096
[ 17%]   step 15097
[ 17%]   step 15098
[ 17%]   step 15099
[ 17%]   step 15100
[ 17%]   step 15101
[ 17%]   step 15102
[ 17%]   step 15103
[ 17%]   step 15104
[ 17%]   step 15105
[ 17%]   step 15106
[ 17%]   step 15107
[ 17%]   step 15108
[ 17%]   step 15109
[ 17%]   step 15110
[ 17%]   step 15111
[ 17%]   step 15112
[ 17%]   step 15113
[ 17%]   step 15114
+SWASH is processing output request    1
+SWASH is processing output request    2
[ 17%]   step 15115
[ 17%]   step 15116
[ 17%]   step 15117
[ 17%]   step 15118
[ 17%]   step 15119
[ 17%]   step 15120
[ 17%]   step 15121
[ 17%]   step 15122
[ 17%]   step 15123
[ 17%]   step 15124
[ 17%]   step 15125
[ 17%]   step 15126
[ 17%]   step 15127
[ 17%]   step 15128
[ 17%]   step 15129
[ 17%]   step 15130
[ 17%]   step 15131
[ 17%]   step 15132
[ 17%]   step 15133
[ 17%]   step 15134
[ 17%]   step 15135
[ 17%]   step 15136
[ 17%]   step 15137
[ 17%]   step 15138
[ 17%]   step 15139
[ 17%]   step 15140
[ 17%]   step 15141
[ 17%]   step 15142
[ 17%]   step 15143
[ 17%]   step 15144
[ 17%]   step 15145
[ 17%]   step 15146
[ 17%]   step 15147
[ 17%]   step 15148
[ 17%]   step 15149
[ 17%]   step 15150
[ 17%]   step 15151
[ 17%]   step 15152
[ 17%]   step 15153
[ 17%]   step 15154
[ 17%]   step 15155
[ 17%]   step 15156
[ 17%]   step 15157
[ 17%]   step 15158
[ 17%]   step 15159
[ 17%]   step 15160
[ 17%]   step 15161
[ 17%]   step 15162
[ 17%]   step 15163
[ 17%]   step 15164
[ 17%]   step 15165
[ 17%]   step 15166
[ 17%]   step 15167
[ 17%]   step 15168
[ 17%]   step 15169
[ 17%]   step 15170
[ 17%]   step 15171
[ 17%]   step 15172
[ 17%]   step 15173
[ 17%]   step 15174
[ 17%]   step 15175
[ 17%]   step 15176
[ 17%]   step 15177
[ 17%]   step 15178
[ 17%]   step 15179
[ 17%]   step 15180
[ 17%]   step 15181
[ 17%]   step 15182
[ 17%]   step 15183
[ 17%]   step 15184
[ 17%]   step 15185
[ 17%]   step 15186
[ 17%]   step 15187
[ 17%]   step 15188
[ 17%]   step 15189
[ 17%]   step 15190
[ 17%]   step 15191
[ 17%]   step 15192
[ 17%]   step 15193
[ 17%]   step 15194
[ 17%]   step 15195
[ 17%]   step 15196
[ 17%]   step 15197
[ 17%]   step 15198
[ 17%]   step 15199
[ 17%]   step 15200
[ 17%]   step 15201
[ 17%]   step 15202
[ 17%]   step 15203
[ 17%]   step 15204
[ 17%]   step 15205
[ 17%]   step 15206
[ 17%]   step 15207
[ 17%]   step 15208
[ 17%]   step 15209
[ 17%]   step 15210
[ 17%]   step 15211
[ 17%]   step 15212
[ 17%]   step 15213
[ 17%]   step 15214
[ 17%]   step 15215
[ 17%]   step 15216
[ 17%]   step 15217
[ 17%]   step 15218
[ 17%]   step 15219
[ 17%]   step 15220
[ 17%]   step 15221
[ 17%]   step 15222
[ 17%]   step 15223
[ 17%]   step 15224
[ 17%]   step 15225
[ 17%]   step 15226
[ 17%]   step 15227
[ 17%]   step 15228
+SWASH is processing output request    1
+SWASH is processing output request    2
[ 17%]   step 15229
[ 17%]   step 15230
[ 17%]   step 15231
[ 17%]   step 15232
[ 17%]   step 15233
[ 17%]   step 15234
[ 17%]   step 15235
[ 17%]   step 15236
[ 17%]   step 15237
[ 17%]   step 15238
[ 17%]   step 15239
[ 17%]   step 15240
[ 17%]   step 15241
[ 17%]   step 15242
[ 17%]   step 15243
[ 17%]   step 15244
[ 17%]   step 15245
[ 17%]   step 15246
[ 17%]   step 15247
[ 17%]   step 15248
[ 17%]   step 15249
[ 17%]   step 15250
[ 17%]   step 15251
[ 17%]   step 15252
[ 17%]   step 15253
[ 17%]   step 15254
[ 17%]   step 15255
[ 17%]   step 15256
[ 17%]   step 15257
[ 17%]   step 15258
[ 17%]   step 15259
[ 17%]   step 15260
[ 17%]   step 15261
[ 17%]   step 15262
[ 17%]   step 15263
[ 17%]   step 15264
[ 17%]   step 15265
[ 17%]   step 15266
[ 17%]   step 15267
[ 17%]   step 15268
[ 17%]   step 15269
[ 17%]   step 15270
[ 17%]   step 15271
[ 17%]   step 15272
[ 17%]   step 15273
[ 17%]   step 15274
[ 17%]   step 15275
[ 17%]   step 15276
[ 17%]   step 15277
[ 17%]   step 15278
[ 17%]   step 15279
[ 17%]   step 15280
[ 17%]   step 15281
[ 17%]   step 15282
[ 17%]   step 15283
[ 17%]   step 15284
[ 17%]   step 15285
[ 17%]   step 15286
[ 17%]   step 15287
[ 17%]   step 15288
[ 17%]   step 15289
[ 17%]   step 15290
[ 17%]   step 15291
[ 17%]   step 15292
[ 17%]   step 15293
[ 17%]   step 15294
[ 17%]   step 15295
[ 17%]   step 15296
[ 17%]   step 15297
[ 17%]   step 15298
[ 17%]   step 15299
[ 17%]   step 15300
[ 17%]   step 15301
[ 17%]   step 15302
[ 17%]   step 15303
[ 17%]   step 15304
[ 17%]   step 15305
[ 17%]   step 15306
[ 17%]   step 15307
[ 17%]   step 15308
[ 17%]   step 15309
[ 17%]   step 15310
[ 17%]   step 15311
[ 17%]   step 15312
[ 17%]   step 15313
[ 17%]   step 15314
[ 17%]   step 15315
[ 17%]   step 15316
[ 17%]   step 15317
[ 17%]   step 15318
[ 17%]   step 15319
[ 17%]   step 15320
[ 17%]   step 15321
[ 17%]   step 15322
[ 17%]   step 15323
[ 17%]   step 15324
[ 17%]   step 15325
[ 17%]   step 15326
[ 17%]   step 15327
[ 17%]   step 15328
[ 17%]   step 15329
[ 17%]   step 15330
[ 17%]   step 15331
[ 17%]   step 15332
[ 17%]   step 15333
[ 17%]   step 15334
[ 17%]   step 15335
[ 17%]   step 15336
[ 17%]   step 15337
[ 17%]   step 15338
[ 17%]   step 15339
[ 17%]   step 15340
[ 17%]   step 15341
[ 17%]   step 15342
[ 17%]   step 15343
+SWASH is processing output request    1
+SWASH is processing output request    2
[ 17%]   step 15344
[ 17%]   step 15345
[ 17%]   step 15346
[ 17%]   step 15347
[ 17%]   step 15348
[ 17%]   step 15349
[ 17%]   step 15350
[ 17%]   step 15351
[ 17%]   step 15352
[ 17%]   step 15353
[ 17%]   step 15354
[ 17%]   step 15355
[ 17%]   step 15356
[ 17%]   step 15357
[ 17%]   step 15358
[ 17%]   step 15359
[ 17%]   step 15360
[ 17%]   step 15361
[ 17%]   step 15362
[ 17%]   step 15363
[ 17%]   step 15364
[ 17%]   step 15365
[ 17%]   step 15366
[ 17%]   step 15367
[ 17%]   step 15368
[ 17%]   step 15369
[ 17%]   step 15370
[ 17%]   step 15371
[ 17%]   step 15372
[ 17%]   step 15373
[ 17%]   step 15374
[ 17%]   step 15375
[ 17%]   step 15376
[ 17%]   step 15377
[ 17%]   step 15378
[ 17%]   step 15379
[ 17%]   step 15380
[ 17%]   step 15381
[ 17%]   step 15382
[ 17%]   step 15383
[ 17%]   step 15384
[ 17%]   step 15385
[ 17%]   step 15386
[ 17%]   step 15387
[ 17%]   step 15388
[ 17%]   step 15389
[ 17%]   step 15390
[ 17%]   step 15391
[ 17%]   step 15392
[ 17%]   step 15393
[ 17%]   step 15394
[ 17%]   step 15395
[ 17%]   step 15396
[ 17%]   step 15397
[ 17%]   step 15398
[ 17%]   step 15399
[ 17%]   step 15400
[ 17%]   step 15401
[ 17%]   step 15402
[ 17%]   step 15403
[ 17%]   step 15404
[ 17%]   step 15405
[ 17%]   step 15406
[ 17%]   step 15407
[ 17%]   step 15408
[ 17%]   step 15409
[ 17%]   step 15410
[ 17%]   step 15411
[ 17%]   step 15412
[ 17%]   step 15413
[ 17%]   step 15414
[ 17%]   step 15415
[ 17%]   step 15416
[ 17%]   step 15417
[ 17%]   step 15418
[ 17%]   step 15419
[ 17%]   step 15420
[ 17%]   step 15421
[ 17%]   step 15422
[ 17%]   step 15423
[ 17%]   step 15424
[ 17%]   step 15425
[ 17%]   step 15426
[ 17%]   step 15427
[ 17%]   step 15428
[ 17%]   step 15429
[ 17%]   step 15430
[ 17%]   step 15431
[ 17%]   step 15432
[ 17%]   step 15433
[ 17%]   step 15434
[ 17%]   step 15435
[ 17%]   step 15436
[ 17%]   step 15437
[ 17%]   step 15438
[ 17%]   step 15439
[ 17%]   step 15440
[ 17%]   step 15441
[ 17%]   step 15442
[ 17%]   step 15443
[ 17%]   step 15444
[ 17%]   step 15445
[ 17%]   step 15446
[ 17%]   step 15447
[ 17%]   step 15448
[ 17%]   step 15449
[ 17%]   step 15450
[ 17%]   step 15451
[ 17%]   step 15452
[ 17%]   step 15453
[ 17%]   step 15454
[ 17%]   step 15455
[ 17%]   step 15456
[ 17%]   step 15457
+SWASH is processing output request    1
+SWASH is processing output request    2
[ 17%]   step 15458
[ 17%]   step 15459
[ 17%]   step 15460
[ 17%]   step 15461
[ 17%]   step 15462
[ 17%]   step 15463
[ 17%]   step 15464
[ 17%]   step 15465
[ 17%]   step 15466
[ 17%]   step 15467
[ 17%]   step 15468
[ 17%]   step 15469
[ 17%]   step 15470
[ 17%]   step 15471
[ 17%]   step 15472
[ 17%]   step 15473
[ 17%]   step 15474
[ 17%]   step 15475
[ 17%]   step 15476
[ 17%]   step 15477
[ 17%]   step 15478
[ 17%]   step 15479
[ 17%]   step 15480
[ 17%]   step 15481
[ 17%]   step 15482
[ 17%]   step 15483
[ 17%]   step 15484
[ 17%]   step 15485
[ 17%]   step 15486
[ 17%]   step 15487
[ 17%]   step 15488
[ 17%]   step 15489
[ 17%]   step 15490
[ 17%]   step 15491
[ 17%]   step 15492
[ 17%]   step 15493
[ 17%]   step 15494
[ 17%]   step 15495
[ 17%]   step 15496
[ 17%]   step 15497
[ 17%]   step 15498
[ 17%]   step 15499
[ 17%]   step 15500
[ 17%]   step 15501
[ 17%]   step 15502
[ 17%]   step 15503
[ 17%]   step 15504
[ 17%]   step 15505
[ 17%]   step 15506
[ 17%]   step 15507
[ 17%]   step 15508
[ 17%]   step 15509
[ 17%]   step 15510
[ 17%]   step 15511
[ 17%]   step 15512
[ 17%]   step 15513
[ 17%]   step 15514
[ 17%]   step 15515
[ 17%]   step 15516
[ 17%]   step 15517
[ 17%]   step 15518
[ 17%]   step 15519
[ 17%]   step 15520
[ 17%]   step 15521
[ 17%]   step 15522
[ 17%]   step 15523
[ 17%]   step 15524
[ 17%]   step 15525
[ 17%]   step 15526
[ 17%]   step 15527
[ 17%]   step 15528
[ 17%]   step 15529
[ 17%]   step 15530
[ 17%]   step 15531
[ 17%]   step 15532
[ 17%]   step 15533
[ 17%]   step 15534
[ 17%]   step 15535
[ 17%]   step 15536
[ 17%]   step 15537
[ 17%]   step 15538
[ 17%]   step 15539
[ 17%]   step 15540
[ 17%]   step 15541
[ 17%]   step 15542
[ 17%]   step 15543
[ 17%]   step 15544
[ 17%]   step 15545
[ 17%]   step 15546
[ 17%]   step 15547
[ 17%]   step 15548
[ 17%]   step 15549
[ 17%]   step 15550
[ 17%]   step 15551
[ 17%]   step 15552
[ 17%]   step 15553
[ 17%]   step 15554
[ 17%]   step 15555
[ 17%]   step 15556
[ 17%]   step 15557
[ 17%]   step 15558
[ 17%]   step 15559
[ 17%]   step 15560
[ 17%]   step 15561
[ 17%]   step 15562
[ 17%]   step 15563
[ 17%]   step 15564
[ 17%]   step 15565
[ 17%]   step 15566
[ 17%]   step 15567
[ 17%]   step 15568
[ 17%]   step 15569
[ 17%]   step 15570
[ 17%]   step 15571
[ 17%]   step 15572
+SWASH is processing output request    1
+SWASH is processing output request    2
[ 17%]   step 15573
[ 17%]   step 15574
[ 17%]   step 15575
[ 17%]   step 15576
[ 17%]   step 15577
[ 17%]   step 15578
[ 17%]   step 15579
[ 17%]   step 15580
[ 17%]   step 15581
[ 17%]   step 15582
[ 17%]   step 15583
[ 17%]   step 15584
[ 17%]   step 15585
[ 17%]   step 15586
[ 17%]   step 15587
[ 17%]   step 15588
[ 17%]   step 15589
[ 17%]   step 15590
[ 17%]   step 15591
[ 17%]   step 15592
[ 17%]   step 15593
[ 17%]   step 15594
[ 17%]   step 15595
[ 17%]   step 15596
[ 17%]   step 15597
[ 17%]   step 15598
[ 17%]   step 15599
[ 17%]   step 15600
[ 17%]   step 15601
[ 17%]   step 15602
[ 17%]   step 15603
[ 17%]   step 15604
[ 17%]   step 15605
[ 17%]   step 15606
[ 17%]   step 15607
[ 17%]   step 15608
[ 17%]   step 15609
[ 17%]   step 15610
[ 17%]   step 15611
[ 17%]   step 15612
[ 17%]   step 15613
[ 17%]   step 15614
[ 17%]   step 15615
[ 17%]   step 15616
[ 17%]   step 15617
[ 17%]   step 15618
[ 17%]   step 15619
[ 17%]   step 15620
[ 17%]   step 15621
[ 17%]   step 15622
[ 17%]   step 15623
[ 17%]   step 15624
[ 17%]   step 15625
[ 17%]   step 15626
[ 17%]   step 15627
[ 17%]   step 15628
[ 18%]   step 15629
[ 18%]   step 15630
[ 18%]   step 15631
[ 18%]   step 15632
[ 18%]   step 15633
[ 18%]   step 15634
[ 18%]   step 15635
[ 18%]   step 15636
[ 18%]   step 15637
[ 18%]   step 15638
[ 18%]   step 15639
[ 18%]   step 15640
[ 18%]   step 15641
[ 18%]   step 15642
[ 18%]   step 15643
[ 18%]   step 15644
[ 18%]   step 15645
[ 18%]   step 15646
[ 18%]   step 15647
[ 18%]   step 15648
[ 18%]   step 15649
[ 18%]   step 15650
[ 18%]   step 15651
[ 18%]   step 15652
[ 18%]   step 15653
[ 18%]   step 15654
[ 18%]   step 15655
[ 18%]   step 15656
[ 18%]   step 15657
[ 18%]   step 15658
[ 18%]   step 15659
[ 18%]   step 15660
[ 18%]   step 15661
[ 18%]   step 15662
[ 18%]   step 15663
[ 18%]   step 15664
[ 18%]   step 15665
[ 18%]   step 15666
[ 18%]   step 15667
[ 18%]   step 15668
[ 18%]   step 15669
[ 18%]   step 15670
[ 18%]   step 15671
[ 18%]   step 15672
[ 18%]   step 15673
[ 18%]   step 15674
[ 18%]   step 15675
[ 18%]   step 15676
[ 18%]   step 15677
[ 18%]   step 15678
[ 18%]   step 15679
[ 18%]   step 15680
[ 18%]   step 15681
[ 18%]   step 15682
[ 18%]   step 15683
[ 18%]   step 15684
[ 18%]   step 15685
[ 18%]   step 15686
+SWASH is processing output request    1
+SWASH is processing output request    2
[ 18%]   step 15687
[ 18%]   step 15688
[ 18%]   step 15689
[ 18%]   step 15690
[ 18%]   step 15691
[ 18%]   step 15692
[ 18%]   step 15693
[ 18%]   step 15694
[ 18%]   step 15695
[ 18%]   step 15696
[ 18%]   step 15697
[ 18%]   step 15698
[ 18%]   step 15699
[ 18%]   step 15700
[ 18%]   step 15701
[ 18%]   step 15702
[ 18%]   step 15703
[ 18%]   step 15704
[ 18%]   step 15705
[ 18%]   step 15706
[ 18%]   step 15707
[ 18%]   step 15708
[ 18%]   step 15709
[ 18%]   step 15710
[ 18%]   step 15711
[ 18%]   step 15712
[ 18%]   step 15713
[ 18%]   step 15714
[ 18%]   step 15715
[ 18%]   step 15716
[ 18%]   step 15717
[ 18%]   step 15718
[ 18%]   step 15719
[ 18%]   step 15720
[ 18%]   step 15721
[ 18%]   step 15722
[ 18%]   step 15723
[ 18%]   step 15724
[ 18%]   step 15725
[ 18%]   step 15726
[ 18%]   step 15727
[ 18%]   step 15728
[ 18%]   step 15729
[ 18%]   step 15730
[ 18%]   step 15731
[ 18%]   step 15732
[ 18%]   step 15733
[ 18%]   step 15734
[ 18%]   step 15735
[ 18%]   step 15736
[ 18%]   step 15737
[ 18%]   step 15738
[ 18%]   step 15739
[ 18%]   step 15740
[ 18%]   step 15741
[ 18%]   step 15742
[ 18%]   step 15743
[ 18%]   step 15744
[ 18%]   step 15745
[ 18%]   step 15746
[ 18%]   step 15747
[ 18%]   step 15748
[ 18%]   step 15749
[ 18%]   step 15750
[ 18%]   step 15751
[ 18%]   step 15752
[ 18%]   step 15753
[ 18%]   step 15754
[ 18%]   step 15755
[ 18%]   step 15756
[ 18%]   step 15757
[ 18%]   step 15758
[ 18%]   step 15759
[ 18%]   step 15760
[ 18%]   step 15761
[ 18%]   step 15762
[ 18%]   step 15763
[ 18%]   step 15764
[ 18%]   step 15765
[ 18%]   step 15766
[ 18%]   step 15767
[ 18%]   step 15768
[ 18%]   step 15769
[ 18%]   step 15770
[ 18%]   step 15771
[ 18%]   step 15772
[ 18%]   step 15773
[ 18%]   step 15774
[ 18%]   step 15775
[ 18%]   step 15776
[ 18%]   step 15777
[ 18%]   step 15778
[ 18%]   step 15779
[ 18%]   step 15780
[ 18%]   step 15781
[ 18%]   step 15782
[ 18%]   step 15783
[ 18%]   step 15784
[ 18%]   step 15785
[ 18%]   step 15786
[ 18%]   step 15787
[ 18%]   step 15788
[ 18%]   step 15789
[ 18%]   step 15790
[ 18%]   step 15791
[ 18%]   step 15792
[ 18%]   step 15793
[ 18%]   step 15794
[ 18%]   step 15795
[ 18%]   step 15796
[ 18%]   step 15797
[ 18%]   step 15798
[ 18%]   step 15799
[ 18%]   step 15800
[ 18%]   step 15801
+SWASH is processing output request    1
+SWASH is processing output request    2
[ 18%]   step 15802
[ 18%]   step 15803
[ 18%]   step 15804
[ 18%]   step 15805
[ 18%]   step 15806
[ 18%]   step 15807
[ 18%]   step 15808
[ 18%]   step 15809
[ 18%]   step 15810
[ 18%]   step 15811
[ 18%]   step 15812
[ 18%]   step 15813
[ 18%]   step 15814
[ 18%]   step 15815
[ 18%]   step 15816
[ 18%]   step 15817
[ 18%]   step 15818
[ 18%]   step 15819
[ 18%]   step 15820
[ 18%]   step 15821
[ 18%]   step 15822
[ 18%]   step 15823
[ 18%]   step 15824
[ 18%]   step 15825
[ 18%]   step 15826
[ 18%]   step 15827
[ 18%]   step 15828
[ 18%]   step 15829
[ 18%]   step 15830
[ 18%]   step 15831
[ 18%]   step 15832
[ 18%]   step 15833
[ 18%]   step 15834
[ 18%]   step 15835
[ 18%]   step 15836
[ 18%]   step 15837
[ 18%]   step 15838
[ 18%]   step 15839
[ 18%]   step 15840
[ 18%]   step 15841
[ 18%]   step 15842
[ 18%]   step 15843
[ 18%]   step 15844
[ 18%]   step 15845
[ 18%]   step 15846
[ 18%]   step 15847
[ 18%]   step 15848
[ 18%]   step 15849
[ 18%]   step 15850
[ 18%]   step 15851
[ 18%]   step 15852
[ 18%]   step 15853
[ 18%]   step 15854
[ 18%]   step 15855
[ 18%]   step 15856
[ 18%]   step 15857
[ 18%]   step 15858
[ 18%]   step 15859
[ 18%]   step 15860
[ 18%]   step 15861
[ 18%]   step 15862
[ 18%]   step 15863
[ 18%]   step 15864
[ 18%]   step 15865
[ 18%]   step 15866
[ 18%]   step 15867
[ 18%]   step 15868
[ 18%]   step 15869
[ 18%]   step 15870
[ 18%]   step 15871
[ 18%]   step 15872
[ 18%]   step 15873
[ 18%]   step 15874
[ 18%]   step 15875
[ 18%]   step 15876
[ 18%]   step 15877
[ 18%]   step 15878
[ 18%]   step 15879
[ 18%]   step 15880
[ 18%]   step 15881
[ 18%]   step 15882
[ 18%]   step 15883
[ 18%]   step 15884
[ 18%]   step 15885
[ 18%]   step 15886
[ 18%]   step 15887
[ 18%]   step 15888
[ 18%]   step 15889
[ 18%]   step 15890
[ 18%]   step 15891
[ 18%]   step 15892
[ 18%]   step 15893
[ 18%]   step 15894
[ 18%]   step 15895
[ 18%]   step 15896
[ 18%]   step 15897
[ 18%]   step 15898
[ 18%]   step 15899
[ 18%]   step 15900
[ 18%]   step 15901
[ 18%]   step 15902
[ 18%]   step 15903
[ 18%]   step 15904
[ 18%]   step 15905
[ 18%]   step 15906
[ 18%]   step 15907
[ 18%]   step 15908
[ 18%]   step 15909
[ 18%]   step 15910
[ 18%]   step 15911
[ 18%]   step 15912
[ 18%]   step 15913
[ 18%]   step 15914
[ 18%]   step 15915
+SWASH is processing output request    1
+SWASH is processing output request    2
[ 18%]   step 15916
[ 18%]   step 15917
[ 18%]   step 15918
[ 18%]   step 15919
[ 18%]   step 15920
[ 18%]   step 15921
[ 18%]   step 15922
[ 18%]   step 15923
[ 18%]   step 15924
[ 18%]   step 15925
[ 18%]   step 15926
[ 18%]   step 15927
[ 18%]   step 15928
[ 18%]   step 15929
[ 18%]   step 15930
[ 18%]   step 15931
[ 18%]   step 15932
[ 18%]   step 15933
[ 18%]   step 15934
[ 18%]   step 15935
[ 18%]   step 15936
[ 18%]   step 15937
[ 18%]   step 15938
[ 18%]   step 15939
[ 18%]   step 15940
[ 18%]   step 15941
[ 18%]   step 15942
[ 18%]   step 15943
[ 18%]   step 15944
[ 18%]   step 15945
[ 18%]   step 15946
[ 18%]   step 15947
[ 18%]   step 15948
[ 18%]   step 15949
[ 18%]   step 15950
[ 18%]   step 15951
[ 18%]   step 15952
[ 18%]   step 15953
[ 18%]   step 15954
[ 18%]   step 15955
[ 18%]   step 15956
[ 18%]   step 15957
[ 18%]   step 15958
[ 18%]   step 15959
[ 18%]   step 15960
[ 18%]   step 15961
[ 18%]   step 15962
[ 18%]   step 15963
[ 18%]   step 15964
[ 18%]   step 15965
[ 18%]   step 15966
[ 18%]   step 15967
[ 18%]   step 15968
[ 18%]   step 15969
[ 18%]   step 15970
[ 18%]   step 15971
[ 18%]   step 15972
[ 18%]   step 15973
[ 18%]   step 15974
[ 18%]   step 15975
[ 18%]   step 15976
[ 18%]   step 15977
[ 18%]   step 15978
[ 18%]   step 15979
[ 18%]   step 15980
[ 18%]   step 15981
[ 18%]   step 15982
[ 18%]   step 15983
[ 18%]   step 15984
[ 18%]   step 15985
[ 18%]   step 15986
[ 18%]   step 15987
[ 18%]   step 15988
[ 18%]   step 15989
[ 18%]   step 15990
[ 18%]   step 15991
[ 18%]   step 15992
[ 18%]   step 15993
[ 18%]   step 15994
[ 18%]   step 15995
[ 18%]   step 15996
[ 18%]   step 15997
[ 18%]   step 15998
[ 18%]   step 15999
[ 18%]   step 16000
[ 18%]   step 16001
[ 18%]   step 16002
[ 18%]   step 16003
[ 18%]   step 16004
[ 18%]   step 16005
[ 18%]   step 16006
[ 18%]   step 16007
[ 18%]   step 16008
[ 18%]   step 16009
[ 18%]   step 16010
[ 18%]   step 16011
[ 18%]   step 16012
[ 18%]   step 16013
[ 18%]   step 16014
[ 18%]   step 16015
[ 18%]   step 16016
[ 18%]   step 16017
[ 18%]   step 16018
[ 18%]   step 16019
[ 18%]   step 16020
[ 18%]   step 16021
[ 18%]   step 16022
[ 18%]   step 16023
[ 18%]   step 16024
[ 18%]   step 16025
[ 18%]   step 16026
[ 18%]   step 16027
[ 18%]   step 16028
[ 18%]   step 16029
[ 18%]   step 16030
+SWASH is processing output request    1
+SWASH is processing output request    2
[ 18%]   step 16031
[ 18%]   step 16032
[ 18%]   step 16033
[ 18%]   step 16034
[ 18%]   step 16035
[ 18%]   step 16036
[ 18%]   step 16037
[ 18%]   step 16038
[ 18%]   step 16039
[ 18%]   step 16040
[ 18%]   step 16041
[ 18%]   step 16042
[ 18%]   step 16043
[ 18%]   step 16044
[ 18%]   step 16045
[ 18%]   step 16046
[ 18%]   step 16047
[ 18%]   step 16048
[ 18%]   step 16049
[ 18%]   step 16050
[ 18%]   step 16051
[ 18%]   step 16052
[ 18%]   step 16053
[ 18%]   step 16054
[ 18%]   step 16055
[ 18%]   step 16056
[ 18%]   step 16057
[ 18%]   step 16058
[ 18%]   step 16059
[ 18%]   step 16060
[ 18%]   step 16061
[ 18%]   step 16062
[ 18%]   step 16063
[ 18%]   step 16064
[ 18%]   step 16065
[ 18%]   step 16066
[ 18%]   step 16067
[ 18%]   step 16068
[ 18%]   step 16069
[ 18%]   step 16070
[ 18%]   step 16071
[ 18%]   step 16072
[ 18%]   step 16073
[ 18%]   step 16074
[ 18%]   step 16075
[ 18%]   step 16076
[ 18%]   step 16077
[ 18%]   step 16078
[ 18%]   step 16079
[ 18%]   step 16080
[ 18%]   step 16081
[ 18%]   step 16082
[ 18%]   step 16083
[ 18%]   step 16084
[ 18%]   step 16085
[ 18%]   step 16086
[ 18%]   step 16087
[ 18%]   step 16088
[ 18%]   step 16089
[ 18%]   step 16090
[ 18%]   step 16091
[ 18%]   step 16092
[ 18%]   step 16093
[ 18%]   step 16094
[ 18%]   step 16095
[ 18%]   step 16096
[ 18%]   step 16097
[ 18%]   step 16098
[ 18%]   step 16099
[ 18%]   step 16100
[ 18%]   step 16101
[ 18%]   step 16102
[ 18%]   step 16103
[ 18%]   step 16104
[ 18%]   step 16105
[ 18%]   step 16106
[ 18%]   step 16107
[ 18%]   step 16108
[ 18%]   step 16109
[ 18%]   step 16110
[ 18%]   step 16111
[ 18%]   step 16112
[ 18%]   step 16113
[ 18%]   step 16114
[ 18%]   step 16115
[ 18%]   step 16116
[ 18%]   step 16117
[ 18%]   step 16118
[ 18%]   step 16119
[ 18%]   step 16120
[ 18%]   step 16121
[ 18%]   step 16122
[ 18%]   step 16123
[ 18%]   step 16124
[ 18%]   step 16125
[ 18%]   step 16126
[ 18%]   step 16127
[ 18%]   step 16128
[ 18%]   step 16129
[ 18%]   step 16130
[ 18%]   step 16131
[ 18%]   step 16132
[ 18%]   step 16133
[ 18%]   step 16134
[ 18%]   step 16135
[ 18%]   step 16136
[ 18%]   step 16137
[ 18%]   step 16138
[ 18%]   step 16139
[ 18%]   step 16140
[ 18%]   step 16141
[ 18%]   step 16142
[ 18%]   step 16143
[ 18%]   step 16144
+SWASH is processing output request    1
+SWASH is processing output request    2
[ 18%]   step 16145
[ 18%]   step 16146
[ 18%]   step 16147
[ 18%]   step 16148
[ 18%]   step 16149
[ 18%]   step 16150
[ 18%]   step 16151
[ 18%]   step 16152
[ 18%]   step 16153
[ 18%]   step 16154
[ 18%]   step 16155
[ 18%]   step 16156
[ 18%]   step 16157
[ 18%]   step 16158
[ 18%]   step 16159
[ 18%]   step 16160
[ 18%]   step 16161
[ 18%]   step 16162
[ 18%]   step 16163
[ 18%]   step 16164
[ 18%]   step 16165
[ 18%]   step 16166
[ 18%]   step 16167
[ 18%]   step 16168
[ 18%]   step 16169
[ 18%]   step 16170
[ 18%]   step 16171
[ 18%]   step 16172
[ 18%]   step 16173
[ 18%]   step 16174
[ 18%]   step 16175
[ 18%]   step 16176
[ 18%]   step 16177
[ 18%]   step 16178
[ 18%]   step 16179
[ 18%]   step 16180
[ 18%]   step 16181
[ 18%]   step 16182
[ 18%]   step 16183
[ 18%]   step 16184
[ 18%]   step 16185
[ 18%]   step 16186
[ 18%]   step 16187
[ 18%]   step 16188
[ 18%]   step 16189
[ 18%]   step 16190
[ 18%]   step 16191
[ 18%]   step 16192
[ 18%]   step 16193
[ 18%]   step 16194
[ 18%]   step 16195
[ 18%]   step 16196
[ 18%]   step 16197
[ 18%]   step 16198
[ 18%]   step 16199
[ 18%]   step 16200
[ 18%]   step 16201
[ 18%]   step 16202
[ 18%]   step 16203
[ 18%]   step 16204
[ 18%]   step 16205
[ 18%]   step 16206
[ 18%]   step 16207
[ 18%]   step 16208
[ 18%]   step 16209
[ 18%]   step 16210
[ 18%]   step 16211
[ 18%]   step 16212
[ 18%]   step 16213
[ 18%]   step 16214
[ 18%]   step 16215
[ 18%]   step 16216
[ 18%]   step 16217
[ 18%]   step 16218
[ 18%]   step 16219
[ 18%]   step 16220
[ 18%]   step 16221
[ 18%]   step 16222
[ 18%]   step 16223
[ 18%]   step 16224
[ 18%]   step 16225
[ 18%]   step 16226
[ 18%]   step 16227
[ 18%]   step 16228
[ 18%]   step 16229
[ 18%]   step 16230
[ 18%]   step 16231
[ 18%]   step 16232
[ 18%]   step 16233
[ 18%]   step 16234
[ 18%]   step 16235
[ 18%]   step 16236
[ 18%]   step 16237
[ 18%]   step 16238
[ 18%]   step 16239
[ 18%]   step 16240
[ 18%]   step 16241
[ 18%]   step 16242
[ 18%]   step 16243
[ 18%]   step 16244
[ 18%]   step 16245
[ 18%]   step 16246
[ 18%]   step 16247
[ 18%]   step 16248
[ 18%]   step 16249
[ 18%]   step 16250
[ 18%]   step 16251
[ 18%]   step 16252
[ 18%]   step 16253
[ 18%]   step 16254
[ 18%]   step 16255
[ 18%]   step 16256
[ 18%]   step 16257
[ 18%]   step 16258
[ 18%]   step 16259
+SWASH is processing output request    1
+SWASH is processing output request    2
[ 18%]   step 16260
[ 18%]   step 16261
[ 18%]   step 16262
[ 18%]   step 16263
[ 18%]   step 16264
[ 18%]   step 16265
[ 18%]   step 16266
[ 18%]   step 16267
[ 18%]   step 16268
[ 18%]   step 16269
[ 18%]   step 16270
[ 18%]   step 16271
[ 18%]   step 16272
[ 18%]   step 16273
[ 18%]   step 16274
[ 18%]   step 16275
[ 18%]   step 16276
[ 18%]   step 16277
[ 18%]   step 16278
[ 18%]   step 16279
[ 18%]   step 16280
[ 18%]   step 16281
[ 18%]   step 16282
[ 18%]   step 16283
[ 18%]   step 16284
[ 18%]   step 16285
[ 18%]   step 16286
[ 18%]   step 16287
[ 18%]   step 16288
[ 18%]   step 16289
[ 18%]   step 16290
[ 18%]   step 16291
[ 18%]   step 16292
[ 18%]   step 16293
[ 18%]   step 16294
[ 18%]   step 16295
[ 18%]   step 16296
[ 18%]   step 16297
[ 18%]   step 16298
[ 18%]   step 16299
[ 18%]   step 16300
[ 18%]   step 16301
[ 18%]   step 16302
[ 18%]   step 16303
[ 18%]   step 16304
[ 18%]   step 16305
[ 18%]   step 16306
[ 18%]   step 16307
[ 18%]   step 16308
[ 18%]   step 16309
[ 18%]   step 16310
[ 18%]   step 16311
[ 18%]   step 16312
[ 18%]   step 16313
[ 18%]   step 16314
[ 18%]   step 16315
[ 18%]   step 16316
[ 18%]   step 16317
[ 18%]   step 16318
[ 18%]   step 16319
[ 18%]   step 16320
[ 18%]   step 16321
[ 18%]   step 16322
[ 18%]   step 16323
[ 18%]   step 16324
[ 18%]   step 16325
[ 18%]   step 16326
[ 18%]   step 16327
[ 18%]   step 16328
[ 18%]   step 16329
[ 18%]   step 16330
[ 18%]   step 16331
[ 18%]   step 16332
[ 18%]   step 16333
[ 18%]   step 16334
[ 18%]   step 16335
[ 18%]   step 16336
[ 18%]   step 16337
[ 18%]   step 16338
[ 18%]   step 16339
[ 18%]   step 16340
[ 18%]   step 16341
[ 18%]   step 16342
[ 18%]   step 16343
[ 18%]   step 16344
[ 18%]   step 16345
[ 18%]   step 16346
[ 18%]   step 16347
[ 18%]   step 16348
[ 18%]   step 16349
[ 18%]   step 16350
[ 18%]   step 16351
[ 18%]   step 16352
[ 18%]   step 16353
[ 18%]   step 16354
[ 18%]   step 16355
[ 18%]   step 16356
[ 18%]   step 16357
[ 18%]   step 16358
[ 18%]   step 16359
[ 18%]   step 16360
[ 18%]   step 16361
[ 18%]   step 16362
[ 18%]   step 16363
[ 18%]   step 16364
[ 18%]   step 16365
[ 18%]   step 16366
[ 18%]   step 16367
[ 18%]   step 16368
[ 18%]   step 16369
[ 18%]   step 16370
[ 18%]   step 16371
[ 18%]   step 16372
[ 18%]   step 16373
+SWASH is processing output request    1
+SWASH is processing output request    2
[ 18%]   step 16374
[ 18%]   step 16375
[ 18%]   step 16376
[ 18%]   step 16377
[ 18%]   step 16378
[ 18%]   step 16379
[ 18%]   step 16380
[ 18%]   step 16381
[ 18%]   step 16382
[ 18%]   step 16383
[ 18%]   step 16384
[ 18%]   step 16385
[ 18%]   step 16386
[ 18%]   step 16387
[ 18%]   step 16388
[ 18%]   step 16389
[ 18%]   step 16390
[ 18%]   step 16391
[ 18%]   step 16392
[ 18%]   step 16393
[ 18%]   step 16394
[ 18%]   step 16395
[ 18%]   step 16396
[ 18%]   step 16397
[ 18%]   step 16398
[ 18%]   step 16399
[ 18%]   step 16400
[ 18%]   step 16401
[ 18%]   step 16402
[ 18%]   step 16403
[ 18%]   step 16404
[ 18%]   step 16405
[ 18%]   step 16406
[ 18%]   step 16407
[ 18%]   step 16408
[ 18%]   step 16409
[ 18%]   step 16410
[ 18%]   step 16411
[ 18%]   step 16412
[ 18%]   step 16413
[ 18%]   step 16414
[ 18%]   step 16415
[ 18%]   step 16416
[ 18%]   step 16417
[ 18%]   step 16418
[ 18%]   step 16419
[ 18%]   step 16420
[ 18%]   step 16421
[ 18%]   step 16422
[ 18%]   step 16423
[ 18%]   step 16424
[ 18%]   step 16425
[ 18%]   step 16426
[ 18%]   step 16427
[ 18%]   step 16428
[ 18%]   step 16429
[ 18%]   step 16430
[ 18%]   step 16431
[ 18%]   step 16432
[ 18%]   step 16433
[ 18%]   step 16434
[ 18%]   step 16435
[ 18%]   step 16436
[ 18%]   step 16437
[ 18%]   step 16438
[ 18%]   step 16439
[ 18%]   step 16440
[ 18%]   step 16441
[ 18%]   step 16442
[ 18%]   step 16443
[ 18%]   step 16444
[ 18%]   step 16445
[ 18%]   step 16446
[ 18%]   step 16447
[ 18%]   step 16448
[ 18%]   step 16449
[ 18%]   step 16450
[ 18%]   step 16451
[ 18%]   step 16452
[ 18%]   step 16453
[ 18%]   step 16454
[ 18%]   step 16455
[ 18%]   step 16456
[ 18%]   step 16457
[ 18%]   step 16458
[ 18%]   step 16459
[ 18%]   step 16460
[ 18%]   step 16461
[ 18%]   step 16462
[ 18%]   step 16463
[ 18%]   step 16464
[ 18%]   step 16465
[ 18%]   step 16466
[ 18%]   step 16467
[ 18%]   step 16468
[ 18%]   step 16469
[ 18%]   step 16470
[ 18%]   step 16471
[ 18%]   step 16472
[ 18%]   step 16473
[ 18%]   step 16474
[ 18%]   step 16475
[ 18%]   step 16476
[ 18%]   step 16477
[ 18%]   step 16478
[ 18%]   step 16479
[ 18%]   step 16480
[ 18%]   step 16481
[ 18%]   step 16482
[ 18%]   step 16483
[ 18%]   step 16484
[ 18%]   step 16485
[ 18%]   step 16486
[ 18%]   step 16487
[ 18%]   step 16488
+SWASH is processing output request    1
+SWASH is processing output request    2
[ 18%]   step 16489
[ 18%]   step 16490
[ 18%]   step 16491
[ 18%]   step 16492
[ 18%]   step 16493
[ 18%]   step 16494
[ 18%]   step 16495
[ 18%]   step 16496
[ 18%]   step 16497
[ 18%]   step 16498
[ 18%]   step 16499
[ 18%]   step 16500
[ 18%]   step 16501
[ 18%]   step 16502
[ 18%]   step 16503
[ 18%]   step 16504
[ 18%]   step 16505
[ 18%]   step 16506
[ 18%]   step 16507
[ 18%]   step 16508
[ 18%]   step 16509
[ 18%]   step 16510
[ 18%]   step 16511
[ 18%]   step 16512
[ 18%]   step 16513
[ 18%]   step 16514
[ 18%]   step 16515
[ 18%]   step 16516
[ 18%]   step 16517
[ 18%]   step 16518
[ 18%]   step 16519
[ 18%]   step 16520
[ 18%]   step 16521
[ 19%]   step 16522
[ 19%]   step 16523
[ 19%]   step 16524
[ 19%]   step 16525
[ 19%]   step 16526
[ 19%]   step 16527
[ 19%]   step 16528
[ 19%]   step 16529
[ 19%]   step 16530
[ 19%]   step 16531
[ 19%]   step 16532
[ 19%]   step 16533
[ 19%]   step 16534
[ 19%]   step 16535
[ 19%]   step 16536
[ 19%]   step 16537
[ 19%]   step 16538
[ 19%]   step 16539
[ 19%]   step 16540
[ 19%]   step 16541
[ 19%]   step 16542
[ 19%]   step 16543
[ 19%]   step 16544
[ 19%]   step 16545
[ 19%]   step 16546
[ 19%]   step 16547
[ 19%]   step 16548
[ 19%]   step 16549
[ 19%]   step 16550
[ 19%]   step 16551
[ 19%]   step 16552
[ 19%]   step 16553
[ 19%]   step 16554
[ 19%]   step 16555
[ 19%]   step 16556
[ 19%]   step 16557
[ 19%]   step 16558
[ 19%]   step 16559
[ 19%]   step 16560
[ 19%]   step 16561
[ 19%]   step 16562
[ 19%]   step 16563
[ 19%]   step 16564
[ 19%]   step 16565
[ 19%]   step 16566
[ 19%]   step 16567
[ 19%]   step 16568
[ 19%]   step 16569
[ 19%]   step 16570
[ 19%]   step 16571
[ 19%]   step 16572
[ 19%]   step 16573
[ 19%]   step 16574
[ 19%]   step 16575
[ 19%]   step 16576
[ 19%]   step 16577
[ 19%]   step 16578
[ 19%]   step 16579
[ 19%]   step 16580
[ 19%]   step 16581
[ 19%]   step 16582
[ 19%]   step 16583
[ 19%]   step 16584
[ 19%]   step 16585
[ 19%]   step 16586
[ 19%]   step 16587
[ 19%]   step 16588
[ 19%]   step 16589
[ 19%]   step 16590
[ 19%]   step 16591
[ 19%]   step 16592
[ 19%]   step 16593
[ 19%]   step 16594
[ 19%]   step 16595
[ 19%]   step 16596
[ 19%]   step 16597
[ 19%]   step 16598
[ 19%]   step 16599
[ 19%]   step 16600
[ 19%]   step 16601
[ 19%]   step 16602
+SWASH is processing output request    1
+SWASH is processing output request    2
[ 19%]   step 16603
[ 19%]   step 16604
[ 19%]   step 16605
[ 19%]   step 16606
[ 19%]   step 16607
[ 19%]   step 16608
[ 19%]   step 16609
[ 19%]   step 16610
[ 19%]   step 16611
[ 19%]   step 16612
[ 19%]   step 16613
[ 19%]   step 16614
[ 19%]   step 16615
[ 19%]   step 16616
[ 19%]   step 16617
[ 19%]   step 16618
[ 19%]   step 16619
[ 19%]   step 16620
[ 19%]   step 16621
[ 19%]   step 16622
[ 19%]   step 16623
[ 19%]   step 16624
[ 19%]   step 16625
[ 19%]   step 16626
[ 19%]   step 16627
[ 19%]   step 16628
[ 19%]   step 16629
[ 19%]   step 16630
[ 19%]   step 16631
[ 19%]   step 16632
[ 19%]   step 16633
[ 19%]   step 16634
[ 19%]   step 16635
[ 19%]   step 16636
[ 19%]   step 16637
[ 19%]   step 16638
[ 19%]   step 16639
[ 19%]   step 16640
[ 19%]   step 16641
[ 19%]   step 16642
[ 19%]   step 16643
[ 19%]   step 16644
[ 19%]   step 16645
[ 19%]   step 16646
[ 19%]   step 16647
[ 19%]   step 16648
[ 19%]   step 16649
[ 19%]   step 16650
[ 19%]   step 16651
[ 19%]   step 16652
[ 19%]   step 16653
[ 19%]   step 16654
[ 19%]   step 16655
[ 19%]   step 16656
[ 19%]   step 16657
[ 19%]   step 16658
[ 19%]   step 16659
[ 19%]   step 16660
[ 19%]   step 16661
[ 19%]   step 16662
[ 19%]   step 16663
[ 19%]   step 16664
[ 19%]   step 16665
[ 19%]   step 16666
[ 19%]   step 16667
[ 19%]   step 16668
[ 19%]   step 16669
[ 19%]   step 16670
[ 19%]   step 16671
[ 19%]   step 16672
[ 19%]   step 16673
[ 19%]   step 16674
[ 19%]   step 16675
[ 19%]   step 16676
[ 19%]   step 16677
[ 19%]   step 16678
[ 19%]   step 16679
[ 19%]   step 16680
[ 19%]   step 16681
[ 19%]   step 16682
[ 19%]   step 16683
[ 19%]   step 16684
[ 19%]   step 16685
[ 19%]   step 16686
[ 19%]   step 16687
[ 19%]   step 16688
[ 19%]   step 16689
[ 19%]   step 16690
[ 19%]   step 16691
[ 19%]   step 16692
[ 19%]   step 16693
[ 19%]   step 16694
[ 19%]   step 16695
[ 19%]   step 16696
[ 19%]   step 16697
[ 19%]   step 16698
[ 19%]   step 16699
[ 19%]   step 16700
[ 19%]   step 16701
[ 19%]   step 16702
[ 19%]   step 16703
[ 19%]   step 16704
[ 19%]   step 16705
[ 19%]   step 16706
[ 19%]   step 16707
[ 19%]   step 16708
[ 19%]   step 16709
[ 19%]   step 16710
[ 19%]   step 16711
[ 19%]   step 16712
[ 19%]   step 16713
[ 19%]   step 16714
[ 19%]   step 16715
[ 19%]   step 16716
[ 19%]   step 16717
+SWASH is processing output request    1
+SWASH is processing output request    2
[ 19%]   step 16718
[ 19%]   step 16719
[ 19%]   step 16720
[ 19%]   step 16721
[ 19%]   step 16722
[ 19%]   step 16723
[ 19%]   step 16724
[ 19%]   step 16725
[ 19%]   step 16726
[ 19%]   step 16727
[ 19%]   step 16728
[ 19%]   step 16729
[ 19%]   step 16730
[ 19%]   step 16731
[ 19%]   step 16732
[ 19%]   step 16733
[ 19%]   step 16734
[ 19%]   step 16735
[ 19%]   step 16736
[ 19%]   step 16737
[ 19%]   step 16738
[ 19%]   step 16739
[ 19%]   step 16740
[ 19%]   step 16741
[ 19%]   step 16742
[ 19%]   step 16743
[ 19%]   step 16744
[ 19%]   step 16745
[ 19%]   step 16746
[ 19%]   step 16747
[ 19%]   step 16748
[ 19%]   step 16749
[ 19%]   step 16750
[ 19%]   step 16751
[ 19%]   step 16752
[ 19%]   step 16753
[ 19%]   step 16754
[ 19%]   step 16755
[ 19%]   step 16756
[ 19%]   step 16757
[ 19%]   step 16758
[ 19%]   step 16759
[ 19%]   step 16760
[ 19%]   step 16761
[ 19%]   step 16762
[ 19%]   step 16763
[ 19%]   step 16764
[ 19%]   step 16765
[ 19%]   step 16766
[ 19%]   step 16767
[ 19%]   step 16768
[ 19%]   step 16769
[ 19%]   step 16770
[ 19%]   step 16771
[ 19%]   step 16772
[ 19%]   step 16773
[ 19%]   step 16774
[ 19%]   step 16775
[ 19%]   step 16776
[ 19%]   step 16777
[ 19%]   step 16778
[ 19%]   step 16779
[ 19%]   step 16780
[ 19%]   step 16781
[ 19%]   step 16782
[ 19%]   step 16783
[ 19%]   step 16784
[ 19%]   step 16785
[ 19%]   step 16786
[ 19%]   step 16787
[ 19%]   step 16788
[ 19%]   step 16789
[ 19%]   step 16790
[ 19%]   step 16791
[ 19%]   step 16792
[ 19%]   step 16793
[ 19%]   step 16794
[ 19%]   step 16795
[ 19%]   step 16796
[ 19%]   step 16797
[ 19%]   step 16798
[ 19%]   step 16799
[ 19%]   step 16800
[ 19%]   step 16801
[ 19%]   step 16802
[ 19%]   step 16803
[ 19%]   step 16804
[ 19%]   step 16805
[ 19%]   step 16806
[ 19%]   step 16807
[ 19%]   step 16808
[ 19%]   step 16809
[ 19%]   step 16810
[ 19%]   step 16811
[ 19%]   step 16812
[ 19%]   step 16813
[ 19%]   step 16814
[ 19%]   step 16815
[ 19%]   step 16816
[ 19%]   step 16817
[ 19%]   step 16818
[ 19%]   step 16819
[ 19%]   step 16820
[ 19%]   step 16821
[ 19%]   step 16822
[ 19%]   step 16823
[ 19%]   step 16824
[ 19%]   step 16825
[ 19%]   step 16826
[ 19%]   step 16827
[ 19%]   step 16828
[ 19%]   step 16829
[ 19%]   step 16830
[ 19%]   step 16831
+SWASH is processing output request    1
+SWASH is processing output request    2
[ 19%]   step 16832
[ 19%]   step 16833
[ 19%]   step 16834
[ 19%]   step 16835
[ 19%]   step 16836
[ 19%]   step 16837
[ 19%]   step 16838
[ 19%]   step 16839
[ 19%]   step 16840
[ 19%]   step 16841
[ 19%]   step 16842
[ 19%]   step 16843
[ 19%]   step 16844
[ 19%]   step 16845
[ 19%]   step 16846
[ 19%]   step 16847
[ 19%]   step 16848
[ 19%]   step 16849
[ 19%]   step 16850
[ 19%]   step 16851
[ 19%]   step 16852
[ 19%]   step 16853
[ 19%]   step 16854
[ 19%]   step 16855
[ 19%]   step 16856
[ 19%]   step 16857
[ 19%]   step 16858
[ 19%]   step 16859
[ 19%]   step 16860
[ 19%]   step 16861
[ 19%]   step 16862
[ 19%]   step 16863
[ 19%]   step 16864
[ 19%]   step 16865
[ 19%]   step 16866
[ 19%]   step 16867
[ 19%]   step 16868
[ 19%]   step 16869
[ 19%]   step 16870
[ 19%]   step 16871
[ 19%]   step 16872
[ 19%]   step 16873
[ 19%]   step 16874
[ 19%]   step 16875
[ 19%]   step 16876
[ 19%]   step 16877
[ 19%]   step 16878
[ 19%]   step 16879
[ 19%]   step 16880
[ 19%]   step 16881
[ 19%]   step 16882
[ 19%]   step 16883
[ 19%]   step 16884
[ 19%]   step 16885
[ 19%]   step 16886
[ 19%]   step 16887
[ 19%]   step 16888
[ 19%]   step 16889
[ 19%]   step 16890
[ 19%]   step 16891
[ 19%]   step 16892
[ 19%]   step 16893
[ 19%]   step 16894
[ 19%]   step 16895
[ 19%]   step 16896
[ 19%]   step 16897
[ 19%]   step 16898
[ 19%]   step 16899
[ 19%]   step 16900
[ 19%]   step 16901
[ 19%]   step 16902
[ 19%]   step 16903
[ 19%]   step 16904
[ 19%]   step 16905
[ 19%]   step 16906
[ 19%]   step 16907
[ 19%]   step 16908
[ 19%]   step 16909
[ 19%]   step 16910
[ 19%]   step 16911
[ 19%]   step 16912
[ 19%]   step 16913
[ 19%]   step 16914
[ 19%]   step 16915
[ 19%]   step 16916
[ 19%]   step 16917
[ 19%]   step 16918
[ 19%]   step 16919
[ 19%]   step 16920
[ 19%]   step 16921
[ 19%]   step 16922
[ 19%]   step 16923
[ 19%]   step 16924
[ 19%]   step 16925
[ 19%]   step 16926
[ 19%]   step 16927
[ 19%]   step 16928
[ 19%]   step 16929
[ 19%]   step 16930
[ 19%]   step 16931
[ 19%]   step 16932
[ 19%]   step 16933
[ 19%]   step 16934
[ 19%]   step 16935
[ 19%]   step 16936
[ 19%]   step 16937
[ 19%]   step 16938
[ 19%]   step 16939
[ 19%]   step 16940
[ 19%]   step 16941
[ 19%]   step 16942
[ 19%]   step 16943
[ 19%]   step 16944
[ 19%]   step 16945
[ 19%]   step 16946
+SWASH is processing output request    1
+SWASH is processing output request    2
[ 19%]   step 16947
[ 19%]   step 16948
[ 19%]   step 16949
[ 19%]   step 16950
[ 19%]   step 16951
[ 19%]   step 16952
[ 19%]   step 16953
[ 19%]   step 16954
[ 19%]   step 16955
[ 19%]   step 16956
[ 19%]   step 16957
[ 19%]   step 16958
[ 19%]   step 16959
[ 19%]   step 16960
[ 19%]   step 16961
[ 19%]   step 16962
[ 19%]   step 16963
[ 19%]   step 16964
[ 19%]   step 16965
[ 19%]   step 16966
[ 19%]   step 16967
[ 19%]   step 16968
[ 19%]   step 16969
[ 19%]   step 16970
[ 19%]   step 16971
[ 19%]   step 16972
[ 19%]   step 16973
[ 19%]   step 16974
[ 19%]   step 16975
[ 19%]   step 16976
[ 19%]   step 16977
[ 19%]   step 16978
[ 19%]   step 16979
[ 19%]   step 16980
[ 19%]   step 16981
[ 19%]   step 16982
[ 19%]   step 16983
[ 19%]   step 16984
[ 19%]   step 16985
[ 19%]   step 16986
[ 19%]   step 16987
[ 19%]   step 16988
[ 19%]   step 16989
[ 19%]   step 16990
[ 19%]   step 16991
[ 19%]   step 16992
[ 19%]   step 16993
[ 19%]   step 16994
[ 19%]   step 16995
[ 19%]   step 16996
[ 19%]   step 16997
[ 19%]   step 16998
[ 19%]   step 16999
[ 19%]   step 17000
[ 19%]   step 17001
[ 19%]   step 17002
[ 19%]   step 17003
[ 19%]   step 17004
[ 19%]   step 17005
[ 19%]   step 17006
[ 19%]   step 17007
[ 19%]   step 17008
[ 19%]   step 17009
[ 19%]   step 17010
[ 19%]   step 17011
[ 19%]   step 17012
[ 19%]   step 17013
[ 19%]   step 17014
[ 19%]   step 17015
[ 19%]   step 17016
[ 19%]   step 17017
[ 19%]   step 17018
[ 19%]   step 17019
[ 19%]   step 17020
[ 19%]   step 17021
[ 19%]   step 17022
[ 19%]   step 17023
[ 19%]   step 17024
[ 19%]   step 17025
[ 19%]   step 17026
[ 19%]   step 17027
[ 19%]   step 17028
[ 19%]   step 17029
[ 19%]   step 17030
[ 19%]   step 17031
[ 19%]   step 17032
[ 19%]   step 17033
[ 19%]   step 17034
[ 19%]   step 17035
[ 19%]   step 17036
[ 19%]   step 17037
[ 19%]   step 17038
[ 19%]   step 17039
[ 19%]   step 17040
[ 19%]   step 17041
[ 19%]   step 17042
[ 19%]   step 17043
[ 19%]   step 17044
[ 19%]   step 17045
[ 19%]   step 17046
[ 19%]   step 17047
[ 19%]   step 17048
[ 19%]   step 17049
[ 19%]   step 17050
[ 19%]   step 17051
[ 19%]   step 17052
[ 19%]   step 17053
[ 19%]   step 17054
[ 19%]   step 17055
[ 19%]   step 17056
[ 19%]   step 17057
[ 19%]   step 17058
[ 19%]   step 17059
[ 19%]   step 17060
+SWASH is processing output request    1
+SWASH is processing output request    2
[ 19%]   step 17061
[ 19%]   step 17062
[ 19%]   step 17063
[ 19%]   step 17064
[ 19%]   step 17065
[ 19%]   step 17066
[ 19%]   step 17067
[ 19%]   step 17068
[ 19%]   step 17069
[ 19%]   step 17070
[ 19%]   step 17071
[ 19%]   step 17072
[ 19%]   step 17073
[ 19%]   step 17074
[ 19%]   step 17075
[ 19%]   step 17076
[ 19%]   step 17077
[ 19%]   step 17078
[ 19%]   step 17079
[ 19%]   step 17080
[ 19%]   step 17081
[ 19%]   step 17082
[ 19%]   step 17083
[ 19%]   step 17084
[ 19%]   step 17085
[ 19%]   step 17086
[ 19%]   step 17087
[ 19%]   step 17088
[ 19%]   step 17089
[ 19%]   step 17090
[ 19%]   step 17091
[ 19%]   step 17092
[ 19%]   step 17093
[ 19%]   step 17094
[ 19%]   step 17095
[ 19%]   step 17096
[ 19%]   step 17097
[ 19%]   step 17098
[ 19%]   step 17099
[ 19%]   step 17100
[ 19%]   step 17101
[ 19%]   step 17102
[ 19%]   step 17103
[ 19%]   step 17104
[ 19%]   step 17105
[ 19%]   step 17106
[ 19%]   step 17107
[ 19%]   step 17108
[ 19%]   step 17109
[ 19%]   step 17110
[ 19%]   step 17111
[ 19%]   step 17112
[ 19%]   step 17113
[ 19%]   step 17114
[ 19%]   step 17115
[ 19%]   step 17116
[ 19%]   step 17117
[ 19%]   step 17118
[ 19%]   step 17119
[ 19%]   step 17120
[ 19%]   step 17121
[ 19%]   step 17122
[ 19%]   step 17123
[ 19%]   step 17124
[ 19%]   step 17125
[ 19%]   step 17126
[ 19%]   step 17127
[ 19%]   step 17128
[ 19%]   step 17129
[ 19%]   step 17130
[ 19%]   step 17131
[ 19%]   step 17132
[ 19%]   step 17133
[ 19%]   step 17134
[ 19%]   step 17135
[ 19%]   step 17136
[ 19%]   step 17137
[ 19%]   step 17138
[ 19%]   step 17139
[ 19%]   step 17140
[ 19%]   step 17141
[ 19%]   step 17142
[ 19%]   step 17143
[ 19%]   step 17144
[ 19%]   step 17145
[ 19%]   step 17146
[ 19%]   step 17147
[ 19%]   step 17148
[ 19%]   step 17149
[ 19%]   step 17150
[ 19%]   step 17151
[ 19%]   step 17152
[ 19%]   step 17153
[ 19%]   step 17154
[ 19%]   step 17155
[ 19%]   step 17156
[ 19%]   step 17157
[ 19%]   step 17158
[ 19%]   step 17159
[ 19%]   step 17160
[ 19%]   step 17161
[ 19%]   step 17162
[ 19%]   step 17163
[ 19%]   step 17164
[ 19%]   step 17165
[ 19%]   step 17166
[ 19%]   step 17167
[ 19%]   step 17168
[ 19%]   step 17169
[ 19%]   step 17170
[ 19%]   step 17171
[ 19%]   step 17172
[ 19%]   step 17173
[ 19%]   step 17174
[ 19%]   step 17175
+SWASH is processing output request    1
+SWASH is processing output request    2
[ 19%]   step 17176
[ 19%]   step 17177
[ 19%]   step 17178
[ 19%]   step 17179
[ 19%]   step 17180
[ 19%]   step 17181
[ 19%]   step 17182
[ 19%]   step 17183
[ 19%]   step 17184
[ 19%]   step 17185
[ 19%]   step 17186
[ 19%]   step 17187
[ 19%]   step 17188
[ 19%]   step 17189
[ 19%]   step 17190
[ 19%]   step 17191
[ 19%]   step 17192
[ 19%]   step 17193
[ 19%]   step 17194
[ 19%]   step 17195
[ 19%]   step 17196
[ 19%]   step 17197
[ 19%]   step 17198
[ 19%]   step 17199
[ 19%]   step 17200
[ 19%]   step 17201
[ 19%]   step 17202
[ 19%]   step 17203
[ 19%]   step 17204
[ 19%]   step 17205
[ 19%]   step 17206
[ 19%]   step 17207
[ 19%]   step 17208
[ 19%]   step 17209
[ 19%]   step 17210
[ 19%]   step 17211
[ 19%]   step 17212
[ 19%]   step 17213
[ 19%]   step 17214
[ 19%]   step 17215
[ 19%]   step 17216
[ 19%]   step 17217
[ 19%]   step 17218
[ 19%]   step 17219
[ 19%]   step 17220
[ 19%]   step 17221
[ 19%]   step 17222
[ 19%]   step 17223
[ 19%]   step 17224
[ 19%]   step 17225
[ 19%]   step 17226
[ 19%]   step 17227
[ 19%]   step 17228
[ 19%]   step 17229
[ 19%]   step 17230
[ 19%]   step 17231
[ 19%]   step 17232
[ 19%]   step 17233
[ 19%]   step 17234
[ 19%]   step 17235
[ 19%]   step 17236
[ 19%]   step 17237
[ 19%]   step 17238
[ 19%]   step 17239
[ 19%]   step 17240
[ 19%]   step 17241
[ 19%]   step 17242
[ 19%]   step 17243
[ 19%]   step 17244
[ 19%]   step 17245
[ 19%]   step 17246
[ 19%]   step 17247
[ 19%]   step 17248
[ 19%]   step 17249
[ 19%]   step 17250
[ 19%]   step 17251
[ 19%]   step 17252
[ 19%]   step 17253
[ 19%]   step 17254
[ 19%]   step 17255
[ 19%]   step 17256
[ 19%]   step 17257
[ 19%]   step 17258
[ 19%]   step 17259
[ 19%]   step 17260
[ 19%]   step 17261
[ 19%]   step 17262
[ 19%]   step 17263
[ 19%]   step 17264
[ 19%]   step 17265
[ 19%]   step 17266
[ 19%]   step 17267
[ 19%]   step 17268
[ 19%]   step 17269
[ 19%]   step 17270
[ 19%]   step 17271
[ 19%]   step 17272
[ 19%]   step 17273
[ 19%]   step 17274
[ 19%]   step 17275
[ 19%]   step 17276
[ 19%]   step 17277
[ 19%]   step 17278
[ 19%]   step 17279
[ 19%]   step 17280
[ 19%]   step 17281
[ 19%]   step 17282
[ 19%]   step 17283
[ 19%]   step 17284
[ 19%]   step 17285
[ 19%]   step 17286
[ 19%]   step 17287
[ 19%]   step 17288
[ 19%]   step 17289
+SWASH is processing output request    1
+SWASH is processing output request    2
[ 19%]   step 17290
[ 19%]   step 17291
[ 19%]   step 17292
[ 19%]   step 17293
[ 19%]   step 17294
[ 19%]   step 17295
[ 19%]   step 17296
[ 19%]   step 17297
[ 19%]   step 17298
[ 19%]   step 17299
[ 19%]   step 17300
[ 19%]   step 17301
[ 19%]   step 17302
[ 19%]   step 17303
[ 19%]   step 17304
[ 19%]   step 17305
[ 19%]   step 17306
[ 19%]   step 17307
[ 19%]   step 17308
[ 19%]   step 17309
[ 19%]   step 17310
[ 19%]   step 17311
[ 19%]   step 17312
[ 19%]   step 17313
[ 19%]   step 17314
[ 19%]   step 17315
[ 19%]   step 17316
[ 19%]   step 17317
[ 19%]   step 17318
[ 19%]   step 17319
[ 19%]   step 17320
[ 19%]   step 17321
[ 19%]   step 17322
[ 19%]   step 17323
[ 19%]   step 17324
[ 19%]   step 17325
[ 19%]   step 17326
[ 19%]   step 17327
[ 19%]   step 17328
[ 19%]   step 17329
[ 19%]   step 17330
[ 19%]   step 17331
[ 19%]   step 17332
[ 19%]   step 17333
[ 19%]   step 17334
[ 19%]   step 17335
[ 19%]   step 17336
[ 19%]   step 17337
[ 19%]   step 17338
[ 19%]   step 17339
[ 19%]   step 17340
[ 19%]   step 17341
[ 19%]   step 17342
[ 19%]   step 17343
[ 19%]   step 17344
[ 19%]   step 17345
[ 19%]   step 17346
[ 19%]   step 17347
[ 19%]   step 17348
[ 19%]   step 17349
[ 19%]   step 17350
[ 19%]   step 17351
[ 19%]   step 17352
[ 19%]   step 17353
[ 19%]   step 17354
[ 19%]   step 17355
[ 19%]   step 17356
[ 19%]   step 17357
[ 19%]   step 17358
[ 19%]   step 17359
[ 19%]   step 17360
[ 19%]   step 17361
[ 19%]   step 17362
[ 19%]   step 17363
[ 19%]   step 17364
[ 19%]   step 17365
[ 19%]   step 17366
[ 19%]   step 17367
[ 19%]   step 17368
[ 19%]   step 17369
[ 19%]   step 17370
[ 19%]   step 17371
[ 19%]   step 17372
[ 19%]   step 17373
[ 19%]   step 17374
[ 19%]   step 17375
[ 19%]   step 17376
[ 19%]   step 17377
[ 19%]   step 17378
[ 19%]   step 17379
[ 19%]   step 17380
[ 19%]   step 17381
[ 19%]   step 17382
[ 19%]   step 17383
[ 19%]   step 17384
[ 19%]   step 17385
[ 19%]   step 17386
[ 19%]   step 17387
[ 19%]   step 17388
[ 19%]   step 17389
[ 19%]   step 17390
[ 19%]   step 17391
[ 19%]   step 17392
[ 19%]   step 17393
[ 19%]   step 17394
[ 19%]   step 17395
[ 19%]   step 17396
[ 19%]   step 17397
[ 19%]   step 17398
[ 19%]   step 17399
[ 19%]   step 17400
[ 19%]   step 17401
[ 19%]   step 17402
[ 19%]   step 17403
[ 19%]   step 17404
+SWASH is processing output request    1
+SWASH is processing output request    2
[ 19%]   step 17405
[ 19%]   step 17406
[ 19%]   step 17407
[ 19%]   step 17408
[ 19%]   step 17409
[ 19%]   step 17410
[ 19%]   step 17411
[ 19%]   step 17412
[ 19%]   step 17413
[ 19%]   step 17414
[ 20%]   step 17415
[ 20%]   step 17416
[ 20%]   step 17417
[ 20%]   step 17418
[ 20%]   step 17419
[ 20%]   step 17420
[ 20%]   step 17421
[ 20%]   step 17422
[ 20%]   step 17423
[ 20%]   step 17424
[ 20%]   step 17425
[ 20%]   step 17426
[ 20%]   step 17427
[ 20%]   step 17428
[ 20%]   step 17429
[ 20%]   step 17430
[ 20%]   step 17431
[ 20%]   step 17432
[ 20%]   step 17433
[ 20%]   step 17434
[ 20%]   step 17435
[ 20%]   step 17436
[ 20%]   step 17437
[ 20%]   step 17438
[ 20%]   step 17439
[ 20%]   step 17440
[ 20%]   step 17441
[ 20%]   step 17442
[ 20%]   step 17443
[ 20%]   step 17444
[ 20%]   step 17445
[ 20%]   step 17446
[ 20%]   step 17447
[ 20%]   step 17448
[ 20%]   step 17449
[ 20%]   step 17450
[ 20%]   step 17451
[ 20%]   step 17452
[ 20%]   step 17453
[ 20%]   step 17454
[ 20%]   step 17455
[ 20%]   step 17456
[ 20%]   step 17457
[ 20%]   step 17458
[ 20%]   step 17459
[ 20%]   step 17460
[ 20%]   step 17461
[ 20%]   step 17462
[ 20%]   step 17463
[ 20%]   step 17464
[ 20%]   step 17465
[ 20%]   step 17466
[ 20%]   step 17467
[ 20%]   step 17468
[ 20%]   step 17469
[ 20%]   step 17470
[ 20%]   step 17471
[ 20%]   step 17472
[ 20%]   step 17473
[ 20%]   step 17474
[ 20%]   step 17475
[ 20%]   step 17476
[ 20%]   step 17477
[ 20%]   step 17478
[ 20%]   step 17479
[ 20%]   step 17480
[ 20%]   step 17481
[ 20%]   step 17482
[ 20%]   step 17483
[ 20%]   step 17484
[ 20%]   step 17485
[ 20%]   step 17486
[ 20%]   step 17487
[ 20%]   step 17488
[ 20%]   step 17489
[ 20%]   step 17490
[ 20%]   step 17491
[ 20%]   step 17492
[ 20%]   step 17493
[ 20%]   step 17494
[ 20%]   step 17495
[ 20%]   step 17496
[ 20%]   step 17497
[ 20%]   step 17498
[ 20%]   step 17499
[ 20%]   step 17500
[ 20%]   step 17501
[ 20%]   step 17502
[ 20%]   step 17503
[ 20%]   step 17504
[ 20%]   step 17505
[ 20%]   step 17506
[ 20%]   step 17507
[ 20%]   step 17508
[ 20%]   step 17509
[ 20%]   step 17510
[ 20%]   step 17511
[ 20%]   step 17512
[ 20%]   step 17513
[ 20%]   step 17514
[ 20%]   step 17515
[ 20%]   step 17516
[ 20%]   step 17517
[ 20%]   step 17518
+SWASH is processing output request    1
+SWASH is processing output request    2
[ 20%]   step 17519
[ 20%]   step 17520
[ 20%]   step 17521
[ 20%]   step 17522
[ 20%]   step 17523
[ 20%]   step 17524
[ 20%]   step 17525
[ 20%]   step 17526
[ 20%]   step 17527
[ 20%]   step 17528
[ 20%]   step 17529
[ 20%]   step 17530
[ 20%]   step 17531
[ 20%]   step 17532
[ 20%]   step 17533
[ 20%]   step 17534
[ 20%]   step 17535
[ 20%]   step 17536
[ 20%]   step 17537
[ 20%]   step 17538
[ 20%]   step 17539
[ 20%]   step 17540
[ 20%]   step 17541
[ 20%]   step 17542
[ 20%]   step 17543
[ 20%]   step 17544
[ 20%]   step 17545
[ 20%]   step 17546
[ 20%]   step 17547
[ 20%]   step 17548
[ 20%]   step 17549
[ 20%]   step 17550
[ 20%]   step 17551
[ 20%]   step 17552
[ 20%]   step 17553
[ 20%]   step 17554
[ 20%]   step 17555
[ 20%]   step 17556
[ 20%]   step 17557
[ 20%]   step 17558
[ 20%]   step 17559
[ 20%]   step 17560
[ 20%]   step 17561
[ 20%]   step 17562
[ 20%]   step 17563
[ 20%]   step 17564
[ 20%]   step 17565
[ 20%]   step 17566
[ 20%]   step 17567
[ 20%]   step 17568
[ 20%]   step 17569
[ 20%]   step 17570
[ 20%]   step 17571
[ 20%]   step 17572
[ 20%]   step 17573
[ 20%]   step 17574
[ 20%]   step 17575
[ 20%]   step 17576
[ 20%]   step 17577
[ 20%]   step 17578
[ 20%]   step 17579
[ 20%]   step 17580
[ 20%]   step 17581
[ 20%]   step 17582
[ 20%]   step 17583
[ 20%]   step 17584
[ 20%]   step 17585
[ 20%]   step 17586
[ 20%]   step 17587
[ 20%]   step 17588
[ 20%]   step 17589
[ 20%]   step 17590
[ 20%]   step 17591
[ 20%]   step 17592
[ 20%]   step 17593
[ 20%]   step 17594
[ 20%]   step 17595
[ 20%]   step 17596
[ 20%]   step 17597
[ 20%]   step 17598
[ 20%]   step 17599
[ 20%]   step 17600
[ 20%]   step 17601
[ 20%]   step 17602
[ 20%]   step 17603
[ 20%]   step 17604
[ 20%]   step 17605
[ 20%]   step 17606
[ 20%]   step 17607
[ 20%]   step 17608
[ 20%]   step 17609
[ 20%]   step 17610
[ 20%]   step 17611
[ 20%]   step 17612
[ 20%]   step 17613
[ 20%]   step 17614
[ 20%]   step 17615
[ 20%]   step 17616
[ 20%]   step 17617
[ 20%]   step 17618
[ 20%]   step 17619
[ 20%]   step 17620
[ 20%]   step 17621
[ 20%]   step 17622
[ 20%]   step 17623
[ 20%]   step 17624
[ 20%]   step 17625
[ 20%]   step 17626
[ 20%]   step 17627
[ 20%]   step 17628
[ 20%]   step 17629
[ 20%]   step 17630
[ 20%]   step 17631
[ 20%]   step 17632
+SWASH is processing output request    1
+SWASH is processing output request    2
[ 20%]   step 17633
[ 20%]   step 17634
[ 20%]   step 17635
[ 20%]   step 17636
[ 20%]   step 17637
[ 20%]   step 17638
[ 20%]   step 17639
[ 20%]   step 17640
[ 20%]   step 17641
[ 20%]   step 17642
[ 20%]   step 17643
[ 20%]   step 17644
[ 20%]   step 17645
[ 20%]   step 17646
[ 20%]   step 17647
[ 20%]   step 17648
[ 20%]   step 17649
[ 20%]   step 17650
[ 20%]   step 17651
[ 20%]   step 17652
[ 20%]   step 17653
[ 20%]   step 17654
[ 20%]   step 17655
[ 20%]   step 17656
[ 20%]   step 17657
[ 20%]   step 17658
[ 20%]   step 17659
[ 20%]   step 17660
[ 20%]   step 17661
[ 20%]   step 17662
[ 20%]   step 17663
[ 20%]   step 17664
[ 20%]   step 17665
[ 20%]   step 17666
[ 20%]   step 17667
[ 20%]   step 17668
[ 20%]   step 17669
[ 20%]   step 17670
[ 20%]   step 17671
[ 20%]   step 17672
[ 20%]   step 17673
[ 20%]   step 17674
[ 20%]   step 17675
[ 20%]   step 17676
[ 20%]   step 17677
[ 20%]   step 17678
[ 20%]   step 17679
[ 20%]   step 17680
[ 20%]   step 17681
[ 20%]   step 17682
[ 20%]   step 17683
[ 20%]   step 17684
[ 20%]   step 17685
[ 20%]   step 17686
[ 20%]   step 17687
[ 20%]   step 17688
[ 20%]   step 17689
[ 20%]   step 17690
[ 20%]   step 17691
[ 20%]   step 17692
[ 20%]   step 17693
[ 20%]   step 17694
[ 20%]   step 17695
[ 20%]   step 17696
[ 20%]   step 17697
[ 20%]   step 17698
[ 20%]   step 17699
[ 20%]   step 17700
[ 20%]   step 17701
[ 20%]   step 17702
[ 20%]   step 17703
[ 20%]   step 17704
[ 20%]   step 17705
[ 20%]   step 17706
[ 20%]   step 17707
[ 20%]   step 17708
[ 20%]   step 17709
[ 20%]   step 17710
[ 20%]   step 17711
[ 20%]   step 17712
[ 20%]   step 17713
[ 20%]   step 17714
[ 20%]   step 17715
[ 20%]   step 17716
[ 20%]   step 17717
[ 20%]   step 17718
[ 20%]   step 17719
[ 20%]   step 17720
[ 20%]   step 17721
[ 20%]   step 17722
[ 20%]   step 17723
[ 20%]   step 17724
[ 20%]   step 17725
[ 20%]   step 17726
[ 20%]   step 17727
[ 20%]   step 17728
[ 20%]   step 17729
[ 20%]   step 17730
[ 20%]   step 17731
[ 20%]   step 17732
[ 20%]   step 17733
[ 20%]   step 17734
[ 20%]   step 17735
[ 20%]   step 17736
[ 20%]   step 17737
[ 20%]   step 17738
[ 20%]   step 17739
[ 20%]   step 17740
[ 20%]   step 17741
[ 20%]   step 17742
[ 20%]   step 17743
[ 20%]   step 17744
[ 20%]   step 17745
[ 20%]   step 17746
[ 20%]   step 17747
+SWASH is processing output request    1
+SWASH is processing output request    2
[ 20%]   step 17748
[ 20%]   step 17749
[ 20%]   step 17750
[ 20%]   step 17751
[ 20%]   step 17752
[ 20%]   step 17753
[ 20%]   step 17754
[ 20%]   step 17755
[ 20%]   step 17756
[ 20%]   step 17757
[ 20%]   step 17758
[ 20%]   step 17759
[ 20%]   step 17760
[ 20%]   step 17761
[ 20%]   step 17762
[ 20%]   step 17763
[ 20%]   step 17764
[ 20%]   step 17765
[ 20%]   step 17766
[ 20%]   step 17767
[ 20%]   step 17768
[ 20%]   step 17769
[ 20%]   step 17770
[ 20%]   step 17771
[ 20%]   step 17772
[ 20%]   step 17773
[ 20%]   step 17774
[ 20%]   step 17775
[ 20%]   step 17776
[ 20%]   step 17777
[ 20%]   step 17778
[ 20%]   step 17779
[ 20%]   step 17780
[ 20%]   step 17781
[ 20%]   step 17782
[ 20%]   step 17783
[ 20%]   step 17784
[ 20%]   step 17785
[ 20%]   step 17786
[ 20%]   step 17787
[ 20%]   step 17788
[ 20%]   step 17789
[ 20%]   step 17790
[ 20%]   step 17791
[ 20%]   step 17792
[ 20%]   step 17793
[ 20%]   step 17794
[ 20%]   step 17795
[ 20%]   step 17796
[ 20%]   step 17797
[ 20%]   step 17798
[ 20%]   step 17799
[ 20%]   step 17800
[ 20%]   step 17801
[ 20%]   step 17802
[ 20%]   step 17803
[ 20%]   step 17804
[ 20%]   step 17805
[ 20%]   step 17806
[ 20%]   step 17807
[ 20%]   step 17808
[ 20%]   step 17809
[ 20%]   step 17810
[ 20%]   step 17811
[ 20%]   step 17812
[ 20%]   step 17813
[ 20%]   step 17814
[ 20%]   step 17815
[ 20%]   step 17816
[ 20%]   step 17817
[ 20%]   step 17818
[ 20%]   step 17819
[ 20%]   step 17820
[ 20%]   step 17821
[ 20%]   step 17822
[ 20%]   step 17823
[ 20%]   step 17824
[ 20%]   step 17825
[ 20%]   step 17826
[ 20%]   step 17827
[ 20%]   step 17828
[ 20%]   step 17829
[ 20%]   step 17830
[ 20%]   step 17831
[ 20%]   step 17832
[ 20%]   step 17833
[ 20%]   step 17834
[ 20%]   step 17835
[ 20%]   step 17836
[ 20%]   step 17837
[ 20%]   step 17838
[ 20%]   step 17839
[ 20%]   step 17840
[ 20%]   step 17841
[ 20%]   step 17842
[ 20%]   step 17843
[ 20%]   step 17844
[ 20%]   step 17845
[ 20%]   step 17846
[ 20%]   step 17847
[ 20%]   step 17848
[ 20%]   step 17849
[ 20%]   step 17850
[ 20%]   step 17851
[ 20%]   step 17852
[ 20%]   step 17853
[ 20%]   step 17854
[ 20%]   step 17855
[ 20%]   step 17856
[ 20%]   step 17857
[ 20%]   step 17858
[ 20%]   step 17859
[ 20%]   step 17860
[ 20%]   step 17861
+SWASH is processing output request    1
+SWASH is processing output request    2
[ 20%]   step 17862
[ 20%]   step 17863
[ 20%]   step 17864
[ 20%]   step 17865
[ 20%]   step 17866
[ 20%]   step 17867
[ 20%]   step 17868
[ 20%]   step 17869
[ 20%]   step 17870
[ 20%]   step 17871
[ 20%]   step 17872
[ 20%]   step 17873
[ 20%]   step 17874
[ 20%]   step 17875
[ 20%]   step 17876
[ 20%]   step 17877
[ 20%]   step 17878
[ 20%]   step 17879
[ 20%]   step 17880
[ 20%]   step 17881
[ 20%]   step 17882
[ 20%]   step 17883
[ 20%]   step 17884
[ 20%]   step 17885
[ 20%]   step 17886
[ 20%]   step 17887
[ 20%]   step 17888
[ 20%]   step 17889
[ 20%]   step 17890
[ 20%]   step 17891
[ 20%]   step 17892
[ 20%]   step 17893
[ 20%]   step 17894
[ 20%]   step 17895
[ 20%]   step 17896
[ 20%]   step 17897
[ 20%]   step 17898
[ 20%]   step 17899
[ 20%]   step 17900
[ 20%]   step 17901
[ 20%]   step 17902
[ 20%]   step 17903
[ 20%]   step 17904
[ 20%]   step 17905
[ 20%]   step 17906
[ 20%]   step 17907
[ 20%]   step 17908
[ 20%]   step 17909
[ 20%]   step 17910
[ 20%]   step 17911
[ 20%]   step 17912
[ 20%]   step 17913
[ 20%]   step 17914
[ 20%]   step 17915
[ 20%]   step 17916
[ 20%]   step 17917
[ 20%]   step 17918
[ 20%]   step 17919
[ 20%]   step 17920
[ 20%]   step 17921
[ 20%]   step 17922
[ 20%]   step 17923
[ 20%]   step 17924
[ 20%]   step 17925
[ 20%]   step 17926
[ 20%]   step 17927
[ 20%]   step 17928
[ 20%]   step 17929
[ 20%]   step 17930
[ 20%]   step 17931
[ 20%]   step 17932
[ 20%]   step 17933
[ 20%]   step 17934
[ 20%]   step 17935
[ 20%]   step 17936
[ 20%]   step 17937
[ 20%]   step 17938
[ 20%]   step 17939
[ 20%]   step 17940
[ 20%]   step 17941
[ 20%]   step 17942
[ 20%]   step 17943
[ 20%]   step 17944
[ 20%]   step 17945
[ 20%]   step 17946
[ 20%]   step 17947
[ 20%]   step 17948
[ 20%]   step 17949
[ 20%]   step 17950
[ 20%]   step 17951
[ 20%]   step 17952
[ 20%]   step 17953
[ 20%]   step 17954
[ 20%]   step 17955
[ 20%]   step 17956
[ 20%]   step 17957
[ 20%]   step 17958
[ 20%]   step 17959
[ 20%]   step 17960
[ 20%]   step 17961
[ 20%]   step 17962
[ 20%]   step 17963
[ 20%]   step 17964
[ 20%]   step 17965
[ 20%]   step 17966
[ 20%]   step 17967
[ 20%]   step 17968
[ 20%]   step 17969
[ 20%]   step 17970
[ 20%]   step 17971
[ 20%]   step 17972
[ 20%]   step 17973
[ 20%]   step 17974
[ 20%]   step 17975
[ 20%]   step 17976
+SWASH is processing output request    1
+SWASH is processing output request    2
[ 20%]   step 17977
[ 20%]   step 17978
[ 20%]   step 17979
[ 20%]   step 17980
[ 20%]   step 17981
[ 20%]   step 17982
[ 20%]   step 17983
[ 20%]   step 17984
[ 20%]   step 17985
[ 20%]   step 17986
[ 20%]   step 17987
[ 20%]   step 17988
[ 20%]   step 17989
[ 20%]   step 17990
[ 20%]   step 17991
[ 20%]   step 17992
[ 20%]   step 17993
[ 20%]   step 17994
[ 20%]   step 17995
[ 20%]   step 17996
[ 20%]   step 17997
[ 20%]   step 17998
[ 20%]   step 17999
[ 20%]   step 18000
[ 20%]   step 18001
[ 20%]   step 18002
[ 20%]   step 18003
[ 20%]   step 18004
[ 20%]   step 18005
[ 20%]   step 18006
[ 20%]   step 18007
[ 20%]   step 18008
[ 20%]   step 18009
[ 20%]   step 18010
[ 20%]   step 18011
[ 20%]   step 18012
[ 20%]   step 18013
[ 20%]   step 18014
[ 20%]   step 18015
[ 20%]   step 18016
[ 20%]   step 18017
[ 20%]   step 18018
[ 20%]   step 18019
[ 20%]   step 18020
[ 20%]   step 18021
[ 20%]   step 18022
[ 20%]   step 18023
[ 20%]   step 18024
[ 20%]   step 18025
[ 20%]   step 18026
[ 20%]   step 18027
[ 20%]   step 18028
[ 20%]   step 18029
[ 20%]   step 18030
[ 20%]   step 18031
[ 20%]   step 18032
[ 20%]   step 18033
[ 20%]   step 18034
[ 20%]   step 18035
[ 20%]   step 18036
[ 20%]   step 18037
[ 20%]   step 18038
[ 20%]   step 18039
[ 20%]   step 18040
[ 20%]   step 18041
[ 20%]   step 18042
[ 20%]   step 18043
[ 20%]   step 18044
[ 20%]   step 18045
[ 20%]   step 18046
[ 20%]   step 18047
[ 20%]   step 18048
[ 20%]   step 18049
[ 20%]   step 18050
[ 20%]   step 18051
[ 20%]   step 18052
[ 20%]   step 18053
[ 20%]   step 18054
[ 20%]   step 18055
[ 20%]   step 18056
[ 20%]   step 18057
[ 20%]   step 18058
[ 20%]   step 18059
[ 20%]   step 18060
[ 20%]   step 18061
[ 20%]   step 18062
[ 20%]   step 18063
[ 20%]   step 18064
[ 20%]   step 18065
[ 20%]   step 18066
[ 20%]   step 18067
[ 20%]   step 18068
[ 20%]   step 18069
[ 20%]   step 18070
[ 20%]   step 18071
[ 20%]   step 18072
[ 20%]   step 18073
[ 20%]   step 18074
[ 20%]   step 18075
[ 20%]   step 18076
[ 20%]   step 18077
[ 20%]   step 18078
[ 20%]   step 18079
[ 20%]   step 18080
[ 20%]   step 18081
[ 20%]   step 18082
[ 20%]   step 18083
[ 20%]   step 18084
[ 20%]   step 18085
[ 20%]   step 18086
[ 20%]   step 18087
[ 20%]   step 18088
[ 20%]   step 18089
[ 20%]   step 18090
+SWASH is processing output request    1
+SWASH is processing output request    2
[ 20%]   step 18091
[ 20%]   step 18092
[ 20%]   step 18093
[ 20%]   step 18094
[ 20%]   step 18095
[ 20%]   step 18096
[ 20%]   step 18097
[ 20%]   step 18098
[ 20%]   step 18099
[ 20%]   step 18100
[ 20%]   step 18101
[ 20%]   step 18102
[ 20%]   step 18103
[ 20%]   step 18104
[ 20%]   step 18105
[ 20%]   step 18106
[ 20%]   step 18107
[ 20%]   step 18108
[ 20%]   step 18109
[ 20%]   step 18110
[ 20%]   step 18111
[ 20%]   step 18112
[ 20%]   step 18113
[ 20%]   step 18114
[ 20%]   step 18115
[ 20%]   step 18116
[ 20%]   step 18117
[ 20%]   step 18118
[ 20%]   step 18119
[ 20%]   step 18120
[ 20%]   step 18121
[ 20%]   step 18122
[ 20%]   step 18123
[ 20%]   step 18124
[ 20%]   step 18125
[ 20%]   step 18126
[ 20%]   step 18127
[ 20%]   step 18128
[ 20%]   step 18129
[ 20%]   step 18130
[ 20%]   step 18131
[ 20%]   step 18132
[ 20%]   step 18133
[ 20%]   step 18134
[ 20%]   step 18135
[ 20%]   step 18136
[ 20%]   step 18137
[ 20%]   step 18138
[ 20%]   step 18139
[ 20%]   step 18140
[ 20%]   step 18141
[ 20%]   step 18142
[ 20%]   step 18143
[ 20%]   step 18144
[ 20%]   step 18145
[ 20%]   step 18146
[ 20%]   step 18147
[ 20%]   step 18148
[ 20%]   step 18149
[ 20%]   step 18150
[ 20%]   step 18151
[ 20%]   step 18152
[ 20%]   step 18153
[ 20%]   step 18154
[ 20%]   step 18155
[ 20%]   step 18156
[ 20%]   step 18157
[ 20%]   step 18158
[ 20%]   step 18159
[ 20%]   step 18160
[ 20%]   step 18161
[ 20%]   step 18162
[ 20%]   step 18163
[ 20%]   step 18164
[ 20%]   step 18165
[ 20%]   step 18166
[ 20%]   step 18167
[ 20%]   step 18168
[ 20%]   step 18169
[ 20%]   step 18170
[ 20%]   step 18171
[ 20%]   step 18172
[ 20%]   step 18173
[ 20%]   step 18174
[ 20%]   step 18175
[ 20%]   step 18176
[ 20%]   step 18177
[ 20%]   step 18178
[ 20%]   step 18179
[ 20%]   step 18180
[ 20%]   step 18181
[ 20%]   step 18182
[ 20%]   step 18183
[ 20%]   step 18184
[ 20%]   step 18185
[ 20%]   step 18186
[ 20%]   step 18187
[ 20%]   step 18188
[ 20%]   step 18189
[ 20%]   step 18190
[ 20%]   step 18191
[ 20%]   step 18192
[ 20%]   step 18193
[ 20%]   step 18194
[ 20%]   step 18195
[ 20%]   step 18196
[ 20%]   step 18197
[ 20%]   step 18198
[ 20%]   step 18199
[ 20%]   step 18200
[ 20%]   step 18201
[ 20%]   step 18202
[ 20%]   step 18203
[ 20%]   step 18204
[ 20%]   step 18205
+SWASH is processing output request    1
+SWASH is processing output request    2
[ 20%]   step 18206
[ 20%]   step 18207
[ 20%]   step 18208
[ 20%]   step 18209
[ 20%]   step 18210
[ 20%]   step 18211
[ 20%]   step 18212
[ 20%]   step 18213
[ 20%]   step 18214
[ 20%]   step 18215
[ 20%]   step 18216
[ 20%]   step 18217
[ 20%]   step 18218
[ 20%]   step 18219
[ 20%]   step 18220
[ 20%]   step 18221
[ 20%]   step 18222
[ 20%]   step 18223
[ 20%]   step 18224
[ 20%]   step 18225
[ 20%]   step 18226
[ 20%]   step 18227
[ 20%]   step 18228
[ 20%]   step 18229
[ 20%]   step 18230
[ 20%]   step 18231
[ 20%]   step 18232
[ 20%]   step 18233
[ 20%]   step 18234
[ 20%]   step 18235
[ 20%]   step 18236
[ 20%]   step 18237
[ 20%]   step 18238
[ 20%]   step 18239
[ 20%]   step 18240
[ 20%]   step 18241
[ 20%]   step 18242
[ 20%]   step 18243
[ 20%]   step 18244
[ 20%]   step 18245
[ 20%]   step 18246
[ 20%]   step 18247
[ 20%]   step 18248
[ 20%]   step 18249
[ 20%]   step 18250
[ 20%]   step 18251
[ 20%]   step 18252
[ 20%]   step 18253
[ 20%]   step 18254
[ 20%]   step 18255
[ 20%]   step 18256
[ 20%]   step 18257
[ 20%]   step 18258
[ 20%]   step 18259
[ 20%]   step 18260
[ 20%]   step 18261
[ 20%]   step 18262
[ 20%]   step 18263
[ 20%]   step 18264
[ 20%]   step 18265
[ 20%]   step 18266
[ 20%]   step 18267
[ 20%]   step 18268
[ 20%]   step 18269
[ 20%]   step 18270
[ 20%]   step 18271
[ 20%]   step 18272
[ 20%]   step 18273
[ 20%]   step 18274
[ 20%]   step 18275
[ 20%]   step 18276
[ 20%]   step 18277
[ 20%]   step 18278
[ 20%]   step 18279
[ 20%]   step 18280
[ 20%]   step 18281
[ 20%]   step 18282
[ 20%]   step 18283
[ 20%]   step 18284
[ 20%]   step 18285
[ 20%]   step 18286
[ 20%]   step 18287
[ 20%]   step 18288
[ 20%]   step 18289
[ 20%]   step 18290
[ 20%]   step 18291
[ 20%]   step 18292
[ 20%]   step 18293
[ 20%]   step 18294
[ 20%]   step 18295
[ 20%]   step 18296
[ 20%]   step 18297
[ 20%]   step 18298
[ 20%]   step 18299
[ 20%]   step 18300
[ 20%]   step 18301
[ 20%]   step 18302
[ 20%]   step 18303
[ 20%]   step 18304
[ 20%]   step 18305
[ 20%]   step 18306
[ 20%]   step 18307
[ 21%]   step 18308
[ 21%]   step 18309
[ 21%]   step 18310
[ 21%]   step 18311
[ 21%]   step 18312
[ 21%]   step 18313
[ 21%]   step 18314
[ 21%]   step 18315
[ 21%]   step 18316
[ 21%]   step 18317
[ 21%]   step 18318
[ 21%]   step 18319
+SWASH is processing output request    1
+SWASH is processing output request    2
[ 21%]   step 18320
[ 21%]   step 18321
[ 21%]   step 18322
[ 21%]   step 18323
[ 21%]   step 18324
[ 21%]   step 18325
[ 21%]   step 18326
[ 21%]   step 18327
[ 21%]   step 18328
[ 21%]   step 18329
[ 21%]   step 18330
[ 21%]   step 18331
[ 21%]   step 18332
[ 21%]   step 18333
[ 21%]   step 18334
[ 21%]   step 18335
[ 21%]   step 18336
[ 21%]   step 18337
[ 21%]   step 18338
[ 21%]   step 18339
[ 21%]   step 18340
[ 21%]   step 18341
[ 21%]   step 18342
[ 21%]   step 18343
[ 21%]   step 18344
[ 21%]   step 18345
[ 21%]   step 18346
[ 21%]   step 18347
[ 21%]   step 18348
[ 21%]   step 18349
[ 21%]   step 18350
[ 21%]   step 18351
[ 21%]   step 18352
[ 21%]   step 18353
[ 21%]   step 18354
[ 21%]   step 18355
[ 21%]   step 18356
[ 21%]   step 18357
[ 21%]   step 18358
[ 21%]   step 18359
[ 21%]   step 18360
[ 21%]   step 18361
[ 21%]   step 18362
[ 21%]   step 18363
[ 21%]   step 18364
[ 21%]   step 18365
[ 21%]   step 18366
[ 21%]   step 18367
[ 21%]   step 18368
[ 21%]   step 18369
[ 21%]   step 18370
[ 21%]   step 18371
[ 21%]   step 18372
[ 21%]   step 18373
[ 21%]   step 18374
[ 21%]   step 18375
[ 21%]   step 18376
[ 21%]   step 18377
[ 21%]   step 18378
[ 21%]   step 18379
[ 21%]   step 18380
[ 21%]   step 18381
[ 21%]   step 18382
[ 21%]   step 18383
[ 21%]   step 18384
[ 21%]   step 18385
[ 21%]   step 18386
[ 21%]   step 18387
[ 21%]   step 18388
[ 21%]   step 18389
[ 21%]   step 18390
[ 21%]   step 18391
[ 21%]   step 18392
[ 21%]   step 18393
[ 21%]   step 18394
[ 21%]   step 18395
[ 21%]   step 18396
[ 21%]   step 18397
[ 21%]   step 18398
[ 21%]   step 18399
[ 21%]   step 18400
[ 21%]   step 18401
[ 21%]   step 18402
[ 21%]   step 18403
[ 21%]   step 18404
[ 21%]   step 18405
[ 21%]   step 18406
[ 21%]   step 18407
[ 21%]   step 18408
[ 21%]   step 18409
[ 21%]   step 18410
[ 21%]   step 18411
[ 21%]   step 18412
[ 21%]   step 18413
[ 21%]   step 18414
[ 21%]   step 18415
[ 21%]   step 18416
[ 21%]   step 18417
[ 21%]   step 18418
[ 21%]   step 18419
[ 21%]   step 18420
[ 21%]   step 18421
[ 21%]   step 18422
[ 21%]   step 18423
[ 21%]   step 18424
[ 21%]   step 18425
[ 21%]   step 18426
[ 21%]   step 18427
[ 21%]   step 18428
[ 21%]   step 18429
[ 21%]   step 18430
[ 21%]   step 18431
[ 21%]   step 18432
[ 21%]   step 18433
[ 21%]   step 18434
+SWASH is processing output request    1
+SWASH is processing output request    2
[ 21%]   step 18435
[ 21%]   step 18436
[ 21%]   step 18437
[ 21%]   step 18438
[ 21%]   step 18439
[ 21%]   step 18440
[ 21%]   step 18441
[ 21%]   step 18442
[ 21%]   step 18443
[ 21%]   step 18444
[ 21%]   step 18445
[ 21%]   step 18446
[ 21%]   step 18447
[ 21%]   step 18448
[ 21%]   step 18449
[ 21%]   step 18450
[ 21%]   step 18451
[ 21%]   step 18452
[ 21%]   step 18453
[ 21%]   step 18454
[ 21%]   step 18455
[ 21%]   step 18456
[ 21%]   step 18457
[ 21%]   step 18458
[ 21%]   step 18459
[ 21%]   step 18460
[ 21%]   step 18461
[ 21%]   step 18462
[ 21%]   step 18463
[ 21%]   step 18464
[ 21%]   step 18465
[ 21%]   step 18466
[ 21%]   step 18467
[ 21%]   step 18468
[ 21%]   step 18469
[ 21%]   step 18470
[ 21%]   step 18471
[ 21%]   step 18472
[ 21%]   step 18473
[ 21%]   step 18474
[ 21%]   step 18475
[ 21%]   step 18476
[ 21%]   step 18477
[ 21%]   step 18478
[ 21%]   step 18479
[ 21%]   step 18480
[ 21%]   step 18481
[ 21%]   step 18482
[ 21%]   step 18483
[ 21%]   step 18484
[ 21%]   step 18485
[ 21%]   step 18486
[ 21%]   step 18487
[ 21%]   step 18488
[ 21%]   step 18489
[ 21%]   step 18490
[ 21%]   step 18491
[ 21%]   step 18492
[ 21%]   step 18493
[ 21%]   step 18494
[ 21%]   step 18495
[ 21%]   step 18496
[ 21%]   step 18497
[ 21%]   step 18498
[ 21%]   step 18499
[ 21%]   step 18500
[ 21%]   step 18501
[ 21%]   step 18502
[ 21%]   step 18503
[ 21%]   step 18504
[ 21%]   step 18505
[ 21%]   step 18506
[ 21%]   step 18507
[ 21%]   step 18508
[ 21%]   step 18509
[ 21%]   step 18510
[ 21%]   step 18511
[ 21%]   step 18512
[ 21%]   step 18513
[ 21%]   step 18514
[ 21%]   step 18515
[ 21%]   step 18516
[ 21%]   step 18517
[ 21%]   step 18518
[ 21%]   step 18519
[ 21%]   step 18520
[ 21%]   step 18521
[ 21%]   step 18522
[ 21%]   step 18523
[ 21%]   step 18524
[ 21%]   step 18525
[ 21%]   step 18526
[ 21%]   step 18527
[ 21%]   step 18528
[ 21%]   step 18529
[ 21%]   step 18530
[ 21%]   step 18531
[ 21%]   step 18532
[ 21%]   step 18533
[ 21%]   step 18534
[ 21%]   step 18535
[ 21%]   step 18536
[ 21%]   step 18537
[ 21%]   step 18538
[ 21%]   step 18539
[ 21%]   step 18540
[ 21%]   step 18541
[ 21%]   step 18542
[ 21%]   step 18543
[ 21%]   step 18544
[ 21%]   step 18545
[ 21%]   step 18546
[ 21%]   step 18547
[ 21%]   step 18548
+SWASH is processing output request    1
+SWASH is processing output request    2
[ 21%]   step 18549
[ 21%]   step 18550
[ 21%]   step 18551
[ 21%]   step 18552
[ 21%]   step 18553
[ 21%]   step 18554
[ 21%]   step 18555
[ 21%]   step 18556
[ 21%]   step 18557
[ 21%]   step 18558
[ 21%]   step 18559
[ 21%]   step 18560
[ 21%]   step 18561
[ 21%]   step 18562
[ 21%]   step 18563
[ 21%]   step 18564
[ 21%]   step 18565
[ 21%]   step 18566
[ 21%]   step 18567
[ 21%]   step 18568
[ 21%]   step 18569
[ 21%]   step 18570
[ 21%]   step 18571
[ 21%]   step 18572
[ 21%]   step 18573
[ 21%]   step 18574
[ 21%]   step 18575
[ 21%]   step 18576
[ 21%]   step 18577
[ 21%]   step 18578
[ 21%]   step 18579
[ 21%]   step 18580
[ 21%]   step 18581
[ 21%]   step 18582
[ 21%]   step 18583
[ 21%]   step 18584
[ 21%]   step 18585
[ 21%]   step 18586
[ 21%]   step 18587
[ 21%]   step 18588
[ 21%]   step 18589
[ 21%]   step 18590
[ 21%]   step 18591
[ 21%]   step 18592
[ 21%]   step 18593
[ 21%]   step 18594
[ 21%]   step 18595
[ 21%]   step 18596
[ 21%]   step 18597
[ 21%]   step 18598
[ 21%]   step 18599
[ 21%]   step 18600
[ 21%]   step 18601
[ 21%]   step 18602
[ 21%]   step 18603
[ 21%]   step 18604
[ 21%]   step 18605
[ 21%]   step 18606
[ 21%]   step 18607
[ 21%]   step 18608
[ 21%]   step 18609
[ 21%]   step 18610
[ 21%]   step 18611
[ 21%]   step 18612
[ 21%]   step 18613
[ 21%]   step 18614
[ 21%]   step 18615
[ 21%]   step 18616
[ 21%]   step 18617
[ 21%]   step 18618
[ 21%]   step 18619
[ 21%]   step 18620
[ 21%]   step 18621
[ 21%]   step 18622
[ 21%]   step 18623
[ 21%]   step 18624
[ 21%]   step 18625
[ 21%]   step 18626
[ 21%]   step 18627
[ 21%]   step 18628
[ 21%]   step 18629
[ 21%]   step 18630
[ 21%]   step 18631
[ 21%]   step 18632
[ 21%]   step 18633
[ 21%]   step 18634
[ 21%]   step 18635
[ 21%]   step 18636
[ 21%]   step 18637
[ 21%]   step 18638
[ 21%]   step 18639
[ 21%]   step 18640
[ 21%]   step 18641
[ 21%]   step 18642
[ 21%]   step 18643
[ 21%]   step 18644
[ 21%]   step 18645
[ 21%]   step 18646
[ 21%]   step 18647
[ 21%]   step 18648
[ 21%]   step 18649
[ 21%]   step 18650
[ 21%]   step 18651
[ 21%]   step 18652
[ 21%]   step 18653
[ 21%]   step 18654
[ 21%]   step 18655
[ 21%]   step 18656
[ 21%]   step 18657
[ 21%]   step 18658
[ 21%]   step 18659
[ 21%]   step 18660
[ 21%]   step 18661
[ 21%]   step 18662
[ 21%]   step 18663
+SWASH is processing output request    1
+SWASH is processing output request    2
[ 21%]   step 18664
[ 21%]   step 18665
[ 21%]   step 18666
[ 21%]   step 18667
[ 21%]   step 18668
[ 21%]   step 18669
[ 21%]   step 18670
[ 21%]   step 18671
[ 21%]   step 18672
[ 21%]   step 18673
[ 21%]   step 18674
[ 21%]   step 18675
[ 21%]   step 18676
[ 21%]   step 18677
[ 21%]   step 18678
[ 21%]   step 18679
[ 21%]   step 18680
[ 21%]   step 18681
[ 21%]   step 18682
[ 21%]   step 18683
[ 21%]   step 18684
[ 21%]   step 18685
[ 21%]   step 18686
[ 21%]   step 18687
[ 21%]   step 18688
[ 21%]   step 18689
[ 21%]   step 18690
[ 21%]   step 18691
[ 21%]   step 18692
[ 21%]   step 18693
[ 21%]   step 18694
[ 21%]   step 18695
[ 21%]   step 18696
[ 21%]   step 18697
[ 21%]   step 18698
[ 21%]   step 18699
[ 21%]   step 18700
[ 21%]   step 18701
[ 21%]   step 18702
[ 21%]   step 18703
[ 21%]   step 18704
[ 21%]   step 18705
[ 21%]   step 18706
[ 21%]   step 18707
[ 21%]   step 18708
[ 21%]   step 18709
[ 21%]   step 18710
[ 21%]   step 18711
[ 21%]   step 18712
[ 21%]   step 18713
[ 21%]   step 18714
[ 21%]   step 18715
[ 21%]   step 18716
[ 21%]   step 18717
[ 21%]   step 18718
[ 21%]   step 18719
[ 21%]   step 18720
[ 21%]   step 18721
[ 21%]   step 18722
[ 21%]   step 18723
[ 21%]   step 18724
[ 21%]   step 18725
[ 21%]   step 18726
[ 21%]   step 18727
[ 21%]   step 18728
[ 21%]   step 18729
[ 21%]   step 18730
[ 21%]   step 18731
[ 21%]   step 18732
[ 21%]   step 18733
[ 21%]   step 18734
[ 21%]   step 18735
[ 21%]   step 18736
[ 21%]   step 18737
[ 21%]   step 18738
[ 21%]   step 18739
[ 21%]   step 18740
[ 21%]   step 18741
[ 21%]   step 18742
[ 21%]   step 18743
[ 21%]   step 18744
[ 21%]   step 18745
[ 21%]   step 18746
[ 21%]   step 18747
[ 21%]   step 18748
[ 21%]   step 18749
[ 21%]   step 18750
[ 21%]   step 18751
[ 21%]   step 18752
[ 21%]   step 18753
[ 21%]   step 18754
[ 21%]   step 18755
[ 21%]   step 18756
[ 21%]   step 18757
[ 21%]   step 18758
[ 21%]   step 18759
[ 21%]   step 18760
[ 21%]   step 18761
[ 21%]   step 18762
[ 21%]   step 18763
[ 21%]   step 18764
[ 21%]   step 18765
[ 21%]   step 18766
[ 21%]   step 18767
[ 21%]   step 18768
[ 21%]   step 18769
[ 21%]   step 18770
[ 21%]   step 18771
[ 21%]   step 18772
[ 21%]   step 18773
[ 21%]   step 18774
[ 21%]   step 18775
[ 21%]   step 18776
[ 21%]   step 18777
+SWASH is processing output request    1
+SWASH is processing output request    2
[ 21%]   step 18778
[ 21%]   step 18779
[ 21%]   step 18780
[ 21%]   step 18781
[ 21%]   step 18782
[ 21%]   step 18783
[ 21%]   step 18784
[ 21%]   step 18785
[ 21%]   step 18786
[ 21%]   step 18787
[ 21%]   step 18788
[ 21%]   step 18789
[ 21%]   step 18790
[ 21%]   step 18791
[ 21%]   step 18792
[ 21%]   step 18793
[ 21%]   step 18794
[ 21%]   step 18795
[ 21%]   step 18796
[ 21%]   step 18797
[ 21%]   step 18798
[ 21%]   step 18799
[ 21%]   step 18800
[ 21%]   step 18801
[ 21%]   step 18802
[ 21%]   step 18803
[ 21%]   step 18804
[ 21%]   step 18805
[ 21%]   step 18806
[ 21%]   step 18807
[ 21%]   step 18808
[ 21%]   step 18809
[ 21%]   step 18810
[ 21%]   step 18811
[ 21%]   step 18812
[ 21%]   step 18813
[ 21%]   step 18814
[ 21%]   step 18815
[ 21%]   step 18816
[ 21%]   step 18817
[ 21%]   step 18818
[ 21%]   step 18819
[ 21%]   step 18820
[ 21%]   step 18821
[ 21%]   step 18822
[ 21%]   step 18823
[ 21%]   step 18824
[ 21%]   step 18825
[ 21%]   step 18826
[ 21%]   step 18827
[ 21%]   step 18828
[ 21%]   step 18829
[ 21%]   step 18830
[ 21%]   step 18831
[ 21%]   step 18832
[ 21%]   step 18833
[ 21%]   step 18834
[ 21%]   step 18835
[ 21%]   step 18836
[ 21%]   step 18837
[ 21%]   step 18838
[ 21%]   step 18839
[ 21%]   step 18840
[ 21%]   step 18841
[ 21%]   step 18842
[ 21%]   step 18843
[ 21%]   step 18844
[ 21%]   step 18845
[ 21%]   step 18846
[ 21%]   step 18847
[ 21%]   step 18848
[ 21%]   step 18849
[ 21%]   step 18850
[ 21%]   step 18851
[ 21%]   step 18852
[ 21%]   step 18853
[ 21%]   step 18854
[ 21%]   step 18855
[ 21%]   step 18856
[ 21%]   step 18857
[ 21%]   step 18858
[ 21%]   step 18859
[ 21%]   step 18860
[ 21%]   step 18861
[ 21%]   step 18862
[ 21%]   step 18863
[ 21%]   step 18864
[ 21%]   step 18865
[ 21%]   step 18866
[ 21%]   step 18867
[ 21%]   step 18868
[ 21%]   step 18869
[ 21%]   step 18870
[ 21%]   step 18871
[ 21%]   step 18872
[ 21%]   step 18873
[ 21%]   step 18874
[ 21%]   step 18875
[ 21%]   step 18876
[ 21%]   step 18877
[ 21%]   step 18878
[ 21%]   step 18879
[ 21%]   step 18880
[ 21%]   step 18881
[ 21%]   step 18882
[ 21%]   step 18883
[ 21%]   step 18884
[ 21%]   step 18885
[ 21%]   step 18886
[ 21%]   step 18887
[ 21%]   step 18888
[ 21%]   step 18889
[ 21%]   step 18890
[ 21%]   step 18891
[ 21%]   step 18892
+SWASH is processing output request    1
+SWASH is processing output request    2
[ 21%]   step 18893
[ 21%]   step 18894
[ 21%]   step 18895
[ 21%]   step 18896
[ 21%]   step 18897
[ 21%]   step 18898
[ 21%]   step 18899
[ 21%]   step 18900
[ 21%]   step 18901
[ 21%]   step 18902
[ 21%]   step 18903
[ 21%]   step 18904
[ 21%]   step 18905
[ 21%]   step 18906
[ 21%]   step 18907
[ 21%]   step 18908
[ 21%]   step 18909
[ 21%]   step 18910
[ 21%]   step 18911
[ 21%]   step 18912
[ 21%]   step 18913
[ 21%]   step 18914
[ 21%]   step 18915
[ 21%]   step 18916
[ 21%]   step 18917
[ 21%]   step 18918
[ 21%]   step 18919
[ 21%]   step 18920
[ 21%]   step 18921
[ 21%]   step 18922
[ 21%]   step 18923
[ 21%]   step 18924
[ 21%]   step 18925
[ 21%]   step 18926
[ 21%]   step 18927
[ 21%]   step 18928
[ 21%]   step 18929
[ 21%]   step 18930
[ 21%]   step 18931
[ 21%]   step 18932
[ 21%]   step 18933
[ 21%]   step 18934
[ 21%]   step 18935
[ 21%]   step 18936
[ 21%]   step 18937
[ 21%]   step 18938
[ 21%]   step 18939
[ 21%]   step 18940
[ 21%]   step 18941
[ 21%]   step 18942
[ 21%]   step 18943
[ 21%]   step 18944
[ 21%]   step 18945
[ 21%]   step 18946
[ 21%]   step 18947
[ 21%]   step 18948
[ 21%]   step 18949
[ 21%]   step 18950
[ 21%]   step 18951
[ 21%]   step 18952
[ 21%]   step 18953
[ 21%]   step 18954
[ 21%]   step 18955
[ 21%]   step 18956
[ 21%]   step 18957
[ 21%]   step 18958
[ 21%]   step 18959
[ 21%]   step 18960
[ 21%]   step 18961
[ 21%]   step 18962
[ 21%]   step 18963
[ 21%]   step 18964
[ 21%]   step 18965
[ 21%]   step 18966
[ 21%]   step 18967
[ 21%]   step 18968
[ 21%]   step 18969
[ 21%]   step 18970
[ 21%]   step 18971
[ 21%]   step 18972
[ 21%]   step 18973
[ 21%]   step 18974
[ 21%]   step 18975
[ 21%]   step 18976
[ 21%]   step 18977
[ 21%]   step 18978
[ 21%]   step 18979
[ 21%]   step 18980
[ 21%]   step 18981
[ 21%]   step 18982
[ 21%]   step 18983
[ 21%]   step 18984
[ 21%]   step 18985
[ 21%]   step 18986
[ 21%]   step 18987
[ 21%]   step 18988
[ 21%]   step 18989
[ 21%]   step 18990
[ 21%]   step 18991
[ 21%]   step 18992
[ 21%]   step 18993
[ 21%]   step 18994
[ 21%]   step 18995
[ 21%]   step 18996
[ 21%]   step 18997
[ 21%]   step 18998
[ 21%]   step 18999
[ 21%]   step 19000
[ 21%]   step 19001
[ 21%]   step 19002
[ 21%]   step 19003
[ 21%]   step 19004
[ 21%]   step 19005
[ 21%]   step 19006
+SWASH is processing output request    1
+SWASH is processing output request    2
[ 21%]   step 19007
[ 21%]   step 19008
[ 21%]   step 19009
[ 21%]   step 19010
[ 21%]   step 19011
[ 21%]   step 19012
[ 21%]   step 19013
[ 21%]   step 19014
[ 21%]   step 19015
[ 21%]   step 19016
[ 21%]   step 19017
[ 21%]   step 19018
[ 21%]   step 19019
[ 21%]   step 19020
[ 21%]   step 19021
[ 21%]   step 19022
[ 21%]   step 19023
[ 21%]   step 19024
[ 21%]   step 19025
[ 21%]   step 19026
[ 21%]   step 19027
[ 21%]   step 19028
[ 21%]   step 19029
[ 21%]   step 19030
[ 21%]   step 19031
[ 21%]   step 19032
[ 21%]   step 19033
[ 21%]   step 19034
[ 21%]   step 19035
[ 21%]   step 19036
[ 21%]   step 19037
[ 21%]   step 19038
[ 21%]   step 19039
[ 21%]   step 19040
[ 21%]   step 19041
[ 21%]   step 19042
[ 21%]   step 19043
[ 21%]   step 19044
[ 21%]   step 19045
[ 21%]   step 19046
[ 21%]   step 19047
[ 21%]   step 19048
[ 21%]   step 19049
[ 21%]   step 19050
[ 21%]   step 19051
[ 21%]   step 19052
[ 21%]   step 19053
[ 21%]   step 19054
[ 21%]   step 19055
[ 21%]   step 19056
[ 21%]   step 19057
[ 21%]   step 19058
[ 21%]   step 19059
[ 21%]   step 19060
[ 21%]   step 19061
[ 21%]   step 19062
[ 21%]   step 19063
[ 21%]   step 19064
[ 21%]   step 19065
[ 21%]   step 19066
[ 21%]   step 19067
[ 21%]   step 19068
[ 21%]   step 19069
[ 21%]   step 19070
[ 21%]   step 19071
[ 21%]   step 19072
[ 21%]   step 19073
[ 21%]   step 19074
[ 21%]   step 19075
[ 21%]   step 19076
[ 21%]   step 19077
[ 21%]   step 19078
[ 21%]   step 19079
[ 21%]   step 19080
[ 21%]   step 19081
[ 21%]   step 19082
[ 21%]   step 19083
[ 21%]   step 19084
[ 21%]   step 19085
[ 21%]   step 19086
[ 21%]   step 19087
[ 21%]   step 19088
[ 21%]   step 19089
[ 21%]   step 19090
[ 21%]   step 19091
[ 21%]   step 19092
[ 21%]   step 19093
[ 21%]   step 19094
[ 21%]   step 19095
[ 21%]   step 19096
[ 21%]   step 19097
[ 21%]   step 19098
[ 21%]   step 19099
[ 21%]   step 19100
[ 21%]   step 19101
[ 21%]   step 19102
[ 21%]   step 19103
[ 21%]   step 19104
[ 21%]   step 19105
[ 21%]   step 19106
[ 21%]   step 19107
[ 21%]   step 19108
[ 21%]   step 19109
[ 21%]   step 19110
[ 21%]   step 19111
[ 21%]   step 19112
[ 21%]   step 19113
[ 21%]   step 19114
[ 21%]   step 19115
[ 21%]   step 19116
[ 21%]   step 19117
[ 21%]   step 19118
[ 21%]   step 19119
[ 21%]   step 19120
[ 21%]   step 19121
+SWASH is processing output request    1
+SWASH is processing output request    2
[ 21%]   step 19122
[ 21%]   step 19123
[ 21%]   step 19124
[ 21%]   step 19125
[ 21%]   step 19126
[ 21%]   step 19127
[ 21%]   step 19128
[ 21%]   step 19129
[ 21%]   step 19130
[ 21%]   step 19131
[ 21%]   step 19132
[ 21%]   step 19133
[ 21%]   step 19134
[ 21%]   step 19135
[ 21%]   step 19136
[ 21%]   step 19137
[ 21%]   step 19138
[ 21%]   step 19139
[ 21%]   step 19140
[ 21%]   step 19141
[ 21%]   step 19142
[ 21%]   step 19143
[ 21%]   step 19144
[ 21%]   step 19145
[ 21%]   step 19146
[ 21%]   step 19147
[ 21%]   step 19148
[ 21%]   step 19149
[ 21%]   step 19150
[ 21%]   step 19151
[ 21%]   step 19152
[ 21%]   step 19153
[ 21%]   step 19154
[ 21%]   step 19155
[ 21%]   step 19156
[ 21%]   step 19157
[ 21%]   step 19158
[ 21%]   step 19159
[ 21%]   step 19160
[ 21%]   step 19161
[ 21%]   step 19162
[ 21%]   step 19163
[ 21%]   step 19164
[ 21%]   step 19165
[ 21%]   step 19166
[ 21%]   step 19167
[ 21%]   step 19168
[ 21%]   step 19169
[ 21%]   step 19170
[ 21%]   step 19171
[ 21%]   step 19172
[ 21%]   step 19173
[ 21%]   step 19174
[ 21%]   step 19175
[ 21%]   step 19176
[ 21%]   step 19177
[ 21%]   step 19178
[ 21%]   step 19179
[ 21%]   step 19180
[ 21%]   step 19181
[ 21%]   step 19182
[ 21%]   step 19183
[ 21%]   step 19184
[ 21%]   step 19185
[ 21%]   step 19186
[ 21%]   step 19187
[ 21%]   step 19188
[ 21%]   step 19189
[ 21%]   step 19190
[ 21%]   step 19191
[ 21%]   step 19192
[ 21%]   step 19193
[ 21%]   step 19194
[ 21%]   step 19195
[ 21%]   step 19196
[ 21%]   step 19197
[ 21%]   step 19198
[ 21%]   step 19199
[ 21%]   step 19200
[ 22%]   step 19201
[ 22%]   step 19202
[ 22%]   step 19203
[ 22%]   step 19204
[ 22%]   step 19205
[ 22%]   step 19206
[ 22%]   step 19207
[ 22%]   step 19208
[ 22%]   step 19209
[ 22%]   step 19210
[ 22%]   step 19211
[ 22%]   step 19212
[ 22%]   step 19213
[ 22%]   step 19214
[ 22%]   step 19215
[ 22%]   step 19216
[ 22%]   step 19217
[ 22%]   step 19218
[ 22%]   step 19219
[ 22%]   step 19220
[ 22%]   step 19221
[ 22%]   step 19222
[ 22%]   step 19223
[ 22%]   step 19224
[ 22%]   step 19225
[ 22%]   step 19226
[ 22%]   step 19227
[ 22%]   step 19228
[ 22%]   step 19229
[ 22%]   step 19230
[ 22%]   step 19231
[ 22%]   step 19232
[ 22%]   step 19233
[ 22%]   step 19234
[ 22%]   step 19235
+SWASH is processing output request    1
+SWASH is processing output request    2
[ 22%]   step 19236
[ 22%]   step 19237
[ 22%]   step 19238
[ 22%]   step 19239
[ 22%]   step 19240
[ 22%]   step 19241
[ 22%]   step 19242
[ 22%]   step 19243
[ 22%]   step 19244
[ 22%]   step 19245
[ 22%]   step 19246
[ 22%]   step 19247
[ 22%]   step 19248
[ 22%]   step 19249
[ 22%]   step 19250
[ 22%]   step 19251
[ 22%]   step 19252
[ 22%]   step 19253
[ 22%]   step 19254
[ 22%]   step 19255
[ 22%]   step 19256
[ 22%]   step 19257
[ 22%]   step 19258
[ 22%]   step 19259
[ 22%]   step 19260
[ 22%]   step 19261
[ 22%]   step 19262
[ 22%]   step 19263
[ 22%]   step 19264
[ 22%]   step 19265
[ 22%]   step 19266
[ 22%]   step 19267
[ 22%]   step 19268
[ 22%]   step 19269
[ 22%]   step 19270
[ 22%]   step 19271
[ 22%]   step 19272
[ 22%]   step 19273
[ 22%]   step 19274
[ 22%]   step 19275
[ 22%]   step 19276
[ 22%]   step 19277
[ 22%]   step 19278
[ 22%]   step 19279
[ 22%]   step 19280
[ 22%]   step 19281
[ 22%]   step 19282
[ 22%]   step 19283
[ 22%]   step 19284
[ 22%]   step 19285
[ 22%]   step 19286
[ 22%]   step 19287
[ 22%]   step 19288
[ 22%]   step 19289
[ 22%]   step 19290
[ 22%]   step 19291
[ 22%]   step 19292
[ 22%]   step 19293
[ 22%]   step 19294
[ 22%]   step 19295
[ 22%]   step 19296
[ 22%]   step 19297
[ 22%]   step 19298
[ 22%]   step 19299
[ 22%]   step 19300
[ 22%]   step 19301
[ 22%]   step 19302
[ 22%]   step 19303
[ 22%]   step 19304
[ 22%]   step 19305
[ 22%]   step 19306
[ 22%]   step 19307
[ 22%]   step 19308
[ 22%]   step 19309
[ 22%]   step 19310
[ 22%]   step 19311
[ 22%]   step 19312
[ 22%]   step 19313
[ 22%]   step 19314
[ 22%]   step 19315
[ 22%]   step 19316
[ 22%]   step 19317
[ 22%]   step 19318
[ 22%]   step 19319
[ 22%]   step 19320
[ 22%]   step 19321
[ 22%]   step 19322
[ 22%]   step 19323
[ 22%]   step 19324
[ 22%]   step 19325
[ 22%]   step 19326
[ 22%]   step 19327
[ 22%]   step 19328
[ 22%]   step 19329
[ 22%]   step 19330
[ 22%]   step 19331
[ 22%]   step 19332
[ 22%]   step 19333
[ 22%]   step 19334
[ 22%]   step 19335
[ 22%]   step 19336
[ 22%]   step 19337
[ 22%]   step 19338
[ 22%]   step 19339
[ 22%]   step 19340
[ 22%]   step 19341
[ 22%]   step 19342
[ 22%]   step 19343
[ 22%]   step 19344
[ 22%]   step 19345
[ 22%]   step 19346
[ 22%]   step 19347
[ 22%]   step 19348
[ 22%]   step 19349
[ 22%]   step 19350
+SWASH is processing output request    1
+SWASH is processing output request    2
[ 22%]   step 19351
[ 22%]   step 19352
[ 22%]   step 19353
[ 22%]   step 19354
[ 22%]   step 19355
[ 22%]   step 19356
[ 22%]   step 19357
[ 22%]   step 19358
[ 22%]   step 19359
[ 22%]   step 19360
[ 22%]   step 19361
[ 22%]   step 19362
[ 22%]   step 19363
[ 22%]   step 19364
[ 22%]   step 19365
[ 22%]   step 19366
[ 22%]   step 19367
[ 22%]   step 19368
[ 22%]   step 19369
[ 22%]   step 19370
[ 22%]   step 19371
[ 22%]   step 19372
[ 22%]   step 19373
[ 22%]   step 19374
[ 22%]   step 19375
[ 22%]   step 19376
[ 22%]   step 19377
[ 22%]   step 19378
[ 22%]   step 19379
[ 22%]   step 19380
[ 22%]   step 19381
[ 22%]   step 19382
[ 22%]   step 19383
[ 22%]   step 19384
[ 22%]   step 19385
[ 22%]   step 19386
[ 22%]   step 19387
[ 22%]   step 19388
[ 22%]   step 19389
[ 22%]   step 19390
[ 22%]   step 19391
[ 22%]   step 19392
[ 22%]   step 19393
[ 22%]   step 19394
[ 22%]   step 19395
[ 22%]   step 19396
[ 22%]   step 19397
[ 22%]   step 19398
[ 22%]   step 19399
[ 22%]   step 19400
[ 22%]   step 19401
[ 22%]   step 19402
[ 22%]   step 19403
[ 22%]   step 19404
[ 22%]   step 19405
[ 22%]   step 19406
[ 22%]   step 19407
[ 22%]   step 19408
[ 22%]   step 19409
[ 22%]   step 19410
[ 22%]   step 19411
[ 22%]   step 19412
[ 22%]   step 19413
[ 22%]   step 19414
[ 22%]   step 19415
[ 22%]   step 19416
[ 22%]   step 19417
[ 22%]   step 19418
[ 22%]   step 19419
[ 22%]   step 19420
[ 22%]   step 19421
[ 22%]   step 19422
[ 22%]   step 19423
[ 22%]   step 19424
[ 22%]   step 19425
[ 22%]   step 19426
[ 22%]   step 19427
[ 22%]   step 19428
[ 22%]   step 19429
[ 22%]   step 19430
[ 22%]   step 19431
[ 22%]   step 19432
[ 22%]   step 19433
[ 22%]   step 19434
[ 22%]   step 19435
[ 22%]   step 19436
[ 22%]   step 19437
[ 22%]   step 19438
[ 22%]   step 19439
[ 22%]   step 19440
[ 22%]   step 19441
[ 22%]   step 19442
[ 22%]   step 19443
[ 22%]   step 19444
[ 22%]   step 19445
[ 22%]   step 19446
[ 22%]   step 19447
[ 22%]   step 19448
[ 22%]   step 19449
[ 22%]   step 19450
[ 22%]   step 19451
[ 22%]   step 19452
[ 22%]   step 19453
[ 22%]   step 19454
[ 22%]   step 19455
[ 22%]   step 19456
[ 22%]   step 19457
[ 22%]   step 19458
[ 22%]   step 19459
[ 22%]   step 19460
[ 22%]   step 19461
[ 22%]   step 19462
[ 22%]   step 19463
[ 22%]   step 19464
+SWASH is processing output request    1
+SWASH is processing output request    2
[ 22%]   step 19465
[ 22%]   step 19466
[ 22%]   step 19467
[ 22%]   step 19468
[ 22%]   step 19469
[ 22%]   step 19470
[ 22%]   step 19471
[ 22%]   step 19472
[ 22%]   step 19473
[ 22%]   step 19474
[ 22%]   step 19475
[ 22%]   step 19476
[ 22%]   step 19477
[ 22%]   step 19478
[ 22%]   step 19479
[ 22%]   step 19480
[ 22%]   step 19481
[ 22%]   step 19482
[ 22%]   step 19483
[ 22%]   step 19484
[ 22%]   step 19485
[ 22%]   step 19486
[ 22%]   step 19487
[ 22%]   step 19488
[ 22%]   step 19489
[ 22%]   step 19490
[ 22%]   step 19491
[ 22%]   step 19492
[ 22%]   step 19493
[ 22%]   step 19494
[ 22%]   step 19495
[ 22%]   step 19496
[ 22%]   step 19497
[ 22%]   step 19498
[ 22%]   step 19499
[ 22%]   step 19500
[ 22%]   step 19501
[ 22%]   step 19502
[ 22%]   step 19503
[ 22%]   step 19504
[ 22%]   step 19505
[ 22%]   step 19506
[ 22%]   step 19507
[ 22%]   step 19508
[ 22%]   step 19509
[ 22%]   step 19510
[ 22%]   step 19511
[ 22%]   step 19512
[ 22%]   step 19513
[ 22%]   step 19514
[ 22%]   step 19515
[ 22%]   step 19516
[ 22%]   step 19517
[ 22%]   step 19518
[ 22%]   step 19519
[ 22%]   step 19520
[ 22%]   step 19521
[ 22%]   step 19522
[ 22%]   step 19523
[ 22%]   step 19524
[ 22%]   step 19525
[ 22%]   step 19526
[ 22%]   step 19527
[ 22%]   step 19528
[ 22%]   step 19529
[ 22%]   step 19530
[ 22%]   step 19531
[ 22%]   step 19532
[ 22%]   step 19533
[ 22%]   step 19534
[ 22%]   step 19535
[ 22%]   step 19536
[ 22%]   step 19537
[ 22%]   step 19538
[ 22%]   step 19539
[ 22%]   step 19540
[ 22%]   step 19541
[ 22%]   step 19542
[ 22%]   step 19543
[ 22%]   step 19544
[ 22%]   step 19545
[ 22%]   step 19546
[ 22%]   step 19547
[ 22%]   step 19548
[ 22%]   step 19549
[ 22%]   step 19550
[ 22%]   step 19551
[ 22%]   step 19552
[ 22%]   step 19553
[ 22%]   step 19554
[ 22%]   step 19555
[ 22%]   step 19556
[ 22%]   step 19557
[ 22%]   step 19558
[ 22%]   step 19559
[ 22%]   step 19560
[ 22%]   step 19561
[ 22%]   step 19562
[ 22%]   step 19563
[ 22%]   step 19564
[ 22%]   step 19565
[ 22%]   step 19566
[ 22%]   step 19567
[ 22%]   step 19568
[ 22%]   step 19569
[ 22%]   step 19570
[ 22%]   step 19571
[ 22%]   step 19572
[ 22%]   step 19573
[ 22%]   step 19574
[ 22%]   step 19575
[ 22%]   step 19576
[ 22%]   step 19577
[ 22%]   step 19578
[ 22%]   step 19579
+SWASH is processing output request    1
+SWASH is processing output request    2
[ 22%]   step 19580
[ 22%]   step 19581
[ 22%]   step 19582
[ 22%]   step 19583
[ 22%]   step 19584
[ 22%]   step 19585
[ 22%]   step 19586
[ 22%]   step 19587
[ 22%]   step 19588
[ 22%]   step 19589
[ 22%]   step 19590
[ 22%]   step 19591
[ 22%]   step 19592
[ 22%]   step 19593
[ 22%]   step 19594
[ 22%]   step 19595
[ 22%]   step 19596
[ 22%]   step 19597
[ 22%]   step 19598
[ 22%]   step 19599
[ 22%]   step 19600
[ 22%]   step 19601
[ 22%]   step 19602
[ 22%]   step 19603
[ 22%]   step 19604
[ 22%]   step 19605
[ 22%]   step 19606
[ 22%]   step 19607
[ 22%]   step 19608
[ 22%]   step 19609
[ 22%]   step 19610
[ 22%]   step 19611
[ 22%]   step 19612
[ 22%]   step 19613
[ 22%]   step 19614
[ 22%]   step 19615
[ 22%]   step 19616
[ 22%]   step 19617
[ 22%]   step 19618
[ 22%]   step 19619
[ 22%]   step 19620
[ 22%]   step 19621
[ 22%]   step 19622
[ 22%]   step 19623
[ 22%]   step 19624
[ 22%]   step 19625
[ 22%]   step 19626
[ 22%]   step 19627
[ 22%]   step 19628
[ 22%]   step 19629
[ 22%]   step 19630
[ 22%]   step 19631
[ 22%]   step 19632
[ 22%]   step 19633
[ 22%]   step 19634
[ 22%]   step 19635
[ 22%]   step 19636
[ 22%]   step 19637
[ 22%]   step 19638
[ 22%]   step 19639
[ 22%]   step 19640
[ 22%]   step 19641
[ 22%]   step 19642
[ 22%]   step 19643
[ 22%]   step 19644
[ 22%]   step 19645
[ 22%]   step 19646
[ 22%]   step 19647
[ 22%]   step 19648
[ 22%]   step 19649
[ 22%]   step 19650
[ 22%]   step 19651
[ 22%]   step 19652
[ 22%]   step 19653
[ 22%]   step 19654
[ 22%]   step 19655
[ 22%]   step 19656
[ 22%]   step 19657
[ 22%]   step 19658
[ 22%]   step 19659
[ 22%]   step 19660
[ 22%]   step 19661
[ 22%]   step 19662
[ 22%]   step 19663
[ 22%]   step 19664
[ 22%]   step 19665
[ 22%]   step 19666
[ 22%]   step 19667
[ 22%]   step 19668
[ 22%]   step 19669
[ 22%]   step 19670
[ 22%]   step 19671
[ 22%]   step 19672
[ 22%]   step 19673
[ 22%]   step 19674
[ 22%]   step 19675
[ 22%]   step 19676
[ 22%]   step 19677
[ 22%]   step 19678
[ 22%]   step 19679
[ 22%]   step 19680
[ 22%]   step 19681
[ 22%]   step 19682
[ 22%]   step 19683
[ 22%]   step 19684
[ 22%]   step 19685
[ 22%]   step 19686
[ 22%]   step 19687
[ 22%]   step 19688
[ 22%]   step 19689
[ 22%]   step 19690
[ 22%]   step 19691
[ 22%]   step 19692
[ 22%]   step 19693
+SWASH is processing output request    1
+SWASH is processing output request    2
[ 22%]   step 19694
[ 22%]   step 19695
[ 22%]   step 19696
[ 22%]   step 19697
[ 22%]   step 19698
[ 22%]   step 19699
[ 22%]   step 19700
[ 22%]   step 19701
[ 22%]   step 19702
[ 22%]   step 19703
[ 22%]   step 19704
[ 22%]   step 19705
[ 22%]   step 19706
[ 22%]   step 19707
[ 22%]   step 19708
[ 22%]   step 19709
[ 22%]   step 19710
[ 22%]   step 19711
[ 22%]   step 19712
[ 22%]   step 19713
[ 22%]   step 19714
[ 22%]   step 19715
[ 22%]   step 19716
[ 22%]   step 19717
[ 22%]   step 19718
[ 22%]   step 19719
[ 22%]   step 19720
[ 22%]   step 19721
[ 22%]   step 19722
[ 22%]   step 19723
[ 22%]   step 19724
[ 22%]   step 19725
[ 22%]   step 19726
[ 22%]   step 19727
[ 22%]   step 19728
[ 22%]   step 19729
[ 22%]   step 19730
[ 22%]   step 19731
[ 22%]   step 19732
[ 22%]   step 19733
[ 22%]   step 19734
[ 22%]   step 19735
[ 22%]   step 19736
[ 22%]   step 19737
[ 22%]   step 19738
[ 22%]   step 19739
[ 22%]   step 19740
[ 22%]   step 19741
[ 22%]   step 19742
[ 22%]   step 19743
[ 22%]   step 19744
[ 22%]   step 19745
[ 22%]   step 19746
[ 22%]   step 19747
[ 22%]   step 19748
[ 22%]   step 19749
[ 22%]   step 19750
[ 22%]   step 19751
[ 22%]   step 19752
[ 22%]   step 19753
[ 22%]   step 19754
[ 22%]   step 19755
[ 22%]   step 19756
[ 22%]   step 19757
[ 22%]   step 19758
[ 22%]   step 19759
[ 22%]   step 19760
[ 22%]   step 19761
[ 22%]   step 19762
[ 22%]   step 19763
[ 22%]   step 19764
[ 22%]   step 19765
[ 22%]   step 19766
[ 22%]   step 19767
[ 22%]   step 19768
[ 22%]   step 19769
[ 22%]   step 19770
[ 22%]   step 19771
[ 22%]   step 19772
[ 22%]   step 19773
[ 22%]   step 19774
[ 22%]   step 19775
[ 22%]   step 19776
[ 22%]   step 19777
[ 22%]   step 19778
[ 22%]   step 19779
[ 22%]   step 19780
[ 22%]   step 19781
[ 22%]   step 19782
[ 22%]   step 19783
[ 22%]   step 19784
[ 22%]   step 19785
[ 22%]   step 19786
[ 22%]   step 19787
[ 22%]   step 19788
[ 22%]   step 19789
[ 22%]   step 19790
[ 22%]   step 19791
[ 22%]   step 19792
[ 22%]   step 19793
[ 22%]   step 19794
[ 22%]   step 19795
[ 22%]   step 19796
[ 22%]   step 19797
[ 22%]   step 19798
[ 22%]   step 19799
[ 22%]   step 19800
[ 22%]   step 19801
[ 22%]   step 19802
[ 22%]   step 19803
[ 22%]   step 19804
[ 22%]   step 19805
[ 22%]   step 19806
[ 22%]   step 19807
[ 22%]   step 19808
+SWASH is processing output request    1
+SWASH is processing output request    2
[ 22%]   step 19809
[ 22%]   step 19810
[ 22%]   step 19811
[ 22%]   step 19812
[ 22%]   step 19813
[ 22%]   step 19814
[ 22%]   step 19815
[ 22%]   step 19816
[ 22%]   step 19817
[ 22%]   step 19818
[ 22%]   step 19819
[ 22%]   step 19820
[ 22%]   step 19821
[ 22%]   step 19822
[ 22%]   step 19823
[ 22%]   step 19824
[ 22%]   step 19825
[ 22%]   step 19826
[ 22%]   step 19827
[ 22%]   step 19828
[ 22%]   step 19829
[ 22%]   step 19830
[ 22%]   step 19831
[ 22%]   step 19832
[ 22%]   step 19833
[ 22%]   step 19834
[ 22%]   step 19835
[ 22%]   step 19836
[ 22%]   step 19837
[ 22%]   step 19838
[ 22%]   step 19839
[ 22%]   step 19840
[ 22%]   step 19841
[ 22%]   step 19842
[ 22%]   step 19843
[ 22%]   step 19844
[ 22%]   step 19845
[ 22%]   step 19846
[ 22%]   step 19847
[ 22%]   step 19848
[ 22%]   step 19849
[ 22%]   step 19850
[ 22%]   step 19851
[ 22%]   step 19852
[ 22%]   step 19853
[ 22%]   step 19854
[ 22%]   step 19855
[ 22%]   step 19856
[ 22%]   step 19857
[ 22%]   step 19858
[ 22%]   step 19859
[ 22%]   step 19860
[ 22%]   step 19861
[ 22%]   step 19862
[ 22%]   step 19863
[ 22%]   step 19864
[ 22%]   step 19865
[ 22%]   step 19866
[ 22%]   step 19867
[ 22%]   step 19868
[ 22%]   step 19869
[ 22%]   step 19870
[ 22%]   step 19871
[ 22%]   step 19872
[ 22%]   step 19873
[ 22%]   step 19874
[ 22%]   step 19875
[ 22%]   step 19876
[ 22%]   step 19877
[ 22%]   step 19878
[ 22%]   step 19879
[ 22%]   step 19880
[ 22%]   step 19881
[ 22%]   step 19882
[ 22%]   step 19883
[ 22%]   step 19884
[ 22%]   step 19885
[ 22%]   step 19886
[ 22%]   step 19887
[ 22%]   step 19888
[ 22%]   step 19889
[ 22%]   step 19890
[ 22%]   step 19891
[ 22%]   step 19892
[ 22%]   step 19893
[ 22%]   step 19894
[ 22%]   step 19895
[ 22%]   step 19896
[ 22%]   step 19897
[ 22%]   step 19898
[ 22%]   step 19899
[ 22%]   step 19900
[ 22%]   step 19901
[ 22%]   step 19902
[ 22%]   step 19903
[ 22%]   step 19904
[ 22%]   step 19905
[ 22%]   step 19906
[ 22%]   step 19907
[ 22%]   step 19908
[ 22%]   step 19909
[ 22%]   step 19910
[ 22%]   step 19911
[ 22%]   step 19912
[ 22%]   step 19913
[ 22%]   step 19914
[ 22%]   step 19915
[ 22%]   step 19916
[ 22%]   step 19917
[ 22%]   step 19918
[ 22%]   step 19919
[ 22%]   step 19920
[ 22%]   step 19921
[ 22%]   step 19922
+SWASH is processing output request    1
+SWASH is processing output request    2
[ 22%]   step 19923
[ 22%]   step 19924
[ 22%]   step 19925
[ 22%]   step 19926
[ 22%]   step 19927
[ 22%]   step 19928
[ 22%]   step 19929
[ 22%]   step 19930
[ 22%]   step 19931
[ 22%]   step 19932
[ 22%]   step 19933
[ 22%]   step 19934
[ 22%]   step 19935
[ 22%]   step 19936
[ 22%]   step 19937
[ 22%]   step 19938
[ 22%]   step 19939
[ 22%]   step 19940
[ 22%]   step 19941
[ 22%]   step 19942
[ 22%]   step 19943
[ 22%]   step 19944
[ 22%]   step 19945
[ 22%]   step 19946
[ 22%]   step 19947
[ 22%]   step 19948
[ 22%]   step 19949
[ 22%]   step 19950
[ 22%]   step 19951
[ 22%]   step 19952
[ 22%]   step 19953
[ 22%]   step 19954
[ 22%]   step 19955
[ 22%]   step 19956
[ 22%]   step 19957
[ 22%]   step 19958
[ 22%]   step 19959
[ 22%]   step 19960
[ 22%]   step 19961
[ 22%]   step 19962
[ 22%]   step 19963
[ 22%]   step 19964
[ 22%]   step 19965
[ 22%]   step 19966
[ 22%]   step 19967
[ 22%]   step 19968
[ 22%]   step 19969
[ 22%]   step 19970
[ 22%]   step 19971
[ 22%]   step 19972
[ 22%]   step 19973
[ 22%]   step 19974
[ 22%]   step 19975
[ 22%]   step 19976
[ 22%]   step 19977
[ 22%]   step 19978
[ 22%]   step 19979
[ 22%]   step 19980
[ 22%]   step 19981
[ 22%]   step 19982
[ 22%]   step 19983
[ 22%]   step 19984
[ 22%]   step 19985
[ 22%]   step 19986
[ 22%]   step 19987
[ 22%]   step 19988
[ 22%]   step 19989
[ 22%]   step 19990
[ 22%]   step 19991
[ 22%]   step 19992
[ 22%]   step 19993
[ 22%]   step 19994
[ 22%]   step 19995
[ 22%]   step 19996
[ 22%]   step 19997
[ 22%]   step 19998
[ 22%]   step 19999
[ 22%]   step 20000
[ 22%]   step 20001
[ 22%]   step 20002
[ 22%]   step 20003
[ 22%]   step 20004
[ 22%]   step 20005
[ 22%]   step 20006
[ 22%]   step 20007
[ 22%]   step 20008
[ 22%]   step 20009
[ 22%]   step 20010
[ 22%]   step 20011
[ 22%]   step 20012
[ 22%]   step 20013
[ 22%]   step 20014
[ 22%]   step 20015
[ 22%]   step 20016
[ 22%]   step 20017
[ 22%]   step 20018
[ 22%]   step 20019
[ 22%]   step 20020
[ 22%]   step 20021
[ 22%]   step 20022
[ 22%]   step 20023
[ 22%]   step 20024
[ 22%]   step 20025
[ 22%]   step 20026
[ 22%]   step 20027
[ 22%]   step 20028
[ 22%]   step 20029
[ 22%]   step 20030
[ 22%]   step 20031
[ 22%]   step 20032
[ 22%]   step 20033
[ 22%]   step 20034
[ 22%]   step 20035
[ 22%]   step 20036
[ 22%]   step 20037
+SWASH is processing output request    1
+SWASH is processing output request    2
[ 22%]   step 20038
[ 22%]   step 20039
[ 22%]   step 20040
[ 22%]   step 20041
[ 22%]   step 20042
[ 22%]   step 20043
[ 22%]   step 20044
[ 22%]   step 20045
[ 22%]   step 20046
[ 22%]   step 20047
[ 22%]   step 20048
[ 22%]   step 20049
[ 22%]   step 20050
[ 22%]   step 20051
[ 22%]   step 20052
[ 22%]   step 20053
[ 22%]   step 20054
[ 22%]   step 20055
[ 22%]   step 20056
[ 22%]   step 20057
[ 22%]   step 20058
[ 22%]   step 20059
[ 22%]   step 20060
[ 22%]   step 20061
[ 22%]   step 20062
[ 22%]   step 20063
[ 22%]   step 20064
[ 22%]   step 20065
[ 22%]   step 20066
[ 22%]   step 20067
[ 22%]   step 20068
[ 22%]   step 20069
[ 22%]   step 20070
[ 22%]   step 20071
[ 22%]   step 20072
[ 22%]   step 20073
[ 22%]   step 20074
[ 22%]   step 20075
[ 22%]   step 20076
[ 22%]   step 20077
[ 22%]   step 20078
[ 22%]   step 20079
[ 22%]   step 20080
[ 22%]   step 20081
[ 22%]   step 20082
[ 22%]   step 20083
[ 22%]   step 20084
[ 22%]   step 20085
[ 22%]   step 20086
[ 22%]   step 20087
[ 22%]   step 20088
[ 22%]   step 20089
[ 22%]   step 20090
[ 22%]   step 20091
[ 22%]   step 20092
[ 22%]   step 20093
[ 23%]   step 20094
[ 23%]   step 20095
[ 23%]   step 20096
[ 23%]   step 20097
[ 23%]   step 20098
[ 23%]   step 20099
[ 23%]   step 20100
[ 23%]   step 20101
[ 23%]   step 20102
[ 23%]   step 20103
[ 23%]   step 20104
[ 23%]   step 20105
[ 23%]   step 20106
[ 23%]   step 20107
[ 23%]   step 20108
[ 23%]   step 20109
[ 23%]   step 20110
[ 23%]   step 20111
[ 23%]   step 20112
[ 23%]   step 20113
[ 23%]   step 20114
[ 23%]   step 20115
[ 23%]   step 20116
[ 23%]   step 20117
[ 23%]   step 20118
[ 23%]   step 20119
[ 23%]   step 20120
[ 23%]   step 20121
[ 23%]   step 20122
[ 23%]   step 20123
[ 23%]   step 20124
[ 23%]   step 20125
[ 23%]   step 20126
[ 23%]   step 20127
[ 23%]   step 20128
[ 23%]   step 20129
[ 23%]   step 20130
[ 23%]   step 20131
[ 23%]   step 20132
[ 23%]   step 20133
[ 23%]   step 20134
[ 23%]   step 20135
[ 23%]   step 20136
[ 23%]   step 20137
[ 23%]   step 20138
[ 23%]   step 20139
[ 23%]   step 20140
[ 23%]   step 20141
[ 23%]   step 20142
[ 23%]   step 20143
[ 23%]   step 20144
[ 23%]   step 20145
[ 23%]   step 20146
[ 23%]   step 20147
[ 23%]   step 20148
[ 23%]   step 20149
[ 23%]   step 20150
[ 23%]   step 20151
+SWASH is processing output request    1
+SWASH is processing output request    2
[ 23%]   step 20152
[ 23%]   step 20153
[ 23%]   step 20154
[ 23%]   step 20155
[ 23%]   step 20156
[ 23%]   step 20157
[ 23%]   step 20158
[ 23%]   step 20159
[ 23%]   step 20160
[ 23%]   step 20161
[ 23%]   step 20162
[ 23%]   step 20163
[ 23%]   step 20164
[ 23%]   step 20165
[ 23%]   step 20166
[ 23%]   step 20167
[ 23%]   step 20168
[ 23%]   step 20169
[ 23%]   step 20170
[ 23%]   step 20171
[ 23%]   step 20172
[ 23%]   step 20173
[ 23%]   step 20174
[ 23%]   step 20175
[ 23%]   step 20176
[ 23%]   step 20177
[ 23%]   step 20178
[ 23%]   step 20179
[ 23%]   step 20180
[ 23%]   step 20181
[ 23%]   step 20182
[ 23%]   step 20183
[ 23%]   step 20184
[ 23%]   step 20185
[ 23%]   step 20186
[ 23%]   step 20187
[ 23%]   step 20188
[ 23%]   step 20189
[ 23%]   step 20190
[ 23%]   step 20191
[ 23%]   step 20192
[ 23%]   step 20193
[ 23%]   step 20194
[ 23%]   step 20195
[ 23%]   step 20196
[ 23%]   step 20197
[ 23%]   step 20198
[ 23%]   step 20199
[ 23%]   step 20200
[ 23%]   step 20201
[ 23%]   step 20202
[ 23%]   step 20203
[ 23%]   step 20204
[ 23%]   step 20205
[ 23%]   step 20206
[ 23%]   step 20207
[ 23%]   step 20208
[ 23%]   step 20209
[ 23%]   step 20210
[ 23%]   step 20211
[ 23%]   step 20212
[ 23%]   step 20213
[ 23%]   step 20214
[ 23%]   step 20215
[ 23%]   step 20216
[ 23%]   step 20217
[ 23%]   step 20218
[ 23%]   step 20219
[ 23%]   step 20220
[ 23%]   step 20221
[ 23%]   step 20222
[ 23%]   step 20223
[ 23%]   step 20224
[ 23%]   step 20225
[ 23%]   step 20226
[ 23%]   step 20227
[ 23%]   step 20228
[ 23%]   step 20229
[ 23%]   step 20230
[ 23%]   step 20231
[ 23%]   step 20232
[ 23%]   step 20233
[ 23%]   step 20234
[ 23%]   step 20235
[ 23%]   step 20236
[ 23%]   step 20237
[ 23%]   step 20238
[ 23%]   step 20239
[ 23%]   step 20240
[ 23%]   step 20241
[ 23%]   step 20242
[ 23%]   step 20243
[ 23%]   step 20244
[ 23%]   step 20245
[ 23%]   step 20246
[ 23%]   step 20247
[ 23%]   step 20248
[ 23%]   step 20249
[ 23%]   step 20250
[ 23%]   step 20251
[ 23%]   step 20252
[ 23%]   step 20253
[ 23%]   step 20254
[ 23%]   step 20255
[ 23%]   step 20256
[ 23%]   step 20257
[ 23%]   step 20258
[ 23%]   step 20259
[ 23%]   step 20260
[ 23%]   step 20261
[ 23%]   step 20262
[ 23%]   step 20263
[ 23%]   step 20264
[ 23%]   step 20265
[ 23%]   step 20266
+SWASH is processing output request    1
+SWASH is processing output request    2
[ 23%]   step 20267
[ 23%]   step 20268
[ 23%]   step 20269
[ 23%]   step 20270
[ 23%]   step 20271
[ 23%]   step 20272
[ 23%]   step 20273
[ 23%]   step 20274
[ 23%]   step 20275
[ 23%]   step 20276
[ 23%]   step 20277
[ 23%]   step 20278
[ 23%]   step 20279
[ 23%]   step 20280
[ 23%]   step 20281
[ 23%]   step 20282
[ 23%]   step 20283
[ 23%]   step 20284
[ 23%]   step 20285
[ 23%]   step 20286
[ 23%]   step 20287
[ 23%]   step 20288
[ 23%]   step 20289
[ 23%]   step 20290
[ 23%]   step 20291
[ 23%]   step 20292
[ 23%]   step 20293
[ 23%]   step 20294
[ 23%]   step 20295
[ 23%]   step 20296
[ 23%]   step 20297
[ 23%]   step 20298
[ 23%]   step 20299
[ 23%]   step 20300
[ 23%]   step 20301
[ 23%]   step 20302
[ 23%]   step 20303
[ 23%]   step 20304
[ 23%]   step 20305
[ 23%]   step 20306
[ 23%]   step 20307
[ 23%]   step 20308
[ 23%]   step 20309
[ 23%]   step 20310
[ 23%]   step 20311
[ 23%]   step 20312
[ 23%]   step 20313
[ 23%]   step 20314
[ 23%]   step 20315
[ 23%]   step 20316
[ 23%]   step 20317
[ 23%]   step 20318
[ 23%]   step 20319
[ 23%]   step 20320
[ 23%]   step 20321
[ 23%]   step 20322
[ 23%]   step 20323
[ 23%]   step 20324
[ 23%]   step 20325
[ 23%]   step 20326
[ 23%]   step 20327
[ 23%]   step 20328
[ 23%]   step 20329
[ 23%]   step 20330
[ 23%]   step 20331
[ 23%]   step 20332
[ 23%]   step 20333
[ 23%]   step 20334
[ 23%]   step 20335
[ 23%]   step 20336
[ 23%]   step 20337
[ 23%]   step 20338
[ 23%]   step 20339
[ 23%]   step 20340
[ 23%]   step 20341
[ 23%]   step 20342
[ 23%]   step 20343
[ 23%]   step 20344
[ 23%]   step 20345
[ 23%]   step 20346
[ 23%]   step 20347
[ 23%]   step 20348
[ 23%]   step 20349
[ 23%]   step 20350
[ 23%]   step 20351
[ 23%]   step 20352
[ 23%]   step 20353
[ 23%]   step 20354
[ 23%]   step 20355
[ 23%]   step 20356
[ 23%]   step 20357
[ 23%]   step 20358
[ 23%]   step 20359
[ 23%]   step 20360
[ 23%]   step 20361
[ 23%]   step 20362
[ 23%]   step 20363
[ 23%]   step 20364
[ 23%]   step 20365
[ 23%]   step 20366
[ 23%]   step 20367
[ 23%]   step 20368
[ 23%]   step 20369
[ 23%]   step 20370
[ 23%]   step 20371
[ 23%]   step 20372
[ 23%]   step 20373
[ 23%]   step 20374
[ 23%]   step 20375
[ 23%]   step 20376
[ 23%]   step 20377
[ 23%]   step 20378
[ 23%]   step 20379
[ 23%]   step 20380
+SWASH is processing output request    1
+SWASH is processing output request    2
[ 23%]   step 20381
[ 23%]   step 20382
[ 23%]   step 20383
[ 23%]   step 20384
[ 23%]   step 20385
[ 23%]   step 20386
[ 23%]   step 20387
[ 23%]   step 20388
[ 23%]   step 20389
[ 23%]   step 20390
[ 23%]   step 20391
[ 23%]   step 20392
[ 23%]   step 20393
[ 23%]   step 20394
[ 23%]   step 20395
[ 23%]   step 20396
[ 23%]   step 20397
[ 23%]   step 20398
[ 23%]   step 20399
[ 23%]   step 20400
[ 23%]   step 20401
[ 23%]   step 20402
[ 23%]   step 20403
[ 23%]   step 20404
[ 23%]   step 20405
[ 23%]   step 20406
[ 23%]   step 20407
[ 23%]   step 20408
[ 23%]   step 20409
[ 23%]   step 20410
[ 23%]   step 20411
[ 23%]   step 20412
[ 23%]   step 20413
[ 23%]   step 20414
[ 23%]   step 20415
[ 23%]   step 20416
[ 23%]   step 20417
[ 23%]   step 20418
[ 23%]   step 20419
[ 23%]   step 20420
[ 23%]   step 20421
[ 23%]   step 20422
[ 23%]   step 20423
[ 23%]   step 20424
[ 23%]   step 20425
[ 23%]   step 20426
[ 23%]   step 20427
[ 23%]   step 20428
[ 23%]   step 20429
[ 23%]   step 20430
[ 23%]   step 20431
[ 23%]   step 20432
[ 23%]   step 20433
[ 23%]   step 20434
[ 23%]   step 20435
[ 23%]   step 20436
[ 23%]   step 20437
[ 23%]   step 20438
[ 23%]   step 20439
[ 23%]   step 20440
[ 23%]   step 20441
[ 23%]   step 20442
[ 23%]   step 20443
[ 23%]   step 20444
[ 23%]   step 20445
[ 23%]   step 20446
[ 23%]   step 20447
[ 23%]   step 20448
[ 23%]   step 20449
[ 23%]   step 20450
[ 23%]   step 20451
[ 23%]   step 20452
[ 23%]   step 20453
[ 23%]   step 20454
[ 23%]   step 20455
[ 23%]   step 20456
[ 23%]   step 20457
[ 23%]   step 20458
[ 23%]   step 20459
[ 23%]   step 20460
[ 23%]   step 20461
[ 23%]   step 20462
[ 23%]   step 20463
[ 23%]   step 20464
[ 23%]   step 20465
[ 23%]   step 20466
[ 23%]   step 20467
[ 23%]   step 20468
[ 23%]   step 20469
[ 23%]   step 20470
[ 23%]   step 20471
[ 23%]   step 20472
[ 23%]   step 20473
[ 23%]   step 20474
[ 23%]   step 20475
[ 23%]   step 20476
[ 23%]   step 20477
[ 23%]   step 20478
[ 23%]   step 20479
[ 23%]   step 20480
[ 23%]   step 20481
[ 23%]   step 20482
[ 23%]   step 20483
[ 23%]   step 20484
[ 23%]   step 20485
[ 23%]   step 20486
[ 23%]   step 20487
[ 23%]   step 20488
[ 23%]   step 20489
[ 23%]   step 20490
[ 23%]   step 20491
[ 23%]   step 20492
[ 23%]   step 20493
[ 23%]   step 20494
[ 23%]   step 20495
+SWASH is processing output request    1
+SWASH is processing output request    2
[ 23%]   step 20496
[ 23%]   step 20497
[ 23%]   step 20498
[ 23%]   step 20499
[ 23%]   step 20500
[ 23%]   step 20501
[ 23%]   step 20502
[ 23%]   step 20503
[ 23%]   step 20504
[ 23%]   step 20505
[ 23%]   step 20506
[ 23%]   step 20507
[ 23%]   step 20508
[ 23%]   step 20509
[ 23%]   step 20510
[ 23%]   step 20511
[ 23%]   step 20512
[ 23%]   step 20513
[ 23%]   step 20514
[ 23%]   step 20515
[ 23%]   step 20516
[ 23%]   step 20517
[ 23%]   step 20518
[ 23%]   step 20519
[ 23%]   step 20520
[ 23%]   step 20521
[ 23%]   step 20522
[ 23%]   step 20523
[ 23%]   step 20524
[ 23%]   step 20525
[ 23%]   step 20526
[ 23%]   step 20527
[ 23%]   step 20528
[ 23%]   step 20529
[ 23%]   step 20530
[ 23%]   step 20531
[ 23%]   step 20532
[ 23%]   step 20533
[ 23%]   step 20534
[ 23%]   step 20535
[ 23%]   step 20536
[ 23%]   step 20537
[ 23%]   step 20538
[ 23%]   step 20539
[ 23%]   step 20540
[ 23%]   step 20541
[ 23%]   step 20542
[ 23%]   step 20543
[ 23%]   step 20544
[ 23%]   step 20545
[ 23%]   step 20546
[ 23%]   step 20547
[ 23%]   step 20548
[ 23%]   step 20549
[ 23%]   step 20550
[ 23%]   step 20551
[ 23%]   step 20552
[ 23%]   step 20553
[ 23%]   step 20554
[ 23%]   step 20555
[ 23%]   step 20556
[ 23%]   step 20557
[ 23%]   step 20558
[ 23%]   step 20559
[ 23%]   step 20560
[ 23%]   step 20561
[ 23%]   step 20562
[ 23%]   step 20563
[ 23%]   step 20564
[ 23%]   step 20565
[ 23%]   step 20566
[ 23%]   step 20567
[ 23%]   step 20568
[ 23%]   step 20569
[ 23%]   step 20570
[ 23%]   step 20571
[ 23%]   step 20572
[ 23%]   step 20573
[ 23%]   step 20574
[ 23%]   step 20575
[ 23%]   step 20576
[ 23%]   step 20577
[ 23%]   step 20578
[ 23%]   step 20579
[ 23%]   step 20580
[ 23%]   step 20581
[ 23%]   step 20582
[ 23%]   step 20583
[ 23%]   step 20584
[ 23%]   step 20585
[ 23%]   step 20586
[ 23%]   step 20587
[ 23%]   step 20588
[ 23%]   step 20589
[ 23%]   step 20590
[ 23%]   step 20591
[ 23%]   step 20592
[ 23%]   step 20593
[ 23%]   step 20594
[ 23%]   step 20595
[ 23%]   step 20596
[ 23%]   step 20597
[ 23%]   step 20598
[ 23%]   step 20599
[ 23%]   step 20600
[ 23%]   step 20601
[ 23%]   step 20602
[ 23%]   step 20603
[ 23%]   step 20604
[ 23%]   step 20605
[ 23%]   step 20606
[ 23%]   step 20607
[ 23%]   step 20608
[ 23%]   step 20609
+SWASH is processing output request    1
+SWASH is processing output request    2
[ 23%]   step 20610
[ 23%]   step 20611
[ 23%]   step 20612
[ 23%]   step 20613
[ 23%]   step 20614
[ 23%]   step 20615
[ 23%]   step 20616
[ 23%]   step 20617
[ 23%]   step 20618
[ 23%]   step 20619
[ 23%]   step 20620
[ 23%]   step 20621
[ 23%]   step 20622
[ 23%]   step 20623
[ 23%]   step 20624
[ 23%]   step 20625
[ 23%]   step 20626
[ 23%]   step 20627
[ 23%]   step 20628
[ 23%]   step 20629
[ 23%]   step 20630
[ 23%]   step 20631
[ 23%]   step 20632
[ 23%]   step 20633
[ 23%]   step 20634
[ 23%]   step 20635
[ 23%]   step 20636
[ 23%]   step 20637
[ 23%]   step 20638
[ 23%]   step 20639
[ 23%]   step 20640
[ 23%]   step 20641
[ 23%]   step 20642
[ 23%]   step 20643
[ 23%]   step 20644
[ 23%]   step 20645
[ 23%]   step 20646
[ 23%]   step 20647
[ 23%]   step 20648
[ 23%]   step 20649
[ 23%]   step 20650
[ 23%]   step 20651
[ 23%]   step 20652
[ 23%]   step 20653
[ 23%]   step 20654
[ 23%]   step 20655
[ 23%]   step 20656
[ 23%]   step 20657
[ 23%]   step 20658
[ 23%]   step 20659
[ 23%]   step 20660
[ 23%]   step 20661
[ 23%]   step 20662
[ 23%]   step 20663
[ 23%]   step 20664
[ 23%]   step 20665
[ 23%]   step 20666
[ 23%]   step 20667
[ 23%]   step 20668
[ 23%]   step 20669
[ 23%]   step 20670
[ 23%]   step 20671
[ 23%]   step 20672
[ 23%]   step 20673
[ 23%]   step 20674
[ 23%]   step 20675
[ 23%]   step 20676
[ 23%]   step 20677
[ 23%]   step 20678
[ 23%]   step 20679
[ 23%]   step 20680
[ 23%]   step 20681
[ 23%]   step 20682
[ 23%]   step 20683
[ 23%]   step 20684
[ 23%]   step 20685
[ 23%]   step 20686
[ 23%]   step 20687
[ 23%]   step 20688
[ 23%]   step 20689
[ 23%]   step 20690
[ 23%]   step 20691
[ 23%]   step 20692
[ 23%]   step 20693
[ 23%]   step 20694
[ 23%]   step 20695
[ 23%]   step 20696
[ 23%]   step 20697
[ 23%]   step 20698
[ 23%]   step 20699
[ 23%]   step 20700
[ 23%]   step 20701
[ 23%]   step 20702
[ 23%]   step 20703
[ 23%]   step 20704
[ 23%]   step 20705
[ 23%]   step 20706
[ 23%]   step 20707
[ 23%]   step 20708
[ 23%]   step 20709
[ 23%]   step 20710
[ 23%]   step 20711
[ 23%]   step 20712
[ 23%]   step 20713
[ 23%]   step 20714
[ 23%]   step 20715
[ 23%]   step 20716
[ 23%]   step 20717
[ 23%]   step 20718
[ 23%]   step 20719
[ 23%]   step 20720
[ 23%]   step 20721
[ 23%]   step 20722
[ 23%]   step 20723
[ 23%]   step 20724
+SWASH is processing output request    1
+SWASH is processing output request    2
[ 23%]   step 20725
[ 23%]   step 20726
[ 23%]   step 20727
[ 23%]   step 20728
[ 23%]   step 20729
[ 23%]   step 20730
[ 23%]   step 20731
[ 23%]   step 20732
[ 23%]   step 20733
[ 23%]   step 20734
[ 23%]   step 20735
[ 23%]   step 20736
[ 23%]   step 20737
[ 23%]   step 20738
[ 23%]   step 20739
[ 23%]   step 20740
[ 23%]   step 20741
[ 23%]   step 20742
[ 23%]   step 20743
[ 23%]   step 20744
[ 23%]   step 20745
[ 23%]   step 20746
[ 23%]   step 20747
[ 23%]   step 20748
[ 23%]   step 20749
[ 23%]   step 20750
[ 23%]   step 20751
[ 23%]   step 20752
[ 23%]   step 20753
[ 23%]   step 20754
[ 23%]   step 20755
[ 23%]   step 20756
[ 23%]   step 20757
[ 23%]   step 20758
[ 23%]   step 20759
[ 23%]   step 20760
[ 23%]   step 20761
[ 23%]   step 20762
[ 23%]   step 20763
[ 23%]   step 20764
[ 23%]   step 20765
[ 23%]   step 20766
[ 23%]   step 20767
[ 23%]   step 20768
[ 23%]   step 20769
[ 23%]   step 20770
[ 23%]   step 20771
[ 23%]   step 20772
[ 23%]   step 20773
[ 23%]   step 20774
[ 23%]   step 20775
[ 23%]   step 20776
[ 23%]   step 20777
[ 23%]   step 20778
[ 23%]   step 20779
[ 23%]   step 20780
[ 23%]   step 20781
[ 23%]   step 20782
[ 23%]   step 20783
[ 23%]   step 20784
[ 23%]   step 20785
[ 23%]   step 20786
[ 23%]   step 20787
[ 23%]   step 20788
[ 23%]   step 20789
[ 23%]   step 20790
[ 23%]   step 20791
[ 23%]   step 20792
[ 23%]   step 20793
[ 23%]   step 20794
[ 23%]   step 20795
[ 23%]   step 20796
[ 23%]   step 20797
[ 23%]   step 20798
[ 23%]   step 20799
[ 23%]   step 20800
[ 23%]   step 20801
[ 23%]   step 20802
[ 23%]   step 20803
[ 23%]   step 20804
[ 23%]   step 20805
[ 23%]   step 20806
[ 23%]   step 20807
[ 23%]   step 20808
[ 23%]   step 20809
[ 23%]   step 20810
[ 23%]   step 20811
[ 23%]   step 20812
[ 23%]   step 20813
[ 23%]   step 20814
[ 23%]   step 20815
[ 23%]   step 20816
[ 23%]   step 20817
[ 23%]   step 20818
[ 23%]   step 20819
[ 23%]   step 20820
[ 23%]   step 20821
[ 23%]   step 20822
[ 23%]   step 20823
[ 23%]   step 20824
[ 23%]   step 20825
[ 23%]   step 20826
[ 23%]   step 20827
[ 23%]   step 20828
[ 23%]   step 20829
[ 23%]   step 20830
[ 23%]   step 20831
[ 23%]   step 20832
[ 23%]   step 20833
[ 23%]   step 20834
[ 23%]   step 20835
[ 23%]   step 20836
[ 23%]   step 20837
[ 23%]   step 20838
+SWASH is processing output request    1
+SWASH is processing output request    2
[ 23%]   step 20839
[ 23%]   step 20840
[ 23%]   step 20841
[ 23%]   step 20842
[ 23%]   step 20843
[ 23%]   step 20844
[ 23%]   step 20845
[ 23%]   step 20846
[ 23%]   step 20847
[ 23%]   step 20848
[ 23%]   step 20849
[ 23%]   step 20850
[ 23%]   step 20851
[ 23%]   step 20852
[ 23%]   step 20853
[ 23%]   step 20854
[ 23%]   step 20855
[ 23%]   step 20856
[ 23%]   step 20857
[ 23%]   step 20858
[ 23%]   step 20859
[ 23%]   step 20860
[ 23%]   step 20861
[ 23%]   step 20862
[ 23%]   step 20863
[ 23%]   step 20864
[ 23%]   step 20865
[ 23%]   step 20866
[ 23%]   step 20867
[ 23%]   step 20868
[ 23%]   step 20869
[ 23%]   step 20870
[ 23%]   step 20871
[ 23%]   step 20872
[ 23%]   step 20873
[ 23%]   step 20874
[ 23%]   step 20875
[ 23%]   step 20876
[ 23%]   step 20877
[ 23%]   step 20878
[ 23%]   step 20879
[ 23%]   step 20880
[ 23%]   step 20881
[ 23%]   step 20882
[ 23%]   step 20883
[ 23%]   step 20884
[ 23%]   step 20885
[ 23%]   step 20886
[ 23%]   step 20887
[ 23%]   step 20888
[ 23%]   step 20889
[ 23%]   step 20890
[ 23%]   step 20891
[ 23%]   step 20892
[ 23%]   step 20893
[ 23%]   step 20894
[ 23%]   step 20895
[ 23%]   step 20896
[ 23%]   step 20897
[ 23%]   step 20898
[ 23%]   step 20899
[ 23%]   step 20900
[ 23%]   step 20901
[ 23%]   step 20902
[ 23%]   step 20903
[ 23%]   step 20904
[ 23%]   step 20905
[ 23%]   step 20906
[ 23%]   step 20907
[ 23%]   step 20908
[ 23%]   step 20909
[ 23%]   step 20910
[ 23%]   step 20911
[ 23%]   step 20912
[ 23%]   step 20913
[ 23%]   step 20914
[ 23%]   step 20915
[ 23%]   step 20916
[ 23%]   step 20917
[ 23%]   step 20918
[ 23%]   step 20919
[ 23%]   step 20920
[ 23%]   step 20921
[ 23%]   step 20922
[ 23%]   step 20923
[ 23%]   step 20924
[ 23%]   step 20925
[ 23%]   step 20926
[ 23%]   step 20927
[ 23%]   step 20928
[ 23%]   step 20929
[ 23%]   step 20930
[ 23%]   step 20931
[ 23%]   step 20932
[ 23%]   step 20933
[ 23%]   step 20934
[ 23%]   step 20935
[ 23%]   step 20936
[ 23%]   step 20937
[ 23%]   step 20938
[ 23%]   step 20939
[ 23%]   step 20940
[ 23%]   step 20941
[ 23%]   step 20942
[ 23%]   step 20943
[ 23%]   step 20944
[ 23%]   step 20945
[ 23%]   step 20946
[ 23%]   step 20947
[ 23%]   step 20948
[ 23%]   step 20949
[ 23%]   step 20950
[ 23%]   step 20951
[ 23%]   step 20952
[ 23%]   step 20953
+SWASH is processing output request    1
+SWASH is processing output request    2
[ 23%]   step 20954
[ 23%]   step 20955
[ 23%]   step 20956
[ 23%]   step 20957
[ 23%]   step 20958
[ 23%]   step 20959
[ 23%]   step 20960
[ 23%]   step 20961
[ 23%]   step 20962
[ 23%]   step 20963
[ 23%]   step 20964
[ 23%]   step 20965
[ 23%]   step 20966
[ 23%]   step 20967
[ 23%]   step 20968
[ 23%]   step 20969
[ 23%]   step 20970
[ 23%]   step 20971
[ 23%]   step 20972
[ 23%]   step 20973
[ 23%]   step 20974
[ 23%]   step 20975
[ 23%]   step 20976
[ 23%]   step 20977
[ 23%]   step 20978
[ 23%]   step 20979
[ 23%]   step 20980
[ 23%]   step 20981
[ 23%]   step 20982
[ 23%]   step 20983
[ 23%]   step 20984
[ 23%]   step 20985
[ 23%]   step 20986
[ 24%]   step 20987
[ 24%]   step 20988
[ 24%]   step 20989
[ 24%]   step 20990
[ 24%]   step 20991
[ 24%]   step 20992
[ 24%]   step 20993
[ 24%]   step 20994
[ 24%]   step 20995
[ 24%]   step 20996
[ 24%]   step 20997
[ 24%]   step 20998
[ 24%]   step 20999
[ 24%]   step 21000
[ 24%]   step 21001
[ 24%]   step 21002
[ 24%]   step 21003
[ 24%]   step 21004
[ 24%]   step 21005
[ 24%]   step 21006
[ 24%]   step 21007
[ 24%]   step 21008
[ 24%]   step 21009
[ 24%]   step 21010
[ 24%]   step 21011
[ 24%]   step 21012
[ 24%]   step 21013
[ 24%]   step 21014
[ 24%]   step 21015
[ 24%]   step 21016
[ 24%]   step 21017
[ 24%]   step 21018
[ 24%]   step 21019
[ 24%]   step 21020
[ 24%]   step 21021
[ 24%]   step 21022
[ 24%]   step 21023
[ 24%]   step 21024
[ 24%]   step 21025
[ 24%]   step 21026
[ 24%]   step 21027
[ 24%]   step 21028
[ 24%]   step 21029
[ 24%]   step 21030
[ 24%]   step 21031
[ 24%]   step 21032
[ 24%]   step 21033
[ 24%]   step 21034
[ 24%]   step 21035
[ 24%]   step 21036
[ 24%]   step 21037
[ 24%]   step 21038
[ 24%]   step 21039
[ 24%]   step 21040
[ 24%]   step 21041
[ 24%]   step 21042
[ 24%]   step 21043
[ 24%]   step 21044
[ 24%]   step 21045
[ 24%]   step 21046
[ 24%]   step 21047
[ 24%]   step 21048
[ 24%]   step 21049
[ 24%]   step 21050
[ 24%]   step 21051
[ 24%]   step 21052
[ 24%]   step 21053
[ 24%]   step 21054
[ 24%]   step 21055
[ 24%]   step 21056
[ 24%]   step 21057
[ 24%]   step 21058
[ 24%]   step 21059
[ 24%]   step 21060
[ 24%]   step 21061
[ 24%]   step 21062
[ 24%]   step 21063
[ 24%]   step 21064
[ 24%]   step 21065
[ 24%]   step 21066
[ 24%]   step 21067
+SWASH is processing output request    1
+SWASH is processing output request    2
[ 24%]   step 21068
[ 24%]   step 21069
[ 24%]   step 21070
[ 24%]   step 21071
[ 24%]   step 21072
[ 24%]   step 21073
[ 24%]   step 21074
[ 24%]   step 21075
[ 24%]   step 21076
[ 24%]   step 21077
[ 24%]   step 21078
[ 24%]   step 21079
[ 24%]   step 21080
[ 24%]   step 21081
[ 24%]   step 21082
[ 24%]   step 21083
[ 24%]   step 21084
[ 24%]   step 21085
[ 24%]   step 21086
[ 24%]   step 21087
[ 24%]   step 21088
[ 24%]   step 21089
[ 24%]   step 21090
[ 24%]   step 21091
[ 24%]   step 21092
[ 24%]   step 21093
[ 24%]   step 21094
[ 24%]   step 21095
[ 24%]   step 21096
[ 24%]   step 21097
[ 24%]   step 21098
[ 24%]   step 21099
[ 24%]   step 21100
[ 24%]   step 21101
[ 24%]   step 21102
[ 24%]   step 21103
[ 24%]   step 21104
[ 24%]   step 21105
[ 24%]   step 21106
[ 24%]   step 21107
[ 24%]   step 21108
[ 24%]   step 21109
[ 24%]   step 21110
[ 24%]   step 21111
[ 24%]   step 21112
[ 24%]   step 21113
[ 24%]   step 21114
[ 24%]   step 21115
[ 24%]   step 21116
[ 24%]   step 21117
[ 24%]   step 21118
[ 24%]   step 21119
[ 24%]   step 21120
[ 24%]   step 21121
[ 24%]   step 21122
[ 24%]   step 21123
[ 24%]   step 21124
[ 24%]   step 21125
[ 24%]   step 21126
[ 24%]   step 21127
[ 24%]   step 21128
[ 24%]   step 21129
[ 24%]   step 21130
[ 24%]   step 21131
[ 24%]   step 21132
[ 24%]   step 21133
[ 24%]   step 21134
[ 24%]   step 21135
[ 24%]   step 21136
[ 24%]   step 21137
[ 24%]   step 21138
[ 24%]   step 21139
[ 24%]   step 21140
[ 24%]   step 21141
[ 24%]   step 21142
[ 24%]   step 21143
[ 24%]   step 21144
[ 24%]   step 21145
[ 24%]   step 21146
[ 24%]   step 21147
[ 24%]   step 21148
[ 24%]   step 21149
[ 24%]   step 21150
[ 24%]   step 21151
[ 24%]   step 21152
[ 24%]   step 21153
[ 24%]   step 21154
[ 24%]   step 21155
[ 24%]   step 21156
[ 24%]   step 21157
[ 24%]   step 21158
[ 24%]   step 21159
[ 24%]   step 21160
[ 24%]   step 21161
[ 24%]   step 21162
[ 24%]   step 21163
[ 24%]   step 21164
[ 24%]   step 21165
[ 24%]   step 21166
[ 24%]   step 21167
[ 24%]   step 21168
[ 24%]   step 21169
[ 24%]   step 21170
[ 24%]   step 21171
[ 24%]   step 21172
[ 24%]   step 21173
[ 24%]   step 21174
[ 24%]   step 21175
[ 24%]   step 21176
[ 24%]   step 21177
[ 24%]   step 21178
[ 24%]   step 21179
[ 24%]   step 21180
[ 24%]   step 21181
[ 24%]   step 21182
+SWASH is processing output request    1
+SWASH is processing output request    2
[ 24%]   step 21183
[ 24%]   step 21184
[ 24%]   step 21185
[ 24%]   step 21186
[ 24%]   step 21187
[ 24%]   step 21188
[ 24%]   step 21189
[ 24%]   step 21190
[ 24%]   step 21191
[ 24%]   step 21192
[ 24%]   step 21193
[ 24%]   step 21194
[ 24%]   step 21195
[ 24%]   step 21196
[ 24%]   step 21197
[ 24%]   step 21198
[ 24%]   step 21199
[ 24%]   step 21200
[ 24%]   step 21201
[ 24%]   step 21202
[ 24%]   step 21203
[ 24%]   step 21204
[ 24%]   step 21205
[ 24%]   step 21206
[ 24%]   step 21207
[ 24%]   step 21208
[ 24%]   step 21209
[ 24%]   step 21210
[ 24%]   step 21211
[ 24%]   step 21212
[ 24%]   step 21213
[ 24%]   step 21214
[ 24%]   step 21215
[ 24%]   step 21216
[ 24%]   step 21217
[ 24%]   step 21218
[ 24%]   step 21219
[ 24%]   step 21220
[ 24%]   step 21221
[ 24%]   step 21222
[ 24%]   step 21223
[ 24%]   step 21224
[ 24%]   step 21225
[ 24%]   step 21226
[ 24%]   step 21227
[ 24%]   step 21228
[ 24%]   step 21229
[ 24%]   step 21230
[ 24%]   step 21231
[ 24%]   step 21232
[ 24%]   step 21233
[ 24%]   step 21234
[ 24%]   step 21235
[ 24%]   step 21236
[ 24%]   step 21237
[ 24%]   step 21238
[ 24%]   step 21239
[ 24%]   step 21240
[ 24%]   step 21241
[ 24%]   step 21242
[ 24%]   step 21243
[ 24%]   step 21244
[ 24%]   step 21245
[ 24%]   step 21246
[ 24%]   step 21247
[ 24%]   step 21248
[ 24%]   step 21249
[ 24%]   step 21250
[ 24%]   step 21251
[ 24%]   step 21252
[ 24%]   step 21253
[ 24%]   step 21254
[ 24%]   step 21255
[ 24%]   step 21256
[ 24%]   step 21257
[ 24%]   step 21258
[ 24%]   step 21259
[ 24%]   step 21260
[ 24%]   step 21261
[ 24%]   step 21262
[ 24%]   step 21263
[ 24%]   step 21264
[ 24%]   step 21265
[ 24%]   step 21266
[ 24%]   step 21267
[ 24%]   step 21268
[ 24%]   step 21269
[ 24%]   step 21270
[ 24%]   step 21271
[ 24%]   step 21272
[ 24%]   step 21273
[ 24%]   step 21274
[ 24%]   step 21275
[ 24%]   step 21276
[ 24%]   step 21277
[ 24%]   step 21278
[ 24%]   step 21279
[ 24%]   step 21280
[ 24%]   step 21281
[ 24%]   step 21282
[ 24%]   step 21283
[ 24%]   step 21284
[ 24%]   step 21285
[ 24%]   step 21286
[ 24%]   step 21287
[ 24%]   step 21288
[ 24%]   step 21289
[ 24%]   step 21290
[ 24%]   step 21291
[ 24%]   step 21292
[ 24%]   step 21293
[ 24%]   step 21294
[ 24%]   step 21295
[ 24%]   step 21296
+SWASH is processing output request    1
+SWASH is processing output request    2
[ 24%]   step 21297
[ 24%]   step 21298
[ 24%]   step 21299
[ 24%]   step 21300
[ 24%]   step 21301
[ 24%]   step 21302
[ 24%]   step 21303
[ 24%]   step 21304
[ 24%]   step 21305
[ 24%]   step 21306
[ 24%]   step 21307
[ 24%]   step 21308
[ 24%]   step 21309
[ 24%]   step 21310
[ 24%]   step 21311
[ 24%]   step 21312
[ 24%]   step 21313
[ 24%]   step 21314
[ 24%]   step 21315
[ 24%]   step 21316
[ 24%]   step 21317
[ 24%]   step 21318
[ 24%]   step 21319
[ 24%]   step 21320
[ 24%]   step 21321
[ 24%]   step 21322
[ 24%]   step 21323
[ 24%]   step 21324
[ 24%]   step 21325
[ 24%]   step 21326
[ 24%]   step 21327
[ 24%]   step 21328
[ 24%]   step 21329
[ 24%]   step 21330
[ 24%]   step 21331
[ 24%]   step 21332
[ 24%]   step 21333
[ 24%]   step 21334
[ 24%]   step 21335
[ 24%]   step 21336
[ 24%]   step 21337
[ 24%]   step 21338
[ 24%]   step 21339
[ 24%]   step 21340
[ 24%]   step 21341
[ 24%]   step 21342
[ 24%]   step 21343
[ 24%]   step 21344
[ 24%]   step 21345
[ 24%]   step 21346
[ 24%]   step 21347
[ 24%]   step 21348
[ 24%]   step 21349
[ 24%]   step 21350
[ 24%]   step 21351
[ 24%]   step 21352
[ 24%]   step 21353
[ 24%]   step 21354
[ 24%]   step 21355
[ 24%]   step 21356
[ 24%]   step 21357
[ 24%]   step 21358
[ 24%]   step 21359
[ 24%]   step 21360
[ 24%]   step 21361
[ 24%]   step 21362
[ 24%]   step 21363
[ 24%]   step 21364
[ 24%]   step 21365
[ 24%]   step 21366
[ 24%]   step 21367
[ 24%]   step 21368
[ 24%]   step 21369
[ 24%]   step 21370
[ 24%]   step 21371
[ 24%]   step 21372
[ 24%]   step 21373
[ 24%]   step 21374
[ 24%]   step 21375
[ 24%]   step 21376
[ 24%]   step 21377
[ 24%]   step 21378
[ 24%]   step 21379
[ 24%]   step 21380
[ 24%]   step 21381
[ 24%]   step 21382
[ 24%]   step 21383
[ 24%]   step 21384
[ 24%]   step 21385
[ 24%]   step 21386
[ 24%]   step 21387
[ 24%]   step 21388
[ 24%]   step 21389
[ 24%]   step 21390
[ 24%]   step 21391
[ 24%]   step 21392
[ 24%]   step 21393
[ 24%]   step 21394
[ 24%]   step 21395
[ 24%]   step 21396
[ 24%]   step 21397
[ 24%]   step 21398
[ 24%]   step 21399
[ 24%]   step 21400
[ 24%]   step 21401
[ 24%]   step 21402
[ 24%]   step 21403
[ 24%]   step 21404
[ 24%]   step 21405
[ 24%]   step 21406
[ 24%]   step 21407
[ 24%]   step 21408
[ 24%]   step 21409
[ 24%]   step 21410
[ 24%]   step 21411
+SWASH is processing output request    1
+SWASH is processing output request    2
[ 24%]   step 21412
[ 24%]   step 21413
[ 24%]   step 21414
[ 24%]   step 21415
[ 24%]   step 21416
[ 24%]   step 21417
[ 24%]   step 21418
[ 24%]   step 21419
[ 24%]   step 21420
[ 24%]   step 21421
[ 24%]   step 21422
[ 24%]   step 21423
[ 24%]   step 21424
[ 24%]   step 21425
[ 24%]   step 21426
[ 24%]   step 21427
[ 24%]   step 21428
[ 24%]   step 21429
[ 24%]   step 21430
[ 24%]   step 21431
[ 24%]   step 21432
[ 24%]   step 21433
[ 24%]   step 21434
[ 24%]   step 21435
[ 24%]   step 21436
[ 24%]   step 21437
[ 24%]   step 21438
[ 24%]   step 21439
[ 24%]   step 21440
[ 24%]   step 21441
[ 24%]   step 21442
[ 24%]   step 21443
[ 24%]   step 21444
[ 24%]   step 21445
[ 24%]   step 21446
[ 24%]   step 21447
[ 24%]   step 21448
[ 24%]   step 21449
[ 24%]   step 21450
[ 24%]   step 21451
[ 24%]   step 21452
[ 24%]   step 21453
[ 24%]   step 21454
[ 24%]   step 21455
[ 24%]   step 21456
[ 24%]   step 21457
[ 24%]   step 21458
[ 24%]   step 21459
[ 24%]   step 21460
[ 24%]   step 21461
[ 24%]   step 21462
[ 24%]   step 21463
[ 24%]   step 21464
[ 24%]   step 21465
[ 24%]   step 21466
[ 24%]   step 21467
[ 24%]   step 21468
[ 24%]   step 21469
[ 24%]   step 21470
[ 24%]   step 21471
[ 24%]   step 21472
[ 24%]   step 21473
[ 24%]   step 21474
[ 24%]   step 21475
[ 24%]   step 21476
[ 24%]   step 21477
[ 24%]   step 21478
[ 24%]   step 21479
[ 24%]   step 21480
[ 24%]   step 21481
[ 24%]   step 21482
[ 24%]   step 21483
[ 24%]   step 21484
[ 24%]   step 21485
[ 24%]   step 21486
[ 24%]   step 21487
[ 24%]   step 21488
[ 24%]   step 21489
[ 24%]   step 21490
[ 24%]   step 21491
[ 24%]   step 21492
[ 24%]   step 21493
[ 24%]   step 21494
[ 24%]   step 21495
[ 24%]   step 21496
[ 24%]   step 21497
[ 24%]   step 21498
[ 24%]   step 21499
[ 24%]   step 21500
[ 24%]   step 21501
[ 24%]   step 21502
[ 24%]   step 21503
[ 24%]   step 21504
[ 24%]   step 21505
[ 24%]   step 21506
[ 24%]   step 21507
[ 24%]   step 21508
[ 24%]   step 21509
[ 24%]   step 21510
[ 24%]   step 21511
[ 24%]   step 21512
[ 24%]   step 21513
[ 24%]   step 21514
[ 24%]   step 21515
[ 24%]   step 21516
[ 24%]   step 21517
[ 24%]   step 21518
[ 24%]   step 21519
[ 24%]   step 21520
[ 24%]   step 21521
[ 24%]   step 21522
[ 24%]   step 21523
[ 24%]   step 21524
[ 24%]   step 21525
+SWASH is processing output request    1
+SWASH is processing output request    2
[ 24%]   step 21526
[ 24%]   step 21527
[ 24%]   step 21528
[ 24%]   step 21529
[ 24%]   step 21530
[ 24%]   step 21531
[ 24%]   step 21532
[ 24%]   step 21533
[ 24%]   step 21534
[ 24%]   step 21535
[ 24%]   step 21536
[ 24%]   step 21537
[ 24%]   step 21538
[ 24%]   step 21539
[ 24%]   step 21540
[ 24%]   step 21541
[ 24%]   step 21542
[ 24%]   step 21543
[ 24%]   step 21544
[ 24%]   step 21545
[ 24%]   step 21546
[ 24%]   step 21547
[ 24%]   step 21548
[ 24%]   step 21549
[ 24%]   step 21550
[ 24%]   step 21551
[ 24%]   step 21552
[ 24%]   step 21553
[ 24%]   step 21554
[ 24%]   step 21555
[ 24%]   step 21556
[ 24%]   step 21557
[ 24%]   step 21558
[ 24%]   step 21559
[ 24%]   step 21560
[ 24%]   step 21561
[ 24%]   step 21562
[ 24%]   step 21563
[ 24%]   step 21564
[ 24%]   step 21565
[ 24%]   step 21566
[ 24%]   step 21567
[ 24%]   step 21568
[ 24%]   step 21569
[ 24%]   step 21570
[ 24%]   step 21571
[ 24%]   step 21572
[ 24%]   step 21573
[ 24%]   step 21574
[ 24%]   step 21575
[ 24%]   step 21576
[ 24%]   step 21577
[ 24%]   step 21578
[ 24%]   step 21579
[ 24%]   step 21580
[ 24%]   step 21581
[ 24%]   step 21582
[ 24%]   step 21583
[ 24%]   step 21584
[ 24%]   step 21585
[ 24%]   step 21586
[ 24%]   step 21587
[ 24%]   step 21588
[ 24%]   step 21589
[ 24%]   step 21590
[ 24%]   step 21591
[ 24%]   step 21592
[ 24%]   step 21593
[ 24%]   step 21594
[ 24%]   step 21595
[ 24%]   step 21596
[ 24%]   step 21597
[ 24%]   step 21598
[ 24%]   step 21599
[ 24%]   step 21600
[ 24%]   step 21601
[ 24%]   step 21602
[ 24%]   step 21603
[ 24%]   step 21604
[ 24%]   step 21605
[ 24%]   step 21606
[ 24%]   step 21607
[ 24%]   step 21608
[ 24%]   step 21609
[ 24%]   step 21610
[ 24%]   step 21611
[ 24%]   step 21612
[ 24%]   step 21613
[ 24%]   step 21614
[ 24%]   step 21615
[ 24%]   step 21616
[ 24%]   step 21617
[ 24%]   step 21618
[ 24%]   step 21619
[ 24%]   step 21620
[ 24%]   step 21621
[ 24%]   step 21622
[ 24%]   step 21623
[ 24%]   step 21624
[ 24%]   step 21625
[ 24%]   step 21626
[ 24%]   step 21627
[ 24%]   step 21628
[ 24%]   step 21629
[ 24%]   step 21630
[ 24%]   step 21631
[ 24%]   step 21632
[ 24%]   step 21633
[ 24%]   step 21634
[ 24%]   step 21635
[ 24%]   step 21636
[ 24%]   step 21637
[ 24%]   step 21638
[ 24%]   step 21639
[ 24%]   step 21640
+SWASH is processing output request    1
+SWASH is processing output request    2
[ 24%]   step 21641
[ 24%]   step 21642
[ 24%]   step 21643
[ 24%]   step 21644
[ 24%]   step 21645
[ 24%]   step 21646
[ 24%]   step 21647
[ 24%]   step 21648
[ 24%]   step 21649
[ 24%]   step 21650
[ 24%]   step 21651
[ 24%]   step 21652
[ 24%]   step 21653
[ 24%]   step 21654
[ 24%]   step 21655
[ 24%]   step 21656
[ 24%]   step 21657
[ 24%]   step 21658
[ 24%]   step 21659
[ 24%]   step 21660
[ 24%]   step 21661
[ 24%]   step 21662
[ 24%]   step 21663
[ 24%]   step 21664
[ 24%]   step 21665
[ 24%]   step 21666
[ 24%]   step 21667
[ 24%]   step 21668
[ 24%]   step 21669
[ 24%]   step 21670
[ 24%]   step 21671
[ 24%]   step 21672
[ 24%]   step 21673
[ 24%]   step 21674
[ 24%]   step 21675
[ 24%]   step 21676
[ 24%]   step 21677
[ 24%]   step 21678
[ 24%]   step 21679
[ 24%]   step 21680
[ 24%]   step 21681
[ 24%]   step 21682
[ 24%]   step 21683
[ 24%]   step 21684
[ 24%]   step 21685
[ 24%]   step 21686
[ 24%]   step 21687
[ 24%]   step 21688
[ 24%]   step 21689
[ 24%]   step 21690
[ 24%]   step 21691
[ 24%]   step 21692
[ 24%]   step 21693
[ 24%]   step 21694
[ 24%]   step 21695
[ 24%]   step 21696
[ 24%]   step 21697
[ 24%]   step 21698
[ 24%]   step 21699
[ 24%]   step 21700
[ 24%]   step 21701
[ 24%]   step 21702
[ 24%]   step 21703
[ 24%]   step 21704
[ 24%]   step 21705
[ 24%]   step 21706
[ 24%]   step 21707
[ 24%]   step 21708
[ 24%]   step 21709
[ 24%]   step 21710
[ 24%]   step 21711
[ 24%]   step 21712
[ 24%]   step 21713
[ 24%]   step 21714
[ 24%]   step 21715
[ 24%]   step 21716
[ 24%]   step 21717
[ 24%]   step 21718
[ 24%]   step 21719
[ 24%]   step 21720
[ 24%]   step 21721
[ 24%]   step 21722
[ 24%]   step 21723
[ 24%]   step 21724
[ 24%]   step 21725
[ 24%]   step 21726
[ 24%]   step 21727
[ 24%]   step 21728
[ 24%]   step 21729
[ 24%]   step 21730
[ 24%]   step 21731
[ 24%]   step 21732
[ 24%]   step 21733
[ 24%]   step 21734
[ 24%]   step 21735
[ 24%]   step 21736
[ 24%]   step 21737
[ 24%]   step 21738
[ 24%]   step 21739
[ 24%]   step 21740
[ 24%]   step 21741
[ 24%]   step 21742
[ 24%]   step 21743
[ 24%]   step 21744
[ 24%]   step 21745
[ 24%]   step 21746
[ 24%]   step 21747
[ 24%]   step 21748
[ 24%]   step 21749
[ 24%]   step 21750
[ 24%]   step 21751
[ 24%]   step 21752
[ 24%]   step 21753
[ 24%]   step 21754
+SWASH is processing output request    1
+SWASH is processing output request    2
[ 24%]   step 21755
[ 24%]   step 21756
[ 24%]   step 21757
[ 24%]   step 21758
[ 24%]   step 21759
[ 24%]   step 21760
[ 24%]   step 21761
[ 24%]   step 21762
[ 24%]   step 21763
[ 24%]   step 21764
[ 24%]   step 21765
[ 24%]   step 21766
[ 24%]   step 21767
[ 24%]   step 21768
[ 24%]   step 21769
[ 24%]   step 21770
[ 24%]   step 21771
[ 24%]   step 21772
[ 24%]   step 21773
[ 24%]   step 21774
[ 24%]   step 21775
[ 24%]   step 21776
[ 24%]   step 21777
[ 24%]   step 21778
[ 24%]   step 21779
[ 24%]   step 21780
[ 24%]   step 21781
[ 24%]   step 21782
[ 24%]   step 21783
[ 24%]   step 21784
[ 24%]   step 21785
[ 24%]   step 21786
[ 24%]   step 21787
[ 24%]   step 21788
[ 24%]   step 21789
[ 24%]   step 21790
[ 24%]   step 21791
[ 24%]   step 21792
[ 24%]   step 21793
[ 24%]   step 21794
[ 24%]   step 21795
[ 24%]   step 21796
[ 24%]   step 21797
[ 24%]   step 21798
[ 24%]   step 21799
[ 24%]   step 21800
[ 24%]   step 21801
[ 24%]   step 21802
[ 24%]   step 21803
[ 24%]   step 21804
[ 24%]   step 21805
[ 24%]   step 21806
[ 24%]   step 21807
[ 24%]   step 21808
[ 24%]   step 21809
[ 24%]   step 21810
[ 24%]   step 21811
[ 24%]   step 21812
[ 24%]   step 21813
[ 24%]   step 21814
[ 24%]   step 21815
[ 24%]   step 21816
[ 24%]   step 21817
[ 24%]   step 21818
[ 24%]   step 21819
[ 24%]   step 21820
[ 24%]   step 21821
[ 24%]   step 21822
[ 24%]   step 21823
[ 24%]   step 21824
[ 24%]   step 21825
[ 24%]   step 21826
[ 24%]   step 21827
[ 24%]   step 21828
[ 24%]   step 21829
[ 24%]   step 21830
[ 24%]   step 21831
[ 24%]   step 21832
[ 24%]   step 21833
[ 24%]   step 21834
[ 24%]   step 21835
[ 24%]   step 21836
[ 24%]   step 21837
[ 24%]   step 21838
[ 24%]   step 21839
[ 24%]   step 21840
[ 24%]   step 21841
[ 24%]   step 21842
[ 24%]   step 21843
[ 24%]   step 21844
[ 24%]   step 21845
[ 24%]   step 21846
[ 24%]   step 21847
[ 24%]   step 21848
[ 24%]   step 21849
[ 24%]   step 21850
[ 24%]   step 21851
[ 24%]   step 21852
[ 24%]   step 21853
[ 24%]   step 21854
[ 24%]   step 21855
[ 24%]   step 21856
[ 24%]   step 21857
[ 24%]   step 21858
[ 24%]   step 21859
[ 24%]   step 21860
[ 24%]   step 21861
[ 24%]   step 21862
[ 24%]   step 21863
[ 24%]   step 21864
[ 24%]   step 21865
[ 24%]   step 21866
[ 24%]   step 21867
[ 24%]   step 21868
[ 24%]   step 21869
+SWASH is processing output request    1
+SWASH is processing output request    2
[ 24%]   step 21870
[ 24%]   step 21871
[ 24%]   step 21872
[ 24%]   step 21873
[ 24%]   step 21874
[ 24%]   step 21875
[ 24%]   step 21876
[ 24%]   step 21877
[ 24%]   step 21878
[ 24%]   step 21879
[ 25%]   step 21880
[ 25%]   step 21881
[ 25%]   step 21882
[ 25%]   step 21883
[ 25%]   step 21884
[ 25%]   step 21885
[ 25%]   step 21886
[ 25%]   step 21887
[ 25%]   step 21888
[ 25%]   step 21889
[ 25%]   step 21890
[ 25%]   step 21891
[ 25%]   step 21892
[ 25%]   step 21893
[ 25%]   step 21894
[ 25%]   step 21895
[ 25%]   step 21896
[ 25%]   step 21897
[ 25%]   step 21898
[ 25%]   step 21899
[ 25%]   step 21900
[ 25%]   step 21901
[ 25%]   step 21902
[ 25%]   step 21903
[ 25%]   step 21904
[ 25%]   step 21905
[ 25%]   step 21906
[ 25%]   step 21907
[ 25%]   step 21908
[ 25%]   step 21909
[ 25%]   step 21910
[ 25%]   step 21911
[ 25%]   step 21912
[ 25%]   step 21913
[ 25%]   step 21914
[ 25%]   step 21915
[ 25%]   step 21916
[ 25%]   step 21917
[ 25%]   step 21918
[ 25%]   step 21919
[ 25%]   step 21920
[ 25%]   step 21921
[ 25%]   step 21922
[ 25%]   step 21923
[ 25%]   step 21924
[ 25%]   step 21925
[ 25%]   step 21926
[ 25%]   step 21927
[ 25%]   step 21928
[ 25%]   step 21929
[ 25%]   step 21930
[ 25%]   step 21931
[ 25%]   step 21932
[ 25%]   step 21933
[ 25%]   step 21934
[ 25%]   step 21935
[ 25%]   step 21936
[ 25%]   step 21937
[ 25%]   step 21938
[ 25%]   step 21939
[ 25%]   step 21940
[ 25%]   step 21941
[ 25%]   step 21942
[ 25%]   step 21943
[ 25%]   step 21944
[ 25%]   step 21945
[ 25%]   step 21946
[ 25%]   step 21947
[ 25%]   step 21948
[ 25%]   step 21949
[ 25%]   step 21950
[ 25%]   step 21951
[ 25%]   step 21952
[ 25%]   step 21953
[ 25%]   step 21954
[ 25%]   step 21955
[ 25%]   step 21956
[ 25%]   step 21957
[ 25%]   step 21958
[ 25%]   step 21959
[ 25%]   step 21960
[ 25%]   step 21961
[ 25%]   step 21962
[ 25%]   step 21963
[ 25%]   step 21964
[ 25%]   step 21965
[ 25%]   step 21966
[ 25%]   step 21967
[ 25%]   step 21968
[ 25%]   step 21969
[ 25%]   step 21970
[ 25%]   step 21971
[ 25%]   step 21972
[ 25%]   step 21973
[ 25%]   step 21974
[ 25%]   step 21975
[ 25%]   step 21976
[ 25%]   step 21977
[ 25%]   step 21978
[ 25%]   step 21979
[ 25%]   step 21980
[ 25%]   step 21981
[ 25%]   step 21982
[ 25%]   step 21983
+SWASH is processing output request    1
+SWASH is processing output request    2
[ 25%]   step 21984
[ 25%]   step 21985
[ 25%]   step 21986
[ 25%]   step 21987
[ 25%]   step 21988
[ 25%]   step 21989
[ 25%]   step 21990
[ 25%]   step 21991
[ 25%]   step 21992
[ 25%]   step 21993
[ 25%]   step 21994
[ 25%]   step 21995
[ 25%]   step 21996
[ 25%]   step 21997
[ 25%]   step 21998
[ 25%]   step 21999
[ 25%]   step 22000
[ 25%]   step 22001
[ 25%]   step 22002
[ 25%]   step 22003
[ 25%]   step 22004
[ 25%]   step 22005
[ 25%]   step 22006
[ 25%]   step 22007
[ 25%]   step 22008
[ 25%]   step 22009
[ 25%]   step 22010
[ 25%]   step 22011
[ 25%]   step 22012
[ 25%]   step 22013
[ 25%]   step 22014
[ 25%]   step 22015
[ 25%]   step 22016
[ 25%]   step 22017
[ 25%]   step 22018
[ 25%]   step 22019
[ 25%]   step 22020
[ 25%]   step 22021
[ 25%]   step 22022
[ 25%]   step 22023
[ 25%]   step 22024
[ 25%]   step 22025
[ 25%]   step 22026
[ 25%]   step 22027
[ 25%]   step 22028
[ 25%]   step 22029
[ 25%]   step 22030
[ 25%]   step 22031
[ 25%]   step 22032
[ 25%]   step 22033
[ 25%]   step 22034
[ 25%]   step 22035
[ 25%]   step 22036
[ 25%]   step 22037
[ 25%]   step 22038
[ 25%]   step 22039
[ 25%]   step 22040
[ 25%]   step 22041
[ 25%]   step 22042
[ 25%]   step 22043
[ 25%]   step 22044
[ 25%]   step 22045
[ 25%]   step 22046
[ 25%]   step 22047
[ 25%]   step 22048
[ 25%]   step 22049
[ 25%]   step 22050
[ 25%]   step 22051
[ 25%]   step 22052
[ 25%]   step 22053
[ 25%]   step 22054
[ 25%]   step 22055
[ 25%]   step 22056
[ 25%]   step 22057
[ 25%]   step 22058
[ 25%]   step 22059
[ 25%]   step 22060
[ 25%]   step 22061
[ 25%]   step 22062
[ 25%]   step 22063
[ 25%]   step 22064
[ 25%]   step 22065
[ 25%]   step 22066
[ 25%]   step 22067
[ 25%]   step 22068
[ 25%]   step 22069
[ 25%]   step 22070
[ 25%]   step 22071
[ 25%]   step 22072
[ 25%]   step 22073
[ 25%]   step 22074
[ 25%]   step 22075
[ 25%]   step 22076
[ 25%]   step 22077
[ 25%]   step 22078
[ 25%]   step 22079
[ 25%]   step 22080
[ 25%]   step 22081
[ 25%]   step 22082
[ 25%]   step 22083
[ 25%]   step 22084
[ 25%]   step 22085
[ 25%]   step 22086
[ 25%]   step 22087
[ 25%]   step 22088
[ 25%]   step 22089
[ 25%]   step 22090
[ 25%]   step 22091
[ 25%]   step 22092
[ 25%]   step 22093
[ 25%]   step 22094
[ 25%]   step 22095
[ 25%]   step 22096
[ 25%]   step 22097
[ 25%]   step 22098
+SWASH is processing output request    1
+SWASH is processing output request    2
[ 25%]   step 22099
[ 25%]   step 22100
[ 25%]   step 22101
[ 25%]   step 22102
[ 25%]   step 22103
[ 25%]   step 22104
[ 25%]   step 22105
[ 25%]   step 22106
[ 25%]   step 22107
[ 25%]   step 22108
[ 25%]   step 22109
[ 25%]   step 22110
[ 25%]   step 22111
[ 25%]   step 22112
[ 25%]   step 22113
[ 25%]   step 22114
[ 25%]   step 22115
[ 25%]   step 22116
[ 25%]   step 22117
[ 25%]   step 22118
[ 25%]   step 22119
[ 25%]   step 22120
[ 25%]   step 22121
[ 25%]   step 22122
[ 25%]   step 22123
[ 25%]   step 22124
[ 25%]   step 22125
[ 25%]   step 22126
[ 25%]   step 22127
[ 25%]   step 22128
[ 25%]   step 22129
[ 25%]   step 22130
[ 25%]   step 22131
[ 25%]   step 22132
[ 25%]   step 22133
[ 25%]   step 22134
[ 25%]   step 22135
[ 25%]   step 22136
[ 25%]   step 22137
[ 25%]   step 22138
[ 25%]   step 22139
[ 25%]   step 22140
[ 25%]   step 22141
[ 25%]   step 22142
[ 25%]   step 22143
[ 25%]   step 22144
[ 25%]   step 22145
[ 25%]   step 22146
[ 25%]   step 22147
[ 25%]   step 22148
[ 25%]   step 22149
[ 25%]   step 22150
[ 25%]   step 22151
[ 25%]   step 22152
[ 25%]   step 22153
[ 25%]   step 22154
[ 25%]   step 22155
[ 25%]   step 22156
[ 25%]   step 22157
[ 25%]   step 22158
[ 25%]   step 22159
[ 25%]   step 22160
[ 25%]   step 22161
[ 25%]   step 22162
[ 25%]   step 22163
[ 25%]   step 22164
[ 25%]   step 22165
[ 25%]   step 22166
[ 25%]   step 22167
[ 25%]   step 22168
[ 25%]   step 22169
[ 25%]   step 22170
[ 25%]   step 22171
[ 25%]   step 22172
[ 25%]   step 22173
[ 25%]   step 22174
[ 25%]   step 22175
[ 25%]   step 22176
[ 25%]   step 22177
[ 25%]   step 22178
[ 25%]   step 22179
[ 25%]   step 22180
[ 25%]   step 22181
[ 25%]   step 22182
[ 25%]   step 22183
[ 25%]   step 22184
[ 25%]   step 22185
[ 25%]   step 22186
[ 25%]   step 22187
[ 25%]   step 22188
[ 25%]   step 22189
[ 25%]   step 22190
[ 25%]   step 22191
[ 25%]   step 22192
[ 25%]   step 22193
[ 25%]   step 22194
[ 25%]   step 22195
[ 25%]   step 22196
[ 25%]   step 22197
[ 25%]   step 22198
[ 25%]   step 22199
[ 25%]   step 22200
[ 25%]   step 22201
[ 25%]   step 22202
[ 25%]   step 22203
[ 25%]   step 22204
[ 25%]   step 22205
[ 25%]   step 22206
[ 25%]   step 22207
[ 25%]   step 22208
[ 25%]   step 22209
[ 25%]   step 22210
[ 25%]   step 22211
[ 25%]   step 22212
+SWASH is processing output request    1
+SWASH is processing output request    2
[ 25%]   step 22213
[ 25%]   step 22214
[ 25%]   step 22215
[ 25%]   step 22216
[ 25%]   step 22217
[ 25%]   step 22218
[ 25%]   step 22219
[ 25%]   step 22220
[ 25%]   step 22221
[ 25%]   step 22222
[ 25%]   step 22223
[ 25%]   step 22224
[ 25%]   step 22225
[ 25%]   step 22226
[ 25%]   step 22227
[ 25%]   step 22228
[ 25%]   step 22229
[ 25%]   step 22230
[ 25%]   step 22231
[ 25%]   step 22232
[ 25%]   step 22233
[ 25%]   step 22234
[ 25%]   step 22235
[ 25%]   step 22236
[ 25%]   step 22237
[ 25%]   step 22238
[ 25%]   step 22239
[ 25%]   step 22240
[ 25%]   step 22241
[ 25%]   step 22242
[ 25%]   step 22243
[ 25%]   step 22244
[ 25%]   step 22245
[ 25%]   step 22246
[ 25%]   step 22247
[ 25%]   step 22248
[ 25%]   step 22249
[ 25%]   step 22250
[ 25%]   step 22251
[ 25%]   step 22252
[ 25%]   step 22253
[ 25%]   step 22254
[ 25%]   step 22255
[ 25%]   step 22256
[ 25%]   step 22257
[ 25%]   step 22258
[ 25%]   step 22259
[ 25%]   step 22260
[ 25%]   step 22261
[ 25%]   step 22262
[ 25%]   step 22263
[ 25%]   step 22264
[ 25%]   step 22265
[ 25%]   step 22266
[ 25%]   step 22267
[ 25%]   step 22268
[ 25%]   step 22269
[ 25%]   step 22270
[ 25%]   step 22271
[ 25%]   step 22272
[ 25%]   step 22273
[ 25%]   step 22274
[ 25%]   step 22275
[ 25%]   step 22276
[ 25%]   step 22277
[ 25%]   step 22278
[ 25%]   step 22279
[ 25%]   step 22280
[ 25%]   step 22281
[ 25%]   step 22282
[ 25%]   step 22283
[ 25%]   step 22284
[ 25%]   step 22285
[ 25%]   step 22286
[ 25%]   step 22287
[ 25%]   step 22288
[ 25%]   step 22289
[ 25%]   step 22290
[ 25%]   step 22291
[ 25%]   step 22292
[ 25%]   step 22293
[ 25%]   step 22294
[ 25%]   step 22295
[ 25%]   step 22296
[ 25%]   step 22297
[ 25%]   step 22298
[ 25%]   step 22299
[ 25%]   step 22300
[ 25%]   step 22301
[ 25%]   step 22302
[ 25%]   step 22303
[ 25%]   step 22304
[ 25%]   step 22305
[ 25%]   step 22306
[ 25%]   step 22307
[ 25%]   step 22308
[ 25%]   step 22309
[ 25%]   step 22310
[ 25%]   step 22311
[ 25%]   step 22312
[ 25%]   step 22313
[ 25%]   step 22314
[ 25%]   step 22315
[ 25%]   step 22316
[ 25%]   step 22317
[ 25%]   step 22318
[ 25%]   step 22319
[ 25%]   step 22320
[ 25%]   step 22321
[ 25%]   step 22322
[ 25%]   step 22323
[ 25%]   step 22324
[ 25%]   step 22325
[ 25%]   step 22326
[ 25%]   step 22327
+SWASH is processing output request    1
+SWASH is processing output request    2
[ 25%]   step 22328
[ 25%]   step 22329
[ 25%]   step 22330
[ 25%]   step 22331
[ 25%]   step 22332
[ 25%]   step 22333
[ 25%]   step 22334
[ 25%]   step 22335
[ 25%]   step 22336
[ 25%]   step 22337
[ 25%]   step 22338
[ 25%]   step 22339
[ 25%]   step 22340
[ 25%]   step 22341
[ 25%]   step 22342
[ 25%]   step 22343
[ 25%]   step 22344
[ 25%]   step 22345
[ 25%]   step 22346
[ 25%]   step 22347
[ 25%]   step 22348
[ 25%]   step 22349
[ 25%]   step 22350
[ 25%]   step 22351
[ 25%]   step 22352
[ 25%]   step 22353
[ 25%]   step 22354
[ 25%]   step 22355
[ 25%]   step 22356
[ 25%]   step 22357
[ 25%]   step 22358
[ 25%]   step 22359
[ 25%]   step 22360
[ 25%]   step 22361
[ 25%]   step 22362
[ 25%]   step 22363
[ 25%]   step 22364
[ 25%]   step 22365
[ 25%]   step 22366
[ 25%]   step 22367
[ 25%]   step 22368
[ 25%]   step 22369
[ 25%]   step 22370
[ 25%]   step 22371
[ 25%]   step 22372
[ 25%]   step 22373
[ 25%]   step 22374
[ 25%]   step 22375
[ 25%]   step 22376
[ 25%]   step 22377
[ 25%]   step 22378
[ 25%]   step 22379
[ 25%]   step 22380
[ 25%]   step 22381
[ 25%]   step 22382
[ 25%]   step 22383
[ 25%]   step 22384
[ 25%]   step 22385
[ 25%]   step 22386
[ 25%]   step 22387
[ 25%]   step 22388
[ 25%]   step 22389
[ 25%]   step 22390
[ 25%]   step 22391
[ 25%]   step 22392
[ 25%]   step 22393
[ 25%]   step 22394
[ 25%]   step 22395
[ 25%]   step 22396
[ 25%]   step 22397
[ 25%]   step 22398
[ 25%]   step 22399
[ 25%]   step 22400
[ 25%]   step 22401
[ 25%]   step 22402
[ 25%]   step 22403
[ 25%]   step 22404
[ 25%]   step 22405
[ 25%]   step 22406
[ 25%]   step 22407
[ 25%]   step 22408
[ 25%]   step 22409
[ 25%]   step 22410
[ 25%]   step 22411
[ 25%]   step 22412
[ 25%]   step 22413
[ 25%]   step 22414
[ 25%]   step 22415
[ 25%]   step 22416
[ 25%]   step 22417
[ 25%]   step 22418
[ 25%]   step 22419
[ 25%]   step 22420
[ 25%]   step 22421
[ 25%]   step 22422
[ 25%]   step 22423
[ 25%]   step 22424
[ 25%]   step 22425
[ 25%]   step 22426
[ 25%]   step 22427
[ 25%]   step 22428
[ 25%]   step 22429
[ 25%]   step 22430
[ 25%]   step 22431
[ 25%]   step 22432
[ 25%]   step 22433
[ 25%]   step 22434
[ 25%]   step 22435
[ 25%]   step 22436
[ 25%]   step 22437
[ 25%]   step 22438
[ 25%]   step 22439
[ 25%]   step 22440
[ 25%]   step 22441
+SWASH is processing output request    1
+SWASH is processing output request    2
[ 25%]   step 22442
[ 25%]   step 22443
[ 25%]   step 22444
[ 25%]   step 22445
[ 25%]   step 22446
[ 25%]   step 22447
[ 25%]   step 22448
[ 25%]   step 22449
[ 25%]   step 22450
[ 25%]   step 22451
[ 25%]   step 22452
[ 25%]   step 22453
[ 25%]   step 22454
[ 25%]   step 22455
[ 25%]   step 22456
[ 25%]   step 22457
[ 25%]   step 22458
[ 25%]   step 22459
[ 25%]   step 22460
[ 25%]   step 22461
[ 25%]   step 22462
[ 25%]   step 22463
[ 25%]   step 22464
[ 25%]   step 22465
[ 25%]   step 22466
[ 25%]   step 22467
[ 25%]   step 22468
[ 25%]   step 22469
[ 25%]   step 22470
[ 25%]   step 22471
[ 25%]   step 22472
[ 25%]   step 22473
[ 25%]   step 22474
[ 25%]   step 22475
[ 25%]   step 22476
[ 25%]   step 22477
[ 25%]   step 22478
[ 25%]   step 22479
[ 25%]   step 22480
[ 25%]   step 22481
[ 25%]   step 22482
[ 25%]   step 22483
[ 25%]   step 22484
[ 25%]   step 22485
[ 25%]   step 22486
[ 25%]   step 22487
[ 25%]   step 22488
[ 25%]   step 22489
[ 25%]   step 22490
[ 25%]   step 22491
[ 25%]   step 22492
[ 25%]   step 22493
[ 25%]   step 22494
[ 25%]   step 22495
[ 25%]   step 22496
[ 25%]   step 22497
[ 25%]   step 22498
[ 25%]   step 22499
[ 25%]   step 22500
[ 25%]   step 22501
[ 25%]   step 22502
[ 25%]   step 22503
[ 25%]   step 22504
[ 25%]   step 22505
[ 25%]   step 22506
[ 25%]   step 22507
[ 25%]   step 22508
[ 25%]   step 22509
[ 25%]   step 22510
[ 25%]   step 22511
[ 25%]   step 22512
[ 25%]   step 22513
[ 25%]   step 22514
[ 25%]   step 22515
[ 25%]   step 22516
[ 25%]   step 22517
[ 25%]   step 22518
[ 25%]   step 22519
[ 25%]   step 22520
[ 25%]   step 22521
[ 25%]   step 22522
[ 25%]   step 22523
[ 25%]   step 22524
[ 25%]   step 22525
[ 25%]   step 22526
[ 25%]   step 22527
[ 25%]   step 22528
[ 25%]   step 22529
[ 25%]   step 22530
[ 25%]   step 22531
[ 25%]   step 22532
[ 25%]   step 22533
[ 25%]   step 22534
[ 25%]   step 22535
[ 25%]   step 22536
[ 25%]   step 22537
[ 25%]   step 22538
[ 25%]   step 22539
[ 25%]   step 22540
[ 25%]   step 22541
[ 25%]   step 22542
[ 25%]   step 22543
[ 25%]   step 22544
[ 25%]   step 22545
[ 25%]   step 22546
[ 25%]   step 22547
[ 25%]   step 22548
[ 25%]   step 22549
[ 25%]   step 22550
[ 25%]   step 22551
[ 25%]   step 22552
[ 25%]   step 22553
[ 25%]   step 22554
[ 25%]   step 22555
[ 25%]   step 22556
+SWASH is processing output request    1
+SWASH is processing output request    2
[ 25%]   step 22557
[ 25%]   step 22558
[ 25%]   step 22559
[ 25%]   step 22560
[ 25%]   step 22561
[ 25%]   step 22562
[ 25%]   step 22563
[ 25%]   step 22564
[ 25%]   step 22565
[ 25%]   step 22566
[ 25%]   step 22567
[ 25%]   step 22568
[ 25%]   step 22569
[ 25%]   step 22570
[ 25%]   step 22571
[ 25%]   step 22572
[ 25%]   step 22573
[ 25%]   step 22574
[ 25%]   step 22575
[ 25%]   step 22576
[ 25%]   step 22577
[ 25%]   step 22578
[ 25%]   step 22579
[ 25%]   step 22580
[ 25%]   step 22581
[ 25%]   step 22582
[ 25%]   step 22583
[ 25%]   step 22584
[ 25%]   step 22585
[ 25%]   step 22586
[ 25%]   step 22587
[ 25%]   step 22588
[ 25%]   step 22589
[ 25%]   step 22590
[ 25%]   step 22591
[ 25%]   step 22592
[ 25%]   step 22593
[ 25%]   step 22594
[ 25%]   step 22595
[ 25%]   step 22596
[ 25%]   step 22597
[ 25%]   step 22598
[ 25%]   step 22599
[ 25%]   step 22600
[ 25%]   step 22601
[ 25%]   step 22602
[ 25%]   step 22603
[ 25%]   step 22604
[ 25%]   step 22605
[ 25%]   step 22606
[ 25%]   step 22607
[ 25%]   step 22608
[ 25%]   step 22609
[ 25%]   step 22610
[ 25%]   step 22611
[ 25%]   step 22612
[ 25%]   step 22613
[ 25%]   step 22614
[ 25%]   step 22615
[ 25%]   step 22616
[ 25%]   step 22617
[ 25%]   step 22618
[ 25%]   step 22619
[ 25%]   step 22620
[ 25%]   step 22621
[ 25%]   step 22622
[ 25%]   step 22623
[ 25%]   step 22624
[ 25%]   step 22625
[ 25%]   step 22626
[ 25%]   step 22627
[ 25%]   step 22628
[ 25%]   step 22629
[ 25%]   step 22630
[ 25%]   step 22631
[ 25%]   step 22632
[ 25%]   step 22633
[ 25%]   step 22634
[ 25%]   step 22635
[ 25%]   step 22636
[ 25%]   step 22637
[ 25%]   step 22638
[ 25%]   step 22639
[ 25%]   step 22640
[ 25%]   step 22641
[ 25%]   step 22642
[ 25%]   step 22643
[ 25%]   step 22644
[ 25%]   step 22645
[ 25%]   step 22646
[ 25%]   step 22647
[ 25%]   step 22648
[ 25%]   step 22649
[ 25%]   step 22650
[ 25%]   step 22651
[ 25%]   step 22652
[ 25%]   step 22653
[ 25%]   step 22654
[ 25%]   step 22655
[ 25%]   step 22656
[ 25%]   step 22657
[ 25%]   step 22658
[ 25%]   step 22659
[ 25%]   step 22660
[ 25%]   step 22661
[ 25%]   step 22662
[ 25%]   step 22663
[ 25%]   step 22664
[ 25%]   step 22665
[ 25%]   step 22666
[ 25%]   step 22667
[ 25%]   step 22668
[ 25%]   step 22669
[ 25%]   step 22670
+SWASH is processing output request    1
+SWASH is processing output request    2
[ 25%]   step 22671
[ 25%]   step 22672
[ 25%]   step 22673
[ 25%]   step 22674
[ 25%]   step 22675
[ 25%]   step 22676
[ 25%]   step 22677
[ 25%]   step 22678
[ 25%]   step 22679
[ 25%]   step 22680
[ 25%]   step 22681
[ 25%]   step 22682
[ 25%]   step 22683
[ 25%]   step 22684
[ 25%]   step 22685
[ 25%]   step 22686
[ 25%]   step 22687
[ 25%]   step 22688
[ 25%]   step 22689
[ 25%]   step 22690
[ 25%]   step 22691
[ 25%]   step 22692
[ 25%]   step 22693
[ 25%]   step 22694
[ 25%]   step 22695
[ 25%]   step 22696
[ 25%]   step 22697
[ 25%]   step 22698
[ 25%]   step 22699
[ 25%]   step 22700
[ 25%]   step 22701
[ 25%]   step 22702
[ 25%]   step 22703
[ 25%]   step 22704
[ 25%]   step 22705
[ 25%]   step 22706
[ 25%]   step 22707
[ 25%]   step 22708
[ 25%]   step 22709
[ 25%]   step 22710
[ 25%]   step 22711
[ 25%]   step 22712
[ 25%]   step 22713
[ 25%]   step 22714
[ 25%]   step 22715
[ 25%]   step 22716
[ 25%]   step 22717
[ 25%]   step 22718
[ 25%]   step 22719
[ 25%]   step 22720
[ 25%]   step 22721
[ 25%]   step 22722
[ 25%]   step 22723
[ 25%]   step 22724
[ 25%]   step 22725
[ 25%]   step 22726
[ 25%]   step 22727
[ 25%]   step 22728
[ 25%]   step 22729
[ 25%]   step 22730
[ 25%]   step 22731
[ 25%]   step 22732
[ 25%]   step 22733
[ 25%]   step 22734
[ 25%]   step 22735
[ 25%]   step 22736
[ 25%]   step 22737
[ 25%]   step 22738
[ 25%]   step 22739
[ 25%]   step 22740
[ 25%]   step 22741
[ 25%]   step 22742
[ 25%]   step 22743
[ 25%]   step 22744
[ 25%]   step 22745
[ 25%]   step 22746
[ 25%]   step 22747
[ 25%]   step 22748
[ 25%]   step 22749
[ 25%]   step 22750
[ 25%]   step 22751
[ 25%]   step 22752
[ 25%]   step 22753
[ 25%]   step 22754
[ 25%]   step 22755
[ 25%]   step 22756
[ 25%]   step 22757
[ 25%]   step 22758
[ 25%]   step 22759
[ 25%]   step 22760
[ 25%]   step 22761
[ 25%]   step 22762
[ 25%]   step 22763
[ 25%]   step 22764
[ 25%]   step 22765
[ 25%]   step 22766
[ 25%]   step 22767
[ 25%]   step 22768
[ 25%]   step 22769
[ 25%]   step 22770
[ 25%]   step 22771
[ 25%]   step 22772
[ 26%]   step 22773
[ 26%]   step 22774
[ 26%]   step 22775
[ 26%]   step 22776
[ 26%]   step 22777
[ 26%]   step 22778
[ 26%]   step 22779
[ 26%]   step 22780
[ 26%]   step 22781
[ 26%]   step 22782
[ 26%]   step 22783
[ 26%]   step 22784
[ 26%]   step 22785
+SWASH is processing output request    1
+SWASH is processing output request    2
[ 26%]   step 22786
[ 26%]   step 22787
[ 26%]   step 22788
[ 26%]   step 22789
[ 26%]   step 22790
[ 26%]   step 22791
[ 26%]   step 22792
[ 26%]   step 22793
[ 26%]   step 22794
[ 26%]   step 22795
[ 26%]   step 22796
[ 26%]   step 22797
[ 26%]   step 22798
[ 26%]   step 22799
[ 26%]   step 22800
[ 26%]   step 22801
[ 26%]   step 22802
[ 26%]   step 22803
[ 26%]   step 22804
[ 26%]   step 22805
[ 26%]   step 22806
[ 26%]   step 22807
[ 26%]   step 22808
[ 26%]   step 22809
[ 26%]   step 22810
[ 26%]   step 22811
[ 26%]   step 22812
[ 26%]   step 22813
[ 26%]   step 22814
[ 26%]   step 22815
[ 26%]   step 22816
[ 26%]   step 22817
[ 26%]   step 22818
[ 26%]   step 22819
[ 26%]   step 22820
[ 26%]   step 22821
[ 26%]   step 22822
[ 26%]   step 22823
[ 26%]   step 22824
[ 26%]   step 22825
[ 26%]   step 22826
[ 26%]   step 22827
[ 26%]   step 22828
[ 26%]   step 22829
[ 26%]   step 22830
[ 26%]   step 22831
[ 26%]   step 22832
[ 26%]   step 22833
[ 26%]   step 22834
[ 26%]   step 22835
[ 26%]   step 22836
[ 26%]   step 22837
[ 26%]   step 22838
[ 26%]   step 22839
[ 26%]   step 22840
[ 26%]   step 22841
[ 26%]   step 22842
[ 26%]   step 22843
[ 26%]   step 22844
[ 26%]   step 22845
[ 26%]   step 22846
[ 26%]   step 22847
[ 26%]   step 22848
[ 26%]   step 22849
[ 26%]   step 22850
[ 26%]   step 22851
[ 26%]   step 22852
[ 26%]   step 22853
[ 26%]   step 22854
[ 26%]   step 22855
[ 26%]   step 22856
[ 26%]   step 22857
[ 26%]   step 22858
[ 26%]   step 22859
[ 26%]   step 22860
[ 26%]   step 22861
[ 26%]   step 22862
[ 26%]   step 22863
[ 26%]   step 22864
[ 26%]   step 22865
[ 26%]   step 22866
[ 26%]   step 22867
[ 26%]   step 22868
[ 26%]   step 22869
[ 26%]   step 22870
[ 26%]   step 22871
[ 26%]   step 22872
[ 26%]   step 22873
[ 26%]   step 22874
[ 26%]   step 22875
[ 26%]   step 22876
[ 26%]   step 22877
[ 26%]   step 22878
[ 26%]   step 22879
[ 26%]   step 22880
[ 26%]   step 22881
[ 26%]   step 22882
[ 26%]   step 22883
[ 26%]   step 22884
[ 26%]   step 22885
[ 26%]   step 22886
[ 26%]   step 22887
[ 26%]   step 22888
[ 26%]   step 22889
[ 26%]   step 22890
[ 26%]   step 22891
[ 26%]   step 22892
[ 26%]   step 22893
[ 26%]   step 22894
[ 26%]   step 22895
[ 26%]   step 22896
[ 26%]   step 22897
[ 26%]   step 22898
[ 26%]   step 22899
+SWASH is processing output request    1
+SWASH is processing output request    2
[ 26%]   step 22900
[ 26%]   step 22901
[ 26%]   step 22902
[ 26%]   step 22903
[ 26%]   step 22904
[ 26%]   step 22905
[ 26%]   step 22906
[ 26%]   step 22907
[ 26%]   step 22908
[ 26%]   step 22909
[ 26%]   step 22910
[ 26%]   step 22911
[ 26%]   step 22912
[ 26%]   step 22913
[ 26%]   step 22914
[ 26%]   step 22915
[ 26%]   step 22916
[ 26%]   step 22917
[ 26%]   step 22918
[ 26%]   step 22919
[ 26%]   step 22920
[ 26%]   step 22921
[ 26%]   step 22922
[ 26%]   step 22923
[ 26%]   step 22924
[ 26%]   step 22925
[ 26%]   step 22926
[ 26%]   step 22927
[ 26%]   step 22928
[ 26%]   step 22929
[ 26%]   step 22930
[ 26%]   step 22931
[ 26%]   step 22932
[ 26%]   step 22933
[ 26%]   step 22934
[ 26%]   step 22935
[ 26%]   step 22936
[ 26%]   step 22937
[ 26%]   step 22938
[ 26%]   step 22939
[ 26%]   step 22940
[ 26%]   step 22941
[ 26%]   step 22942
[ 26%]   step 22943
[ 26%]   step 22944
[ 26%]   step 22945
[ 26%]   step 22946
[ 26%]   step 22947
[ 26%]   step 22948
[ 26%]   step 22949
[ 26%]   step 22950
[ 26%]   step 22951
[ 26%]   step 22952
[ 26%]   step 22953
[ 26%]   step 22954
[ 26%]   step 22955
[ 26%]   step 22956
[ 26%]   step 22957
[ 26%]   step 22958
[ 26%]   step 22959
[ 26%]   step 22960
[ 26%]   step 22961
[ 26%]   step 22962
[ 26%]   step 22963
[ 26%]   step 22964
[ 26%]   step 22965
[ 26%]   step 22966
[ 26%]   step 22967
[ 26%]   step 22968
[ 26%]   step 22969
[ 26%]   step 22970
[ 26%]   step 22971
[ 26%]   step 22972
[ 26%]   step 22973
[ 26%]   step 22974
[ 26%]   step 22975
[ 26%]   step 22976
[ 26%]   step 22977
[ 26%]   step 22978
[ 26%]   step 22979
[ 26%]   step 22980
[ 26%]   step 22981
[ 26%]   step 22982
[ 26%]   step 22983
[ 26%]   step 22984
[ 26%]   step 22985
[ 26%]   step 22986
[ 26%]   step 22987
[ 26%]   step 22988
[ 26%]   step 22989
[ 26%]   step 22990
[ 26%]   step 22991
[ 26%]   step 22992
[ 26%]   step 22993
[ 26%]   step 22994
[ 26%]   step 22995
[ 26%]   step 22996
[ 26%]   step 22997
[ 26%]   step 22998
[ 26%]   step 22999
[ 26%]   step 23000
[ 26%]   step 23001
[ 26%]   step 23002
[ 26%]   step 23003
[ 26%]   step 23004
[ 26%]   step 23005
[ 26%]   step 23006
[ 26%]   step 23007
[ 26%]   step 23008
[ 26%]   step 23009
[ 26%]   step 23010
[ 26%]   step 23011
[ 26%]   step 23012
[ 26%]   step 23013
[ 26%]   step 23014
+SWASH is processing output request    1
+SWASH is processing output request    2
[ 26%]   step 23015
[ 26%]   step 23016
[ 26%]   step 23017
[ 26%]   step 23018
[ 26%]   step 23019
[ 26%]   step 23020
[ 26%]   step 23021
[ 26%]   step 23022
[ 26%]   step 23023
[ 26%]   step 23024
[ 26%]   step 23025
[ 26%]   step 23026
[ 26%]   step 23027
[ 26%]   step 23028
[ 26%]   step 23029
[ 26%]   step 23030
[ 26%]   step 23031
[ 26%]   step 23032
[ 26%]   step 23033
[ 26%]   step 23034
[ 26%]   step 23035
[ 26%]   step 23036
[ 26%]   step 23037
[ 26%]   step 23038
[ 26%]   step 23039
[ 26%]   step 23040
[ 26%]   step 23041
[ 26%]   step 23042
[ 26%]   step 23043
[ 26%]   step 23044
[ 26%]   step 23045
[ 26%]   step 23046
[ 26%]   step 23047
[ 26%]   step 23048
[ 26%]   step 23049
[ 26%]   step 23050
[ 26%]   step 23051
[ 26%]   step 23052
[ 26%]   step 23053
[ 26%]   step 23054
[ 26%]   step 23055
[ 26%]   step 23056
[ 26%]   step 23057
[ 26%]   step 23058
[ 26%]   step 23059
[ 26%]   step 23060
[ 26%]   step 23061
[ 26%]   step 23062
[ 26%]   step 23063
[ 26%]   step 23064
[ 26%]   step 23065
[ 26%]   step 23066
[ 26%]   step 23067
[ 26%]   step 23068
[ 26%]   step 23069
[ 26%]   step 23070
[ 26%]   step 23071
[ 26%]   step 23072
[ 26%]   step 23073
[ 26%]   step 23074
[ 26%]   step 23075
[ 26%]   step 23076
[ 26%]   step 23077
[ 26%]   step 23078
[ 26%]   step 23079
[ 26%]   step 23080
[ 26%]   step 23081
[ 26%]   step 23082
[ 26%]   step 23083
[ 26%]   step 23084
[ 26%]   step 23085
[ 26%]   step 23086
[ 26%]   step 23087
[ 26%]   step 23088
[ 26%]   step 23089
[ 26%]   step 23090
[ 26%]   step 23091
[ 26%]   step 23092
[ 26%]   step 23093
[ 26%]   step 23094
[ 26%]   step 23095
[ 26%]   step 23096
[ 26%]   step 23097
[ 26%]   step 23098
[ 26%]   step 23099
[ 26%]   step 23100
[ 26%]   step 23101
[ 26%]   step 23102
[ 26%]   step 23103
[ 26%]   step 23104
[ 26%]   step 23105
[ 26%]   step 23106
[ 26%]   step 23107
[ 26%]   step 23108
[ 26%]   step 23109
[ 26%]   step 23110
[ 26%]   step 23111
[ 26%]   step 23112
[ 26%]   step 23113
[ 26%]   step 23114
[ 26%]   step 23115
[ 26%]   step 23116
[ 26%]   step 23117
[ 26%]   step 23118
[ 26%]   step 23119
[ 26%]   step 23120
[ 26%]   step 23121
[ 26%]   step 23122
[ 26%]   step 23123
[ 26%]   step 23124
[ 26%]   step 23125
[ 26%]   step 23126
[ 26%]   step 23127
[ 26%]   step 23128
+SWASH is processing output request    1
+SWASH is processing output request    2
[ 26%]   step 23129
[ 26%]   step 23130
[ 26%]   step 23131
[ 26%]   step 23132
[ 26%]   step 23133
[ 26%]   step 23134
[ 26%]   step 23135
[ 26%]   step 23136
[ 26%]   step 23137
[ 26%]   step 23138
[ 26%]   step 23139
[ 26%]   step 23140
[ 26%]   step 23141
[ 26%]   step 23142
[ 26%]   step 23143
[ 26%]   step 23144
[ 26%]   step 23145
[ 26%]   step 23146
[ 26%]   step 23147
[ 26%]   step 23148
[ 26%]   step 23149
[ 26%]   step 23150
[ 26%]   step 23151
[ 26%]   step 23152
[ 26%]   step 23153
[ 26%]   step 23154
[ 26%]   step 23155
[ 26%]   step 23156
[ 26%]   step 23157
[ 26%]   step 23158
[ 26%]   step 23159
[ 26%]   step 23160
[ 26%]   step 23161
[ 26%]   step 23162
[ 26%]   step 23163
[ 26%]   step 23164
[ 26%]   step 23165
[ 26%]   step 23166
[ 26%]   step 23167
[ 26%]   step 23168
[ 26%]   step 23169
[ 26%]   step 23170
[ 26%]   step 23171
[ 26%]   step 23172
[ 26%]   step 23173
[ 26%]   step 23174
[ 26%]   step 23175
[ 26%]   step 23176
[ 26%]   step 23177
[ 26%]   step 23178
[ 26%]   step 23179
[ 26%]   step 23180
[ 26%]   step 23181
[ 26%]   step 23182
[ 26%]   step 23183
[ 26%]   step 23184
[ 26%]   step 23185
[ 26%]   step 23186
[ 26%]   step 23187
[ 26%]   step 23188
[ 26%]   step 23189
[ 26%]   step 23190
[ 26%]   step 23191
[ 26%]   step 23192
[ 26%]   step 23193
[ 26%]   step 23194
[ 26%]   step 23195
[ 26%]   step 23196
[ 26%]   step 23197
[ 26%]   step 23198
[ 26%]   step 23199
[ 26%]   step 23200
[ 26%]   step 23201
[ 26%]   step 23202
[ 26%]   step 23203
[ 26%]   step 23204
[ 26%]   step 23205
[ 26%]   step 23206
[ 26%]   step 23207
[ 26%]   step 23208
[ 26%]   step 23209
[ 26%]   step 23210
[ 26%]   step 23211
[ 26%]   step 23212
[ 26%]   step 23213
[ 26%]   step 23214
[ 26%]   step 23215
[ 26%]   step 23216
[ 26%]   step 23217
[ 26%]   step 23218
[ 26%]   step 23219
[ 26%]   step 23220
[ 26%]   step 23221
[ 26%]   step 23222
[ 26%]   step 23223
[ 26%]   step 23224
[ 26%]   step 23225
[ 26%]   step 23226
[ 26%]   step 23227
[ 26%]   step 23228
[ 26%]   step 23229
[ 26%]   step 23230
[ 26%]   step 23231
[ 26%]   step 23232
[ 26%]   step 23233
[ 26%]   step 23234
[ 26%]   step 23235
[ 26%]   step 23236
[ 26%]   step 23237
[ 26%]   step 23238
[ 26%]   step 23239
[ 26%]   step 23240
[ 26%]   step 23241
[ 26%]   step 23242
[ 26%]   step 23243
+SWASH is processing output request    1
+SWASH is processing output request    2
[ 26%]   step 23244
[ 26%]   step 23245
[ 26%]   step 23246
[ 26%]   step 23247
[ 26%]   step 23248
[ 26%]   step 23249
[ 26%]   step 23250
[ 26%]   step 23251
[ 26%]   step 23252
[ 26%]   step 23253
[ 26%]   step 23254
[ 26%]   step 23255
[ 26%]   step 23256
[ 26%]   step 23257
[ 26%]   step 23258
[ 26%]   step 23259
[ 26%]   step 23260
[ 26%]   step 23261
[ 26%]   step 23262
[ 26%]   step 23263
[ 26%]   step 23264
[ 26%]   step 23265
[ 26%]   step 23266
[ 26%]   step 23267
[ 26%]   step 23268
[ 26%]   step 23269
[ 26%]   step 23270
[ 26%]   step 23271
[ 26%]   step 23272
[ 26%]   step 23273
[ 26%]   step 23274
[ 26%]   step 23275
[ 26%]   step 23276
[ 26%]   step 23277
[ 26%]   step 23278
[ 26%]   step 23279
[ 26%]   step 23280
[ 26%]   step 23281
[ 26%]   step 23282
[ 26%]   step 23283
[ 26%]   step 23284
[ 26%]   step 23285
[ 26%]   step 23286
[ 26%]   step 23287
[ 26%]   step 23288
[ 26%]   step 23289
[ 26%]   step 23290
[ 26%]   step 23291
[ 26%]   step 23292
[ 26%]   step 23293
[ 26%]   step 23294
[ 26%]   step 23295
[ 26%]   step 23296
[ 26%]   step 23297
[ 26%]   step 23298
[ 26%]   step 23299
[ 26%]   step 23300
[ 26%]   step 23301
[ 26%]   step 23302
[ 26%]   step 23303
[ 26%]   step 23304
[ 26%]   step 23305
[ 26%]   step 23306
[ 26%]   step 23307
[ 26%]   step 23308
[ 26%]   step 23309
[ 26%]   step 23310
[ 26%]   step 23311
[ 26%]   step 23312
[ 26%]   step 23313
[ 26%]   step 23314
[ 26%]   step 23315
[ 26%]   step 23316
[ 26%]   step 23317
[ 26%]   step 23318
[ 26%]   step 23319
[ 26%]   step 23320
[ 26%]   step 23321
[ 26%]   step 23322
[ 26%]   step 23323
[ 26%]   step 23324
[ 26%]   step 23325
[ 26%]   step 23326
[ 26%]   step 23327
[ 26%]   step 23328
[ 26%]   step 23329
[ 26%]   step 23330
[ 26%]   step 23331
[ 26%]   step 23332
[ 26%]   step 23333
[ 26%]   step 23334
[ 26%]   step 23335
[ 26%]   step 23336
[ 26%]   step 23337
[ 26%]   step 23338
[ 26%]   step 23339
[ 26%]   step 23340
[ 26%]   step 23341
[ 26%]   step 23342
[ 26%]   step 23343
[ 26%]   step 23344
[ 26%]   step 23345
[ 26%]   step 23346
[ 26%]   step 23347
[ 26%]   step 23348
[ 26%]   step 23349
[ 26%]   step 23350
[ 26%]   step 23351
[ 26%]   step 23352
[ 26%]   step 23353
[ 26%]   step 23354
[ 26%]   step 23355
[ 26%]   step 23356
[ 26%]   step 23357
+SWASH is processing output request    1
+SWASH is processing output request    2
[ 26%]   step 23358
[ 26%]   step 23359
[ 26%]   step 23360
[ 26%]   step 23361
[ 26%]   step 23362
[ 26%]   step 23363
[ 26%]   step 23364
[ 26%]   step 23365
[ 26%]   step 23366
[ 26%]   step 23367
[ 26%]   step 23368
[ 26%]   step 23369
[ 26%]   step 23370
[ 26%]   step 23371
[ 26%]   step 23372
[ 26%]   step 23373
[ 26%]   step 23374
[ 26%]   step 23375
[ 26%]   step 23376
[ 26%]   step 23377
[ 26%]   step 23378
[ 26%]   step 23379
[ 26%]   step 23380
[ 26%]   step 23381
[ 26%]   step 23382
[ 26%]   step 23383
[ 26%]   step 23384
[ 26%]   step 23385
[ 26%]   step 23386
[ 26%]   step 23387
[ 26%]   step 23388
[ 26%]   step 23389
[ 26%]   step 23390
[ 26%]   step 23391
[ 26%]   step 23392
[ 26%]   step 23393
[ 26%]   step 23394
[ 26%]   step 23395
[ 26%]   step 23396
[ 26%]   step 23397
[ 26%]   step 23398
[ 26%]   step 23399
[ 26%]   step 23400
[ 26%]   step 23401
[ 26%]   step 23402
[ 26%]   step 23403
[ 26%]   step 23404
[ 26%]   step 23405
[ 26%]   step 23406
[ 26%]   step 23407
[ 26%]   step 23408
[ 26%]   step 23409
[ 26%]   step 23410
[ 26%]   step 23411
[ 26%]   step 23412
[ 26%]   step 23413
[ 26%]   step 23414
[ 26%]   step 23415
[ 26%]   step 23416
[ 26%]   step 23417
[ 26%]   step 23418
[ 26%]   step 23419
[ 26%]   step 23420
[ 26%]   step 23421
[ 26%]   step 23422
[ 26%]   step 23423
[ 26%]   step 23424
[ 26%]   step 23425
[ 26%]   step 23426
[ 26%]   step 23427
[ 26%]   step 23428
[ 26%]   step 23429
[ 26%]   step 23430
[ 26%]   step 23431
[ 26%]   step 23432
[ 26%]   step 23433
[ 26%]   step 23434
[ 26%]   step 23435
[ 26%]   step 23436
[ 26%]   step 23437
[ 26%]   step 23438
[ 26%]   step 23439
[ 26%]   step 23440
[ 26%]   step 23441
[ 26%]   step 23442
[ 26%]   step 23443
[ 26%]   step 23444
[ 26%]   step 23445
[ 26%]   step 23446
[ 26%]   step 23447
[ 26%]   step 23448
[ 26%]   step 23449
[ 26%]   step 23450
[ 26%]   step 23451
[ 26%]   step 23452
[ 26%]   step 23453
[ 26%]   step 23454
[ 26%]   step 23455
[ 26%]   step 23456
[ 26%]   step 23457
[ 26%]   step 23458
[ 26%]   step 23459
[ 26%]   step 23460
[ 26%]   step 23461
[ 26%]   step 23462
[ 26%]   step 23463
[ 26%]   step 23464
[ 26%]   step 23465
[ 26%]   step 23466
[ 26%]   step 23467
[ 26%]   step 23468
[ 26%]   step 23469
[ 26%]   step 23470
[ 26%]   step 23471
[ 26%]   step 23472
+SWASH is processing output request    1
+SWASH is processing output request    2
[ 26%]   step 23473
[ 26%]   step 23474
[ 26%]   step 23475
[ 26%]   step 23476
[ 26%]   step 23477
[ 26%]   step 23478
[ 26%]   step 23479
[ 26%]   step 23480
[ 26%]   step 23481
[ 26%]   step 23482
[ 26%]   step 23483
[ 26%]   step 23484
[ 26%]   step 23485
[ 26%]   step 23486
[ 26%]   step 23487
[ 26%]   step 23488
[ 26%]   step 23489
[ 26%]   step 23490
[ 26%]   step 23491
[ 26%]   step 23492
[ 26%]   step 23493
[ 26%]   step 23494
[ 26%]   step 23495
[ 26%]   step 23496
[ 26%]   step 23497
[ 26%]   step 23498
[ 26%]   step 23499
[ 26%]   step 23500
[ 26%]   step 23501
[ 26%]   step 23502
[ 26%]   step 23503
[ 26%]   step 23504
[ 26%]   step 23505
[ 26%]   step 23506
[ 26%]   step 23507
[ 26%]   step 23508
[ 26%]   step 23509
[ 26%]   step 23510
[ 26%]   step 23511
[ 26%]   step 23512
[ 26%]   step 23513
[ 26%]   step 23514
[ 26%]   step 23515
[ 26%]   step 23516
[ 26%]   step 23517
[ 26%]   step 23518
[ 26%]   step 23519
[ 26%]   step 23520
[ 26%]   step 23521
[ 26%]   step 23522
[ 26%]   step 23523
[ 26%]   step 23524
[ 26%]   step 23525
[ 26%]   step 23526
[ 26%]   step 23527
[ 26%]   step 23528
[ 26%]   step 23529
[ 26%]   step 23530
[ 26%]   step 23531
[ 26%]   step 23532
[ 26%]   step 23533
[ 26%]   step 23534
[ 26%]   step 23535
[ 26%]   step 23536
[ 26%]   step 23537
[ 26%]   step 23538
[ 26%]   step 23539
[ 26%]   step 23540
[ 26%]   step 23541
[ 26%]   step 23542
[ 26%]   step 23543
[ 26%]   step 23544
[ 26%]   step 23545
[ 26%]   step 23546
[ 26%]   step 23547
[ 26%]   step 23548
[ 26%]   step 23549
[ 26%]   step 23550
[ 26%]   step 23551
[ 26%]   step 23552
[ 26%]   step 23553
[ 26%]   step 23554
[ 26%]   step 23555
[ 26%]   step 23556
[ 26%]   step 23557
[ 26%]   step 23558
[ 26%]   step 23559
[ 26%]   step 23560
[ 26%]   step 23561
[ 26%]   step 23562
[ 26%]   step 23563
[ 26%]   step 23564
[ 26%]   step 23565
[ 26%]   step 23566
[ 26%]   step 23567
[ 26%]   step 23568
[ 26%]   step 23569
[ 26%]   step 23570
[ 26%]   step 23571
[ 26%]   step 23572
[ 26%]   step 23573
[ 26%]   step 23574
[ 26%]   step 23575
[ 26%]   step 23576
[ 26%]   step 23577
[ 26%]   step 23578
[ 26%]   step 23579
[ 26%]   step 23580
[ 26%]   step 23581
[ 26%]   step 23582
[ 26%]   step 23583
[ 26%]   step 23584
[ 26%]   step 23585
[ 26%]   step 23586
+SWASH is processing output request    1
+SWASH is processing output request    2
[ 26%]   step 23587
[ 26%]   step 23588
[ 26%]   step 23589
[ 26%]   step 23590
[ 26%]   step 23591
[ 26%]   step 23592
[ 26%]   step 23593
[ 26%]   step 23594
[ 26%]   step 23595
[ 26%]   step 23596
[ 26%]   step 23597
[ 26%]   step 23598
[ 26%]   step 23599
[ 26%]   step 23600
[ 26%]   step 23601
[ 26%]   step 23602
[ 26%]   step 23603
[ 26%]   step 23604
[ 26%]   step 23605
[ 26%]   step 23606
[ 26%]   step 23607
[ 26%]   step 23608
[ 26%]   step 23609
[ 26%]   step 23610
[ 26%]   step 23611
[ 26%]   step 23612
[ 26%]   step 23613
[ 26%]   step 23614
[ 26%]   step 23615
[ 26%]   step 23616
[ 26%]   step 23617
[ 26%]   step 23618
[ 26%]   step 23619
[ 26%]   step 23620
[ 26%]   step 23621
[ 26%]   step 23622
[ 26%]   step 23623
[ 26%]   step 23624
[ 26%]   step 23625
[ 26%]   step 23626
[ 26%]   step 23627
[ 26%]   step 23628
[ 26%]   step 23629
[ 26%]   step 23630
[ 26%]   step 23631
[ 26%]   step 23632
[ 26%]   step 23633
[ 26%]   step 23634
[ 26%]   step 23635
[ 26%]   step 23636
[ 26%]   step 23637
[ 26%]   step 23638
[ 26%]   step 23639
[ 26%]   step 23640
[ 26%]   step 23641
[ 26%]   step 23642
[ 26%]   step 23643
[ 26%]   step 23644
[ 26%]   step 23645
[ 26%]   step 23646
[ 26%]   step 23647
[ 26%]   step 23648
[ 26%]   step 23649
[ 26%]   step 23650
[ 26%]   step 23651
[ 26%]   step 23652
[ 26%]   step 23653
[ 26%]   step 23654
[ 26%]   step 23655
[ 26%]   step 23656
[ 26%]   step 23657
[ 26%]   step 23658
[ 26%]   step 23659
[ 26%]   step 23660
[ 26%]   step 23661
[ 26%]   step 23662
[ 26%]   step 23663
[ 26%]   step 23664
[ 26%]   step 23665
[ 27%]   step 23666
[ 27%]   step 23667
[ 27%]   step 23668
[ 27%]   step 23669
[ 27%]   step 23670
[ 27%]   step 23671
[ 27%]   step 23672
[ 27%]   step 23673
[ 27%]   step 23674
[ 27%]   step 23675
[ 27%]   step 23676
[ 27%]   step 23677
[ 27%]   step 23678
[ 27%]   step 23679
[ 27%]   step 23680
[ 27%]   step 23681
[ 27%]   step 23682
[ 27%]   step 23683
[ 27%]   step 23684
[ 27%]   step 23685
[ 27%]   step 23686
[ 27%]   step 23687
[ 27%]   step 23688
[ 27%]   step 23689
[ 27%]   step 23690
[ 27%]   step 23691
[ 27%]   step 23692
[ 27%]   step 23693
[ 27%]   step 23694
[ 27%]   step 23695
[ 27%]   step 23696
[ 27%]   step 23697
[ 27%]   step 23698
[ 27%]   step 23699
[ 27%]   step 23700
[ 27%]   step 23701
+SWASH is processing output request    1
+SWASH is processing output request    2
[ 27%]   step 23702
[ 27%]   step 23703
[ 27%]   step 23704
[ 27%]   step 23705
[ 27%]   step 23706
[ 27%]   step 23707
[ 27%]   step 23708
[ 27%]   step 23709
[ 27%]   step 23710
[ 27%]   step 23711
[ 27%]   step 23712
[ 27%]   step 23713
[ 27%]   step 23714
[ 27%]   step 23715
[ 27%]   step 23716
[ 27%]   step 23717
[ 27%]   step 23718
[ 27%]   step 23719
[ 27%]   step 23720
[ 27%]   step 23721
[ 27%]   step 23722
[ 27%]   step 23723
[ 27%]   step 23724
[ 27%]   step 23725
[ 27%]   step 23726
[ 27%]   step 23727
[ 27%]   step 23728
[ 27%]   step 23729
[ 27%]   step 23730
[ 27%]   step 23731
[ 27%]   step 23732
[ 27%]   step 23733
[ 27%]   step 23734
[ 27%]   step 23735
[ 27%]   step 23736
[ 27%]   step 23737
[ 27%]   step 23738
[ 27%]   step 23739
[ 27%]   step 23740
[ 27%]   step 23741
[ 27%]   step 23742
[ 27%]   step 23743
[ 27%]   step 23744
[ 27%]   step 23745
[ 27%]   step 23746
[ 27%]   step 23747
[ 27%]   step 23748
[ 27%]   step 23749
[ 27%]   step 23750
[ 27%]   step 23751
[ 27%]   step 23752
[ 27%]   step 23753
[ 27%]   step 23754
[ 27%]   step 23755
[ 27%]   step 23756
[ 27%]   step 23757
[ 27%]   step 23758
[ 27%]   step 23759
[ 27%]   step 23760
[ 27%]   step 23761
[ 27%]   step 23762
[ 27%]   step 23763
[ 27%]   step 23764
[ 27%]   step 23765
[ 27%]   step 23766
[ 27%]   step 23767
[ 27%]   step 23768
[ 27%]   step 23769
[ 27%]   step 23770
[ 27%]   step 23771
[ 27%]   step 23772
[ 27%]   step 23773
[ 27%]   step 23774
[ 27%]   step 23775
[ 27%]   step 23776
[ 27%]   step 23777
[ 27%]   step 23778
[ 27%]   step 23779
[ 27%]   step 23780
[ 27%]   step 23781
[ 27%]   step 23782
[ 27%]   step 23783
[ 27%]   step 23784
[ 27%]   step 23785
[ 27%]   step 23786
[ 27%]   step 23787
[ 27%]   step 23788
[ 27%]   step 23789
[ 27%]   step 23790
[ 27%]   step 23791
[ 27%]   step 23792
[ 27%]   step 23793
[ 27%]   step 23794
[ 27%]   step 23795
[ 27%]   step 23796
[ 27%]   step 23797
[ 27%]   step 23798
[ 27%]   step 23799
[ 27%]   step 23800
[ 27%]   step 23801
[ 27%]   step 23802
[ 27%]   step 23803
[ 27%]   step 23804
[ 27%]   step 23805
[ 27%]   step 23806
[ 27%]   step 23807
[ 27%]   step 23808
[ 27%]   step 23809
[ 27%]   step 23810
[ 27%]   step 23811
[ 27%]   step 23812
[ 27%]   step 23813
[ 27%]   step 23814
[ 27%]   step 23815
+SWASH is processing output request    1
+SWASH is processing output request    2
[ 27%]   step 23816
[ 27%]   step 23817
[ 27%]   step 23818
[ 27%]   step 23819
[ 27%]   step 23820
[ 27%]   step 23821
[ 27%]   step 23822
[ 27%]   step 23823
[ 27%]   step 23824
[ 27%]   step 23825
[ 27%]   step 23826
[ 27%]   step 23827
[ 27%]   step 23828
[ 27%]   step 23829
[ 27%]   step 23830
[ 27%]   step 23831
[ 27%]   step 23832
[ 27%]   step 23833
[ 27%]   step 23834
[ 27%]   step 23835
[ 27%]   step 23836
[ 27%]   step 23837
[ 27%]   step 23838
[ 27%]   step 23839
[ 27%]   step 23840
[ 27%]   step 23841
[ 27%]   step 23842
[ 27%]   step 23843
[ 27%]   step 23844
[ 27%]   step 23845
[ 27%]   step 23846
[ 27%]   step 23847
[ 27%]   step 23848
[ 27%]   step 23849
[ 27%]   step 23850
[ 27%]   step 23851
[ 27%]   step 23852
[ 27%]   step 23853
[ 27%]   step 23854
[ 27%]   step 23855
[ 27%]   step 23856
[ 27%]   step 23857
[ 27%]   step 23858
[ 27%]   step 23859
[ 27%]   step 23860
[ 27%]   step 23861
[ 27%]   step 23862
[ 27%]   step 23863
[ 27%]   step 23864
[ 27%]   step 23865
[ 27%]   step 23866
[ 27%]   step 23867
[ 27%]   step 23868
[ 27%]   step 23869
[ 27%]   step 23870
[ 27%]   step 23871
[ 27%]   step 23872
[ 27%]   step 23873
[ 27%]   step 23874
[ 27%]   step 23875
[ 27%]   step 23876
[ 27%]   step 23877
[ 27%]   step 23878
[ 27%]   step 23879
[ 27%]   step 23880
[ 27%]   step 23881
[ 27%]   step 23882
[ 27%]   step 23883
[ 27%]   step 23884
[ 27%]   step 23885
[ 27%]   step 23886
[ 27%]   step 23887
[ 27%]   step 23888
[ 27%]   step 23889
[ 27%]   step 23890
[ 27%]   step 23891
[ 27%]   step 23892
[ 27%]   step 23893
[ 27%]   step 23894
[ 27%]   step 23895
[ 27%]   step 23896
[ 27%]   step 23897
[ 27%]   step 23898
[ 27%]   step 23899
[ 27%]   step 23900
[ 27%]   step 23901
[ 27%]   step 23902
[ 27%]   step 23903
[ 27%]   step 23904
[ 27%]   step 23905
[ 27%]   step 23906
[ 27%]   step 23907
[ 27%]   step 23908
[ 27%]   step 23909
[ 27%]   step 23910
[ 27%]   step 23911
[ 27%]   step 23912
[ 27%]   step 23913
[ 27%]   step 23914
[ 27%]   step 23915
[ 27%]   step 23916
[ 27%]   step 23917
[ 27%]   step 23918
[ 27%]   step 23919
[ 27%]   step 23920
[ 27%]   step 23921
[ 27%]   step 23922
[ 27%]   step 23923
[ 27%]   step 23924
[ 27%]   step 23925
[ 27%]   step 23926
[ 27%]   step 23927
[ 27%]   step 23928
[ 27%]   step 23929
[ 27%]   step 23930
+SWASH is processing output request    1
+SWASH is processing output request    2
[ 27%]   step 23931
[ 27%]   step 23932
[ 27%]   step 23933
[ 27%]   step 23934
[ 27%]   step 23935
[ 27%]   step 23936
[ 27%]   step 23937
[ 27%]   step 23938
[ 27%]   step 23939
[ 27%]   step 23940
[ 27%]   step 23941
[ 27%]   step 23942
[ 27%]   step 23943
[ 27%]   step 23944
[ 27%]   step 23945
[ 27%]   step 23946
[ 27%]   step 23947
[ 27%]   step 23948
[ 27%]   step 23949
[ 27%]   step 23950
[ 27%]   step 23951
[ 27%]   step 23952
[ 27%]   step 23953
[ 27%]   step 23954
[ 27%]   step 23955
[ 27%]   step 23956
[ 27%]   step 23957
[ 27%]   step 23958
[ 27%]   step 23959
[ 27%]   step 23960
[ 27%]   step 23961
[ 27%]   step 23962
[ 27%]   step 23963
[ 27%]   step 23964
[ 27%]   step 23965
[ 27%]   step 23966
[ 27%]   step 23967
[ 27%]   step 23968
[ 27%]   step 23969
[ 27%]   step 23970
[ 27%]   step 23971
[ 27%]   step 23972
[ 27%]   step 23973
[ 27%]   step 23974
[ 27%]   step 23975
[ 27%]   step 23976
[ 27%]   step 23977
[ 27%]   step 23978
[ 27%]   step 23979
[ 27%]   step 23980
[ 27%]   step 23981
[ 27%]   step 23982
[ 27%]   step 23983
[ 27%]   step 23984
[ 27%]   step 23985
[ 27%]   step 23986
[ 27%]   step 23987
[ 27%]   step 23988
[ 27%]   step 23989
[ 27%]   step 23990
[ 27%]   step 23991
[ 27%]   step 23992
[ 27%]   step 23993
[ 27%]   step 23994
[ 27%]   step 23995
[ 27%]   step 23996
[ 27%]   step 23997
[ 27%]   step 23998
[ 27%]   step 23999
[ 27%]   step 24000
[ 27%]   step 24001
[ 27%]   step 24002
[ 27%]   step 24003
[ 27%]   step 24004
[ 27%]   step 24005
[ 27%]   step 24006
[ 27%]   step 24007
[ 27%]   step 24008
[ 27%]   step 24009
[ 27%]   step 24010
[ 27%]   step 24011
[ 27%]   step 24012
[ 27%]   step 24013
[ 27%]   step 24014
[ 27%]   step 24015
[ 27%]   step 24016
[ 27%]   step 24017
[ 27%]   step 24018
[ 27%]   step 24019
[ 27%]   step 24020
[ 27%]   step 24021
[ 27%]   step 24022
[ 27%]   step 24023
[ 27%]   step 24024
[ 27%]   step 24025
[ 27%]   step 24026
[ 27%]   step 24027
[ 27%]   step 24028
[ 27%]   step 24029
[ 27%]   step 24030
[ 27%]   step 24031
[ 27%]   step 24032
[ 27%]   step 24033
[ 27%]   step 24034
[ 27%]   step 24035
[ 27%]   step 24036
[ 27%]   step 24037
[ 27%]   step 24038
[ 27%]   step 24039
[ 27%]   step 24040
[ 27%]   step 24041
[ 27%]   step 24042
[ 27%]   step 24043
[ 27%]   step 24044
+SWASH is processing output request    1
+SWASH is processing output request    2
[ 27%]   step 24045
[ 27%]   step 24046
[ 27%]   step 24047
[ 27%]   step 24048
[ 27%]   step 24049
[ 27%]   step 24050
[ 27%]   step 24051
[ 27%]   step 24052
[ 27%]   step 24053
[ 27%]   step 24054
[ 27%]   step 24055
[ 27%]   step 24056
[ 27%]   step 24057
[ 27%]   step 24058
[ 27%]   step 24059
[ 27%]   step 24060
[ 27%]   step 24061
[ 27%]   step 24062
[ 27%]   step 24063
[ 27%]   step 24064
[ 27%]   step 24065
[ 27%]   step 24066
[ 27%]   step 24067
[ 27%]   step 24068
[ 27%]   step 24069
[ 27%]   step 24070
[ 27%]   step 24071
[ 27%]   step 24072
[ 27%]   step 24073
[ 27%]   step 24074
[ 27%]   step 24075
[ 27%]   step 24076
[ 27%]   step 24077
[ 27%]   step 24078
[ 27%]   step 24079
[ 27%]   step 24080
[ 27%]   step 24081
[ 27%]   step 24082
[ 27%]   step 24083
[ 27%]   step 24084
[ 27%]   step 24085
[ 27%]   step 24086
[ 27%]   step 24087
[ 27%]   step 24088
[ 27%]   step 24089
[ 27%]   step 24090
[ 27%]   step 24091
[ 27%]   step 24092
[ 27%]   step 24093
[ 27%]   step 24094
[ 27%]   step 24095
[ 27%]   step 24096
[ 27%]   step 24097
[ 27%]   step 24098
[ 27%]   step 24099
[ 27%]   step 24100
[ 27%]   step 24101
[ 27%]   step 24102
[ 27%]   step 24103
[ 27%]   step 24104
[ 27%]   step 24105
[ 27%]   step 24106
[ 27%]   step 24107
[ 27%]   step 24108
[ 27%]   step 24109
[ 27%]   step 24110
[ 27%]   step 24111
[ 27%]   step 24112
[ 27%]   step 24113
[ 27%]   step 24114
[ 27%]   step 24115
[ 27%]   step 24116
[ 27%]   step 24117
[ 27%]   step 24118
[ 27%]   step 24119
[ 27%]   step 24120
[ 27%]   step 24121
[ 27%]   step 24122
[ 27%]   step 24123
[ 27%]   step 24124
[ 27%]   step 24125
[ 27%]   step 24126
[ 27%]   step 24127
[ 27%]   step 24128
[ 27%]   step 24129
[ 27%]   step 24130
[ 27%]   step 24131
[ 27%]   step 24132
[ 27%]   step 24133
[ 27%]   step 24134
[ 27%]   step 24135
[ 27%]   step 24136
[ 27%]   step 24137
[ 27%]   step 24138
[ 27%]   step 24139
[ 27%]   step 24140
[ 27%]   step 24141
[ 27%]   step 24142
[ 27%]   step 24143
[ 27%]   step 24144
[ 27%]   step 24145
[ 27%]   step 24146
[ 27%]   step 24147
[ 27%]   step 24148
[ 27%]   step 24149
[ 27%]   step 24150
[ 27%]   step 24151
[ 27%]   step 24152
[ 27%]   step 24153
[ 27%]   step 24154
[ 27%]   step 24155
[ 27%]   step 24156
[ 27%]   step 24157
[ 27%]   step 24158
[ 27%]   step 24159
+SWASH is processing output request    1
+SWASH is processing output request    2
[ 27%]   step 24160
[ 27%]   step 24161
[ 27%]   step 24162
[ 27%]   step 24163
[ 27%]   step 24164
[ 27%]   step 24165
[ 27%]   step 24166
[ 27%]   step 24167
[ 27%]   step 24168
[ 27%]   step 24169
[ 27%]   step 24170
[ 27%]   step 24171
[ 27%]   step 24172
[ 27%]   step 24173
[ 27%]   step 24174
[ 27%]   step 24175
[ 27%]   step 24176
[ 27%]   step 24177
[ 27%]   step 24178
[ 27%]   step 24179
[ 27%]   step 24180
[ 27%]   step 24181
[ 27%]   step 24182
[ 27%]   step 24183
[ 27%]   step 24184
[ 27%]   step 24185
[ 27%]   step 24186
[ 27%]   step 24187
[ 27%]   step 24188
[ 27%]   step 24189
[ 27%]   step 24190
[ 27%]   step 24191
[ 27%]   step 24192
[ 27%]   step 24193
[ 27%]   step 24194
[ 27%]   step 24195
[ 27%]   step 24196
[ 27%]   step 24197
[ 27%]   step 24198
[ 27%]   step 24199
[ 27%]   step 24200
[ 27%]   step 24201
[ 27%]   step 24202
[ 27%]   step 24203
[ 27%]   step 24204
[ 27%]   step 24205
[ 27%]   step 24206
[ 27%]   step 24207
[ 27%]   step 24208
[ 27%]   step 24209
[ 27%]   step 24210
[ 27%]   step 24211
[ 27%]   step 24212
[ 27%]   step 24213
[ 27%]   step 24214
[ 27%]   step 24215
[ 27%]   step 24216
[ 27%]   step 24217
[ 27%]   step 24218
[ 27%]   step 24219
[ 27%]   step 24220
[ 27%]   step 24221
[ 27%]   step 24222
[ 27%]   step 24223
[ 27%]   step 24224
[ 27%]   step 24225
[ 27%]   step 24226
[ 27%]   step 24227
[ 27%]   step 24228
[ 27%]   step 24229
[ 27%]   step 24230
[ 27%]   step 24231
[ 27%]   step 24232
[ 27%]   step 24233
[ 27%]   step 24234
[ 27%]   step 24235
[ 27%]   step 24236
[ 27%]   step 24237
[ 27%]   step 24238
[ 27%]   step 24239
[ 27%]   step 24240
[ 27%]   step 24241
[ 27%]   step 24242
[ 27%]   step 24243
[ 27%]   step 24244
[ 27%]   step 24245
[ 27%]   step 24246
[ 27%]   step 24247
[ 27%]   step 24248
[ 27%]   step 24249
[ 27%]   step 24250
[ 27%]   step 24251
[ 27%]   step 24252
[ 27%]   step 24253
[ 27%]   step 24254
[ 27%]   step 24255
[ 27%]   step 24256
[ 27%]   step 24257
[ 27%]   step 24258
[ 27%]   step 24259
[ 27%]   step 24260
[ 27%]   step 24261
[ 27%]   step 24262
[ 27%]   step 24263
[ 27%]   step 24264
[ 27%]   step 24265
[ 27%]   step 24266
[ 27%]   step 24267
[ 27%]   step 24268
[ 27%]   step 24269
[ 27%]   step 24270
[ 27%]   step 24271
[ 27%]   step 24272
[ 27%]   step 24273
+SWASH is processing output request    1
+SWASH is processing output request    2
[ 27%]   step 24274
[ 27%]   step 24275
[ 27%]   step 24276
[ 27%]   step 24277
[ 27%]   step 24278
[ 27%]   step 24279
[ 27%]   step 24280
[ 27%]   step 24281
[ 27%]   step 24282
[ 27%]   step 24283
[ 27%]   step 24284
[ 27%]   step 24285
[ 27%]   step 24286
[ 27%]   step 24287
[ 27%]   step 24288
[ 27%]   step 24289
[ 27%]   step 24290
[ 27%]   step 24291
[ 27%]   step 24292
[ 27%]   step 24293
[ 27%]   step 24294
[ 27%]   step 24295
[ 27%]   step 24296
[ 27%]   step 24297
[ 27%]   step 24298
[ 27%]   step 24299
[ 27%]   step 24300
[ 27%]   step 24301
[ 27%]   step 24302
[ 27%]   step 24303
[ 27%]   step 24304
[ 27%]   step 24305
[ 27%]   step 24306
[ 27%]   step 24307
[ 27%]   step 24308
[ 27%]   step 24309
[ 27%]   step 24310
[ 27%]   step 24311
[ 27%]   step 24312
[ 27%]   step 24313
[ 27%]   step 24314
[ 27%]   step 24315
[ 27%]   step 24316
[ 27%]   step 24317
[ 27%]   step 24318
[ 27%]   step 24319
[ 27%]   step 24320
[ 27%]   step 24321
[ 27%]   step 24322
[ 27%]   step 24323
[ 27%]   step 24324
[ 27%]   step 24325
[ 27%]   step 24326
[ 27%]   step 24327
[ 27%]   step 24328
[ 27%]   step 24329
[ 27%]   step 24330
[ 27%]   step 24331
[ 27%]   step 24332
[ 27%]   step 24333
[ 27%]   step 24334
[ 27%]   step 24335
[ 27%]   step 24336
[ 27%]   step 24337
[ 27%]   step 24338
[ 27%]   step 24339
[ 27%]   step 24340
[ 27%]   step 24341
[ 27%]   step 24342
[ 27%]   step 24343
[ 27%]   step 24344
[ 27%]   step 24345
[ 27%]   step 24346
[ 27%]   step 24347
[ 27%]   step 24348
[ 27%]   step 24349
[ 27%]   step 24350
[ 27%]   step 24351
[ 27%]   step 24352
[ 27%]   step 24353
[ 27%]   step 24354
[ 27%]   step 24355
[ 27%]   step 24356
[ 27%]   step 24357
[ 27%]   step 24358
[ 27%]   step 24359
[ 27%]   step 24360
[ 27%]   step 24361
[ 27%]   step 24362
[ 27%]   step 24363
[ 27%]   step 24364
[ 27%]   step 24365
[ 27%]   step 24366
[ 27%]   step 24367
[ 27%]   step 24368
[ 27%]   step 24369
[ 27%]   step 24370
[ 27%]   step 24371
[ 27%]   step 24372
[ 27%]   step 24373
[ 27%]   step 24374
[ 27%]   step 24375
[ 27%]   step 24376
[ 27%]   step 24377
[ 27%]   step 24378
[ 27%]   step 24379
[ 27%]   step 24380
[ 27%]   step 24381
[ 27%]   step 24382
[ 27%]   step 24383
[ 27%]   step 24384
[ 27%]   step 24385
[ 27%]   step 24386
[ 27%]   step 24387
[ 27%]   step 24388
+SWASH is processing output request    1
+SWASH is processing output request    2
[ 27%]   step 24389
[ 27%]   step 24390
[ 27%]   step 24391
[ 27%]   step 24392
[ 27%]   step 24393
[ 27%]   step 24394
[ 27%]   step 24395
[ 27%]   step 24396
[ 27%]   step 24397
[ 27%]   step 24398
[ 27%]   step 24399
[ 27%]   step 24400
[ 27%]   step 24401
[ 27%]   step 24402
[ 27%]   step 24403
[ 27%]   step 24404
[ 27%]   step 24405
[ 27%]   step 24406
[ 27%]   step 24407
[ 27%]   step 24408
[ 27%]   step 24409
[ 27%]   step 24410
[ 27%]   step 24411
[ 27%]   step 24412
[ 27%]   step 24413
[ 27%]   step 24414
[ 27%]   step 24415
[ 27%]   step 24416
[ 27%]   step 24417
[ 27%]   step 24418
[ 27%]   step 24419
[ 27%]   step 24420
[ 27%]   step 24421
[ 27%]   step 24422
[ 27%]   step 24423
[ 27%]   step 24424
[ 27%]   step 24425
[ 27%]   step 24426
[ 27%]   step 24427
[ 27%]   step 24428
[ 27%]   step 24429
[ 27%]   step 24430
[ 27%]   step 24431
[ 27%]   step 24432
[ 27%]   step 24433
[ 27%]   step 24434
[ 27%]   step 24435
[ 27%]   step 24436
[ 27%]   step 24437
[ 27%]   step 24438
[ 27%]   step 24439
[ 27%]   step 24440
[ 27%]   step 24441
[ 27%]   step 24442
[ 27%]   step 24443
[ 27%]   step 24444
[ 27%]   step 24445
[ 27%]   step 24446
[ 27%]   step 24447
[ 27%]   step 24448
[ 27%]   step 24449
[ 27%]   step 24450
[ 27%]   step 24451
[ 27%]   step 24452
[ 27%]   step 24453
[ 27%]   step 24454
[ 27%]   step 24455
[ 27%]   step 24456
[ 27%]   step 24457
[ 27%]   step 24458
[ 27%]   step 24459
[ 27%]   step 24460
[ 27%]   step 24461
[ 27%]   step 24462
[ 27%]   step 24463
[ 27%]   step 24464
[ 27%]   step 24465
[ 27%]   step 24466
[ 27%]   step 24467
[ 27%]   step 24468
[ 27%]   step 24469
[ 27%]   step 24470
[ 27%]   step 24471
[ 27%]   step 24472
[ 27%]   step 24473
[ 27%]   step 24474
[ 27%]   step 24475
[ 27%]   step 24476
[ 27%]   step 24477
[ 27%]   step 24478
[ 27%]   step 24479
[ 27%]   step 24480
[ 27%]   step 24481
[ 27%]   step 24482
[ 27%]   step 24483
[ 27%]   step 24484
[ 27%]   step 24485
[ 27%]   step 24486
[ 27%]   step 24487
[ 27%]   step 24488
[ 27%]   step 24489
[ 27%]   step 24490
[ 27%]   step 24491
[ 27%]   step 24492
[ 27%]   step 24493
[ 27%]   step 24494
[ 27%]   step 24495
[ 27%]   step 24496
[ 27%]   step 24497
[ 27%]   step 24498
[ 27%]   step 24499
[ 27%]   step 24500
[ 27%]   step 24501
[ 27%]   step 24502
+SWASH is processing output request    1
+SWASH is processing output request    2
[ 27%]   step 24503
[ 27%]   step 24504
[ 27%]   step 24505
[ 27%]   step 24506
[ 27%]   step 24507
[ 27%]   step 24508
[ 27%]   step 24509
[ 27%]   step 24510
[ 27%]   step 24511
[ 27%]   step 24512
[ 27%]   step 24513
[ 27%]   step 24514
[ 27%]   step 24515
[ 27%]   step 24516
[ 27%]   step 24517
[ 27%]   step 24518
[ 27%]   step 24519
[ 27%]   step 24520
[ 27%]   step 24521
[ 27%]   step 24522
[ 27%]   step 24523
[ 27%]   step 24524
[ 27%]   step 24525
[ 27%]   step 24526
[ 27%]   step 24527
[ 27%]   step 24528
[ 27%]   step 24529
[ 27%]   step 24530
[ 27%]   step 24531
[ 27%]   step 24532
[ 27%]   step 24533
[ 27%]   step 24534
[ 27%]   step 24535
[ 27%]   step 24536
[ 27%]   step 24537
[ 27%]   step 24538
[ 27%]   step 24539
[ 27%]   step 24540
[ 27%]   step 24541
[ 27%]   step 24542
[ 27%]   step 24543
[ 27%]   step 24544
[ 27%]   step 24545
[ 27%]   step 24546
[ 27%]   step 24547
[ 27%]   step 24548
[ 27%]   step 24549
[ 27%]   step 24550
[ 27%]   step 24551
[ 27%]   step 24552
[ 27%]   step 24553
[ 27%]   step 24554
[ 27%]   step 24555
[ 27%]   step 24556
[ 27%]   step 24557
[ 27%]   step 24558
[ 28%]   step 24559
[ 28%]   step 24560
[ 28%]   step 24561
[ 28%]   step 24562
[ 28%]   step 24563
[ 28%]   step 24564
[ 28%]   step 24565
[ 28%]   step 24566
[ 28%]   step 24567
[ 28%]   step 24568
[ 28%]   step 24569
[ 28%]   step 24570
[ 28%]   step 24571
[ 28%]   step 24572
[ 28%]   step 24573
[ 28%]   step 24574
[ 28%]   step 24575
[ 28%]   step 24576
[ 28%]   step 24577
[ 28%]   step 24578
[ 28%]   step 24579
[ 28%]   step 24580
[ 28%]   step 24581
[ 28%]   step 24582
[ 28%]   step 24583
[ 28%]   step 24584
[ 28%]   step 24585
[ 28%]   step 24586
[ 28%]   step 24587
[ 28%]   step 24588
[ 28%]   step 24589
[ 28%]   step 24590
[ 28%]   step 24591
[ 28%]   step 24592
[ 28%]   step 24593
[ 28%]   step 24594
[ 28%]   step 24595
[ 28%]   step 24596
[ 28%]   step 24597
[ 28%]   step 24598
[ 28%]   step 24599
[ 28%]   step 24600
[ 28%]   step 24601
[ 28%]   step 24602
[ 28%]   step 24603
[ 28%]   step 24604
[ 28%]   step 24605
[ 28%]   step 24606
[ 28%]   step 24607
[ 28%]   step 24608
[ 28%]   step 24609
[ 28%]   step 24610
[ 28%]   step 24611
[ 28%]   step 24612
[ 28%]   step 24613
[ 28%]   step 24614
[ 28%]   step 24615
[ 28%]   step 24616
[ 28%]   step 24617
[ 28%]   step 24618
[ 28%]   step 24619
[ 28%]   step 24620
[ 28%]   step 24621
[ 28%]   step 24622
[ 28%]   step 24623
[ 28%]   step 24624
[ 28%]   step 24625
[ 28%]   step 24626
[ 28%]   step 24627
[ 28%]   step 24628
[ 28%]   step 24629
[ 28%]   step 24630
[ 28%]   step 24631
[ 28%]   step 24632
[ 28%]   step 24633
[ 28%]   step 24634
[ 28%]   step 24635
[ 28%]   step 24636
[ 28%]   step 24637
[ 28%]   step 24638
[ 28%]   step 24639
[ 28%]   step 24640
[ 28%]   step 24641
[ 28%]   step 24642
[ 28%]   step 24643
[ 28%]   step 24644
[ 28%]   step 24645
[ 28%]   step 24646
[ 28%]   step 24647
[ 28%]   step 24648
[ 28%]   step 24649
[ 28%]   step 24650
[ 28%]   step 24651
[ 28%]   step 24652
[ 28%]   step 24653
[ 28%]   step 24654
[ 28%]   step 24655
[ 28%]   step 24656
Terminating error: INSTABLE: water level is too far below the bottom level!
