SLURM_CPUS_ON_NODE: 1

 SWASH is preparing computation

+SWASH is processing output request    1
+SWASH is processing output request    2
[  0%]   step 1
[  0%]   step 2
[  0%]   step 3
[  0%]   step 4
[  0%]   step 5
[  0%]   step 6
[  0%]   step 7
[  0%]   step 8
[  0%]   step 9
[  0%]   step 10
[  0%]   step 11
[  0%]   step 12
[  0%]   step 13
[  0%]   step 14
[  0%]   step 15
[  0%]   step 16
[  0%]   step 17
[  0%]   step 18
[  0%]   step 19
[  0%]   step 20
[  0%]   step 21
[  0%]   step 22
[  0%]   step 23
[  0%]   step 24
[  0%]   step 25
[  0%]   step 26
[  0%]   step 27
[  0%]   step 28
[  0%]   step 29
[  0%]   step 30
[  0%]   step 31
[  0%]   step 32
[  0%]   step 33
[  0%]   step 34
[  0%]   step 35
[  0%]   step 36
[  0%]   step 37
[  0%]   step 38
[  0%]   step 39
[  0%]   step 40
[  0%]   step 41
[  0%]   step 42
+SWASH is processing output request    1
+SWASH is processing output request    2
[  0%]   step 43
[  0%]   step 44
[  0%]   step 45
[  0%]   step 46
[  0%]   step 47
[  0%]   step 48
[  0%]   step 49
[  0%]   step 50
[  0%]   step 51
[  0%]   step 52
[  0%]   step 53
[  0%]   step 54
[  0%]   step 55
[  0%]   step 56
[  0%]   step 57
[  0%]   step 58
[  0%]   step 59
[  0%]   step 60
[  0%]   step 61
[  0%]   step 62
[  0%]   step 63
[  0%]   step 64
[  0%]   step 65
[  0%]   step 66
[  0%]   step 67
[  0%]   step 68
[  0%]   step 69
[  0%]   step 70
[  0%]   step 71
[  0%]   step 72
[  0%]   step 73
[  0%]   step 74
[  0%]   step 75
[  0%]   step 76
[  0%]   step 77
[  0%]   step 78
[  0%]   step 79
[  0%]   step 80
[  0%]   step 81
[  0%]   step 82
[  0%]   step 83
+SWASH is processing output request    1
+SWASH is processing output request    2
[  0%]   step 84
[  0%]   step 85
[  0%]   step 86
[  0%]   step 87
[  0%]   step 88
[  0%]   step 89
[  0%]   step 90
[  0%]   step 91
[  0%]   step 92
[  0%]   step 93
[  0%]   step 94
[  0%]   step 95
[  0%]   step 96
[  0%]   step 97
[  0%]   step 98
[  0%]   step 99
[  0%]   step 100
[  0%]   step 101
[  0%]   step 102
[  0%]   step 103
[  0%]   step 104
[  0%]   step 105
[  0%]   step 106
[  0%]   step 107
[  0%]   step 108
[  0%]   step 109
[  0%]   step 110
[  0%]   step 111
[  0%]   step 112
[  0%]   step 113
[  0%]   step 114
[  0%]   step 115
[  0%]   step 116
[  0%]   step 117
[  0%]   step 118
[  0%]   step 119
[  0%]   step 120
[  0%]   step 121
[  0%]   step 122
[  0%]   step 123
[  0%]   step 124
+SWASH is processing output request    1
+SWASH is processing output request    2
[  0%]   step 125
[  0%]   step 126
[  0%]   step 127
[  0%]   step 128
[  0%]   step 129
[  0%]   step 130
[  0%]   step 131
[  0%]   step 132
[  0%]   step 133
[  0%]   step 134
[  0%]   step 135
[  0%]   step 136
[  0%]   step 137
[  0%]   step 138
[  0%]   step 139
[  0%]   step 140
[  0%]   step 141
[  0%]   step 142
[  0%]   step 143
[  0%]   step 144
[  0%]   step 145
[  0%]   step 146
[  0%]   step 147
[  0%]   step 148
[  0%]   step 149
[  0%]   step 150
[  0%]   step 151
[  0%]   step 152
[  0%]   step 153
[  0%]   step 154
[  0%]   step 155
[  0%]   step 156
[  0%]   step 157
[  0%]   step 158
[  0%]   step 159
[  0%]   step 160
[  1%]   step 161
[  1%]   step 162
[  1%]   step 163
[  1%]   step 164
[  1%]   step 165
+SWASH is processing output request    1
+SWASH is processing output request    2
[  1%]   step 166
[  1%]   step 167
[  1%]   step 168
[  1%]   step 169
[  1%]   step 170
[  1%]   step 171
[  1%]   step 172
[  1%]   step 173
[  1%]   step 174
[  1%]   step 175
[  1%]   step 176
[  1%]   step 177
[  1%]   step 178
[  1%]   step 179
[  1%]   step 180
[  1%]   step 181
[  1%]   step 182
[  1%]   step 183
[  1%]   step 184
[  1%]   step 185
[  1%]   step 186
[  1%]   step 187
[  1%]   step 188
[  1%]   step 189
[  1%]   step 190
[  1%]   step 191
[  1%]   step 192
[  1%]   step 193
[  1%]   step 194
[  1%]   step 195
[  1%]   step 196
[  1%]   step 197
[  1%]   step 198
[  1%]   step 199
[  1%]   step 200
[  1%]   step 201
[  1%]   step 202
[  1%]   step 203
[  1%]   step 204
[  1%]   step 205
[  1%]   step 206
+SWASH is processing output request    1
+SWASH is processing output request    2
[  1%]   step 207
[  1%]   step 208
[  1%]   step 209
[  1%]   step 210
[  1%]   step 211
[  1%]   step 212
[  1%]   step 213
[  1%]   step 214
[  1%]   step 215
[  1%]   step 216
[  1%]   step 217
[  1%]   step 218
[  1%]   step 219
[  1%]   step 220
[  1%]   step 221
[  1%]   step 222
[  1%]   step 223
[  1%]   step 224
[  1%]   step 225
[  1%]   step 226
[  1%]   step 227
[  1%]   step 228
[  1%]   step 229
[  1%]   step 230
[  1%]   step 231
[  1%]   step 232
[  1%]   step 233
[  1%]   step 234
[  1%]   step 235
[  1%]   step 236
[  1%]   step 237
[  1%]   step 238
[  1%]   step 239
[  1%]   step 240
[  1%]   step 241
[  1%]   step 242
[  1%]   step 243
[  1%]   step 244
[  1%]   step 245
[  1%]   step 246
[  1%]   step 247
+SWASH is processing output request    1
+SWASH is processing output request    2
[  1%]   step 248
[  1%]   step 249
[  1%]   step 250
[  1%]   step 251
[  1%]   step 252
[  1%]   step 253
[  1%]   step 254
[  1%]   step 255
[  1%]   step 256
[  1%]   step 257
[  1%]   step 258
[  1%]   step 259
[  1%]   step 260
[  1%]   step 261
[  1%]   step 262
[  1%]   step 263
[  1%]   step 264
[  1%]   step 265
[  1%]   step 266
[  1%]   step 267
[  1%]   step 268
[  1%]   step 269
[  1%]   step 270
[  1%]   step 271
[  1%]   step 272
[  1%]   step 273
[  1%]   step 274
[  1%]   step 275
[  1%]   step 276
[  1%]   step 277
[  1%]   step 278
[  1%]   step 279
[  1%]   step 280
[  1%]   step 281
[  1%]   step 282
[  1%]   step 283
[  1%]   step 284
[  1%]   step 285
[  1%]   step 286
[  1%]   step 287
[  1%]   step 288
+SWASH is processing output request    1
+SWASH is processing output request    2
[  1%]   step 289
[  1%]   step 290
[  1%]   step 291
[  1%]   step 292
[  1%]   step 293
[  1%]   step 294
[  1%]   step 295
[  1%]   step 296
[  1%]   step 297
[  1%]   step 298
[  1%]   step 299
[  1%]   step 300
[  1%]   step 301
[  1%]   step 302
[  1%]   step 303
[  1%]   step 304
[  1%]   step 305
[  1%]   step 306
[  1%]   step 307
[  1%]   step 308
[  1%]   step 309
[  1%]   step 310
[  1%]   step 311
[  1%]   step 312
[  1%]   step 313
[  1%]   step 314
[  1%]   step 315
[  1%]   step 316
[  1%]   step 317
[  1%]   step 318
[  1%]   step 319
[  1%]   step 320
[  1%]   step 321
[  1%]   step 322
[  1%]   step 323
[  1%]   step 324
[  1%]   step 325
[  1%]   step 326
[  1%]   step 327
[  1%]   step 328
[  1%]   step 329
+SWASH is processing output request    1
+SWASH is processing output request    2
[  1%]   step 330
[  1%]   step 331
[  1%]   step 332
[  1%]   step 333
[  1%]   step 334
[  1%]   step 335
[  1%]   step 336
[  1%]   step 337
[  1%]   step 338
[  1%]   step 339
[  1%]   step 340
[  1%]   step 341
[  1%]   step 342
[  1%]   step 343
[  1%]   step 344
[  1%]   step 345
[  1%]   step 346
[  1%]   step 347
[  1%]   step 348
[  1%]   step 349
[  1%]   step 350
[  1%]   step 351
[  1%]   step 352
[  1%]   step 353
[  1%]   step 354
[  1%]   step 355
[  1%]   step 356
[  1%]   step 357
[  1%]   step 358
[  1%]   step 359
[  1%]   step 360
[  1%]   step 361
[  1%]   step 362
[  1%]   step 363
[  1%]   step 364
[  1%]   step 365
[  1%]   step 366
[  1%]   step 367
[  1%]   step 368
[  1%]   step 369
[  1%]   step 370
+SWASH is processing output request    1
+SWASH is processing output request    2
[  1%]   step 371
[  1%]   step 372
[  1%]   step 373
[  1%]   step 374
[  1%]   step 375
[  1%]   step 376
[  1%]   step 377
[  1%]   step 378
[  1%]   step 379
[  1%]   step 380
[  1%]   step 381
[  1%]   step 382
[  1%]   step 383
[  1%]   step 384
[  1%]   step 385
[  1%]   step 386
[  1%]   step 387
[  1%]   step 388
[  1%]   step 389
[  1%]   step 390
[  1%]   step 391
[  1%]   step 392
[  1%]   step 393
[  1%]   step 394
[  1%]   step 395
[  1%]   step 396
[  1%]   step 397
[  1%]   step 398
[  1%]   step 399
[  1%]   step 400
[  1%]   step 401
[  1%]   step 402
[  1%]   step 403
[  1%]   step 404
[  1%]   step 405
[  1%]   step 406
[  1%]   step 407
[  1%]   step 408
[  1%]   step 409
[  1%]   step 410
[  1%]   step 411
+SWASH is processing output request    1
+SWASH is processing output request    2
[  1%]   step 412
[  1%]   step 413
[  1%]   step 414
[  1%]   step 415
[  1%]   step 416
[  1%]   step 417
[  1%]   step 418
[  1%]   step 419
[  1%]   step 420
[  1%]   step 421
[  1%]   step 422
[  1%]   step 423
[  1%]   step 424
[  1%]   step 425
[  1%]   step 426
[  1%]   step 427
[  1%]   step 428
[  1%]   step 429
[  1%]   step 430
[  1%]   step 431
[  1%]   step 432
[  1%]   step 433
[  1%]   step 434
[  1%]   step 435
[  1%]   step 436
[  1%]   step 437
[  1%]   step 438
[  1%]   step 439
[  1%]   step 440
[  1%]   step 441
[  1%]   step 442
[  1%]   step 443
[  1%]   step 444
[  1%]   step 445
[  1%]   step 446
[  1%]   step 447
[  1%]   step 448
[  1%]   step 449
[  1%]   step 450
[  1%]   step 451
[  1%]   step 452
+SWASH is processing output request    1
+SWASH is processing output request    2
[  1%]   step 453
[  1%]   step 454
[  1%]   step 455
[  1%]   step 456
[  1%]   step 457
[  1%]   step 458
[  1%]   step 459
[  1%]   step 460
[  1%]   step 461
[  1%]   step 462
[  1%]   step 463
[  1%]   step 464
[  1%]   step 465
[  1%]   step 466
[  1%]   step 467
[  1%]   step 468
[  1%]   step 469
[  1%]   step 470
[  1%]   step 471
[  1%]   step 472
[  1%]   step 473
[  1%]   step 474
[  1%]   step 475
[  1%]   step 476
[  1%]   step 477
[  1%]   step 478
[  1%]   step 479
[  1%]   step 480
[  2%]   step 481
[  2%]   step 482
[  2%]   step 483
[  2%]   step 484
[  2%]   step 485
[  2%]   step 486
[  2%]   step 487
[  2%]   step 488
[  2%]   step 489
[  2%]   step 490
[  2%]   step 491
[  2%]   step 492
[  2%]   step 493
+SWASH is processing output request    1
+SWASH is processing output request    2
[  2%]   step 494
[  2%]   step 495
[  2%]   step 496
[  2%]   step 497
[  2%]   step 498
[  2%]   step 499
[  2%]   step 500
[  2%]   step 501
[  2%]   step 502
[  2%]   step 503
[  2%]   step 504
[  2%]   step 505
[  2%]   step 506
[  2%]   step 507
[  2%]   step 508
[  2%]   step 509
[  2%]   step 510
[  2%]   step 511
[  2%]   step 512
[  2%]   step 513
[  2%]   step 514
[  2%]   step 515
[  2%]   step 516
[  2%]   step 517
[  2%]   step 518
[  2%]   step 519
[  2%]   step 520
[  2%]   step 521
[  2%]   step 522
[  2%]   step 523
[  2%]   step 524
[  2%]   step 525
[  2%]   step 526
[  2%]   step 527
[  2%]   step 528
[  2%]   step 529
[  2%]   step 530
[  2%]   step 531
[  2%]   step 532
[  2%]   step 533
[  2%]   step 534
[  2%]   step 535
+SWASH is processing output request    1
+SWASH is processing output request    2
[  2%]   step 536
[  2%]   step 537
[  2%]   step 538
[  2%]   step 539
[  2%]   step 540
[  2%]   step 541
[  2%]   step 542
[  2%]   step 543
[  2%]   step 544
[  2%]   step 545
[  2%]   step 546
[  2%]   step 547
[  2%]   step 548
[  2%]   step 549
[  2%]   step 550
[  2%]   step 551
[  2%]   step 552
[  2%]   step 553
[  2%]   step 554
[  2%]   step 555
[  2%]   step 556
[  2%]   step 557
[  2%]   step 558
[  2%]   step 559
[  2%]   step 560
[  2%]   step 561
[  2%]   step 562
[  2%]   step 563
[  2%]   step 564
[  2%]   step 565
[  2%]   step 566
[  2%]   step 567
[  2%]   step 568
[  2%]   step 569
[  2%]   step 570
[  2%]   step 571
[  2%]   step 572
[  2%]   step 573
[  2%]   step 574
[  2%]   step 575
[  2%]   step 576
+SWASH is processing output request    1
+SWASH is processing output request    2
[  2%]   step 577
[  2%]   step 578
[  2%]   step 579
[  2%]   step 580
[  2%]   step 581
[  2%]   step 582
[  2%]   step 583
[  2%]   step 584
[  2%]   step 585
[  2%]   step 586
[  2%]   step 587
[  2%]   step 588
[  2%]   step 589
[  2%]   step 590
[  2%]   step 591
[  2%]   step 592
[  2%]   step 593
[  2%]   step 594
[  2%]   step 595
[  2%]   step 596
[  2%]   step 597
[  2%]   step 598
[  2%]   step 599
[  2%]   step 600
[  2%]   step 601
[  2%]   step 602
[  2%]   step 603
[  2%]   step 604
[  2%]   step 605
[  2%]   step 606
[  2%]   step 607
[  2%]   step 608
[  2%]   step 609
[  2%]   step 610
[  2%]   step 611
[  2%]   step 612
[  2%]   step 613
[  2%]   step 614
[  2%]   step 615
[  2%]   step 616
[  2%]   step 617
+SWASH is processing output request    1
+SWASH is processing output request    2
[  2%]   step 618
[  2%]   step 619
[  2%]   step 620
[  2%]   step 621
[  2%]   step 622
[  2%]   step 623
[  2%]   step 624
[  2%]   step 625
[  2%]   step 626
[  2%]   step 627
[  2%]   step 628
[  2%]   step 629
[  2%]   step 630
[  2%]   step 631
[  2%]   step 632
[  2%]   step 633
[  2%]   step 634
[  2%]   step 635
[  2%]   step 636
[  2%]   step 637
[  2%]   step 638
[  2%]   step 639
[  2%]   step 640
[  2%]   step 641
[  2%]   step 642
[  2%]   step 643
[  2%]   step 644
[  2%]   step 645
[  2%]   step 646
[  2%]   step 647
[  2%]   step 648
[  2%]   step 649
[  2%]   step 650
[  2%]   step 651
[  2%]   step 652
[  2%]   step 653
[  2%]   step 654
[  2%]   step 655
[  2%]   step 656
[  2%]   step 657
[  2%]   step 658
+SWASH is processing output request    1
+SWASH is processing output request    2
[  2%]   step 659
[  2%]   step 660
[  2%]   step 661
[  2%]   step 662
[  2%]   step 663
[  2%]   step 664
[  2%]   step 665
[  2%]   step 666
[  2%]   step 667
[  2%]   step 668
[  2%]   step 669
[  2%]   step 670
[  2%]   step 671
[  2%]   step 672
[  2%]   step 673
[  2%]   step 674
[  2%]   step 675
[  2%]   step 676
[  2%]   step 677
[  2%]   step 678
[  2%]   step 679
[  2%]   step 680
[  2%]   step 681
[  2%]   step 682
[  2%]   step 683
[  2%]   step 684
[  2%]   step 685
[  2%]   step 686
[  2%]   step 687
[  2%]   step 688
[  2%]   step 689
[  2%]   step 690
[  2%]   step 691
[  2%]   step 692
[  2%]   step 693
[  2%]   step 694
[  2%]   step 695
[  2%]   step 696
[  2%]   step 697
[  2%]   step 698
[  2%]   step 699
+SWASH is processing output request    1
+SWASH is processing output request    2
[  2%]   step 700
[  2%]   step 701
[  2%]   step 702
[  2%]   step 703
[  2%]   step 704
[  2%]   step 705
[  2%]   step 706
[  2%]   step 707
[  2%]   step 708
[  2%]   step 709
[  2%]   step 710
[  2%]   step 711
[  2%]   step 712
[  2%]   step 713
[  2%]   step 714
[  2%]   step 715
[  2%]   step 716
[  2%]   step 717
[  2%]   step 718
[  2%]   step 719
[  2%]   step 720
[  2%]   step 721
[  2%]   step 722
[  2%]   step 723
[  2%]   step 724
[  2%]   step 725
[  2%]   step 726
[  2%]   step 727
[  2%]   step 728
[  2%]   step 729
[  2%]   step 730
[  2%]   step 731
[  2%]   step 732
[  2%]   step 733
[  2%]   step 734
[  2%]   step 735
[  2%]   step 736
[  2%]   step 737
[  2%]   step 738
[  2%]   step 739
[  2%]   step 740
+SWASH is processing output request    1
+SWASH is processing output request    2
[  2%]   step 741
[  2%]   step 742
[  2%]   step 743
[  2%]   step 744
[  2%]   step 745
[  2%]   step 746
[  2%]   step 747
[  2%]   step 748
[  2%]   step 749
[  2%]   step 750
[  2%]   step 751
[  2%]   step 752
[  2%]   step 753
[  2%]   step 754
[  2%]   step 755
[  2%]   step 756
[  2%]   step 757
[  2%]   step 758
[  2%]   step 759
[  2%]   step 760
[  2%]   step 761
[  2%]   step 762
[  2%]   step 763
[  2%]   step 764
[  2%]   step 765
[  2%]   step 766
[  2%]   step 767
[  2%]   step 768
[  2%]   step 769
[  2%]   step 770
[  2%]   step 771
[  2%]   step 772
[  2%]   step 773
[  2%]   step 774
[  2%]   step 775
[  2%]   step 776
[  2%]   step 777
[  2%]   step 778
[  2%]   step 779
[  2%]   step 780
[  2%]   step 781
+SWASH is processing output request    1
+SWASH is processing output request    2
[  2%]   step 782
[  2%]   step 783
[  2%]   step 784
[  2%]   step 785
[  2%]   step 786
[  2%]   step 787
[  2%]   step 788
[  2%]   step 789
[  2%]   step 790
[  2%]   step 791
[  2%]   step 792
[  2%]   step 793
[  2%]   step 794
[  2%]   step 795
[  2%]   step 796
[  2%]   step 797
[  2%]   step 798
[  2%]   step 799
[  2%]   step 800
[  2%]   step 801
[  3%]   step 802
[  3%]   step 803
[  3%]   step 804
[  3%]   step 805
[  3%]   step 806
[  3%]   step 807
[  3%]   step 808
[  3%]   step 809
[  3%]   step 810
[  3%]   step 811
[  3%]   step 812
[  3%]   step 813
[  3%]   step 814
[  3%]   step 815
[  3%]   step 816
[  3%]   step 817
[  3%]   step 818
[  3%]   step 819
[  3%]   step 820
[  3%]   step 821
[  3%]   step 822
+SWASH is processing output request    1
+SWASH is processing output request    2
[  3%]   step 823
[  3%]   step 824
[  3%]   step 825
[  3%]   step 826
[  3%]   step 827
[  3%]   step 828
[  3%]   step 829
[  3%]   step 830
[  3%]   step 831
[  3%]   step 832
[  3%]   step 833
[  3%]   step 834
[  3%]   step 835
[  3%]   step 836
[  3%]   step 837
[  3%]   step 838
[  3%]   step 839
[  3%]   step 840
[  3%]   step 841
[  3%]   step 842
[  3%]   step 843
[  3%]   step 844
[  3%]   step 845
[  3%]   step 846
[  3%]   step 847
[  3%]   step 848
[  3%]   step 849
[  3%]   step 850
[  3%]   step 851
[  3%]   step 852
[  3%]   step 853
[  3%]   step 854
[  3%]   step 855
[  3%]   step 856
[  3%]   step 857
[  3%]   step 858
[  3%]   step 859
[  3%]   step 860
[  3%]   step 861
[  3%]   step 862
[  3%]   step 863
+SWASH is processing output request    1
+SWASH is processing output request    2
[  3%]   step 864
[  3%]   step 865
[  3%]   step 866
[  3%]   step 867
[  3%]   step 868
[  3%]   step 869
[  3%]   step 870
[  3%]   step 871
[  3%]   step 872
[  3%]   step 873
[  3%]   step 874
[  3%]   step 875
[  3%]   step 876
[  3%]   step 877
[  3%]   step 878
[  3%]   step 879
[  3%]   step 880
[  3%]   step 881
[  3%]   step 882
[  3%]   step 883
[  3%]   step 884
[  3%]   step 885
[  3%]   step 886
[  3%]   step 887
[  3%]   step 888
[  3%]   step 889
[  3%]   step 890
[  3%]   step 891
[  3%]   step 892
[  3%]   step 893
[  3%]   step 894
[  3%]   step 895
[  3%]   step 896
[  3%]   step 897
[  3%]   step 898
[  3%]   step 899
[  3%]   step 900
[  3%]   step 901
[  3%]   step 902
[  3%]   step 903
[  3%]   step 904
+SWASH is processing output request    1
+SWASH is processing output request    2
[  3%]   step 905
[  3%]   step 906
[  3%]   step 907
[  3%]   step 908
[  3%]   step 909
[  3%]   step 910
[  3%]   step 911
[  3%]   step 912
[  3%]   step 913
[  3%]   step 914
[  3%]   step 915
[  3%]   step 916
[  3%]   step 917
[  3%]   step 918
[  3%]   step 919
[  3%]   step 920
[  3%]   step 921
[  3%]   step 922
[  3%]   step 923
[  3%]   step 924
[  3%]   step 925
[  3%]   step 926
[  3%]   step 927
[  3%]   step 928
[  3%]   step 929
[  3%]   step 930
[  3%]   step 931
[  3%]   step 932
[  3%]   step 933
[  3%]   step 934
[  3%]   step 935
[  3%]   step 936
[  3%]   step 937
[  3%]   step 938
[  3%]   step 939
[  3%]   step 940
[  3%]   step 941
[  3%]   step 942
[  3%]   step 943
[  3%]   step 944
[  3%]   step 945
+SWASH is processing output request    1
+SWASH is processing output request    2
[  3%]   step 946
[  3%]   step 947
[  3%]   step 948
[  3%]   step 949
[  3%]   step 950
[  3%]   step 951
[  3%]   step 952
[  3%]   step 953
[  3%]   step 954
[  3%]   step 955
[  3%]   step 956
[  3%]   step 957
[  3%]   step 958
[  3%]   step 959
[  3%]   step 960
[  3%]   step 961
[  3%]   step 962
[  3%]   step 963
[  3%]   step 964
[  3%]   step 965
[  3%]   step 966
[  3%]   step 967
[  3%]   step 968
[  3%]   step 969
[  3%]   step 970
[  3%]   step 971
[  3%]   step 972
[  3%]   step 973
[  3%]   step 974
[  3%]   step 975
[  3%]   step 976
[  3%]   step 977
[  3%]   step 978
[  3%]   step 979
[  3%]   step 980
[  3%]   step 981
[  3%]   step 982
[  3%]   step 983
[  3%]   step 984
[  3%]   step 985
[  3%]   step 986
+SWASH is processing output request    1
+SWASH is processing output request    2
[  3%]   step 987
[  3%]   step 988
[  3%]   step 989
[  3%]   step 990
[  3%]   step 991
[  3%]   step 992
[  3%]   step 993
[  3%]   step 994
[  3%]   step 995
[  3%]   step 996
[  3%]   step 997
[  3%]   step 998
[  3%]   step 999
[  3%]   step 1000
[  3%]   step 1001
[  3%]   step 1002
[  3%]   step 1003
[  3%]   step 1004
[  3%]   step 1005
[  3%]   step 1006
[  3%]   step 1007
[  3%]   step 1008
[  3%]   step 1009
[  3%]   step 1010
[  3%]   step 1011
[  3%]   step 1012
[  3%]   step 1013
[  3%]   step 1014
[  3%]   step 1015
[  3%]   step 1016
[  3%]   step 1017
[  3%]   step 1018
[  3%]   step 1019
[  3%]   step 1020
[  3%]   step 1021
[  3%]   step 1022
[  3%]   step 1023
[  3%]   step 1024
[  3%]   step 1025
[  3%]   step 1026
[  3%]   step 1027
+SWASH is processing output request    1
+SWASH is processing output request    2
[  3%]   step 1028
[  3%]   step 1029
[  3%]   step 1030
[  3%]   step 1031
[  3%]   step 1032
[  3%]   step 1033
[  3%]   step 1034
[  3%]   step 1035
[  3%]   step 1036
[  3%]   step 1037
[  3%]   step 1038
[  3%]   step 1039
[  3%]   step 1040
[  3%]   step 1041
[  3%]   step 1042
[  3%]   step 1043
[  3%]   step 1044
[  3%]   step 1045
[  3%]   step 1046
[  3%]   step 1047
[  3%]   step 1048
[  3%]   step 1049
[  3%]   step 1050
[  3%]   step 1051
[  3%]   step 1052
[  3%]   step 1053
[  3%]   step 1054
[  3%]   step 1055
[  3%]   step 1056
[  3%]   step 1057
[  3%]   step 1058
[  3%]   step 1059
[  3%]   step 1060
[  3%]   step 1061
[  3%]   step 1062
[  3%]   step 1063
[  3%]   step 1064
[  3%]   step 1065
[  3%]   step 1066
[  3%]   step 1067
[  3%]   step 1068
[  3%]   step 1069
+SWASH is processing output request    1
+SWASH is processing output request    2
[  3%]   step 1070
[  3%]   step 1071
[  3%]   step 1072
[  3%]   step 1073
[  3%]   step 1074
[  3%]   step 1075
[  3%]   step 1076
[  3%]   step 1077
[  3%]   step 1078
[  3%]   step 1079
[  3%]   step 1080
[  3%]   step 1081
[  3%]   step 1082
[  3%]   step 1083
[  3%]   step 1084
[  3%]   step 1085
[  3%]   step 1086
[  3%]   step 1087
[  3%]   step 1088
[  3%]   step 1089
[  3%]   step 1090
[  3%]   step 1091
[  3%]   step 1092
[  3%]   step 1093
[  3%]   step 1094
[  3%]   step 1095
[  3%]   step 1096
[  3%]   step 1097
[  3%]   step 1098
[  3%]   step 1099
[  3%]   step 1100
[  3%]   step 1101
[  3%]   step 1102
[  3%]   step 1103
[  3%]   step 1104
[  3%]   step 1105
[  3%]   step 1106
[  3%]   step 1107
[  3%]   step 1108
[  3%]   step 1109
[  3%]   step 1110
+SWASH is processing output request    1
+SWASH is processing output request    2
[  3%]   step 1111
[  3%]   step 1112
[  3%]   step 1113
[  3%]   step 1114
[  3%]   step 1115
[  3%]   step 1116
[  3%]   step 1117
[  3%]   step 1118
[  3%]   step 1119
[  3%]   step 1120
[  3%]   step 1121
[  4%]   step 1122
[  4%]   step 1123
[  4%]   step 1124
[  4%]   step 1125
[  4%]   step 1126
[  4%]   step 1127
[  4%]   step 1128
[  4%]   step 1129
[  4%]   step 1130
[  4%]   step 1131
[  4%]   step 1132
[  4%]   step 1133
[  4%]   step 1134
[  4%]   step 1135
[  4%]   step 1136
[  4%]   step 1137
[  4%]   step 1138
[  4%]   step 1139
[  4%]   step 1140
[  4%]   step 1141
[  4%]   step 1142
[  4%]   step 1143
[  4%]   step 1144
[  4%]   step 1145
[  4%]   step 1146
[  4%]   step 1147
[  4%]   step 1148
[  4%]   step 1149
[  4%]   step 1150
[  4%]   step 1151
+SWASH is processing output request    1
+SWASH is processing output request    2
[  4%]   step 1152
[  4%]   step 1153
[  4%]   step 1154
[  4%]   step 1155
[  4%]   step 1156
[  4%]   step 1157
[  4%]   step 1158
[  4%]   step 1159
[  4%]   step 1160
[  4%]   step 1161
[  4%]   step 1162
[  4%]   step 1163
[  4%]   step 1164
[  4%]   step 1165
[  4%]   step 1166
[  4%]   step 1167
[  4%]   step 1168
[  4%]   step 1169
[  4%]   step 1170
[  4%]   step 1171
[  4%]   step 1172
[  4%]   step 1173
[  4%]   step 1174
[  4%]   step 1175
[  4%]   step 1176
[  4%]   step 1177
[  4%]   step 1178
[  4%]   step 1179
[  4%]   step 1180
[  4%]   step 1181
[  4%]   step 1182
[  4%]   step 1183
[  4%]   step 1184
[  4%]   step 1185
[  4%]   step 1186
[  4%]   step 1187
[  4%]   step 1188
[  4%]   step 1189
[  4%]   step 1190
[  4%]   step 1191
[  4%]   step 1192
+SWASH is processing output request    1
+SWASH is processing output request    2
[  4%]   step 1193
[  4%]   step 1194
[  4%]   step 1195
[  4%]   step 1196
[  4%]   step 1197
[  4%]   step 1198
[  4%]   step 1199
[  4%]   step 1200
[  4%]   step 1201
[  4%]   step 1202
[  4%]   step 1203
[  4%]   step 1204
[  4%]   step 1205
[  4%]   step 1206
[  4%]   step 1207
[  4%]   step 1208
[  4%]   step 1209
[  4%]   step 1210
[  4%]   step 1211
[  4%]   step 1212
[  4%]   step 1213
[  4%]   step 1214
[  4%]   step 1215
[  4%]   step 1216
[  4%]   step 1217
[  4%]   step 1218
[  4%]   step 1219
[  4%]   step 1220
[  4%]   step 1221
[  4%]   step 1222
[  4%]   step 1223
[  4%]   step 1224
[  4%]   step 1225
[  4%]   step 1226
[  4%]   step 1227
[  4%]   step 1228
[  4%]   step 1229
[  4%]   step 1230
[  4%]   step 1231
[  4%]   step 1232
[  4%]   step 1233
+SWASH is processing output request    1
+SWASH is processing output request    2
[  4%]   step 1234
[  4%]   step 1235
[  4%]   step 1236
[  4%]   step 1237
[  4%]   step 1238
[  4%]   step 1239
[  4%]   step 1240
[  4%]   step 1241
[  4%]   step 1242
[  4%]   step 1243
[  4%]   step 1244
[  4%]   step 1245
[  4%]   step 1246
[  4%]   step 1247
[  4%]   step 1248
[  4%]   step 1249
[  4%]   step 1250
[  4%]   step 1251
[  4%]   step 1252
[  4%]   step 1253
[  4%]   step 1254
[  4%]   step 1255
[  4%]   step 1256
[  4%]   step 1257
[  4%]   step 1258
[  4%]   step 1259
[  4%]   step 1260
[  4%]   step 1261
[  4%]   step 1262
[  4%]   step 1263
[  4%]   step 1264
[  4%]   step 1265
[  4%]   step 1266
[  4%]   step 1267
[  4%]   step 1268
[  4%]   step 1269
[  4%]   step 1270
[  4%]   step 1271
[  4%]   step 1272
[  4%]   step 1273
[  4%]   step 1274
+SWASH is processing output request    1
+SWASH is processing output request    2
[  4%]   step 1275
[  4%]   step 1276
[  4%]   step 1277
[  4%]   step 1278
[  4%]   step 1279
[  4%]   step 1280
[  4%]   step 1281
[  4%]   step 1282
[  4%]   step 1283
[  4%]   step 1284
[  4%]   step 1285
[  4%]   step 1286
[  4%]   step 1287
[  4%]   step 1288
[  4%]   step 1289
[  4%]   step 1290
[  4%]   step 1291
[  4%]   step 1292
[  4%]   step 1293
[  4%]   step 1294
[  4%]   step 1295
[  4%]   step 1296
[  4%]   step 1297
[  4%]   step 1298
[  4%]   step 1299
[  4%]   step 1300
[  4%]   step 1301
[  4%]   step 1302
[  4%]   step 1303
[  4%]   step 1304
[  4%]   step 1305
[  4%]   step 1306
[  4%]   step 1307
[  4%]   step 1308
[  4%]   step 1309
[  4%]   step 1310
[  4%]   step 1311
[  4%]   step 1312
[  4%]   step 1313
[  4%]   step 1314
[  4%]   step 1315
+SWASH is processing output request    1
+SWASH is processing output request    2
[  4%]   step 1316
[  4%]   step 1317
[  4%]   step 1318
[  4%]   step 1319
[  4%]   step 1320
[  4%]   step 1321
[  4%]   step 1322
[  4%]   step 1323
[  4%]   step 1324
[  4%]   step 1325
[  4%]   step 1326
[  4%]   step 1327
[  4%]   step 1328
[  4%]   step 1329
[  4%]   step 1330
[  4%]   step 1331
[  4%]   step 1332
[  4%]   step 1333
[  4%]   step 1334
[  4%]   step 1335
[  4%]   step 1336
[  4%]   step 1337
[  4%]   step 1338
[  4%]   step 1339
[  4%]   step 1340
[  4%]   step 1341
[  4%]   step 1342
[  4%]   step 1343
[  4%]   step 1344
[  4%]   step 1345
[  4%]   step 1346
[  4%]   step 1347
[  4%]   step 1348
[  4%]   step 1349
[  4%]   step 1350
[  4%]   step 1351
[  4%]   step 1352
[  4%]   step 1353
[  4%]   step 1354
[  4%]   step 1355
[  4%]   step 1356
+SWASH is processing output request    1
+SWASH is processing output request    2
[  4%]   step 1357
[  4%]   step 1358
[  4%]   step 1359
[  4%]   step 1360
[  4%]   step 1361
[  4%]   step 1362
[  4%]   step 1363
[  4%]   step 1364
[  4%]   step 1365
[  4%]   step 1366
[  4%]   step 1367
[  4%]   step 1368
[  4%]   step 1369
[  4%]   step 1370
[  4%]   step 1371
[  4%]   step 1372
[  4%]   step 1373
[  4%]   step 1374
[  4%]   step 1375
[  4%]   step 1376
[  4%]   step 1377
[  4%]   step 1378
[  4%]   step 1379
[  4%]   step 1380
[  4%]   step 1381
[  4%]   step 1382
[  4%]   step 1383
[  4%]   step 1384
[  4%]   step 1385
[  4%]   step 1386
[  4%]   step 1387
[  4%]   step 1388
[  4%]   step 1389
[  4%]   step 1390
[  4%]   step 1391
[  4%]   step 1392
[  4%]   step 1393
[  4%]   step 1394
[  4%]   step 1395
[  4%]   step 1396
[  4%]   step 1397
+SWASH is processing output request    1
+SWASH is processing output request    2
[  4%]   step 1398
[  4%]   step 1399
[  4%]   step 1400
[  4%]   step 1401
[  4%]   step 1402
[  4%]   step 1403
[  4%]   step 1404
[  4%]   step 1405
[  4%]   step 1406
[  4%]   step 1407
[  4%]   step 1408
[  4%]   step 1409
[  4%]   step 1410
[  4%]   step 1411
[  4%]   step 1412
[  4%]   step 1413
[  4%]   step 1414
[  4%]   step 1415
[  4%]   step 1416
[  4%]   step 1417
[  4%]   step 1418
[  4%]   step 1419
[  4%]   step 1420
[  4%]   step 1421
[  4%]   step 1422
[  4%]   step 1423
[  4%]   step 1424
[  4%]   step 1425
[  4%]   step 1426
[  4%]   step 1427
[  4%]   step 1428
[  4%]   step 1429
[  4%]   step 1430
[  4%]   step 1431
[  4%]   step 1432
[  4%]   step 1433
[  4%]   step 1434
[  4%]   step 1435
[  4%]   step 1436
[  4%]   step 1437
[  4%]   step 1438
+SWASH is processing output request    1
+SWASH is processing output request    2
[  4%]   step 1439
[  4%]   step 1440
[  4%]   step 1441
[  5%]   step 1442
[  5%]   step 1443
[  5%]   step 1444
[  5%]   step 1445
[  5%]   step 1446
[  5%]   step 1447
[  5%]   step 1448
[  5%]   step 1449
[  5%]   step 1450
[  5%]   step 1451
[  5%]   step 1452
[  5%]   step 1453
[  5%]   step 1454
[  5%]   step 1455
[  5%]   step 1456
[  5%]   step 1457
[  5%]   step 1458
[  5%]   step 1459
[  5%]   step 1460
[  5%]   step 1461
[  5%]   step 1462
[  5%]   step 1463
[  5%]   step 1464
[  5%]   step 1465
[  5%]   step 1466
[  5%]   step 1467
[  5%]   step 1468
[  5%]   step 1469
[  5%]   step 1470
[  5%]   step 1471
[  5%]   step 1472
[  5%]   step 1473
[  5%]   step 1474
[  5%]   step 1475
[  5%]   step 1476
[  5%]   step 1477
[  5%]   step 1478
[  5%]   step 1479
+SWASH is processing output request    1
+SWASH is processing output request    2
[  5%]   step 1480
[  5%]   step 1481
[  5%]   step 1482
[  5%]   step 1483
[  5%]   step 1484
[  5%]   step 1485
[  5%]   step 1486
[  5%]   step 1487
[  5%]   step 1488
[  5%]   step 1489
[  5%]   step 1490
[  5%]   step 1491
[  5%]   step 1492
[  5%]   step 1493
[  5%]   step 1494
[  5%]   step 1495
[  5%]   step 1496
[  5%]   step 1497
[  5%]   step 1498
[  5%]   step 1499
[  5%]   step 1500
[  5%]   step 1501
[  5%]   step 1502
[  5%]   step 1503
[  5%]   step 1504
[  5%]   step 1505
[  5%]   step 1506
[  5%]   step 1507
[  5%]   step 1508
[  5%]   step 1509
[  5%]   step 1510
[  5%]   step 1511
[  5%]   step 1512
[  5%]   step 1513
[  5%]   step 1514
[  5%]   step 1515
[  5%]   step 1516
[  5%]   step 1517
[  5%]   step 1518
[  5%]   step 1519
[  5%]   step 1520
+SWASH is processing output request    1
+SWASH is processing output request    2
[  5%]   step 1521
[  5%]   step 1522
[  5%]   step 1523
[  5%]   step 1524
[  5%]   step 1525
[  5%]   step 1526
[  5%]   step 1527
[  5%]   step 1528
[  5%]   step 1529
[  5%]   step 1530
[  5%]   step 1531
[  5%]   step 1532
[  5%]   step 1533
[  5%]   step 1534
[  5%]   step 1535
[  5%]   step 1536
[  5%]   step 1537
[  5%]   step 1538
[  5%]   step 1539
[  5%]   step 1540
[  5%]   step 1541
[  5%]   step 1542
[  5%]   step 1543
[  5%]   step 1544
[  5%]   step 1545
[  5%]   step 1546
[  5%]   step 1547
[  5%]   step 1548
[  5%]   step 1549
[  5%]   step 1550
[  5%]   step 1551
[  5%]   step 1552
[  5%]   step 1553
[  5%]   step 1554
[  5%]   step 1555
[  5%]   step 1556
[  5%]   step 1557
[  5%]   step 1558
[  5%]   step 1559
[  5%]   step 1560
[  5%]   step 1561
+SWASH is processing output request    1
+SWASH is processing output request    2
[  5%]   step 1562
[  5%]   step 1563
[  5%]   step 1564
[  5%]   step 1565
[  5%]   step 1566
[  5%]   step 1567
[  5%]   step 1568
[  5%]   step 1569
[  5%]   step 1570
[  5%]   step 1571
[  5%]   step 1572
[  5%]   step 1573
[  5%]   step 1574
[  5%]   step 1575
[  5%]   step 1576
[  5%]   step 1577
[  5%]   step 1578
[  5%]   step 1579
[  5%]   step 1580
[  5%]   step 1581
[  5%]   step 1582
[  5%]   step 1583
[  5%]   step 1584
[  5%]   step 1585
[  5%]   step 1586
[  5%]   step 1587
[  5%]   step 1588
[  5%]   step 1589
[  5%]   step 1590
[  5%]   step 1591
[  5%]   step 1592
[  5%]   step 1593
[  5%]   step 1594
[  5%]   step 1595
[  5%]   step 1596
[  5%]   step 1597
[  5%]   step 1598
[  5%]   step 1599
[  5%]   step 1600
[  5%]   step 1601
[  5%]   step 1602
[  5%]   step 1603
+SWASH is processing output request    1
+SWASH is processing output request    2
[  5%]   step 1604
[  5%]   step 1605
[  5%]   step 1606
[  5%]   step 1607
[  5%]   step 1608
[  5%]   step 1609
[  5%]   step 1610
[  5%]   step 1611
[  5%]   step 1612
[  5%]   step 1613
[  5%]   step 1614
[  5%]   step 1615
[  5%]   step 1616
[  5%]   step 1617
[  5%]   step 1618
[  5%]   step 1619
[  5%]   step 1620
[  5%]   step 1621
[  5%]   step 1622
[  5%]   step 1623
[  5%]   step 1624
[  5%]   step 1625
[  5%]   step 1626
[  5%]   step 1627
[  5%]   step 1628
[  5%]   step 1629
[  5%]   step 1630
[  5%]   step 1631
[  5%]   step 1632
[  5%]   step 1633
[  5%]   step 1634
[  5%]   step 1635
[  5%]   step 1636
[  5%]   step 1637
[  5%]   step 1638
[  5%]   step 1639
[  5%]   step 1640
[  5%]   step 1641
[  5%]   step 1642
[  5%]   step 1643
[  5%]   step 1644
+SWASH is processing output request    1
+SWASH is processing output request    2
[  5%]   step 1645
[  5%]   step 1646
[  5%]   step 1647
[  5%]   step 1648
[  5%]   step 1649
[  5%]   step 1650
[  5%]   step 1651
[  5%]   step 1652
[  5%]   step 1653
[  5%]   step 1654
[  5%]   step 1655
[  5%]   step 1656
[  5%]   step 1657
[  5%]   step 1658
[  5%]   step 1659
[  5%]   step 1660
[  5%]   step 1661
[  5%]   step 1662
[  5%]   step 1663
[  5%]   step 1664
[  5%]   step 1665
[  5%]   step 1666
[  5%]   step 1667
[  5%]   step 1668
[  5%]   step 1669
[  5%]   step 1670
[  5%]   step 1671
[  5%]   step 1672
[  5%]   step 1673
[  5%]   step 1674
[  5%]   step 1675
[  5%]   step 1676
[  5%]   step 1677
[  5%]   step 1678
[  5%]   step 1679
[  5%]   step 1680
[  5%]   step 1681
[  5%]   step 1682
[  5%]   step 1683
[  5%]   step 1684
[  5%]   step 1685
+SWASH is processing output request    1
+SWASH is processing output request    2
[  5%]   step 1686
[  5%]   step 1687
[  5%]   step 1688
[  5%]   step 1689
[  5%]   step 1690
[  5%]   step 1691
[  5%]   step 1692
[  5%]   step 1693
[  5%]   step 1694
[  5%]   step 1695
[  5%]   step 1696
[  5%]   step 1697
[  5%]   step 1698
[  5%]   step 1699
[  5%]   step 1700
[  5%]   step 1701
[  5%]   step 1702
[  5%]   step 1703
[  5%]   step 1704
[  5%]   step 1705
[  5%]   step 1706
[  5%]   step 1707
[  5%]   step 1708
[  5%]   step 1709
[  5%]   step 1710
[  5%]   step 1711
[  5%]   step 1712
[  5%]   step 1713
[  5%]   step 1714
[  5%]   step 1715
[  5%]   step 1716
[  5%]   step 1717
[  5%]   step 1718
[  5%]   step 1719
[  5%]   step 1720
[  5%]   step 1721
[  5%]   step 1722
[  5%]   step 1723
[  5%]   step 1724
[  5%]   step 1725
[  5%]   step 1726
+SWASH is processing output request    1
+SWASH is processing output request    2
[  5%]   step 1727
[  5%]   step 1728
[  5%]   step 1729
[  5%]   step 1730
[  5%]   step 1731
[  5%]   step 1732
[  5%]   step 1733
[  5%]   step 1734
[  5%]   step 1735
[  5%]   step 1736
[  5%]   step 1737
[  5%]   step 1738
[  5%]   step 1739
[  5%]   step 1740
[  5%]   step 1741
[  5%]   step 1742
[  5%]   step 1743
[  5%]   step 1744
[  5%]   step 1745
[  5%]   step 1746
[  5%]   step 1747
[  5%]   step 1748
[  5%]   step 1749
[  5%]   step 1750
[  5%]   step 1751
[  5%]   step 1752
[  5%]   step 1753
[  5%]   step 1754
[  5%]   step 1755
[  5%]   step 1756
[  5%]   step 1757
[  5%]   step 1758
[  5%]   step 1759
[  5%]   step 1760
[  5%]   step 1761
[  5%]   step 1762
[  6%]   step 1763
[  6%]   step 1764
[  6%]   step 1765
[  6%]   step 1766
[  6%]   step 1767
+SWASH is processing output request    1
+SWASH is processing output request    2
[  6%]   step 1768
[  6%]   step 1769
[  6%]   step 1770
[  6%]   step 1771
[  6%]   step 1772
[  6%]   step 1773
[  6%]   step 1774
[  6%]   step 1775
[  6%]   step 1776
[  6%]   step 1777
[  6%]   step 1778
[  6%]   step 1779
[  6%]   step 1780
[  6%]   step 1781
[  6%]   step 1782
[  6%]   step 1783
[  6%]   step 1784
[  6%]   step 1785
[  6%]   step 1786
[  6%]   step 1787
[  6%]   step 1788
[  6%]   step 1789
[  6%]   step 1790
[  6%]   step 1791
[  6%]   step 1792
[  6%]   step 1793
[  6%]   step 1794
[  6%]   step 1795
[  6%]   step 1796
[  6%]   step 1797
[  6%]   step 1798
[  6%]   step 1799
[  6%]   step 1800
[  6%]   step 1801
[  6%]   step 1802
[  6%]   step 1803
[  6%]   step 1804
[  6%]   step 1805
[  6%]   step 1806
[  6%]   step 1807
[  6%]   step 1808
+SWASH is processing output request    1
+SWASH is processing output request    2
[  6%]   step 1809
[  6%]   step 1810
[  6%]   step 1811
[  6%]   step 1812
[  6%]   step 1813
[  6%]   step 1814
[  6%]   step 1815
[  6%]   step 1816
[  6%]   step 1817
[  6%]   step 1818
[  6%]   step 1819
[  6%]   step 1820
[  6%]   step 1821
[  6%]   step 1822
[  6%]   step 1823
[  6%]   step 1824
[  6%]   step 1825
[  6%]   step 1826
[  6%]   step 1827
[  6%]   step 1828
[  6%]   step 1829
[  6%]   step 1830
[  6%]   step 1831
[  6%]   step 1832
[  6%]   step 1833
[  6%]   step 1834
[  6%]   step 1835
[  6%]   step 1836
[  6%]   step 1837
[  6%]   step 1838
[  6%]   step 1839
[  6%]   step 1840
[  6%]   step 1841
[  6%]   step 1842
[  6%]   step 1843
[  6%]   step 1844
[  6%]   step 1845
[  6%]   step 1846
[  6%]   step 1847
[  6%]   step 1848
[  6%]   step 1849
+SWASH is processing output request    1
+SWASH is processing output request    2
[  6%]   step 1850
[  6%]   step 1851
[  6%]   step 1852
[  6%]   step 1853
[  6%]   step 1854
[  6%]   step 1855
[  6%]   step 1856
[  6%]   step 1857
[  6%]   step 1858
[  6%]   step 1859
[  6%]   step 1860
[  6%]   step 1861
[  6%]   step 1862
[  6%]   step 1863
[  6%]   step 1864
[  6%]   step 1865
[  6%]   step 1866
[  6%]   step 1867
[  6%]   step 1868
[  6%]   step 1869
[  6%]   step 1870
[  6%]   step 1871
[  6%]   step 1872
[  6%]   step 1873
[  6%]   step 1874
[  6%]   step 1875
[  6%]   step 1876
[  6%]   step 1877
[  6%]   step 1878
[  6%]   step 1879
[  6%]   step 1880
[  6%]   step 1881
[  6%]   step 1882
[  6%]   step 1883
[  6%]   step 1884
[  6%]   step 1885
[  6%]   step 1886
[  6%]   step 1887
[  6%]   step 1888
[  6%]   step 1889
[  6%]   step 1890
+SWASH is processing output request    1
+SWASH is processing output request    2
[  6%]   step 1891
[  6%]   step 1892
[  6%]   step 1893
[  6%]   step 1894
[  6%]   step 1895
[  6%]   step 1896
[  6%]   step 1897
[  6%]   step 1898
[  6%]   step 1899
[  6%]   step 1900
[  6%]   step 1901
[  6%]   step 1902
[  6%]   step 1903
[  6%]   step 1904
[  6%]   step 1905
[  6%]   step 1906
[  6%]   step 1907
[  6%]   step 1908
[  6%]   step 1909
[  6%]   step 1910
[  6%]   step 1911
[  6%]   step 1912
[  6%]   step 1913
[  6%]   step 1914
[  6%]   step 1915
[  6%]   step 1916
[  6%]   step 1917
[  6%]   step 1918
[  6%]   step 1919
[  6%]   step 1920
[  6%]   step 1921
[  6%]   step 1922
[  6%]   step 1923
[  6%]   step 1924
[  6%]   step 1925
[  6%]   step 1926
[  6%]   step 1927
[  6%]   step 1928
[  6%]   step 1929
[  6%]   step 1930
[  6%]   step 1931
+SWASH is processing output request    1
+SWASH is processing output request    2
[  6%]   step 1932
[  6%]   step 1933
[  6%]   step 1934
[  6%]   step 1935
[  6%]   step 1936
[  6%]   step 1937
[  6%]   step 1938
[  6%]   step 1939
[  6%]   step 1940
[  6%]   step 1941
[  6%]   step 1942
[  6%]   step 1943
[  6%]   step 1944
[  6%]   step 1945
[  6%]   step 1946
[  6%]   step 1947
[  6%]   step 1948
[  6%]   step 1949
[  6%]   step 1950
[  6%]   step 1951
[  6%]   step 1952
[  6%]   step 1953
[  6%]   step 1954
[  6%]   step 1955
[  6%]   step 1956
[  6%]   step 1957
[  6%]   step 1958
[  6%]   step 1959
[  6%]   step 1960
[  6%]   step 1961
[  6%]   step 1962
[  6%]   step 1963
[  6%]   step 1964
[  6%]   step 1965
[  6%]   step 1966
[  6%]   step 1967
[  6%]   step 1968
[  6%]   step 1969
[  6%]   step 1970
[  6%]   step 1971
[  6%]   step 1972
+SWASH is processing output request    1
+SWASH is processing output request    2
[  6%]   step 1973
[  6%]   step 1974
[  6%]   step 1975
[  6%]   step 1976
[  6%]   step 1977
[  6%]   step 1978
[  6%]   step 1979
[  6%]   step 1980
[  6%]   step 1981
[  6%]   step 1982
[  6%]   step 1983
[  6%]   step 1984
[  6%]   step 1985
[  6%]   step 1986
[  6%]   step 1987
[  6%]   step 1988
[  6%]   step 1989
[  6%]   step 1990
[  6%]   step 1991
[  6%]   step 1992
[  6%]   step 1993
[  6%]   step 1994
[  6%]   step 1995
[  6%]   step 1996
[  6%]   step 1997
[  6%]   step 1998
[  6%]   step 1999
[  6%]   step 2000
[  6%]   step 2001
[  6%]   step 2002
[  6%]   step 2003
[  6%]   step 2004
[  6%]   step 2005
[  6%]   step 2006
[  6%]   step 2007
[  6%]   step 2008
[  6%]   step 2009
[  6%]   step 2010
[  6%]   step 2011
[  6%]   step 2012
[  6%]   step 2013
+SWASH is processing output request    1
+SWASH is processing output request    2
[  6%]   step 2014
[  6%]   step 2015
[  6%]   step 2016
[  6%]   step 2017
[  6%]   step 2018
[  6%]   step 2019
[  6%]   step 2020
[  6%]   step 2021
[  6%]   step 2022
[  6%]   step 2023
[  6%]   step 2024
[  6%]   step 2025
[  6%]   step 2026
[  6%]   step 2027
[  6%]   step 2028
[  6%]   step 2029
[  6%]   step 2030
[  6%]   step 2031
[  6%]   step 2032
[  6%]   step 2033
[  6%]   step 2034
[  6%]   step 2035
[  6%]   step 2036
[  6%]   step 2037
[  6%]   step 2038
[  6%]   step 2039
[  6%]   step 2040
[  6%]   step 2041
[  6%]   step 2042
[  6%]   step 2043
[  6%]   step 2044
[  6%]   step 2045
[  6%]   step 2046
[  6%]   step 2047
[  6%]   step 2048
[  6%]   step 2049
[  6%]   step 2050
[  6%]   step 2051
[  6%]   step 2052
[  6%]   step 2053
[  6%]   step 2054
+SWASH is processing output request    1
+SWASH is processing output request    2
[  6%]   step 2055
[  6%]   step 2056
[  6%]   step 2057
[  6%]   step 2058
[  6%]   step 2059
[  6%]   step 2060
[  6%]   step 2061
[  6%]   step 2062
[  6%]   step 2063
[  6%]   step 2064
[  6%]   step 2065
[  6%]   step 2066
[  6%]   step 2067
[  6%]   step 2068
[  6%]   step 2069
[  6%]   step 2070
[  6%]   step 2071
[  6%]   step 2072
[  6%]   step 2073
[  6%]   step 2074
[  6%]   step 2075
[  6%]   step 2076
[  6%]   step 2077
[  6%]   step 2078
[  6%]   step 2079
[  6%]   step 2080
[  6%]   step 2081
[  6%]   step 2082
[  7%]   step 2083
[  7%]   step 2084
[  7%]   step 2085
[  7%]   step 2086
[  7%]   step 2087
[  7%]   step 2088
[  7%]   step 2089
[  7%]   step 2090
[  7%]   step 2091
[  7%]   step 2092
[  7%]   step 2093
[  7%]   step 2094
[  7%]   step 2095
+SWASH is processing output request    1
+SWASH is processing output request    2
[  7%]   step 2096
[  7%]   step 2097
[  7%]   step 2098
[  7%]   step 2099
[  7%]   step 2100
[  7%]   step 2101
[  7%]   step 2102
[  7%]   step 2103
[  7%]   step 2104
[  7%]   step 2105
[  7%]   step 2106
[  7%]   step 2107
[  7%]   step 2108
[  7%]   step 2109
[  7%]   step 2110
[  7%]   step 2111
[  7%]   step 2112
[  7%]   step 2113
[  7%]   step 2114
[  7%]   step 2115
[  7%]   step 2116
[  7%]   step 2117
[  7%]   step 2118
[  7%]   step 2119
[  7%]   step 2120
[  7%]   step 2121
[  7%]   step 2122
[  7%]   step 2123
[  7%]   step 2124
[  7%]   step 2125
[  7%]   step 2126
[  7%]   step 2127
[  7%]   step 2128
[  7%]   step 2129
[  7%]   step 2130
[  7%]   step 2131
[  7%]   step 2132
[  7%]   step 2133
[  7%]   step 2134
[  7%]   step 2135
[  7%]   step 2136
[  7%]   step 2137
+SWASH is processing output request    1
+SWASH is processing output request    2
[  7%]   step 2138
[  7%]   step 2139
[  7%]   step 2140
[  7%]   step 2141
[  7%]   step 2142
[  7%]   step 2143
[  7%]   step 2144
[  7%]   step 2145
[  7%]   step 2146
[  7%]   step 2147
[  7%]   step 2148
[  7%]   step 2149
[  7%]   step 2150
[  7%]   step 2151
[  7%]   step 2152
[  7%]   step 2153
[  7%]   step 2154
[  7%]   step 2155
[  7%]   step 2156
[  7%]   step 2157
[  7%]   step 2158
[  7%]   step 2159
[  7%]   step 2160
[  7%]   step 2161
[  7%]   step 2162
[  7%]   step 2163
[  7%]   step 2164
[  7%]   step 2165
[  7%]   step 2166
[  7%]   step 2167
[  7%]   step 2168
[  7%]   step 2169
[  7%]   step 2170
[  7%]   step 2171
[  7%]   step 2172
[  7%]   step 2173
[  7%]   step 2174
[  7%]   step 2175
[  7%]   step 2176
[  7%]   step 2177
[  7%]   step 2178
+SWASH is processing output request    1
+SWASH is processing output request    2
[  7%]   step 2179
[  7%]   step 2180
[  7%]   step 2181
[  7%]   step 2182
[  7%]   step 2183
[  7%]   step 2184
[  7%]   step 2185
[  7%]   step 2186
[  7%]   step 2187
[  7%]   step 2188
[  7%]   step 2189
[  7%]   step 2190
[  7%]   step 2191
[  7%]   step 2192
[  7%]   step 2193
[  7%]   step 2194
[  7%]   step 2195
[  7%]   step 2196
[  7%]   step 2197
[  7%]   step 2198
[  7%]   step 2199
[  7%]   step 2200
[  7%]   step 2201
[  7%]   step 2202
[  7%]   step 2203
[  7%]   step 2204
[  7%]   step 2205
[  7%]   step 2206
[  7%]   step 2207
[  7%]   step 2208
[  7%]   step 2209
[  7%]   step 2210
[  7%]   step 2211
[  7%]   step 2212
[  7%]   step 2213
[  7%]   step 2214
[  7%]   step 2215
[  7%]   step 2216
[  7%]   step 2217
[  7%]   step 2218
[  7%]   step 2219
+SWASH is processing output request    1
+SWASH is processing output request    2
[  7%]   step 2220
[  7%]   step 2221
[  7%]   step 2222
[  7%]   step 2223
[  7%]   step 2224
[  7%]   step 2225
[  7%]   step 2226
[  7%]   step 2227
[  7%]   step 2228
[  7%]   step 2229
[  7%]   step 2230
[  7%]   step 2231
[  7%]   step 2232
[  7%]   step 2233
[  7%]   step 2234
[  7%]   step 2235
[  7%]   step 2236
[  7%]   step 2237
[  7%]   step 2238
[  7%]   step 2239
[  7%]   step 2240
[  7%]   step 2241
[  7%]   step 2242
[  7%]   step 2243
[  7%]   step 2244
[  7%]   step 2245
[  7%]   step 2246
[  7%]   step 2247
[  7%]   step 2248
[  7%]   step 2249
[  7%]   step 2250
[  7%]   step 2251
[  7%]   step 2252
[  7%]   step 2253
[  7%]   step 2254
[  7%]   step 2255
[  7%]   step 2256
[  7%]   step 2257
[  7%]   step 2258
[  7%]   step 2259
[  7%]   step 2260
+SWASH is processing output request    1
+SWASH is processing output request    2
[  7%]   step 2261
[  7%]   step 2262
[  7%]   step 2263
[  7%]   step 2264
[  7%]   step 2265
[  7%]   step 2266
[  7%]   step 2267
[  7%]   step 2268
[  7%]   step 2269
[  7%]   step 2270
[  7%]   step 2271
[  7%]   step 2272
[  7%]   step 2273
[  7%]   step 2274
[  7%]   step 2275
[  7%]   step 2276
[  7%]   step 2277
[  7%]   step 2278
[  7%]   step 2279
[  7%]   step 2280
[  7%]   step 2281
[  7%]   step 2282
[  7%]   step 2283
[  7%]   step 2284
[  7%]   step 2285
[  7%]   step 2286
[  7%]   step 2287
[  7%]   step 2288
[  7%]   step 2289
[  7%]   step 2290
[  7%]   step 2291
[  7%]   step 2292
[  7%]   step 2293
[  7%]   step 2294
[  7%]   step 2295
[  7%]   step 2296
[  7%]   step 2297
[  7%]   step 2298
[  7%]   step 2299
[  7%]   step 2300
[  7%]   step 2301
+SWASH is processing output request    1
+SWASH is processing output request    2
[  7%]   step 2302
[  7%]   step 2303
[  7%]   step 2304
[  7%]   step 2305
[  7%]   step 2306
[  7%]   step 2307
[  7%]   step 2308
[  7%]   step 2309
[  7%]   step 2310
[  7%]   step 2311
[  7%]   step 2312
[  7%]   step 2313
[  7%]   step 2314
[  7%]   step 2315
[  7%]   step 2316
[  7%]   step 2317
[  7%]   step 2318
[  7%]   step 2319
[  7%]   step 2320
[  7%]   step 2321
[  7%]   step 2322
[  7%]   step 2323
[  7%]   step 2324
[  7%]   step 2325
[  7%]   step 2326
[  7%]   step 2327
[  7%]   step 2328
[  7%]   step 2329
[  7%]   step 2330
[  7%]   step 2331
[  7%]   step 2332
[  7%]   step 2333
[  7%]   step 2334
[  7%]   step 2335
[  7%]   step 2336
[  7%]   step 2337
[  7%]   step 2338
[  7%]   step 2339
[  7%]   step 2340
[  7%]   step 2341
[  7%]   step 2342
+SWASH is processing output request    1
+SWASH is processing output request    2
[  7%]   step 2343
[  7%]   step 2344
[  7%]   step 2345
[  7%]   step 2346
[  7%]   step 2347
[  7%]   step 2348
[  7%]   step 2349
[  7%]   step 2350
[  7%]   step 2351
[  7%]   step 2352
[  7%]   step 2353
[  7%]   step 2354
[  7%]   step 2355
[  7%]   step 2356
[  7%]   step 2357
[  7%]   step 2358
[  7%]   step 2359
[  7%]   step 2360
[  7%]   step 2361
[  7%]   step 2362
[  7%]   step 2363
[  7%]   step 2364
[  7%]   step 2365
[  7%]   step 2366
[  7%]   step 2367
[  7%]   step 2368
[  7%]   step 2369
[  7%]   step 2370
[  7%]   step 2371
[  7%]   step 2372
[  7%]   step 2373
[  7%]   step 2374
[  7%]   step 2375
[  7%]   step 2376
[  7%]   step 2377
[  7%]   step 2378
[  7%]   step 2379
[  7%]   step 2380
[  7%]   step 2381
[  7%]   step 2382
[  7%]   step 2383
+SWASH is processing output request    1
+SWASH is processing output request    2
[  7%]   step 2384
[  7%]   step 2385
[  7%]   step 2386
[  7%]   step 2387
[  7%]   step 2388
[  7%]   step 2389
[  7%]   step 2390
[  7%]   step 2391
[  7%]   step 2392
[  7%]   step 2393
[  7%]   step 2394
[  7%]   step 2395
[  7%]   step 2396
[  7%]   step 2397
[  7%]   step 2398
[  7%]   step 2399
[  7%]   step 2400
[  7%]   step 2401
[  7%]   step 2402
[  7%]   step 2403
[  8%]   step 2404
[  8%]   step 2405
[  8%]   step 2406
[  8%]   step 2407
[  8%]   step 2408
[  8%]   step 2409
[  8%]   step 2410
[  8%]   step 2411
[  8%]   step 2412
[  8%]   step 2413
[  8%]   step 2414
[  8%]   step 2415
[  8%]   step 2416
[  8%]   step 2417
[  8%]   step 2418
[  8%]   step 2419
[  8%]   step 2420
[  8%]   step 2421
[  8%]   step 2422
[  8%]   step 2423
[  8%]   step 2424
+SWASH is processing output request    1
+SWASH is processing output request    2
[  8%]   step 2425
[  8%]   step 2426
[  8%]   step 2427
[  8%]   step 2428
[  8%]   step 2429
[  8%]   step 2430
[  8%]   step 2431
[  8%]   step 2432
[  8%]   step 2433
[  8%]   step 2434
[  8%]   step 2435
[  8%]   step 2436
[  8%]   step 2437
[  8%]   step 2438
[  8%]   step 2439
[  8%]   step 2440
[  8%]   step 2441
[  8%]   step 2442
[  8%]   step 2443
[  8%]   step 2444
[  8%]   step 2445
[  8%]   step 2446
[  8%]   step 2447
[  8%]   step 2448
[  8%]   step 2449
[  8%]   step 2450
[  8%]   step 2451
[  8%]   step 2452
[  8%]   step 2453
[  8%]   step 2454
[  8%]   step 2455
[  8%]   step 2456
[  8%]   step 2457
[  8%]   step 2458
[  8%]   step 2459
[  8%]   step 2460
[  8%]   step 2461
[  8%]   step 2462
[  8%]   step 2463
[  8%]   step 2464
[  8%]   step 2465
+SWASH is processing output request    1
+SWASH is processing output request    2
[  8%]   step 2466
[  8%]   step 2467
[  8%]   step 2468
[  8%]   step 2469
[  8%]   step 2470
[  8%]   step 2471
[  8%]   step 2472
[  8%]   step 2473
[  8%]   step 2474
[  8%]   step 2475
[  8%]   step 2476
[  8%]   step 2477
[  8%]   step 2478
[  8%]   step 2479
[  8%]   step 2480
[  8%]   step 2481
[  8%]   step 2482
[  8%]   step 2483
[  8%]   step 2484
[  8%]   step 2485
[  8%]   step 2486
[  8%]   step 2487
[  8%]   step 2488
[  8%]   step 2489
[  8%]   step 2490
[  8%]   step 2491
[  8%]   step 2492
[  8%]   step 2493
[  8%]   step 2494
[  8%]   step 2495
[  8%]   step 2496
[  8%]   step 2497
[  8%]   step 2498
[  8%]   step 2499
[  8%]   step 2500
[  8%]   step 2501
[  8%]   step 2502
[  8%]   step 2503
[  8%]   step 2504
[  8%]   step 2505
[  8%]   step 2506
+SWASH is processing output request    1
+SWASH is processing output request    2
[  8%]   step 2507
[  8%]   step 2508
[  8%]   step 2509
[  8%]   step 2510
[  8%]   step 2511
[  8%]   step 2512
[  8%]   step 2513
[  8%]   step 2514
[  8%]   step 2515
[  8%]   step 2516
[  8%]   step 2517
[  8%]   step 2518
[  8%]   step 2519
[  8%]   step 2520
[  8%]   step 2521
[  8%]   step 2522
[  8%]   step 2523
[  8%]   step 2524
[  8%]   step 2525
[  8%]   step 2526
[  8%]   step 2527
[  8%]   step 2528
[  8%]   step 2529
[  8%]   step 2530
[  8%]   step 2531
[  8%]   step 2532
[  8%]   step 2533
[  8%]   step 2534
[  8%]   step 2535
[  8%]   step 2536
[  8%]   step 2537
[  8%]   step 2538
[  8%]   step 2539
[  8%]   step 2540
[  8%]   step 2541
[  8%]   step 2542
[  8%]   step 2543
[  8%]   step 2544
[  8%]   step 2545
[  8%]   step 2546
[  8%]   step 2547
+SWASH is processing output request    1
+SWASH is processing output request    2
[  8%]   step 2548
[  8%]   step 2549
[  8%]   step 2550
[  8%]   step 2551
[  8%]   step 2552
[  8%]   step 2553
[  8%]   step 2554
[  8%]   step 2555
[  8%]   step 2556
[  8%]   step 2557
[  8%]   step 2558
[  8%]   step 2559
[  8%]   step 2560
[  8%]   step 2561
[  8%]   step 2562
[  8%]   step 2563
[  8%]   step 2564
[  8%]   step 2565
[  8%]   step 2566
[  8%]   step 2567
[  8%]   step 2568
[  8%]   step 2569
[  8%]   step 2570
[  8%]   step 2571
[  8%]   step 2572
[  8%]   step 2573
[  8%]   step 2574
[  8%]   step 2575
[  8%]   step 2576
[  8%]   step 2577
[  8%]   step 2578
[  8%]   step 2579
[  8%]   step 2580
[  8%]   step 2581
[  8%]   step 2582
[  8%]   step 2583
[  8%]   step 2584
[  8%]   step 2585
[  8%]   step 2586
[  8%]   step 2587
[  8%]   step 2588
+SWASH is processing output request    1
+SWASH is processing output request    2
[  8%]   step 2589
[  8%]   step 2590
[  8%]   step 2591
[  8%]   step 2592
[  8%]   step 2593
[  8%]   step 2594
[  8%]   step 2595
[  8%]   step 2596
[  8%]   step 2597
[  8%]   step 2598
[  8%]   step 2599
[  8%]   step 2600
[  8%]   step 2601
[  8%]   step 2602
[  8%]   step 2603
[  8%]   step 2604
[  8%]   step 2605
[  8%]   step 2606
[  8%]   step 2607
[  8%]   step 2608
[  8%]   step 2609
[  8%]   step 2610
[  8%]   step 2611
[  8%]   step 2612
[  8%]   step 2613
[  8%]   step 2614
[  8%]   step 2615
[  8%]   step 2616
[  8%]   step 2617
[  8%]   step 2618
[  8%]   step 2619
[  8%]   step 2620
[  8%]   step 2621
[  8%]   step 2622
[  8%]   step 2623
[  8%]   step 2624
[  8%]   step 2625
[  8%]   step 2626
[  8%]   step 2627
[  8%]   step 2628
[  8%]   step 2629
+SWASH is processing output request    1
+SWASH is processing output request    2
[  8%]   step 2630
[  8%]   step 2631
[  8%]   step 2632
[  8%]   step 2633
[  8%]   step 2634
[  8%]   step 2635
[  8%]   step 2636
[  8%]   step 2637
[  8%]   step 2638
[  8%]   step 2639
[  8%]   step 2640
[  8%]   step 2641
[  8%]   step 2642
[  8%]   step 2643
[  8%]   step 2644
[  8%]   step 2645
[  8%]   step 2646
[  8%]   step 2647
[  8%]   step 2648
[  8%]   step 2649
[  8%]   step 2650
[  8%]   step 2651
[  8%]   step 2652
[  8%]   step 2653
[  8%]   step 2654
[  8%]   step 2655
[  8%]   step 2656
[  8%]   step 2657
[  8%]   step 2658
[  8%]   step 2659
[  8%]   step 2660
[  8%]   step 2661
[  8%]   step 2662
[  8%]   step 2663
[  8%]   step 2664
[  8%]   step 2665
[  8%]   step 2666
[  8%]   step 2667
[  8%]   step 2668
[  8%]   step 2669
[  8%]   step 2670
[  8%]   step 2671
+SWASH is processing output request    1
+SWASH is processing output request    2
[  8%]   step 2672
[  8%]   step 2673
[  8%]   step 2674
[  8%]   step 2675
[  8%]   step 2676
[  8%]   step 2677
[  8%]   step 2678
[  8%]   step 2679
[  8%]   step 2680
[  8%]   step 2681
[  8%]   step 2682
[  8%]   step 2683
[  8%]   step 2684
[  8%]   step 2685
[  8%]   step 2686
[  8%]   step 2687
[  8%]   step 2688
[  8%]   step 2689
[  8%]   step 2690
[  8%]   step 2691
[  8%]   step 2692
[  8%]   step 2693
[  8%]   step 2694
[  8%]   step 2695
[  8%]   step 2696
[  8%]   step 2697
[  8%]   step 2698
[  8%]   step 2699
[  8%]   step 2700
[  8%]   step 2701
[  8%]   step 2702
[  8%]   step 2703
[  8%]   step 2704
[  8%]   step 2705
[  8%]   step 2706
[  8%]   step 2707
[  8%]   step 2708
[  8%]   step 2709
[  8%]   step 2710
[  8%]   step 2711
[  8%]   step 2712
+SWASH is processing output request    1
+SWASH is processing output request    2
[  8%]   step 2713
[  8%]   step 2714
[  8%]   step 2715
[  8%]   step 2716
[  8%]   step 2717
[  8%]   step 2718
[  8%]   step 2719
[  8%]   step 2720
[  8%]   step 2721
[  8%]   step 2722
[  8%]   step 2723
[  9%]   step 2724
[  9%]   step 2725
[  9%]   step 2726
[  9%]   step 2727
[  9%]   step 2728
[  9%]   step 2729
[  9%]   step 2730
[  9%]   step 2731
[  9%]   step 2732
[  9%]   step 2733
[  9%]   step 2734
[  9%]   step 2735
[  9%]   step 2736
[  9%]   step 2737
[  9%]   step 2738
[  9%]   step 2739
[  9%]   step 2740
[  9%]   step 2741
[  9%]   step 2742
[  9%]   step 2743
[  9%]   step 2744
[  9%]   step 2745
[  9%]   step 2746
[  9%]   step 2747
[  9%]   step 2748
[  9%]   step 2749
[  9%]   step 2750
[  9%]   step 2751
[  9%]   step 2752
[  9%]   step 2753
+SWASH is processing output request    1
+SWASH is processing output request    2
[  9%]   step 2754
[  9%]   step 2755
[  9%]   step 2756
[  9%]   step 2757
[  9%]   step 2758
[  9%]   step 2759
[  9%]   step 2760
[  9%]   step 2761
[  9%]   step 2762
[  9%]   step 2763
[  9%]   step 2764
[  9%]   step 2765
[  9%]   step 2766
[  9%]   step 2767
[  9%]   step 2768
[  9%]   step 2769
[  9%]   step 2770
[  9%]   step 2771
[  9%]   step 2772
[  9%]   step 2773
[  9%]   step 2774
[  9%]   step 2775
[  9%]   step 2776
[  9%]   step 2777
[  9%]   step 2778
[  9%]   step 2779
[  9%]   step 2780
[  9%]   step 2781
[  9%]   step 2782
[  9%]   step 2783
[  9%]   step 2784
[  9%]   step 2785
[  9%]   step 2786
[  9%]   step 2787
[  9%]   step 2788
[  9%]   step 2789
[  9%]   step 2790
[  9%]   step 2791
[  9%]   step 2792
[  9%]   step 2793
[  9%]   step 2794
+SWASH is processing output request    1
+SWASH is processing output request    2
[  9%]   step 2795
[  9%]   step 2796
[  9%]   step 2797
[  9%]   step 2798
[  9%]   step 2799
[  9%]   step 2800
[  9%]   step 2801
[  9%]   step 2802
[  9%]   step 2803
[  9%]   step 2804
[  9%]   step 2805
[  9%]   step 2806
[  9%]   step 2807
[  9%]   step 2808
[  9%]   step 2809
[  9%]   step 2810
[  9%]   step 2811
[  9%]   step 2812
[  9%]   step 2813
[  9%]   step 2814
[  9%]   step 2815
[  9%]   step 2816
[  9%]   step 2817
[  9%]   step 2818
[  9%]   step 2819
[  9%]   step 2820
[  9%]   step 2821
[  9%]   step 2822
[  9%]   step 2823
[  9%]   step 2824
[  9%]   step 2825
[  9%]   step 2826
[  9%]   step 2827
[  9%]   step 2828
[  9%]   step 2829
[  9%]   step 2830
[  9%]   step 2831
[  9%]   step 2832
[  9%]   step 2833
[  9%]   step 2834
[  9%]   step 2835
+SWASH is processing output request    1
+SWASH is processing output request    2
[  9%]   step 2836
[  9%]   step 2837
[  9%]   step 2838
[  9%]   step 2839
[  9%]   step 2840
[  9%]   step 2841
[  9%]   step 2842
[  9%]   step 2843
[  9%]   step 2844
[  9%]   step 2845
[  9%]   step 2846
[  9%]   step 2847
[  9%]   step 2848
[  9%]   step 2849
[  9%]   step 2850
[  9%]   step 2851
[  9%]   step 2852
[  9%]   step 2853
[  9%]   step 2854
[  9%]   step 2855
[  9%]   step 2856
[  9%]   step 2857
[  9%]   step 2858
[  9%]   step 2859
[  9%]   step 2860
[  9%]   step 2861
[  9%]   step 2862
[  9%]   step 2863
[  9%]   step 2864
[  9%]   step 2865
[  9%]   step 2866
[  9%]   step 2867
[  9%]   step 2868
[  9%]   step 2869
[  9%]   step 2870
[  9%]   step 2871
[  9%]   step 2872
[  9%]   step 2873
[  9%]   step 2874
[  9%]   step 2875
[  9%]   step 2876
+SWASH is processing output request    1
+SWASH is processing output request    2
[  9%]   step 2877
[  9%]   step 2878
[  9%]   step 2879
[  9%]   step 2880
[  9%]   step 2881
[  9%]   step 2882
[  9%]   step 2883
[  9%]   step 2884
[  9%]   step 2885
[  9%]   step 2886
[  9%]   step 2887
[  9%]   step 2888
[  9%]   step 2889
[  9%]   step 2890
[  9%]   step 2891
[  9%]   step 2892
[  9%]   step 2893
[  9%]   step 2894
[  9%]   step 2895
[  9%]   step 2896
[  9%]   step 2897
[  9%]   step 2898
[  9%]   step 2899
[  9%]   step 2900
[  9%]   step 2901
[  9%]   step 2902
[  9%]   step 2903
[  9%]   step 2904
[  9%]   step 2905
[  9%]   step 2906
[  9%]   step 2907
[  9%]   step 2908
[  9%]   step 2909
[  9%]   step 2910
[  9%]   step 2911
[  9%]   step 2912
[  9%]   step 2913
[  9%]   step 2914
[  9%]   step 2915
[  9%]   step 2916
[  9%]   step 2917
+SWASH is processing output request    1
+SWASH is processing output request    2
[  9%]   step 2918
[  9%]   step 2919
[  9%]   step 2920
[  9%]   step 2921
[  9%]   step 2922
[  9%]   step 2923
[  9%]   step 2924
[  9%]   step 2925
[  9%]   step 2926
[  9%]   step 2927
[  9%]   step 2928
[  9%]   step 2929
[  9%]   step 2930
[  9%]   step 2931
[  9%]   step 2932
[  9%]   step 2933
[  9%]   step 2934
[  9%]   step 2935
[  9%]   step 2936
[  9%]   step 2937
[  9%]   step 2938
[  9%]   step 2939
[  9%]   step 2940
[  9%]   step 2941
[  9%]   step 2942
[  9%]   step 2943
[  9%]   step 2944
[  9%]   step 2945
[  9%]   step 2946
[  9%]   step 2947
[  9%]   step 2948
[  9%]   step 2949
[  9%]   step 2950
[  9%]   step 2951
[  9%]   step 2952
[  9%]   step 2953
[  9%]   step 2954
[  9%]   step 2955
[  9%]   step 2956
[  9%]   step 2957
[  9%]   step 2958
+SWASH is processing output request    1
+SWASH is processing output request    2
[  9%]   step 2959
[  9%]   step 2960
[  9%]   step 2961
[  9%]   step 2962
[  9%]   step 2963
[  9%]   step 2964
[  9%]   step 2965
[  9%]   step 2966
[  9%]   step 2967
[  9%]   step 2968
[  9%]   step 2969
[  9%]   step 2970
[  9%]   step 2971
[  9%]   step 2972
[  9%]   step 2973
[  9%]   step 2974
[  9%]   step 2975
[  9%]   step 2976
[  9%]   step 2977
[  9%]   step 2978
[  9%]   step 2979
[  9%]   step 2980
[  9%]   step 2981
[  9%]   step 2982
[  9%]   step 2983
[  9%]   step 2984
[  9%]   step 2985
[  9%]   step 2986
[  9%]   step 2987
[  9%]   step 2988
[  9%]   step 2989
[  9%]   step 2990
[  9%]   step 2991
[  9%]   step 2992
[  9%]   step 2993
[  9%]   step 2994
[  9%]   step 2995
[  9%]   step 2996
[  9%]   step 2997
[  9%]   step 2998
[  9%]   step 2999
+SWASH is processing output request    1
+SWASH is processing output request    2
[  9%]   step 3000
[  9%]   step 3001
[  9%]   step 3002
[  9%]   step 3003
[  9%]   step 3004
[  9%]   step 3005
[  9%]   step 3006
[  9%]   step 3007
[  9%]   step 3008
[  9%]   step 3009
[  9%]   step 3010
[  9%]   step 3011
[  9%]   step 3012
[  9%]   step 3013
[  9%]   step 3014
[  9%]   step 3015
[  9%]   step 3016
[  9%]   step 3017
[  9%]   step 3018
[  9%]   step 3019
[  9%]   step 3020
[  9%]   step 3021
[  9%]   step 3022
[  9%]   step 3023
[  9%]   step 3024
[  9%]   step 3025
[  9%]   step 3026
[  9%]   step 3027
[  9%]   step 3028
[  9%]   step 3029
[  9%]   step 3030
[  9%]   step 3031
[  9%]   step 3032
[  9%]   step 3033
[  9%]   step 3034
[  9%]   step 3035
[  9%]   step 3036
[  9%]   step 3037
[  9%]   step 3038
[  9%]   step 3039
[  9%]   step 3040
+SWASH is processing output request    1
+SWASH is processing output request    2
[  9%]   step 3041
[  9%]   step 3042
[  9%]   step 3043
[ 10%]   step 3044
[ 10%]   step 3045
[ 10%]   step 3046
[ 10%]   step 3047
[ 10%]   step 3048
[ 10%]   step 3049
[ 10%]   step 3050
[ 10%]   step 3051
[ 10%]   step 3052
[ 10%]   step 3053
[ 10%]   step 3054
[ 10%]   step 3055
[ 10%]   step 3056
[ 10%]   step 3057
[ 10%]   step 3058
[ 10%]   step 3059
[ 10%]   step 3060
[ 10%]   step 3061
[ 10%]   step 3062
[ 10%]   step 3063
[ 10%]   step 3064
[ 10%]   step 3065
[ 10%]   step 3066
[ 10%]   step 3067
[ 10%]   step 3068
[ 10%]   step 3069
[ 10%]   step 3070
[ 10%]   step 3071
[ 10%]   step 3072
[ 10%]   step 3073
[ 10%]   step 3074
[ 10%]   step 3075
[ 10%]   step 3076
[ 10%]   step 3077
[ 10%]   step 3078
[ 10%]   step 3079
[ 10%]   step 3080
[ 10%]   step 3081
+SWASH is processing output request    1
+SWASH is processing output request    2
[ 10%]   step 3082
[ 10%]   step 3083
[ 10%]   step 3084
[ 10%]   step 3085
[ 10%]   step 3086
[ 10%]   step 3087
[ 10%]   step 3088
[ 10%]   step 3089
[ 10%]   step 3090
[ 10%]   step 3091
[ 10%]   step 3092
[ 10%]   step 3093
[ 10%]   step 3094
[ 10%]   step 3095
[ 10%]   step 3096
[ 10%]   step 3097
[ 10%]   step 3098
[ 10%]   step 3099
[ 10%]   step 3100
[ 10%]   step 3101
[ 10%]   step 3102
[ 10%]   step 3103
[ 10%]   step 3104
[ 10%]   step 3105
[ 10%]   step 3106
[ 10%]   step 3107
[ 10%]   step 3108
[ 10%]   step 3109
[ 10%]   step 3110
[ 10%]   step 3111
[ 10%]   step 3112
[ 10%]   step 3113
[ 10%]   step 3114
[ 10%]   step 3115
[ 10%]   step 3116
[ 10%]   step 3117
[ 10%]   step 3118
[ 10%]   step 3119
[ 10%]   step 3120
[ 10%]   step 3121
[ 10%]   step 3122
+SWASH is processing output request    1
+SWASH is processing output request    2
[ 10%]   step 3123
[ 10%]   step 3124
[ 10%]   step 3125
[ 10%]   step 3126
[ 10%]   step 3127
[ 10%]   step 3128
[ 10%]   step 3129
[ 10%]   step 3130
[ 10%]   step 3131
[ 10%]   step 3132
[ 10%]   step 3133
[ 10%]   step 3134
[ 10%]   step 3135
[ 10%]   step 3136
[ 10%]   step 3137
[ 10%]   step 3138
[ 10%]   step 3139
[ 10%]   step 3140
[ 10%]   step 3141
[ 10%]   step 3142
[ 10%]   step 3143
[ 10%]   step 3144
[ 10%]   step 3145
[ 10%]   step 3146
[ 10%]   step 3147
[ 10%]   step 3148
[ 10%]   step 3149
[ 10%]   step 3150
[ 10%]   step 3151
[ 10%]   step 3152
[ 10%]   step 3153
[ 10%]   step 3154
[ 10%]   step 3155
[ 10%]   step 3156
[ 10%]   step 3157
[ 10%]   step 3158
[ 10%]   step 3159
[ 10%]   step 3160
[ 10%]   step 3161
[ 10%]   step 3162
[ 10%]   step 3163
+SWASH is processing output request    1
+SWASH is processing output request    2
[ 10%]   step 3164
[ 10%]   step 3165
[ 10%]   step 3166
[ 10%]   step 3167
[ 10%]   step 3168
[ 10%]   step 3169
[ 10%]   step 3170
[ 10%]   step 3171
[ 10%]   step 3172
[ 10%]   step 3173
[ 10%]   step 3174
[ 10%]   step 3175
[ 10%]   step 3176
[ 10%]   step 3177
[ 10%]   step 3178
[ 10%]   step 3179
[ 10%]   step 3180
[ 10%]   step 3181
[ 10%]   step 3182
[ 10%]   step 3183
[ 10%]   step 3184
[ 10%]   step 3185
[ 10%]   step 3186
[ 10%]   step 3187
[ 10%]   step 3188
[ 10%]   step 3189
[ 10%]   step 3190
[ 10%]   step 3191
[ 10%]   step 3192
[ 10%]   step 3193
[ 10%]   step 3194
[ 10%]   step 3195
[ 10%]   step 3196
[ 10%]   step 3197
[ 10%]   step 3198
[ 10%]   step 3199
[ 10%]   step 3200
[ 10%]   step 3201
[ 10%]   step 3202
[ 10%]   step 3203
[ 10%]   step 3204
[ 10%]   step 3205
+SWASH is processing output request    1
+SWASH is processing output request    2
[ 10%]   step 3206
[ 10%]   step 3207
[ 10%]   step 3208
[ 10%]   step 3209
[ 10%]   step 3210
[ 10%]   step 3211
[ 10%]   step 3212
[ 10%]   step 3213
[ 10%]   step 3214
[ 10%]   step 3215
[ 10%]   step 3216
[ 10%]   step 3217
[ 10%]   step 3218
[ 10%]   step 3219
[ 10%]   step 3220
[ 10%]   step 3221
[ 10%]   step 3222
[ 10%]   step 3223
[ 10%]   step 3224
[ 10%]   step 3225
[ 10%]   step 3226
[ 10%]   step 3227
[ 10%]   step 3228
[ 10%]   step 3229
[ 10%]   step 3230
[ 10%]   step 3231
[ 10%]   step 3232
[ 10%]   step 3233
[ 10%]   step 3234
[ 10%]   step 3235
[ 10%]   step 3236
[ 10%]   step 3237
[ 10%]   step 3238
[ 10%]   step 3239
[ 10%]   step 3240
[ 10%]   step 3241
[ 10%]   step 3242
[ 10%]   step 3243
[ 10%]   step 3244
[ 10%]   step 3245
[ 10%]   step 3246
+SWASH is processing output request    1
+SWASH is processing output request    2
[ 10%]   step 3247
[ 10%]   step 3248
[ 10%]   step 3249
[ 10%]   step 3250
[ 10%]   step 3251
[ 10%]   step 3252
[ 10%]   step 3253
[ 10%]   step 3254
[ 10%]   step 3255
[ 10%]   step 3256
[ 10%]   step 3257
[ 10%]   step 3258
[ 10%]   step 3259
[ 10%]   step 3260
[ 10%]   step 3261
[ 10%]   step 3262
[ 10%]   step 3263
[ 10%]   step 3264
[ 10%]   step 3265
[ 10%]   step 3266
[ 10%]   step 3267
[ 10%]   step 3268
[ 10%]   step 3269
[ 10%]   step 3270
[ 10%]   step 3271
[ 10%]   step 3272
[ 10%]   step 3273
[ 10%]   step 3274
[ 10%]   step 3275
[ 10%]   step 3276
[ 10%]   step 3277
[ 10%]   step 3278
[ 10%]   step 3279
[ 10%]   step 3280
[ 10%]   step 3281
[ 10%]   step 3282
[ 10%]   step 3283
[ 10%]   step 3284
[ 10%]   step 3285
[ 10%]   step 3286
[ 10%]   step 3287
+SWASH is processing output request    1
+SWASH is processing output request    2
[ 10%]   step 3288
[ 10%]   step 3289
[ 10%]   step 3290
[ 10%]   step 3291
[ 10%]   step 3292
[ 10%]   step 3293
[ 10%]   step 3294
[ 10%]   step 3295
[ 10%]   step 3296
[ 10%]   step 3297
[ 10%]   step 3298
[ 10%]   step 3299
[ 10%]   step 3300
[ 10%]   step 3301
[ 10%]   step 3302
[ 10%]   step 3303
[ 10%]   step 3304
[ 10%]   step 3305
[ 10%]   step 3306
[ 10%]   step 3307
[ 10%]   step 3308
[ 10%]   step 3309
[ 10%]   step 3310
[ 10%]   step 3311
[ 10%]   step 3312
[ 10%]   step 3313
[ 10%]   step 3314
[ 10%]   step 3315
[ 10%]   step 3316
[ 10%]   step 3317
[ 10%]   step 3318
[ 10%]   step 3319
[ 10%]   step 3320
[ 10%]   step 3321
[ 10%]   step 3322
[ 10%]   step 3323
[ 10%]   step 3324
[ 10%]   step 3325
[ 10%]   step 3326
[ 10%]   step 3327
[ 10%]   step 3328
+SWASH is processing output request    1
+SWASH is processing output request    2
[ 10%]   step 3329
[ 10%]   step 3330
[ 10%]   step 3331
[ 10%]   step 3332
[ 10%]   step 3333
[ 10%]   step 3334
[ 10%]   step 3335
[ 10%]   step 3336
[ 10%]   step 3337
[ 10%]   step 3338
[ 10%]   step 3339
[ 10%]   step 3340
[ 10%]   step 3341
[ 10%]   step 3342
[ 10%]   step 3343
[ 10%]   step 3344
[ 10%]   step 3345
[ 10%]   step 3346
[ 10%]   step 3347
[ 10%]   step 3348
[ 10%]   step 3349
[ 10%]   step 3350
[ 10%]   step 3351
[ 10%]   step 3352
[ 10%]   step 3353
[ 10%]   step 3354
[ 10%]   step 3355
[ 10%]   step 3356
[ 10%]   step 3357
[ 10%]   step 3358
[ 10%]   step 3359
[ 10%]   step 3360
[ 10%]   step 3361
[ 10%]   step 3362
[ 10%]   step 3363
[ 10%]   step 3364
[ 11%]   step 3365
[ 11%]   step 3366
[ 11%]   step 3367
[ 11%]   step 3368
[ 11%]   step 3369
+SWASH is processing output request    1
+SWASH is processing output request    2
[ 11%]   step 3370
[ 11%]   step 3371
[ 11%]   step 3372
[ 11%]   step 3373
[ 11%]   step 3374
[ 11%]   step 3375
[ 11%]   step 3376
[ 11%]   step 3377
[ 11%]   step 3378
[ 11%]   step 3379
[ 11%]   step 3380
[ 11%]   step 3381
[ 11%]   step 3382
[ 11%]   step 3383
[ 11%]   step 3384
[ 11%]   step 3385
[ 11%]   step 3386
[ 11%]   step 3387
[ 11%]   step 3388
[ 11%]   step 3389
[ 11%]   step 3390
[ 11%]   step 3391
[ 11%]   step 3392
[ 11%]   step 3393
[ 11%]   step 3394
[ 11%]   step 3395
[ 11%]   step 3396
[ 11%]   step 3397
[ 11%]   step 3398
[ 11%]   step 3399
[ 11%]   step 3400
[ 11%]   step 3401
[ 11%]   step 3402
[ 11%]   step 3403
[ 11%]   step 3404
[ 11%]   step 3405
[ 11%]   step 3406
[ 11%]   step 3407
[ 11%]   step 3408
[ 11%]   step 3409
[ 11%]   step 3410
+SWASH is processing output request    1
+SWASH is processing output request    2
[ 11%]   step 3411
[ 11%]   step 3412
[ 11%]   step 3413
[ 11%]   step 3414
[ 11%]   step 3415
[ 11%]   step 3416
[ 11%]   step 3417
[ 11%]   step 3418
[ 11%]   step 3419
[ 11%]   step 3420
[ 11%]   step 3421
[ 11%]   step 3422
[ 11%]   step 3423
[ 11%]   step 3424
[ 11%]   step 3425
[ 11%]   step 3426
[ 11%]   step 3427
[ 11%]   step 3428
[ 11%]   step 3429
[ 11%]   step 3430
[ 11%]   step 3431
[ 11%]   step 3432
[ 11%]   step 3433
[ 11%]   step 3434
[ 11%]   step 3435
[ 11%]   step 3436
[ 11%]   step 3437
[ 11%]   step 3438
[ 11%]   step 3439
[ 11%]   step 3440
[ 11%]   step 3441
[ 11%]   step 3442
[ 11%]   step 3443
[ 11%]   step 3444
[ 11%]   step 3445
[ 11%]   step 3446
[ 11%]   step 3447
[ 11%]   step 3448
[ 11%]   step 3449
[ 11%]   step 3450
[ 11%]   step 3451
+SWASH is processing output request    1
+SWASH is processing output request    2
[ 11%]   step 3452
[ 11%]   step 3453
[ 11%]   step 3454
[ 11%]   step 3455
[ 11%]   step 3456
[ 11%]   step 3457
[ 11%]   step 3458
[ 11%]   step 3459
[ 11%]   step 3460
[ 11%]   step 3461
[ 11%]   step 3462
[ 11%]   step 3463
[ 11%]   step 3464
[ 11%]   step 3465
[ 11%]   step 3466
[ 11%]   step 3467
[ 11%]   step 3468
[ 11%]   step 3469
[ 11%]   step 3470
[ 11%]   step 3471
[ 11%]   step 3472
[ 11%]   step 3473
[ 11%]   step 3474
[ 11%]   step 3475
[ 11%]   step 3476
[ 11%]   step 3477
[ 11%]   step 3478
[ 11%]   step 3479
[ 11%]   step 3480
[ 11%]   step 3481
[ 11%]   step 3482
[ 11%]   step 3483
[ 11%]   step 3484
[ 11%]   step 3485
[ 11%]   step 3486
[ 11%]   step 3487
[ 11%]   step 3488
[ 11%]   step 3489
[ 11%]   step 3490
[ 11%]   step 3491
[ 11%]   step 3492
+SWASH is processing output request    1
+SWASH is processing output request    2
[ 11%]   step 3493
[ 11%]   step 3494
[ 11%]   step 3495
[ 11%]   step 3496
[ 11%]   step 3497
[ 11%]   step 3498
[ 11%]   step 3499
[ 11%]   step 3500
[ 11%]   step 3501
[ 11%]   step 3502
[ 11%]   step 3503
[ 11%]   step 3504
[ 11%]   step 3505
[ 11%]   step 3506
[ 11%]   step 3507
[ 11%]   step 3508
[ 11%]   step 3509
[ 11%]   step 3510
[ 11%]   step 3511
[ 11%]   step 3512
[ 11%]   step 3513
[ 11%]   step 3514
[ 11%]   step 3515
[ 11%]   step 3516
[ 11%]   step 3517
[ 11%]   step 3518
[ 11%]   step 3519
[ 11%]   step 3520
[ 11%]   step 3521
[ 11%]   step 3522
[ 11%]   step 3523
[ 11%]   step 3524
[ 11%]   step 3525
[ 11%]   step 3526
[ 11%]   step 3527
[ 11%]   step 3528
[ 11%]   step 3529
[ 11%]   step 3530
[ 11%]   step 3531
[ 11%]   step 3532
[ 11%]   step 3533
+SWASH is processing output request    1
+SWASH is processing output request    2
[ 11%]   step 3534
[ 11%]   step 3535
[ 11%]   step 3536
[ 11%]   step 3537
[ 11%]   step 3538
[ 11%]   step 3539
[ 11%]   step 3540
[ 11%]   step 3541
[ 11%]   step 3542
[ 11%]   step 3543
[ 11%]   step 3544
[ 11%]   step 3545
[ 11%]   step 3546
[ 11%]   step 3547
[ 11%]   step 3548
[ 11%]   step 3549
[ 11%]   step 3550
[ 11%]   step 3551
[ 11%]   step 3552
[ 11%]   step 3553
[ 11%]   step 3554
[ 11%]   step 3555
[ 11%]   step 3556
[ 11%]   step 3557
[ 11%]   step 3558
[ 11%]   step 3559
[ 11%]   step 3560
[ 11%]   step 3561
[ 11%]   step 3562
[ 11%]   step 3563
[ 11%]   step 3564
[ 11%]   step 3565
[ 11%]   step 3566
[ 11%]   step 3567
[ 11%]   step 3568
[ 11%]   step 3569
[ 11%]   step 3570
[ 11%]   step 3571
[ 11%]   step 3572
[ 11%]   step 3573
[ 11%]   step 3574
+SWASH is processing output request    1
+SWASH is processing output request    2
[ 11%]   step 3575
[ 11%]   step 3576
[ 11%]   step 3577
[ 11%]   step 3578
[ 11%]   step 3579
[ 11%]   step 3580
[ 11%]   step 3581
[ 11%]   step 3582
[ 11%]   step 3583
[ 11%]   step 3584
[ 11%]   step 3585
[ 11%]   step 3586
[ 11%]   step 3587
[ 11%]   step 3588
[ 11%]   step 3589
[ 11%]   step 3590
[ 11%]   step 3591
[ 11%]   step 3592
[ 11%]   step 3593
[ 11%]   step 3594
[ 11%]   step 3595
[ 11%]   step 3596
[ 11%]   step 3597
[ 11%]   step 3598
[ 11%]   step 3599
[ 11%]   step 3600
[ 11%]   step 3601
[ 11%]   step 3602
[ 11%]   step 3603
[ 11%]   step 3604
[ 11%]   step 3605
[ 11%]   step 3606
[ 11%]   step 3607
[ 11%]   step 3608
[ 11%]   step 3609
[ 11%]   step 3610
[ 11%]   step 3611
[ 11%]   step 3612
[ 11%]   step 3613
[ 11%]   step 3614
[ 11%]   step 3615
+SWASH is processing output request    1
+SWASH is processing output request    2
[ 11%]   step 3616
[ 11%]   step 3617
[ 11%]   step 3618
[ 11%]   step 3619
[ 11%]   step 3620
[ 11%]   step 3621
[ 11%]   step 3622
[ 11%]   step 3623
[ 11%]   step 3624
[ 11%]   step 3625
[ 11%]   step 3626
[ 11%]   step 3627
[ 11%]   step 3628
[ 11%]   step 3629
[ 11%]   step 3630
[ 11%]   step 3631
[ 11%]   step 3632
[ 11%]   step 3633
[ 11%]   step 3634
[ 11%]   step 3635
[ 11%]   step 3636
[ 11%]   step 3637
[ 11%]   step 3638
[ 11%]   step 3639
[ 11%]   step 3640
[ 11%]   step 3641
[ 11%]   step 3642
[ 11%]   step 3643
[ 11%]   step 3644
[ 11%]   step 3645
[ 11%]   step 3646
[ 11%]   step 3647
[ 11%]   step 3648
[ 11%]   step 3649
[ 11%]   step 3650
[ 11%]   step 3651
[ 11%]   step 3652
[ 11%]   step 3653
[ 11%]   step 3654
[ 11%]   step 3655
[ 11%]   step 3656
+SWASH is processing output request    1
+SWASH is processing output request    2
[ 11%]   step 3657
[ 11%]   step 3658
[ 11%]   step 3659
[ 11%]   step 3660
[ 11%]   step 3661
[ 11%]   step 3662
[ 11%]   step 3663
[ 11%]   step 3664
[ 11%]   step 3665
[ 11%]   step 3666
[ 11%]   step 3667
[ 11%]   step 3668
[ 11%]   step 3669
[ 11%]   step 3670
[ 11%]   step 3671
[ 11%]   step 3672
[ 11%]   step 3673
[ 11%]   step 3674
[ 11%]   step 3675
[ 11%]   step 3676
[ 11%]   step 3677
[ 11%]   step 3678
[ 11%]   step 3679
[ 11%]   step 3680
[ 11%]   step 3681
[ 11%]   step 3682
[ 11%]   step 3683
[ 11%]   step 3684
[ 12%]   step 3685
[ 12%]   step 3686
[ 12%]   step 3687
[ 12%]   step 3688
[ 12%]   step 3689
[ 12%]   step 3690
[ 12%]   step 3691
[ 12%]   step 3692
[ 12%]   step 3693
[ 12%]   step 3694
[ 12%]   step 3695
[ 12%]   step 3696
[ 12%]   step 3697
+SWASH is processing output request    1
+SWASH is processing output request    2
[ 12%]   step 3698
[ 12%]   step 3699
[ 12%]   step 3700
[ 12%]   step 3701
[ 12%]   step 3702
[ 12%]   step 3703
[ 12%]   step 3704
[ 12%]   step 3705
[ 12%]   step 3706
[ 12%]   step 3707
[ 12%]   step 3708
[ 12%]   step 3709
[ 12%]   step 3710
[ 12%]   step 3711
[ 12%]   step 3712
[ 12%]   step 3713
[ 12%]   step 3714
[ 12%]   step 3715
[ 12%]   step 3716
[ 12%]   step 3717
[ 12%]   step 3718
[ 12%]   step 3719
[ 12%]   step 3720
[ 12%]   step 3721
[ 12%]   step 3722
[ 12%]   step 3723
[ 12%]   step 3724
[ 12%]   step 3725
[ 12%]   step 3726
[ 12%]   step 3727
[ 12%]   step 3728
[ 12%]   step 3729
[ 12%]   step 3730
[ 12%]   step 3731
[ 12%]   step 3732
[ 12%]   step 3733
[ 12%]   step 3734
[ 12%]   step 3735
[ 12%]   step 3736
[ 12%]   step 3737
[ 12%]   step 3738
[ 12%]   step 3739
+SWASH is processing output request    1
+SWASH is processing output request    2
[ 12%]   step 3740
[ 12%]   step 3741
[ 12%]   step 3742
[ 12%]   step 3743
[ 12%]   step 3744
[ 12%]   step 3745
[ 12%]   step 3746
[ 12%]   step 3747
[ 12%]   step 3748
[ 12%]   step 3749
[ 12%]   step 3750
[ 12%]   step 3751
[ 12%]   step 3752
[ 12%]   step 3753
[ 12%]   step 3754
[ 12%]   step 3755
[ 12%]   step 3756
[ 12%]   step 3757
[ 12%]   step 3758
[ 12%]   step 3759
[ 12%]   step 3760
[ 12%]   step 3761
[ 12%]   step 3762
[ 12%]   step 3763
[ 12%]   step 3764
[ 12%]   step 3765
[ 12%]   step 3766
[ 12%]   step 3767
[ 12%]   step 3768
[ 12%]   step 3769
[ 12%]   step 3770
[ 12%]   step 3771
[ 12%]   step 3772
[ 12%]   step 3773
[ 12%]   step 3774
[ 12%]   step 3775
[ 12%]   step 3776
[ 12%]   step 3777
[ 12%]   step 3778
[ 12%]   step 3779
[ 12%]   step 3780
+SWASH is processing output request    1
+SWASH is processing output request    2
[ 12%]   step 3781
[ 12%]   step 3782
[ 12%]   step 3783
[ 12%]   step 3784
[ 12%]   step 3785
[ 12%]   step 3786
[ 12%]   step 3787
[ 12%]   step 3788
[ 12%]   step 3789
[ 12%]   step 3790
[ 12%]   step 3791
[ 12%]   step 3792
[ 12%]   step 3793
[ 12%]   step 3794
[ 12%]   step 3795
[ 12%]   step 3796
[ 12%]   step 3797
[ 12%]   step 3798
[ 12%]   step 3799
[ 12%]   step 3800
[ 12%]   step 3801
[ 12%]   step 3802
[ 12%]   step 3803
[ 12%]   step 3804
[ 12%]   step 3805
[ 12%]   step 3806
[ 12%]   step 3807
[ 12%]   step 3808
[ 12%]   step 3809
[ 12%]   step 3810
[ 12%]   step 3811
[ 12%]   step 3812
[ 12%]   step 3813
[ 12%]   step 3814
[ 12%]   step 3815
[ 12%]   step 3816
[ 12%]   step 3817
[ 12%]   step 3818
[ 12%]   step 3819
[ 12%]   step 3820
[ 12%]   step 3821
+SWASH is processing output request    1
+SWASH is processing output request    2
[ 12%]   step 3822
[ 12%]   step 3823
[ 12%]   step 3824
[ 12%]   step 3825
[ 12%]   step 3826
[ 12%]   step 3827
[ 12%]   step 3828
[ 12%]   step 3829
[ 12%]   step 3830
[ 12%]   step 3831
[ 12%]   step 3832
[ 12%]   step 3833
[ 12%]   step 3834
[ 12%]   step 3835
[ 12%]   step 3836
[ 12%]   step 3837
[ 12%]   step 3838
[ 12%]   step 3839
[ 12%]   step 3840
[ 12%]   step 3841
[ 12%]   step 3842
[ 12%]   step 3843
[ 12%]   step 3844
[ 12%]   step 3845
[ 12%]   step 3846
[ 12%]   step 3847
[ 12%]   step 3848
[ 12%]   step 3849
[ 12%]   step 3850
[ 12%]   step 3851
[ 12%]   step 3852
[ 12%]   step 3853
[ 12%]   step 3854
[ 12%]   step 3855
[ 12%]   step 3856
[ 12%]   step 3857
[ 12%]   step 3858
[ 12%]   step 3859
[ 12%]   step 3860
[ 12%]   step 3861
[ 12%]   step 3862
+SWASH is processing output request    1
+SWASH is processing output request    2
[ 12%]   step 3863
[ 12%]   step 3864
[ 12%]   step 3865
[ 12%]   step 3866
[ 12%]   step 3867
[ 12%]   step 3868
[ 12%]   step 3869
[ 12%]   step 3870
[ 12%]   step 3871
[ 12%]   step 3872
[ 12%]   step 3873
[ 12%]   step 3874
[ 12%]   step 3875
[ 12%]   step 3876
[ 12%]   step 3877
[ 12%]   step 3878
[ 12%]   step 3879
[ 12%]   step 3880
[ 12%]   step 3881
[ 12%]   step 3882
[ 12%]   step 3883
[ 12%]   step 3884
[ 12%]   step 3885
[ 12%]   step 3886
[ 12%]   step 3887
[ 12%]   step 3888
[ 12%]   step 3889
[ 12%]   step 3890
[ 12%]   step 3891
[ 12%]   step 3892
[ 12%]   step 3893
[ 12%]   step 3894
[ 12%]   step 3895
[ 12%]   step 3896
[ 12%]   step 3897
[ 12%]   step 3898
[ 12%]   step 3899
[ 12%]   step 3900
[ 12%]   step 3901
[ 12%]   step 3902
[ 12%]   step 3903
+SWASH is processing output request    1
+SWASH is processing output request    2
[ 12%]   step 3904
[ 12%]   step 3905
[ 12%]   step 3906
[ 12%]   step 3907
[ 12%]   step 3908
[ 12%]   step 3909
[ 12%]   step 3910
[ 12%]   step 3911
[ 12%]   step 3912
[ 12%]   step 3913
[ 12%]   step 3914
[ 12%]   step 3915
[ 12%]   step 3916
[ 12%]   step 3917
[ 12%]   step 3918
[ 12%]   step 3919
[ 12%]   step 3920
[ 12%]   step 3921
[ 12%]   step 3922
[ 12%]   step 3923
[ 12%]   step 3924
[ 12%]   step 3925
[ 12%]   step 3926
[ 12%]   step 3927
[ 12%]   step 3928
[ 12%]   step 3929
[ 12%]   step 3930
[ 12%]   step 3931
[ 12%]   step 3932
[ 12%]   step 3933
[ 12%]   step 3934
[ 12%]   step 3935
[ 12%]   step 3936
[ 12%]   step 3937
[ 12%]   step 3938
[ 12%]   step 3939
[ 12%]   step 3940
[ 12%]   step 3941
[ 12%]   step 3942
[ 12%]   step 3943
[ 12%]   step 3944
+SWASH is processing output request    1
+SWASH is processing output request    2
[ 12%]   step 3945
[ 12%]   step 3946
[ 12%]   step 3947
[ 12%]   step 3948
[ 12%]   step 3949
[ 12%]   step 3950
[ 12%]   step 3951
[ 12%]   step 3952
[ 12%]   step 3953
[ 12%]   step 3954
[ 12%]   step 3955
[ 12%]   step 3956
[ 12%]   step 3957
[ 12%]   step 3958
[ 12%]   step 3959
[ 12%]   step 3960
[ 12%]   step 3961
[ 12%]   step 3962
[ 12%]   step 3963
[ 12%]   step 3964
[ 12%]   step 3965
[ 12%]   step 3966
[ 12%]   step 3967
[ 12%]   step 3968
[ 12%]   step 3969
[ 12%]   step 3970
[ 12%]   step 3971
[ 12%]   step 3972
[ 12%]   step 3973
[ 12%]   step 3974
[ 12%]   step 3975
[ 12%]   step 3976
[ 12%]   step 3977
[ 12%]   step 3978
[ 12%]   step 3979
[ 12%]   step 3980
[ 12%]   step 3981
[ 12%]   step 3982
[ 12%]   step 3983
[ 12%]   step 3984
[ 12%]   step 3985
+SWASH is processing output request    1
+SWASH is processing output request    2
[ 12%]   step 3986
[ 12%]   step 3987
[ 12%]   step 3988
[ 12%]   step 3989
[ 12%]   step 3990
[ 12%]   step 3991
[ 12%]   step 3992
[ 12%]   step 3993
[ 12%]   step 3994
[ 12%]   step 3995
[ 12%]   step 3996
[ 12%]   step 3997
[ 12%]   step 3998
[ 12%]   step 3999
[ 12%]   step 4000
[ 12%]   step 4001
[ 12%]   step 4002
[ 12%]   step 4003
[ 12%]   step 4004
[ 12%]   step 4005
[ 13%]   step 4006
[ 13%]   step 4007
[ 13%]   step 4008
[ 13%]   step 4009
[ 13%]   step 4010
[ 13%]   step 4011
[ 13%]   step 4012
[ 13%]   step 4013
[ 13%]   step 4014
[ 13%]   step 4015
[ 13%]   step 4016
[ 13%]   step 4017
[ 13%]   step 4018
[ 13%]   step 4019
[ 13%]   step 4020
[ 13%]   step 4021
[ 13%]   step 4022
[ 13%]   step 4023
[ 13%]   step 4024
[ 13%]   step 4025
[ 13%]   step 4026
+SWASH is processing output request    1
+SWASH is processing output request    2
[ 13%]   step 4027
[ 13%]   step 4028
[ 13%]   step 4029
[ 13%]   step 4030
[ 13%]   step 4031
[ 13%]   step 4032
[ 13%]   step 4033
[ 13%]   step 4034
[ 13%]   step 4035
[ 13%]   step 4036
[ 13%]   step 4037
[ 13%]   step 4038
[ 13%]   step 4039
[ 13%]   step 4040
[ 13%]   step 4041
[ 13%]   step 4042
[ 13%]   step 4043
[ 13%]   step 4044
[ 13%]   step 4045
[ 13%]   step 4046
[ 13%]   step 4047
[ 13%]   step 4048
[ 13%]   step 4049
[ 13%]   step 4050
[ 13%]   step 4051
[ 13%]   step 4052
[ 13%]   step 4053
[ 13%]   step 4054
[ 13%]   step 4055
[ 13%]   step 4056
[ 13%]   step 4057
[ 13%]   step 4058
[ 13%]   step 4059
[ 13%]   step 4060
[ 13%]   step 4061
[ 13%]   step 4062
[ 13%]   step 4063
[ 13%]   step 4064
[ 13%]   step 4065
[ 13%]   step 4066
[ 13%]   step 4067
+SWASH is processing output request    1
+SWASH is processing output request    2
[ 13%]   step 4068
[ 13%]   step 4069
[ 13%]   step 4070
[ 13%]   step 4071
[ 13%]   step 4072
[ 13%]   step 4073
[ 13%]   step 4074
[ 13%]   step 4075
[ 13%]   step 4076
[ 13%]   step 4077
[ 13%]   step 4078
[ 13%]   step 4079
[ 13%]   step 4080
[ 13%]   step 4081
[ 13%]   step 4082
[ 13%]   step 4083
[ 13%]   step 4084
[ 13%]   step 4085
[ 13%]   step 4086
[ 13%]   step 4087
[ 13%]   step 4088
[ 13%]   step 4089
[ 13%]   step 4090
[ 13%]   step 4091
[ 13%]   step 4092
[ 13%]   step 4093
[ 13%]   step 4094
[ 13%]   step 4095
[ 13%]   step 4096
[ 13%]   step 4097
[ 13%]   step 4098
[ 13%]   step 4099
[ 13%]   step 4100
[ 13%]   step 4101
[ 13%]   step 4102
[ 13%]   step 4103
[ 13%]   step 4104
[ 13%]   step 4105
[ 13%]   step 4106
[ 13%]   step 4107
[ 13%]   step 4108
+SWASH is processing output request    1
+SWASH is processing output request    2
[ 13%]   step 4109
[ 13%]   step 4110
[ 13%]   step 4111
[ 13%]   step 4112
[ 13%]   step 4113
[ 13%]   step 4114
[ 13%]   step 4115
[ 13%]   step 4116
[ 13%]   step 4117
[ 13%]   step 4118
[ 13%]   step 4119
[ 13%]   step 4120
[ 13%]   step 4121
[ 13%]   step 4122
[ 13%]   step 4123
[ 13%]   step 4124
[ 13%]   step 4125
[ 13%]   step 4126
[ 13%]   step 4127
[ 13%]   step 4128
[ 13%]   step 4129
[ 13%]   step 4130
[ 13%]   step 4131
[ 13%]   step 4132
[ 13%]   step 4133
[ 13%]   step 4134
[ 13%]   step 4135
[ 13%]   step 4136
[ 13%]   step 4137
[ 13%]   step 4138
[ 13%]   step 4139
[ 13%]   step 4140
[ 13%]   step 4141
[ 13%]   step 4142
[ 13%]   step 4143
[ 13%]   step 4144
[ 13%]   step 4145
[ 13%]   step 4146
[ 13%]   step 4147
[ 13%]   step 4148
[ 13%]   step 4149
+SWASH is processing output request    1
+SWASH is processing output request    2
[ 13%]   step 4150
[ 13%]   step 4151
[ 13%]   step 4152
[ 13%]   step 4153
[ 13%]   step 4154
[ 13%]   step 4155
[ 13%]   step 4156
[ 13%]   step 4157
[ 13%]   step 4158
[ 13%]   step 4159
[ 13%]   step 4160
[ 13%]   step 4161
[ 13%]   step 4162
[ 13%]   step 4163
[ 13%]   step 4164
[ 13%]   step 4165
[ 13%]   step 4166
[ 13%]   step 4167
[ 13%]   step 4168
[ 13%]   step 4169
[ 13%]   step 4170
[ 13%]   step 4171
[ 13%]   step 4172
[ 13%]   step 4173
[ 13%]   step 4174
[ 13%]   step 4175
[ 13%]   step 4176
[ 13%]   step 4177
[ 13%]   step 4178
[ 13%]   step 4179
[ 13%]   step 4180
[ 13%]   step 4181
[ 13%]   step 4182
[ 13%]   step 4183
[ 13%]   step 4184
[ 13%]   step 4185
[ 13%]   step 4186
[ 13%]   step 4187
[ 13%]   step 4188
[ 13%]   step 4189
[ 13%]   step 4190
+SWASH is processing output request    1
+SWASH is processing output request    2
[ 13%]   step 4191
[ 13%]   step 4192
[ 13%]   step 4193
[ 13%]   step 4194
[ 13%]   step 4195
[ 13%]   step 4196
[ 13%]   step 4197
[ 13%]   step 4198
[ 13%]   step 4199
[ 13%]   step 4200
[ 13%]   step 4201
[ 13%]   step 4202
[ 13%]   step 4203
[ 13%]   step 4204
[ 13%]   step 4205
[ 13%]   step 4206
[ 13%]   step 4207
[ 13%]   step 4208
[ 13%]   step 4209
[ 13%]   step 4210
[ 13%]   step 4211
[ 13%]   step 4212
[ 13%]   step 4213
[ 13%]   step 4214
[ 13%]   step 4215
[ 13%]   step 4216
[ 13%]   step 4217
[ 13%]   step 4218
[ 13%]   step 4219
[ 13%]   step 4220
[ 13%]   step 4221
[ 13%]   step 4222
[ 13%]   step 4223
[ 13%]   step 4224
[ 13%]   step 4225
[ 13%]   step 4226
[ 13%]   step 4227
[ 13%]   step 4228
[ 13%]   step 4229
[ 13%]   step 4230
[ 13%]   step 4231
+SWASH is processing output request    1
+SWASH is processing output request    2
[ 13%]   step 4232
[ 13%]   step 4233
[ 13%]   step 4234
[ 13%]   step 4235
[ 13%]   step 4236
[ 13%]   step 4237
[ 13%]   step 4238
[ 13%]   step 4239
[ 13%]   step 4240
[ 13%]   step 4241
[ 13%]   step 4242
[ 13%]   step 4243
[ 13%]   step 4244
[ 13%]   step 4245
[ 13%]   step 4246
[ 13%]   step 4247
[ 13%]   step 4248
[ 13%]   step 4249
[ 13%]   step 4250
[ 13%]   step 4251
[ 13%]   step 4252
[ 13%]   step 4253
[ 13%]   step 4254
[ 13%]   step 4255
[ 13%]   step 4256
[ 13%]   step 4257
[ 13%]   step 4258
[ 13%]   step 4259
[ 13%]   step 4260
[ 13%]   step 4261
[ 13%]   step 4262
[ 13%]   step 4263
[ 13%]   step 4264
[ 13%]   step 4265
[ 13%]   step 4266
[ 13%]   step 4267
[ 13%]   step 4268
[ 13%]   step 4269
[ 13%]   step 4270
[ 13%]   step 4271
[ 13%]   step 4272
[ 13%]   step 4273
+SWASH is processing output request    1
+SWASH is processing output request    2
[ 13%]   step 4274
[ 13%]   step 4275
[ 13%]   step 4276
[ 13%]   step 4277
[ 13%]   step 4278
[ 13%]   step 4279
[ 13%]   step 4280
[ 13%]   step 4281
[ 13%]   step 4282
[ 13%]   step 4283
[ 13%]   step 4284
[ 13%]   step 4285
[ 13%]   step 4286
[ 13%]   step 4287
[ 13%]   step 4288
[ 13%]   step 4289
[ 13%]   step 4290
[ 13%]   step 4291
[ 13%]   step 4292
[ 13%]   step 4293
[ 13%]   step 4294
[ 13%]   step 4295
[ 13%]   step 4296
[ 13%]   step 4297
[ 13%]   step 4298
[ 13%]   step 4299
[ 13%]   step 4300
[ 13%]   step 4301
[ 13%]   step 4302
[ 13%]   step 4303
[ 13%]   step 4304
[ 13%]   step 4305
[ 13%]   step 4306
[ 13%]   step 4307
[ 13%]   step 4308
[ 13%]   step 4309
[ 13%]   step 4310
[ 13%]   step 4311
[ 13%]   step 4312
[ 13%]   step 4313
[ 13%]   step 4314
+SWASH is processing output request    1
+SWASH is processing output request    2
[ 13%]   step 4315
[ 13%]   step 4316
[ 13%]   step 4317
[ 13%]   step 4318
[ 13%]   step 4319
[ 13%]   step 4320
[ 13%]   step 4321
[ 13%]   step 4322
[ 13%]   step 4323
[ 13%]   step 4324
[ 13%]   step 4325
[ 14%]   step 4326
[ 14%]   step 4327
[ 14%]   step 4328
[ 14%]   step 4329
[ 14%]   step 4330
[ 14%]   step 4331
[ 14%]   step 4332
[ 14%]   step 4333
[ 14%]   step 4334
[ 14%]   step 4335
[ 14%]   step 4336
[ 14%]   step 4337
[ 14%]   step 4338
[ 14%]   step 4339
[ 14%]   step 4340
[ 14%]   step 4341
[ 14%]   step 4342
[ 14%]   step 4343
[ 14%]   step 4344
[ 14%]   step 4345
[ 14%]   step 4346
[ 14%]   step 4347
[ 14%]   step 4348
[ 14%]   step 4349
[ 14%]   step 4350
[ 14%]   step 4351
[ 14%]   step 4352
[ 14%]   step 4353
[ 14%]   step 4354
[ 14%]   step 4355
+SWASH is processing output request    1
+SWASH is processing output request    2
[ 14%]   step 4356
[ 14%]   step 4357
[ 14%]   step 4358
[ 14%]   step 4359
[ 14%]   step 4360
[ 14%]   step 4361
[ 14%]   step 4362
[ 14%]   step 4363
[ 14%]   step 4364
[ 14%]   step 4365
[ 14%]   step 4366
[ 14%]   step 4367
[ 14%]   step 4368
[ 14%]   step 4369
[ 14%]   step 4370
[ 14%]   step 4371
[ 14%]   step 4372
[ 14%]   step 4373
[ 14%]   step 4374
[ 14%]   step 4375
[ 14%]   step 4376
[ 14%]   step 4377
[ 14%]   step 4378
[ 14%]   step 4379
[ 14%]   step 4380
[ 14%]   step 4381
[ 14%]   step 4382
[ 14%]   step 4383
[ 14%]   step 4384
[ 14%]   step 4385
[ 14%]   step 4386
[ 14%]   step 4387
[ 14%]   step 4388
[ 14%]   step 4389
[ 14%]   step 4390
[ 14%]   step 4391
[ 14%]   step 4392
[ 14%]   step 4393
[ 14%]   step 4394
[ 14%]   step 4395
[ 14%]   step 4396
+SWASH is processing output request    1
+SWASH is processing output request    2
[ 14%]   step 4397
[ 14%]   step 4398
[ 14%]   step 4399
[ 14%]   step 4400
[ 14%]   step 4401
[ 14%]   step 4402
[ 14%]   step 4403
[ 14%]   step 4404
[ 14%]   step 4405
[ 14%]   step 4406
[ 14%]   step 4407
[ 14%]   step 4408
[ 14%]   step 4409
[ 14%]   step 4410
[ 14%]   step 4411
[ 14%]   step 4412
[ 14%]   step 4413
[ 14%]   step 4414
[ 14%]   step 4415
[ 14%]   step 4416
[ 14%]   step 4417
[ 14%]   step 4418
[ 14%]   step 4419
[ 14%]   step 4420
[ 14%]   step 4421
[ 14%]   step 4422
[ 14%]   step 4423
[ 14%]   step 4424
[ 14%]   step 4425
[ 14%]   step 4426
[ 14%]   step 4427
[ 14%]   step 4428
[ 14%]   step 4429
[ 14%]   step 4430
[ 14%]   step 4431
[ 14%]   step 4432
[ 14%]   step 4433
[ 14%]   step 4434
[ 14%]   step 4435
[ 14%]   step 4436
[ 14%]   step 4437
+SWASH is processing output request    1
+SWASH is processing output request    2
[ 14%]   step 4438
[ 14%]   step 4439
[ 14%]   step 4440
[ 14%]   step 4441
[ 14%]   step 4442
[ 14%]   step 4443
[ 14%]   step 4444
[ 14%]   step 4445
[ 14%]   step 4446
[ 14%]   step 4447
[ 14%]   step 4448
[ 14%]   step 4449
[ 14%]   step 4450
[ 14%]   step 4451
[ 14%]   step 4452
[ 14%]   step 4453
[ 14%]   step 4454
[ 14%]   step 4455
[ 14%]   step 4456
[ 14%]   step 4457
[ 14%]   step 4458
[ 14%]   step 4459
[ 14%]   step 4460
[ 14%]   step 4461
[ 14%]   step 4462
[ 14%]   step 4463
[ 14%]   step 4464
[ 14%]   step 4465
[ 14%]   step 4466
[ 14%]   step 4467
[ 14%]   step 4468
[ 14%]   step 4469
[ 14%]   step 4470
[ 14%]   step 4471
[ 14%]   step 4472
[ 14%]   step 4473
[ 14%]   step 4474
[ 14%]   step 4475
[ 14%]   step 4476
[ 14%]   step 4477
[ 14%]   step 4478
+SWASH is processing output request    1
+SWASH is processing output request    2
[ 14%]   step 4479
[ 14%]   step 4480
[ 14%]   step 4481
[ 14%]   step 4482
[ 14%]   step 4483
[ 14%]   step 4484
[ 14%]   step 4485
[ 14%]   step 4486
[ 14%]   step 4487
[ 14%]   step 4488
[ 14%]   step 4489
[ 14%]   step 4490
[ 14%]   step 4491
[ 14%]   step 4492
[ 14%]   step 4493
[ 14%]   step 4494
[ 14%]   step 4495
[ 14%]   step 4496
[ 14%]   step 4497
[ 14%]   step 4498
[ 14%]   step 4499
[ 14%]   step 4500
[ 14%]   step 4501
[ 14%]   step 4502
[ 14%]   step 4503
[ 14%]   step 4504
[ 14%]   step 4505
[ 14%]   step 4506
[ 14%]   step 4507
[ 14%]   step 4508
[ 14%]   step 4509
[ 14%]   step 4510
[ 14%]   step 4511
[ 14%]   step 4512
[ 14%]   step 4513
[ 14%]   step 4514
[ 14%]   step 4515
[ 14%]   step 4516
[ 14%]   step 4517
[ 14%]   step 4518
[ 14%]   step 4519
+SWASH is processing output request    1
+SWASH is processing output request    2
[ 14%]   step 4520
[ 14%]   step 4521
[ 14%]   step 4522
[ 14%]   step 4523
[ 14%]   step 4524
[ 14%]   step 4525
[ 14%]   step 4526
[ 14%]   step 4527
[ 14%]   step 4528
[ 14%]   step 4529
[ 14%]   step 4530
[ 14%]   step 4531
[ 14%]   step 4532
[ 14%]   step 4533
[ 14%]   step 4534
[ 14%]   step 4535
[ 14%]   step 4536
[ 14%]   step 4537
[ 14%]   step 4538
[ 14%]   step 4539
[ 14%]   step 4540
[ 14%]   step 4541
[ 14%]   step 4542
[ 14%]   step 4543
[ 14%]   step 4544
[ 14%]   step 4545
[ 14%]   step 4546
[ 14%]   step 4547
[ 14%]   step 4548
[ 14%]   step 4549
[ 14%]   step 4550
[ 14%]   step 4551
[ 14%]   step 4552
[ 14%]   step 4553
[ 14%]   step 4554
[ 14%]   step 4555
[ 14%]   step 4556
[ 14%]   step 4557
[ 14%]   step 4558
[ 14%]   step 4559
[ 14%]   step 4560
+SWASH is processing output request    1
+SWASH is processing output request    2
[ 14%]   step 4561
[ 14%]   step 4562
[ 14%]   step 4563
[ 14%]   step 4564
[ 14%]   step 4565
[ 14%]   step 4566
[ 14%]   step 4567
[ 14%]   step 4568
[ 14%]   step 4569
[ 14%]   step 4570
[ 14%]   step 4571
[ 14%]   step 4572
[ 14%]   step 4573
[ 14%]   step 4574
[ 14%]   step 4575
[ 14%]   step 4576
[ 14%]   step 4577
[ 14%]   step 4578
[ 14%]   step 4579
[ 14%]   step 4580
[ 14%]   step 4581
[ 14%]   step 4582
[ 14%]   step 4583
[ 14%]   step 4584
[ 14%]   step 4585
[ 14%]   step 4586
[ 14%]   step 4587
[ 14%]   step 4588
[ 14%]   step 4589
[ 14%]   step 4590
[ 14%]   step 4591
[ 14%]   step 4592
[ 14%]   step 4593
[ 14%]   step 4594
[ 14%]   step 4595
[ 14%]   step 4596
[ 14%]   step 4597
[ 14%]   step 4598
[ 14%]   step 4599
[ 14%]   step 4600
[ 14%]   step 4601
+SWASH is processing output request    1
+SWASH is processing output request    2
[ 14%]   step 4602
[ 14%]   step 4603
[ 14%]   step 4604
[ 14%]   step 4605
[ 14%]   step 4606
[ 14%]   step 4607
[ 14%]   step 4608
[ 14%]   step 4609
[ 14%]   step 4610
[ 14%]   step 4611
[ 14%]   step 4612
[ 14%]   step 4613
[ 14%]   step 4614
[ 14%]   step 4615
[ 14%]   step 4616
[ 14%]   step 4617
[ 14%]   step 4618
[ 14%]   step 4619
[ 14%]   step 4620
[ 14%]   step 4621
[ 14%]   step 4622
[ 14%]   step 4623
[ 14%]   step 4624
[ 14%]   step 4625
[ 14%]   step 4626
[ 14%]   step 4627
[ 14%]   step 4628
[ 14%]   step 4629
[ 14%]   step 4630
[ 14%]   step 4631
[ 14%]   step 4632
[ 14%]   step 4633
[ 14%]   step 4634
[ 14%]   step 4635
[ 14%]   step 4636
[ 14%]   step 4637
[ 14%]   step 4638
[ 14%]   step 4639
[ 14%]   step 4640
[ 14%]   step 4641
[ 14%]   step 4642
+SWASH is processing output request    1
+SWASH is processing output request    2
[ 14%]   step 4643
[ 14%]   step 4644
[ 14%]   step 4645
[ 15%]   step 4646
[ 15%]   step 4647
[ 15%]   step 4648
[ 15%]   step 4649
[ 15%]   step 4650
[ 15%]   step 4651
[ 15%]   step 4652
[ 15%]   step 4653
[ 15%]   step 4654
[ 15%]   step 4655
[ 15%]   step 4656
[ 15%]   step 4657
[ 15%]   step 4658
[ 15%]   step 4659
[ 15%]   step 4660
[ 15%]   step 4661
[ 15%]   step 4662
[ 15%]   step 4663
[ 15%]   step 4664
[ 15%]   step 4665
[ 15%]   step 4666
[ 15%]   step 4667
[ 15%]   step 4668
[ 15%]   step 4669
[ 15%]   step 4670
[ 15%]   step 4671
[ 15%]   step 4672
[ 15%]   step 4673
[ 15%]   step 4674
[ 15%]   step 4675
[ 15%]   step 4676
[ 15%]   step 4677
[ 15%]   step 4678
[ 15%]   step 4679
[ 15%]   step 4680
[ 15%]   step 4681
[ 15%]   step 4682
[ 15%]   step 4683
+SWASH is processing output request    1
+SWASH is processing output request    2
[ 15%]   step 4684
[ 15%]   step 4685
[ 15%]   step 4686
[ 15%]   step 4687
[ 15%]   step 4688
[ 15%]   step 4689
[ 15%]   step 4690
[ 15%]   step 4691
[ 15%]   step 4692
[ 15%]   step 4693
[ 15%]   step 4694
[ 15%]   step 4695
[ 15%]   step 4696
[ 15%]   step 4697
[ 15%]   step 4698
[ 15%]   step 4699
[ 15%]   step 4700
[ 15%]   step 4701
[ 15%]   step 4702
[ 15%]   step 4703
[ 15%]   step 4704
[ 15%]   step 4705
[ 15%]   step 4706
[ 15%]   step 4707
[ 15%]   step 4708
[ 15%]   step 4709
[ 15%]   step 4710
[ 15%]   step 4711
[ 15%]   step 4712
[ 15%]   step 4713
[ 15%]   step 4714
[ 15%]   step 4715
[ 15%]   step 4716
[ 15%]   step 4717
[ 15%]   step 4718
[ 15%]   step 4719
[ 15%]   step 4720
[ 15%]   step 4721
[ 15%]   step 4722
[ 15%]   step 4723
[ 15%]   step 4724
+SWASH is processing output request    1
+SWASH is processing output request    2
[ 15%]   step 4725
[ 15%]   step 4726
[ 15%]   step 4727
[ 15%]   step 4728
[ 15%]   step 4729
[ 15%]   step 4730
[ 15%]   step 4731
[ 15%]   step 4732
[ 15%]   step 4733
[ 15%]   step 4734
[ 15%]   step 4735
[ 15%]   step 4736
[ 15%]   step 4737
[ 15%]   step 4738
[ 15%]   step 4739
[ 15%]   step 4740
[ 15%]   step 4741
[ 15%]   step 4742
[ 15%]   step 4743
[ 15%]   step 4744
[ 15%]   step 4745
[ 15%]   step 4746
[ 15%]   step 4747
[ 15%]   step 4748
[ 15%]   step 4749
[ 15%]   step 4750
[ 15%]   step 4751
[ 15%]   step 4752
[ 15%]   step 4753
[ 15%]   step 4754
[ 15%]   step 4755
[ 15%]   step 4756
[ 15%]   step 4757
[ 15%]   step 4758
[ 15%]   step 4759
[ 15%]   step 4760
[ 15%]   step 4761
[ 15%]   step 4762
[ 15%]   step 4763
[ 15%]   step 4764
[ 15%]   step 4765
+SWASH is processing output request    1
+SWASH is processing output request    2
[ 15%]   step 4766
[ 15%]   step 4767
[ 15%]   step 4768
[ 15%]   step 4769
[ 15%]   step 4770
[ 15%]   step 4771
[ 15%]   step 4772
[ 15%]   step 4773
[ 15%]   step 4774
[ 15%]   step 4775
[ 15%]   step 4776
[ 15%]   step 4777
[ 15%]   step 4778
[ 15%]   step 4779
[ 15%]   step 4780
[ 15%]   step 4781
[ 15%]   step 4782
[ 15%]   step 4783
[ 15%]   step 4784
[ 15%]   step 4785
[ 15%]   step 4786
[ 15%]   step 4787
[ 15%]   step 4788
[ 15%]   step 4789
[ 15%]   step 4790
[ 15%]   step 4791
[ 15%]   step 4792
[ 15%]   step 4793
[ 15%]   step 4794
[ 15%]   step 4795
[ 15%]   step 4796
[ 15%]   step 4797
[ 15%]   step 4798
[ 15%]   step 4799
[ 15%]   step 4800
[ 15%]   step 4801
[ 15%]   step 4802
[ 15%]   step 4803
[ 15%]   step 4804
[ 15%]   step 4805
[ 15%]   step 4806
[ 15%]   step 4807
+SWASH is processing output request    1
+SWASH is processing output request    2
[ 15%]   step 4808
[ 15%]   step 4809
[ 15%]   step 4810
[ 15%]   step 4811
[ 15%]   step 4812
[ 15%]   step 4813
[ 15%]   step 4814
[ 15%]   step 4815
[ 15%]   step 4816
[ 15%]   step 4817
[ 15%]   step 4818
[ 15%]   step 4819
[ 15%]   step 4820
[ 15%]   step 4821
[ 15%]   step 4822
[ 15%]   step 4823
[ 15%]   step 4824
[ 15%]   step 4825
[ 15%]   step 4826
[ 15%]   step 4827
[ 15%]   step 4828
[ 15%]   step 4829
[ 15%]   step 4830
[ 15%]   step 4831
[ 15%]   step 4832
[ 15%]   step 4833
[ 15%]   step 4834
[ 15%]   step 4835
[ 15%]   step 4836
[ 15%]   step 4837
[ 15%]   step 4838
[ 15%]   step 4839
[ 15%]   step 4840
[ 15%]   step 4841
[ 15%]   step 4842
[ 15%]   step 4843
[ 15%]   step 4844
[ 15%]   step 4845
[ 15%]   step 4846
[ 15%]   step 4847
[ 15%]   step 4848
+SWASH is processing output request    1
+SWASH is processing output request    2
[ 15%]   step 4849
[ 15%]   step 4850
[ 15%]   step 4851
[ 15%]   step 4852
[ 15%]   step 4853
[ 15%]   step 4854
[ 15%]   step 4855
[ 15%]   step 4856
[ 15%]   step 4857
[ 15%]   step 4858
[ 15%]   step 4859
[ 15%]   step 4860
[ 15%]   step 4861
[ 15%]   step 4862
[ 15%]   step 4863
[ 15%]   step 4864
[ 15%]   step 4865
[ 15%]   step 4866
[ 15%]   step 4867
[ 15%]   step 4868
[ 15%]   step 4869
[ 15%]   step 4870
[ 15%]   step 4871
[ 15%]   step 4872
[ 15%]   step 4873
[ 15%]   step 4874
[ 15%]   step 4875
[ 15%]   step 4876
[ 15%]   step 4877
[ 15%]   step 4878
[ 15%]   step 4879
[ 15%]   step 4880
[ 15%]   step 4881
[ 15%]   step 4882
[ 15%]   step 4883
[ 15%]   step 4884
[ 15%]   step 4885
[ 15%]   step 4886
[ 15%]   step 4887
[ 15%]   step 4888
[ 15%]   step 4889
+SWASH is processing output request    1
+SWASH is processing output request    2
[ 15%]   step 4890
[ 15%]   step 4891
[ 15%]   step 4892
[ 15%]   step 4893
[ 15%]   step 4894
[ 15%]   step 4895
[ 15%]   step 4896
[ 15%]   step 4897
[ 15%]   step 4898
[ 15%]   step 4899
[ 15%]   step 4900
[ 15%]   step 4901
[ 15%]   step 4902
[ 15%]   step 4903
[ 15%]   step 4904
[ 15%]   step 4905
[ 15%]   step 4906
[ 15%]   step 4907
[ 15%]   step 4908
[ 15%]   step 4909
[ 15%]   step 4910
[ 15%]   step 4911
[ 15%]   step 4912
[ 15%]   step 4913
[ 15%]   step 4914
[ 15%]   step 4915
[ 15%]   step 4916
[ 15%]   step 4917
[ 15%]   step 4918
[ 15%]   step 4919
[ 15%]   step 4920
[ 15%]   step 4921
[ 15%]   step 4922
[ 15%]   step 4923
[ 15%]   step 4924
[ 15%]   step 4925
[ 15%]   step 4926
[ 15%]   step 4927
[ 15%]   step 4928
[ 15%]   step 4929
[ 15%]   step 4930
+SWASH is processing output request    1
+SWASH is processing output request    2
[ 15%]   step 4931
[ 15%]   step 4932
[ 15%]   step 4933
[ 15%]   step 4934
[ 15%]   step 4935
[ 15%]   step 4936
[ 15%]   step 4937
[ 15%]   step 4938
[ 15%]   step 4939
[ 15%]   step 4940
[ 15%]   step 4941
[ 15%]   step 4942
[ 15%]   step 4943
[ 15%]   step 4944
[ 15%]   step 4945
[ 15%]   step 4946
[ 15%]   step 4947
[ 15%]   step 4948
[ 15%]   step 4949
[ 15%]   step 4950
[ 15%]   step 4951
[ 15%]   step 4952
[ 15%]   step 4953
[ 15%]   step 4954
[ 15%]   step 4955
[ 15%]   step 4956
[ 15%]   step 4957
[ 15%]   step 4958
[ 15%]   step 4959
[ 15%]   step 4960
[ 15%]   step 4961
[ 15%]   step 4962
[ 15%]   step 4963
[ 15%]   step 4964
[ 15%]   step 4965
[ 15%]   step 4966
[ 16%]   step 4967
[ 16%]   step 4968
[ 16%]   step 4969
[ 16%]   step 4970
[ 16%]   step 4971
+SWASH is processing output request    1
+SWASH is processing output request    2
[ 16%]   step 4972
[ 16%]   step 4973
[ 16%]   step 4974
[ 16%]   step 4975
[ 16%]   step 4976
[ 16%]   step 4977
[ 16%]   step 4978
[ 16%]   step 4979
[ 16%]   step 4980
[ 16%]   step 4981
[ 16%]   step 4982
[ 16%]   step 4983
[ 16%]   step 4984
[ 16%]   step 4985
[ 16%]   step 4986
[ 16%]   step 4987
[ 16%]   step 4988
[ 16%]   step 4989
[ 16%]   step 4990
[ 16%]   step 4991
[ 16%]   step 4992
[ 16%]   step 4993
[ 16%]   step 4994
[ 16%]   step 4995
[ 16%]   step 4996
[ 16%]   step 4997
[ 16%]   step 4998
[ 16%]   step 4999
[ 16%]   step 5000
[ 16%]   step 5001
[ 16%]   step 5002
[ 16%]   step 5003
[ 16%]   step 5004
[ 16%]   step 5005
[ 16%]   step 5006
[ 16%]   step 5007
[ 16%]   step 5008
[ 16%]   step 5009
[ 16%]   step 5010
[ 16%]   step 5011
[ 16%]   step 5012
+SWASH is processing output request    1
+SWASH is processing output request    2
[ 16%]   step 5013
[ 16%]   step 5014
[ 16%]   step 5015
[ 16%]   step 5016
[ 16%]   step 5017
[ 16%]   step 5018
[ 16%]   step 5019
[ 16%]   step 5020
[ 16%]   step 5021
[ 16%]   step 5022
[ 16%]   step 5023
[ 16%]   step 5024
[ 16%]   step 5025
[ 16%]   step 5026
[ 16%]   step 5027
[ 16%]   step 5028
[ 16%]   step 5029
[ 16%]   step 5030
[ 16%]   step 5031
[ 16%]   step 5032
[ 16%]   step 5033
[ 16%]   step 5034
[ 16%]   step 5035
[ 16%]   step 5036
[ 16%]   step 5037
[ 16%]   step 5038
[ 16%]   step 5039
[ 16%]   step 5040
[ 16%]   step 5041
[ 16%]   step 5042
[ 16%]   step 5043
[ 16%]   step 5044
[ 16%]   step 5045
[ 16%]   step 5046
[ 16%]   step 5047
[ 16%]   step 5048
[ 16%]   step 5049
[ 16%]   step 5050
[ 16%]   step 5051
[ 16%]   step 5052
[ 16%]   step 5053
+SWASH is processing output request    1
+SWASH is processing output request    2
[ 16%]   step 5054
[ 16%]   step 5055
[ 16%]   step 5056
[ 16%]   step 5057
[ 16%]   step 5058
[ 16%]   step 5059
[ 16%]   step 5060
[ 16%]   step 5061
[ 16%]   step 5062
[ 16%]   step 5063
[ 16%]   step 5064
[ 16%]   step 5065
[ 16%]   step 5066
[ 16%]   step 5067
[ 16%]   step 5068
[ 16%]   step 5069
[ 16%]   step 5070
[ 16%]   step 5071
[ 16%]   step 5072
[ 16%]   step 5073
[ 16%]   step 5074
[ 16%]   step 5075
[ 16%]   step 5076
[ 16%]   step 5077
[ 16%]   step 5078
[ 16%]   step 5079
[ 16%]   step 5080
[ 16%]   step 5081
[ 16%]   step 5082
[ 16%]   step 5083
[ 16%]   step 5084
[ 16%]   step 5085
[ 16%]   step 5086
[ 16%]   step 5087
[ 16%]   step 5088
[ 16%]   step 5089
[ 16%]   step 5090
[ 16%]   step 5091
[ 16%]   step 5092
[ 16%]   step 5093
[ 16%]   step 5094
+SWASH is processing output request    1
+SWASH is processing output request    2
[ 16%]   step 5095
[ 16%]   step 5096
[ 16%]   step 5097
[ 16%]   step 5098
[ 16%]   step 5099
[ 16%]   step 5100
[ 16%]   step 5101
[ 16%]   step 5102
[ 16%]   step 5103
[ 16%]   step 5104
[ 16%]   step 5105
[ 16%]   step 5106
[ 16%]   step 5107
[ 16%]   step 5108
[ 16%]   step 5109
[ 16%]   step 5110
[ 16%]   step 5111
[ 16%]   step 5112
[ 16%]   step 5113
[ 16%]   step 5114
[ 16%]   step 5115
[ 16%]   step 5116
[ 16%]   step 5117
[ 16%]   step 5118
[ 16%]   step 5119
[ 16%]   step 5120
[ 16%]   step 5121
[ 16%]   step 5122
[ 16%]   step 5123
[ 16%]   step 5124
[ 16%]   step 5125
[ 16%]   step 5126
[ 16%]   step 5127
[ 16%]   step 5128
[ 16%]   step 5129
[ 16%]   step 5130
[ 16%]   step 5131
[ 16%]   step 5132
[ 16%]   step 5133
[ 16%]   step 5134
[ 16%]   step 5135
+SWASH is processing output request    1
+SWASH is processing output request    2
[ 16%]   step 5136
[ 16%]   step 5137
[ 16%]   step 5138
[ 16%]   step 5139
[ 16%]   step 5140
[ 16%]   step 5141
[ 16%]   step 5142
[ 16%]   step 5143
[ 16%]   step 5144
[ 16%]   step 5145
[ 16%]   step 5146
[ 16%]   step 5147
[ 16%]   step 5148
[ 16%]   step 5149
[ 16%]   step 5150
[ 16%]   step 5151
[ 16%]   step 5152
[ 16%]   step 5153
[ 16%]   step 5154
[ 16%]   step 5155
[ 16%]   step 5156
[ 16%]   step 5157
[ 16%]   step 5158
[ 16%]   step 5159
[ 16%]   step 5160
[ 16%]   step 5161
[ 16%]   step 5162
[ 16%]   step 5163
[ 16%]   step 5164
[ 16%]   step 5165
[ 16%]   step 5166
[ 16%]   step 5167
[ 16%]   step 5168
[ 16%]   step 5169
[ 16%]   step 5170
[ 16%]   step 5171
[ 16%]   step 5172
[ 16%]   step 5173
[ 16%]   step 5174
[ 16%]   step 5175
[ 16%]   step 5176
+SWASH is processing output request    1
+SWASH is processing output request    2
[ 16%]   step 5177
[ 16%]   step 5178
[ 16%]   step 5179
[ 16%]   step 5180
[ 16%]   step 5181
[ 16%]   step 5182
[ 16%]   step 5183
[ 16%]   step 5184
[ 16%]   step 5185
[ 16%]   step 5186
[ 16%]   step 5187
[ 16%]   step 5188
[ 16%]   step 5189
[ 16%]   step 5190
[ 16%]   step 5191
[ 16%]   step 5192
[ 16%]   step 5193
[ 16%]   step 5194
[ 16%]   step 5195
[ 16%]   step 5196
[ 16%]   step 5197
[ 16%]   step 5198
[ 16%]   step 5199
[ 16%]   step 5200
[ 16%]   step 5201
[ 16%]   step 5202
[ 16%]   step 5203
[ 16%]   step 5204
[ 16%]   step 5205
[ 16%]   step 5206
[ 16%]   step 5207
[ 16%]   step 5208
[ 16%]   step 5209
[ 16%]   step 5210
[ 16%]   step 5211
[ 16%]   step 5212
[ 16%]   step 5213
[ 16%]   step 5214
[ 16%]   step 5215
[ 16%]   step 5216
[ 16%]   step 5217
+SWASH is processing output request    1
+SWASH is processing output request    2
[ 16%]   step 5218
[ 16%]   step 5219
[ 16%]   step 5220
[ 16%]   step 5221
[ 16%]   step 5222
[ 16%]   step 5223
[ 16%]   step 5224
[ 16%]   step 5225
[ 16%]   step 5226
[ 16%]   step 5227
[ 16%]   step 5228
[ 16%]   step 5229
[ 16%]   step 5230
[ 16%]   step 5231
[ 16%]   step 5232
[ 16%]   step 5233
[ 16%]   step 5234
[ 16%]   step 5235
[ 16%]   step 5236
[ 16%]   step 5237
[ 16%]   step 5238
[ 16%]   step 5239
[ 16%]   step 5240
[ 16%]   step 5241
[ 16%]   step 5242
[ 16%]   step 5243
[ 16%]   step 5244
[ 16%]   step 5245
[ 16%]   step 5246
[ 16%]   step 5247
[ 16%]   step 5248
[ 16%]   step 5249
[ 16%]   step 5250
[ 16%]   step 5251
[ 16%]   step 5252
[ 16%]   step 5253
[ 16%]   step 5254
[ 16%]   step 5255
[ 16%]   step 5256
[ 16%]   step 5257
[ 16%]   step 5258
+SWASH is processing output request    1
+SWASH is processing output request    2
[ 16%]   step 5259
[ 16%]   step 5260
[ 16%]   step 5261
[ 16%]   step 5262
[ 16%]   step 5263
[ 16%]   step 5264
[ 16%]   step 5265
[ 16%]   step 5266
[ 16%]   step 5267
[ 16%]   step 5268
[ 16%]   step 5269
[ 16%]   step 5270
[ 16%]   step 5271
[ 16%]   step 5272
[ 16%]   step 5273
[ 16%]   step 5274
[ 16%]   step 5275
[ 16%]   step 5276
[ 16%]   step 5277
[ 16%]   step 5278
[ 16%]   step 5279
[ 16%]   step 5280
[ 16%]   step 5281
[ 16%]   step 5282
[ 16%]   step 5283
[ 16%]   step 5284
[ 16%]   step 5285
[ 16%]   step 5286
[ 17%]   step 5287
[ 17%]   step 5288
[ 17%]   step 5289
[ 17%]   step 5290
[ 17%]   step 5291
[ 17%]   step 5292
[ 17%]   step 5293
[ 17%]   step 5294
[ 17%]   step 5295
[ 17%]   step 5296
[ 17%]   step 5297
[ 17%]   step 5298
[ 17%]   step 5299
+SWASH is processing output request    1
+SWASH is processing output request    2
[ 17%]   step 5300
[ 17%]   step 5301
[ 17%]   step 5302
[ 17%]   step 5303
[ 17%]   step 5304
[ 17%]   step 5305
[ 17%]   step 5306
[ 17%]   step 5307
[ 17%]   step 5308
[ 17%]   step 5309
[ 17%]   step 5310
[ 17%]   step 5311
[ 17%]   step 5312
[ 17%]   step 5313
[ 17%]   step 5314
[ 17%]   step 5315
[ 17%]   step 5316
[ 17%]   step 5317
[ 17%]   step 5318
[ 17%]   step 5319
[ 17%]   step 5320
[ 17%]   step 5321
[ 17%]   step 5322
[ 17%]   step 5323
[ 17%]   step 5324
[ 17%]   step 5325
[ 17%]   step 5326
[ 17%]   step 5327
[ 17%]   step 5328
[ 17%]   step 5329
[ 17%]   step 5330
[ 17%]   step 5331
[ 17%]   step 5332
[ 17%]   step 5333
[ 17%]   step 5334
[ 17%]   step 5335
[ 17%]   step 5336
[ 17%]   step 5337
[ 17%]   step 5338
[ 17%]   step 5339
[ 17%]   step 5340
[ 17%]   step 5341
+SWASH is processing output request    1
+SWASH is processing output request    2
[ 17%]   step 5342
[ 17%]   step 5343
[ 17%]   step 5344
[ 17%]   step 5345
[ 17%]   step 5346
[ 17%]   step 5347
[ 17%]   step 5348
[ 17%]   step 5349
[ 17%]   step 5350
[ 17%]   step 5351
[ 17%]   step 5352
[ 17%]   step 5353
[ 17%]   step 5354
[ 17%]   step 5355
[ 17%]   step 5356
[ 17%]   step 5357
[ 17%]   step 5358
[ 17%]   step 5359
[ 17%]   step 5360
[ 17%]   step 5361
[ 17%]   step 5362
[ 17%]   step 5363
[ 17%]   step 5364
[ 17%]   step 5365
[ 17%]   step 5366
[ 17%]   step 5367
[ 17%]   step 5368
[ 17%]   step 5369
[ 17%]   step 5370
[ 17%]   step 5371
[ 17%]   step 5372
[ 17%]   step 5373
[ 17%]   step 5374
[ 17%]   step 5375
[ 17%]   step 5376
[ 17%]   step 5377
[ 17%]   step 5378
[ 17%]   step 5379
[ 17%]   step 5380
[ 17%]   step 5381
[ 17%]   step 5382
+SWASH is processing output request    1
+SWASH is processing output request    2
[ 17%]   step 5383
[ 17%]   step 5384
[ 17%]   step 5385
[ 17%]   step 5386
[ 17%]   step 5387
[ 17%]   step 5388
[ 17%]   step 5389
[ 17%]   step 5390
[ 17%]   step 5391
[ 17%]   step 5392
[ 17%]   step 5393
[ 17%]   step 5394
[ 17%]   step 5395
[ 17%]   step 5396
[ 17%]   step 5397
[ 17%]   step 5398
[ 17%]   step 5399
[ 17%]   step 5400
[ 17%]   step 5401
[ 17%]   step 5402
[ 17%]   step 5403
[ 17%]   step 5404
[ 17%]   step 5405
[ 17%]   step 5406
[ 17%]   step 5407
[ 17%]   step 5408
[ 17%]   step 5409
[ 17%]   step 5410
[ 17%]   step 5411
[ 17%]   step 5412
[ 17%]   step 5413
[ 17%]   step 5414
[ 17%]   step 5415
[ 17%]   step 5416
[ 17%]   step 5417
[ 17%]   step 5418
[ 17%]   step 5419
[ 17%]   step 5420
[ 17%]   step 5421
[ 17%]   step 5422
[ 17%]   step 5423
+SWASH is processing output request    1
+SWASH is processing output request    2
[ 17%]   step 5424
[ 17%]   step 5425
[ 17%]   step 5426
[ 17%]   step 5427
[ 17%]   step 5428
[ 17%]   step 5429
[ 17%]   step 5430
[ 17%]   step 5431
[ 17%]   step 5432
[ 17%]   step 5433
[ 17%]   step 5434
[ 17%]   step 5435
[ 17%]   step 5436
[ 17%]   step 5437
[ 17%]   step 5438
[ 17%]   step 5439
[ 17%]   step 5440
[ 17%]   step 5441
[ 17%]   step 5442
[ 17%]   step 5443
[ 17%]   step 5444
[ 17%]   step 5445
[ 17%]   step 5446
[ 17%]   step 5447
[ 17%]   step 5448
[ 17%]   step 5449
[ 17%]   step 5450
[ 17%]   step 5451
[ 17%]   step 5452
[ 17%]   step 5453
[ 17%]   step 5454
[ 17%]   step 5455
[ 17%]   step 5456
[ 17%]   step 5457
[ 17%]   step 5458
[ 17%]   step 5459
[ 17%]   step 5460
[ 17%]   step 5461
[ 17%]   step 5462
[ 17%]   step 5463
[ 17%]   step 5464
+SWASH is processing output request    1
+SWASH is processing output request    2
[ 17%]   step 5465
[ 17%]   step 5466
[ 17%]   step 5467
[ 17%]   step 5468
[ 17%]   step 5469
[ 17%]   step 5470
[ 17%]   step 5471
[ 17%]   step 5472
[ 17%]   step 5473
[ 17%]   step 5474
[ 17%]   step 5475
[ 17%]   step 5476
[ 17%]   step 5477
[ 17%]   step 5478
[ 17%]   step 5479
[ 17%]   step 5480
[ 17%]   step 5481
[ 17%]   step 5482
[ 17%]   step 5483
[ 17%]   step 5484
[ 17%]   step 5485
[ 17%]   step 5486
[ 17%]   step 5487
[ 17%]   step 5488
[ 17%]   step 5489
[ 17%]   step 5490
[ 17%]   step 5491
[ 17%]   step 5492
[ 17%]   step 5493
[ 17%]   step 5494
[ 17%]   step 5495
[ 17%]   step 5496
[ 17%]   step 5497
[ 17%]   step 5498
[ 17%]   step 5499
[ 17%]   step 5500
[ 17%]   step 5501
[ 17%]   step 5502
[ 17%]   step 5503
[ 17%]   step 5504
[ 17%]   step 5505
+SWASH is processing output request    1
+SWASH is processing output request    2
[ 17%]   step 5506
[ 17%]   step 5507
[ 17%]   step 5508
[ 17%]   step 5509
[ 17%]   step 5510
[ 17%]   step 5511
[ 17%]   step 5512
[ 17%]   step 5513
[ 17%]   step 5514
[ 17%]   step 5515
[ 17%]   step 5516
[ 17%]   step 5517
[ 17%]   step 5518
[ 17%]   step 5519
[ 17%]   step 5520
[ 17%]   step 5521
[ 17%]   step 5522
[ 17%]   step 5523
[ 17%]   step 5524
[ 17%]   step 5525
[ 17%]   step 5526
[ 17%]   step 5527
[ 17%]   step 5528
[ 17%]   step 5529
[ 17%]   step 5530
[ 17%]   step 5531
[ 17%]   step 5532
[ 17%]   step 5533
[ 17%]   step 5534
[ 17%]   step 5535
[ 17%]   step 5536
[ 17%]   step 5537
[ 17%]   step 5538
[ 17%]   step 5539
[ 17%]   step 5540
[ 17%]   step 5541
[ 17%]   step 5542
[ 17%]   step 5543
[ 17%]   step 5544
[ 17%]   step 5545
[ 17%]   step 5546
+SWASH is processing output request    1
+SWASH is processing output request    2
[ 17%]   step 5547
[ 17%]   step 5548
[ 17%]   step 5549
[ 17%]   step 5550
[ 17%]   step 5551
[ 17%]   step 5552
[ 17%]   step 5553
[ 17%]   step 5554
[ 17%]   step 5555
[ 17%]   step 5556
[ 17%]   step 5557
[ 17%]   step 5558
[ 17%]   step 5559
[ 17%]   step 5560
[ 17%]   step 5561
[ 17%]   step 5562
[ 17%]   step 5563
[ 17%]   step 5564
[ 17%]   step 5565
[ 17%]   step 5566
[ 17%]   step 5567
[ 17%]   step 5568
[ 17%]   step 5569
[ 17%]   step 5570
[ 17%]   step 5571
[ 17%]   step 5572
[ 17%]   step 5573
[ 17%]   step 5574
[ 17%]   step 5575
[ 17%]   step 5576
[ 17%]   step 5577
[ 17%]   step 5578
[ 17%]   step 5579
[ 17%]   step 5580
[ 17%]   step 5581
[ 17%]   step 5582
[ 17%]   step 5583
[ 17%]   step 5584
[ 17%]   step 5585
[ 17%]   step 5586
[ 17%]   step 5587
+SWASH is processing output request    1
+SWASH is processing output request    2
[ 17%]   step 5588
[ 17%]   step 5589
[ 17%]   step 5590
[ 17%]   step 5591
[ 17%]   step 5592
[ 17%]   step 5593
[ 17%]   step 5594
[ 17%]   step 5595
[ 17%]   step 5596
[ 17%]   step 5597
[ 17%]   step 5598
[ 17%]   step 5599
[ 17%]   step 5600
[ 17%]   step 5601
[ 17%]   step 5602
[ 17%]   step 5603
[ 17%]   step 5604
[ 17%]   step 5605
[ 17%]   step 5606
[ 17%]   step 5607
[ 18%]   step 5608
[ 18%]   step 5609
[ 18%]   step 5610
[ 18%]   step 5611
[ 18%]   step 5612
[ 18%]   step 5613
[ 18%]   step 5614
[ 18%]   step 5615
[ 18%]   step 5616
[ 18%]   step 5617
[ 18%]   step 5618
[ 18%]   step 5619
[ 18%]   step 5620
[ 18%]   step 5621
[ 18%]   step 5622
[ 18%]   step 5623
[ 18%]   step 5624
[ 18%]   step 5625
[ 18%]   step 5626
[ 18%]   step 5627
[ 18%]   step 5628
+SWASH is processing output request    1
+SWASH is processing output request    2
[ 18%]   step 5629
[ 18%]   step 5630
[ 18%]   step 5631
[ 18%]   step 5632
[ 18%]   step 5633
[ 18%]   step 5634
[ 18%]   step 5635
[ 18%]   step 5636
[ 18%]   step 5637
[ 18%]   step 5638
[ 18%]   step 5639
[ 18%]   step 5640
[ 18%]   step 5641
[ 18%]   step 5642
[ 18%]   step 5643
[ 18%]   step 5644
[ 18%]   step 5645
[ 18%]   step 5646
[ 18%]   step 5647
[ 18%]   step 5648
[ 18%]   step 5649
[ 18%]   step 5650
[ 18%]   step 5651
[ 18%]   step 5652
[ 18%]   step 5653
[ 18%]   step 5654
[ 18%]   step 5655
[ 18%]   step 5656
[ 18%]   step 5657
[ 18%]   step 5658
[ 18%]   step 5659
[ 18%]   step 5660
[ 18%]   step 5661
[ 18%]   step 5662
[ 18%]   step 5663
[ 18%]   step 5664
[ 18%]   step 5665
[ 18%]   step 5666
[ 18%]   step 5667
[ 18%]   step 5668
[ 18%]   step 5669
+SWASH is processing output request    1
+SWASH is processing output request    2
[ 18%]   step 5670
[ 18%]   step 5671
[ 18%]   step 5672
[ 18%]   step 5673
[ 18%]   step 5674
[ 18%]   step 5675
[ 18%]   step 5676
[ 18%]   step 5677
[ 18%]   step 5678
[ 18%]   step 5679
[ 18%]   step 5680
[ 18%]   step 5681
[ 18%]   step 5682
[ 18%]   step 5683
[ 18%]   step 5684
[ 18%]   step 5685
[ 18%]   step 5686
[ 18%]   step 5687
[ 18%]   step 5688
[ 18%]   step 5689
[ 18%]   step 5690
[ 18%]   step 5691
[ 18%]   step 5692
[ 18%]   step 5693
[ 18%]   step 5694
[ 18%]   step 5695
[ 18%]   step 5696
[ 18%]   step 5697
[ 18%]   step 5698
[ 18%]   step 5699
[ 18%]   step 5700
[ 18%]   step 5701
[ 18%]   step 5702
[ 18%]   step 5703
[ 18%]   step 5704
[ 18%]   step 5705
[ 18%]   step 5706
[ 18%]   step 5707
[ 18%]   step 5708
[ 18%]   step 5709
[ 18%]   step 5710
+SWASH is processing output request    1
+SWASH is processing output request    2
[ 18%]   step 5711
[ 18%]   step 5712
[ 18%]   step 5713
[ 18%]   step 5714
[ 18%]   step 5715
[ 18%]   step 5716
[ 18%]   step 5717
[ 18%]   step 5718
[ 18%]   step 5719
[ 18%]   step 5720
[ 18%]   step 5721
[ 18%]   step 5722
[ 18%]   step 5723
[ 18%]   step 5724
[ 18%]   step 5725
[ 18%]   step 5726
[ 18%]   step 5727
[ 18%]   step 5728
[ 18%]   step 5729
[ 18%]   step 5730
[ 18%]   step 5731
[ 18%]   step 5732
[ 18%]   step 5733
[ 18%]   step 5734
[ 18%]   step 5735
[ 18%]   step 5736
[ 18%]   step 5737
[ 18%]   step 5738
[ 18%]   step 5739
[ 18%]   step 5740
[ 18%]   step 5741
[ 18%]   step 5742
[ 18%]   step 5743
[ 18%]   step 5744
[ 18%]   step 5745
[ 18%]   step 5746
[ 18%]   step 5747
[ 18%]   step 5748
[ 18%]   step 5749
[ 18%]   step 5750
[ 18%]   step 5751
+SWASH is processing output request    1
+SWASH is processing output request    2
[ 18%]   step 5752
[ 18%]   step 5753
[ 18%]   step 5754
[ 18%]   step 5755
[ 18%]   step 5756
[ 18%]   step 5757
[ 18%]   step 5758
[ 18%]   step 5759
[ 18%]   step 5760
[ 18%]   step 5761
[ 18%]   step 5762
[ 18%]   step 5763
[ 18%]   step 5764
[ 18%]   step 5765
[ 18%]   step 5766
[ 18%]   step 5767
[ 18%]   step 5768
[ 18%]   step 5769
[ 18%]   step 5770
[ 18%]   step 5771
[ 18%]   step 5772
[ 18%]   step 5773
[ 18%]   step 5774
[ 18%]   step 5775
[ 18%]   step 5776
[ 18%]   step 5777
[ 18%]   step 5778
[ 18%]   step 5779
[ 18%]   step 5780
[ 18%]   step 5781
[ 18%]   step 5782
[ 18%]   step 5783
[ 18%]   step 5784
[ 18%]   step 5785
[ 18%]   step 5786
[ 18%]   step 5787
[ 18%]   step 5788
[ 18%]   step 5789
[ 18%]   step 5790
[ 18%]   step 5791
[ 18%]   step 5792
+SWASH is processing output request    1
+SWASH is processing output request    2
[ 18%]   step 5793
[ 18%]   step 5794
[ 18%]   step 5795
[ 18%]   step 5796
[ 18%]   step 5797
[ 18%]   step 5798
[ 18%]   step 5799
[ 18%]   step 5800
[ 18%]   step 5801
[ 18%]   step 5802
[ 18%]   step 5803
[ 18%]   step 5804
[ 18%]   step 5805
[ 18%]   step 5806
[ 18%]   step 5807
[ 18%]   step 5808
[ 18%]   step 5809
[ 18%]   step 5810
[ 18%]   step 5811
[ 18%]   step 5812
[ 18%]   step 5813
[ 18%]   step 5814
[ 18%]   step 5815
[ 18%]   step 5816
[ 18%]   step 5817
[ 18%]   step 5818
[ 18%]   step 5819
[ 18%]   step 5820
[ 18%]   step 5821
[ 18%]   step 5822
[ 18%]   step 5823
[ 18%]   step 5824
[ 18%]   step 5825
[ 18%]   step 5826
[ 18%]   step 5827
[ 18%]   step 5828
[ 18%]   step 5829
[ 18%]   step 5830
[ 18%]   step 5831
[ 18%]   step 5832
[ 18%]   step 5833
+SWASH is processing output request    1
+SWASH is processing output request    2
[ 18%]   step 5834
[ 18%]   step 5835
[ 18%]   step 5836
[ 18%]   step 5837
[ 18%]   step 5838
[ 18%]   step 5839
[ 18%]   step 5840
[ 18%]   step 5841
[ 18%]   step 5842
[ 18%]   step 5843
[ 18%]   step 5844
[ 18%]   step 5845
[ 18%]   step 5846
[ 18%]   step 5847
[ 18%]   step 5848
[ 18%]   step 5849
[ 18%]   step 5850
[ 18%]   step 5851
[ 18%]   step 5852
[ 18%]   step 5853
[ 18%]   step 5854
[ 18%]   step 5855
[ 18%]   step 5856
[ 18%]   step 5857
[ 18%]   step 5858
[ 18%]   step 5859
[ 18%]   step 5860
[ 18%]   step 5861
[ 18%]   step 5862
[ 18%]   step 5863
[ 18%]   step 5864
[ 18%]   step 5865
[ 18%]   step 5866
[ 18%]   step 5867
[ 18%]   step 5868
[ 18%]   step 5869
[ 18%]   step 5870
[ 18%]   step 5871
[ 18%]   step 5872
[ 18%]   step 5873
[ 18%]   step 5874
[ 18%]   step 5875
+SWASH is processing output request    1
+SWASH is processing output request    2
[ 18%]   step 5876
[ 18%]   step 5877
[ 18%]   step 5878
[ 18%]   step 5879
[ 18%]   step 5880
[ 18%]   step 5881
[ 18%]   step 5882
[ 18%]   step 5883
[ 18%]   step 5884
[ 18%]   step 5885
[ 18%]   step 5886
[ 18%]   step 5887
[ 18%]   step 5888
[ 18%]   step 5889
[ 18%]   step 5890
[ 18%]   step 5891
[ 18%]   step 5892
[ 18%]   step 5893
[ 18%]   step 5894
[ 18%]   step 5895
[ 18%]   step 5896
[ 18%]   step 5897
[ 18%]   step 5898
[ 18%]   step 5899
[ 18%]   step 5900
[ 18%]   step 5901
[ 18%]   step 5902
[ 18%]   step 5903
[ 18%]   step 5904
[ 18%]   step 5905
[ 18%]   step 5906
[ 18%]   step 5907
[ 18%]   step 5908
[ 18%]   step 5909
[ 18%]   step 5910
[ 18%]   step 5911
[ 18%]   step 5912
[ 18%]   step 5913
[ 18%]   step 5914
[ 18%]   step 5915
[ 18%]   step 5916
+SWASH is processing output request    1
+SWASH is processing output request    2
[ 18%]   step 5917
[ 18%]   step 5918
[ 18%]   step 5919
[ 18%]   step 5920
[ 18%]   step 5921
[ 18%]   step 5922
[ 18%]   step 5923
[ 18%]   step 5924
[ 18%]   step 5925
[ 18%]   step 5926
[ 18%]   step 5927
[ 19%]   step 5928
[ 19%]   step 5929
[ 19%]   step 5930
[ 19%]   step 5931
[ 19%]   step 5932
[ 19%]   step 5933
[ 19%]   step 5934
[ 19%]   step 5935
[ 19%]   step 5936
[ 19%]   step 5937
[ 19%]   step 5938
[ 19%]   step 5939
[ 19%]   step 5940
[ 19%]   step 5941
[ 19%]   step 5942
[ 19%]   step 5943
[ 19%]   step 5944
[ 19%]   step 5945
[ 19%]   step 5946
[ 19%]   step 5947
[ 19%]   step 5948
[ 19%]   step 5949
[ 19%]   step 5950
[ 19%]   step 5951
[ 19%]   step 5952
[ 19%]   step 5953
[ 19%]   step 5954
[ 19%]   step 5955
[ 19%]   step 5956
[ 19%]   step 5957
+SWASH is processing output request    1
+SWASH is processing output request    2
[ 19%]   step 5958
[ 19%]   step 5959
[ 19%]   step 5960
[ 19%]   step 5961
[ 19%]   step 5962
[ 19%]   step 5963
[ 19%]   step 5964
[ 19%]   step 5965
[ 19%]   step 5966
[ 19%]   step 5967
[ 19%]   step 5968
[ 19%]   step 5969
[ 19%]   step 5970
[ 19%]   step 5971
[ 19%]   step 5972
[ 19%]   step 5973
[ 19%]   step 5974
[ 19%]   step 5975
[ 19%]   step 5976
[ 19%]   step 5977
[ 19%]   step 5978
[ 19%]   step 5979
[ 19%]   step 5980
[ 19%]   step 5981
[ 19%]   step 5982
[ 19%]   step 5983
[ 19%]   step 5984
[ 19%]   step 5985
[ 19%]   step 5986
[ 19%]   step 5987
[ 19%]   step 5988
[ 19%]   step 5989
[ 19%]   step 5990
[ 19%]   step 5991
[ 19%]   step 5992
[ 19%]   step 5993
[ 19%]   step 5994
[ 19%]   step 5995
[ 19%]   step 5996
[ 19%]   step 5997
[ 19%]   step 5998
+SWASH is processing output request    1
+SWASH is processing output request    2
[ 19%]   step 5999
[ 19%]   step 6000
[ 19%]   step 6001
[ 19%]   step 6002
[ 19%]   step 6003
[ 19%]   step 6004
[ 19%]   step 6005
[ 19%]   step 6006
[ 19%]   step 6007
[ 19%]   step 6008
[ 19%]   step 6009
[ 19%]   step 6010
[ 19%]   step 6011
[ 19%]   step 6012
[ 19%]   step 6013
[ 19%]   step 6014
[ 19%]   step 6015
[ 19%]   step 6016
[ 19%]   step 6017
[ 19%]   step 6018
[ 19%]   step 6019
[ 19%]   step 6020
[ 19%]   step 6021
[ 19%]   step 6022
[ 19%]   step 6023
[ 19%]   step 6024
[ 19%]   step 6025
[ 19%]   step 6026
[ 19%]   step 6027
[ 19%]   step 6028
[ 19%]   step 6029
[ 19%]   step 6030
[ 19%]   step 6031
[ 19%]   step 6032
[ 19%]   step 6033
[ 19%]   step 6034
[ 19%]   step 6035
[ 19%]   step 6036
[ 19%]   step 6037
[ 19%]   step 6038
[ 19%]   step 6039
+SWASH is processing output request    1
+SWASH is processing output request    2
[ 19%]   step 6040
[ 19%]   step 6041
[ 19%]   step 6042
[ 19%]   step 6043
[ 19%]   step 6044
[ 19%]   step 6045
[ 19%]   step 6046
[ 19%]   step 6047
[ 19%]   step 6048
[ 19%]   step 6049
[ 19%]   step 6050
[ 19%]   step 6051
[ 19%]   step 6052
[ 19%]   step 6053
[ 19%]   step 6054
[ 19%]   step 6055
[ 19%]   step 6056
[ 19%]   step 6057
[ 19%]   step 6058
[ 19%]   step 6059
[ 19%]   step 6060
[ 19%]   step 6061
[ 19%]   step 6062
[ 19%]   step 6063
[ 19%]   step 6064
[ 19%]   step 6065
[ 19%]   step 6066
[ 19%]   step 6067
[ 19%]   step 6068
[ 19%]   step 6069
[ 19%]   step 6070
[ 19%]   step 6071
[ 19%]   step 6072
[ 19%]   step 6073
[ 19%]   step 6074
[ 19%]   step 6075
[ 19%]   step 6076
[ 19%]   step 6077
[ 19%]   step 6078
[ 19%]   step 6079
[ 19%]   step 6080
+SWASH is processing output request    1
+SWASH is processing output request    2
[ 19%]   step 6081
[ 19%]   step 6082
[ 19%]   step 6083
[ 19%]   step 6084
[ 19%]   step 6085
[ 19%]   step 6086
[ 19%]   step 6087
[ 19%]   step 6088
[ 19%]   step 6089
[ 19%]   step 6090
[ 19%]   step 6091
[ 19%]   step 6092
[ 19%]   step 6093
[ 19%]   step 6094
[ 19%]   step 6095
[ 19%]   step 6096
[ 19%]   step 6097
[ 19%]   step 6098
[ 19%]   step 6099
[ 19%]   step 6100
[ 19%]   step 6101
[ 19%]   step 6102
[ 19%]   step 6103
[ 19%]   step 6104
[ 19%]   step 6105
[ 19%]   step 6106
[ 19%]   step 6107
[ 19%]   step 6108
[ 19%]   step 6109
[ 19%]   step 6110
[ 19%]   step 6111
[ 19%]   step 6112
[ 19%]   step 6113
[ 19%]   step 6114
[ 19%]   step 6115
[ 19%]   step 6116
[ 19%]   step 6117
[ 19%]   step 6118
[ 19%]   step 6119
[ 19%]   step 6120
[ 19%]   step 6121
+SWASH is processing output request    1
+SWASH is processing output request    2
[ 19%]   step 6122
[ 19%]   step 6123
[ 19%]   step 6124
[ 19%]   step 6125
[ 19%]   step 6126
[ 19%]   step 6127
[ 19%]   step 6128
[ 19%]   step 6129
[ 19%]   step 6130
[ 19%]   step 6131
[ 19%]   step 6132
[ 19%]   step 6133
[ 19%]   step 6134
[ 19%]   step 6135
[ 19%]   step 6136
[ 19%]   step 6137
[ 19%]   step 6138
[ 19%]   step 6139
[ 19%]   step 6140
[ 19%]   step 6141
[ 19%]   step 6142
[ 19%]   step 6143
[ 19%]   step 6144
[ 19%]   step 6145
[ 19%]   step 6146
[ 19%]   step 6147
[ 19%]   step 6148
[ 19%]   step 6149
[ 19%]   step 6150
[ 19%]   step 6151
[ 19%]   step 6152
[ 19%]   step 6153
[ 19%]   step 6154
[ 19%]   step 6155
[ 19%]   step 6156
[ 19%]   step 6157
[ 19%]   step 6158
[ 19%]   step 6159
[ 19%]   step 6160
[ 19%]   step 6161
[ 19%]   step 6162
+SWASH is processing output request    1
+SWASH is processing output request    2
[ 19%]   step 6163
[ 19%]   step 6164
[ 19%]   step 6165
[ 19%]   step 6166
[ 19%]   step 6167
[ 19%]   step 6168
[ 19%]   step 6169
[ 19%]   step 6170
[ 19%]   step 6171
[ 19%]   step 6172
[ 19%]   step 6173
[ 19%]   step 6174
[ 19%]   step 6175
[ 19%]   step 6176
[ 19%]   step 6177
[ 19%]   step 6178
[ 19%]   step 6179
[ 19%]   step 6180
[ 19%]   step 6181
[ 19%]   step 6182
[ 19%]   step 6183
[ 19%]   step 6184
[ 19%]   step 6185
[ 19%]   step 6186
[ 19%]   step 6187
[ 19%]   step 6188
[ 19%]   step 6189
[ 19%]   step 6190
[ 19%]   step 6191
[ 19%]   step 6192
[ 19%]   step 6193
[ 19%]   step 6194
[ 19%]   step 6195
[ 19%]   step 6196
[ 19%]   step 6197
[ 19%]   step 6198
[ 19%]   step 6199
[ 19%]   step 6200
[ 19%]   step 6201
[ 19%]   step 6202
[ 19%]   step 6203
+SWASH is processing output request    1
+SWASH is processing output request    2
[ 19%]   step 6204
[ 19%]   step 6205
[ 19%]   step 6206
[ 19%]   step 6207
[ 19%]   step 6208
[ 19%]   step 6209
[ 19%]   step 6210
[ 19%]   step 6211
[ 19%]   step 6212
[ 19%]   step 6213
[ 19%]   step 6214
[ 19%]   step 6215
[ 19%]   step 6216
[ 19%]   step 6217
[ 19%]   step 6218
[ 19%]   step 6219
[ 19%]   step 6220
[ 19%]   step 6221
[ 19%]   step 6222
[ 19%]   step 6223
[ 19%]   step 6224
[ 19%]   step 6225
[ 19%]   step 6226
[ 19%]   step 6227
[ 19%]   step 6228
[ 19%]   step 6229
[ 19%]   step 6230
[ 19%]   step 6231
[ 19%]   step 6232
[ 19%]   step 6233
[ 19%]   step 6234
[ 19%]   step 6235
[ 19%]   step 6236
[ 19%]   step 6237
[ 19%]   step 6238
[ 19%]   step 6239
[ 19%]   step 6240
[ 19%]   step 6241
[ 19%]   step 6242
[ 19%]   step 6243
[ 19%]   step 6244
+SWASH is processing output request    1
+SWASH is processing output request    2
[ 19%]   step 6245
[ 19%]   step 6246
[ 19%]   step 6247
[ 20%]   step 6248
[ 20%]   step 6249
[ 20%]   step 6250
[ 20%]   step 6251
[ 20%]   step 6252
[ 20%]   step 6253
[ 20%]   step 6254
[ 20%]   step 6255
[ 20%]   step 6256
[ 20%]   step 6257
[ 20%]   step 6258
[ 20%]   step 6259
[ 20%]   step 6260
[ 20%]   step 6261
[ 20%]   step 6262
[ 20%]   step 6263
[ 20%]   step 6264
[ 20%]   step 6265
[ 20%]   step 6266
[ 20%]   step 6267
[ 20%]   step 6268
[ 20%]   step 6269
[ 20%]   step 6270
[ 20%]   step 6271
[ 20%]   step 6272
[ 20%]   step 6273
[ 20%]   step 6274
[ 20%]   step 6275
[ 20%]   step 6276
[ 20%]   step 6277
[ 20%]   step 6278
[ 20%]   step 6279
[ 20%]   step 6280
[ 20%]   step 6281
[ 20%]   step 6282
[ 20%]   step 6283
[ 20%]   step 6284
[ 20%]   step 6285
+SWASH is processing output request    1
+SWASH is processing output request    2
[ 20%]   step 6286
[ 20%]   step 6287
[ 20%]   step 6288
[ 20%]   step 6289
[ 20%]   step 6290
[ 20%]   step 6291
[ 20%]   step 6292
[ 20%]   step 6293
[ 20%]   step 6294
[ 20%]   step 6295
[ 20%]   step 6296
[ 20%]   step 6297
[ 20%]   step 6298
[ 20%]   step 6299
[ 20%]   step 6300
[ 20%]   step 6301
[ 20%]   step 6302
[ 20%]   step 6303
[ 20%]   step 6304
[ 20%]   step 6305
[ 20%]   step 6306
[ 20%]   step 6307
[ 20%]   step 6308
[ 20%]   step 6309
[ 20%]   step 6310
[ 20%]   step 6311
[ 20%]   step 6312
[ 20%]   step 6313
[ 20%]   step 6314
[ 20%]   step 6315
[ 20%]   step 6316
[ 20%]   step 6317
[ 20%]   step 6318
[ 20%]   step 6319
[ 20%]   step 6320
[ 20%]   step 6321
[ 20%]   step 6322
[ 20%]   step 6323
[ 20%]   step 6324
[ 20%]   step 6325
[ 20%]   step 6326
+SWASH is processing output request    1
+SWASH is processing output request    2
[ 20%]   step 6327
[ 20%]   step 6328
[ 20%]   step 6329
[ 20%]   step 6330
[ 20%]   step 6331
[ 20%]   step 6332
[ 20%]   step 6333
[ 20%]   step 6334
[ 20%]   step 6335
[ 20%]   step 6336
[ 20%]   step 6337
[ 20%]   step 6338
[ 20%]   step 6339
[ 20%]   step 6340
[ 20%]   step 6341
[ 20%]   step 6342
[ 20%]   step 6343
[ 20%]   step 6344
[ 20%]   step 6345
[ 20%]   step 6346
[ 20%]   step 6347
[ 20%]   step 6348
[ 20%]   step 6349
[ 20%]   step 6350
[ 20%]   step 6351
[ 20%]   step 6352
[ 20%]   step 6353
[ 20%]   step 6354
[ 20%]   step 6355
[ 20%]   step 6356
[ 20%]   step 6357
[ 20%]   step 6358
[ 20%]   step 6359
[ 20%]   step 6360
[ 20%]   step 6361
[ 20%]   step 6362
[ 20%]   step 6363
[ 20%]   step 6364
[ 20%]   step 6365
[ 20%]   step 6366
[ 20%]   step 6367
+SWASH is processing output request    1
+SWASH is processing output request    2
[ 20%]   step 6368
[ 20%]   step 6369
[ 20%]   step 6370
[ 20%]   step 6371
[ 20%]   step 6372
[ 20%]   step 6373
[ 20%]   step 6374
[ 20%]   step 6375
[ 20%]   step 6376
[ 20%]   step 6377
[ 20%]   step 6378
[ 20%]   step 6379
[ 20%]   step 6380
[ 20%]   step 6381
[ 20%]   step 6382
[ 20%]   step 6383
[ 20%]   step 6384
[ 20%]   step 6385
[ 20%]   step 6386
[ 20%]   step 6387
[ 20%]   step 6388
[ 20%]   step 6389
[ 20%]   step 6390
[ 20%]   step 6391
[ 20%]   step 6392
[ 20%]   step 6393
[ 20%]   step 6394
[ 20%]   step 6395
[ 20%]   step 6396
[ 20%]   step 6397
[ 20%]   step 6398
[ 20%]   step 6399
[ 20%]   step 6400
[ 20%]   step 6401
[ 20%]   step 6402
[ 20%]   step 6403
[ 20%]   step 6404
[ 20%]   step 6405
[ 20%]   step 6406
[ 20%]   step 6407
[ 20%]   step 6408
[ 20%]   step 6409
+SWASH is processing output request    1
+SWASH is processing output request    2
[ 20%]   step 6410
[ 20%]   step 6411
[ 20%]   step 6412
[ 20%]   step 6413
[ 20%]   step 6414
[ 20%]   step 6415
[ 20%]   step 6416
[ 20%]   step 6417
[ 20%]   step 6418
[ 20%]   step 6419
[ 20%]   step 6420
[ 20%]   step 6421
[ 20%]   step 6422
[ 20%]   step 6423
[ 20%]   step 6424
[ 20%]   step 6425
[ 20%]   step 6426
[ 20%]   step 6427
[ 20%]   step 6428
[ 20%]   step 6429
[ 20%]   step 6430
[ 20%]   step 6431
[ 20%]   step 6432
[ 20%]   step 6433
[ 20%]   step 6434
[ 20%]   step 6435
[ 20%]   step 6436
[ 20%]   step 6437
[ 20%]   step 6438
[ 20%]   step 6439
[ 20%]   step 6440
[ 20%]   step 6441
[ 20%]   step 6442
[ 20%]   step 6443
[ 20%]   step 6444
[ 20%]   step 6445
[ 20%]   step 6446
[ 20%]   step 6447
[ 20%]   step 6448
[ 20%]   step 6449
[ 20%]   step 6450
+SWASH is processing output request    1
+SWASH is processing output request    2
[ 20%]   step 6451
[ 20%]   step 6452
[ 20%]   step 6453
[ 20%]   step 6454
[ 20%]   step 6455
[ 20%]   step 6456
[ 20%]   step 6457
[ 20%]   step 6458
[ 20%]   step 6459
[ 20%]   step 6460
[ 20%]   step 6461
[ 20%]   step 6462
[ 20%]   step 6463
[ 20%]   step 6464
[ 20%]   step 6465
[ 20%]   step 6466
[ 20%]   step 6467
[ 20%]   step 6468
[ 20%]   step 6469
[ 20%]   step 6470
[ 20%]   step 6471
[ 20%]   step 6472
[ 20%]   step 6473
[ 20%]   step 6474
[ 20%]   step 6475
[ 20%]   step 6476
[ 20%]   step 6477
[ 20%]   step 6478
[ 20%]   step 6479
[ 20%]   step 6480
[ 20%]   step 6481
[ 20%]   step 6482
[ 20%]   step 6483
[ 20%]   step 6484
[ 20%]   step 6485
[ 20%]   step 6486
[ 20%]   step 6487
[ 20%]   step 6488
[ 20%]   step 6489
[ 20%]   step 6490
[ 20%]   step 6491
+SWASH is processing output request    1
+SWASH is processing output request    2
[ 20%]   step 6492
[ 20%]   step 6493
[ 20%]   step 6494
[ 20%]   step 6495
[ 20%]   step 6496
[ 20%]   step 6497
[ 20%]   step 6498
[ 20%]   step 6499
[ 20%]   step 6500
[ 20%]   step 6501
[ 20%]   step 6502
[ 20%]   step 6503
[ 20%]   step 6504
[ 20%]   step 6505
[ 20%]   step 6506
[ 20%]   step 6507
[ 20%]   step 6508
[ 20%]   step 6509
[ 20%]   step 6510
[ 20%]   step 6511
[ 20%]   step 6512
[ 20%]   step 6513
[ 20%]   step 6514
[ 20%]   step 6515
[ 20%]   step 6516
[ 20%]   step 6517
[ 20%]   step 6518
[ 20%]   step 6519
[ 20%]   step 6520
[ 20%]   step 6521
[ 20%]   step 6522
[ 20%]   step 6523
[ 20%]   step 6524
[ 20%]   step 6525
[ 20%]   step 6526
[ 20%]   step 6527
[ 20%]   step 6528
[ 20%]   step 6529
[ 20%]   step 6530
[ 20%]   step 6531
[ 20%]   step 6532
+SWASH is processing output request    1
+SWASH is processing output request    2
[ 20%]   step 6533
[ 20%]   step 6534
[ 20%]   step 6535
[ 20%]   step 6536
[ 20%]   step 6537
[ 20%]   step 6538
[ 20%]   step 6539
[ 20%]   step 6540
[ 20%]   step 6541
[ 20%]   step 6542
[ 20%]   step 6543
[ 20%]   step 6544
[ 20%]   step 6545
[ 20%]   step 6546
[ 20%]   step 6547
[ 20%]   step 6548
[ 20%]   step 6549
[ 20%]   step 6550
[ 20%]   step 6551
[ 20%]   step 6552
[ 20%]   step 6553
[ 20%]   step 6554
[ 20%]   step 6555
[ 20%]   step 6556
[ 20%]   step 6557
[ 20%]   step 6558
[ 20%]   step 6559
[ 20%]   step 6560
[ 20%]   step 6561
[ 20%]   step 6562
[ 20%]   step 6563
[ 20%]   step 6564
[ 20%]   step 6565
[ 20%]   step 6566
[ 20%]   step 6567
[ 20%]   step 6568
[ 21%]   step 6569
[ 21%]   step 6570
[ 21%]   step 6571
[ 21%]   step 6572
[ 21%]   step 6573
+SWASH is processing output request    1
+SWASH is processing output request    2
[ 21%]   step 6574
[ 21%]   step 6575
[ 21%]   step 6576
[ 21%]   step 6577
[ 21%]   step 6578
[ 21%]   step 6579
[ 21%]   step 6580
[ 21%]   step 6581
[ 21%]   step 6582
[ 21%]   step 6583
[ 21%]   step 6584
[ 21%]   step 6585
[ 21%]   step 6586
[ 21%]   step 6587
[ 21%]   step 6588
[ 21%]   step 6589
[ 21%]   step 6590
[ 21%]   step 6591
[ 21%]   step 6592
[ 21%]   step 6593
[ 21%]   step 6594
[ 21%]   step 6595
[ 21%]   step 6596
[ 21%]   step 6597
[ 21%]   step 6598
[ 21%]   step 6599
[ 21%]   step 6600
[ 21%]   step 6601
[ 21%]   step 6602
[ 21%]   step 6603
[ 21%]   step 6604
[ 21%]   step 6605
[ 21%]   step 6606
[ 21%]   step 6607
[ 21%]   step 6608
[ 21%]   step 6609
[ 21%]   step 6610
[ 21%]   step 6611
[ 21%]   step 6612
[ 21%]   step 6613
[ 21%]   step 6614
+SWASH is processing output request    1
+SWASH is processing output request    2
[ 21%]   step 6615
[ 21%]   step 6616
[ 21%]   step 6617
[ 21%]   step 6618
[ 21%]   step 6619
[ 21%]   step 6620
[ 21%]   step 6621
[ 21%]   step 6622
[ 21%]   step 6623
[ 21%]   step 6624
[ 21%]   step 6625
[ 21%]   step 6626
[ 21%]   step 6627
[ 21%]   step 6628
[ 21%]   step 6629
[ 21%]   step 6630
[ 21%]   step 6631
[ 21%]   step 6632
[ 21%]   step 6633
[ 21%]   step 6634
[ 21%]   step 6635
[ 21%]   step 6636
[ 21%]   step 6637
[ 21%]   step 6638
[ 21%]   step 6639
[ 21%]   step 6640
[ 21%]   step 6641
[ 21%]   step 6642
[ 21%]   step 6643
[ 21%]   step 6644
[ 21%]   step 6645
[ 21%]   step 6646
[ 21%]   step 6647
[ 21%]   step 6648
[ 21%]   step 6649
[ 21%]   step 6650
[ 21%]   step 6651
[ 21%]   step 6652
[ 21%]   step 6653
[ 21%]   step 6654
[ 21%]   step 6655
+SWASH is processing output request    1
+SWASH is processing output request    2
[ 21%]   step 6656
[ 21%]   step 6657
[ 21%]   step 6658
[ 21%]   step 6659
[ 21%]   step 6660
[ 21%]   step 6661
[ 21%]   step 6662
[ 21%]   step 6663
[ 21%]   step 6664
[ 21%]   step 6665
[ 21%]   step 6666
[ 21%]   step 6667
[ 21%]   step 6668
[ 21%]   step 6669
[ 21%]   step 6670
[ 21%]   step 6671
[ 21%]   step 6672
[ 21%]   step 6673
[ 21%]   step 6674
[ 21%]   step 6675
[ 21%]   step 6676
[ 21%]   step 6677
[ 21%]   step 6678
[ 21%]   step 6679
[ 21%]   step 6680
[ 21%]   step 6681
[ 21%]   step 6682
[ 21%]   step 6683
[ 21%]   step 6684
[ 21%]   step 6685
[ 21%]   step 6686
[ 21%]   step 6687
[ 21%]   step 6688
[ 21%]   step 6689
[ 21%]   step 6690
[ 21%]   step 6691
[ 21%]   step 6692
[ 21%]   step 6693
[ 21%]   step 6694
[ 21%]   step 6695
[ 21%]   step 6696
+SWASH is processing output request    1
+SWASH is processing output request    2
[ 21%]   step 6697
[ 21%]   step 6698
[ 21%]   step 6699
[ 21%]   step 6700
[ 21%]   step 6701
[ 21%]   step 6702
[ 21%]   step 6703
[ 21%]   step 6704
[ 21%]   step 6705
[ 21%]   step 6706
[ 21%]   step 6707
[ 21%]   step 6708
[ 21%]   step 6709
[ 21%]   step 6710
[ 21%]   step 6711
[ 21%]   step 6712
[ 21%]   step 6713
[ 21%]   step 6714
[ 21%]   step 6715
[ 21%]   step 6716
[ 21%]   step 6717
[ 21%]   step 6718
[ 21%]   step 6719
[ 21%]   step 6720
[ 21%]   step 6721
[ 21%]   step 6722
[ 21%]   step 6723
[ 21%]   step 6724
[ 21%]   step 6725
[ 21%]   step 6726
[ 21%]   step 6727
[ 21%]   step 6728
[ 21%]   step 6729
[ 21%]   step 6730
[ 21%]   step 6731
[ 21%]   step 6732
[ 21%]   step 6733
[ 21%]   step 6734
[ 21%]   step 6735
[ 21%]   step 6736
[ 21%]   step 6737
+SWASH is processing output request    1
+SWASH is processing output request    2
[ 21%]   step 6738
[ 21%]   step 6739
[ 21%]   step 6740
[ 21%]   step 6741
[ 21%]   step 6742
[ 21%]   step 6743
[ 21%]   step 6744
[ 21%]   step 6745
[ 21%]   step 6746
[ 21%]   step 6747
[ 21%]   step 6748
[ 21%]   step 6749
[ 21%]   step 6750
[ 21%]   step 6751
[ 21%]   step 6752
[ 21%]   step 6753
[ 21%]   step 6754
[ 21%]   step 6755
[ 21%]   step 6756
[ 21%]   step 6757
[ 21%]   step 6758
[ 21%]   step 6759
[ 21%]   step 6760
[ 21%]   step 6761
[ 21%]   step 6762
[ 21%]   step 6763
[ 21%]   step 6764
[ 21%]   step 6765
[ 21%]   step 6766
[ 21%]   step 6767
[ 21%]   step 6768
[ 21%]   step 6769
[ 21%]   step 6770
[ 21%]   step 6771
[ 21%]   step 6772
[ 21%]   step 6773
[ 21%]   step 6774
[ 21%]   step 6775
[ 21%]   step 6776
[ 21%]   step 6777
[ 21%]   step 6778
+SWASH is processing output request    1
+SWASH is processing output request    2
[ 21%]   step 6779
[ 21%]   step 6780
[ 21%]   step 6781
[ 21%]   step 6782
[ 21%]   step 6783
[ 21%]   step 6784
[ 21%]   step 6785
[ 21%]   step 6786
[ 21%]   step 6787
[ 21%]   step 6788
[ 21%]   step 6789
[ 21%]   step 6790
[ 21%]   step 6791
[ 21%]   step 6792
[ 21%]   step 6793
[ 21%]   step 6794
[ 21%]   step 6795
[ 21%]   step 6796
[ 21%]   step 6797
[ 21%]   step 6798
[ 21%]   step 6799
[ 21%]   step 6800
[ 21%]   step 6801
[ 21%]   step 6802
[ 21%]   step 6803
[ 21%]   step 6804
[ 21%]   step 6805
[ 21%]   step 6806
[ 21%]   step 6807
[ 21%]   step 6808
[ 21%]   step 6809
[ 21%]   step 6810
[ 21%]   step 6811
[ 21%]   step 6812
[ 21%]   step 6813
[ 21%]   step 6814
[ 21%]   step 6815
[ 21%]   step 6816
[ 21%]   step 6817
[ 21%]   step 6818
[ 21%]   step 6819
+SWASH is processing output request    1
+SWASH is processing output request    2
[ 21%]   step 6820
[ 21%]   step 6821
[ 21%]   step 6822
[ 21%]   step 6823
[ 21%]   step 6824
[ 21%]   step 6825
[ 21%]   step 6826
[ 21%]   step 6827
[ 21%]   step 6828
[ 21%]   step 6829
[ 21%]   step 6830
[ 21%]   step 6831
[ 21%]   step 6832
[ 21%]   step 6833
[ 21%]   step 6834
[ 21%]   step 6835
[ 21%]   step 6836
[ 21%]   step 6837
[ 21%]   step 6838
[ 21%]   step 6839
[ 21%]   step 6840
[ 21%]   step 6841
[ 21%]   step 6842
[ 21%]   step 6843
[ 21%]   step 6844
[ 21%]   step 6845
[ 21%]   step 6846
[ 21%]   step 6847
[ 21%]   step 6848
[ 21%]   step 6849
[ 21%]   step 6850
[ 21%]   step 6851
[ 21%]   step 6852
[ 21%]   step 6853
[ 21%]   step 6854
[ 21%]   step 6855
[ 21%]   step 6856
[ 21%]   step 6857
[ 21%]   step 6858
[ 21%]   step 6859
[ 21%]   step 6860
+SWASH is processing output request    1
+SWASH is processing output request    2
[ 21%]   step 6861
[ 21%]   step 6862
[ 21%]   step 6863
[ 21%]   step 6864
[ 21%]   step 6865
[ 21%]   step 6866
[ 21%]   step 6867
[ 21%]   step 6868
[ 21%]   step 6869
[ 21%]   step 6870
[ 21%]   step 6871
[ 21%]   step 6872
[ 21%]   step 6873
[ 21%]   step 6874
[ 21%]   step 6875
[ 21%]   step 6876
[ 21%]   step 6877
[ 21%]   step 6878
[ 21%]   step 6879
[ 21%]   step 6880
[ 21%]   step 6881
[ 21%]   step 6882
[ 21%]   step 6883
[ 21%]   step 6884
[ 21%]   step 6885
[ 21%]   step 6886
[ 21%]   step 6887
[ 21%]   step 6888
[ 22%]   step 6889
[ 22%]   step 6890
[ 22%]   step 6891
[ 22%]   step 6892
[ 22%]   step 6893
[ 22%]   step 6894
[ 22%]   step 6895
[ 22%]   step 6896
[ 22%]   step 6897
[ 22%]   step 6898
[ 22%]   step 6899
[ 22%]   step 6900
[ 22%]   step 6901
[ 22%]   step 6902
+SWASH is processing output request    1
+SWASH is processing output request    2
[ 22%]   step 6903
[ 22%]   step 6904
[ 22%]   step 6905
[ 22%]   step 6906
[ 22%]   step 6907
[ 22%]   step 6908
[ 22%]   step 6909
[ 22%]   step 6910
[ 22%]   step 6911
[ 22%]   step 6912
[ 22%]   step 6913
[ 22%]   step 6914
[ 22%]   step 6915
[ 22%]   step 6916
[ 22%]   step 6917
[ 22%]   step 6918
[ 22%]   step 6919
[ 22%]   step 6920
[ 22%]   step 6921
[ 22%]   step 6922
[ 22%]   step 6923
[ 22%]   step 6924
[ 22%]   step 6925
[ 22%]   step 6926
[ 22%]   step 6927
[ 22%]   step 6928
[ 22%]   step 6929
[ 22%]   step 6930
[ 22%]   step 6931
[ 22%]   step 6932
[ 22%]   step 6933
[ 22%]   step 6934
[ 22%]   step 6935
[ 22%]   step 6936
[ 22%]   step 6937
[ 22%]   step 6938
[ 22%]   step 6939
[ 22%]   step 6940
[ 22%]   step 6941
[ 22%]   step 6942
[ 22%]   step 6943
+SWASH is processing output request    1
+SWASH is processing output request    2
[ 22%]   step 6944
[ 22%]   step 6945
[ 22%]   step 6946
[ 22%]   step 6947
[ 22%]   step 6948
[ 22%]   step 6949
[ 22%]   step 6950
[ 22%]   step 6951
[ 22%]   step 6952
[ 22%]   step 6953
[ 22%]   step 6954
[ 22%]   step 6955
[ 22%]   step 6956
[ 22%]   step 6957
[ 22%]   step 6958
[ 22%]   step 6959
[ 22%]   step 6960
[ 22%]   step 6961
[ 22%]   step 6962
[ 22%]   step 6963
[ 22%]   step 6964
[ 22%]   step 6965
[ 22%]   step 6966
[ 22%]   step 6967
[ 22%]   step 6968
[ 22%]   step 6969
[ 22%]   step 6970
[ 22%]   step 6971
[ 22%]   step 6972
[ 22%]   step 6973
[ 22%]   step 6974
[ 22%]   step 6975
[ 22%]   step 6976
[ 22%]   step 6977
[ 22%]   step 6978
[ 22%]   step 6979
[ 22%]   step 6980
[ 22%]   step 6981
[ 22%]   step 6982
[ 22%]   step 6983
[ 22%]   step 6984
+SWASH is processing output request    1
+SWASH is processing output request    2
[ 22%]   step 6985
[ 22%]   step 6986
[ 22%]   step 6987
[ 22%]   step 6988
[ 22%]   step 6989
[ 22%]   step 6990
[ 22%]   step 6991
[ 22%]   step 6992
[ 22%]   step 6993
[ 22%]   step 6994
[ 22%]   step 6995
[ 22%]   step 6996
[ 22%]   step 6997
[ 22%]   step 6998
[ 22%]   step 6999
[ 22%]   step 7000
[ 22%]   step 7001
[ 22%]   step 7002
[ 22%]   step 7003
[ 22%]   step 7004
[ 22%]   step 7005
[ 22%]   step 7006
[ 22%]   step 7007
[ 22%]   step 7008
[ 22%]   step 7009
[ 22%]   step 7010
[ 22%]   step 7011
[ 22%]   step 7012
[ 22%]   step 7013
[ 22%]   step 7014
[ 22%]   step 7015
[ 22%]   step 7016
[ 22%]   step 7017
[ 22%]   step 7018
[ 22%]   step 7019
[ 22%]   step 7020
[ 22%]   step 7021
[ 22%]   step 7022
[ 22%]   step 7023
[ 22%]   step 7024
[ 22%]   step 7025
+SWASH is processing output request    1
+SWASH is processing output request    2
[ 22%]   step 7026
[ 22%]   step 7027
[ 22%]   step 7028
[ 22%]   step 7029
[ 22%]   step 7030
[ 22%]   step 7031
[ 22%]   step 7032
[ 22%]   step 7033
[ 22%]   step 7034
[ 22%]   step 7035
[ 22%]   step 7036
[ 22%]   step 7037
[ 22%]   step 7038
[ 22%]   step 7039
[ 22%]   step 7040
[ 22%]   step 7041
[ 22%]   step 7042
[ 22%]   step 7043
[ 22%]   step 7044
[ 22%]   step 7045
[ 22%]   step 7046
[ 22%]   step 7047
[ 22%]   step 7048
[ 22%]   step 7049
[ 22%]   step 7050
[ 22%]   step 7051
[ 22%]   step 7052
[ 22%]   step 7053
[ 22%]   step 7054
[ 22%]   step 7055
[ 22%]   step 7056
[ 22%]   step 7057
[ 22%]   step 7058
[ 22%]   step 7059
[ 22%]   step 7060
[ 22%]   step 7061
[ 22%]   step 7062
[ 22%]   step 7063
[ 22%]   step 7064
[ 22%]   step 7065
[ 22%]   step 7066
+SWASH is processing output request    1
+SWASH is processing output request    2
[ 22%]   step 7067
[ 22%]   step 7068
[ 22%]   step 7069
[ 22%]   step 7070
[ 22%]   step 7071
[ 22%]   step 7072
[ 22%]   step 7073
[ 22%]   step 7074
[ 22%]   step 7075
[ 22%]   step 7076
[ 22%]   step 7077
[ 22%]   step 7078
[ 22%]   step 7079
[ 22%]   step 7080
[ 22%]   step 7081
[ 22%]   step 7082
[ 22%]   step 7083
[ 22%]   step 7084
[ 22%]   step 7085
[ 22%]   step 7086
[ 22%]   step 7087
[ 22%]   step 7088
[ 22%]   step 7089
[ 22%]   step 7090
[ 22%]   step 7091
[ 22%]   step 7092
[ 22%]   step 7093
[ 22%]   step 7094
[ 22%]   step 7095
[ 22%]   step 7096
[ 22%]   step 7097
[ 22%]   step 7098
[ 22%]   step 7099
[ 22%]   step 7100
[ 22%]   step 7101
[ 22%]   step 7102
[ 22%]   step 7103
[ 22%]   step 7104
[ 22%]   step 7105
[ 22%]   step 7106
[ 22%]   step 7107
+SWASH is processing output request    1
+SWASH is processing output request    2
[ 22%]   step 7108
[ 22%]   step 7109
[ 22%]   step 7110
[ 22%]   step 7111
[ 22%]   step 7112
[ 22%]   step 7113
[ 22%]   step 7114
[ 22%]   step 7115
[ 22%]   step 7116
[ 22%]   step 7117
[ 22%]   step 7118
[ 22%]   step 7119
[ 22%]   step 7120
[ 22%]   step 7121
[ 22%]   step 7122
[ 22%]   step 7123
[ 22%]   step 7124
[ 22%]   step 7125
[ 22%]   step 7126
[ 22%]   step 7127
[ 22%]   step 7128
[ 22%]   step 7129
[ 22%]   step 7130
[ 22%]   step 7131
[ 22%]   step 7132
[ 22%]   step 7133
[ 22%]   step 7134
[ 22%]   step 7135
[ 22%]   step 7136
[ 22%]   step 7137
[ 22%]   step 7138
[ 22%]   step 7139
[ 22%]   step 7140
[ 22%]   step 7141
[ 22%]   step 7142
[ 22%]   step 7143
[ 22%]   step 7144
[ 22%]   step 7145
[ 22%]   step 7146
[ 22%]   step 7147
[ 22%]   step 7148
+SWASH is processing output request    1
+SWASH is processing output request    2
[ 22%]   step 7149
[ 22%]   step 7150
[ 22%]   step 7151
[ 22%]   step 7152
[ 22%]   step 7153
[ 22%]   step 7154
[ 22%]   step 7155
[ 22%]   step 7156
[ 22%]   step 7157
[ 22%]   step 7158
[ 22%]   step 7159
[ 22%]   step 7160
[ 22%]   step 7161
[ 22%]   step 7162
[ 22%]   step 7163
[ 22%]   step 7164
[ 22%]   step 7165
[ 22%]   step 7166
[ 22%]   step 7167
[ 22%]   step 7168
[ 22%]   step 7169
[ 22%]   step 7170
[ 22%]   step 7171
[ 22%]   step 7172
[ 22%]   step 7173
[ 22%]   step 7174
[ 22%]   step 7175
[ 22%]   step 7176
[ 22%]   step 7177
[ 22%]   step 7178
[ 22%]   step 7179
[ 22%]   step 7180
[ 22%]   step 7181
[ 22%]   step 7182
[ 22%]   step 7183
[ 22%]   step 7184
[ 22%]   step 7185
[ 22%]   step 7186
[ 22%]   step 7187
[ 22%]   step 7188
[ 22%]   step 7189
+SWASH is processing output request    1
+SWASH is processing output request    2
[ 22%]   step 7190
[ 22%]   step 7191
[ 22%]   step 7192
[ 22%]   step 7193
[ 22%]   step 7194
[ 22%]   step 7195
[ 22%]   step 7196
[ 22%]   step 7197
[ 22%]   step 7198
[ 22%]   step 7199
[ 22%]   step 7200
[ 22%]   step 7201
[ 22%]   step 7202
[ 22%]   step 7203
[ 22%]   step 7204
[ 22%]   step 7205
[ 22%]   step 7206
[ 22%]   step 7207
[ 22%]   step 7208
[ 22%]   step 7209
[ 23%]   step 7210
[ 23%]   step 7211
[ 23%]   step 7212
[ 23%]   step 7213
[ 23%]   step 7214
[ 23%]   step 7215
[ 23%]   step 7216
[ 23%]   step 7217
[ 23%]   step 7218
[ 23%]   step 7219
[ 23%]   step 7220
[ 23%]   step 7221
[ 23%]   step 7222
[ 23%]   step 7223
[ 23%]   step 7224
[ 23%]   step 7225
[ 23%]   step 7226
[ 23%]   step 7227
[ 23%]   step 7228
[ 23%]   step 7229
[ 23%]   step 7230
+SWASH is processing output request    1
+SWASH is processing output request    2
[ 23%]   step 7231
[ 23%]   step 7232
[ 23%]   step 7233
[ 23%]   step 7234
[ 23%]   step 7235
[ 23%]   step 7236
[ 23%]   step 7237
[ 23%]   step 7238
[ 23%]   step 7239
[ 23%]   step 7240
[ 23%]   step 7241
[ 23%]   step 7242
[ 23%]   step 7243
[ 23%]   step 7244
[ 23%]   step 7245
[ 23%]   step 7246
[ 23%]   step 7247
[ 23%]   step 7248
[ 23%]   step 7249
[ 23%]   step 7250
[ 23%]   step 7251
[ 23%]   step 7252
[ 23%]   step 7253
[ 23%]   step 7254
[ 23%]   step 7255
[ 23%]   step 7256
[ 23%]   step 7257
[ 23%]   step 7258
[ 23%]   step 7259
[ 23%]   step 7260
[ 23%]   step 7261
[ 23%]   step 7262
[ 23%]   step 7263
[ 23%]   step 7264
[ 23%]   step 7265
[ 23%]   step 7266
[ 23%]   step 7267
[ 23%]   step 7268
[ 23%]   step 7269
[ 23%]   step 7270
[ 23%]   step 7271
+SWASH is processing output request    1
+SWASH is processing output request    2
[ 23%]   step 7272
[ 23%]   step 7273
[ 23%]   step 7274
[ 23%]   step 7275
[ 23%]   step 7276
[ 23%]   step 7277
[ 23%]   step 7278
[ 23%]   step 7279
[ 23%]   step 7280
[ 23%]   step 7281
[ 23%]   step 7282
[ 23%]   step 7283
[ 23%]   step 7284
[ 23%]   step 7285
[ 23%]   step 7286
[ 23%]   step 7287
[ 23%]   step 7288
[ 23%]   step 7289
[ 23%]   step 7290
[ 23%]   step 7291
[ 23%]   step 7292
[ 23%]   step 7293
[ 23%]   step 7294
[ 23%]   step 7295
[ 23%]   step 7296
[ 23%]   step 7297
[ 23%]   step 7298
[ 23%]   step 7299
[ 23%]   step 7300
[ 23%]   step 7301
[ 23%]   step 7302
[ 23%]   step 7303
[ 23%]   step 7304
[ 23%]   step 7305
[ 23%]   step 7306
[ 23%]   step 7307
[ 23%]   step 7308
[ 23%]   step 7309
[ 23%]   step 7310
[ 23%]   step 7311
[ 23%]   step 7312
+SWASH is processing output request    1
+SWASH is processing output request    2
[ 23%]   step 7313
[ 23%]   step 7314
[ 23%]   step 7315
[ 23%]   step 7316
[ 23%]   step 7317
[ 23%]   step 7318
[ 23%]   step 7319
[ 23%]   step 7320
[ 23%]   step 7321
[ 23%]   step 7322
[ 23%]   step 7323
[ 23%]   step 7324
[ 23%]   step 7325
[ 23%]   step 7326
[ 23%]   step 7327
[ 23%]   step 7328
[ 23%]   step 7329
[ 23%]   step 7330
[ 23%]   step 7331
[ 23%]   step 7332
[ 23%]   step 7333
[ 23%]   step 7334
[ 23%]   step 7335
[ 23%]   step 7336
[ 23%]   step 7337
[ 23%]   step 7338
[ 23%]   step 7339
[ 23%]   step 7340
[ 23%]   step 7341
[ 23%]   step 7342
[ 23%]   step 7343
[ 23%]   step 7344
[ 23%]   step 7345
[ 23%]   step 7346
[ 23%]   step 7347
[ 23%]   step 7348
[ 23%]   step 7349
[ 23%]   step 7350
[ 23%]   step 7351
[ 23%]   step 7352
[ 23%]   step 7353
+SWASH is processing output request    1
+SWASH is processing output request    2
[ 23%]   step 7354
[ 23%]   step 7355
[ 23%]   step 7356
[ 23%]   step 7357
[ 23%]   step 7358
[ 23%]   step 7359
[ 23%]   step 7360
[ 23%]   step 7361
[ 23%]   step 7362
[ 23%]   step 7363
[ 23%]   step 7364
[ 23%]   step 7365
[ 23%]   step 7366
[ 23%]   step 7367
[ 23%]   step 7368
[ 23%]   step 7369
[ 23%]   step 7370
[ 23%]   step 7371
[ 23%]   step 7372
[ 23%]   step 7373
[ 23%]   step 7374
[ 23%]   step 7375
[ 23%]   step 7376
[ 23%]   step 7377
[ 23%]   step 7378
[ 23%]   step 7379
[ 23%]   step 7380
[ 23%]   step 7381
[ 23%]   step 7382
[ 23%]   step 7383
[ 23%]   step 7384
[ 23%]   step 7385
[ 23%]   step 7386
[ 23%]   step 7387
[ 23%]   step 7388
[ 23%]   step 7389
[ 23%]   step 7390
[ 23%]   step 7391
[ 23%]   step 7392
[ 23%]   step 7393
[ 23%]   step 7394
+SWASH is processing output request    1
+SWASH is processing output request    2
[ 23%]   step 7395
[ 23%]   step 7396
[ 23%]   step 7397
[ 23%]   step 7398
[ 23%]   step 7399
[ 23%]   step 7400
[ 23%]   step 7401
[ 23%]   step 7402
[ 23%]   step 7403
[ 23%]   step 7404
[ 23%]   step 7405
[ 23%]   step 7406
[ 23%]   step 7407
[ 23%]   step 7408
[ 23%]   step 7409
[ 23%]   step 7410
[ 23%]   step 7411
[ 23%]   step 7412
[ 23%]   step 7413
[ 23%]   step 7414
[ 23%]   step 7415
[ 23%]   step 7416
[ 23%]   step 7417
[ 23%]   step 7418
[ 23%]   step 7419
[ 23%]   step 7420
[ 23%]   step 7421
[ 23%]   step 7422
[ 23%]   step 7423
[ 23%]   step 7424
[ 23%]   step 7425
[ 23%]   step 7426
[ 23%]   step 7427
[ 23%]   step 7428
[ 23%]   step 7429
[ 23%]   step 7430
[ 23%]   step 7431
[ 23%]   step 7432
[ 23%]   step 7433
[ 23%]   step 7434
[ 23%]   step 7435
[ 23%]   step 7436
+SWASH is processing output request    1
+SWASH is processing output request    2
[ 23%]   step 7437
[ 23%]   step 7438
[ 23%]   step 7439
[ 23%]   step 7440
[ 23%]   step 7441
[ 23%]   step 7442
[ 23%]   step 7443
[ 23%]   step 7444
[ 23%]   step 7445
[ 23%]   step 7446
[ 23%]   step 7447
[ 23%]   step 7448
[ 23%]   step 7449
[ 23%]   step 7450
[ 23%]   step 7451
[ 23%]   step 7452
[ 23%]   step 7453
[ 23%]   step 7454
[ 23%]   step 7455
[ 23%]   step 7456
[ 23%]   step 7457
[ 23%]   step 7458
[ 23%]   step 7459
[ 23%]   step 7460
[ 23%]   step 7461
[ 23%]   step 7462
[ 23%]   step 7463
[ 23%]   step 7464
[ 23%]   step 7465
[ 23%]   step 7466
[ 23%]   step 7467
[ 23%]   step 7468
[ 23%]   step 7469
[ 23%]   step 7470
[ 23%]   step 7471
[ 23%]   step 7472
[ 23%]   step 7473
[ 23%]   step 7474
[ 23%]   step 7475
[ 23%]   step 7476
[ 23%]   step 7477
+SWASH is processing output request    1
+SWASH is processing output request    2
[ 23%]   step 7478
[ 23%]   step 7479
[ 23%]   step 7480
[ 23%]   step 7481
[ 23%]   step 7482
[ 23%]   step 7483
[ 23%]   step 7484
[ 23%]   step 7485
[ 23%]   step 7486
[ 23%]   step 7487
[ 23%]   step 7488
[ 23%]   step 7489
[ 23%]   step 7490
[ 23%]   step 7491
[ 23%]   step 7492
[ 23%]   step 7493
[ 23%]   step 7494
[ 23%]   step 7495
[ 23%]   step 7496
[ 23%]   step 7497
[ 23%]   step 7498
[ 23%]   step 7499
[ 23%]   step 7500
[ 23%]   step 7501
[ 23%]   step 7502
[ 23%]   step 7503
[ 23%]   step 7504
[ 23%]   step 7505
[ 23%]   step 7506
[ 23%]   step 7507
[ 23%]   step 7508
[ 23%]   step 7509
[ 23%]   step 7510
[ 23%]   step 7511
[ 23%]   step 7512
[ 23%]   step 7513
[ 23%]   step 7514
[ 23%]   step 7515
[ 23%]   step 7516
[ 23%]   step 7517
[ 23%]   step 7518
+SWASH is processing output request    1
+SWASH is processing output request    2
[ 23%]   step 7519
[ 23%]   step 7520
[ 23%]   step 7521
[ 23%]   step 7522
[ 23%]   step 7523
[ 23%]   step 7524
[ 23%]   step 7525
[ 23%]   step 7526
[ 23%]   step 7527
[ 23%]   step 7528
[ 23%]   step 7529
[ 24%]   step 7530
[ 24%]   step 7531
[ 24%]   step 7532
[ 24%]   step 7533
[ 24%]   step 7534
[ 24%]   step 7535
[ 24%]   step 7536
[ 24%]   step 7537
[ 24%]   step 7538
[ 24%]   step 7539
[ 24%]   step 7540
[ 24%]   step 7541
[ 24%]   step 7542
[ 24%]   step 7543
[ 24%]   step 7544
[ 24%]   step 7545
[ 24%]   step 7546
[ 24%]   step 7547
[ 24%]   step 7548
[ 24%]   step 7549
[ 24%]   step 7550
[ 24%]   step 7551
[ 24%]   step 7552
[ 24%]   step 7553
[ 24%]   step 7554
[ 24%]   step 7555
[ 24%]   step 7556
[ 24%]   step 7557
[ 24%]   step 7558
[ 24%]   step 7559
+SWASH is processing output request    1
+SWASH is processing output request    2
[ 24%]   step 7560
[ 24%]   step 7561
[ 24%]   step 7562
[ 24%]   step 7563
[ 24%]   step 7564
[ 24%]   step 7565
[ 24%]   step 7566
[ 24%]   step 7567
[ 24%]   step 7568
[ 24%]   step 7569
[ 24%]   step 7570
[ 24%]   step 7571
[ 24%]   step 7572
[ 24%]   step 7573
[ 24%]   step 7574
[ 24%]   step 7575
[ 24%]   step 7576
[ 24%]   step 7577
[ 24%]   step 7578
[ 24%]   step 7579
[ 24%]   step 7580
[ 24%]   step 7581
[ 24%]   step 7582
[ 24%]   step 7583
[ 24%]   step 7584
[ 24%]   step 7585
[ 24%]   step 7586
[ 24%]   step 7587
[ 24%]   step 7588
[ 24%]   step 7589
[ 24%]   step 7590
[ 24%]   step 7591
[ 24%]   step 7592
[ 24%]   step 7593
[ 24%]   step 7594
[ 24%]   step 7595
[ 24%]   step 7596
[ 24%]   step 7597
[ 24%]   step 7598
[ 24%]   step 7599
[ 24%]   step 7600
+SWASH is processing output request    1
+SWASH is processing output request    2
[ 24%]   step 7601
[ 24%]   step 7602
[ 24%]   step 7603
[ 24%]   step 7604
[ 24%]   step 7605
[ 24%]   step 7606
[ 24%]   step 7607
[ 24%]   step 7608
[ 24%]   step 7609
[ 24%]   step 7610
[ 24%]   step 7611
[ 24%]   step 7612
[ 24%]   step 7613
[ 24%]   step 7614
[ 24%]   step 7615
[ 24%]   step 7616
[ 24%]   step 7617
[ 24%]   step 7618
[ 24%]   step 7619
[ 24%]   step 7620
[ 24%]   step 7621
[ 24%]   step 7622
[ 24%]   step 7623
[ 24%]   step 7624
[ 24%]   step 7625
[ 24%]   step 7626
[ 24%]   step 7627
[ 24%]   step 7628
[ 24%]   step 7629
[ 24%]   step 7630
[ 24%]   step 7631
[ 24%]   step 7632
[ 24%]   step 7633
[ 24%]   step 7634
[ 24%]   step 7635
[ 24%]   step 7636
[ 24%]   step 7637
[ 24%]   step 7638
[ 24%]   step 7639
[ 24%]   step 7640
[ 24%]   step 7641
+SWASH is processing output request    1
+SWASH is processing output request    2
[ 24%]   step 7642
[ 24%]   step 7643
[ 24%]   step 7644
[ 24%]   step 7645
[ 24%]   step 7646
[ 24%]   step 7647
[ 24%]   step 7648
[ 24%]   step 7649
[ 24%]   step 7650
[ 24%]   step 7651
[ 24%]   step 7652
[ 24%]   step 7653
[ 24%]   step 7654
[ 24%]   step 7655
[ 24%]   step 7656
[ 24%]   step 7657
[ 24%]   step 7658
[ 24%]   step 7659
[ 24%]   step 7660
[ 24%]   step 7661
[ 24%]   step 7662
[ 24%]   step 7663
[ 24%]   step 7664
[ 24%]   step 7665
[ 24%]   step 7666
[ 24%]   step 7667
[ 24%]   step 7668
[ 24%]   step 7669
[ 24%]   step 7670
[ 24%]   step 7671
[ 24%]   step 7672
[ 24%]   step 7673
[ 24%]   step 7674
[ 24%]   step 7675
[ 24%]   step 7676
[ 24%]   step 7677
[ 24%]   step 7678
[ 24%]   step 7679
[ 24%]   step 7680
[ 24%]   step 7681
[ 24%]   step 7682
+SWASH is processing output request    1
+SWASH is processing output request    2
[ 24%]   step 7683
[ 24%]   step 7684
[ 24%]   step 7685
[ 24%]   step 7686
[ 24%]   step 7687
[ 24%]   step 7688
[ 24%]   step 7689
[ 24%]   step 7690
[ 24%]   step 7691
[ 24%]   step 7692
[ 24%]   step 7693
[ 24%]   step 7694
[ 24%]   step 7695
[ 24%]   step 7696
[ 24%]   step 7697
[ 24%]   step 7698
[ 24%]   step 7699
[ 24%]   step 7700
[ 24%]   step 7701
[ 24%]   step 7702
[ 24%]   step 7703
[ 24%]   step 7704
[ 24%]   step 7705
[ 24%]   step 7706
[ 24%]   step 7707
[ 24%]   step 7708
[ 24%]   step 7709
[ 24%]   step 7710
[ 24%]   step 7711
[ 24%]   step 7712
[ 24%]   step 7713
[ 24%]   step 7714
[ 24%]   step 7715
[ 24%]   step 7716
[ 24%]   step 7717
[ 24%]   step 7718
[ 24%]   step 7719
[ 24%]   step 7720
[ 24%]   step 7721
[ 24%]   step 7722
[ 24%]   step 7723
+SWASH is processing output request    1
+SWASH is processing output request    2
[ 24%]   step 7724
[ 24%]   step 7725
[ 24%]   step 7726
[ 24%]   step 7727
[ 24%]   step 7728
[ 24%]   step 7729
[ 24%]   step 7730
[ 24%]   step 7731
[ 24%]   step 7732
[ 24%]   step 7733
[ 24%]   step 7734
[ 24%]   step 7735
[ 24%]   step 7736
[ 24%]   step 7737
[ 24%]   step 7738
[ 24%]   step 7739
[ 24%]   step 7740
[ 24%]   step 7741
[ 24%]   step 7742
[ 24%]   step 7743
[ 24%]   step 7744
[ 24%]   step 7745
[ 24%]   step 7746
[ 24%]   step 7747
[ 24%]   step 7748
[ 24%]   step 7749
[ 24%]   step 7750
[ 24%]   step 7751
[ 24%]   step 7752
[ 24%]   step 7753
[ 24%]   step 7754
[ 24%]   step 7755
[ 24%]   step 7756
[ 24%]   step 7757
[ 24%]   step 7758
[ 24%]   step 7759
[ 24%]   step 7760
[ 24%]   step 7761
[ 24%]   step 7762
[ 24%]   step 7763
[ 24%]   step 7764
+SWASH is processing output request    1
+SWASH is processing output request    2
[ 24%]   step 7765
[ 24%]   step 7766
[ 24%]   step 7767
[ 24%]   step 7768
[ 24%]   step 7769
[ 24%]   step 7770
[ 24%]   step 7771
[ 24%]   step 7772
[ 24%]   step 7773
[ 24%]   step 7774
[ 24%]   step 7775
[ 24%]   step 7776
[ 24%]   step 7777
[ 24%]   step 7778
[ 24%]   step 7779
[ 24%]   step 7780
[ 24%]   step 7781
[ 24%]   step 7782
[ 24%]   step 7783
[ 24%]   step 7784
[ 24%]   step 7785
[ 24%]   step 7786
[ 24%]   step 7787
[ 24%]   step 7788
[ 24%]   step 7789
[ 24%]   step 7790
[ 24%]   step 7791
[ 24%]   step 7792
[ 24%]   step 7793
[ 24%]   step 7794
[ 24%]   step 7795
[ 24%]   step 7796
[ 24%]   step 7797
[ 24%]   step 7798
[ 24%]   step 7799
[ 24%]   step 7800
[ 24%]   step 7801
[ 24%]   step 7802
[ 24%]   step 7803
[ 24%]   step 7804
[ 24%]   step 7805
+SWASH is processing output request    1
+SWASH is processing output request    2
[ 24%]   step 7806
[ 24%]   step 7807
[ 24%]   step 7808
[ 24%]   step 7809
[ 24%]   step 7810
[ 24%]   step 7811
[ 24%]   step 7812
[ 24%]   step 7813
[ 24%]   step 7814
[ 24%]   step 7815
[ 24%]   step 7816
[ 24%]   step 7817
[ 24%]   step 7818
[ 24%]   step 7819
[ 24%]   step 7820
[ 24%]   step 7821
[ 24%]   step 7822
[ 24%]   step 7823
[ 24%]   step 7824
[ 24%]   step 7825
[ 24%]   step 7826
[ 24%]   step 7827
[ 24%]   step 7828
[ 24%]   step 7829
[ 24%]   step 7830
[ 24%]   step 7831
[ 24%]   step 7832
[ 24%]   step 7833
[ 24%]   step 7834
[ 24%]   step 7835
[ 24%]   step 7836
[ 24%]   step 7837
[ 24%]   step 7838
[ 24%]   step 7839
[ 24%]   step 7840
[ 24%]   step 7841
[ 24%]   step 7842
[ 24%]   step 7843
[ 24%]   step 7844
[ 24%]   step 7845
[ 24%]   step 7846
+SWASH is processing output request    1
+SWASH is processing output request    2
[ 24%]   step 7847
[ 24%]   step 7848
[ 24%]   step 7849
[ 25%]   step 7850
[ 25%]   step 7851
[ 25%]   step 7852
[ 25%]   step 7853
[ 25%]   step 7854
[ 25%]   step 7855
[ 25%]   step 7856
[ 25%]   step 7857
[ 25%]   step 7858
[ 25%]   step 7859
[ 25%]   step 7860
[ 25%]   step 7861
[ 25%]   step 7862
[ 25%]   step 7863
[ 25%]   step 7864
[ 25%]   step 7865
[ 25%]   step 7866
[ 25%]   step 7867
[ 25%]   step 7868
[ 25%]   step 7869
[ 25%]   step 7870
[ 25%]   step 7871
[ 25%]   step 7872
[ 25%]   step 7873
[ 25%]   step 7874
[ 25%]   step 7875
[ 25%]   step 7876
[ 25%]   step 7877
[ 25%]   step 7878
[ 25%]   step 7879
[ 25%]   step 7880
[ 25%]   step 7881
[ 25%]   step 7882
[ 25%]   step 7883
[ 25%]   step 7884
[ 25%]   step 7885
[ 25%]   step 7886
[ 25%]   step 7887
+SWASH is processing output request    1
+SWASH is processing output request    2
[ 25%]   step 7888
[ 25%]   step 7889
[ 25%]   step 7890
[ 25%]   step 7891
[ 25%]   step 7892
[ 25%]   step 7893
[ 25%]   step 7894
[ 25%]   step 7895
[ 25%]   step 7896
[ 25%]   step 7897
[ 25%]   step 7898
[ 25%]   step 7899
[ 25%]   step 7900
[ 25%]   step 7901
[ 25%]   step 7902
[ 25%]   step 7903
[ 25%]   step 7904
[ 25%]   step 7905
[ 25%]   step 7906
[ 25%]   step 7907
[ 25%]   step 7908
[ 25%]   step 7909
[ 25%]   step 7910
[ 25%]   step 7911
[ 25%]   step 7912
[ 25%]   step 7913
[ 25%]   step 7914
[ 25%]   step 7915
[ 25%]   step 7916
[ 25%]   step 7917
[ 25%]   step 7918
[ 25%]   step 7919
[ 25%]   step 7920
[ 25%]   step 7921
[ 25%]   step 7922
[ 25%]   step 7923
[ 25%]   step 7924
[ 25%]   step 7925
[ 25%]   step 7926
[ 25%]   step 7927
[ 25%]   step 7928
+SWASH is processing output request    1
+SWASH is processing output request    2
[ 25%]   step 7929
[ 25%]   step 7930
[ 25%]   step 7931
[ 25%]   step 7932
[ 25%]   step 7933
[ 25%]   step 7934
[ 25%]   step 7935
[ 25%]   step 7936
[ 25%]   step 7937
[ 25%]   step 7938
[ 25%]   step 7939
[ 25%]   step 7940
[ 25%]   step 7941
[ 25%]   step 7942
[ 25%]   step 7943
[ 25%]   step 7944
[ 25%]   step 7945
[ 25%]   step 7946
[ 25%]   step 7947
[ 25%]   step 7948
[ 25%]   step 7949
[ 25%]   step 7950
[ 25%]   step 7951
[ 25%]   step 7952
[ 25%]   step 7953
[ 25%]   step 7954
[ 25%]   step 7955
[ 25%]   step 7956
[ 25%]   step 7957
[ 25%]   step 7958
[ 25%]   step 7959
[ 25%]   step 7960
[ 25%]   step 7961
[ 25%]   step 7962
[ 25%]   step 7963
[ 25%]   step 7964
[ 25%]   step 7965
[ 25%]   step 7966
[ 25%]   step 7967
[ 25%]   step 7968
[ 25%]   step 7969
[ 25%]   step 7970
+SWASH is processing output request    1
+SWASH is processing output request    2
[ 25%]   step 7971
[ 25%]   step 7972
[ 25%]   step 7973
[ 25%]   step 7974
[ 25%]   step 7975
[ 25%]   step 7976
[ 25%]   step 7977
[ 25%]   step 7978
[ 25%]   step 7979
[ 25%]   step 7980
[ 25%]   step 7981
[ 25%]   step 7982
[ 25%]   step 7983
[ 25%]   step 7984
[ 25%]   step 7985
[ 25%]   step 7986
[ 25%]   step 7987
[ 25%]   step 7988
[ 25%]   step 7989
[ 25%]   step 7990
[ 25%]   step 7991
[ 25%]   step 7992
[ 25%]   step 7993
[ 25%]   step 7994
[ 25%]   step 7995
[ 25%]   step 7996
[ 25%]   step 7997
[ 25%]   step 7998
[ 25%]   step 7999
[ 25%]   step 8000
[ 25%]   step 8001
[ 25%]   step 8002
[ 25%]   step 8003
[ 25%]   step 8004
[ 25%]   step 8005
[ 25%]   step 8006
[ 25%]   step 8007
[ 25%]   step 8008
[ 25%]   step 8009
[ 25%]   step 8010
[ 25%]   step 8011
+SWASH is processing output request    1
+SWASH is processing output request    2
[ 25%]   step 8012
[ 25%]   step 8013
[ 25%]   step 8014
[ 25%]   step 8015
[ 25%]   step 8016
[ 25%]   step 8017
[ 25%]   step 8018
[ 25%]   step 8019
[ 25%]   step 8020
[ 25%]   step 8021
[ 25%]   step 8022
[ 25%]   step 8023
[ 25%]   step 8024
[ 25%]   step 8025
[ 25%]   step 8026
[ 25%]   step 8027
[ 25%]   step 8028
[ 25%]   step 8029
[ 25%]   step 8030
[ 25%]   step 8031
[ 25%]   step 8032
[ 25%]   step 8033
[ 25%]   step 8034
[ 25%]   step 8035
[ 25%]   step 8036
[ 25%]   step 8037
[ 25%]   step 8038
[ 25%]   step 8039
[ 25%]   step 8040
[ 25%]   step 8041
[ 25%]   step 8042
[ 25%]   step 8043
[ 25%]   step 8044
[ 25%]   step 8045
[ 25%]   step 8046
[ 25%]   step 8047
[ 25%]   step 8048
[ 25%]   step 8049
[ 25%]   step 8050
[ 25%]   step 8051
[ 25%]   step 8052
+SWASH is processing output request    1
+SWASH is processing output request    2
[ 25%]   step 8053
[ 25%]   step 8054
[ 25%]   step 8055
[ 25%]   step 8056
[ 25%]   step 8057
[ 25%]   step 8058
[ 25%]   step 8059
[ 25%]   step 8060
[ 25%]   step 8061
[ 25%]   step 8062
[ 25%]   step 8063
[ 25%]   step 8064
[ 25%]   step 8065
[ 25%]   step 8066
[ 25%]   step 8067
[ 25%]   step 8068
[ 25%]   step 8069
[ 25%]   step 8070
[ 25%]   step 8071
[ 25%]   step 8072
[ 25%]   step 8073
[ 25%]   step 8074
[ 25%]   step 8075
[ 25%]   step 8076
[ 25%]   step 8077
[ 25%]   step 8078
[ 25%]   step 8079
[ 25%]   step 8080
[ 25%]   step 8081
[ 25%]   step 8082
[ 25%]   step 8083
[ 25%]   step 8084
[ 25%]   step 8085
[ 25%]   step 8086
[ 25%]   step 8087
[ 25%]   step 8088
[ 25%]   step 8089
[ 25%]   step 8090
[ 25%]   step 8091
[ 25%]   step 8092
[ 25%]   step 8093
+SWASH is processing output request    1
+SWASH is processing output request    2
[ 25%]   step 8094
[ 25%]   step 8095
[ 25%]   step 8096
[ 25%]   step 8097
[ 25%]   step 8098
[ 25%]   step 8099
[ 25%]   step 8100
[ 25%]   step 8101
[ 25%]   step 8102
[ 25%]   step 8103
[ 25%]   step 8104
[ 25%]   step 8105
[ 25%]   step 8106
[ 25%]   step 8107
[ 25%]   step 8108
[ 25%]   step 8109
[ 25%]   step 8110
[ 25%]   step 8111
[ 25%]   step 8112
[ 25%]   step 8113
[ 25%]   step 8114
[ 25%]   step 8115
[ 25%]   step 8116
[ 25%]   step 8117
[ 25%]   step 8118
[ 25%]   step 8119
[ 25%]   step 8120
[ 25%]   step 8121
[ 25%]   step 8122
[ 25%]   step 8123
[ 25%]   step 8124
[ 25%]   step 8125
[ 25%]   step 8126
[ 25%]   step 8127
[ 25%]   step 8128
[ 25%]   step 8129
[ 25%]   step 8130
[ 25%]   step 8131
[ 25%]   step 8132
[ 25%]   step 8133
[ 25%]   step 8134
+SWASH is processing output request    1
+SWASH is processing output request    2
[ 25%]   step 8135
[ 25%]   step 8136
[ 25%]   step 8137
[ 25%]   step 8138
[ 25%]   step 8139
[ 25%]   step 8140
[ 25%]   step 8141
[ 25%]   step 8142
[ 25%]   step 8143
[ 25%]   step 8144
[ 25%]   step 8145
[ 25%]   step 8146
[ 25%]   step 8147
[ 25%]   step 8148
[ 25%]   step 8149
[ 25%]   step 8150
[ 25%]   step 8151
[ 25%]   step 8152
[ 25%]   step 8153
[ 25%]   step 8154
[ 25%]   step 8155
[ 25%]   step 8156
[ 25%]   step 8157
[ 25%]   step 8158
[ 25%]   step 8159
[ 25%]   step 8160
[ 25%]   step 8161
[ 25%]   step 8162
[ 25%]   step 8163
[ 25%]   step 8164
[ 25%]   step 8165
[ 25%]   step 8166
[ 25%]   step 8167
[ 25%]   step 8168
[ 25%]   step 8169
[ 25%]   step 8170
[ 26%]   step 8171
[ 26%]   step 8172
[ 26%]   step 8173
[ 26%]   step 8174
[ 26%]   step 8175
+SWASH is processing output request    1
+SWASH is processing output request    2
[ 26%]   step 8176
[ 26%]   step 8177
[ 26%]   step 8178
[ 26%]   step 8179
[ 26%]   step 8180
[ 26%]   step 8181
[ 26%]   step 8182
[ 26%]   step 8183
[ 26%]   step 8184
[ 26%]   step 8185
[ 26%]   step 8186
[ 26%]   step 8187
[ 26%]   step 8188
[ 26%]   step 8189
[ 26%]   step 8190
[ 26%]   step 8191
[ 26%]   step 8192
[ 26%]   step 8193
[ 26%]   step 8194
[ 26%]   step 8195
[ 26%]   step 8196
[ 26%]   step 8197
[ 26%]   step 8198
[ 26%]   step 8199
[ 26%]   step 8200
[ 26%]   step 8201
[ 26%]   step 8202
[ 26%]   step 8203
[ 26%]   step 8204
[ 26%]   step 8205
[ 26%]   step 8206
[ 26%]   step 8207
[ 26%]   step 8208
[ 26%]   step 8209
[ 26%]   step 8210
[ 26%]   step 8211
[ 26%]   step 8212
[ 26%]   step 8213
[ 26%]   step 8214
[ 26%]   step 8215
[ 26%]   step 8216
+SWASH is processing output request    1
+SWASH is processing output request    2
[ 26%]   step 8217
[ 26%]   step 8218
[ 26%]   step 8219
[ 26%]   step 8220
[ 26%]   step 8221
[ 26%]   step 8222
[ 26%]   step 8223
[ 26%]   step 8224
[ 26%]   step 8225
[ 26%]   step 8226
[ 26%]   step 8227
[ 26%]   step 8228
[ 26%]   step 8229
[ 26%]   step 8230
[ 26%]   step 8231
[ 26%]   step 8232
[ 26%]   step 8233
[ 26%]   step 8234
[ 26%]   step 8235
[ 26%]   step 8236
[ 26%]   step 8237
[ 26%]   step 8238
[ 26%]   step 8239
[ 26%]   step 8240
[ 26%]   step 8241
[ 26%]   step 8242
[ 26%]   step 8243
[ 26%]   step 8244
[ 26%]   step 8245
[ 26%]   step 8246
[ 26%]   step 8247
[ 26%]   step 8248
[ 26%]   step 8249
[ 26%]   step 8250
[ 26%]   step 8251
[ 26%]   step 8252
[ 26%]   step 8253
[ 26%]   step 8254
[ 26%]   step 8255
[ 26%]   step 8256
[ 26%]   step 8257
+SWASH is processing output request    1
+SWASH is processing output request    2
[ 26%]   step 8258
[ 26%]   step 8259
[ 26%]   step 8260
[ 26%]   step 8261
[ 26%]   step 8262
[ 26%]   step 8263
[ 26%]   step 8264
[ 26%]   step 8265
[ 26%]   step 8266
[ 26%]   step 8267
[ 26%]   step 8268
[ 26%]   step 8269
[ 26%]   step 8270
[ 26%]   step 8271
[ 26%]   step 8272
[ 26%]   step 8273
[ 26%]   step 8274
[ 26%]   step 8275
[ 26%]   step 8276
[ 26%]   step 8277
[ 26%]   step 8278
[ 26%]   step 8279
[ 26%]   step 8280
[ 26%]   step 8281
[ 26%]   step 8282
[ 26%]   step 8283
[ 26%]   step 8284
[ 26%]   step 8285
[ 26%]   step 8286
[ 26%]   step 8287
[ 26%]   step 8288
[ 26%]   step 8289
[ 26%]   step 8290
[ 26%]   step 8291
[ 26%]   step 8292
[ 26%]   step 8293
[ 26%]   step 8294
[ 26%]   step 8295
[ 26%]   step 8296
[ 26%]   step 8297
[ 26%]   step 8298
+SWASH is processing output request    1
+SWASH is processing output request    2
[ 26%]   step 8299
[ 26%]   step 8300
[ 26%]   step 8301
[ 26%]   step 8302
[ 26%]   step 8303
[ 26%]   step 8304
[ 26%]   step 8305
[ 26%]   step 8306
[ 26%]   step 8307
[ 26%]   step 8308
[ 26%]   step 8309
[ 26%]   step 8310
[ 26%]   step 8311
[ 26%]   step 8312
[ 26%]   step 8313
[ 26%]   step 8314
[ 26%]   step 8315
[ 26%]   step 8316
[ 26%]   step 8317
[ 26%]   step 8318
[ 26%]   step 8319
[ 26%]   step 8320
[ 26%]   step 8321
[ 26%]   step 8322
[ 26%]   step 8323
[ 26%]   step 8324
[ 26%]   step 8325
[ 26%]   step 8326
[ 26%]   step 8327
[ 26%]   step 8328
[ 26%]   step 8329
[ 26%]   step 8330
[ 26%]   step 8331
[ 26%]   step 8332
[ 26%]   step 8333
[ 26%]   step 8334
[ 26%]   step 8335
[ 26%]   step 8336
[ 26%]   step 8337
[ 26%]   step 8338
[ 26%]   step 8339
+SWASH is processing output request    1
+SWASH is processing output request    2
[ 26%]   step 8340
[ 26%]   step 8341
[ 26%]   step 8342
[ 26%]   step 8343
[ 26%]   step 8344
[ 26%]   step 8345
[ 26%]   step 8346
[ 26%]   step 8347
[ 26%]   step 8348
[ 26%]   step 8349
[ 26%]   step 8350
[ 26%]   step 8351
[ 26%]   step 8352
[ 26%]   step 8353
[ 26%]   step 8354
[ 26%]   step 8355
[ 26%]   step 8356
[ 26%]   step 8357
[ 26%]   step 8358
[ 26%]   step 8359
[ 26%]   step 8360
[ 26%]   step 8361
[ 26%]   step 8362
[ 26%]   step 8363
[ 26%]   step 8364
[ 26%]   step 8365
[ 26%]   step 8366
[ 26%]   step 8367
[ 26%]   step 8368
[ 26%]   step 8369
[ 26%]   step 8370
[ 26%]   step 8371
[ 26%]   step 8372
[ 26%]   step 8373
[ 26%]   step 8374
[ 26%]   step 8375
[ 26%]   step 8376
[ 26%]   step 8377
[ 26%]   step 8378
[ 26%]   step 8379
[ 26%]   step 8380
+SWASH is processing output request    1
+SWASH is processing output request    2
[ 26%]   step 8381
[ 26%]   step 8382
[ 26%]   step 8383
[ 26%]   step 8384
[ 26%]   step 8385
[ 26%]   step 8386
[ 26%]   step 8387
[ 26%]   step 8388
[ 26%]   step 8389
[ 26%]   step 8390
[ 26%]   step 8391
[ 26%]   step 8392
[ 26%]   step 8393
[ 26%]   step 8394
[ 26%]   step 8395
[ 26%]   step 8396
[ 26%]   step 8397
[ 26%]   step 8398
[ 26%]   step 8399
[ 26%]   step 8400
[ 26%]   step 8401
[ 26%]   step 8402
[ 26%]   step 8403
[ 26%]   step 8404
[ 26%]   step 8405
[ 26%]   step 8406
[ 26%]   step 8407
[ 26%]   step 8408
[ 26%]   step 8409
[ 26%]   step 8410
[ 26%]   step 8411
[ 26%]   step 8412
[ 26%]   step 8413
[ 26%]   step 8414
[ 26%]   step 8415
[ 26%]   step 8416
[ 26%]   step 8417
[ 26%]   step 8418
[ 26%]   step 8419
[ 26%]   step 8420
[ 26%]   step 8421
+SWASH is processing output request    1
+SWASH is processing output request    2
[ 26%]   step 8422
[ 26%]   step 8423
[ 26%]   step 8424
[ 26%]   step 8425
[ 26%]   step 8426
[ 26%]   step 8427
[ 26%]   step 8428
[ 26%]   step 8429
[ 26%]   step 8430
[ 26%]   step 8431
[ 26%]   step 8432
[ 26%]   step 8433
[ 26%]   step 8434
[ 26%]   step 8435
[ 26%]   step 8436
[ 26%]   step 8437
[ 26%]   step 8438
[ 26%]   step 8439
[ 26%]   step 8440
[ 26%]   step 8441
[ 26%]   step 8442
[ 26%]   step 8443
[ 26%]   step 8444
[ 26%]   step 8445
[ 26%]   step 8446
[ 26%]   step 8447
[ 26%]   step 8448
[ 26%]   step 8449
[ 26%]   step 8450
[ 26%]   step 8451
[ 26%]   step 8452
[ 26%]   step 8453
[ 26%]   step 8454
[ 26%]   step 8455
[ 26%]   step 8456
[ 26%]   step 8457
[ 26%]   step 8458
[ 26%]   step 8459
[ 26%]   step 8460
[ 26%]   step 8461
[ 26%]   step 8462
+SWASH is processing output request    1
+SWASH is processing output request    2
[ 26%]   step 8463
[ 26%]   step 8464
[ 26%]   step 8465
[ 26%]   step 8466
[ 26%]   step 8467
[ 26%]   step 8468
[ 26%]   step 8469
[ 26%]   step 8470
[ 26%]   step 8471
[ 26%]   step 8472
[ 26%]   step 8473
[ 26%]   step 8474
[ 26%]   step 8475
[ 26%]   step 8476
[ 26%]   step 8477
[ 26%]   step 8478
[ 26%]   step 8479
[ 26%]   step 8480
[ 26%]   step 8481
[ 26%]   step 8482
[ 26%]   step 8483
[ 26%]   step 8484
[ 26%]   step 8485
[ 26%]   step 8486
[ 26%]   step 8487
[ 26%]   step 8488
[ 26%]   step 8489
[ 26%]   step 8490
[ 27%]   step 8491
[ 27%]   step 8492
[ 27%]   step 8493
[ 27%]   step 8494
[ 27%]   step 8495
[ 27%]   step 8496
[ 27%]   step 8497
[ 27%]   step 8498
[ 27%]   step 8499
[ 27%]   step 8500
[ 27%]   step 8501
[ 27%]   step 8502
[ 27%]   step 8503
[ 27%]   step 8504
+SWASH is processing output request    1
+SWASH is processing output request    2
[ 27%]   step 8505
[ 27%]   step 8506
[ 27%]   step 8507
[ 27%]   step 8508
[ 27%]   step 8509
[ 27%]   step 8510
[ 27%]   step 8511
[ 27%]   step 8512
[ 27%]   step 8513
[ 27%]   step 8514
[ 27%]   step 8515
[ 27%]   step 8516
[ 27%]   step 8517
[ 27%]   step 8518
[ 27%]   step 8519
[ 27%]   step 8520
[ 27%]   step 8521
[ 27%]   step 8522
[ 27%]   step 8523
[ 27%]   step 8524
[ 27%]   step 8525
[ 27%]   step 8526
[ 27%]   step 8527
[ 27%]   step 8528
[ 27%]   step 8529
[ 27%]   step 8530
[ 27%]   step 8531
[ 27%]   step 8532
[ 27%]   step 8533
[ 27%]   step 8534
[ 27%]   step 8535
[ 27%]   step 8536
[ 27%]   step 8537
[ 27%]   step 8538
[ 27%]   step 8539
[ 27%]   step 8540
[ 27%]   step 8541
[ 27%]   step 8542
[ 27%]   step 8543
[ 27%]   step 8544
[ 27%]   step 8545
+SWASH is processing output request    1
+SWASH is processing output request    2
[ 27%]   step 8546
[ 27%]   step 8547
[ 27%]   step 8548
[ 27%]   step 8549
[ 27%]   step 8550
[ 27%]   step 8551
[ 27%]   step 8552
[ 27%]   step 8553
[ 27%]   step 8554
[ 27%]   step 8555
[ 27%]   step 8556
[ 27%]   step 8557
[ 27%]   step 8558
[ 27%]   step 8559
[ 27%]   step 8560
[ 27%]   step 8561
[ 27%]   step 8562
[ 27%]   step 8563
[ 27%]   step 8564
[ 27%]   step 8565
[ 27%]   step 8566
[ 27%]   step 8567
[ 27%]   step 8568
[ 27%]   step 8569
[ 27%]   step 8570
[ 27%]   step 8571
[ 27%]   step 8572
[ 27%]   step 8573
[ 27%]   step 8574
[ 27%]   step 8575
[ 27%]   step 8576
[ 27%]   step 8577
[ 27%]   step 8578
[ 27%]   step 8579
[ 27%]   step 8580
[ 27%]   step 8581
[ 27%]   step 8582
[ 27%]   step 8583
[ 27%]   step 8584
[ 27%]   step 8585
[ 27%]   step 8586
+SWASH is processing output request    1
+SWASH is processing output request    2
[ 27%]   step 8587
[ 27%]   step 8588
[ 27%]   step 8589
[ 27%]   step 8590
[ 27%]   step 8591
[ 27%]   step 8592
[ 27%]   step 8593
[ 27%]   step 8594
[ 27%]   step 8595
[ 27%]   step 8596
[ 27%]   step 8597
[ 27%]   step 8598
[ 27%]   step 8599
[ 27%]   step 8600
[ 27%]   step 8601
[ 27%]   step 8602
[ 27%]   step 8603
[ 27%]   step 8604
[ 27%]   step 8605
[ 27%]   step 8606
[ 27%]   step 8607
[ 27%]   step 8608
[ 27%]   step 8609
[ 27%]   step 8610
[ 27%]   step 8611
[ 27%]   step 8612
[ 27%]   step 8613
[ 27%]   step 8614
[ 27%]   step 8615
[ 27%]   step 8616
[ 27%]   step 8617
[ 27%]   step 8618
[ 27%]   step 8619
[ 27%]   step 8620
[ 27%]   step 8621
[ 27%]   step 8622
[ 27%]   step 8623
[ 27%]   step 8624
[ 27%]   step 8625
[ 27%]   step 8626
[ 27%]   step 8627
+SWASH is processing output request    1
+SWASH is processing output request    2
[ 27%]   step 8628
[ 27%]   step 8629
[ 27%]   step 8630
[ 27%]   step 8631
[ 27%]   step 8632
[ 27%]   step 8633
[ 27%]   step 8634
[ 27%]   step 8635
[ 27%]   step 8636
[ 27%]   step 8637
[ 27%]   step 8638
[ 27%]   step 8639
[ 27%]   step 8640
[ 27%]   step 8641
[ 27%]   step 8642
[ 27%]   step 8643
[ 27%]   step 8644
[ 27%]   step 8645
[ 27%]   step 8646
[ 27%]   step 8647
[ 27%]   step 8648
[ 27%]   step 8649
[ 27%]   step 8650
[ 27%]   step 8651
[ 27%]   step 8652
[ 27%]   step 8653
[ 27%]   step 8654
[ 27%]   step 8655
[ 27%]   step 8656
[ 27%]   step 8657
[ 27%]   step 8658
[ 27%]   step 8659
[ 27%]   step 8660
[ 27%]   step 8661
[ 27%]   step 8662
[ 27%]   step 8663
[ 27%]   step 8664
[ 27%]   step 8665
[ 27%]   step 8666
[ 27%]   step 8667
[ 27%]   step 8668
+SWASH is processing output request    1
+SWASH is processing output request    2
[ 27%]   step 8669
[ 27%]   step 8670
[ 27%]   step 8671
[ 27%]   step 8672
[ 27%]   step 8673
[ 27%]   step 8674
[ 27%]   step 8675
[ 27%]   step 8676
[ 27%]   step 8677
[ 27%]   step 8678
[ 27%]   step 8679
[ 27%]   step 8680
[ 27%]   step 8681
[ 27%]   step 8682
[ 27%]   step 8683
[ 27%]   step 8684
[ 27%]   step 8685
[ 27%]   step 8686
[ 27%]   step 8687
[ 27%]   step 8688
[ 27%]   step 8689
[ 27%]   step 8690
[ 27%]   step 8691
[ 27%]   step 8692
[ 27%]   step 8693
[ 27%]   step 8694
[ 27%]   step 8695
[ 27%]   step 8696
[ 27%]   step 8697
[ 27%]   step 8698
[ 27%]   step 8699
[ 27%]   step 8700
[ 27%]   step 8701
[ 27%]   step 8702
[ 27%]   step 8703
[ 27%]   step 8704
[ 27%]   step 8705
[ 27%]   step 8706
[ 27%]   step 8707
[ 27%]   step 8708
[ 27%]   step 8709
+SWASH is processing output request    1
+SWASH is processing output request    2
[ 27%]   step 8710
[ 27%]   step 8711
[ 27%]   step 8712
[ 27%]   step 8713
[ 27%]   step 8714
[ 27%]   step 8715
[ 27%]   step 8716
[ 27%]   step 8717
[ 27%]   step 8718
[ 27%]   step 8719
[ 27%]   step 8720
[ 27%]   step 8721
[ 27%]   step 8722
[ 27%]   step 8723
[ 27%]   step 8724
[ 27%]   step 8725
[ 27%]   step 8726
[ 27%]   step 8727
[ 27%]   step 8728
[ 27%]   step 8729
[ 27%]   step 8730
[ 27%]   step 8731
[ 27%]   step 8732
[ 27%]   step 8733
[ 27%]   step 8734
[ 27%]   step 8735
[ 27%]   step 8736
[ 27%]   step 8737
[ 27%]   step 8738
[ 27%]   step 8739
[ 27%]   step 8740
[ 27%]   step 8741
[ 27%]   step 8742
[ 27%]   step 8743
[ 27%]   step 8744
[ 27%]   step 8745
[ 27%]   step 8746
[ 27%]   step 8747
[ 27%]   step 8748
[ 27%]   step 8749
[ 27%]   step 8750
+SWASH is processing output request    1
+SWASH is processing output request    2
[ 27%]   step 8751
[ 27%]   step 8752
[ 27%]   step 8753
[ 27%]   step 8754
[ 27%]   step 8755
[ 27%]   step 8756
[ 27%]   step 8757
[ 27%]   step 8758
[ 27%]   step 8759
[ 27%]   step 8760
[ 27%]   step 8761
[ 27%]   step 8762
[ 27%]   step 8763
[ 27%]   step 8764
[ 27%]   step 8765
[ 27%]   step 8766
[ 27%]   step 8767
[ 27%]   step 8768
[ 27%]   step 8769
[ 27%]   step 8770
[ 27%]   step 8771
[ 27%]   step 8772
[ 27%]   step 8773
[ 27%]   step 8774
[ 27%]   step 8775
[ 27%]   step 8776
[ 27%]   step 8777
[ 27%]   step 8778
[ 27%]   step 8779
[ 27%]   step 8780
[ 27%]   step 8781
[ 27%]   step 8782
[ 27%]   step 8783
[ 27%]   step 8784
[ 27%]   step 8785
[ 27%]   step 8786
[ 27%]   step 8787
[ 27%]   step 8788
[ 27%]   step 8789
[ 27%]   step 8790
[ 27%]   step 8791
+SWASH is processing output request    1
+SWASH is processing output request    2
[ 27%]   step 8792
[ 27%]   step 8793
[ 27%]   step 8794
[ 27%]   step 8795
[ 27%]   step 8796
[ 27%]   step 8797
[ 27%]   step 8798
[ 27%]   step 8799
[ 27%]   step 8800
[ 27%]   step 8801
[ 27%]   step 8802
[ 27%]   step 8803
[ 27%]   step 8804
[ 27%]   step 8805
[ 27%]   step 8806
[ 27%]   step 8807
[ 27%]   step 8808
[ 27%]   step 8809
[ 27%]   step 8810
[ 27%]   step 8811
[ 28%]   step 8812
[ 28%]   step 8813
[ 28%]   step 8814
[ 28%]   step 8815
[ 28%]   step 8816
[ 28%]   step 8817
[ 28%]   step 8818
[ 28%]   step 8819
[ 28%]   step 8820
[ 28%]   step 8821
[ 28%]   step 8822
[ 28%]   step 8823
[ 28%]   step 8824
[ 28%]   step 8825
[ 28%]   step 8826
[ 28%]   step 8827
[ 28%]   step 8828
[ 28%]   step 8829
[ 28%]   step 8830
[ 28%]   step 8831
[ 28%]   step 8832
+SWASH is processing output request    1
+SWASH is processing output request    2
[ 28%]   step 8833
[ 28%]   step 8834
[ 28%]   step 8835
[ 28%]   step 8836
[ 28%]   step 8837
[ 28%]   step 8838
[ 28%]   step 8839
[ 28%]   step 8840
[ 28%]   step 8841
[ 28%]   step 8842
[ 28%]   step 8843
[ 28%]   step 8844
[ 28%]   step 8845
[ 28%]   step 8846
[ 28%]   step 8847
[ 28%]   step 8848
[ 28%]   step 8849
[ 28%]   step 8850
[ 28%]   step 8851
[ 28%]   step 8852
[ 28%]   step 8853
[ 28%]   step 8854
[ 28%]   step 8855
[ 28%]   step 8856
[ 28%]   step 8857
[ 28%]   step 8858
[ 28%]   step 8859
[ 28%]   step 8860
[ 28%]   step 8861
[ 28%]   step 8862
[ 28%]   step 8863
[ 28%]   step 8864
[ 28%]   step 8865
[ 28%]   step 8866
[ 28%]   step 8867
[ 28%]   step 8868
[ 28%]   step 8869
[ 28%]   step 8870
[ 28%]   step 8871
[ 28%]   step 8872
[ 28%]   step 8873
+SWASH is processing output request    1
+SWASH is processing output request    2
[ 28%]   step 8874
[ 28%]   step 8875
[ 28%]   step 8876
[ 28%]   step 8877
[ 28%]   step 8878
[ 28%]   step 8879
[ 28%]   step 8880
[ 28%]   step 8881
[ 28%]   step 8882
[ 28%]   step 8883
[ 28%]   step 8884
[ 28%]   step 8885
[ 28%]   step 8886
[ 28%]   step 8887
[ 28%]   step 8888
[ 28%]   step 8889
[ 28%]   step 8890
[ 28%]   step 8891
[ 28%]   step 8892
[ 28%]   step 8893
[ 28%]   step 8894
[ 28%]   step 8895
[ 28%]   step 8896
[ 28%]   step 8897
[ 28%]   step 8898
[ 28%]   step 8899
[ 28%]   step 8900
[ 28%]   step 8901
[ 28%]   step 8902
[ 28%]   step 8903
[ 28%]   step 8904
[ 28%]   step 8905
[ 28%]   step 8906
[ 28%]   step 8907
[ 28%]   step 8908
[ 28%]   step 8909
[ 28%]   step 8910
[ 28%]   step 8911
[ 28%]   step 8912
[ 28%]   step 8913
[ 28%]   step 8914
+SWASH is processing output request    1
+SWASH is processing output request    2
[ 28%]   step 8915
[ 28%]   step 8916
[ 28%]   step 8917
[ 28%]   step 8918
[ 28%]   step 8919
[ 28%]   step 8920
[ 28%]   step 8921
[ 28%]   step 8922
[ 28%]   step 8923
[ 28%]   step 8924
[ 28%]   step 8925
[ 28%]   step 8926
[ 28%]   step 8927
[ 28%]   step 8928
[ 28%]   step 8929
[ 28%]   step 8930
[ 28%]   step 8931
[ 28%]   step 8932
[ 28%]   step 8933
[ 28%]   step 8934
[ 28%]   step 8935
[ 28%]   step 8936
[ 28%]   step 8937
[ 28%]   step 8938
[ 28%]   step 8939
[ 28%]   step 8940
[ 28%]   step 8941
[ 28%]   step 8942
[ 28%]   step 8943
[ 28%]   step 8944
[ 28%]   step 8945
[ 28%]   step 8946
[ 28%]   step 8947
[ 28%]   step 8948
[ 28%]   step 8949
[ 28%]   step 8950
[ 28%]   step 8951
[ 28%]   step 8952
[ 28%]   step 8953
[ 28%]   step 8954
[ 28%]   step 8955
+SWASH is processing output request    1
+SWASH is processing output request    2
[ 28%]   step 8956
[ 28%]   step 8957
[ 28%]   step 8958
[ 28%]   step 8959
[ 28%]   step 8960
[ 28%]   step 8961
[ 28%]   step 8962
[ 28%]   step 8963
[ 28%]   step 8964
[ 28%]   step 8965
[ 28%]   step 8966
[ 28%]   step 8967
[ 28%]   step 8968
[ 28%]   step 8969
[ 28%]   step 8970
[ 28%]   step 8971
[ 28%]   step 8972
[ 28%]   step 8973
[ 28%]   step 8974
[ 28%]   step 8975
[ 28%]   step 8976
[ 28%]   step 8977
[ 28%]   step 8978
[ 28%]   step 8979
[ 28%]   step 8980
[ 28%]   step 8981
[ 28%]   step 8982
[ 28%]   step 8983
[ 28%]   step 8984
[ 28%]   step 8985
[ 28%]   step 8986
[ 28%]   step 8987
[ 28%]   step 8988
[ 28%]   step 8989
[ 28%]   step 8990
[ 28%]   step 8991
[ 28%]   step 8992
[ 28%]   step 8993
[ 28%]   step 8994
[ 28%]   step 8995
[ 28%]   step 8996
+SWASH is processing output request    1
+SWASH is processing output request    2
[ 28%]   step 8997
[ 28%]   step 8998
[ 28%]   step 8999
[ 28%]   step 9000
[ 28%]   step 9001
[ 28%]   step 9002
[ 28%]   step 9003
[ 28%]   step 9004
[ 28%]   step 9005
[ 28%]   step 9006
[ 28%]   step 9007
[ 28%]   step 9008
[ 28%]   step 9009
[ 28%]   step 9010
[ 28%]   step 9011
[ 28%]   step 9012
[ 28%]   step 9013
[ 28%]   step 9014
[ 28%]   step 9015
[ 28%]   step 9016
[ 28%]   step 9017
[ 28%]   step 9018
[ 28%]   step 9019
[ 28%]   step 9020
[ 28%]   step 9021
[ 28%]   step 9022
[ 28%]   step 9023
[ 28%]   step 9024
[ 28%]   step 9025
[ 28%]   step 9026
[ 28%]   step 9027
[ 28%]   step 9028
[ 28%]   step 9029
[ 28%]   step 9030
[ 28%]   step 9031
[ 28%]   step 9032
[ 28%]   step 9033
[ 28%]   step 9034
[ 28%]   step 9035
[ 28%]   step 9036
[ 28%]   step 9037
[ 28%]   step 9038
+SWASH is processing output request    1
+SWASH is processing output request    2
[ 28%]   step 9039
[ 28%]   step 9040
[ 28%]   step 9041
[ 28%]   step 9042
[ 28%]   step 9043
[ 28%]   step 9044
[ 28%]   step 9045
[ 28%]   step 9046
[ 28%]   step 9047
[ 28%]   step 9048
[ 28%]   step 9049
[ 28%]   step 9050
[ 28%]   step 9051
[ 28%]   step 9052
[ 28%]   step 9053
[ 28%]   step 9054
[ 28%]   step 9055
[ 28%]   step 9056
[ 28%]   step 9057
[ 28%]   step 9058
[ 28%]   step 9059
[ 28%]   step 9060
[ 28%]   step 9061
[ 28%]   step 9062
[ 28%]   step 9063
[ 28%]   step 9064
[ 28%]   step 9065
[ 28%]   step 9066
[ 28%]   step 9067
[ 28%]   step 9068
[ 28%]   step 9069
[ 28%]   step 9070
[ 28%]   step 9071
[ 28%]   step 9072
[ 28%]   step 9073
[ 28%]   step 9074
[ 28%]   step 9075
[ 28%]   step 9076
[ 28%]   step 9077
[ 28%]   step 9078
[ 28%]   step 9079
+SWASH is processing output request    1
+SWASH is processing output request    2
[ 28%]   step 9080
[ 28%]   step 9081
[ 28%]   step 9082
[ 28%]   step 9083
[ 28%]   step 9084
[ 28%]   step 9085
[ 28%]   step 9086
[ 28%]   step 9087
[ 28%]   step 9088
[ 28%]   step 9089
[ 28%]   step 9090
[ 28%]   step 9091
[ 28%]   step 9092
[ 28%]   step 9093
[ 28%]   step 9094
[ 28%]   step 9095
[ 28%]   step 9096
[ 28%]   step 9097
[ 28%]   step 9098
[ 28%]   step 9099
[ 28%]   step 9100
[ 28%]   step 9101
[ 28%]   step 9102
[ 28%]   step 9103
[ 28%]   step 9104
[ 28%]   step 9105
[ 28%]   step 9106
[ 28%]   step 9107
[ 28%]   step 9108
[ 28%]   step 9109
[ 28%]   step 9110
[ 28%]   step 9111
[ 28%]   step 9112
[ 28%]   step 9113
[ 28%]   step 9114
[ 28%]   step 9115
[ 28%]   step 9116
[ 28%]   step 9117
[ 28%]   step 9118
[ 28%]   step 9119
[ 28%]   step 9120
+SWASH is processing output request    1
+SWASH is processing output request    2
[ 28%]   step 9121
[ 28%]   step 9122
[ 28%]   step 9123
[ 28%]   step 9124
[ 28%]   step 9125
[ 28%]   step 9126
[ 28%]   step 9127
[ 28%]   step 9128
[ 28%]   step 9129
[ 28%]   step 9130
[ 28%]   step 9131
[ 29%]   step 9132
[ 29%]   step 9133
[ 29%]   step 9134
[ 29%]   step 9135
[ 29%]   step 9136
[ 29%]   step 9137
[ 29%]   step 9138
[ 29%]   step 9139
[ 29%]   step 9140
[ 29%]   step 9141
[ 29%]   step 9142
[ 29%]   step 9143
[ 29%]   step 9144
[ 29%]   step 9145
[ 29%]   step 9146
[ 29%]   step 9147
[ 29%]   step 9148
[ 29%]   step 9149
[ 29%]   step 9150
[ 29%]   step 9151
[ 29%]   step 9152
[ 29%]   step 9153
[ 29%]   step 9154
[ 29%]   step 9155
[ 29%]   step 9156
[ 29%]   step 9157
[ 29%]   step 9158
[ 29%]   step 9159
[ 29%]   step 9160
[ 29%]   step 9161
+SWASH is processing output request    1
+SWASH is processing output request    2
[ 29%]   step 9162
[ 29%]   step 9163
[ 29%]   step 9164
[ 29%]   step 9165
[ 29%]   step 9166
[ 29%]   step 9167
[ 29%]   step 9168
[ 29%]   step 9169
[ 29%]   step 9170
[ 29%]   step 9171
[ 29%]   step 9172
[ 29%]   step 9173
[ 29%]   step 9174
[ 29%]   step 9175
[ 29%]   step 9176
[ 29%]   step 9177
[ 29%]   step 9178
[ 29%]   step 9179
[ 29%]   step 9180
[ 29%]   step 9181
[ 29%]   step 9182
[ 29%]   step 9183
[ 29%]   step 9184
[ 29%]   step 9185
[ 29%]   step 9186
[ 29%]   step 9187
[ 29%]   step 9188
[ 29%]   step 9189
[ 29%]   step 9190
[ 29%]   step 9191
[ 29%]   step 9192
[ 29%]   step 9193
[ 29%]   step 9194
[ 29%]   step 9195
[ 29%]   step 9196
[ 29%]   step 9197
[ 29%]   step 9198
[ 29%]   step 9199
[ 29%]   step 9200
[ 29%]   step 9201
[ 29%]   step 9202
+SWASH is processing output request    1
+SWASH is processing output request    2
[ 29%]   step 9203
[ 29%]   step 9204
[ 29%]   step 9205
[ 29%]   step 9206
[ 29%]   step 9207
[ 29%]   step 9208
[ 29%]   step 9209
[ 29%]   step 9210
[ 29%]   step 9211
[ 29%]   step 9212
[ 29%]   step 9213
[ 29%]   step 9214
[ 29%]   step 9215
[ 29%]   step 9216
[ 29%]   step 9217
[ 29%]   step 9218
[ 29%]   step 9219
[ 29%]   step 9220
[ 29%]   step 9221
[ 29%]   step 9222
[ 29%]   step 9223
[ 29%]   step 9224
[ 29%]   step 9225
[ 29%]   step 9226
[ 29%]   step 9227
[ 29%]   step 9228
[ 29%]   step 9229
[ 29%]   step 9230
[ 29%]   step 9231
[ 29%]   step 9232
[ 29%]   step 9233
[ 29%]   step 9234
[ 29%]   step 9235
[ 29%]   step 9236
[ 29%]   step 9237
[ 29%]   step 9238
[ 29%]   step 9239
[ 29%]   step 9240
[ 29%]   step 9241
[ 29%]   step 9242
[ 29%]   step 9243
+SWASH is processing output request    1
+SWASH is processing output request    2
[ 29%]   step 9244
[ 29%]   step 9245
[ 29%]   step 9246
[ 29%]   step 9247
[ 29%]   step 9248
[ 29%]   step 9249
[ 29%]   step 9250
[ 29%]   step 9251
[ 29%]   step 9252
[ 29%]   step 9253
[ 29%]   step 9254
[ 29%]   step 9255
[ 29%]   step 9256
[ 29%]   step 9257
[ 29%]   step 9258
[ 29%]   step 9259
[ 29%]   step 9260
[ 29%]   step 9261
[ 29%]   step 9262
[ 29%]   step 9263
[ 29%]   step 9264
[ 29%]   step 9265
[ 29%]   step 9266
[ 29%]   step 9267
[ 29%]   step 9268
[ 29%]   step 9269
[ 29%]   step 9270
[ 29%]   step 9271
[ 29%]   step 9272
[ 29%]   step 9273
[ 29%]   step 9274
[ 29%]   step 9275
[ 29%]   step 9276
[ 29%]   step 9277
[ 29%]   step 9278
[ 29%]   step 9279
[ 29%]   step 9280
[ 29%]   step 9281
[ 29%]   step 9282
[ 29%]   step 9283
[ 29%]   step 9284
+SWASH is processing output request    1
+SWASH is processing output request    2
[ 29%]   step 9285
[ 29%]   step 9286
[ 29%]   step 9287
[ 29%]   step 9288
[ 29%]   step 9289
[ 29%]   step 9290
[ 29%]   step 9291
[ 29%]   step 9292
[ 29%]   step 9293
[ 29%]   step 9294
[ 29%]   step 9295
[ 29%]   step 9296
[ 29%]   step 9297
[ 29%]   step 9298
[ 29%]   step 9299
[ 29%]   step 9300
[ 29%]   step 9301
[ 29%]   step 9302
[ 29%]   step 9303
[ 29%]   step 9304
[ 29%]   step 9305
[ 29%]   step 9306
[ 29%]   step 9307
[ 29%]   step 9308
[ 29%]   step 9309
[ 29%]   step 9310
[ 29%]   step 9311
[ 29%]   step 9312
[ 29%]   step 9313
[ 29%]   step 9314
[ 29%]   step 9315
[ 29%]   step 9316
[ 29%]   step 9317
[ 29%]   step 9318
[ 29%]   step 9319
[ 29%]   step 9320
[ 29%]   step 9321
[ 29%]   step 9322
[ 29%]   step 9323
[ 29%]   step 9324
[ 29%]   step 9325
+SWASH is processing output request    1
+SWASH is processing output request    2
[ 29%]   step 9326
[ 29%]   step 9327
[ 29%]   step 9328
[ 29%]   step 9329
[ 29%]   step 9330
[ 29%]   step 9331
[ 29%]   step 9332
[ 29%]   step 9333
[ 29%]   step 9334
[ 29%]   step 9335
[ 29%]   step 9336
[ 29%]   step 9337
[ 29%]   step 9338
[ 29%]   step 9339
[ 29%]   step 9340
[ 29%]   step 9341
[ 29%]   step 9342
[ 29%]   step 9343
[ 29%]   step 9344
[ 29%]   step 9345
[ 29%]   step 9346
[ 29%]   step 9347
[ 29%]   step 9348
[ 29%]   step 9349
[ 29%]   step 9350
[ 29%]   step 9351
[ 29%]   step 9352
[ 29%]   step 9353
[ 29%]   step 9354
[ 29%]   step 9355
[ 29%]   step 9356
[ 29%]   step 9357
[ 29%]   step 9358
[ 29%]   step 9359
[ 29%]   step 9360
[ 29%]   step 9361
[ 29%]   step 9362
[ 29%]   step 9363
[ 29%]   step 9364
[ 29%]   step 9365
[ 29%]   step 9366
+SWASH is processing output request    1
+SWASH is processing output request    2
[ 29%]   step 9367
[ 29%]   step 9368
[ 29%]   step 9369
[ 29%]   step 9370
[ 29%]   step 9371
[ 29%]   step 9372
[ 29%]   step 9373
[ 29%]   step 9374
[ 29%]   step 9375
[ 29%]   step 9376
[ 29%]   step 9377
[ 29%]   step 9378
[ 29%]   step 9379
[ 29%]   step 9380
[ 29%]   step 9381
[ 29%]   step 9382
[ 29%]   step 9383
[ 29%]   step 9384
[ 29%]   step 9385
[ 29%]   step 9386
[ 29%]   step 9387
[ 29%]   step 9388
[ 29%]   step 9389
[ 29%]   step 9390
[ 29%]   step 9391
[ 29%]   step 9392
[ 29%]   step 9393
[ 29%]   step 9394
[ 29%]   step 9395
[ 29%]   step 9396
[ 29%]   step 9397
[ 29%]   step 9398
[ 29%]   step 9399
[ 29%]   step 9400
[ 29%]   step 9401
[ 29%]   step 9402
[ 29%]   step 9403
[ 29%]   step 9404
[ 29%]   step 9405
[ 29%]   step 9406
[ 29%]   step 9407
+SWASH is processing output request    1
+SWASH is processing output request    2
[ 29%]   step 9408
[ 29%]   step 9409
[ 29%]   step 9410
[ 29%]   step 9411
[ 29%]   step 9412
[ 29%]   step 9413
[ 29%]   step 9414
[ 29%]   step 9415
[ 29%]   step 9416
[ 29%]   step 9417
[ 29%]   step 9418
[ 29%]   step 9419
[ 29%]   step 9420
[ 29%]   step 9421
[ 29%]   step 9422
[ 29%]   step 9423
[ 29%]   step 9424
[ 29%]   step 9425
[ 29%]   step 9426
[ 29%]   step 9427
[ 29%]   step 9428
[ 29%]   step 9429
[ 29%]   step 9430
[ 29%]   step 9431
[ 29%]   step 9432
[ 29%]   step 9433
[ 29%]   step 9434
[ 29%]   step 9435
[ 29%]   step 9436
[ 29%]   step 9437
[ 29%]   step 9438
[ 29%]   step 9439
[ 29%]   step 9440
[ 29%]   step 9441
[ 29%]   step 9442
[ 29%]   step 9443
[ 29%]   step 9444
[ 29%]   step 9445
[ 29%]   step 9446
[ 29%]   step 9447
[ 29%]   step 9448
+SWASH is processing output request    1
+SWASH is processing output request    2
[ 29%]   step 9449
[ 29%]   step 9450
[ 29%]   step 9451
[ 30%]   step 9452
[ 30%]   step 9453
[ 30%]   step 9454
[ 30%]   step 9455
[ 30%]   step 9456
[ 30%]   step 9457
[ 30%]   step 9458
[ 30%]   step 9459
[ 30%]   step 9460
[ 30%]   step 9461
[ 30%]   step 9462
[ 30%]   step 9463
[ 30%]   step 9464
[ 30%]   step 9465
[ 30%]   step 9466
[ 30%]   step 9467
[ 30%]   step 9468
[ 30%]   step 9469
[ 30%]   step 9470
[ 30%]   step 9471
[ 30%]   step 9472
[ 30%]   step 9473
[ 30%]   step 9474
[ 30%]   step 9475
[ 30%]   step 9476
[ 30%]   step 9477
[ 30%]   step 9478
[ 30%]   step 9479
[ 30%]   step 9480
[ 30%]   step 9481
[ 30%]   step 9482
[ 30%]   step 9483
[ 30%]   step 9484
[ 30%]   step 9485
[ 30%]   step 9486
[ 30%]   step 9487
[ 30%]   step 9488
[ 30%]   step 9489
+SWASH is processing output request    1
+SWASH is processing output request    2
[ 30%]   step 9490
[ 30%]   step 9491
[ 30%]   step 9492
[ 30%]   step 9493
[ 30%]   step 9494
[ 30%]   step 9495
[ 30%]   step 9496
[ 30%]   step 9497
[ 30%]   step 9498
[ 30%]   step 9499
[ 30%]   step 9500
[ 30%]   step 9501
[ 30%]   step 9502
[ 30%]   step 9503
[ 30%]   step 9504
[ 30%]   step 9505
[ 30%]   step 9506
[ 30%]   step 9507
[ 30%]   step 9508
[ 30%]   step 9509
[ 30%]   step 9510
[ 30%]   step 9511
[ 30%]   step 9512
[ 30%]   step 9513
[ 30%]   step 9514
[ 30%]   step 9515
[ 30%]   step 9516
[ 30%]   step 9517
[ 30%]   step 9518
[ 30%]   step 9519
[ 30%]   step 9520
[ 30%]   step 9521
[ 30%]   step 9522
[ 30%]   step 9523
[ 30%]   step 9524
[ 30%]   step 9525
[ 30%]   step 9526
[ 30%]   step 9527
[ 30%]   step 9528
[ 30%]   step 9529
[ 30%]   step 9530
+SWASH is processing output request    1
+SWASH is processing output request    2
[ 30%]   step 9531
[ 30%]   step 9532
[ 30%]   step 9533
[ 30%]   step 9534
[ 30%]   step 9535
[ 30%]   step 9536
[ 30%]   step 9537
[ 30%]   step 9538
[ 30%]   step 9539
[ 30%]   step 9540
[ 30%]   step 9541
[ 30%]   step 9542
[ 30%]   step 9543
[ 30%]   step 9544
[ 30%]   step 9545
[ 30%]   step 9546
[ 30%]   step 9547
[ 30%]   step 9548
[ 30%]   step 9549
[ 30%]   step 9550
[ 30%]   step 9551
[ 30%]   step 9552
[ 30%]   step 9553
[ 30%]   step 9554
[ 30%]   step 9555
[ 30%]   step 9556
[ 30%]   step 9557
[ 30%]   step 9558
[ 30%]   step 9559
[ 30%]   step 9560
[ 30%]   step 9561
[ 30%]   step 9562
[ 30%]   step 9563
[ 30%]   step 9564
[ 30%]   step 9565
[ 30%]   step 9566
[ 30%]   step 9567
[ 30%]   step 9568
[ 30%]   step 9569
[ 30%]   step 9570
[ 30%]   step 9571
[ 30%]   step 9572
+SWASH is processing output request    1
+SWASH is processing output request    2
[ 30%]   step 9573
[ 30%]   step 9574
[ 30%]   step 9575
[ 30%]   step 9576
[ 30%]   step 9577
[ 30%]   step 9578
[ 30%]   step 9579
[ 30%]   step 9580
[ 30%]   step 9581
[ 30%]   step 9582
[ 30%]   step 9583
[ 30%]   step 9584
[ 30%]   step 9585
[ 30%]   step 9586
[ 30%]   step 9587
[ 30%]   step 9588
[ 30%]   step 9589
[ 30%]   step 9590
[ 30%]   step 9591
[ 30%]   step 9592
[ 30%]   step 9593
[ 30%]   step 9594
[ 30%]   step 9595
[ 30%]   step 9596
[ 30%]   step 9597
[ 30%]   step 9598
[ 30%]   step 9599
[ 30%]   step 9600
[ 30%]   step 9601
[ 30%]   step 9602
[ 30%]   step 9603
[ 30%]   step 9604
[ 30%]   step 9605
[ 30%]   step 9606
[ 30%]   step 9607
[ 30%]   step 9608
[ 30%]   step 9609
[ 30%]   step 9610
[ 30%]   step 9611
[ 30%]   step 9612
[ 30%]   step 9613
+SWASH is processing output request    1
+SWASH is processing output request    2
[ 30%]   step 9614
[ 30%]   step 9615
[ 30%]   step 9616
[ 30%]   step 9617
[ 30%]   step 9618
[ 30%]   step 9619
[ 30%]   step 9620
[ 30%]   step 9621
[ 30%]   step 9622
[ 30%]   step 9623
[ 30%]   step 9624
[ 30%]   step 9625
[ 30%]   step 9626
[ 30%]   step 9627
[ 30%]   step 9628
[ 30%]   step 9629
[ 30%]   step 9630
[ 30%]   step 9631
[ 30%]   step 9632
[ 30%]   step 9633
[ 30%]   step 9634
[ 30%]   step 9635
[ 30%]   step 9636
[ 30%]   step 9637
[ 30%]   step 9638
[ 30%]   step 9639
[ 30%]   step 9640
[ 30%]   step 9641
[ 30%]   step 9642
[ 30%]   step 9643
[ 30%]   step 9644
[ 30%]   step 9645
[ 30%]   step 9646
[ 30%]   step 9647
[ 30%]   step 9648
[ 30%]   step 9649
[ 30%]   step 9650
[ 30%]   step 9651
[ 30%]   step 9652
[ 30%]   step 9653
[ 30%]   step 9654
+SWASH is processing output request    1
+SWASH is processing output request    2
[ 30%]   step 9655
[ 30%]   step 9656
[ 30%]   step 9657
[ 30%]   step 9658
[ 30%]   step 9659
[ 30%]   step 9660
[ 30%]   step 9661
[ 30%]   step 9662
[ 30%]   step 9663
[ 30%]   step 9664
[ 30%]   step 9665
[ 30%]   step 9666
[ 30%]   step 9667
[ 30%]   step 9668
[ 30%]   step 9669
[ 30%]   step 9670
[ 30%]   step 9671
[ 30%]   step 9672
[ 30%]   step 9673
[ 30%]   step 9674
[ 30%]   step 9675
[ 30%]   step 9676
[ 30%]   step 9677
[ 30%]   step 9678
[ 30%]   step 9679
[ 30%]   step 9680
[ 30%]   step 9681
[ 30%]   step 9682
[ 30%]   step 9683
[ 30%]   step 9684
[ 30%]   step 9685
[ 30%]   step 9686
[ 30%]   step 9687
[ 30%]   step 9688
[ 30%]   step 9689
[ 30%]   step 9690
[ 30%]   step 9691
[ 30%]   step 9692
[ 30%]   step 9693
[ 30%]   step 9694
[ 30%]   step 9695
+SWASH is processing output request    1
+SWASH is processing output request    2
[ 30%]   step 9696
[ 30%]   step 9697
[ 30%]   step 9698
[ 30%]   step 9699
[ 30%]   step 9700
[ 30%]   step 9701
[ 30%]   step 9702
[ 30%]   step 9703
[ 30%]   step 9704
[ 30%]   step 9705
[ 30%]   step 9706
[ 30%]   step 9707
[ 30%]   step 9708
[ 30%]   step 9709
[ 30%]   step 9710
[ 30%]   step 9711
[ 30%]   step 9712
[ 30%]   step 9713
[ 30%]   step 9714
[ 30%]   step 9715
[ 30%]   step 9716
[ 30%]   step 9717
[ 30%]   step 9718
[ 30%]   step 9719
[ 30%]   step 9720
[ 30%]   step 9721
[ 30%]   step 9722
[ 30%]   step 9723
[ 30%]   step 9724
[ 30%]   step 9725
[ 30%]   step 9726
[ 30%]   step 9727
[ 30%]   step 9728
[ 30%]   step 9729
[ 30%]   step 9730
[ 30%]   step 9731
[ 30%]   step 9732
[ 30%]   step 9733
[ 30%]   step 9734
[ 30%]   step 9735
[ 30%]   step 9736
+SWASH is processing output request    1
+SWASH is processing output request    2
[ 30%]   step 9737
[ 30%]   step 9738
[ 30%]   step 9739
[ 30%]   step 9740
[ 30%]   step 9741
[ 30%]   step 9742
[ 30%]   step 9743
[ 30%]   step 9744
[ 30%]   step 9745
[ 30%]   step 9746
[ 30%]   step 9747
[ 30%]   step 9748
[ 30%]   step 9749
[ 30%]   step 9750
[ 30%]   step 9751
[ 30%]   step 9752
[ 30%]   step 9753
[ 30%]   step 9754
[ 30%]   step 9755
[ 30%]   step 9756
[ 30%]   step 9757
[ 30%]   step 9758
[ 30%]   step 9759
[ 30%]   step 9760
[ 30%]   step 9761
[ 30%]   step 9762
[ 30%]   step 9763
[ 30%]   step 9764
[ 30%]   step 9765
[ 30%]   step 9766
[ 30%]   step 9767
[ 30%]   step 9768
[ 30%]   step 9769
[ 30%]   step 9770
[ 30%]   step 9771
[ 30%]   step 9772
[ 31%]   step 9773
[ 31%]   step 9774
[ 31%]   step 9775
[ 31%]   step 9776
[ 31%]   step 9777
+SWASH is processing output request    1
+SWASH is processing output request    2
[ 31%]   step 9778
[ 31%]   step 9779
[ 31%]   step 9780
[ 31%]   step 9781
[ 31%]   step 9782
[ 31%]   step 9783
[ 31%]   step 9784
[ 31%]   step 9785
[ 31%]   step 9786
[ 31%]   step 9787
[ 31%]   step 9788
[ 31%]   step 9789
[ 31%]   step 9790
[ 31%]   step 9791
[ 31%]   step 9792
[ 31%]   step 9793
[ 31%]   step 9794
[ 31%]   step 9795
[ 31%]   step 9796
[ 31%]   step 9797
[ 31%]   step 9798
[ 31%]   step 9799
[ 31%]   step 9800
[ 31%]   step 9801
[ 31%]   step 9802
[ 31%]   step 9803
[ 31%]   step 9804
[ 31%]   step 9805
[ 31%]   step 9806
[ 31%]   step 9807
[ 31%]   step 9808
[ 31%]   step 9809
[ 31%]   step 9810
[ 31%]   step 9811
[ 31%]   step 9812
[ 31%]   step 9813
[ 31%]   step 9814
[ 31%]   step 9815
[ 31%]   step 9816
[ 31%]   step 9817
[ 31%]   step 9818
+SWASH is processing output request    1
+SWASH is processing output request    2
[ 31%]   step 9819
[ 31%]   step 9820
[ 31%]   step 9821
[ 31%]   step 9822
[ 31%]   step 9823
[ 31%]   step 9824
[ 31%]   step 9825
[ 31%]   step 9826
[ 31%]   step 9827
[ 31%]   step 9828
[ 31%]   step 9829
[ 31%]   step 9830
[ 31%]   step 9831
[ 31%]   step 9832
[ 31%]   step 9833
[ 31%]   step 9834
[ 31%]   step 9835
[ 31%]   step 9836
[ 31%]   step 9837
[ 31%]   step 9838
[ 31%]   step 9839
[ 31%]   step 9840
[ 31%]   step 9841
[ 31%]   step 9842
[ 31%]   step 9843
[ 31%]   step 9844
[ 31%]   step 9845
[ 31%]   step 9846
[ 31%]   step 9847
[ 31%]   step 9848
[ 31%]   step 9849
[ 31%]   step 9850
[ 31%]   step 9851
[ 31%]   step 9852
[ 31%]   step 9853
[ 31%]   step 9854
[ 31%]   step 9855
[ 31%]   step 9856
[ 31%]   step 9857
[ 31%]   step 9858
[ 31%]   step 9859
+SWASH is processing output request    1
+SWASH is processing output request    2
[ 31%]   step 9860
[ 31%]   step 9861
[ 31%]   step 9862
[ 31%]   step 9863
[ 31%]   step 9864
[ 31%]   step 9865
[ 31%]   step 9866
[ 31%]   step 9867
[ 31%]   step 9868
[ 31%]   step 9869
[ 31%]   step 9870
[ 31%]   step 9871
[ 31%]   step 9872
[ 31%]   step 9873
[ 31%]   step 9874
[ 31%]   step 9875
[ 31%]   step 9876
[ 31%]   step 9877
[ 31%]   step 9878
[ 31%]   step 9879
[ 31%]   step 9880
[ 31%]   step 9881
[ 31%]   step 9882
[ 31%]   step 9883
[ 31%]   step 9884
[ 31%]   step 9885
[ 31%]   step 9886
[ 31%]   step 9887
[ 31%]   step 9888
[ 31%]   step 9889
[ 31%]   step 9890
[ 31%]   step 9891
[ 31%]   step 9892
[ 31%]   step 9893
[ 31%]   step 9894
[ 31%]   step 9895
[ 31%]   step 9896
[ 31%]   step 9897
[ 31%]   step 9898
[ 31%]   step 9899
[ 31%]   step 9900
+SWASH is processing output request    1
+SWASH is processing output request    2
[ 31%]   step 9901
[ 31%]   step 9902
[ 31%]   step 9903
[ 31%]   step 9904
[ 31%]   step 9905
[ 31%]   step 9906
[ 31%]   step 9907
[ 31%]   step 9908
[ 31%]   step 9909
[ 31%]   step 9910
[ 31%]   step 9911
[ 31%]   step 9912
[ 31%]   step 9913
[ 31%]   step 9914
[ 31%]   step 9915
[ 31%]   step 9916
[ 31%]   step 9917
[ 31%]   step 9918
[ 31%]   step 9919
[ 31%]   step 9920
[ 31%]   step 9921
[ 31%]   step 9922
[ 31%]   step 9923
[ 31%]   step 9924
[ 31%]   step 9925
[ 31%]   step 9926
[ 31%]   step 9927
[ 31%]   step 9928
[ 31%]   step 9929
[ 31%]   step 9930
[ 31%]   step 9931
[ 31%]   step 9932
[ 31%]   step 9933
[ 31%]   step 9934
[ 31%]   step 9935
[ 31%]   step 9936
[ 31%]   step 9937
[ 31%]   step 9938
[ 31%]   step 9939
[ 31%]   step 9940
[ 31%]   step 9941
+SWASH is processing output request    1
+SWASH is processing output request    2
[ 31%]   step 9942
[ 31%]   step 9943
[ 31%]   step 9944
[ 31%]   step 9945
[ 31%]   step 9946
[ 31%]   step 9947
[ 31%]   step 9948
[ 31%]   step 9949
[ 31%]   step 9950
[ 31%]   step 9951
[ 31%]   step 9952
[ 31%]   step 9953
[ 31%]   step 9954
[ 31%]   step 9955
[ 31%]   step 9956
[ 31%]   step 9957
[ 31%]   step 9958
[ 31%]   step 9959
[ 31%]   step 9960
[ 31%]   step 9961
[ 31%]   step 9962
[ 31%]   step 9963
[ 31%]   step 9964
[ 31%]   step 9965
[ 31%]   step 9966
[ 31%]   step 9967
[ 31%]   step 9968
[ 31%]   step 9969
[ 31%]   step 9970
[ 31%]   step 9971
[ 31%]   step 9972
[ 31%]   step 9973
[ 31%]   step 9974
[ 31%]   step 9975
[ 31%]   step 9976
[ 31%]   step 9977
[ 31%]   step 9978
[ 31%]   step 9979
[ 31%]   step 9980
[ 31%]   step 9981
[ 31%]   step 9982
+SWASH is processing output request    1
+SWASH is processing output request    2
[ 31%]   step 9983
[ 31%]   step 9984
[ 31%]   step 9985
[ 31%]   step 9986
[ 31%]   step 9987
[ 31%]   step 9988
[ 31%]   step 9989
[ 31%]   step 9990
[ 31%]   step 9991
[ 31%]   step 9992
[ 31%]   step 9993
[ 31%]   step 9994
[ 31%]   step 9995
[ 31%]   step 9996
[ 31%]   step 9997
[ 31%]   step 9998
[ 31%]   step 9999
[ 31%]   step 10000
[ 31%]   step 10001
[ 31%]   step 10002
[ 31%]   step 10003
[ 31%]   step 10004
[ 31%]   step 10005
[ 31%]   step 10006
[ 31%]   step 10007
[ 31%]   step 10008
[ 31%]   step 10009
[ 31%]   step 10010
[ 31%]   step 10011
[ 31%]   step 10012
[ 31%]   step 10013
[ 31%]   step 10014
[ 31%]   step 10015
[ 31%]   step 10016
[ 31%]   step 10017
[ 31%]   step 10018
[ 31%]   step 10019
[ 31%]   step 10020
[ 31%]   step 10021
[ 31%]   step 10022
[ 31%]   step 10023
+SWASH is processing output request    1
+SWASH is processing output request    2
[ 31%]   step 10024
[ 31%]   step 10025
[ 31%]   step 10026
[ 31%]   step 10027
[ 31%]   step 10028
[ 31%]   step 10029
[ 31%]   step 10030
[ 31%]   step 10031
[ 31%]   step 10032
[ 31%]   step 10033
[ 31%]   step 10034
[ 31%]   step 10035
[ 31%]   step 10036
[ 31%]   step 10037
[ 31%]   step 10038
[ 31%]   step 10039
[ 31%]   step 10040
[ 31%]   step 10041
[ 31%]   step 10042
[ 31%]   step 10043
[ 31%]   step 10044
[ 31%]   step 10045
[ 31%]   step 10046
[ 31%]   step 10047
[ 31%]   step 10048
[ 31%]   step 10049
[ 31%]   step 10050
[ 31%]   step 10051
[ 31%]   step 10052
[ 31%]   step 10053
[ 31%]   step 10054
[ 31%]   step 10055
[ 31%]   step 10056
[ 31%]   step 10057
[ 31%]   step 10058
[ 31%]   step 10059
[ 31%]   step 10060
[ 31%]   step 10061
[ 31%]   step 10062
[ 31%]   step 10063
[ 31%]   step 10064
+SWASH is processing output request    1
+SWASH is processing output request    2
[ 31%]   step 10065
[ 31%]   step 10066
[ 31%]   step 10067
[ 31%]   step 10068
[ 31%]   step 10069
[ 31%]   step 10070
[ 31%]   step 10071
[ 31%]   step 10072
[ 31%]   step 10073
[ 31%]   step 10074
[ 31%]   step 10075
[ 31%]   step 10076
[ 31%]   step 10077
[ 31%]   step 10078
[ 31%]   step 10079
[ 31%]   step 10080
[ 31%]   step 10081
[ 31%]   step 10082
[ 31%]   step 10083
[ 31%]   step 10084
[ 31%]   step 10085
[ 31%]   step 10086
[ 31%]   step 10087
[ 31%]   step 10088
[ 31%]   step 10089
[ 31%]   step 10090
[ 31%]   step 10091
[ 31%]   step 10092
[ 32%]   step 10093
[ 32%]   step 10094
[ 32%]   step 10095
[ 32%]   step 10096
[ 32%]   step 10097
[ 32%]   step 10098
[ 32%]   step 10099
[ 32%]   step 10100
[ 32%]   step 10101
[ 32%]   step 10102
[ 32%]   step 10103
[ 32%]   step 10104
[ 32%]   step 10105
[ 32%]   step 10106
+SWASH is processing output request    1
+SWASH is processing output request    2
[ 32%]   step 10107
[ 32%]   step 10108
[ 32%]   step 10109
[ 32%]   step 10110
[ 32%]   step 10111
[ 32%]   step 10112
[ 32%]   step 10113
[ 32%]   step 10114
[ 32%]   step 10115
[ 32%]   step 10116
[ 32%]   step 10117
[ 32%]   step 10118
[ 32%]   step 10119
[ 32%]   step 10120
[ 32%]   step 10121
[ 32%]   step 10122
[ 32%]   step 10123
[ 32%]   step 10124
[ 32%]   step 10125
[ 32%]   step 10126
[ 32%]   step 10127
[ 32%]   step 10128
[ 32%]   step 10129
[ 32%]   step 10130
[ 32%]   step 10131
[ 32%]   step 10132
[ 32%]   step 10133
[ 32%]   step 10134
[ 32%]   step 10135
[ 32%]   step 10136
[ 32%]   step 10137
[ 32%]   step 10138
[ 32%]   step 10139
[ 32%]   step 10140
[ 32%]   step 10141
[ 32%]   step 10142
[ 32%]   step 10143
[ 32%]   step 10144
[ 32%]   step 10145
[ 32%]   step 10146
[ 32%]   step 10147
+SWASH is processing output request    1
+SWASH is processing output request    2
[ 32%]   step 10148
[ 32%]   step 10149
[ 32%]   step 10150
[ 32%]   step 10151
[ 32%]   step 10152
[ 32%]   step 10153
[ 32%]   step 10154
[ 32%]   step 10155
[ 32%]   step 10156
[ 32%]   step 10157
[ 32%]   step 10158
[ 32%]   step 10159
[ 32%]   step 10160
[ 32%]   step 10161
[ 32%]   step 10162
[ 32%]   step 10163
[ 32%]   step 10164
[ 32%]   step 10165
[ 32%]   step 10166
[ 32%]   step 10167
[ 32%]   step 10168
[ 32%]   step 10169
[ 32%]   step 10170
[ 32%]   step 10171
[ 32%]   step 10172
[ 32%]   step 10173
[ 32%]   step 10174
[ 32%]   step 10175
[ 32%]   step 10176
[ 32%]   step 10177
[ 32%]   step 10178
[ 32%]   step 10179
[ 32%]   step 10180
[ 32%]   step 10181
[ 32%]   step 10182
[ 32%]   step 10183
[ 32%]   step 10184
[ 32%]   step 10185
[ 32%]   step 10186
[ 32%]   step 10187
[ 32%]   step 10188
+SWASH is processing output request    1
+SWASH is processing output request    2
[ 32%]   step 10189
[ 32%]   step 10190
[ 32%]   step 10191
[ 32%]   step 10192
[ 32%]   step 10193
[ 32%]   step 10194
[ 32%]   step 10195
[ 32%]   step 10196
[ 32%]   step 10197
[ 32%]   step 10198
[ 32%]   step 10199
[ 32%]   step 10200
[ 32%]   step 10201
[ 32%]   step 10202
[ 32%]   step 10203
[ 32%]   step 10204
[ 32%]   step 10205
[ 32%]   step 10206
[ 32%]   step 10207
[ 32%]   step 10208
[ 32%]   step 10209
[ 32%]   step 10210
[ 32%]   step 10211
[ 32%]   step 10212
[ 32%]   step 10213
[ 32%]   step 10214
[ 32%]   step 10215
[ 32%]   step 10216
[ 32%]   step 10217
[ 32%]   step 10218
[ 32%]   step 10219
[ 32%]   step 10220
[ 32%]   step 10221
[ 32%]   step 10222
[ 32%]   step 10223
[ 32%]   step 10224
[ 32%]   step 10225
[ 32%]   step 10226
[ 32%]   step 10227
[ 32%]   step 10228
[ 32%]   step 10229
+SWASH is processing output request    1
+SWASH is processing output request    2
[ 32%]   step 10230
[ 32%]   step 10231
[ 32%]   step 10232
[ 32%]   step 10233
[ 32%]   step 10234
[ 32%]   step 10235
[ 32%]   step 10236
[ 32%]   step 10237
[ 32%]   step 10238
[ 32%]   step 10239
[ 32%]   step 10240
[ 32%]   step 10241
[ 32%]   step 10242
[ 32%]   step 10243
[ 32%]   step 10244
[ 32%]   step 10245
[ 32%]   step 10246
[ 32%]   step 10247
[ 32%]   step 10248
[ 32%]   step 10249
[ 32%]   step 10250
[ 32%]   step 10251
[ 32%]   step 10252
[ 32%]   step 10253
[ 32%]   step 10254
[ 32%]   step 10255
[ 32%]   step 10256
[ 32%]   step 10257
[ 32%]   step 10258
[ 32%]   step 10259
[ 32%]   step 10260
[ 32%]   step 10261
[ 32%]   step 10262
[ 32%]   step 10263
[ 32%]   step 10264
[ 32%]   step 10265
[ 32%]   step 10266
[ 32%]   step 10267
[ 32%]   step 10268
[ 32%]   step 10269
[ 32%]   step 10270
+SWASH is processing output request    1
+SWASH is processing output request    2
[ 32%]   step 10271
[ 32%]   step 10272
[ 32%]   step 10273
[ 32%]   step 10274
[ 32%]   step 10275
[ 32%]   step 10276
[ 32%]   step 10277
[ 32%]   step 10278
[ 32%]   step 10279
[ 32%]   step 10280
[ 32%]   step 10281
[ 32%]   step 10282
[ 32%]   step 10283
[ 32%]   step 10284
[ 32%]   step 10285
[ 32%]   step 10286
[ 32%]   step 10287
[ 32%]   step 10288
[ 32%]   step 10289
[ 32%]   step 10290
[ 32%]   step 10291
[ 32%]   step 10292
[ 32%]   step 10293
[ 32%]   step 10294
[ 32%]   step 10295
[ 32%]   step 10296
[ 32%]   step 10297
[ 32%]   step 10298
[ 32%]   step 10299
[ 32%]   step 10300
[ 32%]   step 10301
[ 32%]   step 10302
[ 32%]   step 10303
[ 32%]   step 10304
[ 32%]   step 10305
[ 32%]   step 10306
[ 32%]   step 10307
[ 32%]   step 10308
[ 32%]   step 10309
[ 32%]   step 10310
[ 32%]   step 10311
+SWASH is processing output request    1
+SWASH is processing output request    2
[ 32%]   step 10312
[ 32%]   step 10313
[ 32%]   step 10314
[ 32%]   step 10315
[ 32%]   step 10316
[ 32%]   step 10317
[ 32%]   step 10318
[ 32%]   step 10319
[ 32%]   step 10320
[ 32%]   step 10321
[ 32%]   step 10322
[ 32%]   step 10323
[ 32%]   step 10324
[ 32%]   step 10325
[ 32%]   step 10326
[ 32%]   step 10327
[ 32%]   step 10328
[ 32%]   step 10329
[ 32%]   step 10330
[ 32%]   step 10331
[ 32%]   step 10332
[ 32%]   step 10333
[ 32%]   step 10334
[ 32%]   step 10335
[ 32%]   step 10336
[ 32%]   step 10337
[ 32%]   step 10338
[ 32%]   step 10339
[ 32%]   step 10340
[ 32%]   step 10341
[ 32%]   step 10342
[ 32%]   step 10343
[ 32%]   step 10344
[ 32%]   step 10345
[ 32%]   step 10346
[ 32%]   step 10347
[ 32%]   step 10348
[ 32%]   step 10349
[ 32%]   step 10350
[ 32%]   step 10351
[ 32%]   step 10352
+SWASH is processing output request    1
+SWASH is processing output request    2
[ 32%]   step 10353
[ 32%]   step 10354
[ 32%]   step 10355
[ 32%]   step 10356
[ 32%]   step 10357
[ 32%]   step 10358
[ 32%]   step 10359
[ 32%]   step 10360
[ 32%]   step 10361
[ 32%]   step 10362
[ 32%]   step 10363
[ 32%]   step 10364
[ 32%]   step 10365
[ 32%]   step 10366
[ 32%]   step 10367
[ 32%]   step 10368
[ 32%]   step 10369
[ 32%]   step 10370
[ 32%]   step 10371
[ 32%]   step 10372
[ 32%]   step 10373
[ 32%]   step 10374
[ 32%]   step 10375
[ 32%]   step 10376
[ 32%]   step 10377
[ 32%]   step 10378
[ 32%]   step 10379
[ 32%]   step 10380
[ 32%]   step 10381
[ 32%]   step 10382
[ 32%]   step 10383
[ 32%]   step 10384
[ 32%]   step 10385
[ 32%]   step 10386
[ 32%]   step 10387
[ 32%]   step 10388
[ 32%]   step 10389
[ 32%]   step 10390
[ 32%]   step 10391
[ 32%]   step 10392
[ 32%]   step 10393
+SWASH is processing output request    1
+SWASH is processing output request    2
[ 32%]   step 10394
[ 32%]   step 10395
[ 32%]   step 10396
[ 32%]   step 10397
[ 32%]   step 10398
[ 32%]   step 10399
[ 32%]   step 10400
[ 32%]   step 10401
[ 32%]   step 10402
[ 32%]   step 10403
[ 32%]   step 10404
[ 32%]   step 10405
[ 32%]   step 10406
[ 32%]   step 10407
[ 32%]   step 10408
[ 32%]   step 10409
[ 32%]   step 10410
[ 32%]   step 10411
[ 32%]   step 10412
[ 32%]   step 10413
[ 33%]   step 10414
[ 33%]   step 10415
[ 33%]   step 10416
[ 33%]   step 10417
[ 33%]   step 10418
[ 33%]   step 10419
[ 33%]   step 10420
[ 33%]   step 10421
[ 33%]   step 10422
[ 33%]   step 10423
[ 33%]   step 10424
[ 33%]   step 10425
[ 33%]   step 10426
[ 33%]   step 10427
[ 33%]   step 10428
[ 33%]   step 10429
[ 33%]   step 10430
[ 33%]   step 10431
[ 33%]   step 10432
[ 33%]   step 10433
[ 33%]   step 10434
+SWASH is processing output request    1
+SWASH is processing output request    2
[ 33%]   step 10435
[ 33%]   step 10436
[ 33%]   step 10437
[ 33%]   step 10438
[ 33%]   step 10439
[ 33%]   step 10440
[ 33%]   step 10441
[ 33%]   step 10442
[ 33%]   step 10443
[ 33%]   step 10444
[ 33%]   step 10445
[ 33%]   step 10446
[ 33%]   step 10447
[ 33%]   step 10448
[ 33%]   step 10449
[ 33%]   step 10450
[ 33%]   step 10451
[ 33%]   step 10452
[ 33%]   step 10453
[ 33%]   step 10454
[ 33%]   step 10455
[ 33%]   step 10456
[ 33%]   step 10457
[ 33%]   step 10458
[ 33%]   step 10459
[ 33%]   step 10460
[ 33%]   step 10461
[ 33%]   step 10462
[ 33%]   step 10463
[ 33%]   step 10464
[ 33%]   step 10465
[ 33%]   step 10466
[ 33%]   step 10467
[ 33%]   step 10468
[ 33%]   step 10469
[ 33%]   step 10470
[ 33%]   step 10471
[ 33%]   step 10472
[ 33%]   step 10473
[ 33%]   step 10474
[ 33%]   step 10475
+SWASH is processing output request    1
+SWASH is processing output request    2
[ 33%]   step 10476
[ 33%]   step 10477
[ 33%]   step 10478
[ 33%]   step 10479
[ 33%]   step 10480
[ 33%]   step 10481
[ 33%]   step 10482
[ 33%]   step 10483
[ 33%]   step 10484
[ 33%]   step 10485
[ 33%]   step 10486
[ 33%]   step 10487
[ 33%]   step 10488
[ 33%]   step 10489
[ 33%]   step 10490
[ 33%]   step 10491
[ 33%]   step 10492
[ 33%]   step 10493
[ 33%]   step 10494
[ 33%]   step 10495
[ 33%]   step 10496
[ 33%]   step 10497
[ 33%]   step 10498
[ 33%]   step 10499
[ 33%]   step 10500
[ 33%]   step 10501
[ 33%]   step 10502
[ 33%]   step 10503
[ 33%]   step 10504
[ 33%]   step 10505
[ 33%]   step 10506
[ 33%]   step 10507
[ 33%]   step 10508
[ 33%]   step 10509
[ 33%]   step 10510
[ 33%]   step 10511
[ 33%]   step 10512
[ 33%]   step 10513
[ 33%]   step 10514
[ 33%]   step 10515
[ 33%]   step 10516
+SWASH is processing output request    1
+SWASH is processing output request    2
[ 33%]   step 10517
[ 33%]   step 10518
[ 33%]   step 10519
[ 33%]   step 10520
[ 33%]   step 10521
[ 33%]   step 10522
[ 33%]   step 10523
[ 33%]   step 10524
[ 33%]   step 10525
[ 33%]   step 10526
[ 33%]   step 10527
[ 33%]   step 10528
[ 33%]   step 10529
[ 33%]   step 10530
[ 33%]   step 10531
[ 33%]   step 10532
[ 33%]   step 10533
[ 33%]   step 10534
[ 33%]   step 10535
[ 33%]   step 10536
[ 33%]   step 10537
[ 33%]   step 10538
[ 33%]   step 10539
[ 33%]   step 10540
[ 33%]   step 10541
[ 33%]   step 10542
[ 33%]   step 10543
[ 33%]   step 10544
[ 33%]   step 10545
[ 33%]   step 10546
[ 33%]   step 10547
[ 33%]   step 10548
[ 33%]   step 10549
[ 33%]   step 10550
[ 33%]   step 10551
[ 33%]   step 10552
[ 33%]   step 10553
[ 33%]   step 10554
[ 33%]   step 10555
[ 33%]   step 10556
[ 33%]   step 10557
+SWASH is processing output request    1
+SWASH is processing output request    2
[ 33%]   step 10558
[ 33%]   step 10559
[ 33%]   step 10560
[ 33%]   step 10561
[ 33%]   step 10562
[ 33%]   step 10563
[ 33%]   step 10564
[ 33%]   step 10565
[ 33%]   step 10566
[ 33%]   step 10567
[ 33%]   step 10568
[ 33%]   step 10569
[ 33%]   step 10570
[ 33%]   step 10571
[ 33%]   step 10572
[ 33%]   step 10573
[ 33%]   step 10574
[ 33%]   step 10575
[ 33%]   step 10576
[ 33%]   step 10577
[ 33%]   step 10578
[ 33%]   step 10579
[ 33%]   step 10580
[ 33%]   step 10581
[ 33%]   step 10582
[ 33%]   step 10583
[ 33%]   step 10584
[ 33%]   step 10585
[ 33%]   step 10586
[ 33%]   step 10587
[ 33%]   step 10588
[ 33%]   step 10589
[ 33%]   step 10590
[ 33%]   step 10591
[ 33%]   step 10592
[ 33%]   step 10593
[ 33%]   step 10594
[ 33%]   step 10595
[ 33%]   step 10596
[ 33%]   step 10597
[ 33%]   step 10598
+SWASH is processing output request    1
+SWASH is processing output request    2
[ 33%]   step 10599
[ 33%]   step 10600
[ 33%]   step 10601
[ 33%]   step 10602
[ 33%]   step 10603
[ 33%]   step 10604
[ 33%]   step 10605
[ 33%]   step 10606
[ 33%]   step 10607
[ 33%]   step 10608
[ 33%]   step 10609
[ 33%]   step 10610
[ 33%]   step 10611
[ 33%]   step 10612
[ 33%]   step 10613
[ 33%]   step 10614
[ 33%]   step 10615
[ 33%]   step 10616
[ 33%]   step 10617
[ 33%]   step 10618
[ 33%]   step 10619
[ 33%]   step 10620
[ 33%]   step 10621
[ 33%]   step 10622
[ 33%]   step 10623
[ 33%]   step 10624
[ 33%]   step 10625
[ 33%]   step 10626
[ 33%]   step 10627
[ 33%]   step 10628
[ 33%]   step 10629
[ 33%]   step 10630
[ 33%]   step 10631
[ 33%]   step 10632
[ 33%]   step 10633
[ 33%]   step 10634
[ 33%]   step 10635
[ 33%]   step 10636
[ 33%]   step 10637
[ 33%]   step 10638
[ 33%]   step 10639
[ 33%]   step 10640
+SWASH is processing output request    1
+SWASH is processing output request    2
[ 33%]   step 10641
[ 33%]   step 10642
[ 33%]   step 10643
[ 33%]   step 10644
[ 33%]   step 10645
[ 33%]   step 10646
[ 33%]   step 10647
[ 33%]   step 10648
[ 33%]   step 10649
[ 33%]   step 10650
[ 33%]   step 10651
[ 33%]   step 10652
[ 33%]   step 10653
[ 33%]   step 10654
[ 33%]   step 10655
[ 33%]   step 10656
[ 33%]   step 10657
[ 33%]   step 10658
[ 33%]   step 10659
[ 33%]   step 10660
[ 33%]   step 10661
[ 33%]   step 10662
[ 33%]   step 10663
[ 33%]   step 10664
[ 33%]   step 10665
[ 33%]   step 10666
[ 33%]   step 10667
[ 33%]   step 10668
[ 33%]   step 10669
[ 33%]   step 10670
[ 33%]   step 10671
[ 33%]   step 10672
[ 33%]   step 10673
[ 33%]   step 10674
[ 33%]   step 10675
[ 33%]   step 10676
[ 33%]   step 10677
[ 33%]   step 10678
[ 33%]   step 10679
[ 33%]   step 10680
[ 33%]   step 10681
+SWASH is processing output request    1
+SWASH is processing output request    2
[ 33%]   step 10682
[ 33%]   step 10683
[ 33%]   step 10684
[ 33%]   step 10685
[ 33%]   step 10686
[ 33%]   step 10687
[ 33%]   step 10688
[ 33%]   step 10689
[ 33%]   step 10690
[ 33%]   step 10691
[ 33%]   step 10692
[ 33%]   step 10693
[ 33%]   step 10694
[ 33%]   step 10695
[ 33%]   step 10696
[ 33%]   step 10697
[ 33%]   step 10698
[ 33%]   step 10699
[ 33%]   step 10700
[ 33%]   step 10701
[ 33%]   step 10702
[ 33%]   step 10703
[ 33%]   step 10704
[ 33%]   step 10705
[ 33%]   step 10706
[ 33%]   step 10707
[ 33%]   step 10708
[ 33%]   step 10709
[ 33%]   step 10710
[ 33%]   step 10711
[ 33%]   step 10712
[ 33%]   step 10713
[ 33%]   step 10714
[ 33%]   step 10715
[ 33%]   step 10716
[ 33%]   step 10717
[ 33%]   step 10718
[ 33%]   step 10719
[ 33%]   step 10720
[ 33%]   step 10721
[ 33%]   step 10722
+SWASH is processing output request    1
+SWASH is processing output request    2
[ 33%]   step 10723
[ 33%]   step 10724
[ 33%]   step 10725
[ 33%]   step 10726
[ 33%]   step 10727
[ 33%]   step 10728
[ 33%]   step 10729
[ 33%]   step 10730
[ 33%]   step 10731
[ 33%]   step 10732
[ 33%]   step 10733
[ 34%]   step 10734
[ 34%]   step 10735
[ 34%]   step 10736
[ 34%]   step 10737
[ 34%]   step 10738
[ 34%]   step 10739
[ 34%]   step 10740
[ 34%]   step 10741
[ 34%]   step 10742
[ 34%]   step 10743
[ 34%]   step 10744
[ 34%]   step 10745
[ 34%]   step 10746
[ 34%]   step 10747
[ 34%]   step 10748
[ 34%]   step 10749
[ 34%]   step 10750
[ 34%]   step 10751
[ 34%]   step 10752
[ 34%]   step 10753
[ 34%]   step 10754
[ 34%]   step 10755
[ 34%]   step 10756
[ 34%]   step 10757
[ 34%]   step 10758
[ 34%]   step 10759
[ 34%]   step 10760
[ 34%]   step 10761
[ 34%]   step 10762
[ 34%]   step 10763
+SWASH is processing output request    1
+SWASH is processing output request    2
[ 34%]   step 10764
[ 34%]   step 10765
[ 34%]   step 10766
[ 34%]   step 10767
[ 34%]   step 10768
[ 34%]   step 10769
[ 34%]   step 10770
[ 34%]   step 10771
[ 34%]   step 10772
[ 34%]   step 10773
[ 34%]   step 10774
[ 34%]   step 10775
[ 34%]   step 10776
[ 34%]   step 10777
[ 34%]   step 10778
[ 34%]   step 10779
[ 34%]   step 10780
[ 34%]   step 10781
[ 34%]   step 10782
[ 34%]   step 10783
[ 34%]   step 10784
[ 34%]   step 10785
[ 34%]   step 10786
[ 34%]   step 10787
[ 34%]   step 10788
[ 34%]   step 10789
[ 34%]   step 10790
[ 34%]   step 10791
[ 34%]   step 10792
[ 34%]   step 10793
[ 34%]   step 10794
[ 34%]   step 10795
[ 34%]   step 10796
[ 34%]   step 10797
[ 34%]   step 10798
[ 34%]   step 10799
[ 34%]   step 10800
[ 34%]   step 10801
[ 34%]   step 10802
[ 34%]   step 10803
[ 34%]   step 10804
+SWASH is processing output request    1
+SWASH is processing output request    2
[ 34%]   step 10805
[ 34%]   step 10806
[ 34%]   step 10807
[ 34%]   step 10808
[ 34%]   step 10809
[ 34%]   step 10810
[ 34%]   step 10811
[ 34%]   step 10812
[ 34%]   step 10813
[ 34%]   step 10814
[ 34%]   step 10815
[ 34%]   step 10816
[ 34%]   step 10817
[ 34%]   step 10818
[ 34%]   step 10819
[ 34%]   step 10820
[ 34%]   step 10821
[ 34%]   step 10822
[ 34%]   step 10823
[ 34%]   step 10824
[ 34%]   step 10825
[ 34%]   step 10826
[ 34%]   step 10827
[ 34%]   step 10828
[ 34%]   step 10829
[ 34%]   step 10830
[ 34%]   step 10831
[ 34%]   step 10832
[ 34%]   step 10833
[ 34%]   step 10834
[ 34%]   step 10835
[ 34%]   step 10836
[ 34%]   step 10837
[ 34%]   step 10838
[ 34%]   step 10839
[ 34%]   step 10840
[ 34%]   step 10841
[ 34%]   step 10842
[ 34%]   step 10843
[ 34%]   step 10844
[ 34%]   step 10845
+SWASH is processing output request    1
+SWASH is processing output request    2
[ 34%]   step 10846
[ 34%]   step 10847
[ 34%]   step 10848
[ 34%]   step 10849
[ 34%]   step 10850
[ 34%]   step 10851
[ 34%]   step 10852
[ 34%]   step 10853
[ 34%]   step 10854
[ 34%]   step 10855
[ 34%]   step 10856
[ 34%]   step 10857
[ 34%]   step 10858
[ 34%]   step 10859
[ 34%]   step 10860
[ 34%]   step 10861
[ 34%]   step 10862
[ 34%]   step 10863
[ 34%]   step 10864
[ 34%]   step 10865
[ 34%]   step 10866
[ 34%]   step 10867
[ 34%]   step 10868
[ 34%]   step 10869
[ 34%]   step 10870
[ 34%]   step 10871
[ 34%]   step 10872
[ 34%]   step 10873
[ 34%]   step 10874
[ 34%]   step 10875
[ 34%]   step 10876
[ 34%]   step 10877
[ 34%]   step 10878
[ 34%]   step 10879
[ 34%]   step 10880
[ 34%]   step 10881
[ 34%]   step 10882
[ 34%]   step 10883
[ 34%]   step 10884
[ 34%]   step 10885
[ 34%]   step 10886
+SWASH is processing output request    1
+SWASH is processing output request    2
[ 34%]   step 10887
[ 34%]   step 10888
[ 34%]   step 10889
[ 34%]   step 10890
[ 34%]   step 10891
[ 34%]   step 10892
[ 34%]   step 10893
[ 34%]   step 10894
[ 34%]   step 10895
[ 34%]   step 10896
[ 34%]   step 10897
[ 34%]   step 10898
[ 34%]   step 10899
[ 34%]   step 10900
[ 34%]   step 10901
[ 34%]   step 10902
[ 34%]   step 10903
[ 34%]   step 10904
[ 34%]   step 10905
[ 34%]   step 10906
[ 34%]   step 10907
[ 34%]   step 10908
[ 34%]   step 10909
[ 34%]   step 10910
[ 34%]   step 10911
[ 34%]   step 10912
[ 34%]   step 10913
[ 34%]   step 10914
[ 34%]   step 10915
[ 34%]   step 10916
[ 34%]   step 10917
[ 34%]   step 10918
[ 34%]   step 10919
[ 34%]   step 10920
[ 34%]   step 10921
[ 34%]   step 10922
[ 34%]   step 10923
[ 34%]   step 10924
[ 34%]   step 10925
[ 34%]   step 10926
[ 34%]   step 10927
+SWASH is processing output request    1
+SWASH is processing output request    2
[ 34%]   step 10928
[ 34%]   step 10929
[ 34%]   step 10930
[ 34%]   step 10931
[ 34%]   step 10932
[ 34%]   step 10933
[ 34%]   step 10934
[ 34%]   step 10935
[ 34%]   step 10936
[ 34%]   step 10937
[ 34%]   step 10938
[ 34%]   step 10939
[ 34%]   step 10940
[ 34%]   step 10941
[ 34%]   step 10942
[ 34%]   step 10943
[ 34%]   step 10944
[ 34%]   step 10945
[ 34%]   step 10946
[ 34%]   step 10947
[ 34%]   step 10948
[ 34%]   step 10949
[ 34%]   step 10950
[ 34%]   step 10951
[ 34%]   step 10952
[ 34%]   step 10953
[ 34%]   step 10954
[ 34%]   step 10955
[ 34%]   step 10956
[ 34%]   step 10957
[ 34%]   step 10958
[ 34%]   step 10959
[ 34%]   step 10960
[ 34%]   step 10961
[ 34%]   step 10962
[ 34%]   step 10963
[ 34%]   step 10964
[ 34%]   step 10965
[ 34%]   step 10966
[ 34%]   step 10967
[ 34%]   step 10968
+SWASH is processing output request    1
+SWASH is processing output request    2
[ 34%]   step 10969
[ 34%]   step 10970
[ 34%]   step 10971
[ 34%]   step 10972
[ 34%]   step 10973
[ 34%]   step 10974
[ 34%]   step 10975
[ 34%]   step 10976
[ 34%]   step 10977
[ 34%]   step 10978
[ 34%]   step 10979
[ 34%]   step 10980
[ 34%]   step 10981
[ 34%]   step 10982
[ 34%]   step 10983
[ 34%]   step 10984
[ 34%]   step 10985
[ 34%]   step 10986
[ 34%]   step 10987
[ 34%]   step 10988
[ 34%]   step 10989
[ 34%]   step 10990
[ 34%]   step 10991
[ 34%]   step 10992
[ 34%]   step 10993
[ 34%]   step 10994
[ 34%]   step 10995
[ 34%]   step 10996
[ 34%]   step 10997
[ 34%]   step 10998
[ 34%]   step 10999
[ 34%]   step 11000
[ 34%]   step 11001
[ 34%]   step 11002
[ 34%]   step 11003
[ 34%]   step 11004
[ 34%]   step 11005
[ 34%]   step 11006
[ 34%]   step 11007
[ 34%]   step 11008
[ 34%]   step 11009
+SWASH is processing output request    1
+SWASH is processing output request    2
[ 34%]   step 11010
[ 34%]   step 11011
[ 34%]   step 11012
[ 34%]   step 11013
[ 34%]   step 11014
[ 34%]   step 11015
[ 34%]   step 11016
[ 34%]   step 11017
[ 34%]   step 11018
[ 34%]   step 11019
[ 34%]   step 11020
[ 34%]   step 11021
[ 34%]   step 11022
[ 34%]   step 11023
[ 34%]   step 11024
[ 34%]   step 11025
[ 34%]   step 11026
[ 34%]   step 11027
[ 34%]   step 11028
[ 34%]   step 11029
[ 34%]   step 11030
[ 34%]   step 11031
[ 34%]   step 11032
[ 34%]   step 11033
[ 34%]   step 11034
[ 34%]   step 11035
[ 34%]   step 11036
[ 34%]   step 11037
[ 34%]   step 11038
[ 34%]   step 11039
[ 34%]   step 11040
[ 34%]   step 11041
[ 34%]   step 11042
[ 34%]   step 11043
[ 34%]   step 11044
[ 34%]   step 11045
[ 34%]   step 11046
[ 34%]   step 11047
[ 34%]   step 11048
[ 34%]   step 11049
[ 34%]   step 11050
+SWASH is processing output request    1
+SWASH is processing output request    2
[ 34%]   step 11051
[ 34%]   step 11052
[ 34%]   step 11053
[ 35%]   step 11054
[ 35%]   step 11055
[ 35%]   step 11056
[ 35%]   step 11057
[ 35%]   step 11058
[ 35%]   step 11059
[ 35%]   step 11060
[ 35%]   step 11061
[ 35%]   step 11062
[ 35%]   step 11063
[ 35%]   step 11064
[ 35%]   step 11065
[ 35%]   step 11066
[ 35%]   step 11067
[ 35%]   step 11068
[ 35%]   step 11069
[ 35%]   step 11070
[ 35%]   step 11071
[ 35%]   step 11072
[ 35%]   step 11073
[ 35%]   step 11074
[ 35%]   step 11075
[ 35%]   step 11076
[ 35%]   step 11077
[ 35%]   step 11078
[ 35%]   step 11079
[ 35%]   step 11080
[ 35%]   step 11081
[ 35%]   step 11082
[ 35%]   step 11083
[ 35%]   step 11084
[ 35%]   step 11085
[ 35%]   step 11086
[ 35%]   step 11087
[ 35%]   step 11088
[ 35%]   step 11089
[ 35%]   step 11090
[ 35%]   step 11091
+SWASH is processing output request    1
+SWASH is processing output request    2
[ 35%]   step 11092
[ 35%]   step 11093
[ 35%]   step 11094
[ 35%]   step 11095
[ 35%]   step 11096
[ 35%]   step 11097
[ 35%]   step 11098
[ 35%]   step 11099
[ 35%]   step 11100
[ 35%]   step 11101
[ 35%]   step 11102
[ 35%]   step 11103
[ 35%]   step 11104
[ 35%]   step 11105
[ 35%]   step 11106
[ 35%]   step 11107
[ 35%]   step 11108
[ 35%]   step 11109
[ 35%]   step 11110
[ 35%]   step 11111
[ 35%]   step 11112
[ 35%]   step 11113
[ 35%]   step 11114
[ 35%]   step 11115
[ 35%]   step 11116
[ 35%]   step 11117
[ 35%]   step 11118
[ 35%]   step 11119
[ 35%]   step 11120
[ 35%]   step 11121
[ 35%]   step 11122
[ 35%]   step 11123
[ 35%]   step 11124
[ 35%]   step 11125
[ 35%]   step 11126
[ 35%]   step 11127
[ 35%]   step 11128
[ 35%]   step 11129
[ 35%]   step 11130
[ 35%]   step 11131
[ 35%]   step 11132
+SWASH is processing output request    1
+SWASH is processing output request    2
[ 35%]   step 11133
[ 35%]   step 11134
[ 35%]   step 11135
[ 35%]   step 11136
[ 35%]   step 11137
[ 35%]   step 11138
[ 35%]   step 11139
[ 35%]   step 11140
[ 35%]   step 11141
[ 35%]   step 11142
[ 35%]   step 11143
[ 35%]   step 11144
[ 35%]   step 11145
[ 35%]   step 11146
[ 35%]   step 11147
[ 35%]   step 11148
[ 35%]   step 11149
[ 35%]   step 11150
[ 35%]   step 11151
[ 35%]   step 11152
[ 35%]   step 11153
[ 35%]   step 11154
[ 35%]   step 11155
[ 35%]   step 11156
[ 35%]   step 11157
[ 35%]   step 11158
[ 35%]   step 11159
[ 35%]   step 11160
[ 35%]   step 11161
[ 35%]   step 11162
[ 35%]   step 11163
[ 35%]   step 11164
[ 35%]   step 11165
[ 35%]   step 11166
[ 35%]   step 11167
[ 35%]   step 11168
[ 35%]   step 11169
[ 35%]   step 11170
[ 35%]   step 11171
[ 35%]   step 11172
[ 35%]   step 11173
[ 35%]   step 11174
+SWASH is processing output request    1
+SWASH is processing output request    2
[ 35%]   step 11175
[ 35%]   step 11176
[ 35%]   step 11177
[ 35%]   step 11178
[ 35%]   step 11179
[ 35%]   step 11180
[ 35%]   step 11181
[ 35%]   step 11182
[ 35%]   step 11183
[ 35%]   step 11184
[ 35%]   step 11185
[ 35%]   step 11186
[ 35%]   step 11187
[ 35%]   step 11188
[ 35%]   step 11189
[ 35%]   step 11190
[ 35%]   step 11191
[ 35%]   step 11192
[ 35%]   step 11193
[ 35%]   step 11194
[ 35%]   step 11195
[ 35%]   step 11196
[ 35%]   step 11197
[ 35%]   step 11198
[ 35%]   step 11199
[ 35%]   step 11200
[ 35%]   step 11201
[ 35%]   step 11202
[ 35%]   step 11203
[ 35%]   step 11204
[ 35%]   step 11205
[ 35%]   step 11206
[ 35%]   step 11207
[ 35%]   step 11208
[ 35%]   step 11209
[ 35%]   step 11210
[ 35%]   step 11211
[ 35%]   step 11212
[ 35%]   step 11213
[ 35%]   step 11214
[ 35%]   step 11215
+SWASH is processing output request    1
+SWASH is processing output request    2
[ 35%]   step 11216
[ 35%]   step 11217
[ 35%]   step 11218
[ 35%]   step 11219
[ 35%]   step 11220
[ 35%]   step 11221
[ 35%]   step 11222
[ 35%]   step 11223
[ 35%]   step 11224
[ 35%]   step 11225
[ 35%]   step 11226
[ 35%]   step 11227
[ 35%]   step 11228
[ 35%]   step 11229
[ 35%]   step 11230
[ 35%]   step 11231
[ 35%]   step 11232
[ 35%]   step 11233
[ 35%]   step 11234
[ 35%]   step 11235
[ 35%]   step 11236
[ 35%]   step 11237
[ 35%]   step 11238
[ 35%]   step 11239
[ 35%]   step 11240
[ 35%]   step 11241
[ 35%]   step 11242
[ 35%]   step 11243
[ 35%]   step 11244
[ 35%]   step 11245
[ 35%]   step 11246
[ 35%]   step 11247
[ 35%]   step 11248
[ 35%]   step 11249
[ 35%]   step 11250
[ 35%]   step 11251
[ 35%]   step 11252
[ 35%]   step 11253
[ 35%]   step 11254
[ 35%]   step 11255
[ 35%]   step 11256
+SWASH is processing output request    1
+SWASH is processing output request    2
[ 35%]   step 11257
[ 35%]   step 11258
[ 35%]   step 11259
[ 35%]   step 11260
[ 35%]   step 11261
[ 35%]   step 11262
[ 35%]   step 11263
[ 35%]   step 11264
[ 35%]   step 11265
[ 35%]   step 11266
[ 35%]   step 11267
[ 35%]   step 11268
[ 35%]   step 11269
[ 35%]   step 11270
[ 35%]   step 11271
[ 35%]   step 11272
[ 35%]   step 11273
[ 35%]   step 11274
[ 35%]   step 11275
[ 35%]   step 11276
[ 35%]   step 11277
[ 35%]   step 11278
[ 35%]   step 11279
[ 35%]   step 11280
[ 35%]   step 11281
[ 35%]   step 11282
[ 35%]   step 11283
[ 35%]   step 11284
[ 35%]   step 11285
[ 35%]   step 11286
[ 35%]   step 11287
[ 35%]   step 11288
[ 35%]   step 11289
[ 35%]   step 11290
[ 35%]   step 11291
[ 35%]   step 11292
[ 35%]   step 11293
[ 35%]   step 11294
[ 35%]   step 11295
[ 35%]   step 11296
[ 35%]   step 11297
+SWASH is processing output request    1
+SWASH is processing output request    2
[ 35%]   step 11298
[ 35%]   step 11299
[ 35%]   step 11300
[ 35%]   step 11301
[ 35%]   step 11302
[ 35%]   step 11303
[ 35%]   step 11304
[ 35%]   step 11305
[ 35%]   step 11306
[ 35%]   step 11307
[ 35%]   step 11308
[ 35%]   step 11309
[ 35%]   step 11310
[ 35%]   step 11311
[ 35%]   step 11312
[ 35%]   step 11313
[ 35%]   step 11314
[ 35%]   step 11315
[ 35%]   step 11316
[ 35%]   step 11317
[ 35%]   step 11318
[ 35%]   step 11319
[ 35%]   step 11320
[ 35%]   step 11321
[ 35%]   step 11322
[ 35%]   step 11323
[ 35%]   step 11324
[ 35%]   step 11325
[ 35%]   step 11326
[ 35%]   step 11327
[ 35%]   step 11328
[ 35%]   step 11329
[ 35%]   step 11330
[ 35%]   step 11331
[ 35%]   step 11332
[ 35%]   step 11333
[ 35%]   step 11334
[ 35%]   step 11335
[ 35%]   step 11336
[ 35%]   step 11337
[ 35%]   step 11338
+SWASH is processing output request    1
+SWASH is processing output request    2
[ 35%]   step 11339
[ 35%]   step 11340
[ 35%]   step 11341
[ 35%]   step 11342
[ 35%]   step 11343
[ 35%]   step 11344
[ 35%]   step 11345
[ 35%]   step 11346
[ 35%]   step 11347
[ 35%]   step 11348
[ 35%]   step 11349
[ 35%]   step 11350
[ 35%]   step 11351
[ 35%]   step 11352
[ 35%]   step 11353
[ 35%]   step 11354
[ 35%]   step 11355
[ 35%]   step 11356
[ 35%]   step 11357
[ 35%]   step 11358
[ 35%]   step 11359
[ 35%]   step 11360
[ 35%]   step 11361
[ 35%]   step 11362
[ 35%]   step 11363
[ 35%]   step 11364
[ 35%]   step 11365
[ 35%]   step 11366
[ 35%]   step 11367
[ 35%]   step 11368
[ 35%]   step 11369
[ 35%]   step 11370
[ 35%]   step 11371
[ 35%]   step 11372
[ 35%]   step 11373
[ 35%]   step 11374
[ 36%]   step 11375
[ 36%]   step 11376
[ 36%]   step 11377
[ 36%]   step 11378
[ 36%]   step 11379
+SWASH is processing output request    1
+SWASH is processing output request    2
[ 36%]   step 11380
[ 36%]   step 11381
[ 36%]   step 11382
[ 36%]   step 11383
[ 36%]   step 11384
[ 36%]   step 11385
[ 36%]   step 11386
[ 36%]   step 11387
[ 36%]   step 11388
[ 36%]   step 11389
[ 36%]   step 11390
[ 36%]   step 11391
[ 36%]   step 11392
[ 36%]   step 11393
[ 36%]   step 11394
[ 36%]   step 11395
[ 36%]   step 11396
[ 36%]   step 11397
[ 36%]   step 11398
[ 36%]   step 11399
[ 36%]   step 11400
[ 36%]   step 11401
[ 36%]   step 11402
[ 36%]   step 11403
[ 36%]   step 11404
[ 36%]   step 11405
[ 36%]   step 11406
[ 36%]   step 11407
[ 36%]   step 11408
[ 36%]   step 11409
[ 36%]   step 11410
[ 36%]   step 11411
[ 36%]   step 11412
[ 36%]   step 11413
[ 36%]   step 11414
[ 36%]   step 11415
[ 36%]   step 11416
[ 36%]   step 11417
[ 36%]   step 11418
[ 36%]   step 11419
[ 36%]   step 11420
+SWASH is processing output request    1
+SWASH is processing output request    2
[ 36%]   step 11421
[ 36%]   step 11422
[ 36%]   step 11423
[ 36%]   step 11424
[ 36%]   step 11425
[ 36%]   step 11426
[ 36%]   step 11427
[ 36%]   step 11428
[ 36%]   step 11429
[ 36%]   step 11430
[ 36%]   step 11431
[ 36%]   step 11432
[ 36%]   step 11433
[ 36%]   step 11434
[ 36%]   step 11435
[ 36%]   step 11436
[ 36%]   step 11437
[ 36%]   step 11438
[ 36%]   step 11439
[ 36%]   step 11440
[ 36%]   step 11441
[ 36%]   step 11442
[ 36%]   step 11443
[ 36%]   step 11444
[ 36%]   step 11445
[ 36%]   step 11446
[ 36%]   step 11447
[ 36%]   step 11448
[ 36%]   step 11449
[ 36%]   step 11450
[ 36%]   step 11451
[ 36%]   step 11452
[ 36%]   step 11453
[ 36%]   step 11454
[ 36%]   step 11455
[ 36%]   step 11456
[ 36%]   step 11457
[ 36%]   step 11458
[ 36%]   step 11459
[ 36%]   step 11460
[ 36%]   step 11461
+SWASH is processing output request    1
+SWASH is processing output request    2
[ 36%]   step 11462
[ 36%]   step 11463
[ 36%]   step 11464
[ 36%]   step 11465
[ 36%]   step 11466
[ 36%]   step 11467
[ 36%]   step 11468
[ 36%]   step 11469
[ 36%]   step 11470
[ 36%]   step 11471
[ 36%]   step 11472
[ 36%]   step 11473
[ 36%]   step 11474
[ 36%]   step 11475
[ 36%]   step 11476
[ 36%]   step 11477
[ 36%]   step 11478
[ 36%]   step 11479
[ 36%]   step 11480
[ 36%]   step 11481
[ 36%]   step 11482
[ 36%]   step 11483
[ 36%]   step 11484
[ 36%]   step 11485
[ 36%]   step 11486
[ 36%]   step 11487
[ 36%]   step 11488
[ 36%]   step 11489
[ 36%]   step 11490
[ 36%]   step 11491
[ 36%]   step 11492
[ 36%]   step 11493
[ 36%]   step 11494
[ 36%]   step 11495
[ 36%]   step 11496
[ 36%]   step 11497
[ 36%]   step 11498
[ 36%]   step 11499
[ 36%]   step 11500
[ 36%]   step 11501
[ 36%]   step 11502
+SWASH is processing output request    1
+SWASH is processing output request    2
[ 36%]   step 11503
[ 36%]   step 11504
[ 36%]   step 11505
[ 36%]   step 11506
[ 36%]   step 11507
[ 36%]   step 11508
[ 36%]   step 11509
[ 36%]   step 11510
[ 36%]   step 11511
[ 36%]   step 11512
[ 36%]   step 11513
[ 36%]   step 11514
[ 36%]   step 11515
[ 36%]   step 11516
[ 36%]   step 11517
[ 36%]   step 11518
[ 36%]   step 11519
[ 36%]   step 11520
[ 36%]   step 11521
[ 36%]   step 11522
[ 36%]   step 11523
[ 36%]   step 11524
[ 36%]   step 11525
[ 36%]   step 11526
[ 36%]   step 11527
[ 36%]   step 11528
[ 36%]   step 11529
[ 36%]   step 11530
[ 36%]   step 11531
[ 36%]   step 11532
[ 36%]   step 11533
[ 36%]   step 11534
[ 36%]   step 11535
[ 36%]   step 11536
[ 36%]   step 11537
[ 36%]   step 11538
[ 36%]   step 11539
[ 36%]   step 11540
[ 36%]   step 11541
[ 36%]   step 11542
[ 36%]   step 11543
+SWASH is processing output request    1
+SWASH is processing output request    2
[ 36%]   step 11544
[ 36%]   step 11545
[ 36%]   step 11546
[ 36%]   step 11547
[ 36%]   step 11548
[ 36%]   step 11549
[ 36%]   step 11550
[ 36%]   step 11551
[ 36%]   step 11552
[ 36%]   step 11553
[ 36%]   step 11554
[ 36%]   step 11555
[ 36%]   step 11556
[ 36%]   step 11557
[ 36%]   step 11558
[ 36%]   step 11559
[ 36%]   step 11560
[ 36%]   step 11561
[ 36%]   step 11562
[ 36%]   step 11563
[ 36%]   step 11564
[ 36%]   step 11565
[ 36%]   step 11566
[ 36%]   step 11567
[ 36%]   step 11568
[ 36%]   step 11569
[ 36%]   step 11570
[ 36%]   step 11571
[ 36%]   step 11572
[ 36%]   step 11573
[ 36%]   step 11574
[ 36%]   step 11575
[ 36%]   step 11576
[ 36%]   step 11577
[ 36%]   step 11578
[ 36%]   step 11579
[ 36%]   step 11580
[ 36%]   step 11581
[ 36%]   step 11582
[ 36%]   step 11583
[ 36%]   step 11584
+SWASH is processing output request    1
+SWASH is processing output request    2
[ 36%]   step 11585
[ 36%]   step 11586
[ 36%]   step 11587
[ 36%]   step 11588
[ 36%]   step 11589
[ 36%]   step 11590
[ 36%]   step 11591
[ 36%]   step 11592
[ 36%]   step 11593
[ 36%]   step 11594
[ 36%]   step 11595
[ 36%]   step 11596
[ 36%]   step 11597
[ 36%]   step 11598
[ 36%]   step 11599
[ 36%]   step 11600
[ 36%]   step 11601
[ 36%]   step 11602
[ 36%]   step 11603
[ 36%]   step 11604
[ 36%]   step 11605
[ 36%]   step 11606
[ 36%]   step 11607
[ 36%]   step 11608
[ 36%]   step 11609
[ 36%]   step 11610
[ 36%]   step 11611
[ 36%]   step 11612
[ 36%]   step 11613
[ 36%]   step 11614
[ 36%]   step 11615
[ 36%]   step 11616
[ 36%]   step 11617
[ 36%]   step 11618
[ 36%]   step 11619
[ 36%]   step 11620
[ 36%]   step 11621
[ 36%]   step 11622
[ 36%]   step 11623
[ 36%]   step 11624
[ 36%]   step 11625
+SWASH is processing output request    1
+SWASH is processing output request    2
[ 36%]   step 11626
[ 36%]   step 11627
[ 36%]   step 11628
[ 36%]   step 11629
[ 36%]   step 11630
[ 36%]   step 11631
[ 36%]   step 11632
[ 36%]   step 11633
[ 36%]   step 11634
[ 36%]   step 11635
[ 36%]   step 11636
[ 36%]   step 11637
[ 36%]   step 11638
[ 36%]   step 11639
[ 36%]   step 11640
[ 36%]   step 11641
[ 36%]   step 11642
[ 36%]   step 11643
[ 36%]   step 11644
[ 36%]   step 11645
[ 36%]   step 11646
[ 36%]   step 11647
[ 36%]   step 11648
[ 36%]   step 11649
[ 36%]   step 11650
[ 36%]   step 11651
[ 36%]   step 11652
[ 36%]   step 11653
[ 36%]   step 11654
[ 36%]   step 11655
[ 36%]   step 11656
[ 36%]   step 11657
[ 36%]   step 11658
[ 36%]   step 11659
[ 36%]   step 11660
[ 36%]   step 11661
[ 36%]   step 11662
[ 36%]   step 11663
[ 36%]   step 11664
[ 36%]   step 11665
[ 36%]   step 11666
+SWASH is processing output request    1
+SWASH is processing output request    2
[ 36%]   step 11667
[ 36%]   step 11668
[ 36%]   step 11669
[ 36%]   step 11670
[ 36%]   step 11671
[ 36%]   step 11672
[ 36%]   step 11673
[ 36%]   step 11674
[ 36%]   step 11675
[ 36%]   step 11676
[ 36%]   step 11677
[ 36%]   step 11678
[ 36%]   step 11679
[ 36%]   step 11680
[ 36%]   step 11681
[ 36%]   step 11682
[ 36%]   step 11683
[ 36%]   step 11684
[ 36%]   step 11685
[ 36%]   step 11686
[ 36%]   step 11687
[ 36%]   step 11688
[ 36%]   step 11689
[ 36%]   step 11690
[ 36%]   step 11691
[ 36%]   step 11692
[ 36%]   step 11693
[ 36%]   step 11694
[ 37%]   step 11695
[ 37%]   step 11696
[ 37%]   step 11697
[ 37%]   step 11698
[ 37%]   step 11699
[ 37%]   step 11700
[ 37%]   step 11701
[ 37%]   step 11702
[ 37%]   step 11703
[ 37%]   step 11704
[ 37%]   step 11705
[ 37%]   step 11706
[ 37%]   step 11707
[ 37%]   step 11708
+SWASH is processing output request    1
+SWASH is processing output request    2
[ 37%]   step 11709
[ 37%]   step 11710
[ 37%]   step 11711
[ 37%]   step 11712
[ 37%]   step 11713
[ 37%]   step 11714
[ 37%]   step 11715
[ 37%]   step 11716
[ 37%]   step 11717
[ 37%]   step 11718
[ 37%]   step 11719
[ 37%]   step 11720
[ 37%]   step 11721
[ 37%]   step 11722
[ 37%]   step 11723
[ 37%]   step 11724
[ 37%]   step 11725
[ 37%]   step 11726
[ 37%]   step 11727
[ 37%]   step 11728
[ 37%]   step 11729
[ 37%]   step 11730
[ 37%]   step 11731
[ 37%]   step 11732
[ 37%]   step 11733
[ 37%]   step 11734
[ 37%]   step 11735
[ 37%]   step 11736
[ 37%]   step 11737
[ 37%]   step 11738
[ 37%]   step 11739
[ 37%]   step 11740
[ 37%]   step 11741
[ 37%]   step 11742
[ 37%]   step 11743
[ 37%]   step 11744
[ 37%]   step 11745
[ 37%]   step 11746
[ 37%]   step 11747
[ 37%]   step 11748
[ 37%]   step 11749
+SWASH is processing output request    1
+SWASH is processing output request    2
[ 37%]   step 11750
[ 37%]   step 11751
[ 37%]   step 11752
[ 37%]   step 11753
[ 37%]   step 11754
[ 37%]   step 11755
[ 37%]   step 11756
[ 37%]   step 11757
[ 37%]   step 11758
[ 37%]   step 11759
[ 37%]   step 11760
[ 37%]   step 11761
[ 37%]   step 11762
[ 37%]   step 11763
[ 37%]   step 11764
[ 37%]   step 11765
[ 37%]   step 11766
[ 37%]   step 11767
[ 37%]   step 11768
[ 37%]   step 11769
[ 37%]   step 11770
[ 37%]   step 11771
[ 37%]   step 11772
[ 37%]   step 11773
[ 37%]   step 11774
[ 37%]   step 11775
[ 37%]   step 11776
[ 37%]   step 11777
[ 37%]   step 11778
[ 37%]   step 11779
[ 37%]   step 11780
[ 37%]   step 11781
[ 37%]   step 11782
[ 37%]   step 11783
[ 37%]   step 11784
[ 37%]   step 11785
[ 37%]   step 11786
[ 37%]   step 11787
[ 37%]   step 11788
[ 37%]   step 11789
[ 37%]   step 11790
+SWASH is processing output request    1
+SWASH is processing output request    2
[ 37%]   step 11791
[ 37%]   step 11792
[ 37%]   step 11793
[ 37%]   step 11794
[ 37%]   step 11795
[ 37%]   step 11796
[ 37%]   step 11797
[ 37%]   step 11798
[ 37%]   step 11799
[ 37%]   step 11800
[ 37%]   step 11801
[ 37%]   step 11802
[ 37%]   step 11803
[ 37%]   step 11804
[ 37%]   step 11805
[ 37%]   step 11806
[ 37%]   step 11807
[ 37%]   step 11808
[ 37%]   step 11809
[ 37%]   step 11810
[ 37%]   step 11811
[ 37%]   step 11812
[ 37%]   step 11813
[ 37%]   step 11814
[ 37%]   step 11815
[ 37%]   step 11816
[ 37%]   step 11817
[ 37%]   step 11818
[ 37%]   step 11819
[ 37%]   step 11820
[ 37%]   step 11821
[ 37%]   step 11822
[ 37%]   step 11823
[ 37%]   step 11824
[ 37%]   step 11825
[ 37%]   step 11826
[ 37%]   step 11827
[ 37%]   step 11828
[ 37%]   step 11829
[ 37%]   step 11830
[ 37%]   step 11831
+SWASH is processing output request    1
+SWASH is processing output request    2
[ 37%]   step 11832
[ 37%]   step 11833
[ 37%]   step 11834
[ 37%]   step 11835
[ 37%]   step 11836
[ 37%]   step 11837
[ 37%]   step 11838
[ 37%]   step 11839
[ 37%]   step 11840
[ 37%]   step 11841
[ 37%]   step 11842
[ 37%]   step 11843
[ 37%]   step 11844
[ 37%]   step 11845
[ 37%]   step 11846
[ 37%]   step 11847
[ 37%]   step 11848
[ 37%]   step 11849
[ 37%]   step 11850
[ 37%]   step 11851
[ 37%]   step 11852
[ 37%]   step 11853
[ 37%]   step 11854
[ 37%]   step 11855
[ 37%]   step 11856
[ 37%]   step 11857
[ 37%]   step 11858
[ 37%]   step 11859
[ 37%]   step 11860
[ 37%]   step 11861
[ 37%]   step 11862
[ 37%]   step 11863
[ 37%]   step 11864
[ 37%]   step 11865
[ 37%]   step 11866
[ 37%]   step 11867
[ 37%]   step 11868
[ 37%]   step 11869
[ 37%]   step 11870
[ 37%]   step 11871
[ 37%]   step 11872
+SWASH is processing output request    1
+SWASH is processing output request    2
[ 37%]   step 11873
[ 37%]   step 11874
[ 37%]   step 11875
[ 37%]   step 11876
[ 37%]   step 11877
[ 37%]   step 11878
[ 37%]   step 11879
[ 37%]   step 11880
[ 37%]   step 11881
[ 37%]   step 11882
[ 37%]   step 11883
[ 37%]   step 11884
[ 37%]   step 11885
[ 37%]   step 11886
[ 37%]   step 11887
[ 37%]   step 11888
[ 37%]   step 11889
[ 37%]   step 11890
[ 37%]   step 11891
[ 37%]   step 11892
[ 37%]   step 11893
[ 37%]   step 11894
[ 37%]   step 11895
[ 37%]   step 11896
[ 37%]   step 11897
[ 37%]   step 11898
[ 37%]   step 11899
[ 37%]   step 11900
[ 37%]   step 11901
[ 37%]   step 11902
[ 37%]   step 11903
[ 37%]   step 11904
[ 37%]   step 11905
[ 37%]   step 11906
[ 37%]   step 11907
[ 37%]   step 11908
[ 37%]   step 11909
[ 37%]   step 11910
[ 37%]   step 11911
[ 37%]   step 11912
[ 37%]   step 11913
+SWASH is processing output request    1
+SWASH is processing output request    2
[ 37%]   step 11914
[ 37%]   step 11915
[ 37%]   step 11916
[ 37%]   step 11917
[ 37%]   step 11918
[ 37%]   step 11919
[ 37%]   step 11920
[ 37%]   step 11921
[ 37%]   step 11922
[ 37%]   step 11923
[ 37%]   step 11924
[ 37%]   step 11925
[ 37%]   step 11926
[ 37%]   step 11927
[ 37%]   step 11928
[ 37%]   step 11929
[ 37%]   step 11930
[ 37%]   step 11931
[ 37%]   step 11932
[ 37%]   step 11933
[ 37%]   step 11934
[ 37%]   step 11935
[ 37%]   step 11936
[ 37%]   step 11937
[ 37%]   step 11938
[ 37%]   step 11939
[ 37%]   step 11940
[ 37%]   step 11941
[ 37%]   step 11942
[ 37%]   step 11943
[ 37%]   step 11944
[ 37%]   step 11945
[ 37%]   step 11946
[ 37%]   step 11947
[ 37%]   step 11948
[ 37%]   step 11949
[ 37%]   step 11950
[ 37%]   step 11951
[ 37%]   step 11952
[ 37%]   step 11953
[ 37%]   step 11954
+SWASH is processing output request    1
+SWASH is processing output request    2
[ 37%]   step 11955
[ 37%]   step 11956
[ 37%]   step 11957
[ 37%]   step 11958
[ 37%]   step 11959
[ 37%]   step 11960
[ 37%]   step 11961
[ 37%]   step 11962
[ 37%]   step 11963
[ 37%]   step 11964
[ 37%]   step 11965
[ 37%]   step 11966
[ 37%]   step 11967
[ 37%]   step 11968
[ 37%]   step 11969
[ 37%]   step 11970
[ 37%]   step 11971
[ 37%]   step 11972
[ 37%]   step 11973
[ 37%]   step 11974
[ 37%]   step 11975
[ 37%]   step 11976
[ 37%]   step 11977
[ 37%]   step 11978
[ 37%]   step 11979
[ 37%]   step 11980
[ 37%]   step 11981
[ 37%]   step 11982
[ 37%]   step 11983
[ 37%]   step 11984
[ 37%]   step 11985
[ 37%]   step 11986
[ 37%]   step 11987
[ 37%]   step 11988
[ 37%]   step 11989
[ 37%]   step 11990
[ 37%]   step 11991
[ 37%]   step 11992
[ 37%]   step 11993
[ 37%]   step 11994
[ 37%]   step 11995
+SWASH is processing output request    1
+SWASH is processing output request    2
[ 37%]   step 11996
[ 37%]   step 11997
[ 37%]   step 11998
[ 37%]   step 11999
[ 37%]   step 12000
[ 37%]   step 12001
[ 37%]   step 12002
[ 37%]   step 12003
[ 37%]   step 12004
[ 37%]   step 12005
[ 37%]   step 12006
[ 37%]   step 12007
[ 37%]   step 12008
[ 37%]   step 12009
[ 37%]   step 12010
[ 37%]   step 12011
[ 37%]   step 12012
[ 37%]   step 12013
[ 37%]   step 12014
[ 37%]   step 12015
[ 38%]   step 12016
[ 38%]   step 12017
[ 38%]   step 12018
[ 38%]   step 12019
[ 38%]   step 12020
[ 38%]   step 12021
[ 38%]   step 12022
[ 38%]   step 12023
[ 38%]   step 12024
[ 38%]   step 12025
[ 38%]   step 12026
[ 38%]   step 12027
[ 38%]   step 12028
[ 38%]   step 12029
[ 38%]   step 12030
[ 38%]   step 12031
[ 38%]   step 12032
[ 38%]   step 12033
[ 38%]   step 12034
[ 38%]   step 12035
[ 38%]   step 12036
+SWASH is processing output request    1
+SWASH is processing output request    2
[ 38%]   step 12037
[ 38%]   step 12038
[ 38%]   step 12039
[ 38%]   step 12040
[ 38%]   step 12041
[ 38%]   step 12042
[ 38%]   step 12043
[ 38%]   step 12044
[ 38%]   step 12045
[ 38%]   step 12046
[ 38%]   step 12047
[ 38%]   step 12048
[ 38%]   step 12049
[ 38%]   step 12050
[ 38%]   step 12051
[ 38%]   step 12052
[ 38%]   step 12053
[ 38%]   step 12054
[ 38%]   step 12055
[ 38%]   step 12056
[ 38%]   step 12057
[ 38%]   step 12058
[ 38%]   step 12059
[ 38%]   step 12060
[ 38%]   step 12061
[ 38%]   step 12062
[ 38%]   step 12063
[ 38%]   step 12064
[ 38%]   step 12065
[ 38%]   step 12066
[ 38%]   step 12067
[ 38%]   step 12068
[ 38%]   step 12069
[ 38%]   step 12070
[ 38%]   step 12071
[ 38%]   step 12072
[ 38%]   step 12073
[ 38%]   step 12074
[ 38%]   step 12075
[ 38%]   step 12076
[ 38%]   step 12077
+SWASH is processing output request    1
+SWASH is processing output request    2
[ 38%]   step 12078
[ 38%]   step 12079
[ 38%]   step 12080
[ 38%]   step 12081
[ 38%]   step 12082
[ 38%]   step 12083
[ 38%]   step 12084
[ 38%]   step 12085
[ 38%]   step 12086
[ 38%]   step 12087
[ 38%]   step 12088
[ 38%]   step 12089
[ 38%]   step 12090
[ 38%]   step 12091
[ 38%]   step 12092
[ 38%]   step 12093
[ 38%]   step 12094
[ 38%]   step 12095
[ 38%]   step 12096
[ 38%]   step 12097
[ 38%]   step 12098
[ 38%]   step 12099
[ 38%]   step 12100
[ 38%]   step 12101
[ 38%]   step 12102
[ 38%]   step 12103
[ 38%]   step 12104
[ 38%]   step 12105
[ 38%]   step 12106
[ 38%]   step 12107
[ 38%]   step 12108
[ 38%]   step 12109
[ 38%]   step 12110
[ 38%]   step 12111
[ 38%]   step 12112
[ 38%]   step 12113
[ 38%]   step 12114
[ 38%]   step 12115
[ 38%]   step 12116
[ 38%]   step 12117
[ 38%]   step 12118
+SWASH is processing output request    1
+SWASH is processing output request    2
[ 38%]   step 12119
[ 38%]   step 12120
[ 38%]   step 12121
[ 38%]   step 12122
[ 38%]   step 12123
[ 38%]   step 12124
[ 38%]   step 12125
[ 38%]   step 12126
[ 38%]   step 12127
[ 38%]   step 12128
[ 38%]   step 12129
[ 38%]   step 12130
[ 38%]   step 12131
[ 38%]   step 12132
[ 38%]   step 12133
[ 38%]   step 12134
[ 38%]   step 12135
[ 38%]   step 12136
[ 38%]   step 12137
[ 38%]   step 12138
[ 38%]   step 12139
[ 38%]   step 12140
[ 38%]   step 12141
[ 38%]   step 12142
[ 38%]   step 12143
[ 38%]   step 12144
[ 38%]   step 12145
[ 38%]   step 12146
[ 38%]   step 12147
[ 38%]   step 12148
[ 38%]   step 12149
[ 38%]   step 12150
[ 38%]   step 12151
[ 38%]   step 12152
[ 38%]   step 12153
[ 38%]   step 12154
[ 38%]   step 12155
[ 38%]   step 12156
[ 38%]   step 12157
[ 38%]   step 12158
[ 38%]   step 12159
+SWASH is processing output request    1
+SWASH is processing output request    2
[ 38%]   step 12160
[ 38%]   step 12161
[ 38%]   step 12162
[ 38%]   step 12163
[ 38%]   step 12164
[ 38%]   step 12165
[ 38%]   step 12166
[ 38%]   step 12167
[ 38%]   step 12168
[ 38%]   step 12169
[ 38%]   step 12170
[ 38%]   step 12171
[ 38%]   step 12172
[ 38%]   step 12173
[ 38%]   step 12174
[ 38%]   step 12175
[ 38%]   step 12176
[ 38%]   step 12177
[ 38%]   step 12178
[ 38%]   step 12179
[ 38%]   step 12180
[ 38%]   step 12181
[ 38%]   step 12182
[ 38%]   step 12183
[ 38%]   step 12184
[ 38%]   step 12185
[ 38%]   step 12186
[ 38%]   step 12187
[ 38%]   step 12188
[ 38%]   step 12189
[ 38%]   step 12190
[ 38%]   step 12191
[ 38%]   step 12192
[ 38%]   step 12193
[ 38%]   step 12194
[ 38%]   step 12195
[ 38%]   step 12196
[ 38%]   step 12197
[ 38%]   step 12198
[ 38%]   step 12199
[ 38%]   step 12200
+SWASH is processing output request    1
+SWASH is processing output request    2
[ 38%]   step 12201
[ 38%]   step 12202
[ 38%]   step 12203
[ 38%]   step 12204
[ 38%]   step 12205
[ 38%]   step 12206
[ 38%]   step 12207
[ 38%]   step 12208
[ 38%]   step 12209
[ 38%]   step 12210
[ 38%]   step 12211
[ 38%]   step 12212
[ 38%]   step 12213
[ 38%]   step 12214
[ 38%]   step 12215
[ 38%]   step 12216
[ 38%]   step 12217
[ 38%]   step 12218
[ 38%]   step 12219
[ 38%]   step 12220
[ 38%]   step 12221
[ 38%]   step 12222
[ 38%]   step 12223
[ 38%]   step 12224
[ 38%]   step 12225
[ 38%]   step 12226
[ 38%]   step 12227
[ 38%]   step 12228
[ 38%]   step 12229
[ 38%]   step 12230
[ 38%]   step 12231
[ 38%]   step 12232
[ 38%]   step 12233
[ 38%]   step 12234
[ 38%]   step 12235
[ 38%]   step 12236
[ 38%]   step 12237
[ 38%]   step 12238
[ 38%]   step 12239
[ 38%]   step 12240
[ 38%]   step 12241
[ 38%]   step 12242
+SWASH is processing output request    1
+SWASH is processing output request    2
[ 38%]   step 12243
[ 38%]   step 12244
[ 38%]   step 12245
[ 38%]   step 12246
[ 38%]   step 12247
[ 38%]   step 12248
[ 38%]   step 12249
[ 38%]   step 12250
[ 38%]   step 12251
[ 38%]   step 12252
[ 38%]   step 12253
[ 38%]   step 12254
[ 38%]   step 12255
[ 38%]   step 12256
[ 38%]   step 12257
[ 38%]   step 12258
[ 38%]   step 12259
[ 38%]   step 12260
[ 38%]   step 12261
[ 38%]   step 12262
[ 38%]   step 12263
[ 38%]   step 12264
[ 38%]   step 12265
[ 38%]   step 12266
[ 38%]   step 12267
[ 38%]   step 12268
[ 38%]   step 12269
[ 38%]   step 12270
[ 38%]   step 12271
[ 38%]   step 12272
[ 38%]   step 12273
[ 38%]   step 12274
[ 38%]   step 12275
[ 38%]   step 12276
[ 38%]   step 12277
[ 38%]   step 12278
[ 38%]   step 12279
[ 38%]   step 12280
[ 38%]   step 12281
[ 38%]   step 12282
[ 38%]   step 12283
+SWASH is processing output request    1
+SWASH is processing output request    2
[ 38%]   step 12284
[ 38%]   step 12285
[ 38%]   step 12286
[ 38%]   step 12287
[ 38%]   step 12288
[ 38%]   step 12289
[ 38%]   step 12290
[ 38%]   step 12291
[ 38%]   step 12292
[ 38%]   step 12293
[ 38%]   step 12294
[ 38%]   step 12295
[ 38%]   step 12296
[ 38%]   step 12297
[ 38%]   step 12298
[ 38%]   step 12299
[ 38%]   step 12300
[ 38%]   step 12301
[ 38%]   step 12302
[ 38%]   step 12303
[ 38%]   step 12304
[ 38%]   step 12305
[ 38%]   step 12306
[ 38%]   step 12307
[ 38%]   step 12308
[ 38%]   step 12309
[ 38%]   step 12310
[ 38%]   step 12311
[ 38%]   step 12312
[ 38%]   step 12313
[ 38%]   step 12314
[ 38%]   step 12315
[ 38%]   step 12316
[ 38%]   step 12317
[ 38%]   step 12318
[ 38%]   step 12319
[ 38%]   step 12320
[ 38%]   step 12321
[ 38%]   step 12322
[ 38%]   step 12323
[ 38%]   step 12324
+SWASH is processing output request    1
+SWASH is processing output request    2
[ 38%]   step 12325
[ 38%]   step 12326
[ 38%]   step 12327
[ 38%]   step 12328
[ 38%]   step 12329
[ 38%]   step 12330
[ 38%]   step 12331
[ 38%]   step 12332
[ 38%]   step 12333
[ 38%]   step 12334
[ 38%]   step 12335
[ 39%]   step 12336
[ 39%]   step 12337
[ 39%]   step 12338
[ 39%]   step 12339
[ 39%]   step 12340
[ 39%]   step 12341
[ 39%]   step 12342
[ 39%]   step 12343
[ 39%]   step 12344
[ 39%]   step 12345
[ 39%]   step 12346
[ 39%]   step 12347
[ 39%]   step 12348
[ 39%]   step 12349
[ 39%]   step 12350
[ 39%]   step 12351
[ 39%]   step 12352
[ 39%]   step 12353
[ 39%]   step 12354
[ 39%]   step 12355
[ 39%]   step 12356
[ 39%]   step 12357
[ 39%]   step 12358
[ 39%]   step 12359
[ 39%]   step 12360
[ 39%]   step 12361
[ 39%]   step 12362
[ 39%]   step 12363
[ 39%]   step 12364
[ 39%]   step 12365
+SWASH is processing output request    1
+SWASH is processing output request    2
[ 39%]   step 12366
[ 39%]   step 12367
[ 39%]   step 12368
[ 39%]   step 12369
[ 39%]   step 12370
[ 39%]   step 12371
[ 39%]   step 12372
[ 39%]   step 12373
[ 39%]   step 12374
[ 39%]   step 12375
[ 39%]   step 12376
[ 39%]   step 12377
[ 39%]   step 12378
[ 39%]   step 12379
[ 39%]   step 12380
[ 39%]   step 12381
[ 39%]   step 12382
[ 39%]   step 12383
[ 39%]   step 12384
[ 39%]   step 12385
[ 39%]   step 12386
[ 39%]   step 12387
[ 39%]   step 12388
[ 39%]   step 12389
[ 39%]   step 12390
[ 39%]   step 12391
[ 39%]   step 12392
[ 39%]   step 12393
[ 39%]   step 12394
[ 39%]   step 12395
[ 39%]   step 12396
[ 39%]   step 12397
[ 39%]   step 12398
[ 39%]   step 12399
[ 39%]   step 12400
[ 39%]   step 12401
[ 39%]   step 12402
[ 39%]   step 12403
[ 39%]   step 12404
[ 39%]   step 12405
[ 39%]   step 12406
+SWASH is processing output request    1
+SWASH is processing output request    2
[ 39%]   step 12407
[ 39%]   step 12408
[ 39%]   step 12409
[ 39%]   step 12410
[ 39%]   step 12411
[ 39%]   step 12412
[ 39%]   step 12413
[ 39%]   step 12414
[ 39%]   step 12415
[ 39%]   step 12416
[ 39%]   step 12417
[ 39%]   step 12418
[ 39%]   step 12419
[ 39%]   step 12420
[ 39%]   step 12421
[ 39%]   step 12422
[ 39%]   step 12423
[ 39%]   step 12424
[ 39%]   step 12425
[ 39%]   step 12426
[ 39%]   step 12427
[ 39%]   step 12428
[ 39%]   step 12429
[ 39%]   step 12430
[ 39%]   step 12431
[ 39%]   step 12432
[ 39%]   step 12433
[ 39%]   step 12434
[ 39%]   step 12435
[ 39%]   step 12436
[ 39%]   step 12437
[ 39%]   step 12438
[ 39%]   step 12439
[ 39%]   step 12440
[ 39%]   step 12441
[ 39%]   step 12442
[ 39%]   step 12443
[ 39%]   step 12444
[ 39%]   step 12445
[ 39%]   step 12446
[ 39%]   step 12447
+SWASH is processing output request    1
+SWASH is processing output request    2
[ 39%]   step 12448
[ 39%]   step 12449
[ 39%]   step 12450
[ 39%]   step 12451
[ 39%]   step 12452
[ 39%]   step 12453
[ 39%]   step 12454
[ 39%]   step 12455
[ 39%]   step 12456
[ 39%]   step 12457
[ 39%]   step 12458
[ 39%]   step 12459
[ 39%]   step 12460
[ 39%]   step 12461
[ 39%]   step 12462
[ 39%]   step 12463
[ 39%]   step 12464
[ 39%]   step 12465
[ 39%]   step 12466
[ 39%]   step 12467
[ 39%]   step 12468
[ 39%]   step 12469
[ 39%]   step 12470
[ 39%]   step 12471
[ 39%]   step 12472
[ 39%]   step 12473
[ 39%]   step 12474
[ 39%]   step 12475
[ 39%]   step 12476
[ 39%]   step 12477
[ 39%]   step 12478
[ 39%]   step 12479
[ 39%]   step 12480
[ 39%]   step 12481
[ 39%]   step 12482
[ 39%]   step 12483
[ 39%]   step 12484
[ 39%]   step 12485
[ 39%]   step 12486
[ 39%]   step 12487
[ 39%]   step 12488
+SWASH is processing output request    1
+SWASH is processing output request    2
[ 39%]   step 12489
[ 39%]   step 12490
[ 39%]   step 12491
[ 39%]   step 12492
[ 39%]   step 12493
[ 39%]   step 12494
[ 39%]   step 12495
[ 39%]   step 12496
[ 39%]   step 12497
[ 39%]   step 12498
[ 39%]   step 12499
[ 39%]   step 12500
[ 39%]   step 12501
[ 39%]   step 12502
[ 39%]   step 12503
[ 39%]   step 12504
[ 39%]   step 12505
[ 39%]   step 12506
[ 39%]   step 12507
[ 39%]   step 12508
[ 39%]   step 12509
[ 39%]   step 12510
[ 39%]   step 12511
[ 39%]   step 12512
[ 39%]   step 12513
[ 39%]   step 12514
[ 39%]   step 12515
[ 39%]   step 12516
[ 39%]   step 12517
[ 39%]   step 12518
[ 39%]   step 12519
[ 39%]   step 12520
[ 39%]   step 12521
[ 39%]   step 12522
[ 39%]   step 12523
[ 39%]   step 12524
[ 39%]   step 12525
[ 39%]   step 12526
[ 39%]   step 12527
[ 39%]   step 12528
[ 39%]   step 12529
+SWASH is processing output request    1
+SWASH is processing output request    2
[ 39%]   step 12530
[ 39%]   step 12531
[ 39%]   step 12532
[ 39%]   step 12533
[ 39%]   step 12534
[ 39%]   step 12535
[ 39%]   step 12536
[ 39%]   step 12537
[ 39%]   step 12538
[ 39%]   step 12539
[ 39%]   step 12540
[ 39%]   step 12541
[ 39%]   step 12542
[ 39%]   step 12543
[ 39%]   step 12544
[ 39%]   step 12545
[ 39%]   step 12546
[ 39%]   step 12547
[ 39%]   step 12548
[ 39%]   step 12549
[ 39%]   step 12550
[ 39%]   step 12551
[ 39%]   step 12552
[ 39%]   step 12553
[ 39%]   step 12554
[ 39%]   step 12555
[ 39%]   step 12556
[ 39%]   step 12557
[ 39%]   step 12558
[ 39%]   step 12559
[ 39%]   step 12560
[ 39%]   step 12561
[ 39%]   step 12562
[ 39%]   step 12563
[ 39%]   step 12564
[ 39%]   step 12565
[ 39%]   step 12566
[ 39%]   step 12567
[ 39%]   step 12568
[ 39%]   step 12569
[ 39%]   step 12570
+SWASH is processing output request    1
+SWASH is processing output request    2
[ 39%]   step 12571
[ 39%]   step 12572
[ 39%]   step 12573
[ 39%]   step 12574
[ 39%]   step 12575
[ 39%]   step 12576
[ 39%]   step 12577
[ 39%]   step 12578
[ 39%]   step 12579
[ 39%]   step 12580
[ 39%]   step 12581
[ 39%]   step 12582
[ 39%]   step 12583
[ 39%]   step 12584
[ 39%]   step 12585
[ 39%]   step 12586
[ 39%]   step 12587
[ 39%]   step 12588
[ 39%]   step 12589
[ 39%]   step 12590
[ 39%]   step 12591
[ 39%]   step 12592
[ 39%]   step 12593
[ 39%]   step 12594
[ 39%]   step 12595
[ 39%]   step 12596
[ 39%]   step 12597
[ 39%]   step 12598
[ 39%]   step 12599
[ 39%]   step 12600
[ 39%]   step 12601
[ 39%]   step 12602
[ 39%]   step 12603
[ 39%]   step 12604
[ 39%]   step 12605
[ 39%]   step 12606
[ 39%]   step 12607
[ 39%]   step 12608
[ 39%]   step 12609
[ 39%]   step 12610
[ 39%]   step 12611
+SWASH is processing output request    1
+SWASH is processing output request    2
[ 39%]   step 12612
[ 39%]   step 12613
[ 39%]   step 12614
[ 39%]   step 12615
[ 39%]   step 12616
[ 39%]   step 12617
[ 39%]   step 12618
[ 39%]   step 12619
[ 39%]   step 12620
[ 39%]   step 12621
[ 39%]   step 12622
[ 39%]   step 12623
[ 39%]   step 12624
[ 39%]   step 12625
[ 39%]   step 12626
[ 39%]   step 12627
[ 39%]   step 12628
[ 39%]   step 12629
[ 39%]   step 12630
[ 39%]   step 12631
[ 39%]   step 12632
[ 39%]   step 12633
[ 39%]   step 12634
[ 39%]   step 12635
[ 39%]   step 12636
[ 39%]   step 12637
[ 39%]   step 12638
[ 39%]   step 12639
[ 39%]   step 12640
[ 39%]   step 12641
[ 39%]   step 12642
[ 39%]   step 12643
[ 39%]   step 12644
[ 39%]   step 12645
[ 39%]   step 12646
[ 39%]   step 12647
[ 39%]   step 12648
[ 39%]   step 12649
[ 39%]   step 12650
[ 39%]   step 12651
[ 39%]   step 12652
+SWASH is processing output request    1
+SWASH is processing output request    2
[ 39%]   step 12653
[ 39%]   step 12654
[ 39%]   step 12655
[ 40%]   step 12656
[ 40%]   step 12657
[ 40%]   step 12658
[ 40%]   step 12659
[ 40%]   step 12660
[ 40%]   step 12661
[ 40%]   step 12662
[ 40%]   step 12663
[ 40%]   step 12664
[ 40%]   step 12665
[ 40%]   step 12666
[ 40%]   step 12667
[ 40%]   step 12668
[ 40%]   step 12669
[ 40%]   step 12670
[ 40%]   step 12671
[ 40%]   step 12672
[ 40%]   step 12673
[ 40%]   step 12674
[ 40%]   step 12675
[ 40%]   step 12676
[ 40%]   step 12677
[ 40%]   step 12678
[ 40%]   step 12679
[ 40%]   step 12680
[ 40%]   step 12681
[ 40%]   step 12682
[ 40%]   step 12683
[ 40%]   step 12684
[ 40%]   step 12685
[ 40%]   step 12686
[ 40%]   step 12687
[ 40%]   step 12688
[ 40%]   step 12689
[ 40%]   step 12690
[ 40%]   step 12691
[ 40%]   step 12692
[ 40%]   step 12693
+SWASH is processing output request    1
+SWASH is processing output request    2
[ 40%]   step 12694
[ 40%]   step 12695
[ 40%]   step 12696
[ 40%]   step 12697
[ 40%]   step 12698
[ 40%]   step 12699
[ 40%]   step 12700
[ 40%]   step 12701
[ 40%]   step 12702
[ 40%]   step 12703
[ 40%]   step 12704
[ 40%]   step 12705
[ 40%]   step 12706
[ 40%]   step 12707
[ 40%]   step 12708
[ 40%]   step 12709
[ 40%]   step 12710
[ 40%]   step 12711
[ 40%]   step 12712
[ 40%]   step 12713
[ 40%]   step 12714
[ 40%]   step 12715
[ 40%]   step 12716
[ 40%]   step 12717
[ 40%]   step 12718
[ 40%]   step 12719
[ 40%]   step 12720
[ 40%]   step 12721
[ 40%]   step 12722
[ 40%]   step 12723
[ 40%]   step 12724
[ 40%]   step 12725
[ 40%]   step 12726
[ 40%]   step 12727
[ 40%]   step 12728
[ 40%]   step 12729
[ 40%]   step 12730
[ 40%]   step 12731
[ 40%]   step 12732
[ 40%]   step 12733
[ 40%]   step 12734
+SWASH is processing output request    1
+SWASH is processing output request    2
[ 40%]   step 12735
[ 40%]   step 12736
[ 40%]   step 12737
[ 40%]   step 12738
[ 40%]   step 12739
[ 40%]   step 12740
[ 40%]   step 12741
[ 40%]   step 12742
[ 40%]   step 12743
[ 40%]   step 12744
[ 40%]   step 12745
[ 40%]   step 12746
[ 40%]   step 12747
[ 40%]   step 12748
[ 40%]   step 12749
[ 40%]   step 12750
[ 40%]   step 12751
[ 40%]   step 12752
[ 40%]   step 12753
[ 40%]   step 12754
[ 40%]   step 12755
[ 40%]   step 12756
[ 40%]   step 12757
[ 40%]   step 12758
[ 40%]   step 12759
[ 40%]   step 12760
[ 40%]   step 12761
[ 40%]   step 12762
[ 40%]   step 12763
[ 40%]   step 12764
[ 40%]   step 12765
[ 40%]   step 12766
[ 40%]   step 12767
[ 40%]   step 12768
[ 40%]   step 12769
[ 40%]   step 12770
[ 40%]   step 12771
[ 40%]   step 12772
[ 40%]   step 12773
[ 40%]   step 12774
[ 40%]   step 12775
[ 40%]   step 12776
+SWASH is processing output request    1
+SWASH is processing output request    2
[ 40%]   step 12777
[ 40%]   step 12778
[ 40%]   step 12779
[ 40%]   step 12780
[ 40%]   step 12781
[ 40%]   step 12782
[ 40%]   step 12783
[ 40%]   step 12784
[ 40%]   step 12785
[ 40%]   step 12786
[ 40%]   step 12787
[ 40%]   step 12788
[ 40%]   step 12789
[ 40%]   step 12790
[ 40%]   step 12791
[ 40%]   step 12792
[ 40%]   step 12793
[ 40%]   step 12794
[ 40%]   step 12795
[ 40%]   step 12796
[ 40%]   step 12797
[ 40%]   step 12798
[ 40%]   step 12799
[ 40%]   step 12800
[ 40%]   step 12801
[ 40%]   step 12802
[ 40%]   step 12803
[ 40%]   step 12804
[ 40%]   step 12805
[ 40%]   step 12806
[ 40%]   step 12807
[ 40%]   step 12808
[ 40%]   step 12809
[ 40%]   step 12810
[ 40%]   step 12811
[ 40%]   step 12812
[ 40%]   step 12813
[ 40%]   step 12814
[ 40%]   step 12815
[ 40%]   step 12816
[ 40%]   step 12817
+SWASH is processing output request    1
+SWASH is processing output request    2
[ 40%]   step 12818
[ 40%]   step 12819
[ 40%]   step 12820
[ 40%]   step 12821
[ 40%]   step 12822
[ 40%]   step 12823
[ 40%]   step 12824
[ 40%]   step 12825
[ 40%]   step 12826
[ 40%]   step 12827
[ 40%]   step 12828
[ 40%]   step 12829
[ 40%]   step 12830
[ 40%]   step 12831
[ 40%]   step 12832
[ 40%]   step 12833
[ 40%]   step 12834
[ 40%]   step 12835
[ 40%]   step 12836
[ 40%]   step 12837
[ 40%]   step 12838
[ 40%]   step 12839
[ 40%]   step 12840
[ 40%]   step 12841
[ 40%]   step 12842
[ 40%]   step 12843
[ 40%]   step 12844
[ 40%]   step 12845
[ 40%]   step 12846
[ 40%]   step 12847
[ 40%]   step 12848
[ 40%]   step 12849
[ 40%]   step 12850
[ 40%]   step 12851
[ 40%]   step 12852
[ 40%]   step 12853
[ 40%]   step 12854
[ 40%]   step 12855
[ 40%]   step 12856
[ 40%]   step 12857
[ 40%]   step 12858
+SWASH is processing output request    1
+SWASH is processing output request    2
[ 40%]   step 12859
[ 40%]   step 12860
[ 40%]   step 12861
[ 40%]   step 12862
[ 40%]   step 12863
[ 40%]   step 12864
[ 40%]   step 12865
[ 40%]   step 12866
[ 40%]   step 12867
[ 40%]   step 12868
[ 40%]   step 12869
[ 40%]   step 12870
[ 40%]   step 12871
[ 40%]   step 12872
[ 40%]   step 12873
[ 40%]   step 12874
[ 40%]   step 12875
[ 40%]   step 12876
[ 40%]   step 12877
[ 40%]   step 12878
[ 40%]   step 12879
[ 40%]   step 12880
[ 40%]   step 12881
[ 40%]   step 12882
[ 40%]   step 12883
[ 40%]   step 12884
[ 40%]   step 12885
[ 40%]   step 12886
[ 40%]   step 12887
[ 40%]   step 12888
[ 40%]   step 12889
[ 40%]   step 12890
[ 40%]   step 12891
[ 40%]   step 12892
[ 40%]   step 12893
[ 40%]   step 12894
[ 40%]   step 12895
[ 40%]   step 12896
[ 40%]   step 12897
[ 40%]   step 12898
[ 40%]   step 12899
+SWASH is processing output request    1
+SWASH is processing output request    2
[ 40%]   step 12900
[ 40%]   step 12901
[ 40%]   step 12902
[ 40%]   step 12903
[ 40%]   step 12904
[ 40%]   step 12905
[ 40%]   step 12906
[ 40%]   step 12907
[ 40%]   step 12908
[ 40%]   step 12909
[ 40%]   step 12910
[ 40%]   step 12911
[ 40%]   step 12912
[ 40%]   step 12913
[ 40%]   step 12914
[ 40%]   step 12915
[ 40%]   step 12916
[ 40%]   step 12917
[ 40%]   step 12918
[ 40%]   step 12919
[ 40%]   step 12920
[ 40%]   step 12921
[ 40%]   step 12922
[ 40%]   step 12923
[ 40%]   step 12924
[ 40%]   step 12925
[ 40%]   step 12926
[ 40%]   step 12927
[ 40%]   step 12928
[ 40%]   step 12929
[ 40%]   step 12930
[ 40%]   step 12931
[ 40%]   step 12932
[ 40%]   step 12933
[ 40%]   step 12934
[ 40%]   step 12935
[ 40%]   step 12936
[ 40%]   step 12937
[ 40%]   step 12938
[ 40%]   step 12939
[ 40%]   step 12940
+SWASH is processing output request    1
+SWASH is processing output request    2
[ 40%]   step 12941
[ 40%]   step 12942
[ 40%]   step 12943
[ 40%]   step 12944
[ 40%]   step 12945
[ 40%]   step 12946
[ 40%]   step 12947
[ 40%]   step 12948
[ 40%]   step 12949
[ 40%]   step 12950
[ 40%]   step 12951
[ 40%]   step 12952
[ 40%]   step 12953
[ 40%]   step 12954
[ 40%]   step 12955
[ 40%]   step 12956
[ 40%]   step 12957
[ 40%]   step 12958
[ 40%]   step 12959
[ 40%]   step 12960
[ 40%]   step 12961
[ 40%]   step 12962
[ 40%]   step 12963
[ 40%]   step 12964
[ 40%]   step 12965
[ 40%]   step 12966
[ 40%]   step 12967
[ 40%]   step 12968
[ 40%]   step 12969
[ 40%]   step 12970
[ 40%]   step 12971
[ 40%]   step 12972
[ 40%]   step 12973
[ 40%]   step 12974
[ 40%]   step 12975
[ 40%]   step 12976
[ 41%]   step 12977
[ 41%]   step 12978
[ 41%]   step 12979
[ 41%]   step 12980
[ 41%]   step 12981
+SWASH is processing output request    1
+SWASH is processing output request    2
[ 41%]   step 12982
[ 41%]   step 12983
[ 41%]   step 12984
[ 41%]   step 12985
[ 41%]   step 12986
[ 41%]   step 12987
[ 41%]   step 12988
[ 41%]   step 12989
[ 41%]   step 12990
[ 41%]   step 12991
[ 41%]   step 12992
[ 41%]   step 12993
[ 41%]   step 12994
[ 41%]   step 12995
[ 41%]   step 12996
[ 41%]   step 12997
[ 41%]   step 12998
[ 41%]   step 12999
[ 41%]   step 13000
[ 41%]   step 13001
[ 41%]   step 13002
[ 41%]   step 13003
[ 41%]   step 13004
[ 41%]   step 13005
[ 41%]   step 13006
[ 41%]   step 13007
[ 41%]   step 13008
[ 41%]   step 13009
[ 41%]   step 13010
[ 41%]   step 13011
[ 41%]   step 13012
[ 41%]   step 13013
[ 41%]   step 13014
[ 41%]   step 13015
[ 41%]   step 13016
[ 41%]   step 13017
[ 41%]   step 13018
[ 41%]   step 13019
[ 41%]   step 13020
[ 41%]   step 13021
[ 41%]   step 13022
+SWASH is processing output request    1
+SWASH is processing output request    2
[ 41%]   step 13023
[ 41%]   step 13024
[ 41%]   step 13025
[ 41%]   step 13026
[ 41%]   step 13027
[ 41%]   step 13028
[ 41%]   step 13029
[ 41%]   step 13030
[ 41%]   step 13031
[ 41%]   step 13032
[ 41%]   step 13033
[ 41%]   step 13034
[ 41%]   step 13035
[ 41%]   step 13036
[ 41%]   step 13037
[ 41%]   step 13038
[ 41%]   step 13039
[ 41%]   step 13040
[ 41%]   step 13041
[ 41%]   step 13042
[ 41%]   step 13043
[ 41%]   step 13044
[ 41%]   step 13045
[ 41%]   step 13046
[ 41%]   step 13047
[ 41%]   step 13048
[ 41%]   step 13049
[ 41%]   step 13050
[ 41%]   step 13051
[ 41%]   step 13052
[ 41%]   step 13053
[ 41%]   step 13054
[ 41%]   step 13055
[ 41%]   step 13056
[ 41%]   step 13057
[ 41%]   step 13058
[ 41%]   step 13059
[ 41%]   step 13060
[ 41%]   step 13061
[ 41%]   step 13062
[ 41%]   step 13063
+SWASH is processing output request    1
+SWASH is processing output request    2
[ 41%]   step 13064
[ 41%]   step 13065
[ 41%]   step 13066
[ 41%]   step 13067
[ 41%]   step 13068
[ 41%]   step 13069
[ 41%]   step 13070
[ 41%]   step 13071
[ 41%]   step 13072
[ 41%]   step 13073
[ 41%]   step 13074
[ 41%]   step 13075
[ 41%]   step 13076
[ 41%]   step 13077
[ 41%]   step 13078
[ 41%]   step 13079
[ 41%]   step 13080
[ 41%]   step 13081
[ 41%]   step 13082
[ 41%]   step 13083
[ 41%]   step 13084
[ 41%]   step 13085
[ 41%]   step 13086
[ 41%]   step 13087
[ 41%]   step 13088
[ 41%]   step 13089
[ 41%]   step 13090
[ 41%]   step 13091
[ 41%]   step 13092
[ 41%]   step 13093
[ 41%]   step 13094
[ 41%]   step 13095
[ 41%]   step 13096
[ 41%]   step 13097
[ 41%]   step 13098
[ 41%]   step 13099
[ 41%]   step 13100
[ 41%]   step 13101
[ 41%]   step 13102
[ 41%]   step 13103
[ 41%]   step 13104
+SWASH is processing output request    1
+SWASH is processing output request    2
[ 41%]   step 13105
[ 41%]   step 13106
[ 41%]   step 13107
[ 41%]   step 13108
[ 41%]   step 13109
[ 41%]   step 13110
[ 41%]   step 13111
[ 41%]   step 13112
[ 41%]   step 13113
[ 41%]   step 13114
[ 41%]   step 13115
[ 41%]   step 13116
[ 41%]   step 13117
[ 41%]   step 13118
[ 41%]   step 13119
[ 41%]   step 13120
[ 41%]   step 13121
[ 41%]   step 13122
[ 41%]   step 13123
[ 41%]   step 13124
[ 41%]   step 13125
[ 41%]   step 13126
[ 41%]   step 13127
[ 41%]   step 13128
[ 41%]   step 13129
[ 41%]   step 13130
[ 41%]   step 13131
[ 41%]   step 13132
[ 41%]   step 13133
[ 41%]   step 13134
[ 41%]   step 13135
[ 41%]   step 13136
[ 41%]   step 13137
[ 41%]   step 13138
[ 41%]   step 13139
[ 41%]   step 13140
[ 41%]   step 13141
[ 41%]   step 13142
[ 41%]   step 13143
[ 41%]   step 13144
[ 41%]   step 13145
+SWASH is processing output request    1
+SWASH is processing output request    2
[ 41%]   step 13146
[ 41%]   step 13147
[ 41%]   step 13148
[ 41%]   step 13149
[ 41%]   step 13150
[ 41%]   step 13151
[ 41%]   step 13152
[ 41%]   step 13153
[ 41%]   step 13154
[ 41%]   step 13155
[ 41%]   step 13156
[ 41%]   step 13157
[ 41%]   step 13158
[ 41%]   step 13159
[ 41%]   step 13160
[ 41%]   step 13161
[ 41%]   step 13162
[ 41%]   step 13163
[ 41%]   step 13164
[ 41%]   step 13165
[ 41%]   step 13166
[ 41%]   step 13167
[ 41%]   step 13168
[ 41%]   step 13169
[ 41%]   step 13170
[ 41%]   step 13171
[ 41%]   step 13172
[ 41%]   step 13173
[ 41%]   step 13174
[ 41%]   step 13175
[ 41%]   step 13176
[ 41%]   step 13177
[ 41%]   step 13178
[ 41%]   step 13179
[ 41%]   step 13180
[ 41%]   step 13181
[ 41%]   step 13182
[ 41%]   step 13183
[ 41%]   step 13184
[ 41%]   step 13185
[ 41%]   step 13186
+SWASH is processing output request    1
+SWASH is processing output request    2
[ 41%]   step 13187
[ 41%]   step 13188
[ 41%]   step 13189
[ 41%]   step 13190
[ 41%]   step 13191
[ 41%]   step 13192
[ 41%]   step 13193
[ 41%]   step 13194
[ 41%]   step 13195
[ 41%]   step 13196
[ 41%]   step 13197
[ 41%]   step 13198
[ 41%]   step 13199
[ 41%]   step 13200
[ 41%]   step 13201
[ 41%]   step 13202
[ 41%]   step 13203
[ 41%]   step 13204
[ 41%]   step 13205
[ 41%]   step 13206
[ 41%]   step 13207
[ 41%]   step 13208
[ 41%]   step 13209
[ 41%]   step 13210
[ 41%]   step 13211
[ 41%]   step 13212
[ 41%]   step 13213
[ 41%]   step 13214
[ 41%]   step 13215
[ 41%]   step 13216
[ 41%]   step 13217
[ 41%]   step 13218
[ 41%]   step 13219
[ 41%]   step 13220
[ 41%]   step 13221
[ 41%]   step 13222
[ 41%]   step 13223
[ 41%]   step 13224
[ 41%]   step 13225
[ 41%]   step 13226
[ 41%]   step 13227
+SWASH is processing output request    1
+SWASH is processing output request    2
[ 41%]   step 13228
[ 41%]   step 13229
[ 41%]   step 13230
[ 41%]   step 13231
[ 41%]   step 13232
[ 41%]   step 13233
[ 41%]   step 13234
[ 41%]   step 13235
[ 41%]   step 13236
[ 41%]   step 13237
[ 41%]   step 13238
[ 41%]   step 13239
[ 41%]   step 13240
[ 41%]   step 13241
[ 41%]   step 13242
[ 41%]   step 13243
[ 41%]   step 13244
[ 41%]   step 13245
[ 41%]   step 13246
[ 41%]   step 13247
[ 41%]   step 13248
[ 41%]   step 13249
[ 41%]   step 13250
[ 41%]   step 13251
[ 41%]   step 13252
[ 41%]   step 13253
[ 41%]   step 13254
[ 41%]   step 13255
[ 41%]   step 13256
[ 41%]   step 13257
[ 41%]   step 13258
[ 41%]   step 13259
[ 41%]   step 13260
[ 41%]   step 13261
[ 41%]   step 13262
[ 41%]   step 13263
[ 41%]   step 13264
[ 41%]   step 13265
[ 41%]   step 13266
[ 41%]   step 13267
[ 41%]   step 13268
+SWASH is processing output request    1
+SWASH is processing output request    2
[ 41%]   step 13269
[ 41%]   step 13270
[ 41%]   step 13271
[ 41%]   step 13272
[ 41%]   step 13273
[ 41%]   step 13274
[ 41%]   step 13275
[ 41%]   step 13276
[ 41%]   step 13277
[ 41%]   step 13278
[ 41%]   step 13279
[ 41%]   step 13280
[ 41%]   step 13281
[ 41%]   step 13282
[ 41%]   step 13283
[ 41%]   step 13284
[ 41%]   step 13285
[ 41%]   step 13286
[ 41%]   step 13287
[ 41%]   step 13288
[ 41%]   step 13289
[ 41%]   step 13290
[ 41%]   step 13291
[ 41%]   step 13292
[ 41%]   step 13293
[ 41%]   step 13294
[ 41%]   step 13295
[ 41%]   step 13296
[ 42%]   step 13297
[ 42%]   step 13298
[ 42%]   step 13299
[ 42%]   step 13300
[ 42%]   step 13301
[ 42%]   step 13302
[ 42%]   step 13303
[ 42%]   step 13304
[ 42%]   step 13305
[ 42%]   step 13306
[ 42%]   step 13307
[ 42%]   step 13308
[ 42%]   step 13309
[ 42%]   step 13310
+SWASH is processing output request    1
+SWASH is processing output request    2
[ 42%]   step 13311
[ 42%]   step 13312
[ 42%]   step 13313
[ 42%]   step 13314
[ 42%]   step 13315
[ 42%]   step 13316
[ 42%]   step 13317
[ 42%]   step 13318
[ 42%]   step 13319
[ 42%]   step 13320
[ 42%]   step 13321
[ 42%]   step 13322
[ 42%]   step 13323
[ 42%]   step 13324
[ 42%]   step 13325
[ 42%]   step 13326
[ 42%]   step 13327
[ 42%]   step 13328
[ 42%]   step 13329
[ 42%]   step 13330
[ 42%]   step 13331
[ 42%]   step 13332
[ 42%]   step 13333
[ 42%]   step 13334
[ 42%]   step 13335
[ 42%]   step 13336
[ 42%]   step 13337
[ 42%]   step 13338
[ 42%]   step 13339
[ 42%]   step 13340
[ 42%]   step 13341
[ 42%]   step 13342
[ 42%]   step 13343
[ 42%]   step 13344
[ 42%]   step 13345
[ 42%]   step 13346
[ 42%]   step 13347
[ 42%]   step 13348
[ 42%]   step 13349
[ 42%]   step 13350
[ 42%]   step 13351
+SWASH is processing output request    1
+SWASH is processing output request    2
[ 42%]   step 13352
[ 42%]   step 13353
[ 42%]   step 13354
[ 42%]   step 13355
[ 42%]   step 13356
[ 42%]   step 13357
[ 42%]   step 13358
[ 42%]   step 13359
[ 42%]   step 13360
[ 42%]   step 13361
[ 42%]   step 13362
[ 42%]   step 13363
[ 42%]   step 13364
[ 42%]   step 13365
[ 42%]   step 13366
[ 42%]   step 13367
[ 42%]   step 13368
[ 42%]   step 13369
[ 42%]   step 13370
[ 42%]   step 13371
[ 42%]   step 13372
[ 42%]   step 13373
[ 42%]   step 13374
[ 42%]   step 13375
[ 42%]   step 13376
[ 42%]   step 13377
[ 42%]   step 13378
[ 42%]   step 13379
[ 42%]   step 13380
[ 42%]   step 13381
[ 42%]   step 13382
[ 42%]   step 13383
[ 42%]   step 13384
[ 42%]   step 13385
[ 42%]   step 13386
[ 42%]   step 13387
[ 42%]   step 13388
[ 42%]   step 13389
[ 42%]   step 13390
[ 42%]   step 13391
[ 42%]   step 13392
+SWASH is processing output request    1
+SWASH is processing output request    2
[ 42%]   step 13393
[ 42%]   step 13394
[ 42%]   step 13395
[ 42%]   step 13396
[ 42%]   step 13397
[ 42%]   step 13398
[ 42%]   step 13399
[ 42%]   step 13400
[ 42%]   step 13401
[ 42%]   step 13402
[ 42%]   step 13403
[ 42%]   step 13404
[ 42%]   step 13405
[ 42%]   step 13406
[ 42%]   step 13407
[ 42%]   step 13408
[ 42%]   step 13409
[ 42%]   step 13410
[ 42%]   step 13411
[ 42%]   step 13412
[ 42%]   step 13413
[ 42%]   step 13414
[ 42%]   step 13415
[ 42%]   step 13416
[ 42%]   step 13417
[ 42%]   step 13418
[ 42%]   step 13419
[ 42%]   step 13420
[ 42%]   step 13421
[ 42%]   step 13422
[ 42%]   step 13423
[ 42%]   step 13424
[ 42%]   step 13425
[ 42%]   step 13426
[ 42%]   step 13427
[ 42%]   step 13428
[ 42%]   step 13429
[ 42%]   step 13430
[ 42%]   step 13431
[ 42%]   step 13432
[ 42%]   step 13433
+SWASH is processing output request    1
+SWASH is processing output request    2
[ 42%]   step 13434
[ 42%]   step 13435
[ 42%]   step 13436
[ 42%]   step 13437
[ 42%]   step 13438
[ 42%]   step 13439
[ 42%]   step 13440
[ 42%]   step 13441
[ 42%]   step 13442
[ 42%]   step 13443
[ 42%]   step 13444
[ 42%]   step 13445
[ 42%]   step 13446
[ 42%]   step 13447
[ 42%]   step 13448
[ 42%]   step 13449
[ 42%]   step 13450
[ 42%]   step 13451
[ 42%]   step 13452
[ 42%]   step 13453
[ 42%]   step 13454
[ 42%]   step 13455
[ 42%]   step 13456
[ 42%]   step 13457
[ 42%]   step 13458
[ 42%]   step 13459
[ 42%]   step 13460
[ 42%]   step 13461
[ 42%]   step 13462
[ 42%]   step 13463
[ 42%]   step 13464
[ 42%]   step 13465
[ 42%]   step 13466
[ 42%]   step 13467
[ 42%]   step 13468
[ 42%]   step 13469
[ 42%]   step 13470
[ 42%]   step 13471
[ 42%]   step 13472
[ 42%]   step 13473
[ 42%]   step 13474
+SWASH is processing output request    1
+SWASH is processing output request    2
[ 42%]   step 13475
[ 42%]   step 13476
[ 42%]   step 13477
[ 42%]   step 13478
[ 42%]   step 13479
[ 42%]   step 13480
[ 42%]   step 13481
[ 42%]   step 13482
[ 42%]   step 13483
[ 42%]   step 13484
[ 42%]   step 13485
[ 42%]   step 13486
[ 42%]   step 13487
[ 42%]   step 13488
[ 42%]   step 13489
[ 42%]   step 13490
[ 42%]   step 13491
[ 42%]   step 13492
[ 42%]   step 13493
[ 42%]   step 13494
[ 42%]   step 13495
[ 42%]   step 13496
[ 42%]   step 13497
[ 42%]   step 13498
[ 42%]   step 13499
[ 42%]   step 13500
[ 42%]   step 13501
[ 42%]   step 13502
[ 42%]   step 13503
[ 42%]   step 13504
[ 42%]   step 13505
[ 42%]   step 13506
[ 42%]   step 13507
[ 42%]   step 13508
[ 42%]   step 13509
[ 42%]   step 13510
[ 42%]   step 13511
[ 42%]   step 13512
[ 42%]   step 13513
[ 42%]   step 13514
[ 42%]   step 13515
+SWASH is processing output request    1
+SWASH is processing output request    2
[ 42%]   step 13516
[ 42%]   step 13517
[ 42%]   step 13518
[ 42%]   step 13519
[ 42%]   step 13520
[ 42%]   step 13521
[ 42%]   step 13522
[ 42%]   step 13523
[ 42%]   step 13524
[ 42%]   step 13525
[ 42%]   step 13526
[ 42%]   step 13527
[ 42%]   step 13528
[ 42%]   step 13529
[ 42%]   step 13530
[ 42%]   step 13531
[ 42%]   step 13532
[ 42%]   step 13533
[ 42%]   step 13534
[ 42%]   step 13535
[ 42%]   step 13536
[ 42%]   step 13537
[ 42%]   step 13538
[ 42%]   step 13539
[ 42%]   step 13540
[ 42%]   step 13541
[ 42%]   step 13542
[ 42%]   step 13543
[ 42%]   step 13544
[ 42%]   step 13545
[ 42%]   step 13546
[ 42%]   step 13547
[ 42%]   step 13548
[ 42%]   step 13549
[ 42%]   step 13550
[ 42%]   step 13551
[ 42%]   step 13552
[ 42%]   step 13553
[ 42%]   step 13554
[ 42%]   step 13555
[ 42%]   step 13556
+SWASH is processing output request    1
+SWASH is processing output request    2
[ 42%]   step 13557
[ 42%]   step 13558
[ 42%]   step 13559
[ 42%]   step 13560
[ 42%]   step 13561
[ 42%]   step 13562
[ 42%]   step 13563
[ 42%]   step 13564
[ 42%]   step 13565
[ 42%]   step 13566
[ 42%]   step 13567
[ 42%]   step 13568
[ 42%]   step 13569
[ 42%]   step 13570
[ 42%]   step 13571
[ 42%]   step 13572
[ 42%]   step 13573
[ 42%]   step 13574
[ 42%]   step 13575
[ 42%]   step 13576
[ 42%]   step 13577
[ 42%]   step 13578
[ 42%]   step 13579
[ 42%]   step 13580
[ 42%]   step 13581
[ 42%]   step 13582
[ 42%]   step 13583
[ 42%]   step 13584
[ 42%]   step 13585
[ 42%]   step 13586
[ 42%]   step 13587
[ 42%]   step 13588
[ 42%]   step 13589
[ 42%]   step 13590
[ 42%]   step 13591
[ 42%]   step 13592
[ 42%]   step 13593
[ 42%]   step 13594
[ 42%]   step 13595
[ 42%]   step 13596
[ 42%]   step 13597
+SWASH is processing output request    1
+SWASH is processing output request    2
[ 42%]   step 13598
[ 42%]   step 13599
[ 42%]   step 13600
[ 42%]   step 13601
[ 42%]   step 13602
[ 42%]   step 13603
[ 42%]   step 13604
[ 42%]   step 13605
[ 42%]   step 13606
[ 42%]   step 13607
[ 42%]   step 13608
[ 42%]   step 13609
[ 42%]   step 13610
[ 42%]   step 13611
[ 42%]   step 13612
[ 42%]   step 13613
[ 42%]   step 13614
[ 42%]   step 13615
[ 42%]   step 13616
[ 42%]   step 13617
[ 43%]   step 13618
[ 43%]   step 13619
[ 43%]   step 13620
[ 43%]   step 13621
[ 43%]   step 13622
[ 43%]   step 13623
[ 43%]   step 13624
[ 43%]   step 13625
[ 43%]   step 13626
[ 43%]   step 13627
[ 43%]   step 13628
[ 43%]   step 13629
[ 43%]   step 13630
[ 43%]   step 13631
[ 43%]   step 13632
[ 43%]   step 13633
[ 43%]   step 13634
[ 43%]   step 13635
[ 43%]   step 13636
[ 43%]   step 13637
[ 43%]   step 13638
+SWASH is processing output request    1
+SWASH is processing output request    2
[ 43%]   step 13639
[ 43%]   step 13640
[ 43%]   step 13641
[ 43%]   step 13642
[ 43%]   step 13643
[ 43%]   step 13644
[ 43%]   step 13645
[ 43%]   step 13646
[ 43%]   step 13647
[ 43%]   step 13648
[ 43%]   step 13649
[ 43%]   step 13650
[ 43%]   step 13651
[ 43%]   step 13652
[ 43%]   step 13653
[ 43%]   step 13654
[ 43%]   step 13655
[ 43%]   step 13656
[ 43%]   step 13657
[ 43%]   step 13658
[ 43%]   step 13659
[ 43%]   step 13660
[ 43%]   step 13661
[ 43%]   step 13662
[ 43%]   step 13663
[ 43%]   step 13664
[ 43%]   step 13665
[ 43%]   step 13666
[ 43%]   step 13667
[ 43%]   step 13668
[ 43%]   step 13669
[ 43%]   step 13670
[ 43%]   step 13671
[ 43%]   step 13672
[ 43%]   step 13673
[ 43%]   step 13674
[ 43%]   step 13675
[ 43%]   step 13676
[ 43%]   step 13677
[ 43%]   step 13678
[ 43%]   step 13679
+SWASH is processing output request    1
+SWASH is processing output request    2
[ 43%]   step 13680
[ 43%]   step 13681
[ 43%]   step 13682
[ 43%]   step 13683
[ 43%]   step 13684
[ 43%]   step 13685
[ 43%]   step 13686
[ 43%]   step 13687
[ 43%]   step 13688
[ 43%]   step 13689
[ 43%]   step 13690
[ 43%]   step 13691
[ 43%]   step 13692
[ 43%]   step 13693
[ 43%]   step 13694
[ 43%]   step 13695
[ 43%]   step 13696
[ 43%]   step 13697
[ 43%]   step 13698
[ 43%]   step 13699
[ 43%]   step 13700
[ 43%]   step 13701
[ 43%]   step 13702
[ 43%]   step 13703
[ 43%]   step 13704
[ 43%]   step 13705
[ 43%]   step 13706
[ 43%]   step 13707
[ 43%]   step 13708
[ 43%]   step 13709
[ 43%]   step 13710
[ 43%]   step 13711
[ 43%]   step 13712
[ 43%]   step 13713
[ 43%]   step 13714
[ 43%]   step 13715
[ 43%]   step 13716
[ 43%]   step 13717
[ 43%]   step 13718
[ 43%]   step 13719
[ 43%]   step 13720
+SWASH is processing output request    1
+SWASH is processing output request    2
[ 43%]   step 13721
[ 43%]   step 13722
[ 43%]   step 13723
[ 43%]   step 13724
[ 43%]   step 13725
[ 43%]   step 13726
[ 43%]   step 13727
[ 43%]   step 13728
[ 43%]   step 13729
[ 43%]   step 13730
[ 43%]   step 13731
[ 43%]   step 13732
[ 43%]   step 13733
[ 43%]   step 13734
[ 43%]   step 13735
[ 43%]   step 13736
[ 43%]   step 13737
[ 43%]   step 13738
[ 43%]   step 13739
[ 43%]   step 13740
[ 43%]   step 13741
[ 43%]   step 13742
[ 43%]   step 13743
[ 43%]   step 13744
[ 43%]   step 13745
[ 43%]   step 13746
[ 43%]   step 13747
[ 43%]   step 13748
[ 43%]   step 13749
[ 43%]   step 13750
[ 43%]   step 13751
[ 43%]   step 13752
[ 43%]   step 13753
[ 43%]   step 13754
[ 43%]   step 13755
[ 43%]   step 13756
[ 43%]   step 13757
[ 43%]   step 13758
[ 43%]   step 13759
[ 43%]   step 13760
[ 43%]   step 13761
+SWASH is processing output request    1
+SWASH is processing output request    2
[ 43%]   step 13762
[ 43%]   step 13763
[ 43%]   step 13764
[ 43%]   step 13765
[ 43%]   step 13766
[ 43%]   step 13767
[ 43%]   step 13768
[ 43%]   step 13769
[ 43%]   step 13770
[ 43%]   step 13771
[ 43%]   step 13772
[ 43%]   step 13773
[ 43%]   step 13774
[ 43%]   step 13775
[ 43%]   step 13776
[ 43%]   step 13777
[ 43%]   step 13778
[ 43%]   step 13779
[ 43%]   step 13780
[ 43%]   step 13781
[ 43%]   step 13782
[ 43%]   step 13783
[ 43%]   step 13784
[ 43%]   step 13785
[ 43%]   step 13786
[ 43%]   step 13787
[ 43%]   step 13788
[ 43%]   step 13789
[ 43%]   step 13790
[ 43%]   step 13791
[ 43%]   step 13792
[ 43%]   step 13793
[ 43%]   step 13794
[ 43%]   step 13795
[ 43%]   step 13796
[ 43%]   step 13797
[ 43%]   step 13798
[ 43%]   step 13799
[ 43%]   step 13800
[ 43%]   step 13801
[ 43%]   step 13802
[ 43%]   step 13803
+SWASH is processing output request    1
+SWASH is processing output request    2
[ 43%]   step 13804
[ 43%]   step 13805
[ 43%]   step 13806
[ 43%]   step 13807
[ 43%]   step 13808
[ 43%]   step 13809
[ 43%]   step 13810
[ 43%]   step 13811
[ 43%]   step 13812
[ 43%]   step 13813
[ 43%]   step 13814
[ 43%]   step 13815
[ 43%]   step 13816
[ 43%]   step 13817
[ 43%]   step 13818
[ 43%]   step 13819
[ 43%]   step 13820
[ 43%]   step 13821
[ 43%]   step 13822
[ 43%]   step 13823
[ 43%]   step 13824
[ 43%]   step 13825
[ 43%]   step 13826
[ 43%]   step 13827
[ 43%]   step 13828
[ 43%]   step 13829
[ 43%]   step 13830
[ 43%]   step 13831
[ 43%]   step 13832
[ 43%]   step 13833
[ 43%]   step 13834
[ 43%]   step 13835
[ 43%]   step 13836
[ 43%]   step 13837
[ 43%]   step 13838
[ 43%]   step 13839
[ 43%]   step 13840
[ 43%]   step 13841
[ 43%]   step 13842
[ 43%]   step 13843
[ 43%]   step 13844
+SWASH is processing output request    1
+SWASH is processing output request    2
[ 43%]   step 13845
[ 43%]   step 13846
[ 43%]   step 13847
[ 43%]   step 13848
[ 43%]   step 13849
[ 43%]   step 13850
[ 43%]   step 13851
[ 43%]   step 13852
[ 43%]   step 13853
[ 43%]   step 13854
[ 43%]   step 13855
[ 43%]   step 13856
[ 43%]   step 13857
[ 43%]   step 13858
[ 43%]   step 13859
[ 43%]   step 13860
[ 43%]   step 13861
[ 43%]   step 13862
[ 43%]   step 13863
[ 43%]   step 13864
[ 43%]   step 13865
[ 43%]   step 13866
[ 43%]   step 13867
[ 43%]   step 13868
[ 43%]   step 13869
[ 43%]   step 13870
[ 43%]   step 13871
[ 43%]   step 13872
[ 43%]   step 13873
[ 43%]   step 13874
[ 43%]   step 13875
[ 43%]   step 13876
[ 43%]   step 13877
[ 43%]   step 13878
[ 43%]   step 13879
[ 43%]   step 13880
[ 43%]   step 13881
[ 43%]   step 13882
[ 43%]   step 13883
[ 43%]   step 13884
[ 43%]   step 13885
+SWASH is processing output request    1
+SWASH is processing output request    2
[ 43%]   step 13886
[ 43%]   step 13887
[ 43%]   step 13888
[ 43%]   step 13889
[ 43%]   step 13890
[ 43%]   step 13891
[ 43%]   step 13892
[ 43%]   step 13893
[ 43%]   step 13894
[ 43%]   step 13895
[ 43%]   step 13896
[ 43%]   step 13897
[ 43%]   step 13898
[ 43%]   step 13899
[ 43%]   step 13900
[ 43%]   step 13901
[ 43%]   step 13902
[ 43%]   step 13903
[ 43%]   step 13904
[ 43%]   step 13905
[ 43%]   step 13906
[ 43%]   step 13907
[ 43%]   step 13908
[ 43%]   step 13909
[ 43%]   step 13910
[ 43%]   step 13911
[ 43%]   step 13912
[ 43%]   step 13913
[ 43%]   step 13914
[ 43%]   step 13915
[ 43%]   step 13916
[ 43%]   step 13917
[ 43%]   step 13918
[ 43%]   step 13919
[ 43%]   step 13920
[ 43%]   step 13921
[ 43%]   step 13922
[ 43%]   step 13923
[ 43%]   step 13924
[ 43%]   step 13925
[ 43%]   step 13926
+SWASH is processing output request    1
+SWASH is processing output request    2
[ 43%]   step 13927
[ 43%]   step 13928
[ 43%]   step 13929
[ 43%]   step 13930
[ 43%]   step 13931
[ 43%]   step 13932
[ 43%]   step 13933
[ 43%]   step 13934
[ 43%]   step 13935
[ 43%]   step 13936
[ 43%]   step 13937
[ 44%]   step 13938
[ 44%]   step 13939
[ 44%]   step 13940
[ 44%]   step 13941
[ 44%]   step 13942
[ 44%]   step 13943
[ 44%]   step 13944
[ 44%]   step 13945
[ 44%]   step 13946
[ 44%]   step 13947
[ 44%]   step 13948
[ 44%]   step 13949
[ 44%]   step 13950
[ 44%]   step 13951
[ 44%]   step 13952
[ 44%]   step 13953
[ 44%]   step 13954
[ 44%]   step 13955
[ 44%]   step 13956
[ 44%]   step 13957
[ 44%]   step 13958
[ 44%]   step 13959
[ 44%]   step 13960
[ 44%]   step 13961
[ 44%]   step 13962
[ 44%]   step 13963
[ 44%]   step 13964
[ 44%]   step 13965
[ 44%]   step 13966
[ 44%]   step 13967
+SWASH is processing output request    1
+SWASH is processing output request    2
[ 44%]   step 13968
[ 44%]   step 13969
[ 44%]   step 13970
[ 44%]   step 13971
[ 44%]   step 13972
[ 44%]   step 13973
[ 44%]   step 13974
[ 44%]   step 13975
[ 44%]   step 13976
[ 44%]   step 13977
[ 44%]   step 13978
[ 44%]   step 13979
[ 44%]   step 13980
[ 44%]   step 13981
[ 44%]   step 13982
[ 44%]   step 13983
[ 44%]   step 13984
[ 44%]   step 13985
[ 44%]   step 13986
[ 44%]   step 13987
[ 44%]   step 13988
[ 44%]   step 13989
[ 44%]   step 13990
[ 44%]   step 13991
[ 44%]   step 13992
[ 44%]   step 13993
[ 44%]   step 13994
[ 44%]   step 13995
[ 44%]   step 13996
[ 44%]   step 13997
[ 44%]   step 13998
[ 44%]   step 13999
[ 44%]   step 14000
[ 44%]   step 14001
[ 44%]   step 14002
[ 44%]   step 14003
[ 44%]   step 14004
[ 44%]   step 14005
[ 44%]   step 14006
[ 44%]   step 14007
[ 44%]   step 14008
+SWASH is processing output request    1
+SWASH is processing output request    2
[ 44%]   step 14009
[ 44%]   step 14010
[ 44%]   step 14011
[ 44%]   step 14012
[ 44%]   step 14013
[ 44%]   step 14014
[ 44%]   step 14015
[ 44%]   step 14016
[ 44%]   step 14017
[ 44%]   step 14018
[ 44%]   step 14019
[ 44%]   step 14020
[ 44%]   step 14021
[ 44%]   step 14022
[ 44%]   step 14023
[ 44%]   step 14024
[ 44%]   step 14025
[ 44%]   step 14026
[ 44%]   step 14027
[ 44%]   step 14028
[ 44%]   step 14029
[ 44%]   step 14030
[ 44%]   step 14031
[ 44%]   step 14032
[ 44%]   step 14033
[ 44%]   step 14034
[ 44%]   step 14035
[ 44%]   step 14036
[ 44%]   step 14037
[ 44%]   step 14038
[ 44%]   step 14039
[ 44%]   step 14040
[ 44%]   step 14041
[ 44%]   step 14042
[ 44%]   step 14043
[ 44%]   step 14044
[ 44%]   step 14045
[ 44%]   step 14046
[ 44%]   step 14047
[ 44%]   step 14048
[ 44%]   step 14049
+SWASH is processing output request    1
+SWASH is processing output request    2
[ 44%]   step 14050
[ 44%]   step 14051
[ 44%]   step 14052
[ 44%]   step 14053
[ 44%]   step 14054
[ 44%]   step 14055
[ 44%]   step 14056
[ 44%]   step 14057
[ 44%]   step 14058
[ 44%]   step 14059
[ 44%]   step 14060
[ 44%]   step 14061
[ 44%]   step 14062
[ 44%]   step 14063
[ 44%]   step 14064
[ 44%]   step 14065
[ 44%]   step 14066
[ 44%]   step 14067
[ 44%]   step 14068
[ 44%]   step 14069
[ 44%]   step 14070
[ 44%]   step 14071
[ 44%]   step 14072
[ 44%]   step 14073
[ 44%]   step 14074
[ 44%]   step 14075
[ 44%]   step 14076
[ 44%]   step 14077
[ 44%]   step 14078
[ 44%]   step 14079
[ 44%]   step 14080
[ 44%]   step 14081
[ 44%]   step 14082
[ 44%]   step 14083
[ 44%]   step 14084
[ 44%]   step 14085
[ 44%]   step 14086
[ 44%]   step 14087
[ 44%]   step 14088
[ 44%]   step 14089
[ 44%]   step 14090
+SWASH is processing output request    1
+SWASH is processing output request    2
[ 44%]   step 14091
[ 44%]   step 14092
[ 44%]   step 14093
[ 44%]   step 14094
[ 44%]   step 14095
[ 44%]   step 14096
[ 44%]   step 14097
[ 44%]   step 14098
[ 44%]   step 14099
[ 44%]   step 14100
[ 44%]   step 14101
[ 44%]   step 14102
[ 44%]   step 14103
[ 44%]   step 14104
[ 44%]   step 14105
[ 44%]   step 14106
[ 44%]   step 14107
[ 44%]   step 14108
[ 44%]   step 14109
[ 44%]   step 14110
[ 44%]   step 14111
[ 44%]   step 14112
[ 44%]   step 14113
[ 44%]   step 14114
[ 44%]   step 14115
[ 44%]   step 14116
[ 44%]   step 14117
[ 44%]   step 14118
[ 44%]   step 14119
[ 44%]   step 14120
[ 44%]   step 14121
[ 44%]   step 14122
[ 44%]   step 14123
[ 44%]   step 14124
[ 44%]   step 14125
[ 44%]   step 14126
[ 44%]   step 14127
[ 44%]   step 14128
[ 44%]   step 14129
[ 44%]   step 14130
[ 44%]   step 14131
+SWASH is processing output request    1
+SWASH is processing output request    2
[ 44%]   step 14132
[ 44%]   step 14133
[ 44%]   step 14134
[ 44%]   step 14135
[ 44%]   step 14136
[ 44%]   step 14137
[ 44%]   step 14138
[ 44%]   step 14139
[ 44%]   step 14140
[ 44%]   step 14141
[ 44%]   step 14142
[ 44%]   step 14143
[ 44%]   step 14144
[ 44%]   step 14145
[ 44%]   step 14146
[ 44%]   step 14147
[ 44%]   step 14148
[ 44%]   step 14149
[ 44%]   step 14150
[ 44%]   step 14151
[ 44%]   step 14152
[ 44%]   step 14153
[ 44%]   step 14154
[ 44%]   step 14155
[ 44%]   step 14156
[ 44%]   step 14157
[ 44%]   step 14158
[ 44%]   step 14159
[ 44%]   step 14160
[ 44%]   step 14161
[ 44%]   step 14162
[ 44%]   step 14163
[ 44%]   step 14164
[ 44%]   step 14165
[ 44%]   step 14166
[ 44%]   step 14167
[ 44%]   step 14168
[ 44%]   step 14169
[ 44%]   step 14170
[ 44%]   step 14171
[ 44%]   step 14172
+SWASH is processing output request    1
+SWASH is processing output request    2
[ 44%]   step 14173
[ 44%]   step 14174
[ 44%]   step 14175
[ 44%]   step 14176
[ 44%]   step 14177
[ 44%]   step 14178
[ 44%]   step 14179
[ 44%]   step 14180
[ 44%]   step 14181
[ 44%]   step 14182
[ 44%]   step 14183
[ 44%]   step 14184
[ 44%]   step 14185
[ 44%]   step 14186
[ 44%]   step 14187
[ 44%]   step 14188
[ 44%]   step 14189
[ 44%]   step 14190
[ 44%]   step 14191
[ 44%]   step 14192
[ 44%]   step 14193
[ 44%]   step 14194
[ 44%]   step 14195
[ 44%]   step 14196
[ 44%]   step 14197
[ 44%]   step 14198
[ 44%]   step 14199
[ 44%]   step 14200
[ 44%]   step 14201
[ 44%]   step 14202
[ 44%]   step 14203
[ 44%]   step 14204
[ 44%]   step 14205
[ 44%]   step 14206
[ 44%]   step 14207
[ 44%]   step 14208
[ 44%]   step 14209
[ 44%]   step 14210
[ 44%]   step 14211
[ 44%]   step 14212
[ 44%]   step 14213
+SWASH is processing output request    1
+SWASH is processing output request    2
[ 44%]   step 14214
[ 44%]   step 14215
[ 44%]   step 14216
[ 44%]   step 14217
[ 44%]   step 14218
[ 44%]   step 14219
[ 44%]   step 14220
[ 44%]   step 14221
[ 44%]   step 14222
[ 44%]   step 14223
[ 44%]   step 14224
[ 44%]   step 14225
[ 44%]   step 14226
[ 44%]   step 14227
[ 44%]   step 14228
[ 44%]   step 14229
[ 44%]   step 14230
[ 44%]   step 14231
[ 44%]   step 14232
[ 44%]   step 14233
[ 44%]   step 14234
[ 44%]   step 14235
[ 44%]   step 14236
[ 44%]   step 14237
[ 44%]   step 14238
[ 44%]   step 14239
[ 44%]   step 14240
[ 44%]   step 14241
[ 44%]   step 14242
[ 44%]   step 14243
[ 44%]   step 14244
[ 44%]   step 14245
[ 44%]   step 14246
[ 44%]   step 14247
[ 44%]   step 14248
[ 44%]   step 14249
[ 44%]   step 14250
[ 44%]   step 14251
[ 44%]   step 14252
[ 44%]   step 14253
[ 44%]   step 14254
+SWASH is processing output request    1
+SWASH is processing output request    2
[ 44%]   step 14255
[ 44%]   step 14256
[ 44%]   step 14257
[ 45%]   step 14258
[ 45%]   step 14259
[ 45%]   step 14260
[ 45%]   step 14261
[ 45%]   step 14262
[ 45%]   step 14263
[ 45%]   step 14264
[ 45%]   step 14265
[ 45%]   step 14266
[ 45%]   step 14267
[ 45%]   step 14268
[ 45%]   step 14269
[ 45%]   step 14270
[ 45%]   step 14271
[ 45%]   step 14272
[ 45%]   step 14273
[ 45%]   step 14274
[ 45%]   step 14275
[ 45%]   step 14276
[ 45%]   step 14277
[ 45%]   step 14278
[ 45%]   step 14279
[ 45%]   step 14280
[ 45%]   step 14281
[ 45%]   step 14282
[ 45%]   step 14283
[ 45%]   step 14284
[ 45%]   step 14285
[ 45%]   step 14286
[ 45%]   step 14287
[ 45%]   step 14288
[ 45%]   step 14289
[ 45%]   step 14290
[ 45%]   step 14291
[ 45%]   step 14292
[ 45%]   step 14293
[ 45%]   step 14294
[ 45%]   step 14295
+SWASH is processing output request    1
+SWASH is processing output request    2
[ 45%]   step 14296
[ 45%]   step 14297
[ 45%]   step 14298
[ 45%]   step 14299
[ 45%]   step 14300
[ 45%]   step 14301
[ 45%]   step 14302
[ 45%]   step 14303
[ 45%]   step 14304
[ 45%]   step 14305
[ 45%]   step 14306
[ 45%]   step 14307
[ 45%]   step 14308
[ 45%]   step 14309
[ 45%]   step 14310
[ 45%]   step 14311
[ 45%]   step 14312
[ 45%]   step 14313
[ 45%]   step 14314
[ 45%]   step 14315
[ 45%]   step 14316
[ 45%]   step 14317
[ 45%]   step 14318
[ 45%]   step 14319
[ 45%]   step 14320
[ 45%]   step 14321
[ 45%]   step 14322
[ 45%]   step 14323
[ 45%]   step 14324
[ 45%]   step 14325
[ 45%]   step 14326
[ 45%]   step 14327
[ 45%]   step 14328
[ 45%]   step 14329
[ 45%]   step 14330
[ 45%]   step 14331
[ 45%]   step 14332
[ 45%]   step 14333
[ 45%]   step 14334
[ 45%]   step 14335
[ 45%]   step 14336
[ 45%]   step 14337
+SWASH is processing output request    1
+SWASH is processing output request    2
[ 45%]   step 14338
[ 45%]   step 14339
[ 45%]   step 14340
[ 45%]   step 14341
[ 45%]   step 14342
[ 45%]   step 14343
[ 45%]   step 14344
[ 45%]   step 14345
[ 45%]   step 14346
[ 45%]   step 14347
[ 45%]   step 14348
[ 45%]   step 14349
[ 45%]   step 14350
[ 45%]   step 14351
[ 45%]   step 14352
[ 45%]   step 14353
[ 45%]   step 14354
[ 45%]   step 14355
[ 45%]   step 14356
[ 45%]   step 14357
[ 45%]   step 14358
[ 45%]   step 14359
[ 45%]   step 14360
[ 45%]   step 14361
[ 45%]   step 14362
[ 45%]   step 14363
[ 45%]   step 14364
[ 45%]   step 14365
[ 45%]   step 14366
[ 45%]   step 14367
[ 45%]   step 14368
[ 45%]   step 14369
[ 45%]   step 14370
[ 45%]   step 14371
[ 45%]   step 14372
[ 45%]   step 14373
[ 45%]   step 14374
[ 45%]   step 14375
[ 45%]   step 14376
[ 45%]   step 14377
[ 45%]   step 14378
+SWASH is processing output request    1
+SWASH is processing output request    2
[ 45%]   step 14379
[ 45%]   step 14380
[ 45%]   step 14381
[ 45%]   step 14382
[ 45%]   step 14383
[ 45%]   step 14384
[ 45%]   step 14385
[ 45%]   step 14386
[ 45%]   step 14387
[ 45%]   step 14388
[ 45%]   step 14389
[ 45%]   step 14390
[ 45%]   step 14391
[ 45%]   step 14392
[ 45%]   step 14393
[ 45%]   step 14394
[ 45%]   step 14395
[ 45%]   step 14396
[ 45%]   step 14397
[ 45%]   step 14398
[ 45%]   step 14399
[ 45%]   step 14400
[ 45%]   step 14401
[ 45%]   step 14402
[ 45%]   step 14403
[ 45%]   step 14404
[ 45%]   step 14405
[ 45%]   step 14406
[ 45%]   step 14407
[ 45%]   step 14408
[ 45%]   step 14409
[ 45%]   step 14410
[ 45%]   step 14411
[ 45%]   step 14412
[ 45%]   step 14413
[ 45%]   step 14414
[ 45%]   step 14415
[ 45%]   step 14416
[ 45%]   step 14417
[ 45%]   step 14418
[ 45%]   step 14419
+SWASH is processing output request    1
+SWASH is processing output request    2
[ 45%]   step 14420
[ 45%]   step 14421
[ 45%]   step 14422
[ 45%]   step 14423
[ 45%]   step 14424
[ 45%]   step 14425
[ 45%]   step 14426
[ 45%]   step 14427
[ 45%]   step 14428
[ 45%]   step 14429
[ 45%]   step 14430
[ 45%]   step 14431
[ 45%]   step 14432
[ 45%]   step 14433
[ 45%]   step 14434
[ 45%]   step 14435
[ 45%]   step 14436
[ 45%]   step 14437
[ 45%]   step 14438
[ 45%]   step 14439
[ 45%]   step 14440
[ 45%]   step 14441
[ 45%]   step 14442
[ 45%]   step 14443
[ 45%]   step 14444
[ 45%]   step 14445
[ 45%]   step 14446
[ 45%]   step 14447
[ 45%]   step 14448
[ 45%]   step 14449
[ 45%]   step 14450
[ 45%]   step 14451
[ 45%]   step 14452
[ 45%]   step 14453
[ 45%]   step 14454
[ 45%]   step 14455
[ 45%]   step 14456
[ 45%]   step 14457
[ 45%]   step 14458
[ 45%]   step 14459
[ 45%]   step 14460
+SWASH is processing output request    1
+SWASH is processing output request    2
[ 45%]   step 14461
[ 45%]   step 14462
[ 45%]   step 14463
[ 45%]   step 14464
[ 45%]   step 14465
[ 45%]   step 14466
[ 45%]   step 14467
[ 45%]   step 14468
[ 45%]   step 14469
[ 45%]   step 14470
[ 45%]   step 14471
[ 45%]   step 14472
[ 45%]   step 14473
[ 45%]   step 14474
[ 45%]   step 14475
[ 45%]   step 14476
[ 45%]   step 14477
[ 45%]   step 14478
[ 45%]   step 14479
[ 45%]   step 14480
[ 45%]   step 14481
[ 45%]   step 14482
[ 45%]   step 14483
[ 45%]   step 14484
[ 45%]   step 14485
[ 45%]   step 14486
[ 45%]   step 14487
[ 45%]   step 14488
[ 45%]   step 14489
[ 45%]   step 14490
[ 45%]   step 14491
[ 45%]   step 14492
[ 45%]   step 14493
[ 45%]   step 14494
[ 45%]   step 14495
[ 45%]   step 14496
[ 45%]   step 14497
[ 45%]   step 14498
[ 45%]   step 14499
[ 45%]   step 14500
[ 45%]   step 14501
+SWASH is processing output request    1
+SWASH is processing output request    2
[ 45%]   step 14502
[ 45%]   step 14503
[ 45%]   step 14504
[ 45%]   step 14505
[ 45%]   step 14506
[ 45%]   step 14507
[ 45%]   step 14508
[ 45%]   step 14509
[ 45%]   step 14510
[ 45%]   step 14511
[ 45%]   step 14512
[ 45%]   step 14513
[ 45%]   step 14514
[ 45%]   step 14515
[ 45%]   step 14516
[ 45%]   step 14517
[ 45%]   step 14518
[ 45%]   step 14519
[ 45%]   step 14520
[ 45%]   step 14521
[ 45%]   step 14522
[ 45%]   step 14523
[ 45%]   step 14524
[ 45%]   step 14525
[ 45%]   step 14526
[ 45%]   step 14527
[ 45%]   step 14528
[ 45%]   step 14529
[ 45%]   step 14530
[ 45%]   step 14531
[ 45%]   step 14532
[ 45%]   step 14533
[ 45%]   step 14534
[ 45%]   step 14535
[ 45%]   step 14536
[ 45%]   step 14537
[ 45%]   step 14538
[ 45%]   step 14539
[ 45%]   step 14540
[ 45%]   step 14541
[ 45%]   step 14542
+SWASH is processing output request    1
+SWASH is processing output request    2
[ 45%]   step 14543
[ 45%]   step 14544
[ 45%]   step 14545
[ 45%]   step 14546
[ 45%]   step 14547
[ 45%]   step 14548
[ 45%]   step 14549
[ 45%]   step 14550
[ 45%]   step 14551
[ 45%]   step 14552
[ 45%]   step 14553
[ 45%]   step 14554
[ 45%]   step 14555
[ 45%]   step 14556
[ 45%]   step 14557
[ 45%]   step 14558
[ 45%]   step 14559
[ 45%]   step 14560
[ 45%]   step 14561
[ 45%]   step 14562
[ 45%]   step 14563
[ 45%]   step 14564
[ 45%]   step 14565
[ 45%]   step 14566
[ 45%]   step 14567
[ 45%]   step 14568
[ 45%]   step 14569
[ 45%]   step 14570
[ 45%]   step 14571
[ 45%]   step 14572
[ 45%]   step 14573
[ 45%]   step 14574
[ 45%]   step 14575
[ 45%]   step 14576
[ 45%]   step 14577
[ 45%]   step 14578
[ 46%]   step 14579
[ 46%]   step 14580
[ 46%]   step 14581
[ 46%]   step 14582
[ 46%]   step 14583
+SWASH is processing output request    1
+SWASH is processing output request    2
[ 46%]   step 14584
[ 46%]   step 14585
[ 46%]   step 14586
[ 46%]   step 14587
[ 46%]   step 14588
[ 46%]   step 14589
[ 46%]   step 14590
[ 46%]   step 14591
[ 46%]   step 14592
[ 46%]   step 14593
[ 46%]   step 14594
[ 46%]   step 14595
[ 46%]   step 14596
[ 46%]   step 14597
[ 46%]   step 14598
[ 46%]   step 14599
[ 46%]   step 14600
[ 46%]   step 14601
[ 46%]   step 14602
[ 46%]   step 14603
[ 46%]   step 14604
[ 46%]   step 14605
[ 46%]   step 14606
[ 46%]   step 14607
[ 46%]   step 14608
[ 46%]   step 14609
[ 46%]   step 14610
[ 46%]   step 14611
[ 46%]   step 14612
[ 46%]   step 14613
[ 46%]   step 14614
[ 46%]   step 14615
[ 46%]   step 14616
[ 46%]   step 14617
[ 46%]   step 14618
[ 46%]   step 14619
[ 46%]   step 14620
[ 46%]   step 14621
[ 46%]   step 14622
[ 46%]   step 14623
[ 46%]   step 14624
+SWASH is processing output request    1
+SWASH is processing output request    2
[ 46%]   step 14625
[ 46%]   step 14626
[ 46%]   step 14627
[ 46%]   step 14628
[ 46%]   step 14629
[ 46%]   step 14630
[ 46%]   step 14631
[ 46%]   step 14632
[ 46%]   step 14633
[ 46%]   step 14634
[ 46%]   step 14635
[ 46%]   step 14636
[ 46%]   step 14637
[ 46%]   step 14638
[ 46%]   step 14639
[ 46%]   step 14640
[ 46%]   step 14641
[ 46%]   step 14642
[ 46%]   step 14643
[ 46%]   step 14644
[ 46%]   step 14645
[ 46%]   step 14646
[ 46%]   step 14647
[ 46%]   step 14648
[ 46%]   step 14649
[ 46%]   step 14650
[ 46%]   step 14651
[ 46%]   step 14652
[ 46%]   step 14653
[ 46%]   step 14654
[ 46%]   step 14655
[ 46%]   step 14656
[ 46%]   step 14657
[ 46%]   step 14658
[ 46%]   step 14659
[ 46%]   step 14660
[ 46%]   step 14661
[ 46%]   step 14662
[ 46%]   step 14663
[ 46%]   step 14664
[ 46%]   step 14665
+SWASH is processing output request    1
+SWASH is processing output request    2
[ 46%]   step 14666
[ 46%]   step 14667
[ 46%]   step 14668
[ 46%]   step 14669
[ 46%]   step 14670
[ 46%]   step 14671
[ 46%]   step 14672
[ 46%]   step 14673
[ 46%]   step 14674
[ 46%]   step 14675
[ 46%]   step 14676
[ 46%]   step 14677
[ 46%]   step 14678
[ 46%]   step 14679
[ 46%]   step 14680
[ 46%]   step 14681
[ 46%]   step 14682
[ 46%]   step 14683
[ 46%]   step 14684
[ 46%]   step 14685
[ 46%]   step 14686
[ 46%]   step 14687
[ 46%]   step 14688
[ 46%]   step 14689
[ 46%]   step 14690
[ 46%]   step 14691
[ 46%]   step 14692
[ 46%]   step 14693
[ 46%]   step 14694
[ 46%]   step 14695
[ 46%]   step 14696
[ 46%]   step 14697
[ 46%]   step 14698
[ 46%]   step 14699
[ 46%]   step 14700
[ 46%]   step 14701
[ 46%]   step 14702
[ 46%]   step 14703
[ 46%]   step 14704
[ 46%]   step 14705
[ 46%]   step 14706
+SWASH is processing output request    1
+SWASH is processing output request    2
[ 46%]   step 14707
[ 46%]   step 14708
[ 46%]   step 14709
[ 46%]   step 14710
[ 46%]   step 14711
[ 46%]   step 14712
[ 46%]   step 14713
[ 46%]   step 14714
[ 46%]   step 14715
[ 46%]   step 14716
[ 46%]   step 14717
[ 46%]   step 14718
[ 46%]   step 14719
[ 46%]   step 14720
[ 46%]   step 14721
[ 46%]   step 14722
[ 46%]   step 14723
[ 46%]   step 14724
[ 46%]   step 14725
[ 46%]   step 14726
[ 46%]   step 14727
[ 46%]   step 14728
[ 46%]   step 14729
[ 46%]   step 14730
[ 46%]   step 14731
[ 46%]   step 14732
[ 46%]   step 14733
[ 46%]   step 14734
[ 46%]   step 14735
[ 46%]   step 14736
[ 46%]   step 14737
[ 46%]   step 14738
[ 46%]   step 14739
[ 46%]   step 14740
[ 46%]   step 14741
[ 46%]   step 14742
[ 46%]   step 14743
[ 46%]   step 14744
[ 46%]   step 14745
[ 46%]   step 14746
[ 46%]   step 14747
+SWASH is processing output request    1
+SWASH is processing output request    2
[ 46%]   step 14748
[ 46%]   step 14749
[ 46%]   step 14750
[ 46%]   step 14751
[ 46%]   step 14752
[ 46%]   step 14753
[ 46%]   step 14754
[ 46%]   step 14755
[ 46%]   step 14756
[ 46%]   step 14757
[ 46%]   step 14758
[ 46%]   step 14759
[ 46%]   step 14760
[ 46%]   step 14761
[ 46%]   step 14762
[ 46%]   step 14763
[ 46%]   step 14764
[ 46%]   step 14765
[ 46%]   step 14766
[ 46%]   step 14767
[ 46%]   step 14768
[ 46%]   step 14769
[ 46%]   step 14770
[ 46%]   step 14771
[ 46%]   step 14772
[ 46%]   step 14773
[ 46%]   step 14774
[ 46%]   step 14775
[ 46%]   step 14776
[ 46%]   step 14777
[ 46%]   step 14778
[ 46%]   step 14779
[ 46%]   step 14780
[ 46%]   step 14781
[ 46%]   step 14782
[ 46%]   step 14783
[ 46%]   step 14784
[ 46%]   step 14785
[ 46%]   step 14786
[ 46%]   step 14787
[ 46%]   step 14788
+SWASH is processing output request    1
+SWASH is processing output request    2
[ 46%]   step 14789
[ 46%]   step 14790
[ 46%]   step 14791
[ 46%]   step 14792
[ 46%]   step 14793
[ 46%]   step 14794
[ 46%]   step 14795
[ 46%]   step 14796
[ 46%]   step 14797
[ 46%]   step 14798
[ 46%]   step 14799
[ 46%]   step 14800
[ 46%]   step 14801
[ 46%]   step 14802
[ 46%]   step 14803
[ 46%]   step 14804
[ 46%]   step 14805
[ 46%]   step 14806
[ 46%]   step 14807
[ 46%]   step 14808
[ 46%]   step 14809
[ 46%]   step 14810
[ 46%]   step 14811
[ 46%]   step 14812
[ 46%]   step 14813
[ 46%]   step 14814
[ 46%]   step 14815
[ 46%]   step 14816
[ 46%]   step 14817
[ 46%]   step 14818
[ 46%]   step 14819
[ 46%]   step 14820
[ 46%]   step 14821
[ 46%]   step 14822
[ 46%]   step 14823
[ 46%]   step 14824
[ 46%]   step 14825
[ 46%]   step 14826
[ 46%]   step 14827
[ 46%]   step 14828
[ 46%]   step 14829
+SWASH is processing output request    1
+SWASH is processing output request    2
[ 46%]   step 14830
[ 46%]   step 14831
[ 46%]   step 14832
[ 46%]   step 14833
[ 46%]   step 14834
[ 46%]   step 14835
[ 46%]   step 14836
[ 46%]   step 14837
[ 46%]   step 14838
[ 46%]   step 14839
[ 46%]   step 14840
[ 46%]   step 14841
[ 46%]   step 14842
[ 46%]   step 14843
[ 46%]   step 14844
[ 46%]   step 14845
[ 46%]   step 14846
[ 46%]   step 14847
[ 46%]   step 14848
[ 46%]   step 14849
[ 46%]   step 14850
[ 46%]   step 14851
[ 46%]   step 14852
[ 46%]   step 14853
[ 46%]   step 14854
[ 46%]   step 14855
[ 46%]   step 14856
[ 46%]   step 14857
[ 46%]   step 14858
[ 46%]   step 14859
[ 46%]   step 14860
[ 46%]   step 14861
[ 46%]   step 14862
[ 46%]   step 14863
[ 46%]   step 14864
[ 46%]   step 14865
[ 46%]   step 14866
[ 46%]   step 14867
[ 46%]   step 14868
[ 46%]   step 14869
[ 46%]   step 14870
[ 46%]   step 14871
+SWASH is processing output request    1
+SWASH is processing output request    2
[ 46%]   step 14872
[ 46%]   step 14873
[ 46%]   step 14874
[ 46%]   step 14875
[ 46%]   step 14876
[ 46%]   step 14877
[ 46%]   step 14878
[ 46%]   step 14879
[ 46%]   step 14880
[ 46%]   step 14881
[ 46%]   step 14882
[ 46%]   step 14883
[ 46%]   step 14884
[ 46%]   step 14885
[ 46%]   step 14886
[ 46%]   step 14887
[ 46%]   step 14888
[ 46%]   step 14889
[ 46%]   step 14890
[ 46%]   step 14891
[ 46%]   step 14892
[ 46%]   step 14893
[ 46%]   step 14894
[ 46%]   step 14895
[ 46%]   step 14896
[ 46%]   step 14897
[ 46%]   step 14898
[ 47%]   step 14899
[ 47%]   step 14900
[ 47%]   step 14901
[ 47%]   step 14902
[ 47%]   step 14903
[ 47%]   step 14904
[ 47%]   step 14905
[ 47%]   step 14906
[ 47%]   step 14907
[ 47%]   step 14908
[ 47%]   step 14909
[ 47%]   step 14910
[ 47%]   step 14911
[ 47%]   step 14912
+SWASH is processing output request    1
+SWASH is processing output request    2
[ 47%]   step 14913
[ 47%]   step 14914
[ 47%]   step 14915
[ 47%]   step 14916
[ 47%]   step 14917
[ 47%]   step 14918
[ 47%]   step 14919
[ 47%]   step 14920
[ 47%]   step 14921
[ 47%]   step 14922
[ 47%]   step 14923
[ 47%]   step 14924
[ 47%]   step 14925
[ 47%]   step 14926
[ 47%]   step 14927
[ 47%]   step 14928
[ 47%]   step 14929
[ 47%]   step 14930
[ 47%]   step 14931
[ 47%]   step 14932
[ 47%]   step 14933
[ 47%]   step 14934
[ 47%]   step 14935
[ 47%]   step 14936
[ 47%]   step 14937
[ 47%]   step 14938
[ 47%]   step 14939
[ 47%]   step 14940
[ 47%]   step 14941
[ 47%]   step 14942
[ 47%]   step 14943
[ 47%]   step 14944
[ 47%]   step 14945
[ 47%]   step 14946
[ 47%]   step 14947
[ 47%]   step 14948
[ 47%]   step 14949
[ 47%]   step 14950
[ 47%]   step 14951
[ 47%]   step 14952
[ 47%]   step 14953
+SWASH is processing output request    1
+SWASH is processing output request    2
[ 47%]   step 14954
[ 47%]   step 14955
[ 47%]   step 14956
[ 47%]   step 14957
[ 47%]   step 14958
[ 47%]   step 14959
[ 47%]   step 14960
[ 47%]   step 14961
[ 47%]   step 14962
[ 47%]   step 14963
[ 47%]   step 14964
[ 47%]   step 14965
[ 47%]   step 14966
[ 47%]   step 14967
[ 47%]   step 14968
[ 47%]   step 14969
[ 47%]   step 14970
[ 47%]   step 14971
[ 47%]   step 14972
[ 47%]   step 14973
[ 47%]   step 14974
[ 47%]   step 14975
[ 47%]   step 14976
[ 47%]   step 14977
[ 47%]   step 14978
[ 47%]   step 14979
[ 47%]   step 14980
[ 47%]   step 14981
[ 47%]   step 14982
[ 47%]   step 14983
[ 47%]   step 14984
[ 47%]   step 14985
[ 47%]   step 14986
[ 47%]   step 14987
[ 47%]   step 14988
[ 47%]   step 14989
[ 47%]   step 14990
[ 47%]   step 14991
[ 47%]   step 14992
[ 47%]   step 14993
[ 47%]   step 14994
+SWASH is processing output request    1
+SWASH is processing output request    2
[ 47%]   step 14995
[ 47%]   step 14996
[ 47%]   step 14997
[ 47%]   step 14998
[ 47%]   step 14999
[ 47%]   step 15000
[ 47%]   step 15001
[ 47%]   step 15002
[ 47%]   step 15003
[ 47%]   step 15004
[ 47%]   step 15005
[ 47%]   step 15006
[ 47%]   step 15007
[ 47%]   step 15008
[ 47%]   step 15009
[ 47%]   step 15010
[ 47%]   step 15011
[ 47%]   step 15012
[ 47%]   step 15013
[ 47%]   step 15014
[ 47%]   step 15015
[ 47%]   step 15016
[ 47%]   step 15017
[ 47%]   step 15018
[ 47%]   step 15019
[ 47%]   step 15020
[ 47%]   step 15021
[ 47%]   step 15022
[ 47%]   step 15023
[ 47%]   step 15024
[ 47%]   step 15025
[ 47%]   step 15026
[ 47%]   step 15027
[ 47%]   step 15028
[ 47%]   step 15029
[ 47%]   step 15030
[ 47%]   step 15031
[ 47%]   step 15032
[ 47%]   step 15033
[ 47%]   step 15034
[ 47%]   step 15035
+SWASH is processing output request    1
+SWASH is processing output request    2
[ 47%]   step 15036
[ 47%]   step 15037
[ 47%]   step 15038
[ 47%]   step 15039
[ 47%]   step 15040
[ 47%]   step 15041
[ 47%]   step 15042
[ 47%]   step 15043
[ 47%]   step 15044
[ 47%]   step 15045
[ 47%]   step 15046
[ 47%]   step 15047
[ 47%]   step 15048
[ 47%]   step 15049
[ 47%]   step 15050
[ 47%]   step 15051
[ 47%]   step 15052
[ 47%]   step 15053
[ 47%]   step 15054
[ 47%]   step 15055
[ 47%]   step 15056
[ 47%]   step 15057
[ 47%]   step 15058
[ 47%]   step 15059
[ 47%]   step 15060
[ 47%]   step 15061
[ 47%]   step 15062
[ 47%]   step 15063
[ 47%]   step 15064
[ 47%]   step 15065
[ 47%]   step 15066
[ 47%]   step 15067
[ 47%]   step 15068
[ 47%]   step 15069
[ 47%]   step 15070
[ 47%]   step 15071
[ 47%]   step 15072
[ 47%]   step 15073
[ 47%]   step 15074
[ 47%]   step 15075
[ 47%]   step 15076
+SWASH is processing output request    1
+SWASH is processing output request    2
[ 47%]   step 15077
[ 47%]   step 15078
[ 47%]   step 15079
[ 47%]   step 15080
[ 47%]   step 15081
[ 47%]   step 15082
[ 47%]   step 15083
[ 47%]   step 15084
[ 47%]   step 15085
[ 47%]   step 15086
[ 47%]   step 15087
[ 47%]   step 15088
[ 47%]   step 15089
[ 47%]   step 15090
[ 47%]   step 15091
[ 47%]   step 15092
[ 47%]   step 15093
[ 47%]   step 15094
[ 47%]   step 15095
[ 47%]   step 15096
[ 47%]   step 15097
[ 47%]   step 15098
[ 47%]   step 15099
[ 47%]   step 15100
[ 47%]   step 15101
[ 47%]   step 15102
[ 47%]   step 15103
[ 47%]   step 15104
[ 47%]   step 15105
[ 47%]   step 15106
[ 47%]   step 15107
[ 47%]   step 15108
[ 47%]   step 15109
[ 47%]   step 15110
[ 47%]   step 15111
[ 47%]   step 15112
[ 47%]   step 15113
[ 47%]   step 15114
[ 47%]   step 15115
[ 47%]   step 15116
[ 47%]   step 15117
+SWASH is processing output request    1
+SWASH is processing output request    2
[ 47%]   step 15118
[ 47%]   step 15119
[ 47%]   step 15120
[ 47%]   step 15121
[ 47%]   step 15122
[ 47%]   step 15123
[ 47%]   step 15124
[ 47%]   step 15125
[ 47%]   step 15126
[ 47%]   step 15127
[ 47%]   step 15128
[ 47%]   step 15129
[ 47%]   step 15130
[ 47%]   step 15131
[ 47%]   step 15132
[ 47%]   step 15133
[ 47%]   step 15134
[ 47%]   step 15135
[ 47%]   step 15136
[ 47%]   step 15137
[ 47%]   step 15138
[ 47%]   step 15139
[ 47%]   step 15140
[ 47%]   step 15141
[ 47%]   step 15142
[ 47%]   step 15143
[ 47%]   step 15144
[ 47%]   step 15145
[ 47%]   step 15146
[ 47%]   step 15147
[ 47%]   step 15148
[ 47%]   step 15149
[ 47%]   step 15150
[ 47%]   step 15151
[ 47%]   step 15152
[ 47%]   step 15153
[ 47%]   step 15154
[ 47%]   step 15155
[ 47%]   step 15156
[ 47%]   step 15157
[ 47%]   step 15158
+SWASH is processing output request    1
+SWASH is processing output request    2
[ 47%]   step 15159
[ 47%]   step 15160
[ 47%]   step 15161
[ 47%]   step 15162
[ 47%]   step 15163
[ 47%]   step 15164
[ 47%]   step 15165
[ 47%]   step 15166
[ 47%]   step 15167
[ 47%]   step 15168
[ 47%]   step 15169
[ 47%]   step 15170
[ 47%]   step 15171
[ 47%]   step 15172
[ 47%]   step 15173
[ 47%]   step 15174
[ 47%]   step 15175
[ 47%]   step 15176
[ 47%]   step 15177
[ 47%]   step 15178
[ 47%]   step 15179
[ 47%]   step 15180
[ 47%]   step 15181
[ 47%]   step 15182
[ 47%]   step 15183
[ 47%]   step 15184
[ 47%]   step 15185
[ 47%]   step 15186
[ 47%]   step 15187
[ 47%]   step 15188
[ 47%]   step 15189
[ 47%]   step 15190
[ 47%]   step 15191
[ 47%]   step 15192
[ 47%]   step 15193
[ 47%]   step 15194
[ 47%]   step 15195
[ 47%]   step 15196
[ 47%]   step 15197
[ 47%]   step 15198
[ 47%]   step 15199
+SWASH is processing output request    1
+SWASH is processing output request    2
[ 47%]   step 15200
[ 47%]   step 15201
[ 47%]   step 15202
[ 47%]   step 15203
[ 47%]   step 15204
[ 47%]   step 15205
[ 47%]   step 15206
[ 47%]   step 15207
[ 47%]   step 15208
[ 47%]   step 15209
[ 47%]   step 15210
[ 47%]   step 15211
[ 47%]   step 15212
[ 47%]   step 15213
[ 47%]   step 15214
[ 47%]   step 15215
[ 47%]   step 15216
[ 47%]   step 15217
[ 47%]   step 15218
[ 47%]   step 15219
[ 48%]   step 15220
[ 48%]   step 15221
[ 48%]   step 15222
[ 48%]   step 15223
[ 48%]   step 15224
[ 48%]   step 15225
[ 48%]   step 15226
[ 48%]   step 15227
[ 48%]   step 15228
[ 48%]   step 15229
[ 48%]   step 15230
[ 48%]   step 15231
[ 48%]   step 15232
[ 48%]   step 15233
[ 48%]   step 15234
[ 48%]   step 15235
[ 48%]   step 15236
[ 48%]   step 15237
[ 48%]   step 15238
[ 48%]   step 15239
[ 48%]   step 15240
+SWASH is processing output request    1
+SWASH is processing output request    2
[ 48%]   step 15241
[ 48%]   step 15242
[ 48%]   step 15243
[ 48%]   step 15244
[ 48%]   step 15245
[ 48%]   step 15246
[ 48%]   step 15247
[ 48%]   step 15248
[ 48%]   step 15249
[ 48%]   step 15250
[ 48%]   step 15251
[ 48%]   step 15252
[ 48%]   step 15253
[ 48%]   step 15254
[ 48%]   step 15255
[ 48%]   step 15256
[ 48%]   step 15257
[ 48%]   step 15258
[ 48%]   step 15259
[ 48%]   step 15260
[ 48%]   step 15261
[ 48%]   step 15262
[ 48%]   step 15263
[ 48%]   step 15264
[ 48%]   step 15265
[ 48%]   step 15266
[ 48%]   step 15267
[ 48%]   step 15268
[ 48%]   step 15269
[ 48%]   step 15270
[ 48%]   step 15271
[ 48%]   step 15272
[ 48%]   step 15273
[ 48%]   step 15274
[ 48%]   step 15275
[ 48%]   step 15276
[ 48%]   step 15277
[ 48%]   step 15278
[ 48%]   step 15279
[ 48%]   step 15280
[ 48%]   step 15281
+SWASH is processing output request    1
+SWASH is processing output request    2
[ 48%]   step 15282
[ 48%]   step 15283
[ 48%]   step 15284
[ 48%]   step 15285
[ 48%]   step 15286
[ 48%]   step 15287
[ 48%]   step 15288
[ 48%]   step 15289
[ 48%]   step 15290
[ 48%]   step 15291
[ 48%]   step 15292
[ 48%]   step 15293
[ 48%]   step 15294
[ 48%]   step 15295
[ 48%]   step 15296
[ 48%]   step 15297
[ 48%]   step 15298
[ 48%]   step 15299
[ 48%]   step 15300
[ 48%]   step 15301
[ 48%]   step 15302
[ 48%]   step 15303
[ 48%]   step 15304
[ 48%]   step 15305
[ 48%]   step 15306
[ 48%]   step 15307
[ 48%]   step 15308
[ 48%]   step 15309
[ 48%]   step 15310
[ 48%]   step 15311
[ 48%]   step 15312
[ 48%]   step 15313
[ 48%]   step 15314
[ 48%]   step 15315
[ 48%]   step 15316
[ 48%]   step 15317
[ 48%]   step 15318
[ 48%]   step 15319
[ 48%]   step 15320
[ 48%]   step 15321
[ 48%]   step 15322
+SWASH is processing output request    1
+SWASH is processing output request    2
[ 48%]   step 15323
[ 48%]   step 15324
[ 48%]   step 15325
[ 48%]   step 15326
[ 48%]   step 15327
[ 48%]   step 15328
[ 48%]   step 15329
[ 48%]   step 15330
[ 48%]   step 15331
[ 48%]   step 15332
[ 48%]   step 15333
[ 48%]   step 15334
[ 48%]   step 15335
[ 48%]   step 15336
[ 48%]   step 15337
[ 48%]   step 15338
[ 48%]   step 15339
[ 48%]   step 15340
[ 48%]   step 15341
[ 48%]   step 15342
[ 48%]   step 15343
[ 48%]   step 15344
[ 48%]   step 15345
[ 48%]   step 15346
[ 48%]   step 15347
[ 48%]   step 15348
[ 48%]   step 15349
[ 48%]   step 15350
[ 48%]   step 15351
[ 48%]   step 15352
[ 48%]   step 15353
[ 48%]   step 15354
[ 48%]   step 15355
[ 48%]   step 15356
[ 48%]   step 15357
[ 48%]   step 15358
[ 48%]   step 15359
[ 48%]   step 15360
[ 48%]   step 15361
[ 48%]   step 15362
[ 48%]   step 15363
+SWASH is processing output request    1
+SWASH is processing output request    2
[ 48%]   step 15364
[ 48%]   step 15365
[ 48%]   step 15366
[ 48%]   step 15367
[ 48%]   step 15368
[ 48%]   step 15369
[ 48%]   step 15370
[ 48%]   step 15371
[ 48%]   step 15372
[ 48%]   step 15373
[ 48%]   step 15374
[ 48%]   step 15375
[ 48%]   step 15376
[ 48%]   step 15377
[ 48%]   step 15378
[ 48%]   step 15379
[ 48%]   step 15380
[ 48%]   step 15381
[ 48%]   step 15382
[ 48%]   step 15383
[ 48%]   step 15384
[ 48%]   step 15385
[ 48%]   step 15386
[ 48%]   step 15387
[ 48%]   step 15388
[ 48%]   step 15389
[ 48%]   step 15390
[ 48%]   step 15391
[ 48%]   step 15392
[ 48%]   step 15393
[ 48%]   step 15394
[ 48%]   step 15395
[ 48%]   step 15396
[ 48%]   step 15397
[ 48%]   step 15398
[ 48%]   step 15399
[ 48%]   step 15400
[ 48%]   step 15401
[ 48%]   step 15402
[ 48%]   step 15403
[ 48%]   step 15404
[ 48%]   step 15405
+SWASH is processing output request    1
+SWASH is processing output request    2
[ 48%]   step 15406
[ 48%]   step 15407
[ 48%]   step 15408
[ 48%]   step 15409
[ 48%]   step 15410
[ 48%]   step 15411
[ 48%]   step 15412
[ 48%]   step 15413
[ 48%]   step 15414
[ 48%]   step 15415
[ 48%]   step 15416
[ 48%]   step 15417
[ 48%]   step 15418
[ 48%]   step 15419
[ 48%]   step 15420
[ 48%]   step 15421
[ 48%]   step 15422
[ 48%]   step 15423
[ 48%]   step 15424
[ 48%]   step 15425
[ 48%]   step 15426
[ 48%]   step 15427
[ 48%]   step 15428
[ 48%]   step 15429
[ 48%]   step 15430
[ 48%]   step 15431
[ 48%]   step 15432
[ 48%]   step 15433
[ 48%]   step 15434
[ 48%]   step 15435
[ 48%]   step 15436
[ 48%]   step 15437
[ 48%]   step 15438
[ 48%]   step 15439
[ 48%]   step 15440
[ 48%]   step 15441
[ 48%]   step 15442
[ 48%]   step 15443
[ 48%]   step 15444
[ 48%]   step 15445
[ 48%]   step 15446
+SWASH is processing output request    1
+SWASH is processing output request    2
[ 48%]   step 15447
[ 48%]   step 15448
[ 48%]   step 15449
[ 48%]   step 15450
[ 48%]   step 15451
[ 48%]   step 15452
[ 48%]   step 15453
[ 48%]   step 15454
[ 48%]   step 15455
[ 48%]   step 15456
[ 48%]   step 15457
[ 48%]   step 15458
[ 48%]   step 15459
[ 48%]   step 15460
[ 48%]   step 15461
[ 48%]   step 15462
[ 48%]   step 15463
[ 48%]   step 15464
[ 48%]   step 15465
[ 48%]   step 15466
[ 48%]   step 15467
[ 48%]   step 15468
[ 48%]   step 15469
[ 48%]   step 15470
[ 48%]   step 15471
[ 48%]   step 15472
[ 48%]   step 15473
[ 48%]   step 15474
[ 48%]   step 15475
[ 48%]   step 15476
[ 48%]   step 15477
[ 48%]   step 15478
[ 48%]   step 15479
[ 48%]   step 15480
[ 48%]   step 15481
[ 48%]   step 15482
[ 48%]   step 15483
[ 48%]   step 15484
[ 48%]   step 15485
[ 48%]   step 15486
[ 48%]   step 15487
+SWASH is processing output request    1
+SWASH is processing output request    2
[ 48%]   step 15488
[ 48%]   step 15489
[ 48%]   step 15490
[ 48%]   step 15491
[ 48%]   step 15492
[ 48%]   step 15493
[ 48%]   step 15494
[ 48%]   step 15495
[ 48%]   step 15496
[ 48%]   step 15497
[ 48%]   step 15498
[ 48%]   step 15499
[ 48%]   step 15500
[ 48%]   step 15501
[ 48%]   step 15502
[ 48%]   step 15503
[ 48%]   step 15504
[ 48%]   step 15505
[ 48%]   step 15506
[ 48%]   step 15507
[ 48%]   step 15508
[ 48%]   step 15509
[ 48%]   step 15510
[ 48%]   step 15511
[ 48%]   step 15512
[ 48%]   step 15513
[ 48%]   step 15514
[ 48%]   step 15515
[ 48%]   step 15516
[ 48%]   step 15517
[ 48%]   step 15518
[ 48%]   step 15519
[ 48%]   step 15520
[ 48%]   step 15521
[ 48%]   step 15522
[ 48%]   step 15523
[ 48%]   step 15524
[ 48%]   step 15525
[ 48%]   step 15526
[ 48%]   step 15527
[ 48%]   step 15528
+SWASH is processing output request    1
+SWASH is processing output request    2
[ 48%]   step 15529
[ 48%]   step 15530
[ 48%]   step 15531
[ 48%]   step 15532
[ 48%]   step 15533
[ 48%]   step 15534
[ 48%]   step 15535
[ 48%]   step 15536
[ 48%]   step 15537
[ 48%]   step 15538
[ 48%]   step 15539
[ 49%]   step 15540
[ 49%]   step 15541
[ 49%]   step 15542
[ 49%]   step 15543
[ 49%]   step 15544
[ 49%]   step 15545
[ 49%]   step 15546
[ 49%]   step 15547
[ 49%]   step 15548
[ 49%]   step 15549
[ 49%]   step 15550
[ 49%]   step 15551
[ 49%]   step 15552
[ 49%]   step 15553
[ 49%]   step 15554
[ 49%]   step 15555
[ 49%]   step 15556
[ 49%]   step 15557
[ 49%]   step 15558
[ 49%]   step 15559
[ 49%]   step 15560
[ 49%]   step 15561
[ 49%]   step 15562
[ 49%]   step 15563
[ 49%]   step 15564
[ 49%]   step 15565
[ 49%]   step 15566
[ 49%]   step 15567
[ 49%]   step 15568
[ 49%]   step 15569
+SWASH is processing output request    1
+SWASH is processing output request    2
[ 49%]   step 15570
[ 49%]   step 15571
[ 49%]   step 15572
[ 49%]   step 15573
[ 49%]   step 15574
[ 49%]   step 15575
[ 49%]   step 15576
[ 49%]   step 15577
[ 49%]   step 15578
[ 49%]   step 15579
[ 49%]   step 15580
[ 49%]   step 15581
[ 49%]   step 15582
[ 49%]   step 15583
[ 49%]   step 15584
[ 49%]   step 15585
[ 49%]   step 15586
[ 49%]   step 15587
[ 49%]   step 15588
[ 49%]   step 15589
[ 49%]   step 15590
[ 49%]   step 15591
[ 49%]   step 15592
[ 49%]   step 15593
[ 49%]   step 15594
[ 49%]   step 15595
[ 49%]   step 15596
[ 49%]   step 15597
[ 49%]   step 15598
[ 49%]   step 15599
[ 49%]   step 15600
[ 49%]   step 15601
[ 49%]   step 15602
[ 49%]   step 15603
[ 49%]   step 15604
[ 49%]   step 15605
[ 49%]   step 15606
[ 49%]   step 15607
[ 49%]   step 15608
[ 49%]   step 15609
[ 49%]   step 15610
+SWASH is processing output request    1
+SWASH is processing output request    2
[ 49%]   step 15611
[ 49%]   step 15612
[ 49%]   step 15613
[ 49%]   step 15614
[ 49%]   step 15615
[ 49%]   step 15616
[ 49%]   step 15617
[ 49%]   step 15618
[ 49%]   step 15619
[ 49%]   step 15620
[ 49%]   step 15621
[ 49%]   step 15622
[ 49%]   step 15623
[ 49%]   step 15624
[ 49%]   step 15625
[ 49%]   step 15626
[ 49%]   step 15627
[ 49%]   step 15628
[ 49%]   step 15629
[ 49%]   step 15630
[ 49%]   step 15631
[ 49%]   step 15632
[ 49%]   step 15633
[ 49%]   step 15634
[ 49%]   step 15635
[ 49%]   step 15636
[ 49%]   step 15637
[ 49%]   step 15638
[ 49%]   step 15639
[ 49%]   step 15640
[ 49%]   step 15641
[ 49%]   step 15642
[ 49%]   step 15643
[ 49%]   step 15644
[ 49%]   step 15645
[ 49%]   step 15646
[ 49%]   step 15647
[ 49%]   step 15648
[ 49%]   step 15649
[ 49%]   step 15650
[ 49%]   step 15651
+SWASH is processing output request    1
+SWASH is processing output request    2
[ 49%]   step 15652
[ 49%]   step 15653
[ 49%]   step 15654
[ 49%]   step 15655
[ 49%]   step 15656
[ 49%]   step 15657
[ 49%]   step 15658
[ 49%]   step 15659
[ 49%]   step 15660
[ 49%]   step 15661
[ 49%]   step 15662
[ 49%]   step 15663
[ 49%]   step 15664
[ 49%]   step 15665
[ 49%]   step 15666
[ 49%]   step 15667
[ 49%]   step 15668
[ 49%]   step 15669
[ 49%]   step 15670
[ 49%]   step 15671
[ 49%]   step 15672
[ 49%]   step 15673
[ 49%]   step 15674
[ 49%]   step 15675
[ 49%]   step 15676
[ 49%]   step 15677
[ 49%]   step 15678
[ 49%]   step 15679
[ 49%]   step 15680
[ 49%]   step 15681
[ 49%]   step 15682
[ 49%]   step 15683
[ 49%]   step 15684
[ 49%]   step 15685
[ 49%]   step 15686
[ 49%]   step 15687
[ 49%]   step 15688
[ 49%]   step 15689
[ 49%]   step 15690
[ 49%]   step 15691
[ 49%]   step 15692
+SWASH is processing output request    1
+SWASH is processing output request    2
[ 49%]   step 15693
[ 49%]   step 15694
[ 49%]   step 15695
[ 49%]   step 15696
[ 49%]   step 15697
[ 49%]   step 15698
[ 49%]   step 15699
[ 49%]   step 15700
[ 49%]   step 15701
[ 49%]   step 15702
[ 49%]   step 15703
[ 49%]   step 15704
[ 49%]   step 15705
[ 49%]   step 15706
[ 49%]   step 15707
[ 49%]   step 15708
[ 49%]   step 15709
[ 49%]   step 15710
[ 49%]   step 15711
[ 49%]   step 15712
[ 49%]   step 15713
[ 49%]   step 15714
[ 49%]   step 15715
[ 49%]   step 15716
[ 49%]   step 15717
[ 49%]   step 15718
[ 49%]   step 15719
[ 49%]   step 15720
[ 49%]   step 15721
[ 49%]   step 15722
[ 49%]   step 15723
[ 49%]   step 15724
[ 49%]   step 15725
[ 49%]   step 15726
[ 49%]   step 15727
[ 49%]   step 15728
[ 49%]   step 15729
[ 49%]   step 15730
[ 49%]   step 15731
[ 49%]   step 15732
[ 49%]   step 15733
+SWASH is processing output request    1
+SWASH is processing output request    2
[ 49%]   step 15734
[ 49%]   step 15735
[ 49%]   step 15736
[ 49%]   step 15737
[ 49%]   step 15738
[ 49%]   step 15739
[ 49%]   step 15740
[ 49%]   step 15741
[ 49%]   step 15742
[ 49%]   step 15743
[ 49%]   step 15744
[ 49%]   step 15745
[ 49%]   step 15746
[ 49%]   step 15747
[ 49%]   step 15748
[ 49%]   step 15749
[ 49%]   step 15750
[ 49%]   step 15751
[ 49%]   step 15752
[ 49%]   step 15753
[ 49%]   step 15754
[ 49%]   step 15755
[ 49%]   step 15756
[ 49%]   step 15757
[ 49%]   step 15758
[ 49%]   step 15759
[ 49%]   step 15760
[ 49%]   step 15761
[ 49%]   step 15762
[ 49%]   step 15763
[ 49%]   step 15764
[ 49%]   step 15765
[ 49%]   step 15766
[ 49%]   step 15767
[ 49%]   step 15768
[ 49%]   step 15769
[ 49%]   step 15770
[ 49%]   step 15771
[ 49%]   step 15772
[ 49%]   step 15773
[ 49%]   step 15774
+SWASH is processing output request    1
+SWASH is processing output request    2
[ 49%]   step 15775
[ 49%]   step 15776
[ 49%]   step 15777
[ 49%]   step 15778
[ 49%]   step 15779
[ 49%]   step 15780
[ 49%]   step 15781
[ 49%]   step 15782
[ 49%]   step 15783
[ 49%]   step 15784
[ 49%]   step 15785
[ 49%]   step 15786
[ 49%]   step 15787
[ 49%]   step 15788
[ 49%]   step 15789
[ 49%]   step 15790
[ 49%]   step 15791
[ 49%]   step 15792
[ 49%]   step 15793
[ 49%]   step 15794
[ 49%]   step 15795
[ 49%]   step 15796
[ 49%]   step 15797
[ 49%]   step 15798
[ 49%]   step 15799
[ 49%]   step 15800
[ 49%]   step 15801
[ 49%]   step 15802
[ 49%]   step 15803
[ 49%]   step 15804
[ 49%]   step 15805
[ 49%]   step 15806
[ 49%]   step 15807
[ 49%]   step 15808
[ 49%]   step 15809
[ 49%]   step 15810
[ 49%]   step 15811
[ 49%]   step 15812
[ 49%]   step 15813
[ 49%]   step 15814
[ 49%]   step 15815
+SWASH is processing output request    1
+SWASH is processing output request    2
[ 49%]   step 15816
[ 49%]   step 15817
[ 49%]   step 15818
[ 49%]   step 15819
[ 49%]   step 15820
[ 49%]   step 15821
[ 49%]   step 15822
[ 49%]   step 15823
[ 49%]   step 15824
[ 49%]   step 15825
[ 49%]   step 15826
[ 49%]   step 15827
[ 49%]   step 15828
[ 49%]   step 15829
[ 49%]   step 15830
[ 49%]   step 15831
[ 49%]   step 15832
[ 49%]   step 15833
[ 49%]   step 15834
[ 49%]   step 15835
[ 49%]   step 15836
[ 49%]   step 15837
[ 49%]   step 15838
[ 49%]   step 15839
[ 49%]   step 15840
[ 49%]   step 15841
[ 49%]   step 15842
[ 49%]   step 15843
[ 49%]   step 15844
[ 49%]   step 15845
[ 49%]   step 15846
[ 49%]   step 15847
[ 49%]   step 15848
[ 49%]   step 15849
[ 49%]   step 15850
[ 49%]   step 15851
[ 49%]   step 15852
[ 49%]   step 15853
[ 49%]   step 15854
[ 49%]   step 15855
[ 49%]   step 15856
+SWASH is processing output request    1
+SWASH is processing output request    2
[ 49%]   step 15857
[ 49%]   step 15858
[ 49%]   step 15859
[ 50%]   step 15860
[ 50%]   step 15861
[ 50%]   step 15862
[ 50%]   step 15863
[ 50%]   step 15864
[ 50%]   step 15865
[ 50%]   step 15866
[ 50%]   step 15867
[ 50%]   step 15868
[ 50%]   step 15869
[ 50%]   step 15870
[ 50%]   step 15871
[ 50%]   step 15872
[ 50%]   step 15873
[ 50%]   step 15874
[ 50%]   step 15875
[ 50%]   step 15876
[ 50%]   step 15877
[ 50%]   step 15878
[ 50%]   step 15879
[ 50%]   step 15880
[ 50%]   step 15881
[ 50%]   step 15882
[ 50%]   step 15883
[ 50%]   step 15884
[ 50%]   step 15885
[ 50%]   step 15886
[ 50%]   step 15887
[ 50%]   step 15888
[ 50%]   step 15889
[ 50%]   step 15890
[ 50%]   step 15891
[ 50%]   step 15892
[ 50%]   step 15893
[ 50%]   step 15894
[ 50%]   step 15895
[ 50%]   step 15896
[ 50%]   step 15897
+SWASH is processing output request    1
+SWASH is processing output request    2
[ 50%]   step 15898
[ 50%]   step 15899
[ 50%]   step 15900
[ 50%]   step 15901
[ 50%]   step 15902
[ 50%]   step 15903
[ 50%]   step 15904
[ 50%]   step 15905
[ 50%]   step 15906
[ 50%]   step 15907
[ 50%]   step 15908
[ 50%]   step 15909
[ 50%]   step 15910
[ 50%]   step 15911
[ 50%]   step 15912
[ 50%]   step 15913
[ 50%]   step 15914
[ 50%]   step 15915
[ 50%]   step 15916
[ 50%]   step 15917
[ 50%]   step 15918
[ 50%]   step 15919
[ 50%]   step 15920
[ 50%]   step 15921
[ 50%]   step 15922
[ 50%]   step 15923
[ 50%]   step 15924
[ 50%]   step 15925
[ 50%]   step 15926
[ 50%]   step 15927
[ 50%]   step 15928
[ 50%]   step 15929
[ 50%]   step 15930
[ 50%]   step 15931
[ 50%]   step 15932
[ 50%]   step 15933
[ 50%]   step 15934
[ 50%]   step 15935
[ 50%]   step 15936
[ 50%]   step 15937
[ 50%]   step 15938
[ 50%]   step 15939
+SWASH is processing output request    1
+SWASH is processing output request    2
[ 50%]   step 15940
[ 50%]   step 15941
[ 50%]   step 15942
[ 50%]   step 15943
[ 50%]   step 15944
[ 50%]   step 15945
[ 50%]   step 15946
[ 50%]   step 15947
[ 50%]   step 15948
[ 50%]   step 15949
[ 50%]   step 15950
[ 50%]   step 15951
[ 50%]   step 15952
[ 50%]   step 15953
[ 50%]   step 15954
[ 50%]   step 15955
[ 50%]   step 15956
[ 50%]   step 15957
[ 50%]   step 15958
[ 50%]   step 15959
[ 50%]   step 15960
[ 50%]   step 15961
[ 50%]   step 15962
[ 50%]   step 15963
[ 50%]   step 15964
[ 50%]   step 15965
[ 50%]   step 15966
[ 50%]   step 15967
[ 50%]   step 15968
[ 50%]   step 15969
[ 50%]   step 15970
[ 50%]   step 15971
[ 50%]   step 15972
[ 50%]   step 15973
[ 50%]   step 15974
[ 50%]   step 15975
[ 50%]   step 15976
[ 50%]   step 15977
[ 50%]   step 15978
[ 50%]   step 15979
[ 50%]   step 15980
+SWASH is processing output request    1
+SWASH is processing output request    2
[ 50%]   step 15981
[ 50%]   step 15982
[ 50%]   step 15983
[ 50%]   step 15984
[ 50%]   step 15985
[ 50%]   step 15986
[ 50%]   step 15987
[ 50%]   step 15988
[ 50%]   step 15989
[ 50%]   step 15990
[ 50%]   step 15991
[ 50%]   step 15992
[ 50%]   step 15993
[ 50%]   step 15994
[ 50%]   step 15995
[ 50%]   step 15996
[ 50%]   step 15997
[ 50%]   step 15998
[ 50%]   step 15999
[ 50%]   step 16000
[ 50%]   step 16001
[ 50%]   step 16002
[ 50%]   step 16003
[ 50%]   step 16004
[ 50%]   step 16005
[ 50%]   step 16006
[ 50%]   step 16007
[ 50%]   step 16008
[ 50%]   step 16009
[ 50%]   step 16010
[ 50%]   step 16011
[ 50%]   step 16012
[ 50%]   step 16013
[ 50%]   step 16014
[ 50%]   step 16015
[ 50%]   step 16016
[ 50%]   step 16017
[ 50%]   step 16018
[ 50%]   step 16019
[ 50%]   step 16020
[ 50%]   step 16021
+SWASH is processing output request    1
+SWASH is processing output request    2
[ 50%]   step 16022
[ 50%]   step 16023
[ 50%]   step 16024
[ 50%]   step 16025
[ 50%]   step 16026
[ 50%]   step 16027
[ 50%]   step 16028
[ 50%]   step 16029
[ 50%]   step 16030
[ 50%]   step 16031
[ 50%]   step 16032
[ 50%]   step 16033
[ 50%]   step 16034
[ 50%]   step 16035
[ 50%]   step 16036
[ 50%]   step 16037
[ 50%]   step 16038
[ 50%]   step 16039
[ 50%]   step 16040
[ 50%]   step 16041
[ 50%]   step 16042
[ 50%]   step 16043
[ 50%]   step 16044
[ 50%]   step 16045
[ 50%]   step 16046
[ 50%]   step 16047
[ 50%]   step 16048
[ 50%]   step 16049
[ 50%]   step 16050
[ 50%]   step 16051
[ 50%]   step 16052
[ 50%]   step 16053
[ 50%]   step 16054
[ 50%]   step 16055
[ 50%]   step 16056
[ 50%]   step 16057
[ 50%]   step 16058
[ 50%]   step 16059
[ 50%]   step 16060
[ 50%]   step 16061
[ 50%]   step 16062
+SWASH is processing output request    1
+SWASH is processing output request    2
[ 50%]   step 16063
[ 50%]   step 16064
[ 50%]   step 16065
[ 50%]   step 16066
[ 50%]   step 16067
[ 50%]   step 16068
[ 50%]   step 16069
[ 50%]   step 16070
[ 50%]   step 16071
[ 50%]   step 16072
[ 50%]   step 16073
[ 50%]   step 16074
[ 50%]   step 16075
[ 50%]   step 16076
[ 50%]   step 16077
[ 50%]   step 16078
[ 50%]   step 16079
[ 50%]   step 16080
[ 50%]   step 16081
[ 50%]   step 16082
[ 50%]   step 16083
[ 50%]   step 16084
[ 50%]   step 16085
[ 50%]   step 16086
[ 50%]   step 16087
[ 50%]   step 16088
[ 50%]   step 16089
[ 50%]   step 16090
[ 50%]   step 16091
[ 50%]   step 16092
[ 50%]   step 16093
[ 50%]   step 16094
[ 50%]   step 16095
[ 50%]   step 16096
[ 50%]   step 16097
[ 50%]   step 16098
[ 50%]   step 16099
[ 50%]   step 16100
[ 50%]   step 16101
[ 50%]   step 16102
[ 50%]   step 16103
+SWASH is processing output request    1
+SWASH is processing output request    2
[ 50%]   step 16104
[ 50%]   step 16105
[ 50%]   step 16106
[ 50%]   step 16107
[ 50%]   step 16108
[ 50%]   step 16109
[ 50%]   step 16110
[ 50%]   step 16111
[ 50%]   step 16112
[ 50%]   step 16113
[ 50%]   step 16114
[ 50%]   step 16115
[ 50%]   step 16116
[ 50%]   step 16117
[ 50%]   step 16118
[ 50%]   step 16119
[ 50%]   step 16120
[ 50%]   step 16121
[ 50%]   step 16122
[ 50%]   step 16123
[ 50%]   step 16124
[ 50%]   step 16125
[ 50%]   step 16126
[ 50%]   step 16127
[ 50%]   step 16128
[ 50%]   step 16129
[ 50%]   step 16130
[ 50%]   step 16131
[ 50%]   step 16132
[ 50%]   step 16133
[ 50%]   step 16134
[ 50%]   step 16135
[ 50%]   step 16136
[ 50%]   step 16137
[ 50%]   step 16138
[ 50%]   step 16139
[ 50%]   step 16140
[ 50%]   step 16141
[ 50%]   step 16142
[ 50%]   step 16143
[ 50%]   step 16144
+SWASH is processing output request    1
+SWASH is processing output request    2
[ 50%]   step 16145
[ 50%]   step 16146
[ 50%]   step 16147
[ 50%]   step 16148
[ 50%]   step 16149
[ 50%]   step 16150
[ 50%]   step 16151
[ 50%]   step 16152
[ 50%]   step 16153
[ 50%]   step 16154
[ 50%]   step 16155
[ 50%]   step 16156
[ 50%]   step 16157
[ 50%]   step 16158
[ 50%]   step 16159
[ 50%]   step 16160
[ 50%]   step 16161
[ 50%]   step 16162
[ 50%]   step 16163
[ 50%]   step 16164
[ 50%]   step 16165
[ 50%]   step 16166
[ 50%]   step 16167
[ 50%]   step 16168
[ 50%]   step 16169
[ 50%]   step 16170
[ 50%]   step 16171
[ 50%]   step 16172
[ 50%]   step 16173
[ 50%]   step 16174
[ 50%]   step 16175
[ 50%]   step 16176
[ 50%]   step 16177
[ 50%]   step 16178
[ 50%]   step 16179
[ 50%]   step 16180
[ 51%]   step 16181
[ 51%]   step 16182
[ 51%]   step 16183
[ 51%]   step 16184
[ 51%]   step 16185
+SWASH is processing output request    1
+SWASH is processing output request    2
[ 51%]   step 16186
[ 51%]   step 16187
[ 51%]   step 16188
[ 51%]   step 16189
[ 51%]   step 16190
[ 51%]   step 16191
[ 51%]   step 16192
[ 51%]   step 16193
[ 51%]   step 16194
[ 51%]   step 16195
[ 51%]   step 16196
[ 51%]   step 16197
[ 51%]   step 16198
[ 51%]   step 16199
[ 51%]   step 16200
[ 51%]   step 16201
[ 51%]   step 16202
[ 51%]   step 16203
[ 51%]   step 16204
[ 51%]   step 16205
[ 51%]   step 16206
[ 51%]   step 16207
[ 51%]   step 16208
[ 51%]   step 16209
[ 51%]   step 16210
[ 51%]   step 16211
[ 51%]   step 16212
[ 51%]   step 16213
[ 51%]   step 16214
[ 51%]   step 16215
[ 51%]   step 16216
[ 51%]   step 16217
[ 51%]   step 16218
[ 51%]   step 16219
[ 51%]   step 16220
[ 51%]   step 16221
[ 51%]   step 16222
[ 51%]   step 16223
[ 51%]   step 16224
[ 51%]   step 16225
[ 51%]   step 16226
+SWASH is processing output request    1
+SWASH is processing output request    2
[ 51%]   step 16227
[ 51%]   step 16228
[ 51%]   step 16229
[ 51%]   step 16230
[ 51%]   step 16231
[ 51%]   step 16232
[ 51%]   step 16233
[ 51%]   step 16234
[ 51%]   step 16235
[ 51%]   step 16236
[ 51%]   step 16237
[ 51%]   step 16238
[ 51%]   step 16239
[ 51%]   step 16240
[ 51%]   step 16241
[ 51%]   step 16242
[ 51%]   step 16243
[ 51%]   step 16244
[ 51%]   step 16245
[ 51%]   step 16246
[ 51%]   step 16247
[ 51%]   step 16248
[ 51%]   step 16249
[ 51%]   step 16250
[ 51%]   step 16251
[ 51%]   step 16252
[ 51%]   step 16253
[ 51%]   step 16254
[ 51%]   step 16255
[ 51%]   step 16256
[ 51%]   step 16257
[ 51%]   step 16258
[ 51%]   step 16259
[ 51%]   step 16260
[ 51%]   step 16261
[ 51%]   step 16262
[ 51%]   step 16263
[ 51%]   step 16264
[ 51%]   step 16265
[ 51%]   step 16266
[ 51%]   step 16267
+SWASH is processing output request    1
+SWASH is processing output request    2
[ 51%]   step 16268
[ 51%]   step 16269
[ 51%]   step 16270
[ 51%]   step 16271
[ 51%]   step 16272
[ 51%]   step 16273
[ 51%]   step 16274
[ 51%]   step 16275
[ 51%]   step 16276
[ 51%]   step 16277
[ 51%]   step 16278
[ 51%]   step 16279
[ 51%]   step 16280
[ 51%]   step 16281
[ 51%]   step 16282
[ 51%]   step 16283
[ 51%]   step 16284
[ 51%]   step 16285
[ 51%]   step 16286
[ 51%]   step 16287
[ 51%]   step 16288
[ 51%]   step 16289
[ 51%]   step 16290
[ 51%]   step 16291
[ 51%]   step 16292
[ 51%]   step 16293
[ 51%]   step 16294
[ 51%]   step 16295
[ 51%]   step 16296
[ 51%]   step 16297
[ 51%]   step 16298
[ 51%]   step 16299
[ 51%]   step 16300
[ 51%]   step 16301
[ 51%]   step 16302
[ 51%]   step 16303
[ 51%]   step 16304
[ 51%]   step 16305
[ 51%]   step 16306
[ 51%]   step 16307
[ 51%]   step 16308
+SWASH is processing output request    1
+SWASH is processing output request    2
[ 51%]   step 16309
[ 51%]   step 16310
[ 51%]   step 16311
[ 51%]   step 16312
[ 51%]   step 16313
[ 51%]   step 16314
[ 51%]   step 16315
[ 51%]   step 16316
[ 51%]   step 16317
[ 51%]   step 16318
[ 51%]   step 16319
[ 51%]   step 16320
[ 51%]   step 16321
[ 51%]   step 16322
[ 51%]   step 16323
[ 51%]   step 16324
[ 51%]   step 16325
[ 51%]   step 16326
[ 51%]   step 16327
[ 51%]   step 16328
[ 51%]   step 16329
[ 51%]   step 16330
[ 51%]   step 16331
[ 51%]   step 16332
[ 51%]   step 16333
[ 51%]   step 16334
[ 51%]   step 16335
[ 51%]   step 16336
[ 51%]   step 16337
[ 51%]   step 16338
[ 51%]   step 16339
[ 51%]   step 16340
[ 51%]   step 16341
[ 51%]   step 16342
[ 51%]   step 16343
[ 51%]   step 16344
[ 51%]   step 16345
[ 51%]   step 16346
[ 51%]   step 16347
[ 51%]   step 16348
[ 51%]   step 16349
+SWASH is processing output request    1
+SWASH is processing output request    2
[ 51%]   step 16350
[ 51%]   step 16351
[ 51%]   step 16352
[ 51%]   step 16353
[ 51%]   step 16354
[ 51%]   step 16355
[ 51%]   step 16356
[ 51%]   step 16357
[ 51%]   step 16358
[ 51%]   step 16359
[ 51%]   step 16360
[ 51%]   step 16361
[ 51%]   step 16362
[ 51%]   step 16363
[ 51%]   step 16364
[ 51%]   step 16365
[ 51%]   step 16366
[ 51%]   step 16367
[ 51%]   step 16368
[ 51%]   step 16369
[ 51%]   step 16370
[ 51%]   step 16371
[ 51%]   step 16372
[ 51%]   step 16373
[ 51%]   step 16374
[ 51%]   step 16375
[ 51%]   step 16376
[ 51%]   step 16377
[ 51%]   step 16378
[ 51%]   step 16379
[ 51%]   step 16380
[ 51%]   step 16381
[ 51%]   step 16382
[ 51%]   step 16383
[ 51%]   step 16384
[ 51%]   step 16385
[ 51%]   step 16386
[ 51%]   step 16387
[ 51%]   step 16388
[ 51%]   step 16389
[ 51%]   step 16390
+SWASH is processing output request    1
+SWASH is processing output request    2
[ 51%]   step 16391
[ 51%]   step 16392
[ 51%]   step 16393
[ 51%]   step 16394
[ 51%]   step 16395
[ 51%]   step 16396
[ 51%]   step 16397
[ 51%]   step 16398
[ 51%]   step 16399
[ 51%]   step 16400
[ 51%]   step 16401
[ 51%]   step 16402
[ 51%]   step 16403
[ 51%]   step 16404
[ 51%]   step 16405
[ 51%]   step 16406
[ 51%]   step 16407
[ 51%]   step 16408
[ 51%]   step 16409
[ 51%]   step 16410
[ 51%]   step 16411
[ 51%]   step 16412
[ 51%]   step 16413
[ 51%]   step 16414
[ 51%]   step 16415
[ 51%]   step 16416
[ 51%]   step 16417
[ 51%]   step 16418
[ 51%]   step 16419
[ 51%]   step 16420
[ 51%]   step 16421
[ 51%]   step 16422
[ 51%]   step 16423
[ 51%]   step 16424
[ 51%]   step 16425
[ 51%]   step 16426
[ 51%]   step 16427
[ 51%]   step 16428
[ 51%]   step 16429
[ 51%]   step 16430
[ 51%]   step 16431
+SWASH is processing output request    1
+SWASH is processing output request    2
[ 51%]   step 16432
[ 51%]   step 16433
[ 51%]   step 16434
[ 51%]   step 16435
[ 51%]   step 16436
[ 51%]   step 16437
[ 51%]   step 16438
[ 51%]   step 16439
[ 51%]   step 16440
[ 51%]   step 16441
[ 51%]   step 16442
[ 51%]   step 16443
[ 51%]   step 16444
[ 51%]   step 16445
[ 51%]   step 16446
[ 51%]   step 16447
[ 51%]   step 16448
[ 51%]   step 16449
[ 51%]   step 16450
[ 51%]   step 16451
[ 51%]   step 16452
[ 51%]   step 16453
[ 51%]   step 16454
[ 51%]   step 16455
[ 51%]   step 16456
[ 51%]   step 16457
[ 51%]   step 16458
[ 51%]   step 16459
[ 51%]   step 16460
[ 51%]   step 16461
[ 51%]   step 16462
[ 51%]   step 16463
[ 51%]   step 16464
[ 51%]   step 16465
[ 51%]   step 16466
[ 51%]   step 16467
[ 51%]   step 16468
[ 51%]   step 16469
[ 51%]   step 16470
[ 51%]   step 16471
[ 51%]   step 16472
[ 51%]   step 16473
+SWASH is processing output request    1
+SWASH is processing output request    2
[ 51%]   step 16474
[ 51%]   step 16475
[ 51%]   step 16476
[ 51%]   step 16477
[ 51%]   step 16478
[ 51%]   step 16479
[ 51%]   step 16480
[ 51%]   step 16481
[ 51%]   step 16482
[ 51%]   step 16483
[ 51%]   step 16484
[ 51%]   step 16485
[ 51%]   step 16486
[ 51%]   step 16487
[ 51%]   step 16488
[ 51%]   step 16489
[ 51%]   step 16490
[ 51%]   step 16491
[ 51%]   step 16492
[ 51%]   step 16493
[ 51%]   step 16494
[ 51%]   step 16495
[ 51%]   step 16496
[ 51%]   step 16497
[ 51%]   step 16498
[ 51%]   step 16499
[ 51%]   step 16500
[ 52%]   step 16501
[ 52%]   step 16502
[ 52%]   step 16503
[ 52%]   step 16504
[ 52%]   step 16505
[ 52%]   step 16506
[ 52%]   step 16507
[ 52%]   step 16508
[ 52%]   step 16509
[ 52%]   step 16510
[ 52%]   step 16511
[ 52%]   step 16512
[ 52%]   step 16513
[ 52%]   step 16514
+SWASH is processing output request    1
+SWASH is processing output request    2
[ 52%]   step 16515
[ 52%]   step 16516
[ 52%]   step 16517
[ 52%]   step 16518
[ 52%]   step 16519
[ 52%]   step 16520
[ 52%]   step 16521
[ 52%]   step 16522
[ 52%]   step 16523
[ 52%]   step 16524
[ 52%]   step 16525
[ 52%]   step 16526
[ 52%]   step 16527
[ 52%]   step 16528
[ 52%]   step 16529
[ 52%]   step 16530
[ 52%]   step 16531
[ 52%]   step 16532
[ 52%]   step 16533
[ 52%]   step 16534
[ 52%]   step 16535
[ 52%]   step 16536
[ 52%]   step 16537
[ 52%]   step 16538
[ 52%]   step 16539
[ 52%]   step 16540
[ 52%]   step 16541
[ 52%]   step 16542
[ 52%]   step 16543
[ 52%]   step 16544
[ 52%]   step 16545
[ 52%]   step 16546
[ 52%]   step 16547
[ 52%]   step 16548
[ 52%]   step 16549
[ 52%]   step 16550
[ 52%]   step 16551
[ 52%]   step 16552
[ 52%]   step 16553
[ 52%]   step 16554
[ 52%]   step 16555
+SWASH is processing output request    1
+SWASH is processing output request    2
[ 52%]   step 16556
[ 52%]   step 16557
[ 52%]   step 16558
[ 52%]   step 16559
[ 52%]   step 16560
[ 52%]   step 16561
[ 52%]   step 16562
[ 52%]   step 16563
[ 52%]   step 16564
[ 52%]   step 16565
[ 52%]   step 16566
[ 52%]   step 16567
[ 52%]   step 16568
[ 52%]   step 16569
[ 52%]   step 16570
[ 52%]   step 16571
[ 52%]   step 16572
[ 52%]   step 16573
[ 52%]   step 16574
[ 52%]   step 16575
[ 52%]   step 16576
[ 52%]   step 16577
[ 52%]   step 16578
[ 52%]   step 16579
[ 52%]   step 16580
[ 52%]   step 16581
[ 52%]   step 16582
[ 52%]   step 16583
[ 52%]   step 16584
[ 52%]   step 16585
[ 52%]   step 16586
[ 52%]   step 16587
[ 52%]   step 16588
[ 52%]   step 16589
[ 52%]   step 16590
[ 52%]   step 16591
[ 52%]   step 16592
[ 52%]   step 16593
[ 52%]   step 16594
[ 52%]   step 16595
[ 52%]   step 16596
+SWASH is processing output request    1
+SWASH is processing output request    2
[ 52%]   step 16597
[ 52%]   step 16598
[ 52%]   step 16599
[ 52%]   step 16600
[ 52%]   step 16601
[ 52%]   step 16602
[ 52%]   step 16603
[ 52%]   step 16604
[ 52%]   step 16605
[ 52%]   step 16606
[ 52%]   step 16607
[ 52%]   step 16608
[ 52%]   step 16609
[ 52%]   step 16610
[ 52%]   step 16611
[ 52%]   step 16612
[ 52%]   step 16613
[ 52%]   step 16614
[ 52%]   step 16615
[ 52%]   step 16616
[ 52%]   step 16617
[ 52%]   step 16618
[ 52%]   step 16619
[ 52%]   step 16620
[ 52%]   step 16621
[ 52%]   step 16622
[ 52%]   step 16623
[ 52%]   step 16624
[ 52%]   step 16625
[ 52%]   step 16626
[ 52%]   step 16627
[ 52%]   step 16628
[ 52%]   step 16629
[ 52%]   step 16630
[ 52%]   step 16631
[ 52%]   step 16632
[ 52%]   step 16633
[ 52%]   step 16634
[ 52%]   step 16635
[ 52%]   step 16636
[ 52%]   step 16637
+SWASH is processing output request    1
+SWASH is processing output request    2
[ 52%]   step 16638
[ 52%]   step 16639
[ 52%]   step 16640
[ 52%]   step 16641
[ 52%]   step 16642
[ 52%]   step 16643
[ 52%]   step 16644
[ 52%]   step 16645
[ 52%]   step 16646
[ 52%]   step 16647
[ 52%]   step 16648
[ 52%]   step 16649
[ 52%]   step 16650
[ 52%]   step 16651
[ 52%]   step 16652
[ 52%]   step 16653
[ 52%]   step 16654
[ 52%]   step 16655
[ 52%]   step 16656
[ 52%]   step 16657
[ 52%]   step 16658
[ 52%]   step 16659
[ 52%]   step 16660
[ 52%]   step 16661
[ 52%]   step 16662
[ 52%]   step 16663
[ 52%]   step 16664
[ 52%]   step 16665
[ 52%]   step 16666
[ 52%]   step 16667
[ 52%]   step 16668
[ 52%]   step 16669
[ 52%]   step 16670
[ 52%]   step 16671
[ 52%]   step 16672
[ 52%]   step 16673
[ 52%]   step 16674
[ 52%]   step 16675
[ 52%]   step 16676
[ 52%]   step 16677
[ 52%]   step 16678
+SWASH is processing output request    1
+SWASH is processing output request    2
[ 52%]   step 16679
[ 52%]   step 16680
[ 52%]   step 16681
[ 52%]   step 16682
[ 52%]   step 16683
[ 52%]   step 16684
[ 52%]   step 16685
[ 52%]   step 16686
[ 52%]   step 16687
[ 52%]   step 16688
[ 52%]   step 16689
[ 52%]   step 16690
[ 52%]   step 16691
[ 52%]   step 16692
[ 52%]   step 16693
[ 52%]   step 16694
[ 52%]   step 16695
[ 52%]   step 16696
[ 52%]   step 16697
[ 52%]   step 16698
[ 52%]   step 16699
[ 52%]   step 16700
[ 52%]   step 16701
[ 52%]   step 16702
[ 52%]   step 16703
[ 52%]   step 16704
[ 52%]   step 16705
[ 52%]   step 16706
[ 52%]   step 16707
[ 52%]   step 16708
[ 52%]   step 16709
[ 52%]   step 16710
[ 52%]   step 16711
[ 52%]   step 16712
[ 52%]   step 16713
[ 52%]   step 16714
[ 52%]   step 16715
[ 52%]   step 16716
[ 52%]   step 16717
[ 52%]   step 16718
[ 52%]   step 16719
+SWASH is processing output request    1
+SWASH is processing output request    2
[ 52%]   step 16720
[ 52%]   step 16721
[ 52%]   step 16722
[ 52%]   step 16723
[ 52%]   step 16724
[ 52%]   step 16725
[ 52%]   step 16726
[ 52%]   step 16727
[ 52%]   step 16728
[ 52%]   step 16729
[ 52%]   step 16730
[ 52%]   step 16731
[ 52%]   step 16732
[ 52%]   step 16733
[ 52%]   step 16734
[ 52%]   step 16735
[ 52%]   step 16736
[ 52%]   step 16737
[ 52%]   step 16738
[ 52%]   step 16739
[ 52%]   step 16740
[ 52%]   step 16741
[ 52%]   step 16742
[ 52%]   step 16743
[ 52%]   step 16744
[ 52%]   step 16745
[ 52%]   step 16746
[ 52%]   step 16747
[ 52%]   step 16748
[ 52%]   step 16749
[ 52%]   step 16750
[ 52%]   step 16751
[ 52%]   step 16752
[ 52%]   step 16753
[ 52%]   step 16754
[ 52%]   step 16755
[ 52%]   step 16756
[ 52%]   step 16757
[ 52%]   step 16758
[ 52%]   step 16759
[ 52%]   step 16760
+SWASH is processing output request    1
+SWASH is processing output request    2
[ 52%]   step 16761
[ 52%]   step 16762
[ 52%]   step 16763
[ 52%]   step 16764
[ 52%]   step 16765
[ 52%]   step 16766
[ 52%]   step 16767
[ 52%]   step 16768
[ 52%]   step 16769
[ 52%]   step 16770
[ 52%]   step 16771
[ 52%]   step 16772
[ 52%]   step 16773
[ 52%]   step 16774
[ 52%]   step 16775
[ 52%]   step 16776
[ 52%]   step 16777
[ 52%]   step 16778
[ 52%]   step 16779
[ 52%]   step 16780
[ 52%]   step 16781
[ 52%]   step 16782
[ 52%]   step 16783
[ 52%]   step 16784
[ 52%]   step 16785
[ 52%]   step 16786
[ 52%]   step 16787
[ 52%]   step 16788
[ 52%]   step 16789
[ 52%]   step 16790
[ 52%]   step 16791
[ 52%]   step 16792
[ 52%]   step 16793
[ 52%]   step 16794
[ 52%]   step 16795
[ 52%]   step 16796
[ 52%]   step 16797
[ 52%]   step 16798
[ 52%]   step 16799
[ 52%]   step 16800
[ 52%]   step 16801
+SWASH is processing output request    1
+SWASH is processing output request    2
[ 52%]   step 16802
[ 52%]   step 16803
[ 52%]   step 16804
[ 52%]   step 16805
[ 52%]   step 16806
[ 52%]   step 16807
[ 52%]   step 16808
[ 52%]   step 16809
[ 52%]   step 16810
[ 52%]   step 16811
[ 52%]   step 16812
[ 52%]   step 16813
[ 52%]   step 16814
[ 52%]   step 16815
[ 52%]   step 16816
[ 52%]   step 16817
[ 52%]   step 16818
[ 52%]   step 16819
[ 52%]   step 16820
[ 52%]   step 16821
[ 53%]   step 16822
[ 53%]   step 16823
[ 53%]   step 16824
[ 53%]   step 16825
[ 53%]   step 16826
[ 53%]   step 16827
[ 53%]   step 16828
[ 53%]   step 16829
[ 53%]   step 16830
[ 53%]   step 16831
[ 53%]   step 16832
[ 53%]   step 16833
[ 53%]   step 16834
[ 53%]   step 16835
[ 53%]   step 16836
[ 53%]   step 16837
[ 53%]   step 16838
[ 53%]   step 16839
[ 53%]   step 16840
[ 53%]   step 16841
[ 53%]   step 16842
+SWASH is processing output request    1
+SWASH is processing output request    2
[ 53%]   step 16843
[ 53%]   step 16844
[ 53%]   step 16845
[ 53%]   step 16846
[ 53%]   step 16847
[ 53%]   step 16848
[ 53%]   step 16849
[ 53%]   step 16850
[ 53%]   step 16851
[ 53%]   step 16852
[ 53%]   step 16853
[ 53%]   step 16854
[ 53%]   step 16855
[ 53%]   step 16856
[ 53%]   step 16857
[ 53%]   step 16858
[ 53%]   step 16859
[ 53%]   step 16860
[ 53%]   step 16861
[ 53%]   step 16862
[ 53%]   step 16863
[ 53%]   step 16864
[ 53%]   step 16865
[ 53%]   step 16866
[ 53%]   step 16867
[ 53%]   step 16868
[ 53%]   step 16869
[ 53%]   step 16870
[ 53%]   step 16871
[ 53%]   step 16872
[ 53%]   step 16873
[ 53%]   step 16874
[ 53%]   step 16875
[ 53%]   step 16876
[ 53%]   step 16877
[ 53%]   step 16878
[ 53%]   step 16879
[ 53%]   step 16880
[ 53%]   step 16881
[ 53%]   step 16882
[ 53%]   step 16883
+SWASH is processing output request    1
+SWASH is processing output request    2
[ 53%]   step 16884
[ 53%]   step 16885
[ 53%]   step 16886
[ 53%]   step 16887
[ 53%]   step 16888
[ 53%]   step 16889
[ 53%]   step 16890
[ 53%]   step 16891
[ 53%]   step 16892
[ 53%]   step 16893
[ 53%]   step 16894
[ 53%]   step 16895
[ 53%]   step 16896
[ 53%]   step 16897
[ 53%]   step 16898
[ 53%]   step 16899
[ 53%]   step 16900
[ 53%]   step 16901
[ 53%]   step 16902
[ 53%]   step 16903
[ 53%]   step 16904
[ 53%]   step 16905
[ 53%]   step 16906
[ 53%]   step 16907
[ 53%]   step 16908
[ 53%]   step 16909
[ 53%]   step 16910
[ 53%]   step 16911
[ 53%]   step 16912
[ 53%]   step 16913
[ 53%]   step 16914
[ 53%]   step 16915
[ 53%]   step 16916
[ 53%]   step 16917
[ 53%]   step 16918
[ 53%]   step 16919
[ 53%]   step 16920
[ 53%]   step 16921
[ 53%]   step 16922
[ 53%]   step 16923
[ 53%]   step 16924
+SWASH is processing output request    1
+SWASH is processing output request    2
[ 53%]   step 16925
[ 53%]   step 16926
[ 53%]   step 16927
[ 53%]   step 16928
[ 53%]   step 16929
[ 53%]   step 16930
[ 53%]   step 16931
[ 53%]   step 16932
[ 53%]   step 16933
[ 53%]   step 16934
[ 53%]   step 16935
[ 53%]   step 16936
[ 53%]   step 16937
[ 53%]   step 16938
[ 53%]   step 16939
[ 53%]   step 16940
[ 53%]   step 16941
[ 53%]   step 16942
[ 53%]   step 16943
[ 53%]   step 16944
[ 53%]   step 16945
[ 53%]   step 16946
[ 53%]   step 16947
[ 53%]   step 16948
[ 53%]   step 16949
[ 53%]   step 16950
[ 53%]   step 16951
[ 53%]   step 16952
[ 53%]   step 16953
[ 53%]   step 16954
[ 53%]   step 16955
[ 53%]   step 16956
[ 53%]   step 16957
[ 53%]   step 16958
[ 53%]   step 16959
[ 53%]   step 16960
[ 53%]   step 16961
[ 53%]   step 16962
[ 53%]   step 16963
[ 53%]   step 16964
[ 53%]   step 16965
+SWASH is processing output request    1
+SWASH is processing output request    2
[ 53%]   step 16966
[ 53%]   step 16967
[ 53%]   step 16968
[ 53%]   step 16969
[ 53%]   step 16970
[ 53%]   step 16971
[ 53%]   step 16972
[ 53%]   step 16973
[ 53%]   step 16974
[ 53%]   step 16975
[ 53%]   step 16976
[ 53%]   step 16977
[ 53%]   step 16978
[ 53%]   step 16979
[ 53%]   step 16980
[ 53%]   step 16981
[ 53%]   step 16982
[ 53%]   step 16983
[ 53%]   step 16984
[ 53%]   step 16985
[ 53%]   step 16986
[ 53%]   step 16987
[ 53%]   step 16988
[ 53%]   step 16989
[ 53%]   step 16990
[ 53%]   step 16991
[ 53%]   step 16992
[ 53%]   step 16993
[ 53%]   step 16994
[ 53%]   step 16995
[ 53%]   step 16996
[ 53%]   step 16997
[ 53%]   step 16998
[ 53%]   step 16999
[ 53%]   step 17000
[ 53%]   step 17001
[ 53%]   step 17002
[ 53%]   step 17003
[ 53%]   step 17004
[ 53%]   step 17005
[ 53%]   step 17006
[ 53%]   step 17007
+SWASH is processing output request    1
+SWASH is processing output request    2
[ 53%]   step 17008
[ 53%]   step 17009
[ 53%]   step 17010
[ 53%]   step 17011
[ 53%]   step 17012
[ 53%]   step 17013
[ 53%]   step 17014
[ 53%]   step 17015
[ 53%]   step 17016
[ 53%]   step 17017
[ 53%]   step 17018
[ 53%]   step 17019
[ 53%]   step 17020
[ 53%]   step 17021
[ 53%]   step 17022
[ 53%]   step 17023
[ 53%]   step 17024
[ 53%]   step 17025
[ 53%]   step 17026
[ 53%]   step 17027
[ 53%]   step 17028
[ 53%]   step 17029
[ 53%]   step 17030
[ 53%]   step 17031
[ 53%]   step 17032
[ 53%]   step 17033
[ 53%]   step 17034
[ 53%]   step 17035
[ 53%]   step 17036
[ 53%]   step 17037
[ 53%]   step 17038
[ 53%]   step 17039
[ 53%]   step 17040
[ 53%]   step 17041
[ 53%]   step 17042
[ 53%]   step 17043
[ 53%]   step 17044
[ 53%]   step 17045
[ 53%]   step 17046
[ 53%]   step 17047
[ 53%]   step 17048
+SWASH is processing output request    1
+SWASH is processing output request    2
[ 53%]   step 17049
[ 53%]   step 17050
[ 53%]   step 17051
[ 53%]   step 17052
[ 53%]   step 17053
[ 53%]   step 17054
[ 53%]   step 17055
[ 53%]   step 17056
[ 53%]   step 17057
[ 53%]   step 17058
[ 53%]   step 17059
[ 53%]   step 17060
[ 53%]   step 17061
[ 53%]   step 17062
[ 53%]   step 17063
[ 53%]   step 17064
[ 53%]   step 17065
[ 53%]   step 17066
[ 53%]   step 17067
[ 53%]   step 17068
[ 53%]   step 17069
[ 53%]   step 17070
[ 53%]   step 17071
[ 53%]   step 17072
[ 53%]   step 17073
[ 53%]   step 17074
[ 53%]   step 17075
[ 53%]   step 17076
[ 53%]   step 17077
[ 53%]   step 17078
[ 53%]   step 17079
[ 53%]   step 17080
[ 53%]   step 17081
[ 53%]   step 17082
[ 53%]   step 17083
[ 53%]   step 17084
[ 53%]   step 17085
[ 53%]   step 17086
[ 53%]   step 17087
[ 53%]   step 17088
[ 53%]   step 17089
+SWASH is processing output request    1
+SWASH is processing output request    2
[ 53%]   step 17090
[ 53%]   step 17091
[ 53%]   step 17092
[ 53%]   step 17093
[ 53%]   step 17094
[ 53%]   step 17095
[ 53%]   step 17096
[ 53%]   step 17097
[ 53%]   step 17098
[ 53%]   step 17099
[ 53%]   step 17100
[ 53%]   step 17101
[ 53%]   step 17102
[ 53%]   step 17103
[ 53%]   step 17104
[ 53%]   step 17105
[ 53%]   step 17106
[ 53%]   step 17107
[ 53%]   step 17108
[ 53%]   step 17109
[ 53%]   step 17110
[ 53%]   step 17111
[ 53%]   step 17112
[ 53%]   step 17113
[ 53%]   step 17114
[ 53%]   step 17115
[ 53%]   step 17116
[ 53%]   step 17117
[ 53%]   step 17118
[ 53%]   step 17119
[ 53%]   step 17120
[ 53%]   step 17121
[ 53%]   step 17122
[ 53%]   step 17123
[ 53%]   step 17124
[ 53%]   step 17125
[ 53%]   step 17126
[ 53%]   step 17127
[ 53%]   step 17128
[ 53%]   step 17129
[ 53%]   step 17130
+SWASH is processing output request    1
+SWASH is processing output request    2
[ 53%]   step 17131
[ 53%]   step 17132
[ 53%]   step 17133
[ 53%]   step 17134
[ 53%]   step 17135
[ 53%]   step 17136
[ 53%]   step 17137
[ 53%]   step 17138
[ 53%]   step 17139
[ 53%]   step 17140
[ 53%]   step 17141
[ 54%]   step 17142
[ 54%]   step 17143
[ 54%]   step 17144
[ 54%]   step 17145
[ 54%]   step 17146
[ 54%]   step 17147
[ 54%]   step 17148
[ 54%]   step 17149
[ 54%]   step 17150
[ 54%]   step 17151
[ 54%]   step 17152
[ 54%]   step 17153
[ 54%]   step 17154
[ 54%]   step 17155
[ 54%]   step 17156
[ 54%]   step 17157
[ 54%]   step 17158
[ 54%]   step 17159
[ 54%]   step 17160
[ 54%]   step 17161
[ 54%]   step 17162
[ 54%]   step 17163
[ 54%]   step 17164
[ 54%]   step 17165
[ 54%]   step 17166
[ 54%]   step 17167
[ 54%]   step 17168
[ 54%]   step 17169
[ 54%]   step 17170
[ 54%]   step 17171
+SWASH is processing output request    1
+SWASH is processing output request    2
[ 54%]   step 17172
[ 54%]   step 17173
[ 54%]   step 17174
[ 54%]   step 17175
[ 54%]   step 17176
[ 54%]   step 17177
[ 54%]   step 17178
[ 54%]   step 17179
[ 54%]   step 17180
[ 54%]   step 17181
[ 54%]   step 17182
[ 54%]   step 17183
[ 54%]   step 17184
[ 54%]   step 17185
[ 54%]   step 17186
[ 54%]   step 17187
[ 54%]   step 17188
[ 54%]   step 17189
[ 54%]   step 17190
[ 54%]   step 17191
[ 54%]   step 17192
[ 54%]   step 17193
[ 54%]   step 17194
[ 54%]   step 17195
[ 54%]   step 17196
[ 54%]   step 17197
[ 54%]   step 17198
[ 54%]   step 17199
[ 54%]   step 17200
[ 54%]   step 17201
[ 54%]   step 17202
[ 54%]   step 17203
[ 54%]   step 17204
[ 54%]   step 17205
[ 54%]   step 17206
[ 54%]   step 17207
[ 54%]   step 17208
[ 54%]   step 17209
[ 54%]   step 17210
[ 54%]   step 17211
[ 54%]   step 17212
+SWASH is processing output request    1
+SWASH is processing output request    2
[ 54%]   step 17213
[ 54%]   step 17214
[ 54%]   step 17215
[ 54%]   step 17216
[ 54%]   step 17217
[ 54%]   step 17218
[ 54%]   step 17219
[ 54%]   step 17220
[ 54%]   step 17221
[ 54%]   step 17222
[ 54%]   step 17223
[ 54%]   step 17224
[ 54%]   step 17225
[ 54%]   step 17226
[ 54%]   step 17227
[ 54%]   step 17228
[ 54%]   step 17229
[ 54%]   step 17230
[ 54%]   step 17231
[ 54%]   step 17232
[ 54%]   step 17233
[ 54%]   step 17234
[ 54%]   step 17235
[ 54%]   step 17236
[ 54%]   step 17237
[ 54%]   step 17238
[ 54%]   step 17239
[ 54%]   step 17240
[ 54%]   step 17241
[ 54%]   step 17242
[ 54%]   step 17243
[ 54%]   step 17244
[ 54%]   step 17245
[ 54%]   step 17246
[ 54%]   step 17247
[ 54%]   step 17248
[ 54%]   step 17249
[ 54%]   step 17250
[ 54%]   step 17251
[ 54%]   step 17252
[ 54%]   step 17253
+SWASH is processing output request    1
+SWASH is processing output request    2
[ 54%]   step 17254
[ 54%]   step 17255
[ 54%]   step 17256
[ 54%]   step 17257
[ 54%]   step 17258
[ 54%]   step 17259
[ 54%]   step 17260
[ 54%]   step 17261
[ 54%]   step 17262
[ 54%]   step 17263
[ 54%]   step 17264
[ 54%]   step 17265
[ 54%]   step 17266
[ 54%]   step 17267
[ 54%]   step 17268
[ 54%]   step 17269
[ 54%]   step 17270
[ 54%]   step 17271
[ 54%]   step 17272
[ 54%]   step 17273
[ 54%]   step 17274
[ 54%]   step 17275
[ 54%]   step 17276
[ 54%]   step 17277
[ 54%]   step 17278
[ 54%]   step 17279
[ 54%]   step 17280
[ 54%]   step 17281
[ 54%]   step 17282
[ 54%]   step 17283
[ 54%]   step 17284
[ 54%]   step 17285
[ 54%]   step 17286
[ 54%]   step 17287
[ 54%]   step 17288
[ 54%]   step 17289
[ 54%]   step 17290
[ 54%]   step 17291
[ 54%]   step 17292
[ 54%]   step 17293
[ 54%]   step 17294
+SWASH is processing output request    1
+SWASH is processing output request    2
[ 54%]   step 17295
[ 54%]   step 17296
[ 54%]   step 17297
[ 54%]   step 17298
[ 54%]   step 17299
[ 54%]   step 17300
[ 54%]   step 17301
[ 54%]   step 17302
[ 54%]   step 17303
[ 54%]   step 17304
[ 54%]   step 17305
[ 54%]   step 17306
[ 54%]   step 17307
[ 54%]   step 17308
[ 54%]   step 17309
[ 54%]   step 17310
[ 54%]   step 17311
[ 54%]   step 17312
[ 54%]   step 17313
[ 54%]   step 17314
[ 54%]   step 17315
[ 54%]   step 17316
[ 54%]   step 17317
[ 54%]   step 17318
[ 54%]   step 17319
[ 54%]   step 17320
[ 54%]   step 17321
[ 54%]   step 17322
[ 54%]   step 17323
[ 54%]   step 17324
[ 54%]   step 17325
[ 54%]   step 17326
[ 54%]   step 17327
[ 54%]   step 17328
[ 54%]   step 17329
[ 54%]   step 17330
[ 54%]   step 17331
[ 54%]   step 17332
[ 54%]   step 17333
[ 54%]   step 17334
[ 54%]   step 17335
+SWASH is processing output request    1
+SWASH is processing output request    2
[ 54%]   step 17336
[ 54%]   step 17337
[ 54%]   step 17338
[ 54%]   step 17339
[ 54%]   step 17340
[ 54%]   step 17341
[ 54%]   step 17342
[ 54%]   step 17343
[ 54%]   step 17344
[ 54%]   step 17345
[ 54%]   step 17346
[ 54%]   step 17347
[ 54%]   step 17348
[ 54%]   step 17349
[ 54%]   step 17350
[ 54%]   step 17351
[ 54%]   step 17352
[ 54%]   step 17353
[ 54%]   step 17354
[ 54%]   step 17355
[ 54%]   step 17356
[ 54%]   step 17357
[ 54%]   step 17358
[ 54%]   step 17359
[ 54%]   step 17360
[ 54%]   step 17361
[ 54%]   step 17362
[ 54%]   step 17363
[ 54%]   step 17364
[ 54%]   step 17365
[ 54%]   step 17366
[ 54%]   step 17367
[ 54%]   step 17368
[ 54%]   step 17369
[ 54%]   step 17370
[ 54%]   step 17371
[ 54%]   step 17372
[ 54%]   step 17373
[ 54%]   step 17374
[ 54%]   step 17375
[ 54%]   step 17376
+SWASH is processing output request    1
+SWASH is processing output request    2
[ 54%]   step 17377
[ 54%]   step 17378
[ 54%]   step 17379
[ 54%]   step 17380
[ 54%]   step 17381
[ 54%]   step 17382
[ 54%]   step 17383
[ 54%]   step 17384
[ 54%]   step 17385
[ 54%]   step 17386
[ 54%]   step 17387
[ 54%]   step 17388
[ 54%]   step 17389
[ 54%]   step 17390
[ 54%]   step 17391
[ 54%]   step 17392
[ 54%]   step 17393
[ 54%]   step 17394
[ 54%]   step 17395
[ 54%]   step 17396
[ 54%]   step 17397
[ 54%]   step 17398
[ 54%]   step 17399
[ 54%]   step 17400
[ 54%]   step 17401
[ 54%]   step 17402
[ 54%]   step 17403
[ 54%]   step 17404
[ 54%]   step 17405
[ 54%]   step 17406
[ 54%]   step 17407
[ 54%]   step 17408
[ 54%]   step 17409
[ 54%]   step 17410
[ 54%]   step 17411
[ 54%]   step 17412
[ 54%]   step 17413
[ 54%]   step 17414
[ 54%]   step 17415
[ 54%]   step 17416
[ 54%]   step 17417
+SWASH is processing output request    1
+SWASH is processing output request    2
[ 54%]   step 17418
[ 54%]   step 17419
[ 54%]   step 17420
[ 54%]   step 17421
[ 54%]   step 17422
[ 54%]   step 17423
[ 54%]   step 17424
[ 54%]   step 17425
[ 54%]   step 17426
[ 54%]   step 17427
[ 54%]   step 17428
[ 54%]   step 17429
[ 54%]   step 17430
[ 54%]   step 17431
[ 54%]   step 17432
[ 54%]   step 17433
[ 54%]   step 17434
[ 54%]   step 17435
[ 54%]   step 17436
[ 54%]   step 17437
[ 54%]   step 17438
[ 54%]   step 17439
[ 54%]   step 17440
[ 54%]   step 17441
[ 54%]   step 17442
[ 54%]   step 17443
[ 54%]   step 17444
[ 54%]   step 17445
[ 54%]   step 17446
[ 54%]   step 17447
[ 54%]   step 17448
[ 54%]   step 17449
[ 54%]   step 17450
[ 54%]   step 17451
[ 54%]   step 17452
[ 54%]   step 17453
[ 54%]   step 17454
[ 54%]   step 17455
[ 54%]   step 17456
[ 54%]   step 17457
[ 54%]   step 17458
+SWASH is processing output request    1
+SWASH is processing output request    2
[ 54%]   step 17459
[ 54%]   step 17460
[ 54%]   step 17461
[ 54%]   step 17462
[ 55%]   step 17463
[ 55%]   step 17464
[ 55%]   step 17465
[ 55%]   step 17466
[ 55%]   step 17467
[ 55%]   step 17468
[ 55%]   step 17469
[ 55%]   step 17470
[ 55%]   step 17471
[ 55%]   step 17472
[ 55%]   step 17473
[ 55%]   step 17474
[ 55%]   step 17475
[ 55%]   step 17476
[ 55%]   step 17477
[ 55%]   step 17478
[ 55%]   step 17479
[ 55%]   step 17480
[ 55%]   step 17481
[ 55%]   step 17482
[ 55%]   step 17483
[ 55%]   step 17484
[ 55%]   step 17485
[ 55%]   step 17486
[ 55%]   step 17487
[ 55%]   step 17488
[ 55%]   step 17489
[ 55%]   step 17490
[ 55%]   step 17491
[ 55%]   step 17492
[ 55%]   step 17493
[ 55%]   step 17494
[ 55%]   step 17495
[ 55%]   step 17496
[ 55%]   step 17497
[ 55%]   step 17498
[ 55%]   step 17499
+SWASH is processing output request    1
+SWASH is processing output request    2
[ 55%]   step 17500
[ 55%]   step 17501
[ 55%]   step 17502
[ 55%]   step 17503
[ 55%]   step 17504
[ 55%]   step 17505
[ 55%]   step 17506
[ 55%]   step 17507
[ 55%]   step 17508
[ 55%]   step 17509
[ 55%]   step 17510
[ 55%]   step 17511
[ 55%]   step 17512
[ 55%]   step 17513
[ 55%]   step 17514
[ 55%]   step 17515
[ 55%]   step 17516
[ 55%]   step 17517
[ 55%]   step 17518
[ 55%]   step 17519
[ 55%]   step 17520
[ 55%]   step 17521
[ 55%]   step 17522
[ 55%]   step 17523
[ 55%]   step 17524
[ 55%]   step 17525
[ 55%]   step 17526
[ 55%]   step 17527
[ 55%]   step 17528
[ 55%]   step 17529
[ 55%]   step 17530
[ 55%]   step 17531
[ 55%]   step 17532
[ 55%]   step 17533
[ 55%]   step 17534
[ 55%]   step 17535
[ 55%]   step 17536
[ 55%]   step 17537
[ 55%]   step 17538
[ 55%]   step 17539
[ 55%]   step 17540
[ 55%]   step 17541
+SWASH is processing output request    1
+SWASH is processing output request    2
[ 55%]   step 17542
[ 55%]   step 17543
[ 55%]   step 17544
[ 55%]   step 17545
[ 55%]   step 17546
[ 55%]   step 17547
[ 55%]   step 17548
[ 55%]   step 17549
[ 55%]   step 17550
[ 55%]   step 17551
[ 55%]   step 17552
[ 55%]   step 17553
[ 55%]   step 17554
[ 55%]   step 17555
[ 55%]   step 17556
[ 55%]   step 17557
[ 55%]   step 17558
[ 55%]   step 17559
[ 55%]   step 17560
[ 55%]   step 17561
[ 55%]   step 17562
[ 55%]   step 17563
[ 55%]   step 17564
[ 55%]   step 17565
[ 55%]   step 17566
[ 55%]   step 17567
[ 55%]   step 17568
[ 55%]   step 17569
[ 55%]   step 17570
[ 55%]   step 17571
[ 55%]   step 17572
[ 55%]   step 17573
[ 55%]   step 17574
[ 55%]   step 17575
[ 55%]   step 17576
[ 55%]   step 17577
[ 55%]   step 17578
[ 55%]   step 17579
[ 55%]   step 17580
[ 55%]   step 17581
[ 55%]   step 17582
+SWASH is processing output request    1
+SWASH is processing output request    2
[ 55%]   step 17583
[ 55%]   step 17584
[ 55%]   step 17585
[ 55%]   step 17586
[ 55%]   step 17587
[ 55%]   step 17588
[ 55%]   step 17589
[ 55%]   step 17590
[ 55%]   step 17591
[ 55%]   step 17592
[ 55%]   step 17593
[ 55%]   step 17594
[ 55%]   step 17595
[ 55%]   step 17596
[ 55%]   step 17597
[ 55%]   step 17598
[ 55%]   step 17599
[ 55%]   step 17600
[ 55%]   step 17601
[ 55%]   step 17602
[ 55%]   step 17603
[ 55%]   step 17604
[ 55%]   step 17605
[ 55%]   step 17606
[ 55%]   step 17607
[ 55%]   step 17608
[ 55%]   step 17609
[ 55%]   step 17610
[ 55%]   step 17611
[ 55%]   step 17612
[ 55%]   step 17613
[ 55%]   step 17614
[ 55%]   step 17615
[ 55%]   step 17616
[ 55%]   step 17617
[ 55%]   step 17618
[ 55%]   step 17619
[ 55%]   step 17620
[ 55%]   step 17621
[ 55%]   step 17622
[ 55%]   step 17623
+SWASH is processing output request    1
+SWASH is processing output request    2
[ 55%]   step 17624
[ 55%]   step 17625
[ 55%]   step 17626
[ 55%]   step 17627
[ 55%]   step 17628
[ 55%]   step 17629
[ 55%]   step 17630
[ 55%]   step 17631
[ 55%]   step 17632
[ 55%]   step 17633
[ 55%]   step 17634
[ 55%]   step 17635
[ 55%]   step 17636
[ 55%]   step 17637
[ 55%]   step 17638
[ 55%]   step 17639
[ 55%]   step 17640
[ 55%]   step 17641
[ 55%]   step 17642
[ 55%]   step 17643
[ 55%]   step 17644
[ 55%]   step 17645
[ 55%]   step 17646
[ 55%]   step 17647
[ 55%]   step 17648
[ 55%]   step 17649
[ 55%]   step 17650
[ 55%]   step 17651
[ 55%]   step 17652
[ 55%]   step 17653
[ 55%]   step 17654
[ 55%]   step 17655
[ 55%]   step 17656
[ 55%]   step 17657
[ 55%]   step 17658
[ 55%]   step 17659
[ 55%]   step 17660
[ 55%]   step 17661
[ 55%]   step 17662
[ 55%]   step 17663
[ 55%]   step 17664
+SWASH is processing output request    1
+SWASH is processing output request    2
[ 55%]   step 17665
[ 55%]   step 17666
[ 55%]   step 17667
[ 55%]   step 17668
[ 55%]   step 17669
[ 55%]   step 17670
[ 55%]   step 17671
[ 55%]   step 17672
[ 55%]   step 17673
[ 55%]   step 17674
[ 55%]   step 17675
[ 55%]   step 17676
[ 55%]   step 17677
[ 55%]   step 17678
[ 55%]   step 17679
[ 55%]   step 17680
[ 55%]   step 17681
[ 55%]   step 17682
[ 55%]   step 17683
[ 55%]   step 17684
[ 55%]   step 17685
[ 55%]   step 17686
[ 55%]   step 17687
[ 55%]   step 17688
[ 55%]   step 17689
[ 55%]   step 17690
[ 55%]   step 17691
[ 55%]   step 17692
[ 55%]   step 17693
[ 55%]   step 17694
[ 55%]   step 17695
[ 55%]   step 17696
[ 55%]   step 17697
[ 55%]   step 17698
[ 55%]   step 17699
[ 55%]   step 17700
[ 55%]   step 17701
[ 55%]   step 17702
[ 55%]   step 17703
[ 55%]   step 17704
[ 55%]   step 17705
+SWASH is processing output request    1
+SWASH is processing output request    2
[ 55%]   step 17706
[ 55%]   step 17707
[ 55%]   step 17708
[ 55%]   step 17709
[ 55%]   step 17710
[ 55%]   step 17711
[ 55%]   step 17712
[ 55%]   step 17713
[ 55%]   step 17714
[ 55%]   step 17715
[ 55%]   step 17716
[ 55%]   step 17717
[ 55%]   step 17718
[ 55%]   step 17719
[ 55%]   step 17720
[ 55%]   step 17721
[ 55%]   step 17722
[ 55%]   step 17723
[ 55%]   step 17724
[ 55%]   step 17725
[ 55%]   step 17726
[ 55%]   step 17727
[ 55%]   step 17728
[ 55%]   step 17729
[ 55%]   step 17730
[ 55%]   step 17731
[ 55%]   step 17732
[ 55%]   step 17733
[ 55%]   step 17734
[ 55%]   step 17735
[ 55%]   step 17736
[ 55%]   step 17737
[ 55%]   step 17738
[ 55%]   step 17739
[ 55%]   step 17740
[ 55%]   step 17741
[ 55%]   step 17742
[ 55%]   step 17743
[ 55%]   step 17744
[ 55%]   step 17745
[ 55%]   step 17746
+SWASH is processing output request    1
+SWASH is processing output request    2
[ 55%]   step 17747
[ 55%]   step 17748
[ 55%]   step 17749
[ 55%]   step 17750
[ 55%]   step 17751
[ 55%]   step 17752
[ 55%]   step 17753
[ 55%]   step 17754
[ 55%]   step 17755
[ 55%]   step 17756
[ 55%]   step 17757
[ 55%]   step 17758
[ 55%]   step 17759
[ 55%]   step 17760
[ 55%]   step 17761
[ 55%]   step 17762
[ 55%]   step 17763
[ 55%]   step 17764
[ 55%]   step 17765
[ 55%]   step 17766
[ 55%]   step 17767
[ 55%]   step 17768
[ 55%]   step 17769
[ 55%]   step 17770
[ 55%]   step 17771
[ 55%]   step 17772
[ 55%]   step 17773
[ 55%]   step 17774
[ 55%]   step 17775
[ 55%]   step 17776
[ 55%]   step 17777
[ 55%]   step 17778
[ 55%]   step 17779
[ 55%]   step 17780
[ 55%]   step 17781
[ 55%]   step 17782
[ 56%]   step 17783
[ 56%]   step 17784
[ 56%]   step 17785
[ 56%]   step 17786
[ 56%]   step 17787
+SWASH is processing output request    1
+SWASH is processing output request    2
[ 56%]   step 17788
[ 56%]   step 17789
[ 56%]   step 17790
[ 56%]   step 17791
[ 56%]   step 17792
[ 56%]   step 17793
[ 56%]   step 17794
[ 56%]   step 17795
[ 56%]   step 17796
[ 56%]   step 17797
[ 56%]   step 17798
[ 56%]   step 17799
[ 56%]   step 17800
[ 56%]   step 17801
[ 56%]   step 17802
[ 56%]   step 17803
[ 56%]   step 17804
[ 56%]   step 17805
[ 56%]   step 17806
[ 56%]   step 17807
[ 56%]   step 17808
[ 56%]   step 17809
[ 56%]   step 17810
[ 56%]   step 17811
[ 56%]   step 17812
[ 56%]   step 17813
[ 56%]   step 17814
[ 56%]   step 17815
[ 56%]   step 17816
[ 56%]   step 17817
[ 56%]   step 17818
[ 56%]   step 17819
[ 56%]   step 17820
[ 56%]   step 17821
[ 56%]   step 17822
[ 56%]   step 17823
[ 56%]   step 17824
[ 56%]   step 17825
[ 56%]   step 17826
[ 56%]   step 17827
[ 56%]   step 17828
+SWASH is processing output request    1
+SWASH is processing output request    2
[ 56%]   step 17829
[ 56%]   step 17830
[ 56%]   step 17831
[ 56%]   step 17832
[ 56%]   step 17833
[ 56%]   step 17834
[ 56%]   step 17835
[ 56%]   step 17836
[ 56%]   step 17837
[ 56%]   step 17838
[ 56%]   step 17839
[ 56%]   step 17840
[ 56%]   step 17841
[ 56%]   step 17842
[ 56%]   step 17843
[ 56%]   step 17844
[ 56%]   step 17845
[ 56%]   step 17846
[ 56%]   step 17847
[ 56%]   step 17848
[ 56%]   step 17849
[ 56%]   step 17850
[ 56%]   step 17851
[ 56%]   step 17852
[ 56%]   step 17853
[ 56%]   step 17854
[ 56%]   step 17855
[ 56%]   step 17856
[ 56%]   step 17857
[ 56%]   step 17858
[ 56%]   step 17859
[ 56%]   step 17860
[ 56%]   step 17861
[ 56%]   step 17862
[ 56%]   step 17863
[ 56%]   step 17864
[ 56%]   step 17865
[ 56%]   step 17866
[ 56%]   step 17867
[ 56%]   step 17868
[ 56%]   step 17869
+SWASH is processing output request    1
+SWASH is processing output request    2
[ 56%]   step 17870
[ 56%]   step 17871
[ 56%]   step 17872
[ 56%]   step 17873
[ 56%]   step 17874
[ 56%]   step 17875
[ 56%]   step 17876
[ 56%]   step 17877
[ 56%]   step 17878
[ 56%]   step 17879
[ 56%]   step 17880
[ 56%]   step 17881
[ 56%]   step 17882
[ 56%]   step 17883
[ 56%]   step 17884
[ 56%]   step 17885
[ 56%]   step 17886
[ 56%]   step 17887
[ 56%]   step 17888
[ 56%]   step 17889
[ 56%]   step 17890
[ 56%]   step 17891
[ 56%]   step 17892
[ 56%]   step 17893
[ 56%]   step 17894
[ 56%]   step 17895
[ 56%]   step 17896
[ 56%]   step 17897
[ 56%]   step 17898
[ 56%]   step 17899
[ 56%]   step 17900
[ 56%]   step 17901
[ 56%]   step 17902
[ 56%]   step 17903
[ 56%]   step 17904
[ 56%]   step 17905
[ 56%]   step 17906
[ 56%]   step 17907
[ 56%]   step 17908
[ 56%]   step 17909
[ 56%]   step 17910
+SWASH is processing output request    1
+SWASH is processing output request    2
[ 56%]   step 17911
[ 56%]   step 17912
[ 56%]   step 17913
[ 56%]   step 17914
[ 56%]   step 17915
[ 56%]   step 17916
[ 56%]   step 17917
[ 56%]   step 17918
[ 56%]   step 17919
[ 56%]   step 17920
[ 56%]   step 17921
[ 56%]   step 17922
[ 56%]   step 17923
[ 56%]   step 17924
[ 56%]   step 17925
[ 56%]   step 17926
[ 56%]   step 17927
[ 56%]   step 17928
[ 56%]   step 17929
[ 56%]   step 17930
[ 56%]   step 17931
[ 56%]   step 17932
[ 56%]   step 17933
[ 56%]   step 17934
[ 56%]   step 17935
[ 56%]   step 17936
[ 56%]   step 17937
[ 56%]   step 17938
[ 56%]   step 17939
[ 56%]   step 17940
[ 56%]   step 17941
[ 56%]   step 17942
[ 56%]   step 17943
[ 56%]   step 17944
[ 56%]   step 17945
[ 56%]   step 17946
[ 56%]   step 17947
[ 56%]   step 17948
[ 56%]   step 17949
[ 56%]   step 17950
[ 56%]   step 17951
+SWASH is processing output request    1
+SWASH is processing output request    2
[ 56%]   step 17952
[ 56%]   step 17953
[ 56%]   step 17954
[ 56%]   step 17955
[ 56%]   step 17956
[ 56%]   step 17957
[ 56%]   step 17958
[ 56%]   step 17959
[ 56%]   step 17960
[ 56%]   step 17961
[ 56%]   step 17962
[ 56%]   step 17963
[ 56%]   step 17964
[ 56%]   step 17965
[ 56%]   step 17966
[ 56%]   step 17967
[ 56%]   step 17968
[ 56%]   step 17969
[ 56%]   step 17970
[ 56%]   step 17971
[ 56%]   step 17972
[ 56%]   step 17973
[ 56%]   step 17974
[ 56%]   step 17975
[ 56%]   step 17976
[ 56%]   step 17977
[ 56%]   step 17978
[ 56%]   step 17979
[ 56%]   step 17980
[ 56%]   step 17981
[ 56%]   step 17982
[ 56%]   step 17983
[ 56%]   step 17984
[ 56%]   step 17985
[ 56%]   step 17986
[ 56%]   step 17987
[ 56%]   step 17988
[ 56%]   step 17989
[ 56%]   step 17990
[ 56%]   step 17991
[ 56%]   step 17992
+SWASH is processing output request    1
+SWASH is processing output request    2
[ 56%]   step 17993
[ 56%]   step 17994
[ 56%]   step 17995
[ 56%]   step 17996
[ 56%]   step 17997
[ 56%]   step 17998
[ 56%]   step 17999
[ 56%]   step 18000
[ 56%]   step 18001
[ 56%]   step 18002
[ 56%]   step 18003
[ 56%]   step 18004
[ 56%]   step 18005
[ 56%]   step 18006
[ 56%]   step 18007
[ 56%]   step 18008
[ 56%]   step 18009
[ 56%]   step 18010
[ 56%]   step 18011
[ 56%]   step 18012
[ 56%]   step 18013
[ 56%]   step 18014
[ 56%]   step 18015
[ 56%]   step 18016
[ 56%]   step 18017
[ 56%]   step 18018
[ 56%]   step 18019
[ 56%]   step 18020
[ 56%]   step 18021
[ 56%]   step 18022
[ 56%]   step 18023
[ 56%]   step 18024
[ 56%]   step 18025
[ 56%]   step 18026
[ 56%]   step 18027
[ 56%]   step 18028
[ 56%]   step 18029
[ 56%]   step 18030
[ 56%]   step 18031
[ 56%]   step 18032
[ 56%]   step 18033
+SWASH is processing output request    1
+SWASH is processing output request    2
[ 56%]   step 18034
[ 56%]   step 18035
[ 56%]   step 18036
[ 56%]   step 18037
[ 56%]   step 18038
[ 56%]   step 18039
[ 56%]   step 18040
[ 56%]   step 18041
[ 56%]   step 18042
[ 56%]   step 18043
[ 56%]   step 18044
[ 56%]   step 18045
[ 56%]   step 18046
[ 56%]   step 18047
[ 56%]   step 18048
[ 56%]   step 18049
[ 56%]   step 18050
[ 56%]   step 18051
[ 56%]   step 18052
[ 56%]   step 18053
[ 56%]   step 18054
[ 56%]   step 18055
[ 56%]   step 18056
[ 56%]   step 18057
[ 56%]   step 18058
[ 56%]   step 18059
[ 56%]   step 18060
[ 56%]   step 18061
[ 56%]   step 18062
[ 56%]   step 18063
[ 56%]   step 18064
[ 56%]   step 18065
[ 56%]   step 18066
[ 56%]   step 18067
[ 56%]   step 18068
[ 56%]   step 18069
[ 56%]   step 18070
[ 56%]   step 18071
[ 56%]   step 18072
[ 56%]   step 18073
[ 56%]   step 18074
[ 56%]   step 18075
+SWASH is processing output request    1
+SWASH is processing output request    2
[ 56%]   step 18076
[ 56%]   step 18077
[ 56%]   step 18078
[ 56%]   step 18079
[ 56%]   step 18080
[ 56%]   step 18081
[ 56%]   step 18082
[ 56%]   step 18083
[ 56%]   step 18084
[ 56%]   step 18085
[ 56%]   step 18086
[ 56%]   step 18087
[ 56%]   step 18088
[ 56%]   step 18089
[ 56%]   step 18090
[ 56%]   step 18091
[ 56%]   step 18092
[ 56%]   step 18093
[ 56%]   step 18094
[ 56%]   step 18095
[ 56%]   step 18096
[ 56%]   step 18097
[ 56%]   step 18098
[ 56%]   step 18099
[ 56%]   step 18100
[ 56%]   step 18101
[ 56%]   step 18102
[ 57%]   step 18103
[ 57%]   step 18104
[ 57%]   step 18105
[ 57%]   step 18106
[ 57%]   step 18107
[ 57%]   step 18108
[ 57%]   step 18109
[ 57%]   step 18110
[ 57%]   step 18111
[ 57%]   step 18112
[ 57%]   step 18113
[ 57%]   step 18114
[ 57%]   step 18115
[ 57%]   step 18116
+SWASH is processing output request    1
+SWASH is processing output request    2
[ 57%]   step 18117
[ 57%]   step 18118
[ 57%]   step 18119
[ 57%]   step 18120
[ 57%]   step 18121
[ 57%]   step 18122
[ 57%]   step 18123
[ 57%]   step 18124
[ 57%]   step 18125
[ 57%]   step 18126
[ 57%]   step 18127
[ 57%]   step 18128
[ 57%]   step 18129
[ 57%]   step 18130
[ 57%]   step 18131
[ 57%]   step 18132
[ 57%]   step 18133
[ 57%]   step 18134
[ 57%]   step 18135
[ 57%]   step 18136
[ 57%]   step 18137
[ 57%]   step 18138
[ 57%]   step 18139
[ 57%]   step 18140
[ 57%]   step 18141
[ 57%]   step 18142
[ 57%]   step 18143
[ 57%]   step 18144
[ 57%]   step 18145
[ 57%]   step 18146
[ 57%]   step 18147
[ 57%]   step 18148
[ 57%]   step 18149
[ 57%]   step 18150
[ 57%]   step 18151
[ 57%]   step 18152
[ 57%]   step 18153
[ 57%]   step 18154
[ 57%]   step 18155
[ 57%]   step 18156
[ 57%]   step 18157
+SWASH is processing output request    1
+SWASH is processing output request    2
[ 57%]   step 18158
[ 57%]   step 18159
[ 57%]   step 18160
[ 57%]   step 18161
[ 57%]   step 18162
[ 57%]   step 18163
[ 57%]   step 18164
[ 57%]   step 18165
[ 57%]   step 18166
[ 57%]   step 18167
[ 57%]   step 18168
[ 57%]   step 18169
[ 57%]   step 18170
[ 57%]   step 18171
[ 57%]   step 18172
[ 57%]   step 18173
[ 57%]   step 18174
[ 57%]   step 18175
[ 57%]   step 18176
[ 57%]   step 18177
[ 57%]   step 18178
[ 57%]   step 18179
[ 57%]   step 18180
[ 57%]   step 18181
[ 57%]   step 18182
[ 57%]   step 18183
[ 57%]   step 18184
[ 57%]   step 18185
[ 57%]   step 18186
[ 57%]   step 18187
[ 57%]   step 18188
[ 57%]   step 18189
[ 57%]   step 18190
[ 57%]   step 18191
[ 57%]   step 18192
[ 57%]   step 18193
[ 57%]   step 18194
[ 57%]   step 18195
[ 57%]   step 18196
[ 57%]   step 18197
[ 57%]   step 18198
+SWASH is processing output request    1
+SWASH is processing output request    2
[ 57%]   step 18199
[ 57%]   step 18200
[ 57%]   step 18201
[ 57%]   step 18202
[ 57%]   step 18203
[ 57%]   step 18204
[ 57%]   step 18205
[ 57%]   step 18206
[ 57%]   step 18207
[ 57%]   step 18208
[ 57%]   step 18209
[ 57%]   step 18210
[ 57%]   step 18211
[ 57%]   step 18212
[ 57%]   step 18213
[ 57%]   step 18214
[ 57%]   step 18215
[ 57%]   step 18216
[ 57%]   step 18217
[ 57%]   step 18218
[ 57%]   step 18219
[ 57%]   step 18220
[ 57%]   step 18221
[ 57%]   step 18222
[ 57%]   step 18223
[ 57%]   step 18224
[ 57%]   step 18225
[ 57%]   step 18226
[ 57%]   step 18227
[ 57%]   step 18228
[ 57%]   step 18229
[ 57%]   step 18230
[ 57%]   step 18231
[ 57%]   step 18232
[ 57%]   step 18233
[ 57%]   step 18234
[ 57%]   step 18235
[ 57%]   step 18236
[ 57%]   step 18237
[ 57%]   step 18238
[ 57%]   step 18239
+SWASH is processing output request    1
+SWASH is processing output request    2
[ 57%]   step 18240
[ 57%]   step 18241
[ 57%]   step 18242
[ 57%]   step 18243
[ 57%]   step 18244
[ 57%]   step 18245
[ 57%]   step 18246
[ 57%]   step 18247
[ 57%]   step 18248
[ 57%]   step 18249
[ 57%]   step 18250
[ 57%]   step 18251
[ 57%]   step 18252
[ 57%]   step 18253
[ 57%]   step 18254
[ 57%]   step 18255
[ 57%]   step 18256
[ 57%]   step 18257
[ 57%]   step 18258
[ 57%]   step 18259
[ 57%]   step 18260
[ 57%]   step 18261
[ 57%]   step 18262
[ 57%]   step 18263
[ 57%]   step 18264
[ 57%]   step 18265
[ 57%]   step 18266
[ 57%]   step 18267
[ 57%]   step 18268
[ 57%]   step 18269
[ 57%]   step 18270
[ 57%]   step 18271
[ 57%]   step 18272
[ 57%]   step 18273
[ 57%]   step 18274
[ 57%]   step 18275
[ 57%]   step 18276
[ 57%]   step 18277
[ 57%]   step 18278
[ 57%]   step 18279
[ 57%]   step 18280
+SWASH is processing output request    1
+SWASH is processing output request    2
[ 57%]   step 18281
[ 57%]   step 18282
[ 57%]   step 18283
[ 57%]   step 18284
[ 57%]   step 18285
[ 57%]   step 18286
[ 57%]   step 18287
[ 57%]   step 18288
[ 57%]   step 18289
[ 57%]   step 18290
[ 57%]   step 18291
[ 57%]   step 18292
[ 57%]   step 18293
[ 57%]   step 18294
[ 57%]   step 18295
[ 57%]   step 18296
[ 57%]   step 18297
[ 57%]   step 18298
[ 57%]   step 18299
[ 57%]   step 18300
[ 57%]   step 18301
[ 57%]   step 18302
[ 57%]   step 18303
[ 57%]   step 18304
[ 57%]   step 18305
[ 57%]   step 18306
[ 57%]   step 18307
[ 57%]   step 18308
[ 57%]   step 18309
[ 57%]   step 18310
[ 57%]   step 18311
[ 57%]   step 18312
[ 57%]   step 18313
[ 57%]   step 18314
[ 57%]   step 18315
[ 57%]   step 18316
[ 57%]   step 18317
[ 57%]   step 18318
[ 57%]   step 18319
[ 57%]   step 18320
[ 57%]   step 18321
+SWASH is processing output request    1
+SWASH is processing output request    2
[ 57%]   step 18322
[ 57%]   step 18323
[ 57%]   step 18324
[ 57%]   step 18325
[ 57%]   step 18326
[ 57%]   step 18327
[ 57%]   step 18328
[ 57%]   step 18329
[ 57%]   step 18330
[ 57%]   step 18331
[ 57%]   step 18332
[ 57%]   step 18333
[ 57%]   step 18334
[ 57%]   step 18335
[ 57%]   step 18336
[ 57%]   step 18337
[ 57%]   step 18338
[ 57%]   step 18339
[ 57%]   step 18340
[ 57%]   step 18341
[ 57%]   step 18342
[ 57%]   step 18343
[ 57%]   step 18344
[ 57%]   step 18345
[ 57%]   step 18346
[ 57%]   step 18347
[ 57%]   step 18348
[ 57%]   step 18349
[ 57%]   step 18350
[ 57%]   step 18351
[ 57%]   step 18352
[ 57%]   step 18353
[ 57%]   step 18354
[ 57%]   step 18355
[ 57%]   step 18356
[ 57%]   step 18357
[ 57%]   step 18358
[ 57%]   step 18359
[ 57%]   step 18360
[ 57%]   step 18361
[ 57%]   step 18362
+SWASH is processing output request    1
+SWASH is processing output request    2
[ 57%]   step 18363
[ 57%]   step 18364
[ 57%]   step 18365
[ 57%]   step 18366
[ 57%]   step 18367
[ 57%]   step 18368
[ 57%]   step 18369
[ 57%]   step 18370
[ 57%]   step 18371
[ 57%]   step 18372
[ 57%]   step 18373
[ 57%]   step 18374
[ 57%]   step 18375
[ 57%]   step 18376
[ 57%]   step 18377
[ 57%]   step 18378
[ 57%]   step 18379
[ 57%]   step 18380
[ 57%]   step 18381
[ 57%]   step 18382
[ 57%]   step 18383
[ 57%]   step 18384
[ 57%]   step 18385
[ 57%]   step 18386
[ 57%]   step 18387
[ 57%]   step 18388
[ 57%]   step 18389
[ 57%]   step 18390
[ 57%]   step 18391
[ 57%]   step 18392
[ 57%]   step 18393
[ 57%]   step 18394
[ 57%]   step 18395
[ 57%]   step 18396
[ 57%]   step 18397
[ 57%]   step 18398
[ 57%]   step 18399
[ 57%]   step 18400
[ 57%]   step 18401
[ 57%]   step 18402
[ 57%]   step 18403
+SWASH is processing output request    1
+SWASH is processing output request    2
[ 57%]   step 18404
[ 57%]   step 18405
[ 57%]   step 18406
[ 57%]   step 18407
[ 57%]   step 18408
[ 57%]   step 18409
[ 57%]   step 18410
[ 57%]   step 18411
[ 57%]   step 18412
[ 57%]   step 18413
[ 57%]   step 18414
[ 57%]   step 18415
[ 57%]   step 18416
[ 57%]   step 18417
[ 57%]   step 18418
[ 57%]   step 18419
[ 57%]   step 18420
[ 57%]   step 18421
[ 57%]   step 18422
[ 57%]   step 18423
[ 58%]   step 18424
[ 58%]   step 18425
[ 58%]   step 18426
[ 58%]   step 18427
[ 58%]   step 18428
[ 58%]   step 18429
[ 58%]   step 18430
[ 58%]   step 18431
[ 58%]   step 18432
[ 58%]   step 18433
[ 58%]   step 18434
[ 58%]   step 18435
[ 58%]   step 18436
[ 58%]   step 18437
[ 58%]   step 18438
[ 58%]   step 18439
[ 58%]   step 18440
[ 58%]   step 18441
[ 58%]   step 18442
[ 58%]   step 18443
[ 58%]   step 18444
+SWASH is processing output request    1
+SWASH is processing output request    2
[ 58%]   step 18445
[ 58%]   step 18446
[ 58%]   step 18447
[ 58%]   step 18448
[ 58%]   step 18449
[ 58%]   step 18450
[ 58%]   step 18451
[ 58%]   step 18452
[ 58%]   step 18453
[ 58%]   step 18454
[ 58%]   step 18455
[ 58%]   step 18456
[ 58%]   step 18457
[ 58%]   step 18458
[ 58%]   step 18459
[ 58%]   step 18460
[ 58%]   step 18461
[ 58%]   step 18462
[ 58%]   step 18463
[ 58%]   step 18464
[ 58%]   step 18465
[ 58%]   step 18466
[ 58%]   step 18467
[ 58%]   step 18468
[ 58%]   step 18469
[ 58%]   step 18470
[ 58%]   step 18471
[ 58%]   step 18472
[ 58%]   step 18473
[ 58%]   step 18474
[ 58%]   step 18475
[ 58%]   step 18476
[ 58%]   step 18477
[ 58%]   step 18478
[ 58%]   step 18479
[ 58%]   step 18480
[ 58%]   step 18481
[ 58%]   step 18482
[ 58%]   step 18483
[ 58%]   step 18484
[ 58%]   step 18485
+SWASH is processing output request    1
+SWASH is processing output request    2
[ 58%]   step 18486
[ 58%]   step 18487
[ 58%]   step 18488
[ 58%]   step 18489
[ 58%]   step 18490
[ 58%]   step 18491
[ 58%]   step 18492
[ 58%]   step 18493
[ 58%]   step 18494
[ 58%]   step 18495
[ 58%]   step 18496
[ 58%]   step 18497
[ 58%]   step 18498
[ 58%]   step 18499
[ 58%]   step 18500
[ 58%]   step 18501
[ 58%]   step 18502
[ 58%]   step 18503
[ 58%]   step 18504
[ 58%]   step 18505
[ 58%]   step 18506
[ 58%]   step 18507
[ 58%]   step 18508
[ 58%]   step 18509
[ 58%]   step 18510
[ 58%]   step 18511
[ 58%]   step 18512
[ 58%]   step 18513
[ 58%]   step 18514
[ 58%]   step 18515
[ 58%]   step 18516
[ 58%]   step 18517
[ 58%]   step 18518
[ 58%]   step 18519
[ 58%]   step 18520
[ 58%]   step 18521
[ 58%]   step 18522
[ 58%]   step 18523
[ 58%]   step 18524
[ 58%]   step 18525
[ 58%]   step 18526
+SWASH is processing output request    1
+SWASH is processing output request    2
[ 58%]   step 18527
[ 58%]   step 18528
[ 58%]   step 18529
[ 58%]   step 18530
[ 58%]   step 18531
[ 58%]   step 18532
[ 58%]   step 18533
[ 58%]   step 18534
[ 58%]   step 18535
[ 58%]   step 18536
[ 58%]   step 18537
[ 58%]   step 18538
[ 58%]   step 18539
[ 58%]   step 18540
[ 58%]   step 18541
[ 58%]   step 18542
[ 58%]   step 18543
[ 58%]   step 18544
[ 58%]   step 18545
[ 58%]   step 18546
[ 58%]   step 18547
[ 58%]   step 18548
[ 58%]   step 18549
[ 58%]   step 18550
[ 58%]   step 18551
[ 58%]   step 18552
[ 58%]   step 18553
[ 58%]   step 18554
[ 58%]   step 18555
[ 58%]   step 18556
[ 58%]   step 18557
[ 58%]   step 18558
[ 58%]   step 18559
[ 58%]   step 18560
[ 58%]   step 18561
[ 58%]   step 18562
[ 58%]   step 18563
[ 58%]   step 18564
[ 58%]   step 18565
[ 58%]   step 18566
[ 58%]   step 18567
+SWASH is processing output request    1
+SWASH is processing output request    2
[ 58%]   step 18568
[ 58%]   step 18569
[ 58%]   step 18570
[ 58%]   step 18571
[ 58%]   step 18572
[ 58%]   step 18573
[ 58%]   step 18574
[ 58%]   step 18575
[ 58%]   step 18576
[ 58%]   step 18577
[ 58%]   step 18578
[ 58%]   step 18579
[ 58%]   step 18580
[ 58%]   step 18581
[ 58%]   step 18582
[ 58%]   step 18583
[ 58%]   step 18584
[ 58%]   step 18585
[ 58%]   step 18586
[ 58%]   step 18587
[ 58%]   step 18588
[ 58%]   step 18589
[ 58%]   step 18590
[ 58%]   step 18591
[ 58%]   step 18592
[ 58%]   step 18593
[ 58%]   step 18594
[ 58%]   step 18595
[ 58%]   step 18596
[ 58%]   step 18597
[ 58%]   step 18598
[ 58%]   step 18599
[ 58%]   step 18600
[ 58%]   step 18601
[ 58%]   step 18602
[ 58%]   step 18603
[ 58%]   step 18604
[ 58%]   step 18605
[ 58%]   step 18606
[ 58%]   step 18607
[ 58%]   step 18608
[ 58%]   step 18609
+SWASH is processing output request    1
+SWASH is processing output request    2
[ 58%]   step 18610
[ 58%]   step 18611
[ 58%]   step 18612
[ 58%]   step 18613
[ 58%]   step 18614
[ 58%]   step 18615
[ 58%]   step 18616
[ 58%]   step 18617
[ 58%]   step 18618
[ 58%]   step 18619
[ 58%]   step 18620
[ 58%]   step 18621
[ 58%]   step 18622
[ 58%]   step 18623
[ 58%]   step 18624
[ 58%]   step 18625
[ 58%]   step 18626
[ 58%]   step 18627
[ 58%]   step 18628
[ 58%]   step 18629
[ 58%]   step 18630
[ 58%]   step 18631
[ 58%]   step 18632
[ 58%]   step 18633
[ 58%]   step 18634
[ 58%]   step 18635
[ 58%]   step 18636
[ 58%]   step 18637
[ 58%]   step 18638
[ 58%]   step 18639
[ 58%]   step 18640
[ 58%]   step 18641
[ 58%]   step 18642
[ 58%]   step 18643
[ 58%]   step 18644
[ 58%]   step 18645
[ 58%]   step 18646
[ 58%]   step 18647
[ 58%]   step 18648
[ 58%]   step 18649
[ 58%]   step 18650
+SWASH is processing output request    1
+SWASH is processing output request    2
[ 58%]   step 18651
[ 58%]   step 18652
[ 58%]   step 18653
[ 58%]   step 18654
[ 58%]   step 18655
[ 58%]   step 18656
[ 58%]   step 18657
[ 58%]   step 18658
[ 58%]   step 18659
[ 58%]   step 18660
[ 58%]   step 18661
[ 58%]   step 18662
[ 58%]   step 18663
[ 58%]   step 18664
[ 58%]   step 18665
[ 58%]   step 18666
[ 58%]   step 18667
[ 58%]   step 18668
[ 58%]   step 18669
[ 58%]   step 18670
[ 58%]   step 18671
[ 58%]   step 18672
[ 58%]   step 18673
[ 58%]   step 18674
[ 58%]   step 18675
[ 58%]   step 18676
[ 58%]   step 18677
[ 58%]   step 18678
[ 58%]   step 18679
[ 58%]   step 18680
[ 58%]   step 18681
[ 58%]   step 18682
[ 58%]   step 18683
[ 58%]   step 18684
[ 58%]   step 18685
[ 58%]   step 18686
[ 58%]   step 18687
[ 58%]   step 18688
[ 58%]   step 18689
[ 58%]   step 18690
[ 58%]   step 18691
+SWASH is processing output request    1
+SWASH is processing output request    2
[ 58%]   step 18692
[ 58%]   step 18693
[ 58%]   step 18694
[ 58%]   step 18695
[ 58%]   step 18696
[ 58%]   step 18697
[ 58%]   step 18698
[ 58%]   step 18699
[ 58%]   step 18700
[ 58%]   step 18701
[ 58%]   step 18702
[ 58%]   step 18703
[ 58%]   step 18704
[ 58%]   step 18705
[ 58%]   step 18706
[ 58%]   step 18707
[ 58%]   step 18708
[ 58%]   step 18709
[ 58%]   step 18710
[ 58%]   step 18711
[ 58%]   step 18712
[ 58%]   step 18713
[ 58%]   step 18714
[ 58%]   step 18715
[ 58%]   step 18716
[ 58%]   step 18717
[ 58%]   step 18718
[ 58%]   step 18719
[ 58%]   step 18720
[ 58%]   step 18721
[ 58%]   step 18722
[ 58%]   step 18723
[ 58%]   step 18724
[ 58%]   step 18725
[ 58%]   step 18726
[ 58%]   step 18727
[ 58%]   step 18728
[ 58%]   step 18729
[ 58%]   step 18730
[ 58%]   step 18731
[ 58%]   step 18732
+SWASH is processing output request    1
+SWASH is processing output request    2
[ 58%]   step 18733
[ 58%]   step 18734
[ 58%]   step 18735
[ 58%]   step 18736
[ 58%]   step 18737
[ 58%]   step 18738
[ 58%]   step 18739
[ 58%]   step 18740
[ 58%]   step 18741
[ 58%]   step 18742
[ 58%]   step 18743
[ 59%]   step 18744
[ 59%]   step 18745
[ 59%]   step 18746
[ 59%]   step 18747
[ 59%]   step 18748
[ 59%]   step 18749
[ 59%]   step 18750
[ 59%]   step 18751
[ 59%]   step 18752
[ 59%]   step 18753
[ 59%]   step 18754
[ 59%]   step 18755
[ 59%]   step 18756
[ 59%]   step 18757
[ 59%]   step 18758
[ 59%]   step 18759
[ 59%]   step 18760
[ 59%]   step 18761
[ 59%]   step 18762
[ 59%]   step 18763
[ 59%]   step 18764
[ 59%]   step 18765
[ 59%]   step 18766
[ 59%]   step 18767
[ 59%]   step 18768
[ 59%]   step 18769
[ 59%]   step 18770
[ 59%]   step 18771
[ 59%]   step 18772
[ 59%]   step 18773
+SWASH is processing output request    1
+SWASH is processing output request    2
[ 59%]   step 18774
[ 59%]   step 18775
[ 59%]   step 18776
[ 59%]   step 18777
[ 59%]   step 18778
[ 59%]   step 18779
[ 59%]   step 18780
[ 59%]   step 18781
[ 59%]   step 18782
[ 59%]   step 18783
[ 59%]   step 18784
[ 59%]   step 18785
[ 59%]   step 18786
[ 59%]   step 18787
[ 59%]   step 18788
[ 59%]   step 18789
[ 59%]   step 18790
[ 59%]   step 18791
[ 59%]   step 18792
[ 59%]   step 18793
[ 59%]   step 18794
[ 59%]   step 18795
[ 59%]   step 18796
[ 59%]   step 18797
[ 59%]   step 18798
[ 59%]   step 18799
[ 59%]   step 18800
[ 59%]   step 18801
[ 59%]   step 18802
[ 59%]   step 18803
[ 59%]   step 18804
[ 59%]   step 18805
[ 59%]   step 18806
[ 59%]   step 18807
[ 59%]   step 18808
[ 59%]   step 18809
[ 59%]   step 18810
[ 59%]   step 18811
[ 59%]   step 18812
[ 59%]   step 18813
[ 59%]   step 18814
+SWASH is processing output request    1
+SWASH is processing output request    2
[ 59%]   step 18815
[ 59%]   step 18816
[ 59%]   step 18817
[ 59%]   step 18818
[ 59%]   step 18819
[ 59%]   step 18820
[ 59%]   step 18821
[ 59%]   step 18822
[ 59%]   step 18823
[ 59%]   step 18824
[ 59%]   step 18825
[ 59%]   step 18826
[ 59%]   step 18827
[ 59%]   step 18828
[ 59%]   step 18829
[ 59%]   step 18830
[ 59%]   step 18831
[ 59%]   step 18832
[ 59%]   step 18833
[ 59%]   step 18834
[ 59%]   step 18835
[ 59%]   step 18836
[ 59%]   step 18837
[ 59%]   step 18838
[ 59%]   step 18839
[ 59%]   step 18840
[ 59%]   step 18841
[ 59%]   step 18842
[ 59%]   step 18843
[ 59%]   step 18844
[ 59%]   step 18845
[ 59%]   step 18846
[ 59%]   step 18847
[ 59%]   step 18848
[ 59%]   step 18849
[ 59%]   step 18850
[ 59%]   step 18851
[ 59%]   step 18852
[ 59%]   step 18853
[ 59%]   step 18854
[ 59%]   step 18855
+SWASH is processing output request    1
+SWASH is processing output request    2
[ 59%]   step 18856
[ 59%]   step 18857
[ 59%]   step 18858
[ 59%]   step 18859
[ 59%]   step 18860
[ 59%]   step 18861
[ 59%]   step 18862
[ 59%]   step 18863
[ 59%]   step 18864
[ 59%]   step 18865
[ 59%]   step 18866
[ 59%]   step 18867
[ 59%]   step 18868
[ 59%]   step 18869
[ 59%]   step 18870
[ 59%]   step 18871
[ 59%]   step 18872
[ 59%]   step 18873
[ 59%]   step 18874
[ 59%]   step 18875
[ 59%]   step 18876
[ 59%]   step 18877
[ 59%]   step 18878
[ 59%]   step 18879
[ 59%]   step 18880
[ 59%]   step 18881
[ 59%]   step 18882
[ 59%]   step 18883
[ 59%]   step 18884
[ 59%]   step 18885
[ 59%]   step 18886
[ 59%]   step 18887
[ 59%]   step 18888
[ 59%]   step 18889
[ 59%]   step 18890
[ 59%]   step 18891
[ 59%]   step 18892
[ 59%]   step 18893
[ 59%]   step 18894
[ 59%]   step 18895
[ 59%]   step 18896
+SWASH is processing output request    1
+SWASH is processing output request    2
[ 59%]   step 18897
[ 59%]   step 18898
[ 59%]   step 18899
[ 59%]   step 18900
[ 59%]   step 18901
[ 59%]   step 18902
[ 59%]   step 18903
[ 59%]   step 18904
[ 59%]   step 18905
[ 59%]   step 18906
[ 59%]   step 18907
[ 59%]   step 18908
[ 59%]   step 18909
[ 59%]   step 18910
[ 59%]   step 18911
[ 59%]   step 18912
[ 59%]   step 18913
[ 59%]   step 18914
[ 59%]   step 18915
[ 59%]   step 18916
[ 59%]   step 18917
[ 59%]   step 18918
[ 59%]   step 18919
[ 59%]   step 18920
[ 59%]   step 18921
[ 59%]   step 18922
[ 59%]   step 18923
[ 59%]   step 18924
[ 59%]   step 18925
[ 59%]   step 18926
[ 59%]   step 18927
[ 59%]   step 18928
[ 59%]   step 18929
[ 59%]   step 18930
[ 59%]   step 18931
[ 59%]   step 18932
[ 59%]   step 18933
[ 59%]   step 18934
[ 59%]   step 18935
[ 59%]   step 18936
[ 59%]   step 18937
+SWASH is processing output request    1
+SWASH is processing output request    2
[ 59%]   step 18938
[ 59%]   step 18939
[ 59%]   step 18940
[ 59%]   step 18941
[ 59%]   step 18942
[ 59%]   step 18943
[ 59%]   step 18944
[ 59%]   step 18945
[ 59%]   step 18946
[ 59%]   step 18947
[ 59%]   step 18948
[ 59%]   step 18949
[ 59%]   step 18950
[ 59%]   step 18951
[ 59%]   step 18952
[ 59%]   step 18953
[ 59%]   step 18954
[ 59%]   step 18955
[ 59%]   step 18956
[ 59%]   step 18957
[ 59%]   step 18958
[ 59%]   step 18959
[ 59%]   step 18960
[ 59%]   step 18961
[ 59%]   step 18962
[ 59%]   step 18963
[ 59%]   step 18964
[ 59%]   step 18965
[ 59%]   step 18966
[ 59%]   step 18967
[ 59%]   step 18968
[ 59%]   step 18969
[ 59%]   step 18970
[ 59%]   step 18971
[ 59%]   step 18972
[ 59%]   step 18973
[ 59%]   step 18974
[ 59%]   step 18975
[ 59%]   step 18976
[ 59%]   step 18977
[ 59%]   step 18978
+SWASH is processing output request    1
+SWASH is processing output request    2
[ 59%]   step 18979
[ 59%]   step 18980
[ 59%]   step 18981
[ 59%]   step 18982
[ 59%]   step 18983
[ 59%]   step 18984
[ 59%]   step 18985
[ 59%]   step 18986
[ 59%]   step 18987
[ 59%]   step 18988
[ 59%]   step 18989
[ 59%]   step 18990
[ 59%]   step 18991
[ 59%]   step 18992
[ 59%]   step 18993
[ 59%]   step 18994
[ 59%]   step 18995
[ 59%]   step 18996
[ 59%]   step 18997
[ 59%]   step 18998
[ 59%]   step 18999
[ 59%]   step 19000
[ 59%]   step 19001
[ 59%]   step 19002
[ 59%]   step 19003
[ 59%]   step 19004
[ 59%]   step 19005
[ 59%]   step 19006
[ 59%]   step 19007
[ 59%]   step 19008
[ 59%]   step 19009
[ 59%]   step 19010
[ 59%]   step 19011
[ 59%]   step 19012
[ 59%]   step 19013
[ 59%]   step 19014
[ 59%]   step 19015
[ 59%]   step 19016
[ 59%]   step 19017
[ 59%]   step 19018
[ 59%]   step 19019
+SWASH is processing output request    1
+SWASH is processing output request    2
[ 59%]   step 19020
[ 59%]   step 19021
[ 59%]   step 19022
[ 59%]   step 19023
[ 59%]   step 19024
[ 59%]   step 19025
[ 59%]   step 19026
[ 59%]   step 19027
[ 59%]   step 19028
[ 59%]   step 19029
[ 59%]   step 19030
[ 59%]   step 19031
[ 59%]   step 19032
[ 59%]   step 19033
[ 59%]   step 19034
[ 59%]   step 19035
[ 59%]   step 19036
[ 59%]   step 19037
[ 59%]   step 19038
[ 59%]   step 19039
[ 59%]   step 19040
[ 59%]   step 19041
[ 59%]   step 19042
[ 59%]   step 19043
[ 59%]   step 19044
[ 59%]   step 19045
[ 59%]   step 19046
[ 59%]   step 19047
[ 59%]   step 19048
[ 59%]   step 19049
[ 59%]   step 19050
[ 59%]   step 19051
[ 59%]   step 19052
[ 59%]   step 19053
[ 59%]   step 19054
[ 59%]   step 19055
[ 59%]   step 19056
[ 59%]   step 19057
[ 59%]   step 19058
[ 59%]   step 19059
[ 59%]   step 19060
+SWASH is processing output request    1
+SWASH is processing output request    2
[ 59%]   step 19061
[ 59%]   step 19062
[ 59%]   step 19063
[ 59%]   step 19064
[ 60%]   step 19065
[ 60%]   step 19066
[ 60%]   step 19067
[ 60%]   step 19068
[ 60%]   step 19069
[ 60%]   step 19070
[ 60%]   step 19071
[ 60%]   step 19072
[ 60%]   step 19073
[ 60%]   step 19074
[ 60%]   step 19075
[ 60%]   step 19076
[ 60%]   step 19077
[ 60%]   step 19078
[ 60%]   step 19079
[ 60%]   step 19080
[ 60%]   step 19081
[ 60%]   step 19082
[ 60%]   step 19083
[ 60%]   step 19084
[ 60%]   step 19085
[ 60%]   step 19086
[ 60%]   step 19087
[ 60%]   step 19088
[ 60%]   step 19089
[ 60%]   step 19090
[ 60%]   step 19091
[ 60%]   step 19092
[ 60%]   step 19093
[ 60%]   step 19094
[ 60%]   step 19095
[ 60%]   step 19096
[ 60%]   step 19097
[ 60%]   step 19098
[ 60%]   step 19099
[ 60%]   step 19100
[ 60%]   step 19101
+SWASH is processing output request    1
+SWASH is processing output request    2
[ 60%]   step 19102
[ 60%]   step 19103
[ 60%]   step 19104
[ 60%]   step 19105
[ 60%]   step 19106
[ 60%]   step 19107
[ 60%]   step 19108
[ 60%]   step 19109
[ 60%]   step 19110
[ 60%]   step 19111
[ 60%]   step 19112
[ 60%]   step 19113
[ 60%]   step 19114
[ 60%]   step 19115
[ 60%]   step 19116
[ 60%]   step 19117
[ 60%]   step 19118
[ 60%]   step 19119
[ 60%]   step 19120
[ 60%]   step 19121
[ 60%]   step 19122
[ 60%]   step 19123
[ 60%]   step 19124
[ 60%]   step 19125
[ 60%]   step 19126
[ 60%]   step 19127
[ 60%]   step 19128
[ 60%]   step 19129
[ 60%]   step 19130
[ 60%]   step 19131
[ 60%]   step 19132
[ 60%]   step 19133
[ 60%]   step 19134
[ 60%]   step 19135
[ 60%]   step 19136
[ 60%]   step 19137
[ 60%]   step 19138
[ 60%]   step 19139
[ 60%]   step 19140
[ 60%]   step 19141
[ 60%]   step 19142
[ 60%]   step 19143
+SWASH is processing output request    1
+SWASH is processing output request    2
[ 60%]   step 19144
[ 60%]   step 19145
[ 60%]   step 19146
[ 60%]   step 19147
[ 60%]   step 19148
[ 60%]   step 19149
[ 60%]   step 19150
[ 60%]   step 19151
[ 60%]   step 19152
[ 60%]   step 19153
[ 60%]   step 19154
[ 60%]   step 19155
[ 60%]   step 19156
[ 60%]   step 19157
[ 60%]   step 19158
[ 60%]   step 19159
[ 60%]   step 19160
[ 60%]   step 19161
[ 60%]   step 19162
[ 60%]   step 19163
[ 60%]   step 19164
[ 60%]   step 19165
[ 60%]   step 19166
[ 60%]   step 19167
[ 60%]   step 19168
[ 60%]   step 19169
[ 60%]   step 19170
[ 60%]   step 19171
[ 60%]   step 19172
[ 60%]   step 19173
[ 60%]   step 19174
[ 60%]   step 19175
[ 60%]   step 19176
[ 60%]   step 19177
[ 60%]   step 19178
[ 60%]   step 19179
[ 60%]   step 19180
[ 60%]   step 19181
[ 60%]   step 19182
[ 60%]   step 19183
[ 60%]   step 19184
+SWASH is processing output request    1
+SWASH is processing output request    2
[ 60%]   step 19185
[ 60%]   step 19186
[ 60%]   step 19187
[ 60%]   step 19188
[ 60%]   step 19189
[ 60%]   step 19190
[ 60%]   step 19191
[ 60%]   step 19192
[ 60%]   step 19193
[ 60%]   step 19194
[ 60%]   step 19195
[ 60%]   step 19196
[ 60%]   step 19197
[ 60%]   step 19198
[ 60%]   step 19199
[ 60%]   step 19200
[ 60%]   step 19201
[ 60%]   step 19202
[ 60%]   step 19203
[ 60%]   step 19204
[ 60%]   step 19205
[ 60%]   step 19206
[ 60%]   step 19207
[ 60%]   step 19208
[ 60%]   step 19209
[ 60%]   step 19210
[ 60%]   step 19211
[ 60%]   step 19212
[ 60%]   step 19213
[ 60%]   step 19214
[ 60%]   step 19215
[ 60%]   step 19216
[ 60%]   step 19217
[ 60%]   step 19218
[ 60%]   step 19219
[ 60%]   step 19220
[ 60%]   step 19221
[ 60%]   step 19222
[ 60%]   step 19223
[ 60%]   step 19224
[ 60%]   step 19225
+SWASH is processing output request    1
+SWASH is processing output request    2
[ 60%]   step 19226
[ 60%]   step 19227
[ 60%]   step 19228
[ 60%]   step 19229
[ 60%]   step 19230
[ 60%]   step 19231
[ 60%]   step 19232
[ 60%]   step 19233
[ 60%]   step 19234
[ 60%]   step 19235
[ 60%]   step 19236
[ 60%]   step 19237
[ 60%]   step 19238
[ 60%]   step 19239
[ 60%]   step 19240
[ 60%]   step 19241
[ 60%]   step 19242
[ 60%]   step 19243
[ 60%]   step 19244
[ 60%]   step 19245
[ 60%]   step 19246
[ 60%]   step 19247
[ 60%]   step 19248
[ 60%]   step 19249
[ 60%]   step 19250
[ 60%]   step 19251
[ 60%]   step 19252
[ 60%]   step 19253
[ 60%]   step 19254
[ 60%]   step 19255
[ 60%]   step 19256
[ 60%]   step 19257
[ 60%]   step 19258
[ 60%]   step 19259
[ 60%]   step 19260
[ 60%]   step 19261
[ 60%]   step 19262
[ 60%]   step 19263
[ 60%]   step 19264
[ 60%]   step 19265
[ 60%]   step 19266
+SWASH is processing output request    1
+SWASH is processing output request    2
[ 60%]   step 19267
[ 60%]   step 19268
[ 60%]   step 19269
[ 60%]   step 19270
[ 60%]   step 19271
[ 60%]   step 19272
[ 60%]   step 19273
[ 60%]   step 19274
[ 60%]   step 19275
[ 60%]   step 19276
[ 60%]   step 19277
[ 60%]   step 19278
[ 60%]   step 19279
[ 60%]   step 19280
[ 60%]   step 19281
[ 60%]   step 19282
[ 60%]   step 19283
[ 60%]   step 19284
[ 60%]   step 19285
[ 60%]   step 19286
[ 60%]   step 19287
[ 60%]   step 19288
[ 60%]   step 19289
[ 60%]   step 19290
[ 60%]   step 19291
[ 60%]   step 19292
[ 60%]   step 19293
[ 60%]   step 19294
[ 60%]   step 19295
[ 60%]   step 19296
[ 60%]   step 19297
[ 60%]   step 19298
[ 60%]   step 19299
[ 60%]   step 19300
[ 60%]   step 19301
[ 60%]   step 19302
[ 60%]   step 19303
[ 60%]   step 19304
[ 60%]   step 19305
[ 60%]   step 19306
[ 60%]   step 19307
+SWASH is processing output request    1
+SWASH is processing output request    2
[ 60%]   step 19308
[ 60%]   step 19309
[ 60%]   step 19310
[ 60%]   step 19311
[ 60%]   step 19312
[ 60%]   step 19313
[ 60%]   step 19314
[ 60%]   step 19315
[ 60%]   step 19316
[ 60%]   step 19317
[ 60%]   step 19318
[ 60%]   step 19319
[ 60%]   step 19320
[ 60%]   step 19321
[ 60%]   step 19322
[ 60%]   step 19323
[ 60%]   step 19324
[ 60%]   step 19325
[ 60%]   step 19326
[ 60%]   step 19327
[ 60%]   step 19328
[ 60%]   step 19329
[ 60%]   step 19330
[ 60%]   step 19331
[ 60%]   step 19332
[ 60%]   step 19333
[ 60%]   step 19334
[ 60%]   step 19335
[ 60%]   step 19336
[ 60%]   step 19337
[ 60%]   step 19338
[ 60%]   step 19339
[ 60%]   step 19340
[ 60%]   step 19341
[ 60%]   step 19342
[ 60%]   step 19343
[ 60%]   step 19344
[ 60%]   step 19345
[ 60%]   step 19346
[ 60%]   step 19347
[ 60%]   step 19348
+SWASH is processing output request    1
+SWASH is processing output request    2
[ 60%]   step 19349
[ 60%]   step 19350
[ 60%]   step 19351
[ 60%]   step 19352
[ 60%]   step 19353
[ 60%]   step 19354
[ 60%]   step 19355
[ 60%]   step 19356
[ 60%]   step 19357
[ 60%]   step 19358
[ 60%]   step 19359
[ 60%]   step 19360
[ 60%]   step 19361
[ 60%]   step 19362
[ 60%]   step 19363
[ 60%]   step 19364
[ 60%]   step 19365
[ 60%]   step 19366
[ 60%]   step 19367
[ 60%]   step 19368
[ 60%]   step 19369
[ 60%]   step 19370
[ 60%]   step 19371
[ 60%]   step 19372
[ 60%]   step 19373
[ 60%]   step 19374
[ 60%]   step 19375
[ 60%]   step 19376
[ 60%]   step 19377
[ 60%]   step 19378
[ 60%]   step 19379
[ 60%]   step 19380
[ 60%]   step 19381
[ 60%]   step 19382
[ 60%]   step 19383
[ 60%]   step 19384
[ 61%]   step 19385
[ 61%]   step 19386
[ 61%]   step 19387
[ 61%]   step 19388
[ 61%]   step 19389
+SWASH is processing output request    1
+SWASH is processing output request    2
[ 61%]   step 19390
[ 61%]   step 19391
[ 61%]   step 19392
[ 61%]   step 19393
[ 61%]   step 19394
[ 61%]   step 19395
[ 61%]   step 19396
[ 61%]   step 19397
[ 61%]   step 19398
[ 61%]   step 19399
[ 61%]   step 19400
[ 61%]   step 19401
[ 61%]   step 19402
[ 61%]   step 19403
[ 61%]   step 19404
[ 61%]   step 19405
[ 61%]   step 19406
[ 61%]   step 19407
[ 61%]   step 19408
[ 61%]   step 19409
[ 61%]   step 19410
[ 61%]   step 19411
[ 61%]   step 19412
[ 61%]   step 19413
[ 61%]   step 19414
[ 61%]   step 19415
[ 61%]   step 19416
[ 61%]   step 19417
[ 61%]   step 19418
[ 61%]   step 19419
[ 61%]   step 19420
[ 61%]   step 19421
[ 61%]   step 19422
[ 61%]   step 19423
[ 61%]   step 19424
[ 61%]   step 19425
[ 61%]   step 19426
[ 61%]   step 19427
[ 61%]   step 19428
[ 61%]   step 19429
[ 61%]   step 19430
+SWASH is processing output request    1
+SWASH is processing output request    2
[ 61%]   step 19431
[ 61%]   step 19432
[ 61%]   step 19433
[ 61%]   step 19434
[ 61%]   step 19435
[ 61%]   step 19436
[ 61%]   step 19437
[ 61%]   step 19438
[ 61%]   step 19439
[ 61%]   step 19440
[ 61%]   step 19441
[ 61%]   step 19442
[ 61%]   step 19443
[ 61%]   step 19444
[ 61%]   step 19445
[ 61%]   step 19446
[ 61%]   step 19447
[ 61%]   step 19448
[ 61%]   step 19449
[ 61%]   step 19450
[ 61%]   step 19451
[ 61%]   step 19452
[ 61%]   step 19453
[ 61%]   step 19454
[ 61%]   step 19455
[ 61%]   step 19456
[ 61%]   step 19457
[ 61%]   step 19458
[ 61%]   step 19459
[ 61%]   step 19460
[ 61%]   step 19461
[ 61%]   step 19462
[ 61%]   step 19463
[ 61%]   step 19464
[ 61%]   step 19465
[ 61%]   step 19466
[ 61%]   step 19467
[ 61%]   step 19468
[ 61%]   step 19469
[ 61%]   step 19470
[ 61%]   step 19471
+SWASH is processing output request    1
+SWASH is processing output request    2
[ 61%]   step 19472
[ 61%]   step 19473
[ 61%]   step 19474
[ 61%]   step 19475
[ 61%]   step 19476
[ 61%]   step 19477
[ 61%]   step 19478
[ 61%]   step 19479
[ 61%]   step 19480
[ 61%]   step 19481
[ 61%]   step 19482
[ 61%]   step 19483
[ 61%]   step 19484
[ 61%]   step 19485
[ 61%]   step 19486
[ 61%]   step 19487
[ 61%]   step 19488
[ 61%]   step 19489
[ 61%]   step 19490
[ 61%]   step 19491
[ 61%]   step 19492
[ 61%]   step 19493
[ 61%]   step 19494
[ 61%]   step 19495
[ 61%]   step 19496
[ 61%]   step 19497
[ 61%]   step 19498
[ 61%]   step 19499
[ 61%]   step 19500
[ 61%]   step 19501
[ 61%]   step 19502
[ 61%]   step 19503
[ 61%]   step 19504
[ 61%]   step 19505
[ 61%]   step 19506
[ 61%]   step 19507
[ 61%]   step 19508
[ 61%]   step 19509
[ 61%]   step 19510
[ 61%]   step 19511
[ 61%]   step 19512
+SWASH is processing output request    1
+SWASH is processing output request    2
[ 61%]   step 19513
[ 61%]   step 19514
[ 61%]   step 19515
[ 61%]   step 19516
[ 61%]   step 19517
[ 61%]   step 19518
[ 61%]   step 19519
[ 61%]   step 19520
[ 61%]   step 19521
[ 61%]   step 19522
[ 61%]   step 19523
[ 61%]   step 19524
[ 61%]   step 19525
[ 61%]   step 19526
[ 61%]   step 19527
[ 61%]   step 19528
[ 61%]   step 19529
[ 61%]   step 19530
[ 61%]   step 19531
[ 61%]   step 19532
[ 61%]   step 19533
[ 61%]   step 19534
[ 61%]   step 19535
[ 61%]   step 19536
[ 61%]   step 19537
[ 61%]   step 19538
[ 61%]   step 19539
[ 61%]   step 19540
[ 61%]   step 19541
[ 61%]   step 19542
[ 61%]   step 19543
[ 61%]   step 19544
[ 61%]   step 19545
[ 61%]   step 19546
[ 61%]   step 19547
[ 61%]   step 19548
[ 61%]   step 19549
[ 61%]   step 19550
[ 61%]   step 19551
[ 61%]   step 19552
[ 61%]   step 19553
+SWASH is processing output request    1
+SWASH is processing output request    2
[ 61%]   step 19554
[ 61%]   step 19555
[ 61%]   step 19556
[ 61%]   step 19557
[ 61%]   step 19558
[ 61%]   step 19559
[ 61%]   step 19560
[ 61%]   step 19561
[ 61%]   step 19562
[ 61%]   step 19563
[ 61%]   step 19564
[ 61%]   step 19565
[ 61%]   step 19566
[ 61%]   step 19567
[ 61%]   step 19568
[ 61%]   step 19569
[ 61%]   step 19570
[ 61%]   step 19571
[ 61%]   step 19572
[ 61%]   step 19573
[ 61%]   step 19574
[ 61%]   step 19575
[ 61%]   step 19576
[ 61%]   step 19577
[ 61%]   step 19578
[ 61%]   step 19579
[ 61%]   step 19580
[ 61%]   step 19581
[ 61%]   step 19582
[ 61%]   step 19583
[ 61%]   step 19584
[ 61%]   step 19585
[ 61%]   step 19586
[ 61%]   step 19587
[ 61%]   step 19588
[ 61%]   step 19589
[ 61%]   step 19590
[ 61%]   step 19591
[ 61%]   step 19592
[ 61%]   step 19593
[ 61%]   step 19594
+SWASH is processing output request    1
+SWASH is processing output request    2
[ 61%]   step 19595
[ 61%]   step 19596
[ 61%]   step 19597
[ 61%]   step 19598
[ 61%]   step 19599
[ 61%]   step 19600
[ 61%]   step 19601
[ 61%]   step 19602
[ 61%]   step 19603
[ 61%]   step 19604
[ 61%]   step 19605
[ 61%]   step 19606
[ 61%]   step 19607
[ 61%]   step 19608
[ 61%]   step 19609
[ 61%]   step 19610
[ 61%]   step 19611
[ 61%]   step 19612
[ 61%]   step 19613
[ 61%]   step 19614
[ 61%]   step 19615
[ 61%]   step 19616
[ 61%]   step 19617
[ 61%]   step 19618
[ 61%]   step 19619
[ 61%]   step 19620
[ 61%]   step 19621
[ 61%]   step 19622
[ 61%]   step 19623
[ 61%]   step 19624
[ 61%]   step 19625
[ 61%]   step 19626
[ 61%]   step 19627
[ 61%]   step 19628
[ 61%]   step 19629
[ 61%]   step 19630
[ 61%]   step 19631
[ 61%]   step 19632
[ 61%]   step 19633
[ 61%]   step 19634
[ 61%]   step 19635
+SWASH is processing output request    1
+SWASH is processing output request    2
[ 61%]   step 19636
[ 61%]   step 19637
[ 61%]   step 19638
[ 61%]   step 19639
[ 61%]   step 19640
[ 61%]   step 19641
[ 61%]   step 19642
[ 61%]   step 19643
[ 61%]   step 19644
[ 61%]   step 19645
[ 61%]   step 19646
[ 61%]   step 19647
[ 61%]   step 19648
[ 61%]   step 19649
[ 61%]   step 19650
[ 61%]   step 19651
[ 61%]   step 19652
[ 61%]   step 19653
[ 61%]   step 19654
[ 61%]   step 19655
[ 61%]   step 19656
[ 61%]   step 19657
[ 61%]   step 19658
[ 61%]   step 19659
[ 61%]   step 19660
[ 61%]   step 19661
[ 61%]   step 19662
[ 61%]   step 19663
[ 61%]   step 19664
[ 61%]   step 19665
[ 61%]   step 19666
[ 61%]   step 19667
[ 61%]   step 19668
[ 61%]   step 19669
[ 61%]   step 19670
[ 61%]   step 19671
[ 61%]   step 19672
[ 61%]   step 19673
[ 61%]   step 19674
[ 61%]   step 19675
[ 61%]   step 19676
[ 61%]   step 19677
+SWASH is processing output request    1
+SWASH is processing output request    2
[ 61%]   step 19678
[ 61%]   step 19679
[ 61%]   step 19680
[ 61%]   step 19681
[ 61%]   step 19682
[ 61%]   step 19683
[ 61%]   step 19684
[ 61%]   step 19685
[ 61%]   step 19686
[ 61%]   step 19687
[ 61%]   step 19688
[ 61%]   step 19689
[ 61%]   step 19690
[ 61%]   step 19691
[ 61%]   step 19692
[ 61%]   step 19693
[ 61%]   step 19694
[ 61%]   step 19695
[ 61%]   step 19696
[ 61%]   step 19697
[ 61%]   step 19698
[ 61%]   step 19699
[ 61%]   step 19700
[ 61%]   step 19701
[ 61%]   step 19702
[ 61%]   step 19703
[ 61%]   step 19704
[ 62%]   step 19705
[ 62%]   step 19706
[ 62%]   step 19707
[ 62%]   step 19708
[ 62%]   step 19709
[ 62%]   step 19710
[ 62%]   step 19711
[ 62%]   step 19712
[ 62%]   step 19713
[ 62%]   step 19714
[ 62%]   step 19715
[ 62%]   step 19716
[ 62%]   step 19717
[ 62%]   step 19718
+SWASH is processing output request    1
+SWASH is processing output request    2
[ 62%]   step 19719
[ 62%]   step 19720
[ 62%]   step 19721
[ 62%]   step 19722
[ 62%]   step 19723
[ 62%]   step 19724
[ 62%]   step 19725
[ 62%]   step 19726
[ 62%]   step 19727
[ 62%]   step 19728
[ 62%]   step 19729
[ 62%]   step 19730
[ 62%]   step 19731
[ 62%]   step 19732
[ 62%]   step 19733
[ 62%]   step 19734
[ 62%]   step 19735
[ 62%]   step 19736
[ 62%]   step 19737
[ 62%]   step 19738
[ 62%]   step 19739
[ 62%]   step 19740
[ 62%]   step 19741
[ 62%]   step 19742
[ 62%]   step 19743
[ 62%]   step 19744
[ 62%]   step 19745
[ 62%]   step 19746
[ 62%]   step 19747
[ 62%]   step 19748
[ 62%]   step 19749
[ 62%]   step 19750
[ 62%]   step 19751
[ 62%]   step 19752
[ 62%]   step 19753
[ 62%]   step 19754
[ 62%]   step 19755
[ 62%]   step 19756
[ 62%]   step 19757
[ 62%]   step 19758
[ 62%]   step 19759
+SWASH is processing output request    1
+SWASH is processing output request    2
[ 62%]   step 19760
[ 62%]   step 19761
[ 62%]   step 19762
[ 62%]   step 19763
[ 62%]   step 19764
[ 62%]   step 19765
[ 62%]   step 19766
[ 62%]   step 19767
[ 62%]   step 19768
[ 62%]   step 19769
[ 62%]   step 19770
[ 62%]   step 19771
[ 62%]   step 19772
[ 62%]   step 19773
[ 62%]   step 19774
[ 62%]   step 19775
[ 62%]   step 19776
[ 62%]   step 19777
[ 62%]   step 19778
[ 62%]   step 19779
[ 62%]   step 19780
[ 62%]   step 19781
[ 62%]   step 19782
[ 62%]   step 19783
[ 62%]   step 19784
[ 62%]   step 19785
[ 62%]   step 19786
[ 62%]   step 19787
[ 62%]   step 19788
[ 62%]   step 19789
[ 62%]   step 19790
[ 62%]   step 19791
[ 62%]   step 19792
[ 62%]   step 19793
[ 62%]   step 19794
[ 62%]   step 19795
[ 62%]   step 19796
[ 62%]   step 19797
[ 62%]   step 19798
[ 62%]   step 19799
[ 62%]   step 19800
+SWASH is processing output request    1
+SWASH is processing output request    2
[ 62%]   step 19801
[ 62%]   step 19802
[ 62%]   step 19803
[ 62%]   step 19804
[ 62%]   step 19805
[ 62%]   step 19806
[ 62%]   step 19807
[ 62%]   step 19808
[ 62%]   step 19809
[ 62%]   step 19810
[ 62%]   step 19811
[ 62%]   step 19812
[ 62%]   step 19813
[ 62%]   step 19814
[ 62%]   step 19815
[ 62%]   step 19816
[ 62%]   step 19817
[ 62%]   step 19818
[ 62%]   step 19819
[ 62%]   step 19820
[ 62%]   step 19821
[ 62%]   step 19822
[ 62%]   step 19823
[ 62%]   step 19824
[ 62%]   step 19825
[ 62%]   step 19826
[ 62%]   step 19827
[ 62%]   step 19828
[ 62%]   step 19829
[ 62%]   step 19830
[ 62%]   step 19831
[ 62%]   step 19832
[ 62%]   step 19833
[ 62%]   step 19834
[ 62%]   step 19835
[ 62%]   step 19836
[ 62%]   step 19837
[ 62%]   step 19838
[ 62%]   step 19839
[ 62%]   step 19840
[ 62%]   step 19841
+SWASH is processing output request    1
+SWASH is processing output request    2
[ 62%]   step 19842
[ 62%]   step 19843
[ 62%]   step 19844
[ 62%]   step 19845
[ 62%]   step 19846
[ 62%]   step 19847
[ 62%]   step 19848
[ 62%]   step 19849
[ 62%]   step 19850
[ 62%]   step 19851
[ 62%]   step 19852
[ 62%]   step 19853
[ 62%]   step 19854
[ 62%]   step 19855
[ 62%]   step 19856
[ 62%]   step 19857
[ 62%]   step 19858
[ 62%]   step 19859
[ 62%]   step 19860
[ 62%]   step 19861
[ 62%]   step 19862
[ 62%]   step 19863
[ 62%]   step 19864
[ 62%]   step 19865
[ 62%]   step 19866
[ 62%]   step 19867
[ 62%]   step 19868
[ 62%]   step 19869
[ 62%]   step 19870
[ 62%]   step 19871
[ 62%]   step 19872
[ 62%]   step 19873
[ 62%]   step 19874
[ 62%]   step 19875
[ 62%]   step 19876
[ 62%]   step 19877
[ 62%]   step 19878
[ 62%]   step 19879
[ 62%]   step 19880
[ 62%]   step 19881
[ 62%]   step 19882
+SWASH is processing output request    1
+SWASH is processing output request    2
[ 62%]   step 19883
[ 62%]   step 19884
[ 62%]   step 19885
[ 62%]   step 19886
[ 62%]   step 19887
[ 62%]   step 19888
[ 62%]   step 19889
[ 62%]   step 19890
[ 62%]   step 19891
[ 62%]   step 19892
[ 62%]   step 19893
[ 62%]   step 19894
[ 62%]   step 19895
[ 62%]   step 19896
[ 62%]   step 19897
[ 62%]   step 19898
[ 62%]   step 19899
[ 62%]   step 19900
[ 62%]   step 19901
[ 62%]   step 19902
[ 62%]   step 19903
[ 62%]   step 19904
[ 62%]   step 19905
[ 62%]   step 19906
[ 62%]   step 19907
[ 62%]   step 19908
[ 62%]   step 19909
[ 62%]   step 19910
[ 62%]   step 19911
[ 62%]   step 19912
[ 62%]   step 19913
[ 62%]   step 19914
[ 62%]   step 19915
[ 62%]   step 19916
[ 62%]   step 19917
[ 62%]   step 19918
[ 62%]   step 19919
[ 62%]   step 19920
[ 62%]   step 19921
[ 62%]   step 19922
[ 62%]   step 19923
+SWASH is processing output request    1
+SWASH is processing output request    2
[ 62%]   step 19924
[ 62%]   step 19925
[ 62%]   step 19926
[ 62%]   step 19927
[ 62%]   step 19928
[ 62%]   step 19929
[ 62%]   step 19930
[ 62%]   step 19931
[ 62%]   step 19932
[ 62%]   step 19933
[ 62%]   step 19934
[ 62%]   step 19935
[ 62%]   step 19936
[ 62%]   step 19937
[ 62%]   step 19938
[ 62%]   step 19939
[ 62%]   step 19940
[ 62%]   step 19941
[ 62%]   step 19942
[ 62%]   step 19943
[ 62%]   step 19944
[ 62%]   step 19945
[ 62%]   step 19946
[ 62%]   step 19947
[ 62%]   step 19948
[ 62%]   step 19949
[ 62%]   step 19950
[ 62%]   step 19951
[ 62%]   step 19952
[ 62%]   step 19953
[ 62%]   step 19954
[ 62%]   step 19955
[ 62%]   step 19956
[ 62%]   step 19957
[ 62%]   step 19958
[ 62%]   step 19959
[ 62%]   step 19960
[ 62%]   step 19961
[ 62%]   step 19962
[ 62%]   step 19963
[ 62%]   step 19964
+SWASH is processing output request    1
+SWASH is processing output request    2
[ 62%]   step 19965
[ 62%]   step 19966
[ 62%]   step 19967
[ 62%]   step 19968
[ 62%]   step 19969
[ 62%]   step 19970
[ 62%]   step 19971
[ 62%]   step 19972
[ 62%]   step 19973
[ 62%]   step 19974
[ 62%]   step 19975
[ 62%]   step 19976
[ 62%]   step 19977
[ 62%]   step 19978
[ 62%]   step 19979
[ 62%]   step 19980
[ 62%]   step 19981
[ 62%]   step 19982
[ 62%]   step 19983
[ 62%]   step 19984
[ 62%]   step 19985
[ 62%]   step 19986
[ 62%]   step 19987
[ 62%]   step 19988
[ 62%]   step 19989
[ 62%]   step 19990
[ 62%]   step 19991
[ 62%]   step 19992
[ 62%]   step 19993
[ 62%]   step 19994
[ 62%]   step 19995
[ 62%]   step 19996
[ 62%]   step 19997
[ 62%]   step 19998
[ 62%]   step 19999
[ 62%]   step 20000
[ 62%]   step 20001
[ 62%]   step 20002
[ 62%]   step 20003
[ 62%]   step 20004
[ 62%]   step 20005
+SWASH is processing output request    1
+SWASH is processing output request    2
[ 62%]   step 20006
[ 62%]   step 20007
[ 62%]   step 20008
[ 62%]   step 20009
[ 62%]   step 20010
[ 62%]   step 20011
[ 62%]   step 20012
[ 62%]   step 20013
[ 62%]   step 20014
[ 62%]   step 20015
[ 62%]   step 20016
[ 62%]   step 20017
[ 62%]   step 20018
[ 62%]   step 20019
[ 62%]   step 20020
[ 62%]   step 20021
[ 62%]   step 20022
[ 62%]   step 20023
[ 62%]   step 20024
[ 62%]   step 20025
[ 63%]   step 20026
[ 63%]   step 20027
[ 63%]   step 20028
[ 63%]   step 20029
[ 63%]   step 20030
[ 63%]   step 20031
[ 63%]   step 20032
[ 63%]   step 20033
[ 63%]   step 20034
[ 63%]   step 20035
[ 63%]   step 20036
[ 63%]   step 20037
[ 63%]   step 20038
[ 63%]   step 20039
[ 63%]   step 20040
[ 63%]   step 20041
[ 63%]   step 20042
[ 63%]   step 20043
[ 63%]   step 20044
[ 63%]   step 20045
[ 63%]   step 20046
+SWASH is processing output request    1
+SWASH is processing output request    2
[ 63%]   step 20047
[ 63%]   step 20048
[ 63%]   step 20049
[ 63%]   step 20050
[ 63%]   step 20051
[ 63%]   step 20052
[ 63%]   step 20053
[ 63%]   step 20054
[ 63%]   step 20055
[ 63%]   step 20056
[ 63%]   step 20057
[ 63%]   step 20058
[ 63%]   step 20059
[ 63%]   step 20060
[ 63%]   step 20061
[ 63%]   step 20062
[ 63%]   step 20063
[ 63%]   step 20064
[ 63%]   step 20065
[ 63%]   step 20066
[ 63%]   step 20067
[ 63%]   step 20068
[ 63%]   step 20069
[ 63%]   step 20070
[ 63%]   step 20071
[ 63%]   step 20072
[ 63%]   step 20073
[ 63%]   step 20074
[ 63%]   step 20075
[ 63%]   step 20076
[ 63%]   step 20077
[ 63%]   step 20078
[ 63%]   step 20079
[ 63%]   step 20080
[ 63%]   step 20081
[ 63%]   step 20082
[ 63%]   step 20083
[ 63%]   step 20084
[ 63%]   step 20085
[ 63%]   step 20086
[ 63%]   step 20087
+SWASH is processing output request    1
+SWASH is processing output request    2
[ 63%]   step 20088
[ 63%]   step 20089
[ 63%]   step 20090
[ 63%]   step 20091
[ 63%]   step 20092
[ 63%]   step 20093
[ 63%]   step 20094
[ 63%]   step 20095
[ 63%]   step 20096
[ 63%]   step 20097
[ 63%]   step 20098
[ 63%]   step 20099
[ 63%]   step 20100
[ 63%]   step 20101
[ 63%]   step 20102
[ 63%]   step 20103
[ 63%]   step 20104
[ 63%]   step 20105
[ 63%]   step 20106
[ 63%]   step 20107
[ 63%]   step 20108
[ 63%]   step 20109
[ 63%]   step 20110
[ 63%]   step 20111
[ 63%]   step 20112
[ 63%]   step 20113
[ 63%]   step 20114
[ 63%]   step 20115
[ 63%]   step 20116
[ 63%]   step 20117
[ 63%]   step 20118
[ 63%]   step 20119
[ 63%]   step 20120
[ 63%]   step 20121
[ 63%]   step 20122
[ 63%]   step 20123
[ 63%]   step 20124
[ 63%]   step 20125
[ 63%]   step 20126
[ 63%]   step 20127
[ 63%]   step 20128
+SWASH is processing output request    1
+SWASH is processing output request    2
[ 63%]   step 20129
[ 63%]   step 20130
[ 63%]   step 20131
[ 63%]   step 20132
[ 63%]   step 20133
[ 63%]   step 20134
[ 63%]   step 20135
[ 63%]   step 20136
[ 63%]   step 20137
[ 63%]   step 20138
[ 63%]   step 20139
[ 63%]   step 20140
[ 63%]   step 20141
[ 63%]   step 20142
[ 63%]   step 20143
[ 63%]   step 20144
[ 63%]   step 20145
[ 63%]   step 20146
[ 63%]   step 20147
[ 63%]   step 20148
[ 63%]   step 20149
[ 63%]   step 20150
[ 63%]   step 20151
[ 63%]   step 20152
[ 63%]   step 20153
[ 63%]   step 20154
[ 63%]   step 20155
[ 63%]   step 20156
[ 63%]   step 20157
[ 63%]   step 20158
[ 63%]   step 20159
[ 63%]   step 20160
[ 63%]   step 20161
[ 63%]   step 20162
[ 63%]   step 20163
[ 63%]   step 20164
[ 63%]   step 20165
[ 63%]   step 20166
[ 63%]   step 20167
[ 63%]   step 20168
[ 63%]   step 20169
[ 63%]   step 20170
+SWASH is processing output request    1
+SWASH is processing output request    2
[ 63%]   step 20171
[ 63%]   step 20172
[ 63%]   step 20173
[ 63%]   step 20174
[ 63%]   step 20175
[ 63%]   step 20176
[ 63%]   step 20177
[ 63%]   step 20178
[ 63%]   step 20179
[ 63%]   step 20180
[ 63%]   step 20181
[ 63%]   step 20182
[ 63%]   step 20183
[ 63%]   step 20184
[ 63%]   step 20185
[ 63%]   step 20186
[ 63%]   step 20187
[ 63%]   step 20188
[ 63%]   step 20189
[ 63%]   step 20190
[ 63%]   step 20191
[ 63%]   step 20192
[ 63%]   step 20193
[ 63%]   step 20194
[ 63%]   step 20195
[ 63%]   step 20196
[ 63%]   step 20197
[ 63%]   step 20198
[ 63%]   step 20199
[ 63%]   step 20200
[ 63%]   step 20201
[ 63%]   step 20202
[ 63%]   step 20203
[ 63%]   step 20204
[ 63%]   step 20205
[ 63%]   step 20206
[ 63%]   step 20207
[ 63%]   step 20208
[ 63%]   step 20209
[ 63%]   step 20210
[ 63%]   step 20211
+SWASH is processing output request    1
+SWASH is processing output request    2
[ 63%]   step 20212
[ 63%]   step 20213
[ 63%]   step 20214
[ 63%]   step 20215
[ 63%]   step 20216
[ 63%]   step 20217
[ 63%]   step 20218
[ 63%]   step 20219
[ 63%]   step 20220
[ 63%]   step 20221
[ 63%]   step 20222
[ 63%]   step 20223
[ 63%]   step 20224
[ 63%]   step 20225
[ 63%]   step 20226
[ 63%]   step 20227
[ 63%]   step 20228
[ 63%]   step 20229
[ 63%]   step 20230
[ 63%]   step 20231
[ 63%]   step 20232
[ 63%]   step 20233
[ 63%]   step 20234
[ 63%]   step 20235
[ 63%]   step 20236
[ 63%]   step 20237
[ 63%]   step 20238
[ 63%]   step 20239
[ 63%]   step 20240
[ 63%]   step 20241
[ 63%]   step 20242
[ 63%]   step 20243
[ 63%]   step 20244
[ 63%]   step 20245
[ 63%]   step 20246
[ 63%]   step 20247
[ 63%]   step 20248
[ 63%]   step 20249
[ 63%]   step 20250
[ 63%]   step 20251
[ 63%]   step 20252
+SWASH is processing output request    1
+SWASH is processing output request    2
[ 63%]   step 20253
[ 63%]   step 20254
[ 63%]   step 20255
[ 63%]   step 20256
[ 63%]   step 20257
[ 63%]   step 20258
[ 63%]   step 20259
[ 63%]   step 20260
[ 63%]   step 20261
[ 63%]   step 20262
[ 63%]   step 20263
[ 63%]   step 20264
[ 63%]   step 20265
[ 63%]   step 20266
[ 63%]   step 20267
[ 63%]   step 20268
[ 63%]   step 20269
[ 63%]   step 20270
[ 63%]   step 20271
[ 63%]   step 20272
[ 63%]   step 20273
[ 63%]   step 20274
[ 63%]   step 20275
[ 63%]   step 20276
[ 63%]   step 20277
[ 63%]   step 20278
[ 63%]   step 20279
[ 63%]   step 20280
[ 63%]   step 20281
[ 63%]   step 20282
[ 63%]   step 20283
[ 63%]   step 20284
[ 63%]   step 20285
[ 63%]   step 20286
[ 63%]   step 20287
[ 63%]   step 20288
[ 63%]   step 20289
[ 63%]   step 20290
[ 63%]   step 20291
[ 63%]   step 20292
[ 63%]   step 20293
+SWASH is processing output request    1
+SWASH is processing output request    2
[ 63%]   step 20294
[ 63%]   step 20295
[ 63%]   step 20296
[ 63%]   step 20297
[ 63%]   step 20298
[ 63%]   step 20299
[ 63%]   step 20300
[ 63%]   step 20301
[ 63%]   step 20302
[ 63%]   step 20303
[ 63%]   step 20304
[ 63%]   step 20305
[ 63%]   step 20306
[ 63%]   step 20307
[ 63%]   step 20308
[ 63%]   step 20309
[ 63%]   step 20310
[ 63%]   step 20311
[ 63%]   step 20312
[ 63%]   step 20313
[ 63%]   step 20314
[ 63%]   step 20315
[ 63%]   step 20316
[ 63%]   step 20317
[ 63%]   step 20318
[ 63%]   step 20319
[ 63%]   step 20320
[ 63%]   step 20321
[ 63%]   step 20322
[ 63%]   step 20323
[ 63%]   step 20324
[ 63%]   step 20325
[ 63%]   step 20326
[ 63%]   step 20327
[ 63%]   step 20328
[ 63%]   step 20329
[ 63%]   step 20330
[ 63%]   step 20331
[ 63%]   step 20332
[ 63%]   step 20333
[ 63%]   step 20334
+SWASH is processing output request    1
+SWASH is processing output request    2
[ 63%]   step 20335
[ 63%]   step 20336
[ 63%]   step 20337
[ 63%]   step 20338
[ 63%]   step 20339
[ 63%]   step 20340
[ 63%]   step 20341
[ 63%]   step 20342
[ 63%]   step 20343
[ 63%]   step 20344
[ 63%]   step 20345
[ 64%]   step 20346
[ 64%]   step 20347
[ 64%]   step 20348
[ 64%]   step 20349
[ 64%]   step 20350
[ 64%]   step 20351
[ 64%]   step 20352
[ 64%]   step 20353
[ 64%]   step 20354
[ 64%]   step 20355
[ 64%]   step 20356
[ 64%]   step 20357
[ 64%]   step 20358
[ 64%]   step 20359
[ 64%]   step 20360
[ 64%]   step 20361
[ 64%]   step 20362
[ 64%]   step 20363
[ 64%]   step 20364
[ 64%]   step 20365
[ 64%]   step 20366
[ 64%]   step 20367
[ 64%]   step 20368
[ 64%]   step 20369
[ 64%]   step 20370
[ 64%]   step 20371
[ 64%]   step 20372
[ 64%]   step 20373
[ 64%]   step 20374
[ 64%]   step 20375
+SWASH is processing output request    1
+SWASH is processing output request    2
[ 64%]   step 20376
[ 64%]   step 20377
[ 64%]   step 20378
[ 64%]   step 20379
[ 64%]   step 20380
[ 64%]   step 20381
[ 64%]   step 20382
[ 64%]   step 20383
[ 64%]   step 20384
[ 64%]   step 20385
[ 64%]   step 20386
[ 64%]   step 20387
[ 64%]   step 20388
[ 64%]   step 20389
[ 64%]   step 20390
[ 64%]   step 20391
[ 64%]   step 20392
[ 64%]   step 20393
[ 64%]   step 20394
[ 64%]   step 20395
[ 64%]   step 20396
[ 64%]   step 20397
[ 64%]   step 20398
[ 64%]   step 20399
[ 64%]   step 20400
[ 64%]   step 20401
[ 64%]   step 20402
[ 64%]   step 20403
[ 64%]   step 20404
[ 64%]   step 20405
[ 64%]   step 20406
[ 64%]   step 20407
[ 64%]   step 20408
[ 64%]   step 20409
[ 64%]   step 20410
[ 64%]   step 20411
[ 64%]   step 20412
[ 64%]   step 20413
[ 64%]   step 20414
[ 64%]   step 20415
[ 64%]   step 20416
+SWASH is processing output request    1
+SWASH is processing output request    2
[ 64%]   step 20417
[ 64%]   step 20418
[ 64%]   step 20419
[ 64%]   step 20420
[ 64%]   step 20421
[ 64%]   step 20422
[ 64%]   step 20423
[ 64%]   step 20424
[ 64%]   step 20425
[ 64%]   step 20426
[ 64%]   step 20427
[ 64%]   step 20428
[ 64%]   step 20429
[ 64%]   step 20430
[ 64%]   step 20431
[ 64%]   step 20432
[ 64%]   step 20433
[ 64%]   step 20434
[ 64%]   step 20435
[ 64%]   step 20436
[ 64%]   step 20437
[ 64%]   step 20438
[ 64%]   step 20439
[ 64%]   step 20440
[ 64%]   step 20441
[ 64%]   step 20442
[ 64%]   step 20443
[ 64%]   step 20444
[ 64%]   step 20445
[ 64%]   step 20446
[ 64%]   step 20447
[ 64%]   step 20448
[ 64%]   step 20449
[ 64%]   step 20450
[ 64%]   step 20451
[ 64%]   step 20452
[ 64%]   step 20453
[ 64%]   step 20454
[ 64%]   step 20455
[ 64%]   step 20456
[ 64%]   step 20457
+SWASH is processing output request    1
+SWASH is processing output request    2
[ 64%]   step 20458
[ 64%]   step 20459
[ 64%]   step 20460
[ 64%]   step 20461
[ 64%]   step 20462
[ 64%]   step 20463
[ 64%]   step 20464
[ 64%]   step 20465
[ 64%]   step 20466
[ 64%]   step 20467
[ 64%]   step 20468
[ 64%]   step 20469
[ 64%]   step 20470
[ 64%]   step 20471
[ 64%]   step 20472
[ 64%]   step 20473
[ 64%]   step 20474
[ 64%]   step 20475
[ 64%]   step 20476
[ 64%]   step 20477
[ 64%]   step 20478
[ 64%]   step 20479
[ 64%]   step 20480
[ 64%]   step 20481
[ 64%]   step 20482
[ 64%]   step 20483
[ 64%]   step 20484
[ 64%]   step 20485
[ 64%]   step 20486
[ 64%]   step 20487
[ 64%]   step 20488
[ 64%]   step 20489
[ 64%]   step 20490
[ 64%]   step 20491
[ 64%]   step 20492
[ 64%]   step 20493
[ 64%]   step 20494
[ 64%]   step 20495
[ 64%]   step 20496
[ 64%]   step 20497
[ 64%]   step 20498
+SWASH is processing output request    1
+SWASH is processing output request    2
[ 64%]   step 20499
[ 64%]   step 20500
[ 64%]   step 20501
[ 64%]   step 20502
[ 64%]   step 20503
[ 64%]   step 20504
[ 64%]   step 20505
[ 64%]   step 20506
[ 64%]   step 20507
[ 64%]   step 20508
[ 64%]   step 20509
[ 64%]   step 20510
[ 64%]   step 20511
[ 64%]   step 20512
[ 64%]   step 20513
[ 64%]   step 20514
[ 64%]   step 20515
[ 64%]   step 20516
[ 64%]   step 20517
[ 64%]   step 20518
[ 64%]   step 20519
[ 64%]   step 20520
[ 64%]   step 20521
[ 64%]   step 20522
[ 64%]   step 20523
[ 64%]   step 20524
[ 64%]   step 20525
[ 64%]   step 20526
[ 64%]   step 20527
[ 64%]   step 20528
[ 64%]   step 20529
[ 64%]   step 20530
[ 64%]   step 20531
[ 64%]   step 20532
[ 64%]   step 20533
[ 64%]   step 20534
[ 64%]   step 20535
[ 64%]   step 20536
[ 64%]   step 20537
[ 64%]   step 20538
[ 64%]   step 20539
+SWASH is processing output request    1
+SWASH is processing output request    2
[ 64%]   step 20540
[ 64%]   step 20541
[ 64%]   step 20542
[ 64%]   step 20543
[ 64%]   step 20544
[ 64%]   step 20545
[ 64%]   step 20546
[ 64%]   step 20547
[ 64%]   step 20548
[ 64%]   step 20549
[ 64%]   step 20550
[ 64%]   step 20551
[ 64%]   step 20552
[ 64%]   step 20553
[ 64%]   step 20554
[ 64%]   step 20555
[ 64%]   step 20556
[ 64%]   step 20557
[ 64%]   step 20558
[ 64%]   step 20559
[ 64%]   step 20560
[ 64%]   step 20561
[ 64%]   step 20562
[ 64%]   step 20563
[ 64%]   step 20564
[ 64%]   step 20565
[ 64%]   step 20566
[ 64%]   step 20567
[ 64%]   step 20568
[ 64%]   step 20569
[ 64%]   step 20570
[ 64%]   step 20571
[ 64%]   step 20572
[ 64%]   step 20573
[ 64%]   step 20574
[ 64%]   step 20575
[ 64%]   step 20576
[ 64%]   step 20577
[ 64%]   step 20578
[ 64%]   step 20579
[ 64%]   step 20580
+SWASH is processing output request    1
+SWASH is processing output request    2
[ 64%]   step 20581
[ 64%]   step 20582
[ 64%]   step 20583
[ 64%]   step 20584
[ 64%]   step 20585
[ 64%]   step 20586
[ 64%]   step 20587
[ 64%]   step 20588
[ 64%]   step 20589
[ 64%]   step 20590
[ 64%]   step 20591
[ 64%]   step 20592
[ 64%]   step 20593
[ 64%]   step 20594
[ 64%]   step 20595
[ 64%]   step 20596
[ 64%]   step 20597
[ 64%]   step 20598
[ 64%]   step 20599
[ 64%]   step 20600
[ 64%]   step 20601
[ 64%]   step 20602
[ 64%]   step 20603
[ 64%]   step 20604
[ 64%]   step 20605
[ 64%]   step 20606
[ 64%]   step 20607
[ 64%]   step 20608
[ 64%]   step 20609
[ 64%]   step 20610
[ 64%]   step 20611
[ 64%]   step 20612
[ 64%]   step 20613
[ 64%]   step 20614
[ 64%]   step 20615
[ 64%]   step 20616
[ 64%]   step 20617
[ 64%]   step 20618
[ 64%]   step 20619
[ 64%]   step 20620
[ 64%]   step 20621
+SWASH is processing output request    1
+SWASH is processing output request    2
[ 64%]   step 20622
[ 64%]   step 20623
[ 64%]   step 20624
[ 64%]   step 20625
[ 64%]   step 20626
[ 64%]   step 20627
[ 64%]   step 20628
[ 64%]   step 20629
[ 64%]   step 20630
[ 64%]   step 20631
[ 64%]   step 20632
[ 64%]   step 20633
[ 64%]   step 20634
[ 64%]   step 20635
[ 64%]   step 20636
[ 64%]   step 20637
[ 64%]   step 20638
[ 64%]   step 20639
[ 64%]   step 20640
[ 64%]   step 20641
[ 64%]   step 20642
[ 64%]   step 20643
[ 64%]   step 20644
[ 64%]   step 20645
[ 64%]   step 20646
[ 64%]   step 20647
[ 64%]   step 20648
[ 64%]   step 20649
[ 64%]   step 20650
[ 64%]   step 20651
[ 64%]   step 20652
[ 64%]   step 20653
[ 64%]   step 20654
[ 64%]   step 20655
[ 64%]   step 20656
[ 64%]   step 20657
[ 64%]   step 20658
[ 64%]   step 20659
[ 64%]   step 20660
[ 64%]   step 20661
[ 64%]   step 20662
+SWASH is processing output request    1
+SWASH is processing output request    2
[ 64%]   step 20663
[ 64%]   step 20664
[ 64%]   step 20665
[ 64%]   step 20666
[ 65%]   step 20667
[ 65%]   step 20668
[ 65%]   step 20669
[ 65%]   step 20670
[ 65%]   step 20671
[ 65%]   step 20672
[ 65%]   step 20673
[ 65%]   step 20674
[ 65%]   step 20675
[ 65%]   step 20676
[ 65%]   step 20677
[ 65%]   step 20678
[ 65%]   step 20679
[ 65%]   step 20680
[ 65%]   step 20681
[ 65%]   step 20682
[ 65%]   step 20683
[ 65%]   step 20684
[ 65%]   step 20685
[ 65%]   step 20686
[ 65%]   step 20687
[ 65%]   step 20688
[ 65%]   step 20689
[ 65%]   step 20690
[ 65%]   step 20691
[ 65%]   step 20692
[ 65%]   step 20693
[ 65%]   step 20694
[ 65%]   step 20695
[ 65%]   step 20696
[ 65%]   step 20697
[ 65%]   step 20698
[ 65%]   step 20699
[ 65%]   step 20700
[ 65%]   step 20701
[ 65%]   step 20702
[ 65%]   step 20703
[ 65%]   step 20704
+SWASH is processing output request    1
+SWASH is processing output request    2
[ 65%]   step 20705
[ 65%]   step 20706
[ 65%]   step 20707
[ 65%]   step 20708
[ 65%]   step 20709
[ 65%]   step 20710
[ 65%]   step 20711
[ 65%]   step 20712
[ 65%]   step 20713
[ 65%]   step 20714
[ 65%]   step 20715
[ 65%]   step 20716
[ 65%]   step 20717
[ 65%]   step 20718
[ 65%]   step 20719
[ 65%]   step 20720
[ 65%]   step 20721
[ 65%]   step 20722
[ 65%]   step 20723
[ 65%]   step 20724
[ 65%]   step 20725
[ 65%]   step 20726
[ 65%]   step 20727
[ 65%]   step 20728
[ 65%]   step 20729
[ 65%]   step 20730
[ 65%]   step 20731
[ 65%]   step 20732
[ 65%]   step 20733
[ 65%]   step 20734
[ 65%]   step 20735
[ 65%]   step 20736
[ 65%]   step 20737
[ 65%]   step 20738
[ 65%]   step 20739
[ 65%]   step 20740
[ 65%]   step 20741
[ 65%]   step 20742
[ 65%]   step 20743
[ 65%]   step 20744
[ 65%]   step 20745
+SWASH is processing output request    1
+SWASH is processing output request    2
[ 65%]   step 20746
[ 65%]   step 20747
[ 65%]   step 20748
[ 65%]   step 20749
[ 65%]   step 20750
[ 65%]   step 20751
[ 65%]   step 20752
[ 65%]   step 20753
[ 65%]   step 20754
[ 65%]   step 20755
[ 65%]   step 20756
[ 65%]   step 20757
[ 65%]   step 20758
[ 65%]   step 20759
[ 65%]   step 20760
[ 65%]   step 20761
[ 65%]   step 20762
[ 65%]   step 20763
[ 65%]   step 20764
[ 65%]   step 20765
[ 65%]   step 20766
[ 65%]   step 20767
[ 65%]   step 20768
[ 65%]   step 20769
[ 65%]   step 20770
[ 65%]   step 20771
[ 65%]   step 20772
[ 65%]   step 20773
[ 65%]   step 20774
[ 65%]   step 20775
[ 65%]   step 20776
[ 65%]   step 20777
[ 65%]   step 20778
[ 65%]   step 20779
[ 65%]   step 20780
[ 65%]   step 20781
[ 65%]   step 20782
[ 65%]   step 20783
[ 65%]   step 20784
[ 65%]   step 20785
[ 65%]   step 20786
+SWASH is processing output request    1
+SWASH is processing output request    2
[ 65%]   step 20787
[ 65%]   step 20788
[ 65%]   step 20789
[ 65%]   step 20790
[ 65%]   step 20791
[ 65%]   step 20792
[ 65%]   step 20793
[ 65%]   step 20794
[ 65%]   step 20795
[ 65%]   step 20796
[ 65%]   step 20797
[ 65%]   step 20798
[ 65%]   step 20799
[ 65%]   step 20800
[ 65%]   step 20801
[ 65%]   step 20802
[ 65%]   step 20803
[ 65%]   step 20804
[ 65%]   step 20805
[ 65%]   step 20806
[ 65%]   step 20807
[ 65%]   step 20808
[ 65%]   step 20809
[ 65%]   step 20810
[ 65%]   step 20811
[ 65%]   step 20812
[ 65%]   step 20813
[ 65%]   step 20814
[ 65%]   step 20815
[ 65%]   step 20816
[ 65%]   step 20817
[ 65%]   step 20818
[ 65%]   step 20819
[ 65%]   step 20820
[ 65%]   step 20821
[ 65%]   step 20822
[ 65%]   step 20823
[ 65%]   step 20824
[ 65%]   step 20825
[ 65%]   step 20826
[ 65%]   step 20827
+SWASH is processing output request    1
+SWASH is processing output request    2
[ 65%]   step 20828
[ 65%]   step 20829
[ 65%]   step 20830
[ 65%]   step 20831
[ 65%]   step 20832
[ 65%]   step 20833
[ 65%]   step 20834
[ 65%]   step 20835
[ 65%]   step 20836
[ 65%]   step 20837
[ 65%]   step 20838
[ 65%]   step 20839
[ 65%]   step 20840
[ 65%]   step 20841
[ 65%]   step 20842
[ 65%]   step 20843
[ 65%]   step 20844
[ 65%]   step 20845
[ 65%]   step 20846
[ 65%]   step 20847
[ 65%]   step 20848
[ 65%]   step 20849
[ 65%]   step 20850
[ 65%]   step 20851
[ 65%]   step 20852
[ 65%]   step 20853
[ 65%]   step 20854
[ 65%]   step 20855
[ 65%]   step 20856
[ 65%]   step 20857
[ 65%]   step 20858
[ 65%]   step 20859
[ 65%]   step 20860
[ 65%]   step 20861
[ 65%]   step 20862
[ 65%]   step 20863
[ 65%]   step 20864
[ 65%]   step 20865
[ 65%]   step 20866
[ 65%]   step 20867
[ 65%]   step 20868
+SWASH is processing output request    1
+SWASH is processing output request    2
[ 65%]   step 20869
[ 65%]   step 20870
[ 65%]   step 20871
[ 65%]   step 20872
[ 65%]   step 20873
[ 65%]   step 20874
[ 65%]   step 20875
[ 65%]   step 20876
[ 65%]   step 20877
[ 65%]   step 20878
[ 65%]   step 20879
[ 65%]   step 20880
[ 65%]   step 20881
[ 65%]   step 20882
[ 65%]   step 20883
[ 65%]   step 20884
[ 65%]   step 20885
[ 65%]   step 20886
[ 65%]   step 20887
[ 65%]   step 20888
[ 65%]   step 20889
[ 65%]   step 20890
[ 65%]   step 20891
[ 65%]   step 20892
[ 65%]   step 20893
[ 65%]   step 20894
[ 65%]   step 20895
[ 65%]   step 20896
[ 65%]   step 20897
[ 65%]   step 20898
[ 65%]   step 20899
[ 65%]   step 20900
[ 65%]   step 20901
[ 65%]   step 20902
[ 65%]   step 20903
[ 65%]   step 20904
[ 65%]   step 20905
[ 65%]   step 20906
[ 65%]   step 20907
[ 65%]   step 20908
[ 65%]   step 20909
+SWASH is processing output request    1
+SWASH is processing output request    2
[ 65%]   step 20910
[ 65%]   step 20911
[ 65%]   step 20912
[ 65%]   step 20913
[ 65%]   step 20914
[ 65%]   step 20915
[ 65%]   step 20916
[ 65%]   step 20917
[ 65%]   step 20918
[ 65%]   step 20919
[ 65%]   step 20920
[ 65%]   step 20921
[ 65%]   step 20922
[ 65%]   step 20923
[ 65%]   step 20924
[ 65%]   step 20925
[ 65%]   step 20926
[ 65%]   step 20927
[ 65%]   step 20928
[ 65%]   step 20929
[ 65%]   step 20930
[ 65%]   step 20931
[ 65%]   step 20932
[ 65%]   step 20933
[ 65%]   step 20934
[ 65%]   step 20935
[ 65%]   step 20936
[ 65%]   step 20937
[ 65%]   step 20938
[ 65%]   step 20939
[ 65%]   step 20940
[ 65%]   step 20941
[ 65%]   step 20942
[ 65%]   step 20943
[ 65%]   step 20944
[ 65%]   step 20945
[ 65%]   step 20946
[ 65%]   step 20947
[ 65%]   step 20948
[ 65%]   step 20949
[ 65%]   step 20950
+SWASH is processing output request    1
+SWASH is processing output request    2
[ 65%]   step 20951
[ 65%]   step 20952
[ 65%]   step 20953
[ 65%]   step 20954
[ 65%]   step 20955
[ 65%]   step 20956
[ 65%]   step 20957
[ 65%]   step 20958
[ 65%]   step 20959
[ 65%]   step 20960
[ 65%]   step 20961
[ 65%]   step 20962
[ 65%]   step 20963
[ 65%]   step 20964
[ 65%]   step 20965
[ 65%]   step 20966
[ 65%]   step 20967
[ 65%]   step 20968
[ 65%]   step 20969
[ 65%]   step 20970
[ 65%]   step 20971
[ 65%]   step 20972
[ 65%]   step 20973
[ 65%]   step 20974
[ 65%]   step 20975
[ 65%]   step 20976
[ 65%]   step 20977
[ 65%]   step 20978
[ 65%]   step 20979
[ 65%]   step 20980
[ 65%]   step 20981
[ 65%]   step 20982
[ 65%]   step 20983
[ 65%]   step 20984
[ 65%]   step 20985
[ 65%]   step 20986
[ 66%]   step 20987
[ 66%]   step 20988
[ 66%]   step 20989
[ 66%]   step 20990
[ 66%]   step 20991
+SWASH is processing output request    1
+SWASH is processing output request    2
[ 66%]   step 20992
[ 66%]   step 20993
[ 66%]   step 20994
[ 66%]   step 20995
[ 66%]   step 20996
[ 66%]   step 20997
[ 66%]   step 20998
[ 66%]   step 20999
[ 66%]   step 21000
[ 66%]   step 21001
[ 66%]   step 21002
[ 66%]   step 21003
[ 66%]   step 21004
[ 66%]   step 21005
[ 66%]   step 21006
[ 66%]   step 21007
[ 66%]   step 21008
[ 66%]   step 21009
[ 66%]   step 21010
[ 66%]   step 21011
[ 66%]   step 21012
[ 66%]   step 21013
[ 66%]   step 21014
[ 66%]   step 21015
[ 66%]   step 21016
[ 66%]   step 21017
[ 66%]   step 21018
[ 66%]   step 21019
[ 66%]   step 21020
[ 66%]   step 21021
[ 66%]   step 21022
[ 66%]   step 21023
[ 66%]   step 21024
[ 66%]   step 21025
[ 66%]   step 21026
[ 66%]   step 21027
[ 66%]   step 21028
[ 66%]   step 21029
[ 66%]   step 21030
[ 66%]   step 21031
[ 66%]   step 21032
+SWASH is processing output request    1
+SWASH is processing output request    2
[ 66%]   step 21033
[ 66%]   step 21034
[ 66%]   step 21035
[ 66%]   step 21036
[ 66%]   step 21037
[ 66%]   step 21038
[ 66%]   step 21039
[ 66%]   step 21040
[ 66%]   step 21041
[ 66%]   step 21042
[ 66%]   step 21043
[ 66%]   step 21044
[ 66%]   step 21045
[ 66%]   step 21046
[ 66%]   step 21047
[ 66%]   step 21048
[ 66%]   step 21049
[ 66%]   step 21050
[ 66%]   step 21051
[ 66%]   step 21052
[ 66%]   step 21053
[ 66%]   step 21054
[ 66%]   step 21055
[ 66%]   step 21056
[ 66%]   step 21057
[ 66%]   step 21058
[ 66%]   step 21059
[ 66%]   step 21060
[ 66%]   step 21061
[ 66%]   step 21062
[ 66%]   step 21063
[ 66%]   step 21064
[ 66%]   step 21065
[ 66%]   step 21066
[ 66%]   step 21067
[ 66%]   step 21068
[ 66%]   step 21069
[ 66%]   step 21070
[ 66%]   step 21071
[ 66%]   step 21072
[ 66%]   step 21073
+SWASH is processing output request    1
+SWASH is processing output request    2
[ 66%]   step 21074
[ 66%]   step 21075
[ 66%]   step 21076
[ 66%]   step 21077
[ 66%]   step 21078
[ 66%]   step 21079
[ 66%]   step 21080
[ 66%]   step 21081
[ 66%]   step 21082
[ 66%]   step 21083
[ 66%]   step 21084
[ 66%]   step 21085
[ 66%]   step 21086
[ 66%]   step 21087
[ 66%]   step 21088
[ 66%]   step 21089
[ 66%]   step 21090
[ 66%]   step 21091
[ 66%]   step 21092
[ 66%]   step 21093
[ 66%]   step 21094
[ 66%]   step 21095
[ 66%]   step 21096
[ 66%]   step 21097
[ 66%]   step 21098
[ 66%]   step 21099
[ 66%]   step 21100
[ 66%]   step 21101
[ 66%]   step 21102
[ 66%]   step 21103
[ 66%]   step 21104
[ 66%]   step 21105
[ 66%]   step 21106
[ 66%]   step 21107
[ 66%]   step 21108
[ 66%]   step 21109
[ 66%]   step 21110
[ 66%]   step 21111
[ 66%]   step 21112
[ 66%]   step 21113
[ 66%]   step 21114
+SWASH is processing output request    1
+SWASH is processing output request    2
[ 66%]   step 21115
[ 66%]   step 21116
[ 66%]   step 21117
[ 66%]   step 21118
[ 66%]   step 21119
[ 66%]   step 21120
[ 66%]   step 21121
[ 66%]   step 21122
[ 66%]   step 21123
[ 66%]   step 21124
[ 66%]   step 21125
[ 66%]   step 21126
[ 66%]   step 21127
[ 66%]   step 21128
[ 66%]   step 21129
[ 66%]   step 21130
[ 66%]   step 21131
[ 66%]   step 21132
[ 66%]   step 21133
[ 66%]   step 21134
[ 66%]   step 21135
[ 66%]   step 21136
[ 66%]   step 21137
[ 66%]   step 21138
[ 66%]   step 21139
[ 66%]   step 21140
[ 66%]   step 21141
[ 66%]   step 21142
[ 66%]   step 21143
[ 66%]   step 21144
[ 66%]   step 21145
[ 66%]   step 21146
[ 66%]   step 21147
[ 66%]   step 21148
[ 66%]   step 21149
[ 66%]   step 21150
[ 66%]   step 21151
[ 66%]   step 21152
[ 66%]   step 21153
[ 66%]   step 21154
[ 66%]   step 21155
+SWASH is processing output request    1
+SWASH is processing output request    2
[ 66%]   step 21156
[ 66%]   step 21157
[ 66%]   step 21158
[ 66%]   step 21159
[ 66%]   step 21160
[ 66%]   step 21161
[ 66%]   step 21162
[ 66%]   step 21163
[ 66%]   step 21164
[ 66%]   step 21165
[ 66%]   step 21166
[ 66%]   step 21167
[ 66%]   step 21168
[ 66%]   step 21169
[ 66%]   step 21170
[ 66%]   step 21171
[ 66%]   step 21172
[ 66%]   step 21173
[ 66%]   step 21174
[ 66%]   step 21175
[ 66%]   step 21176
[ 66%]   step 21177
[ 66%]   step 21178
[ 66%]   step 21179
[ 66%]   step 21180
[ 66%]   step 21181
[ 66%]   step 21182
[ 66%]   step 21183
[ 66%]   step 21184
[ 66%]   step 21185
[ 66%]   step 21186
[ 66%]   step 21187
[ 66%]   step 21188
[ 66%]   step 21189
[ 66%]   step 21190
[ 66%]   step 21191
[ 66%]   step 21192
[ 66%]   step 21193
[ 66%]   step 21194
[ 66%]   step 21195
[ 66%]   step 21196
+SWASH is processing output request    1
+SWASH is processing output request    2
[ 66%]   step 21197
[ 66%]   step 21198
[ 66%]   step 21199
[ 66%]   step 21200
[ 66%]   step 21201
[ 66%]   step 21202
[ 66%]   step 21203
[ 66%]   step 21204
[ 66%]   step 21205
[ 66%]   step 21206
[ 66%]   step 21207
[ 66%]   step 21208
[ 66%]   step 21209
[ 66%]   step 21210
[ 66%]   step 21211
[ 66%]   step 21212
[ 66%]   step 21213
[ 66%]   step 21214
[ 66%]   step 21215
[ 66%]   step 21216
[ 66%]   step 21217
[ 66%]   step 21218
[ 66%]   step 21219
[ 66%]   step 21220
[ 66%]   step 21221
[ 66%]   step 21222
[ 66%]   step 21223
[ 66%]   step 21224
[ 66%]   step 21225
[ 66%]   step 21226
[ 66%]   step 21227
[ 66%]   step 21228
[ 66%]   step 21229
[ 66%]   step 21230
[ 66%]   step 21231
[ 66%]   step 21232
[ 66%]   step 21233
[ 66%]   step 21234
[ 66%]   step 21235
[ 66%]   step 21236
[ 66%]   step 21237
[ 66%]   step 21238
+SWASH is processing output request    1
+SWASH is processing output request    2
[ 66%]   step 21239
[ 66%]   step 21240
[ 66%]   step 21241
[ 66%]   step 21242
[ 66%]   step 21243
[ 66%]   step 21244
[ 66%]   step 21245
[ 66%]   step 21246
[ 66%]   step 21247
[ 66%]   step 21248
[ 66%]   step 21249
[ 66%]   step 21250
[ 66%]   step 21251
[ 66%]   step 21252
[ 66%]   step 21253
[ 66%]   step 21254
[ 66%]   step 21255
[ 66%]   step 21256
[ 66%]   step 21257
[ 66%]   step 21258
[ 66%]   step 21259
[ 66%]   step 21260
[ 66%]   step 21261
[ 66%]   step 21262
[ 66%]   step 21263
[ 66%]   step 21264
[ 66%]   step 21265
[ 66%]   step 21266
[ 66%]   step 21267
[ 66%]   step 21268
[ 66%]   step 21269
[ 66%]   step 21270
[ 66%]   step 21271
[ 66%]   step 21272
[ 66%]   step 21273
[ 66%]   step 21274
[ 66%]   step 21275
[ 66%]   step 21276
[ 66%]   step 21277
[ 66%]   step 21278
[ 66%]   step 21279
+SWASH is processing output request    1
+SWASH is processing output request    2
[ 66%]   step 21280
[ 66%]   step 21281
[ 66%]   step 21282
[ 66%]   step 21283
[ 66%]   step 21284
[ 66%]   step 21285
[ 66%]   step 21286
[ 66%]   step 21287
[ 66%]   step 21288
[ 66%]   step 21289
[ 66%]   step 21290
[ 66%]   step 21291
[ 66%]   step 21292
[ 66%]   step 21293
[ 66%]   step 21294
[ 66%]   step 21295
[ 66%]   step 21296
[ 66%]   step 21297
[ 66%]   step 21298
[ 66%]   step 21299
[ 66%]   step 21300
[ 66%]   step 21301
[ 66%]   step 21302
[ 66%]   step 21303
[ 66%]   step 21304
[ 66%]   step 21305
[ 66%]   step 21306
[ 67%]   step 21307
[ 67%]   step 21308
[ 67%]   step 21309
[ 67%]   step 21310
[ 67%]   step 21311
[ 67%]   step 21312
[ 67%]   step 21313
[ 67%]   step 21314
[ 67%]   step 21315
[ 67%]   step 21316
[ 67%]   step 21317
[ 67%]   step 21318
[ 67%]   step 21319
[ 67%]   step 21320
+SWASH is processing output request    1
+SWASH is processing output request    2
[ 67%]   step 21321
[ 67%]   step 21322
[ 67%]   step 21323
[ 67%]   step 21324
[ 67%]   step 21325
[ 67%]   step 21326
[ 67%]   step 21327
[ 67%]   step 21328
[ 67%]   step 21329
[ 67%]   step 21330
[ 67%]   step 21331
[ 67%]   step 21332
[ 67%]   step 21333
[ 67%]   step 21334
[ 67%]   step 21335
[ 67%]   step 21336
[ 67%]   step 21337
[ 67%]   step 21338
[ 67%]   step 21339
[ 67%]   step 21340
[ 67%]   step 21341
[ 67%]   step 21342
[ 67%]   step 21343
[ 67%]   step 21344
[ 67%]   step 21345
[ 67%]   step 21346
[ 67%]   step 21347
[ 67%]   step 21348
[ 67%]   step 21349
[ 67%]   step 21350
[ 67%]   step 21351
[ 67%]   step 21352
[ 67%]   step 21353
[ 67%]   step 21354
[ 67%]   step 21355
[ 67%]   step 21356
[ 67%]   step 21357
[ 67%]   step 21358
[ 67%]   step 21359
[ 67%]   step 21360
[ 67%]   step 21361
+SWASH is processing output request    1
+SWASH is processing output request    2
[ 67%]   step 21362
[ 67%]   step 21363
[ 67%]   step 21364
[ 67%]   step 21365
[ 67%]   step 21366
[ 67%]   step 21367
[ 67%]   step 21368
[ 67%]   step 21369
[ 67%]   step 21370
[ 67%]   step 21371
[ 67%]   step 21372
[ 67%]   step 21373
[ 67%]   step 21374
[ 67%]   step 21375
[ 67%]   step 21376
[ 67%]   step 21377
[ 67%]   step 21378
[ 67%]   step 21379
[ 67%]   step 21380
[ 67%]   step 21381
[ 67%]   step 21382
[ 67%]   step 21383
[ 67%]   step 21384
[ 67%]   step 21385
[ 67%]   step 21386
[ 67%]   step 21387
[ 67%]   step 21388
[ 67%]   step 21389
[ 67%]   step 21390
[ 67%]   step 21391
[ 67%]   step 21392
[ 67%]   step 21393
[ 67%]   step 21394
[ 67%]   step 21395
[ 67%]   step 21396
[ 67%]   step 21397
[ 67%]   step 21398
[ 67%]   step 21399
[ 67%]   step 21400
[ 67%]   step 21401
[ 67%]   step 21402
+SWASH is processing output request    1
+SWASH is processing output request    2
[ 67%]   step 21403
[ 67%]   step 21404
[ 67%]   step 21405
[ 67%]   step 21406
[ 67%]   step 21407
[ 67%]   step 21408
[ 67%]   step 21409
[ 67%]   step 21410
[ 67%]   step 21411
[ 67%]   step 21412
[ 67%]   step 21413
[ 67%]   step 21414
[ 67%]   step 21415
[ 67%]   step 21416
[ 67%]   step 21417
[ 67%]   step 21418
[ 67%]   step 21419
[ 67%]   step 21420
[ 67%]   step 21421
[ 67%]   step 21422
[ 67%]   step 21423
[ 67%]   step 21424
[ 67%]   step 21425
[ 67%]   step 21426
[ 67%]   step 21427
[ 67%]   step 21428
[ 67%]   step 21429
[ 67%]   step 21430
[ 67%]   step 21431
[ 67%]   step 21432
[ 67%]   step 21433
[ 67%]   step 21434
[ 67%]   step 21435
[ 67%]   step 21436
[ 67%]   step 21437
[ 67%]   step 21438
[ 67%]   step 21439
[ 67%]   step 21440
[ 67%]   step 21441
[ 67%]   step 21442
[ 67%]   step 21443
+SWASH is processing output request    1
+SWASH is processing output request    2
[ 67%]   step 21444
[ 67%]   step 21445
[ 67%]   step 21446
[ 67%]   step 21447
[ 67%]   step 21448
[ 67%]   step 21449
[ 67%]   step 21450
[ 67%]   step 21451
[ 67%]   step 21452
[ 67%]   step 21453
[ 67%]   step 21454
[ 67%]   step 21455
[ 67%]   step 21456
[ 67%]   step 21457
[ 67%]   step 21458
[ 67%]   step 21459
[ 67%]   step 21460
[ 67%]   step 21461
[ 67%]   step 21462
[ 67%]   step 21463
[ 67%]   step 21464
[ 67%]   step 21465
[ 67%]   step 21466
[ 67%]   step 21467
[ 67%]   step 21468
[ 67%]   step 21469
[ 67%]   step 21470
[ 67%]   step 21471
[ 67%]   step 21472
[ 67%]   step 21473
[ 67%]   step 21474
[ 67%]   step 21475
[ 67%]   step 21476
[ 67%]   step 21477
[ 67%]   step 21478
[ 67%]   step 21479
[ 67%]   step 21480
[ 67%]   step 21481
[ 67%]   step 21482
[ 67%]   step 21483
[ 67%]   step 21484
+SWASH is processing output request    1
+SWASH is processing output request    2
[ 67%]   step 21485
[ 67%]   step 21486
[ 67%]   step 21487
[ 67%]   step 21488
[ 67%]   step 21489
[ 67%]   step 21490
[ 67%]   step 21491
[ 67%]   step 21492
[ 67%]   step 21493
[ 67%]   step 21494
[ 67%]   step 21495
[ 67%]   step 21496
[ 67%]   step 21497
[ 67%]   step 21498
[ 67%]   step 21499
[ 67%]   step 21500
[ 67%]   step 21501
[ 67%]   step 21502
[ 67%]   step 21503
[ 67%]   step 21504
[ 67%]   step 21505
[ 67%]   step 21506
[ 67%]   step 21507
[ 67%]   step 21508
[ 67%]   step 21509
[ 67%]   step 21510
[ 67%]   step 21511
[ 67%]   step 21512
[ 67%]   step 21513
[ 67%]   step 21514
[ 67%]   step 21515
[ 67%]   step 21516
[ 67%]   step 21517
[ 67%]   step 21518
[ 67%]   step 21519
[ 67%]   step 21520
[ 67%]   step 21521
[ 67%]   step 21522
[ 67%]   step 21523
[ 67%]   step 21524
[ 67%]   step 21525
+SWASH is processing output request    1
+SWASH is processing output request    2
[ 67%]   step 21526
[ 67%]   step 21527
[ 67%]   step 21528
[ 67%]   step 21529
[ 67%]   step 21530
[ 67%]   step 21531
[ 67%]   step 21532
[ 67%]   step 21533
[ 67%]   step 21534
[ 67%]   step 21535
[ 67%]   step 21536
[ 67%]   step 21537
[ 67%]   step 21538
[ 67%]   step 21539
[ 67%]   step 21540
[ 67%]   step 21541
[ 67%]   step 21542
[ 67%]   step 21543
[ 67%]   step 21544
[ 67%]   step 21545
[ 67%]   step 21546
[ 67%]   step 21547
[ 67%]   step 21548
[ 67%]   step 21549
[ 67%]   step 21550
[ 67%]   step 21551
[ 67%]   step 21552
[ 67%]   step 21553
[ 67%]   step 21554
[ 67%]   step 21555
[ 67%]   step 21556
[ 67%]   step 21557
[ 67%]   step 21558
[ 67%]   step 21559
[ 67%]   step 21560
[ 67%]   step 21561
[ 67%]   step 21562
[ 67%]   step 21563
[ 67%]   step 21564
[ 67%]   step 21565
[ 67%]   step 21566
+SWASH is processing output request    1
+SWASH is processing output request    2
[ 67%]   step 21567
[ 67%]   step 21568
[ 67%]   step 21569
[ 67%]   step 21570
[ 67%]   step 21571
[ 67%]   step 21572
[ 67%]   step 21573
[ 67%]   step 21574
[ 67%]   step 21575
[ 67%]   step 21576
[ 67%]   step 21577
[ 67%]   step 21578
[ 67%]   step 21579
[ 67%]   step 21580
[ 67%]   step 21581
[ 67%]   step 21582
[ 67%]   step 21583
[ 67%]   step 21584
[ 67%]   step 21585
[ 67%]   step 21586
[ 67%]   step 21587
[ 67%]   step 21588
[ 67%]   step 21589
[ 67%]   step 21590
[ 67%]   step 21591
[ 67%]   step 21592
[ 67%]   step 21593
[ 67%]   step 21594
[ 67%]   step 21595
[ 67%]   step 21596
[ 67%]   step 21597
[ 67%]   step 21598
[ 67%]   step 21599
[ 67%]   step 21600
[ 67%]   step 21601
[ 67%]   step 21602
[ 67%]   step 21603
[ 67%]   step 21604
[ 67%]   step 21605
[ 67%]   step 21606
[ 67%]   step 21607
+SWASH is processing output request    1
+SWASH is processing output request    2
[ 67%]   step 21608
[ 67%]   step 21609
[ 67%]   step 21610
[ 67%]   step 21611
[ 67%]   step 21612
[ 67%]   step 21613
[ 67%]   step 21614
[ 67%]   step 21615
[ 67%]   step 21616
[ 67%]   step 21617
[ 67%]   step 21618
[ 67%]   step 21619
[ 67%]   step 21620
[ 67%]   step 21621
[ 67%]   step 21622
[ 67%]   step 21623
[ 67%]   step 21624
[ 67%]   step 21625
[ 67%]   step 21626
[ 67%]   step 21627
[ 68%]   step 21628
[ 68%]   step 21629
[ 68%]   step 21630
[ 68%]   step 21631
[ 68%]   step 21632
[ 68%]   step 21633
[ 68%]   step 21634
[ 68%]   step 21635
[ 68%]   step 21636
[ 68%]   step 21637
[ 68%]   step 21638
[ 68%]   step 21639
[ 68%]   step 21640
[ 68%]   step 21641
[ 68%]   step 21642
[ 68%]   step 21643
[ 68%]   step 21644
[ 68%]   step 21645
[ 68%]   step 21646
[ 68%]   step 21647
[ 68%]   step 21648
+SWASH is processing output request    1
+SWASH is processing output request    2
[ 68%]   step 21649
[ 68%]   step 21650
[ 68%]   step 21651
[ 68%]   step 21652
[ 68%]   step 21653
[ 68%]   step 21654
[ 68%]   step 21655
[ 68%]   step 21656
[ 68%]   step 21657
[ 68%]   step 21658
[ 68%]   step 21659
[ 68%]   step 21660
[ 68%]   step 21661
[ 68%]   step 21662
[ 68%]   step 21663
[ 68%]   step 21664
[ 68%]   step 21665
[ 68%]   step 21666
[ 68%]   step 21667
[ 68%]   step 21668
[ 68%]   step 21669
[ 68%]   step 21670
[ 68%]   step 21671
[ 68%]   step 21672
[ 68%]   step 21673
[ 68%]   step 21674
[ 68%]   step 21675
[ 68%]   step 21676
[ 68%]   step 21677
[ 68%]   step 21678
[ 68%]   step 21679
[ 68%]   step 21680
[ 68%]   step 21681
[ 68%]   step 21682
[ 68%]   step 21683
[ 68%]   step 21684
[ 68%]   step 21685
[ 68%]   step 21686
[ 68%]   step 21687
[ 68%]   step 21688
[ 68%]   step 21689
+SWASH is processing output request    1
+SWASH is processing output request    2
[ 68%]   step 21690
[ 68%]   step 21691
[ 68%]   step 21692
[ 68%]   step 21693
[ 68%]   step 21694
[ 68%]   step 21695
[ 68%]   step 21696
[ 68%]   step 21697
[ 68%]   step 21698
[ 68%]   step 21699
[ 68%]   step 21700
[ 68%]   step 21701
[ 68%]   step 21702
[ 68%]   step 21703
[ 68%]   step 21704
[ 68%]   step 21705
[ 68%]   step 21706
[ 68%]   step 21707
[ 68%]   step 21708
[ 68%]   step 21709
[ 68%]   step 21710
[ 68%]   step 21711
[ 68%]   step 21712
[ 68%]   step 21713
[ 68%]   step 21714
[ 68%]   step 21715
[ 68%]   step 21716
[ 68%]   step 21717
[ 68%]   step 21718
[ 68%]   step 21719
[ 68%]   step 21720
[ 68%]   step 21721
[ 68%]   step 21722
[ 68%]   step 21723
[ 68%]   step 21724
[ 68%]   step 21725
[ 68%]   step 21726
[ 68%]   step 21727
[ 68%]   step 21728
[ 68%]   step 21729
[ 68%]   step 21730
+SWASH is processing output request    1
+SWASH is processing output request    2
[ 68%]   step 21731
[ 68%]   step 21732
[ 68%]   step 21733
[ 68%]   step 21734
[ 68%]   step 21735
[ 68%]   step 21736
[ 68%]   step 21737
[ 68%]   step 21738
[ 68%]   step 21739
[ 68%]   step 21740
[ 68%]   step 21741
[ 68%]   step 21742
[ 68%]   step 21743
[ 68%]   step 21744
[ 68%]   step 21745
[ 68%]   step 21746
[ 68%]   step 21747
[ 68%]   step 21748
[ 68%]   step 21749
[ 68%]   step 21750
[ 68%]   step 21751
[ 68%]   step 21752
[ 68%]   step 21753
[ 68%]   step 21754
[ 68%]   step 21755
[ 68%]   step 21756
[ 68%]   step 21757
[ 68%]   step 21758
[ 68%]   step 21759
[ 68%]   step 21760
[ 68%]   step 21761
[ 68%]   step 21762
[ 68%]   step 21763
[ 68%]   step 21764
[ 68%]   step 21765
[ 68%]   step 21766
[ 68%]   step 21767
[ 68%]   step 21768
[ 68%]   step 21769
[ 68%]   step 21770
[ 68%]   step 21771
[ 68%]   step 21772
+SWASH is processing output request    1
+SWASH is processing output request    2
[ 68%]   step 21773
[ 68%]   step 21774
[ 68%]   step 21775
[ 68%]   step 21776
[ 68%]   step 21777
[ 68%]   step 21778
[ 68%]   step 21779
[ 68%]   step 21780
[ 68%]   step 21781
[ 68%]   step 21782
[ 68%]   step 21783
[ 68%]   step 21784
[ 68%]   step 21785
[ 68%]   step 21786
[ 68%]   step 21787
[ 68%]   step 21788
[ 68%]   step 21789
[ 68%]   step 21790
[ 68%]   step 21791
[ 68%]   step 21792
[ 68%]   step 21793
[ 68%]   step 21794
[ 68%]   step 21795
[ 68%]   step 21796
[ 68%]   step 21797
[ 68%]   step 21798
[ 68%]   step 21799
[ 68%]   step 21800
[ 68%]   step 21801
[ 68%]   step 21802
[ 68%]   step 21803
[ 68%]   step 21804
[ 68%]   step 21805
[ 68%]   step 21806
[ 68%]   step 21807
[ 68%]   step 21808
[ 68%]   step 21809
[ 68%]   step 21810
[ 68%]   step 21811
[ 68%]   step 21812
[ 68%]   step 21813
+SWASH is processing output request    1
+SWASH is processing output request    2
[ 68%]   step 21814
[ 68%]   step 21815
[ 68%]   step 21816
[ 68%]   step 21817
[ 68%]   step 21818
[ 68%]   step 21819
[ 68%]   step 21820
[ 68%]   step 21821
[ 68%]   step 21822
[ 68%]   step 21823
[ 68%]   step 21824
[ 68%]   step 21825
[ 68%]   step 21826
[ 68%]   step 21827
[ 68%]   step 21828
[ 68%]   step 21829
[ 68%]   step 21830
[ 68%]   step 21831
[ 68%]   step 21832
[ 68%]   step 21833
[ 68%]   step 21834
[ 68%]   step 21835
[ 68%]   step 21836
[ 68%]   step 21837
[ 68%]   step 21838
[ 68%]   step 21839
[ 68%]   step 21840
[ 68%]   step 21841
[ 68%]   step 21842
[ 68%]   step 21843
[ 68%]   step 21844
[ 68%]   step 21845
[ 68%]   step 21846
[ 68%]   step 21847
[ 68%]   step 21848
[ 68%]   step 21849
[ 68%]   step 21850
[ 68%]   step 21851
[ 68%]   step 21852
[ 68%]   step 21853
[ 68%]   step 21854
+SWASH is processing output request    1
+SWASH is processing output request    2
[ 68%]   step 21855
[ 68%]   step 21856
[ 68%]   step 21857
[ 68%]   step 21858
[ 68%]   step 21859
[ 68%]   step 21860
[ 68%]   step 21861
[ 68%]   step 21862
[ 68%]   step 21863
[ 68%]   step 21864
[ 68%]   step 21865
[ 68%]   step 21866
[ 68%]   step 21867
[ 68%]   step 21868
[ 68%]   step 21869
[ 68%]   step 21870
[ 68%]   step 21871
[ 68%]   step 21872
[ 68%]   step 21873
[ 68%]   step 21874
[ 68%]   step 21875
[ 68%]   step 21876
[ 68%]   step 21877
[ 68%]   step 21878
[ 68%]   step 21879
[ 68%]   step 21880
[ 68%]   step 21881
[ 68%]   step 21882
[ 68%]   step 21883
[ 68%]   step 21884
[ 68%]   step 21885
[ 68%]   step 21886
[ 68%]   step 21887
[ 68%]   step 21888
[ 68%]   step 21889
[ 68%]   step 21890
[ 68%]   step 21891
[ 68%]   step 21892
[ 68%]   step 21893
[ 68%]   step 21894
[ 68%]   step 21895
+SWASH is processing output request    1
+SWASH is processing output request    2
[ 68%]   step 21896
[ 68%]   step 21897
[ 68%]   step 21898
[ 68%]   step 21899
[ 68%]   step 21900
[ 68%]   step 21901
[ 68%]   step 21902
[ 68%]   step 21903
[ 68%]   step 21904
[ 68%]   step 21905
[ 68%]   step 21906
[ 68%]   step 21907
[ 68%]   step 21908
[ 68%]   step 21909
[ 68%]   step 21910
[ 68%]   step 21911
[ 68%]   step 21912
[ 68%]   step 21913
[ 68%]   step 21914
[ 68%]   step 21915
[ 68%]   step 21916
[ 68%]   step 21917
[ 68%]   step 21918
[ 68%]   step 21919
[ 68%]   step 21920
[ 68%]   step 21921
[ 68%]   step 21922
[ 68%]   step 21923
[ 68%]   step 21924
[ 68%]   step 21925
[ 68%]   step 21926
[ 68%]   step 21927
[ 68%]   step 21928
[ 68%]   step 21929
[ 68%]   step 21930
[ 68%]   step 21931
[ 68%]   step 21932
[ 68%]   step 21933
[ 68%]   step 21934
[ 68%]   step 21935
[ 68%]   step 21936
+SWASH is processing output request    1
+SWASH is processing output request    2
[ 68%]   step 21937
[ 68%]   step 21938
[ 68%]   step 21939
[ 68%]   step 21940
[ 68%]   step 21941
[ 68%]   step 21942
[ 68%]   step 21943
[ 68%]   step 21944
[ 68%]   step 21945
[ 68%]   step 21946
[ 68%]   step 21947
[ 69%]   step 21948
[ 69%]   step 21949
[ 69%]   step 21950
[ 69%]   step 21951
[ 69%]   step 21952
[ 69%]   step 21953
[ 69%]   step 21954
[ 69%]   step 21955
[ 69%]   step 21956
[ 69%]   step 21957
[ 69%]   step 21958
[ 69%]   step 21959
[ 69%]   step 21960
[ 69%]   step 21961
[ 69%]   step 21962
[ 69%]   step 21963
[ 69%]   step 21964
[ 69%]   step 21965
[ 69%]   step 21966
[ 69%]   step 21967
[ 69%]   step 21968
[ 69%]   step 21969
[ 69%]   step 21970
[ 69%]   step 21971
[ 69%]   step 21972
[ 69%]   step 21973
[ 69%]   step 21974
[ 69%]   step 21975
[ 69%]   step 21976
[ 69%]   step 21977
+SWASH is processing output request    1
+SWASH is processing output request    2
[ 69%]   step 21978
[ 69%]   step 21979
[ 69%]   step 21980
[ 69%]   step 21981
[ 69%]   step 21982
[ 69%]   step 21983
[ 69%]   step 21984
[ 69%]   step 21985
[ 69%]   step 21986
[ 69%]   step 21987
[ 69%]   step 21988
[ 69%]   step 21989
[ 69%]   step 21990
[ 69%]   step 21991
[ 69%]   step 21992
[ 69%]   step 21993
[ 69%]   step 21994
[ 69%]   step 21995
[ 69%]   step 21996
[ 69%]   step 21997
[ 69%]   step 21998
[ 69%]   step 21999
[ 69%]   step 22000
[ 69%]   step 22001
[ 69%]   step 22002
[ 69%]   step 22003
[ 69%]   step 22004
[ 69%]   step 22005
[ 69%]   step 22006
[ 69%]   step 22007
[ 69%]   step 22008
[ 69%]   step 22009
[ 69%]   step 22010
[ 69%]   step 22011
[ 69%]   step 22012
[ 69%]   step 22013
[ 69%]   step 22014
[ 69%]   step 22015
[ 69%]   step 22016
[ 69%]   step 22017
[ 69%]   step 22018
+SWASH is processing output request    1
+SWASH is processing output request    2
[ 69%]   step 22019
[ 69%]   step 22020
[ 69%]   step 22021
[ 69%]   step 22022
[ 69%]   step 22023
[ 69%]   step 22024
[ 69%]   step 22025
[ 69%]   step 22026
[ 69%]   step 22027
[ 69%]   step 22028
[ 69%]   step 22029
[ 69%]   step 22030
[ 69%]   step 22031
[ 69%]   step 22032
[ 69%]   step 22033
[ 69%]   step 22034
[ 69%]   step 22035
[ 69%]   step 22036
[ 69%]   step 22037
[ 69%]   step 22038
[ 69%]   step 22039
[ 69%]   step 22040
[ 69%]   step 22041
[ 69%]   step 22042
[ 69%]   step 22043
[ 69%]   step 22044
[ 69%]   step 22045
[ 69%]   step 22046
[ 69%]   step 22047
[ 69%]   step 22048
[ 69%]   step 22049
[ 69%]   step 22050
[ 69%]   step 22051
[ 69%]   step 22052
[ 69%]   step 22053
[ 69%]   step 22054
[ 69%]   step 22055
[ 69%]   step 22056
[ 69%]   step 22057
[ 69%]   step 22058
[ 69%]   step 22059
+SWASH is processing output request    1
+SWASH is processing output request    2
[ 69%]   step 22060
[ 69%]   step 22061
[ 69%]   step 22062
[ 69%]   step 22063
[ 69%]   step 22064
[ 69%]   step 22065
[ 69%]   step 22066
[ 69%]   step 22067
[ 69%]   step 22068
[ 69%]   step 22069
[ 69%]   step 22070
[ 69%]   step 22071
[ 69%]   step 22072
[ 69%]   step 22073
[ 69%]   step 22074
[ 69%]   step 22075
[ 69%]   step 22076
[ 69%]   step 22077
[ 69%]   step 22078
[ 69%]   step 22079
[ 69%]   step 22080
[ 69%]   step 22081
[ 69%]   step 22082
[ 69%]   step 22083
[ 69%]   step 22084
[ 69%]   step 22085
[ 69%]   step 22086
[ 69%]   step 22087
[ 69%]   step 22088
[ 69%]   step 22089
[ 69%]   step 22090
[ 69%]   step 22091
[ 69%]   step 22092
[ 69%]   step 22093
[ 69%]   step 22094
[ 69%]   step 22095
[ 69%]   step 22096
[ 69%]   step 22097
[ 69%]   step 22098
[ 69%]   step 22099
[ 69%]   step 22100
+SWASH is processing output request    1
+SWASH is processing output request    2
[ 69%]   step 22101
[ 69%]   step 22102
[ 69%]   step 22103
[ 69%]   step 22104
[ 69%]   step 22105
[ 69%]   step 22106
[ 69%]   step 22107
[ 69%]   step 22108
[ 69%]   step 22109
[ 69%]   step 22110
[ 69%]   step 22111
[ 69%]   step 22112
[ 69%]   step 22113
[ 69%]   step 22114
[ 69%]   step 22115
[ 69%]   step 22116
[ 69%]   step 22117
[ 69%]   step 22118
[ 69%]   step 22119
[ 69%]   step 22120
[ 69%]   step 22121
[ 69%]   step 22122
[ 69%]   step 22123
[ 69%]   step 22124
[ 69%]   step 22125
[ 69%]   step 22126
[ 69%]   step 22127
[ 69%]   step 22128
[ 69%]   step 22129
[ 69%]   step 22130
[ 69%]   step 22131
[ 69%]   step 22132
[ 69%]   step 22133
[ 69%]   step 22134
[ 69%]   step 22135
[ 69%]   step 22136
[ 69%]   step 22137
[ 69%]   step 22138
[ 69%]   step 22139
[ 69%]   step 22140
[ 69%]   step 22141
+SWASH is processing output request    1
+SWASH is processing output request    2
[ 69%]   step 22142
[ 69%]   step 22143
[ 69%]   step 22144
[ 69%]   step 22145
[ 69%]   step 22146
[ 69%]   step 22147
[ 69%]   step 22148
[ 69%]   step 22149
[ 69%]   step 22150
[ 69%]   step 22151
[ 69%]   step 22152
[ 69%]   step 22153
[ 69%]   step 22154
[ 69%]   step 22155
[ 69%]   step 22156
[ 69%]   step 22157
[ 69%]   step 22158
[ 69%]   step 22159
[ 69%]   step 22160
[ 69%]   step 22161
[ 69%]   step 22162
[ 69%]   step 22163
[ 69%]   step 22164
[ 69%]   step 22165
[ 69%]   step 22166
[ 69%]   step 22167
[ 69%]   step 22168
[ 69%]   step 22169
[ 69%]   step 22170
[ 69%]   step 22171
[ 69%]   step 22172
[ 69%]   step 22173
[ 69%]   step 22174
[ 69%]   step 22175
[ 69%]   step 22176
[ 69%]   step 22177
[ 69%]   step 22178
[ 69%]   step 22179
[ 69%]   step 22180
[ 69%]   step 22181
[ 69%]   step 22182
+SWASH is processing output request    1
+SWASH is processing output request    2
[ 69%]   step 22183
[ 69%]   step 22184
[ 69%]   step 22185
[ 69%]   step 22186
[ 69%]   step 22187
[ 69%]   step 22188
[ 69%]   step 22189
[ 69%]   step 22190
[ 69%]   step 22191
[ 69%]   step 22192
[ 69%]   step 22193
[ 69%]   step 22194
[ 69%]   step 22195
[ 69%]   step 22196
[ 69%]   step 22197
[ 69%]   step 22198
[ 69%]   step 22199
[ 69%]   step 22200
[ 69%]   step 22201
[ 69%]   step 22202
[ 69%]   step 22203
[ 69%]   step 22204
[ 69%]   step 22205
[ 69%]   step 22206
[ 69%]   step 22207
[ 69%]   step 22208
[ 69%]   step 22209
[ 69%]   step 22210
[ 69%]   step 22211
[ 69%]   step 22212
[ 69%]   step 22213
[ 69%]   step 22214
[ 69%]   step 22215
[ 69%]   step 22216
[ 69%]   step 22217
[ 69%]   step 22218
[ 69%]   step 22219
[ 69%]   step 22220
[ 69%]   step 22221
[ 69%]   step 22222
[ 69%]   step 22223
+SWASH is processing output request    1
+SWASH is processing output request    2
[ 69%]   step 22224
[ 69%]   step 22225
[ 69%]   step 22226
[ 69%]   step 22227
[ 69%]   step 22228
[ 69%]   step 22229
[ 69%]   step 22230
[ 69%]   step 22231
[ 69%]   step 22232
[ 69%]   step 22233
[ 69%]   step 22234
[ 69%]   step 22235
[ 69%]   step 22236
[ 69%]   step 22237
[ 69%]   step 22238
[ 69%]   step 22239
[ 69%]   step 22240
[ 69%]   step 22241
[ 69%]   step 22242
[ 69%]   step 22243
[ 69%]   step 22244
[ 69%]   step 22245
[ 69%]   step 22246
[ 69%]   step 22247
[ 69%]   step 22248
[ 69%]   step 22249
[ 69%]   step 22250
[ 69%]   step 22251
[ 69%]   step 22252
[ 69%]   step 22253
[ 69%]   step 22254
[ 69%]   step 22255
[ 69%]   step 22256
[ 69%]   step 22257
[ 69%]   step 22258
[ 69%]   step 22259
[ 69%]   step 22260
[ 69%]   step 22261
[ 69%]   step 22262
[ 69%]   step 22263
[ 69%]   step 22264
+SWASH is processing output request    1
+SWASH is processing output request    2
[ 69%]   step 22265
[ 69%]   step 22266
[ 69%]   step 22267
[ 69%]   step 22268
[ 70%]   step 22269
[ 70%]   step 22270
[ 70%]   step 22271
[ 70%]   step 22272
[ 70%]   step 22273
[ 70%]   step 22274
[ 70%]   step 22275
[ 70%]   step 22276
[ 70%]   step 22277
[ 70%]   step 22278
[ 70%]   step 22279
[ 70%]   step 22280
[ 70%]   step 22281
[ 70%]   step 22282
[ 70%]   step 22283
[ 70%]   step 22284
[ 70%]   step 22285
[ 70%]   step 22286
[ 70%]   step 22287
[ 70%]   step 22288
[ 70%]   step 22289
[ 70%]   step 22290
[ 70%]   step 22291
[ 70%]   step 22292
[ 70%]   step 22293
[ 70%]   step 22294
[ 70%]   step 22295
[ 70%]   step 22296
[ 70%]   step 22297
[ 70%]   step 22298
[ 70%]   step 22299
[ 70%]   step 22300
[ 70%]   step 22301
[ 70%]   step 22302
[ 70%]   step 22303
[ 70%]   step 22304
[ 70%]   step 22305
[ 70%]   step 22306
+SWASH is processing output request    1
+SWASH is processing output request    2
[ 70%]   step 22307
[ 70%]   step 22308
[ 70%]   step 22309
[ 70%]   step 22310
[ 70%]   step 22311
[ 70%]   step 22312
[ 70%]   step 22313
[ 70%]   step 22314
[ 70%]   step 22315
[ 70%]   step 22316
[ 70%]   step 22317
[ 70%]   step 22318
[ 70%]   step 22319
[ 70%]   step 22320
[ 70%]   step 22321
[ 70%]   step 22322
[ 70%]   step 22323
[ 70%]   step 22324
[ 70%]   step 22325
[ 70%]   step 22326
[ 70%]   step 22327
[ 70%]   step 22328
[ 70%]   step 22329
[ 70%]   step 22330
[ 70%]   step 22331
[ 70%]   step 22332
[ 70%]   step 22333
[ 70%]   step 22334
[ 70%]   step 22335
[ 70%]   step 22336
[ 70%]   step 22337
[ 70%]   step 22338
[ 70%]   step 22339
[ 70%]   step 22340
[ 70%]   step 22341
[ 70%]   step 22342
[ 70%]   step 22343
[ 70%]   step 22344
[ 70%]   step 22345
[ 70%]   step 22346
[ 70%]   step 22347
+SWASH is processing output request    1
+SWASH is processing output request    2
[ 70%]   step 22348
[ 70%]   step 22349
[ 70%]   step 22350
[ 70%]   step 22351
[ 70%]   step 22352
[ 70%]   step 22353
[ 70%]   step 22354
[ 70%]   step 22355
[ 70%]   step 22356
[ 70%]   step 22357
[ 70%]   step 22358
[ 70%]   step 22359
[ 70%]   step 22360
[ 70%]   step 22361
[ 70%]   step 22362
[ 70%]   step 22363
[ 70%]   step 22364
[ 70%]   step 22365
[ 70%]   step 22366
[ 70%]   step 22367
[ 70%]   step 22368
[ 70%]   step 22369
[ 70%]   step 22370
[ 70%]   step 22371
[ 70%]   step 22372
[ 70%]   step 22373
[ 70%]   step 22374
[ 70%]   step 22375
[ 70%]   step 22376
[ 70%]   step 22377
[ 70%]   step 22378
[ 70%]   step 22379
[ 70%]   step 22380
[ 70%]   step 22381
[ 70%]   step 22382
[ 70%]   step 22383
[ 70%]   step 22384
[ 70%]   step 22385
[ 70%]   step 22386
[ 70%]   step 22387
[ 70%]   step 22388
+SWASH is processing output request    1
+SWASH is processing output request    2
[ 70%]   step 22389
[ 70%]   step 22390
[ 70%]   step 22391
[ 70%]   step 22392
[ 70%]   step 22393
[ 70%]   step 22394
[ 70%]   step 22395
[ 70%]   step 22396
[ 70%]   step 22397
[ 70%]   step 22398
[ 70%]   step 22399
[ 70%]   step 22400
[ 70%]   step 22401
[ 70%]   step 22402
[ 70%]   step 22403
[ 70%]   step 22404
[ 70%]   step 22405
[ 70%]   step 22406
[ 70%]   step 22407
[ 70%]   step 22408
[ 70%]   step 22409
[ 70%]   step 22410
[ 70%]   step 22411
[ 70%]   step 22412
[ 70%]   step 22413
[ 70%]   step 22414
[ 70%]   step 22415
[ 70%]   step 22416
[ 70%]   step 22417
[ 70%]   step 22418
[ 70%]   step 22419
[ 70%]   step 22420
[ 70%]   step 22421
[ 70%]   step 22422
[ 70%]   step 22423
[ 70%]   step 22424
[ 70%]   step 22425
[ 70%]   step 22426
[ 70%]   step 22427
[ 70%]   step 22428
[ 70%]   step 22429
+SWASH is processing output request    1
+SWASH is processing output request    2
[ 70%]   step 22430
[ 70%]   step 22431
[ 70%]   step 22432
[ 70%]   step 22433
[ 70%]   step 22434
[ 70%]   step 22435
[ 70%]   step 22436
[ 70%]   step 22437
[ 70%]   step 22438
[ 70%]   step 22439
[ 70%]   step 22440
[ 70%]   step 22441
[ 70%]   step 22442
[ 70%]   step 22443
[ 70%]   step 22444
[ 70%]   step 22445
[ 70%]   step 22446
[ 70%]   step 22447
[ 70%]   step 22448
[ 70%]   step 22449
[ 70%]   step 22450
[ 70%]   step 22451
[ 70%]   step 22452
[ 70%]   step 22453
[ 70%]   step 22454
[ 70%]   step 22455
[ 70%]   step 22456
[ 70%]   step 22457
[ 70%]   step 22458
[ 70%]   step 22459
[ 70%]   step 22460
[ 70%]   step 22461
[ 70%]   step 22462
[ 70%]   step 22463
[ 70%]   step 22464
[ 70%]   step 22465
[ 70%]   step 22466
[ 70%]   step 22467
[ 70%]   step 22468
[ 70%]   step 22469
[ 70%]   step 22470
+SWASH is processing output request    1
+SWASH is processing output request    2
[ 70%]   step 22471
[ 70%]   step 22472
[ 70%]   step 22473
[ 70%]   step 22474
[ 70%]   step 22475
[ 70%]   step 22476
[ 70%]   step 22477
[ 70%]   step 22478
[ 70%]   step 22479
[ 70%]   step 22480
[ 70%]   step 22481
[ 70%]   step 22482
[ 70%]   step 22483
[ 70%]   step 22484
[ 70%]   step 22485
[ 70%]   step 22486
[ 70%]   step 22487
[ 70%]   step 22488
[ 70%]   step 22489
[ 70%]   step 22490
[ 70%]   step 22491
[ 70%]   step 22492
[ 70%]   step 22493
[ 70%]   step 22494
[ 70%]   step 22495
[ 70%]   step 22496
[ 70%]   step 22497
[ 70%]   step 22498
[ 70%]   step 22499
[ 70%]   step 22500
[ 70%]   step 22501
[ 70%]   step 22502
[ 70%]   step 22503
[ 70%]   step 22504
[ 70%]   step 22505
[ 70%]   step 22506
[ 70%]   step 22507
[ 70%]   step 22508
[ 70%]   step 22509
[ 70%]   step 22510
[ 70%]   step 22511
+SWASH is processing output request    1
+SWASH is processing output request    2
[ 70%]   step 22512
[ 70%]   step 22513
[ 70%]   step 22514
[ 70%]   step 22515
[ 70%]   step 22516
[ 70%]   step 22517
[ 70%]   step 22518
[ 70%]   step 22519
[ 70%]   step 22520
[ 70%]   step 22521
[ 70%]   step 22522
[ 70%]   step 22523
[ 70%]   step 22524
[ 70%]   step 22525
[ 70%]   step 22526
[ 70%]   step 22527
[ 70%]   step 22528
[ 70%]   step 22529
[ 70%]   step 22530
[ 70%]   step 22531
[ 70%]   step 22532
[ 70%]   step 22533
[ 70%]   step 22534
[ 70%]   step 22535
[ 70%]   step 22536
[ 70%]   step 22537
[ 70%]   step 22538
[ 70%]   step 22539
[ 70%]   step 22540
[ 70%]   step 22541
[ 70%]   step 22542
[ 70%]   step 22543
[ 70%]   step 22544
[ 70%]   step 22545
[ 70%]   step 22546
[ 70%]   step 22547
[ 70%]   step 22548
[ 70%]   step 22549
[ 70%]   step 22550
[ 70%]   step 22551
[ 70%]   step 22552
+SWASH is processing output request    1
+SWASH is processing output request    2
[ 70%]   step 22553
[ 70%]   step 22554
[ 70%]   step 22555
[ 70%]   step 22556
[ 70%]   step 22557
[ 70%]   step 22558
[ 70%]   step 22559
[ 70%]   step 22560
[ 70%]   step 22561
[ 70%]   step 22562
[ 70%]   step 22563
[ 70%]   step 22564
[ 70%]   step 22565
[ 70%]   step 22566
[ 70%]   step 22567
[ 70%]   step 22568
[ 70%]   step 22569
[ 70%]   step 22570
[ 70%]   step 22571
[ 70%]   step 22572
[ 70%]   step 22573
[ 70%]   step 22574
[ 70%]   step 22575
[ 70%]   step 22576
[ 70%]   step 22577
[ 70%]   step 22578
[ 70%]   step 22579
[ 70%]   step 22580
[ 70%]   step 22581
[ 70%]   step 22582
[ 70%]   step 22583
[ 70%]   step 22584
[ 70%]   step 22585
[ 70%]   step 22586
[ 70%]   step 22587
[ 70%]   step 22588
[ 71%]   step 22589
[ 71%]   step 22590
[ 71%]   step 22591
[ 71%]   step 22592
[ 71%]   step 22593
+SWASH is processing output request    1
+SWASH is processing output request    2
[ 71%]   step 22594
[ 71%]   step 22595
[ 71%]   step 22596
[ 71%]   step 22597
[ 71%]   step 22598
[ 71%]   step 22599
[ 71%]   step 22600
[ 71%]   step 22601
[ 71%]   step 22602
[ 71%]   step 22603
[ 71%]   step 22604
[ 71%]   step 22605
[ 71%]   step 22606
[ 71%]   step 22607
[ 71%]   step 22608
[ 71%]   step 22609
[ 71%]   step 22610
[ 71%]   step 22611
[ 71%]   step 22612
[ 71%]   step 22613
[ 71%]   step 22614
[ 71%]   step 22615
[ 71%]   step 22616
[ 71%]   step 22617
[ 71%]   step 22618
[ 71%]   step 22619
[ 71%]   step 22620
[ 71%]   step 22621
[ 71%]   step 22622
[ 71%]   step 22623
[ 71%]   step 22624
[ 71%]   step 22625
[ 71%]   step 22626
[ 71%]   step 22627
[ 71%]   step 22628
[ 71%]   step 22629
[ 71%]   step 22630
[ 71%]   step 22631
[ 71%]   step 22632
[ 71%]   step 22633
[ 71%]   step 22634
+SWASH is processing output request    1
+SWASH is processing output request    2
[ 71%]   step 22635
[ 71%]   step 22636
[ 71%]   step 22637
[ 71%]   step 22638
[ 71%]   step 22639
[ 71%]   step 22640
[ 71%]   step 22641
[ 71%]   step 22642
[ 71%]   step 22643
[ 71%]   step 22644
[ 71%]   step 22645
[ 71%]   step 22646
[ 71%]   step 22647
[ 71%]   step 22648
[ 71%]   step 22649
[ 71%]   step 22650
[ 71%]   step 22651
[ 71%]   step 22652
[ 71%]   step 22653
[ 71%]   step 22654
[ 71%]   step 22655
[ 71%]   step 22656
[ 71%]   step 22657
[ 71%]   step 22658
[ 71%]   step 22659
[ 71%]   step 22660
[ 71%]   step 22661
[ 71%]   step 22662
[ 71%]   step 22663
[ 71%]   step 22664
[ 71%]   step 22665
[ 71%]   step 22666
[ 71%]   step 22667
[ 71%]   step 22668
[ 71%]   step 22669
[ 71%]   step 22670
[ 71%]   step 22671
[ 71%]   step 22672
[ 71%]   step 22673
[ 71%]   step 22674
[ 71%]   step 22675
+SWASH is processing output request    1
+SWASH is processing output request    2
[ 71%]   step 22676
[ 71%]   step 22677
[ 71%]   step 22678
[ 71%]   step 22679
[ 71%]   step 22680
[ 71%]   step 22681
[ 71%]   step 22682
[ 71%]   step 22683
[ 71%]   step 22684
[ 71%]   step 22685
[ 71%]   step 22686
[ 71%]   step 22687
[ 71%]   step 22688
[ 71%]   step 22689
[ 71%]   step 22690
[ 71%]   step 22691
[ 71%]   step 22692
[ 71%]   step 22693
[ 71%]   step 22694
[ 71%]   step 22695
[ 71%]   step 22696
[ 71%]   step 22697
[ 71%]   step 22698
[ 71%]   step 22699
[ 71%]   step 22700
[ 71%]   step 22701
[ 71%]   step 22702
[ 71%]   step 22703
[ 71%]   step 22704
[ 71%]   step 22705
[ 71%]   step 22706
[ 71%]   step 22707
[ 71%]   step 22708
[ 71%]   step 22709
[ 71%]   step 22710
[ 71%]   step 22711
[ 71%]   step 22712
[ 71%]   step 22713
[ 71%]   step 22714
[ 71%]   step 22715
[ 71%]   step 22716
+SWASH is processing output request    1
+SWASH is processing output request    2
[ 71%]   step 22717
[ 71%]   step 22718
[ 71%]   step 22719
[ 71%]   step 22720
[ 71%]   step 22721
[ 71%]   step 22722
[ 71%]   step 22723
[ 71%]   step 22724
[ 71%]   step 22725
[ 71%]   step 22726
[ 71%]   step 22727
[ 71%]   step 22728
[ 71%]   step 22729
[ 71%]   step 22730
[ 71%]   step 22731
[ 71%]   step 22732
[ 71%]   step 22733
[ 71%]   step 22734
[ 71%]   step 22735
[ 71%]   step 22736
[ 71%]   step 22737
[ 71%]   step 22738
[ 71%]   step 22739
[ 71%]   step 22740
[ 71%]   step 22741
[ 71%]   step 22742
[ 71%]   step 22743
[ 71%]   step 22744
[ 71%]   step 22745
[ 71%]   step 22746
[ 71%]   step 22747
[ 71%]   step 22748
[ 71%]   step 22749
[ 71%]   step 22750
[ 71%]   step 22751
[ 71%]   step 22752
[ 71%]   step 22753
[ 71%]   step 22754
[ 71%]   step 22755
[ 71%]   step 22756
[ 71%]   step 22757
+SWASH is processing output request    1
+SWASH is processing output request    2
[ 71%]   step 22758
[ 71%]   step 22759
[ 71%]   step 22760
[ 71%]   step 22761
[ 71%]   step 22762
[ 71%]   step 22763
[ 71%]   step 22764
[ 71%]   step 22765
[ 71%]   step 22766
[ 71%]   step 22767
[ 71%]   step 22768
[ 71%]   step 22769
[ 71%]   step 22770
[ 71%]   step 22771
[ 71%]   step 22772
[ 71%]   step 22773
[ 71%]   step 22774
[ 71%]   step 22775
[ 71%]   step 22776
[ 71%]   step 22777
[ 71%]   step 22778
[ 71%]   step 22779
[ 71%]   step 22780
[ 71%]   step 22781
[ 71%]   step 22782
[ 71%]   step 22783
[ 71%]   step 22784
[ 71%]   step 22785
[ 71%]   step 22786
[ 71%]   step 22787
[ 71%]   step 22788
[ 71%]   step 22789
[ 71%]   step 22790
[ 71%]   step 22791
[ 71%]   step 22792
[ 71%]   step 22793
[ 71%]   step 22794
[ 71%]   step 22795
[ 71%]   step 22796
[ 71%]   step 22797
[ 71%]   step 22798
+SWASH is processing output request    1
+SWASH is processing output request    2
[ 71%]   step 22799
[ 71%]   step 22800
[ 71%]   step 22801
[ 71%]   step 22802
[ 71%]   step 22803
[ 71%]   step 22804
[ 71%]   step 22805
[ 71%]   step 22806
[ 71%]   step 22807
[ 71%]   step 22808
[ 71%]   step 22809
[ 71%]   step 22810
[ 71%]   step 22811
[ 71%]   step 22812
[ 71%]   step 22813
[ 71%]   step 22814
[ 71%]   step 22815
[ 71%]   step 22816
[ 71%]   step 22817
[ 71%]   step 22818
[ 71%]   step 22819
[ 71%]   step 22820
[ 71%]   step 22821
[ 71%]   step 22822
[ 71%]   step 22823
[ 71%]   step 22824
[ 71%]   step 22825
[ 71%]   step 22826
[ 71%]   step 22827
[ 71%]   step 22828
[ 71%]   step 22829
[ 71%]   step 22830
[ 71%]   step 22831
[ 71%]   step 22832
[ 71%]   step 22833
[ 71%]   step 22834
[ 71%]   step 22835
[ 71%]   step 22836
[ 71%]   step 22837
[ 71%]   step 22838
[ 71%]   step 22839
[ 71%]   step 22840
+SWASH is processing output request    1
+SWASH is processing output request    2
[ 71%]   step 22841
[ 71%]   step 22842
[ 71%]   step 22843
[ 71%]   step 22844
[ 71%]   step 22845
[ 71%]   step 22846
[ 71%]   step 22847
[ 71%]   step 22848
[ 71%]   step 22849
[ 71%]   step 22850
[ 71%]   step 22851
[ 71%]   step 22852
[ 71%]   step 22853
[ 71%]   step 22854
[ 71%]   step 22855
[ 71%]   step 22856
[ 71%]   step 22857
[ 71%]   step 22858
[ 71%]   step 22859
[ 71%]   step 22860
[ 71%]   step 22861
[ 71%]   step 22862
[ 71%]   step 22863
[ 71%]   step 22864
[ 71%]   step 22865
[ 71%]   step 22866
[ 71%]   step 22867
[ 71%]   step 22868
[ 71%]   step 22869
[ 71%]   step 22870
[ 71%]   step 22871
[ 71%]   step 22872
[ 71%]   step 22873
[ 71%]   step 22874
[ 71%]   step 22875
[ 71%]   step 22876
[ 71%]   step 22877
[ 71%]   step 22878
[ 71%]   step 22879
[ 71%]   step 22880
[ 71%]   step 22881
+SWASH is processing output request    1
+SWASH is processing output request    2
[ 71%]   step 22882
[ 71%]   step 22883
[ 71%]   step 22884
[ 71%]   step 22885
[ 71%]   step 22886
[ 71%]   step 22887
[ 71%]   step 22888
[ 71%]   step 22889
[ 71%]   step 22890
[ 71%]   step 22891
[ 71%]   step 22892
[ 71%]   step 22893
[ 71%]   step 22894
[ 71%]   step 22895
[ 71%]   step 22896
[ 71%]   step 22897
[ 71%]   step 22898
[ 71%]   step 22899
[ 71%]   step 22900
[ 71%]   step 22901
[ 71%]   step 22902
[ 71%]   step 22903
[ 71%]   step 22904
[ 71%]   step 22905
[ 71%]   step 22906
[ 71%]   step 22907
[ 71%]   step 22908
[ 72%]   step 22909
[ 72%]   step 22910
[ 72%]   step 22911
[ 72%]   step 22912
[ 72%]   step 22913
[ 72%]   step 22914
[ 72%]   step 22915
[ 72%]   step 22916
[ 72%]   step 22917
[ 72%]   step 22918
[ 72%]   step 22919
[ 72%]   step 22920
[ 72%]   step 22921
[ 72%]   step 22922
+SWASH is processing output request    1
+SWASH is processing output request    2
[ 72%]   step 22923
[ 72%]   step 22924
[ 72%]   step 22925
[ 72%]   step 22926
[ 72%]   step 22927
[ 72%]   step 22928
[ 72%]   step 22929
[ 72%]   step 22930
[ 72%]   step 22931
[ 72%]   step 22932
[ 72%]   step 22933
[ 72%]   step 22934
[ 72%]   step 22935
[ 72%]   step 22936
[ 72%]   step 22937
[ 72%]   step 22938
[ 72%]   step 22939
[ 72%]   step 22940
[ 72%]   step 22941
[ 72%]   step 22942
[ 72%]   step 22943
[ 72%]   step 22944
[ 72%]   step 22945
[ 72%]   step 22946
[ 72%]   step 22947
[ 72%]   step 22948
[ 72%]   step 22949
[ 72%]   step 22950
[ 72%]   step 22951
[ 72%]   step 22952
[ 72%]   step 22953
[ 72%]   step 22954
[ 72%]   step 22955
[ 72%]   step 22956
[ 72%]   step 22957
[ 72%]   step 22958
[ 72%]   step 22959
[ 72%]   step 22960
[ 72%]   step 22961
[ 72%]   step 22962
[ 72%]   step 22963
+SWASH is processing output request    1
+SWASH is processing output request    2
[ 72%]   step 22964
[ 72%]   step 22965
[ 72%]   step 22966
[ 72%]   step 22967
[ 72%]   step 22968
[ 72%]   step 22969
[ 72%]   step 22970
[ 72%]   step 22971
[ 72%]   step 22972
[ 72%]   step 22973
[ 72%]   step 22974
[ 72%]   step 22975
[ 72%]   step 22976
[ 72%]   step 22977
[ 72%]   step 22978
[ 72%]   step 22979
[ 72%]   step 22980
[ 72%]   step 22981
[ 72%]   step 22982
[ 72%]   step 22983
[ 72%]   step 22984
[ 72%]   step 22985
[ 72%]   step 22986
[ 72%]   step 22987
[ 72%]   step 22988
[ 72%]   step 22989
[ 72%]   step 22990
[ 72%]   step 22991
[ 72%]   step 22992
[ 72%]   step 22993
[ 72%]   step 22994
[ 72%]   step 22995
[ 72%]   step 22996
[ 72%]   step 22997
[ 72%]   step 22998
[ 72%]   step 22999
[ 72%]   step 23000
[ 72%]   step 23001
[ 72%]   step 23002
[ 72%]   step 23003
[ 72%]   step 23004
+SWASH is processing output request    1
+SWASH is processing output request    2
[ 72%]   step 23005
[ 72%]   step 23006
[ 72%]   step 23007
[ 72%]   step 23008
[ 72%]   step 23009
[ 72%]   step 23010
[ 72%]   step 23011
[ 72%]   step 23012
[ 72%]   step 23013
[ 72%]   step 23014
[ 72%]   step 23015
[ 72%]   step 23016
[ 72%]   step 23017
[ 72%]   step 23018
[ 72%]   step 23019
[ 72%]   step 23020
[ 72%]   step 23021
[ 72%]   step 23022
[ 72%]   step 23023
[ 72%]   step 23024
[ 72%]   step 23025
[ 72%]   step 23026
[ 72%]   step 23027
[ 72%]   step 23028
[ 72%]   step 23029
[ 72%]   step 23030
[ 72%]   step 23031
[ 72%]   step 23032
[ 72%]   step 23033
[ 72%]   step 23034
[ 72%]   step 23035
[ 72%]   step 23036
[ 72%]   step 23037
[ 72%]   step 23038
[ 72%]   step 23039
[ 72%]   step 23040
[ 72%]   step 23041
[ 72%]   step 23042
[ 72%]   step 23043
[ 72%]   step 23044
[ 72%]   step 23045
+SWASH is processing output request    1
+SWASH is processing output request    2
[ 72%]   step 23046
[ 72%]   step 23047
[ 72%]   step 23048
[ 72%]   step 23049
[ 72%]   step 23050
[ 72%]   step 23051
[ 72%]   step 23052
[ 72%]   step 23053
[ 72%]   step 23054
[ 72%]   step 23055
[ 72%]   step 23056
[ 72%]   step 23057
[ 72%]   step 23058
[ 72%]   step 23059
[ 72%]   step 23060
[ 72%]   step 23061
[ 72%]   step 23062
[ 72%]   step 23063
[ 72%]   step 23064
[ 72%]   step 23065
[ 72%]   step 23066
[ 72%]   step 23067
[ 72%]   step 23068
[ 72%]   step 23069
[ 72%]   step 23070
[ 72%]   step 23071
[ 72%]   step 23072
[ 72%]   step 23073
[ 72%]   step 23074
[ 72%]   step 23075
[ 72%]   step 23076
[ 72%]   step 23077
[ 72%]   step 23078
[ 72%]   step 23079
[ 72%]   step 23080
[ 72%]   step 23081
[ 72%]   step 23082
[ 72%]   step 23083
[ 72%]   step 23084
[ 72%]   step 23085
[ 72%]   step 23086
+SWASH is processing output request    1
+SWASH is processing output request    2
[ 72%]   step 23087
[ 72%]   step 23088
[ 72%]   step 23089
[ 72%]   step 23090
[ 72%]   step 23091
[ 72%]   step 23092
[ 72%]   step 23093
[ 72%]   step 23094
[ 72%]   step 23095
[ 72%]   step 23096
[ 72%]   step 23097
[ 72%]   step 23098
[ 72%]   step 23099
[ 72%]   step 23100
[ 72%]   step 23101
[ 72%]   step 23102
[ 72%]   step 23103
[ 72%]   step 23104
[ 72%]   step 23105
[ 72%]   step 23106
[ 72%]   step 23107
[ 72%]   step 23108
[ 72%]   step 23109
[ 72%]   step 23110
[ 72%]   step 23111
[ 72%]   step 23112
[ 72%]   step 23113
[ 72%]   step 23114
[ 72%]   step 23115
[ 72%]   step 23116
[ 72%]   step 23117
[ 72%]   step 23118
[ 72%]   step 23119
[ 72%]   step 23120
[ 72%]   step 23121
[ 72%]   step 23122
[ 72%]   step 23123
[ 72%]   step 23124
[ 72%]   step 23125
[ 72%]   step 23126
[ 72%]   step 23127
+SWASH is processing output request    1
+SWASH is processing output request    2
[ 72%]   step 23128
[ 72%]   step 23129
[ 72%]   step 23130
[ 72%]   step 23131
[ 72%]   step 23132
[ 72%]   step 23133
[ 72%]   step 23134
[ 72%]   step 23135
[ 72%]   step 23136
[ 72%]   step 23137
[ 72%]   step 23138
[ 72%]   step 23139
[ 72%]   step 23140
[ 72%]   step 23141
[ 72%]   step 23142
[ 72%]   step 23143
[ 72%]   step 23144
[ 72%]   step 23145
[ 72%]   step 23146
[ 72%]   step 23147
[ 72%]   step 23148
[ 72%]   step 23149
[ 72%]   step 23150
[ 72%]   step 23151
[ 72%]   step 23152
[ 72%]   step 23153
[ 72%]   step 23154
[ 72%]   step 23155
[ 72%]   step 23156
[ 72%]   step 23157
[ 72%]   step 23158
[ 72%]   step 23159
[ 72%]   step 23160
[ 72%]   step 23161
[ 72%]   step 23162
[ 72%]   step 23163
[ 72%]   step 23164
[ 72%]   step 23165
[ 72%]   step 23166
[ 72%]   step 23167
[ 72%]   step 23168
+SWASH is processing output request    1
+SWASH is processing output request    2
[ 72%]   step 23169
[ 72%]   step 23170
[ 72%]   step 23171
[ 72%]   step 23172
[ 72%]   step 23173
[ 72%]   step 23174
[ 72%]   step 23175
[ 72%]   step 23176
[ 72%]   step 23177
[ 72%]   step 23178
[ 72%]   step 23179
[ 72%]   step 23180
[ 72%]   step 23181
[ 72%]   step 23182
[ 72%]   step 23183
[ 72%]   step 23184
[ 72%]   step 23185
[ 72%]   step 23186
[ 72%]   step 23187
[ 72%]   step 23188
[ 72%]   step 23189
[ 72%]   step 23190
[ 72%]   step 23191
[ 72%]   step 23192
[ 72%]   step 23193
[ 72%]   step 23194
[ 72%]   step 23195
[ 72%]   step 23196
[ 72%]   step 23197
[ 72%]   step 23198
[ 72%]   step 23199
[ 72%]   step 23200
[ 72%]   step 23201
[ 72%]   step 23202
[ 72%]   step 23203
[ 72%]   step 23204
[ 72%]   step 23205
[ 72%]   step 23206
[ 72%]   step 23207
[ 72%]   step 23208
[ 72%]   step 23209
+SWASH is processing output request    1
+SWASH is processing output request    2
[ 72%]   step 23210
[ 72%]   step 23211
[ 72%]   step 23212
[ 72%]   step 23213
[ 72%]   step 23214
[ 72%]   step 23215
[ 72%]   step 23216
[ 72%]   step 23217
[ 72%]   step 23218
[ 72%]   step 23219
[ 72%]   step 23220
[ 72%]   step 23221
[ 72%]   step 23222
[ 72%]   step 23223
[ 72%]   step 23224
[ 72%]   step 23225
[ 72%]   step 23226
[ 72%]   step 23227
[ 72%]   step 23228
[ 72%]   step 23229
[ 73%]   step 23230
[ 73%]   step 23231
[ 73%]   step 23232
[ 73%]   step 23233
[ 73%]   step 23234
[ 73%]   step 23235
[ 73%]   step 23236
[ 73%]   step 23237
[ 73%]   step 23238
[ 73%]   step 23239
[ 73%]   step 23240
[ 73%]   step 23241
[ 73%]   step 23242
[ 73%]   step 23243
[ 73%]   step 23244
[ 73%]   step 23245
[ 73%]   step 23246
[ 73%]   step 23247
[ 73%]   step 23248
[ 73%]   step 23249
[ 73%]   step 23250
+SWASH is processing output request    1
+SWASH is processing output request    2
[ 73%]   step 23251
[ 73%]   step 23252
[ 73%]   step 23253
[ 73%]   step 23254
[ 73%]   step 23255
[ 73%]   step 23256
[ 73%]   step 23257
[ 73%]   step 23258
[ 73%]   step 23259
[ 73%]   step 23260
[ 73%]   step 23261
[ 73%]   step 23262
[ 73%]   step 23263
[ 73%]   step 23264
[ 73%]   step 23265
[ 73%]   step 23266
[ 73%]   step 23267
[ 73%]   step 23268
[ 73%]   step 23269
[ 73%]   step 23270
[ 73%]   step 23271
[ 73%]   step 23272
[ 73%]   step 23273
[ 73%]   step 23274
[ 73%]   step 23275
[ 73%]   step 23276
[ 73%]   step 23277
[ 73%]   step 23278
[ 73%]   step 23279
[ 73%]   step 23280
[ 73%]   step 23281
[ 73%]   step 23282
[ 73%]   step 23283
[ 73%]   step 23284
[ 73%]   step 23285
[ 73%]   step 23286
[ 73%]   step 23287
[ 73%]   step 23288
[ 73%]   step 23289
[ 73%]   step 23290
[ 73%]   step 23291
+SWASH is processing output request    1
+SWASH is processing output request    2
[ 73%]   step 23292
[ 73%]   step 23293
[ 73%]   step 23294
[ 73%]   step 23295
[ 73%]   step 23296
[ 73%]   step 23297
[ 73%]   step 23298
[ 73%]   step 23299
[ 73%]   step 23300
[ 73%]   step 23301
[ 73%]   step 23302
[ 73%]   step 23303
[ 73%]   step 23304
[ 73%]   step 23305
[ 73%]   step 23306
[ 73%]   step 23307
[ 73%]   step 23308
[ 73%]   step 23309
[ 73%]   step 23310
[ 73%]   step 23311
[ 73%]   step 23312
[ 73%]   step 23313
[ 73%]   step 23314
[ 73%]   step 23315
[ 73%]   step 23316
[ 73%]   step 23317
[ 73%]   step 23318
[ 73%]   step 23319
[ 73%]   step 23320
[ 73%]   step 23321
[ 73%]   step 23322
[ 73%]   step 23323
[ 73%]   step 23324
[ 73%]   step 23325
[ 73%]   step 23326
[ 73%]   step 23327
[ 73%]   step 23328
[ 73%]   step 23329
[ 73%]   step 23330
[ 73%]   step 23331
[ 73%]   step 23332
+SWASH is processing output request    1
+SWASH is processing output request    2
[ 73%]   step 23333
[ 73%]   step 23334
[ 73%]   step 23335
[ 73%]   step 23336
[ 73%]   step 23337
[ 73%]   step 23338
[ 73%]   step 23339
[ 73%]   step 23340
[ 73%]   step 23341
[ 73%]   step 23342
[ 73%]   step 23343
[ 73%]   step 23344
[ 73%]   step 23345
[ 73%]   step 23346
[ 73%]   step 23347
[ 73%]   step 23348
[ 73%]   step 23349
[ 73%]   step 23350
[ 73%]   step 23351
[ 73%]   step 23352
[ 73%]   step 23353
[ 73%]   step 23354
[ 73%]   step 23355
[ 73%]   step 23356
[ 73%]   step 23357
[ 73%]   step 23358
[ 73%]   step 23359
[ 73%]   step 23360
[ 73%]   step 23361
[ 73%]   step 23362
[ 73%]   step 23363
[ 73%]   step 23364
[ 73%]   step 23365
[ 73%]   step 23366
[ 73%]   step 23367
[ 73%]   step 23368
[ 73%]   step 23369
[ 73%]   step 23370
[ 73%]   step 23371
[ 73%]   step 23372
[ 73%]   step 23373
[ 73%]   step 23374
+SWASH is processing output request    1
+SWASH is processing output request    2
[ 73%]   step 23375
[ 73%]   step 23376
[ 73%]   step 23377
[ 73%]   step 23378
[ 73%]   step 23379
[ 73%]   step 23380
[ 73%]   step 23381
[ 73%]   step 23382
[ 73%]   step 23383
[ 73%]   step 23384
[ 73%]   step 23385
[ 73%]   step 23386
[ 73%]   step 23387
[ 73%]   step 23388
[ 73%]   step 23389
[ 73%]   step 23390
[ 73%]   step 23391
[ 73%]   step 23392
[ 73%]   step 23393
[ 73%]   step 23394
[ 73%]   step 23395
[ 73%]   step 23396
[ 73%]   step 23397
[ 73%]   step 23398
[ 73%]   step 23399
[ 73%]   step 23400
[ 73%]   step 23401
[ 73%]   step 23402
[ 73%]   step 23403
[ 73%]   step 23404
[ 73%]   step 23405
[ 73%]   step 23406
[ 73%]   step 23407
[ 73%]   step 23408
[ 73%]   step 23409
[ 73%]   step 23410
[ 73%]   step 23411
[ 73%]   step 23412
[ 73%]   step 23413
[ 73%]   step 23414
[ 73%]   step 23415
+SWASH is processing output request    1
+SWASH is processing output request    2
[ 73%]   step 23416
[ 73%]   step 23417
[ 73%]   step 23418
[ 73%]   step 23419
[ 73%]   step 23420
[ 73%]   step 23421
[ 73%]   step 23422
[ 73%]   step 23423
[ 73%]   step 23424
[ 73%]   step 23425
[ 73%]   step 23426
[ 73%]   step 23427
[ 73%]   step 23428
[ 73%]   step 23429
[ 73%]   step 23430
[ 73%]   step 23431
[ 73%]   step 23432
[ 73%]   step 23433
[ 73%]   step 23434
[ 73%]   step 23435
[ 73%]   step 23436
[ 73%]   step 23437
[ 73%]   step 23438
[ 73%]   step 23439
[ 73%]   step 23440
[ 73%]   step 23441
[ 73%]   step 23442
[ 73%]   step 23443
[ 73%]   step 23444
[ 73%]   step 23445
[ 73%]   step 23446
[ 73%]   step 23447
[ 73%]   step 23448
[ 73%]   step 23449
[ 73%]   step 23450
[ 73%]   step 23451
[ 73%]   step 23452
[ 73%]   step 23453
[ 73%]   step 23454
[ 73%]   step 23455
[ 73%]   step 23456
+SWASH is processing output request    1
+SWASH is processing output request    2
[ 73%]   step 23457
[ 73%]   step 23458
[ 73%]   step 23459
[ 73%]   step 23460
[ 73%]   step 23461
[ 73%]   step 23462
[ 73%]   step 23463
[ 73%]   step 23464
[ 73%]   step 23465
[ 73%]   step 23466
[ 73%]   step 23467
[ 73%]   step 23468
[ 73%]   step 23469
[ 73%]   step 23470
[ 73%]   step 23471
[ 73%]   step 23472
[ 73%]   step 23473
[ 73%]   step 23474
[ 73%]   step 23475
[ 73%]   step 23476
[ 73%]   step 23477
[ 73%]   step 23478
[ 73%]   step 23479
[ 73%]   step 23480
[ 73%]   step 23481
[ 73%]   step 23482
[ 73%]   step 23483
[ 73%]   step 23484
[ 73%]   step 23485
[ 73%]   step 23486
[ 73%]   step 23487
[ 73%]   step 23488
[ 73%]   step 23489
[ 73%]   step 23490
[ 73%]   step 23491
[ 73%]   step 23492
[ 73%]   step 23493
[ 73%]   step 23494
[ 73%]   step 23495
[ 73%]   step 23496
[ 73%]   step 23497
+SWASH is processing output request    1
+SWASH is processing output request    2
[ 73%]   step 23498
[ 73%]   step 23499
[ 73%]   step 23500
[ 73%]   step 23501
[ 73%]   step 23502
[ 73%]   step 23503
[ 73%]   step 23504
[ 73%]   step 23505
[ 73%]   step 23506
[ 73%]   step 23507
[ 73%]   step 23508
[ 73%]   step 23509
[ 73%]   step 23510
[ 73%]   step 23511
[ 73%]   step 23512
[ 73%]   step 23513
[ 73%]   step 23514
[ 73%]   step 23515
[ 73%]   step 23516
[ 73%]   step 23517
[ 73%]   step 23518
[ 73%]   step 23519
[ 73%]   step 23520
[ 73%]   step 23521
[ 73%]   step 23522
[ 73%]   step 23523
[ 73%]   step 23524
[ 73%]   step 23525
[ 73%]   step 23526
[ 73%]   step 23527
[ 73%]   step 23528
[ 73%]   step 23529
[ 73%]   step 23530
[ 73%]   step 23531
[ 73%]   step 23532
[ 73%]   step 23533
[ 73%]   step 23534
[ 73%]   step 23535
[ 73%]   step 23536
[ 73%]   step 23537
[ 73%]   step 23538
+SWASH is processing output request    1
+SWASH is processing output request    2
[ 73%]   step 23539
[ 73%]   step 23540
[ 73%]   step 23541
[ 73%]   step 23542
[ 73%]   step 23543
[ 73%]   step 23544
[ 73%]   step 23545
[ 73%]   step 23546
[ 73%]   step 23547
[ 73%]   step 23548
[ 73%]   step 23549
[ 74%]   step 23550
[ 74%]   step 23551
[ 74%]   step 23552
[ 74%]   step 23553
[ 74%]   step 23554
[ 74%]   step 23555
[ 74%]   step 23556
[ 74%]   step 23557
[ 74%]   step 23558
[ 74%]   step 23559
[ 74%]   step 23560
[ 74%]   step 23561
[ 74%]   step 23562
[ 74%]   step 23563
[ 74%]   step 23564
[ 74%]   step 23565
[ 74%]   step 23566
[ 74%]   step 23567
[ 74%]   step 23568
[ 74%]   step 23569
[ 74%]   step 23570
[ 74%]   step 23571
[ 74%]   step 23572
[ 74%]   step 23573
[ 74%]   step 23574
[ 74%]   step 23575
[ 74%]   step 23576
[ 74%]   step 23577
[ 74%]   step 23578
[ 74%]   step 23579
+SWASH is processing output request    1
+SWASH is processing output request    2
[ 74%]   step 23580
[ 74%]   step 23581
[ 74%]   step 23582
[ 74%]   step 23583
[ 74%]   step 23584
[ 74%]   step 23585
[ 74%]   step 23586
[ 74%]   step 23587
[ 74%]   step 23588
[ 74%]   step 23589
[ 74%]   step 23590
[ 74%]   step 23591
[ 74%]   step 23592
[ 74%]   step 23593
[ 74%]   step 23594
[ 74%]   step 23595
[ 74%]   step 23596
[ 74%]   step 23597
[ 74%]   step 23598
[ 74%]   step 23599
[ 74%]   step 23600
[ 74%]   step 23601
[ 74%]   step 23602
[ 74%]   step 23603
[ 74%]   step 23604
[ 74%]   step 23605
[ 74%]   step 23606
[ 74%]   step 23607
[ 74%]   step 23608
[ 74%]   step 23609
[ 74%]   step 23610
[ 74%]   step 23611
[ 74%]   step 23612
[ 74%]   step 23613
[ 74%]   step 23614
[ 74%]   step 23615
[ 74%]   step 23616
[ 74%]   step 23617
[ 74%]   step 23618
[ 74%]   step 23619
[ 74%]   step 23620
+SWASH is processing output request    1
+SWASH is processing output request    2
[ 74%]   step 23621
[ 74%]   step 23622
[ 74%]   step 23623
[ 74%]   step 23624
[ 74%]   step 23625
[ 74%]   step 23626
[ 74%]   step 23627
[ 74%]   step 23628
[ 74%]   step 23629
[ 74%]   step 23630
[ 74%]   step 23631
[ 74%]   step 23632
[ 74%]   step 23633
[ 74%]   step 23634
[ 74%]   step 23635
[ 74%]   step 23636
[ 74%]   step 23637
[ 74%]   step 23638
[ 74%]   step 23639
[ 74%]   step 23640
[ 74%]   step 23641
[ 74%]   step 23642
[ 74%]   step 23643
[ 74%]   step 23644
[ 74%]   step 23645
[ 74%]   step 23646
[ 74%]   step 23647
[ 74%]   step 23648
[ 74%]   step 23649
[ 74%]   step 23650
[ 74%]   step 23651
[ 74%]   step 23652
[ 74%]   step 23653
[ 74%]   step 23654
[ 74%]   step 23655
[ 74%]   step 23656
[ 74%]   step 23657
[ 74%]   step 23658
[ 74%]   step 23659
[ 74%]   step 23660
[ 74%]   step 23661
+SWASH is processing output request    1
+SWASH is processing output request    2
[ 74%]   step 23662
[ 74%]   step 23663
[ 74%]   step 23664
[ 74%]   step 23665
[ 74%]   step 23666
[ 74%]   step 23667
[ 74%]   step 23668
[ 74%]   step 23669
[ 74%]   step 23670
[ 74%]   step 23671
[ 74%]   step 23672
[ 74%]   step 23673
[ 74%]   step 23674
[ 74%]   step 23675
[ 74%]   step 23676
[ 74%]   step 23677
[ 74%]   step 23678
[ 74%]   step 23679
[ 74%]   step 23680
[ 74%]   step 23681
[ 74%]   step 23682
[ 74%]   step 23683
[ 74%]   step 23684
[ 74%]   step 23685
[ 74%]   step 23686
[ 74%]   step 23687
[ 74%]   step 23688
[ 74%]   step 23689
[ 74%]   step 23690
[ 74%]   step 23691
[ 74%]   step 23692
[ 74%]   step 23693
[ 74%]   step 23694
[ 74%]   step 23695
[ 74%]   step 23696
[ 74%]   step 23697
[ 74%]   step 23698
[ 74%]   step 23699
[ 74%]   step 23700
[ 74%]   step 23701
[ 74%]   step 23702
+SWASH is processing output request    1
+SWASH is processing output request    2
[ 74%]   step 23703
[ 74%]   step 23704
[ 74%]   step 23705
[ 74%]   step 23706
[ 74%]   step 23707
[ 74%]   step 23708
[ 74%]   step 23709
[ 74%]   step 23710
[ 74%]   step 23711
[ 74%]   step 23712
[ 74%]   step 23713
[ 74%]   step 23714
[ 74%]   step 23715
[ 74%]   step 23716
[ 74%]   step 23717
[ 74%]   step 23718
[ 74%]   step 23719
[ 74%]   step 23720
[ 74%]   step 23721
[ 74%]   step 23722
[ 74%]   step 23723
[ 74%]   step 23724
[ 74%]   step 23725
[ 74%]   step 23726
[ 74%]   step 23727
[ 74%]   step 23728
[ 74%]   step 23729
[ 74%]   step 23730
[ 74%]   step 23731
[ 74%]   step 23732
[ 74%]   step 23733
[ 74%]   step 23734
[ 74%]   step 23735
[ 74%]   step 23736
[ 74%]   step 23737
[ 74%]   step 23738
[ 74%]   step 23739
[ 74%]   step 23740
[ 74%]   step 23741
[ 74%]   step 23742
[ 74%]   step 23743
+SWASH is processing output request    1
+SWASH is processing output request    2
[ 74%]   step 23744
[ 74%]   step 23745
[ 74%]   step 23746
[ 74%]   step 23747
[ 74%]   step 23748
[ 74%]   step 23749
[ 74%]   step 23750
[ 74%]   step 23751
[ 74%]   step 23752
[ 74%]   step 23753
[ 74%]   step 23754
[ 74%]   step 23755
[ 74%]   step 23756
[ 74%]   step 23757
[ 74%]   step 23758
[ 74%]   step 23759
[ 74%]   step 23760
[ 74%]   step 23761
[ 74%]   step 23762
[ 74%]   step 23763
[ 74%]   step 23764
[ 74%]   step 23765
[ 74%]   step 23766
[ 74%]   step 23767
[ 74%]   step 23768
[ 74%]   step 23769
[ 74%]   step 23770
[ 74%]   step 23771
[ 74%]   step 23772
[ 74%]   step 23773
[ 74%]   step 23774
[ 74%]   step 23775
[ 74%]   step 23776
[ 74%]   step 23777
[ 74%]   step 23778
[ 74%]   step 23779
[ 74%]   step 23780
[ 74%]   step 23781
[ 74%]   step 23782
[ 74%]   step 23783
[ 74%]   step 23784
+SWASH is processing output request    1
+SWASH is processing output request    2
[ 74%]   step 23785
[ 74%]   step 23786
[ 74%]   step 23787
[ 74%]   step 23788
[ 74%]   step 23789
[ 74%]   step 23790
[ 74%]   step 23791
[ 74%]   step 23792
[ 74%]   step 23793
[ 74%]   step 23794
[ 74%]   step 23795
[ 74%]   step 23796
[ 74%]   step 23797
[ 74%]   step 23798
[ 74%]   step 23799
[ 74%]   step 23800
[ 74%]   step 23801
[ 74%]   step 23802
[ 74%]   step 23803
[ 74%]   step 23804
[ 74%]   step 23805
[ 74%]   step 23806
[ 74%]   step 23807
[ 74%]   step 23808
[ 74%]   step 23809
[ 74%]   step 23810
[ 74%]   step 23811
[ 74%]   step 23812
[ 74%]   step 23813
[ 74%]   step 23814
[ 74%]   step 23815
[ 74%]   step 23816
[ 74%]   step 23817
[ 74%]   step 23818
[ 74%]   step 23819
[ 74%]   step 23820
[ 74%]   step 23821
[ 74%]   step 23822
[ 74%]   step 23823
[ 74%]   step 23824
[ 74%]   step 23825
+SWASH is processing output request    1
+SWASH is processing output request    2
[ 74%]   step 23826
[ 74%]   step 23827
[ 74%]   step 23828
[ 74%]   step 23829
[ 74%]   step 23830
[ 74%]   step 23831
[ 74%]   step 23832
[ 74%]   step 23833
[ 74%]   step 23834
[ 74%]   step 23835
[ 74%]   step 23836
[ 74%]   step 23837
[ 74%]   step 23838
[ 74%]   step 23839
[ 74%]   step 23840
[ 74%]   step 23841
[ 74%]   step 23842
[ 74%]   step 23843
[ 74%]   step 23844
[ 74%]   step 23845
[ 74%]   step 23846
[ 74%]   step 23847
[ 74%]   step 23848
[ 74%]   step 23849
[ 74%]   step 23850
[ 74%]   step 23851
[ 74%]   step 23852
[ 74%]   step 23853
[ 74%]   step 23854
[ 74%]   step 23855
[ 74%]   step 23856
[ 74%]   step 23857
[ 74%]   step 23858
[ 74%]   step 23859
[ 74%]   step 23860
[ 74%]   step 23861
[ 74%]   step 23862
[ 74%]   step 23863
[ 74%]   step 23864
[ 74%]   step 23865
[ 74%]   step 23866
+SWASH is processing output request    1
+SWASH is processing output request    2
[ 74%]   step 23867
[ 74%]   step 23868
[ 74%]   step 23869
[ 74%]   step 23870
[ 75%]   step 23871
[ 75%]   step 23872
[ 75%]   step 23873
[ 75%]   step 23874
[ 75%]   step 23875
[ 75%]   step 23876
[ 75%]   step 23877
[ 75%]   step 23878
[ 75%]   step 23879
[ 75%]   step 23880
[ 75%]   step 23881
[ 75%]   step 23882
[ 75%]   step 23883
[ 75%]   step 23884
[ 75%]   step 23885
[ 75%]   step 23886
[ 75%]   step 23887
[ 75%]   step 23888
[ 75%]   step 23889
[ 75%]   step 23890
[ 75%]   step 23891
[ 75%]   step 23892
[ 75%]   step 23893
[ 75%]   step 23894
[ 75%]   step 23895
[ 75%]   step 23896
[ 75%]   step 23897
[ 75%]   step 23898
[ 75%]   step 23899
[ 75%]   step 23900
[ 75%]   step 23901
[ 75%]   step 23902
[ 75%]   step 23903
[ 75%]   step 23904
[ 75%]   step 23905
[ 75%]   step 23906
[ 75%]   step 23907
[ 75%]   step 23908
+SWASH is processing output request    1
+SWASH is processing output request    2
[ 75%]   step 23909
[ 75%]   step 23910
[ 75%]   step 23911
[ 75%]   step 23912
[ 75%]   step 23913
[ 75%]   step 23914
[ 75%]   step 23915
[ 75%]   step 23916
[ 75%]   step 23917
[ 75%]   step 23918
[ 75%]   step 23919
[ 75%]   step 23920
[ 75%]   step 23921
[ 75%]   step 23922
[ 75%]   step 23923
[ 75%]   step 23924
[ 75%]   step 23925
[ 75%]   step 23926
[ 75%]   step 23927
[ 75%]   step 23928
[ 75%]   step 23929
[ 75%]   step 23930
[ 75%]   step 23931
[ 75%]   step 23932
[ 75%]   step 23933
[ 75%]   step 23934
[ 75%]   step 23935
[ 75%]   step 23936
[ 75%]   step 23937
[ 75%]   step 23938
[ 75%]   step 23939
[ 75%]   step 23940
[ 75%]   step 23941
[ 75%]   step 23942
[ 75%]   step 23943
[ 75%]   step 23944
[ 75%]   step 23945
[ 75%]   step 23946
[ 75%]   step 23947
[ 75%]   step 23948
[ 75%]   step 23949
+SWASH is processing output request    1
+SWASH is processing output request    2
[ 75%]   step 23950
[ 75%]   step 23951
[ 75%]   step 23952
[ 75%]   step 23953
[ 75%]   step 23954
[ 75%]   step 23955
[ 75%]   step 23956
[ 75%]   step 23957
[ 75%]   step 23958
[ 75%]   step 23959
[ 75%]   step 23960
[ 75%]   step 23961
[ 75%]   step 23962
[ 75%]   step 23963
[ 75%]   step 23964
[ 75%]   step 23965
[ 75%]   step 23966
[ 75%]   step 23967
[ 75%]   step 23968
[ 75%]   step 23969
[ 75%]   step 23970
[ 75%]   step 23971
[ 75%]   step 23972
[ 75%]   step 23973
[ 75%]   step 23974
[ 75%]   step 23975
[ 75%]   step 23976
[ 75%]   step 23977
[ 75%]   step 23978
[ 75%]   step 23979
[ 75%]   step 23980
[ 75%]   step 23981
[ 75%]   step 23982
[ 75%]   step 23983
[ 75%]   step 23984
[ 75%]   step 23985
[ 75%]   step 23986
[ 75%]   step 23987
[ 75%]   step 23988
[ 75%]   step 23989
[ 75%]   step 23990
+SWASH is processing output request    1
+SWASH is processing output request    2
[ 75%]   step 23991
[ 75%]   step 23992
[ 75%]   step 23993
[ 75%]   step 23994
[ 75%]   step 23995
[ 75%]   step 23996
[ 75%]   step 23997
[ 75%]   step 23998
[ 75%]   step 23999
[ 75%]   step 24000
[ 75%]   step 24001
[ 75%]   step 24002
[ 75%]   step 24003
[ 75%]   step 24004
[ 75%]   step 24005
[ 75%]   step 24006
[ 75%]   step 24007
[ 75%]   step 24008
[ 75%]   step 24009
[ 75%]   step 24010
[ 75%]   step 24011
[ 75%]   step 24012
[ 75%]   step 24013
[ 75%]   step 24014
[ 75%]   step 24015
[ 75%]   step 24016
[ 75%]   step 24017
[ 75%]   step 24018
[ 75%]   step 24019
[ 75%]   step 24020
[ 75%]   step 24021
[ 75%]   step 24022
[ 75%]   step 24023
[ 75%]   step 24024
[ 75%]   step 24025
[ 75%]   step 24026
[ 75%]   step 24027
[ 75%]   step 24028
[ 75%]   step 24029
[ 75%]   step 24030
[ 75%]   step 24031
+SWASH is processing output request    1
+SWASH is processing output request    2
[ 75%]   step 24032
[ 75%]   step 24033
[ 75%]   step 24034
[ 75%]   step 24035
[ 75%]   step 24036
[ 75%]   step 24037
[ 75%]   step 24038
[ 75%]   step 24039
[ 75%]   step 24040
[ 75%]   step 24041
[ 75%]   step 24042
[ 75%]   step 24043
[ 75%]   step 24044
[ 75%]   step 24045
[ 75%]   step 24046
[ 75%]   step 24047
[ 75%]   step 24048
[ 75%]   step 24049
[ 75%]   step 24050
[ 75%]   step 24051
[ 75%]   step 24052
[ 75%]   step 24053
[ 75%]   step 24054
[ 75%]   step 24055
[ 75%]   step 24056
[ 75%]   step 24057
[ 75%]   step 24058
[ 75%]   step 24059
[ 75%]   step 24060
[ 75%]   step 24061
[ 75%]   step 24062
[ 75%]   step 24063
[ 75%]   step 24064
[ 75%]   step 24065
[ 75%]   step 24066
[ 75%]   step 24067
[ 75%]   step 24068
[ 75%]   step 24069
[ 75%]   step 24070
[ 75%]   step 24071
[ 75%]   step 24072
+SWASH is processing output request    1
+SWASH is processing output request    2
[ 75%]   step 24073
[ 75%]   step 24074
[ 75%]   step 24075
[ 75%]   step 24076
[ 75%]   step 24077
[ 75%]   step 24078
[ 75%]   step 24079
[ 75%]   step 24080
[ 75%]   step 24081
[ 75%]   step 24082
[ 75%]   step 24083
[ 75%]   step 24084
[ 75%]   step 24085
[ 75%]   step 24086
[ 75%]   step 24087
[ 75%]   step 24088
[ 75%]   step 24089
[ 75%]   step 24090
[ 75%]   step 24091
[ 75%]   step 24092
[ 75%]   step 24093
[ 75%]   step 24094
[ 75%]   step 24095
[ 75%]   step 24096
[ 75%]   step 24097
[ 75%]   step 24098
[ 75%]   step 24099
[ 75%]   step 24100
[ 75%]   step 24101
[ 75%]   step 24102
[ 75%]   step 24103
[ 75%]   step 24104
[ 75%]   step 24105
[ 75%]   step 24106
[ 75%]   step 24107
[ 75%]   step 24108
[ 75%]   step 24109
[ 75%]   step 24110
[ 75%]   step 24111
[ 75%]   step 24112
[ 75%]   step 24113
+SWASH is processing output request    1
+SWASH is processing output request    2
[ 75%]   step 24114
[ 75%]   step 24115
[ 75%]   step 24116
[ 75%]   step 24117
[ 75%]   step 24118
[ 75%]   step 24119
[ 75%]   step 24120
[ 75%]   step 24121
[ 75%]   step 24122
[ 75%]   step 24123
[ 75%]   step 24124
[ 75%]   step 24125
[ 75%]   step 24126
[ 75%]   step 24127
[ 75%]   step 24128
[ 75%]   step 24129
[ 75%]   step 24130
[ 75%]   step 24131
[ 75%]   step 24132
[ 75%]   step 24133
[ 75%]   step 24134
[ 75%]   step 24135
[ 75%]   step 24136
[ 75%]   step 24137
[ 75%]   step 24138
[ 75%]   step 24139
[ 75%]   step 24140
[ 75%]   step 24141
[ 75%]   step 24142
[ 75%]   step 24143
[ 75%]   step 24144
[ 75%]   step 24145
[ 75%]   step 24146
[ 75%]   step 24147
[ 75%]   step 24148
[ 75%]   step 24149
[ 75%]   step 24150
[ 75%]   step 24151
[ 75%]   step 24152
[ 75%]   step 24153
[ 75%]   step 24154
+SWASH is processing output request    1
+SWASH is processing output request    2
[ 75%]   step 24155
[ 75%]   step 24156
[ 75%]   step 24157
[ 75%]   step 24158
[ 75%]   step 24159
[ 75%]   step 24160
[ 75%]   step 24161
[ 75%]   step 24162
[ 75%]   step 24163
[ 75%]   step 24164
[ 75%]   step 24165
[ 75%]   step 24166
[ 75%]   step 24167
[ 75%]   step 24168
[ 75%]   step 24169
[ 75%]   step 24170
[ 75%]   step 24171
[ 75%]   step 24172
[ 75%]   step 24173
[ 75%]   step 24174
[ 75%]   step 24175
[ 75%]   step 24176
[ 75%]   step 24177
[ 75%]   step 24178
[ 75%]   step 24179
[ 75%]   step 24180
[ 75%]   step 24181
[ 75%]   step 24182
[ 75%]   step 24183
[ 75%]   step 24184
[ 75%]   step 24185
[ 75%]   step 24186
[ 75%]   step 24187
[ 75%]   step 24188
[ 75%]   step 24189
[ 75%]   step 24190
[ 76%]   step 24191
[ 76%]   step 24192
[ 76%]   step 24193
[ 76%]   step 24194
[ 76%]   step 24195
+SWASH is processing output request    1
+SWASH is processing output request    2
[ 76%]   step 24196
[ 76%]   step 24197
[ 76%]   step 24198
[ 76%]   step 24199
[ 76%]   step 24200
[ 76%]   step 24201
[ 76%]   step 24202
[ 76%]   step 24203
[ 76%]   step 24204
[ 76%]   step 24205
[ 76%]   step 24206
[ 76%]   step 24207
[ 76%]   step 24208
[ 76%]   step 24209
[ 76%]   step 24210
[ 76%]   step 24211
[ 76%]   step 24212
[ 76%]   step 24213
[ 76%]   step 24214
[ 76%]   step 24215
[ 76%]   step 24216
[ 76%]   step 24217
[ 76%]   step 24218
[ 76%]   step 24219
[ 76%]   step 24220
[ 76%]   step 24221
[ 76%]   step 24222
[ 76%]   step 24223
[ 76%]   step 24224
[ 76%]   step 24225
[ 76%]   step 24226
[ 76%]   step 24227
[ 76%]   step 24228
[ 76%]   step 24229
[ 76%]   step 24230
[ 76%]   step 24231
[ 76%]   step 24232
[ 76%]   step 24233
[ 76%]   step 24234
[ 76%]   step 24235
[ 76%]   step 24236
+SWASH is processing output request    1
+SWASH is processing output request    2
[ 76%]   step 24237
[ 76%]   step 24238
[ 76%]   step 24239
[ 76%]   step 24240
[ 76%]   step 24241
[ 76%]   step 24242
[ 76%]   step 24243
[ 76%]   step 24244
[ 76%]   step 24245
[ 76%]   step 24246
[ 76%]   step 24247
[ 76%]   step 24248
[ 76%]   step 24249
[ 76%]   step 24250
[ 76%]   step 24251
[ 76%]   step 24252
[ 76%]   step 24253
[ 76%]   step 24254
[ 76%]   step 24255
[ 76%]   step 24256
[ 76%]   step 24257
[ 76%]   step 24258
[ 76%]   step 24259
[ 76%]   step 24260
[ 76%]   step 24261
[ 76%]   step 24262
[ 76%]   step 24263
[ 76%]   step 24264
[ 76%]   step 24265
[ 76%]   step 24266
[ 76%]   step 24267
[ 76%]   step 24268
[ 76%]   step 24269
[ 76%]   step 24270
[ 76%]   step 24271
[ 76%]   step 24272
[ 76%]   step 24273
[ 76%]   step 24274
[ 76%]   step 24275
[ 76%]   step 24276
[ 76%]   step 24277
+SWASH is processing output request    1
+SWASH is processing output request    2
[ 76%]   step 24278
[ 76%]   step 24279
[ 76%]   step 24280
[ 76%]   step 24281
[ 76%]   step 24282
[ 76%]   step 24283
[ 76%]   step 24284
[ 76%]   step 24285
[ 76%]   step 24286
[ 76%]   step 24287
[ 76%]   step 24288
[ 76%]   step 24289
[ 76%]   step 24290
[ 76%]   step 24291
[ 76%]   step 24292
[ 76%]   step 24293
[ 76%]   step 24294
[ 76%]   step 24295
[ 76%]   step 24296
[ 76%]   step 24297
[ 76%]   step 24298
[ 76%]   step 24299
[ 76%]   step 24300
[ 76%]   step 24301
[ 76%]   step 24302
[ 76%]   step 24303
[ 76%]   step 24304
[ 76%]   step 24305
[ 76%]   step 24306
[ 76%]   step 24307
[ 76%]   step 24308
[ 76%]   step 24309
[ 76%]   step 24310
[ 76%]   step 24311
[ 76%]   step 24312
[ 76%]   step 24313
[ 76%]   step 24314
[ 76%]   step 24315
[ 76%]   step 24316
[ 76%]   step 24317
[ 76%]   step 24318
+SWASH is processing output request    1
+SWASH is processing output request    2
[ 76%]   step 24319
[ 76%]   step 24320
[ 76%]   step 24321
[ 76%]   step 24322
[ 76%]   step 24323
[ 76%]   step 24324
[ 76%]   step 24325
[ 76%]   step 24326
[ 76%]   step 24327
[ 76%]   step 24328
[ 76%]   step 24329
[ 76%]   step 24330
[ 76%]   step 24331
[ 76%]   step 24332
[ 76%]   step 24333
[ 76%]   step 24334
[ 76%]   step 24335
[ 76%]   step 24336
[ 76%]   step 24337
[ 76%]   step 24338
[ 76%]   step 24339
[ 76%]   step 24340
[ 76%]   step 24341
[ 76%]   step 24342
[ 76%]   step 24343
[ 76%]   step 24344
[ 76%]   step 24345
[ 76%]   step 24346
[ 76%]   step 24347
[ 76%]   step 24348
[ 76%]   step 24349
[ 76%]   step 24350
[ 76%]   step 24351
[ 76%]   step 24352
[ 76%]   step 24353
[ 76%]   step 24354
[ 76%]   step 24355
[ 76%]   step 24356
[ 76%]   step 24357
[ 76%]   step 24358
[ 76%]   step 24359
+SWASH is processing output request    1
+SWASH is processing output request    2
[ 76%]   step 24360
[ 76%]   step 24361
[ 76%]   step 24362
[ 76%]   step 24363
[ 76%]   step 24364
[ 76%]   step 24365
[ 76%]   step 24366
[ 76%]   step 24367
[ 76%]   step 24368
[ 76%]   step 24369
[ 76%]   step 24370
[ 76%]   step 24371
[ 76%]   step 24372
[ 76%]   step 24373
[ 76%]   step 24374
[ 76%]   step 24375
[ 76%]   step 24376
[ 76%]   step 24377
[ 76%]   step 24378
[ 76%]   step 24379
[ 76%]   step 24380
[ 76%]   step 24381
[ 76%]   step 24382
[ 76%]   step 24383
[ 76%]   step 24384
[ 76%]   step 24385
[ 76%]   step 24386
[ 76%]   step 24387
[ 76%]   step 24388
[ 76%]   step 24389
[ 76%]   step 24390
[ 76%]   step 24391
[ 76%]   step 24392
[ 76%]   step 24393
[ 76%]   step 24394
[ 76%]   step 24395
[ 76%]   step 24396
[ 76%]   step 24397
[ 76%]   step 24398
[ 76%]   step 24399
[ 76%]   step 24400
+SWASH is processing output request    1
+SWASH is processing output request    2
[ 76%]   step 24401
[ 76%]   step 24402
[ 76%]   step 24403
[ 76%]   step 24404
[ 76%]   step 24405
[ 76%]   step 24406
[ 76%]   step 24407
[ 76%]   step 24408
[ 76%]   step 24409
[ 76%]   step 24410
[ 76%]   step 24411
[ 76%]   step 24412
[ 76%]   step 24413
[ 76%]   step 24414
[ 76%]   step 24415
[ 76%]   step 24416
[ 76%]   step 24417
[ 76%]   step 24418
[ 76%]   step 24419
[ 76%]   step 24420
[ 76%]   step 24421
[ 76%]   step 24422
[ 76%]   step 24423
[ 76%]   step 24424
[ 76%]   step 24425
[ 76%]   step 24426
[ 76%]   step 24427
[ 76%]   step 24428
[ 76%]   step 24429
[ 76%]   step 24430
[ 76%]   step 24431
[ 76%]   step 24432
[ 76%]   step 24433
[ 76%]   step 24434
[ 76%]   step 24435
[ 76%]   step 24436
[ 76%]   step 24437
[ 76%]   step 24438
[ 76%]   step 24439
[ 76%]   step 24440
[ 76%]   step 24441
[ 76%]   step 24442
+SWASH is processing output request    1
+SWASH is processing output request    2
[ 76%]   step 24443
[ 76%]   step 24444
[ 76%]   step 24445
[ 76%]   step 24446
[ 76%]   step 24447
[ 76%]   step 24448
[ 76%]   step 24449
[ 76%]   step 24450
[ 76%]   step 24451
[ 76%]   step 24452
[ 76%]   step 24453
[ 76%]   step 24454
[ 76%]   step 24455
[ 76%]   step 24456
[ 76%]   step 24457
[ 76%]   step 24458
[ 76%]   step 24459
[ 76%]   step 24460
[ 76%]   step 24461
[ 76%]   step 24462
[ 76%]   step 24463
[ 76%]   step 24464
[ 76%]   step 24465
[ 76%]   step 24466
[ 76%]   step 24467
[ 76%]   step 24468
[ 76%]   step 24469
[ 76%]   step 24470
[ 76%]   step 24471
[ 76%]   step 24472
[ 76%]   step 24473
[ 76%]   step 24474
[ 76%]   step 24475
[ 76%]   step 24476
[ 76%]   step 24477
[ 76%]   step 24478
[ 76%]   step 24479
[ 76%]   step 24480
[ 76%]   step 24481
[ 76%]   step 24482
[ 76%]   step 24483
+SWASH is processing output request    1
+SWASH is processing output request    2
[ 76%]   step 24484
[ 76%]   step 24485
[ 76%]   step 24486
[ 76%]   step 24487
[ 76%]   step 24488
[ 76%]   step 24489
[ 76%]   step 24490
[ 76%]   step 24491
[ 76%]   step 24492
[ 76%]   step 24493
[ 76%]   step 24494
[ 76%]   step 24495
[ 76%]   step 24496
[ 76%]   step 24497
[ 76%]   step 24498
[ 76%]   step 24499
[ 76%]   step 24500
[ 76%]   step 24501
[ 76%]   step 24502
[ 76%]   step 24503
[ 76%]   step 24504
[ 76%]   step 24505
[ 76%]   step 24506
[ 76%]   step 24507
[ 76%]   step 24508
[ 76%]   step 24509
[ 76%]   step 24510
[ 77%]   step 24511
[ 77%]   step 24512
[ 77%]   step 24513
[ 77%]   step 24514
[ 77%]   step 24515
[ 77%]   step 24516
[ 77%]   step 24517
[ 77%]   step 24518
[ 77%]   step 24519
[ 77%]   step 24520
[ 77%]   step 24521
[ 77%]   step 24522
[ 77%]   step 24523
[ 77%]   step 24524
+SWASH is processing output request    1
+SWASH is processing output request    2
[ 77%]   step 24525
[ 77%]   step 24526
[ 77%]   step 24527
[ 77%]   step 24528
[ 77%]   step 24529
[ 77%]   step 24530
[ 77%]   step 24531
[ 77%]   step 24532
[ 77%]   step 24533
[ 77%]   step 24534
[ 77%]   step 24535
[ 77%]   step 24536
[ 77%]   step 24537
[ 77%]   step 24538
[ 77%]   step 24539
[ 77%]   step 24540
[ 77%]   step 24541
[ 77%]   step 24542
[ 77%]   step 24543
[ 77%]   step 24544
[ 77%]   step 24545
[ 77%]   step 24546
[ 77%]   step 24547
[ 77%]   step 24548
[ 77%]   step 24549
[ 77%]   step 24550
[ 77%]   step 24551
[ 77%]   step 24552
[ 77%]   step 24553
[ 77%]   step 24554
[ 77%]   step 24555
[ 77%]   step 24556
[ 77%]   step 24557
[ 77%]   step 24558
[ 77%]   step 24559
[ 77%]   step 24560
[ 77%]   step 24561
[ 77%]   step 24562
[ 77%]   step 24563
[ 77%]   step 24564
[ 77%]   step 24565
+SWASH is processing output request    1
+SWASH is processing output request    2
[ 77%]   step 24566
[ 77%]   step 24567
[ 77%]   step 24568
[ 77%]   step 24569
[ 77%]   step 24570
[ 77%]   step 24571
[ 77%]   step 24572
[ 77%]   step 24573
[ 77%]   step 24574
[ 77%]   step 24575
[ 77%]   step 24576
[ 77%]   step 24577
[ 77%]   step 24578
[ 77%]   step 24579
[ 77%]   step 24580
[ 77%]   step 24581
[ 77%]   step 24582
[ 77%]   step 24583
[ 77%]   step 24584
[ 77%]   step 24585
[ 77%]   step 24586
[ 77%]   step 24587
[ 77%]   step 24588
[ 77%]   step 24589
[ 77%]   step 24590
[ 77%]   step 24591
[ 77%]   step 24592
[ 77%]   step 24593
[ 77%]   step 24594
[ 77%]   step 24595
[ 77%]   step 24596
[ 77%]   step 24597
[ 77%]   step 24598
[ 77%]   step 24599
[ 77%]   step 24600
[ 77%]   step 24601
[ 77%]   step 24602
[ 77%]   step 24603
[ 77%]   step 24604
[ 77%]   step 24605
[ 77%]   step 24606
+SWASH is processing output request    1
+SWASH is processing output request    2
[ 77%]   step 24607
[ 77%]   step 24608
[ 77%]   step 24609
[ 77%]   step 24610
[ 77%]   step 24611
[ 77%]   step 24612
[ 77%]   step 24613
[ 77%]   step 24614
[ 77%]   step 24615
[ 77%]   step 24616
[ 77%]   step 24617
[ 77%]   step 24618
[ 77%]   step 24619
[ 77%]   step 24620
[ 77%]   step 24621
[ 77%]   step 24622
[ 77%]   step 24623
[ 77%]   step 24624
[ 77%]   step 24625
[ 77%]   step 24626
[ 77%]   step 24627
[ 77%]   step 24628
[ 77%]   step 24629
[ 77%]   step 24630
[ 77%]   step 24631
[ 77%]   step 24632
[ 77%]   step 24633
[ 77%]   step 24634
[ 77%]   step 24635
[ 77%]   step 24636
[ 77%]   step 24637
[ 77%]   step 24638
[ 77%]   step 24639
[ 77%]   step 24640
[ 77%]   step 24641
[ 77%]   step 24642
[ 77%]   step 24643
[ 77%]   step 24644
[ 77%]   step 24645
[ 77%]   step 24646
[ 77%]   step 24647
+SWASH is processing output request    1
+SWASH is processing output request    2
[ 77%]   step 24648
[ 77%]   step 24649
[ 77%]   step 24650
[ 77%]   step 24651
[ 77%]   step 24652
[ 77%]   step 24653
[ 77%]   step 24654
[ 77%]   step 24655
[ 77%]   step 24656
[ 77%]   step 24657
[ 77%]   step 24658
[ 77%]   step 24659
[ 77%]   step 24660
[ 77%]   step 24661
[ 77%]   step 24662
[ 77%]   step 24663
[ 77%]   step 24664
[ 77%]   step 24665
[ 77%]   step 24666
[ 77%]   step 24667
[ 77%]   step 24668
[ 77%]   step 24669
[ 77%]   step 24670
[ 77%]   step 24671
[ 77%]   step 24672
[ 77%]   step 24673
[ 77%]   step 24674
[ 77%]   step 24675
[ 77%]   step 24676
[ 77%]   step 24677
[ 77%]   step 24678
[ 77%]   step 24679
[ 77%]   step 24680
[ 77%]   step 24681
[ 77%]   step 24682
[ 77%]   step 24683
[ 77%]   step 24684
[ 77%]   step 24685
[ 77%]   step 24686
[ 77%]   step 24687
[ 77%]   step 24688
+SWASH is processing output request    1
+SWASH is processing output request    2
[ 77%]   step 24689
[ 77%]   step 24690
[ 77%]   step 24691
[ 77%]   step 24692
[ 77%]   step 24693
[ 77%]   step 24694
[ 77%]   step 24695
[ 77%]   step 24696
[ 77%]   step 24697
[ 77%]   step 24698
[ 77%]   step 24699
[ 77%]   step 24700
[ 77%]   step 24701
[ 77%]   step 24702
[ 77%]   step 24703
[ 77%]   step 24704
[ 77%]   step 24705
[ 77%]   step 24706
[ 77%]   step 24707
[ 77%]   step 24708
[ 77%]   step 24709
[ 77%]   step 24710
[ 77%]   step 24711
[ 77%]   step 24712
[ 77%]   step 24713
[ 77%]   step 24714
[ 77%]   step 24715
[ 77%]   step 24716
[ 77%]   step 24717
[ 77%]   step 24718
[ 77%]   step 24719
[ 77%]   step 24720
[ 77%]   step 24721
[ 77%]   step 24722
[ 77%]   step 24723
[ 77%]   step 24724
[ 77%]   step 24725
[ 77%]   step 24726
[ 77%]   step 24727
[ 77%]   step 24728
[ 77%]   step 24729
+SWASH is processing output request    1
+SWASH is processing output request    2
[ 77%]   step 24730
[ 77%]   step 24731
[ 77%]   step 24732
[ 77%]   step 24733
[ 77%]   step 24734
[ 77%]   step 24735
[ 77%]   step 24736
[ 77%]   step 24737
[ 77%]   step 24738
[ 77%]   step 24739
[ 77%]   step 24740
[ 77%]   step 24741
[ 77%]   step 24742
[ 77%]   step 24743
[ 77%]   step 24744
[ 77%]   step 24745
[ 77%]   step 24746
[ 77%]   step 24747
[ 77%]   step 24748
[ 77%]   step 24749
[ 77%]   step 24750
[ 77%]   step 24751
[ 77%]   step 24752
[ 77%]   step 24753
[ 77%]   step 24754
[ 77%]   step 24755
[ 77%]   step 24756
[ 77%]   step 24757
[ 77%]   step 24758
[ 77%]   step 24759
[ 77%]   step 24760
[ 77%]   step 24761
[ 77%]   step 24762
[ 77%]   step 24763
[ 77%]   step 24764
[ 77%]   step 24765
[ 77%]   step 24766
[ 77%]   step 24767
[ 77%]   step 24768
[ 77%]   step 24769
[ 77%]   step 24770
+SWASH is processing output request    1
+SWASH is processing output request    2
[ 77%]   step 24771
[ 77%]   step 24772
[ 77%]   step 24773
[ 77%]   step 24774
[ 77%]   step 24775
[ 77%]   step 24776
[ 77%]   step 24777
[ 77%]   step 24778
[ 77%]   step 24779
[ 77%]   step 24780
[ 77%]   step 24781
[ 77%]   step 24782
[ 77%]   step 24783
[ 77%]   step 24784
[ 77%]   step 24785
[ 77%]   step 24786
[ 77%]   step 24787
[ 77%]   step 24788
[ 77%]   step 24789
[ 77%]   step 24790
[ 77%]   step 24791
[ 77%]   step 24792
[ 77%]   step 24793
[ 77%]   step 24794
[ 77%]   step 24795
[ 77%]   step 24796
[ 77%]   step 24797
[ 77%]   step 24798
[ 77%]   step 24799
[ 77%]   step 24800
[ 77%]   step 24801
[ 77%]   step 24802
[ 77%]   step 24803
[ 77%]   step 24804
[ 77%]   step 24805
[ 77%]   step 24806
[ 77%]   step 24807
[ 77%]   step 24808
[ 77%]   step 24809
[ 77%]   step 24810
[ 77%]   step 24811
+SWASH is processing output request    1
+SWASH is processing output request    2
[ 77%]   step 24812
[ 77%]   step 24813
[ 77%]   step 24814
[ 77%]   step 24815
[ 77%]   step 24816
[ 77%]   step 24817
[ 77%]   step 24818
[ 77%]   step 24819
[ 77%]   step 24820
[ 77%]   step 24821
[ 77%]   step 24822
[ 77%]   step 24823
[ 77%]   step 24824
[ 77%]   step 24825
[ 77%]   step 24826
[ 77%]   step 24827
[ 77%]   step 24828
[ 77%]   step 24829
[ 77%]   step 24830
[ 77%]   step 24831
[ 78%]   step 24832
[ 78%]   step 24833
[ 78%]   step 24834
[ 78%]   step 24835
[ 78%]   step 24836
[ 78%]   step 24837
[ 78%]   step 24838
[ 78%]   step 24839
[ 78%]   step 24840
[ 78%]   step 24841
[ 78%]   step 24842
[ 78%]   step 24843
[ 78%]   step 24844
[ 78%]   step 24845
[ 78%]   step 24846
[ 78%]   step 24847
[ 78%]   step 24848
[ 78%]   step 24849
[ 78%]   step 24850
[ 78%]   step 24851
[ 78%]   step 24852
+SWASH is processing output request    1
+SWASH is processing output request    2
[ 78%]   step 24853
[ 78%]   step 24854
[ 78%]   step 24855
[ 78%]   step 24856
[ 78%]   step 24857
[ 78%]   step 24858
[ 78%]   step 24859
[ 78%]   step 24860
[ 78%]   step 24861
[ 78%]   step 24862
[ 78%]   step 24863
[ 78%]   step 24864
[ 78%]   step 24865
[ 78%]   step 24866
[ 78%]   step 24867
[ 78%]   step 24868
[ 78%]   step 24869
[ 78%]   step 24870
[ 78%]   step 24871
[ 78%]   step 24872
[ 78%]   step 24873
[ 78%]   step 24874
[ 78%]   step 24875
[ 78%]   step 24876
[ 78%]   step 24877
[ 78%]   step 24878
[ 78%]   step 24879
[ 78%]   step 24880
[ 78%]   step 24881
[ 78%]   step 24882
[ 78%]   step 24883
[ 78%]   step 24884
[ 78%]   step 24885
[ 78%]   step 24886
[ 78%]   step 24887
[ 78%]   step 24888
[ 78%]   step 24889
[ 78%]   step 24890
[ 78%]   step 24891
[ 78%]   step 24892
[ 78%]   step 24893
+SWASH is processing output request    1
+SWASH is processing output request    2
[ 78%]   step 24894
[ 78%]   step 24895
[ 78%]   step 24896
[ 78%]   step 24897
[ 78%]   step 24898
[ 78%]   step 24899
[ 78%]   step 24900
[ 78%]   step 24901
[ 78%]   step 24902
[ 78%]   step 24903
[ 78%]   step 24904
[ 78%]   step 24905
[ 78%]   step 24906
[ 78%]   step 24907
[ 78%]   step 24908
[ 78%]   step 24909
[ 78%]   step 24910
[ 78%]   step 24911
[ 78%]   step 24912
[ 78%]   step 24913
[ 78%]   step 24914
[ 78%]   step 24915
[ 78%]   step 24916
[ 78%]   step 24917
[ 78%]   step 24918
[ 78%]   step 24919
[ 78%]   step 24920
[ 78%]   step 24921
[ 78%]   step 24922
[ 78%]   step 24923
[ 78%]   step 24924
[ 78%]   step 24925
[ 78%]   step 24926
[ 78%]   step 24927
[ 78%]   step 24928
[ 78%]   step 24929
[ 78%]   step 24930
[ 78%]   step 24931
[ 78%]   step 24932
[ 78%]   step 24933
[ 78%]   step 24934
+SWASH is processing output request    1
+SWASH is processing output request    2
[ 78%]   step 24935
[ 78%]   step 24936
[ 78%]   step 24937
[ 78%]   step 24938
[ 78%]   step 24939
[ 78%]   step 24940
[ 78%]   step 24941
[ 78%]   step 24942
[ 78%]   step 24943
[ 78%]   step 24944
[ 78%]   step 24945
[ 78%]   step 24946
[ 78%]   step 24947
[ 78%]   step 24948
[ 78%]   step 24949
[ 78%]   step 24950
[ 78%]   step 24951
[ 78%]   step 24952
[ 78%]   step 24953
[ 78%]   step 24954
[ 78%]   step 24955
[ 78%]   step 24956
[ 78%]   step 24957
[ 78%]   step 24958
[ 78%]   step 24959
[ 78%]   step 24960
[ 78%]   step 24961
[ 78%]   step 24962
[ 78%]   step 24963
[ 78%]   step 24964
[ 78%]   step 24965
[ 78%]   step 24966
[ 78%]   step 24967
[ 78%]   step 24968
[ 78%]   step 24969
[ 78%]   step 24970
[ 78%]   step 24971
[ 78%]   step 24972
[ 78%]   step 24973
[ 78%]   step 24974
[ 78%]   step 24975
[ 78%]   step 24976
+SWASH is processing output request    1
+SWASH is processing output request    2
[ 78%]   step 24977
[ 78%]   step 24978
[ 78%]   step 24979
[ 78%]   step 24980
[ 78%]   step 24981
[ 78%]   step 24982
[ 78%]   step 24983
[ 78%]   step 24984
[ 78%]   step 24985
[ 78%]   step 24986
[ 78%]   step 24987
[ 78%]   step 24988
[ 78%]   step 24989
[ 78%]   step 24990
[ 78%]   step 24991
[ 78%]   step 24992
[ 78%]   step 24993
[ 78%]   step 24994
[ 78%]   step 24995
[ 78%]   step 24996
[ 78%]   step 24997
[ 78%]   step 24998
[ 78%]   step 24999
[ 78%]   step 25000
[ 78%]   step 25001
[ 78%]   step 25002
[ 78%]   step 25003
[ 78%]   step 25004
[ 78%]   step 25005
[ 78%]   step 25006
[ 78%]   step 25007
[ 78%]   step 25008
[ 78%]   step 25009
[ 78%]   step 25010
[ 78%]   step 25011
[ 78%]   step 25012
[ 78%]   step 25013
[ 78%]   step 25014
[ 78%]   step 25015
[ 78%]   step 25016
[ 78%]   step 25017
+SWASH is processing output request    1
+SWASH is processing output request    2
[ 78%]   step 25018
[ 78%]   step 25019
[ 78%]   step 25020
[ 78%]   step 25021
[ 78%]   step 25022
[ 78%]   step 25023
[ 78%]   step 25024
[ 78%]   step 25025
[ 78%]   step 25026
[ 78%]   step 25027
[ 78%]   step 25028
[ 78%]   step 25029
[ 78%]   step 25030
[ 78%]   step 25031
[ 78%]   step 25032
[ 78%]   step 25033
[ 78%]   step 25034
[ 78%]   step 25035
[ 78%]   step 25036
[ 78%]   step 25037
[ 78%]   step 25038
[ 78%]   step 25039
[ 78%]   step 25040
[ 78%]   step 25041
[ 78%]   step 25042
[ 78%]   step 25043
[ 78%]   step 25044
[ 78%]   step 25045
[ 78%]   step 25046
[ 78%]   step 25047
[ 78%]   step 25048
[ 78%]   step 25049
[ 78%]   step 25050
[ 78%]   step 25051
[ 78%]   step 25052
[ 78%]   step 25053
[ 78%]   step 25054
[ 78%]   step 25055
[ 78%]   step 25056
[ 78%]   step 25057
[ 78%]   step 25058
+SWASH is processing output request    1
+SWASH is processing output request    2
[ 78%]   step 25059
[ 78%]   step 25060
[ 78%]   step 25061
[ 78%]   step 25062
[ 78%]   step 25063
[ 78%]   step 25064
[ 78%]   step 25065
[ 78%]   step 25066
[ 78%]   step 25067
[ 78%]   step 25068
[ 78%]   step 25069
[ 78%]   step 25070
[ 78%]   step 25071
[ 78%]   step 25072
[ 78%]   step 25073
[ 78%]   step 25074
[ 78%]   step 25075
[ 78%]   step 25076
[ 78%]   step 25077
[ 78%]   step 25078
[ 78%]   step 25079
[ 78%]   step 25080
[ 78%]   step 25081
[ 78%]   step 25082
[ 78%]   step 25083
[ 78%]   step 25084
[ 78%]   step 25085
[ 78%]   step 25086
[ 78%]   step 25087
[ 78%]   step 25088
[ 78%]   step 25089
[ 78%]   step 25090
[ 78%]   step 25091
[ 78%]   step 25092
[ 78%]   step 25093
[ 78%]   step 25094
[ 78%]   step 25095
[ 78%]   step 25096
[ 78%]   step 25097
[ 78%]   step 25098
[ 78%]   step 25099
+SWASH is processing output request    1
+SWASH is processing output request    2
[ 78%]   step 25100
[ 78%]   step 25101
[ 78%]   step 25102
[ 78%]   step 25103
[ 78%]   step 25104
[ 78%]   step 25105
[ 78%]   step 25106
[ 78%]   step 25107
[ 78%]   step 25108
[ 78%]   step 25109
[ 78%]   step 25110
[ 78%]   step 25111
[ 78%]   step 25112
[ 78%]   step 25113
[ 78%]   step 25114
[ 78%]   step 25115
[ 78%]   step 25116
[ 78%]   step 25117
[ 78%]   step 25118
[ 78%]   step 25119
[ 78%]   step 25120
[ 78%]   step 25121
[ 78%]   step 25122
[ 78%]   step 25123
[ 78%]   step 25124
[ 78%]   step 25125
[ 78%]   step 25126
[ 78%]   step 25127
[ 78%]   step 25128
[ 78%]   step 25129
[ 78%]   step 25130
[ 78%]   step 25131
[ 78%]   step 25132
[ 78%]   step 25133
[ 78%]   step 25134
[ 78%]   step 25135
[ 78%]   step 25136
[ 78%]   step 25137
[ 78%]   step 25138
[ 78%]   step 25139
[ 78%]   step 25140
+SWASH is processing output request    1
+SWASH is processing output request    2
[ 78%]   step 25141
[ 78%]   step 25142
[ 78%]   step 25143
[ 78%]   step 25144
[ 78%]   step 25145
[ 78%]   step 25146
[ 78%]   step 25147
[ 78%]   step 25148
[ 78%]   step 25149
[ 78%]   step 25150
[ 78%]   step 25151
[ 79%]   step 25152
[ 79%]   step 25153
[ 79%]   step 25154
[ 79%]   step 25155
[ 79%]   step 25156
[ 79%]   step 25157
[ 79%]   step 25158
[ 79%]   step 25159
[ 79%]   step 25160
[ 79%]   step 25161
[ 79%]   step 25162
[ 79%]   step 25163
[ 79%]   step 25164
[ 79%]   step 25165
[ 79%]   step 25166
[ 79%]   step 25167
[ 79%]   step 25168
[ 79%]   step 25169
[ 79%]   step 25170
[ 79%]   step 25171
[ 79%]   step 25172
[ 79%]   step 25173
[ 79%]   step 25174
[ 79%]   step 25175
[ 79%]   step 25176
[ 79%]   step 25177
[ 79%]   step 25178
[ 79%]   step 25179
[ 79%]   step 25180
[ 79%]   step 25181
+SWASH is processing output request    1
+SWASH is processing output request    2
[ 79%]   step 25182
[ 79%]   step 25183
[ 79%]   step 25184
[ 79%]   step 25185
[ 79%]   step 25186
[ 79%]   step 25187
[ 79%]   step 25188
[ 79%]   step 25189
[ 79%]   step 25190
[ 79%]   step 25191
[ 79%]   step 25192
[ 79%]   step 25193
[ 79%]   step 25194
[ 79%]   step 25195
[ 79%]   step 25196
[ 79%]   step 25197
[ 79%]   step 25198
[ 79%]   step 25199
[ 79%]   step 25200
[ 79%]   step 25201
[ 79%]   step 25202
[ 79%]   step 25203
[ 79%]   step 25204
[ 79%]   step 25205
[ 79%]   step 25206
[ 79%]   step 25207
[ 79%]   step 25208
[ 79%]   step 25209
[ 79%]   step 25210
[ 79%]   step 25211
[ 79%]   step 25212
[ 79%]   step 25213
[ 79%]   step 25214
[ 79%]   step 25215
[ 79%]   step 25216
[ 79%]   step 25217
[ 79%]   step 25218
[ 79%]   step 25219
[ 79%]   step 25220
[ 79%]   step 25221
[ 79%]   step 25222
+SWASH is processing output request    1
+SWASH is processing output request    2
[ 79%]   step 25223
[ 79%]   step 25224
[ 79%]   step 25225
[ 79%]   step 25226
[ 79%]   step 25227
[ 79%]   step 25228
[ 79%]   step 25229
[ 79%]   step 25230
[ 79%]   step 25231
[ 79%]   step 25232
[ 79%]   step 25233
[ 79%]   step 25234
[ 79%]   step 25235
[ 79%]   step 25236
[ 79%]   step 25237
[ 79%]   step 25238
[ 79%]   step 25239
[ 79%]   step 25240
[ 79%]   step 25241
[ 79%]   step 25242
[ 79%]   step 25243
[ 79%]   step 25244
[ 79%]   step 25245
[ 79%]   step 25246
[ 79%]   step 25247
[ 79%]   step 25248
[ 79%]   step 25249
[ 79%]   step 25250
[ 79%]   step 25251
[ 79%]   step 25252
[ 79%]   step 25253
[ 79%]   step 25254
[ 79%]   step 25255
[ 79%]   step 25256
[ 79%]   step 25257
[ 79%]   step 25258
[ 79%]   step 25259
[ 79%]   step 25260
[ 79%]   step 25261
[ 79%]   step 25262
[ 79%]   step 25263
+SWASH is processing output request    1
+SWASH is processing output request    2
[ 79%]   step 25264
[ 79%]   step 25265
[ 79%]   step 25266
[ 79%]   step 25267
[ 79%]   step 25268
[ 79%]   step 25269
[ 79%]   step 25270
[ 79%]   step 25271
[ 79%]   step 25272
[ 79%]   step 25273
[ 79%]   step 25274
[ 79%]   step 25275
[ 79%]   step 25276
[ 79%]   step 25277
[ 79%]   step 25278
[ 79%]   step 25279
[ 79%]   step 25280
[ 79%]   step 25281
[ 79%]   step 25282
[ 79%]   step 25283
[ 79%]   step 25284
[ 79%]   step 25285
[ 79%]   step 25286
[ 79%]   step 25287
[ 79%]   step 25288
[ 79%]   step 25289
[ 79%]   step 25290
[ 79%]   step 25291
[ 79%]   step 25292
[ 79%]   step 25293
[ 79%]   step 25294
[ 79%]   step 25295
[ 79%]   step 25296
[ 79%]   step 25297
[ 79%]   step 25298
[ 79%]   step 25299
[ 79%]   step 25300
[ 79%]   step 25301
[ 79%]   step 25302
[ 79%]   step 25303
[ 79%]   step 25304
+SWASH is processing output request    1
+SWASH is processing output request    2
[ 79%]   step 25305
[ 79%]   step 25306
[ 79%]   step 25307
[ 79%]   step 25308
[ 79%]   step 25309
[ 79%]   step 25310
[ 79%]   step 25311
[ 79%]   step 25312
[ 79%]   step 25313
[ 79%]   step 25314
[ 79%]   step 25315
[ 79%]   step 25316
[ 79%]   step 25317
[ 79%]   step 25318
[ 79%]   step 25319
[ 79%]   step 25320
[ 79%]   step 25321
[ 79%]   step 25322
[ 79%]   step 25323
[ 79%]   step 25324
[ 79%]   step 25325
[ 79%]   step 25326
[ 79%]   step 25327
[ 79%]   step 25328
[ 79%]   step 25329
[ 79%]   step 25330
[ 79%]   step 25331
[ 79%]   step 25332
[ 79%]   step 25333
[ 79%]   step 25334
[ 79%]   step 25335
[ 79%]   step 25336
[ 79%]   step 25337
[ 79%]   step 25338
[ 79%]   step 25339
[ 79%]   step 25340
[ 79%]   step 25341
[ 79%]   step 25342
[ 79%]   step 25343
[ 79%]   step 25344
[ 79%]   step 25345
+SWASH is processing output request    1
+SWASH is processing output request    2
[ 79%]   step 25346
[ 79%]   step 25347
[ 79%]   step 25348
[ 79%]   step 25349
[ 79%]   step 25350
[ 79%]   step 25351
[ 79%]   step 25352
[ 79%]   step 25353
[ 79%]   step 25354
[ 79%]   step 25355
[ 79%]   step 25356
[ 79%]   step 25357
[ 79%]   step 25358
[ 79%]   step 25359
[ 79%]   step 25360
[ 79%]   step 25361
[ 79%]   step 25362
[ 79%]   step 25363
[ 79%]   step 25364
[ 79%]   step 25365
[ 79%]   step 25366
[ 79%]   step 25367
[ 79%]   step 25368
[ 79%]   step 25369
[ 79%]   step 25370
[ 79%]   step 25371
[ 79%]   step 25372
[ 79%]   step 25373
[ 79%]   step 25374
[ 79%]   step 25375
[ 79%]   step 25376
[ 79%]   step 25377
[ 79%]   step 25378
[ 79%]   step 25379
[ 79%]   step 25380
[ 79%]   step 25381
[ 79%]   step 25382
[ 79%]   step 25383
[ 79%]   step 25384
[ 79%]   step 25385
[ 79%]   step 25386
+SWASH is processing output request    1
+SWASH is processing output request    2
[ 79%]   step 25387
[ 79%]   step 25388
[ 79%]   step 25389
[ 79%]   step 25390
[ 79%]   step 25391
[ 79%]   step 25392
[ 79%]   step 25393
[ 79%]   step 25394
[ 79%]   step 25395
[ 79%]   step 25396
[ 79%]   step 25397
[ 79%]   step 25398
[ 79%]   step 25399
[ 79%]   step 25400
[ 79%]   step 25401
[ 79%]   step 25402
[ 79%]   step 25403
[ 79%]   step 25404
[ 79%]   step 25405
[ 79%]   step 25406
[ 79%]   step 25407
[ 79%]   step 25408
[ 79%]   step 25409
[ 79%]   step 25410
[ 79%]   step 25411
[ 79%]   step 25412
[ 79%]   step 25413
[ 79%]   step 25414
[ 79%]   step 25415
[ 79%]   step 25416
[ 79%]   step 25417
[ 79%]   step 25418
[ 79%]   step 25419
[ 79%]   step 25420
[ 79%]   step 25421
[ 79%]   step 25422
[ 79%]   step 25423
[ 79%]   step 25424
[ 79%]   step 25425
[ 79%]   step 25426
[ 79%]   step 25427
+SWASH is processing output request    1
+SWASH is processing output request    2
[ 79%]   step 25428
[ 79%]   step 25429
[ 79%]   step 25430
[ 79%]   step 25431
[ 79%]   step 25432
[ 79%]   step 25433
[ 79%]   step 25434
[ 79%]   step 25435
[ 79%]   step 25436
[ 79%]   step 25437
[ 79%]   step 25438
[ 79%]   step 25439
[ 79%]   step 25440
[ 79%]   step 25441
[ 79%]   step 25442
[ 79%]   step 25443
[ 79%]   step 25444
[ 79%]   step 25445
[ 79%]   step 25446
[ 79%]   step 25447
[ 79%]   step 25448
[ 79%]   step 25449
[ 79%]   step 25450
[ 79%]   step 25451
[ 79%]   step 25452
[ 79%]   step 25453
[ 79%]   step 25454
[ 79%]   step 25455
[ 79%]   step 25456
[ 79%]   step 25457
[ 79%]   step 25458
[ 79%]   step 25459
[ 79%]   step 25460
[ 79%]   step 25461
[ 79%]   step 25462
[ 79%]   step 25463
[ 79%]   step 25464
[ 79%]   step 25465
[ 79%]   step 25466
[ 79%]   step 25467
[ 79%]   step 25468
+SWASH is processing output request    1
+SWASH is processing output request    2
[ 79%]   step 25469
[ 79%]   step 25470
[ 79%]   step 25471
[ 79%]   step 25472
[ 80%]   step 25473
[ 80%]   step 25474
[ 80%]   step 25475
[ 80%]   step 25476
[ 80%]   step 25477
[ 80%]   step 25478
[ 80%]   step 25479
[ 80%]   step 25480
[ 80%]   step 25481
[ 80%]   step 25482
[ 80%]   step 25483
[ 80%]   step 25484
[ 80%]   step 25485
[ 80%]   step 25486
[ 80%]   step 25487
[ 80%]   step 25488
[ 80%]   step 25489
[ 80%]   step 25490
[ 80%]   step 25491
[ 80%]   step 25492
[ 80%]   step 25493
[ 80%]   step 25494
[ 80%]   step 25495
[ 80%]   step 25496
[ 80%]   step 25497
[ 80%]   step 25498
[ 80%]   step 25499
[ 80%]   step 25500
[ 80%]   step 25501
[ 80%]   step 25502
[ 80%]   step 25503
[ 80%]   step 25504
[ 80%]   step 25505
[ 80%]   step 25506
[ 80%]   step 25507
[ 80%]   step 25508
[ 80%]   step 25509
[ 80%]   step 25510
+SWASH is processing output request    1
+SWASH is processing output request    2
[ 80%]   step 25511
[ 80%]   step 25512
[ 80%]   step 25513
[ 80%]   step 25514
[ 80%]   step 25515
[ 80%]   step 25516
[ 80%]   step 25517
[ 80%]   step 25518
[ 80%]   step 25519
[ 80%]   step 25520
[ 80%]   step 25521
[ 80%]   step 25522
[ 80%]   step 25523
[ 80%]   step 25524
[ 80%]   step 25525
[ 80%]   step 25526
[ 80%]   step 25527
[ 80%]   step 25528
[ 80%]   step 25529
[ 80%]   step 25530
[ 80%]   step 25531
[ 80%]   step 25532
[ 80%]   step 25533
[ 80%]   step 25534
[ 80%]   step 25535
[ 80%]   step 25536
[ 80%]   step 25537
[ 80%]   step 25538
[ 80%]   step 25539
[ 80%]   step 25540
[ 80%]   step 25541
[ 80%]   step 25542
[ 80%]   step 25543
[ 80%]   step 25544
[ 80%]   step 25545
[ 80%]   step 25546
[ 80%]   step 25547
[ 80%]   step 25548
[ 80%]   step 25549
[ 80%]   step 25550
[ 80%]   step 25551
+SWASH is processing output request    1
+SWASH is processing output request    2
[ 80%]   step 25552
[ 80%]   step 25553
[ 80%]   step 25554
[ 80%]   step 25555
[ 80%]   step 25556
[ 80%]   step 25557
[ 80%]   step 25558
[ 80%]   step 25559
[ 80%]   step 25560
[ 80%]   step 25561
[ 80%]   step 25562
[ 80%]   step 25563
[ 80%]   step 25564
[ 80%]   step 25565
[ 80%]   step 25566
[ 80%]   step 25567
[ 80%]   step 25568
[ 80%]   step 25569
[ 80%]   step 25570
[ 80%]   step 25571
[ 80%]   step 25572
[ 80%]   step 25573
[ 80%]   step 25574
[ 80%]   step 25575
[ 80%]   step 25576
[ 80%]   step 25577
[ 80%]   step 25578
[ 80%]   step 25579
[ 80%]   step 25580
[ 80%]   step 25581
[ 80%]   step 25582
[ 80%]   step 25583
[ 80%]   step 25584
[ 80%]   step 25585
[ 80%]   step 25586
[ 80%]   step 25587
[ 80%]   step 25588
[ 80%]   step 25589
[ 80%]   step 25590
[ 80%]   step 25591
[ 80%]   step 25592
+SWASH is processing output request    1
+SWASH is processing output request    2
[ 80%]   step 25593
[ 80%]   step 25594
[ 80%]   step 25595
[ 80%]   step 25596
[ 80%]   step 25597
[ 80%]   step 25598
[ 80%]   step 25599
[ 80%]   step 25600
[ 80%]   step 25601
[ 80%]   step 25602
[ 80%]   step 25603
[ 80%]   step 25604
[ 80%]   step 25605
[ 80%]   step 25606
[ 80%]   step 25607
[ 80%]   step 25608
[ 80%]   step 25609
[ 80%]   step 25610
[ 80%]   step 25611
[ 80%]   step 25612
[ 80%]   step 25613
[ 80%]   step 25614
[ 80%]   step 25615
[ 80%]   step 25616
[ 80%]   step 25617
[ 80%]   step 25618
[ 80%]   step 25619
[ 80%]   step 25620
[ 80%]   step 25621
[ 80%]   step 25622
[ 80%]   step 25623
[ 80%]   step 25624
[ 80%]   step 25625
[ 80%]   step 25626
[ 80%]   step 25627
[ 80%]   step 25628
[ 80%]   step 25629
[ 80%]   step 25630
[ 80%]   step 25631
[ 80%]   step 25632
[ 80%]   step 25633
+SWASH is processing output request    1
+SWASH is processing output request    2
[ 80%]   step 25634
[ 80%]   step 25635
[ 80%]   step 25636
[ 80%]   step 25637
[ 80%]   step 25638
[ 80%]   step 25639
[ 80%]   step 25640
[ 80%]   step 25641
[ 80%]   step 25642
[ 80%]   step 25643
[ 80%]   step 25644
[ 80%]   step 25645
[ 80%]   step 25646
[ 80%]   step 25647
[ 80%]   step 25648
[ 80%]   step 25649
[ 80%]   step 25650
[ 80%]   step 25651
[ 80%]   step 25652
[ 80%]   step 25653
[ 80%]   step 25654
[ 80%]   step 25655
[ 80%]   step 25656
[ 80%]   step 25657
[ 80%]   step 25658
[ 80%]   step 25659
[ 80%]   step 25660
[ 80%]   step 25661
[ 80%]   step 25662
[ 80%]   step 25663
[ 80%]   step 25664
[ 80%]   step 25665
[ 80%]   step 25666
[ 80%]   step 25667
[ 80%]   step 25668
[ 80%]   step 25669
[ 80%]   step 25670
[ 80%]   step 25671
[ 80%]   step 25672
[ 80%]   step 25673
[ 80%]   step 25674
+SWASH is processing output request    1
+SWASH is processing output request    2
[ 80%]   step 25675
[ 80%]   step 25676
[ 80%]   step 25677
[ 80%]   step 25678
[ 80%]   step 25679
[ 80%]   step 25680
[ 80%]   step 25681
[ 80%]   step 25682
[ 80%]   step 25683
[ 80%]   step 25684
[ 80%]   step 25685
[ 80%]   step 25686
[ 80%]   step 25687
[ 80%]   step 25688
[ 80%]   step 25689
[ 80%]   step 25690
[ 80%]   step 25691
[ 80%]   step 25692
[ 80%]   step 25693
[ 80%]   step 25694
[ 80%]   step 25695
[ 80%]   step 25696
[ 80%]   step 25697
[ 80%]   step 25698
[ 80%]   step 25699
[ 80%]   step 25700
[ 80%]   step 25701
[ 80%]   step 25702
[ 80%]   step 25703
[ 80%]   step 25704
[ 80%]   step 25705
[ 80%]   step 25706
[ 80%]   step 25707
[ 80%]   step 25708
[ 80%]   step 25709
[ 80%]   step 25710
[ 80%]   step 25711
[ 80%]   step 25712
[ 80%]   step 25713
[ 80%]   step 25714
[ 80%]   step 25715
+SWASH is processing output request    1
+SWASH is processing output request    2
[ 80%]   step 25716
[ 80%]   step 25717
[ 80%]   step 25718
[ 80%]   step 25719
[ 80%]   step 25720
[ 80%]   step 25721
[ 80%]   step 25722
[ 80%]   step 25723
[ 80%]   step 25724
[ 80%]   step 25725
[ 80%]   step 25726
[ 80%]   step 25727
[ 80%]   step 25728
[ 80%]   step 25729
[ 80%]   step 25730
[ 80%]   step 25731
[ 80%]   step 25732
[ 80%]   step 25733
[ 80%]   step 25734
[ 80%]   step 25735
[ 80%]   step 25736
[ 80%]   step 25737
[ 80%]   step 25738
[ 80%]   step 25739
[ 80%]   step 25740
[ 80%]   step 25741
[ 80%]   step 25742
[ 80%]   step 25743
[ 80%]   step 25744
[ 80%]   step 25745
[ 80%]   step 25746
[ 80%]   step 25747
[ 80%]   step 25748
[ 80%]   step 25749
[ 80%]   step 25750
[ 80%]   step 25751
[ 80%]   step 25752
[ 80%]   step 25753
[ 80%]   step 25754
[ 80%]   step 25755
[ 80%]   step 25756
+SWASH is processing output request    1
+SWASH is processing output request    2
[ 80%]   step 25757
[ 80%]   step 25758
[ 80%]   step 25759
[ 80%]   step 25760
[ 80%]   step 25761
[ 80%]   step 25762
[ 80%]   step 25763
[ 80%]   step 25764
[ 80%]   step 25765
[ 80%]   step 25766
[ 80%]   step 25767
[ 80%]   step 25768
[ 80%]   step 25769
[ 80%]   step 25770
[ 80%]   step 25771
[ 80%]   step 25772
[ 80%]   step 25773
[ 80%]   step 25774
[ 80%]   step 25775
[ 80%]   step 25776
[ 80%]   step 25777
[ 80%]   step 25778
[ 80%]   step 25779
[ 80%]   step 25780
[ 80%]   step 25781
[ 80%]   step 25782
[ 80%]   step 25783
[ 80%]   step 25784
[ 80%]   step 25785
[ 80%]   step 25786
[ 80%]   step 25787
[ 80%]   step 25788
[ 80%]   step 25789
[ 80%]   step 25790
[ 80%]   step 25791
[ 80%]   step 25792
[ 81%]   step 25793
[ 81%]   step 25794
[ 81%]   step 25795
[ 81%]   step 25796
[ 81%]   step 25797
+SWASH is processing output request    1
+SWASH is processing output request    2
[ 81%]   step 25798
[ 81%]   step 25799
[ 81%]   step 25800
[ 81%]   step 25801
[ 81%]   step 25802
[ 81%]   step 25803
[ 81%]   step 25804
[ 81%]   step 25805
[ 81%]   step 25806
[ 81%]   step 25807
[ 81%]   step 25808
[ 81%]   step 25809
[ 81%]   step 25810
[ 81%]   step 25811
[ 81%]   step 25812
[ 81%]   step 25813
[ 81%]   step 25814
[ 81%]   step 25815
[ 81%]   step 25816
[ 81%]   step 25817
[ 81%]   step 25818
[ 81%]   step 25819
[ 81%]   step 25820
[ 81%]   step 25821
[ 81%]   step 25822
[ 81%]   step 25823
[ 81%]   step 25824
[ 81%]   step 25825
[ 81%]   step 25826
[ 81%]   step 25827
[ 81%]   step 25828
[ 81%]   step 25829
[ 81%]   step 25830
[ 81%]   step 25831
[ 81%]   step 25832
[ 81%]   step 25833
[ 81%]   step 25834
[ 81%]   step 25835
[ 81%]   step 25836
[ 81%]   step 25837
[ 81%]   step 25838
+SWASH is processing output request    1
+SWASH is processing output request    2
[ 81%]   step 25839
[ 81%]   step 25840
[ 81%]   step 25841
[ 81%]   step 25842
[ 81%]   step 25843
[ 81%]   step 25844
[ 81%]   step 25845
[ 81%]   step 25846
[ 81%]   step 25847
[ 81%]   step 25848
[ 81%]   step 25849
[ 81%]   step 25850
[ 81%]   step 25851
[ 81%]   step 25852
[ 81%]   step 25853
[ 81%]   step 25854
[ 81%]   step 25855
[ 81%]   step 25856
[ 81%]   step 25857
[ 81%]   step 25858
[ 81%]   step 25859
[ 81%]   step 25860
[ 81%]   step 25861
[ 81%]   step 25862
[ 81%]   step 25863
[ 81%]   step 25864
[ 81%]   step 25865
[ 81%]   step 25866
[ 81%]   step 25867
[ 81%]   step 25868
[ 81%]   step 25869
[ 81%]   step 25870
[ 81%]   step 25871
[ 81%]   step 25872
[ 81%]   step 25873
[ 81%]   step 25874
[ 81%]   step 25875
[ 81%]   step 25876
[ 81%]   step 25877
[ 81%]   step 25878
[ 81%]   step 25879
+SWASH is processing output request    1
+SWASH is processing output request    2
[ 81%]   step 25880
[ 81%]   step 25881
[ 81%]   step 25882
[ 81%]   step 25883
[ 81%]   step 25884
[ 81%]   step 25885
[ 81%]   step 25886
[ 81%]   step 25887
[ 81%]   step 25888
[ 81%]   step 25889
[ 81%]   step 25890
[ 81%]   step 25891
[ 81%]   step 25892
[ 81%]   step 25893
[ 81%]   step 25894
[ 81%]   step 25895
[ 81%]   step 25896
[ 81%]   step 25897
[ 81%]   step 25898
[ 81%]   step 25899
[ 81%]   step 25900
[ 81%]   step 25901
[ 81%]   step 25902
[ 81%]   step 25903
[ 81%]   step 25904
[ 81%]   step 25905
[ 81%]   step 25906
[ 81%]   step 25907
[ 81%]   step 25908
[ 81%]   step 25909
[ 81%]   step 25910
[ 81%]   step 25911
[ 81%]   step 25912
[ 81%]   step 25913
[ 81%]   step 25914
[ 81%]   step 25915
[ 81%]   step 25916
[ 81%]   step 25917
[ 81%]   step 25918
[ 81%]   step 25919
[ 81%]   step 25920
+SWASH is processing output request    1
+SWASH is processing output request    2
[ 81%]   step 25921
[ 81%]   step 25922
[ 81%]   step 25923
[ 81%]   step 25924
[ 81%]   step 25925
[ 81%]   step 25926
[ 81%]   step 25927
[ 81%]   step 25928
[ 81%]   step 25929
[ 81%]   step 25930
[ 81%]   step 25931
[ 81%]   step 25932
[ 81%]   step 25933
[ 81%]   step 25934
[ 81%]   step 25935
[ 81%]   step 25936
[ 81%]   step 25937
[ 81%]   step 25938
[ 81%]   step 25939
[ 81%]   step 25940
[ 81%]   step 25941
[ 81%]   step 25942
[ 81%]   step 25943
[ 81%]   step 25944
[ 81%]   step 25945
[ 81%]   step 25946
[ 81%]   step 25947
[ 81%]   step 25948
[ 81%]   step 25949
[ 81%]   step 25950
[ 81%]   step 25951
[ 81%]   step 25952
[ 81%]   step 25953
[ 81%]   step 25954
[ 81%]   step 25955
[ 81%]   step 25956
[ 81%]   step 25957
[ 81%]   step 25958
[ 81%]   step 25959
[ 81%]   step 25960
[ 81%]   step 25961
+SWASH is processing output request    1
+SWASH is processing output request    2
[ 81%]   step 25962
[ 81%]   step 25963
[ 81%]   step 25964
[ 81%]   step 25965
[ 81%]   step 25966
[ 81%]   step 25967
[ 81%]   step 25968
[ 81%]   step 25969
[ 81%]   step 25970
[ 81%]   step 25971
[ 81%]   step 25972
[ 81%]   step 25973
[ 81%]   step 25974
[ 81%]   step 25975
[ 81%]   step 25976
[ 81%]   step 25977
[ 81%]   step 25978
[ 81%]   step 25979
[ 81%]   step 25980
[ 81%]   step 25981
[ 81%]   step 25982
[ 81%]   step 25983
[ 81%]   step 25984
[ 81%]   step 25985
[ 81%]   step 25986
[ 81%]   step 25987
[ 81%]   step 25988
[ 81%]   step 25989
[ 81%]   step 25990
[ 81%]   step 25991
[ 81%]   step 25992
[ 81%]   step 25993
[ 81%]   step 25994
[ 81%]   step 25995
[ 81%]   step 25996
[ 81%]   step 25997
[ 81%]   step 25998
[ 81%]   step 25999
[ 81%]   step 26000
[ 81%]   step 26001
[ 81%]   step 26002
+SWASH is processing output request    1
+SWASH is processing output request    2
[ 81%]   step 26003
[ 81%]   step 26004
[ 81%]   step 26005
[ 81%]   step 26006
[ 81%]   step 26007
[ 81%]   step 26008
[ 81%]   step 26009
[ 81%]   step 26010
[ 81%]   step 26011
[ 81%]   step 26012
[ 81%]   step 26013
[ 81%]   step 26014
[ 81%]   step 26015
[ 81%]   step 26016
[ 81%]   step 26017
[ 81%]   step 26018
[ 81%]   step 26019
[ 81%]   step 26020
[ 81%]   step 26021
[ 81%]   step 26022
[ 81%]   step 26023
[ 81%]   step 26024
[ 81%]   step 26025
[ 81%]   step 26026
[ 81%]   step 26027
[ 81%]   step 26028
[ 81%]   step 26029
[ 81%]   step 26030
[ 81%]   step 26031
[ 81%]   step 26032
[ 81%]   step 26033
[ 81%]   step 26034
[ 81%]   step 26035
[ 81%]   step 26036
[ 81%]   step 26037
[ 81%]   step 26038
[ 81%]   step 26039
[ 81%]   step 26040
[ 81%]   step 26041
[ 81%]   step 26042
[ 81%]   step 26043
[ 81%]   step 26044
+SWASH is processing output request    1
+SWASH is processing output request    2
[ 81%]   step 26045
[ 81%]   step 26046
[ 81%]   step 26047
[ 81%]   step 26048
[ 81%]   step 26049
[ 81%]   step 26050
[ 81%]   step 26051
[ 81%]   step 26052
[ 81%]   step 26053
[ 81%]   step 26054
[ 81%]   step 26055
[ 81%]   step 26056
[ 81%]   step 26057
[ 81%]   step 26058
[ 81%]   step 26059
[ 81%]   step 26060
[ 81%]   step 26061
[ 81%]   step 26062
[ 81%]   step 26063
[ 81%]   step 26064
[ 81%]   step 26065
[ 81%]   step 26066
[ 81%]   step 26067
[ 81%]   step 26068
[ 81%]   step 26069
[ 81%]   step 26070
[ 81%]   step 26071
[ 81%]   step 26072
[ 81%]   step 26073
[ 81%]   step 26074
[ 81%]   step 26075
[ 81%]   step 26076
[ 81%]   step 26077
[ 81%]   step 26078
[ 81%]   step 26079
[ 81%]   step 26080
[ 81%]   step 26081
[ 81%]   step 26082
[ 81%]   step 26083
[ 81%]   step 26084
[ 81%]   step 26085
+SWASH is processing output request    1
+SWASH is processing output request    2
[ 81%]   step 26086
[ 81%]   step 26087
[ 81%]   step 26088
[ 81%]   step 26089
[ 81%]   step 26090
[ 81%]   step 26091
[ 81%]   step 26092
[ 81%]   step 26093
[ 81%]   step 26094
[ 81%]   step 26095
[ 81%]   step 26096
[ 81%]   step 26097
[ 81%]   step 26098
[ 81%]   step 26099
[ 81%]   step 26100
[ 81%]   step 26101
[ 81%]   step 26102
[ 81%]   step 26103
[ 81%]   step 26104
[ 81%]   step 26105
[ 81%]   step 26106
[ 81%]   step 26107
[ 81%]   step 26108
[ 81%]   step 26109
[ 81%]   step 26110
[ 81%]   step 26111
[ 81%]   step 26112
[ 82%]   step 26113
[ 82%]   step 26114
[ 82%]   step 26115
[ 82%]   step 26116
[ 82%]   step 26117
[ 82%]   step 26118
[ 82%]   step 26119
[ 82%]   step 26120
[ 82%]   step 26121
[ 82%]   step 26122
[ 82%]   step 26123
[ 82%]   step 26124
[ 82%]   step 26125
[ 82%]   step 26126
+SWASH is processing output request    1
+SWASH is processing output request    2
[ 82%]   step 26127
[ 82%]   step 26128
[ 82%]   step 26129
[ 82%]   step 26130
[ 82%]   step 26131
[ 82%]   step 26132
[ 82%]   step 26133
[ 82%]   step 26134
[ 82%]   step 26135
[ 82%]   step 26136
[ 82%]   step 26137
[ 82%]   step 26138
[ 82%]   step 26139
[ 82%]   step 26140
[ 82%]   step 26141
[ 82%]   step 26142
[ 82%]   step 26143
[ 82%]   step 26144
[ 82%]   step 26145
[ 82%]   step 26146
[ 82%]   step 26147
[ 82%]   step 26148
[ 82%]   step 26149
[ 82%]   step 26150
[ 82%]   step 26151
[ 82%]   step 26152
[ 82%]   step 26153
[ 82%]   step 26154
[ 82%]   step 26155
[ 82%]   step 26156
[ 82%]   step 26157
[ 82%]   step 26158
[ 82%]   step 26159
[ 82%]   step 26160
[ 82%]   step 26161
[ 82%]   step 26162
[ 82%]   step 26163
[ 82%]   step 26164
[ 82%]   step 26165
[ 82%]   step 26166
[ 82%]   step 26167
+SWASH is processing output request    1
+SWASH is processing output request    2
[ 82%]   step 26168
[ 82%]   step 26169
[ 82%]   step 26170
[ 82%]   step 26171
[ 82%]   step 26172
[ 82%]   step 26173
[ 82%]   step 26174
[ 82%]   step 26175
[ 82%]   step 26176
[ 82%]   step 26177
[ 82%]   step 26178
[ 82%]   step 26179
[ 82%]   step 26180
[ 82%]   step 26181
[ 82%]   step 26182
[ 82%]   step 26183
[ 82%]   step 26184
[ 82%]   step 26185
[ 82%]   step 26186
[ 82%]   step 26187
[ 82%]   step 26188
[ 82%]   step 26189
[ 82%]   step 26190
[ 82%]   step 26191
[ 82%]   step 26192
[ 82%]   step 26193
[ 82%]   step 26194
[ 82%]   step 26195
[ 82%]   step 26196
[ 82%]   step 26197
[ 82%]   step 26198
[ 82%]   step 26199
[ 82%]   step 26200
[ 82%]   step 26201
[ 82%]   step 26202
[ 82%]   step 26203
[ 82%]   step 26204
[ 82%]   step 26205
[ 82%]   step 26206
[ 82%]   step 26207
[ 82%]   step 26208
+SWASH is processing output request    1
+SWASH is processing output request    2
[ 82%]   step 26209
[ 82%]   step 26210
[ 82%]   step 26211
[ 82%]   step 26212
[ 82%]   step 26213
[ 82%]   step 26214
[ 82%]   step 26215
[ 82%]   step 26216
[ 82%]   step 26217
[ 82%]   step 26218
[ 82%]   step 26219
[ 82%]   step 26220
[ 82%]   step 26221
[ 82%]   step 26222
[ 82%]   step 26223
[ 82%]   step 26224
[ 82%]   step 26225
[ 82%]   step 26226
[ 82%]   step 26227
[ 82%]   step 26228
[ 82%]   step 26229
[ 82%]   step 26230
[ 82%]   step 26231
[ 82%]   step 26232
[ 82%]   step 26233
[ 82%]   step 26234
[ 82%]   step 26235
[ 82%]   step 26236
[ 82%]   step 26237
[ 82%]   step 26238
[ 82%]   step 26239
[ 82%]   step 26240
[ 82%]   step 26241
[ 82%]   step 26242
[ 82%]   step 26243
[ 82%]   step 26244
[ 82%]   step 26245
[ 82%]   step 26246
[ 82%]   step 26247
[ 82%]   step 26248
[ 82%]   step 26249
+SWASH is processing output request    1
+SWASH is processing output request    2
[ 82%]   step 26250
[ 82%]   step 26251
[ 82%]   step 26252
[ 82%]   step 26253
[ 82%]   step 26254
[ 82%]   step 26255
[ 82%]   step 26256
[ 82%]   step 26257
[ 82%]   step 26258
[ 82%]   step 26259
[ 82%]   step 26260
[ 82%]   step 26261
[ 82%]   step 26262
[ 82%]   step 26263
[ 82%]   step 26264
[ 82%]   step 26265
[ 82%]   step 26266
[ 82%]   step 26267
[ 82%]   step 26268
[ 82%]   step 26269
[ 82%]   step 26270
[ 82%]   step 26271
[ 82%]   step 26272
[ 82%]   step 26273
[ 82%]   step 26274
[ 82%]   step 26275
[ 82%]   step 26276
[ 82%]   step 26277
[ 82%]   step 26278
[ 82%]   step 26279
[ 82%]   step 26280
[ 82%]   step 26281
[ 82%]   step 26282
[ 82%]   step 26283
[ 82%]   step 26284
[ 82%]   step 26285
[ 82%]   step 26286
[ 82%]   step 26287
[ 82%]   step 26288
[ 82%]   step 26289
[ 82%]   step 26290
+SWASH is processing output request    1
+SWASH is processing output request    2
[ 82%]   step 26291
[ 82%]   step 26292
[ 82%]   step 26293
[ 82%]   step 26294
[ 82%]   step 26295
[ 82%]   step 26296
[ 82%]   step 26297
[ 82%]   step 26298
[ 82%]   step 26299
[ 82%]   step 26300
[ 82%]   step 26301
[ 82%]   step 26302
[ 82%]   step 26303
[ 82%]   step 26304
[ 82%]   step 26305
[ 82%]   step 26306
[ 82%]   step 26307
[ 82%]   step 26308
[ 82%]   step 26309
[ 82%]   step 26310
[ 82%]   step 26311
[ 82%]   step 26312
[ 82%]   step 26313
[ 82%]   step 26314
[ 82%]   step 26315
[ 82%]   step 26316
[ 82%]   step 26317
[ 82%]   step 26318
[ 82%]   step 26319
[ 82%]   step 26320
[ 82%]   step 26321
[ 82%]   step 26322
[ 82%]   step 26323
[ 82%]   step 26324
[ 82%]   step 26325
[ 82%]   step 26326
[ 82%]   step 26327
[ 82%]   step 26328
[ 82%]   step 26329
[ 82%]   step 26330
[ 82%]   step 26331
+SWASH is processing output request    1
+SWASH is processing output request    2
[ 82%]   step 26332
[ 82%]   step 26333
[ 82%]   step 26334
[ 82%]   step 26335
[ 82%]   step 26336
[ 82%]   step 26337
[ 82%]   step 26338
[ 82%]   step 26339
[ 82%]   step 26340
[ 82%]   step 26341
[ 82%]   step 26342
[ 82%]   step 26343
[ 82%]   step 26344
[ 82%]   step 26345
[ 82%]   step 26346
[ 82%]   step 26347
[ 82%]   step 26348
[ 82%]   step 26349
[ 82%]   step 26350
[ 82%]   step 26351
[ 82%]   step 26352
[ 82%]   step 26353
[ 82%]   step 26354
[ 82%]   step 26355
[ 82%]   step 26356
[ 82%]   step 26357
[ 82%]   step 26358
[ 82%]   step 26359
[ 82%]   step 26360
[ 82%]   step 26361
[ 82%]   step 26362
[ 82%]   step 26363
[ 82%]   step 26364
[ 82%]   step 26365
[ 82%]   step 26366
[ 82%]   step 26367
[ 82%]   step 26368
[ 82%]   step 26369
[ 82%]   step 26370
[ 82%]   step 26371
[ 82%]   step 26372
+SWASH is processing output request    1
+SWASH is processing output request    2
[ 82%]   step 26373
[ 82%]   step 26374
[ 82%]   step 26375
[ 82%]   step 26376
[ 82%]   step 26377
[ 82%]   step 26378
[ 82%]   step 26379
[ 82%]   step 26380
[ 82%]   step 26381
[ 82%]   step 26382
[ 82%]   step 26383
[ 82%]   step 26384
[ 82%]   step 26385
[ 82%]   step 26386
[ 82%]   step 26387
[ 82%]   step 26388
[ 82%]   step 26389
[ 82%]   step 26390
[ 82%]   step 26391
[ 82%]   step 26392
[ 82%]   step 26393
[ 82%]   step 26394
[ 82%]   step 26395
[ 82%]   step 26396
[ 82%]   step 26397
[ 82%]   step 26398
[ 82%]   step 26399
[ 82%]   step 26400
[ 82%]   step 26401
[ 82%]   step 26402
[ 82%]   step 26403
[ 82%]   step 26404
[ 82%]   step 26405
[ 82%]   step 26406
[ 82%]   step 26407
[ 82%]   step 26408
[ 82%]   step 26409
[ 82%]   step 26410
[ 82%]   step 26411
[ 82%]   step 26412
[ 82%]   step 26413
+SWASH is processing output request    1
+SWASH is processing output request    2
[ 82%]   step 26414
[ 82%]   step 26415
[ 82%]   step 26416
[ 82%]   step 26417
[ 82%]   step 26418
[ 82%]   step 26419
[ 82%]   step 26420
[ 82%]   step 26421
[ 82%]   step 26422
[ 82%]   step 26423
[ 82%]   step 26424
[ 82%]   step 26425
[ 82%]   step 26426
[ 82%]   step 26427
[ 82%]   step 26428
[ 82%]   step 26429
[ 82%]   step 26430
[ 82%]   step 26431
[ 82%]   step 26432
[ 82%]   step 26433
[ 83%]   step 26434
[ 83%]   step 26435
[ 83%]   step 26436
[ 83%]   step 26437
[ 83%]   step 26438
[ 83%]   step 26439
[ 83%]   step 26440
[ 83%]   step 26441
[ 83%]   step 26442
[ 83%]   step 26443
[ 83%]   step 26444
[ 83%]   step 26445
[ 83%]   step 26446
[ 83%]   step 26447
[ 83%]   step 26448
[ 83%]   step 26449
[ 83%]   step 26450
[ 83%]   step 26451
[ 83%]   step 26452
[ 83%]   step 26453
[ 83%]   step 26454
+SWASH is processing output request    1
+SWASH is processing output request    2
[ 83%]   step 26455
[ 83%]   step 26456
[ 83%]   step 26457
[ 83%]   step 26458
[ 83%]   step 26459
[ 83%]   step 26460
[ 83%]   step 26461
[ 83%]   step 26462
[ 83%]   step 26463
[ 83%]   step 26464
[ 83%]   step 26465
[ 83%]   step 26466
[ 83%]   step 26467
[ 83%]   step 26468
[ 83%]   step 26469
[ 83%]   step 26470
[ 83%]   step 26471
[ 83%]   step 26472
[ 83%]   step 26473
[ 83%]   step 26474
[ 83%]   step 26475
[ 83%]   step 26476
[ 83%]   step 26477
[ 83%]   step 26478
[ 83%]   step 26479
[ 83%]   step 26480
[ 83%]   step 26481
[ 83%]   step 26482
[ 83%]   step 26483
[ 83%]   step 26484
[ 83%]   step 26485
[ 83%]   step 26486
[ 83%]   step 26487
[ 83%]   step 26488
[ 83%]   step 26489
[ 83%]   step 26490
[ 83%]   step 26491
[ 83%]   step 26492
[ 83%]   step 26493
[ 83%]   step 26494
[ 83%]   step 26495
+SWASH is processing output request    1
+SWASH is processing output request    2
[ 83%]   step 26496
[ 83%]   step 26497
[ 83%]   step 26498
[ 83%]   step 26499
[ 83%]   step 26500
[ 83%]   step 26501
[ 83%]   step 26502
[ 83%]   step 26503
[ 83%]   step 26504
[ 83%]   step 26505
[ 83%]   step 26506
[ 83%]   step 26507
[ 83%]   step 26508
[ 83%]   step 26509
[ 83%]   step 26510
[ 83%]   step 26511
[ 83%]   step 26512
[ 83%]   step 26513
[ 83%]   step 26514
[ 83%]   step 26515
[ 83%]   step 26516
[ 83%]   step 26517
[ 83%]   step 26518
[ 83%]   step 26519
[ 83%]   step 26520
[ 83%]   step 26521
[ 83%]   step 26522
[ 83%]   step 26523
[ 83%]   step 26524
[ 83%]   step 26525
[ 83%]   step 26526
[ 83%]   step 26527
[ 83%]   step 26528
[ 83%]   step 26529
[ 83%]   step 26530
[ 83%]   step 26531
[ 83%]   step 26532
[ 83%]   step 26533
[ 83%]   step 26534
[ 83%]   step 26535
[ 83%]   step 26536
+SWASH is processing output request    1
+SWASH is processing output request    2
[ 83%]   step 26537
[ 83%]   step 26538
[ 83%]   step 26539
[ 83%]   step 26540
[ 83%]   step 26541
[ 83%]   step 26542
[ 83%]   step 26543
[ 83%]   step 26544
[ 83%]   step 26545
[ 83%]   step 26546
[ 83%]   step 26547
[ 83%]   step 26548
[ 83%]   step 26549
[ 83%]   step 26550
[ 83%]   step 26551
[ 83%]   step 26552
[ 83%]   step 26553
[ 83%]   step 26554
[ 83%]   step 26555
[ 83%]   step 26556
[ 83%]   step 26557
[ 83%]   step 26558
[ 83%]   step 26559
[ 83%]   step 26560
[ 83%]   step 26561
[ 83%]   step 26562
[ 83%]   step 26563
[ 83%]   step 26564
[ 83%]   step 26565
[ 83%]   step 26566
[ 83%]   step 26567
[ 83%]   step 26568
[ 83%]   step 26569
[ 83%]   step 26570
[ 83%]   step 26571
[ 83%]   step 26572
[ 83%]   step 26573
[ 83%]   step 26574
[ 83%]   step 26575
[ 83%]   step 26576
[ 83%]   step 26577
[ 83%]   step 26578
+SWASH is processing output request    1
+SWASH is processing output request    2
[ 83%]   step 26579
[ 83%]   step 26580
[ 83%]   step 26581
[ 83%]   step 26582
[ 83%]   step 26583
[ 83%]   step 26584
[ 83%]   step 26585
[ 83%]   step 26586
[ 83%]   step 26587
[ 83%]   step 26588
[ 83%]   step 26589
[ 83%]   step 26590
[ 83%]   step 26591
[ 83%]   step 26592
[ 83%]   step 26593
[ 83%]   step 26594
[ 83%]   step 26595
[ 83%]   step 26596
[ 83%]   step 26597
[ 83%]   step 26598
[ 83%]   step 26599
[ 83%]   step 26600
[ 83%]   step 26601
[ 83%]   step 26602
[ 83%]   step 26603
[ 83%]   step 26604
[ 83%]   step 26605
[ 83%]   step 26606
[ 83%]   step 26607
[ 83%]   step 26608
[ 83%]   step 26609
[ 83%]   step 26610
[ 83%]   step 26611
[ 83%]   step 26612
[ 83%]   step 26613
[ 83%]   step 26614
[ 83%]   step 26615
[ 83%]   step 26616
[ 83%]   step 26617
[ 83%]   step 26618
[ 83%]   step 26619
+SWASH is processing output request    1
+SWASH is processing output request    2
[ 83%]   step 26620
[ 83%]   step 26621
[ 83%]   step 26622
[ 83%]   step 26623
[ 83%]   step 26624
[ 83%]   step 26625
[ 83%]   step 26626
[ 83%]   step 26627
[ 83%]   step 26628
[ 83%]   step 26629
[ 83%]   step 26630
[ 83%]   step 26631
[ 83%]   step 26632
[ 83%]   step 26633
[ 83%]   step 26634
[ 83%]   step 26635
[ 83%]   step 26636
[ 83%]   step 26637
[ 83%]   step 26638
[ 83%]   step 26639
[ 83%]   step 26640
[ 83%]   step 26641
[ 83%]   step 26642
[ 83%]   step 26643
[ 83%]   step 26644
[ 83%]   step 26645
[ 83%]   step 26646
[ 83%]   step 26647
[ 83%]   step 26648
[ 83%]   step 26649
[ 83%]   step 26650
[ 83%]   step 26651
[ 83%]   step 26652
[ 83%]   step 26653
[ 83%]   step 26654
[ 83%]   step 26655
[ 83%]   step 26656
[ 83%]   step 26657
[ 83%]   step 26658
[ 83%]   step 26659
[ 83%]   step 26660
+SWASH is processing output request    1
+SWASH is processing output request    2
[ 83%]   step 26661
[ 83%]   step 26662
[ 83%]   step 26663
[ 83%]   step 26664
[ 83%]   step 26665
[ 83%]   step 26666
[ 83%]   step 26667
[ 83%]   step 26668
[ 83%]   step 26669
[ 83%]   step 26670
[ 83%]   step 26671
[ 83%]   step 26672
[ 83%]   step 26673
[ 83%]   step 26674
[ 83%]   step 26675
[ 83%]   step 26676
[ 83%]   step 26677
[ 83%]   step 26678
[ 83%]   step 26679
[ 83%]   step 26680
[ 83%]   step 26681
[ 83%]   step 26682
[ 83%]   step 26683
[ 83%]   step 26684
[ 83%]   step 26685
[ 83%]   step 26686
[ 83%]   step 26687
[ 83%]   step 26688
[ 83%]   step 26689
[ 83%]   step 26690
[ 83%]   step 26691
[ 83%]   step 26692
[ 83%]   step 26693
[ 83%]   step 26694
[ 83%]   step 26695
[ 83%]   step 26696
[ 83%]   step 26697
[ 83%]   step 26698
[ 83%]   step 26699
[ 83%]   step 26700
[ 83%]   step 26701
+SWASH is processing output request    1
+SWASH is processing output request    2
[ 83%]   step 26702
[ 83%]   step 26703
[ 83%]   step 26704
[ 83%]   step 26705
[ 83%]   step 26706
[ 83%]   step 26707
[ 83%]   step 26708
[ 83%]   step 26709
[ 83%]   step 26710
[ 83%]   step 26711
[ 83%]   step 26712
[ 83%]   step 26713
[ 83%]   step 26714
[ 83%]   step 26715
[ 83%]   step 26716
[ 83%]   step 26717
[ 83%]   step 26718
[ 83%]   step 26719
[ 83%]   step 26720
[ 83%]   step 26721
[ 83%]   step 26722
[ 83%]   step 26723
[ 83%]   step 26724
[ 83%]   step 26725
[ 83%]   step 26726
[ 83%]   step 26727
[ 83%]   step 26728
[ 83%]   step 26729
[ 83%]   step 26730
[ 83%]   step 26731
[ 83%]   step 26732
[ 83%]   step 26733
[ 83%]   step 26734
[ 83%]   step 26735
[ 83%]   step 26736
[ 83%]   step 26737
[ 83%]   step 26738
[ 83%]   step 26739
[ 83%]   step 26740
[ 83%]   step 26741
[ 83%]   step 26742
+SWASH is processing output request    1
+SWASH is processing output request    2
[ 83%]   step 26743
[ 83%]   step 26744
[ 83%]   step 26745
[ 83%]   step 26746
[ 83%]   step 26747
[ 83%]   step 26748
[ 83%]   step 26749
[ 83%]   step 26750
[ 83%]   step 26751
[ 83%]   step 26752
[ 83%]   step 26753
[ 84%]   step 26754
[ 84%]   step 26755
[ 84%]   step 26756
[ 84%]   step 26757
[ 84%]   step 26758
[ 84%]   step 26759
[ 84%]   step 26760
[ 84%]   step 26761
[ 84%]   step 26762
[ 84%]   step 26763
[ 84%]   step 26764
[ 84%]   step 26765
[ 84%]   step 26766
[ 84%]   step 26767
[ 84%]   step 26768
[ 84%]   step 26769
[ 84%]   step 26770
[ 84%]   step 26771
[ 84%]   step 26772
[ 84%]   step 26773
[ 84%]   step 26774
[ 84%]   step 26775
[ 84%]   step 26776
[ 84%]   step 26777
[ 84%]   step 26778
[ 84%]   step 26779
[ 84%]   step 26780
[ 84%]   step 26781
[ 84%]   step 26782
[ 84%]   step 26783
+SWASH is processing output request    1
+SWASH is processing output request    2
[ 84%]   step 26784
[ 84%]   step 26785
[ 84%]   step 26786
[ 84%]   step 26787
[ 84%]   step 26788
[ 84%]   step 26789
[ 84%]   step 26790
[ 84%]   step 26791
[ 84%]   step 26792
[ 84%]   step 26793
[ 84%]   step 26794
[ 84%]   step 26795
[ 84%]   step 26796
[ 84%]   step 26797
[ 84%]   step 26798
[ 84%]   step 26799
[ 84%]   step 26800
[ 84%]   step 26801
[ 84%]   step 26802
[ 84%]   step 26803
[ 84%]   step 26804
[ 84%]   step 26805
[ 84%]   step 26806
[ 84%]   step 26807
[ 84%]   step 26808
[ 84%]   step 26809
[ 84%]   step 26810
[ 84%]   step 26811
[ 84%]   step 26812
[ 84%]   step 26813
[ 84%]   step 26814
[ 84%]   step 26815
[ 84%]   step 26816
[ 84%]   step 26817
[ 84%]   step 26818
[ 84%]   step 26819
[ 84%]   step 26820
[ 84%]   step 26821
[ 84%]   step 26822
[ 84%]   step 26823
[ 84%]   step 26824
+SWASH is processing output request    1
+SWASH is processing output request    2
[ 84%]   step 26825
[ 84%]   step 26826
[ 84%]   step 26827
[ 84%]   step 26828
[ 84%]   step 26829
[ 84%]   step 26830
[ 84%]   step 26831
[ 84%]   step 26832
[ 84%]   step 26833
[ 84%]   step 26834
[ 84%]   step 26835
[ 84%]   step 26836
[ 84%]   step 26837
[ 84%]   step 26838
[ 84%]   step 26839
[ 84%]   step 26840
[ 84%]   step 26841
[ 84%]   step 26842
[ 84%]   step 26843
[ 84%]   step 26844
[ 84%]   step 26845
[ 84%]   step 26846
[ 84%]   step 26847
[ 84%]   step 26848
[ 84%]   step 26849
[ 84%]   step 26850
[ 84%]   step 26851
[ 84%]   step 26852
[ 84%]   step 26853
[ 84%]   step 26854
[ 84%]   step 26855
[ 84%]   step 26856
[ 84%]   step 26857
[ 84%]   step 26858
[ 84%]   step 26859
[ 84%]   step 26860
[ 84%]   step 26861
[ 84%]   step 26862
[ 84%]   step 26863
[ 84%]   step 26864
[ 84%]   step 26865
+SWASH is processing output request    1
+SWASH is processing output request    2
[ 84%]   step 26866
[ 84%]   step 26867
[ 84%]   step 26868
[ 84%]   step 26869
[ 84%]   step 26870
[ 84%]   step 26871
[ 84%]   step 26872
[ 84%]   step 26873
[ 84%]   step 26874
[ 84%]   step 26875
[ 84%]   step 26876
[ 84%]   step 26877
[ 84%]   step 26878
[ 84%]   step 26879
[ 84%]   step 26880
[ 84%]   step 26881
[ 84%]   step 26882
[ 84%]   step 26883
[ 84%]   step 26884
[ 84%]   step 26885
[ 84%]   step 26886
[ 84%]   step 26887
[ 84%]   step 26888
[ 84%]   step 26889
[ 84%]   step 26890
[ 84%]   step 26891
[ 84%]   step 26892
[ 84%]   step 26893
[ 84%]   step 26894
[ 84%]   step 26895
[ 84%]   step 26896
[ 84%]   step 26897
[ 84%]   step 26898
[ 84%]   step 26899
[ 84%]   step 26900
[ 84%]   step 26901
[ 84%]   step 26902
[ 84%]   step 26903
[ 84%]   step 26904
[ 84%]   step 26905
[ 84%]   step 26906
+SWASH is processing output request    1
+SWASH is processing output request    2
[ 84%]   step 26907
[ 84%]   step 26908
[ 84%]   step 26909
[ 84%]   step 26910
[ 84%]   step 26911
[ 84%]   step 26912
[ 84%]   step 26913
[ 84%]   step 26914
[ 84%]   step 26915
[ 84%]   step 26916
[ 84%]   step 26917
[ 84%]   step 26918
[ 84%]   step 26919
[ 84%]   step 26920
[ 84%]   step 26921
[ 84%]   step 26922
[ 84%]   step 26923
[ 84%]   step 26924
[ 84%]   step 26925
[ 84%]   step 26926
[ 84%]   step 26927
[ 84%]   step 26928
[ 84%]   step 26929
[ 84%]   step 26930
[ 84%]   step 26931
[ 84%]   step 26932
[ 84%]   step 26933
[ 84%]   step 26934
[ 84%]   step 26935
[ 84%]   step 26936
[ 84%]   step 26937
[ 84%]   step 26938
[ 84%]   step 26939
[ 84%]   step 26940
[ 84%]   step 26941
[ 84%]   step 26942
[ 84%]   step 26943
[ 84%]   step 26944
[ 84%]   step 26945
[ 84%]   step 26946
[ 84%]   step 26947
+SWASH is processing output request    1
+SWASH is processing output request    2
[ 84%]   step 26948
[ 84%]   step 26949
[ 84%]   step 26950
[ 84%]   step 26951
[ 84%]   step 26952
[ 84%]   step 26953
[ 84%]   step 26954
[ 84%]   step 26955
[ 84%]   step 26956
[ 84%]   step 26957
[ 84%]   step 26958
[ 84%]   step 26959
[ 84%]   step 26960
[ 84%]   step 26961
[ 84%]   step 26962
[ 84%]   step 26963
[ 84%]   step 26964
[ 84%]   step 26965
[ 84%]   step 26966
[ 84%]   step 26967
[ 84%]   step 26968
[ 84%]   step 26969
[ 84%]   step 26970
[ 84%]   step 26971
[ 84%]   step 26972
[ 84%]   step 26973
[ 84%]   step 26974
[ 84%]   step 26975
[ 84%]   step 26976
[ 84%]   step 26977
[ 84%]   step 26978
[ 84%]   step 26979
[ 84%]   step 26980
[ 84%]   step 26981
[ 84%]   step 26982
[ 84%]   step 26983
[ 84%]   step 26984
[ 84%]   step 26985
[ 84%]   step 26986
[ 84%]   step 26987
[ 84%]   step 26988
+SWASH is processing output request    1
+SWASH is processing output request    2
[ 84%]   step 26989
[ 84%]   step 26990
[ 84%]   step 26991
[ 84%]   step 26992
[ 84%]   step 26993
[ 84%]   step 26994
[ 84%]   step 26995
[ 84%]   step 26996
[ 84%]   step 26997
[ 84%]   step 26998
[ 84%]   step 26999
[ 84%]   step 27000
[ 84%]   step 27001
[ 84%]   step 27002
[ 84%]   step 27003
[ 84%]   step 27004
[ 84%]   step 27005
[ 84%]   step 27006
[ 84%]   step 27007
[ 84%]   step 27008
[ 84%]   step 27009
[ 84%]   step 27010
[ 84%]   step 27011
[ 84%]   step 27012
[ 84%]   step 27013
[ 84%]   step 27014
[ 84%]   step 27015
[ 84%]   step 27016
[ 84%]   step 27017
[ 84%]   step 27018
[ 84%]   step 27019
[ 84%]   step 27020
[ 84%]   step 27021
[ 84%]   step 27022
[ 84%]   step 27023
[ 84%]   step 27024
[ 84%]   step 27025
[ 84%]   step 27026
[ 84%]   step 27027
[ 84%]   step 27028
[ 84%]   step 27029
+SWASH is processing output request    1
+SWASH is processing output request    2
[ 84%]   step 27030
[ 84%]   step 27031
[ 84%]   step 27032
[ 84%]   step 27033
[ 84%]   step 27034
[ 84%]   step 27035
[ 84%]   step 27036
[ 84%]   step 27037
[ 84%]   step 27038
[ 84%]   step 27039
[ 84%]   step 27040
[ 84%]   step 27041
[ 84%]   step 27042
[ 84%]   step 27043
[ 84%]   step 27044
[ 84%]   step 27045
[ 84%]   step 27046
[ 84%]   step 27047
[ 84%]   step 27048
[ 84%]   step 27049
[ 84%]   step 27050
[ 84%]   step 27051
[ 84%]   step 27052
[ 84%]   step 27053
[ 84%]   step 27054
[ 84%]   step 27055
[ 84%]   step 27056
[ 84%]   step 27057
[ 84%]   step 27058
[ 84%]   step 27059
[ 84%]   step 27060
[ 84%]   step 27061
[ 84%]   step 27062
[ 84%]   step 27063
[ 84%]   step 27064
[ 84%]   step 27065
[ 84%]   step 27066
[ 84%]   step 27067
[ 84%]   step 27068
[ 84%]   step 27069
[ 84%]   step 27070
[ 84%]   step 27071
+SWASH is processing output request    1
+SWASH is processing output request    2
[ 84%]   step 27072
[ 84%]   step 27073
[ 84%]   step 27074
[ 85%]   step 27075
[ 85%]   step 27076
[ 85%]   step 27077
[ 85%]   step 27078
[ 85%]   step 27079
[ 85%]   step 27080
[ 85%]   step 27081
[ 85%]   step 27082
[ 85%]   step 27083
[ 85%]   step 27084
[ 85%]   step 27085
[ 85%]   step 27086
[ 85%]   step 27087
[ 85%]   step 27088
[ 85%]   step 27089
[ 85%]   step 27090
[ 85%]   step 27091
[ 85%]   step 27092
[ 85%]   step 27093
[ 85%]   step 27094
[ 85%]   step 27095
[ 85%]   step 27096
[ 85%]   step 27097
[ 85%]   step 27098
[ 85%]   step 27099
[ 85%]   step 27100
[ 85%]   step 27101
[ 85%]   step 27102
[ 85%]   step 27103
[ 85%]   step 27104
[ 85%]   step 27105
[ 85%]   step 27106
[ 85%]   step 27107
[ 85%]   step 27108
[ 85%]   step 27109
[ 85%]   step 27110
[ 85%]   step 27111
[ 85%]   step 27112
+SWASH is processing output request    1
+SWASH is processing output request    2
[ 85%]   step 27113
[ 85%]   step 27114
[ 85%]   step 27115
[ 85%]   step 27116
[ 85%]   step 27117
[ 85%]   step 27118
[ 85%]   step 27119
[ 85%]   step 27120
[ 85%]   step 27121
[ 85%]   step 27122
[ 85%]   step 27123
[ 85%]   step 27124
[ 85%]   step 27125
[ 85%]   step 27126
[ 85%]   step 27127
[ 85%]   step 27128
[ 85%]   step 27129
[ 85%]   step 27130
[ 85%]   step 27131
[ 85%]   step 27132
[ 85%]   step 27133
[ 85%]   step 27134
[ 85%]   step 27135
[ 85%]   step 27136
[ 85%]   step 27137
[ 85%]   step 27138
[ 85%]   step 27139
[ 85%]   step 27140
[ 85%]   step 27141
[ 85%]   step 27142
[ 85%]   step 27143
[ 85%]   step 27144
[ 85%]   step 27145
[ 85%]   step 27146
[ 85%]   step 27147
[ 85%]   step 27148
[ 85%]   step 27149
[ 85%]   step 27150
[ 85%]   step 27151
[ 85%]   step 27152
[ 85%]   step 27153
+SWASH is processing output request    1
+SWASH is processing output request    2
[ 85%]   step 27154
[ 85%]   step 27155
[ 85%]   step 27156
[ 85%]   step 27157
[ 85%]   step 27158
[ 85%]   step 27159
[ 85%]   step 27160
[ 85%]   step 27161
[ 85%]   step 27162
[ 85%]   step 27163
[ 85%]   step 27164
[ 85%]   step 27165
[ 85%]   step 27166
[ 85%]   step 27167
[ 85%]   step 27168
[ 85%]   step 27169
[ 85%]   step 27170
[ 85%]   step 27171
[ 85%]   step 27172
[ 85%]   step 27173
[ 85%]   step 27174
[ 85%]   step 27175
[ 85%]   step 27176
[ 85%]   step 27177
[ 85%]   step 27178
[ 85%]   step 27179
[ 85%]   step 27180
[ 85%]   step 27181
[ 85%]   step 27182
[ 85%]   step 27183
[ 85%]   step 27184
[ 85%]   step 27185
[ 85%]   step 27186
[ 85%]   step 27187
[ 85%]   step 27188
[ 85%]   step 27189
[ 85%]   step 27190
[ 85%]   step 27191
[ 85%]   step 27192
[ 85%]   step 27193
[ 85%]   step 27194
+SWASH is processing output request    1
+SWASH is processing output request    2
[ 85%]   step 27195
[ 85%]   step 27196
[ 85%]   step 27197
[ 85%]   step 27198
[ 85%]   step 27199
[ 85%]   step 27200
[ 85%]   step 27201
[ 85%]   step 27202
[ 85%]   step 27203
[ 85%]   step 27204
[ 85%]   step 27205
[ 85%]   step 27206
[ 85%]   step 27207
[ 85%]   step 27208
[ 85%]   step 27209
[ 85%]   step 27210
[ 85%]   step 27211
[ 85%]   step 27212
[ 85%]   step 27213
[ 85%]   step 27214
[ 85%]   step 27215
[ 85%]   step 27216
[ 85%]   step 27217
[ 85%]   step 27218
[ 85%]   step 27219
[ 85%]   step 27220
[ 85%]   step 27221
[ 85%]   step 27222
[ 85%]   step 27223
[ 85%]   step 27224
[ 85%]   step 27225
[ 85%]   step 27226
[ 85%]   step 27227
[ 85%]   step 27228
[ 85%]   step 27229
[ 85%]   step 27230
[ 85%]   step 27231
[ 85%]   step 27232
[ 85%]   step 27233
[ 85%]   step 27234
[ 85%]   step 27235
+SWASH is processing output request    1
+SWASH is processing output request    2
[ 85%]   step 27236
[ 85%]   step 27237
[ 85%]   step 27238
[ 85%]   step 27239
[ 85%]   step 27240
[ 85%]   step 27241
[ 85%]   step 27242
[ 85%]   step 27243
[ 85%]   step 27244
[ 85%]   step 27245
[ 85%]   step 27246
[ 85%]   step 27247
[ 85%]   step 27248
[ 85%]   step 27249
[ 85%]   step 27250
[ 85%]   step 27251
[ 85%]   step 27252
[ 85%]   step 27253
[ 85%]   step 27254
[ 85%]   step 27255
[ 85%]   step 27256
[ 85%]   step 27257
[ 85%]   step 27258
[ 85%]   step 27259
[ 85%]   step 27260
[ 85%]   step 27261
[ 85%]   step 27262
[ 85%]   step 27263
[ 85%]   step 27264
[ 85%]   step 27265
[ 85%]   step 27266
[ 85%]   step 27267
[ 85%]   step 27268
[ 85%]   step 27269
[ 85%]   step 27270
[ 85%]   step 27271
[ 85%]   step 27272
[ 85%]   step 27273
[ 85%]   step 27274
[ 85%]   step 27275
[ 85%]   step 27276
+SWASH is processing output request    1
+SWASH is processing output request    2
[ 85%]   step 27277
[ 85%]   step 27278
[ 85%]   step 27279
[ 85%]   step 27280
[ 85%]   step 27281
[ 85%]   step 27282
[ 85%]   step 27283
[ 85%]   step 27284
[ 85%]   step 27285
[ 85%]   step 27286
[ 85%]   step 27287
[ 85%]   step 27288
[ 85%]   step 27289
[ 85%]   step 27290
[ 85%]   step 27291
[ 85%]   step 27292
[ 85%]   step 27293
[ 85%]   step 27294
[ 85%]   step 27295
[ 85%]   step 27296
[ 85%]   step 27297
[ 85%]   step 27298
[ 85%]   step 27299
[ 85%]   step 27300
[ 85%]   step 27301
[ 85%]   step 27302
[ 85%]   step 27303
[ 85%]   step 27304
[ 85%]   step 27305
[ 85%]   step 27306
[ 85%]   step 27307
[ 85%]   step 27308
[ 85%]   step 27309
[ 85%]   step 27310
[ 85%]   step 27311
[ 85%]   step 27312
[ 85%]   step 27313
[ 85%]   step 27314
[ 85%]   step 27315
[ 85%]   step 27316
[ 85%]   step 27317
+SWASH is processing output request    1
+SWASH is processing output request    2
[ 85%]   step 27318
[ 85%]   step 27319
[ 85%]   step 27320
[ 85%]   step 27321
[ 85%]   step 27322
[ 85%]   step 27323
[ 85%]   step 27324
[ 85%]   step 27325
[ 85%]   step 27326
[ 85%]   step 27327
[ 85%]   step 27328
[ 85%]   step 27329
[ 85%]   step 27330
[ 85%]   step 27331
[ 85%]   step 27332
[ 85%]   step 27333
[ 85%]   step 27334
[ 85%]   step 27335
[ 85%]   step 27336
[ 85%]   step 27337
[ 85%]   step 27338
[ 85%]   step 27339
[ 85%]   step 27340
[ 85%]   step 27341
[ 85%]   step 27342
[ 85%]   step 27343
[ 85%]   step 27344
[ 85%]   step 27345
[ 85%]   step 27346
[ 85%]   step 27347
[ 85%]   step 27348
[ 85%]   step 27349
[ 85%]   step 27350
[ 85%]   step 27351
[ 85%]   step 27352
[ 85%]   step 27353
[ 85%]   step 27354
[ 85%]   step 27355
[ 85%]   step 27356
[ 85%]   step 27357
[ 85%]   step 27358
+SWASH is processing output request    1
+SWASH is processing output request    2
[ 85%]   step 27359
[ 85%]   step 27360
[ 85%]   step 27361
[ 85%]   step 27362
[ 85%]   step 27363
[ 85%]   step 27364
[ 85%]   step 27365
[ 85%]   step 27366
[ 85%]   step 27367
[ 85%]   step 27368
[ 85%]   step 27369
[ 85%]   step 27370
[ 85%]   step 27371
[ 85%]   step 27372
[ 85%]   step 27373
[ 85%]   step 27374
[ 85%]   step 27375
[ 85%]   step 27376
[ 85%]   step 27377
[ 85%]   step 27378
[ 85%]   step 27379
[ 85%]   step 27380
[ 85%]   step 27381
[ 85%]   step 27382
[ 85%]   step 27383
[ 85%]   step 27384
[ 85%]   step 27385
[ 85%]   step 27386
[ 85%]   step 27387
[ 85%]   step 27388
[ 85%]   step 27389
[ 85%]   step 27390
[ 85%]   step 27391
[ 85%]   step 27392
[ 85%]   step 27393
[ 85%]   step 27394
[ 86%]   step 27395
[ 86%]   step 27396
[ 86%]   step 27397
[ 86%]   step 27398
[ 86%]   step 27399
+SWASH is processing output request    1
+SWASH is processing output request    2
[ 86%]   step 27400
[ 86%]   step 27401
[ 86%]   step 27402
[ 86%]   step 27403
[ 86%]   step 27404
[ 86%]   step 27405
[ 86%]   step 27406
[ 86%]   step 27407
[ 86%]   step 27408
[ 86%]   step 27409
[ 86%]   step 27410
[ 86%]   step 27411
[ 86%]   step 27412
[ 86%]   step 27413
[ 86%]   step 27414
[ 86%]   step 27415
[ 86%]   step 27416
[ 86%]   step 27417
[ 86%]   step 27418
[ 86%]   step 27419
[ 86%]   step 27420
[ 86%]   step 27421
[ 86%]   step 27422
[ 86%]   step 27423
[ 86%]   step 27424
[ 86%]   step 27425
[ 86%]   step 27426
[ 86%]   step 27427
[ 86%]   step 27428
[ 86%]   step 27429
[ 86%]   step 27430
[ 86%]   step 27431
[ 86%]   step 27432
[ 86%]   step 27433
[ 86%]   step 27434
[ 86%]   step 27435
[ 86%]   step 27436
[ 86%]   step 27437
[ 86%]   step 27438
[ 86%]   step 27439
[ 86%]   step 27440
+SWASH is processing output request    1
+SWASH is processing output request    2
[ 86%]   step 27441
[ 86%]   step 27442
[ 86%]   step 27443
[ 86%]   step 27444
[ 86%]   step 27445
[ 86%]   step 27446
[ 86%]   step 27447
[ 86%]   step 27448
[ 86%]   step 27449
[ 86%]   step 27450
[ 86%]   step 27451
[ 86%]   step 27452
[ 86%]   step 27453
[ 86%]   step 27454
[ 86%]   step 27455
[ 86%]   step 27456
[ 86%]   step 27457
[ 86%]   step 27458
[ 86%]   step 27459
[ 86%]   step 27460
[ 86%]   step 27461
[ 86%]   step 27462
[ 86%]   step 27463
[ 86%]   step 27464
[ 86%]   step 27465
[ 86%]   step 27466
[ 86%]   step 27467
[ 86%]   step 27468
[ 86%]   step 27469
[ 86%]   step 27470
[ 86%]   step 27471
[ 86%]   step 27472
[ 86%]   step 27473
[ 86%]   step 27474
[ 86%]   step 27475
[ 86%]   step 27476
[ 86%]   step 27477
[ 86%]   step 27478
[ 86%]   step 27479
[ 86%]   step 27480
[ 86%]   step 27481
+SWASH is processing output request    1
+SWASH is processing output request    2
[ 86%]   step 27482
[ 86%]   step 27483
[ 86%]   step 27484
[ 86%]   step 27485
[ 86%]   step 27486
[ 86%]   step 27487
[ 86%]   step 27488
[ 86%]   step 27489
[ 86%]   step 27490
[ 86%]   step 27491
[ 86%]   step 27492
[ 86%]   step 27493
[ 86%]   step 27494
[ 86%]   step 27495
[ 86%]   step 27496
[ 86%]   step 27497
[ 86%]   step 27498
[ 86%]   step 27499
[ 86%]   step 27500
[ 86%]   step 27501
[ 86%]   step 27502
[ 86%]   step 27503
[ 86%]   step 27504
[ 86%]   step 27505
[ 86%]   step 27506
[ 86%]   step 27507
[ 86%]   step 27508
[ 86%]   step 27509
[ 86%]   step 27510
[ 86%]   step 27511
[ 86%]   step 27512
[ 86%]   step 27513
[ 86%]   step 27514
[ 86%]   step 27515
[ 86%]   step 27516
[ 86%]   step 27517
[ 86%]   step 27518
[ 86%]   step 27519
[ 86%]   step 27520
[ 86%]   step 27521
[ 86%]   step 27522
+SWASH is processing output request    1
+SWASH is processing output request    2
[ 86%]   step 27523
[ 86%]   step 27524
[ 86%]   step 27525
[ 86%]   step 27526
[ 86%]   step 27527
[ 86%]   step 27528
[ 86%]   step 27529
[ 86%]   step 27530
[ 86%]   step 27531
[ 86%]   step 27532
[ 86%]   step 27533
[ 86%]   step 27534
[ 86%]   step 27535
[ 86%]   step 27536
[ 86%]   step 27537
[ 86%]   step 27538
[ 86%]   step 27539
[ 86%]   step 27540
[ 86%]   step 27541
[ 86%]   step 27542
[ 86%]   step 27543
[ 86%]   step 27544
[ 86%]   step 27545
[ 86%]   step 27546
[ 86%]   step 27547
[ 86%]   step 27548
[ 86%]   step 27549
[ 86%]   step 27550
[ 86%]   step 27551
[ 86%]   step 27552
[ 86%]   step 27553
[ 86%]   step 27554
[ 86%]   step 27555
[ 86%]   step 27556
[ 86%]   step 27557
[ 86%]   step 27558
[ 86%]   step 27559
[ 86%]   step 27560
[ 86%]   step 27561
[ 86%]   step 27562
[ 86%]   step 27563
+SWASH is processing output request    1
+SWASH is processing output request    2
[ 86%]   step 27564
[ 86%]   step 27565
[ 86%]   step 27566
[ 86%]   step 27567
[ 86%]   step 27568
[ 86%]   step 27569
[ 86%]   step 27570
[ 86%]   step 27571
[ 86%]   step 27572
[ 86%]   step 27573
[ 86%]   step 27574
[ 86%]   step 27575
[ 86%]   step 27576
[ 86%]   step 27577
[ 86%]   step 27578
[ 86%]   step 27579
[ 86%]   step 27580
[ 86%]   step 27581
[ 86%]   step 27582
[ 86%]   step 27583
[ 86%]   step 27584
[ 86%]   step 27585
[ 86%]   step 27586
[ 86%]   step 27587
[ 86%]   step 27588
[ 86%]   step 27589
[ 86%]   step 27590
[ 86%]   step 27591
[ 86%]   step 27592
[ 86%]   step 27593
[ 86%]   step 27594
[ 86%]   step 27595
[ 86%]   step 27596
[ 86%]   step 27597
[ 86%]   step 27598
[ 86%]   step 27599
[ 86%]   step 27600
[ 86%]   step 27601
[ 86%]   step 27602
[ 86%]   step 27603
[ 86%]   step 27604
[ 86%]   step 27605
+SWASH is processing output request    1
+SWASH is processing output request    2
[ 86%]   step 27606
[ 86%]   step 27607
[ 86%]   step 27608
[ 86%]   step 27609
[ 86%]   step 27610
[ 86%]   step 27611
[ 86%]   step 27612
[ 86%]   step 27613
[ 86%]   step 27614
[ 86%]   step 27615
[ 86%]   step 27616
[ 86%]   step 27617
[ 86%]   step 27618
[ 86%]   step 27619
[ 86%]   step 27620
[ 86%]   step 27621
[ 86%]   step 27622
[ 86%]   step 27623
[ 86%]   step 27624
[ 86%]   step 27625
[ 86%]   step 27626
[ 86%]   step 27627
[ 86%]   step 27628
[ 86%]   step 27629
[ 86%]   step 27630
[ 86%]   step 27631
[ 86%]   step 27632
[ 86%]   step 27633
[ 86%]   step 27634
[ 86%]   step 27635
[ 86%]   step 27636
[ 86%]   step 27637
[ 86%]   step 27638
[ 86%]   step 27639
[ 86%]   step 27640
[ 86%]   step 27641
[ 86%]   step 27642
[ 86%]   step 27643
[ 86%]   step 27644
[ 86%]   step 27645
[ 86%]   step 27646
+SWASH is processing output request    1
+SWASH is processing output request    2
[ 86%]   step 27647
[ 86%]   step 27648
[ 86%]   step 27649
[ 86%]   step 27650
[ 86%]   step 27651
[ 86%]   step 27652
[ 86%]   step 27653
[ 86%]   step 27654
[ 86%]   step 27655
[ 86%]   step 27656
[ 86%]   step 27657
[ 86%]   step 27658
[ 86%]   step 27659
[ 86%]   step 27660
[ 86%]   step 27661
[ 86%]   step 27662
[ 86%]   step 27663
[ 86%]   step 27664
[ 86%]   step 27665
[ 86%]   step 27666
[ 86%]   step 27667
[ 86%]   step 27668
[ 86%]   step 27669
[ 86%]   step 27670
[ 86%]   step 27671
[ 86%]   step 27672
[ 86%]   step 27673
[ 86%]   step 27674
[ 86%]   step 27675
[ 86%]   step 27676
[ 86%]   step 27677
[ 86%]   step 27678
[ 86%]   step 27679
[ 86%]   step 27680
[ 86%]   step 27681
[ 86%]   step 27682
[ 86%]   step 27683
[ 86%]   step 27684
[ 86%]   step 27685
[ 86%]   step 27686
[ 86%]   step 27687
+SWASH is processing output request    1
+SWASH is processing output request    2
[ 86%]   step 27688
[ 86%]   step 27689
[ 86%]   step 27690
[ 86%]   step 27691
[ 86%]   step 27692
[ 86%]   step 27693
[ 86%]   step 27694
[ 86%]   step 27695
[ 86%]   step 27696
[ 86%]   step 27697
[ 86%]   step 27698
[ 86%]   step 27699
[ 86%]   step 27700
[ 86%]   step 27701
[ 86%]   step 27702
[ 86%]   step 27703
[ 86%]   step 27704
[ 86%]   step 27705
[ 86%]   step 27706
[ 86%]   step 27707
[ 86%]   step 27708
[ 86%]   step 27709
[ 86%]   step 27710
[ 86%]   step 27711
[ 86%]   step 27712
[ 86%]   step 27713
[ 86%]   step 27714
[ 87%]   step 27715
[ 87%]   step 27716
[ 87%]   step 27717
[ 87%]   step 27718
[ 87%]   step 27719
[ 87%]   step 27720
[ 87%]   step 27721
[ 87%]   step 27722
[ 87%]   step 27723
[ 87%]   step 27724
[ 87%]   step 27725
[ 87%]   step 27726
[ 87%]   step 27727
[ 87%]   step 27728
+SWASH is processing output request    1
+SWASH is processing output request    2
[ 87%]   step 27729
[ 87%]   step 27730
[ 87%]   step 27731
[ 87%]   step 27732
[ 87%]   step 27733
[ 87%]   step 27734
[ 87%]   step 27735
[ 87%]   step 27736
[ 87%]   step 27737
[ 87%]   step 27738
[ 87%]   step 27739
[ 87%]   step 27740
[ 87%]   step 27741
[ 87%]   step 27742
[ 87%]   step 27743
[ 87%]   step 27744
[ 87%]   step 27745
[ 87%]   step 27746
[ 87%]   step 27747
[ 87%]   step 27748
[ 87%]   step 27749
[ 87%]   step 27750
[ 87%]   step 27751
[ 87%]   step 27752
[ 87%]   step 27753
[ 87%]   step 27754
[ 87%]   step 27755
[ 87%]   step 27756
[ 87%]   step 27757
[ 87%]   step 27758
[ 87%]   step 27759
[ 87%]   step 27760
[ 87%]   step 27761
[ 87%]   step 27762
[ 87%]   step 27763
[ 87%]   step 27764
[ 87%]   step 27765
[ 87%]   step 27766
[ 87%]   step 27767
[ 87%]   step 27768
[ 87%]   step 27769
+SWASH is processing output request    1
+SWASH is processing output request    2
[ 87%]   step 27770
[ 87%]   step 27771
[ 87%]   step 27772
[ 87%]   step 27773
[ 87%]   step 27774
[ 87%]   step 27775
[ 87%]   step 27776
[ 87%]   step 27777
[ 87%]   step 27778
[ 87%]   step 27779
[ 87%]   step 27780
[ 87%]   step 27781
[ 87%]   step 27782
[ 87%]   step 27783
[ 87%]   step 27784
[ 87%]   step 27785
[ 87%]   step 27786
[ 87%]   step 27787
[ 87%]   step 27788
[ 87%]   step 27789
[ 87%]   step 27790
[ 87%]   step 27791
[ 87%]   step 27792
[ 87%]   step 27793
[ 87%]   step 27794
[ 87%]   step 27795
[ 87%]   step 27796
[ 87%]   step 27797
[ 87%]   step 27798
[ 87%]   step 27799
[ 87%]   step 27800
[ 87%]   step 27801
[ 87%]   step 27802
[ 87%]   step 27803
[ 87%]   step 27804
[ 87%]   step 27805
[ 87%]   step 27806
[ 87%]   step 27807
[ 87%]   step 27808
[ 87%]   step 27809
[ 87%]   step 27810
+SWASH is processing output request    1
+SWASH is processing output request    2
[ 87%]   step 27811
[ 87%]   step 27812
[ 87%]   step 27813
[ 87%]   step 27814
[ 87%]   step 27815
[ 87%]   step 27816
[ 87%]   step 27817
[ 87%]   step 27818
[ 87%]   step 27819
[ 87%]   step 27820
[ 87%]   step 27821
[ 87%]   step 27822
[ 87%]   step 27823
[ 87%]   step 27824
[ 87%]   step 27825
[ 87%]   step 27826
[ 87%]   step 27827
[ 87%]   step 27828
[ 87%]   step 27829
[ 87%]   step 27830
[ 87%]   step 27831
[ 87%]   step 27832
[ 87%]   step 27833
[ 87%]   step 27834
[ 87%]   step 27835
[ 87%]   step 27836
[ 87%]   step 27837
[ 87%]   step 27838
[ 87%]   step 27839
[ 87%]   step 27840
[ 87%]   step 27841
[ 87%]   step 27842
[ 87%]   step 27843
[ 87%]   step 27844
[ 87%]   step 27845
[ 87%]   step 27846
[ 87%]   step 27847
[ 87%]   step 27848
[ 87%]   step 27849
[ 87%]   step 27850
[ 87%]   step 27851
+SWASH is processing output request    1
+SWASH is processing output request    2
[ 87%]   step 27852
[ 87%]   step 27853
[ 87%]   step 27854
[ 87%]   step 27855
[ 87%]   step 27856
[ 87%]   step 27857
[ 87%]   step 27858
[ 87%]   step 27859
[ 87%]   step 27860
[ 87%]   step 27861
[ 87%]   step 27862
[ 87%]   step 27863
[ 87%]   step 27864
[ 87%]   step 27865
[ 87%]   step 27866
[ 87%]   step 27867
[ 87%]   step 27868
[ 87%]   step 27869
[ 87%]   step 27870
[ 87%]   step 27871
[ 87%]   step 27872
[ 87%]   step 27873
[ 87%]   step 27874
[ 87%]   step 27875
[ 87%]   step 27876
[ 87%]   step 27877
[ 87%]   step 27878
[ 87%]   step 27879
[ 87%]   step 27880
[ 87%]   step 27881
[ 87%]   step 27882
[ 87%]   step 27883
[ 87%]   step 27884
[ 87%]   step 27885
[ 87%]   step 27886
[ 87%]   step 27887
[ 87%]   step 27888
[ 87%]   step 27889
[ 87%]   step 27890
[ 87%]   step 27891
[ 87%]   step 27892
+SWASH is processing output request    1
+SWASH is processing output request    2
[ 87%]   step 27893
[ 87%]   step 27894
[ 87%]   step 27895
[ 87%]   step 27896
[ 87%]   step 27897
[ 87%]   step 27898
[ 87%]   step 27899
[ 87%]   step 27900
[ 87%]   step 27901
[ 87%]   step 27902
[ 87%]   step 27903
[ 87%]   step 27904
[ 87%]   step 27905
[ 87%]   step 27906
[ 87%]   step 27907
[ 87%]   step 27908
[ 87%]   step 27909
[ 87%]   step 27910
[ 87%]   step 27911
[ 87%]   step 27912
[ 87%]   step 27913
[ 87%]   step 27914
[ 87%]   step 27915
[ 87%]   step 27916
[ 87%]   step 27917
[ 87%]   step 27918
[ 87%]   step 27919
[ 87%]   step 27920
[ 87%]   step 27921
[ 87%]   step 27922
[ 87%]   step 27923
[ 87%]   step 27924
[ 87%]   step 27925
[ 87%]   step 27926
[ 87%]   step 27927
[ 87%]   step 27928
[ 87%]   step 27929
[ 87%]   step 27930
[ 87%]   step 27931
[ 87%]   step 27932
[ 87%]   step 27933
+SWASH is processing output request    1
+SWASH is processing output request    2
[ 87%]   step 27934
[ 87%]   step 27935
[ 87%]   step 27936
[ 87%]   step 27937
[ 87%]   step 27938
[ 87%]   step 27939
[ 87%]   step 27940
[ 87%]   step 27941
[ 87%]   step 27942
[ 87%]   step 27943
[ 87%]   step 27944
[ 87%]   step 27945
[ 87%]   step 27946
[ 87%]   step 27947
[ 87%]   step 27948
[ 87%]   step 27949
[ 87%]   step 27950
[ 87%]   step 27951
[ 87%]   step 27952
[ 87%]   step 27953
[ 87%]   step 27954
[ 87%]   step 27955
[ 87%]   step 27956
[ 87%]   step 27957
[ 87%]   step 27958
[ 87%]   step 27959
[ 87%]   step 27960
[ 87%]   step 27961
[ 87%]   step 27962
[ 87%]   step 27963
[ 87%]   step 27964
[ 87%]   step 27965
[ 87%]   step 27966
[ 87%]   step 27967
[ 87%]   step 27968
[ 87%]   step 27969
[ 87%]   step 27970
[ 87%]   step 27971
[ 87%]   step 27972
[ 87%]   step 27973
[ 87%]   step 27974
+SWASH is processing output request    1
+SWASH is processing output request    2
[ 87%]   step 27975
[ 87%]   step 27976
[ 87%]   step 27977
[ 87%]   step 27978
[ 87%]   step 27979
[ 87%]   step 27980
[ 87%]   step 27981
[ 87%]   step 27982
[ 87%]   step 27983
[ 87%]   step 27984
[ 87%]   step 27985
[ 87%]   step 27986
[ 87%]   step 27987
[ 87%]   step 27988
[ 87%]   step 27989
[ 87%]   step 27990
[ 87%]   step 27991
[ 87%]   step 27992
[ 87%]   step 27993
[ 87%]   step 27994
[ 87%]   step 27995
[ 87%]   step 27996
[ 87%]   step 27997
[ 87%]   step 27998
[ 87%]   step 27999
[ 87%]   step 28000
[ 87%]   step 28001
[ 87%]   step 28002
[ 87%]   step 28003
[ 87%]   step 28004
[ 87%]   step 28005
[ 87%]   step 28006
[ 87%]   step 28007
[ 87%]   step 28008
[ 87%]   step 28009
[ 87%]   step 28010
[ 87%]   step 28011
[ 87%]   step 28012
[ 87%]   step 28013
[ 87%]   step 28014
[ 87%]   step 28015
+SWASH is processing output request    1
+SWASH is processing output request    2
[ 87%]   step 28016
[ 87%]   step 28017
[ 87%]   step 28018
[ 87%]   step 28019
[ 87%]   step 28020
[ 87%]   step 28021
[ 87%]   step 28022
[ 87%]   step 28023
[ 87%]   step 28024
[ 87%]   step 28025
[ 87%]   step 28026
[ 87%]   step 28027
[ 87%]   step 28028
[ 87%]   step 28029
[ 87%]   step 28030
[ 87%]   step 28031
[ 87%]   step 28032
[ 87%]   step 28033
[ 87%]   step 28034
[ 87%]   step 28035
[ 88%]   step 28036
[ 88%]   step 28037
[ 88%]   step 28038
[ 88%]   step 28039
[ 88%]   step 28040
[ 88%]   step 28041
[ 88%]   step 28042
[ 88%]   step 28043
[ 88%]   step 28044
[ 88%]   step 28045
[ 88%]   step 28046
[ 88%]   step 28047
[ 88%]   step 28048
[ 88%]   step 28049
[ 88%]   step 28050
[ 88%]   step 28051
[ 88%]   step 28052
[ 88%]   step 28053
[ 88%]   step 28054
[ 88%]   step 28055
[ 88%]   step 28056
+SWASH is processing output request    1
+SWASH is processing output request    2
[ 88%]   step 28057
[ 88%]   step 28058
[ 88%]   step 28059
[ 88%]   step 28060
[ 88%]   step 28061
[ 88%]   step 28062
[ 88%]   step 28063
[ 88%]   step 28064
[ 88%]   step 28065
[ 88%]   step 28066
[ 88%]   step 28067
[ 88%]   step 28068
[ 88%]   step 28069
[ 88%]   step 28070
[ 88%]   step 28071
[ 88%]   step 28072
[ 88%]   step 28073
[ 88%]   step 28074
[ 88%]   step 28075
[ 88%]   step 28076
[ 88%]   step 28077
[ 88%]   step 28078
[ 88%]   step 28079
[ 88%]   step 28080
[ 88%]   step 28081
[ 88%]   step 28082
[ 88%]   step 28083
[ 88%]   step 28084
[ 88%]   step 28085
[ 88%]   step 28086
[ 88%]   step 28087
[ 88%]   step 28088
[ 88%]   step 28089
[ 88%]   step 28090
[ 88%]   step 28091
[ 88%]   step 28092
[ 88%]   step 28093
[ 88%]   step 28094
[ 88%]   step 28095
[ 88%]   step 28096
[ 88%]   step 28097
+SWASH is processing output request    1
+SWASH is processing output request    2
[ 88%]   step 28098
[ 88%]   step 28099
[ 88%]   step 28100
[ 88%]   step 28101
[ 88%]   step 28102
[ 88%]   step 28103
[ 88%]   step 28104
[ 88%]   step 28105
[ 88%]   step 28106
[ 88%]   step 28107
[ 88%]   step 28108
[ 88%]   step 28109
[ 88%]   step 28110
[ 88%]   step 28111
[ 88%]   step 28112
[ 88%]   step 28113
[ 88%]   step 28114
[ 88%]   step 28115
[ 88%]   step 28116
[ 88%]   step 28117
[ 88%]   step 28118
[ 88%]   step 28119
[ 88%]   step 28120
[ 88%]   step 28121
[ 88%]   step 28122
[ 88%]   step 28123
[ 88%]   step 28124
[ 88%]   step 28125
[ 88%]   step 28126
[ 88%]   step 28127
[ 88%]   step 28128
[ 88%]   step 28129
[ 88%]   step 28130
[ 88%]   step 28131
[ 88%]   step 28132
[ 88%]   step 28133
[ 88%]   step 28134
[ 88%]   step 28135
[ 88%]   step 28136
[ 88%]   step 28137
[ 88%]   step 28138
[ 88%]   step 28139
+SWASH is processing output request    1
+SWASH is processing output request    2
[ 88%]   step 28140
[ 88%]   step 28141
[ 88%]   step 28142
[ 88%]   step 28143
[ 88%]   step 28144
[ 88%]   step 28145
[ 88%]   step 28146
[ 88%]   step 28147
[ 88%]   step 28148
[ 88%]   step 28149
[ 88%]   step 28150
[ 88%]   step 28151
[ 88%]   step 28152
[ 88%]   step 28153
[ 88%]   step 28154
[ 88%]   step 28155
[ 88%]   step 28156
[ 88%]   step 28157
[ 88%]   step 28158
[ 88%]   step 28159
[ 88%]   step 28160
[ 88%]   step 28161
[ 88%]   step 28162
[ 88%]   step 28163
[ 88%]   step 28164
[ 88%]   step 28165
[ 88%]   step 28166
[ 88%]   step 28167
[ 88%]   step 28168
[ 88%]   step 28169
[ 88%]   step 28170
[ 88%]   step 28171
[ 88%]   step 28172
[ 88%]   step 28173
[ 88%]   step 28174
[ 88%]   step 28175
[ 88%]   step 28176
[ 88%]   step 28177
[ 88%]   step 28178
[ 88%]   step 28179
[ 88%]   step 28180
+SWASH is processing output request    1
+SWASH is processing output request    2
[ 88%]   step 28181
[ 88%]   step 28182
[ 88%]   step 28183
[ 88%]   step 28184
[ 88%]   step 28185
[ 88%]   step 28186
[ 88%]   step 28187
[ 88%]   step 28188
[ 88%]   step 28189
[ 88%]   step 28190
[ 88%]   step 28191
[ 88%]   step 28192
[ 88%]   step 28193
[ 88%]   step 28194
[ 88%]   step 28195
[ 88%]   step 28196
[ 88%]   step 28197
[ 88%]   step 28198
[ 88%]   step 28199
[ 88%]   step 28200
[ 88%]   step 28201
[ 88%]   step 28202
[ 88%]   step 28203
[ 88%]   step 28204
[ 88%]   step 28205
[ 88%]   step 28206
[ 88%]   step 28207
[ 88%]   step 28208
[ 88%]   step 28209
[ 88%]   step 28210
[ 88%]   step 28211
[ 88%]   step 28212
[ 88%]   step 28213
[ 88%]   step 28214
[ 88%]   step 28215
[ 88%]   step 28216
[ 88%]   step 28217
[ 88%]   step 28218
[ 88%]   step 28219
[ 88%]   step 28220
[ 88%]   step 28221
+SWASH is processing output request    1
+SWASH is processing output request    2
[ 88%]   step 28222
[ 88%]   step 28223
[ 88%]   step 28224
[ 88%]   step 28225
[ 88%]   step 28226
[ 88%]   step 28227
[ 88%]   step 28228
[ 88%]   step 28229
[ 88%]   step 28230
[ 88%]   step 28231
[ 88%]   step 28232
[ 88%]   step 28233
[ 88%]   step 28234
[ 88%]   step 28235
[ 88%]   step 28236
[ 88%]   step 28237
[ 88%]   step 28238
[ 88%]   step 28239
[ 88%]   step 28240
[ 88%]   step 28241
[ 88%]   step 28242
[ 88%]   step 28243
[ 88%]   step 28244
[ 88%]   step 28245
[ 88%]   step 28246
[ 88%]   step 28247
[ 88%]   step 28248
[ 88%]   step 28249
[ 88%]   step 28250
[ 88%]   step 28251
[ 88%]   step 28252
[ 88%]   step 28253
[ 88%]   step 28254
[ 88%]   step 28255
[ 88%]   step 28256
[ 88%]   step 28257
[ 88%]   step 28258
[ 88%]   step 28259
[ 88%]   step 28260
[ 88%]   step 28261
[ 88%]   step 28262
+SWASH is processing output request    1
+SWASH is processing output request    2
[ 88%]   step 28263
[ 88%]   step 28264
[ 88%]   step 28265
[ 88%]   step 28266
[ 88%]   step 28267
[ 88%]   step 28268
[ 88%]   step 28269
[ 88%]   step 28270
[ 88%]   step 28271
[ 88%]   step 28272
[ 88%]   step 28273
[ 88%]   step 28274
[ 88%]   step 28275
[ 88%]   step 28276
[ 88%]   step 28277
[ 88%]   step 28278
[ 88%]   step 28279
[ 88%]   step 28280
[ 88%]   step 28281
[ 88%]   step 28282
[ 88%]   step 28283
[ 88%]   step 28284
[ 88%]   step 28285
[ 88%]   step 28286
[ 88%]   step 28287
[ 88%]   step 28288
[ 88%]   step 28289
[ 88%]   step 28290
[ 88%]   step 28291
[ 88%]   step 28292
[ 88%]   step 28293
[ 88%]   step 28294
[ 88%]   step 28295
[ 88%]   step 28296
[ 88%]   step 28297
[ 88%]   step 28298
[ 88%]   step 28299
[ 88%]   step 28300
[ 88%]   step 28301
[ 88%]   step 28302
[ 88%]   step 28303
+SWASH is processing output request    1
+SWASH is processing output request    2
[ 88%]   step 28304
[ 88%]   step 28305
[ 88%]   step 28306
[ 88%]   step 28307
[ 88%]   step 28308
[ 88%]   step 28309
[ 88%]   step 28310
[ 88%]   step 28311
[ 88%]   step 28312
[ 88%]   step 28313
[ 88%]   step 28314
[ 88%]   step 28315
[ 88%]   step 28316
[ 88%]   step 28317
[ 88%]   step 28318
[ 88%]   step 28319
[ 88%]   step 28320
[ 88%]   step 28321
[ 88%]   step 28322
[ 88%]   step 28323
[ 88%]   step 28324
[ 88%]   step 28325
[ 88%]   step 28326
[ 88%]   step 28327
[ 88%]   step 28328
[ 88%]   step 28329
[ 88%]   step 28330
[ 88%]   step 28331
[ 88%]   step 28332
[ 88%]   step 28333
[ 88%]   step 28334
[ 88%]   step 28335
[ 88%]   step 28336
[ 88%]   step 28337
[ 88%]   step 28338
[ 88%]   step 28339
[ 88%]   step 28340
[ 88%]   step 28341
[ 88%]   step 28342
[ 88%]   step 28343
[ 88%]   step 28344
+SWASH is processing output request    1
+SWASH is processing output request    2
[ 88%]   step 28345
[ 88%]   step 28346
[ 88%]   step 28347
[ 88%]   step 28348
[ 88%]   step 28349
[ 88%]   step 28350
[ 88%]   step 28351
[ 88%]   step 28352
[ 88%]   step 28353
[ 88%]   step 28354
[ 88%]   step 28355
[ 89%]   step 28356
[ 89%]   step 28357
[ 89%]   step 28358
[ 89%]   step 28359
[ 89%]   step 28360
[ 89%]   step 28361
[ 89%]   step 28362
[ 89%]   step 28363
[ 89%]   step 28364
[ 89%]   step 28365
[ 89%]   step 28366
[ 89%]   step 28367
[ 89%]   step 28368
[ 89%]   step 28369
[ 89%]   step 28370
[ 89%]   step 28371
[ 89%]   step 28372
[ 89%]   step 28373
[ 89%]   step 28374
[ 89%]   step 28375
[ 89%]   step 28376
[ 89%]   step 28377
[ 89%]   step 28378
[ 89%]   step 28379
[ 89%]   step 28380
[ 89%]   step 28381
[ 89%]   step 28382
[ 89%]   step 28383
[ 89%]   step 28384
[ 89%]   step 28385
+SWASH is processing output request    1
+SWASH is processing output request    2
[ 89%]   step 28386
[ 89%]   step 28387
[ 89%]   step 28388
[ 89%]   step 28389
[ 89%]   step 28390
[ 89%]   step 28391
[ 89%]   step 28392
[ 89%]   step 28393
[ 89%]   step 28394
[ 89%]   step 28395
[ 89%]   step 28396
[ 89%]   step 28397
[ 89%]   step 28398
[ 89%]   step 28399
[ 89%]   step 28400
[ 89%]   step 28401
[ 89%]   step 28402
[ 89%]   step 28403
[ 89%]   step 28404
[ 89%]   step 28405
[ 89%]   step 28406
[ 89%]   step 28407
[ 89%]   step 28408
[ 89%]   step 28409
[ 89%]   step 28410
[ 89%]   step 28411
[ 89%]   step 28412
[ 89%]   step 28413
[ 89%]   step 28414
[ 89%]   step 28415
[ 89%]   step 28416
[ 89%]   step 28417
[ 89%]   step 28418
[ 89%]   step 28419
[ 89%]   step 28420
[ 89%]   step 28421
[ 89%]   step 28422
[ 89%]   step 28423
[ 89%]   step 28424
[ 89%]   step 28425
[ 89%]   step 28426
+SWASH is processing output request    1
+SWASH is processing output request    2
[ 89%]   step 28427
[ 89%]   step 28428
[ 89%]   step 28429
[ 89%]   step 28430
[ 89%]   step 28431
[ 89%]   step 28432
[ 89%]   step 28433
[ 89%]   step 28434
[ 89%]   step 28435
[ 89%]   step 28436
[ 89%]   step 28437
[ 89%]   step 28438
[ 89%]   step 28439
[ 89%]   step 28440
[ 89%]   step 28441
[ 89%]   step 28442
[ 89%]   step 28443
[ 89%]   step 28444
[ 89%]   step 28445
[ 89%]   step 28446
[ 89%]   step 28447
[ 89%]   step 28448
[ 89%]   step 28449
[ 89%]   step 28450
[ 89%]   step 28451
[ 89%]   step 28452
[ 89%]   step 28453
[ 89%]   step 28454
[ 89%]   step 28455
[ 89%]   step 28456
[ 89%]   step 28457
[ 89%]   step 28458
[ 89%]   step 28459
[ 89%]   step 28460
[ 89%]   step 28461
[ 89%]   step 28462
[ 89%]   step 28463
[ 89%]   step 28464
[ 89%]   step 28465
[ 89%]   step 28466
[ 89%]   step 28467
+SWASH is processing output request    1
+SWASH is processing output request    2
[ 89%]   step 28468
[ 89%]   step 28469
[ 89%]   step 28470
[ 89%]   step 28471
[ 89%]   step 28472
[ 89%]   step 28473
[ 89%]   step 28474
[ 89%]   step 28475
[ 89%]   step 28476
[ 89%]   step 28477
[ 89%]   step 28478
[ 89%]   step 28479
[ 89%]   step 28480
[ 89%]   step 28481
[ 89%]   step 28482
[ 89%]   step 28483
[ 89%]   step 28484
[ 89%]   step 28485
[ 89%]   step 28486
[ 89%]   step 28487
[ 89%]   step 28488
[ 89%]   step 28489
[ 89%]   step 28490
[ 89%]   step 28491
[ 89%]   step 28492
[ 89%]   step 28493
[ 89%]   step 28494
[ 89%]   step 28495
[ 89%]   step 28496
[ 89%]   step 28497
[ 89%]   step 28498
[ 89%]   step 28499
[ 89%]   step 28500
[ 89%]   step 28501
[ 89%]   step 28502
[ 89%]   step 28503
[ 89%]   step 28504
[ 89%]   step 28505
[ 89%]   step 28506
[ 89%]   step 28507
[ 89%]   step 28508
+SWASH is processing output request    1
+SWASH is processing output request    2
[ 89%]   step 28509
[ 89%]   step 28510
[ 89%]   step 28511
[ 89%]   step 28512
[ 89%]   step 28513
[ 89%]   step 28514
[ 89%]   step 28515
[ 89%]   step 28516
[ 89%]   step 28517
[ 89%]   step 28518
[ 89%]   step 28519
[ 89%]   step 28520
[ 89%]   step 28521
[ 89%]   step 28522
[ 89%]   step 28523
[ 89%]   step 28524
[ 89%]   step 28525
[ 89%]   step 28526
[ 89%]   step 28527
[ 89%]   step 28528
[ 89%]   step 28529
[ 89%]   step 28530
[ 89%]   step 28531
[ 89%]   step 28532
[ 89%]   step 28533
[ 89%]   step 28534
[ 89%]   step 28535
[ 89%]   step 28536
[ 89%]   step 28537
[ 89%]   step 28538
[ 89%]   step 28539
[ 89%]   step 28540
[ 89%]   step 28541
[ 89%]   step 28542
[ 89%]   step 28543
[ 89%]   step 28544
[ 89%]   step 28545
[ 89%]   step 28546
[ 89%]   step 28547
[ 89%]   step 28548
[ 89%]   step 28549
+SWASH is processing output request    1
+SWASH is processing output request    2
[ 89%]   step 28550
[ 89%]   step 28551
[ 89%]   step 28552
[ 89%]   step 28553
[ 89%]   step 28554
[ 89%]   step 28555
[ 89%]   step 28556
[ 89%]   step 28557
[ 89%]   step 28558
[ 89%]   step 28559
[ 89%]   step 28560
[ 89%]   step 28561
[ 89%]   step 28562
[ 89%]   step 28563
[ 89%]   step 28564
[ 89%]   step 28565
[ 89%]   step 28566
[ 89%]   step 28567
[ 89%]   step 28568
[ 89%]   step 28569
[ 89%]   step 28570
[ 89%]   step 28571
[ 89%]   step 28572
[ 89%]   step 28573
[ 89%]   step 28574
[ 89%]   step 28575
[ 89%]   step 28576
[ 89%]   step 28577
[ 89%]   step 28578
[ 89%]   step 28579
[ 89%]   step 28580
[ 89%]   step 28581
[ 89%]   step 28582
[ 89%]   step 28583
[ 89%]   step 28584
[ 89%]   step 28585
[ 89%]   step 28586
[ 89%]   step 28587
[ 89%]   step 28588
[ 89%]   step 28589
[ 89%]   step 28590
+SWASH is processing output request    1
+SWASH is processing output request    2
[ 89%]   step 28591
[ 89%]   step 28592
[ 89%]   step 28593
[ 89%]   step 28594
[ 89%]   step 28595
[ 89%]   step 28596
[ 89%]   step 28597
[ 89%]   step 28598
[ 89%]   step 28599
[ 89%]   step 28600
[ 89%]   step 28601
[ 89%]   step 28602
[ 89%]   step 28603
[ 89%]   step 28604
[ 89%]   step 28605
[ 89%]   step 28606
[ 89%]   step 28607
[ 89%]   step 28608
[ 89%]   step 28609
[ 89%]   step 28610
[ 89%]   step 28611
[ 89%]   step 28612
[ 89%]   step 28613
[ 89%]   step 28614
[ 89%]   step 28615
[ 89%]   step 28616
[ 89%]   step 28617
[ 89%]   step 28618
[ 89%]   step 28619
[ 89%]   step 28620
[ 89%]   step 28621
[ 89%]   step 28622
[ 89%]   step 28623
[ 89%]   step 28624
[ 89%]   step 28625
[ 89%]   step 28626
[ 89%]   step 28627
[ 89%]   step 28628
[ 89%]   step 28629
[ 89%]   step 28630
[ 89%]   step 28631
+SWASH is processing output request    1
+SWASH is processing output request    2
[ 89%]   step 28632
[ 89%]   step 28633
[ 89%]   step 28634
[ 89%]   step 28635
[ 89%]   step 28636
[ 89%]   step 28637
[ 89%]   step 28638
[ 89%]   step 28639
[ 89%]   step 28640
[ 89%]   step 28641
[ 89%]   step 28642
[ 89%]   step 28643
[ 89%]   step 28644
[ 89%]   step 28645
[ 89%]   step 28646
[ 89%]   step 28647
[ 89%]   step 28648
[ 89%]   step 28649
[ 89%]   step 28650
[ 89%]   step 28651
[ 89%]   step 28652
[ 89%]   step 28653
[ 89%]   step 28654
[ 89%]   step 28655
[ 89%]   step 28656
[ 89%]   step 28657
[ 89%]   step 28658
[ 89%]   step 28659
[ 89%]   step 28660
[ 89%]   step 28661
[ 89%]   step 28662
[ 89%]   step 28663
[ 89%]   step 28664
[ 89%]   step 28665
[ 89%]   step 28666
[ 89%]   step 28667
[ 89%]   step 28668
[ 89%]   step 28669
[ 89%]   step 28670
[ 89%]   step 28671
[ 89%]   step 28672
[ 89%]   step 28673
+SWASH is processing output request    1
+SWASH is processing output request    2
[ 89%]   step 28674
[ 89%]   step 28675
[ 89%]   step 28676
[ 90%]   step 28677
[ 90%]   step 28678
[ 90%]   step 28679
[ 90%]   step 28680
[ 90%]   step 28681
[ 90%]   step 28682
[ 90%]   step 28683
[ 90%]   step 28684
[ 90%]   step 28685
[ 90%]   step 28686
[ 90%]   step 28687
[ 90%]   step 28688
[ 90%]   step 28689
[ 90%]   step 28690
[ 90%]   step 28691
[ 90%]   step 28692
[ 90%]   step 28693
[ 90%]   step 28694
[ 90%]   step 28695
[ 90%]   step 28696
[ 90%]   step 28697
[ 90%]   step 28698
[ 90%]   step 28699
[ 90%]   step 28700
[ 90%]   step 28701
[ 90%]   step 28702
[ 90%]   step 28703
[ 90%]   step 28704
[ 90%]   step 28705
[ 90%]   step 28706
[ 90%]   step 28707
[ 90%]   step 28708
[ 90%]   step 28709
[ 90%]   step 28710
[ 90%]   step 28711
[ 90%]   step 28712
[ 90%]   step 28713
[ 90%]   step 28714
+SWASH is processing output request    1
+SWASH is processing output request    2
[ 90%]   step 28715
[ 90%]   step 28716
[ 90%]   step 28717
[ 90%]   step 28718
[ 90%]   step 28719
[ 90%]   step 28720
[ 90%]   step 28721
[ 90%]   step 28722
[ 90%]   step 28723
[ 90%]   step 28724
[ 90%]   step 28725
[ 90%]   step 28726
[ 90%]   step 28727
[ 90%]   step 28728
[ 90%]   step 28729
[ 90%]   step 28730
[ 90%]   step 28731
[ 90%]   step 28732
[ 90%]   step 28733
[ 90%]   step 28734
[ 90%]   step 28735
[ 90%]   step 28736
[ 90%]   step 28737
[ 90%]   step 28738
[ 90%]   step 28739
[ 90%]   step 28740
[ 90%]   step 28741
[ 90%]   step 28742
[ 90%]   step 28743
[ 90%]   step 28744
[ 90%]   step 28745
[ 90%]   step 28746
[ 90%]   step 28747
[ 90%]   step 28748
[ 90%]   step 28749
[ 90%]   step 28750
[ 90%]   step 28751
[ 90%]   step 28752
[ 90%]   step 28753
[ 90%]   step 28754
[ 90%]   step 28755
+SWASH is processing output request    1
+SWASH is processing output request    2
[ 90%]   step 28756
[ 90%]   step 28757
[ 90%]   step 28758
[ 90%]   step 28759
[ 90%]   step 28760
[ 90%]   step 28761
[ 90%]   step 28762
[ 90%]   step 28763
[ 90%]   step 28764
[ 90%]   step 28765
[ 90%]   step 28766
[ 90%]   step 28767
[ 90%]   step 28768
[ 90%]   step 28769
[ 90%]   step 28770
[ 90%]   step 28771
[ 90%]   step 28772
[ 90%]   step 28773
[ 90%]   step 28774
[ 90%]   step 28775
[ 90%]   step 28776
[ 90%]   step 28777
[ 90%]   step 28778
[ 90%]   step 28779
[ 90%]   step 28780
[ 90%]   step 28781
[ 90%]   step 28782
[ 90%]   step 28783
[ 90%]   step 28784
[ 90%]   step 28785
[ 90%]   step 28786
[ 90%]   step 28787
[ 90%]   step 28788
[ 90%]   step 28789
[ 90%]   step 28790
[ 90%]   step 28791
[ 90%]   step 28792
[ 90%]   step 28793
[ 90%]   step 28794
[ 90%]   step 28795
[ 90%]   step 28796
+SWASH is processing output request    1
+SWASH is processing output request    2
[ 90%]   step 28797
[ 90%]   step 28798
[ 90%]   step 28799
[ 90%]   step 28800
[ 90%]   step 28801
[ 90%]   step 28802
[ 90%]   step 28803
[ 90%]   step 28804
[ 90%]   step 28805
[ 90%]   step 28806
[ 90%]   step 28807
[ 90%]   step 28808
[ 90%]   step 28809
[ 90%]   step 28810
[ 90%]   step 28811
[ 90%]   step 28812
[ 90%]   step 28813
[ 90%]   step 28814
[ 90%]   step 28815
[ 90%]   step 28816
[ 90%]   step 28817
[ 90%]   step 28818
[ 90%]   step 28819
[ 90%]   step 28820
[ 90%]   step 28821
[ 90%]   step 28822
[ 90%]   step 28823
[ 90%]   step 28824
[ 90%]   step 28825
[ 90%]   step 28826
[ 90%]   step 28827
[ 90%]   step 28828
[ 90%]   step 28829
[ 90%]   step 28830
[ 90%]   step 28831
[ 90%]   step 28832
[ 90%]   step 28833
[ 90%]   step 28834
[ 90%]   step 28835
[ 90%]   step 28836
[ 90%]   step 28837
+SWASH is processing output request    1
+SWASH is processing output request    2
[ 90%]   step 28838
[ 90%]   step 28839
[ 90%]   step 28840
[ 90%]   step 28841
[ 90%]   step 28842
[ 90%]   step 28843
[ 90%]   step 28844
[ 90%]   step 28845
[ 90%]   step 28846
[ 90%]   step 28847
[ 90%]   step 28848
[ 90%]   step 28849
[ 90%]   step 28850
[ 90%]   step 28851
[ 90%]   step 28852
[ 90%]   step 28853
[ 90%]   step 28854
[ 90%]   step 28855
[ 90%]   step 28856
[ 90%]   step 28857
[ 90%]   step 28858
[ 90%]   step 28859
[ 90%]   step 28860
[ 90%]   step 28861
[ 90%]   step 28862
[ 90%]   step 28863
[ 90%]   step 28864
[ 90%]   step 28865
[ 90%]   step 28866
[ 90%]   step 28867
[ 90%]   step 28868
[ 90%]   step 28869
[ 90%]   step 28870
[ 90%]   step 28871
[ 90%]   step 28872
[ 90%]   step 28873
[ 90%]   step 28874
[ 90%]   step 28875
[ 90%]   step 28876
[ 90%]   step 28877
[ 90%]   step 28878
+SWASH is processing output request    1
+SWASH is processing output request    2
[ 90%]   step 28879
[ 90%]   step 28880
[ 90%]   step 28881
[ 90%]   step 28882
[ 90%]   step 28883
[ 90%]   step 28884
[ 90%]   step 28885
[ 90%]   step 28886
[ 90%]   step 28887
[ 90%]   step 28888
[ 90%]   step 28889
[ 90%]   step 28890
[ 90%]   step 28891
[ 90%]   step 28892
[ 90%]   step 28893
[ 90%]   step 28894
[ 90%]   step 28895
[ 90%]   step 28896
[ 90%]   step 28897
[ 90%]   step 28898
[ 90%]   step 28899
[ 90%]   step 28900
[ 90%]   step 28901
[ 90%]   step 28902
[ 90%]   step 28903
[ 90%]   step 28904
[ 90%]   step 28905
[ 90%]   step 28906
[ 90%]   step 28907
[ 90%]   step 28908
[ 90%]   step 28909
[ 90%]   step 28910
[ 90%]   step 28911
[ 90%]   step 28912
[ 90%]   step 28913
[ 90%]   step 28914
[ 90%]   step 28915
[ 90%]   step 28916
[ 90%]   step 28917
[ 90%]   step 28918
[ 90%]   step 28919
+SWASH is processing output request    1
+SWASH is processing output request    2
[ 90%]   step 28920
[ 90%]   step 28921
[ 90%]   step 28922
[ 90%]   step 28923
[ 90%]   step 28924
[ 90%]   step 28925
[ 90%]   step 28926
[ 90%]   step 28927
[ 90%]   step 28928
[ 90%]   step 28929
[ 90%]   step 28930
[ 90%]   step 28931
[ 90%]   step 28932
[ 90%]   step 28933
[ 90%]   step 28934
[ 90%]   step 28935
[ 90%]   step 28936
[ 90%]   step 28937
[ 90%]   step 28938
[ 90%]   step 28939
[ 90%]   step 28940
[ 90%]   step 28941
[ 90%]   step 28942
[ 90%]   step 28943
[ 90%]   step 28944
[ 90%]   step 28945
[ 90%]   step 28946
[ 90%]   step 28947
[ 90%]   step 28948
[ 90%]   step 28949
[ 90%]   step 28950
[ 90%]   step 28951
[ 90%]   step 28952
[ 90%]   step 28953
[ 90%]   step 28954
[ 90%]   step 28955
[ 90%]   step 28956
[ 90%]   step 28957
[ 90%]   step 28958
[ 90%]   step 28959
[ 90%]   step 28960
+SWASH is processing output request    1
+SWASH is processing output request    2
[ 90%]   step 28961
[ 90%]   step 28962
[ 90%]   step 28963
[ 90%]   step 28964
[ 90%]   step 28965
[ 90%]   step 28966
[ 90%]   step 28967
[ 90%]   step 28968
[ 90%]   step 28969
[ 90%]   step 28970
[ 90%]   step 28971
[ 90%]   step 28972
[ 90%]   step 28973
[ 90%]   step 28974
[ 90%]   step 28975
[ 90%]   step 28976
[ 90%]   step 28977
[ 90%]   step 28978
[ 90%]   step 28979
[ 90%]   step 28980
[ 90%]   step 28981
[ 90%]   step 28982
[ 90%]   step 28983
[ 90%]   step 28984
[ 90%]   step 28985
[ 90%]   step 28986
[ 90%]   step 28987
[ 90%]   step 28988
[ 90%]   step 28989
[ 90%]   step 28990
[ 90%]   step 28991
[ 90%]   step 28992
[ 90%]   step 28993
[ 90%]   step 28994
[ 90%]   step 28995
[ 90%]   step 28996
[ 91%]   step 28997
[ 91%]   step 28998
[ 91%]   step 28999
[ 91%]   step 29000
[ 91%]   step 29001
+SWASH is processing output request    1
+SWASH is processing output request    2
[ 91%]   step 29002
[ 91%]   step 29003
[ 91%]   step 29004
[ 91%]   step 29005
[ 91%]   step 29006
[ 91%]   step 29007
[ 91%]   step 29008
[ 91%]   step 29009
[ 91%]   step 29010
[ 91%]   step 29011
[ 91%]   step 29012
[ 91%]   step 29013
[ 91%]   step 29014
[ 91%]   step 29015
[ 91%]   step 29016
[ 91%]   step 29017
[ 91%]   step 29018
[ 91%]   step 29019
[ 91%]   step 29020
[ 91%]   step 29021
[ 91%]   step 29022
[ 91%]   step 29023
[ 91%]   step 29024
[ 91%]   step 29025
[ 91%]   step 29026
[ 91%]   step 29027
[ 91%]   step 29028
[ 91%]   step 29029
[ 91%]   step 29030
[ 91%]   step 29031
[ 91%]   step 29032
[ 91%]   step 29033
[ 91%]   step 29034
[ 91%]   step 29035
[ 91%]   step 29036
[ 91%]   step 29037
[ 91%]   step 29038
[ 91%]   step 29039
[ 91%]   step 29040
[ 91%]   step 29041
[ 91%]   step 29042
+SWASH is processing output request    1
+SWASH is processing output request    2
[ 91%]   step 29043
[ 91%]   step 29044
[ 91%]   step 29045
[ 91%]   step 29046
[ 91%]   step 29047
[ 91%]   step 29048
[ 91%]   step 29049
[ 91%]   step 29050
[ 91%]   step 29051
[ 91%]   step 29052
[ 91%]   step 29053
[ 91%]   step 29054
[ 91%]   step 29055
[ 91%]   step 29056
[ 91%]   step 29057
[ 91%]   step 29058
[ 91%]   step 29059
[ 91%]   step 29060
[ 91%]   step 29061
[ 91%]   step 29062
[ 91%]   step 29063
[ 91%]   step 29064
[ 91%]   step 29065
[ 91%]   step 29066
[ 91%]   step 29067
[ 91%]   step 29068
[ 91%]   step 29069
[ 91%]   step 29070
[ 91%]   step 29071
[ 91%]   step 29072
[ 91%]   step 29073
[ 91%]   step 29074
[ 91%]   step 29075
[ 91%]   step 29076
[ 91%]   step 29077
[ 91%]   step 29078
[ 91%]   step 29079
[ 91%]   step 29080
[ 91%]   step 29081
[ 91%]   step 29082
[ 91%]   step 29083
+SWASH is processing output request    1
+SWASH is processing output request    2
[ 91%]   step 29084
[ 91%]   step 29085
[ 91%]   step 29086
[ 91%]   step 29087
[ 91%]   step 29088
[ 91%]   step 29089
[ 91%]   step 29090
[ 91%]   step 29091
[ 91%]   step 29092
[ 91%]   step 29093
[ 91%]   step 29094
[ 91%]   step 29095
[ 91%]   step 29096
[ 91%]   step 29097
[ 91%]   step 29098
[ 91%]   step 29099
[ 91%]   step 29100
[ 91%]   step 29101
[ 91%]   step 29102
[ 91%]   step 29103
[ 91%]   step 29104
[ 91%]   step 29105
[ 91%]   step 29106
[ 91%]   step 29107
[ 91%]   step 29108
[ 91%]   step 29109
[ 91%]   step 29110
[ 91%]   step 29111
[ 91%]   step 29112
[ 91%]   step 29113
[ 91%]   step 29114
[ 91%]   step 29115
[ 91%]   step 29116
[ 91%]   step 29117
[ 91%]   step 29118
[ 91%]   step 29119
[ 91%]   step 29120
[ 91%]   step 29121
[ 91%]   step 29122
[ 91%]   step 29123
[ 91%]   step 29124
+SWASH is processing output request    1
+SWASH is processing output request    2
[ 91%]   step 29125
[ 91%]   step 29126
[ 91%]   step 29127
[ 91%]   step 29128
[ 91%]   step 29129
[ 91%]   step 29130
[ 91%]   step 29131
[ 91%]   step 29132
[ 91%]   step 29133
[ 91%]   step 29134
[ 91%]   step 29135
[ 91%]   step 29136
[ 91%]   step 29137
[ 91%]   step 29138
[ 91%]   step 29139
[ 91%]   step 29140
[ 91%]   step 29141
[ 91%]   step 29142
[ 91%]   step 29143
[ 91%]   step 29144
[ 91%]   step 29145
[ 91%]   step 29146
[ 91%]   step 29147
[ 91%]   step 29148
[ 91%]   step 29149
[ 91%]   step 29150
[ 91%]   step 29151
[ 91%]   step 29152
[ 91%]   step 29153
[ 91%]   step 29154
[ 91%]   step 29155
[ 91%]   step 29156
[ 91%]   step 29157
[ 91%]   step 29158
[ 91%]   step 29159
[ 91%]   step 29160
[ 91%]   step 29161
[ 91%]   step 29162
[ 91%]   step 29163
[ 91%]   step 29164
[ 91%]   step 29165
+SWASH is processing output request    1
+SWASH is processing output request    2
[ 91%]   step 29166
[ 91%]   step 29167
[ 91%]   step 29168
[ 91%]   step 29169
[ 91%]   step 29170
[ 91%]   step 29171
[ 91%]   step 29172
[ 91%]   step 29173
[ 91%]   step 29174
[ 91%]   step 29175
[ 91%]   step 29176
[ 91%]   step 29177
[ 91%]   step 29178
[ 91%]   step 29179
[ 91%]   step 29180
[ 91%]   step 29181
[ 91%]   step 29182
[ 91%]   step 29183
[ 91%]   step 29184
[ 91%]   step 29185
[ 91%]   step 29186
[ 91%]   step 29187
[ 91%]   step 29188
[ 91%]   step 29189
[ 91%]   step 29190
[ 91%]   step 29191
[ 91%]   step 29192
[ 91%]   step 29193
[ 91%]   step 29194
[ 91%]   step 29195
[ 91%]   step 29196
[ 91%]   step 29197
[ 91%]   step 29198
[ 91%]   step 29199
[ 91%]   step 29200
[ 91%]   step 29201
[ 91%]   step 29202
[ 91%]   step 29203
[ 91%]   step 29204
[ 91%]   step 29205
[ 91%]   step 29206
[ 91%]   step 29207
+SWASH is processing output request    1
+SWASH is processing output request    2
[ 91%]   step 29208
[ 91%]   step 29209
[ 91%]   step 29210
[ 91%]   step 29211
[ 91%]   step 29212
[ 91%]   step 29213
[ 91%]   step 29214
[ 91%]   step 29215
[ 91%]   step 29216
[ 91%]   step 29217
[ 91%]   step 29218
[ 91%]   step 29219
[ 91%]   step 29220
[ 91%]   step 29221
[ 91%]   step 29222
[ 91%]   step 29223
[ 91%]   step 29224
[ 91%]   step 29225
[ 91%]   step 29226
[ 91%]   step 29227
[ 91%]   step 29228
[ 91%]   step 29229
[ 91%]   step 29230
[ 91%]   step 29231
[ 91%]   step 29232
[ 91%]   step 29233
[ 91%]   step 29234
[ 91%]   step 29235
[ 91%]   step 29236
[ 91%]   step 29237
[ 91%]   step 29238
[ 91%]   step 29239
[ 91%]   step 29240
[ 91%]   step 29241
[ 91%]   step 29242
[ 91%]   step 29243
[ 91%]   step 29244
[ 91%]   step 29245
[ 91%]   step 29246
[ 91%]   step 29247
[ 91%]   step 29248
+SWASH is processing output request    1
+SWASH is processing output request    2
[ 91%]   step 29249
[ 91%]   step 29250
[ 91%]   step 29251
[ 91%]   step 29252
[ 91%]   step 29253
[ 91%]   step 29254
[ 91%]   step 29255
[ 91%]   step 29256
[ 91%]   step 29257
[ 91%]   step 29258
[ 91%]   step 29259
[ 91%]   step 29260
[ 91%]   step 29261
[ 91%]   step 29262
[ 91%]   step 29263
[ 91%]   step 29264
[ 91%]   step 29265
[ 91%]   step 29266
[ 91%]   step 29267
[ 91%]   step 29268
[ 91%]   step 29269
[ 91%]   step 29270
[ 91%]   step 29271
[ 91%]   step 29272
[ 91%]   step 29273
[ 91%]   step 29274
[ 91%]   step 29275
[ 91%]   step 29276
[ 91%]   step 29277
[ 91%]   step 29278
[ 91%]   step 29279
[ 91%]   step 29280
[ 91%]   step 29281
[ 91%]   step 29282
[ 91%]   step 29283
[ 91%]   step 29284
[ 91%]   step 29285
[ 91%]   step 29286
[ 91%]   step 29287
[ 91%]   step 29288
[ 91%]   step 29289
+SWASH is processing output request    1
+SWASH is processing output request    2
[ 91%]   step 29290
[ 91%]   step 29291
[ 91%]   step 29292
[ 91%]   step 29293
[ 91%]   step 29294
[ 91%]   step 29295
[ 91%]   step 29296
[ 91%]   step 29297
[ 91%]   step 29298
[ 91%]   step 29299
[ 91%]   step 29300
[ 91%]   step 29301
[ 91%]   step 29302
[ 91%]   step 29303
[ 91%]   step 29304
[ 91%]   step 29305
[ 91%]   step 29306
[ 91%]   step 29307
[ 91%]   step 29308
[ 91%]   step 29309
[ 91%]   step 29310
[ 91%]   step 29311
[ 91%]   step 29312
[ 91%]   step 29313
[ 91%]   step 29314
[ 91%]   step 29315
[ 91%]   step 29316
[ 92%]   step 29317
[ 92%]   step 29318
[ 92%]   step 29319
[ 92%]   step 29320
[ 92%]   step 29321
[ 92%]   step 29322
[ 92%]   step 29323
[ 92%]   step 29324
[ 92%]   step 29325
[ 92%]   step 29326
[ 92%]   step 29327
[ 92%]   step 29328
[ 92%]   step 29329
[ 92%]   step 29330
+SWASH is processing output request    1
+SWASH is processing output request    2
[ 92%]   step 29331
[ 92%]   step 29332
[ 92%]   step 29333
[ 92%]   step 29334
[ 92%]   step 29335
[ 92%]   step 29336
[ 92%]   step 29337
[ 92%]   step 29338
[ 92%]   step 29339
[ 92%]   step 29340
[ 92%]   step 29341
[ 92%]   step 29342
[ 92%]   step 29343
[ 92%]   step 29344
[ 92%]   step 29345
[ 92%]   step 29346
[ 92%]   step 29347
[ 92%]   step 29348
[ 92%]   step 29349
[ 92%]   step 29350
[ 92%]   step 29351
[ 92%]   step 29352
[ 92%]   step 29353
[ 92%]   step 29354
[ 92%]   step 29355
[ 92%]   step 29356
[ 92%]   step 29357
[ 92%]   step 29358
[ 92%]   step 29359
[ 92%]   step 29360
[ 92%]   step 29361
[ 92%]   step 29362
[ 92%]   step 29363
[ 92%]   step 29364
[ 92%]   step 29365
[ 92%]   step 29366
[ 92%]   step 29367
[ 92%]   step 29368
[ 92%]   step 29369
[ 92%]   step 29370
[ 92%]   step 29371
+SWASH is processing output request    1
+SWASH is processing output request    2
[ 92%]   step 29372
[ 92%]   step 29373
[ 92%]   step 29374
[ 92%]   step 29375
[ 92%]   step 29376
[ 92%]   step 29377
[ 92%]   step 29378
[ 92%]   step 29379
[ 92%]   step 29380
[ 92%]   step 29381
[ 92%]   step 29382
[ 92%]   step 29383
[ 92%]   step 29384
[ 92%]   step 29385
[ 92%]   step 29386
[ 92%]   step 29387
[ 92%]   step 29388
[ 92%]   step 29389
[ 92%]   step 29390
[ 92%]   step 29391
[ 92%]   step 29392
[ 92%]   step 29393
[ 92%]   step 29394
[ 92%]   step 29395
[ 92%]   step 29396
[ 92%]   step 29397
[ 92%]   step 29398
[ 92%]   step 29399
[ 92%]   step 29400
[ 92%]   step 29401
[ 92%]   step 29402
[ 92%]   step 29403
[ 92%]   step 29404
[ 92%]   step 29405
[ 92%]   step 29406
[ 92%]   step 29407
[ 92%]   step 29408
[ 92%]   step 29409
[ 92%]   step 29410
[ 92%]   step 29411
[ 92%]   step 29412
+SWASH is processing output request    1
+SWASH is processing output request    2
[ 92%]   step 29413
[ 92%]   step 29414
[ 92%]   step 29415
[ 92%]   step 29416
[ 92%]   step 29417
[ 92%]   step 29418
[ 92%]   step 29419
[ 92%]   step 29420
[ 92%]   step 29421
[ 92%]   step 29422
[ 92%]   step 29423
[ 92%]   step 29424
[ 92%]   step 29425
[ 92%]   step 29426
[ 92%]   step 29427
[ 92%]   step 29428
[ 92%]   step 29429
[ 92%]   step 29430
[ 92%]   step 29431
[ 92%]   step 29432
[ 92%]   step 29433
[ 92%]   step 29434
[ 92%]   step 29435
[ 92%]   step 29436
[ 92%]   step 29437
[ 92%]   step 29438
[ 92%]   step 29439
[ 92%]   step 29440
[ 92%]   step 29441
[ 92%]   step 29442
[ 92%]   step 29443
[ 92%]   step 29444
[ 92%]   step 29445
[ 92%]   step 29446
[ 92%]   step 29447
[ 92%]   step 29448
[ 92%]   step 29449
[ 92%]   step 29450
[ 92%]   step 29451
[ 92%]   step 29452
[ 92%]   step 29453
+SWASH is processing output request    1
+SWASH is processing output request    2
[ 92%]   step 29454
[ 92%]   step 29455
[ 92%]   step 29456
[ 92%]   step 29457
[ 92%]   step 29458
[ 92%]   step 29459
[ 92%]   step 29460
[ 92%]   step 29461
[ 92%]   step 29462
[ 92%]   step 29463
[ 92%]   step 29464
[ 92%]   step 29465
[ 92%]   step 29466
[ 92%]   step 29467
[ 92%]   step 29468
[ 92%]   step 29469
[ 92%]   step 29470
[ 92%]   step 29471
[ 92%]   step 29472
[ 92%]   step 29473
[ 92%]   step 29474
[ 92%]   step 29475
[ 92%]   step 29476
[ 92%]   step 29477
[ 92%]   step 29478
[ 92%]   step 29479
[ 92%]   step 29480
[ 92%]   step 29481
[ 92%]   step 29482
[ 92%]   step 29483
[ 92%]   step 29484
[ 92%]   step 29485
[ 92%]   step 29486
[ 92%]   step 29487
[ 92%]   step 29488
[ 92%]   step 29489
[ 92%]   step 29490
[ 92%]   step 29491
[ 92%]   step 29492
[ 92%]   step 29493
[ 92%]   step 29494
+SWASH is processing output request    1
+SWASH is processing output request    2
[ 92%]   step 29495
[ 92%]   step 29496
[ 92%]   step 29497
[ 92%]   step 29498
[ 92%]   step 29499
[ 92%]   step 29500
[ 92%]   step 29501
[ 92%]   step 29502
[ 92%]   step 29503
[ 92%]   step 29504
[ 92%]   step 29505
[ 92%]   step 29506
[ 92%]   step 29507
[ 92%]   step 29508
[ 92%]   step 29509
[ 92%]   step 29510
[ 92%]   step 29511
[ 92%]   step 29512
[ 92%]   step 29513
[ 92%]   step 29514
[ 92%]   step 29515
[ 92%]   step 29516
[ 92%]   step 29517
[ 92%]   step 29518
[ 92%]   step 29519
[ 92%]   step 29520
[ 92%]   step 29521
[ 92%]   step 29522
[ 92%]   step 29523
[ 92%]   step 29524
[ 92%]   step 29525
[ 92%]   step 29526
[ 92%]   step 29527
[ 92%]   step 29528
[ 92%]   step 29529
[ 92%]   step 29530
[ 92%]   step 29531
[ 92%]   step 29532
[ 92%]   step 29533
[ 92%]   step 29534
[ 92%]   step 29535
+SWASH is processing output request    1
+SWASH is processing output request    2
[ 92%]   step 29536
[ 92%]   step 29537
[ 92%]   step 29538
[ 92%]   step 29539
[ 92%]   step 29540
[ 92%]   step 29541
[ 92%]   step 29542
[ 92%]   step 29543
[ 92%]   step 29544
[ 92%]   step 29545
[ 92%]   step 29546
[ 92%]   step 29547
[ 92%]   step 29548
[ 92%]   step 29549
[ 92%]   step 29550
[ 92%]   step 29551
[ 92%]   step 29552
[ 92%]   step 29553
[ 92%]   step 29554
[ 92%]   step 29555
[ 92%]   step 29556
[ 92%]   step 29557
[ 92%]   step 29558
[ 92%]   step 29559
[ 92%]   step 29560
[ 92%]   step 29561
[ 92%]   step 29562
[ 92%]   step 29563
[ 92%]   step 29564
[ 92%]   step 29565
[ 92%]   step 29566
[ 92%]   step 29567
[ 92%]   step 29568
[ 92%]   step 29569
[ 92%]   step 29570
[ 92%]   step 29571
[ 92%]   step 29572
[ 92%]   step 29573
[ 92%]   step 29574
[ 92%]   step 29575
[ 92%]   step 29576
+SWASH is processing output request    1
+SWASH is processing output request    2
[ 92%]   step 29577
[ 92%]   step 29578
[ 92%]   step 29579
[ 92%]   step 29580
[ 92%]   step 29581
[ 92%]   step 29582
[ 92%]   step 29583
[ 92%]   step 29584
[ 92%]   step 29585
[ 92%]   step 29586
[ 92%]   step 29587
[ 92%]   step 29588
[ 92%]   step 29589
[ 92%]   step 29590
[ 92%]   step 29591
[ 92%]   step 29592
[ 92%]   step 29593
[ 92%]   step 29594
[ 92%]   step 29595
[ 92%]   step 29596
[ 92%]   step 29597
[ 92%]   step 29598
[ 92%]   step 29599
[ 92%]   step 29600
[ 92%]   step 29601
[ 92%]   step 29602
[ 92%]   step 29603
[ 92%]   step 29604
[ 92%]   step 29605
[ 92%]   step 29606
[ 92%]   step 29607
[ 92%]   step 29608
[ 92%]   step 29609
[ 92%]   step 29610
[ 92%]   step 29611
[ 92%]   step 29612
[ 92%]   step 29613
[ 92%]   step 29614
[ 92%]   step 29615
[ 92%]   step 29616
[ 92%]   step 29617
+SWASH is processing output request    1
+SWASH is processing output request    2
[ 92%]   step 29618
[ 92%]   step 29619
[ 92%]   step 29620
[ 92%]   step 29621
[ 92%]   step 29622
[ 92%]   step 29623
[ 92%]   step 29624
[ 92%]   step 29625
[ 92%]   step 29626
[ 92%]   step 29627
[ 92%]   step 29628
[ 92%]   step 29629
[ 92%]   step 29630
[ 92%]   step 29631
[ 92%]   step 29632
[ 92%]   step 29633
[ 92%]   step 29634
[ 92%]   step 29635
[ 92%]   step 29636
[ 92%]   step 29637
[ 93%]   step 29638
[ 93%]   step 29639
[ 93%]   step 29640
[ 93%]   step 29641
[ 93%]   step 29642
[ 93%]   step 29643
[ 93%]   step 29644
[ 93%]   step 29645
[ 93%]   step 29646
[ 93%]   step 29647
[ 93%]   step 29648
[ 93%]   step 29649
[ 93%]   step 29650
[ 93%]   step 29651
[ 93%]   step 29652
[ 93%]   step 29653
[ 93%]   step 29654
[ 93%]   step 29655
[ 93%]   step 29656
[ 93%]   step 29657
[ 93%]   step 29658
+SWASH is processing output request    1
+SWASH is processing output request    2
[ 93%]   step 29659
[ 93%]   step 29660
[ 93%]   step 29661
[ 93%]   step 29662
[ 93%]   step 29663
[ 93%]   step 29664
[ 93%]   step 29665
[ 93%]   step 29666
[ 93%]   step 29667
[ 93%]   step 29668
[ 93%]   step 29669
[ 93%]   step 29670
[ 93%]   step 29671
[ 93%]   step 29672
[ 93%]   step 29673
[ 93%]   step 29674
[ 93%]   step 29675
[ 93%]   step 29676
[ 93%]   step 29677
[ 93%]   step 29678
[ 93%]   step 29679
[ 93%]   step 29680
[ 93%]   step 29681
[ 93%]   step 29682
[ 93%]   step 29683
[ 93%]   step 29684
[ 93%]   step 29685
[ 93%]   step 29686
[ 93%]   step 29687
[ 93%]   step 29688
[ 93%]   step 29689
[ 93%]   step 29690
[ 93%]   step 29691
[ 93%]   step 29692
[ 93%]   step 29693
[ 93%]   step 29694
[ 93%]   step 29695
[ 93%]   step 29696
[ 93%]   step 29697
[ 93%]   step 29698
[ 93%]   step 29699
+SWASH is processing output request    1
+SWASH is processing output request    2
[ 93%]   step 29700
[ 93%]   step 29701
[ 93%]   step 29702
[ 93%]   step 29703
[ 93%]   step 29704
[ 93%]   step 29705
[ 93%]   step 29706
[ 93%]   step 29707
[ 93%]   step 29708
[ 93%]   step 29709
[ 93%]   step 29710
[ 93%]   step 29711
[ 93%]   step 29712
[ 93%]   step 29713
[ 93%]   step 29714
[ 93%]   step 29715
[ 93%]   step 29716
[ 93%]   step 29717
[ 93%]   step 29718
[ 93%]   step 29719
[ 93%]   step 29720
[ 93%]   step 29721
[ 93%]   step 29722
[ 93%]   step 29723
[ 93%]   step 29724
[ 93%]   step 29725
[ 93%]   step 29726
[ 93%]   step 29727
[ 93%]   step 29728
[ 93%]   step 29729
[ 93%]   step 29730
[ 93%]   step 29731
[ 93%]   step 29732
[ 93%]   step 29733
[ 93%]   step 29734
[ 93%]   step 29735
[ 93%]   step 29736
[ 93%]   step 29737
[ 93%]   step 29738
[ 93%]   step 29739
[ 93%]   step 29740
[ 93%]   step 29741
+SWASH is processing output request    1
+SWASH is processing output request    2
[ 93%]   step 29742
[ 93%]   step 29743
[ 93%]   step 29744
[ 93%]   step 29745
[ 93%]   step 29746
[ 93%]   step 29747
[ 93%]   step 29748
[ 93%]   step 29749
[ 93%]   step 29750
[ 93%]   step 29751
[ 93%]   step 29752
[ 93%]   step 29753
[ 93%]   step 29754
[ 93%]   step 29755
[ 93%]   step 29756
[ 93%]   step 29757
[ 93%]   step 29758
[ 93%]   step 29759
[ 93%]   step 29760
[ 93%]   step 29761
[ 93%]   step 29762
[ 93%]   step 29763
[ 93%]   step 29764
[ 93%]   step 29765
[ 93%]   step 29766
[ 93%]   step 29767
[ 93%]   step 29768
[ 93%]   step 29769
[ 93%]   step 29770
[ 93%]   step 29771
[ 93%]   step 29772
[ 93%]   step 29773
[ 93%]   step 29774
[ 93%]   step 29775
[ 93%]   step 29776
[ 93%]   step 29777
[ 93%]   step 29778
[ 93%]   step 29779
[ 93%]   step 29780
[ 93%]   step 29781
[ 93%]   step 29782
+SWASH is processing output request    1
+SWASH is processing output request    2
[ 93%]   step 29783
[ 93%]   step 29784
[ 93%]   step 29785
[ 93%]   step 29786
[ 93%]   step 29787
[ 93%]   step 29788
[ 93%]   step 29789
[ 93%]   step 29790
[ 93%]   step 29791
[ 93%]   step 29792
[ 93%]   step 29793
[ 93%]   step 29794
[ 93%]   step 29795
[ 93%]   step 29796
[ 93%]   step 29797
[ 93%]   step 29798
[ 93%]   step 29799
[ 93%]   step 29800
[ 93%]   step 29801
[ 93%]   step 29802
[ 93%]   step 29803
[ 93%]   step 29804
[ 93%]   step 29805
[ 93%]   step 29806
[ 93%]   step 29807
[ 93%]   step 29808
[ 93%]   step 29809
[ 93%]   step 29810
[ 93%]   step 29811
[ 93%]   step 29812
[ 93%]   step 29813
[ 93%]   step 29814
[ 93%]   step 29815
[ 93%]   step 29816
[ 93%]   step 29817
[ 93%]   step 29818
[ 93%]   step 29819
[ 93%]   step 29820
[ 93%]   step 29821
[ 93%]   step 29822
[ 93%]   step 29823
+SWASH is processing output request    1
+SWASH is processing output request    2
[ 93%]   step 29824
[ 93%]   step 29825
[ 93%]   step 29826
[ 93%]   step 29827
[ 93%]   step 29828
[ 93%]   step 29829
[ 93%]   step 29830
[ 93%]   step 29831
[ 93%]   step 29832
[ 93%]   step 29833
[ 93%]   step 29834
[ 93%]   step 29835
[ 93%]   step 29836
[ 93%]   step 29837
[ 93%]   step 29838
[ 93%]   step 29839
[ 93%]   step 29840
[ 93%]   step 29841
[ 93%]   step 29842
[ 93%]   step 29843
[ 93%]   step 29844
[ 93%]   step 29845
[ 93%]   step 29846
[ 93%]   step 29847
[ 93%]   step 29848
[ 93%]   step 29849
[ 93%]   step 29850
[ 93%]   step 29851
[ 93%]   step 29852
[ 93%]   step 29853
[ 93%]   step 29854
[ 93%]   step 29855
[ 93%]   step 29856
[ 93%]   step 29857
[ 93%]   step 29858
[ 93%]   step 29859
[ 93%]   step 29860
[ 93%]   step 29861
[ 93%]   step 29862
[ 93%]   step 29863
[ 93%]   step 29864
+SWASH is processing output request    1
+SWASH is processing output request    2
[ 93%]   step 29865
[ 93%]   step 29866
[ 93%]   step 29867
[ 93%]   step 29868
[ 93%]   step 29869
[ 93%]   step 29870
[ 93%]   step 29871
[ 93%]   step 29872
[ 93%]   step 29873
[ 93%]   step 29874
[ 93%]   step 29875
[ 93%]   step 29876
[ 93%]   step 29877
[ 93%]   step 29878
[ 93%]   step 29879
[ 93%]   step 29880
[ 93%]   step 29881
[ 93%]   step 29882
[ 93%]   step 29883
[ 93%]   step 29884
[ 93%]   step 29885
[ 93%]   step 29886
[ 93%]   step 29887
[ 93%]   step 29888
[ 93%]   step 29889
[ 93%]   step 29890
[ 93%]   step 29891
[ 93%]   step 29892
[ 93%]   step 29893
[ 93%]   step 29894
[ 93%]   step 29895
[ 93%]   step 29896
[ 93%]   step 29897
[ 93%]   step 29898
[ 93%]   step 29899
[ 93%]   step 29900
[ 93%]   step 29901
[ 93%]   step 29902
[ 93%]   step 29903
[ 93%]   step 29904
[ 93%]   step 29905
+SWASH is processing output request    1
+SWASH is processing output request    2
[ 93%]   step 29906
[ 93%]   step 29907
[ 93%]   step 29908
[ 93%]   step 29909
[ 93%]   step 29910
[ 93%]   step 29911
[ 93%]   step 29912
[ 93%]   step 29913
[ 93%]   step 29914
[ 93%]   step 29915
[ 93%]   step 29916
[ 93%]   step 29917
[ 93%]   step 29918
[ 93%]   step 29919
[ 93%]   step 29920
[ 93%]   step 29921
[ 93%]   step 29922
[ 93%]   step 29923
[ 93%]   step 29924
[ 93%]   step 29925
[ 93%]   step 29926
[ 93%]   step 29927
[ 93%]   step 29928
[ 93%]   step 29929
[ 93%]   step 29930
[ 93%]   step 29931
[ 93%]   step 29932
[ 93%]   step 29933
[ 93%]   step 29934
[ 93%]   step 29935
[ 93%]   step 29936
[ 93%]   step 29937
[ 93%]   step 29938
[ 93%]   step 29939
[ 93%]   step 29940
[ 93%]   step 29941
[ 93%]   step 29942
[ 93%]   step 29943
[ 93%]   step 29944
[ 93%]   step 29945
[ 93%]   step 29946
+SWASH is processing output request    1
+SWASH is processing output request    2
[ 93%]   step 29947
[ 93%]   step 29948
[ 93%]   step 29949
[ 93%]   step 29950
[ 93%]   step 29951
[ 93%]   step 29952
[ 93%]   step 29953
[ 93%]   step 29954
[ 93%]   step 29955
[ 93%]   step 29956
[ 93%]   step 29957
[ 94%]   step 29958
[ 94%]   step 29959
[ 94%]   step 29960
[ 94%]   step 29961
[ 94%]   step 29962
[ 94%]   step 29963
[ 94%]   step 29964
[ 94%]   step 29965
[ 94%]   step 29966
[ 94%]   step 29967
[ 94%]   step 29968
[ 94%]   step 29969
[ 94%]   step 29970
[ 94%]   step 29971
[ 94%]   step 29972
[ 94%]   step 29973
[ 94%]   step 29974
[ 94%]   step 29975
[ 94%]   step 29976
[ 94%]   step 29977
[ 94%]   step 29978
[ 94%]   step 29979
[ 94%]   step 29980
[ 94%]   step 29981
[ 94%]   step 29982
[ 94%]   step 29983
[ 94%]   step 29984
[ 94%]   step 29985
[ 94%]   step 29986
[ 94%]   step 29987
+SWASH is processing output request    1
+SWASH is processing output request    2
[ 94%]   step 29988
[ 94%]   step 29989
[ 94%]   step 29990
[ 94%]   step 29991
[ 94%]   step 29992
[ 94%]   step 29993
[ 94%]   step 29994
[ 94%]   step 29995
[ 94%]   step 29996
[ 94%]   step 29997
[ 94%]   step 29998
[ 94%]   step 29999
[ 94%]   step 30000
[ 94%]   step 30001
[ 94%]   step 30002
[ 94%]   step 30003
[ 94%]   step 30004
[ 94%]   step 30005
[ 94%]   step 30006
[ 94%]   step 30007
[ 94%]   step 30008
[ 94%]   step 30009
[ 94%]   step 30010
[ 94%]   step 30011
[ 94%]   step 30012
[ 94%]   step 30013
[ 94%]   step 30014
[ 94%]   step 30015
[ 94%]   step 30016
[ 94%]   step 30017
[ 94%]   step 30018
[ 94%]   step 30019
[ 94%]   step 30020
[ 94%]   step 30021
[ 94%]   step 30022
[ 94%]   step 30023
[ 94%]   step 30024
[ 94%]   step 30025
[ 94%]   step 30026
[ 94%]   step 30027
[ 94%]   step 30028
+SWASH is processing output request    1
+SWASH is processing output request    2
[ 94%]   step 30029
[ 94%]   step 30030
[ 94%]   step 30031
[ 94%]   step 30032
[ 94%]   step 30033
[ 94%]   step 30034
[ 94%]   step 30035
[ 94%]   step 30036
[ 94%]   step 30037
[ 94%]   step 30038
[ 94%]   step 30039
[ 94%]   step 30040
[ 94%]   step 30041
[ 94%]   step 30042
[ 94%]   step 30043
[ 94%]   step 30044
[ 94%]   step 30045
[ 94%]   step 30046
[ 94%]   step 30047
[ 94%]   step 30048
[ 94%]   step 30049
[ 94%]   step 30050
[ 94%]   step 30051
[ 94%]   step 30052
[ 94%]   step 30053
[ 94%]   step 30054
[ 94%]   step 30055
[ 94%]   step 30056
[ 94%]   step 30057
[ 94%]   step 30058
[ 94%]   step 30059
[ 94%]   step 30060
[ 94%]   step 30061
[ 94%]   step 30062
[ 94%]   step 30063
[ 94%]   step 30064
[ 94%]   step 30065
[ 94%]   step 30066
[ 94%]   step 30067
[ 94%]   step 30068
[ 94%]   step 30069
+SWASH is processing output request    1
+SWASH is processing output request    2
[ 94%]   step 30070
[ 94%]   step 30071
[ 94%]   step 30072
[ 94%]   step 30073
[ 94%]   step 30074
[ 94%]   step 30075
[ 94%]   step 30076
[ 94%]   step 30077
[ 94%]   step 30078
[ 94%]   step 30079
[ 94%]   step 30080
[ 94%]   step 30081
[ 94%]   step 30082
[ 94%]   step 30083
[ 94%]   step 30084
[ 94%]   step 30085
[ 94%]   step 30086
[ 94%]   step 30087
[ 94%]   step 30088
[ 94%]   step 30089
[ 94%]   step 30090
[ 94%]   step 30091
[ 94%]   step 30092
[ 94%]   step 30093
[ 94%]   step 30094
[ 94%]   step 30095
[ 94%]   step 30096
[ 94%]   step 30097
[ 94%]   step 30098
[ 94%]   step 30099
[ 94%]   step 30100
[ 94%]   step 30101
[ 94%]   step 30102
[ 94%]   step 30103
[ 94%]   step 30104
[ 94%]   step 30105
[ 94%]   step 30106
[ 94%]   step 30107
[ 94%]   step 30108
[ 94%]   step 30109
[ 94%]   step 30110
+SWASH is processing output request    1
+SWASH is processing output request    2
[ 94%]   step 30111
[ 94%]   step 30112
[ 94%]   step 30113
[ 94%]   step 30114
[ 94%]   step 30115
[ 94%]   step 30116
[ 94%]   step 30117
[ 94%]   step 30118
[ 94%]   step 30119
[ 94%]   step 30120
[ 94%]   step 30121
[ 94%]   step 30122
[ 94%]   step 30123
[ 94%]   step 30124
[ 94%]   step 30125
[ 94%]   step 30126
[ 94%]   step 30127
[ 94%]   step 30128
[ 94%]   step 30129
[ 94%]   step 30130
[ 94%]   step 30131
[ 94%]   step 30132
[ 94%]   step 30133
[ 94%]   step 30134
[ 94%]   step 30135
[ 94%]   step 30136
[ 94%]   step 30137
[ 94%]   step 30138
[ 94%]   step 30139
[ 94%]   step 30140
[ 94%]   step 30141
[ 94%]   step 30142
[ 94%]   step 30143
[ 94%]   step 30144
[ 94%]   step 30145
[ 94%]   step 30146
[ 94%]   step 30147
[ 94%]   step 30148
[ 94%]   step 30149
[ 94%]   step 30150
[ 94%]   step 30151
+SWASH is processing output request    1
+SWASH is processing output request    2
[ 94%]   step 30152
[ 94%]   step 30153
[ 94%]   step 30154
[ 94%]   step 30155
[ 94%]   step 30156
[ 94%]   step 30157
[ 94%]   step 30158
[ 94%]   step 30159
[ 94%]   step 30160
[ 94%]   step 30161
[ 94%]   step 30162
[ 94%]   step 30163
[ 94%]   step 30164
[ 94%]   step 30165
[ 94%]   step 30166
[ 94%]   step 30167
[ 94%]   step 30168
[ 94%]   step 30169
[ 94%]   step 30170
[ 94%]   step 30171
[ 94%]   step 30172
[ 94%]   step 30173
[ 94%]   step 30174
[ 94%]   step 30175
[ 94%]   step 30176
[ 94%]   step 30177
[ 94%]   step 30178
[ 94%]   step 30179
[ 94%]   step 30180
[ 94%]   step 30181
[ 94%]   step 30182
[ 94%]   step 30183
[ 94%]   step 30184
[ 94%]   step 30185
[ 94%]   step 30186
[ 94%]   step 30187
[ 94%]   step 30188
[ 94%]   step 30189
[ 94%]   step 30190
[ 94%]   step 30191
[ 94%]   step 30192
+SWASH is processing output request    1
+SWASH is processing output request    2
[ 94%]   step 30193
[ 94%]   step 30194
[ 94%]   step 30195
[ 94%]   step 30196
[ 94%]   step 30197
[ 94%]   step 30198
[ 94%]   step 30199
[ 94%]   step 30200
[ 94%]   step 30201
[ 94%]   step 30202
[ 94%]   step 30203
[ 94%]   step 30204
[ 94%]   step 30205
[ 94%]   step 30206
[ 94%]   step 30207
[ 94%]   step 30208
[ 94%]   step 30209
[ 94%]   step 30210
[ 94%]   step 30211
[ 94%]   step 30212
[ 94%]   step 30213
[ 94%]   step 30214
[ 94%]   step 30215
[ 94%]   step 30216
[ 94%]   step 30217
[ 94%]   step 30218
[ 94%]   step 30219
[ 94%]   step 30220
[ 94%]   step 30221
[ 94%]   step 30222
[ 94%]   step 30223
[ 94%]   step 30224
[ 94%]   step 30225
[ 94%]   step 30226
[ 94%]   step 30227
[ 94%]   step 30228
[ 94%]   step 30229
[ 94%]   step 30230
[ 94%]   step 30231
[ 94%]   step 30232
[ 94%]   step 30233
+SWASH is processing output request    1
+SWASH is processing output request    2
[ 94%]   step 30234
[ 94%]   step 30235
[ 94%]   step 30236
[ 94%]   step 30237
[ 94%]   step 30238
[ 94%]   step 30239
[ 94%]   step 30240
[ 94%]   step 30241
[ 94%]   step 30242
[ 94%]   step 30243
[ 94%]   step 30244
[ 94%]   step 30245
[ 94%]   step 30246
[ 94%]   step 30247
[ 94%]   step 30248
[ 94%]   step 30249
[ 94%]   step 30250
[ 94%]   step 30251
[ 94%]   step 30252
[ 94%]   step 30253
[ 94%]   step 30254
[ 94%]   step 30255
[ 94%]   step 30256
[ 94%]   step 30257
[ 94%]   step 30258
[ 94%]   step 30259
[ 94%]   step 30260
[ 94%]   step 30261
[ 94%]   step 30262
[ 94%]   step 30263
[ 94%]   step 30264
[ 94%]   step 30265
[ 94%]   step 30266
[ 94%]   step 30267
[ 94%]   step 30268
[ 94%]   step 30269
[ 94%]   step 30270
[ 94%]   step 30271
[ 94%]   step 30272
[ 94%]   step 30273
[ 94%]   step 30274
[ 94%]   step 30275
+SWASH is processing output request    1
+SWASH is processing output request    2
[ 94%]   step 30276
[ 94%]   step 30277
[ 94%]   step 30278
[ 95%]   step 30279
[ 95%]   step 30280
[ 95%]   step 30281
[ 95%]   step 30282
[ 95%]   step 30283
[ 95%]   step 30284
[ 95%]   step 30285
[ 95%]   step 30286
[ 95%]   step 30287
[ 95%]   step 30288
[ 95%]   step 30289
[ 95%]   step 30290
[ 95%]   step 30291
[ 95%]   step 30292
[ 95%]   step 30293
[ 95%]   step 30294
[ 95%]   step 30295
[ 95%]   step 30296
[ 95%]   step 30297
[ 95%]   step 30298
[ 95%]   step 30299
[ 95%]   step 30300
[ 95%]   step 30301
[ 95%]   step 30302
[ 95%]   step 30303
[ 95%]   step 30304
[ 95%]   step 30305
[ 95%]   step 30306
[ 95%]   step 30307
[ 95%]   step 30308
[ 95%]   step 30309
[ 95%]   step 30310
[ 95%]   step 30311
[ 95%]   step 30312
[ 95%]   step 30313
[ 95%]   step 30314
[ 95%]   step 30315
[ 95%]   step 30316
+SWASH is processing output request    1
+SWASH is processing output request    2
[ 95%]   step 30317
[ 95%]   step 30318
[ 95%]   step 30319
[ 95%]   step 30320
[ 95%]   step 30321
[ 95%]   step 30322
[ 95%]   step 30323
[ 95%]   step 30324
[ 95%]   step 30325
[ 95%]   step 30326
[ 95%]   step 30327
[ 95%]   step 30328
[ 95%]   step 30329
[ 95%]   step 30330
[ 95%]   step 30331
[ 95%]   step 30332
[ 95%]   step 30333
[ 95%]   step 30334
[ 95%]   step 30335
[ 95%]   step 30336
[ 95%]   step 30337
[ 95%]   step 30338
[ 95%]   step 30339
[ 95%]   step 30340
[ 95%]   step 30341
[ 95%]   step 30342
[ 95%]   step 30343
[ 95%]   step 30344
[ 95%]   step 30345
[ 95%]   step 30346
[ 95%]   step 30347
[ 95%]   step 30348
[ 95%]   step 30349
[ 95%]   step 30350
[ 95%]   step 30351
[ 95%]   step 30352
[ 95%]   step 30353
[ 95%]   step 30354
[ 95%]   step 30355
[ 95%]   step 30356
[ 95%]   step 30357
+SWASH is processing output request    1
+SWASH is processing output request    2
[ 95%]   step 30358
[ 95%]   step 30359
[ 95%]   step 30360
[ 95%]   step 30361
[ 95%]   step 30362
[ 95%]   step 30363
[ 95%]   step 30364
[ 95%]   step 30365
[ 95%]   step 30366
[ 95%]   step 30367
[ 95%]   step 30368
[ 95%]   step 30369
[ 95%]   step 30370
[ 95%]   step 30371
[ 95%]   step 30372
[ 95%]   step 30373
[ 95%]   step 30374
[ 95%]   step 30375
[ 95%]   step 30376
[ 95%]   step 30377
[ 95%]   step 30378
[ 95%]   step 30379
[ 95%]   step 30380
[ 95%]   step 30381
[ 95%]   step 30382
[ 95%]   step 30383
[ 95%]   step 30384
[ 95%]   step 30385
[ 95%]   step 30386
[ 95%]   step 30387
[ 95%]   step 30388
[ 95%]   step 30389
[ 95%]   step 30390
[ 95%]   step 30391
[ 95%]   step 30392
[ 95%]   step 30393
[ 95%]   step 30394
[ 95%]   step 30395
[ 95%]   step 30396
[ 95%]   step 30397
[ 95%]   step 30398
+SWASH is processing output request    1
+SWASH is processing output request    2
[ 95%]   step 30399
[ 95%]   step 30400
[ 95%]   step 30401
[ 95%]   step 30402
[ 95%]   step 30403
[ 95%]   step 30404
[ 95%]   step 30405
[ 95%]   step 30406
[ 95%]   step 30407
[ 95%]   step 30408
[ 95%]   step 30409
[ 95%]   step 30410
[ 95%]   step 30411
[ 95%]   step 30412
[ 95%]   step 30413
[ 95%]   step 30414
[ 95%]   step 30415
[ 95%]   step 30416
[ 95%]   step 30417
[ 95%]   step 30418
[ 95%]   step 30419
[ 95%]   step 30420
[ 95%]   step 30421
[ 95%]   step 30422
[ 95%]   step 30423
[ 95%]   step 30424
[ 95%]   step 30425
[ 95%]   step 30426
[ 95%]   step 30427
[ 95%]   step 30428
[ 95%]   step 30429
[ 95%]   step 30430
[ 95%]   step 30431
[ 95%]   step 30432
[ 95%]   step 30433
[ 95%]   step 30434
[ 95%]   step 30435
[ 95%]   step 30436
[ 95%]   step 30437
[ 95%]   step 30438
[ 95%]   step 30439
+SWASH is processing output request    1
+SWASH is processing output request    2
[ 95%]   step 30440
[ 95%]   step 30441
[ 95%]   step 30442
[ 95%]   step 30443
[ 95%]   step 30444
[ 95%]   step 30445
[ 95%]   step 30446
[ 95%]   step 30447
[ 95%]   step 30448
[ 95%]   step 30449
[ 95%]   step 30450
[ 95%]   step 30451
[ 95%]   step 30452
[ 95%]   step 30453
[ 95%]   step 30454
[ 95%]   step 30455
[ 95%]   step 30456
[ 95%]   step 30457
[ 95%]   step 30458
[ 95%]   step 30459
[ 95%]   step 30460
[ 95%]   step 30461
[ 95%]   step 30462
[ 95%]   step 30463
[ 95%]   step 30464
[ 95%]   step 30465
[ 95%]   step 30466
[ 95%]   step 30467
[ 95%]   step 30468
[ 95%]   step 30469
[ 95%]   step 30470
[ 95%]   step 30471
[ 95%]   step 30472
[ 95%]   step 30473
[ 95%]   step 30474
[ 95%]   step 30475
[ 95%]   step 30476
[ 95%]   step 30477
[ 95%]   step 30478
[ 95%]   step 30479
[ 95%]   step 30480
+SWASH is processing output request    1
+SWASH is processing output request    2
[ 95%]   step 30481
[ 95%]   step 30482
[ 95%]   step 30483
[ 95%]   step 30484
[ 95%]   step 30485
[ 95%]   step 30486
[ 95%]   step 30487
[ 95%]   step 30488
[ 95%]   step 30489
[ 95%]   step 30490
[ 95%]   step 30491
[ 95%]   step 30492
[ 95%]   step 30493
[ 95%]   step 30494
[ 95%]   step 30495
[ 95%]   step 30496
[ 95%]   step 30497
[ 95%]   step 30498
[ 95%]   step 30499
[ 95%]   step 30500
[ 95%]   step 30501
[ 95%]   step 30502
[ 95%]   step 30503
[ 95%]   step 30504
[ 95%]   step 30505
[ 95%]   step 30506
[ 95%]   step 30507
[ 95%]   step 30508
[ 95%]   step 30509
[ 95%]   step 30510
[ 95%]   step 30511
[ 95%]   step 30512
[ 95%]   step 30513
[ 95%]   step 30514
[ 95%]   step 30515
[ 95%]   step 30516
[ 95%]   step 30517
[ 95%]   step 30518
[ 95%]   step 30519
[ 95%]   step 30520
[ 95%]   step 30521
+SWASH is processing output request    1
+SWASH is processing output request    2
[ 95%]   step 30522
[ 95%]   step 30523
[ 95%]   step 30524
[ 95%]   step 30525
[ 95%]   step 30526
[ 95%]   step 30527
[ 95%]   step 30528
[ 95%]   step 30529
[ 95%]   step 30530
[ 95%]   step 30531
[ 95%]   step 30532
[ 95%]   step 30533
[ 95%]   step 30534
[ 95%]   step 30535
[ 95%]   step 30536
[ 95%]   step 30537
[ 95%]   step 30538
[ 95%]   step 30539
[ 95%]   step 30540
[ 95%]   step 30541
[ 95%]   step 30542
[ 95%]   step 30543
[ 95%]   step 30544
[ 95%]   step 30545
[ 95%]   step 30546
[ 95%]   step 30547
[ 95%]   step 30548
[ 95%]   step 30549
[ 95%]   step 30550
[ 95%]   step 30551
[ 95%]   step 30552
[ 95%]   step 30553
[ 95%]   step 30554
[ 95%]   step 30555
[ 95%]   step 30556
[ 95%]   step 30557
[ 95%]   step 30558
[ 95%]   step 30559
[ 95%]   step 30560
[ 95%]   step 30561
[ 95%]   step 30562
+SWASH is processing output request    1
+SWASH is processing output request    2
[ 95%]   step 30563
[ 95%]   step 30564
[ 95%]   step 30565
[ 95%]   step 30566
[ 95%]   step 30567
[ 95%]   step 30568
[ 95%]   step 30569
[ 95%]   step 30570
[ 95%]   step 30571
[ 95%]   step 30572
[ 95%]   step 30573
[ 95%]   step 30574
[ 95%]   step 30575
[ 95%]   step 30576
[ 95%]   step 30577
[ 95%]   step 30578
[ 95%]   step 30579
[ 95%]   step 30580
[ 95%]   step 30581
[ 95%]   step 30582
[ 95%]   step 30583
[ 95%]   step 30584
[ 95%]   step 30585
[ 95%]   step 30586
[ 95%]   step 30587
[ 95%]   step 30588
[ 95%]   step 30589
[ 95%]   step 30590
[ 95%]   step 30591
[ 95%]   step 30592
[ 95%]   step 30593
[ 95%]   step 30594
[ 95%]   step 30595
[ 95%]   step 30596
[ 95%]   step 30597
[ 95%]   step 30598
[ 96%]   step 30599
[ 96%]   step 30600
[ 96%]   step 30601
[ 96%]   step 30602
[ 96%]   step 30603
+SWASH is processing output request    1
+SWASH is processing output request    2
[ 96%]   step 30604
[ 96%]   step 30605
[ 96%]   step 30606
[ 96%]   step 30607
[ 96%]   step 30608
[ 96%]   step 30609
[ 96%]   step 30610
[ 96%]   step 30611
[ 96%]   step 30612
[ 96%]   step 30613
[ 96%]   step 30614
[ 96%]   step 30615
[ 96%]   step 30616
[ 96%]   step 30617
[ 96%]   step 30618
[ 96%]   step 30619
[ 96%]   step 30620
[ 96%]   step 30621
[ 96%]   step 30622
[ 96%]   step 30623
[ 96%]   step 30624
[ 96%]   step 30625
[ 96%]   step 30626
[ 96%]   step 30627
[ 96%]   step 30628
[ 96%]   step 30629
[ 96%]   step 30630
[ 96%]   step 30631
[ 96%]   step 30632
[ 96%]   step 30633
[ 96%]   step 30634
[ 96%]   step 30635
[ 96%]   step 30636
[ 96%]   step 30637
[ 96%]   step 30638
[ 96%]   step 30639
[ 96%]   step 30640
[ 96%]   step 30641
[ 96%]   step 30642
[ 96%]   step 30643
[ 96%]   step 30644
+SWASH is processing output request    1
+SWASH is processing output request    2
[ 96%]   step 30645
[ 96%]   step 30646
[ 96%]   step 30647
[ 96%]   step 30648
[ 96%]   step 30649
[ 96%]   step 30650
[ 96%]   step 30651
[ 96%]   step 30652
[ 96%]   step 30653
[ 96%]   step 30654
[ 96%]   step 30655
[ 96%]   step 30656
[ 96%]   step 30657
[ 96%]   step 30658
[ 96%]   step 30659
[ 96%]   step 30660
[ 96%]   step 30661
[ 96%]   step 30662
[ 96%]   step 30663
[ 96%]   step 30664
[ 96%]   step 30665
[ 96%]   step 30666
[ 96%]   step 30667
[ 96%]   step 30668
[ 96%]   step 30669
[ 96%]   step 30670
[ 96%]   step 30671
[ 96%]   step 30672
[ 96%]   step 30673
[ 96%]   step 30674
[ 96%]   step 30675
[ 96%]   step 30676
[ 96%]   step 30677
[ 96%]   step 30678
[ 96%]   step 30679
[ 96%]   step 30680
[ 96%]   step 30681
[ 96%]   step 30682
[ 96%]   step 30683
[ 96%]   step 30684
[ 96%]   step 30685
+SWASH is processing output request    1
+SWASH is processing output request    2
[ 96%]   step 30686
[ 96%]   step 30687
[ 96%]   step 30688
[ 96%]   step 30689
[ 96%]   step 30690
[ 96%]   step 30691
[ 96%]   step 30692
[ 96%]   step 30693
[ 96%]   step 30694
[ 96%]   step 30695
[ 96%]   step 30696
[ 96%]   step 30697
[ 96%]   step 30698
[ 96%]   step 30699
[ 96%]   step 30700
[ 96%]   step 30701
[ 96%]   step 30702
[ 96%]   step 30703
[ 96%]   step 30704
[ 96%]   step 30705
[ 96%]   step 30706
[ 96%]   step 30707
[ 96%]   step 30708
[ 96%]   step 30709
[ 96%]   step 30710
[ 96%]   step 30711
[ 96%]   step 30712
[ 96%]   step 30713
[ 96%]   step 30714
[ 96%]   step 30715
[ 96%]   step 30716
[ 96%]   step 30717
[ 96%]   step 30718
[ 96%]   step 30719
[ 96%]   step 30720
[ 96%]   step 30721
[ 96%]   step 30722
[ 96%]   step 30723
[ 96%]   step 30724
[ 96%]   step 30725
[ 96%]   step 30726
+SWASH is processing output request    1
+SWASH is processing output request    2
[ 96%]   step 30727
[ 96%]   step 30728
[ 96%]   step 30729
[ 96%]   step 30730
[ 96%]   step 30731
[ 96%]   step 30732
[ 96%]   step 30733
[ 96%]   step 30734
[ 96%]   step 30735
[ 96%]   step 30736
[ 96%]   step 30737
[ 96%]   step 30738
[ 96%]   step 30739
[ 96%]   step 30740
[ 96%]   step 30741
[ 96%]   step 30742
[ 96%]   step 30743
[ 96%]   step 30744
[ 96%]   step 30745
[ 96%]   step 30746
[ 96%]   step 30747
[ 96%]   step 30748
[ 96%]   step 30749
[ 96%]   step 30750
[ 96%]   step 30751
[ 96%]   step 30752
[ 96%]   step 30753
[ 96%]   step 30754
[ 96%]   step 30755
[ 96%]   step 30756
[ 96%]   step 30757
[ 96%]   step 30758
[ 96%]   step 30759
[ 96%]   step 30760
[ 96%]   step 30761
[ 96%]   step 30762
[ 96%]   step 30763
[ 96%]   step 30764
[ 96%]   step 30765
[ 96%]   step 30766
[ 96%]   step 30767
+SWASH is processing output request    1
+SWASH is processing output request    2
[ 96%]   step 30768
[ 96%]   step 30769
[ 96%]   step 30770
[ 96%]   step 30771
[ 96%]   step 30772
[ 96%]   step 30773
[ 96%]   step 30774
[ 96%]   step 30775
[ 96%]   step 30776
[ 96%]   step 30777
[ 96%]   step 30778
[ 96%]   step 30779
[ 96%]   step 30780
[ 96%]   step 30781
[ 96%]   step 30782
[ 96%]   step 30783
[ 96%]   step 30784
[ 96%]   step 30785
[ 96%]   step 30786
[ 96%]   step 30787
[ 96%]   step 30788
[ 96%]   step 30789
[ 96%]   step 30790
[ 96%]   step 30791
[ 96%]   step 30792
[ 96%]   step 30793
[ 96%]   step 30794
[ 96%]   step 30795
[ 96%]   step 30796
[ 96%]   step 30797
[ 96%]   step 30798
[ 96%]   step 30799
[ 96%]   step 30800
[ 96%]   step 30801
[ 96%]   step 30802
[ 96%]   step 30803
[ 96%]   step 30804
[ 96%]   step 30805
[ 96%]   step 30806
[ 96%]   step 30807
[ 96%]   step 30808
[ 96%]   step 30809
+SWASH is processing output request    1
+SWASH is processing output request    2
[ 96%]   step 30810
[ 96%]   step 30811
[ 96%]   step 30812
[ 96%]   step 30813
[ 96%]   step 30814
[ 96%]   step 30815
[ 96%]   step 30816
[ 96%]   step 30817
[ 96%]   step 30818
[ 96%]   step 30819
[ 96%]   step 30820
[ 96%]   step 30821
[ 96%]   step 30822
[ 96%]   step 30823
[ 96%]   step 30824
[ 96%]   step 30825
[ 96%]   step 30826
[ 96%]   step 30827
[ 96%]   step 30828
[ 96%]   step 30829
[ 96%]   step 30830
[ 96%]   step 30831
[ 96%]   step 30832
[ 96%]   step 30833
[ 96%]   step 30834
[ 96%]   step 30835
[ 96%]   step 30836
[ 96%]   step 30837
[ 96%]   step 30838
[ 96%]   step 30839
[ 96%]   step 30840
[ 96%]   step 30841
[ 96%]   step 30842
[ 96%]   step 30843
[ 96%]   step 30844
[ 96%]   step 30845
[ 96%]   step 30846
[ 96%]   step 30847
[ 96%]   step 30848
[ 96%]   step 30849
[ 96%]   step 30850
+SWASH is processing output request    1
+SWASH is processing output request    2
[ 96%]   step 30851
[ 96%]   step 30852
[ 96%]   step 30853
[ 96%]   step 30854
[ 96%]   step 30855
[ 96%]   step 30856
[ 96%]   step 30857
[ 96%]   step 30858
[ 96%]   step 30859
[ 96%]   step 30860
[ 96%]   step 30861
[ 96%]   step 30862
[ 96%]   step 30863
[ 96%]   step 30864
[ 96%]   step 30865
[ 96%]   step 30866
[ 96%]   step 30867
[ 96%]   step 30868
[ 96%]   step 30869
[ 96%]   step 30870
[ 96%]   step 30871
[ 96%]   step 30872
[ 96%]   step 30873
[ 96%]   step 30874
[ 96%]   step 30875
[ 96%]   step 30876
[ 96%]   step 30877
[ 96%]   step 30878
[ 96%]   step 30879
[ 96%]   step 30880
[ 96%]   step 30881
[ 96%]   step 30882
[ 96%]   step 30883
[ 96%]   step 30884
[ 96%]   step 30885
[ 96%]   step 30886
[ 96%]   step 30887
[ 96%]   step 30888
[ 96%]   step 30889
[ 96%]   step 30890
[ 96%]   step 30891
+SWASH is processing output request    1
+SWASH is processing output request    2
[ 96%]   step 30892
[ 96%]   step 30893
[ 96%]   step 30894
[ 96%]   step 30895
[ 96%]   step 30896
[ 96%]   step 30897
[ 96%]   step 30898
[ 96%]   step 30899
[ 96%]   step 30900
[ 96%]   step 30901
[ 96%]   step 30902
[ 96%]   step 30903
[ 96%]   step 30904
[ 96%]   step 30905
[ 96%]   step 30906
[ 96%]   step 30907
[ 96%]   step 30908
[ 96%]   step 30909
[ 96%]   step 30910
[ 96%]   step 30911
[ 96%]   step 30912
[ 96%]   step 30913
[ 96%]   step 30914
[ 96%]   step 30915
[ 96%]   step 30916
[ 96%]   step 30917
[ 96%]   step 30918
[ 97%]   step 30919
[ 97%]   step 30920
[ 97%]   step 30921
[ 97%]   step 30922
[ 97%]   step 30923
[ 97%]   step 30924
[ 97%]   step 30925
[ 97%]   step 30926
[ 97%]   step 30927
[ 97%]   step 30928
[ 97%]   step 30929
[ 97%]   step 30930
[ 97%]   step 30931
[ 97%]   step 30932
+SWASH is processing output request    1
+SWASH is processing output request    2
[ 97%]   step 30933
[ 97%]   step 30934
[ 97%]   step 30935
[ 97%]   step 30936
[ 97%]   step 30937
[ 97%]   step 30938
[ 97%]   step 30939
[ 97%]   step 30940
[ 97%]   step 30941
[ 97%]   step 30942
[ 97%]   step 30943
[ 97%]   step 30944
[ 97%]   step 30945
[ 97%]   step 30946
[ 97%]   step 30947
[ 97%]   step 30948
[ 97%]   step 30949
[ 97%]   step 30950
[ 97%]   step 30951
[ 97%]   step 30952
[ 97%]   step 30953
[ 97%]   step 30954
[ 97%]   step 30955
[ 97%]   step 30956
[ 97%]   step 30957
[ 97%]   step 30958
[ 97%]   step 30959
[ 97%]   step 30960
[ 97%]   step 30961
[ 97%]   step 30962
[ 97%]   step 30963
[ 97%]   step 30964
[ 97%]   step 30965
[ 97%]   step 30966
[ 97%]   step 30967
[ 97%]   step 30968
[ 97%]   step 30969
[ 97%]   step 30970
[ 97%]   step 30971
[ 97%]   step 30972
[ 97%]   step 30973
+SWASH is processing output request    1
+SWASH is processing output request    2
[ 97%]   step 30974
[ 97%]   step 30975
[ 97%]   step 30976
[ 97%]   step 30977
[ 97%]   step 30978
[ 97%]   step 30979
[ 97%]   step 30980
[ 97%]   step 30981
[ 97%]   step 30982
[ 97%]   step 30983
[ 97%]   step 30984
[ 97%]   step 30985
[ 97%]   step 30986
[ 97%]   step 30987
[ 97%]   step 30988
[ 97%]   step 30989
[ 97%]   step 30990
[ 97%]   step 30991
[ 97%]   step 30992
[ 97%]   step 30993
[ 97%]   step 30994
[ 97%]   step 30995
[ 97%]   step 30996
[ 97%]   step 30997
[ 97%]   step 30998
[ 97%]   step 30999
[ 97%]   step 31000
[ 97%]   step 31001
[ 97%]   step 31002
[ 97%]   step 31003
[ 97%]   step 31004
[ 97%]   step 31005
[ 97%]   step 31006
[ 97%]   step 31007
[ 97%]   step 31008
[ 97%]   step 31009
[ 97%]   step 31010
[ 97%]   step 31011
[ 97%]   step 31012
[ 97%]   step 31013
[ 97%]   step 31014
+SWASH is processing output request    1
+SWASH is processing output request    2
[ 97%]   step 31015
[ 97%]   step 31016
[ 97%]   step 31017
[ 97%]   step 31018
[ 97%]   step 31019
[ 97%]   step 31020
[ 97%]   step 31021
[ 97%]   step 31022
[ 97%]   step 31023
[ 97%]   step 31024
[ 97%]   step 31025
[ 97%]   step 31026
[ 97%]   step 31027
[ 97%]   step 31028
[ 97%]   step 31029
[ 97%]   step 31030
[ 97%]   step 31031
[ 97%]   step 31032
[ 97%]   step 31033
[ 97%]   step 31034
[ 97%]   step 31035
[ 97%]   step 31036
[ 97%]   step 31037
[ 97%]   step 31038
[ 97%]   step 31039
[ 97%]   step 31040
[ 97%]   step 31041
[ 97%]   step 31042
[ 97%]   step 31043
[ 97%]   step 31044
[ 97%]   step 31045
[ 97%]   step 31046
[ 97%]   step 31047
[ 97%]   step 31048
[ 97%]   step 31049
[ 97%]   step 31050
[ 97%]   step 31051
[ 97%]   step 31052
[ 97%]   step 31053
[ 97%]   step 31054
[ 97%]   step 31055
+SWASH is processing output request    1
+SWASH is processing output request    2
[ 97%]   step 31056
[ 97%]   step 31057
[ 97%]   step 31058
[ 97%]   step 31059
[ 97%]   step 31060
[ 97%]   step 31061
[ 97%]   step 31062
[ 97%]   step 31063
[ 97%]   step 31064
[ 97%]   step 31065
[ 97%]   step 31066
[ 97%]   step 31067
[ 97%]   step 31068
[ 97%]   step 31069
[ 97%]   step 31070
[ 97%]   step 31071
[ 97%]   step 31072
[ 97%]   step 31073
[ 97%]   step 31074
[ 97%]   step 31075
[ 97%]   step 31076
[ 97%]   step 31077
[ 97%]   step 31078
[ 97%]   step 31079
[ 97%]   step 31080
[ 97%]   step 31081
[ 97%]   step 31082
[ 97%]   step 31083
[ 97%]   step 31084
[ 97%]   step 31085
[ 97%]   step 31086
[ 97%]   step 31087
[ 97%]   step 31088
[ 97%]   step 31089
[ 97%]   step 31090
[ 97%]   step 31091
[ 97%]   step 31092
[ 97%]   step 31093
[ 97%]   step 31094
[ 97%]   step 31095
[ 97%]   step 31096
+SWASH is processing output request    1
+SWASH is processing output request    2
[ 97%]   step 31097
[ 97%]   step 31098
[ 97%]   step 31099
[ 97%]   step 31100
[ 97%]   step 31101
[ 97%]   step 31102
[ 97%]   step 31103
[ 97%]   step 31104
[ 97%]   step 31105
[ 97%]   step 31106
[ 97%]   step 31107
[ 97%]   step 31108
[ 97%]   step 31109
[ 97%]   step 31110
[ 97%]   step 31111
[ 97%]   step 31112
[ 97%]   step 31113
[ 97%]   step 31114
[ 97%]   step 31115
[ 97%]   step 31116
[ 97%]   step 31117
[ 97%]   step 31118
[ 97%]   step 31119
[ 97%]   step 31120
[ 97%]   step 31121
[ 97%]   step 31122
[ 97%]   step 31123
[ 97%]   step 31124
[ 97%]   step 31125
[ 97%]   step 31126
[ 97%]   step 31127
[ 97%]   step 31128
[ 97%]   step 31129
[ 97%]   step 31130
[ 97%]   step 31131
[ 97%]   step 31132
[ 97%]   step 31133
[ 97%]   step 31134
[ 97%]   step 31135
[ 97%]   step 31136
[ 97%]   step 31137
+SWASH is processing output request    1
+SWASH is processing output request    2
[ 97%]   step 31138
[ 97%]   step 31139
[ 97%]   step 31140
[ 97%]   step 31141
[ 97%]   step 31142
[ 97%]   step 31143
[ 97%]   step 31144
[ 97%]   step 31145
[ 97%]   step 31146
[ 97%]   step 31147
[ 97%]   step 31148
[ 97%]   step 31149
[ 97%]   step 31150
[ 97%]   step 31151
[ 97%]   step 31152
[ 97%]   step 31153
[ 97%]   step 31154
[ 97%]   step 31155
[ 97%]   step 31156
[ 97%]   step 31157
[ 97%]   step 31158
[ 97%]   step 31159
[ 97%]   step 31160
[ 97%]   step 31161
[ 97%]   step 31162
[ 97%]   step 31163
[ 97%]   step 31164
[ 97%]   step 31165
[ 97%]   step 31166
[ 97%]   step 31167
[ 97%]   step 31168
[ 97%]   step 31169
[ 97%]   step 31170
[ 97%]   step 31171
[ 97%]   step 31172
[ 97%]   step 31173
[ 97%]   step 31174
[ 97%]   step 31175
[ 97%]   step 31176
[ 97%]   step 31177
[ 97%]   step 31178
+SWASH is processing output request    1
+SWASH is processing output request    2
[ 97%]   step 31179
[ 97%]   step 31180
[ 97%]   step 31181
[ 97%]   step 31182
[ 97%]   step 31183
[ 97%]   step 31184
[ 97%]   step 31185
[ 97%]   step 31186
[ 97%]   step 31187
[ 97%]   step 31188
[ 97%]   step 31189
[ 97%]   step 31190
[ 97%]   step 31191
[ 97%]   step 31192
[ 97%]   step 31193
[ 97%]   step 31194
[ 97%]   step 31195
[ 97%]   step 31196
[ 97%]   step 31197
[ 97%]   step 31198
[ 97%]   step 31199
[ 97%]   step 31200
[ 97%]   step 31201
[ 97%]   step 31202
[ 97%]   step 31203
[ 97%]   step 31204
[ 97%]   step 31205
[ 97%]   step 31206
[ 97%]   step 31207
[ 97%]   step 31208
[ 97%]   step 31209
[ 97%]   step 31210
[ 97%]   step 31211
[ 97%]   step 31212
[ 97%]   step 31213
[ 97%]   step 31214
[ 97%]   step 31215
[ 97%]   step 31216
[ 97%]   step 31217
[ 97%]   step 31218
[ 97%]   step 31219
+SWASH is processing output request    1
+SWASH is processing output request    2
[ 97%]   step 31220
[ 97%]   step 31221
[ 97%]   step 31222
[ 97%]   step 31223
[ 97%]   step 31224
[ 97%]   step 31225
[ 97%]   step 31226
[ 97%]   step 31227
[ 97%]   step 31228
[ 97%]   step 31229
[ 97%]   step 31230
[ 97%]   step 31231
[ 97%]   step 31232
[ 97%]   step 31233
[ 97%]   step 31234
[ 97%]   step 31235
[ 97%]   step 31236
[ 97%]   step 31237
[ 97%]   step 31238
[ 97%]   step 31239
[ 98%]   step 31240
[ 98%]   step 31241
[ 98%]   step 31242
[ 98%]   step 31243
[ 98%]   step 31244
[ 98%]   step 31245
[ 98%]   step 31246
[ 98%]   step 31247
[ 98%]   step 31248
[ 98%]   step 31249
[ 98%]   step 31250
[ 98%]   step 31251
[ 98%]   step 31252
[ 98%]   step 31253
[ 98%]   step 31254
[ 98%]   step 31255
[ 98%]   step 31256
[ 98%]   step 31257
[ 98%]   step 31258
[ 98%]   step 31259
[ 98%]   step 31260
+SWASH is processing output request    1
+SWASH is processing output request    2
[ 98%]   step 31261
[ 98%]   step 31262
[ 98%]   step 31263
[ 98%]   step 31264
[ 98%]   step 31265
[ 98%]   step 31266
[ 98%]   step 31267
[ 98%]   step 31268
[ 98%]   step 31269
[ 98%]   step 31270
[ 98%]   step 31271
[ 98%]   step 31272
[ 98%]   step 31273
[ 98%]   step 31274
[ 98%]   step 31275
[ 98%]   step 31276
[ 98%]   step 31277
[ 98%]   step 31278
[ 98%]   step 31279
[ 98%]   step 31280
[ 98%]   step 31281
[ 98%]   step 31282
[ 98%]   step 31283
[ 98%]   step 31284
[ 98%]   step 31285
[ 98%]   step 31286
[ 98%]   step 31287
[ 98%]   step 31288
[ 98%]   step 31289
[ 98%]   step 31290
[ 98%]   step 31291
[ 98%]   step 31292
[ 98%]   step 31293
[ 98%]   step 31294
[ 98%]   step 31295
[ 98%]   step 31296
[ 98%]   step 31297
[ 98%]   step 31298
[ 98%]   step 31299
[ 98%]   step 31300
[ 98%]   step 31301
+SWASH is processing output request    1
+SWASH is processing output request    2
[ 98%]   step 31302
[ 98%]   step 31303
[ 98%]   step 31304
[ 98%]   step 31305
[ 98%]   step 31306
[ 98%]   step 31307
[ 98%]   step 31308
[ 98%]   step 31309
[ 98%]   step 31310
[ 98%]   step 31311
[ 98%]   step 31312
[ 98%]   step 31313
[ 98%]   step 31314
[ 98%]   step 31315
[ 98%]   step 31316
[ 98%]   step 31317
[ 98%]   step 31318
[ 98%]   step 31319
[ 98%]   step 31320
[ 98%]   step 31321
[ 98%]   step 31322
[ 98%]   step 31323
[ 98%]   step 31324
[ 98%]   step 31325
[ 98%]   step 31326
[ 98%]   step 31327
[ 98%]   step 31328
[ 98%]   step 31329
[ 98%]   step 31330
[ 98%]   step 31331
[ 98%]   step 31332
[ 98%]   step 31333
[ 98%]   step 31334
[ 98%]   step 31335
[ 98%]   step 31336
[ 98%]   step 31337
[ 98%]   step 31338
[ 98%]   step 31339
[ 98%]   step 31340
[ 98%]   step 31341
[ 98%]   step 31342
[ 98%]   step 31343
+SWASH is processing output request    1
+SWASH is processing output request    2
[ 98%]   step 31344
[ 98%]   step 31345
[ 98%]   step 31346
[ 98%]   step 31347
[ 98%]   step 31348
[ 98%]   step 31349
[ 98%]   step 31350
[ 98%]   step 31351
[ 98%]   step 31352
[ 98%]   step 31353
[ 98%]   step 31354
[ 98%]   step 31355
[ 98%]   step 31356
[ 98%]   step 31357
[ 98%]   step 31358
[ 98%]   step 31359
[ 98%]   step 31360
[ 98%]   step 31361
[ 98%]   step 31362
[ 98%]   step 31363
[ 98%]   step 31364
[ 98%]   step 31365
[ 98%]   step 31366
[ 98%]   step 31367
[ 98%]   step 31368
[ 98%]   step 31369
[ 98%]   step 31370
[ 98%]   step 31371
[ 98%]   step 31372
[ 98%]   step 31373
[ 98%]   step 31374
[ 98%]   step 31375
[ 98%]   step 31376
[ 98%]   step 31377
[ 98%]   step 31378
[ 98%]   step 31379
[ 98%]   step 31380
[ 98%]   step 31381
[ 98%]   step 31382
[ 98%]   step 31383
[ 98%]   step 31384
+SWASH is processing output request    1
+SWASH is processing output request    2
[ 98%]   step 31385
[ 98%]   step 31386
[ 98%]   step 31387
[ 98%]   step 31388
[ 98%]   step 31389
[ 98%]   step 31390
[ 98%]   step 31391
[ 98%]   step 31392
[ 98%]   step 31393
[ 98%]   step 31394
[ 98%]   step 31395
[ 98%]   step 31396
[ 98%]   step 31397
[ 98%]   step 31398
[ 98%]   step 31399
[ 98%]   step 31400
[ 98%]   step 31401
[ 98%]   step 31402
[ 98%]   step 31403
[ 98%]   step 31404
[ 98%]   step 31405
[ 98%]   step 31406
[ 98%]   step 31407
[ 98%]   step 31408
[ 98%]   step 31409
[ 98%]   step 31410
[ 98%]   step 31411
[ 98%]   step 31412
[ 98%]   step 31413
[ 98%]   step 31414
[ 98%]   step 31415
[ 98%]   step 31416
[ 98%]   step 31417
[ 98%]   step 31418
[ 98%]   step 31419
[ 98%]   step 31420
[ 98%]   step 31421
[ 98%]   step 31422
[ 98%]   step 31423
[ 98%]   step 31424
[ 98%]   step 31425
+SWASH is processing output request    1
+SWASH is processing output request    2
[ 98%]   step 31426
[ 98%]   step 31427
[ 98%]   step 31428
[ 98%]   step 31429
[ 98%]   step 31430
[ 98%]   step 31431
[ 98%]   step 31432
[ 98%]   step 31433
[ 98%]   step 31434
[ 98%]   step 31435
[ 98%]   step 31436
[ 98%]   step 31437
[ 98%]   step 31438
[ 98%]   step 31439
[ 98%]   step 31440
[ 98%]   step 31441
[ 98%]   step 31442
[ 98%]   step 31443
[ 98%]   step 31444
[ 98%]   step 31445
[ 98%]   step 31446
[ 98%]   step 31447
[ 98%]   step 31448
[ 98%]   step 31449
[ 98%]   step 31450
[ 98%]   step 31451
[ 98%]   step 31452
[ 98%]   step 31453
[ 98%]   step 31454
[ 98%]   step 31455
[ 98%]   step 31456
[ 98%]   step 31457
[ 98%]   step 31458
[ 98%]   step 31459
[ 98%]   step 31460
[ 98%]   step 31461
[ 98%]   step 31462
[ 98%]   step 31463
[ 98%]   step 31464
[ 98%]   step 31465
[ 98%]   step 31466
+SWASH is processing output request    1
+SWASH is processing output request    2
[ 98%]   step 31467
[ 98%]   step 31468
[ 98%]   step 31469
[ 98%]   step 31470
[ 98%]   step 31471
[ 98%]   step 31472
[ 98%]   step 31473
[ 98%]   step 31474
[ 98%]   step 31475
[ 98%]   step 31476
[ 98%]   step 31477
[ 98%]   step 31478
[ 98%]   step 31479
[ 98%]   step 31480
[ 98%]   step 31481
[ 98%]   step 31482
[ 98%]   step 31483
[ 98%]   step 31484
[ 98%]   step 31485
[ 98%]   step 31486
[ 98%]   step 31487
[ 98%]   step 31488
[ 98%]   step 31489
[ 98%]   step 31490
[ 98%]   step 31491
[ 98%]   step 31492
[ 98%]   step 31493
[ 98%]   step 31494
[ 98%]   step 31495
[ 98%]   step 31496
[ 98%]   step 31497
[ 98%]   step 31498
[ 98%]   step 31499
[ 98%]   step 31500
[ 98%]   step 31501
[ 98%]   step 31502
[ 98%]   step 31503
[ 98%]   step 31504
[ 98%]   step 31505
[ 98%]   step 31506
[ 98%]   step 31507
+SWASH is processing output request    1
+SWASH is processing output request    2
[ 98%]   step 31508
[ 98%]   step 31509
[ 98%]   step 31510
[ 98%]   step 31511
[ 98%]   step 31512
[ 98%]   step 31513
[ 98%]   step 31514
[ 98%]   step 31515
[ 98%]   step 31516
[ 98%]   step 31517
[ 98%]   step 31518
[ 98%]   step 31519
[ 98%]   step 31520
[ 98%]   step 31521
[ 98%]   step 31522
[ 98%]   step 31523
[ 98%]   step 31524
[ 98%]   step 31525
[ 98%]   step 31526
[ 98%]   step 31527
[ 98%]   step 31528
[ 98%]   step 31529
[ 98%]   step 31530
[ 98%]   step 31531
[ 98%]   step 31532
[ 98%]   step 31533
[ 98%]   step 31534
[ 98%]   step 31535
[ 98%]   step 31536
[ 98%]   step 31537
[ 98%]   step 31538
[ 98%]   step 31539
[ 98%]   step 31540
[ 98%]   step 31541
[ 98%]   step 31542
[ 98%]   step 31543
[ 98%]   step 31544
[ 98%]   step 31545
[ 98%]   step 31546
[ 98%]   step 31547
[ 98%]   step 31548
+SWASH is processing output request    1
+SWASH is processing output request    2
[ 98%]   step 31549
[ 98%]   step 31550
[ 98%]   step 31551
[ 98%]   step 31552
[ 98%]   step 31553
[ 98%]   step 31554
[ 98%]   step 31555
[ 98%]   step 31556
[ 98%]   step 31557
[ 98%]   step 31558
[ 98%]   step 31559
[ 99%]   step 31560
[ 99%]   step 31561
[ 99%]   step 31562
[ 99%]   step 31563
[ 99%]   step 31564
[ 99%]   step 31565
[ 99%]   step 31566
[ 99%]   step 31567
[ 99%]   step 31568
[ 99%]   step 31569
[ 99%]   step 31570
[ 99%]   step 31571
[ 99%]   step 31572
[ 99%]   step 31573
[ 99%]   step 31574
[ 99%]   step 31575
[ 99%]   step 31576
[ 99%]   step 31577
[ 99%]   step 31578
[ 99%]   step 31579
[ 99%]   step 31580
[ 99%]   step 31581
[ 99%]   step 31582
[ 99%]   step 31583
[ 99%]   step 31584
[ 99%]   step 31585
[ 99%]   step 31586
[ 99%]   step 31587
[ 99%]   step 31588
[ 99%]   step 31589
+SWASH is processing output request    1
+SWASH is processing output request    2
[ 99%]   step 31590
[ 99%]   step 31591
[ 99%]   step 31592
[ 99%]   step 31593
[ 99%]   step 31594
[ 99%]   step 31595
[ 99%]   step 31596
[ 99%]   step 31597
[ 99%]   step 31598
[ 99%]   step 31599
[ 99%]   step 31600
[ 99%]   step 31601
[ 99%]   step 31602
[ 99%]   step 31603
[ 99%]   step 31604
[ 99%]   step 31605
[ 99%]   step 31606
[ 99%]   step 31607
[ 99%]   step 31608
[ 99%]   step 31609
[ 99%]   step 31610
[ 99%]   step 31611
[ 99%]   step 31612
[ 99%]   step 31613
[ 99%]   step 31614
[ 99%]   step 31615
[ 99%]   step 31616
[ 99%]   step 31617
[ 99%]   step 31618
[ 99%]   step 31619
[ 99%]   step 31620
[ 99%]   step 31621
[ 99%]   step 31622
[ 99%]   step 31623
[ 99%]   step 31624
[ 99%]   step 31625
[ 99%]   step 31626
[ 99%]   step 31627
[ 99%]   step 31628
[ 99%]   step 31629
[ 99%]   step 31630
+SWASH is processing output request    1
+SWASH is processing output request    2
[ 99%]   step 31631
[ 99%]   step 31632
[ 99%]   step 31633
[ 99%]   step 31634
[ 99%]   step 31635
[ 99%]   step 31636
[ 99%]   step 31637
[ 99%]   step 31638
[ 99%]   step 31639
[ 99%]   step 31640
[ 99%]   step 31641
[ 99%]   step 31642
[ 99%]   step 31643
[ 99%]   step 31644
[ 99%]   step 31645
[ 99%]   step 31646
[ 99%]   step 31647
[ 99%]   step 31648
[ 99%]   step 31649
[ 99%]   step 31650
[ 99%]   step 31651
[ 99%]   step 31652
[ 99%]   step 31653
[ 99%]   step 31654
[ 99%]   step 31655
[ 99%]   step 31656
[ 99%]   step 31657
[ 99%]   step 31658
[ 99%]   step 31659
[ 99%]   step 31660
[ 99%]   step 31661
[ 99%]   step 31662
[ 99%]   step 31663
[ 99%]   step 31664
[ 99%]   step 31665
[ 99%]   step 31666
[ 99%]   step 31667
[ 99%]   step 31668
[ 99%]   step 31669
[ 99%]   step 31670
[ 99%]   step 31671
+SWASH is processing output request    1
+SWASH is processing output request    2
[ 99%]   step 31672
[ 99%]   step 31673
[ 99%]   step 31674
[ 99%]   step 31675
[ 99%]   step 31676
[ 99%]   step 31677
[ 99%]   step 31678
[ 99%]   step 31679
[ 99%]   step 31680
[ 99%]   step 31681
[ 99%]   step 31682
[ 99%]   step 31683
[ 99%]   step 31684
[ 99%]   step 31685
[ 99%]   step 31686
[ 99%]   step 31687
[ 99%]   step 31688
[ 99%]   step 31689
[ 99%]   step 31690
[ 99%]   step 31691
[ 99%]   step 31692
[ 99%]   step 31693
[ 99%]   step 31694
[ 99%]   step 31695
[ 99%]   step 31696
[ 99%]   step 31697
[ 99%]   step 31698
[ 99%]   step 31699
[ 99%]   step 31700
[ 99%]   step 31701
[ 99%]   step 31702
[ 99%]   step 31703
[ 99%]   step 31704
[ 99%]   step 31705
[ 99%]   step 31706
[ 99%]   step 31707
[ 99%]   step 31708
[ 99%]   step 31709
[ 99%]   step 31710
[ 99%]   step 31711
[ 99%]   step 31712
+SWASH is processing output request    1
+SWASH is processing output request    2
[ 99%]   step 31713
[ 99%]   step 31714
[ 99%]   step 31715
[ 99%]   step 31716
[ 99%]   step 31717
[ 99%]   step 31718
[ 99%]   step 31719
[ 99%]   step 31720
[ 99%]   step 31721
[ 99%]   step 31722
[ 99%]   step 31723
[ 99%]   step 31724
[ 99%]   step 31725
[ 99%]   step 31726
[ 99%]   step 31727
[ 99%]   step 31728
[ 99%]   step 31729
[ 99%]   step 31730
[ 99%]   step 31731
[ 99%]   step 31732
[ 99%]   step 31733
[ 99%]   step 31734
[ 99%]   step 31735
[ 99%]   step 31736
[ 99%]   step 31737
[ 99%]   step 31738
[ 99%]   step 31739
[ 99%]   step 31740
[ 99%]   step 31741
[ 99%]   step 31742
[ 99%]   step 31743
[ 99%]   step 31744
[ 99%]   step 31745
[ 99%]   step 31746
[ 99%]   step 31747
[ 99%]   step 31748
[ 99%]   step 31749
[ 99%]   step 31750
[ 99%]   step 31751
[ 99%]   step 31752
[ 99%]   step 31753
+SWASH is processing output request    1
+SWASH is processing output request    2
[ 99%]   step 31754
[ 99%]   step 31755
[ 99%]   step 31756
[ 99%]   step 31757
[ 99%]   step 31758
[ 99%]   step 31759
[ 99%]   step 31760
[ 99%]   step 31761
[ 99%]   step 31762
[ 99%]   step 31763
[ 99%]   step 31764
[ 99%]   step 31765
[ 99%]   step 31766
[ 99%]   step 31767
[ 99%]   step 31768
[ 99%]   step 31769
[ 99%]   step 31770
[ 99%]   step 31771
[ 99%]   step 31772
[ 99%]   step 31773
[ 99%]   step 31774
[ 99%]   step 31775
[ 99%]   step 31776
[ 99%]   step 31777
[ 99%]   step 31778
[ 99%]   step 31779
[ 99%]   step 31780
[ 99%]   step 31781
[ 99%]   step 31782
[ 99%]   step 31783
[ 99%]   step 31784
[ 99%]   step 31785
[ 99%]   step 31786
[ 99%]   step 31787
[ 99%]   step 31788
[ 99%]   step 31789
[ 99%]   step 31790
[ 99%]   step 31791
[ 99%]   step 31792
[ 99%]   step 31793
[ 99%]   step 31794
+SWASH is processing output request    1
+SWASH is processing output request    2
[ 99%]   step 31795
[ 99%]   step 31796
[ 99%]   step 31797
[ 99%]   step 31798
[ 99%]   step 31799
[ 99%]   step 31800
[ 99%]   step 31801
[ 99%]   step 31802
[ 99%]   step 31803
[ 99%]   step 31804
[ 99%]   step 31805
[ 99%]   step 31806
[ 99%]   step 31807
[ 99%]   step 31808
[ 99%]   step 31809
[ 99%]   step 31810
[ 99%]   step 31811
[ 99%]   step 31812
[ 99%]   step 31813
[ 99%]   step 31814
[ 99%]   step 31815
[ 99%]   step 31816
[ 99%]   step 31817
[ 99%]   step 31818
[ 99%]   step 31819
[ 99%]   step 31820
[ 99%]   step 31821
[ 99%]   step 31822
[ 99%]   step 31823
[ 99%]   step 31824
[ 99%]   step 31825
[ 99%]   step 31826
[ 99%]   step 31827
[ 99%]   step 31828
[ 99%]   step 31829
[ 99%]   step 31830
[ 99%]   step 31831
[ 99%]   step 31832
[ 99%]   step 31833
[ 99%]   step 31834
[ 99%]   step 31835
+SWASH is processing output request    1
+SWASH is processing output request    2
[ 99%]   step 31836
[ 99%]   step 31837
[ 99%]   step 31838
[ 99%]   step 31839
[ 99%]   step 31840
[ 99%]   step 31841
[ 99%]   step 31842
[ 99%]   step 31843
[ 99%]   step 31844
[ 99%]   step 31845
[ 99%]   step 31846
[ 99%]   step 31847
[ 99%]   step 31848
[ 99%]   step 31849
[ 99%]   step 31850
[ 99%]   step 31851
[ 99%]   step 31852
[ 99%]   step 31853
[ 99%]   step 31854
[ 99%]   step 31855
[ 99%]   step 31856
[ 99%]   step 31857
[ 99%]   step 31858
[ 99%]   step 31859
[ 99%]   step 31860
[ 99%]   step 31861
[ 99%]   step 31862
[ 99%]   step 31863
[ 99%]   step 31864
[ 99%]   step 31865
[ 99%]   step 31866
[ 99%]   step 31867
[ 99%]   step 31868
[ 99%]   step 31869
[ 99%]   step 31870
[ 99%]   step 31871
[ 99%]   step 31872
[ 99%]   step 31873
[ 99%]   step 31874
[ 99%]   step 31875
[ 99%]   step 31876
[ 99%]   step 31877
+SWASH is processing output request    1
+SWASH is processing output request    2
[ 99%]   step 31878
[ 99%]   step 31879
[ 99%]   step 31880
[100%]   step 31881
[100%]   step 31882
[100%]   step 31883
[100%]   step 31884
[100%]   step 31885
[100%]   step 31886
[100%]   step 31887
[100%]   step 31888
[100%]   step 31889
[100%]   step 31890
[100%]   step 31891
[100%]   step 31892
[100%]   step 31893
[100%]   step 31894
[100%]   step 31895
[100%]   step 31896
[100%]   step 31897
[100%]   step 31898
[100%]   step 31899
[100%]   step 31900
[100%]   step 31901
[100%]   step 31902
[100%]   step 31903
[100%]   step 31904
[100%]   step 31905
[100%]   step 31906
[100%]   step 31907
[100%]   step 31908
[100%]   step 31909
[100%]   step 31910
[100%]   step 31911
[100%]   step 31912
[100%]   step 31913
[100%]   step 31914
[100%]   step 31915
[100%]   step 31916
[100%]   step 31917
[100%]   step 31918
+SWASH is processing output request    1
+SWASH is processing output request    2
[100%]   step 31919
[100%]   step 31920
[100%]   step 31921
[100%]   step 31922
[100%]   step 31923
[100%]   step 31924
[100%]   step 31925
[100%]   step 31926
[100%]   step 31927
[100%]   step 31928
[100%]   step 31929
[100%]   step 31930
[100%]   step 31931
[100%]   step 31932
[100%]   step 31933
[100%]   step 31934
[100%]   step 31935
[100%]   step 31936
[100%]   step 31937
[100%]   step 31938
[100%]   step 31939
[100%]   step 31940
[100%]   step 31941
[100%]   step 31942
[100%]   step 31943
[100%]   step 31944
[100%]   step 31945
[100%]   step 31946
[100%]   step 31947
[100%]   step 31948
[100%]   step 31949
[100%]   step 31950
[100%]   step 31951
[100%]   step 31952
[100%]   step 31953
[100%]   step 31954
[100%]   step 31955
[100%]   step 31956
[100%]   step 31957
[100%]   step 31958
[100%]   step 31959
+SWASH is processing output request    1
+SWASH is processing output request    2
[100%]   step 31960
[100%]   step 31961
[100%]   step 31962
[100%]   step 31963
[100%]   step 31964
[100%]   step 31965
[100%]   step 31966
[100%]   step 31967
[100%]   step 31968
[100%]   step 31969
[100%]   step 31970
[100%]   step 31971
[100%]   step 31972
[100%]   step 31973
[100%]   step 31974
[100%]   step 31975
[100%]   step 31976
[100%]   step 31977
[100%]   step 31978
[100%]   step 31979
[100%]   step 31980
[100%]   step 31981
[100%]   step 31982
[100%]   step 31983
[100%]   step 31984
[100%]   step 31985
[100%]   step 31986
[100%]   step 31987
[100%]   step 31988
[100%]   step 31989
[100%]   step 31990
[100%]   step 31991
[100%]   step 31992
[100%]   step 31993
[100%]   step 31994
[100%]   step 31995
[100%]   step 31996
[100%]   step 31997
[100%]   step 31998
[100%]   step 31999
[100%]   step 32000
+SWASH is processing output request    1
+SWASH is processing output request    2
[100%]   step 32001
[100%]   step 32002
[100%]   step 32003
[100%]   step 32004
[100%]   step 32005
[100%]   step 32006
[100%]   step 32007
[100%]   step 32008
[100%]   step 32009
[100%]   step 32010
[100%]   step 32011
[100%]   step 32012
[100%]   step 32013
[100%]   step 32014
[100%]   step 32015
[100%]   step 32016
[100%]   step 32017
[100%]   step 32018
[100%]   step 32019
[100%]   step 32020
[100%]   step 32021
[100%]   step 32022
[100%]   step 32023
[100%]   step 32024
[100%]   step 32025
[100%]   step 32026
[100%]   step 32027
[100%]   step 32028
[100%]   step 32029
[100%]   step 32030
[100%]   step 32031
[100%]   step 32032
[100%]   step 32033
[100%]   step 32034
[100%]   step 32035
[100%]   step 32036
[100%]   step 32037
[100%]   step 32038
[100%]   step 32039
[100%]   step 32040
  Normal end of run 68  
