SLURM_CPUS_ON_NODE: 1

 SWASH is preparing computation

+SWASH is processing output request    1
+SWASH is processing output request    2
[  0%]   step 1
[  0%]   step 2
[  0%]   step 3
[  0%]   step 4
[  0%]   step 5
[  0%]   step 6
[  0%]   step 7
[  0%]   step 8
[  0%]   step 9
[  0%]   step 10
[  0%]   step 11
[  0%]   step 12
[  0%]   step 13
[  0%]   step 14
[  0%]   step 15
[  0%]   step 16
[  0%]   step 17
[  0%]   step 18
[  0%]   step 19
[  0%]   step 20
[  0%]   step 21
[  0%]   step 22
[  0%]   step 23
[  0%]   step 24
[  0%]   step 25
[  0%]   step 26
[  0%]   step 27
[  0%]   step 28
[  0%]   step 29
[  0%]   step 30
[  0%]   step 31
[  0%]   step 32
[  0%]   step 33
[  0%]   step 34
[  0%]   step 35
[  0%]   step 36
[  0%]   step 37
[  0%]   step 38
[  0%]   step 39
[  0%]   step 40
[  0%]   step 41
[  0%]   step 42
[  0%]   step 43
[  0%]   step 44
[  0%]   step 45
[  0%]   step 46
[  0%]   step 47
[  0%]   step 48
[  0%]   step 49
[  0%]   step 50
[  0%]   step 51
[  0%]   step 52
[  0%]   step 53
[  0%]   step 54
[  0%]   step 55
[  0%]   step 56
[  0%]   step 57
[  0%]   step 58
[  0%]   step 59
[  0%]   step 60
[  0%]   step 61
[  0%]   step 62
[  0%]   step 63
[  0%]   step 64
[  0%]   step 65
[  0%]   step 66
[  0%]   step 67
[  0%]   step 68
[  0%]   step 69
[  0%]   step 70
[  0%]   step 71
[  0%]   step 72
[  0%]   step 73
[  0%]   step 74
[  0%]   step 75
[  0%]   step 76
[  0%]   step 77
[  0%]   step 78
[  0%]   step 79
[  0%]   step 80
[  0%]   step 81
[  0%]   step 82
[  0%]   step 83
[  0%]   step 84
[  0%]   step 85
[  0%]   step 86
[  0%]   step 87
[  0%]   step 88
[  0%]   step 89
[  0%]   step 90
[  0%]   step 91
[  0%]   step 92
[  0%]   step 93
[  0%]   step 94
[  0%]   step 95
[  0%]   step 96
[  0%]   step 97
[  0%]   step 98
[  0%]   step 99
[  0%]   step 100
[  0%]   step 101
[  0%]   step 102
[  0%]   step 103
[  0%]   step 104
[  0%]   step 105
[  0%]   step 106
[  0%]   step 107
[  0%]   step 108
[  0%]   step 109
[  0%]   step 110
[  0%]   step 111
[  0%]   step 112
[  0%]   step 113
[  0%]   step 114
[  0%]   step 115
[  0%]   step 116
[  0%]   step 117
[  0%]   step 118
[  0%]   step 119
[  0%]   step 120
[  0%]   step 121
[  0%]   step 122
[  0%]   step 123
[  0%]   step 124
[  0%]   step 125
[  0%]   step 126
[  0%]   step 127
[  0%]   step 128
[  0%]   step 129
[  0%]   step 130
[  0%]   step 131
[  0%]   step 132
[  0%]   step 133
[  0%]   step 134
[  0%]   step 135
[  0%]   step 136
[  0%]   step 137
[  0%]   step 138
[  0%]   step 139
[  0%]   step 140
[  0%]   step 141
[  0%]   step 142
[  0%]   step 143
[  0%]   step 144
[  0%]   step 145
[  0%]   step 146
[  0%]   step 147
[  0%]   step 148
[  0%]   step 149
[  0%]   step 150
[  0%]   step 151
[  0%]   step 152
[  0%]   step 153
[  0%]   step 154
[  0%]   step 155
[  0%]   step 156
[  0%]   step 157
[  0%]   step 158
[  0%]   step 159
[  0%]   step 160
[  0%]   step 161
[  0%]   step 162
[  0%]   step 163
[  0%]   step 164
[  0%]   step 165
[  0%]   step 166
[  0%]   step 167
[  0%]   step 168
[  0%]   step 169
[  0%]   step 170
[  0%]   step 171
[  0%]   step 172
[  0%]   step 173
[  0%]   step 174
[  0%]   step 175
[  0%]   step 176
[  0%]   step 177
[  0%]   step 178
[  0%]   step 179
[  0%]   step 180
[  0%]   step 181
[  0%]   step 182
[  0%]   step 183
[  0%]   step 184
[  0%]   step 185
[  0%]   step 186
[  0%]   step 187
[  0%]   step 188
[  0%]   step 189
[  0%]   step 190
[  0%]   step 191
[  0%]   step 192
[  0%]   step 193
[  0%]   step 194
[  0%]   step 195
[  0%]   step 196
[  0%]   step 197
[  0%]   step 198
[  0%]   step 199
[  0%]   step 200
[  0%]   step 201
[  0%]   step 202
[  0%]   step 203
[  0%]   step 204
[  0%]   step 205
[  0%]   step 206
[  0%]   step 207
[  0%]   step 208
[  0%]   step 209
[  0%]   step 210
[  0%]   step 211
[  0%]   step 212
[  0%]   step 213
[  0%]   step 214
[  0%]   step 215
[  0%]   step 216
[  0%]   step 217
[  0%]   step 218
[  0%]   step 219
[  0%]   step 220
[  0%]   step 221
[  0%]   step 222
[  0%]   step 223
[  0%]   step 224
[  0%]   step 225
[  0%]   step 226
[  0%]   step 227
[  0%]   step 228
[  0%]   step 229
[  0%]   step 230
[  0%]   step 231
[  0%]   step 232
[  0%]   step 233
[  0%]   step 234
[  0%]   step 235
[  0%]   step 236
[  0%]   step 237
[  0%]   step 238
[  0%]   step 239
[  0%]   step 240
[  0%]   step 241
[  0%]   step 242
[  0%]   step 243
[  0%]   step 244
[  0%]   step 245
[  0%]   step 246
[  0%]   step 247
[  0%]   step 248
[  0%]   step 249
[  0%]   step 250
[  0%]   step 251
[  0%]   step 252
[  0%]   step 253
[  0%]   step 254
[  0%]   step 255
[  0%]   step 256
[  0%]   step 257
[  0%]   step 258
[  0%]   step 259
[  0%]   step 260
[  0%]   step 261
[  0%]   step 262
[  0%]   step 263
[  0%]   step 264
[  0%]   step 265
[  0%]   step 266
[  0%]   step 267
[  0%]   step 268
[  0%]   step 269
[  0%]   step 270
[  0%]   step 271
[  0%]   step 272
[  0%]   step 273
[  0%]   step 274
[  0%]   step 275
[  0%]   step 276
[  0%]   step 277
[  0%]   step 278
[  0%]   step 279
[  0%]   step 280
[  0%]   step 281
[  0%]   step 282
[  0%]   step 283
[  0%]   step 284
[  0%]   step 285
[  0%]   step 286
[  0%]   step 287
[  0%]   step 288
[  0%]   step 289
[  0%]   step 290
[  0%]   step 291
[  0%]   step 292
[  0%]   step 293
[  0%]   step 294
[  0%]   step 295
[  0%]   step 296
[  0%]   step 297
[  0%]   step 298
[  0%]   step 299
[  0%]   step 300
[  0%]   step 301
[  0%]   step 302
[  0%]   step 303
[  0%]   step 304
[  0%]   step 305
[  0%]   step 306
[  0%]   step 307
[  0%]   step 308
[  0%]   step 309
[  0%]   step 310
[  0%]   step 311
[  0%]   step 312
[  0%]   step 313
[  0%]   step 314
[  0%]   step 315
[  0%]   step 316
[  0%]   step 317
[  0%]   step 318
[  0%]   step 319
[  0%]   step 320
[  0%]   step 321
[  0%]   step 322
[  0%]   step 323
[  0%]   step 324
[  0%]   step 325
[  0%]   step 326
[  0%]   step 327
[  0%]   step 328
[  0%]   step 329
[  0%]   step 330
[  0%]   step 331
[  0%]   step 332
[  0%]   step 333
[  0%]   step 334
[  0%]   step 335
[  0%]   step 336
[  0%]   step 337
[  0%]   step 338
[  0%]   step 339
[  0%]   step 340
[  0%]   step 341
[  0%]   step 342
[  0%]   step 343
[  0%]   step 344
[  0%]   step 345
[  0%]   step 346
[  0%]   step 347
[  0%]   step 348
[  0%]   step 349
[  0%]   step 350
[  0%]   step 351
[  0%]   step 352
[  0%]   step 353
[  0%]   step 354
[  0%]   step 355
[  0%]   step 356
[  0%]   step 357
[  0%]   step 358
[  0%]   step 359
[  0%]   step 360
[  0%]   step 361
[  0%]   step 362
[  0%]   step 363
[  0%]   step 364
[  0%]   step 365
[  0%]   step 366
[  0%]   step 367
[  0%]   step 368
[  0%]   step 369
[  0%]   step 370
[  0%]   step 371
[  0%]   step 372
[  0%]   step 373
[  0%]   step 374
[  0%]   step 375
[  0%]   step 376
[  0%]   step 377
[  0%]   step 378
[  0%]   step 379
[  0%]   step 380
[  0%]   step 381
[  0%]   step 382
[  0%]   step 383
[  0%]   step 384
[  0%]   step 385
[  0%]   step 386
[  0%]   step 387
[  0%]   step 388
[  0%]   step 389
[  0%]   step 390
[  0%]   step 391
[  0%]   step 392
+SWASH is processing output request    1
+SWASH is processing output request    2
[  0%]   step 393
[  0%]   step 394
[  0%]   step 395
[  0%]   step 396
[  0%]   step 397
[  0%]   step 398
[  0%]   step 399
[  0%]   step 400
[  0%]   step 401
[  0%]   step 402
[  0%]   step 403
[  0%]   step 404
[  0%]   step 405
[  0%]   step 406
[  0%]   step 407
[  0%]   step 408
[  0%]   step 409
[  0%]   step 410
[  0%]   step 411
[  0%]   step 412
[  0%]   step 413
[  0%]   step 414
[  0%]   step 415
[  0%]   step 416
[  0%]   step 417
[  0%]   step 418
[  0%]   step 419
[  0%]   step 420
[  0%]   step 421
[  0%]   step 422
[  0%]   step 423
[  0%]   step 424
[  0%]   step 425
[  0%]   step 426
[  0%]   step 427
[  0%]   step 428
[  0%]   step 429
[  0%]   step 430
[  0%]   step 431
[  0%]   step 432
[  0%]   step 433
[  0%]   step 434
[  0%]   step 435
[  0%]   step 436
[  0%]   step 437
[  0%]   step 438
[  0%]   step 439
[  0%]   step 440
[  0%]   step 441
[  0%]   step 442
[  0%]   step 443
[  0%]   step 444
[  0%]   step 445
[  0%]   step 446
[  0%]   step 447
[  0%]   step 448
[  0%]   step 449
[  0%]   step 450
[  0%]   step 451
[  0%]   step 452
[  0%]   step 453
[  0%]   step 454
[  0%]   step 455
[  0%]   step 456
[  0%]   step 457
[  0%]   step 458
[  0%]   step 459
[  0%]   step 460
[  0%]   step 461
[  0%]   step 462
[  0%]   step 463
[  0%]   step 464
[  0%]   step 465
[  0%]   step 466
[  0%]   step 467
[  0%]   step 468
[  0%]   step 469
[  0%]   step 470
[  0%]   step 471
[  0%]   step 472
[  0%]   step 473
[  0%]   step 474
[  0%]   step 475
[  0%]   step 476
[  0%]   step 477
[  0%]   step 478
[  0%]   step 479
[  0%]   step 480
[  0%]   step 481
[  0%]   step 482
[  0%]   step 483
[  0%]   step 484
[  0%]   step 485
[  0%]   step 486
[  0%]   step 487
[  0%]   step 488
[  0%]   step 489
[  0%]   step 490
[  0%]   step 491
[  0%]   step 492
[  0%]   step 493
[  0%]   step 494
[  0%]   step 495
[  0%]   step 496
[  0%]   step 497
[  0%]   step 498
[  0%]   step 499
[  0%]   step 500
[  0%]   step 501
[  0%]   step 502
[  0%]   step 503
[  0%]   step 504
[  0%]   step 505
[  0%]   step 506
[  0%]   step 507
[  0%]   step 508
[  0%]   step 509
[  0%]   step 510
[  0%]   step 511
[  0%]   step 512
[  0%]   step 513
[  0%]   step 514
[  0%]   step 515
[  0%]   step 516
[  0%]   step 517
[  0%]   step 518
[  0%]   step 519
[  0%]   step 520
[  0%]   step 521
[  0%]   step 522
[  0%]   step 523
[  0%]   step 524
[  0%]   step 525
[  0%]   step 526
[  0%]   step 527
[  0%]   step 528
[  0%]   step 529
[  0%]   step 530
[  0%]   step 531
[  0%]   step 532
[  0%]   step 533
[  0%]   step 534
[  0%]   step 535
[  0%]   step 536
[  0%]   step 537
[  0%]   step 538
[  0%]   step 539
[  0%]   step 540
[  0%]   step 541
[  0%]   step 542
[  0%]   step 543
[  0%]   step 544
[  0%]   step 545
[  0%]   step 546
[  0%]   step 547
[  0%]   step 548
[  0%]   step 549
[  0%]   step 550
[  0%]   step 551
[  0%]   step 552
[  0%]   step 553
[  0%]   step 554
[  0%]   step 555
[  0%]   step 556
[  0%]   step 557
[  0%]   step 558
[  0%]   step 559
[  0%]   step 560
[  0%]   step 561
[  0%]   step 562
[  0%]   step 563
[  0%]   step 564
[  0%]   step 565
[  0%]   step 566
[  0%]   step 567
[  0%]   step 568
[  0%]   step 569
[  0%]   step 570
[  0%]   step 571
[  0%]   step 572
[  0%]   step 573
[  0%]   step 574
[  0%]   step 575
[  0%]   step 576
[  0%]   step 577
[  0%]   step 578
[  0%]   step 579
[  0%]   step 580
[  0%]   step 581
[  0%]   step 582
[  0%]   step 583
[  0%]   step 584
[  0%]   step 585
[  0%]   step 586
[  0%]   step 587
[  0%]   step 588
[  0%]   step 589
[  0%]   step 590
[  0%]   step 591
[  0%]   step 592
[  0%]   step 593
[  0%]   step 594
[  0%]   step 595
[  0%]   step 596
[  0%]   step 597
[  0%]   step 598
[  0%]   step 599
[  0%]   step 600
[  0%]   step 601
[  0%]   step 602
[  0%]   step 603
[  0%]   step 604
[  0%]   step 605
[  0%]   step 606
[  0%]   step 607
[  0%]   step 608
[  0%]   step 609
[  0%]   step 610
[  0%]   step 611
[  0%]   step 612
[  0%]   step 613
[  0%]   step 614
[  0%]   step 615
[  0%]   step 616
[  0%]   step 617
[  0%]   step 618
[  0%]   step 619
[  0%]   step 620
[  0%]   step 621
[  0%]   step 622
[  0%]   step 623
[  0%]   step 624
[  0%]   step 625
[  0%]   step 626
[  0%]   step 627
[  0%]   step 628
[  0%]   step 629
[  0%]   step 630
[  0%]   step 631
[  0%]   step 632
[  0%]   step 633
[  0%]   step 634
[  0%]   step 635
[  0%]   step 636
[  0%]   step 637
[  0%]   step 638
[  0%]   step 639
[  0%]   step 640
[  0%]   step 641
[  0%]   step 642
[  0%]   step 643
[  0%]   step 644
[  0%]   step 645
[  0%]   step 646
[  0%]   step 647
[  0%]   step 648
[  0%]   step 649
[  0%]   step 650
[  0%]   step 651
[  0%]   step 652
[  0%]   step 653
[  0%]   step 654
[  0%]   step 655
[  0%]   step 656
[  0%]   step 657
[  0%]   step 658
[  0%]   step 659
[  0%]   step 660
[  0%]   step 661
[  0%]   step 662
[  0%]   step 663
[  0%]   step 664
[  0%]   step 665
[  0%]   step 666
[  0%]   step 667
[  0%]   step 668
[  0%]   step 669
[  0%]   step 670
[  0%]   step 671
[  0%]   step 672
[  0%]   step 673
[  0%]   step 674
[  0%]   step 675
[  0%]   step 676
[  0%]   step 677
[  0%]   step 678
[  0%]   step 679
[  0%]   step 680
[  0%]   step 681
[  0%]   step 682
[  0%]   step 683
[  0%]   step 684
[  0%]   step 685
[  0%]   step 686
[  0%]   step 687
[  0%]   step 688
[  0%]   step 689
[  0%]   step 690
[  0%]   step 691
[  0%]   step 692
[  0%]   step 693
[  0%]   step 694
[  0%]   step 695
[  0%]   step 696
[  0%]   step 697
[  0%]   step 698
[  0%]   step 699
[  0%]   step 700
[  0%]   step 701
[  0%]   step 702
[  0%]   step 703
[  0%]   step 704
[  0%]   step 705
[  0%]   step 706
[  0%]   step 707
[  0%]   step 708
[  0%]   step 709
[  0%]   step 710
[  0%]   step 711
[  0%]   step 712
[  0%]   step 713
[  0%]   step 714
[  0%]   step 715
[  0%]   step 716
[  0%]   step 717
[  0%]   step 718
[  0%]   step 719
[  0%]   step 720
[  0%]   step 721
[  0%]   step 722
[  0%]   step 723
[  0%]   step 724
[  0%]   step 725
[  0%]   step 726
[  0%]   step 727
[  0%]   step 728
[  0%]   step 729
[  0%]   step 730
[  0%]   step 731
[  0%]   step 732
[  0%]   step 733
[  0%]   step 734
[  0%]   step 735
[  0%]   step 736
[  0%]   step 737
[  0%]   step 738
[  0%]   step 739
[  0%]   step 740
[  0%]   step 741
[  0%]   step 742
[  0%]   step 743
[  0%]   step 744
[  0%]   step 745
[  0%]   step 746
[  0%]   step 747
[  0%]   step 748
[  0%]   step 749
[  0%]   step 750
[  0%]   step 751
[  0%]   step 752
[  0%]   step 753
[  0%]   step 754
[  0%]   step 755
[  0%]   step 756
[  0%]   step 757
[  0%]   step 758
[  0%]   step 759
[  0%]   step 760
[  0%]   step 761
[  0%]   step 762
[  0%]   step 763
[  0%]   step 764
[  0%]   step 765
[  0%]   step 766
[  0%]   step 767
[  0%]   step 768
[  0%]   step 769
[  0%]   step 770
[  0%]   step 771
[  0%]   step 772
[  0%]   step 773
[  0%]   step 774
[  0%]   step 775
[  0%]   step 776
[  0%]   step 777
[  0%]   step 778
[  0%]   step 779
[  0%]   step 780
[  0%]   step 781
[  0%]   step 782
[  0%]   step 783
+SWASH is processing output request    1
+SWASH is processing output request    2
[  0%]   step 784
[  0%]   step 785
[  0%]   step 786
[  0%]   step 787
[  0%]   step 788
[  0%]   step 789
[  0%]   step 790
[  0%]   step 791
[  0%]   step 792
[  0%]   step 793
[  0%]   step 794
[  0%]   step 795
[  0%]   step 796
[  0%]   step 797
[  0%]   step 798
[  0%]   step 799
[  0%]   step 800
[  0%]   step 801
[  0%]   step 802
[  0%]   step 803
[  0%]   step 804
[  0%]   step 805
[  0%]   step 806
[  0%]   step 807
[  0%]   step 808
[  0%]   step 809
[  0%]   step 810
[  0%]   step 811
[  0%]   step 812
[  0%]   step 813
[  0%]   step 814
[  0%]   step 815
[  0%]   step 816
[  0%]   step 817
[  0%]   step 818
[  0%]   step 819
[  0%]   step 820
[  0%]   step 821
[  0%]   step 822
[  0%]   step 823
[  0%]   step 824
[  0%]   step 825
[  0%]   step 826
[  0%]   step 827
[  0%]   step 828
[  0%]   step 829
[  0%]   step 830
[  0%]   step 831
[  0%]   step 832
[  0%]   step 833
[  0%]   step 834
[  0%]   step 835
[  0%]   step 836
[  0%]   step 837
[  0%]   step 838
[  0%]   step 839
[  0%]   step 840
[  0%]   step 841
[  0%]   step 842
[  0%]   step 843
[  0%]   step 844
[  0%]   step 845
[  0%]   step 846
[  0%]   step 847
[  0%]   step 848
[  0%]   step 849
[  0%]   step 850
[  0%]   step 851
[  0%]   step 852
[  0%]   step 853
[  0%]   step 854
[  0%]   step 855
[  0%]   step 856
[  0%]   step 857
[  0%]   step 858
[  0%]   step 859
[  0%]   step 860
[  0%]   step 861
[  0%]   step 862
[  0%]   step 863
[  0%]   step 864
[  0%]   step 865
[  0%]   step 866
[  0%]   step 867
[  0%]   step 868
[  0%]   step 869
[  0%]   step 870
[  0%]   step 871
[  0%]   step 872
[  0%]   step 873
[  0%]   step 874
[  0%]   step 875
[  0%]   step 876
[  0%]   step 877
[  0%]   step 878
[  0%]   step 879
[  0%]   step 880
[  0%]   step 881
[  0%]   step 882
[  0%]   step 883
[  0%]   step 884
[  0%]   step 885
[  0%]   step 886
[  0%]   step 887
[  0%]   step 888
[  0%]   step 889
[  0%]   step 890
[  0%]   step 891
[  0%]   step 892
[  0%]   step 893
[  0%]   step 894
[  0%]   step 895
[  0%]   step 896
[  0%]   step 897
[  0%]   step 898
[  0%]   step 899
[  0%]   step 900
[  0%]   step 901
[  0%]   step 902
[  0%]   step 903
[  0%]   step 904
[  0%]   step 905
[  0%]   step 906
[  0%]   step 907
[  0%]   step 908
[  0%]   step 909
[  0%]   step 910
[  0%]   step 911
[  0%]   step 912
[  0%]   step 913
[  0%]   step 914
[  0%]   step 915
[  0%]   step 916
[  0%]   step 917
[  0%]   step 918
[  0%]   step 919
[  0%]   step 920
[  0%]   step 921
[  0%]   step 922
[  0%]   step 923
[  0%]   step 924
[  0%]   step 925
[  0%]   step 926
[  0%]   step 927
[  0%]   step 928
[  0%]   step 929
[  0%]   step 930
[  0%]   step 931
[  0%]   step 932
[  0%]   step 933
[  0%]   step 934
[  0%]   step 935
[  0%]   step 936
[  0%]   step 937
[  0%]   step 938
[  0%]   step 939
[  0%]   step 940
[  0%]   step 941
[  0%]   step 942
[  0%]   step 943
[  0%]   step 944
[  0%]   step 945
[  0%]   step 946
[  0%]   step 947
[  0%]   step 948
[  0%]   step 949
[  0%]   step 950
[  0%]   step 951
[  0%]   step 952
[  0%]   step 953
[  0%]   step 954
[  0%]   step 955
[  0%]   step 956
[  0%]   step 957
[  0%]   step 958
[  0%]   step 959
[  0%]   step 960
[  0%]   step 961
[  0%]   step 962
[  0%]   step 963
[  0%]   step 964
[  0%]   step 965
[  0%]   step 966
[  0%]   step 967
[  0%]   step 968
[  0%]   step 969
[  0%]   step 970
[  0%]   step 971
[  0%]   step 972
[  0%]   step 973
[  0%]   step 974
[  0%]   step 975
[  0%]   step 976
[  0%]   step 977
[  0%]   step 978
[  0%]   step 979
[  0%]   step 980
[  0%]   step 981
[  0%]   step 982
[  0%]   step 983
[  0%]   step 984
[  0%]   step 985
[  0%]   step 986
[  0%]   step 987
[  0%]   step 988
[  0%]   step 989
[  0%]   step 990
[  0%]   step 991
[  0%]   step 992
[  0%]   step 993
[  0%]   step 994
[  0%]   step 995
[  0%]   step 996
[  0%]   step 997
[  0%]   step 998
[  0%]   step 999
[  0%]   step 1000
[  0%]   step 1001
[  0%]   step 1002
[  0%]   step 1003
[  0%]   step 1004
[  0%]   step 1005
[  0%]   step 1006
[  0%]   step 1007
[  0%]   step 1008
[  0%]   step 1009
[  0%]   step 1010
[  0%]   step 1011
[  0%]   step 1012
[  0%]   step 1013
[  0%]   step 1014
[  0%]   step 1015
[  0%]   step 1016
[  0%]   step 1017
[  0%]   step 1018
[  0%]   step 1019
[  0%]   step 1020
[  0%]   step 1021
[  0%]   step 1022
[  0%]   step 1023
[  0%]   step 1024
[  0%]   step 1025
[  0%]   step 1026
[  0%]   step 1027
[  0%]   step 1028
[  0%]   step 1029
[  0%]   step 1030
[  0%]   step 1031
[  0%]   step 1032
[  0%]   step 1033
[  0%]   step 1034
[  0%]   step 1035
[  0%]   step 1036
[  0%]   step 1037
[  0%]   step 1038
[  0%]   step 1039
[  0%]   step 1040
[  0%]   step 1041
[  0%]   step 1042
[  0%]   step 1043
[  0%]   step 1044
[  0%]   step 1045
[  0%]   step 1046
[  0%]   step 1047
[  0%]   step 1048
[  0%]   step 1049
[  0%]   step 1050
[  0%]   step 1051
[  0%]   step 1052
[  0%]   step 1053
[  0%]   step 1054
[  0%]   step 1055
[  0%]   step 1056
[  0%]   step 1057
[  0%]   step 1058
[  0%]   step 1059
[  0%]   step 1060
[  0%]   step 1061
[  0%]   step 1062
[  0%]   step 1063
[  0%]   step 1064
[  0%]   step 1065
[  0%]   step 1066
[  0%]   step 1067
[  0%]   step 1068
[  0%]   step 1069
[  0%]   step 1070
[  0%]   step 1071
[  0%]   step 1072
[  0%]   step 1073
[  0%]   step 1074
[  0%]   step 1075
[  0%]   step 1076
[  0%]   step 1077
[  0%]   step 1078
[  0%]   step 1079
[  0%]   step 1080
[  0%]   step 1081
[  0%]   step 1082
[  0%]   step 1083
[  0%]   step 1084
[  0%]   step 1085
[  0%]   step 1086
[  0%]   step 1087
[  0%]   step 1088
[  0%]   step 1089
[  0%]   step 1090
[  0%]   step 1091
[  0%]   step 1092
[  0%]   step 1093
[  0%]   step 1094
[  0%]   step 1095
[  0%]   step 1096
[  0%]   step 1097
[  0%]   step 1098
[  0%]   step 1099
[  0%]   step 1100
[  0%]   step 1101
[  0%]   step 1102
[  0%]   step 1103
[  0%]   step 1104
[  0%]   step 1105
[  0%]   step 1106
[  0%]   step 1107
[  0%]   step 1108
[  0%]   step 1109
[  0%]   step 1110
[  0%]   step 1111
[  0%]   step 1112
[  0%]   step 1113
[  0%]   step 1114
[  0%]   step 1115
[  0%]   step 1116
[  0%]   step 1117
[  0%]   step 1118
[  0%]   step 1119
[  0%]   step 1120
[  0%]   step 1121
[  0%]   step 1122
[  0%]   step 1123
[  0%]   step 1124
[  0%]   step 1125
[  0%]   step 1126
[  0%]   step 1127
[  0%]   step 1128
[  0%]   step 1129
[  0%]   step 1130
[  0%]   step 1131
[  0%]   step 1132
[  0%]   step 1133
[  0%]   step 1134
[  0%]   step 1135
[  0%]   step 1136
[  0%]   step 1137
[  0%]   step 1138
[  0%]   step 1139
[  0%]   step 1140
[  0%]   step 1141
[  0%]   step 1142
[  0%]   step 1143
[  0%]   step 1144
[  0%]   step 1145
[  0%]   step 1146
[  0%]   step 1147
[  0%]   step 1148
[  0%]   step 1149
[  0%]   step 1150
[  0%]   step 1151
[  0%]   step 1152
[  0%]   step 1153
[  0%]   step 1154
[  0%]   step 1155
[  0%]   step 1156
[  0%]   step 1157
[  0%]   step 1158
[  0%]   step 1159
[  0%]   step 1160
[  0%]   step 1161
[  0%]   step 1162
[  0%]   step 1163
[  0%]   step 1164
[  0%]   step 1165
[  0%]   step 1166
[  0%]   step 1167
[  0%]   step 1168
[  0%]   step 1169
[  0%]   step 1170
[  0%]   step 1171
[  0%]   step 1172
[  0%]   step 1173
[  0%]   step 1174
[  0%]   step 1175
+SWASH is processing output request    1
+SWASH is processing output request    2
[  0%]   step 1176
[  0%]   step 1177
[  0%]   step 1178
[  0%]   step 1179
[  0%]   step 1180
[  0%]   step 1181
[  0%]   step 1182
[  0%]   step 1183
[  0%]   step 1184
[  0%]   step 1185
[  0%]   step 1186
[  0%]   step 1187
[  0%]   step 1188
[  0%]   step 1189
[  0%]   step 1190
[  0%]   step 1191
[  0%]   step 1192
[  0%]   step 1193
[  0%]   step 1194
[  0%]   step 1195
[  0%]   step 1196
[  0%]   step 1197
[  0%]   step 1198
[  0%]   step 1199
[  0%]   step 1200
[  0%]   step 1201
[  0%]   step 1202
[  0%]   step 1203
[  0%]   step 1204
[  0%]   step 1205
[  0%]   step 1206
[  0%]   step 1207
[  0%]   step 1208
[  0%]   step 1209
[  0%]   step 1210
[  0%]   step 1211
[  0%]   step 1212
[  0%]   step 1213
[  0%]   step 1214
[  0%]   step 1215
[  0%]   step 1216
[  0%]   step 1217
[  0%]   step 1218
[  0%]   step 1219
[  0%]   step 1220
[  0%]   step 1221
[  0%]   step 1222
[  0%]   step 1223
[  0%]   step 1224
[  0%]   step 1225
[  0%]   step 1226
[  0%]   step 1227
[  0%]   step 1228
[  0%]   step 1229
[  0%]   step 1230
[  0%]   step 1231
[  0%]   step 1232
[  0%]   step 1233
[  0%]   step 1234
[  0%]   step 1235
[  0%]   step 1236
[  0%]   step 1237
[  0%]   step 1238
[  0%]   step 1239
[  0%]   step 1240
[  0%]   step 1241
[  0%]   step 1242
[  0%]   step 1243
[  0%]   step 1244
[  0%]   step 1245
[  0%]   step 1246
[  0%]   step 1247
[  0%]   step 1248
[  0%]   step 1249
[  0%]   step 1250
[  0%]   step 1251
[  0%]   step 1252
[  0%]   step 1253
[  0%]   step 1254
[  0%]   step 1255
[  0%]   step 1256
[  0%]   step 1257
[  0%]   step 1258
[  0%]   step 1259
[  0%]   step 1260
[  0%]   step 1261
[  0%]   step 1262
[  0%]   step 1263
[  0%]   step 1264
[  0%]   step 1265
[  0%]   step 1266
[  0%]   step 1267
[  0%]   step 1268
[  0%]   step 1269
[  0%]   step 1270
[  0%]   step 1271
[  0%]   step 1272
[  0%]   step 1273
[  0%]   step 1274
[  0%]   step 1275
[  0%]   step 1276
[  0%]   step 1277
[  0%]   step 1278
[  0%]   step 1279
[  0%]   step 1280
[  0%]   step 1281
[  0%]   step 1282
[  0%]   step 1283
[  0%]   step 1284
[  0%]   step 1285
[  0%]   step 1286
[  0%]   step 1287
[  0%]   step 1288
[  0%]   step 1289
[  0%]   step 1290
[  0%]   step 1291
[  0%]   step 1292
[  0%]   step 1293
[  0%]   step 1294
[  0%]   step 1295
[  0%]   step 1296
[  0%]   step 1297
[  0%]   step 1298
[  0%]   step 1299
[  0%]   step 1300
[  0%]   step 1301
[  0%]   step 1302
[  0%]   step 1303
[  0%]   step 1304
[  0%]   step 1305
[  0%]   step 1306
[  0%]   step 1307
[  0%]   step 1308
[  0%]   step 1309
[  0%]   step 1310
[  0%]   step 1311
[  0%]   step 1312
[  0%]   step 1313
[  0%]   step 1314
[  0%]   step 1315
[  0%]   step 1316
[  0%]   step 1317
[  0%]   step 1318
[  0%]   step 1319
[  0%]   step 1320
[  0%]   step 1321
[  0%]   step 1322
[  0%]   step 1323
[  0%]   step 1324
[  0%]   step 1325
[  0%]   step 1326
[  0%]   step 1327
[  0%]   step 1328
[  0%]   step 1329
[  0%]   step 1330
[  0%]   step 1331
[  0%]   step 1332
[  0%]   step 1333
[  0%]   step 1334
[  0%]   step 1335
[  0%]   step 1336
[  0%]   step 1337
[  0%]   step 1338
[  0%]   step 1339
[  0%]   step 1340
[  0%]   step 1341
[  0%]   step 1342
[  0%]   step 1343
[  0%]   step 1344
[  0%]   step 1345
[  0%]   step 1346
[  0%]   step 1347
[  0%]   step 1348
[  0%]   step 1349
[  0%]   step 1350
[  0%]   step 1351
[  0%]   step 1352
[  0%]   step 1353
[  0%]   step 1354
[  0%]   step 1355
[  0%]   step 1356
[  0%]   step 1357
[  0%]   step 1358
[  0%]   step 1359
[  0%]   step 1360
[  0%]   step 1361
[  0%]   step 1362
[  0%]   step 1363
[  0%]   step 1364
[  0%]   step 1365
[  0%]   step 1366
[  0%]   step 1367
[  0%]   step 1368
[  0%]   step 1369
[  0%]   step 1370
[  0%]   step 1371
[  0%]   step 1372
[  0%]   step 1373
[  0%]   step 1374
[  0%]   step 1375
[  0%]   step 1376
[  0%]   step 1377
[  0%]   step 1378
[  0%]   step 1379
[  0%]   step 1380
[  0%]   step 1381
[  0%]   step 1382
[  0%]   step 1383
[  0%]   step 1384
[  0%]   step 1385
[  0%]   step 1386
[  0%]   step 1387
[  0%]   step 1388
[  0%]   step 1389
[  0%]   step 1390
[  0%]   step 1391
[  0%]   step 1392
[  0%]   step 1393
[  0%]   step 1394
[  0%]   step 1395
[  0%]   step 1396
[  0%]   step 1397
[  0%]   step 1398
[  0%]   step 1399
[  0%]   step 1400
[  0%]   step 1401
[  0%]   step 1402
[  0%]   step 1403
[  0%]   step 1404
[  0%]   step 1405
[  0%]   step 1406
[  0%]   step 1407
[  0%]   step 1408
[  0%]   step 1409
[  0%]   step 1410
[  0%]   step 1411
[  0%]   step 1412
[  0%]   step 1413
[  0%]   step 1414
[  0%]   step 1415
[  0%]   step 1416
[  0%]   step 1417
[  0%]   step 1418
[  0%]   step 1419
[  0%]   step 1420
[  0%]   step 1421
[  0%]   step 1422
[  0%]   step 1423
[  0%]   step 1424
[  0%]   step 1425
[  0%]   step 1426
[  0%]   step 1427
[  0%]   step 1428
[  0%]   step 1429
[  0%]   step 1430
[  0%]   step 1431
[  0%]   step 1432
[  0%]   step 1433
[  0%]   step 1434
[  0%]   step 1435
[  0%]   step 1436
[  0%]   step 1437
[  0%]   step 1438
[  0%]   step 1439
[  0%]   step 1440
[  0%]   step 1441
[  0%]   step 1442
[  0%]   step 1443
[  0%]   step 1444
[  0%]   step 1445
[  0%]   step 1446
[  0%]   step 1447
[  0%]   step 1448
[  0%]   step 1449
[  0%]   step 1450
[  0%]   step 1451
[  0%]   step 1452
[  0%]   step 1453
[  0%]   step 1454
[  0%]   step 1455
[  0%]   step 1456
[  0%]   step 1457
[  0%]   step 1458
[  0%]   step 1459
[  0%]   step 1460
[  0%]   step 1461
[  0%]   step 1462
[  0%]   step 1463
[  0%]   step 1464
[  0%]   step 1465
[  0%]   step 1466
[  0%]   step 1467
[  0%]   step 1468
[  0%]   step 1469
[  0%]   step 1470
[  0%]   step 1471
[  0%]   step 1472
[  0%]   step 1473
[  0%]   step 1474
[  0%]   step 1475
[  0%]   step 1476
[  0%]   step 1477
[  0%]   step 1478
[  0%]   step 1479
[  0%]   step 1480
[  0%]   step 1481
[  0%]   step 1482
[  0%]   step 1483
[  0%]   step 1484
[  0%]   step 1485
[  0%]   step 1486
[  0%]   step 1487
[  0%]   step 1488
[  0%]   step 1489
[  0%]   step 1490
[  0%]   step 1491
[  0%]   step 1492
[  0%]   step 1493
[  0%]   step 1494
[  0%]   step 1495
[  0%]   step 1496
[  0%]   step 1497
[  0%]   step 1498
[  0%]   step 1499
[  0%]   step 1500
[  0%]   step 1501
[  0%]   step 1502
[  0%]   step 1503
[  0%]   step 1504
[  0%]   step 1505
[  0%]   step 1506
[  0%]   step 1507
[  0%]   step 1508
[  0%]   step 1509
[  0%]   step 1510
[  0%]   step 1511
[  0%]   step 1512
[  0%]   step 1513
[  0%]   step 1514
[  0%]   step 1515
[  0%]   step 1516
[  0%]   step 1517
[  0%]   step 1518
[  0%]   step 1519
[  0%]   step 1520
[  0%]   step 1521
[  0%]   step 1522
[  0%]   step 1523
[  0%]   step 1524
[  0%]   step 1525
[  0%]   step 1526
[  1%]   step 1527
[  1%]   step 1528
[  1%]   step 1529
[  1%]   step 1530
[  1%]   step 1531
[  1%]   step 1532
[  1%]   step 1533
[  1%]   step 1534
[  1%]   step 1535
[  1%]   step 1536
[  1%]   step 1537
[  1%]   step 1538
[  1%]   step 1539
[  1%]   step 1540
[  1%]   step 1541
[  1%]   step 1542
[  1%]   step 1543
[  1%]   step 1544
[  1%]   step 1545
[  1%]   step 1546
[  1%]   step 1547
[  1%]   step 1548
[  1%]   step 1549
[  1%]   step 1550
[  1%]   step 1551
[  1%]   step 1552
[  1%]   step 1553
[  1%]   step 1554
[  1%]   step 1555
[  1%]   step 1556
[  1%]   step 1557
[  1%]   step 1558
[  1%]   step 1559
[  1%]   step 1560
[  1%]   step 1561
[  1%]   step 1562
[  1%]   step 1563
[  1%]   step 1564
[  1%]   step 1565
[  1%]   step 1566
+SWASH is processing output request    1
+SWASH is processing output request    2
[  1%]   step 1567
[  1%]   step 1568
[  1%]   step 1569
[  1%]   step 1570
[  1%]   step 1571
[  1%]   step 1572
[  1%]   step 1573
[  1%]   step 1574
[  1%]   step 1575
[  1%]   step 1576
[  1%]   step 1577
[  1%]   step 1578
[  1%]   step 1579
[  1%]   step 1580
[  1%]   step 1581
[  1%]   step 1582
[  1%]   step 1583
[  1%]   step 1584
[  1%]   step 1585
[  1%]   step 1586
[  1%]   step 1587
[  1%]   step 1588
[  1%]   step 1589
[  1%]   step 1590
[  1%]   step 1591
[  1%]   step 1592
[  1%]   step 1593
[  1%]   step 1594
[  1%]   step 1595
[  1%]   step 1596
[  1%]   step 1597
[  1%]   step 1598
[  1%]   step 1599
[  1%]   step 1600
[  1%]   step 1601
[  1%]   step 1602
[  1%]   step 1603
[  1%]   step 1604
[  1%]   step 1605
[  1%]   step 1606
[  1%]   step 1607
[  1%]   step 1608
[  1%]   step 1609
[  1%]   step 1610
[  1%]   step 1611
[  1%]   step 1612
[  1%]   step 1613
[  1%]   step 1614
[  1%]   step 1615
[  1%]   step 1616
[  1%]   step 1617
[  1%]   step 1618
[  1%]   step 1619
[  1%]   step 1620
[  1%]   step 1621
[  1%]   step 1622
[  1%]   step 1623
[  1%]   step 1624
[  1%]   step 1625
[  1%]   step 1626
[  1%]   step 1627
[  1%]   step 1628
[  1%]   step 1629
[  1%]   step 1630
[  1%]   step 1631
[  1%]   step 1632
[  1%]   step 1633
[  1%]   step 1634
[  1%]   step 1635
[  1%]   step 1636
[  1%]   step 1637
[  1%]   step 1638
[  1%]   step 1639
[  1%]   step 1640
[  1%]   step 1641
[  1%]   step 1642
[  1%]   step 1643
[  1%]   step 1644
[  1%]   step 1645
[  1%]   step 1646
[  1%]   step 1647
[  1%]   step 1648
[  1%]   step 1649
[  1%]   step 1650
[  1%]   step 1651
[  1%]   step 1652
[  1%]   step 1653
[  1%]   step 1654
[  1%]   step 1655
[  1%]   step 1656
[  1%]   step 1657
[  1%]   step 1658
[  1%]   step 1659
[  1%]   step 1660
[  1%]   step 1661
[  1%]   step 1662
[  1%]   step 1663
[  1%]   step 1664
[  1%]   step 1665
[  1%]   step 1666
[  1%]   step 1667
[  1%]   step 1668
[  1%]   step 1669
[  1%]   step 1670
[  1%]   step 1671
[  1%]   step 1672
[  1%]   step 1673
[  1%]   step 1674
[  1%]   step 1675
[  1%]   step 1676
[  1%]   step 1677
[  1%]   step 1678
[  1%]   step 1679
[  1%]   step 1680
[  1%]   step 1681
[  1%]   step 1682
[  1%]   step 1683
[  1%]   step 1684
[  1%]   step 1685
[  1%]   step 1686
[  1%]   step 1687
[  1%]   step 1688
[  1%]   step 1689
[  1%]   step 1690
[  1%]   step 1691
[  1%]   step 1692
[  1%]   step 1693
[  1%]   step 1694
[  1%]   step 1695
[  1%]   step 1696
[  1%]   step 1697
[  1%]   step 1698
[  1%]   step 1699
[  1%]   step 1700
[  1%]   step 1701
[  1%]   step 1702
[  1%]   step 1703
[  1%]   step 1704
[  1%]   step 1705
[  1%]   step 1706
[  1%]   step 1707
[  1%]   step 1708
[  1%]   step 1709
[  1%]   step 1710
[  1%]   step 1711
[  1%]   step 1712
[  1%]   step 1713
[  1%]   step 1714
[  1%]   step 1715
[  1%]   step 1716
[  1%]   step 1717
[  1%]   step 1718
[  1%]   step 1719
[  1%]   step 1720
[  1%]   step 1721
[  1%]   step 1722
[  1%]   step 1723
[  1%]   step 1724
[  1%]   step 1725
[  1%]   step 1726
[  1%]   step 1727
[  1%]   step 1728
[  1%]   step 1729
[  1%]   step 1730
[  1%]   step 1731
[  1%]   step 1732
[  1%]   step 1733
[  1%]   step 1734
[  1%]   step 1735
[  1%]   step 1736
[  1%]   step 1737
[  1%]   step 1738
[  1%]   step 1739
[  1%]   step 1740
[  1%]   step 1741
[  1%]   step 1742
[  1%]   step 1743
[  1%]   step 1744
[  1%]   step 1745
[  1%]   step 1746
[  1%]   step 1747
[  1%]   step 1748
[  1%]   step 1749
[  1%]   step 1750
[  1%]   step 1751
[  1%]   step 1752
[  1%]   step 1753
[  1%]   step 1754
[  1%]   step 1755
[  1%]   step 1756
[  1%]   step 1757
[  1%]   step 1758
[  1%]   step 1759
[  1%]   step 1760
[  1%]   step 1761
[  1%]   step 1762
[  1%]   step 1763
[  1%]   step 1764
[  1%]   step 1765
[  1%]   step 1766
[  1%]   step 1767
[  1%]   step 1768
[  1%]   step 1769
[  1%]   step 1770
[  1%]   step 1771
[  1%]   step 1772
[  1%]   step 1773
[  1%]   step 1774
[  1%]   step 1775
[  1%]   step 1776
[  1%]   step 1777
[  1%]   step 1778
[  1%]   step 1779
[  1%]   step 1780
[  1%]   step 1781
[  1%]   step 1782
[  1%]   step 1783
[  1%]   step 1784
[  1%]   step 1785
[  1%]   step 1786
[  1%]   step 1787
[  1%]   step 1788
[  1%]   step 1789
[  1%]   step 1790
[  1%]   step 1791
[  1%]   step 1792
[  1%]   step 1793
[  1%]   step 1794
[  1%]   step 1795
[  1%]   step 1796
[  1%]   step 1797
[  1%]   step 1798
[  1%]   step 1799
[  1%]   step 1800
[  1%]   step 1801
[  1%]   step 1802
[  1%]   step 1803
[  1%]   step 1804
[  1%]   step 1805
[  1%]   step 1806
[  1%]   step 1807
[  1%]   step 1808
[  1%]   step 1809
[  1%]   step 1810
[  1%]   step 1811
[  1%]   step 1812
[  1%]   step 1813
[  1%]   step 1814
[  1%]   step 1815
[  1%]   step 1816
[  1%]   step 1817
[  1%]   step 1818
[  1%]   step 1819
[  1%]   step 1820
[  1%]   step 1821
[  1%]   step 1822
[  1%]   step 1823
[  1%]   step 1824
[  1%]   step 1825
[  1%]   step 1826
[  1%]   step 1827
[  1%]   step 1828
[  1%]   step 1829
[  1%]   step 1830
[  1%]   step 1831
[  1%]   step 1832
[  1%]   step 1833
[  1%]   step 1834
[  1%]   step 1835
[  1%]   step 1836
[  1%]   step 1837
[  1%]   step 1838
[  1%]   step 1839
[  1%]   step 1840
[  1%]   step 1841
[  1%]   step 1842
[  1%]   step 1843
[  1%]   step 1844
[  1%]   step 1845
[  1%]   step 1846
[  1%]   step 1847
[  1%]   step 1848
[  1%]   step 1849
[  1%]   step 1850
[  1%]   step 1851
[  1%]   step 1852
[  1%]   step 1853
[  1%]   step 1854
[  1%]   step 1855
[  1%]   step 1856
[  1%]   step 1857
[  1%]   step 1858
[  1%]   step 1859
[  1%]   step 1860
[  1%]   step 1861
[  1%]   step 1862
[  1%]   step 1863
[  1%]   step 1864
[  1%]   step 1865
[  1%]   step 1866
[  1%]   step 1867
[  1%]   step 1868
[  1%]   step 1869
[  1%]   step 1870
[  1%]   step 1871
[  1%]   step 1872
[  1%]   step 1873
[  1%]   step 1874
[  1%]   step 1875
[  1%]   step 1876
[  1%]   step 1877
[  1%]   step 1878
[  1%]   step 1879
[  1%]   step 1880
[  1%]   step 1881
[  1%]   step 1882
[  1%]   step 1883
[  1%]   step 1884
[  1%]   step 1885
[  1%]   step 1886
[  1%]   step 1887
[  1%]   step 1888
[  1%]   step 1889
[  1%]   step 1890
[  1%]   step 1891
[  1%]   step 1892
[  1%]   step 1893
[  1%]   step 1894
[  1%]   step 1895
[  1%]   step 1896
[  1%]   step 1897
[  1%]   step 1898
[  1%]   step 1899
[  1%]   step 1900
[  1%]   step 1901
[  1%]   step 1902
[  1%]   step 1903
[  1%]   step 1904
[  1%]   step 1905
[  1%]   step 1906
[  1%]   step 1907
[  1%]   step 1908
[  1%]   step 1909
[  1%]   step 1910
[  1%]   step 1911
[  1%]   step 1912
[  1%]   step 1913
[  1%]   step 1914
[  1%]   step 1915
[  1%]   step 1916
[  1%]   step 1917
[  1%]   step 1918
[  1%]   step 1919
[  1%]   step 1920
[  1%]   step 1921
[  1%]   step 1922
[  1%]   step 1923
[  1%]   step 1924
[  1%]   step 1925
[  1%]   step 1926
[  1%]   step 1927
[  1%]   step 1928
[  1%]   step 1929
[  1%]   step 1930
[  1%]   step 1931
[  1%]   step 1932
[  1%]   step 1933
[  1%]   step 1934
[  1%]   step 1935
[  1%]   step 1936
[  1%]   step 1937
[  1%]   step 1938
[  1%]   step 1939
[  1%]   step 1940
[  1%]   step 1941
[  1%]   step 1942
[  1%]   step 1943
[  1%]   step 1944
[  1%]   step 1945
[  1%]   step 1946
[  1%]   step 1947
[  1%]   step 1948
[  1%]   step 1949
[  1%]   step 1950
[  1%]   step 1951
[  1%]   step 1952
[  1%]   step 1953
[  1%]   step 1954
[  1%]   step 1955
[  1%]   step 1956
[  1%]   step 1957
[  1%]   step 1958
+SWASH is processing output request    1
+SWASH is processing output request    2
[  1%]   step 1959
[  1%]   step 1960
[  1%]   step 1961
[  1%]   step 1962
[  1%]   step 1963
[  1%]   step 1964
[  1%]   step 1965
[  1%]   step 1966
[  1%]   step 1967
[  1%]   step 1968
[  1%]   step 1969
[  1%]   step 1970
[  1%]   step 1971
[  1%]   step 1972
[  1%]   step 1973
[  1%]   step 1974
[  1%]   step 1975
[  1%]   step 1976
[  1%]   step 1977
[  1%]   step 1978
[  1%]   step 1979
[  1%]   step 1980
[  1%]   step 1981
[  1%]   step 1982
[  1%]   step 1983
[  1%]   step 1984
[  1%]   step 1985
[  1%]   step 1986
[  1%]   step 1987
[  1%]   step 1988
[  1%]   step 1989
[  1%]   step 1990
[  1%]   step 1991
[  1%]   step 1992
[  1%]   step 1993
[  1%]   step 1994
[  1%]   step 1995
[  1%]   step 1996
[  1%]   step 1997
[  1%]   step 1998
[  1%]   step 1999
[  1%]   step 2000
[  1%]   step 2001
[  1%]   step 2002
[  1%]   step 2003
[  1%]   step 2004
[  1%]   step 2005
[  1%]   step 2006
[  1%]   step 2007
[  1%]   step 2008
[  1%]   step 2009
[  1%]   step 2010
[  1%]   step 2011
[  1%]   step 2012
[  1%]   step 2013
[  1%]   step 2014
[  1%]   step 2015
[  1%]   step 2016
[  1%]   step 2017
[  1%]   step 2018
[  1%]   step 2019
[  1%]   step 2020
[  1%]   step 2021
[  1%]   step 2022
[  1%]   step 2023
[  1%]   step 2024
[  1%]   step 2025
[  1%]   step 2026
[  1%]   step 2027
[  1%]   step 2028
[  1%]   step 2029
[  1%]   step 2030
[  1%]   step 2031
[  1%]   step 2032
[  1%]   step 2033
[  1%]   step 2034
[  1%]   step 2035
[  1%]   step 2036
[  1%]   step 2037
[  1%]   step 2038
[  1%]   step 2039
[  1%]   step 2040
[  1%]   step 2041
[  1%]   step 2042
[  1%]   step 2043
[  1%]   step 2044
[  1%]   step 2045
[  1%]   step 2046
[  1%]   step 2047
[  1%]   step 2048
[  1%]   step 2049
[  1%]   step 2050
[  1%]   step 2051
[  1%]   step 2052
[  1%]   step 2053
[  1%]   step 2054
[  1%]   step 2055
[  1%]   step 2056
[  1%]   step 2057
[  1%]   step 2058
[  1%]   step 2059
[  1%]   step 2060
[  1%]   step 2061
[  1%]   step 2062
[  1%]   step 2063
[  1%]   step 2064
[  1%]   step 2065
[  1%]   step 2066
[  1%]   step 2067
[  1%]   step 2068
[  1%]   step 2069
[  1%]   step 2070
[  1%]   step 2071
[  1%]   step 2072
[  1%]   step 2073
[  1%]   step 2074
[  1%]   step 2075
[  1%]   step 2076
[  1%]   step 2077
[  1%]   step 2078
[  1%]   step 2079
[  1%]   step 2080
[  1%]   step 2081
[  1%]   step 2082
[  1%]   step 2083
[  1%]   step 2084
[  1%]   step 2085
[  1%]   step 2086
[  1%]   step 2087
[  1%]   step 2088
[  1%]   step 2089
[  1%]   step 2090
[  1%]   step 2091
[  1%]   step 2092
[  1%]   step 2093
[  1%]   step 2094
[  1%]   step 2095
[  1%]   step 2096
[  1%]   step 2097
[  1%]   step 2098
[  1%]   step 2099
[  1%]   step 2100
[  1%]   step 2101
[  1%]   step 2102
[  1%]   step 2103
[  1%]   step 2104
[  1%]   step 2105
[  1%]   step 2106
[  1%]   step 2107
[  1%]   step 2108
[  1%]   step 2109
[  1%]   step 2110
[  1%]   step 2111
[  1%]   step 2112
[  1%]   step 2113
[  1%]   step 2114
[  1%]   step 2115
[  1%]   step 2116
[  1%]   step 2117
[  1%]   step 2118
[  1%]   step 2119
[  1%]   step 2120
[  1%]   step 2121
[  1%]   step 2122
[  1%]   step 2123
[  1%]   step 2124
[  1%]   step 2125
[  1%]   step 2126
[  1%]   step 2127
[  1%]   step 2128
[  1%]   step 2129
[  1%]   step 2130
[  1%]   step 2131
[  1%]   step 2132
[  1%]   step 2133
[  1%]   step 2134
[  1%]   step 2135
[  1%]   step 2136
[  1%]   step 2137
[  1%]   step 2138
[  1%]   step 2139
[  1%]   step 2140
[  1%]   step 2141
[  1%]   step 2142
[  1%]   step 2143
[  1%]   step 2144
[  1%]   step 2145
[  1%]   step 2146
[  1%]   step 2147
[  1%]   step 2148
[  1%]   step 2149
[  1%]   step 2150
[  1%]   step 2151
[  1%]   step 2152
[  1%]   step 2153
[  1%]   step 2154
[  1%]   step 2155
[  1%]   step 2156
[  1%]   step 2157
[  1%]   step 2158
[  1%]   step 2159
[  1%]   step 2160
[  1%]   step 2161
[  1%]   step 2162
[  1%]   step 2163
[  1%]   step 2164
[  1%]   step 2165
[  1%]   step 2166
[  1%]   step 2167
[  1%]   step 2168
[  1%]   step 2169
[  1%]   step 2170
[  1%]   step 2171
[  1%]   step 2172
[  1%]   step 2173
[  1%]   step 2174
[  1%]   step 2175
[  1%]   step 2176
[  1%]   step 2177
[  1%]   step 2178
[  1%]   step 2179
[  1%]   step 2180
[  1%]   step 2181
[  1%]   step 2182
[  1%]   step 2183
[  1%]   step 2184
[  1%]   step 2185
[  1%]   step 2186
[  1%]   step 2187
[  1%]   step 2188
[  1%]   step 2189
[  1%]   step 2190
[  1%]   step 2191
[  1%]   step 2192
[  1%]   step 2193
[  1%]   step 2194
[  1%]   step 2195
[  1%]   step 2196
[  1%]   step 2197
[  1%]   step 2198
[  1%]   step 2199
[  1%]   step 2200
[  1%]   step 2201
[  1%]   step 2202
[  1%]   step 2203
[  1%]   step 2204
[  1%]   step 2205
[  1%]   step 2206
[  1%]   step 2207
[  1%]   step 2208
[  1%]   step 2209
[  1%]   step 2210
[  1%]   step 2211
[  1%]   step 2212
[  1%]   step 2213
[  1%]   step 2214
[  1%]   step 2215
[  1%]   step 2216
[  1%]   step 2217
[  1%]   step 2218
[  1%]   step 2219
[  1%]   step 2220
[  1%]   step 2221
[  1%]   step 2222
[  1%]   step 2223
[  1%]   step 2224
[  1%]   step 2225
[  1%]   step 2226
[  1%]   step 2227
[  1%]   step 2228
[  1%]   step 2229
[  1%]   step 2230
[  1%]   step 2231
[  1%]   step 2232
[  1%]   step 2233
[  1%]   step 2234
[  1%]   step 2235
[  1%]   step 2236
[  1%]   step 2237
[  1%]   step 2238
[  1%]   step 2239
[  1%]   step 2240
[  1%]   step 2241
[  1%]   step 2242
[  1%]   step 2243
[  1%]   step 2244
[  1%]   step 2245
[  1%]   step 2246
[  1%]   step 2247
[  1%]   step 2248
[  1%]   step 2249
[  1%]   step 2250
[  1%]   step 2251
[  1%]   step 2252
[  1%]   step 2253
[  1%]   step 2254
[  1%]   step 2255
[  1%]   step 2256
[  1%]   step 2257
[  1%]   step 2258
[  1%]   step 2259
[  1%]   step 2260
[  1%]   step 2261
[  1%]   step 2262
[  1%]   step 2263
[  1%]   step 2264
[  1%]   step 2265
[  1%]   step 2266
[  1%]   step 2267
[  1%]   step 2268
[  1%]   step 2269
[  1%]   step 2270
[  1%]   step 2271
[  1%]   step 2272
[  1%]   step 2273
[  1%]   step 2274
[  1%]   step 2275
[  1%]   step 2276
[  1%]   step 2277
[  1%]   step 2278
[  1%]   step 2279
[  1%]   step 2280
[  1%]   step 2281
[  1%]   step 2282
[  1%]   step 2283
[  1%]   step 2284
[  1%]   step 2285
[  1%]   step 2286
[  1%]   step 2287
[  1%]   step 2288
[  1%]   step 2289
[  1%]   step 2290
[  1%]   step 2291
[  1%]   step 2292
[  1%]   step 2293
[  1%]   step 2294
[  1%]   step 2295
[  1%]   step 2296
[  1%]   step 2297
[  1%]   step 2298
[  1%]   step 2299
[  1%]   step 2300
[  1%]   step 2301
[  1%]   step 2302
[  1%]   step 2303
[  1%]   step 2304
[  1%]   step 2305
[  1%]   step 2306
[  1%]   step 2307
[  1%]   step 2308
[  1%]   step 2309
[  1%]   step 2310
[  1%]   step 2311
[  1%]   step 2312
[  1%]   step 2313
[  1%]   step 2314
[  1%]   step 2315
[  1%]   step 2316
[  1%]   step 2317
[  1%]   step 2318
[  1%]   step 2319
[  1%]   step 2320
[  1%]   step 2321
[  1%]   step 2322
[  1%]   step 2323
[  1%]   step 2324
[  1%]   step 2325
[  1%]   step 2326
[  1%]   step 2327
[  1%]   step 2328
[  1%]   step 2329
[  1%]   step 2330
[  1%]   step 2331
[  1%]   step 2332
[  1%]   step 2333
[  1%]   step 2334
[  1%]   step 2335
[  1%]   step 2336
[  1%]   step 2337
[  1%]   step 2338
[  1%]   step 2339
[  1%]   step 2340
[  1%]   step 2341
[  1%]   step 2342
[  1%]   step 2343
[  1%]   step 2344
[  1%]   step 2345
[  1%]   step 2346
[  1%]   step 2347
[  1%]   step 2348
[  1%]   step 2349
+SWASH is processing output request    1
+SWASH is processing output request    2
[  1%]   step 2350
[  1%]   step 2351
[  1%]   step 2352
[  1%]   step 2353
[  1%]   step 2354
[  1%]   step 2355
[  1%]   step 2356
[  1%]   step 2357
[  1%]   step 2358
[  1%]   step 2359
[  1%]   step 2360
[  1%]   step 2361
[  1%]   step 2362
[  1%]   step 2363
[  1%]   step 2364
[  1%]   step 2365
[  1%]   step 2366
[  1%]   step 2367
[  1%]   step 2368
[  1%]   step 2369
[  1%]   step 2370
[  1%]   step 2371
[  1%]   step 2372
[  1%]   step 2373
[  1%]   step 2374
[  1%]   step 2375
[  1%]   step 2376
[  1%]   step 2377
[  1%]   step 2378
[  1%]   step 2379
[  1%]   step 2380
[  1%]   step 2381
[  1%]   step 2382
[  1%]   step 2383
[  1%]   step 2384
[  1%]   step 2385
[  1%]   step 2386
[  1%]   step 2387
[  1%]   step 2388
[  1%]   step 2389
[  1%]   step 2390
[  1%]   step 2391
[  1%]   step 2392
[  1%]   step 2393
[  1%]   step 2394
[  1%]   step 2395
[  1%]   step 2396
[  1%]   step 2397
[  1%]   step 2398
[  1%]   step 2399
[  1%]   step 2400
[  1%]   step 2401
[  1%]   step 2402
[  1%]   step 2403
[  1%]   step 2404
[  1%]   step 2405
[  1%]   step 2406
[  1%]   step 2407
[  1%]   step 2408
[  1%]   step 2409
[  1%]   step 2410
[  1%]   step 2411
[  1%]   step 2412
[  1%]   step 2413
[  1%]   step 2414
[  1%]   step 2415
[  1%]   step 2416
[  1%]   step 2417
[  1%]   step 2418
[  1%]   step 2419
[  1%]   step 2420
[  1%]   step 2421
[  1%]   step 2422
[  1%]   step 2423
[  1%]   step 2424
[  1%]   step 2425
[  1%]   step 2426
[  1%]   step 2427
[  1%]   step 2428
[  1%]   step 2429
[  1%]   step 2430
[  1%]   step 2431
[  1%]   step 2432
[  1%]   step 2433
[  1%]   step 2434
[  1%]   step 2435
[  1%]   step 2436
[  1%]   step 2437
[  1%]   step 2438
[  1%]   step 2439
[  1%]   step 2440
[  1%]   step 2441
[  1%]   step 2442
[  1%]   step 2443
[  1%]   step 2444
[  1%]   step 2445
[  1%]   step 2446
[  1%]   step 2447
[  1%]   step 2448
[  1%]   step 2449
[  1%]   step 2450
[  1%]   step 2451
[  1%]   step 2452
[  1%]   step 2453
[  1%]   step 2454
[  1%]   step 2455
[  1%]   step 2456
[  1%]   step 2457
[  1%]   step 2458
[  1%]   step 2459
[  1%]   step 2460
[  1%]   step 2461
[  1%]   step 2462
[  1%]   step 2463
[  1%]   step 2464
[  1%]   step 2465
[  1%]   step 2466
[  1%]   step 2467
[  1%]   step 2468
[  1%]   step 2469
[  1%]   step 2470
[  1%]   step 2471
[  1%]   step 2472
[  1%]   step 2473
[  1%]   step 2474
[  1%]   step 2475
[  1%]   step 2476
[  1%]   step 2477
[  1%]   step 2478
[  1%]   step 2479
[  1%]   step 2480
[  1%]   step 2481
[  1%]   step 2482
[  1%]   step 2483
[  1%]   step 2484
[  1%]   step 2485
[  1%]   step 2486
[  1%]   step 2487
[  1%]   step 2488
[  1%]   step 2489
[  1%]   step 2490
[  1%]   step 2491
[  1%]   step 2492
[  1%]   step 2493
[  1%]   step 2494
[  1%]   step 2495
[  1%]   step 2496
[  1%]   step 2497
[  1%]   step 2498
[  1%]   step 2499
[  1%]   step 2500
[  1%]   step 2501
[  1%]   step 2502
[  1%]   step 2503
[  1%]   step 2504
[  1%]   step 2505
[  1%]   step 2506
[  1%]   step 2507
[  1%]   step 2508
[  1%]   step 2509
[  1%]   step 2510
[  1%]   step 2511
[  1%]   step 2512
[  1%]   step 2513
[  1%]   step 2514
[  1%]   step 2515
[  1%]   step 2516
[  1%]   step 2517
[  1%]   step 2518
[  1%]   step 2519
[  1%]   step 2520
[  1%]   step 2521
[  1%]   step 2522
[  1%]   step 2523
[  1%]   step 2524
[  1%]   step 2525
[  1%]   step 2526
[  1%]   step 2527
[  1%]   step 2528
[  1%]   step 2529
[  1%]   step 2530
[  1%]   step 2531
[  1%]   step 2532
[  1%]   step 2533
[  1%]   step 2534
[  1%]   step 2535
[  1%]   step 2536
[  1%]   step 2537
[  1%]   step 2538
[  1%]   step 2539
[  1%]   step 2540
[  1%]   step 2541
[  1%]   step 2542
[  1%]   step 2543
[  1%]   step 2544
[  1%]   step 2545
[  1%]   step 2546
[  1%]   step 2547
[  1%]   step 2548
[  1%]   step 2549
[  1%]   step 2550
[  1%]   step 2551
[  1%]   step 2552
[  1%]   step 2553
[  1%]   step 2554
[  1%]   step 2555
[  1%]   step 2556
[  1%]   step 2557
[  1%]   step 2558
[  1%]   step 2559
[  1%]   step 2560
[  1%]   step 2561
[  1%]   step 2562
[  1%]   step 2563
[  1%]   step 2564
[  1%]   step 2565
[  1%]   step 2566
[  1%]   step 2567
[  1%]   step 2568
[  1%]   step 2569
[  1%]   step 2570
[  1%]   step 2571
[  1%]   step 2572
[  1%]   step 2573
[  1%]   step 2574
[  1%]   step 2575
[  1%]   step 2576
[  1%]   step 2577
[  1%]   step 2578
[  1%]   step 2579
[  1%]   step 2580
[  1%]   step 2581
[  1%]   step 2582
[  1%]   step 2583
[  1%]   step 2584
[  1%]   step 2585
[  1%]   step 2586
[  1%]   step 2587
[  1%]   step 2588
[  1%]   step 2589
[  1%]   step 2590
[  1%]   step 2591
[  1%]   step 2592
[  1%]   step 2593
[  1%]   step 2594
[  1%]   step 2595
[  1%]   step 2596
[  1%]   step 2597
[  1%]   step 2598
[  1%]   step 2599
[  1%]   step 2600
[  1%]   step 2601
[  1%]   step 2602
[  1%]   step 2603
[  1%]   step 2604
[  1%]   step 2605
[  1%]   step 2606
[  1%]   step 2607
[  1%]   step 2608
[  1%]   step 2609
[  1%]   step 2610
[  1%]   step 2611
[  1%]   step 2612
[  1%]   step 2613
[  1%]   step 2614
[  1%]   step 2615
[  1%]   step 2616
[  1%]   step 2617
[  1%]   step 2618
[  1%]   step 2619
[  1%]   step 2620
[  1%]   step 2621
[  1%]   step 2622
[  1%]   step 2623
[  1%]   step 2624
[  1%]   step 2625
[  1%]   step 2626
[  1%]   step 2627
[  1%]   step 2628
[  1%]   step 2629
[  1%]   step 2630
[  1%]   step 2631
[  1%]   step 2632
[  1%]   step 2633
[  1%]   step 2634
[  1%]   step 2635
[  1%]   step 2636
[  1%]   step 2637
[  1%]   step 2638
[  1%]   step 2639
[  1%]   step 2640
[  1%]   step 2641
[  1%]   step 2642
[  1%]   step 2643
[  1%]   step 2644
[  1%]   step 2645
[  1%]   step 2646
[  1%]   step 2647
[  1%]   step 2648
[  1%]   step 2649
[  1%]   step 2650
[  1%]   step 2651
[  1%]   step 2652
[  1%]   step 2653
[  1%]   step 2654
[  1%]   step 2655
[  1%]   step 2656
[  1%]   step 2657
[  1%]   step 2658
[  1%]   step 2659
[  1%]   step 2660
[  1%]   step 2661
[  1%]   step 2662
[  1%]   step 2663
[  1%]   step 2664
[  1%]   step 2665
[  1%]   step 2666
[  1%]   step 2667
[  1%]   step 2668
[  1%]   step 2669
[  1%]   step 2670
[  1%]   step 2671
[  1%]   step 2672
[  1%]   step 2673
[  1%]   step 2674
[  1%]   step 2675
[  1%]   step 2676
[  1%]   step 2677
[  1%]   step 2678
[  1%]   step 2679
[  1%]   step 2680
[  1%]   step 2681
[  1%]   step 2682
[  1%]   step 2683
[  1%]   step 2684
[  1%]   step 2685
[  1%]   step 2686
[  1%]   step 2687
[  1%]   step 2688
[  1%]   step 2689
[  1%]   step 2690
[  1%]   step 2691
[  1%]   step 2692
[  1%]   step 2693
[  1%]   step 2694
[  1%]   step 2695
[  1%]   step 2696
[  1%]   step 2697
[  1%]   step 2698
[  1%]   step 2699
[  1%]   step 2700
[  1%]   step 2701
[  1%]   step 2702
[  1%]   step 2703
[  1%]   step 2704
[  1%]   step 2705
[  1%]   step 2706
[  1%]   step 2707
[  1%]   step 2708
[  1%]   step 2709
[  1%]   step 2710
[  1%]   step 2711
[  1%]   step 2712
[  1%]   step 2713
[  1%]   step 2714
[  1%]   step 2715
[  1%]   step 2716
[  1%]   step 2717
[  1%]   step 2718
[  1%]   step 2719
[  1%]   step 2720
[  1%]   step 2721
[  1%]   step 2722
[  1%]   step 2723
[  1%]   step 2724
[  1%]   step 2725
[  1%]   step 2726
[  1%]   step 2727
[  1%]   step 2728
[  1%]   step 2729
[  1%]   step 2730
[  1%]   step 2731
[  1%]   step 2732
[  1%]   step 2733
[  1%]   step 2734
[  1%]   step 2735
[  1%]   step 2736
[  1%]   step 2737
[  1%]   step 2738
[  1%]   step 2739
[  1%]   step 2740
+SWASH is processing output request    1
+SWASH is processing output request    2
[  1%]   step 2741
[  1%]   step 2742
[  1%]   step 2743
[  1%]   step 2744
[  1%]   step 2745
[  1%]   step 2746
[  1%]   step 2747
[  1%]   step 2748
[  1%]   step 2749
[  1%]   step 2750
[  1%]   step 2751
[  1%]   step 2752
[  1%]   step 2753
[  1%]   step 2754
[  1%]   step 2755
[  1%]   step 2756
[  1%]   step 2757
[  1%]   step 2758
[  1%]   step 2759
[  1%]   step 2760
[  1%]   step 2761
[  1%]   step 2762
[  1%]   step 2763
[  1%]   step 2764
[  1%]   step 2765
[  1%]   step 2766
[  1%]   step 2767
[  1%]   step 2768
[  1%]   step 2769
[  1%]   step 2770
[  1%]   step 2771
[  1%]   step 2772
[  1%]   step 2773
[  1%]   step 2774
[  1%]   step 2775
[  1%]   step 2776
[  1%]   step 2777
[  1%]   step 2778
[  1%]   step 2779
[  1%]   step 2780
[  1%]   step 2781
[  1%]   step 2782
[  1%]   step 2783
[  1%]   step 2784
[  1%]   step 2785
[  1%]   step 2786
[  1%]   step 2787
[  1%]   step 2788
[  1%]   step 2789
[  1%]   step 2790
[  1%]   step 2791
[  1%]   step 2792
[  1%]   step 2793
[  1%]   step 2794
[  1%]   step 2795
[  1%]   step 2796
[  1%]   step 2797
[  1%]   step 2798
[  1%]   step 2799
[  1%]   step 2800
[  1%]   step 2801
[  1%]   step 2802
[  1%]   step 2803
[  1%]   step 2804
[  1%]   step 2805
[  1%]   step 2806
[  1%]   step 2807
[  1%]   step 2808
[  1%]   step 2809
[  1%]   step 2810
[  1%]   step 2811
[  1%]   step 2812
[  1%]   step 2813
[  1%]   step 2814
[  1%]   step 2815
[  1%]   step 2816
[  1%]   step 2817
[  1%]   step 2818
[  1%]   step 2819
[  1%]   step 2820
[  1%]   step 2821
[  1%]   step 2822
[  1%]   step 2823
[  1%]   step 2824
[  1%]   step 2825
[  1%]   step 2826
[  1%]   step 2827
[  1%]   step 2828
[  1%]   step 2829
[  1%]   step 2830
[  1%]   step 2831
[  1%]   step 2832
[  1%]   step 2833
[  1%]   step 2834
[  1%]   step 2835
[  1%]   step 2836
[  1%]   step 2837
[  1%]   step 2838
[  1%]   step 2839
[  1%]   step 2840
[  1%]   step 2841
[  1%]   step 2842
[  1%]   step 2843
[  1%]   step 2844
[  1%]   step 2845
[  1%]   step 2846
[  1%]   step 2847
[  1%]   step 2848
[  1%]   step 2849
[  1%]   step 2850
[  1%]   step 2851
[  1%]   step 2852
[  1%]   step 2853
[  1%]   step 2854
[  1%]   step 2855
[  1%]   step 2856
[  1%]   step 2857
[  1%]   step 2858
[  1%]   step 2859
[  1%]   step 2860
[  1%]   step 2861
[  1%]   step 2862
[  1%]   step 2863
[  1%]   step 2864
[  1%]   step 2865
[  1%]   step 2866
[  1%]   step 2867
[  1%]   step 2868
[  1%]   step 2869
[  1%]   step 2870
[  1%]   step 2871
[  1%]   step 2872
[  1%]   step 2873
[  1%]   step 2874
[  1%]   step 2875
[  1%]   step 2876
[  1%]   step 2877
[  1%]   step 2878
[  1%]   step 2879
[  1%]   step 2880
[  1%]   step 2881
[  1%]   step 2882
[  1%]   step 2883
[  1%]   step 2884
[  1%]   step 2885
[  1%]   step 2886
[  1%]   step 2887
[  1%]   step 2888
[  1%]   step 2889
[  1%]   step 2890
[  1%]   step 2891
[  1%]   step 2892
[  1%]   step 2893
[  1%]   step 2894
[  1%]   step 2895
[  1%]   step 2896
[  1%]   step 2897
[  1%]   step 2898
[  1%]   step 2899
[  1%]   step 2900
[  1%]   step 2901
[  1%]   step 2902
[  1%]   step 2903
[  1%]   step 2904
[  1%]   step 2905
[  1%]   step 2906
[  1%]   step 2907
[  1%]   step 2908
[  1%]   step 2909
[  1%]   step 2910
[  1%]   step 2911
[  1%]   step 2912
[  1%]   step 2913
[  1%]   step 2914
[  1%]   step 2915
[  1%]   step 2916
[  1%]   step 2917
[  1%]   step 2918
[  1%]   step 2919
[  1%]   step 2920
[  1%]   step 2921
[  1%]   step 2922
[  1%]   step 2923
[  1%]   step 2924
[  1%]   step 2925
[  1%]   step 2926
[  1%]   step 2927
[  1%]   step 2928
[  1%]   step 2929
[  1%]   step 2930
[  1%]   step 2931
[  1%]   step 2932
[  1%]   step 2933
[  1%]   step 2934
[  1%]   step 2935
[  1%]   step 2936
[  1%]   step 2937
[  1%]   step 2938
[  1%]   step 2939
[  1%]   step 2940
[  1%]   step 2941
[  1%]   step 2942
[  1%]   step 2943
[  1%]   step 2944
[  1%]   step 2945
[  1%]   step 2946
[  1%]   step 2947
[  1%]   step 2948
[  1%]   step 2949
[  1%]   step 2950
[  1%]   step 2951
[  1%]   step 2952
[  1%]   step 2953
[  1%]   step 2954
[  1%]   step 2955
[  1%]   step 2956
[  1%]   step 2957
[  1%]   step 2958
[  1%]   step 2959
[  1%]   step 2960
[  1%]   step 2961
[  1%]   step 2962
[  1%]   step 2963
[  1%]   step 2964
[  1%]   step 2965
[  1%]   step 2966
[  1%]   step 2967
[  1%]   step 2968
[  1%]   step 2969
[  1%]   step 2970
[  1%]   step 2971
[  1%]   step 2972
[  1%]   step 2973
[  1%]   step 2974
[  1%]   step 2975
[  1%]   step 2976
[  1%]   step 2977
[  1%]   step 2978
[  1%]   step 2979
[  1%]   step 2980
[  1%]   step 2981
[  1%]   step 2982
[  1%]   step 2983
[  1%]   step 2984
[  1%]   step 2985
[  1%]   step 2986
[  1%]   step 2987
[  1%]   step 2988
[  1%]   step 2989
[  1%]   step 2990
[  1%]   step 2991
[  1%]   step 2992
[  1%]   step 2993
[  1%]   step 2994
[  1%]   step 2995
[  1%]   step 2996
[  1%]   step 2997
[  1%]   step 2998
[  1%]   step 2999
[  1%]   step 3000
[  1%]   step 3001
[  1%]   step 3002
[  1%]   step 3003
[  1%]   step 3004
[  1%]   step 3005
[  1%]   step 3006
[  1%]   step 3007
[  1%]   step 3008
[  1%]   step 3009
[  1%]   step 3010
[  1%]   step 3011
[  1%]   step 3012
[  1%]   step 3013
[  1%]   step 3014
[  1%]   step 3015
[  1%]   step 3016
[  1%]   step 3017
[  1%]   step 3018
[  1%]   step 3019
[  1%]   step 3020
[  1%]   step 3021
[  1%]   step 3022
[  1%]   step 3023
[  1%]   step 3024
[  1%]   step 3025
[  1%]   step 3026
[  1%]   step 3027
[  1%]   step 3028
[  1%]   step 3029
[  1%]   step 3030
[  1%]   step 3031
[  1%]   step 3032
[  1%]   step 3033
[  1%]   step 3034
[  1%]   step 3035
[  1%]   step 3036
[  1%]   step 3037
[  1%]   step 3038
[  1%]   step 3039
[  1%]   step 3040
[  1%]   step 3041
[  1%]   step 3042
[  1%]   step 3043
[  1%]   step 3044
[  1%]   step 3045
[  1%]   step 3046
[  1%]   step 3047
[  1%]   step 3048
[  1%]   step 3049
[  1%]   step 3050
[  1%]   step 3051
[  1%]   step 3052
[  1%]   step 3053
[  1%]   step 3054
[  1%]   step 3055
[  1%]   step 3056
[  1%]   step 3057
[  1%]   step 3058
[  1%]   step 3059
[  1%]   step 3060
[  1%]   step 3061
[  1%]   step 3062
[  1%]   step 3063
[  1%]   step 3064
[  1%]   step 3065
[  1%]   step 3066
[  1%]   step 3067
[  1%]   step 3068
[  1%]   step 3069
[  1%]   step 3070
[  1%]   step 3071
[  1%]   step 3072
[  1%]   step 3073
[  1%]   step 3074
[  1%]   step 3075
[  1%]   step 3076
[  1%]   step 3077
[  1%]   step 3078
[  1%]   step 3079
[  1%]   step 3080
[  1%]   step 3081
[  1%]   step 3082
[  1%]   step 3083
[  1%]   step 3084
[  1%]   step 3085
[  1%]   step 3086
[  1%]   step 3087
[  1%]   step 3088
[  1%]   step 3089
[  1%]   step 3090
[  1%]   step 3091
[  1%]   step 3092
[  1%]   step 3093
[  1%]   step 3094
[  1%]   step 3095
[  1%]   step 3096
[  1%]   step 3097
[  1%]   step 3098
[  1%]   step 3099
[  1%]   step 3100
[  1%]   step 3101
[  1%]   step 3102
[  1%]   step 3103
[  1%]   step 3104
[  1%]   step 3105
[  1%]   step 3106
[  1%]   step 3107
[  1%]   step 3108
[  1%]   step 3109
[  1%]   step 3110
[  1%]   step 3111
[  1%]   step 3112
[  1%]   step 3113
[  1%]   step 3114
[  1%]   step 3115
[  1%]   step 3116
[  1%]   step 3117
[  1%]   step 3118
[  1%]   step 3119
[  1%]   step 3120
[  1%]   step 3121
[  1%]   step 3122
[  1%]   step 3123
[  1%]   step 3124
[  1%]   step 3125
[  1%]   step 3126
[  1%]   step 3127
[  1%]   step 3128
[  1%]   step 3129
[  1%]   step 3130
[  1%]   step 3131
[  1%]   step 3132
+SWASH is processing output request    1
+SWASH is processing output request    2
[  1%]   step 3133
[  1%]   step 3134
[  1%]   step 3135
[  1%]   step 3136
[  1%]   step 3137
[  1%]   step 3138
[  1%]   step 3139
[  1%]   step 3140
[  1%]   step 3141
[  1%]   step 3142
[  1%]   step 3143
[  1%]   step 3144
[  1%]   step 3145
[  1%]   step 3146
[  1%]   step 3147
[  1%]   step 3148
[  1%]   step 3149
[  1%]   step 3150
[  1%]   step 3151
[  1%]   step 3152
[  1%]   step 3153
[  1%]   step 3154
[  1%]   step 3155
[  1%]   step 3156
[  1%]   step 3157
[  1%]   step 3158
[  1%]   step 3159
[  1%]   step 3160
[  1%]   step 3161
[  1%]   step 3162
[  1%]   step 3163
[  1%]   step 3164
[  1%]   step 3165
[  1%]   step 3166
[  1%]   step 3167
[  1%]   step 3168
[  1%]   step 3169
[  1%]   step 3170
[  1%]   step 3171
[  1%]   step 3172
[  1%]   step 3173
[  1%]   step 3174
[  1%]   step 3175
[  1%]   step 3176
[  1%]   step 3177
[  1%]   step 3178
[  1%]   step 3179
[  1%]   step 3180
[  1%]   step 3181
[  1%]   step 3182
[  1%]   step 3183
[  1%]   step 3184
[  1%]   step 3185
[  1%]   step 3186
[  1%]   step 3187
[  1%]   step 3188
[  1%]   step 3189
[  1%]   step 3190
[  1%]   step 3191
[  1%]   step 3192
[  1%]   step 3193
[  1%]   step 3194
[  1%]   step 3195
[  1%]   step 3196
[  1%]   step 3197
[  1%]   step 3198
[  1%]   step 3199
[  1%]   step 3200
[  1%]   step 3201
[  1%]   step 3202
[  1%]   step 3203
[  1%]   step 3204
[  1%]   step 3205
[  1%]   step 3206
[  1%]   step 3207
[  1%]   step 3208
[  1%]   step 3209
[  1%]   step 3210
[  1%]   step 3211
[  1%]   step 3212
[  1%]   step 3213
[  1%]   step 3214
[  1%]   step 3215
[  1%]   step 3216
[  1%]   step 3217
[  1%]   step 3218
[  1%]   step 3219
[  1%]   step 3220
[  1%]   step 3221
[  1%]   step 3222
[  1%]   step 3223
[  1%]   step 3224
[  1%]   step 3225
[  1%]   step 3226
[  1%]   step 3227
[  1%]   step 3228
[  1%]   step 3229
[  1%]   step 3230
[  1%]   step 3231
[  1%]   step 3232
[  1%]   step 3233
[  1%]   step 3234
[  1%]   step 3235
[  1%]   step 3236
[  1%]   step 3237
[  1%]   step 3238
[  1%]   step 3239
[  1%]   step 3240
[  1%]   step 3241
[  1%]   step 3242
[  1%]   step 3243
[  1%]   step 3244
[  1%]   step 3245
[  1%]   step 3246
[  1%]   step 3247
[  1%]   step 3248
[  1%]   step 3249
[  1%]   step 3250
[  1%]   step 3251
[  1%]   step 3252
[  1%]   step 3253
[  1%]   step 3254
[  1%]   step 3255
[  1%]   step 3256
[  1%]   step 3257
[  1%]   step 3258
[  1%]   step 3259
[  1%]   step 3260
[  1%]   step 3261
[  1%]   step 3262
[  1%]   step 3263
[  1%]   step 3264
[  1%]   step 3265
[  1%]   step 3266
[  1%]   step 3267
[  1%]   step 3268
[  1%]   step 3269
[  1%]   step 3270
[  1%]   step 3271
[  1%]   step 3272
[  1%]   step 3273
[  1%]   step 3274
[  1%]   step 3275
[  1%]   step 3276
[  1%]   step 3277
[  1%]   step 3278
[  1%]   step 3279
[  1%]   step 3280
[  1%]   step 3281
[  1%]   step 3282
[  1%]   step 3283
[  1%]   step 3284
[  1%]   step 3285
[  1%]   step 3286
[  1%]   step 3287
[  1%]   step 3288
[  1%]   step 3289
[  1%]   step 3290
[  1%]   step 3291
[  1%]   step 3292
[  1%]   step 3293
[  1%]   step 3294
[  1%]   step 3295
[  1%]   step 3296
[  1%]   step 3297
[  1%]   step 3298
[  1%]   step 3299
[  1%]   step 3300
[  1%]   step 3301
[  1%]   step 3302
[  1%]   step 3303
[  1%]   step 3304
[  1%]   step 3305
[  1%]   step 3306
[  1%]   step 3307
[  1%]   step 3308
[  1%]   step 3309
[  1%]   step 3310
[  1%]   step 3311
[  1%]   step 3312
[  1%]   step 3313
[  1%]   step 3314
[  1%]   step 3315
[  1%]   step 3316
[  1%]   step 3317
[  1%]   step 3318
[  1%]   step 3319
[  1%]   step 3320
[  1%]   step 3321
[  1%]   step 3322
[  1%]   step 3323
[  1%]   step 3324
[  1%]   step 3325
[  1%]   step 3326
[  1%]   step 3327
[  1%]   step 3328
[  1%]   step 3329
[  1%]   step 3330
[  1%]   step 3331
[  1%]   step 3332
[  1%]   step 3333
[  1%]   step 3334
[  1%]   step 3335
[  1%]   step 3336
[  1%]   step 3337
[  1%]   step 3338
[  1%]   step 3339
[  1%]   step 3340
[  1%]   step 3341
[  1%]   step 3342
[  1%]   step 3343
[  1%]   step 3344
[  1%]   step 3345
[  1%]   step 3346
[  1%]   step 3347
[  1%]   step 3348
[  1%]   step 3349
[  1%]   step 3350
[  1%]   step 3351
[  1%]   step 3352
[  1%]   step 3353
[  1%]   step 3354
[  1%]   step 3355
[  1%]   step 3356
[  1%]   step 3357
[  1%]   step 3358
[  1%]   step 3359
[  1%]   step 3360
[  1%]   step 3361
[  1%]   step 3362
[  1%]   step 3363
[  1%]   step 3364
[  1%]   step 3365
[  1%]   step 3366
[  1%]   step 3367
[  1%]   step 3368
[  1%]   step 3369
[  1%]   step 3370
[  1%]   step 3371
[  1%]   step 3372
[  1%]   step 3373
[  1%]   step 3374
[  1%]   step 3375
[  1%]   step 3376
[  1%]   step 3377
[  1%]   step 3378
[  1%]   step 3379
[  1%]   step 3380
[  1%]   step 3381
[  1%]   step 3382
[  1%]   step 3383
[  1%]   step 3384
[  1%]   step 3385
[  1%]   step 3386
[  1%]   step 3387
[  1%]   step 3388
[  1%]   step 3389
[  1%]   step 3390
[  1%]   step 3391
[  1%]   step 3392
[  1%]   step 3393
[  1%]   step 3394
[  1%]   step 3395
[  1%]   step 3396
[  1%]   step 3397
[  1%]   step 3398
[  1%]   step 3399
[  1%]   step 3400
[  1%]   step 3401
[  1%]   step 3402
[  1%]   step 3403
[  1%]   step 3404
[  1%]   step 3405
[  1%]   step 3406
[  1%]   step 3407
[  1%]   step 3408
[  1%]   step 3409
[  1%]   step 3410
[  1%]   step 3411
[  1%]   step 3412
[  1%]   step 3413
[  1%]   step 3414
[  1%]   step 3415
[  1%]   step 3416
[  1%]   step 3417
[  1%]   step 3418
[  1%]   step 3419
[  1%]   step 3420
[  1%]   step 3421
[  1%]   step 3422
[  1%]   step 3423
[  1%]   step 3424
[  1%]   step 3425
[  1%]   step 3426
[  1%]   step 3427
[  1%]   step 3428
[  1%]   step 3429
[  1%]   step 3430
[  1%]   step 3431
[  1%]   step 3432
[  1%]   step 3433
[  1%]   step 3434
[  1%]   step 3435
[  1%]   step 3436
[  1%]   step 3437
[  1%]   step 3438
[  1%]   step 3439
[  1%]   step 3440
[  1%]   step 3441
[  1%]   step 3442
[  1%]   step 3443
[  1%]   step 3444
[  1%]   step 3445
[  1%]   step 3446
[  1%]   step 3447
[  1%]   step 3448
[  1%]   step 3449
[  1%]   step 3450
[  1%]   step 3451
[  1%]   step 3452
[  1%]   step 3453
[  1%]   step 3454
[  1%]   step 3455
[  1%]   step 3456
[  1%]   step 3457
[  1%]   step 3458
[  1%]   step 3459
[  1%]   step 3460
[  1%]   step 3461
[  1%]   step 3462
[  1%]   step 3463
[  1%]   step 3464
[  1%]   step 3465
[  1%]   step 3466
[  1%]   step 3467
[  1%]   step 3468
[  1%]   step 3469
[  1%]   step 3470
[  1%]   step 3471
[  1%]   step 3472
[  1%]   step 3473
[  1%]   step 3474
[  1%]   step 3475
[  1%]   step 3476
[  1%]   step 3477
[  1%]   step 3478
[  1%]   step 3479
[  1%]   step 3480
[  1%]   step 3481
[  1%]   step 3482
[  1%]   step 3483
[  1%]   step 3484
[  1%]   step 3485
[  1%]   step 3486
[  1%]   step 3487
[  1%]   step 3488
[  1%]   step 3489
[  1%]   step 3490
[  1%]   step 3491
[  1%]   step 3492
[  1%]   step 3493
[  1%]   step 3494
[  1%]   step 3495
[  1%]   step 3496
[  1%]   step 3497
[  1%]   step 3498
[  1%]   step 3499
[  1%]   step 3500
[  1%]   step 3501
[  1%]   step 3502
[  1%]   step 3503
[  1%]   step 3504
[  1%]   step 3505
[  1%]   step 3506
[  1%]   step 3507
[  1%]   step 3508
[  1%]   step 3509
[  1%]   step 3510
[  1%]   step 3511
[  1%]   step 3512
[  1%]   step 3513
[  1%]   step 3514
[  1%]   step 3515
[  1%]   step 3516
[  1%]   step 3517
[  1%]   step 3518
[  1%]   step 3519
[  1%]   step 3520
[  1%]   step 3521
[  1%]   step 3522
[  1%]   step 3523
+SWASH is processing output request    1
+SWASH is processing output request    2
[  1%]   step 3524
[  1%]   step 3525
[  1%]   step 3526
[  1%]   step 3527
[  1%]   step 3528
[  1%]   step 3529
[  1%]   step 3530
[  1%]   step 3531
[  1%]   step 3532
[  1%]   step 3533
[  1%]   step 3534
[  1%]   step 3535
[  1%]   step 3536
[  1%]   step 3537
[  1%]   step 3538
[  1%]   step 3539
[  1%]   step 3540
[  1%]   step 3541
[  1%]   step 3542
[  1%]   step 3543
[  1%]   step 3544
[  1%]   step 3545
[  1%]   step 3546
[  1%]   step 3547
[  1%]   step 3548
[  1%]   step 3549
[  1%]   step 3550
[  1%]   step 3551
[  1%]   step 3552
[  1%]   step 3553
[  1%]   step 3554
[  1%]   step 3555
[  1%]   step 3556
[  1%]   step 3557
[  1%]   step 3558
[  1%]   step 3559
[  1%]   step 3560
[  1%]   step 3561
[  1%]   step 3562
[  1%]   step 3563
[  1%]   step 3564
[  1%]   step 3565
[  1%]   step 3566
[  1%]   step 3567
[  1%]   step 3568
[  1%]   step 3569
[  1%]   step 3570
[  1%]   step 3571
[  1%]   step 3572
[  1%]   step 3573
[  1%]   step 3574
[  1%]   step 3575
[  1%]   step 3576
[  1%]   step 3577
[  1%]   step 3578
[  1%]   step 3579
[  1%]   step 3580
[  1%]   step 3581
[  1%]   step 3582
[  1%]   step 3583
[  1%]   step 3584
[  1%]   step 3585
[  1%]   step 3586
[  1%]   step 3587
[  1%]   step 3588
[  1%]   step 3589
[  1%]   step 3590
[  1%]   step 3591
[  1%]   step 3592
[  1%]   step 3593
[  1%]   step 3594
[  1%]   step 3595
[  1%]   step 3596
[  1%]   step 3597
[  1%]   step 3598
[  1%]   step 3599
[  1%]   step 3600
[  1%]   step 3601
[  1%]   step 3602
[  1%]   step 3603
[  1%]   step 3604
[  1%]   step 3605
[  1%]   step 3606
[  1%]   step 3607
[  1%]   step 3608
[  1%]   step 3609
[  1%]   step 3610
[  1%]   step 3611
[  1%]   step 3612
[  1%]   step 3613
[  1%]   step 3614
[  1%]   step 3615
[  1%]   step 3616
[  1%]   step 3617
[  1%]   step 3618
[  1%]   step 3619
[  1%]   step 3620
[  1%]   step 3621
[  1%]   step 3622
[  1%]   step 3623
[  1%]   step 3624
[  1%]   step 3625
[  1%]   step 3626
[  1%]   step 3627
[  1%]   step 3628
[  1%]   step 3629
[  1%]   step 3630
[  1%]   step 3631
[  1%]   step 3632
[  1%]   step 3633
[  1%]   step 3634
[  1%]   step 3635
[  1%]   step 3636
[  1%]   step 3637
[  1%]   step 3638
[  1%]   step 3639
[  1%]   step 3640
[  1%]   step 3641
[  1%]   step 3642
[  1%]   step 3643
[  1%]   step 3644
[  1%]   step 3645
[  1%]   step 3646
[  1%]   step 3647
[  1%]   step 3648
[  1%]   step 3649
[  1%]   step 3650
[  1%]   step 3651
[  1%]   step 3652
[  1%]   step 3653
[  1%]   step 3654
[  1%]   step 3655
[  1%]   step 3656
[  1%]   step 3657
[  1%]   step 3658
[  1%]   step 3659
[  1%]   step 3660
[  1%]   step 3661
[  1%]   step 3662
[  1%]   step 3663
[  1%]   step 3664
[  1%]   step 3665
[  1%]   step 3666
[  1%]   step 3667
[  1%]   step 3668
[  1%]   step 3669
[  1%]   step 3670
[  1%]   step 3671
[  1%]   step 3672
[  1%]   step 3673
[  1%]   step 3674
[  1%]   step 3675
[  1%]   step 3676
[  1%]   step 3677
[  1%]   step 3678
[  1%]   step 3679
[  1%]   step 3680
[  1%]   step 3681
[  1%]   step 3682
[  1%]   step 3683
[  1%]   step 3684
[  1%]   step 3685
[  1%]   step 3686
[  1%]   step 3687
[  1%]   step 3688
[  1%]   step 3689
[  1%]   step 3690
[  1%]   step 3691
[  1%]   step 3692
[  1%]   step 3693
[  1%]   step 3694
[  1%]   step 3695
[  1%]   step 3696
[  1%]   step 3697
[  1%]   step 3698
[  1%]   step 3699
[  1%]   step 3700
[  1%]   step 3701
[  1%]   step 3702
[  1%]   step 3703
[  1%]   step 3704
[  1%]   step 3705
[  1%]   step 3706
[  1%]   step 3707
[  1%]   step 3708
[  1%]   step 3709
[  1%]   step 3710
[  1%]   step 3711
[  1%]   step 3712
[  1%]   step 3713
[  1%]   step 3714
[  1%]   step 3715
[  1%]   step 3716
[  1%]   step 3717
[  1%]   step 3718
[  1%]   step 3719
[  1%]   step 3720
[  1%]   step 3721
[  1%]   step 3722
[  1%]   step 3723
[  1%]   step 3724
[  1%]   step 3725
[  1%]   step 3726
[  1%]   step 3727
[  1%]   step 3728
[  1%]   step 3729
[  1%]   step 3730
[  1%]   step 3731
[  1%]   step 3732
[  1%]   step 3733
[  1%]   step 3734
[  1%]   step 3735
[  1%]   step 3736
[  1%]   step 3737
[  1%]   step 3738
[  1%]   step 3739
[  1%]   step 3740
[  1%]   step 3741
[  1%]   step 3742
[  1%]   step 3743
[  1%]   step 3744
[  1%]   step 3745
[  1%]   step 3746
[  1%]   step 3747
[  1%]   step 3748
[  1%]   step 3749
[  1%]   step 3750
[  1%]   step 3751
[  1%]   step 3752
[  1%]   step 3753
[  1%]   step 3754
[  1%]   step 3755
[  1%]   step 3756
[  1%]   step 3757
[  1%]   step 3758
[  1%]   step 3759
[  1%]   step 3760
[  1%]   step 3761
[  1%]   step 3762
[  1%]   step 3763
[  1%]   step 3764
[  1%]   step 3765
[  1%]   step 3766
[  1%]   step 3767
[  1%]   step 3768
[  1%]   step 3769
[  1%]   step 3770
[  1%]   step 3771
[  1%]   step 3772
[  1%]   step 3773
[  1%]   step 3774
[  1%]   step 3775
[  1%]   step 3776
[  1%]   step 3777
[  1%]   step 3778
[  1%]   step 3779
[  1%]   step 3780
[  1%]   step 3781
[  1%]   step 3782
[  1%]   step 3783
[  1%]   step 3784
[  1%]   step 3785
[  1%]   step 3786
[  1%]   step 3787
[  1%]   step 3788
[  1%]   step 3789
[  1%]   step 3790
[  1%]   step 3791
[  1%]   step 3792
[  1%]   step 3793
[  1%]   step 3794
[  1%]   step 3795
[  1%]   step 3796
[  1%]   step 3797
[  1%]   step 3798
[  1%]   step 3799
[  1%]   step 3800
[  1%]   step 3801
[  1%]   step 3802
[  1%]   step 3803
[  1%]   step 3804
[  1%]   step 3805
[  1%]   step 3806
[  1%]   step 3807
[  1%]   step 3808
[  1%]   step 3809
[  1%]   step 3810
[  1%]   step 3811
[  1%]   step 3812
[  1%]   step 3813
[  1%]   step 3814
[  1%]   step 3815
[  1%]   step 3816
[  1%]   step 3817
[  1%]   step 3818
[  1%]   step 3819
[  1%]   step 3820
[  1%]   step 3821
[  1%]   step 3822
[  1%]   step 3823
[  1%]   step 3824
[  1%]   step 3825
[  1%]   step 3826
[  1%]   step 3827
[  1%]   step 3828
[  1%]   step 3829
[  1%]   step 3830
[  1%]   step 3831
[  1%]   step 3832
[  1%]   step 3833
[  1%]   step 3834
[  1%]   step 3835
[  1%]   step 3836
[  1%]   step 3837
[  1%]   step 3838
[  1%]   step 3839
[  1%]   step 3840
[  1%]   step 3841
[  1%]   step 3842
[  1%]   step 3843
[  1%]   step 3844
[  1%]   step 3845
[  1%]   step 3846
[  1%]   step 3847
[  1%]   step 3848
[  1%]   step 3849
[  1%]   step 3850
[  1%]   step 3851
[  1%]   step 3852
[  1%]   step 3853
[  1%]   step 3854
[  1%]   step 3855
[  1%]   step 3856
[  1%]   step 3857
[  1%]   step 3858
[  1%]   step 3859
[  1%]   step 3860
[  1%]   step 3861
[  1%]   step 3862
[  1%]   step 3863
[  1%]   step 3864
[  1%]   step 3865
[  1%]   step 3866
[  1%]   step 3867
[  1%]   step 3868
[  1%]   step 3869
[  1%]   step 3870
[  1%]   step 3871
[  1%]   step 3872
[  1%]   step 3873
[  1%]   step 3874
[  1%]   step 3875
[  1%]   step 3876
[  1%]   step 3877
[  1%]   step 3878
[  1%]   step 3879
[  1%]   step 3880
[  1%]   step 3881
[  1%]   step 3882
[  1%]   step 3883
[  1%]   step 3884
[  1%]   step 3885
[  1%]   step 3886
[  1%]   step 3887
[  1%]   step 3888
[  1%]   step 3889
[  1%]   step 3890
[  1%]   step 3891
[  1%]   step 3892
[  1%]   step 3893
[  1%]   step 3894
[  1%]   step 3895
[  1%]   step 3896
[  1%]   step 3897
[  1%]   step 3898
[  1%]   step 3899
[  1%]   step 3900
[  1%]   step 3901
[  1%]   step 3902
[  1%]   step 3903
[  1%]   step 3904
[  1%]   step 3905
[  1%]   step 3906
[  1%]   step 3907
[  1%]   step 3908
[  1%]   step 3909
[  1%]   step 3910
[  1%]   step 3911
[  1%]   step 3912
[  1%]   step 3913
[  1%]   step 3914
[  1%]   step 3915
+SWASH is processing output request    1
+SWASH is processing output request    2
[  1%]   step 3916
[  1%]   step 3917
[  1%]   step 3918
[  1%]   step 3919
[  1%]   step 3920
[  1%]   step 3921
[  1%]   step 3922
[  1%]   step 3923
[  1%]   step 3924
[  1%]   step 3925
[  1%]   step 3926
[  1%]   step 3927
[  1%]   step 3928
[  1%]   step 3929
[  1%]   step 3930
[  1%]   step 3931
[  1%]   step 3932
[  1%]   step 3933
[  1%]   step 3934
[  1%]   step 3935
[  1%]   step 3936
[  1%]   step 3937
[  1%]   step 3938
[  1%]   step 3939
[  1%]   step 3940
[  1%]   step 3941
[  1%]   step 3942
[  1%]   step 3943
[  1%]   step 3944
[  1%]   step 3945
[  1%]   step 3946
[  1%]   step 3947
[  1%]   step 3948
[  1%]   step 3949
[  1%]   step 3950
[  1%]   step 3951
[  1%]   step 3952
[  1%]   step 3953
[  1%]   step 3954
[  1%]   step 3955
[  1%]   step 3956
[  1%]   step 3957
[  1%]   step 3958
[  1%]   step 3959
[  1%]   step 3960
[  1%]   step 3961
[  1%]   step 3962
[  1%]   step 3963
[  1%]   step 3964
[  1%]   step 3965
[  1%]   step 3966
[  1%]   step 3967
[  1%]   step 3968
[  1%]   step 3969
[  1%]   step 3970
[  1%]   step 3971
[  1%]   step 3972
[  1%]   step 3973
[  1%]   step 3974
[  1%]   step 3975
[  1%]   step 3976
[  1%]   step 3977
[  1%]   step 3978
[  1%]   step 3979
[  1%]   step 3980
[  1%]   step 3981
[  1%]   step 3982
[  1%]   step 3983
[  1%]   step 3984
[  1%]   step 3985
[  1%]   step 3986
[  1%]   step 3987
[  1%]   step 3988
[  1%]   step 3989
[  1%]   step 3990
[  1%]   step 3991
[  1%]   step 3992
[  1%]   step 3993
[  1%]   step 3994
[  1%]   step 3995
[  1%]   step 3996
[  1%]   step 3997
[  1%]   step 3998
[  1%]   step 3999
[  1%]   step 4000
[  1%]   step 4001
[  1%]   step 4002
[  1%]   step 4003
[  1%]   step 4004
[  1%]   step 4005
[  1%]   step 4006
[  1%]   step 4007
[  1%]   step 4008
[  1%]   step 4009
[  1%]   step 4010
[  1%]   step 4011
[  1%]   step 4012
[  1%]   step 4013
[  1%]   step 4014
[  1%]   step 4015
[  1%]   step 4016
[  1%]   step 4017
[  1%]   step 4018
[  1%]   step 4019
[  1%]   step 4020
[  1%]   step 4021
[  1%]   step 4022
[  1%]   step 4023
[  1%]   step 4024
[  1%]   step 4025
[  1%]   step 4026
[  1%]   step 4027
[  1%]   step 4028
[  1%]   step 4029
[  1%]   step 4030
[  1%]   step 4031
[  1%]   step 4032
[  1%]   step 4033
[  1%]   step 4034
[  1%]   step 4035
[  1%]   step 4036
[  1%]   step 4037
[  1%]   step 4038
[  1%]   step 4039
[  1%]   step 4040
[  1%]   step 4041
[  1%]   step 4042
[  1%]   step 4043
[  1%]   step 4044
[  1%]   step 4045
[  1%]   step 4046
[  1%]   step 4047
[  1%]   step 4048
[  1%]   step 4049
[  1%]   step 4050
[  1%]   step 4051
[  1%]   step 4052
[  1%]   step 4053
[  1%]   step 4054
[  1%]   step 4055
[  1%]   step 4056
[  1%]   step 4057
[  1%]   step 4058
[  1%]   step 4059
[  1%]   step 4060
[  1%]   step 4061
[  1%]   step 4062
[  1%]   step 4063
[  1%]   step 4064
[  1%]   step 4065
[  1%]   step 4066
[  1%]   step 4067
[  1%]   step 4068
[  1%]   step 4069
[  1%]   step 4070
[  1%]   step 4071
[  1%]   step 4072
[  1%]   step 4073
[  1%]   step 4074
[  1%]   step 4075
[  1%]   step 4076
[  1%]   step 4077
[  1%]   step 4078
[  1%]   step 4079
[  1%]   step 4080
[  1%]   step 4081
[  1%]   step 4082
[  1%]   step 4083
[  1%]   step 4084
[  1%]   step 4085
[  1%]   step 4086
[  1%]   step 4087
[  1%]   step 4088
[  1%]   step 4089
[  1%]   step 4090
[  1%]   step 4091
[  1%]   step 4092
[  1%]   step 4093
[  1%]   step 4094
[  1%]   step 4095
[  1%]   step 4096
[  1%]   step 4097
[  1%]   step 4098
[  1%]   step 4099
[  1%]   step 4100
[  1%]   step 4101
[  1%]   step 4102
[  1%]   step 4103
[  1%]   step 4104
[  1%]   step 4105
[  1%]   step 4106
[  1%]   step 4107
[  1%]   step 4108
[  1%]   step 4109
[  1%]   step 4110
[  1%]   step 4111
[  1%]   step 4112
[  1%]   step 4113
[  1%]   step 4114
[  1%]   step 4115
[  1%]   step 4116
[  1%]   step 4117
[  1%]   step 4118
[  1%]   step 4119
[  1%]   step 4120
[  1%]   step 4121
[  1%]   step 4122
[  1%]   step 4123
[  1%]   step 4124
[  1%]   step 4125
[  1%]   step 4126
[  1%]   step 4127
[  1%]   step 4128
[  1%]   step 4129
[  1%]   step 4130
[  1%]   step 4131
[  1%]   step 4132
[  1%]   step 4133
[  1%]   step 4134
[  1%]   step 4135
[  1%]   step 4136
[  1%]   step 4137
[  1%]   step 4138
[  1%]   step 4139
[  1%]   step 4140
[  1%]   step 4141
[  1%]   step 4142
[  1%]   step 4143
[  1%]   step 4144
[  1%]   step 4145
[  1%]   step 4146
[  1%]   step 4147
[  1%]   step 4148
[  1%]   step 4149
[  1%]   step 4150
[  1%]   step 4151
[  1%]   step 4152
[  1%]   step 4153
[  1%]   step 4154
[  1%]   step 4155
[  1%]   step 4156
[  1%]   step 4157
[  1%]   step 4158
[  1%]   step 4159
[  1%]   step 4160
[  1%]   step 4161
[  1%]   step 4162
[  1%]   step 4163
[  1%]   step 4164
[  1%]   step 4165
[  1%]   step 4166
[  1%]   step 4167
[  1%]   step 4168
[  1%]   step 4169
[  1%]   step 4170
[  1%]   step 4171
[  1%]   step 4172
[  1%]   step 4173
[  1%]   step 4174
[  1%]   step 4175
[  1%]   step 4176
[  1%]   step 4177
[  1%]   step 4178
[  1%]   step 4179
[  1%]   step 4180
[  1%]   step 4181
[  1%]   step 4182
[  1%]   step 4183
[  1%]   step 4184
[  1%]   step 4185
[  1%]   step 4186
[  1%]   step 4187
[  1%]   step 4188
[  1%]   step 4189
[  1%]   step 4190
[  1%]   step 4191
[  1%]   step 4192
[  1%]   step 4193
[  1%]   step 4194
[  1%]   step 4195
[  1%]   step 4196
[  1%]   step 4197
[  1%]   step 4198
[  1%]   step 4199
[  1%]   step 4200
[  1%]   step 4201
[  1%]   step 4202
[  1%]   step 4203
[  1%]   step 4204
[  1%]   step 4205
[  1%]   step 4206
[  1%]   step 4207
[  1%]   step 4208
[  1%]   step 4209
[  1%]   step 4210
[  1%]   step 4211
[  1%]   step 4212
[  1%]   step 4213
[  1%]   step 4214
[  1%]   step 4215
[  1%]   step 4216
[  1%]   step 4217
[  1%]   step 4218
[  1%]   step 4219
[  1%]   step 4220
[  1%]   step 4221
[  1%]   step 4222
[  1%]   step 4223
[  1%]   step 4224
[  1%]   step 4225
[  1%]   step 4226
[  1%]   step 4227
[  1%]   step 4228
[  1%]   step 4229
[  1%]   step 4230
[  1%]   step 4231
[  1%]   step 4232
[  1%]   step 4233
[  1%]   step 4234
[  1%]   step 4235
[  1%]   step 4236
[  1%]   step 4237
[  1%]   step 4238
[  1%]   step 4239
[  1%]   step 4240
[  1%]   step 4241
[  1%]   step 4242
[  1%]   step 4243
[  1%]   step 4244
[  1%]   step 4245
[  1%]   step 4246
[  1%]   step 4247
[  1%]   step 4248
[  1%]   step 4249
[  1%]   step 4250
[  1%]   step 4251
[  1%]   step 4252
[  1%]   step 4253
[  1%]   step 4254
[  1%]   step 4255
[  1%]   step 4256
[  1%]   step 4257
[  1%]   step 4258
[  1%]   step 4259
[  1%]   step 4260
[  1%]   step 4261
[  1%]   step 4262
[  1%]   step 4263
[  1%]   step 4264
[  1%]   step 4265
[  1%]   step 4266
[  1%]   step 4267
[  1%]   step 4268
[  1%]   step 4269
[  1%]   step 4270
[  1%]   step 4271
[  1%]   step 4272
[  1%]   step 4273
[  1%]   step 4274
[  1%]   step 4275
[  1%]   step 4276
[  1%]   step 4277
[  1%]   step 4278
[  1%]   step 4279
[  1%]   step 4280
[  1%]   step 4281
[  1%]   step 4282
[  1%]   step 4283
[  1%]   step 4284
[  1%]   step 4285
[  1%]   step 4286
[  1%]   step 4287
[  1%]   step 4288
[  1%]   step 4289
[  1%]   step 4290
[  1%]   step 4291
[  1%]   step 4292
[  1%]   step 4293
[  1%]   step 4294
[  1%]   step 4295
[  1%]   step 4296
[  1%]   step 4297
[  1%]   step 4298
[  1%]   step 4299
[  1%]   step 4300
[  1%]   step 4301
[  1%]   step 4302
[  1%]   step 4303
[  1%]   step 4304
[  1%]   step 4305
[  1%]   step 4306
+SWASH is processing output request    1
+SWASH is processing output request    2
[  1%]   step 4307
[  1%]   step 4308
[  1%]   step 4309
[  1%]   step 4310
[  1%]   step 4311
[  1%]   step 4312
[  1%]   step 4313
[  1%]   step 4314
[  1%]   step 4315
[  1%]   step 4316
[  1%]   step 4317
[  1%]   step 4318
[  1%]   step 4319
[  1%]   step 4320
[  1%]   step 4321
[  1%]   step 4322
[  1%]   step 4323
[  1%]   step 4324
[  1%]   step 4325
[  1%]   step 4326
[  1%]   step 4327
[  1%]   step 4328
[  1%]   step 4329
[  1%]   step 4330
[  1%]   step 4331
[  1%]   step 4332
[  1%]   step 4333
[  1%]   step 4334
[  1%]   step 4335
[  1%]   step 4336
[  1%]   step 4337
[  1%]   step 4338
[  1%]   step 4339
[  1%]   step 4340
[  1%]   step 4341
[  1%]   step 4342
[  1%]   step 4343
[  1%]   step 4344
[  1%]   step 4345
[  1%]   step 4346
[  1%]   step 4347
[  1%]   step 4348
[  1%]   step 4349
[  1%]   step 4350
[  1%]   step 4351
[  1%]   step 4352
[  1%]   step 4353
[  1%]   step 4354
[  1%]   step 4355
[  1%]   step 4356
[  1%]   step 4357
[  1%]   step 4358
[  1%]   step 4359
[  1%]   step 4360
[  1%]   step 4361
[  1%]   step 4362
[  1%]   step 4363
[  1%]   step 4364
[  1%]   step 4365
[  1%]   step 4366
[  1%]   step 4367
[  1%]   step 4368
[  1%]   step 4369
[  1%]   step 4370
[  1%]   step 4371
[  1%]   step 4372
[  1%]   step 4373
[  1%]   step 4374
[  1%]   step 4375
[  1%]   step 4376
[  1%]   step 4377
[  1%]   step 4378
[  1%]   step 4379
[  1%]   step 4380
[  1%]   step 4381
[  1%]   step 4382
[  1%]   step 4383
[  1%]   step 4384
[  1%]   step 4385
[  1%]   step 4386
[  1%]   step 4387
[  1%]   step 4388
[  1%]   step 4389
[  1%]   step 4390
[  1%]   step 4391
[  1%]   step 4392
[  1%]   step 4393
[  1%]   step 4394
[  1%]   step 4395
[  1%]   step 4396
[  1%]   step 4397
[  1%]   step 4398
[  1%]   step 4399
[  1%]   step 4400
[  1%]   step 4401
[  1%]   step 4402
[  1%]   step 4403
[  1%]   step 4404
[  1%]   step 4405
[  1%]   step 4406
[  1%]   step 4407
[  1%]   step 4408
[  1%]   step 4409
[  1%]   step 4410
[  1%]   step 4411
[  1%]   step 4412
[  1%]   step 4413
[  1%]   step 4414
[  1%]   step 4415
[  1%]   step 4416
[  1%]   step 4417
[  1%]   step 4418
[  1%]   step 4419
[  1%]   step 4420
[  1%]   step 4421
[  1%]   step 4422
[  1%]   step 4423
[  1%]   step 4424
[  1%]   step 4425
[  1%]   step 4426
[  1%]   step 4427
[  1%]   step 4428
[  1%]   step 4429
[  1%]   step 4430
[  1%]   step 4431
[  1%]   step 4432
[  1%]   step 4433
[  1%]   step 4434
[  1%]   step 4435
[  1%]   step 4436
[  1%]   step 4437
[  1%]   step 4438
[  1%]   step 4439
[  1%]   step 4440
[  1%]   step 4441
[  1%]   step 4442
[  1%]   step 4443
[  1%]   step 4444
[  1%]   step 4445
[  1%]   step 4446
[  1%]   step 4447
[  1%]   step 4448
[  1%]   step 4449
[  1%]   step 4450
[  1%]   step 4451
[  1%]   step 4452
[  1%]   step 4453
[  1%]   step 4454
[  1%]   step 4455
[  1%]   step 4456
[  1%]   step 4457
[  1%]   step 4458
[  1%]   step 4459
[  1%]   step 4460
[  1%]   step 4461
[  1%]   step 4462
[  1%]   step 4463
[  1%]   step 4464
[  1%]   step 4465
[  1%]   step 4466
[  1%]   step 4467
[  1%]   step 4468
[  1%]   step 4469
[  1%]   step 4470
[  1%]   step 4471
[  1%]   step 4472
[  1%]   step 4473
[  1%]   step 4474
[  1%]   step 4475
[  1%]   step 4476
[  1%]   step 4477
[  1%]   step 4478
[  1%]   step 4479
[  1%]   step 4480
[  1%]   step 4481
[  1%]   step 4482
[  1%]   step 4483
[  1%]   step 4484
[  1%]   step 4485
[  1%]   step 4486
[  1%]   step 4487
[  1%]   step 4488
[  1%]   step 4489
[  1%]   step 4490
[  1%]   step 4491
[  1%]   step 4492
[  1%]   step 4493
[  1%]   step 4494
[  1%]   step 4495
[  1%]   step 4496
[  1%]   step 4497
[  1%]   step 4498
[  1%]   step 4499
[  1%]   step 4500
[  1%]   step 4501
[  1%]   step 4502
[  1%]   step 4503
[  1%]   step 4504
[  1%]   step 4505
[  1%]   step 4506
[  1%]   step 4507
[  1%]   step 4508
[  1%]   step 4509
[  1%]   step 4510
[  1%]   step 4511
[  1%]   step 4512
[  1%]   step 4513
[  1%]   step 4514
[  1%]   step 4515
[  1%]   step 4516
[  1%]   step 4517
[  1%]   step 4518
[  1%]   step 4519
[  1%]   step 4520
[  1%]   step 4521
[  1%]   step 4522
[  1%]   step 4523
[  1%]   step 4524
[  1%]   step 4525
[  1%]   step 4526
[  1%]   step 4527
[  1%]   step 4528
[  1%]   step 4529
[  1%]   step 4530
[  1%]   step 4531
[  1%]   step 4532
[  1%]   step 4533
[  1%]   step 4534
[  1%]   step 4535
[  1%]   step 4536
[  1%]   step 4537
[  1%]   step 4538
[  1%]   step 4539
[  1%]   step 4540
[  1%]   step 4541
[  1%]   step 4542
[  1%]   step 4543
[  1%]   step 4544
[  1%]   step 4545
[  1%]   step 4546
[  1%]   step 4547
[  1%]   step 4548
[  1%]   step 4549
[  1%]   step 4550
[  1%]   step 4551
[  1%]   step 4552
[  1%]   step 4553
[  1%]   step 4554
[  1%]   step 4555
[  1%]   step 4556
[  1%]   step 4557
[  1%]   step 4558
[  1%]   step 4559
[  1%]   step 4560
[  1%]   step 4561
[  1%]   step 4562
[  1%]   step 4563
[  1%]   step 4564
[  1%]   step 4565
[  1%]   step 4566
[  1%]   step 4567
[  1%]   step 4568
[  1%]   step 4569
[  1%]   step 4570
[  1%]   step 4571
[  1%]   step 4572
[  1%]   step 4573
[  1%]   step 4574
[  1%]   step 4575
[  1%]   step 4576
[  1%]   step 4577
[  1%]   step 4578
[  1%]   step 4579
[  2%]   step 4580
[  2%]   step 4581
[  2%]   step 4582
[  2%]   step 4583
[  2%]   step 4584
[  2%]   step 4585
[  2%]   step 4586
[  2%]   step 4587
[  2%]   step 4588
[  2%]   step 4589
[  2%]   step 4590
[  2%]   step 4591
[  2%]   step 4592
[  2%]   step 4593
[  2%]   step 4594
[  2%]   step 4595
[  2%]   step 4596
[  2%]   step 4597
[  2%]   step 4598
[  2%]   step 4599
[  2%]   step 4600
[  2%]   step 4601
[  2%]   step 4602
[  2%]   step 4603
[  2%]   step 4604
[  2%]   step 4605
[  2%]   step 4606
[  2%]   step 4607
[  2%]   step 4608
[  2%]   step 4609
[  2%]   step 4610
[  2%]   step 4611
[  2%]   step 4612
[  2%]   step 4613
[  2%]   step 4614
[  2%]   step 4615
[  2%]   step 4616
[  2%]   step 4617
[  2%]   step 4618
[  2%]   step 4619
[  2%]   step 4620
[  2%]   step 4621
[  2%]   step 4622
[  2%]   step 4623
[  2%]   step 4624
[  2%]   step 4625
[  2%]   step 4626
[  2%]   step 4627
[  2%]   step 4628
[  2%]   step 4629
[  2%]   step 4630
[  2%]   step 4631
[  2%]   step 4632
[  2%]   step 4633
[  2%]   step 4634
[  2%]   step 4635
[  2%]   step 4636
[  2%]   step 4637
[  2%]   step 4638
[  2%]   step 4639
[  2%]   step 4640
[  2%]   step 4641
[  2%]   step 4642
[  2%]   step 4643
[  2%]   step 4644
[  2%]   step 4645
[  2%]   step 4646
[  2%]   step 4647
[  2%]   step 4648
[  2%]   step 4649
[  2%]   step 4650
[  2%]   step 4651
[  2%]   step 4652
[  2%]   step 4653
[  2%]   step 4654
[  2%]   step 4655
[  2%]   step 4656
[  2%]   step 4657
[  2%]   step 4658
[  2%]   step 4659
[  2%]   step 4660
[  2%]   step 4661
[  2%]   step 4662
[  2%]   step 4663
[  2%]   step 4664
[  2%]   step 4665
[  2%]   step 4666
[  2%]   step 4667
[  2%]   step 4668
[  2%]   step 4669
[  2%]   step 4670
[  2%]   step 4671
[  2%]   step 4672
[  2%]   step 4673
[  2%]   step 4674
[  2%]   step 4675
[  2%]   step 4676
[  2%]   step 4677
[  2%]   step 4678
[  2%]   step 4679
[  2%]   step 4680
[  2%]   step 4681
[  2%]   step 4682
[  2%]   step 4683
[  2%]   step 4684
[  2%]   step 4685
[  2%]   step 4686
[  2%]   step 4687
[  2%]   step 4688
[  2%]   step 4689
[  2%]   step 4690
[  2%]   step 4691
[  2%]   step 4692
[  2%]   step 4693
[  2%]   step 4694
[  2%]   step 4695
[  2%]   step 4696
[  2%]   step 4697
+SWASH is processing output request    1
+SWASH is processing output request    2
[  2%]   step 4698
[  2%]   step 4699
[  2%]   step 4700
[  2%]   step 4701
[  2%]   step 4702
[  2%]   step 4703
[  2%]   step 4704
[  2%]   step 4705
[  2%]   step 4706
[  2%]   step 4707
[  2%]   step 4708
[  2%]   step 4709
[  2%]   step 4710
[  2%]   step 4711
[  2%]   step 4712
[  2%]   step 4713
[  2%]   step 4714
[  2%]   step 4715
[  2%]   step 4716
[  2%]   step 4717
[  2%]   step 4718
[  2%]   step 4719
[  2%]   step 4720
[  2%]   step 4721
[  2%]   step 4722
[  2%]   step 4723
[  2%]   step 4724
[  2%]   step 4725
[  2%]   step 4726
[  2%]   step 4727
[  2%]   step 4728
[  2%]   step 4729
[  2%]   step 4730
[  2%]   step 4731
[  2%]   step 4732
[  2%]   step 4733
[  2%]   step 4734
[  2%]   step 4735
[  2%]   step 4736
[  2%]   step 4737
[  2%]   step 4738
[  2%]   step 4739
[  2%]   step 4740
[  2%]   step 4741
[  2%]   step 4742
[  2%]   step 4743
[  2%]   step 4744
[  2%]   step 4745
[  2%]   step 4746
[  2%]   step 4747
[  2%]   step 4748
[  2%]   step 4749
[  2%]   step 4750
[  2%]   step 4751
[  2%]   step 4752
[  2%]   step 4753
[  2%]   step 4754
[  2%]   step 4755
[  2%]   step 4756
[  2%]   step 4757
[  2%]   step 4758
[  2%]   step 4759
[  2%]   step 4760
[  2%]   step 4761
[  2%]   step 4762
[  2%]   step 4763
[  2%]   step 4764
[  2%]   step 4765
[  2%]   step 4766
[  2%]   step 4767
[  2%]   step 4768
[  2%]   step 4769
[  2%]   step 4770
[  2%]   step 4771
[  2%]   step 4772
[  2%]   step 4773
[  2%]   step 4774
[  2%]   step 4775
[  2%]   step 4776
[  2%]   step 4777
[  2%]   step 4778
[  2%]   step 4779
[  2%]   step 4780
[  2%]   step 4781
[  2%]   step 4782
[  2%]   step 4783
[  2%]   step 4784
[  2%]   step 4785
[  2%]   step 4786
[  2%]   step 4787
[  2%]   step 4788
[  2%]   step 4789
[  2%]   step 4790
[  2%]   step 4791
[  2%]   step 4792
[  2%]   step 4793
[  2%]   step 4794
[  2%]   step 4795
[  2%]   step 4796
[  2%]   step 4797
[  2%]   step 4798
[  2%]   step 4799
[  2%]   step 4800
[  2%]   step 4801
[  2%]   step 4802
[  2%]   step 4803
[  2%]   step 4804
[  2%]   step 4805
[  2%]   step 4806
[  2%]   step 4807
[  2%]   step 4808
[  2%]   step 4809
[  2%]   step 4810
[  2%]   step 4811
[  2%]   step 4812
[  2%]   step 4813
[  2%]   step 4814
[  2%]   step 4815
[  2%]   step 4816
[  2%]   step 4817
[  2%]   step 4818
[  2%]   step 4819
[  2%]   step 4820
[  2%]   step 4821
[  2%]   step 4822
[  2%]   step 4823
[  2%]   step 4824
[  2%]   step 4825
[  2%]   step 4826
[  2%]   step 4827
[  2%]   step 4828
[  2%]   step 4829
[  2%]   step 4830
[  2%]   step 4831
[  2%]   step 4832
[  2%]   step 4833
[  2%]   step 4834
[  2%]   step 4835
[  2%]   step 4836
[  2%]   step 4837
[  2%]   step 4838
[  2%]   step 4839
[  2%]   step 4840
[  2%]   step 4841
[  2%]   step 4842
[  2%]   step 4843
[  2%]   step 4844
[  2%]   step 4845
[  2%]   step 4846
[  2%]   step 4847
[  2%]   step 4848
[  2%]   step 4849
[  2%]   step 4850
[  2%]   step 4851
[  2%]   step 4852
[  2%]   step 4853
[  2%]   step 4854
[  2%]   step 4855
[  2%]   step 4856
[  2%]   step 4857
[  2%]   step 4858
[  2%]   step 4859
[  2%]   step 4860
[  2%]   step 4861
[  2%]   step 4862
[  2%]   step 4863
[  2%]   step 4864
[  2%]   step 4865
[  2%]   step 4866
[  2%]   step 4867
[  2%]   step 4868
[  2%]   step 4869
[  2%]   step 4870
[  2%]   step 4871
[  2%]   step 4872
[  2%]   step 4873
[  2%]   step 4874
[  2%]   step 4875
[  2%]   step 4876
[  2%]   step 4877
[  2%]   step 4878
[  2%]   step 4879
[  2%]   step 4880
[  2%]   step 4881
[  2%]   step 4882
[  2%]   step 4883
[  2%]   step 4884
[  2%]   step 4885
[  2%]   step 4886
[  2%]   step 4887
[  2%]   step 4888
[  2%]   step 4889
[  2%]   step 4890
[  2%]   step 4891
[  2%]   step 4892
[  2%]   step 4893
[  2%]   step 4894
[  2%]   step 4895
[  2%]   step 4896
[  2%]   step 4897
[  2%]   step 4898
[  2%]   step 4899
[  2%]   step 4900
[  2%]   step 4901
[  2%]   step 4902
[  2%]   step 4903
[  2%]   step 4904
[  2%]   step 4905
[  2%]   step 4906
[  2%]   step 4907
[  2%]   step 4908
[  2%]   step 4909
[  2%]   step 4910
[  2%]   step 4911
[  2%]   step 4912
[  2%]   step 4913
[  2%]   step 4914
[  2%]   step 4915
[  2%]   step 4916
[  2%]   step 4917
[  2%]   step 4918
[  2%]   step 4919
[  2%]   step 4920
[  2%]   step 4921
[  2%]   step 4922
[  2%]   step 4923
[  2%]   step 4924
[  2%]   step 4925
[  2%]   step 4926
[  2%]   step 4927
[  2%]   step 4928
[  2%]   step 4929
[  2%]   step 4930
[  2%]   step 4931
[  2%]   step 4932
[  2%]   step 4933
[  2%]   step 4934
[  2%]   step 4935
[  2%]   step 4936
[  2%]   step 4937
[  2%]   step 4938
[  2%]   step 4939
[  2%]   step 4940
[  2%]   step 4941
[  2%]   step 4942
[  2%]   step 4943
[  2%]   step 4944
[  2%]   step 4945
[  2%]   step 4946
[  2%]   step 4947
[  2%]   step 4948
[  2%]   step 4949
[  2%]   step 4950
[  2%]   step 4951
[  2%]   step 4952
[  2%]   step 4953
[  2%]   step 4954
[  2%]   step 4955
[  2%]   step 4956
[  2%]   step 4957
[  2%]   step 4958
[  2%]   step 4959
[  2%]   step 4960
[  2%]   step 4961
[  2%]   step 4962
[  2%]   step 4963
[  2%]   step 4964
[  2%]   step 4965
[  2%]   step 4966
[  2%]   step 4967
[  2%]   step 4968
[  2%]   step 4969
[  2%]   step 4970
[  2%]   step 4971
[  2%]   step 4972
[  2%]   step 4973
[  2%]   step 4974
[  2%]   step 4975
[  2%]   step 4976
[  2%]   step 4977
[  2%]   step 4978
[  2%]   step 4979
[  2%]   step 4980
[  2%]   step 4981
[  2%]   step 4982
[  2%]   step 4983
[  2%]   step 4984
[  2%]   step 4985
[  2%]   step 4986
[  2%]   step 4987
[  2%]   step 4988
[  2%]   step 4989
[  2%]   step 4990
[  2%]   step 4991
[  2%]   step 4992
[  2%]   step 4993
[  2%]   step 4994
[  2%]   step 4995
[  2%]   step 4996
[  2%]   step 4997
[  2%]   step 4998
[  2%]   step 4999
[  2%]   step 5000
[  2%]   step 5001
[  2%]   step 5002
[  2%]   step 5003
[  2%]   step 5004
[  2%]   step 5005
[  2%]   step 5006
[  2%]   step 5007
[  2%]   step 5008
[  2%]   step 5009
[  2%]   step 5010
[  2%]   step 5011
[  2%]   step 5012
[  2%]   step 5013
[  2%]   step 5014
[  2%]   step 5015
[  2%]   step 5016
[  2%]   step 5017
[  2%]   step 5018
[  2%]   step 5019
[  2%]   step 5020
[  2%]   step 5021
[  2%]   step 5022
[  2%]   step 5023
[  2%]   step 5024
[  2%]   step 5025
[  2%]   step 5026
[  2%]   step 5027
[  2%]   step 5028
[  2%]   step 5029
[  2%]   step 5030
[  2%]   step 5031
[  2%]   step 5032
[  2%]   step 5033
[  2%]   step 5034
[  2%]   step 5035
[  2%]   step 5036
[  2%]   step 5037
[  2%]   step 5038
[  2%]   step 5039
[  2%]   step 5040
[  2%]   step 5041
[  2%]   step 5042
[  2%]   step 5043
[  2%]   step 5044
[  2%]   step 5045
[  2%]   step 5046
[  2%]   step 5047
[  2%]   step 5048
[  2%]   step 5049
[  2%]   step 5050
[  2%]   step 5051
[  2%]   step 5052
[  2%]   step 5053
[  2%]   step 5054
[  2%]   step 5055
[  2%]   step 5056
[  2%]   step 5057
[  2%]   step 5058
[  2%]   step 5059
[  2%]   step 5060
[  2%]   step 5061
[  2%]   step 5062
[  2%]   step 5063
[  2%]   step 5064
[  2%]   step 5065
[  2%]   step 5066
[  2%]   step 5067
[  2%]   step 5068
[  2%]   step 5069
[  2%]   step 5070
[  2%]   step 5071
[  2%]   step 5072
[  2%]   step 5073
[  2%]   step 5074
[  2%]   step 5075
[  2%]   step 5076
[  2%]   step 5077
[  2%]   step 5078
[  2%]   step 5079
[  2%]   step 5080
[  2%]   step 5081
[  2%]   step 5082
[  2%]   step 5083
[  2%]   step 5084
[  2%]   step 5085
[  2%]   step 5086
[  2%]   step 5087
[  2%]   step 5088
[  2%]   step 5089
+SWASH is processing output request    1
+SWASH is processing output request    2
[  2%]   step 5090
[  2%]   step 5091
[  2%]   step 5092
[  2%]   step 5093
[  2%]   step 5094
[  2%]   step 5095
[  2%]   step 5096
[  2%]   step 5097
[  2%]   step 5098
[  2%]   step 5099
[  2%]   step 5100
[  2%]   step 5101
[  2%]   step 5102
[  2%]   step 5103
[  2%]   step 5104
[  2%]   step 5105
[  2%]   step 5106
[  2%]   step 5107
[  2%]   step 5108
[  2%]   step 5109
[  2%]   step 5110
[  2%]   step 5111
[  2%]   step 5112
[  2%]   step 5113
[  2%]   step 5114
[  2%]   step 5115
[  2%]   step 5116
[  2%]   step 5117
[  2%]   step 5118
[  2%]   step 5119
[  2%]   step 5120
[  2%]   step 5121
[  2%]   step 5122
[  2%]   step 5123
[  2%]   step 5124
[  2%]   step 5125
[  2%]   step 5126
[  2%]   step 5127
[  2%]   step 5128
[  2%]   step 5129
[  2%]   step 5130
[  2%]   step 5131
[  2%]   step 5132
[  2%]   step 5133
[  2%]   step 5134
[  2%]   step 5135
[  2%]   step 5136
[  2%]   step 5137
[  2%]   step 5138
[  2%]   step 5139
[  2%]   step 5140
[  2%]   step 5141
[  2%]   step 5142
[  2%]   step 5143
[  2%]   step 5144
[  2%]   step 5145
[  2%]   step 5146
[  2%]   step 5147
[  2%]   step 5148
[  2%]   step 5149
[  2%]   step 5150
[  2%]   step 5151
[  2%]   step 5152
[  2%]   step 5153
[  2%]   step 5154
[  2%]   step 5155
[  2%]   step 5156
[  2%]   step 5157
[  2%]   step 5158
[  2%]   step 5159
[  2%]   step 5160
[  2%]   step 5161
[  2%]   step 5162
[  2%]   step 5163
[  2%]   step 5164
[  2%]   step 5165
[  2%]   step 5166
[  2%]   step 5167
[  2%]   step 5168
[  2%]   step 5169
[  2%]   step 5170
[  2%]   step 5171
[  2%]   step 5172
[  2%]   step 5173
[  2%]   step 5174
[  2%]   step 5175
[  2%]   step 5176
[  2%]   step 5177
[  2%]   step 5178
[  2%]   step 5179
[  2%]   step 5180
[  2%]   step 5181
[  2%]   step 5182
[  2%]   step 5183
[  2%]   step 5184
[  2%]   step 5185
[  2%]   step 5186
[  2%]   step 5187
[  2%]   step 5188
[  2%]   step 5189
[  2%]   step 5190
[  2%]   step 5191
[  2%]   step 5192
[  2%]   step 5193
[  2%]   step 5194
[  2%]   step 5195
[  2%]   step 5196
[  2%]   step 5197
[  2%]   step 5198
[  2%]   step 5199
[  2%]   step 5200
[  2%]   step 5201
[  2%]   step 5202
[  2%]   step 5203
[  2%]   step 5204
[  2%]   step 5205
[  2%]   step 5206
[  2%]   step 5207
[  2%]   step 5208
[  2%]   step 5209
[  2%]   step 5210
[  2%]   step 5211
[  2%]   step 5212
[  2%]   step 5213
[  2%]   step 5214
[  2%]   step 5215
[  2%]   step 5216
[  2%]   step 5217
[  2%]   step 5218
[  2%]   step 5219
[  2%]   step 5220
[  2%]   step 5221
[  2%]   step 5222
[  2%]   step 5223
[  2%]   step 5224
[  2%]   step 5225
[  2%]   step 5226
[  2%]   step 5227
[  2%]   step 5228
[  2%]   step 5229
[  2%]   step 5230
[  2%]   step 5231
[  2%]   step 5232
[  2%]   step 5233
[  2%]   step 5234
[  2%]   step 5235
[  2%]   step 5236
[  2%]   step 5237
[  2%]   step 5238
[  2%]   step 5239
[  2%]   step 5240
[  2%]   step 5241
[  2%]   step 5242
[  2%]   step 5243
[  2%]   step 5244
[  2%]   step 5245
[  2%]   step 5246
[  2%]   step 5247
[  2%]   step 5248
[  2%]   step 5249
[  2%]   step 5250
[  2%]   step 5251
[  2%]   step 5252
[  2%]   step 5253
[  2%]   step 5254
[  2%]   step 5255
[  2%]   step 5256
[  2%]   step 5257
[  2%]   step 5258
[  2%]   step 5259
[  2%]   step 5260
[  2%]   step 5261
[  2%]   step 5262
[  2%]   step 5263
[  2%]   step 5264
[  2%]   step 5265
[  2%]   step 5266
[  2%]   step 5267
[  2%]   step 5268
[  2%]   step 5269
[  2%]   step 5270
[  2%]   step 5271
[  2%]   step 5272
[  2%]   step 5273
[  2%]   step 5274
[  2%]   step 5275
[  2%]   step 5276
[  2%]   step 5277
[  2%]   step 5278
[  2%]   step 5279
[  2%]   step 5280
[  2%]   step 5281
[  2%]   step 5282
[  2%]   step 5283
[  2%]   step 5284
[  2%]   step 5285
[  2%]   step 5286
[  2%]   step 5287
[  2%]   step 5288
[  2%]   step 5289
[  2%]   step 5290
[  2%]   step 5291
[  2%]   step 5292
[  2%]   step 5293
[  2%]   step 5294
[  2%]   step 5295
[  2%]   step 5296
[  2%]   step 5297
[  2%]   step 5298
[  2%]   step 5299
[  2%]   step 5300
[  2%]   step 5301
[  2%]   step 5302
[  2%]   step 5303
[  2%]   step 5304
[  2%]   step 5305
[  2%]   step 5306
[  2%]   step 5307
[  2%]   step 5308
[  2%]   step 5309
[  2%]   step 5310
[  2%]   step 5311
[  2%]   step 5312
[  2%]   step 5313
[  2%]   step 5314
[  2%]   step 5315
[  2%]   step 5316
[  2%]   step 5317
[  2%]   step 5318
[  2%]   step 5319
[  2%]   step 5320
[  2%]   step 5321
[  2%]   step 5322
[  2%]   step 5323
[  2%]   step 5324
[  2%]   step 5325
[  2%]   step 5326
[  2%]   step 5327
[  2%]   step 5328
[  2%]   step 5329
[  2%]   step 5330
[  2%]   step 5331
[  2%]   step 5332
[  2%]   step 5333
[  2%]   step 5334
[  2%]   step 5335
[  2%]   step 5336
[  2%]   step 5337
[  2%]   step 5338
[  2%]   step 5339
[  2%]   step 5340
[  2%]   step 5341
[  2%]   step 5342
[  2%]   step 5343
[  2%]   step 5344
[  2%]   step 5345
[  2%]   step 5346
[  2%]   step 5347
[  2%]   step 5348
[  2%]   step 5349
[  2%]   step 5350
[  2%]   step 5351
[  2%]   step 5352
[  2%]   step 5353
[  2%]   step 5354
[  2%]   step 5355
[  2%]   step 5356
[  2%]   step 5357
[  2%]   step 5358
[  2%]   step 5359
[  2%]   step 5360
[  2%]   step 5361
[  2%]   step 5362
[  2%]   step 5363
[  2%]   step 5364
[  2%]   step 5365
[  2%]   step 5366
[  2%]   step 5367
[  2%]   step 5368
[  2%]   step 5369
[  2%]   step 5370
[  2%]   step 5371
[  2%]   step 5372
[  2%]   step 5373
[  2%]   step 5374
[  2%]   step 5375
[  2%]   step 5376
[  2%]   step 5377
[  2%]   step 5378
[  2%]   step 5379
[  2%]   step 5380
[  2%]   step 5381
[  2%]   step 5382
[  2%]   step 5383
[  2%]   step 5384
[  2%]   step 5385
[  2%]   step 5386
[  2%]   step 5387
[  2%]   step 5388
[  2%]   step 5389
[  2%]   step 5390
[  2%]   step 5391
[  2%]   step 5392
[  2%]   step 5393
[  2%]   step 5394
[  2%]   step 5395
[  2%]   step 5396
[  2%]   step 5397
[  2%]   step 5398
[  2%]   step 5399
[  2%]   step 5400
[  2%]   step 5401
[  2%]   step 5402
[  2%]   step 5403
[  2%]   step 5404
[  2%]   step 5405
[  2%]   step 5406
[  2%]   step 5407
[  2%]   step 5408
[  2%]   step 5409
[  2%]   step 5410
[  2%]   step 5411
[  2%]   step 5412
[  2%]   step 5413
[  2%]   step 5414
[  2%]   step 5415
[  2%]   step 5416
[  2%]   step 5417
[  2%]   step 5418
[  2%]   step 5419
[  2%]   step 5420
[  2%]   step 5421
[  2%]   step 5422
[  2%]   step 5423
[  2%]   step 5424
[  2%]   step 5425
[  2%]   step 5426
[  2%]   step 5427
[  2%]   step 5428
[  2%]   step 5429
[  2%]   step 5430
[  2%]   step 5431
[  2%]   step 5432
[  2%]   step 5433
[  2%]   step 5434
[  2%]   step 5435
[  2%]   step 5436
[  2%]   step 5437
[  2%]   step 5438
[  2%]   step 5439
[  2%]   step 5440
[  2%]   step 5441
[  2%]   step 5442
[  2%]   step 5443
[  2%]   step 5444
[  2%]   step 5445
[  2%]   step 5446
[  2%]   step 5447
[  2%]   step 5448
[  2%]   step 5449
[  2%]   step 5450
[  2%]   step 5451
[  2%]   step 5452
[  2%]   step 5453
[  2%]   step 5454
[  2%]   step 5455
[  2%]   step 5456
[  2%]   step 5457
[  2%]   step 5458
[  2%]   step 5459
[  2%]   step 5460
[  2%]   step 5461
[  2%]   step 5462
[  2%]   step 5463
[  2%]   step 5464
[  2%]   step 5465
[  2%]   step 5466
[  2%]   step 5467
[  2%]   step 5468
[  2%]   step 5469
[  2%]   step 5470
[  2%]   step 5471
[  2%]   step 5472
[  2%]   step 5473
[  2%]   step 5474
[  2%]   step 5475
[  2%]   step 5476
[  2%]   step 5477
[  2%]   step 5478
[  2%]   step 5479
[  2%]   step 5480
+SWASH is processing output request    1
+SWASH is processing output request    2
[  2%]   step 5481
[  2%]   step 5482
[  2%]   step 5483
[  2%]   step 5484
[  2%]   step 5485
[  2%]   step 5486
[  2%]   step 5487
[  2%]   step 5488
[  2%]   step 5489
[  2%]   step 5490
[  2%]   step 5491
[  2%]   step 5492
[  2%]   step 5493
[  2%]   step 5494
[  2%]   step 5495
[  2%]   step 5496
[  2%]   step 5497
[  2%]   step 5498
[  2%]   step 5499
[  2%]   step 5500
[  2%]   step 5501
[  2%]   step 5502
[  2%]   step 5503
[  2%]   step 5504
[  2%]   step 5505
[  2%]   step 5506
[  2%]   step 5507
[  2%]   step 5508
[  2%]   step 5509
[  2%]   step 5510
[  2%]   step 5511
[  2%]   step 5512
[  2%]   step 5513
[  2%]   step 5514
[  2%]   step 5515
[  2%]   step 5516
[  2%]   step 5517
[  2%]   step 5518
[  2%]   step 5519
[  2%]   step 5520
[  2%]   step 5521
[  2%]   step 5522
[  2%]   step 5523
[  2%]   step 5524
[  2%]   step 5525
[  2%]   step 5526
[  2%]   step 5527
[  2%]   step 5528
[  2%]   step 5529
[  2%]   step 5530
[  2%]   step 5531
[  2%]   step 5532
[  2%]   step 5533
[  2%]   step 5534
[  2%]   step 5535
[  2%]   step 5536
[  2%]   step 5537
[  2%]   step 5538
[  2%]   step 5539
[  2%]   step 5540
[  2%]   step 5541
[  2%]   step 5542
[  2%]   step 5543
[  2%]   step 5544
[  2%]   step 5545
[  2%]   step 5546
[  2%]   step 5547
[  2%]   step 5548
[  2%]   step 5549
[  2%]   step 5550
[  2%]   step 5551
[  2%]   step 5552
[  2%]   step 5553
[  2%]   step 5554
[  2%]   step 5555
[  2%]   step 5556
[  2%]   step 5557
[  2%]   step 5558
[  2%]   step 5559
[  2%]   step 5560
[  2%]   step 5561
[  2%]   step 5562
[  2%]   step 5563
[  2%]   step 5564
[  2%]   step 5565
[  2%]   step 5566
[  2%]   step 5567
[  2%]   step 5568
[  2%]   step 5569
[  2%]   step 5570
[  2%]   step 5571
[  2%]   step 5572
[  2%]   step 5573
[  2%]   step 5574
[  2%]   step 5575
[  2%]   step 5576
[  2%]   step 5577
[  2%]   step 5578
[  2%]   step 5579
[  2%]   step 5580
[  2%]   step 5581
[  2%]   step 5582
[  2%]   step 5583
[  2%]   step 5584
[  2%]   step 5585
[  2%]   step 5586
[  2%]   step 5587
[  2%]   step 5588
[  2%]   step 5589
[  2%]   step 5590
[  2%]   step 5591
[  2%]   step 5592
[  2%]   step 5593
[  2%]   step 5594
[  2%]   step 5595
[  2%]   step 5596
[  2%]   step 5597
[  2%]   step 5598
[  2%]   step 5599
[  2%]   step 5600
[  2%]   step 5601
[  2%]   step 5602
[  2%]   step 5603
[  2%]   step 5604
[  2%]   step 5605
[  2%]   step 5606
[  2%]   step 5607
[  2%]   step 5608
[  2%]   step 5609
[  2%]   step 5610
[  2%]   step 5611
[  2%]   step 5612
[  2%]   step 5613
[  2%]   step 5614
[  2%]   step 5615
[  2%]   step 5616
[  2%]   step 5617
[  2%]   step 5618
[  2%]   step 5619
[  2%]   step 5620
[  2%]   step 5621
[  2%]   step 5622
[  2%]   step 5623
[  2%]   step 5624
[  2%]   step 5625
[  2%]   step 5626
[  2%]   step 5627
[  2%]   step 5628
[  2%]   step 5629
[  2%]   step 5630
[  2%]   step 5631
[  2%]   step 5632
[  2%]   step 5633
[  2%]   step 5634
[  2%]   step 5635
[  2%]   step 5636
[  2%]   step 5637
[  2%]   step 5638
[  2%]   step 5639
[  2%]   step 5640
[  2%]   step 5641
[  2%]   step 5642
[  2%]   step 5643
[  2%]   step 5644
[  2%]   step 5645
[  2%]   step 5646
[  2%]   step 5647
[  2%]   step 5648
[  2%]   step 5649
[  2%]   step 5650
[  2%]   step 5651
[  2%]   step 5652
[  2%]   step 5653
[  2%]   step 5654
[  2%]   step 5655
[  2%]   step 5656
[  2%]   step 5657
[  2%]   step 5658
[  2%]   step 5659
[  2%]   step 5660
[  2%]   step 5661
[  2%]   step 5662
[  2%]   step 5663
[  2%]   step 5664
[  2%]   step 5665
[  2%]   step 5666
[  2%]   step 5667
[  2%]   step 5668
[  2%]   step 5669
[  2%]   step 5670
[  2%]   step 5671
[  2%]   step 5672
[  2%]   step 5673
[  2%]   step 5674
[  2%]   step 5675
[  2%]   step 5676
[  2%]   step 5677
[  2%]   step 5678
[  2%]   step 5679
[  2%]   step 5680
[  2%]   step 5681
[  2%]   step 5682
[  2%]   step 5683
[  2%]   step 5684
[  2%]   step 5685
[  2%]   step 5686
[  2%]   step 5687
[  2%]   step 5688
[  2%]   step 5689
[  2%]   step 5690
[  2%]   step 5691
[  2%]   step 5692
[  2%]   step 5693
[  2%]   step 5694
[  2%]   step 5695
[  2%]   step 5696
[  2%]   step 5697
[  2%]   step 5698
[  2%]   step 5699
[  2%]   step 5700
[  2%]   step 5701
[  2%]   step 5702
[  2%]   step 5703
[  2%]   step 5704
[  2%]   step 5705
[  2%]   step 5706
[  2%]   step 5707
[  2%]   step 5708
[  2%]   step 5709
[  2%]   step 5710
[  2%]   step 5711
[  2%]   step 5712
[  2%]   step 5713
[  2%]   step 5714
[  2%]   step 5715
[  2%]   step 5716
[  2%]   step 5717
[  2%]   step 5718
[  2%]   step 5719
[  2%]   step 5720
[  2%]   step 5721
[  2%]   step 5722
[  2%]   step 5723
[  2%]   step 5724
[  2%]   step 5725
[  2%]   step 5726
[  2%]   step 5727
[  2%]   step 5728
[  2%]   step 5729
[  2%]   step 5730
[  2%]   step 5731
[  2%]   step 5732
[  2%]   step 5733
[  2%]   step 5734
[  2%]   step 5735
[  2%]   step 5736
[  2%]   step 5737
[  2%]   step 5738
[  2%]   step 5739
[  2%]   step 5740
[  2%]   step 5741
[  2%]   step 5742
[  2%]   step 5743
[  2%]   step 5744
[  2%]   step 5745
[  2%]   step 5746
[  2%]   step 5747
[  2%]   step 5748
[  2%]   step 5749
[  2%]   step 5750
[  2%]   step 5751
[  2%]   step 5752
[  2%]   step 5753
[  2%]   step 5754
[  2%]   step 5755
[  2%]   step 5756
[  2%]   step 5757
[  2%]   step 5758
[  2%]   step 5759
[  2%]   step 5760
[  2%]   step 5761
[  2%]   step 5762
[  2%]   step 5763
[  2%]   step 5764
[  2%]   step 5765
[  2%]   step 5766
[  2%]   step 5767
[  2%]   step 5768
[  2%]   step 5769
[  2%]   step 5770
[  2%]   step 5771
[  2%]   step 5772
[  2%]   step 5773
[  2%]   step 5774
[  2%]   step 5775
[  2%]   step 5776
[  2%]   step 5777
[  2%]   step 5778
[  2%]   step 5779
[  2%]   step 5780
[  2%]   step 5781
[  2%]   step 5782
[  2%]   step 5783
[  2%]   step 5784
[  2%]   step 5785
[  2%]   step 5786
[  2%]   step 5787
[  2%]   step 5788
[  2%]   step 5789
[  2%]   step 5790
[  2%]   step 5791
[  2%]   step 5792
[  2%]   step 5793
[  2%]   step 5794
[  2%]   step 5795
[  2%]   step 5796
[  2%]   step 5797
[  2%]   step 5798
[  2%]   step 5799
[  2%]   step 5800
[  2%]   step 5801
[  2%]   step 5802
[  2%]   step 5803
[  2%]   step 5804
[  2%]   step 5805
[  2%]   step 5806
[  2%]   step 5807
[  2%]   step 5808
[  2%]   step 5809
[  2%]   step 5810
[  2%]   step 5811
[  2%]   step 5812
[  2%]   step 5813
[  2%]   step 5814
[  2%]   step 5815
[  2%]   step 5816
[  2%]   step 5817
[  2%]   step 5818
[  2%]   step 5819
[  2%]   step 5820
[  2%]   step 5821
[  2%]   step 5822
[  2%]   step 5823
[  2%]   step 5824
[  2%]   step 5825
[  2%]   step 5826
[  2%]   step 5827
[  2%]   step 5828
[  2%]   step 5829
[  2%]   step 5830
[  2%]   step 5831
[  2%]   step 5832
[  2%]   step 5833
[  2%]   step 5834
[  2%]   step 5835
[  2%]   step 5836
[  2%]   step 5837
[  2%]   step 5838
[  2%]   step 5839
[  2%]   step 5840
[  2%]   step 5841
[  2%]   step 5842
[  2%]   step 5843
[  2%]   step 5844
[  2%]   step 5845
[  2%]   step 5846
[  2%]   step 5847
[  2%]   step 5848
[  2%]   step 5849
[  2%]   step 5850
[  2%]   step 5851
[  2%]   step 5852
[  2%]   step 5853
[  2%]   step 5854
[  2%]   step 5855
[  2%]   step 5856
[  2%]   step 5857
[  2%]   step 5858
[  2%]   step 5859
[  2%]   step 5860
[  2%]   step 5861
[  2%]   step 5862
[  2%]   step 5863
[  2%]   step 5864
[  2%]   step 5865
[  2%]   step 5866
[  2%]   step 5867
[  2%]   step 5868
[  2%]   step 5869
[  2%]   step 5870
[  2%]   step 5871
[  2%]   step 5872
+SWASH is processing output request    1
+SWASH is processing output request    2
[  2%]   step 5873
[  2%]   step 5874
[  2%]   step 5875
[  2%]   step 5876
[  2%]   step 5877
[  2%]   step 5878
[  2%]   step 5879
[  2%]   step 5880
[  2%]   step 5881
[  2%]   step 5882
[  2%]   step 5883
[  2%]   step 5884
[  2%]   step 5885
[  2%]   step 5886
[  2%]   step 5887
[  2%]   step 5888
[  2%]   step 5889
[  2%]   step 5890
[  2%]   step 5891
[  2%]   step 5892
[  2%]   step 5893
[  2%]   step 5894
[  2%]   step 5895
[  2%]   step 5896
[  2%]   step 5897
[  2%]   step 5898
[  2%]   step 5899
[  2%]   step 5900
[  2%]   step 5901
[  2%]   step 5902
[  2%]   step 5903
[  2%]   step 5904
[  2%]   step 5905
[  2%]   step 5906
[  2%]   step 5907
[  2%]   step 5908
[  2%]   step 5909
[  2%]   step 5910
[  2%]   step 5911
[  2%]   step 5912
[  2%]   step 5913
[  2%]   step 5914
[  2%]   step 5915
[  2%]   step 5916
[  2%]   step 5917
[  2%]   step 5918
[  2%]   step 5919
[  2%]   step 5920
[  2%]   step 5921
[  2%]   step 5922
[  2%]   step 5923
[  2%]   step 5924
[  2%]   step 5925
[  2%]   step 5926
[  2%]   step 5927
[  2%]   step 5928
[  2%]   step 5929
[  2%]   step 5930
[  2%]   step 5931
[  2%]   step 5932
[  2%]   step 5933
[  2%]   step 5934
[  2%]   step 5935
[  2%]   step 5936
[  2%]   step 5937
[  2%]   step 5938
[  2%]   step 5939
[  2%]   step 5940
[  2%]   step 5941
[  2%]   step 5942
[  2%]   step 5943
[  2%]   step 5944
[  2%]   step 5945
[  2%]   step 5946
[  2%]   step 5947
[  2%]   step 5948
[  2%]   step 5949
[  2%]   step 5950
[  2%]   step 5951
[  2%]   step 5952
[  2%]   step 5953
[  2%]   step 5954
[  2%]   step 5955
[  2%]   step 5956
[  2%]   step 5957
[  2%]   step 5958
[  2%]   step 5959
[  2%]   step 5960
[  2%]   step 5961
[  2%]   step 5962
[  2%]   step 5963
[  2%]   step 5964
[  2%]   step 5965
[  2%]   step 5966
[  2%]   step 5967
[  2%]   step 5968
[  2%]   step 5969
[  2%]   step 5970
[  2%]   step 5971
[  2%]   step 5972
[  2%]   step 5973
[  2%]   step 5974
[  2%]   step 5975
[  2%]   step 5976
[  2%]   step 5977
[  2%]   step 5978
[  2%]   step 5979
[  2%]   step 5980
[  2%]   step 5981
[  2%]   step 5982
[  2%]   step 5983
[  2%]   step 5984
[  2%]   step 5985
[  2%]   step 5986
[  2%]   step 5987
[  2%]   step 5988
[  2%]   step 5989
[  2%]   step 5990
[  2%]   step 5991
[  2%]   step 5992
[  2%]   step 5993
[  2%]   step 5994
[  2%]   step 5995
[  2%]   step 5996
[  2%]   step 5997
[  2%]   step 5998
[  2%]   step 5999
[  2%]   step 6000
[  2%]   step 6001
[  2%]   step 6002
[  2%]   step 6003
[  2%]   step 6004
[  2%]   step 6005
[  2%]   step 6006
[  2%]   step 6007
[  2%]   step 6008
[  2%]   step 6009
[  2%]   step 6010
[  2%]   step 6011
[  2%]   step 6012
[  2%]   step 6013
[  2%]   step 6014
[  2%]   step 6015
[  2%]   step 6016
[  2%]   step 6017
[  2%]   step 6018
[  2%]   step 6019
[  2%]   step 6020
[  2%]   step 6021
[  2%]   step 6022
[  2%]   step 6023
[  2%]   step 6024
[  2%]   step 6025
[  2%]   step 6026
[  2%]   step 6027
[  2%]   step 6028
[  2%]   step 6029
[  2%]   step 6030
[  2%]   step 6031
[  2%]   step 6032
[  2%]   step 6033
[  2%]   step 6034
[  2%]   step 6035
[  2%]   step 6036
[  2%]   step 6037
[  2%]   step 6038
[  2%]   step 6039
[  2%]   step 6040
[  2%]   step 6041
[  2%]   step 6042
[  2%]   step 6043
[  2%]   step 6044
[  2%]   step 6045
[  2%]   step 6046
[  2%]   step 6047
[  2%]   step 6048
[  2%]   step 6049
[  2%]   step 6050
[  2%]   step 6051
[  2%]   step 6052
[  2%]   step 6053
[  2%]   step 6054
[  2%]   step 6055
[  2%]   step 6056
[  2%]   step 6057
[  2%]   step 6058
[  2%]   step 6059
[  2%]   step 6060
[  2%]   step 6061
[  2%]   step 6062
[  2%]   step 6063
[  2%]   step 6064
[  2%]   step 6065
[  2%]   step 6066
[  2%]   step 6067
[  2%]   step 6068
[  2%]   step 6069
[  2%]   step 6070
[  2%]   step 6071
[  2%]   step 6072
[  2%]   step 6073
[  2%]   step 6074
[  2%]   step 6075
[  2%]   step 6076
[  2%]   step 6077
[  2%]   step 6078
[  2%]   step 6079
[  2%]   step 6080
[  2%]   step 6081
[  2%]   step 6082
[  2%]   step 6083
[  2%]   step 6084
[  2%]   step 6085
[  2%]   step 6086
[  2%]   step 6087
[  2%]   step 6088
[  2%]   step 6089
[  2%]   step 6090
[  2%]   step 6091
[  2%]   step 6092
[  2%]   step 6093
[  2%]   step 6094
[  2%]   step 6095
[  2%]   step 6096
[  2%]   step 6097
[  2%]   step 6098
[  2%]   step 6099
[  2%]   step 6100
[  2%]   step 6101
[  2%]   step 6102
[  2%]   step 6103
[  2%]   step 6104
[  2%]   step 6105
[  2%]   step 6106
[  2%]   step 6107
[  2%]   step 6108
[  2%]   step 6109
[  2%]   step 6110
[  2%]   step 6111
[  2%]   step 6112
[  2%]   step 6113
[  2%]   step 6114
[  2%]   step 6115
[  2%]   step 6116
[  2%]   step 6117
[  2%]   step 6118
[  2%]   step 6119
[  2%]   step 6120
[  2%]   step 6121
[  2%]   step 6122
[  2%]   step 6123
[  2%]   step 6124
[  2%]   step 6125
[  2%]   step 6126
[  2%]   step 6127
[  2%]   step 6128
[  2%]   step 6129
[  2%]   step 6130
[  2%]   step 6131
[  2%]   step 6132
[  2%]   step 6133
[  2%]   step 6134
[  2%]   step 6135
[  2%]   step 6136
[  2%]   step 6137
[  2%]   step 6138
[  2%]   step 6139
[  2%]   step 6140
[  2%]   step 6141
[  2%]   step 6142
[  2%]   step 6143
[  2%]   step 6144
[  2%]   step 6145
[  2%]   step 6146
[  2%]   step 6147
[  2%]   step 6148
[  2%]   step 6149
[  2%]   step 6150
[  2%]   step 6151
[  2%]   step 6152
[  2%]   step 6153
[  2%]   step 6154
[  2%]   step 6155
[  2%]   step 6156
[  2%]   step 6157
[  2%]   step 6158
[  2%]   step 6159
[  2%]   step 6160
[  2%]   step 6161
[  2%]   step 6162
[  2%]   step 6163
[  2%]   step 6164
[  2%]   step 6165
[  2%]   step 6166
[  2%]   step 6167
[  2%]   step 6168
[  2%]   step 6169
[  2%]   step 6170
[  2%]   step 6171
[  2%]   step 6172
[  2%]   step 6173
[  2%]   step 6174
[  2%]   step 6175
[  2%]   step 6176
[  2%]   step 6177
[  2%]   step 6178
[  2%]   step 6179
[  2%]   step 6180
[  2%]   step 6181
[  2%]   step 6182
[  2%]   step 6183
[  2%]   step 6184
[  2%]   step 6185
[  2%]   step 6186
[  2%]   step 6187
[  2%]   step 6188
[  2%]   step 6189
[  2%]   step 6190
[  2%]   step 6191
[  2%]   step 6192
[  2%]   step 6193
[  2%]   step 6194
[  2%]   step 6195
[  2%]   step 6196
[  2%]   step 6197
[  2%]   step 6198
[  2%]   step 6199
[  2%]   step 6200
[  2%]   step 6201
[  2%]   step 6202
[  2%]   step 6203
[  2%]   step 6204
[  2%]   step 6205
[  2%]   step 6206
[  2%]   step 6207
[  2%]   step 6208
[  2%]   step 6209
[  2%]   step 6210
[  2%]   step 6211
[  2%]   step 6212
[  2%]   step 6213
[  2%]   step 6214
[  2%]   step 6215
[  2%]   step 6216
[  2%]   step 6217
[  2%]   step 6218
[  2%]   step 6219
[  2%]   step 6220
[  2%]   step 6221
[  2%]   step 6222
[  2%]   step 6223
[  2%]   step 6224
[  2%]   step 6225
[  2%]   step 6226
[  2%]   step 6227
[  2%]   step 6228
[  2%]   step 6229
[  2%]   step 6230
[  2%]   step 6231
[  2%]   step 6232
[  2%]   step 6233
[  2%]   step 6234
[  2%]   step 6235
[  2%]   step 6236
[  2%]   step 6237
[  2%]   step 6238
[  2%]   step 6239
[  2%]   step 6240
[  2%]   step 6241
[  2%]   step 6242
[  2%]   step 6243
[  2%]   step 6244
[  2%]   step 6245
[  2%]   step 6246
[  2%]   step 6247
[  2%]   step 6248
[  2%]   step 6249
[  2%]   step 6250
[  2%]   step 6251
[  2%]   step 6252
[  2%]   step 6253
[  2%]   step 6254
[  2%]   step 6255
[  2%]   step 6256
[  2%]   step 6257
[  2%]   step 6258
[  2%]   step 6259
[  2%]   step 6260
[  2%]   step 6261
[  2%]   step 6262
[  2%]   step 6263
+SWASH is processing output request    1
+SWASH is processing output request    2
[  2%]   step 6264
[  2%]   step 6265
[  2%]   step 6266
[  2%]   step 6267
[  2%]   step 6268
[  2%]   step 6269
[  2%]   step 6270
[  2%]   step 6271
[  2%]   step 6272
[  2%]   step 6273
[  2%]   step 6274
[  2%]   step 6275
[  2%]   step 6276
[  2%]   step 6277
[  2%]   step 6278
[  2%]   step 6279
[  2%]   step 6280
[  2%]   step 6281
[  2%]   step 6282
[  2%]   step 6283
[  2%]   step 6284
[  2%]   step 6285
[  2%]   step 6286
[  2%]   step 6287
[  2%]   step 6288
[  2%]   step 6289
[  2%]   step 6290
[  2%]   step 6291
[  2%]   step 6292
[  2%]   step 6293
[  2%]   step 6294
[  2%]   step 6295
[  2%]   step 6296
[  2%]   step 6297
[  2%]   step 6298
[  2%]   step 6299
[  2%]   step 6300
[  2%]   step 6301
[  2%]   step 6302
[  2%]   step 6303
[  2%]   step 6304
[  2%]   step 6305
[  2%]   step 6306
[  2%]   step 6307
[  2%]   step 6308
[  2%]   step 6309
[  2%]   step 6310
[  2%]   step 6311
[  2%]   step 6312
[  2%]   step 6313
[  2%]   step 6314
[  2%]   step 6315
[  2%]   step 6316
[  2%]   step 6317
[  2%]   step 6318
[  2%]   step 6319
[  2%]   step 6320
[  2%]   step 6321
[  2%]   step 6322
[  2%]   step 6323
[  2%]   step 6324
[  2%]   step 6325
[  2%]   step 6326
[  2%]   step 6327
[  2%]   step 6328
[  2%]   step 6329
[  2%]   step 6330
[  2%]   step 6331
[  2%]   step 6332
[  2%]   step 6333
[  2%]   step 6334
[  2%]   step 6335
[  2%]   step 6336
[  2%]   step 6337
[  2%]   step 6338
[  2%]   step 6339
[  2%]   step 6340
[  2%]   step 6341
[  2%]   step 6342
[  2%]   step 6343
[  2%]   step 6344
[  2%]   step 6345
[  2%]   step 6346
[  2%]   step 6347
[  2%]   step 6348
[  2%]   step 6349
[  2%]   step 6350
[  2%]   step 6351
[  2%]   step 6352
[  2%]   step 6353
[  2%]   step 6354
[  2%]   step 6355
[  2%]   step 6356
[  2%]   step 6357
[  2%]   step 6358
[  2%]   step 6359
[  2%]   step 6360
[  2%]   step 6361
[  2%]   step 6362
[  2%]   step 6363
[  2%]   step 6364
[  2%]   step 6365
[  2%]   step 6366
[  2%]   step 6367
[  2%]   step 6368
[  2%]   step 6369
[  2%]   step 6370
[  2%]   step 6371
[  2%]   step 6372
[  2%]   step 6373
[  2%]   step 6374
[  2%]   step 6375
[  2%]   step 6376
[  2%]   step 6377
[  2%]   step 6378
[  2%]   step 6379
[  2%]   step 6380
[  2%]   step 6381
[  2%]   step 6382
[  2%]   step 6383
[  2%]   step 6384
[  2%]   step 6385
[  2%]   step 6386
[  2%]   step 6387
[  2%]   step 6388
[  2%]   step 6389
[  2%]   step 6390
[  2%]   step 6391
[  2%]   step 6392
[  2%]   step 6393
[  2%]   step 6394
[  2%]   step 6395
[  2%]   step 6396
[  2%]   step 6397
[  2%]   step 6398
[  2%]   step 6399
[  2%]   step 6400
[  2%]   step 6401
[  2%]   step 6402
[  2%]   step 6403
[  2%]   step 6404
[  2%]   step 6405
[  2%]   step 6406
[  2%]   step 6407
[  2%]   step 6408
[  2%]   step 6409
[  2%]   step 6410
[  2%]   step 6411
[  2%]   step 6412
[  2%]   step 6413
[  2%]   step 6414
[  2%]   step 6415
[  2%]   step 6416
[  2%]   step 6417
[  2%]   step 6418
[  2%]   step 6419
[  2%]   step 6420
[  2%]   step 6421
[  2%]   step 6422
[  2%]   step 6423
[  2%]   step 6424
[  2%]   step 6425
[  2%]   step 6426
[  2%]   step 6427
[  2%]   step 6428
[  2%]   step 6429
[  2%]   step 6430
[  2%]   step 6431
[  2%]   step 6432
[  2%]   step 6433
[  2%]   step 6434
[  2%]   step 6435
[  2%]   step 6436
[  2%]   step 6437
[  2%]   step 6438
[  2%]   step 6439
[  2%]   step 6440
[  2%]   step 6441
[  2%]   step 6442
[  2%]   step 6443
[  2%]   step 6444
[  2%]   step 6445
[  2%]   step 6446
[  2%]   step 6447
[  2%]   step 6448
[  2%]   step 6449
[  2%]   step 6450
[  2%]   step 6451
[  2%]   step 6452
[  2%]   step 6453
[  2%]   step 6454
[  2%]   step 6455
[  2%]   step 6456
[  2%]   step 6457
[  2%]   step 6458
[  2%]   step 6459
[  2%]   step 6460
[  2%]   step 6461
[  2%]   step 6462
[  2%]   step 6463
[  2%]   step 6464
[  2%]   step 6465
[  2%]   step 6466
[  2%]   step 6467
[  2%]   step 6468
[  2%]   step 6469
[  2%]   step 6470
[  2%]   step 6471
[  2%]   step 6472
[  2%]   step 6473
[  2%]   step 6474
[  2%]   step 6475
[  2%]   step 6476
[  2%]   step 6477
[  2%]   step 6478
[  2%]   step 6479
[  2%]   step 6480
[  2%]   step 6481
[  2%]   step 6482
[  2%]   step 6483
[  2%]   step 6484
[  2%]   step 6485
[  2%]   step 6486
[  2%]   step 6487
[  2%]   step 6488
[  2%]   step 6489
[  2%]   step 6490
[  2%]   step 6491
[  2%]   step 6492
[  2%]   step 6493
[  2%]   step 6494
[  2%]   step 6495
[  2%]   step 6496
[  2%]   step 6497
[  2%]   step 6498
[  2%]   step 6499
[  2%]   step 6500
[  2%]   step 6501
[  2%]   step 6502
[  2%]   step 6503
[  2%]   step 6504
[  2%]   step 6505
[  2%]   step 6506
[  2%]   step 6507
[  2%]   step 6508
[  2%]   step 6509
[  2%]   step 6510
[  2%]   step 6511
[  2%]   step 6512
[  2%]   step 6513
[  2%]   step 6514
[  2%]   step 6515
[  2%]   step 6516
[  2%]   step 6517
[  2%]   step 6518
[  2%]   step 6519
[  2%]   step 6520
[  2%]   step 6521
[  2%]   step 6522
[  2%]   step 6523
[  2%]   step 6524
[  2%]   step 6525
[  2%]   step 6526
[  2%]   step 6527
[  2%]   step 6528
[  2%]   step 6529
[  2%]   step 6530
[  2%]   step 6531
[  2%]   step 6532
[  2%]   step 6533
[  2%]   step 6534
[  2%]   step 6535
[  2%]   step 6536
[  2%]   step 6537
[  2%]   step 6538
[  2%]   step 6539
[  2%]   step 6540
[  2%]   step 6541
[  2%]   step 6542
[  2%]   step 6543
[  2%]   step 6544
[  2%]   step 6545
[  2%]   step 6546
[  2%]   step 6547
[  2%]   step 6548
[  2%]   step 6549
[  2%]   step 6550
[  2%]   step 6551
[  2%]   step 6552
[  2%]   step 6553
[  2%]   step 6554
[  2%]   step 6555
[  2%]   step 6556
[  2%]   step 6557
[  2%]   step 6558
[  2%]   step 6559
[  2%]   step 6560
[  2%]   step 6561
[  2%]   step 6562
[  2%]   step 6563
[  2%]   step 6564
[  2%]   step 6565
[  2%]   step 6566
[  2%]   step 6567
[  2%]   step 6568
[  2%]   step 6569
[  2%]   step 6570
[  2%]   step 6571
[  2%]   step 6572
[  2%]   step 6573
[  2%]   step 6574
[  2%]   step 6575
[  2%]   step 6576
[  2%]   step 6577
[  2%]   step 6578
[  2%]   step 6579
[  2%]   step 6580
[  2%]   step 6581
[  2%]   step 6582
[  2%]   step 6583
[  2%]   step 6584
[  2%]   step 6585
[  2%]   step 6586
[  2%]   step 6587
[  2%]   step 6588
[  2%]   step 6589
[  2%]   step 6590
[  2%]   step 6591
[  2%]   step 6592
[  2%]   step 6593
[  2%]   step 6594
[  2%]   step 6595
[  2%]   step 6596
[  2%]   step 6597
[  2%]   step 6598
[  2%]   step 6599
[  2%]   step 6600
[  2%]   step 6601
[  2%]   step 6602
[  2%]   step 6603
[  2%]   step 6604
[  2%]   step 6605
[  2%]   step 6606
[  2%]   step 6607
[  2%]   step 6608
[  2%]   step 6609
[  2%]   step 6610
[  2%]   step 6611
[  2%]   step 6612
[  2%]   step 6613
[  2%]   step 6614
[  2%]   step 6615
[  2%]   step 6616
[  2%]   step 6617
[  2%]   step 6618
[  2%]   step 6619
[  2%]   step 6620
[  2%]   step 6621
[  2%]   step 6622
[  2%]   step 6623
[  2%]   step 6624
[  2%]   step 6625
[  2%]   step 6626
[  2%]   step 6627
[  2%]   step 6628
[  2%]   step 6629
[  2%]   step 6630
[  2%]   step 6631
[  2%]   step 6632
[  2%]   step 6633
[  2%]   step 6634
[  2%]   step 6635
[  2%]   step 6636
[  2%]   step 6637
[  2%]   step 6638
[  2%]   step 6639
[  2%]   step 6640
[  2%]   step 6641
[  2%]   step 6642
[  2%]   step 6643
[  2%]   step 6644
[  2%]   step 6645
[  2%]   step 6646
[  2%]   step 6647
[  2%]   step 6648
[  2%]   step 6649
[  2%]   step 6650
[  2%]   step 6651
[  2%]   step 6652
[  2%]   step 6653
[  2%]   step 6654
[  2%]   step 6655
+SWASH is processing output request    1
+SWASH is processing output request    2
[  2%]   step 6656
[  2%]   step 6657
[  2%]   step 6658
[  2%]   step 6659
[  2%]   step 6660
[  2%]   step 6661
[  2%]   step 6662
[  2%]   step 6663
[  2%]   step 6664
[  2%]   step 6665
[  2%]   step 6666
[  2%]   step 6667
[  2%]   step 6668
[  2%]   step 6669
[  2%]   step 6670
[  2%]   step 6671
[  2%]   step 6672
[  2%]   step 6673
[  2%]   step 6674
[  2%]   step 6675
[  2%]   step 6676
[  2%]   step 6677
[  2%]   step 6678
[  2%]   step 6679
[  2%]   step 6680
[  2%]   step 6681
[  2%]   step 6682
[  2%]   step 6683
[  2%]   step 6684
[  2%]   step 6685
[  2%]   step 6686
[  2%]   step 6687
[  2%]   step 6688
[  2%]   step 6689
[  2%]   step 6690
[  2%]   step 6691
[  2%]   step 6692
[  2%]   step 6693
[  2%]   step 6694
[  2%]   step 6695
[  2%]   step 6696
[  2%]   step 6697
[  2%]   step 6698
[  2%]   step 6699
[  2%]   step 6700
[  2%]   step 6701
[  2%]   step 6702
[  2%]   step 6703
[  2%]   step 6704
[  2%]   step 6705
[  2%]   step 6706
[  2%]   step 6707
[  2%]   step 6708
[  2%]   step 6709
[  2%]   step 6710
[  2%]   step 6711
[  2%]   step 6712
[  2%]   step 6713
[  2%]   step 6714
[  2%]   step 6715
[  2%]   step 6716
[  2%]   step 6717
[  2%]   step 6718
[  2%]   step 6719
[  2%]   step 6720
[  2%]   step 6721
[  2%]   step 6722
[  2%]   step 6723
[  2%]   step 6724
[  2%]   step 6725
[  2%]   step 6726
[  2%]   step 6727
[  2%]   step 6728
[  2%]   step 6729
[  2%]   step 6730
[  2%]   step 6731
[  2%]   step 6732
[  2%]   step 6733
[  2%]   step 6734
[  2%]   step 6735
[  2%]   step 6736
[  2%]   step 6737
[  2%]   step 6738
[  2%]   step 6739
[  2%]   step 6740
[  2%]   step 6741
[  2%]   step 6742
[  2%]   step 6743
[  2%]   step 6744
[  2%]   step 6745
[  2%]   step 6746
[  2%]   step 6747
[  2%]   step 6748
[  2%]   step 6749
[  2%]   step 6750
[  2%]   step 6751
[  2%]   step 6752
[  2%]   step 6753
[  2%]   step 6754
[  2%]   step 6755
[  2%]   step 6756
[  2%]   step 6757
[  2%]   step 6758
[  2%]   step 6759
[  2%]   step 6760
[  2%]   step 6761
[  2%]   step 6762
[  2%]   step 6763
[  2%]   step 6764
[  2%]   step 6765
[  2%]   step 6766
[  2%]   step 6767
[  2%]   step 6768
[  2%]   step 6769
[  2%]   step 6770
[  2%]   step 6771
[  2%]   step 6772
[  2%]   step 6773
[  2%]   step 6774
[  2%]   step 6775
[  2%]   step 6776
[  2%]   step 6777
[  2%]   step 6778
[  2%]   step 6779
[  2%]   step 6780
[  2%]   step 6781
[  2%]   step 6782
[  2%]   step 6783
[  2%]   step 6784
[  2%]   step 6785
[  2%]   step 6786
[  2%]   step 6787
[  2%]   step 6788
[  2%]   step 6789
[  2%]   step 6790
[  2%]   step 6791
[  2%]   step 6792
[  2%]   step 6793
[  2%]   step 6794
[  2%]   step 6795
[  2%]   step 6796
[  2%]   step 6797
[  2%]   step 6798
[  2%]   step 6799
[  2%]   step 6800
[  2%]   step 6801
[  2%]   step 6802
[  2%]   step 6803
[  2%]   step 6804
[  2%]   step 6805
[  2%]   step 6806
[  2%]   step 6807
[  2%]   step 6808
[  2%]   step 6809
[  2%]   step 6810
[  2%]   step 6811
[  2%]   step 6812
[  2%]   step 6813
[  2%]   step 6814
[  2%]   step 6815
[  2%]   step 6816
[  2%]   step 6817
[  2%]   step 6818
[  2%]   step 6819
[  2%]   step 6820
[  2%]   step 6821
[  2%]   step 6822
[  2%]   step 6823
[  2%]   step 6824
[  2%]   step 6825
[  2%]   step 6826
[  2%]   step 6827
[  2%]   step 6828
[  2%]   step 6829
[  2%]   step 6830
[  2%]   step 6831
[  2%]   step 6832
[  2%]   step 6833
[  2%]   step 6834
[  2%]   step 6835
[  2%]   step 6836
[  2%]   step 6837
[  2%]   step 6838
[  2%]   step 6839
[  2%]   step 6840
[  2%]   step 6841
[  2%]   step 6842
[  2%]   step 6843
[  2%]   step 6844
[  2%]   step 6845
[  2%]   step 6846
[  2%]   step 6847
[  2%]   step 6848
[  2%]   step 6849
[  2%]   step 6850
[  2%]   step 6851
[  2%]   step 6852
[  2%]   step 6853
[  2%]   step 6854
[  2%]   step 6855
[  2%]   step 6856
[  2%]   step 6857
[  2%]   step 6858
[  2%]   step 6859
[  2%]   step 6860
[  2%]   step 6861
[  2%]   step 6862
[  2%]   step 6863
[  2%]   step 6864
[  2%]   step 6865
[  2%]   step 6866
[  2%]   step 6867
[  2%]   step 6868
[  2%]   step 6869
[  2%]   step 6870
[  2%]   step 6871
[  2%]   step 6872
[  2%]   step 6873
[  2%]   step 6874
[  2%]   step 6875
[  2%]   step 6876
[  2%]   step 6877
[  2%]   step 6878
[  2%]   step 6879
[  2%]   step 6880
[  2%]   step 6881
[  2%]   step 6882
[  2%]   step 6883
[  2%]   step 6884
[  2%]   step 6885
[  2%]   step 6886
[  2%]   step 6887
[  2%]   step 6888
[  2%]   step 6889
[  2%]   step 6890
[  2%]   step 6891
[  2%]   step 6892
[  2%]   step 6893
[  2%]   step 6894
[  2%]   step 6895
[  2%]   step 6896
[  2%]   step 6897
[  2%]   step 6898
[  2%]   step 6899
[  2%]   step 6900
[  2%]   step 6901
[  2%]   step 6902
[  2%]   step 6903
[  2%]   step 6904
[  2%]   step 6905
[  2%]   step 6906
[  2%]   step 6907
[  2%]   step 6908
[  2%]   step 6909
[  2%]   step 6910
[  2%]   step 6911
[  2%]   step 6912
[  2%]   step 6913
[  2%]   step 6914
[  2%]   step 6915
[  2%]   step 6916
[  2%]   step 6917
[  2%]   step 6918
[  2%]   step 6919
[  2%]   step 6920
[  2%]   step 6921
[  2%]   step 6922
[  2%]   step 6923
[  2%]   step 6924
[  2%]   step 6925
[  2%]   step 6926
[  2%]   step 6927
[  2%]   step 6928
[  2%]   step 6929
[  2%]   step 6930
[  2%]   step 6931
[  2%]   step 6932
[  2%]   step 6933
[  2%]   step 6934
[  2%]   step 6935
[  2%]   step 6936
[  2%]   step 6937
[  2%]   step 6938
[  2%]   step 6939
[  2%]   step 6940
[  2%]   step 6941
[  2%]   step 6942
[  2%]   step 6943
[  2%]   step 6944
[  2%]   step 6945
[  2%]   step 6946
[  2%]   step 6947
[  2%]   step 6948
[  2%]   step 6949
[  2%]   step 6950
[  2%]   step 6951
[  2%]   step 6952
[  2%]   step 6953
[  2%]   step 6954
[  2%]   step 6955
[  2%]   step 6956
[  2%]   step 6957
[  2%]   step 6958
[  2%]   step 6959
[  2%]   step 6960
[  2%]   step 6961
[  2%]   step 6962
[  2%]   step 6963
[  2%]   step 6964
[  2%]   step 6965
[  2%]   step 6966
[  2%]   step 6967
[  2%]   step 6968
[  2%]   step 6969
[  2%]   step 6970
[  2%]   step 6971
[  2%]   step 6972
[  2%]   step 6973
[  2%]   step 6974
[  2%]   step 6975
[  2%]   step 6976
[  2%]   step 6977
[  2%]   step 6978
[  2%]   step 6979
[  2%]   step 6980
[  2%]   step 6981
[  2%]   step 6982
[  2%]   step 6983
[  2%]   step 6984
[  2%]   step 6985
[  2%]   step 6986
[  2%]   step 6987
[  2%]   step 6988
[  2%]   step 6989
[  2%]   step 6990
[  2%]   step 6991
[  2%]   step 6992
[  2%]   step 6993
[  2%]   step 6994
[  2%]   step 6995
[  2%]   step 6996
[  2%]   step 6997
[  2%]   step 6998
[  2%]   step 6999
[  2%]   step 7000
[  2%]   step 7001
[  2%]   step 7002
[  2%]   step 7003
[  2%]   step 7004
[  2%]   step 7005
[  2%]   step 7006
[  2%]   step 7007
[  2%]   step 7008
[  2%]   step 7009
[  2%]   step 7010
[  2%]   step 7011
[  2%]   step 7012
[  2%]   step 7013
[  2%]   step 7014
[  2%]   step 7015
[  2%]   step 7016
[  2%]   step 7017
[  2%]   step 7018
[  2%]   step 7019
[  2%]   step 7020
[  2%]   step 7021
[  2%]   step 7022
[  2%]   step 7023
[  2%]   step 7024
[  2%]   step 7025
[  2%]   step 7026
[  2%]   step 7027
[  2%]   step 7028
[  2%]   step 7029
[  2%]   step 7030
[  2%]   step 7031
[  2%]   step 7032
[  2%]   step 7033
[  2%]   step 7034
[  2%]   step 7035
[  2%]   step 7036
[  2%]   step 7037
[  2%]   step 7038
[  2%]   step 7039
[  2%]   step 7040
[  2%]   step 7041
[  2%]   step 7042
[  2%]   step 7043
[  2%]   step 7044
[  2%]   step 7045
[  2%]   step 7046
+SWASH is processing output request    1
+SWASH is processing output request    2
[  2%]   step 7047
[  2%]   step 7048
[  2%]   step 7049
[  2%]   step 7050
[  2%]   step 7051
[  2%]   step 7052
[  2%]   step 7053
[  2%]   step 7054
[  2%]   step 7055
[  2%]   step 7056
[  2%]   step 7057
[  2%]   step 7058
[  2%]   step 7059
[  2%]   step 7060
[  2%]   step 7061
[  2%]   step 7062
[  2%]   step 7063
[  2%]   step 7064
[  2%]   step 7065
[  2%]   step 7066
[  2%]   step 7067
[  2%]   step 7068
[  2%]   step 7069
[  2%]   step 7070
[  2%]   step 7071
[  2%]   step 7072
[  2%]   step 7073
[  2%]   step 7074
[  2%]   step 7075
[  2%]   step 7076
[  2%]   step 7077
[  2%]   step 7078
[  2%]   step 7079
[  2%]   step 7080
[  2%]   step 7081
[  2%]   step 7082
[  2%]   step 7083
[  2%]   step 7084
[  2%]   step 7085
[  2%]   step 7086
[  2%]   step 7087
[  2%]   step 7088
[  2%]   step 7089
[  2%]   step 7090
[  2%]   step 7091
[  2%]   step 7092
[  2%]   step 7093
[  2%]   step 7094
[  2%]   step 7095
[  2%]   step 7096
[  2%]   step 7097
[  2%]   step 7098
[  2%]   step 7099
[  2%]   step 7100
[  2%]   step 7101
[  2%]   step 7102
[  2%]   step 7103
[  2%]   step 7104
[  2%]   step 7105
[  2%]   step 7106
[  2%]   step 7107
[  2%]   step 7108
[  2%]   step 7109
[  2%]   step 7110
[  2%]   step 7111
[  2%]   step 7112
[  2%]   step 7113
[  2%]   step 7114
[  2%]   step 7115
[  2%]   step 7116
[  2%]   step 7117
[  2%]   step 7118
[  2%]   step 7119
[  2%]   step 7120
[  2%]   step 7121
[  2%]   step 7122
[  2%]   step 7123
[  2%]   step 7124
[  2%]   step 7125
[  2%]   step 7126
[  2%]   step 7127
[  2%]   step 7128
[  2%]   step 7129
[  2%]   step 7130
[  2%]   step 7131
[  2%]   step 7132
[  2%]   step 7133
[  2%]   step 7134
[  2%]   step 7135
[  2%]   step 7136
[  2%]   step 7137
[  2%]   step 7138
[  2%]   step 7139
[  2%]   step 7140
[  2%]   step 7141
[  2%]   step 7142
[  2%]   step 7143
[  2%]   step 7144
[  2%]   step 7145
[  2%]   step 7146
[  2%]   step 7147
[  2%]   step 7148
[  2%]   step 7149
[  2%]   step 7150
[  2%]   step 7151
[  2%]   step 7152
[  2%]   step 7153
[  2%]   step 7154
[  2%]   step 7155
[  2%]   step 7156
[  2%]   step 7157
[  2%]   step 7158
[  2%]   step 7159
[  2%]   step 7160
[  2%]   step 7161
[  2%]   step 7162
[  2%]   step 7163
[  2%]   step 7164
[  2%]   step 7165
[  2%]   step 7166
[  2%]   step 7167
[  2%]   step 7168
[  2%]   step 7169
[  2%]   step 7170
[  2%]   step 7171
[  2%]   step 7172
[  2%]   step 7173
[  2%]   step 7174
[  2%]   step 7175
[  2%]   step 7176
[  2%]   step 7177
[  2%]   step 7178
[  2%]   step 7179
[  2%]   step 7180
[  2%]   step 7181
[  2%]   step 7182
[  2%]   step 7183
[  2%]   step 7184
[  2%]   step 7185
[  2%]   step 7186
[  2%]   step 7187
[  2%]   step 7188
[  2%]   step 7189
[  2%]   step 7190
[  2%]   step 7191
[  2%]   step 7192
[  2%]   step 7193
[  2%]   step 7194
[  2%]   step 7195
[  2%]   step 7196
[  2%]   step 7197
[  2%]   step 7198
[  2%]   step 7199
[  2%]   step 7200
[  2%]   step 7201
[  2%]   step 7202
[  2%]   step 7203
[  2%]   step 7204
[  2%]   step 7205
[  2%]   step 7206
[  2%]   step 7207
[  2%]   step 7208
[  2%]   step 7209
[  2%]   step 7210
[  2%]   step 7211
[  2%]   step 7212
[  2%]   step 7213
[  2%]   step 7214
[  2%]   step 7215
[  2%]   step 7216
[  2%]   step 7217
[  2%]   step 7218
[  2%]   step 7219
[  2%]   step 7220
[  2%]   step 7221
[  2%]   step 7222
[  2%]   step 7223
[  2%]   step 7224
[  2%]   step 7225
[  2%]   step 7226
[  2%]   step 7227
[  2%]   step 7228
[  2%]   step 7229
[  2%]   step 7230
[  2%]   step 7231
[  2%]   step 7232
[  2%]   step 7233
[  2%]   step 7234
[  2%]   step 7235
[  2%]   step 7236
[  2%]   step 7237
[  2%]   step 7238
[  2%]   step 7239
[  2%]   step 7240
[  2%]   step 7241
[  2%]   step 7242
[  2%]   step 7243
[  2%]   step 7244
[  2%]   step 7245
[  2%]   step 7246
[  2%]   step 7247
[  2%]   step 7248
[  2%]   step 7249
[  2%]   step 7250
[  2%]   step 7251
[  2%]   step 7252
[  2%]   step 7253
[  2%]   step 7254
[  2%]   step 7255
[  2%]   step 7256
[  2%]   step 7257
[  2%]   step 7258
[  2%]   step 7259
[  2%]   step 7260
[  2%]   step 7261
[  2%]   step 7262
[  2%]   step 7263
[  2%]   step 7264
[  2%]   step 7265
[  2%]   step 7266
[  2%]   step 7267
[  2%]   step 7268
[  2%]   step 7269
[  2%]   step 7270
[  2%]   step 7271
[  2%]   step 7272
[  2%]   step 7273
[  2%]   step 7274
[  2%]   step 7275
[  2%]   step 7276
[  2%]   step 7277
[  2%]   step 7278
[  2%]   step 7279
[  2%]   step 7280
[  2%]   step 7281
[  2%]   step 7282
[  2%]   step 7283
[  2%]   step 7284
[  2%]   step 7285
[  2%]   step 7286
[  2%]   step 7287
[  2%]   step 7288
[  2%]   step 7289
[  2%]   step 7290
[  2%]   step 7291
[  2%]   step 7292
[  2%]   step 7293
[  2%]   step 7294
[  2%]   step 7295
[  2%]   step 7296
[  2%]   step 7297
[  2%]   step 7298
[  2%]   step 7299
[  2%]   step 7300
[  2%]   step 7301
[  2%]   step 7302
[  2%]   step 7303
[  2%]   step 7304
[  2%]   step 7305
[  2%]   step 7306
[  2%]   step 7307
[  2%]   step 7308
[  2%]   step 7309
[  2%]   step 7310
[  2%]   step 7311
[  2%]   step 7312
[  2%]   step 7313
[  2%]   step 7314
[  2%]   step 7315
[  2%]   step 7316
[  2%]   step 7317
[  2%]   step 7318
[  2%]   step 7319
[  2%]   step 7320
[  2%]   step 7321
[  2%]   step 7322
[  2%]   step 7323
[  2%]   step 7324
[  2%]   step 7325
[  2%]   step 7326
[  2%]   step 7327
[  2%]   step 7328
[  2%]   step 7329
[  2%]   step 7330
[  2%]   step 7331
[  2%]   step 7332
[  2%]   step 7333
[  2%]   step 7334
[  2%]   step 7335
[  2%]   step 7336
[  2%]   step 7337
[  2%]   step 7338
[  2%]   step 7339
[  2%]   step 7340
[  2%]   step 7341
[  2%]   step 7342
[  2%]   step 7343
[  2%]   step 7344
[  2%]   step 7345
[  2%]   step 7346
[  2%]   step 7347
[  2%]   step 7348
[  2%]   step 7349
[  2%]   step 7350
[  2%]   step 7351
[  2%]   step 7352
[  2%]   step 7353
[  2%]   step 7354
[  2%]   step 7355
[  2%]   step 7356
[  2%]   step 7357
[  2%]   step 7358
[  2%]   step 7359
[  2%]   step 7360
[  2%]   step 7361
[  2%]   step 7362
[  2%]   step 7363
[  2%]   step 7364
[  2%]   step 7365
[  2%]   step 7366
[  2%]   step 7367
[  2%]   step 7368
[  2%]   step 7369
[  2%]   step 7370
[  2%]   step 7371
[  2%]   step 7372
[  2%]   step 7373
[  2%]   step 7374
[  2%]   step 7375
[  2%]   step 7376
[  2%]   step 7377
[  2%]   step 7378
[  2%]   step 7379
[  2%]   step 7380
[  2%]   step 7381
[  2%]   step 7382
[  2%]   step 7383
[  2%]   step 7384
[  2%]   step 7385
[  2%]   step 7386
[  2%]   step 7387
[  2%]   step 7388
[  2%]   step 7389
[  2%]   step 7390
[  2%]   step 7391
[  2%]   step 7392
[  2%]   step 7393
[  2%]   step 7394
[  2%]   step 7395
[  2%]   step 7396
[  2%]   step 7397
[  2%]   step 7398
[  2%]   step 7399
[  2%]   step 7400
[  2%]   step 7401
[  2%]   step 7402
[  2%]   step 7403
[  2%]   step 7404
[  2%]   step 7405
[  2%]   step 7406
[  2%]   step 7407
[  2%]   step 7408
[  2%]   step 7409
[  2%]   step 7410
[  2%]   step 7411
[  2%]   step 7412
[  2%]   step 7413
[  2%]   step 7414
[  2%]   step 7415
[  2%]   step 7416
[  2%]   step 7417
[  2%]   step 7418
[  2%]   step 7419
[  2%]   step 7420
[  2%]   step 7421
[  2%]   step 7422
[  2%]   step 7423
[  2%]   step 7424
[  2%]   step 7425
[  2%]   step 7426
[  2%]   step 7427
[  2%]   step 7428
[  2%]   step 7429
[  2%]   step 7430
[  2%]   step 7431
[  2%]   step 7432
[  2%]   step 7433
[  2%]   step 7434
[  2%]   step 7435
[  2%]   step 7436
[  2%]   step 7437
+SWASH is processing output request    1
+SWASH is processing output request    2
[  2%]   step 7438
[  2%]   step 7439
[  2%]   step 7440
[  2%]   step 7441
[  2%]   step 7442
[  2%]   step 7443
[  2%]   step 7444
[  2%]   step 7445
[  2%]   step 7446
[  2%]   step 7447
[  2%]   step 7448
[  2%]   step 7449
[  2%]   step 7450
[  2%]   step 7451
[  2%]   step 7452
[  2%]   step 7453
[  2%]   step 7454
[  2%]   step 7455
[  2%]   step 7456
[  2%]   step 7457
[  2%]   step 7458
[  2%]   step 7459
[  2%]   step 7460
[  2%]   step 7461
[  2%]   step 7462
[  2%]   step 7463
[  2%]   step 7464
[  2%]   step 7465
[  2%]   step 7466
[  2%]   step 7467
[  2%]   step 7468
[  2%]   step 7469
[  2%]   step 7470
[  2%]   step 7471
[  2%]   step 7472
[  2%]   step 7473
[  2%]   step 7474
[  2%]   step 7475
[  2%]   step 7476
[  2%]   step 7477
[  2%]   step 7478
[  2%]   step 7479
[  2%]   step 7480
[  2%]   step 7481
[  2%]   step 7482
[  2%]   step 7483
[  2%]   step 7484
[  2%]   step 7485
[  2%]   step 7486
[  2%]   step 7487
[  2%]   step 7488
[  2%]   step 7489
[  2%]   step 7490
[  2%]   step 7491
[  2%]   step 7492
[  2%]   step 7493
[  2%]   step 7494
[  2%]   step 7495
[  2%]   step 7496
[  2%]   step 7497
[  2%]   step 7498
[  2%]   step 7499
[  2%]   step 7500
[  2%]   step 7501
[  2%]   step 7502
[  2%]   step 7503
[  2%]   step 7504
[  2%]   step 7505
[  2%]   step 7506
[  2%]   step 7507
[  2%]   step 7508
[  2%]   step 7509
[  2%]   step 7510
[  2%]   step 7511
[  2%]   step 7512
[  2%]   step 7513
[  2%]   step 7514
[  2%]   step 7515
[  2%]   step 7516
[  2%]   step 7517
[  2%]   step 7518
[  2%]   step 7519
[  2%]   step 7520
[  2%]   step 7521
[  2%]   step 7522
[  2%]   step 7523
[  2%]   step 7524
[  2%]   step 7525
[  2%]   step 7526
[  2%]   step 7527
[  2%]   step 7528
[  2%]   step 7529
[  2%]   step 7530
[  2%]   step 7531
[  2%]   step 7532
[  2%]   step 7533
[  2%]   step 7534
[  2%]   step 7535
[  2%]   step 7536
[  2%]   step 7537
[  2%]   step 7538
[  2%]   step 7539
[  2%]   step 7540
[  2%]   step 7541
[  2%]   step 7542
[  2%]   step 7543
[  2%]   step 7544
[  2%]   step 7545
[  2%]   step 7546
[  2%]   step 7547
[  2%]   step 7548
[  2%]   step 7549
[  2%]   step 7550
[  2%]   step 7551
[  2%]   step 7552
[  2%]   step 7553
[  2%]   step 7554
[  2%]   step 7555
[  2%]   step 7556
[  2%]   step 7557
[  2%]   step 7558
[  2%]   step 7559
[  2%]   step 7560
[  2%]   step 7561
[  2%]   step 7562
[  2%]   step 7563
[  2%]   step 7564
[  2%]   step 7565
[  2%]   step 7566
[  2%]   step 7567
[  2%]   step 7568
[  2%]   step 7569
[  2%]   step 7570
[  2%]   step 7571
[  2%]   step 7572
[  2%]   step 7573
[  2%]   step 7574
[  2%]   step 7575
[  2%]   step 7576
[  2%]   step 7577
[  2%]   step 7578
[  2%]   step 7579
[  2%]   step 7580
[  2%]   step 7581
[  2%]   step 7582
[  2%]   step 7583
[  2%]   step 7584
[  2%]   step 7585
[  2%]   step 7586
[  2%]   step 7587
[  2%]   step 7588
[  2%]   step 7589
[  2%]   step 7590
[  2%]   step 7591
[  2%]   step 7592
[  2%]   step 7593
[  2%]   step 7594
[  2%]   step 7595
[  2%]   step 7596
[  2%]   step 7597
[  2%]   step 7598
[  2%]   step 7599
[  2%]   step 7600
[  2%]   step 7601
[  2%]   step 7602
[  2%]   step 7603
[  2%]   step 7604
[  2%]   step 7605
[  2%]   step 7606
[  2%]   step 7607
[  2%]   step 7608
[  2%]   step 7609
[  2%]   step 7610
[  2%]   step 7611
[  2%]   step 7612
[  2%]   step 7613
[  2%]   step 7614
[  2%]   step 7615
[  2%]   step 7616
[  2%]   step 7617
[  2%]   step 7618
[  2%]   step 7619
[  2%]   step 7620
[  2%]   step 7621
[  2%]   step 7622
[  2%]   step 7623
[  2%]   step 7624
[  2%]   step 7625
[  2%]   step 7626
[  2%]   step 7627
[  2%]   step 7628
[  2%]   step 7629
[  2%]   step 7630
[  2%]   step 7631
[  2%]   step 7632
[  3%]   step 7633
[  3%]   step 7634
[  3%]   step 7635
[  3%]   step 7636
[  3%]   step 7637
[  3%]   step 7638
[  3%]   step 7639
[  3%]   step 7640
[  3%]   step 7641
[  3%]   step 7642
[  3%]   step 7643
[  3%]   step 7644
[  3%]   step 7645
[  3%]   step 7646
[  3%]   step 7647
[  3%]   step 7648
[  3%]   step 7649
[  3%]   step 7650
[  3%]   step 7651
[  3%]   step 7652
[  3%]   step 7653
[  3%]   step 7654
[  3%]   step 7655
[  3%]   step 7656
[  3%]   step 7657
[  3%]   step 7658
[  3%]   step 7659
[  3%]   step 7660
[  3%]   step 7661
[  3%]   step 7662
[  3%]   step 7663
[  3%]   step 7664
[  3%]   step 7665
[  3%]   step 7666
[  3%]   step 7667
[  3%]   step 7668
[  3%]   step 7669
[  3%]   step 7670
[  3%]   step 7671
[  3%]   step 7672
[  3%]   step 7673
[  3%]   step 7674
[  3%]   step 7675
[  3%]   step 7676
[  3%]   step 7677
[  3%]   step 7678
[  3%]   step 7679
[  3%]   step 7680
[  3%]   step 7681
[  3%]   step 7682
[  3%]   step 7683
[  3%]   step 7684
[  3%]   step 7685
[  3%]   step 7686
[  3%]   step 7687
[  3%]   step 7688
[  3%]   step 7689
[  3%]   step 7690
[  3%]   step 7691
[  3%]   step 7692
[  3%]   step 7693
[  3%]   step 7694
[  3%]   step 7695
[  3%]   step 7696
[  3%]   step 7697
[  3%]   step 7698
[  3%]   step 7699
[  3%]   step 7700
[  3%]   step 7701
[  3%]   step 7702
[  3%]   step 7703
[  3%]   step 7704
[  3%]   step 7705
[  3%]   step 7706
[  3%]   step 7707
[  3%]   step 7708
[  3%]   step 7709
[  3%]   step 7710
[  3%]   step 7711
[  3%]   step 7712
[  3%]   step 7713
[  3%]   step 7714
[  3%]   step 7715
[  3%]   step 7716
[  3%]   step 7717
[  3%]   step 7718
[  3%]   step 7719
[  3%]   step 7720
[  3%]   step 7721
[  3%]   step 7722
[  3%]   step 7723
[  3%]   step 7724
[  3%]   step 7725
[  3%]   step 7726
[  3%]   step 7727
[  3%]   step 7728
[  3%]   step 7729
[  3%]   step 7730
[  3%]   step 7731
[  3%]   step 7732
[  3%]   step 7733
[  3%]   step 7734
[  3%]   step 7735
[  3%]   step 7736
[  3%]   step 7737
[  3%]   step 7738
[  3%]   step 7739
[  3%]   step 7740
[  3%]   step 7741
[  3%]   step 7742
[  3%]   step 7743
[  3%]   step 7744
[  3%]   step 7745
[  3%]   step 7746
[  3%]   step 7747
[  3%]   step 7748
[  3%]   step 7749
[  3%]   step 7750
[  3%]   step 7751
[  3%]   step 7752
[  3%]   step 7753
[  3%]   step 7754
[  3%]   step 7755
[  3%]   step 7756
[  3%]   step 7757
[  3%]   step 7758
[  3%]   step 7759
[  3%]   step 7760
[  3%]   step 7761
[  3%]   step 7762
[  3%]   step 7763
[  3%]   step 7764
[  3%]   step 7765
[  3%]   step 7766
[  3%]   step 7767
[  3%]   step 7768
[  3%]   step 7769
[  3%]   step 7770
[  3%]   step 7771
[  3%]   step 7772
[  3%]   step 7773
[  3%]   step 7774
[  3%]   step 7775
[  3%]   step 7776
[  3%]   step 7777
[  3%]   step 7778
[  3%]   step 7779
[  3%]   step 7780
[  3%]   step 7781
[  3%]   step 7782
[  3%]   step 7783
[  3%]   step 7784
[  3%]   step 7785
[  3%]   step 7786
[  3%]   step 7787
[  3%]   step 7788
[  3%]   step 7789
[  3%]   step 7790
[  3%]   step 7791
[  3%]   step 7792
[  3%]   step 7793
[  3%]   step 7794
[  3%]   step 7795
[  3%]   step 7796
[  3%]   step 7797
[  3%]   step 7798
[  3%]   step 7799
[  3%]   step 7800
[  3%]   step 7801
[  3%]   step 7802
[  3%]   step 7803
[  3%]   step 7804
[  3%]   step 7805
[  3%]   step 7806
[  3%]   step 7807
[  3%]   step 7808
[  3%]   step 7809
[  3%]   step 7810
[  3%]   step 7811
[  3%]   step 7812
[  3%]   step 7813
[  3%]   step 7814
[  3%]   step 7815
[  3%]   step 7816
[  3%]   step 7817
[  3%]   step 7818
[  3%]   step 7819
[  3%]   step 7820
[  3%]   step 7821
[  3%]   step 7822
[  3%]   step 7823
[  3%]   step 7824
[  3%]   step 7825
[  3%]   step 7826
[  3%]   step 7827
[  3%]   step 7828
[  3%]   step 7829
+SWASH is processing output request    1
+SWASH is processing output request    2
[  3%]   step 7830
[  3%]   step 7831
[  3%]   step 7832
[  3%]   step 7833
[  3%]   step 7834
[  3%]   step 7835
[  3%]   step 7836
[  3%]   step 7837
[  3%]   step 7838
[  3%]   step 7839
[  3%]   step 7840
[  3%]   step 7841
[  3%]   step 7842
[  3%]   step 7843
[  3%]   step 7844
[  3%]   step 7845
[  3%]   step 7846
[  3%]   step 7847
[  3%]   step 7848
[  3%]   step 7849
[  3%]   step 7850
[  3%]   step 7851
[  3%]   step 7852
[  3%]   step 7853
[  3%]   step 7854
[  3%]   step 7855
[  3%]   step 7856
[  3%]   step 7857
[  3%]   step 7858
[  3%]   step 7859
[  3%]   step 7860
[  3%]   step 7861
[  3%]   step 7862
[  3%]   step 7863
[  3%]   step 7864
[  3%]   step 7865
[  3%]   step 7866
[  3%]   step 7867
[  3%]   step 7868
[  3%]   step 7869
[  3%]   step 7870
[  3%]   step 7871
[  3%]   step 7872
[  3%]   step 7873
[  3%]   step 7874
[  3%]   step 7875
[  3%]   step 7876
[  3%]   step 7877
[  3%]   step 7878
[  3%]   step 7879
[  3%]   step 7880
[  3%]   step 7881
[  3%]   step 7882
[  3%]   step 7883
[  3%]   step 7884
[  3%]   step 7885
[  3%]   step 7886
[  3%]   step 7887
[  3%]   step 7888
[  3%]   step 7889
[  3%]   step 7890
[  3%]   step 7891
[  3%]   step 7892
[  3%]   step 7893
[  3%]   step 7894
[  3%]   step 7895
[  3%]   step 7896
[  3%]   step 7897
[  3%]   step 7898
[  3%]   step 7899
[  3%]   step 7900
[  3%]   step 7901
[  3%]   step 7902
[  3%]   step 7903
[  3%]   step 7904
[  3%]   step 7905
[  3%]   step 7906
[  3%]   step 7907
[  3%]   step 7908
[  3%]   step 7909
[  3%]   step 7910
[  3%]   step 7911
[  3%]   step 7912
[  3%]   step 7913
[  3%]   step 7914
[  3%]   step 7915
[  3%]   step 7916
[  3%]   step 7917
[  3%]   step 7918
[  3%]   step 7919
[  3%]   step 7920
[  3%]   step 7921
[  3%]   step 7922
[  3%]   step 7923
[  3%]   step 7924
[  3%]   step 7925
[  3%]   step 7926
[  3%]   step 7927
[  3%]   step 7928
[  3%]   step 7929
[  3%]   step 7930
[  3%]   step 7931
[  3%]   step 7932
[  3%]   step 7933
[  3%]   step 7934
[  3%]   step 7935
[  3%]   step 7936
[  3%]   step 7937
[  3%]   step 7938
[  3%]   step 7939
[  3%]   step 7940
[  3%]   step 7941
[  3%]   step 7942
[  3%]   step 7943
[  3%]   step 7944
[  3%]   step 7945
[  3%]   step 7946
[  3%]   step 7947
[  3%]   step 7948
[  3%]   step 7949
[  3%]   step 7950
[  3%]   step 7951
[  3%]   step 7952
[  3%]   step 7953
[  3%]   step 7954
[  3%]   step 7955
[  3%]   step 7956
[  3%]   step 7957
[  3%]   step 7958
[  3%]   step 7959
[  3%]   step 7960
[  3%]   step 7961
[  3%]   step 7962
[  3%]   step 7963
[  3%]   step 7964
[  3%]   step 7965
[  3%]   step 7966
[  3%]   step 7967
[  3%]   step 7968
[  3%]   step 7969
[  3%]   step 7970
[  3%]   step 7971
[  3%]   step 7972
[  3%]   step 7973
[  3%]   step 7974
[  3%]   step 7975
[  3%]   step 7976
[  3%]   step 7977
[  3%]   step 7978
[  3%]   step 7979
[  3%]   step 7980
[  3%]   step 7981
[  3%]   step 7982
[  3%]   step 7983
[  3%]   step 7984
[  3%]   step 7985
[  3%]   step 7986
[  3%]   step 7987
[  3%]   step 7988
[  3%]   step 7989
[  3%]   step 7990
[  3%]   step 7991
[  3%]   step 7992
[  3%]   step 7993
[  3%]   step 7994
[  3%]   step 7995
[  3%]   step 7996
[  3%]   step 7997
[  3%]   step 7998
[  3%]   step 7999
[  3%]   step 8000
[  3%]   step 8001
[  3%]   step 8002
[  3%]   step 8003
[  3%]   step 8004
[  3%]   step 8005
[  3%]   step 8006
[  3%]   step 8007
[  3%]   step 8008
[  3%]   step 8009
[  3%]   step 8010
[  3%]   step 8011
[  3%]   step 8012
[  3%]   step 8013
[  3%]   step 8014
[  3%]   step 8015
[  3%]   step 8016
[  3%]   step 8017
[  3%]   step 8018
[  3%]   step 8019
[  3%]   step 8020
[  3%]   step 8021
[  3%]   step 8022
[  3%]   step 8023
[  3%]   step 8024
[  3%]   step 8025
[  3%]   step 8026
[  3%]   step 8027
[  3%]   step 8028
[  3%]   step 8029
[  3%]   step 8030
[  3%]   step 8031
[  3%]   step 8032
[  3%]   step 8033
[  3%]   step 8034
[  3%]   step 8035
[  3%]   step 8036
[  3%]   step 8037
[  3%]   step 8038
[  3%]   step 8039
[  3%]   step 8040
[  3%]   step 8041
[  3%]   step 8042
[  3%]   step 8043
[  3%]   step 8044
[  3%]   step 8045
[  3%]   step 8046
[  3%]   step 8047
[  3%]   step 8048
[  3%]   step 8049
[  3%]   step 8050
[  3%]   step 8051
[  3%]   step 8052
[  3%]   step 8053
[  3%]   step 8054
[  3%]   step 8055
[  3%]   step 8056
[  3%]   step 8057
[  3%]   step 8058
[  3%]   step 8059
[  3%]   step 8060
[  3%]   step 8061
[  3%]   step 8062
[  3%]   step 8063
[  3%]   step 8064
[  3%]   step 8065
[  3%]   step 8066
[  3%]   step 8067
[  3%]   step 8068
[  3%]   step 8069
[  3%]   step 8070
[  3%]   step 8071
[  3%]   step 8072
[  3%]   step 8073
[  3%]   step 8074
[  3%]   step 8075
[  3%]   step 8076
[  3%]   step 8077
[  3%]   step 8078
[  3%]   step 8079
[  3%]   step 8080
[  3%]   step 8081
[  3%]   step 8082
[  3%]   step 8083
[  3%]   step 8084
[  3%]   step 8085
[  3%]   step 8086
[  3%]   step 8087
[  3%]   step 8088
[  3%]   step 8089
[  3%]   step 8090
[  3%]   step 8091
[  3%]   step 8092
[  3%]   step 8093
[  3%]   step 8094
[  3%]   step 8095
[  3%]   step 8096
[  3%]   step 8097
[  3%]   step 8098
[  3%]   step 8099
[  3%]   step 8100
[  3%]   step 8101
[  3%]   step 8102
[  3%]   step 8103
[  3%]   step 8104
[  3%]   step 8105
[  3%]   step 8106
[  3%]   step 8107
[  3%]   step 8108
[  3%]   step 8109
[  3%]   step 8110
[  3%]   step 8111
[  3%]   step 8112
[  3%]   step 8113
[  3%]   step 8114
[  3%]   step 8115
[  3%]   step 8116
[  3%]   step 8117
[  3%]   step 8118
[  3%]   step 8119
[  3%]   step 8120
[  3%]   step 8121
[  3%]   step 8122
[  3%]   step 8123
[  3%]   step 8124
[  3%]   step 8125
[  3%]   step 8126
[  3%]   step 8127
[  3%]   step 8128
[  3%]   step 8129
[  3%]   step 8130
[  3%]   step 8131
[  3%]   step 8132
[  3%]   step 8133
[  3%]   step 8134
[  3%]   step 8135
[  3%]   step 8136
[  3%]   step 8137
[  3%]   step 8138
[  3%]   step 8139
[  3%]   step 8140
[  3%]   step 8141
[  3%]   step 8142
[  3%]   step 8143
[  3%]   step 8144
[  3%]   step 8145
[  3%]   step 8146
[  3%]   step 8147
[  3%]   step 8148
[  3%]   step 8149
[  3%]   step 8150
[  3%]   step 8151
[  3%]   step 8152
[  3%]   step 8153
[  3%]   step 8154
[  3%]   step 8155
[  3%]   step 8156
[  3%]   step 8157
[  3%]   step 8158
[  3%]   step 8159
[  3%]   step 8160
[  3%]   step 8161
[  3%]   step 8162
[  3%]   step 8163
[  3%]   step 8164
[  3%]   step 8165
[  3%]   step 8166
[  3%]   step 8167
[  3%]   step 8168
[  3%]   step 8169
[  3%]   step 8170
[  3%]   step 8171
[  3%]   step 8172
[  3%]   step 8173
[  3%]   step 8174
[  3%]   step 8175
[  3%]   step 8176
[  3%]   step 8177
[  3%]   step 8178
[  3%]   step 8179
[  3%]   step 8180
[  3%]   step 8181
[  3%]   step 8182
[  3%]   step 8183
[  3%]   step 8184
[  3%]   step 8185
[  3%]   step 8186
[  3%]   step 8187
[  3%]   step 8188
[  3%]   step 8189
[  3%]   step 8190
[  3%]   step 8191
[  3%]   step 8192
[  3%]   step 8193
[  3%]   step 8194
[  3%]   step 8195
[  3%]   step 8196
[  3%]   step 8197
[  3%]   step 8198
[  3%]   step 8199
[  3%]   step 8200
[  3%]   step 8201
[  3%]   step 8202
[  3%]   step 8203
[  3%]   step 8204
[  3%]   step 8205
[  3%]   step 8206
[  3%]   step 8207
[  3%]   step 8208
[  3%]   step 8209
[  3%]   step 8210
[  3%]   step 8211
[  3%]   step 8212
[  3%]   step 8213
[  3%]   step 8214
[  3%]   step 8215
[  3%]   step 8216
[  3%]   step 8217
[  3%]   step 8218
[  3%]   step 8219
[  3%]   step 8220
+SWASH is processing output request    1
+SWASH is processing output request    2
[  3%]   step 8221
[  3%]   step 8222
[  3%]   step 8223
[  3%]   step 8224
[  3%]   step 8225
[  3%]   step 8226
[  3%]   step 8227
[  3%]   step 8228
[  3%]   step 8229
[  3%]   step 8230
[  3%]   step 8231
[  3%]   step 8232
[  3%]   step 8233
[  3%]   step 8234
[  3%]   step 8235
[  3%]   step 8236
[  3%]   step 8237
[  3%]   step 8238
[  3%]   step 8239
[  3%]   step 8240
[  3%]   step 8241
[  3%]   step 8242
[  3%]   step 8243
[  3%]   step 8244
[  3%]   step 8245
[  3%]   step 8246
[  3%]   step 8247
[  3%]   step 8248
[  3%]   step 8249
[  3%]   step 8250
[  3%]   step 8251
[  3%]   step 8252
[  3%]   step 8253
[  3%]   step 8254
[  3%]   step 8255
[  3%]   step 8256
[  3%]   step 8257
[  3%]   step 8258
[  3%]   step 8259
[  3%]   step 8260
[  3%]   step 8261
[  3%]   step 8262
[  3%]   step 8263
[  3%]   step 8264
[  3%]   step 8265
[  3%]   step 8266
[  3%]   step 8267
[  3%]   step 8268
[  3%]   step 8269
[  3%]   step 8270
[  3%]   step 8271
[  3%]   step 8272
[  3%]   step 8273
[  3%]   step 8274
[  3%]   step 8275
[  3%]   step 8276
[  3%]   step 8277
[  3%]   step 8278
[  3%]   step 8279
[  3%]   step 8280
[  3%]   step 8281
[  3%]   step 8282
[  3%]   step 8283
[  3%]   step 8284
[  3%]   step 8285
[  3%]   step 8286
[  3%]   step 8287
[  3%]   step 8288
[  3%]   step 8289
[  3%]   step 8290
[  3%]   step 8291
[  3%]   step 8292
[  3%]   step 8293
[  3%]   step 8294
[  3%]   step 8295
[  3%]   step 8296
[  3%]   step 8297
[  3%]   step 8298
[  3%]   step 8299
[  3%]   step 8300
[  3%]   step 8301
[  3%]   step 8302
[  3%]   step 8303
[  3%]   step 8304
[  3%]   step 8305
[  3%]   step 8306
[  3%]   step 8307
[  3%]   step 8308
[  3%]   step 8309
[  3%]   step 8310
[  3%]   step 8311
[  3%]   step 8312
[  3%]   step 8313
[  3%]   step 8314
[  3%]   step 8315
[  3%]   step 8316
[  3%]   step 8317
[  3%]   step 8318
[  3%]   step 8319
[  3%]   step 8320
[  3%]   step 8321
[  3%]   step 8322
[  3%]   step 8323
[  3%]   step 8324
[  3%]   step 8325
[  3%]   step 8326
[  3%]   step 8327
[  3%]   step 8328
[  3%]   step 8329
[  3%]   step 8330
[  3%]   step 8331
[  3%]   step 8332
[  3%]   step 8333
[  3%]   step 8334
[  3%]   step 8335
[  3%]   step 8336
[  3%]   step 8337
[  3%]   step 8338
[  3%]   step 8339
[  3%]   step 8340
[  3%]   step 8341
[  3%]   step 8342
[  3%]   step 8343
[  3%]   step 8344
[  3%]   step 8345
[  3%]   step 8346
[  3%]   step 8347
[  3%]   step 8348
[  3%]   step 8349
[  3%]   step 8350
[  3%]   step 8351
[  3%]   step 8352
[  3%]   step 8353
[  3%]   step 8354
[  3%]   step 8355
[  3%]   step 8356
[  3%]   step 8357
[  3%]   step 8358
[  3%]   step 8359
[  3%]   step 8360
[  3%]   step 8361
[  3%]   step 8362
[  3%]   step 8363
[  3%]   step 8364
[  3%]   step 8365
[  3%]   step 8366
[  3%]   step 8367
[  3%]   step 8368
[  3%]   step 8369
[  3%]   step 8370
[  3%]   step 8371
[  3%]   step 8372
[  3%]   step 8373
[  3%]   step 8374
[  3%]   step 8375
[  3%]   step 8376
[  3%]   step 8377
[  3%]   step 8378
[  3%]   step 8379
[  3%]   step 8380
[  3%]   step 8381
[  3%]   step 8382
[  3%]   step 8383
[  3%]   step 8384
[  3%]   step 8385
[  3%]   step 8386
[  3%]   step 8387
[  3%]   step 8388
[  3%]   step 8389
[  3%]   step 8390
[  3%]   step 8391
[  3%]   step 8392
[  3%]   step 8393
[  3%]   step 8394
[  3%]   step 8395
[  3%]   step 8396
[  3%]   step 8397
[  3%]   step 8398
[  3%]   step 8399
[  3%]   step 8400
[  3%]   step 8401
[  3%]   step 8402
[  3%]   step 8403
[  3%]   step 8404
[  3%]   step 8405
[  3%]   step 8406
[  3%]   step 8407
[  3%]   step 8408
[  3%]   step 8409
[  3%]   step 8410
[  3%]   step 8411
[  3%]   step 8412
[  3%]   step 8413
[  3%]   step 8414
[  3%]   step 8415
[  3%]   step 8416
[  3%]   step 8417
[  3%]   step 8418
[  3%]   step 8419
[  3%]   step 8420
[  3%]   step 8421
[  3%]   step 8422
[  3%]   step 8423
[  3%]   step 8424
[  3%]   step 8425
[  3%]   step 8426
[  3%]   step 8427
[  3%]   step 8428
[  3%]   step 8429
[  3%]   step 8430
[  3%]   step 8431
[  3%]   step 8432
[  3%]   step 8433
[  3%]   step 8434
[  3%]   step 8435
[  3%]   step 8436
[  3%]   step 8437
[  3%]   step 8438
[  3%]   step 8439
[  3%]   step 8440
[  3%]   step 8441
[  3%]   step 8442
[  3%]   step 8443
[  3%]   step 8444
[  3%]   step 8445
[  3%]   step 8446
[  3%]   step 8447
[  3%]   step 8448
[  3%]   step 8449
[  3%]   step 8450
[  3%]   step 8451
[  3%]   step 8452
[  3%]   step 8453
[  3%]   step 8454
[  3%]   step 8455
[  3%]   step 8456
[  3%]   step 8457
[  3%]   step 8458
[  3%]   step 8459
[  3%]   step 8460
[  3%]   step 8461
[  3%]   step 8462
[  3%]   step 8463
[  3%]   step 8464
[  3%]   step 8465
[  3%]   step 8466
[  3%]   step 8467
[  3%]   step 8468
[  3%]   step 8469
[  3%]   step 8470
[  3%]   step 8471
[  3%]   step 8472
[  3%]   step 8473
[  3%]   step 8474
[  3%]   step 8475
[  3%]   step 8476
[  3%]   step 8477
[  3%]   step 8478
[  3%]   step 8479
[  3%]   step 8480
[  3%]   step 8481
[  3%]   step 8482
[  3%]   step 8483
[  3%]   step 8484
[  3%]   step 8485
[  3%]   step 8486
[  3%]   step 8487
[  3%]   step 8488
[  3%]   step 8489
[  3%]   step 8490
[  3%]   step 8491
[  3%]   step 8492
[  3%]   step 8493
[  3%]   step 8494
[  3%]   step 8495
[  3%]   step 8496
[  3%]   step 8497
[  3%]   step 8498
[  3%]   step 8499
[  3%]   step 8500
[  3%]   step 8501
[  3%]   step 8502
[  3%]   step 8503
[  3%]   step 8504
[  3%]   step 8505
[  3%]   step 8506
[  3%]   step 8507
[  3%]   step 8508
[  3%]   step 8509
[  3%]   step 8510
[  3%]   step 8511
[  3%]   step 8512
[  3%]   step 8513
[  3%]   step 8514
[  3%]   step 8515
[  3%]   step 8516
[  3%]   step 8517
[  3%]   step 8518
[  3%]   step 8519
[  3%]   step 8520
[  3%]   step 8521
[  3%]   step 8522
[  3%]   step 8523
[  3%]   step 8524
[  3%]   step 8525
[  3%]   step 8526
[  3%]   step 8527
[  3%]   step 8528
[  3%]   step 8529
[  3%]   step 8530
[  3%]   step 8531
[  3%]   step 8532
[  3%]   step 8533
[  3%]   step 8534
[  3%]   step 8535
[  3%]   step 8536
[  3%]   step 8537
[  3%]   step 8538
[  3%]   step 8539
[  3%]   step 8540
[  3%]   step 8541
[  3%]   step 8542
[  3%]   step 8543
[  3%]   step 8544
[  3%]   step 8545
[  3%]   step 8546
[  3%]   step 8547
[  3%]   step 8548
[  3%]   step 8549
[  3%]   step 8550
[  3%]   step 8551
[  3%]   step 8552
[  3%]   step 8553
[  3%]   step 8554
[  3%]   step 8555
[  3%]   step 8556
[  3%]   step 8557
[  3%]   step 8558
[  3%]   step 8559
[  3%]   step 8560
[  3%]   step 8561
[  3%]   step 8562
[  3%]   step 8563
[  3%]   step 8564
[  3%]   step 8565
[  3%]   step 8566
[  3%]   step 8567
[  3%]   step 8568
[  3%]   step 8569
[  3%]   step 8570
[  3%]   step 8571
[  3%]   step 8572
[  3%]   step 8573
[  3%]   step 8574
[  3%]   step 8575
[  3%]   step 8576
[  3%]   step 8577
[  3%]   step 8578
[  3%]   step 8579
[  3%]   step 8580
[  3%]   step 8581
[  3%]   step 8582
[  3%]   step 8583
[  3%]   step 8584
[  3%]   step 8585
[  3%]   step 8586
[  3%]   step 8587
[  3%]   step 8588
[  3%]   step 8589
[  3%]   step 8590
[  3%]   step 8591
[  3%]   step 8592
[  3%]   step 8593
[  3%]   step 8594
[  3%]   step 8595
[  3%]   step 8596
[  3%]   step 8597
[  3%]   step 8598
[  3%]   step 8599
[  3%]   step 8600
[  3%]   step 8601
[  3%]   step 8602
[  3%]   step 8603
[  3%]   step 8604
[  3%]   step 8605
[  3%]   step 8606
[  3%]   step 8607
[  3%]   step 8608
[  3%]   step 8609
[  3%]   step 8610
[  3%]   step 8611
[  3%]   step 8612
+SWASH is processing output request    1
+SWASH is processing output request    2
[  3%]   step 8613
[  3%]   step 8614
[  3%]   step 8615
[  3%]   step 8616
[  3%]   step 8617
[  3%]   step 8618
[  3%]   step 8619
[  3%]   step 8620
[  3%]   step 8621
[  3%]   step 8622
[  3%]   step 8623
[  3%]   step 8624
[  3%]   step 8625
[  3%]   step 8626
[  3%]   step 8627
[  3%]   step 8628
[  3%]   step 8629
[  3%]   step 8630
[  3%]   step 8631
[  3%]   step 8632
[  3%]   step 8633
[  3%]   step 8634
[  3%]   step 8635
[  3%]   step 8636
[  3%]   step 8637
[  3%]   step 8638
[  3%]   step 8639
[  3%]   step 8640
[  3%]   step 8641
[  3%]   step 8642
[  3%]   step 8643
[  3%]   step 8644
[  3%]   step 8645
[  3%]   step 8646
[  3%]   step 8647
[  3%]   step 8648
[  3%]   step 8649
[  3%]   step 8650
[  3%]   step 8651
[  3%]   step 8652
[  3%]   step 8653
[  3%]   step 8654
[  3%]   step 8655
[  3%]   step 8656
[  3%]   step 8657
[  3%]   step 8658
[  3%]   step 8659
[  3%]   step 8660
[  3%]   step 8661
[  3%]   step 8662
[  3%]   step 8663
[  3%]   step 8664
[  3%]   step 8665
[  3%]   step 8666
[  3%]   step 8667
[  3%]   step 8668
[  3%]   step 8669
[  3%]   step 8670
[  3%]   step 8671
[  3%]   step 8672
[  3%]   step 8673
[  3%]   step 8674
[  3%]   step 8675
[  3%]   step 8676
[  3%]   step 8677
[  3%]   step 8678
[  3%]   step 8679
[  3%]   step 8680
[  3%]   step 8681
[  3%]   step 8682
[  3%]   step 8683
[  3%]   step 8684
[  3%]   step 8685
[  3%]   step 8686
[  3%]   step 8687
[  3%]   step 8688
[  3%]   step 8689
[  3%]   step 8690
[  3%]   step 8691
[  3%]   step 8692
[  3%]   step 8693
[  3%]   step 8694
[  3%]   step 8695
[  3%]   step 8696
[  3%]   step 8697
[  3%]   step 8698
[  3%]   step 8699
[  3%]   step 8700
[  3%]   step 8701
[  3%]   step 8702
[  3%]   step 8703
[  3%]   step 8704
[  3%]   step 8705
[  3%]   step 8706
[  3%]   step 8707
[  3%]   step 8708
[  3%]   step 8709
[  3%]   step 8710
[  3%]   step 8711
[  3%]   step 8712
[  3%]   step 8713
[  3%]   step 8714
[  3%]   step 8715
[  3%]   step 8716
[  3%]   step 8717
[  3%]   step 8718
[  3%]   step 8719
[  3%]   step 8720
[  3%]   step 8721
[  3%]   step 8722
[  3%]   step 8723
[  3%]   step 8724
[  3%]   step 8725
[  3%]   step 8726
[  3%]   step 8727
[  3%]   step 8728
[  3%]   step 8729
[  3%]   step 8730
[  3%]   step 8731
[  3%]   step 8732
[  3%]   step 8733
[  3%]   step 8734
[  3%]   step 8735
[  3%]   step 8736
[  3%]   step 8737
[  3%]   step 8738
[  3%]   step 8739
[  3%]   step 8740
[  3%]   step 8741
[  3%]   step 8742
[  3%]   step 8743
[  3%]   step 8744
[  3%]   step 8745
[  3%]   step 8746
[  3%]   step 8747
[  3%]   step 8748
[  3%]   step 8749
[  3%]   step 8750
[  3%]   step 8751
[  3%]   step 8752
[  3%]   step 8753
[  3%]   step 8754
[  3%]   step 8755
[  3%]   step 8756
[  3%]   step 8757
[  3%]   step 8758
[  3%]   step 8759
[  3%]   step 8760
[  3%]   step 8761
[  3%]   step 8762
[  3%]   step 8763
[  3%]   step 8764
[  3%]   step 8765
[  3%]   step 8766
[  3%]   step 8767
[  3%]   step 8768
[  3%]   step 8769
[  3%]   step 8770
[  3%]   step 8771
[  3%]   step 8772
[  3%]   step 8773
[  3%]   step 8774
[  3%]   step 8775
[  3%]   step 8776
[  3%]   step 8777
[  3%]   step 8778
[  3%]   step 8779
[  3%]   step 8780
[  3%]   step 8781
[  3%]   step 8782
[  3%]   step 8783
[  3%]   step 8784
[  3%]   step 8785
[  3%]   step 8786
[  3%]   step 8787
[  3%]   step 8788
[  3%]   step 8789
[  3%]   step 8790
[  3%]   step 8791
[  3%]   step 8792
[  3%]   step 8793
[  3%]   step 8794
[  3%]   step 8795
[  3%]   step 8796
[  3%]   step 8797
[  3%]   step 8798
[  3%]   step 8799
[  3%]   step 8800
[  3%]   step 8801
[  3%]   step 8802
[  3%]   step 8803
[  3%]   step 8804
[  3%]   step 8805
[  3%]   step 8806
[  3%]   step 8807
[  3%]   step 8808
[  3%]   step 8809
[  3%]   step 8810
[  3%]   step 8811
[  3%]   step 8812
[  3%]   step 8813
[  3%]   step 8814
[  3%]   step 8815
[  3%]   step 8816
[  3%]   step 8817
[  3%]   step 8818
[  3%]   step 8819
[  3%]   step 8820
[  3%]   step 8821
[  3%]   step 8822
[  3%]   step 8823
[  3%]   step 8824
[  3%]   step 8825
[  3%]   step 8826
[  3%]   step 8827
[  3%]   step 8828
[  3%]   step 8829
[  3%]   step 8830
[  3%]   step 8831
[  3%]   step 8832
[  3%]   step 8833
[  3%]   step 8834
[  3%]   step 8835
[  3%]   step 8836
[  3%]   step 8837
[  3%]   step 8838
[  3%]   step 8839
[  3%]   step 8840
[  3%]   step 8841
[  3%]   step 8842
[  3%]   step 8843
[  3%]   step 8844
[  3%]   step 8845
[  3%]   step 8846
[  3%]   step 8847
[  3%]   step 8848
[  3%]   step 8849
[  3%]   step 8850
[  3%]   step 8851
[  3%]   step 8852
[  3%]   step 8853
[  3%]   step 8854
[  3%]   step 8855
[  3%]   step 8856
[  3%]   step 8857
[  3%]   step 8858
[  3%]   step 8859
[  3%]   step 8860
[  3%]   step 8861
[  3%]   step 8862
[  3%]   step 8863
[  3%]   step 8864
[  3%]   step 8865
[  3%]   step 8866
[  3%]   step 8867
[  3%]   step 8868
[  3%]   step 8869
[  3%]   step 8870
[  3%]   step 8871
[  3%]   step 8872
[  3%]   step 8873
[  3%]   step 8874
[  3%]   step 8875
[  3%]   step 8876
[  3%]   step 8877
[  3%]   step 8878
[  3%]   step 8879
[  3%]   step 8880
[  3%]   step 8881
[  3%]   step 8882
[  3%]   step 8883
[  3%]   step 8884
[  3%]   step 8885
[  3%]   step 8886
[  3%]   step 8887
[  3%]   step 8888
[  3%]   step 8889
[  3%]   step 8890
[  3%]   step 8891
[  3%]   step 8892
[  3%]   step 8893
[  3%]   step 8894
[  3%]   step 8895
[  3%]   step 8896
[  3%]   step 8897
[  3%]   step 8898
[  3%]   step 8899
[  3%]   step 8900
[  3%]   step 8901
[  3%]   step 8902
[  3%]   step 8903
[  3%]   step 8904
[  3%]   step 8905
[  3%]   step 8906
[  3%]   step 8907
[  3%]   step 8908
[  3%]   step 8909
[  3%]   step 8910
[  3%]   step 8911
[  3%]   step 8912
[  3%]   step 8913
[  3%]   step 8914
[  3%]   step 8915
[  3%]   step 8916
[  3%]   step 8917
[  3%]   step 8918
[  3%]   step 8919
[  3%]   step 8920
[  3%]   step 8921
[  3%]   step 8922
[  3%]   step 8923
[  3%]   step 8924
[  3%]   step 8925
[  3%]   step 8926
[  3%]   step 8927
[  3%]   step 8928
[  3%]   step 8929
[  3%]   step 8930
[  3%]   step 8931
[  3%]   step 8932
[  3%]   step 8933
[  3%]   step 8934
[  3%]   step 8935
[  3%]   step 8936
[  3%]   step 8937
[  3%]   step 8938
[  3%]   step 8939
[  3%]   step 8940
[  3%]   step 8941
[  3%]   step 8942
[  3%]   step 8943
[  3%]   step 8944
[  3%]   step 8945
[  3%]   step 8946
[  3%]   step 8947
[  3%]   step 8948
[  3%]   step 8949
[  3%]   step 8950
[  3%]   step 8951
[  3%]   step 8952
[  3%]   step 8953
[  3%]   step 8954
[  3%]   step 8955
[  3%]   step 8956
[  3%]   step 8957
[  3%]   step 8958
[  3%]   step 8959
[  3%]   step 8960
[  3%]   step 8961
[  3%]   step 8962
[  3%]   step 8963
[  3%]   step 8964
[  3%]   step 8965
[  3%]   step 8966
[  3%]   step 8967
[  3%]   step 8968
[  3%]   step 8969
[  3%]   step 8970
[  3%]   step 8971
[  3%]   step 8972
[  3%]   step 8973
[  3%]   step 8974
[  3%]   step 8975
[  3%]   step 8976
[  3%]   step 8977
[  3%]   step 8978
[  3%]   step 8979
[  3%]   step 8980
[  3%]   step 8981
[  3%]   step 8982
[  3%]   step 8983
[  3%]   step 8984
[  3%]   step 8985
[  3%]   step 8986
[  3%]   step 8987
[  3%]   step 8988
[  3%]   step 8989
[  3%]   step 8990
[  3%]   step 8991
[  3%]   step 8992
[  3%]   step 8993
[  3%]   step 8994
[  3%]   step 8995
[  3%]   step 8996
[  3%]   step 8997
[  3%]   step 8998
[  3%]   step 8999
[  3%]   step 9000
[  3%]   step 9001
[  3%]   step 9002
[  3%]   step 9003
+SWASH is processing output request    1
+SWASH is processing output request    2
[  3%]   step 9004
[  3%]   step 9005
[  3%]   step 9006
[  3%]   step 9007
[  3%]   step 9008
[  3%]   step 9009
[  3%]   step 9010
[  3%]   step 9011
[  3%]   step 9012
[  3%]   step 9013
[  3%]   step 9014
[  3%]   step 9015
[  3%]   step 9016
[  3%]   step 9017
[  3%]   step 9018
[  3%]   step 9019
[  3%]   step 9020
[  3%]   step 9021
[  3%]   step 9022
[  3%]   step 9023
[  3%]   step 9024
[  3%]   step 9025
[  3%]   step 9026
[  3%]   step 9027
[  3%]   step 9028
[  3%]   step 9029
[  3%]   step 9030
[  3%]   step 9031
[  3%]   step 9032
[  3%]   step 9033
[  3%]   step 9034
[  3%]   step 9035
[  3%]   step 9036
[  3%]   step 9037
[  3%]   step 9038
[  3%]   step 9039
[  3%]   step 9040
[  3%]   step 9041
[  3%]   step 9042
[  3%]   step 9043
[  3%]   step 9044
[  3%]   step 9045
[  3%]   step 9046
[  3%]   step 9047
[  3%]   step 9048
[  3%]   step 9049
[  3%]   step 9050
[  3%]   step 9051
[  3%]   step 9052
[  3%]   step 9053
[  3%]   step 9054
[  3%]   step 9055
[  3%]   step 9056
[  3%]   step 9057
[  3%]   step 9058
[  3%]   step 9059
[  3%]   step 9060
[  3%]   step 9061
[  3%]   step 9062
[  3%]   step 9063
[  3%]   step 9064
[  3%]   step 9065
[  3%]   step 9066
[  3%]   step 9067
[  3%]   step 9068
[  3%]   step 9069
[  3%]   step 9070
[  3%]   step 9071
[  3%]   step 9072
[  3%]   step 9073
[  3%]   step 9074
[  3%]   step 9075
[  3%]   step 9076
[  3%]   step 9077
[  3%]   step 9078
[  3%]   step 9079
[  3%]   step 9080
[  3%]   step 9081
[  3%]   step 9082
[  3%]   step 9083
[  3%]   step 9084
[  3%]   step 9085
[  3%]   step 9086
[  3%]   step 9087
[  3%]   step 9088
[  3%]   step 9089
[  3%]   step 9090
[  3%]   step 9091
[  3%]   step 9092
[  3%]   step 9093
[  3%]   step 9094
[  3%]   step 9095
[  3%]   step 9096
[  3%]   step 9097
[  3%]   step 9098
[  3%]   step 9099
[  3%]   step 9100
[  3%]   step 9101
[  3%]   step 9102
[  3%]   step 9103
[  3%]   step 9104
[  3%]   step 9105
[  3%]   step 9106
[  3%]   step 9107
[  3%]   step 9108
[  3%]   step 9109
[  3%]   step 9110
[  3%]   step 9111
[  3%]   step 9112
[  3%]   step 9113
[  3%]   step 9114
[  3%]   step 9115
[  3%]   step 9116
[  3%]   step 9117
[  3%]   step 9118
[  3%]   step 9119
[  3%]   step 9120
[  3%]   step 9121
[  3%]   step 9122
[  3%]   step 9123
[  3%]   step 9124
[  3%]   step 9125
[  3%]   step 9126
[  3%]   step 9127
[  3%]   step 9128
[  3%]   step 9129
[  3%]   step 9130
[  3%]   step 9131
[  3%]   step 9132
[  3%]   step 9133
[  3%]   step 9134
[  3%]   step 9135
[  3%]   step 9136
[  3%]   step 9137
[  3%]   step 9138
[  3%]   step 9139
[  3%]   step 9140
[  3%]   step 9141
[  3%]   step 9142
[  3%]   step 9143
[  3%]   step 9144
[  3%]   step 9145
[  3%]   step 9146
[  3%]   step 9147
[  3%]   step 9148
[  3%]   step 9149
[  3%]   step 9150
[  3%]   step 9151
[  3%]   step 9152
[  3%]   step 9153
[  3%]   step 9154
[  3%]   step 9155
[  3%]   step 9156
[  3%]   step 9157
[  3%]   step 9158
[  3%]   step 9159
[  3%]   step 9160
[  3%]   step 9161
[  3%]   step 9162
[  3%]   step 9163
[  3%]   step 9164
[  3%]   step 9165
[  3%]   step 9166
[  3%]   step 9167
[  3%]   step 9168
[  3%]   step 9169
[  3%]   step 9170
[  3%]   step 9171
[  3%]   step 9172
[  3%]   step 9173
[  3%]   step 9174
[  3%]   step 9175
[  3%]   step 9176
[  3%]   step 9177
[  3%]   step 9178
[  3%]   step 9179
[  3%]   step 9180
[  3%]   step 9181
[  3%]   step 9182
[  3%]   step 9183
[  3%]   step 9184
[  3%]   step 9185
[  3%]   step 9186
[  3%]   step 9187
[  3%]   step 9188
[  3%]   step 9189
[  3%]   step 9190
[  3%]   step 9191
[  3%]   step 9192
[  3%]   step 9193
[  3%]   step 9194
[  3%]   step 9195
[  3%]   step 9196
[  3%]   step 9197
[  3%]   step 9198
[  3%]   step 9199
[  3%]   step 9200
[  3%]   step 9201
[  3%]   step 9202
[  3%]   step 9203
[  3%]   step 9204
[  3%]   step 9205
[  3%]   step 9206
[  3%]   step 9207
[  3%]   step 9208
[  3%]   step 9209
[  3%]   step 9210
[  3%]   step 9211
[  3%]   step 9212
[  3%]   step 9213
[  3%]   step 9214
[  3%]   step 9215
[  3%]   step 9216
[  3%]   step 9217
[  3%]   step 9218
[  3%]   step 9219
[  3%]   step 9220
[  3%]   step 9221
[  3%]   step 9222
[  3%]   step 9223
[  3%]   step 9224
[  3%]   step 9225
[  3%]   step 9226
[  3%]   step 9227
[  3%]   step 9228
[  3%]   step 9229
[  3%]   step 9230
[  3%]   step 9231
[  3%]   step 9232
[  3%]   step 9233
[  3%]   step 9234
[  3%]   step 9235
[  3%]   step 9236
[  3%]   step 9237
[  3%]   step 9238
[  3%]   step 9239
[  3%]   step 9240
[  3%]   step 9241
[  3%]   step 9242
[  3%]   step 9243
[  3%]   step 9244
[  3%]   step 9245
[  3%]   step 9246
[  3%]   step 9247
[  3%]   step 9248
[  3%]   step 9249
[  3%]   step 9250
[  3%]   step 9251
[  3%]   step 9252
[  3%]   step 9253
[  3%]   step 9254
[  3%]   step 9255
[  3%]   step 9256
[  3%]   step 9257
[  3%]   step 9258
[  3%]   step 9259
[  3%]   step 9260
[  3%]   step 9261
[  3%]   step 9262
[  3%]   step 9263
[  3%]   step 9264
[  3%]   step 9265
[  3%]   step 9266
[  3%]   step 9267
[  3%]   step 9268
[  3%]   step 9269
[  3%]   step 9270
[  3%]   step 9271
[  3%]   step 9272
[  3%]   step 9273
[  3%]   step 9274
[  3%]   step 9275
[  3%]   step 9276
[  3%]   step 9277
[  3%]   step 9278
[  3%]   step 9279
[  3%]   step 9280
[  3%]   step 9281
[  3%]   step 9282
[  3%]   step 9283
[  3%]   step 9284
[  3%]   step 9285
[  3%]   step 9286
[  3%]   step 9287
[  3%]   step 9288
[  3%]   step 9289
[  3%]   step 9290
[  3%]   step 9291
[  3%]   step 9292
[  3%]   step 9293
[  3%]   step 9294
[  3%]   step 9295
[  3%]   step 9296
[  3%]   step 9297
[  3%]   step 9298
[  3%]   step 9299
[  3%]   step 9300
[  3%]   step 9301
[  3%]   step 9302
[  3%]   step 9303
[  3%]   step 9304
[  3%]   step 9305
[  3%]   step 9306
[  3%]   step 9307
[  3%]   step 9308
[  3%]   step 9309
[  3%]   step 9310
[  3%]   step 9311
[  3%]   step 9312
[  3%]   step 9313
[  3%]   step 9314
[  3%]   step 9315
[  3%]   step 9316
[  3%]   step 9317
[  3%]   step 9318
[  3%]   step 9319
[  3%]   step 9320
[  3%]   step 9321
[  3%]   step 9322
[  3%]   step 9323
[  3%]   step 9324
[  3%]   step 9325
[  3%]   step 9326
[  3%]   step 9327
[  3%]   step 9328
[  3%]   step 9329
[  3%]   step 9330
[  3%]   step 9331
[  3%]   step 9332
[  3%]   step 9333
[  3%]   step 9334
[  3%]   step 9335
[  3%]   step 9336
[  3%]   step 9337
[  3%]   step 9338
[  3%]   step 9339
[  3%]   step 9340
[  3%]   step 9341
[  3%]   step 9342
[  3%]   step 9343
[  3%]   step 9344
[  3%]   step 9345
[  3%]   step 9346
[  3%]   step 9347
[  3%]   step 9348
[  3%]   step 9349
[  3%]   step 9350
[  3%]   step 9351
[  3%]   step 9352
[  3%]   step 9353
[  3%]   step 9354
[  3%]   step 9355
[  3%]   step 9356
[  3%]   step 9357
[  3%]   step 9358
[  3%]   step 9359
[  3%]   step 9360
[  3%]   step 9361
[  3%]   step 9362
[  3%]   step 9363
[  3%]   step 9364
[  3%]   step 9365
[  3%]   step 9366
[  3%]   step 9367
[  3%]   step 9368
[  3%]   step 9369
[  3%]   step 9370
[  3%]   step 9371
[  3%]   step 9372
[  3%]   step 9373
[  3%]   step 9374
[  3%]   step 9375
[  3%]   step 9376
[  3%]   step 9377
[  3%]   step 9378
[  3%]   step 9379
[  3%]   step 9380
[  3%]   step 9381
[  3%]   step 9382
[  3%]   step 9383
[  3%]   step 9384
[  3%]   step 9385
[  3%]   step 9386
[  3%]   step 9387
[  3%]   step 9388
[  3%]   step 9389
[  3%]   step 9390
[  3%]   step 9391
[  3%]   step 9392
[  3%]   step 9393
[  3%]   step 9394
+SWASH is processing output request    1
+SWASH is processing output request    2
[  3%]   step 9395
[  3%]   step 9396
[  3%]   step 9397
[  3%]   step 9398
[  3%]   step 9399
[  3%]   step 9400
[  3%]   step 9401
[  3%]   step 9402
[  3%]   step 9403
[  3%]   step 9404
[  3%]   step 9405
[  3%]   step 9406
[  3%]   step 9407
[  3%]   step 9408
[  3%]   step 9409
[  3%]   step 9410
[  3%]   step 9411
[  3%]   step 9412
[  3%]   step 9413
[  3%]   step 9414
[  3%]   step 9415
[  3%]   step 9416
[  3%]   step 9417
[  3%]   step 9418
[  3%]   step 9419
[  3%]   step 9420
[  3%]   step 9421
[  3%]   step 9422
[  3%]   step 9423
[  3%]   step 9424
[  3%]   step 9425
[  3%]   step 9426
[  3%]   step 9427
[  3%]   step 9428
[  3%]   step 9429
[  3%]   step 9430
[  3%]   step 9431
[  3%]   step 9432
[  3%]   step 9433
[  3%]   step 9434
[  3%]   step 9435
[  3%]   step 9436
[  3%]   step 9437
[  3%]   step 9438
[  3%]   step 9439
[  3%]   step 9440
[  3%]   step 9441
[  3%]   step 9442
[  3%]   step 9443
[  3%]   step 9444
[  3%]   step 9445
[  3%]   step 9446
[  3%]   step 9447
[  3%]   step 9448
[  3%]   step 9449
[  3%]   step 9450
[  3%]   step 9451
[  3%]   step 9452
[  3%]   step 9453
[  3%]   step 9454
[  3%]   step 9455
[  3%]   step 9456
[  3%]   step 9457
[  3%]   step 9458
[  3%]   step 9459
[  3%]   step 9460
[  3%]   step 9461
[  3%]   step 9462
[  3%]   step 9463
[  3%]   step 9464
[  3%]   step 9465
[  3%]   step 9466
[  3%]   step 9467
[  3%]   step 9468
[  3%]   step 9469
[  3%]   step 9470
[  3%]   step 9471
[  3%]   step 9472
[  3%]   step 9473
[  3%]   step 9474
[  3%]   step 9475
[  3%]   step 9476
[  3%]   step 9477
[  3%]   step 9478
[  3%]   step 9479
[  3%]   step 9480
[  3%]   step 9481
[  3%]   step 9482
[  3%]   step 9483
[  3%]   step 9484
[  3%]   step 9485
[  3%]   step 9486
[  3%]   step 9487
[  3%]   step 9488
[  3%]   step 9489
[  3%]   step 9490
[  3%]   step 9491
[  3%]   step 9492
[  3%]   step 9493
[  3%]   step 9494
[  3%]   step 9495
[  3%]   step 9496
[  3%]   step 9497
[  3%]   step 9498
[  3%]   step 9499
[  3%]   step 9500
[  3%]   step 9501
[  3%]   step 9502
[  3%]   step 9503
[  3%]   step 9504
[  3%]   step 9505
[  3%]   step 9506
[  3%]   step 9507
[  3%]   step 9508
[  3%]   step 9509
[  3%]   step 9510
[  3%]   step 9511
[  3%]   step 9512
[  3%]   step 9513
[  3%]   step 9514
[  3%]   step 9515
[  3%]   step 9516
[  3%]   step 9517
[  3%]   step 9518
[  3%]   step 9519
[  3%]   step 9520
[  3%]   step 9521
[  3%]   step 9522
[  3%]   step 9523
[  3%]   step 9524
[  3%]   step 9525
[  3%]   step 9526
[  3%]   step 9527
[  3%]   step 9528
[  3%]   step 9529
[  3%]   step 9530
[  3%]   step 9531
[  3%]   step 9532
[  3%]   step 9533
[  3%]   step 9534
[  3%]   step 9535
[  3%]   step 9536
[  3%]   step 9537
[  3%]   step 9538
[  3%]   step 9539
[  3%]   step 9540
[  3%]   step 9541
[  3%]   step 9542
[  3%]   step 9543
[  3%]   step 9544
[  3%]   step 9545
[  3%]   step 9546
[  3%]   step 9547
[  3%]   step 9548
[  3%]   step 9549
[  3%]   step 9550
[  3%]   step 9551
[  3%]   step 9552
[  3%]   step 9553
[  3%]   step 9554
[  3%]   step 9555
[  3%]   step 9556
[  3%]   step 9557
[  3%]   step 9558
[  3%]   step 9559
[  3%]   step 9560
[  3%]   step 9561
[  3%]   step 9562
[  3%]   step 9563
[  3%]   step 9564
[  3%]   step 9565
[  3%]   step 9566
[  3%]   step 9567
[  3%]   step 9568
[  3%]   step 9569
[  3%]   step 9570
[  3%]   step 9571
[  3%]   step 9572
[  3%]   step 9573
[  3%]   step 9574
[  3%]   step 9575
[  3%]   step 9576
[  3%]   step 9577
[  3%]   step 9578
[  3%]   step 9579
[  3%]   step 9580
[  3%]   step 9581
[  3%]   step 9582
[  3%]   step 9583
[  3%]   step 9584
[  3%]   step 9585
[  3%]   step 9586
[  3%]   step 9587
[  3%]   step 9588
[  3%]   step 9589
[  3%]   step 9590
[  3%]   step 9591
[  3%]   step 9592
[  3%]   step 9593
[  3%]   step 9594
[  3%]   step 9595
[  3%]   step 9596
[  3%]   step 9597
[  3%]   step 9598
[  3%]   step 9599
[  3%]   step 9600
[  3%]   step 9601
[  3%]   step 9602
[  3%]   step 9603
[  3%]   step 9604
[  3%]   step 9605
[  3%]   step 9606
[  3%]   step 9607
[  3%]   step 9608
[  3%]   step 9609
[  3%]   step 9610
[  3%]   step 9611
[  3%]   step 9612
[  3%]   step 9613
[  3%]   step 9614
[  3%]   step 9615
[  3%]   step 9616
[  3%]   step 9617
[  3%]   step 9618
[  3%]   step 9619
[  3%]   step 9620
[  3%]   step 9621
[  3%]   step 9622
[  3%]   step 9623
[  3%]   step 9624
[  3%]   step 9625
[  3%]   step 9626
[  3%]   step 9627
[  3%]   step 9628
[  3%]   step 9629
[  3%]   step 9630
[  3%]   step 9631
[  3%]   step 9632
[  3%]   step 9633
[  3%]   step 9634
[  3%]   step 9635
[  3%]   step 9636
[  3%]   step 9637
[  3%]   step 9638
[  3%]   step 9639
[  3%]   step 9640
[  3%]   step 9641
[  3%]   step 9642
[  3%]   step 9643
[  3%]   step 9644
[  3%]   step 9645
[  3%]   step 9646
[  3%]   step 9647
[  3%]   step 9648
[  3%]   step 9649
[  3%]   step 9650
[  3%]   step 9651
[  3%]   step 9652
[  3%]   step 9653
[  3%]   step 9654
[  3%]   step 9655
[  3%]   step 9656
[  3%]   step 9657
[  3%]   step 9658
[  3%]   step 9659
[  3%]   step 9660
[  3%]   step 9661
[  3%]   step 9662
[  3%]   step 9663
[  3%]   step 9664
[  3%]   step 9665
[  3%]   step 9666
[  3%]   step 9667
[  3%]   step 9668
[  3%]   step 9669
[  3%]   step 9670
[  3%]   step 9671
[  3%]   step 9672
[  3%]   step 9673
[  3%]   step 9674
[  3%]   step 9675
[  3%]   step 9676
[  3%]   step 9677
[  3%]   step 9678
[  3%]   step 9679
[  3%]   step 9680
[  3%]   step 9681
[  3%]   step 9682
[  3%]   step 9683
[  3%]   step 9684
[  3%]   step 9685
[  3%]   step 9686
[  3%]   step 9687
[  3%]   step 9688
[  3%]   step 9689
[  3%]   step 9690
[  3%]   step 9691
[  3%]   step 9692
[  3%]   step 9693
[  3%]   step 9694
[  3%]   step 9695
[  3%]   step 9696
[  3%]   step 9697
[  3%]   step 9698
[  3%]   step 9699
[  3%]   step 9700
[  3%]   step 9701
[  3%]   step 9702
[  3%]   step 9703
[  3%]   step 9704
[  3%]   step 9705
[  3%]   step 9706
[  3%]   step 9707
[  3%]   step 9708
[  3%]   step 9709
[  3%]   step 9710
[  3%]   step 9711
[  3%]   step 9712
[  3%]   step 9713
[  3%]   step 9714
[  3%]   step 9715
[  3%]   step 9716
[  3%]   step 9717
[  3%]   step 9718
[  3%]   step 9719
[  3%]   step 9720
[  3%]   step 9721
[  3%]   step 9722
[  3%]   step 9723
[  3%]   step 9724
[  3%]   step 9725
[  3%]   step 9726
[  3%]   step 9727
[  3%]   step 9728
[  3%]   step 9729
[  3%]   step 9730
[  3%]   step 9731
[  3%]   step 9732
[  3%]   step 9733
[  3%]   step 9734
[  3%]   step 9735
[  3%]   step 9736
[  3%]   step 9737
[  3%]   step 9738
[  3%]   step 9739
[  3%]   step 9740
[  3%]   step 9741
[  3%]   step 9742
[  3%]   step 9743
[  3%]   step 9744
[  3%]   step 9745
[  3%]   step 9746
[  3%]   step 9747
[  3%]   step 9748
[  3%]   step 9749
[  3%]   step 9750
[  3%]   step 9751
[  3%]   step 9752
[  3%]   step 9753
[  3%]   step 9754
[  3%]   step 9755
[  3%]   step 9756
[  3%]   step 9757
[  3%]   step 9758
[  3%]   step 9759
[  3%]   step 9760
[  3%]   step 9761
[  3%]   step 9762
[  3%]   step 9763
[  3%]   step 9764
[  3%]   step 9765
[  3%]   step 9766
[  3%]   step 9767
[  3%]   step 9768
[  3%]   step 9769
[  3%]   step 9770
[  3%]   step 9771
[  3%]   step 9772
[  3%]   step 9773
[  3%]   step 9774
[  3%]   step 9775
[  3%]   step 9776
[  3%]   step 9777
[  3%]   step 9778
[  3%]   step 9779
[  3%]   step 9780
[  3%]   step 9781
[  3%]   step 9782
[  3%]   step 9783
[  3%]   step 9784
[  3%]   step 9785
[  3%]   step 9786
+SWASH is processing output request    1
+SWASH is processing output request    2
[  3%]   step 9787
[  3%]   step 9788
[  3%]   step 9789
[  3%]   step 9790
[  3%]   step 9791
[  3%]   step 9792
[  3%]   step 9793
[  3%]   step 9794
[  3%]   step 9795
[  3%]   step 9796
[  3%]   step 9797
[  3%]   step 9798
[  3%]   step 9799
[  3%]   step 9800
[  3%]   step 9801
[  3%]   step 9802
[  3%]   step 9803
[  3%]   step 9804
[  3%]   step 9805
[  3%]   step 9806
[  3%]   step 9807
[  3%]   step 9808
[  3%]   step 9809
[  3%]   step 9810
[  3%]   step 9811
[  3%]   step 9812
[  3%]   step 9813
[  3%]   step 9814
[  3%]   step 9815
[  3%]   step 9816
[  3%]   step 9817
[  3%]   step 9818
[  3%]   step 9819
[  3%]   step 9820
[  3%]   step 9821
[  3%]   step 9822
[  3%]   step 9823
[  3%]   step 9824
[  3%]   step 9825
[  3%]   step 9826
[  3%]   step 9827
[  3%]   step 9828
[  3%]   step 9829
[  3%]   step 9830
[  3%]   step 9831
[  3%]   step 9832
[  3%]   step 9833
[  3%]   step 9834
[  3%]   step 9835
[  3%]   step 9836
[  3%]   step 9837
[  3%]   step 9838
[  3%]   step 9839
[  3%]   step 9840
[  3%]   step 9841
[  3%]   step 9842
[  3%]   step 9843
[  3%]   step 9844
[  3%]   step 9845
[  3%]   step 9846
[  3%]   step 9847
[  3%]   step 9848
[  3%]   step 9849
[  3%]   step 9850
[  3%]   step 9851
[  3%]   step 9852
[  3%]   step 9853
[  3%]   step 9854
[  3%]   step 9855
[  3%]   step 9856
[  3%]   step 9857
[  3%]   step 9858
[  3%]   step 9859
[  3%]   step 9860
[  3%]   step 9861
[  3%]   step 9862
[  3%]   step 9863
[  3%]   step 9864
[  3%]   step 9865
[  3%]   step 9866
[  3%]   step 9867
[  3%]   step 9868
[  3%]   step 9869
[  3%]   step 9870
[  3%]   step 9871
[  3%]   step 9872
[  3%]   step 9873
[  3%]   step 9874
[  3%]   step 9875
[  3%]   step 9876
[  3%]   step 9877
[  3%]   step 9878
[  3%]   step 9879
[  3%]   step 9880
[  3%]   step 9881
[  3%]   step 9882
[  3%]   step 9883
[  3%]   step 9884
[  3%]   step 9885
[  3%]   step 9886
[  3%]   step 9887
[  3%]   step 9888
[  3%]   step 9889
[  3%]   step 9890
[  3%]   step 9891
[  3%]   step 9892
[  3%]   step 9893
[  3%]   step 9894
[  3%]   step 9895
[  3%]   step 9896
[  3%]   step 9897
[  3%]   step 9898
[  3%]   step 9899
[  3%]   step 9900
[  3%]   step 9901
[  3%]   step 9902
[  3%]   step 9903
[  3%]   step 9904
[  3%]   step 9905
[  3%]   step 9906
[  3%]   step 9907
[  3%]   step 9908
[  3%]   step 9909
[  3%]   step 9910
[  3%]   step 9911
[  3%]   step 9912
[  3%]   step 9913
[  3%]   step 9914
[  3%]   step 9915
[  3%]   step 9916
[  3%]   step 9917
[  3%]   step 9918
[  3%]   step 9919
[  3%]   step 9920
[  3%]   step 9921
[  3%]   step 9922
[  3%]   step 9923
[  3%]   step 9924
[  3%]   step 9925
[  3%]   step 9926
[  3%]   step 9927
[  3%]   step 9928
[  3%]   step 9929
[  3%]   step 9930
[  3%]   step 9931
[  3%]   step 9932
[  3%]   step 9933
[  3%]   step 9934
[  3%]   step 9935
[  3%]   step 9936
[  3%]   step 9937
[  3%]   step 9938
[  3%]   step 9939
[  3%]   step 9940
[  3%]   step 9941
[  3%]   step 9942
[  3%]   step 9943
[  3%]   step 9944
[  3%]   step 9945
[  3%]   step 9946
[  3%]   step 9947
[  3%]   step 9948
[  3%]   step 9949
[  3%]   step 9950
[  3%]   step 9951
[  3%]   step 9952
[  3%]   step 9953
[  3%]   step 9954
[  3%]   step 9955
[  3%]   step 9956
[  3%]   step 9957
[  3%]   step 9958
[  3%]   step 9959
[  3%]   step 9960
[  3%]   step 9961
[  3%]   step 9962
[  3%]   step 9963
[  3%]   step 9964
[  3%]   step 9965
[  3%]   step 9966
[  3%]   step 9967
[  3%]   step 9968
[  3%]   step 9969
[  3%]   step 9970
[  3%]   step 9971
[  3%]   step 9972
[  3%]   step 9973
[  3%]   step 9974
[  3%]   step 9975
[  3%]   step 9976
[  3%]   step 9977
[  3%]   step 9978
[  3%]   step 9979
[  3%]   step 9980
[  3%]   step 9981
[  3%]   step 9982
[  3%]   step 9983
[  3%]   step 9984
[  3%]   step 9985
[  3%]   step 9986
[  3%]   step 9987
[  3%]   step 9988
[  3%]   step 9989
[  3%]   step 9990
[  3%]   step 9991
[  3%]   step 9992
[  3%]   step 9993
[  3%]   step 9994
[  3%]   step 9995
[  3%]   step 9996
[  3%]   step 9997
[  3%]   step 9998
[  3%]   step 9999
[  3%]   step 10000
[  3%]   step 10001
[  3%]   step 10002
[  3%]   step 10003
[  3%]   step 10004
[  3%]   step 10005
[  3%]   step 10006
[  3%]   step 10007
[  3%]   step 10008
[  3%]   step 10009
[  3%]   step 10010
[  3%]   step 10011
[  3%]   step 10012
[  3%]   step 10013
[  3%]   step 10014
[  3%]   step 10015
[  3%]   step 10016
[  3%]   step 10017
[  3%]   step 10018
[  3%]   step 10019
[  3%]   step 10020
[  3%]   step 10021
[  3%]   step 10022
[  3%]   step 10023
[  3%]   step 10024
[  3%]   step 10025
[  3%]   step 10026
[  3%]   step 10027
[  3%]   step 10028
[  3%]   step 10029
[  3%]   step 10030
[  3%]   step 10031
[  3%]   step 10032
[  3%]   step 10033
[  3%]   step 10034
[  3%]   step 10035
[  3%]   step 10036
[  3%]   step 10037
[  3%]   step 10038
[  3%]   step 10039
[  3%]   step 10040
[  3%]   step 10041
[  3%]   step 10042
[  3%]   step 10043
[  3%]   step 10044
[  3%]   step 10045
[  3%]   step 10046
[  3%]   step 10047
[  3%]   step 10048
[  3%]   step 10049
[  3%]   step 10050
[  3%]   step 10051
[  3%]   step 10052
[  3%]   step 10053
[  3%]   step 10054
[  3%]   step 10055
[  3%]   step 10056
[  3%]   step 10057
[  3%]   step 10058
[  3%]   step 10059
[  3%]   step 10060
[  3%]   step 10061
[  3%]   step 10062
[  3%]   step 10063
[  3%]   step 10064
[  3%]   step 10065
[  3%]   step 10066
[  3%]   step 10067
[  3%]   step 10068
[  3%]   step 10069
[  3%]   step 10070
[  3%]   step 10071
[  3%]   step 10072
[  3%]   step 10073
[  3%]   step 10074
[  3%]   step 10075
[  3%]   step 10076
[  3%]   step 10077
[  3%]   step 10078
[  3%]   step 10079
[  3%]   step 10080
[  3%]   step 10081
[  3%]   step 10082
[  3%]   step 10083
[  3%]   step 10084
[  3%]   step 10085
[  3%]   step 10086
[  3%]   step 10087
[  3%]   step 10088
[  3%]   step 10089
[  3%]   step 10090
[  3%]   step 10091
[  3%]   step 10092
[  3%]   step 10093
[  3%]   step 10094
[  3%]   step 10095
[  3%]   step 10096
[  3%]   step 10097
[  3%]   step 10098
[  3%]   step 10099
[  3%]   step 10100
[  3%]   step 10101
[  3%]   step 10102
[  3%]   step 10103
[  3%]   step 10104
[  3%]   step 10105
[  3%]   step 10106
[  3%]   step 10107
[  3%]   step 10108
[  3%]   step 10109
[  3%]   step 10110
[  3%]   step 10111
[  3%]   step 10112
[  3%]   step 10113
[  3%]   step 10114
[  3%]   step 10115
[  3%]   step 10116
[  3%]   step 10117
[  3%]   step 10118
[  3%]   step 10119
[  3%]   step 10120
[  3%]   step 10121
[  3%]   step 10122
[  3%]   step 10123
[  3%]   step 10124
[  3%]   step 10125
[  3%]   step 10126
[  3%]   step 10127
[  3%]   step 10128
[  3%]   step 10129
[  3%]   step 10130
[  3%]   step 10131
[  3%]   step 10132
[  3%]   step 10133
[  3%]   step 10134
[  3%]   step 10135
[  3%]   step 10136
[  3%]   step 10137
[  3%]   step 10138
[  3%]   step 10139
[  3%]   step 10140
[  3%]   step 10141
[  3%]   step 10142
[  3%]   step 10143
[  3%]   step 10144
[  3%]   step 10145
[  3%]   step 10146
[  3%]   step 10147
[  3%]   step 10148
[  3%]   step 10149
[  3%]   step 10150
[  3%]   step 10151
[  3%]   step 10152
[  3%]   step 10153
[  3%]   step 10154
[  3%]   step 10155
[  3%]   step 10156
[  3%]   step 10157
[  3%]   step 10158
[  3%]   step 10159
[  3%]   step 10160
[  3%]   step 10161
[  3%]   step 10162
[  3%]   step 10163
[  3%]   step 10164
[  3%]   step 10165
[  3%]   step 10166
[  3%]   step 10167
[  3%]   step 10168
[  3%]   step 10169
[  3%]   step 10170
[  3%]   step 10171
[  3%]   step 10172
[  3%]   step 10173
[  3%]   step 10174
[  3%]   step 10175
[  3%]   step 10176
[  3%]   step 10177
+SWASH is processing output request    1
+SWASH is processing output request    2
[  3%]   step 10178
[  3%]   step 10179
[  3%]   step 10180
[  3%]   step 10181
[  3%]   step 10182
[  3%]   step 10183
[  3%]   step 10184
[  3%]   step 10185
[  3%]   step 10186
[  3%]   step 10187
[  3%]   step 10188
[  3%]   step 10189
[  3%]   step 10190
[  3%]   step 10191
[  3%]   step 10192
[  3%]   step 10193
[  3%]   step 10194
[  3%]   step 10195
[  3%]   step 10196
[  3%]   step 10197
[  3%]   step 10198
[  3%]   step 10199
[  3%]   step 10200
[  3%]   step 10201
[  3%]   step 10202
[  3%]   step 10203
[  3%]   step 10204
[  3%]   step 10205
[  3%]   step 10206
[  3%]   step 10207
[  3%]   step 10208
[  3%]   step 10209
[  3%]   step 10210
[  3%]   step 10211
[  3%]   step 10212
[  3%]   step 10213
[  3%]   step 10214
[  3%]   step 10215
[  3%]   step 10216
[  3%]   step 10217
[  3%]   step 10218
[  3%]   step 10219
[  3%]   step 10220
[  3%]   step 10221
[  3%]   step 10222
[  3%]   step 10223
[  3%]   step 10224
[  3%]   step 10225
[  3%]   step 10226
[  3%]   step 10227
[  3%]   step 10228
[  3%]   step 10229
[  3%]   step 10230
[  3%]   step 10231
[  3%]   step 10232
[  3%]   step 10233
[  3%]   step 10234
[  3%]   step 10235
[  3%]   step 10236
[  3%]   step 10237
[  3%]   step 10238
[  3%]   step 10239
[  3%]   step 10240
[  3%]   step 10241
[  3%]   step 10242
[  3%]   step 10243
[  3%]   step 10244
[  3%]   step 10245
[  3%]   step 10246
[  3%]   step 10247
[  3%]   step 10248
[  3%]   step 10249
[  3%]   step 10250
[  3%]   step 10251
[  3%]   step 10252
[  3%]   step 10253
[  3%]   step 10254
[  3%]   step 10255
[  3%]   step 10256
[  3%]   step 10257
[  3%]   step 10258
[  3%]   step 10259
[  3%]   step 10260
[  3%]   step 10261
[  3%]   step 10262
[  3%]   step 10263
[  3%]   step 10264
[  3%]   step 10265
[  3%]   step 10266
[  3%]   step 10267
[  3%]   step 10268
[  3%]   step 10269
[  3%]   step 10270
[  3%]   step 10271
[  3%]   step 10272
[  3%]   step 10273
[  3%]   step 10274
[  3%]   step 10275
[  3%]   step 10276
[  3%]   step 10277
[  3%]   step 10278
[  3%]   step 10279
[  3%]   step 10280
[  3%]   step 10281
[  3%]   step 10282
[  3%]   step 10283
[  3%]   step 10284
[  3%]   step 10285
[  3%]   step 10286
[  3%]   step 10287
[  3%]   step 10288
[  3%]   step 10289
[  3%]   step 10290
[  3%]   step 10291
[  3%]   step 10292
[  3%]   step 10293
[  3%]   step 10294
[  3%]   step 10295
[  3%]   step 10296
[  3%]   step 10297
[  3%]   step 10298
[  3%]   step 10299
[  3%]   step 10300
[  3%]   step 10301
[  3%]   step 10302
[  3%]   step 10303
[  3%]   step 10304
[  3%]   step 10305
[  3%]   step 10306
[  3%]   step 10307
[  3%]   step 10308
[  3%]   step 10309
[  3%]   step 10310
[  3%]   step 10311
[  3%]   step 10312
[  3%]   step 10313
[  3%]   step 10314
[  3%]   step 10315
[  3%]   step 10316
[  3%]   step 10317
[  3%]   step 10318
[  3%]   step 10319
[  3%]   step 10320
[  3%]   step 10321
[  3%]   step 10322
[  3%]   step 10323
[  3%]   step 10324
[  3%]   step 10325
[  3%]   step 10326
[  3%]   step 10327
[  3%]   step 10328
[  3%]   step 10329
[  3%]   step 10330
[  3%]   step 10331
[  3%]   step 10332
[  3%]   step 10333
[  3%]   step 10334
[  3%]   step 10335
[  3%]   step 10336
[  3%]   step 10337
[  3%]   step 10338
[  3%]   step 10339
[  3%]   step 10340
[  3%]   step 10341
[  3%]   step 10342
[  3%]   step 10343
[  3%]   step 10344
[  3%]   step 10345
[  3%]   step 10346
[  3%]   step 10347
[  3%]   step 10348
[  3%]   step 10349
[  3%]   step 10350
[  3%]   step 10351
[  3%]   step 10352
[  3%]   step 10353
[  3%]   step 10354
[  3%]   step 10355
[  3%]   step 10356
[  3%]   step 10357
[  3%]   step 10358
[  3%]   step 10359
[  3%]   step 10360
[  3%]   step 10361
[  3%]   step 10362
[  3%]   step 10363
[  3%]   step 10364
[  3%]   step 10365
[  3%]   step 10366
[  3%]   step 10367
[  3%]   step 10368
[  3%]   step 10369
[  3%]   step 10370
[  3%]   step 10371
[  3%]   step 10372
[  3%]   step 10373
[  3%]   step 10374
[  3%]   step 10375
[  3%]   step 10376
[  3%]   step 10377
[  3%]   step 10378
[  3%]   step 10379
[  3%]   step 10380
[  3%]   step 10381
[  3%]   step 10382
[  3%]   step 10383
[  3%]   step 10384
[  3%]   step 10385
[  3%]   step 10386
[  3%]   step 10387
[  3%]   step 10388
[  3%]   step 10389
[  3%]   step 10390
[  3%]   step 10391
[  3%]   step 10392
[  3%]   step 10393
[  3%]   step 10394
[  3%]   step 10395
[  3%]   step 10396
[  3%]   step 10397
[  3%]   step 10398
[  3%]   step 10399
[  3%]   step 10400
[  3%]   step 10401
[  3%]   step 10402
[  3%]   step 10403
[  3%]   step 10404
[  3%]   step 10405
[  3%]   step 10406
[  3%]   step 10407
[  3%]   step 10408
[  3%]   step 10409
[  3%]   step 10410
[  3%]   step 10411
[  3%]   step 10412
[  3%]   step 10413
[  3%]   step 10414
[  3%]   step 10415
[  3%]   step 10416
[  3%]   step 10417
[  3%]   step 10418
[  3%]   step 10419
[  3%]   step 10420
[  3%]   step 10421
[  3%]   step 10422
[  3%]   step 10423
[  3%]   step 10424
[  3%]   step 10425
[  3%]   step 10426
[  3%]   step 10427
[  3%]   step 10428
[  3%]   step 10429
[  3%]   step 10430
[  3%]   step 10431
[  3%]   step 10432
[  3%]   step 10433
[  3%]   step 10434
[  3%]   step 10435
[  3%]   step 10436
[  3%]   step 10437
[  3%]   step 10438
[  3%]   step 10439
[  3%]   step 10440
[  3%]   step 10441
[  3%]   step 10442
[  3%]   step 10443
[  3%]   step 10444
[  3%]   step 10445
[  3%]   step 10446
[  3%]   step 10447
[  3%]   step 10448
[  3%]   step 10449
[  3%]   step 10450
[  3%]   step 10451
[  3%]   step 10452
[  3%]   step 10453
[  3%]   step 10454
[  3%]   step 10455
[  3%]   step 10456
[  3%]   step 10457
[  3%]   step 10458
[  3%]   step 10459
[  3%]   step 10460
[  3%]   step 10461
[  3%]   step 10462
[  3%]   step 10463
[  3%]   step 10464
[  3%]   step 10465
[  3%]   step 10466
[  3%]   step 10467
[  3%]   step 10468
[  3%]   step 10469
[  3%]   step 10470
[  3%]   step 10471
[  3%]   step 10472
[  3%]   step 10473
[  3%]   step 10474
[  3%]   step 10475
[  3%]   step 10476
[  3%]   step 10477
[  3%]   step 10478
[  3%]   step 10479
[  3%]   step 10480
[  3%]   step 10481
[  3%]   step 10482
[  3%]   step 10483
[  3%]   step 10484
[  3%]   step 10485
[  3%]   step 10486
[  3%]   step 10487
[  3%]   step 10488
[  3%]   step 10489
[  3%]   step 10490
[  3%]   step 10491
[  3%]   step 10492
[  3%]   step 10493
[  3%]   step 10494
[  3%]   step 10495
[  3%]   step 10496
[  3%]   step 10497
[  3%]   step 10498
[  3%]   step 10499
[  3%]   step 10500
[  3%]   step 10501
[  3%]   step 10502
[  3%]   step 10503
[  3%]   step 10504
[  3%]   step 10505
[  3%]   step 10506
[  3%]   step 10507
[  3%]   step 10508
[  3%]   step 10509
[  3%]   step 10510
[  3%]   step 10511
[  3%]   step 10512
[  3%]   step 10513
[  3%]   step 10514
[  3%]   step 10515
[  3%]   step 10516
[  3%]   step 10517
[  3%]   step 10518
[  3%]   step 10519
[  3%]   step 10520
[  3%]   step 10521
[  3%]   step 10522
[  3%]   step 10523
[  3%]   step 10524
[  3%]   step 10525
[  3%]   step 10526
[  3%]   step 10527
[  3%]   step 10528
[  3%]   step 10529
[  3%]   step 10530
[  3%]   step 10531
[  3%]   step 10532
[  3%]   step 10533
[  3%]   step 10534
[  3%]   step 10535
[  3%]   step 10536
[  3%]   step 10537
[  3%]   step 10538
[  3%]   step 10539
[  3%]   step 10540
[  3%]   step 10541
[  3%]   step 10542
[  3%]   step 10543
[  3%]   step 10544
[  3%]   step 10545
[  3%]   step 10546
[  3%]   step 10547
[  3%]   step 10548
[  3%]   step 10549
[  3%]   step 10550
[  3%]   step 10551
[  3%]   step 10552
[  3%]   step 10553
[  3%]   step 10554
[  3%]   step 10555
[  3%]   step 10556
[  3%]   step 10557
[  3%]   step 10558
[  3%]   step 10559
[  3%]   step 10560
[  3%]   step 10561
[  3%]   step 10562
[  3%]   step 10563
[  3%]   step 10564
[  3%]   step 10565
[  3%]   step 10566
[  3%]   step 10567
[  3%]   step 10568
[  3%]   step 10569
+SWASH is processing output request    1
+SWASH is processing output request    2
[  3%]   step 10570
[  3%]   step 10571
[  3%]   step 10572
[  3%]   step 10573
[  3%]   step 10574
[  3%]   step 10575
[  3%]   step 10576
[  3%]   step 10577
[  3%]   step 10578
[  3%]   step 10579
[  3%]   step 10580
[  3%]   step 10581
[  3%]   step 10582
[  3%]   step 10583
[  3%]   step 10584
[  3%]   step 10585
[  3%]   step 10586
[  3%]   step 10587
[  3%]   step 10588
[  3%]   step 10589
[  3%]   step 10590
[  3%]   step 10591
[  3%]   step 10592
[  3%]   step 10593
[  3%]   step 10594
[  3%]   step 10595
[  3%]   step 10596
[  3%]   step 10597
[  3%]   step 10598
[  3%]   step 10599
[  3%]   step 10600
[  3%]   step 10601
[  3%]   step 10602
[  3%]   step 10603
[  3%]   step 10604
[  3%]   step 10605
[  3%]   step 10606
[  3%]   step 10607
[  3%]   step 10608
[  3%]   step 10609
[  3%]   step 10610
[  3%]   step 10611
[  3%]   step 10612
[  3%]   step 10613
[  3%]   step 10614
[  3%]   step 10615
[  3%]   step 10616
[  3%]   step 10617
[  3%]   step 10618
[  3%]   step 10619
[  3%]   step 10620
[  3%]   step 10621
[  3%]   step 10622
[  3%]   step 10623
[  3%]   step 10624
[  3%]   step 10625
[  3%]   step 10626
[  3%]   step 10627
[  3%]   step 10628
[  3%]   step 10629
[  3%]   step 10630
[  3%]   step 10631
[  3%]   step 10632
[  3%]   step 10633
[  3%]   step 10634
[  3%]   step 10635
[  3%]   step 10636
[  3%]   step 10637
[  3%]   step 10638
[  3%]   step 10639
[  3%]   step 10640
[  3%]   step 10641
[  3%]   step 10642
[  3%]   step 10643
[  3%]   step 10644
[  3%]   step 10645
[  3%]   step 10646
[  3%]   step 10647
[  3%]   step 10648
[  3%]   step 10649
[  3%]   step 10650
[  3%]   step 10651
[  3%]   step 10652
[  3%]   step 10653
[  3%]   step 10654
[  3%]   step 10655
[  3%]   step 10656
[  3%]   step 10657
[  3%]   step 10658
[  3%]   step 10659
[  3%]   step 10660
[  3%]   step 10661
[  3%]   step 10662
[  3%]   step 10663
[  3%]   step 10664
[  3%]   step 10665
[  3%]   step 10666
[  3%]   step 10667
[  3%]   step 10668
[  3%]   step 10669
[  3%]   step 10670
[  3%]   step 10671
[  3%]   step 10672
[  3%]   step 10673
[  3%]   step 10674
[  3%]   step 10675
[  3%]   step 10676
[  3%]   step 10677
[  3%]   step 10678
[  3%]   step 10679
[  3%]   step 10680
[  3%]   step 10681
[  3%]   step 10682
[  3%]   step 10683
[  3%]   step 10684
[  3%]   step 10685
[  4%]   step 10686
[  4%]   step 10687
[  4%]   step 10688
[  4%]   step 10689
[  4%]   step 10690
[  4%]   step 10691
[  4%]   step 10692
[  4%]   step 10693
[  4%]   step 10694
[  4%]   step 10695
[  4%]   step 10696
[  4%]   step 10697
[  4%]   step 10698
[  4%]   step 10699
[  4%]   step 10700
[  4%]   step 10701
[  4%]   step 10702
[  4%]   step 10703
[  4%]   step 10704
[  4%]   step 10705
[  4%]   step 10706
[  4%]   step 10707
[  4%]   step 10708
[  4%]   step 10709
[  4%]   step 10710
[  4%]   step 10711
[  4%]   step 10712
[  4%]   step 10713
[  4%]   step 10714
[  4%]   step 10715
[  4%]   step 10716
[  4%]   step 10717
[  4%]   step 10718
[  4%]   step 10719
[  4%]   step 10720
[  4%]   step 10721
[  4%]   step 10722
[  4%]   step 10723
[  4%]   step 10724
[  4%]   step 10725
[  4%]   step 10726
[  4%]   step 10727
[  4%]   step 10728
[  4%]   step 10729
[  4%]   step 10730
[  4%]   step 10731
[  4%]   step 10732
[  4%]   step 10733
[  4%]   step 10734
[  4%]   step 10735
[  4%]   step 10736
[  4%]   step 10737
[  4%]   step 10738
[  4%]   step 10739
[  4%]   step 10740
[  4%]   step 10741
[  4%]   step 10742
[  4%]   step 10743
[  4%]   step 10744
[  4%]   step 10745
[  4%]   step 10746
[  4%]   step 10747
[  4%]   step 10748
[  4%]   step 10749
[  4%]   step 10750
[  4%]   step 10751
[  4%]   step 10752
[  4%]   step 10753
[  4%]   step 10754
[  4%]   step 10755
[  4%]   step 10756
[  4%]   step 10757
[  4%]   step 10758
[  4%]   step 10759
[  4%]   step 10760
[  4%]   step 10761
[  4%]   step 10762
[  4%]   step 10763
[  4%]   step 10764
[  4%]   step 10765
[  4%]   step 10766
[  4%]   step 10767
[  4%]   step 10768
[  4%]   step 10769
[  4%]   step 10770
[  4%]   step 10771
[  4%]   step 10772
[  4%]   step 10773
[  4%]   step 10774
[  4%]   step 10775
[  4%]   step 10776
[  4%]   step 10777
[  4%]   step 10778
[  4%]   step 10779
[  4%]   step 10780
[  4%]   step 10781
[  4%]   step 10782
[  4%]   step 10783
[  4%]   step 10784
[  4%]   step 10785
[  4%]   step 10786
[  4%]   step 10787
[  4%]   step 10788
[  4%]   step 10789
[  4%]   step 10790
[  4%]   step 10791
[  4%]   step 10792
[  4%]   step 10793
[  4%]   step 10794
[  4%]   step 10795
[  4%]   step 10796
[  4%]   step 10797
[  4%]   step 10798
[  4%]   step 10799
[  4%]   step 10800
[  4%]   step 10801
[  4%]   step 10802
[  4%]   step 10803
[  4%]   step 10804
[  4%]   step 10805
[  4%]   step 10806
[  4%]   step 10807
[  4%]   step 10808
[  4%]   step 10809
[  4%]   step 10810
[  4%]   step 10811
[  4%]   step 10812
[  4%]   step 10813
[  4%]   step 10814
[  4%]   step 10815
[  4%]   step 10816
[  4%]   step 10817
[  4%]   step 10818
[  4%]   step 10819
[  4%]   step 10820
[  4%]   step 10821
[  4%]   step 10822
[  4%]   step 10823
[  4%]   step 10824
[  4%]   step 10825
[  4%]   step 10826
[  4%]   step 10827
[  4%]   step 10828
[  4%]   step 10829
[  4%]   step 10830
[  4%]   step 10831
[  4%]   step 10832
[  4%]   step 10833
[  4%]   step 10834
[  4%]   step 10835
[  4%]   step 10836
[  4%]   step 10837
[  4%]   step 10838
[  4%]   step 10839
[  4%]   step 10840
[  4%]   step 10841
[  4%]   step 10842
[  4%]   step 10843
[  4%]   step 10844
[  4%]   step 10845
[  4%]   step 10846
[  4%]   step 10847
[  4%]   step 10848
[  4%]   step 10849
[  4%]   step 10850
[  4%]   step 10851
[  4%]   step 10852
[  4%]   step 10853
[  4%]   step 10854
[  4%]   step 10855
[  4%]   step 10856
[  4%]   step 10857
[  4%]   step 10858
[  4%]   step 10859
[  4%]   step 10860
[  4%]   step 10861
[  4%]   step 10862
[  4%]   step 10863
[  4%]   step 10864
[  4%]   step 10865
[  4%]   step 10866
[  4%]   step 10867
[  4%]   step 10868
[  4%]   step 10869
[  4%]   step 10870
[  4%]   step 10871
[  4%]   step 10872
[  4%]   step 10873
[  4%]   step 10874
[  4%]   step 10875
[  4%]   step 10876
[  4%]   step 10877
[  4%]   step 10878
[  4%]   step 10879
[  4%]   step 10880
[  4%]   step 10881
[  4%]   step 10882
[  4%]   step 10883
[  4%]   step 10884
[  4%]   step 10885
[  4%]   step 10886
[  4%]   step 10887
[  4%]   step 10888
[  4%]   step 10889
[  4%]   step 10890
[  4%]   step 10891
[  4%]   step 10892
[  4%]   step 10893
[  4%]   step 10894
[  4%]   step 10895
[  4%]   step 10896
[  4%]   step 10897
[  4%]   step 10898
[  4%]   step 10899
[  4%]   step 10900
[  4%]   step 10901
[  4%]   step 10902
[  4%]   step 10903
[  4%]   step 10904
[  4%]   step 10905
[  4%]   step 10906
[  4%]   step 10907
[  4%]   step 10908
[  4%]   step 10909
[  4%]   step 10910
[  4%]   step 10911
[  4%]   step 10912
[  4%]   step 10913
[  4%]   step 10914
[  4%]   step 10915
[  4%]   step 10916
[  4%]   step 10917
[  4%]   step 10918
[  4%]   step 10919
[  4%]   step 10920
[  4%]   step 10921
[  4%]   step 10922
[  4%]   step 10923
[  4%]   step 10924
[  4%]   step 10925
[  4%]   step 10926
[  4%]   step 10927
[  4%]   step 10928
[  4%]   step 10929
[  4%]   step 10930
[  4%]   step 10931
[  4%]   step 10932
[  4%]   step 10933
[  4%]   step 10934
[  4%]   step 10935
[  4%]   step 10936
[  4%]   step 10937
[  4%]   step 10938
[  4%]   step 10939
[  4%]   step 10940
[  4%]   step 10941
[  4%]   step 10942
[  4%]   step 10943
[  4%]   step 10944
[  4%]   step 10945
[  4%]   step 10946
[  4%]   step 10947
[  4%]   step 10948
[  4%]   step 10949
[  4%]   step 10950
[  4%]   step 10951
[  4%]   step 10952
[  4%]   step 10953
[  4%]   step 10954
[  4%]   step 10955
[  4%]   step 10956
[  4%]   step 10957
[  4%]   step 10958
[  4%]   step 10959
[  4%]   step 10960
+SWASH is processing output request    1
+SWASH is processing output request    2
[  4%]   step 10961
[  4%]   step 10962
[  4%]   step 10963
[  4%]   step 10964
[  4%]   step 10965
[  4%]   step 10966
[  4%]   step 10967
[  4%]   step 10968
[  4%]   step 10969
[  4%]   step 10970
[  4%]   step 10971
[  4%]   step 10972
[  4%]   step 10973
[  4%]   step 10974
[  4%]   step 10975
[  4%]   step 10976
[  4%]   step 10977
[  4%]   step 10978
[  4%]   step 10979
[  4%]   step 10980
[  4%]   step 10981
[  4%]   step 10982
[  4%]   step 10983
[  4%]   step 10984
[  4%]   step 10985
[  4%]   step 10986
[  4%]   step 10987
[  4%]   step 10988
[  4%]   step 10989
[  4%]   step 10990
[  4%]   step 10991
[  4%]   step 10992
[  4%]   step 10993
[  4%]   step 10994
[  4%]   step 10995
[  4%]   step 10996
[  4%]   step 10997
[  4%]   step 10998
[  4%]   step 10999
[  4%]   step 11000
[  4%]   step 11001
[  4%]   step 11002
[  4%]   step 11003
[  4%]   step 11004
[  4%]   step 11005
[  4%]   step 11006
[  4%]   step 11007
[  4%]   step 11008
[  4%]   step 11009
[  4%]   step 11010
[  4%]   step 11011
[  4%]   step 11012
[  4%]   step 11013
[  4%]   step 11014
[  4%]   step 11015
[  4%]   step 11016
[  4%]   step 11017
[  4%]   step 11018
[  4%]   step 11019
[  4%]   step 11020
[  4%]   step 11021
[  4%]   step 11022
[  4%]   step 11023
[  4%]   step 11024
[  4%]   step 11025
[  4%]   step 11026
[  4%]   step 11027
[  4%]   step 11028
[  4%]   step 11029
[  4%]   step 11030
[  4%]   step 11031
[  4%]   step 11032
[  4%]   step 11033
[  4%]   step 11034
[  4%]   step 11035
[  4%]   step 11036
[  4%]   step 11037
[  4%]   step 11038
[  4%]   step 11039
[  4%]   step 11040
[  4%]   step 11041
[  4%]   step 11042
[  4%]   step 11043
[  4%]   step 11044
[  4%]   step 11045
[  4%]   step 11046
[  4%]   step 11047
[  4%]   step 11048
[  4%]   step 11049
[  4%]   step 11050
[  4%]   step 11051
[  4%]   step 11052
[  4%]   step 11053
[  4%]   step 11054
[  4%]   step 11055
[  4%]   step 11056
[  4%]   step 11057
[  4%]   step 11058
[  4%]   step 11059
[  4%]   step 11060
[  4%]   step 11061
[  4%]   step 11062
[  4%]   step 11063
[  4%]   step 11064
[  4%]   step 11065
[  4%]   step 11066
[  4%]   step 11067
[  4%]   step 11068
[  4%]   step 11069
[  4%]   step 11070
[  4%]   step 11071
[  4%]   step 11072
[  4%]   step 11073
[  4%]   step 11074
[  4%]   step 11075
[  4%]   step 11076
[  4%]   step 11077
[  4%]   step 11078
[  4%]   step 11079
[  4%]   step 11080
[  4%]   step 11081
[  4%]   step 11082
[  4%]   step 11083
[  4%]   step 11084
[  4%]   step 11085
[  4%]   step 11086
[  4%]   step 11087
[  4%]   step 11088
[  4%]   step 11089
[  4%]   step 11090
[  4%]   step 11091
[  4%]   step 11092
[  4%]   step 11093
[  4%]   step 11094
[  4%]   step 11095
[  4%]   step 11096
[  4%]   step 11097
[  4%]   step 11098
[  4%]   step 11099
[  4%]   step 11100
[  4%]   step 11101
[  4%]   step 11102
[  4%]   step 11103
[  4%]   step 11104
[  4%]   step 11105
[  4%]   step 11106
[  4%]   step 11107
[  4%]   step 11108
[  4%]   step 11109
[  4%]   step 11110
[  4%]   step 11111
[  4%]   step 11112
[  4%]   step 11113
[  4%]   step 11114
[  4%]   step 11115
[  4%]   step 11116
[  4%]   step 11117
[  4%]   step 11118
[  4%]   step 11119
[  4%]   step 11120
[  4%]   step 11121
[  4%]   step 11122
[  4%]   step 11123
[  4%]   step 11124
[  4%]   step 11125
[  4%]   step 11126
[  4%]   step 11127
[  4%]   step 11128
[  4%]   step 11129
[  4%]   step 11130
[  4%]   step 11131
[  4%]   step 11132
[  4%]   step 11133
[  4%]   step 11134
[  4%]   step 11135
[  4%]   step 11136
[  4%]   step 11137
[  4%]   step 11138
[  4%]   step 11139
[  4%]   step 11140
[  4%]   step 11141
[  4%]   step 11142
[  4%]   step 11143
[  4%]   step 11144
[  4%]   step 11145
[  4%]   step 11146
[  4%]   step 11147
[  4%]   step 11148
[  4%]   step 11149
[  4%]   step 11150
[  4%]   step 11151
[  4%]   step 11152
[  4%]   step 11153
[  4%]   step 11154
[  4%]   step 11155
[  4%]   step 11156
[  4%]   step 11157
[  4%]   step 11158
[  4%]   step 11159
[  4%]   step 11160
[  4%]   step 11161
[  4%]   step 11162
[  4%]   step 11163
[  4%]   step 11164
[  4%]   step 11165
[  4%]   step 11166
[  4%]   step 11167
[  4%]   step 11168
[  4%]   step 11169
[  4%]   step 11170
[  4%]   step 11171
[  4%]   step 11172
[  4%]   step 11173
[  4%]   step 11174
[  4%]   step 11175
[  4%]   step 11176
[  4%]   step 11177
[  4%]   step 11178
[  4%]   step 11179
[  4%]   step 11180
[  4%]   step 11181
[  4%]   step 11182
[  4%]   step 11183
[  4%]   step 11184
[  4%]   step 11185
[  4%]   step 11186
[  4%]   step 11187
[  4%]   step 11188
[  4%]   step 11189
[  4%]   step 11190
[  4%]   step 11191
[  4%]   step 11192
[  4%]   step 11193
[  4%]   step 11194
[  4%]   step 11195
[  4%]   step 11196
[  4%]   step 11197
[  4%]   step 11198
[  4%]   step 11199
[  4%]   step 11200
[  4%]   step 11201
[  4%]   step 11202
[  4%]   step 11203
[  4%]   step 11204
[  4%]   step 11205
[  4%]   step 11206
[  4%]   step 11207
[  4%]   step 11208
[  4%]   step 11209
[  4%]   step 11210
[  4%]   step 11211
[  4%]   step 11212
[  4%]   step 11213
[  4%]   step 11214
[  4%]   step 11215
[  4%]   step 11216
[  4%]   step 11217
[  4%]   step 11218
[  4%]   step 11219
[  4%]   step 11220
[  4%]   step 11221
[  4%]   step 11222
[  4%]   step 11223
[  4%]   step 11224
[  4%]   step 11225
[  4%]   step 11226
[  4%]   step 11227
[  4%]   step 11228
[  4%]   step 11229
[  4%]   step 11230
[  4%]   step 11231
[  4%]   step 11232
[  4%]   step 11233
[  4%]   step 11234
[  4%]   step 11235
[  4%]   step 11236
[  4%]   step 11237
[  4%]   step 11238
[  4%]   step 11239
[  4%]   step 11240
[  4%]   step 11241
[  4%]   step 11242
[  4%]   step 11243
[  4%]   step 11244
[  4%]   step 11245
[  4%]   step 11246
[  4%]   step 11247
[  4%]   step 11248
[  4%]   step 11249
[  4%]   step 11250
[  4%]   step 11251
[  4%]   step 11252
[  4%]   step 11253
[  4%]   step 11254
[  4%]   step 11255
[  4%]   step 11256
[  4%]   step 11257
[  4%]   step 11258
[  4%]   step 11259
[  4%]   step 11260
[  4%]   step 11261
[  4%]   step 11262
[  4%]   step 11263
[  4%]   step 11264
[  4%]   step 11265
[  4%]   step 11266
[  4%]   step 11267
[  4%]   step 11268
[  4%]   step 11269
[  4%]   step 11270
[  4%]   step 11271
[  4%]   step 11272
[  4%]   step 11273
[  4%]   step 11274
[  4%]   step 11275
[  4%]   step 11276
[  4%]   step 11277
[  4%]   step 11278
[  4%]   step 11279
[  4%]   step 11280
[  4%]   step 11281
[  4%]   step 11282
[  4%]   step 11283
[  4%]   step 11284
[  4%]   step 11285
[  4%]   step 11286
[  4%]   step 11287
[  4%]   step 11288
[  4%]   step 11289
[  4%]   step 11290
[  4%]   step 11291
[  4%]   step 11292
[  4%]   step 11293
[  4%]   step 11294
[  4%]   step 11295
[  4%]   step 11296
[  4%]   step 11297
[  4%]   step 11298
[  4%]   step 11299
[  4%]   step 11300
[  4%]   step 11301
[  4%]   step 11302
[  4%]   step 11303
[  4%]   step 11304
[  4%]   step 11305
[  4%]   step 11306
[  4%]   step 11307
[  4%]   step 11308
[  4%]   step 11309
[  4%]   step 11310
[  4%]   step 11311
[  4%]   step 11312
[  4%]   step 11313
[  4%]   step 11314
[  4%]   step 11315
[  4%]   step 11316
[  4%]   step 11317
[  4%]   step 11318
[  4%]   step 11319
[  4%]   step 11320
[  4%]   step 11321
[  4%]   step 11322
[  4%]   step 11323
[  4%]   step 11324
[  4%]   step 11325
[  4%]   step 11326
[  4%]   step 11327
[  4%]   step 11328
[  4%]   step 11329
[  4%]   step 11330
[  4%]   step 11331
[  4%]   step 11332
[  4%]   step 11333
[  4%]   step 11334
[  4%]   step 11335
[  4%]   step 11336
[  4%]   step 11337
[  4%]   step 11338
[  4%]   step 11339
[  4%]   step 11340
[  4%]   step 11341
[  4%]   step 11342
[  4%]   step 11343
[  4%]   step 11344
[  4%]   step 11345
[  4%]   step 11346
[  4%]   step 11347
[  4%]   step 11348
[  4%]   step 11349
[  4%]   step 11350
[  4%]   step 11351
[  4%]   step 11352
+SWASH is processing output request    1
+SWASH is processing output request    2
[  4%]   step 11353
[  4%]   step 11354
[  4%]   step 11355
[  4%]   step 11356
[  4%]   step 11357
[  4%]   step 11358
[  4%]   step 11359
[  4%]   step 11360
[  4%]   step 11361
[  4%]   step 11362
[  4%]   step 11363
[  4%]   step 11364
[  4%]   step 11365
[  4%]   step 11366
[  4%]   step 11367
[  4%]   step 11368
[  4%]   step 11369
[  4%]   step 11370
[  4%]   step 11371
[  4%]   step 11372
[  4%]   step 11373
[  4%]   step 11374
[  4%]   step 11375
[  4%]   step 11376
[  4%]   step 11377
[  4%]   step 11378
[  4%]   step 11379
[  4%]   step 11380
[  4%]   step 11381
[  4%]   step 11382
[  4%]   step 11383
[  4%]   step 11384
[  4%]   step 11385
[  4%]   step 11386
[  4%]   step 11387
[  4%]   step 11388
[  4%]   step 11389
[  4%]   step 11390
[  4%]   step 11391
[  4%]   step 11392
[  4%]   step 11393
[  4%]   step 11394
[  4%]   step 11395
[  4%]   step 11396
[  4%]   step 11397
[  4%]   step 11398
[  4%]   step 11399
[  4%]   step 11400
[  4%]   step 11401
[  4%]   step 11402
[  4%]   step 11403
[  4%]   step 11404
[  4%]   step 11405
[  4%]   step 11406
[  4%]   step 11407
[  4%]   step 11408
[  4%]   step 11409
[  4%]   step 11410
[  4%]   step 11411
[  4%]   step 11412
[  4%]   step 11413
[  4%]   step 11414
[  4%]   step 11415
[  4%]   step 11416
[  4%]   step 11417
[  4%]   step 11418
[  4%]   step 11419
[  4%]   step 11420
[  4%]   step 11421
[  4%]   step 11422
[  4%]   step 11423
[  4%]   step 11424
[  4%]   step 11425
[  4%]   step 11426
[  4%]   step 11427
[  4%]   step 11428
[  4%]   step 11429
[  4%]   step 11430
[  4%]   step 11431
[  4%]   step 11432
[  4%]   step 11433
[  4%]   step 11434
[  4%]   step 11435
[  4%]   step 11436
[  4%]   step 11437
[  4%]   step 11438
[  4%]   step 11439
[  4%]   step 11440
[  4%]   step 11441
[  4%]   step 11442
[  4%]   step 11443
[  4%]   step 11444
[  4%]   step 11445
[  4%]   step 11446
[  4%]   step 11447
[  4%]   step 11448
[  4%]   step 11449
[  4%]   step 11450
[  4%]   step 11451
[  4%]   step 11452
[  4%]   step 11453
[  4%]   step 11454
[  4%]   step 11455
[  4%]   step 11456
[  4%]   step 11457
[  4%]   step 11458
[  4%]   step 11459
[  4%]   step 11460
[  4%]   step 11461
[  4%]   step 11462
[  4%]   step 11463
[  4%]   step 11464
[  4%]   step 11465
[  4%]   step 11466
[  4%]   step 11467
[  4%]   step 11468
[  4%]   step 11469
[  4%]   step 11470
[  4%]   step 11471
[  4%]   step 11472
[  4%]   step 11473
[  4%]   step 11474
[  4%]   step 11475
[  4%]   step 11476
[  4%]   step 11477
[  4%]   step 11478
[  4%]   step 11479
[  4%]   step 11480
[  4%]   step 11481
[  4%]   step 11482
[  4%]   step 11483
[  4%]   step 11484
[  4%]   step 11485
[  4%]   step 11486
[  4%]   step 11487
[  4%]   step 11488
[  4%]   step 11489
[  4%]   step 11490
[  4%]   step 11491
[  4%]   step 11492
[  4%]   step 11493
[  4%]   step 11494
[  4%]   step 11495
[  4%]   step 11496
[  4%]   step 11497
[  4%]   step 11498
[  4%]   step 11499
[  4%]   step 11500
[  4%]   step 11501
[  4%]   step 11502
[  4%]   step 11503
[  4%]   step 11504
[  4%]   step 11505
[  4%]   step 11506
[  4%]   step 11507
[  4%]   step 11508
[  4%]   step 11509
[  4%]   step 11510
[  4%]   step 11511
[  4%]   step 11512
[  4%]   step 11513
[  4%]   step 11514
[  4%]   step 11515
[  4%]   step 11516
[  4%]   step 11517
[  4%]   step 11518
[  4%]   step 11519
[  4%]   step 11520
[  4%]   step 11521
[  4%]   step 11522
[  4%]   step 11523
[  4%]   step 11524
[  4%]   step 11525
[  4%]   step 11526
[  4%]   step 11527
[  4%]   step 11528
[  4%]   step 11529
[  4%]   step 11530
[  4%]   step 11531
[  4%]   step 11532
[  4%]   step 11533
[  4%]   step 11534
[  4%]   step 11535
[  4%]   step 11536
[  4%]   step 11537
[  4%]   step 11538
[  4%]   step 11539
[  4%]   step 11540
[  4%]   step 11541
[  4%]   step 11542
[  4%]   step 11543
[  4%]   step 11544
[  4%]   step 11545
[  4%]   step 11546
[  4%]   step 11547
[  4%]   step 11548
[  4%]   step 11549
[  4%]   step 11550
[  4%]   step 11551
[  4%]   step 11552
[  4%]   step 11553
[  4%]   step 11554
[  4%]   step 11555
[  4%]   step 11556
[  4%]   step 11557
[  4%]   step 11558
[  4%]   step 11559
[  4%]   step 11560
[  4%]   step 11561
[  4%]   step 11562
[  4%]   step 11563
[  4%]   step 11564
[  4%]   step 11565
[  4%]   step 11566
[  4%]   step 11567
[  4%]   step 11568
[  4%]   step 11569
[  4%]   step 11570
[  4%]   step 11571
[  4%]   step 11572
[  4%]   step 11573
[  4%]   step 11574
[  4%]   step 11575
[  4%]   step 11576
[  4%]   step 11577
[  4%]   step 11578
[  4%]   step 11579
[  4%]   step 11580
[  4%]   step 11581
[  4%]   step 11582
[  4%]   step 11583
[  4%]   step 11584
[  4%]   step 11585
[  4%]   step 11586
[  4%]   step 11587
[  4%]   step 11588
[  4%]   step 11589
[  4%]   step 11590
[  4%]   step 11591
[  4%]   step 11592
[  4%]   step 11593
[  4%]   step 11594
[  4%]   step 11595
[  4%]   step 11596
[  4%]   step 11597
[  4%]   step 11598
[  4%]   step 11599
[  4%]   step 11600
[  4%]   step 11601
[  4%]   step 11602
[  4%]   step 11603
[  4%]   step 11604
[  4%]   step 11605
[  4%]   step 11606
[  4%]   step 11607
[  4%]   step 11608
[  4%]   step 11609
[  4%]   step 11610
[  4%]   step 11611
[  4%]   step 11612
[  4%]   step 11613
[  4%]   step 11614
[  4%]   step 11615
[  4%]   step 11616
[  4%]   step 11617
[  4%]   step 11618
[  4%]   step 11619
[  4%]   step 11620
[  4%]   step 11621
[  4%]   step 11622
[  4%]   step 11623
[  4%]   step 11624
[  4%]   step 11625
[  4%]   step 11626
[  4%]   step 11627
[  4%]   step 11628
[  4%]   step 11629
[  4%]   step 11630
[  4%]   step 11631
[  4%]   step 11632
[  4%]   step 11633
[  4%]   step 11634
[  4%]   step 11635
[  4%]   step 11636
[  4%]   step 11637
[  4%]   step 11638
[  4%]   step 11639
[  4%]   step 11640
[  4%]   step 11641
[  4%]   step 11642
[  4%]   step 11643
[  4%]   step 11644
[  4%]   step 11645
[  4%]   step 11646
[  4%]   step 11647
[  4%]   step 11648
[  4%]   step 11649
[  4%]   step 11650
[  4%]   step 11651
[  4%]   step 11652
[  4%]   step 11653
[  4%]   step 11654
[  4%]   step 11655
[  4%]   step 11656
[  4%]   step 11657
[  4%]   step 11658
[  4%]   step 11659
[  4%]   step 11660
[  4%]   step 11661
[  4%]   step 11662
[  4%]   step 11663
[  4%]   step 11664
[  4%]   step 11665
[  4%]   step 11666
[  4%]   step 11667
[  4%]   step 11668
[  4%]   step 11669
[  4%]   step 11670
[  4%]   step 11671
[  4%]   step 11672
[  4%]   step 11673
[  4%]   step 11674
[  4%]   step 11675
[  4%]   step 11676
[  4%]   step 11677
[  4%]   step 11678
[  4%]   step 11679
[  4%]   step 11680
[  4%]   step 11681
[  4%]   step 11682
[  4%]   step 11683
[  4%]   step 11684
[  4%]   step 11685
[  4%]   step 11686
[  4%]   step 11687
[  4%]   step 11688
[  4%]   step 11689
[  4%]   step 11690
[  4%]   step 11691
[  4%]   step 11692
[  4%]   step 11693
[  4%]   step 11694
[  4%]   step 11695
[  4%]   step 11696
[  4%]   step 11697
[  4%]   step 11698
[  4%]   step 11699
[  4%]   step 11700
[  4%]   step 11701
[  4%]   step 11702
[  4%]   step 11703
[  4%]   step 11704
[  4%]   step 11705
[  4%]   step 11706
[  4%]   step 11707
[  4%]   step 11708
[  4%]   step 11709
[  4%]   step 11710
[  4%]   step 11711
[  4%]   step 11712
[  4%]   step 11713
[  4%]   step 11714
[  4%]   step 11715
[  4%]   step 11716
[  4%]   step 11717
[  4%]   step 11718
[  4%]   step 11719
[  4%]   step 11720
[  4%]   step 11721
[  4%]   step 11722
[  4%]   step 11723
[  4%]   step 11724
[  4%]   step 11725
[  4%]   step 11726
[  4%]   step 11727
[  4%]   step 11728
[  4%]   step 11729
[  4%]   step 11730
[  4%]   step 11731
[  4%]   step 11732
[  4%]   step 11733
[  4%]   step 11734
[  4%]   step 11735
[  4%]   step 11736
[  4%]   step 11737
[  4%]   step 11738
[  4%]   step 11739
[  4%]   step 11740
[  4%]   step 11741
[  4%]   step 11742
[  4%]   step 11743
+SWASH is processing output request    1
+SWASH is processing output request    2
[  4%]   step 11744
[  4%]   step 11745
[  4%]   step 11746
[  4%]   step 11747
[  4%]   step 11748
[  4%]   step 11749
[  4%]   step 11750
[  4%]   step 11751
[  4%]   step 11752
[  4%]   step 11753
[  4%]   step 11754
[  4%]   step 11755
[  4%]   step 11756
[  4%]   step 11757
[  4%]   step 11758
[  4%]   step 11759
[  4%]   step 11760
[  4%]   step 11761
[  4%]   step 11762
[  4%]   step 11763
[  4%]   step 11764
[  4%]   step 11765
[  4%]   step 11766
[  4%]   step 11767
[  4%]   step 11768
[  4%]   step 11769
[  4%]   step 11770
[  4%]   step 11771
[  4%]   step 11772
[  4%]   step 11773
[  4%]   step 11774
[  4%]   step 11775
[  4%]   step 11776
[  4%]   step 11777
[  4%]   step 11778
[  4%]   step 11779
[  4%]   step 11780
[  4%]   step 11781
[  4%]   step 11782
[  4%]   step 11783
[  4%]   step 11784
[  4%]   step 11785
[  4%]   step 11786
[  4%]   step 11787
[  4%]   step 11788
[  4%]   step 11789
[  4%]   step 11790
[  4%]   step 11791
[  4%]   step 11792
[  4%]   step 11793
[  4%]   step 11794
[  4%]   step 11795
[  4%]   step 11796
[  4%]   step 11797
[  4%]   step 11798
[  4%]   step 11799
[  4%]   step 11800
[  4%]   step 11801
[  4%]   step 11802
[  4%]   step 11803
[  4%]   step 11804
[  4%]   step 11805
[  4%]   step 11806
[  4%]   step 11807
[  4%]   step 11808
[  4%]   step 11809
[  4%]   step 11810
[  4%]   step 11811
[  4%]   step 11812
[  4%]   step 11813
[  4%]   step 11814
[  4%]   step 11815
[  4%]   step 11816
[  4%]   step 11817
[  4%]   step 11818
[  4%]   step 11819
[  4%]   step 11820
[  4%]   step 11821
[  4%]   step 11822
[  4%]   step 11823
[  4%]   step 11824
[  4%]   step 11825
[  4%]   step 11826
[  4%]   step 11827
[  4%]   step 11828
[  4%]   step 11829
[  4%]   step 11830
[  4%]   step 11831
[  4%]   step 11832
[  4%]   step 11833
[  4%]   step 11834
[  4%]   step 11835
[  4%]   step 11836
[  4%]   step 11837
[  4%]   step 11838
[  4%]   step 11839
[  4%]   step 11840
[  4%]   step 11841
[  4%]   step 11842
[  4%]   step 11843
[  4%]   step 11844
[  4%]   step 11845
[  4%]   step 11846
[  4%]   step 11847
[  4%]   step 11848
[  4%]   step 11849
[  4%]   step 11850
[  4%]   step 11851
[  4%]   step 11852
[  4%]   step 11853
[  4%]   step 11854
[  4%]   step 11855
[  4%]   step 11856
[  4%]   step 11857
[  4%]   step 11858
[  4%]   step 11859
[  4%]   step 11860
[  4%]   step 11861
[  4%]   step 11862
[  4%]   step 11863
[  4%]   step 11864
[  4%]   step 11865
[  4%]   step 11866
[  4%]   step 11867
[  4%]   step 11868
[  4%]   step 11869
[  4%]   step 11870
[  4%]   step 11871
[  4%]   step 11872
[  4%]   step 11873
[  4%]   step 11874
[  4%]   step 11875
[  4%]   step 11876
[  4%]   step 11877
[  4%]   step 11878
[  4%]   step 11879
[  4%]   step 11880
[  4%]   step 11881
[  4%]   step 11882
[  4%]   step 11883
[  4%]   step 11884
[  4%]   step 11885
[  4%]   step 11886
[  4%]   step 11887
[  4%]   step 11888
[  4%]   step 11889
[  4%]   step 11890
[  4%]   step 11891
[  4%]   step 11892
[  4%]   step 11893
[  4%]   step 11894
[  4%]   step 11895
[  4%]   step 11896
[  4%]   step 11897
[  4%]   step 11898
[  4%]   step 11899
[  4%]   step 11900
[  4%]   step 11901
[  4%]   step 11902
[  4%]   step 11903
[  4%]   step 11904
[  4%]   step 11905
[  4%]   step 11906
[  4%]   step 11907
[  4%]   step 11908
[  4%]   step 11909
[  4%]   step 11910
[  4%]   step 11911
[  4%]   step 11912
[  4%]   step 11913
[  4%]   step 11914
[  4%]   step 11915
[  4%]   step 11916
[  4%]   step 11917
[  4%]   step 11918
[  4%]   step 11919
[  4%]   step 11920
[  4%]   step 11921
[  4%]   step 11922
[  4%]   step 11923
[  4%]   step 11924
[  4%]   step 11925
[  4%]   step 11926
[  4%]   step 11927
[  4%]   step 11928
[  4%]   step 11929
[  4%]   step 11930
[  4%]   step 11931
[  4%]   step 11932
[  4%]   step 11933
[  4%]   step 11934
[  4%]   step 11935
[  4%]   step 11936
[  4%]   step 11937
[  4%]   step 11938
[  4%]   step 11939
[  4%]   step 11940
[  4%]   step 11941
[  4%]   step 11942
[  4%]   step 11943
[  4%]   step 11944
[  4%]   step 11945
[  4%]   step 11946
[  4%]   step 11947
[  4%]   step 11948
[  4%]   step 11949
[  4%]   step 11950
[  4%]   step 11951
[  4%]   step 11952
[  4%]   step 11953
[  4%]   step 11954
[  4%]   step 11955
[  4%]   step 11956
[  4%]   step 11957
[  4%]   step 11958
[  4%]   step 11959
[  4%]   step 11960
[  4%]   step 11961
[  4%]   step 11962
[  4%]   step 11963
[  4%]   step 11964
[  4%]   step 11965
[  4%]   step 11966
[  4%]   step 11967
[  4%]   step 11968
[  4%]   step 11969
[  4%]   step 11970
[  4%]   step 11971
[  4%]   step 11972
[  4%]   step 11973
[  4%]   step 11974
[  4%]   step 11975
[  4%]   step 11976
[  4%]   step 11977
[  4%]   step 11978
[  4%]   step 11979
[  4%]   step 11980
[  4%]   step 11981
[  4%]   step 11982
[  4%]   step 11983
[  4%]   step 11984
[  4%]   step 11985
[  4%]   step 11986
[  4%]   step 11987
[  4%]   step 11988
[  4%]   step 11989
[  4%]   step 11990
[  4%]   step 11991
[  4%]   step 11992
[  4%]   step 11993
[  4%]   step 11994
[  4%]   step 11995
[  4%]   step 11996
[  4%]   step 11997
[  4%]   step 11998
[  4%]   step 11999
[  4%]   step 12000
[  4%]   step 12001
[  4%]   step 12002
[  4%]   step 12003
[  4%]   step 12004
[  4%]   step 12005
[  4%]   step 12006
[  4%]   step 12007
[  4%]   step 12008
[  4%]   step 12009
[  4%]   step 12010
[  4%]   step 12011
[  4%]   step 12012
[  4%]   step 12013
[  4%]   step 12014
[  4%]   step 12015
[  4%]   step 12016
[  4%]   step 12017
[  4%]   step 12018
[  4%]   step 12019
[  4%]   step 12020
[  4%]   step 12021
[  4%]   step 12022
[  4%]   step 12023
[  4%]   step 12024
[  4%]   step 12025
[  4%]   step 12026
[  4%]   step 12027
[  4%]   step 12028
[  4%]   step 12029
[  4%]   step 12030
[  4%]   step 12031
[  4%]   step 12032
[  4%]   step 12033
[  4%]   step 12034
[  4%]   step 12035
[  4%]   step 12036
[  4%]   step 12037
[  4%]   step 12038
[  4%]   step 12039
[  4%]   step 12040
[  4%]   step 12041
[  4%]   step 12042
[  4%]   step 12043
[  4%]   step 12044
[  4%]   step 12045
[  4%]   step 12046
[  4%]   step 12047
[  4%]   step 12048
[  4%]   step 12049
[  4%]   step 12050
[  4%]   step 12051
[  4%]   step 12052
[  4%]   step 12053
[  4%]   step 12054
[  4%]   step 12055
[  4%]   step 12056
[  4%]   step 12057
[  4%]   step 12058
[  4%]   step 12059
[  4%]   step 12060
[  4%]   step 12061
[  4%]   step 12062
[  4%]   step 12063
[  4%]   step 12064
[  4%]   step 12065
[  4%]   step 12066
[  4%]   step 12067
[  4%]   step 12068
[  4%]   step 12069
[  4%]   step 12070
[  4%]   step 12071
[  4%]   step 12072
[  4%]   step 12073
[  4%]   step 12074
[  4%]   step 12075
[  4%]   step 12076
[  4%]   step 12077
[  4%]   step 12078
[  4%]   step 12079
[  4%]   step 12080
[  4%]   step 12081
[  4%]   step 12082
[  4%]   step 12083
[  4%]   step 12084
[  4%]   step 12085
[  4%]   step 12086
[  4%]   step 12087
[  4%]   step 12088
[  4%]   step 12089
[  4%]   step 12090
[  4%]   step 12091
[  4%]   step 12092
[  4%]   step 12093
[  4%]   step 12094
[  4%]   step 12095
[  4%]   step 12096
[  4%]   step 12097
[  4%]   step 12098
[  4%]   step 12099
[  4%]   step 12100
[  4%]   step 12101
[  4%]   step 12102
[  4%]   step 12103
[  4%]   step 12104
[  4%]   step 12105
[  4%]   step 12106
[  4%]   step 12107
[  4%]   step 12108
[  4%]   step 12109
[  4%]   step 12110
[  4%]   step 12111
[  4%]   step 12112
[  4%]   step 12113
[  4%]   step 12114
[  4%]   step 12115
[  4%]   step 12116
[  4%]   step 12117
[  4%]   step 12118
[  4%]   step 12119
[  4%]   step 12120
[  4%]   step 12121
[  4%]   step 12122
[  4%]   step 12123
[  4%]   step 12124
[  4%]   step 12125
[  4%]   step 12126
[  4%]   step 12127
[  4%]   step 12128
[  4%]   step 12129
[  4%]   step 12130
[  4%]   step 12131
[  4%]   step 12132
[  4%]   step 12133
[  4%]   step 12134
+SWASH is processing output request    1
+SWASH is processing output request    2
[  4%]   step 12135
[  4%]   step 12136
[  4%]   step 12137
[  4%]   step 12138
[  4%]   step 12139
[  4%]   step 12140
[  4%]   step 12141
[  4%]   step 12142
[  4%]   step 12143
[  4%]   step 12144
[  4%]   step 12145
[  4%]   step 12146
[  4%]   step 12147
[  4%]   step 12148
[  4%]   step 12149
[  4%]   step 12150
[  4%]   step 12151
[  4%]   step 12152
[  4%]   step 12153
[  4%]   step 12154
[  4%]   step 12155
[  4%]   step 12156
[  4%]   step 12157
[  4%]   step 12158
[  4%]   step 12159
[  4%]   step 12160
[  4%]   step 12161
[  4%]   step 12162
[  4%]   step 12163
[  4%]   step 12164
[  4%]   step 12165
[  4%]   step 12166
[  4%]   step 12167
[  4%]   step 12168
[  4%]   step 12169
[  4%]   step 12170
[  4%]   step 12171
[  4%]   step 12172
[  4%]   step 12173
[  4%]   step 12174
[  4%]   step 12175
[  4%]   step 12176
[  4%]   step 12177
[  4%]   step 12178
[  4%]   step 12179
[  4%]   step 12180
[  4%]   step 12181
[  4%]   step 12182
[  4%]   step 12183
[  4%]   step 12184
[  4%]   step 12185
[  4%]   step 12186
[  4%]   step 12187
[  4%]   step 12188
[  4%]   step 12189
[  4%]   step 12190
[  4%]   step 12191
[  4%]   step 12192
[  4%]   step 12193
[  4%]   step 12194
[  4%]   step 12195
[  4%]   step 12196
[  4%]   step 12197
[  4%]   step 12198
[  4%]   step 12199
[  4%]   step 12200
[  4%]   step 12201
[  4%]   step 12202
[  4%]   step 12203
[  4%]   step 12204
[  4%]   step 12205
[  4%]   step 12206
[  4%]   step 12207
[  4%]   step 12208
[  4%]   step 12209
[  4%]   step 12210
[  4%]   step 12211
[  4%]   step 12212
[  4%]   step 12213
[  4%]   step 12214
[  4%]   step 12215
[  4%]   step 12216
[  4%]   step 12217
[  4%]   step 12218
[  4%]   step 12219
[  4%]   step 12220
[  4%]   step 12221
[  4%]   step 12222
[  4%]   step 12223
[  4%]   step 12224
[  4%]   step 12225
[  4%]   step 12226
[  4%]   step 12227
[  4%]   step 12228
[  4%]   step 12229
[  4%]   step 12230
[  4%]   step 12231
[  4%]   step 12232
[  4%]   step 12233
[  4%]   step 12234
[  4%]   step 12235
[  4%]   step 12236
[  4%]   step 12237
[  4%]   step 12238
[  4%]   step 12239
[  4%]   step 12240
[  4%]   step 12241
[  4%]   step 12242
[  4%]   step 12243
[  4%]   step 12244
[  4%]   step 12245
[  4%]   step 12246
[  4%]   step 12247
[  4%]   step 12248
[  4%]   step 12249
[  4%]   step 12250
[  4%]   step 12251
[  4%]   step 12252
[  4%]   step 12253
[  4%]   step 12254
[  4%]   step 12255
[  4%]   step 12256
[  4%]   step 12257
[  4%]   step 12258
[  4%]   step 12259
[  4%]   step 12260
[  4%]   step 12261
[  4%]   step 12262
[  4%]   step 12263
[  4%]   step 12264
[  4%]   step 12265
[  4%]   step 12266
[  4%]   step 12267
[  4%]   step 12268
[  4%]   step 12269
[  4%]   step 12270
[  4%]   step 12271
[  4%]   step 12272
[  4%]   step 12273
[  4%]   step 12274
[  4%]   step 12275
[  4%]   step 12276
[  4%]   step 12277
[  4%]   step 12278
[  4%]   step 12279
[  4%]   step 12280
[  4%]   step 12281
[  4%]   step 12282
[  4%]   step 12283
[  4%]   step 12284
[  4%]   step 12285
[  4%]   step 12286
[  4%]   step 12287
[  4%]   step 12288
[  4%]   step 12289
[  4%]   step 12290
[  4%]   step 12291
[  4%]   step 12292
[  4%]   step 12293
[  4%]   step 12294
[  4%]   step 12295
[  4%]   step 12296
[  4%]   step 12297
[  4%]   step 12298
[  4%]   step 12299
[  4%]   step 12300
[  4%]   step 12301
[  4%]   step 12302
[  4%]   step 12303
[  4%]   step 12304
[  4%]   step 12305
[  4%]   step 12306
[  4%]   step 12307
[  4%]   step 12308
[  4%]   step 12309
[  4%]   step 12310
[  4%]   step 12311
[  4%]   step 12312
[  4%]   step 12313
[  4%]   step 12314
[  4%]   step 12315
[  4%]   step 12316
[  4%]   step 12317
[  4%]   step 12318
[  4%]   step 12319
[  4%]   step 12320
[  4%]   step 12321
[  4%]   step 12322
[  4%]   step 12323
[  4%]   step 12324
[  4%]   step 12325
[  4%]   step 12326
[  4%]   step 12327
[  4%]   step 12328
[  4%]   step 12329
[  4%]   step 12330
[  4%]   step 12331
[  4%]   step 12332
[  4%]   step 12333
[  4%]   step 12334
[  4%]   step 12335
[  4%]   step 12336
[  4%]   step 12337
[  4%]   step 12338
[  4%]   step 12339
[  4%]   step 12340
[  4%]   step 12341
[  4%]   step 12342
[  4%]   step 12343
[  4%]   step 12344
[  4%]   step 12345
[  4%]   step 12346
[  4%]   step 12347
[  4%]   step 12348
[  4%]   step 12349
[  4%]   step 12350
[  4%]   step 12351
[  4%]   step 12352
[  4%]   step 12353
[  4%]   step 12354
[  4%]   step 12355
[  4%]   step 12356
[  4%]   step 12357
[  4%]   step 12358
[  4%]   step 12359
[  4%]   step 12360
[  4%]   step 12361
[  4%]   step 12362
[  4%]   step 12363
[  4%]   step 12364
[  4%]   step 12365
[  4%]   step 12366
[  4%]   step 12367
[  4%]   step 12368
[  4%]   step 12369
[  4%]   step 12370
[  4%]   step 12371
[  4%]   step 12372
[  4%]   step 12373
[  4%]   step 12374
[  4%]   step 12375
[  4%]   step 12376
[  4%]   step 12377
[  4%]   step 12378
[  4%]   step 12379
[  4%]   step 12380
[  4%]   step 12381
[  4%]   step 12382
[  4%]   step 12383
[  4%]   step 12384
[  4%]   step 12385
[  4%]   step 12386
[  4%]   step 12387
[  4%]   step 12388
[  4%]   step 12389
[  4%]   step 12390
[  4%]   step 12391
[  4%]   step 12392
[  4%]   step 12393
[  4%]   step 12394
[  4%]   step 12395
[  4%]   step 12396
[  4%]   step 12397
[  4%]   step 12398
[  4%]   step 12399
[  4%]   step 12400
[  4%]   step 12401
[  4%]   step 12402
[  4%]   step 12403
[  4%]   step 12404
[  4%]   step 12405
[  4%]   step 12406
[  4%]   step 12407
[  4%]   step 12408
[  4%]   step 12409
[  4%]   step 12410
[  4%]   step 12411
[  4%]   step 12412
[  4%]   step 12413
[  4%]   step 12414
[  4%]   step 12415
[  4%]   step 12416
[  4%]   step 12417
[  4%]   step 12418
[  4%]   step 12419
[  4%]   step 12420
[  4%]   step 12421
[  4%]   step 12422
[  4%]   step 12423
[  4%]   step 12424
[  4%]   step 12425
[  4%]   step 12426
[  4%]   step 12427
[  4%]   step 12428
[  4%]   step 12429
[  4%]   step 12430
[  4%]   step 12431
[  4%]   step 12432
[  4%]   step 12433
[  4%]   step 12434
[  4%]   step 12435
[  4%]   step 12436
[  4%]   step 12437
[  4%]   step 12438
[  4%]   step 12439
[  4%]   step 12440
[  4%]   step 12441
[  4%]   step 12442
[  4%]   step 12443
[  4%]   step 12444
[  4%]   step 12445
[  4%]   step 12446
[  4%]   step 12447
[  4%]   step 12448
[  4%]   step 12449
[  4%]   step 12450
[  4%]   step 12451
[  4%]   step 12452
[  4%]   step 12453
[  4%]   step 12454
[  4%]   step 12455
[  4%]   step 12456
[  4%]   step 12457
[  4%]   step 12458
[  4%]   step 12459
[  4%]   step 12460
[  4%]   step 12461
[  4%]   step 12462
[  4%]   step 12463
[  4%]   step 12464
[  4%]   step 12465
[  4%]   step 12466
[  4%]   step 12467
[  4%]   step 12468
[  4%]   step 12469
[  4%]   step 12470
[  4%]   step 12471
[  4%]   step 12472
[  4%]   step 12473
[  4%]   step 12474
[  4%]   step 12475
[  4%]   step 12476
[  4%]   step 12477
[  4%]   step 12478
[  4%]   step 12479
[  4%]   step 12480
[  4%]   step 12481
[  4%]   step 12482
[  4%]   step 12483
[  4%]   step 12484
[  4%]   step 12485
[  4%]   step 12486
[  4%]   step 12487
[  4%]   step 12488
[  4%]   step 12489
[  4%]   step 12490
[  4%]   step 12491
[  4%]   step 12492
[  4%]   step 12493
[  4%]   step 12494
[  4%]   step 12495
[  4%]   step 12496
[  4%]   step 12497
[  4%]   step 12498
[  4%]   step 12499
[  4%]   step 12500
[  4%]   step 12501
[  4%]   step 12502
[  4%]   step 12503
[  4%]   step 12504
[  4%]   step 12505
[  4%]   step 12506
[  4%]   step 12507
[  4%]   step 12508
[  4%]   step 12509
[  4%]   step 12510
[  4%]   step 12511
[  4%]   step 12512
[  4%]   step 12513
[  4%]   step 12514
[  4%]   step 12515
[  4%]   step 12516
[  4%]   step 12517
[  4%]   step 12518
[  4%]   step 12519
[  4%]   step 12520
[  4%]   step 12521
[  4%]   step 12522
[  4%]   step 12523
[  4%]   step 12524
[  4%]   step 12525
[  4%]   step 12526
+SWASH is processing output request    1
+SWASH is processing output request    2
[  4%]   step 12527
[  4%]   step 12528
[  4%]   step 12529
[  4%]   step 12530
[  4%]   step 12531
[  4%]   step 12532
[  4%]   step 12533
[  4%]   step 12534
[  4%]   step 12535
[  4%]   step 12536
[  4%]   step 12537
[  4%]   step 12538
[  4%]   step 12539
[  4%]   step 12540
[  4%]   step 12541
[  4%]   step 12542
[  4%]   step 12543
[  4%]   step 12544
[  4%]   step 12545
[  4%]   step 12546
[  4%]   step 12547
[  4%]   step 12548
[  4%]   step 12549
[  4%]   step 12550
[  4%]   step 12551
[  4%]   step 12552
[  4%]   step 12553
[  4%]   step 12554
[  4%]   step 12555
[  4%]   step 12556
[  4%]   step 12557
[  4%]   step 12558
[  4%]   step 12559
[  4%]   step 12560
[  4%]   step 12561
[  4%]   step 12562
[  4%]   step 12563
[  4%]   step 12564
[  4%]   step 12565
[  4%]   step 12566
[  4%]   step 12567
[  4%]   step 12568
[  4%]   step 12569
[  4%]   step 12570
[  4%]   step 12571
[  4%]   step 12572
[  4%]   step 12573
[  4%]   step 12574
[  4%]   step 12575
[  4%]   step 12576
[  4%]   step 12577
[  4%]   step 12578
[  4%]   step 12579
[  4%]   step 12580
[  4%]   step 12581
[  4%]   step 12582
[  4%]   step 12583
[  4%]   step 12584
[  4%]   step 12585
[  4%]   step 12586
[  4%]   step 12587
[  4%]   step 12588
[  4%]   step 12589
[  4%]   step 12590
[  4%]   step 12591
[  4%]   step 12592
[  4%]   step 12593
[  4%]   step 12594
[  4%]   step 12595
[  4%]   step 12596
[  4%]   step 12597
[  4%]   step 12598
[  4%]   step 12599
[  4%]   step 12600
[  4%]   step 12601
[  4%]   step 12602
[  4%]   step 12603
[  4%]   step 12604
[  4%]   step 12605
[  4%]   step 12606
[  4%]   step 12607
[  4%]   step 12608
[  4%]   step 12609
[  4%]   step 12610
[  4%]   step 12611
[  4%]   step 12612
[  4%]   step 12613
[  4%]   step 12614
[  4%]   step 12615
[  4%]   step 12616
[  4%]   step 12617
[  4%]   step 12618
[  4%]   step 12619
[  4%]   step 12620
[  4%]   step 12621
[  4%]   step 12622
[  4%]   step 12623
[  4%]   step 12624
[  4%]   step 12625
[  4%]   step 12626
[  4%]   step 12627
[  4%]   step 12628
[  4%]   step 12629
[  4%]   step 12630
[  4%]   step 12631
[  4%]   step 12632
[  4%]   step 12633
[  4%]   step 12634
[  4%]   step 12635
[  4%]   step 12636
[  4%]   step 12637
[  4%]   step 12638
[  4%]   step 12639
[  4%]   step 12640
[  4%]   step 12641
[  4%]   step 12642
[  4%]   step 12643
[  4%]   step 12644
[  4%]   step 12645
[  4%]   step 12646
[  4%]   step 12647
[  4%]   step 12648
[  4%]   step 12649
[  4%]   step 12650
[  4%]   step 12651
[  4%]   step 12652
[  4%]   step 12653
[  4%]   step 12654
[  4%]   step 12655
[  4%]   step 12656
[  4%]   step 12657
[  4%]   step 12658
[  4%]   step 12659
[  4%]   step 12660
[  4%]   step 12661
[  4%]   step 12662
[  4%]   step 12663
[  4%]   step 12664
[  4%]   step 12665
[  4%]   step 12666
[  4%]   step 12667
[  4%]   step 12668
[  4%]   step 12669
[  4%]   step 12670
[  4%]   step 12671
[  4%]   step 12672
[  4%]   step 12673
[  4%]   step 12674
[  4%]   step 12675
[  4%]   step 12676
[  4%]   step 12677
[  4%]   step 12678
[  4%]   step 12679
[  4%]   step 12680
[  4%]   step 12681
[  4%]   step 12682
[  4%]   step 12683
[  4%]   step 12684
[  4%]   step 12685
[  4%]   step 12686
[  4%]   step 12687
[  4%]   step 12688
[  4%]   step 12689
[  4%]   step 12690
[  4%]   step 12691
[  4%]   step 12692
[  4%]   step 12693
[  4%]   step 12694
[  4%]   step 12695
[  4%]   step 12696
[  4%]   step 12697
[  4%]   step 12698
[  4%]   step 12699
[  4%]   step 12700
[  4%]   step 12701
[  4%]   step 12702
[  4%]   step 12703
[  4%]   step 12704
[  4%]   step 12705
[  4%]   step 12706
[  4%]   step 12707
[  4%]   step 12708
[  4%]   step 12709
[  4%]   step 12710
[  4%]   step 12711
[  4%]   step 12712
[  4%]   step 12713
[  4%]   step 12714
[  4%]   step 12715
[  4%]   step 12716
[  4%]   step 12717
[  4%]   step 12718
[  4%]   step 12719
[  4%]   step 12720
[  4%]   step 12721
[  4%]   step 12722
[  4%]   step 12723
[  4%]   step 12724
[  4%]   step 12725
[  4%]   step 12726
[  4%]   step 12727
[  4%]   step 12728
[  4%]   step 12729
[  4%]   step 12730
[  4%]   step 12731
[  4%]   step 12732
[  4%]   step 12733
[  4%]   step 12734
[  4%]   step 12735
[  4%]   step 12736
[  4%]   step 12737
[  4%]   step 12738
[  4%]   step 12739
[  4%]   step 12740
[  4%]   step 12741
[  4%]   step 12742
[  4%]   step 12743
[  4%]   step 12744
[  4%]   step 12745
[  4%]   step 12746
[  4%]   step 12747
[  4%]   step 12748
[  4%]   step 12749
[  4%]   step 12750
[  4%]   step 12751
[  4%]   step 12752
[  4%]   step 12753
[  4%]   step 12754
[  4%]   step 12755
[  4%]   step 12756
[  4%]   step 12757
[  4%]   step 12758
[  4%]   step 12759
[  4%]   step 12760
[  4%]   step 12761
[  4%]   step 12762
[  4%]   step 12763
[  4%]   step 12764
[  4%]   step 12765
[  4%]   step 12766
[  4%]   step 12767
[  4%]   step 12768
[  4%]   step 12769
[  4%]   step 12770
[  4%]   step 12771
[  4%]   step 12772
[  4%]   step 12773
[  4%]   step 12774
[  4%]   step 12775
[  4%]   step 12776
[  4%]   step 12777
[  4%]   step 12778
[  4%]   step 12779
[  4%]   step 12780
[  4%]   step 12781
[  4%]   step 12782
[  4%]   step 12783
[  4%]   step 12784
[  4%]   step 12785
[  4%]   step 12786
[  4%]   step 12787
[  4%]   step 12788
[  4%]   step 12789
[  4%]   step 12790
[  4%]   step 12791
[  4%]   step 12792
[  4%]   step 12793
[  4%]   step 12794
[  4%]   step 12795
[  4%]   step 12796
[  4%]   step 12797
[  4%]   step 12798
[  4%]   step 12799
[  4%]   step 12800
[  4%]   step 12801
[  4%]   step 12802
[  4%]   step 12803
[  4%]   step 12804
[  4%]   step 12805
[  4%]   step 12806
[  4%]   step 12807
[  4%]   step 12808
[  4%]   step 12809
[  4%]   step 12810
[  4%]   step 12811
[  4%]   step 12812
[  4%]   step 12813
[  4%]   step 12814
[  4%]   step 12815
[  4%]   step 12816
[  4%]   step 12817
[  4%]   step 12818
[  4%]   step 12819
[  4%]   step 12820
[  4%]   step 12821
[  4%]   step 12822
[  4%]   step 12823
[  4%]   step 12824
[  4%]   step 12825
[  4%]   step 12826
[  4%]   step 12827
[  4%]   step 12828
[  4%]   step 12829
[  4%]   step 12830
[  4%]   step 12831
[  4%]   step 12832
[  4%]   step 12833
[  4%]   step 12834
[  4%]   step 12835
[  4%]   step 12836
[  4%]   step 12837
[  4%]   step 12838
[  4%]   step 12839
[  4%]   step 12840
[  4%]   step 12841
[  4%]   step 12842
[  4%]   step 12843
[  4%]   step 12844
[  4%]   step 12845
[  4%]   step 12846
[  4%]   step 12847
[  4%]   step 12848
[  4%]   step 12849
[  4%]   step 12850
[  4%]   step 12851
[  4%]   step 12852
[  4%]   step 12853
[  4%]   step 12854
[  4%]   step 12855
[  4%]   step 12856
[  4%]   step 12857
[  4%]   step 12858
[  4%]   step 12859
[  4%]   step 12860
[  4%]   step 12861
[  4%]   step 12862
[  4%]   step 12863
[  4%]   step 12864
[  4%]   step 12865
[  4%]   step 12866
[  4%]   step 12867
[  4%]   step 12868
[  4%]   step 12869
[  4%]   step 12870
[  4%]   step 12871
[  4%]   step 12872
[  4%]   step 12873
[  4%]   step 12874
[  4%]   step 12875
[  4%]   step 12876
[  4%]   step 12877
[  4%]   step 12878
[  4%]   step 12879
[  4%]   step 12880
[  4%]   step 12881
[  4%]   step 12882
[  4%]   step 12883
[  4%]   step 12884
[  4%]   step 12885
[  4%]   step 12886
[  4%]   step 12887
[  4%]   step 12888
[  4%]   step 12889
[  4%]   step 12890
[  4%]   step 12891
[  4%]   step 12892
[  4%]   step 12893
[  4%]   step 12894
[  4%]   step 12895
[  4%]   step 12896
[  4%]   step 12897
[  4%]   step 12898
[  4%]   step 12899
[  4%]   step 12900
[  4%]   step 12901
[  4%]   step 12902
[  4%]   step 12903
[  4%]   step 12904
[  4%]   step 12905
[  4%]   step 12906
[  4%]   step 12907
[  4%]   step 12908
[  4%]   step 12909
[  4%]   step 12910
[  4%]   step 12911
[  4%]   step 12912
[  4%]   step 12913
[  4%]   step 12914
[  4%]   step 12915
[  4%]   step 12916
[  4%]   step 12917
+SWASH is processing output request    1
+SWASH is processing output request    2
[  4%]   step 12918
[  4%]   step 12919
[  4%]   step 12920
[  4%]   step 12921
[  4%]   step 12922
[  4%]   step 12923
[  4%]   step 12924
[  4%]   step 12925
[  4%]   step 12926
[  4%]   step 12927
[  4%]   step 12928
[  4%]   step 12929
[  4%]   step 12930
[  4%]   step 12931
[  4%]   step 12932
[  4%]   step 12933
[  4%]   step 12934
[  4%]   step 12935
[  4%]   step 12936
[  4%]   step 12937
[  4%]   step 12938
[  4%]   step 12939
[  4%]   step 12940
[  4%]   step 12941
[  4%]   step 12942
[  4%]   step 12943
[  4%]   step 12944
[  4%]   step 12945
[  4%]   step 12946
[  4%]   step 12947
[  4%]   step 12948
[  4%]   step 12949
[  4%]   step 12950
[  4%]   step 12951
[  4%]   step 12952
[  4%]   step 12953
[  4%]   step 12954
[  4%]   step 12955
[  4%]   step 12956
[  4%]   step 12957
[  4%]   step 12958
[  4%]   step 12959
[  4%]   step 12960
[  4%]   step 12961
[  4%]   step 12962
[  4%]   step 12963
[  4%]   step 12964
[  4%]   step 12965
[  4%]   step 12966
[  4%]   step 12967
[  4%]   step 12968
[  4%]   step 12969
[  4%]   step 12970
[  4%]   step 12971
[  4%]   step 12972
[  4%]   step 12973
[  4%]   step 12974
[  4%]   step 12975
[  4%]   step 12976
[  4%]   step 12977
[  4%]   step 12978
[  4%]   step 12979
[  4%]   step 12980
[  4%]   step 12981
[  4%]   step 12982
[  4%]   step 12983
[  4%]   step 12984
[  4%]   step 12985
[  4%]   step 12986
[  4%]   step 12987
[  4%]   step 12988
[  4%]   step 12989
[  4%]   step 12990
[  4%]   step 12991
[  4%]   step 12992
[  4%]   step 12993
[  4%]   step 12994
[  4%]   step 12995
[  4%]   step 12996
[  4%]   step 12997
[  4%]   step 12998
[  4%]   step 12999
[  4%]   step 13000
[  4%]   step 13001
[  4%]   step 13002
[  4%]   step 13003
[  4%]   step 13004
[  4%]   step 13005
[  4%]   step 13006
[  4%]   step 13007
[  4%]   step 13008
[  4%]   step 13009
[  4%]   step 13010
[  4%]   step 13011
[  4%]   step 13012
[  4%]   step 13013
[  4%]   step 13014
[  4%]   step 13015
[  4%]   step 13016
[  4%]   step 13017
[  4%]   step 13018
[  4%]   step 13019
[  4%]   step 13020
[  4%]   step 13021
[  4%]   step 13022
[  4%]   step 13023
[  4%]   step 13024
[  4%]   step 13025
[  4%]   step 13026
[  4%]   step 13027
[  4%]   step 13028
[  4%]   step 13029
[  4%]   step 13030
[  4%]   step 13031
[  4%]   step 13032
[  4%]   step 13033
[  4%]   step 13034
[  4%]   step 13035
[  4%]   step 13036
[  4%]   step 13037
[  4%]   step 13038
[  4%]   step 13039
[  4%]   step 13040
[  4%]   step 13041
[  4%]   step 13042
[  4%]   step 13043
[  4%]   step 13044
[  4%]   step 13045
[  4%]   step 13046
[  4%]   step 13047
[  4%]   step 13048
[  4%]   step 13049
[  4%]   step 13050
[  4%]   step 13051
[  4%]   step 13052
[  4%]   step 13053
[  4%]   step 13054
[  4%]   step 13055
[  4%]   step 13056
[  4%]   step 13057
[  4%]   step 13058
[  4%]   step 13059
[  4%]   step 13060
[  4%]   step 13061
[  4%]   step 13062
[  4%]   step 13063
[  4%]   step 13064
[  4%]   step 13065
[  4%]   step 13066
[  4%]   step 13067
[  4%]   step 13068
[  4%]   step 13069
[  4%]   step 13070
[  4%]   step 13071
[  4%]   step 13072
[  4%]   step 13073
[  4%]   step 13074
[  4%]   step 13075
[  4%]   step 13076
[  4%]   step 13077
[  4%]   step 13078
[  4%]   step 13079
[  4%]   step 13080
[  4%]   step 13081
[  4%]   step 13082
[  4%]   step 13083
[  4%]   step 13084
[  4%]   step 13085
[  4%]   step 13086
[  4%]   step 13087
[  4%]   step 13088
[  4%]   step 13089
[  4%]   step 13090
[  4%]   step 13091
[  4%]   step 13092
[  4%]   step 13093
[  4%]   step 13094
[  4%]   step 13095
[  4%]   step 13096
[  4%]   step 13097
[  4%]   step 13098
[  4%]   step 13099
[  4%]   step 13100
[  4%]   step 13101
[  4%]   step 13102
[  4%]   step 13103
[  4%]   step 13104
[  4%]   step 13105
[  4%]   step 13106
[  4%]   step 13107
[  4%]   step 13108
[  4%]   step 13109
[  4%]   step 13110
[  4%]   step 13111
[  4%]   step 13112
[  4%]   step 13113
[  4%]   step 13114
[  4%]   step 13115
[  4%]   step 13116
[  4%]   step 13117
[  4%]   step 13118
[  4%]   step 13119
[  4%]   step 13120
[  4%]   step 13121
[  4%]   step 13122
[  4%]   step 13123
[  4%]   step 13124
[  4%]   step 13125
[  4%]   step 13126
[  4%]   step 13127
[  4%]   step 13128
[  4%]   step 13129
[  4%]   step 13130
[  4%]   step 13131
[  4%]   step 13132
[  4%]   step 13133
[  4%]   step 13134
[  4%]   step 13135
[  4%]   step 13136
[  4%]   step 13137
[  4%]   step 13138
[  4%]   step 13139
[  4%]   step 13140
[  4%]   step 13141
[  4%]   step 13142
[  4%]   step 13143
[  4%]   step 13144
[  4%]   step 13145
[  4%]   step 13146
[  4%]   step 13147
[  4%]   step 13148
[  4%]   step 13149
[  4%]   step 13150
[  4%]   step 13151
[  4%]   step 13152
[  4%]   step 13153
[  4%]   step 13154
[  4%]   step 13155
[  4%]   step 13156
[  4%]   step 13157
[  4%]   step 13158
[  4%]   step 13159
[  4%]   step 13160
[  4%]   step 13161
[  4%]   step 13162
[  4%]   step 13163
[  4%]   step 13164
[  4%]   step 13165
[  4%]   step 13166
[  4%]   step 13167
[  4%]   step 13168
[  4%]   step 13169
[  4%]   step 13170
[  4%]   step 13171
[  4%]   step 13172
[  4%]   step 13173
[  4%]   step 13174
[  4%]   step 13175
[  4%]   step 13176
[  4%]   step 13177
[  4%]   step 13178
[  4%]   step 13179
[  4%]   step 13180
[  4%]   step 13181
[  4%]   step 13182
[  4%]   step 13183
[  4%]   step 13184
[  4%]   step 13185
[  4%]   step 13186
[  4%]   step 13187
[  4%]   step 13188
[  4%]   step 13189
[  4%]   step 13190
[  4%]   step 13191
[  4%]   step 13192
[  4%]   step 13193
[  4%]   step 13194
[  4%]   step 13195
[  4%]   step 13196
[  4%]   step 13197
[  4%]   step 13198
[  4%]   step 13199
[  4%]   step 13200
[  4%]   step 13201
[  4%]   step 13202
[  4%]   step 13203
[  4%]   step 13204
[  4%]   step 13205
[  4%]   step 13206
[  4%]   step 13207
[  4%]   step 13208
[  4%]   step 13209
[  4%]   step 13210
[  4%]   step 13211
[  4%]   step 13212
[  4%]   step 13213
[  4%]   step 13214
[  4%]   step 13215
[  4%]   step 13216
[  4%]   step 13217
[  4%]   step 13218
[  4%]   step 13219
[  4%]   step 13220
[  4%]   step 13221
[  4%]   step 13222
[  4%]   step 13223
[  4%]   step 13224
[  4%]   step 13225
[  4%]   step 13226
[  4%]   step 13227
[  4%]   step 13228
[  4%]   step 13229
[  4%]   step 13230
[  4%]   step 13231
[  4%]   step 13232
[  4%]   step 13233
[  4%]   step 13234
[  4%]   step 13235
[  4%]   step 13236
[  4%]   step 13237
[  4%]   step 13238
[  4%]   step 13239
[  4%]   step 13240
[  4%]   step 13241
[  4%]   step 13242
[  4%]   step 13243
[  4%]   step 13244
[  4%]   step 13245
[  4%]   step 13246
[  4%]   step 13247
[  4%]   step 13248
[  4%]   step 13249
[  4%]   step 13250
[  4%]   step 13251
[  4%]   step 13252
[  4%]   step 13253
[  4%]   step 13254
[  4%]   step 13255
[  4%]   step 13256
[  4%]   step 13257
[  4%]   step 13258
[  4%]   step 13259
[  4%]   step 13260
[  4%]   step 13261
[  4%]   step 13262
[  4%]   step 13263
[  4%]   step 13264
[  4%]   step 13265
[  4%]   step 13266
[  4%]   step 13267
[  4%]   step 13268
[  4%]   step 13269
[  4%]   step 13270
[  4%]   step 13271
[  4%]   step 13272
[  4%]   step 13273
[  4%]   step 13274
[  4%]   step 13275
[  4%]   step 13276
[  4%]   step 13277
[  4%]   step 13278
[  4%]   step 13279
[  4%]   step 13280
[  4%]   step 13281
[  4%]   step 13282
[  4%]   step 13283
[  4%]   step 13284
[  4%]   step 13285
[  4%]   step 13286
[  4%]   step 13287
[  4%]   step 13288
[  4%]   step 13289
[  4%]   step 13290
[  4%]   step 13291
[  4%]   step 13292
[  4%]   step 13293
[  4%]   step 13294
[  4%]   step 13295
[  4%]   step 13296
[  4%]   step 13297
[  4%]   step 13298
[  4%]   step 13299
[  4%]   step 13300
[  4%]   step 13301
[  4%]   step 13302
[  4%]   step 13303
[  4%]   step 13304
[  4%]   step 13305
[  4%]   step 13306
[  4%]   step 13307
[  4%]   step 13308
[  4%]   step 13309
+SWASH is processing output request    1
+SWASH is processing output request    2
[  4%]   step 13310
[  4%]   step 13311
[  4%]   step 13312
[  4%]   step 13313
[  4%]   step 13314
[  4%]   step 13315
[  4%]   step 13316
[  4%]   step 13317
[  4%]   step 13318
[  4%]   step 13319
[  4%]   step 13320
[  4%]   step 13321
[  4%]   step 13322
[  4%]   step 13323
[  4%]   step 13324
[  4%]   step 13325
[  4%]   step 13326
[  4%]   step 13327
[  4%]   step 13328
[  4%]   step 13329
[  4%]   step 13330
[  4%]   step 13331
[  4%]   step 13332
[  4%]   step 13333
[  4%]   step 13334
[  4%]   step 13335
[  4%]   step 13336
[  4%]   step 13337
[  4%]   step 13338
[  4%]   step 13339
[  4%]   step 13340
[  4%]   step 13341
[  4%]   step 13342
[  4%]   step 13343
[  4%]   step 13344
[  4%]   step 13345
[  4%]   step 13346
[  4%]   step 13347
[  4%]   step 13348
[  4%]   step 13349
[  4%]   step 13350
[  4%]   step 13351
[  4%]   step 13352
[  4%]   step 13353
[  4%]   step 13354
[  4%]   step 13355
[  4%]   step 13356
[  4%]   step 13357
[  4%]   step 13358
[  4%]   step 13359
[  4%]   step 13360
[  4%]   step 13361
[  4%]   step 13362
[  4%]   step 13363
[  4%]   step 13364
[  4%]   step 13365
[  4%]   step 13366
[  4%]   step 13367
[  4%]   step 13368
[  4%]   step 13369
[  4%]   step 13370
[  4%]   step 13371
[  4%]   step 13372
[  4%]   step 13373
[  4%]   step 13374
[  4%]   step 13375
[  4%]   step 13376
[  4%]   step 13377
[  4%]   step 13378
[  4%]   step 13379
[  4%]   step 13380
[  4%]   step 13381
[  4%]   step 13382
[  4%]   step 13383
[  4%]   step 13384
[  4%]   step 13385
[  4%]   step 13386
[  4%]   step 13387
[  4%]   step 13388
[  4%]   step 13389
[  4%]   step 13390
[  4%]   step 13391
[  4%]   step 13392
[  4%]   step 13393
[  4%]   step 13394
[  4%]   step 13395
[  4%]   step 13396
[  4%]   step 13397
[  4%]   step 13398
[  4%]   step 13399
[  4%]   step 13400
[  4%]   step 13401
[  4%]   step 13402
[  4%]   step 13403
[  4%]   step 13404
[  4%]   step 13405
[  4%]   step 13406
[  4%]   step 13407
[  4%]   step 13408
[  4%]   step 13409
[  4%]   step 13410
[  4%]   step 13411
[  4%]   step 13412
[  4%]   step 13413
[  4%]   step 13414
[  4%]   step 13415
[  4%]   step 13416
[  4%]   step 13417
[  4%]   step 13418
[  4%]   step 13419
[  4%]   step 13420
[  4%]   step 13421
[  4%]   step 13422
[  4%]   step 13423
[  4%]   step 13424
[  4%]   step 13425
[  4%]   step 13426
[  4%]   step 13427
[  4%]   step 13428
[  4%]   step 13429
[  4%]   step 13430
[  4%]   step 13431
[  4%]   step 13432
[  4%]   step 13433
[  4%]   step 13434
[  4%]   step 13435
[  4%]   step 13436
[  4%]   step 13437
[  4%]   step 13438
[  4%]   step 13439
[  4%]   step 13440
[  4%]   step 13441
[  4%]   step 13442
[  4%]   step 13443
[  4%]   step 13444
[  4%]   step 13445
[  4%]   step 13446
[  4%]   step 13447
[  4%]   step 13448
[  4%]   step 13449
[  4%]   step 13450
[  4%]   step 13451
[  4%]   step 13452
[  4%]   step 13453
[  4%]   step 13454
[  4%]   step 13455
[  4%]   step 13456
[  4%]   step 13457
[  4%]   step 13458
[  4%]   step 13459
[  4%]   step 13460
[  4%]   step 13461
[  4%]   step 13462
[  4%]   step 13463
[  4%]   step 13464
[  4%]   step 13465
[  4%]   step 13466
[  4%]   step 13467
[  4%]   step 13468
[  4%]   step 13469
[  4%]   step 13470
[  4%]   step 13471
[  4%]   step 13472
[  4%]   step 13473
[  4%]   step 13474
[  4%]   step 13475
[  4%]   step 13476
[  4%]   step 13477
[  4%]   step 13478
[  4%]   step 13479
[  4%]   step 13480
[  4%]   step 13481
[  4%]   step 13482
[  4%]   step 13483
[  4%]   step 13484
[  4%]   step 13485
[  4%]   step 13486
[  4%]   step 13487
[  4%]   step 13488
[  4%]   step 13489
[  4%]   step 13490
[  4%]   step 13491
[  4%]   step 13492
[  4%]   step 13493
[  4%]   step 13494
[  4%]   step 13495
[  4%]   step 13496
[  4%]   step 13497
[  4%]   step 13498
[  4%]   step 13499
[  4%]   step 13500
[  4%]   step 13501
[  4%]   step 13502
[  4%]   step 13503
[  4%]   step 13504
[  4%]   step 13505
[  4%]   step 13506
[  4%]   step 13507
[  4%]   step 13508
[  4%]   step 13509
[  4%]   step 13510
[  4%]   step 13511
[  4%]   step 13512
[  4%]   step 13513
[  4%]   step 13514
[  4%]   step 13515
[  4%]   step 13516
[  4%]   step 13517
[  4%]   step 13518
[  4%]   step 13519
[  4%]   step 13520
[  4%]   step 13521
[  4%]   step 13522
[  4%]   step 13523
[  4%]   step 13524
[  4%]   step 13525
[  4%]   step 13526
[  4%]   step 13527
[  4%]   step 13528
[  4%]   step 13529
[  4%]   step 13530
[  4%]   step 13531
[  4%]   step 13532
[  4%]   step 13533
[  4%]   step 13534
[  4%]   step 13535
[  4%]   step 13536
[  4%]   step 13537
[  4%]   step 13538
[  4%]   step 13539
[  4%]   step 13540
[  4%]   step 13541
[  4%]   step 13542
[  4%]   step 13543
[  4%]   step 13544
[  4%]   step 13545
[  4%]   step 13546
[  4%]   step 13547
[  4%]   step 13548
[  4%]   step 13549
[  4%]   step 13550
[  4%]   step 13551
[  4%]   step 13552
[  4%]   step 13553
[  4%]   step 13554
[  4%]   step 13555
[  4%]   step 13556
[  4%]   step 13557
[  4%]   step 13558
[  4%]   step 13559
[  4%]   step 13560
[  4%]   step 13561
[  4%]   step 13562
[  4%]   step 13563
[  4%]   step 13564
[  4%]   step 13565
[  4%]   step 13566
[  4%]   step 13567
[  4%]   step 13568
[  4%]   step 13569
[  4%]   step 13570
[  4%]   step 13571
[  4%]   step 13572
[  4%]   step 13573
[  4%]   step 13574
[  4%]   step 13575
[  4%]   step 13576
[  4%]   step 13577
[  4%]   step 13578
[  4%]   step 13579
[  4%]   step 13580
[  4%]   step 13581
[  4%]   step 13582
[  4%]   step 13583
[  4%]   step 13584
[  4%]   step 13585
[  4%]   step 13586
[  4%]   step 13587
[  4%]   step 13588
[  4%]   step 13589
[  4%]   step 13590
[  4%]   step 13591
[  4%]   step 13592
[  4%]   step 13593
[  4%]   step 13594
[  4%]   step 13595
[  4%]   step 13596
[  4%]   step 13597
[  4%]   step 13598
[  4%]   step 13599
[  4%]   step 13600
[  4%]   step 13601
[  4%]   step 13602
[  4%]   step 13603
[  4%]   step 13604
[  4%]   step 13605
[  4%]   step 13606
[  4%]   step 13607
[  4%]   step 13608
[  4%]   step 13609
[  4%]   step 13610
[  4%]   step 13611
[  4%]   step 13612
[  4%]   step 13613
[  4%]   step 13614
[  4%]   step 13615
[  4%]   step 13616
[  4%]   step 13617
[  4%]   step 13618
[  4%]   step 13619
[  4%]   step 13620
[  4%]   step 13621
[  4%]   step 13622
[  4%]   step 13623
[  4%]   step 13624
[  4%]   step 13625
[  4%]   step 13626
[  4%]   step 13627
[  4%]   step 13628
[  4%]   step 13629
[  4%]   step 13630
[  4%]   step 13631
[  4%]   step 13632
[  4%]   step 13633
[  4%]   step 13634
[  4%]   step 13635
[  4%]   step 13636
[  4%]   step 13637
[  4%]   step 13638
[  4%]   step 13639
[  4%]   step 13640
[  4%]   step 13641
[  4%]   step 13642
[  4%]   step 13643
[  4%]   step 13644
[  4%]   step 13645
[  4%]   step 13646
[  4%]   step 13647
[  4%]   step 13648
[  4%]   step 13649
[  4%]   step 13650
[  4%]   step 13651
[  4%]   step 13652
[  4%]   step 13653
[  4%]   step 13654
[  4%]   step 13655
[  4%]   step 13656
[  4%]   step 13657
[  4%]   step 13658
[  4%]   step 13659
[  4%]   step 13660
[  4%]   step 13661
[  4%]   step 13662
[  4%]   step 13663
[  4%]   step 13664
[  4%]   step 13665
[  4%]   step 13666
[  4%]   step 13667
[  4%]   step 13668
[  4%]   step 13669
[  4%]   step 13670
[  4%]   step 13671
[  4%]   step 13672
[  4%]   step 13673
[  4%]   step 13674
[  4%]   step 13675
[  4%]   step 13676
[  4%]   step 13677
[  4%]   step 13678
[  4%]   step 13679
[  4%]   step 13680
[  4%]   step 13681
[  4%]   step 13682
[  4%]   step 13683
[  4%]   step 13684
[  4%]   step 13685
[  4%]   step 13686
[  4%]   step 13687
[  4%]   step 13688
[  4%]   step 13689
[  4%]   step 13690
[  4%]   step 13691
[  4%]   step 13692
[  4%]   step 13693
[  4%]   step 13694
[  4%]   step 13695
[  4%]   step 13696
[  4%]   step 13697
[  4%]   step 13698
[  4%]   step 13699
[  4%]   step 13700
+SWASH is processing output request    1
+SWASH is processing output request    2
[  4%]   step 13701
[  4%]   step 13702
[  4%]   step 13703
[  4%]   step 13704
[  4%]   step 13705
[  4%]   step 13706
[  4%]   step 13707
[  4%]   step 13708
[  4%]   step 13709
[  4%]   step 13710
[  4%]   step 13711
[  4%]   step 13712
[  4%]   step 13713
[  4%]   step 13714
[  4%]   step 13715
[  4%]   step 13716
[  4%]   step 13717
[  4%]   step 13718
[  4%]   step 13719
[  4%]   step 13720
[  4%]   step 13721
[  4%]   step 13722
[  4%]   step 13723
[  4%]   step 13724
[  4%]   step 13725
[  4%]   step 13726
[  4%]   step 13727
[  4%]   step 13728
[  4%]   step 13729
[  4%]   step 13730
[  4%]   step 13731
[  4%]   step 13732
[  4%]   step 13733
[  4%]   step 13734
[  4%]   step 13735
[  4%]   step 13736
[  4%]   step 13737
[  4%]   step 13738
[  5%]   step 13739
[  5%]   step 13740
[  5%]   step 13741
[  5%]   step 13742
[  5%]   step 13743
[  5%]   step 13744
[  5%]   step 13745
[  5%]   step 13746
[  5%]   step 13747
[  5%]   step 13748
[  5%]   step 13749
[  5%]   step 13750
[  5%]   step 13751
[  5%]   step 13752
[  5%]   step 13753
[  5%]   step 13754
[  5%]   step 13755
[  5%]   step 13756
[  5%]   step 13757
[  5%]   step 13758
[  5%]   step 13759
[  5%]   step 13760
[  5%]   step 13761
[  5%]   step 13762
[  5%]   step 13763
[  5%]   step 13764
[  5%]   step 13765
[  5%]   step 13766
[  5%]   step 13767
[  5%]   step 13768
[  5%]   step 13769
[  5%]   step 13770
[  5%]   step 13771
[  5%]   step 13772
[  5%]   step 13773
[  5%]   step 13774
[  5%]   step 13775
[  5%]   step 13776
[  5%]   step 13777
[  5%]   step 13778
[  5%]   step 13779
[  5%]   step 13780
[  5%]   step 13781
[  5%]   step 13782
[  5%]   step 13783
[  5%]   step 13784
[  5%]   step 13785
[  5%]   step 13786
[  5%]   step 13787
[  5%]   step 13788
[  5%]   step 13789
[  5%]   step 13790
[  5%]   step 13791
[  5%]   step 13792
[  5%]   step 13793
[  5%]   step 13794
[  5%]   step 13795
[  5%]   step 13796
[  5%]   step 13797
[  5%]   step 13798
[  5%]   step 13799
[  5%]   step 13800
[  5%]   step 13801
[  5%]   step 13802
[  5%]   step 13803
[  5%]   step 13804
[  5%]   step 13805
[  5%]   step 13806
[  5%]   step 13807
[  5%]   step 13808
[  5%]   step 13809
[  5%]   step 13810
[  5%]   step 13811
[  5%]   step 13812
[  5%]   step 13813
[  5%]   step 13814
[  5%]   step 13815
[  5%]   step 13816
[  5%]   step 13817
[  5%]   step 13818
[  5%]   step 13819
[  5%]   step 13820
[  5%]   step 13821
[  5%]   step 13822
[  5%]   step 13823
[  5%]   step 13824
[  5%]   step 13825
[  5%]   step 13826
[  5%]   step 13827
[  5%]   step 13828
[  5%]   step 13829
[  5%]   step 13830
[  5%]   step 13831
[  5%]   step 13832
[  5%]   step 13833
[  5%]   step 13834
[  5%]   step 13835
[  5%]   step 13836
[  5%]   step 13837
[  5%]   step 13838
[  5%]   step 13839
[  5%]   step 13840
[  5%]   step 13841
[  5%]   step 13842
[  5%]   step 13843
[  5%]   step 13844
[  5%]   step 13845
[  5%]   step 13846
[  5%]   step 13847
[  5%]   step 13848
[  5%]   step 13849
[  5%]   step 13850
[  5%]   step 13851
[  5%]   step 13852
[  5%]   step 13853
[  5%]   step 13854
[  5%]   step 13855
[  5%]   step 13856
[  5%]   step 13857
[  5%]   step 13858
[  5%]   step 13859
[  5%]   step 13860
[  5%]   step 13861
[  5%]   step 13862
[  5%]   step 13863
[  5%]   step 13864
[  5%]   step 13865
[  5%]   step 13866
[  5%]   step 13867
[  5%]   step 13868
[  5%]   step 13869
[  5%]   step 13870
[  5%]   step 13871
[  5%]   step 13872
[  5%]   step 13873
[  5%]   step 13874
[  5%]   step 13875
[  5%]   step 13876
[  5%]   step 13877
[  5%]   step 13878
[  5%]   step 13879
[  5%]   step 13880
[  5%]   step 13881
[  5%]   step 13882
[  5%]   step 13883
[  5%]   step 13884
[  5%]   step 13885
[  5%]   step 13886
[  5%]   step 13887
[  5%]   step 13888
[  5%]   step 13889
[  5%]   step 13890
[  5%]   step 13891
[  5%]   step 13892
[  5%]   step 13893
[  5%]   step 13894
[  5%]   step 13895
[  5%]   step 13896
[  5%]   step 13897
[  5%]   step 13898
[  5%]   step 13899
[  5%]   step 13900
[  5%]   step 13901
[  5%]   step 13902
[  5%]   step 13903
[  5%]   step 13904
[  5%]   step 13905
[  5%]   step 13906
[  5%]   step 13907
[  5%]   step 13908
[  5%]   step 13909
[  5%]   step 13910
[  5%]   step 13911
[  5%]   step 13912
[  5%]   step 13913
[  5%]   step 13914
[  5%]   step 13915
[  5%]   step 13916
[  5%]   step 13917
[  5%]   step 13918
[  5%]   step 13919
[  5%]   step 13920
[  5%]   step 13921
[  5%]   step 13922
[  5%]   step 13923
[  5%]   step 13924
[  5%]   step 13925
[  5%]   step 13926
[  5%]   step 13927
[  5%]   step 13928
[  5%]   step 13929
[  5%]   step 13930
[  5%]   step 13931
[  5%]   step 13932
[  5%]   step 13933
[  5%]   step 13934
[  5%]   step 13935
[  5%]   step 13936
[  5%]   step 13937
[  5%]   step 13938
[  5%]   step 13939
[  5%]   step 13940
[  5%]   step 13941
[  5%]   step 13942
[  5%]   step 13943
[  5%]   step 13944
[  5%]   step 13945
[  5%]   step 13946
[  5%]   step 13947
[  5%]   step 13948
[  5%]   step 13949
[  5%]   step 13950
[  5%]   step 13951
[  5%]   step 13952
[  5%]   step 13953
[  5%]   step 13954
[  5%]   step 13955
[  5%]   step 13956
[  5%]   step 13957
[  5%]   step 13958
[  5%]   step 13959
[  5%]   step 13960
[  5%]   step 13961
[  5%]   step 13962
[  5%]   step 13963
[  5%]   step 13964
[  5%]   step 13965
[  5%]   step 13966
[  5%]   step 13967
[  5%]   step 13968
[  5%]   step 13969
[  5%]   step 13970
[  5%]   step 13971
[  5%]   step 13972
[  5%]   step 13973
[  5%]   step 13974
[  5%]   step 13975
[  5%]   step 13976
[  5%]   step 13977
[  5%]   step 13978
[  5%]   step 13979
[  5%]   step 13980
[  5%]   step 13981
[  5%]   step 13982
[  5%]   step 13983
[  5%]   step 13984
[  5%]   step 13985
[  5%]   step 13986
[  5%]   step 13987
[  5%]   step 13988
[  5%]   step 13989
[  5%]   step 13990
[  5%]   step 13991
[  5%]   step 13992
[  5%]   step 13993
[  5%]   step 13994
[  5%]   step 13995
[  5%]   step 13996
[  5%]   step 13997
[  5%]   step 13998
[  5%]   step 13999
[  5%]   step 14000
[  5%]   step 14001
[  5%]   step 14002
[  5%]   step 14003
[  5%]   step 14004
[  5%]   step 14005
[  5%]   step 14006
[  5%]   step 14007
[  5%]   step 14008
[  5%]   step 14009
[  5%]   step 14010
[  5%]   step 14011
[  5%]   step 14012
[  5%]   step 14013
[  5%]   step 14014
[  5%]   step 14015
[  5%]   step 14016
[  5%]   step 14017
[  5%]   step 14018
[  5%]   step 14019
[  5%]   step 14020
[  5%]   step 14021
[  5%]   step 14022
[  5%]   step 14023
[  5%]   step 14024
[  5%]   step 14025
[  5%]   step 14026
[  5%]   step 14027
[  5%]   step 14028
[  5%]   step 14029
[  5%]   step 14030
[  5%]   step 14031
[  5%]   step 14032
[  5%]   step 14033
[  5%]   step 14034
[  5%]   step 14035
[  5%]   step 14036
[  5%]   step 14037
[  5%]   step 14038
[  5%]   step 14039
[  5%]   step 14040
[  5%]   step 14041
[  5%]   step 14042
[  5%]   step 14043
[  5%]   step 14044
[  5%]   step 14045
[  5%]   step 14046
[  5%]   step 14047
[  5%]   step 14048
[  5%]   step 14049
[  5%]   step 14050
[  5%]   step 14051
[  5%]   step 14052
[  5%]   step 14053
[  5%]   step 14054
[  5%]   step 14055
[  5%]   step 14056
[  5%]   step 14057
[  5%]   step 14058
[  5%]   step 14059
[  5%]   step 14060
[  5%]   step 14061
[  5%]   step 14062
[  5%]   step 14063
[  5%]   step 14064
[  5%]   step 14065
[  5%]   step 14066
[  5%]   step 14067
[  5%]   step 14068
[  5%]   step 14069
[  5%]   step 14070
[  5%]   step 14071
[  5%]   step 14072
[  5%]   step 14073
[  5%]   step 14074
[  5%]   step 14075
[  5%]   step 14076
[  5%]   step 14077
[  5%]   step 14078
[  5%]   step 14079
[  5%]   step 14080
[  5%]   step 14081
[  5%]   step 14082
[  5%]   step 14083
[  5%]   step 14084
[  5%]   step 14085
[  5%]   step 14086
[  5%]   step 14087
[  5%]   step 14088
[  5%]   step 14089
[  5%]   step 14090
[  5%]   step 14091
+SWASH is processing output request    1
+SWASH is processing output request    2
[  5%]   step 14092
[  5%]   step 14093
[  5%]   step 14094
[  5%]   step 14095
[  5%]   step 14096
[  5%]   step 14097
[  5%]   step 14098
[  5%]   step 14099
[  5%]   step 14100
[  5%]   step 14101
[  5%]   step 14102
[  5%]   step 14103
[  5%]   step 14104
[  5%]   step 14105
[  5%]   step 14106
[  5%]   step 14107
[  5%]   step 14108
[  5%]   step 14109
[  5%]   step 14110
[  5%]   step 14111
[  5%]   step 14112
[  5%]   step 14113
[  5%]   step 14114
[  5%]   step 14115
[  5%]   step 14116
[  5%]   step 14117
[  5%]   step 14118
[  5%]   step 14119
[  5%]   step 14120
[  5%]   step 14121
[  5%]   step 14122
[  5%]   step 14123
[  5%]   step 14124
[  5%]   step 14125
[  5%]   step 14126
[  5%]   step 14127
[  5%]   step 14128
[  5%]   step 14129
[  5%]   step 14130
[  5%]   step 14131
[  5%]   step 14132
[  5%]   step 14133
[  5%]   step 14134
[  5%]   step 14135
[  5%]   step 14136
[  5%]   step 14137
[  5%]   step 14138
[  5%]   step 14139
[  5%]   step 14140
[  5%]   step 14141
[  5%]   step 14142
[  5%]   step 14143
[  5%]   step 14144
[  5%]   step 14145
[  5%]   step 14146
[  5%]   step 14147
[  5%]   step 14148
[  5%]   step 14149
[  5%]   step 14150
[  5%]   step 14151
[  5%]   step 14152
[  5%]   step 14153
[  5%]   step 14154
[  5%]   step 14155
[  5%]   step 14156
[  5%]   step 14157
[  5%]   step 14158
[  5%]   step 14159
[  5%]   step 14160
[  5%]   step 14161
[  5%]   step 14162
[  5%]   step 14163
[  5%]   step 14164
[  5%]   step 14165
[  5%]   step 14166
[  5%]   step 14167
[  5%]   step 14168
[  5%]   step 14169
[  5%]   step 14170
[  5%]   step 14171
[  5%]   step 14172
[  5%]   step 14173
[  5%]   step 14174
[  5%]   step 14175
[  5%]   step 14176
[  5%]   step 14177
[  5%]   step 14178
[  5%]   step 14179
[  5%]   step 14180
[  5%]   step 14181
[  5%]   step 14182
[  5%]   step 14183
[  5%]   step 14184
[  5%]   step 14185
[  5%]   step 14186
[  5%]   step 14187
[  5%]   step 14188
[  5%]   step 14189
[  5%]   step 14190
[  5%]   step 14191
[  5%]   step 14192
[  5%]   step 14193
[  5%]   step 14194
[  5%]   step 14195
[  5%]   step 14196
[  5%]   step 14197
[  5%]   step 14198
[  5%]   step 14199
[  5%]   step 14200
[  5%]   step 14201
[  5%]   step 14202
[  5%]   step 14203
[  5%]   step 14204
[  5%]   step 14205
[  5%]   step 14206
[  5%]   step 14207
[  5%]   step 14208
[  5%]   step 14209
[  5%]   step 14210
[  5%]   step 14211
[  5%]   step 14212
[  5%]   step 14213
[  5%]   step 14214
[  5%]   step 14215
[  5%]   step 14216
[  5%]   step 14217
[  5%]   step 14218
[  5%]   step 14219
[  5%]   step 14220
[  5%]   step 14221
[  5%]   step 14222
[  5%]   step 14223
[  5%]   step 14224
[  5%]   step 14225
[  5%]   step 14226
[  5%]   step 14227
[  5%]   step 14228
[  5%]   step 14229
[  5%]   step 14230
[  5%]   step 14231
[  5%]   step 14232
[  5%]   step 14233
[  5%]   step 14234
[  5%]   step 14235
[  5%]   step 14236
[  5%]   step 14237
[  5%]   step 14238
[  5%]   step 14239
[  5%]   step 14240
[  5%]   step 14241
[  5%]   step 14242
[  5%]   step 14243
[  5%]   step 14244
[  5%]   step 14245
[  5%]   step 14246
[  5%]   step 14247
[  5%]   step 14248
[  5%]   step 14249
[  5%]   step 14250
[  5%]   step 14251
[  5%]   step 14252
[  5%]   step 14253
[  5%]   step 14254
[  5%]   step 14255
[  5%]   step 14256
[  5%]   step 14257
[  5%]   step 14258
[  5%]   step 14259
[  5%]   step 14260
[  5%]   step 14261
[  5%]   step 14262
[  5%]   step 14263
[  5%]   step 14264
[  5%]   step 14265
[  5%]   step 14266
[  5%]   step 14267
[  5%]   step 14268
[  5%]   step 14269
[  5%]   step 14270
[  5%]   step 14271
[  5%]   step 14272
[  5%]   step 14273
[  5%]   step 14274
[  5%]   step 14275
[  5%]   step 14276
[  5%]   step 14277
[  5%]   step 14278
[  5%]   step 14279
[  5%]   step 14280
[  5%]   step 14281
[  5%]   step 14282
[  5%]   step 14283
[  5%]   step 14284
[  5%]   step 14285
[  5%]   step 14286
[  5%]   step 14287
[  5%]   step 14288
[  5%]   step 14289
[  5%]   step 14290
[  5%]   step 14291
[  5%]   step 14292
[  5%]   step 14293
[  5%]   step 14294
[  5%]   step 14295
[  5%]   step 14296
[  5%]   step 14297
[  5%]   step 14298
[  5%]   step 14299
[  5%]   step 14300
[  5%]   step 14301
[  5%]   step 14302
[  5%]   step 14303
[  5%]   step 14304
[  5%]   step 14305
[  5%]   step 14306
[  5%]   step 14307
[  5%]   step 14308
[  5%]   step 14309
[  5%]   step 14310
[  5%]   step 14311
[  5%]   step 14312
[  5%]   step 14313
[  5%]   step 14314
[  5%]   step 14315
[  5%]   step 14316
[  5%]   step 14317
[  5%]   step 14318
[  5%]   step 14319
[  5%]   step 14320
[  5%]   step 14321
[  5%]   step 14322
[  5%]   step 14323
[  5%]   step 14324
[  5%]   step 14325
[  5%]   step 14326
[  5%]   step 14327
[  5%]   step 14328
[  5%]   step 14329
[  5%]   step 14330
[  5%]   step 14331
[  5%]   step 14332
[  5%]   step 14333
[  5%]   step 14334
[  5%]   step 14335
[  5%]   step 14336
[  5%]   step 14337
[  5%]   step 14338
[  5%]   step 14339
[  5%]   step 14340
[  5%]   step 14341
[  5%]   step 14342
[  5%]   step 14343
[  5%]   step 14344
[  5%]   step 14345
[  5%]   step 14346
[  5%]   step 14347
[  5%]   step 14348
[  5%]   step 14349
[  5%]   step 14350
[  5%]   step 14351
[  5%]   step 14352
[  5%]   step 14353
[  5%]   step 14354
[  5%]   step 14355
[  5%]   step 14356
[  5%]   step 14357
[  5%]   step 14358
[  5%]   step 14359
[  5%]   step 14360
[  5%]   step 14361
[  5%]   step 14362
[  5%]   step 14363
[  5%]   step 14364
[  5%]   step 14365
[  5%]   step 14366
[  5%]   step 14367
[  5%]   step 14368
[  5%]   step 14369
[  5%]   step 14370
[  5%]   step 14371
[  5%]   step 14372
[  5%]   step 14373
[  5%]   step 14374
[  5%]   step 14375
[  5%]   step 14376
[  5%]   step 14377
[  5%]   step 14378
[  5%]   step 14379
[  5%]   step 14380
[  5%]   step 14381
[  5%]   step 14382
[  5%]   step 14383
[  5%]   step 14384
[  5%]   step 14385
[  5%]   step 14386
[  5%]   step 14387
[  5%]   step 14388
[  5%]   step 14389
[  5%]   step 14390
[  5%]   step 14391
[  5%]   step 14392
[  5%]   step 14393
[  5%]   step 14394
[  5%]   step 14395
[  5%]   step 14396
[  5%]   step 14397
[  5%]   step 14398
[  5%]   step 14399
[  5%]   step 14400
[  5%]   step 14401
[  5%]   step 14402
[  5%]   step 14403
[  5%]   step 14404
[  5%]   step 14405
[  5%]   step 14406
[  5%]   step 14407
[  5%]   step 14408
[  5%]   step 14409
[  5%]   step 14410
[  5%]   step 14411
[  5%]   step 14412
[  5%]   step 14413
[  5%]   step 14414
[  5%]   step 14415
[  5%]   step 14416
[  5%]   step 14417
[  5%]   step 14418
[  5%]   step 14419
[  5%]   step 14420
[  5%]   step 14421
[  5%]   step 14422
[  5%]   step 14423
[  5%]   step 14424
[  5%]   step 14425
[  5%]   step 14426
[  5%]   step 14427
[  5%]   step 14428
[  5%]   step 14429
[  5%]   step 14430
[  5%]   step 14431
[  5%]   step 14432
[  5%]   step 14433
[  5%]   step 14434
[  5%]   step 14435
[  5%]   step 14436
[  5%]   step 14437
[  5%]   step 14438
[  5%]   step 14439
[  5%]   step 14440
[  5%]   step 14441
[  5%]   step 14442
[  5%]   step 14443
[  5%]   step 14444
[  5%]   step 14445
[  5%]   step 14446
[  5%]   step 14447
[  5%]   step 14448
[  5%]   step 14449
[  5%]   step 14450
[  5%]   step 14451
[  5%]   step 14452
[  5%]   step 14453
[  5%]   step 14454
[  5%]   step 14455
[  5%]   step 14456
[  5%]   step 14457
[  5%]   step 14458
[  5%]   step 14459
[  5%]   step 14460
[  5%]   step 14461
[  5%]   step 14462
[  5%]   step 14463
[  5%]   step 14464
[  5%]   step 14465
[  5%]   step 14466
[  5%]   step 14467
[  5%]   step 14468
[  5%]   step 14469
[  5%]   step 14470
[  5%]   step 14471
[  5%]   step 14472
[  5%]   step 14473
[  5%]   step 14474
[  5%]   step 14475
[  5%]   step 14476
[  5%]   step 14477
[  5%]   step 14478
[  5%]   step 14479
[  5%]   step 14480
[  5%]   step 14481
[  5%]   step 14482
[  5%]   step 14483
+SWASH is processing output request    1
+SWASH is processing output request    2
[  5%]   step 14484
[  5%]   step 14485
[  5%]   step 14486
[  5%]   step 14487
[  5%]   step 14488
[  5%]   step 14489
[  5%]   step 14490
[  5%]   step 14491
[  5%]   step 14492
[  5%]   step 14493
[  5%]   step 14494
[  5%]   step 14495
[  5%]   step 14496
[  5%]   step 14497
[  5%]   step 14498
[  5%]   step 14499
[  5%]   step 14500
[  5%]   step 14501
[  5%]   step 14502
[  5%]   step 14503
[  5%]   step 14504
[  5%]   step 14505
[  5%]   step 14506
[  5%]   step 14507
[  5%]   step 14508
[  5%]   step 14509
[  5%]   step 14510
[  5%]   step 14511
[  5%]   step 14512
[  5%]   step 14513
[  5%]   step 14514
[  5%]   step 14515
[  5%]   step 14516
[  5%]   step 14517
[  5%]   step 14518
[  5%]   step 14519
[  5%]   step 14520
[  5%]   step 14521
[  5%]   step 14522
[  5%]   step 14523
[  5%]   step 14524
[  5%]   step 14525
[  5%]   step 14526
[  5%]   step 14527
[  5%]   step 14528
[  5%]   step 14529
[  5%]   step 14530
[  5%]   step 14531
[  5%]   step 14532
[  5%]   step 14533
[  5%]   step 14534
[  5%]   step 14535
[  5%]   step 14536
[  5%]   step 14537
[  5%]   step 14538
[  5%]   step 14539
[  5%]   step 14540
[  5%]   step 14541
[  5%]   step 14542
[  5%]   step 14543
[  5%]   step 14544
[  5%]   step 14545
[  5%]   step 14546
[  5%]   step 14547
[  5%]   step 14548
[  5%]   step 14549
[  5%]   step 14550
[  5%]   step 14551
[  5%]   step 14552
[  5%]   step 14553
[  5%]   step 14554
[  5%]   step 14555
[  5%]   step 14556
[  5%]   step 14557
[  5%]   step 14558
[  5%]   step 14559
[  5%]   step 14560
[  5%]   step 14561
[  5%]   step 14562
[  5%]   step 14563
[  5%]   step 14564
[  5%]   step 14565
[  5%]   step 14566
[  5%]   step 14567
[  5%]   step 14568
[  5%]   step 14569
[  5%]   step 14570
[  5%]   step 14571
[  5%]   step 14572
[  5%]   step 14573
[  5%]   step 14574
[  5%]   step 14575
[  5%]   step 14576
[  5%]   step 14577
[  5%]   step 14578
[  5%]   step 14579
[  5%]   step 14580
[  5%]   step 14581
[  5%]   step 14582
[  5%]   step 14583
[  5%]   step 14584
[  5%]   step 14585
[  5%]   step 14586
[  5%]   step 14587
[  5%]   step 14588
[  5%]   step 14589
[  5%]   step 14590
[  5%]   step 14591
[  5%]   step 14592
[  5%]   step 14593
[  5%]   step 14594
[  5%]   step 14595
[  5%]   step 14596
[  5%]   step 14597
[  5%]   step 14598
[  5%]   step 14599
[  5%]   step 14600
[  5%]   step 14601
[  5%]   step 14602
[  5%]   step 14603
[  5%]   step 14604
[  5%]   step 14605
[  5%]   step 14606
[  5%]   step 14607
[  5%]   step 14608
[  5%]   step 14609
[  5%]   step 14610
[  5%]   step 14611
[  5%]   step 14612
[  5%]   step 14613
[  5%]   step 14614
[  5%]   step 14615
[  5%]   step 14616
[  5%]   step 14617
[  5%]   step 14618
[  5%]   step 14619
[  5%]   step 14620
[  5%]   step 14621
[  5%]   step 14622
[  5%]   step 14623
[  5%]   step 14624
[  5%]   step 14625
[  5%]   step 14626
[  5%]   step 14627
[  5%]   step 14628
[  5%]   step 14629
[  5%]   step 14630
[  5%]   step 14631
[  5%]   step 14632
[  5%]   step 14633
[  5%]   step 14634
[  5%]   step 14635
[  5%]   step 14636
[  5%]   step 14637
[  5%]   step 14638
[  5%]   step 14639
[  5%]   step 14640
[  5%]   step 14641
[  5%]   step 14642
[  5%]   step 14643
[  5%]   step 14644
[  5%]   step 14645
[  5%]   step 14646
[  5%]   step 14647
[  5%]   step 14648
[  5%]   step 14649
[  5%]   step 14650
[  5%]   step 14651
[  5%]   step 14652
[  5%]   step 14653
[  5%]   step 14654
[  5%]   step 14655
[  5%]   step 14656
[  5%]   step 14657
[  5%]   step 14658
[  5%]   step 14659
[  5%]   step 14660
[  5%]   step 14661
[  5%]   step 14662
[  5%]   step 14663
[  5%]   step 14664
[  5%]   step 14665
[  5%]   step 14666
[  5%]   step 14667
[  5%]   step 14668
[  5%]   step 14669
[  5%]   step 14670
[  5%]   step 14671
[  5%]   step 14672
[  5%]   step 14673
[  5%]   step 14674
[  5%]   step 14675
[  5%]   step 14676
[  5%]   step 14677
[  5%]   step 14678
[  5%]   step 14679
[  5%]   step 14680
[  5%]   step 14681
[  5%]   step 14682
[  5%]   step 14683
[  5%]   step 14684
[  5%]   step 14685
[  5%]   step 14686
[  5%]   step 14687
[  5%]   step 14688
[  5%]   step 14689
[  5%]   step 14690
[  5%]   step 14691
[  5%]   step 14692
[  5%]   step 14693
[  5%]   step 14694
[  5%]   step 14695
[  5%]   step 14696
[  5%]   step 14697
[  5%]   step 14698
[  5%]   step 14699
[  5%]   step 14700
[  5%]   step 14701
[  5%]   step 14702
[  5%]   step 14703
[  5%]   step 14704
[  5%]   step 14705
[  5%]   step 14706
[  5%]   step 14707
[  5%]   step 14708
[  5%]   step 14709
[  5%]   step 14710
[  5%]   step 14711
[  5%]   step 14712
[  5%]   step 14713
[  5%]   step 14714
[  5%]   step 14715
[  5%]   step 14716
[  5%]   step 14717
[  5%]   step 14718
[  5%]   step 14719
[  5%]   step 14720
[  5%]   step 14721
[  5%]   step 14722
[  5%]   step 14723
[  5%]   step 14724
[  5%]   step 14725
[  5%]   step 14726
[  5%]   step 14727
[  5%]   step 14728
[  5%]   step 14729
[  5%]   step 14730
[  5%]   step 14731
[  5%]   step 14732
[  5%]   step 14733
[  5%]   step 14734
[  5%]   step 14735
[  5%]   step 14736
[  5%]   step 14737
[  5%]   step 14738
[  5%]   step 14739
[  5%]   step 14740
[  5%]   step 14741
[  5%]   step 14742
[  5%]   step 14743
[  5%]   step 14744
[  5%]   step 14745
[  5%]   step 14746
[  5%]   step 14747
[  5%]   step 14748
[  5%]   step 14749
[  5%]   step 14750
[  5%]   step 14751
[  5%]   step 14752
[  5%]   step 14753
[  5%]   step 14754
[  5%]   step 14755
[  5%]   step 14756
[  5%]   step 14757
[  5%]   step 14758
[  5%]   step 14759
[  5%]   step 14760
[  5%]   step 14761
[  5%]   step 14762
[  5%]   step 14763
[  5%]   step 14764
[  5%]   step 14765
[  5%]   step 14766
[  5%]   step 14767
[  5%]   step 14768
[  5%]   step 14769
[  5%]   step 14770
[  5%]   step 14771
[  5%]   step 14772
[  5%]   step 14773
[  5%]   step 14774
[  5%]   step 14775
[  5%]   step 14776
[  5%]   step 14777
[  5%]   step 14778
[  5%]   step 14779
[  5%]   step 14780
[  5%]   step 14781
[  5%]   step 14782
[  5%]   step 14783
[  5%]   step 14784
[  5%]   step 14785
[  5%]   step 14786
[  5%]   step 14787
[  5%]   step 14788
[  5%]   step 14789
[  5%]   step 14790
[  5%]   step 14791
[  5%]   step 14792
[  5%]   step 14793
[  5%]   step 14794
[  5%]   step 14795
[  5%]   step 14796
[  5%]   step 14797
[  5%]   step 14798
[  5%]   step 14799
[  5%]   step 14800
[  5%]   step 14801
[  5%]   step 14802
[  5%]   step 14803
[  5%]   step 14804
[  5%]   step 14805
[  5%]   step 14806
[  5%]   step 14807
[  5%]   step 14808
[  5%]   step 14809
[  5%]   step 14810
[  5%]   step 14811
[  5%]   step 14812
[  5%]   step 14813
[  5%]   step 14814
[  5%]   step 14815
[  5%]   step 14816
[  5%]   step 14817
[  5%]   step 14818
[  5%]   step 14819
[  5%]   step 14820
[  5%]   step 14821
[  5%]   step 14822
[  5%]   step 14823
[  5%]   step 14824
[  5%]   step 14825
[  5%]   step 14826
[  5%]   step 14827
[  5%]   step 14828
[  5%]   step 14829
[  5%]   step 14830
[  5%]   step 14831
[  5%]   step 14832
[  5%]   step 14833
[  5%]   step 14834
[  5%]   step 14835
[  5%]   step 14836
[  5%]   step 14837
[  5%]   step 14838
[  5%]   step 14839
[  5%]   step 14840
[  5%]   step 14841
[  5%]   step 14842
[  5%]   step 14843
[  5%]   step 14844
[  5%]   step 14845
[  5%]   step 14846
[  5%]   step 14847
[  5%]   step 14848
[  5%]   step 14849
[  5%]   step 14850
[  5%]   step 14851
[  5%]   step 14852
[  5%]   step 14853
[  5%]   step 14854
[  5%]   step 14855
[  5%]   step 14856
[  5%]   step 14857
[  5%]   step 14858
[  5%]   step 14859
[  5%]   step 14860
[  5%]   step 14861
[  5%]   step 14862
[  5%]   step 14863
[  5%]   step 14864
[  5%]   step 14865
[  5%]   step 14866
[  5%]   step 14867
[  5%]   step 14868
[  5%]   step 14869
[  5%]   step 14870
[  5%]   step 14871
[  5%]   step 14872
[  5%]   step 14873
[  5%]   step 14874
+SWASH is processing output request    1
+SWASH is processing output request    2
[  5%]   step 14875
[  5%]   step 14876
[  5%]   step 14877
[  5%]   step 14878
[  5%]   step 14879
[  5%]   step 14880
[  5%]   step 14881
[  5%]   step 14882
[  5%]   step 14883
[  5%]   step 14884
[  5%]   step 14885
[  5%]   step 14886
[  5%]   step 14887
[  5%]   step 14888
[  5%]   step 14889
[  5%]   step 14890
[  5%]   step 14891
[  5%]   step 14892
[  5%]   step 14893
[  5%]   step 14894
[  5%]   step 14895
[  5%]   step 14896
[  5%]   step 14897
[  5%]   step 14898
[  5%]   step 14899
[  5%]   step 14900
[  5%]   step 14901
[  5%]   step 14902
[  5%]   step 14903
[  5%]   step 14904
[  5%]   step 14905
[  5%]   step 14906
[  5%]   step 14907
[  5%]   step 14908
[  5%]   step 14909
[  5%]   step 14910
[  5%]   step 14911
[  5%]   step 14912
[  5%]   step 14913
[  5%]   step 14914
[  5%]   step 14915
[  5%]   step 14916
[  5%]   step 14917
[  5%]   step 14918
[  5%]   step 14919
[  5%]   step 14920
[  5%]   step 14921
[  5%]   step 14922
[  5%]   step 14923
[  5%]   step 14924
[  5%]   step 14925
[  5%]   step 14926
[  5%]   step 14927
[  5%]   step 14928
[  5%]   step 14929
[  5%]   step 14930
[  5%]   step 14931
[  5%]   step 14932
[  5%]   step 14933
[  5%]   step 14934
[  5%]   step 14935
[  5%]   step 14936
[  5%]   step 14937
[  5%]   step 14938
[  5%]   step 14939
[  5%]   step 14940
[  5%]   step 14941
[  5%]   step 14942
[  5%]   step 14943
[  5%]   step 14944
[  5%]   step 14945
[  5%]   step 14946
[  5%]   step 14947
[  5%]   step 14948
[  5%]   step 14949
[  5%]   step 14950
[  5%]   step 14951
[  5%]   step 14952
[  5%]   step 14953
[  5%]   step 14954
[  5%]   step 14955
[  5%]   step 14956
[  5%]   step 14957
[  5%]   step 14958
[  5%]   step 14959
[  5%]   step 14960
[  5%]   step 14961
[  5%]   step 14962
[  5%]   step 14963
[  5%]   step 14964
[  5%]   step 14965
[  5%]   step 14966
[  5%]   step 14967
[  5%]   step 14968
[  5%]   step 14969
[  5%]   step 14970
[  5%]   step 14971
[  5%]   step 14972
[  5%]   step 14973
[  5%]   step 14974
[  5%]   step 14975
[  5%]   step 14976
[  5%]   step 14977
[  5%]   step 14978
[  5%]   step 14979
[  5%]   step 14980
[  5%]   step 14981
[  5%]   step 14982
[  5%]   step 14983
[  5%]   step 14984
[  5%]   step 14985
[  5%]   step 14986
[  5%]   step 14987
[  5%]   step 14988
[  5%]   step 14989
[  5%]   step 14990
[  5%]   step 14991
[  5%]   step 14992
[  5%]   step 14993
[  5%]   step 14994
[  5%]   step 14995
[  5%]   step 14996
[  5%]   step 14997
[  5%]   step 14998
[  5%]   step 14999
[  5%]   step 15000
[  5%]   step 15001
[  5%]   step 15002
[  5%]   step 15003
[  5%]   step 15004
[  5%]   step 15005
[  5%]   step 15006
[  5%]   step 15007
[  5%]   step 15008
[  5%]   step 15009
[  5%]   step 15010
[  5%]   step 15011
[  5%]   step 15012
[  5%]   step 15013
[  5%]   step 15014
[  5%]   step 15015
[  5%]   step 15016
[  5%]   step 15017
[  5%]   step 15018
[  5%]   step 15019
[  5%]   step 15020
[  5%]   step 15021
[  5%]   step 15022
[  5%]   step 15023
[  5%]   step 15024
[  5%]   step 15025
[  5%]   step 15026
[  5%]   step 15027
[  5%]   step 15028
[  5%]   step 15029
[  5%]   step 15030
[  5%]   step 15031
[  5%]   step 15032
[  5%]   step 15033
[  5%]   step 15034
[  5%]   step 15035
[  5%]   step 15036
[  5%]   step 15037
[  5%]   step 15038
[  5%]   step 15039
[  5%]   step 15040
[  5%]   step 15041
[  5%]   step 15042
[  5%]   step 15043
[  5%]   step 15044
[  5%]   step 15045
[  5%]   step 15046
[  5%]   step 15047
[  5%]   step 15048
[  5%]   step 15049
[  5%]   step 15050
[  5%]   step 15051
[  5%]   step 15052
[  5%]   step 15053
[  5%]   step 15054
[  5%]   step 15055
[  5%]   step 15056
[  5%]   step 15057
[  5%]   step 15058
[  5%]   step 15059
[  5%]   step 15060
[  5%]   step 15061
[  5%]   step 15062
[  5%]   step 15063
[  5%]   step 15064
[  5%]   step 15065
[  5%]   step 15066
[  5%]   step 15067
[  5%]   step 15068
[  5%]   step 15069
[  5%]   step 15070
[  5%]   step 15071
[  5%]   step 15072
[  5%]   step 15073
[  5%]   step 15074
[  5%]   step 15075
[  5%]   step 15076
[  5%]   step 15077
[  5%]   step 15078
[  5%]   step 15079
[  5%]   step 15080
[  5%]   step 15081
[  5%]   step 15082
[  5%]   step 15083
[  5%]   step 15084
[  5%]   step 15085
[  5%]   step 15086
[  5%]   step 15087
[  5%]   step 15088
[  5%]   step 15089
[  5%]   step 15090
[  5%]   step 15091
[  5%]   step 15092
[  5%]   step 15093
[  5%]   step 15094
[  5%]   step 15095
[  5%]   step 15096
[  5%]   step 15097
[  5%]   step 15098
[  5%]   step 15099
[  5%]   step 15100
[  5%]   step 15101
[  5%]   step 15102
[  5%]   step 15103
[  5%]   step 15104
[  5%]   step 15105
[  5%]   step 15106
[  5%]   step 15107
[  5%]   step 15108
[  5%]   step 15109
[  5%]   step 15110
[  5%]   step 15111
[  5%]   step 15112
[  5%]   step 15113
[  5%]   step 15114
[  5%]   step 15115
[  5%]   step 15116
[  5%]   step 15117
[  5%]   step 15118
[  5%]   step 15119
[  5%]   step 15120
[  5%]   step 15121
[  5%]   step 15122
[  5%]   step 15123
[  5%]   step 15124
[  5%]   step 15125
[  5%]   step 15126
[  5%]   step 15127
[  5%]   step 15128
[  5%]   step 15129
[  5%]   step 15130
[  5%]   step 15131
[  5%]   step 15132
[  5%]   step 15133
[  5%]   step 15134
[  5%]   step 15135
[  5%]   step 15136
[  5%]   step 15137
[  5%]   step 15138
[  5%]   step 15139
[  5%]   step 15140
[  5%]   step 15141
[  5%]   step 15142
[  5%]   step 15143
[  5%]   step 15144
[  5%]   step 15145
[  5%]   step 15146
[  5%]   step 15147
[  5%]   step 15148
[  5%]   step 15149
[  5%]   step 15150
[  5%]   step 15151
[  5%]   step 15152
[  5%]   step 15153
[  5%]   step 15154
[  5%]   step 15155
[  5%]   step 15156
[  5%]   step 15157
[  5%]   step 15158
[  5%]   step 15159
[  5%]   step 15160
[  5%]   step 15161
[  5%]   step 15162
[  5%]   step 15163
[  5%]   step 15164
[  5%]   step 15165
[  5%]   step 15166
[  5%]   step 15167
[  5%]   step 15168
[  5%]   step 15169
[  5%]   step 15170
[  5%]   step 15171
[  5%]   step 15172
[  5%]   step 15173
[  5%]   step 15174
[  5%]   step 15175
[  5%]   step 15176
[  5%]   step 15177
[  5%]   step 15178
[  5%]   step 15179
[  5%]   step 15180
[  5%]   step 15181
[  5%]   step 15182
[  5%]   step 15183
[  5%]   step 15184
[  5%]   step 15185
[  5%]   step 15186
[  5%]   step 15187
[  5%]   step 15188
[  5%]   step 15189
[  5%]   step 15190
[  5%]   step 15191
[  5%]   step 15192
[  5%]   step 15193
[  5%]   step 15194
[  5%]   step 15195
[  5%]   step 15196
[  5%]   step 15197
[  5%]   step 15198
[  5%]   step 15199
[  5%]   step 15200
[  5%]   step 15201
[  5%]   step 15202
[  5%]   step 15203
[  5%]   step 15204
[  5%]   step 15205
[  5%]   step 15206
[  5%]   step 15207
[  5%]   step 15208
[  5%]   step 15209
[  5%]   step 15210
[  5%]   step 15211
[  5%]   step 15212
[  5%]   step 15213
[  5%]   step 15214
[  5%]   step 15215
[  5%]   step 15216
[  5%]   step 15217
[  5%]   step 15218
[  5%]   step 15219
[  5%]   step 15220
[  5%]   step 15221
[  5%]   step 15222
[  5%]   step 15223
[  5%]   step 15224
[  5%]   step 15225
[  5%]   step 15226
[  5%]   step 15227
[  5%]   step 15228
[  5%]   step 15229
[  5%]   step 15230
[  5%]   step 15231
[  5%]   step 15232
[  5%]   step 15233
[  5%]   step 15234
[  5%]   step 15235
[  5%]   step 15236
[  5%]   step 15237
[  5%]   step 15238
[  5%]   step 15239
[  5%]   step 15240
[  5%]   step 15241
[  5%]   step 15242
[  5%]   step 15243
[  5%]   step 15244
[  5%]   step 15245
[  5%]   step 15246
[  5%]   step 15247
[  5%]   step 15248
[  5%]   step 15249
[  5%]   step 15250
[  5%]   step 15251
[  5%]   step 15252
[  5%]   step 15253
[  5%]   step 15254
[  5%]   step 15255
[  5%]   step 15256
[  5%]   step 15257
[  5%]   step 15258
[  5%]   step 15259
[  5%]   step 15260
[  5%]   step 15261
[  5%]   step 15262
[  5%]   step 15263
[  5%]   step 15264
[  5%]   step 15265
[  5%]   step 15266
+SWASH is processing output request    1
+SWASH is processing output request    2
[  5%]   step 15267
[  5%]   step 15268
[  5%]   step 15269
[  5%]   step 15270
[  5%]   step 15271
[  5%]   step 15272
[  5%]   step 15273
[  5%]   step 15274
[  5%]   step 15275
[  5%]   step 15276
[  5%]   step 15277
[  5%]   step 15278
[  5%]   step 15279
[  5%]   step 15280
[  5%]   step 15281
[  5%]   step 15282
[  5%]   step 15283
[  5%]   step 15284
[  5%]   step 15285
[  5%]   step 15286
[  5%]   step 15287
[  5%]   step 15288
[  5%]   step 15289
[  5%]   step 15290
[  5%]   step 15291
[  5%]   step 15292
[  5%]   step 15293
[  5%]   step 15294
[  5%]   step 15295
[  5%]   step 15296
[  5%]   step 15297
[  5%]   step 15298
[  5%]   step 15299
[  5%]   step 15300
[  5%]   step 15301
[  5%]   step 15302
[  5%]   step 15303
[  5%]   step 15304
[  5%]   step 15305
[  5%]   step 15306
[  5%]   step 15307
[  5%]   step 15308
[  5%]   step 15309
[  5%]   step 15310
[  5%]   step 15311
[  5%]   step 15312
[  5%]   step 15313
[  5%]   step 15314
[  5%]   step 15315
[  5%]   step 15316
[  5%]   step 15317
[  5%]   step 15318
[  5%]   step 15319
[  5%]   step 15320
[  5%]   step 15321
[  5%]   step 15322
[  5%]   step 15323
[  5%]   step 15324
[  5%]   step 15325
[  5%]   step 15326
[  5%]   step 15327
[  5%]   step 15328
[  5%]   step 15329
[  5%]   step 15330
[  5%]   step 15331
[  5%]   step 15332
[  5%]   step 15333
[  5%]   step 15334
[  5%]   step 15335
[  5%]   step 15336
[  5%]   step 15337
[  5%]   step 15338
[  5%]   step 15339
[  5%]   step 15340
[  5%]   step 15341
[  5%]   step 15342
[  5%]   step 15343
[  5%]   step 15344
[  5%]   step 15345
[  5%]   step 15346
[  5%]   step 15347
[  5%]   step 15348
[  5%]   step 15349
[  5%]   step 15350
[  5%]   step 15351
[  5%]   step 15352
[  5%]   step 15353
[  5%]   step 15354
[  5%]   step 15355
[  5%]   step 15356
[  5%]   step 15357
[  5%]   step 15358
[  5%]   step 15359
[  5%]   step 15360
[  5%]   step 15361
[  5%]   step 15362
[  5%]   step 15363
[  5%]   step 15364
[  5%]   step 15365
[  5%]   step 15366
[  5%]   step 15367
[  5%]   step 15368
[  5%]   step 15369
[  5%]   step 15370
[  5%]   step 15371
[  5%]   step 15372
[  5%]   step 15373
[  5%]   step 15374
[  5%]   step 15375
[  5%]   step 15376
[  5%]   step 15377
[  5%]   step 15378
[  5%]   step 15379
[  5%]   step 15380
[  5%]   step 15381
[  5%]   step 15382
[  5%]   step 15383
[  5%]   step 15384
[  5%]   step 15385
[  5%]   step 15386
[  5%]   step 15387
[  5%]   step 15388
[  5%]   step 15389
[  5%]   step 15390
[  5%]   step 15391
[  5%]   step 15392
[  5%]   step 15393
[  5%]   step 15394
[  5%]   step 15395
[  5%]   step 15396
[  5%]   step 15397
[  5%]   step 15398
[  5%]   step 15399
[  5%]   step 15400
[  5%]   step 15401
[  5%]   step 15402
[  5%]   step 15403
[  5%]   step 15404
[  5%]   step 15405
[  5%]   step 15406
[  5%]   step 15407
[  5%]   step 15408
[  5%]   step 15409
[  5%]   step 15410
[  5%]   step 15411
[  5%]   step 15412
[  5%]   step 15413
[  5%]   step 15414
[  5%]   step 15415
[  5%]   step 15416
[  5%]   step 15417
[  5%]   step 15418
[  5%]   step 15419
[  5%]   step 15420
[  5%]   step 15421
[  5%]   step 15422
[  5%]   step 15423
[  5%]   step 15424
[  5%]   step 15425
[  5%]   step 15426
[  5%]   step 15427
[  5%]   step 15428
[  5%]   step 15429
[  5%]   step 15430
[  5%]   step 15431
[  5%]   step 15432
[  5%]   step 15433
[  5%]   step 15434
[  5%]   step 15435
[  5%]   step 15436
[  5%]   step 15437
[  5%]   step 15438
[  5%]   step 15439
[  5%]   step 15440
[  5%]   step 15441
[  5%]   step 15442
[  5%]   step 15443
[  5%]   step 15444
[  5%]   step 15445
[  5%]   step 15446
[  5%]   step 15447
[  5%]   step 15448
[  5%]   step 15449
[  5%]   step 15450
[  5%]   step 15451
[  5%]   step 15452
[  5%]   step 15453
[  5%]   step 15454
[  5%]   step 15455
[  5%]   step 15456
[  5%]   step 15457
[  5%]   step 15458
[  5%]   step 15459
[  5%]   step 15460
[  5%]   step 15461
[  5%]   step 15462
[  5%]   step 15463
[  5%]   step 15464
[  5%]   step 15465
[  5%]   step 15466
[  5%]   step 15467
[  5%]   step 15468
[  5%]   step 15469
[  5%]   step 15470
[  5%]   step 15471
[  5%]   step 15472
[  5%]   step 15473
[  5%]   step 15474
[  5%]   step 15475
[  5%]   step 15476
[  5%]   step 15477
[  5%]   step 15478
[  5%]   step 15479
[  5%]   step 15480
[  5%]   step 15481
[  5%]   step 15482
[  5%]   step 15483
[  5%]   step 15484
[  5%]   step 15485
[  5%]   step 15486
[  5%]   step 15487
[  5%]   step 15488
[  5%]   step 15489
[  5%]   step 15490
[  5%]   step 15491
[  5%]   step 15492
[  5%]   step 15493
[  5%]   step 15494
[  5%]   step 15495
[  5%]   step 15496
[  5%]   step 15497
[  5%]   step 15498
[  5%]   step 15499
[  5%]   step 15500
[  5%]   step 15501
[  5%]   step 15502
[  5%]   step 15503
[  5%]   step 15504
[  5%]   step 15505
[  5%]   step 15506
[  5%]   step 15507
[  5%]   step 15508
[  5%]   step 15509
[  5%]   step 15510
[  5%]   step 15511
[  5%]   step 15512
[  5%]   step 15513
[  5%]   step 15514
[  5%]   step 15515
[  5%]   step 15516
[  5%]   step 15517
[  5%]   step 15518
[  5%]   step 15519
[  5%]   step 15520
[  5%]   step 15521
[  5%]   step 15522
[  5%]   step 15523
[  5%]   step 15524
[  5%]   step 15525
[  5%]   step 15526
[  5%]   step 15527
[  5%]   step 15528
[  5%]   step 15529
[  5%]   step 15530
[  5%]   step 15531
[  5%]   step 15532
[  5%]   step 15533
[  5%]   step 15534
[  5%]   step 15535
[  5%]   step 15536
[  5%]   step 15537
[  5%]   step 15538
[  5%]   step 15539
[  5%]   step 15540
[  5%]   step 15541
[  5%]   step 15542
[  5%]   step 15543
[  5%]   step 15544
[  5%]   step 15545
[  5%]   step 15546
[  5%]   step 15547
[  5%]   step 15548
[  5%]   step 15549
[  5%]   step 15550
[  5%]   step 15551
[  5%]   step 15552
[  5%]   step 15553
[  5%]   step 15554
[  5%]   step 15555
[  5%]   step 15556
[  5%]   step 15557
[  5%]   step 15558
[  5%]   step 15559
[  5%]   step 15560
[  5%]   step 15561
[  5%]   step 15562
[  5%]   step 15563
[  5%]   step 15564
[  5%]   step 15565
[  5%]   step 15566
[  5%]   step 15567
[  5%]   step 15568
[  5%]   step 15569
[  5%]   step 15570
[  5%]   step 15571
[  5%]   step 15572
[  5%]   step 15573
[  5%]   step 15574
[  5%]   step 15575
[  5%]   step 15576
[  5%]   step 15577
[  5%]   step 15578
[  5%]   step 15579
[  5%]   step 15580
[  5%]   step 15581
[  5%]   step 15582
[  5%]   step 15583
[  5%]   step 15584
[  5%]   step 15585
[  5%]   step 15586
[  5%]   step 15587
[  5%]   step 15588
[  5%]   step 15589
[  5%]   step 15590
[  5%]   step 15591
[  5%]   step 15592
[  5%]   step 15593
[  5%]   step 15594
[  5%]   step 15595
[  5%]   step 15596
[  5%]   step 15597
[  5%]   step 15598
[  5%]   step 15599
[  5%]   step 15600
[  5%]   step 15601
[  5%]   step 15602
[  5%]   step 15603
[  5%]   step 15604
[  5%]   step 15605
[  5%]   step 15606
[  5%]   step 15607
[  5%]   step 15608
[  5%]   step 15609
[  5%]   step 15610
[  5%]   step 15611
[  5%]   step 15612
[  5%]   step 15613
[  5%]   step 15614
[  5%]   step 15615
[  5%]   step 15616
[  5%]   step 15617
[  5%]   step 15618
[  5%]   step 15619
[  5%]   step 15620
[  5%]   step 15621
[  5%]   step 15622
[  5%]   step 15623
[  5%]   step 15624
[  5%]   step 15625
[  5%]   step 15626
[  5%]   step 15627
[  5%]   step 15628
[  5%]   step 15629
[  5%]   step 15630
[  5%]   step 15631
[  5%]   step 15632
[  5%]   step 15633
[  5%]   step 15634
[  5%]   step 15635
[  5%]   step 15636
[  5%]   step 15637
[  5%]   step 15638
[  5%]   step 15639
[  5%]   step 15640
[  5%]   step 15641
[  5%]   step 15642
[  5%]   step 15643
[  5%]   step 15644
[  5%]   step 15645
[  5%]   step 15646
[  5%]   step 15647
[  5%]   step 15648
[  5%]   step 15649
[  5%]   step 15650
[  5%]   step 15651
[  5%]   step 15652
[  5%]   step 15653
[  5%]   step 15654
[  5%]   step 15655
[  5%]   step 15656
[  5%]   step 15657
+SWASH is processing output request    1
+SWASH is processing output request    2
[  5%]   step 15658
[  5%]   step 15659
[  5%]   step 15660
[  5%]   step 15661
[  5%]   step 15662
[  5%]   step 15663
[  5%]   step 15664
[  5%]   step 15665
[  5%]   step 15666
[  5%]   step 15667
[  5%]   step 15668
[  5%]   step 15669
[  5%]   step 15670
[  5%]   step 15671
[  5%]   step 15672
[  5%]   step 15673
[  5%]   step 15674
[  5%]   step 15675
[  5%]   step 15676
[  5%]   step 15677
[  5%]   step 15678
[  5%]   step 15679
[  5%]   step 15680
[  5%]   step 15681
[  5%]   step 15682
[  5%]   step 15683
[  5%]   step 15684
[  5%]   step 15685
[  5%]   step 15686
[  5%]   step 15687
[  5%]   step 15688
[  5%]   step 15689
[  5%]   step 15690
[  5%]   step 15691
[  5%]   step 15692
[  5%]   step 15693
[  5%]   step 15694
[  5%]   step 15695
[  5%]   step 15696
[  5%]   step 15697
[  5%]   step 15698
[  5%]   step 15699
[  5%]   step 15700
[  5%]   step 15701
[  5%]   step 15702
[  5%]   step 15703
[  5%]   step 15704
[  5%]   step 15705
[  5%]   step 15706
[  5%]   step 15707
[  5%]   step 15708
[  5%]   step 15709
[  5%]   step 15710
[  5%]   step 15711
[  5%]   step 15712
[  5%]   step 15713
[  5%]   step 15714
[  5%]   step 15715
[  5%]   step 15716
[  5%]   step 15717
[  5%]   step 15718
[  5%]   step 15719
[  5%]   step 15720
[  5%]   step 15721
[  5%]   step 15722
[  5%]   step 15723
[  5%]   step 15724
[  5%]   step 15725
[  5%]   step 15726
[  5%]   step 15727
[  5%]   step 15728
[  5%]   step 15729
[  5%]   step 15730
[  5%]   step 15731
[  5%]   step 15732
[  5%]   step 15733
[  5%]   step 15734
[  5%]   step 15735
[  5%]   step 15736
[  5%]   step 15737
[  5%]   step 15738
[  5%]   step 15739
[  5%]   step 15740
[  5%]   step 15741
[  5%]   step 15742
[  5%]   step 15743
[  5%]   step 15744
[  5%]   step 15745
[  5%]   step 15746
[  5%]   step 15747
[  5%]   step 15748
[  5%]   step 15749
[  5%]   step 15750
[  5%]   step 15751
[  5%]   step 15752
[  5%]   step 15753
[  5%]   step 15754
[  5%]   step 15755
[  5%]   step 15756
[  5%]   step 15757
[  5%]   step 15758
[  5%]   step 15759
[  5%]   step 15760
[  5%]   step 15761
[  5%]   step 15762
[  5%]   step 15763
[  5%]   step 15764
[  5%]   step 15765
[  5%]   step 15766
[  5%]   step 15767
[  5%]   step 15768
[  5%]   step 15769
[  5%]   step 15770
[  5%]   step 15771
[  5%]   step 15772
[  5%]   step 15773
[  5%]   step 15774
[  5%]   step 15775
[  5%]   step 15776
[  5%]   step 15777
[  5%]   step 15778
[  5%]   step 15779
[  5%]   step 15780
[  5%]   step 15781
[  5%]   step 15782
[  5%]   step 15783
[  5%]   step 15784
[  5%]   step 15785
[  5%]   step 15786
[  5%]   step 15787
[  5%]   step 15788
[  5%]   step 15789
[  5%]   step 15790
[  5%]   step 15791
[  5%]   step 15792
[  5%]   step 15793
[  5%]   step 15794
[  5%]   step 15795
[  5%]   step 15796
[  5%]   step 15797
[  5%]   step 15798
[  5%]   step 15799
[  5%]   step 15800
[  5%]   step 15801
[  5%]   step 15802
[  5%]   step 15803
[  5%]   step 15804
[  5%]   step 15805
[  5%]   step 15806
[  5%]   step 15807
[  5%]   step 15808
[  5%]   step 15809
[  5%]   step 15810
[  5%]   step 15811
[  5%]   step 15812
[  5%]   step 15813
[  5%]   step 15814
[  5%]   step 15815
[  5%]   step 15816
[  5%]   step 15817
[  5%]   step 15818
[  5%]   step 15819
[  5%]   step 15820
[  5%]   step 15821
[  5%]   step 15822
[  5%]   step 15823
[  5%]   step 15824
[  5%]   step 15825
[  5%]   step 15826
[  5%]   step 15827
[  5%]   step 15828
[  5%]   step 15829
[  5%]   step 15830
[  5%]   step 15831
[  5%]   step 15832
[  5%]   step 15833
[  5%]   step 15834
[  5%]   step 15835
[  5%]   step 15836
[  5%]   step 15837
[  5%]   step 15838
[  5%]   step 15839
[  5%]   step 15840
[  5%]   step 15841
[  5%]   step 15842
[  5%]   step 15843
[  5%]   step 15844
[  5%]   step 15845
[  5%]   step 15846
[  5%]   step 15847
[  5%]   step 15848
[  5%]   step 15849
[  5%]   step 15850
[  5%]   step 15851
[  5%]   step 15852
[  5%]   step 15853
[  5%]   step 15854
[  5%]   step 15855
[  5%]   step 15856
[  5%]   step 15857
[  5%]   step 15858
[  5%]   step 15859
[  5%]   step 15860
[  5%]   step 15861
[  5%]   step 15862
[  5%]   step 15863
[  5%]   step 15864
[  5%]   step 15865
[  5%]   step 15866
[  5%]   step 15867
[  5%]   step 15868
[  5%]   step 15869
[  5%]   step 15870
[  5%]   step 15871
[  5%]   step 15872
[  5%]   step 15873
[  5%]   step 15874
[  5%]   step 15875
[  5%]   step 15876
[  5%]   step 15877
[  5%]   step 15878
[  5%]   step 15879
[  5%]   step 15880
[  5%]   step 15881
[  5%]   step 15882
[  5%]   step 15883
[  5%]   step 15884
[  5%]   step 15885
[  5%]   step 15886
[  5%]   step 15887
[  5%]   step 15888
[  5%]   step 15889
[  5%]   step 15890
[  5%]   step 15891
[  5%]   step 15892
[  5%]   step 15893
[  5%]   step 15894
[  5%]   step 15895
[  5%]   step 15896
[  5%]   step 15897
[  5%]   step 15898
[  5%]   step 15899
[  5%]   step 15900
[  5%]   step 15901
[  5%]   step 15902
[  5%]   step 15903
[  5%]   step 15904
[  5%]   step 15905
[  5%]   step 15906
[  5%]   step 15907
[  5%]   step 15908
[  5%]   step 15909
[  5%]   step 15910
[  5%]   step 15911
[  5%]   step 15912
[  5%]   step 15913
[  5%]   step 15914
[  5%]   step 15915
[  5%]   step 15916
[  5%]   step 15917
[  5%]   step 15918
[  5%]   step 15919
[  5%]   step 15920
[  5%]   step 15921
[  5%]   step 15922
[  5%]   step 15923
[  5%]   step 15924
[  5%]   step 15925
[  5%]   step 15926
[  5%]   step 15927
[  5%]   step 15928
[  5%]   step 15929
[  5%]   step 15930
[  5%]   step 15931
[  5%]   step 15932
[  5%]   step 15933
[  5%]   step 15934
[  5%]   step 15935
[  5%]   step 15936
[  5%]   step 15937
[  5%]   step 15938
[  5%]   step 15939
[  5%]   step 15940
[  5%]   step 15941
[  5%]   step 15942
[  5%]   step 15943
[  5%]   step 15944
[  5%]   step 15945
[  5%]   step 15946
[  5%]   step 15947
[  5%]   step 15948
[  5%]   step 15949
[  5%]   step 15950
[  5%]   step 15951
[  5%]   step 15952
[  5%]   step 15953
[  5%]   step 15954
[  5%]   step 15955
[  5%]   step 15956
[  5%]   step 15957
[  5%]   step 15958
[  5%]   step 15959
[  5%]   step 15960
[  5%]   step 15961
[  5%]   step 15962
[  5%]   step 15963
[  5%]   step 15964
[  5%]   step 15965
[  5%]   step 15966
[  5%]   step 15967
[  5%]   step 15968
[  5%]   step 15969
[  5%]   step 15970
[  5%]   step 15971
[  5%]   step 15972
[  5%]   step 15973
[  5%]   step 15974
[  5%]   step 15975
[  5%]   step 15976
[  5%]   step 15977
[  5%]   step 15978
[  5%]   step 15979
[  5%]   step 15980
[  5%]   step 15981
[  5%]   step 15982
[  5%]   step 15983
[  5%]   step 15984
[  5%]   step 15985
[  5%]   step 15986
[  5%]   step 15987
[  5%]   step 15988
[  5%]   step 15989
[  5%]   step 15990
[  5%]   step 15991
[  5%]   step 15992
[  5%]   step 15993
[  5%]   step 15994
[  5%]   step 15995
[  5%]   step 15996
[  5%]   step 15997
[  5%]   step 15998
[  5%]   step 15999
[  5%]   step 16000
[  5%]   step 16001
[  5%]   step 16002
[  5%]   step 16003
[  5%]   step 16004
[  5%]   step 16005
[  5%]   step 16006
[  5%]   step 16007
[  5%]   step 16008
[  5%]   step 16009
[  5%]   step 16010
[  5%]   step 16011
[  5%]   step 16012
[  5%]   step 16013
[  5%]   step 16014
[  5%]   step 16015
[  5%]   step 16016
[  5%]   step 16017
[  5%]   step 16018
[  5%]   step 16019
[  5%]   step 16020
[  5%]   step 16021
[  5%]   step 16022
[  5%]   step 16023
[  5%]   step 16024
[  5%]   step 16025
[  5%]   step 16026
[  5%]   step 16027
[  5%]   step 16028
[  5%]   step 16029
[  5%]   step 16030
[  5%]   step 16031
[  5%]   step 16032
[  5%]   step 16033
[  5%]   step 16034
[  5%]   step 16035
[  5%]   step 16036
[  5%]   step 16037
[  5%]   step 16038
[  5%]   step 16039
[  5%]   step 16040
[  5%]   step 16041
[  5%]   step 16042
[  5%]   step 16043
[  5%]   step 16044
[  5%]   step 16045
[  5%]   step 16046
[  5%]   step 16047
[  5%]   step 16048
[  5%]   step 16049
+SWASH is processing output request    1
+SWASH is processing output request    2
[  5%]   step 16050
[  5%]   step 16051
[  5%]   step 16052
[  5%]   step 16053
[  5%]   step 16054
[  5%]   step 16055
[  5%]   step 16056
[  5%]   step 16057
[  5%]   step 16058
[  5%]   step 16059
[  5%]   step 16060
[  5%]   step 16061
[  5%]   step 16062
[  5%]   step 16063
[  5%]   step 16064
[  5%]   step 16065
[  5%]   step 16066
[  5%]   step 16067
[  5%]   step 16068
[  5%]   step 16069
[  5%]   step 16070
[  5%]   step 16071
[  5%]   step 16072
[  5%]   step 16073
[  5%]   step 16074
[  5%]   step 16075
[  5%]   step 16076
[  5%]   step 16077
[  5%]   step 16078
[  5%]   step 16079
[  5%]   step 16080
[  5%]   step 16081
[  5%]   step 16082
[  5%]   step 16083
[  5%]   step 16084
[  5%]   step 16085
[  5%]   step 16086
[  5%]   step 16087
[  5%]   step 16088
[  5%]   step 16089
[  5%]   step 16090
[  5%]   step 16091
[  5%]   step 16092
[  5%]   step 16093
[  5%]   step 16094
[  5%]   step 16095
[  5%]   step 16096
[  5%]   step 16097
[  5%]   step 16098
[  5%]   step 16099
[  5%]   step 16100
[  5%]   step 16101
[  5%]   step 16102
[  5%]   step 16103
[  5%]   step 16104
[  5%]   step 16105
[  5%]   step 16106
[  5%]   step 16107
[  5%]   step 16108
[  5%]   step 16109
[  5%]   step 16110
[  5%]   step 16111
[  5%]   step 16112
[  5%]   step 16113
[  5%]   step 16114
[  5%]   step 16115
[  5%]   step 16116
[  5%]   step 16117
[  5%]   step 16118
[  5%]   step 16119
[  5%]   step 16120
[  5%]   step 16121
[  5%]   step 16122
[  5%]   step 16123
[  5%]   step 16124
[  5%]   step 16125
[  5%]   step 16126
[  5%]   step 16127
[  5%]   step 16128
[  5%]   step 16129
[  5%]   step 16130
[  5%]   step 16131
[  5%]   step 16132
[  5%]   step 16133
[  5%]   step 16134
[  5%]   step 16135
[  5%]   step 16136
[  5%]   step 16137
[  5%]   step 16138
[  5%]   step 16139
[  5%]   step 16140
[  5%]   step 16141
[  5%]   step 16142
[  5%]   step 16143
[  5%]   step 16144
[  5%]   step 16145
[  5%]   step 16146
[  5%]   step 16147
[  5%]   step 16148
[  5%]   step 16149
[  5%]   step 16150
[  5%]   step 16151
[  5%]   step 16152
[  5%]   step 16153
[  5%]   step 16154
[  5%]   step 16155
[  5%]   step 16156
[  5%]   step 16157
[  5%]   step 16158
[  5%]   step 16159
[  5%]   step 16160
[  5%]   step 16161
[  5%]   step 16162
[  5%]   step 16163
[  5%]   step 16164
[  5%]   step 16165
[  5%]   step 16166
[  5%]   step 16167
[  5%]   step 16168
[  5%]   step 16169
[  5%]   step 16170
[  5%]   step 16171
[  5%]   step 16172
[  5%]   step 16173
[  5%]   step 16174
[  5%]   step 16175
[  5%]   step 16176
[  5%]   step 16177
[  5%]   step 16178
[  5%]   step 16179
[  5%]   step 16180
[  5%]   step 16181
[  5%]   step 16182
[  5%]   step 16183
[  5%]   step 16184
[  5%]   step 16185
[  5%]   step 16186
[  5%]   step 16187
[  5%]   step 16188
[  5%]   step 16189
[  5%]   step 16190
[  5%]   step 16191
[  5%]   step 16192
[  5%]   step 16193
[  5%]   step 16194
[  5%]   step 16195
[  5%]   step 16196
[  5%]   step 16197
[  5%]   step 16198
[  5%]   step 16199
[  5%]   step 16200
[  5%]   step 16201
[  5%]   step 16202
[  5%]   step 16203
[  5%]   step 16204
[  5%]   step 16205
[  5%]   step 16206
[  5%]   step 16207
[  5%]   step 16208
[  5%]   step 16209
[  5%]   step 16210
[  5%]   step 16211
[  5%]   step 16212
[  5%]   step 16213
[  5%]   step 16214
[  5%]   step 16215
[  5%]   step 16216
[  5%]   step 16217
[  5%]   step 16218
[  5%]   step 16219
[  5%]   step 16220
[  5%]   step 16221
[  5%]   step 16222
[  5%]   step 16223
[  5%]   step 16224
[  5%]   step 16225
[  5%]   step 16226
[  5%]   step 16227
[  5%]   step 16228
[  5%]   step 16229
[  5%]   step 16230
[  5%]   step 16231
[  5%]   step 16232
[  5%]   step 16233
[  5%]   step 16234
[  5%]   step 16235
[  5%]   step 16236
[  5%]   step 16237
[  5%]   step 16238
[  5%]   step 16239
[  5%]   step 16240
[  5%]   step 16241
[  5%]   step 16242
[  5%]   step 16243
[  5%]   step 16244
[  5%]   step 16245
[  5%]   step 16246
[  5%]   step 16247
[  5%]   step 16248
[  5%]   step 16249
[  5%]   step 16250
[  5%]   step 16251
[  5%]   step 16252
[  5%]   step 16253
[  5%]   step 16254
[  5%]   step 16255
[  5%]   step 16256
[  5%]   step 16257
[  5%]   step 16258
[  5%]   step 16259
[  5%]   step 16260
[  5%]   step 16261
[  5%]   step 16262
[  5%]   step 16263
[  5%]   step 16264
[  5%]   step 16265
[  5%]   step 16266
[  5%]   step 16267
[  5%]   step 16268
[  5%]   step 16269
[  5%]   step 16270
[  5%]   step 16271
[  5%]   step 16272
[  5%]   step 16273
[  5%]   step 16274
[  5%]   step 16275
[  5%]   step 16276
[  5%]   step 16277
[  5%]   step 16278
[  5%]   step 16279
[  5%]   step 16280
[  5%]   step 16281
[  5%]   step 16282
[  5%]   step 16283
[  5%]   step 16284
[  5%]   step 16285
[  5%]   step 16286
[  5%]   step 16287
[  5%]   step 16288
[  5%]   step 16289
[  5%]   step 16290
[  5%]   step 16291
[  5%]   step 16292
[  5%]   step 16293
[  5%]   step 16294
[  5%]   step 16295
[  5%]   step 16296
[  5%]   step 16297
[  5%]   step 16298
[  5%]   step 16299
[  5%]   step 16300
[  5%]   step 16301
[  5%]   step 16302
[  5%]   step 16303
[  5%]   step 16304
[  5%]   step 16305
[  5%]   step 16306
[  5%]   step 16307
[  5%]   step 16308
[  5%]   step 16309
[  5%]   step 16310
[  5%]   step 16311
[  5%]   step 16312
[  5%]   step 16313
[  5%]   step 16314
[  5%]   step 16315
[  5%]   step 16316
[  5%]   step 16317
[  5%]   step 16318
[  5%]   step 16319
[  5%]   step 16320
[  5%]   step 16321
[  5%]   step 16322
[  5%]   step 16323
[  5%]   step 16324
[  5%]   step 16325
[  5%]   step 16326
[  5%]   step 16327
[  5%]   step 16328
[  5%]   step 16329
[  5%]   step 16330
[  5%]   step 16331
[  5%]   step 16332
[  5%]   step 16333
[  5%]   step 16334
[  5%]   step 16335
[  5%]   step 16336
[  5%]   step 16337
[  5%]   step 16338
[  5%]   step 16339
[  5%]   step 16340
[  5%]   step 16341
[  5%]   step 16342
[  5%]   step 16343
[  5%]   step 16344
[  5%]   step 16345
[  5%]   step 16346
[  5%]   step 16347
[  5%]   step 16348
[  5%]   step 16349
[  5%]   step 16350
[  5%]   step 16351
[  5%]   step 16352
[  5%]   step 16353
[  5%]   step 16354
[  5%]   step 16355
[  5%]   step 16356
[  5%]   step 16357
[  5%]   step 16358
[  5%]   step 16359
[  5%]   step 16360
[  5%]   step 16361
[  5%]   step 16362
[  5%]   step 16363
[  5%]   step 16364
[  5%]   step 16365
[  5%]   step 16366
[  5%]   step 16367
[  5%]   step 16368
[  5%]   step 16369
[  5%]   step 16370
[  5%]   step 16371
[  5%]   step 16372
[  5%]   step 16373
[  5%]   step 16374
[  5%]   step 16375
[  5%]   step 16376
[  5%]   step 16377
[  5%]   step 16378
[  5%]   step 16379
[  5%]   step 16380
[  5%]   step 16381
[  5%]   step 16382
[  5%]   step 16383
[  5%]   step 16384
[  5%]   step 16385
[  5%]   step 16386
[  5%]   step 16387
[  5%]   step 16388
[  5%]   step 16389
[  5%]   step 16390
[  5%]   step 16391
[  5%]   step 16392
[  5%]   step 16393
[  5%]   step 16394
[  5%]   step 16395
[  5%]   step 16396
[  5%]   step 16397
[  5%]   step 16398
[  5%]   step 16399
[  5%]   step 16400
[  5%]   step 16401
[  5%]   step 16402
[  5%]   step 16403
[  5%]   step 16404
[  5%]   step 16405
[  5%]   step 16406
[  5%]   step 16407
[  5%]   step 16408
[  5%]   step 16409
[  5%]   step 16410
[  5%]   step 16411
[  5%]   step 16412
[  5%]   step 16413
[  5%]   step 16414
[  5%]   step 16415
[  5%]   step 16416
[  5%]   step 16417
[  5%]   step 16418
[  5%]   step 16419
[  5%]   step 16420
[  5%]   step 16421
[  5%]   step 16422
[  5%]   step 16423
[  5%]   step 16424
[  5%]   step 16425
[  5%]   step 16426
[  5%]   step 16427
[  5%]   step 16428
[  5%]   step 16429
[  5%]   step 16430
[  5%]   step 16431
[  5%]   step 16432
[  5%]   step 16433
[  5%]   step 16434
[  5%]   step 16435
[  5%]   step 16436
[  5%]   step 16437
[  5%]   step 16438
[  5%]   step 16439
[  5%]   step 16440
+SWASH is processing output request    1
+SWASH is processing output request    2
[  5%]   step 16441
[  5%]   step 16442
[  5%]   step 16443
[  5%]   step 16444
[  5%]   step 16445
[  5%]   step 16446
[  5%]   step 16447
[  5%]   step 16448
[  5%]   step 16449
[  5%]   step 16450
[  5%]   step 16451
[  5%]   step 16452
[  5%]   step 16453
[  5%]   step 16454
[  5%]   step 16455
[  5%]   step 16456
[  5%]   step 16457
[  5%]   step 16458
[  5%]   step 16459
[  5%]   step 16460
[  5%]   step 16461
[  5%]   step 16462
[  5%]   step 16463
[  5%]   step 16464
[  5%]   step 16465
[  5%]   step 16466
[  5%]   step 16467
[  5%]   step 16468
[  5%]   step 16469
[  5%]   step 16470
[  5%]   step 16471
[  5%]   step 16472
[  5%]   step 16473
[  5%]   step 16474
[  5%]   step 16475
[  5%]   step 16476
[  5%]   step 16477
[  5%]   step 16478
[  5%]   step 16479
[  5%]   step 16480
[  5%]   step 16481
[  5%]   step 16482
[  5%]   step 16483
[  5%]   step 16484
[  5%]   step 16485
[  5%]   step 16486
[  5%]   step 16487
[  5%]   step 16488
[  5%]   step 16489
[  5%]   step 16490
[  5%]   step 16491
[  5%]   step 16492
[  5%]   step 16493
[  5%]   step 16494
[  5%]   step 16495
[  5%]   step 16496
[  5%]   step 16497
[  5%]   step 16498
[  5%]   step 16499
[  5%]   step 16500
[  5%]   step 16501
[  5%]   step 16502
[  5%]   step 16503
[  5%]   step 16504
[  5%]   step 16505
[  5%]   step 16506
[  5%]   step 16507
[  5%]   step 16508
[  5%]   step 16509
[  5%]   step 16510
[  5%]   step 16511
[  5%]   step 16512
[  5%]   step 16513
[  5%]   step 16514
[  5%]   step 16515
[  5%]   step 16516
[  5%]   step 16517
[  5%]   step 16518
[  5%]   step 16519
[  5%]   step 16520
[  5%]   step 16521
[  5%]   step 16522
[  5%]   step 16523
[  5%]   step 16524
[  5%]   step 16525
[  5%]   step 16526
[  5%]   step 16527
[  5%]   step 16528
[  5%]   step 16529
[  5%]   step 16530
[  5%]   step 16531
[  5%]   step 16532
[  5%]   step 16533
[  5%]   step 16534
[  5%]   step 16535
[  5%]   step 16536
[  5%]   step 16537
[  5%]   step 16538
[  5%]   step 16539
[  5%]   step 16540
[  5%]   step 16541
[  5%]   step 16542
[  5%]   step 16543
[  5%]   step 16544
[  5%]   step 16545
[  5%]   step 16546
[  5%]   step 16547
[  5%]   step 16548
[  5%]   step 16549
[  5%]   step 16550
[  5%]   step 16551
[  5%]   step 16552
[  5%]   step 16553
[  5%]   step 16554
[  5%]   step 16555
[  5%]   step 16556
[  5%]   step 16557
[  5%]   step 16558
[  5%]   step 16559
[  5%]   step 16560
[  5%]   step 16561
[  5%]   step 16562
[  5%]   step 16563
[  5%]   step 16564
[  5%]   step 16565
[  5%]   step 16566
[  5%]   step 16567
[  5%]   step 16568
[  5%]   step 16569
[  5%]   step 16570
[  5%]   step 16571
[  5%]   step 16572
[  5%]   step 16573
[  5%]   step 16574
[  5%]   step 16575
[  5%]   step 16576
[  5%]   step 16577
[  5%]   step 16578
[  5%]   step 16579
[  5%]   step 16580
[  5%]   step 16581
[  5%]   step 16582
[  5%]   step 16583
[  5%]   step 16584
[  5%]   step 16585
[  5%]   step 16586
[  5%]   step 16587
[  5%]   step 16588
[  5%]   step 16589
[  5%]   step 16590
[  5%]   step 16591
[  5%]   step 16592
[  5%]   step 16593
[  5%]   step 16594
[  5%]   step 16595
[  5%]   step 16596
[  5%]   step 16597
[  5%]   step 16598
[  5%]   step 16599
[  5%]   step 16600
[  5%]   step 16601
[  5%]   step 16602
[  5%]   step 16603
[  5%]   step 16604
[  5%]   step 16605
[  5%]   step 16606
[  5%]   step 16607
[  5%]   step 16608
[  5%]   step 16609
[  5%]   step 16610
[  5%]   step 16611
[  5%]   step 16612
[  5%]   step 16613
[  5%]   step 16614
[  5%]   step 16615
[  5%]   step 16616
[  5%]   step 16617
[  5%]   step 16618
[  5%]   step 16619
[  5%]   step 16620
[  5%]   step 16621
[  5%]   step 16622
[  5%]   step 16623
[  5%]   step 16624
[  5%]   step 16625
[  5%]   step 16626
[  5%]   step 16627
[  5%]   step 16628
[  5%]   step 16629
[  5%]   step 16630
[  5%]   step 16631
[  5%]   step 16632
[  5%]   step 16633
[  5%]   step 16634
[  5%]   step 16635
[  5%]   step 16636
[  5%]   step 16637
[  5%]   step 16638
[  5%]   step 16639
[  5%]   step 16640
[  5%]   step 16641
[  5%]   step 16642
[  5%]   step 16643
[  5%]   step 16644
[  5%]   step 16645
[  5%]   step 16646
[  5%]   step 16647
[  5%]   step 16648
[  5%]   step 16649
[  5%]   step 16650
[  5%]   step 16651
[  5%]   step 16652
[  5%]   step 16653
[  5%]   step 16654
[  5%]   step 16655
[  5%]   step 16656
[  5%]   step 16657
[  5%]   step 16658
[  5%]   step 16659
[  5%]   step 16660
[  5%]   step 16661
[  5%]   step 16662
[  5%]   step 16663
[  5%]   step 16664
[  5%]   step 16665
[  5%]   step 16666
[  5%]   step 16667
[  5%]   step 16668
[  5%]   step 16669
[  5%]   step 16670
[  5%]   step 16671
[  5%]   step 16672
[  5%]   step 16673
[  5%]   step 16674
[  5%]   step 16675
[  5%]   step 16676
[  5%]   step 16677
[  5%]   step 16678
[  5%]   step 16679
[  5%]   step 16680
[  5%]   step 16681
[  5%]   step 16682
[  5%]   step 16683
[  5%]   step 16684
[  5%]   step 16685
[  5%]   step 16686
[  5%]   step 16687
[  5%]   step 16688
[  5%]   step 16689
[  5%]   step 16690
[  5%]   step 16691
[  5%]   step 16692
[  5%]   step 16693
[  5%]   step 16694
[  5%]   step 16695
[  5%]   step 16696
[  5%]   step 16697
[  5%]   step 16698
[  5%]   step 16699
[  5%]   step 16700
[  5%]   step 16701
[  5%]   step 16702
[  5%]   step 16703
[  5%]   step 16704
[  5%]   step 16705
[  5%]   step 16706
[  5%]   step 16707
[  5%]   step 16708
[  5%]   step 16709
[  5%]   step 16710
[  5%]   step 16711
[  5%]   step 16712
[  5%]   step 16713
[  5%]   step 16714
[  5%]   step 16715
[  5%]   step 16716
[  5%]   step 16717
[  5%]   step 16718
[  5%]   step 16719
[  5%]   step 16720
[  5%]   step 16721
[  5%]   step 16722
[  5%]   step 16723
[  5%]   step 16724
[  5%]   step 16725
[  5%]   step 16726
[  5%]   step 16727
[  5%]   step 16728
[  5%]   step 16729
[  5%]   step 16730
[  5%]   step 16731
[  5%]   step 16732
[  5%]   step 16733
[  5%]   step 16734
[  5%]   step 16735
[  5%]   step 16736
[  5%]   step 16737
[  5%]   step 16738
[  5%]   step 16739
[  5%]   step 16740
[  5%]   step 16741
[  5%]   step 16742
[  5%]   step 16743
[  5%]   step 16744
[  5%]   step 16745
[  5%]   step 16746
[  5%]   step 16747
[  5%]   step 16748
[  5%]   step 16749
[  5%]   step 16750
[  5%]   step 16751
[  5%]   step 16752
[  5%]   step 16753
[  5%]   step 16754
[  5%]   step 16755
[  5%]   step 16756
[  5%]   step 16757
[  5%]   step 16758
[  5%]   step 16759
[  5%]   step 16760
[  5%]   step 16761
[  5%]   step 16762
[  5%]   step 16763
[  5%]   step 16764
[  5%]   step 16765
[  5%]   step 16766
[  5%]   step 16767
[  5%]   step 16768
[  5%]   step 16769
[  5%]   step 16770
[  5%]   step 16771
[  5%]   step 16772
[  5%]   step 16773
[  5%]   step 16774
[  5%]   step 16775
[  5%]   step 16776
[  5%]   step 16777
[  5%]   step 16778
[  5%]   step 16779
[  5%]   step 16780
[  5%]   step 16781
[  5%]   step 16782
[  5%]   step 16783
[  5%]   step 16784
[  5%]   step 16785
[  5%]   step 16786
[  5%]   step 16787
[  5%]   step 16788
[  5%]   step 16789
[  5%]   step 16790
[  5%]   step 16791
[  6%]   step 16792
[  6%]   step 16793
[  6%]   step 16794
[  6%]   step 16795
[  6%]   step 16796
[  6%]   step 16797
[  6%]   step 16798
[  6%]   step 16799
[  6%]   step 16800
[  6%]   step 16801
[  6%]   step 16802
[  6%]   step 16803
[  6%]   step 16804
[  6%]   step 16805
[  6%]   step 16806
[  6%]   step 16807
[  6%]   step 16808
[  6%]   step 16809
[  6%]   step 16810
[  6%]   step 16811
[  6%]   step 16812
[  6%]   step 16813
[  6%]   step 16814
[  6%]   step 16815
[  6%]   step 16816
[  6%]   step 16817
[  6%]   step 16818
[  6%]   step 16819
[  6%]   step 16820
[  6%]   step 16821
[  6%]   step 16822
[  6%]   step 16823
[  6%]   step 16824
[  6%]   step 16825
[  6%]   step 16826
[  6%]   step 16827
[  6%]   step 16828
[  6%]   step 16829
[  6%]   step 16830
[  6%]   step 16831
+SWASH is processing output request    1
+SWASH is processing output request    2
[  6%]   step 16832
[  6%]   step 16833
[  6%]   step 16834
[  6%]   step 16835
[  6%]   step 16836
[  6%]   step 16837
[  6%]   step 16838
[  6%]   step 16839
[  6%]   step 16840
[  6%]   step 16841
[  6%]   step 16842
[  6%]   step 16843
[  6%]   step 16844
[  6%]   step 16845
[  6%]   step 16846
[  6%]   step 16847
[  6%]   step 16848
[  6%]   step 16849
[  6%]   step 16850
[  6%]   step 16851
[  6%]   step 16852
[  6%]   step 16853
[  6%]   step 16854
[  6%]   step 16855
[  6%]   step 16856
[  6%]   step 16857
[  6%]   step 16858
[  6%]   step 16859
[  6%]   step 16860
[  6%]   step 16861
[  6%]   step 16862
[  6%]   step 16863
[  6%]   step 16864
[  6%]   step 16865
[  6%]   step 16866
[  6%]   step 16867
[  6%]   step 16868
[  6%]   step 16869
[  6%]   step 16870
[  6%]   step 16871
[  6%]   step 16872
[  6%]   step 16873
[  6%]   step 16874
[  6%]   step 16875
[  6%]   step 16876
[  6%]   step 16877
[  6%]   step 16878
[  6%]   step 16879
[  6%]   step 16880
[  6%]   step 16881
[  6%]   step 16882
[  6%]   step 16883
[  6%]   step 16884
[  6%]   step 16885
[  6%]   step 16886
[  6%]   step 16887
[  6%]   step 16888
[  6%]   step 16889
[  6%]   step 16890
[  6%]   step 16891
[  6%]   step 16892
[  6%]   step 16893
[  6%]   step 16894
[  6%]   step 16895
[  6%]   step 16896
[  6%]   step 16897
[  6%]   step 16898
[  6%]   step 16899
[  6%]   step 16900
[  6%]   step 16901
[  6%]   step 16902
[  6%]   step 16903
[  6%]   step 16904
[  6%]   step 16905
[  6%]   step 16906
[  6%]   step 16907
[  6%]   step 16908
[  6%]   step 16909
[  6%]   step 16910
[  6%]   step 16911
[  6%]   step 16912
[  6%]   step 16913
[  6%]   step 16914
[  6%]   step 16915
[  6%]   step 16916
[  6%]   step 16917
[  6%]   step 16918
[  6%]   step 16919
[  6%]   step 16920
[  6%]   step 16921
[  6%]   step 16922
[  6%]   step 16923
[  6%]   step 16924
[  6%]   step 16925
[  6%]   step 16926
[  6%]   step 16927
[  6%]   step 16928
[  6%]   step 16929
[  6%]   step 16930
[  6%]   step 16931
[  6%]   step 16932
[  6%]   step 16933
[  6%]   step 16934
[  6%]   step 16935
[  6%]   step 16936
[  6%]   step 16937
[  6%]   step 16938
[  6%]   step 16939
[  6%]   step 16940
[  6%]   step 16941
[  6%]   step 16942
[  6%]   step 16943
[  6%]   step 16944
[  6%]   step 16945
[  6%]   step 16946
[  6%]   step 16947
[  6%]   step 16948
[  6%]   step 16949
[  6%]   step 16950
[  6%]   step 16951
[  6%]   step 16952
[  6%]   step 16953
[  6%]   step 16954
[  6%]   step 16955
[  6%]   step 16956
[  6%]   step 16957
[  6%]   step 16958
[  6%]   step 16959
[  6%]   step 16960
[  6%]   step 16961
[  6%]   step 16962
[  6%]   step 16963
[  6%]   step 16964
[  6%]   step 16965
[  6%]   step 16966
[  6%]   step 16967
[  6%]   step 16968
[  6%]   step 16969
[  6%]   step 16970
[  6%]   step 16971
[  6%]   step 16972
[  6%]   step 16973
[  6%]   step 16974
[  6%]   step 16975
[  6%]   step 16976
[  6%]   step 16977
[  6%]   step 16978
[  6%]   step 16979
[  6%]   step 16980
[  6%]   step 16981
[  6%]   step 16982
[  6%]   step 16983
[  6%]   step 16984
[  6%]   step 16985
[  6%]   step 16986
[  6%]   step 16987
[  6%]   step 16988
[  6%]   step 16989
[  6%]   step 16990
[  6%]   step 16991
[  6%]   step 16992
[  6%]   step 16993
[  6%]   step 16994
[  6%]   step 16995
[  6%]   step 16996
[  6%]   step 16997
[  6%]   step 16998
[  6%]   step 16999
[  6%]   step 17000
[  6%]   step 17001
[  6%]   step 17002
[  6%]   step 17003
[  6%]   step 17004
[  6%]   step 17005
[  6%]   step 17006
[  6%]   step 17007
[  6%]   step 17008
[  6%]   step 17009
[  6%]   step 17010
[  6%]   step 17011
[  6%]   step 17012
[  6%]   step 17013
[  6%]   step 17014
[  6%]   step 17015
[  6%]   step 17016
[  6%]   step 17017
[  6%]   step 17018
[  6%]   step 17019
[  6%]   step 17020
[  6%]   step 17021
[  6%]   step 17022
[  6%]   step 17023
[  6%]   step 17024
[  6%]   step 17025
[  6%]   step 17026
[  6%]   step 17027
[  6%]   step 17028
[  6%]   step 17029
[  6%]   step 17030
[  6%]   step 17031
[  6%]   step 17032
[  6%]   step 17033
[  6%]   step 17034
[  6%]   step 17035
[  6%]   step 17036
[  6%]   step 17037
[  6%]   step 17038
[  6%]   step 17039
[  6%]   step 17040
[  6%]   step 17041
[  6%]   step 17042
[  6%]   step 17043
[  6%]   step 17044
[  6%]   step 17045
[  6%]   step 17046
[  6%]   step 17047
[  6%]   step 17048
[  6%]   step 17049
[  6%]   step 17050
[  6%]   step 17051
[  6%]   step 17052
[  6%]   step 17053
[  6%]   step 17054
[  6%]   step 17055
[  6%]   step 17056
[  6%]   step 17057
[  6%]   step 17058
[  6%]   step 17059
[  6%]   step 17060
[  6%]   step 17061
[  6%]   step 17062
[  6%]   step 17063
[  6%]   step 17064
[  6%]   step 17065
[  6%]   step 17066
[  6%]   step 17067
[  6%]   step 17068
[  6%]   step 17069
[  6%]   step 17070
[  6%]   step 17071
[  6%]   step 17072
[  6%]   step 17073
[  6%]   step 17074
[  6%]   step 17075
[  6%]   step 17076
[  6%]   step 17077
[  6%]   step 17078
[  6%]   step 17079
[  6%]   step 17080
[  6%]   step 17081
[  6%]   step 17082
[  6%]   step 17083
[  6%]   step 17084
[  6%]   step 17085
[  6%]   step 17086
[  6%]   step 17087
[  6%]   step 17088
[  6%]   step 17089
[  6%]   step 17090
[  6%]   step 17091
[  6%]   step 17092
[  6%]   step 17093
[  6%]   step 17094
[  6%]   step 17095
[  6%]   step 17096
[  6%]   step 17097
[  6%]   step 17098
[  6%]   step 17099
[  6%]   step 17100
[  6%]   step 17101
[  6%]   step 17102
[  6%]   step 17103
[  6%]   step 17104
[  6%]   step 17105
[  6%]   step 17106
[  6%]   step 17107
[  6%]   step 17108
[  6%]   step 17109
[  6%]   step 17110
[  6%]   step 17111
[  6%]   step 17112
[  6%]   step 17113
[  6%]   step 17114
[  6%]   step 17115
[  6%]   step 17116
[  6%]   step 17117
[  6%]   step 17118
[  6%]   step 17119
[  6%]   step 17120
[  6%]   step 17121
[  6%]   step 17122
[  6%]   step 17123
[  6%]   step 17124
[  6%]   step 17125
[  6%]   step 17126
[  6%]   step 17127
[  6%]   step 17128
[  6%]   step 17129
[  6%]   step 17130
[  6%]   step 17131
[  6%]   step 17132
[  6%]   step 17133
[  6%]   step 17134
[  6%]   step 17135
[  6%]   step 17136
[  6%]   step 17137
[  6%]   step 17138
[  6%]   step 17139
[  6%]   step 17140
[  6%]   step 17141
[  6%]   step 17142
[  6%]   step 17143
[  6%]   step 17144
[  6%]   step 17145
[  6%]   step 17146
[  6%]   step 17147
[  6%]   step 17148
[  6%]   step 17149
[  6%]   step 17150
[  6%]   step 17151
[  6%]   step 17152
[  6%]   step 17153
[  6%]   step 17154
[  6%]   step 17155
[  6%]   step 17156
[  6%]   step 17157
[  6%]   step 17158
[  6%]   step 17159
[  6%]   step 17160
[  6%]   step 17161
[  6%]   step 17162
[  6%]   step 17163
[  6%]   step 17164
[  6%]   step 17165
[  6%]   step 17166
[  6%]   step 17167
[  6%]   step 17168
[  6%]   step 17169
[  6%]   step 17170
[  6%]   step 17171
[  6%]   step 17172
[  6%]   step 17173
[  6%]   step 17174
[  6%]   step 17175
[  6%]   step 17176
[  6%]   step 17177
[  6%]   step 17178
[  6%]   step 17179
[  6%]   step 17180
[  6%]   step 17181
[  6%]   step 17182
[  6%]   step 17183
[  6%]   step 17184
[  6%]   step 17185
[  6%]   step 17186
[  6%]   step 17187
[  6%]   step 17188
[  6%]   step 17189
[  6%]   step 17190
[  6%]   step 17191
[  6%]   step 17192
[  6%]   step 17193
[  6%]   step 17194
[  6%]   step 17195
[  6%]   step 17196
[  6%]   step 17197
[  6%]   step 17198
[  6%]   step 17199
[  6%]   step 17200
[  6%]   step 17201
[  6%]   step 17202
[  6%]   step 17203
[  6%]   step 17204
[  6%]   step 17205
[  6%]   step 17206
[  6%]   step 17207
[  6%]   step 17208
[  6%]   step 17209
[  6%]   step 17210
[  6%]   step 17211
[  6%]   step 17212
[  6%]   step 17213
[  6%]   step 17214
[  6%]   step 17215
[  6%]   step 17216
[  6%]   step 17217
[  6%]   step 17218
[  6%]   step 17219
[  6%]   step 17220
[  6%]   step 17221
[  6%]   step 17222
[  6%]   step 17223
+SWASH is processing output request    1
+SWASH is processing output request    2
[  6%]   step 17224
[  6%]   step 17225
[  6%]   step 17226
[  6%]   step 17227
[  6%]   step 17228
[  6%]   step 17229
[  6%]   step 17230
[  6%]   step 17231
[  6%]   step 17232
[  6%]   step 17233
[  6%]   step 17234
[  6%]   step 17235
[  6%]   step 17236
[  6%]   step 17237
[  6%]   step 17238
[  6%]   step 17239
[  6%]   step 17240
[  6%]   step 17241
[  6%]   step 17242
[  6%]   step 17243
[  6%]   step 17244
[  6%]   step 17245
[  6%]   step 17246
[  6%]   step 17247
[  6%]   step 17248
[  6%]   step 17249
[  6%]   step 17250
[  6%]   step 17251
[  6%]   step 17252
[  6%]   step 17253
[  6%]   step 17254
[  6%]   step 17255
[  6%]   step 17256
[  6%]   step 17257
[  6%]   step 17258
[  6%]   step 17259
[  6%]   step 17260
[  6%]   step 17261
[  6%]   step 17262
[  6%]   step 17263
[  6%]   step 17264
[  6%]   step 17265
[  6%]   step 17266
[  6%]   step 17267
[  6%]   step 17268
[  6%]   step 17269
[  6%]   step 17270
[  6%]   step 17271
[  6%]   step 17272
[  6%]   step 17273
[  6%]   step 17274
[  6%]   step 17275
[  6%]   step 17276
[  6%]   step 17277
[  6%]   step 17278
[  6%]   step 17279
[  6%]   step 17280
[  6%]   step 17281
[  6%]   step 17282
[  6%]   step 17283
[  6%]   step 17284
[  6%]   step 17285
[  6%]   step 17286
[  6%]   step 17287
[  6%]   step 17288
[  6%]   step 17289
[  6%]   step 17290
[  6%]   step 17291
[  6%]   step 17292
[  6%]   step 17293
[  6%]   step 17294
[  6%]   step 17295
[  6%]   step 17296
[  6%]   step 17297
[  6%]   step 17298
[  6%]   step 17299
[  6%]   step 17300
[  6%]   step 17301
[  6%]   step 17302
[  6%]   step 17303
[  6%]   step 17304
[  6%]   step 17305
[  6%]   step 17306
[  6%]   step 17307
[  6%]   step 17308
[  6%]   step 17309
[  6%]   step 17310
[  6%]   step 17311
[  6%]   step 17312
[  6%]   step 17313
[  6%]   step 17314
[  6%]   step 17315
[  6%]   step 17316
[  6%]   step 17317
[  6%]   step 17318
[  6%]   step 17319
[  6%]   step 17320
[  6%]   step 17321
[  6%]   step 17322
[  6%]   step 17323
[  6%]   step 17324
[  6%]   step 17325
[  6%]   step 17326
[  6%]   step 17327
[  6%]   step 17328
[  6%]   step 17329
[  6%]   step 17330
[  6%]   step 17331
[  6%]   step 17332
[  6%]   step 17333
[  6%]   step 17334
[  6%]   step 17335
[  6%]   step 17336
[  6%]   step 17337
[  6%]   step 17338
[  6%]   step 17339
[  6%]   step 17340
[  6%]   step 17341
[  6%]   step 17342
[  6%]   step 17343
[  6%]   step 17344
[  6%]   step 17345
[  6%]   step 17346
[  6%]   step 17347
[  6%]   step 17348
[  6%]   step 17349
[  6%]   step 17350
[  6%]   step 17351
[  6%]   step 17352
[  6%]   step 17353
[  6%]   step 17354
[  6%]   step 17355
[  6%]   step 17356
[  6%]   step 17357
[  6%]   step 17358
[  6%]   step 17359
[  6%]   step 17360
[  6%]   step 17361
[  6%]   step 17362
[  6%]   step 17363
[  6%]   step 17364
[  6%]   step 17365
[  6%]   step 17366
[  6%]   step 17367
[  6%]   step 17368
[  6%]   step 17369
[  6%]   step 17370
[  6%]   step 17371
[  6%]   step 17372
[  6%]   step 17373
[  6%]   step 17374
[  6%]   step 17375
[  6%]   step 17376
[  6%]   step 17377
[  6%]   step 17378
[  6%]   step 17379
[  6%]   step 17380
[  6%]   step 17381
[  6%]   step 17382
[  6%]   step 17383
[  6%]   step 17384
[  6%]   step 17385
[  6%]   step 17386
[  6%]   step 17387
[  6%]   step 17388
[  6%]   step 17389
[  6%]   step 17390
[  6%]   step 17391
[  6%]   step 17392
[  6%]   step 17393
[  6%]   step 17394
[  6%]   step 17395
[  6%]   step 17396
[  6%]   step 17397
[  6%]   step 17398
[  6%]   step 17399
[  6%]   step 17400
[  6%]   step 17401
[  6%]   step 17402
[  6%]   step 17403
[  6%]   step 17404
[  6%]   step 17405
[  6%]   step 17406
[  6%]   step 17407
[  6%]   step 17408
[  6%]   step 17409
[  6%]   step 17410
[  6%]   step 17411
[  6%]   step 17412
[  6%]   step 17413
[  6%]   step 17414
[  6%]   step 17415
[  6%]   step 17416
[  6%]   step 17417
[  6%]   step 17418
[  6%]   step 17419
[  6%]   step 17420
[  6%]   step 17421
[  6%]   step 17422
[  6%]   step 17423
[  6%]   step 17424
[  6%]   step 17425
[  6%]   step 17426
[  6%]   step 17427
[  6%]   step 17428
[  6%]   step 17429
[  6%]   step 17430
[  6%]   step 17431
[  6%]   step 17432
[  6%]   step 17433
[  6%]   step 17434
[  6%]   step 17435
[  6%]   step 17436
[  6%]   step 17437
[  6%]   step 17438
[  6%]   step 17439
[  6%]   step 17440
[  6%]   step 17441
[  6%]   step 17442
[  6%]   step 17443
[  6%]   step 17444
[  6%]   step 17445
[  6%]   step 17446
[  6%]   step 17447
[  6%]   step 17448
[  6%]   step 17449
[  6%]   step 17450
[  6%]   step 17451
[  6%]   step 17452
[  6%]   step 17453
[  6%]   step 17454
[  6%]   step 17455
[  6%]   step 17456
[  6%]   step 17457
[  6%]   step 17458
[  6%]   step 17459
[  6%]   step 17460
[  6%]   step 17461
[  6%]   step 17462
[  6%]   step 17463
[  6%]   step 17464
[  6%]   step 17465
[  6%]   step 17466
[  6%]   step 17467
[  6%]   step 17468
[  6%]   step 17469
[  6%]   step 17470
[  6%]   step 17471
[  6%]   step 17472
[  6%]   step 17473
[  6%]   step 17474
[  6%]   step 17475
[  6%]   step 17476
[  6%]   step 17477
[  6%]   step 17478
[  6%]   step 17479
[  6%]   step 17480
[  6%]   step 17481
[  6%]   step 17482
[  6%]   step 17483
[  6%]   step 17484
[  6%]   step 17485
[  6%]   step 17486
[  6%]   step 17487
[  6%]   step 17488
[  6%]   step 17489
[  6%]   step 17490
[  6%]   step 17491
[  6%]   step 17492
[  6%]   step 17493
[  6%]   step 17494
[  6%]   step 17495
[  6%]   step 17496
[  6%]   step 17497
[  6%]   step 17498
[  6%]   step 17499
[  6%]   step 17500
[  6%]   step 17501
[  6%]   step 17502
[  6%]   step 17503
[  6%]   step 17504
[  6%]   step 17505
[  6%]   step 17506
[  6%]   step 17507
[  6%]   step 17508
[  6%]   step 17509
[  6%]   step 17510
[  6%]   step 17511
[  6%]   step 17512
[  6%]   step 17513
[  6%]   step 17514
[  6%]   step 17515
[  6%]   step 17516
[  6%]   step 17517
[  6%]   step 17518
[  6%]   step 17519
[  6%]   step 17520
[  6%]   step 17521
[  6%]   step 17522
[  6%]   step 17523
[  6%]   step 17524
[  6%]   step 17525
[  6%]   step 17526
[  6%]   step 17527
[  6%]   step 17528
[  6%]   step 17529
[  6%]   step 17530
[  6%]   step 17531
[  6%]   step 17532
[  6%]   step 17533
[  6%]   step 17534
[  6%]   step 17535
[  6%]   step 17536
[  6%]   step 17537
[  6%]   step 17538
[  6%]   step 17539
[  6%]   step 17540
[  6%]   step 17541
[  6%]   step 17542
[  6%]   step 17543
[  6%]   step 17544
[  6%]   step 17545
[  6%]   step 17546
[  6%]   step 17547
[  6%]   step 17548
[  6%]   step 17549
[  6%]   step 17550
[  6%]   step 17551
[  6%]   step 17552
[  6%]   step 17553
[  6%]   step 17554
[  6%]   step 17555
[  6%]   step 17556
[  6%]   step 17557
[  6%]   step 17558
[  6%]   step 17559
[  6%]   step 17560
[  6%]   step 17561
[  6%]   step 17562
[  6%]   step 17563
[  6%]   step 17564
[  6%]   step 17565
[  6%]   step 17566
[  6%]   step 17567
[  6%]   step 17568
[  6%]   step 17569
[  6%]   step 17570
[  6%]   step 17571
[  6%]   step 17572
[  6%]   step 17573
[  6%]   step 17574
[  6%]   step 17575
[  6%]   step 17576
[  6%]   step 17577
[  6%]   step 17578
[  6%]   step 17579
[  6%]   step 17580
[  6%]   step 17581
[  6%]   step 17582
[  6%]   step 17583
[  6%]   step 17584
[  6%]   step 17585
[  6%]   step 17586
[  6%]   step 17587
[  6%]   step 17588
[  6%]   step 17589
[  6%]   step 17590
[  6%]   step 17591
[  6%]   step 17592
[  6%]   step 17593
[  6%]   step 17594
[  6%]   step 17595
[  6%]   step 17596
[  6%]   step 17597
[  6%]   step 17598
[  6%]   step 17599
[  6%]   step 17600
[  6%]   step 17601
[  6%]   step 17602
[  6%]   step 17603
[  6%]   step 17604
[  6%]   step 17605
[  6%]   step 17606
[  6%]   step 17607
[  6%]   step 17608
[  6%]   step 17609
[  6%]   step 17610
[  6%]   step 17611
[  6%]   step 17612
[  6%]   step 17613
[  6%]   step 17614
+SWASH is processing output request    1
+SWASH is processing output request    2
[  6%]   step 17615
[  6%]   step 17616
[  6%]   step 17617
[  6%]   step 17618
[  6%]   step 17619
[  6%]   step 17620
[  6%]   step 17621
[  6%]   step 17622
[  6%]   step 17623
[  6%]   step 17624
[  6%]   step 17625
[  6%]   step 17626
[  6%]   step 17627
[  6%]   step 17628
[  6%]   step 17629
[  6%]   step 17630
[  6%]   step 17631
[  6%]   step 17632
[  6%]   step 17633
[  6%]   step 17634
[  6%]   step 17635
[  6%]   step 17636
[  6%]   step 17637
[  6%]   step 17638
[  6%]   step 17639
[  6%]   step 17640
[  6%]   step 17641
[  6%]   step 17642
[  6%]   step 17643
[  6%]   step 17644
[  6%]   step 17645
[  6%]   step 17646
[  6%]   step 17647
[  6%]   step 17648
[  6%]   step 17649
[  6%]   step 17650
[  6%]   step 17651
[  6%]   step 17652
[  6%]   step 17653
[  6%]   step 17654
[  6%]   step 17655
[  6%]   step 17656
[  6%]   step 17657
[  6%]   step 17658
[  6%]   step 17659
[  6%]   step 17660
[  6%]   step 17661
[  6%]   step 17662
[  6%]   step 17663
[  6%]   step 17664
[  6%]   step 17665
[  6%]   step 17666
[  6%]   step 17667
[  6%]   step 17668
[  6%]   step 17669
[  6%]   step 17670
[  6%]   step 17671
[  6%]   step 17672
[  6%]   step 17673
[  6%]   step 17674
[  6%]   step 17675
[  6%]   step 17676
[  6%]   step 17677
[  6%]   step 17678
[  6%]   step 17679
[  6%]   step 17680
[  6%]   step 17681
[  6%]   step 17682
[  6%]   step 17683
[  6%]   step 17684
[  6%]   step 17685
[  6%]   step 17686
[  6%]   step 17687
[  6%]   step 17688
[  6%]   step 17689
[  6%]   step 17690
[  6%]   step 17691
[  6%]   step 17692
[  6%]   step 17693
[  6%]   step 17694
[  6%]   step 17695
[  6%]   step 17696
[  6%]   step 17697
[  6%]   step 17698
[  6%]   step 17699
[  6%]   step 17700
[  6%]   step 17701
[  6%]   step 17702
[  6%]   step 17703
[  6%]   step 17704
[  6%]   step 17705
[  6%]   step 17706
[  6%]   step 17707
[  6%]   step 17708
[  6%]   step 17709
[  6%]   step 17710
[  6%]   step 17711
[  6%]   step 17712
[  6%]   step 17713
[  6%]   step 17714
[  6%]   step 17715
[  6%]   step 17716
[  6%]   step 17717
[  6%]   step 17718
[  6%]   step 17719
[  6%]   step 17720
[  6%]   step 17721
[  6%]   step 17722
[  6%]   step 17723
[  6%]   step 17724
[  6%]   step 17725
[  6%]   step 17726
[  6%]   step 17727
[  6%]   step 17728
[  6%]   step 17729
[  6%]   step 17730
[  6%]   step 17731
[  6%]   step 17732
[  6%]   step 17733
[  6%]   step 17734
[  6%]   step 17735
[  6%]   step 17736
[  6%]   step 17737
[  6%]   step 17738
[  6%]   step 17739
[  6%]   step 17740
[  6%]   step 17741
[  6%]   step 17742
[  6%]   step 17743
[  6%]   step 17744
[  6%]   step 17745
[  6%]   step 17746
[  6%]   step 17747
[  6%]   step 17748
[  6%]   step 17749
[  6%]   step 17750
[  6%]   step 17751
[  6%]   step 17752
[  6%]   step 17753
[  6%]   step 17754
[  6%]   step 17755
[  6%]   step 17756
[  6%]   step 17757
[  6%]   step 17758
[  6%]   step 17759
[  6%]   step 17760
[  6%]   step 17761
[  6%]   step 17762
[  6%]   step 17763
[  6%]   step 17764
[  6%]   step 17765
[  6%]   step 17766
[  6%]   step 17767
[  6%]   step 17768
[  6%]   step 17769
[  6%]   step 17770
[  6%]   step 17771
[  6%]   step 17772
[  6%]   step 17773
[  6%]   step 17774
[  6%]   step 17775
[  6%]   step 17776
[  6%]   step 17777
[  6%]   step 17778
[  6%]   step 17779
[  6%]   step 17780
[  6%]   step 17781
[  6%]   step 17782
[  6%]   step 17783
[  6%]   step 17784
[  6%]   step 17785
[  6%]   step 17786
[  6%]   step 17787
[  6%]   step 17788
[  6%]   step 17789
[  6%]   step 17790
[  6%]   step 17791
[  6%]   step 17792
[  6%]   step 17793
[  6%]   step 17794
[  6%]   step 17795
[  6%]   step 17796
[  6%]   step 17797
[  6%]   step 17798
[  6%]   step 17799
[  6%]   step 17800
[  6%]   step 17801
[  6%]   step 17802
[  6%]   step 17803
[  6%]   step 17804
[  6%]   step 17805
[  6%]   step 17806
[  6%]   step 17807
[  6%]   step 17808
[  6%]   step 17809
[  6%]   step 17810
[  6%]   step 17811
[  6%]   step 17812
[  6%]   step 17813
[  6%]   step 17814
[  6%]   step 17815
[  6%]   step 17816
[  6%]   step 17817
[  6%]   step 17818
[  6%]   step 17819
[  6%]   step 17820
[  6%]   step 17821
[  6%]   step 17822
[  6%]   step 17823
[  6%]   step 17824
[  6%]   step 17825
[  6%]   step 17826
[  6%]   step 17827
[  6%]   step 17828
[  6%]   step 17829
[  6%]   step 17830
[  6%]   step 17831
[  6%]   step 17832
[  6%]   step 17833
[  6%]   step 17834
[  6%]   step 17835
[  6%]   step 17836
[  6%]   step 17837
[  6%]   step 17838
[  6%]   step 17839
[  6%]   step 17840
[  6%]   step 17841
[  6%]   step 17842
[  6%]   step 17843
[  6%]   step 17844
[  6%]   step 17845
[  6%]   step 17846
[  6%]   step 17847
[  6%]   step 17848
[  6%]   step 17849
[  6%]   step 17850
[  6%]   step 17851
[  6%]   step 17852
[  6%]   step 17853
[  6%]   step 17854
[  6%]   step 17855
[  6%]   step 17856
[  6%]   step 17857
[  6%]   step 17858
[  6%]   step 17859
[  6%]   step 17860
[  6%]   step 17861
[  6%]   step 17862
[  6%]   step 17863
[  6%]   step 17864
[  6%]   step 17865
[  6%]   step 17866
[  6%]   step 17867
[  6%]   step 17868
[  6%]   step 17869
[  6%]   step 17870
[  6%]   step 17871
[  6%]   step 17872
[  6%]   step 17873
[  6%]   step 17874
[  6%]   step 17875
[  6%]   step 17876
[  6%]   step 17877
[  6%]   step 17878
[  6%]   step 17879
[  6%]   step 17880
[  6%]   step 17881
[  6%]   step 17882
[  6%]   step 17883
[  6%]   step 17884
[  6%]   step 17885
[  6%]   step 17886
[  6%]   step 17887
[  6%]   step 17888
[  6%]   step 17889
[  6%]   step 17890
[  6%]   step 17891
[  6%]   step 17892
[  6%]   step 17893
[  6%]   step 17894
[  6%]   step 17895
[  6%]   step 17896
[  6%]   step 17897
[  6%]   step 17898
[  6%]   step 17899
[  6%]   step 17900
[  6%]   step 17901
[  6%]   step 17902
[  6%]   step 17903
[  6%]   step 17904
[  6%]   step 17905
[  6%]   step 17906
[  6%]   step 17907
[  6%]   step 17908
[  6%]   step 17909
[  6%]   step 17910
[  6%]   step 17911
[  6%]   step 17912
[  6%]   step 17913
[  6%]   step 17914
[  6%]   step 17915
[  6%]   step 17916
[  6%]   step 17917
[  6%]   step 17918
[  6%]   step 17919
[  6%]   step 17920
[  6%]   step 17921
[  6%]   step 17922
[  6%]   step 17923
[  6%]   step 17924
[  6%]   step 17925
[  6%]   step 17926
[  6%]   step 17927
[  6%]   step 17928
[  6%]   step 17929
[  6%]   step 17930
[  6%]   step 17931
[  6%]   step 17932
[  6%]   step 17933
[  6%]   step 17934
[  6%]   step 17935
[  6%]   step 17936
[  6%]   step 17937
[  6%]   step 17938
[  6%]   step 17939
[  6%]   step 17940
[  6%]   step 17941
[  6%]   step 17942
[  6%]   step 17943
[  6%]   step 17944
[  6%]   step 17945
[  6%]   step 17946
[  6%]   step 17947
[  6%]   step 17948
[  6%]   step 17949
[  6%]   step 17950
[  6%]   step 17951
[  6%]   step 17952
[  6%]   step 17953
[  6%]   step 17954
[  6%]   step 17955
[  6%]   step 17956
[  6%]   step 17957
[  6%]   step 17958
[  6%]   step 17959
[  6%]   step 17960
[  6%]   step 17961
[  6%]   step 17962
[  6%]   step 17963
[  6%]   step 17964
[  6%]   step 17965
[  6%]   step 17966
[  6%]   step 17967
[  6%]   step 17968
[  6%]   step 17969
[  6%]   step 17970
[  6%]   step 17971
[  6%]   step 17972
[  6%]   step 17973
[  6%]   step 17974
[  6%]   step 17975
[  6%]   step 17976
[  6%]   step 17977
[  6%]   step 17978
[  6%]   step 17979
[  6%]   step 17980
[  6%]   step 17981
[  6%]   step 17982
[  6%]   step 17983
[  6%]   step 17984
[  6%]   step 17985
[  6%]   step 17986
[  6%]   step 17987
[  6%]   step 17988
[  6%]   step 17989
[  6%]   step 17990
[  6%]   step 17991
[  6%]   step 17992
[  6%]   step 17993
[  6%]   step 17994
[  6%]   step 17995
[  6%]   step 17996
[  6%]   step 17997
[  6%]   step 17998
[  6%]   step 17999
[  6%]   step 18000
[  6%]   step 18001
[  6%]   step 18002
[  6%]   step 18003
[  6%]   step 18004
[  6%]   step 18005
[  6%]   step 18006
+SWASH is processing output request    1
+SWASH is processing output request    2
[  6%]   step 18007
[  6%]   step 18008
[  6%]   step 18009
[  6%]   step 18010
[  6%]   step 18011
[  6%]   step 18012
[  6%]   step 18013
[  6%]   step 18014
[  6%]   step 18015
[  6%]   step 18016
[  6%]   step 18017
[  6%]   step 18018
[  6%]   step 18019
[  6%]   step 18020
[  6%]   step 18021
[  6%]   step 18022
[  6%]   step 18023
[  6%]   step 18024
[  6%]   step 18025
[  6%]   step 18026
[  6%]   step 18027
[  6%]   step 18028
[  6%]   step 18029
[  6%]   step 18030
[  6%]   step 18031
[  6%]   step 18032
[  6%]   step 18033
[  6%]   step 18034
[  6%]   step 18035
[  6%]   step 18036
[  6%]   step 18037
[  6%]   step 18038
[  6%]   step 18039
[  6%]   step 18040
[  6%]   step 18041
[  6%]   step 18042
[  6%]   step 18043
[  6%]   step 18044
[  6%]   step 18045
[  6%]   step 18046
[  6%]   step 18047
[  6%]   step 18048
[  6%]   step 18049
[  6%]   step 18050
[  6%]   step 18051
[  6%]   step 18052
[  6%]   step 18053
[  6%]   step 18054
[  6%]   step 18055
[  6%]   step 18056
[  6%]   step 18057
[  6%]   step 18058
[  6%]   step 18059
[  6%]   step 18060
[  6%]   step 18061
[  6%]   step 18062
[  6%]   step 18063
[  6%]   step 18064
[  6%]   step 18065
[  6%]   step 18066
[  6%]   step 18067
[  6%]   step 18068
[  6%]   step 18069
[  6%]   step 18070
[  6%]   step 18071
[  6%]   step 18072
[  6%]   step 18073
[  6%]   step 18074
[  6%]   step 18075
[  6%]   step 18076
[  6%]   step 18077
[  6%]   step 18078
[  6%]   step 18079
[  6%]   step 18080
[  6%]   step 18081
[  6%]   step 18082
[  6%]   step 18083
[  6%]   step 18084
[  6%]   step 18085
[  6%]   step 18086
[  6%]   step 18087
[  6%]   step 18088
[  6%]   step 18089
[  6%]   step 18090
[  6%]   step 18091
[  6%]   step 18092
[  6%]   step 18093
[  6%]   step 18094
[  6%]   step 18095
[  6%]   step 18096
[  6%]   step 18097
[  6%]   step 18098
[  6%]   step 18099
[  6%]   step 18100
[  6%]   step 18101
[  6%]   step 18102
[  6%]   step 18103
[  6%]   step 18104
[  6%]   step 18105
[  6%]   step 18106
[  6%]   step 18107
[  6%]   step 18108
[  6%]   step 18109
[  6%]   step 18110
[  6%]   step 18111
[  6%]   step 18112
[  6%]   step 18113
[  6%]   step 18114
[  6%]   step 18115
[  6%]   step 18116
[  6%]   step 18117
[  6%]   step 18118
[  6%]   step 18119
[  6%]   step 18120
[  6%]   step 18121
[  6%]   step 18122
[  6%]   step 18123
[  6%]   step 18124
[  6%]   step 18125
[  6%]   step 18126
[  6%]   step 18127
[  6%]   step 18128
[  6%]   step 18129
[  6%]   step 18130
[  6%]   step 18131
[  6%]   step 18132
[  6%]   step 18133
[  6%]   step 18134
[  6%]   step 18135
[  6%]   step 18136
[  6%]   step 18137
[  6%]   step 18138
[  6%]   step 18139
[  6%]   step 18140
[  6%]   step 18141
[  6%]   step 18142
[  6%]   step 18143
[  6%]   step 18144
[  6%]   step 18145
[  6%]   step 18146
[  6%]   step 18147
[  6%]   step 18148
[  6%]   step 18149
[  6%]   step 18150
[  6%]   step 18151
[  6%]   step 18152
[  6%]   step 18153
[  6%]   step 18154
[  6%]   step 18155
[  6%]   step 18156
[  6%]   step 18157
[  6%]   step 18158
[  6%]   step 18159
[  6%]   step 18160
[  6%]   step 18161
[  6%]   step 18162
[  6%]   step 18163
[  6%]   step 18164
[  6%]   step 18165
[  6%]   step 18166
[  6%]   step 18167
[  6%]   step 18168
[  6%]   step 18169
[  6%]   step 18170
[  6%]   step 18171
[  6%]   step 18172
[  6%]   step 18173
[  6%]   step 18174
[  6%]   step 18175
[  6%]   step 18176
[  6%]   step 18177
[  6%]   step 18178
[  6%]   step 18179
[  6%]   step 18180
[  6%]   step 18181
[  6%]   step 18182
[  6%]   step 18183
[  6%]   step 18184
[  6%]   step 18185
[  6%]   step 18186
[  6%]   step 18187
[  6%]   step 18188
[  6%]   step 18189
[  6%]   step 18190
[  6%]   step 18191
[  6%]   step 18192
[  6%]   step 18193
[  6%]   step 18194
[  6%]   step 18195
[  6%]   step 18196
[  6%]   step 18197
[  6%]   step 18198
[  6%]   step 18199
[  6%]   step 18200
[  6%]   step 18201
[  6%]   step 18202
[  6%]   step 18203
[  6%]   step 18204
[  6%]   step 18205
[  6%]   step 18206
[  6%]   step 18207
[  6%]   step 18208
[  6%]   step 18209
[  6%]   step 18210
[  6%]   step 18211
[  6%]   step 18212
[  6%]   step 18213
[  6%]   step 18214
[  6%]   step 18215
[  6%]   step 18216
[  6%]   step 18217
[  6%]   step 18218
[  6%]   step 18219
[  6%]   step 18220
[  6%]   step 18221
[  6%]   step 18222
[  6%]   step 18223
[  6%]   step 18224
[  6%]   step 18225
[  6%]   step 18226
[  6%]   step 18227
[  6%]   step 18228
[  6%]   step 18229
[  6%]   step 18230
[  6%]   step 18231
[  6%]   step 18232
[  6%]   step 18233
[  6%]   step 18234
[  6%]   step 18235
[  6%]   step 18236
[  6%]   step 18237
[  6%]   step 18238
[  6%]   step 18239
[  6%]   step 18240
[  6%]   step 18241
[  6%]   step 18242
[  6%]   step 18243
[  6%]   step 18244
[  6%]   step 18245
[  6%]   step 18246
[  6%]   step 18247
[  6%]   step 18248
[  6%]   step 18249
[  6%]   step 18250
[  6%]   step 18251
[  6%]   step 18252
[  6%]   step 18253
[  6%]   step 18254
[  6%]   step 18255
[  6%]   step 18256
[  6%]   step 18257
[  6%]   step 18258
[  6%]   step 18259
[  6%]   step 18260
[  6%]   step 18261
[  6%]   step 18262
[  6%]   step 18263
[  6%]   step 18264
[  6%]   step 18265
[  6%]   step 18266
[  6%]   step 18267
[  6%]   step 18268
[  6%]   step 18269
[  6%]   step 18270
[  6%]   step 18271
[  6%]   step 18272
[  6%]   step 18273
[  6%]   step 18274
[  6%]   step 18275
[  6%]   step 18276
[  6%]   step 18277
[  6%]   step 18278
[  6%]   step 18279
[  6%]   step 18280
[  6%]   step 18281
[  6%]   step 18282
[  6%]   step 18283
[  6%]   step 18284
[  6%]   step 18285
[  6%]   step 18286
[  6%]   step 18287
[  6%]   step 18288
[  6%]   step 18289
[  6%]   step 18290
[  6%]   step 18291
[  6%]   step 18292
[  6%]   step 18293
[  6%]   step 18294
[  6%]   step 18295
[  6%]   step 18296
[  6%]   step 18297
[  6%]   step 18298
[  6%]   step 18299
[  6%]   step 18300
[  6%]   step 18301
[  6%]   step 18302
[  6%]   step 18303
[  6%]   step 18304
[  6%]   step 18305
[  6%]   step 18306
[  6%]   step 18307
[  6%]   step 18308
[  6%]   step 18309
[  6%]   step 18310
[  6%]   step 18311
[  6%]   step 18312
[  6%]   step 18313
[  6%]   step 18314
[  6%]   step 18315
[  6%]   step 18316
[  6%]   step 18317
[  6%]   step 18318
[  6%]   step 18319
[  6%]   step 18320
[  6%]   step 18321
[  6%]   step 18322
[  6%]   step 18323
[  6%]   step 18324
[  6%]   step 18325
[  6%]   step 18326
[  6%]   step 18327
[  6%]   step 18328
[  6%]   step 18329
[  6%]   step 18330
[  6%]   step 18331
[  6%]   step 18332
[  6%]   step 18333
[  6%]   step 18334
[  6%]   step 18335
[  6%]   step 18336
[  6%]   step 18337
[  6%]   step 18338
[  6%]   step 18339
[  6%]   step 18340
[  6%]   step 18341
[  6%]   step 18342
[  6%]   step 18343
[  6%]   step 18344
[  6%]   step 18345
[  6%]   step 18346
[  6%]   step 18347
[  6%]   step 18348
[  6%]   step 18349
[  6%]   step 18350
[  6%]   step 18351
[  6%]   step 18352
[  6%]   step 18353
[  6%]   step 18354
[  6%]   step 18355
[  6%]   step 18356
[  6%]   step 18357
[  6%]   step 18358
[  6%]   step 18359
[  6%]   step 18360
[  6%]   step 18361
[  6%]   step 18362
[  6%]   step 18363
[  6%]   step 18364
[  6%]   step 18365
[  6%]   step 18366
[  6%]   step 18367
[  6%]   step 18368
[  6%]   step 18369
[  6%]   step 18370
[  6%]   step 18371
[  6%]   step 18372
[  6%]   step 18373
[  6%]   step 18374
[  6%]   step 18375
[  6%]   step 18376
[  6%]   step 18377
[  6%]   step 18378
[  6%]   step 18379
[  6%]   step 18380
[  6%]   step 18381
[  6%]   step 18382
[  6%]   step 18383
[  6%]   step 18384
[  6%]   step 18385
[  6%]   step 18386
[  6%]   step 18387
[  6%]   step 18388
[  6%]   step 18389
[  6%]   step 18390
[  6%]   step 18391
[  6%]   step 18392
[  6%]   step 18393
[  6%]   step 18394
[  6%]   step 18395
[  6%]   step 18396
[  6%]   step 18397
+SWASH is processing output request    1
+SWASH is processing output request    2
[  6%]   step 18398
[  6%]   step 18399
[  6%]   step 18400
[  6%]   step 18401
[  6%]   step 18402
[  6%]   step 18403
[  6%]   step 18404
[  6%]   step 18405
[  6%]   step 18406
[  6%]   step 18407
[  6%]   step 18408
[  6%]   step 18409
[  6%]   step 18410
[  6%]   step 18411
[  6%]   step 18412
[  6%]   step 18413
[  6%]   step 18414
[  6%]   step 18415
[  6%]   step 18416
[  6%]   step 18417
[  6%]   step 18418
[  6%]   step 18419
[  6%]   step 18420
[  6%]   step 18421
[  6%]   step 18422
[  6%]   step 18423
[  6%]   step 18424
[  6%]   step 18425
[  6%]   step 18426
[  6%]   step 18427
[  6%]   step 18428
[  6%]   step 18429
[  6%]   step 18430
[  6%]   step 18431
[  6%]   step 18432
[  6%]   step 18433
[  6%]   step 18434
[  6%]   step 18435
[  6%]   step 18436
[  6%]   step 18437
[  6%]   step 18438
[  6%]   step 18439
[  6%]   step 18440
[  6%]   step 18441
[  6%]   step 18442
[  6%]   step 18443
[  6%]   step 18444
[  6%]   step 18445
[  6%]   step 18446
[  6%]   step 18447
[  6%]   step 18448
[  6%]   step 18449
[  6%]   step 18450
[  6%]   step 18451
[  6%]   step 18452
[  6%]   step 18453
[  6%]   step 18454
[  6%]   step 18455
[  6%]   step 18456
[  6%]   step 18457
[  6%]   step 18458
[  6%]   step 18459
[  6%]   step 18460
[  6%]   step 18461
[  6%]   step 18462
[  6%]   step 18463
[  6%]   step 18464
[  6%]   step 18465
[  6%]   step 18466
[  6%]   step 18467
[  6%]   step 18468
[  6%]   step 18469
[  6%]   step 18470
[  6%]   step 18471
[  6%]   step 18472
[  6%]   step 18473
[  6%]   step 18474
[  6%]   step 18475
[  6%]   step 18476
[  6%]   step 18477
[  6%]   step 18478
[  6%]   step 18479
[  6%]   step 18480
[  6%]   step 18481
[  6%]   step 18482
[  6%]   step 18483
[  6%]   step 18484
[  6%]   step 18485
[  6%]   step 18486
[  6%]   step 18487
[  6%]   step 18488
[  6%]   step 18489
[  6%]   step 18490
[  6%]   step 18491
[  6%]   step 18492
[  6%]   step 18493
[  6%]   step 18494
[  6%]   step 18495
[  6%]   step 18496
[  6%]   step 18497
[  6%]   step 18498
[  6%]   step 18499
[  6%]   step 18500
[  6%]   step 18501
[  6%]   step 18502
[  6%]   step 18503
[  6%]   step 18504
[  6%]   step 18505
[  6%]   step 18506
[  6%]   step 18507
[  6%]   step 18508
[  6%]   step 18509
[  6%]   step 18510
[  6%]   step 18511
[  6%]   step 18512
[  6%]   step 18513
[  6%]   step 18514
[  6%]   step 18515
[  6%]   step 18516
[  6%]   step 18517
[  6%]   step 18518
[  6%]   step 18519
[  6%]   step 18520
[  6%]   step 18521
[  6%]   step 18522
[  6%]   step 18523
[  6%]   step 18524
[  6%]   step 18525
[  6%]   step 18526
[  6%]   step 18527
[  6%]   step 18528
[  6%]   step 18529
[  6%]   step 18530
[  6%]   step 18531
[  6%]   step 18532
[  6%]   step 18533
[  6%]   step 18534
[  6%]   step 18535
[  6%]   step 18536
[  6%]   step 18537
[  6%]   step 18538
[  6%]   step 18539
[  6%]   step 18540
[  6%]   step 18541
[  6%]   step 18542
[  6%]   step 18543
[  6%]   step 18544
[  6%]   step 18545
[  6%]   step 18546
[  6%]   step 18547
[  6%]   step 18548
[  6%]   step 18549
[  6%]   step 18550
[  6%]   step 18551
[  6%]   step 18552
[  6%]   step 18553
[  6%]   step 18554
[  6%]   step 18555
[  6%]   step 18556
[  6%]   step 18557
[  6%]   step 18558
[  6%]   step 18559
[  6%]   step 18560
[  6%]   step 18561
[  6%]   step 18562
[  6%]   step 18563
[  6%]   step 18564
[  6%]   step 18565
[  6%]   step 18566
[  6%]   step 18567
[  6%]   step 18568
[  6%]   step 18569
[  6%]   step 18570
[  6%]   step 18571
[  6%]   step 18572
[  6%]   step 18573
[  6%]   step 18574
[  6%]   step 18575
[  6%]   step 18576
[  6%]   step 18577
[  6%]   step 18578
[  6%]   step 18579
[  6%]   step 18580
[  6%]   step 18581
[  6%]   step 18582
[  6%]   step 18583
[  6%]   step 18584
[  6%]   step 18585
[  6%]   step 18586
[  6%]   step 18587
[  6%]   step 18588
[  6%]   step 18589
[  6%]   step 18590
[  6%]   step 18591
[  6%]   step 18592
[  6%]   step 18593
[  6%]   step 18594
[  6%]   step 18595
[  6%]   step 18596
[  6%]   step 18597
[  6%]   step 18598
[  6%]   step 18599
[  6%]   step 18600
[  6%]   step 18601
[  6%]   step 18602
[  6%]   step 18603
[  6%]   step 18604
[  6%]   step 18605
[  6%]   step 18606
[  6%]   step 18607
[  6%]   step 18608
[  6%]   step 18609
[  6%]   step 18610
[  6%]   step 18611
[  6%]   step 18612
[  6%]   step 18613
[  6%]   step 18614
[  6%]   step 18615
[  6%]   step 18616
[  6%]   step 18617
[  6%]   step 18618
[  6%]   step 18619
[  6%]   step 18620
[  6%]   step 18621
[  6%]   step 18622
[  6%]   step 18623
[  6%]   step 18624
[  6%]   step 18625
[  6%]   step 18626
[  6%]   step 18627
[  6%]   step 18628
[  6%]   step 18629
[  6%]   step 18630
[  6%]   step 18631
[  6%]   step 18632
[  6%]   step 18633
[  6%]   step 18634
[  6%]   step 18635
[  6%]   step 18636
[  6%]   step 18637
[  6%]   step 18638
[  6%]   step 18639
[  6%]   step 18640
[  6%]   step 18641
[  6%]   step 18642
[  6%]   step 18643
[  6%]   step 18644
[  6%]   step 18645
[  6%]   step 18646
[  6%]   step 18647
[  6%]   step 18648
[  6%]   step 18649
[  6%]   step 18650
[  6%]   step 18651
[  6%]   step 18652
[  6%]   step 18653
[  6%]   step 18654
[  6%]   step 18655
[  6%]   step 18656
[  6%]   step 18657
[  6%]   step 18658
[  6%]   step 18659
[  6%]   step 18660
[  6%]   step 18661
[  6%]   step 18662
[  6%]   step 18663
[  6%]   step 18664
[  6%]   step 18665
[  6%]   step 18666
[  6%]   step 18667
[  6%]   step 18668
[  6%]   step 18669
[  6%]   step 18670
[  6%]   step 18671
[  6%]   step 18672
[  6%]   step 18673
[  6%]   step 18674
[  6%]   step 18675
[  6%]   step 18676
[  6%]   step 18677
[  6%]   step 18678
[  6%]   step 18679
[  6%]   step 18680
[  6%]   step 18681
[  6%]   step 18682
[  6%]   step 18683
[  6%]   step 18684
[  6%]   step 18685
[  6%]   step 18686
[  6%]   step 18687
[  6%]   step 18688
[  6%]   step 18689
[  6%]   step 18690
[  6%]   step 18691
[  6%]   step 18692
[  6%]   step 18693
[  6%]   step 18694
[  6%]   step 18695
[  6%]   step 18696
[  6%]   step 18697
[  6%]   step 18698
[  6%]   step 18699
[  6%]   step 18700
[  6%]   step 18701
[  6%]   step 18702
[  6%]   step 18703
[  6%]   step 18704
[  6%]   step 18705
[  6%]   step 18706
[  6%]   step 18707
[  6%]   step 18708
[  6%]   step 18709
[  6%]   step 18710
[  6%]   step 18711
[  6%]   step 18712
[  6%]   step 18713
[  6%]   step 18714
[  6%]   step 18715
[  6%]   step 18716
[  6%]   step 18717
[  6%]   step 18718
[  6%]   step 18719
[  6%]   step 18720
[  6%]   step 18721
[  6%]   step 18722
[  6%]   step 18723
[  6%]   step 18724
[  6%]   step 18725
[  6%]   step 18726
[  6%]   step 18727
[  6%]   step 18728
[  6%]   step 18729
[  6%]   step 18730
[  6%]   step 18731
[  6%]   step 18732
[  6%]   step 18733
[  6%]   step 18734
[  6%]   step 18735
[  6%]   step 18736
[  6%]   step 18737
[  6%]   step 18738
[  6%]   step 18739
[  6%]   step 18740
[  6%]   step 18741
[  6%]   step 18742
[  6%]   step 18743
[  6%]   step 18744
[  6%]   step 18745
[  6%]   step 18746
[  6%]   step 18747
[  6%]   step 18748
[  6%]   step 18749
[  6%]   step 18750
[  6%]   step 18751
[  6%]   step 18752
[  6%]   step 18753
[  6%]   step 18754
[  6%]   step 18755
[  6%]   step 18756
[  6%]   step 18757
[  6%]   step 18758
[  6%]   step 18759
[  6%]   step 18760
[  6%]   step 18761
[  6%]   step 18762
[  6%]   step 18763
[  6%]   step 18764
[  6%]   step 18765
[  6%]   step 18766
[  6%]   step 18767
[  6%]   step 18768
[  6%]   step 18769
[  6%]   step 18770
[  6%]   step 18771
[  6%]   step 18772
[  6%]   step 18773
[  6%]   step 18774
[  6%]   step 18775
[  6%]   step 18776
[  6%]   step 18777
[  6%]   step 18778
[  6%]   step 18779
[  6%]   step 18780
[  6%]   step 18781
[  6%]   step 18782
[  6%]   step 18783
[  6%]   step 18784
[  6%]   step 18785
[  6%]   step 18786
[  6%]   step 18787
[  6%]   step 18788
+SWASH is processing output request    1
+SWASH is processing output request    2
[  6%]   step 18789
[  6%]   step 18790
[  6%]   step 18791
[  6%]   step 18792
[  6%]   step 18793
[  6%]   step 18794
[  6%]   step 18795
[  6%]   step 18796
[  6%]   step 18797
[  6%]   step 18798
[  6%]   step 18799
[  6%]   step 18800
[  6%]   step 18801
[  6%]   step 18802
[  6%]   step 18803
[  6%]   step 18804
[  6%]   step 18805
[  6%]   step 18806
[  6%]   step 18807
[  6%]   step 18808
[  6%]   step 18809
[  6%]   step 18810
[  6%]   step 18811
[  6%]   step 18812
[  6%]   step 18813
[  6%]   step 18814
[  6%]   step 18815
[  6%]   step 18816
[  6%]   step 18817
[  6%]   step 18818
[  6%]   step 18819
[  6%]   step 18820
[  6%]   step 18821
[  6%]   step 18822
[  6%]   step 18823
[  6%]   step 18824
[  6%]   step 18825
[  6%]   step 18826
[  6%]   step 18827
[  6%]   step 18828
[  6%]   step 18829
[  6%]   step 18830
[  6%]   step 18831
[  6%]   step 18832
[  6%]   step 18833
[  6%]   step 18834
[  6%]   step 18835
[  6%]   step 18836
[  6%]   step 18837
[  6%]   step 18838
[  6%]   step 18839
[  6%]   step 18840
[  6%]   step 18841
[  6%]   step 18842
[  6%]   step 18843
[  6%]   step 18844
[  6%]   step 18845
[  6%]   step 18846
[  6%]   step 18847
[  6%]   step 18848
[  6%]   step 18849
[  6%]   step 18850
[  6%]   step 18851
[  6%]   step 18852
[  6%]   step 18853
[  6%]   step 18854
[  6%]   step 18855
[  6%]   step 18856
[  6%]   step 18857
[  6%]   step 18858
[  6%]   step 18859
[  6%]   step 18860
[  6%]   step 18861
[  6%]   step 18862
[  6%]   step 18863
[  6%]   step 18864
[  6%]   step 18865
[  6%]   step 18866
[  6%]   step 18867
[  6%]   step 18868
[  6%]   step 18869
[  6%]   step 18870
[  6%]   step 18871
[  6%]   step 18872
[  6%]   step 18873
[  6%]   step 18874
[  6%]   step 18875
[  6%]   step 18876
[  6%]   step 18877
[  6%]   step 18878
[  6%]   step 18879
[  6%]   step 18880
[  6%]   step 18881
[  6%]   step 18882
[  6%]   step 18883
[  6%]   step 18884
[  6%]   step 18885
[  6%]   step 18886
[  6%]   step 18887
[  6%]   step 18888
[  6%]   step 18889
[  6%]   step 18890
[  6%]   step 18891
[  6%]   step 18892
[  6%]   step 18893
[  6%]   step 18894
[  6%]   step 18895
[  6%]   step 18896
[  6%]   step 18897
[  6%]   step 18898
[  6%]   step 18899
[  6%]   step 18900
[  6%]   step 18901
[  6%]   step 18902
[  6%]   step 18903
[  6%]   step 18904
[  6%]   step 18905
[  6%]   step 18906
[  6%]   step 18907
[  6%]   step 18908
[  6%]   step 18909
[  6%]   step 18910
[  6%]   step 18911
[  6%]   step 18912
[  6%]   step 18913
[  6%]   step 18914
[  6%]   step 18915
[  6%]   step 18916
[  6%]   step 18917
[  6%]   step 18918
[  6%]   step 18919
[  6%]   step 18920
[  6%]   step 18921
[  6%]   step 18922
[  6%]   step 18923
[  6%]   step 18924
[  6%]   step 18925
[  6%]   step 18926
[  6%]   step 18927
[  6%]   step 18928
[  6%]   step 18929
[  6%]   step 18930
[  6%]   step 18931
[  6%]   step 18932
[  6%]   step 18933
[  6%]   step 18934
[  6%]   step 18935
[  6%]   step 18936
[  6%]   step 18937
[  6%]   step 18938
[  6%]   step 18939
[  6%]   step 18940
[  6%]   step 18941
[  6%]   step 18942
[  6%]   step 18943
[  6%]   step 18944
[  6%]   step 18945
[  6%]   step 18946
[  6%]   step 18947
[  6%]   step 18948
[  6%]   step 18949
[  6%]   step 18950
[  6%]   step 18951
[  6%]   step 18952
[  6%]   step 18953
[  6%]   step 18954
[  6%]   step 18955
[  6%]   step 18956
[  6%]   step 18957
[  6%]   step 18958
[  6%]   step 18959
[  6%]   step 18960
[  6%]   step 18961
[  6%]   step 18962
[  6%]   step 18963
[  6%]   step 18964
[  6%]   step 18965
[  6%]   step 18966
[  6%]   step 18967
[  6%]   step 18968
[  6%]   step 18969
[  6%]   step 18970
[  6%]   step 18971
[  6%]   step 18972
[  6%]   step 18973
[  6%]   step 18974
[  6%]   step 18975
[  6%]   step 18976
[  6%]   step 18977
[  6%]   step 18978
[  6%]   step 18979
[  6%]   step 18980
[  6%]   step 18981
[  6%]   step 18982
[  6%]   step 18983
[  6%]   step 18984
[  6%]   step 18985
[  6%]   step 18986
[  6%]   step 18987
[  6%]   step 18988
[  6%]   step 18989
[  6%]   step 18990
[  6%]   step 18991
[  6%]   step 18992
[  6%]   step 18993
[  6%]   step 18994
[  6%]   step 18995
[  6%]   step 18996
[  6%]   step 18997
[  6%]   step 18998
[  6%]   step 18999
[  6%]   step 19000
[  6%]   step 19001
[  6%]   step 19002
[  6%]   step 19003
[  6%]   step 19004
[  6%]   step 19005
[  6%]   step 19006
[  6%]   step 19007
[  6%]   step 19008
[  6%]   step 19009
[  6%]   step 19010
[  6%]   step 19011
[  6%]   step 19012
[  6%]   step 19013
[  6%]   step 19014
[  6%]   step 19015
[  6%]   step 19016
[  6%]   step 19017
[  6%]   step 19018
[  6%]   step 19019
[  6%]   step 19020
[  6%]   step 19021
[  6%]   step 19022
[  6%]   step 19023
[  6%]   step 19024
[  6%]   step 19025
[  6%]   step 19026
[  6%]   step 19027
[  6%]   step 19028
[  6%]   step 19029
[  6%]   step 19030
[  6%]   step 19031
[  6%]   step 19032
[  6%]   step 19033
[  6%]   step 19034
[  6%]   step 19035
[  6%]   step 19036
[  6%]   step 19037
[  6%]   step 19038
[  6%]   step 19039
[  6%]   step 19040
[  6%]   step 19041
[  6%]   step 19042
[  6%]   step 19043
[  6%]   step 19044
[  6%]   step 19045
[  6%]   step 19046
[  6%]   step 19047
[  6%]   step 19048
[  6%]   step 19049
[  6%]   step 19050
[  6%]   step 19051
[  6%]   step 19052
[  6%]   step 19053
[  6%]   step 19054
[  6%]   step 19055
[  6%]   step 19056
[  6%]   step 19057
[  6%]   step 19058
[  6%]   step 19059
[  6%]   step 19060
[  6%]   step 19061
[  6%]   step 19062
[  6%]   step 19063
[  6%]   step 19064
[  6%]   step 19065
[  6%]   step 19066
[  6%]   step 19067
[  6%]   step 19068
[  6%]   step 19069
[  6%]   step 19070
[  6%]   step 19071
[  6%]   step 19072
[  6%]   step 19073
[  6%]   step 19074
[  6%]   step 19075
[  6%]   step 19076
[  6%]   step 19077
[  6%]   step 19078
[  6%]   step 19079
[  6%]   step 19080
[  6%]   step 19081
[  6%]   step 19082
[  6%]   step 19083
[  6%]   step 19084
[  6%]   step 19085
[  6%]   step 19086
[  6%]   step 19087
[  6%]   step 19088
[  6%]   step 19089
[  6%]   step 19090
[  6%]   step 19091
[  6%]   step 19092
[  6%]   step 19093
[  6%]   step 19094
[  6%]   step 19095
[  6%]   step 19096
[  6%]   step 19097
[  6%]   step 19098
[  6%]   step 19099
[  6%]   step 19100
[  6%]   step 19101
[  6%]   step 19102
[  6%]   step 19103
[  6%]   step 19104
[  6%]   step 19105
[  6%]   step 19106
[  6%]   step 19107
[  6%]   step 19108
[  6%]   step 19109
[  6%]   step 19110
[  6%]   step 19111
[  6%]   step 19112
[  6%]   step 19113
[  6%]   step 19114
[  6%]   step 19115
[  6%]   step 19116
[  6%]   step 19117
[  6%]   step 19118
[  6%]   step 19119
[  6%]   step 19120
[  6%]   step 19121
[  6%]   step 19122
[  6%]   step 19123
[  6%]   step 19124
[  6%]   step 19125
[  6%]   step 19126
[  6%]   step 19127
[  6%]   step 19128
[  6%]   step 19129
[  6%]   step 19130
[  6%]   step 19131
[  6%]   step 19132
[  6%]   step 19133
[  6%]   step 19134
[  6%]   step 19135
[  6%]   step 19136
[  6%]   step 19137
[  6%]   step 19138
[  6%]   step 19139
[  6%]   step 19140
[  6%]   step 19141
[  6%]   step 19142
[  6%]   step 19143
[  6%]   step 19144
[  6%]   step 19145
[  6%]   step 19146
[  6%]   step 19147
[  6%]   step 19148
[  6%]   step 19149
[  6%]   step 19150
[  6%]   step 19151
[  6%]   step 19152
[  6%]   step 19153
[  6%]   step 19154
[  6%]   step 19155
[  6%]   step 19156
[  6%]   step 19157
[  6%]   step 19158
[  6%]   step 19159
[  6%]   step 19160
[  6%]   step 19161
[  6%]   step 19162
[  6%]   step 19163
[  6%]   step 19164
[  6%]   step 19165
[  6%]   step 19166
[  6%]   step 19167
[  6%]   step 19168
[  6%]   step 19169
[  6%]   step 19170
[  6%]   step 19171
[  6%]   step 19172
[  6%]   step 19173
[  6%]   step 19174
[  6%]   step 19175
[  6%]   step 19176
[  6%]   step 19177
[  6%]   step 19178
[  6%]   step 19179
[  6%]   step 19180
+SWASH is processing output request    1
+SWASH is processing output request    2
[  6%]   step 19181
[  6%]   step 19182
[  6%]   step 19183
[  6%]   step 19184
[  6%]   step 19185
[  6%]   step 19186
[  6%]   step 19187
[  6%]   step 19188
[  6%]   step 19189
[  6%]   step 19190
[  6%]   step 19191
[  6%]   step 19192
[  6%]   step 19193
[  6%]   step 19194
[  6%]   step 19195
[  6%]   step 19196
[  6%]   step 19197
[  6%]   step 19198
[  6%]   step 19199
[  6%]   step 19200
[  6%]   step 19201
[  6%]   step 19202
[  6%]   step 19203
[  6%]   step 19204
[  6%]   step 19205
[  6%]   step 19206
[  6%]   step 19207
[  6%]   step 19208
[  6%]   step 19209
[  6%]   step 19210
[  6%]   step 19211
[  6%]   step 19212
[  6%]   step 19213
[  6%]   step 19214
[  6%]   step 19215
[  6%]   step 19216
[  6%]   step 19217
[  6%]   step 19218
[  6%]   step 19219
[  6%]   step 19220
[  6%]   step 19221
[  6%]   step 19222
[  6%]   step 19223
[  6%]   step 19224
[  6%]   step 19225
[  6%]   step 19226
[  6%]   step 19227
[  6%]   step 19228
[  6%]   step 19229
[  6%]   step 19230
[  6%]   step 19231
[  6%]   step 19232
[  6%]   step 19233
[  6%]   step 19234
[  6%]   step 19235
[  6%]   step 19236
[  6%]   step 19237
[  6%]   step 19238
[  6%]   step 19239
[  6%]   step 19240
[  6%]   step 19241
[  6%]   step 19242
[  6%]   step 19243
[  6%]   step 19244
[  6%]   step 19245
[  6%]   step 19246
[  6%]   step 19247
[  6%]   step 19248
[  6%]   step 19249
[  6%]   step 19250
[  6%]   step 19251
[  6%]   step 19252
[  6%]   step 19253
[  6%]   step 19254
[  6%]   step 19255
[  6%]   step 19256
[  6%]   step 19257
[  6%]   step 19258
[  6%]   step 19259
[  6%]   step 19260
[  6%]   step 19261
[  6%]   step 19262
[  6%]   step 19263
[  6%]   step 19264
[  6%]   step 19265
[  6%]   step 19266
[  6%]   step 19267
[  6%]   step 19268
[  6%]   step 19269
[  6%]   step 19270
[  6%]   step 19271
[  6%]   step 19272
[  6%]   step 19273
[  6%]   step 19274
[  6%]   step 19275
[  6%]   step 19276
[  6%]   step 19277
[  6%]   step 19278
[  6%]   step 19279
[  6%]   step 19280
[  6%]   step 19281
[  6%]   step 19282
[  6%]   step 19283
[  6%]   step 19284
[  6%]   step 19285
[  6%]   step 19286
[  6%]   step 19287
[  6%]   step 19288
[  6%]   step 19289
[  6%]   step 19290
[  6%]   step 19291
[  6%]   step 19292
[  6%]   step 19293
[  6%]   step 19294
[  6%]   step 19295
[  6%]   step 19296
[  6%]   step 19297
[  6%]   step 19298
[  6%]   step 19299
[  6%]   step 19300
[  6%]   step 19301
[  6%]   step 19302
[  6%]   step 19303
[  6%]   step 19304
[  6%]   step 19305
[  6%]   step 19306
[  6%]   step 19307
[  6%]   step 19308
[  6%]   step 19309
[  6%]   step 19310
[  6%]   step 19311
[  6%]   step 19312
[  6%]   step 19313
[  6%]   step 19314
[  6%]   step 19315
[  6%]   step 19316
[  6%]   step 19317
[  6%]   step 19318
[  6%]   step 19319
[  6%]   step 19320
[  6%]   step 19321
[  6%]   step 19322
[  6%]   step 19323
[  6%]   step 19324
[  6%]   step 19325
[  6%]   step 19326
[  6%]   step 19327
[  6%]   step 19328
[  6%]   step 19329
[  6%]   step 19330
[  6%]   step 19331
[  6%]   step 19332
[  6%]   step 19333
[  6%]   step 19334
[  6%]   step 19335
[  6%]   step 19336
[  6%]   step 19337
[  6%]   step 19338
[  6%]   step 19339
[  6%]   step 19340
[  6%]   step 19341
[  6%]   step 19342
[  6%]   step 19343
[  6%]   step 19344
[  6%]   step 19345
[  6%]   step 19346
[  6%]   step 19347
[  6%]   step 19348
[  6%]   step 19349
[  6%]   step 19350
[  6%]   step 19351
[  6%]   step 19352
[  6%]   step 19353
[  6%]   step 19354
[  6%]   step 19355
[  6%]   step 19356
[  6%]   step 19357
[  6%]   step 19358
[  6%]   step 19359
[  6%]   step 19360
[  6%]   step 19361
[  6%]   step 19362
[  6%]   step 19363
[  6%]   step 19364
[  6%]   step 19365
[  6%]   step 19366
[  6%]   step 19367
[  6%]   step 19368
[  6%]   step 19369
[  6%]   step 19370
[  6%]   step 19371
[  6%]   step 19372
[  6%]   step 19373
[  6%]   step 19374
[  6%]   step 19375
[  6%]   step 19376
[  6%]   step 19377
[  6%]   step 19378
[  6%]   step 19379
[  6%]   step 19380
[  6%]   step 19381
[  6%]   step 19382
[  6%]   step 19383
[  6%]   step 19384
[  6%]   step 19385
[  6%]   step 19386
[  6%]   step 19387
[  6%]   step 19388
[  6%]   step 19389
[  6%]   step 19390
[  6%]   step 19391
[  6%]   step 19392
[  6%]   step 19393
[  6%]   step 19394
[  6%]   step 19395
[  6%]   step 19396
[  6%]   step 19397
[  6%]   step 19398
[  6%]   step 19399
[  6%]   step 19400
[  6%]   step 19401
[  6%]   step 19402
[  6%]   step 19403
[  6%]   step 19404
[  6%]   step 19405
[  6%]   step 19406
[  6%]   step 19407
[  6%]   step 19408
[  6%]   step 19409
[  6%]   step 19410
[  6%]   step 19411
[  6%]   step 19412
[  6%]   step 19413
[  6%]   step 19414
[  6%]   step 19415
[  6%]   step 19416
[  6%]   step 19417
[  6%]   step 19418
[  6%]   step 19419
[  6%]   step 19420
[  6%]   step 19421
[  6%]   step 19422
[  6%]   step 19423
[  6%]   step 19424
[  6%]   step 19425
[  6%]   step 19426
[  6%]   step 19427
[  6%]   step 19428
[  6%]   step 19429
[  6%]   step 19430
[  6%]   step 19431
[  6%]   step 19432
[  6%]   step 19433
[  6%]   step 19434
[  6%]   step 19435
[  6%]   step 19436
[  6%]   step 19437
[  6%]   step 19438
[  6%]   step 19439
[  6%]   step 19440
[  6%]   step 19441
[  6%]   step 19442
[  6%]   step 19443
[  6%]   step 19444
[  6%]   step 19445
[  6%]   step 19446
[  6%]   step 19447
[  6%]   step 19448
[  6%]   step 19449
[  6%]   step 19450
[  6%]   step 19451
[  6%]   step 19452
[  6%]   step 19453
[  6%]   step 19454
[  6%]   step 19455
[  6%]   step 19456
[  6%]   step 19457
[  6%]   step 19458
[  6%]   step 19459
[  6%]   step 19460
[  6%]   step 19461
[  6%]   step 19462
[  6%]   step 19463
[  6%]   step 19464
[  6%]   step 19465
[  6%]   step 19466
[  6%]   step 19467
[  6%]   step 19468
[  6%]   step 19469
[  6%]   step 19470
[  6%]   step 19471
[  6%]   step 19472
[  6%]   step 19473
[  6%]   step 19474
[  6%]   step 19475
[  6%]   step 19476
[  6%]   step 19477
[  6%]   step 19478
[  6%]   step 19479
[  6%]   step 19480
[  6%]   step 19481
[  6%]   step 19482
[  6%]   step 19483
[  6%]   step 19484
[  6%]   step 19485
[  6%]   step 19486
[  6%]   step 19487
[  6%]   step 19488
[  6%]   step 19489
[  6%]   step 19490
[  6%]   step 19491
[  6%]   step 19492
[  6%]   step 19493
[  6%]   step 19494
[  6%]   step 19495
[  6%]   step 19496
[  6%]   step 19497
[  6%]   step 19498
[  6%]   step 19499
[  6%]   step 19500
[  6%]   step 19501
[  6%]   step 19502
[  6%]   step 19503
[  6%]   step 19504
[  6%]   step 19505
[  6%]   step 19506
[  6%]   step 19507
[  6%]   step 19508
[  6%]   step 19509
[  6%]   step 19510
[  6%]   step 19511
[  6%]   step 19512
[  6%]   step 19513
[  6%]   step 19514
[  6%]   step 19515
[  6%]   step 19516
[  6%]   step 19517
[  6%]   step 19518
[  6%]   step 19519
[  6%]   step 19520
[  6%]   step 19521
[  6%]   step 19522
[  6%]   step 19523
[  6%]   step 19524
[  6%]   step 19525
[  6%]   step 19526
[  6%]   step 19527
[  6%]   step 19528
[  6%]   step 19529
[  6%]   step 19530
[  6%]   step 19531
[  6%]   step 19532
[  6%]   step 19533
[  6%]   step 19534
[  6%]   step 19535
[  6%]   step 19536
[  6%]   step 19537
[  6%]   step 19538
[  6%]   step 19539
[  6%]   step 19540
[  6%]   step 19541
[  6%]   step 19542
[  6%]   step 19543
[  6%]   step 19544
[  6%]   step 19545
[  6%]   step 19546
[  6%]   step 19547
[  6%]   step 19548
[  6%]   step 19549
[  6%]   step 19550
[  6%]   step 19551
[  6%]   step 19552
[  6%]   step 19553
[  6%]   step 19554
[  6%]   step 19555
[  6%]   step 19556
[  6%]   step 19557
[  6%]   step 19558
[  6%]   step 19559
[  6%]   step 19560
[  6%]   step 19561
[  6%]   step 19562
[  6%]   step 19563
[  6%]   step 19564
[  6%]   step 19565
[  6%]   step 19566
[  6%]   step 19567
[  6%]   step 19568
[  6%]   step 19569
[  6%]   step 19570
[  6%]   step 19571
+SWASH is processing output request    1
+SWASH is processing output request    2
[  6%]   step 19572
[  6%]   step 19573
[  6%]   step 19574
[  6%]   step 19575
[  6%]   step 19576
[  6%]   step 19577
[  6%]   step 19578
[  6%]   step 19579
[  6%]   step 19580
[  6%]   step 19581
[  6%]   step 19582
[  6%]   step 19583
[  6%]   step 19584
[  6%]   step 19585
[  6%]   step 19586
[  6%]   step 19587
[  6%]   step 19588
[  6%]   step 19589
[  6%]   step 19590
[  6%]   step 19591
[  6%]   step 19592
[  6%]   step 19593
[  6%]   step 19594
[  6%]   step 19595
[  6%]   step 19596
[  6%]   step 19597
[  6%]   step 19598
[  6%]   step 19599
[  6%]   step 19600
[  6%]   step 19601
[  6%]   step 19602
[  6%]   step 19603
[  6%]   step 19604
[  6%]   step 19605
[  6%]   step 19606
[  6%]   step 19607
[  6%]   step 19608
[  6%]   step 19609
[  6%]   step 19610
[  6%]   step 19611
[  6%]   step 19612
[  6%]   step 19613
[  6%]   step 19614
[  6%]   step 19615
[  6%]   step 19616
[  6%]   step 19617
[  6%]   step 19618
[  6%]   step 19619
[  6%]   step 19620
[  6%]   step 19621
[  6%]   step 19622
[  6%]   step 19623
[  6%]   step 19624
[  6%]   step 19625
[  6%]   step 19626
[  6%]   step 19627
[  6%]   step 19628
[  6%]   step 19629
[  6%]   step 19630
[  6%]   step 19631
[  6%]   step 19632
[  6%]   step 19633
[  6%]   step 19634
[  6%]   step 19635
[  6%]   step 19636
[  6%]   step 19637
[  6%]   step 19638
[  6%]   step 19639
[  6%]   step 19640
[  6%]   step 19641
[  6%]   step 19642
[  6%]   step 19643
[  6%]   step 19644
[  6%]   step 19645
[  6%]   step 19646
[  6%]   step 19647
[  6%]   step 19648
[  6%]   step 19649
[  6%]   step 19650
[  6%]   step 19651
[  6%]   step 19652
[  6%]   step 19653
[  6%]   step 19654
[  6%]   step 19655
[  6%]   step 19656
[  6%]   step 19657
[  6%]   step 19658
[  6%]   step 19659
[  6%]   step 19660
[  6%]   step 19661
[  6%]   step 19662
[  6%]   step 19663
[  6%]   step 19664
[  6%]   step 19665
[  6%]   step 19666
[  6%]   step 19667
[  6%]   step 19668
[  6%]   step 19669
[  6%]   step 19670
[  6%]   step 19671
[  6%]   step 19672
[  6%]   step 19673
[  6%]   step 19674
[  6%]   step 19675
[  6%]   step 19676
[  6%]   step 19677
[  6%]   step 19678
[  6%]   step 19679
[  6%]   step 19680
[  6%]   step 19681
[  6%]   step 19682
[  6%]   step 19683
[  6%]   step 19684
[  6%]   step 19685
[  6%]   step 19686
[  6%]   step 19687
[  6%]   step 19688
[  6%]   step 19689
[  6%]   step 19690
[  6%]   step 19691
[  6%]   step 19692
[  6%]   step 19693
[  6%]   step 19694
[  6%]   step 19695
[  6%]   step 19696
[  6%]   step 19697
[  6%]   step 19698
[  6%]   step 19699
[  6%]   step 19700
[  6%]   step 19701
[  6%]   step 19702
[  6%]   step 19703
[  6%]   step 19704
[  6%]   step 19705
[  6%]   step 19706
[  6%]   step 19707
[  6%]   step 19708
[  6%]   step 19709
[  6%]   step 19710
[  6%]   step 19711
[  6%]   step 19712
[  6%]   step 19713
[  6%]   step 19714
[  6%]   step 19715
[  6%]   step 19716
[  6%]   step 19717
[  6%]   step 19718
[  6%]   step 19719
[  6%]   step 19720
[  6%]   step 19721
[  6%]   step 19722
[  6%]   step 19723
[  6%]   step 19724
[  6%]   step 19725
[  6%]   step 19726
[  6%]   step 19727
[  6%]   step 19728
[  6%]   step 19729
[  6%]   step 19730
[  6%]   step 19731
[  6%]   step 19732
[  6%]   step 19733
[  6%]   step 19734
[  6%]   step 19735
[  6%]   step 19736
[  6%]   step 19737
[  6%]   step 19738
[  6%]   step 19739
[  6%]   step 19740
[  6%]   step 19741
[  6%]   step 19742
[  6%]   step 19743
[  6%]   step 19744
[  6%]   step 19745
[  6%]   step 19746
[  6%]   step 19747
[  6%]   step 19748
[  6%]   step 19749
[  6%]   step 19750
[  6%]   step 19751
[  6%]   step 19752
[  6%]   step 19753
[  6%]   step 19754
[  6%]   step 19755
[  6%]   step 19756
[  6%]   step 19757
[  6%]   step 19758
[  6%]   step 19759
[  6%]   step 19760
[  6%]   step 19761
[  6%]   step 19762
[  6%]   step 19763
[  6%]   step 19764
[  6%]   step 19765
[  6%]   step 19766
[  6%]   step 19767
[  6%]   step 19768
[  6%]   step 19769
[  6%]   step 19770
[  6%]   step 19771
[  6%]   step 19772
[  6%]   step 19773
[  6%]   step 19774
[  6%]   step 19775
[  6%]   step 19776
[  6%]   step 19777
[  6%]   step 19778
[  6%]   step 19779
[  6%]   step 19780
[  6%]   step 19781
[  6%]   step 19782
[  6%]   step 19783
[  6%]   step 19784
[  6%]   step 19785
[  6%]   step 19786
[  6%]   step 19787
[  6%]   step 19788
[  6%]   step 19789
[  6%]   step 19790
[  6%]   step 19791
[  6%]   step 19792
[  6%]   step 19793
[  6%]   step 19794
[  6%]   step 19795
[  6%]   step 19796
[  6%]   step 19797
[  6%]   step 19798
[  6%]   step 19799
[  6%]   step 19800
[  6%]   step 19801
[  6%]   step 19802
[  6%]   step 19803
[  6%]   step 19804
[  6%]   step 19805
[  6%]   step 19806
[  6%]   step 19807
[  6%]   step 19808
[  6%]   step 19809
[  6%]   step 19810
[  6%]   step 19811
[  6%]   step 19812
[  6%]   step 19813
[  6%]   step 19814
[  6%]   step 19815
[  6%]   step 19816
[  6%]   step 19817
[  6%]   step 19818
[  6%]   step 19819
[  6%]   step 19820
[  6%]   step 19821
[  6%]   step 19822
[  6%]   step 19823
[  6%]   step 19824
[  6%]   step 19825
[  6%]   step 19826
[  6%]   step 19827
[  6%]   step 19828
[  6%]   step 19829
[  6%]   step 19830
[  6%]   step 19831
[  6%]   step 19832
[  6%]   step 19833
[  6%]   step 19834
[  6%]   step 19835
[  6%]   step 19836
[  6%]   step 19837
[  6%]   step 19838
[  6%]   step 19839
[  6%]   step 19840
[  6%]   step 19841
[  6%]   step 19842
[  6%]   step 19843
[  6%]   step 19844
[  7%]   step 19845
[  7%]   step 19846
[  7%]   step 19847
[  7%]   step 19848
[  7%]   step 19849
[  7%]   step 19850
[  7%]   step 19851
[  7%]   step 19852
[  7%]   step 19853
[  7%]   step 19854
[  7%]   step 19855
[  7%]   step 19856
[  7%]   step 19857
[  7%]   step 19858
[  7%]   step 19859
[  7%]   step 19860
[  7%]   step 19861
[  7%]   step 19862
[  7%]   step 19863
[  7%]   step 19864
[  7%]   step 19865
[  7%]   step 19866
[  7%]   step 19867
[  7%]   step 19868
[  7%]   step 19869
[  7%]   step 19870
[  7%]   step 19871
[  7%]   step 19872
[  7%]   step 19873
[  7%]   step 19874
[  7%]   step 19875
[  7%]   step 19876
[  7%]   step 19877
[  7%]   step 19878
[  7%]   step 19879
[  7%]   step 19880
[  7%]   step 19881
[  7%]   step 19882
[  7%]   step 19883
[  7%]   step 19884
[  7%]   step 19885
[  7%]   step 19886
[  7%]   step 19887
[  7%]   step 19888
[  7%]   step 19889
[  7%]   step 19890
[  7%]   step 19891
[  7%]   step 19892
[  7%]   step 19893
[  7%]   step 19894
[  7%]   step 19895
[  7%]   step 19896
[  7%]   step 19897
[  7%]   step 19898
[  7%]   step 19899
[  7%]   step 19900
[  7%]   step 19901
[  7%]   step 19902
[  7%]   step 19903
[  7%]   step 19904
[  7%]   step 19905
[  7%]   step 19906
[  7%]   step 19907
[  7%]   step 19908
[  7%]   step 19909
[  7%]   step 19910
[  7%]   step 19911
[  7%]   step 19912
[  7%]   step 19913
[  7%]   step 19914
[  7%]   step 19915
[  7%]   step 19916
[  7%]   step 19917
[  7%]   step 19918
[  7%]   step 19919
[  7%]   step 19920
[  7%]   step 19921
[  7%]   step 19922
[  7%]   step 19923
[  7%]   step 19924
[  7%]   step 19925
[  7%]   step 19926
[  7%]   step 19927
[  7%]   step 19928
[  7%]   step 19929
[  7%]   step 19930
[  7%]   step 19931
[  7%]   step 19932
[  7%]   step 19933
[  7%]   step 19934
[  7%]   step 19935
[  7%]   step 19936
[  7%]   step 19937
[  7%]   step 19938
[  7%]   step 19939
[  7%]   step 19940
[  7%]   step 19941
[  7%]   step 19942
[  7%]   step 19943
[  7%]   step 19944
[  7%]   step 19945
[  7%]   step 19946
[  7%]   step 19947
[  7%]   step 19948
[  7%]   step 19949
[  7%]   step 19950
[  7%]   step 19951
[  7%]   step 19952
[  7%]   step 19953
[  7%]   step 19954
[  7%]   step 19955
[  7%]   step 19956
[  7%]   step 19957
[  7%]   step 19958
[  7%]   step 19959
[  7%]   step 19960
[  7%]   step 19961
[  7%]   step 19962
[  7%]   step 19963
+SWASH is processing output request    1
+SWASH is processing output request    2
[  7%]   step 19964
[  7%]   step 19965
[  7%]   step 19966
[  7%]   step 19967
[  7%]   step 19968
[  7%]   step 19969
[  7%]   step 19970
[  7%]   step 19971
[  7%]   step 19972
[  7%]   step 19973
[  7%]   step 19974
[  7%]   step 19975
[  7%]   step 19976
[  7%]   step 19977
[  7%]   step 19978
[  7%]   step 19979
[  7%]   step 19980
[  7%]   step 19981
[  7%]   step 19982
[  7%]   step 19983
[  7%]   step 19984
[  7%]   step 19985
[  7%]   step 19986
[  7%]   step 19987
[  7%]   step 19988
[  7%]   step 19989
[  7%]   step 19990
[  7%]   step 19991
[  7%]   step 19992
[  7%]   step 19993
[  7%]   step 19994
[  7%]   step 19995
[  7%]   step 19996
[  7%]   step 19997
[  7%]   step 19998
[  7%]   step 19999
[  7%]   step 20000
[  7%]   step 20001
[  7%]   step 20002
[  7%]   step 20003
[  7%]   step 20004
[  7%]   step 20005
[  7%]   step 20006
[  7%]   step 20007
[  7%]   step 20008
[  7%]   step 20009
[  7%]   step 20010
[  7%]   step 20011
[  7%]   step 20012
[  7%]   step 20013
[  7%]   step 20014
[  7%]   step 20015
[  7%]   step 20016
[  7%]   step 20017
[  7%]   step 20018
[  7%]   step 20019
[  7%]   step 20020
[  7%]   step 20021
[  7%]   step 20022
[  7%]   step 20023
[  7%]   step 20024
[  7%]   step 20025
[  7%]   step 20026
[  7%]   step 20027
[  7%]   step 20028
[  7%]   step 20029
[  7%]   step 20030
[  7%]   step 20031
[  7%]   step 20032
[  7%]   step 20033
[  7%]   step 20034
[  7%]   step 20035
[  7%]   step 20036
[  7%]   step 20037
[  7%]   step 20038
[  7%]   step 20039
[  7%]   step 20040
[  7%]   step 20041
[  7%]   step 20042
[  7%]   step 20043
[  7%]   step 20044
[  7%]   step 20045
[  7%]   step 20046
[  7%]   step 20047
[  7%]   step 20048
[  7%]   step 20049
[  7%]   step 20050
[  7%]   step 20051
[  7%]   step 20052
[  7%]   step 20053
[  7%]   step 20054
[  7%]   step 20055
[  7%]   step 20056
[  7%]   step 20057
[  7%]   step 20058
[  7%]   step 20059
[  7%]   step 20060
[  7%]   step 20061
[  7%]   step 20062
[  7%]   step 20063
[  7%]   step 20064
[  7%]   step 20065
[  7%]   step 20066
[  7%]   step 20067
[  7%]   step 20068
[  7%]   step 20069
[  7%]   step 20070
[  7%]   step 20071
[  7%]   step 20072
[  7%]   step 20073
[  7%]   step 20074
[  7%]   step 20075
[  7%]   step 20076
[  7%]   step 20077
[  7%]   step 20078
[  7%]   step 20079
[  7%]   step 20080
[  7%]   step 20081
[  7%]   step 20082
[  7%]   step 20083
[  7%]   step 20084
[  7%]   step 20085
[  7%]   step 20086
[  7%]   step 20087
[  7%]   step 20088
[  7%]   step 20089
[  7%]   step 20090
[  7%]   step 20091
[  7%]   step 20092
[  7%]   step 20093
[  7%]   step 20094
[  7%]   step 20095
[  7%]   step 20096
[  7%]   step 20097
[  7%]   step 20098
[  7%]   step 20099
[  7%]   step 20100
[  7%]   step 20101
[  7%]   step 20102
[  7%]   step 20103
[  7%]   step 20104
[  7%]   step 20105
[  7%]   step 20106
[  7%]   step 20107
[  7%]   step 20108
[  7%]   step 20109
[  7%]   step 20110
[  7%]   step 20111
[  7%]   step 20112
[  7%]   step 20113
[  7%]   step 20114
[  7%]   step 20115
[  7%]   step 20116
[  7%]   step 20117
[  7%]   step 20118
[  7%]   step 20119
[  7%]   step 20120
[  7%]   step 20121
[  7%]   step 20122
[  7%]   step 20123
[  7%]   step 20124
[  7%]   step 20125
[  7%]   step 20126
[  7%]   step 20127
[  7%]   step 20128
[  7%]   step 20129
[  7%]   step 20130
[  7%]   step 20131
[  7%]   step 20132
[  7%]   step 20133
[  7%]   step 20134
[  7%]   step 20135
[  7%]   step 20136
[  7%]   step 20137
[  7%]   step 20138
[  7%]   step 20139
[  7%]   step 20140
[  7%]   step 20141
[  7%]   step 20142
[  7%]   step 20143
[  7%]   step 20144
[  7%]   step 20145
[  7%]   step 20146
[  7%]   step 20147
[  7%]   step 20148
[  7%]   step 20149
[  7%]   step 20150
[  7%]   step 20151
[  7%]   step 20152
[  7%]   step 20153
[  7%]   step 20154
[  7%]   step 20155
[  7%]   step 20156
[  7%]   step 20157
[  7%]   step 20158
[  7%]   step 20159
[  7%]   step 20160
[  7%]   step 20161
[  7%]   step 20162
[  7%]   step 20163
[  7%]   step 20164
[  7%]   step 20165
[  7%]   step 20166
[  7%]   step 20167
[  7%]   step 20168
[  7%]   step 20169
[  7%]   step 20170
[  7%]   step 20171
[  7%]   step 20172
[  7%]   step 20173
[  7%]   step 20174
[  7%]   step 20175
[  7%]   step 20176
[  7%]   step 20177
[  7%]   step 20178
[  7%]   step 20179
[  7%]   step 20180
[  7%]   step 20181
[  7%]   step 20182
[  7%]   step 20183
[  7%]   step 20184
[  7%]   step 20185
[  7%]   step 20186
[  7%]   step 20187
[  7%]   step 20188
[  7%]   step 20189
[  7%]   step 20190
[  7%]   step 20191
[  7%]   step 20192
[  7%]   step 20193
[  7%]   step 20194
[  7%]   step 20195
[  7%]   step 20196
[  7%]   step 20197
[  7%]   step 20198
[  7%]   step 20199
[  7%]   step 20200
[  7%]   step 20201
[  7%]   step 20202
[  7%]   step 20203
[  7%]   step 20204
[  7%]   step 20205
[  7%]   step 20206
[  7%]   step 20207
[  7%]   step 20208
[  7%]   step 20209
[  7%]   step 20210
[  7%]   step 20211
[  7%]   step 20212
[  7%]   step 20213
[  7%]   step 20214
[  7%]   step 20215
[  7%]   step 20216
[  7%]   step 20217
[  7%]   step 20218
[  7%]   step 20219
[  7%]   step 20220
[  7%]   step 20221
[  7%]   step 20222
[  7%]   step 20223
[  7%]   step 20224
[  7%]   step 20225
[  7%]   step 20226
[  7%]   step 20227
[  7%]   step 20228
[  7%]   step 20229
[  7%]   step 20230
[  7%]   step 20231
[  7%]   step 20232
[  7%]   step 20233
[  7%]   step 20234
[  7%]   step 20235
[  7%]   step 20236
[  7%]   step 20237
[  7%]   step 20238
[  7%]   step 20239
[  7%]   step 20240
[  7%]   step 20241
[  7%]   step 20242
[  7%]   step 20243
[  7%]   step 20244
[  7%]   step 20245
[  7%]   step 20246
[  7%]   step 20247
[  7%]   step 20248
[  7%]   step 20249
[  7%]   step 20250
[  7%]   step 20251
[  7%]   step 20252
[  7%]   step 20253
[  7%]   step 20254
[  7%]   step 20255
[  7%]   step 20256
[  7%]   step 20257
[  7%]   step 20258
[  7%]   step 20259
[  7%]   step 20260
[  7%]   step 20261
[  7%]   step 20262
[  7%]   step 20263
[  7%]   step 20264
[  7%]   step 20265
[  7%]   step 20266
[  7%]   step 20267
[  7%]   step 20268
[  7%]   step 20269
[  7%]   step 20270
[  7%]   step 20271
[  7%]   step 20272
[  7%]   step 20273
[  7%]   step 20274
[  7%]   step 20275
[  7%]   step 20276
[  7%]   step 20277
[  7%]   step 20278
[  7%]   step 20279
[  7%]   step 20280
[  7%]   step 20281
[  7%]   step 20282
[  7%]   step 20283
[  7%]   step 20284
[  7%]   step 20285
[  7%]   step 20286
[  7%]   step 20287
[  7%]   step 20288
[  7%]   step 20289
[  7%]   step 20290
[  7%]   step 20291
[  7%]   step 20292
[  7%]   step 20293
[  7%]   step 20294
[  7%]   step 20295
[  7%]   step 20296
[  7%]   step 20297
[  7%]   step 20298
[  7%]   step 20299
[  7%]   step 20300
[  7%]   step 20301
[  7%]   step 20302
[  7%]   step 20303
[  7%]   step 20304
[  7%]   step 20305
[  7%]   step 20306
[  7%]   step 20307
[  7%]   step 20308
[  7%]   step 20309
[  7%]   step 20310
[  7%]   step 20311
[  7%]   step 20312
[  7%]   step 20313
[  7%]   step 20314
[  7%]   step 20315
[  7%]   step 20316
[  7%]   step 20317
[  7%]   step 20318
[  7%]   step 20319
[  7%]   step 20320
[  7%]   step 20321
[  7%]   step 20322
[  7%]   step 20323
[  7%]   step 20324
[  7%]   step 20325
[  7%]   step 20326
[  7%]   step 20327
[  7%]   step 20328
[  7%]   step 20329
[  7%]   step 20330
[  7%]   step 20331
[  7%]   step 20332
[  7%]   step 20333
[  7%]   step 20334
[  7%]   step 20335
[  7%]   step 20336
[  7%]   step 20337
[  7%]   step 20338
[  7%]   step 20339
[  7%]   step 20340
[  7%]   step 20341
[  7%]   step 20342
[  7%]   step 20343
[  7%]   step 20344
[  7%]   step 20345
[  7%]   step 20346
[  7%]   step 20347
[  7%]   step 20348
[  7%]   step 20349
[  7%]   step 20350
[  7%]   step 20351
[  7%]   step 20352
[  7%]   step 20353
[  7%]   step 20354
+SWASH is processing output request    1
+SWASH is processing output request    2
[  7%]   step 20355
[  7%]   step 20356
[  7%]   step 20357
[  7%]   step 20358
[  7%]   step 20359
[  7%]   step 20360
[  7%]   step 20361
[  7%]   step 20362
[  7%]   step 20363
[  7%]   step 20364
[  7%]   step 20365
[  7%]   step 20366
[  7%]   step 20367
[  7%]   step 20368
[  7%]   step 20369
[  7%]   step 20370
[  7%]   step 20371
[  7%]   step 20372
[  7%]   step 20373
[  7%]   step 20374
[  7%]   step 20375
[  7%]   step 20376
[  7%]   step 20377
[  7%]   step 20378
[  7%]   step 20379
[  7%]   step 20380
[  7%]   step 20381
[  7%]   step 20382
[  7%]   step 20383
[  7%]   step 20384
[  7%]   step 20385
[  7%]   step 20386
[  7%]   step 20387
[  7%]   step 20388
[  7%]   step 20389
[  7%]   step 20390
[  7%]   step 20391
[  7%]   step 20392
[  7%]   step 20393
[  7%]   step 20394
[  7%]   step 20395
[  7%]   step 20396
[  7%]   step 20397
[  7%]   step 20398
[  7%]   step 20399
[  7%]   step 20400
[  7%]   step 20401
[  7%]   step 20402
[  7%]   step 20403
[  7%]   step 20404
[  7%]   step 20405
[  7%]   step 20406
[  7%]   step 20407
[  7%]   step 20408
[  7%]   step 20409
[  7%]   step 20410
[  7%]   step 20411
[  7%]   step 20412
[  7%]   step 20413
[  7%]   step 20414
[  7%]   step 20415
[  7%]   step 20416
[  7%]   step 20417
[  7%]   step 20418
[  7%]   step 20419
[  7%]   step 20420
[  7%]   step 20421
[  7%]   step 20422
[  7%]   step 20423
[  7%]   step 20424
[  7%]   step 20425
[  7%]   step 20426
[  7%]   step 20427
[  7%]   step 20428
[  7%]   step 20429
[  7%]   step 20430
[  7%]   step 20431
[  7%]   step 20432
[  7%]   step 20433
[  7%]   step 20434
[  7%]   step 20435
[  7%]   step 20436
[  7%]   step 20437
[  7%]   step 20438
[  7%]   step 20439
[  7%]   step 20440
[  7%]   step 20441
[  7%]   step 20442
[  7%]   step 20443
[  7%]   step 20444
[  7%]   step 20445
[  7%]   step 20446
[  7%]   step 20447
[  7%]   step 20448
[  7%]   step 20449
[  7%]   step 20450
[  7%]   step 20451
[  7%]   step 20452
[  7%]   step 20453
[  7%]   step 20454
[  7%]   step 20455
[  7%]   step 20456
[  7%]   step 20457
[  7%]   step 20458
[  7%]   step 20459
[  7%]   step 20460
[  7%]   step 20461
[  7%]   step 20462
[  7%]   step 20463
[  7%]   step 20464
[  7%]   step 20465
[  7%]   step 20466
[  7%]   step 20467
[  7%]   step 20468
[  7%]   step 20469
[  7%]   step 20470
[  7%]   step 20471
[  7%]   step 20472
[  7%]   step 20473
[  7%]   step 20474
[  7%]   step 20475
[  7%]   step 20476
[  7%]   step 20477
[  7%]   step 20478
[  7%]   step 20479
[  7%]   step 20480
[  7%]   step 20481
[  7%]   step 20482
[  7%]   step 20483
[  7%]   step 20484
[  7%]   step 20485
[  7%]   step 20486
[  7%]   step 20487
[  7%]   step 20488
[  7%]   step 20489
[  7%]   step 20490
[  7%]   step 20491
[  7%]   step 20492
[  7%]   step 20493
[  7%]   step 20494
[  7%]   step 20495
[  7%]   step 20496
[  7%]   step 20497
[  7%]   step 20498
[  7%]   step 20499
[  7%]   step 20500
[  7%]   step 20501
[  7%]   step 20502
[  7%]   step 20503
[  7%]   step 20504
[  7%]   step 20505
[  7%]   step 20506
[  7%]   step 20507
[  7%]   step 20508
[  7%]   step 20509
[  7%]   step 20510
[  7%]   step 20511
[  7%]   step 20512
[  7%]   step 20513
[  7%]   step 20514
[  7%]   step 20515
[  7%]   step 20516
[  7%]   step 20517
[  7%]   step 20518
[  7%]   step 20519
[  7%]   step 20520
[  7%]   step 20521
[  7%]   step 20522
[  7%]   step 20523
[  7%]   step 20524
[  7%]   step 20525
[  7%]   step 20526
[  7%]   step 20527
[  7%]   step 20528
[  7%]   step 20529
[  7%]   step 20530
[  7%]   step 20531
[  7%]   step 20532
[  7%]   step 20533
[  7%]   step 20534
[  7%]   step 20535
[  7%]   step 20536
[  7%]   step 20537
[  7%]   step 20538
[  7%]   step 20539
[  7%]   step 20540
[  7%]   step 20541
[  7%]   step 20542
[  7%]   step 20543
[  7%]   step 20544
[  7%]   step 20545
[  7%]   step 20546
[  7%]   step 20547
[  7%]   step 20548
[  7%]   step 20549
[  7%]   step 20550
[  7%]   step 20551
[  7%]   step 20552
[  7%]   step 20553
[  7%]   step 20554
[  7%]   step 20555
[  7%]   step 20556
[  7%]   step 20557
[  7%]   step 20558
[  7%]   step 20559
[  7%]   step 20560
[  7%]   step 20561
[  7%]   step 20562
[  7%]   step 20563
[  7%]   step 20564
[  7%]   step 20565
[  7%]   step 20566
[  7%]   step 20567
[  7%]   step 20568
[  7%]   step 20569
[  7%]   step 20570
[  7%]   step 20571
[  7%]   step 20572
[  7%]   step 20573
[  7%]   step 20574
[  7%]   step 20575
[  7%]   step 20576
[  7%]   step 20577
[  7%]   step 20578
[  7%]   step 20579
[  7%]   step 20580
[  7%]   step 20581
[  7%]   step 20582
[  7%]   step 20583
[  7%]   step 20584
[  7%]   step 20585
[  7%]   step 20586
[  7%]   step 20587
[  7%]   step 20588
[  7%]   step 20589
[  7%]   step 20590
[  7%]   step 20591
[  7%]   step 20592
[  7%]   step 20593
[  7%]   step 20594
[  7%]   step 20595
[  7%]   step 20596
[  7%]   step 20597
[  7%]   step 20598
[  7%]   step 20599
[  7%]   step 20600
[  7%]   step 20601
[  7%]   step 20602
[  7%]   step 20603
[  7%]   step 20604
[  7%]   step 20605
[  7%]   step 20606
[  7%]   step 20607
[  7%]   step 20608
[  7%]   step 20609
[  7%]   step 20610
[  7%]   step 20611
[  7%]   step 20612
[  7%]   step 20613
[  7%]   step 20614
[  7%]   step 20615
[  7%]   step 20616
[  7%]   step 20617
[  7%]   step 20618
[  7%]   step 20619
[  7%]   step 20620
[  7%]   step 20621
[  7%]   step 20622
[  7%]   step 20623
[  7%]   step 20624
[  7%]   step 20625
[  7%]   step 20626
[  7%]   step 20627
[  7%]   step 20628
[  7%]   step 20629
[  7%]   step 20630
[  7%]   step 20631
[  7%]   step 20632
[  7%]   step 20633
[  7%]   step 20634
[  7%]   step 20635
[  7%]   step 20636
[  7%]   step 20637
[  7%]   step 20638
[  7%]   step 20639
[  7%]   step 20640
[  7%]   step 20641
[  7%]   step 20642
[  7%]   step 20643
[  7%]   step 20644
[  7%]   step 20645
[  7%]   step 20646
[  7%]   step 20647
[  7%]   step 20648
[  7%]   step 20649
[  7%]   step 20650
[  7%]   step 20651
[  7%]   step 20652
[  7%]   step 20653
[  7%]   step 20654
[  7%]   step 20655
[  7%]   step 20656
[  7%]   step 20657
[  7%]   step 20658
[  7%]   step 20659
[  7%]   step 20660
[  7%]   step 20661
[  7%]   step 20662
[  7%]   step 20663
[  7%]   step 20664
[  7%]   step 20665
[  7%]   step 20666
[  7%]   step 20667
[  7%]   step 20668
[  7%]   step 20669
[  7%]   step 20670
[  7%]   step 20671
[  7%]   step 20672
[  7%]   step 20673
[  7%]   step 20674
[  7%]   step 20675
[  7%]   step 20676
[  7%]   step 20677
[  7%]   step 20678
[  7%]   step 20679
[  7%]   step 20680
[  7%]   step 20681
[  7%]   step 20682
[  7%]   step 20683
[  7%]   step 20684
[  7%]   step 20685
[  7%]   step 20686
[  7%]   step 20687
[  7%]   step 20688
[  7%]   step 20689
[  7%]   step 20690
[  7%]   step 20691
[  7%]   step 20692
[  7%]   step 20693
[  7%]   step 20694
[  7%]   step 20695
[  7%]   step 20696
[  7%]   step 20697
[  7%]   step 20698
[  7%]   step 20699
[  7%]   step 20700
[  7%]   step 20701
[  7%]   step 20702
[  7%]   step 20703
[  7%]   step 20704
[  7%]   step 20705
[  7%]   step 20706
[  7%]   step 20707
[  7%]   step 20708
[  7%]   step 20709
[  7%]   step 20710
[  7%]   step 20711
[  7%]   step 20712
[  7%]   step 20713
[  7%]   step 20714
[  7%]   step 20715
[  7%]   step 20716
[  7%]   step 20717
[  7%]   step 20718
[  7%]   step 20719
[  7%]   step 20720
[  7%]   step 20721
[  7%]   step 20722
[  7%]   step 20723
[  7%]   step 20724
[  7%]   step 20725
[  7%]   step 20726
[  7%]   step 20727
[  7%]   step 20728
[  7%]   step 20729
[  7%]   step 20730
[  7%]   step 20731
[  7%]   step 20732
[  7%]   step 20733
[  7%]   step 20734
[  7%]   step 20735
[  7%]   step 20736
[  7%]   step 20737
[  7%]   step 20738
[  7%]   step 20739
[  7%]   step 20740
[  7%]   step 20741
[  7%]   step 20742
[  7%]   step 20743
[  7%]   step 20744
[  7%]   step 20745
+SWASH is processing output request    1
+SWASH is processing output request    2
[  7%]   step 20746
[  7%]   step 20747
[  7%]   step 20748
[  7%]   step 20749
[  7%]   step 20750
[  7%]   step 20751
[  7%]   step 20752
[  7%]   step 20753
[  7%]   step 20754
[  7%]   step 20755
[  7%]   step 20756
[  7%]   step 20757
[  7%]   step 20758
[  7%]   step 20759
[  7%]   step 20760
[  7%]   step 20761
[  7%]   step 20762
[  7%]   step 20763
[  7%]   step 20764
[  7%]   step 20765
[  7%]   step 20766
[  7%]   step 20767
[  7%]   step 20768
[  7%]   step 20769
[  7%]   step 20770
[  7%]   step 20771
[  7%]   step 20772
[  7%]   step 20773
[  7%]   step 20774
[  7%]   step 20775
[  7%]   step 20776
[  7%]   step 20777
[  7%]   step 20778
[  7%]   step 20779
[  7%]   step 20780
[  7%]   step 20781
[  7%]   step 20782
[  7%]   step 20783
[  7%]   step 20784
[  7%]   step 20785
[  7%]   step 20786
[  7%]   step 20787
[  7%]   step 20788
[  7%]   step 20789
[  7%]   step 20790
[  7%]   step 20791
[  7%]   step 20792
[  7%]   step 20793
[  7%]   step 20794
[  7%]   step 20795
[  7%]   step 20796
[  7%]   step 20797
[  7%]   step 20798
[  7%]   step 20799
[  7%]   step 20800
[  7%]   step 20801
[  7%]   step 20802
[  7%]   step 20803
[  7%]   step 20804
[  7%]   step 20805
[  7%]   step 20806
[  7%]   step 20807
[  7%]   step 20808
[  7%]   step 20809
[  7%]   step 20810
[  7%]   step 20811
[  7%]   step 20812
[  7%]   step 20813
[  7%]   step 20814
[  7%]   step 20815
[  7%]   step 20816
[  7%]   step 20817
[  7%]   step 20818
[  7%]   step 20819
[  7%]   step 20820
[  7%]   step 20821
[  7%]   step 20822
[  7%]   step 20823
[  7%]   step 20824
[  7%]   step 20825
[  7%]   step 20826
[  7%]   step 20827
[  7%]   step 20828
[  7%]   step 20829
[  7%]   step 20830
[  7%]   step 20831
[  7%]   step 20832
[  7%]   step 20833
[  7%]   step 20834
[  7%]   step 20835
[  7%]   step 20836
[  7%]   step 20837
[  7%]   step 20838
[  7%]   step 20839
[  7%]   step 20840
[  7%]   step 20841
[  7%]   step 20842
[  7%]   step 20843
[  7%]   step 20844
[  7%]   step 20845
[  7%]   step 20846
[  7%]   step 20847
[  7%]   step 20848
[  7%]   step 20849
[  7%]   step 20850
[  7%]   step 20851
[  7%]   step 20852
[  7%]   step 20853
[  7%]   step 20854
[  7%]   step 20855
[  7%]   step 20856
[  7%]   step 20857
[  7%]   step 20858
[  7%]   step 20859
[  7%]   step 20860
[  7%]   step 20861
[  7%]   step 20862
[  7%]   step 20863
[  7%]   step 20864
[  7%]   step 20865
[  7%]   step 20866
[  7%]   step 20867
[  7%]   step 20868
[  7%]   step 20869
[  7%]   step 20870
[  7%]   step 20871
[  7%]   step 20872
[  7%]   step 20873
[  7%]   step 20874
[  7%]   step 20875
[  7%]   step 20876
[  7%]   step 20877
[  7%]   step 20878
[  7%]   step 20879
[  7%]   step 20880
[  7%]   step 20881
[  7%]   step 20882
[  7%]   step 20883
[  7%]   step 20884
[  7%]   step 20885
[  7%]   step 20886
[  7%]   step 20887
[  7%]   step 20888
[  7%]   step 20889
[  7%]   step 20890
[  7%]   step 20891
[  7%]   step 20892
[  7%]   step 20893
[  7%]   step 20894
[  7%]   step 20895
[  7%]   step 20896
[  7%]   step 20897
[  7%]   step 20898
[  7%]   step 20899
[  7%]   step 20900
[  7%]   step 20901
[  7%]   step 20902
[  7%]   step 20903
[  7%]   step 20904
[  7%]   step 20905
[  7%]   step 20906
[  7%]   step 20907
[  7%]   step 20908
[  7%]   step 20909
[  7%]   step 20910
[  7%]   step 20911
[  7%]   step 20912
[  7%]   step 20913
[  7%]   step 20914
[  7%]   step 20915
[  7%]   step 20916
[  7%]   step 20917
[  7%]   step 20918
[  7%]   step 20919
[  7%]   step 20920
[  7%]   step 20921
[  7%]   step 20922
[  7%]   step 20923
[  7%]   step 20924
[  7%]   step 20925
[  7%]   step 20926
[  7%]   step 20927
[  7%]   step 20928
[  7%]   step 20929
[  7%]   step 20930
[  7%]   step 20931
[  7%]   step 20932
[  7%]   step 20933
[  7%]   step 20934
[  7%]   step 20935
[  7%]   step 20936
[  7%]   step 20937
[  7%]   step 20938
[  7%]   step 20939
[  7%]   step 20940
[  7%]   step 20941
[  7%]   step 20942
[  7%]   step 20943
[  7%]   step 20944
[  7%]   step 20945
[  7%]   step 20946
[  7%]   step 20947
[  7%]   step 20948
[  7%]   step 20949
[  7%]   step 20950
[  7%]   step 20951
[  7%]   step 20952
[  7%]   step 20953
[  7%]   step 20954
[  7%]   step 20955
[  7%]   step 20956
[  7%]   step 20957
[  7%]   step 20958
[  7%]   step 20959
[  7%]   step 20960
[  7%]   step 20961
[  7%]   step 20962
[  7%]   step 20963
[  7%]   step 20964
[  7%]   step 20965
[  7%]   step 20966
[  7%]   step 20967
[  7%]   step 20968
[  7%]   step 20969
[  7%]   step 20970
[  7%]   step 20971
[  7%]   step 20972
[  7%]   step 20973
[  7%]   step 20974
[  7%]   step 20975
[  7%]   step 20976
[  7%]   step 20977
[  7%]   step 20978
[  7%]   step 20979
[  7%]   step 20980
[  7%]   step 20981
[  7%]   step 20982
[  7%]   step 20983
[  7%]   step 20984
[  7%]   step 20985
[  7%]   step 20986
[  7%]   step 20987
[  7%]   step 20988
[  7%]   step 20989
[  7%]   step 20990
[  7%]   step 20991
[  7%]   step 20992
[  7%]   step 20993
[  7%]   step 20994
[  7%]   step 20995
[  7%]   step 20996
[  7%]   step 20997
[  7%]   step 20998
[  7%]   step 20999
[  7%]   step 21000
[  7%]   step 21001
[  7%]   step 21002
[  7%]   step 21003
[  7%]   step 21004
[  7%]   step 21005
[  7%]   step 21006
[  7%]   step 21007
[  7%]   step 21008
[  7%]   step 21009
[  7%]   step 21010
[  7%]   step 21011
[  7%]   step 21012
[  7%]   step 21013
[  7%]   step 21014
[  7%]   step 21015
[  7%]   step 21016
[  7%]   step 21017
[  7%]   step 21018
[  7%]   step 21019
[  7%]   step 21020
[  7%]   step 21021
[  7%]   step 21022
[  7%]   step 21023
[  7%]   step 21024
[  7%]   step 21025
[  7%]   step 21026
[  7%]   step 21027
[  7%]   step 21028
[  7%]   step 21029
[  7%]   step 21030
[  7%]   step 21031
[  7%]   step 21032
[  7%]   step 21033
[  7%]   step 21034
[  7%]   step 21035
[  7%]   step 21036
[  7%]   step 21037
[  7%]   step 21038
[  7%]   step 21039
[  7%]   step 21040
[  7%]   step 21041
[  7%]   step 21042
[  7%]   step 21043
[  7%]   step 21044
[  7%]   step 21045
[  7%]   step 21046
[  7%]   step 21047
[  7%]   step 21048
[  7%]   step 21049
[  7%]   step 21050
[  7%]   step 21051
[  7%]   step 21052
[  7%]   step 21053
[  7%]   step 21054
[  7%]   step 21055
[  7%]   step 21056
[  7%]   step 21057
[  7%]   step 21058
[  7%]   step 21059
[  7%]   step 21060
[  7%]   step 21061
[  7%]   step 21062
[  7%]   step 21063
[  7%]   step 21064
[  7%]   step 21065
[  7%]   step 21066
[  7%]   step 21067
[  7%]   step 21068
[  7%]   step 21069
[  7%]   step 21070
[  7%]   step 21071
[  7%]   step 21072
[  7%]   step 21073
[  7%]   step 21074
[  7%]   step 21075
[  7%]   step 21076
[  7%]   step 21077
[  7%]   step 21078
[  7%]   step 21079
[  7%]   step 21080
[  7%]   step 21081
[  7%]   step 21082
[  7%]   step 21083
[  7%]   step 21084
[  7%]   step 21085
[  7%]   step 21086
[  7%]   step 21087
[  7%]   step 21088
[  7%]   step 21089
[  7%]   step 21090
[  7%]   step 21091
[  7%]   step 21092
[  7%]   step 21093
[  7%]   step 21094
[  7%]   step 21095
[  7%]   step 21096
[  7%]   step 21097
[  7%]   step 21098
[  7%]   step 21099
[  7%]   step 21100
[  7%]   step 21101
[  7%]   step 21102
[  7%]   step 21103
[  7%]   step 21104
[  7%]   step 21105
[  7%]   step 21106
[  7%]   step 21107
[  7%]   step 21108
[  7%]   step 21109
[  7%]   step 21110
[  7%]   step 21111
[  7%]   step 21112
[  7%]   step 21113
[  7%]   step 21114
[  7%]   step 21115
[  7%]   step 21116
[  7%]   step 21117
[  7%]   step 21118
[  7%]   step 21119
[  7%]   step 21120
[  7%]   step 21121
[  7%]   step 21122
[  7%]   step 21123
[  7%]   step 21124
[  7%]   step 21125
[  7%]   step 21126
[  7%]   step 21127
[  7%]   step 21128
[  7%]   step 21129
[  7%]   step 21130
[  7%]   step 21131
[  7%]   step 21132
[  7%]   step 21133
[  7%]   step 21134
[  7%]   step 21135
[  7%]   step 21136
[  7%]   step 21137
+SWASH is processing output request    1
+SWASH is processing output request    2
[  7%]   step 21138
[  7%]   step 21139
[  7%]   step 21140
[  7%]   step 21141
[  7%]   step 21142
[  7%]   step 21143
[  7%]   step 21144
[  7%]   step 21145
[  7%]   step 21146
[  7%]   step 21147
[  7%]   step 21148
[  7%]   step 21149
[  7%]   step 21150
[  7%]   step 21151
[  7%]   step 21152
[  7%]   step 21153
[  7%]   step 21154
[  7%]   step 21155
[  7%]   step 21156
[  7%]   step 21157
[  7%]   step 21158
[  7%]   step 21159
[  7%]   step 21160
[  7%]   step 21161
[  7%]   step 21162
[  7%]   step 21163
[  7%]   step 21164
[  7%]   step 21165
[  7%]   step 21166
[  7%]   step 21167
[  7%]   step 21168
[  7%]   step 21169
[  7%]   step 21170
[  7%]   step 21171
[  7%]   step 21172
[  7%]   step 21173
[  7%]   step 21174
[  7%]   step 21175
[  7%]   step 21176
[  7%]   step 21177
[  7%]   step 21178
[  7%]   step 21179
[  7%]   step 21180
[  7%]   step 21181
[  7%]   step 21182
[  7%]   step 21183
[  7%]   step 21184
[  7%]   step 21185
[  7%]   step 21186
[  7%]   step 21187
[  7%]   step 21188
[  7%]   step 21189
[  7%]   step 21190
[  7%]   step 21191
[  7%]   step 21192
[  7%]   step 21193
[  7%]   step 21194
[  7%]   step 21195
[  7%]   step 21196
[  7%]   step 21197
[  7%]   step 21198
[  7%]   step 21199
[  7%]   step 21200
[  7%]   step 21201
[  7%]   step 21202
[  7%]   step 21203
[  7%]   step 21204
[  7%]   step 21205
[  7%]   step 21206
[  7%]   step 21207
[  7%]   step 21208
[  7%]   step 21209
[  7%]   step 21210
[  7%]   step 21211
[  7%]   step 21212
[  7%]   step 21213
[  7%]   step 21214
[  7%]   step 21215
[  7%]   step 21216
[  7%]   step 21217
[  7%]   step 21218
[  7%]   step 21219
[  7%]   step 21220
[  7%]   step 21221
[  7%]   step 21222
[  7%]   step 21223
[  7%]   step 21224
[  7%]   step 21225
[  7%]   step 21226
[  7%]   step 21227
[  7%]   step 21228
[  7%]   step 21229
[  7%]   step 21230
[  7%]   step 21231
[  7%]   step 21232
[  7%]   step 21233
[  7%]   step 21234
[  7%]   step 21235
[  7%]   step 21236
[  7%]   step 21237
[  7%]   step 21238
[  7%]   step 21239
[  7%]   step 21240
[  7%]   step 21241
[  7%]   step 21242
[  7%]   step 21243
[  7%]   step 21244
[  7%]   step 21245
[  7%]   step 21246
[  7%]   step 21247
[  7%]   step 21248
[  7%]   step 21249
[  7%]   step 21250
[  7%]   step 21251
[  7%]   step 21252
[  7%]   step 21253
[  7%]   step 21254
[  7%]   step 21255
[  7%]   step 21256
[  7%]   step 21257
[  7%]   step 21258
[  7%]   step 21259
[  7%]   step 21260
[  7%]   step 21261
[  7%]   step 21262
[  7%]   step 21263
[  7%]   step 21264
[  7%]   step 21265
[  7%]   step 21266
[  7%]   step 21267
[  7%]   step 21268
[  7%]   step 21269
[  7%]   step 21270
[  7%]   step 21271
[  7%]   step 21272
[  7%]   step 21273
[  7%]   step 21274
[  7%]   step 21275
[  7%]   step 21276
[  7%]   step 21277
[  7%]   step 21278
[  7%]   step 21279
[  7%]   step 21280
[  7%]   step 21281
[  7%]   step 21282
[  7%]   step 21283
[  7%]   step 21284
[  7%]   step 21285
[  7%]   step 21286
[  7%]   step 21287
[  7%]   step 21288
[  7%]   step 21289
[  7%]   step 21290
[  7%]   step 21291
[  7%]   step 21292
[  7%]   step 21293
[  7%]   step 21294
[  7%]   step 21295
[  7%]   step 21296
[  7%]   step 21297
[  7%]   step 21298
[  7%]   step 21299
[  7%]   step 21300
[  7%]   step 21301
[  7%]   step 21302
[  7%]   step 21303
[  7%]   step 21304
[  7%]   step 21305
[  7%]   step 21306
[  7%]   step 21307
[  7%]   step 21308
[  7%]   step 21309
[  7%]   step 21310
[  7%]   step 21311
[  7%]   step 21312
[  7%]   step 21313
[  7%]   step 21314
[  7%]   step 21315
[  7%]   step 21316
[  7%]   step 21317
[  7%]   step 21318
[  7%]   step 21319
[  7%]   step 21320
[  7%]   step 21321
[  7%]   step 21322
[  7%]   step 21323
[  7%]   step 21324
[  7%]   step 21325
[  7%]   step 21326
[  7%]   step 21327
[  7%]   step 21328
[  7%]   step 21329
[  7%]   step 21330
[  7%]   step 21331
[  7%]   step 21332
[  7%]   step 21333
[  7%]   step 21334
[  7%]   step 21335
[  7%]   step 21336
[  7%]   step 21337
[  7%]   step 21338
[  7%]   step 21339
[  7%]   step 21340
[  7%]   step 21341
[  7%]   step 21342
[  7%]   step 21343
[  7%]   step 21344
[  7%]   step 21345
[  7%]   step 21346
[  7%]   step 21347
[  7%]   step 21348
[  7%]   step 21349
[  7%]   step 21350
[  7%]   step 21351
[  7%]   step 21352
[  7%]   step 21353
[  7%]   step 21354
[  7%]   step 21355
[  7%]   step 21356
[  7%]   step 21357
[  7%]   step 21358
[  7%]   step 21359
[  7%]   step 21360
[  7%]   step 21361
[  7%]   step 21362
[  7%]   step 21363
[  7%]   step 21364
[  7%]   step 21365
[  7%]   step 21366
[  7%]   step 21367
[  7%]   step 21368
[  7%]   step 21369
[  7%]   step 21370
[  7%]   step 21371
[  7%]   step 21372
[  7%]   step 21373
[  7%]   step 21374
[  7%]   step 21375
[  7%]   step 21376
[  7%]   step 21377
[  7%]   step 21378
[  7%]   step 21379
[  7%]   step 21380
[  7%]   step 21381
[  7%]   step 21382
[  7%]   step 21383
[  7%]   step 21384
[  7%]   step 21385
[  7%]   step 21386
[  7%]   step 21387
[  7%]   step 21388
[  7%]   step 21389
[  7%]   step 21390
[  7%]   step 21391
[  7%]   step 21392
[  7%]   step 21393
[  7%]   step 21394
[  7%]   step 21395
[  7%]   step 21396
[  7%]   step 21397
[  7%]   step 21398
[  7%]   step 21399
[  7%]   step 21400
[  7%]   step 21401
[  7%]   step 21402
[  7%]   step 21403
[  7%]   step 21404
[  7%]   step 21405
[  7%]   step 21406
[  7%]   step 21407
[  7%]   step 21408
[  7%]   step 21409
[  7%]   step 21410
[  7%]   step 21411
[  7%]   step 21412
[  7%]   step 21413
[  7%]   step 21414
[  7%]   step 21415
[  7%]   step 21416
[  7%]   step 21417
[  7%]   step 21418
[  7%]   step 21419
[  7%]   step 21420
[  7%]   step 21421
[  7%]   step 21422
[  7%]   step 21423
[  7%]   step 21424
[  7%]   step 21425
[  7%]   step 21426
[  7%]   step 21427
[  7%]   step 21428
[  7%]   step 21429
[  7%]   step 21430
[  7%]   step 21431
[  7%]   step 21432
[  7%]   step 21433
[  7%]   step 21434
[  7%]   step 21435
[  7%]   step 21436
[  7%]   step 21437
[  7%]   step 21438
[  7%]   step 21439
[  7%]   step 21440
[  7%]   step 21441
[  7%]   step 21442
[  7%]   step 21443
[  7%]   step 21444
[  7%]   step 21445
[  7%]   step 21446
[  7%]   step 21447
[  7%]   step 21448
[  7%]   step 21449
[  7%]   step 21450
[  7%]   step 21451
[  7%]   step 21452
[  7%]   step 21453
[  7%]   step 21454
[  7%]   step 21455
[  7%]   step 21456
[  7%]   step 21457
[  7%]   step 21458
[  7%]   step 21459
[  7%]   step 21460
[  7%]   step 21461
[  7%]   step 21462
[  7%]   step 21463
[  7%]   step 21464
[  7%]   step 21465
[  7%]   step 21466
[  7%]   step 21467
[  7%]   step 21468
[  7%]   step 21469
[  7%]   step 21470
[  7%]   step 21471
[  7%]   step 21472
[  7%]   step 21473
[  7%]   step 21474
[  7%]   step 21475
[  7%]   step 21476
[  7%]   step 21477
[  7%]   step 21478
[  7%]   step 21479
[  7%]   step 21480
[  7%]   step 21481
[  7%]   step 21482
[  7%]   step 21483
[  7%]   step 21484
[  7%]   step 21485
[  7%]   step 21486
[  7%]   step 21487
[  7%]   step 21488
[  7%]   step 21489
[  7%]   step 21490
[  7%]   step 21491
[  7%]   step 21492
[  7%]   step 21493
[  7%]   step 21494
[  7%]   step 21495
[  7%]   step 21496
[  7%]   step 21497
[  7%]   step 21498
[  7%]   step 21499
[  7%]   step 21500
[  7%]   step 21501
[  7%]   step 21502
[  7%]   step 21503
[  7%]   step 21504
[  7%]   step 21505
[  7%]   step 21506
[  7%]   step 21507
[  7%]   step 21508
[  7%]   step 21509
[  7%]   step 21510
[  7%]   step 21511
[  7%]   step 21512
[  7%]   step 21513
[  7%]   step 21514
[  7%]   step 21515
[  7%]   step 21516
[  7%]   step 21517
[  7%]   step 21518
[  7%]   step 21519
[  7%]   step 21520
[  7%]   step 21521
[  7%]   step 21522
[  7%]   step 21523
[  7%]   step 21524
[  7%]   step 21525
[  7%]   step 21526
[  7%]   step 21527
[  7%]   step 21528
+SWASH is processing output request    1
+SWASH is processing output request    2
[  7%]   step 21529
[  7%]   step 21530
[  7%]   step 21531
[  7%]   step 21532
[  7%]   step 21533
[  7%]   step 21534
[  7%]   step 21535
[  7%]   step 21536
[  7%]   step 21537
[  7%]   step 21538
[  7%]   step 21539
[  7%]   step 21540
[  7%]   step 21541
[  7%]   step 21542
[  7%]   step 21543
[  7%]   step 21544
[  7%]   step 21545
[  7%]   step 21546
[  7%]   step 21547
[  7%]   step 21548
[  7%]   step 21549
[  7%]   step 21550
[  7%]   step 21551
[  7%]   step 21552
[  7%]   step 21553
[  7%]   step 21554
[  7%]   step 21555
[  7%]   step 21556
[  7%]   step 21557
[  7%]   step 21558
[  7%]   step 21559
[  7%]   step 21560
[  7%]   step 21561
[  7%]   step 21562
[  7%]   step 21563
[  7%]   step 21564
[  7%]   step 21565
[  7%]   step 21566
[  7%]   step 21567
[  7%]   step 21568
[  7%]   step 21569
[  7%]   step 21570
[  7%]   step 21571
[  7%]   step 21572
[  7%]   step 21573
[  7%]   step 21574
[  7%]   step 21575
[  7%]   step 21576
[  7%]   step 21577
[  7%]   step 21578
[  7%]   step 21579
[  7%]   step 21580
[  7%]   step 21581
[  7%]   step 21582
[  7%]   step 21583
[  7%]   step 21584
[  7%]   step 21585
[  7%]   step 21586
[  7%]   step 21587
[  7%]   step 21588
[  7%]   step 21589
[  7%]   step 21590
[  7%]   step 21591
[  7%]   step 21592
[  7%]   step 21593
[  7%]   step 21594
[  7%]   step 21595
[  7%]   step 21596
[  7%]   step 21597
[  7%]   step 21598
[  7%]   step 21599
[  7%]   step 21600
[  7%]   step 21601
[  7%]   step 21602
[  7%]   step 21603
[  7%]   step 21604
[  7%]   step 21605
[  7%]   step 21606
[  7%]   step 21607
[  7%]   step 21608
[  7%]   step 21609
[  7%]   step 21610
[  7%]   step 21611
[  7%]   step 21612
[  7%]   step 21613
[  7%]   step 21614
[  7%]   step 21615
[  7%]   step 21616
[  7%]   step 21617
[  7%]   step 21618
[  7%]   step 21619
[  7%]   step 21620
[  7%]   step 21621
[  7%]   step 21622
[  7%]   step 21623
[  7%]   step 21624
[  7%]   step 21625
[  7%]   step 21626
[  7%]   step 21627
[  7%]   step 21628
[  7%]   step 21629
[  7%]   step 21630
[  7%]   step 21631
[  7%]   step 21632
[  7%]   step 21633
[  7%]   step 21634
[  7%]   step 21635
[  7%]   step 21636
[  7%]   step 21637
[  7%]   step 21638
[  7%]   step 21639
[  7%]   step 21640
[  7%]   step 21641
[  7%]   step 21642
[  7%]   step 21643
[  7%]   step 21644
[  7%]   step 21645
[  7%]   step 21646
[  7%]   step 21647
[  7%]   step 21648
[  7%]   step 21649
[  7%]   step 21650
[  7%]   step 21651
[  7%]   step 21652
[  7%]   step 21653
[  7%]   step 21654
[  7%]   step 21655
[  7%]   step 21656
[  7%]   step 21657
[  7%]   step 21658
[  7%]   step 21659
[  7%]   step 21660
[  7%]   step 21661
[  7%]   step 21662
[  7%]   step 21663
[  7%]   step 21664
[  7%]   step 21665
[  7%]   step 21666
[  7%]   step 21667
[  7%]   step 21668
[  7%]   step 21669
[  7%]   step 21670
[  7%]   step 21671
[  7%]   step 21672
[  7%]   step 21673
[  7%]   step 21674
[  7%]   step 21675
[  7%]   step 21676
[  7%]   step 21677
[  7%]   step 21678
[  7%]   step 21679
[  7%]   step 21680
[  7%]   step 21681
[  7%]   step 21682
[  7%]   step 21683
[  7%]   step 21684
[  7%]   step 21685
[  7%]   step 21686
[  7%]   step 21687
[  7%]   step 21688
[  7%]   step 21689
[  7%]   step 21690
[  7%]   step 21691
[  7%]   step 21692
[  7%]   step 21693
[  7%]   step 21694
[  7%]   step 21695
[  7%]   step 21696
[  7%]   step 21697
[  7%]   step 21698
[  7%]   step 21699
[  7%]   step 21700
[  7%]   step 21701
[  7%]   step 21702
[  7%]   step 21703
[  7%]   step 21704
[  7%]   step 21705
[  7%]   step 21706
[  7%]   step 21707
[  7%]   step 21708
[  7%]   step 21709
[  7%]   step 21710
[  7%]   step 21711
[  7%]   step 21712
[  7%]   step 21713
[  7%]   step 21714
[  7%]   step 21715
[  7%]   step 21716
[  7%]   step 21717
[  7%]   step 21718
[  7%]   step 21719
[  7%]   step 21720
[  7%]   step 21721
[  7%]   step 21722
[  7%]   step 21723
[  7%]   step 21724
[  7%]   step 21725
[  7%]   step 21726
[  7%]   step 21727
[  7%]   step 21728
[  7%]   step 21729
[  7%]   step 21730
[  7%]   step 21731
[  7%]   step 21732
[  7%]   step 21733
[  7%]   step 21734
[  7%]   step 21735
[  7%]   step 21736
[  7%]   step 21737
[  7%]   step 21738
[  7%]   step 21739
[  7%]   step 21740
[  7%]   step 21741
[  7%]   step 21742
[  7%]   step 21743
[  7%]   step 21744
[  7%]   step 21745
[  7%]   step 21746
[  7%]   step 21747
[  7%]   step 21748
[  7%]   step 21749
[  7%]   step 21750
[  7%]   step 21751
[  7%]   step 21752
[  7%]   step 21753
[  7%]   step 21754
[  7%]   step 21755
[  7%]   step 21756
[  7%]   step 21757
[  7%]   step 21758
[  7%]   step 21759
[  7%]   step 21760
[  7%]   step 21761
[  7%]   step 21762
[  7%]   step 21763
[  7%]   step 21764
[  7%]   step 21765
[  7%]   step 21766
[  7%]   step 21767
[  7%]   step 21768
[  7%]   step 21769
[  7%]   step 21770
[  7%]   step 21771
[  7%]   step 21772
[  7%]   step 21773
[  7%]   step 21774
[  7%]   step 21775
[  7%]   step 21776
[  7%]   step 21777
[  7%]   step 21778
[  7%]   step 21779
[  7%]   step 21780
[  7%]   step 21781
[  7%]   step 21782
[  7%]   step 21783
[  7%]   step 21784
[  7%]   step 21785
[  7%]   step 21786
[  7%]   step 21787
[  7%]   step 21788
[  7%]   step 21789
[  7%]   step 21790
[  7%]   step 21791
[  7%]   step 21792
[  7%]   step 21793
[  7%]   step 21794
[  7%]   step 21795
[  7%]   step 21796
[  7%]   step 21797
[  7%]   step 21798
[  7%]   step 21799
[  7%]   step 21800
[  7%]   step 21801
[  7%]   step 21802
[  7%]   step 21803
[  7%]   step 21804
[  7%]   step 21805
[  7%]   step 21806
[  7%]   step 21807
[  7%]   step 21808
[  7%]   step 21809
[  7%]   step 21810
[  7%]   step 21811
[  7%]   step 21812
[  7%]   step 21813
[  7%]   step 21814
[  7%]   step 21815
[  7%]   step 21816
[  7%]   step 21817
[  7%]   step 21818
[  7%]   step 21819
[  7%]   step 21820
[  7%]   step 21821
[  7%]   step 21822
[  7%]   step 21823
[  7%]   step 21824
[  7%]   step 21825
[  7%]   step 21826
[  7%]   step 21827
[  7%]   step 21828
[  7%]   step 21829
[  7%]   step 21830
[  7%]   step 21831
[  7%]   step 21832
[  7%]   step 21833
[  7%]   step 21834
[  7%]   step 21835
[  7%]   step 21836
[  7%]   step 21837
[  7%]   step 21838
[  7%]   step 21839
[  7%]   step 21840
[  7%]   step 21841
[  7%]   step 21842
[  7%]   step 21843
[  7%]   step 21844
[  7%]   step 21845
[  7%]   step 21846
[  7%]   step 21847
[  7%]   step 21848
[  7%]   step 21849
[  7%]   step 21850
[  7%]   step 21851
[  7%]   step 21852
[  7%]   step 21853
[  7%]   step 21854
[  7%]   step 21855
[  7%]   step 21856
[  7%]   step 21857
[  7%]   step 21858
[  7%]   step 21859
[  7%]   step 21860
[  7%]   step 21861
[  7%]   step 21862
[  7%]   step 21863
[  7%]   step 21864
[  7%]   step 21865
[  7%]   step 21866
[  7%]   step 21867
[  7%]   step 21868
[  7%]   step 21869
[  7%]   step 21870
[  7%]   step 21871
[  7%]   step 21872
[  7%]   step 21873
[  7%]   step 21874
[  7%]   step 21875
[  7%]   step 21876
[  7%]   step 21877
[  7%]   step 21878
[  7%]   step 21879
[  7%]   step 21880
[  7%]   step 21881
[  7%]   step 21882
[  7%]   step 21883
[  7%]   step 21884
[  7%]   step 21885
[  7%]   step 21886
[  7%]   step 21887
[  7%]   step 21888
[  7%]   step 21889
[  7%]   step 21890
[  7%]   step 21891
[  7%]   step 21892
[  7%]   step 21893
[  7%]   step 21894
[  7%]   step 21895
[  7%]   step 21896
[  7%]   step 21897
[  7%]   step 21898
[  7%]   step 21899
[  7%]   step 21900
[  7%]   step 21901
[  7%]   step 21902
[  7%]   step 21903
[  7%]   step 21904
[  7%]   step 21905
[  7%]   step 21906
[  7%]   step 21907
[  7%]   step 21908
[  7%]   step 21909
[  7%]   step 21910
[  7%]   step 21911
[  7%]   step 21912
[  7%]   step 21913
[  7%]   step 21914
[  7%]   step 21915
[  7%]   step 21916
[  7%]   step 21917
[  7%]   step 21918
[  7%]   step 21919
[  7%]   step 21920
+SWASH is processing output request    1
+SWASH is processing output request    2
[  7%]   step 21921
[  7%]   step 21922
[  7%]   step 21923
[  7%]   step 21924
[  7%]   step 21925
[  7%]   step 21926
[  7%]   step 21927
[  7%]   step 21928
[  7%]   step 21929
[  7%]   step 21930
[  7%]   step 21931
[  7%]   step 21932
[  7%]   step 21933
[  7%]   step 21934
[  7%]   step 21935
[  7%]   step 21936
[  7%]   step 21937
[  7%]   step 21938
[  7%]   step 21939
[  7%]   step 21940
[  7%]   step 21941
[  7%]   step 21942
[  7%]   step 21943
[  7%]   step 21944
[  7%]   step 21945
[  7%]   step 21946
[  7%]   step 21947
[  7%]   step 21948
[  7%]   step 21949
[  7%]   step 21950
[  7%]   step 21951
[  7%]   step 21952
[  7%]   step 21953
[  7%]   step 21954
[  7%]   step 21955
[  7%]   step 21956
[  7%]   step 21957
[  7%]   step 21958
[  7%]   step 21959
[  7%]   step 21960
[  7%]   step 21961
[  7%]   step 21962
[  7%]   step 21963
[  7%]   step 21964
[  7%]   step 21965
[  7%]   step 21966
[  7%]   step 21967
[  7%]   step 21968
[  7%]   step 21969
[  7%]   step 21970
[  7%]   step 21971
[  7%]   step 21972
[  7%]   step 21973
[  7%]   step 21974
[  7%]   step 21975
[  7%]   step 21976
[  7%]   step 21977
[  7%]   step 21978
[  7%]   step 21979
[  7%]   step 21980
[  7%]   step 21981
[  7%]   step 21982
[  7%]   step 21983
[  7%]   step 21984
[  7%]   step 21985
[  7%]   step 21986
[  7%]   step 21987
[  7%]   step 21988
[  7%]   step 21989
[  7%]   step 21990
[  7%]   step 21991
[  7%]   step 21992
[  7%]   step 21993
[  7%]   step 21994
[  7%]   step 21995
[  7%]   step 21996
[  7%]   step 21997
[  7%]   step 21998
[  7%]   step 21999
[  7%]   step 22000
[  7%]   step 22001
[  7%]   step 22002
[  7%]   step 22003
[  7%]   step 22004
[  7%]   step 22005
[  7%]   step 22006
[  7%]   step 22007
[  7%]   step 22008
[  7%]   step 22009
[  7%]   step 22010
[  7%]   step 22011
[  7%]   step 22012
[  7%]   step 22013
[  7%]   step 22014
[  7%]   step 22015
[  7%]   step 22016
[  7%]   step 22017
[  7%]   step 22018
[  7%]   step 22019
[  7%]   step 22020
[  7%]   step 22021
[  7%]   step 22022
[  7%]   step 22023
[  7%]   step 22024
[  7%]   step 22025
[  7%]   step 22026
[  7%]   step 22027
[  7%]   step 22028
[  7%]   step 22029
[  7%]   step 22030
[  7%]   step 22031
[  7%]   step 22032
[  7%]   step 22033
[  7%]   step 22034
[  7%]   step 22035
[  7%]   step 22036
[  7%]   step 22037
[  7%]   step 22038
[  7%]   step 22039
[  7%]   step 22040
[  7%]   step 22041
[  7%]   step 22042
[  7%]   step 22043
[  7%]   step 22044
[  7%]   step 22045
[  7%]   step 22046
[  7%]   step 22047
[  7%]   step 22048
[  7%]   step 22049
[  7%]   step 22050
[  7%]   step 22051
[  7%]   step 22052
[  7%]   step 22053
[  7%]   step 22054
[  7%]   step 22055
[  7%]   step 22056
[  7%]   step 22057
[  7%]   step 22058
[  7%]   step 22059
[  7%]   step 22060
[  7%]   step 22061
[  7%]   step 22062
[  7%]   step 22063
[  7%]   step 22064
[  7%]   step 22065
[  7%]   step 22066
[  7%]   step 22067
[  7%]   step 22068
[  7%]   step 22069
[  7%]   step 22070
[  7%]   step 22071
[  7%]   step 22072
[  7%]   step 22073
[  7%]   step 22074
[  7%]   step 22075
[  7%]   step 22076
[  7%]   step 22077
[  7%]   step 22078
[  7%]   step 22079
[  7%]   step 22080
[  7%]   step 22081
[  7%]   step 22082
[  7%]   step 22083
[  7%]   step 22084
[  7%]   step 22085
[  7%]   step 22086
[  7%]   step 22087
[  7%]   step 22088
[  7%]   step 22089
[  7%]   step 22090
[  7%]   step 22091
[  7%]   step 22092
[  7%]   step 22093
[  7%]   step 22094
[  7%]   step 22095
[  7%]   step 22096
[  7%]   step 22097
[  7%]   step 22098
[  7%]   step 22099
[  7%]   step 22100
[  7%]   step 22101
[  7%]   step 22102
[  7%]   step 22103
[  7%]   step 22104
[  7%]   step 22105
[  7%]   step 22106
[  7%]   step 22107
[  7%]   step 22108
[  7%]   step 22109
[  7%]   step 22110
[  7%]   step 22111
[  7%]   step 22112
[  7%]   step 22113
[  7%]   step 22114
[  7%]   step 22115
[  7%]   step 22116
[  7%]   step 22117
[  7%]   step 22118
[  7%]   step 22119
[  7%]   step 22120
[  7%]   step 22121
[  7%]   step 22122
[  7%]   step 22123
[  7%]   step 22124
[  7%]   step 22125
[  7%]   step 22126
[  7%]   step 22127
[  7%]   step 22128
[  7%]   step 22129
[  7%]   step 22130
[  7%]   step 22131
[  7%]   step 22132
[  7%]   step 22133
[  7%]   step 22134
[  7%]   step 22135
[  7%]   step 22136
[  7%]   step 22137
[  7%]   step 22138
[  7%]   step 22139
[  7%]   step 22140
[  7%]   step 22141
[  7%]   step 22142
[  7%]   step 22143
[  7%]   step 22144
[  7%]   step 22145
[  7%]   step 22146
[  7%]   step 22147
[  7%]   step 22148
[  7%]   step 22149
[  7%]   step 22150
[  7%]   step 22151
[  7%]   step 22152
[  7%]   step 22153
[  7%]   step 22154
[  7%]   step 22155
[  7%]   step 22156
[  7%]   step 22157
[  7%]   step 22158
[  7%]   step 22159
[  7%]   step 22160
[  7%]   step 22161
[  7%]   step 22162
[  7%]   step 22163
[  7%]   step 22164
[  7%]   step 22165
[  7%]   step 22166
[  7%]   step 22167
[  7%]   step 22168
[  7%]   step 22169
[  7%]   step 22170
[  7%]   step 22171
[  7%]   step 22172
[  7%]   step 22173
[  7%]   step 22174
[  7%]   step 22175
[  7%]   step 22176
[  7%]   step 22177
[  7%]   step 22178
[  7%]   step 22179
[  7%]   step 22180
[  7%]   step 22181
[  7%]   step 22182
[  7%]   step 22183
[  7%]   step 22184
[  7%]   step 22185
[  7%]   step 22186
[  7%]   step 22187
[  7%]   step 22188
[  7%]   step 22189
[  7%]   step 22190
[  7%]   step 22191
[  7%]   step 22192
[  7%]   step 22193
[  7%]   step 22194
[  7%]   step 22195
[  7%]   step 22196
[  7%]   step 22197
[  7%]   step 22198
[  7%]   step 22199
[  7%]   step 22200
[  7%]   step 22201
[  7%]   step 22202
[  7%]   step 22203
[  7%]   step 22204
[  7%]   step 22205
[  7%]   step 22206
[  7%]   step 22207
[  7%]   step 22208
[  7%]   step 22209
[  7%]   step 22210
[  7%]   step 22211
[  7%]   step 22212
[  7%]   step 22213
[  7%]   step 22214
[  7%]   step 22215
[  7%]   step 22216
[  7%]   step 22217
[  7%]   step 22218
[  7%]   step 22219
[  7%]   step 22220
[  7%]   step 22221
[  7%]   step 22222
[  7%]   step 22223
[  7%]   step 22224
[  7%]   step 22225
[  7%]   step 22226
[  7%]   step 22227
[  7%]   step 22228
[  7%]   step 22229
[  7%]   step 22230
[  7%]   step 22231
[  7%]   step 22232
[  7%]   step 22233
[  7%]   step 22234
[  7%]   step 22235
[  7%]   step 22236
[  7%]   step 22237
[  7%]   step 22238
[  7%]   step 22239
[  7%]   step 22240
[  7%]   step 22241
[  7%]   step 22242
[  7%]   step 22243
[  7%]   step 22244
[  7%]   step 22245
[  7%]   step 22246
[  7%]   step 22247
[  7%]   step 22248
[  7%]   step 22249
[  7%]   step 22250
[  7%]   step 22251
[  7%]   step 22252
[  7%]   step 22253
[  7%]   step 22254
[  7%]   step 22255
[  7%]   step 22256
[  7%]   step 22257
[  7%]   step 22258
[  7%]   step 22259
[  7%]   step 22260
[  7%]   step 22261
[  7%]   step 22262
[  7%]   step 22263
[  7%]   step 22264
[  7%]   step 22265
[  7%]   step 22266
[  7%]   step 22267
[  7%]   step 22268
[  7%]   step 22269
[  7%]   step 22270
[  7%]   step 22271
[  7%]   step 22272
[  7%]   step 22273
[  7%]   step 22274
[  7%]   step 22275
[  7%]   step 22276
[  7%]   step 22277
[  7%]   step 22278
[  7%]   step 22279
[  7%]   step 22280
[  7%]   step 22281
[  7%]   step 22282
[  7%]   step 22283
[  7%]   step 22284
[  7%]   step 22285
[  7%]   step 22286
[  7%]   step 22287
[  7%]   step 22288
[  7%]   step 22289
[  7%]   step 22290
[  7%]   step 22291
[  7%]   step 22292
[  7%]   step 22293
[  7%]   step 22294
[  7%]   step 22295
[  7%]   step 22296
[  7%]   step 22297
[  7%]   step 22298
[  7%]   step 22299
[  7%]   step 22300
[  7%]   step 22301
[  7%]   step 22302
[  7%]   step 22303
[  7%]   step 22304
[  7%]   step 22305
[  7%]   step 22306
[  7%]   step 22307
[  7%]   step 22308
[  7%]   step 22309
[  7%]   step 22310
[  7%]   step 22311
+SWASH is processing output request    1
+SWASH is processing output request    2
[  7%]   step 22312
[  7%]   step 22313
[  7%]   step 22314
[  7%]   step 22315
[  7%]   step 22316
[  7%]   step 22317
[  7%]   step 22318
[  7%]   step 22319
[  7%]   step 22320
[  7%]   step 22321
[  7%]   step 22322
[  7%]   step 22323
[  7%]   step 22324
[  7%]   step 22325
[  7%]   step 22326
[  7%]   step 22327
[  7%]   step 22328
[  7%]   step 22329
[  7%]   step 22330
[  7%]   step 22331
[  7%]   step 22332
[  7%]   step 22333
[  7%]   step 22334
[  7%]   step 22335
[  7%]   step 22336
[  7%]   step 22337
[  7%]   step 22338
[  7%]   step 22339
[  7%]   step 22340
[  7%]   step 22341
[  7%]   step 22342
[  7%]   step 22343
[  7%]   step 22344
[  7%]   step 22345
[  7%]   step 22346
[  7%]   step 22347
[  7%]   step 22348
[  7%]   step 22349
[  7%]   step 22350
[  7%]   step 22351
[  7%]   step 22352
[  7%]   step 22353
[  7%]   step 22354
[  7%]   step 22355
[  7%]   step 22356
[  7%]   step 22357
[  7%]   step 22358
[  7%]   step 22359
[  7%]   step 22360
[  7%]   step 22361
[  7%]   step 22362
[  7%]   step 22363
[  7%]   step 22364
[  7%]   step 22365
[  7%]   step 22366
[  7%]   step 22367
[  7%]   step 22368
[  7%]   step 22369
[  7%]   step 22370
[  7%]   step 22371
[  7%]   step 22372
[  7%]   step 22373
[  7%]   step 22374
[  7%]   step 22375
[  7%]   step 22376
[  7%]   step 22377
[  7%]   step 22378
[  7%]   step 22379
[  7%]   step 22380
[  7%]   step 22381
[  7%]   step 22382
[  7%]   step 22383
[  7%]   step 22384
[  7%]   step 22385
[  7%]   step 22386
[  7%]   step 22387
[  7%]   step 22388
[  7%]   step 22389
[  7%]   step 22390
[  7%]   step 22391
[  7%]   step 22392
[  7%]   step 22393
[  7%]   step 22394
[  7%]   step 22395
[  7%]   step 22396
[  7%]   step 22397
[  7%]   step 22398
[  7%]   step 22399
[  7%]   step 22400
[  7%]   step 22401
[  7%]   step 22402
[  7%]   step 22403
[  7%]   step 22404
[  7%]   step 22405
[  7%]   step 22406
[  7%]   step 22407
[  7%]   step 22408
[  7%]   step 22409
[  7%]   step 22410
[  7%]   step 22411
[  7%]   step 22412
[  7%]   step 22413
[  7%]   step 22414
[  7%]   step 22415
[  7%]   step 22416
[  7%]   step 22417
[  7%]   step 22418
[  7%]   step 22419
[  7%]   step 22420
[  7%]   step 22421
[  7%]   step 22422
[  7%]   step 22423
[  7%]   step 22424
[  7%]   step 22425
[  7%]   step 22426
[  7%]   step 22427
[  7%]   step 22428
[  7%]   step 22429
[  7%]   step 22430
[  7%]   step 22431
[  7%]   step 22432
[  7%]   step 22433
[  7%]   step 22434
[  7%]   step 22435
[  7%]   step 22436
[  7%]   step 22437
[  7%]   step 22438
[  7%]   step 22439
[  7%]   step 22440
[  7%]   step 22441
[  7%]   step 22442
[  7%]   step 22443
[  7%]   step 22444
[  7%]   step 22445
[  7%]   step 22446
[  7%]   step 22447
[  7%]   step 22448
[  7%]   step 22449
[  7%]   step 22450
[  7%]   step 22451
[  7%]   step 22452
[  7%]   step 22453
[  7%]   step 22454
[  7%]   step 22455
[  7%]   step 22456
[  7%]   step 22457
[  7%]   step 22458
[  7%]   step 22459
[  7%]   step 22460
[  7%]   step 22461
[  7%]   step 22462
[  7%]   step 22463
[  7%]   step 22464
[  7%]   step 22465
[  7%]   step 22466
[  7%]   step 22467
[  7%]   step 22468
[  7%]   step 22469
[  7%]   step 22470
[  7%]   step 22471
[  7%]   step 22472
[  7%]   step 22473
[  7%]   step 22474
[  7%]   step 22475
[  7%]   step 22476
[  7%]   step 22477
[  7%]   step 22478
[  7%]   step 22479
[  7%]   step 22480
[  7%]   step 22481
[  7%]   step 22482
[  7%]   step 22483
[  7%]   step 22484
[  7%]   step 22485
[  7%]   step 22486
[  7%]   step 22487
[  7%]   step 22488
[  7%]   step 22489
[  7%]   step 22490
[  7%]   step 22491
[  7%]   step 22492
[  7%]   step 22493
[  7%]   step 22494
[  7%]   step 22495
[  7%]   step 22496
[  7%]   step 22497
[  7%]   step 22498
[  7%]   step 22499
[  7%]   step 22500
[  7%]   step 22501
[  7%]   step 22502
[  7%]   step 22503
[  7%]   step 22504
[  7%]   step 22505
[  7%]   step 22506
[  7%]   step 22507
[  7%]   step 22508
[  7%]   step 22509
[  7%]   step 22510
[  7%]   step 22511
[  7%]   step 22512
[  7%]   step 22513
[  7%]   step 22514
[  7%]   step 22515
[  7%]   step 22516
[  7%]   step 22517
[  7%]   step 22518
[  7%]   step 22519
[  7%]   step 22520
[  7%]   step 22521
[  7%]   step 22522
[  7%]   step 22523
[  7%]   step 22524
[  7%]   step 22525
[  7%]   step 22526
[  7%]   step 22527
[  7%]   step 22528
[  7%]   step 22529
[  7%]   step 22530
[  7%]   step 22531
[  7%]   step 22532
[  7%]   step 22533
[  7%]   step 22534
[  7%]   step 22535
[  7%]   step 22536
[  7%]   step 22537
[  7%]   step 22538
[  7%]   step 22539
[  7%]   step 22540
[  7%]   step 22541
[  7%]   step 22542
[  7%]   step 22543
[  7%]   step 22544
[  7%]   step 22545
[  7%]   step 22546
[  7%]   step 22547
[  7%]   step 22548
[  7%]   step 22549
[  7%]   step 22550
[  7%]   step 22551
[  7%]   step 22552
[  7%]   step 22553
[  7%]   step 22554
[  7%]   step 22555
[  7%]   step 22556
[  7%]   step 22557
[  7%]   step 22558
[  7%]   step 22559
[  7%]   step 22560
[  7%]   step 22561
[  7%]   step 22562
[  7%]   step 22563
[  7%]   step 22564
[  7%]   step 22565
[  7%]   step 22566
[  7%]   step 22567
[  7%]   step 22568
[  7%]   step 22569
[  7%]   step 22570
[  7%]   step 22571
[  7%]   step 22572
[  7%]   step 22573
[  7%]   step 22574
[  7%]   step 22575
[  7%]   step 22576
[  7%]   step 22577
[  7%]   step 22578
[  7%]   step 22579
[  7%]   step 22580
[  7%]   step 22581
[  7%]   step 22582
[  7%]   step 22583
[  7%]   step 22584
[  7%]   step 22585
[  7%]   step 22586
[  7%]   step 22587
[  7%]   step 22588
[  7%]   step 22589
[  7%]   step 22590
[  7%]   step 22591
[  7%]   step 22592
[  7%]   step 22593
[  7%]   step 22594
[  7%]   step 22595
[  7%]   step 22596
[  7%]   step 22597
[  7%]   step 22598
[  7%]   step 22599
[  7%]   step 22600
[  7%]   step 22601
[  7%]   step 22602
[  7%]   step 22603
[  7%]   step 22604
[  7%]   step 22605
[  7%]   step 22606
[  7%]   step 22607
[  7%]   step 22608
[  7%]   step 22609
[  7%]   step 22610
[  7%]   step 22611
[  7%]   step 22612
[  7%]   step 22613
[  7%]   step 22614
[  7%]   step 22615
[  7%]   step 22616
[  7%]   step 22617
[  7%]   step 22618
[  7%]   step 22619
[  7%]   step 22620
[  7%]   step 22621
[  7%]   step 22622
[  7%]   step 22623
[  7%]   step 22624
[  7%]   step 22625
[  7%]   step 22626
[  7%]   step 22627
[  7%]   step 22628
[  7%]   step 22629
[  7%]   step 22630
[  7%]   step 22631
[  7%]   step 22632
[  7%]   step 22633
[  7%]   step 22634
[  7%]   step 22635
[  7%]   step 22636
[  7%]   step 22637
[  7%]   step 22638
[  7%]   step 22639
[  7%]   step 22640
[  7%]   step 22641
[  7%]   step 22642
[  7%]   step 22643
[  7%]   step 22644
[  7%]   step 22645
[  7%]   step 22646
[  7%]   step 22647
[  7%]   step 22648
[  7%]   step 22649
[  7%]   step 22650
[  7%]   step 22651
[  7%]   step 22652
[  7%]   step 22653
[  7%]   step 22654
[  7%]   step 22655
[  7%]   step 22656
[  7%]   step 22657
[  7%]   step 22658
[  7%]   step 22659
[  7%]   step 22660
[  7%]   step 22661
[  7%]   step 22662
[  7%]   step 22663
[  7%]   step 22664
[  7%]   step 22665
[  7%]   step 22666
[  7%]   step 22667
[  7%]   step 22668
[  7%]   step 22669
[  7%]   step 22670
[  7%]   step 22671
[  7%]   step 22672
[  7%]   step 22673
[  7%]   step 22674
[  7%]   step 22675
[  7%]   step 22676
[  7%]   step 22677
[  7%]   step 22678
[  7%]   step 22679
[  7%]   step 22680
[  7%]   step 22681
[  7%]   step 22682
[  7%]   step 22683
[  7%]   step 22684
[  7%]   step 22685
[  7%]   step 22686
[  7%]   step 22687
[  7%]   step 22688
[  7%]   step 22689
[  7%]   step 22690
[  7%]   step 22691
[  7%]   step 22692
[  7%]   step 22693
[  7%]   step 22694
[  7%]   step 22695
[  7%]   step 22696
[  7%]   step 22697
[  7%]   step 22698
[  7%]   step 22699
[  7%]   step 22700
[  7%]   step 22701
[  7%]   step 22702
[  7%]   step 22703
+SWASH is processing output request    1
+SWASH is processing output request    2
[  7%]   step 22704
[  7%]   step 22705
[  7%]   step 22706
[  7%]   step 22707
[  7%]   step 22708
[  7%]   step 22709
[  7%]   step 22710
[  7%]   step 22711
[  7%]   step 22712
[  7%]   step 22713
[  7%]   step 22714
[  7%]   step 22715
[  7%]   step 22716
[  7%]   step 22717
[  7%]   step 22718
[  7%]   step 22719
[  7%]   step 22720
[  7%]   step 22721
[  7%]   step 22722
[  7%]   step 22723
[  7%]   step 22724
[  7%]   step 22725
[  7%]   step 22726
[  7%]   step 22727
[  7%]   step 22728
[  7%]   step 22729
[  7%]   step 22730
[  7%]   step 22731
[  7%]   step 22732
[  7%]   step 22733
[  7%]   step 22734
[  7%]   step 22735
[  7%]   step 22736
[  7%]   step 22737
[  7%]   step 22738
[  7%]   step 22739
[  7%]   step 22740
[  7%]   step 22741
[  7%]   step 22742
[  7%]   step 22743
[  7%]   step 22744
[  7%]   step 22745
[  7%]   step 22746
[  7%]   step 22747
[  7%]   step 22748
[  7%]   step 22749
[  7%]   step 22750
[  7%]   step 22751
[  7%]   step 22752
[  7%]   step 22753
[  7%]   step 22754
[  7%]   step 22755
[  7%]   step 22756
[  7%]   step 22757
[  7%]   step 22758
[  7%]   step 22759
[  7%]   step 22760
[  7%]   step 22761
[  7%]   step 22762
[  7%]   step 22763
[  7%]   step 22764
[  7%]   step 22765
[  7%]   step 22766
[  7%]   step 22767
[  7%]   step 22768
[  7%]   step 22769
[  7%]   step 22770
[  7%]   step 22771
[  7%]   step 22772
[  7%]   step 22773
[  7%]   step 22774
[  7%]   step 22775
[  7%]   step 22776
[  7%]   step 22777
[  7%]   step 22778
[  7%]   step 22779
[  7%]   step 22780
[  7%]   step 22781
[  7%]   step 22782
[  7%]   step 22783
[  7%]   step 22784
[  7%]   step 22785
[  7%]   step 22786
[  7%]   step 22787
[  7%]   step 22788
[  7%]   step 22789
[  7%]   step 22790
[  7%]   step 22791
[  7%]   step 22792
[  7%]   step 22793
[  7%]   step 22794
[  7%]   step 22795
[  7%]   step 22796
[  7%]   step 22797
[  7%]   step 22798
[  7%]   step 22799
[  7%]   step 22800
[  7%]   step 22801
[  7%]   step 22802
[  7%]   step 22803
[  7%]   step 22804
[  7%]   step 22805
[  7%]   step 22806
[  7%]   step 22807
[  7%]   step 22808
[  7%]   step 22809
[  7%]   step 22810
[  7%]   step 22811
[  7%]   step 22812
[  7%]   step 22813
[  7%]   step 22814
[  7%]   step 22815
[  7%]   step 22816
[  7%]   step 22817
[  7%]   step 22818
[  7%]   step 22819
[  7%]   step 22820
[  7%]   step 22821
[  7%]   step 22822
[  7%]   step 22823
[  7%]   step 22824
[  7%]   step 22825
[  7%]   step 22826
[  7%]   step 22827
[  7%]   step 22828
[  7%]   step 22829
[  7%]   step 22830
[  7%]   step 22831
[  7%]   step 22832
[  7%]   step 22833
[  7%]   step 22834
[  7%]   step 22835
[  7%]   step 22836
[  7%]   step 22837
[  7%]   step 22838
[  7%]   step 22839
[  7%]   step 22840
[  7%]   step 22841
[  7%]   step 22842
[  7%]   step 22843
[  7%]   step 22844
[  7%]   step 22845
[  7%]   step 22846
[  7%]   step 22847
[  7%]   step 22848
[  7%]   step 22849
[  7%]   step 22850
[  7%]   step 22851
[  7%]   step 22852
[  7%]   step 22853
[  7%]   step 22854
[  7%]   step 22855
[  7%]   step 22856
[  7%]   step 22857
[  7%]   step 22858
[  7%]   step 22859
[  7%]   step 22860
[  7%]   step 22861
[  7%]   step 22862
[  7%]   step 22863
[  7%]   step 22864
[  7%]   step 22865
[  7%]   step 22866
[  7%]   step 22867
[  7%]   step 22868
[  7%]   step 22869
[  7%]   step 22870
[  7%]   step 22871
[  7%]   step 22872
[  7%]   step 22873
[  7%]   step 22874
[  7%]   step 22875
[  7%]   step 22876
[  7%]   step 22877
[  7%]   step 22878
[  7%]   step 22879
[  7%]   step 22880
[  7%]   step 22881
[  7%]   step 22882
[  7%]   step 22883
[  7%]   step 22884
[  7%]   step 22885
[  7%]   step 22886
[  7%]   step 22887
[  7%]   step 22888
[  7%]   step 22889
[  7%]   step 22890
[  7%]   step 22891
[  7%]   step 22892
[  7%]   step 22893
[  7%]   step 22894
[  7%]   step 22895
[  7%]   step 22896
[  7%]   step 22897
[  8%]   step 22898
[  8%]   step 22899
[  8%]   step 22900
[  8%]   step 22901
[  8%]   step 22902
[  8%]   step 22903
[  8%]   step 22904
[  8%]   step 22905
[  8%]   step 22906
[  8%]   step 22907
[  8%]   step 22908
[  8%]   step 22909
[  8%]   step 22910
[  8%]   step 22911
[  8%]   step 22912
[  8%]   step 22913
[  8%]   step 22914
[  8%]   step 22915
[  8%]   step 22916
[  8%]   step 22917
[  8%]   step 22918
[  8%]   step 22919
[  8%]   step 22920
[  8%]   step 22921
[  8%]   step 22922
[  8%]   step 22923
[  8%]   step 22924
[  8%]   step 22925
[  8%]   step 22926
[  8%]   step 22927
[  8%]   step 22928
[  8%]   step 22929
[  8%]   step 22930
[  8%]   step 22931
[  8%]   step 22932
[  8%]   step 22933
[  8%]   step 22934
[  8%]   step 22935
[  8%]   step 22936
[  8%]   step 22937
[  8%]   step 22938
[  8%]   step 22939
[  8%]   step 22940
[  8%]   step 22941
[  8%]   step 22942
[  8%]   step 22943
[  8%]   step 22944
[  8%]   step 22945
[  8%]   step 22946
[  8%]   step 22947
[  8%]   step 22948
[  8%]   step 22949
[  8%]   step 22950
[  8%]   step 22951
[  8%]   step 22952
[  8%]   step 22953
[  8%]   step 22954
[  8%]   step 22955
[  8%]   step 22956
[  8%]   step 22957
[  8%]   step 22958
[  8%]   step 22959
[  8%]   step 22960
[  8%]   step 22961
[  8%]   step 22962
[  8%]   step 22963
[  8%]   step 22964
[  8%]   step 22965
[  8%]   step 22966
[  8%]   step 22967
[  8%]   step 22968
[  8%]   step 22969
[  8%]   step 22970
[  8%]   step 22971
[  8%]   step 22972
[  8%]   step 22973
[  8%]   step 22974
[  8%]   step 22975
[  8%]   step 22976
[  8%]   step 22977
[  8%]   step 22978
[  8%]   step 22979
[  8%]   step 22980
[  8%]   step 22981
[  8%]   step 22982
[  8%]   step 22983
[  8%]   step 22984
[  8%]   step 22985
[  8%]   step 22986
[  8%]   step 22987
[  8%]   step 22988
[  8%]   step 22989
[  8%]   step 22990
[  8%]   step 22991
[  8%]   step 22992
[  8%]   step 22993
[  8%]   step 22994
[  8%]   step 22995
[  8%]   step 22996
[  8%]   step 22997
[  8%]   step 22998
[  8%]   step 22999
[  8%]   step 23000
[  8%]   step 23001
[  8%]   step 23002
[  8%]   step 23003
[  8%]   step 23004
[  8%]   step 23005
[  8%]   step 23006
[  8%]   step 23007
[  8%]   step 23008
[  8%]   step 23009
[  8%]   step 23010
[  8%]   step 23011
[  8%]   step 23012
[  8%]   step 23013
[  8%]   step 23014
[  8%]   step 23015
[  8%]   step 23016
[  8%]   step 23017
[  8%]   step 23018
[  8%]   step 23019
[  8%]   step 23020
[  8%]   step 23021
[  8%]   step 23022
[  8%]   step 23023
[  8%]   step 23024
[  8%]   step 23025
[  8%]   step 23026
[  8%]   step 23027
[  8%]   step 23028
[  8%]   step 23029
[  8%]   step 23030
[  8%]   step 23031
[  8%]   step 23032
[  8%]   step 23033
[  8%]   step 23034
[  8%]   step 23035
[  8%]   step 23036
[  8%]   step 23037
[  8%]   step 23038
[  8%]   step 23039
[  8%]   step 23040
[  8%]   step 23041
[  8%]   step 23042
[  8%]   step 23043
[  8%]   step 23044
[  8%]   step 23045
[  8%]   step 23046
[  8%]   step 23047
[  8%]   step 23048
[  8%]   step 23049
[  8%]   step 23050
[  8%]   step 23051
[  8%]   step 23052
[  8%]   step 23053
[  8%]   step 23054
[  8%]   step 23055
[  8%]   step 23056
[  8%]   step 23057
[  8%]   step 23058
[  8%]   step 23059
[  8%]   step 23060
[  8%]   step 23061
[  8%]   step 23062
[  8%]   step 23063
[  8%]   step 23064
[  8%]   step 23065
[  8%]   step 23066
[  8%]   step 23067
[  8%]   step 23068
[  8%]   step 23069
[  8%]   step 23070
[  8%]   step 23071
[  8%]   step 23072
[  8%]   step 23073
[  8%]   step 23074
[  8%]   step 23075
[  8%]   step 23076
[  8%]   step 23077
[  8%]   step 23078
[  8%]   step 23079
[  8%]   step 23080
[  8%]   step 23081
[  8%]   step 23082
[  8%]   step 23083
[  8%]   step 23084
[  8%]   step 23085
[  8%]   step 23086
[  8%]   step 23087
[  8%]   step 23088
[  8%]   step 23089
[  8%]   step 23090
[  8%]   step 23091
[  8%]   step 23092
[  8%]   step 23093
[  8%]   step 23094
+SWASH is processing output request    1
+SWASH is processing output request    2
[  8%]   step 23095
[  8%]   step 23096
[  8%]   step 23097
[  8%]   step 23098
[  8%]   step 23099
[  8%]   step 23100
[  8%]   step 23101
[  8%]   step 23102
[  8%]   step 23103
[  8%]   step 23104
[  8%]   step 23105
[  8%]   step 23106
[  8%]   step 23107
[  8%]   step 23108
[  8%]   step 23109
[  8%]   step 23110
[  8%]   step 23111
[  8%]   step 23112
[  8%]   step 23113
[  8%]   step 23114
[  8%]   step 23115
[  8%]   step 23116
[  8%]   step 23117
[  8%]   step 23118
[  8%]   step 23119
[  8%]   step 23120
[  8%]   step 23121
[  8%]   step 23122
[  8%]   step 23123
[  8%]   step 23124
[  8%]   step 23125
[  8%]   step 23126
[  8%]   step 23127
[  8%]   step 23128
[  8%]   step 23129
[  8%]   step 23130
[  8%]   step 23131
[  8%]   step 23132
[  8%]   step 23133
[  8%]   step 23134
[  8%]   step 23135
[  8%]   step 23136
[  8%]   step 23137
[  8%]   step 23138
[  8%]   step 23139
[  8%]   step 23140
[  8%]   step 23141
[  8%]   step 23142
[  8%]   step 23143
[  8%]   step 23144
[  8%]   step 23145
[  8%]   step 23146
[  8%]   step 23147
[  8%]   step 23148
[  8%]   step 23149
[  8%]   step 23150
[  8%]   step 23151
[  8%]   step 23152
[  8%]   step 23153
[  8%]   step 23154
[  8%]   step 23155
[  8%]   step 23156
[  8%]   step 23157
[  8%]   step 23158
[  8%]   step 23159
[  8%]   step 23160
[  8%]   step 23161
[  8%]   step 23162
[  8%]   step 23163
[  8%]   step 23164
[  8%]   step 23165
[  8%]   step 23166
[  8%]   step 23167
[  8%]   step 23168
[  8%]   step 23169
[  8%]   step 23170
[  8%]   step 23171
[  8%]   step 23172
[  8%]   step 23173
[  8%]   step 23174
[  8%]   step 23175
[  8%]   step 23176
[  8%]   step 23177
[  8%]   step 23178
[  8%]   step 23179
[  8%]   step 23180
[  8%]   step 23181
[  8%]   step 23182
[  8%]   step 23183
[  8%]   step 23184
[  8%]   step 23185
[  8%]   step 23186
[  8%]   step 23187
[  8%]   step 23188
[  8%]   step 23189
[  8%]   step 23190
[  8%]   step 23191
[  8%]   step 23192
[  8%]   step 23193
[  8%]   step 23194
[  8%]   step 23195
[  8%]   step 23196
[  8%]   step 23197
[  8%]   step 23198
[  8%]   step 23199
[  8%]   step 23200
[  8%]   step 23201
[  8%]   step 23202
[  8%]   step 23203
[  8%]   step 23204
[  8%]   step 23205
[  8%]   step 23206
[  8%]   step 23207
[  8%]   step 23208
[  8%]   step 23209
[  8%]   step 23210
[  8%]   step 23211
[  8%]   step 23212
[  8%]   step 23213
[  8%]   step 23214
[  8%]   step 23215
[  8%]   step 23216
[  8%]   step 23217
[  8%]   step 23218
[  8%]   step 23219
[  8%]   step 23220
[  8%]   step 23221
[  8%]   step 23222
[  8%]   step 23223
[  8%]   step 23224
[  8%]   step 23225
[  8%]   step 23226
[  8%]   step 23227
[  8%]   step 23228
[  8%]   step 23229
[  8%]   step 23230
[  8%]   step 23231
[  8%]   step 23232
[  8%]   step 23233
[  8%]   step 23234
[  8%]   step 23235
[  8%]   step 23236
[  8%]   step 23237
[  8%]   step 23238
[  8%]   step 23239
[  8%]   step 23240
[  8%]   step 23241
[  8%]   step 23242
[  8%]   step 23243
[  8%]   step 23244
[  8%]   step 23245
[  8%]   step 23246
[  8%]   step 23247
[  8%]   step 23248
[  8%]   step 23249
[  8%]   step 23250
[  8%]   step 23251
[  8%]   step 23252
[  8%]   step 23253
[  8%]   step 23254
[  8%]   step 23255
[  8%]   step 23256
[  8%]   step 23257
[  8%]   step 23258
[  8%]   step 23259
[  8%]   step 23260
[  8%]   step 23261
[  8%]   step 23262
[  8%]   step 23263
[  8%]   step 23264
[  8%]   step 23265
[  8%]   step 23266
[  8%]   step 23267
[  8%]   step 23268
[  8%]   step 23269
[  8%]   step 23270
[  8%]   step 23271
[  8%]   step 23272
[  8%]   step 23273
[  8%]   step 23274
[  8%]   step 23275
[  8%]   step 23276
[  8%]   step 23277
[  8%]   step 23278
[  8%]   step 23279
[  8%]   step 23280
[  8%]   step 23281
[  8%]   step 23282
[  8%]   step 23283
[  8%]   step 23284
[  8%]   step 23285
[  8%]   step 23286
[  8%]   step 23287
[  8%]   step 23288
[  8%]   step 23289
[  8%]   step 23290
[  8%]   step 23291
[  8%]   step 23292
[  8%]   step 23293
[  8%]   step 23294
[  8%]   step 23295
[  8%]   step 23296
[  8%]   step 23297
[  8%]   step 23298
[  8%]   step 23299
[  8%]   step 23300
[  8%]   step 23301
[  8%]   step 23302
[  8%]   step 23303
[  8%]   step 23304
[  8%]   step 23305
[  8%]   step 23306
[  8%]   step 23307
[  8%]   step 23308
[  8%]   step 23309
[  8%]   step 23310
[  8%]   step 23311
[  8%]   step 23312
[  8%]   step 23313
[  8%]   step 23314
[  8%]   step 23315
[  8%]   step 23316
[  8%]   step 23317
[  8%]   step 23318
[  8%]   step 23319
[  8%]   step 23320
[  8%]   step 23321
[  8%]   step 23322
[  8%]   step 23323
[  8%]   step 23324
[  8%]   step 23325
[  8%]   step 23326
[  8%]   step 23327
[  8%]   step 23328
[  8%]   step 23329
[  8%]   step 23330
[  8%]   step 23331
[  8%]   step 23332
[  8%]   step 23333
[  8%]   step 23334
[  8%]   step 23335
[  8%]   step 23336
[  8%]   step 23337
[  8%]   step 23338
[  8%]   step 23339
[  8%]   step 23340
[  8%]   step 23341
[  8%]   step 23342
[  8%]   step 23343
[  8%]   step 23344
[  8%]   step 23345
[  8%]   step 23346
[  8%]   step 23347
[  8%]   step 23348
[  8%]   step 23349
[  8%]   step 23350
[  8%]   step 23351
[  8%]   step 23352
[  8%]   step 23353
[  8%]   step 23354
[  8%]   step 23355
[  8%]   step 23356
[  8%]   step 23357
[  8%]   step 23358
[  8%]   step 23359
[  8%]   step 23360
[  8%]   step 23361
[  8%]   step 23362
[  8%]   step 23363
[  8%]   step 23364
[  8%]   step 23365
[  8%]   step 23366
[  8%]   step 23367
[  8%]   step 23368
[  8%]   step 23369
[  8%]   step 23370
[  8%]   step 23371
[  8%]   step 23372
[  8%]   step 23373
[  8%]   step 23374
[  8%]   step 23375
[  8%]   step 23376
[  8%]   step 23377
[  8%]   step 23378
[  8%]   step 23379
[  8%]   step 23380
[  8%]   step 23381
[  8%]   step 23382
[  8%]   step 23383
[  8%]   step 23384
[  8%]   step 23385
[  8%]   step 23386
[  8%]   step 23387
[  8%]   step 23388
[  8%]   step 23389
[  8%]   step 23390
[  8%]   step 23391
[  8%]   step 23392
[  8%]   step 23393
[  8%]   step 23394
[  8%]   step 23395
[  8%]   step 23396
[  8%]   step 23397
[  8%]   step 23398
[  8%]   step 23399
[  8%]   step 23400
[  8%]   step 23401
[  8%]   step 23402
[  8%]   step 23403
[  8%]   step 23404
[  8%]   step 23405
[  8%]   step 23406
[  8%]   step 23407
[  8%]   step 23408
[  8%]   step 23409
[  8%]   step 23410
[  8%]   step 23411
[  8%]   step 23412
[  8%]   step 23413
[  8%]   step 23414
[  8%]   step 23415
[  8%]   step 23416
[  8%]   step 23417
[  8%]   step 23418
[  8%]   step 23419
[  8%]   step 23420
[  8%]   step 23421
[  8%]   step 23422
[  8%]   step 23423
[  8%]   step 23424
[  8%]   step 23425
[  8%]   step 23426
[  8%]   step 23427
[  8%]   step 23428
[  8%]   step 23429
[  8%]   step 23430
[  8%]   step 23431
[  8%]   step 23432
[  8%]   step 23433
[  8%]   step 23434
[  8%]   step 23435
[  8%]   step 23436
[  8%]   step 23437
[  8%]   step 23438
[  8%]   step 23439
[  8%]   step 23440
[  8%]   step 23441
[  8%]   step 23442
[  8%]   step 23443
[  8%]   step 23444
[  8%]   step 23445
[  8%]   step 23446
[  8%]   step 23447
[  8%]   step 23448
[  8%]   step 23449
[  8%]   step 23450
[  8%]   step 23451
[  8%]   step 23452
[  8%]   step 23453
[  8%]   step 23454
[  8%]   step 23455
[  8%]   step 23456
[  8%]   step 23457
[  8%]   step 23458
[  8%]   step 23459
[  8%]   step 23460
[  8%]   step 23461
[  8%]   step 23462
[  8%]   step 23463
[  8%]   step 23464
[  8%]   step 23465
[  8%]   step 23466
[  8%]   step 23467
[  8%]   step 23468
[  8%]   step 23469
[  8%]   step 23470
[  8%]   step 23471
[  8%]   step 23472
[  8%]   step 23473
[  8%]   step 23474
[  8%]   step 23475
[  8%]   step 23476
[  8%]   step 23477
[  8%]   step 23478
[  8%]   step 23479
[  8%]   step 23480
[  8%]   step 23481
[  8%]   step 23482
[  8%]   step 23483
[  8%]   step 23484
[  8%]   step 23485
+SWASH is processing output request    1
+SWASH is processing output request    2
[  8%]   step 23486
[  8%]   step 23487
[  8%]   step 23488
[  8%]   step 23489
[  8%]   step 23490
[  8%]   step 23491
[  8%]   step 23492
[  8%]   step 23493
[  8%]   step 23494
[  8%]   step 23495
[  8%]   step 23496
[  8%]   step 23497
[  8%]   step 23498
[  8%]   step 23499
[  8%]   step 23500
[  8%]   step 23501
[  8%]   step 23502
[  8%]   step 23503
[  8%]   step 23504
[  8%]   step 23505
[  8%]   step 23506
[  8%]   step 23507
[  8%]   step 23508
[  8%]   step 23509
[  8%]   step 23510
[  8%]   step 23511
[  8%]   step 23512
[  8%]   step 23513
[  8%]   step 23514
[  8%]   step 23515
[  8%]   step 23516
[  8%]   step 23517
[  8%]   step 23518
[  8%]   step 23519
[  8%]   step 23520
[  8%]   step 23521
[  8%]   step 23522
[  8%]   step 23523
[  8%]   step 23524
[  8%]   step 23525
[  8%]   step 23526
[  8%]   step 23527
[  8%]   step 23528
[  8%]   step 23529
[  8%]   step 23530
[  8%]   step 23531
[  8%]   step 23532
[  8%]   step 23533
[  8%]   step 23534
[  8%]   step 23535
[  8%]   step 23536
[  8%]   step 23537
[  8%]   step 23538
[  8%]   step 23539
[  8%]   step 23540
[  8%]   step 23541
[  8%]   step 23542
[  8%]   step 23543
[  8%]   step 23544
[  8%]   step 23545
[  8%]   step 23546
[  8%]   step 23547
[  8%]   step 23548
[  8%]   step 23549
[  8%]   step 23550
[  8%]   step 23551
[  8%]   step 23552
[  8%]   step 23553
[  8%]   step 23554
[  8%]   step 23555
[  8%]   step 23556
[  8%]   step 23557
[  8%]   step 23558
[  8%]   step 23559
[  8%]   step 23560
[  8%]   step 23561
[  8%]   step 23562
[  8%]   step 23563
[  8%]   step 23564
[  8%]   step 23565
[  8%]   step 23566
[  8%]   step 23567
[  8%]   step 23568
[  8%]   step 23569
[  8%]   step 23570
[  8%]   step 23571
[  8%]   step 23572
[  8%]   step 23573
[  8%]   step 23574
[  8%]   step 23575
[  8%]   step 23576
[  8%]   step 23577
[  8%]   step 23578
[  8%]   step 23579
[  8%]   step 23580
[  8%]   step 23581
[  8%]   step 23582
[  8%]   step 23583
[  8%]   step 23584
[  8%]   step 23585
[  8%]   step 23586
[  8%]   step 23587
[  8%]   step 23588
[  8%]   step 23589
[  8%]   step 23590
[  8%]   step 23591
[  8%]   step 23592
[  8%]   step 23593
[  8%]   step 23594
[  8%]   step 23595
[  8%]   step 23596
[  8%]   step 23597
[  8%]   step 23598
[  8%]   step 23599
[  8%]   step 23600
[  8%]   step 23601
[  8%]   step 23602
[  8%]   step 23603
[  8%]   step 23604
[  8%]   step 23605
[  8%]   step 23606
[  8%]   step 23607
[  8%]   step 23608
[  8%]   step 23609
[  8%]   step 23610
[  8%]   step 23611
[  8%]   step 23612
[  8%]   step 23613
[  8%]   step 23614
[  8%]   step 23615
[  8%]   step 23616
[  8%]   step 23617
[  8%]   step 23618
[  8%]   step 23619
[  8%]   step 23620
[  8%]   step 23621
[  8%]   step 23622
[  8%]   step 23623
[  8%]   step 23624
[  8%]   step 23625
[  8%]   step 23626
[  8%]   step 23627
[  8%]   step 23628
[  8%]   step 23629
[  8%]   step 23630
[  8%]   step 23631
[  8%]   step 23632
[  8%]   step 23633
[  8%]   step 23634
[  8%]   step 23635
[  8%]   step 23636
[  8%]   step 23637
[  8%]   step 23638
[  8%]   step 23639
[  8%]   step 23640
[  8%]   step 23641
[  8%]   step 23642
[  8%]   step 23643
[  8%]   step 23644
[  8%]   step 23645
[  8%]   step 23646
[  8%]   step 23647
[  8%]   step 23648
[  8%]   step 23649
[  8%]   step 23650
[  8%]   step 23651
[  8%]   step 23652
[  8%]   step 23653
[  8%]   step 23654
[  8%]   step 23655
[  8%]   step 23656
[  8%]   step 23657
[  8%]   step 23658
[  8%]   step 23659
[  8%]   step 23660
[  8%]   step 23661
[  8%]   step 23662
[  8%]   step 23663
[  8%]   step 23664
[  8%]   step 23665
[  8%]   step 23666
[  8%]   step 23667
[  8%]   step 23668
[  8%]   step 23669
[  8%]   step 23670
[  8%]   step 23671
[  8%]   step 23672
[  8%]   step 23673
[  8%]   step 23674
[  8%]   step 23675
[  8%]   step 23676
[  8%]   step 23677
[  8%]   step 23678
[  8%]   step 23679
[  8%]   step 23680
[  8%]   step 23681
[  8%]   step 23682
[  8%]   step 23683
[  8%]   step 23684
[  8%]   step 23685
[  8%]   step 23686
[  8%]   step 23687
[  8%]   step 23688
[  8%]   step 23689
[  8%]   step 23690
[  8%]   step 23691
[  8%]   step 23692
[  8%]   step 23693
[  8%]   step 23694
[  8%]   step 23695
[  8%]   step 23696
[  8%]   step 23697
[  8%]   step 23698
[  8%]   step 23699
[  8%]   step 23700
[  8%]   step 23701
[  8%]   step 23702
[  8%]   step 23703
[  8%]   step 23704
[  8%]   step 23705
[  8%]   step 23706
[  8%]   step 23707
[  8%]   step 23708
[  8%]   step 23709
[  8%]   step 23710
[  8%]   step 23711
[  8%]   step 23712
[  8%]   step 23713
[  8%]   step 23714
[  8%]   step 23715
[  8%]   step 23716
[  8%]   step 23717
[  8%]   step 23718
[  8%]   step 23719
[  8%]   step 23720
[  8%]   step 23721
[  8%]   step 23722
[  8%]   step 23723
[  8%]   step 23724
[  8%]   step 23725
[  8%]   step 23726
[  8%]   step 23727
[  8%]   step 23728
[  8%]   step 23729
[  8%]   step 23730
[  8%]   step 23731
[  8%]   step 23732
[  8%]   step 23733
[  8%]   step 23734
[  8%]   step 23735
[  8%]   step 23736
[  8%]   step 23737
[  8%]   step 23738
[  8%]   step 23739
[  8%]   step 23740
[  8%]   step 23741
[  8%]   step 23742
[  8%]   step 23743
[  8%]   step 23744
[  8%]   step 23745
[  8%]   step 23746
[  8%]   step 23747
[  8%]   step 23748
[  8%]   step 23749
[  8%]   step 23750
[  8%]   step 23751
[  8%]   step 23752
[  8%]   step 23753
[  8%]   step 23754
[  8%]   step 23755
[  8%]   step 23756
[  8%]   step 23757
[  8%]   step 23758
[  8%]   step 23759
[  8%]   step 23760
[  8%]   step 23761
[  8%]   step 23762
[  8%]   step 23763
[  8%]   step 23764
[  8%]   step 23765
[  8%]   step 23766
[  8%]   step 23767
[  8%]   step 23768
[  8%]   step 23769
[  8%]   step 23770
[  8%]   step 23771
[  8%]   step 23772
[  8%]   step 23773
[  8%]   step 23774
[  8%]   step 23775
[  8%]   step 23776
[  8%]   step 23777
[  8%]   step 23778
[  8%]   step 23779
[  8%]   step 23780
[  8%]   step 23781
[  8%]   step 23782
[  8%]   step 23783
[  8%]   step 23784
[  8%]   step 23785
[  8%]   step 23786
[  8%]   step 23787
[  8%]   step 23788
[  8%]   step 23789
[  8%]   step 23790
[  8%]   step 23791
[  8%]   step 23792
[  8%]   step 23793
[  8%]   step 23794
[  8%]   step 23795
[  8%]   step 23796
[  8%]   step 23797
[  8%]   step 23798
[  8%]   step 23799
[  8%]   step 23800
[  8%]   step 23801
[  8%]   step 23802
[  8%]   step 23803
[  8%]   step 23804
[  8%]   step 23805
[  8%]   step 23806
[  8%]   step 23807
[  8%]   step 23808
[  8%]   step 23809
[  8%]   step 23810
[  8%]   step 23811
[  8%]   step 23812
[  8%]   step 23813
[  8%]   step 23814
[  8%]   step 23815
[  8%]   step 23816
[  8%]   step 23817
[  8%]   step 23818
[  8%]   step 23819
[  8%]   step 23820
[  8%]   step 23821
[  8%]   step 23822
[  8%]   step 23823
[  8%]   step 23824
[  8%]   step 23825
[  8%]   step 23826
[  8%]   step 23827
[  8%]   step 23828
[  8%]   step 23829
[  8%]   step 23830
[  8%]   step 23831
[  8%]   step 23832
[  8%]   step 23833
[  8%]   step 23834
[  8%]   step 23835
[  8%]   step 23836
[  8%]   step 23837
[  8%]   step 23838
[  8%]   step 23839
[  8%]   step 23840
[  8%]   step 23841
[  8%]   step 23842
[  8%]   step 23843
[  8%]   step 23844
[  8%]   step 23845
[  8%]   step 23846
[  8%]   step 23847
[  8%]   step 23848
[  8%]   step 23849
[  8%]   step 23850
[  8%]   step 23851
[  8%]   step 23852
[  8%]   step 23853
[  8%]   step 23854
[  8%]   step 23855
[  8%]   step 23856
[  8%]   step 23857
[  8%]   step 23858
[  8%]   step 23859
[  8%]   step 23860
[  8%]   step 23861
[  8%]   step 23862
[  8%]   step 23863
[  8%]   step 23864
[  8%]   step 23865
[  8%]   step 23866
[  8%]   step 23867
[  8%]   step 23868
[  8%]   step 23869
[  8%]   step 23870
[  8%]   step 23871
[  8%]   step 23872
[  8%]   step 23873
[  8%]   step 23874
[  8%]   step 23875
[  8%]   step 23876
[  8%]   step 23877
+SWASH is processing output request    1
+SWASH is processing output request    2
[  8%]   step 23878
[  8%]   step 23879
[  8%]   step 23880
[  8%]   step 23881
[  8%]   step 23882
[  8%]   step 23883
[  8%]   step 23884
[  8%]   step 23885
[  8%]   step 23886
[  8%]   step 23887
[  8%]   step 23888
[  8%]   step 23889
[  8%]   step 23890
[  8%]   step 23891
[  8%]   step 23892
[  8%]   step 23893
[  8%]   step 23894
[  8%]   step 23895
[  8%]   step 23896
[  8%]   step 23897
[  8%]   step 23898
[  8%]   step 23899
[  8%]   step 23900
[  8%]   step 23901
[  8%]   step 23902
[  8%]   step 23903
[  8%]   step 23904
[  8%]   step 23905
[  8%]   step 23906
[  8%]   step 23907
[  8%]   step 23908
[  8%]   step 23909
[  8%]   step 23910
[  8%]   step 23911
[  8%]   step 23912
[  8%]   step 23913
[  8%]   step 23914
[  8%]   step 23915
[  8%]   step 23916
[  8%]   step 23917
[  8%]   step 23918
[  8%]   step 23919
[  8%]   step 23920
[  8%]   step 23921
[  8%]   step 23922
[  8%]   step 23923
[  8%]   step 23924
[  8%]   step 23925
[  8%]   step 23926
[  8%]   step 23927
[  8%]   step 23928
[  8%]   step 23929
[  8%]   step 23930
[  8%]   step 23931
[  8%]   step 23932
[  8%]   step 23933
[  8%]   step 23934
[  8%]   step 23935
[  8%]   step 23936
[  8%]   step 23937
[  8%]   step 23938
[  8%]   step 23939
[  8%]   step 23940
[  8%]   step 23941
[  8%]   step 23942
[  8%]   step 23943
[  8%]   step 23944
[  8%]   step 23945
[  8%]   step 23946
[  8%]   step 23947
[  8%]   step 23948
[  8%]   step 23949
[  8%]   step 23950
[  8%]   step 23951
[  8%]   step 23952
[  8%]   step 23953
[  8%]   step 23954
[  8%]   step 23955
[  8%]   step 23956
[  8%]   step 23957
[  8%]   step 23958
[  8%]   step 23959
[  8%]   step 23960
[  8%]   step 23961
[  8%]   step 23962
[  8%]   step 23963
[  8%]   step 23964
[  8%]   step 23965
[  8%]   step 23966
[  8%]   step 23967
[  8%]   step 23968
[  8%]   step 23969
[  8%]   step 23970
[  8%]   step 23971
[  8%]   step 23972
[  8%]   step 23973
[  8%]   step 23974
[  8%]   step 23975
[  8%]   step 23976
[  8%]   step 23977
[  8%]   step 23978
[  8%]   step 23979
[  8%]   step 23980
[  8%]   step 23981
[  8%]   step 23982
[  8%]   step 23983
[  8%]   step 23984
[  8%]   step 23985
[  8%]   step 23986
[  8%]   step 23987
[  8%]   step 23988
[  8%]   step 23989
[  8%]   step 23990
[  8%]   step 23991
[  8%]   step 23992
[  8%]   step 23993
[  8%]   step 23994
[  8%]   step 23995
[  8%]   step 23996
[  8%]   step 23997
[  8%]   step 23998
[  8%]   step 23999
[  8%]   step 24000
[  8%]   step 24001
[  8%]   step 24002
[  8%]   step 24003
[  8%]   step 24004
[  8%]   step 24005
[  8%]   step 24006
[  8%]   step 24007
[  8%]   step 24008
[  8%]   step 24009
[  8%]   step 24010
[  8%]   step 24011
[  8%]   step 24012
[  8%]   step 24013
[  8%]   step 24014
[  8%]   step 24015
[  8%]   step 24016
[  8%]   step 24017
[  8%]   step 24018
[  8%]   step 24019
[  8%]   step 24020
[  8%]   step 24021
[  8%]   step 24022
[  8%]   step 24023
[  8%]   step 24024
[  8%]   step 24025
[  8%]   step 24026
[  8%]   step 24027
[  8%]   step 24028
[  8%]   step 24029
[  8%]   step 24030
[  8%]   step 24031
[  8%]   step 24032
[  8%]   step 24033
[  8%]   step 24034
[  8%]   step 24035
[  8%]   step 24036
[  8%]   step 24037
[  8%]   step 24038
[  8%]   step 24039
[  8%]   step 24040
[  8%]   step 24041
[  8%]   step 24042
[  8%]   step 24043
[  8%]   step 24044
[  8%]   step 24045
[  8%]   step 24046
[  8%]   step 24047
[  8%]   step 24048
[  8%]   step 24049
[  8%]   step 24050
[  8%]   step 24051
[  8%]   step 24052
[  8%]   step 24053
[  8%]   step 24054
[  8%]   step 24055
[  8%]   step 24056
[  8%]   step 24057
[  8%]   step 24058
[  8%]   step 24059
[  8%]   step 24060
[  8%]   step 24061
[  8%]   step 24062
[  8%]   step 24063
[  8%]   step 24064
[  8%]   step 24065
[  8%]   step 24066
[  8%]   step 24067
[  8%]   step 24068
[  8%]   step 24069
[  8%]   step 24070
[  8%]   step 24071
[  8%]   step 24072
[  8%]   step 24073
[  8%]   step 24074
[  8%]   step 24075
[  8%]   step 24076
[  8%]   step 24077
[  8%]   step 24078
[  8%]   step 24079
[  8%]   step 24080
[  8%]   step 24081
[  8%]   step 24082
[  8%]   step 24083
[  8%]   step 24084
[  8%]   step 24085
[  8%]   step 24086
[  8%]   step 24087
[  8%]   step 24088
[  8%]   step 24089
[  8%]   step 24090
[  8%]   step 24091
[  8%]   step 24092
[  8%]   step 24093
[  8%]   step 24094
[  8%]   step 24095
[  8%]   step 24096
[  8%]   step 24097
[  8%]   step 24098
[  8%]   step 24099
[  8%]   step 24100
[  8%]   step 24101
[  8%]   step 24102
[  8%]   step 24103
[  8%]   step 24104
[  8%]   step 24105
[  8%]   step 24106
[  8%]   step 24107
[  8%]   step 24108
[  8%]   step 24109
[  8%]   step 24110
[  8%]   step 24111
[  8%]   step 24112
[  8%]   step 24113
[  8%]   step 24114
[  8%]   step 24115
[  8%]   step 24116
[  8%]   step 24117
[  8%]   step 24118
[  8%]   step 24119
[  8%]   step 24120
[  8%]   step 24121
[  8%]   step 24122
[  8%]   step 24123
[  8%]   step 24124
[  8%]   step 24125
[  8%]   step 24126
[  8%]   step 24127
[  8%]   step 24128
[  8%]   step 24129
[  8%]   step 24130
[  8%]   step 24131
[  8%]   step 24132
[  8%]   step 24133
[  8%]   step 24134
[  8%]   step 24135
[  8%]   step 24136
[  8%]   step 24137
[  8%]   step 24138
[  8%]   step 24139
[  8%]   step 24140
[  8%]   step 24141
[  8%]   step 24142
[  8%]   step 24143
[  8%]   step 24144
[  8%]   step 24145
[  8%]   step 24146
[  8%]   step 24147
[  8%]   step 24148
[  8%]   step 24149
[  8%]   step 24150
[  8%]   step 24151
[  8%]   step 24152
[  8%]   step 24153
[  8%]   step 24154
[  8%]   step 24155
[  8%]   step 24156
[  8%]   step 24157
[  8%]   step 24158
[  8%]   step 24159
[  8%]   step 24160
[  8%]   step 24161
[  8%]   step 24162
[  8%]   step 24163
[  8%]   step 24164
[  8%]   step 24165
[  8%]   step 24166
[  8%]   step 24167
[  8%]   step 24168
[  8%]   step 24169
[  8%]   step 24170
[  8%]   step 24171
[  8%]   step 24172
[  8%]   step 24173
[  8%]   step 24174
[  8%]   step 24175
[  8%]   step 24176
[  8%]   step 24177
[  8%]   step 24178
[  8%]   step 24179
[  8%]   step 24180
[  8%]   step 24181
[  8%]   step 24182
[  8%]   step 24183
[  8%]   step 24184
[  8%]   step 24185
[  8%]   step 24186
[  8%]   step 24187
[  8%]   step 24188
[  8%]   step 24189
[  8%]   step 24190
[  8%]   step 24191
[  8%]   step 24192
[  8%]   step 24193
[  8%]   step 24194
[  8%]   step 24195
[  8%]   step 24196
[  8%]   step 24197
[  8%]   step 24198
[  8%]   step 24199
[  8%]   step 24200
[  8%]   step 24201
[  8%]   step 24202
[  8%]   step 24203
[  8%]   step 24204
[  8%]   step 24205
[  8%]   step 24206
[  8%]   step 24207
[  8%]   step 24208
[  8%]   step 24209
[  8%]   step 24210
[  8%]   step 24211
[  8%]   step 24212
[  8%]   step 24213
[  8%]   step 24214
[  8%]   step 24215
[  8%]   step 24216
[  8%]   step 24217
[  8%]   step 24218
[  8%]   step 24219
[  8%]   step 24220
[  8%]   step 24221
[  8%]   step 24222
[  8%]   step 24223
[  8%]   step 24224
[  8%]   step 24225
[  8%]   step 24226
[  8%]   step 24227
[  8%]   step 24228
[  8%]   step 24229
[  8%]   step 24230
[  8%]   step 24231
[  8%]   step 24232
[  8%]   step 24233
[  8%]   step 24234
[  8%]   step 24235
[  8%]   step 24236
[  8%]   step 24237
[  8%]   step 24238
[  8%]   step 24239
[  8%]   step 24240
[  8%]   step 24241
[  8%]   step 24242
[  8%]   step 24243
[  8%]   step 24244
[  8%]   step 24245
[  8%]   step 24246
[  8%]   step 24247
[  8%]   step 24248
[  8%]   step 24249
[  8%]   step 24250
[  8%]   step 24251
[  8%]   step 24252
[  8%]   step 24253
[  8%]   step 24254
[  8%]   step 24255
[  8%]   step 24256
[  8%]   step 24257
[  8%]   step 24258
[  8%]   step 24259
[  8%]   step 24260
[  8%]   step 24261
[  8%]   step 24262
[  8%]   step 24263
[  8%]   step 24264
[  8%]   step 24265
[  8%]   step 24266
[  8%]   step 24267
[  8%]   step 24268
+SWASH is processing output request    1
+SWASH is processing output request    2
[  8%]   step 24269
[  8%]   step 24270
[  8%]   step 24271
[  8%]   step 24272
[  8%]   step 24273
[  8%]   step 24274
[  8%]   step 24275
[  8%]   step 24276
[  8%]   step 24277
[  8%]   step 24278
[  8%]   step 24279
[  8%]   step 24280
[  8%]   step 24281
[  8%]   step 24282
[  8%]   step 24283
[  8%]   step 24284
[  8%]   step 24285
[  8%]   step 24286
[  8%]   step 24287
[  8%]   step 24288
[  8%]   step 24289
[  8%]   step 24290
[  8%]   step 24291
[  8%]   step 24292
[  8%]   step 24293
[  8%]   step 24294
[  8%]   step 24295
[  8%]   step 24296
[  8%]   step 24297
[  8%]   step 24298
[  8%]   step 24299
[  8%]   step 24300
[  8%]   step 24301
[  8%]   step 24302
[  8%]   step 24303
[  8%]   step 24304
[  8%]   step 24305
[  8%]   step 24306
[  8%]   step 24307
[  8%]   step 24308
[  8%]   step 24309
[  8%]   step 24310
[  8%]   step 24311
[  8%]   step 24312
[  8%]   step 24313
[  8%]   step 24314
[  8%]   step 24315
[  8%]   step 24316
[  8%]   step 24317
[  8%]   step 24318
[  8%]   step 24319
[  8%]   step 24320
[  8%]   step 24321
[  8%]   step 24322
[  8%]   step 24323
[  8%]   step 24324
[  8%]   step 24325
[  8%]   step 24326
[  8%]   step 24327
[  8%]   step 24328
[  8%]   step 24329
[  8%]   step 24330
[  8%]   step 24331
[  8%]   step 24332
[  8%]   step 24333
[  8%]   step 24334
[  8%]   step 24335
[  8%]   step 24336
[  8%]   step 24337
[  8%]   step 24338
[  8%]   step 24339
[  8%]   step 24340
[  8%]   step 24341
[  8%]   step 24342
[  8%]   step 24343
[  8%]   step 24344
[  8%]   step 24345
[  8%]   step 24346
[  8%]   step 24347
[  8%]   step 24348
[  8%]   step 24349
[  8%]   step 24350
[  8%]   step 24351
[  8%]   step 24352
[  8%]   step 24353
[  8%]   step 24354
[  8%]   step 24355
[  8%]   step 24356
[  8%]   step 24357
[  8%]   step 24358
[  8%]   step 24359
[  8%]   step 24360
[  8%]   step 24361
[  8%]   step 24362
[  8%]   step 24363
[  8%]   step 24364
[  8%]   step 24365
[  8%]   step 24366
[  8%]   step 24367
[  8%]   step 24368
[  8%]   step 24369
[  8%]   step 24370
[  8%]   step 24371
[  8%]   step 24372
[  8%]   step 24373
[  8%]   step 24374
[  8%]   step 24375
[  8%]   step 24376
[  8%]   step 24377
[  8%]   step 24378
[  8%]   step 24379
[  8%]   step 24380
[  8%]   step 24381
[  8%]   step 24382
[  8%]   step 24383
[  8%]   step 24384
[  8%]   step 24385
[  8%]   step 24386
[  8%]   step 24387
[  8%]   step 24388
[  8%]   step 24389
[  8%]   step 24390
[  8%]   step 24391
[  8%]   step 24392
[  8%]   step 24393
[  8%]   step 24394
[  8%]   step 24395
[  8%]   step 24396
[  8%]   step 24397
[  8%]   step 24398
[  8%]   step 24399
[  8%]   step 24400
[  8%]   step 24401
[  8%]   step 24402
[  8%]   step 24403
[  8%]   step 24404
[  8%]   step 24405
[  8%]   step 24406
[  8%]   step 24407
[  8%]   step 24408
[  8%]   step 24409
[  8%]   step 24410
[  8%]   step 24411
[  8%]   step 24412
[  8%]   step 24413
[  8%]   step 24414
[  8%]   step 24415
[  8%]   step 24416
[  8%]   step 24417
[  8%]   step 24418
[  8%]   step 24419
[  8%]   step 24420
[  8%]   step 24421
[  8%]   step 24422
[  8%]   step 24423
[  8%]   step 24424
[  8%]   step 24425
[  8%]   step 24426
[  8%]   step 24427
[  8%]   step 24428
[  8%]   step 24429
[  8%]   step 24430
[  8%]   step 24431
[  8%]   step 24432
[  8%]   step 24433
[  8%]   step 24434
[  8%]   step 24435
[  8%]   step 24436
[  8%]   step 24437
[  8%]   step 24438
[  8%]   step 24439
[  8%]   step 24440
[  8%]   step 24441
[  8%]   step 24442
[  8%]   step 24443
[  8%]   step 24444
[  8%]   step 24445
[  8%]   step 24446
[  8%]   step 24447
[  8%]   step 24448
[  8%]   step 24449
[  8%]   step 24450
[  8%]   step 24451
[  8%]   step 24452
[  8%]   step 24453
[  8%]   step 24454
[  8%]   step 24455
[  8%]   step 24456
[  8%]   step 24457
[  8%]   step 24458
[  8%]   step 24459
[  8%]   step 24460
[  8%]   step 24461
[  8%]   step 24462
[  8%]   step 24463
[  8%]   step 24464
[  8%]   step 24465
[  8%]   step 24466
[  8%]   step 24467
[  8%]   step 24468
[  8%]   step 24469
[  8%]   step 24470
[  8%]   step 24471
[  8%]   step 24472
[  8%]   step 24473
[  8%]   step 24474
[  8%]   step 24475
[  8%]   step 24476
[  8%]   step 24477
[  8%]   step 24478
[  8%]   step 24479
[  8%]   step 24480
[  8%]   step 24481
[  8%]   step 24482
[  8%]   step 24483
[  8%]   step 24484
[  8%]   step 24485
[  8%]   step 24486
[  8%]   step 24487
[  8%]   step 24488
[  8%]   step 24489
[  8%]   step 24490
[  8%]   step 24491
[  8%]   step 24492
[  8%]   step 24493
[  8%]   step 24494
[  8%]   step 24495
[  8%]   step 24496
[  8%]   step 24497
[  8%]   step 24498
[  8%]   step 24499
[  8%]   step 24500
[  8%]   step 24501
[  8%]   step 24502
[  8%]   step 24503
[  8%]   step 24504
[  8%]   step 24505
[  8%]   step 24506
[  8%]   step 24507
[  8%]   step 24508
[  8%]   step 24509
[  8%]   step 24510
[  8%]   step 24511
[  8%]   step 24512
[  8%]   step 24513
[  8%]   step 24514
[  8%]   step 24515
[  8%]   step 24516
[  8%]   step 24517
[  8%]   step 24518
[  8%]   step 24519
[  8%]   step 24520
[  8%]   step 24521
[  8%]   step 24522
[  8%]   step 24523
[  8%]   step 24524
[  8%]   step 24525
[  8%]   step 24526
[  8%]   step 24527
[  8%]   step 24528
[  8%]   step 24529
[  8%]   step 24530
[  8%]   step 24531
[  8%]   step 24532
[  8%]   step 24533
[  8%]   step 24534
[  8%]   step 24535
[  8%]   step 24536
[  8%]   step 24537
[  8%]   step 24538
[  8%]   step 24539
[  8%]   step 24540
[  8%]   step 24541
[  8%]   step 24542
[  8%]   step 24543
[  8%]   step 24544
[  8%]   step 24545
[  8%]   step 24546
[  8%]   step 24547
[  8%]   step 24548
[  8%]   step 24549
[  8%]   step 24550
[  8%]   step 24551
[  8%]   step 24552
[  8%]   step 24553
[  8%]   step 24554
[  8%]   step 24555
[  8%]   step 24556
[  8%]   step 24557
[  8%]   step 24558
[  8%]   step 24559
[  8%]   step 24560
[  8%]   step 24561
[  8%]   step 24562
[  8%]   step 24563
[  8%]   step 24564
[  8%]   step 24565
[  8%]   step 24566
[  8%]   step 24567
[  8%]   step 24568
[  8%]   step 24569
[  8%]   step 24570
[  8%]   step 24571
[  8%]   step 24572
[  8%]   step 24573
[  8%]   step 24574
[  8%]   step 24575
[  8%]   step 24576
[  8%]   step 24577
[  8%]   step 24578
[  8%]   step 24579
[  8%]   step 24580
[  8%]   step 24581
[  8%]   step 24582
[  8%]   step 24583
[  8%]   step 24584
[  8%]   step 24585
[  8%]   step 24586
[  8%]   step 24587
[  8%]   step 24588
[  8%]   step 24589
[  8%]   step 24590
[  8%]   step 24591
[  8%]   step 24592
[  8%]   step 24593
[  8%]   step 24594
[  8%]   step 24595
[  8%]   step 24596
[  8%]   step 24597
[  8%]   step 24598
[  8%]   step 24599
[  8%]   step 24600
[  8%]   step 24601
[  8%]   step 24602
[  8%]   step 24603
[  8%]   step 24604
[  8%]   step 24605
[  8%]   step 24606
[  8%]   step 24607
[  8%]   step 24608
[  8%]   step 24609
[  8%]   step 24610
[  8%]   step 24611
[  8%]   step 24612
[  8%]   step 24613
[  8%]   step 24614
[  8%]   step 24615
[  8%]   step 24616
[  8%]   step 24617
[  8%]   step 24618
[  8%]   step 24619
[  8%]   step 24620
[  8%]   step 24621
[  8%]   step 24622
[  8%]   step 24623
[  8%]   step 24624
[  8%]   step 24625
[  8%]   step 24626
[  8%]   step 24627
[  8%]   step 24628
[  8%]   step 24629
[  8%]   step 24630
[  8%]   step 24631
[  8%]   step 24632
[  8%]   step 24633
[  8%]   step 24634
[  8%]   step 24635
[  8%]   step 24636
[  8%]   step 24637
[  8%]   step 24638
[  8%]   step 24639
[  8%]   step 24640
[  8%]   step 24641
[  8%]   step 24642
[  8%]   step 24643
[  8%]   step 24644
[  8%]   step 24645
[  8%]   step 24646
[  8%]   step 24647
[  8%]   step 24648
[  8%]   step 24649
[  8%]   step 24650
[  8%]   step 24651
[  8%]   step 24652
[  8%]   step 24653
[  8%]   step 24654
[  8%]   step 24655
[  8%]   step 24656
[  8%]   step 24657
[  8%]   step 24658
[  8%]   step 24659
[  8%]   step 24660
+SWASH is processing output request    1
+SWASH is processing output request    2
[  8%]   step 24661
[  8%]   step 24662
[  8%]   step 24663
[  8%]   step 24664
[  8%]   step 24665
[  8%]   step 24666
[  8%]   step 24667
[  8%]   step 24668
[  8%]   step 24669
[  8%]   step 24670
[  8%]   step 24671
[  8%]   step 24672
[  8%]   step 24673
[  8%]   step 24674
[  8%]   step 24675
[  8%]   step 24676
[  8%]   step 24677
[  8%]   step 24678
[  8%]   step 24679
[  8%]   step 24680
[  8%]   step 24681
[  8%]   step 24682
[  8%]   step 24683
[  8%]   step 24684
[  8%]   step 24685
[  8%]   step 24686
[  8%]   step 24687
[  8%]   step 24688
[  8%]   step 24689
[  8%]   step 24690
[  8%]   step 24691
[  8%]   step 24692
[  8%]   step 24693
[  8%]   step 24694
[  8%]   step 24695
[  8%]   step 24696
[  8%]   step 24697
[  8%]   step 24698
[  8%]   step 24699
[  8%]   step 24700
[  8%]   step 24701
[  8%]   step 24702
[  8%]   step 24703
[  8%]   step 24704
[  8%]   step 24705
[  8%]   step 24706
[  8%]   step 24707
[  8%]   step 24708
[  8%]   step 24709
[  8%]   step 24710
[  8%]   step 24711
[  8%]   step 24712
[  8%]   step 24713
[  8%]   step 24714
[  8%]   step 24715
[  8%]   step 24716
[  8%]   step 24717
[  8%]   step 24718
[  8%]   step 24719
[  8%]   step 24720
[  8%]   step 24721
[  8%]   step 24722
[  8%]   step 24723
[  8%]   step 24724
[  8%]   step 24725
[  8%]   step 24726
[  8%]   step 24727
[  8%]   step 24728
[  8%]   step 24729
[  8%]   step 24730
[  8%]   step 24731
[  8%]   step 24732
[  8%]   step 24733
[  8%]   step 24734
[  8%]   step 24735
[  8%]   step 24736
[  8%]   step 24737
[  8%]   step 24738
[  8%]   step 24739
[  8%]   step 24740
[  8%]   step 24741
[  8%]   step 24742
[  8%]   step 24743
[  8%]   step 24744
[  8%]   step 24745
[  8%]   step 24746
[  8%]   step 24747
[  8%]   step 24748
[  8%]   step 24749
[  8%]   step 24750
[  8%]   step 24751
[  8%]   step 24752
[  8%]   step 24753
[  8%]   step 24754
[  8%]   step 24755
[  8%]   step 24756
[  8%]   step 24757
[  8%]   step 24758
[  8%]   step 24759
[  8%]   step 24760
[  8%]   step 24761
[  8%]   step 24762
[  8%]   step 24763
[  8%]   step 24764
[  8%]   step 24765
[  8%]   step 24766
[  8%]   step 24767
[  8%]   step 24768
[  8%]   step 24769
[  8%]   step 24770
[  8%]   step 24771
[  8%]   step 24772
[  8%]   step 24773
[  8%]   step 24774
[  8%]   step 24775
[  8%]   step 24776
[  8%]   step 24777
[  8%]   step 24778
[  8%]   step 24779
[  8%]   step 24780
[  8%]   step 24781
[  8%]   step 24782
[  8%]   step 24783
[  8%]   step 24784
[  8%]   step 24785
[  8%]   step 24786
[  8%]   step 24787
[  8%]   step 24788
[  8%]   step 24789
[  8%]   step 24790
[  8%]   step 24791
[  8%]   step 24792
[  8%]   step 24793
[  8%]   step 24794
[  8%]   step 24795
[  8%]   step 24796
[  8%]   step 24797
[  8%]   step 24798
[  8%]   step 24799
[  8%]   step 24800
[  8%]   step 24801
[  8%]   step 24802
[  8%]   step 24803
[  8%]   step 24804
[  8%]   step 24805
[  8%]   step 24806
[  8%]   step 24807
[  8%]   step 24808
[  8%]   step 24809
[  8%]   step 24810
[  8%]   step 24811
[  8%]   step 24812
[  8%]   step 24813
[  8%]   step 24814
[  8%]   step 24815
[  8%]   step 24816
[  8%]   step 24817
[  8%]   step 24818
[  8%]   step 24819
[  8%]   step 24820
[  8%]   step 24821
[  8%]   step 24822
[  8%]   step 24823
[  8%]   step 24824
[  8%]   step 24825
[  8%]   step 24826
[  8%]   step 24827
[  8%]   step 24828
[  8%]   step 24829
[  8%]   step 24830
[  8%]   step 24831
[  8%]   step 24832
[  8%]   step 24833
[  8%]   step 24834
[  8%]   step 24835
[  8%]   step 24836
[  8%]   step 24837
[  8%]   step 24838
[  8%]   step 24839
[  8%]   step 24840
[  8%]   step 24841
[  8%]   step 24842
[  8%]   step 24843
[  8%]   step 24844
[  8%]   step 24845
[  8%]   step 24846
[  8%]   step 24847
[  8%]   step 24848
[  8%]   step 24849
[  8%]   step 24850
[  8%]   step 24851
[  8%]   step 24852
[  8%]   step 24853
[  8%]   step 24854
[  8%]   step 24855
[  8%]   step 24856
[  8%]   step 24857
[  8%]   step 24858
[  8%]   step 24859
[  8%]   step 24860
[  8%]   step 24861
[  8%]   step 24862
[  8%]   step 24863
[  8%]   step 24864
[  8%]   step 24865
[  8%]   step 24866
[  8%]   step 24867
[  8%]   step 24868
[  8%]   step 24869
[  8%]   step 24870
[  8%]   step 24871
[  8%]   step 24872
[  8%]   step 24873
[  8%]   step 24874
[  8%]   step 24875
[  8%]   step 24876
[  8%]   step 24877
[  8%]   step 24878
[  8%]   step 24879
[  8%]   step 24880
[  8%]   step 24881
[  8%]   step 24882
[  8%]   step 24883
[  8%]   step 24884
[  8%]   step 24885
[  8%]   step 24886
[  8%]   step 24887
[  8%]   step 24888
[  8%]   step 24889
[  8%]   step 24890
[  8%]   step 24891
[  8%]   step 24892
[  8%]   step 24893
[  8%]   step 24894
[  8%]   step 24895
[  8%]   step 24896
[  8%]   step 24897
[  8%]   step 24898
[  8%]   step 24899
[  8%]   step 24900
[  8%]   step 24901
[  8%]   step 24902
[  8%]   step 24903
[  8%]   step 24904
[  8%]   step 24905
[  8%]   step 24906
[  8%]   step 24907
[  8%]   step 24908
[  8%]   step 24909
[  8%]   step 24910
[  8%]   step 24911
[  8%]   step 24912
[  8%]   step 24913
[  8%]   step 24914
[  8%]   step 24915
[  8%]   step 24916
[  8%]   step 24917
[  8%]   step 24918
[  8%]   step 24919
[  8%]   step 24920
[  8%]   step 24921
[  8%]   step 24922
[  8%]   step 24923
[  8%]   step 24924
[  8%]   step 24925
[  8%]   step 24926
[  8%]   step 24927
[  8%]   step 24928
[  8%]   step 24929
[  8%]   step 24930
[  8%]   step 24931
[  8%]   step 24932
[  8%]   step 24933
[  8%]   step 24934
[  8%]   step 24935
[  8%]   step 24936
[  8%]   step 24937
[  8%]   step 24938
[  8%]   step 24939
[  8%]   step 24940
[  8%]   step 24941
[  8%]   step 24942
[  8%]   step 24943
[  8%]   step 24944
[  8%]   step 24945
[  8%]   step 24946
[  8%]   step 24947
[  8%]   step 24948
[  8%]   step 24949
[  8%]   step 24950
[  8%]   step 24951
[  8%]   step 24952
[  8%]   step 24953
[  8%]   step 24954
[  8%]   step 24955
[  8%]   step 24956
[  8%]   step 24957
[  8%]   step 24958
[  8%]   step 24959
[  8%]   step 24960
[  8%]   step 24961
[  8%]   step 24962
[  8%]   step 24963
[  8%]   step 24964
[  8%]   step 24965
[  8%]   step 24966
[  8%]   step 24967
[  8%]   step 24968
[  8%]   step 24969
[  8%]   step 24970
[  8%]   step 24971
[  8%]   step 24972
[  8%]   step 24973
[  8%]   step 24974
[  8%]   step 24975
[  8%]   step 24976
[  8%]   step 24977
[  8%]   step 24978
[  8%]   step 24979
[  8%]   step 24980
[  8%]   step 24981
[  8%]   step 24982
[  8%]   step 24983
[  8%]   step 24984
[  8%]   step 24985
[  8%]   step 24986
[  8%]   step 24987
[  8%]   step 24988
[  8%]   step 24989
[  8%]   step 24990
[  8%]   step 24991
[  8%]   step 24992
[  8%]   step 24993
[  8%]   step 24994
[  8%]   step 24995
[  8%]   step 24996
[  8%]   step 24997
[  8%]   step 24998
[  8%]   step 24999
[  8%]   step 25000
[  8%]   step 25001
[  8%]   step 25002
[  8%]   step 25003
[  8%]   step 25004
[  8%]   step 25005
[  8%]   step 25006
[  8%]   step 25007
[  8%]   step 25008
[  8%]   step 25009
[  8%]   step 25010
[  8%]   step 25011
[  8%]   step 25012
[  8%]   step 25013
[  8%]   step 25014
[  8%]   step 25015
[  8%]   step 25016
[  8%]   step 25017
[  8%]   step 25018
[  8%]   step 25019
[  8%]   step 25020
[  8%]   step 25021
[  8%]   step 25022
[  8%]   step 25023
[  8%]   step 25024
[  8%]   step 25025
[  8%]   step 25026
[  8%]   step 25027
[  8%]   step 25028
[  8%]   step 25029
[  8%]   step 25030
[  8%]   step 25031
[  8%]   step 25032
[  8%]   step 25033
[  8%]   step 25034
[  8%]   step 25035
[  8%]   step 25036
[  8%]   step 25037
[  8%]   step 25038
[  8%]   step 25039
[  8%]   step 25040
[  8%]   step 25041
[  8%]   step 25042
[  8%]   step 25043
[  8%]   step 25044
[  8%]   step 25045
[  8%]   step 25046
[  8%]   step 25047
[  8%]   step 25048
[  8%]   step 25049
[  8%]   step 25050
[  8%]   step 25051
+SWASH is processing output request    1
+SWASH is processing output request    2
[  8%]   step 25052
[  8%]   step 25053
[  8%]   step 25054
[  8%]   step 25055
[  8%]   step 25056
[  8%]   step 25057
[  8%]   step 25058
[  8%]   step 25059
[  8%]   step 25060
[  8%]   step 25061
[  8%]   step 25062
[  8%]   step 25063
[  8%]   step 25064
[  8%]   step 25065
[  8%]   step 25066
[  8%]   step 25067
[  8%]   step 25068
[  8%]   step 25069
[  8%]   step 25070
[  8%]   step 25071
[  8%]   step 25072
[  8%]   step 25073
[  8%]   step 25074
[  8%]   step 25075
[  8%]   step 25076
[  8%]   step 25077
[  8%]   step 25078
[  8%]   step 25079
[  8%]   step 25080
[  8%]   step 25081
[  8%]   step 25082
[  8%]   step 25083
[  8%]   step 25084
[  8%]   step 25085
[  8%]   step 25086
[  8%]   step 25087
[  8%]   step 25088
[  8%]   step 25089
[  8%]   step 25090
[  8%]   step 25091
[  8%]   step 25092
[  8%]   step 25093
[  8%]   step 25094
[  8%]   step 25095
[  8%]   step 25096
[  8%]   step 25097
[  8%]   step 25098
[  8%]   step 25099
[  8%]   step 25100
[  8%]   step 25101
[  8%]   step 25102
[  8%]   step 25103
[  8%]   step 25104
[  8%]   step 25105
[  8%]   step 25106
[  8%]   step 25107
[  8%]   step 25108
[  8%]   step 25109
[  8%]   step 25110
[  8%]   step 25111
[  8%]   step 25112
[  8%]   step 25113
[  8%]   step 25114
[  8%]   step 25115
[  8%]   step 25116
[  8%]   step 25117
[  8%]   step 25118
[  8%]   step 25119
[  8%]   step 25120
[  8%]   step 25121
[  8%]   step 25122
[  8%]   step 25123
[  8%]   step 25124
[  8%]   step 25125
[  8%]   step 25126
[  8%]   step 25127
[  8%]   step 25128
[  8%]   step 25129
[  8%]   step 25130
[  8%]   step 25131
[  8%]   step 25132
[  8%]   step 25133
[  8%]   step 25134
[  8%]   step 25135
[  8%]   step 25136
[  8%]   step 25137
[  8%]   step 25138
[  8%]   step 25139
[  8%]   step 25140
[  8%]   step 25141
[  8%]   step 25142
[  8%]   step 25143
[  8%]   step 25144
[  8%]   step 25145
[  8%]   step 25146
[  8%]   step 25147
[  8%]   step 25148
[  8%]   step 25149
[  8%]   step 25150
[  8%]   step 25151
[  8%]   step 25152
[  8%]   step 25153
[  8%]   step 25154
[  8%]   step 25155
[  8%]   step 25156
[  8%]   step 25157
[  8%]   step 25158
[  8%]   step 25159
[  8%]   step 25160
[  8%]   step 25161
[  8%]   step 25162
[  8%]   step 25163
[  8%]   step 25164
[  8%]   step 25165
[  8%]   step 25166
[  8%]   step 25167
[  8%]   step 25168
[  8%]   step 25169
[  8%]   step 25170
[  8%]   step 25171
[  8%]   step 25172
[  8%]   step 25173
[  8%]   step 25174
[  8%]   step 25175
[  8%]   step 25176
[  8%]   step 25177
[  8%]   step 25178
[  8%]   step 25179
[  8%]   step 25180
[  8%]   step 25181
[  8%]   step 25182
[  8%]   step 25183
[  8%]   step 25184
[  8%]   step 25185
[  8%]   step 25186
[  8%]   step 25187
[  8%]   step 25188
[  8%]   step 25189
[  8%]   step 25190
[  8%]   step 25191
[  8%]   step 25192
[  8%]   step 25193
[  8%]   step 25194
[  8%]   step 25195
[  8%]   step 25196
[  8%]   step 25197
[  8%]   step 25198
[  8%]   step 25199
[  8%]   step 25200
[  8%]   step 25201
[  8%]   step 25202
[  8%]   step 25203
[  8%]   step 25204
[  8%]   step 25205
[  8%]   step 25206
[  8%]   step 25207
[  8%]   step 25208
[  8%]   step 25209
[  8%]   step 25210
[  8%]   step 25211
[  8%]   step 25212
[  8%]   step 25213
[  8%]   step 25214
[  8%]   step 25215
[  8%]   step 25216
[  8%]   step 25217
[  8%]   step 25218
[  8%]   step 25219
[  8%]   step 25220
[  8%]   step 25221
[  8%]   step 25222
[  8%]   step 25223
[  8%]   step 25224
[  8%]   step 25225
[  8%]   step 25226
[  8%]   step 25227
[  8%]   step 25228
[  8%]   step 25229
[  8%]   step 25230
[  8%]   step 25231
[  8%]   step 25232
[  8%]   step 25233
[  8%]   step 25234
[  8%]   step 25235
[  8%]   step 25236
[  8%]   step 25237
[  8%]   step 25238
[  8%]   step 25239
[  8%]   step 25240
[  8%]   step 25241
[  8%]   step 25242
[  8%]   step 25243
[  8%]   step 25244
[  8%]   step 25245
[  8%]   step 25246
[  8%]   step 25247
[  8%]   step 25248
[  8%]   step 25249
[  8%]   step 25250
[  8%]   step 25251
[  8%]   step 25252
[  8%]   step 25253
[  8%]   step 25254
[  8%]   step 25255
[  8%]   step 25256
[  8%]   step 25257
[  8%]   step 25258
[  8%]   step 25259
[  8%]   step 25260
[  8%]   step 25261
[  8%]   step 25262
[  8%]   step 25263
[  8%]   step 25264
[  8%]   step 25265
[  8%]   step 25266
[  8%]   step 25267
[  8%]   step 25268
[  8%]   step 25269
[  8%]   step 25270
[  8%]   step 25271
[  8%]   step 25272
[  8%]   step 25273
[  8%]   step 25274
[  8%]   step 25275
[  8%]   step 25276
[  8%]   step 25277
[  8%]   step 25278
[  8%]   step 25279
[  8%]   step 25280
[  8%]   step 25281
[  8%]   step 25282
[  8%]   step 25283
[  8%]   step 25284
[  8%]   step 25285
[  8%]   step 25286
[  8%]   step 25287
[  8%]   step 25288
[  8%]   step 25289
[  8%]   step 25290
[  8%]   step 25291
[  8%]   step 25292
[  8%]   step 25293
[  8%]   step 25294
[  8%]   step 25295
[  8%]   step 25296
[  8%]   step 25297
[  8%]   step 25298
[  8%]   step 25299
[  8%]   step 25300
[  8%]   step 25301
[  8%]   step 25302
[  8%]   step 25303
[  8%]   step 25304
[  8%]   step 25305
[  8%]   step 25306
[  8%]   step 25307
[  8%]   step 25308
[  8%]   step 25309
[  8%]   step 25310
[  8%]   step 25311
[  8%]   step 25312
[  8%]   step 25313
[  8%]   step 25314
[  8%]   step 25315
[  8%]   step 25316
[  8%]   step 25317
[  8%]   step 25318
[  8%]   step 25319
[  8%]   step 25320
[  8%]   step 25321
[  8%]   step 25322
[  8%]   step 25323
[  8%]   step 25324
[  8%]   step 25325
[  8%]   step 25326
[  8%]   step 25327
[  8%]   step 25328
[  8%]   step 25329
[  8%]   step 25330
[  8%]   step 25331
[  8%]   step 25332
[  8%]   step 25333
[  8%]   step 25334
[  8%]   step 25335
[  8%]   step 25336
[  8%]   step 25337
[  8%]   step 25338
[  8%]   step 25339
[  8%]   step 25340
[  8%]   step 25341
[  8%]   step 25342
[  8%]   step 25343
[  8%]   step 25344
[  8%]   step 25345
[  8%]   step 25346
[  8%]   step 25347
[  8%]   step 25348
[  8%]   step 25349
[  8%]   step 25350
[  8%]   step 25351
[  8%]   step 25352
[  8%]   step 25353
[  8%]   step 25354
[  8%]   step 25355
[  8%]   step 25356
[  8%]   step 25357
[  8%]   step 25358
[  8%]   step 25359
[  8%]   step 25360
[  8%]   step 25361
[  8%]   step 25362
[  8%]   step 25363
[  8%]   step 25364
[  8%]   step 25365
[  8%]   step 25366
[  8%]   step 25367
[  8%]   step 25368
[  8%]   step 25369
[  8%]   step 25370
[  8%]   step 25371
[  8%]   step 25372
[  8%]   step 25373
[  8%]   step 25374
[  8%]   step 25375
[  8%]   step 25376
[  8%]   step 25377
[  8%]   step 25378
[  8%]   step 25379
[  8%]   step 25380
[  8%]   step 25381
[  8%]   step 25382
[  8%]   step 25383
[  8%]   step 25384
[  8%]   step 25385
[  8%]   step 25386
[  8%]   step 25387
[  8%]   step 25388
[  8%]   step 25389
[  8%]   step 25390
[  8%]   step 25391
[  8%]   step 25392
[  8%]   step 25393
[  8%]   step 25394
[  8%]   step 25395
[  8%]   step 25396
[  8%]   step 25397
[  8%]   step 25398
[  8%]   step 25399
[  8%]   step 25400
[  8%]   step 25401
[  8%]   step 25402
[  8%]   step 25403
[  8%]   step 25404
[  8%]   step 25405
[  8%]   step 25406
[  8%]   step 25407
[  8%]   step 25408
[  8%]   step 25409
[  8%]   step 25410
[  8%]   step 25411
[  8%]   step 25412
[  8%]   step 25413
[  8%]   step 25414
[  8%]   step 25415
[  8%]   step 25416
[  8%]   step 25417
[  8%]   step 25418
[  8%]   step 25419
[  8%]   step 25420
[  8%]   step 25421
[  8%]   step 25422
[  8%]   step 25423
[  8%]   step 25424
[  8%]   step 25425
[  8%]   step 25426
[  8%]   step 25427
[  8%]   step 25428
[  8%]   step 25429
[  8%]   step 25430
[  8%]   step 25431
[  8%]   step 25432
[  8%]   step 25433
[  8%]   step 25434
[  8%]   step 25435
[  8%]   step 25436
[  8%]   step 25437
[  8%]   step 25438
[  8%]   step 25439
[  8%]   step 25440
[  8%]   step 25441
[  8%]   step 25442
+SWASH is processing output request    1
+SWASH is processing output request    2
[  8%]   step 25443
[  8%]   step 25444
[  8%]   step 25445
[  8%]   step 25446
[  8%]   step 25447
[  8%]   step 25448
[  8%]   step 25449
[  8%]   step 25450
[  8%]   step 25451
[  8%]   step 25452
[  8%]   step 25453
[  8%]   step 25454
[  8%]   step 25455
[  8%]   step 25456
[  8%]   step 25457
[  8%]   step 25458
[  8%]   step 25459
[  8%]   step 25460
[  8%]   step 25461
[  8%]   step 25462
[  8%]   step 25463
[  8%]   step 25464
[  8%]   step 25465
[  8%]   step 25466
[  8%]   step 25467
[  8%]   step 25468
[  8%]   step 25469
[  8%]   step 25470
[  8%]   step 25471
[  8%]   step 25472
[  8%]   step 25473
[  8%]   step 25474
[  8%]   step 25475
[  8%]   step 25476
[  8%]   step 25477
[  8%]   step 25478
[  8%]   step 25479
[  8%]   step 25480
[  8%]   step 25481
[  8%]   step 25482
[  8%]   step 25483
[  8%]   step 25484
[  8%]   step 25485
[  8%]   step 25486
[  8%]   step 25487
[  8%]   step 25488
[  8%]   step 25489
[  8%]   step 25490
[  8%]   step 25491
[  8%]   step 25492
[  8%]   step 25493
[  8%]   step 25494
[  8%]   step 25495
[  8%]   step 25496
[  8%]   step 25497
[  8%]   step 25498
[  8%]   step 25499
[  8%]   step 25500
[  8%]   step 25501
[  8%]   step 25502
[  8%]   step 25503
[  8%]   step 25504
[  8%]   step 25505
[  8%]   step 25506
[  8%]   step 25507
[  8%]   step 25508
[  8%]   step 25509
[  8%]   step 25510
[  8%]   step 25511
[  8%]   step 25512
[  8%]   step 25513
[  8%]   step 25514
[  8%]   step 25515
[  8%]   step 25516
[  8%]   step 25517
[  8%]   step 25518
[  8%]   step 25519
[  8%]   step 25520
[  8%]   step 25521
[  8%]   step 25522
[  8%]   step 25523
[  8%]   step 25524
[  8%]   step 25525
[  8%]   step 25526
[  8%]   step 25527
[  8%]   step 25528
[  8%]   step 25529
[  8%]   step 25530
[  8%]   step 25531
[  8%]   step 25532
[  8%]   step 25533
[  8%]   step 25534
[  8%]   step 25535
[  8%]   step 25536
[  8%]   step 25537
[  8%]   step 25538
[  8%]   step 25539
[  8%]   step 25540
[  8%]   step 25541
[  8%]   step 25542
[  8%]   step 25543
[  8%]   step 25544
[  8%]   step 25545
[  8%]   step 25546
[  8%]   step 25547
[  8%]   step 25548
[  8%]   step 25549
[  8%]   step 25550
[  8%]   step 25551
[  8%]   step 25552
[  8%]   step 25553
[  8%]   step 25554
[  8%]   step 25555
[  8%]   step 25556
[  8%]   step 25557
[  8%]   step 25558
[  8%]   step 25559
[  8%]   step 25560
[  8%]   step 25561
[  8%]   step 25562
[  8%]   step 25563
[  8%]   step 25564
[  8%]   step 25565
[  8%]   step 25566
[  8%]   step 25567
[  8%]   step 25568
[  8%]   step 25569
[  8%]   step 25570
[  8%]   step 25571
[  8%]   step 25572
[  8%]   step 25573
[  8%]   step 25574
[  8%]   step 25575
[  8%]   step 25576
[  8%]   step 25577
[  8%]   step 25578
[  8%]   step 25579
[  8%]   step 25580
[  8%]   step 25581
[  8%]   step 25582
[  8%]   step 25583
[  8%]   step 25584
[  8%]   step 25585
[  8%]   step 25586
[  8%]   step 25587
[  8%]   step 25588
[  8%]   step 25589
[  8%]   step 25590
[  8%]   step 25591
[  8%]   step 25592
[  8%]   step 25593
[  8%]   step 25594
[  8%]   step 25595
[  8%]   step 25596
[  8%]   step 25597
[  8%]   step 25598
[  8%]   step 25599
[  8%]   step 25600
[  8%]   step 25601
[  8%]   step 25602
[  8%]   step 25603
[  8%]   step 25604
[  8%]   step 25605
[  8%]   step 25606
[  8%]   step 25607
[  8%]   step 25608
[  8%]   step 25609
[  8%]   step 25610
[  8%]   step 25611
[  8%]   step 25612
[  8%]   step 25613
[  8%]   step 25614
[  8%]   step 25615
[  8%]   step 25616
[  8%]   step 25617
[  8%]   step 25618
[  8%]   step 25619
[  8%]   step 25620
[  8%]   step 25621
[  8%]   step 25622
[  8%]   step 25623
[  8%]   step 25624
[  8%]   step 25625
[  8%]   step 25626
[  8%]   step 25627
[  8%]   step 25628
[  8%]   step 25629
[  8%]   step 25630
[  8%]   step 25631
[  8%]   step 25632
[  8%]   step 25633
[  8%]   step 25634
[  8%]   step 25635
[  8%]   step 25636
[  8%]   step 25637
[  8%]   step 25638
[  8%]   step 25639
[  8%]   step 25640
[  8%]   step 25641
[  8%]   step 25642
[  8%]   step 25643
[  8%]   step 25644
[  8%]   step 25645
[  8%]   step 25646
[  8%]   step 25647
[  8%]   step 25648
[  8%]   step 25649
[  8%]   step 25650
[  8%]   step 25651
[  8%]   step 25652
[  8%]   step 25653
[  8%]   step 25654
[  8%]   step 25655
[  8%]   step 25656
[  8%]   step 25657
[  8%]   step 25658
[  8%]   step 25659
[  8%]   step 25660
[  8%]   step 25661
[  8%]   step 25662
[  8%]   step 25663
[  8%]   step 25664
[  8%]   step 25665
[  8%]   step 25666
[  8%]   step 25667
[  8%]   step 25668
[  8%]   step 25669
[  8%]   step 25670
[  8%]   step 25671
[  8%]   step 25672
[  8%]   step 25673
[  8%]   step 25674
[  8%]   step 25675
[  8%]   step 25676
[  8%]   step 25677
[  8%]   step 25678
[  8%]   step 25679
[  8%]   step 25680
[  8%]   step 25681
[  8%]   step 25682
[  8%]   step 25683
[  8%]   step 25684
[  8%]   step 25685
[  8%]   step 25686
[  8%]   step 25687
[  8%]   step 25688
[  8%]   step 25689
[  8%]   step 25690
[  8%]   step 25691
[  8%]   step 25692
[  8%]   step 25693
[  8%]   step 25694
[  8%]   step 25695
[  8%]   step 25696
[  8%]   step 25697
[  8%]   step 25698
[  8%]   step 25699
[  8%]   step 25700
[  8%]   step 25701
[  8%]   step 25702
[  8%]   step 25703
[  8%]   step 25704
[  8%]   step 25705
[  8%]   step 25706
[  8%]   step 25707
[  8%]   step 25708
[  8%]   step 25709
[  8%]   step 25710
[  8%]   step 25711
[  8%]   step 25712
[  8%]   step 25713
[  8%]   step 25714
[  8%]   step 25715
[  8%]   step 25716
[  8%]   step 25717
[  8%]   step 25718
[  8%]   step 25719
[  8%]   step 25720
[  8%]   step 25721
[  8%]   step 25722
[  8%]   step 25723
[  8%]   step 25724
[  8%]   step 25725
[  8%]   step 25726
[  8%]   step 25727
[  8%]   step 25728
[  8%]   step 25729
[  8%]   step 25730
[  8%]   step 25731
[  8%]   step 25732
[  8%]   step 25733
[  8%]   step 25734
[  8%]   step 25735
[  8%]   step 25736
[  8%]   step 25737
[  8%]   step 25738
[  8%]   step 25739
[  8%]   step 25740
[  8%]   step 25741
[  8%]   step 25742
[  8%]   step 25743
[  8%]   step 25744
[  8%]   step 25745
[  8%]   step 25746
[  8%]   step 25747
[  8%]   step 25748
[  8%]   step 25749
[  8%]   step 25750
[  8%]   step 25751
[  8%]   step 25752
[  8%]   step 25753
[  8%]   step 25754
[  8%]   step 25755
[  8%]   step 25756
[  8%]   step 25757
[  8%]   step 25758
[  8%]   step 25759
[  8%]   step 25760
[  8%]   step 25761
[  8%]   step 25762
[  8%]   step 25763
[  8%]   step 25764
[  8%]   step 25765
[  8%]   step 25766
[  8%]   step 25767
[  8%]   step 25768
[  8%]   step 25769
[  8%]   step 25770
[  8%]   step 25771
[  8%]   step 25772
[  8%]   step 25773
[  8%]   step 25774
[  8%]   step 25775
[  8%]   step 25776
[  8%]   step 25777
[  8%]   step 25778
[  8%]   step 25779
[  8%]   step 25780
[  8%]   step 25781
[  8%]   step 25782
[  8%]   step 25783
[  8%]   step 25784
[  8%]   step 25785
[  8%]   step 25786
[  8%]   step 25787
[  8%]   step 25788
[  8%]   step 25789
[  8%]   step 25790
[  8%]   step 25791
[  8%]   step 25792
[  8%]   step 25793
[  8%]   step 25794
[  8%]   step 25795
[  8%]   step 25796
[  8%]   step 25797
[  8%]   step 25798
[  8%]   step 25799
[  8%]   step 25800
[  8%]   step 25801
[  8%]   step 25802
[  8%]   step 25803
[  8%]   step 25804
[  8%]   step 25805
[  8%]   step 25806
[  8%]   step 25807
[  8%]   step 25808
[  8%]   step 25809
[  8%]   step 25810
[  8%]   step 25811
[  8%]   step 25812
[  8%]   step 25813
[  8%]   step 25814
[  8%]   step 25815
[  8%]   step 25816
[  8%]   step 25817
[  8%]   step 25818
[  8%]   step 25819
[  8%]   step 25820
[  8%]   step 25821
[  8%]   step 25822
[  8%]   step 25823
[  8%]   step 25824
[  8%]   step 25825
[  8%]   step 25826
[  8%]   step 25827
[  8%]   step 25828
[  8%]   step 25829
[  8%]   step 25830
[  8%]   step 25831
[  8%]   step 25832
[  8%]   step 25833
[  8%]   step 25834
+SWASH is processing output request    1
+SWASH is processing output request    2
[  8%]   step 25835
[  8%]   step 25836
[  8%]   step 25837
[  8%]   step 25838
[  8%]   step 25839
[  8%]   step 25840
[  8%]   step 25841
[  8%]   step 25842
[  8%]   step 25843
[  8%]   step 25844
[  8%]   step 25845
[  8%]   step 25846
[  8%]   step 25847
[  8%]   step 25848
[  8%]   step 25849
[  8%]   step 25850
[  8%]   step 25851
[  8%]   step 25852
[  8%]   step 25853
[  8%]   step 25854
[  8%]   step 25855
[  8%]   step 25856
[  8%]   step 25857
[  8%]   step 25858
[  8%]   step 25859
[  8%]   step 25860
[  8%]   step 25861
[  8%]   step 25862
[  8%]   step 25863
[  8%]   step 25864
[  8%]   step 25865
[  8%]   step 25866
[  8%]   step 25867
[  8%]   step 25868
[  8%]   step 25869
[  8%]   step 25870
[  8%]   step 25871
[  8%]   step 25872
[  8%]   step 25873
[  8%]   step 25874
[  8%]   step 25875
[  8%]   step 25876
[  8%]   step 25877
[  8%]   step 25878
[  8%]   step 25879
[  8%]   step 25880
[  8%]   step 25881
[  8%]   step 25882
[  8%]   step 25883
[  8%]   step 25884
[  8%]   step 25885
[  8%]   step 25886
[  8%]   step 25887
[  8%]   step 25888
[  8%]   step 25889
[  8%]   step 25890
[  8%]   step 25891
[  8%]   step 25892
[  8%]   step 25893
[  8%]   step 25894
[  8%]   step 25895
[  8%]   step 25896
[  8%]   step 25897
[  8%]   step 25898
[  8%]   step 25899
[  8%]   step 25900
[  8%]   step 25901
[  8%]   step 25902
[  8%]   step 25903
[  8%]   step 25904
[  8%]   step 25905
[  8%]   step 25906
[  8%]   step 25907
[  8%]   step 25908
[  8%]   step 25909
[  8%]   step 25910
[  8%]   step 25911
[  8%]   step 25912
[  8%]   step 25913
[  8%]   step 25914
[  8%]   step 25915
[  8%]   step 25916
[  8%]   step 25917
[  8%]   step 25918
[  8%]   step 25919
[  8%]   step 25920
[  8%]   step 25921
[  8%]   step 25922
[  8%]   step 25923
[  8%]   step 25924
[  8%]   step 25925
[  8%]   step 25926
[  8%]   step 25927
[  8%]   step 25928
[  8%]   step 25929
[  8%]   step 25930
[  8%]   step 25931
[  8%]   step 25932
[  8%]   step 25933
[  8%]   step 25934
[  8%]   step 25935
[  8%]   step 25936
[  8%]   step 25937
[  8%]   step 25938
[  8%]   step 25939
[  8%]   step 25940
[  8%]   step 25941
[  8%]   step 25942
[  8%]   step 25943
[  8%]   step 25944
[  8%]   step 25945
[  8%]   step 25946
[  8%]   step 25947
[  8%]   step 25948
[  8%]   step 25949
[  8%]   step 25950
[  9%]   step 25951
[  9%]   step 25952
[  9%]   step 25953
[  9%]   step 25954
[  9%]   step 25955
[  9%]   step 25956
[  9%]   step 25957
[  9%]   step 25958
[  9%]   step 25959
[  9%]   step 25960
[  9%]   step 25961
[  9%]   step 25962
[  9%]   step 25963
[  9%]   step 25964
[  9%]   step 25965
[  9%]   step 25966
[  9%]   step 25967
[  9%]   step 25968
[  9%]   step 25969
[  9%]   step 25970
[  9%]   step 25971
[  9%]   step 25972
[  9%]   step 25973
[  9%]   step 25974
[  9%]   step 25975
[  9%]   step 25976
[  9%]   step 25977
[  9%]   step 25978
[  9%]   step 25979
[  9%]   step 25980
[  9%]   step 25981
[  9%]   step 25982
[  9%]   step 25983
[  9%]   step 25984
[  9%]   step 25985
[  9%]   step 25986
[  9%]   step 25987
[  9%]   step 25988
[  9%]   step 25989
[  9%]   step 25990
[  9%]   step 25991
[  9%]   step 25992
[  9%]   step 25993
[  9%]   step 25994
[  9%]   step 25995
[  9%]   step 25996
[  9%]   step 25997
[  9%]   step 25998
[  9%]   step 25999
[  9%]   step 26000
[  9%]   step 26001
[  9%]   step 26002
[  9%]   step 26003
[  9%]   step 26004
[  9%]   step 26005
[  9%]   step 26006
[  9%]   step 26007
[  9%]   step 26008
[  9%]   step 26009
[  9%]   step 26010
[  9%]   step 26011
[  9%]   step 26012
[  9%]   step 26013
[  9%]   step 26014
[  9%]   step 26015
[  9%]   step 26016
[  9%]   step 26017
[  9%]   step 26018
[  9%]   step 26019
[  9%]   step 26020
[  9%]   step 26021
[  9%]   step 26022
[  9%]   step 26023
[  9%]   step 26024
[  9%]   step 26025
[  9%]   step 26026
[  9%]   step 26027
[  9%]   step 26028
[  9%]   step 26029
[  9%]   step 26030
[  9%]   step 26031
[  9%]   step 26032
[  9%]   step 26033
[  9%]   step 26034
[  9%]   step 26035
[  9%]   step 26036
[  9%]   step 26037
[  9%]   step 26038
[  9%]   step 26039
[  9%]   step 26040
[  9%]   step 26041
[  9%]   step 26042
[  9%]   step 26043
[  9%]   step 26044
[  9%]   step 26045
[  9%]   step 26046
[  9%]   step 26047
[  9%]   step 26048
[  9%]   step 26049
[  9%]   step 26050
[  9%]   step 26051
[  9%]   step 26052
[  9%]   step 26053
[  9%]   step 26054
[  9%]   step 26055
[  9%]   step 26056
[  9%]   step 26057
[  9%]   step 26058
[  9%]   step 26059
[  9%]   step 26060
[  9%]   step 26061
[  9%]   step 26062
[  9%]   step 26063
[  9%]   step 26064
[  9%]   step 26065
[  9%]   step 26066
[  9%]   step 26067
[  9%]   step 26068
[  9%]   step 26069
[  9%]   step 26070
[  9%]   step 26071
[  9%]   step 26072
[  9%]   step 26073
[  9%]   step 26074
[  9%]   step 26075
[  9%]   step 26076
[  9%]   step 26077
[  9%]   step 26078
[  9%]   step 26079
[  9%]   step 26080
[  9%]   step 26081
[  9%]   step 26082
[  9%]   step 26083
[  9%]   step 26084
[  9%]   step 26085
[  9%]   step 26086
[  9%]   step 26087
[  9%]   step 26088
[  9%]   step 26089
[  9%]   step 26090
[  9%]   step 26091
[  9%]   step 26092
[  9%]   step 26093
[  9%]   step 26094
[  9%]   step 26095
[  9%]   step 26096
[  9%]   step 26097
[  9%]   step 26098
[  9%]   step 26099
[  9%]   step 26100
[  9%]   step 26101
[  9%]   step 26102
[  9%]   step 26103
[  9%]   step 26104
[  9%]   step 26105
[  9%]   step 26106
[  9%]   step 26107
[  9%]   step 26108
[  9%]   step 26109
[  9%]   step 26110
[  9%]   step 26111
[  9%]   step 26112
[  9%]   step 26113
[  9%]   step 26114
[  9%]   step 26115
[  9%]   step 26116
[  9%]   step 26117
[  9%]   step 26118
[  9%]   step 26119
[  9%]   step 26120
[  9%]   step 26121
[  9%]   step 26122
[  9%]   step 26123
[  9%]   step 26124
[  9%]   step 26125
[  9%]   step 26126
[  9%]   step 26127
[  9%]   step 26128
[  9%]   step 26129
[  9%]   step 26130
[  9%]   step 26131
[  9%]   step 26132
[  9%]   step 26133
[  9%]   step 26134
[  9%]   step 26135
[  9%]   step 26136
[  9%]   step 26137
[  9%]   step 26138
[  9%]   step 26139
[  9%]   step 26140
[  9%]   step 26141
[  9%]   step 26142
[  9%]   step 26143
[  9%]   step 26144
[  9%]   step 26145
[  9%]   step 26146
[  9%]   step 26147
[  9%]   step 26148
[  9%]   step 26149
[  9%]   step 26150
[  9%]   step 26151
[  9%]   step 26152
[  9%]   step 26153
[  9%]   step 26154
[  9%]   step 26155
[  9%]   step 26156
[  9%]   step 26157
[  9%]   step 26158
[  9%]   step 26159
[  9%]   step 26160
[  9%]   step 26161
[  9%]   step 26162
[  9%]   step 26163
[  9%]   step 26164
[  9%]   step 26165
[  9%]   step 26166
[  9%]   step 26167
[  9%]   step 26168
[  9%]   step 26169
[  9%]   step 26170
[  9%]   step 26171
[  9%]   step 26172
[  9%]   step 26173
[  9%]   step 26174
[  9%]   step 26175
[  9%]   step 26176
[  9%]   step 26177
[  9%]   step 26178
[  9%]   step 26179
[  9%]   step 26180
[  9%]   step 26181
[  9%]   step 26182
[  9%]   step 26183
[  9%]   step 26184
[  9%]   step 26185
[  9%]   step 26186
[  9%]   step 26187
[  9%]   step 26188
[  9%]   step 26189
[  9%]   step 26190
[  9%]   step 26191
[  9%]   step 26192
[  9%]   step 26193
[  9%]   step 26194
[  9%]   step 26195
[  9%]   step 26196
[  9%]   step 26197
[  9%]   step 26198
[  9%]   step 26199
[  9%]   step 26200
[  9%]   step 26201
[  9%]   step 26202
[  9%]   step 26203
[  9%]   step 26204
[  9%]   step 26205
[  9%]   step 26206
[  9%]   step 26207
[  9%]   step 26208
[  9%]   step 26209
[  9%]   step 26210
[  9%]   step 26211
[  9%]   step 26212
[  9%]   step 26213
[  9%]   step 26214
[  9%]   step 26215
[  9%]   step 26216
[  9%]   step 26217
[  9%]   step 26218
[  9%]   step 26219
[  9%]   step 26220
[  9%]   step 26221
[  9%]   step 26222
[  9%]   step 26223
[  9%]   step 26224
[  9%]   step 26225
+SWASH is processing output request    1
+SWASH is processing output request    2
[  9%]   step 26226
[  9%]   step 26227
[  9%]   step 26228
[  9%]   step 26229
[  9%]   step 26230
[  9%]   step 26231
[  9%]   step 26232
[  9%]   step 26233
[  9%]   step 26234
[  9%]   step 26235
[  9%]   step 26236
[  9%]   step 26237
[  9%]   step 26238
[  9%]   step 26239
[  9%]   step 26240
[  9%]   step 26241
[  9%]   step 26242
[  9%]   step 26243
[  9%]   step 26244
[  9%]   step 26245
[  9%]   step 26246
[  9%]   step 26247
[  9%]   step 26248
[  9%]   step 26249
[  9%]   step 26250
[  9%]   step 26251
[  9%]   step 26252
[  9%]   step 26253
[  9%]   step 26254
[  9%]   step 26255
[  9%]   step 26256
[  9%]   step 26257
[  9%]   step 26258
[  9%]   step 26259
[  9%]   step 26260
[  9%]   step 26261
[  9%]   step 26262
[  9%]   step 26263
[  9%]   step 26264
[  9%]   step 26265
[  9%]   step 26266
[  9%]   step 26267
[  9%]   step 26268
[  9%]   step 26269
[  9%]   step 26270
[  9%]   step 26271
[  9%]   step 26272
[  9%]   step 26273
[  9%]   step 26274
[  9%]   step 26275
[  9%]   step 26276
[  9%]   step 26277
[  9%]   step 26278
[  9%]   step 26279
[  9%]   step 26280
[  9%]   step 26281
[  9%]   step 26282
[  9%]   step 26283
[  9%]   step 26284
[  9%]   step 26285
[  9%]   step 26286
[  9%]   step 26287
[  9%]   step 26288
[  9%]   step 26289
[  9%]   step 26290
[  9%]   step 26291
[  9%]   step 26292
[  9%]   step 26293
[  9%]   step 26294
[  9%]   step 26295
[  9%]   step 26296
[  9%]   step 26297
[  9%]   step 26298
[  9%]   step 26299
[  9%]   step 26300
[  9%]   step 26301
[  9%]   step 26302
[  9%]   step 26303
[  9%]   step 26304
[  9%]   step 26305
[  9%]   step 26306
[  9%]   step 26307
[  9%]   step 26308
[  9%]   step 26309
[  9%]   step 26310
[  9%]   step 26311
[  9%]   step 26312
[  9%]   step 26313
[  9%]   step 26314
[  9%]   step 26315
[  9%]   step 26316
[  9%]   step 26317
[  9%]   step 26318
[  9%]   step 26319
[  9%]   step 26320
[  9%]   step 26321
[  9%]   step 26322
[  9%]   step 26323
[  9%]   step 26324
[  9%]   step 26325
[  9%]   step 26326
[  9%]   step 26327
[  9%]   step 26328
[  9%]   step 26329
[  9%]   step 26330
[  9%]   step 26331
[  9%]   step 26332
[  9%]   step 26333
[  9%]   step 26334
[  9%]   step 26335
[  9%]   step 26336
[  9%]   step 26337
[  9%]   step 26338
[  9%]   step 26339
[  9%]   step 26340
[  9%]   step 26341
[  9%]   step 26342
[  9%]   step 26343
[  9%]   step 26344
[  9%]   step 26345
[  9%]   step 26346
[  9%]   step 26347
[  9%]   step 26348
[  9%]   step 26349
[  9%]   step 26350
[  9%]   step 26351
[  9%]   step 26352
[  9%]   step 26353
[  9%]   step 26354
[  9%]   step 26355
[  9%]   step 26356
[  9%]   step 26357
[  9%]   step 26358
[  9%]   step 26359
[  9%]   step 26360
[  9%]   step 26361
[  9%]   step 26362
[  9%]   step 26363
[  9%]   step 26364
[  9%]   step 26365
[  9%]   step 26366
[  9%]   step 26367
[  9%]   step 26368
[  9%]   step 26369
[  9%]   step 26370
[  9%]   step 26371
[  9%]   step 26372
[  9%]   step 26373
[  9%]   step 26374
[  9%]   step 26375
[  9%]   step 26376
[  9%]   step 26377
[  9%]   step 26378
[  9%]   step 26379
[  9%]   step 26380
[  9%]   step 26381
[  9%]   step 26382
[  9%]   step 26383
[  9%]   step 26384
[  9%]   step 26385
[  9%]   step 26386
[  9%]   step 26387
[  9%]   step 26388
[  9%]   step 26389
[  9%]   step 26390
[  9%]   step 26391
[  9%]   step 26392
[  9%]   step 26393
[  9%]   step 26394
[  9%]   step 26395
[  9%]   step 26396
[  9%]   step 26397
[  9%]   step 26398
[  9%]   step 26399
[  9%]   step 26400
[  9%]   step 26401
[  9%]   step 26402
[  9%]   step 26403
[  9%]   step 26404
[  9%]   step 26405
[  9%]   step 26406
[  9%]   step 26407
[  9%]   step 26408
[  9%]   step 26409
[  9%]   step 26410
[  9%]   step 26411
[  9%]   step 26412
[  9%]   step 26413
[  9%]   step 26414
[  9%]   step 26415
[  9%]   step 26416
[  9%]   step 26417
[  9%]   step 26418
[  9%]   step 26419
[  9%]   step 26420
[  9%]   step 26421
[  9%]   step 26422
[  9%]   step 26423
[  9%]   step 26424
[  9%]   step 26425
[  9%]   step 26426
[  9%]   step 26427
[  9%]   step 26428
[  9%]   step 26429
[  9%]   step 26430
[  9%]   step 26431
[  9%]   step 26432
[  9%]   step 26433
[  9%]   step 26434
[  9%]   step 26435
[  9%]   step 26436
[  9%]   step 26437
[  9%]   step 26438
[  9%]   step 26439
[  9%]   step 26440
[  9%]   step 26441
[  9%]   step 26442
[  9%]   step 26443
[  9%]   step 26444
[  9%]   step 26445
[  9%]   step 26446
[  9%]   step 26447
[  9%]   step 26448
[  9%]   step 26449
[  9%]   step 26450
[  9%]   step 26451
[  9%]   step 26452
[  9%]   step 26453
[  9%]   step 26454
[  9%]   step 26455
[  9%]   step 26456
[  9%]   step 26457
[  9%]   step 26458
[  9%]   step 26459
[  9%]   step 26460
[  9%]   step 26461
[  9%]   step 26462
[  9%]   step 26463
[  9%]   step 26464
[  9%]   step 26465
[  9%]   step 26466
[  9%]   step 26467
[  9%]   step 26468
[  9%]   step 26469
[  9%]   step 26470
[  9%]   step 26471
[  9%]   step 26472
[  9%]   step 26473
[  9%]   step 26474
[  9%]   step 26475
[  9%]   step 26476
[  9%]   step 26477
[  9%]   step 26478
[  9%]   step 26479
[  9%]   step 26480
[  9%]   step 26481
[  9%]   step 26482
[  9%]   step 26483
[  9%]   step 26484
[  9%]   step 26485
[  9%]   step 26486
[  9%]   step 26487
[  9%]   step 26488
[  9%]   step 26489
[  9%]   step 26490
[  9%]   step 26491
[  9%]   step 26492
[  9%]   step 26493
[  9%]   step 26494
[  9%]   step 26495
[  9%]   step 26496
[  9%]   step 26497
[  9%]   step 26498
[  9%]   step 26499
[  9%]   step 26500
[  9%]   step 26501
[  9%]   step 26502
[  9%]   step 26503
[  9%]   step 26504
[  9%]   step 26505
[  9%]   step 26506
[  9%]   step 26507
[  9%]   step 26508
[  9%]   step 26509
[  9%]   step 26510
[  9%]   step 26511
[  9%]   step 26512
[  9%]   step 26513
[  9%]   step 26514
[  9%]   step 26515
[  9%]   step 26516
[  9%]   step 26517
[  9%]   step 26518
[  9%]   step 26519
[  9%]   step 26520
[  9%]   step 26521
[  9%]   step 26522
[  9%]   step 26523
[  9%]   step 26524
[  9%]   step 26525
[  9%]   step 26526
[  9%]   step 26527
[  9%]   step 26528
[  9%]   step 26529
[  9%]   step 26530
[  9%]   step 26531
[  9%]   step 26532
[  9%]   step 26533
[  9%]   step 26534
[  9%]   step 26535
[  9%]   step 26536
[  9%]   step 26537
[  9%]   step 26538
[  9%]   step 26539
[  9%]   step 26540
[  9%]   step 26541
[  9%]   step 26542
[  9%]   step 26543
[  9%]   step 26544
[  9%]   step 26545
[  9%]   step 26546
[  9%]   step 26547
[  9%]   step 26548
[  9%]   step 26549
[  9%]   step 26550
[  9%]   step 26551
[  9%]   step 26552
[  9%]   step 26553
[  9%]   step 26554
[  9%]   step 26555
[  9%]   step 26556
[  9%]   step 26557
[  9%]   step 26558
[  9%]   step 26559
[  9%]   step 26560
[  9%]   step 26561
[  9%]   step 26562
[  9%]   step 26563
[  9%]   step 26564
[  9%]   step 26565
[  9%]   step 26566
[  9%]   step 26567
[  9%]   step 26568
[  9%]   step 26569
[  9%]   step 26570
[  9%]   step 26571
[  9%]   step 26572
[  9%]   step 26573
[  9%]   step 26574
[  9%]   step 26575
[  9%]   step 26576
[  9%]   step 26577
[  9%]   step 26578
[  9%]   step 26579
[  9%]   step 26580
[  9%]   step 26581
[  9%]   step 26582
[  9%]   step 26583
[  9%]   step 26584
[  9%]   step 26585
[  9%]   step 26586
[  9%]   step 26587
[  9%]   step 26588
[  9%]   step 26589
[  9%]   step 26590
[  9%]   step 26591
[  9%]   step 26592
[  9%]   step 26593
[  9%]   step 26594
[  9%]   step 26595
[  9%]   step 26596
[  9%]   step 26597
[  9%]   step 26598
[  9%]   step 26599
[  9%]   step 26600
[  9%]   step 26601
[  9%]   step 26602
[  9%]   step 26603
[  9%]   step 26604
[  9%]   step 26605
[  9%]   step 26606
[  9%]   step 26607
[  9%]   step 26608
[  9%]   step 26609
[  9%]   step 26610
[  9%]   step 26611
[  9%]   step 26612
[  9%]   step 26613
[  9%]   step 26614
[  9%]   step 26615
[  9%]   step 26616
[  9%]   step 26617
+SWASH is processing output request    1
+SWASH is processing output request    2
[  9%]   step 26618
[  9%]   step 26619
[  9%]   step 26620
[  9%]   step 26621
[  9%]   step 26622
[  9%]   step 26623
[  9%]   step 26624
[  9%]   step 26625
[  9%]   step 26626
[  9%]   step 26627
[  9%]   step 26628
[  9%]   step 26629
[  9%]   step 26630
[  9%]   step 26631
[  9%]   step 26632
[  9%]   step 26633
[  9%]   step 26634
[  9%]   step 26635
[  9%]   step 26636
[  9%]   step 26637
[  9%]   step 26638
[  9%]   step 26639
[  9%]   step 26640
[  9%]   step 26641
[  9%]   step 26642
[  9%]   step 26643
[  9%]   step 26644
[  9%]   step 26645
[  9%]   step 26646
[  9%]   step 26647
[  9%]   step 26648
[  9%]   step 26649
[  9%]   step 26650
[  9%]   step 26651
[  9%]   step 26652
[  9%]   step 26653
[  9%]   step 26654
[  9%]   step 26655
[  9%]   step 26656
[  9%]   step 26657
[  9%]   step 26658
[  9%]   step 26659
[  9%]   step 26660
[  9%]   step 26661
[  9%]   step 26662
[  9%]   step 26663
[  9%]   step 26664
[  9%]   step 26665
[  9%]   step 26666
[  9%]   step 26667
[  9%]   step 26668
[  9%]   step 26669
[  9%]   step 26670
[  9%]   step 26671
[  9%]   step 26672
[  9%]   step 26673
[  9%]   step 26674
[  9%]   step 26675
[  9%]   step 26676
[  9%]   step 26677
[  9%]   step 26678
[  9%]   step 26679
[  9%]   step 26680
[  9%]   step 26681
[  9%]   step 26682
[  9%]   step 26683
[  9%]   step 26684
[  9%]   step 26685
[  9%]   step 26686
[  9%]   step 26687
[  9%]   step 26688
[  9%]   step 26689
[  9%]   step 26690
[  9%]   step 26691
[  9%]   step 26692
[  9%]   step 26693
[  9%]   step 26694
[  9%]   step 26695
[  9%]   step 26696
[  9%]   step 26697
[  9%]   step 26698
[  9%]   step 26699
[  9%]   step 26700
[  9%]   step 26701
[  9%]   step 26702
[  9%]   step 26703
[  9%]   step 26704
[  9%]   step 26705
[  9%]   step 26706
[  9%]   step 26707
[  9%]   step 26708
[  9%]   step 26709
[  9%]   step 26710
[  9%]   step 26711
[  9%]   step 26712
[  9%]   step 26713
[  9%]   step 26714
[  9%]   step 26715
[  9%]   step 26716
[  9%]   step 26717
[  9%]   step 26718
[  9%]   step 26719
[  9%]   step 26720
[  9%]   step 26721
[  9%]   step 26722
[  9%]   step 26723
[  9%]   step 26724
[  9%]   step 26725
[  9%]   step 26726
[  9%]   step 26727
[  9%]   step 26728
[  9%]   step 26729
[  9%]   step 26730
[  9%]   step 26731
[  9%]   step 26732
[  9%]   step 26733
[  9%]   step 26734
[  9%]   step 26735
[  9%]   step 26736
[  9%]   step 26737
[  9%]   step 26738
[  9%]   step 26739
[  9%]   step 26740
[  9%]   step 26741
[  9%]   step 26742
[  9%]   step 26743
[  9%]   step 26744
[  9%]   step 26745
[  9%]   step 26746
[  9%]   step 26747
[  9%]   step 26748
[  9%]   step 26749
[  9%]   step 26750
[  9%]   step 26751
[  9%]   step 26752
[  9%]   step 26753
[  9%]   step 26754
[  9%]   step 26755
[  9%]   step 26756
[  9%]   step 26757
[  9%]   step 26758
[  9%]   step 26759
[  9%]   step 26760
[  9%]   step 26761
[  9%]   step 26762
[  9%]   step 26763
[  9%]   step 26764
[  9%]   step 26765
[  9%]   step 26766
[  9%]   step 26767
[  9%]   step 26768
[  9%]   step 26769
[  9%]   step 26770
[  9%]   step 26771
[  9%]   step 26772
[  9%]   step 26773
[  9%]   step 26774
[  9%]   step 26775
[  9%]   step 26776
[  9%]   step 26777
[  9%]   step 26778
[  9%]   step 26779
[  9%]   step 26780
[  9%]   step 26781
[  9%]   step 26782
[  9%]   step 26783
[  9%]   step 26784
[  9%]   step 26785
[  9%]   step 26786
[  9%]   step 26787
[  9%]   step 26788
[  9%]   step 26789
[  9%]   step 26790
[  9%]   step 26791
[  9%]   step 26792
[  9%]   step 26793
[  9%]   step 26794
[  9%]   step 26795
[  9%]   step 26796
[  9%]   step 26797
[  9%]   step 26798
[  9%]   step 26799
[  9%]   step 26800
[  9%]   step 26801
[  9%]   step 26802
[  9%]   step 26803
[  9%]   step 26804
[  9%]   step 26805
[  9%]   step 26806
[  9%]   step 26807
[  9%]   step 26808
[  9%]   step 26809
[  9%]   step 26810
[  9%]   step 26811
[  9%]   step 26812
[  9%]   step 26813
[  9%]   step 26814
[  9%]   step 26815
[  9%]   step 26816
[  9%]   step 26817
[  9%]   step 26818
[  9%]   step 26819
[  9%]   step 26820
[  9%]   step 26821
[  9%]   step 26822
[  9%]   step 26823
[  9%]   step 26824
[  9%]   step 26825
[  9%]   step 26826
[  9%]   step 26827
[  9%]   step 26828
[  9%]   step 26829
[  9%]   step 26830
[  9%]   step 26831
[  9%]   step 26832
[  9%]   step 26833
[  9%]   step 26834
[  9%]   step 26835
[  9%]   step 26836
[  9%]   step 26837
[  9%]   step 26838
[  9%]   step 26839
[  9%]   step 26840
[  9%]   step 26841
[  9%]   step 26842
[  9%]   step 26843
[  9%]   step 26844
[  9%]   step 26845
[  9%]   step 26846
[  9%]   step 26847
[  9%]   step 26848
[  9%]   step 26849
[  9%]   step 26850
[  9%]   step 26851
[  9%]   step 26852
[  9%]   step 26853
[  9%]   step 26854
[  9%]   step 26855
[  9%]   step 26856
[  9%]   step 26857
[  9%]   step 26858
[  9%]   step 26859
[  9%]   step 26860
[  9%]   step 26861
[  9%]   step 26862
[  9%]   step 26863
[  9%]   step 26864
[  9%]   step 26865
[  9%]   step 26866
[  9%]   step 26867
[  9%]   step 26868
[  9%]   step 26869
[  9%]   step 26870
[  9%]   step 26871
[  9%]   step 26872
[  9%]   step 26873
[  9%]   step 26874
[  9%]   step 26875
[  9%]   step 26876
[  9%]   step 26877
[  9%]   step 26878
[  9%]   step 26879
[  9%]   step 26880
[  9%]   step 26881
[  9%]   step 26882
[  9%]   step 26883
[  9%]   step 26884
[  9%]   step 26885
[  9%]   step 26886
[  9%]   step 26887
[  9%]   step 26888
[  9%]   step 26889
[  9%]   step 26890
[  9%]   step 26891
[  9%]   step 26892
[  9%]   step 26893
[  9%]   step 26894
[  9%]   step 26895
[  9%]   step 26896
[  9%]   step 26897
[  9%]   step 26898
[  9%]   step 26899
[  9%]   step 26900
[  9%]   step 26901
[  9%]   step 26902
[  9%]   step 26903
[  9%]   step 26904
[  9%]   step 26905
[  9%]   step 26906
[  9%]   step 26907
[  9%]   step 26908
[  9%]   step 26909
[  9%]   step 26910
[  9%]   step 26911
[  9%]   step 26912
[  9%]   step 26913
[  9%]   step 26914
[  9%]   step 26915
[  9%]   step 26916
[  9%]   step 26917
[  9%]   step 26918
[  9%]   step 26919
[  9%]   step 26920
[  9%]   step 26921
[  9%]   step 26922
[  9%]   step 26923
[  9%]   step 26924
[  9%]   step 26925
[  9%]   step 26926
[  9%]   step 26927
[  9%]   step 26928
[  9%]   step 26929
[  9%]   step 26930
[  9%]   step 26931
[  9%]   step 26932
[  9%]   step 26933
[  9%]   step 26934
[  9%]   step 26935
[  9%]   step 26936
[  9%]   step 26937
[  9%]   step 26938
[  9%]   step 26939
[  9%]   step 26940
[  9%]   step 26941
[  9%]   step 26942
[  9%]   step 26943
[  9%]   step 26944
[  9%]   step 26945
[  9%]   step 26946
[  9%]   step 26947
[  9%]   step 26948
[  9%]   step 26949
[  9%]   step 26950
[  9%]   step 26951
[  9%]   step 26952
[  9%]   step 26953
[  9%]   step 26954
[  9%]   step 26955
[  9%]   step 26956
[  9%]   step 26957
[  9%]   step 26958
[  9%]   step 26959
[  9%]   step 26960
[  9%]   step 26961
[  9%]   step 26962
[  9%]   step 26963
[  9%]   step 26964
[  9%]   step 26965
[  9%]   step 26966
[  9%]   step 26967
[  9%]   step 26968
[  9%]   step 26969
[  9%]   step 26970
[  9%]   step 26971
[  9%]   step 26972
[  9%]   step 26973
[  9%]   step 26974
[  9%]   step 26975
[  9%]   step 26976
[  9%]   step 26977
[  9%]   step 26978
[  9%]   step 26979
[  9%]   step 26980
[  9%]   step 26981
[  9%]   step 26982
[  9%]   step 26983
[  9%]   step 26984
[  9%]   step 26985
[  9%]   step 26986
[  9%]   step 26987
[  9%]   step 26988
[  9%]   step 26989
[  9%]   step 26990
[  9%]   step 26991
[  9%]   step 26992
[  9%]   step 26993
[  9%]   step 26994
[  9%]   step 26995
[  9%]   step 26996
[  9%]   step 26997
[  9%]   step 26998
[  9%]   step 26999
[  9%]   step 27000
[  9%]   step 27001
[  9%]   step 27002
[  9%]   step 27003
[  9%]   step 27004
[  9%]   step 27005
[  9%]   step 27006
[  9%]   step 27007
[  9%]   step 27008
+SWASH is processing output request    1
+SWASH is processing output request    2
[  9%]   step 27009
[  9%]   step 27010
[  9%]   step 27011
[  9%]   step 27012
[  9%]   step 27013
[  9%]   step 27014
[  9%]   step 27015
[  9%]   step 27016
[  9%]   step 27017
[  9%]   step 27018
[  9%]   step 27019
[  9%]   step 27020
[  9%]   step 27021
[  9%]   step 27022
[  9%]   step 27023
[  9%]   step 27024
[  9%]   step 27025
[  9%]   step 27026
[  9%]   step 27027
[  9%]   step 27028
[  9%]   step 27029
[  9%]   step 27030
[  9%]   step 27031
[  9%]   step 27032
[  9%]   step 27033
[  9%]   step 27034
[  9%]   step 27035
[  9%]   step 27036
[  9%]   step 27037
[  9%]   step 27038
[  9%]   step 27039
[  9%]   step 27040
[  9%]   step 27041
[  9%]   step 27042
[  9%]   step 27043
[  9%]   step 27044
[  9%]   step 27045
[  9%]   step 27046
[  9%]   step 27047
[  9%]   step 27048
[  9%]   step 27049
[  9%]   step 27050
[  9%]   step 27051
[  9%]   step 27052
[  9%]   step 27053
[  9%]   step 27054
[  9%]   step 27055
[  9%]   step 27056
[  9%]   step 27057
[  9%]   step 27058
[  9%]   step 27059
[  9%]   step 27060
[  9%]   step 27061
[  9%]   step 27062
[  9%]   step 27063
[  9%]   step 27064
[  9%]   step 27065
[  9%]   step 27066
[  9%]   step 27067
[  9%]   step 27068
[  9%]   step 27069
[  9%]   step 27070
[  9%]   step 27071
[  9%]   step 27072
[  9%]   step 27073
[  9%]   step 27074
[  9%]   step 27075
[  9%]   step 27076
[  9%]   step 27077
[  9%]   step 27078
[  9%]   step 27079
[  9%]   step 27080
[  9%]   step 27081
[  9%]   step 27082
[  9%]   step 27083
[  9%]   step 27084
[  9%]   step 27085
[  9%]   step 27086
[  9%]   step 27087
[  9%]   step 27088
[  9%]   step 27089
[  9%]   step 27090
[  9%]   step 27091
[  9%]   step 27092
[  9%]   step 27093
[  9%]   step 27094
[  9%]   step 27095
[  9%]   step 27096
[  9%]   step 27097
[  9%]   step 27098
[  9%]   step 27099
[  9%]   step 27100
[  9%]   step 27101
[  9%]   step 27102
[  9%]   step 27103
[  9%]   step 27104
[  9%]   step 27105
[  9%]   step 27106
[  9%]   step 27107
[  9%]   step 27108
[  9%]   step 27109
[  9%]   step 27110
[  9%]   step 27111
[  9%]   step 27112
[  9%]   step 27113
[  9%]   step 27114
[  9%]   step 27115
[  9%]   step 27116
[  9%]   step 27117
[  9%]   step 27118
[  9%]   step 27119
[  9%]   step 27120
[  9%]   step 27121
[  9%]   step 27122
[  9%]   step 27123
[  9%]   step 27124
[  9%]   step 27125
[  9%]   step 27126
[  9%]   step 27127
[  9%]   step 27128
[  9%]   step 27129
[  9%]   step 27130
[  9%]   step 27131
[  9%]   step 27132
[  9%]   step 27133
[  9%]   step 27134
[  9%]   step 27135
[  9%]   step 27136
[  9%]   step 27137
[  9%]   step 27138
[  9%]   step 27139
[  9%]   step 27140
[  9%]   step 27141
[  9%]   step 27142
[  9%]   step 27143
[  9%]   step 27144
[  9%]   step 27145
[  9%]   step 27146
[  9%]   step 27147
[  9%]   step 27148
[  9%]   step 27149
[  9%]   step 27150
[  9%]   step 27151
[  9%]   step 27152
[  9%]   step 27153
[  9%]   step 27154
[  9%]   step 27155
[  9%]   step 27156
[  9%]   step 27157
[  9%]   step 27158
[  9%]   step 27159
[  9%]   step 27160
[  9%]   step 27161
[  9%]   step 27162
[  9%]   step 27163
[  9%]   step 27164
[  9%]   step 27165
[  9%]   step 27166
[  9%]   step 27167
[  9%]   step 27168
[  9%]   step 27169
[  9%]   step 27170
[  9%]   step 27171
[  9%]   step 27172
[  9%]   step 27173
[  9%]   step 27174
[  9%]   step 27175
[  9%]   step 27176
[  9%]   step 27177
[  9%]   step 27178
[  9%]   step 27179
[  9%]   step 27180
[  9%]   step 27181
[  9%]   step 27182
[  9%]   step 27183
[  9%]   step 27184
[  9%]   step 27185
[  9%]   step 27186
[  9%]   step 27187
[  9%]   step 27188
[  9%]   step 27189
[  9%]   step 27190
[  9%]   step 27191
[  9%]   step 27192
[  9%]   step 27193
[  9%]   step 27194
[  9%]   step 27195
[  9%]   step 27196
[  9%]   step 27197
[  9%]   step 27198
[  9%]   step 27199
[  9%]   step 27200
[  9%]   step 27201
[  9%]   step 27202
[  9%]   step 27203
[  9%]   step 27204
[  9%]   step 27205
[  9%]   step 27206
[  9%]   step 27207
[  9%]   step 27208
[  9%]   step 27209
[  9%]   step 27210
[  9%]   step 27211
[  9%]   step 27212
[  9%]   step 27213
[  9%]   step 27214
[  9%]   step 27215
[  9%]   step 27216
[  9%]   step 27217
[  9%]   step 27218
[  9%]   step 27219
[  9%]   step 27220
[  9%]   step 27221
[  9%]   step 27222
[  9%]   step 27223
[  9%]   step 27224
[  9%]   step 27225
[  9%]   step 27226
[  9%]   step 27227
[  9%]   step 27228
[  9%]   step 27229
[  9%]   step 27230
[  9%]   step 27231
[  9%]   step 27232
[  9%]   step 27233
[  9%]   step 27234
[  9%]   step 27235
[  9%]   step 27236
[  9%]   step 27237
[  9%]   step 27238
[  9%]   step 27239
[  9%]   step 27240
[  9%]   step 27241
[  9%]   step 27242
[  9%]   step 27243
[  9%]   step 27244
[  9%]   step 27245
[  9%]   step 27246
[  9%]   step 27247
[  9%]   step 27248
[  9%]   step 27249
[  9%]   step 27250
[  9%]   step 27251
[  9%]   step 27252
[  9%]   step 27253
[  9%]   step 27254
[  9%]   step 27255
[  9%]   step 27256
[  9%]   step 27257
[  9%]   step 27258
[  9%]   step 27259
[  9%]   step 27260
[  9%]   step 27261
[  9%]   step 27262
[  9%]   step 27263
[  9%]   step 27264
[  9%]   step 27265
[  9%]   step 27266
[  9%]   step 27267
[  9%]   step 27268
[  9%]   step 27269
[  9%]   step 27270
[  9%]   step 27271
[  9%]   step 27272
[  9%]   step 27273
[  9%]   step 27274
[  9%]   step 27275
[  9%]   step 27276
[  9%]   step 27277
[  9%]   step 27278
[  9%]   step 27279
[  9%]   step 27280
[  9%]   step 27281
[  9%]   step 27282
[  9%]   step 27283
[  9%]   step 27284
[  9%]   step 27285
[  9%]   step 27286
[  9%]   step 27287
[  9%]   step 27288
[  9%]   step 27289
[  9%]   step 27290
[  9%]   step 27291
[  9%]   step 27292
[  9%]   step 27293
[  9%]   step 27294
[  9%]   step 27295
[  9%]   step 27296
[  9%]   step 27297
[  9%]   step 27298
[  9%]   step 27299
[  9%]   step 27300
[  9%]   step 27301
[  9%]   step 27302
[  9%]   step 27303
[  9%]   step 27304
[  9%]   step 27305
[  9%]   step 27306
[  9%]   step 27307
[  9%]   step 27308
[  9%]   step 27309
[  9%]   step 27310
[  9%]   step 27311
[  9%]   step 27312
[  9%]   step 27313
[  9%]   step 27314
[  9%]   step 27315
[  9%]   step 27316
[  9%]   step 27317
[  9%]   step 27318
[  9%]   step 27319
[  9%]   step 27320
[  9%]   step 27321
[  9%]   step 27322
[  9%]   step 27323
[  9%]   step 27324
[  9%]   step 27325
[  9%]   step 27326
[  9%]   step 27327
[  9%]   step 27328
[  9%]   step 27329
[  9%]   step 27330
[  9%]   step 27331
[  9%]   step 27332
[  9%]   step 27333
[  9%]   step 27334
[  9%]   step 27335
[  9%]   step 27336
[  9%]   step 27337
[  9%]   step 27338
[  9%]   step 27339
[  9%]   step 27340
[  9%]   step 27341
[  9%]   step 27342
[  9%]   step 27343
[  9%]   step 27344
[  9%]   step 27345
[  9%]   step 27346
[  9%]   step 27347
[  9%]   step 27348
[  9%]   step 27349
[  9%]   step 27350
[  9%]   step 27351
[  9%]   step 27352
[  9%]   step 27353
[  9%]   step 27354
[  9%]   step 27355
[  9%]   step 27356
[  9%]   step 27357
[  9%]   step 27358
[  9%]   step 27359
[  9%]   step 27360
[  9%]   step 27361
[  9%]   step 27362
[  9%]   step 27363
[  9%]   step 27364
[  9%]   step 27365
[  9%]   step 27366
[  9%]   step 27367
[  9%]   step 27368
[  9%]   step 27369
[  9%]   step 27370
[  9%]   step 27371
[  9%]   step 27372
[  9%]   step 27373
[  9%]   step 27374
[  9%]   step 27375
[  9%]   step 27376
[  9%]   step 27377
[  9%]   step 27378
[  9%]   step 27379
[  9%]   step 27380
[  9%]   step 27381
[  9%]   step 27382
[  9%]   step 27383
[  9%]   step 27384
[  9%]   step 27385
[  9%]   step 27386
[  9%]   step 27387
[  9%]   step 27388
[  9%]   step 27389
[  9%]   step 27390
[  9%]   step 27391
[  9%]   step 27392
[  9%]   step 27393
[  9%]   step 27394
[  9%]   step 27395
[  9%]   step 27396
[  9%]   step 27397
[  9%]   step 27398
[  9%]   step 27399
[  9%]   step 27400
+SWASH is processing output request    1
+SWASH is processing output request    2
[  9%]   step 27401
[  9%]   step 27402
[  9%]   step 27403
[  9%]   step 27404
[  9%]   step 27405
[  9%]   step 27406
[  9%]   step 27407
[  9%]   step 27408
[  9%]   step 27409
[  9%]   step 27410
[  9%]   step 27411
[  9%]   step 27412
[  9%]   step 27413
[  9%]   step 27414
[  9%]   step 27415
[  9%]   step 27416
[  9%]   step 27417
[  9%]   step 27418
[  9%]   step 27419
[  9%]   step 27420
[  9%]   step 27421
[  9%]   step 27422
[  9%]   step 27423
[  9%]   step 27424
[  9%]   step 27425
[  9%]   step 27426
[  9%]   step 27427
[  9%]   step 27428
[  9%]   step 27429
[  9%]   step 27430
[  9%]   step 27431
[  9%]   step 27432
[  9%]   step 27433
[  9%]   step 27434
[  9%]   step 27435
[  9%]   step 27436
[  9%]   step 27437
[  9%]   step 27438
[  9%]   step 27439
[  9%]   step 27440
[  9%]   step 27441
[  9%]   step 27442
[  9%]   step 27443
[  9%]   step 27444
[  9%]   step 27445
[  9%]   step 27446
[  9%]   step 27447
[  9%]   step 27448
[  9%]   step 27449
[  9%]   step 27450
[  9%]   step 27451
[  9%]   step 27452
[  9%]   step 27453
[  9%]   step 27454
[  9%]   step 27455
[  9%]   step 27456
[  9%]   step 27457
[  9%]   step 27458
[  9%]   step 27459
[  9%]   step 27460
[  9%]   step 27461
[  9%]   step 27462
[  9%]   step 27463
[  9%]   step 27464
[  9%]   step 27465
[  9%]   step 27466
[  9%]   step 27467
[  9%]   step 27468
[  9%]   step 27469
[  9%]   step 27470
[  9%]   step 27471
[  9%]   step 27472
[  9%]   step 27473
[  9%]   step 27474
[  9%]   step 27475
[  9%]   step 27476
[  9%]   step 27477
[  9%]   step 27478
[  9%]   step 27479
[  9%]   step 27480
[  9%]   step 27481
[  9%]   step 27482
[  9%]   step 27483
[  9%]   step 27484
[  9%]   step 27485
[  9%]   step 27486
[  9%]   step 27487
[  9%]   step 27488
[  9%]   step 27489
[  9%]   step 27490
[  9%]   step 27491
[  9%]   step 27492
[  9%]   step 27493
[  9%]   step 27494
[  9%]   step 27495
[  9%]   step 27496
[  9%]   step 27497
[  9%]   step 27498
[  9%]   step 27499
[  9%]   step 27500
[  9%]   step 27501
[  9%]   step 27502
[  9%]   step 27503
[  9%]   step 27504
[  9%]   step 27505
[  9%]   step 27506
[  9%]   step 27507
[  9%]   step 27508
[  9%]   step 27509
[  9%]   step 27510
[  9%]   step 27511
[  9%]   step 27512
[  9%]   step 27513
[  9%]   step 27514
[  9%]   step 27515
[  9%]   step 27516
[  9%]   step 27517
[  9%]   step 27518
[  9%]   step 27519
[  9%]   step 27520
[  9%]   step 27521
[  9%]   step 27522
[  9%]   step 27523
[  9%]   step 27524
[  9%]   step 27525
[  9%]   step 27526
[  9%]   step 27527
[  9%]   step 27528
[  9%]   step 27529
[  9%]   step 27530
[  9%]   step 27531
[  9%]   step 27532
[  9%]   step 27533
[  9%]   step 27534
[  9%]   step 27535
[  9%]   step 27536
[  9%]   step 27537
[  9%]   step 27538
[  9%]   step 27539
[  9%]   step 27540
[  9%]   step 27541
[  9%]   step 27542
[  9%]   step 27543
[  9%]   step 27544
[  9%]   step 27545
[  9%]   step 27546
[  9%]   step 27547
[  9%]   step 27548
[  9%]   step 27549
[  9%]   step 27550
[  9%]   step 27551
[  9%]   step 27552
[  9%]   step 27553
[  9%]   step 27554
[  9%]   step 27555
[  9%]   step 27556
[  9%]   step 27557
[  9%]   step 27558
[  9%]   step 27559
[  9%]   step 27560
[  9%]   step 27561
[  9%]   step 27562
[  9%]   step 27563
[  9%]   step 27564
[  9%]   step 27565
[  9%]   step 27566
[  9%]   step 27567
[  9%]   step 27568
[  9%]   step 27569
[  9%]   step 27570
[  9%]   step 27571
[  9%]   step 27572
[  9%]   step 27573
[  9%]   step 27574
[  9%]   step 27575
[  9%]   step 27576
[  9%]   step 27577
[  9%]   step 27578
[  9%]   step 27579
[  9%]   step 27580
[  9%]   step 27581
[  9%]   step 27582
[  9%]   step 27583
[  9%]   step 27584
[  9%]   step 27585
[  9%]   step 27586
[  9%]   step 27587
[  9%]   step 27588
[  9%]   step 27589
[  9%]   step 27590
[  9%]   step 27591
[  9%]   step 27592
[  9%]   step 27593
[  9%]   step 27594
[  9%]   step 27595
[  9%]   step 27596
[  9%]   step 27597
[  9%]   step 27598
[  9%]   step 27599
[  9%]   step 27600
[  9%]   step 27601
[  9%]   step 27602
[  9%]   step 27603
[  9%]   step 27604
[  9%]   step 27605
[  9%]   step 27606
[  9%]   step 27607
[  9%]   step 27608
[  9%]   step 27609
[  9%]   step 27610
[  9%]   step 27611
[  9%]   step 27612
[  9%]   step 27613
[  9%]   step 27614
[  9%]   step 27615
[  9%]   step 27616
[  9%]   step 27617
[  9%]   step 27618
[  9%]   step 27619
[  9%]   step 27620
[  9%]   step 27621
[  9%]   step 27622
[  9%]   step 27623
[  9%]   step 27624
[  9%]   step 27625
[  9%]   step 27626
[  9%]   step 27627
[  9%]   step 27628
[  9%]   step 27629
[  9%]   step 27630
[  9%]   step 27631
[  9%]   step 27632
[  9%]   step 27633
[  9%]   step 27634
[  9%]   step 27635
[  9%]   step 27636
[  9%]   step 27637
[  9%]   step 27638
[  9%]   step 27639
[  9%]   step 27640
[  9%]   step 27641
[  9%]   step 27642
[  9%]   step 27643
[  9%]   step 27644
[  9%]   step 27645
[  9%]   step 27646
[  9%]   step 27647
[  9%]   step 27648
[  9%]   step 27649
[  9%]   step 27650
[  9%]   step 27651
[  9%]   step 27652
[  9%]   step 27653
[  9%]   step 27654
[  9%]   step 27655
[  9%]   step 27656
[  9%]   step 27657
[  9%]   step 27658
[  9%]   step 27659
[  9%]   step 27660
[  9%]   step 27661
[  9%]   step 27662
[  9%]   step 27663
[  9%]   step 27664
[  9%]   step 27665
[  9%]   step 27666
[  9%]   step 27667
[  9%]   step 27668
[  9%]   step 27669
[  9%]   step 27670
[  9%]   step 27671
[  9%]   step 27672
[  9%]   step 27673
[  9%]   step 27674
[  9%]   step 27675
[  9%]   step 27676
[  9%]   step 27677
[  9%]   step 27678
[  9%]   step 27679
[  9%]   step 27680
[  9%]   step 27681
[  9%]   step 27682
[  9%]   step 27683
[  9%]   step 27684
[  9%]   step 27685
[  9%]   step 27686
[  9%]   step 27687
[  9%]   step 27688
[  9%]   step 27689
[  9%]   step 27690
[  9%]   step 27691
[  9%]   step 27692
[  9%]   step 27693
[  9%]   step 27694
[  9%]   step 27695
[  9%]   step 27696
[  9%]   step 27697
[  9%]   step 27698
[  9%]   step 27699
[  9%]   step 27700
[  9%]   step 27701
[  9%]   step 27702
[  9%]   step 27703
[  9%]   step 27704
[  9%]   step 27705
[  9%]   step 27706
[  9%]   step 27707
[  9%]   step 27708
[  9%]   step 27709
[  9%]   step 27710
[  9%]   step 27711
[  9%]   step 27712
[  9%]   step 27713
[  9%]   step 27714
[  9%]   step 27715
[  9%]   step 27716
[  9%]   step 27717
[  9%]   step 27718
[  9%]   step 27719
[  9%]   step 27720
[  9%]   step 27721
[  9%]   step 27722
[  9%]   step 27723
[  9%]   step 27724
[  9%]   step 27725
[  9%]   step 27726
[  9%]   step 27727
[  9%]   step 27728
[  9%]   step 27729
[  9%]   step 27730
[  9%]   step 27731
[  9%]   step 27732
[  9%]   step 27733
[  9%]   step 27734
[  9%]   step 27735
[  9%]   step 27736
[  9%]   step 27737
[  9%]   step 27738
[  9%]   step 27739
[  9%]   step 27740
[  9%]   step 27741
[  9%]   step 27742
[  9%]   step 27743
[  9%]   step 27744
[  9%]   step 27745
[  9%]   step 27746
[  9%]   step 27747
[  9%]   step 27748
[  9%]   step 27749
[  9%]   step 27750
[  9%]   step 27751
[  9%]   step 27752
[  9%]   step 27753
[  9%]   step 27754
[  9%]   step 27755
[  9%]   step 27756
[  9%]   step 27757
[  9%]   step 27758
[  9%]   step 27759
[  9%]   step 27760
[  9%]   step 27761
[  9%]   step 27762
[  9%]   step 27763
[  9%]   step 27764
[  9%]   step 27765
[  9%]   step 27766
[  9%]   step 27767
[  9%]   step 27768
[  9%]   step 27769
[  9%]   step 27770
[  9%]   step 27771
[  9%]   step 27772
[  9%]   step 27773
[  9%]   step 27774
[  9%]   step 27775
[  9%]   step 27776
[  9%]   step 27777
[  9%]   step 27778
[  9%]   step 27779
[  9%]   step 27780
[  9%]   step 27781
[  9%]   step 27782
[  9%]   step 27783
[  9%]   step 27784
[  9%]   step 27785
[  9%]   step 27786
[  9%]   step 27787
[  9%]   step 27788
[  9%]   step 27789
[  9%]   step 27790
[  9%]   step 27791
+SWASH is processing output request    1
+SWASH is processing output request    2
[  9%]   step 27792
[  9%]   step 27793
[  9%]   step 27794
[  9%]   step 27795
[  9%]   step 27796
[  9%]   step 27797
[  9%]   step 27798
[  9%]   step 27799
[  9%]   step 27800
[  9%]   step 27801
[  9%]   step 27802
[  9%]   step 27803
[  9%]   step 27804
[  9%]   step 27805
[  9%]   step 27806
[  9%]   step 27807
[  9%]   step 27808
[  9%]   step 27809
[  9%]   step 27810
[  9%]   step 27811
[  9%]   step 27812
[  9%]   step 27813
[  9%]   step 27814
[  9%]   step 27815
[  9%]   step 27816
[  9%]   step 27817
[  9%]   step 27818
[  9%]   step 27819
[  9%]   step 27820
[  9%]   step 27821
[  9%]   step 27822
[  9%]   step 27823
[  9%]   step 27824
[  9%]   step 27825
[  9%]   step 27826
[  9%]   step 27827
[  9%]   step 27828
[  9%]   step 27829
[  9%]   step 27830
[  9%]   step 27831
[  9%]   step 27832
[  9%]   step 27833
[  9%]   step 27834
[  9%]   step 27835
[  9%]   step 27836
[  9%]   step 27837
[  9%]   step 27838
[  9%]   step 27839
[  9%]   step 27840
[  9%]   step 27841
[  9%]   step 27842
[  9%]   step 27843
[  9%]   step 27844
[  9%]   step 27845
[  9%]   step 27846
[  9%]   step 27847
[  9%]   step 27848
[  9%]   step 27849
[  9%]   step 27850
[  9%]   step 27851
[  9%]   step 27852
[  9%]   step 27853
[  9%]   step 27854
[  9%]   step 27855
[  9%]   step 27856
[  9%]   step 27857
[  9%]   step 27858
[  9%]   step 27859
[  9%]   step 27860
[  9%]   step 27861
[  9%]   step 27862
[  9%]   step 27863
[  9%]   step 27864
[  9%]   step 27865
[  9%]   step 27866
[  9%]   step 27867
[  9%]   step 27868
[  9%]   step 27869
[  9%]   step 27870
[  9%]   step 27871
[  9%]   step 27872
[  9%]   step 27873
[  9%]   step 27874
[  9%]   step 27875
[  9%]   step 27876
[  9%]   step 27877
[  9%]   step 27878
[  9%]   step 27879
[  9%]   step 27880
[  9%]   step 27881
[  9%]   step 27882
[  9%]   step 27883
[  9%]   step 27884
[  9%]   step 27885
[  9%]   step 27886
[  9%]   step 27887
[  9%]   step 27888
[  9%]   step 27889
[  9%]   step 27890
[  9%]   step 27891
[  9%]   step 27892
[  9%]   step 27893
[  9%]   step 27894
[  9%]   step 27895
[  9%]   step 27896
[  9%]   step 27897
[  9%]   step 27898
[  9%]   step 27899
[  9%]   step 27900
[  9%]   step 27901
[  9%]   step 27902
[  9%]   step 27903
[  9%]   step 27904
[  9%]   step 27905
[  9%]   step 27906
[  9%]   step 27907
[  9%]   step 27908
[  9%]   step 27909
[  9%]   step 27910
[  9%]   step 27911
[  9%]   step 27912
[  9%]   step 27913
[  9%]   step 27914
[  9%]   step 27915
[  9%]   step 27916
[  9%]   step 27917
[  9%]   step 27918
[  9%]   step 27919
[  9%]   step 27920
[  9%]   step 27921
[  9%]   step 27922
[  9%]   step 27923
[  9%]   step 27924
[  9%]   step 27925
[  9%]   step 27926
[  9%]   step 27927
[  9%]   step 27928
[  9%]   step 27929
[  9%]   step 27930
[  9%]   step 27931
[  9%]   step 27932
[  9%]   step 27933
[  9%]   step 27934
[  9%]   step 27935
[  9%]   step 27936
[  9%]   step 27937
[  9%]   step 27938
[  9%]   step 27939
[  9%]   step 27940
[  9%]   step 27941
[  9%]   step 27942
[  9%]   step 27943
[  9%]   step 27944
[  9%]   step 27945
[  9%]   step 27946
[  9%]   step 27947
[  9%]   step 27948
[  9%]   step 27949
[  9%]   step 27950
[  9%]   step 27951
[  9%]   step 27952
[  9%]   step 27953
[  9%]   step 27954
[  9%]   step 27955
[  9%]   step 27956
[  9%]   step 27957
[  9%]   step 27958
[  9%]   step 27959
[  9%]   step 27960
[  9%]   step 27961
[  9%]   step 27962
[  9%]   step 27963
[  9%]   step 27964
[  9%]   step 27965
[  9%]   step 27966
[  9%]   step 27967
[  9%]   step 27968
[  9%]   step 27969
[  9%]   step 27970
[  9%]   step 27971
[  9%]   step 27972
[  9%]   step 27973
[  9%]   step 27974
[  9%]   step 27975
[  9%]   step 27976
[  9%]   step 27977
[  9%]   step 27978
[  9%]   step 27979
[  9%]   step 27980
[  9%]   step 27981
[  9%]   step 27982
[  9%]   step 27983
[  9%]   step 27984
[  9%]   step 27985
[  9%]   step 27986
[  9%]   step 27987
[  9%]   step 27988
[  9%]   step 27989
[  9%]   step 27990
[  9%]   step 27991
[  9%]   step 27992
[  9%]   step 27993
[  9%]   step 27994
[  9%]   step 27995
[  9%]   step 27996
[  9%]   step 27997
[  9%]   step 27998
[  9%]   step 27999
[  9%]   step 28000
[  9%]   step 28001
[  9%]   step 28002
[  9%]   step 28003
[  9%]   step 28004
[  9%]   step 28005
[  9%]   step 28006
[  9%]   step 28007
[  9%]   step 28008
[  9%]   step 28009
[  9%]   step 28010
[  9%]   step 28011
[  9%]   step 28012
[  9%]   step 28013
[  9%]   step 28014
[  9%]   step 28015
[  9%]   step 28016
[  9%]   step 28017
[  9%]   step 28018
[  9%]   step 28019
[  9%]   step 28020
[  9%]   step 28021
[  9%]   step 28022
[  9%]   step 28023
[  9%]   step 28024
[  9%]   step 28025
[  9%]   step 28026
[  9%]   step 28027
[  9%]   step 28028
[  9%]   step 28029
[  9%]   step 28030
[  9%]   step 28031
[  9%]   step 28032
[  9%]   step 28033
[  9%]   step 28034
[  9%]   step 28035
[  9%]   step 28036
[  9%]   step 28037
[  9%]   step 28038
[  9%]   step 28039
[  9%]   step 28040
[  9%]   step 28041
[  9%]   step 28042
[  9%]   step 28043
[  9%]   step 28044
[  9%]   step 28045
[  9%]   step 28046
[  9%]   step 28047
[  9%]   step 28048
[  9%]   step 28049
[  9%]   step 28050
[  9%]   step 28051
[  9%]   step 28052
[  9%]   step 28053
[  9%]   step 28054
[  9%]   step 28055
[  9%]   step 28056
[  9%]   step 28057
[  9%]   step 28058
[  9%]   step 28059
[  9%]   step 28060
[  9%]   step 28061
[  9%]   step 28062
[  9%]   step 28063
[  9%]   step 28064
[  9%]   step 28065
[  9%]   step 28066
[  9%]   step 28067
[  9%]   step 28068
[  9%]   step 28069
[  9%]   step 28070
[  9%]   step 28071
[  9%]   step 28072
[  9%]   step 28073
[  9%]   step 28074
[  9%]   step 28075
[  9%]   step 28076
[  9%]   step 28077
[  9%]   step 28078
[  9%]   step 28079
[  9%]   step 28080
[  9%]   step 28081
[  9%]   step 28082
[  9%]   step 28083
[  9%]   step 28084
[  9%]   step 28085
[  9%]   step 28086
[  9%]   step 28087
[  9%]   step 28088
[  9%]   step 28089
[  9%]   step 28090
[  9%]   step 28091
[  9%]   step 28092
[  9%]   step 28093
[  9%]   step 28094
[  9%]   step 28095
[  9%]   step 28096
[  9%]   step 28097
[  9%]   step 28098
[  9%]   step 28099
[  9%]   step 28100
[  9%]   step 28101
[  9%]   step 28102
[  9%]   step 28103
[  9%]   step 28104
[  9%]   step 28105
[  9%]   step 28106
[  9%]   step 28107
[  9%]   step 28108
[  9%]   step 28109
[  9%]   step 28110
[  9%]   step 28111
[  9%]   step 28112
[  9%]   step 28113
[  9%]   step 28114
[  9%]   step 28115
[  9%]   step 28116
[  9%]   step 28117
[  9%]   step 28118
[  9%]   step 28119
[  9%]   step 28120
[  9%]   step 28121
[  9%]   step 28122
[  9%]   step 28123
[  9%]   step 28124
[  9%]   step 28125
[  9%]   step 28126
[  9%]   step 28127
[  9%]   step 28128
[  9%]   step 28129
[  9%]   step 28130
[  9%]   step 28131
[  9%]   step 28132
[  9%]   step 28133
[  9%]   step 28134
[  9%]   step 28135
[  9%]   step 28136
[  9%]   step 28137
[  9%]   step 28138
[  9%]   step 28139
[  9%]   step 28140
[  9%]   step 28141
[  9%]   step 28142
[  9%]   step 28143
[  9%]   step 28144
[  9%]   step 28145
[  9%]   step 28146
[  9%]   step 28147
[  9%]   step 28148
[  9%]   step 28149
[  9%]   step 28150
[  9%]   step 28151
[  9%]   step 28152
[  9%]   step 28153
[  9%]   step 28154
[  9%]   step 28155
[  9%]   step 28156
[  9%]   step 28157
[  9%]   step 28158
[  9%]   step 28159
[  9%]   step 28160
[  9%]   step 28161
[  9%]   step 28162
[  9%]   step 28163
[  9%]   step 28164
[  9%]   step 28165
[  9%]   step 28166
[  9%]   step 28167
[  9%]   step 28168
[  9%]   step 28169
[  9%]   step 28170
[  9%]   step 28171
[  9%]   step 28172
[  9%]   step 28173
[  9%]   step 28174
[  9%]   step 28175
[  9%]   step 28176
[  9%]   step 28177
[  9%]   step 28178
[  9%]   step 28179
[  9%]   step 28180
[  9%]   step 28181
[  9%]   step 28182
+SWASH is processing output request    1
+SWASH is processing output request    2
[  9%]   step 28183
[  9%]   step 28184
[  9%]   step 28185
[  9%]   step 28186
[  9%]   step 28187
[  9%]   step 28188
[  9%]   step 28189
[  9%]   step 28190
[  9%]   step 28191
[  9%]   step 28192
[  9%]   step 28193
[  9%]   step 28194
[  9%]   step 28195
[  9%]   step 28196
[  9%]   step 28197
[  9%]   step 28198
[  9%]   step 28199
[  9%]   step 28200
[  9%]   step 28201
[  9%]   step 28202
[  9%]   step 28203
[  9%]   step 28204
[  9%]   step 28205
[  9%]   step 28206
[  9%]   step 28207
[  9%]   step 28208
[  9%]   step 28209
[  9%]   step 28210
[  9%]   step 28211
[  9%]   step 28212
[  9%]   step 28213
[  9%]   step 28214
[  9%]   step 28215
[  9%]   step 28216
[  9%]   step 28217
[  9%]   step 28218
[  9%]   step 28219
[  9%]   step 28220
[  9%]   step 28221
[  9%]   step 28222
[  9%]   step 28223
[  9%]   step 28224
[  9%]   step 28225
[  9%]   step 28226
[  9%]   step 28227
[  9%]   step 28228
[  9%]   step 28229
[  9%]   step 28230
[  9%]   step 28231
[  9%]   step 28232
[  9%]   step 28233
[  9%]   step 28234
[  9%]   step 28235
[  9%]   step 28236
[  9%]   step 28237
[  9%]   step 28238
[  9%]   step 28239
[  9%]   step 28240
[  9%]   step 28241
[  9%]   step 28242
[  9%]   step 28243
[  9%]   step 28244
[  9%]   step 28245
[  9%]   step 28246
[  9%]   step 28247
[  9%]   step 28248
[  9%]   step 28249
[  9%]   step 28250
[  9%]   step 28251
[  9%]   step 28252
[  9%]   step 28253
[  9%]   step 28254
[  9%]   step 28255
[  9%]   step 28256
[  9%]   step 28257
[  9%]   step 28258
[  9%]   step 28259
[  9%]   step 28260
[  9%]   step 28261
[  9%]   step 28262
[  9%]   step 28263
[  9%]   step 28264
[  9%]   step 28265
[  9%]   step 28266
[  9%]   step 28267
[  9%]   step 28268
[  9%]   step 28269
[  9%]   step 28270
[  9%]   step 28271
[  9%]   step 28272
[  9%]   step 28273
[  9%]   step 28274
[  9%]   step 28275
[  9%]   step 28276
[  9%]   step 28277
[  9%]   step 28278
[  9%]   step 28279
[  9%]   step 28280
[  9%]   step 28281
[  9%]   step 28282
[  9%]   step 28283
[  9%]   step 28284
[  9%]   step 28285
[  9%]   step 28286
[  9%]   step 28287
[  9%]   step 28288
[  9%]   step 28289
[  9%]   step 28290
[  9%]   step 28291
[  9%]   step 28292
[  9%]   step 28293
[  9%]   step 28294
[  9%]   step 28295
[  9%]   step 28296
[  9%]   step 28297
[  9%]   step 28298
[  9%]   step 28299
[  9%]   step 28300
[  9%]   step 28301
[  9%]   step 28302
[  9%]   step 28303
[  9%]   step 28304
[  9%]   step 28305
[  9%]   step 28306
[  9%]   step 28307
[  9%]   step 28308
[  9%]   step 28309
[  9%]   step 28310
[  9%]   step 28311
[  9%]   step 28312
[  9%]   step 28313
[  9%]   step 28314
[  9%]   step 28315
[  9%]   step 28316
[  9%]   step 28317
[  9%]   step 28318
[  9%]   step 28319
[  9%]   step 28320
[  9%]   step 28321
[  9%]   step 28322
[  9%]   step 28323
[  9%]   step 28324
[  9%]   step 28325
[  9%]   step 28326
[  9%]   step 28327
[  9%]   step 28328
[  9%]   step 28329
[  9%]   step 28330
[  9%]   step 28331
[  9%]   step 28332
[  9%]   step 28333
[  9%]   step 28334
[  9%]   step 28335
[  9%]   step 28336
[  9%]   step 28337
[  9%]   step 28338
[  9%]   step 28339
[  9%]   step 28340
[  9%]   step 28341
[  9%]   step 28342
[  9%]   step 28343
[  9%]   step 28344
[  9%]   step 28345
[  9%]   step 28346
[  9%]   step 28347
[  9%]   step 28348
[  9%]   step 28349
[  9%]   step 28350
[  9%]   step 28351
[  9%]   step 28352
[  9%]   step 28353
[  9%]   step 28354
[  9%]   step 28355
[  9%]   step 28356
[  9%]   step 28357
[  9%]   step 28358
[  9%]   step 28359
[  9%]   step 28360
[  9%]   step 28361
[  9%]   step 28362
[  9%]   step 28363
[  9%]   step 28364
[  9%]   step 28365
[  9%]   step 28366
[  9%]   step 28367
[  9%]   step 28368
[  9%]   step 28369
[  9%]   step 28370
[  9%]   step 28371
[  9%]   step 28372
[  9%]   step 28373
[  9%]   step 28374
[  9%]   step 28375
[  9%]   step 28376
[  9%]   step 28377
[  9%]   step 28378
[  9%]   step 28379
[  9%]   step 28380
[  9%]   step 28381
[  9%]   step 28382
[  9%]   step 28383
[  9%]   step 28384
[  9%]   step 28385
[  9%]   step 28386
[  9%]   step 28387
[  9%]   step 28388
[  9%]   step 28389
[  9%]   step 28390
[  9%]   step 28391
[  9%]   step 28392
[  9%]   step 28393
[  9%]   step 28394
[  9%]   step 28395
[  9%]   step 28396
[  9%]   step 28397
[  9%]   step 28398
[  9%]   step 28399
[  9%]   step 28400
[  9%]   step 28401
[  9%]   step 28402
[  9%]   step 28403
[  9%]   step 28404
[  9%]   step 28405
[  9%]   step 28406
[  9%]   step 28407
[  9%]   step 28408
[  9%]   step 28409
[  9%]   step 28410
[  9%]   step 28411
[  9%]   step 28412
[  9%]   step 28413
[  9%]   step 28414
[  9%]   step 28415
[  9%]   step 28416
[  9%]   step 28417
[  9%]   step 28418
[  9%]   step 28419
[  9%]   step 28420
[  9%]   step 28421
[  9%]   step 28422
[  9%]   step 28423
[  9%]   step 28424
[  9%]   step 28425
[  9%]   step 28426
[  9%]   step 28427
[  9%]   step 28428
[  9%]   step 28429
[  9%]   step 28430
[  9%]   step 28431
[  9%]   step 28432
[  9%]   step 28433
[  9%]   step 28434
[  9%]   step 28435
[  9%]   step 28436
[  9%]   step 28437
[  9%]   step 28438
[  9%]   step 28439
[  9%]   step 28440
[  9%]   step 28441
[  9%]   step 28442
[  9%]   step 28443
[  9%]   step 28444
[  9%]   step 28445
[  9%]   step 28446
[  9%]   step 28447
[  9%]   step 28448
[  9%]   step 28449
[  9%]   step 28450
[  9%]   step 28451
[  9%]   step 28452
[  9%]   step 28453
[  9%]   step 28454
[  9%]   step 28455
[  9%]   step 28456
[  9%]   step 28457
[  9%]   step 28458
[  9%]   step 28459
[  9%]   step 28460
[  9%]   step 28461
[  9%]   step 28462
[  9%]   step 28463
[  9%]   step 28464
[  9%]   step 28465
[  9%]   step 28466
[  9%]   step 28467
[  9%]   step 28468
[  9%]   step 28469
[  9%]   step 28470
[  9%]   step 28471
[  9%]   step 28472
[  9%]   step 28473
[  9%]   step 28474
[  9%]   step 28475
[  9%]   step 28476
[  9%]   step 28477
[  9%]   step 28478
[  9%]   step 28479
[  9%]   step 28480
[  9%]   step 28481
[  9%]   step 28482
[  9%]   step 28483
[  9%]   step 28484
[  9%]   step 28485
[  9%]   step 28486
[  9%]   step 28487
[  9%]   step 28488
[  9%]   step 28489
[  9%]   step 28490
[  9%]   step 28491
[  9%]   step 28492
[  9%]   step 28493
[  9%]   step 28494
[  9%]   step 28495
[  9%]   step 28496
[  9%]   step 28497
[  9%]   step 28498
[  9%]   step 28499
[  9%]   step 28500
[  9%]   step 28501
[  9%]   step 28502
[  9%]   step 28503
[  9%]   step 28504
[  9%]   step 28505
[  9%]   step 28506
[  9%]   step 28507
[  9%]   step 28508
[  9%]   step 28509
[  9%]   step 28510
[  9%]   step 28511
[  9%]   step 28512
[  9%]   step 28513
[  9%]   step 28514
[  9%]   step 28515
[  9%]   step 28516
[  9%]   step 28517
[  9%]   step 28518
[  9%]   step 28519
[  9%]   step 28520
[  9%]   step 28521
[  9%]   step 28522
[  9%]   step 28523
[  9%]   step 28524
[  9%]   step 28525
[  9%]   step 28526
[  9%]   step 28527
[  9%]   step 28528
[  9%]   step 28529
[  9%]   step 28530
[  9%]   step 28531
[  9%]   step 28532
[  9%]   step 28533
[  9%]   step 28534
[  9%]   step 28535
[  9%]   step 28536
[  9%]   step 28537
[  9%]   step 28538
[  9%]   step 28539
[  9%]   step 28540
[  9%]   step 28541
[  9%]   step 28542
[  9%]   step 28543
[  9%]   step 28544
[  9%]   step 28545
[  9%]   step 28546
[  9%]   step 28547
[  9%]   step 28548
[  9%]   step 28549
[  9%]   step 28550
[  9%]   step 28551
[  9%]   step 28552
[  9%]   step 28553
[  9%]   step 28554
[  9%]   step 28555
[  9%]   step 28556
[  9%]   step 28557
[  9%]   step 28558
[  9%]   step 28559
[  9%]   step 28560
[  9%]   step 28561
[  9%]   step 28562
[  9%]   step 28563
[  9%]   step 28564
[  9%]   step 28565
[  9%]   step 28566
[  9%]   step 28567
[  9%]   step 28568
[  9%]   step 28569
[  9%]   step 28570
[  9%]   step 28571
[  9%]   step 28572
[  9%]   step 28573
[  9%]   step 28574
+SWASH is processing output request    1
+SWASH is processing output request    2
[  9%]   step 28575
[  9%]   step 28576
[  9%]   step 28577
[  9%]   step 28578
[  9%]   step 28579
[  9%]   step 28580
[  9%]   step 28581
[  9%]   step 28582
[  9%]   step 28583
[  9%]   step 28584
[  9%]   step 28585
[  9%]   step 28586
[  9%]   step 28587
[  9%]   step 28588
[  9%]   step 28589
[  9%]   step 28590
[  9%]   step 28591
[  9%]   step 28592
[  9%]   step 28593
[  9%]   step 28594
[  9%]   step 28595
[  9%]   step 28596
[  9%]   step 28597
[  9%]   step 28598
[  9%]   step 28599
[  9%]   step 28600
[  9%]   step 28601
[  9%]   step 28602
[  9%]   step 28603
[  9%]   step 28604
[  9%]   step 28605
[  9%]   step 28606
[  9%]   step 28607
[  9%]   step 28608
[  9%]   step 28609
[  9%]   step 28610
[  9%]   step 28611
[  9%]   step 28612
[  9%]   step 28613
[  9%]   step 28614
[  9%]   step 28615
[  9%]   step 28616
[  9%]   step 28617
[  9%]   step 28618
[  9%]   step 28619
[  9%]   step 28620
[  9%]   step 28621
[  9%]   step 28622
[  9%]   step 28623
[  9%]   step 28624
[  9%]   step 28625
[  9%]   step 28626
[  9%]   step 28627
[  9%]   step 28628
[  9%]   step 28629
[  9%]   step 28630
[  9%]   step 28631
[  9%]   step 28632
[  9%]   step 28633
[  9%]   step 28634
[  9%]   step 28635
[  9%]   step 28636
[  9%]   step 28637
[  9%]   step 28638
[  9%]   step 28639
[  9%]   step 28640
[  9%]   step 28641
[  9%]   step 28642
[  9%]   step 28643
[  9%]   step 28644
[  9%]   step 28645
[  9%]   step 28646
[  9%]   step 28647
[  9%]   step 28648
[  9%]   step 28649
[  9%]   step 28650
[  9%]   step 28651
[  9%]   step 28652
[  9%]   step 28653
[  9%]   step 28654
[  9%]   step 28655
[  9%]   step 28656
[  9%]   step 28657
[  9%]   step 28658
[  9%]   step 28659
[  9%]   step 28660
[  9%]   step 28661
[  9%]   step 28662
[  9%]   step 28663
[  9%]   step 28664
[  9%]   step 28665
[  9%]   step 28666
[  9%]   step 28667
[  9%]   step 28668
[  9%]   step 28669
[  9%]   step 28670
[  9%]   step 28671
[  9%]   step 28672
[  9%]   step 28673
[  9%]   step 28674
[  9%]   step 28675
[  9%]   step 28676
[  9%]   step 28677
[  9%]   step 28678
[  9%]   step 28679
[  9%]   step 28680
[  9%]   step 28681
[  9%]   step 28682
[  9%]   step 28683
[  9%]   step 28684
[  9%]   step 28685
[  9%]   step 28686
[  9%]   step 28687
[  9%]   step 28688
[  9%]   step 28689
[  9%]   step 28690
[  9%]   step 28691
[  9%]   step 28692
[  9%]   step 28693
[  9%]   step 28694
[  9%]   step 28695
[  9%]   step 28696
[  9%]   step 28697
[  9%]   step 28698
[  9%]   step 28699
[  9%]   step 28700
[  9%]   step 28701
[  9%]   step 28702
[  9%]   step 28703
[  9%]   step 28704
[  9%]   step 28705
[  9%]   step 28706
[  9%]   step 28707
[  9%]   step 28708
[  9%]   step 28709
[  9%]   step 28710
[  9%]   step 28711
[  9%]   step 28712
[  9%]   step 28713
[  9%]   step 28714
[  9%]   step 28715
[  9%]   step 28716
[  9%]   step 28717
[  9%]   step 28718
[  9%]   step 28719
[  9%]   step 28720
[  9%]   step 28721
[  9%]   step 28722
[  9%]   step 28723
[  9%]   step 28724
[  9%]   step 28725
[  9%]   step 28726
[  9%]   step 28727
[  9%]   step 28728
[  9%]   step 28729
[  9%]   step 28730
[  9%]   step 28731
[  9%]   step 28732
[  9%]   step 28733
[  9%]   step 28734
[  9%]   step 28735
[  9%]   step 28736
[  9%]   step 28737
[  9%]   step 28738
[  9%]   step 28739
[  9%]   step 28740
[  9%]   step 28741
[  9%]   step 28742
[  9%]   step 28743
[  9%]   step 28744
[  9%]   step 28745
[  9%]   step 28746
[  9%]   step 28747
[  9%]   step 28748
[  9%]   step 28749
[  9%]   step 28750
[  9%]   step 28751
[  9%]   step 28752
[  9%]   step 28753
[  9%]   step 28754
[  9%]   step 28755
[  9%]   step 28756
[  9%]   step 28757
[  9%]   step 28758
[  9%]   step 28759
[  9%]   step 28760
[  9%]   step 28761
[  9%]   step 28762
[  9%]   step 28763
[  9%]   step 28764
[  9%]   step 28765
[  9%]   step 28766
[  9%]   step 28767
[  9%]   step 28768
[  9%]   step 28769
[  9%]   step 28770
[  9%]   step 28771
[  9%]   step 28772
[  9%]   step 28773
[  9%]   step 28774
[  9%]   step 28775
[  9%]   step 28776
[  9%]   step 28777
[  9%]   step 28778
[  9%]   step 28779
[  9%]   step 28780
[  9%]   step 28781
[  9%]   step 28782
[  9%]   step 28783
[  9%]   step 28784
[  9%]   step 28785
[  9%]   step 28786
[  9%]   step 28787
[  9%]   step 28788
[  9%]   step 28789
[  9%]   step 28790
[  9%]   step 28791
[  9%]   step 28792
[  9%]   step 28793
[  9%]   step 28794
[  9%]   step 28795
[  9%]   step 28796
[  9%]   step 28797
[  9%]   step 28798
[  9%]   step 28799
[  9%]   step 28800
[  9%]   step 28801
[  9%]   step 28802
[  9%]   step 28803
[  9%]   step 28804
[  9%]   step 28805
[  9%]   step 28806
[  9%]   step 28807
[  9%]   step 28808
[  9%]   step 28809
[  9%]   step 28810
[  9%]   step 28811
[  9%]   step 28812
[  9%]   step 28813
[  9%]   step 28814
[  9%]   step 28815
[  9%]   step 28816
[  9%]   step 28817
[  9%]   step 28818
[  9%]   step 28819
[  9%]   step 28820
[  9%]   step 28821
[  9%]   step 28822
[  9%]   step 28823
[  9%]   step 28824
[  9%]   step 28825
[  9%]   step 28826
[  9%]   step 28827
[  9%]   step 28828
[  9%]   step 28829
[  9%]   step 28830
[  9%]   step 28831
[  9%]   step 28832
[  9%]   step 28833
[  9%]   step 28834
[  9%]   step 28835
[  9%]   step 28836
[  9%]   step 28837
[  9%]   step 28838
[  9%]   step 28839
[  9%]   step 28840
[  9%]   step 28841
[  9%]   step 28842
[  9%]   step 28843
[  9%]   step 28844
[  9%]   step 28845
[  9%]   step 28846
[  9%]   step 28847
[  9%]   step 28848
[  9%]   step 28849
[  9%]   step 28850
[  9%]   step 28851
[  9%]   step 28852
[  9%]   step 28853
[  9%]   step 28854
[  9%]   step 28855
[  9%]   step 28856
[  9%]   step 28857
[  9%]   step 28858
[  9%]   step 28859
[  9%]   step 28860
[  9%]   step 28861
[  9%]   step 28862
[  9%]   step 28863
[  9%]   step 28864
[  9%]   step 28865
[  9%]   step 28866
[  9%]   step 28867
[  9%]   step 28868
[  9%]   step 28869
[  9%]   step 28870
[  9%]   step 28871
[  9%]   step 28872
[  9%]   step 28873
[  9%]   step 28874
[  9%]   step 28875
[  9%]   step 28876
[  9%]   step 28877
[  9%]   step 28878
[  9%]   step 28879
[  9%]   step 28880
[  9%]   step 28881
[  9%]   step 28882
[  9%]   step 28883
[  9%]   step 28884
[  9%]   step 28885
[  9%]   step 28886
[  9%]   step 28887
[  9%]   step 28888
[  9%]   step 28889
[  9%]   step 28890
[  9%]   step 28891
[  9%]   step 28892
[  9%]   step 28893
[  9%]   step 28894
[  9%]   step 28895
[  9%]   step 28896
[  9%]   step 28897
[  9%]   step 28898
[  9%]   step 28899
[  9%]   step 28900
[  9%]   step 28901
[  9%]   step 28902
[  9%]   step 28903
[  9%]   step 28904
[  9%]   step 28905
[  9%]   step 28906
[  9%]   step 28907
[  9%]   step 28908
[  9%]   step 28909
[  9%]   step 28910
[  9%]   step 28911
[  9%]   step 28912
[  9%]   step 28913
[  9%]   step 28914
[  9%]   step 28915
[  9%]   step 28916
[  9%]   step 28917
[  9%]   step 28918
[  9%]   step 28919
[  9%]   step 28920
[  9%]   step 28921
[  9%]   step 28922
[  9%]   step 28923
[  9%]   step 28924
[  9%]   step 28925
[  9%]   step 28926
[  9%]   step 28927
[  9%]   step 28928
[  9%]   step 28929
[  9%]   step 28930
[  9%]   step 28931
[  9%]   step 28932
[  9%]   step 28933
[  9%]   step 28934
[  9%]   step 28935
[  9%]   step 28936
[  9%]   step 28937
[  9%]   step 28938
[  9%]   step 28939
[  9%]   step 28940
[  9%]   step 28941
[  9%]   step 28942
[  9%]   step 28943
[  9%]   step 28944
[  9%]   step 28945
[  9%]   step 28946
[  9%]   step 28947
[  9%]   step 28948
[  9%]   step 28949
[  9%]   step 28950
[  9%]   step 28951
[  9%]   step 28952
[  9%]   step 28953
[  9%]   step 28954
[  9%]   step 28955
[  9%]   step 28956
[  9%]   step 28957
[  9%]   step 28958
[  9%]   step 28959
[  9%]   step 28960
[  9%]   step 28961
[  9%]   step 28962
[  9%]   step 28963
[  9%]   step 28964
[  9%]   step 28965
+SWASH is processing output request    1
+SWASH is processing output request    2
[  9%]   step 28966
[  9%]   step 28967
[  9%]   step 28968
[  9%]   step 28969
[  9%]   step 28970
[  9%]   step 28971
[  9%]   step 28972
[  9%]   step 28973
[  9%]   step 28974
[  9%]   step 28975
[  9%]   step 28976
[  9%]   step 28977
[  9%]   step 28978
[  9%]   step 28979
[  9%]   step 28980
[  9%]   step 28981
[  9%]   step 28982
[  9%]   step 28983
[  9%]   step 28984
[  9%]   step 28985
[  9%]   step 28986
[  9%]   step 28987
[  9%]   step 28988
[  9%]   step 28989
[  9%]   step 28990
[  9%]   step 28991
[  9%]   step 28992
[  9%]   step 28993
[  9%]   step 28994
[  9%]   step 28995
[  9%]   step 28996
[  9%]   step 28997
[  9%]   step 28998
[  9%]   step 28999
[  9%]   step 29000
[  9%]   step 29001
[  9%]   step 29002
[  9%]   step 29003
[ 10%]   step 29004
[ 10%]   step 29005
[ 10%]   step 29006
[ 10%]   step 29007
[ 10%]   step 29008
[ 10%]   step 29009
[ 10%]   step 29010
[ 10%]   step 29011
[ 10%]   step 29012
[ 10%]   step 29013
[ 10%]   step 29014
[ 10%]   step 29015
[ 10%]   step 29016
[ 10%]   step 29017
[ 10%]   step 29018
[ 10%]   step 29019
[ 10%]   step 29020
[ 10%]   step 29021
[ 10%]   step 29022
[ 10%]   step 29023
[ 10%]   step 29024
[ 10%]   step 29025
[ 10%]   step 29026
[ 10%]   step 29027
[ 10%]   step 29028
[ 10%]   step 29029
[ 10%]   step 29030
[ 10%]   step 29031
[ 10%]   step 29032
[ 10%]   step 29033
[ 10%]   step 29034
[ 10%]   step 29035
[ 10%]   step 29036
[ 10%]   step 29037
[ 10%]   step 29038
[ 10%]   step 29039
[ 10%]   step 29040
[ 10%]   step 29041
[ 10%]   step 29042
[ 10%]   step 29043
[ 10%]   step 29044
[ 10%]   step 29045
[ 10%]   step 29046
[ 10%]   step 29047
[ 10%]   step 29048
[ 10%]   step 29049
[ 10%]   step 29050
[ 10%]   step 29051
[ 10%]   step 29052
[ 10%]   step 29053
[ 10%]   step 29054
[ 10%]   step 29055
[ 10%]   step 29056
[ 10%]   step 29057
[ 10%]   step 29058
[ 10%]   step 29059
[ 10%]   step 29060
[ 10%]   step 29061
[ 10%]   step 29062
[ 10%]   step 29063
[ 10%]   step 29064
[ 10%]   step 29065
[ 10%]   step 29066
[ 10%]   step 29067
[ 10%]   step 29068
[ 10%]   step 29069
[ 10%]   step 29070
[ 10%]   step 29071
[ 10%]   step 29072
[ 10%]   step 29073
[ 10%]   step 29074
[ 10%]   step 29075
[ 10%]   step 29076
[ 10%]   step 29077
[ 10%]   step 29078
[ 10%]   step 29079
[ 10%]   step 29080
[ 10%]   step 29081
[ 10%]   step 29082
[ 10%]   step 29083
[ 10%]   step 29084
[ 10%]   step 29085
[ 10%]   step 29086
[ 10%]   step 29087
[ 10%]   step 29088
[ 10%]   step 29089
[ 10%]   step 29090
[ 10%]   step 29091
[ 10%]   step 29092
[ 10%]   step 29093
[ 10%]   step 29094
[ 10%]   step 29095
[ 10%]   step 29096
[ 10%]   step 29097
[ 10%]   step 29098
[ 10%]   step 29099
[ 10%]   step 29100
[ 10%]   step 29101
[ 10%]   step 29102
[ 10%]   step 29103
[ 10%]   step 29104
[ 10%]   step 29105
[ 10%]   step 29106
[ 10%]   step 29107
[ 10%]   step 29108
[ 10%]   step 29109
[ 10%]   step 29110
[ 10%]   step 29111
[ 10%]   step 29112
[ 10%]   step 29113
[ 10%]   step 29114
[ 10%]   step 29115
[ 10%]   step 29116
[ 10%]   step 29117
[ 10%]   step 29118
[ 10%]   step 29119
[ 10%]   step 29120
[ 10%]   step 29121
[ 10%]   step 29122
[ 10%]   step 29123
[ 10%]   step 29124
[ 10%]   step 29125
[ 10%]   step 29126
[ 10%]   step 29127
[ 10%]   step 29128
[ 10%]   step 29129
[ 10%]   step 29130
[ 10%]   step 29131
[ 10%]   step 29132
[ 10%]   step 29133
[ 10%]   step 29134
[ 10%]   step 29135
[ 10%]   step 29136
[ 10%]   step 29137
[ 10%]   step 29138
[ 10%]   step 29139
[ 10%]   step 29140
[ 10%]   step 29141
[ 10%]   step 29142
[ 10%]   step 29143
[ 10%]   step 29144
[ 10%]   step 29145
[ 10%]   step 29146
[ 10%]   step 29147
[ 10%]   step 29148
[ 10%]   step 29149
[ 10%]   step 29150
[ 10%]   step 29151
[ 10%]   step 29152
[ 10%]   step 29153
[ 10%]   step 29154
[ 10%]   step 29155
[ 10%]   step 29156
[ 10%]   step 29157
[ 10%]   step 29158
[ 10%]   step 29159
[ 10%]   step 29160
[ 10%]   step 29161
[ 10%]   step 29162
[ 10%]   step 29163
[ 10%]   step 29164
[ 10%]   step 29165
[ 10%]   step 29166
[ 10%]   step 29167
[ 10%]   step 29168
[ 10%]   step 29169
[ 10%]   step 29170
[ 10%]   step 29171
[ 10%]   step 29172
[ 10%]   step 29173
[ 10%]   step 29174
[ 10%]   step 29175
[ 10%]   step 29176
[ 10%]   step 29177
[ 10%]   step 29178
[ 10%]   step 29179
[ 10%]   step 29180
[ 10%]   step 29181
[ 10%]   step 29182
[ 10%]   step 29183
[ 10%]   step 29184
[ 10%]   step 29185
[ 10%]   step 29186
[ 10%]   step 29187
[ 10%]   step 29188
[ 10%]   step 29189
[ 10%]   step 29190
[ 10%]   step 29191
[ 10%]   step 29192
[ 10%]   step 29193
[ 10%]   step 29194
[ 10%]   step 29195
[ 10%]   step 29196
[ 10%]   step 29197
[ 10%]   step 29198
[ 10%]   step 29199
[ 10%]   step 29200
[ 10%]   step 29201
[ 10%]   step 29202
[ 10%]   step 29203
[ 10%]   step 29204
[ 10%]   step 29205
[ 10%]   step 29206
[ 10%]   step 29207
[ 10%]   step 29208
[ 10%]   step 29209
[ 10%]   step 29210
[ 10%]   step 29211
[ 10%]   step 29212
[ 10%]   step 29213
[ 10%]   step 29214
[ 10%]   step 29215
[ 10%]   step 29216
[ 10%]   step 29217
[ 10%]   step 29218
[ 10%]   step 29219
[ 10%]   step 29220
[ 10%]   step 29221
[ 10%]   step 29222
[ 10%]   step 29223
[ 10%]   step 29224
[ 10%]   step 29225
[ 10%]   step 29226
[ 10%]   step 29227
[ 10%]   step 29228
[ 10%]   step 29229
[ 10%]   step 29230
[ 10%]   step 29231
[ 10%]   step 29232
[ 10%]   step 29233
[ 10%]   step 29234
[ 10%]   step 29235
[ 10%]   step 29236
[ 10%]   step 29237
[ 10%]   step 29238
[ 10%]   step 29239
[ 10%]   step 29240
[ 10%]   step 29241
[ 10%]   step 29242
[ 10%]   step 29243
[ 10%]   step 29244
[ 10%]   step 29245
[ 10%]   step 29246
[ 10%]   step 29247
[ 10%]   step 29248
[ 10%]   step 29249
[ 10%]   step 29250
[ 10%]   step 29251
[ 10%]   step 29252
[ 10%]   step 29253
[ 10%]   step 29254
[ 10%]   step 29255
[ 10%]   step 29256
[ 10%]   step 29257
[ 10%]   step 29258
[ 10%]   step 29259
[ 10%]   step 29260
[ 10%]   step 29261
[ 10%]   step 29262
[ 10%]   step 29263
[ 10%]   step 29264
[ 10%]   step 29265
[ 10%]   step 29266
[ 10%]   step 29267
[ 10%]   step 29268
[ 10%]   step 29269
[ 10%]   step 29270
[ 10%]   step 29271
[ 10%]   step 29272
[ 10%]   step 29273
[ 10%]   step 29274
[ 10%]   step 29275
[ 10%]   step 29276
[ 10%]   step 29277
[ 10%]   step 29278
[ 10%]   step 29279
[ 10%]   step 29280
[ 10%]   step 29281
[ 10%]   step 29282
[ 10%]   step 29283
[ 10%]   step 29284
[ 10%]   step 29285
[ 10%]   step 29286
[ 10%]   step 29287
[ 10%]   step 29288
[ 10%]   step 29289
[ 10%]   step 29290
[ 10%]   step 29291
[ 10%]   step 29292
[ 10%]   step 29293
[ 10%]   step 29294
[ 10%]   step 29295
[ 10%]   step 29296
[ 10%]   step 29297
[ 10%]   step 29298
[ 10%]   step 29299
[ 10%]   step 29300
[ 10%]   step 29301
[ 10%]   step 29302
[ 10%]   step 29303
[ 10%]   step 29304
[ 10%]   step 29305
[ 10%]   step 29306
[ 10%]   step 29307
[ 10%]   step 29308
[ 10%]   step 29309
[ 10%]   step 29310
[ 10%]   step 29311
[ 10%]   step 29312
[ 10%]   step 29313
[ 10%]   step 29314
[ 10%]   step 29315
[ 10%]   step 29316
[ 10%]   step 29317
[ 10%]   step 29318
[ 10%]   step 29319
[ 10%]   step 29320
[ 10%]   step 29321
[ 10%]   step 29322
[ 10%]   step 29323
[ 10%]   step 29324
[ 10%]   step 29325
[ 10%]   step 29326
[ 10%]   step 29327
[ 10%]   step 29328
[ 10%]   step 29329
[ 10%]   step 29330
[ 10%]   step 29331
[ 10%]   step 29332
[ 10%]   step 29333
[ 10%]   step 29334
[ 10%]   step 29335
[ 10%]   step 29336
[ 10%]   step 29337
[ 10%]   step 29338
[ 10%]   step 29339
[ 10%]   step 29340
[ 10%]   step 29341
[ 10%]   step 29342
[ 10%]   step 29343
[ 10%]   step 29344
[ 10%]   step 29345
[ 10%]   step 29346
[ 10%]   step 29347
[ 10%]   step 29348
[ 10%]   step 29349
[ 10%]   step 29350
[ 10%]   step 29351
[ 10%]   step 29352
[ 10%]   step 29353
[ 10%]   step 29354
[ 10%]   step 29355
[ 10%]   step 29356
[ 10%]   step 29357
+SWASH is processing output request    1
+SWASH is processing output request    2
[ 10%]   step 29358
[ 10%]   step 29359
[ 10%]   step 29360
[ 10%]   step 29361
[ 10%]   step 29362
[ 10%]   step 29363
[ 10%]   step 29364
[ 10%]   step 29365
[ 10%]   step 29366
[ 10%]   step 29367
[ 10%]   step 29368
[ 10%]   step 29369
[ 10%]   step 29370
[ 10%]   step 29371
[ 10%]   step 29372
[ 10%]   step 29373
[ 10%]   step 29374
[ 10%]   step 29375
[ 10%]   step 29376
[ 10%]   step 29377
[ 10%]   step 29378
[ 10%]   step 29379
[ 10%]   step 29380
[ 10%]   step 29381
[ 10%]   step 29382
[ 10%]   step 29383
[ 10%]   step 29384
[ 10%]   step 29385
[ 10%]   step 29386
[ 10%]   step 29387
[ 10%]   step 29388
[ 10%]   step 29389
[ 10%]   step 29390
[ 10%]   step 29391
[ 10%]   step 29392
[ 10%]   step 29393
[ 10%]   step 29394
[ 10%]   step 29395
[ 10%]   step 29396
[ 10%]   step 29397
[ 10%]   step 29398
[ 10%]   step 29399
[ 10%]   step 29400
[ 10%]   step 29401
[ 10%]   step 29402
[ 10%]   step 29403
[ 10%]   step 29404
[ 10%]   step 29405
[ 10%]   step 29406
[ 10%]   step 29407
[ 10%]   step 29408
[ 10%]   step 29409
[ 10%]   step 29410
[ 10%]   step 29411
[ 10%]   step 29412
[ 10%]   step 29413
[ 10%]   step 29414
[ 10%]   step 29415
[ 10%]   step 29416
[ 10%]   step 29417
[ 10%]   step 29418
[ 10%]   step 29419
[ 10%]   step 29420
[ 10%]   step 29421
[ 10%]   step 29422
[ 10%]   step 29423
[ 10%]   step 29424
[ 10%]   step 29425
[ 10%]   step 29426
[ 10%]   step 29427
[ 10%]   step 29428
[ 10%]   step 29429
[ 10%]   step 29430
[ 10%]   step 29431
[ 10%]   step 29432
[ 10%]   step 29433
[ 10%]   step 29434
[ 10%]   step 29435
[ 10%]   step 29436
[ 10%]   step 29437
[ 10%]   step 29438
[ 10%]   step 29439
[ 10%]   step 29440
[ 10%]   step 29441
[ 10%]   step 29442
[ 10%]   step 29443
[ 10%]   step 29444
[ 10%]   step 29445
[ 10%]   step 29446
[ 10%]   step 29447
[ 10%]   step 29448
[ 10%]   step 29449
[ 10%]   step 29450
[ 10%]   step 29451
[ 10%]   step 29452
[ 10%]   step 29453
[ 10%]   step 29454
[ 10%]   step 29455
[ 10%]   step 29456
[ 10%]   step 29457
[ 10%]   step 29458
[ 10%]   step 29459
[ 10%]   step 29460
[ 10%]   step 29461
[ 10%]   step 29462
[ 10%]   step 29463
[ 10%]   step 29464
[ 10%]   step 29465
[ 10%]   step 29466
[ 10%]   step 29467
[ 10%]   step 29468
[ 10%]   step 29469
[ 10%]   step 29470
[ 10%]   step 29471
[ 10%]   step 29472
[ 10%]   step 29473
[ 10%]   step 29474
[ 10%]   step 29475
[ 10%]   step 29476
[ 10%]   step 29477
[ 10%]   step 29478
[ 10%]   step 29479
[ 10%]   step 29480
[ 10%]   step 29481
[ 10%]   step 29482
[ 10%]   step 29483
[ 10%]   step 29484
[ 10%]   step 29485
[ 10%]   step 29486
[ 10%]   step 29487
[ 10%]   step 29488
[ 10%]   step 29489
[ 10%]   step 29490
[ 10%]   step 29491
[ 10%]   step 29492
[ 10%]   step 29493
[ 10%]   step 29494
[ 10%]   step 29495
[ 10%]   step 29496
[ 10%]   step 29497
[ 10%]   step 29498
[ 10%]   step 29499
[ 10%]   step 29500
[ 10%]   step 29501
[ 10%]   step 29502
[ 10%]   step 29503
[ 10%]   step 29504
[ 10%]   step 29505
[ 10%]   step 29506
[ 10%]   step 29507
[ 10%]   step 29508
[ 10%]   step 29509
[ 10%]   step 29510
[ 10%]   step 29511
[ 10%]   step 29512
[ 10%]   step 29513
[ 10%]   step 29514
[ 10%]   step 29515
[ 10%]   step 29516
[ 10%]   step 29517
[ 10%]   step 29518
[ 10%]   step 29519
[ 10%]   step 29520
[ 10%]   step 29521
[ 10%]   step 29522
[ 10%]   step 29523
[ 10%]   step 29524
[ 10%]   step 29525
[ 10%]   step 29526
[ 10%]   step 29527
[ 10%]   step 29528
[ 10%]   step 29529
[ 10%]   step 29530
[ 10%]   step 29531
[ 10%]   step 29532
[ 10%]   step 29533
[ 10%]   step 29534
[ 10%]   step 29535
[ 10%]   step 29536
[ 10%]   step 29537
[ 10%]   step 29538
[ 10%]   step 29539
[ 10%]   step 29540
[ 10%]   step 29541
[ 10%]   step 29542
[ 10%]   step 29543
[ 10%]   step 29544
[ 10%]   step 29545
[ 10%]   step 29546
[ 10%]   step 29547
[ 10%]   step 29548
[ 10%]   step 29549
[ 10%]   step 29550
[ 10%]   step 29551
[ 10%]   step 29552
[ 10%]   step 29553
[ 10%]   step 29554
[ 10%]   step 29555
[ 10%]   step 29556
[ 10%]   step 29557
[ 10%]   step 29558
[ 10%]   step 29559
[ 10%]   step 29560
[ 10%]   step 29561
[ 10%]   step 29562
[ 10%]   step 29563
[ 10%]   step 29564
[ 10%]   step 29565
[ 10%]   step 29566
[ 10%]   step 29567
[ 10%]   step 29568
[ 10%]   step 29569
[ 10%]   step 29570
[ 10%]   step 29571
[ 10%]   step 29572
[ 10%]   step 29573
[ 10%]   step 29574
[ 10%]   step 29575
[ 10%]   step 29576
[ 10%]   step 29577
[ 10%]   step 29578
[ 10%]   step 29579
[ 10%]   step 29580
[ 10%]   step 29581
[ 10%]   step 29582
[ 10%]   step 29583
[ 10%]   step 29584
[ 10%]   step 29585
[ 10%]   step 29586
[ 10%]   step 29587
[ 10%]   step 29588
[ 10%]   step 29589
[ 10%]   step 29590
[ 10%]   step 29591
[ 10%]   step 29592
[ 10%]   step 29593
[ 10%]   step 29594
[ 10%]   step 29595
[ 10%]   step 29596
[ 10%]   step 29597
[ 10%]   step 29598
[ 10%]   step 29599
[ 10%]   step 29600
[ 10%]   step 29601
[ 10%]   step 29602
[ 10%]   step 29603
[ 10%]   step 29604
[ 10%]   step 29605
[ 10%]   step 29606
[ 10%]   step 29607
[ 10%]   step 29608
[ 10%]   step 29609
[ 10%]   step 29610
[ 10%]   step 29611
[ 10%]   step 29612
[ 10%]   step 29613
[ 10%]   step 29614
[ 10%]   step 29615
[ 10%]   step 29616
[ 10%]   step 29617
[ 10%]   step 29618
[ 10%]   step 29619
[ 10%]   step 29620
[ 10%]   step 29621
[ 10%]   step 29622
[ 10%]   step 29623
[ 10%]   step 29624
[ 10%]   step 29625
[ 10%]   step 29626
[ 10%]   step 29627
[ 10%]   step 29628
[ 10%]   step 29629
[ 10%]   step 29630
[ 10%]   step 29631
[ 10%]   step 29632
[ 10%]   step 29633
[ 10%]   step 29634
[ 10%]   step 29635
[ 10%]   step 29636
[ 10%]   step 29637
[ 10%]   step 29638
[ 10%]   step 29639
[ 10%]   step 29640
[ 10%]   step 29641
[ 10%]   step 29642
[ 10%]   step 29643
[ 10%]   step 29644
[ 10%]   step 29645
[ 10%]   step 29646
[ 10%]   step 29647
[ 10%]   step 29648
[ 10%]   step 29649
[ 10%]   step 29650
[ 10%]   step 29651
[ 10%]   step 29652
[ 10%]   step 29653
[ 10%]   step 29654
[ 10%]   step 29655
[ 10%]   step 29656
[ 10%]   step 29657
[ 10%]   step 29658
[ 10%]   step 29659
[ 10%]   step 29660
[ 10%]   step 29661
[ 10%]   step 29662
[ 10%]   step 29663
[ 10%]   step 29664
[ 10%]   step 29665
[ 10%]   step 29666
[ 10%]   step 29667
[ 10%]   step 29668
[ 10%]   step 29669
[ 10%]   step 29670
[ 10%]   step 29671
[ 10%]   step 29672
[ 10%]   step 29673
[ 10%]   step 29674
[ 10%]   step 29675
[ 10%]   step 29676
[ 10%]   step 29677
[ 10%]   step 29678
[ 10%]   step 29679
[ 10%]   step 29680
[ 10%]   step 29681
[ 10%]   step 29682
[ 10%]   step 29683
[ 10%]   step 29684
[ 10%]   step 29685
[ 10%]   step 29686
[ 10%]   step 29687
[ 10%]   step 29688
[ 10%]   step 29689
[ 10%]   step 29690
[ 10%]   step 29691
[ 10%]   step 29692
[ 10%]   step 29693
[ 10%]   step 29694
[ 10%]   step 29695
[ 10%]   step 29696
[ 10%]   step 29697
[ 10%]   step 29698
[ 10%]   step 29699
[ 10%]   step 29700
[ 10%]   step 29701
[ 10%]   step 29702
[ 10%]   step 29703
[ 10%]   step 29704
[ 10%]   step 29705
[ 10%]   step 29706
[ 10%]   step 29707
[ 10%]   step 29708
[ 10%]   step 29709
[ 10%]   step 29710
[ 10%]   step 29711
[ 10%]   step 29712
[ 10%]   step 29713
[ 10%]   step 29714
[ 10%]   step 29715
[ 10%]   step 29716
[ 10%]   step 29717
[ 10%]   step 29718
[ 10%]   step 29719
[ 10%]   step 29720
[ 10%]   step 29721
[ 10%]   step 29722
[ 10%]   step 29723
[ 10%]   step 29724
[ 10%]   step 29725
[ 10%]   step 29726
[ 10%]   step 29727
[ 10%]   step 29728
[ 10%]   step 29729
[ 10%]   step 29730
[ 10%]   step 29731
[ 10%]   step 29732
[ 10%]   step 29733
[ 10%]   step 29734
[ 10%]   step 29735
[ 10%]   step 29736
[ 10%]   step 29737
[ 10%]   step 29738
[ 10%]   step 29739
[ 10%]   step 29740
[ 10%]   step 29741
[ 10%]   step 29742
[ 10%]   step 29743
[ 10%]   step 29744
[ 10%]   step 29745
[ 10%]   step 29746
[ 10%]   step 29747
[ 10%]   step 29748
+SWASH is processing output request    1
+SWASH is processing output request    2
[ 10%]   step 29749
[ 10%]   step 29750
[ 10%]   step 29751
[ 10%]   step 29752
[ 10%]   step 29753
[ 10%]   step 29754
[ 10%]   step 29755
[ 10%]   step 29756
[ 10%]   step 29757
[ 10%]   step 29758
[ 10%]   step 29759
[ 10%]   step 29760
[ 10%]   step 29761
[ 10%]   step 29762
[ 10%]   step 29763
[ 10%]   step 29764
[ 10%]   step 29765
[ 10%]   step 29766
[ 10%]   step 29767
[ 10%]   step 29768
[ 10%]   step 29769
[ 10%]   step 29770
[ 10%]   step 29771
[ 10%]   step 29772
[ 10%]   step 29773
[ 10%]   step 29774
[ 10%]   step 29775
[ 10%]   step 29776
[ 10%]   step 29777
[ 10%]   step 29778
[ 10%]   step 29779
[ 10%]   step 29780
[ 10%]   step 29781
[ 10%]   step 29782
[ 10%]   step 29783
[ 10%]   step 29784
[ 10%]   step 29785
[ 10%]   step 29786
[ 10%]   step 29787
[ 10%]   step 29788
[ 10%]   step 29789
[ 10%]   step 29790
[ 10%]   step 29791
[ 10%]   step 29792
[ 10%]   step 29793
[ 10%]   step 29794
[ 10%]   step 29795
[ 10%]   step 29796
[ 10%]   step 29797
[ 10%]   step 29798
[ 10%]   step 29799
[ 10%]   step 29800
[ 10%]   step 29801
[ 10%]   step 29802
[ 10%]   step 29803
[ 10%]   step 29804
[ 10%]   step 29805
[ 10%]   step 29806
[ 10%]   step 29807
[ 10%]   step 29808
[ 10%]   step 29809
[ 10%]   step 29810
[ 10%]   step 29811
[ 10%]   step 29812
[ 10%]   step 29813
[ 10%]   step 29814
[ 10%]   step 29815
[ 10%]   step 29816
[ 10%]   step 29817
[ 10%]   step 29818
[ 10%]   step 29819
[ 10%]   step 29820
[ 10%]   step 29821
[ 10%]   step 29822
[ 10%]   step 29823
[ 10%]   step 29824
[ 10%]   step 29825
[ 10%]   step 29826
[ 10%]   step 29827
[ 10%]   step 29828
[ 10%]   step 29829
[ 10%]   step 29830
[ 10%]   step 29831
[ 10%]   step 29832
[ 10%]   step 29833
[ 10%]   step 29834
[ 10%]   step 29835
[ 10%]   step 29836
[ 10%]   step 29837
[ 10%]   step 29838
[ 10%]   step 29839
[ 10%]   step 29840
[ 10%]   step 29841
[ 10%]   step 29842
[ 10%]   step 29843
[ 10%]   step 29844
[ 10%]   step 29845
[ 10%]   step 29846
[ 10%]   step 29847
[ 10%]   step 29848
[ 10%]   step 29849
[ 10%]   step 29850
[ 10%]   step 29851
[ 10%]   step 29852
[ 10%]   step 29853
[ 10%]   step 29854
[ 10%]   step 29855
[ 10%]   step 29856
[ 10%]   step 29857
[ 10%]   step 29858
[ 10%]   step 29859
[ 10%]   step 29860
[ 10%]   step 29861
[ 10%]   step 29862
[ 10%]   step 29863
[ 10%]   step 29864
[ 10%]   step 29865
[ 10%]   step 29866
[ 10%]   step 29867
[ 10%]   step 29868
[ 10%]   step 29869
[ 10%]   step 29870
[ 10%]   step 29871
[ 10%]   step 29872
[ 10%]   step 29873
[ 10%]   step 29874
[ 10%]   step 29875
[ 10%]   step 29876
[ 10%]   step 29877
[ 10%]   step 29878
[ 10%]   step 29879
[ 10%]   step 29880
[ 10%]   step 29881
[ 10%]   step 29882
[ 10%]   step 29883
[ 10%]   step 29884
[ 10%]   step 29885
[ 10%]   step 29886
[ 10%]   step 29887
[ 10%]   step 29888
[ 10%]   step 29889
[ 10%]   step 29890
[ 10%]   step 29891
[ 10%]   step 29892
[ 10%]   step 29893
[ 10%]   step 29894
[ 10%]   step 29895
[ 10%]   step 29896
[ 10%]   step 29897
[ 10%]   step 29898
[ 10%]   step 29899
[ 10%]   step 29900
[ 10%]   step 29901
[ 10%]   step 29902
[ 10%]   step 29903
[ 10%]   step 29904
[ 10%]   step 29905
[ 10%]   step 29906
[ 10%]   step 29907
[ 10%]   step 29908
[ 10%]   step 29909
[ 10%]   step 29910
[ 10%]   step 29911
[ 10%]   step 29912
[ 10%]   step 29913
[ 10%]   step 29914
[ 10%]   step 29915
[ 10%]   step 29916
[ 10%]   step 29917
[ 10%]   step 29918
[ 10%]   step 29919
[ 10%]   step 29920
[ 10%]   step 29921
[ 10%]   step 29922
[ 10%]   step 29923
[ 10%]   step 29924
[ 10%]   step 29925
[ 10%]   step 29926
[ 10%]   step 29927
[ 10%]   step 29928
[ 10%]   step 29929
[ 10%]   step 29930
[ 10%]   step 29931
[ 10%]   step 29932
[ 10%]   step 29933
[ 10%]   step 29934
[ 10%]   step 29935
[ 10%]   step 29936
[ 10%]   step 29937
[ 10%]   step 29938
[ 10%]   step 29939
[ 10%]   step 29940
[ 10%]   step 29941
[ 10%]   step 29942
[ 10%]   step 29943
[ 10%]   step 29944
[ 10%]   step 29945
[ 10%]   step 29946
[ 10%]   step 29947
[ 10%]   step 29948
[ 10%]   step 29949
[ 10%]   step 29950
[ 10%]   step 29951
[ 10%]   step 29952
[ 10%]   step 29953
[ 10%]   step 29954
[ 10%]   step 29955
[ 10%]   step 29956
[ 10%]   step 29957
[ 10%]   step 29958
[ 10%]   step 29959
[ 10%]   step 29960
[ 10%]   step 29961
[ 10%]   step 29962
[ 10%]   step 29963
[ 10%]   step 29964
[ 10%]   step 29965
[ 10%]   step 29966
[ 10%]   step 29967
[ 10%]   step 29968
[ 10%]   step 29969
[ 10%]   step 29970
[ 10%]   step 29971
[ 10%]   step 29972
[ 10%]   step 29973
[ 10%]   step 29974
[ 10%]   step 29975
[ 10%]   step 29976
[ 10%]   step 29977
[ 10%]   step 29978
[ 10%]   step 29979
[ 10%]   step 29980
[ 10%]   step 29981
[ 10%]   step 29982
[ 10%]   step 29983
[ 10%]   step 29984
[ 10%]   step 29985
[ 10%]   step 29986
[ 10%]   step 29987
[ 10%]   step 29988
[ 10%]   step 29989
[ 10%]   step 29990
[ 10%]   step 29991
[ 10%]   step 29992
[ 10%]   step 29993
[ 10%]   step 29994
[ 10%]   step 29995
[ 10%]   step 29996
[ 10%]   step 29997
[ 10%]   step 29998
[ 10%]   step 29999
[ 10%]   step 30000
[ 10%]   step 30001
[ 10%]   step 30002
[ 10%]   step 30003
[ 10%]   step 30004
[ 10%]   step 30005
[ 10%]   step 30006
[ 10%]   step 30007
[ 10%]   step 30008
[ 10%]   step 30009
[ 10%]   step 30010
[ 10%]   step 30011
[ 10%]   step 30012
[ 10%]   step 30013
[ 10%]   step 30014
[ 10%]   step 30015
[ 10%]   step 30016
[ 10%]   step 30017
[ 10%]   step 30018
[ 10%]   step 30019
[ 10%]   step 30020
[ 10%]   step 30021
[ 10%]   step 30022
[ 10%]   step 30023
[ 10%]   step 30024
[ 10%]   step 30025
[ 10%]   step 30026
[ 10%]   step 30027
[ 10%]   step 30028
[ 10%]   step 30029
[ 10%]   step 30030
[ 10%]   step 30031
[ 10%]   step 30032
[ 10%]   step 30033
[ 10%]   step 30034
[ 10%]   step 30035
[ 10%]   step 30036
[ 10%]   step 30037
[ 10%]   step 30038
[ 10%]   step 30039
[ 10%]   step 30040
[ 10%]   step 30041
[ 10%]   step 30042
[ 10%]   step 30043
[ 10%]   step 30044
[ 10%]   step 30045
[ 10%]   step 30046
[ 10%]   step 30047
[ 10%]   step 30048
[ 10%]   step 30049
[ 10%]   step 30050
[ 10%]   step 30051
[ 10%]   step 30052
[ 10%]   step 30053
[ 10%]   step 30054
[ 10%]   step 30055
[ 10%]   step 30056
[ 10%]   step 30057
[ 10%]   step 30058
[ 10%]   step 30059
[ 10%]   step 30060
[ 10%]   step 30061
[ 10%]   step 30062
[ 10%]   step 30063
[ 10%]   step 30064
[ 10%]   step 30065
[ 10%]   step 30066
[ 10%]   step 30067
[ 10%]   step 30068
[ 10%]   step 30069
[ 10%]   step 30070
[ 10%]   step 30071
[ 10%]   step 30072
[ 10%]   step 30073
[ 10%]   step 30074
[ 10%]   step 30075
[ 10%]   step 30076
[ 10%]   step 30077
[ 10%]   step 30078
[ 10%]   step 30079
[ 10%]   step 30080
[ 10%]   step 30081
[ 10%]   step 30082
[ 10%]   step 30083
[ 10%]   step 30084
[ 10%]   step 30085
[ 10%]   step 30086
[ 10%]   step 30087
[ 10%]   step 30088
[ 10%]   step 30089
[ 10%]   step 30090
[ 10%]   step 30091
[ 10%]   step 30092
[ 10%]   step 30093
[ 10%]   step 30094
[ 10%]   step 30095
[ 10%]   step 30096
[ 10%]   step 30097
[ 10%]   step 30098
[ 10%]   step 30099
[ 10%]   step 30100
[ 10%]   step 30101
[ 10%]   step 30102
[ 10%]   step 30103
[ 10%]   step 30104
[ 10%]   step 30105
[ 10%]   step 30106
[ 10%]   step 30107
[ 10%]   step 30108
[ 10%]   step 30109
[ 10%]   step 30110
[ 10%]   step 30111
[ 10%]   step 30112
[ 10%]   step 30113
[ 10%]   step 30114
[ 10%]   step 30115
[ 10%]   step 30116
[ 10%]   step 30117
[ 10%]   step 30118
[ 10%]   step 30119
[ 10%]   step 30120
[ 10%]   step 30121
[ 10%]   step 30122
[ 10%]   step 30123
[ 10%]   step 30124
[ 10%]   step 30125
[ 10%]   step 30126
[ 10%]   step 30127
[ 10%]   step 30128
[ 10%]   step 30129
[ 10%]   step 30130
[ 10%]   step 30131
[ 10%]   step 30132
[ 10%]   step 30133
[ 10%]   step 30134
[ 10%]   step 30135
[ 10%]   step 30136
[ 10%]   step 30137
[ 10%]   step 30138
[ 10%]   step 30139
+SWASH is processing output request    1
+SWASH is processing output request    2
[ 10%]   step 30140
[ 10%]   step 30141
[ 10%]   step 30142
[ 10%]   step 30143
[ 10%]   step 30144
[ 10%]   step 30145
[ 10%]   step 30146
[ 10%]   step 30147
[ 10%]   step 30148
[ 10%]   step 30149
[ 10%]   step 30150
[ 10%]   step 30151
[ 10%]   step 30152
[ 10%]   step 30153
[ 10%]   step 30154
[ 10%]   step 30155
[ 10%]   step 30156
[ 10%]   step 30157
[ 10%]   step 30158
[ 10%]   step 30159
[ 10%]   step 30160
[ 10%]   step 30161
[ 10%]   step 30162
[ 10%]   step 30163
[ 10%]   step 30164
[ 10%]   step 30165
[ 10%]   step 30166
[ 10%]   step 30167
[ 10%]   step 30168
[ 10%]   step 30169
[ 10%]   step 30170
[ 10%]   step 30171
[ 10%]   step 30172
[ 10%]   step 30173
[ 10%]   step 30174
[ 10%]   step 30175
[ 10%]   step 30176
[ 10%]   step 30177
[ 10%]   step 30178
[ 10%]   step 30179
[ 10%]   step 30180
[ 10%]   step 30181
[ 10%]   step 30182
[ 10%]   step 30183
[ 10%]   step 30184
[ 10%]   step 30185
[ 10%]   step 30186
[ 10%]   step 30187
[ 10%]   step 30188
[ 10%]   step 30189
[ 10%]   step 30190
[ 10%]   step 30191
[ 10%]   step 30192
[ 10%]   step 30193
[ 10%]   step 30194
[ 10%]   step 30195
[ 10%]   step 30196
[ 10%]   step 30197
[ 10%]   step 30198
[ 10%]   step 30199
[ 10%]   step 30200
[ 10%]   step 30201
[ 10%]   step 30202
[ 10%]   step 30203
[ 10%]   step 30204
[ 10%]   step 30205
[ 10%]   step 30206
[ 10%]   step 30207
[ 10%]   step 30208
[ 10%]   step 30209
[ 10%]   step 30210
[ 10%]   step 30211
[ 10%]   step 30212
[ 10%]   step 30213
[ 10%]   step 30214
[ 10%]   step 30215
[ 10%]   step 30216
[ 10%]   step 30217
[ 10%]   step 30218
[ 10%]   step 30219
[ 10%]   step 30220
[ 10%]   step 30221
[ 10%]   step 30222
[ 10%]   step 30223
[ 10%]   step 30224
[ 10%]   step 30225
[ 10%]   step 30226
[ 10%]   step 30227
[ 10%]   step 30228
[ 10%]   step 30229
[ 10%]   step 30230
[ 10%]   step 30231
[ 10%]   step 30232
[ 10%]   step 30233
[ 10%]   step 30234
[ 10%]   step 30235
[ 10%]   step 30236
[ 10%]   step 30237
[ 10%]   step 30238
[ 10%]   step 30239
[ 10%]   step 30240
[ 10%]   step 30241
[ 10%]   step 30242
[ 10%]   step 30243
[ 10%]   step 30244
[ 10%]   step 30245
[ 10%]   step 30246
[ 10%]   step 30247
[ 10%]   step 30248
[ 10%]   step 30249
[ 10%]   step 30250
[ 10%]   step 30251
[ 10%]   step 30252
[ 10%]   step 30253
[ 10%]   step 30254
[ 10%]   step 30255
[ 10%]   step 30256
[ 10%]   step 30257
[ 10%]   step 30258
[ 10%]   step 30259
[ 10%]   step 30260
[ 10%]   step 30261
[ 10%]   step 30262
[ 10%]   step 30263
[ 10%]   step 30264
[ 10%]   step 30265
[ 10%]   step 30266
[ 10%]   step 30267
[ 10%]   step 30268
[ 10%]   step 30269
[ 10%]   step 30270
[ 10%]   step 30271
[ 10%]   step 30272
[ 10%]   step 30273
[ 10%]   step 30274
[ 10%]   step 30275
[ 10%]   step 30276
[ 10%]   step 30277
[ 10%]   step 30278
[ 10%]   step 30279
[ 10%]   step 30280
[ 10%]   step 30281
[ 10%]   step 30282
[ 10%]   step 30283
[ 10%]   step 30284
[ 10%]   step 30285
[ 10%]   step 30286
[ 10%]   step 30287
[ 10%]   step 30288
[ 10%]   step 30289
[ 10%]   step 30290
[ 10%]   step 30291
[ 10%]   step 30292
[ 10%]   step 30293
[ 10%]   step 30294
[ 10%]   step 30295
[ 10%]   step 30296
[ 10%]   step 30297
[ 10%]   step 30298
[ 10%]   step 30299
[ 10%]   step 30300
[ 10%]   step 30301
[ 10%]   step 30302
[ 10%]   step 30303
[ 10%]   step 30304
[ 10%]   step 30305
[ 10%]   step 30306
[ 10%]   step 30307
[ 10%]   step 30308
[ 10%]   step 30309
[ 10%]   step 30310
[ 10%]   step 30311
[ 10%]   step 30312
[ 10%]   step 30313
[ 10%]   step 30314
[ 10%]   step 30315
[ 10%]   step 30316
[ 10%]   step 30317
[ 10%]   step 30318
[ 10%]   step 30319
[ 10%]   step 30320
[ 10%]   step 30321
[ 10%]   step 30322
[ 10%]   step 30323
[ 10%]   step 30324
[ 10%]   step 30325
[ 10%]   step 30326
[ 10%]   step 30327
[ 10%]   step 30328
[ 10%]   step 30329
[ 10%]   step 30330
[ 10%]   step 30331
[ 10%]   step 30332
[ 10%]   step 30333
[ 10%]   step 30334
[ 10%]   step 30335
[ 10%]   step 30336
[ 10%]   step 30337
[ 10%]   step 30338
[ 10%]   step 30339
[ 10%]   step 30340
[ 10%]   step 30341
[ 10%]   step 30342
[ 10%]   step 30343
[ 10%]   step 30344
[ 10%]   step 30345
[ 10%]   step 30346
[ 10%]   step 30347
[ 10%]   step 30348
[ 10%]   step 30349
[ 10%]   step 30350
[ 10%]   step 30351
[ 10%]   step 30352
[ 10%]   step 30353
[ 10%]   step 30354
[ 10%]   step 30355
[ 10%]   step 30356
[ 10%]   step 30357
[ 10%]   step 30358
[ 10%]   step 30359
[ 10%]   step 30360
[ 10%]   step 30361
[ 10%]   step 30362
[ 10%]   step 30363
[ 10%]   step 30364
[ 10%]   step 30365
[ 10%]   step 30366
[ 10%]   step 30367
[ 10%]   step 30368
[ 10%]   step 30369
[ 10%]   step 30370
[ 10%]   step 30371
[ 10%]   step 30372
[ 10%]   step 30373
[ 10%]   step 30374
[ 10%]   step 30375
[ 10%]   step 30376
[ 10%]   step 30377
[ 10%]   step 30378
[ 10%]   step 30379
[ 10%]   step 30380
[ 10%]   step 30381
[ 10%]   step 30382
[ 10%]   step 30383
[ 10%]   step 30384
[ 10%]   step 30385
[ 10%]   step 30386
[ 10%]   step 30387
[ 10%]   step 30388
[ 10%]   step 30389
[ 10%]   step 30390
[ 10%]   step 30391
[ 10%]   step 30392
[ 10%]   step 30393
[ 10%]   step 30394
[ 10%]   step 30395
[ 10%]   step 30396
[ 10%]   step 30397
[ 10%]   step 30398
[ 10%]   step 30399
[ 10%]   step 30400
[ 10%]   step 30401
[ 10%]   step 30402
[ 10%]   step 30403
[ 10%]   step 30404
[ 10%]   step 30405
[ 10%]   step 30406
[ 10%]   step 30407
[ 10%]   step 30408
[ 10%]   step 30409
[ 10%]   step 30410
[ 10%]   step 30411
[ 10%]   step 30412
[ 10%]   step 30413
[ 10%]   step 30414
[ 10%]   step 30415
[ 10%]   step 30416
[ 10%]   step 30417
[ 10%]   step 30418
[ 10%]   step 30419
[ 10%]   step 30420
[ 10%]   step 30421
[ 10%]   step 30422
[ 10%]   step 30423
[ 10%]   step 30424
[ 10%]   step 30425
[ 10%]   step 30426
[ 10%]   step 30427
[ 10%]   step 30428
[ 10%]   step 30429
[ 10%]   step 30430
[ 10%]   step 30431
[ 10%]   step 30432
[ 10%]   step 30433
[ 10%]   step 30434
[ 10%]   step 30435
[ 10%]   step 30436
[ 10%]   step 30437
[ 10%]   step 30438
[ 10%]   step 30439
[ 10%]   step 30440
[ 10%]   step 30441
[ 10%]   step 30442
[ 10%]   step 30443
[ 10%]   step 30444
[ 10%]   step 30445
[ 10%]   step 30446
[ 10%]   step 30447
[ 10%]   step 30448
[ 10%]   step 30449
[ 10%]   step 30450
[ 10%]   step 30451
[ 10%]   step 30452
[ 10%]   step 30453
[ 10%]   step 30454
[ 10%]   step 30455
[ 10%]   step 30456
[ 10%]   step 30457
[ 10%]   step 30458
[ 10%]   step 30459
[ 10%]   step 30460
[ 10%]   step 30461
[ 10%]   step 30462
[ 10%]   step 30463
[ 10%]   step 30464
[ 10%]   step 30465
[ 10%]   step 30466
[ 10%]   step 30467
[ 10%]   step 30468
[ 10%]   step 30469
[ 10%]   step 30470
[ 10%]   step 30471
[ 10%]   step 30472
[ 10%]   step 30473
[ 10%]   step 30474
[ 10%]   step 30475
[ 10%]   step 30476
[ 10%]   step 30477
[ 10%]   step 30478
[ 10%]   step 30479
[ 10%]   step 30480
[ 10%]   step 30481
[ 10%]   step 30482
[ 10%]   step 30483
[ 10%]   step 30484
[ 10%]   step 30485
[ 10%]   step 30486
[ 10%]   step 30487
[ 10%]   step 30488
[ 10%]   step 30489
[ 10%]   step 30490
[ 10%]   step 30491
[ 10%]   step 30492
[ 10%]   step 30493
[ 10%]   step 30494
[ 10%]   step 30495
[ 10%]   step 30496
[ 10%]   step 30497
[ 10%]   step 30498
[ 10%]   step 30499
[ 10%]   step 30500
[ 10%]   step 30501
[ 10%]   step 30502
[ 10%]   step 30503
[ 10%]   step 30504
[ 10%]   step 30505
[ 10%]   step 30506
[ 10%]   step 30507
[ 10%]   step 30508
[ 10%]   step 30509
[ 10%]   step 30510
[ 10%]   step 30511
[ 10%]   step 30512
[ 10%]   step 30513
[ 10%]   step 30514
[ 10%]   step 30515
[ 10%]   step 30516
[ 10%]   step 30517
[ 10%]   step 30518
[ 10%]   step 30519
[ 10%]   step 30520
[ 10%]   step 30521
[ 10%]   step 30522
[ 10%]   step 30523
[ 10%]   step 30524
[ 10%]   step 30525
[ 10%]   step 30526
[ 10%]   step 30527
[ 10%]   step 30528
[ 10%]   step 30529
[ 10%]   step 30530
[ 10%]   step 30531
+SWASH is processing output request    1
+SWASH is processing output request    2
[ 10%]   step 30532
[ 10%]   step 30533
[ 10%]   step 30534
[ 10%]   step 30535
[ 10%]   step 30536
[ 10%]   step 30537
[ 10%]   step 30538
[ 10%]   step 30539
[ 10%]   step 30540
[ 10%]   step 30541
[ 10%]   step 30542
[ 10%]   step 30543
[ 10%]   step 30544
[ 10%]   step 30545
[ 10%]   step 30546
[ 10%]   step 30547
[ 10%]   step 30548
[ 10%]   step 30549
[ 10%]   step 30550
[ 10%]   step 30551
[ 10%]   step 30552
[ 10%]   step 30553
[ 10%]   step 30554
[ 10%]   step 30555
[ 10%]   step 30556
[ 10%]   step 30557
[ 10%]   step 30558
[ 10%]   step 30559
[ 10%]   step 30560
[ 10%]   step 30561
[ 10%]   step 30562
[ 10%]   step 30563
[ 10%]   step 30564
[ 10%]   step 30565
[ 10%]   step 30566
[ 10%]   step 30567
[ 10%]   step 30568
[ 10%]   step 30569
[ 10%]   step 30570
[ 10%]   step 30571
[ 10%]   step 30572
[ 10%]   step 30573
[ 10%]   step 30574
[ 10%]   step 30575
[ 10%]   step 30576
[ 10%]   step 30577
[ 10%]   step 30578
[ 10%]   step 30579
[ 10%]   step 30580
[ 10%]   step 30581
[ 10%]   step 30582
[ 10%]   step 30583
[ 10%]   step 30584
[ 10%]   step 30585
[ 10%]   step 30586
[ 10%]   step 30587
[ 10%]   step 30588
[ 10%]   step 30589
[ 10%]   step 30590
[ 10%]   step 30591
[ 10%]   step 30592
[ 10%]   step 30593
[ 10%]   step 30594
[ 10%]   step 30595
[ 10%]   step 30596
[ 10%]   step 30597
[ 10%]   step 30598
[ 10%]   step 30599
[ 10%]   step 30600
[ 10%]   step 30601
[ 10%]   step 30602
[ 10%]   step 30603
[ 10%]   step 30604
[ 10%]   step 30605
[ 10%]   step 30606
[ 10%]   step 30607
[ 10%]   step 30608
[ 10%]   step 30609
[ 10%]   step 30610
[ 10%]   step 30611
[ 10%]   step 30612
[ 10%]   step 30613
[ 10%]   step 30614
[ 10%]   step 30615
[ 10%]   step 30616
[ 10%]   step 30617
[ 10%]   step 30618
[ 10%]   step 30619
[ 10%]   step 30620
[ 10%]   step 30621
[ 10%]   step 30622
[ 10%]   step 30623
[ 10%]   step 30624
[ 10%]   step 30625
[ 10%]   step 30626
[ 10%]   step 30627
[ 10%]   step 30628
[ 10%]   step 30629
[ 10%]   step 30630
[ 10%]   step 30631
[ 10%]   step 30632
[ 10%]   step 30633
[ 10%]   step 30634
[ 10%]   step 30635
[ 10%]   step 30636
[ 10%]   step 30637
[ 10%]   step 30638
[ 10%]   step 30639
[ 10%]   step 30640
[ 10%]   step 30641
[ 10%]   step 30642
[ 10%]   step 30643
[ 10%]   step 30644
[ 10%]   step 30645
[ 10%]   step 30646
[ 10%]   step 30647
[ 10%]   step 30648
[ 10%]   step 30649
[ 10%]   step 30650
[ 10%]   step 30651
[ 10%]   step 30652
[ 10%]   step 30653
[ 10%]   step 30654
[ 10%]   step 30655
[ 10%]   step 30656
[ 10%]   step 30657
[ 10%]   step 30658
[ 10%]   step 30659
[ 10%]   step 30660
[ 10%]   step 30661
[ 10%]   step 30662
[ 10%]   step 30663
[ 10%]   step 30664
[ 10%]   step 30665
[ 10%]   step 30666
[ 10%]   step 30667
[ 10%]   step 30668
[ 10%]   step 30669
[ 10%]   step 30670
[ 10%]   step 30671
[ 10%]   step 30672
[ 10%]   step 30673
[ 10%]   step 30674
[ 10%]   step 30675
[ 10%]   step 30676
[ 10%]   step 30677
[ 10%]   step 30678
[ 10%]   step 30679
[ 10%]   step 30680
[ 10%]   step 30681
[ 10%]   step 30682
[ 10%]   step 30683
[ 10%]   step 30684
[ 10%]   step 30685
[ 10%]   step 30686
[ 10%]   step 30687
[ 10%]   step 30688
[ 10%]   step 30689
[ 10%]   step 30690
[ 10%]   step 30691
[ 10%]   step 30692
[ 10%]   step 30693
[ 10%]   step 30694
[ 10%]   step 30695
[ 10%]   step 30696
[ 10%]   step 30697
[ 10%]   step 30698
[ 10%]   step 30699
[ 10%]   step 30700
[ 10%]   step 30701
[ 10%]   step 30702
[ 10%]   step 30703
[ 10%]   step 30704
[ 10%]   step 30705
[ 10%]   step 30706
[ 10%]   step 30707
[ 10%]   step 30708
[ 10%]   step 30709
[ 10%]   step 30710
[ 10%]   step 30711
[ 10%]   step 30712
[ 10%]   step 30713
[ 10%]   step 30714
[ 10%]   step 30715
[ 10%]   step 30716
[ 10%]   step 30717
[ 10%]   step 30718
[ 10%]   step 30719
[ 10%]   step 30720
[ 10%]   step 30721
[ 10%]   step 30722
[ 10%]   step 30723
[ 10%]   step 30724
[ 10%]   step 30725
[ 10%]   step 30726
[ 10%]   step 30727
[ 10%]   step 30728
[ 10%]   step 30729
[ 10%]   step 30730
[ 10%]   step 30731
[ 10%]   step 30732
[ 10%]   step 30733
[ 10%]   step 30734
[ 10%]   step 30735
[ 10%]   step 30736
[ 10%]   step 30737
[ 10%]   step 30738
[ 10%]   step 30739
[ 10%]   step 30740
[ 10%]   step 30741
[ 10%]   step 30742
[ 10%]   step 30743
[ 10%]   step 30744
[ 10%]   step 30745
[ 10%]   step 30746
[ 10%]   step 30747
[ 10%]   step 30748
[ 10%]   step 30749
[ 10%]   step 30750
[ 10%]   step 30751
[ 10%]   step 30752
[ 10%]   step 30753
[ 10%]   step 30754
[ 10%]   step 30755
[ 10%]   step 30756
[ 10%]   step 30757
[ 10%]   step 30758
[ 10%]   step 30759
[ 10%]   step 30760
[ 10%]   step 30761
[ 10%]   step 30762
[ 10%]   step 30763
[ 10%]   step 30764
[ 10%]   step 30765
[ 10%]   step 30766
[ 10%]   step 30767
[ 10%]   step 30768
[ 10%]   step 30769
[ 10%]   step 30770
[ 10%]   step 30771
[ 10%]   step 30772
[ 10%]   step 30773
[ 10%]   step 30774
[ 10%]   step 30775
[ 10%]   step 30776
[ 10%]   step 30777
[ 10%]   step 30778
[ 10%]   step 30779
[ 10%]   step 30780
[ 10%]   step 30781
[ 10%]   step 30782
[ 10%]   step 30783
[ 10%]   step 30784
[ 10%]   step 30785
[ 10%]   step 30786
[ 10%]   step 30787
[ 10%]   step 30788
[ 10%]   step 30789
[ 10%]   step 30790
[ 10%]   step 30791
[ 10%]   step 30792
[ 10%]   step 30793
[ 10%]   step 30794
[ 10%]   step 30795
[ 10%]   step 30796
[ 10%]   step 30797
[ 10%]   step 30798
[ 10%]   step 30799
[ 10%]   step 30800
[ 10%]   step 30801
[ 10%]   step 30802
[ 10%]   step 30803
[ 10%]   step 30804
[ 10%]   step 30805
[ 10%]   step 30806
[ 10%]   step 30807
[ 10%]   step 30808
[ 10%]   step 30809
[ 10%]   step 30810
[ 10%]   step 30811
[ 10%]   step 30812
[ 10%]   step 30813
[ 10%]   step 30814
[ 10%]   step 30815
[ 10%]   step 30816
[ 10%]   step 30817
[ 10%]   step 30818
[ 10%]   step 30819
[ 10%]   step 30820
[ 10%]   step 30821
[ 10%]   step 30822
[ 10%]   step 30823
[ 10%]   step 30824
[ 10%]   step 30825
[ 10%]   step 30826
[ 10%]   step 30827
[ 10%]   step 30828
[ 10%]   step 30829
[ 10%]   step 30830
[ 10%]   step 30831
[ 10%]   step 30832
[ 10%]   step 30833
[ 10%]   step 30834
[ 10%]   step 30835
[ 10%]   step 30836
[ 10%]   step 30837
[ 10%]   step 30838
[ 10%]   step 30839
[ 10%]   step 30840
[ 10%]   step 30841
[ 10%]   step 30842
[ 10%]   step 30843
[ 10%]   step 30844
[ 10%]   step 30845
[ 10%]   step 30846
[ 10%]   step 30847
[ 10%]   step 30848
[ 10%]   step 30849
[ 10%]   step 30850
[ 10%]   step 30851
[ 10%]   step 30852
[ 10%]   step 30853
[ 10%]   step 30854
[ 10%]   step 30855
[ 10%]   step 30856
[ 10%]   step 30857
[ 10%]   step 30858
[ 10%]   step 30859
[ 10%]   step 30860
[ 10%]   step 30861
[ 10%]   step 30862
[ 10%]   step 30863
[ 10%]   step 30864
[ 10%]   step 30865
[ 10%]   step 30866
[ 10%]   step 30867
[ 10%]   step 30868
[ 10%]   step 30869
[ 10%]   step 30870
[ 10%]   step 30871
