SLURM_CPUS_ON_NODE: 1

 SWASH is preparing computation

+SWASH is processing output request    1
+SWASH is processing output request    2
[  0%]   step 1
[  0%]   step 2
[  0%]   step 3
[  0%]   step 4
[  0%]   step 5
[  0%]   step 6
[  0%]   step 7
[  0%]   step 8
[  0%]   step 9
[  0%]   step 10
[  0%]   step 11
[  0%]   step 12
[  0%]   step 13
[  0%]   step 14
[  0%]   step 15
[  0%]   step 16
[  0%]   step 17
[  0%]   step 18
[  0%]   step 19
[  0%]   step 20
[  0%]   step 21
[  0%]   step 22
[  0%]   step 23
[  0%]   step 24
[  0%]   step 25
[  0%]   step 26
[  0%]   step 27
[  0%]   step 28
[  0%]   step 29
[  0%]   step 30
[  0%]   step 31
[  0%]   step 32
[  0%]   step 33
[  0%]   step 34
[  0%]   step 35
[  0%]   step 36
[  0%]   step 37
[  0%]   step 38
[  0%]   step 39
[  0%]   step 40
[  0%]   step 41
[  0%]   step 42
[  0%]   step 43
[  0%]   step 44
[  0%]   step 45
[  0%]   step 46
[  0%]   step 47
[  0%]   step 48
[  0%]   step 49
[  0%]   step 50
[  0%]   step 51
[  0%]   step 52
[  0%]   step 53
[  0%]   step 54
[  0%]   step 55
[  0%]   step 56
[  0%]   step 57
[  0%]   step 58
[  0%]   step 59
[  0%]   step 60
[  0%]   step 61
[  0%]   step 62
[  0%]   step 63
[  0%]   step 64
[  0%]   step 65
[  0%]   step 66
[  0%]   step 67
[  0%]   step 68
[  0%]   step 69
[  0%]   step 70
[  0%]   step 71
[  0%]   step 72
[  0%]   step 73
[  0%]   step 74
[  0%]   step 75
[  0%]   step 76
[  0%]   step 77
[  0%]   step 78
[  0%]   step 79
[  0%]   step 80
[  0%]   step 81
[  0%]   step 82
[  0%]   step 83
[  0%]   step 84
[  0%]   step 85
[  0%]   step 86
[  0%]   step 87
[  0%]   step 88
[  0%]   step 89
[  0%]   step 90
[  0%]   step 91
[  0%]   step 92
[  0%]   step 93
[  0%]   step 94
[  0%]   step 95
[  0%]   step 96
[  0%]   step 97
[  0%]   step 98
[  0%]   step 99
[  0%]   step 100
[  0%]   step 101
[  0%]   step 102
[  0%]   step 103
[  0%]   step 104
[  0%]   step 105
[  0%]   step 106
[  0%]   step 107
[  0%]   step 108
[  0%]   step 109
[  0%]   step 110
[  0%]   step 111
[  0%]   step 112
[  0%]   step 113
[  0%]   step 114
[  0%]   step 115
[  0%]   step 116
[  0%]   step 117
[  0%]   step 118
[  0%]   step 119
[  0%]   step 120
[  0%]   step 121
[  0%]   step 122
[  0%]   step 123
[  0%]   step 124
[  0%]   step 125
[  0%]   step 126
[  0%]   step 127
[  0%]   step 128
[  0%]   step 129
[  0%]   step 130
[  0%]   step 131
[  0%]   step 132
[  0%]   step 133
[  0%]   step 134
[  0%]   step 135
[  0%]   step 136
[  0%]   step 137
[  0%]   step 138
[  0%]   step 139
[  0%]   step 140
[  0%]   step 141
[  0%]   step 142
[  0%]   step 143
[  0%]   step 144
[  0%]   step 145
[  0%]   step 146
[  0%]   step 147
[  0%]   step 148
[  0%]   step 149
[  0%]   step 150
[  0%]   step 151
[  0%]   step 152
[  0%]   step 153
[  0%]   step 154
[  0%]   step 155
[  0%]   step 156
[  0%]   step 157
[  0%]   step 158
[  0%]   step 159
[  0%]   step 160
[  0%]   step 161
[  0%]   step 162
[  0%]   step 163
[  0%]   step 164
[  0%]   step 165
[  0%]   step 166
[  0%]   step 167
[  0%]   step 168
[  0%]   step 169
[  0%]   step 170
[  0%]   step 171
[  0%]   step 172
[  0%]   step 173
[  0%]   step 174
[  0%]   step 175
[  0%]   step 176
[  0%]   step 177
[  0%]   step 178
[  0%]   step 179
[  0%]   step 180
[  0%]   step 181
[  0%]   step 182
[  0%]   step 183
[  0%]   step 184
[  0%]   step 185
[  0%]   step 186
[  0%]   step 187
[  0%]   step 188
[  0%]   step 189
[  0%]   step 190
[  0%]   step 191
[  0%]   step 192
[  0%]   step 193
[  0%]   step 194
[  0%]   step 195
[  0%]   step 196
[  0%]   step 197
[  0%]   step 198
[  0%]   step 199
[  0%]   step 200
[  0%]   step 201
[  0%]   step 202
[  0%]   step 203
[  0%]   step 204
[  0%]   step 205
[  0%]   step 206
[  0%]   step 207
[  0%]   step 208
[  0%]   step 209
[  0%]   step 210
[  0%]   step 211
[  0%]   step 212
[  0%]   step 213
[  0%]   step 214
[  0%]   step 215
[  0%]   step 216
[  0%]   step 217
[  0%]   step 218
[  0%]   step 219
[  0%]   step 220
[  0%]   step 221
[  0%]   step 222
[  0%]   step 223
[  0%]   step 224
[  0%]   step 225
[  0%]   step 226
[  0%]   step 227
[  0%]   step 228
[  0%]   step 229
[  0%]   step 230
[  0%]   step 231
[  0%]   step 232
[  0%]   step 233
[  0%]   step 234
[  0%]   step 235
[  0%]   step 236
[  0%]   step 237
[  0%]   step 238
[  0%]   step 239
[  0%]   step 240
[  0%]   step 241
[  0%]   step 242
[  0%]   step 243
[  0%]   step 244
[  0%]   step 245
[  0%]   step 246
[  0%]   step 247
[  0%]   step 248
[  0%]   step 249
[  0%]   step 250
[  0%]   step 251
[  0%]   step 252
[  0%]   step 253
[  0%]   step 254
[  0%]   step 255
[  0%]   step 256
[  0%]   step 257
[  0%]   step 258
[  0%]   step 259
[  0%]   step 260
[  0%]   step 261
[  0%]   step 262
[  0%]   step 263
[  0%]   step 264
[  0%]   step 265
[  0%]   step 266
[  0%]   step 267
[  0%]   step 268
[  0%]   step 269
[  0%]   step 270
[  0%]   step 271
[  0%]   step 272
[  0%]   step 273
[  0%]   step 274
[  0%]   step 275
[  0%]   step 276
[  0%]   step 277
[  0%]   step 278
[  0%]   step 279
[  0%]   step 280
[  0%]   step 281
[  0%]   step 282
[  0%]   step 283
[  0%]   step 284
[  0%]   step 285
[  0%]   step 286
[  0%]   step 287
[  0%]   step 288
[  0%]   step 289
[  0%]   step 290
[  0%]   step 291
[  0%]   step 292
[  0%]   step 293
[  0%]   step 294
[  0%]   step 295
[  0%]   step 296
[  0%]   step 297
[  0%]   step 298
[  0%]   step 299
[  0%]   step 300
[  0%]   step 301
[  0%]   step 302
[  0%]   step 303
[  0%]   step 304
[  0%]   step 305
[  0%]   step 306
[  0%]   step 307
[  0%]   step 308
[  0%]   step 309
[  0%]   step 310
[  0%]   step 311
[  0%]   step 312
[  0%]   step 313
[  0%]   step 314
[  0%]   step 315
[  0%]   step 316
[  0%]   step 317
[  0%]   step 318
[  0%]   step 319
[  0%]   step 320
[  0%]   step 321
[  0%]   step 322
[  0%]   step 323
[  0%]   step 324
[  0%]   step 325
[  0%]   step 326
[  0%]   step 327
[  0%]   step 328
[  0%]   step 329
[  0%]   step 330
[  0%]   step 331
[  0%]   step 332
[  0%]   step 333
[  0%]   step 334
[  0%]   step 335
[  0%]   step 336
[  0%]   step 337
[  0%]   step 338
[  0%]   step 339
[  0%]   step 340
[  0%]   step 341
[  0%]   step 342
[  0%]   step 343
[  0%]   step 344
[  0%]   step 345
[  0%]   step 346
[  0%]   step 347
[  0%]   step 348
[  0%]   step 349
[  0%]   step 350
[  0%]   step 351
[  0%]   step 352
[  0%]   step 353
[  0%]   step 354
[  0%]   step 355
[  0%]   step 356
[  0%]   step 357
[  0%]   step 358
[  0%]   step 359
[  0%]   step 360
[  0%]   step 361
[  0%]   step 362
[  0%]   step 363
[  0%]   step 364
[  0%]   step 365
[  0%]   step 366
[  0%]   step 367
[  0%]   step 368
[  0%]   step 369
[  0%]   step 370
[  0%]   step 371
[  0%]   step 372
[  0%]   step 373
[  0%]   step 374
[  0%]   step 375
[  0%]   step 376
[  0%]   step 377
[  0%]   step 378
[  0%]   step 379
[  0%]   step 380
[  0%]   step 381
[  0%]   step 382
[  0%]   step 383
[  0%]   step 384
[  0%]   step 385
[  0%]   step 386
[  0%]   step 387
[  0%]   step 388
[  0%]   step 389
[  0%]   step 390
[  0%]   step 391
[  0%]   step 392
[  0%]   step 393
[  0%]   step 394
[  0%]   step 395
[  0%]   step 396
[  0%]   step 397
[  0%]   step 398
[  0%]   step 399
[  0%]   step 400
[  0%]   step 401
[  0%]   step 402
[  0%]   step 403
[  0%]   step 404
[  0%]   step 405
[  0%]   step 406
[  0%]   step 407
[  0%]   step 408
[  0%]   step 409
[  0%]   step 410
[  0%]   step 411
[  0%]   step 412
[  0%]   step 413
[  0%]   step 414
[  0%]   step 415
[  0%]   step 416
[  0%]   step 417
[  0%]   step 418
[  0%]   step 419
[  0%]   step 420
+SWASH is processing output request    1
+SWASH is processing output request    2
[  0%]   step 421
[  0%]   step 422
[  0%]   step 423
[  0%]   step 424
[  0%]   step 425
[  0%]   step 426
[  0%]   step 427
[  0%]   step 428
[  0%]   step 429
[  0%]   step 430
[  0%]   step 431
[  0%]   step 432
[  0%]   step 433
[  0%]   step 434
[  0%]   step 435
[  0%]   step 436
[  0%]   step 437
[  0%]   step 438
[  0%]   step 439
[  0%]   step 440
[  0%]   step 441
[  0%]   step 442
[  0%]   step 443
[  0%]   step 444
[  0%]   step 445
[  0%]   step 446
[  0%]   step 447
[  0%]   step 448
[  0%]   step 449
[  0%]   step 450
[  0%]   step 451
[  0%]   step 452
[  0%]   step 453
[  0%]   step 454
[  0%]   step 455
[  0%]   step 456
[  0%]   step 457
[  0%]   step 458
[  0%]   step 459
[  0%]   step 460
[  0%]   step 461
[  0%]   step 462
[  0%]   step 463
[  0%]   step 464
[  0%]   step 465
[  0%]   step 466
[  0%]   step 467
[  0%]   step 468
[  0%]   step 469
[  0%]   step 470
[  0%]   step 471
[  0%]   step 472
[  0%]   step 473
[  0%]   step 474
[  0%]   step 475
[  0%]   step 476
[  0%]   step 477
[  0%]   step 478
[  0%]   step 479
[  0%]   step 480
[  0%]   step 481
[  0%]   step 482
[  0%]   step 483
[  0%]   step 484
[  0%]   step 485
[  0%]   step 486
[  0%]   step 487
[  0%]   step 488
[  0%]   step 489
[  0%]   step 490
[  0%]   step 491
[  0%]   step 492
[  0%]   step 493
[  0%]   step 494
[  0%]   step 495
[  0%]   step 496
[  0%]   step 497
[  0%]   step 498
[  0%]   step 499
[  0%]   step 500
[  0%]   step 501
[  0%]   step 502
[  0%]   step 503
[  0%]   step 504
[  0%]   step 505
[  0%]   step 506
[  0%]   step 507
[  0%]   step 508
[  0%]   step 509
[  0%]   step 510
[  0%]   step 511
[  0%]   step 512
[  0%]   step 513
[  0%]   step 514
[  0%]   step 515
[  0%]   step 516
[  0%]   step 517
[  0%]   step 518
[  0%]   step 519
[  0%]   step 520
[  0%]   step 521
[  0%]   step 522
[  0%]   step 523
[  0%]   step 524
[  0%]   step 525
[  0%]   step 526
[  0%]   step 527
[  0%]   step 528
[  0%]   step 529
[  0%]   step 530
[  0%]   step 531
[  0%]   step 532
[  0%]   step 533
[  0%]   step 534
[  0%]   step 535
[  0%]   step 536
[  0%]   step 537
[  0%]   step 538
[  0%]   step 539
[  0%]   step 540
[  0%]   step 541
[  0%]   step 542
[  0%]   step 543
[  0%]   step 544
[  0%]   step 545
[  0%]   step 546
[  0%]   step 547
[  0%]   step 548
[  0%]   step 549
[  0%]   step 550
[  0%]   step 551
[  0%]   step 552
[  0%]   step 553
[  0%]   step 554
[  0%]   step 555
[  0%]   step 556
[  0%]   step 557
[  0%]   step 558
[  0%]   step 559
[  0%]   step 560
[  0%]   step 561
[  0%]   step 562
[  0%]   step 563
[  0%]   step 564
[  0%]   step 565
[  0%]   step 566
[  0%]   step 567
[  0%]   step 568
[  0%]   step 569
[  0%]   step 570
[  0%]   step 571
[  0%]   step 572
[  0%]   step 573
[  0%]   step 574
[  0%]   step 575
[  0%]   step 576
[  0%]   step 577
[  0%]   step 578
[  0%]   step 579
[  0%]   step 580
[  0%]   step 581
[  0%]   step 582
[  0%]   step 583
[  0%]   step 584
[  0%]   step 585
[  0%]   step 586
[  0%]   step 587
[  0%]   step 588
[  0%]   step 589
[  0%]   step 590
[  0%]   step 591
[  0%]   step 592
[  0%]   step 593
[  0%]   step 594
[  0%]   step 595
[  0%]   step 596
[  0%]   step 597
[  0%]   step 598
[  0%]   step 599
[  0%]   step 600
[  0%]   step 601
[  0%]   step 602
[  0%]   step 603
[  0%]   step 604
[  0%]   step 605
[  0%]   step 606
[  0%]   step 607
[  0%]   step 608
[  0%]   step 609
[  0%]   step 610
[  0%]   step 611
[  0%]   step 612
[  0%]   step 613
[  0%]   step 614
[  0%]   step 615
[  0%]   step 616
[  0%]   step 617
[  0%]   step 618
[  0%]   step 619
[  0%]   step 620
[  0%]   step 621
[  0%]   step 622
[  0%]   step 623
[  0%]   step 624
[  0%]   step 625
[  0%]   step 626
[  0%]   step 627
[  0%]   step 628
[  0%]   step 629
[  0%]   step 630
[  0%]   step 631
[  0%]   step 632
[  0%]   step 633
[  0%]   step 634
[  0%]   step 635
[  0%]   step 636
[  0%]   step 637
[  0%]   step 638
[  0%]   step 639
[  0%]   step 640
[  0%]   step 641
[  0%]   step 642
[  0%]   step 643
[  0%]   step 644
[  0%]   step 645
[  0%]   step 646
[  0%]   step 647
[  0%]   step 648
[  0%]   step 649
[  0%]   step 650
[  0%]   step 651
[  0%]   step 652
[  0%]   step 653
[  0%]   step 654
[  0%]   step 655
[  0%]   step 656
[  0%]   step 657
[  0%]   step 658
[  0%]   step 659
[  0%]   step 660
[  0%]   step 661
[  0%]   step 662
[  0%]   step 663
[  0%]   step 664
[  0%]   step 665
[  0%]   step 666
[  0%]   step 667
[  0%]   step 668
[  0%]   step 669
[  0%]   step 670
[  0%]   step 671
[  0%]   step 672
[  0%]   step 673
[  0%]   step 674
[  0%]   step 675
[  0%]   step 676
[  0%]   step 677
[  0%]   step 678
[  0%]   step 679
[  0%]   step 680
[  0%]   step 681
[  0%]   step 682
[  0%]   step 683
[  0%]   step 684
[  0%]   step 685
[  0%]   step 686
[  0%]   step 687
[  0%]   step 688
[  0%]   step 689
[  0%]   step 690
[  0%]   step 691
[  0%]   step 692
[  0%]   step 693
[  0%]   step 694
[  0%]   step 695
[  0%]   step 696
[  0%]   step 697
[  0%]   step 698
[  0%]   step 699
[  0%]   step 700
[  0%]   step 701
[  0%]   step 702
[  0%]   step 703
[  0%]   step 704
[  0%]   step 705
[  0%]   step 706
[  0%]   step 707
[  0%]   step 708
[  0%]   step 709
[  0%]   step 710
[  0%]   step 711
[  0%]   step 712
[  0%]   step 713
[  0%]   step 714
[  0%]   step 715
[  0%]   step 716
[  0%]   step 717
[  0%]   step 718
[  0%]   step 719
[  0%]   step 720
[  0%]   step 721
[  0%]   step 722
[  0%]   step 723
[  0%]   step 724
[  0%]   step 725
[  0%]   step 726
[  0%]   step 727
[  0%]   step 728
[  0%]   step 729
[  0%]   step 730
[  0%]   step 731
[  0%]   step 732
[  0%]   step 733
[  0%]   step 734
[  0%]   step 735
[  0%]   step 736
[  0%]   step 737
[  0%]   step 738
[  0%]   step 739
[  0%]   step 740
[  0%]   step 741
[  0%]   step 742
[  0%]   step 743
[  0%]   step 744
[  0%]   step 745
[  0%]   step 746
[  0%]   step 747
[  0%]   step 748
[  0%]   step 749
[  0%]   step 750
[  0%]   step 751
[  0%]   step 752
[  0%]   step 753
[  0%]   step 754
[  0%]   step 755
[  0%]   step 756
[  0%]   step 757
[  0%]   step 758
[  0%]   step 759
[  0%]   step 760
[  0%]   step 761
[  0%]   step 762
[  0%]   step 763
[  0%]   step 764
[  0%]   step 765
[  0%]   step 766
[  0%]   step 767
[  0%]   step 768
[  0%]   step 769
[  0%]   step 770
[  0%]   step 771
[  0%]   step 772
[  0%]   step 773
[  0%]   step 774
[  0%]   step 775
[  0%]   step 776
[  0%]   step 777
[  0%]   step 778
[  0%]   step 779
[  0%]   step 780
[  0%]   step 781
[  0%]   step 782
[  0%]   step 783
[  0%]   step 784
[  0%]   step 785
[  0%]   step 786
[  0%]   step 787
[  0%]   step 788
[  0%]   step 789
[  0%]   step 790
[  0%]   step 791
[  0%]   step 792
[  0%]   step 793
[  0%]   step 794
[  0%]   step 795
[  0%]   step 796
[  0%]   step 797
[  0%]   step 798
[  0%]   step 799
[  0%]   step 800
[  0%]   step 801
[  0%]   step 802
[  0%]   step 803
[  0%]   step 804
[  0%]   step 805
[  0%]   step 806
[  0%]   step 807
[  0%]   step 808
[  0%]   step 809
[  0%]   step 810
[  0%]   step 811
[  0%]   step 812
[  0%]   step 813
[  0%]   step 814
[  0%]   step 815
[  0%]   step 816
[  0%]   step 817
[  0%]   step 818
[  0%]   step 819
[  0%]   step 820
[  0%]   step 821
[  0%]   step 822
[  0%]   step 823
[  0%]   step 824
[  0%]   step 825
[  0%]   step 826
[  0%]   step 827
[  0%]   step 828
[  0%]   step 829
[  0%]   step 830
[  0%]   step 831
[  0%]   step 832
[  0%]   step 833
[  0%]   step 834
[  0%]   step 835
[  0%]   step 836
[  0%]   step 837
[  0%]   step 838
[  0%]   step 839
[  0%]   step 840
+SWASH is processing output request    1
+SWASH is processing output request    2
[  0%]   step 841
[  0%]   step 842
[  0%]   step 843
[  0%]   step 844
[  0%]   step 845
[  0%]   step 846
[  0%]   step 847
[  0%]   step 848
[  0%]   step 849
[  0%]   step 850
[  0%]   step 851
[  0%]   step 852
[  0%]   step 853
[  0%]   step 854
[  0%]   step 855
[  0%]   step 856
[  0%]   step 857
[  0%]   step 858
[  0%]   step 859
[  0%]   step 860
[  0%]   step 861
[  0%]   step 862
[  0%]   step 863
[  0%]   step 864
[  0%]   step 865
[  0%]   step 866
[  0%]   step 867
[  0%]   step 868
[  0%]   step 869
[  0%]   step 870
[  0%]   step 871
[  0%]   step 872
[  0%]   step 873
[  0%]   step 874
[  0%]   step 875
[  0%]   step 876
[  0%]   step 877
[  0%]   step 878
[  0%]   step 879
[  0%]   step 880
[  0%]   step 881
[  0%]   step 882
[  0%]   step 883
[  0%]   step 884
[  0%]   step 885
[  0%]   step 886
[  0%]   step 887
[  0%]   step 888
[  0%]   step 889
[  0%]   step 890
[  0%]   step 891
[  0%]   step 892
[  0%]   step 893
[  0%]   step 894
[  0%]   step 895
[  0%]   step 896
[  0%]   step 897
[  0%]   step 898
[  0%]   step 899
[  0%]   step 900
[  0%]   step 901
[  0%]   step 902
[  0%]   step 903
[  0%]   step 904
[  0%]   step 905
[  0%]   step 906
[  0%]   step 907
[  0%]   step 908
[  0%]   step 909
[  0%]   step 910
[  0%]   step 911
[  0%]   step 912
[  0%]   step 913
[  0%]   step 914
[  0%]   step 915
[  0%]   step 916
[  0%]   step 917
[  0%]   step 918
[  0%]   step 919
[  0%]   step 920
[  0%]   step 921
[  0%]   step 922
[  0%]   step 923
[  0%]   step 924
[  0%]   step 925
[  0%]   step 926
[  0%]   step 927
[  0%]   step 928
[  0%]   step 929
[  0%]   step 930
[  0%]   step 931
[  0%]   step 932
[  0%]   step 933
[  0%]   step 934
[  0%]   step 935
[  0%]   step 936
[  0%]   step 937
[  0%]   step 938
[  0%]   step 939
[  0%]   step 940
[  0%]   step 941
[  0%]   step 942
[  0%]   step 943
[  0%]   step 944
[  0%]   step 945
[  0%]   step 946
[  0%]   step 947
[  0%]   step 948
[  0%]   step 949
[  0%]   step 950
[  0%]   step 951
[  0%]   step 952
[  0%]   step 953
[  0%]   step 954
[  0%]   step 955
[  0%]   step 956
[  0%]   step 957
[  0%]   step 958
[  0%]   step 959
[  0%]   step 960
[  0%]   step 961
[  0%]   step 962
[  0%]   step 963
[  0%]   step 964
[  0%]   step 965
[  0%]   step 966
[  0%]   step 967
[  0%]   step 968
[  0%]   step 969
[  0%]   step 970
[  0%]   step 971
[  0%]   step 972
[  0%]   step 973
[  0%]   step 974
[  0%]   step 975
[  0%]   step 976
[  0%]   step 977
[  0%]   step 978
[  0%]   step 979
[  0%]   step 980
[  0%]   step 981
[  0%]   step 982
[  0%]   step 983
[  0%]   step 984
[  0%]   step 985
[  0%]   step 986
[  0%]   step 987
[  0%]   step 988
[  0%]   step 989
[  0%]   step 990
[  0%]   step 991
[  0%]   step 992
[  0%]   step 993
[  0%]   step 994
[  0%]   step 995
[  0%]   step 996
[  0%]   step 997
[  0%]   step 998
[  0%]   step 999
[  0%]   step 1000
[  0%]   step 1001
[  0%]   step 1002
[  0%]   step 1003
[  0%]   step 1004
[  0%]   step 1005
[  0%]   step 1006
[  0%]   step 1007
[  0%]   step 1008
[  0%]   step 1009
[  0%]   step 1010
[  0%]   step 1011
[  0%]   step 1012
[  0%]   step 1013
[  0%]   step 1014
[  0%]   step 1015
[  0%]   step 1016
[  0%]   step 1017
[  0%]   step 1018
[  0%]   step 1019
[  0%]   step 1020
[  0%]   step 1021
[  0%]   step 1022
[  0%]   step 1023
[  0%]   step 1024
[  0%]   step 1025
[  0%]   step 1026
[  0%]   step 1027
[  0%]   step 1028
[  0%]   step 1029
[  0%]   step 1030
[  0%]   step 1031
[  0%]   step 1032
[  0%]   step 1033
[  0%]   step 1034
[  0%]   step 1035
[  0%]   step 1036
[  0%]   step 1037
[  0%]   step 1038
[  0%]   step 1039
[  0%]   step 1040
[  0%]   step 1041
[  0%]   step 1042
[  0%]   step 1043
[  0%]   step 1044
[  0%]   step 1045
[  0%]   step 1046
[  0%]   step 1047
[  0%]   step 1048
[  0%]   step 1049
[  0%]   step 1050
[  0%]   step 1051
[  0%]   step 1052
[  0%]   step 1053
[  0%]   step 1054
[  0%]   step 1055
[  0%]   step 1056
[  0%]   step 1057
[  0%]   step 1058
[  0%]   step 1059
[  0%]   step 1060
[  0%]   step 1061
[  0%]   step 1062
[  0%]   step 1063
[  0%]   step 1064
[  0%]   step 1065
[  0%]   step 1066
[  0%]   step 1067
[  0%]   step 1068
[  0%]   step 1069
[  0%]   step 1070
[  0%]   step 1071
[  0%]   step 1072
[  0%]   step 1073
[  0%]   step 1074
[  0%]   step 1075
[  0%]   step 1076
[  0%]   step 1077
[  0%]   step 1078
[  0%]   step 1079
[  0%]   step 1080
[  0%]   step 1081
[  0%]   step 1082
[  0%]   step 1083
[  0%]   step 1084
[  0%]   step 1085
[  0%]   step 1086
[  0%]   step 1087
[  0%]   step 1088
[  0%]   step 1089
[  0%]   step 1090
[  0%]   step 1091
[  0%]   step 1092
[  0%]   step 1093
[  0%]   step 1094
[  0%]   step 1095
[  0%]   step 1096
[  0%]   step 1097
[  0%]   step 1098
[  0%]   step 1099
[  0%]   step 1100
[  0%]   step 1101
[  0%]   step 1102
[  0%]   step 1103
[  0%]   step 1104
[  0%]   step 1105
[  0%]   step 1106
[  0%]   step 1107
[  0%]   step 1108
[  0%]   step 1109
[  0%]   step 1110
[  0%]   step 1111
[  0%]   step 1112
[  0%]   step 1113
[  0%]   step 1114
[  0%]   step 1115
[  0%]   step 1116
[  0%]   step 1117
[  0%]   step 1118
[  0%]   step 1119
[  0%]   step 1120
[  0%]   step 1121
[  0%]   step 1122
[  0%]   step 1123
[  0%]   step 1124
[  0%]   step 1125
[  0%]   step 1126
[  0%]   step 1127
[  0%]   step 1128
[  0%]   step 1129
[  0%]   step 1130
[  0%]   step 1131
[  0%]   step 1132
[  0%]   step 1133
[  0%]   step 1134
[  0%]   step 1135
[  0%]   step 1136
[  0%]   step 1137
[  0%]   step 1138
[  0%]   step 1139
[  0%]   step 1140
[  0%]   step 1141
[  0%]   step 1142
[  0%]   step 1143
[  0%]   step 1144
[  0%]   step 1145
[  0%]   step 1146
[  0%]   step 1147
[  0%]   step 1148
[  0%]   step 1149
[  0%]   step 1150
[  0%]   step 1151
[  0%]   step 1152
[  0%]   step 1153
[  0%]   step 1154
[  0%]   step 1155
[  0%]   step 1156
[  0%]   step 1157
[  0%]   step 1158
[  0%]   step 1159
[  0%]   step 1160
[  0%]   step 1161
[  0%]   step 1162
[  0%]   step 1163
[  0%]   step 1164
[  0%]   step 1165
[  0%]   step 1166
[  0%]   step 1167
[  0%]   step 1168
[  0%]   step 1169
[  0%]   step 1170
[  0%]   step 1171
[  0%]   step 1172
[  0%]   step 1173
[  0%]   step 1174
[  0%]   step 1175
[  0%]   step 1176
[  0%]   step 1177
[  0%]   step 1178
[  0%]   step 1179
[  0%]   step 1180
[  0%]   step 1181
[  0%]   step 1182
[  0%]   step 1183
[  0%]   step 1184
[  0%]   step 1185
[  0%]   step 1186
[  0%]   step 1187
[  0%]   step 1188
[  0%]   step 1189
[  0%]   step 1190
[  0%]   step 1191
[  0%]   step 1192
[  0%]   step 1193
[  0%]   step 1194
[  0%]   step 1195
[  0%]   step 1196
[  0%]   step 1197
[  0%]   step 1198
[  0%]   step 1199
[  0%]   step 1200
[  0%]   step 1201
[  0%]   step 1202
[  0%]   step 1203
[  0%]   step 1204
[  0%]   step 1205
[  0%]   step 1206
[  0%]   step 1207
[  0%]   step 1208
[  0%]   step 1209
[  0%]   step 1210
[  0%]   step 1211
[  0%]   step 1212
[  0%]   step 1213
[  0%]   step 1214
[  0%]   step 1215
[  0%]   step 1216
[  0%]   step 1217
[  0%]   step 1218
[  0%]   step 1219
[  0%]   step 1220
[  0%]   step 1221
[  0%]   step 1222
[  0%]   step 1223
[  0%]   step 1224
[  0%]   step 1225
[  0%]   step 1226
[  0%]   step 1227
[  0%]   step 1228
[  0%]   step 1229
[  0%]   step 1230
[  0%]   step 1231
[  0%]   step 1232
[  0%]   step 1233
[  0%]   step 1234
[  0%]   step 1235
[  0%]   step 1236
[  0%]   step 1237
[  0%]   step 1238
[  0%]   step 1239
[  0%]   step 1240
[  0%]   step 1241
[  0%]   step 1242
[  0%]   step 1243
[  0%]   step 1244
[  0%]   step 1245
[  0%]   step 1246
[  0%]   step 1247
[  0%]   step 1248
[  0%]   step 1249
[  0%]   step 1250
[  0%]   step 1251
[  0%]   step 1252
[  0%]   step 1253
[  0%]   step 1254
[  0%]   step 1255
[  0%]   step 1256
[  0%]   step 1257
[  0%]   step 1258
[  0%]   step 1259
[  0%]   step 1260
+SWASH is processing output request    1
+SWASH is processing output request    2
[  0%]   step 1261
[  0%]   step 1262
[  0%]   step 1263
[  0%]   step 1264
[  0%]   step 1265
[  0%]   step 1266
[  0%]   step 1267
[  0%]   step 1268
[  0%]   step 1269
[  0%]   step 1270
[  0%]   step 1271
[  0%]   step 1272
[  0%]   step 1273
[  0%]   step 1274
[  0%]   step 1275
[  0%]   step 1276
[  0%]   step 1277
[  0%]   step 1278
[  0%]   step 1279
[  0%]   step 1280
[  0%]   step 1281
[  0%]   step 1282
[  0%]   step 1283
[  0%]   step 1284
[  0%]   step 1285
[  0%]   step 1286
[  0%]   step 1287
[  0%]   step 1288
[  0%]   step 1289
[  0%]   step 1290
[  0%]   step 1291
[  0%]   step 1292
[  0%]   step 1293
[  0%]   step 1294
[  0%]   step 1295
[  0%]   step 1296
[  0%]   step 1297
[  0%]   step 1298
[  0%]   step 1299
[  0%]   step 1300
[  0%]   step 1301
[  0%]   step 1302
[  0%]   step 1303
[  0%]   step 1304
[  0%]   step 1305
[  0%]   step 1306
[  0%]   step 1307
[  0%]   step 1308
[  0%]   step 1309
[  0%]   step 1310
[  0%]   step 1311
[  0%]   step 1312
[  0%]   step 1313
[  0%]   step 1314
[  0%]   step 1315
[  0%]   step 1316
[  0%]   step 1317
[  0%]   step 1318
[  0%]   step 1319
[  0%]   step 1320
[  0%]   step 1321
[  0%]   step 1322
[  0%]   step 1323
[  0%]   step 1324
[  0%]   step 1325
[  0%]   step 1326
[  0%]   step 1327
[  0%]   step 1328
[  0%]   step 1329
[  0%]   step 1330
[  0%]   step 1331
[  0%]   step 1332
[  0%]   step 1333
[  0%]   step 1334
[  0%]   step 1335
[  0%]   step 1336
[  0%]   step 1337
[  0%]   step 1338
[  0%]   step 1339
[  0%]   step 1340
[  0%]   step 1341
[  0%]   step 1342
[  0%]   step 1343
[  0%]   step 1344
[  0%]   step 1345
[  0%]   step 1346
[  0%]   step 1347
[  0%]   step 1348
[  0%]   step 1349
[  0%]   step 1350
[  0%]   step 1351
[  0%]   step 1352
[  0%]   step 1353
[  0%]   step 1354
[  0%]   step 1355
[  0%]   step 1356
[  0%]   step 1357
[  0%]   step 1358
[  0%]   step 1359
[  0%]   step 1360
[  0%]   step 1361
[  0%]   step 1362
[  0%]   step 1363
[  0%]   step 1364
[  0%]   step 1365
[  0%]   step 1366
[  0%]   step 1367
[  0%]   step 1368
[  0%]   step 1369
[  0%]   step 1370
[  0%]   step 1371
[  0%]   step 1372
[  0%]   step 1373
[  0%]   step 1374
[  0%]   step 1375
[  0%]   step 1376
[  0%]   step 1377
[  0%]   step 1378
[  0%]   step 1379
[  0%]   step 1380
[  0%]   step 1381
[  0%]   step 1382
[  0%]   step 1383
[  0%]   step 1384
[  0%]   step 1385
[  0%]   step 1386
[  0%]   step 1387
[  0%]   step 1388
[  0%]   step 1389
[  0%]   step 1390
[  0%]   step 1391
[  0%]   step 1392
[  0%]   step 1393
[  0%]   step 1394
[  0%]   step 1395
[  0%]   step 1396
[  0%]   step 1397
[  0%]   step 1398
[  0%]   step 1399
[  0%]   step 1400
[  0%]   step 1401
[  0%]   step 1402
[  0%]   step 1403
[  0%]   step 1404
[  0%]   step 1405
[  0%]   step 1406
[  0%]   step 1407
[  0%]   step 1408
[  0%]   step 1409
[  0%]   step 1410
[  0%]   step 1411
[  0%]   step 1412
[  0%]   step 1413
[  0%]   step 1414
[  0%]   step 1415
[  0%]   step 1416
[  0%]   step 1417
[  0%]   step 1418
[  0%]   step 1419
[  0%]   step 1420
[  0%]   step 1421
[  0%]   step 1422
[  0%]   step 1423
[  0%]   step 1424
[  0%]   step 1425
[  0%]   step 1426
[  0%]   step 1427
[  0%]   step 1428
[  0%]   step 1429
[  0%]   step 1430
[  0%]   step 1431
[  0%]   step 1432
[  0%]   step 1433
[  0%]   step 1434
[  0%]   step 1435
[  0%]   step 1436
[  0%]   step 1437
[  0%]   step 1438
[  0%]   step 1439
[  0%]   step 1440
[  0%]   step 1441
[  0%]   step 1442
[  0%]   step 1443
[  0%]   step 1444
[  0%]   step 1445
[  0%]   step 1446
[  0%]   step 1447
[  0%]   step 1448
[  0%]   step 1449
[  0%]   step 1450
[  0%]   step 1451
[  0%]   step 1452
[  0%]   step 1453
[  0%]   step 1454
[  0%]   step 1455
[  0%]   step 1456
[  0%]   step 1457
[  0%]   step 1458
[  0%]   step 1459
[  0%]   step 1460
[  0%]   step 1461
[  0%]   step 1462
[  0%]   step 1463
[  0%]   step 1464
[  0%]   step 1465
[  0%]   step 1466
[  0%]   step 1467
[  0%]   step 1468
[  0%]   step 1469
[  0%]   step 1470
[  0%]   step 1471
[  0%]   step 1472
[  0%]   step 1473
[  0%]   step 1474
[  0%]   step 1475
[  0%]   step 1476
[  0%]   step 1477
[  0%]   step 1478
[  0%]   step 1479
[  0%]   step 1480
[  0%]   step 1481
[  0%]   step 1482
[  0%]   step 1483
[  0%]   step 1484
[  0%]   step 1485
[  0%]   step 1486
[  0%]   step 1487
[  0%]   step 1488
[  0%]   step 1489
[  0%]   step 1490
[  0%]   step 1491
[  0%]   step 1492
[  0%]   step 1493
[  0%]   step 1494
[  0%]   step 1495
[  0%]   step 1496
[  0%]   step 1497
[  0%]   step 1498
[  0%]   step 1499
[  0%]   step 1500
[  0%]   step 1501
[  0%]   step 1502
[  0%]   step 1503
[  0%]   step 1504
[  0%]   step 1505
[  0%]   step 1506
[  0%]   step 1507
[  0%]   step 1508
[  0%]   step 1509
[  0%]   step 1510
[  0%]   step 1511
[  0%]   step 1512
[  0%]   step 1513
[  0%]   step 1514
[  0%]   step 1515
[  0%]   step 1516
[  0%]   step 1517
[  0%]   step 1518
[  0%]   step 1519
[  0%]   step 1520
[  0%]   step 1521
[  0%]   step 1522
[  0%]   step 1523
[  0%]   step 1524
[  0%]   step 1525
[  0%]   step 1526
[  0%]   step 1527
[  0%]   step 1528
[  0%]   step 1529
[  0%]   step 1530
[  0%]   step 1531
[  0%]   step 1532
[  0%]   step 1533
[  0%]   step 1534
[  0%]   step 1535
[  0%]   step 1536
[  0%]   step 1537
[  0%]   step 1538
[  0%]   step 1539
[  0%]   step 1540
[  0%]   step 1541
[  0%]   step 1542
[  0%]   step 1543
[  0%]   step 1544
[  0%]   step 1545
[  0%]   step 1546
[  0%]   step 1547
[  0%]   step 1548
[  0%]   step 1549
[  0%]   step 1550
[  0%]   step 1551
[  0%]   step 1552
[  0%]   step 1553
[  0%]   step 1554
[  0%]   step 1555
[  0%]   step 1556
[  0%]   step 1557
[  0%]   step 1558
[  0%]   step 1559
[  0%]   step 1560
[  0%]   step 1561
[  0%]   step 1562
[  0%]   step 1563
[  0%]   step 1564
[  0%]   step 1565
[  0%]   step 1566
[  0%]   step 1567
[  0%]   step 1568
[  0%]   step 1569
[  0%]   step 1570
[  0%]   step 1571
[  0%]   step 1572
[  0%]   step 1573
[  0%]   step 1574
[  0%]   step 1575
[  0%]   step 1576
[  0%]   step 1577
[  0%]   step 1578
[  0%]   step 1579
[  0%]   step 1580
[  0%]   step 1581
[  0%]   step 1582
[  0%]   step 1583
[  0%]   step 1584
[  0%]   step 1585
[  0%]   step 1586
[  0%]   step 1587
[  0%]   step 1588
[  0%]   step 1589
[  0%]   step 1590
[  0%]   step 1591
[  0%]   step 1592
[  0%]   step 1593
[  0%]   step 1594
[  0%]   step 1595
[  0%]   step 1596
[  0%]   step 1597
[  0%]   step 1598
[  0%]   step 1599
[  0%]   step 1600
[  0%]   step 1601
[  0%]   step 1602
[  0%]   step 1603
[  0%]   step 1604
[  0%]   step 1605
[  0%]   step 1606
[  0%]   step 1607
[  0%]   step 1608
[  0%]   step 1609
[  0%]   step 1610
[  0%]   step 1611
[  0%]   step 1612
[  0%]   step 1613
[  0%]   step 1614
[  0%]   step 1615
[  0%]   step 1616
[  0%]   step 1617
[  0%]   step 1618
[  0%]   step 1619
[  0%]   step 1620
[  0%]   step 1621
[  0%]   step 1622
[  0%]   step 1623
[  0%]   step 1624
[  0%]   step 1625
[  0%]   step 1626
[  0%]   step 1627
[  0%]   step 1628
[  0%]   step 1629
[  0%]   step 1630
[  0%]   step 1631
[  0%]   step 1632
[  0%]   step 1633
[  0%]   step 1634
[  0%]   step 1635
[  0%]   step 1636
[  0%]   step 1637
[  1%]   step 1638
[  1%]   step 1639
[  1%]   step 1640
[  1%]   step 1641
[  1%]   step 1642
[  1%]   step 1643
[  1%]   step 1644
[  1%]   step 1645
[  1%]   step 1646
[  1%]   step 1647
[  1%]   step 1648
[  1%]   step 1649
[  1%]   step 1650
[  1%]   step 1651
[  1%]   step 1652
[  1%]   step 1653
[  1%]   step 1654
[  1%]   step 1655
[  1%]   step 1656
[  1%]   step 1657
[  1%]   step 1658
[  1%]   step 1659
[  1%]   step 1660
[  1%]   step 1661
[  1%]   step 1662
[  1%]   step 1663
[  1%]   step 1664
[  1%]   step 1665
[  1%]   step 1666
[  1%]   step 1667
[  1%]   step 1668
[  1%]   step 1669
[  1%]   step 1670
[  1%]   step 1671
[  1%]   step 1672
[  1%]   step 1673
[  1%]   step 1674
[  1%]   step 1675
[  1%]   step 1676
[  1%]   step 1677
[  1%]   step 1678
[  1%]   step 1679
[  1%]   step 1680
+SWASH is processing output request    1
+SWASH is processing output request    2
[  1%]   step 1681
[  1%]   step 1682
[  1%]   step 1683
[  1%]   step 1684
[  1%]   step 1685
[  1%]   step 1686
[  1%]   step 1687
[  1%]   step 1688
[  1%]   step 1689
[  1%]   step 1690
[  1%]   step 1691
[  1%]   step 1692
[  1%]   step 1693
[  1%]   step 1694
[  1%]   step 1695
[  1%]   step 1696
[  1%]   step 1697
[  1%]   step 1698
[  1%]   step 1699
[  1%]   step 1700
[  1%]   step 1701
[  1%]   step 1702
[  1%]   step 1703
[  1%]   step 1704
[  1%]   step 1705
[  1%]   step 1706
[  1%]   step 1707
[  1%]   step 1708
[  1%]   step 1709
[  1%]   step 1710
[  1%]   step 1711
[  1%]   step 1712
[  1%]   step 1713
[  1%]   step 1714
[  1%]   step 1715
[  1%]   step 1716
[  1%]   step 1717
[  1%]   step 1718
[  1%]   step 1719
[  1%]   step 1720
[  1%]   step 1721
[  1%]   step 1722
[  1%]   step 1723
[  1%]   step 1724
[  1%]   step 1725
[  1%]   step 1726
[  1%]   step 1727
[  1%]   step 1728
[  1%]   step 1729
[  1%]   step 1730
[  1%]   step 1731
[  1%]   step 1732
[  1%]   step 1733
[  1%]   step 1734
[  1%]   step 1735
[  1%]   step 1736
[  1%]   step 1737
[  1%]   step 1738
[  1%]   step 1739
[  1%]   step 1740
[  1%]   step 1741
[  1%]   step 1742
[  1%]   step 1743
[  1%]   step 1744
[  1%]   step 1745
[  1%]   step 1746
[  1%]   step 1747
[  1%]   step 1748
[  1%]   step 1749
[  1%]   step 1750
[  1%]   step 1751
[  1%]   step 1752
[  1%]   step 1753
[  1%]   step 1754
[  1%]   step 1755
[  1%]   step 1756
[  1%]   step 1757
[  1%]   step 1758
[  1%]   step 1759
[  1%]   step 1760
[  1%]   step 1761
[  1%]   step 1762
[  1%]   step 1763
[  1%]   step 1764
[  1%]   step 1765
[  1%]   step 1766
[  1%]   step 1767
[  1%]   step 1768
[  1%]   step 1769
[  1%]   step 1770
[  1%]   step 1771
[  1%]   step 1772
[  1%]   step 1773
[  1%]   step 1774
[  1%]   step 1775
[  1%]   step 1776
[  1%]   step 1777
[  1%]   step 1778
[  1%]   step 1779
[  1%]   step 1780
[  1%]   step 1781
[  1%]   step 1782
[  1%]   step 1783
[  1%]   step 1784
[  1%]   step 1785
[  1%]   step 1786
[  1%]   step 1787
[  1%]   step 1788
[  1%]   step 1789
[  1%]   step 1790
[  1%]   step 1791
[  1%]   step 1792
[  1%]   step 1793
[  1%]   step 1794
[  1%]   step 1795
[  1%]   step 1796
[  1%]   step 1797
[  1%]   step 1798
[  1%]   step 1799
[  1%]   step 1800
[  1%]   step 1801
[  1%]   step 1802
[  1%]   step 1803
[  1%]   step 1804
[  1%]   step 1805
[  1%]   step 1806
[  1%]   step 1807
[  1%]   step 1808
[  1%]   step 1809
[  1%]   step 1810
[  1%]   step 1811
[  1%]   step 1812
[  1%]   step 1813
[  1%]   step 1814
[  1%]   step 1815
[  1%]   step 1816
[  1%]   step 1817
[  1%]   step 1818
[  1%]   step 1819
[  1%]   step 1820
[  1%]   step 1821
[  1%]   step 1822
[  1%]   step 1823
[  1%]   step 1824
[  1%]   step 1825
[  1%]   step 1826
[  1%]   step 1827
[  1%]   step 1828
[  1%]   step 1829
[  1%]   step 1830
[  1%]   step 1831
[  1%]   step 1832
[  1%]   step 1833
[  1%]   step 1834
[  1%]   step 1835
[  1%]   step 1836
[  1%]   step 1837
[  1%]   step 1838
[  1%]   step 1839
[  1%]   step 1840
[  1%]   step 1841
[  1%]   step 1842
[  1%]   step 1843
[  1%]   step 1844
[  1%]   step 1845
[  1%]   step 1846
[  1%]   step 1847
[  1%]   step 1848
[  1%]   step 1849
[  1%]   step 1850
[  1%]   step 1851
[  1%]   step 1852
[  1%]   step 1853
[  1%]   step 1854
[  1%]   step 1855
[  1%]   step 1856
[  1%]   step 1857
[  1%]   step 1858
[  1%]   step 1859
[  1%]   step 1860
[  1%]   step 1861
[  1%]   step 1862
[  1%]   step 1863
[  1%]   step 1864
[  1%]   step 1865
[  1%]   step 1866
[  1%]   step 1867
[  1%]   step 1868
[  1%]   step 1869
[  1%]   step 1870
[  1%]   step 1871
[  1%]   step 1872
[  1%]   step 1873
[  1%]   step 1874
[  1%]   step 1875
[  1%]   step 1876
[  1%]   step 1877
[  1%]   step 1878
[  1%]   step 1879
[  1%]   step 1880
[  1%]   step 1881
[  1%]   step 1882
[  1%]   step 1883
[  1%]   step 1884
[  1%]   step 1885
[  1%]   step 1886
[  1%]   step 1887
[  1%]   step 1888
[  1%]   step 1889
[  1%]   step 1890
[  1%]   step 1891
[  1%]   step 1892
[  1%]   step 1893
[  1%]   step 1894
[  1%]   step 1895
[  1%]   step 1896
[  1%]   step 1897
[  1%]   step 1898
[  1%]   step 1899
[  1%]   step 1900
[  1%]   step 1901
[  1%]   step 1902
[  1%]   step 1903
[  1%]   step 1904
[  1%]   step 1905
[  1%]   step 1906
[  1%]   step 1907
[  1%]   step 1908
[  1%]   step 1909
[  1%]   step 1910
[  1%]   step 1911
[  1%]   step 1912
[  1%]   step 1913
[  1%]   step 1914
[  1%]   step 1915
[  1%]   step 1916
[  1%]   step 1917
[  1%]   step 1918
[  1%]   step 1919
[  1%]   step 1920
[  1%]   step 1921
[  1%]   step 1922
[  1%]   step 1923
[  1%]   step 1924
[  1%]   step 1925
[  1%]   step 1926
[  1%]   step 1927
[  1%]   step 1928
[  1%]   step 1929
[  1%]   step 1930
[  1%]   step 1931
[  1%]   step 1932
[  1%]   step 1933
[  1%]   step 1934
[  1%]   step 1935
[  1%]   step 1936
[  1%]   step 1937
[  1%]   step 1938
[  1%]   step 1939
[  1%]   step 1940
[  1%]   step 1941
[  1%]   step 1942
[  1%]   step 1943
[  1%]   step 1944
[  1%]   step 1945
[  1%]   step 1946
[  1%]   step 1947
[  1%]   step 1948
[  1%]   step 1949
[  1%]   step 1950
[  1%]   step 1951
[  1%]   step 1952
[  1%]   step 1953
[  1%]   step 1954
[  1%]   step 1955
[  1%]   step 1956
[  1%]   step 1957
[  1%]   step 1958
[  1%]   step 1959
[  1%]   step 1960
[  1%]   step 1961
[  1%]   step 1962
[  1%]   step 1963
[  1%]   step 1964
[  1%]   step 1965
[  1%]   step 1966
[  1%]   step 1967
[  1%]   step 1968
[  1%]   step 1969
[  1%]   step 1970
[  1%]   step 1971
[  1%]   step 1972
[  1%]   step 1973
[  1%]   step 1974
[  1%]   step 1975
[  1%]   step 1976
[  1%]   step 1977
[  1%]   step 1978
[  1%]   step 1979
[  1%]   step 1980
[  1%]   step 1981
[  1%]   step 1982
[  1%]   step 1983
[  1%]   step 1984
[  1%]   step 1985
[  1%]   step 1986
[  1%]   step 1987
[  1%]   step 1988
[  1%]   step 1989
[  1%]   step 1990
[  1%]   step 1991
[  1%]   step 1992
[  1%]   step 1993
[  1%]   step 1994
[  1%]   step 1995
[  1%]   step 1996
[  1%]   step 1997
[  1%]   step 1998
[  1%]   step 1999
[  1%]   step 2000
[  1%]   step 2001
[  1%]   step 2002
[  1%]   step 2003
[  1%]   step 2004
[  1%]   step 2005
[  1%]   step 2006
[  1%]   step 2007
[  1%]   step 2008
[  1%]   step 2009
[  1%]   step 2010
[  1%]   step 2011
[  1%]   step 2012
[  1%]   step 2013
[  1%]   step 2014
[  1%]   step 2015
[  1%]   step 2016
[  1%]   step 2017
[  1%]   step 2018
[  1%]   step 2019
[  1%]   step 2020
[  1%]   step 2021
[  1%]   step 2022
[  1%]   step 2023
[  1%]   step 2024
[  1%]   step 2025
[  1%]   step 2026
[  1%]   step 2027
[  1%]   step 2028
[  1%]   step 2029
[  1%]   step 2030
[  1%]   step 2031
[  1%]   step 2032
[  1%]   step 2033
[  1%]   step 2034
[  1%]   step 2035
[  1%]   step 2036
[  1%]   step 2037
[  1%]   step 2038
[  1%]   step 2039
[  1%]   step 2040
[  1%]   step 2041
[  1%]   step 2042
[  1%]   step 2043
[  1%]   step 2044
[  1%]   step 2045
[  1%]   step 2046
[  1%]   step 2047
[  1%]   step 2048
[  1%]   step 2049
[  1%]   step 2050
[  1%]   step 2051
[  1%]   step 2052
[  1%]   step 2053
[  1%]   step 2054
[  1%]   step 2055
[  1%]   step 2056
[  1%]   step 2057
[  1%]   step 2058
[  1%]   step 2059
[  1%]   step 2060
[  1%]   step 2061
[  1%]   step 2062
[  1%]   step 2063
[  1%]   step 2064
[  1%]   step 2065
[  1%]   step 2066
[  1%]   step 2067
[  1%]   step 2068
[  1%]   step 2069
[  1%]   step 2070
[  1%]   step 2071
[  1%]   step 2072
[  1%]   step 2073
[  1%]   step 2074
[  1%]   step 2075
[  1%]   step 2076
[  1%]   step 2077
[  1%]   step 2078
[  1%]   step 2079
[  1%]   step 2080
[  1%]   step 2081
[  1%]   step 2082
[  1%]   step 2083
[  1%]   step 2084
[  1%]   step 2085
[  1%]   step 2086
[  1%]   step 2087
[  1%]   step 2088
[  1%]   step 2089
[  1%]   step 2090
[  1%]   step 2091
[  1%]   step 2092
[  1%]   step 2093
[  1%]   step 2094
[  1%]   step 2095
[  1%]   step 2096
[  1%]   step 2097
[  1%]   step 2098
[  1%]   step 2099
[  1%]   step 2100
+SWASH is processing output request    1
+SWASH is processing output request    2
[  1%]   step 2101
[  1%]   step 2102
[  1%]   step 2103
[  1%]   step 2104
[  1%]   step 2105
[  1%]   step 2106
[  1%]   step 2107
[  1%]   step 2108
[  1%]   step 2109
[  1%]   step 2110
[  1%]   step 2111
[  1%]   step 2112
[  1%]   step 2113
[  1%]   step 2114
[  1%]   step 2115
[  1%]   step 2116
[  1%]   step 2117
[  1%]   step 2118
[  1%]   step 2119
[  1%]   step 2120
[  1%]   step 2121
[  1%]   step 2122
[  1%]   step 2123
[  1%]   step 2124
[  1%]   step 2125
[  1%]   step 2126
[  1%]   step 2127
[  1%]   step 2128
[  1%]   step 2129
[  1%]   step 2130
[  1%]   step 2131
[  1%]   step 2132
[  1%]   step 2133
[  1%]   step 2134
[  1%]   step 2135
[  1%]   step 2136
[  1%]   step 2137
[  1%]   step 2138
[  1%]   step 2139
[  1%]   step 2140
[  1%]   step 2141
[  1%]   step 2142
[  1%]   step 2143
[  1%]   step 2144
[  1%]   step 2145
[  1%]   step 2146
[  1%]   step 2147
[  1%]   step 2148
[  1%]   step 2149
[  1%]   step 2150
[  1%]   step 2151
[  1%]   step 2152
[  1%]   step 2153
[  1%]   step 2154
[  1%]   step 2155
[  1%]   step 2156
[  1%]   step 2157
[  1%]   step 2158
[  1%]   step 2159
[  1%]   step 2160
[  1%]   step 2161
[  1%]   step 2162
[  1%]   step 2163
[  1%]   step 2164
[  1%]   step 2165
[  1%]   step 2166
[  1%]   step 2167
[  1%]   step 2168
[  1%]   step 2169
[  1%]   step 2170
[  1%]   step 2171
[  1%]   step 2172
[  1%]   step 2173
[  1%]   step 2174
[  1%]   step 2175
[  1%]   step 2176
[  1%]   step 2177
[  1%]   step 2178
[  1%]   step 2179
[  1%]   step 2180
[  1%]   step 2181
[  1%]   step 2182
[  1%]   step 2183
[  1%]   step 2184
[  1%]   step 2185
[  1%]   step 2186
[  1%]   step 2187
[  1%]   step 2188
[  1%]   step 2189
[  1%]   step 2190
[  1%]   step 2191
[  1%]   step 2192
[  1%]   step 2193
[  1%]   step 2194
[  1%]   step 2195
[  1%]   step 2196
[  1%]   step 2197
[  1%]   step 2198
[  1%]   step 2199
[  1%]   step 2200
[  1%]   step 2201
[  1%]   step 2202
[  1%]   step 2203
[  1%]   step 2204
[  1%]   step 2205
[  1%]   step 2206
[  1%]   step 2207
[  1%]   step 2208
[  1%]   step 2209
[  1%]   step 2210
[  1%]   step 2211
[  1%]   step 2212
[  1%]   step 2213
[  1%]   step 2214
[  1%]   step 2215
[  1%]   step 2216
[  1%]   step 2217
[  1%]   step 2218
[  1%]   step 2219
[  1%]   step 2220
[  1%]   step 2221
[  1%]   step 2222
[  1%]   step 2223
[  1%]   step 2224
[  1%]   step 2225
[  1%]   step 2226
[  1%]   step 2227
[  1%]   step 2228
[  1%]   step 2229
[  1%]   step 2230
[  1%]   step 2231
[  1%]   step 2232
[  1%]   step 2233
[  1%]   step 2234
[  1%]   step 2235
[  1%]   step 2236
[  1%]   step 2237
[  1%]   step 2238
[  1%]   step 2239
[  1%]   step 2240
[  1%]   step 2241
[  1%]   step 2242
[  1%]   step 2243
[  1%]   step 2244
[  1%]   step 2245
[  1%]   step 2246
[  1%]   step 2247
[  1%]   step 2248
[  1%]   step 2249
[  1%]   step 2250
[  1%]   step 2251
[  1%]   step 2252
[  1%]   step 2253
[  1%]   step 2254
[  1%]   step 2255
[  1%]   step 2256
[  1%]   step 2257
[  1%]   step 2258
[  1%]   step 2259
[  1%]   step 2260
[  1%]   step 2261
[  1%]   step 2262
[  1%]   step 2263
[  1%]   step 2264
[  1%]   step 2265
[  1%]   step 2266
[  1%]   step 2267
[  1%]   step 2268
[  1%]   step 2269
[  1%]   step 2270
[  1%]   step 2271
[  1%]   step 2272
[  1%]   step 2273
[  1%]   step 2274
[  1%]   step 2275
[  1%]   step 2276
[  1%]   step 2277
[  1%]   step 2278
[  1%]   step 2279
[  1%]   step 2280
[  1%]   step 2281
[  1%]   step 2282
[  1%]   step 2283
[  1%]   step 2284
[  1%]   step 2285
[  1%]   step 2286
[  1%]   step 2287
[  1%]   step 2288
[  1%]   step 2289
[  1%]   step 2290
[  1%]   step 2291
[  1%]   step 2292
[  1%]   step 2293
[  1%]   step 2294
[  1%]   step 2295
[  1%]   step 2296
[  1%]   step 2297
[  1%]   step 2298
[  1%]   step 2299
[  1%]   step 2300
[  1%]   step 2301
[  1%]   step 2302
[  1%]   step 2303
[  1%]   step 2304
[  1%]   step 2305
[  1%]   step 2306
[  1%]   step 2307
[  1%]   step 2308
[  1%]   step 2309
[  1%]   step 2310
[  1%]   step 2311
[  1%]   step 2312
[  1%]   step 2313
[  1%]   step 2314
[  1%]   step 2315
[  1%]   step 2316
[  1%]   step 2317
[  1%]   step 2318
[  1%]   step 2319
[  1%]   step 2320
[  1%]   step 2321
[  1%]   step 2322
[  1%]   step 2323
[  1%]   step 2324
[  1%]   step 2325
[  1%]   step 2326
[  1%]   step 2327
[  1%]   step 2328
[  1%]   step 2329
[  1%]   step 2330
[  1%]   step 2331
[  1%]   step 2332
[  1%]   step 2333
[  1%]   step 2334
[  1%]   step 2335
[  1%]   step 2336
[  1%]   step 2337
[  1%]   step 2338
[  1%]   step 2339
[  1%]   step 2340
[  1%]   step 2341
[  1%]   step 2342
[  1%]   step 2343
[  1%]   step 2344
[  1%]   step 2345
[  1%]   step 2346
[  1%]   step 2347
[  1%]   step 2348
[  1%]   step 2349
[  1%]   step 2350
[  1%]   step 2351
[  1%]   step 2352
[  1%]   step 2353
[  1%]   step 2354
[  1%]   step 2355
[  1%]   step 2356
[  1%]   step 2357
[  1%]   step 2358
[  1%]   step 2359
[  1%]   step 2360
[  1%]   step 2361
[  1%]   step 2362
[  1%]   step 2363
[  1%]   step 2364
[  1%]   step 2365
[  1%]   step 2366
[  1%]   step 2367
[  1%]   step 2368
[  1%]   step 2369
[  1%]   step 2370
[  1%]   step 2371
[  1%]   step 2372
[  1%]   step 2373
[  1%]   step 2374
[  1%]   step 2375
[  1%]   step 2376
[  1%]   step 2377
[  1%]   step 2378
[  1%]   step 2379
[  1%]   step 2380
[  1%]   step 2381
[  1%]   step 2382
[  1%]   step 2383
[  1%]   step 2384
[  1%]   step 2385
[  1%]   step 2386
[  1%]   step 2387
[  1%]   step 2388
[  1%]   step 2389
[  1%]   step 2390
[  1%]   step 2391
[  1%]   step 2392
[  1%]   step 2393
[  1%]   step 2394
[  1%]   step 2395
[  1%]   step 2396
[  1%]   step 2397
[  1%]   step 2398
[  1%]   step 2399
[  1%]   step 2400
[  1%]   step 2401
[  1%]   step 2402
[  1%]   step 2403
[  1%]   step 2404
[  1%]   step 2405
[  1%]   step 2406
[  1%]   step 2407
[  1%]   step 2408
[  1%]   step 2409
[  1%]   step 2410
[  1%]   step 2411
[  1%]   step 2412
[  1%]   step 2413
[  1%]   step 2414
[  1%]   step 2415
[  1%]   step 2416
[  1%]   step 2417
[  1%]   step 2418
[  1%]   step 2419
[  1%]   step 2420
[  1%]   step 2421
[  1%]   step 2422
[  1%]   step 2423
[  1%]   step 2424
[  1%]   step 2425
[  1%]   step 2426
[  1%]   step 2427
[  1%]   step 2428
[  1%]   step 2429
[  1%]   step 2430
[  1%]   step 2431
[  1%]   step 2432
[  1%]   step 2433
[  1%]   step 2434
[  1%]   step 2435
[  1%]   step 2436
[  1%]   step 2437
[  1%]   step 2438
[  1%]   step 2439
[  1%]   step 2440
[  1%]   step 2441
[  1%]   step 2442
[  1%]   step 2443
[  1%]   step 2444
[  1%]   step 2445
[  1%]   step 2446
[  1%]   step 2447
[  1%]   step 2448
[  1%]   step 2449
[  1%]   step 2450
[  1%]   step 2451
[  1%]   step 2452
[  1%]   step 2453
[  1%]   step 2454
[  1%]   step 2455
[  1%]   step 2456
[  1%]   step 2457
[  1%]   step 2458
[  1%]   step 2459
[  1%]   step 2460
[  1%]   step 2461
[  1%]   step 2462
[  1%]   step 2463
[  1%]   step 2464
[  1%]   step 2465
[  1%]   step 2466
[  1%]   step 2467
[  1%]   step 2468
[  1%]   step 2469
[  1%]   step 2470
[  1%]   step 2471
[  1%]   step 2472
[  1%]   step 2473
[  1%]   step 2474
[  1%]   step 2475
[  1%]   step 2476
[  1%]   step 2477
[  1%]   step 2478
[  1%]   step 2479
[  1%]   step 2480
[  1%]   step 2481
[  1%]   step 2482
[  1%]   step 2483
[  1%]   step 2484
[  1%]   step 2485
[  1%]   step 2486
[  1%]   step 2487
[  1%]   step 2488
[  1%]   step 2489
[  1%]   step 2490
[  1%]   step 2491
[  1%]   step 2492
[  1%]   step 2493
[  1%]   step 2494
[  1%]   step 2495
[  1%]   step 2496
[  1%]   step 2497
[  1%]   step 2498
[  1%]   step 2499
[  1%]   step 2500
[  1%]   step 2501
[  1%]   step 2502
[  1%]   step 2503
[  1%]   step 2504
[  1%]   step 2505
[  1%]   step 2506
[  1%]   step 2507
[  1%]   step 2508
[  1%]   step 2509
[  1%]   step 2510
[  1%]   step 2511
[  1%]   step 2512
[  1%]   step 2513
[  1%]   step 2514
[  1%]   step 2515
[  1%]   step 2516
[  1%]   step 2517
[  1%]   step 2518
[  1%]   step 2519
[  1%]   step 2520
+SWASH is processing output request    1
+SWASH is processing output request    2
[  1%]   step 2521
[  1%]   step 2522
[  1%]   step 2523
[  1%]   step 2524
[  1%]   step 2525
[  1%]   step 2526
[  1%]   step 2527
[  1%]   step 2528
[  1%]   step 2529
[  1%]   step 2530
[  1%]   step 2531
[  1%]   step 2532
[  1%]   step 2533
[  1%]   step 2534
[  1%]   step 2535
[  1%]   step 2536
[  1%]   step 2537
[  1%]   step 2538
[  1%]   step 2539
[  1%]   step 2540
[  1%]   step 2541
[  1%]   step 2542
[  1%]   step 2543
[  1%]   step 2544
[  1%]   step 2545
[  1%]   step 2546
[  1%]   step 2547
[  1%]   step 2548
[  1%]   step 2549
[  1%]   step 2550
[  1%]   step 2551
[  1%]   step 2552
[  1%]   step 2553
[  1%]   step 2554
[  1%]   step 2555
[  1%]   step 2556
[  1%]   step 2557
[  1%]   step 2558
[  1%]   step 2559
[  1%]   step 2560
[  1%]   step 2561
[  1%]   step 2562
[  1%]   step 2563
[  1%]   step 2564
[  1%]   step 2565
[  1%]   step 2566
[  1%]   step 2567
[  1%]   step 2568
[  1%]   step 2569
[  1%]   step 2570
[  1%]   step 2571
[  1%]   step 2572
[  1%]   step 2573
[  1%]   step 2574
[  1%]   step 2575
[  1%]   step 2576
[  1%]   step 2577
[  1%]   step 2578
[  1%]   step 2579
[  1%]   step 2580
[  1%]   step 2581
[  1%]   step 2582
[  1%]   step 2583
[  1%]   step 2584
[  1%]   step 2585
[  1%]   step 2586
[  1%]   step 2587
[  1%]   step 2588
[  1%]   step 2589
[  1%]   step 2590
[  1%]   step 2591
[  1%]   step 2592
[  1%]   step 2593
[  1%]   step 2594
[  1%]   step 2595
[  1%]   step 2596
[  1%]   step 2597
[  1%]   step 2598
[  1%]   step 2599
[  1%]   step 2600
[  1%]   step 2601
[  1%]   step 2602
[  1%]   step 2603
[  1%]   step 2604
[  1%]   step 2605
[  1%]   step 2606
[  1%]   step 2607
[  1%]   step 2608
[  1%]   step 2609
[  1%]   step 2610
[  1%]   step 2611
[  1%]   step 2612
[  1%]   step 2613
[  1%]   step 2614
[  1%]   step 2615
[  1%]   step 2616
[  1%]   step 2617
[  1%]   step 2618
[  1%]   step 2619
[  1%]   step 2620
[  1%]   step 2621
[  1%]   step 2622
[  1%]   step 2623
[  1%]   step 2624
[  1%]   step 2625
[  1%]   step 2626
[  1%]   step 2627
[  1%]   step 2628
[  1%]   step 2629
[  1%]   step 2630
[  1%]   step 2631
[  1%]   step 2632
[  1%]   step 2633
[  1%]   step 2634
[  1%]   step 2635
[  1%]   step 2636
[  1%]   step 2637
[  1%]   step 2638
[  1%]   step 2639
[  1%]   step 2640
[  1%]   step 2641
[  1%]   step 2642
[  1%]   step 2643
[  1%]   step 2644
[  1%]   step 2645
[  1%]   step 2646
[  1%]   step 2647
[  1%]   step 2648
[  1%]   step 2649
[  1%]   step 2650
[  1%]   step 2651
[  1%]   step 2652
[  1%]   step 2653
[  1%]   step 2654
[  1%]   step 2655
[  1%]   step 2656
[  1%]   step 2657
[  1%]   step 2658
[  1%]   step 2659
[  1%]   step 2660
[  1%]   step 2661
[  1%]   step 2662
[  1%]   step 2663
[  1%]   step 2664
[  1%]   step 2665
[  1%]   step 2666
[  1%]   step 2667
[  1%]   step 2668
[  1%]   step 2669
[  1%]   step 2670
[  1%]   step 2671
[  1%]   step 2672
[  1%]   step 2673
[  1%]   step 2674
[  1%]   step 2675
[  1%]   step 2676
[  1%]   step 2677
[  1%]   step 2678
[  1%]   step 2679
[  1%]   step 2680
[  1%]   step 2681
[  1%]   step 2682
[  1%]   step 2683
[  1%]   step 2684
[  1%]   step 2685
[  1%]   step 2686
[  1%]   step 2687
[  1%]   step 2688
[  1%]   step 2689
[  1%]   step 2690
[  1%]   step 2691
[  1%]   step 2692
[  1%]   step 2693
[  1%]   step 2694
[  1%]   step 2695
[  1%]   step 2696
[  1%]   step 2697
[  1%]   step 2698
[  1%]   step 2699
[  1%]   step 2700
[  1%]   step 2701
[  1%]   step 2702
[  1%]   step 2703
[  1%]   step 2704
[  1%]   step 2705
[  1%]   step 2706
[  1%]   step 2707
[  1%]   step 2708
[  1%]   step 2709
[  1%]   step 2710
[  1%]   step 2711
[  1%]   step 2712
[  1%]   step 2713
[  1%]   step 2714
[  1%]   step 2715
[  1%]   step 2716
[  1%]   step 2717
[  1%]   step 2718
[  1%]   step 2719
[  1%]   step 2720
[  1%]   step 2721
[  1%]   step 2722
[  1%]   step 2723
[  1%]   step 2724
[  1%]   step 2725
[  1%]   step 2726
[  1%]   step 2727
[  1%]   step 2728
[  1%]   step 2729
[  1%]   step 2730
[  1%]   step 2731
[  1%]   step 2732
[  1%]   step 2733
[  1%]   step 2734
[  1%]   step 2735
[  1%]   step 2736
[  1%]   step 2737
[  1%]   step 2738
[  1%]   step 2739
[  1%]   step 2740
[  1%]   step 2741
[  1%]   step 2742
[  1%]   step 2743
[  1%]   step 2744
[  1%]   step 2745
[  1%]   step 2746
[  1%]   step 2747
[  1%]   step 2748
[  1%]   step 2749
[  1%]   step 2750
[  1%]   step 2751
[  1%]   step 2752
[  1%]   step 2753
[  1%]   step 2754
[  1%]   step 2755
[  1%]   step 2756
[  1%]   step 2757
[  1%]   step 2758
[  1%]   step 2759
[  1%]   step 2760
[  1%]   step 2761
[  1%]   step 2762
[  1%]   step 2763
[  1%]   step 2764
[  1%]   step 2765
[  1%]   step 2766
[  1%]   step 2767
[  1%]   step 2768
[  1%]   step 2769
[  1%]   step 2770
[  1%]   step 2771
[  1%]   step 2772
[  1%]   step 2773
[  1%]   step 2774
[  1%]   step 2775
[  1%]   step 2776
[  1%]   step 2777
[  1%]   step 2778
[  1%]   step 2779
[  1%]   step 2780
[  1%]   step 2781
[  1%]   step 2782
[  1%]   step 2783
[  1%]   step 2784
[  1%]   step 2785
[  1%]   step 2786
[  1%]   step 2787
[  1%]   step 2788
[  1%]   step 2789
[  1%]   step 2790
[  1%]   step 2791
[  1%]   step 2792
[  1%]   step 2793
[  1%]   step 2794
[  1%]   step 2795
[  1%]   step 2796
[  1%]   step 2797
[  1%]   step 2798
[  1%]   step 2799
[  1%]   step 2800
[  1%]   step 2801
[  1%]   step 2802
[  1%]   step 2803
[  1%]   step 2804
[  1%]   step 2805
[  1%]   step 2806
[  1%]   step 2807
[  1%]   step 2808
[  1%]   step 2809
[  1%]   step 2810
[  1%]   step 2811
[  1%]   step 2812
[  1%]   step 2813
[  1%]   step 2814
[  1%]   step 2815
[  1%]   step 2816
[  1%]   step 2817
[  1%]   step 2818
[  1%]   step 2819
[  1%]   step 2820
[  1%]   step 2821
[  1%]   step 2822
[  1%]   step 2823
[  1%]   step 2824
[  1%]   step 2825
[  1%]   step 2826
[  1%]   step 2827
[  1%]   step 2828
[  1%]   step 2829
[  1%]   step 2830
[  1%]   step 2831
[  1%]   step 2832
[  1%]   step 2833
[  1%]   step 2834
[  1%]   step 2835
[  1%]   step 2836
[  1%]   step 2837
[  1%]   step 2838
[  1%]   step 2839
[  1%]   step 2840
[  1%]   step 2841
[  1%]   step 2842
[  1%]   step 2843
[  1%]   step 2844
[  1%]   step 2845
[  1%]   step 2846
[  1%]   step 2847
[  1%]   step 2848
[  1%]   step 2849
[  1%]   step 2850
[  1%]   step 2851
[  1%]   step 2852
[  1%]   step 2853
[  1%]   step 2854
[  1%]   step 2855
[  1%]   step 2856
[  1%]   step 2857
[  1%]   step 2858
[  1%]   step 2859
[  1%]   step 2860
[  1%]   step 2861
[  1%]   step 2862
[  1%]   step 2863
[  1%]   step 2864
[  1%]   step 2865
[  1%]   step 2866
[  1%]   step 2867
[  1%]   step 2868
[  1%]   step 2869
[  1%]   step 2870
[  1%]   step 2871
[  1%]   step 2872
[  1%]   step 2873
[  1%]   step 2874
[  1%]   step 2875
[  1%]   step 2876
[  1%]   step 2877
[  1%]   step 2878
[  1%]   step 2879
[  1%]   step 2880
[  1%]   step 2881
[  1%]   step 2882
[  1%]   step 2883
[  1%]   step 2884
[  1%]   step 2885
[  1%]   step 2886
[  1%]   step 2887
[  1%]   step 2888
[  1%]   step 2889
[  1%]   step 2890
[  1%]   step 2891
[  1%]   step 2892
[  1%]   step 2893
[  1%]   step 2894
[  1%]   step 2895
[  1%]   step 2896
[  1%]   step 2897
[  1%]   step 2898
[  1%]   step 2899
[  1%]   step 2900
[  1%]   step 2901
[  1%]   step 2902
[  1%]   step 2903
[  1%]   step 2904
[  1%]   step 2905
[  1%]   step 2906
[  1%]   step 2907
[  1%]   step 2908
[  1%]   step 2909
[  1%]   step 2910
[  1%]   step 2911
[  1%]   step 2912
[  1%]   step 2913
[  1%]   step 2914
[  1%]   step 2915
[  1%]   step 2916
[  1%]   step 2917
[  1%]   step 2918
[  1%]   step 2919
[  1%]   step 2920
[  1%]   step 2921
[  1%]   step 2922
[  1%]   step 2923
[  1%]   step 2924
[  1%]   step 2925
[  1%]   step 2926
[  1%]   step 2927
[  1%]   step 2928
[  1%]   step 2929
[  1%]   step 2930
[  1%]   step 2931
[  1%]   step 2932
[  1%]   step 2933
[  1%]   step 2934
[  1%]   step 2935
[  1%]   step 2936
[  1%]   step 2937
[  1%]   step 2938
[  1%]   step 2939
[  1%]   step 2940
+SWASH is processing output request    1
+SWASH is processing output request    2
[  1%]   step 2941
[  1%]   step 2942
[  1%]   step 2943
[  1%]   step 2944
[  1%]   step 2945
[  1%]   step 2946
[  1%]   step 2947
[  1%]   step 2948
[  1%]   step 2949
[  1%]   step 2950
[  1%]   step 2951
[  1%]   step 2952
[  1%]   step 2953
[  1%]   step 2954
[  1%]   step 2955
[  1%]   step 2956
[  1%]   step 2957
[  1%]   step 2958
[  1%]   step 2959
[  1%]   step 2960
[  1%]   step 2961
[  1%]   step 2962
[  1%]   step 2963
[  1%]   step 2964
[  1%]   step 2965
[  1%]   step 2966
[  1%]   step 2967
[  1%]   step 2968
[  1%]   step 2969
[  1%]   step 2970
[  1%]   step 2971
[  1%]   step 2972
[  1%]   step 2973
[  1%]   step 2974
[  1%]   step 2975
[  1%]   step 2976
[  1%]   step 2977
[  1%]   step 2978
[  1%]   step 2979
[  1%]   step 2980
[  1%]   step 2981
[  1%]   step 2982
[  1%]   step 2983
[  1%]   step 2984
[  1%]   step 2985
[  1%]   step 2986
[  1%]   step 2987
[  1%]   step 2988
[  1%]   step 2989
[  1%]   step 2990
[  1%]   step 2991
[  1%]   step 2992
[  1%]   step 2993
[  1%]   step 2994
[  1%]   step 2995
[  1%]   step 2996
[  1%]   step 2997
[  1%]   step 2998
[  1%]   step 2999
[  1%]   step 3000
[  1%]   step 3001
[  1%]   step 3002
[  1%]   step 3003
[  1%]   step 3004
[  1%]   step 3005
[  1%]   step 3006
[  1%]   step 3007
[  1%]   step 3008
[  1%]   step 3009
[  1%]   step 3010
[  1%]   step 3011
[  1%]   step 3012
[  1%]   step 3013
[  1%]   step 3014
[  1%]   step 3015
[  1%]   step 3016
[  1%]   step 3017
[  1%]   step 3018
[  1%]   step 3019
[  1%]   step 3020
[  1%]   step 3021
[  1%]   step 3022
[  1%]   step 3023
[  1%]   step 3024
[  1%]   step 3025
[  1%]   step 3026
[  1%]   step 3027
[  1%]   step 3028
[  1%]   step 3029
[  1%]   step 3030
[  1%]   step 3031
[  1%]   step 3032
[  1%]   step 3033
[  1%]   step 3034
[  1%]   step 3035
[  1%]   step 3036
[  1%]   step 3037
[  1%]   step 3038
[  1%]   step 3039
[  1%]   step 3040
[  1%]   step 3041
[  1%]   step 3042
[  1%]   step 3043
[  1%]   step 3044
[  1%]   step 3045
[  1%]   step 3046
[  1%]   step 3047
[  1%]   step 3048
[  1%]   step 3049
[  1%]   step 3050
[  1%]   step 3051
[  1%]   step 3052
[  1%]   step 3053
[  1%]   step 3054
[  1%]   step 3055
[  1%]   step 3056
[  1%]   step 3057
[  1%]   step 3058
[  1%]   step 3059
[  1%]   step 3060
[  1%]   step 3061
[  1%]   step 3062
[  1%]   step 3063
[  1%]   step 3064
[  1%]   step 3065
[  1%]   step 3066
[  1%]   step 3067
[  1%]   step 3068
[  1%]   step 3069
[  1%]   step 3070
[  1%]   step 3071
[  1%]   step 3072
[  1%]   step 3073
[  1%]   step 3074
[  1%]   step 3075
[  1%]   step 3076
[  1%]   step 3077
[  1%]   step 3078
[  1%]   step 3079
[  1%]   step 3080
[  1%]   step 3081
[  1%]   step 3082
[  1%]   step 3083
[  1%]   step 3084
[  1%]   step 3085
[  1%]   step 3086
[  1%]   step 3087
[  1%]   step 3088
[  1%]   step 3089
[  1%]   step 3090
[  1%]   step 3091
[  1%]   step 3092
[  1%]   step 3093
[  1%]   step 3094
[  1%]   step 3095
[  1%]   step 3096
[  1%]   step 3097
[  1%]   step 3098
[  1%]   step 3099
[  1%]   step 3100
[  1%]   step 3101
[  1%]   step 3102
[  1%]   step 3103
[  1%]   step 3104
[  1%]   step 3105
[  1%]   step 3106
[  1%]   step 3107
[  1%]   step 3108
[  1%]   step 3109
[  1%]   step 3110
[  1%]   step 3111
[  1%]   step 3112
[  1%]   step 3113
[  1%]   step 3114
[  1%]   step 3115
[  1%]   step 3116
[  1%]   step 3117
[  1%]   step 3118
[  1%]   step 3119
[  1%]   step 3120
[  1%]   step 3121
[  1%]   step 3122
[  1%]   step 3123
[  1%]   step 3124
[  1%]   step 3125
[  1%]   step 3126
[  1%]   step 3127
[  1%]   step 3128
[  1%]   step 3129
[  1%]   step 3130
[  1%]   step 3131
[  1%]   step 3132
[  1%]   step 3133
[  1%]   step 3134
[  1%]   step 3135
[  1%]   step 3136
[  1%]   step 3137
[  1%]   step 3138
[  1%]   step 3139
[  1%]   step 3140
[  1%]   step 3141
[  1%]   step 3142
[  1%]   step 3143
[  1%]   step 3144
[  1%]   step 3145
[  1%]   step 3146
[  1%]   step 3147
[  1%]   step 3148
[  1%]   step 3149
[  1%]   step 3150
[  1%]   step 3151
[  1%]   step 3152
[  1%]   step 3153
[  1%]   step 3154
[  1%]   step 3155
[  1%]   step 3156
[  1%]   step 3157
[  1%]   step 3158
[  1%]   step 3159
[  1%]   step 3160
[  1%]   step 3161
[  1%]   step 3162
[  1%]   step 3163
[  1%]   step 3164
[  1%]   step 3165
[  1%]   step 3166
[  1%]   step 3167
[  1%]   step 3168
[  1%]   step 3169
[  1%]   step 3170
[  1%]   step 3171
[  1%]   step 3172
[  1%]   step 3173
[  1%]   step 3174
[  1%]   step 3175
[  1%]   step 3176
[  1%]   step 3177
[  1%]   step 3178
[  1%]   step 3179
[  1%]   step 3180
[  1%]   step 3181
[  1%]   step 3182
[  1%]   step 3183
[  1%]   step 3184
[  1%]   step 3185
[  1%]   step 3186
[  1%]   step 3187
[  1%]   step 3188
[  1%]   step 3189
[  1%]   step 3190
[  1%]   step 3191
[  1%]   step 3192
[  1%]   step 3193
[  1%]   step 3194
[  1%]   step 3195
[  1%]   step 3196
[  1%]   step 3197
[  1%]   step 3198
[  1%]   step 3199
[  1%]   step 3200
[  1%]   step 3201
[  1%]   step 3202
[  1%]   step 3203
[  1%]   step 3204
[  1%]   step 3205
[  1%]   step 3206
[  1%]   step 3207
[  1%]   step 3208
[  1%]   step 3209
[  1%]   step 3210
[  1%]   step 3211
[  1%]   step 3212
[  1%]   step 3213
[  1%]   step 3214
[  1%]   step 3215
[  1%]   step 3216
[  1%]   step 3217
[  1%]   step 3218
[  1%]   step 3219
[  1%]   step 3220
[  1%]   step 3221
[  1%]   step 3222
[  1%]   step 3223
[  1%]   step 3224
[  1%]   step 3225
[  1%]   step 3226
[  1%]   step 3227
[  1%]   step 3228
[  1%]   step 3229
[  1%]   step 3230
[  1%]   step 3231
[  1%]   step 3232
[  1%]   step 3233
[  1%]   step 3234
[  1%]   step 3235
[  1%]   step 3236
[  1%]   step 3237
[  1%]   step 3238
[  1%]   step 3239
[  1%]   step 3240
[  1%]   step 3241
[  1%]   step 3242
[  1%]   step 3243
[  1%]   step 3244
[  1%]   step 3245
[  1%]   step 3246
[  1%]   step 3247
[  1%]   step 3248
[  1%]   step 3249
[  1%]   step 3250
[  1%]   step 3251
[  1%]   step 3252
[  1%]   step 3253
[  1%]   step 3254
[  1%]   step 3255
[  1%]   step 3256
[  1%]   step 3257
[  1%]   step 3258
[  1%]   step 3259
[  1%]   step 3260
[  1%]   step 3261
[  1%]   step 3262
[  1%]   step 3263
[  1%]   step 3264
[  1%]   step 3265
[  1%]   step 3266
[  1%]   step 3267
[  1%]   step 3268
[  1%]   step 3269
[  1%]   step 3270
[  1%]   step 3271
[  1%]   step 3272
[  1%]   step 3273
[  1%]   step 3274
[  1%]   step 3275
[  1%]   step 3276
[  1%]   step 3277
[  1%]   step 3278
[  1%]   step 3279
[  1%]   step 3280
[  1%]   step 3281
[  1%]   step 3282
[  1%]   step 3283
[  1%]   step 3284
[  1%]   step 3285
[  1%]   step 3286
[  1%]   step 3287
[  1%]   step 3288
[  1%]   step 3289
[  1%]   step 3290
[  1%]   step 3291
[  1%]   step 3292
[  1%]   step 3293
[  1%]   step 3294
[  1%]   step 3295
[  1%]   step 3296
[  1%]   step 3297
[  1%]   step 3298
[  1%]   step 3299
[  1%]   step 3300
[  1%]   step 3301
[  1%]   step 3302
[  1%]   step 3303
[  1%]   step 3304
[  1%]   step 3305
[  1%]   step 3306
[  1%]   step 3307
[  1%]   step 3308
[  1%]   step 3309
[  1%]   step 3310
[  1%]   step 3311
[  1%]   step 3312
[  1%]   step 3313
[  1%]   step 3314
[  1%]   step 3315
[  1%]   step 3316
[  1%]   step 3317
[  1%]   step 3318
[  1%]   step 3319
[  1%]   step 3320
[  1%]   step 3321
[  1%]   step 3322
[  1%]   step 3323
[  1%]   step 3324
[  1%]   step 3325
[  1%]   step 3326
[  1%]   step 3327
[  1%]   step 3328
[  1%]   step 3329
[  1%]   step 3330
[  1%]   step 3331
[  1%]   step 3332
[  1%]   step 3333
[  1%]   step 3334
[  1%]   step 3335
[  1%]   step 3336
[  1%]   step 3337
[  1%]   step 3338
[  1%]   step 3339
[  1%]   step 3340
[  1%]   step 3341
[  1%]   step 3342
[  1%]   step 3343
[  1%]   step 3344
[  1%]   step 3345
[  1%]   step 3346
[  1%]   step 3347
[  1%]   step 3348
[  1%]   step 3349
[  1%]   step 3350
[  1%]   step 3351
[  1%]   step 3352
[  1%]   step 3353
[  1%]   step 3354
[  1%]   step 3355
[  1%]   step 3356
[  1%]   step 3357
[  1%]   step 3358
[  1%]   step 3359
[  1%]   step 3360
+SWASH is processing output request    1
+SWASH is processing output request    2
[  1%]   step 3361
[  1%]   step 3362
[  1%]   step 3363
[  1%]   step 3364
[  1%]   step 3365
[  1%]   step 3366
[  1%]   step 3367
[  1%]   step 3368
[  1%]   step 3369
[  1%]   step 3370
[  1%]   step 3371
[  1%]   step 3372
[  1%]   step 3373
[  1%]   step 3374
[  1%]   step 3375
[  1%]   step 3376
[  1%]   step 3377
[  1%]   step 3378
[  1%]   step 3379
[  1%]   step 3380
[  1%]   step 3381
[  1%]   step 3382
[  1%]   step 3383
[  1%]   step 3384
[  1%]   step 3385
[  1%]   step 3386
[  1%]   step 3387
[  1%]   step 3388
[  1%]   step 3389
[  1%]   step 3390
[  1%]   step 3391
[  1%]   step 3392
[  1%]   step 3393
[  1%]   step 3394
[  1%]   step 3395
[  1%]   step 3396
[  1%]   step 3397
[  1%]   step 3398
[  1%]   step 3399
[  1%]   step 3400
[  1%]   step 3401
[  1%]   step 3402
[  1%]   step 3403
[  1%]   step 3404
[  1%]   step 3405
[  1%]   step 3406
[  1%]   step 3407
[  1%]   step 3408
[  1%]   step 3409
[  1%]   step 3410
[  1%]   step 3411
[  1%]   step 3412
[  1%]   step 3413
[  1%]   step 3414
[  1%]   step 3415
[  1%]   step 3416
[  1%]   step 3417
[  1%]   step 3418
[  1%]   step 3419
[  1%]   step 3420
[  1%]   step 3421
[  1%]   step 3422
[  1%]   step 3423
[  1%]   step 3424
[  1%]   step 3425
[  1%]   step 3426
[  1%]   step 3427
[  1%]   step 3428
[  1%]   step 3429
[  1%]   step 3430
[  1%]   step 3431
[  1%]   step 3432
[  1%]   step 3433
[  1%]   step 3434
[  1%]   step 3435
[  1%]   step 3436
[  1%]   step 3437
[  1%]   step 3438
[  1%]   step 3439
[  1%]   step 3440
[  1%]   step 3441
[  1%]   step 3442
[  1%]   step 3443
[  1%]   step 3444
[  1%]   step 3445
[  1%]   step 3446
[  1%]   step 3447
[  1%]   step 3448
[  1%]   step 3449
[  1%]   step 3450
[  1%]   step 3451
[  1%]   step 3452
[  1%]   step 3453
[  1%]   step 3454
[  1%]   step 3455
[  1%]   step 3456
[  1%]   step 3457
[  1%]   step 3458
[  1%]   step 3459
[  1%]   step 3460
[  1%]   step 3461
[  1%]   step 3462
[  1%]   step 3463
[  1%]   step 3464
[  1%]   step 3465
[  1%]   step 3466
[  1%]   step 3467
[  1%]   step 3468
[  1%]   step 3469
[  1%]   step 3470
[  1%]   step 3471
[  1%]   step 3472
[  1%]   step 3473
[  1%]   step 3474
[  1%]   step 3475
[  1%]   step 3476
[  1%]   step 3477
[  1%]   step 3478
[  1%]   step 3479
[  1%]   step 3480
[  1%]   step 3481
[  1%]   step 3482
[  1%]   step 3483
[  1%]   step 3484
[  1%]   step 3485
[  1%]   step 3486
[  1%]   step 3487
[  1%]   step 3488
[  1%]   step 3489
[  1%]   step 3490
[  1%]   step 3491
[  1%]   step 3492
[  1%]   step 3493
[  1%]   step 3494
[  1%]   step 3495
[  1%]   step 3496
[  1%]   step 3497
[  1%]   step 3498
[  1%]   step 3499
[  1%]   step 3500
[  1%]   step 3501
[  1%]   step 3502
[  1%]   step 3503
[  1%]   step 3504
[  1%]   step 3505
[  1%]   step 3506
[  1%]   step 3507
[  1%]   step 3508
[  1%]   step 3509
[  1%]   step 3510
[  1%]   step 3511
[  1%]   step 3512
[  1%]   step 3513
[  1%]   step 3514
[  1%]   step 3515
[  1%]   step 3516
[  1%]   step 3517
[  1%]   step 3518
[  1%]   step 3519
[  1%]   step 3520
[  1%]   step 3521
[  1%]   step 3522
[  1%]   step 3523
[  1%]   step 3524
[  1%]   step 3525
[  1%]   step 3526
[  1%]   step 3527
[  1%]   step 3528
[  1%]   step 3529
[  1%]   step 3530
[  1%]   step 3531
[  1%]   step 3532
[  1%]   step 3533
[  1%]   step 3534
[  1%]   step 3535
[  1%]   step 3536
[  1%]   step 3537
[  1%]   step 3538
[  1%]   step 3539
[  1%]   step 3540
[  1%]   step 3541
[  1%]   step 3542
[  1%]   step 3543
[  1%]   step 3544
[  1%]   step 3545
[  1%]   step 3546
[  1%]   step 3547
[  1%]   step 3548
[  1%]   step 3549
[  1%]   step 3550
[  1%]   step 3551
[  1%]   step 3552
[  1%]   step 3553
[  1%]   step 3554
[  1%]   step 3555
[  1%]   step 3556
[  1%]   step 3557
[  1%]   step 3558
[  1%]   step 3559
[  1%]   step 3560
[  1%]   step 3561
[  1%]   step 3562
[  1%]   step 3563
[  1%]   step 3564
[  1%]   step 3565
[  1%]   step 3566
[  1%]   step 3567
[  1%]   step 3568
[  1%]   step 3569
[  1%]   step 3570
[  1%]   step 3571
[  1%]   step 3572
[  1%]   step 3573
[  1%]   step 3574
[  1%]   step 3575
[  1%]   step 3576
[  1%]   step 3577
[  1%]   step 3578
[  1%]   step 3579
[  1%]   step 3580
[  1%]   step 3581
[  1%]   step 3582
[  1%]   step 3583
[  1%]   step 3584
[  1%]   step 3585
[  1%]   step 3586
[  1%]   step 3587
[  1%]   step 3588
[  1%]   step 3589
[  1%]   step 3590
[  1%]   step 3591
[  1%]   step 3592
[  1%]   step 3593
[  1%]   step 3594
[  1%]   step 3595
[  1%]   step 3596
[  1%]   step 3597
[  1%]   step 3598
[  1%]   step 3599
[  1%]   step 3600
[  1%]   step 3601
[  1%]   step 3602
[  1%]   step 3603
[  1%]   step 3604
[  1%]   step 3605
[  1%]   step 3606
[  1%]   step 3607
[  1%]   step 3608
[  1%]   step 3609
[  1%]   step 3610
[  1%]   step 3611
[  1%]   step 3612
[  1%]   step 3613
[  1%]   step 3614
[  1%]   step 3615
[  1%]   step 3616
[  1%]   step 3617
[  1%]   step 3618
[  1%]   step 3619
[  1%]   step 3620
[  1%]   step 3621
[  1%]   step 3622
[  1%]   step 3623
[  1%]   step 3624
[  1%]   step 3625
[  1%]   step 3626
[  1%]   step 3627
[  1%]   step 3628
[  1%]   step 3629
[  1%]   step 3630
[  1%]   step 3631
[  1%]   step 3632
[  1%]   step 3633
[  1%]   step 3634
[  1%]   step 3635
[  1%]   step 3636
[  1%]   step 3637
[  1%]   step 3638
[  1%]   step 3639
[  1%]   step 3640
[  1%]   step 3641
[  1%]   step 3642
[  1%]   step 3643
[  1%]   step 3644
[  1%]   step 3645
[  1%]   step 3646
[  1%]   step 3647
[  1%]   step 3648
[  1%]   step 3649
[  1%]   step 3650
[  1%]   step 3651
[  1%]   step 3652
[  1%]   step 3653
[  1%]   step 3654
[  1%]   step 3655
[  1%]   step 3656
[  1%]   step 3657
[  1%]   step 3658
[  1%]   step 3659
[  1%]   step 3660
[  1%]   step 3661
[  1%]   step 3662
[  1%]   step 3663
[  1%]   step 3664
[  1%]   step 3665
[  1%]   step 3666
[  1%]   step 3667
[  1%]   step 3668
[  1%]   step 3669
[  1%]   step 3670
[  1%]   step 3671
[  1%]   step 3672
[  1%]   step 3673
[  1%]   step 3674
[  1%]   step 3675
[  1%]   step 3676
[  1%]   step 3677
[  1%]   step 3678
[  1%]   step 3679
[  1%]   step 3680
[  1%]   step 3681
[  1%]   step 3682
[  1%]   step 3683
[  1%]   step 3684
[  1%]   step 3685
[  1%]   step 3686
[  1%]   step 3687
[  1%]   step 3688
[  1%]   step 3689
[  1%]   step 3690
[  1%]   step 3691
[  1%]   step 3692
[  1%]   step 3693
[  1%]   step 3694
[  1%]   step 3695
[  1%]   step 3696
[  1%]   step 3697
[  1%]   step 3698
[  1%]   step 3699
[  1%]   step 3700
[  1%]   step 3701
[  1%]   step 3702
[  1%]   step 3703
[  1%]   step 3704
[  1%]   step 3705
[  1%]   step 3706
[  1%]   step 3707
[  1%]   step 3708
[  1%]   step 3709
[  1%]   step 3710
[  1%]   step 3711
[  1%]   step 3712
[  1%]   step 3713
[  1%]   step 3714
[  1%]   step 3715
[  1%]   step 3716
[  1%]   step 3717
[  1%]   step 3718
[  1%]   step 3719
[  1%]   step 3720
[  1%]   step 3721
[  1%]   step 3722
[  1%]   step 3723
[  1%]   step 3724
[  1%]   step 3725
[  1%]   step 3726
[  1%]   step 3727
[  1%]   step 3728
[  1%]   step 3729
[  1%]   step 3730
[  1%]   step 3731
[  1%]   step 3732
[  1%]   step 3733
[  1%]   step 3734
[  1%]   step 3735
[  1%]   step 3736
[  1%]   step 3737
[  1%]   step 3738
[  1%]   step 3739
[  1%]   step 3740
[  1%]   step 3741
[  1%]   step 3742
[  1%]   step 3743
[  1%]   step 3744
[  1%]   step 3745
[  1%]   step 3746
[  1%]   step 3747
[  1%]   step 3748
[  1%]   step 3749
[  1%]   step 3750
[  1%]   step 3751
[  1%]   step 3752
[  1%]   step 3753
[  1%]   step 3754
[  1%]   step 3755
[  1%]   step 3756
[  1%]   step 3757
[  1%]   step 3758
[  1%]   step 3759
[  1%]   step 3760
[  1%]   step 3761
[  1%]   step 3762
[  1%]   step 3763
[  1%]   step 3764
[  1%]   step 3765
[  1%]   step 3766
[  1%]   step 3767
[  1%]   step 3768
[  1%]   step 3769
[  1%]   step 3770
[  1%]   step 3771
[  1%]   step 3772
[  1%]   step 3773
[  1%]   step 3774
[  1%]   step 3775
[  1%]   step 3776
[  1%]   step 3777
[  1%]   step 3778
[  1%]   step 3779
[  1%]   step 3780
+SWASH is processing output request    1
+SWASH is processing output request    2
[  1%]   step 3781
[  1%]   step 3782
[  1%]   step 3783
[  1%]   step 3784
[  1%]   step 3785
[  1%]   step 3786
[  1%]   step 3787
[  1%]   step 3788
[  1%]   step 3789
[  1%]   step 3790
[  1%]   step 3791
[  1%]   step 3792
[  1%]   step 3793
[  1%]   step 3794
[  1%]   step 3795
[  1%]   step 3796
[  1%]   step 3797
[  1%]   step 3798
[  1%]   step 3799
[  1%]   step 3800
[  1%]   step 3801
[  1%]   step 3802
[  1%]   step 3803
[  1%]   step 3804
[  1%]   step 3805
[  1%]   step 3806
[  1%]   step 3807
[  1%]   step 3808
[  1%]   step 3809
[  1%]   step 3810
[  1%]   step 3811
[  1%]   step 3812
[  1%]   step 3813
[  1%]   step 3814
[  1%]   step 3815
[  1%]   step 3816
[  1%]   step 3817
[  1%]   step 3818
[  1%]   step 3819
[  1%]   step 3820
[  1%]   step 3821
[  1%]   step 3822
[  1%]   step 3823
[  1%]   step 3824
[  1%]   step 3825
[  1%]   step 3826
[  1%]   step 3827
[  1%]   step 3828
[  1%]   step 3829
[  1%]   step 3830
[  1%]   step 3831
[  1%]   step 3832
[  1%]   step 3833
[  1%]   step 3834
[  1%]   step 3835
[  1%]   step 3836
[  1%]   step 3837
[  1%]   step 3838
[  1%]   step 3839
[  1%]   step 3840
[  1%]   step 3841
[  1%]   step 3842
[  1%]   step 3843
[  1%]   step 3844
[  1%]   step 3845
[  1%]   step 3846
[  1%]   step 3847
[  1%]   step 3848
[  1%]   step 3849
[  1%]   step 3850
[  1%]   step 3851
[  1%]   step 3852
[  1%]   step 3853
[  1%]   step 3854
[  1%]   step 3855
[  1%]   step 3856
[  1%]   step 3857
[  1%]   step 3858
[  1%]   step 3859
[  1%]   step 3860
[  1%]   step 3861
[  1%]   step 3862
[  1%]   step 3863
[  1%]   step 3864
[  1%]   step 3865
[  1%]   step 3866
[  1%]   step 3867
[  1%]   step 3868
[  1%]   step 3869
[  1%]   step 3870
[  1%]   step 3871
[  1%]   step 3872
[  1%]   step 3873
[  1%]   step 3874
[  1%]   step 3875
[  1%]   step 3876
[  1%]   step 3877
[  1%]   step 3878
[  1%]   step 3879
[  1%]   step 3880
[  1%]   step 3881
[  1%]   step 3882
[  1%]   step 3883
[  1%]   step 3884
[  1%]   step 3885
[  1%]   step 3886
[  1%]   step 3887
[  1%]   step 3888
[  1%]   step 3889
[  1%]   step 3890
[  1%]   step 3891
[  1%]   step 3892
[  1%]   step 3893
[  1%]   step 3894
[  1%]   step 3895
[  1%]   step 3896
[  1%]   step 3897
[  1%]   step 3898
[  1%]   step 3899
[  1%]   step 3900
[  1%]   step 3901
[  1%]   step 3902
[  1%]   step 3903
[  1%]   step 3904
[  1%]   step 3905
[  1%]   step 3906
[  1%]   step 3907
[  1%]   step 3908
[  1%]   step 3909
[  1%]   step 3910
[  1%]   step 3911
[  1%]   step 3912
[  1%]   step 3913
[  1%]   step 3914
[  1%]   step 3915
[  1%]   step 3916
[  1%]   step 3917
[  1%]   step 3918
[  1%]   step 3919
[  1%]   step 3920
[  1%]   step 3921
[  1%]   step 3922
[  1%]   step 3923
[  1%]   step 3924
[  1%]   step 3925
[  1%]   step 3926
[  1%]   step 3927
[  1%]   step 3928
[  1%]   step 3929
[  1%]   step 3930
[  1%]   step 3931
[  1%]   step 3932
[  1%]   step 3933
[  1%]   step 3934
[  1%]   step 3935
[  1%]   step 3936
[  1%]   step 3937
[  1%]   step 3938
[  1%]   step 3939
[  1%]   step 3940
[  1%]   step 3941
[  1%]   step 3942
[  1%]   step 3943
[  1%]   step 3944
[  1%]   step 3945
[  1%]   step 3946
[  1%]   step 3947
[  1%]   step 3948
[  1%]   step 3949
[  1%]   step 3950
[  1%]   step 3951
[  1%]   step 3952
[  1%]   step 3953
[  1%]   step 3954
[  1%]   step 3955
[  1%]   step 3956
[  1%]   step 3957
[  1%]   step 3958
[  1%]   step 3959
[  1%]   step 3960
[  1%]   step 3961
[  1%]   step 3962
[  1%]   step 3963
[  1%]   step 3964
[  1%]   step 3965
[  1%]   step 3966
[  1%]   step 3967
[  1%]   step 3968
[  1%]   step 3969
[  1%]   step 3970
[  1%]   step 3971
[  1%]   step 3972
[  1%]   step 3973
[  1%]   step 3974
[  1%]   step 3975
[  1%]   step 3976
[  1%]   step 3977
[  1%]   step 3978
[  1%]   step 3979
[  1%]   step 3980
[  1%]   step 3981
[  1%]   step 3982
[  1%]   step 3983
[  1%]   step 3984
[  1%]   step 3985
[  1%]   step 3986
[  1%]   step 3987
[  1%]   step 3988
[  1%]   step 3989
[  1%]   step 3990
[  1%]   step 3991
[  1%]   step 3992
[  1%]   step 3993
[  1%]   step 3994
[  1%]   step 3995
[  1%]   step 3996
[  1%]   step 3997
[  1%]   step 3998
[  1%]   step 3999
[  1%]   step 4000
[  1%]   step 4001
[  1%]   step 4002
[  1%]   step 4003
[  1%]   step 4004
[  1%]   step 4005
[  1%]   step 4006
[  1%]   step 4007
[  1%]   step 4008
[  1%]   step 4009
[  1%]   step 4010
[  1%]   step 4011
[  1%]   step 4012
[  1%]   step 4013
[  1%]   step 4014
[  1%]   step 4015
[  1%]   step 4016
[  1%]   step 4017
[  1%]   step 4018
[  1%]   step 4019
[  1%]   step 4020
[  1%]   step 4021
[  1%]   step 4022
[  1%]   step 4023
[  1%]   step 4024
[  1%]   step 4025
[  1%]   step 4026
[  1%]   step 4027
[  1%]   step 4028
[  1%]   step 4029
[  1%]   step 4030
[  1%]   step 4031
[  1%]   step 4032
[  1%]   step 4033
[  1%]   step 4034
[  1%]   step 4035
[  1%]   step 4036
[  1%]   step 4037
[  1%]   step 4038
[  1%]   step 4039
[  1%]   step 4040
[  1%]   step 4041
[  1%]   step 4042
[  1%]   step 4043
[  1%]   step 4044
[  1%]   step 4045
[  1%]   step 4046
[  1%]   step 4047
[  1%]   step 4048
[  1%]   step 4049
[  1%]   step 4050
[  1%]   step 4051
[  1%]   step 4052
[  1%]   step 4053
[  1%]   step 4054
[  1%]   step 4055
[  1%]   step 4056
[  1%]   step 4057
[  1%]   step 4058
[  1%]   step 4059
[  1%]   step 4060
[  1%]   step 4061
[  1%]   step 4062
[  1%]   step 4063
[  1%]   step 4064
[  1%]   step 4065
[  1%]   step 4066
[  1%]   step 4067
[  1%]   step 4068
[  1%]   step 4069
[  1%]   step 4070
[  1%]   step 4071
[  1%]   step 4072
[  1%]   step 4073
[  1%]   step 4074
[  1%]   step 4075
[  1%]   step 4076
[  1%]   step 4077
[  1%]   step 4078
[  1%]   step 4079
[  1%]   step 4080
[  1%]   step 4081
[  1%]   step 4082
[  1%]   step 4083
[  1%]   step 4084
[  1%]   step 4085
[  1%]   step 4086
[  1%]   step 4087
[  1%]   step 4088
[  1%]   step 4089
[  1%]   step 4090
[  1%]   step 4091
[  1%]   step 4092
[  1%]   step 4093
[  1%]   step 4094
[  1%]   step 4095
[  1%]   step 4096
[  1%]   step 4097
[  1%]   step 4098
[  1%]   step 4099
[  1%]   step 4100
[  1%]   step 4101
[  1%]   step 4102
[  1%]   step 4103
[  1%]   step 4104
[  1%]   step 4105
[  1%]   step 4106
[  1%]   step 4107
[  1%]   step 4108
[  1%]   step 4109
[  1%]   step 4110
[  1%]   step 4111
[  1%]   step 4112
[  1%]   step 4113
[  1%]   step 4114
[  1%]   step 4115
[  1%]   step 4116
[  1%]   step 4117
[  1%]   step 4118
[  1%]   step 4119
[  1%]   step 4120
[  1%]   step 4121
[  1%]   step 4122
[  1%]   step 4123
[  1%]   step 4124
[  1%]   step 4125
[  1%]   step 4126
[  1%]   step 4127
[  1%]   step 4128
[  1%]   step 4129
[  1%]   step 4130
[  1%]   step 4131
[  1%]   step 4132
[  1%]   step 4133
[  1%]   step 4134
[  1%]   step 4135
[  1%]   step 4136
[  1%]   step 4137
[  1%]   step 4138
[  1%]   step 4139
[  1%]   step 4140
[  1%]   step 4141
[  1%]   step 4142
[  1%]   step 4143
[  1%]   step 4144
[  1%]   step 4145
[  1%]   step 4146
[  1%]   step 4147
[  1%]   step 4148
[  1%]   step 4149
[  1%]   step 4150
[  1%]   step 4151
[  1%]   step 4152
[  1%]   step 4153
[  1%]   step 4154
[  1%]   step 4155
[  1%]   step 4156
[  1%]   step 4157
[  1%]   step 4158
[  1%]   step 4159
[  1%]   step 4160
[  1%]   step 4161
[  1%]   step 4162
[  1%]   step 4163
[  1%]   step 4164
[  1%]   step 4165
[  1%]   step 4166
[  1%]   step 4167
[  1%]   step 4168
[  1%]   step 4169
[  1%]   step 4170
[  1%]   step 4171
[  1%]   step 4172
[  1%]   step 4173
[  1%]   step 4174
[  1%]   step 4175
[  1%]   step 4176
[  1%]   step 4177
[  1%]   step 4178
[  1%]   step 4179
[  1%]   step 4180
[  1%]   step 4181
[  1%]   step 4182
[  1%]   step 4183
[  1%]   step 4184
[  1%]   step 4185
[  1%]   step 4186
[  1%]   step 4187
[  1%]   step 4188
[  1%]   step 4189
[  1%]   step 4190
[  1%]   step 4191
[  1%]   step 4192
[  1%]   step 4193
[  1%]   step 4194
[  1%]   step 4195
[  1%]   step 4196
[  1%]   step 4197
[  1%]   step 4198
[  1%]   step 4199
[  1%]   step 4200
+SWASH is processing output request    1
+SWASH is processing output request    2
[  1%]   step 4201
[  1%]   step 4202
[  1%]   step 4203
[  1%]   step 4204
[  1%]   step 4205
[  1%]   step 4206
[  1%]   step 4207
[  1%]   step 4208
[  1%]   step 4209
[  1%]   step 4210
[  1%]   step 4211
[  1%]   step 4212
[  1%]   step 4213
[  1%]   step 4214
[  1%]   step 4215
[  1%]   step 4216
[  1%]   step 4217
[  1%]   step 4218
[  1%]   step 4219
[  1%]   step 4220
[  1%]   step 4221
[  1%]   step 4222
[  1%]   step 4223
[  1%]   step 4224
[  1%]   step 4225
[  1%]   step 4226
[  1%]   step 4227
[  1%]   step 4228
[  1%]   step 4229
[  1%]   step 4230
[  1%]   step 4231
[  1%]   step 4232
[  1%]   step 4233
[  1%]   step 4234
[  1%]   step 4235
[  1%]   step 4236
[  1%]   step 4237
[  1%]   step 4238
[  1%]   step 4239
[  1%]   step 4240
[  1%]   step 4241
[  1%]   step 4242
[  1%]   step 4243
[  1%]   step 4244
[  1%]   step 4245
[  1%]   step 4246
[  1%]   step 4247
[  1%]   step 4248
[  1%]   step 4249
[  1%]   step 4250
[  1%]   step 4251
[  1%]   step 4252
[  1%]   step 4253
[  1%]   step 4254
[  1%]   step 4255
[  1%]   step 4256
[  1%]   step 4257
[  1%]   step 4258
[  1%]   step 4259
[  1%]   step 4260
[  1%]   step 4261
[  1%]   step 4262
[  1%]   step 4263
[  1%]   step 4264
[  1%]   step 4265
[  1%]   step 4266
[  1%]   step 4267
[  1%]   step 4268
[  1%]   step 4269
[  1%]   step 4270
[  1%]   step 4271
[  1%]   step 4272
[  1%]   step 4273
[  1%]   step 4274
[  1%]   step 4275
[  1%]   step 4276
[  1%]   step 4277
[  1%]   step 4278
[  1%]   step 4279
[  1%]   step 4280
[  1%]   step 4281
[  1%]   step 4282
[  1%]   step 4283
[  1%]   step 4284
[  1%]   step 4285
[  1%]   step 4286
[  1%]   step 4287
[  1%]   step 4288
[  1%]   step 4289
[  1%]   step 4290
[  1%]   step 4291
[  1%]   step 4292
[  1%]   step 4293
[  1%]   step 4294
[  1%]   step 4295
[  1%]   step 4296
[  1%]   step 4297
[  1%]   step 4298
[  1%]   step 4299
[  1%]   step 4300
[  1%]   step 4301
[  1%]   step 4302
[  1%]   step 4303
[  1%]   step 4304
[  1%]   step 4305
[  1%]   step 4306
[  1%]   step 4307
[  1%]   step 4308
[  1%]   step 4309
[  1%]   step 4310
[  1%]   step 4311
[  1%]   step 4312
[  1%]   step 4313
[  1%]   step 4314
[  1%]   step 4315
[  1%]   step 4316
[  1%]   step 4317
[  1%]   step 4318
[  1%]   step 4319
[  1%]   step 4320
[  1%]   step 4321
[  1%]   step 4322
[  1%]   step 4323
[  1%]   step 4324
[  1%]   step 4325
[  1%]   step 4326
[  1%]   step 4327
[  1%]   step 4328
[  1%]   step 4329
[  1%]   step 4330
[  1%]   step 4331
[  1%]   step 4332
[  1%]   step 4333
[  1%]   step 4334
[  1%]   step 4335
[  1%]   step 4336
[  1%]   step 4337
[  1%]   step 4338
[  1%]   step 4339
[  1%]   step 4340
[  1%]   step 4341
[  1%]   step 4342
[  1%]   step 4343
[  1%]   step 4344
[  1%]   step 4345
[  1%]   step 4346
[  1%]   step 4347
[  1%]   step 4348
[  1%]   step 4349
[  1%]   step 4350
[  1%]   step 4351
[  1%]   step 4352
[  1%]   step 4353
[  1%]   step 4354
[  1%]   step 4355
[  1%]   step 4356
[  1%]   step 4357
[  1%]   step 4358
[  1%]   step 4359
[  1%]   step 4360
[  1%]   step 4361
[  1%]   step 4362
[  1%]   step 4363
[  1%]   step 4364
[  1%]   step 4365
[  1%]   step 4366
[  1%]   step 4367
[  1%]   step 4368
[  1%]   step 4369
[  1%]   step 4370
[  1%]   step 4371
[  1%]   step 4372
[  1%]   step 4373
[  1%]   step 4374
[  1%]   step 4375
[  1%]   step 4376
[  1%]   step 4377
[  1%]   step 4378
[  1%]   step 4379
[  1%]   step 4380
[  1%]   step 4381
[  1%]   step 4382
[  1%]   step 4383
[  1%]   step 4384
[  1%]   step 4385
[  1%]   step 4386
[  1%]   step 4387
[  1%]   step 4388
[  1%]   step 4389
[  1%]   step 4390
[  1%]   step 4391
[  1%]   step 4392
[  1%]   step 4393
[  1%]   step 4394
[  1%]   step 4395
[  1%]   step 4396
[  1%]   step 4397
[  1%]   step 4398
[  1%]   step 4399
[  1%]   step 4400
[  1%]   step 4401
[  1%]   step 4402
[  1%]   step 4403
[  1%]   step 4404
[  1%]   step 4405
[  1%]   step 4406
[  1%]   step 4407
[  1%]   step 4408
[  1%]   step 4409
[  1%]   step 4410
[  1%]   step 4411
[  1%]   step 4412
[  1%]   step 4413
[  1%]   step 4414
[  1%]   step 4415
[  1%]   step 4416
[  1%]   step 4417
[  1%]   step 4418
[  1%]   step 4419
[  1%]   step 4420
[  1%]   step 4421
[  1%]   step 4422
[  1%]   step 4423
[  1%]   step 4424
[  1%]   step 4425
[  1%]   step 4426
[  1%]   step 4427
[  1%]   step 4428
[  1%]   step 4429
[  1%]   step 4430
[  1%]   step 4431
[  1%]   step 4432
[  1%]   step 4433
[  1%]   step 4434
[  1%]   step 4435
[  1%]   step 4436
[  1%]   step 4437
[  1%]   step 4438
[  1%]   step 4439
[  1%]   step 4440
[  1%]   step 4441
[  1%]   step 4442
[  1%]   step 4443
[  1%]   step 4444
[  1%]   step 4445
[  1%]   step 4446
[  1%]   step 4447
[  1%]   step 4448
[  1%]   step 4449
[  1%]   step 4450
[  1%]   step 4451
[  1%]   step 4452
[  1%]   step 4453
[  1%]   step 4454
[  1%]   step 4455
[  1%]   step 4456
[  1%]   step 4457
[  1%]   step 4458
[  1%]   step 4459
[  1%]   step 4460
[  1%]   step 4461
[  1%]   step 4462
[  1%]   step 4463
[  1%]   step 4464
[  1%]   step 4465
[  1%]   step 4466
[  1%]   step 4467
[  1%]   step 4468
[  1%]   step 4469
[  1%]   step 4470
[  1%]   step 4471
[  1%]   step 4472
[  1%]   step 4473
[  1%]   step 4474
[  1%]   step 4475
[  1%]   step 4476
[  1%]   step 4477
[  1%]   step 4478
[  1%]   step 4479
[  1%]   step 4480
[  1%]   step 4481
[  1%]   step 4482
[  1%]   step 4483
[  1%]   step 4484
[  1%]   step 4485
[  1%]   step 4486
[  1%]   step 4487
[  1%]   step 4488
[  1%]   step 4489
[  1%]   step 4490
[  1%]   step 4491
[  1%]   step 4492
[  1%]   step 4493
[  1%]   step 4494
[  1%]   step 4495
[  1%]   step 4496
[  1%]   step 4497
[  1%]   step 4498
[  1%]   step 4499
[  1%]   step 4500
[  1%]   step 4501
[  1%]   step 4502
[  1%]   step 4503
[  1%]   step 4504
[  1%]   step 4505
[  1%]   step 4506
[  1%]   step 4507
[  1%]   step 4508
[  1%]   step 4509
[  1%]   step 4510
[  1%]   step 4511
[  1%]   step 4512
[  1%]   step 4513
[  1%]   step 4514
[  1%]   step 4515
[  1%]   step 4516
[  1%]   step 4517
[  1%]   step 4518
[  1%]   step 4519
[  1%]   step 4520
[  1%]   step 4521
[  1%]   step 4522
[  1%]   step 4523
[  1%]   step 4524
[  1%]   step 4525
[  1%]   step 4526
[  1%]   step 4527
[  1%]   step 4528
[  1%]   step 4529
[  1%]   step 4530
[  1%]   step 4531
[  1%]   step 4532
[  1%]   step 4533
[  1%]   step 4534
[  1%]   step 4535
[  1%]   step 4536
[  1%]   step 4537
[  1%]   step 4538
[  1%]   step 4539
[  1%]   step 4540
[  1%]   step 4541
[  1%]   step 4542
[  1%]   step 4543
[  1%]   step 4544
[  1%]   step 4545
[  1%]   step 4546
[  1%]   step 4547
[  1%]   step 4548
[  1%]   step 4549
[  1%]   step 4550
[  1%]   step 4551
[  1%]   step 4552
[  1%]   step 4553
[  1%]   step 4554
[  1%]   step 4555
[  1%]   step 4556
[  1%]   step 4557
[  1%]   step 4558
[  1%]   step 4559
[  1%]   step 4560
[  1%]   step 4561
[  1%]   step 4562
[  1%]   step 4563
[  1%]   step 4564
[  1%]   step 4565
[  1%]   step 4566
[  1%]   step 4567
[  1%]   step 4568
[  1%]   step 4569
[  1%]   step 4570
[  1%]   step 4571
[  1%]   step 4572
[  1%]   step 4573
[  1%]   step 4574
[  1%]   step 4575
[  1%]   step 4576
[  1%]   step 4577
[  1%]   step 4578
[  1%]   step 4579
[  1%]   step 4580
[  1%]   step 4581
[  1%]   step 4582
[  1%]   step 4583
[  1%]   step 4584
[  1%]   step 4585
[  1%]   step 4586
[  1%]   step 4587
[  1%]   step 4588
[  1%]   step 4589
[  1%]   step 4590
[  1%]   step 4591
[  1%]   step 4592
[  1%]   step 4593
[  1%]   step 4594
[  1%]   step 4595
[  1%]   step 4596
[  1%]   step 4597
[  1%]   step 4598
[  1%]   step 4599
[  1%]   step 4600
[  1%]   step 4601
[  1%]   step 4602
[  1%]   step 4603
[  1%]   step 4604
[  1%]   step 4605
[  1%]   step 4606
[  1%]   step 4607
[  1%]   step 4608
[  1%]   step 4609
[  1%]   step 4610
[  1%]   step 4611
[  1%]   step 4612
[  1%]   step 4613
[  1%]   step 4614
[  1%]   step 4615
[  1%]   step 4616
[  1%]   step 4617
[  1%]   step 4618
[  1%]   step 4619
[  1%]   step 4620
+SWASH is processing output request    1
+SWASH is processing output request    2
[  1%]   step 4621
[  1%]   step 4622
[  1%]   step 4623
[  1%]   step 4624
[  1%]   step 4625
[  1%]   step 4626
[  1%]   step 4627
[  1%]   step 4628
[  1%]   step 4629
[  1%]   step 4630
[  1%]   step 4631
[  1%]   step 4632
[  1%]   step 4633
[  1%]   step 4634
[  1%]   step 4635
[  1%]   step 4636
[  1%]   step 4637
[  1%]   step 4638
[  1%]   step 4639
[  1%]   step 4640
[  1%]   step 4641
[  1%]   step 4642
[  1%]   step 4643
[  1%]   step 4644
[  1%]   step 4645
[  1%]   step 4646
[  1%]   step 4647
[  1%]   step 4648
[  1%]   step 4649
[  1%]   step 4650
[  1%]   step 4651
[  1%]   step 4652
[  1%]   step 4653
[  1%]   step 4654
[  1%]   step 4655
[  1%]   step 4656
[  1%]   step 4657
[  1%]   step 4658
[  1%]   step 4659
[  1%]   step 4660
[  1%]   step 4661
[  1%]   step 4662
[  1%]   step 4663
[  1%]   step 4664
[  1%]   step 4665
[  1%]   step 4666
[  1%]   step 4667
[  1%]   step 4668
[  1%]   step 4669
[  1%]   step 4670
[  1%]   step 4671
[  1%]   step 4672
[  1%]   step 4673
[  1%]   step 4674
[  1%]   step 4675
[  1%]   step 4676
[  1%]   step 4677
[  1%]   step 4678
[  1%]   step 4679
[  1%]   step 4680
[  1%]   step 4681
[  1%]   step 4682
[  1%]   step 4683
[  1%]   step 4684
[  1%]   step 4685
[  1%]   step 4686
[  1%]   step 4687
[  1%]   step 4688
[  1%]   step 4689
[  1%]   step 4690
[  1%]   step 4691
[  1%]   step 4692
[  1%]   step 4693
[  1%]   step 4694
[  1%]   step 4695
[  1%]   step 4696
[  1%]   step 4697
[  1%]   step 4698
[  1%]   step 4699
[  1%]   step 4700
[  1%]   step 4701
[  1%]   step 4702
[  1%]   step 4703
[  1%]   step 4704
[  1%]   step 4705
[  1%]   step 4706
[  1%]   step 4707
[  1%]   step 4708
[  1%]   step 4709
[  1%]   step 4710
[  1%]   step 4711
[  1%]   step 4712
[  1%]   step 4713
[  1%]   step 4714
[  1%]   step 4715
[  1%]   step 4716
[  1%]   step 4717
[  1%]   step 4718
[  1%]   step 4719
[  1%]   step 4720
[  1%]   step 4721
[  1%]   step 4722
[  1%]   step 4723
[  1%]   step 4724
[  1%]   step 4725
[  1%]   step 4726
[  1%]   step 4727
[  1%]   step 4728
[  1%]   step 4729
[  1%]   step 4730
[  1%]   step 4731
[  1%]   step 4732
[  1%]   step 4733
[  1%]   step 4734
[  1%]   step 4735
[  1%]   step 4736
[  1%]   step 4737
[  1%]   step 4738
[  1%]   step 4739
[  1%]   step 4740
[  1%]   step 4741
[  1%]   step 4742
[  1%]   step 4743
[  1%]   step 4744
[  1%]   step 4745
[  1%]   step 4746
[  1%]   step 4747
[  1%]   step 4748
[  1%]   step 4749
[  1%]   step 4750
[  1%]   step 4751
[  1%]   step 4752
[  1%]   step 4753
[  1%]   step 4754
[  1%]   step 4755
[  1%]   step 4756
[  1%]   step 4757
[  1%]   step 4758
[  1%]   step 4759
[  1%]   step 4760
[  1%]   step 4761
[  1%]   step 4762
[  1%]   step 4763
[  1%]   step 4764
[  1%]   step 4765
[  1%]   step 4766
[  1%]   step 4767
[  1%]   step 4768
[  1%]   step 4769
[  1%]   step 4770
[  1%]   step 4771
[  1%]   step 4772
[  1%]   step 4773
[  1%]   step 4774
[  1%]   step 4775
[  1%]   step 4776
[  1%]   step 4777
[  1%]   step 4778
[  1%]   step 4779
[  1%]   step 4780
[  1%]   step 4781
[  1%]   step 4782
[  1%]   step 4783
[  1%]   step 4784
[  1%]   step 4785
[  1%]   step 4786
[  1%]   step 4787
[  1%]   step 4788
[  1%]   step 4789
[  1%]   step 4790
[  1%]   step 4791
[  1%]   step 4792
[  1%]   step 4793
[  1%]   step 4794
[  1%]   step 4795
[  1%]   step 4796
[  1%]   step 4797
[  1%]   step 4798
[  1%]   step 4799
[  1%]   step 4800
[  1%]   step 4801
[  1%]   step 4802
[  1%]   step 4803
[  1%]   step 4804
[  1%]   step 4805
[  1%]   step 4806
[  1%]   step 4807
[  1%]   step 4808
[  1%]   step 4809
[  1%]   step 4810
[  1%]   step 4811
[  1%]   step 4812
[  1%]   step 4813
[  1%]   step 4814
[  1%]   step 4815
[  1%]   step 4816
[  1%]   step 4817
[  1%]   step 4818
[  1%]   step 4819
[  1%]   step 4820
[  1%]   step 4821
[  1%]   step 4822
[  1%]   step 4823
[  1%]   step 4824
[  1%]   step 4825
[  1%]   step 4826
[  1%]   step 4827
[  1%]   step 4828
[  1%]   step 4829
[  1%]   step 4830
[  1%]   step 4831
[  1%]   step 4832
[  1%]   step 4833
[  1%]   step 4834
[  1%]   step 4835
[  1%]   step 4836
[  1%]   step 4837
[  1%]   step 4838
[  1%]   step 4839
[  1%]   step 4840
[  1%]   step 4841
[  1%]   step 4842
[  1%]   step 4843
[  1%]   step 4844
[  1%]   step 4845
[  1%]   step 4846
[  1%]   step 4847
[  1%]   step 4848
[  1%]   step 4849
[  1%]   step 4850
[  1%]   step 4851
[  1%]   step 4852
[  1%]   step 4853
[  1%]   step 4854
[  1%]   step 4855
[  1%]   step 4856
[  1%]   step 4857
[  1%]   step 4858
[  1%]   step 4859
[  1%]   step 4860
[  1%]   step 4861
[  1%]   step 4862
[  1%]   step 4863
[  1%]   step 4864
[  1%]   step 4865
[  1%]   step 4866
[  1%]   step 4867
[  1%]   step 4868
[  1%]   step 4869
[  1%]   step 4870
[  1%]   step 4871
[  1%]   step 4872
[  1%]   step 4873
[  1%]   step 4874
[  1%]   step 4875
[  1%]   step 4876
[  1%]   step 4877
[  1%]   step 4878
[  1%]   step 4879
[  1%]   step 4880
[  1%]   step 4881
[  1%]   step 4882
[  1%]   step 4883
[  1%]   step 4884
[  1%]   step 4885
[  1%]   step 4886
[  1%]   step 4887
[  1%]   step 4888
[  1%]   step 4889
[  1%]   step 4890
[  1%]   step 4891
[  1%]   step 4892
[  1%]   step 4893
[  1%]   step 4894
[  1%]   step 4895
[  1%]   step 4896
[  1%]   step 4897
[  1%]   step 4898
[  1%]   step 4899
[  1%]   step 4900
[  1%]   step 4901
[  1%]   step 4902
[  1%]   step 4903
[  1%]   step 4904
[  1%]   step 4905
[  1%]   step 4906
[  1%]   step 4907
[  1%]   step 4908
[  1%]   step 4909
[  1%]   step 4910
[  1%]   step 4911
[  1%]   step 4912
[  1%]   step 4913
[  2%]   step 4914
[  2%]   step 4915
[  2%]   step 4916
[  2%]   step 4917
[  2%]   step 4918
[  2%]   step 4919
[  2%]   step 4920
[  2%]   step 4921
[  2%]   step 4922
[  2%]   step 4923
[  2%]   step 4924
[  2%]   step 4925
[  2%]   step 4926
[  2%]   step 4927
[  2%]   step 4928
[  2%]   step 4929
[  2%]   step 4930
[  2%]   step 4931
[  2%]   step 4932
[  2%]   step 4933
[  2%]   step 4934
[  2%]   step 4935
[  2%]   step 4936
[  2%]   step 4937
[  2%]   step 4938
[  2%]   step 4939
[  2%]   step 4940
[  2%]   step 4941
[  2%]   step 4942
[  2%]   step 4943
[  2%]   step 4944
[  2%]   step 4945
[  2%]   step 4946
[  2%]   step 4947
[  2%]   step 4948
[  2%]   step 4949
[  2%]   step 4950
[  2%]   step 4951
[  2%]   step 4952
[  2%]   step 4953
[  2%]   step 4954
[  2%]   step 4955
[  2%]   step 4956
[  2%]   step 4957
[  2%]   step 4958
[  2%]   step 4959
[  2%]   step 4960
[  2%]   step 4961
[  2%]   step 4962
[  2%]   step 4963
[  2%]   step 4964
[  2%]   step 4965
[  2%]   step 4966
[  2%]   step 4967
[  2%]   step 4968
[  2%]   step 4969
[  2%]   step 4970
[  2%]   step 4971
[  2%]   step 4972
[  2%]   step 4973
[  2%]   step 4974
[  2%]   step 4975
[  2%]   step 4976
[  2%]   step 4977
[  2%]   step 4978
[  2%]   step 4979
[  2%]   step 4980
[  2%]   step 4981
[  2%]   step 4982
[  2%]   step 4983
[  2%]   step 4984
[  2%]   step 4985
[  2%]   step 4986
[  2%]   step 4987
[  2%]   step 4988
[  2%]   step 4989
[  2%]   step 4990
[  2%]   step 4991
[  2%]   step 4992
[  2%]   step 4993
[  2%]   step 4994
[  2%]   step 4995
[  2%]   step 4996
[  2%]   step 4997
[  2%]   step 4998
[  2%]   step 4999
[  2%]   step 5000
[  2%]   step 5001
[  2%]   step 5002
[  2%]   step 5003
[  2%]   step 5004
[  2%]   step 5005
[  2%]   step 5006
[  2%]   step 5007
[  2%]   step 5008
[  2%]   step 5009
[  2%]   step 5010
[  2%]   step 5011
[  2%]   step 5012
[  2%]   step 5013
[  2%]   step 5014
[  2%]   step 5015
[  2%]   step 5016
[  2%]   step 5017
[  2%]   step 5018
[  2%]   step 5019
[  2%]   step 5020
[  2%]   step 5021
[  2%]   step 5022
[  2%]   step 5023
[  2%]   step 5024
[  2%]   step 5025
[  2%]   step 5026
[  2%]   step 5027
[  2%]   step 5028
[  2%]   step 5029
[  2%]   step 5030
[  2%]   step 5031
[  2%]   step 5032
[  2%]   step 5033
[  2%]   step 5034
[  2%]   step 5035
[  2%]   step 5036
[  2%]   step 5037
[  2%]   step 5038
[  2%]   step 5039
[  2%]   step 5040
+SWASH is processing output request    1
+SWASH is processing output request    2
[  2%]   step 5041
[  2%]   step 5042
[  2%]   step 5043
[  2%]   step 5044
[  2%]   step 5045
[  2%]   step 5046
[  2%]   step 5047
[  2%]   step 5048
[  2%]   step 5049
[  2%]   step 5050
[  2%]   step 5051
[  2%]   step 5052
[  2%]   step 5053
[  2%]   step 5054
[  2%]   step 5055
[  2%]   step 5056
[  2%]   step 5057
[  2%]   step 5058
[  2%]   step 5059
[  2%]   step 5060
[  2%]   step 5061
[  2%]   step 5062
[  2%]   step 5063
[  2%]   step 5064
[  2%]   step 5065
[  2%]   step 5066
[  2%]   step 5067
[  2%]   step 5068
[  2%]   step 5069
[  2%]   step 5070
[  2%]   step 5071
[  2%]   step 5072
[  2%]   step 5073
[  2%]   step 5074
[  2%]   step 5075
[  2%]   step 5076
[  2%]   step 5077
[  2%]   step 5078
[  2%]   step 5079
[  2%]   step 5080
[  2%]   step 5081
[  2%]   step 5082
[  2%]   step 5083
[  2%]   step 5084
[  2%]   step 5085
[  2%]   step 5086
[  2%]   step 5087
[  2%]   step 5088
[  2%]   step 5089
[  2%]   step 5090
[  2%]   step 5091
[  2%]   step 5092
[  2%]   step 5093
[  2%]   step 5094
[  2%]   step 5095
[  2%]   step 5096
[  2%]   step 5097
[  2%]   step 5098
[  2%]   step 5099
[  2%]   step 5100
[  2%]   step 5101
[  2%]   step 5102
[  2%]   step 5103
[  2%]   step 5104
[  2%]   step 5105
[  2%]   step 5106
[  2%]   step 5107
[  2%]   step 5108
[  2%]   step 5109
[  2%]   step 5110
[  2%]   step 5111
[  2%]   step 5112
[  2%]   step 5113
[  2%]   step 5114
[  2%]   step 5115
[  2%]   step 5116
[  2%]   step 5117
[  2%]   step 5118
[  2%]   step 5119
[  2%]   step 5120
[  2%]   step 5121
[  2%]   step 5122
[  2%]   step 5123
[  2%]   step 5124
[  2%]   step 5125
[  2%]   step 5126
[  2%]   step 5127
[  2%]   step 5128
[  2%]   step 5129
[  2%]   step 5130
[  2%]   step 5131
[  2%]   step 5132
[  2%]   step 5133
[  2%]   step 5134
[  2%]   step 5135
[  2%]   step 5136
[  2%]   step 5137
[  2%]   step 5138
[  2%]   step 5139
[  2%]   step 5140
[  2%]   step 5141
[  2%]   step 5142
[  2%]   step 5143
[  2%]   step 5144
[  2%]   step 5145
[  2%]   step 5146
[  2%]   step 5147
[  2%]   step 5148
[  2%]   step 5149
[  2%]   step 5150
[  2%]   step 5151
[  2%]   step 5152
[  2%]   step 5153
[  2%]   step 5154
[  2%]   step 5155
[  2%]   step 5156
[  2%]   step 5157
[  2%]   step 5158
[  2%]   step 5159
[  2%]   step 5160
[  2%]   step 5161
[  2%]   step 5162
[  2%]   step 5163
[  2%]   step 5164
[  2%]   step 5165
[  2%]   step 5166
[  2%]   step 5167
[  2%]   step 5168
[  2%]   step 5169
[  2%]   step 5170
[  2%]   step 5171
[  2%]   step 5172
[  2%]   step 5173
[  2%]   step 5174
[  2%]   step 5175
[  2%]   step 5176
[  2%]   step 5177
[  2%]   step 5178
[  2%]   step 5179
[  2%]   step 5180
[  2%]   step 5181
[  2%]   step 5182
[  2%]   step 5183
[  2%]   step 5184
[  2%]   step 5185
[  2%]   step 5186
[  2%]   step 5187
[  2%]   step 5188
[  2%]   step 5189
[  2%]   step 5190
[  2%]   step 5191
[  2%]   step 5192
[  2%]   step 5193
[  2%]   step 5194
[  2%]   step 5195
[  2%]   step 5196
[  2%]   step 5197
[  2%]   step 5198
[  2%]   step 5199
[  2%]   step 5200
[  2%]   step 5201
[  2%]   step 5202
[  2%]   step 5203
[  2%]   step 5204
[  2%]   step 5205
[  2%]   step 5206
[  2%]   step 5207
[  2%]   step 5208
[  2%]   step 5209
[  2%]   step 5210
[  2%]   step 5211
[  2%]   step 5212
[  2%]   step 5213
[  2%]   step 5214
[  2%]   step 5215
[  2%]   step 5216
[  2%]   step 5217
[  2%]   step 5218
[  2%]   step 5219
[  2%]   step 5220
[  2%]   step 5221
[  2%]   step 5222
[  2%]   step 5223
[  2%]   step 5224
[  2%]   step 5225
[  2%]   step 5226
[  2%]   step 5227
[  2%]   step 5228
[  2%]   step 5229
[  2%]   step 5230
[  2%]   step 5231
[  2%]   step 5232
[  2%]   step 5233
[  2%]   step 5234
[  2%]   step 5235
[  2%]   step 5236
[  2%]   step 5237
[  2%]   step 5238
[  2%]   step 5239
[  2%]   step 5240
[  2%]   step 5241
[  2%]   step 5242
[  2%]   step 5243
[  2%]   step 5244
[  2%]   step 5245
[  2%]   step 5246
[  2%]   step 5247
[  2%]   step 5248
[  2%]   step 5249
[  2%]   step 5250
[  2%]   step 5251
[  2%]   step 5252
[  2%]   step 5253
[  2%]   step 5254
[  2%]   step 5255
[  2%]   step 5256
[  2%]   step 5257
[  2%]   step 5258
[  2%]   step 5259
[  2%]   step 5260
[  2%]   step 5261
[  2%]   step 5262
[  2%]   step 5263
[  2%]   step 5264
[  2%]   step 5265
[  2%]   step 5266
[  2%]   step 5267
[  2%]   step 5268
[  2%]   step 5269
[  2%]   step 5270
[  2%]   step 5271
[  2%]   step 5272
[  2%]   step 5273
[  2%]   step 5274
[  2%]   step 5275
[  2%]   step 5276
[  2%]   step 5277
[  2%]   step 5278
[  2%]   step 5279
[  2%]   step 5280
[  2%]   step 5281
[  2%]   step 5282
[  2%]   step 5283
[  2%]   step 5284
[  2%]   step 5285
[  2%]   step 5286
[  2%]   step 5287
[  2%]   step 5288
[  2%]   step 5289
[  2%]   step 5290
[  2%]   step 5291
[  2%]   step 5292
[  2%]   step 5293
[  2%]   step 5294
[  2%]   step 5295
[  2%]   step 5296
[  2%]   step 5297
[  2%]   step 5298
[  2%]   step 5299
[  2%]   step 5300
[  2%]   step 5301
[  2%]   step 5302
[  2%]   step 5303
[  2%]   step 5304
[  2%]   step 5305
[  2%]   step 5306
[  2%]   step 5307
[  2%]   step 5308
[  2%]   step 5309
[  2%]   step 5310
[  2%]   step 5311
[  2%]   step 5312
[  2%]   step 5313
[  2%]   step 5314
[  2%]   step 5315
[  2%]   step 5316
[  2%]   step 5317
[  2%]   step 5318
[  2%]   step 5319
[  2%]   step 5320
[  2%]   step 5321
[  2%]   step 5322
[  2%]   step 5323
[  2%]   step 5324
[  2%]   step 5325
[  2%]   step 5326
[  2%]   step 5327
[  2%]   step 5328
[  2%]   step 5329
[  2%]   step 5330
[  2%]   step 5331
[  2%]   step 5332
[  2%]   step 5333
[  2%]   step 5334
[  2%]   step 5335
[  2%]   step 5336
[  2%]   step 5337
[  2%]   step 5338
[  2%]   step 5339
[  2%]   step 5340
[  2%]   step 5341
[  2%]   step 5342
[  2%]   step 5343
[  2%]   step 5344
[  2%]   step 5345
[  2%]   step 5346
[  2%]   step 5347
[  2%]   step 5348
[  2%]   step 5349
[  2%]   step 5350
[  2%]   step 5351
[  2%]   step 5352
[  2%]   step 5353
[  2%]   step 5354
[  2%]   step 5355
[  2%]   step 5356
[  2%]   step 5357
[  2%]   step 5358
[  2%]   step 5359
[  2%]   step 5360
[  2%]   step 5361
[  2%]   step 5362
[  2%]   step 5363
[  2%]   step 5364
[  2%]   step 5365
[  2%]   step 5366
[  2%]   step 5367
[  2%]   step 5368
[  2%]   step 5369
[  2%]   step 5370
[  2%]   step 5371
[  2%]   step 5372
[  2%]   step 5373
[  2%]   step 5374
[  2%]   step 5375
[  2%]   step 5376
[  2%]   step 5377
[  2%]   step 5378
[  2%]   step 5379
[  2%]   step 5380
[  2%]   step 5381
[  2%]   step 5382
[  2%]   step 5383
[  2%]   step 5384
[  2%]   step 5385
[  2%]   step 5386
[  2%]   step 5387
[  2%]   step 5388
[  2%]   step 5389
[  2%]   step 5390
[  2%]   step 5391
[  2%]   step 5392
[  2%]   step 5393
[  2%]   step 5394
[  2%]   step 5395
[  2%]   step 5396
[  2%]   step 5397
[  2%]   step 5398
[  2%]   step 5399
[  2%]   step 5400
[  2%]   step 5401
[  2%]   step 5402
[  2%]   step 5403
[  2%]   step 5404
[  2%]   step 5405
[  2%]   step 5406
[  2%]   step 5407
[  2%]   step 5408
[  2%]   step 5409
[  2%]   step 5410
[  2%]   step 5411
[  2%]   step 5412
[  2%]   step 5413
[  2%]   step 5414
[  2%]   step 5415
[  2%]   step 5416
[  2%]   step 5417
[  2%]   step 5418
[  2%]   step 5419
[  2%]   step 5420
[  2%]   step 5421
[  2%]   step 5422
[  2%]   step 5423
[  2%]   step 5424
[  2%]   step 5425
[  2%]   step 5426
[  2%]   step 5427
[  2%]   step 5428
[  2%]   step 5429
[  2%]   step 5430
[  2%]   step 5431
[  2%]   step 5432
[  2%]   step 5433
[  2%]   step 5434
[  2%]   step 5435
[  2%]   step 5436
[  2%]   step 5437
[  2%]   step 5438
[  2%]   step 5439
[  2%]   step 5440
[  2%]   step 5441
[  2%]   step 5442
[  2%]   step 5443
[  2%]   step 5444
[  2%]   step 5445
[  2%]   step 5446
[  2%]   step 5447
[  2%]   step 5448
[  2%]   step 5449
[  2%]   step 5450
[  2%]   step 5451
[  2%]   step 5452
[  2%]   step 5453
[  2%]   step 5454
[  2%]   step 5455
[  2%]   step 5456
[  2%]   step 5457
[  2%]   step 5458
[  2%]   step 5459
[  2%]   step 5460
+SWASH is processing output request    1
+SWASH is processing output request    2
[  2%]   step 5461
[  2%]   step 5462
[  2%]   step 5463
[  2%]   step 5464
[  2%]   step 5465
[  2%]   step 5466
[  2%]   step 5467
[  2%]   step 5468
[  2%]   step 5469
[  2%]   step 5470
[  2%]   step 5471
[  2%]   step 5472
[  2%]   step 5473
[  2%]   step 5474
[  2%]   step 5475
[  2%]   step 5476
[  2%]   step 5477
[  2%]   step 5478
[  2%]   step 5479
[  2%]   step 5480
[  2%]   step 5481
[  2%]   step 5482
[  2%]   step 5483
[  2%]   step 5484
[  2%]   step 5485
[  2%]   step 5486
[  2%]   step 5487
[  2%]   step 5488
[  2%]   step 5489
[  2%]   step 5490
[  2%]   step 5491
[  2%]   step 5492
[  2%]   step 5493
[  2%]   step 5494
[  2%]   step 5495
[  2%]   step 5496
[  2%]   step 5497
[  2%]   step 5498
[  2%]   step 5499
[  2%]   step 5500
[  2%]   step 5501
[  2%]   step 5502
[  2%]   step 5503
[  2%]   step 5504
[  2%]   step 5505
[  2%]   step 5506
[  2%]   step 5507
[  2%]   step 5508
[  2%]   step 5509
[  2%]   step 5510
[  2%]   step 5511
[  2%]   step 5512
[  2%]   step 5513
[  2%]   step 5514
[  2%]   step 5515
[  2%]   step 5516
[  2%]   step 5517
[  2%]   step 5518
[  2%]   step 5519
[  2%]   step 5520
[  2%]   step 5521
[  2%]   step 5522
[  2%]   step 5523
[  2%]   step 5524
[  2%]   step 5525
[  2%]   step 5526
[  2%]   step 5527
[  2%]   step 5528
[  2%]   step 5529
[  2%]   step 5530
[  2%]   step 5531
[  2%]   step 5532
[  2%]   step 5533
[  2%]   step 5534
[  2%]   step 5535
[  2%]   step 5536
[  2%]   step 5537
[  2%]   step 5538
[  2%]   step 5539
[  2%]   step 5540
[  2%]   step 5541
[  2%]   step 5542
[  2%]   step 5543
[  2%]   step 5544
[  2%]   step 5545
[  2%]   step 5546
[  2%]   step 5547
[  2%]   step 5548
[  2%]   step 5549
[  2%]   step 5550
[  2%]   step 5551
[  2%]   step 5552
[  2%]   step 5553
[  2%]   step 5554
[  2%]   step 5555
[  2%]   step 5556
[  2%]   step 5557
[  2%]   step 5558
[  2%]   step 5559
[  2%]   step 5560
[  2%]   step 5561
[  2%]   step 5562
[  2%]   step 5563
[  2%]   step 5564
[  2%]   step 5565
[  2%]   step 5566
[  2%]   step 5567
[  2%]   step 5568
[  2%]   step 5569
[  2%]   step 5570
[  2%]   step 5571
[  2%]   step 5572
[  2%]   step 5573
[  2%]   step 5574
[  2%]   step 5575
[  2%]   step 5576
[  2%]   step 5577
[  2%]   step 5578
[  2%]   step 5579
[  2%]   step 5580
[  2%]   step 5581
[  2%]   step 5582
[  2%]   step 5583
[  2%]   step 5584
[  2%]   step 5585
[  2%]   step 5586
[  2%]   step 5587
[  2%]   step 5588
[  2%]   step 5589
[  2%]   step 5590
[  2%]   step 5591
[  2%]   step 5592
[  2%]   step 5593
[  2%]   step 5594
[  2%]   step 5595
[  2%]   step 5596
[  2%]   step 5597
[  2%]   step 5598
[  2%]   step 5599
[  2%]   step 5600
[  2%]   step 5601
[  2%]   step 5602
[  2%]   step 5603
[  2%]   step 5604
[  2%]   step 5605
[  2%]   step 5606
[  2%]   step 5607
[  2%]   step 5608
[  2%]   step 5609
[  2%]   step 5610
[  2%]   step 5611
[  2%]   step 5612
[  2%]   step 5613
[  2%]   step 5614
[  2%]   step 5615
[  2%]   step 5616
[  2%]   step 5617
[  2%]   step 5618
[  2%]   step 5619
[  2%]   step 5620
[  2%]   step 5621
[  2%]   step 5622
[  2%]   step 5623
[  2%]   step 5624
[  2%]   step 5625
[  2%]   step 5626
[  2%]   step 5627
[  2%]   step 5628
[  2%]   step 5629
[  2%]   step 5630
[  2%]   step 5631
[  2%]   step 5632
[  2%]   step 5633
[  2%]   step 5634
[  2%]   step 5635
[  2%]   step 5636
[  2%]   step 5637
[  2%]   step 5638
[  2%]   step 5639
[  2%]   step 5640
[  2%]   step 5641
[  2%]   step 5642
[  2%]   step 5643
[  2%]   step 5644
[  2%]   step 5645
[  2%]   step 5646
[  2%]   step 5647
[  2%]   step 5648
[  2%]   step 5649
[  2%]   step 5650
[  2%]   step 5651
[  2%]   step 5652
[  2%]   step 5653
[  2%]   step 5654
[  2%]   step 5655
[  2%]   step 5656
[  2%]   step 5657
[  2%]   step 5658
[  2%]   step 5659
[  2%]   step 5660
[  2%]   step 5661
[  2%]   step 5662
[  2%]   step 5663
[  2%]   step 5664
[  2%]   step 5665
[  2%]   step 5666
[  2%]   step 5667
[  2%]   step 5668
[  2%]   step 5669
[  2%]   step 5670
[  2%]   step 5671
[  2%]   step 5672
[  2%]   step 5673
[  2%]   step 5674
[  2%]   step 5675
[  2%]   step 5676
[  2%]   step 5677
[  2%]   step 5678
[  2%]   step 5679
[  2%]   step 5680
[  2%]   step 5681
[  2%]   step 5682
[  2%]   step 5683
[  2%]   step 5684
[  2%]   step 5685
[  2%]   step 5686
[  2%]   step 5687
[  2%]   step 5688
[  2%]   step 5689
[  2%]   step 5690
[  2%]   step 5691
[  2%]   step 5692
[  2%]   step 5693
[  2%]   step 5694
[  2%]   step 5695
[  2%]   step 5696
[  2%]   step 5697
[  2%]   step 5698
[  2%]   step 5699
[  2%]   step 5700
[  2%]   step 5701
[  2%]   step 5702
[  2%]   step 5703
[  2%]   step 5704
[  2%]   step 5705
[  2%]   step 5706
[  2%]   step 5707
[  2%]   step 5708
[  2%]   step 5709
[  2%]   step 5710
[  2%]   step 5711
[  2%]   step 5712
[  2%]   step 5713
[  2%]   step 5714
[  2%]   step 5715
[  2%]   step 5716
[  2%]   step 5717
[  2%]   step 5718
[  2%]   step 5719
[  2%]   step 5720
[  2%]   step 5721
[  2%]   step 5722
[  2%]   step 5723
[  2%]   step 5724
[  2%]   step 5725
[  2%]   step 5726
[  2%]   step 5727
[  2%]   step 5728
[  2%]   step 5729
[  2%]   step 5730
[  2%]   step 5731
[  2%]   step 5732
[  2%]   step 5733
[  2%]   step 5734
[  2%]   step 5735
[  2%]   step 5736
[  2%]   step 5737
[  2%]   step 5738
[  2%]   step 5739
[  2%]   step 5740
[  2%]   step 5741
[  2%]   step 5742
[  2%]   step 5743
[  2%]   step 5744
[  2%]   step 5745
[  2%]   step 5746
[  2%]   step 5747
[  2%]   step 5748
[  2%]   step 5749
[  2%]   step 5750
[  2%]   step 5751
[  2%]   step 5752
[  2%]   step 5753
[  2%]   step 5754
[  2%]   step 5755
[  2%]   step 5756
[  2%]   step 5757
[  2%]   step 5758
[  2%]   step 5759
[  2%]   step 5760
[  2%]   step 5761
[  2%]   step 5762
[  2%]   step 5763
[  2%]   step 5764
[  2%]   step 5765
[  2%]   step 5766
[  2%]   step 5767
[  2%]   step 5768
[  2%]   step 5769
[  2%]   step 5770
[  2%]   step 5771
[  2%]   step 5772
[  2%]   step 5773
[  2%]   step 5774
[  2%]   step 5775
[  2%]   step 5776
[  2%]   step 5777
[  2%]   step 5778
[  2%]   step 5779
[  2%]   step 5780
[  2%]   step 5781
[  2%]   step 5782
[  2%]   step 5783
[  2%]   step 5784
[  2%]   step 5785
[  2%]   step 5786
[  2%]   step 5787
[  2%]   step 5788
[  2%]   step 5789
[  2%]   step 5790
[  2%]   step 5791
[  2%]   step 5792
[  2%]   step 5793
[  2%]   step 5794
[  2%]   step 5795
[  2%]   step 5796
[  2%]   step 5797
[  2%]   step 5798
[  2%]   step 5799
[  2%]   step 5800
[  2%]   step 5801
[  2%]   step 5802
[  2%]   step 5803
[  2%]   step 5804
[  2%]   step 5805
[  2%]   step 5806
[  2%]   step 5807
[  2%]   step 5808
[  2%]   step 5809
[  2%]   step 5810
[  2%]   step 5811
[  2%]   step 5812
[  2%]   step 5813
[  2%]   step 5814
[  2%]   step 5815
[  2%]   step 5816
[  2%]   step 5817
[  2%]   step 5818
[  2%]   step 5819
[  2%]   step 5820
[  2%]   step 5821
[  2%]   step 5822
[  2%]   step 5823
[  2%]   step 5824
[  2%]   step 5825
[  2%]   step 5826
[  2%]   step 5827
[  2%]   step 5828
[  2%]   step 5829
[  2%]   step 5830
[  2%]   step 5831
[  2%]   step 5832
[  2%]   step 5833
[  2%]   step 5834
[  2%]   step 5835
[  2%]   step 5836
[  2%]   step 5837
[  2%]   step 5838
[  2%]   step 5839
[  2%]   step 5840
[  2%]   step 5841
[  2%]   step 5842
[  2%]   step 5843
[  2%]   step 5844
[  2%]   step 5845
[  2%]   step 5846
[  2%]   step 5847
[  2%]   step 5848
[  2%]   step 5849
[  2%]   step 5850
[  2%]   step 5851
[  2%]   step 5852
[  2%]   step 5853
[  2%]   step 5854
[  2%]   step 5855
[  2%]   step 5856
[  2%]   step 5857
[  2%]   step 5858
[  2%]   step 5859
[  2%]   step 5860
[  2%]   step 5861
[  2%]   step 5862
[  2%]   step 5863
[  2%]   step 5864
[  2%]   step 5865
[  2%]   step 5866
[  2%]   step 5867
[  2%]   step 5868
[  2%]   step 5869
[  2%]   step 5870
[  2%]   step 5871
[  2%]   step 5872
[  2%]   step 5873
[  2%]   step 5874
[  2%]   step 5875
[  2%]   step 5876
[  2%]   step 5877
[  2%]   step 5878
[  2%]   step 5879
[  2%]   step 5880
+SWASH is processing output request    1
+SWASH is processing output request    2
[  2%]   step 5881
[  2%]   step 5882
[  2%]   step 5883
[  2%]   step 5884
[  2%]   step 5885
[  2%]   step 5886
[  2%]   step 5887
[  2%]   step 5888
[  2%]   step 5889
[  2%]   step 5890
[  2%]   step 5891
[  2%]   step 5892
[  2%]   step 5893
[  2%]   step 5894
[  2%]   step 5895
[  2%]   step 5896
[  2%]   step 5897
[  2%]   step 5898
[  2%]   step 5899
[  2%]   step 5900
[  2%]   step 5901
[  2%]   step 5902
[  2%]   step 5903
[  2%]   step 5904
[  2%]   step 5905
[  2%]   step 5906
[  2%]   step 5907
[  2%]   step 5908
[  2%]   step 5909
[  2%]   step 5910
[  2%]   step 5911
[  2%]   step 5912
[  2%]   step 5913
[  2%]   step 5914
[  2%]   step 5915
[  2%]   step 5916
[  2%]   step 5917
[  2%]   step 5918
[  2%]   step 5919
[  2%]   step 5920
[  2%]   step 5921
[  2%]   step 5922
[  2%]   step 5923
[  2%]   step 5924
[  2%]   step 5925
[  2%]   step 5926
[  2%]   step 5927
[  2%]   step 5928
[  2%]   step 5929
[  2%]   step 5930
[  2%]   step 5931
[  2%]   step 5932
[  2%]   step 5933
[  2%]   step 5934
[  2%]   step 5935
[  2%]   step 5936
[  2%]   step 5937
[  2%]   step 5938
[  2%]   step 5939
[  2%]   step 5940
[  2%]   step 5941
[  2%]   step 5942
[  2%]   step 5943
[  2%]   step 5944
[  2%]   step 5945
[  2%]   step 5946
[  2%]   step 5947
[  2%]   step 5948
[  2%]   step 5949
[  2%]   step 5950
[  2%]   step 5951
[  2%]   step 5952
[  2%]   step 5953
[  2%]   step 5954
[  2%]   step 5955
[  2%]   step 5956
[  2%]   step 5957
[  2%]   step 5958
[  2%]   step 5959
[  2%]   step 5960
[  2%]   step 5961
[  2%]   step 5962
[  2%]   step 5963
[  2%]   step 5964
[  2%]   step 5965
[  2%]   step 5966
[  2%]   step 5967
[  2%]   step 5968
[  2%]   step 5969
[  2%]   step 5970
[  2%]   step 5971
[  2%]   step 5972
[  2%]   step 5973
[  2%]   step 5974
[  2%]   step 5975
[  2%]   step 5976
[  2%]   step 5977
[  2%]   step 5978
[  2%]   step 5979
[  2%]   step 5980
[  2%]   step 5981
[  2%]   step 5982
[  2%]   step 5983
[  2%]   step 5984
[  2%]   step 5985
[  2%]   step 5986
[  2%]   step 5987
[  2%]   step 5988
[  2%]   step 5989
[  2%]   step 5990
[  2%]   step 5991
[  2%]   step 5992
[  2%]   step 5993
[  2%]   step 5994
[  2%]   step 5995
[  2%]   step 5996
[  2%]   step 5997
[  2%]   step 5998
[  2%]   step 5999
[  2%]   step 6000
[  2%]   step 6001
[  2%]   step 6002
[  2%]   step 6003
[  2%]   step 6004
[  2%]   step 6005
[  2%]   step 6006
[  2%]   step 6007
[  2%]   step 6008
[  2%]   step 6009
[  2%]   step 6010
[  2%]   step 6011
[  2%]   step 6012
[  2%]   step 6013
[  2%]   step 6014
[  2%]   step 6015
[  2%]   step 6016
[  2%]   step 6017
[  2%]   step 6018
[  2%]   step 6019
[  2%]   step 6020
[  2%]   step 6021
[  2%]   step 6022
[  2%]   step 6023
[  2%]   step 6024
[  2%]   step 6025
[  2%]   step 6026
[  2%]   step 6027
[  2%]   step 6028
[  2%]   step 6029
[  2%]   step 6030
[  2%]   step 6031
[  2%]   step 6032
[  2%]   step 6033
[  2%]   step 6034
[  2%]   step 6035
[  2%]   step 6036
[  2%]   step 6037
[  2%]   step 6038
[  2%]   step 6039
[  2%]   step 6040
[  2%]   step 6041
[  2%]   step 6042
[  2%]   step 6043
[  2%]   step 6044
[  2%]   step 6045
[  2%]   step 6046
[  2%]   step 6047
[  2%]   step 6048
[  2%]   step 6049
[  2%]   step 6050
[  2%]   step 6051
[  2%]   step 6052
[  2%]   step 6053
[  2%]   step 6054
[  2%]   step 6055
[  2%]   step 6056
[  2%]   step 6057
[  2%]   step 6058
[  2%]   step 6059
[  2%]   step 6060
[  2%]   step 6061
[  2%]   step 6062
[  2%]   step 6063
[  2%]   step 6064
[  2%]   step 6065
[  2%]   step 6066
[  2%]   step 6067
[  2%]   step 6068
[  2%]   step 6069
[  2%]   step 6070
[  2%]   step 6071
[  2%]   step 6072
[  2%]   step 6073
[  2%]   step 6074
[  2%]   step 6075
[  2%]   step 6076
[  2%]   step 6077
[  2%]   step 6078
[  2%]   step 6079
[  2%]   step 6080
[  2%]   step 6081
[  2%]   step 6082
[  2%]   step 6083
[  2%]   step 6084
[  2%]   step 6085
[  2%]   step 6086
[  2%]   step 6087
[  2%]   step 6088
[  2%]   step 6089
[  2%]   step 6090
[  2%]   step 6091
[  2%]   step 6092
[  2%]   step 6093
[  2%]   step 6094
[  2%]   step 6095
[  2%]   step 6096
[  2%]   step 6097
[  2%]   step 6098
[  2%]   step 6099
[  2%]   step 6100
[  2%]   step 6101
[  2%]   step 6102
[  2%]   step 6103
[  2%]   step 6104
[  2%]   step 6105
[  2%]   step 6106
[  2%]   step 6107
[  2%]   step 6108
[  2%]   step 6109
[  2%]   step 6110
[  2%]   step 6111
[  2%]   step 6112
[  2%]   step 6113
[  2%]   step 6114
[  2%]   step 6115
[  2%]   step 6116
[  2%]   step 6117
[  2%]   step 6118
[  2%]   step 6119
[  2%]   step 6120
[  2%]   step 6121
[  2%]   step 6122
[  2%]   step 6123
[  2%]   step 6124
[  2%]   step 6125
[  2%]   step 6126
[  2%]   step 6127
[  2%]   step 6128
[  2%]   step 6129
[  2%]   step 6130
[  2%]   step 6131
[  2%]   step 6132
[  2%]   step 6133
[  2%]   step 6134
[  2%]   step 6135
[  2%]   step 6136
[  2%]   step 6137
[  2%]   step 6138
[  2%]   step 6139
[  2%]   step 6140
[  2%]   step 6141
[  2%]   step 6142
[  2%]   step 6143
[  2%]   step 6144
[  2%]   step 6145
[  2%]   step 6146
[  2%]   step 6147
[  2%]   step 6148
[  2%]   step 6149
[  2%]   step 6150
[  2%]   step 6151
[  2%]   step 6152
[  2%]   step 6153
[  2%]   step 6154
[  2%]   step 6155
[  2%]   step 6156
[  2%]   step 6157
[  2%]   step 6158
[  2%]   step 6159
[  2%]   step 6160
[  2%]   step 6161
[  2%]   step 6162
[  2%]   step 6163
[  2%]   step 6164
[  2%]   step 6165
[  2%]   step 6166
[  2%]   step 6167
[  2%]   step 6168
[  2%]   step 6169
[  2%]   step 6170
[  2%]   step 6171
[  2%]   step 6172
[  2%]   step 6173
[  2%]   step 6174
[  2%]   step 6175
[  2%]   step 6176
[  2%]   step 6177
[  2%]   step 6178
[  2%]   step 6179
[  2%]   step 6180
[  2%]   step 6181
[  2%]   step 6182
[  2%]   step 6183
[  2%]   step 6184
[  2%]   step 6185
[  2%]   step 6186
[  2%]   step 6187
[  2%]   step 6188
[  2%]   step 6189
[  2%]   step 6190
[  2%]   step 6191
[  2%]   step 6192
[  2%]   step 6193
[  2%]   step 6194
[  2%]   step 6195
[  2%]   step 6196
[  2%]   step 6197
[  2%]   step 6198
[  2%]   step 6199
[  2%]   step 6200
[  2%]   step 6201
[  2%]   step 6202
[  2%]   step 6203
[  2%]   step 6204
[  2%]   step 6205
[  2%]   step 6206
[  2%]   step 6207
[  2%]   step 6208
[  2%]   step 6209
[  2%]   step 6210
[  2%]   step 6211
[  2%]   step 6212
[  2%]   step 6213
[  2%]   step 6214
[  2%]   step 6215
[  2%]   step 6216
[  2%]   step 6217
[  2%]   step 6218
[  2%]   step 6219
[  2%]   step 6220
[  2%]   step 6221
[  2%]   step 6222
[  2%]   step 6223
[  2%]   step 6224
[  2%]   step 6225
[  2%]   step 6226
[  2%]   step 6227
[  2%]   step 6228
[  2%]   step 6229
[  2%]   step 6230
[  2%]   step 6231
[  2%]   step 6232
[  2%]   step 6233
[  2%]   step 6234
[  2%]   step 6235
[  2%]   step 6236
[  2%]   step 6237
[  2%]   step 6238
[  2%]   step 6239
[  2%]   step 6240
[  2%]   step 6241
[  2%]   step 6242
[  2%]   step 6243
[  2%]   step 6244
[  2%]   step 6245
[  2%]   step 6246
[  2%]   step 6247
[  2%]   step 6248
[  2%]   step 6249
[  2%]   step 6250
[  2%]   step 6251
[  2%]   step 6252
[  2%]   step 6253
[  2%]   step 6254
[  2%]   step 6255
[  2%]   step 6256
[  2%]   step 6257
[  2%]   step 6258
[  2%]   step 6259
[  2%]   step 6260
[  2%]   step 6261
[  2%]   step 6262
[  2%]   step 6263
[  2%]   step 6264
[  2%]   step 6265
[  2%]   step 6266
[  2%]   step 6267
[  2%]   step 6268
[  2%]   step 6269
[  2%]   step 6270
[  2%]   step 6271
[  2%]   step 6272
[  2%]   step 6273
[  2%]   step 6274
[  2%]   step 6275
[  2%]   step 6276
[  2%]   step 6277
[  2%]   step 6278
[  2%]   step 6279
[  2%]   step 6280
[  2%]   step 6281
[  2%]   step 6282
[  2%]   step 6283
[  2%]   step 6284
[  2%]   step 6285
[  2%]   step 6286
[  2%]   step 6287
[  2%]   step 6288
[  2%]   step 6289
[  2%]   step 6290
[  2%]   step 6291
[  2%]   step 6292
[  2%]   step 6293
[  2%]   step 6294
[  2%]   step 6295
[  2%]   step 6296
[  2%]   step 6297
[  2%]   step 6298
[  2%]   step 6299
[  2%]   step 6300
+SWASH is processing output request    1
+SWASH is processing output request    2
[  2%]   step 6301
[  2%]   step 6302
[  2%]   step 6303
[  2%]   step 6304
[  2%]   step 6305
[  2%]   step 6306
[  2%]   step 6307
[  2%]   step 6308
[  2%]   step 6309
[  2%]   step 6310
[  2%]   step 6311
[  2%]   step 6312
[  2%]   step 6313
[  2%]   step 6314
[  2%]   step 6315
[  2%]   step 6316
[  2%]   step 6317
[  2%]   step 6318
[  2%]   step 6319
[  2%]   step 6320
[  2%]   step 6321
[  2%]   step 6322
[  2%]   step 6323
[  2%]   step 6324
[  2%]   step 6325
[  2%]   step 6326
[  2%]   step 6327
[  2%]   step 6328
[  2%]   step 6329
[  2%]   step 6330
[  2%]   step 6331
[  2%]   step 6332
[  2%]   step 6333
[  2%]   step 6334
[  2%]   step 6335
[  2%]   step 6336
[  2%]   step 6337
[  2%]   step 6338
[  2%]   step 6339
[  2%]   step 6340
[  2%]   step 6341
[  2%]   step 6342
[  2%]   step 6343
[  2%]   step 6344
[  2%]   step 6345
[  2%]   step 6346
[  2%]   step 6347
[  2%]   step 6348
[  2%]   step 6349
[  2%]   step 6350
[  2%]   step 6351
[  2%]   step 6352
[  2%]   step 6353
[  2%]   step 6354
[  2%]   step 6355
[  2%]   step 6356
[  2%]   step 6357
[  2%]   step 6358
[  2%]   step 6359
[  2%]   step 6360
[  2%]   step 6361
[  2%]   step 6362
[  2%]   step 6363
[  2%]   step 6364
[  2%]   step 6365
[  2%]   step 6366
[  2%]   step 6367
[  2%]   step 6368
[  2%]   step 6369
[  2%]   step 6370
[  2%]   step 6371
[  2%]   step 6372
[  2%]   step 6373
[  2%]   step 6374
[  2%]   step 6375
[  2%]   step 6376
[  2%]   step 6377
[  2%]   step 6378
[  2%]   step 6379
[  2%]   step 6380
[  2%]   step 6381
[  2%]   step 6382
[  2%]   step 6383
[  2%]   step 6384
[  2%]   step 6385
[  2%]   step 6386
[  2%]   step 6387
[  2%]   step 6388
[  2%]   step 6389
[  2%]   step 6390
[  2%]   step 6391
[  2%]   step 6392
[  2%]   step 6393
[  2%]   step 6394
[  2%]   step 6395
[  2%]   step 6396
[  2%]   step 6397
[  2%]   step 6398
[  2%]   step 6399
[  2%]   step 6400
[  2%]   step 6401
[  2%]   step 6402
[  2%]   step 6403
[  2%]   step 6404
[  2%]   step 6405
[  2%]   step 6406
[  2%]   step 6407
[  2%]   step 6408
[  2%]   step 6409
[  2%]   step 6410
[  2%]   step 6411
[  2%]   step 6412
[  2%]   step 6413
[  2%]   step 6414
[  2%]   step 6415
[  2%]   step 6416
[  2%]   step 6417
[  2%]   step 6418
[  2%]   step 6419
[  2%]   step 6420
[  2%]   step 6421
[  2%]   step 6422
[  2%]   step 6423
[  2%]   step 6424
[  2%]   step 6425
[  2%]   step 6426
[  2%]   step 6427
[  2%]   step 6428
[  2%]   step 6429
[  2%]   step 6430
[  2%]   step 6431
[  2%]   step 6432
[  2%]   step 6433
[  2%]   step 6434
[  2%]   step 6435
[  2%]   step 6436
[  2%]   step 6437
[  2%]   step 6438
[  2%]   step 6439
[  2%]   step 6440
[  2%]   step 6441
[  2%]   step 6442
[  2%]   step 6443
[  2%]   step 6444
[  2%]   step 6445
[  2%]   step 6446
[  2%]   step 6447
[  2%]   step 6448
[  2%]   step 6449
[  2%]   step 6450
[  2%]   step 6451
[  2%]   step 6452
[  2%]   step 6453
[  2%]   step 6454
[  2%]   step 6455
[  2%]   step 6456
[  2%]   step 6457
[  2%]   step 6458
[  2%]   step 6459
[  2%]   step 6460
[  2%]   step 6461
[  2%]   step 6462
[  2%]   step 6463
[  2%]   step 6464
[  2%]   step 6465
[  2%]   step 6466
[  2%]   step 6467
[  2%]   step 6468
[  2%]   step 6469
[  2%]   step 6470
[  2%]   step 6471
[  2%]   step 6472
[  2%]   step 6473
[  2%]   step 6474
[  2%]   step 6475
[  2%]   step 6476
[  2%]   step 6477
[  2%]   step 6478
[  2%]   step 6479
[  2%]   step 6480
[  2%]   step 6481
[  2%]   step 6482
[  2%]   step 6483
[  2%]   step 6484
[  2%]   step 6485
[  2%]   step 6486
[  2%]   step 6487
[  2%]   step 6488
[  2%]   step 6489
[  2%]   step 6490
[  2%]   step 6491
[  2%]   step 6492
[  2%]   step 6493
[  2%]   step 6494
[  2%]   step 6495
[  2%]   step 6496
[  2%]   step 6497
[  2%]   step 6498
[  2%]   step 6499
[  2%]   step 6500
[  2%]   step 6501
[  2%]   step 6502
[  2%]   step 6503
[  2%]   step 6504
[  2%]   step 6505
[  2%]   step 6506
[  2%]   step 6507
[  2%]   step 6508
[  2%]   step 6509
[  2%]   step 6510
[  2%]   step 6511
[  2%]   step 6512
[  2%]   step 6513
[  2%]   step 6514
[  2%]   step 6515
[  2%]   step 6516
[  2%]   step 6517
[  2%]   step 6518
[  2%]   step 6519
[  2%]   step 6520
[  2%]   step 6521
[  2%]   step 6522
[  2%]   step 6523
[  2%]   step 6524
[  2%]   step 6525
[  2%]   step 6526
[  2%]   step 6527
[  2%]   step 6528
[  2%]   step 6529
[  2%]   step 6530
[  2%]   step 6531
[  2%]   step 6532
[  2%]   step 6533
[  2%]   step 6534
[  2%]   step 6535
[  2%]   step 6536
[  2%]   step 6537
[  2%]   step 6538
[  2%]   step 6539
[  2%]   step 6540
[  2%]   step 6541
[  2%]   step 6542
[  2%]   step 6543
[  2%]   step 6544
[  2%]   step 6545
[  2%]   step 6546
[  2%]   step 6547
[  2%]   step 6548
[  2%]   step 6549
[  2%]   step 6550
[  2%]   step 6551
[  2%]   step 6552
[  2%]   step 6553
[  2%]   step 6554
[  2%]   step 6555
[  2%]   step 6556
[  2%]   step 6557
[  2%]   step 6558
[  2%]   step 6559
[  2%]   step 6560
[  2%]   step 6561
[  2%]   step 6562
[  2%]   step 6563
[  2%]   step 6564
[  2%]   step 6565
[  2%]   step 6566
[  2%]   step 6567
[  2%]   step 6568
[  2%]   step 6569
[  2%]   step 6570
[  2%]   step 6571
[  2%]   step 6572
[  2%]   step 6573
[  2%]   step 6574
[  2%]   step 6575
[  2%]   step 6576
[  2%]   step 6577
[  2%]   step 6578
[  2%]   step 6579
[  2%]   step 6580
[  2%]   step 6581
[  2%]   step 6582
[  2%]   step 6583
[  2%]   step 6584
[  2%]   step 6585
[  2%]   step 6586
[  2%]   step 6587
[  2%]   step 6588
[  2%]   step 6589
[  2%]   step 6590
[  2%]   step 6591
[  2%]   step 6592
[  2%]   step 6593
[  2%]   step 6594
[  2%]   step 6595
[  2%]   step 6596
[  2%]   step 6597
[  2%]   step 6598
[  2%]   step 6599
[  2%]   step 6600
[  2%]   step 6601
[  2%]   step 6602
[  2%]   step 6603
[  2%]   step 6604
[  2%]   step 6605
[  2%]   step 6606
[  2%]   step 6607
[  2%]   step 6608
[  2%]   step 6609
[  2%]   step 6610
[  2%]   step 6611
[  2%]   step 6612
[  2%]   step 6613
[  2%]   step 6614
[  2%]   step 6615
[  2%]   step 6616
[  2%]   step 6617
[  2%]   step 6618
[  2%]   step 6619
[  2%]   step 6620
[  2%]   step 6621
[  2%]   step 6622
[  2%]   step 6623
[  2%]   step 6624
[  2%]   step 6625
[  2%]   step 6626
[  2%]   step 6627
[  2%]   step 6628
[  2%]   step 6629
[  2%]   step 6630
[  2%]   step 6631
[  2%]   step 6632
[  2%]   step 6633
[  2%]   step 6634
[  2%]   step 6635
[  2%]   step 6636
[  2%]   step 6637
[  2%]   step 6638
[  2%]   step 6639
[  2%]   step 6640
[  2%]   step 6641
[  2%]   step 6642
[  2%]   step 6643
[  2%]   step 6644
[  2%]   step 6645
[  2%]   step 6646
[  2%]   step 6647
[  2%]   step 6648
[  2%]   step 6649
[  2%]   step 6650
[  2%]   step 6651
[  2%]   step 6652
[  2%]   step 6653
[  2%]   step 6654
[  2%]   step 6655
[  2%]   step 6656
[  2%]   step 6657
[  2%]   step 6658
[  2%]   step 6659
[  2%]   step 6660
[  2%]   step 6661
[  2%]   step 6662
[  2%]   step 6663
[  2%]   step 6664
[  2%]   step 6665
[  2%]   step 6666
[  2%]   step 6667
[  2%]   step 6668
[  2%]   step 6669
[  2%]   step 6670
[  2%]   step 6671
[  2%]   step 6672
[  2%]   step 6673
[  2%]   step 6674
[  2%]   step 6675
[  2%]   step 6676
[  2%]   step 6677
[  2%]   step 6678
[  2%]   step 6679
[  2%]   step 6680
[  2%]   step 6681
[  2%]   step 6682
[  2%]   step 6683
[  2%]   step 6684
[  2%]   step 6685
[  2%]   step 6686
[  2%]   step 6687
[  2%]   step 6688
[  2%]   step 6689
[  2%]   step 6690
[  2%]   step 6691
[  2%]   step 6692
[  2%]   step 6693
[  2%]   step 6694
[  2%]   step 6695
[  2%]   step 6696
[  2%]   step 6697
[  2%]   step 6698
[  2%]   step 6699
[  2%]   step 6700
[  2%]   step 6701
[  2%]   step 6702
[  2%]   step 6703
[  2%]   step 6704
[  2%]   step 6705
[  2%]   step 6706
[  2%]   step 6707
[  2%]   step 6708
[  2%]   step 6709
[  2%]   step 6710
[  2%]   step 6711
[  2%]   step 6712
[  2%]   step 6713
[  2%]   step 6714
[  2%]   step 6715
[  2%]   step 6716
[  2%]   step 6717
[  2%]   step 6718
[  2%]   step 6719
[  2%]   step 6720
+SWASH is processing output request    1
+SWASH is processing output request    2
[  2%]   step 6721
[  2%]   step 6722
[  2%]   step 6723
[  2%]   step 6724
[  2%]   step 6725
[  2%]   step 6726
[  2%]   step 6727
[  2%]   step 6728
[  2%]   step 6729
[  2%]   step 6730
[  2%]   step 6731
[  2%]   step 6732
[  2%]   step 6733
[  2%]   step 6734
[  2%]   step 6735
[  2%]   step 6736
[  2%]   step 6737
[  2%]   step 6738
[  2%]   step 6739
[  2%]   step 6740
[  2%]   step 6741
[  2%]   step 6742
[  2%]   step 6743
[  2%]   step 6744
[  2%]   step 6745
[  2%]   step 6746
[  2%]   step 6747
[  2%]   step 6748
[  2%]   step 6749
[  2%]   step 6750
[  2%]   step 6751
[  2%]   step 6752
[  2%]   step 6753
[  2%]   step 6754
[  2%]   step 6755
[  2%]   step 6756
[  2%]   step 6757
[  2%]   step 6758
[  2%]   step 6759
[  2%]   step 6760
[  2%]   step 6761
[  2%]   step 6762
[  2%]   step 6763
[  2%]   step 6764
[  2%]   step 6765
[  2%]   step 6766
[  2%]   step 6767
[  2%]   step 6768
[  2%]   step 6769
[  2%]   step 6770
[  2%]   step 6771
[  2%]   step 6772
[  2%]   step 6773
[  2%]   step 6774
[  2%]   step 6775
[  2%]   step 6776
[  2%]   step 6777
[  2%]   step 6778
[  2%]   step 6779
[  2%]   step 6780
[  2%]   step 6781
[  2%]   step 6782
[  2%]   step 6783
[  2%]   step 6784
[  2%]   step 6785
[  2%]   step 6786
[  2%]   step 6787
[  2%]   step 6788
[  2%]   step 6789
[  2%]   step 6790
[  2%]   step 6791
[  2%]   step 6792
[  2%]   step 6793
[  2%]   step 6794
[  2%]   step 6795
[  2%]   step 6796
[  2%]   step 6797
[  2%]   step 6798
[  2%]   step 6799
[  2%]   step 6800
[  2%]   step 6801
[  2%]   step 6802
[  2%]   step 6803
[  2%]   step 6804
[  2%]   step 6805
[  2%]   step 6806
[  2%]   step 6807
[  2%]   step 6808
[  2%]   step 6809
[  2%]   step 6810
[  2%]   step 6811
[  2%]   step 6812
[  2%]   step 6813
[  2%]   step 6814
[  2%]   step 6815
[  2%]   step 6816
[  2%]   step 6817
[  2%]   step 6818
[  2%]   step 6819
[  2%]   step 6820
[  2%]   step 6821
[  2%]   step 6822
[  2%]   step 6823
[  2%]   step 6824
[  2%]   step 6825
[  2%]   step 6826
[  2%]   step 6827
[  2%]   step 6828
[  2%]   step 6829
[  2%]   step 6830
[  2%]   step 6831
[  2%]   step 6832
[  2%]   step 6833
[  2%]   step 6834
[  2%]   step 6835
[  2%]   step 6836
[  2%]   step 6837
[  2%]   step 6838
[  2%]   step 6839
[  2%]   step 6840
[  2%]   step 6841
[  2%]   step 6842
[  2%]   step 6843
[  2%]   step 6844
[  2%]   step 6845
[  2%]   step 6846
[  2%]   step 6847
[  2%]   step 6848
[  2%]   step 6849
[  2%]   step 6850
[  2%]   step 6851
[  2%]   step 6852
[  2%]   step 6853
[  2%]   step 6854
[  2%]   step 6855
[  2%]   step 6856
[  2%]   step 6857
[  2%]   step 6858
[  2%]   step 6859
[  2%]   step 6860
[  2%]   step 6861
[  2%]   step 6862
[  2%]   step 6863
[  2%]   step 6864
[  2%]   step 6865
[  2%]   step 6866
[  2%]   step 6867
[  2%]   step 6868
[  2%]   step 6869
[  2%]   step 6870
[  2%]   step 6871
[  2%]   step 6872
[  2%]   step 6873
[  2%]   step 6874
[  2%]   step 6875
[  2%]   step 6876
[  2%]   step 6877
[  2%]   step 6878
[  2%]   step 6879
[  2%]   step 6880
[  2%]   step 6881
[  2%]   step 6882
[  2%]   step 6883
[  2%]   step 6884
[  2%]   step 6885
[  2%]   step 6886
[  2%]   step 6887
[  2%]   step 6888
[  2%]   step 6889
[  2%]   step 6890
[  2%]   step 6891
[  2%]   step 6892
[  2%]   step 6893
[  2%]   step 6894
[  2%]   step 6895
[  2%]   step 6896
[  2%]   step 6897
[  2%]   step 6898
[  2%]   step 6899
[  2%]   step 6900
[  2%]   step 6901
[  2%]   step 6902
[  2%]   step 6903
[  2%]   step 6904
[  2%]   step 6905
[  2%]   step 6906
[  2%]   step 6907
[  2%]   step 6908
[  2%]   step 6909
[  2%]   step 6910
[  2%]   step 6911
[  2%]   step 6912
[  2%]   step 6913
[  2%]   step 6914
[  2%]   step 6915
[  2%]   step 6916
[  2%]   step 6917
[  2%]   step 6918
[  2%]   step 6919
[  2%]   step 6920
[  2%]   step 6921
[  2%]   step 6922
[  2%]   step 6923
[  2%]   step 6924
[  2%]   step 6925
[  2%]   step 6926
[  2%]   step 6927
[  2%]   step 6928
[  2%]   step 6929
[  2%]   step 6930
[  2%]   step 6931
[  2%]   step 6932
[  2%]   step 6933
[  2%]   step 6934
[  2%]   step 6935
[  2%]   step 6936
[  2%]   step 6937
[  2%]   step 6938
[  2%]   step 6939
[  2%]   step 6940
[  2%]   step 6941
[  2%]   step 6942
[  2%]   step 6943
[  2%]   step 6944
[  2%]   step 6945
[  2%]   step 6946
[  2%]   step 6947
[  2%]   step 6948
[  2%]   step 6949
[  2%]   step 6950
[  2%]   step 6951
[  2%]   step 6952
[  2%]   step 6953
[  2%]   step 6954
[  2%]   step 6955
[  2%]   step 6956
[  2%]   step 6957
[  2%]   step 6958
[  2%]   step 6959
[  2%]   step 6960
[  2%]   step 6961
[  2%]   step 6962
[  2%]   step 6963
[  2%]   step 6964
[  2%]   step 6965
[  2%]   step 6966
[  2%]   step 6967
[  2%]   step 6968
[  2%]   step 6969
[  2%]   step 6970
[  2%]   step 6971
[  2%]   step 6972
[  2%]   step 6973
[  2%]   step 6974
[  2%]   step 6975
[  2%]   step 6976
[  2%]   step 6977
[  2%]   step 6978
[  2%]   step 6979
[  2%]   step 6980
[  2%]   step 6981
[  2%]   step 6982
[  2%]   step 6983
[  2%]   step 6984
[  2%]   step 6985
[  2%]   step 6986
[  2%]   step 6987
[  2%]   step 6988
[  2%]   step 6989
[  2%]   step 6990
[  2%]   step 6991
[  2%]   step 6992
[  2%]   step 6993
[  2%]   step 6994
[  2%]   step 6995
[  2%]   step 6996
[  2%]   step 6997
[  2%]   step 6998
[  2%]   step 6999
[  2%]   step 7000
[  2%]   step 7001
[  2%]   step 7002
[  2%]   step 7003
[  2%]   step 7004
[  2%]   step 7005
[  2%]   step 7006
[  2%]   step 7007
[  2%]   step 7008
[  2%]   step 7009
[  2%]   step 7010
[  2%]   step 7011
[  2%]   step 7012
[  2%]   step 7013
[  2%]   step 7014
[  2%]   step 7015
[  2%]   step 7016
[  2%]   step 7017
[  2%]   step 7018
[  2%]   step 7019
[  2%]   step 7020
[  2%]   step 7021
[  2%]   step 7022
[  2%]   step 7023
[  2%]   step 7024
[  2%]   step 7025
[  2%]   step 7026
[  2%]   step 7027
[  2%]   step 7028
[  2%]   step 7029
[  2%]   step 7030
[  2%]   step 7031
[  2%]   step 7032
[  2%]   step 7033
[  2%]   step 7034
[  2%]   step 7035
[  2%]   step 7036
[  2%]   step 7037
[  2%]   step 7038
[  2%]   step 7039
[  2%]   step 7040
[  2%]   step 7041
[  2%]   step 7042
[  2%]   step 7043
[  2%]   step 7044
[  2%]   step 7045
[  2%]   step 7046
[  2%]   step 7047
[  2%]   step 7048
[  2%]   step 7049
[  2%]   step 7050
[  2%]   step 7051
[  2%]   step 7052
[  2%]   step 7053
[  2%]   step 7054
[  2%]   step 7055
[  2%]   step 7056
[  2%]   step 7057
[  2%]   step 7058
[  2%]   step 7059
[  2%]   step 7060
[  2%]   step 7061
[  2%]   step 7062
[  2%]   step 7063
[  2%]   step 7064
[  2%]   step 7065
[  2%]   step 7066
[  2%]   step 7067
[  2%]   step 7068
[  2%]   step 7069
[  2%]   step 7070
[  2%]   step 7071
[  2%]   step 7072
[  2%]   step 7073
[  2%]   step 7074
[  2%]   step 7075
[  2%]   step 7076
[  2%]   step 7077
[  2%]   step 7078
[  2%]   step 7079
[  2%]   step 7080
[  2%]   step 7081
[  2%]   step 7082
[  2%]   step 7083
[  2%]   step 7084
[  2%]   step 7085
[  2%]   step 7086
[  2%]   step 7087
[  2%]   step 7088
[  2%]   step 7089
[  2%]   step 7090
[  2%]   step 7091
[  2%]   step 7092
[  2%]   step 7093
[  2%]   step 7094
[  2%]   step 7095
[  2%]   step 7096
[  2%]   step 7097
[  2%]   step 7098
[  2%]   step 7099
[  2%]   step 7100
[  2%]   step 7101
[  2%]   step 7102
[  2%]   step 7103
[  2%]   step 7104
[  2%]   step 7105
[  2%]   step 7106
[  2%]   step 7107
[  2%]   step 7108
[  2%]   step 7109
[  2%]   step 7110
[  2%]   step 7111
[  2%]   step 7112
[  2%]   step 7113
[  2%]   step 7114
[  2%]   step 7115
[  2%]   step 7116
[  2%]   step 7117
[  2%]   step 7118
[  2%]   step 7119
[  2%]   step 7120
[  2%]   step 7121
[  2%]   step 7122
[  2%]   step 7123
[  2%]   step 7124
[  2%]   step 7125
[  2%]   step 7126
[  2%]   step 7127
[  2%]   step 7128
[  2%]   step 7129
[  2%]   step 7130
[  2%]   step 7131
[  2%]   step 7132
[  2%]   step 7133
[  2%]   step 7134
[  2%]   step 7135
[  2%]   step 7136
[  2%]   step 7137
[  2%]   step 7138
[  2%]   step 7139
[  2%]   step 7140
+SWASH is processing output request    1
+SWASH is processing output request    2
[  2%]   step 7141
[  2%]   step 7142
[  2%]   step 7143
[  2%]   step 7144
[  2%]   step 7145
[  2%]   step 7146
[  2%]   step 7147
[  2%]   step 7148
[  2%]   step 7149
[  2%]   step 7150
[  2%]   step 7151
[  2%]   step 7152
[  2%]   step 7153
[  2%]   step 7154
[  2%]   step 7155
[  2%]   step 7156
[  2%]   step 7157
[  2%]   step 7158
[  2%]   step 7159
[  2%]   step 7160
[  2%]   step 7161
[  2%]   step 7162
[  2%]   step 7163
[  2%]   step 7164
[  2%]   step 7165
[  2%]   step 7166
[  2%]   step 7167
[  2%]   step 7168
[  2%]   step 7169
[  2%]   step 7170
[  2%]   step 7171
[  2%]   step 7172
[  2%]   step 7173
[  2%]   step 7174
[  2%]   step 7175
[  2%]   step 7176
[  2%]   step 7177
[  2%]   step 7178
[  2%]   step 7179
[  2%]   step 7180
[  2%]   step 7181
[  2%]   step 7182
[  2%]   step 7183
[  2%]   step 7184
[  2%]   step 7185
[  2%]   step 7186
[  2%]   step 7187
[  2%]   step 7188
[  2%]   step 7189
[  2%]   step 7190
[  2%]   step 7191
[  2%]   step 7192
[  2%]   step 7193
[  2%]   step 7194
[  2%]   step 7195
[  2%]   step 7196
[  2%]   step 7197
[  2%]   step 7198
[  2%]   step 7199
[  2%]   step 7200
[  2%]   step 7201
[  2%]   step 7202
[  2%]   step 7203
[  2%]   step 7204
[  2%]   step 7205
[  2%]   step 7206
[  2%]   step 7207
[  2%]   step 7208
[  2%]   step 7209
[  2%]   step 7210
[  2%]   step 7211
[  2%]   step 7212
[  2%]   step 7213
[  2%]   step 7214
[  2%]   step 7215
[  2%]   step 7216
[  2%]   step 7217
[  2%]   step 7218
[  2%]   step 7219
[  2%]   step 7220
[  2%]   step 7221
[  2%]   step 7222
[  2%]   step 7223
[  2%]   step 7224
[  2%]   step 7225
[  2%]   step 7226
[  2%]   step 7227
[  2%]   step 7228
[  2%]   step 7229
[  2%]   step 7230
[  2%]   step 7231
[  2%]   step 7232
[  2%]   step 7233
[  2%]   step 7234
[  2%]   step 7235
[  2%]   step 7236
[  2%]   step 7237
[  2%]   step 7238
[  2%]   step 7239
[  2%]   step 7240
[  2%]   step 7241
[  2%]   step 7242
[  2%]   step 7243
[  2%]   step 7244
[  2%]   step 7245
[  2%]   step 7246
[  2%]   step 7247
[  2%]   step 7248
[  2%]   step 7249
[  2%]   step 7250
[  2%]   step 7251
[  2%]   step 7252
[  2%]   step 7253
[  2%]   step 7254
[  2%]   step 7255
[  2%]   step 7256
[  2%]   step 7257
[  2%]   step 7258
[  2%]   step 7259
[  2%]   step 7260
[  2%]   step 7261
[  2%]   step 7262
[  2%]   step 7263
[  2%]   step 7264
[  2%]   step 7265
[  2%]   step 7266
[  2%]   step 7267
[  2%]   step 7268
[  2%]   step 7269
[  2%]   step 7270
[  2%]   step 7271
[  2%]   step 7272
[  2%]   step 7273
[  2%]   step 7274
[  2%]   step 7275
[  2%]   step 7276
[  2%]   step 7277
[  2%]   step 7278
[  2%]   step 7279
[  2%]   step 7280
[  2%]   step 7281
[  2%]   step 7282
[  2%]   step 7283
[  2%]   step 7284
[  2%]   step 7285
[  2%]   step 7286
[  2%]   step 7287
[  2%]   step 7288
[  2%]   step 7289
[  2%]   step 7290
[  2%]   step 7291
[  2%]   step 7292
[  2%]   step 7293
[  2%]   step 7294
[  2%]   step 7295
[  2%]   step 7296
[  2%]   step 7297
[  2%]   step 7298
[  2%]   step 7299
[  2%]   step 7300
[  2%]   step 7301
[  2%]   step 7302
[  2%]   step 7303
[  2%]   step 7304
[  2%]   step 7305
[  2%]   step 7306
[  2%]   step 7307
[  2%]   step 7308
[  2%]   step 7309
[  2%]   step 7310
[  2%]   step 7311
[  2%]   step 7312
[  2%]   step 7313
[  2%]   step 7314
[  2%]   step 7315
[  2%]   step 7316
[  2%]   step 7317
[  2%]   step 7318
[  2%]   step 7319
[  2%]   step 7320
[  2%]   step 7321
[  2%]   step 7322
[  2%]   step 7323
[  2%]   step 7324
[  2%]   step 7325
[  2%]   step 7326
[  2%]   step 7327
[  2%]   step 7328
[  2%]   step 7329
[  2%]   step 7330
[  2%]   step 7331
[  2%]   step 7332
[  2%]   step 7333
[  2%]   step 7334
[  2%]   step 7335
[  2%]   step 7336
[  2%]   step 7337
[  2%]   step 7338
[  2%]   step 7339
[  2%]   step 7340
[  2%]   step 7341
[  2%]   step 7342
[  2%]   step 7343
[  2%]   step 7344
[  2%]   step 7345
[  2%]   step 7346
[  2%]   step 7347
[  2%]   step 7348
[  2%]   step 7349
[  2%]   step 7350
[  2%]   step 7351
[  2%]   step 7352
[  2%]   step 7353
[  2%]   step 7354
[  2%]   step 7355
[  2%]   step 7356
[  2%]   step 7357
[  2%]   step 7358
[  2%]   step 7359
[  2%]   step 7360
[  2%]   step 7361
[  2%]   step 7362
[  2%]   step 7363
[  2%]   step 7364
[  2%]   step 7365
[  2%]   step 7366
[  2%]   step 7367
[  2%]   step 7368
[  2%]   step 7369
[  2%]   step 7370
[  2%]   step 7371
[  2%]   step 7372
[  2%]   step 7373
[  2%]   step 7374
[  2%]   step 7375
[  2%]   step 7376
[  2%]   step 7377
[  2%]   step 7378
[  2%]   step 7379
[  2%]   step 7380
[  2%]   step 7381
[  2%]   step 7382
[  2%]   step 7383
[  2%]   step 7384
[  2%]   step 7385
[  2%]   step 7386
[  2%]   step 7387
[  2%]   step 7388
[  2%]   step 7389
[  2%]   step 7390
[  2%]   step 7391
[  2%]   step 7392
[  2%]   step 7393
[  2%]   step 7394
[  2%]   step 7395
[  2%]   step 7396
[  2%]   step 7397
[  2%]   step 7398
[  2%]   step 7399
[  2%]   step 7400
[  2%]   step 7401
[  2%]   step 7402
[  2%]   step 7403
[  2%]   step 7404
[  2%]   step 7405
[  2%]   step 7406
[  2%]   step 7407
[  2%]   step 7408
[  2%]   step 7409
[  2%]   step 7410
[  2%]   step 7411
[  2%]   step 7412
[  2%]   step 7413
[  2%]   step 7414
[  2%]   step 7415
[  2%]   step 7416
[  2%]   step 7417
[  2%]   step 7418
[  2%]   step 7419
[  2%]   step 7420
[  2%]   step 7421
[  2%]   step 7422
[  2%]   step 7423
[  2%]   step 7424
[  2%]   step 7425
[  2%]   step 7426
[  2%]   step 7427
[  2%]   step 7428
[  2%]   step 7429
[  2%]   step 7430
[  2%]   step 7431
[  2%]   step 7432
[  2%]   step 7433
[  2%]   step 7434
[  2%]   step 7435
[  2%]   step 7436
[  2%]   step 7437
[  2%]   step 7438
[  2%]   step 7439
[  2%]   step 7440
[  2%]   step 7441
[  2%]   step 7442
[  2%]   step 7443
[  2%]   step 7444
[  2%]   step 7445
[  2%]   step 7446
[  2%]   step 7447
[  2%]   step 7448
[  2%]   step 7449
[  2%]   step 7450
[  2%]   step 7451
[  2%]   step 7452
[  2%]   step 7453
[  2%]   step 7454
[  2%]   step 7455
[  2%]   step 7456
[  2%]   step 7457
[  2%]   step 7458
[  2%]   step 7459
[  2%]   step 7460
[  2%]   step 7461
[  2%]   step 7462
[  2%]   step 7463
[  2%]   step 7464
[  2%]   step 7465
[  2%]   step 7466
[  2%]   step 7467
[  2%]   step 7468
[  2%]   step 7469
[  2%]   step 7470
[  2%]   step 7471
[  2%]   step 7472
[  2%]   step 7473
[  2%]   step 7474
[  2%]   step 7475
[  2%]   step 7476
[  2%]   step 7477
[  2%]   step 7478
[  2%]   step 7479
[  2%]   step 7480
[  2%]   step 7481
[  2%]   step 7482
[  2%]   step 7483
[  2%]   step 7484
[  2%]   step 7485
[  2%]   step 7486
[  2%]   step 7487
[  2%]   step 7488
[  2%]   step 7489
[  2%]   step 7490
[  2%]   step 7491
[  2%]   step 7492
[  2%]   step 7493
[  2%]   step 7494
[  2%]   step 7495
[  2%]   step 7496
[  2%]   step 7497
[  2%]   step 7498
[  2%]   step 7499
[  2%]   step 7500
[  2%]   step 7501
[  2%]   step 7502
[  2%]   step 7503
[  2%]   step 7504
[  2%]   step 7505
[  2%]   step 7506
[  2%]   step 7507
[  2%]   step 7508
[  2%]   step 7509
[  2%]   step 7510
[  2%]   step 7511
[  2%]   step 7512
[  2%]   step 7513
[  2%]   step 7514
[  2%]   step 7515
[  2%]   step 7516
[  2%]   step 7517
[  2%]   step 7518
[  2%]   step 7519
[  2%]   step 7520
[  2%]   step 7521
[  2%]   step 7522
[  2%]   step 7523
[  2%]   step 7524
[  2%]   step 7525
[  2%]   step 7526
[  2%]   step 7527
[  2%]   step 7528
[  2%]   step 7529
[  2%]   step 7530
[  2%]   step 7531
[  2%]   step 7532
[  2%]   step 7533
[  2%]   step 7534
[  2%]   step 7535
[  2%]   step 7536
[  2%]   step 7537
[  2%]   step 7538
[  2%]   step 7539
[  2%]   step 7540
[  2%]   step 7541
[  2%]   step 7542
[  2%]   step 7543
[  2%]   step 7544
[  2%]   step 7545
[  2%]   step 7546
[  2%]   step 7547
[  2%]   step 7548
[  2%]   step 7549
[  2%]   step 7550
[  2%]   step 7551
[  2%]   step 7552
[  2%]   step 7553
[  2%]   step 7554
[  2%]   step 7555
[  2%]   step 7556
[  2%]   step 7557
[  2%]   step 7558
[  2%]   step 7559
[  2%]   step 7560
+SWASH is processing output request    1
+SWASH is processing output request    2
[  2%]   step 7561
[  2%]   step 7562
[  2%]   step 7563
[  2%]   step 7564
[  2%]   step 7565
[  2%]   step 7566
[  2%]   step 7567
[  2%]   step 7568
[  2%]   step 7569
[  2%]   step 7570
[  2%]   step 7571
[  2%]   step 7572
[  2%]   step 7573
[  2%]   step 7574
[  2%]   step 7575
[  2%]   step 7576
[  2%]   step 7577
[  2%]   step 7578
[  2%]   step 7579
[  2%]   step 7580
[  2%]   step 7581
[  2%]   step 7582
[  2%]   step 7583
[  2%]   step 7584
[  2%]   step 7585
[  2%]   step 7586
[  2%]   step 7587
[  2%]   step 7588
[  2%]   step 7589
[  2%]   step 7590
[  2%]   step 7591
[  2%]   step 7592
[  2%]   step 7593
[  2%]   step 7594
[  2%]   step 7595
[  2%]   step 7596
[  2%]   step 7597
[  2%]   step 7598
[  2%]   step 7599
[  2%]   step 7600
[  2%]   step 7601
[  2%]   step 7602
[  2%]   step 7603
[  2%]   step 7604
[  2%]   step 7605
[  2%]   step 7606
[  2%]   step 7607
[  2%]   step 7608
[  2%]   step 7609
[  2%]   step 7610
[  2%]   step 7611
[  2%]   step 7612
[  2%]   step 7613
[  2%]   step 7614
[  2%]   step 7615
[  2%]   step 7616
[  2%]   step 7617
[  2%]   step 7618
[  2%]   step 7619
[  2%]   step 7620
[  2%]   step 7621
[  2%]   step 7622
[  2%]   step 7623
[  2%]   step 7624
[  2%]   step 7625
[  2%]   step 7626
[  2%]   step 7627
[  2%]   step 7628
[  2%]   step 7629
[  2%]   step 7630
[  2%]   step 7631
[  2%]   step 7632
[  2%]   step 7633
[  2%]   step 7634
[  2%]   step 7635
[  2%]   step 7636
[  2%]   step 7637
[  2%]   step 7638
[  2%]   step 7639
[  2%]   step 7640
[  2%]   step 7641
[  2%]   step 7642
[  2%]   step 7643
[  2%]   step 7644
[  2%]   step 7645
[  2%]   step 7646
[  2%]   step 7647
[  2%]   step 7648
[  2%]   step 7649
[  2%]   step 7650
[  2%]   step 7651
[  2%]   step 7652
[  2%]   step 7653
[  2%]   step 7654
[  2%]   step 7655
[  2%]   step 7656
[  2%]   step 7657
[  2%]   step 7658
[  2%]   step 7659
[  2%]   step 7660
[  2%]   step 7661
[  2%]   step 7662
[  2%]   step 7663
[  2%]   step 7664
[  2%]   step 7665
[  2%]   step 7666
[  2%]   step 7667
[  2%]   step 7668
[  2%]   step 7669
[  2%]   step 7670
[  2%]   step 7671
[  2%]   step 7672
[  2%]   step 7673
[  2%]   step 7674
[  2%]   step 7675
[  2%]   step 7676
[  2%]   step 7677
[  2%]   step 7678
[  2%]   step 7679
[  2%]   step 7680
[  2%]   step 7681
[  2%]   step 7682
[  2%]   step 7683
[  2%]   step 7684
[  2%]   step 7685
[  2%]   step 7686
[  2%]   step 7687
[  2%]   step 7688
[  2%]   step 7689
[  2%]   step 7690
[  2%]   step 7691
[  2%]   step 7692
[  2%]   step 7693
[  2%]   step 7694
[  2%]   step 7695
[  2%]   step 7696
[  2%]   step 7697
[  2%]   step 7698
[  2%]   step 7699
[  2%]   step 7700
[  2%]   step 7701
[  2%]   step 7702
[  2%]   step 7703
[  2%]   step 7704
[  2%]   step 7705
[  2%]   step 7706
[  2%]   step 7707
[  2%]   step 7708
[  2%]   step 7709
[  2%]   step 7710
[  2%]   step 7711
[  2%]   step 7712
[  2%]   step 7713
[  2%]   step 7714
[  2%]   step 7715
[  2%]   step 7716
[  2%]   step 7717
[  2%]   step 7718
[  2%]   step 7719
[  2%]   step 7720
[  2%]   step 7721
[  2%]   step 7722
[  2%]   step 7723
[  2%]   step 7724
[  2%]   step 7725
[  2%]   step 7726
[  2%]   step 7727
[  2%]   step 7728
[  2%]   step 7729
[  2%]   step 7730
[  2%]   step 7731
[  2%]   step 7732
[  2%]   step 7733
[  2%]   step 7734
[  2%]   step 7735
[  2%]   step 7736
[  2%]   step 7737
[  2%]   step 7738
[  2%]   step 7739
[  2%]   step 7740
[  2%]   step 7741
[  2%]   step 7742
[  2%]   step 7743
[  2%]   step 7744
[  2%]   step 7745
[  2%]   step 7746
[  2%]   step 7747
[  2%]   step 7748
[  2%]   step 7749
[  2%]   step 7750
[  2%]   step 7751
[  2%]   step 7752
[  2%]   step 7753
[  2%]   step 7754
[  2%]   step 7755
[  2%]   step 7756
[  2%]   step 7757
[  2%]   step 7758
[  2%]   step 7759
[  2%]   step 7760
[  2%]   step 7761
[  2%]   step 7762
[  2%]   step 7763
[  2%]   step 7764
[  2%]   step 7765
[  2%]   step 7766
[  2%]   step 7767
[  2%]   step 7768
[  2%]   step 7769
[  2%]   step 7770
[  2%]   step 7771
[  2%]   step 7772
[  2%]   step 7773
[  2%]   step 7774
[  2%]   step 7775
[  2%]   step 7776
[  2%]   step 7777
[  2%]   step 7778
[  2%]   step 7779
[  2%]   step 7780
[  2%]   step 7781
[  2%]   step 7782
[  2%]   step 7783
[  2%]   step 7784
[  2%]   step 7785
[  2%]   step 7786
[  2%]   step 7787
[  2%]   step 7788
[  2%]   step 7789
[  2%]   step 7790
[  2%]   step 7791
[  2%]   step 7792
[  2%]   step 7793
[  2%]   step 7794
[  2%]   step 7795
[  2%]   step 7796
[  2%]   step 7797
[  2%]   step 7798
[  2%]   step 7799
[  2%]   step 7800
[  2%]   step 7801
[  2%]   step 7802
[  2%]   step 7803
[  2%]   step 7804
[  2%]   step 7805
[  2%]   step 7806
[  2%]   step 7807
[  2%]   step 7808
[  2%]   step 7809
[  2%]   step 7810
[  2%]   step 7811
[  2%]   step 7812
[  2%]   step 7813
[  2%]   step 7814
[  2%]   step 7815
[  2%]   step 7816
[  2%]   step 7817
[  2%]   step 7818
[  2%]   step 7819
[  2%]   step 7820
[  2%]   step 7821
[  2%]   step 7822
[  2%]   step 7823
[  2%]   step 7824
[  2%]   step 7825
[  2%]   step 7826
[  2%]   step 7827
[  2%]   step 7828
[  2%]   step 7829
[  2%]   step 7830
[  2%]   step 7831
[  2%]   step 7832
[  2%]   step 7833
[  2%]   step 7834
[  2%]   step 7835
[  2%]   step 7836
[  2%]   step 7837
[  2%]   step 7838
[  2%]   step 7839
[  2%]   step 7840
[  2%]   step 7841
[  2%]   step 7842
[  2%]   step 7843
[  2%]   step 7844
[  2%]   step 7845
[  2%]   step 7846
[  2%]   step 7847
[  2%]   step 7848
[  2%]   step 7849
[  2%]   step 7850
[  2%]   step 7851
[  2%]   step 7852
[  2%]   step 7853
[  2%]   step 7854
[  2%]   step 7855
[  2%]   step 7856
[  2%]   step 7857
[  2%]   step 7858
[  2%]   step 7859
[  2%]   step 7860
[  2%]   step 7861
[  2%]   step 7862
[  2%]   step 7863
[  2%]   step 7864
[  2%]   step 7865
[  2%]   step 7866
[  2%]   step 7867
[  2%]   step 7868
[  2%]   step 7869
[  2%]   step 7870
[  2%]   step 7871
[  2%]   step 7872
[  2%]   step 7873
[  2%]   step 7874
[  2%]   step 7875
[  2%]   step 7876
[  2%]   step 7877
[  2%]   step 7878
[  2%]   step 7879
[  2%]   step 7880
[  2%]   step 7881
[  2%]   step 7882
[  2%]   step 7883
[  2%]   step 7884
[  2%]   step 7885
[  2%]   step 7886
[  2%]   step 7887
[  2%]   step 7888
[  2%]   step 7889
[  2%]   step 7890
[  2%]   step 7891
[  2%]   step 7892
[  2%]   step 7893
[  2%]   step 7894
[  2%]   step 7895
[  2%]   step 7896
[  2%]   step 7897
[  2%]   step 7898
[  2%]   step 7899
[  2%]   step 7900
[  2%]   step 7901
[  2%]   step 7902
[  2%]   step 7903
[  2%]   step 7904
[  2%]   step 7905
[  2%]   step 7906
[  2%]   step 7907
[  2%]   step 7908
[  2%]   step 7909
[  2%]   step 7910
[  2%]   step 7911
[  2%]   step 7912
[  2%]   step 7913
[  2%]   step 7914
[  2%]   step 7915
[  2%]   step 7916
[  2%]   step 7917
[  2%]   step 7918
[  2%]   step 7919
[  2%]   step 7920
[  2%]   step 7921
[  2%]   step 7922
[  2%]   step 7923
[  2%]   step 7924
[  2%]   step 7925
[  2%]   step 7926
[  2%]   step 7927
[  2%]   step 7928
[  2%]   step 7929
[  2%]   step 7930
[  2%]   step 7931
[  2%]   step 7932
[  2%]   step 7933
[  2%]   step 7934
[  2%]   step 7935
[  2%]   step 7936
[  2%]   step 7937
[  2%]   step 7938
[  2%]   step 7939
[  2%]   step 7940
[  2%]   step 7941
[  2%]   step 7942
[  2%]   step 7943
[  2%]   step 7944
[  2%]   step 7945
[  2%]   step 7946
[  2%]   step 7947
[  2%]   step 7948
[  2%]   step 7949
[  2%]   step 7950
[  2%]   step 7951
[  2%]   step 7952
[  2%]   step 7953
[  2%]   step 7954
[  2%]   step 7955
[  2%]   step 7956
[  2%]   step 7957
[  2%]   step 7958
[  2%]   step 7959
[  2%]   step 7960
[  2%]   step 7961
[  2%]   step 7962
[  2%]   step 7963
[  2%]   step 7964
[  2%]   step 7965
[  2%]   step 7966
[  2%]   step 7967
[  2%]   step 7968
[  2%]   step 7969
[  2%]   step 7970
[  2%]   step 7971
[  2%]   step 7972
[  2%]   step 7973
[  2%]   step 7974
[  2%]   step 7975
[  2%]   step 7976
[  2%]   step 7977
[  2%]   step 7978
[  2%]   step 7979
[  2%]   step 7980
+SWASH is processing output request    1
+SWASH is processing output request    2
[  2%]   step 7981
[  2%]   step 7982
[  2%]   step 7983
[  2%]   step 7984
[  2%]   step 7985
[  2%]   step 7986
[  2%]   step 7987
[  2%]   step 7988
[  2%]   step 7989
[  2%]   step 7990
[  2%]   step 7991
[  2%]   step 7992
[  2%]   step 7993
[  2%]   step 7994
[  2%]   step 7995
[  2%]   step 7996
[  2%]   step 7997
[  2%]   step 7998
[  2%]   step 7999
[  2%]   step 8000
[  2%]   step 8001
[  2%]   step 8002
[  2%]   step 8003
[  2%]   step 8004
[  2%]   step 8005
[  2%]   step 8006
[  2%]   step 8007
[  2%]   step 8008
[  2%]   step 8009
[  2%]   step 8010
[  2%]   step 8011
[  2%]   step 8012
[  2%]   step 8013
[  2%]   step 8014
[  2%]   step 8015
[  2%]   step 8016
[  2%]   step 8017
[  2%]   step 8018
[  2%]   step 8019
[  2%]   step 8020
[  2%]   step 8021
[  2%]   step 8022
[  2%]   step 8023
[  2%]   step 8024
[  2%]   step 8025
[  2%]   step 8026
[  2%]   step 8027
[  2%]   step 8028
[  2%]   step 8029
[  2%]   step 8030
[  2%]   step 8031
[  2%]   step 8032
[  2%]   step 8033
[  2%]   step 8034
[  2%]   step 8035
[  2%]   step 8036
[  2%]   step 8037
[  2%]   step 8038
[  2%]   step 8039
[  2%]   step 8040
[  2%]   step 8041
[  2%]   step 8042
[  2%]   step 8043
[  2%]   step 8044
[  2%]   step 8045
[  2%]   step 8046
[  2%]   step 8047
[  2%]   step 8048
[  2%]   step 8049
[  2%]   step 8050
[  2%]   step 8051
[  2%]   step 8052
[  2%]   step 8053
[  2%]   step 8054
[  2%]   step 8055
[  2%]   step 8056
[  2%]   step 8057
[  2%]   step 8058
[  2%]   step 8059
[  2%]   step 8060
[  2%]   step 8061
[  2%]   step 8062
[  2%]   step 8063
[  2%]   step 8064
[  2%]   step 8065
[  2%]   step 8066
[  2%]   step 8067
[  2%]   step 8068
[  2%]   step 8069
[  2%]   step 8070
[  2%]   step 8071
[  2%]   step 8072
[  2%]   step 8073
[  2%]   step 8074
[  2%]   step 8075
[  2%]   step 8076
[  2%]   step 8077
[  2%]   step 8078
[  2%]   step 8079
[  2%]   step 8080
[  2%]   step 8081
[  2%]   step 8082
[  2%]   step 8083
[  2%]   step 8084
[  2%]   step 8085
[  2%]   step 8086
[  2%]   step 8087
[  2%]   step 8088
[  2%]   step 8089
[  2%]   step 8090
[  2%]   step 8091
[  2%]   step 8092
[  2%]   step 8093
[  2%]   step 8094
[  2%]   step 8095
[  2%]   step 8096
[  2%]   step 8097
[  2%]   step 8098
[  2%]   step 8099
[  2%]   step 8100
[  2%]   step 8101
[  2%]   step 8102
[  2%]   step 8103
[  2%]   step 8104
[  2%]   step 8105
[  2%]   step 8106
[  2%]   step 8107
[  2%]   step 8108
[  2%]   step 8109
[  2%]   step 8110
[  2%]   step 8111
[  2%]   step 8112
[  2%]   step 8113
[  2%]   step 8114
[  2%]   step 8115
[  2%]   step 8116
[  2%]   step 8117
[  2%]   step 8118
[  2%]   step 8119
[  2%]   step 8120
[  2%]   step 8121
[  2%]   step 8122
[  2%]   step 8123
[  2%]   step 8124
[  2%]   step 8125
[  2%]   step 8126
[  2%]   step 8127
[  2%]   step 8128
[  2%]   step 8129
[  2%]   step 8130
[  2%]   step 8131
[  2%]   step 8132
[  2%]   step 8133
[  2%]   step 8134
[  2%]   step 8135
[  2%]   step 8136
[  2%]   step 8137
[  2%]   step 8138
[  2%]   step 8139
[  2%]   step 8140
[  2%]   step 8141
[  2%]   step 8142
[  2%]   step 8143
[  2%]   step 8144
[  2%]   step 8145
[  2%]   step 8146
[  2%]   step 8147
[  2%]   step 8148
[  2%]   step 8149
[  2%]   step 8150
[  2%]   step 8151
[  2%]   step 8152
[  2%]   step 8153
[  2%]   step 8154
[  2%]   step 8155
[  2%]   step 8156
[  2%]   step 8157
[  2%]   step 8158
[  2%]   step 8159
[  2%]   step 8160
[  2%]   step 8161
[  2%]   step 8162
[  2%]   step 8163
[  2%]   step 8164
[  2%]   step 8165
[  2%]   step 8166
[  2%]   step 8167
[  2%]   step 8168
[  2%]   step 8169
[  2%]   step 8170
[  2%]   step 8171
[  2%]   step 8172
[  2%]   step 8173
[  2%]   step 8174
[  2%]   step 8175
[  2%]   step 8176
[  2%]   step 8177
[  2%]   step 8178
[  2%]   step 8179
[  2%]   step 8180
[  2%]   step 8181
[  2%]   step 8182
[  2%]   step 8183
[  2%]   step 8184
[  2%]   step 8185
[  2%]   step 8186
[  2%]   step 8187
[  2%]   step 8188
[  2%]   step 8189
[  3%]   step 8190
[  3%]   step 8191
[  3%]   step 8192
[  3%]   step 8193
[  3%]   step 8194
[  3%]   step 8195
[  3%]   step 8196
[  3%]   step 8197
[  3%]   step 8198
[  3%]   step 8199
[  3%]   step 8200
[  3%]   step 8201
[  3%]   step 8202
[  3%]   step 8203
[  3%]   step 8204
[  3%]   step 8205
[  3%]   step 8206
[  3%]   step 8207
[  3%]   step 8208
[  3%]   step 8209
[  3%]   step 8210
[  3%]   step 8211
[  3%]   step 8212
[  3%]   step 8213
[  3%]   step 8214
[  3%]   step 8215
[  3%]   step 8216
[  3%]   step 8217
[  3%]   step 8218
[  3%]   step 8219
[  3%]   step 8220
[  3%]   step 8221
[  3%]   step 8222
[  3%]   step 8223
[  3%]   step 8224
[  3%]   step 8225
[  3%]   step 8226
[  3%]   step 8227
[  3%]   step 8228
[  3%]   step 8229
[  3%]   step 8230
[  3%]   step 8231
[  3%]   step 8232
[  3%]   step 8233
[  3%]   step 8234
[  3%]   step 8235
[  3%]   step 8236
[  3%]   step 8237
[  3%]   step 8238
[  3%]   step 8239
[  3%]   step 8240
[  3%]   step 8241
[  3%]   step 8242
[  3%]   step 8243
[  3%]   step 8244
[  3%]   step 8245
[  3%]   step 8246
[  3%]   step 8247
[  3%]   step 8248
[  3%]   step 8249
[  3%]   step 8250
[  3%]   step 8251
[  3%]   step 8252
[  3%]   step 8253
[  3%]   step 8254
[  3%]   step 8255
[  3%]   step 8256
[  3%]   step 8257
[  3%]   step 8258
[  3%]   step 8259
[  3%]   step 8260
[  3%]   step 8261
[  3%]   step 8262
[  3%]   step 8263
[  3%]   step 8264
[  3%]   step 8265
[  3%]   step 8266
[  3%]   step 8267
[  3%]   step 8268
[  3%]   step 8269
[  3%]   step 8270
[  3%]   step 8271
[  3%]   step 8272
[  3%]   step 8273
[  3%]   step 8274
[  3%]   step 8275
[  3%]   step 8276
[  3%]   step 8277
[  3%]   step 8278
[  3%]   step 8279
[  3%]   step 8280
[  3%]   step 8281
[  3%]   step 8282
[  3%]   step 8283
[  3%]   step 8284
[  3%]   step 8285
[  3%]   step 8286
[  3%]   step 8287
[  3%]   step 8288
[  3%]   step 8289
[  3%]   step 8290
[  3%]   step 8291
[  3%]   step 8292
[  3%]   step 8293
[  3%]   step 8294
[  3%]   step 8295
[  3%]   step 8296
[  3%]   step 8297
[  3%]   step 8298
[  3%]   step 8299
[  3%]   step 8300
[  3%]   step 8301
[  3%]   step 8302
[  3%]   step 8303
[  3%]   step 8304
[  3%]   step 8305
[  3%]   step 8306
[  3%]   step 8307
[  3%]   step 8308
[  3%]   step 8309
[  3%]   step 8310
[  3%]   step 8311
[  3%]   step 8312
[  3%]   step 8313
[  3%]   step 8314
[  3%]   step 8315
[  3%]   step 8316
[  3%]   step 8317
[  3%]   step 8318
[  3%]   step 8319
[  3%]   step 8320
[  3%]   step 8321
[  3%]   step 8322
[  3%]   step 8323
[  3%]   step 8324
[  3%]   step 8325
[  3%]   step 8326
[  3%]   step 8327
[  3%]   step 8328
[  3%]   step 8329
[  3%]   step 8330
[  3%]   step 8331
[  3%]   step 8332
[  3%]   step 8333
[  3%]   step 8334
[  3%]   step 8335
[  3%]   step 8336
[  3%]   step 8337
[  3%]   step 8338
[  3%]   step 8339
[  3%]   step 8340
[  3%]   step 8341
[  3%]   step 8342
[  3%]   step 8343
[  3%]   step 8344
[  3%]   step 8345
[  3%]   step 8346
[  3%]   step 8347
[  3%]   step 8348
[  3%]   step 8349
[  3%]   step 8350
[  3%]   step 8351
[  3%]   step 8352
[  3%]   step 8353
[  3%]   step 8354
[  3%]   step 8355
[  3%]   step 8356
[  3%]   step 8357
[  3%]   step 8358
[  3%]   step 8359
[  3%]   step 8360
[  3%]   step 8361
[  3%]   step 8362
[  3%]   step 8363
[  3%]   step 8364
[  3%]   step 8365
[  3%]   step 8366
[  3%]   step 8367
[  3%]   step 8368
[  3%]   step 8369
[  3%]   step 8370
[  3%]   step 8371
[  3%]   step 8372
[  3%]   step 8373
[  3%]   step 8374
[  3%]   step 8375
[  3%]   step 8376
[  3%]   step 8377
[  3%]   step 8378
[  3%]   step 8379
[  3%]   step 8380
[  3%]   step 8381
[  3%]   step 8382
[  3%]   step 8383
[  3%]   step 8384
[  3%]   step 8385
[  3%]   step 8386
[  3%]   step 8387
[  3%]   step 8388
[  3%]   step 8389
[  3%]   step 8390
[  3%]   step 8391
[  3%]   step 8392
[  3%]   step 8393
[  3%]   step 8394
[  3%]   step 8395
[  3%]   step 8396
[  3%]   step 8397
[  3%]   step 8398
[  3%]   step 8399
[  3%]   step 8400
+SWASH is processing output request    1
+SWASH is processing output request    2
[  3%]   step 8401
[  3%]   step 8402
[  3%]   step 8403
[  3%]   step 8404
[  3%]   step 8405
[  3%]   step 8406
[  3%]   step 8407
[  3%]   step 8408
[  3%]   step 8409
[  3%]   step 8410
[  3%]   step 8411
[  3%]   step 8412
[  3%]   step 8413
[  3%]   step 8414
[  3%]   step 8415
[  3%]   step 8416
[  3%]   step 8417
[  3%]   step 8418
[  3%]   step 8419
[  3%]   step 8420
[  3%]   step 8421
[  3%]   step 8422
[  3%]   step 8423
[  3%]   step 8424
[  3%]   step 8425
[  3%]   step 8426
[  3%]   step 8427
[  3%]   step 8428
[  3%]   step 8429
[  3%]   step 8430
[  3%]   step 8431
[  3%]   step 8432
[  3%]   step 8433
[  3%]   step 8434
[  3%]   step 8435
[  3%]   step 8436
[  3%]   step 8437
[  3%]   step 8438
[  3%]   step 8439
[  3%]   step 8440
[  3%]   step 8441
[  3%]   step 8442
[  3%]   step 8443
[  3%]   step 8444
[  3%]   step 8445
[  3%]   step 8446
[  3%]   step 8447
[  3%]   step 8448
[  3%]   step 8449
[  3%]   step 8450
[  3%]   step 8451
[  3%]   step 8452
[  3%]   step 8453
[  3%]   step 8454
[  3%]   step 8455
[  3%]   step 8456
[  3%]   step 8457
[  3%]   step 8458
[  3%]   step 8459
[  3%]   step 8460
[  3%]   step 8461
[  3%]   step 8462
[  3%]   step 8463
[  3%]   step 8464
[  3%]   step 8465
[  3%]   step 8466
[  3%]   step 8467
[  3%]   step 8468
[  3%]   step 8469
[  3%]   step 8470
[  3%]   step 8471
[  3%]   step 8472
[  3%]   step 8473
[  3%]   step 8474
[  3%]   step 8475
[  3%]   step 8476
[  3%]   step 8477
[  3%]   step 8478
[  3%]   step 8479
[  3%]   step 8480
[  3%]   step 8481
[  3%]   step 8482
[  3%]   step 8483
[  3%]   step 8484
[  3%]   step 8485
[  3%]   step 8486
[  3%]   step 8487
[  3%]   step 8488
[  3%]   step 8489
[  3%]   step 8490
[  3%]   step 8491
[  3%]   step 8492
[  3%]   step 8493
[  3%]   step 8494
[  3%]   step 8495
[  3%]   step 8496
[  3%]   step 8497
[  3%]   step 8498
[  3%]   step 8499
[  3%]   step 8500
[  3%]   step 8501
[  3%]   step 8502
[  3%]   step 8503
[  3%]   step 8504
[  3%]   step 8505
[  3%]   step 8506
[  3%]   step 8507
[  3%]   step 8508
[  3%]   step 8509
[  3%]   step 8510
[  3%]   step 8511
[  3%]   step 8512
[  3%]   step 8513
[  3%]   step 8514
[  3%]   step 8515
[  3%]   step 8516
[  3%]   step 8517
[  3%]   step 8518
[  3%]   step 8519
[  3%]   step 8520
[  3%]   step 8521
[  3%]   step 8522
[  3%]   step 8523
[  3%]   step 8524
[  3%]   step 8525
[  3%]   step 8526
[  3%]   step 8527
[  3%]   step 8528
[  3%]   step 8529
[  3%]   step 8530
[  3%]   step 8531
[  3%]   step 8532
[  3%]   step 8533
[  3%]   step 8534
[  3%]   step 8535
[  3%]   step 8536
[  3%]   step 8537
[  3%]   step 8538
[  3%]   step 8539
[  3%]   step 8540
[  3%]   step 8541
[  3%]   step 8542
[  3%]   step 8543
[  3%]   step 8544
[  3%]   step 8545
[  3%]   step 8546
[  3%]   step 8547
[  3%]   step 8548
[  3%]   step 8549
[  3%]   step 8550
[  3%]   step 8551
[  3%]   step 8552
[  3%]   step 8553
[  3%]   step 8554
[  3%]   step 8555
[  3%]   step 8556
[  3%]   step 8557
[  3%]   step 8558
[  3%]   step 8559
[  3%]   step 8560
[  3%]   step 8561
[  3%]   step 8562
[  3%]   step 8563
[  3%]   step 8564
[  3%]   step 8565
[  3%]   step 8566
[  3%]   step 8567
[  3%]   step 8568
[  3%]   step 8569
[  3%]   step 8570
[  3%]   step 8571
[  3%]   step 8572
[  3%]   step 8573
[  3%]   step 8574
[  3%]   step 8575
[  3%]   step 8576
[  3%]   step 8577
[  3%]   step 8578
[  3%]   step 8579
[  3%]   step 8580
[  3%]   step 8581
[  3%]   step 8582
[  3%]   step 8583
[  3%]   step 8584
[  3%]   step 8585
[  3%]   step 8586
[  3%]   step 8587
[  3%]   step 8588
[  3%]   step 8589
[  3%]   step 8590
[  3%]   step 8591
[  3%]   step 8592
[  3%]   step 8593
[  3%]   step 8594
[  3%]   step 8595
[  3%]   step 8596
[  3%]   step 8597
[  3%]   step 8598
[  3%]   step 8599
[  3%]   step 8600
[  3%]   step 8601
[  3%]   step 8602
[  3%]   step 8603
[  3%]   step 8604
[  3%]   step 8605
[  3%]   step 8606
[  3%]   step 8607
[  3%]   step 8608
[  3%]   step 8609
[  3%]   step 8610
[  3%]   step 8611
[  3%]   step 8612
[  3%]   step 8613
[  3%]   step 8614
[  3%]   step 8615
[  3%]   step 8616
[  3%]   step 8617
[  3%]   step 8618
[  3%]   step 8619
[  3%]   step 8620
[  3%]   step 8621
[  3%]   step 8622
[  3%]   step 8623
[  3%]   step 8624
[  3%]   step 8625
[  3%]   step 8626
[  3%]   step 8627
[  3%]   step 8628
[  3%]   step 8629
[  3%]   step 8630
[  3%]   step 8631
[  3%]   step 8632
[  3%]   step 8633
[  3%]   step 8634
[  3%]   step 8635
[  3%]   step 8636
[  3%]   step 8637
[  3%]   step 8638
[  3%]   step 8639
[  3%]   step 8640
[  3%]   step 8641
[  3%]   step 8642
[  3%]   step 8643
[  3%]   step 8644
[  3%]   step 8645
[  3%]   step 8646
[  3%]   step 8647
[  3%]   step 8648
[  3%]   step 8649
[  3%]   step 8650
[  3%]   step 8651
[  3%]   step 8652
[  3%]   step 8653
[  3%]   step 8654
[  3%]   step 8655
[  3%]   step 8656
[  3%]   step 8657
[  3%]   step 8658
[  3%]   step 8659
[  3%]   step 8660
[  3%]   step 8661
[  3%]   step 8662
[  3%]   step 8663
[  3%]   step 8664
[  3%]   step 8665
[  3%]   step 8666
[  3%]   step 8667
[  3%]   step 8668
[  3%]   step 8669
[  3%]   step 8670
[  3%]   step 8671
[  3%]   step 8672
[  3%]   step 8673
[  3%]   step 8674
[  3%]   step 8675
[  3%]   step 8676
[  3%]   step 8677
[  3%]   step 8678
[  3%]   step 8679
[  3%]   step 8680
[  3%]   step 8681
[  3%]   step 8682
[  3%]   step 8683
[  3%]   step 8684
[  3%]   step 8685
[  3%]   step 8686
[  3%]   step 8687
[  3%]   step 8688
[  3%]   step 8689
[  3%]   step 8690
[  3%]   step 8691
[  3%]   step 8692
[  3%]   step 8693
[  3%]   step 8694
[  3%]   step 8695
[  3%]   step 8696
[  3%]   step 8697
[  3%]   step 8698
[  3%]   step 8699
[  3%]   step 8700
[  3%]   step 8701
[  3%]   step 8702
[  3%]   step 8703
[  3%]   step 8704
[  3%]   step 8705
[  3%]   step 8706
[  3%]   step 8707
[  3%]   step 8708
[  3%]   step 8709
[  3%]   step 8710
[  3%]   step 8711
[  3%]   step 8712
[  3%]   step 8713
[  3%]   step 8714
[  3%]   step 8715
[  3%]   step 8716
[  3%]   step 8717
[  3%]   step 8718
[  3%]   step 8719
[  3%]   step 8720
[  3%]   step 8721
[  3%]   step 8722
[  3%]   step 8723
[  3%]   step 8724
[  3%]   step 8725
[  3%]   step 8726
[  3%]   step 8727
[  3%]   step 8728
[  3%]   step 8729
[  3%]   step 8730
[  3%]   step 8731
[  3%]   step 8732
[  3%]   step 8733
[  3%]   step 8734
[  3%]   step 8735
[  3%]   step 8736
[  3%]   step 8737
[  3%]   step 8738
[  3%]   step 8739
[  3%]   step 8740
[  3%]   step 8741
[  3%]   step 8742
[  3%]   step 8743
[  3%]   step 8744
[  3%]   step 8745
[  3%]   step 8746
[  3%]   step 8747
[  3%]   step 8748
[  3%]   step 8749
[  3%]   step 8750
[  3%]   step 8751
[  3%]   step 8752
[  3%]   step 8753
[  3%]   step 8754
[  3%]   step 8755
[  3%]   step 8756
[  3%]   step 8757
[  3%]   step 8758
[  3%]   step 8759
[  3%]   step 8760
[  3%]   step 8761
[  3%]   step 8762
[  3%]   step 8763
[  3%]   step 8764
[  3%]   step 8765
[  3%]   step 8766
[  3%]   step 8767
[  3%]   step 8768
[  3%]   step 8769
[  3%]   step 8770
[  3%]   step 8771
[  3%]   step 8772
[  3%]   step 8773
[  3%]   step 8774
[  3%]   step 8775
[  3%]   step 8776
[  3%]   step 8777
[  3%]   step 8778
[  3%]   step 8779
[  3%]   step 8780
[  3%]   step 8781
[  3%]   step 8782
[  3%]   step 8783
[  3%]   step 8784
[  3%]   step 8785
[  3%]   step 8786
[  3%]   step 8787
[  3%]   step 8788
[  3%]   step 8789
[  3%]   step 8790
[  3%]   step 8791
[  3%]   step 8792
[  3%]   step 8793
[  3%]   step 8794
[  3%]   step 8795
[  3%]   step 8796
[  3%]   step 8797
[  3%]   step 8798
[  3%]   step 8799
[  3%]   step 8800
[  3%]   step 8801
[  3%]   step 8802
[  3%]   step 8803
[  3%]   step 8804
[  3%]   step 8805
[  3%]   step 8806
[  3%]   step 8807
[  3%]   step 8808
[  3%]   step 8809
[  3%]   step 8810
[  3%]   step 8811
[  3%]   step 8812
[  3%]   step 8813
[  3%]   step 8814
[  3%]   step 8815
[  3%]   step 8816
[  3%]   step 8817
[  3%]   step 8818
[  3%]   step 8819
[  3%]   step 8820
+SWASH is processing output request    1
+SWASH is processing output request    2
[  3%]   step 8821
[  3%]   step 8822
[  3%]   step 8823
[  3%]   step 8824
[  3%]   step 8825
[  3%]   step 8826
[  3%]   step 8827
[  3%]   step 8828
[  3%]   step 8829
[  3%]   step 8830
[  3%]   step 8831
[  3%]   step 8832
[  3%]   step 8833
[  3%]   step 8834
[  3%]   step 8835
[  3%]   step 8836
[  3%]   step 8837
[  3%]   step 8838
[  3%]   step 8839
[  3%]   step 8840
[  3%]   step 8841
[  3%]   step 8842
[  3%]   step 8843
[  3%]   step 8844
[  3%]   step 8845
[  3%]   step 8846
[  3%]   step 8847
[  3%]   step 8848
[  3%]   step 8849
[  3%]   step 8850
[  3%]   step 8851
[  3%]   step 8852
[  3%]   step 8853
[  3%]   step 8854
[  3%]   step 8855
[  3%]   step 8856
[  3%]   step 8857
[  3%]   step 8858
[  3%]   step 8859
[  3%]   step 8860
[  3%]   step 8861
[  3%]   step 8862
[  3%]   step 8863
[  3%]   step 8864
[  3%]   step 8865
[  3%]   step 8866
[  3%]   step 8867
[  3%]   step 8868
[  3%]   step 8869
[  3%]   step 8870
[  3%]   step 8871
[  3%]   step 8872
[  3%]   step 8873
[  3%]   step 8874
[  3%]   step 8875
[  3%]   step 8876
[  3%]   step 8877
[  3%]   step 8878
[  3%]   step 8879
[  3%]   step 8880
[  3%]   step 8881
[  3%]   step 8882
[  3%]   step 8883
[  3%]   step 8884
[  3%]   step 8885
[  3%]   step 8886
[  3%]   step 8887
[  3%]   step 8888
[  3%]   step 8889
[  3%]   step 8890
[  3%]   step 8891
[  3%]   step 8892
[  3%]   step 8893
[  3%]   step 8894
[  3%]   step 8895
[  3%]   step 8896
[  3%]   step 8897
[  3%]   step 8898
[  3%]   step 8899
[  3%]   step 8900
[  3%]   step 8901
[  3%]   step 8902
[  3%]   step 8903
[  3%]   step 8904
[  3%]   step 8905
[  3%]   step 8906
[  3%]   step 8907
[  3%]   step 8908
[  3%]   step 8909
[  3%]   step 8910
[  3%]   step 8911
[  3%]   step 8912
[  3%]   step 8913
[  3%]   step 8914
[  3%]   step 8915
[  3%]   step 8916
[  3%]   step 8917
[  3%]   step 8918
[  3%]   step 8919
[  3%]   step 8920
[  3%]   step 8921
[  3%]   step 8922
[  3%]   step 8923
[  3%]   step 8924
[  3%]   step 8925
[  3%]   step 8926
[  3%]   step 8927
[  3%]   step 8928
[  3%]   step 8929
[  3%]   step 8930
[  3%]   step 8931
[  3%]   step 8932
[  3%]   step 8933
[  3%]   step 8934
[  3%]   step 8935
[  3%]   step 8936
[  3%]   step 8937
[  3%]   step 8938
[  3%]   step 8939
[  3%]   step 8940
[  3%]   step 8941
[  3%]   step 8942
[  3%]   step 8943
[  3%]   step 8944
[  3%]   step 8945
[  3%]   step 8946
[  3%]   step 8947
[  3%]   step 8948
[  3%]   step 8949
[  3%]   step 8950
[  3%]   step 8951
[  3%]   step 8952
[  3%]   step 8953
[  3%]   step 8954
[  3%]   step 8955
[  3%]   step 8956
[  3%]   step 8957
[  3%]   step 8958
[  3%]   step 8959
[  3%]   step 8960
[  3%]   step 8961
[  3%]   step 8962
[  3%]   step 8963
[  3%]   step 8964
[  3%]   step 8965
[  3%]   step 8966
[  3%]   step 8967
[  3%]   step 8968
[  3%]   step 8969
[  3%]   step 8970
[  3%]   step 8971
[  3%]   step 8972
[  3%]   step 8973
[  3%]   step 8974
[  3%]   step 8975
[  3%]   step 8976
[  3%]   step 8977
[  3%]   step 8978
[  3%]   step 8979
[  3%]   step 8980
[  3%]   step 8981
[  3%]   step 8982
[  3%]   step 8983
[  3%]   step 8984
[  3%]   step 8985
[  3%]   step 8986
[  3%]   step 8987
[  3%]   step 8988
[  3%]   step 8989
[  3%]   step 8990
[  3%]   step 8991
[  3%]   step 8992
[  3%]   step 8993
[  3%]   step 8994
[  3%]   step 8995
[  3%]   step 8996
[  3%]   step 8997
[  3%]   step 8998
[  3%]   step 8999
[  3%]   step 9000
[  3%]   step 9001
[  3%]   step 9002
[  3%]   step 9003
[  3%]   step 9004
[  3%]   step 9005
[  3%]   step 9006
[  3%]   step 9007
[  3%]   step 9008
[  3%]   step 9009
[  3%]   step 9010
[  3%]   step 9011
[  3%]   step 9012
[  3%]   step 9013
[  3%]   step 9014
[  3%]   step 9015
[  3%]   step 9016
[  3%]   step 9017
[  3%]   step 9018
[  3%]   step 9019
[  3%]   step 9020
[  3%]   step 9021
[  3%]   step 9022
[  3%]   step 9023
[  3%]   step 9024
[  3%]   step 9025
[  3%]   step 9026
[  3%]   step 9027
[  3%]   step 9028
[  3%]   step 9029
[  3%]   step 9030
[  3%]   step 9031
[  3%]   step 9032
[  3%]   step 9033
[  3%]   step 9034
[  3%]   step 9035
[  3%]   step 9036
[  3%]   step 9037
[  3%]   step 9038
[  3%]   step 9039
[  3%]   step 9040
[  3%]   step 9041
[  3%]   step 9042
[  3%]   step 9043
[  3%]   step 9044
[  3%]   step 9045
[  3%]   step 9046
[  3%]   step 9047
[  3%]   step 9048
[  3%]   step 9049
[  3%]   step 9050
[  3%]   step 9051
[  3%]   step 9052
[  3%]   step 9053
[  3%]   step 9054
[  3%]   step 9055
[  3%]   step 9056
[  3%]   step 9057
[  3%]   step 9058
[  3%]   step 9059
[  3%]   step 9060
[  3%]   step 9061
[  3%]   step 9062
[  3%]   step 9063
[  3%]   step 9064
[  3%]   step 9065
[  3%]   step 9066
[  3%]   step 9067
[  3%]   step 9068
[  3%]   step 9069
[  3%]   step 9070
[  3%]   step 9071
[  3%]   step 9072
[  3%]   step 9073
[  3%]   step 9074
[  3%]   step 9075
[  3%]   step 9076
[  3%]   step 9077
[  3%]   step 9078
[  3%]   step 9079
[  3%]   step 9080
[  3%]   step 9081
[  3%]   step 9082
[  3%]   step 9083
[  3%]   step 9084
[  3%]   step 9085
[  3%]   step 9086
[  3%]   step 9087
[  3%]   step 9088
[  3%]   step 9089
[  3%]   step 9090
[  3%]   step 9091
[  3%]   step 9092
[  3%]   step 9093
[  3%]   step 9094
[  3%]   step 9095
[  3%]   step 9096
[  3%]   step 9097
[  3%]   step 9098
[  3%]   step 9099
[  3%]   step 9100
[  3%]   step 9101
[  3%]   step 9102
[  3%]   step 9103
[  3%]   step 9104
[  3%]   step 9105
[  3%]   step 9106
[  3%]   step 9107
[  3%]   step 9108
[  3%]   step 9109
[  3%]   step 9110
[  3%]   step 9111
[  3%]   step 9112
[  3%]   step 9113
[  3%]   step 9114
[  3%]   step 9115
[  3%]   step 9116
[  3%]   step 9117
[  3%]   step 9118
[  3%]   step 9119
[  3%]   step 9120
[  3%]   step 9121
[  3%]   step 9122
[  3%]   step 9123
[  3%]   step 9124
[  3%]   step 9125
[  3%]   step 9126
[  3%]   step 9127
[  3%]   step 9128
[  3%]   step 9129
[  3%]   step 9130
[  3%]   step 9131
[  3%]   step 9132
[  3%]   step 9133
[  3%]   step 9134
[  3%]   step 9135
[  3%]   step 9136
[  3%]   step 9137
[  3%]   step 9138
[  3%]   step 9139
[  3%]   step 9140
[  3%]   step 9141
[  3%]   step 9142
[  3%]   step 9143
[  3%]   step 9144
[  3%]   step 9145
[  3%]   step 9146
[  3%]   step 9147
[  3%]   step 9148
[  3%]   step 9149
[  3%]   step 9150
[  3%]   step 9151
[  3%]   step 9152
[  3%]   step 9153
[  3%]   step 9154
[  3%]   step 9155
[  3%]   step 9156
[  3%]   step 9157
[  3%]   step 9158
[  3%]   step 9159
[  3%]   step 9160
[  3%]   step 9161
[  3%]   step 9162
[  3%]   step 9163
[  3%]   step 9164
[  3%]   step 9165
[  3%]   step 9166
[  3%]   step 9167
[  3%]   step 9168
[  3%]   step 9169
[  3%]   step 9170
[  3%]   step 9171
[  3%]   step 9172
[  3%]   step 9173
[  3%]   step 9174
[  3%]   step 9175
[  3%]   step 9176
[  3%]   step 9177
[  3%]   step 9178
[  3%]   step 9179
[  3%]   step 9180
[  3%]   step 9181
[  3%]   step 9182
[  3%]   step 9183
[  3%]   step 9184
[  3%]   step 9185
[  3%]   step 9186
[  3%]   step 9187
[  3%]   step 9188
[  3%]   step 9189
[  3%]   step 9190
[  3%]   step 9191
[  3%]   step 9192
[  3%]   step 9193
[  3%]   step 9194
[  3%]   step 9195
[  3%]   step 9196
[  3%]   step 9197
[  3%]   step 9198
[  3%]   step 9199
[  3%]   step 9200
[  3%]   step 9201
[  3%]   step 9202
[  3%]   step 9203
[  3%]   step 9204
[  3%]   step 9205
[  3%]   step 9206
[  3%]   step 9207
[  3%]   step 9208
[  3%]   step 9209
[  3%]   step 9210
[  3%]   step 9211
[  3%]   step 9212
[  3%]   step 9213
[  3%]   step 9214
[  3%]   step 9215
[  3%]   step 9216
[  3%]   step 9217
[  3%]   step 9218
[  3%]   step 9219
[  3%]   step 9220
[  3%]   step 9221
[  3%]   step 9222
[  3%]   step 9223
[  3%]   step 9224
[  3%]   step 9225
[  3%]   step 9226
[  3%]   step 9227
[  3%]   step 9228
[  3%]   step 9229
[  3%]   step 9230
[  3%]   step 9231
[  3%]   step 9232
[  3%]   step 9233
[  3%]   step 9234
[  3%]   step 9235
[  3%]   step 9236
[  3%]   step 9237
[  3%]   step 9238
[  3%]   step 9239
[  3%]   step 9240
+SWASH is processing output request    1
+SWASH is processing output request    2
[  3%]   step 9241
[  3%]   step 9242
[  3%]   step 9243
[  3%]   step 9244
[  3%]   step 9245
[  3%]   step 9246
[  3%]   step 9247
[  3%]   step 9248
[  3%]   step 9249
[  3%]   step 9250
[  3%]   step 9251
[  3%]   step 9252
[  3%]   step 9253
[  3%]   step 9254
[  3%]   step 9255
[  3%]   step 9256
[  3%]   step 9257
[  3%]   step 9258
[  3%]   step 9259
[  3%]   step 9260
[  3%]   step 9261
[  3%]   step 9262
[  3%]   step 9263
[  3%]   step 9264
[  3%]   step 9265
[  3%]   step 9266
[  3%]   step 9267
[  3%]   step 9268
[  3%]   step 9269
[  3%]   step 9270
[  3%]   step 9271
[  3%]   step 9272
[  3%]   step 9273
[  3%]   step 9274
[  3%]   step 9275
[  3%]   step 9276
[  3%]   step 9277
[  3%]   step 9278
[  3%]   step 9279
[  3%]   step 9280
[  3%]   step 9281
[  3%]   step 9282
[  3%]   step 9283
[  3%]   step 9284
[  3%]   step 9285
[  3%]   step 9286
[  3%]   step 9287
[  3%]   step 9288
[  3%]   step 9289
[  3%]   step 9290
[  3%]   step 9291
[  3%]   step 9292
[  3%]   step 9293
[  3%]   step 9294
[  3%]   step 9295
[  3%]   step 9296
[  3%]   step 9297
[  3%]   step 9298
[  3%]   step 9299
[  3%]   step 9300
[  3%]   step 9301
[  3%]   step 9302
[  3%]   step 9303
[  3%]   step 9304
[  3%]   step 9305
[  3%]   step 9306
[  3%]   step 9307
[  3%]   step 9308
[  3%]   step 9309
[  3%]   step 9310
[  3%]   step 9311
[  3%]   step 9312
[  3%]   step 9313
[  3%]   step 9314
[  3%]   step 9315
[  3%]   step 9316
[  3%]   step 9317
[  3%]   step 9318
[  3%]   step 9319
[  3%]   step 9320
[  3%]   step 9321
[  3%]   step 9322
[  3%]   step 9323
[  3%]   step 9324
[  3%]   step 9325
[  3%]   step 9326
[  3%]   step 9327
[  3%]   step 9328
[  3%]   step 9329
[  3%]   step 9330
[  3%]   step 9331
[  3%]   step 9332
[  3%]   step 9333
[  3%]   step 9334
[  3%]   step 9335
[  3%]   step 9336
[  3%]   step 9337
[  3%]   step 9338
[  3%]   step 9339
[  3%]   step 9340
[  3%]   step 9341
[  3%]   step 9342
[  3%]   step 9343
[  3%]   step 9344
[  3%]   step 9345
[  3%]   step 9346
[  3%]   step 9347
[  3%]   step 9348
[  3%]   step 9349
[  3%]   step 9350
[  3%]   step 9351
[  3%]   step 9352
[  3%]   step 9353
[  3%]   step 9354
[  3%]   step 9355
[  3%]   step 9356
[  3%]   step 9357
[  3%]   step 9358
[  3%]   step 9359
[  3%]   step 9360
[  3%]   step 9361
[  3%]   step 9362
[  3%]   step 9363
[  3%]   step 9364
[  3%]   step 9365
[  3%]   step 9366
[  3%]   step 9367
[  3%]   step 9368
[  3%]   step 9369
[  3%]   step 9370
[  3%]   step 9371
[  3%]   step 9372
[  3%]   step 9373
[  3%]   step 9374
[  3%]   step 9375
[  3%]   step 9376
[  3%]   step 9377
[  3%]   step 9378
[  3%]   step 9379
[  3%]   step 9380
[  3%]   step 9381
[  3%]   step 9382
[  3%]   step 9383
[  3%]   step 9384
[  3%]   step 9385
[  3%]   step 9386
[  3%]   step 9387
[  3%]   step 9388
[  3%]   step 9389
[  3%]   step 9390
[  3%]   step 9391
[  3%]   step 9392
[  3%]   step 9393
[  3%]   step 9394
[  3%]   step 9395
[  3%]   step 9396
[  3%]   step 9397
[  3%]   step 9398
[  3%]   step 9399
[  3%]   step 9400
[  3%]   step 9401
[  3%]   step 9402
[  3%]   step 9403
[  3%]   step 9404
[  3%]   step 9405
[  3%]   step 9406
[  3%]   step 9407
[  3%]   step 9408
[  3%]   step 9409
[  3%]   step 9410
[  3%]   step 9411
[  3%]   step 9412
[  3%]   step 9413
[  3%]   step 9414
[  3%]   step 9415
[  3%]   step 9416
[  3%]   step 9417
[  3%]   step 9418
[  3%]   step 9419
[  3%]   step 9420
[  3%]   step 9421
[  3%]   step 9422
[  3%]   step 9423
[  3%]   step 9424
[  3%]   step 9425
[  3%]   step 9426
[  3%]   step 9427
[  3%]   step 9428
[  3%]   step 9429
[  3%]   step 9430
[  3%]   step 9431
[  3%]   step 9432
[  3%]   step 9433
[  3%]   step 9434
[  3%]   step 9435
[  3%]   step 9436
[  3%]   step 9437
[  3%]   step 9438
[  3%]   step 9439
[  3%]   step 9440
[  3%]   step 9441
[  3%]   step 9442
[  3%]   step 9443
[  3%]   step 9444
[  3%]   step 9445
[  3%]   step 9446
[  3%]   step 9447
[  3%]   step 9448
[  3%]   step 9449
[  3%]   step 9450
[  3%]   step 9451
[  3%]   step 9452
[  3%]   step 9453
[  3%]   step 9454
[  3%]   step 9455
[  3%]   step 9456
[  3%]   step 9457
[  3%]   step 9458
[  3%]   step 9459
[  3%]   step 9460
[  3%]   step 9461
[  3%]   step 9462
[  3%]   step 9463
[  3%]   step 9464
[  3%]   step 9465
[  3%]   step 9466
[  3%]   step 9467
[  3%]   step 9468
[  3%]   step 9469
[  3%]   step 9470
[  3%]   step 9471
[  3%]   step 9472
[  3%]   step 9473
[  3%]   step 9474
[  3%]   step 9475
[  3%]   step 9476
[  3%]   step 9477
[  3%]   step 9478
[  3%]   step 9479
[  3%]   step 9480
[  3%]   step 9481
[  3%]   step 9482
[  3%]   step 9483
[  3%]   step 9484
[  3%]   step 9485
[  3%]   step 9486
[  3%]   step 9487
[  3%]   step 9488
[  3%]   step 9489
[  3%]   step 9490
[  3%]   step 9491
[  3%]   step 9492
[  3%]   step 9493
[  3%]   step 9494
[  3%]   step 9495
[  3%]   step 9496
[  3%]   step 9497
[  3%]   step 9498
[  3%]   step 9499
[  3%]   step 9500
[  3%]   step 9501
[  3%]   step 9502
[  3%]   step 9503
[  3%]   step 9504
[  3%]   step 9505
[  3%]   step 9506
[  3%]   step 9507
[  3%]   step 9508
[  3%]   step 9509
[  3%]   step 9510
[  3%]   step 9511
[  3%]   step 9512
[  3%]   step 9513
[  3%]   step 9514
[  3%]   step 9515
[  3%]   step 9516
[  3%]   step 9517
[  3%]   step 9518
[  3%]   step 9519
[  3%]   step 9520
[  3%]   step 9521
[  3%]   step 9522
[  3%]   step 9523
[  3%]   step 9524
[  3%]   step 9525
[  3%]   step 9526
[  3%]   step 9527
[  3%]   step 9528
[  3%]   step 9529
[  3%]   step 9530
[  3%]   step 9531
[  3%]   step 9532
[  3%]   step 9533
[  3%]   step 9534
[  3%]   step 9535
[  3%]   step 9536
[  3%]   step 9537
[  3%]   step 9538
[  3%]   step 9539
[  3%]   step 9540
[  3%]   step 9541
[  3%]   step 9542
[  3%]   step 9543
[  3%]   step 9544
[  3%]   step 9545
[  3%]   step 9546
[  3%]   step 9547
[  3%]   step 9548
[  3%]   step 9549
[  3%]   step 9550
[  3%]   step 9551
[  3%]   step 9552
[  3%]   step 9553
[  3%]   step 9554
[  3%]   step 9555
[  3%]   step 9556
[  3%]   step 9557
[  3%]   step 9558
[  3%]   step 9559
[  3%]   step 9560
[  3%]   step 9561
[  3%]   step 9562
[  3%]   step 9563
[  3%]   step 9564
[  3%]   step 9565
[  3%]   step 9566
[  3%]   step 9567
[  3%]   step 9568
[  3%]   step 9569
[  3%]   step 9570
[  3%]   step 9571
[  3%]   step 9572
[  3%]   step 9573
[  3%]   step 9574
[  3%]   step 9575
[  3%]   step 9576
[  3%]   step 9577
[  3%]   step 9578
[  3%]   step 9579
[  3%]   step 9580
[  3%]   step 9581
[  3%]   step 9582
[  3%]   step 9583
[  3%]   step 9584
[  3%]   step 9585
[  3%]   step 9586
[  3%]   step 9587
[  3%]   step 9588
[  3%]   step 9589
[  3%]   step 9590
[  3%]   step 9591
[  3%]   step 9592
[  3%]   step 9593
[  3%]   step 9594
[  3%]   step 9595
[  3%]   step 9596
[  3%]   step 9597
[  3%]   step 9598
[  3%]   step 9599
[  3%]   step 9600
[  3%]   step 9601
[  3%]   step 9602
[  3%]   step 9603
[  3%]   step 9604
[  3%]   step 9605
[  3%]   step 9606
[  3%]   step 9607
[  3%]   step 9608
[  3%]   step 9609
[  3%]   step 9610
[  3%]   step 9611
[  3%]   step 9612
[  3%]   step 9613
[  3%]   step 9614
[  3%]   step 9615
[  3%]   step 9616
[  3%]   step 9617
[  3%]   step 9618
[  3%]   step 9619
[  3%]   step 9620
[  3%]   step 9621
[  3%]   step 9622
[  3%]   step 9623
[  3%]   step 9624
[  3%]   step 9625
[  3%]   step 9626
[  3%]   step 9627
[  3%]   step 9628
[  3%]   step 9629
[  3%]   step 9630
[  3%]   step 9631
[  3%]   step 9632
[  3%]   step 9633
[  3%]   step 9634
[  3%]   step 9635
[  3%]   step 9636
[  3%]   step 9637
[  3%]   step 9638
[  3%]   step 9639
[  3%]   step 9640
[  3%]   step 9641
[  3%]   step 9642
[  3%]   step 9643
[  3%]   step 9644
[  3%]   step 9645
[  3%]   step 9646
[  3%]   step 9647
[  3%]   step 9648
[  3%]   step 9649
[  3%]   step 9650
[  3%]   step 9651
[  3%]   step 9652
[  3%]   step 9653
[  3%]   step 9654
[  3%]   step 9655
[  3%]   step 9656
[  3%]   step 9657
[  3%]   step 9658
[  3%]   step 9659
[  3%]   step 9660
+SWASH is processing output request    1
+SWASH is processing output request    2
[  3%]   step 9661
[  3%]   step 9662
[  3%]   step 9663
[  3%]   step 9664
[  3%]   step 9665
[  3%]   step 9666
[  3%]   step 9667
[  3%]   step 9668
[  3%]   step 9669
[  3%]   step 9670
[  3%]   step 9671
[  3%]   step 9672
[  3%]   step 9673
[  3%]   step 9674
[  3%]   step 9675
[  3%]   step 9676
[  3%]   step 9677
[  3%]   step 9678
[  3%]   step 9679
[  3%]   step 9680
[  3%]   step 9681
[  3%]   step 9682
[  3%]   step 9683
[  3%]   step 9684
[  3%]   step 9685
[  3%]   step 9686
[  3%]   step 9687
[  3%]   step 9688
[  3%]   step 9689
[  3%]   step 9690
[  3%]   step 9691
[  3%]   step 9692
[  3%]   step 9693
[  3%]   step 9694
[  3%]   step 9695
[  3%]   step 9696
[  3%]   step 9697
[  3%]   step 9698
[  3%]   step 9699
[  3%]   step 9700
[  3%]   step 9701
[  3%]   step 9702
[  3%]   step 9703
[  3%]   step 9704
[  3%]   step 9705
[  3%]   step 9706
[  3%]   step 9707
[  3%]   step 9708
[  3%]   step 9709
[  3%]   step 9710
[  3%]   step 9711
[  3%]   step 9712
[  3%]   step 9713
[  3%]   step 9714
[  3%]   step 9715
[  3%]   step 9716
[  3%]   step 9717
[  3%]   step 9718
[  3%]   step 9719
[  3%]   step 9720
[  3%]   step 9721
[  3%]   step 9722
[  3%]   step 9723
[  3%]   step 9724
[  3%]   step 9725
[  3%]   step 9726
[  3%]   step 9727
[  3%]   step 9728
[  3%]   step 9729
[  3%]   step 9730
[  3%]   step 9731
[  3%]   step 9732
[  3%]   step 9733
[  3%]   step 9734
[  3%]   step 9735
[  3%]   step 9736
[  3%]   step 9737
[  3%]   step 9738
[  3%]   step 9739
[  3%]   step 9740
[  3%]   step 9741
[  3%]   step 9742
[  3%]   step 9743
[  3%]   step 9744
[  3%]   step 9745
[  3%]   step 9746
[  3%]   step 9747
[  3%]   step 9748
[  3%]   step 9749
[  3%]   step 9750
[  3%]   step 9751
[  3%]   step 9752
[  3%]   step 9753
[  3%]   step 9754
[  3%]   step 9755
[  3%]   step 9756
[  3%]   step 9757
[  3%]   step 9758
[  3%]   step 9759
[  3%]   step 9760
[  3%]   step 9761
[  3%]   step 9762
[  3%]   step 9763
[  3%]   step 9764
[  3%]   step 9765
[  3%]   step 9766
[  3%]   step 9767
[  3%]   step 9768
[  3%]   step 9769
[  3%]   step 9770
[  3%]   step 9771
[  3%]   step 9772
[  3%]   step 9773
[  3%]   step 9774
[  3%]   step 9775
[  3%]   step 9776
[  3%]   step 9777
[  3%]   step 9778
[  3%]   step 9779
[  3%]   step 9780
[  3%]   step 9781
[  3%]   step 9782
[  3%]   step 9783
[  3%]   step 9784
[  3%]   step 9785
[  3%]   step 9786
[  3%]   step 9787
[  3%]   step 9788
[  3%]   step 9789
[  3%]   step 9790
[  3%]   step 9791
[  3%]   step 9792
[  3%]   step 9793
[  3%]   step 9794
[  3%]   step 9795
[  3%]   step 9796
[  3%]   step 9797
[  3%]   step 9798
[  3%]   step 9799
[  3%]   step 9800
[  3%]   step 9801
[  3%]   step 9802
[  3%]   step 9803
[  3%]   step 9804
[  3%]   step 9805
[  3%]   step 9806
[  3%]   step 9807
[  3%]   step 9808
[  3%]   step 9809
[  3%]   step 9810
[  3%]   step 9811
[  3%]   step 9812
[  3%]   step 9813
[  3%]   step 9814
[  3%]   step 9815
[  3%]   step 9816
[  3%]   step 9817
[  3%]   step 9818
[  3%]   step 9819
[  3%]   step 9820
[  3%]   step 9821
[  3%]   step 9822
[  3%]   step 9823
[  3%]   step 9824
[  3%]   step 9825
[  3%]   step 9826
[  3%]   step 9827
[  3%]   step 9828
[  3%]   step 9829
[  3%]   step 9830
[  3%]   step 9831
[  3%]   step 9832
[  3%]   step 9833
[  3%]   step 9834
[  3%]   step 9835
[  3%]   step 9836
[  3%]   step 9837
[  3%]   step 9838
[  3%]   step 9839
[  3%]   step 9840
[  3%]   step 9841
[  3%]   step 9842
[  3%]   step 9843
[  3%]   step 9844
[  3%]   step 9845
[  3%]   step 9846
[  3%]   step 9847
[  3%]   step 9848
[  3%]   step 9849
[  3%]   step 9850
[  3%]   step 9851
[  3%]   step 9852
[  3%]   step 9853
[  3%]   step 9854
[  3%]   step 9855
[  3%]   step 9856
[  3%]   step 9857
[  3%]   step 9858
[  3%]   step 9859
[  3%]   step 9860
[  3%]   step 9861
[  3%]   step 9862
[  3%]   step 9863
[  3%]   step 9864
[  3%]   step 9865
[  3%]   step 9866
[  3%]   step 9867
[  3%]   step 9868
[  3%]   step 9869
[  3%]   step 9870
[  3%]   step 9871
[  3%]   step 9872
[  3%]   step 9873
[  3%]   step 9874
[  3%]   step 9875
[  3%]   step 9876
[  3%]   step 9877
[  3%]   step 9878
[  3%]   step 9879
[  3%]   step 9880
[  3%]   step 9881
[  3%]   step 9882
[  3%]   step 9883
[  3%]   step 9884
[  3%]   step 9885
[  3%]   step 9886
[  3%]   step 9887
[  3%]   step 9888
[  3%]   step 9889
[  3%]   step 9890
[  3%]   step 9891
[  3%]   step 9892
[  3%]   step 9893
[  3%]   step 9894
[  3%]   step 9895
[  3%]   step 9896
[  3%]   step 9897
[  3%]   step 9898
[  3%]   step 9899
[  3%]   step 9900
[  3%]   step 9901
[  3%]   step 9902
[  3%]   step 9903
[  3%]   step 9904
[  3%]   step 9905
[  3%]   step 9906
[  3%]   step 9907
[  3%]   step 9908
[  3%]   step 9909
[  3%]   step 9910
[  3%]   step 9911
[  3%]   step 9912
[  3%]   step 9913
[  3%]   step 9914
[  3%]   step 9915
[  3%]   step 9916
[  3%]   step 9917
[  3%]   step 9918
[  3%]   step 9919
[  3%]   step 9920
[  3%]   step 9921
[  3%]   step 9922
[  3%]   step 9923
[  3%]   step 9924
[  3%]   step 9925
[  3%]   step 9926
[  3%]   step 9927
[  3%]   step 9928
[  3%]   step 9929
[  3%]   step 9930
[  3%]   step 9931
[  3%]   step 9932
[  3%]   step 9933
[  3%]   step 9934
[  3%]   step 9935
[  3%]   step 9936
[  3%]   step 9937
[  3%]   step 9938
[  3%]   step 9939
[  3%]   step 9940
[  3%]   step 9941
[  3%]   step 9942
[  3%]   step 9943
[  3%]   step 9944
[  3%]   step 9945
[  3%]   step 9946
[  3%]   step 9947
[  3%]   step 9948
[  3%]   step 9949
[  3%]   step 9950
[  3%]   step 9951
[  3%]   step 9952
[  3%]   step 9953
[  3%]   step 9954
[  3%]   step 9955
[  3%]   step 9956
[  3%]   step 9957
[  3%]   step 9958
[  3%]   step 9959
[  3%]   step 9960
[  3%]   step 9961
[  3%]   step 9962
[  3%]   step 9963
[  3%]   step 9964
[  3%]   step 9965
[  3%]   step 9966
[  3%]   step 9967
[  3%]   step 9968
[  3%]   step 9969
[  3%]   step 9970
[  3%]   step 9971
[  3%]   step 9972
[  3%]   step 9973
[  3%]   step 9974
[  3%]   step 9975
[  3%]   step 9976
[  3%]   step 9977
[  3%]   step 9978
[  3%]   step 9979
[  3%]   step 9980
[  3%]   step 9981
[  3%]   step 9982
[  3%]   step 9983
[  3%]   step 9984
[  3%]   step 9985
[  3%]   step 9986
[  3%]   step 9987
[  3%]   step 9988
[  3%]   step 9989
[  3%]   step 9990
[  3%]   step 9991
[  3%]   step 9992
[  3%]   step 9993
[  3%]   step 9994
[  3%]   step 9995
[  3%]   step 9996
[  3%]   step 9997
[  3%]   step 9998
[  3%]   step 9999
[  3%]   step 10000
[  3%]   step 10001
[  3%]   step 10002
[  3%]   step 10003
[  3%]   step 10004
[  3%]   step 10005
[  3%]   step 10006
[  3%]   step 10007
[  3%]   step 10008
[  3%]   step 10009
[  3%]   step 10010
[  3%]   step 10011
[  3%]   step 10012
[  3%]   step 10013
[  3%]   step 10014
[  3%]   step 10015
[  3%]   step 10016
[  3%]   step 10017
[  3%]   step 10018
[  3%]   step 10019
[  3%]   step 10020
[  3%]   step 10021
[  3%]   step 10022
[  3%]   step 10023
[  3%]   step 10024
[  3%]   step 10025
[  3%]   step 10026
[  3%]   step 10027
[  3%]   step 10028
[  3%]   step 10029
[  3%]   step 10030
[  3%]   step 10031
[  3%]   step 10032
[  3%]   step 10033
[  3%]   step 10034
[  3%]   step 10035
[  3%]   step 10036
[  3%]   step 10037
[  3%]   step 10038
[  3%]   step 10039
[  3%]   step 10040
[  3%]   step 10041
[  3%]   step 10042
[  3%]   step 10043
[  3%]   step 10044
[  3%]   step 10045
[  3%]   step 10046
[  3%]   step 10047
[  3%]   step 10048
[  3%]   step 10049
[  3%]   step 10050
[  3%]   step 10051
[  3%]   step 10052
[  3%]   step 10053
[  3%]   step 10054
[  3%]   step 10055
[  3%]   step 10056
[  3%]   step 10057
[  3%]   step 10058
[  3%]   step 10059
[  3%]   step 10060
[  3%]   step 10061
[  3%]   step 10062
[  3%]   step 10063
[  3%]   step 10064
[  3%]   step 10065
[  3%]   step 10066
[  3%]   step 10067
[  3%]   step 10068
[  3%]   step 10069
[  3%]   step 10070
[  3%]   step 10071
[  3%]   step 10072
[  3%]   step 10073
[  3%]   step 10074
[  3%]   step 10075
[  3%]   step 10076
[  3%]   step 10077
[  3%]   step 10078
[  3%]   step 10079
[  3%]   step 10080
+SWASH is processing output request    1
+SWASH is processing output request    2
[  3%]   step 10081
[  3%]   step 10082
[  3%]   step 10083
[  3%]   step 10084
[  3%]   step 10085
[  3%]   step 10086
[  3%]   step 10087
[  3%]   step 10088
[  3%]   step 10089
[  3%]   step 10090
[  3%]   step 10091
[  3%]   step 10092
[  3%]   step 10093
[  3%]   step 10094
[  3%]   step 10095
[  3%]   step 10096
[  3%]   step 10097
[  3%]   step 10098
[  3%]   step 10099
[  3%]   step 10100
[  3%]   step 10101
[  3%]   step 10102
[  3%]   step 10103
[  3%]   step 10104
[  3%]   step 10105
[  3%]   step 10106
[  3%]   step 10107
[  3%]   step 10108
[  3%]   step 10109
[  3%]   step 10110
[  3%]   step 10111
[  3%]   step 10112
[  3%]   step 10113
[  3%]   step 10114
[  3%]   step 10115
[  3%]   step 10116
[  3%]   step 10117
[  3%]   step 10118
[  3%]   step 10119
[  3%]   step 10120
[  3%]   step 10121
[  3%]   step 10122
[  3%]   step 10123
[  3%]   step 10124
[  3%]   step 10125
[  3%]   step 10126
[  3%]   step 10127
[  3%]   step 10128
[  3%]   step 10129
[  3%]   step 10130
[  3%]   step 10131
[  3%]   step 10132
[  3%]   step 10133
[  3%]   step 10134
[  3%]   step 10135
[  3%]   step 10136
[  3%]   step 10137
[  3%]   step 10138
[  3%]   step 10139
[  3%]   step 10140
[  3%]   step 10141
[  3%]   step 10142
[  3%]   step 10143
[  3%]   step 10144
[  3%]   step 10145
[  3%]   step 10146
[  3%]   step 10147
[  3%]   step 10148
[  3%]   step 10149
[  3%]   step 10150
Terminating error: INSTABLE: water level is too far below the bottom level!
