/*---------------------------------------------------------------------------*\
| =========                 |                                                 |
| \\      /  F ield         | OpenFOAM: The Open Source CFD Toolbox           |
|  \\    /   O peration     | Version:  v1912                                 |
|   \\  /    A nd           | Website:  www.openfoam.com                      |
|    \\/     M anipulation  |                                                 |
\*---------------------------------------------------------------------------*/
Build  : _f3950763fe-20191219 OPENFOAM=1912
Arch   : "LSB;label=32;scalar=64"
Exec   : waveFoam -parallel
Date   : Feb 23 2026
Time   : 06:06:18
Host   : geoocean27
PID    : 55657
I/O    : uncollated
Case   : /home/alonsoap_foam/OpenFOAM/alonsoap_foam-v1912/run/HyCFD/outputs/openfoam_cases/0000
nProcs : 8
Hosts  :
(
    (geoocean27 8)
)
Pstream initialized with:
    floatTransfer      : 0
    nProcsSimpleSum    : 0
    commsType          : nonBlocking
    polling iterations : 0
trapFpe: Floating point exception trapping enabled (FOAM_SIGFPE).
fileModificationChecking : Monitoring run-time modified files using timeStampMaster (fileModificationSkew 10)
allowSystemOperations : Allowing user-supplied system call operations

// * * * * * * * * * * * * * * * * * * * * * * * * * * * * * * * * * * * * * //
Create time

--> FOAM Warning : 
    From function static Foam::IOstreamOption::compressionType Foam::IOstreamOption::compressionEnum(const Foam::word&)
    in file db/IOstreams/IOstreams/IOstreamOption.C at line 88
    Unknown compression specifier 'uncompressed', assuming no compression
Create mesh for time = 0

Selecting dynamicFvMesh staticFvMesh
// using new solver syntax:
pcorr
{
    solver          PCG;
    preconditioner  DIC;
    tolerance       1e-06;
    relTol          0.01;
}

// using new solver syntax:
pcorrFinal
{
    solver          PCG;
    preconditioner  DIC;
    tolerance       1e-06;
    relTol          0.01;
}

// using new solver syntax:
p_rgh
{
    solver          PCG;
    preconditioner  DIC;
    tolerance       1e-07;
    relTol          0.001;
}

// using new solver syntax:
p_rghFinal
{
    solver          PCG;
    preconditioner  DIC;
    tolerance       1e-07;
    relTol          0;
}

// using new solver syntax:
U
{
    solver          PBiCG;
    preconditioner  DILU;
    tolerance       1e-09;
    relTol          0;
}

// using new solver syntax:
UFinal
{
    solver          PBiCG;
    preconditioner  DILU;
    tolerance       1e-09;
    relTol          0;
}

// using new solver syntax:
gamma
{
    solver          PBiCG;
    preconditioner  DILU;
    tolerance       1e-07;
    relTol          0;
}

// using new solver syntax:
alpha.water
{
    solver          PBiCG;
    preconditioner  DILU;
    tolerance       1e-09;
    relTol          0;
    nAlphaCorr      1;
    nAlphaSubCycles 1;
    cAlpha          1;
}


PIMPLE: Operating solver in PISO mode


Reading g

Reading waveProperties

Reading waveProperties
Reading field p_rgh

Reading field U

Reading/calculating face flux field phi

Reading transportProperties

Selecting incompressible transport model Newtonian
Selecting incompressible transport model Newtonian
Selecting turbulence model type RAS
Selecting RAS turbulence model stressOmega
stressOmegaCoeffs
{
    alphaB          1.356;
    couplingFactor  0;
    betaStar        0.09;
    beta0           0.0708;
    gamma           0.52;
    alphaK          0.6;
    alphaOmega      0.5;
    C1              1.8;
    alphaHat        0.7751;
    betaHat         0.201;
    gammaHat        0.5014;
    sigmad0         0.125;
}

No MRF models present

No finite volume options present
DICPCG:  Solving for pcorr, Initial residual = 0, Final residual = 0, No Iterations 0
DICPCG:  Solving for pcorr, Initial residual = 0, Final residual = 0, No Iterations 0
time step continuity errors : sum local = 0, global = 0, cumulative = 0
Courant Number mean: 0 max: 0

Starting time loop

Reading set description:
    gauge_0
    gauge_1
    gauge_2
    gauge_3
    gauge_4
    gauge_5
    gauge_6
    gauge_7
    gauge_8
    gauge_9
    gauge_10

Courant Number mean: 0 max: 0
Interface Courant Number mean: 0 max: 0
deltaT = 0.00119904
Time = 0.00119904

PIMPLE: iteration 1
MULES: Solving for alpha.water
Phase-1 volume fraction = 0.295172  Min(alpha.water) = 0  Max(alpha.water) = 1
Relaxing time: 0.03 s
DILUPBiCG:  Solving for Ux, Initial residual = 0.0463966, Final residual = 4.05677e-13, No Iterations 1
DILUPBiCG:  Solving for Uy, Initial residual = 0.890192, Final residual = 1.47367e-10, No Iterations 1
DICPCG:  Solving for p_rgh, Initial residual = 1, Final residual = 0.000511161, No Iterations 1
DICPCG:  Solving for p_rgh, Initial residual = 0.000620951, Final residual = 5.17554e-07, No Iterations 38
time step continuity errors : sum local = 2.17934e-11, global = -2.42531e-13, cumulative = -2.42531e-13
DICPCG:  Solving for p_rgh, Initial residual = 2.75915e-05, Final residual = 9.3338e-08, No Iterations 19
DICPCG:  Solving for p_rgh, Initial residual = 4.22049e-06, Final residual = 8.97738e-08, No Iterations 13
time step continuity errors : sum local = 3.77652e-12, global = 2.63175e-13, cumulative = 2.06445e-14
DICPCG:  Solving for p_rgh, Initial residual = 7.56368e-07, Final residual = 8.95213e-08, No Iterations 2
DICPCG:  Solving for p_rgh, Initial residual = 1.34176e-07, Final residual = 7.55171e-08, No Iterations 1
time step continuity errors : sum local = 3.17677e-12, global = 2.73994e-13, cumulative = 2.94639e-13
DICPCG:  Solving for p_rgh, Initial residual = 8.04583e-08, Final residual = 8.04583e-08, No Iterations 0
DICPCG:  Solving for p_rgh, Initial residual = 8.04583e-08, Final residual = 8.04583e-08, No Iterations 0
time step continuity errors : sum local = 3.38463e-12, global = 2.73994e-13, cumulative = 5.68633e-13
DILUPBiCGStab:  Solving for omega, Initial residual = 0.00109386, Final residual = 2.8495e-14, No Iterations 1
DILUPBiCGStab:  Solving for Rxx, Initial residual = 1, Final residual = 2.72225e-11, No Iterations 1
DILUPBiCGStab:  Solving for Rxy, Initial residual = 1, Final residual = 2.66852e-11, No Iterations 1
DILUPBiCGStab:  Solving for Ryy, Initial residual = 1, Final residual = 2.32659e-11, No Iterations 1
DILUPBiCGStab:  Solving for Rzz, Initial residual = 1, Final residual = 2.72228e-11, No Iterations 1
ExecutionTime = 0.15 s  ClockTime = 0 s

Courant Number mean: 1.35233e-07 max: 0.000463785
Interface Courant Number mean: 1.15609e-08 max: 0.000433052
deltaT = 0.00143747
Time = 0.00263651

PIMPLE: iteration 1
MULES: Solving for alpha.water
Phase-1 volume fraction = 0.295172  Min(alpha.water) = -9.46274e-22  Max(alpha.water) = 1
Relaxing time: 0.03 s
DILUPBiCG:  Solving for Ux, Initial residual = 0.00413386, Final residual = 2.60648e-12, No Iterations 1
DILUPBiCG:  Solving for Uy, Initial residual = 0.0309725, Final residual = 2.09762e-10, No Iterations 1
DICPCG:  Solving for p_rgh, Initial residual = 0.000235908, Final residual = 2.29065e-07, No Iterations 31
DICPCG:  Solving for p_rgh, Initial residual = 7.68984e-06, Final residual = 9.17575e-08, No Iterations 13
time step continuity errors : sum local = 5.5449e-12, global = 5.95959e-14, cumulative = 6.28228e-13
DICPCG:  Solving for p_rgh, Initial residual = 7.0459e-07, Final residual = 7.67812e-08, No Iterations 2
DICPCG:  Solving for p_rgh, Initial residual = 1.2871e-07, Final residual = 6.36653e-08, No Iterations 1
time step continuity errors : sum local = 3.8473e-12, global = 8.69232e-14, cumulative = 7.15152e-13
DICPCG:  Solving for p_rgh, Initial residual = 6.88765e-08, Final residual = 6.88765e-08, No Iterations 0
DICPCG:  Solving for p_rgh, Initial residual = 6.88765e-08, Final residual = 6.88765e-08, No Iterations 0
time step continuity errors : sum local = 4.16221e-12, global = 8.69232e-14, cumulative = 8.02075e-13
DICPCG:  Solving for p_rgh, Initial residual = 6.88778e-08, Final residual = 6.88778e-08, No Iterations 0
DICPCG:  Solving for p_rgh, Initial residual = 6.88778e-08, Final residual = 6.88778e-08, No Iterations 0
time step continuity errors : sum local = 4.16229e-12, global = 8.69232e-14, cumulative = 8.88998e-13
DILUPBiCGStab:  Solving for omega, Initial residual = 0.0013122, Final residual = 4.93095e-14, No Iterations 1
DILUPBiCGStab:  Solving for Rxx, Initial residual = 0.936521, Final residual = 3.34321e-11, No Iterations 1
DILUPBiCGStab:  Solving for Rxy, Initial residual = 0.0752674, Final residual = 4.05429e-12, No Iterations 1
DILUPBiCGStab:  Solving for Ryy, Initial residual = 0.0613001, Final residual = 2.47083e-11, No Iterations 1
DILUPBiCGStab:  Solving for Rzz, Initial residual = 0.93652, Final residual = 3.34204e-11, No Iterations 1
ExecutionTime = 0.21 s  ClockTime = 0 s

Courant Number mean: 3.70337e-07 max: 0.00108499
Interface Courant Number mean: 2.81452e-08 max: 0.00100794
deltaT = 0.00172696
Time = 0.00436346

PIMPLE: iteration 1
MULES: Solving for alpha.water
Phase-1 volume fraction = 0.295172  Min(alpha.water) = -1.11322e-21  Max(alpha.water) = 1
Relaxing time: 0.04 s
DILUPBiCG:  Solving for Ux, Initial residual = 0.00253871, Final residual = 5.78557e-12, No Iterations 1
DILUPBiCG:  Solving for Uy, Initial residual = 0.0223076, Final residual = 5.9802e-10, No Iterations 1
DICPCG:  Solving for p_rgh, Initial residual = 0.000246053, Final residual = 2.04724e-07, No Iterations 30
DICPCG:  Solving for p_rgh, Initial residual = 4.3657e-06, Final residual = 9.85392e-08, No Iterations 10
time step continuity errors : sum local = 8.5913e-12, global = -1.30393e-12, cumulative = -4.14932e-13
DICPCG:  Solving for p_rgh, Initial residual = 5.47837e-07, Final residual = 8.27054e-08, No Iterations 2
DICPCG:  Solving for p_rgh, Initial residual = 1.36906e-07, Final residual = 7.29027e-08, No Iterations 1
time step continuity errors : sum local = 6.35617e-12, global = -1.11173e-12, cumulative = -1.52666e-12
DICPCG:  Solving for p_rgh, Initial residual = 7.74939e-08, Final residual = 7.74939e-08, No Iterations 0
DICPCG:  Solving for p_rgh, Initial residual = 7.74939e-08, Final residual = 7.74939e-08, No Iterations 0
time step continuity errors : sum local = 6.75646e-12, global = -1.11173e-12, cumulative = -2.63839e-12
DICPCG:  Solving for p_rgh, Initial residual = 7.74949e-08, Final residual = 7.74949e-08, No Iterations 0
DICPCG:  Solving for p_rgh, Initial residual = 7.74949e-08, Final residual = 7.74949e-08, No Iterations 0
time step continuity errors : sum local = 6.75655e-12, global = -1.11173e-12, cumulative = -3.75012e-12
DILUPBiCGStab:  Solving for omega, Initial residual = 0.00157601, Final residual = 8.76722e-14, No Iterations 1
DILUPBiCGStab:  Solving for Rxx, Initial residual = 0.888081, Final residual = 4.4848e-11, No Iterations 1
DILUPBiCGStab:  Solving for Rxy, Initial residual = 0.0431126, Final residual = 8.83655e-12, No Iterations 1
DILUPBiCGStab:  Solving for Ryy, Initial residual = 0.0620183, Final residual = 6.39117e-11, No Iterations 1
DILUPBiCGStab:  Solving for Rzz, Initial residual = 0.888086, Final residual = 4.46589e-11, No Iterations 1
ExecutionTime = 0.27 s  ClockTime = 0 s

Courant Number mean: 7.27052e-07 max: 0.00199015
Interface Courant Number mean: 5.2937e-08 max: 0.00184348
deltaT = 0.00207379
Time = 0.00643726

PIMPLE: iteration 1
MULES: Solving for alpha.water
Phase-1 volume fraction = 0.295172  Min(alpha.water) = -3.22213e-21  Max(alpha.water) = 1
Relaxing time: 0.03 s
DILUPBiCG:  Solving for Ux, Initial residual = 0.00198802, Final residual = 1.21213e-11, No Iterations 1
DILUPBiCG:  Solving for Uy, Initial residual = 0.0186018, Final residual = 2.79868e-17, No Iterations 2
DICPCG:  Solving for p_rgh, Initial residual = 0.000324171, Final residual = 2.78501e-07, No Iterations 24
DICPCG:  Solving for p_rgh, Initial residual = 4.75601e-06, Final residual = 9.82287e-08, No Iterations 12
time step continuity errors : sum local = 1.23343e-11, global = -1.18023e-12, cumulative = -4.93035e-12
DICPCG:  Solving for p_rgh, Initial residual = 5.34243e-07, Final residual = 9.6499e-08, No Iterations 2
DICPCG:  Solving for p_rgh, Initial residual = 1.43199e-07, Final residual = 8.499e-08, No Iterations 1
time step continuity errors : sum local = 1.0672e-11, global = -1.14439e-12, cumulative = -6.07474e-12
DICPCG:  Solving for p_rgh, Initial residual = 8.77355e-08, Final residual = 8.77355e-08, No Iterations 0
DICPCG:  Solving for p_rgh, Initial residual = 8.77355e-08, Final residual = 8.77355e-08, No Iterations 0
time step continuity errors : sum local = 1.10167e-11, global = -1.14439e-12, cumulative = -7.21913e-12
DICPCG:  Solving for p_rgh, Initial residual = 8.77346e-08, Final residual = 8.77346e-08, No Iterations 0
DICPCG:  Solving for p_rgh, Initial residual = 8.77346e-08, Final residual = 8.77346e-08, No Iterations 0
time step continuity errors : sum local = 1.10166e-11, global = -1.14439e-12, cumulative = -8.36352e-12
DILUPBiCGStab:  Solving for omega, Initial residual = 0.00189117, Final residual = 1.97894e-13, No Iterations 1
DILUPBiCGStab:  Solving for Rxx, Initial residual = 0.850985, Final residual = 8.46632e-11, No Iterations 1
DILUPBiCGStab:  Solving for Rxy, Initial residual = 0.0328667, Final residual = 2.77108e-11, No Iterations 1
DILUPBiCGStab:  Solving for Ryy, Initial residual = 0.0647589, Final residual = 1.39707e-10, No Iterations 1
DILUPBiCGStab:  Solving for Rzz, Initial residual = 0.850985, Final residual = 8.31029e-11, No Iterations 1
ExecutionTime = 0.33 s  ClockTime = 0 s

Courant Number mean: 1.27011e-06 max: 0.00329474
Interface Courant Number mean: 8.9521e-08 max: 0.00304715
deltaT = 0.00249274
Time = 0.00893

PIMPLE: iteration 1
MULES: Solving for alpha.water
Phase-1 volume fraction = 0.295172  Min(alpha.water) = -4.53479e-21  Max(alpha.water) = 1
Relaxing time: 0.04 s
DILUPBiCG:  Solving for Ux, Initial residual = 0.00162109, Final residual = 2.33305e-11, No Iterations 1
DILUPBiCG:  Solving for Uy, Initial residual = 0.0146522, Final residual = 1.38138e-16, No Iterations 2
DICPCG:  Solving for p_rgh, Initial residual = 0.000398166, Final residual = 3.48265e-07, No Iterations 17
DICPCG:  Solving for p_rgh, Initial residual = 3.23953e-06, Final residual = 9.90256e-08, No Iterations 13
time step continuity errors : sum local = 1.79431e-11, global = -2.45711e-12, cumulative = -1.08206e-11
DICPCG:  Solving for p_rgh, Initial residual = 5.17367e-07, Final residual = 8.58377e-08, No Iterations 2
DICPCG:  Solving for p_rgh, Initial residual = 1.34528e-07, Final residual = 7.78218e-08, No Iterations 1
time step continuity errors : sum local = 1.4101e-11, global = -2.41524e-12, cumulative = -1.32359e-11
DICPCG:  Solving for p_rgh, Initial residual = 8.0971e-08, Final residual = 8.0971e-08, No Iterations 0
DICPCG:  Solving for p_rgh, Initial residual = 8.0971e-08, Final residual = 8.0971e-08, No Iterations 0
time step continuity errors : sum local = 1.46717e-11, global = -2.41524e-12, cumulative = -1.56511e-11
DICPCG:  Solving for p_rgh, Initial residual = 8.09709e-08, Final residual = 8.09709e-08, No Iterations 0
DICPCG:  Solving for p_rgh, Initial residual = 8.09709e-08, Final residual = 8.09709e-08, No Iterations 0
time step continuity errors : sum local = 1.46716e-11, global = -2.41524e-12, cumulative = -1.80663e-11
DILUPBiCGStab:  Solving for omega, Initial residual = 0.00227083, Final residual = 3.74225e-13, No Iterations 1
DILUPBiCGStab:  Solving for Rxx, Initial residual = 0.822465, Final residual = 1.42093e-10, No Iterations 1
DILUPBiCGStab:  Solving for Rxy, Initial residual = 0.0287324, Final residual = 5.41021e-11, No Iterations 1
DILUPBiCGStab:  Solving for Ryy, Initial residual = 0.0673861, Final residual = 2.75906e-10, No Iterations 1
DILUPBiCGStab:  Solving for Rzz, Initial residual = 0.822369, Final residual = 1.35962e-10, No Iterations 1
ExecutionTime = 0.39 s  ClockTime = 0 s

Courant Number mean: 2.08858e-06 max: 0.00512932
Interface Courant Number mean: 1.42806e-07 max: 0.00474149
deltaT = 0.00299433
Time = 0.0119243

PIMPLE: iteration 1
MULES: Solving for alpha.water
Phase-1 volume fraction = 0.295172  Min(alpha.water) = -1.01025e-20  Max(alpha.water) = 1
Relaxing time: 0.04 s
DILUPBiCG:  Solving for Ux, Initial residual = 0.00145636, Final residual = 4.39842e-11, No Iterations 1
DILUPBiCG:  Solving for Uy, Initial residual = 0.0129865, Final residual = 7.03654e-16, No Iterations 2
DICPCG:  Solving for p_rgh, Initial residual = 0.000487329, Final residual = 4.51432e-07, No Iterations 16
DICPCG:  Solving for p_rgh, Initial residual = 3.48901e-06, Final residual = 8.53133e-08, No Iterations 15
time step continuity errors : sum local = 2.22605e-11, global = -2.18523e-12, cumulative = -2.02516e-11
DICPCG:  Solving for p_rgh, Initial residual = 5.30779e-07, Final residual = 8.27174e-08, No Iterations 2
DICPCG:  Solving for p_rgh, Initial residual = 1.2595e-07, Final residual = 7.23134e-08, No Iterations 1
time step continuity errors : sum local = 1.88687e-11, global = -2.12265e-12, cumulative = -2.23742e-11
DICPCG:  Solving for p_rgh, Initial residual = 7.55571e-08, Final residual = 7.55571e-08, No Iterations 0
DICPCG:  Solving for p_rgh, Initial residual = 7.55571e-08, Final residual = 7.55571e-08, No Iterations 0
time step continuity errors : sum local = 1.97151e-11, global = -2.12265e-12, cumulative = -2.44969e-11
DICPCG:  Solving for p_rgh, Initial residual = 7.55576e-08, Final residual = 7.55576e-08, No Iterations 0
DICPCG:  Solving for p_rgh, Initial residual = 7.55576e-08, Final residual = 7.55576e-08, No Iterations 0
time step continuity errors : sum local = 1.97152e-11, global = -2.12265e-12, cumulative = -2.66195e-11
DILUPBiCGStab:  Solving for omega, Initial residual = 0.00272412, Final residual = 7.57807e-13, No Iterations 1
DILUPBiCGStab:  Solving for Rxx, Initial residual = 0.799267, Final residual = 2.16827e-10, No Iterations 1
DILUPBiCGStab:  Solving for Rxy, Initial residual = 0.0274812, Final residual = 3.46691e-11, No Iterations 1
DILUPBiCGStab:  Solving for Ryy, Initial residual = 0.0697747, Final residual = 4.81626e-10, No Iterations 1
DILUPBiCGStab:  Solving for Rzz, Initial residual = 0.799325, Final residual = 2.12146e-10, No Iterations 1
ExecutionTime = 0.46 s  ClockTime = 0 s

Courant Number mean: 3.29478e-06 max: 0.00762436
Interface Courant Number mean: 2.18631e-07 max: 0.0070484
deltaT = 0.00358879
Time = 0.0155131

PIMPLE: iteration 1
MULES: Solving for alpha.water
Phase-1 volume fraction = 0.295171  Min(alpha.water) = -1.44432e-20  Max(alpha.water) = 1
Relaxing time: 0.03 s
DILUPBiCG:  Solving for Ux, Initial residual = 0.00134766, Final residual = 8.00732e-11, No Iterations 1
DILUPBiCG:  Solving for Uy, Initial residual = 0.0116177, Final residual = 1.17135e-15, No Iterations 2
DICPCG:  Solving for p_rgh, Initial residual = 0.000580421, Final residual = 5.7479e-07, No Iterations 14
DICPCG:  Solving for p_rgh, Initial residual = 3.31872e-06, Final residual = 8.38575e-08, No Iterations 15
time step continuity errors : sum local = 3.13589e-11, global = -4.09322e-12, cumulative = -3.07128e-11
DICPCG:  Solving for p_rgh, Initial residual = 5.12792e-07, Final residual = 7.73214e-08, No Iterations 2
DICPCG:  Solving for p_rgh, Initial residual = 1.09167e-07, Final residual = 6.75986e-08, No Iterations 1
time step continuity errors : sum local = 2.52788e-11, global = -3.91773e-12, cumulative = -3.46305e-11
DICPCG:  Solving for p_rgh, Initial residual = 7.06884e-08, Final residual = 7.06884e-08, No Iterations 0
DICPCG:  Solving for p_rgh, Initial residual = 7.06884e-08, Final residual = 7.06884e-08, No Iterations 0
time step continuity errors : sum local = 2.64342e-11, global = -3.91773e-12, cumulative = -3.85482e-11
DICPCG:  Solving for p_rgh, Initial residual = 7.0696e-08, Final residual = 7.0696e-08, No Iterations 0
DICPCG:  Solving for p_rgh, Initial residual = 7.0696e-08, Final residual = 7.0696e-08, No Iterations 0
time step continuity errors : sum local = 2.64371e-11, global = -3.91773e-12, cumulative = -4.2466e-11
DILUPBiCGStab:  Solving for omega, Initial residual = 0.00325952, Final residual = 1.40048e-12, No Iterations 1
DILUPBiCGStab:  Solving for Rxx, Initial residual = 0.779807, Final residual = 3.35567e-10, No Iterations 1
DILUPBiCGStab:  Solving for Rxy, Initial residual = 0.0283302, Final residual = 5.58096e-11, No Iterations 1
DILUPBiCGStab:  Solving for Ryy, Initial residual = 0.0740541, Final residual = 8.95439e-10, No Iterations 1
DILUPBiCGStab:  Solving for Rzz, Initial residual = 0.779759, Final residual = 3.27041e-10, No Iterations 1
ExecutionTime = 0.53 s  ClockTime = 0 s

Courant Number mean: 5.04635e-06 max: 0.0109309
Interface Courant Number mean: 3.24664e-07 max: 0.0101082
deltaT = 0.00428749
Time = 0.0198006

PIMPLE: iteration 1
MULES: Solving for alpha.water
Phase-1 volume fraction = 0.295171  Min(alpha.water) = -1.0588e-20  Max(alpha.water) = 1
Relaxing time: 0.03 s
DILUPBiCG:  Solving for Ux, Initial residual = 0.00130622, Final residual = 1.48963e-10, No Iterations 1
DILUPBiCG:  Solving for Uy, Initial residual = 0.0109952, Final residual = 1.93311e-14, No Iterations 2
DICPCG:  Solving for p_rgh, Initial residual = 0.000681016, Final residual = 5.63047e-07, No Iterations 14
DICPCG:  Solving for p_rgh, Initial residual = 3.01341e-06, Final residual = 8.4946e-08, No Iterations 15
time step continuity errors : sum local = 4.52167e-11, global = -5.05208e-12, cumulative = -4.7518e-11
DICPCG:  Solving for p_rgh, Initial residual = 5.55506e-07, Final residual = 7.00852e-08, No Iterations 2
DICPCG:  Solving for p_rgh, Initial residual = 9.00284e-08, Final residual = 9.00284e-08, No Iterations 0
time step continuity errors : sum local = 4.79225e-11, global = -4.91279e-12, cumulative = -5.24308e-11
DICPCG:  Solving for p_rgh, Initial residual = 8.90282e-08, Final residual = 8.90282e-08, No Iterations 0
DICPCG:  Solving for p_rgh, Initial residual = 8.90282e-08, Final residual = 8.90282e-08, No Iterations 0
time step continuity errors : sum local = 4.73901e-11, global = -4.91279e-12, cumulative = -5.73436e-11
DICPCG:  Solving for p_rgh, Initial residual = 8.90236e-08, Final residual = 8.90236e-08, No Iterations 0
DICPCG:  Solving for p_rgh, Initial residual = 8.90236e-08, Final residual = 8.90236e-08, No Iterations 0
time step continuity errors : sum local = 4.73876e-11, global = -4.91279e-12, cumulative = -6.22564e-11
DILUPBiCGStab:  Solving for omega, Initial residual = 0.00388626, Final residual = 2.66994e-12, No Iterations 1
DILUPBiCGStab:  Solving for Rxx, Initial residual = 0.76322, Final residual = 5.4296e-10, No Iterations 1
DILUPBiCGStab:  Solving for Rxy, Initial residual = 0.0310403, Final residual = 3.0659e-10, No Iterations 1
DILUPBiCGStab:  Solving for Ryy, Initial residual = 0.0781099, Final residual = 1.55352e-09, No Iterations 1
DILUPBiCGStab:  Solving for Rzz, Initial residual = 0.763056, Final residual = 5.13186e-10, No Iterations 1
ExecutionTime = 0.59 s  ClockTime = 0 s

Courant Number mean: 7.54593e-06 max: 0.0152322
Interface Courant Number mean: 4.70769e-07 max: 0.0140887
deltaT = 0.00516343
Time = 0.024964

PIMPLE: iteration 1
MULES: Solving for alpha.water
Phase-1 volume fraction = 0.295171  Min(alpha.water) = -7.00361e-20  Max(alpha.water) = 1
Relaxing time: 0.03 s
DILUPBiCG:  Solving for Ux, Initial residual = 0.00129406, Final residual = 2.89252e-10, No Iterations 1
DILUPBiCG:  Solving for Uy, Initial residual = 0.0104971, Final residual = 1.3942e-14, No Iterations 2
DICPCG:  Solving for p_rgh, Initial residual = 0.000795034, Final residual = 7.13458e-07, No Iterations 13
DICPCG:  Solving for p_rgh, Initial residual = 2.88416e-06, Final residual = 9.79631e-08, No Iterations 15
time step continuity errors : sum local = 7.54145e-11, global = -6.68805e-12, cumulative = -6.89445e-11
DICPCG:  Solving for p_rgh, Initial residual = 6.69545e-07, Final residual = 6.37053e-08, No Iterations 2
DICPCG:  Solving for p_rgh, Initial residual = 7.71098e-08, Final residual = 7.71098e-08, No Iterations 0
time step continuity errors : sum local = 5.93613e-11, global = -6.49113e-12, cumulative = -7.54356e-11
DICPCG:  Solving for p_rgh, Initial residual = 7.64489e-08, Final residual = 7.64489e-08, No Iterations 0
DICPCG:  Solving for p_rgh, Initial residual = 7.64489e-08, Final residual = 7.64489e-08, No Iterations 0
time step continuity errors : sum local = 5.88526e-11, global = -6.49113e-12, cumulative = -8.19267e-11
DICPCG:  Solving for p_rgh, Initial residual = 7.64435e-08, Final residual = 7.64435e-08, No Iterations 0
DICPCG:  Solving for p_rgh, Initial residual = 7.64435e-08, Final residual = 7.64435e-08, No Iterations 0
time step continuity errors : sum local = 5.88484e-11, global = -6.49113e-12, cumulative = -8.84179e-11
DILUPBiCGStab:  Solving for omega, Initial residual = 0.00466814, Final residual = 5.01478e-12, No Iterations 1
DILUPBiCGStab:  Solving for Rxx, Initial residual = 0.712905, Final residual = 7.8502e-10, No Iterations 1
DILUPBiCGStab:  Solving for Rxy, Initial residual = 0.0355287, Final residual = 2.96605e-10, No Iterations 1
DILUPBiCGStab:  Solving for Ryy, Initial residual = 0.0826887, Final residual = 2.69415e-09, No Iterations 1
DILUPBiCGStab:  Solving for Rzz, Initial residual = 0.750592, Final residual = 7.73812e-10, No Iterations 1
ExecutionTime = 0.65 s  ClockTime = 0 s

Courant Number mean: 1.12253e-05 max: 0.0210503
Interface Courant Number mean: 6.79627e-07 max: 0.0194732
deltaT = 0.0061693
Time = 0.0311333

PIMPLE: iteration 1
MULES: Solving for alpha.water
Phase-1 volume fraction = 0.295171  Min(alpha.water) = -1.53128e-19  Max(alpha.water) = 1
Relaxing time: 0.03 s
DILUPBiCG:  Solving for Ux, Initial residual = 0.00129724, Final residual = 5.67457e-10, No Iterations 1
DILUPBiCG:  Solving for Uy, Initial residual = 0.0101897, Final residual = 2.89429e-14, No Iterations 2
DICPCG:  Solving for p_rgh, Initial residual = 0.000936631, Final residual = 8.17572e-07, No Iterations 13
DICPCG:  Solving for p_rgh, Initial residual = 2.826e-06, Final residual = 9.4447e-08, No Iterations 15
time step continuity errors : sum local = 1.03495e-10, global = -8.81168e-12, cumulative = -9.72295e-11
DICPCG:  Solving for p_rgh, Initial residual = 8.69382e-07, Final residual = 8.46401e-08, No Iterations 1
DICPCG:  Solving for p_rgh, Initial residual = 9.67142e-08, Final residual = 9.67142e-08, No Iterations 0
time step continuity errors : sum local = 1.0598e-10, global = -8.64717e-12, cumulative = -1.05877e-10
DICPCG:  Solving for p_rgh, Initial residual = 9.75323e-08, Final residual = 9.75323e-08, No Iterations 0
DICPCG:  Solving for p_rgh, Initial residual = 9.75323e-08, Final residual = 9.75323e-08, No Iterations 0
time step continuity errors : sum local = 1.06876e-10, global = -8.64719e-12, cumulative = -1.14524e-10
DICPCG:  Solving for p_rgh, Initial residual = 9.74691e-08, Final residual = 9.74691e-08, No Iterations 0
DICPCG:  Solving for p_rgh, Initial residual = 9.74691e-08, Final residual = 9.74691e-08, No Iterations 0
time step continuity errors : sum local = 1.06807e-10, global = -8.64719e-12, cumulative = -1.23171e-10
DILUPBiCGStab:  Solving for omega, Initial residual = 0.0055596, Final residual = 9.18318e-12, No Iterations 1
DILUPBiCGStab:  Solving for Rxx, Initial residual = 0.651335, Final residual = 1.05538e-09, No Iterations 1
DILUPBiCGStab:  Solving for Rxy, Initial residual = 0.0419754, Final residual = 3.95249e-10, No Iterations 1
DILUPBiCGStab:  Solving for Ryy, Initial residual = 0.0866106, Final residual = 4.4937e-09, No Iterations 1
DILUPBiCGStab:  Solving for Rzz, Initial residual = 0.72724, Final residual = 1.10076e-09, No Iterations 1
ExecutionTime = 0.71 s  ClockTime = 1 s

Courant Number mean: 1.63793e-05 max: 0.0284742
Interface Courant Number mean: 9.63044e-07 max: 0.026348
deltaT = 0.00721333
Time = 0.0383467

PIMPLE: iteration 1
MULES: Solving for alpha.water
Phase-1 volume fraction = 0.295171  Min(alpha.water) = -3.75734e-20  Max(alpha.water) = 1
Relaxing time: 0.04 s
DILUPBiCG:  Solving for Ux, Initial residual = 0.00129136, Final residual = 1.79799e-13, No Iterations 2
DILUPBiCG:  Solving for Uy, Initial residual = 0.00976228, Final residual = 1.26743e-13, No Iterations 2
DICPCG:  Solving for p_rgh, Initial residual = 0.00110035, Final residual = 1.07705e-06, No Iterations 11
DICPCG:  Solving for p_rgh, Initial residual = 2.98951e-06, Final residual = 9.97788e-08, No Iterations 16
time step continuity errors : sum local = 1.49045e-10, global = -1.51504e-11, cumulative = -1.38322e-10
DICPCG:  Solving for p_rgh, Initial residual = 1.25377e-06, Final residual = 8.37505e-08, No Iterations 1
DICPCG:  Solving for p_rgh, Initial residual = 1.02956e-07, Final residual = 5.90563e-08, No Iterations 1
time step continuity errors : sum local = 8.82154e-11, global = -1.35269e-11, cumulative = -1.51848e-10
DICPCG:  Solving for p_rgh, Initial residual = 6.72747e-08, Final residual = 6.72747e-08, No Iterations 0
DICPCG:  Solving for p_rgh, Initial residual = 6.72747e-08, Final residual = 6.72747e-08, No Iterations 0
time step continuity errors : sum local = 1.00492e-10, global = -1.3527e-11, cumulative = -1.65375e-10
DICPCG:  Solving for p_rgh, Initial residual = 6.73848e-08, Final residual = 6.73848e-08, No Iterations 0
DICPCG:  Solving for p_rgh, Initial residual = 6.73848e-08, Final residual = 6.73848e-08, No Iterations 0
time step continuity errors : sum local = 1.00656e-10, global = -1.3527e-11, cumulative = -1.78902e-10
DILUPBiCGStab:  Solving for omega, Initial residual = 0.00647564, Final residual = 1.48053e-11, No Iterations 1
DILUPBiCGStab:  Solving for Rxx, Initial residual = 0.584127, Final residual = 1.38041e-09, No Iterations 1
DILUPBiCGStab:  Solving for Rxy, Initial residual = 0.0494413, Final residual = 7.44713e-10, No Iterations 1
DILUPBiCGStab:  Solving for Ryy, Initial residual = 0.0886901, Final residual = 7.12118e-09, No Iterations 1
DILUPBiCGStab:  Solving for Rzz, Initial residual = 0.671417, Final residual = 1.44894e-09, No Iterations 1
ExecutionTime = 0.77 s  ClockTime = 1 s

Courant Number mean: 2.31136e-05 max: 0.0371913
Interface Courant Number mean: 1.31944e-06 max: 0.0344281
deltaT = 0.00824381
Time = 0.0465905

PIMPLE: iteration 1
MULES: Solving for alpha.water
Phase-1 volume fraction = 0.29517  Min(alpha.water) = -1.76075e-19  Max(alpha.water) = 1
Relaxing time: 0.03 s
DILUPBiCG:  Solving for Ux, Initial residual = 0.00127714, Final residual = 3.71363e-14, No Iterations 2
DILUPBiCG:  Solving for Uy, Initial residual = 0.00926881, Final residual = 3.28448e-13, No Iterations 2
DICPCG:  Solving for p_rgh, Initial residual = 0.00127509, Final residual = 1.27235e-06, No Iterations 12
DICPCG:  Solving for p_rgh, Initial residual = 3.35436e-06, Final residual = 9.70783e-08, No Iterations 16
time step continuity errors : sum local = 1.88858e-10, global = -1.98192e-11, cumulative = -1.98722e-10
DICPCG:  Solving for p_rgh, Initial residual = 1.74049e-06, Final residual = 7.5796e-08, No Iterations 1
DICPCG:  Solving for p_rgh, Initial residual = 1.03589e-07, Final residual = 5.70715e-08, No Iterations 1
time step continuity errors : sum local = 1.11029e-10, global = -1.80318e-11, cumulative = -2.16753e-10
DICPCG:  Solving for p_rgh, Initial residual = 7.50044e-08, Final residual = 7.50044e-08, No Iterations 0
DICPCG:  Solving for p_rgh, Initial residual = 7.50044e-08, Final residual = 7.50044e-08, No Iterations 0
time step continuity errors : sum local = 1.45916e-10, global = -1.8032e-11, cumulative = -2.34785e-10
DICPCG:  Solving for p_rgh, Initial residual = 7.52285e-08, Final residual = 7.52285e-08, No Iterations 0
DICPCG:  Solving for p_rgh, Initial residual = 7.52285e-08, Final residual = 7.52285e-08, No Iterations 0
time step continuity errors : sum local = 1.46352e-10, global = -1.8032e-11, cumulative = -2.52818e-10
DILUPBiCGStab:  Solving for omega, Initial residual = 0.00736715, Final residual = 2.68775e-11, No Iterations 1
DILUPBiCGStab:  Solving for Rxx, Initial residual = 0.508176, Final residual = 1.84492e-09, No Iterations 1
DILUPBiCGStab:  Solving for Rxy, Initial residual = 0.0569279, Final residual = 1.34996e-09, No Iterations 1
DILUPBiCGStab:  Solving for Ryy, Initial residual = 0.0926272, Final residual = 1.12055e-08, No Iterations 1
DILUPBiCGStab:  Solving for Rzz, Initial residual = 0.608206, Final residual = 1.97821e-09, No Iterations 1
ExecutionTime = 0.84 s  ClockTime = 1 s

Courant Number mean: 3.14603e-05 max: 0.0468562
Interface Courant Number mean: 1.74425e-06 max: 0.0433985
deltaT = 0.00871941
Time = 0.0553099

PIMPLE: iteration 1
MULES: Solving for alpha.water
Phase-1 volume fraction = 0.29517  Min(alpha.water) = -1.30645e-19  Max(alpha.water) = 1
Relaxing time: 0.03 s
DILUPBiCG:  Solving for Ux, Initial residual = 0.00119096, Final residual = 5.50257e-14, No Iterations 2
DILUPBiCG:  Solving for Uy, Initial residual = 0.00825984, Final residual = 5.26763e-13, No Iterations 2
DICPCG:  Solving for p_rgh, Initial residual = 0.00143778, Final residual = 1.26124e-06, No Iterations 13
DICPCG:  Solving for p_rgh, Initial residual = 3.34552e-06, Final residual = 8.3979e-08, No Iterations 17
time step continuity errors : sum local = 1.82286e-10, global = -2.23862e-11, cumulative = -2.75204e-10
DICPCG:  Solving for p_rgh, Initial residual = 2.13147e-06, Final residual = 6.45344e-08, No Iterations 1
DICPCG:  Solving for p_rgh, Initial residual = 9.85887e-08, Final residual = 9.85887e-08, No Iterations 0
time step continuity errors : sum local = 2.13999e-10, global = -2.09387e-11, cumulative = -2.96142e-10
DICPCG:  Solving for p_rgh, Initial residual = 1.04305e-07, Final residual = 4.4573e-08, No Iterations 1
DICPCG:  Solving for p_rgh, Initial residual = 4.53197e-08, Final residual = 4.53197e-08, No Iterations 0
time step continuity errors : sum local = 9.83719e-11, global = -1.99715e-11, cumulative = -3.16114e-10
DICPCG:  Solving for p_rgh, Initial residual = 4.56524e-08, Final residual = 4.56524e-08, No Iterations 0
DICPCG:  Solving for p_rgh, Initial residual = 4.56524e-08, Final residual = 4.56524e-08, No Iterations 0
time step continuity errors : sum local = 9.90941e-11, global = -1.99716e-11, cumulative = -3.36085e-10
DILUPBiCGStab:  Solving for omega, Initial residual = 0.00775293, Final residual = 3.94517e-11, No Iterations 1
DILUPBiCGStab:  Solving for Rxx, Initial residual = 0.41871, Final residual = 2.01168e-09, No Iterations 1
DILUPBiCGStab:  Solving for Rxy, Initial residual = 0.0604387, Final residual = 1.82081e-09, No Iterations 1
DILUPBiCGStab:  Solving for Ryy, Initial residual = 0.0951005, Final residual = 1.451e-08, No Iterations 1
DILUPBiCGStab:  Solving for Rzz, Initial residual = 0.523089, Final residual = 2.21746e-09, No Iterations 1
ExecutionTime = 0.9 s  ClockTime = 1 s

Courant Number mean: 3.87847e-05 max: 0.0534797
Interface Courant Number mean: 2.08638e-06 max: 0.049558
deltaT = 0.00808527
Time = 0.0633952

PIMPLE: iteration 1
MULES: Solving for alpha.water
Phase-1 volume fraction = 0.295169  Min(alpha.water) = -1.63763e-19  Max(alpha.water) = 1
Relaxing time: 0.03 s
DILUPBiCG:  Solving for Ux, Initial residual = 0.00100438, Final residual = 6.56914e-14, No Iterations 2
DILUPBiCG:  Solving for Uy, Initial residual = 0.00662453, Final residual = 4.13845e-13, No Iterations 2
DICPCG:  Solving for p_rgh, Initial residual = 0.00152997, Final residual = 1.5045e-06, No Iterations 14
DICPCG:  Solving for p_rgh, Initial residual = 3.46098e-06, Final residual = 9.46749e-08, No Iterations 18
time step continuity errors : sum local = 1.7633e-10, global = -1.76134e-11, cumulative = -3.53699e-10
DICPCG:  Solving for p_rgh, Initial residual = 2.00603e-06, Final residual = 6.60365e-08, No Iterations 1
DICPCG:  Solving for p_rgh, Initial residual = 9.7454e-08, Final residual = 9.7454e-08, No Iterations 0
time step continuity errors : sum local = 1.81507e-10, global = -1.7095e-11, cumulative = -3.70794e-10
DICPCG:  Solving for p_rgh, Initial residual = 1.02752e-07, Final residual = 4.63043e-08, No Iterations 1
DICPCG:  Solving for p_rgh, Initial residual = 4.68878e-08, Final residual = 4.68878e-08, No Iterations 0
time step continuity errors : sum local = 8.73279e-11, global = -1.6641e-11, cumulative = -3.87435e-10
DICPCG:  Solving for p_rgh, Initial residual = 4.71481e-08, Final residual = 4.71481e-08, No Iterations 0
DICPCG:  Solving for p_rgh, Initial residual = 4.71481e-08, Final residual = 4.71481e-08, No Iterations 0
time step continuity errors : sum local = 8.78126e-11, global = -1.66411e-11, cumulative = -4.04076e-10
DILUPBiCGStab:  Solving for omega, Initial residual = 0.995798, Final residual = 2.54093e-13, No Iterations 1
bounding omega, min: -9741.66 max: 1.24518e+10 average: 306909
DILUPBiCGStab:  Solving for Rxx, Initial residual = 0.0267745, Final residual = 7.54646e-11, No Iterations 1
DILUPBiCGStab:  Solving for Rxy, Initial residual = 0.930479, Final residual = 1.40935e-10, No Iterations 1
DILUPBiCGStab:  Solving for Ryy, Initial residual = 0.0406147, Final residual = 5.20516e-09, No Iterations 1
DILUPBiCGStab:  Solving for Rzz, Initial residual = 0.027889, Final residual = 7.34551e-11, No Iterations 1
ExecutionTime = 0.96 s  ClockTime = 1 s

Courant Number mean: 4.05909e-05 max: 0.0519415
Interface Courant Number mean: 2.11568e-06 max: 0.0481334
deltaT = 0.00779651
Time = 0.0711917

PIMPLE: iteration 1
MULES: Solving for alpha.water
Phase-1 volume fraction = 0.295169  Min(alpha.water) = -8.03183e-20  Max(alpha.water) = 1
Relaxing time: 0.03 s
DILUPBiCG:  Solving for Ux, Initial residual = 0.000922364, Final residual = 7.69055e-14, No Iterations 2
DILUPBiCG:  Solving for Uy, Initial residual = 0.00578173, Final residual = 3.47576e-13, No Iterations 2
DICPCG:  Solving for p_rgh, Initial residual = 0.00153897, Final residual = 1.46528e-06, No Iterations 14
DICPCG:  Solving for p_rgh, Initial residual = 3.17681e-06, Final residual = 9.68114e-08, No Iterations 17
time step continuity errors : sum local = 1.67387e-10, global = -1.70575e-11, cumulative = -4.21133e-10
DICPCG:  Solving for p_rgh, Initial residual = 1.93873e-06, Final residual = 6.50113e-08, No Iterations 1
DICPCG:  Solving for p_rgh, Initial residual = 9.56106e-08, Final residual = 9.56106e-08, No Iterations 0
time step continuity errors : sum local = 1.65312e-10, global = -1.59496e-11, cumulative = -4.37083e-10
DICPCG:  Solving for p_rgh, Initial residual = 1.00912e-07, Final residual = 4.89311e-08, No Iterations 1
DICPCG:  Solving for p_rgh, Initial residual = 4.94578e-08, Final residual = 4.94578e-08, No Iterations 0
time step continuity errors : sum local = 8.5513e-11, global = -1.52892e-11, cumulative = -4.52372e-10
DICPCG:  Solving for p_rgh, Initial residual = 4.97158e-08, Final residual = 4.97158e-08, No Iterations 0
DICPCG:  Solving for p_rgh, Initial residual = 4.97158e-08, Final residual = 4.97158e-08, No Iterations 0
time step continuity errors : sum local = 8.59591e-11, global = -1.52892e-11, cumulative = -4.67661e-10
DILUPBiCGStab:  Solving for omega, Initial residual = 0.998694, Final residual = 9.39037e-14, No Iterations 1
DILUPBiCGStab:  Solving for Rxx, Initial residual = 0.309533, Final residual = 2.19593e-09, No Iterations 1
DILUPBiCGStab:  Solving for Rxy, Initial residual = 0.0620208, Final residual = 1.72199e-09, No Iterations 1
DILUPBiCGStab:  Solving for Ryy, Initial residual = 0.0851992, Final residual = 1.29928e-08, No Iterations 1
DILUPBiCGStab:  Solving for Rzz, Initial residual = 0.407029, Final residual = 2.78523e-09, No Iterations 1
ExecutionTime = 1.02 s  ClockTime = 1 s

Courant Number mean: 4.33282e-05 max: 0.0519432
Interface Courant Number mean: 2.20084e-06 max: 0.0481382
deltaT = 0.00752295
Time = 0.0787146

PIMPLE: iteration 1
MULES: Solving for alpha.water
Phase-1 volume fraction = 0.295169  Min(alpha.water) = -2.05604e-19  Max(alpha.water) = 1
Relaxing time: 0.03 s
DILUPBiCG:  Solving for Ux, Initial residual = 0.00085506, Final residual = 8.30701e-14, No Iterations 2
DILUPBiCG:  Solving for Uy, Initial residual = 0.0050335, Final residual = 8.70701e-13, No Iterations 2
DICPCG:  Solving for p_rgh, Initial residual = 0.00154055, Final residual = 1.45298e-06, No Iterations 13
DICPCG:  Solving for p_rgh, Initial residual = 3.01398e-06, Final residual = 9.32203e-08, No Iterations 17
time step continuity errors : sum local = 1.4985e-10, global = -1.85391e-11, cumulative = -4.862e-10
DICPCG:  Solving for p_rgh, Initial residual = 1.96105e-06, Final residual = 6.19197e-08, No Iterations 1
DICPCG:  Solving for p_rgh, Initial residual = 9.11447e-08, Final residual = 9.11447e-08, No Iterations 0
time step continuity errors : sum local = 1.46515e-10, global = -1.75124e-11, cumulative = -5.03713e-10
DICPCG:  Solving for p_rgh, Initial residual = 9.58306e-08, Final residual = 9.58306e-08, No Iterations 0
DICPCG:  Solving for p_rgh, Initial residual = 9.58306e-08, Final residual = 9.58306e-08, No Iterations 0
time step continuity errors : sum local = 1.54047e-10, global = -1.75124e-11, cumulative = -5.21225e-10
DICPCG:  Solving for p_rgh, Initial residual = 9.58575e-08, Final residual = 9.58575e-08, No Iterations 0
DICPCG:  Solving for p_rgh, Initial residual = 9.58575e-08, Final residual = 9.58575e-08, No Iterations 0
time step continuity errors : sum local = 1.54091e-10, global = -1.75124e-11, cumulative = -5.38738e-10
DILUPBiCGStab:  Solving for omega, Initial residual = 0.0019549, Final residual = 8.51593e-15, No Iterations 1
DILUPBiCGStab:  Solving for Rxx, Initial residual = 0.261214, Final residual = 1.70439e-09, No Iterations 1
DILUPBiCGStab:  Solving for Rxy, Initial residual = 0.0584215, Final residual = 1.59943e-09, No Iterations 1
DILUPBiCGStab:  Solving for Ryy, Initial residual = 0.0822286, Final residual = 1.32343e-08, No Iterations 1
DILUPBiCGStab:  Solving for Rzz, Initial residual = 0.353929, Final residual = 2.23021e-09, No Iterations 1
ExecutionTime = 1.08 s  ClockTime = 1 s

Courant Number mean: 4.56816e-05 max: 0.0516224
Interface Courant Number mean: 2.26404e-06 max: 0.0478572
deltaT = 0.00726354
Time = 0.0859782

PIMPLE: iteration 1
MULES: Solving for alpha.water
Phase-1 volume fraction = 0.295168  Min(alpha.water) = -2.04572e-19  Max(alpha.water) = 1
Relaxing time: 0.04 s
DILUPBiCG:  Solving for Ux, Initial residual = 0.000800993, Final residual = 8.55828e-14, No Iterations 2
DILUPBiCG:  Solving for Uy, Initial residual = 0.00443275, Final residual = 7.93916e-13, No Iterations 2
DICPCG:  Solving for p_rgh, Initial residual = 0.00153424, Final residual = 1.45916e-06, No Iterations 13
DICPCG:  Solving for p_rgh, Initial residual = 2.94886e-06, Final residual = 8.86425e-08, No Iterations 17
time step continuity errors : sum local = 1.32666e-10, global = -1.71369e-11, cumulative = -5.55875e-10
DICPCG:  Solving for p_rgh, Initial residual = 1.88166e-06, Final residual = 6.03774e-08, No Iterations 1
DICPCG:  Solving for p_rgh, Initial residual = 8.83353e-08, Final residual = 8.83353e-08, No Iterations 0
time step continuity errors : sum local = 1.32208e-10, global = -1.62387e-11, cumulative = -5.72113e-10
DICPCG:  Solving for p_rgh, Initial residual = 9.26423e-08, Final residual = 9.26423e-08, No Iterations 0
DICPCG:  Solving for p_rgh, Initial residual = 9.26423e-08, Final residual = 9.26423e-08, No Iterations 0
time step continuity errors : sum local = 1.38654e-10, global = -1.62388e-11, cumulative = -5.88352e-10
DICPCG:  Solving for p_rgh, Initial residual = 9.29326e-08, Final residual = 9.29326e-08, No Iterations 0
DICPCG:  Solving for p_rgh, Initial residual = 9.29326e-08, Final residual = 9.29326e-08, No Iterations 0
time step continuity errors : sum local = 1.39088e-10, global = -1.62388e-11, cumulative = -6.04591e-10
DILUPBiCGStab:  Solving for omega, Initial residual = 0.00237917, Final residual = 2.17583e-14, No Iterations 1
DILUPBiCGStab:  Solving for Rxx, Initial residual = 0.21641, Final residual = 1.56337e-09, No Iterations 1
DILUPBiCGStab:  Solving for Rxy, Initial residual = 0.0539684, Final residual = 1.52422e-09, No Iterations 1
DILUPBiCGStab:  Solving for Ryy, Initial residual = 0.0795113, Final residual = 1.33828e-08, No Iterations 1
DILUPBiCGStab:  Solving for Rzz, Initial residual = 0.298845, Final residual = 2.01395e-09, No Iterations 1
ExecutionTime = 1.14 s  ClockTime = 1 s

Courant Number mean: 4.7686e-05 max: 0.0510874
Interface Courant Number mean: 2.31059e-06 max: 0.0473825
deltaT = 0.00713831
Time = 0.0931165

PIMPLE: iteration 1
MULES: Solving for alpha.water
Phase-1 volume fraction = 0.295168  Min(alpha.water) = -7.28311e-20  Max(alpha.water) = 1
Relaxing time: 0.05 s
DILUPBiCG:  Solving for Ux, Initial residual = 0.000770694, Final residual = 9.03976e-14, No Iterations 2
DILUPBiCG:  Solving for Uy, Initial residual = 0.00401759, Final residual = 1.16398e-13, No Iterations 2
DICPCG:  Solving for p_rgh, Initial residual = 0.00152684, Final residual = 1.30462e-06, No Iterations 13
DICPCG:  Solving for p_rgh, Initial residual = 2.73999e-06, Final residual = 9.44122e-08, No Iterations 16
time step continuity errors : sum local = 1.36315e-10, global = -1.62376e-11, cumulative = -6.20829e-10
DICPCG:  Solving for p_rgh, Initial residual = 1.84992e-06, Final residual = 6.22764e-08, No Iterations 1
DICPCG:  Solving for p_rgh, Initial residual = 8.98022e-08, Final residual = 8.98022e-08, No Iterations 0
time step continuity errors : sum local = 1.2966e-10, global = -1.56564e-11, cumulative = -6.36485e-10
DICPCG:  Solving for p_rgh, Initial residual = 9.58418e-08, Final residual = 9.58418e-08, No Iterations 0
DICPCG:  Solving for p_rgh, Initial residual = 9.58418e-08, Final residual = 9.58418e-08, No Iterations 0
time step continuity errors : sum local = 1.3838e-10, global = -1.56565e-11, cumulative = -6.52141e-10
DICPCG:  Solving for p_rgh, Initial residual = 9.60568e-08, Final residual = 9.60568e-08, No Iterations 0
DICPCG:  Solving for p_rgh, Initial residual = 9.60568e-08, Final residual = 9.60568e-08, No Iterations 0
time step continuity errors : sum local = 1.38691e-10, global = -1.56565e-11, cumulative = -6.67798e-10
DILUPBiCGStab:  Solving for omega, Initial residual = 0.00277171, Final residual = 2.15569e-14, No Iterations 1
DILUPBiCGStab:  Solving for Rxx, Initial residual = 0.181172, Final residual = 1.42362e-09, No Iterations 1
DILUPBiCGStab:  Solving for Rxy, Initial residual = 0.0499227, Final residual = 1.45798e-09, No Iterations 1
DILUPBiCGStab:  Solving for Ryy, Initial residual = 0.0782385, Final residual = 1.39375e-08, No Iterations 1
DILUPBiCGStab:  Solving for Rzz, Initial residual = 0.252933, Final residual = 1.83965e-09, No Iterations 1
ExecutionTime = 1.22 s  ClockTime = 1 s

Courant Number mean: 5.02752e-05 max: 0.0513314
Interface Courant Number mean: 2.46212e-06 max: 0.0513314
deltaT = 0.00689633
Time = 0.100013

PIMPLE: iteration 1
MULES: Solving for alpha.water
Phase-1 volume fraction = 0.295168  Min(alpha.water) = -2.2652e-19  Max(alpha.water) = 1
Relaxing time: 0.03 s
DILUPBiCG:  Solving for Ux, Initial residual = 0.000729294, Final residual = 9.02116e-14, No Iterations 2
DILUPBiCG:  Solving for Uy, Initial residual = 0.00357572, Final residual = 7.41345e-10, No Iterations 1
DICPCG:  Solving for p_rgh, Initial residual = 0.00152356, Final residual = 1.45639e-06, No Iterations 14
DICPCG:  Solving for p_rgh, Initial residual = 2.83558e-06, Final residual = 8.56264e-08, No Iterations 17
time step continuity errors : sum local = 1.15282e-10, global = -1.28886e-11, cumulative = -6.80687e-10
DICPCG:  Solving for p_rgh, Initial residual = 1.74623e-06, Final residual = 5.74629e-08, No Iterations 1
DICPCG:  Solving for p_rgh, Initial residual = 8.40607e-08, Final residual = 8.40607e-08, No Iterations 0
time step continuity errors : sum local = 1.13175e-10, global = -1.22737e-11, cumulative = -6.9296e-10
DICPCG:  Solving for p_rgh, Initial residual = 9.1747e-08, Final residual = 9.1747e-08, No Iterations 0
DICPCG:  Solving for p_rgh, Initial residual = 9.1747e-08, Final residual = 9.1747e-08, No Iterations 0
time step continuity errors : sum local = 1.23523e-10, global = -1.22738e-11, cumulative = -7.05234e-10
DICPCG:  Solving for p_rgh, Initial residual = 9.19274e-08, Final residual = 9.19274e-08, No Iterations 0
DICPCG:  Solving for p_rgh, Initial residual = 9.19274e-08, Final residual = 9.19274e-08, No Iterations 0
time step continuity errors : sum local = 1.23766e-10, global = -1.22738e-11, cumulative = -7.17508e-10
DILUPBiCGStab:  Solving for omega, Initial residual = 0.00299341, Final residual = 1.5798e-14, No Iterations 1
DILUPBiCGStab:  Solving for Rxx, Initial residual = 0.149458, Final residual = 1.25884e-09, No Iterations 1
DILUPBiCGStab:  Solving for Rxy, Initial residual = 0.0450129, Final residual = 1.32426e-09, No Iterations 1
DILUPBiCGStab:  Solving for Ryy, Initial residual = 0.0758068, Final residual = 1.39445e-08, No Iterations 1
DILUPBiCGStab:  Solving for Rzz, Initial residual = 0.210189, Final residual = 1.62422e-09, No Iterations 1
ExecutionTime = 1.28 s  ClockTime = 1 s

Courant Number mean: 5.17132e-05 max: 0.0504893
Interface Courant Number mean: 2.47969e-06 max: 0.0504893
deltaT = 0.00677944
Time = 0.106792

PIMPLE: iteration 1
MULES: Solving for alpha.water
Phase-1 volume fraction = 0.295167  Min(alpha.water) = -6.96703e-20  Max(alpha.water) = 1
Relaxing time: 0.04 s
DILUPBiCG:  Solving for Ux, Initial residual = 0.000709767, Final residual = 9.38692e-14, No Iterations 2
DILUPBiCG:  Solving for Uy, Initial residual = 0.00330563, Final residual = 5.28131e-10, No Iterations 1
DICPCG:  Solving for p_rgh, Initial residual = 0.00151952, Final residual = 1.45612e-06, No Iterations 13
DICPCG:  Solving for p_rgh, Initial residual = 2.77738e-06, Final residual = 9.61969e-08, No Iterations 16
time step continuity errors : sum local = 1.2507e-10, global = -1.4623e-11, cumulative = -7.32131e-10
DICPCG:  Solving for p_rgh, Initial residual = 1.68891e-06, Final residual = 6.40157e-08, No Iterations 1
DICPCG:  Solving for p_rgh, Initial residual = 9.18474e-08, Final residual = 9.18474e-08, No Iterations 0
time step continuity errors : sum local = 1.19417e-10, global = -1.40654e-11, cumulative = -7.46196e-10
DICPCG:  Solving for p_rgh, Initial residual = 9.92154e-08, Final residual = 9.92154e-08, No Iterations 0
DICPCG:  Solving for p_rgh, Initial residual = 9.92154e-08, Final residual = 9.92154e-08, No Iterations 0
time step continuity errors : sum local = 1.28996e-10, global = -1.40655e-11, cumulative = -7.60262e-10
DICPCG:  Solving for p_rgh, Initial residual = 9.93831e-08, Final residual = 9.93831e-08, No Iterations 0
DICPCG:  Solving for p_rgh, Initial residual = 9.93831e-08, Final residual = 9.93831e-08, No Iterations 0
time step continuity errors : sum local = 1.29214e-10, global = -1.40655e-11, cumulative = -7.74327e-10
DILUPBiCGStab:  Solving for omega, Initial residual = 0.00317695, Final residual = 1.15631e-14, No Iterations 1
DILUPBiCGStab:  Solving for Rxx, Initial residual = 0.125287, Final residual = 1.18874e-09, No Iterations 1
DILUPBiCGStab:  Solving for Rxy, Initial residual = 0.0410212, Final residual = 1.27538e-09, No Iterations 1
DILUPBiCGStab:  Solving for Ryy, Initial residual = 0.0746981, Final residual = 1.43741e-08, No Iterations 1
DILUPBiCGStab:  Solving for Rzz, Initial residual = 0.176381, Final residual = 1.51178e-09, No Iterations 1
ExecutionTime = 1.35 s  ClockTime = 1 s

Courant Number mean: 5.38303e-05 max: 0.0504702
Interface Courant Number mean: 2.53695e-06 max: 0.0504702
deltaT = 0.00666454
Time = 0.113457

PIMPLE: iteration 1
MULES: Solving for alpha.water
Phase-1 volume fraction = 0.295167  Min(alpha.water) = -1.89809e-19  Max(alpha.water) = 1
Relaxing time: 0.03 s
DILUPBiCG:  Solving for Ux, Initial residual = 0.000690261, Final residual = 9.64857e-14, No Iterations 2
DILUPBiCG:  Solving for Uy, Initial residual = 0.00303918, Final residual = 5.77622e-10, No Iterations 1
DICPCG:  Solving for p_rgh, Initial residual = 0.00153536, Final residual = 1.40413e-06, No Iterations 13
DICPCG:  Solving for p_rgh, Initial residual = 2.69937e-06, Final residual = 9.85618e-08, No Iterations 16
time step continuity errors : sum local = 1.23813e-10, global = -1.40493e-11, cumulative = -7.88376e-10
DICPCG:  Solving for p_rgh, Initial residual = 1.64409e-06, Final residual = 6.7425e-08, No Iterations 1
DICPCG:  Solving for p_rgh, Initial residual = 9.64004e-08, Final residual = 9.64004e-08, No Iterations 0
time step continuity errors : sum local = 1.211e-10, global = -1.35292e-11, cumulative = -8.01906e-10
DICPCG:  Solving for p_rgh, Initial residual = 1.03731e-07, Final residual = 5.23937e-08, No Iterations 1
DICPCG:  Solving for p_rgh, Initial residual = 5.27233e-08, Final residual = 5.27233e-08, No Iterations 0
time step continuity errors : sum local = 6.62318e-11, global = -1.31638e-11, cumulative = -8.15069e-10
DICPCG:  Solving for p_rgh, Initial residual = 5.28688e-08, Final residual = 5.28688e-08, No Iterations 0
DICPCG:  Solving for p_rgh, Initial residual = 5.28688e-08, Final residual = 5.28688e-08, No Iterations 0
time step continuity errors : sum local = 6.64146e-11, global = -1.31638e-11, cumulative = -8.28233e-10
DILUPBiCGStab:  Solving for omega, Initial residual = 0.00330271, Final residual = 7.53892e-15, No Iterations 1
DILUPBiCGStab:  Solving for Rxx, Initial residual = 0.104641, Final residual = 1.1039e-09, No Iterations 1
DILUPBiCGStab:  Solving for Rxy, Initial residual = 0.0371916, Final residual = 1.22228e-09, No Iterations 1
DILUPBiCGStab:  Solving for Ryy, Initial residual = 0.073616, Final residual = 1.47706e-08, No Iterations 1
DILUPBiCGStab:  Solving for Rzz, Initial residual = 0.146615, Final residual = 1.37221e-09, No Iterations 1
ExecutionTime = 1.4 s  ClockTime = 1 s

Courant Number mean: 5.57668e-05 max: 0.0503648
Interface Courant Number mean: 2.58828e-06 max: 0.0503648
deltaT = 0.00666454
Time = 0.120121

PIMPLE: iteration 1
MULES: Solving for alpha.water
Phase-1 volume fraction = 0.295167  Min(alpha.water) = -2.45565e-19  Max(alpha.water) = 1
Relaxing time: 0.03 s
DILUPBiCG:  Solving for Ux, Initial residual = 0.000684899, Final residual = 1.3685e-13, No Iterations 2
DILUPBiCG:  Solving for Uy, Initial residual = 0.00287007, Final residual = 6.32597e-10, No Iterations 1
DICPCG:  Solving for p_rgh, Initial residual = 0.00149194, Final residual = 1.43281e-06, No Iterations 12
DICPCG:  Solving for p_rgh, Initial residual = 2.81405e-06, Final residual = 9.75113e-08, No Iterations 16
time step continuity errors : sum local = 1.22525e-10, global = -1.52649e-11, cumulative = -8.43498e-10
DICPCG:  Solving for p_rgh, Initial residual = 1.65643e-06, Final residual = 6.61681e-08, No Iterations 1
DICPCG:  Solving for p_rgh, Initial residual = 9.7599e-08, Final residual = 9.7599e-08, No Iterations 0
time step continuity errors : sum local = 1.22636e-10, global = -1.52319e-11, cumulative = -8.5873e-10
DICPCG:  Solving for p_rgh, Initial residual = 1.05306e-07, Final residual = 5.14718e-08, No Iterations 1
DICPCG:  Solving for p_rgh, Initial residual = 5.18341e-08, Final residual = 5.18341e-08, No Iterations 0
time step continuity errors : sum local = 6.51313e-11, global = -1.49894e-11, cumulative = -8.73719e-10
DICPCG:  Solving for p_rgh, Initial residual = 5.20027e-08, Final residual = 5.20027e-08, No Iterations 0
DICPCG:  Solving for p_rgh, Initial residual = 5.20027e-08, Final residual = 5.20027e-08, No Iterations 0
time step continuity errors : sum local = 6.53432e-11, global = -1.49895e-11, cumulative = -8.88709e-10
DILUPBiCGStab:  Solving for omega, Initial residual = 0.00343362, Final residual = 4.76463e-15, No Iterations 1
DILUPBiCGStab:  Solving for Rxx, Initial residual = 0.0868581, Final residual = 1.0377e-09, No Iterations 1
DILUPBiCGStab:  Solving for Rxy, Initial residual = 0.0340102, Final residual = 1.19827e-09, No Iterations 1
DILUPBiCGStab:  Solving for Ryy, Initial residual = 0.0737815, Final residual = 1.56691e-08, No Iterations 1
DILUPBiCGStab:  Solving for Rzz, Initial residual = 0.119657, Final residual = 1.24364e-09, No Iterations 1
ExecutionTime = 1.47 s  ClockTime = 1 s

Courant Number mean: 5.85805e-05 max: 0.0510935
Interface Courant Number mean: 2.67481e-06 max: 0.0510935
deltaT = 0.00654963
Time = 0.126671

PIMPLE: iteration 1
MULES: Solving for alpha.water
Phase-1 volume fraction = 0.295166  Min(alpha.water) = -3.54641e-19  Max(alpha.water) = 1
Relaxing time: 0.04 s
DILUPBiCG:  Solving for Ux, Initial residual = 0.000666631, Final residual = 1.41143e-13, No Iterations 2
DILUPBiCG:  Solving for Uy, Initial residual = 0.00266068, Final residual = 7.22565e-10, No Iterations 1
DICPCG:  Solving for p_rgh, Initial residual = 0.00144037, Final residual = 1.38909e-06, No Iterations 14
DICPCG:  Solving for p_rgh, Initial residual = 2.74954e-06, Final residual = 7.56256e-08, No Iterations 17
time step continuity errors : sum local = 9.18e-11, global = -1.04947e-11, cumulative = -8.99204e-10
DICPCG:  Solving for p_rgh, Initial residual = 1.59521e-06, Final residual = 5.44533e-08, No Iterations 1
DICPCG:  Solving for p_rgh, Initial residual = 8.61508e-08, Final residual = 8.61508e-08, No Iterations 0
time step continuity errors : sum local = 1.04577e-10, global = -1.01037e-11, cumulative = -9.09307e-10
DICPCG:  Solving for p_rgh, Initial residual = 9.39791e-08, Final residual = 9.39791e-08, No Iterations 0
DICPCG:  Solving for p_rgh, Initial residual = 9.39791e-08, Final residual = 9.39791e-08, No Iterations 0
time step continuity errors : sum local = 1.1408e-10, global = -1.01038e-11, cumulative = -9.19411e-10
DICPCG:  Solving for p_rgh, Initial residual = 9.44449e-08, Final residual = 9.44449e-08, No Iterations 0
DICPCG:  Solving for p_rgh, Initial residual = 9.44449e-08, Final residual = 9.44449e-08, No Iterations 0
time step continuity errors : sum local = 1.14646e-10, global = -1.01038e-11, cumulative = -9.29515e-10
DILUPBiCGStab:  Solving for omega, Initial residual = 0.00346735, Final residual = 3.43972e-15, No Iterations 1
DILUPBiCGStab:  Solving for Rxx, Initial residual = 0.0709858, Final residual = 9.5362e-10, No Iterations 1
DILUPBiCGStab:  Solving for Rxy, Initial residual = 0.0304919, Final residual = 1.14864e-09, No Iterations 1
DILUPBiCGStab:  Solving for Ryy, Initial residual = 0.0728029, Final residual = 1.60065e-08, No Iterations 1
DILUPBiCGStab:  Solving for Rzz, Initial residual = 0.0961381, Final residual = 1.10627e-09, No Iterations 1
ExecutionTime = 1.54 s  ClockTime = 1 s

Courant Number mean: 6.02412e-05 max: 0.0508465
Interface Courant Number mean: 2.71574e-06 max: 0.0508465
deltaT = 0.00643671
Time = 0.133108

PIMPLE: iteration 1
MULES: Solving for alpha.water
Phase-1 volume fraction = 0.295166  Min(alpha.water) = -1.91429e-19  Max(alpha.water) = 1
Relaxing time: 0.03 s
DILUPBiCG:  Solving for Ux, Initial residual = 0.000653201, Final residual = 1.42485e-13, No Iterations 2
DILUPBiCG:  Solving for Uy, Initial residual = 0.00252156, Final residual = 7.27773e-10, No Iterations 1
DICPCG:  Solving for p_rgh, Initial residual = 0.00139222, Final residual = 1.37973e-06, No Iterations 14
DICPCG:  Solving for p_rgh, Initial residual = 2.81314e-06, Final residual = 8.37389e-08, No Iterations 17
time step continuity errors : sum local = 9.81941e-11, global = -1.01114e-11, cumulative = -9.39626e-10
DICPCG:  Solving for p_rgh, Initial residual = 1.63198e-06, Final residual = 5.99094e-08, No Iterations 1
DICPCG:  Solving for p_rgh, Initial residual = 9.29336e-08, Final residual = 9.29336e-08, No Iterations 0
time step continuity errors : sum local = 1.08977e-10, global = -9.65272e-12, cumulative = -9.49279e-10
DICPCG:  Solving for p_rgh, Initial residual = 1.00682e-07, Final residual = 4.7523e-08, No Iterations 1
DICPCG:  Solving for p_rgh, Initial residual = 4.78488e-08, Final residual = 4.78488e-08, No Iterations 0
time step continuity errors : sum local = 5.61092e-11, global = -9.39732e-12, cumulative = -9.58676e-10
DICPCG:  Solving for p_rgh, Initial residual = 4.80498e-08, Final residual = 4.80498e-08, No Iterations 0
DICPCG:  Solving for p_rgh, Initial residual = 4.80498e-08, Final residual = 4.80498e-08, No Iterations 0
time step continuity errors : sum local = 5.63449e-11, global = -9.39735e-12, cumulative = -9.68074e-10
DILUPBiCGStab:  Solving for omega, Initial residual = 0.00347688, Final residual = 9.49331e-10, No Iterations 1
DILUPBiCGStab:  Solving for Rxx, Initial residual = 0.0599553, Final residual = 8.90645e-10, No Iterations 1
DILUPBiCGStab:  Solving for Rxy, Initial residual = 0.0275333, Final residual = 1.0951e-09, No Iterations 1
DILUPBiCGStab:  Solving for Ryy, Initial residual = 0.0718413, Final residual = 1.63102e-08, No Iterations 1
DILUPBiCGStab:  Solving for Rzz, Initial residual = 0.0805817, Final residual = 1.0055e-09, No Iterations 1
ExecutionTime = 1.61 s  ClockTime = 1 s

Courant Number mean: 6.17497e-05 max: 0.0505301
Interface Courant Number mean: 3.13621e-06 max: 0.0505301
deltaT = 0.00632573
Time = 0.139433

PIMPLE: iteration 1
MULES: Solving for alpha.water
Phase-1 volume fraction = 0.295166  Min(alpha.water) = -2.8092e-19  Max(alpha.water) = 1
Relaxing time: 0.03 s
DILUPBiCG:  Solving for Ux, Initial residual = 0.000640787, Final residual = 1.4521e-13, No Iterations 2
DILUPBiCG:  Solving for Uy, Initial residual = 0.00239759, Final residual = 7.37945e-10, No Iterations 1
DICPCG:  Solving for p_rgh, Initial residual = 0.00136666, Final residual = 9.7286e-07, No Iterations 15
DICPCG:  Solving for p_rgh, Initial residual = 2.21285e-06, Final residual = 8.79071e-08, No Iterations 17
time step continuity errors : sum local = 9.95814e-11, global = -8.50039e-12, cumulative = -9.76574e-10
DICPCG:  Solving for p_rgh, Initial residual = 1.59954e-06, Final residual = 5.92797e-08, No Iterations 1
DICPCG:  Solving for p_rgh, Initial residual = 9.29347e-08, Final residual = 9.29347e-08, No Iterations 0
time step continuity errors : sum local = 1.05278e-10, global = -8.35721e-12, cumulative = -9.84931e-10
DICPCG:  Solving for p_rgh, Initial residual = 1.00316e-07, Final residual = 4.71766e-08, No Iterations 1
DICPCG:  Solving for p_rgh, Initial residual = 4.75168e-08, Final residual = 4.75168e-08, No Iterations 0
time step continuity errors : sum local = 5.38277e-11, global = -8.20302e-12, cumulative = -9.93134e-10
DICPCG:  Solving for p_rgh, Initial residual = 4.77239e-08, Final residual = 4.77239e-08, No Iterations 0
DICPCG:  Solving for p_rgh, Initial residual = 4.77239e-08, Final residual = 4.77239e-08, No Iterations 0
time step continuity errors : sum local = 5.40623e-11, global = -8.20306e-12, cumulative = -1.00134e-09
DILUPBiCGStab:  Solving for omega, Initial residual = 0.00346822, Final residual = 7.15783e-10, No Iterations 1
DILUPBiCGStab:  Solving for Rxx, Initial residual = 0.0518514, Final residual = 8.49049e-10, No Iterations 1
DILUPBiCGStab:  Solving for Rxy, Initial residual = 0.025029, Final residual = 1.04686e-09, No Iterations 1
DILUPBiCGStab:  Solving for Ryy, Initial residual = 0.0708877, Final residual = 1.65843e-08, No Iterations 1
DILUPBiCGStab:  Solving for Rzz, Initial residual = 0.0695329, Final residual = 9.39221e-10, No Iterations 1
ExecutionTime = 1.66 s  ClockTime = 2 s

Courant Number mean: 6.31086e-05 max: 0.0501509
Interface Courant Number mean: 3.17009e-06 max: 0.0501509
deltaT = 0.00632573
Time = 0.145759

PIMPLE: iteration 1
MULES: Solving for alpha.water
Phase-1 volume fraction = 0.295166  Min(alpha.water) = -5.19254e-19  Max(alpha.water) = 1
Relaxing time: 0.04 s
DILUPBiCG:  Solving for Ux, Initial residual = 0.000640434, Final residual = 1.55636e-13, No Iterations 2
DILUPBiCG:  Solving for Uy, Initial residual = 0.00233473, Final residual = 7.8066e-10, No Iterations 1
DICPCG:  Solving for p_rgh, Initial residual = 0.00134813, Final residual = 1.2354e-06, No Iterations 13
DICPCG:  Solving for p_rgh, Initial residual = 2.45432e-06, Final residual = 8.7985e-08, No Iterations 16
time step continuity errors : sum local = 9.97078e-11, global = -1.13855e-11, cumulative = -1.01272e-09
DICPCG:  Solving for p_rgh, Initial residual = 1.63764e-06, Final residual = 6.28211e-08, No Iterations 1
DICPCG:  Solving for p_rgh, Initial residual = 9.88595e-08, Final residual = 9.88595e-08, No Iterations 0
time step continuity errors : sum local = 1.12032e-10, global = -1.10436e-11, cumulative = -1.02377e-09
DICPCG:  Solving for p_rgh, Initial residual = 1.06175e-07, Final residual = 5.12256e-08, No Iterations 1
DICPCG:  Solving for p_rgh, Initial residual = 5.15471e-08, Final residual = 5.15471e-08, No Iterations 0
time step continuity errors : sum local = 5.84157e-11, global = -1.07968e-11, cumulative = -1.03456e-09
DICPCG:  Solving for p_rgh, Initial residual = 5.17809e-08, Final residual = 5.17809e-08, No Iterations 0
DICPCG:  Solving for p_rgh, Initial residual = 5.17809e-08, Final residual = 5.17809e-08, No Iterations 0
time step continuity errors : sum local = 5.86806e-11, global = -1.07968e-11, cumulative = -1.04536e-09
DILUPBiCGStab:  Solving for omega, Initial residual = 0.00351004, Final residual = 7.76609e-10, No Iterations 1
DILUPBiCGStab:  Solving for Rxx, Initial residual = 0.0462161, Final residual = 8.49454e-10, No Iterations 1
DILUPBiCGStab:  Solving for Rxy, Initial residual = 0.023258, Final residual = 1.04603e-09, No Iterations 1
DILUPBiCGStab:  Solving for Ryy, Initial residual = 0.0711022, Final residual = 1.74261e-08, No Iterations 1
DILUPBiCGStab:  Solving for Rzz, Initial residual = 0.0619507, Final residual = 9.21468e-10, No Iterations 1
ExecutionTime = 1.72 s  ClockTime = 2 s

Courant Number mean: 6.54972e-05 max: 0.0506379
Interface Courant Number mean: 3.25053e-06 max: 0.0506379
deltaT = 0.00621475
Time = 0.151974

PIMPLE: iteration 1
MULES: Solving for alpha.water
Phase-1 volume fraction = 0.295165  Min(alpha.water) = -3.71848e-20  Max(alpha.water) = 1
Relaxing time: 0.03 s
DILUPBiCG:  Solving for Ux, Initial residual = 0.000626711, Final residual = 1.58654e-13, No Iterations 2
DILUPBiCG:  Solving for Uy, Initial residual = 0.00222654, Final residual = 7.66466e-10, No Iterations 1
DICPCG:  Solving for p_rgh, Initial residual = 0.00134624, Final residual = 1.04044e-06, No Iterations 15
DICPCG:  Solving for p_rgh, Initial residual = 2.2457e-06, Final residual = 9.3213e-08, No Iterations 17
time step continuity errors : sum local = 1.02045e-10, global = -8.85609e-12, cumulative = -1.05422e-09
DICPCG:  Solving for p_rgh, Initial residual = 1.58826e-06, Final residual = 6.31315e-08, No Iterations 1
DICPCG:  Solving for p_rgh, Initial residual = 9.77439e-08, Final residual = 9.77439e-08, No Iterations 0
time step continuity errors : sum local = 1.07007e-10, global = -8.70011e-12, cumulative = -1.06292e-09
DICPCG:  Solving for p_rgh, Initial residual = 1.05011e-07, Final residual = 5.12899e-08, No Iterations 1
DICPCG:  Solving for p_rgh, Initial residual = 5.1627e-08, Final residual = 5.1627e-08, No Iterations 0
time step continuity errors : sum local = 5.65194e-11, global = -8.54031e-12, cumulative = -1.07146e-09
DICPCG:  Solving for p_rgh, Initial residual = 5.18607e-08, Final residual = 5.18607e-08, No Iterations 0
DICPCG:  Solving for p_rgh, Initial residual = 5.18607e-08, Final residual = 5.18607e-08, No Iterations 0
time step continuity errors : sum local = 5.67753e-11, global = -8.54035e-12, cumulative = -1.08e-09
DILUPBiCGStab:  Solving for omega, Initial residual = 0.998819, Final residual = 1.08663e-12, No Iterations 1
bounding omega, min: -30661 max: 5.23556e+09 average: 128521
DILUPBiCGStab:  Solving for Rxx, Initial residual = 0.11003, Final residual = 1.88239e-11, No Iterations 1
DILUPBiCGStab:  Solving for Rxy, Initial residual = 0.931512, Final residual = 5.40683e-12, No Iterations 1
DILUPBiCGStab:  Solving for Ryy, Initial residual = 0.0453214, Final residual = 1.92986e-09, No Iterations 1
DILUPBiCGStab:  Solving for Rzz, Initial residual = 0.0937283, Final residual = 1.60172e-11, No Iterations 1
ExecutionTime = 1.78 s  ClockTime = 2 s

Courant Number mean: 6.66202e-05 max: 0.0501626
Interface Courant Number mean: 3.35943e-06 max: 0.0501626
deltaT = 0.00621475
Time = 0.158189

PIMPLE: iteration 1
MULES: Solving for alpha.water
Phase-1 volume fraction = 0.295165  Min(alpha.water) = -7.50137e-20  Max(alpha.water) = 1
Relaxing time: 0.04 s
DILUPBiCG:  Solving for Ux, Initial residual = 0.000627601, Final residual = 1.70843e-13, No Iterations 2
DILUPBiCG:  Solving for Uy, Initial residual = 0.0021925, Final residual = 8.55865e-10, No Iterations 1
DICPCG:  Solving for p_rgh, Initial residual = 0.00129503, Final residual = 1.28841e-06, No Iterations 13
DICPCG:  Solving for p_rgh, Initial residual = 2.45236e-06, Final residual = 8.32952e-08, No Iterations 16
time step continuity errors : sum local = 9.13025e-11, global = -1.15177e-11, cumulative = -1.09151e-09
DICPCG:  Solving for p_rgh, Initial residual = 1.52617e-06, Final residual = 5.72936e-08, No Iterations 1
DICPCG:  Solving for p_rgh, Initial residual = 9.02559e-08, Final residual = 9.02559e-08, No Iterations 0
time step continuity errors : sum local = 9.89333e-11, global = -1.11979e-11, cumulative = -1.10271e-09
DICPCG:  Solving for p_rgh, Initial residual = 9.75241e-08, Final residual = 9.75241e-08, No Iterations 0
DICPCG:  Solving for p_rgh, Initial residual = 9.75241e-08, Final residual = 9.75241e-08, No Iterations 0
time step continuity errors : sum local = 1.069e-10, global = -1.1198e-11, cumulative = -1.11391e-09
DICPCG:  Solving for p_rgh, Initial residual = 9.78576e-08, Final residual = 9.78576e-08, No Iterations 0
DICPCG:  Solving for p_rgh, Initial residual = 9.78576e-08, Final residual = 9.78576e-08, No Iterations 0
time step continuity errors : sum local = 1.07266e-10, global = -1.1198e-11, cumulative = -1.12511e-09
DILUPBiCGStab:  Solving for omega, Initial residual = 0.999655, Final residual = 3.29098e-14, No Iterations 1
DILUPBiCGStab:  Solving for Rxx, Initial residual = 0.0368065, Final residual = 6.62551e-10, No Iterations 1
DILUPBiCGStab:  Solving for Rxy, Initial residual = 0.0191069, Final residual = 8.77542e-10, No Iterations 1
DILUPBiCGStab:  Solving for Ryy, Initial residual = 0.0702901, Final residual = 1.84067e-08, No Iterations 1
DILUPBiCGStab:  Solving for Rzz, Initial residual = 0.0490893, Final residual = 7.1316e-10, No Iterations 1
ExecutionTime = 1.85 s  ClockTime = 2 s

Courant Number mean: 6.88521e-05 max: 0.0505646
Interface Courant Number mean: 3.6584e-06 max: 0.0505646
deltaT = 0.00610377
Time = 0.164292

PIMPLE: iteration 1
MULES: Solving for alpha.water
Phase-1 volume fraction = 0.295165  Min(alpha.water) = -3.90912e-19  Max(alpha.water) = 1
Relaxing time: 0.03 s
DILUPBiCG:  Solving for Ux, Initial residual = 0.000614981, Final residual = 1.73026e-13, No Iterations 2
DILUPBiCG:  Solving for Uy, Initial residual = 0.00210079, Final residual = 8.75682e-10, No Iterations 1
DICPCG:  Solving for p_rgh, Initial residual = 0.00121056, Final residual = 9.8461e-07, No Iterations 15
DICPCG:  Solving for p_rgh, Initial residual = 2.14757e-06, Final residual = 9.05866e-08, No Iterations 17
time step continuity errors : sum local = 9.59135e-11, global = -8.145e-12, cumulative = -1.13325e-09
DICPCG:  Solving for p_rgh, Initial residual = 1.43338e-06, Final residual = 5.90818e-08, No Iterations 1
DICPCG:  Solving for p_rgh, Initial residual = 8.86435e-08, Final residual = 8.86435e-08, No Iterations 0
time step continuity errors : sum local = 9.38571e-11, global = -8.08213e-12, cumulative = -1.14134e-09
DICPCG:  Solving for p_rgh, Initial residual = 9.56108e-08, Final residual = 9.56108e-08, No Iterations 0
DICPCG:  Solving for p_rgh, Initial residual = 9.56108e-08, Final residual = 9.56108e-08, No Iterations 0
time step continuity errors : sum local = 1.01234e-10, global = -8.08219e-12, cumulative = -1.14942e-09
DICPCG:  Solving for p_rgh, Initial residual = 9.58803e-08, Final residual = 9.58803e-08, No Iterations 0
DICPCG:  Solving for p_rgh, Initial residual = 9.58803e-08, Final residual = 9.58803e-08, No Iterations 0
time step continuity errors : sum local = 1.0152e-10, global = -8.08219e-12, cumulative = -1.1575e-09
DILUPBiCGStab:  Solving for omega, Initial residual = 0.0281691, Final residual = 3.02329e-14, No Iterations 1
DILUPBiCGStab:  Solving for Rxx, Initial residual = 0.0318953, Final residual = 7.09282e-10, No Iterations 1
DILUPBiCGStab:  Solving for Rxy, Initial residual = 0.0174407, Final residual = 8.2369e-10, No Iterations 1
DILUPBiCGStab:  Solving for Ryy, Initial residual = 0.0693, Final residual = 1.85392e-08, No Iterations 1
DILUPBiCGStab:  Solving for Rzz, Initial residual = 0.0423416, Final residual = 7.37639e-10, No Iterations 1
ExecutionTime = 1.9 s  ClockTime = 2 s

Courant Number mean: 6.97488e-05 max: 0.0500045
Interface Courant Number mean: 3.67401e-06 max: 0.0500045
deltaT = 0.00610377
Time = 0.170396

PIMPLE: iteration 1
MULES: Solving for alpha.water
Phase-1 volume fraction = 0.295164  Min(alpha.water) = -3.50541e-19  Max(alpha.water) = 1
Relaxing time: 0.03 s
DILUPBiCG:  Solving for Ux, Initial residual = 0.00061689, Final residual = 1.84856e-13, No Iterations 2
DILUPBiCG:  Solving for Uy, Initial residual = 0.00208152, Final residual = 9.91883e-10, No Iterations 1
DICPCG:  Solving for p_rgh, Initial residual = 0.00113414, Final residual = 8.51951e-07, No Iterations 15
DICPCG:  Solving for p_rgh, Initial residual = 2.17021e-06, Final residual = 9.73847e-08, No Iterations 15
time step continuity errors : sum local = 1.03216e-10, global = -1.12302e-11, cumulative = -1.16873e-09
DICPCG:  Solving for p_rgh, Initial residual = 1.40335e-06, Final residual = 6.50382e-08, No Iterations 1
DICPCG:  Solving for p_rgh, Initial residual = 9.33607e-08, Final residual = 9.33607e-08, No Iterations 0
time step continuity errors : sum local = 9.89514e-11, global = -1.10368e-11, cumulative = -1.17977e-09
DICPCG:  Solving for p_rgh, Initial residual = 1.00524e-07, Final residual = 5.00454e-08, No Iterations 1
DICPCG:  Solving for p_rgh, Initial residual = 5.03535e-08, Final residual = 5.03535e-08, No Iterations 0
time step continuity errors : sum local = 5.33688e-11, global = -1.088e-11, cumulative = -1.19065e-09
DICPCG:  Solving for p_rgh, Initial residual = 5.05928e-08, Final residual = 5.05928e-08, No Iterations 0
DICPCG:  Solving for p_rgh, Initial residual = 5.05928e-08, Final residual = 5.05928e-08, No Iterations 0
time step continuity errors : sum local = 5.36225e-11, global = -1.088e-11, cumulative = -1.20153e-09
DILUPBiCGStab:  Solving for omega, Initial residual = 0.0150154, Final residual = 9.05595e-14, No Iterations 1
DILUPBiCGStab:  Solving for Rxx, Initial residual = 0.028663, Final residual = 7.25527e-10, No Iterations 1
DILUPBiCGStab:  Solving for Rxy, Initial residual = 0.0163371, Final residual = 8.19693e-10, No Iterations 1
DILUPBiCGStab:  Solving for Ryy, Initial residual = 0.0695873, Final residual = 1.93457e-08, No Iterations 1
DILUPBiCGStab:  Solving for Rzz, Initial residual = 0.0379468, Final residual = 7.39259e-10, No Iterations 1
ExecutionTime = 1.96 s  ClockTime = 2 s

Courant Number mean: 7.18512e-05 max: 0.0503403
Interface Courant Number mean: 3.74684e-06 max: 0.0503403
deltaT = 0.00610377
Time = 0.1765

PIMPLE: iteration 1
MULES: Solving for alpha.water
Phase-1 volume fraction = 0.295164  Min(alpha.water) = -3.6659e-20  Max(alpha.water) = 1
Relaxing time: 0.03 s
DILUPBiCG:  Solving for Ux, Initial residual = 0.000616176, Final residual = 1.94532e-13, No Iterations 2
DILUPBiCG:  Solving for Uy, Initial residual = 0.00204581, Final residual = 1.03689e-13, No Iterations 2
DICPCG:  Solving for p_rgh, Initial residual = 0.00109665, Final residual = 7.66487e-07, No Iterations 15
DICPCG:  Solving for p_rgh, Initial residual = 2.1689e-06, Final residual = 9.27684e-08, No Iterations 15
time step continuity errors : sum local = 9.83918e-11, global = -1.10713e-11, cumulative = -1.2126e-09
DICPCG:  Solving for p_rgh, Initial residual = 1.35869e-06, Final residual = 6.14889e-08, No Iterations 1
DICPCG:  Solving for p_rgh, Initial residual = 8.7733e-08, Final residual = 8.7733e-08, No Iterations 0
time step continuity errors : sum local = 9.30521e-11, global = -1.07995e-11, cumulative = -1.2234e-09
DICPCG:  Solving for p_rgh, Initial residual = 9.45445e-08, Final residual = 9.45445e-08, No Iterations 0
DICPCG:  Solving for p_rgh, Initial residual = 9.45445e-08, Final residual = 9.45445e-08, No Iterations 0
time step continuity errors : sum local = 1.00277e-10, global = -1.07996e-11, cumulative = -1.2342e-09
DICPCG:  Solving for p_rgh, Initial residual = 9.47866e-08, Final residual = 9.47866e-08, No Iterations 0
DICPCG:  Solving for p_rgh, Initial residual = 9.47866e-08, Final residual = 9.47866e-08, No Iterations 0
time step continuity errors : sum local = 1.00533e-10, global = -1.07996e-11, cumulative = -1.245e-09
DILUPBiCGStab:  Solving for omega, Initial residual = 0.00927954, Final residual = 9.04563e-14, No Iterations 1
DILUPBiCGStab:  Solving for Rxx, Initial residual = 0.0262955, Final residual = 7.31682e-10, No Iterations 1
DILUPBiCGStab:  Solving for Rxy, Initial residual = 0.0154537, Final residual = 8.24925e-10, No Iterations 1
DILUPBiCGStab:  Solving for Ryy, Initial residual = 0.0698939, Final residual = 2.01656e-08, No Iterations 1
DILUPBiCGStab:  Solving for Rzz, Initial residual = 0.0348987, Final residual = 7.34732e-10, No Iterations 1
ExecutionTime = 2.05 s  ClockTime = 2 s

Courant Number mean: 7.39281e-05 max: 0.0506736
Interface Courant Number mean: 3.82559e-06 max: 0.0506736
deltaT = 0.00599074
Time = 0.182491

PIMPLE: iteration 1
MULES: Solving for alpha.water
Phase-1 volume fraction = 0.295164  Min(alpha.water) = -1.71557e-19  Max(alpha.water) = 1
Relaxing time: 0.04 s
DILUPBiCG:  Solving for Ux, Initial residual = 0.000604641, Final residual = 2.05131e-13, No Iterations 2
DILUPBiCG:  Solving for Uy, Initial residual = 0.00198044, Final residual = 9.50483e-10, No Iterations 1
DICPCG:  Solving for p_rgh, Initial residual = 0.00107208, Final residual = 7.79306e-07, No Iterations 17
DICPCG:  Solving for p_rgh, Initial residual = 2.20946e-06, Final residual = 9.79887e-08, No Iterations 15
time step continuity errors : sum local = 1.00177e-10, global = -1.02401e-11, cumulative = -1.25524e-09
DICPCG:  Solving for p_rgh, Initial residual = 1.27117e-06, Final residual = 6.38517e-08, No Iterations 1
DICPCG:  Solving for p_rgh, Initial residual = 8.75941e-08, Final residual = 8.75941e-08, No Iterations 0
time step continuity errors : sum local = 8.95513e-11, global = -1.01736e-11, cumulative = -1.26541e-09
DICPCG:  Solving for p_rgh, Initial residual = 9.43323e-08, Final residual = 9.43323e-08, No Iterations 0
DICPCG:  Solving for p_rgh, Initial residual = 9.43323e-08, Final residual = 9.43323e-08, No Iterations 0
time step continuity errors : sum local = 9.64401e-11, global = -1.01736e-11, cumulative = -1.27558e-09
DICPCG:  Solving for p_rgh, Initial residual = 9.45165e-08, Final residual = 9.45165e-08, No Iterations 0
DICPCG:  Solving for p_rgh, Initial residual = 9.45165e-08, Final residual = 9.45165e-08, No Iterations 0
time step continuity errors : sum local = 9.66284e-11, global = -1.01736e-11, cumulative = -1.28576e-09
DILUPBiCGStab:  Solving for omega, Initial residual = 0.00656699, Final residual = 7.11079e-14, No Iterations 1
DILUPBiCGStab:  Solving for Rxx, Initial residual = 0.023993, Final residual = 7.06202e-10, No Iterations 1
DILUPBiCGStab:  Solving for Rxy, Initial residual = 0.0144582, Final residual = 7.90176e-10, No Iterations 1
DILUPBiCGStab:  Solving for Ryy, Initial residual = 0.0689856, Final residual = 2.02271e-08, No Iterations 1
DILUPBiCGStab:  Solving for Rzz, Initial residual = 0.032029, Final residual = 7.0458e-10, No Iterations 1
ExecutionTime = 2.11 s  ClockTime = 2 s

Courant Number mean: 7.45261e-05 max: 0.0500145
Interface Courant Number mean: 3.8195e-06 max: 0.0500145
deltaT = 0.00599074
Time = 0.188481

PIMPLE: iteration 1
MULES: Solving for alpha.water
Phase-1 volume fraction = 0.295164  Min(alpha.water) = -1.8866e-19  Max(alpha.water) = 1
Relaxing time: 0.03 s
DILUPBiCG:  Solving for Ux, Initial residual = 0.000607841, Final residual = 2.20559e-13, No Iterations 2
DILUPBiCG:  Solving for Uy, Initial residual = 0.00197658, Final residual = 1.123e-13, No Iterations 2
DICPCG:  Solving for p_rgh, Initial residual = 0.00105177, Final residual = 7.45602e-07, No Iterations 15
DICPCG:  Solving for p_rgh, Initial residual = 1.8971e-06, Final residual = 9.29205e-08, No Iterations 15
time step continuity errors : sum local = 9.50504e-11, global = -1.06975e-11, cumulative = -1.29646e-09
DICPCG:  Solving for p_rgh, Initial residual = 1.19875e-06, Final residual = 5.93939e-08, No Iterations 1
DICPCG:  Solving for p_rgh, Initial residual = 8.12643e-08, Final residual = 8.12643e-08, No Iterations 0
time step continuity errors : sum local = 8.31277e-11, global = -1.04148e-11, cumulative = -1.30687e-09
DICPCG:  Solving for p_rgh, Initial residual = 8.77571e-08, Final residual = 8.77571e-08, No Iterations 0
DICPCG:  Solving for p_rgh, Initial residual = 8.77571e-08, Final residual = 8.77571e-08, No Iterations 0
time step continuity errors : sum local = 8.97694e-11, global = -1.04149e-11, cumulative = -1.31729e-09
DICPCG:  Solving for p_rgh, Initial residual = 8.78981e-08, Final residual = 8.78981e-08, No Iterations 0
DICPCG:  Solving for p_rgh, Initial residual = 8.78981e-08, Final residual = 8.78981e-08, No Iterations 0
time step continuity errors : sum local = 8.99136e-11, global = -1.04149e-11, cumulative = -1.3277e-09
DILUPBiCGStab:  Solving for omega, Initial residual = 0.00511185, Final residual = 6.1702e-14, No Iterations 1
DILUPBiCGStab:  Solving for Rxx, Initial residual = 0.022438, Final residual = 7.14586e-10, No Iterations 1
DILUPBiCGStab:  Solving for Rxy, Initial residual = 0.0138529, Final residual = 7.85457e-10, No Iterations 1
DILUPBiCGStab:  Solving for Ryy, Initial residual = 0.069331, Final residual = 2.10552e-08, No Iterations 1
DILUPBiCGStab:  Solving for Rzz, Initial residual = 0.0301546, Final residual = 7.07528e-10, No Iterations 1
ExecutionTime = 2.18 s  ClockTime = 2 s

Courant Number mean: 7.64754e-05 max: 0.0502902
Interface Courant Number mean: 3.88256e-06 max: 0.0502902
deltaT = 0.00599074
Time = 0.194472

PIMPLE: iteration 1
MULES: Solving for alpha.water
Phase-1 volume fraction = 0.295163  Min(alpha.water) = -2.41094e-19  Max(alpha.water) = 1
Relaxing time: 0.03 s
DILUPBiCG:  Solving for Ux, Initial residual = 0.000608286, Final residual = 2.34587e-13, No Iterations 2
DILUPBiCG:  Solving for Uy, Initial residual = 0.00195467, Final residual = 1.22829e-13, No Iterations 2
DICPCG:  Solving for p_rgh, Initial residual = 0.0010387, Final residual = 7.63434e-07, No Iterations 15
DICPCG:  Solving for p_rgh, Initial residual = 1.91054e-06, Final residual = 9.16921e-08, No Iterations 15
time step continuity errors : sum local = 9.38504e-11, global = -1.06818e-11, cumulative = -1.33838e-09
DICPCG:  Solving for p_rgh, Initial residual = 1.16404e-06, Final residual = 5.71291e-08, No Iterations 1
DICPCG:  Solving for p_rgh, Initial residual = 7.75267e-08, Final residual = 7.75267e-08, No Iterations 0
time step continuity errors : sum local = 7.93523e-11, global = -1.03547e-11, cumulative = -1.34874e-09
DICPCG:  Solving for p_rgh, Initial residual = 8.40142e-08, Final residual = 8.40142e-08, No Iterations 0
DICPCG:  Solving for p_rgh, Initial residual = 8.40142e-08, Final residual = 8.40142e-08, No Iterations 0
time step continuity errors : sum local = 8.59925e-11, global = -1.03547e-11, cumulative = -1.35909e-09
DICPCG:  Solving for p_rgh, Initial residual = 8.41183e-08, Final residual = 8.41183e-08, No Iterations 0
DICPCG:  Solving for p_rgh, Initial residual = 8.41183e-08, Final residual = 8.41183e-08, No Iterations 0
time step continuity errors : sum local = 8.60991e-11, global = -1.03547e-11, cumulative = -1.36945e-09
DILUPBiCGStab:  Solving for omega, Initial residual = 0.998426, Final residual = 2.23728e-11, No Iterations 1
bounding omega, min: -64488.5 max: 7.52418e+09 average: 184659
DILUPBiCGStab:  Solving for Rxx, Initial residual = 0.136533, Final residual = 2.29405e-11, No Iterations 1
DILUPBiCGStab:  Solving for Rxy, Initial residual = 0.887366, Final residual = 8.58197e-12, No Iterations 1
DILUPBiCGStab:  Solving for Ryy, Initial residual = 0.0552209, Final residual = 2.17566e-09, No Iterations 1
DILUPBiCGStab:  Solving for Rzz, Initial residual = 0.106219, Final residual = 1.92433e-11, No Iterations 1
ExecutionTime = 2.24 s  ClockTime = 2 s

Courant Number mean: 7.84178e-05 max: 0.0505603
Interface Courant Number mean: 3.94232e-06 max: 0.0505603
deltaT = 0.00587553
Time = 0.200348

PIMPLE: iteration 1
MULES: Solving for alpha.water
Phase-1 volume fraction = 0.295163  Min(alpha.water) = -6.46334e-19  Max(alpha.water) = 1
Relaxing time: 0.03 s
DILUPBiCG:  Solving for Ux, Initial residual = 0.0005975, Final residual = 2.4025e-13, No Iterations 2
DILUPBiCG:  Solving for Uy, Initial residual = 0.00189861, Final residual = 1.19073e-13, No Iterations 2
DICPCG:  Solving for p_rgh, Initial residual = 0.0010278, Final residual = 8.1154e-07, No Iterations 17
DICPCG:  Solving for p_rgh, Initial residual = 2.09286e-06, Final residual = 9.94737e-08, No Iterations 15
time step continuity errors : sum local = 9.80014e-11, global = -1.20209e-11, cumulative = -1.38147e-09
DICPCG:  Solving for p_rgh, Initial residual = 1.10462e-06, Final residual = 6.65753e-08, No Iterations 1
DICPCG:  Solving for p_rgh, Initial residual = 8.49543e-08, Final residual = 8.49543e-08, No Iterations 0
time step continuity errors : sum local = 8.36974e-11, global = -1.18472e-11, cumulative = -1.39331e-09
DICPCG:  Solving for p_rgh, Initial residual = 9.13333e-08, Final residual = 9.13333e-08, No Iterations 0
DICPCG:  Solving for p_rgh, Initial residual = 9.13333e-08, Final residual = 9.13333e-08, No Iterations 0
time step continuity errors : sum local = 8.99821e-11, global = -1.18473e-11, cumulative = -1.40516e-09
DICPCG:  Solving for p_rgh, Initial residual = 9.13983e-08, Final residual = 9.13983e-08, No Iterations 0
DICPCG:  Solving for p_rgh, Initial residual = 9.13983e-08, Final residual = 9.13983e-08, No Iterations 0
time step continuity errors : sum local = 9.00461e-11, global = -1.18473e-11, cumulative = -1.41701e-09
DILUPBiCGStab:  Solving for omega, Initial residual = 0.999677, Final residual = 1.23073e-14, No Iterations 1
bounding omega, min: -0.0867496 max: 11992.1 average: 2.87841
DILUPBiCGStab:  Solving for Rxx, Initial residual = 0.0195728, Final residual = 6.18841e-10, No Iterations 1
DILUPBiCGStab:  Solving for Rxy, Initial residual = 0.0124705, Final residual = 6.26123e-10, No Iterations 1
DILUPBiCGStab:  Solving for Ryy, Initial residual = 0.0687255, Final residual = 2.19002e-08, No Iterations 1
DILUPBiCGStab:  Solving for Rzz, Initial residual = 0.0266956, Final residual = 6.26473e-10, No Iterations 1
ExecutionTime = 2.3 s  ClockTime = 2 s

Courant Number mean: 7.87612e-05 max: 0.0498171
Interface Courant Number mean: 3.93166e-06 max: 0.0498171
deltaT = 0.00587553
Time = 0.206223

PIMPLE: iteration 1
MULES: Solving for alpha.water
Phase-1 volume fraction = 0.295163  Min(alpha.water) = -1.03684e-19  Max(alpha.water) = 1
Relaxing time: 0.03 s
DILUPBiCG:  Solving for Ux, Initial residual = 0.000601651, Final residual = 2.5783e-13, No Iterations 2
DILUPBiCG:  Solving for Uy, Initial residual = 0.00190194, Final residual = 1.13148e-13, No Iterations 2
DICPCG:  Solving for p_rgh, Initial residual = 0.00101572, Final residual = 7.9107e-07, No Iterations 15
DICPCG:  Solving for p_rgh, Initial residual = 2.00377e-06, Final residual = 9.77852e-08, No Iterations 15
time step continuity errors : sum local = 9.63998e-11, global = -1.02227e-11, cumulative = -1.42723e-09
DICPCG:  Solving for p_rgh, Initial residual = 1.0776e-06, Final residual = 6.05532e-08, No Iterations 1
DICPCG:  Solving for p_rgh, Initial residual = 7.80041e-08, Final residual = 7.80041e-08, No Iterations 0
time step continuity errors : sum local = 7.68996e-11, global = -9.98764e-12, cumulative = -1.43722e-09
DICPCG:  Solving for p_rgh, Initial residual = 8.41914e-08, Final residual = 8.41914e-08, No Iterations 0
DICPCG:  Solving for p_rgh, Initial residual = 8.41914e-08, Final residual = 8.41914e-08, No Iterations 0
time step continuity errors : sum local = 8.29993e-11, global = -9.98771e-12, cumulative = -1.44721e-09
DICPCG:  Solving for p_rgh, Initial residual = 8.42287e-08, Final residual = 8.42287e-08, No Iterations 0
DICPCG:  Solving for p_rgh, Initial residual = 8.42287e-08, Final residual = 8.42287e-08, No Iterations 0
time step continuity errors : sum local = 8.3036e-11, global = -9.98771e-12, cumulative = -1.45719e-09
DILUPBiCGStab:  Solving for omega, Initial residual = 0.0149624, Final residual = 7.50265e-14, No Iterations 1
DILUPBiCGStab:  Solving for Rxx, Initial residual = 0.0182817, Final residual = 6.77185e-10, No Iterations 1
DILUPBiCGStab:  Solving for Rxy, Initial residual = 0.012097, Final residual = 6.26948e-10, No Iterations 1
DILUPBiCGStab:  Solving for Ryy, Initial residual = 0.0692144, Final residual = 2.27711e-08, No Iterations 1
DILUPBiCGStab:  Solving for Rzz, Initial residual = 0.0251116, Final residual = 6.70722e-10, No Iterations 1
ExecutionTime = 2.36 s  ClockTime = 2 s

Courant Number mean: 8.05926e-05 max: 0.0500472
Interface Courant Number mean: 3.98224e-06 max: 0.0500472
deltaT = 0.00587553
Time = 0.212099

PIMPLE: iteration 1
MULES: Solving for alpha.water
Phase-1 volume fraction = 0.295162  Min(alpha.water) = -1.9412e-19  Max(alpha.water) = 1
Relaxing time: 0.04 s
DILUPBiCG:  Solving for Ux, Initial residual = 0.000602869, Final residual = 2.72117e-13, No Iterations 2
DILUPBiCG:  Solving for Uy, Initial residual = 0.00188751, Final residual = 9.08847e-10, No Iterations 1
DICPCG:  Solving for p_rgh, Initial residual = 0.00100617, Final residual = 7.88772e-07, No Iterations 15
DICPCG:  Solving for p_rgh, Initial residual = 2.14378e-06, Final residual = 9.70969e-08, No Iterations 15
time step continuity errors : sum local = 9.57868e-11, global = -1.08031e-11, cumulative = -1.468e-09
DICPCG:  Solving for p_rgh, Initial residual = 1.0237e-06, Final residual = 5.98514e-08, No Iterations 1
DICPCG:  Solving for p_rgh, Initial residual = 7.58433e-08, Final residual = 7.58433e-08, No Iterations 0
time step continuity errors : sum local = 7.48206e-11, global = -1.04419e-11, cumulative = -1.47844e-09
DICPCG:  Solving for p_rgh, Initial residual = 8.18341e-08, Final residual = 8.18341e-08, No Iterations 0
DICPCG:  Solving for p_rgh, Initial residual = 8.18341e-08, Final residual = 8.18341e-08, No Iterations 0
time step continuity errors : sum local = 8.07306e-11, global = -1.0442e-11, cumulative = -1.48888e-09
DICPCG:  Solving for p_rgh, Initial residual = 8.18525e-08, Final residual = 8.18525e-08, No Iterations 0
DICPCG:  Solving for p_rgh, Initial residual = 8.18525e-08, Final residual = 8.18525e-08, No Iterations 0
time step continuity errors : sum local = 8.07488e-11, global = -1.0442e-11, cumulative = -1.49932e-09
DILUPBiCGStab:  Solving for omega, Initial residual = 0.00745752, Final residual = 9.3315e-14, No Iterations 1
DILUPBiCGStab:  Solving for Rxx, Initial residual = 0.01711, Final residual = 6.86036e-10, No Iterations 1
DILUPBiCGStab:  Solving for Rxy, Initial residual = 0.0117786, Final residual = 6.29249e-10, No Iterations 1
DILUPBiCGStab:  Solving for Ryy, Initial residual = 0.0698511, Final residual = 2.37973e-08, No Iterations 1
DILUPBiCGStab:  Solving for Rzz, Initial residual = 0.0236607, Final residual = 6.7312e-10, No Iterations 1
ExecutionTime = 2.42 s  ClockTime = 2 s

Courant Number mean: 8.24086e-05 max: 0.0502781
Interface Courant Number mean: 4.03811e-06 max: 0.0502781
deltaT = 0.00587553
Time = 0.217974

PIMPLE: iteration 1
MULES: Solving for alpha.water
Phase-1 volume fraction = 0.295162  Min(alpha.water) = -6.49582e-19  Max(alpha.water) = 1
Relaxing time: 0.04 s
DILUPBiCG:  Solving for Ux, Initial residual = 0.000604636, Final residual = 3.7891e-13, No Iterations 2
DILUPBiCG:  Solving for Uy, Initial residual = 0.00187498, Final residual = 7.88231e-10, No Iterations 1
DICPCG:  Solving for p_rgh, Initial residual = 0.000987434, Final residual = 8.51378e-07, No Iterations 15
DICPCG:  Solving for p_rgh, Initial residual = 2.16797e-06, Final residual = 9.11089e-08, No Iterations 16
time step continuity errors : sum local = 8.99451e-11, global = -8.88211e-12, cumulative = -1.50821e-09
DICPCG:  Solving for p_rgh, Initial residual = 1.03171e-06, Final residual = 5.93459e-08, No Iterations 1
DICPCG:  Solving for p_rgh, Initial residual = 7.47022e-08, Final residual = 7.47022e-08, No Iterations 0
time step continuity errors : sum local = 7.37485e-11, global = -8.508e-12, cumulative = -1.51671e-09
DICPCG:  Solving for p_rgh, Initial residual = 8.07982e-08, Final residual = 8.07982e-08, No Iterations 0
DICPCG:  Solving for p_rgh, Initial residual = 8.07982e-08, Final residual = 8.07982e-08, No Iterations 0
time step continuity errors : sum local = 7.97667e-11, global = -8.50811e-12, cumulative = -1.52522e-09
DICPCG:  Solving for p_rgh, Initial residual = 8.07813e-08, Final residual = 8.07813e-08, No Iterations 0
DICPCG:  Solving for p_rgh, Initial residual = 8.07813e-08, Final residual = 8.07813e-08, No Iterations 0
time step continuity errors : sum local = 7.97501e-11, global = -8.50811e-12, cumulative = -1.53373e-09
DILUPBiCGStab:  Solving for omega, Initial residual = 0.00510525, Final residual = 8.04097e-14, No Iterations 1
DILUPBiCGStab:  Solving for Rxx, Initial residual = 0.0159975, Final residual = 6.89904e-10, No Iterations 1
DILUPBiCGStab:  Solving for Rxy, Initial residual = 0.0115106, Final residual = 6.49372e-10, No Iterations 1
DILUPBiCGStab:  Solving for Ryy, Initial residual = 0.070621, Final residual = 2.57215e-08, No Iterations 1
DILUPBiCGStab:  Solving for Rzz, Initial residual = 0.0222683, Final residual = 6.71814e-10, No Iterations 1
ExecutionTime = 2.49 s  ClockTime = 2 s

Courant Number mean: 8.42063e-05 max: 0.0505038
Interface Courant Number mean: 4.09386e-06 max: 0.0505038
deltaT = 0.00587553
Time = 0.22385

PIMPLE: iteration 1
MULES: Solving for alpha.water
Phase-1 volume fraction = 0.295162  Min(alpha.water) = -1.97933e-19  Max(alpha.water) = 1
Relaxing time: 0.04 s
DILUPBiCG:  Solving for Ux, Initial residual = 0.000606546, Final residual = 4.07962e-13, No Iterations 2
DILUPBiCG:  Solving for Uy, Initial residual = 0.00186217, Final residual = 4.07914e-10, No Iterations 1
DICPCG:  Solving for p_rgh, Initial residual = 0.000967388, Final residual = 8.20063e-07, No Iterations 15
DICPCG:  Solving for p_rgh, Initial residual = 1.92883e-06, Final residual = 9.62451e-08, No Iterations 16
time step continuity errors : sum local = 9.50836e-11, global = -8.68384e-12, cumulative = -1.54241e-09
DICPCG:  Solving for p_rgh, Initial residual = 9.71885e-07, Final residual = 6.40506e-08, No Iterations 1
DICPCG:  Solving for p_rgh, Initial residual = 7.79244e-08, Final residual = 7.79244e-08, No Iterations 0
time step continuity errors : sum local = 7.69846e-11, global = -8.38047e-12, cumulative = -1.55079e-09
DICPCG:  Solving for p_rgh, Initial residual = 8.39081e-08, Final residual = 8.39081e-08, No Iterations 0
DICPCG:  Solving for p_rgh, Initial residual = 8.39081e-08, Final residual = 8.39081e-08, No Iterations 0
time step continuity errors : sum local = 8.28962e-11, global = -8.38054e-12, cumulative = -1.55917e-09
DICPCG:  Solving for p_rgh, Initial residual = 8.38635e-08, Final residual = 8.38635e-08, No Iterations 0
DICPCG:  Solving for p_rgh, Initial residual = 8.38635e-08, Final residual = 8.38635e-08, No Iterations 0
time step continuity errors : sum local = 8.28521e-11, global = -8.38054e-12, cumulative = -1.56756e-09
DILUPBiCGStab:  Solving for omega, Initial residual = 0.00410881, Final residual = 6.29502e-14, No Iterations 1
DILUPBiCGStab:  Solving for Rxx, Initial residual = 0.0149367, Final residual = 6.93238e-10, No Iterations 1
DILUPBiCGStab:  Solving for Rxy, Initial residual = 0.0112885, Final residual = 6.82045e-10, No Iterations 1
DILUPBiCGStab:  Solving for Ryy, Initial residual = 0.0715406, Final residual = 2.7683e-08, No Iterations 1
DILUPBiCGStab:  Solving for Rzz, Initial residual = 0.0209266, Final residual = 6.70159e-10, No Iterations 1
ExecutionTime = 2.55 s  ClockTime = 2 s

Courant Number mean: 8.60035e-05 max: 0.0507237
Interface Courant Number mean: 4.14646e-06 max: 0.0507237
deltaT = 0.00575313
Time = 0.229603

PIMPLE: iteration 1
MULES: Solving for alpha.water
Phase-1 volume fraction = 0.295162  Min(alpha.water) = -3.46899e-19  Max(alpha.water) = 1
Relaxing time: 0.04 s
DILUPBiCG:  Solving for Ux, Initial residual = 0.000596232, Final residual = 4.18475e-13, No Iterations 2
DILUPBiCG:  Solving for Uy, Initial residual = 0.00181217, Final residual = 3.06184e-10, No Iterations 1
DICPCG:  Solving for p_rgh, Initial residual = 0.000954912, Final residual = 7.7171e-07, No Iterations 17
DICPCG:  Solving for p_rgh, Initial residual = 1.85022e-06, Final residual = 9.83045e-08, No Iterations 15
time step continuity errors : sum local = 9.31853e-11, global = -1.13877e-11, cumulative = -1.57894e-09
DICPCG:  Solving for p_rgh, Initial residual = 9.31983e-07, Final residual = 6.13735e-08, No Iterations 1
DICPCG:  Solving for p_rgh, Initial residual = 7.36634e-08, Final residual = 7.36634e-08, No Iterations 0
time step continuity errors : sum local = 6.98278e-11, global = -1.1197e-11, cumulative = -1.59014e-09
DICPCG:  Solving for p_rgh, Initial residual = 7.93101e-08, Final residual = 7.93101e-08, No Iterations 0
DICPCG:  Solving for p_rgh, Initial residual = 7.93101e-08, Final residual = 7.93101e-08, No Iterations 0
time step continuity errors : sum local = 7.51805e-11, global = -1.11971e-11, cumulative = -1.60134e-09
DICPCG:  Solving for p_rgh, Initial residual = 7.92418e-08, Final residual = 7.92418e-08, No Iterations 0
DICPCG:  Solving for p_rgh, Initial residual = 7.92418e-08, Final residual = 7.92418e-08, No Iterations 0
time step continuity errors : sum local = 7.51158e-11, global = -1.11971e-11, cumulative = -1.61253e-09
DILUPBiCGStab:  Solving for omega, Initial residual = 0.00351449, Final residual = 4.45998e-14, No Iterations 1
DILUPBiCGStab:  Solving for Rxx, Initial residual = 0.013639, Final residual = 6.56491e-10, No Iterations 1
DILUPBiCGStab:  Solving for Rxy, Initial residual = 0.0108834, Final residual = 6.70413e-10, No Iterations 1
DILUPBiCGStab:  Solving for Ryy, Initial residual = 0.0712018, Final residual = 2.84981e-08, No Iterations 1
DILUPBiCGStab:  Solving for Rzz, Initial residual = 0.0192321, Final residual = 6.33017e-10, No Iterations 1
ExecutionTime = 2.61 s  ClockTime = 2 s

Courant Number mean: 8.59404e-05 max: 0.0498519
Interface Courant Number mean: 4.10483e-06 max: 0.0498519
deltaT = 0.00575313
Time = 0.235356

PIMPLE: iteration 1
MULES: Solving for alpha.water
Phase-1 volume fraction = 0.295161  Min(alpha.water) = -3.79928e-19  Max(alpha.water) = 1
Relaxing time: 0.04 s
DILUPBiCG:  Solving for Ux, Initial residual = 0.000601894, Final residual = 4.63675e-13, No Iterations 2
DILUPBiCG:  Solving for Uy, Initial residual = 0.00182035, Final residual = 3.79879e-10, No Iterations 1
DICPCG:  Solving for p_rgh, Initial residual = 0.00095317, Final residual = 7.94321e-07, No Iterations 15
DICPCG:  Solving for p_rgh, Initial residual = 1.91171e-06, Final residual = 9.85366e-08, No Iterations 15
time step continuity errors : sum local = 9.3471e-11, global = -1.04327e-11, cumulative = -1.62297e-09
DICPCG:  Solving for p_rgh, Initial residual = 9.29698e-07, Final residual = 5.88701e-08, No Iterations 1
DICPCG:  Solving for p_rgh, Initial residual = 7.06394e-08, Final residual = 7.06394e-08, No Iterations 0
time step continuity errors : sum local = 6.70085e-11, global = -1.01416e-11, cumulative = -1.63311e-09
DICPCG:  Solving for p_rgh, Initial residual = 7.63586e-08, Final residual = 7.63586e-08, No Iterations 0
DICPCG:  Solving for p_rgh, Initial residual = 7.63586e-08, Final residual = 7.63586e-08, No Iterations 0
time step continuity errors : sum local = 7.24337e-11, global = -1.01417e-11, cumulative = -1.64325e-09
DICPCG:  Solving for p_rgh, Initial residual = 7.62691e-08, Final residual = 7.62691e-08, No Iterations 0
DICPCG:  Solving for p_rgh, Initial residual = 7.62691e-08, Final residual = 7.62691e-08, No Iterations 0
time step continuity errors : sum local = 7.23488e-11, global = -1.01417e-11, cumulative = -1.65339e-09
DILUPBiCGStab:  Solving for omega, Initial residual = 0.00321488, Final residual = 3.91762e-14, No Iterations 1
DILUPBiCGStab:  Solving for Rxx, Initial residual = 0.0127076, Final residual = 6.55409e-10, No Iterations 1
DILUPBiCGStab:  Solving for Rxy, Initial residual = 0.0107568, Final residual = 6.94486e-10, No Iterations 1
DILUPBiCGStab:  Solving for Ryy, Initial residual = 0.07245, Final residual = 3.04576e-08, No Iterations 1
DILUPBiCGStab:  Solving for Rzz, Initial residual = 0.0180273, Final residual = 6.28181e-10, No Iterations 1
ExecutionTime = 2.67 s  ClockTime = 3 s

Courant Number mean: 8.76566e-05 max: 0.0500377
Interface Courant Number mean: 4.15125e-06 max: 0.0500377
deltaT = 0.00575313
Time = 0.241109

PIMPLE: iteration 1
MULES: Solving for alpha.water
Phase-1 volume fraction = 0.295161  Min(alpha.water) = -3.1012e-19  Max(alpha.water) = 1
Relaxing time: 0.04 s
DILUPBiCG:  Solving for Ux, Initial residual = 0.000604167, Final residual = 5.1197e-13, No Iterations 2
DILUPBiCG:  Solving for Uy, Initial residual = 0.00181133, Final residual = 6.8222e-10, No Iterations 1
DICPCG:  Solving for p_rgh, Initial residual = 0.000947271, Final residual = 7.68756e-07, No Iterations 15
DICPCG:  Solving for p_rgh, Initial residual = 1.9058e-06, Final residual = 9.42495e-08, No Iterations 15
time step continuity errors : sum local = 8.94665e-11, global = -1.03338e-11, cumulative = -1.66373e-09
DICPCG:  Solving for p_rgh, Initial residual = 9.28186e-07, Final residual = 5.96824e-08, No Iterations 1
DICPCG:  Solving for p_rgh, Initial residual = 7.08273e-08, Final residual = 7.08273e-08, No Iterations 0
time step continuity errors : sum local = 6.72334e-11, global = -1.00656e-11, cumulative = -1.67379e-09
DICPCG:  Solving for p_rgh, Initial residual = 7.66844e-08, Final residual = 7.66844e-08, No Iterations 0
DICPCG:  Solving for p_rgh, Initial residual = 7.66844e-08, Final residual = 7.66844e-08, No Iterations 0
time step continuity errors : sum local = 7.27934e-11, global = -1.00656e-11, cumulative = -1.68386e-09
DICPCG:  Solving for p_rgh, Initial residual = 7.66558e-08, Final residual = 7.66558e-08, No Iterations 0
DICPCG:  Solving for p_rgh, Initial residual = 7.66558e-08, Final residual = 7.66558e-08, No Iterations 0
time step continuity errors : sum local = 7.27663e-11, global = -1.00656e-11, cumulative = -1.69392e-09
DILUPBiCGStab:  Solving for omega, Initial residual = 0.00301574, Final residual = 9.98208e-10, No Iterations 1
DILUPBiCGStab:  Solving for Rxx, Initial residual = 0.0118188, Final residual = 6.52396e-10, No Iterations 1
DILUPBiCGStab:  Solving for Rxy, Initial residual = 0.0106753, Final residual = 7.2442e-10, No Iterations 1
DILUPBiCGStab:  Solving for Ryy, Initial residual = 0.0739268, Final residual = 3.25367e-08, No Iterations 1
DILUPBiCGStab:  Solving for Rzz, Initial residual = 0.0168646, Final residual = 6.19231e-10, No Iterations 1
ExecutionTime = 2.73 s  ClockTime = 3 s

Courant Number mean: 8.93571e-05 max: 0.0502284
Interface Courant Number mean: 4.19528e-06 max: 0.0502284
deltaT = 0.00575313
Time = 0.246862

PIMPLE: iteration 1
MULES: Solving for alpha.water
Phase-1 volume fraction = 0.295161  Min(alpha.water) = -3.31271e-19  Max(alpha.water) = 1
Relaxing time: 0.03 s
DILUPBiCG:  Solving for Ux, Initial residual = 0.000606478, Final residual = 5.7043e-13, No Iterations 2
DILUPBiCG:  Solving for Uy, Initial residual = 0.00180521, Final residual = 9.41827e-10, No Iterations 1
DICPCG:  Solving for p_rgh, Initial residual = 0.000934146, Final residual = 7.5492e-07, No Iterations 15
DICPCG:  Solving for p_rgh, Initial residual = 1.87413e-06, Final residual = 9.9957e-08, No Iterations 15
time step continuity errors : sum local = 9.49501e-11, global = -1.04391e-11, cumulative = -1.70436e-09
DICPCG:  Solving for p_rgh, Initial residual = 9.13858e-07, Final residual = 6.19018e-08, No Iterations 1
DICPCG:  Solving for p_rgh, Initial residual = 7.20935e-08, Final residual = 7.20935e-08, No Iterations 0
time step continuity errors : sum local = 6.84829e-11, global = -1.01563e-11, cumulative = -1.71452e-09
DICPCG:  Solving for p_rgh, Initial residual = 7.80556e-08, Final residual = 7.80556e-08, No Iterations 0
DICPCG:  Solving for p_rgh, Initial residual = 7.80556e-08, Final residual = 7.80556e-08, No Iterations 0
time step continuity errors : sum local = 7.41464e-11, global = -1.01564e-11, cumulative = -1.72467e-09
DICPCG:  Solving for p_rgh, Initial residual = 7.80406e-08, Final residual = 7.80406e-08, No Iterations 0
DICPCG:  Solving for p_rgh, Initial residual = 7.80406e-08, Final residual = 7.80406e-08, No Iterations 0
time step continuity errors : sum local = 7.41322e-11, global = -1.01564e-11, cumulative = -1.73483e-09
DILUPBiCGStab:  Solving for omega, Initial residual = 0.0028721, Final residual = 3.59582e-14, No Iterations 1
DILUPBiCGStab:  Solving for Rxx, Initial residual = 0.0109326, Final residual = 6.52952e-10, No Iterations 1
DILUPBiCGStab:  Solving for Rxy, Initial residual = 0.0106411, Final residual = 7.66853e-10, No Iterations 1
DILUPBiCGStab:  Solving for Ryy, Initial residual = 0.0756787, Final residual = 3.4768e-08, No Iterations 1
DILUPBiCGStab:  Solving for Rzz, Initial residual = 0.0157474, Final residual = 6.18201e-10, No Iterations 1
ExecutionTime = 2.79 s  ClockTime = 3 s

Courant Number mean: 9.10444e-05 max: 0.0504158
Interface Courant Number mean: 4.23809e-06 max: 0.0504158
deltaT = 0.00575313
Time = 0.252616

PIMPLE: iteration 1
MULES: Solving for alpha.water
Phase-1 volume fraction = 0.29516  Min(alpha.water) = -1.16574e-19  Max(alpha.water) = 1
Relaxing time: 0.04 s
DILUPBiCG:  Solving for Ux, Initial residual = 0.000607504, Final residual = 6.31799e-13, No Iterations 2
DILUPBiCG:  Solving for Uy, Initial residual = 0.00180357, Final residual = 1.19576e-13, No Iterations 2
DICPCG:  Solving for p_rgh, Initial residual = 0.000922956, Final residual = 7.92301e-07, No Iterations 15
DICPCG:  Solving for p_rgh, Initial residual = 1.88421e-06, Final residual = 9.99786e-08, No Iterations 15
time step continuity errors : sum local = 9.50362e-11, global = -1.05583e-11, cumulative = -1.74539e-09
DICPCG:  Solving for p_rgh, Initial residual = 9.0234e-07, Final residual = 6.11519e-08, No Iterations 1
DICPCG:  Solving for p_rgh, Initial residual = 7.08874e-08, Final residual = 7.08874e-08, No Iterations 0
time step continuity errors : sum local = 6.73837e-11, global = -1.02645e-11, cumulative = -1.75565e-09
DICPCG:  Solving for p_rgh, Initial residual = 7.69287e-08, Final residual = 7.69287e-08, No Iterations 0
DICPCG:  Solving for p_rgh, Initial residual = 7.69287e-08, Final residual = 7.69287e-08, No Iterations 0
time step continuity errors : sum local = 7.31264e-11, global = -1.02646e-11, cumulative = -1.76592e-09
DICPCG:  Solving for p_rgh, Initial residual = 7.69104e-08, Final residual = 7.69104e-08, No Iterations 0
DICPCG:  Solving for p_rgh, Initial residual = 7.69104e-08, Final residual = 7.69104e-08, No Iterations 0
time step continuity errors : sum local = 7.3109e-11, global = -1.02646e-11, cumulative = -1.77618e-09
DILUPBiCGStab:  Solving for omega, Initial residual = 0.00275863, Final residual = 9.69492e-10, No Iterations 1
DILUPBiCGStab:  Solving for Rxx, Initial residual = 0.0100926, Final residual = 6.5077e-10, No Iterations 1
DILUPBiCGStab:  Solving for Rxy, Initial residual = 0.0106564, Final residual = 8.13768e-10, No Iterations 1
DILUPBiCGStab:  Solving for Ryy, Initial residual = 0.0777626, Final residual = 3.71908e-08, No Iterations 1
DILUPBiCGStab:  Solving for Rzz, Initial residual = 0.0146748, Final residual = 6.15512e-10, No Iterations 1
ExecutionTime = 2.87 s  ClockTime = 3 s

Courant Number mean: 9.27284e-05 max: 0.0506016
Interface Courant Number mean: 4.28063e-06 max: 0.0506016
deltaT = 0.00562237
Time = 0.258238

PIMPLE: iteration 1
MULES: Solving for alpha.water
Phase-1 volume fraction = 0.29516  Min(alpha.water) = -4.29534e-19  Max(alpha.water) = 1
Relaxing time: 0.03 s
DILUPBiCG:  Solving for Ux, Initial residual = 0.000594389, Final residual = 6.57636e-13, No Iterations 2
DILUPBiCG:  Solving for Uy, Initial residual = 0.00176227, Final residual = 1.08495e-13, No Iterations 2
DICPCG:  Solving for p_rgh, Initial residual = 0.000907201, Final residual = 7.94747e-07, No Iterations 17
DICPCG:  Solving for p_rgh, Initial residual = 1.86063e-06, Final residual = 9.72008e-08, No Iterations 16
time step continuity errors : sum local = 8.83126e-11, global = -9.84487e-12, cumulative = -1.78603e-09
DICPCG:  Solving for p_rgh, Initial residual = 8.68696e-07, Final residual = 6.27663e-08, No Iterations 1
DICPCG:  Solving for p_rgh, Initial residual = 7.19072e-08, Final residual = 7.19072e-08, No Iterations 0
time step continuity errors : sum local = 6.53322e-11, global = -9.74065e-12, cumulative = -1.79577e-09
DICPCG:  Solving for p_rgh, Initial residual = 7.78445e-08, Final residual = 7.78445e-08, No Iterations 0
DICPCG:  Solving for p_rgh, Initial residual = 7.78445e-08, Final residual = 7.78445e-08, No Iterations 0
time step continuity errors : sum local = 7.07266e-11, global = -9.74075e-12, cumulative = -1.80551e-09
DICPCG:  Solving for p_rgh, Initial residual = 7.78579e-08, Final residual = 7.78579e-08, No Iterations 0
DICPCG:  Solving for p_rgh, Initial residual = 7.78579e-08, Final residual = 7.78579e-08, No Iterations 0
time step continuity errors : sum local = 7.07388e-11, global = -9.74075e-12, cumulative = -1.81525e-09
DILUPBiCGStab:  Solving for omega, Initial residual = 0.00259579, Final residual = 7.11377e-10, No Iterations 1
DILUPBiCGStab:  Solving for Rxx, Initial residual = 0.00909285, Final residual = 6.07478e-10, No Iterations 1
DILUPBiCGStab:  Solving for Rxy, Initial residual = 0.0104833, Final residual = 8.1794e-10, No Iterations 1
DILUPBiCGStab:  Solving for Ryy, Initial residual = 0.0785362, Final residual = 3.80721e-08, No Iterations 1
DILUPBiCGStab:  Solving for Rzz, Initial residual = 0.0133422, Final residual = 5.76197e-10, No Iterations 1
ExecutionTime = 2.93 s  ClockTime = 3 s

Courant Number mean: 9.22227e-05 max: 0.0496037
Interface Courant Number mean: 4.21862e-06 max: 0.0496037
deltaT = 0.00562237
Time = 0.26386

PIMPLE: iteration 1
MULES: Solving for alpha.water
Phase-1 volume fraction = 0.29516  Min(alpha.water) = -7.00686e-20  Max(alpha.water) = 1
Relaxing time: 0.03 s
DILUPBiCG:  Solving for Ux, Initial residual = 0.000598906, Final residual = 7.455e-13, No Iterations 2
DILUPBiCG:  Solving for Uy, Initial residual = 0.00177819, Final residual = 1.09489e-13, No Iterations 2
DICPCG:  Solving for p_rgh, Initial residual = 0.000903466, Final residual = 7.70145e-07, No Iterations 15
DICPCG:  Solving for p_rgh, Initial residual = 1.83456e-06, Final residual = 9.62414e-08, No Iterations 15
time step continuity errors : sum local = 8.75031e-11, global = -1.01716e-11, cumulative = -1.82542e-09
DICPCG:  Solving for p_rgh, Initial residual = 8.67655e-07, Final residual = 5.92987e-08, No Iterations 1
DICPCG:  Solving for p_rgh, Initial residual = 6.83997e-08, Final residual = 6.83997e-08, No Iterations 0
time step continuity errors : sum local = 6.21898e-11, global = -9.89231e-12, cumulative = -1.83531e-09
DICPCG:  Solving for p_rgh, Initial residual = 7.46606e-08, Final residual = 7.46606e-08, No Iterations 0
DICPCG:  Solving for p_rgh, Initial residual = 7.46606e-08, Final residual = 7.46606e-08, No Iterations 0
time step continuity errors : sum local = 6.78822e-11, global = -9.89239e-12, cumulative = -1.84521e-09
DICPCG:  Solving for p_rgh, Initial residual = 7.46644e-08, Final residual = 7.46644e-08, No Iterations 0
DICPCG:  Solving for p_rgh, Initial residual = 7.46644e-08, Final residual = 7.46644e-08, No Iterations 0
time step continuity errors : sum local = 6.78857e-11, global = -9.89239e-12, cumulative = -1.8551e-09
DILUPBiCGStab:  Solving for omega, Initial residual = 0.00248798, Final residual = 6.7889e-10, No Iterations 1
DILUPBiCGStab:  Solving for Rxx, Initial residual = 0.00838032, Final residual = 6.01854e-10, No Iterations 1
DILUPBiCGStab:  Solving for Rxy, Initial residual = 0.0105756, Final residual = 8.69926e-10, No Iterations 1
DILUPBiCGStab:  Solving for Ryy, Initial residual = 0.0814022, Final residual = 4.08496e-08, No Iterations 1
DILUPBiCGStab:  Solving for Rzz, Initial residual = 0.0123992, Final residual = 5.70315e-10, No Iterations 1
ExecutionTime = 2.99 s  ClockTime = 3 s

Courant Number mean: 9.38104e-05 max: 0.049759
Interface Courant Number mean: 4.26652e-06 max: 0.049759
deltaT = 0.00562237
Time = 0.269483

PIMPLE: iteration 1
MULES: Solving for alpha.water
Phase-1 volume fraction = 0.29516  Min(alpha.water) = -1.25906e-19  Max(alpha.water) = 1
Relaxing time: 0.03 s
DILUPBiCG:  Solving for Ux, Initial residual = 0.000599721, Final residual = 6.10397e-13, No Iterations 2
DILUPBiCG:  Solving for Uy, Initial residual = 0.00177743, Final residual = 9.95714e-14, No Iterations 2
DICPCG:  Solving for p_rgh, Initial residual = 0.000898062, Final residual = 8.33771e-07, No Iterations 15
DICPCG:  Solving for p_rgh, Initial residual = 2.18761e-06, Final residual = 9.96652e-08, No Iterations 15
time step continuity errors : sum local = 9.06801e-11, global = -1.0018e-11, cumulative = -1.86512e-09
DICPCG:  Solving for p_rgh, Initial residual = 8.74903e-07, Final residual = 6.40908e-08, No Iterations 1
DICPCG:  Solving for p_rgh, Initial residual = 7.26847e-08, Final residual = 7.26847e-08, No Iterations 0
time step continuity errors : sum local = 6.61325e-11, global = -9.84805e-12, cumulative = -1.87496e-09
DICPCG:  Solving for p_rgh, Initial residual = 7.93872e-08, Final residual = 7.93872e-08, No Iterations 0
DICPCG:  Solving for p_rgh, Initial residual = 7.93872e-08, Final residual = 7.93872e-08, No Iterations 0
time step continuity errors : sum local = 7.22308e-11, global = -9.8481e-12, cumulative = -1.88481e-09
DICPCG:  Solving for p_rgh, Initial residual = 7.9377e-08, Final residual = 7.9377e-08, No Iterations 0
DICPCG:  Solving for p_rgh, Initial residual = 7.9377e-08, Final residual = 7.9377e-08, No Iterations 0
time step continuity errors : sum local = 7.22216e-11, global = -9.8481e-12, cumulative = -1.89466e-09
DILUPBiCGStab:  Solving for omega, Initial residual = 0.00235206, Final residual = 6.10121e-10, No Iterations 1
DILUPBiCGStab:  Solving for Rxx, Initial residual = 0.00771533, Final residual = 5.78169e-10, No Iterations 1
DILUPBiCGStab:  Solving for Rxy, Initial residual = 0.0107189, Final residual = 1.02241e-09, No Iterations 1
DILUPBiCGStab:  Solving for Ryy, Initial residual = 0.0848494, Final residual = 4.3993e-08, No Iterations 1
DILUPBiCGStab:  Solving for Rzz, Initial residual = 0.0115051, Final residual = 5.52497e-10, No Iterations 1
ExecutionTime = 3.04 s  ClockTime = 3 s

Courant Number mean: 9.5378e-05 max: 0.0499145
Interface Courant Number mean: 4.30029e-06 max: 0.0499145
deltaT = 0.00562237
Time = 0.275105

PIMPLE: iteration 1
MULES: Solving for alpha.water
Phase-1 volume fraction = 0.295159  Min(alpha.water) = -1.97776e-19  Max(alpha.water) = 1
Relaxing time: 0.03 s
DILUPBiCG:  Solving for Ux, Initial residual = 0.000600722, Final residual = 6.86397e-13, No Iterations 2
DILUPBiCG:  Solving for Uy, Initial residual = 0.00177695, Final residual = 1.14236e-13, No Iterations 2
DICPCG:  Solving for p_rgh, Initial residual = 0.000887855, Final residual = 8.11632e-07, No Iterations 15
DICPCG:  Solving for p_rgh, Initial residual = 1.88391e-06, Final residual = 9.71375e-08, No Iterations 16
time step continuity errors : sum local = 8.84423e-11, global = -8.62863e-12, cumulative = -1.90329e-09
DICPCG:  Solving for p_rgh, Initial residual = 8.68277e-07, Final residual = 6.28698e-08, No Iterations 1
DICPCG:  Solving for p_rgh, Initial residual = 7.14659e-08, Final residual = 7.14659e-08, No Iterations 0
time step continuity errors : sum local = 6.50693e-11, global = -8.32239e-12, cumulative = -1.91161e-09
DICPCG:  Solving for p_rgh, Initial residual = 7.83973e-08, Final residual = 7.83973e-08, No Iterations 0
DICPCG:  Solving for p_rgh, Initial residual = 7.83973e-08, Final residual = 7.83973e-08, No Iterations 0
time step continuity errors : sum local = 7.13803e-11, global = -8.32247e-12, cumulative = -1.91993e-09
DICPCG:  Solving for p_rgh, Initial residual = 7.8376e-08, Final residual = 7.8376e-08, No Iterations 0
DICPCG:  Solving for p_rgh, Initial residual = 7.8376e-08, Final residual = 7.8376e-08, No Iterations 0
time step continuity errors : sum local = 7.13608e-11, global = -8.32247e-12, cumulative = -1.92826e-09
DILUPBiCGStab:  Solving for omega, Initial residual = 0.00219544, Final residual = 5.54876e-10, No Iterations 1
DILUPBiCGStab:  Solving for Rxx, Initial residual = 0.00709787, Final residual = 5.65084e-10, No Iterations 1
DILUPBiCGStab:  Solving for Rxy, Initial residual = 0.0109264, Final residual = 1.11456e-09, No Iterations 1
DILUPBiCGStab:  Solving for Ryy, Initial residual = 0.0890286, Final residual = 4.7641e-08, No Iterations 1
DILUPBiCGStab:  Solving for Rzz, Initial residual = 0.0106621, Final residual = 5.4068e-10, No Iterations 1
ExecutionTime = 3.1 s  ClockTime = 3 s

Courant Number mean: 9.69322e-05 max: 0.0500713
Interface Courant Number mean: 4.33438e-06 max: 0.0500713
deltaT = 0.00562237
Time = 0.280727

PIMPLE: iteration 1
MULES: Solving for alpha.water
Phase-1 volume fraction = 0.295159  Min(alpha.water) = -3.8645e-19  Max(alpha.water) = 1
Relaxing time: 0.03 s
DILUPBiCG:  Solving for Ux, Initial residual = 0.000601815, Final residual = 7.73444e-13, No Iterations 2
DILUPBiCG:  Solving for Uy, Initial residual = 0.00177706, Final residual = 1.10339e-13, No Iterations 2
DICPCG:  Solving for p_rgh, Initial residual = 0.000884921, Final residual = 8.26825e-07, No Iterations 15
DICPCG:  Solving for p_rgh, Initial residual = 1.91477e-06, Final residual = 9.98901e-08, No Iterations 15
time step continuity errors : sum local = 9.10152e-11, global = -1.03842e-11, cumulative = -1.93864e-09
DICPCG:  Solving for p_rgh, Initial residual = 8.66548e-07, Final residual = 5.98151e-08, No Iterations 1
DICPCG:  Solving for p_rgh, Initial residual = 6.81051e-08, Final residual = 6.81051e-08, No Iterations 0
time step continuity errors : sum local = 6.20547e-11, global = -1.01225e-11, cumulative = -1.94876e-09
DICPCG:  Solving for p_rgh, Initial residual = 7.50467e-08, Final residual = 7.50467e-08, No Iterations 0
DICPCG:  Solving for p_rgh, Initial residual = 7.50467e-08, Final residual = 7.50467e-08, No Iterations 0
time step continuity errors : sum local = 6.83796e-11, global = -1.01226e-11, cumulative = -1.95889e-09
DICPCG:  Solving for p_rgh, Initial residual = 7.50095e-08, Final residual = 7.50095e-08, No Iterations 0
DICPCG:  Solving for p_rgh, Initial residual = 7.50095e-08, Final residual = 7.50095e-08, No Iterations 0
time step continuity errors : sum local = 6.83457e-11, global = -1.01226e-11, cumulative = -1.96901e-09
DILUPBiCGStab:  Solving for omega, Initial residual = 0.00202672, Final residual = 5.03708e-10, No Iterations 1
DILUPBiCGStab:  Solving for Rxx, Initial residual = 0.00652642, Final residual = 5.5233e-10, No Iterations 1
DILUPBiCGStab:  Solving for Rxy, Initial residual = 0.0112003, Final residual = 1.21306e-09, No Iterations 1
DILUPBiCGStab:  Solving for Ryy, Initial residual = 0.0941518, Final residual = 5.16598e-08, No Iterations 1
DILUPBiCGStab:  Solving for Rzz, Initial residual = 0.00987019, Final residual = 5.29367e-10, No Iterations 1
ExecutionTime = 3.17 s  ClockTime = 3 s

Courant Number mean: 9.8472e-05 max: 0.0502263
Interface Courant Number mean: 4.37006e-06 max: 0.0502263
deltaT = 0.00562237
Time = 0.28635

PIMPLE: iteration 1
MULES: Solving for alpha.water
Phase-1 volume fraction = 0.295159  Min(alpha.water) = -2.89378e-19  Max(alpha.water) = 1
Relaxing time: 0.03 s
DILUPBiCG:  Solving for Ux, Initial residual = 0.000602749, Final residual = 8.63233e-13, No Iterations 2
DILUPBiCG:  Solving for Uy, Initial residual = 0.00177692, Final residual = 1.08692e-13, No Iterations 2
DICPCG:  Solving for p_rgh, Initial residual = 0.000882815, Final residual = 7.6829e-07, No Iterations 15
DICPCG:  Solving for p_rgh, Initial residual = 1.84966e-06, Final residual = 9.52614e-08, No Iterations 16
time step continuity errors : sum local = 8.68603e-11, global = -8.54631e-12, cumulative = -1.97755e-09
DICPCG:  Solving for p_rgh, Initial residual = 8.5669e-07, Final residual = 6.02803e-08, No Iterations 1
DICPCG:  Solving for p_rgh, Initial residual = 6.8167e-08, Final residual = 6.8167e-08, No Iterations 0
time step continuity errors : sum local = 6.21559e-11, global = -8.23269e-12, cumulative = -1.98579e-09
DICPCG:  Solving for p_rgh, Initial residual = 7.50724e-08, Final residual = 7.50724e-08, No Iterations 0
DICPCG:  Solving for p_rgh, Initial residual = 7.50724e-08, Final residual = 7.50724e-08, No Iterations 0
time step continuity errors : sum local = 6.84524e-11, global = -8.23277e-12, cumulative = -1.99402e-09
DICPCG:  Solving for p_rgh, Initial residual = 7.5028e-08, Final residual = 7.5028e-08, No Iterations 0
DICPCG:  Solving for p_rgh, Initial residual = 7.5028e-08, Final residual = 7.5028e-08, No Iterations 0
time step continuity errors : sum local = 6.84119e-11, global = -8.23277e-12, cumulative = -2.00225e-09
DILUPBiCGStab:  Solving for omega, Initial residual = 0.0016985, Final residual = 4.88502e-10, No Iterations 1
DILUPBiCGStab:  Solving for Rxx, Initial residual = 0.00600011, Final residual = 5.38641e-10, No Iterations 1
DILUPBiCGStab:  Solving for Rxy, Initial residual = 0.0115324, Final residual = 1.32321e-09, No Iterations 1
DILUPBiCGStab:  Solving for Ryy, Initial residual = 0.100509, Final residual = 5.66345e-08, No Iterations 1
DILUPBiCGStab:  Solving for Rzz, Initial residual = 0.00909364, Final residual = 5.15457e-10, No Iterations 1
ExecutionTime = 3.23 s  ClockTime = 3 s

Courant Number mean: 9.99969e-05 max: 0.0503804
Interface Courant Number mean: 4.40386e-06 max: 0.0503804
deltaT = 0.00562237
Time = 0.291972

PIMPLE: iteration 1
MULES: Solving for alpha.water
Phase-1 volume fraction = 0.295159  Min(alpha.water) = -2.10463e-19  Max(alpha.water) = 1
Relaxing time: 0.04 s
DILUPBiCG:  Solving for Ux, Initial residual = 0.000603328, Final residual = 1.03241e-12, No Iterations 2
DILUPBiCG:  Solving for Uy, Initial residual = 0.00177779, Final residual = 1.08889e-13, No Iterations 2
DICPCG:  Solving for p_rgh, Initial residual = 0.000880933, Final residual = 8.24048e-07, No Iterations 16
DICPCG:  Solving for p_rgh, Initial residual = 2.04061e-06, Final residual = 9.23169e-08, No Iterations 15
time step continuity errors : sum local = 8.42367e-11, global = -1.08131e-11, cumulative = -2.01307e-09
DICPCG:  Solving for p_rgh, Initial residual = 8.75841e-07, Final residual = 5.92705e-08, No Iterations 1
DICPCG:  Solving for p_rgh, Initial residual = 6.70265e-08, Final residual = 6.70265e-08, No Iterations 0
time step continuity errors : sum local = 6.11603e-11, global = -1.04928e-11, cumulative = -2.02356e-09
DICPCG:  Solving for p_rgh, Initial residual = 7.3968e-08, Final residual = 7.3968e-08, No Iterations 0
DICPCG:  Solving for p_rgh, Initial residual = 7.3968e-08, Final residual = 7.3968e-08, No Iterations 0
time step continuity errors : sum local = 6.74942e-11, global = -1.04929e-11, cumulative = -2.03405e-09
DICPCG:  Solving for p_rgh, Initial residual = 7.39149e-08, Final residual = 7.39149e-08, No Iterations 0
DICPCG:  Solving for p_rgh, Initial residual = 7.39149e-08, Final residual = 7.39149e-08, No Iterations 0
time step continuity errors : sum local = 6.74458e-11, global = -1.04929e-11, cumulative = -2.04454e-09
DILUPBiCGStab:  Solving for omega, Initial residual = 0.00109279, Final residual = 4.08964e-10, No Iterations 1
DILUPBiCGStab:  Solving for Rxx, Initial residual = 0.0055174, Final residual = 5.24413e-10, No Iterations 1
DILUPBiCGStab:  Solving for Rxy, Initial residual = 0.0118994, Final residual = 1.44153e-09, No Iterations 1
DILUPBiCGStab:  Solving for Ryy, Initial residual = 0.108512, Final residual = 6.27174e-08, No Iterations 1
DILUPBiCGStab:  Solving for Rzz, Initial residual = 0.00837178, Final residual = 5.01133e-10, No Iterations 1
ExecutionTime = 3.3 s  ClockTime = 3 s

Courant Number mean: 0.000101493 max: 0.0505342
Interface Courant Number mean: 4.43476e-06 max: 0.0505342
deltaT = 0.00562237
Time = 0.297595

PIMPLE: iteration 1
MULES: Solving for alpha.water
Phase-1 volume fraction = 0.295158  Min(alpha.water) = -4.07847e-19  Max(alpha.water) = 1
Relaxing time: 0.03 s
DILUPBiCG:  Solving for Ux, Initial residual = 0.000603358, Final residual = 1.23827e-12, No Iterations 2
DILUPBiCG:  Solving for Uy, Initial residual = 0.00177407, Final residual = 9.29161e-14, No Iterations 2
DICPCG:  Solving for p_rgh, Initial residual = 0.000879494, Final residual = 6.87071e-07, No Iterations 17
DICPCG:  Solving for p_rgh, Initial residual = 2.0465e-06, Final residual = 9.41908e-08, No Iterations 15
time step continuity errors : sum local = 8.60089e-11, global = -1.09852e-11, cumulative = -2.05553e-09
DICPCG:  Solving for p_rgh, Initial residual = 8.93625e-07, Final residual = 6.30005e-08, No Iterations 1
DICPCG:  Solving for p_rgh, Initial residual = 7.05283e-08, Final residual = 7.05283e-08, No Iterations 0
time step continuity errors : sum local = 6.44023e-11, global = -1.0614e-11, cumulative = -2.06614e-09
DICPCG:  Solving for p_rgh, Initial residual = 7.75178e-08, Final residual = 7.75178e-08, No Iterations 0
DICPCG:  Solving for p_rgh, Initial residual = 7.75178e-08, Final residual = 7.75178e-08, No Iterations 0
time step continuity errors : sum local = 7.07847e-11, global = -1.06142e-11, cumulative = -2.07676e-09
DICPCG:  Solving for p_rgh, Initial residual = 7.74565e-08, Final residual = 7.74565e-08, No Iterations 0
DICPCG:  Solving for p_rgh, Initial residual = 7.74565e-08, Final residual = 7.74565e-08, No Iterations 0
time step continuity errors : sum local = 7.07287e-11, global = -1.06142e-11, cumulative = -2.08737e-09
DILUPBiCGStab:  Solving for omega, Initial residual = 0.00107116, Final residual = 8.6648e-10, No Iterations 1
DILUPBiCGStab:  Solving for Rxx, Initial residual = 0.00507573, Final residual = 5.08882e-10, No Iterations 1
DILUPBiCGStab:  Solving for Rxy, Initial residual = 0.0122898, Final residual = 1.64764e-09, No Iterations 1
DILUPBiCGStab:  Solving for Ryy, Initial residual = 0.107849, Final residual = 6.32846e-08, No Iterations 1
DILUPBiCGStab:  Solving for Rzz, Initial residual = 0.00770773, Final residual = 4.86191e-10, No Iterations 1
ExecutionTime = 3.37 s  ClockTime = 3 s

Courant Number mean: 0.00010295 max: 0.0506884
Interface Courant Number mean: 4.4653e-06 max: 0.0506884
deltaT = 0.00562237
Time = 0.303217

PIMPLE: iteration 1
MULES: Solving for alpha.water
Phase-1 volume fraction = 0.295158  Min(alpha.water) = -2.42171e-19  Max(alpha.water) = 1
Relaxing time: 0.03 s
DILUPBiCG:  Solving for Ux, Initial residual = 0.000604553, Final residual = 1.41976e-12, No Iterations 2
DILUPBiCG:  Solving for Uy, Initial residual = 0.00177379, Final residual = 5.56105e-14, No Iterations 2
DICPCG:  Solving for p_rgh, Initial residual = 0.00087929, Final residual = 6.60006e-07, No Iterations 17
DICPCG:  Solving for p_rgh, Initial residual = 2.01439e-06, Final residual = 9.57596e-08, No Iterations 14
time step continuity errors : sum local = 8.75046e-11, global = -1.22194e-11, cumulative = -2.09959e-09
DICPCG:  Solving for p_rgh, Initial residual = 8.93158e-07, Final residual = 6.83115e-08, No Iterations 1
DICPCG:  Solving for p_rgh, Initial residual = 7.55643e-08, Final residual = 7.55643e-08, No Iterations 0
time step continuity errors : sum local = 6.90506e-11, global = -1.20173e-11, cumulative = -2.11161e-09
DICPCG:  Solving for p_rgh, Initial residual = 8.28001e-08, Final residual = 8.28001e-08, No Iterations 0
DICPCG:  Solving for p_rgh, Initial residual = 8.28001e-08, Final residual = 8.28001e-08, No Iterations 0
time step continuity errors : sum local = 7.56627e-11, global = -1.20173e-11, cumulative = -2.12363e-09
DICPCG:  Solving for p_rgh, Initial residual = 8.27458e-08, Final residual = 8.27458e-08, No Iterations 0
DICPCG:  Solving for p_rgh, Initial residual = 8.27458e-08, Final residual = 8.27458e-08, No Iterations 0
time step continuity errors : sum local = 7.56131e-11, global = -1.20173e-11, cumulative = -2.13564e-09
DILUPBiCGStab:  Solving for omega, Initial residual = 0.00118034, Final residual = 9.7827e-13, No Iterations 1
DILUPBiCGStab:  Solving for Rxx, Initial residual = 0.00467273, Final residual = 4.91836e-10, No Iterations 1
DILUPBiCGStab:  Solving for Rxy, Initial residual = 0.0126991, Final residual = 2.00384e-09, No Iterations 1
DILUPBiCGStab:  Solving for Ryy, Initial residual = 0.0985032, Final residual = 5.86708e-08, No Iterations 1
DILUPBiCGStab:  Solving for Rzz, Initial residual = 0.00709899, Final residual = 4.69304e-10, No Iterations 1
ExecutionTime = 3.42 s  ClockTime = 3 s

Courant Number mean: 0.000104369 max: 0.0508438
Interface Courant Number mean: 4.49046e-06 max: 0.0508438
deltaT = 0.0054662
Time = 0.308683

PIMPLE: iteration 1
MULES: Solving for alpha.water
Phase-1 volume fraction = 0.295158  Min(alpha.water) = -3.5044e-19  Max(alpha.water) = 1
Relaxing time: 0.03 s
DILUPBiCG:  Solving for Ux, Initial residual = 0.000589345, Final residual = 1.46051e-12, No Iterations 2
DILUPBiCG:  Solving for Uy, Initial residual = 0.00172531, Final residual = 3.86449e-14, No Iterations 2
DICPCG:  Solving for p_rgh, Initial residual = 0.000875312, Final residual = 6.75568e-07, No Iterations 21
DICPCG:  Solving for p_rgh, Initial residual = 1.94951e-06, Final residual = 9.38555e-08, No Iterations 14
time step continuity errors : sum local = 8.11319e-11, global = -1.01958e-11, cumulative = -2.14584e-09
DICPCG:  Solving for p_rgh, Initial residual = 8.57155e-07, Final residual = 6.15878e-08, No Iterations 1
DICPCG:  Solving for p_rgh, Initial residual = 6.83099e-08, Final residual = 6.83099e-08, No Iterations 0
time step continuity errors : sum local = 5.90496e-11, global = -1.00408e-11, cumulative = -2.15588e-09
DICPCG:  Solving for p_rgh, Initial residual = 7.48048e-08, Final residual = 7.48048e-08, No Iterations 0
DICPCG:  Solving for p_rgh, Initial residual = 7.48048e-08, Final residual = 7.48048e-08, No Iterations 0
time step continuity errors : sum local = 6.46641e-11, global = -1.00407e-11, cumulative = -2.16592e-09
DICPCG:  Solving for p_rgh, Initial residual = 7.4752e-08, Final residual = 7.4752e-08, No Iterations 0
DICPCG:  Solving for p_rgh, Initial residual = 7.4752e-08, Final residual = 7.4752e-08, No Iterations 0
time step continuity errors : sum local = 6.46184e-11, global = -1.00407e-11, cumulative = -2.17596e-09
DILUPBiCGStab:  Solving for omega, Initial residual = 0.99939, Final residual = 3.26437e-13, No Iterations 2
bounding omega, min: -1139.37 max: 1.89666e+10 average: 465445
DILUPBiCGStab:  Solving for Rxx, Initial residual = 0.0342753, Final residual = 3.04524e-11, No Iterations 1
DILUPBiCGStab:  Solving for Rxy, Initial residual = 0.950012, Final residual = 7.04934e-11, No Iterations 1
DILUPBiCGStab:  Solving for Ryy, Initial residual = 0.0175123, Final residual = 1.61209e-09, No Iterations 1
DILUPBiCGStab:  Solving for Rzz, Initial residual = 0.0226849, Final residual = 2.34854e-11, No Iterations 1
ExecutionTime = 3.49 s  ClockTime = 3 s

Courant Number mean: 0.000102783 max: 0.0495583
Interface Courant Number mean: 4.39249e-06 max: 0.0495583
deltaT = 0.0054662
Time = 0.314149

PIMPLE: iteration 1
MULES: Solving for alpha.water
Phase-1 volume fraction = 0.295158  Min(alpha.water) = -2.9208e-20  Max(alpha.water) = 1
Relaxing time: 0.03 s
DILUPBiCG:  Solving for Ux, Initial residual = 0.000595095, Final residual = 1.56288e-12, No Iterations 2
DILUPBiCG:  Solving for Uy, Initial residual = 0.00174446, Final residual = 3.29696e-13, No Iterations 2
DICPCG:  Solving for p_rgh, Initial residual = 0.00086836, Final residual = 8.42448e-07, No Iterations 16
DICPCG:  Solving for p_rgh, Initial residual = 2.12094e-06, Final residual = 9.94997e-08, No Iterations 15
time step continuity errors : sum local = 8.6071e-11, global = -1.04867e-11, cumulative = -2.18645e-09
DICPCG:  Solving for p_rgh, Initial residual = 8.54425e-07, Final residual = 6.57442e-08, No Iterations 1
DICPCG:  Solving for p_rgh, Initial residual = 7.25475e-08, Final residual = 7.25475e-08, No Iterations 0
time step continuity errors : sum local = 6.27569e-11, global = -1.01826e-11, cumulative = -2.19663e-09
DICPCG:  Solving for p_rgh, Initial residual = 7.89332e-08, Final residual = 7.89332e-08, No Iterations 0
DICPCG:  Solving for p_rgh, Initial residual = 7.89332e-08, Final residual = 7.89332e-08, No Iterations 0
time step continuity errors : sum local = 6.82807e-11, global = -1.01827e-11, cumulative = -2.20681e-09
DICPCG:  Solving for p_rgh, Initial residual = 7.88998e-08, Final residual = 7.88998e-08, No Iterations 0
DICPCG:  Solving for p_rgh, Initial residual = 7.88998e-08, Final residual = 7.88998e-08, No Iterations 0
time step continuity errors : sum local = 6.82519e-11, global = -1.01827e-11, cumulative = -2.217e-09
DILUPBiCGStab:  Solving for omega, Initial residual = 0.99988, Final residual = 2.86473e-15, No Iterations 1
DILUPBiCGStab:  Solving for Rxx, Initial residual = 0.00390049, Final residual = 3.22066e-10, No Iterations 1
DILUPBiCGStab:  Solving for Rxy, Initial residual = 0.0134408, Final residual = 1.5759e-09, No Iterations 1
DILUPBiCGStab:  Solving for Ryy, Initial residual = 0.0802424, Final residual = 4.67079e-08, No Iterations 1
DILUPBiCGStab:  Solving for Rzz, Initial residual = 0.00592853, Final residual = 3.89792e-10, No Iterations 1
ExecutionTime = 3.56 s  ClockTime = 3 s

Courant Number mean: 0.000104065 max: 0.0496874
Interface Courant Number mean: 4.41367e-06 max: 0.0496874
deltaT = 0.0054662
Time = 0.319615

PIMPLE: iteration 1
MULES: Solving for alpha.water
Phase-1 volume fraction = 0.295157  Min(alpha.water) = -1.48195e-19  Max(alpha.water) = 1
Relaxing time: 0.03 s
DILUPBiCG:  Solving for Ux, Initial residual = 0.000596844, Final residual = 1.5791e-12, No Iterations 2
DILUPBiCG:  Solving for Uy, Initial residual = 0.00174727, Final residual = 3.59828e-13, No Iterations 2
DICPCG:  Solving for p_rgh, Initial residual = 0.00086464, Final residual = 8.6105e-07, No Iterations 16
DICPCG:  Solving for p_rgh, Initial residual = 2.09574e-06, Final residual = 9.83818e-08, No Iterations 15
time step continuity errors : sum local = 8.51638e-11, global = -1.05363e-11, cumulative = -2.22753e-09
DICPCG:  Solving for p_rgh, Initial residual = 8.53705e-07, Final residual = 6.5201e-08, No Iterations 1
DICPCG:  Solving for p_rgh, Initial residual = 7.19554e-08, Final residual = 7.19554e-08, No Iterations 0
time step continuity errors : sum local = 6.22884e-11, global = -1.02234e-11, cumulative = -2.23776e-09
DICPCG:  Solving for p_rgh, Initial residual = 7.82213e-08, Final residual = 7.82213e-08, No Iterations 0
DICPCG:  Solving for p_rgh, Initial residual = 7.82213e-08, Final residual = 7.82213e-08, No Iterations 0
time step continuity errors : sum local = 6.77125e-11, global = -1.02236e-11, cumulative = -2.24798e-09
DICPCG:  Solving for p_rgh, Initial residual = 7.82326e-08, Final residual = 7.82326e-08, No Iterations 0
DICPCG:  Solving for p_rgh, Initial residual = 7.82326e-08, Final residual = 7.82326e-08, No Iterations 0
time step continuity errors : sum local = 6.77222e-11, global = -1.02236e-11, cumulative = -2.2582e-09
DILUPBiCGStab:  Solving for omega, Initial residual = 0.00674382, Final residual = 4.92207e-13, No Iterations 1
DILUPBiCGStab:  Solving for Rxx, Initial residual = 0.00359744, Final residual = 2.82224e-10, No Iterations 1
DILUPBiCGStab:  Solving for Rxy, Initial residual = 0.0137009, Final residual = 1.63161e-09, No Iterations 1
DILUPBiCGStab:  Solving for Ryy, Initial residual = 0.0737409, Final residual = 4.35158e-08, No Iterations 1
DILUPBiCGStab:  Solving for Rzz, Initial residual = 0.00546805, Final residual = 3.30459e-10, No Iterations 1
ExecutionTime = 3.62 s  ClockTime = 3 s

Courant Number mean: 0.000105315 max: 0.0498172
Interface Courant Number mean: 4.43233e-06 max: 0.0498172
deltaT = 0.0054662
Time = 0.325082

PIMPLE: iteration 1
MULES: Solving for alpha.water
Phase-1 volume fraction = 0.295157  Min(alpha.water) = -2.23568e-19  Max(alpha.water) = 1
Relaxing time: 0.04 s
DILUPBiCG:  Solving for Ux, Initial residual = 0.000599164, Final residual = 1.53366e-12, No Iterations 2
DILUPBiCG:  Solving for Uy, Initial residual = 0.00175015, Final residual = 1.44976e-13, No Iterations 2
DICPCG:  Solving for p_rgh, Initial residual = 0.00086178, Final residual = 8.59548e-07, No Iterations 16
DICPCG:  Solving for p_rgh, Initial residual = 2.1067e-06, Final residual = 9.45193e-08, No Iterations 15
time step continuity errors : sum local = 8.18783e-11, global = -1.04298e-11, cumulative = -2.26863e-09
DICPCG:  Solving for p_rgh, Initial residual = 8.79437e-07, Final residual = 6.19126e-08, No Iterations 1
DICPCG:  Solving for p_rgh, Initial residual = 6.87107e-08, Final residual = 6.87107e-08, No Iterations 0
time step continuity errors : sum local = 5.95218e-11, global = -1.01219e-11, cumulative = -2.27875e-09
DICPCG:  Solving for p_rgh, Initial residual = 7.49079e-08, Final residual = 7.49079e-08, No Iterations 0
DICPCG:  Solving for p_rgh, Initial residual = 7.49079e-08, Final residual = 7.49079e-08, No Iterations 0
time step continuity errors : sum local = 6.48902e-11, global = -1.0122e-11, cumulative = -2.28888e-09
DICPCG:  Solving for p_rgh, Initial residual = 7.49413e-08, Final residual = 7.49413e-08, No Iterations 0
DICPCG:  Solving for p_rgh, Initial residual = 7.49413e-08, Final residual = 7.49413e-08, No Iterations 0
time step continuity errors : sum local = 6.49191e-11, global = -1.0122e-11, cumulative = -2.299e-09
DILUPBiCGStab:  Solving for omega, Initial residual = 0.00313636, Final residual = 6.57095e-13, No Iterations 1
DILUPBiCGStab:  Solving for Rxx, Initial residual = 0.00333035, Final residual = 2.57276e-10, No Iterations 1
DILUPBiCGStab:  Solving for Rxy, Initial residual = 0.0137954, Final residual = 1.68011e-09, No Iterations 1
DILUPBiCGStab:  Solving for Ryy, Initial residual = 0.0678584, Final residual = 4.04798e-08, No Iterations 1
DILUPBiCGStab:  Solving for Rzz, Initial residual = 0.0050611, Final residual = 2.96403e-10, No Iterations 1
ExecutionTime = 3.68 s  ClockTime = 4 s

Courant Number mean: 0.000106536 max: 0.0499625
Interface Courant Number mean: 4.45153e-06 max: 0.0499625
deltaT = 0.0054662
Time = 0.330548

PIMPLE: iteration 1
MULES: Solving for alpha.water
Phase-1 volume fraction = 0.295157  Min(alpha.water) = -1.73043e-19  Max(alpha.water) = 1
Relaxing time: 0.03 s
DILUPBiCG:  Solving for Ux, Initial residual = 0.000601353, Final residual = 1.42466e-12, No Iterations 2
DILUPBiCG:  Solving for Uy, Initial residual = 0.00175424, Final residual = 9.08211e-14, No Iterations 2
DICPCG:  Solving for p_rgh, Initial residual = 0.000859054, Final residual = 8.47791e-07, No Iterations 16
DICPCG:  Solving for p_rgh, Initial residual = 2.08374e-06, Final residual = 9.84691e-08, No Iterations 15
time step continuity errors : sum local = 8.5359e-11, global = -1.03453e-11, cumulative = -2.30934e-09
DICPCG:  Solving for p_rgh, Initial residual = 9.01414e-07, Final residual = 6.50348e-08, No Iterations 1
DICPCG:  Solving for p_rgh, Initial residual = 7.18666e-08, Final residual = 7.18666e-08, No Iterations 0
time step continuity errors : sum local = 6.22988e-11, global = -1.00498e-11, cumulative = -2.31939e-09
DICPCG:  Solving for p_rgh, Initial residual = 7.80944e-08, Final residual = 7.80944e-08, No Iterations 0
DICPCG:  Solving for p_rgh, Initial residual = 7.80944e-08, Final residual = 7.80944e-08, No Iterations 0
time step continuity errors : sum local = 6.76974e-11, global = -1.005e-11, cumulative = -2.32944e-09
DICPCG:  Solving for p_rgh, Initial residual = 7.81661e-08, Final residual = 7.81661e-08, No Iterations 0
DICPCG:  Solving for p_rgh, Initial residual = 7.81661e-08, Final residual = 7.81661e-08, No Iterations 0
time step continuity errors : sum local = 6.77597e-11, global = -1.005e-11, cumulative = -2.33949e-09
DILUPBiCGStab:  Solving for omega, Initial residual = 0.00220879, Final residual = 5.31679e-13, No Iterations 1
DILUPBiCGStab:  Solving for Rxx, Initial residual = 0.00308763, Final residual = 2.42319e-10, No Iterations 1
DILUPBiCGStab:  Solving for Rxy, Initial residual = 0.0136726, Final residual = 1.7108e-09, No Iterations 1
DILUPBiCGStab:  Solving for Ryy, Initial residual = 0.0625255, Final residual = 3.7809e-08, No Iterations 1
DILUPBiCGStab:  Solving for Rzz, Initial residual = 0.00469072, Final residual = 2.7812e-10, No Iterations 1
ExecutionTime = 3.74 s  ClockTime = 4 s

Courant Number mean: 0.00010773 max: 0.0501066
Interface Courant Number mean: 4.47598e-06 max: 0.0501066
deltaT = 0.0054662
Time = 0.336014

PIMPLE: iteration 1
MULES: Solving for alpha.water
Phase-1 volume fraction = 0.295157  Min(alpha.water) = -2.97659e-19  Max(alpha.water) = 1
Relaxing time: 0.03 s
DILUPBiCG:  Solving for Ux, Initial residual = 0.000603648, Final residual = 1.27025e-12, No Iterations 2
DILUPBiCG:  Solving for Uy, Initial residual = 0.0017583, Final residual = 6.87588e-14, No Iterations 2
DICPCG:  Solving for p_rgh, Initial residual = 0.000856304, Final residual = 8.04747e-07, No Iterations 16
DICPCG:  Solving for p_rgh, Initial residual = 2.02532e-06, Final residual = 9.63081e-08, No Iterations 15
time step continuity errors : sum local = 8.35445e-11, global = -1.0285e-11, cumulative = -2.34978e-09
DICPCG:  Solving for p_rgh, Initial residual = 8.941e-07, Final residual = 6.35941e-08, No Iterations 1
DICPCG:  Solving for p_rgh, Initial residual = 7.03555e-08, Final residual = 7.03555e-08, No Iterations 0
time step continuity errors : sum local = 6.10317e-11, global = -1.00051e-11, cumulative = -2.35978e-09
DICPCG:  Solving for p_rgh, Initial residual = 7.64283e-08, Final residual = 7.64283e-08, No Iterations 0
DICPCG:  Solving for p_rgh, Initial residual = 7.64283e-08, Final residual = 7.64283e-08, No Iterations 0
time step continuity errors : sum local = 6.62998e-11, global = -1.00052e-11, cumulative = -2.36979e-09
DICPCG:  Solving for p_rgh, Initial residual = 7.651e-08, Final residual = 7.651e-08, No Iterations 0
DICPCG:  Solving for p_rgh, Initial residual = 7.651e-08, Final residual = 7.651e-08, No Iterations 0
time step continuity errors : sum local = 6.63706e-11, global = -1.00052e-11, cumulative = -2.37979e-09
DILUPBiCGStab:  Solving for omega, Initial residual = 0.00182977, Final residual = 4.41235e-13, No Iterations 1
DILUPBiCGStab:  Solving for Rxx, Initial residual = 0.00286518, Final residual = 2.31829e-10, No Iterations 1
DILUPBiCGStab:  Solving for Rxy, Initial residual = 0.0133011, Final residual = 1.71569e-09, No Iterations 1
DILUPBiCGStab:  Solving for Ryy, Initial residual = 0.0576796, Final residual = 3.53365e-08, No Iterations 1
DILUPBiCGStab:  Solving for Rzz, Initial residual = 0.00435124, Final residual = 2.65368e-10, No Iterations 1
ExecutionTime = 3.8 s  ClockTime = 4 s

Courant Number mean: 0.000108901 max: 0.0502475
Interface Courant Number mean: 4.49476e-06 max: 0.0502475
deltaT = 0.0054662
Time = 0.34148

PIMPLE: iteration 1
MULES: Solving for alpha.water
Phase-1 volume fraction = 0.295156  Min(alpha.water) = -2.89626e-19  Max(alpha.water) = 1
Relaxing time: 0.03 s
DILUPBiCG:  Solving for Ux, Initial residual = 0.000606025, Final residual = 1.09775e-12, No Iterations 2
DILUPBiCG:  Solving for Uy, Initial residual = 0.00176192, Final residual = 5.38763e-14, No Iterations 2
DICPCG:  Solving for p_rgh, Initial residual = 0.000854647, Final residual = 8.48366e-07, No Iterations 15
DICPCG:  Solving for p_rgh, Initial residual = 2.03584e-06, Final residual = 8.6923e-08, No Iterations 17
time step continuity errors : sum local = 7.54571e-11, global = -7.55061e-12, cumulative = -2.38734e-09
DICPCG:  Solving for p_rgh, Initial residual = 8.88651e-07, Final residual = 5.91977e-08, No Iterations 1
DICPCG:  Solving for p_rgh, Initial residual = 6.60271e-08, Final residual = 6.60271e-08, No Iterations 0
time step continuity errors : sum local = 5.7318e-11, global = -7.31138e-12, cumulative = -2.39466e-09
DICPCG:  Solving for p_rgh, Initial residual = 7.19348e-08, Final residual = 7.19348e-08, No Iterations 0
DICPCG:  Solving for p_rgh, Initial residual = 7.19348e-08, Final residual = 7.19348e-08, No Iterations 0
time step continuity errors : sum local = 6.24465e-11, global = -7.31142e-12, cumulative = -2.40197e-09
DICPCG:  Solving for p_rgh, Initial residual = 7.20196e-08, Final residual = 7.20196e-08, No Iterations 0
DICPCG:  Solving for p_rgh, Initial residual = 7.20196e-08, Final residual = 7.20196e-08, No Iterations 0
time step continuity errors : sum local = 6.25202e-11, global = -7.31142e-12, cumulative = -2.40928e-09
DILUPBiCGStab:  Solving for omega, Initial residual = 0.00170661, Final residual = 3.98696e-13, No Iterations 1
DILUPBiCGStab:  Solving for Rxx, Initial residual = 0.00266012, Final residual = 2.24686e-10, No Iterations 1
DILUPBiCGStab:  Solving for Rxy, Initial residual = 0.0126821, Final residual = 1.71342e-09, No Iterations 1
DILUPBiCGStab:  Solving for Ryy, Initial residual = 0.0532637, Final residual = 3.30531e-08, No Iterations 1
DILUPBiCGStab:  Solving for Rzz, Initial residual = 0.00403844, Final residual = 2.55847e-10, No Iterations 1
ExecutionTime = 3.87 s  ClockTime = 4 s

Courant Number mean: 0.000110052 max: 0.0503834
Interface Courant Number mean: 4.51442e-06 max: 0.0503834
deltaT = 0.0054662
Time = 0.346946

PIMPLE: iteration 1
MULES: Solving for alpha.water
Phase-1 volume fraction = 0.295156  Min(alpha.water) = -2.18962e-19  Max(alpha.water) = 1
Relaxing time: 0.04 s
DILUPBiCG:  Solving for Ux, Initial residual = 0.000608586, Final residual = 9.25123e-13, No Iterations 2
DILUPBiCG:  Solving for Uy, Initial residual = 0.00176564, Final residual = 4.19976e-14, No Iterations 2
DICPCG:  Solving for p_rgh, Initial residual = 0.000857096, Final residual = 8.09772e-07, No Iterations 16
DICPCG:  Solving for p_rgh, Initial residual = 1.96798e-06, Final residual = 9.96535e-08, No Iterations 14
time step continuity errors : sum local = 8.65724e-11, global = -1.16429e-11, cumulative = -2.42092e-09
DICPCG:  Solving for p_rgh, Initial residual = 8.48203e-07, Final residual = 6.79568e-08, No Iterations 1
DICPCG:  Solving for p_rgh, Initial residual = 7.40681e-08, Final residual = 7.40681e-08, No Iterations 0
time step continuity errors : sum local = 6.43459e-11, global = -1.14937e-11, cumulative = -2.43242e-09
DICPCG:  Solving for p_rgh, Initial residual = 7.96615e-08, Final residual = 7.96615e-08, No Iterations 0
DICPCG:  Solving for p_rgh, Initial residual = 7.96615e-08, Final residual = 7.96615e-08, No Iterations 0
time step continuity errors : sum local = 6.92051e-11, global = -1.14937e-11, cumulative = -2.44391e-09
DICPCG:  Solving for p_rgh, Initial residual = 7.97451e-08, Final residual = 7.97451e-08, No Iterations 0
DICPCG:  Solving for p_rgh, Initial residual = 7.97451e-08, Final residual = 7.97451e-08, No Iterations 0
time step continuity errors : sum local = 6.92778e-11, global = -1.14937e-11, cumulative = -2.4554e-09
DILUPBiCGStab:  Solving for omega, Initial residual = 0.00166737, Final residual = 3.72936e-13, No Iterations 1
DILUPBiCGStab:  Solving for Rxx, Initial residual = 0.00247041, Final residual = 2.21562e-10, No Iterations 1
DILUPBiCGStab:  Solving for Rxy, Initial residual = 0.0118464, Final residual = 1.6672e-09, No Iterations 1
DILUPBiCGStab:  Solving for Ryy, Initial residual = 0.049223, Final residual = 3.09166e-08, No Iterations 1
DILUPBiCGStab:  Solving for Rzz, Initial residual = 0.00374896, Final residual = 2.48624e-10, No Iterations 1
ExecutionTime = 3.93 s  ClockTime = 4 s

Courant Number mean: 0.000111183 max: 0.0505142
Interface Courant Number mean: 4.53172e-06 max: 0.0505142
deltaT = 0.0054662
Time = 0.352413

PIMPLE: iteration 1
MULES: Solving for alpha.water
Phase-1 volume fraction = 0.295156  Min(alpha.water) = -1.19338e-19  Max(alpha.water) = 1
Relaxing time: 0.03 s
DILUPBiCG:  Solving for Ux, Initial residual = 0.000611256, Final residual = 9.0184e-13, No Iterations 2
DILUPBiCG:  Solving for Uy, Initial residual = 0.00176902, Final residual = 5.22508e-14, No Iterations 2
DICPCG:  Solving for p_rgh, Initial residual = 0.00085777, Final residual = 8.3252e-07, No Iterations 16
DICPCG:  Solving for p_rgh, Initial residual = 1.94275e-06, Final residual = 9.26601e-08, No Iterations 15
time step continuity errors : sum local = 8.0558e-11, global = -1.01359e-11, cumulative = -2.46554e-09
DICPCG:  Solving for p_rgh, Initial residual = 8.54068e-07, Final residual = 6.08511e-08, No Iterations 1
DICPCG:  Solving for p_rgh, Initial residual = 6.73573e-08, Final residual = 6.73573e-08, No Iterations 0
time step continuity errors : sum local = 5.85603e-11, global = -9.86075e-12, cumulative = -2.4754e-09
DICPCG:  Solving for p_rgh, Initial residual = 7.29442e-08, Final residual = 7.29442e-08, No Iterations 0
DICPCG:  Solving for p_rgh, Initial residual = 7.29442e-08, Final residual = 7.29442e-08, No Iterations 0
time step continuity errors : sum local = 6.34176e-11, global = -9.86086e-12, cumulative = -2.48526e-09
DICPCG:  Solving for p_rgh, Initial residual = 7.30216e-08, Final residual = 7.30216e-08, No Iterations 0
DICPCG:  Solving for p_rgh, Initial residual = 7.30216e-08, Final residual = 7.30216e-08, No Iterations 0
time step continuity errors : sum local = 6.34849e-11, global = -9.86086e-12, cumulative = -2.49512e-09
DILUPBiCGStab:  Solving for omega, Initial residual = 0.0016443, Final residual = 3.53242e-13, No Iterations 1
DILUPBiCGStab:  Solving for Rxx, Initial residual = 0.00229361, Final residual = 2.19939e-10, No Iterations 1
DILUPBiCGStab:  Solving for Rxy, Initial residual = 0.0108529, Final residual = 1.60414e-09, No Iterations 1
DILUPBiCGStab:  Solving for Ryy, Initial residual = 0.0454984, Final residual = 2.89279e-08, No Iterations 1
DILUPBiCGStab:  Solving for Rzz, Initial residual = 0.00347965, Final residual = 2.45302e-10, No Iterations 1
ExecutionTime = 4 s  ClockTime = 4 s

Courant Number mean: 0.000112305 max: 0.0506399
Interface Courant Number mean: 4.54836e-06 max: 0.0506399
deltaT = 0.0054662
Time = 0.357879

PIMPLE: iteration 1
MULES: Solving for alpha.water
Phase-1 volume fraction = 0.295156  Min(alpha.water) = -1.95935e-19  Max(alpha.water) = 1
Relaxing time: 0.04 s
DILUPBiCG:  Solving for Ux, Initial residual = 0.000613996, Final residual = 9.05937e-13, No Iterations 2
DILUPBiCG:  Solving for Uy, Initial residual = 0.00177263, Final residual = 6.41506e-14, No Iterations 2
DICPCG:  Solving for p_rgh, Initial residual = 0.000855934, Final residual = 8.49891e-07, No Iterations 15
DICPCG:  Solving for p_rgh, Initial residual = 1.93684e-06, Final residual = 9.77309e-08, No Iterations 16
time step continuity errors : sum local = 8.50324e-11, global = -9.24383e-12, cumulative = -2.50437e-09
DICPCG:  Solving for p_rgh, Initial residual = 8.80236e-07, Final residual = 6.35033e-08, No Iterations 1
DICPCG:  Solving for p_rgh, Initial residual = 7.01953e-08, Final residual = 7.01953e-08, No Iterations 0
time step continuity errors : sum local = 6.10751e-11, global = -8.88758e-12, cumulative = -2.51325e-09
DICPCG:  Solving for p_rgh, Initial residual = 7.57206e-08, Final residual = 7.57206e-08, No Iterations 0
DICPCG:  Solving for p_rgh, Initial residual = 7.57206e-08, Final residual = 7.57206e-08, No Iterations 0
time step continuity errors : sum local = 6.58826e-11, global = -8.88769e-12, cumulative = -2.52214e-09
DICPCG:  Solving for p_rgh, Initial residual = 7.57931e-08, Final residual = 7.57931e-08, No Iterations 0
DICPCG:  Solving for p_rgh, Initial residual = 7.57931e-08, Final residual = 7.57931e-08, No Iterations 0
time step continuity errors : sum local = 6.59456e-11, global = -8.88769e-12, cumulative = -2.53103e-09
DILUPBiCGStab:  Solving for omega, Initial residual = 0.00162804, Final residual = 2.07385e-13, No Iterations 1
DILUPBiCGStab:  Solving for Rxx, Initial residual = 0.00212778, Final residual = 2.18643e-10, No Iterations 1
DILUPBiCGStab:  Solving for Rxy, Initial residual = 0.00977139, Final residual = 1.51363e-09, No Iterations 1
DILUPBiCGStab:  Solving for Ryy, Initial residual = 0.0420479, Final residual = 2.70555e-08, No Iterations 1
DILUPBiCGStab:  Solving for Rzz, Initial residual = 0.00322746, Final residual = 2.42458e-10, No Iterations 1
ExecutionTime = 4.06 s  ClockTime = 4 s

Courant Number mean: 0.000113425 max: 0.0507605
Interface Courant Number mean: 4.5622e-06 max: 0.0507605
deltaT = 0.0054662
Time = 0.363345

PIMPLE: iteration 1
MULES: Solving for alpha.water
Phase-1 volume fraction = 0.295155  Min(alpha.water) = -2.24174e-19  Max(alpha.water) = 1
Relaxing time: 0.03 s
DILUPBiCG:  Solving for Ux, Initial residual = 0.000616783, Final residual = 8.76683e-13, No Iterations 2
DILUPBiCG:  Solving for Uy, Initial residual = 0.00177636, Final residual = 6.30322e-14, No Iterations 2
DICPCG:  Solving for p_rgh, Initial residual = 0.000853291, Final residual = 8.06986e-07, No Iterations 15
DICPCG:  Solving for p_rgh, Initial residual = 1.86032e-06, Final residual = 8.18444e-08, No Iterations 17
time step continuity errors : sum local = 7.12677e-11, global = -7.20049e-12, cumulative = -2.53823e-09
DICPCG:  Solving for p_rgh, Initial residual = 8.32811e-07, Final residual = 5.40937e-08, No Iterations 1
DICPCG:  Solving for p_rgh, Initial residual = 6.04085e-08, Final residual = 6.04085e-08, No Iterations 0
time step continuity errors : sum local = 5.26024e-11, global = -6.96888e-12, cumulative = -2.5452e-09
DICPCG:  Solving for p_rgh, Initial residual = 6.55234e-08, Final residual = 6.55234e-08, No Iterations 0
DICPCG:  Solving for p_rgh, Initial residual = 6.55234e-08, Final residual = 6.55234e-08, No Iterations 0
time step continuity errors : sum local = 5.70563e-11, global = -6.9689e-12, cumulative = -2.55217e-09
DICPCG:  Solving for p_rgh, Initial residual = 6.55867e-08, Final residual = 6.55867e-08, No Iterations 0
DICPCG:  Solving for p_rgh, Initial residual = 6.55867e-08, Final residual = 6.55867e-08, No Iterations 0
time step continuity errors : sum local = 5.71114e-11, global = -6.9689e-12, cumulative = -2.55914e-09
DILUPBiCGStab:  Solving for omega, Initial residual = 0.00161525, Final residual = 1.99477e-13, No Iterations 1
DILUPBiCGStab:  Solving for Rxx, Initial residual = 0.00197124, Final residual = 2.16206e-10, No Iterations 1
DILUPBiCGStab:  Solving for Rxy, Initial residual = 0.00866994, Final residual = 1.39274e-09, No Iterations 1
DILUPBiCGStab:  Solving for Ryy, Initial residual = 0.0388386, Final residual = 2.52815e-08, No Iterations 1
DILUPBiCGStab:  Solving for Rzz, Initial residual = 0.00298983, Final residual = 2.38682e-10, No Iterations 1
ExecutionTime = 4.13 s  ClockTime = 4 s

Courant Number mean: 0.000114535 max: 0.0508762
Interface Courant Number mean: 4.57385e-06 max: 0.0508762
deltaT = 0.0054662
Time = 0.368811

PIMPLE: iteration 1
MULES: Solving for alpha.water
Phase-1 volume fraction = 0.295155  Min(alpha.water) = -9.00041e-20  Max(alpha.water) = 1
Relaxing time: 0.04 s
DILUPBiCG:  Solving for Ux, Initial residual = 0.000619546, Final residual = 7.71089e-13, No Iterations 2
DILUPBiCG:  Solving for Uy, Initial residual = 0.00178089, Final residual = 5.83438e-14, No Iterations 2
DICPCG:  Solving for p_rgh, Initial residual = 0.000858139, Final residual = 8.01e-07, No Iterations 15
DICPCG:  Solving for p_rgh, Initial residual = 1.83976e-06, Final residual = 9.72678e-08, No Iterations 16
time step continuity errors : sum local = 8.47683e-11, global = -8.68752e-12, cumulative = -2.56782e-09
DICPCG:  Solving for p_rgh, Initial residual = 8.06019e-07, Final residual = 6.07222e-08, No Iterations 1
DICPCG:  Solving for p_rgh, Initial residual = 6.66537e-08, Final residual = 6.66537e-08, No Iterations 0
time step continuity errors : sum local = 5.80887e-11, global = -8.38945e-12, cumulative = -2.57621e-09
DICPCG:  Solving for p_rgh, Initial residual = 7.12718e-08, Final residual = 7.12718e-08, No Iterations 0
DICPCG:  Solving for p_rgh, Initial residual = 7.12718e-08, Final residual = 7.12718e-08, No Iterations 0
time step continuity errors : sum local = 6.21134e-11, global = -8.38954e-12, cumulative = -2.5846e-09
DICPCG:  Solving for p_rgh, Initial residual = 7.13261e-08, Final residual = 7.13261e-08, No Iterations 0
DICPCG:  Solving for p_rgh, Initial residual = 7.13261e-08, Final residual = 7.13261e-08, No Iterations 0
time step continuity errors : sum local = 6.21608e-11, global = -8.38954e-12, cumulative = -2.59299e-09
DILUPBiCGStab:  Solving for omega, Initial residual = 0.00160383, Final residual = 2.9926e-13, No Iterations 1
DILUPBiCGStab:  Solving for Rxx, Initial residual = 0.00182279, Final residual = 2.15191e-10, No Iterations 1
DILUPBiCGStab:  Solving for Rxy, Initial residual = 0.00760418, Final residual = 1.28134e-09, No Iterations 1
DILUPBiCGStab:  Solving for Ryy, Initial residual = 0.0357278, Final residual = 2.35199e-08, No Iterations 1
DILUPBiCGStab:  Solving for Rzz, Initial residual = 0.00276493, Final residual = 2.35961e-10, No Iterations 1
ExecutionTime = 4.2 s  ClockTime = 4 s

Courant Number mean: 0.000115639 max: 0.0510133
Interface Courant Number mean: 4.59218e-06 max: 0.0510133
deltaT = 0.0054662
Time = 0.374277

PIMPLE: iteration 1
MULES: Solving for alpha.water
Phase-1 volume fraction = 0.295155  Min(alpha.water) = -2.68202e-19  Max(alpha.water) = 1
Relaxing time: 0.03 s
DILUPBiCG:  Solving for Ux, Initial residual = 0.000622383, Final residual = 6.03294e-13, No Iterations 2
DILUPBiCG:  Solving for Uy, Initial residual = 0.00178438, Final residual = 7.52821e-14, No Iterations 2
DICPCG:  Solving for p_rgh, Initial residual = 0.000847108, Final residual = 7.94839e-07, No Iterations 15
DICPCG:  Solving for p_rgh, Initial residual = 1.82512e-06, Final residual = 9.91772e-08, No Iterations 16
time step continuity errors : sum local = 8.65057e-11, global = -8.91479e-12, cumulative = -2.60191e-09
DICPCG:  Solving for p_rgh, Initial residual = 8.84457e-07, Final residual = 6.61832e-08, No Iterations 1
DICPCG:  Solving for p_rgh, Initial residual = 7.31464e-08, Final residual = 7.31464e-08, No Iterations 0
time step continuity errors : sum local = 6.38013e-11, global = -8.62252e-12, cumulative = -2.61053e-09
DICPCG:  Solving for p_rgh, Initial residual = 7.77164e-08, Final residual = 7.77164e-08, No Iterations 0
DICPCG:  Solving for p_rgh, Initial residual = 7.77164e-08, Final residual = 7.77164e-08, No Iterations 0
time step continuity errors : sum local = 6.77874e-11, global = -8.62261e-12, cumulative = -2.61915e-09
DICPCG:  Solving for p_rgh, Initial residual = 7.77681e-08, Final residual = 7.77681e-08, No Iterations 0
DICPCG:  Solving for p_rgh, Initial residual = 7.77681e-08, Final residual = 7.77681e-08, No Iterations 0
time step continuity errors : sum local = 6.78325e-11, global = -8.62261e-12, cumulative = -2.62777e-09
DILUPBiCGStab:  Solving for omega, Initial residual = 0.00159149, Final residual = 2.88085e-13, No Iterations 1
DILUPBiCGStab:  Solving for Rxx, Initial residual = 0.00168147, Final residual = 2.13795e-10, No Iterations 1
DILUPBiCGStab:  Solving for Rxy, Initial residual = 0.00658239, Final residual = 1.15195e-09, No Iterations 1
DILUPBiCGStab:  Solving for Ryy, Initial residual = 0.0327475, Final residual = 2.17866e-08, No Iterations 1
DILUPBiCGStab:  Solving for Rzz, Initial residual = 0.00255122, Final residual = 2.33493e-10, No Iterations 1
ExecutionTime = 4.27 s  ClockTime = 4 s

Courant Number mean: 0.000116734 max: 0.0511466
Interface Courant Number mean: 4.60016e-06 max: 0.0511466
deltaT = 0.00523844
Time = 0.379516

PIMPLE: iteration 1
MULES: Solving for alpha.water
Phase-1 volume fraction = 0.295155  Min(alpha.water) = -3.77474e-20  Max(alpha.water) = 1
Relaxing time: 0.03 s
DILUPBiCG:  Solving for Ux, Initial residual = 0.000599446, Final residual = 5.59586e-13, No Iterations 2
DILUPBiCG:  Solving for Uy, Initial residual = 0.00171299, Final residual = 3.50362e-14, No Iterations 2
DICPCG:  Solving for p_rgh, Initial residual = 0.000849367, Final residual = 7.62995e-07, No Iterations 23
DICPCG:  Solving for p_rgh, Initial residual = 1.76725e-06, Final residual = 9.26412e-08, No Iterations 14
time step continuity errors : sum local = 7.42904e-11, global = -8.34296e-12, cumulative = -2.63612e-09
DICPCG:  Solving for p_rgh, Initial residual = 8.18323e-07, Final residual = 6.27236e-08, No Iterations 1
DICPCG:  Solving for p_rgh, Initial residual = 6.91969e-08, Final residual = 6.91969e-08, No Iterations 0
time step continuity errors : sum local = 5.54902e-11, global = -8.26441e-12, cumulative = -2.64438e-09
DICPCG:  Solving for p_rgh, Initial residual = 7.27003e-08, Final residual = 7.27003e-08, No Iterations 0
DICPCG:  Solving for p_rgh, Initial residual = 7.27003e-08, Final residual = 7.27003e-08, No Iterations 0
time step continuity errors : sum local = 5.82996e-11, global = -8.26439e-12, cumulative = -2.65265e-09
DICPCG:  Solving for p_rgh, Initial residual = 7.27397e-08, Final residual = 7.27397e-08, No Iterations 0
DICPCG:  Solving for p_rgh, Initial residual = 7.27397e-08, Final residual = 7.27397e-08, No Iterations 0
time step continuity errors : sum local = 5.83312e-11, global = -8.26439e-12, cumulative = -2.66091e-09
DILUPBiCGStab:  Solving for omega, Initial residual = 0.00150679, Final residual = 2.17605e-13, No Iterations 1
DILUPBiCGStab:  Solving for Rxx, Initial residual = 0.00148256, Final residual = 1.88482e-10, No Iterations 1
DILUPBiCGStab:  Solving for Rxy, Initial residual = 0.0054031, Final residual = 9.12598e-10, No Iterations 1
DILUPBiCGStab:  Solving for Ryy, Initial residual = 0.0287603, Final residual = 1.84946e-08, No Iterations 1
DILUPBiCGStab:  Solving for Rzz, Initial residual = 0.0022504, Final residual = 2.05862e-10, No Iterations 1
ExecutionTime = 4.34 s  ClockTime = 4 s

Courant Number mean: 0.000112879 max: 0.0491112
Interface Courant Number mean: 4.41929e-06 max: 0.0491112
deltaT = 0.00523844
Time = 0.384754

PIMPLE: iteration 1
MULES: Solving for alpha.water
Phase-1 volume fraction = 0.295154  Min(alpha.water) = -2.42698e-19  Max(alpha.water) = 1
Relaxing time: 0.04 s
DILUPBiCG:  Solving for Ux, Initial residual = 0.000607926, Final residual = 4.06628e-13, No Iterations 2
DILUPBiCG:  Solving for Uy, Initial residual = 0.00173802, Final residual = 1.48181e-13, No Iterations 2
DICPCG:  Solving for p_rgh, Initial residual = 0.000837092, Final residual = 7.76282e-07, No Iterations 15
DICPCG:  Solving for p_rgh, Initial residual = 1.75067e-06, Final residual = 9.74168e-08, No Iterations 16
time step continuity errors : sum local = 7.81902e-11, global = -7.98076e-12, cumulative = -2.66889e-09
DICPCG:  Solving for p_rgh, Initial residual = 8.12565e-07, Final residual = 6.36188e-08, No Iterations 1
DICPCG:  Solving for p_rgh, Initial residual = 6.99699e-08, Final residual = 6.99699e-08, No Iterations 0
time step continuity errors : sum local = 5.61607e-11, global = -7.73104e-12, cumulative = -2.67662e-09
DICPCG:  Solving for p_rgh, Initial residual = 7.35186e-08, Final residual = 7.35186e-08, No Iterations 0
DICPCG:  Solving for p_rgh, Initial residual = 7.35186e-08, Final residual = 7.35186e-08, No Iterations 0
time step continuity errors : sum local = 5.90091e-11, global = -7.7311e-12, cumulative = -2.68435e-09
DICPCG:  Solving for p_rgh, Initial residual = 7.35522e-08, Final residual = 7.35522e-08, No Iterations 0
DICPCG:  Solving for p_rgh, Initial residual = 7.35522e-08, Final residual = 7.35522e-08, No Iterations 0
time step continuity errors : sum local = 5.9036e-11, global = -7.7311e-12, cumulative = -2.69208e-09
DILUPBiCGStab:  Solving for omega, Initial residual = 0.00147424, Final residual = 1.96015e-13, No Iterations 1
DILUPBiCGStab:  Solving for Rxx, Initial residual = 0.00136335, Final residual = 1.85786e-10, No Iterations 1
DILUPBiCGStab:  Solving for Rxy, Initial residual = 0.00464454, Final residual = 8.09009e-10, No Iterations 1
DILUPBiCGStab:  Solving for Ryy, Initial residual = 0.0263589, Final residual = 1.71066e-08, No Iterations 1
DILUPBiCGStab:  Solving for Rzz, Initial residual = 0.00207046, Final residual = 2.02765e-10, No Iterations 1
ExecutionTime = 4.4 s  ClockTime = 4 s

Courant Number mean: 0.000113884 max: 0.0492095
Interface Courant Number mean: 4.43236e-06 max: 0.0492095
deltaT = 0.00523844
Time = 0.389993

PIMPLE: iteration 1
MULES: Solving for alpha.water
Phase-1 volume fraction = 0.295154  Min(alpha.water) = -1.58672e-19  Max(alpha.water) = 1
Relaxing time: 0.03 s
DILUPBiCG:  Solving for Ux, Initial residual = 0.000610356, Final residual = 2.41744e-13, No Iterations 2
DILUPBiCG:  Solving for Uy, Initial residual = 0.001742, Final residual = 6.47206e-13, No Iterations 2
DICPCG:  Solving for p_rgh, Initial residual = 0.0008444, Final residual = 8.11961e-07, No Iterations 15
DICPCG:  Solving for p_rgh, Initial residual = 1.79268e-06, Final residual = 9.97628e-08, No Iterations 16
time step continuity errors : sum local = 8.01476e-11, global = -7.98776e-12, cumulative = -2.70007e-09
DICPCG:  Solving for p_rgh, Initial residual = 8.11712e-07, Final residual = 6.45748e-08, No Iterations 1
DICPCG:  Solving for p_rgh, Initial residual = 7.09972e-08, Final residual = 7.09972e-08, No Iterations 0
time step continuity errors : sum local = 5.70383e-11, global = -7.74057e-12, cumulative = -2.70781e-09
DICPCG:  Solving for p_rgh, Initial residual = 7.42608e-08, Final residual = 7.42608e-08, No Iterations 0
DICPCG:  Solving for p_rgh, Initial residual = 7.42608e-08, Final residual = 7.42608e-08, No Iterations 0
time step continuity errors : sum local = 5.96602e-11, global = -7.74063e-12, cumulative = -2.71555e-09
DICPCG:  Solving for p_rgh, Initial residual = 7.42914e-08, Final residual = 7.42914e-08, No Iterations 0
DICPCG:  Solving for p_rgh, Initial residual = 7.42914e-08, Final residual = 7.42914e-08, No Iterations 0
time step continuity errors : sum local = 5.96848e-11, global = -7.74063e-12, cumulative = -2.72329e-09
DILUPBiCGStab:  Solving for omega, Initial residual = 0.00144396, Final residual = 1.58742e-13, No Iterations 1
DILUPBiCGStab:  Solving for Rxx, Initial residual = 0.00124943, Final residual = 1.82293e-10, No Iterations 1
DILUPBiCGStab:  Solving for Rxy, Initial residual = 0.00398799, Final residual = 7.14994e-10, No Iterations 1
DILUPBiCGStab:  Solving for Ryy, Initial residual = 0.0241077, Final residual = 1.57842e-08, No Iterations 1
DILUPBiCGStab:  Solving for Rzz, Initial residual = 0.00189865, Final residual = 1.99156e-10, No Iterations 1
ExecutionTime = 4.46 s  ClockTime = 4 s

Courant Number mean: 0.000114887 max: 0.0493091
Interface Courant Number mean: 4.44352e-06 max: 0.0493091
deltaT = 0.00523844
Time = 0.395231

PIMPLE: iteration 1
MULES: Solving for alpha.water
Phase-1 volume fraction = 0.295154  Min(alpha.water) = -2.11957e-19  Max(alpha.water) = 1
Relaxing time: 0.04 s
DILUPBiCG:  Solving for Ux, Initial residual = 0.00061295, Final residual = 7.25333e-14, No Iterations 2
DILUPBiCG:  Solving for Uy, Initial residual = 0.00174653, Final residual = 1.41411e-12, No Iterations 2
DICPCG:  Solving for p_rgh, Initial residual = 0.000826034, Final residual = 5.61227e-07, No Iterations 17
DICPCG:  Solving for p_rgh, Initial residual = 1.56932e-06, Final residual = 8.39371e-08, No Iterations 14
time step continuity errors : sum local = 6.74947e-11, global = -9.501e-12, cumulative = -2.73279e-09
DICPCG:  Solving for p_rgh, Initial residual = 7.96763e-07, Final residual = 5.8408e-08, No Iterations 1
DICPCG:  Solving for p_rgh, Initial residual = 6.46641e-08, Final residual = 6.46641e-08, No Iterations 0
time step continuity errors : sum local = 5.19973e-11, global = -9.27372e-12, cumulative = -2.74207e-09
DICPCG:  Solving for p_rgh, Initial residual = 6.77628e-08, Final residual = 6.77628e-08, No Iterations 0
DICPCG:  Solving for p_rgh, Initial residual = 6.77628e-08, Final residual = 6.77628e-08, No Iterations 0
time step continuity errors : sum local = 5.4489e-11, global = -9.27372e-12, cumulative = -2.75134e-09
DICPCG:  Solving for p_rgh, Initial residual = 6.77882e-08, Final residual = 6.77882e-08, No Iterations 0
DICPCG:  Solving for p_rgh, Initial residual = 6.77882e-08, Final residual = 6.77882e-08, No Iterations 0
time step continuity errors : sum local = 5.45095e-11, global = -9.27372e-12, cumulative = -2.76062e-09
DILUPBiCGStab:  Solving for omega, Initial residual = 0.00136225, Final residual = 8.768e-10, No Iterations 1
DILUPBiCGStab:  Solving for Rxx, Initial residual = 0.00114085, Final residual = 1.7779e-10, No Iterations 1
DILUPBiCGStab:  Solving for Rxy, Initial residual = 0.00342195, Final residual = 6.30076e-10, No Iterations 1
DILUPBiCGStab:  Solving for Ryy, Initial residual = 0.0219972, Final residual = 1.45221e-08, No Iterations 1
DILUPBiCGStab:  Solving for Rzz, Initial residual = 0.00173488, Final residual = 1.94804e-10, No Iterations 1
ExecutionTime = 4.52 s  ClockTime = 4 s

Courant Number mean: 0.00011589 max: 0.0494089
Interface Courant Number mean: 4.45475e-06 max: 0.0494089
deltaT = 0.00523844
Time = 0.40047

PIMPLE: iteration 1
MULES: Solving for alpha.water
Phase-1 volume fraction = 0.295154  Min(alpha.water) = -3.54623e-19  Max(alpha.water) = 1
Relaxing time: 0.03 s
DILUPBiCG:  Solving for Ux, Initial residual = 0.00061562, Final residual = 2.31839e-13, No Iterations 2
DILUPBiCG:  Solving for Uy, Initial residual = 0.00175075, Final residual = 5.06943e-13, No Iterations 2
DICPCG:  Solving for p_rgh, Initial residual = 0.000815865, Final residual = 8.08372e-07, No Iterations 16
DICPCG:  Solving for p_rgh, Initial residual = 1.81213e-06, Final residual = 9.68156e-08, No Iterations 14
time step continuity errors : sum local = 7.79171e-11, global = -1.00922e-11, cumulative = -2.77071e-09
DICPCG:  Solving for p_rgh, Initial residual = 8.23311e-07, Final residual = 6.39476e-08, No Iterations 1
DICPCG:  Solving for p_rgh, Initial residual = 7.06343e-08, Final residual = 7.06343e-08, No Iterations 0
time step continuity errors : sum local = 5.68468e-11, global = -9.94362e-12, cumulative = -2.78065e-09
DICPCG:  Solving for p_rgh, Initial residual = 7.35747e-08, Final residual = 7.35747e-08, No Iterations 0
DICPCG:  Solving for p_rgh, Initial residual = 7.35747e-08, Final residual = 7.35747e-08, No Iterations 0
time step continuity errors : sum local = 5.92133e-11, global = -9.94362e-12, cumulative = -2.7906e-09
DICPCG:  Solving for p_rgh, Initial residual = 7.36017e-08, Final residual = 7.36017e-08, No Iterations 0
DICPCG:  Solving for p_rgh, Initial residual = 7.36017e-08, Final residual = 7.36017e-08, No Iterations 0
time step continuity errors : sum local = 5.92349e-11, global = -9.94362e-12, cumulative = -2.80054e-09
DILUPBiCGStab:  Solving for omega, Initial residual = 0.00108044, Final residual = 5.1771e-10, No Iterations 1
DILUPBiCGStab:  Solving for Rxx, Initial residual = 0.00103778, Final residual = 1.72321e-10, No Iterations 1
DILUPBiCGStab:  Solving for Rxy, Initial residual = 0.00293589, Final residual = 5.54463e-10, No Iterations 1
DILUPBiCGStab:  Solving for Ryy, Initial residual = 0.0200203, Final residual = 1.33247e-08, No Iterations 1
DILUPBiCGStab:  Solving for Rzz, Initial residual = 0.00157934, Final residual = 1.89728e-10, No Iterations 1
ExecutionTime = 4.58 s  ClockTime = 4 s

Courant Number mean: 0.000116898 max: 0.0495081
Interface Courant Number mean: 4.46666e-06 max: 0.0495081
deltaT = 0.00523844
Time = 0.405708

PIMPLE: iteration 1
MULES: Solving for alpha.water
Phase-1 volume fraction = 0.295154  Min(alpha.water) = -1.68014e-19  Max(alpha.water) = 1
Relaxing time: 0.03 s
DILUPBiCG:  Solving for Ux, Initial residual = 0.00061841, Final residual = 5.83479e-13, No Iterations 2
DILUPBiCG:  Solving for Uy, Initial residual = 0.00175515, Final residual = 3.75665e-13, No Iterations 2
DICPCG:  Solving for p_rgh, Initial residual = 0.000818626, Final residual = 7.98593e-07, No Iterations 17
DICPCG:  Solving for p_rgh, Initial residual = 2.09958e-06, Final residual = 8.58289e-08, No Iterations 16
time step continuity errors : sum local = 6.91319e-11, global = -8.29873e-12, cumulative = -2.80884e-09
DICPCG:  Solving for p_rgh, Initial residual = 8.24313e-07, Final residual = 6.09053e-08, No Iterations 1
DICPCG:  Solving for p_rgh, Initial residual = 6.7547e-08, Final residual = 6.7547e-08, No Iterations 0
time step continuity errors : sum local = 5.44069e-11, global = -8.00873e-12, cumulative = -2.81685e-09
DICPCG:  Solving for p_rgh, Initial residual = 7.05678e-08, Final residual = 7.05678e-08, No Iterations 0
DICPCG:  Solving for p_rgh, Initial residual = 7.05678e-08, Final residual = 7.05678e-08, No Iterations 0
time step continuity errors : sum local = 5.68401e-11, global = -8.00885e-12, cumulative = -2.82486e-09
DICPCG:  Solving for p_rgh, Initial residual = 7.06169e-08, Final residual = 7.06169e-08, No Iterations 0
DICPCG:  Solving for p_rgh, Initial residual = 7.06169e-08, Final residual = 7.06169e-08, No Iterations 0
time step continuity errors : sum local = 5.68796e-11, global = -8.00885e-12, cumulative = -2.83286e-09
DILUPBiCGStab:  Solving for omega, Initial residual = 0.00159132, Final residual = 6.35906e-10, No Iterations 1
DILUPBiCGStab:  Solving for Rxx, Initial residual = 0.000940497, Final residual = 1.66533e-10, No Iterations 1
DILUPBiCGStab:  Solving for Rxy, Initial residual = 0.00252017, Final residual = 4.8836e-10, No Iterations 1
DILUPBiCGStab:  Solving for Ryy, Initial residual = 0.018172, Final residual = 1.21897e-08, No Iterations 1
DILUPBiCGStab:  Solving for Rzz, Initial residual = 0.00143231, Final residual = 1.84193e-10, No Iterations 1
ExecutionTime = 4.65 s  ClockTime = 4 s

Courant Number mean: 0.000117903 max: 0.0496061
Interface Courant Number mean: 4.47798e-06 max: 0.0496061
deltaT = 0.00523844
Time = 0.410947

PIMPLE: iteration 1
MULES: Solving for alpha.water
Phase-1 volume fraction = 0.295153  Min(alpha.water) = -2.43106e-19  Max(alpha.water) = 1
Relaxing time: 0.04 s
DILUPBiCG:  Solving for Ux, Initial residual = 0.000621064, Final residual = 5.36325e-13, No Iterations 2
DILUPBiCG:  Solving for Uy, Initial residual = 0.00175721, Final residual = 8.68518e-10, No Iterations 1
DICPCG:  Solving for p_rgh, Initial residual = 0.000816644, Final residual = 7.94217e-07, No Iterations 16
DICPCG:  Solving for p_rgh, Initial residual = 1.79542e-06, Final residual = 9.6631e-08, No Iterations 14
time step continuity errors : sum local = 7.78977e-11, global = -1.05458e-11, cumulative = -2.84341e-09
DICPCG:  Solving for p_rgh, Initial residual = 7.90262e-07, Final residual = 6.20668e-08, No Iterations 1
DICPCG:  Solving for p_rgh, Initial residual = 6.8217e-08, Final residual = 6.8217e-08, No Iterations 0
time step continuity errors : sum local = 5.49926e-11, global = -1.03643e-11, cumulative = -2.85377e-09
DICPCG:  Solving for p_rgh, Initial residual = 7.07601e-08, Final residual = 7.07601e-08, No Iterations 0
DICPCG:  Solving for p_rgh, Initial residual = 7.07601e-08, Final residual = 7.07601e-08, No Iterations 0
time step continuity errors : sum local = 5.70426e-11, global = -1.03643e-11, cumulative = -2.86414e-09
DICPCG:  Solving for p_rgh, Initial residual = 7.07944e-08, Final residual = 7.07944e-08, No Iterations 0
DICPCG:  Solving for p_rgh, Initial residual = 7.07944e-08, Final residual = 7.07944e-08, No Iterations 0
time step continuity errors : sum local = 5.70703e-11, global = -1.03643e-11, cumulative = -2.8745e-09
DILUPBiCGStab:  Solving for omega, Initial residual = 0.00251424, Final residual = 6.56438e-10, No Iterations 1
DILUPBiCGStab:  Solving for Rxx, Initial residual = 0.000849458, Final residual = 1.60559e-10, No Iterations 1
DILUPBiCGStab:  Solving for Rxy, Initial residual = 0.00216639, Final residual = 4.28449e-10, No Iterations 1
DILUPBiCGStab:  Solving for Ryy, Initial residual = 0.0164493, Final residual = 1.11145e-08, No Iterations 1
DILUPBiCGStab:  Solving for Rzz, Initial residual = 0.00129432, Final residual = 1.78542e-10, No Iterations 1
ExecutionTime = 4.72 s  ClockTime = 5 s

Courant Number mean: 0.00011892 max: 0.049704
Interface Courant Number mean: 4.48371e-06 max: 0.049704
deltaT = 0.00523844
Time = 0.416185

PIMPLE: iteration 1
MULES: Solving for alpha.water
Phase-1 volume fraction = 0.295153  Min(alpha.water) = -2.71653e-19  Max(alpha.water) = 1
Relaxing time: 0.04 s
DILUPBiCG:  Solving for Ux, Initial residual = 0.000623771, Final residual = 7.03539e-13, No Iterations 2
DILUPBiCG:  Solving for Uy, Initial residual = 0.00176035, Final residual = 7.93943e-10, No Iterations 1
DICPCG:  Solving for p_rgh, Initial residual = 0.000816717, Final residual = 8.04214e-07, No Iterations 16
DICPCG:  Solving for p_rgh, Initial residual = 1.80393e-06, Final residual = 9.4156e-08, No Iterations 14
time step continuity errors : sum local = 7.59655e-11, global = -1.03674e-11, cumulative = -2.88487e-09
DICPCG:  Solving for p_rgh, Initial residual = 7.68665e-07, Final residual = 5.84765e-08, No Iterations 1
DICPCG:  Solving for p_rgh, Initial residual = 6.44538e-08, Final residual = 6.44538e-08, No Iterations 0
time step continuity errors : sum local = 5.2002e-11, global = -1.01623e-11, cumulative = -2.89503e-09
DICPCG:  Solving for p_rgh, Initial residual = 6.68572e-08, Final residual = 6.68572e-08, No Iterations 0
DICPCG:  Solving for p_rgh, Initial residual = 6.68572e-08, Final residual = 6.68572e-08, No Iterations 0
time step continuity errors : sum local = 5.3941e-11, global = -1.01623e-11, cumulative = -2.9052e-09
DICPCG:  Solving for p_rgh, Initial residual = 6.68863e-08, Final residual = 6.68863e-08, No Iterations 0
DICPCG:  Solving for p_rgh, Initial residual = 6.68863e-08, Final residual = 6.68863e-08, No Iterations 0
time step continuity errors : sum local = 5.39645e-11, global = -1.01623e-11, cumulative = -2.91536e-09
DILUPBiCGStab:  Solving for omega, Initial residual = 0.00978198, Final residual = 8.45346e-10, No Iterations 1
DILUPBiCGStab:  Solving for Rxx, Initial residual = 0.000764657, Final residual = 1.5385e-10, No Iterations 1
DILUPBiCGStab:  Solving for Rxy, Initial residual = 0.0018755, Final residual = 3.68839e-10, No Iterations 1
DILUPBiCGStab:  Solving for Ryy, Initial residual = 0.0148489, Final residual = 1.00997e-08, No Iterations 1
DILUPBiCGStab:  Solving for Rzz, Initial residual = 0.00116557, Final residual = 1.72459e-10, No Iterations 1
ExecutionTime = 4.79 s  ClockTime = 5 s

Courant Number mean: 0.000119929 max: 0.0497997
Interface Courant Number mean: 4.4955e-06 max: 0.0497997
deltaT = 0.00523844
Time = 0.421423

PIMPLE: iteration 1
MULES: Solving for alpha.water
Phase-1 volume fraction = 0.295153  Min(alpha.water) = -2.3472e-19  Max(alpha.water) = 1
Relaxing time: 0.03 s
DILUPBiCG:  Solving for Ux, Initial residual = 0.00062675, Final residual = 7.11043e-13, No Iterations 2
DILUPBiCG:  Solving for Uy, Initial residual = 0.00176263, Final residual = 7.26831e-10, No Iterations 1
DICPCG:  Solving for p_rgh, Initial residual = 0.000832319, Final residual = 8.24212e-07, No Iterations 16
DICPCG:  Solving for p_rgh, Initial residual = 1.83662e-06, Final residual = 9.06577e-08, No Iterations 15
time step continuity errors : sum local = 7.32017e-11, global = -9.28448e-12, cumulative = -2.92464e-09
DICPCG:  Solving for p_rgh, Initial residual = 7.65625e-07, Final residual = 5.96882e-08, No Iterations 1
DICPCG:  Solving for p_rgh, Initial residual = 6.57176e-08, Final residual = 6.57176e-08, No Iterations 0
time step continuity errors : sum local = 5.30641e-11, global = -9.00272e-12, cumulative = -2.93364e-09
DICPCG:  Solving for p_rgh, Initial residual = 6.79279e-08, Final residual = 6.79279e-08, No Iterations 0
DICPCG:  Solving for p_rgh, Initial residual = 6.79279e-08, Final residual = 6.79279e-08, No Iterations 0
time step continuity errors : sum local = 5.48489e-11, global = -9.00284e-12, cumulative = -2.94265e-09
DICPCG:  Solving for p_rgh, Initial residual = 6.79489e-08, Final residual = 6.79489e-08, No Iterations 0
DICPCG:  Solving for p_rgh, Initial residual = 6.79489e-08, Final residual = 6.79489e-08, No Iterations 0
time step continuity errors : sum local = 5.48658e-11, global = -9.00284e-12, cumulative = -2.95165e-09
DILUPBiCGStab:  Solving for omega, Initial residual = 0.99989, Final residual = 1.0335e-14, No Iterations 1
bounding omega, min: -9311.69 max: 1.48556e+09 average: 36644.5
DILUPBiCGStab:  Solving for Rxx, Initial residual = 0.0289212, Final residual = 7.81307e-12, No Iterations 1
DILUPBiCGStab:  Solving for Rxy, Initial residual = 0.281765, Final residual = 1.41044e-11, No Iterations 1
DILUPBiCGStab:  Solving for Ryy, Initial residual = 0.015759, Final residual = 3.35636e-10, No Iterations 1
DILUPBiCGStab:  Solving for Rzz, Initial residual = 0.0288823, Final residual = 6.33045e-12, No Iterations 1
ExecutionTime = 4.85 s  ClockTime = 5 s

Courant Number mean: 0.000120927 max: 0.0498936
Interface Courant Number mean: 4.5071e-06 max: 0.0498936
deltaT = 0.00523844
Time = 0.426662

PIMPLE: iteration 1
MULES: Solving for alpha.water
Phase-1 volume fraction = 0.295153  Min(alpha.water) = -1.54942e-19  Max(alpha.water) = 1
Relaxing time: 0.04 s
DILUPBiCG:  Solving for Ux, Initial residual = 0.000629762, Final residual = 5.37316e-13, No Iterations 2
DILUPBiCG:  Solving for Uy, Initial residual = 0.00176442, Final residual = 6.66938e-10, No Iterations 1
DICPCG:  Solving for p_rgh, Initial residual = 0.000821215, Final residual = 5.40913e-07, No Iterations 17
DICPCG:  Solving for p_rgh, Initial residual = 1.58866e-06, Final residual = 9.83404e-08, No Iterations 13
time step continuity errors : sum local = 7.94713e-11, global = -1.17991e-11, cumulative = -2.96345e-09
DICPCG:  Solving for p_rgh, Initial residual = 7.64005e-07, Final residual = 6.32931e-08, No Iterations 1
DICPCG:  Solving for p_rgh, Initial residual = 6.93305e-08, Final residual = 6.93305e-08, No Iterations 0
time step continuity errors : sum local = 5.6028e-11, global = -1.15058e-11, cumulative = -2.97496e-09
DICPCG:  Solving for p_rgh, Initial residual = 7.1572e-08, Final residual = 7.1572e-08, No Iterations 0
DICPCG:  Solving for p_rgh, Initial residual = 7.1572e-08, Final residual = 7.1572e-08, No Iterations 0
time step continuity errors : sum local = 5.78395e-11, global = -1.15056e-11, cumulative = -2.98646e-09
DICPCG:  Solving for p_rgh, Initial residual = 7.15865e-08, Final residual = 7.15865e-08, No Iterations 0
DICPCG:  Solving for p_rgh, Initial residual = 7.15865e-08, Final residual = 7.15865e-08, No Iterations 0
time step continuity errors : sum local = 5.78511e-11, global = -1.15056e-11, cumulative = -2.99797e-09
DILUPBiCGStab:  Solving for omega, Initial residual = 0.999975, Final residual = 9.3848e-15, No Iterations 1
DILUPBiCGStab:  Solving for Rxx, Initial residual = 0.000640984, Final residual = 1.11905e-10, No Iterations 1
DILUPBiCGStab:  Solving for Rxy, Initial residual = 0.00137397, Final residual = 2.89304e-10, No Iterations 1
DILUPBiCGStab:  Solving for Ryy, Initial residual = 0.0120145, Final residual = 8.26043e-09, No Iterations 1
DILUPBiCGStab:  Solving for Rzz, Initial residual = 0.000976606, Final residual = 1.15254e-10, No Iterations 1
ExecutionTime = 4.92 s  ClockTime = 5 s

Courant Number mean: 0.000121913 max: 0.049986
Interface Courant Number mean: 4.51626e-06 max: 0.049986
deltaT = 0.00523844
Time = 0.4319

PIMPLE: iteration 1
MULES: Solving for alpha.water
Phase-1 volume fraction = 0.295152  Min(alpha.water) = -2.53071e-19  Max(alpha.water) = 1
Relaxing time: 0.04 s
DILUPBiCG:  Solving for Ux, Initial residual = 0.000632691, Final residual = 1.05779e-13, No Iterations 2
DILUPBiCG:  Solving for Uy, Initial residual = 0.00176595, Final residual = 6.07935e-10, No Iterations 1
DICPCG:  Solving for p_rgh, Initial residual = 0.000803572, Final residual = 5.41524e-07, No Iterations 17
DICPCG:  Solving for p_rgh, Initial residual = 1.5442e-06, Final residual = 9.796e-08, No Iterations 13
time step continuity errors : sum local = 7.92309e-11, global = -1.16511e-11, cumulative = -3.00962e-09
DICPCG:  Solving for p_rgh, Initial residual = 7.76068e-07, Final residual = 6.32214e-08, No Iterations 1
DICPCG:  Solving for p_rgh, Initial residual = 6.93022e-08, Final residual = 6.93022e-08, No Iterations 0
time step continuity errors : sum local = 5.60526e-11, global = -1.13889e-11, cumulative = -3.02101e-09
DICPCG:  Solving for p_rgh, Initial residual = 7.15662e-08, Final residual = 7.15662e-08, No Iterations 0
DICPCG:  Solving for p_rgh, Initial residual = 7.15662e-08, Final residual = 7.15662e-08, No Iterations 0
time step continuity errors : sum local = 5.78838e-11, global = -1.13888e-11, cumulative = -3.0324e-09
DICPCG:  Solving for p_rgh, Initial residual = 7.15742e-08, Final residual = 7.15742e-08, No Iterations 0
DICPCG:  Solving for p_rgh, Initial residual = 7.15742e-08, Final residual = 7.15742e-08, No Iterations 0
time step continuity errors : sum local = 5.78902e-11, global = -1.13888e-11, cumulative = -3.04378e-09
DILUPBiCGStab:  Solving for omega, Initial residual = 0.0786233, Final residual = 1.46943e-13, No Iterations 1
DILUPBiCGStab:  Solving for Rxx, Initial residual = 0.000556136, Final residual = 1.24566e-10, No Iterations 1
DILUPBiCGStab:  Solving for Rxy, Initial residual = 0.00117189, Final residual = 2.55377e-10, No Iterations 1
DILUPBiCGStab:  Solving for Ryy, Initial residual = 0.010741, Final residual = 7.44973e-09, No Iterations 1
DILUPBiCGStab:  Solving for Rzz, Initial residual = 0.000847614, Final residual = 1.37234e-10, No Iterations 1
ExecutionTime = 4.98 s  ClockTime = 5 s

Courant Number mean: 0.000122887 max: 0.0500771
Interface Courant Number mean: 4.53258e-06 max: 0.0500771
deltaT = 0.00523844
Time = 0.437139

PIMPLE: iteration 1
MULES: Solving for alpha.water
Phase-1 volume fraction = 0.295152  Min(alpha.water) = -1.5338e-19  Max(alpha.water) = 1
Relaxing time: 0.03 s
DILUPBiCG:  Solving for Ux, Initial residual = 0.000635761, Final residual = 1.17775e-12, No Iterations 2
DILUPBiCG:  Solving for Uy, Initial residual = 0.00176748, Final residual = 5.37801e-10, No Iterations 1
DICPCG:  Solving for p_rgh, Initial residual = 0.000796708, Final residual = 7.94136e-07, No Iterations 16
DICPCG:  Solving for p_rgh, Initial residual = 1.76499e-06, Final residual = 9.83993e-08, No Iterations 14
time step continuity errors : sum local = 7.9656e-11, global = -1.08038e-11, cumulative = -3.05459e-09
DICPCG:  Solving for p_rgh, Initial residual = 7.8597e-07, Final residual = 6.12184e-08, No Iterations 1
DICPCG:  Solving for p_rgh, Initial residual = 6.77455e-08, Final residual = 6.77455e-08, No Iterations 0
time step continuity errors : sum local = 5.48417e-11, global = -1.05911e-11, cumulative = -3.06518e-09
DICPCG:  Solving for p_rgh, Initial residual = 6.98901e-08, Final residual = 6.98901e-08, No Iterations 0
DICPCG:  Solving for p_rgh, Initial residual = 6.98901e-08, Final residual = 6.98901e-08, No Iterations 0
time step continuity errors : sum local = 5.65778e-11, global = -1.05911e-11, cumulative = -3.07577e-09
DICPCG:  Solving for p_rgh, Initial residual = 6.99539e-08, Final residual = 6.99539e-08, No Iterations 0
DICPCG:  Solving for p_rgh, Initial residual = 6.99539e-08, Final residual = 6.99539e-08, No Iterations 0
time step continuity errors : sum local = 5.66294e-11, global = -1.05911e-11, cumulative = -3.08636e-09
DILUPBiCGStab:  Solving for omega, Initial residual = 0.0302583, Final residual = 1.09429e-13, No Iterations 1
DILUPBiCGStab:  Solving for Rxx, Initial residual = 0.000492307, Final residual = 1.1958e-10, No Iterations 1
DILUPBiCGStab:  Solving for Rxy, Initial residual = 0.00100629, Final residual = 2.24519e-10, No Iterations 1
DILUPBiCGStab:  Solving for Ryy, Initial residual = 0.00960171, Final residual = 6.70748e-09, No Iterations 1
DILUPBiCGStab:  Solving for Rzz, Initial residual = 0.000749846, Final residual = 1.37052e-10, No Iterations 1
ExecutionTime = 5.05 s  ClockTime = 5 s

Courant Number mean: 0.000123851 max: 0.0501695
Interface Courant Number mean: 4.54526e-06 max: 0.0501695
deltaT = 0.00523844
Time = 0.442377

PIMPLE: iteration 1
MULES: Solving for alpha.water
Phase-1 volume fraction = 0.295152  Min(alpha.water) = -2.67301e-19  Max(alpha.water) = 1
Relaxing time: 0.03 s
DILUPBiCG:  Solving for Ux, Initial residual = 0.000638854, Final residual = 4.16604e-12, No Iterations 2
DILUPBiCG:  Solving for Uy, Initial residual = 0.00176799, Final residual = 4.61441e-10, No Iterations 1
DICPCG:  Solving for p_rgh, Initial residual = 0.000792864, Final residual = 7.81606e-07, No Iterations 16
DICPCG:  Solving for p_rgh, Initial residual = 1.76011e-06, Final residual = 9.69709e-08, No Iterations 14
time step continuity errors : sum local = 7.857e-11, global = -1.09414e-11, cumulative = -3.0973e-09
DICPCG:  Solving for p_rgh, Initial residual = 7.90674e-07, Final residual = 6.06944e-08, No Iterations 1
DICPCG:  Solving for p_rgh, Initial residual = 6.74499e-08, Final residual = 6.74499e-08, No Iterations 0
time step continuity errors : sum local = 5.46512e-11, global = -1.07357e-11, cumulative = -3.10804e-09
DICPCG:  Solving for p_rgh, Initial residual = 6.9642e-08, Final residual = 6.9642e-08, No Iterations 0
DICPCG:  Solving for p_rgh, Initial residual = 6.9642e-08, Final residual = 6.9642e-08, No Iterations 0
time step continuity errors : sum local = 5.64273e-11, global = -1.07357e-11, cumulative = -3.11877e-09
DICPCG:  Solving for p_rgh, Initial residual = 6.97008e-08, Final residual = 6.97008e-08, No Iterations 0
DICPCG:  Solving for p_rgh, Initial residual = 6.97008e-08, Final residual = 6.97008e-08, No Iterations 0
time step continuity errors : sum local = 5.6475e-11, global = -1.07357e-11, cumulative = -3.12951e-09
DILUPBiCGStab:  Solving for omega, Initial residual = 0.01673, Final residual = 1.23545e-13, No Iterations 1
DILUPBiCGStab:  Solving for Rxx, Initial residual = 0.000437192, Final residual = 1.08811e-10, No Iterations 1
DILUPBiCGStab:  Solving for Rxy, Initial residual = 0.000865716, Final residual = 1.95925e-10, No Iterations 1
DILUPBiCGStab:  Solving for Ryy, Initial residual = 0.00857188, Final residual = 6.01557e-09, No Iterations 1
DILUPBiCGStab:  Solving for Rzz, Initial residual = 0.00066515, Final residual = 1.2581e-10, No Iterations 1
ExecutionTime = 5.1 s  ClockTime = 5 s

Courant Number mean: 0.000124807 max: 0.0502581
Interface Courant Number mean: 4.55644e-06 max: 0.0502581
deltaT = 0.00523844
Time = 0.447616

PIMPLE: iteration 1
MULES: Solving for alpha.water
Phase-1 volume fraction = 0.295152  Min(alpha.water) = -2.31564e-19  Max(alpha.water) = 1
Relaxing time: 0.03 s
DILUPBiCG:  Solving for Ux, Initial residual = 0.000642058, Final residual = 3.26493e-11, No Iterations 2
DILUPBiCG:  Solving for Uy, Initial residual = 0.00176964, Final residual = 3.82927e-10, No Iterations 1
DICPCG:  Solving for p_rgh, Initial residual = 0.000790625, Final residual = 5.64538e-07, No Iterations 17
DICPCG:  Solving for p_rgh, Initial residual = 1.58021e-06, Final residual = 8.61184e-08, No Iterations 14
time step continuity errors : sum local = 6.98403e-11, global = -9.97633e-12, cumulative = -3.13949e-09
DICPCG:  Solving for p_rgh, Initial residual = 7.9e-07, Final residual = 5.57572e-08, No Iterations 1
DICPCG:  Solving for p_rgh, Initial residual = 6.25446e-08, Final residual = 6.25446e-08, No Iterations 0
time step continuity errors : sum local = 5.07226e-11, global = -9.74899e-12, cumulative = -3.14923e-09
DICPCG:  Solving for p_rgh, Initial residual = 6.48298e-08, Final residual = 6.48298e-08, No Iterations 0
DICPCG:  Solving for p_rgh, Initial residual = 6.48298e-08, Final residual = 6.48298e-08, No Iterations 0
time step continuity errors : sum local = 5.25759e-11, global = -9.74899e-12, cumulative = -3.15898e-09
DICPCG:  Solving for p_rgh, Initial residual = 6.49291e-08, Final residual = 6.49291e-08, No Iterations 0
DICPCG:  Solving for p_rgh, Initial residual = 6.49291e-08, Final residual = 6.49291e-08, No Iterations 0
time step continuity errors : sum local = 5.26564e-11, global = -9.74899e-12, cumulative = -3.16873e-09
DILUPBiCGStab:  Solving for omega, Initial residual = 0.0108932, Final residual = 1.06882e-13, No Iterations 1
DILUPBiCGStab:  Solving for Rxx, Initial residual = 0.000388498, Final residual = 1.01114e-10, No Iterations 1
DILUPBiCGStab:  Solving for Rxy, Initial residual = 0.000745791, Final residual = 1.71158e-10, No Iterations 1
DILUPBiCGStab:  Solving for Ryy, Initial residual = 0.0076423, Final residual = 5.38424e-09, No Iterations 1
DILUPBiCGStab:  Solving for Rzz, Initial residual = 0.000590154, Final residual = 1.17506e-10, No Iterations 1
ExecutionTime = 5.16 s  ClockTime = 5 s

Courant Number mean: 0.000125751 max: 0.0503476
Interface Courant Number mean: 4.56759e-06 max: 0.0503476
deltaT = 0.00523844
Time = 0.452854

PIMPLE: iteration 1
MULES: Solving for alpha.water
Phase-1 volume fraction = 0.295152  Min(alpha.water) = -1.53453e-19  Max(alpha.water) = 1
Relaxing time: 0.04 s
DILUPBiCG:  Solving for Ux, Initial residual = 0.000645078, Final residual = 1.37512e-11, No Iterations 2
DILUPBiCG:  Solving for Uy, Initial residual = 0.00177051, Final residual = 3.71745e-10, No Iterations 1
DICPCG:  Solving for p_rgh, Initial residual = 0.000789909, Final residual = 7.75258e-07, No Iterations 16
DICPCG:  Solving for p_rgh, Initial residual = 1.75345e-06, Final residual = 9.88167e-08, No Iterations 14
time step continuity errors : sum local = 8.02113e-11, global = -1.03984e-11, cumulative = -3.17913e-09
DICPCG:  Solving for p_rgh, Initial residual = 8.03847e-07, Final residual = 6.21725e-08, No Iterations 1
DICPCG:  Solving for p_rgh, Initial residual = 6.91413e-08, Final residual = 6.91413e-08, No Iterations 0
time step continuity errors : sum local = 5.61237e-11, global = -1.0215e-11, cumulative = -3.18935e-09
DICPCG:  Solving for p_rgh, Initial residual = 7.14666e-08, Final residual = 7.14666e-08, No Iterations 0
DICPCG:  Solving for p_rgh, Initial residual = 7.14666e-08, Final residual = 7.14666e-08, No Iterations 0
time step continuity errors : sum local = 5.80112e-11, global = -1.02151e-11, cumulative = -3.19956e-09
DICPCG:  Solving for p_rgh, Initial residual = 7.15912e-08, Final residual = 7.15912e-08, No Iterations 0
DICPCG:  Solving for p_rgh, Initial residual = 7.15912e-08, Final residual = 7.15912e-08, No Iterations 0
time step continuity errors : sum local = 5.81123e-11, global = -1.02151e-11, cumulative = -3.20978e-09
DILUPBiCGStab:  Solving for omega, Initial residual = 0.00783196, Final residual = 9.50705e-14, No Iterations 1
DILUPBiCGStab:  Solving for Rxx, Initial residual = 0.000345302, Final residual = 9.54097e-11, No Iterations 1
DILUPBiCGStab:  Solving for Rxy, Initial residual = 0.000643364, Final residual = 1.43616e-10, No Iterations 1
DILUPBiCGStab:  Solving for Ryy, Initial residual = 0.00680576, Final residual = 4.81761e-09, No Iterations 1
DILUPBiCGStab:  Solving for Rzz, Initial residual = 0.000523506, Final residual = 1.11447e-10, No Iterations 1
ExecutionTime = 5.24 s  ClockTime = 5 s

Courant Number mean: 0.000126684 max: 0.0504346
Interface Courant Number mean: 4.58691e-06 max: 0.0504346
deltaT = 0.00523844
Time = 0.458092

PIMPLE: iteration 1
MULES: Solving for alpha.water
Phase-1 volume fraction = 0.295151  Min(alpha.water) = -1.13863e-19  Max(alpha.water) = 1
Relaxing time: 0.03 s
DILUPBiCG:  Solving for Ux, Initial residual = 0.000647189, Final residual = 7.06702e-12, No Iterations 2
DILUPBiCG:  Solving for Uy, Initial residual = 0.00177108, Final residual = 4.49512e-10, No Iterations 1
DICPCG:  Solving for p_rgh, Initial residual = 0.000790719, Final residual = 7.62807e-07, No Iterations 16
DICPCG:  Solving for p_rgh, Initial residual = 1.77725e-06, Final residual = 9.43459e-08, No Iterations 14
time step continuity errors : sum local = 7.66535e-11, global = -1.03747e-11, cumulative = -3.22015e-09
DICPCG:  Solving for p_rgh, Initial residual = 8.0721e-07, Final residual = 6.05599e-08, No Iterations 1
DICPCG:  Solving for p_rgh, Initial residual = 6.74639e-08, Final residual = 6.74639e-08, No Iterations 0
time step continuity errors : sum local = 5.48129e-11, global = -1.02206e-11, cumulative = -3.23037e-09
DICPCG:  Solving for p_rgh, Initial residual = 6.99972e-08, Final residual = 6.99972e-08, No Iterations 0
DICPCG:  Solving for p_rgh, Initial residual = 6.99972e-08, Final residual = 6.99972e-08, No Iterations 0
time step continuity errors : sum local = 5.68712e-11, global = -1.02206e-11, cumulative = -3.24059e-09
DICPCG:  Solving for p_rgh, Initial residual = 7.01174e-08, Final residual = 7.01174e-08, No Iterations 0
DICPCG:  Solving for p_rgh, Initial residual = 7.01174e-08, Final residual = 7.01174e-08, No Iterations 0
time step continuity errors : sum local = 5.69689e-11, global = -1.02206e-11, cumulative = -3.25081e-09
DILUPBiCGStab:  Solving for omega, Initial residual = 0.00603225, Final residual = 8.66986e-14, No Iterations 1
DILUPBiCGStab:  Solving for Rxx, Initial residual = 0.000306993, Final residual = 9.03796e-11, No Iterations 1
DILUPBiCGStab:  Solving for Rxy, Initial residual = 0.000555786, Final residual = 1.20489e-10, No Iterations 1
DILUPBiCGStab:  Solving for Ryy, Initial residual = 0.00605529, Final residual = 4.32625e-09, No Iterations 1
DILUPBiCGStab:  Solving for Rzz, Initial residual = 0.000464315, Final residual = 1.05776e-10, No Iterations 1
ExecutionTime = 5.3 s  ClockTime = 5 s

Courant Number mean: 0.000127612 max: 0.0505205
Interface Courant Number mean: 4.59786e-06 max: 0.0505205
deltaT = 0.00523844
Time = 0.463331

PIMPLE: iteration 1
MULES: Solving for alpha.water
Phase-1 volume fraction = 0.295151  Min(alpha.water) = -1.50037e-19  Max(alpha.water) = 1
Relaxing time: 0.03 s
DILUPBiCG:  Solving for Ux, Initial residual = 0.000648549, Final residual = 4.364e-12, No Iterations 2
DILUPBiCG:  Solving for Uy, Initial residual = 0.00177166, Final residual = 4.85709e-10, No Iterations 1
DICPCG:  Solving for p_rgh, Initial residual = 0.000787604, Final residual = 7.61117e-07, No Iterations 16
DICPCG:  Solving for p_rgh, Initial residual = 1.78845e-06, Final residual = 9.34634e-08, No Iterations 14
time step continuity errors : sum local = 7.60072e-11, global = -1.03857e-11, cumulative = -3.2612e-09
DICPCG:  Solving for p_rgh, Initial residual = 8.13134e-07, Final residual = 5.89847e-08, No Iterations 1
DICPCG:  Solving for p_rgh, Initial residual = 6.6001e-08, Final residual = 6.6001e-08, No Iterations 0
time step continuity errors : sum local = 5.36743e-11, global = -1.02135e-11, cumulative = -3.27141e-09
DICPCG:  Solving for p_rgh, Initial residual = 6.85783e-08, Final residual = 6.85783e-08, No Iterations 0
DICPCG:  Solving for p_rgh, Initial residual = 6.85783e-08, Final residual = 6.85783e-08, No Iterations 0
time step continuity errors : sum local = 5.57702e-11, global = -1.02135e-11, cumulative = -3.28163e-09
DICPCG:  Solving for p_rgh, Initial residual = 6.86962e-08, Final residual = 6.86962e-08, No Iterations 0
DICPCG:  Solving for p_rgh, Initial residual = 6.86962e-08, Final residual = 6.86962e-08, No Iterations 0
time step continuity errors : sum local = 5.58661e-11, global = -1.02135e-11, cumulative = -3.29184e-09
DILUPBiCGStab:  Solving for omega, Initial residual = 0.00488881, Final residual = 8.11266e-14, No Iterations 1
DILUPBiCGStab:  Solving for Rxx, Initial residual = 0.000273062, Final residual = 8.65847e-11, No Iterations 1
DILUPBiCGStab:  Solving for Rxy, Initial residual = 0.000480961, Final residual = 1.11139e-10, No Iterations 1
DILUPBiCGStab:  Solving for Ryy, Initial residual = 0.00538383, Final residual = 3.90752e-09, No Iterations 1
DILUPBiCGStab:  Solving for Rzz, Initial residual = 0.000411838, Final residual = 1.01471e-10, No Iterations 1
ExecutionTime = 5.36 s  ClockTime = 5 s

Courant Number mean: 0.000128533 max: 0.0506034
Interface Courant Number mean: 4.60899e-06 max: 0.0506034
deltaT = 0.00523844
Time = 0.468569

PIMPLE: iteration 1
MULES: Solving for alpha.water
Phase-1 volume fraction = 0.295151  Min(alpha.water) = -2.86166e-19  Max(alpha.water) = 1
Relaxing time: 0.04 s
DILUPBiCG:  Solving for Ux, Initial residual = 0.000650038, Final residual = 2.95328e-12, No Iterations 2
DILUPBiCG:  Solving for Uy, Initial residual = 0.00177236, Final residual = 5.32629e-10, No Iterations 1
DICPCG:  Solving for p_rgh, Initial residual = 0.000786292, Final residual = 7.49527e-07, No Iterations 15
DICPCG:  Solving for p_rgh, Initial residual = 1.75494e-06, Final residual = 9.27598e-08, No Iterations 16
time step continuity errors : sum local = 7.55048e-11, global = -8.56013e-12, cumulative = -3.3004e-09
DICPCG:  Solving for p_rgh, Initial residual = 8.11672e-07, Final residual = 5.86831e-08, No Iterations 1
DICPCG:  Solving for p_rgh, Initial residual = 6.5925e-08, Final residual = 6.5925e-08, No Iterations 0
time step continuity errors : sum local = 5.36621e-11, global = -8.30754e-12, cumulative = -3.30871e-09
DICPCG:  Solving for p_rgh, Initial residual = 6.84589e-08, Final residual = 6.84589e-08, No Iterations 0
DICPCG:  Solving for p_rgh, Initial residual = 6.84589e-08, Final residual = 6.84589e-08, No Iterations 0
time step continuity errors : sum local = 5.57248e-11, global = -8.30761e-12, cumulative = -3.31701e-09
DICPCG:  Solving for p_rgh, Initial residual = 6.85733e-08, Final residual = 6.85733e-08, No Iterations 0
DICPCG:  Solving for p_rgh, Initial residual = 6.85733e-08, Final residual = 6.85733e-08, No Iterations 0
time step continuity errors : sum local = 5.58179e-11, global = -8.30761e-12, cumulative = -3.32532e-09
DILUPBiCGStab:  Solving for omega, Initial residual = 0.00411652, Final residual = 7.6605e-14, No Iterations 1
DILUPBiCGStab:  Solving for Rxx, Initial residual = 0.000243043, Final residual = 8.36758e-11, No Iterations 1
DILUPBiCGStab:  Solving for Rxy, Initial residual = 0.00041704, Final residual = 1.08585e-10, No Iterations 1
DILUPBiCGStab:  Solving for Ryy, Initial residual = 0.00478435, Final residual = 3.5283e-09, No Iterations 1
DILUPBiCGStab:  Solving for Rzz, Initial residual = 0.000365385, Final residual = 9.77703e-11, No Iterations 1
ExecutionTime = 5.42 s  ClockTime = 5 s

Courant Number mean: 0.000129456 max: 0.0506841
Interface Courant Number mean: 4.62029e-06 max: 0.0506841
deltaT = 0.00523844
Time = 0.473808

PIMPLE: iteration 1
MULES: Solving for alpha.water
Phase-1 volume fraction = 0.295151  Min(alpha.water) = -1.44959e-19  Max(alpha.water) = 1
Relaxing time: 0.04 s
DILUPBiCG:  Solving for Ux, Initial residual = 0.000651575, Final residual = 2.09221e-12, No Iterations 2
DILUPBiCG:  Solving for Uy, Initial residual = 0.00177286, Final residual = 5.72391e-10, No Iterations 1
DICPCG:  Solving for p_rgh, Initial residual = 0.000782537, Final residual = 5.34403e-07, No Iterations 17
DICPCG:  Solving for p_rgh, Initial residual = 1.55578e-06, Final residual = 8.2145e-08, No Iterations 14
time step continuity errors : sum local = 6.6927e-11, global = -9.43272e-12, cumulative = -3.33475e-09
DICPCG:  Solving for p_rgh, Initial residual = 8.08441e-07, Final residual = 5.5604e-08, No Iterations 1
DICPCG:  Solving for p_rgh, Initial residual = 6.30114e-08, Final residual = 6.30114e-08, No Iterations 0
time step continuity errors : sum local = 5.13383e-11, global = -9.25284e-12, cumulative = -3.34401e-09
DICPCG:  Solving for p_rgh, Initial residual = 6.5642e-08, Final residual = 6.5642e-08, No Iterations 0
DICPCG:  Solving for p_rgh, Initial residual = 6.5642e-08, Final residual = 6.5642e-08, No Iterations 0
time step continuity errors : sum local = 5.34816e-11, global = -9.25281e-12, cumulative = -3.35326e-09
DICPCG:  Solving for p_rgh, Initial residual = 6.5756e-08, Final residual = 6.5756e-08, No Iterations 0
DICPCG:  Solving for p_rgh, Initial residual = 6.5756e-08, Final residual = 6.5756e-08, No Iterations 0
time step continuity errors : sum local = 5.35744e-11, global = -9.25281e-12, cumulative = -3.36251e-09
DILUPBiCGStab:  Solving for omega, Initial residual = 0.00356912, Final residual = 7.31522e-14, No Iterations 1
DILUPBiCGStab:  Solving for Rxx, Initial residual = 0.000216504, Final residual = 8.1296e-11, No Iterations 1
DILUPBiCGStab:  Solving for Rxy, Initial residual = 0.000362427, Final residual = 1.03913e-10, No Iterations 1
DILUPBiCGStab:  Solving for Ryy, Initial residual = 0.00425003, Final residual = 3.18554e-09, No Iterations 1
DILUPBiCGStab:  Solving for Rzz, Initial residual = 0.00032431, Final residual = 9.44617e-11, No Iterations 1
ExecutionTime = 5.48 s  ClockTime = 5 s

Courant Number mean: 0.000130384 max: 0.0507625
Interface Courant Number mean: 4.63152e-06 max: 0.0507625
deltaT = 0.00523844
Time = 0.479046

PIMPLE: iteration 1
MULES: Solving for alpha.water
Phase-1 volume fraction = 0.295151  Min(alpha.water) = -1.85896e-19  Max(alpha.water) = 1
Relaxing time: 0.04 s
DILUPBiCG:  Solving for Ux, Initial residual = 0.000653244, Final residual = 1.41763e-12, No Iterations 2
DILUPBiCG:  Solving for Uy, Initial residual = 0.00177341, Final residual = 5.953e-10, No Iterations 1
DICPCG:  Solving for p_rgh, Initial residual = 0.000779646, Final residual = 7.45003e-07, No Iterations 16
DICPCG:  Solving for p_rgh, Initial residual = 1.71673e-06, Final residual = 9.486e-08, No Iterations 14
time step continuity errors : sum local = 7.7359e-11, global = -1.04809e-11, cumulative = -3.37299e-09
DICPCG:  Solving for p_rgh, Initial residual = 8.21354e-07, Final residual = 6.04482e-08, No Iterations 1
DICPCG:  Solving for p_rgh, Initial residual = 6.80287e-08, Final residual = 6.80287e-08, No Iterations 0
time step continuity errors : sum local = 5.54782e-11, global = -1.03682e-11, cumulative = -3.38336e-09
DICPCG:  Solving for p_rgh, Initial residual = 7.0653e-08, Final residual = 7.0653e-08, No Iterations 0
DICPCG:  Solving for p_rgh, Initial residual = 7.0653e-08, Final residual = 7.0653e-08, No Iterations 0
time step continuity errors : sum local = 5.76184e-11, global = -1.03682e-11, cumulative = -3.39373e-09
DICPCG:  Solving for p_rgh, Initial residual = 7.0765e-08, Final residual = 7.0765e-08, No Iterations 0
DICPCG:  Solving for p_rgh, Initial residual = 7.0765e-08, Final residual = 7.0765e-08, No Iterations 0
time step continuity errors : sum local = 5.77097e-11, global = -1.03682e-11, cumulative = -3.4041e-09
DILUPBiCGStab:  Solving for omega, Initial residual = 0.00316613, Final residual = 9.45558e-10, No Iterations 1
DILUPBiCGStab:  Solving for Rxx, Initial residual = 0.000193049, Final residual = 7.96478e-11, No Iterations 1
DILUPBiCGStab:  Solving for Rxy, Initial residual = 0.00031574, Final residual = 9.7565e-11, No Iterations 1
DILUPBiCGStab:  Solving for Ryy, Initial residual = 0.00377421, Final residual = 2.87714e-09, No Iterations 1
DILUPBiCGStab:  Solving for Rzz, Initial residual = 0.000288011, Final residual = 9.18338e-11, No Iterations 1
ExecutionTime = 5.55 s  ClockTime = 5 s

Courant Number mean: 0.00013131 max: 0.0508389
Interface Courant Number mean: 4.64099e-06 max: 0.0508389
deltaT = 0.00523844
Time = 0.484285

PIMPLE: iteration 1
MULES: Solving for alpha.water
Phase-1 volume fraction = 0.29515  Min(alpha.water) = -2.86299e-20  Max(alpha.water) = 1
Relaxing time: 0.03 s
DILUPBiCG:  Solving for Ux, Initial residual = 0.000654885, Final residual = 1.18084e-12, No Iterations 2
DILUPBiCG:  Solving for Uy, Initial residual = 0.00177474, Final residual = 6.59872e-10, No Iterations 1
DICPCG:  Solving for p_rgh, Initial residual = 0.000795035, Final residual = 6.22977e-07, No Iterations 17
DICPCG:  Solving for p_rgh, Initial residual = 1.93263e-06, Final residual = 8.0838e-08, No Iterations 14
time step continuity errors : sum local = 6.59856e-11, global = -1.01277e-11, cumulative = -3.41423e-09
DICPCG:  Solving for p_rgh, Initial residual = 8.66179e-07, Final residual = 5.80392e-08, No Iterations 1
DICPCG:  Solving for p_rgh, Initial residual = 6.68413e-08, Final residual = 6.68413e-08, No Iterations 0
time step continuity errors : sum local = 5.45609e-11, global = -1.00575e-11, cumulative = -3.42428e-09
DICPCG:  Solving for p_rgh, Initial residual = 6.98553e-08, Final residual = 6.98553e-08, No Iterations 0
DICPCG:  Solving for p_rgh, Initial residual = 6.98553e-08, Final residual = 6.98553e-08, No Iterations 0
time step continuity errors : sum local = 5.70211e-11, global = -1.00575e-11, cumulative = -3.43434e-09
DICPCG:  Solving for p_rgh, Initial residual = 6.99724e-08, Final residual = 6.99724e-08, No Iterations 0
DICPCG:  Solving for p_rgh, Initial residual = 6.99724e-08, Final residual = 6.99724e-08, No Iterations 0
time step continuity errors : sum local = 5.71167e-11, global = -1.00575e-11, cumulative = -3.4444e-09
DILUPBiCGStab:  Solving for omega, Initial residual = 0.00286037, Final residual = 8.55753e-10, No Iterations 1
DILUPBiCGStab:  Solving for Rxx, Initial residual = 0.000172315, Final residual = 7.87889e-11, No Iterations 1
DILUPBiCGStab:  Solving for Rxy, Initial residual = 0.000275785, Final residual = 9.02267e-11, No Iterations 1
DILUPBiCGStab:  Solving for Ryy, Initial residual = 0.00335087, Final residual = 2.60374e-09, No Iterations 1
DILUPBiCGStab:  Solving for Rzz, Initial residual = 0.00025594, Final residual = 8.99997e-11, No Iterations 1
ExecutionTime = 5.61 s  ClockTime = 5 s

Courant Number mean: 0.000132244 max: 0.0509135
Interface Courant Number mean: 4.65139e-06 max: 0.0509135
deltaT = 0.00523844
Time = 0.489523

PIMPLE: iteration 1
MULES: Solving for alpha.water
Phase-1 volume fraction = 0.29515  Min(alpha.water) = -1.77915e-19  Max(alpha.water) = 1
Relaxing time: 0.04 s
DILUPBiCG:  Solving for Ux, Initial residual = 0.000656509, Final residual = 1.36653e-12, No Iterations 2
DILUPBiCG:  Solving for Uy, Initial residual = 0.00177563, Final residual = 6.88029e-10, No Iterations 1
DICPCG:  Solving for p_rgh, Initial residual = 0.000785934, Final residual = 7.46906e-07, No Iterations 16
DICPCG:  Solving for p_rgh, Initial residual = 1.73625e-06, Final residual = 9.68583e-08, No Iterations 14
time step continuity errors : sum local = 7.91363e-11, global = -1.04112e-11, cumulative = -3.45481e-09
DICPCG:  Solving for p_rgh, Initial residual = 8.1016e-07, Final residual = 6.31487e-08, No Iterations 1
DICPCG:  Solving for p_rgh, Initial residual = 7.08696e-08, Final residual = 7.08696e-08, No Iterations 0
time step continuity errors : sum local = 5.79031e-11, global = -1.02717e-11, cumulative = -3.46508e-09
DICPCG:  Solving for p_rgh, Initial residual = 7.35855e-08, Final residual = 7.35855e-08, No Iterations 0
DICPCG:  Solving for p_rgh, Initial residual = 7.35855e-08, Final residual = 7.35855e-08, No Iterations 0
time step continuity errors : sum local = 6.01221e-11, global = -1.02717e-11, cumulative = -3.47535e-09
DICPCG:  Solving for p_rgh, Initial residual = 7.369e-08, Final residual = 7.369e-08, No Iterations 0
DICPCG:  Solving for p_rgh, Initial residual = 7.369e-08, Final residual = 7.369e-08, No Iterations 0
time step continuity errors : sum local = 6.02075e-11, global = -1.02717e-11, cumulative = -3.48563e-09
DILUPBiCGStab:  Solving for omega, Initial residual = 0.00262254, Final residual = 7.88869e-10, No Iterations 1
DILUPBiCGStab:  Solving for Rxx, Initial residual = 0.000153998, Final residual = 7.87787e-11, No Iterations 1
DILUPBiCGStab:  Solving for Rxy, Initial residual = 0.000241614, Final residual = 8.4201e-11, No Iterations 1
DILUPBiCGStab:  Solving for Ryy, Initial residual = 0.00297431, Final residual = 2.35674e-09, No Iterations 1
DILUPBiCGStab:  Solving for Rzz, Initial residual = 0.000227615, Final residual = 8.9083e-11, No Iterations 1
ExecutionTime = 5.67 s  ClockTime = 6 s

Courant Number mean: 0.000133171 max: 0.0509864
Interface Courant Number mean: 4.66512e-06 max: 0.0509864
deltaT = 0.00523844
Time = 0.494762

PIMPLE: iteration 1
MULES: Solving for alpha.water
Phase-1 volume fraction = 0.29515  Min(alpha.water) = -2.13679e-20  Max(alpha.water) = 1
Relaxing time: 0.05 s
DILUPBiCG:  Solving for Ux, Initial residual = 0.000658305, Final residual = 1.48726e-12, No Iterations 2
DILUPBiCG:  Solving for Uy, Initial residual = 0.00177531, Final residual = 7.08997e-10, No Iterations 1
DICPCG:  Solving for p_rgh, Initial residual = 0.000782292, Final residual = 7.6613e-07, No Iterations 16
DICPCG:  Solving for p_rgh, Initial residual = 1.74778e-06, Final residual = 9.78502e-08, No Iterations 14
time step continuity errors : sum local = 8.00236e-11, global = -1.07205e-11, cumulative = -3.49635e-09
DICPCG:  Solving for p_rgh, Initial residual = 8.18912e-07, Final residual = 6.23812e-08, No Iterations 1
DICPCG:  Solving for p_rgh, Initial residual = 7.01533e-08, Final residual = 7.01533e-08, No Iterations 0
time step continuity errors : sum local = 5.7373e-11, global = -1.05754e-11, cumulative = -3.50692e-09
DICPCG:  Solving for p_rgh, Initial residual = 7.28547e-08, Final residual = 7.28547e-08, No Iterations 0
DICPCG:  Solving for p_rgh, Initial residual = 7.28547e-08, Final residual = 7.28547e-08, No Iterations 0
time step continuity errors : sum local = 5.95822e-11, global = -1.05754e-11, cumulative = -3.5175e-09
DICPCG:  Solving for p_rgh, Initial residual = 7.29628e-08, Final residual = 7.29628e-08, No Iterations 0
DICPCG:  Solving for p_rgh, Initial residual = 7.29628e-08, Final residual = 7.29628e-08, No Iterations 0
time step continuity errors : sum local = 5.96707e-11, global = -1.05754e-11, cumulative = -3.52807e-09
DILUPBiCGStab:  Solving for omega, Initial residual = 0.0024337, Final residual = 7.32544e-10, No Iterations 1
DILUPBiCGStab:  Solving for Rxx, Initial residual = 0.000137774, Final residual = 8.00211e-11, No Iterations 1
DILUPBiCGStab:  Solving for Rxy, Initial residual = 0.000212191, Final residual = 8.37448e-11, No Iterations 1
DILUPBiCGStab:  Solving for Ryy, Initial residual = 0.00263921, Final residual = 2.13727e-09, No Iterations 1
DILUPBiCGStab:  Solving for Rzz, Initial residual = 0.000202553, Final residual = 8.94605e-11, No Iterations 1
ExecutionTime = 5.74 s  ClockTime = 6 s

Courant Number mean: 0.000134093 max: 0.0510568
Interface Courant Number mean: 4.67599e-06 max: 0.0510568
deltaT = 0.00523844
Time = 0.5

PIMPLE: iteration 1
MULES: Solving for alpha.water
Phase-1 volume fraction = 0.29515  Min(alpha.water) = -6.67412e-20  Max(alpha.water) = 1
Relaxing time: 0.03 s
DILUPBiCG:  Solving for Ux, Initial residual = 0.000659529, Final residual = 1.45224e-12, No Iterations 2
DILUPBiCG:  Solving for Uy, Initial residual = 0.00177603, Final residual = 8.44884e-10, No Iterations 1
DICPCG:  Solving for p_rgh, Initial residual = 0.000791005, Final residual = 7.32113e-07, No Iterations 17
DICPCG:  Solving for p_rgh, Initial residual = 2.34407e-06, Final residual = 9.39488e-08, No Iterations 14
time step continuity errors : sum local = 7.6909e-11, global = -1.21643e-11, cumulative = -3.54024e-09
DICPCG:  Solving for p_rgh, Initial residual = 9.4875e-07, Final residual = 6.86643e-08, No Iterations 1
DICPCG:  Solving for p_rgh, Initial residual = 7.79276e-08, Final residual = 7.79276e-08, No Iterations 0
time step continuity errors : sum local = 6.3794e-11, global = -1.19108e-11, cumulative = -3.55215e-09
DICPCG:  Solving for p_rgh, Initial residual = 8.19657e-08, Final residual = 8.19657e-08, No Iterations 0
DICPCG:  Solving for p_rgh, Initial residual = 8.19657e-08, Final residual = 8.19657e-08, No Iterations 0
time step continuity errors : sum local = 6.70996e-11, global = -1.19108e-11, cumulative = -3.56406e-09
DICPCG:  Solving for p_rgh, Initial residual = 8.20722e-08, Final residual = 8.20722e-08, No Iterations 0
DICPCG:  Solving for p_rgh, Initial residual = 8.20722e-08, Final residual = 8.20722e-08, No Iterations 0
time step continuity errors : sum local = 6.71868e-11, global = -1.19108e-11, cumulative = -3.57597e-09
DILUPBiCGStab:  Solving for omega, Initial residual = 0.00228102, Final residual = 6.80515e-10, No Iterations 1
DILUPBiCGStab:  Solving for Rxx, Initial residual = 0.000123386, Final residual = 8.24074e-11, No Iterations 1
DILUPBiCGStab:  Solving for Rxy, Initial residual = 0.000186889, Final residual = 9.28303e-11, No Iterations 1
DILUPBiCGStab:  Solving for Ryy, Initial residual = 0.00234083, Final residual = 1.94354e-09, No Iterations 1
DILUPBiCGStab:  Solving for Rzz, Initial residual = 0.000180356, Final residual = 9.10871e-11, No Iterations 1
ExecutionTime = 5.83 s  ClockTime = 6 s

Courant Number mean: 0.000135006 max: 0.0511249
Interface Courant Number mean: 4.68173e-06 max: 0.0511249
deltaT = 0.00510204
Time = 0.505102

PIMPLE: iteration 1
MULES: Solving for alpha.water
Phase-1 volume fraction = 0.29515  Min(alpha.water) = -2.3189e-19  Max(alpha.water) = 1
Relaxing time: 0.04 s
DILUPBiCG:  Solving for Ux, Initial residual = 0.000643698, Final residual = 1.60038e-12, No Iterations 2
DILUPBiCG:  Solving for Uy, Initial residual = 0.00172941, Final residual = 3.56377e-10, No Iterations 1
DICPCG:  Solving for p_rgh, Initial residual = 0.000781592, Final residual = 6.94272e-07, No Iterations 22
DICPCG:  Solving for p_rgh, Initial residual = 1.63591e-06, Final residual = 9.38077e-08, No Iterations 14
time step continuity errors : sum local = 7.29267e-11, global = -9.12871e-12, cumulative = -3.5851e-09
DICPCG:  Solving for p_rgh, Initial residual = 7.54549e-07, Final residual = 5.63477e-08, No Iterations 1
DICPCG:  Solving for p_rgh, Initial residual = 6.40988e-08, Final residual = 6.40988e-08, No Iterations 0
time step continuity errors : sum local = 4.98309e-11, global = -8.90665e-12, cumulative = -3.594e-09
DICPCG:  Solving for p_rgh, Initial residual = 6.66652e-08, Final residual = 6.66652e-08, No Iterations 0
DICPCG:  Solving for p_rgh, Initial residual = 6.66652e-08, Final residual = 6.66652e-08, No Iterations 0
time step continuity errors : sum local = 5.1826e-11, global = -8.90666e-12, cumulative = -3.60291e-09
DICPCG:  Solving for p_rgh, Initial residual = 6.67673e-08, Final residual = 6.67673e-08, No Iterations 0
DICPCG:  Solving for p_rgh, Initial residual = 6.67673e-08, Final residual = 6.67673e-08, No Iterations 0
time step continuity errors : sum local = 5.19054e-11, global = -8.90666e-12, cumulative = -3.61182e-09
DILUPBiCGStab:  Solving for omega, Initial residual = 0.00209988, Final residual = 5.92043e-10, No Iterations 1
DILUPBiCGStab:  Solving for Rxx, Initial residual = 0.000107757, Final residual = 7.99207e-11, No Iterations 1
DILUPBiCGStab:  Solving for Rxy, Initial residual = 0.000160812, Final residual = 9.72978e-11, No Iterations 1
DILUPBiCGStab:  Solving for Ryy, Initial residual = 0.00202127, Final residual = 1.67894e-09, No Iterations 1
DILUPBiCGStab:  Solving for Rzz, Initial residual = 0.000156527, Final residual = 8.73844e-11, No Iterations 1
ExecutionTime = 5.9 s  ClockTime = 6 s

Courant Number mean: 0.000132356 max: 0.0498442
Interface Courant Number mean: 4.56889e-06 max: 0.0498442
deltaT = 0.00510204
Time = 0.510204

PIMPLE: iteration 1
MULES: Solving for alpha.water
Phase-1 volume fraction = 0.295149  Min(alpha.water) = -1.0202e-19  Max(alpha.water) = 1
Relaxing time: 0.05 s
DILUPBiCG:  Solving for Ux, Initial residual = 0.000647986, Final residual = 1.74938e-12, No Iterations 2
DILUPBiCG:  Solving for Uy, Initial residual = 0.00174365, Final residual = 3.64893e-10, No Iterations 1
DICPCG:  Solving for p_rgh, Initial residual = 0.000777885, Final residual = 6.92833e-07, No Iterations 15
DICPCG:  Solving for p_rgh, Initial residual = 1.62108e-06, Final residual = 8.22782e-08, No Iterations 16
time step continuity errors : sum local = 6.40259e-11, global = -7.82775e-12, cumulative = -3.61965e-09
DICPCG:  Solving for p_rgh, Initial residual = 7.50757e-07, Final residual = 5.22223e-08, No Iterations 1
DICPCG:  Solving for p_rgh, Initial residual = 5.99553e-08, Final residual = 5.99553e-08, No Iterations 0
time step continuity errors : sum local = 4.66554e-11, global = -7.56124e-12, cumulative = -3.62721e-09
DICPCG:  Solving for p_rgh, Initial residual = 6.25507e-08, Final residual = 6.25507e-08, No Iterations 0
DICPCG:  Solving for p_rgh, Initial residual = 6.25507e-08, Final residual = 6.25507e-08, No Iterations 0
time step continuity errors : sum local = 4.86751e-11, global = -7.5613e-12, cumulative = -3.63477e-09
DICPCG:  Solving for p_rgh, Initial residual = 6.2639e-08, Final residual = 6.2639e-08, No Iterations 0
DICPCG:  Solving for p_rgh, Initial residual = 6.2639e-08, Final residual = 6.2639e-08, No Iterations 0
time step continuity errors : sum local = 4.87438e-11, global = -7.5613e-12, cumulative = -3.64233e-09
DILUPBiCGStab:  Solving for omega, Initial residual = 0.00200074, Final residual = 5.58308e-10, No Iterations 1
DILUPBiCGStab:  Solving for Rxx, Initial residual = 9.69303e-05, Final residual = 8.41661e-11, No Iterations 1
DILUPBiCGStab:  Solving for Rxy, Initial residual = 0.000142789, Final residual = 1.09485e-10, No Iterations 1
DILUPBiCGStab:  Solving for Ryy, Initial residual = 0.00179525, Final residual = 1.5424e-09, No Iterations 1
DILUPBiCGStab:  Solving for Rzz, Initial residual = 0.00013987, Final residual = 9.11013e-11, No Iterations 1
ExecutionTime = 5.99 s  ClockTime = 6 s

Courant Number mean: 0.000133219 max: 0.0498955
Interface Courant Number mean: 4.57813e-06 max: 0.0498955
deltaT = 0.00510204
Time = 0.515306

PIMPLE: iteration 1
MULES: Solving for alpha.water
Phase-1 volume fraction = 0.295149  Min(alpha.water) = -2.99449e-19  Max(alpha.water) = 1
Relaxing time: 0.05 s
DILUPBiCG:  Solving for Ux, Initial residual = 0.00064803, Final residual = 1.91887e-12, No Iterations 2
DILUPBiCG:  Solving for Uy, Initial residual = 0.0017443, Final residual = 3.72022e-10, No Iterations 1
DICPCG:  Solving for p_rgh, Initial residual = 0.000780481, Final residual = 7.44487e-07, No Iterations 15
DICPCG:  Solving for p_rgh, Initial residual = 1.66738e-06, Final residual = 9.77124e-08, No Iterations 15
time step continuity errors : sum local = 7.61098e-11, global = -9.78128e-12, cumulative = -3.65211e-09
DICPCG:  Solving for p_rgh, Initial residual = 7.70592e-07, Final residual = 5.42051e-08, No Iterations 1
DICPCG:  Solving for p_rgh, Initial residual = 6.2035e-08, Final residual = 6.2035e-08, No Iterations 0
time step continuity errors : sum local = 4.83205e-11, global = -9.54246e-12, cumulative = -3.66165e-09
DICPCG:  Solving for p_rgh, Initial residual = 6.47055e-08, Final residual = 6.47055e-08, No Iterations 0
DICPCG:  Solving for p_rgh, Initial residual = 6.47055e-08, Final residual = 6.47055e-08, No Iterations 0
time step continuity errors : sum local = 5.04006e-11, global = -9.54255e-12, cumulative = -3.6712e-09
DICPCG:  Solving for p_rgh, Initial residual = 6.48221e-08, Final residual = 6.48221e-08, No Iterations 0
DICPCG:  Solving for p_rgh, Initial residual = 6.48221e-08, Final residual = 6.48221e-08, No Iterations 0
time step continuity errors : sum local = 5.04914e-11, global = -9.54255e-12, cumulative = -3.68074e-09
DILUPBiCGStab:  Solving for omega, Initial residual = 0.00191729, Final residual = 5.28585e-10, No Iterations 1
DILUPBiCGStab:  Solving for Rxx, Initial residual = 8.73142e-05, Final residual = 8.97043e-11, No Iterations 1
DILUPBiCGStab:  Solving for Rxy, Initial residual = 0.000127171, Final residual = 1.23559e-10, No Iterations 1
DILUPBiCGStab:  Solving for Ryy, Initial residual = 0.00159374, Final residual = 1.42722e-09, No Iterations 1
DILUPBiCGStab:  Solving for Rzz, Initial residual = 0.000125094, Final residual = 9.62086e-11, No Iterations 1
ExecutionTime = 6.07 s  ClockTime = 6 s

Courant Number mean: 0.000134077 max: 0.0499472
Interface Courant Number mean: 4.58744e-06 max: 0.0499472
deltaT = 0.00510204
Time = 0.520408

PIMPLE: iteration 1
MULES: Solving for alpha.water
Phase-1 volume fraction = 0.295149  Min(alpha.water) = -4.02982e-19  Max(alpha.water) = 1
Relaxing time: 0.04 s
DILUPBiCG:  Solving for Ux, Initial residual = 0.000648998, Final residual = 2.07757e-12, No Iterations 2
DILUPBiCG:  Solving for Uy, Initial residual = 0.00174522, Final residual = 3.84547e-10, No Iterations 1
DICPCG:  Solving for p_rgh, Initial residual = 0.000779047, Final residual = 7.63922e-07, No Iterations 15
DICPCG:  Solving for p_rgh, Initial residual = 1.69497e-06, Final residual = 9.89853e-08, No Iterations 15
time step continuity errors : sum local = 7.71798e-11, global = -9.91749e-12, cumulative = -3.69066e-09
DICPCG:  Solving for p_rgh, Initial residual = 7.78922e-07, Final residual = 5.43763e-08, No Iterations 1
DICPCG:  Solving for p_rgh, Initial residual = 6.24564e-08, Final residual = 6.24564e-08, No Iterations 0
time step continuity errors : sum local = 4.86983e-11, global = -9.69556e-12, cumulative = -3.70035e-09
DICPCG:  Solving for p_rgh, Initial residual = 6.51448e-08, Final residual = 6.51448e-08, No Iterations 0
DICPCG:  Solving for p_rgh, Initial residual = 6.51448e-08, Final residual = 6.51448e-08, No Iterations 0
time step continuity errors : sum local = 5.07945e-11, global = -9.69566e-12, cumulative = -3.71005e-09
DICPCG:  Solving for p_rgh, Initial residual = 6.52587e-08, Final residual = 6.52587e-08, No Iterations 0
DICPCG:  Solving for p_rgh, Initial residual = 6.52587e-08, Final residual = 6.52587e-08, No Iterations 0
time step continuity errors : sum local = 5.08833e-11, global = -9.69566e-12, cumulative = -3.71974e-09
DILUPBiCGStab:  Solving for omega, Initial residual = 0.0018463, Final residual = 5.00298e-10, No Iterations 1
DILUPBiCGStab:  Solving for Rxx, Initial residual = 7.87739e-05, Final residual = 9.6227e-11, No Iterations 1
DILUPBiCGStab:  Solving for Rxy, Initial residual = 0.000113611, Final residual = 1.38637e-10, No Iterations 1
DILUPBiCGStab:  Solving for Ryy, Initial residual = 0.00141415, Final residual = 1.33295e-09, No Iterations 1
DILUPBiCGStab:  Solving for Rzz, Initial residual = 0.000111987, Final residual = 1.02361e-10, No Iterations 1
ExecutionTime = 6.13 s  ClockTime = 6 s

Courant Number mean: 0.000134929 max: 0.049999
Interface Courant Number mean: 4.59741e-06 max: 0.049999
deltaT = 0.00510204
Time = 0.52551

PIMPLE: iteration 1
MULES: Solving for alpha.water
Phase-1 volume fraction = 0.295149  Min(alpha.water) = -2.19858e-19  Max(alpha.water) = 1
Relaxing time: 0.05 s
DILUPBiCG:  Solving for Ux, Initial residual = 0.000650371, Final residual = 2.22189e-12, No Iterations 2
DILUPBiCG:  Solving for Uy, Initial residual = 0.00174696, Final residual = 3.99778e-10, No Iterations 1
DICPCG:  Solving for p_rgh, Initial residual = 0.000779436, Final residual = 7.40399e-07, No Iterations 15
DICPCG:  Solving for p_rgh, Initial residual = 1.68261e-06, Final residual = 9.99047e-08, No Iterations 15
time step continuity errors : sum local = 7.7972e-11, global = -9.93473e-12, cumulative = -3.72968e-09
DICPCG:  Solving for p_rgh, Initial residual = 7.86791e-07, Final residual = 5.50528e-08, No Iterations 1
DICPCG:  Solving for p_rgh, Initial residual = 6.33993e-08, Final residual = 6.33993e-08, No Iterations 0
time step continuity errors : sum local = 4.94813e-11, global = -9.71964e-12, cumulative = -3.7394e-09
DICPCG:  Solving for p_rgh, Initial residual = 6.61392e-08, Final residual = 6.61392e-08, No Iterations 0
DICPCG:  Solving for p_rgh, Initial residual = 6.61392e-08, Final residual = 6.61392e-08, No Iterations 0
time step continuity errors : sum local = 5.16197e-11, global = -9.71974e-12, cumulative = -3.74912e-09
DICPCG:  Solving for p_rgh, Initial residual = 6.62438e-08, Final residual = 6.62438e-08, No Iterations 0
DICPCG:  Solving for p_rgh, Initial residual = 6.62438e-08, Final residual = 6.62438e-08, No Iterations 0
time step continuity errors : sum local = 5.17013e-11, global = -9.71974e-12, cumulative = -3.75884e-09
DILUPBiCGStab:  Solving for omega, Initial residual = 0.0017855, Final residual = 4.7129e-10, No Iterations 1
DILUPBiCGStab:  Solving for Rxx, Initial residual = 7.11938e-05, Final residual = 1.0386e-10, No Iterations 1
DILUPBiCGStab:  Solving for Rxy, Initial residual = 0.000101827, Final residual = 1.54789e-10, No Iterations 1
DILUPBiCGStab:  Solving for Ryy, Initial residual = 0.00125432, Final residual = 1.2588e-09, No Iterations 1
DILUPBiCGStab:  Solving for Rzz, Initial residual = 0.00010037, Final residual = 1.0969e-10, No Iterations 1
ExecutionTime = 6.21 s  ClockTime = 6 s

Courant Number mean: 0.000135778 max: 0.0500508
Interface Courant Number mean: 4.60674e-06 max: 0.0500508
deltaT = 0.00510204
Time = 0.530612

PIMPLE: iteration 1
MULES: Solving for alpha.water
Phase-1 volume fraction = 0.295149  Min(alpha.water) = -1.64859e-19  Max(alpha.water) = 1
Relaxing time: 0.03 s
DILUPBiCG:  Solving for Ux, Initial residual = 0.000652, Final residual = 2.35608e-12, No Iterations 2
DILUPBiCG:  Solving for Uy, Initial residual = 0.0017489, Final residual = 4.18303e-10, No Iterations 1
DICPCG:  Solving for p_rgh, Initial residual = 0.000782008, Final residual = 7.37077e-07, No Iterations 15
DICPCG:  Solving for p_rgh, Initial residual = 1.69551e-06, Final residual = 9.27201e-08, No Iterations 16
time step continuity errors : sum local = 7.24351e-11, global = -8.46547e-12, cumulative = -3.7673e-09
DICPCG:  Solving for p_rgh, Initial residual = 7.89273e-07, Final residual = 5.5535e-08, No Iterations 1
DICPCG:  Solving for p_rgh, Initial residual = 6.41371e-08, Final residual = 6.41371e-08, No Iterations 0
time step continuity errors : sum local = 5.01058e-11, global = -8.17495e-12, cumulative = -3.77548e-09
DICPCG:  Solving for p_rgh, Initial residual = 6.69176e-08, Final residual = 6.69176e-08, No Iterations 0
DICPCG:  Solving for p_rgh, Initial residual = 6.69176e-08, Final residual = 6.69176e-08, No Iterations 0
time step continuity errors : sum local = 5.22779e-11, global = -8.17501e-12, cumulative = -3.78365e-09
DICPCG:  Solving for p_rgh, Initial residual = 6.70178e-08, Final residual = 6.70178e-08, No Iterations 0
DICPCG:  Solving for p_rgh, Initial residual = 6.70178e-08, Final residual = 6.70178e-08, No Iterations 0
time step continuity errors : sum local = 5.23563e-11, global = -8.17501e-12, cumulative = -3.79183e-09
DILUPBiCGStab:  Solving for omega, Initial residual = 0.00173311, Final residual = 4.51415e-10, No Iterations 1
DILUPBiCGStab:  Solving for Rxx, Initial residual = 6.44703e-05, Final residual = 1.12706e-10, No Iterations 1
DILUPBiCGStab:  Solving for Rxy, Initial residual = 9.1577e-05, Final residual = 1.72108e-10, No Iterations 1
DILUPBiCGStab:  Solving for Ryy, Initial residual = 0.00111224, Final residual = 1.20449e-09, No Iterations 1
DILUPBiCGStab:  Solving for Rzz, Initial residual = 9.00795e-05, Final residual = 1.18287e-10, No Iterations 1
ExecutionTime = 6.28 s  ClockTime = 6 s

Courant Number mean: 0.000136622 max: 0.0501023
Interface Courant Number mean: 4.62268e-06 max: 0.0501023
deltaT = 0.00510204
Time = 0.535714

PIMPLE: iteration 1
MULES: Solving for alpha.water
Phase-1 volume fraction = 0.295148  Min(alpha.water) = -1.9528e-19  Max(alpha.water) = 1
Relaxing time: 0.04 s
DILUPBiCG:  Solving for Ux, Initial residual = 0.000653679, Final residual = 2.47682e-12, No Iterations 2
DILUPBiCG:  Solving for Uy, Initial residual = 0.00175087, Final residual = 4.39836e-10, No Iterations 1
DICPCG:  Solving for p_rgh, Initial residual = 0.000782545, Final residual = 7.25091e-07, No Iterations 15
DICPCG:  Solving for p_rgh, Initial residual = 1.68482e-06, Final residual = 9.16841e-08, No Iterations 16
time step continuity errors : sum local = 7.16963e-11, global = -8.36169e-12, cumulative = -3.80019e-09
DICPCG:  Solving for p_rgh, Initial residual = 7.95437e-07, Final residual = 5.42285e-08, No Iterations 1
DICPCG:  Solving for p_rgh, Initial residual = 6.31036e-08, Final residual = 6.31036e-08, No Iterations 0
time step continuity errors : sum local = 4.9347e-11, global = -8.03488e-12, cumulative = -3.80822e-09
DICPCG:  Solving for p_rgh, Initial residual = 6.59768e-08, Final residual = 6.59768e-08, No Iterations 0
DICPCG:  Solving for p_rgh, Initial residual = 6.59768e-08, Final residual = 6.59768e-08, No Iterations 0
time step continuity errors : sum local = 5.15938e-11, global = -8.03495e-12, cumulative = -3.81626e-09
DICPCG:  Solving for p_rgh, Initial residual = 6.60738e-08, Final residual = 6.60738e-08, No Iterations 0
DICPCG:  Solving for p_rgh, Initial residual = 6.60738e-08, Final residual = 6.60738e-08, No Iterations 0
time step continuity errors : sum local = 5.16696e-11, global = -8.03495e-12, cumulative = -3.82429e-09
DILUPBiCGStab:  Solving for omega, Initial residual = 0.00168777, Final residual = 4.33532e-10, No Iterations 1
DILUPBiCGStab:  Solving for Rxx, Initial residual = 5.85111e-05, Final residual = 1.23229e-10, No Iterations 1
DILUPBiCGStab:  Solving for Rxy, Initial residual = 8.26526e-05, Final residual = 1.91424e-10, No Iterations 1
DILUPBiCGStab:  Solving for Ryy, Initial residual = 0.000986048, Final residual = 1.17139e-09, No Iterations 1
DILUPBiCGStab:  Solving for Rzz, Initial residual = 8.09698e-05, Final residual = 1.28635e-10, No Iterations 1
ExecutionTime = 6.35 s  ClockTime = 6 s

Courant Number mean: 0.000137466 max: 0.0501536
Interface Courant Number mean: 4.6275e-06 max: 0.0501536
deltaT = 0.00510204
Time = 0.540816

PIMPLE: iteration 1
MULES: Solving for alpha.water
Phase-1 volume fraction = 0.295148  Min(alpha.water) = -1.87363e-19  Max(alpha.water) = 1
Relaxing time: 0.04 s
DILUPBiCG:  Solving for Ux, Initial residual = 0.000655461, Final residual = 2.59106e-12, No Iterations 2
DILUPBiCG:  Solving for Uy, Initial residual = 0.00175202, Final residual = 4.62682e-10, No Iterations 1
DICPCG:  Solving for p_rgh, Initial residual = 0.000784542, Final residual = 7.57998e-07, No Iterations 15
DICPCG:  Solving for p_rgh, Initial residual = 1.72985e-06, Final residual = 9.73712e-08, No Iterations 16
time step continuity errors : sum local = 7.62189e-11, global = -8.33075e-12, cumulative = -3.83262e-09
DICPCG:  Solving for p_rgh, Initial residual = 8.06795e-07, Final residual = 5.84706e-08, No Iterations 1
DICPCG:  Solving for p_rgh, Initial residual = 6.76523e-08, Final residual = 6.76523e-08, No Iterations 0
time step continuity errors : sum local = 5.29564e-11, global = -8.01886e-12, cumulative = -3.84064e-09
DICPCG:  Solving for p_rgh, Initial residual = 7.06253e-08, Final residual = 7.06253e-08, No Iterations 0
DICPCG:  Solving for p_rgh, Initial residual = 7.06253e-08, Final residual = 7.06253e-08, No Iterations 0
time step continuity errors : sum local = 5.52835e-11, global = -8.01893e-12, cumulative = -3.84866e-09
DICPCG:  Solving for p_rgh, Initial residual = 7.07153e-08, Final residual = 7.07153e-08, No Iterations 0
DICPCG:  Solving for p_rgh, Initial residual = 7.07153e-08, Final residual = 7.07153e-08, No Iterations 0
time step continuity errors : sum local = 5.5354e-11, global = -8.01893e-12, cumulative = -3.85668e-09
DILUPBiCGStab:  Solving for omega, Initial residual = 0.00164856, Final residual = 4.20377e-10, No Iterations 1
DILUPBiCGStab:  Solving for Rxx, Initial residual = 5.3234e-05, Final residual = 1.35332e-10, No Iterations 1
DILUPBiCGStab:  Solving for Rxy, Initial residual = 7.48748e-05, Final residual = 2.12756e-10, No Iterations 1
DILUPBiCGStab:  Solving for Ryy, Initial residual = 0.000874055, Final residual = 1.15888e-09, No Iterations 1
DILUPBiCGStab:  Solving for Rzz, Initial residual = 7.29117e-05, Final residual = 1.40616e-10, No Iterations 1
ExecutionTime = 6.41 s  ClockTime = 6 s

Courant Number mean: 0.000138307 max: 0.0502046
Interface Courant Number mean: 4.63711e-06 max: 0.0502046
deltaT = 0.00510204
Time = 0.545918

PIMPLE: iteration 1
MULES: Solving for alpha.water
Phase-1 volume fraction = 0.295148  Min(alpha.water) = -1.89191e-19  Max(alpha.water) = 1
Relaxing time: 0.03 s
DILUPBiCG:  Solving for Ux, Initial residual = 0.00065736, Final residual = 2.69682e-12, No Iterations 2
DILUPBiCG:  Solving for Uy, Initial residual = 0.00175332, Final residual = 4.86783e-10, No Iterations 1
DICPCG:  Solving for p_rgh, Initial residual = 0.000784162, Final residual = 7.70032e-07, No Iterations 16
DICPCG:  Solving for p_rgh, Initial residual = 1.75788e-06, Final residual = 8.97043e-08, No Iterations 14
time step continuity errors : sum local = 7.02881e-11, global = -1.02129e-11, cumulative = -3.86689e-09
DICPCG:  Solving for p_rgh, Initial residual = 8.05056e-07, Final residual = 5.59859e-08, No Iterations 1
DICPCG:  Solving for p_rgh, Initial residual = 6.55111e-08, Final residual = 6.55111e-08, No Iterations 0
time step continuity errors : sum local = 5.13318e-11, global = -1.00955e-11, cumulative = -3.87699e-09
DICPCG:  Solving for p_rgh, Initial residual = 6.86188e-08, Final residual = 6.86188e-08, No Iterations 0
DICPCG:  Solving for p_rgh, Initial residual = 6.86188e-08, Final residual = 6.86188e-08, No Iterations 0
time step continuity errors : sum local = 5.37669e-11, global = -1.00955e-11, cumulative = -3.88708e-09
DICPCG:  Solving for p_rgh, Initial residual = 6.87019e-08, Final residual = 6.87019e-08, No Iterations 0
DICPCG:  Solving for p_rgh, Initial residual = 6.87019e-08, Final residual = 6.87019e-08, No Iterations 0
time step continuity errors : sum local = 5.3832e-11, global = -1.00955e-11, cumulative = -3.89718e-09
DILUPBiCGStab:  Solving for omega, Initial residual = 0.00161448, Final residual = 4.08038e-10, No Iterations 1
DILUPBiCGStab:  Solving for Rxx, Initial residual = 4.85643e-05, Final residual = 1.49426e-10, No Iterations 1
DILUPBiCGStab:  Solving for Rxy, Initial residual = 6.80894e-05, Final residual = 2.36612e-10, No Iterations 1
DILUPBiCGStab:  Solving for Ryy, Initial residual = 0.000774752, Final residual = 1.16708e-09, No Iterations 1
DILUPBiCGStab:  Solving for Rzz, Initial residual = 6.5789e-05, Final residual = 1.54638e-10, No Iterations 1
ExecutionTime = 6.47 s  ClockTime = 6 s

Courant Number mean: 0.000139147 max: 0.0502551
Interface Courant Number mean: 4.64829e-06 max: 0.0502551
deltaT = 0.00510204
Time = 0.55102

PIMPLE: iteration 1
MULES: Solving for alpha.water
Phase-1 volume fraction = 0.295148  Min(alpha.water) = -1.02705e-19  Max(alpha.water) = 1
Relaxing time: 0.04 s
DILUPBiCG:  Solving for Ux, Initial residual = 0.000659374, Final residual = 2.79605e-12, No Iterations 2
DILUPBiCG:  Solving for Uy, Initial residual = 0.00175338, Final residual = 5.10729e-10, No Iterations 1
DICPCG:  Solving for p_rgh, Initial residual = 0.000785533, Final residual = 7.73037e-07, No Iterations 15
DICPCG:  Solving for p_rgh, Initial residual = 1.76065e-06, Final residual = 9.63513e-08, No Iterations 16
time step continuity errors : sum local = 7.55736e-11, global = -8.39076e-12, cumulative = -3.90557e-09
DICPCG:  Solving for p_rgh, Initial residual = 8.19435e-07, Final residual = 5.75352e-08, No Iterations 1
DICPCG:  Solving for p_rgh, Initial residual = 6.74488e-08, Final residual = 6.74488e-08, No Iterations 0
time step continuity errors : sum local = 5.29042e-11, global = -8.08313e-12, cumulative = -3.91365e-09
DICPCG:  Solving for p_rgh, Initial residual = 7.06841e-08, Final residual = 7.06841e-08, No Iterations 0
DICPCG:  Solving for p_rgh, Initial residual = 7.06841e-08, Final residual = 7.06841e-08, No Iterations 0
time step continuity errors : sum local = 5.54419e-11, global = -8.08321e-12, cumulative = -3.92174e-09
DICPCG:  Solving for p_rgh, Initial residual = 7.07616e-08, Final residual = 7.07616e-08, No Iterations 0
DICPCG:  Solving for p_rgh, Initial residual = 7.07616e-08, Final residual = 7.07616e-08, No Iterations 0
time step continuity errors : sum local = 5.55027e-11, global = -8.08321e-12, cumulative = -3.92982e-09
DILUPBiCGStab:  Solving for omega, Initial residual = 0.00158443, Final residual = 3.96142e-10, No Iterations 1
DILUPBiCGStab:  Solving for Rxx, Initial residual = 4.44363e-05, Final residual = 1.6583e-10, No Iterations 1
DILUPBiCGStab:  Solving for Rxy, Initial residual = 6.21623e-05, Final residual = 2.63341e-10, No Iterations 1
DILUPBiCGStab:  Solving for Ryy, Initial residual = 0.00068679, Final residual = 1.19554e-09, No Iterations 1
DILUPBiCGStab:  Solving for Rzz, Initial residual = 5.94986e-05, Final residual = 1.71018e-10, No Iterations 1
ExecutionTime = 6.54 s  ClockTime = 6 s

Courant Number mean: 0.000139983 max: 0.0503054
Interface Courant Number mean: 4.65188e-06 max: 0.0503054
deltaT = 0.00504471
Time = 0.556065

PIMPLE: iteration 1
MULES: Solving for alpha.water
Phase-1 volume fraction = 0.295148  Min(alpha.water) = -2.37138e-19  Max(alpha.water) = 1
Relaxing time: 0.05 s
DILUPBiCG:  Solving for Ux, Initial residual = 0.000653989, Final residual = 2.76414e-12, No Iterations 2
DILUPBiCG:  Solving for Uy, Initial residual = 0.00173448, Final residual = 5.20613e-10, No Iterations 1
DICPCG:  Solving for p_rgh, Initial residual = 0.000786001, Final residual = 7.00488e-07, No Iterations 20
DICPCG:  Solving for p_rgh, Initial residual = 1.71227e-06, Final residual = 9.2202e-08, No Iterations 14
time step continuity errors : sum local = 7.07808e-11, global = -9.55138e-12, cumulative = -3.93937e-09
DICPCG:  Solving for p_rgh, Initial residual = 8.13809e-07, Final residual = 5.79051e-08, No Iterations 1
DICPCG:  Solving for p_rgh, Initial residual = 6.81356e-08, Final residual = 6.81356e-08, No Iterations 0
time step continuity errors : sum local = 5.23059e-11, global = -9.29036e-12, cumulative = -3.94866e-09
DICPCG:  Solving for p_rgh, Initial residual = 7.14284e-08, Final residual = 7.14284e-08, No Iterations 0
DICPCG:  Solving for p_rgh, Initial residual = 7.14284e-08, Final residual = 7.14284e-08, No Iterations 0
time step continuity errors : sum local = 5.48338e-11, global = -9.29036e-12, cumulative = -3.95795e-09
DICPCG:  Solving for p_rgh, Initial residual = 7.14903e-08, Final residual = 7.14903e-08, No Iterations 0
DICPCG:  Solving for p_rgh, Initial residual = 7.14903e-08, Final residual = 7.14903e-08, No Iterations 0
time step continuity errors : sum local = 5.48812e-11, global = -9.29036e-12, cumulative = -3.96724e-09
DILUPBiCGStab:  Solving for omega, Initial residual = 0.00154016, Final residual = 3.74046e-10, No Iterations 1
DILUPBiCGStab:  Solving for Rxx, Initial residual = 4.03331e-05, Final residual = 1.7689e-10, No Iterations 1
DILUPBiCGStab:  Solving for Rxy, Initial residual = 5.63435e-05, Final residual = 2.87341e-10, No Iterations 1
DILUPBiCGStab:  Solving for Ryy, Initial residual = 0.000602095, Final residual = 1.16956e-09, No Iterations 1
DILUPBiCGStab:  Solving for Rzz, Initial residual = 5.3343e-05, Final residual = 1.81662e-10, No Iterations 1
ExecutionTime = 6.62 s  ClockTime = 6 s

Courant Number mean: 0.000139228 max: 0.049784
Interface Courant Number mean: 4.61012e-06 max: 0.049784
deltaT = 0.00504471
Time = 0.56111

PIMPLE: iteration 1
MULES: Solving for alpha.water
Phase-1 volume fraction = 0.295147  Min(alpha.water) = -1.0189e-19  Max(alpha.water) = 1
Relaxing time: 0.03 s
DILUPBiCG:  Solving for Ux, Initial residual = 0.000657469, Final residual = 2.81318e-12, No Iterations 2
DILUPBiCG:  Solving for Uy, Initial residual = 0.00174023, Final residual = 5.46553e-10, No Iterations 1
DICPCG:  Solving for p_rgh, Initial residual = 0.000784293, Final residual = 7.83125e-07, No Iterations 15
DICPCG:  Solving for p_rgh, Initial residual = 1.78144e-06, Final residual = 9.83947e-08, No Iterations 16
time step continuity errors : sum local = 7.56122e-11, global = -8.17371e-12, cumulative = -3.97542e-09
DICPCG:  Solving for p_rgh, Initial residual = 8.2889e-07, Final residual = 5.98374e-08, No Iterations 1
DICPCG:  Solving for p_rgh, Initial residual = 7.02678e-08, Final residual = 7.02678e-08, No Iterations 0
time step continuity errors : sum local = 5.39984e-11, global = -7.89135e-12, cumulative = -3.98331e-09
DICPCG:  Solving for p_rgh, Initial residual = 7.37274e-08, Final residual = 7.37274e-08, No Iterations 0
DICPCG:  Solving for p_rgh, Initial residual = 7.37274e-08, Final residual = 7.37274e-08, No Iterations 0
time step continuity errors : sum local = 5.66569e-11, global = -7.89142e-12, cumulative = -3.9912e-09
DICPCG:  Solving for p_rgh, Initial residual = 7.37829e-08, Final residual = 7.37829e-08, No Iterations 0
DICPCG:  Solving for p_rgh, Initial residual = 7.37829e-08, Final residual = 7.37829e-08, No Iterations 0
time step continuity errors : sum local = 5.66996e-11, global = -7.89142e-12, cumulative = -3.99909e-09
DILUPBiCGStab:  Solving for omega, Initial residual = 0.00151634, Final residual = 3.63215e-10, No Iterations 1
DILUPBiCGStab:  Solving for Rxx, Initial residual = 3.71729e-05, Final residual = 1.95236e-10, No Iterations 1
DILUPBiCGStab:  Solving for Rxy, Initial residual = 5.18836e-05, Final residual = 3.13639e-10, No Iterations 1
DILUPBiCGStab:  Solving for Ryy, Initial residual = 0.000534509, Final residual = 1.21928e-09, No Iterations 1
DILUPBiCGStab:  Solving for Rzz, Initial residual = 4.85367e-05, Final residual = 2.00001e-10, No Iterations 1
ExecutionTime = 6.68 s  ClockTime = 7 s

Courant Number mean: 0.000140052 max: 0.0498288
Interface Courant Number mean: 4.61889e-06 max: 0.0498288
deltaT = 0.00504471
Time = 0.566155

PIMPLE: iteration 1
MULES: Solving for alpha.water
Phase-1 volume fraction = 0.295147  Min(alpha.water) = -2.82723e-19  Max(alpha.water) = 1
Relaxing time: 0.03 s
DILUPBiCG:  Solving for Ux, Initial residual = 0.000659418, Final residual = 2.89059e-12, No Iterations 2
DILUPBiCG:  Solving for Uy, Initial residual = 0.00174114, Final residual = 5.75046e-10, No Iterations 1
DICPCG:  Solving for p_rgh, Initial residual = 0.000786093, Final residual = 5.39665e-07, No Iterations 17
DICPCG:  Solving for p_rgh, Initial residual = 1.56509e-06, Final residual = 9.81964e-08, No Iterations 13
time step continuity errors : sum local = 7.55387e-11, global = -1.09635e-11, cumulative = -4.01005e-09
DICPCG:  Solving for p_rgh, Initial residual = 8.40997e-07, Final residual = 6.11176e-08, No Iterations 1
DICPCG:  Solving for p_rgh, Initial residual = 7.19518e-08, Final residual = 7.19518e-08, No Iterations 0
time step continuity errors : sum local = 5.535e-11, global = -1.07558e-11, cumulative = -4.02081e-09
DICPCG:  Solving for p_rgh, Initial residual = 7.56806e-08, Final residual = 7.56806e-08, No Iterations 0
DICPCG:  Solving for p_rgh, Initial residual = 7.56806e-08, Final residual = 7.56806e-08, No Iterations 0
time step continuity errors : sum local = 5.82184e-11, global = -1.07556e-11, cumulative = -4.03157e-09
DICPCG:  Solving for p_rgh, Initial residual = 7.57205e-08, Final residual = 7.57205e-08, No Iterations 0
DICPCG:  Solving for p_rgh, Initial residual = 7.57205e-08, Final residual = 7.57205e-08, No Iterations 0
time step continuity errors : sum local = 5.82491e-11, global = -1.07556e-11, cumulative = -4.04232e-09
DILUPBiCGStab:  Solving for omega, Initial residual = 0.00149456, Final residual = 3.54432e-10, No Iterations 1
DILUPBiCGStab:  Solving for Rxx, Initial residual = 3.43828e-05, Final residual = 2.15885e-10, No Iterations 1
DILUPBiCGStab:  Solving for Rxy, Initial residual = 4.79747e-05, Final residual = 3.42469e-10, No Iterations 1
DILUPBiCGStab:  Solving for Ryy, Initial residual = 0.000474762, Final residual = 1.28127e-09, No Iterations 1
DILUPBiCGStab:  Solving for Rzz, Initial residual = 4.42975e-05, Final residual = 2.20686e-10, No Iterations 1
ExecutionTime = 6.75 s  ClockTime = 7 s

Courant Number mean: 0.000140885 max: 0.0498742
Interface Courant Number mean: 4.6314e-06 max: 0.0498742
deltaT = 0.00504471
Time = 0.571199

PIMPLE: iteration 1
MULES: Solving for alpha.water
Phase-1 volume fraction = 0.295147  Min(alpha.water) = -2.09882e-19  Max(alpha.water) = 1
Relaxing time: 0.04 s
DILUPBiCG:  Solving for Ux, Initial residual = 0.000661444, Final residual = 6.28721e-10, No Iterations 1
DILUPBiCG:  Solving for Uy, Initial residual = 0.00174211, Final residual = 6.08203e-10, No Iterations 1
DICPCG:  Solving for p_rgh, Initial residual = 0.000792851, Final residual = 7.89994e-07, No Iterations 15
DICPCG:  Solving for p_rgh, Initial residual = 1.81255e-06, Final residual = 9.95162e-08, No Iterations 16
time step continuity errors : sum local = 7.6633e-11, global = -8.28058e-12, cumulative = -4.0506e-09
DICPCG:  Solving for p_rgh, Initial residual = 8.68512e-07, Final residual = 5.93e-08, No Iterations 1
DICPCG:  Solving for p_rgh, Initial residual = 7.08445e-08, Final residual = 7.08445e-08, No Iterations 0
time step continuity errors : sum local = 5.45546e-11, global = -7.98361e-12, cumulative = -4.05859e-09
DICPCG:  Solving for p_rgh, Initial residual = 7.48844e-08, Final residual = 7.48844e-08, No Iterations 0
DICPCG:  Solving for p_rgh, Initial residual = 7.48844e-08, Final residual = 7.48844e-08, No Iterations 0
time step continuity errors : sum local = 5.76656e-11, global = -7.98369e-12, cumulative = -4.06657e-09
DICPCG:  Solving for p_rgh, Initial residual = 7.49083e-08, Final residual = 7.49083e-08, No Iterations 0
DICPCG:  Solving for p_rgh, Initial residual = 7.49083e-08, Final residual = 7.49083e-08, No Iterations 0
time step continuity errors : sum local = 5.7684e-11, global = -7.98369e-12, cumulative = -4.07455e-09
DILUPBiCGStab:  Solving for omega, Initial residual = 0.00147443, Final residual = 3.47612e-10, No Iterations 1
DILUPBiCGStab:  Solving for Rxx, Initial residual = 3.19209e-05, Final residual = 2.39072e-10, No Iterations 1
DILUPBiCGStab:  Solving for Rxy, Initial residual = 4.4545e-05, Final residual = 3.74319e-10, No Iterations 1
DILUPBiCGStab:  Solving for Ryy, Initial residual = 0.00042198, Final residual = 1.3532e-09, No Iterations 1
DILUPBiCGStab:  Solving for Rzz, Initial residual = 4.05607e-05, Final residual = 2.43961e-10, No Iterations 1
ExecutionTime = 6.81 s  ClockTime = 7 s

Courant Number mean: 0.000141717 max: 0.0499203
Interface Courant Number mean: 4.64026e-06 max: 0.0499203
deltaT = 0.00504471
Time = 0.576244

PIMPLE: iteration 1
MULES: Solving for alpha.water
Phase-1 volume fraction = 0.295147  Min(alpha.water) = -1.70657e-19  Max(alpha.water) = 1
Relaxing time: 0.04 s
DILUPBiCG:  Solving for Ux, Initial residual = 0.000663419, Final residual = 9.1898e-10, No Iterations 1
DILUPBiCG:  Solving for Uy, Initial residual = 0.00174262, Final residual = 6.45644e-10, No Iterations 1
DICPCG:  Solving for p_rgh, Initial residual = 0.000794711, Final residual = 7.75689e-07, No Iterations 15
DICPCG:  Solving for p_rgh, Initial residual = 1.82665e-06, Final residual = 9.46288e-08, No Iterations 16
time step continuity errors : sum local = 7.29459e-11, global = -8.16619e-12, cumulative = -4.08272e-09
DICPCG:  Solving for p_rgh, Initial residual = 8.94668e-07, Final residual = 5.52103e-08, No Iterations 1
DICPCG:  Solving for p_rgh, Initial residual = 6.72534e-08, Final residual = 6.72534e-08, No Iterations 0
time step continuity errors : sum local = 5.18436e-11, global = -7.8506e-12, cumulative = -4.09057e-09
DICPCG:  Solving for p_rgh, Initial residual = 7.17613e-08, Final residual = 7.17613e-08, No Iterations 0
DICPCG:  Solving for p_rgh, Initial residual = 7.17613e-08, Final residual = 7.17613e-08, No Iterations 0
time step continuity errors : sum local = 5.53186e-11, global = -7.85068e-12, cumulative = -4.09842e-09
DICPCG:  Solving for p_rgh, Initial residual = 7.17682e-08, Final residual = 7.17682e-08, No Iterations 0
DICPCG:  Solving for p_rgh, Initial residual = 7.17682e-08, Final residual = 7.17682e-08, No Iterations 0
time step continuity errors : sum local = 5.53239e-11, global = -7.85068e-12, cumulative = -4.10627e-09
DILUPBiCGStab:  Solving for omega, Initial residual = 0.0014557, Final residual = 3.401e-10, No Iterations 1
DILUPBiCGStab:  Solving for Rxx, Initial residual = 2.97498e-05, Final residual = 2.65232e-10, No Iterations 1
DILUPBiCGStab:  Solving for Rxy, Initial residual = 4.15343e-05, Final residual = 4.09876e-10, No Iterations 1
DILUPBiCGStab:  Solving for Ryy, Initial residual = 0.000375395, Final residual = 1.43419e-09, No Iterations 1
DILUPBiCGStab:  Solving for Rzz, Initial residual = 3.72692e-05, Final residual = 2.70267e-10, No Iterations 1
ExecutionTime = 6.87 s  ClockTime = 7 s

Courant Number mean: 0.000142547 max: 0.0499671
Interface Courant Number mean: 4.64914e-06 max: 0.0499671
deltaT = 0.00504471
Time = 0.581289

PIMPLE: iteration 1
MULES: Solving for alpha.water
Phase-1 volume fraction = 0.295147  Min(alpha.water) = -8.58371e-20  Max(alpha.water) = 1
Relaxing time: 0.04 s
DILUPBiCG:  Solving for Ux, Initial residual = 0.000665316, Final residual = 3.08882e-12, No Iterations 2
DILUPBiCG:  Solving for Uy, Initial residual = 0.00174291, Final residual = 6.0981e-10, No Iterations 1
DICPCG:  Solving for p_rgh, Initial residual = 0.000795907, Final residual = 7.95302e-07, No Iterations 16
DICPCG:  Solving for p_rgh, Initial residual = 1.8519e-06, Final residual = 8.90515e-08, No Iterations 14
time step continuity errors : sum local = 6.87183e-11, global = -1.01506e-11, cumulative = -4.11642e-09
DICPCG:  Solving for p_rgh, Initial residual = 9.03528e-07, Final residual = 5.61761e-08, No Iterations 1
DICPCG:  Solving for p_rgh, Initial residual = 6.87581e-08, Final residual = 6.87581e-08, No Iterations 0
time step continuity errors : sum local = 5.30589e-11, global = -1.00333e-11, cumulative = -4.12645e-09
DICPCG:  Solving for p_rgh, Initial residual = 7.36899e-08, Final residual = 7.36899e-08, No Iterations 0
DICPCG:  Solving for p_rgh, Initial residual = 7.36899e-08, Final residual = 7.36899e-08, No Iterations 0
time step continuity errors : sum local = 5.68646e-11, global = -1.00333e-11, cumulative = -4.13649e-09
DICPCG:  Solving for p_rgh, Initial residual = 7.36662e-08, Final residual = 7.36662e-08, No Iterations 0
DICPCG:  Solving for p_rgh, Initial residual = 7.36662e-08, Final residual = 7.36662e-08, No Iterations 0
time step continuity errors : sum local = 5.68463e-11, global = -1.00333e-11, cumulative = -4.14652e-09
DILUPBiCGStab:  Solving for omega, Initial residual = 0.00143818, Final residual = 3.33876e-10, No Iterations 1
DILUPBiCGStab:  Solving for Rxx, Initial residual = 2.78356e-05, Final residual = 2.94599e-10, No Iterations 1
DILUPBiCGStab:  Solving for Rxy, Initial residual = 3.88896e-05, Final residual = 4.49536e-10, No Iterations 1
DILUPBiCGStab:  Solving for Ryy, Initial residual = 0.000334322, Final residual = 1.5233e-09, No Iterations 1
DILUPBiCGStab:  Solving for Rzz, Initial residual = 3.43712e-05, Final residual = 2.99847e-10, No Iterations 1
ExecutionTime = 6.93 s  ClockTime = 7 s

Courant Number mean: 0.000143379 max: 0.0500144
Interface Courant Number mean: 4.65804e-06 max: 0.0500144
deltaT = 0.00504471
Time = 0.586333

PIMPLE: iteration 1
MULES: Solving for alpha.water
Phase-1 volume fraction = 0.295147  Min(alpha.water) = -2.46853e-19  Max(alpha.water) = 1
Relaxing time: 0.04 s
DILUPBiCG:  Solving for Ux, Initial residual = 0.000667504, Final residual = 3.13869e-12, No Iterations 2
DILUPBiCG:  Solving for Uy, Initial residual = 0.00174298, Final residual = 5.94778e-10, No Iterations 1
DICPCG:  Solving for p_rgh, Initial residual = 0.000802472, Final residual = 7.94765e-07, No Iterations 16
DICPCG:  Solving for p_rgh, Initial residual = 1.87378e-06, Final residual = 9.1973e-08, No Iterations 14
time step continuity errors : sum local = 7.10484e-11, global = -1.02435e-11, cumulative = -4.15676e-09
DICPCG:  Solving for p_rgh, Initial residual = 9.40771e-07, Final residual = 5.7153e-08, No Iterations 1
DICPCG:  Solving for p_rgh, Initial residual = 7.03895e-08, Final residual = 7.03895e-08, No Iterations 0
time step continuity errors : sum local = 5.43757e-11, global = -1.01396e-11, cumulative = -4.1669e-09
DICPCG:  Solving for p_rgh, Initial residual = 7.58701e-08, Final residual = 7.58701e-08, No Iterations 0
DICPCG:  Solving for p_rgh, Initial residual = 7.58701e-08, Final residual = 7.58701e-08, No Iterations 0
time step continuity errors : sum local = 5.86094e-11, global = -1.01396e-11, cumulative = -4.17704e-09
DICPCG:  Solving for p_rgh, Initial residual = 7.58073e-08, Final residual = 7.58073e-08, No Iterations 0
DICPCG:  Solving for p_rgh, Initial residual = 7.58073e-08, Final residual = 7.58073e-08, No Iterations 0
time step continuity errors : sum local = 5.85609e-11, global = -1.01396e-11, cumulative = -4.18718e-09
DILUPBiCGStab:  Solving for omega, Initial residual = 0.00142176, Final residual = 3.28316e-10, No Iterations 1
DILUPBiCGStab:  Solving for Rxx, Initial residual = 2.61474e-05, Final residual = 3.27637e-10, No Iterations 1
DILUPBiCGStab:  Solving for Rxy, Initial residual = 3.65632e-05, Final residual = 4.94169e-10, No Iterations 1
DILUPBiCGStab:  Solving for Ryy, Initial residual = 0.000298144, Final residual = 1.6212e-09, No Iterations 1
DILUPBiCGStab:  Solving for Rzz, Initial residual = 3.18202e-05, Final residual = 3.33162e-10, No Iterations 1
ExecutionTime = 7 s  ClockTime = 7 s

Courant Number mean: 0.000144207 max: 0.0500622
Interface Courant Number mean: 4.67442e-06 max: 0.0500622
deltaT = 0.00504471
Time = 0.591378

PIMPLE: iteration 1
MULES: Solving for alpha.water
Phase-1 volume fraction = 0.295146  Min(alpha.water) = -1.82621e-19  Max(alpha.water) = 1
Relaxing time: 0.03 s
DILUPBiCG:  Solving for Ux, Initial residual = 0.000669526, Final residual = 3.18544e-12, No Iterations 2
DILUPBiCG:  Solving for Uy, Initial residual = 0.00174306, Final residual = 5.70318e-10, No Iterations 1
DICPCG:  Solving for p_rgh, Initial residual = 0.000806028, Final residual = 7.89341e-07, No Iterations 15
DICPCG:  Solving for p_rgh, Initial residual = 1.86478e-06, Final residual = 7.90037e-08, No Iterations 17
time step continuity errors : sum local = 6.1094e-11, global = -6.88096e-12, cumulative = -4.19406e-09
DICPCG:  Solving for p_rgh, Initial residual = 9.62122e-07, Final residual = 4.6844e-08, No Iterations 1
DICPCG:  Solving for p_rgh, Initial residual = 6.10234e-08, Final residual = 6.10234e-08, No Iterations 0
time step continuity errors : sum local = 4.71903e-11, global = -6.56724e-12, cumulative = -4.20063e-09
DICPCG:  Solving for p_rgh, Initial residual = 6.72793e-08, Final residual = 6.72793e-08, No Iterations 0
DICPCG:  Solving for p_rgh, Initial residual = 6.72793e-08, Final residual = 6.72793e-08, No Iterations 0
time step continuity errors : sum local = 5.2028e-11, global = -6.56724e-12, cumulative = -4.2072e-09
DICPCG:  Solving for p_rgh, Initial residual = 6.71645e-08, Final residual = 6.71645e-08, No Iterations 0
DICPCG:  Solving for p_rgh, Initial residual = 6.71645e-08, Final residual = 6.71645e-08, No Iterations 0
time step continuity errors : sum local = 5.19392e-11, global = -6.56724e-12, cumulative = -4.21377e-09
DILUPBiCGStab:  Solving for omega, Initial residual = 0.0014064, Final residual = 3.23118e-10, No Iterations 1
DILUPBiCGStab:  Solving for Rxx, Initial residual = 2.4657e-05, Final residual = 3.64511e-10, No Iterations 1
DILUPBiCGStab:  Solving for Rxy, Initial residual = 3.45137e-05, Final residual = 5.44071e-10, No Iterations 1
DILUPBiCGStab:  Solving for Ryy, Initial residual = 0.000266311, Final residual = 1.72714e-09, No Iterations 1
DILUPBiCGStab:  Solving for Rzz, Initial residual = 2.95738e-05, Final residual = 3.70374e-10, No Iterations 1
ExecutionTime = 7.06 s  ClockTime = 7 s

Courant Number mean: 0.000145039 max: 0.0501105
Interface Courant Number mean: 4.68329e-06 max: 0.0501105
deltaT = 0.00504471
Time = 0.596423

PIMPLE: iteration 1
MULES: Solving for alpha.water
Phase-1 volume fraction = 0.295146  Min(alpha.water) = -2.66606e-19  Max(alpha.water) = 1
Relaxing time: 0.04 s
DILUPBiCG:  Solving for Ux, Initial residual = 0.00067195, Final residual = 3.23663e-12, No Iterations 2
DILUPBiCG:  Solving for Uy, Initial residual = 0.00174213, Final residual = 5.42361e-10, No Iterations 1
DICPCG:  Solving for p_rgh, Initial residual = 0.00081219, Final residual = 7.8898e-07, No Iterations 16
DICPCG:  Solving for p_rgh, Initial residual = 1.89844e-06, Final residual = 9.1313e-08, No Iterations 14
time step continuity errors : sum local = 7.06893e-11, global = -1.04663e-11, cumulative = -4.22423e-09
DICPCG:  Solving for p_rgh, Initial residual = 1.01219e-06, Final residual = 5.77318e-08, No Iterations 1
DICPCG:  Solving for p_rgh, Initial residual = 7.26329e-08, Final residual = 7.26329e-08, No Iterations 0
time step continuity errors : sum local = 5.62286e-11, global = -1.03417e-11, cumulative = -4.23457e-09
DICPCG:  Solving for p_rgh, Initial residual = 7.9711e-08, Final residual = 7.9711e-08, No Iterations 0
DICPCG:  Solving for p_rgh, Initial residual = 7.9711e-08, Final residual = 7.9711e-08, No Iterations 0
time step continuity errors : sum local = 6.17081e-11, global = -1.03417e-11, cumulative = -4.24492e-09
DICPCG:  Solving for p_rgh, Initial residual = 7.95223e-08, Final residual = 7.95223e-08, No Iterations 0
DICPCG:  Solving for p_rgh, Initial residual = 7.95223e-08, Final residual = 7.95223e-08, No Iterations 0
time step continuity errors : sum local = 6.15621e-11, global = -1.03417e-11, cumulative = -4.25526e-09
DILUPBiCGStab:  Solving for omega, Initial residual = 0.00139236, Final residual = 3.18583e-10, No Iterations 1
DILUPBiCGStab:  Solving for Rxx, Initial residual = 2.33383e-05, Final residual = 4.0571e-10, No Iterations 1
DILUPBiCGStab:  Solving for Rxy, Initial residual = 3.27042e-05, Final residual = 6.0014e-10, No Iterations 1
DILUPBiCGStab:  Solving for Ryy, Initial residual = 0.000238327, Final residual = 1.84222e-09, No Iterations 1
DILUPBiCGStab:  Solving for Rzz, Initial residual = 2.76298e-05, Final residual = 4.1201e-10, No Iterations 1
ExecutionTime = 7.12 s  ClockTime = 7 s

Courant Number mean: 0.000145867 max: 0.0501595
Interface Courant Number mean: 4.6921e-06 max: 0.0501595
deltaT = 0.00504471
Time = 0.601468

PIMPLE: iteration 1
MULES: Solving for alpha.water
Phase-1 volume fraction = 0.295146  Min(alpha.water) = -1.94975e-19  Max(alpha.water) = 1
Relaxing time: 0.03 s
DILUPBiCG:  Solving for Ux, Initial residual = 0.000674076, Final residual = 3.28889e-12, No Iterations 2
DILUPBiCG:  Solving for Uy, Initial residual = 0.00174243, Final residual = 5.22225e-10, No Iterations 1
