/*--------------------------------*- C++ -*----------------------------------*\
| =========                 |                                                 |
| \\      /  F ield         | OpenFOAM: The Open Source CFD Toolbox           |
|  \\    /   O peration     | Version:  v1912                                 |
|   \\  /    A nd           | Website:  www.openfoam.com                      |
|    \\/     M anipulation  |                                                 |
\*---------------------------------------------------------------------------*/
FoamFile
{
    version     2.0;
    format      ascii;
    class       volVectorField;
    location    "4";
    object      U;
}
// * * * * * * * * * * * * * * * * * * * * * * * * * * * * * * * * * * * * * //

dimensions      [0 1 -1 0 0 0 0];


internalField   nonuniform List<vector> 
15834
(
(0.141228 0.00070717 0)
(0.129259 0.000727735 0)
(0.115837 0.00084499 0)
(0.0992976 0.00108129 0)
(0.0777934 0.00140658 0)
(0.050363 0.00174602 0)
(0.0178475 0.00200469 0)
(-0.0178904 0.00207321 0)
(-0.0534098 0.00193821 0)
(-0.0843299 0.00158366 0)
(-0.107544 0.00107 0)
(-0.121087 0.000495414 0)
(-0.124825 -3.27449e-05 0)
(-0.12041 -0.000423884 0)
(-0.11076 -0.000630659 0)
(-0.0991433 -0.000657887 0)
(-0.0883326 -0.000556255 0)
(-0.0799347 -0.000403297 0)
(-0.074117 -0.000278266 0)
(-0.0698221 -0.000236628 0)
(-0.065356 -0.000301223 0)
(-0.0587918 -0.000454684 0)
(-0.0491711 -0.000656598 0)
(-0.036172 -0.000848228 0)
(-0.0199825 -0.000990073 0)
(-0.0019883 -0.00106021 0)
(0.0165484 -0.00105883 0)
(0.034554 -0.00100585 0)
(0.0512846 -0.000922762 0)
(0.0663834 -0.000822299 0)
(0.0795817 -0.000700902 0)
(0.0903829 -0.000538947 0)
(0.0978827 -0.000312649 0)
(0.10086 -8.51158e-06 0)
(0.0977913 0.000364288 0)
(0.0877044 0.00076759 0)
(0.0706739 0.00114286 0)
(0.0477618 0.00141038 0)
(0.0215584 0.00150768 0)
(-0.00443876 0.00139961 0)
(-0.0266245 0.00109215 0)
(-0.0419376 0.000647226 0)
(-0.0486892 0.000158844 0)
(-0.0471007 -0.00027818 0)
(-0.0384307 -0.000570103 0)
(-0.0266959 -0.000697355 0)
(-0.0147744 -0.000650587 0)
(-0.00438578 -0.000499999 0)
(0.00234854 -0.000297351 0)
(0.00577433 -0.000115684 0)
(0.00625491 1.47777e-05 0)
(0.00509957 8.2751e-05 0)
(0.0032814 0.00010058 0)
(0.00152261 8.78492e-05 0)
(0.00020889 6.17369e-05 0)
(-0.000594692 3.3525e-05 0)
(-0.000957603 1.1359e-05 0)
(-0.000994385 -3.42422e-06 0)
(-0.000848161 -1.10928e-05 0)
(-0.000650266 -1.27248e-05 0)
(-0.000470926 -1.14557e-05 0)
(-0.000325276 -9.22848e-06 0)
(-0.00021658 -7.0358e-06 0)
(-0.000140576 -5.2429e-06 0)
(-8.94732e-05 -3.89829e-06 0)
(-5.60389e-05 -2.93335e-06 0)
(-3.46017e-05 -2.2548e-06 0)
(-2.10675e-05 -1.77963e-06 0)
(-1.26304e-05 -1.44399e-06 0)
(-7.425e-06 -1.20246e-06 0)
(-4.24176e-06 -1.02406e-06 0)
(-2.3099e-06 -8.88326e-07 0)
(-1.14455e-06 -7.81861e-07 0)
(-4.46478e-07 -6.97061e-07 0)
(-2.62258e-08 -6.24334e-07 0)
(1.84077e-07 -5.99542e-07 0)
(0.141226 0.00212115 0)
(0.129273 0.0021819 0)
(0.115878 0.0025333 0)
(0.0993645 0.0032426 0)
(0.0778736 0.00421943 0)
(0.0504359 0.00523898 0)
(0.0178882 0.00601611 0)
(-0.0178969 0.00622237 0)
(-0.0534673 0.00581734 0)
(-0.084433 0.00475291 0)
(-0.107674 0.00321072 0)
(-0.121218 0.00148563 0)
(-0.124934 -0.000100017 0)
(-0.12048 -0.00127404 0)
(-0.110786 -0.0018943 0)
(-0.0991322 -0.0019753 0)
(-0.0883001 -0.00166936 0)
(-0.0799 -0.00120942 0)
(-0.0740963 -0.000833527 0)
(-0.0698248 -0.000708292 0)
(-0.0653825 -0.00090233 0)
(-0.0588349 -0.00136325 0)
(-0.0492186 -0.00196977 0)
(-0.0362121 -0.00254517 0)
(-0.0200078 -0.00297098 0)
(-0.00199639 -0.00318134 0)
(0.0165548 -0.00317696 0)
(0.0345694 -0.0030177 0)
(0.0513047 -0.00276824 0)
(0.0664071 -0.00246688 0)
(0.079612 -0.00210292 0)
(0.0904255 -0.00161733 0)
(0.0979426 -0.000938613 0)
(0.100939 -2.62418e-05 0)
(0.0978832 0.00109254 0)
(0.0877984 0.00230268 0)
(0.070754 0.00342878 0)
(0.0478108 0.00423182 0)
(0.0215643 0.00452426 0)
(-0.00448027 0.00420042 0)
(-0.0267068 0.00327818 0)
(-0.0420438 0.00194328 0)
(-0.0487983 0.000477295 0)
(-0.0471911 -0.000834159 0)
(-0.0384882 -0.00171035 0)
(-0.0267153 -0.00209208 0)
(-0.0147604 -0.00195098 0)
(-0.00435076 -0.00149839 0)
(0.00239094 -0.000889143 0)
(0.00581186 -0.000343719 0)
(0.00628174 4.84929e-05 0)
(0.00511447 0.000252344 0)
(0.0032869 0.000305707 0)
(0.00152218 0.000267383 0)
(0.000205437 0.000188854 0)
(-0.000598943 0.000104211 0)
(-0.000961348 3.77394e-05 0)
(-0.00099717 -5.27531e-06 0)
(-0.000849803 -2.61166e-05 0)
(-0.000651004 -3.07394e-05 0)
(-0.000471238 -2.71836e-05 0)
(-0.000325479 -2.08414e-05 0)
(-0.000216833 -1.4647e-05 0)
(-0.000140927 -9.67323e-06 0)
(-8.99198e-05 -6.05034e-06 0)
(-5.65623e-05 -3.56264e-06 0)
(-3.51815e-05 -1.92388e-06 0)
(-2.16869e-05 -8.80444e-07 0)
(-1.32767e-05 -2.37668e-07 0)
(-8.08947e-06 1.43387e-07 0)
(-4.91843e-06 3.57679e-07 0)
(-2.99486e-06 4.68164e-07 0)
(-1.83538e-06 5.15738e-07 0)
(-1.1412e-06 5.27019e-07 0)
(-7.27864e-07 5.17817e-07 0)
(-4.76623e-07 5.08694e-07 0)
(0.141221 0.00353402 0)
(0.129301 0.00363218 0)
(0.11596 0.00421665 0)
(0.0994986 0.00540021 0)
(0.0780345 0.00703168 0)
(0.050582 0.00873524 0)
(0.01797 0.0100344 0)
(-0.0179098 0.0103806 0)
(-0.0535824 0.00970543 0)
(-0.0846395 0.00792869 0)
(-0.107934 0.00535398 0)
(-0.121481 0.00247393 0)
(-0.125152 -0.000172844 0)
(-0.12062 -0.00213162 0)
(-0.110838 -0.00316519 0)
(-0.0991097 -0.00329795 0)
(-0.0882349 -0.00278459 0)
(-0.0798303 -0.00201448 0)
(-0.0740548 -0.00138536 0)
(-0.0698302 -0.00117561 0)
(-0.0654357 -0.00149989 0)
(-0.0589213 -0.00226992 0)
(-0.0493139 -0.00328345 0)
(-0.0362923 -0.00424417 0)
(-0.0200583 -0.00495486 0)
(-0.00201249 -0.00530535 0)
(0.0165675 -0.00529727 0)
(0.0346004 -0.00503089 0)
(0.0513451 -0.00461459 0)
(0.0664547 -0.0041125 0)
(0.0796727 -0.00350677 0)
(0.0905107 -0.00269852 0)
(0.0980624 -0.00156806 0)
(0.101096 -4.72087e-05 0)
(0.0980673 0.00181897 0)
(0.0879869 0.00383885 0)
(0.0709145 0.00571912 0)
(0.0479091 0.00706044 0)
(0.0215765 0.00754976 0)
(-0.00456323 0.00700873 0)
(-0.0268715 0.00546979 0)
(-0.0422563 0.00324097 0)
(-0.0490164 0.00079332 0)
(-0.0473716 -0.00139592 0)
(-0.0386026 -0.00285812 0)
(-0.0267533 -0.00349502 0)
(-0.0147313 -0.00325807 0)
(-0.00427966 -0.00250212 0)
(0.00247692 -0.00148285 0)
(0.00588814 -0.000572887 0)
(0.00633666 8.12136e-05 0)
(0.00514554 0.000420808 0)
(0.00329923 0.000509189 0)
(0.0015227 0.000444585 0)
(0.000199989 0.000313206 0)
(-0.000605926 0.000171773 0)
(-0.000967141 6.07016e-05 0)
(-0.00100078 -1.15318e-05 0)
(-0.000851244 -4.62684e-05 0)
(-0.000650912 -5.42987e-05 0)
(-0.000470363 -4.8336e-05 0)
(-0.000324403 -3.76968e-05 0)
(-0.000215865 -2.73103e-05 0)
(-0.000140157 -1.89496e-05 0)
(-8.93412e-05 -1.2825e-05 0)
(-5.61356e-05 -8.57564e-06 0)
(-3.48649e-05 -5.72661e-06 0)
(-2.14456e-05 -3.85872e-06 0)
(-1.30848e-05 -2.65127e-06 0)
(-7.92879e-06 -1.87651e-06 0)
(-4.77674e-06 -1.3797e-06 0)
(-2.8641e-06 -1.05901e-06 0)
(-1.71018e-06 -8.48817e-07 0)
(-1.01866e-06 -7.08521e-07 0)
(-6.00761e-07 -6.10074e-07 0)
(-3.49778e-07 -5.54674e-07 0)
(0.141213 0.00494506 0)
(0.129342 0.00507594 0)
(0.116082 0.00589168 0)
(0.0997002 0.00755162 0)
(0.0782764 0.00984285 0)
(0.0508019 0.0122369 0)
(0.0180932 0.014064 0)
(-0.017929 0.0145538 0)
(-0.0537554 0.0136083 0)
(-0.0849499 0.0111152 0)
(-0.108324 0.00750138 0)
(-0.121875 0.00345907 0)
(-0.125479 -0.000254865 0)
(-0.12083 -0.00300153 0)
(-0.110915 -0.00444809 0)
(-0.0990755 -0.00462921 0)
(-0.0881365 -0.00390323 0)
(-0.0797252 -0.00281763 0)
(-0.0739923 -0.00193131 0)
(-0.0698383 -0.00163552 0)
(-0.0655158 -0.00209135 0)
(-0.0590513 -0.00317325 0)
(-0.0494573 -0.00459778 0)
(-0.0364128 -0.00594642 0)
(-0.0201342 -0.00694346 0)
(-0.00203656 -0.0074339 0)
(0.0165869 -0.00742093 0)
(0.0346469 -0.00704598 0)
(0.0514057 -0.00646199 0)
(0.0665259 -0.00575943 0)
(0.0797636 -0.00491322 0)
(0.0906383 -0.00378384 0)
(0.0982421 -0.00220268 0)
(0.101332 -7.30132e-05 0)
(0.0983437 0.00254266 0)
(0.0882701 0.00537648 0)
(0.0711558 0.00801576 0)
(0.0480571 0.00989963 0)
(0.0215947 0.0105887 0)
(-0.00468793 0.00982944 0)
(-0.027119 0.00767106 0)
(-0.0425756 0.00454324 0)
(-0.0493444 0.00110802 0)
(-0.0476428 -0.00196419 0)
(-0.0387745 -0.00401485 0)
(-0.0268104 -0.00490757 0)
(-0.0146876 -0.00457166 0)
(-0.00417263 -0.00350929 0)
(0.00260622 -0.0020742 0)
(0.00600253 -0.000797816 0)
(0.00641893 0.000119248 0)
(0.00519197 0.000594561 0)
(0.00331749 0.000717206 0)
(0.00152322 0.00062542 0)
(0.000191571 0.000440411 0)
(-0.000616655 0.000241896 0)
(-0.000976247 8.61227e-05 0)
(-0.0010068 -1.50035e-05 0)
(-0.000853884 -6.40019e-05 0)
(-0.000651019 -7.5338e-05 0)
(-0.000469192 -6.66537e-05 0)
(-0.000322914 -5.15394e-05 0)
(-0.000214531 -3.68483e-05 0)
(-0.000139117 -2.5044e-05 0)
(-8.85833e-05 -1.64074e-05 0)
(-5.56035e-05 -1.04254e-05 0)
(-3.44973e-05 -6.42829e-06 0)
(-2.11919e-05 -3.82578e-06 0)
(-1.29077e-05 -2.16564e-06 0)
(-7.80239e-06 -1.1256e-06 0)
(-4.6837e-06 -4.85522e-07 0)
(-2.79317e-06 -9.94067e-08 0)
(-1.65449e-06 1.27823e-07 0)
(-9.73197e-07 2.56785e-07 0)
(-5.69652e-07 3.26325e-07 0)
(-3.29436e-07 3.59294e-07 0)
(0.141201 0.00635355 0)
(0.129396 0.00651053 0)
(0.116246 0.00755499 0)
(0.0999698 0.00969427 0)
(0.0786004 0.0126525 0)
(0.0510965 0.0157461 0)
(0.0182586 0.0181094 0)
(-0.0179541 0.0187483 0)
(-0.0539864 0.0175321 0)
(-0.0853649 0.0143168 0)
(-0.108845 0.00965461 0)
(-0.122403 0.00443975 0)
(-0.125916 -0.000349821 0)
(-0.12111 -0.00388877 0)
(-0.111018 -0.0057479 0)
(-0.0990289 -0.00597261 0)
(-0.088004 -0.0050267 0)
(-0.0795841 -0.00361811 0)
(-0.0739083 -0.00246901 0)
(-0.0698491 -0.00208508 0)
(-0.065623 -0.00267428 0)
(-0.0592254 -0.00407192 0)
(-0.0496491 -0.00591309 0)
(-0.0365741 -0.00765329 0)
(-0.0202355 -0.00893879 0)
(-0.00206835 -0.0095689 0)
(0.0166129 -0.00954939 0)
(0.0347093 -0.00906383 0)
(0.0514866 -0.00831098 0)
(0.0666207 -0.00740833 0)
(0.0798844 -0.00632346 0)
(0.0908081 -0.00487519 0)
(0.0984815 -0.00284488 0)
(0.101646 -0.000103854 0)
(0.0987129 0.00326248 0)
(0.0886488 0.00691616 0)
(0.0714785 0.0103214 0)
(0.0482551 0.0127539 0)
(0.0216193 0.0136455 0)
(-0.00485457 0.0126682 0)
(-0.0274498 0.00988541 0)
(-0.0430029 0.00585065 0)
(-0.0497829 0.00141882 0)
(-0.0480054 -0.00254325 0)
(-0.0390043 -0.00518624 0)
(-0.0268864 -0.0063361 0)
(-0.0146288 -0.00589732 0)
(-0.00402908 -0.00452474 0)
(0.00277933 -0.00266596 0)
(0.00615536 -0.00102103 0)
(0.00652873 0.000160302 0)
(0.00525375 0.000770984 0)
(0.00334162 0.0009267 0)
(0.00152371 0.000806251 0)
(0.000180216 0.000566483 0)
(-0.000630995 0.000310143 0)
(-0.000988218 0.000109129 0)
(-0.0010145 -2.08952e-05 0)
(-0.000857205 -8.3363e-05 0)
(-0.000651102 -9.75436e-05 0)
(-0.000467631 -8.6142e-05 0)
(-0.000320966 -6.66519e-05 0)
(-0.00021281 -4.78227e-05 0)
(-0.000137801 -3.27603e-05 0)
(-8.76557e-05 -2.1785e-05 0)
(-5.49851e-05 -1.42129e-05 0)
(-3.4104e-05 -9.17192e-06 0)
(-2.09541e-05 -5.89939e-06 0)
(-1.27735e-05 -3.81415e-06 0)
(-7.73506e-06 -2.50407e-06 0)
(-4.65841e-06 -1.68933e-06 0)
(-2.79337e-06 -1.18589e-06 0)
(-1.6691e-06 -8.75289e-07 0)
(-9.9576e-07 -6.83191e-07 0)
(-5.88928e-07 -5.62135e-07 0)
(-3.45752e-07 -4.88528e-07 0)
(0.141185 0.00775873 0)
(0.129463 0.0079332 0)
(0.116451 0.00920311 0)
(0.100308 0.0118256 0)
(0.0790074 0.0154601 0)
(0.051467 0.0192651 0)
(0.0184672 0.022175 0)
(-0.0179849 0.0229703 0)
(-0.054276 0.0214827 0)
(-0.0858857 0.017538 0)
(-0.1095 0.0118154 0)
(-0.123065 0.00541464 0)
(-0.126465 -0.000461472 0)
(-0.12146 -0.0047984 0)
(-0.111145 -0.00706953 0)
(-0.098969 -0.00733167 0)
(-0.0878366 -0.00615637 0)
(-0.0794059 -0.00441512 0)
(-0.0738023 -0.002996 0)
(-0.0698627 -0.00252126 0)
(-0.0657578 -0.0032462 0)
(-0.0594443 -0.00496456 0)
(-0.0498902 -0.0072297 0)
(-0.0367763 -0.00936612 0)
(-0.0203624 -0.0109428 0)
(-0.00210797 -0.0117123 0)
(0.016646 -0.011684 0)
(0.0347876 -0.0110852 0)
(0.0515878 -0.010162 0)
(0.0667389 -0.00905967 0)
(0.0800348 -0.00773852 0)
(0.0910198 -0.00597422 0)
(0.0987808 -0.0034967 0)
(0.10204 -0.000145794 0)
(0.0991752 0.00397713 0)
(0.0891238 0.00845847 0)
(0.0718837 0.0126387 0)
(0.0485039 0.0156276 0)
(0.0216504 0.0167269 0)
(-0.00506339 0.0155292 0)
(-0.0278648 0.012117 0)
(-0.0435388 0.00716559 0)
(-0.0503331 0.0017258 0)
(-0.0484601 -0.00313536 0)
(-0.0392922 -0.00637536 0)
(-0.0269811 -0.00778376 0)
(-0.0145544 -0.0072366 0)
(-0.00384821 -0.00554891 0)
(0.00299701 -0.00325537 0)
(0.00634687 -0.00123893 0)
(0.00666616 0.000208192 0)
(0.0053309 0.000954085 0)
(0.00337153 0.00114148 0)
(0.00152408 0.000990622 0)
(0.000165844 0.000694761 0)
(-0.000649068 0.000379942 0)
(-0.00100341 0.000133306 0)
(-0.00102436 -2.61515e-05 0)
(-0.000861435 -0.000102772 0)
(-0.000651189 -0.000119839 0)
(-0.000465646 -0.0001055 0)
(-0.000318496 -8.13785e-05 0)
(-0.000210624 -5.82004e-05 0)
(-0.000136114 -3.9689e-05 0)
(-8.64448e-05 -2.61943e-05 0)
(-5.41493e-05 -1.6863e-05 0)
(-3.35388e-05 -1.06265e-05 0)
(-2.05742e-05 -6.55665e-06 0)
(-1.25163e-05 -3.94733e-06 0)
(-7.5574e-06 -2.29775e-06 0)
(-4.53171e-06 -1.26703e-06 0)
(-2.69931e-06 -6.29786e-07 0)
(-1.59653e-06 -2.39705e-07 0)
(-9.37089e-07 -4.20838e-09 0)
(-5.47206e-07 1.36949e-07 0)
(-3.14818e-07 2.12686e-07 0)
(0.141162 0.00915988 0)
(0.129541 0.00934116 0)
(0.116696 0.0108325 0)
(0.100716 0.0139429 0)
(0.079499 0.0182652 0)
(0.0519149 0.0227961 0)
(0.0187201 0.0262648 0)
(-0.0180209 0.0272267 0)
(-0.0546246 0.0254663 0)
(-0.0865135 0.020783 0)
(-0.110289 0.0139853 0)
(-0.123864 0.00638239 0)
(-0.127125 -0.000593644 0)
(-0.121882 -0.00573557 0)
(-0.111297 -0.008418 0)
(-0.0988949 -0.00870995 0)
(-0.0876328 -0.00729363 0)
(-0.0791897 -0.0052078 0)
(-0.0736736 -0.00350971 0)
(-0.0698788 -0.00294102 0)
(-0.0659207 -0.00380454 0)
(-0.0597088 -0.00584978 0)
(-0.0501812 -0.00854796 0)
(-0.0370201 -0.0110863 0)
(-0.0205149 -0.0129573 0)
(-0.0021551 -0.013866 0)
(0.0166864 -0.0138261 0)
(0.0348823 -0.0131108 0)
(0.0517094 -0.0120153 0)
(0.0668802 -0.010714 0)
(0.0802145 -0.00915947 0)
(0.0912731 -0.0070827 0)
(0.0991395 -0.00416046 0)
(0.102513 -0.000201267 0)
(0.099732 0.00468538 0)
(0.0896962 0.0100039 0)
(0.0723724 0.0149702 0)
(0.0488045 0.0185252 0)
(0.0216884 0.0198377 0)
(-0.00531489 0.0184181 0)
(-0.0283648 0.0143695 0)
(-0.044185 0.00848917 0)
(-0.0509963 0.00202779 0)
(-0.0490079 -0.00374399 0)
(-0.0396388 -0.00758693 0)
(-0.0270946 -0.00925583 0)
(-0.0144639 -0.00859386 0)
(-0.00362909 -0.00658554 0)
(0.00326007 -0.00384341 0)
(0.00657738 -0.00145258 0)
(0.00683132 0.000262505 0)
(0.00542325 0.00114315 0)
(0.003407 0.00136029 0)
(0.00152408 0.0011768 0)
(0.000148323 0.000823024 0)
(-0.000670855 0.000448692 0)
(-0.00102156 0.000155822 0)
(-0.00103604 -3.27134e-05 0)
(-0.000866428 -0.000122966 0)
(-0.00065123 -0.000142604 0)
(-0.000463216 -0.000125043 0)
(-0.000315513 -9.61888e-05 0)
(-0.000208003 -6.86856e-05 0)
(-0.00013411 -4.68292e-05 0)
(-8.50239e-05 -3.09627e-05 0)
(-5.31902e-05 -2.00378e-05 0)
(-3.29157e-05 -1.27754e-05 0)
(-2.0184e-05 -8.06921e-06 0)
(-1.22824e-05 -5.07889e-06 0)
(-7.42603e-06 -3.20919e-06 0)
(-4.46609e-06 -2.05598e-06 0)
(-2.67491e-06 -1.35318e-06 0)
(-1.59697e-06 -9.29153e-07 0)
(-9.5233e-07 -6.755e-07 0)
(-5.6392e-07 -5.24516e-07 0)
(-3.32593e-07 -4.32408e-07 0)
(0.141131 0.0105563 0)
(0.12963 0.0107315 0)
(0.116983 0.0124393 0)
(0.101195 0.0160434 0)
(0.0800769 0.0210671 0)
(0.052442 0.0263413 0)
(0.0190189 0.0303839 0)
(-0.0180614 0.0315235 0)
(-0.055033 0.0294893 0)
(-0.0872498 0.0240566 0)
(-0.111216 0.0161663 0)
(-0.1248 0.00734161 0)
(-0.127899 -0.000750233 0)
(-0.122374 -0.00670552 0)
(-0.111474 -0.00979838 0)
(-0.0988051 -0.0101111 0)
(-0.0873911 -0.00843986 0)
(-0.0789339 -0.00599528 0)
(-0.0735215 -0.00400752 0)
(-0.0698977 -0.00334124 0)
(-0.0661122 -0.0043467 0)
(-0.0600199 -0.00672614 0)
(-0.0505233 -0.00986824 0)
(-0.037306 -0.0128153 0)
(-0.0206933 -0.0149845 0)
(-0.00220953 -0.016032 0)
(0.0167347 -0.0159771 0)
(0.0349937 -0.0151414 0)
(0.0518515 -0.0138713 0)
(0.0670446 -0.0123717 0)
(0.080423 -0.0105874 0)
(0.0915675 -0.00820236 0)
(0.0995575 -0.00483826 0)
(0.103065 -0.000263965 0)
(0.100384 0.00538585 0)
(0.0903676 0.0115531 0)
(0.072946 0.0173186 0)
(0.0491577 0.0214511 0)
(0.0217336 0.0229833 0)
(-0.00560939 0.0213405 0)
(-0.0289512 0.0166471 0)
(-0.0449429 0.00982345 0)
(-0.0517742 0.00232384 0)
(-0.04965 -0.00437203 0)
(-0.0400447 -0.00882488 0)
(-0.0272265 -0.0107564 0)
(-0.0143567 -0.00997154 0)
(-0.00337051 -0.00763297 0)
(0.0035696 -0.00443132 0)
(0.00684719 -0.00165938 0)
(0.00702438 0.000325874 0)
(0.00553077 0.00134089 0)
(0.00344783 0.00158569 0)
(0.00152353 0.00136698 0)
(0.000127494 0.000953258 0)
(-0.000696535 0.000518333 0)
(-0.00104294 0.000178502 0)
(-0.00104976 -3.97513e-05 0)
(-0.000872228 -0.000143835 0)
(-0.000651205 -0.000165834 0)
(-0.000460317 -0.000144761 0)
(-0.000311999 -0.00011099 0)
(-0.000204932 -7.90715e-05 0)
(-0.000131765 -5.38068e-05 0)
(-8.33558e-05 -3.54979e-05 0)
(-5.20523e-05 -2.28913e-05 0)
(-3.21588e-05 -1.44968e-05 0)
(-1.96868e-05 -9.03494e-06 0)
(-1.19559e-05 -5.5398e-06 0)
(-7.20886e-06 -3.33117e-06 0)
(-4.31771e-06 -1.94889e-06 0)
(-2.56939e-06 -1.09002e-06 0)
(-1.51839e-06 -5.58903e-07 0)
(-8.90433e-07 -2.32415e-07 0)
(-5.19177e-07 -3.10236e-08 0)
(-2.97873e-07 8.27781e-08 0)
(0.14109 0.0119471 0)
(0.129728 0.0121011 0)
(0.117311 0.0140199 0)
(0.101745 0.0181242 0)
(0.0807431 0.0238654 0)
(0.0530505 0.0299029 0)
(0.0193653 0.0345381 0)
(-0.0181059 0.0358665 0)
(-0.0555018 0.033558 0)
(-0.0880966 0.0273633 0)
(-0.112281 0.0183599 0)
(-0.125876 0.00829085 0)
(-0.128788 -0.000935228 0)
(-0.122939 -0.00771361 0)
(-0.111673 -0.0112159 0)
(-0.0986983 -0.0115388 0)
(-0.0871096 -0.00959646 0)
(-0.078637 -0.00677662 0)
(-0.0733451 -0.00448666 0)
(-0.0699193 -0.00371877 0)
(-0.0663332 -0.00487001 0)
(-0.0603789 -0.00759219 0)
(-0.0509174 -0.011191 0)
(-0.0376347 -0.0145545 0)
(-0.0208978 -0.0170264 0)
(-0.00227098 -0.0182122 0)
(0.0167913 -0.0181385 0)
(0.0351222 -0.0171776 0)
(0.0520143 -0.0157304 0)
(0.0672316 -0.0140333 0)
(0.0806597 -0.0120232 0)
(0.0919025 -0.00933498 0)
(0.100035 -0.0055325 0)
(0.103698 -0.000346273 0)
(0.101131 0.00607736 0)
(0.0911393 0.0131065 0)
(0.0736062 0.0196863 0)
(0.049565 0.0244097 0)
(0.0217864 0.0261698 0)
(-0.00594756 0.024301 0)
(-0.0296251 0.0189536 0)
(-0.0458147 0.0111697 0)
(-0.0526686 0.00261209 0)
(-0.0503878 -0.00502268 0)
(-0.0405107 -0.0100935 0)
(-0.0273767 -0.0122904 0)
(-0.0142314 -0.0113734 0)
(-0.00307146 -0.0086904 0)
(0.0039265 -0.00502335 0)
(0.00715704 -0.00185982 0)
(0.00724543 0.000398777 0)
(0.00565326 0.00154751 0)
(0.00349373 0.00181726 0)
(0.00152213 0.00156036 0)
(0.000103193 0.00108423 0)
(-0.000726109 0.000587435 0)
(-0.00106741 0.000199947 0)
(-0.00106539 -4.78646e-05 0)
(-0.000878782 -0.000165579 0)
(-0.000651075 -0.000189626 0)
(-0.000456918 -0.000164679 0)
(-0.000307939 -0.000125787 0)
(-0.00020141 -8.93833e-05 0)
(-0.000129086 -6.07151e-05 0)
(-8.14593e-05 -4.0013e-05 0)
(-5.07688e-05 -2.58059e-05 0)
(-3.13181e-05 -1.63801e-05 0)
(-1.91513e-05 -1.02745e-05 0)
(-1.16248e-05 -6.3937e-06 0)
(-7.012e-06 -3.96666e-06 0)
(-4.20768e-06 -2.47036e-06 0)
(-2.51464e-06 -1.56042e-06 0)
(-1.49808e-06 -1.01449e-06 0)
(-8.91464e-07 -6.91667e-07 0)
(-5.27577e-07 -5.03844e-07 0)
(-3.11552e-07 -3.9117e-07 0)
(0.141038 0.0133318 0)
(0.129834 0.0134469 0)
(0.11768 0.0155701 0)
(0.102369 0.0201824 0)
(0.0815 0.0266593 0)
(0.0537428 0.0334832 0)
(0.0197613 0.0387279 0)
(-0.0181536 0.0402668 0)
(-0.056032 0.0376789 0)
(-0.0890559 0.0307079 0)
(-0.113488 0.0205681 0)
(-0.127096 0.0092286 0)
(-0.129794 -0.00115272 0)
(-0.123576 -0.00876534 0)
(-0.111895 -0.0126758 0)
(-0.0985726 -0.0129967 0)
(-0.0867863 -0.0107648 0)
(-0.0782971 -0.00755082 0)
(-0.0731433 -0.00494426 0)
(-0.0699435 -0.00407038 0)
(-0.0665845 -0.00537171 0)
(-0.060787 -0.0084464 0)
(-0.0513651 -0.0125166 0)
(-0.038007 -0.0163054 0)
(-0.0211287 -0.0190853 0)
(-0.00233912 -0.0204086 0)
(0.0168568 -0.0203115 0)
(0.0352682 -0.0192203 0)
(0.0521977 -0.0175928 0)
(0.0674409 -0.0156991 0)
(0.0809241 -0.0134681 0)
(0.0922774 -0.0104824 0)
(0.100571 -0.00624546 0)
(0.104411 -0.000444811 0)
(0.101977 0.00675827 0)
(0.0920133 0.0146645 0)
(0.0743548 0.0220763 0)
(0.0500277 0.0274059 0)
(0.0218473 0.0294023 0)
(-0.0063299 0.0273063 0)
(-0.0303883 0.0212933 0)
(-0.0468023 0.0125303 0)
(-0.0536819 0.00289307 0)
(-0.0512227 -0.00569932 0)
(-0.0410374 -0.0113975 0)
(-0.0275449 -0.0138627 0)
(-0.014087 -0.0128025 0)
(-0.00273078 -0.00975905 0)
(0.00433173 -0.00561843 0)
(0.00750783 -0.0020514 0)
(0.00749478 0.000483504 0)
(0.00579061 0.00176529 0)
(0.00354441 0.00205711 0)
(0.00151961 0.00175854 0)
(7.51959e-05 0.00121716 0)
(-0.000759766 0.000656959 0)
(-0.00109515 0.000220845 0)
(-0.00108301 -5.69849e-05 0)
(-0.000886078 -0.00018829 0)
(-0.000650799 -0.000214048 0)
(-0.000452985 -0.00018482 0)
(-0.000303318 -0.000140574 0)
(-0.000197429 -9.96023e-05 0)
(-0.000126073 -6.75191e-05 0)
(-7.93308e-05 -4.44314e-05 0)
(-4.93274e-05 -2.86159e-05 0)
(-3.0368e-05 -1.81245e-05 0)
(-1.85354e-05 -1.13187e-05 0)
(-1.12286e-05 -6.97805e-06 0)
(-6.7565e-06 -4.2448e-06 0)
(-4.04027e-06 -2.53932e-06 0)
(-2.40152e-06 -1.48164e-06 0)
(-1.41822e-06 -8.27661e-07 0)
(-8.31553e-07 -4.24115e-07 0)
(-4.84529e-07 -1.73369e-07 0)
(-2.77845e-07 -2.70975e-08 0)
(0.140971 0.0147097 0)
(0.129947 0.0147654 0)
(0.11809 0.0170858 0)
(0.103069 0.0222148 0)
(0.0823503 0.0294481 0)
(0.0545215 0.0370847 0)
(0.0202096 0.0429567 0)
(-0.0182033 0.0447331 0)
(-0.0566249 0.0418588 0)
(-0.0901303 0.0340952 0)
(-0.11484 0.0227926 0)
(-0.128461 0.0101533 0)
(-0.130919 -0.00140694 0)
(-0.124285 -0.00986638 0)
(-0.112138 -0.0141837 0)
(-0.098426 -0.0144889 0)
(-0.0864186 -0.0119464 0)
(-0.077912 -0.00831682 0)
(-0.0729149 -0.00537744 0)
(-0.0699705 -0.00439277 0)
(-0.066867 -0.00584891 0)
(-0.0612461 -0.00928719 0)
(-0.0518678 -0.0138457 0)
(-0.0384237 -0.0180696 0)
(-0.0213861 -0.0211634 0)
(-0.00241358 -0.0226234 0)
(0.0169319 -0.0224977 0)
(0.0354325 -0.0212699 0)
(0.052402 -0.0194587 0)
(0.0676721 -0.0173694 0)
(0.0812153 -0.0149229 0)
(0.0926916 -0.0116463 0)
(0.101166 -0.00697946 0)
(0.105204 -0.000560142 0)
(0.102921 0.00742657 0)
(0.0929918 0.0162275 0)
(0.075194 0.0244908 0)
(0.0505474 0.0304437 0)
(0.0219169 0.0326866 0)
(-0.00675718 0.0303609 0)
(-0.0312426 0.0236702 0)
(-0.0479084 0.0139062 0)
(-0.0548166 0.00316443 0)
(-0.052157 -0.00640486 0)
(-0.041626 -0.0127407 0)
(-0.0277309 -0.0154776 0)
(-0.0139217 -0.0142622 0)
(-0.00234703 -0.010842 0)
(0.0047866 -0.00621641 0)
(0.0079004 -0.00223441 0)
(0.00777249 0.000580607 0)
(0.00594262 0.00199462 0)
(0.0035995 0.00230494 0)
(0.00151557 0.00196102 0)
(4.32695e-05 0.00135129 0)
(-0.000797564 0.000726202 0)
(-0.00112612 0.000240592 0)
(-0.00110256 -6.73158e-05 0)
(-0.000894078 -0.000212101 0)
(-0.00065033 -0.000239179 0)
(-0.000448477 -0.000205205 0)
(-0.000298115 -0.000155345 0)
(-0.000192986 -0.000109715 0)
(-0.000122725 -7.42069e-05 0)
(-7.69738e-05 -4.87546e-05 0)
(-4.77356e-05 -3.13639e-05 0)
(-2.93237e-05 -1.98531e-05 0)
(-1.78661e-05 -1.24105e-05 0)
(-1.08092e-05 -7.68478e-06 0)
(-6.50021e-06 -4.7279e-06 0)
(-3.88908e-06 -2.90243e-06 0)
(-2.31728e-06 -1.79066e-06 0)
(-1.37615e-06 -1.12294e-06 0)
(-8.16022e-07 -7.28361e-07 0)
(-4.81799e-07 -4.9984e-07 0)
(-2.84003e-07 -3.65037e-07 0)
(0.140887 0.0160801 0)
(0.130064 0.0160529 0)
(0.118541 0.0185626 0)
(0.103845 0.024218 0)
(0.083297 0.0322311 0)
(0.0553894 0.0407098 0)
(0.0207128 0.047234 0)
(-0.0182539 0.0492678 0)
(-0.0572818 0.0461044 0)
(-0.0913223 0.0375301 0)
(-0.116341 0.0250353 0)
(-0.129976 0.0110632 0)
(-0.132165 -0.00170223 0)
(-0.125069 -0.0110226 0)
(-0.112403 -0.0157452 0)
(-0.0982563 -0.0160191 0)
(-0.086004 -0.0131426 0)
(-0.0774794 -0.00907348 0)
(-0.0726585 -0.00578345 0)
(-0.0700003 -0.00468255 0)
(-0.0671818 -0.00629863 0)
(-0.0617577 -0.0101129 0)
(-0.0524273 -0.0151789 0)
(-0.0388859 -0.0198488 0)
(-0.0216704 -0.023263 0)
(-0.00249393 -0.0248587 0)
(0.0170173 -0.0246985 0)
(0.0356156 -0.0233273 0)
(0.0526274 -0.0213284 0)
(0.0679249 -0.0190447 0)
(0.0815326 -0.0163888 0)
(0.0931444 -0.0128288 0)
(0.10182 -0.00773724 0)
(0.106079 -0.000704385 0)
(0.103965 0.00808153 0)
(0.094077 0.0177961 0)
(0.0761261 0.0269333 0)
(0.051126 0.0335294 0)
(0.0219957 0.0360303 0)
(-0.0072301 0.0334718 0)
(-0.0321899 0.0260894 0)
(-0.0491359 0.0153003 0)
(-0.0560753 0.00342492 0)
(-0.0531921 -0.00714355 0)
(-0.0422773 -0.014129 0)
(-0.0279343 -0.0171415 0)
(-0.0137343 -0.0157568 0)
(-0.00191865 -0.0119412 0)
(0.00529239 -0.00681577 0)
(0.00833573 -0.00240609 0)
(0.00807891 0.000692978 0)
(0.00610908 0.00223811 0)
(0.00365863 0.00256316 0)
(0.0015097 0.00216941 0)
(7.17476e-06 0.00148758 0)
(-0.000839674 0.000795564 0)
(-0.00116042 0.000259313 0)
(-0.00112407 -7.90385e-05 0)
(-0.000902752 -0.000237139 0)
(-0.000649614 -0.000265091 0)
(-0.000443352 -0.000225856 0)
(-0.000292309 -0.00017009 0)
(-0.000188074 -0.000119705 0)
(-0.000119044 -8.07647e-05 0)
(-7.43909e-05 -5.29704e-05 0)
(-4.59951e-05 -3.40318e-05 0)
(-2.81827e-05 -2.15192e-05 0)
(-1.71323e-05 -1.34331e-05 0)
(-1.03428e-05 -8.29133e-06 0)
(-6.20509e-06 -5.06246e-06 0)
(-3.7016e-06 -3.05506e-06 0)
(-2.19634e-06 -1.81517e-06 0)
(-1.29573e-06 -1.05147e-06 0)
(-7.59708e-07 -5.81323e-07 0)
(-4.42636e-07 -2.89636e-07 0)
(-2.54164e-07 -1.16149e-07 0)
(0.140782 0.0174425 0)
(0.130183 0.0173056 0)
(0.119034 0.0199958 0)
(0.1047 0.0261887 0)
(0.0843435 0.0350072 0)
(0.0563503 0.0443611 0)
(0.0212738 0.0515664 0)
(-0.0183042 0.0538779 0)
(-0.0580041 0.050423 0)
(-0.0926351 0.0410181 0)
(-0.117995 0.0272982 0)
(-0.131644 0.0119568 0)
(-0.133534 -0.00204297 0)
(-0.125926 -0.0122399 0)
(-0.112686 -0.0173659 0)
(-0.098061 -0.0175914 0)
(-0.0855392 -0.0143547 0)
(-0.0769966 -0.00981958 0)
(-0.0723727 -0.00615941 0)
(-0.0700328 -0.00493629 0)
(-0.0675299 -0.0067177 0)
(-0.062324 -0.0109218 0)
(-0.0530456 -0.0165167 0)
(-0.0393947 -0.0216445 0)
(-0.021982 -0.0253862 0)
(-0.00257968 -0.0271167 0)
(0.017114 -0.0269151 0)
(0.0358182 -0.0253928 0)
(0.052874 -0.0232017 0)
(0.0681987 -0.0207249 0)
(0.0818751 -0.0178664 0)
(0.0936347 -0.0140313 0)
(0.102532 -0.0085206 0)
(0.107036 -0.000863772 0)
(0.105111 0.00872025 0)
(0.0952716 0.0193702 0)
(0.0771539 0.0294048 0)
(0.0517655 0.0366646 0)
(0.0220846 0.0394357 0)
(-0.00774966 0.0366417 0)
(-0.0332326 0.0285529 0)
(-0.0504878 0.0167128 0)
(-0.0574614 0.00367487 0)
(-0.0543309 -0.00791734 0)
(-0.0429927 -0.0155648 0)
(-0.0281548 -0.018857 0)
(-0.0135226 -0.017288 0)
(-0.00144353 -0.0130581 0)
(0.00585101 -0.007417 0)
(0.0088148 -0.00256705 0)
(0.00841405 0.000820533 0)
(0.00628976 0.0024954 0)
(0.00372131 0.00283063 0)
(0.00150143 0.00238268 0)
(-3.34488e-05 0.00162529 0)
(-0.000886256 0.000864608 0)
(-0.0011981 0.000276763 0)
(-0.00114752 -9.21689e-05 0)
(-0.00091205 -0.000263498 0)
(-0.000648591 -0.000291864 0)
(-0.000437559 -0.000246789 0)
(-0.000285876 -0.0001848 0)
(-0.000182687 -0.000129557 0)
(-0.00011503 -8.71781e-05 0)
(-7.15854e-05 -5.70683e-05 0)
(-4.41092e-05 -3.6613e-05 0)
(-2.69487e-05 -2.31262e-05 0)
(-1.63409e-05 -1.44243e-05 0)
(-9.844e-06 -8.904e-06 0)
(-5.89646e-06 -5.45404e-06 0)
(-3.51466e-06 -3.32436e-06 0)
(-2.08626e-06 -2.02537e-06 0)
(-1.23388e-06 -1.24315e-06 0)
(-7.28181e-07 -7.79622e-07 0)
(-4.28163e-07 -5.10519e-07 0)
(-2.51181e-07 -3.53337e-07 0)
(0.140653 0.0187963 0)
(0.130303 0.0185186 0)
(0.119568 0.0213801 0)
(0.105637 0.028123 0)
(0.0854936 0.0377758 0)
(0.0574082 0.0480417 0)
(0.0218957 0.0559609 0)
(-0.0183532 0.0585719 0)
(-0.058793 0.0548232 0)
(-0.0940719 0.0445654 0)
(-0.119806 0.0295837 0)
(-0.133469 0.0128319 0)
(-0.135031 -0.00243523 0)
(-0.126859 -0.0135258 0)
(-0.112989 -0.019053 0)
(-0.0978373 -0.0192106 0)
(-0.085021 -0.0155845 0)
(-0.0764606 -0.0105536 0)
(-0.072056 -0.00650206 0)
(-0.070068 -0.0051499 0)
(-0.0679128 -0.00710255 0)
(-0.0629473 -0.0117116 0)
(-0.0537246 -0.01786 0)
(-0.0399513 -0.0234586 0)
(-0.0223211 -0.0275359 0)
(-0.00267028 -0.0293996 0)
(0.0172229 -0.0291488 0)
(0.0360412 -0.0274666 0)
(0.0531421 -0.0250782 0)
(0.0684929 -0.02241 0)
(0.0822416 -0.019357 0)
(0.0941616 -0.0152565 0)
(0.103302 -0.00933377 0)
(0.108075 -0.0010559 0)
(0.10636 0.00934153 0)
(0.0965784 0.0209518 0)
(0.0782801 0.0319136 0)
(0.0524681 0.039864 0)
(0.0221842 0.0429209 0)
(-0.00831649 0.0398874 0)
(-0.0343727 0.0310729 0)
(-0.0519675 0.0181492 0)
(-0.0589779 0.00391079 0)
(-0.0555752 -0.00873239 0)
(-0.0437733 -0.0170567 0)
(-0.0283921 -0.0206343 0)
(-0.0132853 -0.0188633 0)
(-0.00092005 -0.0141964 0)
(0.00646372 -0.00801915 0)
(0.00933868 -0.00271359 0)
(0.00877842 0.000967585 0)
(0.00648436 0.00277086 0)
(0.00378712 0.00311153 0)
(0.00149053 0.00260356 0)
(-7.87838e-05 0.00176577 0)
(-0.0009374 0.000933709 0)
(-0.0012392 0.00029274 0)
(-0.00117291 -0.000107129 0)
(-0.000921949 -0.00029147 0)
(-0.000647198 -0.000319573 0)
(-0.000431044 -0.00026802 0)
(-0.000278793 -0.000199457 0)
(-0.000176818 -0.000139249 0)
(-0.000110686 -9.34297e-05 0)
(-6.85607e-05 -6.10358e-05 0)
(-4.20815e-05 -3.9099e-05 0)
(-2.56243e-05 -2.46672e-05 0)
(-1.54925e-05 -1.53706e-05 0)
(-9.30853e-06 -9.47868e-06 0)
(-5.56175e-06 -5.79226e-06 0)
(-3.30626e-06 -3.50567e-06 0)
(-1.95637e-06 -2.09796e-06 0)
(-1.15209e-06 -1.23502e-06 0)
(-6.75233e-07 -7.06166e-07 0)
(-3.93484e-07 -3.79574e-07 0)
(-2.26573e-07 -1.83395e-07 0)
(0.140549 0.019707 0)
(0.130383 0.019315 0)
(0.119953 0.022287 0)
(0.106319 0.0294099 0)
(0.086333 0.0396451 0)
(0.0581815 0.0505511 0)
(0.0223532 0.058974 0)
(-0.0183848 0.0617999 0)
(-0.0593656 0.0578514 0)
(-0.0951167 0.0470028 0)
(-0.121124 0.0311445 0)
(-0.134797 0.0134127 0)
(-0.136118 -0.00273316 0)
(-0.127534 -0.0144394 0)
(-0.113203 -0.0202367 0)
(-0.0976685 -0.0203361 0)
(-0.084638 -0.0164278 0)
(-0.0760659 -0.0110426 0)
(-0.0718229 -0.00671315 0)
(-0.0700932 -0.00526947 0)
(-0.068192 -0.00734201 0)
(-0.0634028 -0.0122348 0)
(-0.0542202 -0.0187731 0)
(-0.0403558 -0.024699 0)
(-0.0225668 -0.0290085 0)
(-0.00273434 -0.0309615 0)
(0.0173038 -0.0306723 0)
(0.0362041 -0.028876 0)
(0.0533358 -0.0263509 0)
(0.0687034 -0.0235541 0)
(0.0825027 -0.0203746 0)
(0.0945381 -0.0161008 0)
(0.103854 -0.0099035 0)
(0.108824 -0.00120424 0)
(0.107265 0.00975137 0)
(0.0975285 0.0220261 0)
(0.0791011 0.033632 0)
(0.0529834 0.0420639 0)
(0.0222621 0.045322 0)
(-0.00872366 0.0421263 0)
(-0.0351991 0.0328096 0)
(-0.0530447 0.0191342 0)
(-0.0600851 0.00406088 0)
(-0.0564846 -0.009312 0)
(-0.0443449 -0.0181035 0)
(-0.0285653 -0.0218764 0)
(-0.0131089 -0.0199566 0)
(-0.000534757 -0.0149791 0)
(0.00691389 -0.0084263 0)
(0.00972258 -0.00280333 0)
(0.00904388 0.00107877 0)
(0.00662493 0.00296745 0)
(0.00383321 0.0033079 0)
(0.00148073 0.00275603 0)
(-0.00011307 0.00186143 0)
(-0.000975311 0.000979905 0)
(-0.00126939 0.000302537 0)
(-0.00119138 -0.000118326 0)
(-0.000928986 -0.000311249 0)
(-0.000645941 -0.000338785 0)
(-0.000426104 -0.000282534 0)
(-0.000273537 -0.00020935 0)
(-0.000172515 -0.000145731 0)
(-0.000107521 -9.75826e-05 0)
(-6.63673e-05 -6.36582e-05 0)
(-4.06153e-05 -4.07358e-05 0)
(-2.46686e-05 -2.56787e-05 0)
(-1.48812e-05 -1.59901e-05 0)
(-8.92335e-06 -9.85527e-06 0)
(-5.32209e-06 -6.02138e-06 0)
(-3.15897e-06 -3.65251e-06 0)
(-1.86706e-06 -2.20396e-06 0)
(-1.09882e-06 -1.32596e-06 0)
(-6.44301e-07 -7.98941e-07 0)
(-3.76154e-07 -4.85757e-07 0)
(-2.18088e-07 -3.01365e-07 0)
(0.14049 0.0201825 0)
(0.130424 0.0197232 0)
(0.120163 0.0227511 0)
(0.106691 0.0300751 0)
(0.0867922 0.0406207 0)
(0.0586051 0.0518689 0)
(0.0226046 0.060562 0)
(-0.0184008 0.0635041 0)
(-0.0596778 0.059451 0)
(-0.0956871 0.0482891 0)
(-0.121843 0.0319651 0)
(-0.135521 0.0137127 0)
(-0.13671 -0.00289892 0)
(-0.127901 -0.0149309 0)
(-0.113318 -0.0208692 0)
(-0.0975739 -0.0209344 0)
(-0.0844268 -0.0168726 0)
(-0.0758488 -0.011296 0)
(-0.071695 -0.00681667 0)
(-0.070107 -0.00532395 0)
(-0.068345 -0.00746005 0)
(-0.0636522 -0.0125045 0)
(-0.0544912 -0.0192522 0)
(-0.0405765 -0.0253518 0)
(-0.0227003 -0.0297848 0)
(-0.00276838 -0.0317844 0)
(0.0173489 -0.0314737 0)
(0.0362934 -0.0296159 0)
(0.0534412 -0.0270181 0)
(0.068817 -0.0241541 0)
(0.0826434 -0.0209097 0)
(0.0947415 -0.0165469 0)
(0.104154 -0.0102069 0)
(0.109232 -0.00128464 0)
(0.107758 0.00996159 0)
(0.0980478 0.0225885 0)
(0.0795501 0.0345362 0)
(0.0532647 0.0432245 0)
(0.0223027 0.0465904 0)
(-0.00894913 0.04331 0)
(-0.0356529 0.0337277 0)
(-0.0536331 0.0196539 0)
(-0.0606873 0.00413763 0)
(-0.0569777 -0.00962238 0)
(-0.0446535 -0.0186619 0)
(-0.028657 -0.0225389 0)
(-0.013011 -0.0205379 0)
(-0.000324501 -0.0153936 0)
(0.00715825 -0.00863995 0)
(0.00993036 -0.00284822 0)
(0.00918705 0.00114064 0)
(0.00670029 0.00307393 0)
(0.00385758 0.00341375 0)
(0.00147516 0.00283774 0)
(-0.00013166 0.00191253 0)
(-0.000995742 0.00100437 0)
(-0.00128563 0.00030743 0)
(-0.00120129 -0.000124531 0)
(-0.000932729 -0.000321951 0)
(-0.000645219 -0.000349085 0)
(-0.000423417 -0.000290202 0)
(-0.000270701 -0.000214507 0)
(-0.000170202 -0.000149077 0)
(-0.000105826 -9.97112e-05 0)
(-6.51937e-05 -6.49953e-05 0)
(-3.98316e-05 -4.15669e-05 0)
(-2.41582e-05 -2.61905e-05 0)
(-1.45549e-05 -1.63027e-05 0)
(-8.71783e-06 -1.00447e-05 0)
(-5.1942e-06 -6.1354e-06 0)
(-3.08016e-06 -3.7195e-06 0)
(-1.81879e-06 -2.23925e-06 0)
(-1.06932e-06 -1.33805e-06 0)
(-6.26178e-07 -7.92686e-07 0)
(-3.64904e-07 -4.63234e-07 0)
(-2.1069e-07 -2.66667e-07 0)
(0.140426 0.0206571 0)
(0.130464 0.0201254 0)
(0.120377 0.0232079 0)
(0.107074 0.0307347 0)
(0.0872655 0.041595 0)
(0.0590419 0.053191 0)
(0.0228644 0.0621592 0)
(-0.0184163 0.0652201 0)
(-0.0599987 0.0610622 0)
(-0.0962739 0.0495839 0)
(-0.122583 0.032789 0)
(-0.136267 0.0140099 0)
(-0.137319 -0.00307185 0)
(-0.128278 -0.0154321 0)
(-0.113435 -0.0215111 0)
(-0.0974749 -0.0215392 0)
(-0.0842079 -0.0173198 0)
(-0.0756243 -0.0115476 0)
(-0.0715626 -0.00691527 0)
(-0.0701211 -0.00537272 0)
(-0.0685026 -0.00757297 0)
(-0.0639095 -0.0127714 0)
(-0.0547704 -0.0197319 0)
(-0.0408036 -0.026007 0)
(-0.0228374 -0.0305645 0)
(-0.00280285 -0.0326104 0)
(0.0173957 -0.0322769 0)
(0.0363855 -0.0303565 0)
(0.0535493 -0.0276853 0)
(0.0689331 -0.0247543 0)
(0.0827867 -0.0214462 0)
(0.0949492 -0.0169957 0)
(0.104462 -0.0105142 0)
(0.10965 -0.00137373 0)
(0.108265 0.010169 0)
(0.0985812 0.0231513 0)
(0.0800114 0.0354441 0)
(0.0535539 0.0443918 0)
(0.0223452 0.0478676 0)
(-0.00917966 0.0445013 0)
(-0.0361184 0.0346518 0)
(-0.0542378 0.0201761 0)
(-0.0613067 0.00421291 0)
(-0.0574847 -0.00993771 0)
(-0.0449706 -0.0192265 0)
(-0.0287506 -0.0232078 0)
(-0.0129093 -0.0211235 0)
(-0.000107551 -0.0158099 0)
(0.00740996 -0.00885325 0)
(0.010144 -0.00289068 0)
(0.00933389 0.00120448 0)
(0.00677738 0.00318179 0)
(0.00388224 0.00351963 0)
(0.00146907 0.00291894 0)
(-0.000150993 0.00196274 0)
(-0.00101685 0.00102812 0)
(-0.00130233 0.000312 0)
(-0.00121144 -0.000130917 0)
(-0.000936533 -0.000332826 0)
(-0.000644431 -0.000359521 0)
(-0.000420624 -0.000297909 0)
(-0.000267777 -0.000219653 0)
(-0.000167828 -0.000152399 0)
(-0.000104089 -0.000101816 0)
(-6.39937e-05 -6.63136e-05 0)
(-3.90312e-05 -4.23844e-05 0)
(-2.36373e-05 -2.6693e-05 0)
(-1.42221e-05 -1.66091e-05 0)
(-8.50829e-06 -1.02302e-05 0)
(-5.06387e-06 -6.24693e-06 0)
(-2.99992e-06 -3.78625e-06 0)
(-1.76984e-06 -2.28049e-06 0)
(-1.03977e-06 -1.36722e-06 0)
(-6.08589e-07 -8.18364e-07 0)
(-3.5468e-07 -4.91047e-07 0)
(-2.05181e-07 -2.98268e-07 0)
(0.140358 0.0211312 0)
(0.130504 0.0205211 0)
(0.120597 0.0236569 0)
(0.107468 0.0313886 0)
(0.0877531 0.0425682 0)
(0.0594923 0.0545177 0)
(0.023133 0.0637665 0)
(-0.0184312 0.0669493 0)
(-0.0603284 0.0626864 0)
(-0.0968774 0.0508881 0)
(-0.123345 0.0336164 0)
(-0.137033 0.0143042 0)
(-0.137945 -0.00325261 0)
(-0.128664 -0.0159438 0)
(-0.113554 -0.022163 0)
(-0.0973714 -0.022151 0)
(-0.0839811 -0.0177695 0)
(-0.075392 -0.0117971 0)
(-0.0714259 -0.0070087 0)
(-0.0701356 -0.00541541 0)
(-0.0686651 -0.00768051 0)
(-0.0641747 -0.0130352 0)
(-0.0550581 -0.0202126 0)
(-0.041037 -0.0266648 0)
(-0.022978 -0.0313478 0)
(-0.00283773 -0.0334398 0)
(0.0174445 -0.0330822 0)
(0.0364804 -0.0310978 0)
(0.0536601 -0.0283524 0)
(0.0690515 -0.0253548 0)
(0.0829328 -0.0219844 0)
(0.0951612 -0.0174478 0)
(0.104776 -0.0108259 0)
(0.110079 -0.00146051 0)
(0.108786 0.0103736 0)
(0.0991297 0.0237157 0)
(0.080486 0.0363588 0)
(0.0538517 0.0455705 0)
(0.0223894 0.0491583 0)
(-0.00941621 0.0457067 0)
(-0.0365968 0.0355857 0)
(-0.0548597 0.0207021 0)
(-0.0619438 0.00428496 0)
(-0.058006 -0.0102594 0)
(-0.0452964 -0.0197996 0)
(-0.0288462 -0.023886 0)
(-0.0128036 -0.0217157 0)
(0.000116253 -0.0162295 0)
(0.00766911 -0.00906688 0)
(0.0103637 -0.00293171 0)
(0.00948439 0.00127167 0)
(0.00685598 0.00329321 0)
(0.00390704 0.00362923 0)
(0.00146253 0.00300298 0)
(-0.000170967 0.00201501 0)
(-0.00103851 0.00105293 0)
(-0.00131944 0.000316661 0)
(-0.00122182 -0.0001376 0)
(-0.000940393 -0.00034394 0)
(-0.000643573 -0.000370096 0)
(-0.000417721 -0.000305658 0)
(-0.000264762 -0.000224788 0)
(-0.000165392 -0.000155694 0)
(-0.000102312 -0.000103896 0)
(-6.27675e-05 -6.76125e-05 0)
(-3.82142e-05 -4.3188e-05 0)
(-2.3106e-05 -2.71859e-05 0)
(-1.38829e-05 -1.69091e-05 0)
(-8.29482e-06 -1.04115e-05 0)
(-4.93115e-06 -6.35582e-06 0)
(-2.91824e-06 -3.85102e-06 0)
(-1.72004e-06 -2.31788e-06 0)
(-1.00963e-06 -1.3867e-06 0)
(-5.9041e-07 -8.24977e-07 0)
(-3.43672e-07 -4.86699e-07 0)
(-1.98325e-07 -2.8516e-07 0)
(0.140285 0.0216037 0)
(0.130542 0.0209103 0)
(0.120822 0.024098 0)
(0.107874 0.0320365 0)
(0.0882552 0.04354 0)
(0.0599566 0.055849 0)
(0.0234104 0.0653836 0)
(-0.0184456 0.0686913 0)
(-0.060667 0.0643233 0)
(-0.0974979 0.0522016 0)
(-0.124128 0.0344473 0)
(-0.137821 0.0145955 0)
(-0.138588 -0.0034414 0)
(-0.12906 -0.0164662 0)
(-0.113674 -0.0228253 0)
(-0.0972632 -0.0227702 0)
(-0.0837462 -0.0182219 0)
(-0.0751519 -0.0120446 0)
(-0.0712846 -0.00709682 0)
(-0.0701504 -0.00545187 0)
(-0.0688324 -0.00778249 0)
(-0.0644479 -0.013296 0)
(-0.0553542 -0.0206939 0)
(-0.0412769 -0.0273256 0)
(-0.0231223 -0.0321354 0)
(-0.00287298 -0.0342732 0)
(0.0174952 -0.0338903 0)
(0.0365782 -0.0318404 0)
(0.0537738 -0.0290201 0)
(0.0691723 -0.025956 0)
(0.0830814 -0.0225245 0)
(0.0953773 -0.0179035 0)
(0.105097 -0.0111423 0)
(0.110518 -0.00155477 0)
(0.10932 0.0105753 0)
(0.0996934 0.0242806 0)
(0.0809741 0.037278 0)
(0.0541584 0.0467572 0)
(0.0224353 0.0504589 0)
(-0.00965913 0.0469217 0)
(-0.0370885 0.0365266 0)
(-0.055499 0.0212316 0)
(-0.0625987 0.00435524 0)
(-0.0585414 -0.0105875 0)
(-0.0456309 -0.0203817 0)
(-0.0289438 -0.0245741 0)
(-0.0126938 -0.0223148 0)
(0.000347025 -0.0166522 0)
(0.00793583 -0.00927976 0)
(0.0105894 -0.00296953 0)
(0.00963873 0.00134137 0)
(0.00693637 0.0034061 0)
(0.0039321 0.00373813 0)
(0.00145537 0.00308526 0)
(-0.000191769 0.00206498 0)
(-0.00106093 0.00107585 0)
(-0.00133708 0.000320376 0)
(-0.00123246 -0.000144535 0)
(-0.000944307 -0.000355287 0)
(-0.00064264 -0.000380814 0)
(-0.000414706 -0.000313448 0)
(-0.000261655 -0.000229909 0)
(-0.000162893 -0.000158963 0)
(-0.000100493 -0.000105951 0)
(-6.15154e-05 -6.88915e-05 0)
(-3.73809e-05 -4.39773e-05 0)
(-2.25645e-05 -2.76691e-05 0)
(-1.35373e-05 -1.72027e-05 0)
(-8.07748e-06 -1.05886e-05 0)
(-4.79606e-06 -6.46234e-06 0)
(-2.83508e-06 -3.91571e-06 0)
(-1.66924e-06 -2.35825e-06 0)
(-9.78821e-07 -1.41305e-06 0)
(-5.71848e-07 -8.4357e-07 0)
(-3.32643e-07 -5.02557e-07 0)
(-1.92007e-07 -3.01422e-07 0)
(0.140207 0.0220747 0)
(0.130579 0.0212925 0)
(0.121052 0.0245309 0)
(0.10829 0.0326781 0)
(0.088772 0.0445103 0)
(0.0604348 0.0571849 0)
(0.0236969 0.0670109 0)
(-0.0184593 0.0704464 0)
(-0.0610146 0.0659731 0)
(-0.0981354 0.0535245 0)
(-0.124932 0.0352818 0)
(-0.138631 0.0148837 0)
(-0.139248 -0.00363847 0)
(-0.129466 -0.0169998 0)
(-0.113796 -0.0234984 0)
(-0.0971501 -0.0233969 0)
(-0.083503 -0.0186771 0)
(-0.0749038 -0.0122901 0)
(-0.0711388 -0.00717945 0)
(-0.0701655 -0.00548193 0)
(-0.0690046 -0.00787873 0)
(-0.0647294 -0.0135537 0)
(-0.0556591 -0.0211803 0)
(-0.0415233 -0.0279897 0)
(-0.0232702 -0.0329275 0)
(-0.00290856 -0.0351108 0)
(0.0175479 -0.0347013 0)
(0.036679 -0.0325843 0)
(0.0538902 -0.0296882 0)
(0.0692954 -0.0265579 0)
(0.0832326 -0.0230666 0)
(0.0955975 -0.0183627 0)
(0.105425 -0.011463 0)
(0.110968 -0.00165548 0)
(0.109867 0.0107738 0)
(0.100273 0.0248464 0)
(0.081476 0.0382025 0)
(0.0544741 0.0479533 0)
(0.022483 0.0517721 0)
(-0.0099084 0.048148 0)
(-0.0375936 0.0374768 0)
(-0.0561562 0.0217643 0)
(-0.0632713 0.00442435 0)
(-0.0590913 -0.0109216 0)
(-0.0459742 -0.0209712 0)
(-0.0290432 -0.0252703 0)
(-0.0125799 -0.0229195 0)
(0.00058495 -0.0170776 0)
(0.00821025 -0.00949358 0)
(0.0108212 -0.00300651 0)
(0.00979669 0.00141424 0)
(0.00701815 0.00352285 0)
(0.00395718 0.00385185 0)
(0.00144771 0.00317205 0)
(-0.000213199 0.00211896 0)
(-0.00108385 0.00110154 0)
(-0.00135506 0.000325194 0)
(-0.00124329 -0.000151738 0)
(-0.000948272 -0.000366873 0)
(-0.000641628 -0.000391679 0)
(-0.000411575 -0.000321279 0)
(-0.000258456 -0.000235018 0)
(-0.000160332 -0.000162204 0)
(-9.86346e-05 -0.00010798 0)
(-6.02376e-05 -7.01501e-05 0)
(-3.65314e-05 -4.4752e-05 0)
(-2.2013e-05 -2.81423e-05 0)
(-1.31856e-05 -1.74896e-05 0)
(-7.85637e-06 -1.07612e-05 0)
(-4.65874e-06 -6.56432e-06 0)
(-2.7507e-06 -3.97405e-06 0)
(-1.61787e-06 -2.38999e-06 0)
(-9.478e-07 -1.4288e-06 0)
(-5.53241e-07 -8.498e-07 0)
(-3.2154e-07 -5.02851e-07 0)
(-1.85365e-07 -2.97087e-07 0)
(0.140125 0.0225445 0)
(0.130616 0.0216676 0)
(0.121288 0.0249554 0)
(0.108719 0.0333134 0)
(0.0893039 0.0454791 0)
(0.0609274 0.0585255 0)
(0.0239927 0.0686486 0)
(-0.0184722 0.072215 0)
(-0.0613713 0.0676364 0)
(-0.0987903 0.0548571 0)
(-0.125759 0.0361199 0)
(-0.139462 0.0151687 0)
(-0.139926 -0.00384403 0)
(-0.129882 -0.0175448 0)
(-0.11392 -0.0241825 0)
(-0.097032 -0.0240314 0)
(-0.0832513 -0.019135 0)
(-0.0746475 -0.0125333 0)
(-0.0709882 -0.00725645 0)
(-0.070181 -0.00550542 0)
(-0.0691819 -0.00796901 0)
(-0.0650195 -0.0138074 0)
(-0.0559727 -0.0216295 0)
(-0.0417762 -0.0286555 0)
(-0.0234217 -0.0337241 0)
(-0.00294443 -0.0359527 0)
(0.0176027 -0.0355151 0)
(0.0367828 -0.0333295 0)
(0.0540095 -0.0303567 0)
(0.0694207 -0.0271605 0)
(0.0833862 -0.0236108 0)
(0.0958218 -0.0188256 0)
(0.105761 -0.0117895 0)
(0.111428 -0.00175797 0)
(0.110429 0.0109694 0)
(0.100867 0.025413 0)
(0.0819918 0.0391322 0)
(0.0547989 0.0491584 0)
(0.0225324 0.053095 0)
(-0.0101642 0.0493844 0)
(-0.0381123 0.0384332 0)
(-0.0568314 0.0222998 0)
(-0.0639621 0.00449019 0)
(-0.0596557 -0.0112637 0)
(-0.0463264 -0.0215731 0)
(-0.0291445 -0.0259802 0)
(-0.0124617 -0.0235343 0)
(0.00083002 -0.0175079 0)
(0.00849238 -0.00970641 0)
(0.0110592 -0.00303863 0)
(0.0099586 0.00149045 0)
(0.00710178 0.00364123 0)
(0.00398254 0.00396393 0)
(0.00143938 0.00325517 0)
(-0.000235542 0.00216818 0)
(-0.00110764 0.00112288 0)
(-0.00137368 0.000327332 0)
(-0.00125444 -0.00015927 0)
(-0.000952286 -0.000378707 0)
(-0.000640533 -0.000402694 0)
(-0.000408324 -0.000329152 0)
(-0.000255162 -0.000240111 0)
(-0.000157707 -0.000165416 0)
(-9.67354e-05 -0.000109981 0)
(-5.89343e-05 -7.13878e-05 0)
(-3.5666e-05 -4.55117e-05 0)
(-2.14516e-05 -2.86053e-05 0)
(-1.28278e-05 -1.77703e-05 0)
(-7.63148e-06 -1.09317e-05 0)
(-4.51899e-06 -6.66922e-06 0)
(-2.66467e-06 -4.04001e-06 0)
(-1.56534e-06 -2.43269e-06 0)
(-9.15947e-07 -1.45753e-06 0)
(-5.34048e-07 -8.70037e-07 0)
(-3.1008e-07 -5.18033e-07 0)
(-1.78611e-07 -3.09427e-07 0)
(0.140034 0.02303 0)
(0.130651 0.022048 0)
(0.121537 0.0253856 0)
(0.109174 0.0339642 0)
(0.0898705 0.0464804 0)
(0.0614528 0.0599186 0)
(0.0243088 0.0703554 0)
(-0.0184848 0.0740608 0)
(-0.0617501 0.0693729 0)
(-0.0994867 0.0562474 0)
(-0.126638 0.0369916 0)
(-0.140347 0.0154603 0)
(-0.140645 -0.00406603 0)
(-0.130323 -0.0181214 0)
(-0.11405 -0.0249026 0)
(-0.0969041 -0.0246966 0)
(-0.0829815 -0.0196122 0)
(-0.0743733 -0.0127827 0)
(-0.0708272 -0.00733006 0)
(-0.0701974 -0.00552267 0)
(-0.0693707 -0.00805598 0)
(-0.0653273 -0.0140736 0)
(-0.0563068 -0.0221219 0)
(-0.0420467 -0.0293586 0)
(-0.0235824 -0.0345536 0)
(-0.00298183 -0.0368287 0)
(0.0176617 -0.0363605 0)
(0.0368934 -0.0341023 0)
(0.0541359 -0.0310491 0)
(0.0695528 -0.0277849 0)
(0.0835478 -0.0241761 0)
(0.0960581 -0.0193085 0)
(0.106116 -0.0121306 0)
(0.111916 -0.00186501 0)
(0.111026 0.0111679 0)
(0.1015 0.0260001 0)
(0.0825406 0.0401001 0)
(0.0551448 0.0504163 0)
(0.0225855 0.0544792 0)
(-0.0104357 0.0506815 0)
(-0.0386637 0.0394382 0)
(-0.0575494 0.0228613 0)
(-0.0646966 0.00455716 0)
(-0.0602556 -0.0116224 0)
(-0.0467003 -0.0221991 0)
(-0.0292512 -0.0267175 0)
(-0.0123346 -0.0241705 0)
(0.00109167 -0.017953 0)
(0.0087929 -0.00992626 0)
(0.011312 -0.00307372 0)
(0.0101299 0.00157126 0)
(0.00718962 0.00376723 0)
(0.00400862 0.00408574 0)
(0.00143016 0.00334805 0)
(-0.000259325 0.00222637 0)
(-0.00113269 0.00115122 0)
(-0.00139313 0.000333528 0)
(-0.00126608 -0.000167207 0)
(-0.000956486 -0.000391217 0)
(-0.00063931 -0.00041426 0)
(-0.000404833 -0.000337346 0)
(-0.000251653 -0.000245366 0)
(-0.000154925 -0.000168709 0)
(-9.47278e-05 -0.000112024 0)
(-5.7559e-05 -7.26462e-05 0)
(-3.47538e-05 -4.62818e-05 0)
(-2.08604e-05 -2.90727e-05 0)
(-1.24513e-05 -1.80502e-05 0)
(-7.39515e-06 -1.10956e-05 0)
(-4.37241e-06 -6.76233e-06 0)
(-2.57469e-06 -4.0905e-06 0)
(-1.51058e-06 -2.458e-06 0)
(-8.82882e-07 -1.46824e-06 0)
(-5.14213e-07 -8.72456e-07 0)
(-2.98252e-07 -5.15737e-07 0)
(-1.7161e-07 -3.04204e-07 0)
(0.139933 0.023531 0)
(0.130687 0.0224326 0)
(0.121801 0.0258203 0)
(0.109658 0.0346293 0)
(0.090474 0.047514 0)
(0.0620127 0.0613647 0)
(0.0246466 0.072133 0)
(-0.0184967 0.0759857 0)
(-0.0621523 0.0711847 0)
(-0.100227 0.0576968 0)
(-0.127573 0.0378974 0)
(-0.141287 0.0157579 0)
(-0.14141 -0.00430577 0)
(-0.13079 -0.0187312 0)
(-0.114186 -0.0256604 0)
(-0.0967659 -0.0253936 0)
(-0.0826925 -0.0201089 0)
(-0.0740801 -0.0130378 0)
(-0.0706553 -0.00739942 0)
(-0.0702147 -0.0055327 0)
(-0.069572 -0.00813874 0)
(-0.0656565 -0.0143521 0)
(-0.0566625 -0.0226559 0)
(-0.0423328 -0.0300992 0)
(-0.0237523 -0.0354167 0)
(-0.00302074 -0.0377394 0)
(0.0177252 -0.0372379 0)
(0.0370114 -0.0349028 0)
(0.0542698 -0.0317654 0)
(0.0696919 -0.0284312 0)
(0.0837174 -0.0247631 0)
(0.096307 -0.0198128 0)
(0.10649 -0.0124931 0)
(0.112432 -0.00199801 0)
(0.111658 0.01137 0)
(0.102172 0.0266094 0)
(0.0831242 0.0411097 0)
(0.0555133 0.0517297 0)
(0.0226427 0.0559227 0)
(-0.0107241 0.0520257 0)
(-0.0392499 0.0404736 0)
(-0.058313 0.0234369 0)
(-0.0654773 0.00461986 0)
(-0.0608925 -0.0120054 0)
(-0.0470971 -0.0228697 0)
(-0.0293637 -0.0275085 0)
(-0.0121983 -0.0248533 0)
(0.00137032 -0.0184258 0)
(0.00911233 -0.0101576 0)
(0.0115807 -0.00310065 0)
(0.0103117 0.00166244 0)
(0.00728269 0.00390214 0)
(0.00403602 0.0042106 0)
(0.00141988 0.00343843 0)
(-0.000285003 0.00227799 0)
(-0.00115972 0.00117149 0)
(-0.00141425 0.000332578 0)
(-0.00127865 -0.000176259 0)
(-0.000960884 -0.000404474 0)
(-0.00063794 -0.000426399 0)
(-0.000401078 -0.000345866 0)
(-0.000247912 -0.000250781 0)
(-0.000151975 -0.000172079 0)
(-9.26059e-05 -0.000114104 0)
(-5.61082e-05 -7.39238e-05 0)
(-3.37929e-05 -4.70633e-05 0)
(-2.0238e-05 -2.95504e-05 0)
(-1.2055e-05 -1.83435e-05 0)
(-7.14625e-06 -1.12777e-05 0)
(-4.21786e-06 -6.87739e-06 0)
(-2.47963e-06 -4.16508e-06 0)
(-1.45261e-06 -2.5079e-06 0)
(-8.47784e-07 -1.50298e-06 0)
(-4.93099e-07 -8.97776e-07 0)
(-2.8565e-07 -5.35213e-07 0)
(-1.64159e-07 -3.2029e-07 0)
(0.139825 0.0240312 0)
(0.13072 0.0228079 0)
(0.122072 0.0262443 0)
(0.110156 0.0352864 0)
(0.0910955 0.0485455 0)
(0.0625901 0.0628168 0)
(0.0249957 0.0739236 0)
(-0.0185076 0.0779273 0)
(-0.0625651 0.0730132 0)
(-0.100988 0.0591583 0)
(-0.128534 0.0388078 0)
(-0.142252 0.0160515 0)
(-0.142195 -0.00455617 0)
(-0.131269 -0.0193554 0)
(-0.114323 -0.026432 0)
(-0.0966211 -0.0261003 0)
(-0.0823929 -0.020609 0)
(-0.0737768 -0.0132902 0)
(-0.0704776 -0.00746172 0)
(-0.0702323 -0.00553459 0)
(-0.0697795 -0.00821403 0)
(-0.0659953 -0.0146258 0)
(-0.0570289 -0.0231514 0)
(-0.0426274 -0.0308424 0)
(-0.0239261 -0.0362855 0)
(-0.00305984 -0.0386556 0)
(0.0177913 -0.0381189 0)
(0.037133 -0.0357048 0)
(0.0544071 -0.032482 0)
(0.0698335 -0.029078 0)
(0.0838896 -0.0253521 0)
(0.09656 -0.0203201 0)
(0.106872 -0.0128539 0)
(0.11296 -0.00210066 0)
(0.112308 0.0115671 0)
(0.102862 0.0272161 0)
(0.0837246 0.042119 0)
(0.0558926 0.0530499 0)
(0.0227018 0.0573847 0)
(-0.0110192 0.0534076 0)
(-0.0398508 0.0415542 0)
(-0.0590969 0.0240412 0)
(-0.0662794 0.00469025 0)
(-0.0615471 -0.012392 0)
(-0.047505 -0.0235305 0)
(-0.0294781 -0.0282793 0)
(-0.0120552 -0.02551 0)
(0.00165894 -0.0188836 0)
(0.00944203 -0.010376 0)
(0.0118569 -0.00313049 0)
(0.0104974 0.00174862 0)
(0.00737686 0.00403471 0)
(0.00406285 0.00433863 0)
(0.00140866 0.00353659 0)
(-0.000311523 0.00234049 0)
(-0.00118717 0.00120322 0)
(-0.00143523 0.000341874 0)
(-0.00129103 -0.000184245 0)
(-0.000965301 -0.000417952 0)
(-0.000636457 -0.000438698 0)
(-0.000397173 -0.000354434 0)
(-0.000244058 -0.000256174 0)
(-0.000148952 -0.000175411 0)
(-9.04382e-05 -0.000116148 0)
(-5.46292e-05 -7.51677e-05 0)
(-3.28147e-05 -4.78121e-05 0)
(-1.96053e-05 -2.99937e-05 0)
(-1.16528e-05 -1.85994e-05 0)
(-6.89408e-06 -1.14193e-05 0)
(-4.06159e-06 -6.95035e-06 0)
(-2.38374e-06 -4.19751e-06 0)
(-1.39425e-06 -2.5172e-06 0)
(-8.1252e-07 -1.4996e-06 0)
(-4.71922e-07 -8.87868e-07 0)
(-2.73016e-07 -5.22362e-07 0)
(-1.5669e-07 -3.06296e-07 0)
(0.139711 0.0245306 0)
(0.130751 0.0231736 0)
(0.122348 0.0266572 0)
(0.110668 0.0359351 0)
(0.0917354 0.049575 0)
(0.0631851 0.0642749 0)
(0.0253564 0.0757276 0)
(-0.0185174 0.0798864 0)
(-0.0629887 0.074859 0)
(-0.101769 0.0606324 0)
(-0.129522 0.0397228 0)
(-0.143245 0.0163409 0)
(-0.143 -0.00481756 0)
(-0.131759 -0.0199943 0)
(-0.114462 -0.0272178 0)
(-0.0964697 -0.0268169 0)
(-0.0820826 -0.0211127 0)
(-0.0734632 -0.0135396 0)
(-0.0702941 -0.00751663 0)
(-0.0702503 -0.00552825 0)
(-0.0699935 -0.00828174 0)
(-0.066344 -0.0148957 0)
(-0.0574061 -0.0236522 0)
(-0.0429305 -0.0315899 0)
(-0.0241036 -0.03716 0)
(-0.00309908 -0.0395772 0)
(0.0178601 -0.0390036 0)
(0.0372583 -0.0365086 0)
(0.0545476 -0.0331994 0)
(0.0699775 -0.0297263 0)
(0.0840643 -0.0259451 0)
(0.0968177 -0.0208359 0)
(0.107264 -0.0132366 0)
(0.113501 -0.0022802 0)
(0.112972 0.0117617 0)
(0.103571 0.0278335 0)
(0.0843412 0.043155 0)
(0.0562832 0.0543994 0)
(0.0227642 0.0588555 0)
(-0.0113238 0.0547542 0)
(-0.0404718 0.0425628 0)
(-0.0599046 0.0245875 0)
(-0.0671045 0.00472988 0)
(-0.0622185 -0.0127889 0)
(-0.047922 -0.0242361 0)
(-0.0295947 -0.0291249 0)
(-0.0119102 -0.026246 0)
(0.00195391 -0.0193865 0)
(0.00977949 -0.0106232 0)
(0.0121395 -0.00315922 0)
(0.0106878 0.00185723 0)
(0.00747357 0.0041859 0)
(0.00409051 0.00447416 0)
(0.001397 0.0036313 0)
(-0.000339005 0.00239181 0)
(-0.0012158 0.00122036 0)
(-0.00145766 0.000335983 0)
(-0.0013044 -0.000196386 0)
(-0.000969827 -0.000432062 0)
(-0.000634863 -0.000451272 0)
(-0.000393116 -0.000363053 0)
(-0.00024009 -0.000261557 0)
(-0.000145856 -0.000178729 0)
(-8.82254e-05 -0.000118195 0)
(-5.3122e-05 -7.64372e-05 0)
(-3.18188e-05 -4.86068e-05 0)
(-1.89614e-05 -3.04994e-05 0)
(-1.12433e-05 -1.89298e-05 0)
(-6.63718e-06 -1.16432e-05 0)
(-3.90226e-06 -7.10816e-06 0)
(-2.2859e-06 -4.31338e-06 0)
(-1.33471e-06 -2.60532e-06 0)
(-7.76582e-07 -1.56859e-06 0)
(-4.50394e-07 -9.42892e-07 0)
(-2.60235e-07 -5.66577e-07 0)
(-1.49188e-07 -3.42053e-07 0)
(0.139589 0.0250291 0)
(0.130779 0.0235293 0)
(0.122631 0.0270588 0)
(0.111194 0.0365751 0)
(0.0923941 0.0506023 0)
(0.0637983 0.0657392 0)
(0.0257289 0.0775456 0)
(-0.0185258 0.0818632 0)
(-0.0634232 0.0767225 0)
(-0.102572 0.0621195 0)
(-0.130537 0.0406428 0)
(-0.144264 0.016626 0)
(-0.143827 -0.00508966 0)
(-0.132261 -0.0206483 0)
(-0.114602 -0.0280179 0)
(-0.0963113 -0.0275439 0)
(-0.081761 -0.0216202 0)
(-0.073139 -0.0137859 0)
(-0.0701046 -0.00756427 0)
(-0.0702686 -0.0055133 0)
(-0.0702139 -0.00834173 0)
(-0.0667029 -0.0151616 0)
(-0.0577944 -0.0241535 0)
(-0.0432421 -0.032342 0)
(-0.024285 -0.0380409 0)
(-0.00313858 -0.0405046 0)
(0.0179318 -0.0398916 0)
(0.0373874 -0.0373129 0)
(0.0546914 -0.0339153 0)
(0.0701239 -0.0303718 0)
(0.0842414 -0.0265351 0)
(0.0970789 -0.0213461 0)
(0.10766 -0.0135926 0)
(0.114055 -0.0023248 0)
(0.113657 0.0119486 0)
(0.104301 0.0284256 0)
(0.0849776 0.0441397 0)
(0.0566852 0.0557015 0)
(0.0228263 0.0603383 0)
(-0.0116342 0.0562178 0)
(-0.0411029 0.0437716 0)
(-0.0607295 0.0252957 0)
(-0.0679488 0.00483028 0)
(-0.0629082 -0.0132088 0)
(-0.0483526 -0.0249105 0)
(-0.0297127 -0.0298689 0)
(-0.011751 -0.0268472 0)
(0.00226429 -0.0198056 0)
(0.0101298 -0.0108116 0)
(0.0124321 -0.00315777 0)
(0.010883 0.00193434 0)
(0.00757085 0.00430699 0)
(0.00411668 0.00459366 0)
(0.00138361 0.00372587 0)
(-0.000367764 0.00245483 0)
(-0.00124499 0.00125473 0)
(-0.00147948 0.00034881 0)
(-0.00131695 -0.00019977 0)
(-0.000974199 -0.000445241 0)
(-0.000633126 -0.000463735 0)
(-0.000388894 -0.000371594 0)
(-0.000236003 -0.000266756 0)
(-0.000142687 -0.000181809 0)
(-8.59682e-05 -0.000119978 0)
(-5.15883e-05 -7.74308e-05 0)
(-3.08073e-05 -4.91227e-05 0)
(-1.83085e-05 -3.07305e-05 0)
(-1.08288e-05 -1.89961e-05 0)
(-6.37747e-06 -1.16188e-05 0)
(-3.74128e-06 -7.03873e-06 0)
(-2.18697e-06 -4.22564e-06 0)
(-1.2743e-06 -2.51439e-06 0)
(-7.39872e-07 -1.48232e-06 0)
(-4.28134e-07 -8.65564e-07 0)
(-2.46759e-07 -5.00486e-07 0)
(-1.41055e-07 -2.87301e-07 0)
(0.139459 0.025527 0)
(0.130804 0.0238745 0)
(0.12292 0.0274486 0)
(0.111735 0.0372061 0)
(0.0930718 0.0516273 0)
(0.0644299 0.0672099 0)
(0.0261135 0.0793778 0)
(-0.0185329 0.0838585 0)
(-0.0638687 0.0786042 0)
(-0.103396 0.0636195 0)
(-0.131579 0.0415669 0)
(-0.14531 0.0169065 0)
(-0.144675 -0.00537913 0)
(-0.132775 -0.0213188 0)
(-0.114744 -0.0288324 0)
(-0.0961457 -0.0282797 0)
(-0.081428 -0.0221299 0)
(-0.0728041 -0.0140285 0)
(-0.0699089 -0.00760341 0)
(-0.0702873 -0.00548908 0)
(-0.0704409 -0.00839387 0)
(-0.0670721 -0.0154239 0)
(-0.0581939 -0.024655 0)
(-0.0435626 -0.0330961 0)
(-0.0244703 -0.0389242 0)
(-0.00317789 -0.0414355 0)
(0.0180064 -0.0407849 0)
(0.0375205 -0.0381235 0)
(0.0548386 -0.0346396 0)
(0.0702726 -0.0310316 0)
(0.0844208 -0.0271467 0)
(0.0973454 -0.0218901 0)
(0.108071 -0.0140281 0)
(0.114618 -0.00264513 0)
(0.11435 0.0121356 0)
(0.105046 0.0290837 0)
(0.0856256 0.0452939 0)
(0.0570993 0.0572001 0)
(0.022898 0.0618929 0)
(-0.0119533 0.0574996 0)
(-0.0417621 0.0445686 0)
(-0.061588 0.0256207 0)
(-0.0688254 0.00479898 0)
(-0.0636214 -0.0135704 0)
(-0.0487926 -0.0256206 0)
(-0.0298324 -0.0308208 0)
(-0.0116021 -0.0277424 0)
(0.00257092 -0.0204153 0)
(0.0104842 -0.0111098 0)
(0.012727 -0.00323179 0)
(0.0110801 0.00207882 0)
(0.00767123 0.00449995 0)
(0.004145 0.00476084 0)
(0.00137101 0.00383631 0)
(-0.000396762 0.00250939 0)
(-0.00127507 0.00126866 0)
(-0.00150314 0.000338993 0)
(-0.00133126 -0.000223897 0)
(-0.000979062 -0.000463614 0)
(-0.000631326 -0.000478148 0)
(-0.000384526 -0.000381448 0)
(-0.000231798 -0.000273074 0)
(-0.000139442 -0.00018594 0)
(-8.36639e-05 -0.000122768 0)
(-5.00255e-05 -7.9381e-05 0)
(-2.9778e-05 -5.05291e-05 0)
(-1.76449e-05 -3.17719e-05 0)
(-1.04081e-05 -1.9783e-05 0)
(-6.11465e-06 -1.22218e-05 0)
(-3.57919e-06 -7.50511e-06 0)
(-2.08819e-06 -4.58865e-06 0)
(-1.21483e-06 -2.79845e-06 0)
(-7.04529e-07 -1.70633e-06 0)
(-4.07488e-07 -1.04309e-06 0)
(-2.34966e-07 -6.39417e-07 0)
(-1.345e-07 -3.94364e-07 0)
(0.139321 0.0260243 0)
(0.130827 0.0242089 0)
(0.123215 0.0278263 0)
(0.112289 0.0378278 0)
(0.0937691 0.0526496 0)
(0.0650804 0.0686854 0)
(0.0265105 0.0812223 0)
(-0.0185386 0.0858689 0)
(-0.0643253 0.0805053 0)
(-0.104243 0.0651423 0)
(-0.132649 0.0425142 0)
(-0.146384 0.0171877 0)
(-0.145545 -0.00562197 0)
(-0.1333 -0.0219926 0)
(-0.114886 -0.029674 0)
(-0.0959724 -0.029047 0)
(-0.0810832 -0.0226627 0)
(-0.072458 -0.014279 0)
(-0.069707 -0.00764435 0)
(-0.0703063 -0.0054626 0)
(-0.0706745 -0.00843864 0)
(-0.0674516 -0.0156759 0)
(-0.0586042 -0.0251652 0)
(-0.0438912 -0.0338774 0)
(-0.0246593 -0.0398407 0)
(-0.00321732 -0.0423893 0)
(0.0180839 -0.0416753 0)
(0.0376574 -0.038913 0)
(0.054989 -0.0353272 0)
(0.0704233 -0.0316363 0)
(0.0846032 -0.0276858 0)
(0.0976152 -0.0223497 0)
(0.108478 -0.0142975 0)
(0.1152 -0.00247666 0)
(0.115079 0.0123419 0)
(0.105821 0.0296082 0)
(0.0863063 0.046 0)
(0.0575246 0.0581554 0)
(0.0229535 0.0631891 0)
(-0.0122834 0.0591366 0)
(-0.0424152 0.0462874 0)
(-0.0624405 0.0268697 0)
(-0.0696966 0.00503785 0)
(-0.0643218 -0.0141399 0)
(-0.0492203 -0.0264319 0)
(-0.0299387 -0.0315034 0)
(-0.0114178 -0.0281146 0)
(0.00291088 -0.020642 0)
(0.0108586 -0.0112032 0)
(0.0130398 -0.00314067 0)
(0.0112887 0.00212841 0)
(0.00777148 0.00456684 0)
(0.00416936 0.00483236 0)
(0.00135421 0.00390571 0)
(-0.000428551 0.0025675 0)
(-0.00130629 0.0013056 0)
(-0.00152618 0.000353086 0)
(-0.00134396 -0.000208765 0)
(-0.000982919 -0.000467398 0)
(-0.000629186 -0.000482605 0)
(-0.00037994 -0.000384653 0)
(-0.000227458 -0.000274854 0)
(-0.000136117 -0.000186769 0)
(-8.13112e-05 -0.000123017 0)
(-4.84313e-05 -7.92794e-05 0)
(-2.87267e-05 -5.02254e-05 0)
(-1.69649e-05 -3.13719e-05 0)
(-9.97445e-06 -1.9377e-05 0)
(-5.84094e-06 -1.186e-05 0)
(-3.40772e-06 -7.20213e-06 0)
(-1.98129e-06 -4.34352e-06 0)
(-1.14835e-06 -2.60356e-06 0)
(-6.63169e-07 -1.55131e-06 0)
(-3.81516e-07 -9.17163e-07 0)
(-2.18416e-07 -5.38739e-07 0)
(-1.23875e-07 -3.18083e-07 0)
(0.139173 0.0265229 0)
(0.130846 0.0245329 0)
(0.123516 0.0281915 0)
(0.112859 0.0384395 0)
(0.0944864 0.0536985 0)
(0.0657503 0.0702605 0)
(0.0269193 0.0831926 0)
(-0.0185459 0.0880058 0)
(-0.0647989 0.0824168 0)
(-0.105118 0.0664646 0)
(-0.133751 0.0430336 0)
(-0.147486 0.0169356 0)
(-0.146353 -0.00641294 0)
(-0.133599 -0.0229606 0)
(-0.11478 -0.0305652 0)
(-0.0956151 -0.0297158 0)
(-0.080618 -0.0230282 0)
(-0.0720376 -0.0143495 0)
(-0.0694628 -0.00755028 0)
(-0.070297 -0.00537035 0)
(-0.0708692 -0.00853502 0)
(-0.0677632 -0.0160276 0)
(-0.0589225 -0.0257084 0)
(-0.044137 -0.0346123 0)
(-0.0248001 -0.0406818 0)
(-0.00323514 -0.0432983 0)
(0.018182 -0.0426113 0)
(0.0378123 -0.0398147 0)
(0.0551515 -0.036183 0)
(0.0705829 -0.0324709 0)
(0.0847834 -0.0285119 0)
(0.0978836 -0.0230954 0)
(0.108908 -0.015001 0)
(0.115784 -0.00319035 0)
(0.115794 0.0121964 0)
(0.106601 0.0302257 0)
(0.0869864 0.047922 0)
(0.0579998 0.0606751 0)
(0.0231236 0.0654989 0)
(-0.0126521 0.0603213 0)
(-0.0433382 0.0460884 0)
(-0.0638211 0.0259233 0)
(-0.0709776 0.00447333 0)
(-0.0649157 -0.0144846 0)
(-0.0490295 -0.0268719 0)
(-0.0292345 -0.0325188 0)
(-0.0105777 -0.0294237 0)
(0.00360877 -0.0216507 0)
(0.0113817 -0.011681 0)
(0.0133779 -0.00330692 0)
(0.0114881 0.00229118 0)
(0.00787299 0.00486849 0)
(0.00418615 0.00510322 0)
(0.00131185 0.00407121 0)
(-0.000498914 0.00263199 0)
(-0.00137191 0.00131714 0)
(-0.00156048 0.000339899 0)
(-0.00134103 -0.000263716 0)
(-0.000956441 -0.000526252 0)
(-0.000596762 -0.000526941 0)
(-0.000353745 -0.000413799 0)
(-0.000209913 -0.000292783 0)
(-0.000125057 -0.000197609 0)
(-7.44722e-05 -0.000129474 0)
(-4.42803e-05 -8.30535e-05 0)
(-2.62648e-05 -5.23776e-05 0)
(-1.55537e-05 -3.2553e-05 0)
(-9.21082e-06 -1.998e-05 0)
(-5.47156e-06 -1.21264e-05 0)
(-3.27609e-06 -7.28096e-06 0)
(-1.99195e-06 -4.32384e-06 0)
(-1.24349e-06 -2.53783e-06 0)
(-8.08084e-07 -1.47023e-06 0)
(-5.5578e-07 -8.42349e-07 0)
(-4.10135e-07 -4.78978e-07 0)
(-3.25693e-07 -2.64594e-07 0)
(0.139017 0.0267231 0)
(0.130861 0.0247272 0)
(0.123824 0.0285271 0)
(0.113427 0.0391128 0)
(0.094957 0.0546527 0)
(0.0662424 0.0712758 0)
(0.0277144 0.084407 0)
(-0.017223 0.0894522 0)
(-0.0628137 0.0842886 0)
(-0.102728 0.0690607 0)
(-0.132564 0.0464841 0)
(-0.156261 0.0200743 0)
(-0.167025 -0.00725957 0)
(-0.146707 -0.024704 0)
(-0.121462 -0.0319583 0)
(-0.0990041 -0.0306872 0)
(-0.0824345 -0.0236231 0)
(-0.0731507 -0.0146356 0)
(-0.0703603 -0.00763853 0)
(-0.071336 -0.00539213 0)
(-0.072285 -0.0086873 0)
(-0.0694857 -0.0164933 0)
(-0.0604647 -0.026596 0)
(-0.0449393 -0.035823 0)
(-0.0246383 -0.0419519 0)
(-0.00228656 -0.0443585 0)
(0.0195244 -0.0433266 0)
(0.0392379 -0.040225 0)
(0.0564711 -0.0363754 0)
(0.0715773 -0.0325058 0)
(0.0848289 -0.0284139 0)
(0.0974213 -0.023006 0)
(0.108811 -0.0145884 0)
(0.115638 -0.00214293 0)
(0.113941 0.0145692 0)
(0.100872 0.0320527 0)
(0.0783252 0.047819 0)
(0.0511061 0.0600338 0)
(0.0196741 0.0650745 0)
(-0.0130393 0.0609816 0)
(-0.0452309 0.0477717 0)
(-0.0719709 0.0272712 0)
(-0.0832459 0.00415635 0)
(-0.0729534 -0.0168792 0)
(-0.0499545 -0.0291562 0)
(-0.0261217 -0.0331982 0)
(-0.00732021 -0.0283972 0)
(0.00480203 -0.0195277 0)
(0.0106217 -0.00980424 0)
(0.0118881 -0.00233669 0)
(0.0103959 0.00275613 0)
(0.0074459 0.0049206 0)
(0.00419329 0.0049181 0)
(0.00147863 0.00378693 0)
(-0.00031799 0.00235618 0)
(-0.00120435 0.00113208 0)
(-0.00137636 0.000266245 0)
(-0.00113153 -0.000274997 0)
(-0.000761826 -0.000473258 0)
(-0.000452996 -0.000460595 0)
(-0.000261188 -0.000356417 0)
(-0.000153553 -0.000250197 0)
(-9.12438e-05 -0.000168231 0)
(-5.43896e-05 -0.000110141 0)
(-3.25239e-05 -7.0803e-05 0)
(-1.95388e-05 -4.49008e-05 0)
(-1.18497e-05 -2.81781e-05 0)
(-7.31237e-06 -1.75351e-05 0)
(-4.64586e-06 -1.08439e-05 0)
(-3.08442e-06 -6.68063e-06 0)
(-2.17312e-06 -4.11183e-06 0)
(-1.64292e-06 -2.53782e-06 0)
(-1.33496e-06 -1.5813e-06 0)
(-1.15652e-06 -1.01005e-06 0)
(-1.05289e-06 -6.65241e-07 0)
(-9.92425e-07 -4.389e-07 0)
(0.138101 0.0271847 0)
(0.130406 0.0249163 0)
(0.123611 0.0284702 0)
(0.11425 0.038257 0)
(0.111343 0.0522366 0)
(0.0493897 0.0470794 0)
(0.0213453 0.054764 0)
(0.00187731 0.0564187 0)
(0.00641338 0.0511916 0)
(0.0479986 0.040165 0)
(0.0524128 0.0271278 0)
(0.0521137 0.0116458 0)
(0.0444304 -0.00216253 0)
(0.0310132 -0.013268 0)
(0.0163411 -0.0188038 0)
(0.00399949 -0.0189203 0)
(-0.00389834 -0.0151747 0)
(-0.00646912 -0.00999412 0)
(-0.00441271 -0.00585058 0)
(0.000340634 -0.00419518 0)
(0.00547468 -0.00594352 0)
(0.00886497 -0.0105456 0)
(0.00920098 -0.017438 0)
(0.00560193 -0.0238965 0)
(-0.000240348 -0.0283511 0)
(-0.00644353 -0.0307752 0)
(-0.0121931 -0.030731 0)
(-0.0167989 -0.0291418 0)
(-0.0193013 -0.0263497 0)
(-0.0912636 -0.0242005 0)
(-0.0189902 -0.0289498 0)
(0.0574172 -0.0229238 0)
(0.0775233 -0.0150017 0)
(0.0891715 -0.00351973 0)
(0.10094 0.0110733 0)
(0.113973 0.0304446 0)
(0.105843 0.0514252 0)
(0.0461199 0.0500818 0)
(0.0390247 0.054486 0)
(0.040014 0.0511643 0)
(0.0576831 0.0403215 0)
(0.0829065 0.0248551 0)
(0.100841 0.00607376 0)
(0.0360995 -0.0110003 0)
(0.00455279 -0.0229905 0)
(-0.0832265 -0.0290504 0)
(-0.194813 -0.0279868 0)
(-0.192354 -0.0225209 0)
(-0.115296 -0.0126997 0)
(-0.0292593 -0.0036887 0)
(0.0266439 0.00187994 0)
(0.0572589 0.00464652 0)
(0.0750326 0.00505456 0)
(0.0826913 0.00416103 0)
(0.0779863 0.00288406 0)
(0.0534338 0.00165538 0)
(0.0173511 0.000542523 0)
(0.00192265 -0.000131551 0)
(0.000656268 -0.000571905 0)
(0.00011968 -0.000600624 0)
(-0.000165647 -0.000479234 0)
(-0.000302062 -0.000342332 0)
(-0.000357584 -0.00023276 0)
(-0.000373123 -0.000153394 0)
(-0.000370525 -9.8903e-05 0)
(-0.000360323 -6.26735e-05 0)
(-0.000348117 -3.9143e-05 0)
(-0.000336492 -2.41382e-05 0)
(-0.000326489 -1.47089e-05 0)
(-0.000318369 -8.85745e-06 0)
(-0.000312029 -5.26462e-06 0)
(-0.000307202 -3.07859e-06 0)
(-0.000303588 -1.75683e-06 0)
(-0.000300902 -9.63984e-07 0)
(-0.000298902 -4.99933e-07 0)
(-0.000297384 -2.3731e-07 0)
(0.00313793 0.0267408 0)
(0.00393511 0.0212783 0)
(-0.00121919 0.0219784 0)
(-0.00650828 0.025328 0)
(-0.00796646 0.0356219 0)
(-0.00198111 0.055812 0)
(0.00956086 0.0633114 0)
(0.0235778 0.0654006 0)
(0.0370711 0.0606706 0)
(0.0469274 0.0500664 0)
(0.0520859 0.0341945 0)
(0.0514572 0.0149585 0)
(0.0436708 -0.00394462 0)
(0.0306324 -0.0171315 0)
(0.0163139 -0.0230147 0)
(0.00422709 -0.0225746 0)
(-0.00354792 -0.0177597 0)
(-0.00613896 -0.0114662 0)
(-0.00421445 -0.00653341 0)
(0.000353083 -0.00485013 0)
(0.00531597 -0.00724651 0)
(0.0086042 -0.0129956 0)
(0.00894177 -0.0208339 0)
(0.00544498 -0.0280987 0)
(-0.000251503 -0.03301 0)
(-0.00631642 -0.0352853 0)
(-0.0119696 -0.0348411 0)
(-0.0164948 -0.0327261 0)
(-0.0189875 -0.0283968 0)
(-0.0191147 -0.0265349 0)
(-0.0227953 -0.0262415 0)
(-0.0284886 -0.02093 0)
(-0.0315103 -0.0130764 0)
(-0.0336885 -0.00347605 0)
(-0.0320056 0.0103494 0)
(-0.0256434 0.0240439 0)
(-0.0158891 0.0374379 0)
(-0.00217734 0.0553816 0)
(0.0150377 0.0589835 0)
(0.0309049 0.0548698 0)
(0.0433429 0.0421486 0)
(0.0473397 0.0231599 0)
(0.0445311 0.00609481 0)
(0.0356184 -0.0131931 0)
(0.021242 -0.0227878 0)
(0.00774283 -0.0243392 0)
(-0.00218519 -0.0236058 0)
(-0.00990237 -0.0226002 0)
(-0.0150702 -0.0172534 0)
(-0.0151056 -0.00876801 0)
(-0.0114942 -0.000769213 0)
(-0.00667303 0.00304209 0)
(-0.00310374 0.00424643 0)
(-0.00112538 0.0041653 0)
(7.43221e-05 0.00394586 0)
(0.00112763 0.00358726 0)
(0.00190026 0.00201269 0)
(0.0016447 0.000179405 0)
(0.000932861 -0.000411733 0)
(0.000413623 -0.000437566 0)
(0.000130445 -0.000350506 0)
(-5.8051e-06 -0.00025194 0)
(-6.17301e-05 -0.000172565 0)
(-7.76894e-05 -0.000114669 0)
(-7.54184e-05 -7.47469e-05 0)
(-6.54431e-05 -4.80419e-05 0)
(-5.3384e-05 -3.0567e-05 0)
(-4.18513e-05 -1.93177e-05 0)
(-3.19016e-05 -1.21654e-05 0)
(-2.38123e-05 -7.65805e-06 0)
(-1.74871e-05 -4.83736e-06 0)
(-1.26672e-05 -3.08183e-06 0)
(-9.05459e-06 -1.99443e-06 0)
(-6.36799e-06 -1.31931e-06 0)
(-4.36514e-06 -8.95222e-07 0)
(-2.84485e-06 -6.26379e-07 0)
(0.00283308 0.0308028 0)
(0.00361369 0.0256479 0)
(-0.00132007 0.0269946 0)
(-0.00643057 0.0324797 0)
(-0.00794219 0.0447858 0)
(-0.00190329 0.0558845 0)
(0.00950267 0.0634655 0)
(0.0232935 0.0650513 0)
(0.0365294 0.0591499 0)
(0.046155 0.0474282 0)
(0.0512501 0.0323626 0)
(0.0506438 0.014387 0)
(0.0430375 -0.00282106 0)
(0.0302883 -0.0152221 0)
(0.0162639 -0.0209901 0)
(0.00439581 -0.0208734 0)
(-0.00327165 -0.0166307 0)
(-0.00587508 -0.0109734 0)
(-0.00405079 -0.00649943 0)
(0.000373624 -0.00490075 0)
(0.00520214 -0.00699096 0)
(0.00840022 -0.0121358 0)
(0.0087288 -0.0193508 0)
(0.00531391 -0.0261037 0)
(-0.000268867 -0.0306932 0)
(-0.00622232 -0.0329837 0)
(-0.011786 -0.0327295 0)
(-0.0162535 -0.0308989 0)
(-0.0187465 -0.0273611 0)
(-0.0189677 -0.025346 0)
(-0.0225763 -0.0256843 0)
(-0.0281057 -0.0199513 0)
(-0.0311288 -0.0125074 0)
(-0.0333916 -0.00274485 0)
(-0.0332672 0.0104547 0)
(-0.029324 0.0269714 0)
(-0.0192315 0.0430832 0)
(-0.00363427 0.0513579 0)
(0.0134922 0.0550317 0)
(0.0295586 0.0513793 0)
(0.0414544 0.0401921 0)
(0.0456096 0.023658 0)
(0.0437242 0.00670887 0)
(0.0350021 -0.011083 0)
(0.02089 -0.0224649 0)
(0.00785415 -0.0265225 0)
(-0.00178156 -0.0247602 0)
(-0.00948245 -0.0204732 0)
(-0.0147594 -0.012866 0)
(-0.0151303 -0.00485264 0)
(-0.0121372 0.000787689 0)
(-0.0077619 0.00357198 0)
(-0.00407944 0.00411779 0)
(-0.00164317 0.00349026 0)
(-0.000225752 0.00272229 0)
(0.00102038 0.00220914 0)
(0.00186634 0.00114212 0)
(0.0016215 1.28889e-05 0)
(0.000924567 -0.000481374 0)
(0.000416447 -0.000508486 0)
(0.000136198 -0.000406707 0)
(-5.6584e-07 -0.000291726 0)
(-5.77603e-05 -0.000199558 0)
(-7.48643e-05 -0.000132296 0)
(-7.34749e-05 -8.59098e-05 0)
(-6.41247e-05 -5.48904e-05 0)
(-5.2491e-05 -3.46045e-05 0)
(-4.12396e-05 -2.15592e-05 0)
(-3.14722e-05 -1.32809e-05 0)
(-2.34992e-05 -8.08662e-06 0)
(-1.72475e-05 -4.86167e-06 0)
(-1.2474e-05 -2.87806e-06 0)
(-8.8908e-06 -1.66847e-06 0)
(-6.22259e-06 -9.40326e-07 0)
(-4.23108e-06 -5.08223e-07 0)
(-2.71757e-06 -2.58403e-07 0)
(0.00267362 0.0304676 0)
(0.00341432 0.0255969 0)
(-0.00129639 0.0267919 0)
(-0.00620397 0.03188 0)
(-0.00758806 0.0433729 0)
(-0.00167586 0.0554039 0)
(0.00946946 0.0627784 0)
(0.0229737 0.0643869 0)
(0.0359453 0.0588566 0)
(0.0454005 0.0476224 0)
(0.0504022 0.0326597 0)
(0.049805 0.0147458 0)
(0.0423802 -0.00254536 0)
(0.0299323 -0.0149931 0)
(0.0162102 -0.0208424 0)
(0.00456805 -0.0208322 0)
(-0.00298709 -0.0166939 0)
(-0.00560256 -0.0111191 0)
(-0.00388419 -0.00669978 0)
(0.000387871 -0.00516412 0)
(0.00507296 -0.00732986 0)
(0.0081788 -0.0125714 0)
(0.00849968 -0.0198265 0)
(0.00517303 -0.0266409 0)
(-0.000285051 -0.0312895 0)
(-0.00611454 -0.0335857 0)
(-0.0115815 -0.0333287 0)
(-0.0159759 -0.0314793 0)
(-0.0184765 -0.0277721 0)
(-0.018792 -0.0257964 0)
(-0.0223461 -0.0257521 0)
(-0.0277258 -0.0202893 0)
(-0.0306794 -0.0126926 0)
(-0.0329105 -0.00280037 0)
(-0.0328217 0.0100667 0)
(-0.0288451 0.0245252 0)
(-0.0188218 0.0407975 0)
(-0.00361382 0.0523465 0)
(0.0131173 0.0561262 0)
(0.0288618 0.0522801 0)
(0.0405764 0.0405157 0)
(0.0447656 0.0233396 0)
(0.0429987 0.00631191 0)
(0.0345385 -0.0113655 0)
(0.0207711 -0.021383 0)
(0.00787383 -0.0244121 0)
(-0.00173044 -0.0237802 0)
(-0.00928317 -0.0216496 0)
(-0.0144045 -0.014982 0)
(-0.0147639 -0.00724236 0)
(-0.0118613 -0.000465269 0)
(-0.00764291 0.00312157 0)
(-0.00406226 0.00411593 0)
(-0.00165881 0.00391606 0)
(-0.000250789 0.00340247 0)
(0.00097207 0.00289037 0)
(0.00179771 0.00154697 0)
(0.0015739 0.000147259 0)
(0.000910165 -0.000400807 0)
(0.000416995 -0.000450377 0)
(0.000140043 -0.000370117 0)
(3.37031e-06 -0.000270229 0)
(-5.46394e-05 -0.00018753 0)
(-7.25991e-05 -0.000125936 0)
(-7.19118e-05 -8.28749e-05 0)
(-6.3077e-05 -5.37389e-05 0)
(-5.18034e-05 -3.44747e-05 0)
(-4.07954e-05 -2.19493e-05 0)
(-3.11888e-05 -1.39106e-05 0)
(-2.33203e-05 -8.80225e-06 0)
(-1.71354e-05 -5.58581e-06 0)
(-1.24036e-05 -3.56964e-06 0)
(-8.84585e-06 -2.30746e-06 0)
(-6.19323e-06 -1.51685e-06 0)
(-4.21127e-06 -1.02177e-06 0)
(-2.70379e-06 -7.13594e-07 0)
(0.00252353 0.030239 0)
(0.00322675 0.0257866 0)
(-0.00126996 0.0270369 0)
(-0.00597786 0.0321517 0)
(-0.00725002 0.0434515 0)
(-0.00146501 0.0550099 0)
(0.00943341 0.0622361 0)
(0.0226529 0.0637899 0)
(0.0353641 0.0583118 0)
(0.0446562 0.0471928 0)
(0.0495712 0.0324584 0)
(0.048987 0.01488 0)
(0.0417387 -0.00204984 0)
(0.0295809 -0.0143077 0)
(0.0161509 -0.0201601 0)
(0.00472729 -0.0202906 0)
(-0.00271843 -0.0163915 0)
(-0.00534353 -0.0110551 0)
(-0.00372395 -0.0068139 0)
(0.000404604 -0.00534114 0)
(0.00495434 -0.00743531 0)
(0.00797269 -0.012502 0)
(0.00828673 -0.0195312 0)
(0.00504161 -0.0261599 0)
(-0.00030009 -0.0306938 0)
(-0.00601574 -0.0329752 0)
(-0.0113925 -0.0327678 0)
(-0.0157228 -0.031003 0)
(-0.0182258 -0.0275027 0)
(-0.018624 -0.0254892 0)
(-0.0221142 -0.0253743 0)
(-0.0273572 -0.0198207 0)
(-0.0302714 -0.0124156 0)
(-0.0324257 -0.00276243 0)
(-0.0322688 0.0102106 0)
(-0.0283788 0.0254732 0)
(-0.018561 0.0403254 0)
(-0.00358871 0.0507736 0)
(0.012872 0.0544633 0)
(0.0283613 0.0509351 0)
(0.0398433 0.0399318 0)
(0.0439966 0.0234941 0)
(0.0422814 0.00702361 0)
(0.0339802 -0.0104955 0)
(0.0205545 -0.0212355 0)
(0.00796444 -0.0248673 0)
(-0.00150468 -0.0235627 0)
(-0.00899964 -0.0203641 0)
(-0.0140798 -0.0134813 0)
(-0.0144863 -0.00592934 0)
(-0.0116967 4.64914e-05 0)
(-0.00758083 0.00300296 0)
(-0.00405938 0.00386453 0)
(-0.00168307 0.00355165 0)
(-0.000274823 0.00297678 0)
(0.000937801 0.00252347 0)
(0.0017462 0.00136038 0)
(0.00153646 0.000114049 0)
(0.000898535 -0.000393421 0)
(0.000417815 -0.000446605 0)
(0.000144074 -0.0003685 0)
(7.41396e-06 -0.000269844 0)
(-5.14541e-05 -0.000187814 0)
(-7.02903e-05 -0.000126416 0)
(-7.03193e-05 -8.33405e-05 0)
(-6.2009e-05 -5.41029e-05 0)
(-5.11013e-05 -3.4713e-05 0)
(-4.03404e-05 -2.20663e-05 0)
(-3.08971e-05 -1.39229e-05 0)
(-2.31348e-05 -8.72944e-06 0)
(-1.70183e-05 -5.43938e-06 0)
(-1.23302e-05 -3.36816e-06 0)
(-8.80052e-06 -2.07182e-06 0)
(-6.16584e-06 -1.26573e-06 0)
(-4.19541e-06 -7.68635e-07 0)
(-2.69531e-06 -4.67437e-07 0)
(0.00238172 0.0300219 0)
(0.00304817 0.0259521 0)
(-0.0012444 0.0272345 0)
(-0.00575965 0.032316 0)
(-0.00692498 0.0433204 0)
(-0.00126196 0.0546181 0)
(0.00939501 0.0616897 0)
(0.0223364 0.063199 0)
(0.034791 0.0578273 0)
(0.0439196 0.0469017 0)
(0.0487491 0.0323754 0)
(0.0481782 0.0150628 0)
(0.0411023 -0.00162942 0)
(0.0292287 -0.0137693 0)
(0.0160862 -0.0196509 0)
(0.00487868 -0.0199075 0)
(-0.00245752 -0.0162126 0)
(-0.00509022 -0.011056 0)
(-0.00356734 -0.00694997 0)
(0.000420155 -0.00554124 0)
(0.00483633 -0.00762354 0)
(0.00776735 -0.0126262 0)
(0.00807373 -0.0195451 0)
(0.00490937 -0.0260977 0)
(-0.000315604 -0.0305983 0)
(-0.0059153 -0.0328833 0)
(-0.0111999 -0.0327132 0)
(-0.0154633 -0.030997 0)
(-0.0179683 -0.0275507 0)
(-0.0184478 -0.0255313 0)
(-0.0218832 -0.0252712 0)
(-0.0269865 -0.0198398 0)
(-0.0298453 -0.0124163 0)
(-0.0319521 -0.00272566 0)
(-0.0317711 0.00991992 0)
(-0.0278793 0.0245273 0)
(-0.0182048 0.0400169 0)
(-0.00356918 0.0505326 0)
(0.0125596 0.0542787 0)
(0.0277613 0.050716 0)
(0.0390682 0.0396582 0)
(0.0432158 0.0233555 0)
(0.0415835 0.00691362 0)
(0.0334918 -0.0101449 0)
(0.020375 -0.02033 0)
(0.00798289 -0.0239019 0)
(-0.00137954 -0.0232139 0)
(-0.0087515 -0.0207186 0)
(-0.013733 -0.0141033 0)
(-0.0141666 -0.00664796 0)
(-0.0114814 -0.000478763 0)
(-0.00748966 0.00282267 0)
(-0.00404897 0.00379881 0)
(-0.00170429 0.00355257 0)
(-0.000299102 0.00303402 0)
(0.000900189 0.00256792 0)
(0.00169223 0.00139476 0)
(0.00149735 0.000154787 0)
(0.000885746 -0.000364401 0)
(0.000418112 -0.00042915 0)
(0.000147773 -0.000359305 0)
(1.12678e-05 -0.000265586 0)
(-4.8371e-05 -0.000186295 0)
(-6.80334e-05 -0.000126276 0)
(-6.87517e-05 -8.38383e-05 0)
(-6.0952e-05 -5.48442e-05 0)
(-5.04034e-05 -3.54999e-05 0)
(-3.98869e-05 -2.28106e-05 0)
(-3.06059e-05 -1.45952e-05 0)
(-2.29496e-05 -9.32453e-06 0)
(-1.69011e-05 -5.96493e-06 0)
(-1.22564e-05 -3.83272e-06 0)
(-8.75397e-06 -2.4838e-06 0)
(-6.13628e-06 -1.63275e-06 0)
(-4.17639e-06 -1.09818e-06 0)
(-2.68292e-06 -7.67089e-07 0)
(0.00224773 0.029817 0)
(0.00287867 0.0261095 0)
(-0.00121928 0.0274287 0)
(-0.0055482 0.0324824 0)
(-0.00661044 0.043214 0)
(-0.00106704 0.0542405 0)
(0.00935411 0.0611639 0)
(0.0220226 0.0626243 0)
(0.0342256 0.0573429 0)
(0.0431933 0.0465886 0)
(0.0479384 0.0322678 0)
(0.0473809 0.0152291 0)
(0.0404736 -0.00120144 0)
(0.0288774 -0.0132056 0)
(0.0160164 -0.0191052 0)
(0.0050209 -0.0194827 0)
(-0.00220689 -0.0160003 0)
(-0.00484497 -0.0110326 0)
(-0.00341503 -0.00707164 0)
(0.000435964 -0.00572459 0)
(0.0047225 -0.00777372 0)
(0.00756967 -0.0126729 0)
(0.00786842 -0.0194392 0)
(0.00478219 -0.025875 0)
(-0.000330081 -0.0303052 0)
(-0.00581817 -0.0325794 0)
(-0.0110135 -0.0324449 0)
(-0.0152128 -0.0307854 0)
(-0.0177178 -0.0274464 0)
(-0.0182721 -0.0254107 0)
(-0.0216485 -0.0250292 0)
(-0.0266211 -0.0195823 0)
(-0.0294337 -0.0122611 0)
(-0.031478 -0.00268994 0)
(-0.0312574 0.00993788 0)
(-0.0274067 0.0245178 0)
(-0.0179059 0.0392855 0)
(-0.00353692 0.0496212 0)
(0.0123052 0.053346 0)
(0.0272318 0.0499739 0)
(0.03833 0.0393202 0)
(0.0424531 0.0234097 0)
(0.0408827 0.00730127 0)
(0.0329701 -0.00963468 0)
(0.0201767 -0.0199886 0)
(0.00803936 -0.0236971 0)
(-0.00121223 -0.0227981 0)
(-0.00850526 -0.0200764 0)
(-0.0134174 -0.0135885 0)
(-0.0138813 -0.00634517 0)
(-0.0112918 -0.000500087 0)
(-0.00740708 0.00265515 0)
(-0.00403797 0.00363991 0)
(-0.00172301 0.00343905 0)
(-0.00032109 0.00294819 0)
(0.000864974 0.00250395 0)
(0.00164049 0.00136783 0)
(0.00145967 0.000169629 0)
(0.000873093 -0.000339668 0)
(0.000418061 -0.000413268 0)
(0.000151224 -0.000350416 0)
(1.49744e-05 -0.000261106 0)
(-4.53663e-05 -0.000184317 0)
(-6.5813e-05 -0.000125591 0)
(-6.71977e-05 -8.37639e-05 0)
(-5.98966e-05 -5.50143e-05 0)
(-4.97014e-05 -3.57281e-05 0)
(-3.94269e-05 -2.30093e-05 0)
(-3.03078e-05 -1.47313e-05 0)
(-2.27576e-05 -9.3928e-06 0)
(-1.67783e-05 -5.97054e-06 0)
(-1.21781e-05 -3.78719e-06 0)
(-8.70438e-06 -2.3995e-06 0)
(-6.10529e-06 -1.52117e-06 0)
(-4.15758e-06 -9.6894e-07 0)
(-2.67218e-06 -6.27289e-07 0)
(0.00212114 0.0296236 0)
(0.00271773 0.0262584 0)
(-0.00119462 0.027616 0)
(-0.00534348 0.0326392 0)
(-0.00630763 0.0431073 0)
(-0.000879913 0.0538707 0)
(0.00931076 0.0606475 0)
(0.0217117 0.062061 0)
(0.0336677 0.0568715 0)
(0.0424763 0.0462893 0)
(0.0471382 0.0321691 0)
(0.0465942 0.0153943 0)
(0.0398517 -0.000788706 0)
(0.0285266 -0.0126652 0)
(0.0159417 -0.0185844 0)
(0.0051546 -0.01908 0)
(-0.00196544 -0.0158016 0)
(-0.00460672 -0.011014 0)
(-0.00326676 -0.00719132 0)
(0.00045141 -0.00590597 0)
(0.00461133 -0.00793203 0)
(0.00737597 -0.0127472 0)
(0.00766686 -0.0193841 0)
(0.00465675 -0.0257236 0)
(-0.000344417 -0.0301018 0)
(-0.00572191 -0.0323727 0)
(-0.0108283 -0.032275 0)
(-0.0149635 -0.0306683 0)
(-0.0174671 -0.0274118 0)
(-0.0180923 -0.0253648 0)
(-0.0214143 -0.024863 0)
(-0.0262573 -0.0194868 0)
(-0.0290192 -0.0121966 0)
(-0.0310109 -0.00266422 0)
(-0.0307572 0.00975875 0)
(-0.0269285 0.0241148 0)
(-0.0175852 0.0388716 0)
(-0.00351372 0.0490759 0)
(0.0120219 0.0528079 0)
(0.0266809 0.0494907 0)
(0.0375944 0.0389832 0)
(0.0416994 0.0233271 0)
(0.0402006 0.00740493 0)
(0.0324759 -0.00916039 0)
(0.0199816 -0.0193002 0)
(0.00806559 -0.0231511 0)
(-0.00107212 -0.0224986 0)
(-0.00825939 -0.0200152 0)
(-0.01309 -0.0136748 0)
(-0.0135859 -0.0065098 0)
(-0.0110965 -0.000676776 0)
(-0.00732137 0.00249594 0)
(-0.00402488 0.00352521 0)
(-0.00174085 0.00336778 0)
(-0.000343093 0.00290255 0)
(0.000830004 0.00246172 0)
(0.00159001 0.00135292 0)
(0.00142281 0.000188586 0)
(0.000860347 -0.000315874 0)
(0.000417665 -0.00039789 0)
(0.000154425 -0.000341879 0)
(1.85262e-05 -0.000256954 0)
(-4.24491e-05 -0.000182668 0)
(-6.36393e-05 -0.000125267 0)
(-6.56675e-05 -8.40748e-05 0)
(-5.88528e-05 -5.55875e-05 0)
(-4.90048e-05 -3.63694e-05 0)
(-3.89693e-05 -2.36254e-05 0)
(-3.00109e-05 -1.5285e-05 0)
(-2.25667e-05 -9.87509e-06 0)
(-1.66562e-05 -6.38585e-06 0)
(-1.21003e-05 -4.14443e-06 0)
(-8.65494e-06 -2.70946e-06 0)
(-6.07376e-06 -1.79425e-06 0)
(-4.13733e-06 -1.21431e-06 0)
(-2.65909e-06 -8.53046e-07 0)
(0.00200155 0.029441 0)
(0.00256496 0.0263993 0)
(-0.00117035 0.0277965 0)
(-0.00514521 0.0327882 0)
(-0.00601577 0.0430039 0)
(-0.000700509 0.0535093 0)
(0.00926499 0.0601422 0)
(0.0214037 0.0615096 0)
(0.0331172 0.0564081 0)
(0.0417686 0.0459933 0)
(0.0463483 0.0320707 0)
(0.045818 0.015555 0)
(0.0392367 -0.00038506 0)
(0.0281763 -0.012134 0)
(0.0158622 -0.01807 0)
(0.0052799 -0.0186826 0)
(-0.00173321 -0.0155984 0)
(-0.00437565 -0.0109908 0)
(-0.00312251 -0.00730503 0)
(0.000466695 -0.00608019 0)
(0.00450329 -0.00808105 0)
(0.00718783 -0.0128081 0)
(0.00747076 -0.0193115 0)
(0.00453463 -0.025549 0)
(-0.000358118 -0.0298685 0)
(-0.00562762 -0.0321316 0)
(-0.0106468 -0.0320674 0)
(-0.0147191 -0.0305118 0)
(-0.0172198 -0.027342 0)
(-0.0179114 -0.0252836 0)
(-0.0211777 -0.024669 0)
(-0.0258966 -0.0193075 0)
(-0.0286108 -0.0120858 0)
(-0.0305466 -0.00263068 0)
(-0.0302615 0.00969543 0)
(-0.0264654 0.0238579 0)
(-0.017282 0.0382926 0)
(-0.00348454 0.0483611 0)
(0.0117624 0.0520928 0)
(0.0261543 0.0489088 0)
(0.0368757 0.0386727 0)
(0.0409562 0.0233342 0)
(0.03952 0.00765043 0)
(0.0319743 -0.00872461 0)
(0.01978 -0.0188415 0)
(0.00809562 -0.0227066 0)
(-0.000924633 -0.0221095 0)
(-0.00802506 -0.0196443 0)
(-0.0127804 -0.0134684 0)
(-0.0133032 -0.00651137 0)
(-0.0109061 -0.000813993 0)
(-0.00723564 0.00233688 0)
(-0.00400989 0.00339687 0)
(-0.00175666 0.00328516 0)
(-0.000364006 0.0028497 0)
(0.000795964 0.0024184 0)
(0.0015409 0.00133717 0)
(0.00138681 0.000206352 0)
(0.000847535 -0.000292891 0)
(0.000416947 -0.000382763 0)
(0.000157386 -0.000333316 0)
(2.19321e-05 -0.000252653 0)
(-3.96114e-05 -0.000180786 0)
(-6.15043e-05 -0.000124674 0)
(-6.41527e-05 -8.40904e-05 0)
(-5.78119e-05 -5.58468e-05 0)
(-4.83047e-05 -3.66839e-05 0)
(-3.85055e-05 -2.3906e-05 0)
(-2.97069e-05 -1.54984e-05 0)
(-2.23688e-05 -1.00159e-05 0)
(-1.65278e-05 -6.46107e-06 0)
(-1.20174e-05 -4.16586e-06 0)
(-8.60168e-06 -2.68923e-06 0)
(-6.03995e-06 -1.74315e-06 0)
(-4.11645e-06 -1.14142e-06 0)
(-2.64695e-06 -7.65753e-07 0)
(0.00188857 0.0292688 0)
(0.00241996 0.0265324 0)
(-0.00114646 0.0279702 0)
(-0.00495322 0.0329296 0)
(-0.00573451 0.042901 0)
(-0.000528616 0.053156 0)
(0.00921684 0.0596475 0)
(0.0210984 0.0609697 0)
(0.0325738 0.0559538 0)
(0.0410697 0.0457027 0)
(0.0455686 0.0319745 0)
(0.0450521 0.015712 0)
(0.0386283 -9.15611e-07 0)
(0.0278267 -0.0116155 0)
(0.015778 -0.0175673 0)
(0.00539714 -0.0182966 0)
(-0.00150981 -0.0153954 0)
(-0.0041516 -0.0109663 0)
(-0.00298222 -0.00741432 0)
(0.000481699 -0.00624936 0)
(0.00439803 -0.00822753 0)
(0.00700426 -0.0128717 0)
(0.00727913 -0.0192485 0)
(0.00441497 -0.0253894 0)
(-0.000371431 -0.0296548 0)
(-0.00553469 -0.0319118 0)
(-0.0104675 -0.0318813 0)
(-0.0144776 -0.0303756 0)
(-0.0169739 -0.0272867 0)
(-0.0177277 -0.025218 0)
(-0.0209408 -0.0244933 0)
(-0.0255383 -0.0191788 0)
(-0.0282038 -0.0120031 0)
(-0.0300869 -0.0026071 0)
(-0.0297711 0.00957062 0)
(-0.0260046 0.0235698 0)
(-0.0169782 0.0378168 0)
(-0.00345753 0.0477583 0)
(0.0114996 0.0514877 0)
(0.0256312 0.0483855 0)
(0.0361663 0.0383466 0)
(0.0402238 0.0232814 0)
(0.0388525 0.00781521 0)
(0.0314843 -0.00826239 0)
(0.0195817 -0.0182694 0)
(0.00812051 -0.0223833 0)
(-0.000791964 -0.0217883 0)
(-0.00779157 -0.0194398 0)
(-0.0124715 -0.013398 0)
(-0.0130227 -0.00656394 0)
(-0.0107171 -0.000952051 0)
(-0.00714907 0.00218384 0)
(-0.00399313 0.00327623 0)
(-0.00177095 0.00320648 0)
(-0.000384124 0.00279839 0)
(0.000762708 0.0023761 0)
(0.0014931 0.00132167 0)
(0.00135165 0.000223176 0)
(0.000834671 -0.000270722 0)
(0.000415921 -0.000367951 0)
(0.000160113 -0.00032486 0)
(2.51918e-05 -0.000248405 0)
(-3.68565e-05 -0.000178948 0)
(-5.94137e-05 -0.000124164 0)
(-6.26598e-05 -8.42304e-05 0)
(-5.67812e-05 -5.62689e-05 0)
(-4.7609e-05 -3.71946e-05 0)
(-3.80435e-05 -2.441e-05 0)
(-2.94039e-05 -1.59558e-05 0)
(-2.21718e-05 -1.04155e-05 0)
(-1.64005e-05 -6.80452e-06 0)
(-1.19355e-05 -4.46003e-06 0)
(-8.54907e-06 -2.94273e-06 0)
(-6.00612e-06 -1.9645e-06 0)
(-4.09461e-06 -1.33823e-06 0)
(-2.63287e-06 -9.44488e-07 0)
(0.00178182 0.0291064 0)
(0.00228236 0.0266585 0)
(-0.00112291 0.0281375 0)
(-0.00476733 0.0330636 0)
(-0.00546351 0.042799 0)
(-0.000364045 0.0528106 0)
(0.00916635 0.0591632 0)
(0.0207959 0.0604411 0)
(0.0320374 0.0555081 0)
(0.0403798 0.045417 0)
(0.0447989 0.03188 0)
(0.0442958 0.0158652 0)
(0.0380264 0.000388504 0)
(0.0274781 -0.0111084 0)
(0.0156892 -0.0170745 0)
(0.00550656 -0.0179185 0)
(-0.00129503 -0.0151924 0)
(-0.00393452 -0.0109396 0)
(-0.00284582 -0.00751885 0)
(0.00049643 -0.00641291 0)
(0.00429557 -0.00836905 0)
(0.00682552 -0.0129316 0)
(0.00709226 -0.0191842 0)
(0.00429811 -0.0252289 0)
(-0.000384228 -0.0294397 0)
(-0.00544334 -0.0316893 0)
(-0.010291 -0.0316906 0)
(-0.0142399 -0.0302329 0)
(-0.0167304 -0.0272225 0)
(-0.0175424 -0.0251444 0)
(-0.0207024 -0.0243166 0)
(-0.0251827 -0.0190286 0)
(-0.0278005 -0.0119086 0)
(-0.0296312 -0.00257943 0)
(-0.0292873 0.00947649 0)
(-0.0255531 0.0232861 0)
(-0.0166814 0.0373028 0)
(-0.00342863 0.0471163 0)
(0.011246 0.0508466 0)
(0.0251196 0.0478529 0)
(0.0354701 0.0380395 0)
(0.039501 0.0232619 0)
(0.0381904 0.00801115 0)
(0.0309959 -0.00784169 0)
(0.019369 -0.0177775 0)
(0.00813103 -0.0217148 0)
(-0.000649031 -0.0214335 0)
(-0.00756646 -0.0191595 0)
(-0.0121718 -0.013272 0)
(-0.0127484 -0.00659799 0)
(-0.0105305 -0.00108369 0)
(-0.00706213 0.00203382 0)
(-0.00397464 0.00315604 0)
(-0.00178363 0.00312782 0)
(-0.000403407 0.0027473 0)
(0.000730243 0.00233397 0)
(0.00144657 0.00130636 0)
(0.00131729 0.000238965 0)
(0.000821768 -0.000249336 0)
(0.000414602 -0.000353446 0)
(0.000162613 -0.00031649 0)
(2.83085e-05 -0.000244165 0)
(-3.4182e-05 -0.000177061 0)
(-5.73651e-05 -0.000123591 0)
(-6.11856e-05 -8.42859e-05 0)
(-5.57564e-05 -5.65845e-05 0)
(-4.69124e-05 -3.75748e-05 0)
(-3.75773e-05 -2.47603e-05 0)
(-2.90953e-05 -1.62384e-05 0)
(-2.19688e-05 -1.06222e-05 0)
(-1.62676e-05 -6.94098e-06 0)
(-1.18487e-05 -4.53759e-06 0)
(-8.49263e-06 -2.97406e-06 0)
(-5.96983e-06 -1.96162e-06 0)
(-4.07187e-06 -1.31175e-06 0)
(-2.61939e-06 -9.03451e-07 0)
(0.00168097 0.0289531 0)
(0.00215181 0.0267777 0)
(-0.00109969 0.0282984 0)
(-0.00458738 0.0331906 0)
(-0.00520245 0.0426977 0)
(-0.00020661 0.0524729 0)
(0.00911355 0.0586892 0)
(0.0204959 0.0599236 0)
(0.0315078 0.055071 0)
(0.0396984 0.0451362 0)
(0.0440389 0.0317873 0)
(0.0435499 0.0160147 0)
(0.0374309 0.000778025 0)
(0.0271296 -0.0106128 0)
(0.0155958 -0.0165917 0)
(0.00560838 -0.0175477 0)
(-0.00108862 -0.0149913 0)
(-0.00372427 -0.010911 0)
(-0.00271327 -0.00761894 0)
(0.00051085 -0.00657124 0)
(0.00419578 -0.00850667 0)
(0.0066513 -0.0129904 0)
(0.00690983 -0.0191227 0)
(0.00418382 -0.0250739 0)
(-0.000396567 -0.0292316 0)
(-0.00535339 -0.031474 0)
(-0.010117 -0.0315064 0)
(-0.0140053 -0.0300954 0)
(-0.0164887 -0.0271604 0)
(-0.017355 -0.0250738 0)
(-0.0204633 -0.0241458 0)
(-0.0248294 -0.0188943 0)
(-0.0273997 -0.0118235 0)
(-0.0291793 -0.00255713 0)
(-0.0288084 0.00936956 0)
(-0.0251069 0.0230144 0)
(-0.0163883 0.0368238 0)
(-0.00339977 0.0465153 0)
(0.010996 0.0502419 0)
(0.0246157 0.0473374 0)
(0.0347847 0.0377275 0)
(0.0387887 0.0232217 0)
(0.0375381 0.00819177 0)
(0.0305138 -0.00740947 0)
(0.0191774 -0.017259 0)
(0.00814592 -0.0217471 0)
(-0.000537848 -0.0211031 0)
(-0.007345 -0.0189203 0)
(-0.0118773 -0.0131689 0)
(-0.0124788 -0.00663494 0)
(-0.0103459 -0.00121361 0)
(-0.00697463 0.00188791 0)
(-0.00395451 0.00303852 0)
(-0.00179477 0.00305012 0)
(-0.000421876 0.00269655 0)
(0.00069856 0.00229269 0)
(0.0014013 0.00129126 0)
(0.00128372 0.000253934 0)
(0.000808845 -0.000228705 0)
(0.000413006 -0.000339243 0)
(0.000164891 -0.000308211 0)
(3.12848e-05 -0.000239943 0)
(-3.15874e-05 -0.000175141 0)
(-5.53594e-05 -0.000122997 0)
(-5.97316e-05 -8.43336e-05 0)
(-5.47399e-05 -5.69125e-05 0)
(-4.62183e-05 -3.79931e-05 0)
(-3.71111e-05 -2.51763e-05 0)
(-2.87861e-05 -1.66139e-05 0)
(-2.17655e-05 -1.09467e-05 0)
(-1.61346e-05 -7.21623e-06 0)
(-1.17622e-05 -4.77018e-06 0)
(-8.4365e-06 -3.17168e-06 0)
(-5.93348e-06 -2.13132e-06 0)
(-4.04837e-06 -1.45938e-06 0)
(-2.60438e-06 -1.03363e-06 0)
(0.00158568 0.0288085 0)
(0.00202796 0.0268906 0)
(-0.00107677 0.0284531 0)
(-0.0044132 0.0333109 0)
(-0.00495101 0.0425972 0)
(-5.61275e-05 0.0521427 0)
(0.00905849 0.0582252 0)
(0.0201984 0.0594169 0)
(0.0309848 0.0546423 0)
(0.0390255 0.0448604 0)
(0.0432885 0.0316963 0)
(0.0428135 0.0161607 0)
(0.0368417 0.00114314 0)
(0.0267817 -0.0101283 0)
(0.015498 -0.0161188 0)
(0.00570278 -0.0171836 0)
(-0.000890391 -0.0147922 0)
(-0.00352072 -0.0108807 0)
(-0.00258449 -0.00771467 0)
(0.000524938 -0.00672442 0)
(0.00409857 -0.00864012 0)
(0.00648154 -0.0130472 0)
(0.00673182 -0.0190623 0)
(0.00407212 -0.0249215 0)
(-0.000408415 -0.0290269 0)
(-0.00526484 -0.0312614 0)
(-0.00994555 -0.0313237 0)
(-0.013774 -0.0299579 0)
(-0.0162491 -0.0270956 0)
(-0.0171659 -0.0250013 0)
(-0.0202232 -0.0239786 0)
(-0.0244786 -0.0187569 0)
(-0.0270018 -0.0117366 0)
(-0.0287315 -0.00253431 0)
(-0.0283354 0.00926812 0)
(-0.0246676 0.0227392 0)
(-0.0161 0.0363406 0)
(-0.00337013 0.0459112 0)
(0.0107517 0.0496366 0)
(0.0241212 0.0468289 0)
(0.0341105 0.037426 0)
(0.038086 0.0231902 0)
(0.036893 0.00836498 0)
(0.0300358 -0.00700101 0)
(0.0189417 -0.016774 0)
(0.0081552 -0.0213144 0)
(-0.000381913 -0.0207717 0)
(-0.00712969 -0.0186683 0)
(-0.0115894 -0.0130589 0)
(-0.0122141 -0.006667 0)
(-0.0101635 -0.00133621 0)
(-0.00688671 0.00174559 0)
(-0.00393278 0.00292299 0)
(-0.0018044 0.00297318 0)
(-0.000439519 0.00264611 0)
(0.000667663 0.0022522 0)
(0.00135723 0.00127635 0)
(0.00125091 0.000268282 0)
(0.000795907 -0.000208805 0)
(0.000411148 -0.000325341 0)
(0.000166955 -0.000300025 0)
(3.41236e-05 -0.000235746 0)
(-2.90715e-05 -0.000173186 0)
(-5.33969e-05 -0.000122378 0)
(-5.82977e-05 -8.4358e-05 0)
(-5.37313e-05 -5.72188e-05 0)
(-4.55255e-05 -3.83861e-05 0)
(-3.66431e-05 -2.55574e-05 0)
(-2.84735e-05 -1.69391e-05 0)
(-2.15582e-05 -1.12021e-05 0)
(-1.59977e-05 -7.40363e-06 0)
(-1.16719e-05 -4.89833e-06 0)
(-8.37731e-06 -3.25206e-06 0)
(-5.89501e-06 -2.17584e-06 0)
(-4.0239e-06 -1.47926e-06 0)
(-2.58954e-06 -1.03896e-06 0)
(0.00149565 0.0286721 0)
(0.0019105 0.0269976 0)
(-0.00105413 0.0286019 0)
(-0.00424464 0.0334247 0)
(-0.00470888 0.0424975 0)
(8.75823e-05 0.0518198 0)
(0.0090012 0.0577711 0)
(0.0199034 0.058921 0)
(0.0304683 0.0542218 0)
(0.0383609 0.0445894 0)
(0.0425474 0.031607 0)
(0.0420865 0.0163031 0)
(0.0362585 0.00149987 0)
(0.0264346 -0.00965479 0)
(0.0153961 -0.0156556 0)
(0.00578997 -0.0168261 0)
(-0.000700146 -0.0145952 0)
(-0.00332375 -0.0108486 0)
(-0.00245943 -0.00780621 0)
(0.000538671 -0.00687261 0)
(0.00400385 -0.00876966 0)
(0.00631608 -0.0131023 0)
(0.00655808 -0.0190037 0)
(0.00396294 -0.0247728 0)
(-0.000419782 -0.028827 0)
(-0.00517762 -0.0310535 0)
(-0.00977645 -0.0311446 0)
(-0.0135458 -0.0298227 0)
(-0.0160113 -0.0270304 0)
(-0.0169751 -0.0249291 0)
(-0.0199823 -0.0238153 0)
(-0.0241301 -0.0186256 0)
(-0.0266067 -0.0116536 0)
(-0.0282875 -0.00251416 0)
(-0.0278675 0.00916584 0)
(-0.0242342 0.0224729 0)
(-0.015816 0.0358739 0)
(-0.00334012 0.0453273 0)
(0.0105118 0.0490485 0)
(0.0236346 0.0463302 0)
(0.0334473 0.0371254 0)
(0.037393 0.0231526 0)
(0.0362561 0.00853824 0)
(0.0295626 -0.00659374 0)
(0.0187461 -0.0162923 0)
(0.00815143 -0.0204454 0)
(-0.000280157 -0.0204544 0)
(-0.006919 -0.0184265 0)
(-0.0113073 -0.0129525 0)
(-0.0119542 -0.00669813 0)
(-0.00998324 -0.00145457 0)
(-0.00679848 0.00160693 0)
(-0.00390954 0.00280963 0)
(-0.00181257 0.0028971 0)
(-0.000456348 0.00259597 0)
(0.000637544 0.002212 0)
(0.00131434 0.00126161 0)
(0.00121886 0.000281605 0)
(0.000782961 -0.000189612 0)
(0.00040904 -0.000311737 0)
(0.000168809 -0.000291935 0)
(3.68277e-05 -0.000231564 0)
(-2.66332e-05 -0.00017121 0)
(-5.14776e-05 -0.000121735 0)
(-5.68841e-05 -8.43611e-05 0)
(-5.27309e-05 -5.75088e-05 0)
(-4.48347e-05 -3.87687e-05 0)
(-3.61739e-05 -2.59355e-05 0)
(-2.81587e-05 -1.72718e-05 0)
(-2.13488e-05 -1.14794e-05 0)
(-1.58592e-05 -7.62967e-06 0)
(-1.15807e-05 -5.08192e-06 0)
(-8.31753e-06 -3.40205e-06 0)
(-5.85601e-06 -2.29955e-06 0)
(-3.99869e-06 -1.58221e-06 0)
(-2.57364e-06 -1.1251e-06 0)
(0.00141059 0.0285435 0)
(0.00179911 0.0270989 0)
(-0.00103177 0.0287448 0)
(-0.00408153 0.0335323 0)
(-0.00447578 0.0423985 0)
(0.000224695 0.0515041 0)
(0.00894172 0.0573266 0)
(0.0196108 0.0584354 0)
(0.0299581 0.0538096 0)
(0.0377045 0.0443232 0)
(0.0418156 0.0315193 0)
(0.0413686 0.016442 0)
(0.0356813 0.00184973 0)
(0.0260881 -0.00919199 0)
(0.01529 -0.0152019 0)
(0.00587012 -0.0164751 0)
(-0.000517695 -0.0144004 0)
(-0.00313321 -0.0108149 0)
(-0.00233803 -0.00789369 0)
(0.000552026 -0.00701593 0)
(0.00391155 -0.00889532 0)
(0.00615481 -0.0131556 0)
(0.00638853 -0.0189464 0)
(0.00385623 -0.0246273 0)
(-0.000430659 -0.0286311 0)
(-0.0050917 -0.0308492 0)
(-0.0096097 -0.0309682 0)
(-0.0133206 -0.0296888 0)
(-0.0157754 -0.0269638 0)
(-0.0167828 -0.0248564 0)
(-0.0197406 -0.0236559 0)
(-0.0237839 -0.0184958 0)
(-0.0262143 -0.0115715 0)
(-0.0278473 -0.00249497 0)
(-0.027405 0.0090642 0)
(-0.023807 0.0222076 0)
(-0.0155361 0.0354123 0)
(-0.00330956 0.0447506 0)
(0.0102768 0.0484685 0)
(0.0231563 0.0458407 0)
(0.0327948 0.0368313 0)
(0.0367095 0.0231159 0)
(0.0356267 0.00870661 0)
(0.0290936 -0.00620108 0)
(0.0185258 -0.0158255 0)
(0.00815161 -0.0202822 0)
(-0.00015587 -0.0201392 0)
(-0.00671327 -0.0181859 0)
(-0.0110313 -0.0128462 0)
(-0.0116989 -0.00672696 0)
(-0.009805 -0.00157008 0)
(-0.00670994 0.00147179 0)
(-0.00388484 0.00269836 0)
(-0.00181933 0.00282186 0)
(-0.000472376 0.00254621 0)
(0.000608205 0.00217246 0)
(0.00127261 0.00124704 0)
(0.00118754 0.000294366 0)
(0.000770033 -0.000171103 0)
(0.000406695 -0.000298427 0)
(0.00017046 -0.000283944 0)
(3.93994e-05 -0.000227392 0)
(-2.42719e-05 -0.000169223 0)
(-4.96016e-05 -0.00012107 0)
(-5.5491e-05 -8.43437e-05 0)
(-5.17389e-05 -5.77828e-05 0)
(-4.41458e-05 -3.91397e-05 0)
(-3.57036e-05 -2.63052e-05 0)
(-2.78417e-05 -1.75973e-05 0)
(-2.11368e-05 -1.17472e-05 0)
(-1.57181e-05 -7.83967e-06 0)
(-1.14872e-05 -5.23981e-06 0)
(-8.25572e-06 -3.51616e-06 0)
(-5.81548e-06 -2.37953e-06 0)
(-3.97258e-06 -1.63807e-06 0)
(-2.55747e-06 -1.16628e-06 0)
(0.00133023 0.0284222 0)
(0.00169351 0.027195 0)
(-0.00100968 0.0288821 0)
(-0.00392373 0.0336341 0)
(-0.00425141 0.0423004 0)
(0.000355381 0.0511953 0)
(0.00888009 0.0568915 0)
(0.0193206 0.0579602 0)
(0.0294541 0.0534054 0)
(0.0370561 0.0440618 0)
(0.0410928 0.0314333 0)
(0.0406597 0.0165776 0)
(0.0351099 0.00219117 0)
(0.0257423 -0.00873968 0)
(0.0151799 -0.0147576 0)
(0.00594342 -0.0161304 0)
(-0.000342855 -0.0142078 0)
(-0.00294898 -0.0107798 0)
(-0.00222023 -0.00797723 0)
(0.000564984 -0.00715452 0)
(0.00382159 -0.00901723 0)
(0.00599761 -0.0132073 0)
(0.00622304 -0.0188906 0)
(0.00375196 -0.024485 0)
(-0.000441048 -0.0284394 0)
(-0.00500703 -0.0306489 0)
(-0.00944523 -0.0307948 0)
(-0.0130983 -0.0295566 0)
(-0.0155412 -0.0268965 0)
(-0.0165889 -0.0247836 0)
(-0.0194983 -0.0235002 0)
(-0.02344 -0.0183697 0)
(-0.0258246 -0.0114919 0)
(-0.0274109 -0.00247743 0)
(-0.0269476 0.00896349 0)
(-0.0233857 0.0219478 0)
(-0.0152604 0.0349614 0)
(-0.00327858 0.0441875 0)
(0.0100464 0.0479006 0)
(0.0226861 0.04536 0)
(0.0321528 0.0365405 0)
(0.0360352 0.0230773 0)
(0.035005 0.00886659 0)
(0.0286292 -0.00581496 0)
(0.0183165 -0.0153662 0)
(0.00814136 -0.0197295 0)
(-5.08477e-05 -0.0198288 0)
(-0.00651236 -0.0179497 0)
(-0.0107609 -0.0127412 0)
(-0.0114482 -0.00675285 0)
(-0.00962884 -0.00168182 0)
(-0.00662112 0.00134011 0)
(-0.00385874 0.00258918 0)
(-0.00182469 0.00274748 0)
(-0.000487597 0.00249686 0)
(0.000579633 0.00213374 0)
(0.00123201 0.00123263 0)
(0.00115692 0.000306436 0)
(0.000757109 -0.000153257 0)
(0.000404127 -0.000285409 0)
(0.000171915 -0.000276054 0)
(4.1841e-05 -0.000223232 0)
(-2.19869e-05 -0.000167228 0)
(-4.77684e-05 -0.000120383 0)
(-5.41185e-05 -8.43065e-05 0)
(-5.07555e-05 -5.80411e-05 0)
(-4.34591e-05 -3.94991e-05 0)
(-3.52325e-05 -2.66669e-05 0)
(-2.75226e-05 -1.79173e-05 0)
(-2.09224e-05 -1.20116e-05 0)
(-1.55748e-05 -8.04938e-06 0)
(-1.13918e-05 -5.40213e-06 0)
(-8.19253e-06 -3.64085e-06 0)
(-5.77393e-06 -2.47573e-06 0)
(-3.94567e-06 -1.71299e-06 0)
(-2.54065e-06 -1.22538e-06 0)
(0.0012543 0.0283078 0)
(0.0015934 0.027286 0)
(-0.000987841 0.029014 0)
(-0.00377108 0.0337302 0)
(-0.0040355 0.042203 0)
(0.000479809 0.0508933 0)
(0.00881635 0.0564657 0)
(0.0190326 0.057495 0)
(0.0289561 0.0530091 0)
(0.0364154 0.043805 0)
(0.0403788 0.0313488 0)
(0.0399595 0.0167098 0)
(0.0345443 0.00252433 0)
(0.0253972 -0.00829762 0)
(0.0150659 -0.0143224 0)
(0.00601003 -0.015792 0)
(-0.000175445 -0.0140176 0)
(-0.00277093 -0.0107432 0)
(-0.00210599 -0.00805698 0)
(0.000577526 -0.00728852 0)
(0.00373388 -0.00913547 0)
(0.00584437 -0.0132574 0)
(0.00606153 -0.0188362 0)
(0.00365006 -0.0243459 0)
(-0.000450946 -0.0282518 0)
(-0.00492357 -0.0304524 0)
(-0.00928297 -0.0306242 0)
(-0.0128789 -0.0294259 0)
(-0.0153088 -0.0268283 0)
(-0.0163937 -0.0247104 0)
(-0.0192553 -0.023348 0)
(-0.0230982 -0.0182462 0)
(-0.0254375 -0.0114138 0)
(-0.0269781 -0.00246118 0)
(-0.0264953 0.00886314 0)
(-0.0229701 0.0216909 0)
(-0.0149886 0.0345181 0)
(-0.00324714 0.0436344 0)
(0.00982047 0.0473428 0)
(0.0222238 0.0448883 0)
(0.0315209 0.0362547 0)
(0.03537 0.023038 0)
(0.0343907 0.00902756 0)
(0.028169 -0.00543953 0)
(0.0180992 -0.0149184 0)
(0.00812985 -0.019403 0)
(5.72605e-05 -0.0195233 0)
(-0.00631618 -0.0177168 0)
(-0.0104963 -0.012637 0)
(-0.011202 -0.0067779 0)
(-0.0094547 -0.00178975 0)
(-0.00653206 0.0012118 0)
(-0.0038313 0.00248205 0)
(-0.00182871 0.002674 0)
(-0.00050202 0.00244782 0)
(0.000551831 0.00209561 0)
(0.00119249 0.00121837 0)
(0.001127 0.000317815 0)
(0.00074422 -0.000136054 0)
(0.000401347 -0.000272678 0)
(0.00017318 -0.000268266 0)
(4.41551e-05 -0.000219084 0)
(-1.97774e-05 -0.000165228 0)
(-4.59779e-05 -0.000119677 0)
(-5.27667e-05 -8.42503e-05 0)
(-4.97808e-05 -5.82842e-05 0)
(-4.27747e-05 -3.98472e-05 0)
(-3.47605e-05 -2.70206e-05 0)
(-2.72013e-05 -1.82318e-05 0)
(-2.07056e-05 -1.22723e-05 0)
(-1.54293e-05 -8.25648e-06 0)
(-1.12945e-05 -5.56215e-06 0)
(-8.12784e-06 -3.76235e-06 0)
(-5.73123e-06 -2.56723e-06 0)
(-3.91794e-06 -1.78235e-06 0)
(-2.5233e-06 -1.27963e-06 0)
(0.00118257 0.0282 0)
(0.00149854 0.0273722 0)
(-0.000966255 0.0291408 0)
(-0.00362345 0.0338209 0)
(-0.00382778 0.0421065 0)
(0.000598144 0.050598 0)
(0.00875053 0.0560491 0)
(0.0187468 0.0570397 0)
(0.028464 0.0526207 0)
(0.0357825 0.0435529 0)
(0.0396734 0.0312658 0)
(0.0392679 0.0168387 0)
(0.0339842 0.00284956 0)
(0.0250529 -0.00786562 0)
(0.0149482 -0.0138963 0)
(0.00607014 -0.0154597 0)
(-1.52892e-05 -0.0138296 0)
(-0.00259893 -0.0107052 0)
(-0.00199523 -0.00813305 0)
(0.000589634 -0.00741805 0)
(0.00364834 -0.00925013 0)
(0.00569497 -0.0133058 0)
(0.0059039 -0.0187832 0)
(0.0035505 -0.02421 0)
(-0.000460352 -0.0280682 0)
(-0.00484128 -0.0302597 0)
(-0.00912287 -0.0304564 0)
(-0.0126623 -0.0292968 0)
(-0.0150781 -0.0267594 0)
(-0.0161971 -0.0246372 0)
(-0.0190119 -0.0231993 0)
(-0.0227586 -0.0181256 0)
(-0.025053 -0.0113378 0)
(-0.026549 -0.00244626 0)
(-0.0260479 0.00876371 0)
(-0.0225601 0.0214384 0)
(-0.0147206 0.0340839 0)
(-0.00321528 0.0430929 0)
(0.00959891 0.0467958 0)
(0.0217693 0.0444251 0)
(0.0308991 0.0359731 0)
(0.0347139 0.0229976 0)
(0.0337837 0.009181 0)
(0.0277129 -0.00507228 0)
(0.0178839 -0.0144796 0)
(0.00811201 -0.0189672 0)
(0.000157055 -0.0192219 0)
(-0.00612466 -0.0174876 0)
(-0.0102372 -0.0125339 0)
(-0.0109602 -0.00680024 0)
(-0.00928255 -0.00189415 0)
(-0.00644282 0.0010868 0)
(-0.00380257 0.00237697 0)
(-0.00183142 0.0026014 0)
(-0.00051565 0.00239908 0)
(0.000524791 0.00205802 0)
(0.00115405 0.00120426 0)
(0.00109776 0.000328569 0)
(0.000731353 -0.000119474 0)
(0.000398366 -0.000260233 0)
(0.00017426 -0.000260583 0)
(4.63438e-05 -0.000214954 0)
(-1.76428e-05 -0.000163224 0)
(-4.42297e-05 -0.000118952 0)
(-5.14357e-05 -8.41757e-05 0)
(-4.88151e-05 -5.85124e-05 0)
(-4.20929e-05 -4.01842e-05 0)
(-3.42879e-05 -2.73664e-05 0)
(-2.68781e-05 -1.85409e-05 0)
(-2.04865e-05 -1.25292e-05 0)
(-1.52816e-05 -8.46099e-06 0)
(-1.11954e-05 -5.72043e-06 0)
(-8.06166e-06 -3.88276e-06 0)
(-5.68741e-06 -2.65826e-06 0)
(-3.8894e-06 -1.85168e-06 0)
(-2.50543e-06 -1.33389e-06 0)
(0.0011148 0.0280984 0)
(0.00140865 0.0274539 0)
(-0.000944912 0.0292625 0)
(-0.0034807 0.0339064 0)
(-0.00362799 0.0420107 0)
(0.000710546 0.0503093 0)
(0.00868268 0.0556413 0)
(0.0184631 0.0565941 0)
(0.0279777 0.0522399 0)
(0.0351571 0.0433053 0)
(0.0389766 0.0311843 0)
(0.0385847 0.0169645 0)
(0.0334297 0.00316702 0)
(0.0247093 -0.00744346 0)
(0.0148269 -0.013479 0)
(0.00612391 -0.0151336 0)
(0.000137783 -0.0136441 0)
(-0.00243284 -0.010666 0)
(-0.00188791 -0.00820558 0)
(0.00060129 -0.00754323 0)
(0.00356491 -0.00936131 0)
(0.00554929 -0.0133528 0)
(0.00575003 -0.0187314 0)
(0.00345324 -0.024077 0)
(-0.000469266 -0.0278885 0)
(-0.00476011 -0.0300707 0)
(-0.00896487 -0.0302915 0)
(-0.0124483 -0.0291693 0)
(-0.0148491 -0.0266898 0)
(-0.0159996 -0.024564 0)
(-0.0187676 -0.0230541 0)
(-0.022421 -0.0180077 0)
(-0.0246711 -0.0112634 0)
(-0.0261235 -0.00243262 0)
(-0.0256053 0.00866487 0)
(-0.0221555 0.0211894 0)
(-0.0144564 0.0336578 0)
(-0.00318299 0.0425619 0)
(0.00938169 0.046259 0)
(0.0213223 0.0439707 0)
(0.0302871 0.0356959 0)
(0.0340664 0.0229564 0)
(0.0331839 0.00933087 0)
(0.027261 -0.00471423 0)
(0.0176658 -0.0140507 0)
(0.0080908 -0.0185986 0)
(0.000254367 -0.0189253 0)
(-0.00593771 -0.0172618 0)
(-0.00998349 -0.0124317 0)
(-0.0107226 -0.00682074 0)
(-0.00911242 -0.00199486 0)
(-0.00635342 0.000965023 0)
(-0.00377261 0.0022739 0)
(-0.00183286 0.00252973 0)
(-0.000528498 0.00235069 0)
(0.000498514 0.00202104 0)
(0.00111665 0.0011903 0)
(0.00106918 0.000338689 0)
(0.000718536 -0.000103501 0)
(0.000395197 -0.000248068 0)
(0.000175161 -0.000253006 0)
(4.84097e-05 -0.000210842 0)
(-1.55822e-05 -0.000161215 0)
(-4.25235e-05 -0.000118209 0)
(-5.01255e-05 -8.40836e-05 0)
(-4.78584e-05 -5.87262e-05 0)
(-4.14136e-05 -4.05104e-05 0)
(-3.38147e-05 -2.77044e-05 0)
(-2.65529e-05 -1.88445e-05 0)
(-2.02651e-05 -1.27823e-05 0)
(-1.51317e-05 -8.66292e-06 0)
(-1.10945e-05 -5.87695e-06 0)
(-7.99402e-06 -4.00198e-06 0)
(-5.64247e-06 -2.74846e-06 0)
(-3.86007e-06 -1.92043e-06 0)
(-2.48702e-06 -1.38776e-06 0)
(0.00105077 0.0280027 0)
(0.0013235 0.0275313 0)
(-0.000923807 0.0293794 0)
(-0.00334269 0.033987 0)
(-0.00343589 0.0419158 0)
(0.000817172 0.0500268 0)
(0.00861283 0.0552424 0)
(0.0181815 0.056158 0)
(0.0274969 0.0518667 0)
(0.034539 0.0430623 0)
(0.038288 0.0311044 0)
(0.0379096 0.0170871 0)
(0.0328804 0.00347684 0)
(0.0243664 -0.00703094 0)
(0.014702 -0.0130705 0)
(0.0061715 -0.0148134 0)
(0.000283941 -0.0134609 0)
(-0.00227256 -0.0106256 0)
(-0.00178397 -0.00827468 0)
(0.000612481 -0.00766419 0)
(0.00348351 -0.00946909 0)
(0.00540724 -0.0133982 0)
(0.00559985 -0.0186809 0)
(0.00335822 -0.023947 0)
(-0.000477687 -0.0277127 0)
(-0.00468003 -0.0298854 0)
(-0.00880891 -0.0301294 0)
(-0.0122369 -0.0290435 0)
(-0.0146217 -0.0266198 0)
(-0.015801 -0.0244908 0)
(-0.0185229 -0.0229122 0)
(-0.0220855 -0.0178925 0)
(-0.0242917 -0.0111909 0)
(-0.0257015 -0.00241997 0)
(-0.0251676 0.00856688 0)
(-0.0217564 0.0209445 0)
(-0.0141959 0.03324 0)
(-0.0031503 0.0420417 0)
(0.00916865 0.0457324 0)
(0.0208827 0.0435247 0)
(0.0296846 0.0354231 0)
(0.0334276 0.0229143 0)
(0.0325912 0.00947851 0)
(0.0268131 -0.00436458 0)
(0.0174473 -0.013631 0)
(0.00806488 -0.0182071 0)
(0.000346501 -0.0186329 0)
(-0.00575529 -0.0170395 0)
(-0.00973515 -0.0123306 0)
(-0.0104892 -0.0068401 0)
(-0.00894422 -0.00209247 0)
(-0.00626391 0.000846404 0)
(-0.00374147 0.00217283 0)
(-0.00183307 0.00245898 0)
(-0.000540566 0.00230284 0)
(0.000472989 0.00198481 0)
(0.00108026 0.00117647 0)
(0.00104124 0.000348238 0)
(0.000705756 -8.81149e-05 0)
(0.000391849 -0.000236181 0)
(0.000175889 -0.000245536 0)
(5.03551e-05 -0.000206754 0)
(-1.35947e-05 -0.000159204 0)
(-4.0859e-05 -0.000117451 0)
(-4.88362e-05 -8.39747e-05 0)
(-4.69109e-05 -5.89261e-05 0)
(-4.07372e-05 -4.08258e-05 0)
(-3.33411e-05 -2.80346e-05 0)
(-2.6226e-05 -1.91427e-05 0)
(-2.00415e-05 -1.30317e-05 0)
(-1.49798e-05 -8.86225e-06 0)
(-1.09917e-05 -6.03168e-06 0)
(-7.92494e-06 -4.11997e-06 0)
(-5.59645e-06 -2.83783e-06 0)
(-3.82994e-06 -1.98861e-06 0)
(-2.46808e-06 -1.44121e-06 0)
(0.00099027 0.0279125 0)
(0.00124285 0.0276046 0)
(-0.000902939 0.0294917 0)
(-0.0032093 0.0340629 0)
(-0.00325124 0.0418216 0)
(0.000918177 0.0497506 0)
(0.00854103 0.054852 0)
(0.017902 0.0557312 0)
(0.0270217 0.051501 0)
(0.0339281 0.0428238 0)
(0.0376076 0.0310258 0)
(0.0372424 0.0172066 0)
(0.0323364 0.00377921 0)
(0.0240243 -0.00662786 0)
(0.0145737 -0.0126705 0)
(0.00621306 -0.0144991 0)
(0.000423348 -0.0132802 0)
(-0.00211794 -0.0105841 0)
(-0.00168335 -0.00834048 0)
(0.000623191 -0.00778104 0)
(0.00340407 -0.00957356 0)
(0.0052687 -0.0134421 0)
(0.00545325 -0.0186317 0)
(0.0032654 -0.0238199 0)
(-0.000485616 -0.0275406 0)
(-0.00460101 -0.0297037 0)
(-0.00865494 -0.02997 0)
(-0.012028 -0.0289192 0)
(-0.0143959 -0.0265493 0)
(-0.0156013 -0.0244177 0)
(-0.0182777 -0.0227737 0)
(-0.021752 -0.0177799 0)
(-0.0239148 -0.0111202 0)
(-0.025283 -0.00240882 0)
(-0.0247345 0.00846964 0)
(-0.0213624 0.0207032 0)
(-0.0139389 0.0328303 0)
(-0.0031172 0.0415318 0)
(0.00895975 0.0452159 0)
(0.0204504 0.0430871 0)
(0.0290915 0.0351545 0)
(0.0327973 0.0228715 0)
(0.0320053 0.00961893 0)
(0.0263692 -0.00402347 0)
(0.0172273 -0.0132206 0)
(0.00803511 -0.0178369 0)
(0.000434842 -0.0183452 0)
(-0.00557726 -0.0168206 0)
(-0.009492 -0.0122305 0)
(-0.01026 -0.0068569 0)
(-0.00877795 -0.00218715 0)
(-0.00617429 0.000730876 0)
(-0.0037092 0.00207373 0)
(-0.00183208 0.00238917 0)
(-0.00055186 0.00225543 0)
(0.000448209 0.00194903 0)
(0.00104486 0.00116278 0)
(0.00101393 0.000357189 0)
(0.000693039 -7.32988e-05 0)
(0.000388333 -0.000224566 0)
(0.000176449 -0.000238176 0)
(5.21824e-05 -0.00020269 0)
(-1.16796e-05 -0.000157191 0)
(-3.9236e-05 -0.000116677 0)
(-4.7568e-05 -8.38496e-05 0)
(-4.59728e-05 -5.91122e-05 0)
(-4.00637e-05 -4.11308e-05 0)
(-3.28671e-05 -2.83573e-05 0)
(-2.58973e-05 -1.94355e-05 0)
(-1.98158e-05 -1.32772e-05 0)
(-1.48258e-05 -9.05897e-06 0)
(-1.08872e-05 -6.18463e-06 0)
(-7.85445e-06 -4.23674e-06 0)
(-5.54933e-06 -2.92635e-06 0)
(-3.79903e-06 -2.0562e-06 0)
(-2.44863e-06 -1.49424e-06 0)
(0.000933109 0.0278274 0)
(0.0011665 0.0276741 0)
(-0.000882306 0.0295994 0)
(-0.0030804 0.0341342 0)
(-0.0030738 0.0417283 0)
(0.00101371 0.0494805 0)
(0.0084673 0.0544701 0)
(0.0176244 0.0553136 0)
(0.0265517 0.0511426 0)
(0.0333243 0.0425897 0)
(0.0369352 0.0309487 0)
(0.0365831 0.0173232 0)
(0.0317975 0.00407428 0)
(0.023683 -0.00623403 0)
(0.0144421 -0.0122789 0)
(0.00624876 -0.0141906 0)
(0.000556166 -0.0131019 0)
(-0.00196887 -0.0105416 0)
(-0.001586 -0.00840308 0)
(0.000633407 -0.00789391 0)
(0.00332653 -0.00967482 0)
(0.00513358 -0.0134847 0)
(0.00531014 -0.0185836 0)
(0.00317474 -0.0236957 0)
(-0.000493054 -0.0273722 0)
(-0.004523 -0.0295255 0)
(-0.00850289 -0.0298133 0)
(-0.0118216 -0.0287965 0)
(-0.0141717 -0.0264784 0)
(-0.0154007 -0.0243448 0)
(-0.0180321 -0.0226382 0)
(-0.0214204 -0.0176699 0)
(-0.0235403 -0.0110511 0)
(-0.0248679 -0.00239892 0)
(-0.0243059 0.00837326 0)
(-0.0209734 0.0204658 0)
(-0.0136853 0.0324286 0)
(-0.00308372 0.0410322 0)
(0.00875485 0.0447094 0)
(0.0200252 0.0426577 0)
(0.0285076 0.0348903 0)
(0.0321752 0.0228281 0)
(0.0314262 0.00975937 0)
(0.0259292 -0.00369057 0)
(0.0170064 -0.0128193 0)
(0.00800131 -0.0174668 0)
(0.000518885 -0.0180618 0)
(-0.00540362 -0.0166052 0)
(-0.00925396 -0.0121314 0)
(-0.0100348 -0.00687255 0)
(-0.00861362 -0.00227849 0)
(-0.00608461 0.000618374 0)
(-0.00367584 0.00197659 0)
(-0.00182991 0.00232031 0)
(-0.000562396 0.00220861 0)
(0.000424169 0.00191366 0)
(0.00101043 0.00114921 0)
(0.000987232 0.000365685 0)
(0.000680374 -5.9035e-05 0)
(0.000384659 -0.000213222 0)
(0.000176847 -0.000230926 0)
(5.38941e-05 -0.000198654 0)
(-9.83594e-06 -0.000155178 0)
(-3.7654e-05 -0.000115889 0)
(-4.63207e-05 -8.3709e-05 0)
(-4.50441e-05 -5.92852e-05 0)
(-3.93932e-05 -4.14255e-05 0)
(-3.2393e-05 -2.86724e-05 0)
(-2.5567e-05 -1.9723e-05 0)
(-1.95881e-05 -1.35191e-05 0)
(-1.46698e-05 -9.25308e-06 0)
(-1.0781e-05 -6.33576e-06 0)
(-7.78256e-06 -4.35226e-06 0)
(-5.50116e-06 -3.01402e-06 0)
(-3.76736e-06 -2.12318e-06 0)
(-2.42867e-06 -1.54683e-06 0)
(0.000879101 0.0277474 0)
(0.00109422 0.0277401 0)
(-0.000861907 0.0297027 0)
(-0.00295587 0.0342013 0)
(-0.00290334 0.0416358 0)
(0.00110392 0.0492164 0)
(0.00839169 0.0540964 0)
(0.0173488 0.054905 0)
(0.026087 0.0507915 0)
(0.0327275 0.04236 0)
(0.0362706 0.030873 0)
(0.0359314 0.0174368 0)
(0.0312637 0.00436221 0)
(0.0233424 -0.00584925 0)
(0.0143074 -0.0118956 0)
(0.00627874 -0.0138879 0)
(0.000682554 -0.0129261 0)
(-0.00182524 -0.010498 0)
(-0.00149187 -0.0084626 0)
(0.000643118 -0.00800289 0)
(0.00325081 -0.00977293 0)
(0.00500178 -0.0135258 0)
(0.00517044 -0.0185367 0)
(0.00308619 -0.0235742 0)
(-0.000500002 -0.0272075 0)
(-0.00444597 -0.0293508 0)
(-0.00835272 -0.0296593 0)
(-0.0116176 -0.0286755 0)
(-0.013949 -0.0264073 0)
(-0.0151992 -0.024272 0)
(-0.0177861 -0.0225059 0)
(-0.0210907 -0.0175624 0)
(-0.0231682 -0.0109837 0)
(-0.0244562 -0.00238999 0)
(-0.0238818 0.00827773 0)
(-0.0205895 0.0202321 0)
(-0.0134352 0.0320347 0)
(-0.00304987 0.0405427 0)
(0.0085539 0.0442126 0)
(0.0196069 0.0422365 0)
(0.0279326 0.0346303 0)
(0.0315614 0.0227839 0)
(0.0308538 0.00989284 0)
(0.025493 -0.00336579 0)
(0.0167845 -0.0124268 0)
(0.00796372 -0.0171065 0)
(0.000598974 -0.0177829 0)
(-0.00523423 -0.0163932 0)
(-0.00902091 -0.0120333 0)
(-0.00981347 -0.00688679 0)
(-0.00845115 -0.00236632 0)
(-0.0059949 0.000508839 0)
(-0.00364145 0.00188137 0)
(-0.00182661 0.0022524 0)
(-0.000572182 0.00216237 0)
(0.000400854 0.0018787 0)
(0.000976936 0.00113577 0)
(0.000961135 0.000373575 0)
(0.000667779 -4.53058e-05 0)
(0.000380836 -0.000202145 0)
(0.000177087 -0.000223787 0)
(5.54926e-05 -0.000194647 0)
(-8.06279e-06 -0.000153166 0)
(-3.61128e-05 -0.000115088 0)
(-4.50944e-05 -8.35538e-05 0)
(-4.4125e-05 -5.94454e-05 0)
(-3.87259e-05 -4.17101e-05 0)
(-3.19187e-05 -2.89801e-05 0)
(-2.52351e-05 -2.00052e-05 0)
(-1.93583e-05 -1.37571e-05 0)
(-1.45119e-05 -9.44456e-06 0)
(-1.0673e-05 -6.48508e-06 0)
(-7.70929e-06 -4.46652e-06 0)
(-5.45192e-06 -3.1008e-06 0)
(-3.73492e-06 -2.18955e-06 0)
(-2.40821e-06 -1.59898e-06 0)
(0.00082807 0.027672 0)
(0.00102582 0.0278026 0)
(-0.000841744 0.0298017 0)
(-0.00283559 0.0342642 0)
(-0.00273964 0.0415441 0)
(0.00118895 0.0489581 0)
(0.00831424 0.0537309 0)
(0.017075 0.0545052 0)
(0.0256273 0.0504475 0)
(0.0321374 0.0421347 0)
(0.0356136 0.0307987 0)
(0.0352872 0.0175476 0)
(0.0307347 0.00464315 0)
(0.0230025 -0.00547336 0)
(0.0141695 -0.0115205 0)
(0.00630315 -0.0135909 0)
(0.000802668 -0.0127528 0)
(-0.00168691 -0.0104535 0)
(-0.0014009 -0.00851916 0)
(0.000652311 -0.0081081 0)
(0.00317685 -0.00986798 0)
(0.00487319 -0.0135655 0)
(0.00503406 -0.0184909 0)
(0.00299972 -0.0234555 0)
(-0.00050646 -0.0270463 0)
(-0.00436988 -0.0291796 0)
(-0.00820437 -0.029508 0)
(-0.0114158 -0.0285561 0)
(-0.0137278 -0.0263359 0)
(-0.0149969 -0.0241995 0)
(-0.0175399 -0.0223766 0)
(-0.0207629 -0.0174574 0)
(-0.0227985 -0.010918 0)
(-0.0240478 -0.00238209 0)
(-0.0234622 0.00818309 0)
(-0.0202103 0.0200021 0)
(-0.0131882 0.0316486 0)
(-0.00301565 0.0400631 0)
(0.00835677 0.0437255 0)
(0.0191954 0.0418233 0)
(0.0273664 0.0343746 0)
(0.0309554 0.0227393 0)
(0.0302879 0.0100243 0)
(0.0250606 -0.00304892 0)
(0.0165617 -0.0120429 0)
(0.00792243 -0.0167515 0)
(0.000675072 -0.0175083 0)
(-0.00506906 -0.0161845 0)
(-0.00879275 -0.0119363 0)
(-0.00959603 -0.00689884 0)
(-0.00829055 -0.00245103 0)
(-0.00590521 0.000402222 0)
(-0.00360606 0.00178807 0)
(-0.0018222 0.00218547 0)
(-0.000581235 0.00211668 0)
(0.000378258 0.00184426 0)
(0.000944376 0.00112238 0)
(0.000935622 0.000381036 0)
(0.000655251 -3.20939e-05 0)
(0.000376874 -0.000191332 0)
(0.000177176 -0.00021676 0)
(5.69803e-05 -0.000190671 0)
(-6.35923e-06 -0.000151156 0)
(-3.46119e-05 -0.000114276 0)
(-4.38891e-05 -8.33845e-05 0)
(-4.32156e-05 -5.95931e-05 0)
(-3.80619e-05 -4.19849e-05 0)
(-3.14445e-05 -2.92804e-05 0)
(-2.49017e-05 -2.02821e-05 0)
(-1.91266e-05 -1.39915e-05 0)
(-1.43521e-05 -9.63342e-06 0)
(-1.05634e-05 -6.63256e-06 0)
(-7.63466e-06 -4.57951e-06 0)
(-5.40165e-06 -3.18671e-06 0)
(-3.70173e-06 -2.2553e-06 0)
(-2.38724e-06 -1.65068e-06 0)
(0.000779853 0.027601 0)
(0.000961104 0.0278619 0)
(-0.000821818 0.0298967 0)
(-0.00271944 0.0343231 0)
(-0.0025825 0.0414532 0)
(0.00126894 0.0487056 0)
(0.00823498 0.0533733 0)
(0.016803 0.0541142 0)
(0.0251727 0.0501105 0)
(0.0315539 0.0419136 0)
(0.0349641 0.0307257 0)
(0.0346502 0.0176555 0)
(0.0302105 0.00491727 0)
(0.0226635 -0.00510616 0)
(0.0140286 -0.0111533 0)
(0.00632212 -0.0132995 0)
(0.000916659 -0.0125821 0)
(-0.00155377 -0.0104081 0)
(-0.00131305 -0.00857285 0)
(0.000660977 -0.00820965 0)
(0.00310459 -0.00996006 0)
(0.00474773 -0.013604 0)
(0.00490092 -0.0184462 0)
(0.00291527 -0.0233394 0)
(-0.000512432 -0.0268887 0)
(-0.0042947 -0.0290117 0)
(-0.0080578 -0.0293593 0)
(-0.0112163 -0.0284383 0)
(-0.0135081 -0.0262644 0)
(-0.0147938 -0.0241272 0)
(-0.0172934 -0.0222503 0)
(-0.020437 -0.0173548 0)
(-0.0224311 -0.010854 0)
(-0.0236426 -0.00237535 0)
(-0.0230467 0.00808935 0)
(-0.0198359 0.0197759 0)
(-0.0129445 0.0312701 0)
(-0.00298107 0.0395933 0)
(0.00816342 0.0432479 0)
(0.0187906 0.041418 0)
(0.0268088 0.0341231 0)
(0.0303574 0.0226941 0)
(0.0297284 0.0101526 0)
(0.0246318 -0.00273984 0)
(0.016338 -0.0116676 0)
(0.00787755 -0.0164036 0)
(0.000747309 -0.0172382 0)
(-0.00490801 -0.0159792 0)
(-0.00856937 -0.0118404 0)
(-0.00938234 -0.00691021 0)
(-0.00813179 -0.0025335 0)
(-0.00581554 0.000298488 0)
(-0.00356973 0.00169665 0)
(-0.00181671 0.00211951 0)
(-0.000589558 0.00207151 0)
(0.000356365 0.00181038 0)
(0.000912716 0.0011091 0)
(0.000910684 0.000387969 0)
(0.000642801 -1.93823e-05 0)
(0.00037278 -0.000180779 0)
(0.000177118 -0.000209846 0)
(5.83595e-05 -0.000186729 0)
(-4.7243e-06 -0.00014915 0)
(-3.31511e-05 -0.000113452 0)
(-4.27047e-05 -8.32018e-05 0)
(-4.23158e-05 -5.97288e-05 0)
(-3.74012e-05 -4.225e-05 0)
(-3.09703e-05 -2.95735e-05 0)
(-2.4567e-05 -2.05537e-05 0)
(-1.88929e-05 -1.42221e-05 0)
(-1.41903e-05 -9.81963e-06 0)
(-1.04522e-05 -6.7782e-06 0)
(-7.5587e-06 -4.69121e-06 0)
(-5.35036e-06 -3.27171e-06 0)
(-3.66779e-06 -2.3204e-06 0)
(-2.36578e-06 -1.70191e-06 0)
(0.000734294 0.0275341 0)
(0.000899889 0.0279183 0)
(-0.000802132 0.0299877 0)
(-0.00260732 0.0343783 0)
(-0.00243171 0.0413631 0)
(0.00134403 0.0484587 0)
(0.00815394 0.0530236 0)
(0.0165328 0.0537316 0)
(0.0247228 0.0497805 0)
(0.030977 0.0416967 0)
(0.034322 0.0306541 0)
(0.0340204 0.0177606 0)
(0.029691 0.0051847 0)
(0.0223252 -0.00474748 0)
(0.0138848 -0.0107941 0)
(0.0063358 -0.0130136 0)
(0.00102468 -0.0124141 0)
(-0.00142571 -0.0103618 0)
(-0.00122826 -0.00862378 0)
(0.000669106 -0.00830764 0)
(0.00303398 -0.0100492 0)
(0.0046253 -0.0136411 0)
(0.00477092 -0.0184026 0)
(0.00283281 -0.023226 0)
(-0.00051792 -0.0267344 0)
(-0.00422041 -0.0288472 0)
(-0.00791296 -0.0292132 0)
(-0.011019 -0.0283221 0)
(-0.0132897 -0.0261929 0)
(-0.0145901 -0.0240553 0)
(-0.0170467 -0.0221268 0)
(-0.0201128 -0.0172546 0)
(-0.0220659 -0.0107915 0)
(-0.0232406 -0.00236911 0)
(-0.0226355 0.00799656 0)
(-0.0194661 0.0195534 0)
(-0.0127038 0.0308991 0)
(-0.00294615 0.0391331 0)
(0.00797372 0.0427797 0)
(0.0183923 0.0410206 0)
(0.0262595 0.0338758 0)
(0.029767 0.0226485 0)
(0.0291752 0.0102751 0)
(0.0242067 -0.00243839 0)
(0.0161136 -0.0113007 0)
(0.0078292 -0.016062 0)
(0.000815747 -0.0169724 0)
(-0.00475101 -0.0157772 0)
(-0.0083507 -0.0117455 0)
(-0.00917235 -0.00691979 0)
(-0.00797482 -0.00261291 0)
(-0.00572591 0.000197636 0)
(-0.00353249 0.0016071 0)
(-0.00181018 0.00205453 0)
(-0.000597165 0.0020269 0)
(0.000335174 0.00177698 0)
(0.000881938 0.00109606 0)
(0.000886304 0.000394441 0)
(0.00063043 -7.1558e-06 0)
(0.000368564 -0.000170484 0)
(0.000176918 -0.000203046 0)
(5.96327e-05 -0.000182823 0)
(-3.15702e-06 -0.000147149 0)
(-3.173e-05 -0.000112619 0)
(-4.15414e-05 -8.30065e-05 0)
(-4.1426e-05 -5.98529e-05 0)
(-3.67441e-05 -4.25057e-05 0)
(-3.04964e-05 -2.98594e-05 0)
(-2.42309e-05 -2.08202e-05 0)
(-1.86575e-05 -1.44489e-05 0)
(-1.40268e-05 -1.00032e-05 0)
(-1.03393e-05 -6.92197e-06 0)
(-7.48143e-06 -4.8016e-06 0)
(-5.29805e-06 -3.35579e-06 0)
(-3.63313e-06 -2.38486e-06 0)
(-2.34383e-06 -1.75266e-06 0)
(0.000691246 0.0274713 0)
(0.000842002 0.0279717 0)
(-0.000782689 0.0300749 0)
(-0.00249911 0.0344299 0)
(-0.00228707 0.0412738 0)
(0.00141436 0.0482173 0)
(0.00807117 0.0526816 0)
(0.0162643 0.0533574 0)
(0.0242777 0.0494573 0)
(0.0304064 0.041484 0)
(0.033687 0.0305837 0)
(0.0333975 0.0178631 0)
(0.0291761 0.00544558 0)
(0.0219877 -0.00439716 0)
(0.0137382 -0.0104425 0)
(0.00634433 -0.0127332 0)
(0.00112688 -0.0122488 0)
(-0.0013026 -0.0103146 0)
(-0.00114648 -0.00867207 0)
(0.000676691 -0.00840216 0)
(0.00296494 -0.0101356 0)
(0.00450582 -0.013677 0)
(0.00464399 -0.01836 0)
(0.0027523 -0.0231151 0)
(-0.000522925 -0.0265836 0)
(-0.00414696 -0.028686 0)
(-0.00776979 -0.0290697 0)
(-0.0108238 -0.0282076 0)
(-0.0130728 -0.0261213 0)
(-0.0143856 -0.0239837 0)
(-0.0167997 -0.0220061 0)
(-0.0197903 -0.0171567 0)
(-0.021703 -0.0107306 0)
(-0.0228417 -0.0023642 0)
(-0.0222285 0.00790473 0)
(-0.0191007 0.0193346 0)
(-0.0124661 0.0305355 0)
(-0.00291088 0.0386824 0)
(0.00778764 0.0423207 0)
(0.0180003 0.0406308 0)
(0.0257184 0.0336327 0)
(0.0291842 0.0226025 0)
(0.0286281 0.0103974 0)
(0.0237851 -0.00214443 0)
(0.0158885 -0.010942 0)
(0.00777747 -0.015727 0)
(0.000880466 -0.016711 0)
(-0.004598 -0.0155785 0)
(-0.00813658 -0.0116517 0)
(-0.00896598 -0.00692794 0)
(-0.00781965 -0.00268985 0)
(-0.00563636 9.97679e-05 0)
(-0.00349439 0.00151939 0)
(-0.00180262 0.00199054 0)
(-0.000604066 0.00198289 0)
(0.000314672 0.00174394 0)
(0.000852019 0.00108321 0)
(0.000862467 0.00040051 0)
(0.000618146 4.5955e-06 0)
(0.000364233 -0.000160444 0)
(0.000176581 -0.000196359 0)
(6.08022e-05 -0.000178953 0)
(-1.65641e-06 -0.000145154 0)
(-3.03481e-05 -0.000111777 0)
(-4.03989e-05 -8.27991e-05 0)
(-4.0546e-05 -5.99657e-05 0)
(-3.60905e-05 -4.27521e-05 0)
(-3.00227e-05 -3.01383e-05 0)
(-2.38935e-05 -2.10815e-05 0)
(-1.84202e-05 -1.4672e-05 0)
(-1.38614e-05 -1.01841e-05 0)
(-1.02249e-05 -7.06388e-06 0)
(-7.40286e-06 -4.91069e-06 0)
(-5.24474e-06 -3.43895e-06 0)
(-3.59774e-06 -2.44865e-06 0)
(-2.3214e-06 -1.80293e-06 0)
(0.00065057 0.0274121 0)
(0.000787276 0.0280225 0)
(-0.000763493 0.0301584 0)
(-0.0023947 0.0344781 0)
(-0.00214838 0.0411853 0)
(0.00148006 0.0479815 0)
(0.00798669 0.0523471 0)
(0.0159975 0.0529914 0)
(0.0238372 0.0491408 0)
(0.029842 0.0412755 0)
(0.0330591 0.0305147 0)
(0.0327814 0.0179629 0)
(0.0286657 0.00570006 0)
(0.0216509 -0.00405504 0)
(0.0135888 -0.0100986 0)
(0.00634781 -0.0124583 0)
(0.0012234 -0.0120865 0)
(-0.00118433 -0.0102663 0)
(-0.00106767 -0.0087178 0)
(0.000683725 -0.00849332 0)
(0.00289743 -0.0102192 0)
(0.0043892 -0.0137116 0)
(0.00452006 -0.0183184 0)
(0.00267369 -0.0230068 0)
(-0.000527451 -0.026436 0)
(-0.00407433 -0.0285281 0)
(-0.00762824 -0.0289287 0)
(-0.0106306 -0.0280946 0)
(-0.0128572 -0.0260498 0)
(-0.0141806 -0.0239126 0)
(-0.0165527 -0.0218883 0)
(-0.0194696 -0.0170611 0)
(-0.0213423 -0.0106712 0)
(-0.022446 -0.00236062 0)
(-0.0218254 0.00781388 0)
(-0.0187397 0.0191194 0)
(-0.0122313 0.0301792 0)
(-0.00287529 0.038241 0)
(0.00760504 0.041871 0)
(0.0176146 0.0402486 0)
(0.0251854 0.0333937 0)
(0.0286087 0.0225561 0)
(0.0280871 0.0105135 0)
(0.023367 -0.00185783 0)
(0.0156626 -0.0105914 0)
(0.00772248 -0.0153983 0)
(0.000941551 -0.0164539 0)
(-0.00444889 -0.0153831 0)
(-0.00792698 -0.0115589 0)
(-0.00876314 -0.00693534 0)
(-0.00766621 -0.00276457 0)
(-0.00554689 7.75468e-06 0)
(-0.00345548 0.0014335 0)
(-0.00179407 0.00192754 0)
(-0.000610279 0.00193942 0)
(0.000294854 0.00171147 0)
(0.000822951 0.00107045 0)
(0.000839159 0.000406066 0)
(0.000605946 1.58925e-05 0)
(0.000359795 -0.000150655 0)
(0.000176111 -0.000189788 0)
(6.18704e-05 -0.000175121 0)
(-2.21445e-07 -0.000143167 0)
(-2.9005e-05 -0.000110927 0)
(-3.92772e-05 -8.25803e-05 0)
(-3.96759e-05 -6.00677e-05 0)
(-3.54406e-05 -4.29896e-05 0)
(-2.95494e-05 -3.04102e-05 0)
(-2.3555e-05 -2.13377e-05 0)
(-1.81813e-05 -1.48915e-05 0)
(-1.36943e-05 -1.03624e-05 0)
(-1.01089e-05 -7.2039e-06 0)
(-7.32302e-06 -5.01844e-06 0)
(-5.19046e-06 -3.52118e-06 0)
(-3.56163e-06 -2.51177e-06 0)
(-2.2985e-06 -1.8527e-06 0)
(0.000612134 0.0273564 0)
(0.000735552 0.0280707 0)
(-0.000744549 0.0302383 0)
(-0.002294 0.034523 0)
(-0.00201546 0.0410974 0)
(0.00154125 0.0477511 0)
(0.00790055 0.05202 0)
(0.0157323 0.0526335 0)
(0.0234012 0.048831 0)
(0.0292837 0.041071 0)
(0.0324381 0.0304469 0)
(0.0321719 0.0180601 0)
(0.0281596 0.00594828 0)
(0.021315 -0.00372094 0)
(0.0134368 -0.00976211 0)
(0.00634638 -0.0121886 0)
(0.00131441 -0.0119269 0)
(-0.00107077 -0.0102172 0)
(-0.000991795 -0.00876109 0)
(0.0006902 -0.00858121 0)
(0.00283138 -0.0103001 0)
(0.00427535 -0.0137451 0)
(0.00439903 -0.0182778 0)
(0.00259695 -0.0229009 0)
(-0.000531501 -0.0262918 0)
(-0.00400248 -0.0283733 0)
(-0.00748829 -0.0287903 0)
(-0.0104394 -0.0279833 0)
(-0.012643 -0.0259785 0)
(-0.0139751 -0.0238419 0)
(-0.0163055 -0.021773 0)
(-0.0191505 -0.0169677 0)
(-0.0209837 -0.0106133 0)
(-0.0220532 -0.00235713 0)
(-0.0214262 0.00772403 0)
(-0.018383 0.0189079 0)
(-0.0119994 0.0298302 0)
(-0.00283938 0.0378088 0)
(0.00742589 0.0414302 0)
(0.0172349 0.039874 0)
(0.0246602 0.0331588 0)
(0.0280405 0.0225096 0)
(0.027552 0.0106279 0)
(0.0229523 -0.00157848 0)
(0.0154362 -0.0102487 0)
(0.00766432 -0.0150759 0)
(0.000999065 -0.0162011 0)
(-0.00430361 -0.0151909 0)
(-0.00772175 -0.0114673 0)
(-0.00856379 -0.00694091 0)
(-0.00751437 -0.00283617 0)
(-0.00545752 -8.4241e-05 0)
(-0.00341592 0.00134941 0)
(-0.00178456 0.00186555 0)
(-0.000615804 0.0018965 0)
(0.000275706 0.00167957 0)
(0.000794693 0.00105777 0)
(0.00081637 0.000411301 0)
(0.000593845 2.67728e-05 0)
(0.000355257 -0.000141114 0)
(0.000175513 -0.00018333 0)
(6.28396e-05 -0.00017133 0)
(1.14888e-06 -0.000141188 0)
(-2.77005e-05 -0.00011007 0)
(-3.81763e-05 -8.23508e-05 0)
(-3.88158e-05 -6.01592e-05 0)
(-3.47945e-05 -4.32182e-05 0)
(-2.90765e-05 -3.06753e-05 0)
(-2.32153e-05 -2.15888e-05 0)
(-1.79406e-05 -1.51072e-05 0)
(-1.35254e-05 -1.0538e-05 0)
(-9.99135e-06 -7.34204e-06 0)
(-7.24193e-06 -5.12486e-06 0)
(-5.1352e-06 -3.60245e-06 0)
(-3.52482e-06 -2.57421e-06 0)
(-2.27512e-06 -1.90196e-06 0)
(0.000575815 0.0273041 0)
(0.000686679 0.0281165 0)
(-0.00072586 0.0303148 0)
(-0.00219691 0.0345648 0)
(-0.00188812 0.0410105 0)
(0.00159808 0.0475258 0)
(0.00781276 0.0517002 0)
(0.0154687 0.0522835 0)
(0.0229695 0.0485276 0)
(0.0287314 0.0408706 0)
(0.0318238 0.0303804 0)
(0.0315689 0.0181548 0)
(0.0276579 0.00619036 0)
(0.0209798 -0.00339471 0)
(0.0132823 -0.009433 0)
(0.00634016 -0.0119242 0)
(0.00140003 -0.0117689 0)
(-0.000961824 -0.0101685 0)
(-0.000918797 -0.00880203 0)
(0.000696113 -0.00866592 0)
(0.00276675 -0.0103784 0)
(0.00416419 -0.0137775 0)
(0.00428085 -0.0182382 0)
(0.00252203 -0.0227974 0)
(-0.000535077 -0.0261507 0)
(-0.0039314 -0.0282218 0)
(-0.00734987 -0.0286544 0)
(-0.0102502 -0.0278737 0)
(-0.0124301 -0.0259073 0)
(-0.013769 -0.0237717 0)
(-0.0160582 -0.0216605 0)
(-0.0188331 -0.0168765 0)
(-0.0206272 -0.0105569 0)
(-0.0216635 -0.0023546 0)
(-0.021031 0.0076352 0)
(-0.0180305 0.0187 0)
(-0.0117702 0.0294882 0)
(-0.00280315 0.0373856 0)
(0.00725007 0.0409984 0)
(0.0168612 0.0395067 0)
(0.0241426 0.032928 0)
(0.0274794 0.0224627 0)
(0.0270227 0.0107393 0)
(0.0225409 -0.00130627 0)
(0.0152091 -0.00991375 0)
(0.0076031 -0.0147598 0)
(0.0010531 -0.0159526 0)
(-0.00416211 -0.015002 0)
(-0.00752082 -0.0113768 0)
(-0.00836781 -0.00694582 0)
(-0.00736434 -0.00290541 0)
(-0.00536829 -0.000178254 0)
(-0.0033755 0.00126708 0)
(-0.00177412 0.00180454 0)
(-0.000620661 0.00185414 0)
(0.00025722 0.001648 0)
(0.000767247 0.00104519 0)
(0.000794089 0.000416164 0)
(0.000581832 3.72224e-05 0)
(0.000350625 -0.000131818 0)
(0.000174792 -0.000176988 0)
(6.37121e-05 -0.00016758 0)
(2.45562e-06 -0.000139218 0)
(-2.64339e-05 -0.000109207 0)
(-3.70961e-05 -8.21112e-05 0)
(-3.79658e-05 -6.02406e-05 0)
(-3.41522e-05 -4.34382e-05 0)
(-2.86042e-05 -3.09336e-05 0)
(-2.28747e-05 -2.18348e-05 0)
(-1.76983e-05 -1.53192e-05 0)
(-1.33549e-05 -1.07109e-05 0)
(-9.87233e-06 -7.47827e-06 0)
(-7.1596e-06 -5.22992e-06 0)
(-5.07899e-06 -3.68275e-06 0)
(-3.48732e-06 -2.63595e-06 0)
(-2.25129e-06 -1.95071e-06 0)
(0.000541495 0.0272549 0)
(0.000640512 0.0281601 0)
(-0.000707431 0.030388 0)
(-0.00210333 0.0346037 0)
(-0.00176619 0.0409251 0)
(0.00165065 0.047305 0)
(0.00772338 0.0513876 0)
(0.0152067 0.0519413 0)
(0.0225422 0.0482307 0)
(0.0281849 0.0406742 0)
(0.031216 0.0303151 0)
(0.0309723 0.018247 0)
(0.0271603 0.00642644 0)
(0.0206454 -0.00307621 0)
(0.0131253 -0.00911113 0)
(0.00632932 -0.0116651 0)
(0.00148036 -0.0116121 0)
(-0.000857417 -0.0101209 0)
(-0.000848591 -0.00884074 0)
(0.000701458 -0.00874751 0)
(0.00270348 -0.0104542 0)
(0.00405564 -0.013809 0)
(0.00416543 -0.0181994 0)
(0.00244889 -0.0226963 0)
(-0.000538185 -0.0260127 0)
(-0.00386105 -0.0280733 0)
(-0.00721294 -0.028521 0)
(-0.0100628 -0.0277656 0)
(-0.0122184 -0.0258364 0)
(-0.0135625 -0.023702 0)
(-0.0158108 -0.0215505 0)
(-0.0185172 -0.0167874 0)
(-0.0202729 -0.010502 0)
(-0.0212767 -0.00235245 0)
(-0.0206394 0.00754742 0)
(-0.017682 0.0184958 0)
(-0.0115437 0.0291532 0)
(-0.00276662 0.0369713 0)
(0.00707754 0.0405753 0)
(0.0164933 0.0391468 0)
(0.0236326 0.0327013 0)
(0.0269252 0.0224157 0)
(0.0264991 0.0108458 0)
(0.0221329 -0.00104114 0)
(0.0149816 -0.00958644 0)
(0.00753891 -0.0144499 0)
(0.00110372 -0.0157084 0)
(-0.00402428 -0.0148164 0)
(-0.00732411 -0.0112874 0)
(-0.00817515 -0.00694943 0)
(-0.00721603 -0.0029725 0)
(-0.00527921 -0.000267923 0)
(-0.00333432 0.00118651 0)
(-0.00176276 0.00174454 0)
(-0.000624858 0.00181238 0)
(0.000239386 0.00161708 0)
(0.00074058 0.00103275 0)
(0.000772303 0.000420624 0)
(0.000569923 4.72755e-05 0)
(0.000345907 -0.000122763 0)
(0.000173952 -0.000170761 0)
(6.44901e-05 -0.000163873 0)
(3.69979e-06 -0.00013726 0)
(-2.52049e-05 -0.000108339 0)
(-3.60365e-05 -8.18621e-05 0)
(-3.71258e-05 -6.03123e-05 0)
(-3.35138e-05 -4.36499e-05 0)
(-2.81324e-05 -3.11853e-05 0)
(-2.2533e-05 -2.20759e-05 0)
(-1.74545e-05 -1.55276e-05 0)
(-1.31828e-05 -1.08812e-05 0)
(-9.75183e-06 -7.61258e-06 0)
(-7.07606e-06 -5.33362e-06 0)
(-5.02185e-06 -3.76209e-06 0)
(-3.44913e-06 -2.69699e-06 0)
(-2.227e-06 -1.99893e-06 0)
(0.000509064 0.0272086 0)
(0.000596914 0.0282014 0)
(-0.000689268 0.030458 0)
(-0.00201314 0.0346397 0)
(-0.00164952 0.0408414 0)
(0.00169907 0.0470885 0)
(0.00763245 0.0510819 0)
(0.0149461 0.0516068 0)
(0.022119 0.0479402 0)
(0.0276441 0.0404817 0)
(0.0306147 0.0302511 0)
(0.0303818 0.0183367 0)
(0.0266668 0.00665663 0)
(0.0203118 -0.00276528 0)
(0.0129658 -0.00879637 0)
(0.00631399 -0.0114111 0)
(0.00155551 -0.0114559 0)
(-0.000757477 -0.0100747 0)
(-0.000781093 -0.00887744 0)
(0.000706233 -0.00882594 0)
(0.00264151 -0.0105275 0)
(0.00394962 -0.0138393 0)
(0.00405271 -0.0181616 0)
(0.0023775 -0.0225976 0)
(-0.000540827 -0.0258779 0)
(-0.00379141 -0.0279279 0)
(-0.00707747 -0.0283901 0)
(-0.00987724 -0.0276593 0)
(-0.012008 -0.0257657 0)
(-0.0133556 -0.0236329 0)
(-0.0155634 -0.021443 0)
(-0.0182029 -0.0167004 0)
(-0.0199205 -0.0104485 0)
(-0.0208927 -0.00235103 0)
(-0.0202516 0.00746071 0)
(-0.0173374 0.0182951 0)
(-0.0113198 0.0288251 0)
(-0.00272979 0.0365658 0)
(0.00690819 0.0401609 0)
(0.0161311 0.0387941 0)
(0.0231298 0.0324786 0)
(0.0263778 0.0223686 0)
(0.025981 0.0109519 0)
(0.0217281 -0.000783099 0)
(0.0147535 -0.00926664 0)
(0.00747184 -0.014146 0)
(0.001151 -0.0154684 0)
(-0.0038901 -0.0146339 0)
(-0.00713149 -0.0111991 0)
(-0.00798574 -0.00695198 0)
(-0.00706941 -0.00303724 0)
(-0.00519028 -0.000354534 0)
(-0.00329243 0.00110768 0)
(-0.00175053 0.00168555 0)
(-0.000628405 0.00177117 0)
(0.000222192 0.00158653 0)
(0.00071468 0.00102036 0)
(0.000751003 0.000424869 0)
(0.00055811 5.69409e-05 0)
(0.000341108 -0.000113946 0)
(0.000172997 -0.000164649 0)
(6.51761e-05 -0.000160211 0)
(4.88246e-06 -0.000135314 0)
(-2.4013e-05 -0.000107467 0)
(-3.49973e-05 -8.16042e-05 0)
(-3.62959e-05 -6.03746e-05 0)
(-3.28793e-05 -4.38533e-05 0)
(-2.76614e-05 -3.14305e-05 0)
(-2.21904e-05 -2.23118e-05 0)
(-1.72091e-05 -1.57323e-05 0)
(-1.30091e-05 -1.10488e-05 0)
(-9.6299e-06 -7.74498e-06 0)
(-6.99133e-06 -5.43594e-06 0)
(-4.96377e-06 -3.84043e-06 0)
(-3.41027e-06 -2.75731e-06 0)
(-2.20226e-06 -2.04662e-06 0)
(0.000478416 0.0271652 0)
(0.000555752 0.0282407 0)
(-0.000671374 0.0305249 0)
(-0.00192623 0.034673 0)
(-0.00153796 0.0407594 0)
(0.00174343 0.046876 0)
(0.00754004 0.0507832 0)
(0.014687 0.0512798 0)
(0.0216999 0.0476559 0)
(0.0271088 0.0402932 0)
(0.0300197 0.0301882 0)
(0.0297974 0.0184241 0)
(0.0261774 0.00688107 0)
(0.0199789 -0.00246178 0)
(0.0128041 -0.00848862 0)
(0.00629435 -0.0111622 0)
(0.00162555 -0.0113003 0)
(-0.000661962 -0.0100302 0)
(-0.000716192 -0.00891213 0)
(0.000710442 -0.00890137 0)
(0.00258079 -0.0105984 0)
(0.0038461 -0.0138682 0)
(0.0039426 -0.0181247 0)
(0.00230782 -0.0225011 0)
(-0.000543009 -0.025746 0)
(-0.00372245 -0.0277855 0)
(-0.00694341 -0.0282616 0)
(-0.00969344 -0.0275545 0)
(-0.0117988 -0.0256955 0)
(-0.0131483 -0.0235643 0)
(-0.0153161 -0.021338 0)
(-0.0178902 -0.0166155 0)
(-0.0195702 -0.0103964 0)
(-0.0205116 -0.00235077 0)
(-0.0198674 0.00737507 0)
(-0.0169967 0.018098 0)
(-0.0110985 0.0285038 0)
(-0.00269266 0.0361689 0)
(0.00674198 0.0397551 0)
(0.0157744 0.0384486 0)
(0.0226342 0.0322599 0)
(0.0258371 0.0223214 0)
(0.0254683 0.0110525 0)
(0.0213263 -0.000532273 0)
(0.0145251 -0.0089542 0)
(0.00740198 -0.0138483 0)
(0.00119501 -0.0152327 0)
(-0.00375944 -0.0144546 0)
(-0.00694291 -0.0111119 0)
(-0.00779952 -0.00695366 0)
(-0.00692444 -0.00309988 0)
(-0.00510153 -0.000440056 0)
(-0.00324986 0.00103057 0)
(-0.00173744 0.00162755 0)
(-0.00063132 0.00173053 0)
(0.000205628 0.00155654 0)
(0.000689534 0.00100807 0)
(0.000730179 0.000428619 0)
(0.0005464 6.62231e-05 0)
(0.000336235 -0.000105363 0)
(0.000171932 -0.000158652 0)
(6.57721e-05 -0.000156593 0)
(6.0047e-06 -0.000133381 0)
(-2.28577e-05 -0.000106591 0)
(-3.39785e-05 -8.1338e-05 0)
(-3.54761e-05 -6.04279e-05 0)
(-3.22489e-05 -4.40488e-05 0)
(-2.71911e-05 -3.16691e-05 0)
(-2.1847e-05 -2.25435e-05 0)
(-1.69623e-05 -1.59333e-05 0)
(-1.28338e-05 -1.12137e-05 0)
(-9.50655e-06 -7.87544e-06 0)
(-6.90543e-06 -5.53687e-06 0)
(-4.90479e-06 -3.91778e-06 0)
(-3.37074e-06 -2.8169e-06 0)
(-2.17707e-06 -2.09377e-06 0)
(0.000449452 0.0271244 0)
(0.000516902 0.0282781 0)
(-0.000653755 0.0305889 0)
(-0.00184251 0.0347038 0)
(-0.00143136 0.040679 0)
(0.00178382 0.0466677 0)
(0.00744618 0.0504913 0)
(0.0144294 0.0509602 0)
(0.0212848 0.0473778 0)
(0.0265791 0.0401085 0)
(0.0294309 0.0301266 0)
(0.0292188 0.0185092 0)
(0.0256918 0.00709986 0)
(0.0196469 -0.00216557 0)
(0.0126401 -0.00818777 0)
(0.00627054 -0.0109183 0)
(0.00169058 -0.011146 0)
(-0.000570805 -0.00998676 0)
(-0.000653806 -0.00894461 0)
(0.000714078 -0.00897419 0)
(0.00252128 -0.010667 0)
(0.00374487 -0.0138963 0)
(0.00383505 -0.0180886 0)
(0.00223981 -0.0224068 0)
(-0.000544733 -0.0256172 0)
(-0.00365414 -0.0276461 0)
(-0.00681072 -0.0281355 0)
(-0.00951136 -0.0274514 0)
(-0.0115908 -0.0256256 0)
(-0.0129407 -0.0234964 0)
(-0.0150687 -0.0212355 0)
(-0.017579 -0.0165326 0)
(-0.0192219 -0.0103457 0)
(-0.0201332 -0.00235116 0)
(-0.0194868 0.00729054 0)
(-0.0166597 0.0179045 0)
(-0.0108796 0.0281892 0)
(-0.00265526 0.0357805 0)
(0.00657881 0.0393577 0)
(0.0154233 0.0381101 0)
(0.0221456 0.0320452 0)
(0.0253028 0.0222741 0)
(0.024961 0.0111519 0)
(0.0209278 -0.000289191 0)
(0.0142963 -0.00864899 0)
(0.00732942 -0.0135565 0)
(0.00123583 -0.0150011 0)
(-0.00363228 -0.0142784 0)
(-0.00675825 -0.011026 0)
(-0.0076164 -0.00695437 0)
(-0.00678116 -0.00316024 0)
(-0.00501297 -0.000523754 0)
(-0.00320659 0.00095516 0)
(-0.00172351 0.00157057 0)
(-0.000633603 0.00169047 0)
(0.000189684 0.00152703 0)
(0.000665108 0.000996057 0)
(0.000709819 0.000432113 0)
(0.000534796 7.51492e-05 0)
(0.000331291 -9.70107e-05 0)
(0.00017076 -0.00015277 0)
(6.62804e-05 -0.000153022 0)
(7.06756e-06 -0.000131462 0)
(-2.17387e-05 -0.000105712 0)
(-3.298e-05 -8.10641e-05 0)
(-3.46664e-05 -6.04726e-05 0)
(-3.16226e-05 -4.42365e-05 0)
(-2.67216e-05 -3.19015e-05 0)
(-2.15028e-05 -2.27677e-05 0)
(-1.6714e-05 -1.61307e-05 0)
(-1.26569e-05 -1.1376e-05 0)
(-9.38182e-06 -8.00396e-06 0)
(-6.81838e-06 -5.63641e-06 0)
(-4.84491e-06 -3.99412e-06 0)
(-3.33056e-06 -2.87576e-06 0)
(-2.15145e-06 -2.14036e-06 0)
(0.000422078 0.0270861 0)
(0.000480245 0.0283135 0)
(-0.000636415 0.0306501 0)
(-0.00176187 0.0347321 0)
(-0.00132958 0.0406003 0)
(0.00182036 0.0464635 0)
(0.00735094 0.050206 0)
(0.0141731 0.0506479 0)
(0.0208736 0.0471057 0)
(0.0260546 0.0399276 0)
(0.0288481 0.0300661 0)
(0.028646 0.0185919 0)
(0.0252101 0.00731313 0)
(0.0193156 -0.00187652 0)
(0.0124739 -0.0078937 0)
(0.00624269 -0.0106794 0)
(0.00175071 -0.0109933 0)
(-0.000483927 -0.00994395 0)
(-0.000593862 -0.00897479 0)
(0.000717133 -0.00904461 0)
(0.00246294 -0.0107333 0)
(0.00364607 -0.0139232 0)
(0.00372998 -0.0180533 0)
(0.00217343 -0.0223148 0)
(-0.000546006 -0.0254913 0)
(-0.00358646 -0.0275097 0)
(-0.00667936 -0.0280118 0)
(-0.00933093 -0.0273499 0)
(-0.011384 -0.0255561 0)
(-0.0127328 -0.0234291 0)
(-0.0148214 -0.0211353 0)
(-0.0172692 -0.0164516 0)
(-0.0188755 -0.0102963 0)
(-0.0197576 -0.00235149 0)
(-0.0191096 0.00720712 0)
(-0.0163264 0.0177145 0)
(-0.0106631 0.0278813 0)
(-0.00261757 0.0354005 0)
(0.00641864 0.0389687 0)
(0.0150774 0.0377785 0)
(0.0216639 0.0318345 0)
(0.0247751 0.0222269 0)
(0.0244588 0.0112479 0)
(0.0205322 -5.50506e-05 0)
(0.0140672 -0.00835089 0)
(0.00725424 -0.0132707 0)
(0.00127353 -0.0147738 0)
(-0.00350853 -0.0141055 0)
(-0.00657746 -0.0109411 0)
(-0.00743633 -0.0069541 0)
(-0.00663949 -0.00321854 0)
(-0.00492461 -0.000603242 0)
(-0.00316268 0.000881438 0)
(-0.00170878 0.00151458 0)
(-0.000635279 0.00165096 0)
(0.000174357 0.00149801 0)
(0.000641405 0.000984203 0)
(0.000689907 0.000435363 0)
(0.000523297 8.37143e-05 0)
(0.000326284 -8.8885e-05 0)
(0.000169486 -0.000147002 0)
(6.67033e-05 -0.000149498 0)
(8.07213e-06 -0.000129559 0)
(-2.06554e-05 -0.000104832 0)
(-3.20016e-05 -8.07832e-05 0)
(-3.38667e-05 -6.05091e-05 0)
(-3.10004e-05 -4.44167e-05 0)
(-2.62529e-05 -3.21276e-05 0)
(-2.11578e-05 -2.29861e-05 0)
(-1.64645e-05 -1.63245e-05 0)
(-1.24786e-05 -1.15356e-05 0)
(-9.25573e-06 -8.13053e-06 0)
(-6.7302e-06 -5.73453e-06 0)
(-4.78415e-06 -4.06944e-06 0)
(-3.28973e-06 -2.93388e-06 0)
(-2.1254e-06 -2.18639e-06 0)
(0.000396199 0.0270502 0)
(0.000445672 0.0283473 0)
(-0.000619354 0.0307085 0)
(-0.00168421 0.0347582 0)
(-0.00123249 0.040523 0)
(0.00185312 0.0462633 0)
(0.00725435 0.0499273 0)
(0.0139181 0.0503427 0)
(0.0204661 0.0468397 0)
(0.0255354 0.0397505 0)
(0.0282712 0.0300068 0)
(0.0280789 0.0186725 0)
(0.0247321 0.007521 0)
(0.018985 -0.00159449 0)
(0.0123056 -0.00760631 0)
(0.00621093 -0.0104455 0)
(0.00180604 -0.0108429 0)
(-0.000401239 -0.00990136 0)
(-0.000536303 -0.00900245 0)
(0.000719596 -0.00911303 0)
(0.00240575 -0.0107974 0)
(0.00354946 -0.0139484 0)
(0.00362731 -0.0180189 0)
(0.00210865 -0.0222249 0)
(-0.000546831 -0.0253683 0)
(-0.00351939 -0.0273762 0)
(-0.00654929 -0.0278905 0)
(-0.00915213 -0.0272501 0)
(-0.0111783 -0.0254872 0)
(-0.0125247 -0.0233626 0)
(-0.0145741 -0.0210374 0)
(-0.0169608 -0.0163726 0)
(-0.018531 -0.0102482 0)
(-0.0193846 -0.00235313 0)
(-0.0187358 0.00712483 0)
(-0.0159967 0.017528 0)
(-0.0104489 0.0275798 0)
(-0.00257961 0.0350288 0)
(0.00626136 0.0385879 0)
(0.0147367 0.0374538 0)
(0.0211888 0.0316277 0)
(0.0242535 0.0221797 0)
(0.0239616 0.0113407 0)
(0.0201397 0.000166065 0)
(0.0138379 -0.00805975 0)
(0.00717653 -0.0129907 0)
(0.00130817 -0.0145506 0)
(-0.00338812 -0.0139356 0)
(-0.0064004 -0.0108575 0)
(-0.00725923 -0.00695317 0)
(-0.00649938 -0.00327481 0)
(-0.00483646 -0.000680405 0)
(-0.00311822 0.000809386 0)
(-0.00169328 0.0014596 0)
(-0.000636345 0.00161207 0)
(0.000159633 0.0014695 0)
(0.000618389 0.000972387 0)
(0.000670437 0.000438251 0)
(0.000511905 9.19381e-05 0)
(0.000321219 -8.09824e-05 0)
(0.000168113 -0.000141349 0)
(6.70427e-05 -0.000146023 0)
(9.01948e-06 -0.000127672 0)
(-1.96072e-05 -0.00010395 0)
(-3.10431e-05 -8.04957e-05 0)
(-3.30772e-05 -6.05376e-05 0)
(-3.03823e-05 -4.45894e-05 0)
(-2.57851e-05 -3.23476e-05 0)
(-2.08122e-05 -2.32019e-05 0)
(-1.62136e-05 -1.65146e-05 0)
(-1.22989e-05 -1.16925e-05 0)
(-9.12832e-06 -8.25515e-06 0)
(-6.64091e-06 -5.83124e-06 0)
(-4.72252e-06 -4.14373e-06 0)
(-3.24827e-06 -2.99123e-06 0)
(-2.09892e-06 -2.23185e-06 0)
(0.000371742 0.0270165 0)
(0.000413066 0.0283798 0)
(-0.000602588 0.0307639 0)
(-0.00160943 0.034782 0)
(-0.00113995 0.0404475 0)
(0.0018822 0.0460671 0)
(0.00715646 0.049655 0)
(0.0136645 0.0500446 0)
(0.0200623 0.0465795 0)
(0.0250213 0.0395771 0)
(0.0277 0.0299486 0)
(0.0275172 0.0187508 0)
(0.0242578 0.00772355 0)
(0.0186552 -0.00131936 0)
(0.0121353 -0.0073255 0)
(0.00617537 -0.0102164 0)
(0.0018567 -0.0106955 0)
(-0.000322624 -0.00985816 0)
(-0.000481098 -0.00902765 0)
(0.000721447 -0.00917955 0)
(0.00234969 -0.0108594 0)
(0.003455 -0.0139726 0)
(0.00352697 -0.0179853 0)
(0.00204542 -0.0221371 0)
(-0.000547214 -0.0252481 0)
(-0.00345291 -0.0272455 0)
(-0.00642048 -0.0277715 0)
(-0.00897489 -0.0271519 0)
(-0.0109737 -0.0254188 0)
(-0.0123163 -0.0232967 0)
(-0.0143269 -0.0209418 0)
(-0.0166539 -0.0162956 0)
(-0.0181884 -0.0102014 0)
(-0.0190142 -0.00235556 0)
(-0.0183652 0.0070437 0)
(-0.0156704 0.017345 0)
(-0.010237 0.0272849 0)
(-0.00254139 0.0346652 0)
(0.00610694 0.0382153 0)
(0.014401 0.037136 0)
(0.0207202 0.0314248 0)
(0.0237381 0.0221327 0)
(0.023469 0.0114321 0)
(0.01975 0.000396977 0)
(0.0136087 -0.00777545 0)
(0.00709636 -0.0127166 0)
(0.00133983 -0.0143315 0)
(-0.003271 -0.0137688 0)
(-0.00622705 -0.010775 0)
(-0.00708504 -0.00695131 0)
(-0.00636081 -0.00332902 0)
(-0.00474853 -0.000756683 0)
(-0.00307318 0.000738984 0)
(-0.00167701 0.00140562 0)
(-0.000636827 0.00157375 0)
(0.000145501 0.00144144 0)
(0.000596058 0.000960709 0)
(0.000651399 0.000440805 0)
(0.000500623 9.9836e-05 0)
(0.000316099 -7.32991e-05 0)
(0.000166645 -0.00013581 0)
(6.7301e-05 -0.000142597 0)
(9.91072e-06 -0.000125803 0)
(-1.85937e-05 -0.000103068 0)
(-3.01044e-05 -8.02023e-05 0)
(-3.22976e-05 -6.05586e-05 0)
(-2.97685e-05 -4.4755e-05 0)
(-2.53182e-05 -3.25615e-05 0)
(-2.04659e-05 -2.34133e-05 0)
(-1.59615e-05 -1.67012e-05 0)
(-1.21177e-05 -1.18467e-05 0)
(-8.9996e-06 -8.3778e-06 0)
(-6.55053e-06 -5.92651e-06 0)
(-4.66004e-06 -4.21698e-06 0)
(-3.20619e-06 -3.04782e-06 0)
(-2.07203e-06 -2.27673e-06 0)
(0.000348632 0.0269849 0)
(0.000382317 0.028411 0)
(-0.000586128 0.0308166 0)
(-0.00153743 0.0348037 0)
(-0.00105183 0.0403742 0)
(0.00190769 0.045874 0)
(0.00705733 0.0493891 0)
(0.0134121 0.0497535 0)
(0.0196622 0.0463252 0)
(0.0245121 0.0394074 0)
(0.0271345 0.0298915 0)
(0.0269608 0.018827 0)
(0.023787 0.00792092 0)
(0.0183262 -0.00105101 0)
(0.011963 -0.00705117 0)
(0.00613607 -0.00999214 0)
(0.00190282 -0.0105521 0)
(-0.000247958 -0.0098135 0)
(-0.000428229 -0.00905112 0)
(0.000722675 -0.00924358 0)
(0.00229473 -0.0109192 0)
(0.00336268 -0.0139965 0)
(0.00342891 -0.0179524 0)
(0.00198372 -0.0220514 0)
(-0.000547159 -0.0251307 0)
(-0.00338699 -0.0271177 0)
(-0.00629288 -0.0276549 0)
(-0.00879917 -0.0270554 0)
(-0.0107701 -0.0253509 0)
(-0.0121078 -0.0232316 0)
(-0.0140799 -0.0208485 0)
(-0.0163483 -0.0162204 0)
(-0.0178476 -0.0101559 0)
(-0.0186464 -0.00235772 0)
(-0.0179979 0.00696372 0)
(-0.0153476 0.0171655 0)
(-0.0100272 0.0269963 0)
(-0.0025029 0.0343096 0)
(0.00595527 0.0378507 0)
(0.0140703 0.0368249 0)
(0.0202579 0.0312259 0)
(0.0232287 0.0220857 0)
(0.0229819 0.0115191 0)
(0.0193632 0.000630438 0)
(0.0133787 -0.00749789 0)
(0.00701381 -0.0124482 0)
(0.00136858 -0.0141166 0)
(-0.00315706 -0.0136052 0)
(-0.00605727 -0.0106937 0)
(-0.00691371 -0.00694872 0)
(-0.00622382 -0.00338144 0)
(-0.00466084 -0.000829651 0)
(-0.00302758 0.000670215 0)
(-0.00166002 0.00135263 0)
(-0.000636724 0.00153601 0)
(0.000131951 0.00141395 0)
(0.000574381 0.000949107 0)
(0.000632783 0.00044318 0)
(0.000489455 0.000107418 0)
(0.00031093 -6.58312e-05 0)
(0.000165086 -0.000130384 0)
(6.748e-05 -0.000139222 0)
(1.07469e-05 -0.000123952 0)
(-1.76145e-05 -0.000102186 0)
(-2.91854e-05 -7.99036e-05 0)
(-3.15281e-05 -6.05723e-05 0)
(-2.91588e-05 -4.49137e-05 0)
(-2.48524e-05 -3.27696e-05 0)
(-2.01191e-05 -2.36207e-05 0)
(-1.57082e-05 -1.68842e-05 0)
(-1.19351e-05 -1.19982e-05 0)
(-8.8696e-06 -8.49847e-06 0)
(-6.45909e-06 -6.02035e-06 0)
(-4.59672e-06 -4.28918e-06 0)
(-3.16348e-06 -3.10364e-06 0)
(-2.04473e-06 -2.32102e-06 0)
(0.000326798 0.0269554 0)
(0.000353324 0.0284408 0)
(-0.000569981 0.0308667 0)
(-0.00146809 0.0348235 0)
(-0.000968036 0.0403016 0)
(0.00192966 0.0456856 0)
(0.00695702 0.0491294 0)
(0.013161 0.0494691 0)
(0.0192655 0.0460766 0)
(0.0240078 0.0392413 0)
(0.0265744 0.0298356 0)
(0.0264097 0.0189011 0)
(0.0233198 0.00811319 0)
(0.017998 -0.000789336 0)
(0.0117888 -0.00678322 0)
(0.00609312 -0.00977265 0)
(0.00194456 -0.0104126 0)
(-0.000177113 -0.00976748 0)
(-0.00037768 -0.00907323 0)
(0.000723289 -0.00930488 0)
(0.00224079 -0.0109771 0)
(0.00327237 -0.0140197 0)
(0.00333307 -0.0179203 0)
(0.00192351 -0.0219678 0)
(-0.000546673 -0.025016 0)
(-0.00332161 -0.0269926 0)
(-0.00616647 -0.0275406 0)
(-0.00862493 -0.0269605 0)
(-0.0105677 -0.0252837 0)
(-0.011899 -0.0231672 0)
(-0.0138329 -0.0207573 0)
(-0.0160441 -0.016147 0)
(-0.0175086 -0.0101117 0)
(-0.0182811 -0.00236022 0)
(-0.0176337 0.00688492 0)
(-0.015028 0.0169894 0)
(-0.00981963 0.026714 0)
(-0.00246416 0.033962 0)
(0.00580633 0.037494 0)
(0.0137445 0.0365204 0)
(0.0198019 0.0310308 0)
(0.0227252 0.022039 0)
(0.0224996 0.0116054 0)
(0.0189792 0.000859422 0)
(0.0131485 -0.00722696 0)
(0.00692896 -0.0121855 0)
(0.00139448 -0.0139058 0)
(-0.00304629 -0.0134446 0)
(-0.00589101 -0.0106136 0)
(-0.00674515 -0.00694558 0)
(-0.00608827 -0.00343184 0)
(-0.00457338 -0.000900462 0)
(-0.0029815 0.00060306 0)
(-0.00164231 0.00130064 0)
(-0.000636055 0.00149887 0)
(0.000118972 0.00138684 0)
(0.000553356 0.000937642 0)
(0.000614582 0.000445384 0)
(0.000478394 0.000114692 0)
(0.000305716 -5.8575e-05 0)
(0.000163439 -0.000125072 0)
(6.75821e-05 -0.000135897 0)
(1.15292e-05 -0.000122121 0)
(-1.66688e-05 -0.000101305 0)
(-2.82859e-05 -7.95999e-05 0)
(-3.07686e-05 -6.05792e-05 0)
(-2.85535e-05 -4.50656e-05 0)
(-2.43877e-05 -3.29718e-05 0)
(-1.97717e-05 -2.38233e-05 0)
(-1.54536e-05 -1.70636e-05 0)
(-1.17512e-05 -1.21471e-05 0)
(-8.73836e-06 -8.61717e-06 0)
(-6.36659e-06 -6.11273e-06 0)
(-4.53258e-06 -4.36032e-06 0)
(-3.12018e-06 -3.15867e-06 0)
(-2.01702e-06 -2.36471e-06 0)
(0.000306169 0.0269277 0)
(0.00032599 0.0284692 0)
(-0.000554152 0.0309144 0)
(-0.00140137 0.0348414 0)
(-0.000888391 0.0402286 0)
(0.00194824 0.0455029 0)
(0.0068555 0.0488759 0)
(0.0129111 0.0491915 0)
(0.0188722 0.0458336 0)
(0.0235083 0.0390789 0)
(0.0260197 0.0297808 0)
(0.0258637 0.0189732 0)
(0.0228559 0.00830047 0)
(0.0176704 -0.000534261 0)
(0.0116128 -0.00652156 0)
(0.00604659 -0.00955787 0)
(0.00198204 -0.0102762 0)
(-0.00010998 -0.00972096 0)
(-0.000329421 -0.00909388 0)
(0.000723297 -0.00936369 0)
(0.00218783 -0.0110329 0)
(0.00318411 -0.0140419 0)
(0.00323939 -0.017889 0)
(0.00186475 -0.0218861 0)
(-0.000545761 -0.024904 0)
(-0.00325675 -0.0268704 0)
(-0.00604121 -0.0274286 0)
(-0.00845213 -0.0268673 0)
(-0.0103662 -0.0252171 0)
(-0.0116902 -0.0231036 0)
(-0.0135861 -0.0206683 0)
(-0.0157412 -0.0160754 0)
(-0.0171714 -0.0100686 0)
(-0.0179183 -0.0023634 0)
(-0.0172726 0.00680729 0)
(-0.0147116 0.0168168 0)
(-0.00961412 0.0264379 0)
(-0.00242518 0.0336222 0)
(0.00566001 0.0371453 0)
(0.0134234 0.0362224 0)
(0.0193519 0.0308395 0)
(0.0222274 0.0219925 0)
(0.0220225 0.0116875 0)
(0.0185979 0.00107827 0)
(0.0129175 -0.00696262 0)
(0.00684188 -0.0119284 0)
(0.0014176 -0.0136991 0)
(-0.00293858 -0.0132872 0)
(-0.00572818 -0.0105347 0)
(-0.00657932 -0.00694152 0)
(-0.00595423 -0.00348081 0)
(-0.00448618 -0.000970184 0)
(-0.00293493 0.00053751 0)
(-0.00162392 0.00124964 0)
(-0.000634828 0.00146232 0)
(0.000106556 0.00136033 0)
(0.00053296 0.000926432 0)
(0.000596782 0.000447292 0)
(0.000467446 0.000121675 0)
(0.000300461 -5.15266e-05 0)
(0.000161708 -0.000119872 0)
(6.7609e-05 -0.000132625 0)
(1.22586e-05 -0.00012031 0)
(-1.57563e-05 -0.000100425 0)
(-2.74057e-05 -7.9292e-05 0)
(-3.0019e-05 -6.05796e-05 0)
(-2.79524e-05 -4.52109e-05 0)
(-2.39242e-05 -3.31683e-05 0)
(-1.94239e-05 -2.40212e-05 0)
(-1.51979e-05 -1.72395e-05 0)
(-1.1566e-05 -1.22933e-05 0)
(-8.6059e-06 -8.73388e-06 0)
(-6.27306e-06 -6.20366e-06 0)
(-4.46763e-06 -4.43038e-06 0)
(-3.07628e-06 -3.21291e-06 0)
(-1.98891e-06 -2.4078e-06 0)
(0.00028668 0.0269018 0)
(0.000300225 0.0284964 0)
(-0.000538648 0.0309597 0)
(-0.00133721 0.0348575 0)
(-0.000812747 0.0401559 0)
(0.00196357 0.0453252 0)
(0.00675281 0.0486284 0)
(0.0126624 0.0489205 0)
(0.0184823 0.0455963 0)
(0.0230134 0.03892 0)
(0.0254703 0.0297271 0)
(0.0253227 0.0190433 0)
(0.0223953 0.00848285 0)
(0.0173436 -0.000285867 0)
(0.011435 -0.00626608 0)
(0.00599657 -0.00934776 0)
(0.00201539 -0.0101425 0)
(-4.64607e-05 -0.00967445 0)
(-0.000283408 -0.00911305 0)
(0.000722699 -0.00942015 0)
(0.00213583 -0.0110869 0)
(0.0030977 -0.0140631 0)
(0.00314781 -0.0178584 0)
(0.00180741 -0.0218065 0)
(-0.000544428 -0.0247947 0)
(-0.0031924 -0.0267508 0)
(-0.00591706 -0.0273189 0)
(-0.00828071 -0.0267757 0)
(-0.0101658 -0.0251512 0)
(-0.0114812 -0.0230408 0)
(-0.0133395 -0.0205815 0)
(-0.0154396 -0.0160057 0)
(-0.0168359 -0.0100268 0)
(-0.0175579 -0.00236761 0)
(-0.0169146 0.0067309 0)
(-0.0143984 0.0166476 0)
(-0.00941061 0.0261679 0)
(-0.00238595 0.0332901 0)
(0.00551629 0.0368042 0)
(0.0131069 0.035931 0)
(0.0189079 0.030652 0)
(0.0217351 0.0219462 0)
(0.0215499 0.0117683 0)
(0.0182193 0.00128911 0)
(0.0126866 -0.00670466 0)
(0.00675265 -0.0116769 0)
(0.00143801 -0.0134964 0)
(-0.00283389 -0.0131327 0)
(-0.00556869 -0.010457 0)
(-0.00641615 -0.00693712 0)
(-0.00582163 -0.00352755 0)
(-0.00439922 -0.00103699 0)
(-0.00288789 0.000473534 0)
(-0.00160487 0.00119962 0)
(-0.000633054 0.00142636 0)
(9.46947e-05 0.00133426 0)
(0.000513177 0.000915351 0)
(0.000579374 0.000448969 0)
(0.000456609 0.000128365 0)
(0.000295168 -4.46823e-05 0)
(0.000159896 -0.000114784 0)
(6.75629e-05 -0.000129404 0)
(1.29363e-05 -0.000118522 0)
(-1.48763e-05 -9.95475e-05 0)
(-2.65446e-05 -7.89804e-05 0)
(-2.92792e-05 -6.05737e-05 0)
(-2.73556e-05 -4.53498e-05 0)
(-2.34617e-05 -3.33591e-05 0)
(-1.90756e-05 -2.42146e-05 0)
(-1.49411e-05 -1.74118e-05 0)
(-1.13795e-05 -1.24368e-05 0)
(-8.47225e-06 -8.8486e-06 0)
(-6.17853e-06 -6.29312e-06 0)
(-4.40189e-06 -4.49937e-06 0)
(-3.03179e-06 -3.26635e-06 0)
(-1.96042e-06 -2.45027e-06 0)
(0.000268268 0.0268775 0)
(0.000275943 0.0285223 0)
(-0.000523472 0.0310029 0)
(-0.00127555 0.0348719 0)
(-0.000740969 0.040084 0)
(0.00197574 0.045152 0)
(0.00664894 0.0483868 0)
(0.0124148 0.048656 0)
(0.0180956 0.0453645 0)
(0.022523 0.0387646 0)
(0.024926 0.0296745 0)
(0.0247865 0.0191113 0)
(0.021938 0.00866044 0)
(0.0170176 -4.67833e-05 0)
(0.0112554 -0.0060167 0)
(0.00594317 -0.00914226 0)
(0.00204471 -0.0100114 0)
(1.35359e-05 -0.0096281 0)
(-0.000239594 -0.00913074 0)
(0.000721497 -0.00947437 0)
(0.00208474 -0.0111389 0)
(0.00301315 -0.0140839 0)
(0.00305827 -0.0178286 0)
(0.00175145 -0.0217287 0)
(-0.000542681 -0.024688 0)
(-0.00312853 -0.026634 0)
(-0.00579399 -0.0272114 0)
(-0.00811065 -0.0266857 0)
(-0.00996633 -0.025086 0)
(-0.0112722 -0.0229789 0)
(-0.013093 -0.0204967 0)
(-0.0151393 -0.0159376 0)
(-0.0165021 -0.0099861 0)
(-0.0171998 -0.00237123 0)
(-0.0165594 0.00665565 0)
(-0.0140882 0.0164817 0)
(-0.00920906 0.025904 0)
(-0.00234648 0.0329656 0)
(0.00537507 0.0364709 0)
(0.0127949 0.035646 0)
(0.0184696 0.0304684 0)
(0.0212484 0.0219002 0)
(0.0210822 0.0118462 0)
(0.0178433 0.00149333 0)
(0.012455 -0.00645321 0)
(0.00666132 -0.0114309 0)
(0.00145577 -0.0132978 0)
(-0.00273214 -0.0129812 0)
(-0.00541249 -0.0103806 0)
(-0.00625556 -0.00693195 0)
(-0.00569044 -0.00357294 0)
(-0.00431255 -0.00110165 0)
(-0.00284043 0.000411133 0)
(-0.00158517 0.00115059 0)
(-0.000630745 0.001391 0)
(8.33763e-05 0.00130864 0)
(0.000493994 0.000904373 0)
(0.00056235 0.000450433 0)
(0.000445885 0.000134788 0)
(0.000289843 -3.80382e-05 0)
(0.000158007 -0.000109808 0)
(6.74457e-05 -0.000126237 0)
(1.35633e-05 -0.000116757 0)
(-1.40283e-05 -9.86711e-05 0)
(-2.57025e-05 -7.86654e-05 0)
(-2.85493e-05 -6.0562e-05 0)
(-2.67631e-05 -4.54825e-05 0)
(-2.30005e-05 -3.35445e-05 0)
(-1.8727e-05 -2.44035e-05 0)
(-1.46832e-05 -1.75806e-05 0)
(-1.11918e-05 -1.25776e-05 0)
(-8.33742e-06 -8.96131e-06 0)
(-6.083e-06 -6.38109e-06 0)
(-4.33536e-06 -4.56727e-06 0)
(-2.98673e-06 -3.31897e-06 0)
(-1.93154e-06 -2.49212e-06 0)
(0.000250873 0.0268549 0)
(0.000253061 0.0285471 0)
(-0.000508629 0.031044 0)
(-0.00121632 0.0348847 0)
(-0.000672931 0.0400129 0)
(0.00198486 0.0449831 0)
(0.00654393 0.0481511 0)
(0.0121683 0.0483979 0)
(0.017712 0.045138 0)
(0.022037 0.0386127 0)
(0.0243866 0.029623 0)
(0.024255 0.0191775 0)
(0.0214837 0.00883334 0)
(0.0166923 0.000192538 0)
(0.0110744 -0.00577331 0)
(0.00588647 -0.00894132 0)
(0.00207009 -0.00988283 0)
(7.01017e-05 -0.00958203 0)
(-0.000197931 -0.00914697 0)
(0.000719694 -0.00952647 0)
(0.00203452 -0.0111892 0)
(0.00293045 -0.014104 0)
(0.00297072 -0.0177994 0)
(0.00169685 -0.0216529 0)
(-0.000540525 -0.0245839 0)
(-0.00306512 -0.0265198 0)
(-0.00567196 -0.0271062 0)
(-0.00794189 -0.0265975 0)
(-0.00976783 -0.0250217 0)
(-0.011063 -0.0229179 0)
(-0.0128467 -0.020414 0)
(-0.0148402 -0.0158713 0)
(-0.01617 -0.00994656 0)
(-0.016844 -0.00237587 0)
(-0.0162072 0.00658177 0)
(-0.013781 0.0163194 0)
(-0.00900941 0.0256461 0)
(-0.00230678 0.0326486 0)
(0.00523632 0.036145 0)
(0.0124872 0.0353673 0)
(0.0180369 0.0302885 0)
(0.0207671 0.0218545 0)
(0.0206187 0.0119214 0)
(0.01747 0.00168986 0)
(0.0122235 -0.00620775 0)
(0.00656799 -0.0111904 0)
(0.00147094 -0.0131032 0)
(-0.00263327 -0.0128328 0)
(-0.00525947 -0.0103054 0)
(-0.00609754 -0.00692634 0)
(-0.00556063 -0.00361657 0)
(-0.00422611 -0.0011654 0)
(-0.00279256 0.000350269 0)
(-0.00156486 0.00110255 0)
(-0.000627914 0.00135624 0)
(7.25912e-05 0.00128357 0)
(0.000475396 0.000893468 0)
(0.0005457 0.000451699 0)
(0.000435273 0.000140936 0)
(0.000284487 -3.15906e-05 0)
(0.000156043 -0.000104942 0)
(6.72593e-05 -0.000123124 0)
(1.41409e-05 -0.000115018 0)
(-1.32117e-05 -9.7795e-05 0)
(-2.48793e-05 -7.83478e-05 0)
(-2.78291e-05 -6.05447e-05 0)
(-2.61749e-05 -4.56092e-05 0)
(-2.25406e-05 -3.37244e-05 0)
(-1.8378e-05 -2.45879e-05 0)
(-1.44243e-05 -1.77459e-05 0)
(-1.10029e-05 -1.27158e-05 0)
(-8.20146e-06 -9.07203e-06 0)
(-5.98651e-06 -6.46759e-06 0)
(-4.26807e-06 -4.63407e-06 0)
(-2.94111e-06 -3.37078e-06 0)
(-1.90228e-06 -2.53335e-06 0)
(0.000234438 0.0268337 0)
(0.000231501 0.0285707 0)
(-0.000494122 0.031083 0)
(-0.00115945 0.034896 0)
(-0.000608511 0.0399428 0)
(0.00199101 0.0448184 0)
(0.00643781 0.0479212 0)
(0.0119229 0.0481462 0)
(0.0173315 0.0449171 0)
(0.0215553 0.0384643 0)
(0.0238522 0.0295726 0)
(0.0237282 0.0192418 0)
(0.0210328 0.0090016 0)
(0.0163677 0.000427751 0)
(0.0108915 -0.00553589 0)
(0.00582657 -0.00874493 0)
(0.00209166 -0.00975681 0)
(0.000123325 -0.00953633 0)
(-0.000158371 -0.00916169 0)
(0.000717288 -0.00957644 0)
(0.00198512 -0.0112377 0)
(0.00284949 -0.0141231 0)
(0.00288512 -0.0177709 0)
(0.00164356 -0.0215789 0)
(-0.000537967 -0.0244823 0)
(-0.00300216 -0.0264082 0)
(-0.00555097 -0.0270031 0)
(-0.00777441 -0.0265107 0)
(-0.00957029 -0.0249579 0)
(-0.0108539 -0.0228575 0)
(-0.0126005 -0.0203332 0)
(-0.0145423 -0.0158066 0)
(-0.0158395 -0.00990819 0)
(-0.0164905 -0.0023813 0)
(-0.0158577 0.00650884 0)
(-0.0134766 0.0161602 0)
(-0.00881161 0.025394 0)
(-0.00226686 0.0323391 0)
(0.00509994 0.0358268 0)
(0.0121839 0.0350951 0)
(0.0176098 0.0301126 0)
(0.0202909 0.0218093 0)
(0.0201599 0.0119952 0)
(0.0170991 0.00188121 0)
(0.0119915 -0.00596892 0)
(0.00647266 -0.0109555 0)
(0.00148362 -0.0129127 0)
(-0.00253722 -0.0126874 0)
(-0.00510959 -0.0102314 0)
(-0.00594197 -0.00692016 0)
(-0.00543222 -0.00365855 0)
(-0.00413998 -0.00122666 0)
(-0.00274428 0.000290981 0)
(-0.00154394 0.00105548 0)
(-0.000624567 0.00132209 0)
(6.23256e-05 0.00125898 0)
(0.000457365 0.000882759 0)
(0.00052942 0.000452777 0)
(0.000424775 0.000146833 0)
(0.000279105 -2.53357e-05 0)
(0.000154008 -0.000100186 0)
(6.70054e-05 -0.000120065 0)
(1.46702e-05 -0.000113305 0)
(-1.24258e-05 -9.69213e-05 0)
(-2.40747e-05 -7.80279e-05 0)
(-2.71186e-05 -6.05222e-05 0)
(-2.55911e-05 -4.57301e-05 0)
(-2.20819e-05 -3.38991e-05 0)
(-1.80287e-05 -2.47678e-05 0)
(-1.41644e-05 -1.79078e-05 0)
(-1.08127e-05 -1.28513e-05 0)
(-8.06438e-06 -9.18073e-06 0)
(-5.88906e-06 -6.55259e-06 0)
(-4.20003e-06 -4.69976e-06 0)
(-2.89493e-06 -3.42175e-06 0)
(-1.87265e-06 -2.57393e-06 0)
(0.00021891 0.026814 0)
(0.00021119 0.0285933 0)
(-0.000479954 0.0311201 0)
(-0.00110488 0.0349058 0)
(-0.00054759 0.0398735 0)
(0.00199429 0.0446575 0)
(0.0063306 0.0476966 0)
(0.0116786 0.0479001 0)
(0.0169541 0.0447009 0)
(0.0210778 0.038319 0)
(0.0233225 0.029523 0)
(0.0232058 0.0193042 0)
(0.0205848 0.00916542 0)
(0.0160438 0.000650477 0)
(0.010707 -0.00530412 0)
(0.00576356 -0.00855287 0)
(0.00210949 -0.00963323 0)
(0.000173299 -0.00949125 0)
(-0.000120862 -0.00917493 0)
(0.00071428 -0.00962457 0)
(0.00193653 -0.0112846 0)
(0.00277021 -0.0141412 0)
(0.00280139 -0.0177432 0)
(0.00159156 -0.0215069 0)
(-0.000535011 -0.0243833 0)
(-0.00293963 -0.0262993 0)
(-0.00543095 -0.0269025 0)
(-0.00760816 -0.0264259 0)
(-0.00937364 -0.0248954 0)
(-0.0106447 -0.0227984 0)
(-0.0123546 -0.0202546 0)
(-0.0142455 -0.0157437 0)
(-0.0155106 -0.00987082 0)
(-0.0161393 -0.00238588 0)
(-0.0155109 0.0064377 0)
(-0.0131751 0.0160047 0)
(-0.00861558 0.025148 0)
(-0.0022267 0.0320369 0)
(0.00496592 0.0355157 0)
(0.0118847 0.0348286 0)
(0.017188 0.0299399 0)
(0.0198199 0.0217642 0)
(0.019705 0.0120654 0)
(0.0167307 0.00206531 0)
(0.0117598 -0.00573533 0)
(0.00637544 -0.0107254 0)
(0.00149386 -0.0127259 0)
(-0.00244392 -0.0125448 0)
(-0.00496272 -0.0101587 0)
(-0.00578883 -0.0069137 0)
(-0.00530512 -0.00369921 0)
(-0.00405408 -0.00128589 0)
(-0.00269565 0.000233099 0)
(-0.00152245 0.00100934 0)
(-0.00062072 0.00128855 0)
(5.25753e-05 0.00123486 0)
(0.000439889 0.000872302 0)
(0.000513495 0.000453681 0)
(0.000414388 0.000152502 0)
(0.000273699 -1.92696e-05 0)
(0.000151905 -9.55398e-05 0)
(6.6686e-05 -0.000117061 0)
(1.51523e-05 -0.000111615 0)
(-1.16701e-05 -9.60544e-05 0)
(-2.32886e-05 -7.77063e-05 0)
(-2.64177e-05 -6.04947e-05 0)
(-2.50115e-05 -4.58454e-05 0)
(-2.16245e-05 -3.40685e-05 0)
(-1.76792e-05 -2.49434e-05 0)
(-1.39036e-05 -1.80661e-05 0)
(-1.06215e-05 -1.29841e-05 0)
(-7.9262e-06 -9.28741e-06 0)
(-5.79069e-06 -6.63608e-06 0)
(-4.13125e-06 -4.76434e-06 0)
(-2.84821e-06 -3.4719e-06 0)
(-1.84266e-06 -2.61387e-06 0)
(0.000204238 0.0267957 0)
(0.000192054 0.028615 0)
(-0.00046613 0.0311558 0)
(-0.00105255 0.034915 0)
(-0.000490065 0.0398066 0)
(0.00199478 0.0445024 0)
(0.00622233 0.0474801 0)
(0.0114352 0.047663 0)
(0.0165795 0.0444926 0)
(0.0206045 0.0381789 0)
(0.0227974 0.0294756 0)
(0.0226878 0.019365 0)
(0.0201397 0.00932446 0)
(0.0157206 0.00086774 0)
(0.0105211 -0.00507877 0)
(0.00569751 -0.00836573 0)
(0.00212369 -0.00951237 0)
(0.000220107 -0.0094461 0)
(-8.53505e-05 -0.00918697 0)
(0.000710659 -0.00967036 0)
(0.00188872 -0.0113294 0)
(0.00269259 -0.0141579 0)
(0.00271945 -0.017716 0)
(0.0015408 -0.0214366 0)
(-0.000531665 -0.0242866 0)
(-0.00287749 -0.0261928 0)
(-0.00531185 -0.0268037 0)
(-0.00744306 -0.0263422 0)
(-0.00917786 -0.0248329 0)
(-0.0104355 -0.0227395 0)
(-0.0121089 -0.0201776 0)
(-0.0139499 -0.0156823 0)
(-0.0151832 -0.00983476 0)
(-0.0157901 -0.00239139 0)
(-0.0151668 0.00636675 0)
(-0.0128763 0.0158517 0)
(-0.00842132 0.0249072 0)
(-0.00218636 0.0317418 0)
(0.00483413 0.0352124 0)
(0.0115896 0.0345692 0)
(0.0167714 0.0297718 0)
(0.0193539 0.0217201 0)
(0.0192545 0.012135 0)
(0.0163647 0.00224602 0)
(0.0115276 -0.00550903 0)
(0.00627639 -0.0105018 0)
(0.00150174 -0.0125439 0)
(-0.00235324 -0.0124058 0)
(-0.0048188 -0.0100873 0)
(-0.00563803 -0.00690647 0)
(-0.00517933 -0.00373787 0)
(-0.0039685 -0.00134362 0)
(-0.00264666 0.000177074 0)
(-0.0015004 0.000964331 0)
(-0.000616379 0.00125567 0)
(4.3329e-05 0.00121121 0)
(0.000422952 0.000861864 0)
(0.000497917 0.00045439 0)
(0.000404114 0.000157878 0)
(0.000268272 -1.33888e-05 0)
(0.000149736 -9.1002e-05 0)
(6.63029e-05 -0.000114112 0)
(1.55882e-05 -0.000109947 0)
(-1.0944e-05 -9.51961e-05 0)
(-2.25207e-05 -7.73835e-05 0)
(-2.57263e-05 -6.04626e-05 0)
(-2.44363e-05 -4.59553e-05 0)
(-2.11685e-05 -3.42328e-05 0)
(-1.73294e-05 -2.51146e-05 0)
(-1.36418e-05 -1.8221e-05 0)
(-1.04291e-05 -1.31143e-05 0)
(-7.78697e-06 -9.39207e-06 0)
(-5.6914e-06 -6.71807e-06 0)
(-4.06175e-06 -4.82779e-06 0)
(-2.80095e-06 -3.52119e-06 0)
(-1.81231e-06 -2.65316e-06 0)
(0.000190379 0.0267787 0)
(0.000174043 0.0286361 0)
(-0.000452632 0.0311903 0)
(-0.00100235 0.0349239 0)
(-0.000435776 0.0397416 0)
(0.0019926 0.044352 0)
(0.00611304 0.0472697 0)
(0.0111929 0.0474326 0)
(0.0162077 0.0442901 0)
(0.0201351 0.0380431 0)
(0.0222768 0.0294301 0)
(0.0221741 0.0194253 0)
(0.0196975 0.00948095 0)
(0.0153981 0.00108209 0)
(0.0103337 -0.00485672 0)
(0.00562854 -0.00818103 0)
(0.00213439 -0.0093928 0)
(0.000263847 -0.00940092 0)
(-5.17901e-05 -0.0091985 0)
(0.000706458 -0.00971505 0)
(0.00184164 -0.0113732 0)
(0.00261628 -0.0141742 0)
(0.00263915 -0.0176887 0)
(0.0014912 -0.0213665 0)
(-0.000527911 -0.0241903 0)
(-0.00281559 -0.0260866 0)
(-0.00519335 -0.0267051 0)
(-0.00727862 -0.0262586 0)
(-0.00898235 -0.0247705 0)
(-0.0102257 -0.022681 0)
(-0.0118628 -0.0201016 0)
(-0.0136548 -0.0156217 0)
(-0.014857 -0.00979894 0)
(-0.0154431 -0.00239635 0)
(-0.0148253 0.00629935 0)
(-0.0125801 0.0157054 0)
(-0.00822869 0.0246771 0)
(-0.00214574 0.03146 0)
(0.00470462 0.0349226 0)
(0.0112985 0.034321 0)
(0.0163599 0.0296106 0)
(0.0188927 0.0216779 0)
(0.0188077 0.0122015 0)
(0.0160006 0.00241808 0)
(0.011295 -0.00528656 0)
(0.00617567 -0.010281 0)
(0.00150785 -0.0123635 0)
(-0.00226427 -0.0122678 0)
(-0.00467689 -0.0100164 0)
(-0.00548906 -0.00689915 0)
(-0.00505467 -0.00377603 0)
(-0.00388314 -0.00140001 0)
(-0.00259734 0.000121771 0)
(-0.00147783 0.000919841 0)
(-0.000611566 0.00122313 0)
(3.45694e-05 0.00118794 0)
(0.000406541 0.000851652 0)
(0.000482682 0.000454988 0)
(0.000393953 0.000163081 0)
(0.000262829 -7.67814e-06 0)
(0.000147504 -8.65691e-05 0)
(6.58582e-05 -0.000111219 0)
(1.59791e-05 -0.000108301 0)
(-1.0247e-05 -9.43475e-05 0)
(-2.17707e-05 -7.70601e-05 0)
(-2.50443e-05 -6.04264e-05 0)
(-2.38652e-05 -4.606e-05 0)
(-2.07138e-05 -3.43922e-05 0)
(-1.69795e-05 -2.52817e-05 0)
(-1.33792e-05 -1.83726e-05 0)
(-1.02357e-05 -1.32418e-05 0)
(-7.64669e-06 -9.49475e-06 0)
(-5.59123e-06 -6.79856e-06 0)
(-3.99155e-06 -4.89013e-06 0)
(-2.75318e-06 -3.56965e-06 0)
(-1.78161e-06 -2.6918e-06 0)
(0.0001522 0.0267385 0)
(0.000124621 0.0286886 0)
(-0.000414203 0.0312747 0)
(-0.000862045 0.0349358 0)
(-0.000286716 0.0395531 0)
(0.00197856 0.0439316 0)
(0.00579123 0.0466833 0)
(0.0104887 0.0467896 0)
(0.0151312 0.0437227 0)
(0.0187769 0.0376594 0)
(0.0207709 0.0292977 0)
(0.0206875 0.0195854 0)
(0.0184156 0.00990602 0)
(0.0144592 0.00166752 0)
(0.00978296 -0.00424827 0)
(0.00541885 -0.00767263 0)
(0.00215534 -0.00906131 0)
(0.000382435 -0.00926665 0)
(4.03691e-05 -0.00923052 0)
(0.000692472 -0.00983336 0)
(0.00170655 -0.0114907 0)
(0.00239919 -0.0142187 0)
(0.00241058 -0.0176143 0)
(0.00135038 -0.0211751 0)
(-0.000515938 -0.0239269 0)
(-0.0026369 -0.025795 0)
(-0.00485186 -0.0264326 0)
(-0.00680452 -0.0260255 0)
(-0.00841713 -0.0245927 0)
(-0.0096162 -0.0225138 0)
(-0.011148 -0.0198892 0)
(-0.0127997 -0.0154528 0)
(-0.0139113 -0.00970161 0)
(-0.0144367 -0.00241844 0)
(-0.0138362 0.00609407 0)
(-0.0117235 0.0152693 0)
(-0.00767141 0.023997 0)
(-0.0020267 0.0306281 0)
(0.00433275 0.0340667 0)
(0.01046 0.0335888 0)
(0.0151733 0.029135 0)
(0.0175607 0.0215487 0)
(0.0175162 0.0123904 0)
(0.014947 0.00291033 0)
(0.0106185 -0.00466143 0)
(0.00587682 -0.00966258 0)
(0.00151641 -0.0118594 0)
(-0.00201616 -0.011884 0)
(-0.00427492 -0.00981907 0)
(-0.00506309 -0.0068771 0)
(-0.00469536 -0.00387895 0)
(-0.0036351 -0.00155508 0)
(-0.00245252 -3.08178e-05 0)
(-0.00141038 0.000796214 0)
(-0.000596103 0.00113242 0)
(1.04699e-05 0.00112406 0)
(0.000360176 0.00082342 0)
(0.000439198 0.00045586 0)
(0.000364629 0.000176915 0)
(0.000246898 7.91229e-06 0)
(0.000140818 -7.44787e-05 0)
(6.43852e-05 -0.000103239 0)
(1.699e-05 -0.000103699 0)
(-8.29738e-06 -9.1959e-05 0)
(-1.96341e-05 -7.61178e-05 0)
(-2.30818e-05 -6.02897e-05 0)
(-2.22119e-05 -4.63251e-05 0)
(-1.93913e-05 -3.48177e-05 0)
(-1.59581e-05 -2.57348e-05 0)
(-1.26104e-05 -1.8787e-05 0)
(-9.66821e-06 -1.35923e-05 0)
(-7.23449e-06 -9.77785e-06 0)
(-5.29644e-06 -7.02105e-06 0)
(-3.78471e-06 -5.06278e-06 0)
(-2.6123e-06 -3.70408e-06 0)
(-1.69104e-06 -2.79916e-06 0)
(0.000103811 0.0266852 0)
(6.31246e-05 0.0287643 0)
(-0.000358738 0.0313934 0)
(-0.000675146 0.034942 0)
(-0.000108154 0.0392589 0)
(0.00189831 0.0432906 0)
(0.00523558 0.045792 0)
(0.00934252 0.0458131 0)
(0.0134078 0.0428601 0)
(0.0166124 0.0370748 0)
(0.018373 0.0290947 0)
(0.0183159 0.0198243 0)
(0.0163533 0.0105442 0)
(0.0129191 0.00254889 0)
(0.00883994 -0.00332943 0)
(0.00500884 -0.00690108 0)
(0.0021157 -0.00855383 0)
(0.00051128 -0.00904837 0)
(0.000149054 -0.00927477 0)
(0.000657144 -0.0100033 0)
(0.00149791 -0.0116631 0)
(0.00207278 -0.0142852 0)
(0.00206946 -0.017507 0)
(0.00114341 -0.020895 0)
(-0.000487308 -0.0235407 0)
(-0.00234833 -0.0253674 0)
(-0.00430458 -0.0260342 0)
(-0.00604211 -0.0256866 0)
(-0.00749775 -0.0243356 0)
(-0.00860629 -0.0222749 0)
(-0.00996851 -0.019588 0)
(-0.0114072 -0.0152127 0)
(-0.0123787 -0.0095601 0)
(-0.0128176 -0.00244316 0)
(-0.0122566 0.00581466 0)
(-0.0103639 0.0146673 0)
(-0.00678545 0.0230523 0)
(-0.00182413 0.0294678 0)
(0.0037678 0.0328667 0)
(0.00916211 0.0325557 0)
(0.0133235 0.0284564 0)
(0.015465 0.0213565 0)
(0.0154666 0.0126536 0)
(0.0132522 0.0036104 0)
(0.00949517 -0.00375473 0)
(0.00534237 -0.00874902 0)
(0.00147936 -0.0111042 0)
(-0.00166185 -0.0113034 0)
(-0.00367082 -0.00951443 0)
(-0.00440673 -0.00683333 0)
(-0.00412791 -0.00402547 0)
(-0.00323041 -0.00178334 0)
(-0.00220569 -0.000259625 0)
(-0.00128721 0.000608075 0)
(-0.000559786 0.000992717 0)
(-1.85433e-05 0.00102531 0)
(0.000294531 0.000778688 0)
(0.00037441 0.000455433 0)
(0.000318602 0.000196542 0)
(0.000220212 3.10236e-05 0)
(0.00012842 -5.5966e-05 0)
(6.06524e-05 -9.08367e-05 0)
(1.76977e-05 -9.645e-05 0)
(-5.70099e-06 -8.81642e-05 0)
(-1.64839e-05 -7.45762e-05 0)
(-2.00395e-05 -6.00217e-05 0)
(-1.95702e-05 -4.6701e-05 0)
(-1.72327e-05 -3.54575e-05 0)
(-1.42638e-05 -2.64272e-05 0)
(-1.13189e-05 -1.94255e-05 0)
(-8.70515e-06 -1.41347e-05 0)
(-6.52924e-06 -1.02174e-05 0)
(-4.78877e-06 -7.36727e-06 0)
(-3.42668e-06 -5.33191e-06 0)
(-2.36751e-06 -3.91395e-06 0)
(-1.53336e-06 -2.96697e-06 0)
(6.64062e-05 0.0266505 0)
(1.64635e-05 0.0288247 0)
(-0.000311291 0.0314837 0)
(-0.00052679 0.0349324 0)
(1.36943e-05 0.0389971 0)
(0.00177079 0.0427374 0)
(0.00466145 0.0450257 0)
(0.00821426 0.0449741 0)
(0.0117357 0.0421174 0)
(0.0145211 0.0365698 0)
(0.016058 0.028918 0)
(0.0160218 0.020026 0)
(0.0143436 0.0110874 0)
(0.0113929 0.00330281 0)
(0.00787235 -0.00253884 0)
(0.00454695 -0.00623152 0)
(0.00201441 -0.0081067 0)
(0.000582329 -0.00884933 0)
(0.000219004 -0.00929367 0)
(0.000611343 -0.0101342 0)
(0.00130059 -0.0117979 0)
(0.00177294 -0.0143297 0)
(0.00175893 -0.0174035 0)
(0.000957992 -0.0206398 0)
(-0.000451897 -0.0231894 0)
(-0.00206684 -0.0249736 0)
(-0.00377413 -0.0256582 0)
(-0.00530056 -0.0253554 0)
(-0.00659467 -0.0240687 0)
(-0.00759902 -0.0220262 0)
(-0.00879391 -0.0192982 0)
(-0.0100324 -0.0149859 0)
(-0.0108699 -0.00943566 0)
(-0.0112312 -0.00248909 0)
(-0.010717 0.00551871 0)
(-0.0090457 0.0140636 0)
(-0.00592617 0.0221318 0)
(-0.00161969 0.0283487 0)
(0.00323532 0.0317142 0)
(0.00792424 0.0315656 0)
(0.0115523 0.0278025 0)
(0.0134471 0.021156 0)
(0.0134837 0.0128783 0)
(0.0115994 0.00423002 0)
(0.00837663 -0.00294958 0)
(0.00478241 -0.00793721 0)
(0.00140352 -0.0104336 0)
(-0.00135386 -0.010789 0)
(-0.00311848 -0.00924206 0)
(-0.00379241 -0.00678555 0)
(-0.00358524 -0.00414222 0)
(-0.0028328 -0.00197439 0)
(-0.00195458 -0.000455841 0)
(-0.00115513 0.000444274 0)
(-0.000514612 0.000869382 0)
(-3.82003e-05 0.000938158 0)
(0.00023849 0.000737904 0)
(0.000315922 0.000452721 0)
(0.000274962 0.000211743 0)
(0.00019357 5.01536e-05 0)
(0.000115075 -3.98955e-05 0)
(5.58318e-05 -7.98121e-05 0)
(1.75546e-05 -8.98711e-05 0)
(-3.67588e-06 -8.4672e-05 0)
(-1.36882e-05 -7.30975e-05 0)
(-1.71923e-05 -5.97055e-05 0)
(-1.7022e-05 -4.69849e-05 0)
(-1.51078e-05 -3.59964e-05 0)
(-1.25708e-05 -2.70265e-05 0)
(-1.00133e-05 -1.99855e-05 0)
(-7.72273e-06 -1.46142e-05 0)
(-5.80466e-06 -1.06078e-05 0)
(-4.26423e-06 -7.67596e-06 0)
(-3.05509e-06 -5.57254e-06 0)
(-2.11263e-06 -4.10202e-06 0)
(-1.3689e-06 -3.11765e-06 0)
(3.7003e-05 0.02663 0)
(-1.95864e-05 0.028873 0)
(-0.000271592 0.0315517 0)
(-0.000411224 0.0349122 0)
(8.76693e-05 0.0387651 0)
(0.00160296 0.0422594 0)
(0.00407131 0.0443656 0)
(0.00710127 0.0442514 0)
(0.0101081 0.0414763 0)
(0.0124934 0.0361329 0)
(0.0138152 0.0287647 0)
(0.0137955 0.0201984 0)
(0.0123799 0.0115536 0)
(0.00987963 0.00395131 0)
(0.00688428 -0.00185654 0)
(0.00404059 -0.00565133 0)
(0.00185852 -0.00771696 0)
(0.0006045 -0.00867814 0)
(0.000256776 -0.00930274 0)
(0.000554779 -0.0102484 0)
(0.00111377 -0.0119214 0)
(0.00149726 -0.014383 0)
(0.00147632 -0.0173385 0)
(0.000793297 -0.0204531 0)
(-0.000408189 -0.0229291 0)
(-0.00178886 -0.0246849 0)
(-0.00325572 -0.0253922 0)
(-0.004575 -0.0251336 0)
(-0.005705 -0.023904 0)
(-0.00659602 -0.0218772 0)
(-0.00762899 -0.01911 0)
(-0.00868321 -0.0148356 0)
(-0.00939698 -0.00934579 0)
(-0.00969283 -0.00250686 0)
(-0.00923262 0.00533585 0)
(-0.00777968 0.0136683 0)
(-0.00509714 0.0215107 0)
(-0.00140785 0.0275844 0)
(0.00275144 0.0309203 0)
(0.00677108 0.0308814 0)
(0.00988687 0.0273541 0)
(0.0115299 0.021034 0)
(0.0115806 0.0130715 0)
(0.00999045 0.004729 0)
(0.00725705 -0.00230237 0)
(0.00419029 -0.00727242 0)
(0.00128521 -0.00987454 0)
(-0.00109224 -0.0103519 0)
(-0.00261476 -0.00900673 0)
(-0.00321593 -0.00674046 0)
(-0.00306455 -0.00423916 0)
(-0.00244157 -0.00213705 0)
(-0.00169971 -0.000625231 0)
(-0.00101527 0.000301459 0)
(-0.000461514 0.000761039 0)
(-4.95753e-05 0.000862142 0)
(0.000190714 0.000701631 0)
(0.000262945 0.000448834 0)
(0.000233536 0.000223878 0)
(0.000167063 6.62244e-05 0)
(0.000100965 -2.60922e-05 0)
(5.00936e-05 -7.01658e-05 0)
(1.66709e-05 -8.40178e-05 0)
(-2.15707e-06 -8.15272e-05 0)
(-1.1209e-05 -7.17229e-05 0)
(-1.45225e-05 -5.9371e-05 0)
(-1.45609e-05 -4.71964e-05 0)
(-1.30159e-05 -3.64463e-05 0)
(-1.0881e-05 -2.75396e-05 0)
(-8.69645e-06 -2.04706e-05 0)
(-6.72385e-06 -1.50325e-05 0)
(-5.06332e-06 -1.09499e-05 0)
(-3.72491e-06 -7.94727e-06 0)
(-2.67158e-06 -5.78456e-06 0)
(-1.84884e-06 -4.26806e-06 0)
(-1.19844e-06 -3.25092e-06 0)
(1.32489e-05 0.0266205 0)
(-4.83719e-05 0.0289117 0)
(-0.000239161 0.031602 0)
(-0.000323264 0.0348865 0)
(0.000121878 0.0385638 0)
(0.00140149 0.0418531 0)
(0.00346782 0.0438061 0)
(0.00600135 0.0436379 0)
(0.00851818 0.0409294 0)
(0.0105201 0.0357562 0)
(0.011634 0.0286268 0)
(0.0116266 0.020335 0)
(0.0104553 0.0119387 0)
(0.00837727 0.00449361 0)
(0.00587876 -0.0012801 0)
(0.00349629 -0.00515437 0)
(0.00165631 -0.00737438 0)
(0.000583964 -0.00851287 0)
(0.000265429 -0.00928694 0)
(0.000487522 -0.0103145 0)
(0.000932741 -0.0119876 0)
(0.0012383 -0.014379 0)
(0.00121359 -0.0172203 0)
(0.000642049 -0.0202129 0)
(-0.00036186 -0.022606 0)
(-0.00151832 -0.0243166 0)
(-0.0027516 -0.0250243 0)
(-0.00386579 -0.0247896 0)
(-0.0048271 -0.0236015 0)
(-0.00559311 -0.0215945 0)
(-0.00646194 -0.0188176 0)
(-0.00733585 -0.0146122 0)
(-0.00792584 -0.00923153 0)
(-0.00815915 -0.00256267 0)
(-0.00775795 0.00504355 0)
(-0.00652836 0.0130987 0)
(-0.00428062 0.0206681 0)
(-0.00119915 0.0265694 0)
(0.0022747 0.029875 0)
(0.00563458 0.0299756 0)
(0.00824583 0.0267363 0)
(0.00964012 0.0208011 0)
(0.00970634 0.0132071 0)
(0.00840323 0.00518849 0)
(0.00614327 -0.00167903 0)
(0.00358759 -0.00663437 0)
(0.00114555 -0.00934307 0)
(-0.000860399 -0.00994801 0)
(-0.00214717 -0.00878991 0)
(-0.00266995 -0.00669297 0)
(-0.00256262 -0.00431583 0)
(-0.0020564 -0.00227168 0)
(-0.00144242 -0.000767381 0)
(-0.000869176 0.000180101 0)
(-0.00040171 0.000668131 0)
(-5.38291e-05 0.000797147 0)
(0.000149941 0.000670076 0)
(0.000214672 0.000444439 0)
(0.000194102 0.000233331 0)
(0.00014077 7.94377e-05 0)
(8.62624e-05 -1.44627e-05 0)
(4.35933e-05 -6.19045e-05 0)
(1.51542e-05 -7.89337e-05 0)
(-1.07823e-06 -7.87659e-05 0)
(-9.007e-06 -7.0485e-05 0)
(-1.20103e-05 -5.90411e-05 0)
(-1.21785e-05 -4.73498e-05 0)
(-1.09547e-05 -3.68155e-05 0)
(-9.19548e-06 -2.79707e-05 0)
(-7.37079e-06 -2.08827e-05 0)
(-5.7112e-06 -1.53899e-05 0)
(-4.3077e-06 -1.12434e-05 0)
(-3.17289e-06 -8.18065e-06 0)
(-2.27775e-06 -5.96733e-06 0)
(-1.57732e-06 -4.41146e-06 0)
(-1.02278e-06 -3.36619e-06 0)
(-6.69931e-06 0.0266204 0)
(-7.25279e-05 0.0289422 0)
(-0.000213329 0.0316385 0)
(-0.000258148 0.0348602 0)
(0.000123355 0.0383961 0)
(0.00117206 0.0415213 0)
(0.00285284 0.0433525 0)
(0.00491167 0.0431449 0)
(0.00695907 0.0404962 0)
(0.00859182 0.0354678 0)
(0.00950428 0.028538 0)
(0.00950615 0.0204711 0)
(0.00856458 0.0122742 0)
(0.00688617 0.00494996 0)
(0.00486123 -0.000805778 0)
(0.00292282 -0.0047563 0)
(0.00141752 -0.00711423 0)
(0.000530159 -0.00841032 0)
(0.000252493 -0.00931894 0)
(0.000414764 -0.0104313 0)
(0.000761887 -0.0121283 0)
(0.00100045 -0.0144936 0)
(0.000975712 -0.0172798 0)
(0.000511113 -0.0202166 0)
(-0.000304386 -0.0225857 0)
(-0.00124622 -0.0242998 0)
(-0.0022544 -0.0250399 0)
(-0.00316954 -0.0248446 0)
(-0.00396505 -0.0236941 0)
(-0.00460586 -0.0216877 0)
(-0.00531992 -0.0188632 0)
(-0.00603167 -0.0146397 0)
(-0.00651335 -0.00923638 0)
(-0.00669863 -0.00256223 0)
(-0.00636067 0.00502864 0)
(-0.0053424 0.0130365 0)
(-0.00349769 0.0205371 0)
(-0.000977714 0.0263943 0)
(0.00186092 0.0296897 0)
(0.00460521 0.0298292 0)
(0.00673781 0.0266754 0)
(0.00787845 0.0208646 0)
(0.00793041 0.0133915 0)
(0.0068693 0.00551142 0)
(0.00503271 -0.00129525 0)
(0.00295295 -0.00624365 0)
(0.000963194 -0.00900936 0)
(-0.000671689 -0.00968142 0)
(-0.00171988 -0.00864186 0)
(-0.00215373 -0.00666253 0)
(-0.00207777 -0.00437825 0)
(-0.00167659 -0.00238041 0)
(-0.00118308 -0.00088301 0)
(-0.000717944 8.00907e-05 0)
(-0.000336258 0.000590704 0)
(-5.20876e-05 0.00074313 0)
(0.000114994 0.000643427 0)
(0.000170348 0.00044007 0)
(0.000156387 0.000240564 0)
(0.00011472 9.01027e-05 0)
(7.11052e-05 -4.90745e-06 0)
(3.64722e-05 -5.50286e-05 0)
(1.31085e-05 -7.46532e-05 0)
(-3.72026e-07 -7.64186e-05 0)
(-7.04155e-06 -6.94113e-05 0)
(-9.63446e-06 -5.87358e-05 0)
(-9.86507e-06 -4.74579e-05 0)
(-8.92144e-06 -3.71116e-05 0)
(-7.51471e-06 -2.83238e-05 0)
(-6.03837e-06 -2.12233e-05 0)
(-4.68727e-06 -1.5687e-05 0)
(-3.54016e-06 -1.14882e-05 0)
(-2.61018e-06 -8.37577e-06 0)
(-1.87522e-06 -6.12042e-06 0)
(-1.29927e-06 -4.53177e-06 0)
(-8.4271e-07 -3.46307e-06 0)
(-2.45471e-05 0.0266286 0)
(-9.42328e-05 0.0289651 0)
(-0.000193002 0.031662 0)
(-0.000210974 0.0348286 0)
(9.95823e-05 0.0382446 0)
(0.0009217 0.0412266 0)
(0.00223066 0.0429422 0)
(0.0038326 0.0426808 0)
(0.00542701 0.0400577 0)
(0.00670114 0.0351291 0)
(0.0074157 0.0283547 0)
(0.00742223 0.0204777 0)
(0.00669641 0.012465 0)
(0.00539777 0.00527433 0)
(0.00382705 -0.000424458 0)
(0.00231915 -0.00439364 0)
(0.00114326 -0.00682443 0)
(0.000443552 -0.00821343 0)
(0.000215178 -0.00919719 0)
(0.000328086 -0.0103377 0)
(0.000586062 -0.0120007 0)
(0.000762651 -0.0142744 0)
(0.000738442 -0.0169305 0)
(0.000377165 -0.0197243 0)
(-0.000254099 -0.0219804 0)
(-0.000982949 -0.0236141 0)
(-0.00176357 -0.0243198 0)
(-0.00247263 -0.0241256 0)
(-0.00308998 -0.0230103 0)
(-0.00358872 -0.0210532 0)
(-0.0041376 -0.0182892 0)
(-0.00467612 -0.0142107 0)
(-0.00503643 -0.00901484 0)
(-0.00516624 -0.00261984 0)
(-0.00489683 0.00462721 0)
(-0.00411164 0.0122656 0)
(-0.002698 0.0194311 0)
(-0.000770008 0.0250756 0)
(0.00140257 0.0283276 0)
(0.00350559 0.0286178 0)
(0.00514469 0.0257832 0)
(0.0060328 0.0203958 0)
(0.00609492 0.013344 0)
(0.00530513 0.00581576 0)
(0.00391504 -0.000799004 0)
(0.0023254 -0.00569896 0)
(0.000787579 -0.0085398 0)
(-0.000484456 -0.00932909 0)
(-0.00130401 -0.00844647 0)
(-0.00165136 -0.00660494 0)
(-0.00160325 -0.0044182 0)
(-0.0013007 -0.00246593 0)
(-0.000922566 -0.000976033 0)
(-0.000562977 -5.19938e-07 0)
(-0.000266362 0.000528547 0)
(-4.54826e-05 0.000699993 0)
(8.47332e-05 0.000621891 0)
(0.000129226 0.000436147 0)
(0.000120122 0.000245919 0)
(8.89158e-05 9.8331e-05 0)
(5.5602e-05 2.67811e-06 0)
(2.88575e-05 -4.95346e-05 0)
(1.06349e-05 -7.12014e-05 0)
(2.92496e-08 -7.45108e-05 0)
(-5.271e-06 -6.85248e-05 0)
(-7.37203e-06 -5.84714e-05 0)
(-7.60973e-06 -4.7531e-05 0)
(-6.9121e-06 -3.73401e-05 0)
(-5.83862e-06 -2.86014e-05 0)
(-4.70089e-06 -2.14931e-05 0)
(-3.65437e-06 -1.59231e-05 0)
(-2.76299e-06 -1.16831e-05 0)
(-2.03879e-06 -8.5314e-06 0)
(-1.46559e-06 -6.24244e-06 0)
(-1.01588e-06 -4.62722e-06 0)
(-6.59039e-07 -3.53926e-06 0)
(-4.17945e-05 0.0266445 0)
(-0.000115731 0.0289879 0)
(-0.00017855 0.0317014 0)
(-0.000180503 0.0348613 0)
(5.14514e-05 0.0382432 0)
(0.000647894 0.0411935 0)
(0.0015938 0.0429114 0)
(0.00275244 0.042699 0)
(0.0039089 0.040167 0)
(0.00483778 0.0353494 0)
(0.00536456 0.0286782 0)
(0.00538031 0.020876 0)
(0.00486637 0.0128874 0)
(0.003936 0.00565559 0)
(0.00280446 -0.000145635 0)
(0.00171343 -0.00425892 0)
(0.000858625 -0.0068498 0)
(0.000346213 -0.00839367 0)
(0.00017472 -0.00951378 0)
(0.000251544 -0.0107703 0)
(0.00043536 -0.0125348 0)
(0.000561743 -0.0149059 0)
(0.000543336 -0.0176618 0)
(0.000279894 -0.0205635 0)
(-0.000181414 -0.0229285 0)
(-0.000716056 -0.024661 0)
(-0.0012912 -0.0254403 0)
(-0.00181655 -0.0252775 0)
(-0.00227753 -0.0241418 0)
(-0.0026541 -0.0220915 0)
(-0.00306376 -0.0191539 0)
(-0.00346413 -0.0148499 0)
(-0.00373243 -0.00936285 0)
(-0.0038274 -0.00262951 0)
(-0.00362138 0.00496677 0)
(-0.00302673 0.0129351 0)
(-0.00196854 0.020358 0)
(-0.000534001 0.0261662 0)
(0.00107538 0.0294615 0)
(0.00262384 0.0296773 0)
(0.00381969 0.0266682 0)
(0.00445383 0.0210545 0)
(0.0044711 0.0137574 0)
(0.00386524 0.00604342 0)
(0.0028318 -0.000688915 0)
(0.00166519 -0.00567277 0)
(0.000550874 -0.00855026 0)
(-0.000361188 -0.00933842 0)
(-0.000941678 -0.00846508 0)
(-0.00118431 -0.00663989 0)
(-0.00114677 -0.00447314 0)
(-0.000930456 -0.00253206 0)
(-0.000661066 -0.00104268 0)
(-0.000404582 -5.73195e-05 0)
(-0.00019269 0.000482783 0)
(-3.50531e-05 0.000667776 0)
(5.80908e-05 0.000605602 0)
(9.05783e-05 0.000432919 0)
(8.49684e-05 0.000249688 0)
(6.3335e-05 0.000104327 0)
(3.98668e-05 8.32161e-06 0)
(2.0863e-05 -4.54376e-05 0)
(7.83155e-06 -6.86071e-05 0)
(1.93548e-07 -7.30688e-05 0)
(-3.65267e-06 -6.78498e-05 0)
(-5.19882e-06 -5.82697e-05 0)
(-5.40041e-06 -4.75893e-05 0)
(-4.92197e-06 -3.75207e-05 0)
(-4.16654e-06 -2.88234e-05 0)
(-3.3597e-06 -2.17129e-05 0)
(-2.61461e-06 -1.61208e-05 0)
(-1.97844e-06 -1.18523e-05 0)
(-1.46068e-06 -8.67302e-06 0)
(-1.05035e-06 -6.36055e-06 0)
(-7.28141e-07 -4.72693e-06 0)
(-4.72366e-07 -3.62582e-06 0)
(-5.86014e-05 0.026655 0)
(-0.00013351 0.0288988 0)
(-0.000157161 0.0314541 0)
(-0.000142658 0.0343684 0)
(1.37862e-05 0.037416 0)
(0.000392016 0.0399834 0)
(0.000982985 0.0413336 0)
(0.00170197 0.04084 0)
(0.00241573 0.0381777 0)
(0.002985 0.0334187 0)
(0.00330266 0.0269995 0)
(0.00330372 0.0196141 0)
(0.00298005 0.0121367 0)
(0.00240394 0.00541943 0)
(0.00170839 5.55728e-05 0)
(0.0010406 -0.00373808 0)
(0.000518703 -0.00612991 0)
(0.000204868 -0.00755606 0)
(9.63438e-05 -0.00857865 0)
(0.000136114 -0.00969863 0)
(0.000239214 -0.011247 0)
(0.00030837 -0.0133151 0)
(0.000292965 -0.0157125 0)
(0.00013587 -0.018238 0)
(-0.00013415 -0.0202986 0)
(-0.00044356 -0.0218141 0)
(-0.000773104 -0.0225039 0)
(-0.00107046 -0.0223752 0)
(-0.00132765 -0.0213984 0)
(-0.00153338 -0.0196177 0)
(-0.00175519 -0.0170532 0)
(-0.00196941 -0.0132918 0)
(-0.00210943 -0.0084841 0)
(-0.00215529 -0.00256396 0)
(-0.00203774 0.0041704 0)
(-0.00171088 0.0112766 0)
(-0.00113062 0.0179776 0)
(-0.000340695 0.0233278 0)
(0.000551224 0.0265044 0)
(0.00141915 0.026959 0)
(0.00210272 0.0244977 0)
(0.00248373 0.0196131 0)
(0.002529 0.0130826 0)
(0.00222846 0.00603131 0)
(0.00166817 -0.000316712 0)
(0.00101189 -0.00507622 0)
(0.000369846 -0.00794769 0)
(-0.000171728 -0.00884525 0)
(-0.000527354 -0.00814438 0)
(-0.000686827 -0.00648158 0)
(-0.000677354 -0.00443429 0)
(-0.000555978 -0.00255718 0)
(-0.000397796 -0.0010888 0)
(-0.00024474 -0.00010076 0)
(-0.000117381 0.000448851 0)
(-2.21411e-05 0.000645556 0)
(3.39698e-05 0.000594662 0)
(5.36899e-05 0.00043062 0)
(5.06481e-05 0.000252115 0)
(3.79254e-05 0.000108259 0)
(2.39623e-05 1.19986e-05 0)
(1.2604e-05 -4.2597e-05 0)
(4.79697e-06 -6.67331e-05 0)
(1.89231e-07 -7.19554e-05 0)
(-2.14426e-06 -6.72471e-05 0)
(-3.09138e-06 -5.79845e-05 0)
(-3.22585e-06 -4.74798e-05 0)
(-2.94721e-06 -3.74951e-05 0)
(-2.49874e-06 -2.88277e-05 0)
(-2.01707e-06 -2.17183e-05 0)
(-1.571e-06 -1.61141e-05 0)
(-1.18943e-06 -1.18297e-05 0)
(-8.78494e-07 -8.63551e-06 0)
(-6.31857e-07 -6.31132e-06 0)
(-4.38079e-07 -4.6696e-06 0)
(-2.84219e-07 -3.56362e-06 0)
(-9.52765e-05 0.027271 0)
(-0.000205184 0.0306471 0)
(-0.00021734 0.034408 0)
(-0.000214949 0.0385975 0)
(-0.000154463 0.0429731 0)
(4.10326e-06 0.0468254 0)
(0.000265995 0.0492473 0)
(0.000601344 0.0494141 0)
(0.000953439 0.0468382 0)
(0.0012563 0.0415186 0)
(0.00145317 0.0339327 0)
(0.00150398 0.0249234 0)
(0.00139523 0.0156004 0)
(0.00115364 0.0070794 0)
(0.000840116 0.000172158 0)
(0.000526647 -0.00479087 0)
(0.000274562 -0.00797552 0)
(0.000120464 -0.00991642 0)
(6.73829e-05 -0.0113253 0)
(8.93691e-05 -0.0128461 0)
(0.000143942 -0.0149049 0)
(0.000180355 -0.0176172 0)
(0.000171052 -0.0207287 0)
(8.48704e-05 -0.0239713 0)
(-6.34448e-05 -0.0265752 0)
(-0.000234842 -0.0284348 0)
(-0.000418436 -0.0291945 0)
(-0.000585404 -0.0288707 0)
(-0.000731016 -0.0274416 0)
(-0.00084894 -0.0249736 0)
(-0.000971331 -0.0215119 0)
(-0.00108505 -0.0165913 0)
(-0.00115329 -0.0104263 0)
(-0.00115848 -0.0029807 0)
(-0.00106936 0.0053002 0)
(-0.000862672 0.0138739 0)
(-0.000518263 0.0217615 0)
(-7.34736e-05 0.0278644 0)
(0.00040501 0.031266 0)
(0.000841217 0.031418 0)
(0.00114905 0.0282034 0)
(0.00127711 0.0223053 0)
(0.00122148 0.0146775 0)
(0.000997274 0.00665306 0)
(0.000690663 -0.000370635 0)
(0.000376531 -0.00556489 0)
(9.08528e-05 -0.00859531 0)
(-0.000122485 -0.009456 0)
(-0.00024432 -0.0086195 0)
(-0.000282958 -0.00679953 0)
(-0.000260329 -0.00461861 0)
(-0.000203142 -0.00264983 0)
(-0.000139569 -0.00112878 0)
(-8.34008e-05 -0.000119764 0)
(-3.90388e-05 0.000441474 0)
(-6.76813e-06 0.000639639 0)
(1.15935e-05 0.000590452 0)
(1.79359e-05 0.000429515 0)
(1.69071e-05 0.000253286 0)
(1.27324e-05 0.000110319 0)
(8.14645e-06 1.38958e-05 0)
(4.38348e-06 -4.10751e-05 0)
(1.78354e-06 -6.57938e-05 0)
(2.39761e-07 -7.1488e-05 0)
(-5.46092e-07 -6.70913e-05 0)
(-8.67552e-07 -5.80214e-05 0)
(-9.16536e-07 -4.76204e-05 0)
(-8.2626e-07 -3.7682e-05 0)
(-6.78319e-07 -2.90271e-05 0)
(-5.18634e-07 -2.19115e-05 0)
(-3.70401e-07 -1.62921e-05 0)
(-2.43415e-07 -1.19894e-05 0)
(-1.39807e-07 -8.77699e-06 0)
(-5.7479e-08 -6.43631e-06 0)
(7.34278e-09 -4.78092e-06 0)
(5.90133e-08 -3.66421e-06 0)
(4.8965e-07 -5.4494e-07 -1.28849e-24)
(5.60828e-07 -4.87498e-07 7.13857e-25)
(6.43187e-07 -4.76986e-07 -7.69618e-25)
(7.03315e-07 -4.76683e-07 -8.26263e-25)
(7.55534e-07 -4.86995e-07 0)
(8.03282e-07 -5.02133e-07 -9.0951e-25)
(8.51901e-07 -5.20353e-07 -7.86782e-29)
(9.04041e-07 -5.41046e-07 0)
(9.62878e-07 -5.64344e-07 -1.02362e-24)
(1.03137e-06 -5.90758e-07 -1.06543e-24)
(1.11312e-06 -6.21112e-07 0)
(1.21273e-06 -6.56367e-07 -1.15616e-24)
(1.3365e-06 -6.97913e-07 0)
(1.4923e-06 -7.46449e-07 0)
(1.69167e-06 -8.03323e-07 1.32292e-24)
(1.95193e-06 -8.68468e-07 -1.38972e-24)
(2.29332e-06 -9.4415e-07 0)
(2.74672e-06 -1.02825e-06 -1.55472e-24)
(3.35635e-06 -1.1234e-06 1.65605e-24)
(4.17948e-06 -1.2288e-06 0)
(5.29235e-06 -1.3411e-06 0)
(6.78363e-06 -1.45404e-06 2.11542e-24)
(8.72293e-06 -1.55355e-06 0)
(1.10287e-05 -1.60371e-06 2.80435e-24)
(1.3401e-05 -1.54663e-06 0)
(1.35599e-05 -1.9004e-06 0)
(1.01915e-05 -2.97051e-06 0)
(-1.08873e-05 -5.06696e-06 0)
(-4.72688e-05 -8.24135e-06 -5.57106e-24)
(-9.48647e-05 -1.19696e-05 0)
(-0.000129369 -2.02504e-05 9.40207e-24)
(0.000375099 -5.42074e-06 0)
(-4.62439e-07 4.83851e-07 8.75946e-26)
(-3.95512e-07 4.62018e-07 -1.06899e-25)
(-3.56544e-07 4.5817e-07 1.3073e-25)
(-3.39185e-07 4.63428e-07 1.62348e-25)
(-3.32562e-07 4.7709e-07 0)
(-3.33545e-07 4.94223e-07 1.93174e-25)
(-3.37762e-07 5.13728e-07 2.01437e-25)
(-3.43332e-07 5.35309e-07 0)
(-3.47877e-07 5.59439e-07 2.16103e-25)
(-3.4933e-07 5.86858e-07 2.2273e-25)
(-3.45127e-07 6.18693e-07 0)
(-3.31914e-07 6.56143e-07 2.33745e-25)
(-3.04804e-07 7.01055e-07 0)
(-2.57782e-07 7.54595e-07 0)
(-1.81493e-07 8.18633e-07 -2.49357e-25)
(-6.16644e-08 8.94672e-07 2.53775e-25)
(1.18458e-07 9.86111e-07 0)
(3.84535e-07 1.09329e-06 2.69889e-25)
(7.7436e-07 1.22198e-06 0)
(1.33632e-06 1.37295e-06 1.49911e-25)
(2.13396e-06 1.55213e-06 0)
(3.23746e-06 1.76443e-06 -1.81655e-25)
(4.68841e-06 2.00975e-06 2.0753e-25)
(6.3568e-06 2.25937e-06 -2.95057e-25)
(7.83145e-06 2.43557e-06 3.74124e-25)
(6.78899e-06 2.91485e-06 0)
(1.81276e-06 3.86668e-06 -1.07331e-25)
(-2.17745e-05 4.17433e-06 -1.05819e-25)
(-6.25248e-05 3.64325e-06 5.16459e-25)
(-0.000119624 1.85324e-06 2.83776e-24)
(-0.000176755 1.51518e-06 -8.40442e-25)
(0.000205305 2.75225e-05 0)
(-1.11431e-07 -5.23367e-07 0)
(-6.18873e-09 -4.7921e-07 0)
(6.39934e-08 -4.59281e-07 0)
(1.08832e-07 -4.51286e-07 0)
(1.43411e-07 -4.56939e-07 0)
(1.71426e-07 -4.69208e-07 0)
(1.98702e-07 -4.85509e-07 0)
(2.27931e-07 -5.04773e-07 0)
(2.62193e-07 -5.27014e-07 0)
(3.04257e-07 -5.52717e-07 0)
(3.57433e-07 -5.82763e-07 0)
(4.26004e-07 -6.18226e-07 0)
(5.15791e-07 -6.60558e-07 0)
(6.34155e-07 -7.1058e-07 0)
(7.92055e-07 -7.69601e-07 0)
(1.00626e-06 -8.38424e-07 0)
(1.29591e-06 -9.2039e-07 0)
(1.69143e-06 -1.00792e-06 0)
(2.23558e-06 -1.10503e-06 0)
(2.98465e-06 -1.21071e-06 1.80796e-27)
(4.01381e-06 -1.32374e-06 0)
(5.4107e-06 -1.43847e-06 1.57312e-25)
(7.24506e-06 -1.53905e-06 1.41748e-25)
(9.44148e-06 -1.58679e-06 2.72997e-27)
(1.1739e-05 -1.41791e-06 -1.09929e-25)
(1.17559e-05 -1.53522e-06 0)
(8.0805e-06 -1.94918e-06 -2.75193e-26)
(-1.33472e-05 -3.22115e-06 1.56157e-25)
(-4.9999e-05 -6.02855e-06 7.45999e-25)
(-9.70653e-05 -1.01769e-05 -4.2601e-26)
(-0.000130811 -1.98528e-05 2.43983e-24)
(0.000386401 -7.59025e-06 0)
(-2.75304e-07 3.78408e-07 0)
(-2.10532e-07 3.91396e-07 0)
(-1.71628e-07 3.96746e-07 0)
(-1.51509e-07 3.99578e-07 0)
(-1.40075e-07 4.1015e-07 0)
(-1.34257e-07 4.24797e-07 0)
(-1.30432e-07 4.41655e-07 0)
(-1.26952e-07 4.60246e-07 0)
(-1.21463e-07 4.8099e-07 0)
(-1.11782e-07 5.04637e-07 0)
(-9.51312e-08 5.32342e-07 0)
(-6.78687e-08 5.65126e-07 0)
(-2.46471e-08 6.04771e-07 0)
(4.10173e-08 6.52085e-07 0)
(1.3911e-07 7.08009e-07 0)
(2.84447e-07 7.70323e-07 0)
(4.95335e-07 8.41917e-07 0)
(7.97839e-07 9.22845e-07 0)
(1.23097e-06 1.01621e-06 0)
(1.84489e-06 1.12562e-06 2.12693e-25)
(2.70555e-06 1.2571e-06 0)
(3.88611e-06 1.41969e-06 0)
(5.43103e-06 1.62745e-06 0)
(7.21219e-06 1.88782e-06 1.837e-25)
(8.77818e-06 2.10107e-06 1.55444e-25)
(7.9261e-06 2.67414e-06 0)
(3.32349e-06 3.69768e-06 7.86159e-25)
(-1.9694e-05 4.24914e-06 0)
(-5.94367e-05 3.69413e-06 0)
(-0.000114781 1.83786e-06 -1.42524e-24)
(-0.000165921 -3.67904e-06 0)
(0.000243247 1.86021e-05 0)
(-1.41173e-07 -4.55418e-07 0)
(-3.96698e-08 -4.25539e-07 0)
(2.90477e-08 -4.09772e-07 0)
(7.34901e-08 -3.96988e-07 0)
(1.0737e-07 -3.94682e-07 0)
(1.33464e-07 -4.02147e-07 0)
(1.58142e-07 -4.15179e-07 0)
(1.84325e-07 -4.31836e-07 0)
(2.15122e-07 -4.51941e-07 0)
(2.53221e-07 -4.7598e-07 0)
(3.01747e-07 -5.04928e-07 0)
(3.64779e-07 -5.39932e-07 0)
(4.47762e-07 -5.82571e-07 0)
(5.57634e-07 -6.32785e-07 0)
(7.04814e-07 -6.87233e-07 0)
(9.0586e-07 -7.47805e-07 -8.86507e-26)
(1.17933e-06 -8.1737e-07 0)
(1.55543e-06 -8.93505e-07 -1.06515e-25)
(2.07595e-06 -9.78207e-07 -1.17654e-25)
(2.79597e-06 -1.07126e-06 -2.59385e-25)
(3.78898e-06 -1.17128e-06 0)
(5.14038e-06 -1.27259e-06 -1.41885e-25)
(6.91698e-06 -1.35897e-06 -1.25234e-25)
(9.039e-06 -1.39729e-06 0)
(1.12828e-05 -1.17104e-06 4.10927e-25)
(1.11534e-05 -1.00159e-06 1.76148e-25)
(7.15823e-06 -6.89416e-07 2.49448e-25)
(-1.48037e-05 -1.05523e-06 0)
(-5.23898e-05 -3.35854e-06 -9.85183e-25)
(-0.000101204 -7.96791e-06 -2.42897e-24)
(-0.00013965 -1.91174e-05 -2.63034e-24)
(0.000352541 -9.88324e-06 0)
(-2.3706e-07 2.65148e-07 0)
(-1.71909e-07 3.06183e-07 0)
(-1.34788e-07 3.27623e-07 0)
(-1.15629e-07 3.39381e-07 0)
(-1.04946e-07 3.46798e-07 0)
(-9.85043e-08 3.57846e-07 0)
(-9.28764e-08 3.7183e-07 0)
(-8.69017e-08 3.87515e-07 0)
(-7.83902e-08 4.05164e-07 0)
(-6.51255e-08 4.25616e-07 0)
(-4.41755e-08 4.50046e-07 0)
(-1.16628e-08 4.79319e-07 0)
(3.81706e-08 5.11383e-07 5.676e-26)
(1.12397e-07 5.45686e-07 5.83451e-26)
(2.20938e-07 5.82223e-07 6.12099e-26)
(3.78517e-07 6.21693e-07 6.24204e-26)
(6.04341e-07 6.64441e-07 6.63429e-26)
(9.2497e-07 7.12223e-07 1.37302e-25)
(1.38019e-06 7.65601e-07 1.45726e-25)
(2.0215e-06 8.2794e-07 7.81394e-26)
(2.91666e-06 9.05184e-07 9.08593e-26)
(4.14138e-06 1.00976e-06 2.25724e-25)
(5.74341e-06 1.16861e-06 3.23551e-25)
(7.60121e-06 1.42399e-06 0)
(9.22381e-06 1.73581e-06 4.98349e-25)
(8.49704e-06 2.39664e-06 1.24116e-24)
(4.10446e-06 3.52191e-06 1.70599e-24)
(-1.8584e-05 4.31173e-06 0)
(-5.7642e-05 3.5851e-06 -2.31193e-25)
(-0.000111417 1.37416e-06 -2.7631e-24)
(-0.000158683 -8.86321e-06 -3.41332e-24)
(0.000272323 8.60638e-06 0)
(-1.57132e-07 -3.92667e-07 0)
(-6.22793e-08 -3.69756e-07 0)
(2.11883e-09 -3.57074e-07 0)
(4.41348e-08 -3.49076e-07 0)
(7.66889e-08 -3.45168e-07 0)
(1.01536e-07 -3.46796e-07 0)
(1.24205e-07 -3.56654e-07 0)
(1.47853e-07 -3.71146e-07 0)
(1.75713e-07 -3.89791e-07 0)
(2.10408e-07 -4.13191e-07 0)
(2.54833e-07 -4.42336e-07 0)
(3.12628e-07 -4.74939e-07 0)
(3.89029e-07 -5.11026e-07 -1.29008e-25)
(4.91033e-07 -5.51258e-07 -6.8787e-26)
(6.29126e-07 -5.95329e-07 -7.48087e-26)
(8.19526e-07 -6.44862e-07 0)
(1.08038e-06 -7.01213e-07 -1.78093e-25)
(1.44147e-06 -7.64385e-07 -9.85248e-26)
(1.94396e-06 -8.35273e-07 -1.09123e-25)
(2.64215e-06 -9.13995e-07 0)
(3.60837e-06 -9.98793e-07 -1.29132e-25)
(4.92647e-06 -1.08305e-06 -2.57226e-25)
(6.66055e-06 -1.14806e-06 -1.09068e-25)
(8.7241e-06 -1.16118e-06 0)
(1.09216e-05 -9.20078e-07 2.81566e-25)
(1.06913e-05 -4.86134e-07 9.08038e-25)
(6.51157e-06 4.78933e-07 6.60862e-25)
(-1.57908e-05 9.74572e-07 0)
(-5.40075e-05 -7.31611e-07 -9.63556e-25)
(-0.000104277 -5.48074e-06 -7.9046e-24)
(-0.000145239 -1.88193e-05 -6.33894e-24)
(0.00032993 -1.1733e-05 0)
(-2.05753e-07 1.62133e-07 0)
(-1.40719e-07 2.24386e-07 0)
(-1.04342e-07 2.59112e-07 0)
(-8.52492e-08 2.81362e-07 -1.2886e-26)
(-7.45452e-08 2.94304e-07 0)
(-6.79542e-08 3.03091e-07 0)
(-6.13886e-08 3.14095e-07 -2.06837e-26)
(-5.35572e-08 3.27235e-07 0)
(-4.26447e-08 3.42475e-07 -2.29953e-26)
(-2.63984e-08 3.60701e-07 0)
(-1.50809e-09 3.79352e-07 0)
(3.60008e-08 3.98009e-07 0)
(9.16643e-08 4.16202e-07 4.69812e-26)
(1.72682e-07 4.33684e-07 -2.3794e-26)
(2.89059e-07 4.50522e-07 0)
(4.55739e-07 4.66724e-07 0)
(6.9236e-07 4.80786e-07 2.37891e-26)
(1.026e-06 4.95146e-07 0)
(1.49695e-06 5.08644e-07 0)
(2.15768e-06 5.24002e-07 0)
(3.0774e-06 5.46873e-07 0)
(4.33417e-06 5.92088e-07 4.32357e-26)
(5.9794e-06 6.96853e-07 0)
(7.90087e-06 9.33489e-07 -1.49092e-25)
(9.58646e-06 1.36835e-06 0)
(8.96071e-06 2.14722e-06 7.2557e-25)
(4.67787e-06 3.47961e-06 0)
(-1.78599e-05 4.5839e-06 0)
(-5.65644e-05 3.65726e-06 2.5587e-25)
(-0.000109217 7.91831e-07 -1.78495e-24)
(-0.000154472 -1.34022e-05 -2.94842e-24)
(0.000290634 -1.2629e-06 -7.63734e-25)
(-1.61366e-07 -3.40586e-07 0)
(-7.51733e-08 -3.18536e-07 0)
(-1.69328e-08 -3.06922e-07 0)
(2.13346e-08 -3.02166e-07 5.13135e-26)
(5.12339e-08 -3.01448e-07 0)
(7.44683e-08 -3.03557e-07 0)
(9.56154e-08 -3.10462e-07 5.16746e-26)
(1.17222e-07 -3.23125e-07 0)
(1.42585e-07 -3.40714e-07 5.07824e-26)
(1.74021e-07 -3.6133e-07 0)
(2.1435e-07 -3.84284e-07 0)
(2.67437e-07 -4.09644e-07 2.82187e-26)
(3.38511e-07 -4.37246e-07 0)
(4.34507e-07 -4.67869e-07 6.35298e-26)
(5.65825e-07 -5.01882e-07 0)
(7.48358e-07 -5.40704e-07 0)
(1.00023e-06 -5.84886e-07 8.25919e-26)
(1.35083e-06 -6.35984e-07 0)
(1.84098e-06 -6.94534e-07 5.04673e-26)
(2.5246e-06 -7.60759e-07 0)
(3.47343e-06 -8.32408e-07 0)
(4.77053e-06 -9.01113e-07 1.15099e-25)
(6.47804e-06 -9.43219e-07 0)
(8.50269e-06 -9.19508e-07 1.25063e-26)
(1.0656e-05 -6.71093e-07 0)
(1.03617e-05 -3.06294e-09 0)
(6.09583e-06 1.51121e-06 -4.78183e-25)
(-1.63988e-05 2.76745e-06 0)
(-5.49618e-05 1.61186e-06 1.05916e-24)
(-0.000106248 -3.03357e-06 0)
(-0.000148394 -1.93154e-05 0)
(0.00031694 -1.41979e-05 2.46271e-25)
(-1.79382e-07 7.33225e-08 0)
(-1.15623e-07 1.50844e-07 0)
(-7.96867e-08 1.95918e-07 0)
(-6.03924e-08 2.26757e-07 -1.43868e-26)
(-4.91431e-08 2.45228e-07 0)
(-4.19689e-08 2.57488e-07 0)
(-3.46736e-08 2.67525e-07 -3.90185e-26)
(-2.55614e-08 2.78211e-07 0)
(-1.2561e-08 2.89544e-07 -4.08763e-26)
(6.51595e-09 3.0037e-07 0)
(3.47216e-08 3.09684e-07 0)
(7.59965e-08 3.16991e-07 -3.98202e-26)
(1.35851e-07 3.21699e-07 0)
(2.2153e-07 3.23026e-07 -3.81183e-26)
(3.43127e-07 3.20958e-07 0)
(5.15762e-07 3.14822e-07 0)
(7.59148e-07 3.0195e-07 -3.31577e-26)
(1.10083e-06 2.84713e-07 0)
(1.58135e-06 2.60895e-07 -2.92497e-26)
(2.25388e-06 2.32448e-07 0)
(3.18869e-06 2.0463e-07 0)
(4.46594e-06 1.93867e-07 -6.72956e-26)
(6.14069e-06 2.44849e-07 0)
(8.11055e-06 4.53736e-07 -3.28902e-25)
(9.86747e-06 1.00895e-06 0)
(9.32686e-06 1.92641e-06 0)
(5.09313e-06 3.57435e-06 -1.18759e-24)
(-1.74171e-05 5.10587e-06 0)
(-5.60408e-05 4.10047e-06 8.24585e-25)
(-0.000108111 4.13607e-07 0)
(-0.000152365 -1.71178e-05 0)
(0.000300532 -1.01532e-05 -8.46159e-25)
(-1.56194e-07 -3.00955e-07 -2.52473e-26)
(-7.99761e-08 -2.75206e-07 0)
(-2.90333e-08 -2.6272e-07 0)
(4.5776e-09 -2.59618e-07 2.36565e-26)
(3.10255e-08 -2.60938e-07 0)
(5.19621e-08 -2.64672e-07 0)
(7.13038e-08 -2.71686e-07 2.32291e-26)
(9.09893e-08 -2.82312e-07 0)
(1.13933e-07 -2.95896e-07 2.38537e-26)
(1.42461e-07 -3.11674e-07 0)
(1.79533e-07 -3.28468e-07 0)
(2.29045e-07 -3.46789e-07 2.6401e-26)
(2.96221e-07 -3.66643e-07 0)
(3.88012e-07 -3.88743e-07 2.99206e-26)
(5.14757e-07 -4.13948e-07 0)
(6.92096e-07 -4.43585e-07 0)
(9.38383e-07 -4.78045e-07 3.92702e-26)
(1.28269e-06 -5.19844e-07 0)
(1.76571e-06 -5.69734e-07 4.86085e-26)
(2.44134e-06 -6.28106e-07 0)
(3.38124e-06 -6.92225e-07 0)
(4.66846e-06 -7.51669e-07 5.10083e-26)
(6.36427e-06 -7.75735e-07 0)
(8.37073e-06 -7.09829e-07 -1.97433e-26)
(1.04827e-05 -4.37463e-07 0)
(1.01546e-05 4.46091e-07 0)
(5.86384e-06 2.4294e-06 -6.3174e-25)
(-1.67338e-05 4.33499e-06 0)
(-5.54526e-05 3.5473e-06 5.33652e-25)
(-0.000107294 -9.43838e-07 0)
(-0.000150052 -2.05908e-05 0)
(0.000310709 -1.78779e-05 2.89695e-27)
(-1.5603e-07 5.80072e-10 9.88475e-29)
(-9.50841e-08 8.86127e-08 0)
(-5.98542e-08 1.41413e-07 0)
(-4.03353e-08 1.78434e-07 0)
(-2.83009e-08 2.01049e-07 0)
(-2.02541e-08 2.15657e-07 0)
(-1.20391e-08 2.2561e-07 -8.11738e-27)
(-1.65971e-09 2.33559e-07 0)
(1.30522e-08 2.39729e-07 0)
(3.4252e-08 2.43344e-07 0)
(6.48047e-08 2.43924e-07 0)
(1.08557e-07 2.407e-07 0)
(1.71002e-07 2.32929e-07 0)
(2.59344e-07 2.1957e-07 0)
(3.8373e-07 2.003e-07 0)
(5.59383e-07 1.73929e-07 0)
(8.05867e-07 1.37223e-07 0)
(1.15109e-06 9.20232e-08 0)
(1.63572e-06 3.55667e-08 0)
(2.31339e-06 -3.07845e-08 0)
(3.25517e-06 -1.02135e-07 0)
(4.54306e-06 -1.61075e-07 0)
(6.23557e-06 -1.58116e-07 0)
(8.23888e-06 1.94494e-08 0)
(1.0073e-05 6.80944e-07 0)
(9.60601e-06 1.73908e-06 0)
(5.39244e-06 3.76933e-06 0)
(-1.71575e-05 5.82458e-06 0)
(-5.58545e-05 4.94805e-06 0)
(-0.000107823 5.33209e-07 0)
(-0.000151501 -2.01846e-05 0)
(0.00030511 -1.77895e-05 0)
(-1.43843e-07 -2.74732e-07 1.37674e-26)
(-7.84281e-08 -2.42338e-07 -9.24433e-27)
(-3.5445e-08 -2.27238e-07 0)
(-7.09474e-09 -2.24205e-07 0)
(1.53443e-08 -2.26232e-07 0)
(3.35101e-08 -2.30623e-07 0)
(5.07041e-08 -2.37138e-07 1.06027e-26)
(6.83986e-08 -2.45741e-07 0)
(8.91811e-08 -2.55855e-07 0)
(1.15377e-07 -2.66896e-07 0)
(1.50019e-07 -2.78371e-07 0)
(1.9701e-07 -2.90759e-07 0)
(2.61603e-07 -3.04225e-07 0)
(3.50802e-07 -3.1966e-07 0)
(4.74981e-07 -3.38218e-07 0)
(6.49411e-07 -3.61368e-07 0)
(8.92953e-07 -3.89838e-07 0)
(1.2346e-06 -4.26779e-07 0)
(1.71482e-06 -4.73492e-07 0)
(2.38779e-06 -5.31123e-07 0)
(3.32544e-06 -5.97e-07 0)
(4.6115e-06 -6.58174e-07 0)
(6.30771e-06 -6.75013e-07 0)
(8.31542e-06 -5.6838e-07 0)
(1.03919e-05 -2.42268e-07 0)
(1.00585e-05 8.56437e-07 0)
(5.7798e-06 3.26578e-06 0)
(-1.68794e-05 5.75051e-06 0)
(-5.56874e-05 5.1566e-06 0)
(-0.000107774 5.64209e-07 0)
(-0.00015095 -2.2403e-05 0)
(0.00030824 -2.27105e-05 0)
(-1.34004e-07 -5.40605e-08 -1.28439e-26)
(-7.75039e-08 4.07435e-08 -6.87943e-27)
(-4.36017e-08 9.87904e-08 -3.78205e-28)
(-2.4059e-08 1.39439e-07 4.54531e-29)
(-1.11923e-08 1.64544e-07 1.87387e-28)
(-2.14073e-09 1.80274e-07 3.37398e-28)
(7.08574e-09 1.89423e-07 -4.24747e-28)
(1.86185e-08 1.94504e-07 4.67792e-28)
(3.46639e-08 1.95889e-07 4.84619e-28)
(5.73073e-08 1.93179e-07 0)
(8.92782e-08 1.861e-07 4.61882e-28)
(1.34345e-07 1.73763e-07 4.3106e-28)
(1.97941e-07 1.55276e-07 0)
(2.87187e-07 1.29517e-07 3.39662e-28)
(4.12267e-07 9.57625e-08 0)
(5.88365e-07 5.25267e-08 1.8754e-28)
(8.34822e-07 -3.58614e-09 8.68528e-29)
(1.17987e-06 -7.13944e-08 0)
(1.66415e-06 -1.53816e-07 -1.65185e-28)
(2.34162e-06 -2.49841e-07 -2.68257e-28)
(3.2841e-06 -3.54701e-07 0)
(4.57524e-06 -4.50246e-07 1.65359e-28)
(6.27667e-06 -4.83863e-07 1.5503e-27)
(8.30055e-06 -3.32969e-07 -5.06008e-27)
(1.0211e-05 3.84509e-07 1.24777e-26)
(9.80665e-06 1.59007e-06 1.84388e-26)
(5.60671e-06 4.03443e-06 -2.55497e-26)
(-1.69945e-05 6.66537e-06 2.86246e-26)
(-5.57657e-05 6.0203e-06 2.19806e-26)
(-0.000107782 1.22124e-06 -8.89636e-26)
(-0.000151507 -2.24645e-05 -8.58659e-26)
(0.000306689 -2.42884e-05 -1.63518e-26)
(-1.27383e-07 -1.97173e-07 0)
(-7.26751e-08 -1.40468e-07 0)
(-3.86279e-08 -1.10543e-07 -7.12762e-28)
(-1.72856e-08 -9.6628e-08 -2.67529e-32)
(-1.23751e-09 -9.21735e-08 -7.63029e-28)
(1.16271e-08 -9.29301e-08 -3.36487e-28)
(2.45391e-08 -9.72017e-08 5.47482e-33)
(3.89395e-08 -1.03803e-07 -3.28429e-28)
(5.70742e-08 -1.12337e-07 -6.96417e-28)
(8.11575e-08 -1.22615e-07 -3.75361e-28)
(1.14131e-07 -1.34518e-07 -4.13419e-28)
(1.59881e-07 -1.4861e-07 -9.22626e-28)
(2.23792e-07 -1.65264e-07 0)
(3.12966e-07 -1.85499e-07 -1.18383e-27)
(4.37763e-07 -2.1043e-07 -6.81142e-28)
(6.13684e-07 -2.41548e-07 7.9245e-28)
(8.59972e-07 -2.80421e-07 -1.83287e-27)
(1.20557e-06 -3.30028e-07 0)
(1.69174e-06 -3.92344e-07 -2.42612e-27)
(2.37351e-06 -4.68824e-07 -2.6698e-27)
(3.32428e-06 -5.56803e-07 0)
(4.62986e-06 -6.41513e-07 -1.91898e-27)
(6.35297e-06 -6.74649e-07 3.22851e-28)
(8.38754e-06 -5.46934e-07 9.49782e-31)
(1.03773e-05 -1.59115e-07 1.77873e-26)
(9.85521e-06 1.12255e-06 1.96704e-26)
(5.30811e-06 4.05303e-06 -1.2897e-29)
(-1.9656e-05 7.32805e-06 3.35114e-26)
(-5.90766e-05 7.15663e-06 -4.5343e-29)
(-0.000116016 2.03973e-06 1.48555e-29)
(-0.000124817 -3.25363e-05 -1.28168e-25)
(0.000903289 -5.23025e-05 3.67861e-28)
(-1.21723e-07 -1.46411e-07 0)
(-6.80063e-08 -6.77127e-08 0)
(-3.46946e-08 -1.98974e-08 0)
(-1.40049e-08 1.19039e-08 2.47357e-32)
(1.00121e-09 3.13085e-08 -1.1247e-28)
(1.26038e-08 4.33605e-08 -2.92525e-30)
(2.41652e-08 4.96647e-08 7.33077e-29)
(3.75103e-08 5.20923e-08 0)
(5.48694e-08 5.10503e-08 -2.01044e-32)
(7.84139e-08 4.64507e-08 1.21658e-28)
(1.10971e-07 3.82008e-08 0)
(1.56336e-07 2.5342e-08 -5.62246e-32)
(2.19917e-07 6.92322e-09 0)
(3.08851e-07 -1.83413e-08 -2.08788e-29)
(4.33545e-07 -5.17421e-08 -1.45128e-31)
(6.09172e-07 -9.52571e-08 0)
(8.55223e-07 -1.52026e-07 -3.16449e-28)
(1.20077e-06 -2.23034e-07 4.67275e-28)
(1.68678e-06 -3.11422e-07 -6.39037e-28)
(2.36849e-06 -4.17544e-07 -7.94829e-28)
(3.31957e-06 -5.3783e-07 8.31855e-28)
(4.62679e-06 -6.54512e-07 -4.86108e-28)
(6.35497e-06 -7.13072e-07 -9.32509e-28)
(8.41433e-06 -5.80566e-07 4.66185e-27)
(1.04284e-05 2.06793e-07 1.22266e-26)
(9.93353e-06 1.67879e-06 0)
(5.42059e-06 4.91855e-06 1.28735e-29)
(-1.95986e-05 8.79135e-06 0)
(-5.92007e-05 9.21944e-06 4.56398e-29)
(-0.000117011 3.3369e-06 1.33626e-25)
(-0.000126233 -5.17054e-05 0)
(0.000907168 -0.000105149 -1.70823e-25)
(-1.19442e-07 -1.8769e-07 0)
(-6.77509e-08 -1.26074e-07 -1.12818e-27)
(-3.56486e-08 -9.32242e-08 0)
(-1.55e-08 -7.75854e-08 4.68259e-28)
(-2.86701e-10 -7.1941e-08 0)
(1.20181e-08 -7.16268e-08 2.95668e-28)
(2.45176e-08 -7.433e-08 0)
(3.86024e-08 -7.87836e-08 0)
(5.64402e-08 -8.46631e-08 6.04234e-28)
(8.02261e-08 -9.19433e-08 0)
(1.12868e-07 -1.00759e-07 0)
(1.58219e-07 -1.11804e-07 4.06231e-28)
(2.21654e-07 -1.25745e-07 0)
(3.10263e-07 -1.43974e-07 0)
(4.34471e-07 -1.68134e-07 6.07691e-28)
(6.09444e-07 -2.00284e-07 7.11563e-28)
(8.54639e-07 -2.43362e-07 0)
(1.19918e-06 -3.01147e-07 9.60003e-28)
(1.68409e-06 -3.77561e-07 0)
(2.36476e-06 -4.76206e-07 0)
(3.31527e-06 -5.96246e-07 1.16141e-27)
(4.62339e-06 -7.20675e-07 0)
(6.35625e-06 -7.9236e-07 -7.96662e-28)
(8.42325e-06 -6.67012e-07 -4.70589e-27)
(1.04633e-05 -9.92592e-08 0)
(1.00337e-05 1.49334e-06 0)
(5.57588e-06 5.30643e-06 -3.8019e-26)
(-1.95001e-05 1.00077e-05 0)
(-5.9302e-05 1.11499e-05 2.72369e-26)
(-0.000118344 4.65548e-06 0)
(-0.000128762 -7.04085e-05 2.81835e-25)
(0.000910789 -0.000157929 2.91393e-25)
(-1.14651e-07 -1.63376e-07 0)
(-6.40579e-08 -8.54518e-08 -1.10228e-27)
(-3.25666e-08 -3.82617e-08 0)
(-1.29319e-08 -7.20116e-09 -1.73202e-28)
(1.49436e-09 1.13641e-08 -8.07596e-29)
(1.27934e-08 2.23771e-08 0)
(2.41881e-08 2.70134e-08 1.07609e-29)
(3.74244e-08 2.70549e-08 2.83332e-29)
(5.46834e-08 2.29881e-08 -3.28812e-29)
(7.81178e-08 1.48301e-08 2.85797e-29)
(1.10527e-07 2.5886e-09 0)
(1.55684e-07 -1.46992e-08 -4.3436e-30)
(2.1897e-07 -3.79117e-08 0)
(3.07484e-07 -6.82846e-08 -7.12433e-29)
(4.3161e-07 -1.07013e-07 -1.22218e-28)
(6.06471e-07 -1.56156e-07 3.79611e-28)
(8.51493e-07 -2.18171e-07 -2.72922e-28)
(1.19572e-06 -2.949e-07 0)
(1.68012e-06 -3.88955e-07 -4.96896e-28)
(2.36014e-06 -5.0345e-07 -5.9179e-28)
(3.31024e-06 -6.38669e-07 0)
(4.61932e-06 -7.79405e-07 -4.09944e-28)
(6.35708e-06 -8.6801e-07 0)
(8.44083e-06 -7.4891e-07 -2.50099e-27)
(1.05112e-05 1.33921e-08 0)
(1.01391e-05 1.75141e-06 1.38658e-26)
(5.74282e-06 5.92697e-06 2.13473e-26)
(-1.93784e-05 1.13174e-05 0)
(-5.9403e-05 1.31523e-05 -1.46223e-26)
(-0.000120066 6.03114e-06 -9.43303e-26)
(-0.000132308 -8.92604e-05 5.37886e-25)
(0.00091503 -0.000210943 2.06899e-25)
(-1.11407e-07 -1.84556e-07 0)
(-6.28019e-08 -1.17969e-07 0)
(-3.26327e-08 -8.17809e-08 0)
(-1.3679e-08 -6.38058e-08 -2.26788e-28)
(6.93875e-10 -5.64575e-08 -1.6016e-28)
(1.24123e-08 -5.47313e-08 0)
(2.44546e-08 -5.59282e-08 -1.21107e-28)
(3.81824e-08 -5.86976e-08 -1.21874e-28)
(5.56919e-08 -6.27887e-08 -1.28734e-28)
(7.91593e-08 -6.83441e-08 -1.39592e-28)
(1.11453e-07 -7.57192e-08 0)
(1.56392e-07 -8.58074e-08 -1.74771e-28)
(2.19343e-07 -9.97133e-08 0)
(3.0738e-07 -1.19237e-07 -2.28883e-28)
(4.30898e-07 -1.46907e-07 -2.64561e-28)
(6.05012e-07 -1.85647e-07 0)
(8.49186e-07 -2.40248e-07 -3.63345e-28)
(1.19253e-06 -3.14755e-07 0)
(1.67603e-06 -4.12088e-07 -5.39634e-28)
(2.35515e-06 -5.34777e-07 -6.32851e-28)
(3.30468e-06 -6.82055e-07 0)
(4.61462e-06 -8.38376e-07 -4.56235e-28)
(6.35745e-06 -9.44031e-07 0)
(8.45686e-06 -8.31861e-07 2.63915e-27)
(1.05581e-05 -8.38545e-08 0)
(1.02576e-05 1.76527e-06 1.50395e-26)
(5.93753e-06 6.45413e-06 2.36611e-26)
(-1.92277e-05 1.26086e-05 0)
(-5.95014e-05 1.51872e-05 -1.55339e-26)
(-0.000122182 7.48311e-06 -1.08096e-25)
(-0.000136878 -0.000108223 4.35804e-25)
(0.000919475 -0.000264253 -2.67935e-25)
(-1.0717e-07 -1.74113e-07 0)
(-5.98389e-08 -9.71581e-08 -2.86983e-28)
(-3.02858e-08 -5.09606e-08 -1.68669e-28)
(-1.17812e-08 -2.11883e-08 0)
(2.02013e-09 -3.90661e-09 0)
(1.30003e-08 5.80858e-09 0)
(2.42299e-08 8.91062e-09 0)
(3.73575e-08 7.10216e-09 0)
(5.45051e-08 9.71188e-10 0)
(7.78018e-08 -9.34735e-09 0)
(1.10019e-07 -2.37765e-08 -1.08278e-29)
(1.54899e-07 -4.31925e-08 0)
(2.17791e-07 -6.82829e-08 0)
(3.05738e-07 -1.00151e-07 0)
(4.29089e-07 -1.39766e-07 0)
(6.02882e-07 -1.88354e-07 0)
(8.46504e-07 -2.50217e-07 0)
(1.18908e-06 -3.30501e-07 0)
(1.67163e-06 -4.34382e-07 -2.8474e-28)
(2.34975e-06 -5.66001e-07 0)
(3.29859e-06 -7.25434e-07 0)
(4.60929e-06 -8.97435e-07 0)
(6.35734e-06 -1.02041e-06 0)
(8.47364e-06 -9.15815e-07 1.38761e-27)
(1.06101e-05 -1.24883e-07 0)
(1.03872e-05 1.89078e-06 0)
(6.15314e-06 7.01009e-06 0)
(-1.90487e-05 1.39099e-05 0)
(-5.95959e-05 1.72702e-05 0)
(-0.000124692 9.03151e-06 0)
(-0.00014248 -0.000127333 2.56858e-25)
(0.000924256 -0.000317944 -1.64755e-25)
(-1.03331e-07 -1.86424e-07 0)
(-5.78846e-08 -1.14894e-07 -2.94085e-28)
(-2.9649e-08 -7.53215e-08 -1.78218e-28)
(-1.18911e-08 -5.46939e-08 0)
(1.6499e-09 -4.53842e-08 0)
(1.278e-08 -4.2118e-08 0)
(2.43517e-08 -4.20496e-08 0)
(3.77107e-08 -4.37694e-08 0)
(5.48897e-08 -4.71324e-08 0)
(7.80431e-08 -5.25028e-08 0)
(1.09999e-07 -6.03921e-08 -6.36709e-29)
(1.54544e-07 -7.21808e-08 0)
(2.17037e-07 -8.91968e-08 0)
(3.04536e-07 -1.15055e-07 0)
(4.2743e-07 -1.51289e-07 0)
(6.00702e-07 -1.99555e-07 0)
(8.43664e-07 -2.63546e-07 0)
(1.1854e-06 -3.47654e-07 0)
(1.66694e-06 -4.57338e-07 -3.01252e-28)
(2.34394e-06 -5.9748e-07 0)
(3.29195e-06 -7.68892e-07 0)
(4.60332e-06 -9.56602e-07 0)
(6.35674e-06 -1.09718e-06 0)
(8.49099e-06 -1.00087e-06 1.45312e-27)
(1.06648e-05 -1.72068e-07 0)
(1.05281e-05 1.96611e-06 0)
(6.39242e-06 7.55772e-06 0)
(-1.88401e-05 1.52167e-05 0)
(-5.96845e-05 1.94088e-05 0)
(-0.000127603 1.06955e-05 0)
(-0.000149124 -0.000146508 0)
(0.000928979 -0.000372038 -1.96027e-25)
(-9.91255e-08 -1.79081e-07 0)
(-5.525e-08 -1.03544e-07 0)
(-2.77717e-08 -5.82186e-08 0)
(-1.04709e-08 -2.97184e-08 0)
(2.65037e-09 -1.36137e-08 0)
(1.32709e-08 -4.99023e-09 0)
(2.42913e-08 -2.98704e-09 0)
(3.72623e-08 -5.93661e-09 0)
(5.42431e-08 -1.30751e-08 0)
(7.73425e-08 -2.40386e-08 0)
(1.09293e-07 -3.87761e-08 0)
(1.53807e-07 -5.67104e-08 0)
(2.16143e-07 -7.87732e-08 0)
(3.03339e-07 -1.08042e-07 0)
(4.25828e-07 -1.46775e-07 0)
(5.98564e-07 -1.9822e-07 0)
(8.40832e-07 -2.66513e-07 0)
(1.1817e-06 -3.56627e-07 0)
(1.66218e-06 -4.74506e-07 0)
(2.33805e-06 -6.2569e-07 0)
(3.2853e-06 -8.11675e-07 0)
(4.5976e-06 -1.01773e-06 0)
(6.3573e-06 -1.1785e-06 0)
(8.51209e-06 -1.09252e-06 0)
(1.07285e-05 -2.2419e-07 0)
(1.06892e-05 2.07239e-06 0)
(6.66637e-06 8.15105e-06 0)
(-1.86202e-05 1.6628e-05 0)
(-5.98091e-05 2.17826e-05 0)
(-0.000131247 1.26424e-05 0)
(-0.000157255 -0.000167605 0)
(0.000940632 -0.000431235 0)
(-9.46787e-08 -1.9324e-07 0)
(-5.26732e-08 -1.17283e-07 0)
(-2.64766e-08 -7.39288e-08 0)
(-9.99613e-09 -5.07585e-08 0)
(2.66936e-09 -3.97539e-08 0)
(1.31864e-08 -3.52755e-08 0)
(2.42728e-08 -3.45231e-08 0)
(3.72612e-08 -3.60436e-08 0)
(5.41201e-08 -4.00201e-08 0)
(7.69691e-08 -4.7136e-08 0)
(1.08646e-07 -5.95131e-08 0)
(1.52898e-07 -7.69939e-08 0)
(2.14931e-07 -1.00522e-07 0)
(3.01751e-07 -1.31893e-07 0)
(4.23744e-07 -1.73463e-07 0)
(5.95819e-07 -2.28383e-07 0)
(8.37221e-07 -3.00892e-07 0)
(1.17697e-06 -3.96368e-07 0)
(1.65608e-06 -5.21088e-07 0)
(2.33041e-06 -6.81255e-07 0)
(3.27639e-06 -8.79234e-07 0)
(4.58918e-06 -1.1009e-06 0)
(6.3553e-06 -1.27941e-06 0)
(8.53308e-06 -1.20206e-06 0)
(1.07994e-05 -2.99146e-07 0)
(1.08781e-05 2.10998e-06 0)
(6.99668e-06 8.74398e-06 0)
(-1.83039e-05 1.81247e-05 0)
(-5.98883e-05 2.44097e-05 0)
(-0.000135626 1.49219e-05 0)
(-0.000167585 -0.000190152 0)
(0.000949352 -0.000495667 0)
(-9.0308e-08 -1.79211e-07 0)
(-5.00821e-08 -1.03879e-07 0)
(-2.48903e-08 -6.04393e-08 0)
(-8.99061e-09 -3.49436e-08 0)
(3.32102e-09 -2.0351e-08 0)
(1.34975e-08 -1.29565e-08 0)
(2.4258e-08 -1.16095e-08 0)
(3.70243e-08 -1.4721e-08 0)
(5.37627e-08 -2.0466e-08 0)
(7.64982e-08 -2.83933e-08 0)
(1.08e-07 -3.96354e-08 0)
(1.52031e-07 -5.54318e-08 0)
(2.13765e-07 -7.7094e-08 0)
(3.00179e-07 -1.06666e-07 0)
(4.21649e-07 -1.46667e-07 0)
(5.93045e-07 -2.00574e-07 0)
(8.33556e-07 -2.72955e-07 0)
(1.17216e-06 -3.69805e-07 0)
(1.64984e-06 -4.98183e-07 0)
(2.32254e-06 -6.65352e-07 0)
(3.26712e-06 -8.74938e-07 0)
(4.58026e-06 -1.11388e-06 0)
(6.35291e-06 -1.31445e-06 0)
(8.55454e-06 -1.25204e-06 0)
(1.0872e-05 -2.96795e-07 0)
(1.10809e-05 2.30896e-06 0)
(7.36003e-06 9.46638e-06 0)
(-1.79416e-05 1.9726e-05 0)
(-5.99478e-05 2.71762e-05 0)
(-0.00014054 1.74696e-05 0)
(-0.00017937 -0.000213502 0)
(0.000956164 -0.000561032 0)
(-8.58867e-08 -2.08192e-07 0)
(-4.75287e-08 -1.27321e-07 0)
(-2.34907e-08 -8.00082e-08 0)
(-8.25972e-09 -5.22473e-08 0)
(3.62172e-09 -3.78712e-08 0)
(1.3565e-08 -3.16511e-08 0)
(2.41964e-08 -3.09185e-08 0)
(3.68776e-08 -3.44718e-08 0)
(5.3528e-08 -4.18136e-08 0)
(7.61388e-08 -5.30648e-08 0)
(1.07474e-07 -6.85156e-08 0)
(1.51275e-07 -8.9371e-08 0)
(2.12712e-07 -1.17024e-07 0)
(2.98737e-07 -1.53613e-07 0)
(4.19677e-07 -2.01929e-07 0)
(5.9035e-07 -2.6572e-07 0)
(8.29891e-07 -3.49897e-07 0)
(1.16722e-06 -4.61055e-07 0)
(1.64328e-06 -6.06714e-07 0)
(2.3141e-06 -7.94886e-07 0)
(3.25697e-06 -1.02992e-06 0)
(4.57014e-06 -1.29894e-06 0)
(6.34932e-06 -1.53185e-06 0)
(8.57715e-06 -1.49072e-06 0)
(1.09537e-05 -5.24962e-07 0)
(1.1301e-05 2.20285e-06 0)
(7.75108e-06 9.89725e-06 0)
(-1.75368e-05 2.10744e-05 0)
(-5.9986e-05 2.99207e-05 0)
(-0.000146051 2.0174e-05 0)
(-0.000192641 -0.000236969 0)
(0.000967667 -0.000631413 0)
(-8.09813e-08 -1.63822e-07 0)
(-4.45299e-08 -9.23528e-08 0)
(-2.16385e-08 -5.22185e-08 0)
(-7.16546e-09 -2.99698e-08 0)
(4.21314e-09 -1.88193e-08 0)
(1.37987e-08 -1.34996e-08 0)
(2.41358e-08 -1.22556e-08 0)
(3.65524e-08 -1.37228e-08 0)
(5.29574e-08 -1.78337e-08 0)
(7.53417e-08 -2.48428e-08 0)
(1.06428e-07 -3.52388e-08 0)
(1.49929e-07 -5.02103e-08 0)
(2.10983e-07 -7.11175e-08 0)
(2.96502e-07 -1.00176e-07 0)
(4.16793e-07 -1.40054e-07 0)
(5.86637e-07 -1.94468e-07 0)
(8.25097e-07 -2.68257e-07 0)
(1.16104e-06 -3.68152e-07 0)
(1.63538e-06 -5.01971e-07 0)
(2.30421e-06 -6.78225e-07 0)
(3.24529e-06 -9.02036e-07 0)
(4.55852e-06 -1.16145e-06 0)
(6.34461e-06 -1.38665e-06 0)
(8.59815e-06 -1.33612e-06 0)
(1.1032e-05 -3.14212e-07 0)
(1.15324e-05 2.50637e-06 0)
(8.17744e-06 1.07984e-05 0)
(-1.70743e-05 2.29306e-05 0)
(-5.99867e-05 3.32105e-05 0)
(-0.0001521 2.35334e-05 0)
(-0.000207597 -0.000258202 0)
(0.000973965 -0.000679581 0)
(-7.74193e-08 -2.45473e-07 0)
(-4.2695e-08 -1.53772e-07 0)
(-2.0789e-08 -9.85436e-08 0)
(-6.81346e-09 -6.51253e-08 0)
(4.33471e-09 -4.70896e-08 0)
(1.38489e-08 -3.83861e-08 0)
(2.41864e-08 -3.72329e-08 0)
(3.66356e-08 -4.14896e-08 0)
(5.30459e-08 -5.03205e-08 0)
(7.53846e-08 -6.37262e-08 0)
(1.06375e-07 -8.20327e-08 0)
(1.49721e-07 -1.06636e-07 0)
(2.10547e-07 -1.39101e-07 0)
(2.95751e-07 -1.8192e-07 0)
(4.15593e-07 -2.3832e-07 0)
(5.84797e-07 -3.12788e-07 0)
(8.22369e-07 -4.10945e-07 0)
(1.1571e-06 -5.40932e-07 0)
(1.62985e-06 -7.1182e-07 0)
(2.29677e-06 -9.33856e-07 0)
(3.23604e-06 -1.21396e-06 0)
(4.54915e-06 -1.54124e-06 0)
(6.34175e-06 -1.84318e-06 0)
(8.6236e-06 -1.85479e-06 0)
(1.11201e-05 -7.90385e-07 0)
(1.17823e-05 2.32259e-06 0)
(8.63574e-06 1.09813e-05 0)
(-1.6566e-05 2.39226e-05 0)
(-5.99598e-05 3.58631e-05 0)
(-0.000158672 2.71012e-05 0)
(-0.000223085 -0.000291312 0)
(0.000989877 -0.000805574 0)
(-7.05379e-08 -1.89483e-07 0)
(-3.8172e-08 -1.14161e-07 0)
(-1.7805e-08 -7.09037e-08 0)
(-4.94302e-09 -4.6265e-08 0)
(5.36506e-09 -3.37252e-08 0)
(1.42193e-08 -2.79294e-08 0)
(2.39951e-08 -2.7108e-08 0)
(3.59792e-08 -2.99018e-08 0)
(5.19879e-08 -3.6098e-08 0)
(7.39618e-08 -4.58282e-08 0)
(1.04563e-07 -5.95932e-08 0)
(1.47451e-07 -7.8654e-08 0)
(2.07715e-07 -1.0451e-07 0)
(2.92197e-07 -1.39596e-07 0)
(4.11118e-07 -1.86942e-07 0)
(5.79153e-07 -2.50586e-07 0)
(8.15208e-07 -3.35896e-07 0)
(1.148e-06 -4.505e-07 0)
(1.61836e-06 -6.03088e-07 0)
(2.28246e-06 -8.03562e-07 0)
(3.21897e-06 -1.0586e-06 0)
(4.53125e-06 -1.35717e-06 0)
(6.33101e-06 -1.62642e-06 0)
(8.64373e-06 -1.60449e-06 0)
(1.12129e-05 -5.63252e-07 0)
(1.20422e-05 2.51915e-06 0)
(9.11301e-06 1.18356e-05 0)
(-1.59966e-05 2.56006e-05 0)
(-5.9849e-05 3.84458e-05 0)
(-0.000166272 2.82009e-05 0)
(-0.000243678 -0.000291976 0)
(0.000982923 -0.000752203 0)
(-2.778e-07 -1.40394e-07 0)
(-2.4849e-07 -6.94042e-08 0)
(-2.29832e-07 -3.05645e-08 0)
(-2.17819e-07 -9.91762e-09 0)
(-2.07983e-07 -2.06186e-10 0)
(-1.99367e-07 3.95803e-09 0)
(-1.8981e-07 4.56871e-09 0)
(-1.78138e-07 2.86265e-09 0)
(-1.62637e-07 -1.08976e-09 0)
(-1.41439e-07 -7.89839e-09 0)
(-1.11956e-07 -1.83324e-08 0)
(-7.0645e-08 -3.38221e-08 0)
(-1.25877e-08 -5.60277e-08 0)
(6.88546e-08 -8.75098e-08 0)
(1.83576e-07 -1.31531e-07 0)
(3.45774e-07 -1.92848e-07 0)
(5.7377e-07 -2.77243e-07 0)
(8.95539e-07 -3.93577e-07 0)
(1.35079e-06 -5.51874e-07 0)
(1.99431e-06 -7.64023e-07 0)
(2.9034e-06 -1.03948e-06 0)
(4.1809e-06 -1.37106e-06 0)
(5.94225e-06 -1.69047e-06 0)
(8.23174e-06 -1.72788e-06 0)
(1.08317e-05 -6.14525e-07 0)
(1.18894e-05 2.72176e-06 0)
(9.27195e-06 1.31327e-05 0)
(-1.5569e-05 2.89243e-05 0)
(-5.99151e-05 4.62143e-05 0)
(-0.000175895 4.0106e-05 0)
(-0.000267788 -0.000366479 0)
(-0.00607628 -0.00105264 0)
(-9.58187e-07 -2.93209e-07 0)
(-9.37025e-07 -1.9985e-07 0)
(-9.23236e-07 -1.40468e-07 0)
(-9.13952e-07 -1.03228e-07 0)
(-9.05825e-07 -8.22348e-08 0)
(-8.98044e-07 -7.20374e-08 0)
(-8.88817e-07 -7.10117e-08 0)
(-8.7694e-07 -7.69759e-08 0)
(-8.60693e-07 -8.89728e-08 0)
(-8.38012e-07 -1.0658e-07 0)
(-8.06009e-07 -1.3002e-07 0)
(-7.60626e-07 -1.60694e-07 0)
(-6.96133e-07 -2.00212e-07 0)
(-6.04594e-07 -2.5119e-07 0)
(-4.74275e-07 -3.17392e-07 0)
(-2.88282e-07 -4.03122e-07 0)
(-2.37909e-08 -5.14354e-07 0)
(3.53522e-07 -6.59727e-07 0)
(8.92714e-07 -8.48643e-07 0)
(1.66295e-06 -1.09242e-06 0)
(2.7635e-06 -1.40021e-06 0)
(4.33272e-06 -1.76692e-06 0)
(6.54896e-06 -2.13419e-06 0)
(9.59407e-06 -2.25108e-06 0)
(1.34856e-05 -1.24236e-06 0)
(1.67404e-05 1.85448e-06 0)
(1.69315e-05 1.06063e-05 0)
(-4.96772e-06 2.39913e-05 0)
(-4.89327e-05 4.04294e-05 0)
(-0.000200704 4.05195e-05 0)
(-0.000382129 1.45982e-06 0)
(-0.010051 0.000324004 0)
(-0.000296178 -9.6087e-08 0)
(-0.000295145 -2.32499e-08 0)
(-0.000294166 1.28571e-08 0)
(-0.000293105 2.83887e-08 0)
(-0.000291816 3.42745e-08 0)
(-0.000290126 3.60925e-08 0)
(-0.000287801 3.67262e-08 0)
(-0.000284515 3.69081e-08 0)
(-0.000279808 3.60635e-08 0)
(-0.000273022 3.28734e-08 0)
(-0.000263206 2.58119e-08 0)
(-0.000248987 1.31567e-08 0)
(-0.000228369 -8.97515e-09 0)
(-0.000198469 -6.57192e-08 0)
(-0.00015507 -1.26333e-07 0)
(-9.21329e-05 -2.10874e-07 0)
(-7.80576e-07 -3.31246e-07 0)
(0.000131829 -4.9445e-07 0)
(0.000324266 -7.23414e-07 0)
(0.000603612 -1.0366e-06 0)
(0.00100918 -1.45346e-06 0)
(0.00159845 -1.97274e-06 0)
(0.00245454 -2.50988e-06 0)
(0.00370337 -2.70597e-06 0)
(0.0055078 -1.26074e-06 0)
(0.00797207 4.67309e-06 0)
(0.0108167 2.47484e-05 0)
(0.0126407 5.95254e-05 0)
(0.0118979 8.96338e-05 0)
(0.00801569 5.87316e-05 0)
(0.0129247 -0.000629023 0)
(2.32203 -0.00322523 0)
(-1.63583e-06 -4.53819e-07 0)
(-6.0079e-07 -3.44935e-07 0)
(3.81009e-07 -2.83199e-07 0)
(1.4467e-06 -2.57674e-07 0)
(2.74216e-06 -2.64409e-07 0)
(4.44184e-06 -3.02917e-07 0)
(6.78337e-06 -3.77627e-07 0)
(1.00942e-05 -4.95553e-07 0)
(1.48378e-05 -6.69394e-07 0)
(2.16788e-05 -9.19039e-07 0)
(3.1577e-05 -1.27433e-06 0)
(4.5919e-05 -1.78216e-06 0)
(6.67144e-05 -2.50252e-06 0)
(9.68751e-05 -3.48659e-06 0)
(0.000140639 -4.82791e-06 0)
(0.000204106 -6.85324e-06 0)
(0.000296224 -9.71913e-06 0)
(0.000429942 -1.39301e-05 0)
(0.000623997 -2.0057e-05 0)
(0.000905693 -2.89301e-05 0)
(0.00131468 -4.179e-05 0)
(0.00190891 -6.04364e-05 0)
(0.00277222 -8.7505e-05 0)
(0.00403162 -0.000126701 0)
(0.00585785 -0.000182094 0)
(0.00858774 -0.000237028 0)
(0.012509 -0.000244775 0)
(0.0193694 -5.14869e-05 0)
(0.027963 0.000152122 0)
(0.0551213 -8.74958e-05 0)
(0.0815599 -0.0825588 0)
(0.0656079 -0.197273 0)
(-1.51221e-06 -1.18667e-07 0)
(-4.78614e-07 -4.5335e-08 0)
(5.03154e-07 -1.32686e-08 0)
(1.56962e-06 -8.22986e-09 0)
(2.86621e-06 -2.23135e-08 0)
(4.56706e-06 -5.45423e-08 0)
(6.90958e-06 -1.09545e-07 0)
(1.02207e-05 -1.97715e-07 0)
(1.49638e-05 -3.36179e-07 0)
(2.18032e-05 -5.50542e-07 0)
(3.16964e-05 -8.80468e-07 0)
(4.60292e-05 -1.39543e-06 0)
(6.68137e-05 -2.17914e-06 0)
(9.69586e-05 -3.32692e-06 0)
(0.000140706 -5.04145e-06 0)
(0.000204153 -7.47505e-06 0)
(0.00029624 -1.09912e-05 0)
(0.000429916 -1.60514e-05 0)
(0.000623906 -2.33999e-05 0)
(0.000905509 -3.40504e-05 0)
(0.00131436 -4.94911e-05 0)
(0.0019084 -7.18822e-05 0)
(0.00277143 -0.000104377 0)
(0.00403049 -0.000151397 0)
(0.00585658 -0.000218273 0)
(0.00858667 -0.000298522 0)
(0.0125049 -0.000391667 0)
(0.0193507 -0.000552783 0)
(0.027929 -0.00117186 0)
(0.057566 -0.00232102 0)
(0.0889867 -0.02024 0)
(0.0714888 -0.0570704 0)
(-1.5025e-06 -5.24704e-07 0)
(-4.72152e-07 -4.14528e-07 0)
(5.06691e-07 -3.63112e-07 0)
(1.57038e-06 -3.58097e-07 0)
(2.86423e-06 -3.98331e-07 0)
(4.56214e-06 -4.86259e-07 0)
(6.90126e-06 -6.31244e-07 0)
(1.02084e-05 -8.48715e-07 0)
(1.49466e-05 -1.16366e-06 0)
(2.17794e-05 -1.61433e-06 0)
(3.16645e-05 -2.2547e-06 0)
(4.5987e-05 -3.15603e-06 0)
(6.6755e-05 -4.43246e-06 0)
(9.68755e-05 -6.27064e-06 0)
(0.000140584 -8.89938e-06 0)
(0.000203973 -1.27485e-05 0)
(0.000295977 -1.8265e-05 0)
(0.00042953 -2.63207e-05 0)
(0.000623343 -3.80166e-05 0)
(0.000904689 -5.49825e-05 0)
(0.00131317 -7.96103e-05 0)
(0.00190666 -0.000115386 0)
(0.00276891 -0.000167439 0)
(0.00402683 -0.000243127 0)
(0.00585161 -0.000352796 0)
(0.00858039 -0.000496445 0)
(0.0124982 -0.000685493 0)
(0.0193366 -0.000901139 0)
(0.0278868 -0.001656 0)
(0.0545478 -0.00317565 0)
(0.0797378 -0.0663492 0)
(0.0674282 -0.146184 0)
(-1.49865e-06 -2.90444e-07 0)
(-4.71046e-07 -1.9377e-07 0)
(5.06167e-07 -1.53011e-07 0)
(1.56867e-06 -1.53761e-07 0)
(2.86123e-06 -1.92769e-07 0)
(4.55754e-06 -2.74848e-07 0)
(6.89444e-06 -4.11998e-07 0)
(1.01982e-05 -6.25243e-07 0)
(1.49312e-05 -9.47706e-07 0)
(2.17566e-05 -1.42747e-06 0)
(3.16301e-05 -2.137e-06 0)
(4.59354e-05 -3.18656e-06 0)
(6.66794e-05 -4.72989e-06 0)
(9.67657e-05 -6.97828e-06 0)
(0.000140426 -1.02553e-05 0)
(0.000203747 -1.4997e-05 0)
(0.000295653 -2.18443e-05 0)
(0.000429062 -3.17722e-05 0)
(0.000622666 -4.61849e-05 0)
(0.000903708 -6.70948e-05 0)
(0.00131174 -9.74447e-05 0)
(0.0019046 -0.000141532 0)
(0.0027659 -0.000205701 0)
(0.00402247 -0.000299094 0)
(0.00584561 -0.000434863 0)
(0.00857226 -0.00061837 0)
(0.0124874 -0.000878811 0)
(0.0193089 -0.0012246 0)
(0.0278222 -0.00241626 0)
(0.0547163 -0.00452927 0)
(0.0812818 -0.0344344 0)
(0.0664718 -0.0878816 0)
(-1.49061e-06 -5.67854e-07 0)
(-4.66199e-07 -4.58093e-07 0)
(5.08424e-07 -4.16528e-07 0)
(1.56866e-06 -4.29855e-07 0)
(2.85899e-06 -4.96882e-07 0)
(4.55265e-06 -6.22463e-07 0)
(6.88608e-06 -8.22294e-07 0)
(1.01852e-05 -1.12112e-06 0)
(1.49118e-05 -1.55741e-06 0)
(2.17278e-05 -2.19004e-06 0)
(3.15883e-05 -3.10351e-06 0)
(4.58747e-05 -4.41952e-06 0)
(6.65907e-05 -6.3182e-06 0)
(9.66361e-05 -9.06751e-06 0)
(0.000140237 -1.30487e-05 0)
(0.000203471 -1.88364e-05 0)
(0.00029525 -2.71939e-05 0)
(0.000428475 -3.93475e-05 0)
(0.000621813 -5.70047e-05 0)
(0.000902469 -8.26467e-05 0)
(0.00130994 -0.000119898 0)
(0.00190197 -0.000174049 0)
(0.00276208 -0.000252925 0)
(0.0040169 -0.000367859 0)
(0.00583779 -0.000535674 0)
(0.00856118 -0.000768077 0)
(0.0124719 -0.00111092 0)
(0.0192703 -0.0015881 0)
(0.0277381 -0.00313106 0)
(0.0531985 -0.00570999 0)
(0.0772296 -0.0552766 0)
(0.0645745 -0.117882 0)
(-1.48523e-06 -4.22682e-07 0)
(-4.64491e-07 -3.10669e-07 0)
(5.07391e-07 -2.68027e-07 0)
(1.56519e-06 -2.81519e-07 0)
(2.85288e-06 -3.52141e-07 0)
(4.54345e-06 -4.885e-07 0)
(6.87285e-06 -7.08944e-07 0)
(1.01663e-05 -1.04476e-06 0)
(1.4885e-05 -1.54402e-06 0)
(2.16896e-05 -2.2762e-06 0)
(3.15336e-05 -3.34418e-06 0)
(4.57962e-05 -4.89848e-06 0)
(6.64781e-05 -7.15485e-06 0)
(9.64742e-05 -1.04256e-05 0)
(0.000140003 -1.51619e-05 0)
(0.000203135 -2.20247e-05 0)
(0.000294764 -3.1924e-05 0)
(0.00042777 -4.62936e-05 0)
(0.00062079 -6.71465e-05 0)
(0.000900984 -9.74126e-05 0)
(0.00130778 -0.00014137 0)
(0.00189883 -0.000205273 0)
(0.00275751 -0.000298377 0)
(0.00401022 -0.00043413 0)
(0.00582827 -0.000632887 0)
(0.00854735 -0.000912365 0)
(0.0124518 -0.00133485 0)
(0.0192217 -0.00193988 0)
(0.0276368 -0.00380923 0)
(0.0524655 -0.00686843 0)
(0.0760059 -0.0435511 0)
(0.0630437 -0.100258 0)
(-1.47686e-06 -6.36048e-07 0)
(-4.595e-07 -5.18955e-07 0)
(5.09687e-07 -4.791e-07 0)
(1.56502e-06 -5.02658e-07 0)
(2.85002e-06 -5.90788e-07 0)
(4.53719e-06 -7.52417e-07 0)
(6.86199e-06 -1.0093e-06 0)
(1.01491e-05 -1.39585e-06 0)
(1.48585e-05 -1.96547e-06 0)
(2.16499e-05 -2.7986e-06 0)
(3.14747e-05 -4.0122e-06 0)
(4.57096e-05 -5.77713e-06 0)
(6.63513e-05 -8.34337e-06 0)
(9.62893e-05 -1.2076e-05 0)
(0.000139734 -1.74983e-05 0)
(0.000202745 -2.53769e-05 0)
(0.000294199 -3.6768e-05 0)
(0.00042695 -5.33158e-05 0)
(0.000619599 -7.7336e-05 0)
(0.000899254 -0.000112205 0)
(0.00130527 -0.000162854 0)
(0.00189517 -0.000236496 0)
(0.00275217 -0.000343816 0)
(0.00400241 -0.00050038 0)
(0.00581707 -0.000730066 0)
(0.00853078 -0.00105662 0)
(0.0124273 -0.0015583 0)
(0.0191635 -0.00229024 0)
(0.0275189 -0.00447275 0)
(0.051451 -0.00796695 0)
(0.0734995 -0.0492274 0)
(0.060545 -0.104828 0)
(-1.47072e-06 -5.40375e-07 0)
(-4.57693e-07 -4.2014e-07 0)
(5.08096e-07 -3.82074e-07 0)
(1.56035e-06 -4.13208e-07 0)
(2.84206e-06 -5.17182e-07 0)
(4.52532e-06 -7.06217e-07 0)
(6.84498e-06 -1.00508e-06 0)
(1.01249e-05 -1.45431e-06 0)
(1.48242e-05 -2.11514e-06 0)
(2.16009e-05 -3.07737e-06 0)
(3.14046e-05 -4.47249e-06 0)
(4.56086e-05 -6.49104e-06 0)
(6.62052e-05 -9.41259e-06 0)
(9.60776e-05 -1.36477e-05 0)
(0.000139427 -1.9788e-05 0)
(0.0002023 -2.87021e-05 0)
(0.000293554 -4.15942e-05 0)
(0.000426013 -6.03212e-05 0)
(0.000618239 -8.75039e-05 0)
(0.00089728 -0.000126967 0)
(0.0013024 -0.000184294 0)
(0.00189099 -0.000267654 0)
(0.00274608 -0.000389159 0)
(0.00399349 -0.00056649 0)
(0.00580418 -0.000827042 0)
(0.00851149 -0.00120052 0)
(0.0123983 -0.00178081 0)
(0.0190959 -0.00263832 0)
(0.0273854 -0.00511706 0)
(0.0505203 -0.00902793 0)
(0.0716009 -0.0474888 0)
(0.0592373 -0.101328 0)
(-1.46185e-06 -7.0652e-07 0)
(-4.52644e-07 -5.78717e-07 0)
(5.09987e-07 -5.37862e-07 0)
(1.55916e-06 -5.70422e-07 0)
(2.83733e-06 -6.8028e-07 0)
(4.51606e-06 -8.80828e-07 0)
(6.82958e-06 -1.20045e-06 0)
(1.0101e-05 -1.6844e-06 0)
(1.47882e-05 -2.40226e-06 0)
(2.15478e-05 -3.45795e-06 0)
(3.13269e-05 -5.00038e-06 0)
(4.54956e-05 -7.24359e-06 0)
(6.60413e-05 -1.04995e-05 0)
(9.58399e-05 -1.52238e-05 0)
(0.000139082 -2.20744e-05 0)
(0.0002018 -3.202e-05 0)
(0.00029283 -4.64094e-05 0)
(0.000424961 -6.73103e-05 0)
(0.000616712 -9.76482e-05 0)
(0.000895062 -0.000141694 0)
(0.00129918 -0.000205683 0)
(0.0018863 -0.000298739 0)
(0.00273923 -0.000434394 0)
(0.00398344 -0.000632439 0)
(0.0057896 -0.000923792 0)
(0.00848948 -0.00134404 0)
(0.0123649 -0.00200232 0)
(0.0190194 -0.00298389 0)
(0.0272371 -0.00574337 0)
(0.0495916 -0.0100452 0)
(0.0695579 -0.0478882 0)
(0.0574484 -0.0999819 0)
(-1.45483e-06 -6.58692e-07 0)
(-4.50388e-07 -5.31281e-07 0)
(5.08456e-07 -4.97983e-07 0)
(1.55418e-06 -5.45894e-07 0)
(2.82862e-06 -6.8068e-07 0)
(4.50279e-06 -9.17523e-07 0)
(6.81017e-06 -1.28667e-06 0)
(1.00728e-05 -1.83613e-06 0)
(1.47474e-05 -2.63989e-06 0)
(2.14884e-05 -3.81129e-06 0)
(3.12406e-05 -5.51535e-06 0)
(4.53704e-05 -7.99063e-06 0)
(6.58596e-05 -1.1583e-05 0)
(9.55763e-05 -1.67956e-05 0)
(0.0001387 -2.43549e-05 0)
(0.000201246 -3.53292e-05 0)
(0.000292026 -5.12119e-05 0)
(0.000423794 -7.42812e-05 0)
(0.000615017 -0.000107766 0)
(0.0008926 -0.000156383 0)
(0.0012956 -0.000227016 0)
(0.00188109 -0.000329741 0)
(0.00273162 -0.000479506 0)
(0.00397229 -0.000698208 0)
(0.00577335 -0.00102027 0)
(0.00846478 -0.00148711 0)
(0.0123272 -0.00222268 0)
(0.0189343 -0.00332671 0)
(0.0270749 -0.00635205 0)
(0.048676 -0.0110219 0)
(0.0676401 -0.0479244 0)
(0.055893 -0.098352 0)
(-1.44568e-06 -7.75112e-07 0)
(-4.45683e-07 -6.37251e-07 0)
(5.09354e-07 -5.96622e-07 0)
(1.55125e-06 -6.40543e-07 0)
(2.82124e-06 -7.7624e-07 0)
(4.48981e-06 -1.02233e-06 0)
(6.7898e-06 -1.41529e-06 0)
(1.00424e-05 -2.00944e-06 0)
(1.47027e-05 -2.88583e-06 0)
(2.14232e-05 -4.16619e-06 0)
(3.11459e-05 -6.02924e-06 0)
(4.52328e-05 -8.73556e-06 0)
(6.566e-05 -1.26634e-05 0)
(9.52867e-05 -1.8363e-05 0)
(0.000138279 -2.66288e-05 0)
(0.000200637 -3.86288e-05 0)
(0.000291142 -5.60007e-05 0)
(0.000422511 -8.12319e-05 0)
(0.000613156 -0.000117854 0)
(0.000889896 -0.000171029 0)
(0.00129167 -0.000248287 0)
(0.00187536 -0.000360652 0)
(0.00272327 -0.000524484 0)
(0.00396002 -0.000763776 0)
(0.00575543 -0.00111644 0)
(0.00843741 -0.00162967 0)
(0.0122851 -0.00244171 0)
(0.018841 -0.00366657 0)
(0.0268994 -0.00694356 0)
(0.0477726 -0.0119596 0)
(0.0657685 -0.0479813 0)
(0.0543468 -0.0967946 0)
(-1.43761e-06 -7.74729e-07 0)
(-4.42657e-07 -6.39248e-07 0)
(5.08313e-07 -6.08585e-07 0)
(1.5464e-06 -6.69513e-07 0)
(2.81208e-06 -8.28638e-07 0)
(4.47511e-06 -1.1039e-06 0)
(6.76741e-06 -1.53406e-06 0)
(1.00091e-05 -2.17962e-06 0)
(1.4654e-05 -3.13067e-06 0)
(2.13522e-05 -4.51995e-06 0)
(3.10427e-05 -6.5415e-06 0)
(4.5083e-05 -9.47812e-06 0)
(6.54426e-05 -1.37404e-05 0)
(9.49713e-05 -1.99253e-05 0)
(0.000137822 -2.88956e-05 0)
(0.000199974 -4.1918e-05 0)
(0.00029018 -6.07743e-05 0)
(0.000421115 -8.81605e-05 0)
(0.000611128 -0.000127911 0)
(0.000886951 -0.000185629 0)
(0.00128738 -0.000269489 0)
(0.00186913 -0.000391462 0)
(0.00271416 -0.000569313 0)
(0.00394665 -0.000829125 0)
(0.00573585 -0.00121227 0)
(0.00840738 -0.00177167 0)
(0.0122388 -0.00265936 0)
(0.0187398 -0.00400326 0)
(0.0267116 -0.00751835 0)
(0.0468813 -0.0128597 0)
(0.0639516 -0.0480231 0)
(0.0528471 -0.0952765 0)
(-1.42832e-06 -8.47193e-07 0)
(-4.38486e-07 -7.01219e-07 0)
(5.08043e-07 -6.64003e-07 0)
(1.54172e-06 -7.24687e-07 0)
(2.80242e-06 -8.92959e-07 0)
(4.45925e-06 -1.18903e-06 0)
(6.7432e-06 -1.65307e-06 0)
(9.97322e-06 -2.34925e-06 0)
(1.46013e-05 -3.37466e-06 0)
(2.12755e-05 -4.87249e-06 0)
(3.09311e-05 -7.052e-06 0)
(4.4921e-05 -1.02181e-05 0)
(6.52074e-05 -1.48136e-05 0)
(9.46303e-05 -2.14823e-05 0)
(0.000137327 -3.11545e-05 0)
(0.000199256 -4.51959e-05 0)
(0.000289139 -6.55315e-05 0)
(0.000419603 -9.50653e-05 0)
(0.000608934 -0.000137933 0)
(0.000883764 -0.000200178 0)
(0.00128275 -0.000290618 0)
(0.00186238 -0.000422165 0)
(0.00270431 -0.000613982 0)
(0.00393217 -0.000894234 0)
(0.0057146 -0.00130774 0)
(0.00837474 -0.00191304 0)
(0.0121884 -0.00287551 0)
(0.018631 -0.00433659 0)
(0.0265121 -0.00807687 0)
(0.046002 -0.0137236 0)
(0.0621866 -0.0480548 0)
(0.051388 -0.0938027 0)
(-1.4192e-06 -8.81862e-07 0)
(-4.34722e-07 -7.36068e-07 0)
(5.07297e-07 -7.0394e-07 0)
(1.53648e-06 -7.73475e-07 0)
(2.79197e-06 -9.55592e-07 0)
(4.44219e-06 -1.27374e-06 0)
(6.71716e-06 -1.77163e-06 0)
(9.93458e-06 -2.51824e-06 0)
(1.45447e-05 -3.61774e-06 0)
(2.1193e-05 -5.22371e-06 0)
(3.08111e-05 -7.56058e-06 0)
(4.47468e-05 -1.09554e-05 0)
(6.49547e-05 -1.58829e-05 0)
(9.42635e-05 -2.30335e-05 0)
(0.000136795 -3.3405e-05 0)
(0.000198485 -4.84615e-05 0)
(0.00028802 -7.0271e-05 0)
(0.000417979 -0.000101944 0)
(0.000606575 -0.000147917 0)
(0.000880337 -0.000214672 0)
(0.00127777 -0.000311667 0)
(0.00185512 -0.00045275 0)
(0.00269372 -0.000658478 0)
(0.0039166 -0.000959084 0)
(0.00569172 -0.00140281 0)
(0.00833949 -0.00205374 0)
(0.0121337 -0.00309005 0)
(0.0185149 -0.00466641 0)
(0.0263016 -0.00861953 0)
(0.0451345 -0.0145528 0)
(0.0604719 -0.0480764 0)
(0.049969 -0.0923713 0)
(-1.40963e-06 -9.29893e-07 0)
(-4.30779e-07 -7.78326e-07 0)
(5.06423e-07 -7.46485e-07 0)
(1.53082e-06 -8.22541e-07 0)
(2.78075e-06 -1.01798e-06 0)
(4.42391e-06 -1.3581e-06 0)
(6.6893e-06 -1.8897e-06 0)
(9.89325e-06 -2.68655e-06 0)
(1.44841e-05 -3.85984e-06 0)
(2.11047e-05 -5.57352e-06 0)
(3.06828e-05 -8.06712e-06 0)
(4.45605e-05 -1.16896e-05 0)
(6.46843e-05 -1.69478e-05 0)
(9.38713e-05 -2.45784e-05 0)
(0.000136225 -3.56465e-05 0)
(0.000197659 -5.1714e-05 0)
(0.000286823 -7.49914e-05 0)
(0.00041624 -0.000108795 0)
(0.000604051 -0.000157861 0)
(0.000876671 -0.000229108 0)
(0.00127244 -0.000332631 0)
(0.00184735 -0.00048321 0)
(0.00268238 -0.000702787 0)
(0.00389993 -0.00102366 0)
(0.00566719 -0.00149744 0)
(0.00830167 -0.0021937 0)
(0.0120751 -0.00330289 0)
(0.0183919 -0.00499254 0)
(0.0260808 -0.00914676 0)
(0.0442787 -0.0153486 0)
(0.0588058 -0.0480885 0)
(0.0485887 -0.0909808 0)
(-1.39978e-06 -9.74963e-07 0)
(-4.26778e-07 -8.19441e-07 0)
(5.05381e-07 -7.88708e-07 0)
(1.52472e-06 -8.71377e-07 0)
(2.76877e-06 -1.0801e-06 0)
(4.40443e-06 -1.44209e-06 0)
(6.65962e-06 -2.00727e-06 0)
(9.84924e-06 -2.85413e-06 0)
(1.44196e-05 -4.1009e-06 0)
(2.10107e-05 -5.92182e-06 0)
(3.05462e-05 -8.57148e-06 0)
(4.43622e-05 -1.24208e-05 0)
(6.43964e-05 -1.80082e-05 0)
(9.34536e-05 -2.61167e-05 0)
(0.000135619 -3.78784e-05 0)
(0.000196781 -5.49526e-05 0)
(0.000285548 -7.96916e-05 0)
(0.000414389 -0.000115617 0)
(0.000601364 -0.000167762 0)
(0.000872767 -0.000243482 0)
(0.00126676 -0.000353503 0)
(0.00183909 -0.000513536 0)
(0.00267031 -0.000746898 0)
(0.00388218 -0.00108793 0)
(0.00564103 -0.00159161 0)
(0.0082613 -0.00233288 0)
(0.0120124 -0.00351395 0)
(0.0182622 -0.00531485 0)
(0.0258502 -0.00965895 0)
(0.0434344 -0.0161121 0)
(0.0571866 -0.0480918 0)
(0.0472456 -0.08963 0)
(-1.38964e-06 -1.01989e-06 0)
(-4.22712e-07 -8.60335e-07 0)
(5.04173e-07 -8.30705e-07 0)
(1.5182e-06 -9.19971e-07 0)
(2.75603e-06 -1.14191e-06 0)
(4.38375e-06 -1.52568e-06 0)
(6.62813e-06 -2.12429e-06 0)
(9.80257e-06 -3.02094e-06 0)
(1.43512e-05 -4.34085e-06 0)
(2.09111e-05 -6.26852e-06 0)
(3.04013e-05 -9.07353e-06 0)
(4.41518e-05 -1.31485e-05 0)
(6.4091e-05 -1.90637e-05 0)
(9.30106e-05 -2.7648e-05 0)
(0.000134976 -4.01e-05 0)
(0.000195848 -5.81762e-05 0)
(0.000284195 -8.43701e-05 0)
(0.000412426 -0.000122408 0)
(0.000598513 -0.000177618 0)
(0.000868626 -0.000257789 0)
(0.00126074 -0.000374278 0)
(0.00183031 -0.00054372 0)
(0.0026575 -0.000790799 0)
(0.00386335 -0.00115189 0)
(0.00561326 -0.00168528 0)
(0.00821841 -0.00247122 0)
(0.0119458 -0.00372313 0)
(0.0181261 -0.00563321 0)
(0.0256105 -0.0101565 0)
(0.0426015 -0.0168447 0)
(0.0556129 -0.0480866 0)
(0.0459389 -0.0883176 0)
(-1.37921e-06 -1.06451e-06 0)
(-4.18583e-07 -9.00983e-07 0)
(5.02798e-07 -8.72466e-07 0)
(1.51124e-06 -9.6831e-07 0)
(2.74254e-06 -1.20342e-06 0)
(4.36188e-06 -1.60886e-06 0)
(6.59485e-06 -2.24074e-06 0)
(9.75323e-06 -3.18693e-06 0)
(1.42789e-05 -4.57962e-06 0)
(2.08057e-05 -6.61352e-06 0)
(3.02482e-05 -9.57312e-06 0)
(4.39294e-05 -1.38727e-05 0)
(6.37684e-05 -2.0114e-05 0)
(9.25424e-05 -2.91717e-05 0)
(0.000134297 -4.23108e-05 0)
(0.000194863 -6.13841e-05 0)
(0.000282766 -8.90259e-05 0)
(0.00041035 -0.000129165 0)
(0.0005955 -0.000187425 0)
(0.000864249 -0.000272026 0)
(0.00125438 -0.000394951 0)
(0.00182104 -0.000573753 0)
(0.00264396 -0.000834476 0)
(0.00384344 -0.00121551 0)
(0.00558389 -0.00177843 0)
(0.00817304 -0.00260868 0)
(0.0118753 -0.00393037 0)
(0.0179838 -0.0059475 0)
(0.0253622 -0.0106398 0)
(0.0417797 -0.0175476 0)
(0.054083 -0.0480734 0)
(0.0446672 -0.0870425 0)
(-1.36849e-06 -1.10883e-06 0)
(-4.14394e-07 -9.41376e-07 0)
(5.01257e-07 -9.13979e-07 0)
(1.50386e-06 -1.01638e-06 0)
(2.72829e-06 -1.26459e-06 0)
(4.33882e-06 -1.69161e-06 0)
(6.55978e-06 -2.35657e-06 0)
(9.70126e-06 -3.35205e-06 0)
(1.42028e-05 -4.81715e-06 0)
(2.06948e-05 -6.95674e-06 0)
(3.00869e-05 -1.00701e-05 0)
(4.36952e-05 -1.45932e-05 0)
(6.34284e-05 -2.11589e-05 0)
(9.20492e-05 -3.06876e-05 0)
(0.000133581 -4.45101e-05 0)
(0.000193825 -6.45754e-05 0)
(0.000281259 -9.36575e-05 0)
(0.000408163 -0.000135887 0)
(0.000592325 -0.000197181 0)
(0.000859637 -0.000286188 0)
(0.00124767 -0.000415516 0)
(0.00181128 -0.000603627 0)
(0.0026297 -0.000877917 0)
(0.00382246 -0.00127878 0)
(0.00555292 -0.00187102 0)
(0.00812521 -0.00274519 0)
(0.0118011 -0.00413559 0)
(0.0178357 -0.00625761 0)
(0.0251059 -0.0111092 0)
(0.040969 -0.0182218 0)
(0.0525956 -0.0480528 0)
(0.0434299 -0.0858032 0)
(-1.35749e-06 -1.15282e-06 0)
(-4.10144e-07 -9.81504e-07 0)
(4.9955e-07 -9.55234e-07 0)
(1.49606e-06 -1.06417e-06 0)
(2.71329e-06 -1.32542e-06 0)
(4.31458e-06 -1.77389e-06 0)
(6.52293e-06 -2.47177e-06 0)
(9.64666e-06 -3.51627e-06 0)
(1.41228e-05 -5.05338e-06 0)
(2.05782e-05 -7.29807e-06 0)
(2.99174e-05 -1.05644e-05 0)
(4.34491e-05 -1.53097e-05 0)
(6.30712e-05 -2.2198e-05 0)
(9.1531e-05 -3.21951e-05 0)
(0.000132829 -4.66974e-05 0)
(0.000192734 -6.77493e-05 0)
(0.000279677 -9.82637e-05 0)
(0.000405866 -0.000142572 0)
(0.000588989 -0.000206884 0)
(0.000854792 -0.000300273 0)
(0.00124063 -0.000435966 0)
(0.00180102 -0.000633334 0)
(0.00261472 -0.000921111 0)
(0.00380042 -0.00134168 0)
(0.00552037 -0.00196303 0)
(0.00807496 -0.00288073 0)
(0.0117231 -0.00433872 0)
(0.017682 -0.00656345 0)
(0.024842 -0.0115652 0)
(0.0401691 -0.0188684 0)
(0.0511492 -0.0480251 0)
(0.0422256 -0.084599 0)
(-1.34622e-06 -1.19649e-06 0)
(-4.05835e-07 -1.02136e-06 0)
(4.97676e-07 -9.96222e-07 0)
(1.48783e-06 -1.11167e-06 0)
(2.69755e-06 -1.38589e-06 0)
(4.28916e-06 -1.85569e-06 0)
(6.48431e-06 -2.5863e-06 0)
(9.58944e-06 -3.67954e-06 0)
(1.4039e-05 -5.28825e-06 0)
(2.04561e-05 -7.63743e-06 0)
(2.97399e-05 -1.10558e-05 0)
(4.31913e-05 -1.6022e-05 0)
(6.2697e-05 -2.32312e-05 0)
(9.0988e-05 -3.3694e-05 0)
(0.000132041 -4.88721e-05 0)
(0.000191591 -7.09048e-05 0)
(0.000278018 -0.000102843 0)
(0.000403459 -0.000149219 0)
(0.000585494 -0.000216531 0)
(0.000849715 -0.000314275 0)
(0.00123325 -0.000456297 0)
(0.00179026 -0.000662865 0)
(0.00259902 -0.000964044 0)
(0.00377733 -0.00140419 0)
(0.00548625 -0.00205442 0)
(0.00802232 -0.00301523 0)
(0.0116415 -0.00453969 0)
(0.017523 -0.00686493 0)
(0.0245711 -0.0120079 0)
(0.03938 -0.0194886 0)
(0.0497425 -0.0479907 0)
(0.0410537 -0.0834286 0)
(-1.33466e-06 -1.23981e-06 0)
(-4.01469e-07 -1.06092e-06 0)
(4.95637e-07 -1.03693e-06 0)
(1.47918e-06 -1.15887e-06 0)
(2.68106e-06 -1.44598e-06 0)
(4.26258e-06 -1.93699e-06 0)
(6.44393e-06 -2.70013e-06 0)
(9.52962e-06 -3.84182e-06 0)
(1.39514e-05 -5.52168e-06 0)
(2.03284e-05 -7.97473e-06 0)
(2.95543e-05 -1.15442e-05 0)
(4.29218e-05 -1.673e-05 0)
(6.23058e-05 -2.42581e-05 0)
(9.04204e-05 -3.51837e-05 0)
(0.000131217 -5.10336e-05 0)
(0.000190396 -7.4041e-05 0)
(0.000276285 -0.000107395 0)
(0.000400942 -0.000155825 0)
(0.00058184 -0.000226118 0)
(0.000844407 -0.000328192 0)
(0.00122553 -0.000476503 0)
(0.00177902 -0.000692213 0)
(0.00258261 -0.00100671 0)
(0.00375319 -0.00146629 0)
(0.00545058 -0.00214517 0)
(0.00796733 -0.00314866 0)
(0.0115563 -0.00473845 0)
(0.0173588 -0.00716196 0)
(0.0242936 -0.0124379 0)
(0.0386014 -0.0200832 0)
(0.0483742 -0.0479501 0)
(0.0399128 -0.0822909 0)
(-1.32284e-06 -1.28279e-06 0)
(-3.97047e-07 -1.1002e-06 0)
(4.93434e-07 -1.07735e-06 0)
(1.47011e-06 -1.20575e-06 0)
(2.66384e-06 -1.50568e-06 0)
(4.23484e-06 -2.01777e-06 0)
(6.4018e-06 -2.81323e-06 0)
(9.46722e-06 -4.00305e-06 0)
(1.386e-05 -5.75362e-06 0)
(2.01952e-05 -8.30987e-06 0)
(2.93607e-05 -1.20295e-05 0)
(4.26406e-05 -1.74335e-05 0)
(6.18977e-05 -2.52784e-05 0)
(8.98282e-05 -3.66639e-05 0)
(0.000130358 -5.31812e-05 0)
(0.00018915 -7.71573e-05 0)
(0.000274476 -0.000111918 0)
(0.000398316 -0.000162388 0)
(0.000578028 -0.000235645 0)
(0.000838869 -0.00034202 0)
(0.00121748 -0.000496578 0)
(0.0017673 -0.000721369 0)
(0.00256549 -0.00104908 0)
(0.00372802 -0.00152796 0)
(0.00541338 -0.00223524 0)
(0.00791001 -0.00328097 0)
(0.0114675 -0.00493494 0)
(0.0171897 -0.00745449 0)
(0.0240099 -0.0128554 0)
(0.0378332 -0.0206534 0)
(0.047043 -0.0479037 0)
(0.0388022 -0.0811851 0)
(-1.31075e-06 -1.32541e-06 0)
(-3.92571e-07 -1.13916e-06 0)
(4.91066e-07 -1.11748e-06 0)
(1.46062e-06 -1.25229e-06 0)
(2.64589e-06 -1.56497e-06 0)
(4.20595e-06 -2.098e-06 0)
(6.35794e-06 -2.92557e-06 0)
(9.40226e-06 -4.1632e-06 0)
(1.37648e-05 -5.984e-06 0)
(2.00565e-05 -8.64276e-06 0)
(2.91591e-05 -1.25116e-05 0)
(4.23479e-05 -1.81323e-05 0)
(6.14728e-05 -2.62919e-05 0)
(8.92118e-05 -3.81342e-05 0)
(0.000129463 -5.53145e-05 0)
(0.000187852 -8.02526e-05 0)
(0.000272593 -0.00011641 0)
(0.000395583 -0.000168908 0)
(0.000574059 -0.000245107 0)
(0.000833104 -0.000355754 0)
(0.0012091 -0.000516517 0)
(0.00175509 -0.000750326 0)
(0.00254767 -0.00109117 0)
(0.00370181 -0.00158919 0)
(0.00537465 -0.00232463 0)
(0.0078504 -0.00341212 0)
(0.0113754 -0.0051291 0)
(0.0170159 -0.00774245 0)
(0.0237205 -0.0132607 0)
(0.0370752 -0.0212 0)
(0.0457477 -0.0478519 0)
(0.0377208 -0.0801101 0)
(-1.29839e-06 -1.36766e-06 0)
(-3.88041e-07 -1.17782e-06 0)
(4.88534e-07 -1.15729e-06 0)
(1.45073e-06 -1.2985e-06 0)
(2.62721e-06 -1.62384e-06 0)
(4.17591e-06 -2.17765e-06 0)
(6.31235e-06 -3.03711e-06 0)
(9.33475e-06 -4.32222e-06 0)
(1.36659e-05 -6.21277e-06 0)
(1.99125e-05 -8.97331e-06 0)
(2.89496e-05 -1.29903e-05 0)
(4.20437e-05 -1.88262e-05 0)
(6.10313e-05 -2.72982e-05 0)
(8.85711e-05 -3.95941e-05 0)
(0.000128534 -5.74327e-05 0)
(0.000186504 -8.33263e-05 0)
(0.000270636 -0.000120871 0)
(0.000392742 -0.000175382 0)
(0.000569935 -0.000254502 0)
(0.000827113 -0.000369391 0)
(0.00120039 -0.000536314 0)
(0.00174241 -0.000779075 0)
(0.00252916 -0.00113294 0)
(0.00367459 -0.00164995 0)
(0.00533442 -0.00241328 0)
(0.00778854 -0.00354207 0)
(0.0112799 -0.0053209 0)
(0.0168376 -0.00802579 0)
(0.0234258 -0.0136543 0)
(0.0363273 -0.021724 0)
(0.0444871 -0.0477949 0)
(0.0366679 -0.079065 0)
(-1.28578e-06 -1.40953e-06 0)
(-3.83459e-07 -1.21615e-06 0)
(4.85838e-07 -1.19679e-06 0)
(1.44042e-06 -1.34435e-06 0)
(2.60781e-06 -1.68226e-06 0)
(4.14473e-06 -2.25672e-06 0)
(6.26505e-06 -3.14784e-06 0)
(9.26471e-06 -4.48008e-06 0)
(1.35634e-05 -6.43985e-06 0)
(1.9763e-05 -9.30143e-06 0)
(2.87323e-05 -1.34654e-05 0)
(4.17282e-05 -1.9515e-05 0)
(6.05733e-05 -2.82972e-05 0)
(8.79065e-05 -4.10434e-05 0)
(0.000127569 -5.95355e-05 0)
(0.000185105 -8.63773e-05 0)
(0.000268606 -0.000125299 0)
(0.000389794 -0.000181808 0)
(0.000565656 -0.000263829 0)
(0.000820898 -0.000382928 0)
(0.00119135 -0.000555965 0)
(0.00172925 -0.000807608 0)
(0.00250995 -0.00117439 0)
(0.00364636 -0.00171024 0)
(0.00529269 -0.00250119 0)
(0.00772446 -0.00367078 0)
(0.0111811 -0.00551027 0)
(0.016655 -0.00830446 0)
(0.0231261 -0.0140363 0)
(0.0355893 -0.0222262 0)
(0.0432601 -0.0477332 0)
(0.0356425 -0.078049 0)
(-1.2729e-06 -1.45102e-06 0)
(-3.78826e-07 -1.25415e-06 0)
(4.82981e-07 -1.23596e-06 0)
(1.4297e-06 -1.38984e-06 0)
(2.58769e-06 -1.74023e-06 0)
(4.11243e-06 -2.33518e-06 0)
(6.21605e-06 -3.25771e-06 0)
(9.19216e-06 -4.63672e-06 0)
(1.34571e-05 -6.66519e-06 0)
(1.96081e-05 -9.62704e-06 0)
(2.85072e-05 -1.39369e-05 0)
(4.14013e-05 -2.01985e-05 0)
(6.00988e-05 -2.92885e-05 0)
(8.72181e-05 -4.24815e-05 0)
(0.00012657 -6.16221e-05 0)
(0.000183655 -8.9405e-05 0)
(0.000266502 -0.000129693 0)
(0.000386741 -0.000188185 0)
(0.000561224 -0.000273083 0)
(0.00081446 -0.00039636 0)
(0.00118199 -0.000575463 0)
(0.00171562 -0.000835918 0)
(0.00249006 -0.00121552 0)
(0.00361712 -0.00177003 0)
(0.00524949 -0.00258832 0)
(0.00765821 -0.00379821 0)
(0.0110791 -0.00569719 0)
(0.0164684 -0.00857842 0)
(0.0228218 -0.0144071 0)
(0.0348611 -0.0227074 0)
(0.0420656 -0.0476671 0)
(0.0346439 -0.0770612 0)
(-1.25977e-06 -1.49211e-06 0)
(-3.74144e-07 -1.29181e-06 0)
(4.79961e-07 -1.27479e-06 0)
(1.41857e-06 -1.43495e-06 0)
(2.56686e-06 -1.79773e-06 0)
(4.079e-06 -2.413e-06 0)
(6.16536e-06 -3.3667e-06 0)
(9.11712e-06 -4.79211e-06 0)
(1.33472e-05 -6.88873e-06 0)
(1.9448e-05 -9.95004e-06 0)
(2.82744e-05 -1.44047e-05 0)
(4.10632e-05 -2.08765e-05 0)
(5.96081e-05 -3.02719e-05 0)
(8.6506e-05 -4.39081e-05 0)
(0.000125537 -6.36921e-05 0)
(0.000182156 -9.24085e-05 0)
(0.000264327 -0.000134052 0)
(0.000383584 -0.000194511 0)
(0.000556639 -0.000282264 0)
(0.0008078 -0.000409684 0)
(0.00117231 -0.000594804 0)
(0.00170153 -0.000863997 0)
(0.00246949 -0.0012563 0)
(0.0035869 -0.00182931 0)
(0.00520484 -0.00267465 0)
(0.00758981 -0.00392432 0)
(0.010974 -0.0058816 0)
(0.0162778 -0.00884765 0)
(0.0225132 -0.014767 0)
(0.0341425 -0.0231686 0)
(0.0409025 -0.0475969 0)
(0.0336712 -0.0761008 0)
(-1.24639e-06 -1.5328e-06 0)
(-3.69413e-07 -1.32911e-06 0)
(4.76781e-07 -1.31328e-06 0)
(1.40705e-06 -1.47966e-06 0)
(2.54533e-06 -1.85473e-06 0)
(4.04447e-06 -2.49017e-06 0)
(6.113e-06 -3.47477e-06 0)
(9.0396e-06 -4.9462e-06 0)
(1.32337e-05 -7.1104e-06 0)
(1.92826e-05 -1.02704e-05 0)
(2.80339e-05 -1.48685e-05 0)
(4.0714e-05 -2.15489e-05 0)
(5.91012e-05 -3.12471e-05 0)
(8.57705e-05 -4.53229e-05 0)
(0.000124469 -6.57448e-05 0)
(0.000180608 -9.53869e-05 0)
(0.00026208 -0.000138375 0)
(0.000380322 -0.000200784 0)
(0.000551904 -0.000291368 0)
(0.000800922 -0.000422897 0)
(0.00116231 -0.000613981 0)
(0.00168697 -0.000891838 0)
(0.00244825 -0.00129673 0)
(0.00355569 -0.00188806 0)
(0.00515875 -0.00276015 0)
(0.00751931 -0.00404908 0)
(0.0108658 -0.00606349 0)
(0.0160836 -0.00911211 0)
(0.0222007 -0.0151163 0)
(0.0334333 -0.0236103 0)
(0.0397699 -0.0475229 0)
(0.0327236 -0.0751671 0)
(-1.23277e-06 -1.57307e-06 0)
(-3.64635e-07 -1.36606e-06 0)
(4.7344e-07 -1.3514e-06 0)
(1.39512e-06 -1.52398e-06 0)
(2.52309e-06 -1.91124e-06 0)
(4.00883e-06 -2.56667e-06 0)
(6.05898e-06 -3.58191e-06 0)
(8.95964e-06 -5.09895e-06 0)
(1.31166e-05 -7.33015e-06 0)
(1.9112e-05 -1.05879e-05 0)
(2.77859e-05 -1.53283e-05 0)
(4.03538e-05 -2.22155e-05 0)
(5.85783e-05 -3.22139e-05 0)
(8.50118e-05 -4.67253e-05 0)
(0.000123368 -6.77797e-05 0)
(0.00017901 -9.83395e-05 0)
(0.000259762 -0.00014266 0)
(0.000376957 -0.000207002 0)
(0.000547018 -0.000300392 0)
(0.000793827 -0.000435994 0)
(0.001152 -0.000632991 0)
(0.00167195 -0.000919431 0)
(0.00242634 -0.0013368 0)
(0.00352351 -0.00194626 0)
(0.00511124 -0.0028448 0)
(0.00744673 -0.00417245 0)
(0.0107546 -0.0062428 0)
(0.0158858 -0.00937179 0)
(0.0218845 -0.0154553 0)
(0.0327333 -0.0240335 0)
(0.0386667 -0.0474454 0)
(0.0318003 -0.0742592 0)
(-1.2189e-06 -1.61292e-06 0)
(-3.59812e-07 -1.40264e-06 0)
(4.69941e-07 -1.38917e-06 0)
(1.3828e-06 -1.56789e-06 0)
(2.50016e-06 -1.96723e-06 0)
(3.9721e-06 -2.64247e-06 0)
(6.00331e-06 -3.68808e-06 0)
(8.87725e-06 -5.25032e-06 0)
(1.2996e-05 -7.54792e-06 0)
(1.89362e-05 -1.09025e-05 0)
(2.75303e-05 -1.5784e-05 0)
(3.99826e-05 -2.2876e-05 0)
(5.80396e-05 -3.31719e-05 0)
(8.423e-05 -4.81152e-05 0)
(0.000122234 -6.97962e-05 0)
(0.000177364 -0.000101265 0)
(0.000257373 -0.000146906 0)
(0.00037349 -0.000213165 0)
(0.000541985 -0.000309335 0)
(0.000786516 -0.000448973 0)
(0.00114137 -0.000651827 0)
(0.00165648 -0.000946771 0)
(0.00240377 -0.00137649 0)
(0.00349037 -0.0020039 0)
(0.00506232 -0.00292858 0)
(0.00737213 -0.0042944 0)
(0.0106405 -0.00641952 0)
(0.0156846 -0.00962667 0)
(0.0215649 -0.0157841 0)
(0.0320425 -0.0244387 0)
(0.0375919 -0.0473647 0)
(0.0309006 -0.0733765 0)
(-1.20479e-06 -1.65234e-06 0)
(-3.54944e-07 -1.43885e-06 0)
(4.66283e-07 -1.42655e-06 0)
(1.37008e-06 -1.61137e-06 0)
(2.47655e-06 -2.02269e-06 0)
(3.93429e-06 -2.71756e-06 0)
(5.94602e-06 -3.79325e-06 0)
(8.79245e-06 -5.40027e-06 0)
(1.28718e-05 -7.76364e-06 0)
(1.87552e-05 -1.12143e-05 0)
(2.72673e-05 -1.62354e-05 0)
(3.96006e-05 -2.35303e-05 0)
(5.74851e-05 -3.41209e-05 0)
(8.34254e-05 -4.9492e-05 0)
(0.000121066 -7.17939e-05 0)
(0.00017567 -0.000104164 0)
(0.000254915 -0.000151113 0)
(0.000369921 -0.000219269 0)
(0.000536804 -0.000318194 0)
(0.000778992 -0.000461829 0)
(0.00113044 -0.000670485 0)
(0.00164056 -0.00097385 0)
(0.00238055 -0.00141579 0)
(0.00345628 -0.00206096 0)
(0.00501202 -0.00301146 0)
(0.00729553 -0.0044149 0)
(0.0105236 -0.00659361 0)
(0.0154801 -0.00987674 0)
(0.0212423 -0.0161032 0)
(0.0313606 -0.0248268 0)
(0.0365447 -0.0472811 0)
(0.0300239 -0.0725183 0)
(-1.19045e-06 -1.69132e-06 0)
(-3.50032e-07 -1.47467e-06 0)
(4.62468e-07 -1.46355e-06 0)
(1.35698e-06 -1.65441e-06 0)
(2.45225e-06 -2.0776e-06 0)
(3.89541e-06 -2.79191e-06 0)
(5.88711e-06 -3.89739e-06 0)
(8.70527e-06 -5.54876e-06 0)
(1.27441e-05 -7.97726e-06 0)
(1.85692e-05 -1.15229e-05 0)
(2.69968e-05 -1.66824e-05 0)
(3.92079e-05 -2.41783e-05 0)
(5.69151e-05 -3.50607e-05 0)
(8.25982e-05 -5.08554e-05 0)
(0.000119866 -7.37721e-05 0)
(0.000173929 -0.000107034 0)
(0.000252388 -0.000155279 0)
(0.000366253 -0.000225315 0)
(0.000531479 -0.000326966 0)
(0.000771257 -0.00047456 0)
(0.0011192 -0.000688959 0)
(0.0016242 -0.00100066 0)
(0.00235668 -0.0014547 0)
(0.00342126 -0.00211743 0)
(0.00496036 -0.00309343 0)
(0.00721697 -0.00453392 0)
(0.0104039 -0.00676504 0)
(0.0152726 -0.010122 0)
(0.0209168 -0.0164128 0)
(0.0306876 -0.0251983 0)
(0.0355241 -0.0471948 0)
(0.0291694 -0.0716838 0)
(-1.17587e-06 -1.72985e-06 0)
(-3.45078e-07 -1.51009e-06 0)
(4.58497e-07 -1.50016e-06 0)
(1.34349e-06 -1.69701e-06 0)
(2.42728e-06 -2.13194e-06 0)
(3.85547e-06 -2.86551e-06 0)
(5.82661e-06 -4.00048e-06 0)
(8.61574e-06 -5.69575e-06 0)
(1.2613e-05 -8.18873e-06 0)
(1.83782e-05 -1.18285e-05 0)
(2.67191e-05 -1.71249e-05 0)
(3.88046e-05 -2.48198e-05 0)
(5.63296e-05 -3.5991e-05 0)
(8.17486e-05 -5.2205e-05 0)
(0.000118633 -7.57304e-05 0)
(0.00017214 -0.000109876 0)
(0.000249792 -0.000159402 0)
(0.000362485 -0.000231298 0)
(0.000526009 -0.00033565 0)
(0.000763312 -0.000487161 0)
(0.00110765 -0.000707245 0)
(0.0016074 -0.00102719 0)
(0.00233218 -0.0014932 0)
(0.0033853 -0.00217329 0)
(0.00490735 -0.00317445 0)
(0.0071365 -0.00465143 0)
(0.0102815 -0.0069338 0)
(0.0150622 -0.0103624 0)
(0.0205887 -0.016713 0)
(0.0300231 -0.025554 0)
(0.0345293 -0.0471062 0)
(0.0283364 -0.0708726 0)
(-1.16107e-06 -1.76792e-06 0)
(-3.40083e-07 -1.54511e-06 0)
(4.54372e-07 -1.53637e-06 0)
(1.32961e-06 -1.73915e-06 0)
(2.40164e-06 -2.18572e-06 0)
(3.81448e-06 -2.93833e-06 0)
(5.76452e-06 -4.10249e-06 0)
(8.52386e-06 -5.8412e-06 0)
(1.24785e-05 -8.39797e-06 0)
(1.81822e-05 -1.21309e-05 0)
(2.64341e-05 -1.75627e-05 0)
(3.83907e-05 -2.54545e-05 0)
(5.57289e-05 -3.69116e-05 0)
(8.08769e-05 -5.35405e-05 0)
(0.000117368 -7.76681e-05 0)
(0.000170304 -0.000112687 0)
(0.000247128 -0.000163483 0)
(0.000358619 -0.00023722 0)
(0.000520396 -0.000344242 0)
(0.000755161 -0.000499629 0)
(0.00109581 -0.000725338 0)
(0.00159016 -0.00105345 0)
(0.00230704 -0.00153128 0)
(0.00334843 -0.00222852 0)
(0.00485302 -0.00325452 0)
(0.00705414 -0.00476739 0)
(0.0101565 -0.00709986 0)
(0.014849 -0.0105981 0)
(0.0202583 -0.0170042 0)
(0.0293672 -0.0258945 0)
(0.0335594 -0.0470153 0)
(0.0275243 -0.0700839 0)
(-1.14604e-06 -1.80553e-06 0)
(-3.35048e-07 -1.57972e-06 0)
(4.50092e-07 -1.57216e-06 0)
(1.31536e-06 -1.78082e-06 0)
(2.37534e-06 -2.2389e-06 0)
(3.77245e-06 -3.01036e-06 0)
(5.70087e-06 -4.20339e-06 0)
(8.42968e-06 -5.98507e-06 0)
(1.23406e-05 -8.60495e-06 0)
(1.79812e-05 -1.24299e-05 0)
(2.6142e-05 -1.79958e-05 0)
(3.79665e-05 -2.60823e-05 0)
(5.51131e-05 -3.78222e-05 0)
(7.99833e-05 -5.48615e-05 0)
(0.000116071 -7.95848e-05 0)
(0.000168423 -0.000115468 0)
(0.000244398 -0.000167519 0)
(0.000354655 -0.000243076 0)
(0.000514642 -0.000352741 0)
(0.000746805 -0.000511962 0)
(0.00108366 -0.000743232 0)
(0.00157249 -0.00107941 0)
(0.00228128 -0.00156894 0)
(0.00331066 -0.00228312 0)
(0.00479738 -0.0033336 0)
(0.00696994 -0.00488179 0)
(0.0100289 -0.0072632 0)
(0.0146332 -0.0108289 0)
(0.0199257 -0.0172866 0)
(0.0287196 -0.0262202 0)
(0.0326136 -0.0469225 0)
(0.0267324 -0.0693171 0)
(-1.13079e-06 -1.84267e-06 0)
(-3.29975e-07 -1.61391e-06 0)
(4.45661e-07 -1.60753e-06 0)
(1.30073e-06 -1.82202e-06 0)
(2.34838e-06 -2.29147e-06 0)
(3.72939e-06 -3.08157e-06 0)
(5.63567e-06 -4.30315e-06 0)
(8.33321e-06 -6.12732e-06 0)
(1.21993e-05 -8.8096e-06 0)
(1.77754e-05 -1.27257e-05 0)
(2.58428e-05 -1.8424e-05 0)
(3.7532e-05 -2.67031e-05 0)
(5.44823e-05 -3.87225e-05 0)
(7.9068e-05 -5.61676e-05 0)
(0.000114742 -8.148e-05 0)
(0.000166496 -0.000118218 0)
(0.000241601 -0.000171509 0)
(0.000350596 -0.000248867 0)
(0.000508749 -0.000361144 0)
(0.000738247 -0.000524155 0)
(0.00107123 -0.000760923 0)
(0.00155439 -0.00110507 0)
(0.0022549 -0.00160616 0)
(0.003272 -0.00233707 0)
(0.00474046 -0.00341168 0)
(0.00688393 -0.0049946 0)
(0.00989884 -0.00742381 0)
(0.0144148 -0.0110549 0)
(0.0195912 -0.0175604 0)
(0.0280801 -0.0265319 0)
(0.0316912 -0.046828 0)
(0.0259602 -0.0685718 0)
(-1.11532e-06 -1.87933e-06 0)
(-3.24863e-07 -1.64768e-06 0)
(4.41078e-07 -1.64247e-06 0)
(1.28573e-06 -1.86272e-06 0)
(2.32078e-06 -2.34343e-06 0)
(3.68531e-06 -3.15195e-06 0)
(5.56895e-06 -4.40174e-06 0)
(8.23448e-06 -6.26791e-06 0)
(1.20548e-05 -9.01186e-06 0)
(1.75648e-05 -1.30179e-05 0)
(2.55366e-05 -1.88473e-05 0)
(3.70873e-05 -2.73166e-05 0)
(5.38368e-05 -3.96124e-05 0)
(7.81313e-05 -5.74586e-05 0)
(0.000113383 -8.33531e-05 0)
(0.000164523 -0.000120936 0)
(0.000238739 -0.000175453 0)
(0.000346441 -0.000254591 0)
(0.000502718 -0.000369449 0)
(0.000729489 -0.000536205 0)
(0.0010585 -0.000778406 0)
(0.00153588 -0.00113043 0)
(0.00222792 -0.00164293 0)
(0.00323246 -0.00239035 0)
(0.00468227 -0.00348874 0)
(0.00679616 -0.00510579 0)
(0.00976636 -0.00758167 0)
(0.0141941 -0.0112762 0)
(0.019255 -0.0178258 0)
(0.0274487 -0.0268301 0)
(0.0307913 -0.046732 0)
(0.025207 -0.0678472 0)
(-1.09964e-06 -1.9155e-06 0)
(-3.19715e-07 -1.68101e-06 0)
(4.36347e-07 -1.67697e-06 0)
(1.27037e-06 -1.90292e-06 0)
(2.29254e-06 -2.39476e-06 0)
(3.64023e-06 -3.22148e-06 0)
(5.50071e-06 -4.49915e-06 0)
(8.13353e-06 -6.4068e-06 0)
(1.1907e-05 -9.21169e-06 0)
(1.73494e-05 -1.33067e-05 0)
(2.52234e-05 -1.92654e-05 0)
(3.66325e-05 -2.79228e-05 0)
(5.31768e-05 -4.04915e-05 0)
(7.71734e-05 -5.8734e-05 0)
(0.000111993 -8.52036e-05 0)
(0.000162506 -0.000123621 0)
(0.000235812 -0.00017935 0)
(0.000342193 -0.000260245 0)
(0.000496551 -0.000377654 0)
(0.000720534 -0.00054811 0)
(0.00104549 -0.000795676 0)
(0.00151695 -0.00115548 0)
(0.00220033 -0.00167924 0)
(0.00319205 -0.00244294 0)
(0.00462284 -0.00356476 0)
(0.00670665 -0.00521534 0)
(0.00963153 -0.00773676 0)
(0.013971 -0.0114927 0)
(0.0189172 -0.0180831 0)
(0.0268251 -0.0271153 0)
(0.0299133 -0.0466347 0)
(0.0244722 -0.067143 0)
(-1.08374e-06 -1.95117e-06 0)
(-3.14531e-07 -1.7139e-06 0)
(4.31466e-07 -1.71102e-06 0)
(1.25464e-06 -1.94261e-06 0)
(2.26367e-06 -2.44544e-06 0)
(3.59416e-06 -3.29014e-06 0)
(5.43098e-06 -4.59534e-06 0)
(8.03036e-06 -6.54396e-06 0)
(1.17559e-05 -9.40902e-06 0)
(1.71293e-05 -1.35918e-05 0)
(2.49035e-05 -1.96783e-05 0)
(3.61679e-05 -2.85214e-05 0)
(5.25023e-05 -4.13597e-05 0)
(7.61946e-05 -5.99934e-05 0)
(0.000110572 -8.7031e-05 0)
(0.000160445 -0.000126273 0)
(0.000232821 -0.000183198 0)
(0.000337852 -0.000265829 0)
(0.00049025 -0.000385756 0)
(0.000711383 -0.000559865 0)
(0.00103219 -0.000812729 0)
(0.00149761 -0.00118021 0)
(0.00217215 -0.00171508 0)
(0.00315079 -0.00249484 0)
(0.00456218 -0.00363972 0)
(0.00661544 -0.00532323 0)
(0.00949442 -0.00788907 0)
(0.0137458 -0.0117044 0)
(0.018578 -0.0183324 0)
(0.0262091 -0.027388 0)
(0.0290565 -0.0465364 0)
(0.0237552 -0.0664587 0)
(-1.06764e-06 -1.98634e-06 0)
(-3.09313e-07 -1.74633e-06 0)
(4.2644e-07 -1.74462e-06 0)
(1.23856e-06 -1.98178e-06 0)
(2.23417e-06 -2.49546e-06 0)
(3.54711e-06 -3.35791e-06 0)
(5.35977e-06 -4.69028e-06 0)
(7.92502e-06 -6.67936e-06 0)
(1.16017e-05 -9.60381e-06 0)
(1.69046e-05 -1.38733e-05 0)
(2.45768e-05 -2.00859e-05 0)
(3.56934e-05 -2.91122e-05 0)
(5.18136e-05 -4.22167e-05 0)
(7.51951e-05 -6.12367e-05 0)
(0.000109122 -8.88349e-05 0)
(0.000158341 -0.00012889 0)
(0.000229767 -0.000186996 0)
(0.000333419 -0.00027134 0)
(0.000483815 -0.000393754 0)
(0.000702039 -0.000571468 0)
(0.00101862 -0.000829561 0)
(0.00147786 -0.00120462 0)
(0.00214339 -0.00175045 0)
(0.00310868 -0.00254604 0)
(0.00450033 -0.0037136 0)
(0.00652259 -0.00542942 0)
(0.00935509 -0.0080386 0)
(0.0135186 -0.0119115 0)
(0.0182375 -0.018574 0)
(0.0256008 -0.0276487 0)
(0.0282199 -0.0464371 0)
(0.0230552 -0.0657934 0)
(-1.05134e-06 -2.02099e-06 0)
(-3.04062e-07 -1.77831e-06 0)
(4.21268e-07 -1.77776e-06 0)
(1.22212e-06 -2.02041e-06 0)
(2.20406e-06 -2.54481e-06 0)
(3.49909e-06 -3.42477e-06 0)
(5.28711e-06 -4.78396e-06 0)
(7.81754e-06 -6.81294e-06 0)
(1.14443e-05 -9.79599e-06 0)
(1.66753e-05 -1.4151e-05 0)
(2.42434e-05 -2.04881e-05 0)
(3.52093e-05 -2.96952e-05 0)
(5.11108e-05 -4.30622e-05 0)
(7.41753e-05 -6.24633e-05 0)
(0.000107642 -9.06147e-05 0)
(0.000156193 -0.000131472 0)
(0.000226651 -0.000190744 0)
(0.000328896 -0.000276778 0)
(0.00047725 -0.000401644 0)
(0.000692506 -0.000582916 0)
(0.00100477 -0.000846165 0)
(0.00145772 -0.00122869 0)
(0.00211405 -0.00178533 0)
(0.00306575 -0.00259651 0)
(0.00443729 -0.00378639 0)
(0.00642811 -0.00553391 0)
(0.00921362 -0.00818532 0)
(0.0132894 -0.0121138 0)
(0.0178961 -0.0188081 0)
(0.0249999 -0.027898 0)
(0.0274034 -0.046337 0)
(0.0223724 -0.0651464 0)
(-1.03484e-06 -2.05513e-06 0)
(-2.98778e-07 -1.80983e-06 0)
(4.15953e-07 -1.81042e-06 0)
(1.20534e-06 -2.05851e-06 0)
(2.17334e-06 -2.59347e-06 0)
(3.45012e-06 -3.4907e-06 0)
(5.21301e-06 -4.87635e-06 0)
(7.70793e-06 -6.94468e-06 0)
(1.12838e-05 -9.98553e-06 0)
(1.64414e-05 -1.44249e-05 0)
(2.39035e-05 -2.08847e-05 0)
(3.47156e-05 -3.02702e-05 0)
(5.03942e-05 -4.38961e-05 0)
(7.31354e-05 -6.36731e-05 0)
(0.000106133 -9.237e-05 0)
(0.000154004 -0.000134019 0)
(0.000223473 -0.00019444 0)
(0.000324284 -0.000282141 0)
(0.000470555 -0.000409425 0)
(0.000682785 -0.000594205 0)
(0.000990647 -0.000862539 0)
(0.00143718 -0.00125243 0)
(0.00208414 -0.00181972 0)
(0.00302201 -0.00264625 0)
(0.00437309 -0.00385807 0)
(0.00633205 -0.00563668 0)
(0.00907006 -0.00832924 0)
(0.0130585 -0.0123114 0)
(0.0175538 -0.0190349 0)
(0.0244069 -0.0281361 0)
(0.0266076 -0.0462366 0)
(0.021708 -0.0645201 0)
(-1.01815e-06 -2.08874e-06 0)
(-2.93462e-07 -1.84087e-06 0)
(4.10497e-07 -1.8426e-06 0)
(1.1882e-06 -2.09605e-06 0)
(2.14202e-06 -2.64143e-06 0)
(3.40021e-06 -3.5557e-06 0)
(5.1375e-06 -4.96741e-06 0)
(7.59623e-06 -7.07454e-06 0)
(1.11203e-05 -1.01724e-05 0)
(1.62032e-05 -1.46949e-05 0)
(2.35571e-05 -2.12757e-05 0)
(3.42126e-05 -3.08369e-05 0)
(4.9664e-05 -4.47181e-05 0)
(7.20757e-05 -6.48655e-05 0)
(0.000104595 -9.41002e-05 0)
(0.000151772 -0.000136529 0)
(0.000220235 -0.000198083 0)
(0.000319584 -0.000287427 0)
(0.000463732 -0.000417095 0)
(0.000672878 -0.000605331 0)
(0.000976256 -0.000878676 0)
(0.00141625 -0.00127582 0)
(0.00205367 -0.0018536 0)
(0.00297746 -0.00269523 0)
(0.00430776 -0.00392861 0)
(0.00623444 -0.00573768 0)
(0.00892447 -0.00847032 0)
(0.0128256 -0.0125044 0)
(0.0172104 -0.0192543 0)
(0.0238201 -0.0283631 0)
(0.0258278 -0.0461369 0)
(0.0210544 -0.0639168 0)
(-1.00126e-06 -2.12181e-06 0)
(-2.88117e-07 -1.87142e-06 0)
(4.049e-07 -1.8743e-06 0)
(1.17073e-06 -2.13303e-06 0)
(2.11012e-06 -2.68868e-06 0)
(3.34937e-06 -3.61973e-06 0)
(5.0606e-06 -5.05713e-06 0)
(7.48248e-06 -7.20249e-06 0)
(1.09538e-05 -1.03564e-05 0)
(1.59605e-05 -1.49609e-05 0)
(2.32043e-05 -2.16609e-05 0)
(3.37002e-05 -3.13953e-05 0)
(4.89202e-05 -4.5528e-05 0)
(7.09964e-05 -6.60406e-05 0)
(0.000103029 -9.58052e-05 0)
(0.000149499 -0.000139003 0)
(0.000216936 -0.000201674 0)
(0.000314796 -0.000292638 0)
(0.000456782 -0.000424656 0)
(0.000662785 -0.000616301 0)
(0.000961594 -0.000894586 0)
(0.00139494 -0.00129889 0)
(0.00202264 -0.00188699 0)
(0.0029321 -0.00274349 0)
(0.00424127 -0.00399804 0)
(0.00613523 -0.00583687 0)
(0.00877678 -0.00860837 0)
(0.0125905 -0.0126921 0)
(0.0168647 -0.019466 0)
(0.0232317 -0.0285797 0)
(0.025041 -0.0460363 0)
(0.020391 -0.0633223 0)
(-9.84183e-07 -2.15436e-06 0)
(-2.82741e-07 -1.90151e-06 0)
(3.99165e-07 -1.90551e-06 0)
(1.15293e-06 -2.16946e-06 0)
(2.07763e-06 -2.73524e-06 0)
(3.29762e-06 -3.68282e-06 0)
(4.98232e-06 -5.14555e-06 0)
(7.3667e-06 -7.32857e-06 0)
(1.07842e-05 -1.05378e-05 0)
(1.57135e-05 -1.5223e-05 0)
(2.28452e-05 -2.20405e-05 0)
(3.31787e-05 -3.19456e-05 0)
(4.81634e-05 -4.6326e-05 0)
(6.98981e-05 -6.71982e-05 0)
(0.000101435 -9.74848e-05 0)
(0.000147187 -0.00014144 0)
(0.000213582 -0.000205209 0)
(0.000309928 -0.000297767 0)
(0.000449719 -0.000432097 0)
(0.000652534 -0.000627093 0)
(0.000946708 -0.000910234 0)
(0.0013733 -0.00132156 0)
(0.00199114 -0.00191982 0)
(0.00288605 -0.00279094 0)
(0.00417372 -0.00406631 0)
(0.00603412 -0.00593462 0)
(0.00862581 -0.00874452 0)
(0.0123487 -0.0128781 0)
(0.0165081 -0.0196746 0)
(0.0226246 -0.0287905 0)
(0.0242428 -0.0459284 0)
(0.0197274 -0.0627273 0)
(-9.33832e-07 -2.24494e-06 0)
(-2.66977e-07 -1.98536e-06 0)
(3.82036e-07 -1.99261e-06 0)
(1.10002e-06 -2.27123e-06 0)
(1.98117e-06 -2.86537e-06 0)
(3.14402e-06 -3.85924e-06 0)
(4.74999e-06 -5.39279e-06 0)
(7.02308e-06 -7.68118e-06 0)
(1.02812e-05 -1.10452e-05 0)
(1.49805e-05 -1.59561e-05 0)
(2.17796e-05 -2.31021e-05 0)
(3.16312e-05 -3.34846e-05 0)
(4.59169e-05 -4.85583e-05 0)
(6.6638e-05 -7.04367e-05 0)
(9.67038e-05 -0.000102184 0)
(0.000140322 -0.000148258 0)
(0.000203618 -0.000215104 0)
(0.000295468 -0.000312124 0)
(0.000428728 -0.000452928 0)
(0.000622056 -0.00065731 0)
(0.00090244 -0.000954051 0)
(0.00130894 -0.00138505 0)
(0.00189749 -0.00201168 0)
(0.0027493 -0.00292354 0)
(0.00397362 -0.00425655 0)
(0.00573721 -0.00620507 0)
(0.00818654 -0.00911735 0)
(0.0116631 -0.0133771 0)
(0.0155169 -0.0202194 0)
(0.0210149 -0.0293155 0)
(0.0221925 -0.0456442 0)
(0.0180145 -0.061213 0)
(-8.46339e-07 -2.38667e-06 0)
(-2.40261e-07 -2.11667e-06 0)
(3.50558e-07 -2.1291e-06 0)
(1.00493e-06 -2.43074e-06 0)
(1.80847e-06 -3.06938e-06 0)
(2.86929e-06 -4.13584e-06 0)
(4.33463e-06 -5.78045e-06 0)
(6.40883e-06 -8.23406e-06 0)
(9.38197e-06 -1.18407e-05 0)
(1.36703e-05 -1.71057e-05 0)
(1.98748e-05 -2.47668e-05 0)
(2.88649e-05 -3.58978e-05 0)
(4.19014e-05 -5.20583e-05 0)
(6.08105e-05 -7.55142e-05 0)
(8.8247e-05 -0.000109551 0)
(0.000128051 -0.000158947 0)
(0.000185811 -0.000230615 0)
(0.000269624 -0.00033463 0)
(0.000391218 -0.000485578 0)
(0.000567604 -0.000704666 0)
(0.000823371 -0.0010227 0)
(0.00119406 -0.0014845 0)
(0.00173042 -0.00215549 0)
(0.00250572 -0.00313092 0)
(0.00361798 -0.00455363 0)
(0.00521211 -0.00662672 0)
(0.00741495 -0.00969573 0)
(0.0104841 -0.0141464 0)
(0.0138434 -0.0210462 0)
(0.0184212 -0.0300874 0)
(0.0190372 -0.0451595 0)
(0.0154017 -0.0588371 0)
(-7.55228e-07 -2.51416e-06 0)
(-2.13037e-07 -2.23494e-06 0)
(3.16265e-07 -2.25215e-06 0)
(9.03115e-07 -2.57464e-06 0)
(1.6241e-06 -3.25347e-06 0)
(2.57628e-06 -4.38547e-06 0)
(3.89176e-06 -6.13034e-06 0)
(5.75397e-06 -8.73309e-06 0)
(8.42333e-06 -1.25587e-05 0)
(1.22736e-05 -1.81432e-05 0)
(1.78442e-05 -2.62693e-05 0)
(2.59159e-05 -3.80759e-05 0)
(3.76206e-05 -5.52174e-05 0)
(5.45981e-05 -8.00971e-05 0)
(7.92315e-05 -0.0001162 0)
(0.000114969 -0.000168595 0)
(0.000166828 -0.000244615 0)
(0.000242074 -0.000354941 0)
(0.000351236 -0.000515042 0)
(0.000509574 -0.000747393 0)
(0.00073913 -0.00108463 0)
(0.00107172 -0.00157415 0)
(0.0015527 -0.00228499 0)
(0.00224708 -0.00331731 0)
(0.00324151 -0.00481962 0)
(0.00466022 -0.00700164 0)
(0.00661136 -0.0102039 0)
(0.00928494 -0.0148088 0)
(0.0121765 -0.0217339 0)
(0.0159579 -0.0306859 0)
(0.0161732 -0.044707 0)
(0.0130334 -0.0568462 0)
(-6.60926e-07 -2.62709e-06 0)
(-1.85392e-07 -2.33987e-06 0)
(2.7942e-07 -2.36144e-06 0)
(7.9524e-07 -2.70254e-06 0)
(1.42925e-06 -3.41718e-06 0)
(2.26683e-06 -4.60752e-06 0)
(3.42417e-06 -6.4416e-06 0)
(5.06263e-06 -9.17703e-06 0)
(7.41133e-06 -1.31974e-05 0)
(1.07991e-05 -1.90663e-05 0)
(1.57006e-05 -2.76061e-05 0)
(2.28028e-05 -4.00136e-05 0)
(3.31015e-05 -5.80278e-05 0)
(4.80397e-05 -8.41743e-05 0)
(6.9714e-05 -0.000122116 0)
(0.000101159 -0.000177178 0)
(0.000146787 -0.00025707 0)
(0.000212992 -0.00037301 0)
(0.000309032 -0.000541252 0)
(0.000448325 -0.000785397 0)
(0.000650237 -0.00113969 0)
(0.000942684 -0.00165383 0)
(0.00136539 -0.0024 0)
(0.00197494 -0.0034826 0)
(0.00284645 -0.00505482 0)
(0.00408462 -0.00733157 0)
(0.00578002 -0.010647 0)
(0.00806926 -0.015378 0)
(0.0105181 -0.0223093 0)
(0.0136062 -0.0311565 0)
(0.0135573 -0.0442906 0)
(0.0108847 -0.0551549 0)
(-5.6386e-07 -2.72491e-06 0)
(-1.57404e-07 -2.43085e-06 0)
(2.40315e-07 -2.45629e-06 0)
(6.82025e-07 -2.81363e-06 0)
(1.22517e-06 -3.55943e-06 0)
(1.94292e-06 -4.80049e-06 0)
(2.93483e-06 -6.71213e-06 0)
(4.33919e-06 -9.56291e-06 0)
(6.35237e-06 -1.37526e-05 0)
(9.25619e-06 -1.98686e-05 0)
(1.34575e-05 -2.87679e-05 0)
(1.95451e-05 -4.16979e-05 0)
(2.83727e-05 -6.04707e-05 0)
(4.11769e-05 -8.77182e-05 0)
(5.97549e-05 -0.000127258 0)
(8.67078e-05 -0.000184639 0)
(0.000125817 -0.000267895 0)
(0.000182562 -0.000388715 0)
(0.000264876 -0.00056403 0)
(0.000384249 -0.00081842 0)
(0.000557264 -0.00118753 0)
(0.000807784 -0.00172302 0)
(0.00116971 -0.00249979 0)
(0.0016911 -0.00362579 0)
(0.00243543 -0.00525803 0)
(0.00348904 -0.0076153 0)
(0.0049261 -0.0110249 0)
(0.006842 -0.0158569 0)
(0.00887131 -0.022782 0)
(0.0113508 -0.0315208 0)
(0.0111462 -0.0439193 0)
(0.00891744 -0.0537448 0)
(-4.64457e-07 -2.80726e-06 0)
(-1.2914e-07 -2.50753e-06 0)
(1.99261e-07 -2.53627e-06 0)
(5.64226e-07 -2.90731e-06 0)
(1.01317e-06 -3.67939e-06 0)
(1.6066e-06 -4.96324e-06 0)
(2.42684e-06 -6.94029e-06 0)
(3.58824e-06 -9.88835e-06 0)
(5.25315e-06 -1.42209e-05 0)
(7.65465e-06 -2.05452e-05 0)
(1.11292e-05 -2.97477e-05 0)
(1.61637e-05 -4.31183e-05 0)
(2.3464e-05 -6.25307e-05 0)
(3.40531e-05 -9.07066e-05 0)
(4.9417e-05 -0.000131594 0)
(7.17068e-05 -0.00019093 0)
(0.00010405 -0.000277023 0)
(0.000150975 -0.000401957 0)
(0.000219043 -0.000583236 0)
(0.00031775 -0.000846262 0)
(0.000460793 -0.00122785 0)
(0.000667864 -0.00178132 0)
(0.000966896 -0.00258382 0)
(0.00139729 -0.00374622 0)
(0.00201094 -0.00542852 0)
(0.00287685 -0.00785238 0)
(0.00405386 -0.0113385 0)
(0.00560637 -0.0162495 0)
(0.00723667 -0.0231619 0)
(0.00917616 -0.0317979 0)
(0.00890132 -0.0436001 0)
(0.00709889 -0.0525965 0)
(-3.63147e-07 -2.8714e-06 0)
(-1.00656e-07 -2.56705e-06 0)
(1.56595e-07 -2.59874e-06 0)
(4.42639e-07 -2.98133e-06 0)
(7.94622e-07 -3.77509e-06 0)
(1.26003e-06 -5.09373e-06 0)
(1.90343e-06 -7.12362e-06 0)
(2.81452e-06 -1.01502e-05 0)
(4.12065e-06 -1.45981e-05 0)
(6.00462e-06 -2.10907e-05 0)
(8.73039e-06 -3.05382e-05 0)
(1.26799e-05 -4.42646e-05 0)
(1.84071e-05 -6.41936e-05 0)
(2.67143e-05 -9.31195e-05 0)
(3.87672e-05 -0.000135095 0)
(5.62537e-05 -0.00019601 0)
(8.16268e-05 -0.000284395 0)
(0.00011844 -0.000412651 0)
(0.000171839 -0.000598744 0)
(0.000249272 -0.00086874 0)
(0.000361478 -0.0012604 0)
(0.000523884 -0.00182837 0)
(0.000758346 -0.00265157 0)
(0.00109557 -0.0038432 0)
(0.00157573 -0.00556557 0)
(0.00225133 -0.00804237 0)
(0.00316706 -0.0115883 0)
(0.00436466 -0.0165591 0)
(0.0056133 -0.0234566 0)
(0.00706668 -0.0320025 0)
(0.00678764 -0.0433385 0)
(0.00539868 -0.0516949 0)
(-2.60241e-07 -2.94991e-06 0)
(-7.20401e-08 -2.64259e-06 0)
(1.12502e-07 -2.67643e-06 0)
(3.1788e-07 -3.06699e-06 0)
(5.70798e-07 -3.8758e-06 0)
(9.05366e-07 -5.21901e-06 0)
(1.36794e-06 -7.28688e-06 0)
(2.02297e-06 -1.03707e-05 0)
(2.96202e-06 -1.49037e-05 0)
(4.31652e-06 -2.15219e-05 0)
(6.27622e-06 -3.11531e-05 0)
(9.11569e-06 -4.51474e-05 0)
(1.32331e-05 -6.54664e-05 0)
(1.92053e-05 -9.49588e-05 0)
(2.78704e-05 -0.000137758 0)
(4.04417e-05 -0.000199866 0)
(5.86824e-05 -0.000289984 0)
(8.51469e-05 -0.000420753 0)
(0.000123533 -0.000610489 0)
(0.000179193 -0.000885758 0)
(0.000259841 -0.00128504 0)
(0.000376551 -0.00186396 0)
(0.000545004 -0.00270281 0)
(0.00078719 -0.0039165 0)
(0.00113203 -0.00566883 0)
(0.00161561 -0.00818481 0)
(0.00226506 -0.0117753 0)
(0.00311145 -0.0167897 0)
(0.00399362 -0.0236731 0)
(0.00500327 -0.0321466 0)
(0.00477305 -0.0431394 0)
(0.00379007 -0.0510317 0)
(-1.56612e-07 -2.88494e-06 0)
(-4.33822e-08 -2.57613e-06 0)
(6.77208e-08 -2.6094e-06 0)
(1.91475e-07 -3.00143e-06 0)
(3.43958e-07 -3.8156e-06 0)
(5.45698e-07 -5.17066e-06 0)
(8.24583e-07 -7.25996e-06 0)
(1.21942e-06 -1.03787e-05 0)
(1.78539e-06 -1.49658e-05 0)
(2.60172e-06 -2.16652e-05 0)
(3.78275e-06 -3.14165e-05 0)
(5.49398e-06 -4.5587e-05 0)
(7.97534e-06 -6.6163e-05 0)
(1.15745e-05 -9.60294e-05 0)
(1.67963e-05 -0.000139372 0)
(2.43722e-05 -0.000202269 0)
(3.53663e-05 -0.000293532 0)
(5.13177e-05 -0.000425961 0)
(7.44528e-05 -0.000618104 0)
(0.000107998 -0.000896856 0)
(0.000156601 -0.00130116 0)
(0.000226929 -0.00188733 0)
(0.000328418 -0.0027365 0)
(0.000474268 -0.00396475 0)
(0.000681762 -0.00573699 0)
(0.00097423 -0.00827885 0)
(0.00137451 -0.0118971 0)
(0.00189038 -0.0169385 0)
(0.00241819 -0.0238111 0)
(0.00299107 -0.0322353 0)
(0.00281426 -0.043003 0)
(0.00222635 -0.0505947 0)
(1.02138e-07 -2.97856e-06 0)
(1.40615e-07 -2.66718e-06 0)
(1.78389e-07 -2.70293e-06 0)
(2.20234e-07 -3.10246e-06 0)
(2.71479e-07 -3.92897e-06 0)
(3.39015e-07 -5.30134e-06 0)
(4.32238e-07 -7.41369e-06 0)
(5.64203e-07 -1.05629e-05 0)
(7.53426e-07 -1.51909e-05 0)
(1.02646e-06 -2.19463e-05 0)
(1.42161e-06 -3.17761e-05 0)
(1.99429e-06 -4.6058e-05 0)
(2.82486e-06 -6.67938e-05 0)
(4.02977e-06 -9.68905e-05 0)
(5.77816e-06 -0.000140566 0)
(8.31481e-06 -0.000203946 0)
(1.19939e-05 -0.000295908 0)
(1.73313e-05 -0.000429352 0)
(2.50752e-05 -0.000622963 0)
(3.63042e-05 -0.000903842 0)
(5.25745e-05 -0.00131122 0)
(7.6119e-05 -0.0019018 0)
(0.000110097 -0.00275728 0)
(0.000158922 -0.00399439 0)
(0.000228365 -0.00577878 0)
(0.000325697 -0.00833692 0)
(0.000457048 -0.0119737 0)
(0.000626495 -0.017032 0)
(0.000802508 -0.0238995 0)
(0.00102298 -0.0322924 0)
(0.000983321 -0.0429217 0)
(0.000780626 -0.0503384 0)
(0.0025427 0.000108953 1.8401e-23)
(0.000246147 -1.45655e-05 -1.50777e-23)
(-0.00211687 -0.000137265 -1.51592e-23)
(-0.0102648 -0.000538837 0)
(0.00174764 3.62217e-05 -2.74917e-23)
(0.0109022 0.00051706 -1.54477e-23)
(0.00251673 0.000143401 4.1305e-24)
(0.000221343 4.40469e-05 0)
(-0.0021373 -6.23963e-05 -7.34489e-24)
(-0.0102829 -0.000494903 8.98134e-24)
(0.00172287 9.46034e-05 -9.16514e-24)
(0.0108708 0.000575554 -7.23454e-24)
(0.00251373 0.000109668 0)
(0.000218763 -1.89237e-06 0)
(-0.00214008 -0.000113941 0)
(-0.0102843 -0.000540547 -1.29166e-23)
(0.00172241 9.15476e-06 5.82327e-24)
(0.010868 0.000526358 -3.54146e-25)
(0.00251177 0.000141233 -6.54491e-25)
(0.000215975 4.57154e-05 -6.30526e-24)
(-0.00214312 -5.58834e-05 0)
(-0.0102866 -0.000504165 -1.60269e-31)
(0.00172115 4.31345e-05 3.59175e-24)
(0.0108661 0.000575285 -3.6367e-24)
(0.00251333 0.000112148 -5.4159e-24)
(0.000217473 1.29467e-05 -9.75656e-24)
(-0.00214209 -8.80087e-05 -8.79951e-25)
(-0.0102843 -0.000541002 1.83395e-23)
(0.00172442 -1.52253e-05 8.58851e-24)
(0.0108677 0.000538679 1.57705e-24)
(0.0025121 0.00013914 -3.56966e-24)
(0.000215518 4.78783e-05 -1.67592e-23)
(-0.0021442 -4.88445e-05 -4.21339e-24)
(-0.0102857 -0.000512881 9.68533e-24)
(0.00172428 -6.39417e-06 -7.49683e-24)
(0.0108668 0.000574901 9.25577e-24)
(0.00251323 0.00011484 0)
(0.000216464 2.71508e-05 -1.61942e-23)
(-0.00214385 -6.33693e-05 -2.54424e-24)
(-0.0102842 -0.000541732 -1.23411e-23)
(0.00172677 -4.29256e-05 -1.08677e-23)
(0.0108678 0.000550965 3.07645e-24)
(0.00251242 0.000136833 0)
(0.000215057 5.10898e-05 -1.06673e-23)
(-0.00214541 -3.95226e-05 -4.63181e-24)
(-0.0102849 -0.000521398 -2.73482e-23)
(0.0017273 -5.12376e-05 -1.14552e-23)
(0.0108674 0.000575111 5.65761e-24)
(0.0025132 0.000117799 0)
(0.000215541 4.00773e-05 0)
(-0.00214554 -4.16438e-05 0)
(-0.010284 -0.000542577 -3.17789e-23)
(0.00172927 -7.56552e-05 -1.34121e-23)
(0.0108681 0.000562185 1.92661e-31)
(0.00251273 0.000134294 0)
(0.000214555 5.56956e-05 0)
(-0.00214674 -2.7117e-05 0)
(-0.0102843 -0.000529891 -3.49278e-23)
(0.00173024 -9.17838e-05 1.48387e-23)
(0.0108681 0.000576946 -1.34129e-23)
(0.00251324 0.000120946 -3.81077e-24)
(0.000214709 5.16303e-05 0)
(-0.0021472 -2.2708e-05 -5.5677e-24)
(-0.0102838 -0.00054344 -1.6023e-31)
(0.00173177 -0.000111497 1.65106e-23)
(0.0108685 0.000570874 1.92666e-31)
(0.00251303 0.000131611 -1.13732e-23)
(0.000214034 6.15734e-05 0)
(-0.00214827 -1.25691e-05 -6.17356e-24)
(-0.0102843 -0.000538441 4.2558e-23)
(0.00172881 -0.00013026 0)
(0.0108686 0.00058154 9.7048e-24)
(0.00251355 0.000124229 -4.91731e-24)
(0.000214069 6.21026e-05 0)
(-0.00215124 -5.38161e-06 -6.68712e-24)
(-0.0102939 -0.000544699 2.30465e-23)
(0.00151665 -0.00015926 0)
(0.0107721 0.000573937 6.02526e-24)
(0.00252636 0.000129469 0)
(0.000206802 6.8008e-05 -1.83119e-23)
(-0.00236248 -7.27579e-06 -7.30235e-24)
(-0.0105916 -0.000562342 0)
(0.00272018 -0.000119548 -2.2341e-23)
(0.0129249 0.000691767 1.45294e-22)
(0.00254859 0.000116748 0)
(0.000549973 0.000124801 -1.63471e-24)
(-0.00230088 5.48652e-05 0)
(-0.0092595 -0.000491569 0)
(-0.00260682 -0.000485049 -3.33471e-23)
(0.0194306 0.000995746 -1.4673e-22)
(0.00253616 0.000136905 0)
(0.000549207 0.000207472 5.62451e-23)
(-0.00212242 0.00016977 -8.68865e-24)
(-0.00896397 -0.00044049 6.21593e-23)
(-0.00371001 -0.000699104 0)
(0.0166896 0.000816542 -3.71427e-23)
(0.00254555 0.000125847 0)
(0.000549733 0.000282004 0)
(-0.00213205 0.00027477 -6.50249e-24)
(-0.0089705 -0.000398994 7.54085e-23)
(-0.00372021 -0.000852896 -5.90784e-23)
(0.0166717 0.000770618 -3.3322e-23)
(0.0025532 0.000132433 4.52355e-23)
(0.000550872 0.000360636 0)
(-0.00214124 0.000380178 2.09273e-23)
(-0.00899069 -0.000379172 0)
(-0.00371635 -0.0010081 -7.56498e-23)
(0.0166851 0.000722671 5.53004e-23)
(0.00256495 0.00012944 5.22954e-23)
(0.000554915 0.0004392 0)
(-0.00215092 0.000485826 0)
(-0.0089913 -0.000315176 0)
(-0.00371428 -0.00116435 0)
(0.0166989 0.000674251 5.06343e-23)
(0.00257894 0.000135387 3.34224e-23)
(0.000560395 0.0005155 0)
(-0.00215905 0.000591897 1.00644e-23)
(-0.00903428 -0.000323122 -7.22027e-23)
(-0.00371486 -0.00131751 0)
(0.0167167 0.000633251 3.7477e-23)
(0.00259159 0.000126038 3.65922e-23)
(0.00056935 0.000598348 0)
(-0.00215551 0.000696466 1.46173e-23)
(-0.00898527 -0.000225501 -7.79817e-23)
(-0.00363366 -0.00147685 0)
(0.0166033 0.000560485 2.37869e-23)
(0.0026533 0.000147747 0)
(0.000240664 0.000686972 0)
(-0.00221806 0.0008606 8.64723e-24)
(-0.0104122 -0.000321335 0)
(0.00179432 -0.00177862 0)
(0.0109675 0.000535343 0)
(0.00268135 0.000138991 -2.54246e-23)
(0.000257353 0.000824453 6.1641e-23)
(-0.0022595 0.00109922 1.24438e-23)
(-0.0104987 -0.000306826 6.20804e-23)
(0.00185201 -0.00224091 0)
(0.0110737 0.000648938 0)
(0.00271397 0.00018575 -5.8278e-23)
(0.000282219 0.000929382 7.14925e-23)
(-0.00228171 0.00131784 1.60333e-23)
(-0.0105806 -0.000497387 7.65555e-23)
(0.0018702 -0.00297155 0)
(0.0111457 0.000703689 0)
(0.00274815 0.000149906 -3.24159e-23)
(0.000307328 0.00108071 0)
(-0.00232637 0.00157629 1.98517e-23)
(-0.0106917 -0.000402137 0)
(0.00190953 -0.00303764 5.68741e-23)
(0.011251 0.000892732 0)
(0.00279114 0.000226404 0)
(0.000345566 0.00117695 9.16536e-23)
(-0.002351 0.00177519 0)
(-0.010787 -0.000701918 -1.05658e-22)
(0.00193137 -0.00444801 1.88347e-22)
(0.011335 0.00076644 3.73238e-23)
(0.00283149 0.000152658 3.86097e-23)
(0.000376325 0.00133547 2.01745e-22)
(-0.00241376 0.00205726 0)
(-0.0109732 -0.000471015 -2.20312e-22)
(0.00192958 -0.00356088 3.36295e-26)
(0.0115242 0.00123596 9.56089e-23)
(0.00288352 0.000276661 4.62929e-23)
(0.000429255 0.00147354 1.33001e-26)
(-0.00243819 0.00232273 0)
(-0.0117786 -0.000971907 -2.92237e-22)
(-0.00381643 -0.00627459 -1.16244e-26)
(0.00459923 0.000716432 5.46462e-23)
(-0.0215245 -3.43056e-05 4.07668e-23)
(-0.0389153 0.00126065 -1.21203e-22)
(-0.0510613 0.00214793 0)
(-0.0821306 -0.00065874 -9.40296e-23)
(-0.115694 -0.00435233 2.51728e-22)
(-0.104296 0.000630718 0)
(-0.00215085 0.00185301 1.0108e-22)
(0.0832856 0.0032945 0)
(0.301968 0.00591745 0)
(0.809236 0.00735361 0)
(2.21272 0.00886411 2.09865e-22)
(4.24498 0.0246159 0)
(5.20878 0.0253606 0)
(7.89355 0.0361116 0)
(9.03082 0.0310412 2.13756e-21)
(9.9088 -0.0131971 0)
(10.6381 -0.108666 -5.24561e-21)
(7.40167 -0.0848108 0)
(-0.00957678 -0.230104 0)
(-0.0119422 -0.127314 0)
(0.408941 -0.0913729 -3.54921e-21)
(1.33252 -0.0792886 0)
(2.28683 0.132138 -1.54494e-20)
(1.19655 0.318005 0)
(-0.0125871 -0.0782435 0)
(-0.0412473 -0.061198 0)
(0.00542465 -0.0969866 0)
(0.141625 -0.155454 0)
(0.110605 -0.147055 0)
(0.0377414 0.0179064 0)
(-0.00980782 -0.170558 0)
(-0.0357449 -0.104188 0)
(-0.0258296 -0.0847331 0)
(-0.0851901 -0.0839696 0)
(-0.176354 0.103416 0)
(-0.0695928 0.246234 0)
(-0.0105192 -0.112235 3.6824e-22)
(-0.0386491 -0.0784323 0)
(-0.0239752 -0.106412 3.2901e-21)
(-0.101885 -0.150444 -3.88495e-22)
(-0.192919 -0.1237 0)
(-0.0516243 0.0648209 2.34783e-21)
(-0.00934294 -0.139848 -9.35278e-22)
(-0.0359079 -0.089496 3.35289e-22)
(-0.0221292 -0.0829772 2.99581e-21)
(-0.0909986 -0.0872619 -2.2695e-22)
(-0.190119 0.075969 1.43796e-20)
(-0.0704214 0.18411 -2.03384e-24)
(-0.00921051 -0.124048 0)
(-0.0357488 -0.0861445 -1.67642e-25)
(-0.024781 -0.0978437 0)
(-0.0986669 -0.133059 0)
(-0.183214 -0.0934536 1.33125e-20)
(-0.0547774 0.0963224 -1.9936e-21)
(-0.00861066 -0.126412 0)
(-0.0346967 -0.0849752 -1.32415e-22)
(-0.0243812 -0.0857717 0)
(-0.0905356 -0.0916083 0)
(-0.1792 0.0470189 1.05505e-20)
(-0.0651574 0.141149 0)
(-0.00829152 -0.1234 0)
(-0.0338239 -0.0850335 0)
(-0.0254064 -0.0919428 2.46742e-21)
(-0.0935653 -0.116799 0)
(-0.173061 -0.0647131 1.42336e-20)
(-0.0567054 0.110661 0)
(-0.00789004 -0.121489 0)
(-0.0330296 -0.0841855 -1.32363e-22)
(-0.0258421 -0.0866889 4.70231e-21)
(-0.088922 -0.0950691 0)
(-0.168642 0.0218238 -8.92788e-21)
(-0.0612891 0.115868 0)
(-0.00754143 -0.119506 0)
(-0.0322324 -0.0836334 -1.36171e-22)
(-0.0261663 -0.0873726 -7.59147e-26)
(-0.0896369 -0.103237 0)
(-0.163521 -0.0415871 -1.31984e-20)
(-0.0574445 0.110178 0)
(-0.00720984 -0.117568 0)
(-0.0314917 -0.0830005 0)
(-0.0265965 -0.0858583 -2.09297e-21)
(-0.0868042 -0.0956332 0)
(-0.158796 0.00311565 8.64853e-21)
(-0.0586851 0.105338 0)
(-0.00689845 -0.11568 0)
(-0.030765 -0.0823646 0)
(-0.0268947 -0.0849245 0)
(-0.0860627 -0.0944465 -2.85846e-23)
(-0.154415 -0.0255656 1.15537e-20)
(-0.0571114 0.101583 0)
(-0.00660561 -0.113841 -3.50122e-22)
(-0.0300601 -0.081717 1.49355e-22)
(-0.0271868 -0.0838968 0)
(-0.084243 -0.091785 -6.43499e-23)
(-0.149938 -0.00848119 8.75807e-21)
(-0.0568907 0.0977607 -9.11924e-22)
(-0.0063308 -0.112051 -3.36191e-22)
(-0.0293741 -0.0810616 1.54385e-22)
(-0.0274263 -0.0828951 0)
(-0.082924 -0.089411 1.02578e-22)
(-0.145638 -0.0166139 9.92196e-21)
(-0.0561124 0.0941125 -8.95738e-22)
(-0.00607235 -0.110307 0)
(-0.0287074 -0.0803993 -1.59965e-22)
(-0.0276308 -0.0819018 -1.64958e-21)
(-0.0814634 -0.0870936 7.67937e-25)
(-0.141522 -0.013478 8.76672e-21)
(-0.0554912 0.0906246 0)
(-0.00582946 -0.108609 -3.10795e-22)
(-0.0280601 -0.0797309 8.90004e-26)
(-0.0277895 -0.0809229 -3.1051e-21)
(-0.0800397 -0.0848548 -7.35322e-25)
(-0.137526 -0.0138636 1.73349e-20)
(-0.0548346 0.0872854 -8.75601e-22)
(-0.00560123 -0.106955 -2.99371e-22)
(-0.027426 -0.0790585 -8.33051e-26)
(-0.027917 -0.0799567 7.84074e-26)
(-0.0786241 -0.0826957 2.0358e-22)
(-0.133661 -0.0136931 -4.16136e-27)
(-0.0541724 0.0840854 -8.65795e-22)
(-0.00538642 -0.105345 -2.88633e-22)
(-0.0268096 -0.0783822 7.79277e-26)
(-0.0280089 -0.0790088 1.37273e-21)
(-0.07722 -0.0806098 -2.33569e-22)
(-0.129916 -0.013551 6.23801e-27)
(-0.0535064 0.0810202 -8.59539e-22)
(-0.00518506 -0.103776 -3.94201e-26)
(-0.0262097 -0.0777033 1.84331e-22)
(-0.0280706 -0.0780758 1.28951e-21)
(-0.0758241 -0.0785977 -6.45606e-25)
(-0.126287 -0.0134177 1.53705e-20)
(-0.0528326 0.0780919 1.1392e-24)
(-0.00499565 -0.102248 2.69431e-22)
(-0.0256222 -0.0770226 0)
(-0.0281 -0.0771588 1.21025e-21)
(-0.0744429 -0.0766527 2.91952e-22)
(-0.122771 -0.0132937 -1.00346e-26)
(-0.0521542 0.0752884 8.46945e-22)
(-0.00481792 -0.100759 2.60785e-22)
(-0.0250516 -0.0763401 0)
(-0.0280988 -0.0762573 0)
(-0.0730732 -0.0747746 3.18507e-22)
(-0.119361 -0.0131779 -1.42058e-20)
(-0.0514722 0.0725994 8.45697e-22)
(-0.00465079 -0.0993094 2.52854e-22)
(-0.024493 -0.0756585 0)
(-0.0280719 -0.0753718 0)
(-0.0717156 -0.0729604 3.45162e-22)
(-0.116053 -0.0130705 -1.36574e-20)
(-0.0507877 0.0700321 8.45149e-22)
(-0.0044943 -0.097897 1.22725e-22)
(-0.0239452 -0.0749784 0)
(-0.0280193 -0.0745025 0)
(-0.0703702 -0.0712075 0)
(-0.112846 -0.01297 -6.56517e-21)
(-0.0500969 0.0675713 0)
(-0.00434607 -0.0965215 1.91467e-26)
(-0.023413 -0.0742987 1.0887e-22)
(-0.0279408 -0.0736462 0)
(-0.0690372 -0.0695137 0)
(-0.109733 -0.0128769 3.15604e-21)
(-0.0494028 0.0652156 0)
(-0.00420709 -0.0951814 -1.16234e-22)
(-0.0228902 -0.0736224 1.12208e-22)
(-0.0278415 -0.0728041 0)
(-0.0677168 -0.0678774 0)
(-0.106714 -0.0127904 3.03447e-21)
(-0.0487066 0.0629572 -4.19453e-22)
(-0.0040765 -0.0938762 0)
(-0.02238 -0.0729485 0)
(-0.0277178 -0.0719815 4.05589e-22)
(-0.0664096 -0.0662952 -2.19433e-22)
(-0.103781 -0.0127101 0)
(-0.0480079 0.0607988 -8.35945e-22)
(-0.00395291 -0.0926048 -1.1076e-22)
(-0.0218799 -0.0722778 1.18882e-22)
(-0.0275757 -0.0711707 -3.72762e-26)
(-0.0651153 -0.0647652 -2.30263e-22)
(-0.100932 -0.0126358 -2.80559e-21)
(-0.0473049 0.0587311 -4.16615e-22)
(-0.00383695 -0.0913662 -1.85098e-26)
(-0.0213906 -0.0716117 1.22125e-22)
(-0.0274139 -0.0703741 3.69307e-26)
(-0.0638341 -0.0632868 0)
(-0.0981638 -0.0125669 -2.69791e-21)
(-0.0466012 0.0567535 0)
(-0.00372696 -0.0901599 1.06283e-22)
(-0.0209123 -0.0709506 0)
(-0.027231 -0.0695952 3.26363e-22)
(-0.0625666 -0.0618574 0)
(-0.0954747 -0.012503 0)
(-0.0458965 0.0548548 0)
(-0.00362357 -0.0889848 0)
(-0.0204421 -0.0702941 -1.28516e-22)
(-0.0270324 -0.0688291 0)
(-0.061312 -0.0604757 0)
(-0.0928594 -0.0124441 0)
(-0.0451895 0.0530408 0)
(-0.00352558 -0.0878403 0)
(-0.0199822 -0.0696425 -1.31584e-22)
(-0.0268163 -0.0680786 0)
(-0.0600718 -0.0591391 0)
(-0.0903157 -0.0123895 0)
(-0.0444821 0.0513019 0)
(-0.00343289 -0.0867256 0)
(-0.0195317 -0.0689972 0)
(-0.0265819 -0.067346 0)
(-0.0588448 -0.0578463 0)
(-0.0878413 -0.0123393 0)
(-0.0437739 0.0496337 0)
(-0.0033448 -0.08564 0)
(-0.019089 -0.0683585 0)
(-0.026336 -0.0666237 0)
(-0.0576284 -0.0565971 0)
(-0.0854344 -0.0122933 0)
(-0.043064 0.0480427 4.10343e-22)
(-0.0032612 -0.0845827 0)
(-0.0186545 -0.0677268 1.40346e-22)
(-0.0260757 -0.0659148 -2.18334e-22)
(-0.0564273 -0.0553881 0)
(-0.0830901 -0.0122505 0)
(-0.0423565 0.0465122 4.08731e-22)
(-0.00318164 -0.0835531 4.88591e-23)
(-0.018228 -0.0671025 2.14602e-22)
(-0.025801 -0.0652231 -1.99743e-22)
(-0.0552391 -0.0542193 1.49747e-22)
(-0.0808072 -0.0122099 0)
(-0.0416468 0.0450456 0)
(-0.00310611 -0.0825505 9.69259e-23)
(-0.0178081 -0.0664861 7.28462e-23)
(-0.0255146 -0.0645447 9.10559e-23)
(-0.0540637 -0.0530888 1.53257e-22)
(-0.0785832 -0.012173 0)
(-0.0409365 0.0436441 2.03023e-22)
(-0.00303385 -0.0815744 8.2742e-27)
(-0.0173967 -0.0658773 0)
(-0.0252163 -0.0638801 -1.64869e-26)
(-0.0529008 -0.0519955 0)
(-0.0764161 -0.0121389 0)
(-0.0402269 0.0423 -1.34521e-25)
(-0.0029648 -0.0806242 -4.79002e-23)
(-0.0169922 -0.0652766 -7.53142e-23)
(-0.0249054 -0.0632317 -7.46264e-23)
(-0.0517514 -0.0509379 0)
(-0.0743043 -0.0121072 0)
(-0.0395168 0.0410135 -2.01114e-22)
(-0.00289949 -0.0796988 0)
(-0.016593 -0.0646851 -7.64559e-23)
(-0.0245853 -0.0625955 0)
(-0.0506134 -0.049916 0)
(-0.0722443 -0.0120778 0)
(-0.0388077 0.0397793 0)
(-0.00283668 -0.0787981 0)
(-0.0162002 -0.0641027 -7.7549e-23)
(-0.0242547 -0.0619714 0)
(-0.049489 -0.0489269 0)
(-0.0702361 -0.0120508 -8.49876e-22)
(-0.0380982 0.0385977 0)
(-0.0027733 -0.0779217 0)
(-0.0158162 -0.0635279 -3.9285e-23)
(-0.0239154 -0.0613611 2.63948e-23)
(-0.048376 -0.0479707 0)
(-0.0682737 -0.0120254 -8.18602e-22)
(-0.0373902 0.0374649 0)
(-0.00271262 -0.0770676 2.37857e-23)
(-0.0154382 -0.0629626 -1.42917e-27)
(-0.0235666 -0.0607647 2.30651e-23)
(-0.0472753 -0.0470461 8.48605e-23)
(-0.0663602 -0.0120017 -3.94337e-22)
(-0.0366821 0.0363781 0)
(-0.00265418 -0.0762408 4.7632e-23)
(-0.0150675 -0.0624084 -8.04302e-23)
(-0.02321 -0.0601827 1.99622e-23)
(-0.0461869 -0.0461526 1.71944e-22)
(-0.0644912 -0.0119788 -3.80006e-22)
(-0.0359751 0.0353378 9.75846e-23)
(-0.00259476 -0.0754417 2.39206e-23)
(-0.0146986 -0.0618668 -4.06603e-23)
(-0.0228419 -0.059616 1.70597e-23)
(-0.04511 -0.0452891 8.70951e-23)
(-0.0626653 -0.0119583 0)
(-0.0352694 0.0343396 9.67663e-23)
(-0.0025255 -0.0746499 0)
(-0.0143114 -0.0613278 0)
(-0.0224476 -0.0590538 0)
(-0.0440327 -0.0444541 0)
(-0.0608824 -0.0119402 0)
(-0.0345633 0.0333813 0)
(-0.00245587 -0.0738646 0)
(-0.0139048 -0.0607911 0)
(-0.0220179 -0.0585113 0)
(-0.0429277 -0.0436438 0)
(-0.0591376 -0.0119199 0)
(-0.0338555 0.0324739 0)
(-0.00236327 -0.0718348 0)
(-0.012928 -0.0593494 0)
(-0.0210085 -0.0570518 0)
(-0.0399072 -0.0415421 0)
(-0.054121 -0.0119554 0)
(-0.0317199 0.0301089 0)
(-0.00212097 -0.0686551 0)
(-0.0113518 -0.0570579 0)
(-0.0190102 -0.054732 0)
(-0.0350507 -0.0383184 0)
(-0.0465688 -0.0119126 0)
(-0.0282756 0.0265522 0)
(-0.0018846 -0.0659689 0)
(-0.00984958 -0.0550551 0)
(-0.0169133 -0.0527001 0)
(-0.0304112 -0.0356265 0)
(-0.0397173 -0.0118184 0)
(-0.0248749 0.0236636 0)
(-0.00164886 -0.063671 0)
(-0.00841736 -0.0533089 0)
(-0.0147433 -0.0509624 0)
(-0.0259701 -0.0334118 0)
(-0.0334115 -0.0117408 0)
(-0.0215086 0.0213586 0)
(-0.00140864 -0.0617424 0)
(-0.00704084 -0.0518216 0)
(-0.0125232 -0.0494849 0)
(-0.0216984 -0.0315947 0)
(-0.0275652 -0.0116683 0)
(-0.0181713 0.0194646 0)
(-0.00116192 -0.0601627 0)
(-0.00570744 -0.050591 0)
(-0.0102695 -0.0482606 0)
(-0.0175676 -0.0301462 0)
(-0.0220809 -0.0115924 0)
(-0.0148591 0.0179716 0)
(-0.000908185 -0.0589159 0)
(-0.00440675 -0.0496138 0)
(-0.00799246 -0.047286 0)
(-0.0135523 -0.029024 0)
(-0.0168849 -0.0115222 0)
(-0.011562 0.0168156 0)
(-0.00064947 -0.0579942 0)
(-0.00313113 -0.0488883 0)
(-0.00570018 -0.0465574 0)
(-0.0096245 -0.0282103 0)
(-0.0119096 -0.0114747 0)
(-0.00827364 0.0159851 0)
(-0.000371849 -0.0573829 0)
(-0.00185347 -0.0484091 0)
(-0.00338275 -0.0460711 0)
(-0.00575675 -0.0276726 0)
(-0.0070827 -0.0114213 0)
(-0.00499486 0.015448 0)
(-0.000155975 -0.0570222 0)
(-0.000683485 -0.0481279 0)
(-0.00118471 -0.0457781 0)
(-0.00196667 -0.0273305 0)
(-0.00235112 -0.0113688 0)
(-0.00167994 0.0151238 0)
(-0.000568138 -3.10235e-05 0)
(-0.00133519 -2.14573e-05 0)
(-0.00141575 -2.51e-05 0)
(-0.000275189 -2.29644e-05 0)
(5.3341e-05 -1.67231e-05 0)
(0.000110155 -1.52929e-05 0)
(8.54502e-05 -1.52116e-05 0)
(6.5225e-05 -1.51492e-05 0)
(5.19582e-05 -1.51273e-05 0)
(4.36405e-05 -1.51258e-05 0)
(3.83367e-05 -1.51263e-05 0)
(3.49245e-05 -1.51266e-05 0)
(3.27858e-05 -1.51268e-05 0)
(3.15677e-05 -1.51273e-05 0)
(3.10756e-05 -1.5128e-05 0)
(3.12313e-05 -1.5129e-05 0)
(3.20591e-05 -1.51306e-05 0)
(3.36851e-05 -1.51329e-05 0)
(3.63491e-05 -1.51367e-05 0)
(4.0481e-05 -1.51441e-05 0)
(4.68691e-05 -1.51608e-05 0)
(5.72117e-05 -1.52003e-05 0)
(7.81036e-05 -1.52961e-05 0)
(0.000123946 -1.64281e-05 0)
(0.000346858 -1.94588e-05 0)
(0.000837329 -2.71428e-05 0)
(0.00467019 -3.43966e-05 0)
(0.00872932 -5.67641e-05 0)
(0.0497908 -9.09218e-05 0)
(0.0945063 -2.04634e-05 0)
(-0.0005905 4.57325e-05 0)
(-0.0013568 2.22314e-05 0)
(-0.00143737 2.19387e-05 0)
(-0.000296794 1.94073e-05 0)
(3.17335e-05 1.53845e-05 0)
(8.85377e-05 1.44183e-05 0)
(6.38307e-05 1.4436e-05 0)
(4.36054e-05 1.4348e-05 0)
(3.03385e-05 1.43058e-05 0)
(2.20208e-05 1.42918e-05 0)
(1.67169e-05 1.42848e-05 0)
(1.33047e-05 1.42803e-05 0)
(1.11661e-05 1.42771e-05 0)
(9.94792e-06 1.4275e-05 0)
(9.45582e-06 1.42736e-05 0)
(9.61158e-06 1.42727e-05 0)
(1.04394e-05 1.42719e-05 0)
(1.20654e-05 1.42714e-05 0)
(1.47293e-05 1.42715e-05 0)
(1.88612e-05 1.42733e-05 0)
(2.52494e-05 1.42808e-05 0)
(3.55919e-05 1.43013e-05 0)
(5.64821e-05 1.43467e-05 0)
(0.00010232 1.52904e-05 0)
(0.000325223 1.74564e-05 0)
(0.000815689 1.90776e-05 0)
(0.00464854 1.73106e-05 0)
(0.00870766 -1.21138e-05 0)
(0.0497695 -7.10768e-05 0)
(0.0944769 0.000114263 0)
(-0.000594761 -4.44304e-06 0)
(-0.0013615 -1.67763e-05 0)
(-0.00144202 -2.39198e-05 0)
(-0.00030147 -2.21832e-05 0)
(2.70608e-05 -1.56829e-05 0)
(8.38808e-05 -1.34576e-05 0)
(5.91773e-05 -1.32795e-05 0)
(3.8952e-05 -1.32277e-05 0)
(2.56854e-05 -1.3221e-05 0)
(1.73678e-05 -1.32314e-05 0)
(1.20639e-05 -1.32392e-05 0)
(8.65176e-06 -1.32443e-05 0)
(6.51313e-06 -1.32478e-05 0)
(5.29497e-06 -1.32507e-05 0)
(4.80288e-06 -1.32535e-05 0)
(4.95864e-06 -1.32566e-05 0)
(5.78644e-06 -1.32605e-05 0)
(7.41249e-06 -1.32656e-05 0)
(1.00764e-05 -1.32734e-05 0)
(1.42083e-05 -1.32865e-05 0)
(2.05966e-05 -1.33129e-05 0)
(3.09393e-05 -1.33757e-05 0)
(5.18327e-05 -1.35417e-05 0)
(9.76782e-05 -1.5228e-05 0)
(0.000320593 -1.84609e-05 0)
(0.000811061 -2.86807e-05 0)
(0.00464389 -4.16921e-05 0)
(0.00870298 -0.000106142 0)
(0.0497651 -0.000221876 0)
(0.0944998 0.00010535 0)
(-0.000596039 5.40315e-05 0)
(-0.00136171 2.08511e-05 0)
(-0.00144225 1.60583e-05 0)
(-0.000301658 1.34066e-05 0)
(2.68699e-05 1.28002e-05 0)
(8.36641e-05 1.24358e-05 0)
(5.89537e-05 1.2562e-05 0)
(3.87282e-05 1.24344e-05 0)
(2.54612e-05 1.23665e-05 0)
(1.71435e-05 1.23395e-05 0)
(1.18397e-05 1.23249e-05 0)
(8.42749e-06 1.23153e-05 0)
(6.28887e-06 1.23087e-05 0)
(5.0707e-06 1.2304e-05 0)
(4.57861e-06 1.23005e-05 0)
(4.73437e-06 1.22975e-05 0)
(5.56216e-06 1.22946e-05 0)
(7.1882e-06 1.22913e-05 0)
(9.85212e-06 1.22876e-05 0)
(1.3984e-05 1.22839e-05 0)
(2.03721e-05 1.22828e-05 0)
(3.07144e-05 1.22878e-05 0)
(5.16021e-05 1.23058e-05 0)
(9.7435e-05 1.32224e-05 0)
(0.000320325 1.37801e-05 0)
(0.000810777 7.72878e-06 0)
(0.00464355 -4.55385e-06 0)
(0.00870253 -8.95997e-05 0)
(0.049765 -0.000246624 0)
(0.0945261 0.000226774 0)
(-0.000596114 2.36078e-05 0)
(-0.00136179 -1.14477e-05 0)
(-0.00144227 -2.14628e-05 0)
(-0.000301707 -2.06226e-05 0)
(2.68266e-05 -1.42342e-05 0)
(8.36477e-05 -1.15959e-05 0)
(5.89445e-05 -1.13288e-05 0)
(3.8719e-05 -1.12717e-05 0)
(2.54525e-05 -1.12744e-05 0)
(1.7135e-05 -1.1296e-05 0)
(1.18312e-05 -1.1311e-05 0)
(8.41904e-06 -1.13207e-05 0)
(6.28042e-06 -1.13275e-05 0)
(5.06226e-06 -1.13328e-05 0)
(4.57018e-06 -1.13377e-05 0)
(4.72594e-06 -1.13429e-05 0)
(5.55374e-06 -1.1349e-05 0)
(7.17979e-06 -1.13572e-05 0)
(9.84373e-06 -1.13689e-05 0)
(1.39757e-05 -1.13879e-05 0)
(2.03639e-05 -1.14245e-05 0)
(3.07066e-05 -1.15146e-05 0)
(5.16015e-05 -1.17783e-05 0)
(9.74478e-05 -1.38106e-05 0)
(0.000320352 -1.6924e-05 0)
(0.0008108 -2.97504e-05 0)
(0.00464351 -4.85469e-05 0)
(0.00870238 -0.00015652 0)
(0.0497653 -0.000355231 0)
(0.0945025 0.000263568 0)
(-0.000596973 6.28127e-05 0)
(-0.00136179 1.93199e-05 0)
(-0.00144228 9.47685e-06 0)
(-0.000301655 7.21475e-06 0)
(2.68752e-05 1.00296e-05 0)
(8.36598e-05 1.05199e-05 0)
(5.89454e-05 1.07667e-05 0)
(3.87195e-05 1.05821e-05 0)
(2.54524e-05 1.0482e-05 0)
(1.71347e-05 1.04414e-05 0)
(1.18309e-05 1.04189e-05 0)
(8.41872e-06 1.04042e-05 0)
(6.2801e-06 1.0394e-05 0)
(5.06194e-06 1.03867e-05 0)
(4.56985e-06 1.03809e-05 0)
(4.7256e-06 1.0376e-05 0)
(5.55339e-06 1.03709e-05 0)
(7.17942e-06 1.0365e-05 0)
(9.84332e-06 1.03577e-05 0)
(1.39751e-05 1.03486e-05 0)
(2.03631e-05 1.03392e-05 0)
(3.07051e-05 1.03329e-05 0)
(5.15898e-05 1.03594e-05 0)
(9.74183e-05 1.09277e-05 0)
(0.000320291 9.92568e-06 0)
(0.00081072 -3.22809e-06 0)
(0.00464335 -2.54965e-05 0)
(0.00870204 -0.000163005 0)
(0.0497657 -0.000414046 0)
(0.0945003 0.000341577 0)
(-0.000597232 5.01167e-05 0)
(-0.00136188 -6.12903e-06 0)
(-0.00144229 -1.86487e-05 0)
(-0.000301707 -1.91159e-05 0)
(2.68315e-05 -1.26811e-05 0)
(8.36485e-05 -9.74742e-06 0)
(5.89443e-05 -9.40876e-06 0)
(3.87183e-05 -9.32679e-06 0)
(2.5452e-05 -9.33141e-06 0)
(1.71346e-05 -9.36338e-06 0)
(1.18308e-05 -9.38546e-06 0)
(8.41869e-06 -9.39965e-06 0)
(6.28008e-06 -9.40947e-06 0)
(5.06193e-06 -9.41714e-06 0)
(4.56985e-06 -9.42409e-06 0)
(4.72561e-06 -9.43133e-06 0)
(5.55341e-06 -9.43992e-06 0)
(7.17946e-06 -9.45109e-06 0)
(9.84339e-06 -9.46692e-06 0)
(1.39753e-05 -9.49188e-06 0)
(2.03636e-05 -9.53886e-06 0)
(3.07064e-05 -9.66104e-06 0)
(5.16021e-05 -1.00715e-05 0)
(9.74469e-05 -1.22062e-05 0)
(0.000320329 -1.53205e-05 0)
(0.000810745 -3.1416e-05 0)
(0.00464326 -5.66909e-05 0)
(0.00870178 -0.000211698 0)
(0.0497661 -0.000498263 0)
(0.0944627 0.000371735 0)
(-0.000597928 7.41516e-05 0)
(-0.00136189 1.79274e-05 0)
(-0.0014423 2.90884e-06 0)
(-0.000301646 1.30567e-06 0)
(2.68897e-05 7.23337e-06 0)
(8.36649e-05 8.63393e-06 0)
(5.8946e-05 9.02558e-06 0)
(3.87196e-05 8.76176e-06 0)
(2.54523e-05 8.62093e-06 0)
(1.71346e-05 8.56549e-06 0)
(1.18308e-05 8.53499e-06 0)
(8.41864e-06 8.51506e-06 0)
(6.28003e-06 8.50113e-06 0)
(5.06187e-06 8.49098e-06 0)
(4.56978e-06 8.48305e-06 0)
(4.72554e-06 8.47617e-06 0)
(5.55332e-06 8.46899e-06 0)
(7.17934e-06 8.46049e-06 0)
(9.84322e-06 8.44963e-06 0)
(1.3975e-05 8.43522e-06 0)
(2.03628e-05 8.41771e-06 0)
(3.07042e-05 8.40533e-06 0)
(5.15858e-05 8.5089e-06 0)
(9.74101e-05 8.51608e-06 0)
(0.000320262 6.10923e-06 0)
(0.000810655 -1.341e-05 0)
(0.00464307 -4.48322e-05 0)
(0.00870136 -0.000231457 0)
(0.0497666 -0.000571897 0)
(0.0944676 0.000445021 0)
(-0.000598328 7.34733e-05 0)
(-0.00136199 -1.01235e-06 0)
(-0.00144231 -1.61793e-05 0)
(-0.0003017 -1.80407e-05 0)
(2.68428e-05 -1.11497e-05 0)
(8.36513e-05 -7.94055e-06 0)
(5.89445e-05 -7.56308e-06 0)
(3.87176e-05 -7.43072e-06 0)
(2.54517e-05 -7.42721e-06 0)
(1.71344e-05 -7.46822e-06 0)
(1.18307e-05 -7.49707e-06 0)
(8.4186e-06 -7.51555e-06 0)
(6.28001e-06 -7.52832e-06 0)
(5.06186e-06 -7.53821e-06 0)
(4.56979e-06 -7.54716e-06 0)
(4.72555e-06 -7.5565e-06 0)
(5.55335e-06 -7.56757e-06 0)
(7.17939e-06 -7.58187e-06 0)
(9.84332e-06 -7.60189e-06 0)
(1.39752e-05 -7.6329e-06 0)
(2.03635e-05 -7.69035e-06 0)
(3.07065e-05 -7.85052e-06 0)
(5.16022e-05 -8.5032e-06 0)
(9.74431e-05 -1.05315e-05 0)
(0.000320295 -1.38133e-05 0)
(0.000810665 -3.39093e-05 0)
(0.00464293 -6.65049e-05 0)
(0.00870096 -0.000271013 0)
(0.0497672 -0.000648747 0)
(0.0945328 0.000511692 0)
(-0.00059892 8.87274e-05 0)
(-0.00136203 1.67624e-05 0)
(-0.00144232 -3.022e-06 0)
(-0.000301638 -4.07994e-06 0)
(2.69054e-05 4.49141e-06 0)
(8.36704e-05 6.79889e-06 0)
(5.89468e-05 7.3788e-06 0)
(3.87198e-05 7.00629e-06 0)
(2.54523e-05 6.81269e-06 0)
(1.71344e-05 6.74075e-06 0)
(1.18307e-05 6.70195e-06 0)
(8.41857e-06 6.6765e-06 0)
(6.27998e-06 6.65869e-06 0)
(5.06183e-06 6.64563e-06 0)
(4.56974e-06 6.63545e-06 0)
(4.72549e-06 6.62662e-06 0)
(5.55327e-06 6.61743e-06 0)
(7.17927e-06 6.60645e-06 0)
(9.84313e-06 6.59216e-06 0)
(1.39748e-05 6.57254e-06 0)
(2.03625e-05 6.54678e-06 0)
(3.07029e-05 6.53537e-06 0)
(5.15816e-05 6.77237e-06 0)
(9.74018e-05 6.06861e-06 0)
(0.000320225 2.42578e-06 0)
(0.000810573 -2.27799e-05 0)
(0.0046427 -6.25979e-05 0)
(0.00870046 -0.000297015 0)
(0.0497679 -0.000725057 0)
(0.0945603 0.000633345 0)
(-0.000599331 9.40432e-05 0)
(-0.00136213 3.85635e-06 0)
(-0.00144234 -1.45871e-05 0)
(-0.000301688 -1.75337e-05 0)
(2.68597e-05 -9.69677e-06 0)
(8.36557e-05 -6.19068e-06 0)
(5.89448e-05 -5.83081e-06 0)
(3.87167e-05 -5.61408e-06 0)
(2.54512e-05 -5.58797e-06 0)
(1.71342e-05 -5.6358e-06 0)
(1.18306e-05 -5.6711e-06 0)
(8.41851e-06 -5.69361e-06 0)
(6.27994e-06 -5.70912e-06 0)
(5.06181e-06 -5.72108e-06 0)
(4.56974e-06 -5.73198e-06 0)
(4.72551e-06 -5.74343e-06 0)
(5.5533e-06 -5.75706e-06 0)
(7.17934e-06 -5.77462e-06 0)
(9.84325e-06 -5.79894e-06 0)
(1.39751e-05 -5.83609e-06 0)
(2.03634e-05 -5.90377e-06 0)
(3.07068e-05 -6.11044e-06 0)
(5.16015e-05 -6.94163e-06 0)
(9.74363e-05 -8.84793e-06 0)
(0.00032025 -1.24633e-05 0)
(0.000810564 -3.71573e-05 0)
(0.0046425 -7.76983e-05 0)
(0.00869994 -0.000332129 0)
(0.0497687 -0.000801419 0)
(0.0945136 0.000731913 0)
(-0.000598024 0.000105329 0)
(-0.0013622 1.58593e-05 0)
(-0.00144236 -7.9107e-06 0)
(-0.000301631 -8.89236e-06 0)
(2.6923e-05 1.84582e-06 0)
(8.36764e-05 5.02346e-06 0)
(5.89477e-05 5.84699e-06 0)
(3.87202e-05 5.34282e-06 0)
(2.54522e-05 5.07906e-06 0)
(1.71343e-05 4.98772e-06 0)
(1.18306e-05 4.94022e-06 0)
(8.4185e-06 4.90895e-06 0)
(6.27993e-06 4.88702e-06 0)
(5.06178e-06 4.87091e-06 0)
(4.56969e-06 4.85838e-06 0)
(4.72544e-06 4.84762e-06 0)
(5.55321e-06 4.83649e-06 0)
(7.1792e-06 4.82319e-06 0)
(9.84303e-06 4.80561e-06 0)
(1.39747e-05 4.78088e-06 0)
(2.0362e-05 4.74653e-06 0)
(3.07013e-05 4.74668e-06 0)
(5.15773e-05 4.98612e-06 0)
(9.73932e-05 3.63432e-06 0)
(0.000320181 -1.08375e-06 0)
(0.000810472 -3.1468e-05 0)
(0.00464224 -7.91803e-05 0)
(0.00869934 -0.000361448 0)
(0.0497695 -0.000877717 0)
(0.0945195 0.000775752 0)
(-0.000476041 0.000113231 0)
(-0.0013623 8.44664e-06 0)
(-0.00144238 -1.41053e-05 0)
(-0.000301673 -1.7575e-05 0)
(2.68812e-05 -8.35152e-06 0)
(8.36619e-05 -4.49907e-06 0)
(5.89453e-05 -4.15647e-06 0)
(3.87155e-05 -3.8998e-06 0)
(2.54507e-05 -3.83024e-06 0)
(1.7134e-05 -3.88104e-06 0)
(1.18305e-05 -3.92233e-06 0)
(8.41841e-06 -3.94851e-06 0)
(6.27987e-06 -3.9665e-06 0)
(5.06175e-06 -3.98036e-06 0)
(4.56969e-06 -3.9931e-06 0)
(4.72546e-06 -4.00666e-06 0)
(5.55325e-06 -4.02294e-06 0)
(7.17928e-06 -4.04392e-06 0)
(9.84318e-06 -4.07273e-06 0)
(1.3975e-05 -4.11615e-06 0)
(2.03634e-05 -4.19363e-06 0)
(3.07072e-05 -4.46026e-06 0)
(5.15997e-05 -5.33778e-06 0)
(9.74269e-05 -7.19417e-06 0)
(0.000320196 -1.12965e-05 0)
(0.000810443 -4.101e-05 0)
(0.00464199 -8.98987e-05 0)
(0.0086987 -0.000394068 0)
(0.0497705 -0.000954033 0)
(0.0944909 0.000813254 0)
(0.00019794 0.000122915 0)
(-0.00136239 1.54252e-05 0)
(-0.0014424 -1.1739e-05 0)
(-0.000301622 -1.32048e-05 0)
(2.69433e-05 -6.8868e-07 0)
(8.36829e-05 3.30135e-06 0)
(5.89486e-05 4.28869e-06 0)
(3.87207e-05 3.78986e-06 0)
(2.54522e-05 3.43102e-06 0)
(1.71341e-05 3.31513e-06 0)
(1.18305e-05 3.2584e-06 0)
(8.41843e-06 3.22088e-06 0)
(6.27987e-06 3.19453e-06 0)
(5.06173e-06 3.17514e-06 0)
(4.56964e-06 3.16017e-06 0)
(4.72539e-06 3.14746e-06 0)
(5.55314e-06 3.13451e-06 0)
(7.17912e-06 3.11905e-06 0)
(9.84291e-06 3.09839e-06 0)
(1.39745e-05 3.06873e-06 0)
(2.03615e-05 3.02532e-06 0)
(3.06995e-05 3.0544e-06 0)
(5.15731e-05 3.16456e-06 0)
(9.73839e-05 1.2409e-06 0)
(0.000320129 -4.40746e-06 0)
(0.00081035 -3.96213e-05 0)
(0.00464169 -9.49043e-05 0)
(0.008698 -0.000425168 0)
(0.0497714 -0.00103034 0)
(0.094467 0.000870493 0)
(0.000502861 0.000143424 0)
(-0.00136256 1.32098e-05 0)
(-0.00144244 -1.58843e-05 0)
(-0.000301675 -2.0456e-05 0)
(2.68875e-05 -1.03168e-05 0)
(8.36627e-05 -5.92796e-06 0)
(5.89446e-05 -5.77921e-06 0)
(3.87108e-05 -5.34662e-06 0)
(2.54487e-05 -4.95349e-06 0)
(1.71335e-05 -4.96578e-06 0)
(1.18302e-05 -5.00742e-06 0)
(8.41826e-06 -5.03269e-06 0)
(6.27976e-06 -5.04968e-06 0)
(5.06168e-06 -5.06326e-06 0)
(4.56966e-06 -5.07748e-06 0)
(4.72545e-06 -5.09461e-06 0)
(5.55325e-06 -5.11667e-06 0)
(7.17929e-06 -5.14584e-06 0)
(9.84322e-06 -5.18579e-06 0)
(1.39752e-05 -5.24589e-06 0)
(2.03643e-05 -5.35441e-06 0)
(3.07115e-05 -5.89266e-06 0)
(5.16094e-05 -7.1339e-06 0)
(9.74317e-05 -8.99468e-06 0)
(0.000320136 -1.32507e-05 0)
(0.00081028 -4.81598e-05 0)
(0.00464124 -0.000106736 0)
(0.00869688 -0.00047249 0)
(0.049773 -0.00114481 0)
(0.0944618 0.000970513 0)
(-0.000160759 0.000170959 0)
(-0.00136283 2.08154e-05 0)
(-0.00144248 -1.54234e-05 0)
(-0.000301585 -1.70221e-05 0)
(2.70078e-05 -5.46013e-07 0)
(8.37039e-05 4.66342e-06 0)
(5.89519e-05 6.09344e-06 0)
(3.87266e-05 5.41609e-06 0)
(2.54546e-05 4.71286e-06 0)
(1.71342e-05 4.51356e-06 0)
(1.18304e-05 4.43423e-06 0)
(8.41836e-06 4.38083e-06 0)
(6.27981e-06 4.34307e-06 0)
(5.06166e-06 4.31562e-06 0)
(4.56955e-06 4.29564e-06 0)
(4.72525e-06 4.28041e-06 0)
(5.55295e-06 4.26651e-06 0)
(7.17885e-06 4.25092e-06 0)
(9.84249e-06 4.2301e-06 0)
(1.39737e-05 4.20042e-06 0)
(2.03585e-05 4.15988e-06 0)
(3.06899e-05 4.42406e-06 0)
(5.1551e-05 4.63296e-06 0)
(9.73483e-05 1.9206e-06 0)
(0.000320004 -5.73053e-06 0)
(0.000810082 -5.06457e-05 0)
(0.00464053 -0.00012022 0)
(0.00869516 -0.000535484 0)
(0.0497754 -0.00129744 0)
(0.0944672 0.00108897 0)
(-0.000155845 0.000195932 0)
(-0.00136315 2.04187e-05 0)
(-0.00144256 -1.88201e-05 0)
(-0.000301629 -2.3618e-05 0)
(2.69548e-05 -9.79391e-06 0)
(8.36833e-05 -4.33813e-06 0)
(5.89469e-05 -3.89025e-06 0)
(3.87065e-05 -3.69546e-06 0)
(2.54459e-05 -3.38384e-06 0)
(1.71326e-05 -3.38354e-06 0)
(1.18298e-05 -3.43671e-06 0)
(8.41795e-06 -3.46889e-06 0)
(6.27954e-06 -3.49062e-06 0)
(5.06151e-06 -3.50791e-06 0)
(4.56952e-06 -3.52569e-06 0)
(4.72533e-06 -3.54686e-06 0)
(5.55314e-06 -3.57412e-06 0)
(7.17916e-06 -3.61014e-06 0)
(9.84304e-06 -3.65914e-06 0)
(1.3975e-05 -3.73207e-06 0)
(2.0365e-05 -3.85879e-06 0)
(3.0713e-05 -4.49684e-06 0)
(5.16016e-05 -5.54307e-06 0)
(9.73995e-05 -7.82105e-06 0)
(0.000319972 -1.36111e-05 0)
(0.000809924 -5.90486e-05 0)
(0.00463974 -0.000134531 0)
(0.00869323 -0.000598492 0)
(0.0497781 -0.00145009 0)
(0.0944707 0.00120033 0)
(-0.00015712 0.000221035 0)
(-0.0013635 2.43147e-05 0)
(-0.00144262 -1.99393e-05 0)
(-0.000301557 -2.28181e-05 0)
(2.70678e-05 -3.49547e-06 0)
(8.37223e-05 2.97209e-06 0)
(5.89539e-05 4.4642e-06 0)
(3.87282e-05 3.94215e-06 0)
(2.54556e-05 3.3496e-06 0)
(1.7134e-05 3.07259e-06 0)
(1.18301e-05 2.97408e-06 0)
(8.41819e-06 2.90753e-06 0)
(6.27969e-06 2.86056e-06 0)
(5.06155e-06 2.82641e-06 0)
(4.56943e-06 2.80134e-06 0)
(4.7251e-06 2.78201e-06 0)
(5.55276e-06 2.76431e-06 0)
(7.17859e-06 2.74451e-06 0)
(9.84212e-06 2.7177e-06 0)
(1.39731e-05 2.6787e-06 0)
(2.03561e-05 2.61923e-06 0)
(3.06846e-05 2.81349e-06 0)
(5.15406e-05 2.61915e-06 0)
(9.73232e-05 -7.2547e-07 0)
(0.000319845 -9.69918e-06 0)
(0.000809706 -6.39624e-05 0)
(0.00463885 -0.000148672 0)
(0.00869108 -0.000661505 0)
(0.0497811 -0.00160275 0)
(0.0944743 0.00130062 0)
(-0.000158297 0.000246291 0)
(-0.0013639 2.64631e-05 0)
(-0.00144271 -2.22344e-05 0)
(-0.000301578 -2.72204e-05 0)
(2.7035e-05 -9.3971e-06 0)
(8.37081e-05 -2.76242e-06 0)
(5.89499e-05 -1.93869e-06 0)
(3.8703e-05 -1.98487e-06 0)
(2.54432e-05 -1.92749e-06 0)
(1.71314e-05 -1.91144e-06 0)
(1.18293e-05 -1.97438e-06 0)
(8.4176e-06 -2.01199e-06 0)
(6.27928e-06 -2.03748e-06 0)
(5.06133e-06 -2.05786e-06 0)
(4.56939e-06 -2.07883e-06 0)
(4.72522e-06 -2.10393e-06 0)
(5.55302e-06 -2.13654e-06 0)
(7.17902e-06 -2.17992e-06 0)
(9.84284e-06 -2.23865e-06 0)
(1.39747e-05 -2.3254e-06 0)
(2.03654e-05 -2.47092e-06 0)
(3.0713e-05 -3.03885e-06 0)
(5.15906e-05 -3.91534e-06 0)
(9.73613e-05 -6.75625e-06 0)
(0.000319776 -1.43315e-05 0)
(0.000809492 -7.05592e-05 0)
(0.00463788 -0.000162818 0)
(0.00868873 -0.000724524 0)
(0.0497843 -0.00175542 0)
(0.0944786 0.00140618 0)
(-0.000159285 0.000271595 0)
(-0.00136434 2.93788e-05 0)
(-0.00144279 -2.40415e-05 0)
(-0.000301517 -2.82051e-05 0)
(2.71438e-05 -6.32697e-06 0)
(8.37455e-05 1.2909e-06 0)
(5.89563e-05 2.77978e-06 0)
(3.87282e-05 2.41208e-06 0)
(2.54558e-05 2.01334e-06 0)
(1.71339e-05 1.72879e-06 0)
(1.18298e-05 1.60919e-06 0)
(8.41799e-06 1.52784e-06 0)
(6.27955e-06 1.47061e-06 0)
(5.06143e-06 1.42911e-06 0)
(4.56928e-06 1.39854e-06 0)
(4.72492e-06 1.37497e-06 0)
(5.55253e-06 1.35364e-06 0)
(7.17828e-06 1.33013e-06 0)
(9.84168e-06 1.29808e-06 0)
(1.39724e-05 1.25093e-06 0)
(2.03539e-05 1.17414e-06 0)
(3.06802e-05 1.14123e-06 0)
(5.15291e-05 5.71936e-07 0)
(9.72909e-05 -3.25636e-06 0)
(0.000319646 -1.32618e-05 0)
(0.000809244 -7.65792e-05 0)
(0.00463683 -0.000176965 0)
(0.00868615 -0.000787539 0)
(0.0497878 -0.00190812 0)
(0.0945361 0.00151346 0)
(-0.000189483 0.000297316 0)
(-0.00136482 3.08384e-05 0)
(-0.00144289 -2.59917e-05 0)
(-0.000301523 -3.11619e-05 0)
(2.71266e-05 -9.0886e-06 0)
(8.37364e-05 -1.19924e-06 0)
(5.89534e-05 7.02545e-08 0)
(3.87006e-05 -2.14795e-07 0)
(2.54411e-05 -4.27099e-07 0)
(1.71302e-05 -5.21128e-07 0)
(1.18287e-05 -5.91766e-07 0)
(8.41717e-06 -6.32981e-07 0)
(6.27898e-06 -6.61064e-07 0)
(5.06111e-06 -6.8385e-07 0)
(4.56922e-06 -7.07561e-07 0)
(4.72508e-06 -7.36434e-07 0)
(5.55289e-06 -7.74535e-07 0)
(7.17885e-06 -8.25805e-07 0)
(9.84261e-06 -8.95072e-07 0)
(1.39743e-05 -9.97003e-07 0)
(2.03651e-05 -1.16431e-06 0)
(3.07111e-05 -1.51577e-06 0)
(5.15769e-05 -2.24692e-06 0)
(9.73182e-05 -5.78577e-06 0)
(0.000319548 -1.54586e-05 0)
(0.000808983 -8.2704e-05 0)
(0.00463568 -0.000191099 0)
(0.00868336 -0.000850592 0)
(0.0497916 -0.00206093 0)
(0.0945151 0.00166945 0)
(-0.00071266 0.000445118 0)
(-0.00136866 6.54145e-05 0)
(-0.00144358 -3.97419e-05 0)
(-0.000301097 -4.7308e-05 0)
(2.79353e-05 -9.32027e-06 0)
(8.40119e-05 4.93941e-06 0)
(5.89986e-05 7.06597e-06 0)
(3.88931e-05 7.30107e-06 0)
(2.55431e-05 7.15536e-06 0)
(1.71538e-05 6.57978e-06 0)
(1.18344e-05 5.9802e-06 0)
(8.42169e-06 5.52235e-06 0)
(6.28206e-06 5.19675e-06 0)
(5.06241e-06 4.97803e-06 0)
(4.56851e-06 4.86019e-06 0)
(4.72236e-06 4.83767e-06 0)
(5.54817e-06 4.89645e-06 0)
(7.17184e-06 5.02527e-06 0)
(9.83177e-06 5.19654e-06 0)
(1.39539e-05 5.44694e-06 0)
(2.02705e-05 5.65879e-06 0)
(3.04583e-05 5.15067e-06 0)
(5.11273e-05 2.97281e-06 0)
(9.6815e-05 -5.4522e-06 0)
(0.000318517 -2.30168e-05 0)
(0.0008069 -0.000127394 0)
(0.00462664 -0.000294338 0)
(0.00866135 -0.00131201 0)
(0.049822 -0.00318175 0)
(0.0948348 0.00213736 0)
(-0.000700405 0.000668646 0)
(-0.00138206 4.57804e-05 0)
(-0.00144706 -6.96242e-05 0)
(-0.000300603 -7.94125e-05 0)
(2.86407e-05 -2.4191e-05 0)
(8.41923e-05 -5.56689e-06 0)
(5.90142e-05 -1.84545e-06 0)
(3.8538e-05 -3.34988e-06 0)
(2.53223e-05 -4.38225e-06 0)
(1.706e-05 -4.64279e-06 0)
(1.17789e-05 -4.60808e-06 0)
(8.38009e-06 -4.49629e-06 0)
(6.25327e-06 -4.34929e-06 0)
(5.04574e-06 -4.26577e-06 0)
(4.56391e-06 -4.26197e-06 0)
(4.72899e-06 -4.35021e-06 0)
(5.56495e-06 -4.53508e-06 0)
(7.19766e-06 -4.82362e-06 0)
(9.86991e-06 -5.20427e-06 0)
(1.40116e-05 -5.63386e-06 0)
(2.04347e-05 -6.18549e-06 0)
(3.08159e-05 -6.61985e-06 0)
(5.15163e-05 -7.34641e-06 0)
(9.66524e-05 -1.45768e-05 0)
(0.000315274 -3.86033e-05 0)
(0.000799288 -0.000210356 0)
(0.00459339 -0.000485773 0)
(0.00858037 -0.00217328 0)
(0.0499139 -0.0052789 0)
(0.0951599 0.00405198 0)
(-0.000714801 0.000964379 0)
(-0.00139995 0.000119618 0)
(-0.00144889 -8.34104e-05 0)
(-0.000299173 -0.00010966 0)
(3.10624e-05 -2.79508e-05 0)
(8.49582e-05 2.61515e-06 0)
(5.90925e-05 6.74797e-06 0)
(3.87856e-05 6.53249e-06 0)
(2.54884e-05 6.11431e-06 0)
(1.71442e-05 5.51607e-06 0)
(1.18406e-05 5.0168e-06 0)
(8.43267e-06 4.63508e-06 0)
(6.29183e-06 4.30938e-06 0)
(5.06613e-06 4.01023e-06 0)
(4.56495e-06 3.82635e-06 0)
(4.71083e-06 3.74576e-06 0)
(5.52817e-06 3.74486e-06 0)
(7.14357e-06 3.76963e-06 0)
(9.79754e-06 3.70912e-06 0)
(1.39124e-05 3.53283e-06 0)
(2.02289e-05 3.14621e-06 0)
(3.04091e-05 1.73758e-06 0)
(5.07903e-05 -2.11396e-06 0)
(9.54913e-05 -1.74917e-05 0)
(0.000310227 -5.36251e-05 0)
(0.000787958 -0.000292659 0)
(0.00454366 -0.000675125 0)
(0.00845901 -0.00303729 0)
(0.0500898 -0.00735211 0)
(0.0900884 0.00693221 0)
(-0.00072472 0.00114987 0)
(-0.0014265 8.78116e-05 0)
(-0.00145677 -0.000142465 0)
(-0.000298255 -0.000149528 0)
(3.3395e-05 -3.97784e-05 0)
(8.56617e-05 -4.59742e-06 0)
(5.91801e-05 2.48295e-06 0)
(3.85112e-05 2.80516e-07 0)
(2.52793e-05 -1.48621e-06 0)
(1.70136e-05 -2.3816e-06 0)
(1.17416e-05 -2.84879e-06 0)
(8.35014e-06 -3.12492e-06 0)
(6.22683e-06 -3.28744e-06 0)
(5.0253e-06 -3.34268e-06 0)
(4.55274e-06 -3.38369e-06 0)
(4.72557e-06 -3.52228e-06 0)
(5.56602e-06 -3.75857e-06 0)
(7.19624e-06 -3.96982e-06 0)
(9.85998e-06 -4.20454e-06 0)
(1.39879e-05 -4.50657e-06 0)
(2.03588e-05 -4.96276e-06 0)
(3.05932e-05 -5.61765e-06 0)
(5.0702e-05 -7.68115e-06 0)
(9.4471e-05 -2.30184e-05 0)
(0.000303622 -6.78725e-05 0)
(0.000772959 -0.000373436 0)
(0.00447735 -0.00086044 0)
(0.00829775 -0.0039012 0)
(0.0503638 -0.00906675 0)
(0.0934497 0.017321 0)
(-0.000748871 0.00151859 0)
(-0.00145473 0.0001609 0)
(-0.00145894 -0.000110278 0)
(-0.000294824 -0.00015308 0)
(3.72e-05 -4.38448e-05 0)
(8.67479e-05 8.29343e-07 0)
(5.9299e-05 6.88885e-06 0)
(3.86176e-05 5.92594e-06 0)
(2.53756e-05 5.11265e-06 0)
(1.70865e-05 4.43732e-06 0)
(1.18092e-05 4.0034e-06 0)
(8.4141e-06 3.73229e-06 0)
(6.28263e-06 3.54726e-06 0)
(5.06208e-06 3.37811e-06 0)
(4.55738e-06 3.15054e-06 0)
(4.69499e-06 3.0085e-06 0)
(5.50928e-06 2.84356e-06 0)
(7.12477e-06 2.54808e-06 0)
(9.77491e-06 2.13703e-06 0)
(1.38804e-05 1.53929e-06 0)
(2.0182e-05 5.86648e-07 0)
(3.0294e-05 -1.60426e-06 0)
(5.00534e-05 -6.85035e-06 0)
(9.29423e-05 -2.85443e-05 0)
(0.000295389 -8.38167e-05 0)
(0.00075439 -0.000458495 0)
(0.00439454 -0.00105775 0)
(0.00811646 -0.00486795 0)
(0.0510283 -0.0122156 0)
(0.05655 0.0191427 0)
(-0.000753932 0.00161717 0)
(-0.00149557 0.000164942 0)
(-0.00147006 -0.000235275 0)
(-0.000295444 -0.000249774 0)
(3.99121e-05 -6.42429e-05 0)
(8.78101e-05 -3.83538e-06 0)
(5.93959e-05 5.84161e-06 0)
(3.84359e-05 3.37195e-06 0)
(2.52162e-05 1.07371e-06 0)
(1.69666e-05 -3.38581e-07 0)
(1.17117e-05 -1.22067e-06 0)
(8.33084e-06 -1.83789e-06 0)
(6.21184e-06 -2.30149e-06 0)
(5.00852e-06 -2.65469e-06 0)
(4.53711e-06 -2.85708e-06 0)
(4.7126e-06 -3.02596e-06 0)
(5.54658e-06 -3.10287e-06 0)
(7.1664e-06 -3.16372e-06 0)
(9.81736e-06 -3.27634e-06 0)
(1.39224e-05 -3.4907e-06 0)
(2.02258e-05 -3.92419e-06 0)
(3.02783e-05 -4.94e-06 0)
(4.95611e-05 -8.55205e-06 0)
(9.12117e-05 -3.12187e-05 0)
(0.000285415 -9.28212e-05 0)
(0.000731713 -0.000512218 0)
(0.00429082 -0.00117041 0)
(0.00782627 -0.00540455 0)
(0.051304 -0.0103259 0)
(-0.0296383 0.028346 0)
(-0.00392689 0.00207102 0)
(-0.00153248 0.000158152 0)
(-0.00147622 -0.000128777 0)
(-0.000287642 -0.000166447 0)
(4.74886e-05 -4.22185e-05 0)
(8.95811e-05 8.41225e-08 0)
(5.94673e-05 9.30186e-06 0)
(3.82774e-05 6.64937e-06 0)
(2.50794e-05 4.77744e-06 0)
(1.68497e-05 3.82739e-06 0)
(1.16057e-05 3.31288e-06 0)
(8.22811e-06 3.06769e-06 0)
(6.10769e-06 2.9618e-06 0)
(4.89815e-06 2.91676e-06 0)
(4.40128e-06 2.82972e-06 0)
(4.54429e-06 2.54215e-06 0)
(5.36336e-06 2.07972e-06 0)
(6.97765e-06 1.51358e-06 0)
(9.62174e-06 8.08748e-07 0)
(1.37143e-05 -1.33506e-07 0)
(1.99829e-05 -1.52999e-06 0)
(2.99618e-05 -4.26537e-06 0)
(4.88063e-05 -1.05033e-05 0)
(8.92428e-05 -4.02072e-05 0)
(0.000274893 -0.000119975 0)
(0.00070857 -0.000666026 0)
(0.0041816 -0.00152942 0)
(0.00767187 -0.00723557 0)
(0.0519438 -0.0126888 0)
(0.0728304 0.0220336 0)
(-0.0363572 0.00199931 0)
(-0.000783126 0.000146892 0)
(-0.00101716 -0.000327804 0)
(-0.00013314 -0.000378132 0)
(0.000140418 -0.000114281 0)
(0.000119481 -3.11404e-06 0)
(7.54225e-05 6.5397e-06 0)
(4.78136e-05 4.20412e-06 0)
(3.12126e-05 2.22276e-06 0)
(2.08171e-05 9.21601e-07 0)
(1.41545e-05 -1.09947e-07 0)
(9.8428e-06 -9.38135e-07 0)
(7.09148e-06 -1.60723e-06 0)
(5.42215e-06 -2.17092e-06 0)
(4.6099e-06 -2.64004e-06 0)
(4.62796e-06 -2.72967e-06 0)
(5.47318e-06 -2.68176e-06 0)
(7.21003e-06 -2.66603e-06 0)
(1.0089e-05 -2.73345e-06 0)
(1.45496e-05 -2.94835e-06 0)
(2.13111e-05 -3.46187e-06 0)
(3.17532e-05 -4.84009e-06 0)
(4.94994e-05 -9.27449e-06 0)
(8.37111e-05 -3.23679e-05 0)
(0.000210021 -9.56938e-05 0)
(0.000504238 -0.000534498 0)
(0.00274252 -0.00124294 0)
(0.00494826 -0.00607933 0)
(0.0315429 -0.0114763 0)
(-0.39643 -0.0192765 0)
(6.12136 -0.00683783 0)
(8.53222 -0.00262587 0)
(8.50869 -0.00133657 0)
(2.84586 0.00172392 0)
(0.21149 0.00272117 0)
(0.0747646 0.000146695 0)
(0.0423623 3.00633e-05 0)
(0.0266773 1.7527e-05 0)
(0.0176443 1.11983e-05 0)
(0.01188 7.48201e-06 0)
(0.00812579 5.48246e-06 0)
(0.00566324 4.3661e-06 0)
(0.00406716 3.71242e-06 0)
(0.00306942 3.30862e-06 0)
(0.00254043 2.98434e-06 0)
(0.00246275 2.46319e-06 0)
(0.00282321 1.52144e-06 0)
(0.00363612 5.82187e-07 0)
(0.0050142 -5.65404e-07 0)
(0.00715669 -2.08899e-06 0)
(0.0103643 -4.33131e-06 0)
(0.0151295 -8.52761e-06 0)
(0.0220933 -1.82667e-05 0)
(0.0326497 -6.17966e-05 0)
(0.047622 -0.00017565 0)
(0.0725729 -0.000923246 0)
(0.111955 -0.00205948 0)
(0.165527 -0.00971041 0)
(0.329617 -0.00212948 0)
(6.3642 -0.261742 0)
(2.34981 -0.116412 0)
(3.06478 -0.0896966 0)
(2.91168 0.235952 0)
(0.50487 0.306107 0)
(0.140771 0.0948123 0)
(0.0720839 0.00649341 0)
(0.0415956 0.00174942 0)
(0.0259933 0.000929023 0)
(0.0173094 0.000567535 0)
(0.0117676 0.000364634 0)
(0.00815035 0.000238382 0)
(0.00577265 0.000155032 0)
(0.0042431 9.79726e-05 0)
(0.00332627 5.62123e-05 0)
(0.00288508 2.07445e-05 0)
(0.00285197 -1.55997e-05 0)
(0.00322088 -4.98369e-05 0)
(0.0040459 -9.03616e-05 0)
(0.00544286 -0.000143567 0)
(0.00761366 -0.000217186 0)
(0.0108629 -0.000322428 0)
(0.0156894 -0.000475836 0)
(0.022742 -0.00070735 0)
(0.0334286 -0.00107029 0)
(0.0485809 -0.00170197 0)
(0.0738208 -0.00306806 0)
(0.113438 -0.00550325 0)
(0.178686 -0.0148663 0)
(0.327755 -0.20268 0)
(0.309355 -0.506425 0)
(0.367263 0.0903452 0)
(0.694682 -0.0514219 0)
(0.602999 0.135019 0)
(0.11181 0.188005 0)
(0.137662 0.0569843 0)
(0.0714105 0.00685109 0)
(0.0415105 0.00221842 0)
(0.0259714 0.00116152 0)
(0.0172997 0.000701096 0)
(0.0117623 0.0004505 0)
(0.00814711 0.000295657 0)
(0.00577053 0.000193394 0)
(0.00424164 0.0001224 0)
(0.00332526 7.0035e-05 0)
(0.0028843 2.72744e-05 0)
(0.0028512 -1.28343e-05 0)
(0.00322002 -5.45161e-05 0)
(0.00404486 -0.000103486 0)
(0.00544144 -0.00016725 0)
(0.00761164 -0.00025504 0)
(0.0108599 -0.000380277 0)
(0.0156848 -0.000562624 0)
(0.0227344 -0.000837963 0)
(0.033415 -0.00127143 0)
(0.0485471 -0.00202974 0)
(0.0737545 -0.00367272 0)
(0.113155 -0.00685836 0)
(0.185117 -0.0191166 0)
(0.330702 -0.0617087 0)
(0.333163 -0.379119 0)
(0.100486 -0.0519959 0)
(0.0214639 -0.0628754 0)
(-0.0254889 0.215966 0)
(0.0644581 0.257873 0)
(0.130919 0.0738241 0)
(0.0697991 0.00976805 0)
(0.0413562 0.00334729 0)
(0.0259288 0.00177981 0)
(0.0172793 0.00107818 0)
(0.0117505 0.000693315 0)
(0.0081396 0.000454426 0)
(0.00576546 0.00029617 0)
(0.00423803 0.000186203 0)
(0.00332241 0.000104634 0)
(0.00288173 3.70859e-05 0)
(0.00284867 -2.74559e-05 0)
(0.00321721 -9.35365e-05 0)
(0.0040413 -0.000172295 0)
(0.00543662 -0.000275509 0)
(0.00760483 -0.000418132 0)
(0.0108501 -0.0006218 0)
(0.0156702 -0.000918142 0)
(0.022712 -0.00136382 0)
(0.0333783 -0.00204899 0)
(0.0484787 -0.00322092 0)
(0.0736176 -0.00545812 0)
(0.112744 -0.0101517 0)
(0.177987 -0.0235427 0)
(0.30989 -0.165959 0)
(0.323751 -0.427757 0)
(0.0419716 0.046794 0)
(-0.117569 -0.0670932 0)
(-0.138566 0.174809 0)
(0.0595649 0.226274 0)
(0.126733 0.0690503 0)
(0.0684437 0.0116477 0)
(0.0411742 0.00417679 0)
(0.0258755 0.0022288 0)
(0.0172537 0.00134865 0)
(0.0117359 0.000867568 0)
(0.0081303 0.000569312 0)
(0.00575917 0.000371748 0)
(0.00423353 0.000233992 0)
(0.00331895 0.000131882 0)
(0.00287871 4.8181e-05 0)
(0.00284566 -3.01913e-05 0)
(0.00321388 -0.000111687 0)
(0.00403715 -0.000208452 0)
(0.00543104 -0.000334854 0)
(0.00759698 -0.000509167 0)
(0.0108388 -0.000757845 0)
(0.0156535 -0.00111922 0)
(0.0226867 -0.00166153 0)
(0.0333366 -0.00249157 0)
(0.048402 -0.00390389 0)
(0.0734655 -0.00652926 0)
(0.112293 -0.0120355 0)
(0.177715 -0.028224 0)
(0.310005 -0.0978994 0)
(0.313801 -0.402237 0)
(0.0461718 -0.0159025 0)
(-0.133106 -0.046097 0)
(-0.150755 0.178586 0)
(0.0569167 0.223221 0)
(0.122206 0.0694323 0)
(0.0670821 0.0135985 0)
(0.0409594 0.00506011 0)
(0.0258092 0.00271995 0)
(0.0172216 0.00164738 0)
(0.0117175 0.00106001 0)
(0.0081186 0.000695487 0)
(0.00575126 0.000453668 0)
(0.00422788 0.000285094 0)
(0.00331454 0.00015984 0)
(0.00287487 5.68843e-05 0)
(0.0028419 -3.911e-05 0)
(0.00320966 -0.000139064 0)
(0.00403185 -0.000258287 0)
(0.00542388 -0.000414241 0)
(0.00758691 -0.000629476 0)
(0.0108243 -0.000936626 0)
(0.0156319 -0.00138295 0)
(0.0226539 -0.00205242 0)
(0.0332834 -0.00307108 0)
(0.048307 -0.00479489 0)
(0.0732768 -0.00788615 0)
(0.111776 -0.0145186 0)
(0.174289 -0.0318188 0)
(0.295587 -0.145939 0)
(0.301466 -0.401783 0)
(0.0342068 0.0217146 0)
(-0.133868 -0.0554256 0)
(-0.147642 0.176388 0)
(0.0547517 0.218175 0)
(0.117886 0.0693577 0)
(0.0657384 0.0154259 0)
(0.0407151 0.00591864 0)
(0.025731 0.00320153 0)
(0.0171834 0.00194127 0)
(0.0116956 0.00124973 0)
(0.00810462 0.000820217 0)
(0.00574179 0.000535261 0)
(0.00422109 0.000336236 0)
(0.00330929 0.000188321 0)
(0.00287028 6.73013e-05 0)
(0.00283736 -4.5943e-05 0)
(0.0032046 -0.000163993 0)
(0.0040255 -0.000304762 0)
(0.00541532 -0.000488855 0)
(0.00757486 -0.000742878 0)
(0.0108069 -0.0011053 0)
(0.0156062 -0.0016317 0)
(0.022615 -0.0024205 0)
(0.0332205 -0.00361678 0)
(0.0481965 -0.00563166 0)
(0.0730588 -0.00916648 0)
(0.111204 -0.016759 0)
(0.172034 -0.0361047 0)
(0.29267 -0.119632 0)
(0.299794 -0.390741 0)
(0.0345035 0.00600489 0)
(-0.130799 -0.0412675 0)
(-0.142696 0.172561 0)
(0.0525304 0.21201 0)
(0.113735 0.0692291 0)
(0.0644143 0.0171448 0)
(0.0404433 0.00676153 0)
(0.0256409 0.00367958 0)
(0.017139 0.0022343 0)
(0.01167 0.00143908 0)
(0.00808835 0.00094471 0)
(0.00573076 0.000616493 0)
(0.00421318 0.000387128 0)
(0.00330315 0.000216534 0)
(0.00286495 7.68528e-05 0)
(0.0028321 -5.30905e-05 0)
(0.0031987 -0.000189106 0)
(0.00401809 -0.000351413 0)
(0.00540533 -0.000563674 0)
(0.00756081 -0.000856558 0)
(0.0107866 -0.00127438 0)
(0.0155762 -0.00188109 0)
(0.0225698 -0.00278957 0)
(0.0331476 -0.00416371 0)
(0.0480705 -0.0064693 0)
(0.0728111 -0.0104434 0)
(0.110581 -0.0189789 0)
(0.169345 -0.0397412 0)
(0.281275 -0.137007 0)
(0.287291 -0.388906 0)
(0.0296631 0.00929243 0)
(-0.127055 -0.0427532 0)
(-0.137033 0.168162 0)
(0.0504026 0.206132 0)
(0.109741 0.0690944 0)
(0.0631099 0.0187598 0)
(0.0401462 0.00758795 0)
(0.0255394 0.00415301 0)
(0.0170885 0.0025259 0)
(0.011641 0.0016278 0)
(0.00806979 0.00106888 0)
(0.00571818 0.000697579 0)
(0.00420415 0.000437931 0)
(0.00329615 0.000244719 0)
(0.00285887 8.66439e-05 0)
(0.0028261 -6.02188e-05 0)
(0.00319197 -0.000214169 0)
(0.00400964 -0.000397969 0)
(0.00539393 -0.000638342 0)
(0.00754476 -0.000970003 0)
(0.0107635 -0.0014431 0)
(0.015542 -0.0021299 0)
(0.0225183 -0.00315768 0)
(0.0330648 -0.00470891 0)
(0.047929 -0.00730256 0)
(0.0725349 -0.01171 0)
(0.109908 -0.0211445 0)
(0.166795 -0.0434444 0)
(0.27553 -0.131644 0)
(0.284806 -0.379933 0)
(0.0268704 0.0143773 0)
(-0.123888 -0.0356791 0)
(-0.131839 0.164447 0)
(0.0483779 0.200545 0)
(0.105896 0.0689449 0)
(0.0618251 0.0202769 0)
(0.0398259 0.00839735 0)
(0.0254267 0.00462156 0)
(0.0170321 0.00281598 0)
(0.0116083 0.00181584 0)
(0.00804896 0.00119269 0)
(0.00570405 0.000778453 0)
(0.00419401 0.00048861 0)
(0.00328828 0.000272838 0)
(0.00285204 9.63815e-05 0)
(0.00281936 -6.73329e-05 0)
(0.0031844 -0.000239177 0)
(0.00400013 -0.000444421 0)
(0.00538111 -0.00071284 0)
(0.00752673 -0.00108319 0)
(0.0107375 -0.00161142 0)
(0.0155036 -0.00237808 0)
(0.0224606 -0.00352471 0)
(0.0329723 -0.00525222 0)
(0.0477722 -0.00813119 0)
(0.0722311 -0.0129659 0)
(0.109188 -0.0232606 0)
(0.164239 -0.0469256 0)
(0.267382 -0.135838 0)
(0.275159 -0.376167 0)
(0.0235701 0.0104527 0)
(-0.120638 -0.0329683 0)
(-0.126846 0.160877 0)
(0.0464236 0.19515 0)
(0.102195 0.0687865 0)
(0.06056 0.0217021 0)
(0.0394843 0.00918879 0)
(0.0253031 0.00508489 0)
(0.0169697 0.00310437 0)
(0.0115722 0.00200313 0)
(0.00802586 0.0013161 0)
(0.00568836 0.000859094 0)
(0.00418274 0.000539151 0)
(0.00327954 0.000300883 0)
(0.00284446 0.000106096 0)
(0.00281189 -7.44307e-05 0)
(0.003176 -0.000264124 0)
(0.00398958 -0.000490756 0)
(0.00536688 -0.000787148 0)
(0.00750671 -0.00119608 0)
(0.0107087 -0.00177929 0)
(0.015461 -0.00262555 0)
(0.0223966 -0.00389018 0)
(0.03287 -0.00579343 0)
(0.0476004 -0.00895481 0)
(0.0719005 -0.0142104 0)
(0.108423 -0.0253277 0)
(0.161708 -0.0502912 0)
(0.260501 -0.136779 0)
(0.27 -0.369539 0)
(0.020555 0.0134337 0)
(-0.117591 -0.0288692 0)
(-0.122066 0.157361 0)
(0.0445388 0.189952 0)
(0.098632 0.0686186 0)
(0.0593143 0.0230409 0)
(0.0391231 0.00996152 0)
(0.0251691 0.00554272 0)
(0.0169016 0.00339094 0)
(0.0115326 0.00218959 0)
(0.00800051 0.00143906 0)
(0.00567114 0.000939477 0)
(0.00417037 0.000589541 0)
(0.00326994 0.000328847 0)
(0.00283614 0.000115783 0)
(0.00280368 -8.15105e-05 0)
(0.00316677 -0.000289002 0)
(0.00397798 -0.000536962 0)
(0.00535124 -0.000861246 0)
(0.00748471 -0.00130864 0)
(0.010677 -0.00194666 0)
(0.0154143 -0.00287224 0)
(0.022326 -0.00425633 0)
(0.032758 -0.00633237 0)
(0.0474137 -0.00977306 0)
(0.0715441 -0.015443 0)
(0.107617 -0.0273467 0)
(0.159199 -0.0535181 0)
(0.253519 -0.138485 0)
(0.262882 -0.364536 0)
(0.0177091 0.0132954 0)
(-0.114589 -0.0253717 0)
(-0.117483 0.15393 0)
(0.0427219 0.184943 0)
(0.0952013 0.0684415 0)
(0.0580878 0.0242985 0)
(0.0387441 0.0107151 0)
(0.025025 0.00599477 0)
(0.0168278 0.00367553 0)
(0.0114896 0.00237516 0)
(0.00797292 0.00156155 0)
(0.00565239 0.00101958 0)
(0.00415688 0.000639765 0)
(0.00325948 0.000356723 0)
(0.00282708 0.000125441 0)
(0.00279474 -8.85702e-05 0)
(0.00315671 -0.000313805 0)
(0.00396535 -0.000583026 0)
(0.0053342 -0.000935115 0)
(0.00746074 -0.00142086 0)
(0.0106424 -0.00211349 0)
(0.0153633 -0.00311808 0)
(0.0222503 -0.00461547 0)
(0.0326365 -0.00686883 0)
(0.0472124 -0.0105856 0)
(0.0711627 -0.0166631 0)
(0.106771 -0.0293186 0)
(0.156712 -0.0566182 0)
(0.24681 -0.139915 0)
(0.256791 -0.359056 0)
(0.0150112 0.013899 0)
(-0.11167 -0.0219481 0)
(-0.113077 0.150606 0)
(0.04097 0.180117 0)
(0.0918977 0.0682556 0)
(0.0568805 0.0254796 0)
(0.0383488 0.0114493 0)
(0.0248711 0.00644082 0)
(0.0167483 0.00395801 0)
(0.0114431 0.00255976 0)
(0.0079431 0.00168352 0)
(0.00563211 0.00109938 0)
(0.0041423 0.000689809 0)
(0.00324816 0.000384503 0)
(0.00281729 0.000135067 0)
(0.00278508 -9.56082e-05 0)
(0.00314583 -0.000338526 0)
(0.00395167 -0.000628936 0)
(0.00531576 -0.00100874 0)
(0.00743481 -0.00153269 0)
(0.0106051 -0.00227972 0)
(0.0153082 -0.00336301 0)
(0.0221682 -0.00497744 0)
(0.0325055 -0.00740261 0)
(0.0469968 -0.0113922 0)
(0.0707571 -0.0178702 0)
(0.105888 -0.0312445 0)
(0.154245 -0.0595948 0)
(0.240273 -0.141326 0)
(0.250524 -0.353958 0)
(0.0124696 0.0144048 0)
(-0.108836 -0.0187222 0)
(-0.108843 0.147374 0)
(0.0392813 0.175467 0)
(0.0887159 0.0680611 0)
(0.0556921 0.0265888 0)
(0.0379386 0.0121641 0)
(0.0247079 0.00688065 0)
(0.0166634 0.00423826 0)
(0.0113932 0.00274332 0)
(0.00791107 0.00180493 0)
(0.00561031 0.00117885 0)
(0.00412661 0.000739659 0)
(0.00323598 0.000412178 0)
(0.00280675 0.000144657 0)
(0.00277469 -0.000102622 0)
(0.00313412 -0.000363159 0)
(0.00393697 -0.000674681 0)
(0.00529593 -0.00108209 0)
(0.00740692 -0.0016441 0)
(0.0105649 -0.00244533 0)
(0.0152491 -0.00360695 0)
(0.0220795 -0.00533745 0)
(0.0323652 -0.00793353 0)
(0.0467669 -0.0121925 0)
(0.0703281 -0.0190639 0)
(0.10497 -0.0331253 0)
(0.1518 -0.062453 0)
(0.233923 -0.142662 0)
(0.2445 -0.348926 0)
(0.0100686 0.0148723 0)
(-0.106071 -0.0156119 0)
(-0.104776 0.144231 0)
(0.0376541 0.170985 0)
(0.085651 0.0678584 0)
(0.0545225 0.02763 0)
(0.0375149 0.0128594 0)
(0.0245356 0.0073141 0)
(0.0165731 0.00451616 0)
(0.0113401 0.00292579 0)
(0.00787685 0.00192574 0)
(0.005587 0.00125797 0)
(0.00410983 0.000789302 0)
(0.00322296 0.000439742 0)
(0.00279549 0.000154211 0)
(0.00276357 -0.000109611 0)
(0.0031216 -0.000387698 0)
(0.00392123 -0.000720248 0)
(0.00527471 -0.00115515 0)
(0.00737708 -0.00175507 0)
(0.010522 -0.00261025 0)
(0.0151858 -0.00384983 0)
(0.0219842 -0.00569402 0)
(0.0322155 -0.00846151 0)
(0.0465231 -0.0129862 0)
(0.0698766 -0.0202438 0)
(0.104019 -0.0349619 0)
(0.149375 -0.0651973 0)
(0.22775 -0.143938 0)
(0.238583 -0.344058 0)
(0.00781048 0.0153064 0)
(-0.103385 -0.0126681 0)
(-0.10087 0.14118 0)
(0.0360864 0.166666 0)
(0.0826984 0.0676477 0)
(0.0533713 0.0286074 0)
(0.0370789 0.0135355 0)
(0.0243547 0.00774099 0)
(0.0164776 0.00479158 0)
(0.0112836 0.00310708 0)
(0.00784045 0.00204591 0)
(0.00556218 0.00133671 0)
(0.00409196 0.000838723 0)
(0.00320909 0.000467188 0)
(0.00278349 0.000163724 0)
(0.00275174 -0.000116572 0)
(0.00310826 -0.000412136 0)
(0.00390447 -0.000765626 0)
(0.0052521 -0.00122791 0)
(0.0073453 -0.00186557 0)
(0.0104762 -0.00277444 0)
(0.0151185 -0.00409159 0)
(0.0218836 -0.00604889 0)
(0.0320566 -0.00898624 0)
(0.0462657 -0.013773 0)
(0.0694033 -0.0214095 0)
(0.103037 -0.0367551 0)
(0.146971 -0.0678319 0)
(0.221749 -0.145153 0)
(0.232808 -0.339319 0)
(0.00568007 0.0157008 0)
(-0.100759 -0.00983423 0)
(-0.0971239 0.138208 0)
(0.0345767 0.162503 0)
(0.0798535 0.0674293 0)
(0.0522386 0.0295245 0)
(0.0366318 0.0141924 0)
(0.0241654 0.00816121 0)
(0.0163769 0.00506442 0)
(0.0112238 0.00328715 0)
(0.00780188 0.00216541 0)
(0.00553587 0.00141506 0)
(0.00407301 0.000887909 0)
(0.00319438 0.000494506 0)
(0.00277077 0.000173194 0)
(0.00273918 -0.000123504 0)
(0.00309411 -0.000436466 0)
(0.00388668 -0.000810801 0)
(0.00522813 -0.00130034 0)
(0.00731159 -0.00197557 0)
(0.0104277 -0.00293787 0)
(0.0150471 -0.00433215 0)
(0.0217768 -0.00640347 0)
(0.0318887 -0.00950766 0)
(0.0459947 -0.0145527 0)
(0.0689089 -0.0225606 0)
(0.102025 -0.038506 0)
(0.144587 -0.070361 0)
(0.215912 -0.146312 0)
(0.227162 -0.334713 0)
(0.00368029 0.0160705 0)
(-0.0982115 -0.00715874 0)
(-0.09352 0.135326 0)
(0.0331223 0.15849 0)
(0.077112 0.0672035 0)
(0.0511239 0.0303849 0)
(0.0361747 0.0148303 0)
(0.0239682 0.00857462 0)
(0.0162712 0.00533458 0)
(0.0111608 0.00346593 0)
(0.00776117 0.00228421 0)
(0.00550808 0.00149299 0)
(0.00405298 0.000936847 0)
(0.00317883 0.000521692 0)
(0.00275732 0.000182619 0)
(0.00272591 -0.000130405 0)
(0.00307915 -0.000460683 0)
(0.00386788 -0.000855764 0)
(0.00520278 -0.00137243 0)
(0.00727596 -0.00208503 0)
(0.0103764 -0.00310048 0)
(0.0149717 -0.00457145 0)
(0.0216643 -0.0067557 0)
(0.0317118 -0.0100255 0)
(0.0457106 -0.0153251 0)
(0.0683942 -0.0236969 0)
(0.100987 -0.0402152 0)
(0.142223 -0.0727888 0)
(0.210235 -0.147415 0)
(0.221643 -0.330234 0)
(0.00180805 0.0164157 0)
(-0.0957319 -0.00461451 0)
(-0.0900563 0.132524 0)
(0.0317219 0.154622 0)
(0.0744699 0.0669706 0)
(0.0500271 0.0311919 0)
(0.0357087 0.0154496 0)
(0.0237634 0.00898115 0)
(0.0161606 0.00560196 0)
(0.0110946 0.00364337 0)
(0.00771833 0.00240226 0)
(0.00547882 0.00157048 0)
(0.00403187 0.000985522 0)
(0.00316244 0.000548735 0)
(0.00274315 0.000191995 0)
(0.00271194 -0.000137272 0)
(0.00306339 -0.000484779 0)
(0.00384807 -0.0009005 0)
(0.00517607 -0.00144415 0)
(0.00723841 -0.00219393 0)
(0.0103224 -0.00326223 0)
(0.0148924 -0.00480943 0)
(0.0215458 -0.00710583 0)
(0.0315261 -0.0105398 0)
(0.0454134 -0.01609 0)
(0.0678599 -0.0248182 0)
(0.0999227 -0.0418838 0)
(0.139879 -0.075119 0)
(0.204711 -0.148464 0)
(0.216248 -0.32588 0)
(4.11913e-05 0.0167216 0)
(-0.0933105 -0.00217399 0)
(-0.0867285 0.129801 0)
(0.0303738 0.150893 0)
(0.0719231 0.0667309 0)
(0.048948 0.0319485 0)
(0.0352346 0.0160506 0)
(0.0235513 0.00938072 0)
(0.0160452 0.00586647 0)
(0.0110253 0.00381939 0)
(0.00767339 0.00251953 0)
(0.00544809 0.00164751 0)
(0.00400971 0.00103392 0)
(0.00314522 0.000575631 0)
(0.00272827 0.000201321 0)
(0.00269725 -0.000144105 0)
(0.00304683 -0.000508749 0)
(0.00382726 -0.000945 0)
(0.005148 -0.00151548 0)
(0.00719897 -0.00230224 0)
(0.0102657 -0.00342307 0)
(0.014809 -0.00504601 0)
(0.0214215 -0.00745367 0)
(0.0313317 -0.0110501 0)
(0.0451036 -0.0168471 0)
(0.0673066 -0.025924 0)
(0.0988345 -0.0435124 0)
(0.137554 -0.0773554 0)
(0.199336 -0.149463 0)
(0.210975 -0.321646 0)
(-0.00161038 0.0170037 0)
(-0.0909559 0.000125042 0)
(-0.0835299 0.127156 0)
(0.0290762 0.147298 0)
(0.0694679 0.0664847 0)
(0.0478864 0.0326577 0)
(0.0347534 0.0166334 0)
(0.0233323 0.00977325 0)
(0.0159251 0.00612802 0)
(0.0109529 0.00399396 0)
(0.00762636 0.00263599 0)
(0.0054159 0.00172405 0)
(0.00398648 0.00108203 0)
(0.00312718 0.000602371 0)
(0.00271268 0.000210594 0)
(0.00268186 -0.000150901 0)
(0.00302947 -0.000532585 0)
(0.00380544 -0.000989251 0)
(0.00511859 -0.00158642 0)
(0.00715763 -0.00240993 0)
(0.0102062 -0.00358298 0)
(0.0147217 -0.00528114 0)
(0.0212915 -0.00779914 0)
(0.0311286 -0.0115565 0)
(0.0447813 -0.0175962 0)
(0.0667351 -0.0270143 0)
(0.0977239 -0.0451018 0)
(0.135249 -0.0795015 0)
(0.194105 -0.150412 0)
(0.20582 -0.317528 0)
(-0.00315965 0.0172669 0)
(-0.0886522 0.00232787 0)
(-0.0804604 0.124582 0)
(0.0278278 0.143831 0)
(0.0671006 0.0662324 0)
(0.046842 0.033322 0)
(0.0342659 0.0171985 0)
(0.0231066 0.0101587 0)
(0.0158005 0.00638654 0)
(0.0108774 0.00416701 0)
(0.00757726 0.0027516 0)
(0.00538228 0.00180008 0)
(0.00396221 0.00112984 0)
(0.00310832 0.000628948 0)
(0.00269637 0.000219811 0)
(0.00266578 -0.000157659 0)
(0.00301133 -0.000556283 0)
(0.00378263 -0.00103324 0)
(0.00508784 -0.00165693 0)
(0.00711442 -0.00251698 0)
(0.0101441 -0.00374189 0)
(0.0146305 -0.00551475 0)
(0.0211557 -0.00814213 0)
(0.0309171 -0.0120588 0)
(0.0444467 -0.0183371 0)
(0.066146 -0.0280888 0)
(0.0965921 -0.046653 0)
(0.132963 -0.0815609 0)
(0.189012 -0.151313 0)
(0.200781 -0.313524 0)
(-0.00460433 0.0175053 0)
(-0.0864152 0.0044159 0)
(-0.077506 0.122086 0)
(0.0266263 0.140488 0)
(0.0648177 0.0659743 0)
(0.0458146 0.0339442 0)
(0.0337729 0.0177461 0)
(0.0228745 0.0105371 0)
(0.0156714 0.00664196 0)
(0.010799 0.0043385 0)
(0.00752612 0.00286633 0)
(0.00534723 0.00187559 0)
(0.00393689 0.00117734 0)
(0.00308864 0.000655355 0)
(0.00267937 0.000228969 0)
(0.00264899 -0.000164377 0)
(0.00299239 -0.000579836 0)
(0.00375883 -0.00107696 0)
(0.00505576 -0.00172701 0)
(0.00706934 -0.00262334 0)
(0.0100793 -0.00389977 0)
(0.0145354 -0.00574677 0)
(0.0210143 -0.00848256 0)
(0.0306972 -0.0125568 0)
(0.0441002 -0.0190698 0)
(0.0655399 -0.0291473 0)
(0.0954408 -0.0481666 0)
(0.130695 -0.0835368 0)
(0.184053 -0.152169 0)
(0.195855 -0.309629 0)
(-0.00595709 0.0177198 0)
(-0.0842303 0.00641211 0)
(-0.0746654 0.119659 0)
(0.0254706 0.137265 0)
(0.0626159 0.0657109 0)
(0.044804 0.0345265 0)
(0.0332751 0.0182767 0)
(0.0226364 0.0109083 0)
(0.015538 0.00689419 0)
(0.0107175 0.00450837 0)
(0.00747296 0.00298014 0)
(0.00531075 0.00195056 0)
(0.00391053 0.00122451 0)
(0.00306816 0.000681585 0)
(0.00266166 0.000238067 0)
(0.00263152 -0.000171053 0)
(0.00297268 -0.000603236 0)
(0.00373405 -0.0011204 0)
(0.00502236 -0.00179662 0)
(0.00702241 -0.002729 0)
(0.0100118 -0.00405657 0)
(0.0144364 -0.00597715 0)
(0.0208672 -0.00882032 0)
(0.030469 -0.0130504 0)
(0.0437419 -0.0197939 0)
(0.0649174 -0.0301898 0)
(0.0942713 -0.0496433 0)
(0.128446 -0.0854324 0)
(0.179223 -0.152981 0)
(0.191038 -0.305842 0)
(-0.00721443 0.0179181 0)
(-0.0821036 0.0083025 0)
(-0.0719344 0.117301 0)
(0.0243591 0.134156 0)
(0.060492 0.0654426 0)
(0.0438099 0.0350713 0)
(0.0327731 0.0187905 0)
(0.0223926 0.0112724 0)
(0.0154004 0.00714319 0)
(0.0106332 0.00467658 0)
(0.0074178 0.00309301 0)
(0.00527288 0.00202495 0)
(0.00388315 0.00127134 0)
(0.00304687 0.00070763 0)
(0.00264326 0.000247101 0)
(0.00261336 -0.000177685 0)
(0.00295219 -0.00062648 0)
(0.0037083 -0.00116354 0)
(0.00498764 -0.00186576 0)
(0.00697364 -0.00283393 0)
(0.00994171 -0.00421226 0)
(0.0143336 -0.00620581 0)
(0.0207147 -0.00915533 0)
(0.0302327 -0.0135394 0)
(0.0433722 -0.0205094 0)
(0.064279 -0.0312161 0)
(0.0930849 -0.0510839 0)
(0.126216 -0.0872509 0)
(0.174519 -0.153751 0)
(0.186329 -0.302158 0)
(-0.0083857 0.0180951 0)
(-0.0800259 0.0101049 0)
(-0.0693081 0.115012 0)
(0.0232904 0.131159 0)
(0.058443 0.0651697 0)
(0.0428322 0.0355806 0)
(0.0322676 0.0192879 0)
(0.0221433 0.0116294 0)
(0.0152587 0.0073889 0)
(0.010546 0.00484308 0)
(0.00736067 0.0032049 0)
(0.00523361 0.00209876 0)
(0.00385475 0.00131781 0)
(0.00302479 0.000733485 0)
(0.00262417 0.00025607 0)
(0.00259452 -0.000184271 0)
(0.00293093 -0.000649559 0)
(0.00368157 -0.00120637 0)
(0.00495162 -0.00193441 0)
(0.00692304 -0.0029381 0)
(0.00986901 -0.00436679 0)
(0.0142271 -0.0064327 0)
(0.0205566 -0.00948749 0)
(0.0299885 -0.0140238 0)
(0.0429912 -0.0212161 0)
(0.0636255 -0.032226 0)
(0.0918827 -0.0524891 0)
(0.124004 -0.0889951 0)
(0.169935 -0.15448 0)
(0.181724 -0.298575 0)
(-0.00947085 0.0182563 0)
(-0.0779984 0.0118165 0)
(-0.0667861 0.112785 0)
(0.0222631 0.128267 0)
(0.0564658 0.0648927 0)
(0.0418705 0.0360564 0)
(0.0317591 0.0197693 0)
(0.0218888 0.0119792 0)
(0.015113 0.00763125 0)
(0.010456 0.00500783 0)
(0.00730159 0.00331579 0)
(0.00519296 0.00217196 0)
(0.00382533 0.00136393 0)
(0.00300191 0.000759142 0)
(0.0026044 0.000264971 0)
(0.00257501 -0.000190811 0)
(0.0029089 -0.000672469 0)
(0.00365389 -0.00124889 0)
(0.00491431 -0.00200254 0)
(0.00687063 -0.00304149 0)
(0.00979372 -0.00452012 0)
(0.0141168 -0.00665776 0)
(0.0203931 -0.00981673 0)
(0.0297363 -0.0145033 0)
(0.0425993 -0.0219138 0)
(0.0629574 -0.0332196 0)
(0.0906659 -0.0538597 0)
(0.12181 -0.090668 0)
(0.165468 -0.15517 0)
(0.17722 -0.295091 0)
(-0.0104765 0.0184013 0)
(-0.0760244 0.0134385 0)
(-0.0643575 0.110624 0)
(0.0212755 0.125478 0)
(0.0545576 0.0646119 0)
(0.0409246 0.0365007 0)
(0.0312483 0.0202351 0)
(0.0216293 0.0123219 0)
(0.0149635 0.00787021 0)
(0.0103633 0.00517079 0)
(0.00724058 0.00342564 0)
(0.00515095 0.00224453 0)
(0.00379492 0.00140966 0)
(0.00297825 0.000784594 0)
(0.00258394 0.000273801 0)
(0.00255482 -0.000197301 0)
(0.00288612 -0.000695202 0)
(0.00362525 -0.00129107 0)
(0.00487571 -0.00207014 0)
(0.00681643 -0.00314405 0)
(0.00971587 -0.00467222 0)
(0.0140028 -0.00688092 0)
(0.0202243 -0.0101429 0)
(0.0294764 -0.0149779 0)
(0.0421966 -0.0226025 0)
(0.0622751 -0.0341966 0)
(0.0894356 -0.0551962 0)
(0.119634 -0.0922723 0)
(0.161114 -0.155823 0)
(0.172815 -0.291701 0)
(-0.0114084 0.0185247 0)
(-0.0740942 0.0149846 0)
(-0.0620212 0.108525 0)
(0.0203264 0.122788 0)
(0.0527158 0.0643279 0)
(0.0399942 0.0369151 0)
(0.0307355 0.0206855 0)
(0.0213652 0.0126576 0)
(0.0148102 0.00810572 0)
(0.0102678 0.00533191 0)
(0.00717767 0.00353442 0)
(0.00510759 0.00231645 0)
(0.00376351 0.001455 0)
(0.00295381 0.000809835 0)
(0.00256282 0.000282558 0)
(0.00253397 -0.00020374 0)
(0.00286258 -0.000717754 0)
(0.00359566 -0.00133292 0)
(0.00483584 -0.0021372 0)
(0.00676044 -0.00324578 0)
(0.00963547 -0.00482303 0)
(0.0138851 -0.00710213 0)
(0.0200502 -0.0104661 0)
(0.0292089 -0.0154475 0)
(0.0417835 -0.0232821 0)
(0.0615793 -0.0351571 0)
(0.0881929 -0.0564994 0)
(0.117475 -0.0938105 0)
(0.15687 -0.156441 0)
(0.168507 -0.288405 0)
(-0.0122634 0.0186407 0)
(-0.0722129 0.0164459 0)
(-0.0597732 0.106487 0)
(0.0194146 0.120193 0)
(0.0509377 0.0640409 0)
(0.0390792 0.0373015 0)
(0.0302213 0.021121 0)
(0.0210967 0.0129862 0)
(0.0146533 0.00833776 0)
(0.0101697 0.00549115 0)
(0.00711288 0.00364211 0)
(0.00506289 0.00238771 0)
(0.00373112 0.00149995 0)
(0.0029286 0.000834858 0)
(0.00254102 0.00029124 0)
(0.00251245 -0.000210128 0)
(0.0028383 -0.000740119 0)
(0.00356514 -0.00137442 0)
(0.0047947 -0.00220369 0)
(0.00670269 -0.00334663 0)
(0.00955256 -0.00497253 0)
(0.0137638 -0.00732133 0)
(0.0198708 -0.010786 0)
(0.0289339 -0.0159119 0)
(0.0413601 -0.0239523 0)
(0.0608704 -0.0361011 0)
(0.0869387 -0.05777 0)
(0.115334 -0.0952854 0)
(0.15273 -0.157024 0)
(0.164292 -0.285198 0)
(-0.0130523 0.0187375 0)
(-0.0703707 0.0178392 0)
(-0.057613 0.104505 0)
(0.0185389 0.117689 0)
(0.0492209 0.0637513 0)
(0.0381793 0.0376614 0)
(0.0297061 0.0215419 0)
(0.020824 0.0133078 0)
(0.0144928 0.00856627 0)
(0.010069 0.00564848 0)
(0.00704624 0.00374868 0)
(0.00501687 0.00245829 0)
(0.00369775 0.00154448 0)
(0.00290263 0.000859657 0)
(0.00251857 0.000299845 0)
(0.00249029 -0.000216461 0)
(0.00281327 -0.000762289 0)
(0.00353369 -0.00141556 0)
(0.00475232 -0.00226959 0)
(0.00664319 -0.0034466 0)
(0.00946715 -0.00512067 0)
(0.013639 -0.00753846 0)
(0.0196863 -0.0111027 0)
(0.0286515 -0.0163711 0)
(0.0409267 -0.0246132 0)
(0.060149 -0.0370284 0)
(0.085674 -0.0590084 0)
(0.11321 -0.0966992 0)
(0.148693 -0.157574 0)
(0.160168 -0.28208 0)
(-0.0137725 0.0188253 0)
(-0.0685761 0.0191558 0)
(-0.0555319 0.102583 0)
(0.0176977 0.115274 0)
(0.0475629 0.0634596 0)
(0.0372943 0.0379963 0)
(0.0291902 0.0219486 0)
(0.0205473 0.0136225 0)
(0.0143289 0.00879123 0)
(0.00996568 0.00580387 0)
(0.00697778 0.0038541 0)
(0.00496955 0.00252816 0)
(0.00366342 0.00158859 0)
(0.00287589 0.000884224 0)
(0.00249545 0.000308369 0)
(0.00246747 -0.000222738 0)
(0.00278752 -0.000784261 0)
(0.00350131 -0.00145632 0)
(0.00470869 -0.0023349 0)
(0.00658196 -0.00354564 0)
(0.00937927 -0.00526741 0)
(0.0135105 -0.00775347 0)
(0.0194967 -0.011416 0)
(0.028362 -0.0168249 0)
(0.0404835 -0.0252646 0)
(0.0594154 -0.0379392 0)
(0.0843997 -0.0602155 0)
(0.111103 -0.0980544 0)
(0.144755 -0.158093 0)
(0.156134 -0.279046 0)
(-0.0144293 0.018901 0)
(-0.0668239 0.0204043 0)
(-0.0535286 0.100716 0)
(0.01689 0.112944 0)
(0.0459614 0.0631661 0)
(0.0364238 0.0383076 0)
(0.0286741 0.0223415 0)
(0.0202668 0.0139303 0)
(0.0141617 0.00901262 0)
(0.00985989 0.00595727 0)
(0.00690753 0.00395835 0)
(0.00492093 0.00259732 0)
(0.00362813 0.00163226 0)
(0.00284841 0.000908554 0)
(0.00247169 0.000316812 0)
(0.00244401 -0.000228958 0)
(0.00276103 -0.000806027 0)
(0.00346802 -0.00149671 0)
(0.00466384 -0.00239958 0)
(0.00651901 -0.00364373 0)
(0.00928896 -0.00541272 0)
(0.0133786 -0.00796631 0)
(0.0193021 -0.0117259 0)
(0.0280653 -0.0172732 0)
(0.0400308 -0.0259065 0)
(0.0586702 -0.0388333 0)
(0.0831167 -0.0613917 0)
(0.109013 -0.0993533 0)
(0.140912 -0.158582 0)
(0.152187 -0.276096 0)
(-0.0150278 0.0189635 0)
(-0.0651091 0.0215902 0)
(-0.0515999 0.0989039 0)
(0.0161147 0.110696 0)
(0.0444142 0.0628712 0)
(0.0355676 0.0385967 0)
(0.0281581 0.0227208 0)
(0.0199829 0.0142312 0)
(0.0139913 0.00923039 0)
(0.00975164 0.00610866 0)
(0.0068355 0.0040614 0)
(0.00487104 0.00266573 0)
(0.0035919 0.00167548 0)
(0.00282019 0.00093264 0)
(0.00244728 0.00032517 0)
(0.00241991 -0.000235119 0)
(0.00273383 -0.000827583 0)
(0.00343383 -0.00153669 0)
(0.00461777 -0.00246364 0)
(0.00645436 -0.00374086 0)
(0.00919622 -0.00555655 0)
(0.0132432 -0.0081769 0)
(0.0191025 -0.0120324 0)
(0.0277616 -0.017716 0)
(0.0395688 -0.0265387 0)
(0.0579138 -0.0397108 0)
(0.0818258 -0.0625377 0)
(0.106939 -0.100598 0)
(0.137161 -0.159042 0)
(0.148324 -0.273226 0)
(-0.0155655 0.0190186 0)
(-0.0634335 0.0227116 0)
(-0.0497452 0.0971428 0)
(0.0153708 0.108526 0)
(0.0429193 0.0625752 0)
(0.0347256 0.0388649 0)
(0.0276425 0.023087 0)
(0.0196956 0.0145253 0)
(0.0138178 0.00944455 0)
(0.009641 0.00625801 0)
(0.00676173 0.00416322 0)
(0.0048199 0.00273339 0)
(0.00355474 0.00171825 0)
(0.00279123 0.000956476 0)
(0.00242224 0.000333442 0)
(0.00239519 -0.00024122 0)
(0.00270591 -0.000848922 0)
(0.00339874 -0.00157628 0)
(0.0045705 -0.00252704 0)
(0.00638803 -0.00383698 0)
(0.0091011 -0.00569888 0)
(0.0131044 -0.00838522 0)
(0.0188981 -0.0123352 0)
(0.0274511 -0.0181531 0)
(0.0390978 -0.0271612 0)
(0.0571467 -0.0405718 0)
(0.0805276 -0.0636541 0)
(0.104882 -0.10179 0)
(0.133499 -0.159474 0)
(0.144543 -0.270435 0)
(-0.0160512 0.0190613 0)
(-0.0617951 0.0237749 0)
(-0.0479573 0.0954347 0)
(0.0146568 0.106434 0)
(0.0414745 0.0622786 0)
(0.0338974 0.0391133 0)
(0.0271276 0.0234404 0)
(0.0194052 0.0148127 0)
(0.0136412 0.00965505 0)
(0.009528 0.00640528 0)
(0.00668624 0.00426379 0)
(0.0047675 0.00280028 0)
(0.00351665 0.00176055 0)
(0.00276155 0.000980055 0)
(0.00239656 0.000341625 0)
(0.00236984 -0.000247257 0)
(0.00267729 -0.000870039 0)
(0.00336276 -0.00161545 0)
(0.00452204 -0.00258978 0)
(0.00632004 -0.00393208 0)
(0.00900361 -0.00583967 0)
(0.0129622 -0.00859119 0)
(0.0186888 -0.0126345 0)
(0.0271339 -0.0185844 0)
(0.0386179 -0.0277739 0)
(0.0563692 -0.0414163 0)
(0.079223 -0.0647415 0)
(0.102841 -0.102933 0)
(0.129924 -0.159881 0)
(0.140842 -0.267721 0)
(-0.0164825 0.0190975 0)
(-0.060195 0.0247795 0)
(-0.0462349 0.0937768 0)
(0.0139719 0.104414 0)
(0.0400779 0.0619815 0)
(0.0330827 0.0393431 0)
(0.0266137 0.0237813 0)
(0.0191119 0.0150935 0)
(0.0134618 0.0098619 0)
(0.00941269 0.00655045 0)
(0.00660906 0.0043631 0)
(0.00471389 0.00286638 0)
(0.00347766 0.00180236 0)
(0.00273115 0.00100337 0)
(0.00237027 0.000349717 0)
(0.00234387 -0.000253231 0)
(0.00264797 -0.000890928 0)
(0.00332591 -0.0016542 0)
(0.0044724 -0.00265183 0)
(0.0062504 -0.00402614 0)
(0.0089038 -0.00597887 0)
(0.0128166 -0.00879478 0)
(0.0184748 -0.01293 0)
(0.0268101 -0.0190099 0)
(0.0381294 -0.0283768 0)
(0.0555818 -0.0422442 0)
(0.0779126 -0.0658004 0)
(0.100816 -0.104027 0)
(0.126432 -0.160262 0)
(0.137221 -0.265081 0)
(-0.0168638 0.019125 0)
(-0.0586287 0.0257309 0)
(-0.0445775 0.0921664 0)
(0.0133151 0.102466 0)
(0.0387276 0.0616844 0)
(0.0322814 0.0395555 0)
(0.0261009 0.02411 0)
(0.0188158 0.0153676 0)
(0.0132795 0.0100651 0)
(0.00929514 0.00669349 0)
(0.00653023 0.00446111 0)
(0.00465906 0.00293168 0)
(0.00343776 0.00184369 0)
(0.00270003 0.00102642 0)
(0.00234335 0.000357717 0)
(0.00231729 -0.00025914 0)
(0.00261796 -0.000911585 0)
(0.0032882 -0.00169251 0)
(0.00442159 -0.00271318 0)
(0.00617915 -0.00411912 0)
(0.00880167 -0.00611646 0)
(0.0126678 -0.00899592 0)
(0.0182562 -0.0132217 0)
(0.0264799 -0.0194295 0)
(0.0376325 -0.0289698 0)
(0.0547848 -0.0430557 0)
(0.0765969 -0.0668313 0)
(0.0988067 -0.105075 0)
(0.12302 -0.160619 0)
(0.133674 -0.262516 0)
(-0.0171993 0.019145 0)
(-0.0570961 0.0266308 0)
(-0.0429788 0.0906053 0)
(0.0126853 0.100586 0)
(0.0374218 0.0613876 0)
(0.0314932 0.0397513 0)
(0.0255896 0.024427 0)
(0.0185172 0.0156353 0)
(0.0130944 0.0102646 0)
(0.00917538 0.00683438 0)
(0.00644976 0.0045578 0)
(0.00460305 0.00299615 0)
(0.00339697 0.00188452 0)
(0.00266822 0.0010492 0)
(0.00231583 0.000365621 0)
(0.00229011 -0.000264981 0)
(0.00258726 -0.000932003 0)
(0.00324962 -0.00173038 0)
(0.00436963 -0.00277382 0)
(0.00610628 -0.00421102 0)
(0.00869727 -0.00625239 0)
(0.0125157 -0.00919458 0)
(0.018033 -0.0135097 0)
(0.0261433 -0.019843 0)
(0.0371275 -0.0295529 0)
(0.0539786 -0.0438508 0)
(0.0752767 -0.0678349 0)
(0.0968124 -0.106079 0)
(0.119684 -0.160953 0)
(0.130193 -0.260021 0)
(-0.0174875 0.0191565 0)
(-0.0555962 0.0274812 0)
(-0.0414396 0.089089 0)
(0.0120816 0.0987718 0)
(0.0361589 0.0610914 0)
(0.0307178 0.0399317 0)
(0.0250799 0.0247326 0)
(0.0182161 0.0158965 0)
(0.0129068 0.0104603 0)
(0.00905347 0.00697309 0)
(0.00636769 0.00465316 0)
(0.00454585 0.00305979 0)
(0.00335531 0.00192483 0)
(0.00263571 0.00107169 0)
(0.0022877 0.000373429 0)
(0.00226234 -0.000270754 0)
(0.0025559 -0.000952178 0)
(0.0032102 -0.0017678 0)
(0.00431654 -0.00283372 0)
(0.00603184 -0.00430179 0)
(0.00859063 -0.00638664 0)
(0.0123605 -0.00939069 0)
(0.0178052 -0.0137937 0)
(0.0258006 -0.0202505 0)
(0.0366145 -0.0301259 0)
(0.0531637 -0.0446297 0)
(0.0739527 -0.0688117 0)
(0.0948346 -0.10704 0)
(0.116428 -0.161265 0)
(0.126783 -0.257588 0)
(-0.0177334 0.01916 0)
(-0.0541297 0.0282834 0)
(-0.0399543 0.0876194 0)
(0.011503 0.0970215 0)
(0.034937 0.060796 0)
(0.0299549 0.0400975 0)
(0.0245719 0.025027 0)
(0.0179128 0.0161513 0)
(0.0127166 0.0106524 0)
(0.00892946 0.0071096 0)
(0.00628404 0.00474716 0)
(0.00448751 0.00312258 0)
(0.00331278 0.00196462 0)
(0.00260252 0.0010939 0)
(0.00225898 0.000381138 0)
(0.00223397 -0.000276457 0)
(0.00252386 -0.000972103 0)
(0.00316994 -0.00180475 0)
(0.00426233 -0.00289288 0)
(0.00595583 -0.00439142 0)
(0.00848177 -0.00651917 0)
(0.0122021 -0.00958423 0)
(0.017573 -0.0140737 0)
(0.0254518 -0.0206518 0)
(0.0360938 -0.030689 0)
(0.0523406 -0.0453923 0)
(0.0726264 -0.0697622 0)
(0.0928758 -0.10796 0)
(0.11326 -0.161557 0)
(0.123465 -0.255217 0)
(-0.0179372 0.0191656 0)
(-0.0526925 0.0290422 0)
(-0.0385236 0.0861925 0)
(0.0109487 0.0953327 0)
(0.0337547 0.0605019 0)
(0.0292044 0.0402497 0)
(0.024066 0.0253105 0)
(0.0176075 0.0163999 0)
(0.0125239 0.0108408 0)
(0.0088034 0.00724389 0)
(0.00619884 0.00483979 0)
(0.00442802 0.0031845 0)
(0.0032694 0.00200389 0)
(0.00256866 0.00111582 0)
(0.00222967 0.000388745 0)
(0.00220503 -0.000282088 0)
(0.00249117 -0.000991775 0)
(0.00312886 -0.00184123 0)
(0.004207 -0.00295128 0)
(0.00587827 -0.00447988 0)
(0.00837073 -0.00664995 0)
(0.0120406 -0.00977512 0)
(0.0173365 -0.0143498 0)
(0.0250971 -0.0210469 0)
(0.0355657 -0.0312419 0)
(0.05151 -0.0461386 0)
(0.0712984 -0.0706865 0)
(0.0909342 -0.108841 0)
(0.110173 -0.161827 0)
(0.120226 -0.252923 0)
(-0.0181015 0.019161 0)
(-0.0512864 0.0297568 0)
(-0.0371425 0.0848098 0)
(0.0104177 0.0937032 0)
(0.0326103 0.0602091 0)
(0.028466 0.040389 0)
(0.0235621 0.0255836 0)
(0.0173001 0.0166423 0)
(0.0123289 0.0110255 0)
(0.00867533 0.00737594 0)
(0.00611213 0.00493102 0)
(0.00436741 0.00324554 0)
(0.00322518 0.00204261 0)
(0.00253413 0.00113744 0)
(0.00219978 0.00039625 0)
(0.0021755 -0.000287646 0)
(0.00245783 -0.00101119 0)
(0.00308696 -0.00187722 0)
(0.00415058 -0.0030089 0)
(0.0057992 -0.00456716 0)
(0.00825753 -0.00677894 0)
(0.011876 -0.00996334 0)
(0.0170956 -0.0146217 0)
(0.0247366 -0.0214357 0)
(0.0350301 -0.0317849 0)
(0.0506714 -0.0468688 0)
(0.0699661 -0.0715858 0)
(0.0889976 -0.109685 0)
(0.107114 -0.162079 0)
(0.116959 -0.250722 0)
(-0.0182292 0.0191509 0)
(-0.0499076 0.0304321 0)
(-0.0358114 0.0834681 0)
(0.00990925 0.0921311 0)
(0.0315025 0.0599181 0)
(0.0277394 0.0405162 0)
(0.0230605 0.0258465 0)
(0.016991 0.0168786 0)
(0.0121315 0.0112065 0)
(0.00854531 0.00750573 0)
(0.00602393 0.00502083 0)
(0.0043057 0.00330569 0)
(0.00318013 0.00208078 0)
(0.00249894 0.00115876 0)
(0.00216932 0.00040365 0)
(0.00214542 -0.000293129 0)
(0.00242385 -0.00103033 0)
(0.00304426 -0.00191272 0)
(0.00409309 -0.00306573 0)
(0.00571862 -0.00465323 0)
(0.0081422 -0.00690612 0)
(0.0117084 -0.0101489 0)
(0.0168506 -0.0148895 0)
(0.0243703 -0.0218181 0)
(0.0344875 -0.0323174 0)
(0.0498234 -0.0475829 0)
(0.0686256 -0.0724591 0)
(0.0870582 -0.110485 0)
(0.103999 -0.162316 0)
(0.113562 -0.248586 0)
(-0.0183204 0.0191366 0)
(-0.0485577 0.031066 0)
(-0.0345258 0.0821671 0)
(0.00942242 0.0906143 0)
(0.0304297 0.0596292 0)
(0.0270243 0.0406321 0)
(0.0225613 0.0260994 0)
(0.0166802 0.0171088 0)
(0.0119319 0.0113838 0)
(0.00841338 0.00763325 0)
(0.00593427 0.00510921 0)
(0.00424291 0.00336492 0)
(0.00313426 0.00211839 0)
(0.00246311 0.00117977 0)
(0.0021383 0.000410943 0)
(0.00211477 -0.000298536 0)
(0.00238924 -0.00104921 0)
(0.00300077 -0.00194772 0)
(0.00403453 -0.00312174 0)
(0.00563656 -0.00473805 0)
(0.00802479 -0.00703141 0)
(0.0115379 -0.0103315 0)
(0.0166013 -0.0151529 0)
(0.0239981 -0.0221932 0)
(0.0339366 -0.032838 0)
(0.0489634 -0.0482762 0)
(0.0672655 -0.0733002 0)
(0.0850562 -0.11125 0)
(0.100763 -0.162535 0)
(0.110127 -0.246455 0)
(-0.0183784 0.0191127 0)
(-0.0472333 0.03167 0)
(-0.0332861 0.0809122 0)
(0.00895658 0.0891529 0)
(0.0293906 0.0593419 0)
(0.0263206 0.040737 0)
(0.0220645 0.0263425 0)
(0.0163679 0.017333 0)
(0.0117302 0.0115573 0)
(0.0082796 0.00775845 0)
(0.00584318 0.00519613 0)
(0.00417905 0.00342324 0)
(0.00308759 0.00215544 0)
(0.00242663 0.00120047 0)
(0.00210672 0.000418128 0)
(0.00208358 -0.000303866 0)
(0.00235401 -0.00106782 0)
(0.00295649 -0.00198223 0)
(0.0039749 -0.00317697 0)
(0.00555299 -0.00482172 0)
(0.00790517 -0.00715506 0)
(0.0113641 -0.0105118 0)
(0.0163471 -0.0154132 0)
(0.0236165 -0.0225647 0)
(0.0333695 -0.0333544 0)
(0.0480681 -0.0489659 0)
(0.0658421 -0.0741369 0)
(0.0829959 -0.111994 0)
(0.0975842 -0.162712 0)
(0.106871 -0.24431 0)
(-0.0184029 0.0191007 0)
(-0.0459355 0.0322209 0)
(-0.0320884 0.0796728 0)
(0.00851048 0.0877355 0)
(0.0283837 0.0590588 0)
(0.0256276 0.0408342 0)
(0.0215699 0.0265773 0)
(0.0160539 0.0175519 0)
(0.0115264 0.0117274 0)
(0.008144 0.00788147 0)
(0.00575068 0.00528165 0)
(0.00411414 0.00348065 0)
(0.00304013 0.00219192 0)
(0.00238954 0.00122086 0)
(0.0020746 0.000425202 0)
(0.00205184 -0.000309123 0)
(0.00231817 -0.00108616 0)
(0.00291146 -0.00201621 0)
(0.00391431 -0.00323133 0)
(0.00546819 -0.00490396 0)
(0.00778405 -0.00727637 0)
(0.0111886 -0.0106884 0)
(0.0160911 -0.0156671 0)
(0.0232332 -0.0229267 0)
(0.0328038 -0.0338546 0)
(0.0471786 -0.0496337 0)
(0.0644508 -0.0749401 0)
(0.0810702 -0.112675 0)
(0.0946838 -0.162866 0)
(0.103832 -0.24225 0)
(-0.0183836 0.0190976 0)
(-0.0421698 0.0335583 0)
(-0.0286638 0.0763181 0)
(0.00725095 0.0839669 0)
(0.0254951 0.058244 0)
(0.0236086 0.0410443 0)
(0.0201145 0.0271971 0)
(0.0151211 0.0181515 0)
(0.0109172 0.0122006 0)
(0.00773718 0.00822666 0)
(0.00547267 0.00552272 0)
(0.00391885 0.00364288 0)
(0.00289726 0.00229513 0)
(0.00227783 0.00127853 0)
(0.00197785 0.000445155 0)
(0.00195626 -0.000324175 0)
(0.0022102 -0.00113835 0)
(0.00277579 -0.00211287 0)
(0.00373164 -0.00338596 0)
(0.00521228 -0.00513798 0)
(0.00741808 -0.00762172 0)
(0.0106578 -0.011191 0)
(0.0153182 -0.0163895 0)
(0.0220925 -0.0239482 0)
(0.0311401 -0.035255 0)
(0.0446652 -0.0514636 0)
(0.0606691 -0.0770883 0)
(0.0758838 -0.114472 0)
(0.0873476 -0.163326 0)
(0.095671 -0.23694 0)
(-0.0177264 0.0189746 0)
(-0.0364778 0.0354477 0)
(-0.023838 0.0713192 0)
(0.00558152 0.0783578 0)
(0.0213639 0.0569391 0)
(0.0204966 0.0412883 0)
(0.0177624 0.0281086 0)
(0.0135457 0.0190645 0)
(0.00986088 0.0129319 0)
(0.00702118 0.00876453 0)
(0.00497913 0.00590007 0)
(0.00357054 0.00389747 0)
(0.0026418 0.00245732 0)
(0.00207782 0.00136926 0)
(0.00180452 0.000476599 0)
(0.00178496 -0.000347778 0)
(0.00201671 -0.00122036 0)
(0.00253267 -0.00226477 0)
(0.00340445 -0.0036289 0)
(0.00475421 -0.00550554 0)
(0.00676361 -0.00816382 0)
(0.00971045 -0.0119794 0)
(0.0139408 -0.0175212 0)
(0.0200601 -0.0255524 0)
(0.028183 -0.0374536 0)
(0.0402094 -0.0543444 0)
(0.0540486 -0.0804686 0)
(0.0669875 -0.11718 0)
(0.0752423 -0.163797 0)
(0.0827718 -0.228211 0)
(-0.016556 0.0187558 0)
(-0.0312331 0.0368138 0)
(-0.0197114 0.0671283 0)
(0.00425356 0.0737076 0)
(0.0177778 0.0557339 0)
(0.0176007 0.0413989 0)
(0.0154813 0.0288452 0)
(0.0119569 0.0198456 0)
(0.00876965 0.0135735 0)
(0.00627106 0.00924262 0)
(0.00445789 0.00623795 0)
(0.00320104 0.00412635 0)
(0.00237013 0.00260347 0)
(0.00186486 0.00145114 0)
(0.00161986 0.00050503 0)
(0.00160242 -0.000368993 0)
(0.0018105 -0.00129426 0)
(0.00227361 -0.00240169 0)
(0.00305595 -0.00384783 0)
(0.00426674 -0.00583655 0)
(0.00606823 -0.00865127 0)
(0.00870672 -0.0126864 0)
(0.0124878 -0.0185313 0)
(0.017935 -0.0269714 0)
(0.0251288 -0.0393714 0)
(0.0356817 -0.056807 0)
(0.0475249 -0.0832667 0)
(0.0584293 -0.119253 0)
(0.0641366 -0.164076 0)
(0.0706599 -0.221034 0)
(-0.0150008 0.0185902 0)
(-0.0263703 0.0377589 0)
(-0.0161415 0.0636153 0)
(0.0032051 0.0698714 0)
(0.0146359 0.0546492 0)
(0.014893 0.0414262 0)
(0.013269 0.0294387 0)
(0.0103617 0.0205075 0)
(0.0076502 0.0141295 0)
(0.00549174 0.00966173 0)
(0.00391239 0.00653604 0)
(0.00281276 0.00432899 0)
(0.00208402 0.00273311 0)
(0.0016403 0.00152383 0)
(0.00142504 0.000530262 0)
(0.00140978 -0.00038789 0)
(0.00159287 -0.00136 0)
(0.00200025 -0.00252346 0)
(0.00268828 -0.0040425 0)
(0.00375272 -0.00613076 0)
(0.0053355 -0.00908424 0)
(0.0076507 -0.0133138 0)
(0.0109628 -0.0194256 0)
(0.0157167 -0.0282238 0)
(0.0219648 -0.0410534 0)
(0.0310569 -0.0589437 0)
(0.0410259 -0.0856508 0)
(0.0501042 -0.120901 0)
(0.0539223 -0.164194 0)
(0.0595044 -0.214955 0)
(-0.0131411 0.0184538 0)
(-0.0218256 0.038394 0)
(-0.0130116 0.0607171 0)
(0.00238249 0.0667463 0)
(0.011853 0.0536984 0)
(0.0123465 0.0414026 0)
(0.0111201 0.0299105 0)
(0.00876503 0.0210581 0)
(0.00650835 0.0146017 0)
(0.00468784 0.0100213 0)
(0.00334602 0.00679326 0)
(0.00240813 0.00450441 0)
(0.00178526 0.00284553 0)
(0.00140558 0.00158692 0)
(0.00122128 0.000552165 0)
(0.00120827 -0.000404322 0)
(0.00136521 -0.00141714 0)
(0.00171431 -0.00262927 0)
(0.0023038 -0.00421159 0)
(0.00321548 -0.00638617 0)
(0.00457039 -0.00945972 0)
(0.00655007 -0.0138568 0)
(0.00937799 -0.0201974 0)
(0.0134239 -0.0293001 0)
(0.0187205 -0.0424871 0)
(0.0263709 -0.0607449 0)
(0.0345869 -0.0876234 0)
(0.0420044 -0.122178 0)
(0.0444422 -0.1642 0)
(0.0490867 -0.209915 0)
(-0.0110528 0.0183521 0)
(-0.0175418 0.038802 0)
(-0.0102255 0.0583796 0)
(0.00173964 0.0642508 0)
(0.00935618 0.0528922 0)
(0.00993492 0.0413525 0)
(0.00902745 0.0302784 0)
(0.00716992 0.0215052 0)
(0.00534906 0.0149921 0)
(0.00386368 0.0103212 0)
(0.00276212 0.00700881 0)
(0.00198965 0.0046518 0)
(0.00147572 0.00294013 0)
(0.00116215 0.00164005 0)
(0.00100987 0.000570613 0)
(0.000999157 -0.000418183 0)
(0.00112895 -0.00146531 0)
(0.00141759 -0.00271846 0)
(0.00190492 -0.00435409 0)
(0.00265836 -0.00660133 0)
(0.00377759 -0.00977583 0)
(0.00541126 -0.0143136 0)
(0.00774162 -0.0208452 0)
(0.0110687 -0.0301989 0)
(0.0154028 -0.0436779 0)
(0.0216266 -0.0622273 0)
(0.0281929 -0.0892224 0)
(0.0340893 -0.123153 0)
(0.0355532 -0.16414 0)
(0.0392889 -0.20583 0)
(-0.00879362 0.0182822 0)
(-0.0134668 0.0390494 0)
(-0.00770153 0.0565582 0)
(0.00123634 0.0623219 0)
(0.00708203 0.0522386 0)
(0.00763288 0.0412944 0)
(0.0069822 0.030557 0)
(0.00557793 0.0218554 0)
(0.00417651 0.0153025 0)
(0.00302332 0.0105613 0)
(0.00216396 0.00718206 0)
(0.00155981 0.00477053 0)
(0.00115731 0.00301642 0)
(0.00091154 0.00168293 0)
(0.000792144 0.000585508 0)
(0.000783755 -0.000429381 0)
(0.000885577 -0.00150421 0)
(0.00111197 -0.00279046 0)
(0.00149418 -0.00446909 0)
(0.00208513 -0.00677489 0)
(0.00296314 -0.0100306 0)
(0.00424443 -0.0146809 0)
(0.00606803 -0.021365 0)
(0.00865357 -0.0309206 0)
(0.012005 -0.044629 0)
(0.0168182 -0.0634004 0)
(0.0218248 -0.0904711 0)
(0.0263027 -0.123876 0)
(0.0271174 -0.164051 0)
(0.0300039 -0.202656 0)
(-0.00641042 0.0182365 0)
(-0.00955176 0.0391843 0)
(-0.00536979 0.0552148 0)
(0.000837172 0.060911 0)
(0.00497438 0.0517437 0)
(0.0054154 0.0412417 0)
(0.0049746 0.0307578 0)
(0.00398943 0.0221142 0)
(0.00299426 0.0155345 0)
(0.00217057 0.0107416 0)
(0.00155475 0.0073126 0)
(0.00112112 0.00486013 0)
(0.00083196 0.00307404 0)
(0.000655308 0.00171531 0)
(0.000569457 0.000596732 0)
(0.000563404 -0.00043787 0)
(0.000636538 -0.00153365 0)
(0.00079901 -0.00284494 0)
(0.00107311 -0.00455619 0)
(0.0014971 -0.00690652 0)
(0.00212795 -0.010224 0)
(0.00305148 -0.0149593 0)
(0.00436739 -0.0217565 0)
(0.00623897 -0.0314511 0)
(0.00856691 -0.0453357 0)
(0.0119461 -0.064279 0)
(0.015434 -0.0914008 0)
(0.0185641 -0.124385 0)
(0.0189296 -0.163961 0)
(0.0210331 -0.200358 0)
(-0.0039454 0.0182139 0)
(-0.00575146 0.039262 0)
(-0.00316844 0.0543403 0)
(0.000512338 0.059992 0)
(0.00298359 0.0514127 0)
(0.0032586 0.0412029 0)
(0.00299445 0.0308874 0)
(0.00240401 0.022284 0)
(0.00180537 0.0156878 0)
(0.00130906 0.0108611 0)
(0.000937667 0.00739921 0)
(0.000676075 0.00491964 0)
(0.000501619 0.00311235 0)
(0.000395025 0.00173692 0)
(0.000343208 0.000604352 0)
(0.000339578 -0.000443233 0)
(0.000383882 -0.00155286 0)
(0.000482575 -0.00288064 0)
(0.000649274 -0.00461321 0)
(0.000906542 -0.00699256 0)
(0.0012872 -0.0103505 0)
(0.00183901 -0.015143 0)
(0.00262807 -0.0220181 0)
(0.00376242 -0.0318148 0)
(0.00535911 -0.0457941 0)
(0.00755854 -0.0648298 0)
(0.00977958 -0.0919569 0)
(0.0113852 -0.124668 0)
(0.0111911 -0.163853 0)
(0.012257 -0.198791 0)
(-0.00135262 0.0182122 0)
(-0.00193149 0.0393071 0)
(-0.00104048 0.0538049 0)
(0.000179095 0.0594285 0)
(0.00100037 0.0512067 0)
(0.00109337 0.0411785 0)
(0.00100367 0.030967 0)
(0.000805848 0.0223886 0)
(0.000605159 0.0157823 0)
(0.000438734 0.0109349 0)
(0.000314184 0.00745266 0)
(0.000226471 0.00495637 0)
(0.00016799 0.00313602 0)
(0.000132283 0.00175026 0)
(0.000114998 0.000609027 0)
(0.000113911 -0.000446625 0)
(0.000128767 -0.00156473 0)
(0.000161563 -0.00290266 0)
(0.000217035 -0.00464843 0)
(0.000302914 -0.00704563 0)
(0.000430561 -0.010428 0)
(0.000616884 -0.0152542 0)
(0.00088252 -0.0221758 0)
(0.00125973 -0.0320389 0)
(0.00174567 -0.0461053 0)
(0.0024411 -0.0652097 0)
(0.0031308 -0.0923816 0)
(0.00421781 -0.124908 0)
(0.00452764 -0.163824 0)
(0.00498177 -0.19794 0)
(-0.0155293 -0.0014294 0)
(-0.362674 -0.0209442 0)
(-0.0242926 -0.00192761 0)
(-0.504356 -0.0684503 0)
(-0.0336597 -0.00237524 0)
(-0.675397 -0.0455266 0)
(-0.0582433 -0.00486014 0)
(-1.01544 -0.12343 0)
(-0.0286467 -0.000123291 0)
(-0.566436 -0.0440151 0)
(-0.00600043 0.00195592 0)
(0.0809618 0.0105498 0)
(-0.0200702 0.00056865 0)
(-0.444658 -0.0370105 0)
(-0.0493874 -0.0026751 0)
(-0.97736 -0.113693 0)
(-0.0705959 -0.00327514 0)
(-0.982979 -0.0586824 0)
(-0.132454 -0.00944229 0)
(-1.127 -0.157554 0)
(-0.0339195 0.00293838 0)
(-0.306462 -0.0321565 0)
(0.0235727 0.00752943 0)
(1.01286 0.164355 0)
(-0.00117587 0.0034885 0)
(-0.0913335 -0.0529061 0)
(-0.0430566 0.000754696 0)
(-0.977479 -0.0707923 0)
(-0.0303445 0.00256128 0)
(-0.608551 -0.0938181 0)
(-0.0279205 0.00396116 0)
(-0.547412 -0.0263504 0)
(-0.0170505 0.00561842 0)
(-0.472598 -0.059934 0)
(-0.0132458 0.00679734 0)
(-0.345726 -0.019395 0)
(-0.0186199 0.00675227 0)
(-0.341463 -0.0321495 0)
(-0.0354077 0.00570756 0)
(-0.488443 -0.0414568 0)
(-0.0384673 0.00629215 0)
(-0.513289 -0.0441595 0)
(-0.0104115 0.0127303 0)
(-0.341557 -0.0260086 4.72045e-21)
(-0.0780494 0.0149882 0)
(-0.434685 -0.0284842 4.48447e-22)
(-0.275495 0.00468629 0)
(-0.422563 -0.0530731 -8.57953e-21)
(-0.310742 0.0116093 0)
(0.430682 -0.00138602 0)
(-0.174447 0.00788469 1.28578e-20)
(1.39495 -0.0165946 -1.69184e-19)
(-0.0484143 -0.0059835 1.44646e-20)
(1.81477 -0.274855 6.62765e-19)
(1.34675 0.0831858 0)
(5.50804 0.108686 3.16736e-18)
(6.72293 0.387959 4.77635e-21)
(20.1992 1.07295 1.65989e-18)
(12.4342 0.269741 -6.31585e-20)
(8.18416 0.404905 0)
(0.0145025 -0.367105 -2.24297e-19)
(0.213188 -0.0876331 0)
(0.1759 -0.496198 0)
(0.0252509 -0.275652 0)
(-0.136811 -0.535266 0)
(0.0128286 -0.182229 0)
(-0.0922892 -0.493541 0)
(0.0136196 -0.210147 0)
(-0.0914548 -0.485877 0)
(0.0117583 -0.205509 0)
(-0.0877571 -0.479483 0)
(0.0114681 -0.205852 0)
(-0.0863088 -0.472942 0)
(0.00925049 -0.2053 0)
(-0.082969 -0.466863 0)
(0.00939895 -0.205138 0)
(-0.081327 -0.460609 0)
(0.00753074 -0.20477 0)
(-0.0787151 -0.45465 0)
(0.00708294 -0.204392 0)
(-0.0767137 -0.448726 0)
(0.00603097 -0.203978 0)
(-0.0745505 -0.442976 0)
(0.00523912 -0.203533 0)
(-0.072537 -0.437338 0)
(0.00442857 -0.203065 0)
(-0.0705651 -0.431831 0)
(0.00367867 -0.202577 0)
(-0.0686518 -0.426448 0)
(0.00292701 -0.202071 0)
(-0.0668039 -0.421186 0)
(0.0022331 -0.201547 0)
(-0.065013 -0.416043 0)
(0.00153956 -0.201007 0)
(-0.0632706 -0.411017 0)
(0.000904174 -0.200451 0)
(-0.0615935 -0.406102 0)
(0.000271369 -0.19988 0)
(-0.0599543 -0.4013 0)
(-0.000316619 -0.199298 0)
(-0.0583698 -0.396605 0)
(-0.000894741 -0.198705 0)
(-0.0568297 -0.392017 0)
(-0.00143184 -0.198099 0)
(-0.0553372 -0.387533 0)
(-0.00196829 -0.19748 0)
(-0.0538815 -0.383151 0)
(-0.00243964 -0.196854 0)
(-0.0524714 -0.378867 0)
(-0.00291343 -0.196222 0)
(-0.0511034 -0.374681 0)
(-0.00335973 -0.195582 0)
(-0.0497662 -0.370591 0)
(-0.00380705 -0.194932 0)
(-0.0484708 -0.366594 0)
(-0.00420059 -0.194278 0)
(-0.0472151 -0.362688 0)
(-0.00458493 -0.193622 0)
(-0.0459913 -0.358872 0)
(-0.00494334 -0.192961 0)
(-0.0448003 -0.355143 0)
(-0.00529522 -0.192293 0)
(-0.0436451 -0.351501 0)
(-0.00561688 -0.191624 0)
(-0.042522 -0.347944 0)
(-0.00591872 -0.190956 0)
(-0.0414237 -0.344469 0)
(-0.00620625 -0.190286 0)
(-0.0403596 -0.341073 0)
(-0.00647683 -0.189615 0)
(-0.0393278 -0.337758 0)
(-0.006726 -0.188944 0)
(-0.038325 -0.334523 0)
(-0.00694318 -0.188276 0)
(-0.0373556 -0.331363 0)
(-0.00715591 -0.187609 0)
(-0.0364202 -0.328281 0)
(-0.0073247 -0.186939 0)
(-0.0355081 -0.325278 0)
(-0.00748556 -0.186267 0)
(-0.0346098 -0.322338 0)
(-0.00761508 -0.185608 0)
(-0.0337199 -0.319452 0)
(-0.00775528 -0.184971 0)
(-0.0329038 -0.316657 0)
(-0.00785489 -0.184342 0)
(-0.032265 -0.31398 0)
(-0.00782974 -0.183686 0)
(-0.0318931 -0.311343 0)
(-0.00759274 -0.183046 0)
(-0.0316512 -0.308708 0)
(-0.00746253 -0.182422 0)
(-0.0313223 -0.306241 0)
(-0.00742124 -0.18168 0)
(-0.0311619 -0.299478 0)
(-0.00483528 -0.179634 0)
(-0.0260721 -0.28905 0)
(-0.00595582 -0.175935 0)
(-0.0223084 -0.279916 0)
(-0.00647384 -0.172764 0)
(-0.0186965 -0.27209 0)
(-0.00660784 -0.170041 0)
(-0.0153378 -0.265426 0)
(-0.00633307 -0.167714 0)
(-0.0121737 -0.259947 0)
(-0.00570068 -0.16575 0)
(-0.00916692 -0.2556 0)
(-0.00478765 -0.164211 0)
(-0.00623269 -0.252371 0)
(-0.00360857 -0.163086 0)
(-0.0034005 -0.250103 0)
(-0.00227189 -0.16235 0)
(-0.00160111 -0.248804 0)
(-0.00178727 -0.16208 0)
(-0.433489 -0.141634 0)
(-0.319657 0.0416064 0)
(-0.109549 -0.0729781 0)
(-0.892879 -0.0394757 0)
(-0.4243 -0.0982474 0)
(-0.287051 -0.00803244 0)
(-0.22552 -0.0351349 0)
(-0.332626 -0.0369798 0)
(-0.987449 -0.104795 0)
(-0.630556 -0.0635031 0)
(-0.0473357 -0.0549721 0)
(-0.0547729 -0.0156558 0)
(-0.167864 0.0159878 0)
(-0.17955 -0.0512242 0)
(-0.0250918 0.0162483 0)
(-0.177729 -0.0431654 0)
(-0.621231 -0.0548618 0)
(-0.925036 -0.105541 0)
(-0.571554 -0.0584521 0)
(-0.330857 -0.0389564 0)
(-0.265038 -0.0342386 0)
(-0.21507 -0.058452 0)
(0.617199 0.0503859 5.7368e-20)
(1.68638 0.0419217 1.1595e-19)
(3.40698 -0.034845 0)
(10.2089 0.403283 0)
(11.5701 0.314639 0)
(7.58988 -0.00478708 0)
(5.44344 -0.187295 3.35846e-20)
(0.405388 -0.462002 -1.92991e-19)
(-0.441563 -0.610828 1.00305e-21)
(-0.128477 -0.587436 -6.44303e-20)
(-0.142479 -0.583333 0)
(-0.127916 -0.580689 0)
(-0.138379 -0.568053 -7.70158e-20)
(-0.129814 -0.562803 -1.48876e-19)
(-0.134477 -0.552555 -7.2488e-20)
(-0.130585 -0.545464 -6.8528e-20)
(-0.131233 -0.53705 -1.32312e-19)
(-0.129793 -0.529423 -6.37207e-20)
(-0.129076 -0.521719 0)
(-0.128116 -0.514258 0)
(-0.127167 -0.506947 0)
(-0.12621 -0.499779 0)
(-0.125241 -0.492756 0)
(-0.124221 -0.485895 0)
(-0.12319 -0.479176 0)
(-0.122146 -0.472595 0)
(-0.121074 -0.466155 0)
(-0.119976 -0.459853 0)
(-0.118874 -0.453676 0)
(-0.117754 -0.447634 0)
(-0.116607 -0.441725 0)
(-0.115473 -0.435929 0)
(-0.114293 -0.430263 0)
(-0.113098 -0.424718 0)
(-0.111889 -0.419289 0)
(-0.110688 -0.413963 0)
(-0.109454 -0.408757 0)
(-0.108204 -0.403662 0)
(-0.106958 -0.398671 0)
(-0.105677 -0.393794 0)
(-0.104388 -0.389015 0)
(-0.103108 -0.384325 0)
(-0.101802 -0.379745 0)
(-0.100478 -0.375269 0)
(-0.0991633 -0.370881 0)
(-0.0978096 -0.366592 0)
(-0.0964948 -0.362381 0)
(-0.0951159 -0.358279 0)
(-0.0937451 -0.354253 0)
(-0.0923346 -0.35032 0)
(-0.0909179 -0.346474 0)
(-0.0896486 -0.342664 0)
(-0.0887304 -0.33893 0)
(-0.0882517 -0.335433 0)
(-0.088321 -0.332036 0)
(-0.090063 -0.32023 0)
(-0.0790745 -0.3036 0)
(-0.0694335 -0.288522 0)
(-0.0597117 -0.275654 0)
(-0.0501114 -0.264723 0)
(-0.0405662 -0.255688 0)
(-0.0310424 -0.24845 0)
(-0.0215145 -0.242976 0)
(-0.0119365 -0.239187 0)
(-0.00463521 -0.23692 0)
(1.1506 -0.179372 4.77801e-18)
(10.7132 1.26704 0)
(0.22734 -1.84602 0)
(3.21315 -0.213345 -2.41361e-17)
(-0.496763 -0.259842 -8.42232e-18)
(1.46443 0.333986 8.62576e-18)
(-4.91513 -0.362631 0)
(4.77924 1.75928 0)
(2.8781 0.48814 -3.35227e-17)
(-0.411844 0.0632831 0)
(1.34747 -0.0295414 3.90684e-30)
(4.82783 -0.187981 0)
(-4.79015 -1.12959 0)
(2.02127 0.230116 -1.36091e-17)
(-0.337729 -0.075988 0)
(1.5149 0.335469 7.06416e-18)
(3.25354 0.841933 0)
(4.62997 0.575157 0)
(1.48846 0.149006 0)
(-2.24538 -0.19526 0)
(0.103961 -1.51165e-05 6.07725e-29)
(2.64382 -0.0285391 0)
(5.4673 0.33393 0)
(4.91889 0.233634 -2.11359e-19)
(-0.868788 -0.114834 0)
(1.12407 -0.00834688 7.95157e-17)
(-0.278045 0.510275 0)
(-0.844648 0.559779 0)
(3.87979 0.896791 1.72401e-17)
(1.51745 0.209992 3.16522e-18)
(1.52388 0.043717 9.02943e-30)
(-4.20334 -0.843158 0)
(3.38018 -0.196343 0)
(0.145162 -0.419777 5.27302e-18)
(0.101414 0.00894856 4.29015e-18)
(1.46176 0.269629 -3.75789e-30)
(5.51846 0.531198 0)
(-3.1971 0.150826 0)
(-0.522371 0.263049 -1.94525e-17)
(-0.773443 -0.0573926 0)
(1.16903 0.0830804 -2.4819e-17)
(5.10292 0.352637 0)
(3.77819 -0.535729 0)
(-1.73745 -0.439727 -8.64251e-18)
(-0.710119 -0.0629555 0)
(3.56648 0.476631 4.14433e-29)
(1.64091 0.62347 0)
(5.88355 1.44458 0)
(2.58885 0.454555 5.72852e-19)
(-0.538455 -0.0405201 0)
(-4.57881 -0.602215 -1.17758e-16)
(4.21289 0.0541624 0)
(-1.9848 -0.467658 0)
(3.9753 0.354033 1.62878e-17)
(-0.281304 -0.0135035 0)
(-4.14383 -0.52418 -5.01247e-17)
(-6.53827 -0.369517 0)
(1.35206 0.0320433 0)
(0.907127 0.15215 4.77109e-18)
(-0.388615 -0.0194084 0)
(-0.238265 -0.0718875 -3.44108e-18)
(-7.59474 -1.21885 0)
(1.43905 0.252926 0)
(0.599868 0.03738 3.08399e-18)
(-0.442169 -0.02777 0)
(-3.65087 -0.243411 0)
(5.51555 0.900377 0)
(1.23871 -0.0301561 0)
(0.605371 0.116434 5.7246e-18)
(-0.480763 -0.0293837 5.95978e-19)
(-1.01824 -0.173653 0)
(1.3318 -0.473622 0)
(1.82082 0.435883 0)
(0.634928 0.044926 9.02601e-18)
(-0.512729 -0.033816 5.43934e-19)
(-0.26967 -0.190764 0)
(-9.53989 -0.215102 0)
(2.00958 0.0122212 0)
(0.589499 0.11335 5.97264e-18)
(-0.549239 -0.0369295 0)
(-0.443112 -0.0365125 0)
(-1.97498 -1.15207 0)
(2.07696 0.280306 0)
(0.605035 0.0771964 4.27925e-18)
(-0.572413 -0.0372734 0)
(-0.670187 0.0881421 0)
(4.91999 1.10627 0)
(3.67741 0.289735 0)
(0.570825 0.104553 2.60087e-18)
(-0.590452 -0.0399427 4.49312e-20)
(-0.46848 -0.257189 0)
(-3.11532 -0.326682 0)
(4.19807 0.440598 0)
(0.61935 0.102385 1.80692e-18)
(-0.60238 -0.0364289 4.01345e-21)
(1.08751 0.224296 2.16285e-19)
(-3.80346 -0.716557 0)
(3.26452 0.290856 0)
(0.537247 0.115597 8.90103e-19)
(-0.613172 -0.0429807 0)
(1.39698 0.0617203 2.20279e-18)
(-2.67953 -0.20473 0)
(3.44213 0.293873 0)
(0.555105 0.10683 2.02632e-19)
(-0.630701 -0.0342206 0)
(0.65368 0.618915 6.84223e-19)
(-6.48383 -1.14335 0)
(6.15364 0.710596 0)
(-0.0321232 0.152258 -2.01278e-19)
(-0.561072 -0.09466 0)
(1.60544 -0.0382606 -1.06972e-18)
(7.41411 0.544872 0)
(14.0104 0.890378 0)
(8.89682 1.07456 0)
(2.68994 0.332459 0)
(11.4969 1.28142 -1.8778e-18)
(14.1535 1.29829 0)
(16.3295 1.75312 0)
(15.2753 1.9946 0)
(11.2726 1.34222 0)
(14.7342 0.989789 -1.25996e-18)
(9.40131 -0.144597 -9.35186e-19)
(9.31194 0.395025 0)
(13.443 1.6786 -1.03016e-18)
(12.0004 1.56164 0)
(11.9438 1.06889 0)
(8.36214 0.995411 -6.88728e-22)
(7.24239 0.608444 0)
(11.2323 1.54879 -8.92635e-19)
(11.1865 1.5724 0)
(11.2457 0.886569 0)
(7.27242 0.152912 -3.62009e-19)
(5.53433 0.113804 0)
(9.4041 1.23879 0)
(10.0559 1.52806 0)
(8.80483 0.81581 0)
(6.14205 0.697373 0)
(3.96979 0.102667 0)
(7.94658 1.0556 0)
(8.92473 1.49599 8.27717e-20)
(8.49959 0.726658 0)
(6.99621 0.446508 0)
(2.46593 -0.112935 0)
(6.79076 0.892929 0)
(7.90547 1.45703 -1.50584e-20)
(6.5804 0.565353 -4.50949e-20)
(3.77224 0.578388 -6.55329e-19)
(0.991527 -0.216231 0)
(5.23904 0.664453 0)
(6.89663 1.40994 0)
(2.07052 0.132757 2.99009e-19)
(0.853539 0.244253 -3.83884e-20)
(0.359392 -0.318048 0)
(3.8647 0.459992 0)
(5.73874 1.34309 0)
(0.0340102 -0.0166837 0)
(0.200734 0.229786 3.473e-19)
(-0.18607 -0.42896 0)
(2.47821 0.27094 -3.19367e-19)
(4.30757 1.25747 0)
(-0.496653 -0.07583 0)
(0.0801239 0.223931 2.42134e-19)
(-0.078354 -0.432564 -2.12689e-19)
(1.11841 0.111331 -5.80703e-19)
(2.82531 1.14403 0)
(-0.593315 -0.0814809 3.74348e-19)
(0.0455459 0.205366 2.23317e-19)
(-0.123456 -0.444003 1.01345e-21)
(-0.0164331 -0.0185914 -6.92528e-19)
(1.46679 1.05071 -6.09471e-19)
(-0.598378 -0.0844592 7.40128e-19)
(0.031337 0.19478 2.15885e-19)
(-0.142359 -0.4436 1.45256e-19)
(-0.475391 -0.0669237 -7.2041e-19)
(0.462093 0.966016 -7.5298e-19)
(-0.590363 -0.0849309 3.5995e-19)
(0.0246853 0.186102 -2.05903e-19)
(-0.175419 -0.432009 -1.25321e-19)
(-0.733027 -0.0856777 0)
(-0.236593 0.88782 7.86154e-19)
(-0.577218 -0.0863809 0)
(0.0182756 0.176346 -1.9616e-19)
(-0.180063 -0.42198 9.51022e-22)
(-0.845819 -0.089687 0)
(-0.48106 0.859822 7.52997e-19)
(-0.564402 -0.0870031 0)
(0.0117518 0.167417 1.86771e-19)
(-0.186771 -0.409318 9.72244e-20)
(-0.872284 -0.0821305 -8.40334e-19)
(-0.619839 0.835067 7.15719e-19)
(-0.552379 -0.087511 0)
(0.00519483 0.158895 1.7837e-19)
(-0.192131 -0.396617 -8.90365e-20)
(-0.871794 -0.0721378 -8.3199e-19)
(-0.657783 0.817174 6.74463e-19)
(-0.540767 -0.0880385 -3.22875e-19)
(-0.00106205 0.150697 1.69491e-19)
(-0.196244 -0.383772 -8.02813e-20)
(-0.862244 -0.0624754 -8.11375e-19)
(-0.659823 0.804863 -6.6346e-19)
(-0.529352 -0.08858 -3.14373e-19)
(-0.00713627 0.142809 2.90407e-22)
(-0.199562 -0.371162 0)
(-0.844597 -0.051409 -4.7881e-22)
(-0.64994 0.789938 -6.6434e-19)
(-0.518295 -0.0889652 0)
(-0.012811 0.13525 -3.06546e-19)
(-0.202779 -0.358754 0)
(-0.82489 -0.0404779 1.54324e-18)
(-0.634625 0.777381 6.44628e-19)
(-0.507421 -0.0893805 0)
(-0.0182859 0.12797 -1.45617e-19)
(-0.205926 -0.346638 -6.1029e-20)
(-0.80717 -0.0305879 7.50972e-19)
(-0.619209 0.765538 1.24119e-18)
(-0.496866 -0.0896238 2.91364e-19)
(-0.0234104 0.120973 0)
(-0.208781 -0.334868 -5.40539e-20)
(-0.790124 -0.0208949 0)
(-0.603998 0.753528 1.20489e-18)
(-0.486552 -0.0898637 2.84132e-19)
(-0.0282613 0.114262 0)
(-0.211384 -0.323406 0)
(-0.77344 -0.0116022 0)
(-0.589143 0.741752 5.8441e-19)
(-0.476464 -0.0900666 0)
(-0.0328362 0.107826 0)
(-0.213739 -0.31225 0)
(-0.757013 -0.00265665 -6.91453e-19)
(-0.574686 0.730206 0)
(-0.466538 -0.0902085 2.70795e-19)
(-0.0372571 0.101629 -1.1675e-19)
(-0.215848 -0.30136 -3.74312e-20)
(-0.740966 0.00583821 -3.65175e-22)
(-0.560615 0.718884 0)
(-0.456882 -0.0902613 2.64366e-19)
(-0.0413634 0.0956937 -1.65498e-19)
(-0.217681 -0.290742 -3.14233e-20)
(-0.725147 0.0140833 6.55397e-19)
(-0.54692 0.707783 2.67858e-19)
(-0.447444 -0.0903224 1.29174e-19)
(-0.0452355 0.0899976 -5.2028e-20)
(-0.219299 -0.280412 0)
(-0.709644 0.0219257 0)
(-0.533595 0.6969 2.59569e-19)
(-0.438213 -0.090311 -3.90005e-23)
(-0.0489012 0.0845317 -4.88694e-20)
(-0.220765 -0.270346 -1.10354e-20)
(-0.694514 0.0294029 -3.10418e-19)
(-0.52062 0.686234 -2.52545e-19)
(-0.429181 -0.0902662 -1.23364e-19)
(-0.0523513 0.0792616 -9.19254e-20)
(-0.221993 -0.260596 -8.36045e-21)
(-0.679661 0.0366486 -1.51482e-22)
(-0.507991 0.675779 -2.4477e-19)
(-0.420335 -0.0901869 1.20668e-19)
(-0.0555474 0.0742649 -4.31526e-20)
(-0.223067 -0.251071 0)
(-0.665142 0.0435181 2.94482e-19)
(-0.495691 0.665533 -2.38195e-19)
(-0.411678 -0.0900699 1.18001e-19)
(-0.0585933 0.0694246 4.03134e-20)
(-0.223912 -0.241773 4.1558e-21)
(-0.650818 0.0501611 -2.8666e-19)
(-0.483718 0.655493 -2.30899e-19)
(-0.403201 -0.0899216 0)
(-0.0614613 0.0647941 3.77346e-20)
(-0.224536 -0.232735 1.79459e-21)
(-0.636795 0.0564448 -1.31138e-22)
(-0.472062 0.645652 0)
(-0.394899 -0.0897537 -1.13034e-19)
(-0.0641509 0.0603558 0)
(-0.225029 -0.22394 0)
(-0.623066 0.0624769 1.24875e-22)
(-0.460707 0.636027 -2.18329e-19)
(-0.386759 -0.0895162 -2.21298e-19)
(-0.0666666 0.0560998 3.26202e-20)
(-0.225341 -0.215384 -1.91998e-21)
(-0.609664 0.0682335 -5.30041e-19)
(-0.449666 0.626565 -4.23808e-19)
(-0.378786 -0.0892963 -1.08343e-19)
(-0.0690138 0.0520357 6.63436e-23)
(-0.225455 -0.207024 -4.03307e-21)
(-0.596464 0.073754 -2.58263e-19)
(-0.438845 0.617372 -2.05708e-19)
(-0.370975 -0.0890084 0)
(-0.0712273 0.0481074 -6.28325e-23)
(-0.225372 -0.198914 0)
(-0.583438 0.0790572 0)
(-0.428415 0.60826 0)
(-0.363354 -0.0887342 0)
(-0.0732032 0.0443608 5.14584e-20)
(-0.225221 -0.191032 -7.27425e-21)
(-0.570759 0.0840519 -2.45129e-19)
(-0.418242 0.599396 -1.94663e-19)
(-0.355847 -0.0884314 0)
(-0.0750098 0.0408245 5.61991e-23)
(-0.224926 -0.18334 -1.80967e-20)
(-0.558379 0.0888331 -9.70837e-23)
(-0.408289 0.590741 -3.78008e-19)
(-0.348477 -0.0880978 0)
(-0.076774 0.037358 -5.30409e-23)
(-0.22444 -0.175844 -1.07273e-20)
(-0.546182 0.0934382 9.21758e-23)
(-0.398595 0.582226 -1.83541e-19)
(-0.341253 -0.0877508 -9.79129e-20)
(-0.0783662 0.0340845 3.89433e-20)
(-0.223814 -0.16858 -1.20294e-20)
(-0.534237 0.0977648 -4.54014e-19)
(-0.389092 0.573944 0)
(-0.334196 -0.0874194 -1.44013e-19)
(-0.079796 0.0309403 1.7572e-20)
(-0.223097 -0.161496 -1.37021e-20)
(-0.522506 0.101933 -2.21334e-19)
(-0.379912 0.56576 0)
(-0.327197 -0.0869857 -4.70796e-20)
(-0.0811734 0.027924 -7.84358e-21)
(-0.222219 -0.154586 0)
(-0.511018 0.105895 1.07852e-19)
(-0.370951 0.557801 0)
(-0.320382 -0.0866434 0)
(-0.0823745 0.025047 -6.97824e-21)
(-0.221212 -0.147893 0)
(-0.499762 0.109658 1.05195e-19)
(-0.362207 0.550002 0)
(-0.31367 -0.0862083 -4.5313e-20)
(-0.0834752 0.0223099 0)
(-0.220127 -0.141383 0)
(-0.488789 0.113192 0)
(-0.35362 0.542402 0)
(-0.307083 -0.0858229 -4.44575e-20)
(-0.0844852 0.0196506 -5.27002e-21)
(-0.218901 -0.135034 0)
(-0.477924 0.116647 9.99902e-20)
(-0.345311 0.534906 0)
(-0.300632 -0.0853752 0)
(-0.0852989 0.0171412 -4.4893e-21)
(-0.21756 -0.128865 0)
(-0.46731 0.11987 9.75494e-20)
(-0.337205 0.527605 0)
(-0.294259 -0.0849274 0)
(-0.0860759 0.0147073 0)
(-0.216139 -0.122848 0)
(-0.456957 0.122904 0)
(-0.329275 0.520469 0)
(-0.288007 -0.0845176 -2.1014e-20)
(-0.0867567 0.0124068 -1.47966e-21)
(-0.214617 -0.117008 -5.54519e-21)
(-0.446754 0.125853 4.63868e-20)
(-0.321524 0.513488 0)
(-0.281876 -0.0840555 -2.06257e-20)
(-0.0872709 0.0102332 -1.12899e-21)
(-0.212998 -0.111351 -5.84433e-21)
(-0.436797 0.12857 4.52641e-20)
(-0.313975 0.506642 3.48481e-20)
(-0.275804 -0.0835888 2.0248e-20)
(-0.0877778 0.0081094 0)
(-0.211289 -0.105844 6.06091e-21)
(-0.426954 0.131239 0)
(-0.306556 0.499985 6.77638e-20)
(-0.269874 -0.0831504 -8.85212e-25)
(-0.0881478 0.00610887 -4.45134e-22)
(-0.209493 -0.10045 6.34126e-21)
(-0.417481 0.133605 4.30518e-20)
(-0.299456 0.493401 3.29546e-20)
(-0.264045 -0.0826784 -1.95148e-20)
(-0.0884011 0.00421838 -1.31127e-22)
(-0.207553 -0.0952836 0)
(-0.4078 0.136105 4.1999e-20)
(-0.292154 0.487121 0)
(-0.258285 -0.0822328 -9.58085e-21)
(-0.0886595 0.00235199 0)
(-0.205717 -0.0902006 0)
(-0.398916 0.138117 0)
(-0.285875 0.480673 0)
(-0.252533 -0.0817626 -9.40725e-21)
(-0.088651 0.000685778 -1.03908e-22)
(-0.203355 -0.085255 0)
(-0.389407 0.140373 0)
(-0.278286 0.474863 7.62995e-21)
(-0.246755 -0.0813343 0)
(-0.088801 -0.00110565 -1.76688e-22)
(-0.201701 -0.0804599 0)
(-0.380809 0.142233 0)
(-0.272787 0.468557 7.35764e-21)
(-0.225957 -0.0806257 0)
(-0.0883533 -0.00582831 0)
(-0.197623 -0.0629448 0)
(-0.347778 0.147169 0)
(-0.242764 0.444497 0)
(-0.196009 -0.0788286 0)
(-0.0854798 -0.0123263 0)
(-0.17875 -0.0373488 0)
(-0.293351 0.154509 0)
(-0.201749 0.407873 0)
(-0.168711 -0.0767213 0)
(-0.0803412 -0.0171526 0)
(-0.159612 -0.0173374 0)
(-0.246158 0.158863 0)
(-0.16789 0.377288 0)
(-0.143255 -0.0747024 0)
(-0.0732554 -0.0206904 0)
(-0.139758 -0.00075897 0)
(-0.204381 0.161149 0)
(-0.138436 0.352098 0)
(-0.119326 -0.0728322 0)
(-0.0646678 -0.0232377 0)
(-0.119347 0.0122705 0)
(-0.166812 0.161992 0)
(-0.112303 0.331532 0)
(-0.0966282 -0.071174 0)
(-0.0548657 -0.0250109 0)
(-0.0986169 0.0226953 0)
(-0.132649 0.161927 0)
(-0.0887481 0.315047 0)
(-0.0749102 -0.0697414 0)
(-0.0441328 -0.0262189 0)
(-0.077719 0.0306542 0)
(-0.10116 0.161367 0)
(-0.0671592 0.302223 0)
(-0.0539487 -0.0686144 0)
(-0.0327157 -0.0270099 0)
(-0.0567511 0.0363882 0)
(-0.071699 0.160561 0)
(-0.0470359 0.292676 0)
(-0.0335279 -0.0676802 0)
(-0.0208732 -0.0273974 0)
(-0.0358995 0.0401372 0)
(-0.043671 0.159891 0)
(-0.027759 0.286365 0)
(-0.0125519 -0.0670843 0)
(-0.00750354 -0.0276183 0)
(-0.0127781 0.0424064 0)
(-0.0149029 0.159236 0)
(-0.00906572 0.282243 0)
(0.212521 0.020794 0)
(0.604086 0.060321 9.6367e-22)
(0.377837 0.0379384 0)
(0.207847 0.0208656 0)
(0.124958 0.0125373 0)
(0.0775549 0.00778008 0)
(0.0483113 0.00484656 0)
(0.0298992 0.00299972 0)
(0.0182895 0.00183514 0)
(0.0110267 0.00110651 0)
(0.00654002 0.000656326 0)
(0.0038112 0.000382466 0)
(0.00217963 0.000218689 0)
(0.00122234 0.000122582 0)
(0.000661435 6.62497e-05 0)
(0.000365923 3.65262e-05 0)
(0.198041 0.0184823 0)
(0.602021 0.0600508 0)
(0.376368 0.0381981 0)
(0.207028 0.0209967 0)
(0.124489 0.0126034 0)
(0.0772703 0.00781838 0)
(0.0481356 0.0048703 0)
(0.029791 0.00301481 0)
(0.0182238 0.00184481 0)
(0.0109875 0.00111274 0)
(0.00651736 0.000660379 0)
(0.0037986 0.000385174 0)
(0.00217308 0.000220582 0)
(0.00121938 0.000123995 0)
(0.000660552 6.73729e-05 0)
(0.000366194 3.74639e-05 0)
(0.208353 0.018907 0)
(0.602218 0.0599056 5.17334e-21)
(0.376132 0.038521 0)
(0.206859 0.0211591 0)
(0.124392 0.0126857 0)
(0.0772108 0.00786594 0)
(0.0480979 0.00489916 0)
(0.0297668 0.0030324 0)
(0.018208 0.00185533 0)
(0.010977 0.00111876 0)
(0.00651012 0.000663556 0)
(0.00379337 0.000386566 0)
(0.00216906 0.000220876 0)
(0.00121608 0.000123639 0)
(0.000657669 6.66452e-05 0)
(0.000363543 3.65422e-05 0)
(0.216566 0.0186111 0)
(0.60316 0.0599095 2.32363e-35)
(0.376018 0.0388819 0)
(0.206794 0.0213489 0)
(0.124354 0.0127876 0)
(0.0771864 0.00792839 0)
(0.048081 0.00493951 0)
(0.0297543 0.00305894 9.92885e-23)
(0.0181983 0.0018729 0)
(0.0109692 0.00113045 0)
(0.00650339 0.000671365 0)
(0.00378737 0.000391826 0)
(0.00216352 0.00022446 0)
(0.00121082 0.000126129 0)
(0.000652587 6.83946e-05 0)
(0.000358573 3.77423e-05 0)
(0.268943 0.0193149 0)
(0.603016 0.0597168 -9.13297e-21)
(0.376202 0.0392688 0)
(0.206749 0.0215337 0)
(0.124329 0.0128834 0)
(0.0771708 0.00798448 0)
(0.0480705 0.00497364 0)
(0.0297469 0.00307967 2.24324e-22)
(0.0181929 0.00188515 0)
(0.0109649 0.00113731 0)
(0.00649991 0.000674862 0)
(0.00378437 0.000393279 0)
(0.00216081 0.000224713 0)
(0.00120828 0.000125714 0)
(0.000650145 6.7621e-05 0)
(0.000356186 3.67905e-05 0)
(0.349782 0.0292354 0)
(0.603552 0.0597144 0)
(0.37676 0.0396756 0)
(0.206707 0.0217192 0)
(0.124306 0.0129802 0)
(0.0771576 0.00804192 0)
(0.0480621 0.00500955 0)
(0.0297413 0.00310255 -7.8977e-36)
(0.0181891 0.00189984 0)
(0.0109623 0.0011468 0)
(0.00649802 0.000681052 0)
(0.00378294 0.000397387 0)
(0.00215966 0.000227513 0)
(0.00120731 0.000127702 0)
(0.000649283 6.90901e-05 0)
(0.000355392 3.79026e-05 0)
(0.355037 0.0312337 0)
(0.603107 0.0596655 1.44522e-20)
(0.376718 0.0400441 0)
(0.206665 0.0219057 0)
(0.124284 0.0130775 0)
(0.0771449 0.00809967 0)
(0.0480542 0.00504549 0)
(0.0297364 0.00312512 -3.12166e-22)
(0.018186 0.00191386 0)
(0.0109603 0.00115527 0)
(0.0064968 0.00068595 0)
(0.00378218 0.000400008 0)
(0.0021592 0.000228714 0)
(0.00120703 0.000128049 0)
(0.00064911 6.89293e-05 0)
(0.000355283 3.74425e-05 0)
(0.3054 0.0239937 0)
(0.603272 0.0595679 2.13394e-35)
(0.376217 0.0403652 0)
(0.206623 0.0220923 0)
(0.124262 0.013175 0)
(0.0771323 0.00815755 0)
(0.0480464 0.00508155 0)
(0.0297315 0.00314783 -1.79982e-22)
(0.0181829 0.00192813 0)
(0.0109584 0.0011642 0)
(0.00649558 0.000691548 0)
(0.00378143 0.00040357 0)
(0.00215873 0.000231049 0)
(0.00120672 0.000129663 0)
(0.000648902 7.01113e-05 0)
(0.000355136 3.8351e-05 0)
(0.288896 0.0212765 0)
(0.602711 0.0594225 -1.77408e-20)
(0.376079 0.040699 0)
(0.206581 0.0222784 0)
(0.12424 0.0132725 0)
(0.0771196 0.00821544 0)
(0.0480386 0.00511764 0)
(0.0297266 0.0031706 0)
(0.0181798 0.00194246 0)
(0.0109565 0.00117313 0)
(0.00649441 0.000697009 0)
(0.00378072 0.000406788 0)
(0.00215832 0.00023282 0)
(0.00120649 0.000130524 0)
(0.000648794 7.03954e-05 0)
(0.000355099 3.82553e-05 0)
(0.283116 0.0194275 0)
(0.601913 0.0592624 0)
(0.37602 0.0410798 0)
(0.206539 0.0224648 0)
(0.124218 0.0133699 0)
(0.0771069 0.00827332 0)
(0.0480308 0.00515372 0)
(0.0297217 0.00319337 0)
(0.0181767 0.00195677 0)
(0.0109545 0.00118204 0)
(0.00649323 0.000702468 0)
(0.00378 0.000410093 0)
(0.00215788 0.000234842 0)
(0.00120623 0.000131822 0)
(0.000648628 7.12831e-05 0)
(0.000354991 3.89076e-05 0)
(0.27796 0.0181927 0)
(0.602371 0.059209 2.06989e-20)
(0.375882 0.0414002 0)
(0.206496 0.0226506 0)
(0.124196 0.0134673 0)
(0.0770942 0.00833119 0)
(0.048023 0.0051898 0)
(0.0297167 0.00321613 0)
(0.0181736 0.00197109 0)
(0.0109526 0.00119094 0)
(0.00649203 0.000707934 0)
(0.00377928 0.000413401 0)
(0.00215745 0.000236799 0)
(0.00120598 0.000132913 0)
(0.000648498 7.17985e-05 0)
(0.000354934 3.90251e-05 0)
(0.272776 0.0171137 0)
(0.602107 0.0591349 1.89808e-35)
(0.375844 0.0418 0)
(0.206454 0.0228371 0)
(0.124174 0.0135647 0)
(0.0770814 0.00838904 0)
(0.0480151 0.00522586 0)
(0.0297118 0.00323889 2.75947e-22)
(0.0181705 0.0019854 0)
(0.0109507 0.00119985 0)
(0.00649083 0.0007134 0)
(0.00377855 0.000416703 0)
(0.00215702 0.000238753 0)
(0.00120572 0.000134065 0)
(0.000648347 7.25083e-05 0)
(0.000354843 3.94994e-05 0)
(0.270036 0.0159431 0)
(0.602048 0.0590121 -2.45023e-20)
(0.375802 0.0421275 0)
(0.206411 0.023023 0)
(0.124151 0.013662 0)
(0.0770685 0.00844688 0)
(0.0480072 0.00526193 0)
(0.0297068 0.00326164 5.99854e-22)
(0.0181674 0.0019997 0)
(0.0109487 0.00120875 0)
(0.00648963 0.000718866 0)
(0.00377783 0.000420003 0)
(0.00215659 0.00024071 0)
(0.00120547 0.000135215 0)
(0.000648205 7.31475e-05 0)
(0.000354771 3.97644e-05 0)
(0.268308 0.0148267 0)
(0.601955 0.0589325 0)
(0.375745 0.0424956 0)
(0.206367 0.0232092 0)
(0.124129 0.0137594 0)
(0.0770556 0.0085047 0)
(0.0479992 0.00529797 0)
(0.0297018 0.00328439 -7.95414e-36)
(0.0181642 0.00201401 0)
(0.0109468 0.00121766 0)
(0.00648844 0.00072433 0)
(0.0037771 0.000423303 0)
(0.00215615 0.000242668 0)
(0.00120522 0.000136361 0)
(0.00064806 7.3795e-05 0)
(0.00035469 4.0114e-05 0)
(0.267034 0.0131471 0)
(0.601877 0.0588005 -2.92995e-20)
(0.375664 0.0430413 0)
(0.2063 0.0234875 0)
(0.124094 0.0139051 0)
(0.077036 0.00859133 0)
(0.0479872 0.00535199 0)
(0.0296943 0.00331847 -3.60478e-22)
(0.0181595 0.00203545 0)
(0.0109438 0.001231 0)
(0.00648662 0.000732517 0)
(0.003776 0.000428247 0)
(0.0021555 0.000245602 0)
(0.00120483 0.000138078 0)
(0.000647839 7.47695e-05 0)
(0.00035457 4.06881e-05 0)
(0.266191 0.0113064 0)
(0.601801 0.058642 -3.313e-20)
(0.375566 0.0437572 0)
(0.206212 0.0238586 0)
(0.124048 0.0140994 0)
(0.0770099 0.00870677 0)
(0.0479712 0.00542398 0)
(0.0296842 0.00336389 0)
(0.0181532 0.00206401 0)
(0.0109399 0.00124877 0)
(0.00648419 0.000743426 0)
(0.00377452 0.000434835 0)
(0.00215462 0.00024951 0)
(0.00120431 0.000140366 0)
(0.000647549 7.60686e-05 0)
(0.000354417 4.11974e-05 0)
(0.265937 0.00907029 0)
(0.601876 0.0584438 -3.69902e-20)
(0.37547 0.0444852 0)
(0.206124 0.0242298 0)
(0.124002 0.0142935 0)
(0.0769837 0.00882215 0)
(0.0479551 0.00549593 0)
(0.0296741 0.00340929 4.5644e-22)
(0.0181468 0.00209255 0)
(0.0109359 0.00126654 0)
(0.00648174 0.00075433 0)
(0.00377304 0.00044142 0)
(0.00215373 0.000253416 0)
(0.00120379 0.000142652 0)
(0.000647248 7.73658e-05 0)
(0.000354247 4.2093e-05 0)
(0.266258 0.00698737 0)
(0.601916 0.0583348 -4.08699e-20)
(0.375375 0.0451746 0)
(0.206036 0.0245939 0)
(0.123956 0.0144855 0)
(0.0769575 0.00893675 0)
(0.047939 0.00556757 0)
(0.029664 0.00345456 -8.01636e-36)
(0.0181405 0.00212105 0)
(0.010932 0.00128429 0)
(0.00647933 0.000765229 0)
(0.00377159 0.000448005 0)
(0.00215288 0.000257327 0)
(0.00120331 0.000144944 0)
(0.000646995 7.86698e-05 0)
(0.000354126 4.24987e-05 0)
(0.266009 0.0050292 -9.86134e-21)
(0.601973 0.0581633 0)
(0.375286 0.0459669 0)
(0.205951 0.0249827 0)
(0.123915 0.0146856 0)
(0.0769357 0.00905466 0)
(0.0479266 0.0056407 0)
(0.0296568 0.00350057 -5.5163e-22)
(0.0181364 0.00214995 0)
(0.0109298 0.00130227 0)
(0.00647832 0.000776285 0)
(0.00377129 0.000454707 0)
(0.00215302 0.000261328 0)
(0.00120376 0.000147322 0)
(0.000647686 8.00507e-05 0)
(0.000354688 4.35003e-05 0)
(0.265915 0.00247795 -1.15306e-20)
(0.602533 0.0581252 0)
(0.375427 0.0466777 0)
(0.206053 0.0253627 0)
(0.124019 0.0148911 0)
(0.0770258 0.00918028 0)
(0.0480005 0.00572106 0)
(0.0297163 0.00355269 0)
(0.0181839 0.00218378 0)
(0.0109678 0.0013242 0)
(0.00650923 0.000790509 0)
(0.00379706 0.000464016 0)
(0.00217561 0.000267582 0)
(0.00122557 0.000151831 0)
(0.000670102 8.36422e-05 0)
(0.00037127 4.55937e-05 0)
(0.264195 0.000414569 -1.52559e-20)
(0.608045 0.0582448 0)
(0.38117 0.0479422 0)
(0.21054 0.0261823 0)
(0.127298 0.015415 0)
(0.0794864 0.00954388 0)
(0.0498699 0.00598179 0)
(0.0311455 0.00374237 6.50315e-22)
(0.0192842 0.00232334 0)
(0.0118241 0.00142827 0)
(0.00718769 0.000869709 0)
(0.00435132 0.000526294 0)
(0.00265307 0.000319382 0)
(0.00167986 0.000199604 0)
(0.0011324 0.000131235 0)
(0.000710804 8.07201e-05 0)
(0.263801 -0.00823958 -3.52006e-20)
(0.615851 0.0613983 5.62864e-20)
(0.389223 0.0520862 -1.11271e-20)
(0.21416 0.0281474 -1.08194e-20)
(0.129316 0.0163958 -4.65657e-21)
(0.0807893 0.010099 -2.4585e-21)
(0.0507553 0.00631341 -1.42333e-21)
(0.0317629 0.00394431 7.94e-22)
(0.0197211 0.00244713 0)
(0.0121366 0.00150444 0)
(0.00741376 0.000916843 0)
(0.00451728 0.000555832 0)
(0.00277769 0.000338334 0)
(0.00177616 0.00021226 0)
(0.00122913 0.000142372 0)
(0.000853629 9.59595e-05 0)
(0.475759 -0.00888877 0)
(0.61184 0.0520444 1.31876e-19)
(0.380496 0.0564431 -1.52998e-20)
(0.207802 0.0301647 -1.51128e-20)
(0.125129 0.0172471 -6.31015e-21)
(0.0778013 0.0104965 -3.22496e-21)
(0.048554 0.00649058 8.61556e-23)
(0.0301159 0.00400679 0)
(0.0184738 0.00245032 0)
(0.0111787 0.00147894 4.17453e-22)
(0.0066633 0.000879251 0)
(0.00391101 0.000514433 0)
(0.00226272 0.000296232 0)
(0.00129796 0.000168791 0)
(0.000760266 9.75357e-05 0)
(0.000528318 6.42714e-05 0)
(3.5431 0.36548 9.52392e-20)
(0.780841 0.0820862 0)
(0.377334 0.0627403 -2.43222e-20)
(0.206827 0.0327476 0)
(0.124667 0.0184905 -8.40652e-21)
(0.0775687 0.0111718 4.29202e-21)
(0.0484268 0.00687227 2.3614e-21)
(0.0300441 0.00422283 1.42031e-21)
(0.0184326 0.00257062 -8.59028e-22)
(0.0111546 0.00154408 4.8783e-22)
(0.00664845 0.000913174 0)
(0.00390064 0.000531122 0)
(0.00225343 0.000303658 0)
(0.00128554 0.000171148 0)
(0.000734185 9.6208e-05 0)
(0.000460094 5.7916e-05 0)
(5.40547 0.728687 1.53267e-19)
(0.932676 0.165099 3.13377e-20)
(0.376328 0.0716353 -4.34974e-20)
(0.205948 0.0353017 0)
(0.124297 0.0197176 -2.02587e-20)
(0.077384 0.0118423 5.07025e-21)
(0.0483256 0.00725283 0)
(0.0299874 0.00443892 1.64923e-21)
(0.0184011 0.00269131 -9.88311e-22)
(0.0111374 0.0016097 0)
(0.00663935 0.0009476 0)
(0.003896 0.000548364 1.93565e-22)
(0.00225112 0.000311761 0)
(0.00128429 0.000174593 -5.74043e-23)
(0.00073254 9.73298e-05 0)
(0.000447104 5.69255e-05 -1.5968e-23)
(5.34051 0.865131 0)
(0.902447 0.228631 1.99156e-19)
(0.372574 0.0804222 0)
(0.204966 0.0378233 0)
(0.123912 0.0209405 -1.18501e-20)
(0.077193 0.0125116 0)
(0.0482214 0.0076328 0)
(0.0299292 0.00465467 0)
(0.0183688 0.0028118 0)
(0.0111199 0.00167522 0)
(0.00663012 0.000981978 0)
(0.00389133 0.000565587 2.12004e-22)
(0.00224888 0.000319865 0)
(0.00128329 0.000178057 -6.11252e-23)
(0.00073207 9.85584e-05 0)
(0.000444691 5.70198e-05 -1.62814e-23)
(4.93289 0.929633 0)
(0.84498 0.28199 2.07195e-19)
(0.367532 0.0888928 0)
(0.203915 0.0403047 1.73997e-20)
(0.123511 0.0221551 0)
(0.0769957 0.0131781 3.52081e-21)
(0.0481143 0.00801157 1.98205e-21)
(0.0298695 0.00486984 0)
(0.0183358 0.00293201 6.72459e-22)
(0.011102 0.0017406 0)
(0.00662071 0.00101629 0)
(0.00388658 0.000582783 0)
(0.00224661 0.000327957 6.59868e-23)
(0.00128227 0.000181518 0)
(0.000731661 9.97925e-05 1.78351e-23)
(0.000444222 5.72353e-05 0)
(4.31001 0.996339 -3.6175e-19)
(0.768643 0.332498 3.01444e-19)
(0.361891 0.0963883 -6.17678e-20)
(0.202815 0.0427306 1.94865e-20)
(0.123096 0.0233609 -7.8496e-21)
(0.0767921 0.0138419 3.90589e-21)
(0.048004 0.00838911 -4.27992e-23)
(0.0298083 0.00508442 0)
(0.0183019 0.00305193 -2.22601e-14)
(0.0110837 0.00180584 -1.28207e-14)
(0.00661111 0.00105054 0)
(0.00388176 0.00059995 0)
(0.00224431 0.000336038 7.03183e-23)
(0.00128125 0.000184976 0)
(0.000731244 0.000101025 1.85009e-23)
(0.000444019 5.75038e-05 0)
(3.5903 1.03904 -4.04199e-19)
(0.690216 0.373154 0)
(0.356069 0.102931 -7.09763e-20)
(0.201677 0.045101 0)
(0.122667 0.0245578 -8.6245e-21)
(0.0765823 0.0145027 0)
(0.0478908 0.00876541 -2.44156e-21)
(0.0297455 0.00529841 0)
(0.0182673 0.00317156 -2.41579e-14)
(0.011065 0.00187094 -1.38518e-14)
(0.00660134 0.00108473 0)
(0.00387685 0.00061709 0)
(0.00224197 0.000344109 0)
(0.00128022 0.00018843 0)
(0.000730826 0.000102258 0)
(0.000443848 5.77682e-05 0)
(2.82182 1.05825 0)
(0.621009 0.40409 0)
(0.350246 0.10858 0)
(0.200512 0.0474173 0)
(0.122224 0.0257454 0)
(0.0763663 0.0151605 0)
(0.0477745 0.00914043 0)
(0.0296812 0.00551178 0)
(0.0182319 0.00329089 0)
(0.0110459 0.00193589 0)
(0.0065914 0.00111884 0)
(0.00387187 0.000634201 0)
(0.00223961 0.000352168 0)
(0.00127917 0.00019188 4.37324e-23)
(0.000730404 0.00010349 0)
(0.000443685 5.80316e-05 1.0711e-23)
(1.98235 1.05823 0)
(0.568111 0.426288 5.04834e-19)
(0.344586 0.113502 8.44699e-20)
(0.199324 0.0496825 2.59758e-20)
(0.121769 0.0269238 0)
(0.0761443 0.0158153 5.325e-21)
(0.0476553 0.00951415 2.98323e-21)
(0.0296154 0.00572454 0)
(0.0181958 0.00340991 0)
(0.0110265 0.0020007 -5.67947e-22)
(0.00658127 0.0011529 0)
(0.00386681 0.000651283 -1.72763e-22)
(0.00223721 0.000360216 0)
(0.00127812 0.000195326 -1.14827e-24)
(0.000729979 0.00010472 -2.31174e-23)
(0.000443521 5.82964e-05 1.08581e-23)
(1.22068 1.05699 0)
(0.534211 0.44019 5.54294e-19)
(0.339151 0.117924 8.78505e-20)
(0.198115 0.0518999 2.76959e-20)
(0.1213 0.0280929 0)
(0.0759163 0.016467 5.70097e-21)
(0.0475331 0.00988655 3.1889e-21)
(0.029548 0.00593666 0)
(0.0181589 0.00352863 0)
(0.0110067 0.00206536 9.87685e-24)
(0.00657097 0.00118688 0)
(0.00386168 0.000668335 3.46982e-24)
(0.00223478 0.000368252 9.76396e-23)
(0.00127705 0.000198768 -4.85789e-23)
(0.000729551 0.00010595 6.55309e-25)
(0.000443356 5.85617e-05 1.17988e-23)
(0.602998 1.04719 0)
(0.513257 0.445595 0)
(0.333928 0.122025 -9.106e-20)
(0.196886 0.0540724 0)
(0.12082 0.0292524 0)
(0.0756823 0.0171156 0)
(0.047408 0.0102576 3.47863e-21)
(0.0294792 0.00614814 0)
(0.0181212 0.00364703 0)
(0.0109865 0.00212986 6.47092e-22)
(0.00656049 0.00122079 -3.65394e-22)
(0.00385646 0.000685359 -3.46683e-24)
(0.00223233 0.000376277 1.01941e-22)
(0.00127597 0.000202207 0)
(0.00072912 0.000107179 2.50988e-23)
(0.000443191 5.88268e-05 1.19457e-23)
(0.297177 1.04466 0)
(0.498977 0.445636 0)
(0.328911 0.125935 -9.30085e-20)
(0.195635 0.0562025 0)
(0.120327 0.0304024 0)
(0.0754425 0.0177609 0)
(0.0472799 0.0106273 3.68263e-21)
(0.0294089 0.00635897 0)
(0.0180827 0.00376511 0)
(0.0109659 0.00219422 0)
(0.00654984 0.00125464 -3.83525e-22)
(0.00385117 0.000702352 -2.07053e-22)
(0.00222984 0.000384291 0)
(0.00127488 0.000205642 0)
(0.000728685 0.000108407 0)
(0.000443025 5.90919e-05 0)
(0.177158 1.03766 0)
(0.485341 0.445528 0)
(0.324062 0.129691 0)
(0.194363 0.0582918 0)
(0.119822 0.0315427 0)
(0.0751969 0.018403 0)
(0.0471489 0.0109956 -3.97026e-21)
(0.029337 0.00656914 0)
(0.0180435 0.00388287 1.31353e-21)
(0.010945 0.00225842 0)
(0.00653901 0.00128841 0)
(0.0038458 0.000719315 0)
(0.00222732 0.000392293 1.16542e-22)
(0.00127378 0.000209073 0)
(0.000728247 0.000109633 2.8387e-23)
(0.000442859 5.93571e-05 1.34293e-23)
(0.137805 1.02823 0)
(0.47431 0.441431 0)
(0.319302 0.133299 0)
(0.19307 0.0603418 0)
(0.119307 0.0326733 0)
(0.0749456 0.0190418 0)
(0.0470151 0.0113624 -4.17249e-21)
(0.0292637 0.00677864 2.3824e-21)
(0.0180036 0.00400031 -1.61872e-23)
(0.0109237 0.00232247 0)
(0.00652801 0.00132211 0)
(0.00384035 0.000736248 -2.3559e-22)
(0.00222476 0.000400283 1.20824e-22)
(0.00127267 0.0002125 -6.16815e-23)
(0.000727807 0.00011086 2.90478e-23)
(0.000442692 5.96222e-05 1.35758e-23)
(0.126005 1.01444 -4.30775e-19)
(0.463924 0.43811 -5.45611e-19)
(0.314581 0.136785 0)
(0.191759 0.0623534 0)
(0.11878 0.033794 0)
(0.0746886 0.0196771 -7.95298e-21)
(0.0468784 0.0117278 0)
(0.0291889 0.00698746 -2.61116e-23)
(0.0179629 0.00411742 -1.45582e-21)
(0.010902 0.00238636 0)
(0.00651683 0.00135574 0)
(0.00383483 0.000753151 -2.44643e-22)
(0.00222218 0.000408261 0)
(0.00127155 0.000215923 -6.3518e-23)
(0.000727362 0.000112085 0)
(0.000442524 5.98873e-05 0)
(0.121764 0.998427 -4.14642e-19)
(0.453847 0.435042 -5.35089e-19)
(0.309925 0.140153 0)
(0.190428 0.0643276 0)
(0.118242 0.0349047 0)
(0.074426 0.0203091 -8.31341e-21)
(0.0467388 0.0120918 0)
(0.0291127 0.00719558 -2.62928e-21)
(0.0179214 0.00423419 0)
(0.0108799 0.00245009 -8.77838e-22)
(0.00650547 0.0013893 0)
(0.00382923 0.000770022 -2.60581e-22)
(0.00221957 0.000416227 0)
(0.00127041 0.000219342 6.76409e-23)
(0.000726915 0.000113309 0)
(0.000442356 6.01524e-05 1.50582e-23)
(0.118794 0.981059 0)
(0.443849 0.432085 0)
(0.305341 0.143405 0)
(0.189081 0.0662654 0)
(0.117693 0.0360055 0)
(0.0741579 0.0209376 0)
(0.0465964 0.0124543 0)
(0.0290349 0.007403 0)
(0.0178792 0.00435062 -1.62961e-21)
(0.0108575 0.00251366 -9.11936e-22)
(0.00649394 0.00142278 0)
(0.00382355 0.000786862 -5.42644e-22)
(0.00221692 0.000424182 0)
(0.00126927 0.000222757 6.94725e-23)
(0.000726464 0.000114532 0)
(0.000442187 6.04176e-05 1.52044e-23)
(0.115996 0.963985 3.94025e-19)
(0.433996 0.429133 0)
(0.300828 0.146542 1.04808e-19)
(0.187717 0.0681678 4.0651e-20)
(0.117135 0.0370963 0)
(0.0738844 0.0215626 9.22784e-21)
(0.0464512 0.0128152 0)
(0.0289558 0.00760972 0)
(0.0178362 0.00446671 1.60681e-23)
(0.0108347 0.00257706 9.65481e-22)
(0.00648224 0.00145619 0)
(0.0038178 0.00080367 3.44156e-24)
(0.00221425 0.000432124 1.47879e-22)
(0.00126811 0.000226169 7.35875e-23)
(0.000726011 0.000115754 3.49538e-23)
(0.000442017 6.06826e-05 1.61432e-23)
(0.113061 0.947294 3.87916e-19)
(0.424341 0.42622 0)
(0.296383 0.149567 -3.22884e-22)
(0.186337 0.0700359 4.18085e-20)
(0.116566 0.0381769 -1.85802e-20)
(0.0736055 0.022184 9.57985e-21)
(0.0463032 0.0131747 0)
(0.0288751 0.00781571 0)
(0.0177925 0.00458244 1.77036e-21)
(0.0108115 0.0026403 -9.74268e-24)
(0.00647037 0.00148953 0)
(0.00381197 0.000820446 2.94468e-22)
(0.00221154 0.000440054 1.52126e-22)
(0.00126695 0.000229576 7.5414e-23)
(0.000725554 0.000116975 3.5611e-23)
(0.000441847 6.09477e-05 1.62892e-23)
(0.110005 0.930863 0)
(0.4149 0.423357 0)
(0.292004 0.152484 -1.07751e-19)
(0.184943 0.0718705 0)
(0.115988 0.0392474 -1.9223e-20)
(0.0733213 0.0228019 1.00623e-20)
(0.0461525 0.0135325 0)
(0.0287931 0.00802097 0)
(0.0177481 0.00469783 0)
(0.010788 0.00270337 9.72462e-24)
(0.00645832 0.00152279 0)
(0.00380607 0.00083719 0)
(0.0022088 0.000447971 0)
(0.00126577 0.000232979 0)
(0.000725093 0.000118196 0)
(0.000441677 6.12128e-05 0)
(0.106967 0.914813 0)
(0.405669 0.420547 -4.79333e-19)
(0.287689 0.155294 0)
(0.183536 0.0736726 0)
(0.115401 0.0403077 0)
(0.0730319 0.0234161 1.04085e-20)
(0.045999 0.0138889 0)
(0.0287095 0.00822549 0)
(0.0177029 0.00481286 0)
(0.0107641 0.00276627 1.08642e-21)
(0.00644611 0.00155597 0)
(0.00380009 0.000853902 0)
(0.00220604 0.000455876 0)
(0.00126458 0.000236378 0)
(0.00072463 0.000119415 0)
(0.000441506 6.14779e-05 -1.77691e-23)
(0.103983 0.899155 3.63307e-19)
(0.396645 0.417787 -4.68412e-19)
(0.283438 0.158002 1.11044e-19)
(0.182115 0.0754431 4.57004e-20)
(0.114804 0.0413578 0)
(0.0727372 0.0240266 1.08839e-20)
(0.0458427 0.0142436 6.13021e-21)
(0.0286246 0.00842926 0)
(0.017657 0.00492753 0)
(0.0107399 0.002829 -1.13944e-21)
(0.00643372 0.00158907 0)
(0.00379403 0.000870581 -3.35025e-22)
(0.00220324 0.000463768 0)
(0.00126338 0.000239773 -8.54401e-23)
(0.000724164 0.000120633 0)
(0.000441334 6.17429e-05 -3.62253e-23)
(0.101048 0.883874 3.56792e-19)
(0.387824 0.415075 0)
(0.279249 0.160608 1.12141e-19)
(0.180683 0.0771828 4.66875e-20)
(0.114198 0.0423977 0)
(0.0724375 0.0246334 1.12242e-20)
(0.0456838 0.0145967 6.32344e-21)
(0.0285382 0.00863228 3.59473e-21)
(0.0176104 0.00504183 0)
(0.0107153 0.00289156 9.66666e-24)
(0.00642116 0.0016221 0)
(0.0037879 0.000887226 -3.43931e-22)
(0.00220041 0.000471648 0)
(0.00126217 0.000243164 -8.72561e-23)
(0.000723694 0.000121851 4.14954e-23)
(0.000441161 6.2008e-05 -1.84561e-23)
(0.0981643 0.868959 0)
(0.379201 0.412411 4.47558e-19)
(0.27512 0.163117 0)
(0.179239 0.0788928 0)
(0.113583 0.0434273 2.22188e-20)
(0.0721328 0.0252364 0)
(0.0455222 0.0149482 0)
(0.0284505 0.00883452 3.70123e-21)
(0.017563 0.00515576 -2.17439e-21)
(0.0106903 0.00295394 1.21607e-21)
(0.00640843 0.00165504 -6.73889e-22)
(0.00378169 0.000903839 0)
(0.00219755 0.000479515 0)
(0.00126095 0.000246551 -9.1345e-23)
(0.000723221 0.000123067 4.21489e-23)
(0.000440988 6.2273e-05 -1.93929e-23)
(0.095331 0.854404 0)
(0.370773 0.409793 4.37378e-19)
(0.271051 0.16553 0)
(0.177784 0.0805737 0)
(0.11296 0.0444466 2.28105e-20)
(0.0718231 0.0258357 0)
(0.0453579 0.0152981 6.82909e-21)
(0.0283613 0.00903599 0)
(0.017515 0.00526932 -2.23546e-21)
(0.0106649 0.00301614 0)
(0.00639553 0.00168791 -6.91475e-22)
(0.00377541 0.000920417 0)
(0.00219466 0.00048737 0)
(0.00125972 0.000249933 -9.31554e-23)
(0.000722745 0.000124283 0)
(0.000440814 6.2538e-05 -1.95382e-23)
(0.0925496 0.840197 -3.33925e-19)
(0.362534 0.407219 0)
(0.267041 0.167851 -1.1615e-19)
(0.176321 0.0822266 0)
(0.112328 0.0454557 -2.35977e-20)
(0.0715085 0.0264312 0)
(0.045191 0.0156462 7.019e-21)
(0.0282707 0.00923668 -3.98902e-21)
(0.0174661 0.0053825 2.3279e-21)
(0.0106393 0.00307817 0)
(0.00638246 0.00172069 7.2055e-22)
(0.00376905 0.000936962 0)
(0.00219174 0.000495211 1.97533e-22)
(0.00125848 0.000253311 0)
(0.000722266 0.000125497 4.54071e-23)
(0.00044064 6.2803e-05 0)
(0.0898205 0.82633 -3.27782e-19)
(0.354479 0.40469 0)
(0.263087 0.170082 -1.16989e-19)
(0.174848 0.0838521 0)
(0.111688 0.0464544 -2.41693e-20)
(0.071189 0.0270228 0)
(0.0450214 0.0159927 0)
(0.0281787 0.00943657 -4.09397e-21)
(0.0174166 0.0054953 2.38855e-21)
(0.0106132 0.00314001 0)
(0.00636922 0.0017534 7.38041e-22)
(0.00376262 0.000953472 0)
(0.00218879 0.000503039 2.01718e-22)
(0.00125722 0.000256685 0)
(0.000721783 0.000126711 4.60582e-23)
(0.000440465 6.30681e-05 0)
(0.0871435 0.812796 0)
(0.346606 0.402202 -4.08518e-19)
(0.259189 0.172225 0)
(0.173367 0.085451 -5.21357e-20)
(0.11104 0.0474429 0)
(0.0708648 0.0276105 0)
(0.0448493 0.0163375 7.51645e-21)
(0.0280854 0.00963566 0)
(0.0173664 0.00560772 0)
(0.0105868 0.00320168 0)
(0.00635581 0.00178602 0)
(0.00375611 0.000969948 0)
(0.00218581 0.000510854 0)
(0.00125596 0.000260055 0)
(0.000721298 0.000127923 0)
(0.00044029 6.33331e-05 2.15545e-23)
(0.0845196 0.799584 0)
(0.338908 0.399756 -3.99275e-19)
(0.255345 0.174283 0)
(0.171878 0.0870237 -5.2959e-20)
(0.110385 0.0484211 0)
(0.0705359 0.0281943 0)
(0.0446745 0.0166806 7.70288e-21)
(0.0279907 0.00983393 0)
(0.0173154 0.00571974 0)
(0.01056 0.00326316 1.4392e-21)
(0.00634223 0.00181856 0)
(0.00374953 0.000986389 4.20762e-22)
(0.0021828 0.000518656 -6.38334e-14)
(0.00125468 0.000263421 -3.134e-14)
(0.000720809 0.000129134 0)
(0.000440114 6.35981e-05 4.37935e-23)
(0.0819484 0.786689 0)
(0.331383 0.397349 0)
(0.251555 0.17626 0)
(0.170382 0.0885702 0)
(0.109722 0.049389 0)
(0.0702024 0.0287741 0)
(0.0444972 0.0170219 -7.96802e-21)
(0.0278946 0.0100313 0)
(0.0172638 0.00583137 -2.63185e-21)
(0.0105329 0.00332445 1.472e-21)
(0.00632849 0.00185101 -8.13148e-22)
(0.00374287 0.00100279 4.29523e-22)
(0.00217976 0.000526444 -6.50626e-14)
(0.0012534 0.000266782 -3.18708e-14)
(0.000720318 0.000130345 0)
(0.000439937 6.3863e-05 2.22388e-23)
(0.0794306 0.774101 0)
(0.324026 0.394981 1.908e-19)
(0.247818 0.178159 -6.04422e-20)
(0.16888 0.0900905 2.75009e-20)
(0.109051 0.0503466 1.3428e-20)
(0.0698643 0.0293501 7.20753e-21)
(0.0443174 0.0173615 -4.05619e-21)
(0.0277971 0.0102281 0)
(0.0172114 0.0059426 -1.33803e-21)
(0.0105054 0.00338555 7.61834e-22)
(0.00631458 0.00188339 -4.12368e-22)
(0.00373614 0.00101916 0)
(0.00217669 0.000534219 1.14113e-22)
(0.0012521 0.000270139 -5.4815e-23)
(0.000719823 0.000131554 2.59512e-23)
(0.00043976 6.4128e-05 1.15864e-23)
(0.0769656 0.761814 1.46704e-19)
(0.316833 0.392651 -1.96083e-23)
(0.244132 0.179982 -6.07029e-20)
(0.167373 0.0915845 -7.48211e-23)
(0.108373 0.051294 -4.8793e-23)
(0.0695217 0.029922 7.3637e-21)
(0.044135 0.0176993 -1.9755e-23)
(0.0276983 0.0104231 -2.38044e-21)
(0.0171583 0.00605343 -7.75255e-24)
(0.0104776 0.00344647 -4.72968e-24)
(0.0063005 0.00191567 4.26689e-22)
(0.00372934 0.0010355 -2.28551e-22)
(0.00217359 0.000541981 -9.81295e-25)
(0.00125079 0.000273491 -5.64376e-25)
(0.000719325 0.000132763 2.62746e-23)
(0.000439582 6.4393e-05 -1.97293e-25)
(0.0745533 0.749819 1.43929e-19)
(0.3098 0.390357 1.76747e-23)
(0.240496 0.181732 0)
(0.16586 0.0930524 -2.83189e-20)
(0.107688 0.0522312 -1.39941e-20)
(0.0691747 0.0304899 7.5807e-21)
(0.0439502 0.0180354 -4.29785e-21)
(0.0275987 0.010618 -2.45574e-21)
(0.0171046 0.00616385 7.72774e-24)
(0.0104494 0.00350719 -7.99069e-22)
(0.00628626 0.00194787 0)
(0.00372246 0.0010518 -2.32897e-22)
(0.00217046 0.000549729 9.79847e-25)
(0.00124947 0.000276839 -5.82976e-23)
(0.000718823 0.00013397 0)
(0.000439403 6.46579e-05 -1.19279e-23)
(0.0721937 0.738109 0)
(0.302924 0.3881 1.0539e-10)
(0.23691 0.183412 3.63289e-11)
(0.164343 0.0944942 0)
(0.106996 0.0531582 0)
(0.0688233 0.0310537 7.73367e-21)
(0.0437628 0.0183696 0)
(0.0274973 0.0108127 0)
(0.0170501 0.00627386 2.92371e-21)
(0.0104209 0.00356772 0)
(0.00627185 0.00197998 0)
(0.00371551 0.00106806 0)
(0.0021673 0.000557463 1.22273e-22)
(0.00124815 0.000280183 0)
(0.000718319 0.000135176 2.78921e-23)
(0.000439224 6.49228e-05 0)
(0.0698861 0.726678 0)
(0.296201 0.385876 1.03039e-10)
(0.233373 0.185025 3.64356e-11)
(0.162822 0.0959102 -2.92305e-20)
(0.106298 0.054075 0)
(0.0684676 0.0316135 -7.94668e-21)
(0.043573 0.018702 -4.53628e-21)
(0.0273939 0.0110054 0)
(0.0169949 0.00638347 -7.67461e-24)
(0.0103921 0.00362806 -8.45447e-22)
(0.00625728 0.00201201 0)
(0.00370849 0.00108429 -2.4659e-22)
(0.00216411 0.000565184 -1.26286e-22)
(0.00124681 0.000283522 0)
(0.000717811 0.000136382 -3.23458e-25)
(0.000439045 6.51878e-05 0)
(0.0676319 0.715518 1.34391e-19)
(0.289626 0.383687 1.22701e-23)
(0.229882 0.186574 9.6502e-23)
(0.161297 0.0973006 7.08263e-23)
(0.105593 0.0549816 1.4925e-20)
(0.0681077 0.0321692 -8.09641e-21)
(0.0433808 0.0190326 1.93797e-23)
(0.0272897 0.0111975 2.71505e-21)
(0.0169391 0.00649265 7.64755e-24)
(0.0103628 0.0036882 4.67571e-24)
(0.00624254 0.00204394 0)
(0.00370139 0.00110047 1.67107e-24)
(0.00216089 0.00057289 9.75299e-25)
(0.00124546 0.000286857 6.32194e-23)
(0.000717301 0.000137586 3.23209e-25)
(0.000438865 6.54527e-05 1.29321e-23)
(0.0654279 0.704623 3.56292e-22)
(0.283198 0.38153 1.66687e-19)
(0.226439 0.18806 6.21234e-20)
(0.159769 0.0986655 -6.98297e-23)
(0.104881 0.0558781 1.51622e-20)
(0.0677436 0.0327208 0)
(0.0431862 0.0193613 -1.9282e-23)
(0.0271842 0.011389 2.76476e-21)
(0.0168826 0.0066014 -7.61995e-24)
(0.0103333 0.00374814 8.82147e-22)
(0.00622764 0.00207579 0)
(0.00369422 0.00111663 -1.66759e-24)
(0.00215764 0.000580583 -9.73712e-25)
(0.00124409 0.000290187 6.41064e-23)
(0.000716787 0.000138789 2.95038e-23)
(0.000438684 6.57176e-05 -1.9687e-25)
(0.0632743 0.693985 -1.28934e-19)
(0.276911 0.379406 0)
(0.223041 0.189486 0)
(0.158239 0.100005 -3.03165e-20)
(0.104164 0.0567646 -1.54877e-20)
(0.0673753 0.0332683 8.48202e-21)
(0.0429891 0.0196882 -4.8397e-21)
(0.0270775 0.0115796 0)
(0.0168254 0.00670973 -3.21842e-21)
(0.0103034 0.00380788 0)
(0.00621257 0.00210755 0)
(0.00368698 0.00113274 -2.62828e-22)
(0.00215436 0.000588261 -1.34378e-22)
(0.00124272 0.000293513 0)
(0.00071627 0.000139991 0)
(0.000438502 6.59825e-05 -1.32724e-23)
(0.0611723 0.683599 1.25771e-19)
(0.270764 0.377312 0)
(0.219687 0.190854 6.25883e-20)
(0.156706 0.10132 0)
(0.10344 0.057641 4.57712e-23)
(0.0670031 0.0338116 8.62687e-21)
(0.0427897 0.0200132 4.96489e-21)
(0.0269694 0.0117693 0)
(0.0167675 0.00681763 7.56314e-24)
(0.0102731 0.00386742 0)
(0.00619734 0.00213922 5.08824e-22)
(0.00367966 0.00114882 0)
(0.00215105 0.000595925 1.38359e-22)
(0.00124134 0.000296834 6.75568e-23)
(0.00071575 0.000141192 0)
(0.00043832 6.62474e-05 0)
(0.0591207 0.673459 3.31501e-22)
(0.264752 0.375249 -1.55955e-19)
(0.216378 0.192166 -8.50453e-23)
(0.155171 0.102611 -3.1089e-20)
(0.102711 0.0585074 -4.5325e-23)
(0.0666268 0.0343508 -8.82974e-21)
(0.042588 0.0203363 -1.8978e-23)
(0.0268601 0.0119581 -2.96067e-21)
(0.0167089 0.0069251 -7.53392e-24)
(0.0102426 0.00392675 -9.48271e-22)
(0.00618195 0.00217079 -2.78803e-24)
(0.00367227 0.00116485 -2.76347e-22)
(0.00214771 0.000603575 -9.6875e-25)
(0.00123995 0.000300151 -5.59078e-25)
(0.000715226 0.000142393 -3.17549e-23)
(0.000438137 6.65122e-05 -1.40056e-23)
(0.0571202 0.663559 -1.20636e-19)
(0.258872 0.373216 4.4965e-24)
(0.213112 0.193425 8.23708e-23)
(0.153636 0.103877 -3.13557e-20)
(0.101976 0.0593639 4.48756e-23)
(0.0662465 0.0348858 -8.9713e-21)
(0.0423839 0.0206575 3.05868e-12)
(0.0267494 0.012146 1.78585e-12)
(0.0166496 0.00703213 -1.71423e-21)
(0.0102116 0.00398588 4.60158e-24)
(0.0061664 0.00220228 3.13965e-13)
(0.00366481 0.00118086 1.66837e-13)
(0.00214434 0.000611211 -8.53291e-14)
(0.00123854 0.000303463 -4.16348e-14)
(0.0007147 0.000143592 -3.20743e-23)
(0.000437954 6.67771e-05 1.96488e-25)
(0.0551683 0.653892 1.17668e-19)
(0.253122 0.371212 -3.11394e-24)
(0.209888 0.194632 6.28809e-20)
(0.152099 0.105119 0)
(0.101235 0.0602104 1.65088e-20)
(0.0658624 0.0354166 -5.4204e-12)
(0.0421775 0.0209768 -1.10934e-14)
(0.0266375 0.0123329 1.81441e-12)
(0.0165897 0.00713871 1.75764e-21)
(0.0101804 0.00404481 -4.58588e-24)
(0.00615069 0.00223367 3.18893e-13)
(0.00365728 0.00119682 1.69342e-13)
(0.00214095 0.000618832 -8.65252e-14)
(0.00123713 0.00030677 -4.21541e-14)
(0.000714171 0.00014479 0)
(0.00043777 6.70419e-05 1.4345e-23)
(0.0532648 0.644454 3.08537e-22)
(0.247497 0.369237 -1.46019e-19)
(0.206706 0.19579 0)
(0.150561 0.106337 -3.20494e-20)
(0.100489 0.0610471 0)
(0.0654745 0.0359432 -5.50214e-12)
(0.0419688 0.0212941 -3.16974e-12)
(0.0265244 0.012519 -6.27085e-21)
(0.0165291 0.00724486 1.78592e-21)
(0.0101488 0.00410352 -1.00444e-21)
(0.00613481 0.00226497 0)
(0.00364968 0.00121274 -2.94007e-22)
(0.00213752 0.000626438 0)
(0.0012357 0.000310073 0)
(0.000713638 0.000145986 -3.36763e-23)
(0.000437586 6.73068e-05 0)
(0.0514094 0.635238 -1.12846e-19)
(0.241996 0.367288 0)
(0.203564 0.1969 0)
(0.149023 0.107532 -3.22824e-20)
(0.0997385 0.061874 0)
(0.0650828 0.0364656 5.61717e-12)
(0.0417579 0.0216095 3.24111e-12)
(0.02641 0.0127041 -3.18909e-21)
(0.0164679 0.00735055 0)
(0.0101169 0.00416202 0)
(0.00611878 0.00229617 0)
(0.003642 0.00122862 -2.98219e-22)
(0.00213406 0.00063403 0)
(0.00123427 0.000313371 0)
(0.000713102 0.000147182 -3.39942e-23)
(0.000437401 6.75716e-05 0)
(0.0496029 0.62624 0)
(0.236615 0.365368 0)
(0.200462 0.197964 0)
(0.147485 0.108705 0)
(0.0989826 0.0626911 0)
(0.0646874 0.0369838 5.69696e-12)
(0.0415447 0.021923 3.29007e-12)
(0.0262943 0.0128883 0)
(0.016406 0.00745579 0)
(0.0100846 0.00422031 0)
(0.00610258 0.00232728 0)
(0.00363425 0.00124447 0)
(0.00213058 0.000641607 -9.23712e-14)
(0.00123282 0.000316665 -4.50214e-14)
(0.000712563 0.000148377 0)
(0.000437215 6.78364e-05 0)
(0.0478431 0.617454 0)
(0.231351 0.363473 0)
(0.197399 0.198984 0)
(0.145947 0.109854 0)
(0.0982217 0.0634985 0)
(0.0642884 0.0374977 0)
(0.0413292 0.0222345 0)
(0.0261774 0.0130715 0)
(0.0163434 0.00756058 0)
(0.010052 0.00427839 0)
(0.00608623 0.0023583 0)
(0.00362644 0.00126027 0)
(0.00212707 0.000649169 -9.35551e-14)
(0.00123137 0.000319953 -4.55365e-14)
(0.000712022 0.000149571 0)
(0.000437029 6.81012e-05 0)
(0.0461292 0.608875 0)
(0.226202 0.361605 0)
(0.194375 0.199961 0)
(0.14441 0.110981 0)
(0.0974562 0.0642962 0)
(0.0638857 0.0380073 0)
(0.0411116 0.022544 0)
(0.0260592 0.0132538 0)
(0.0162802 0.0076649 0)
(0.0100191 0.00433625 0)
(0.00606971 0.00238921 0)
(0.00361855 0.00127604 0)
(0.00212352 0.000656717 0)
(0.0012299 0.000323237 0)
(0.000711477 0.000150763 0)
(0.000436842 6.8366e-05 0)
(0.0444608 0.600498 0)
(0.221165 0.359762 0)
(0.191389 0.200898 0)
(0.142874 0.112087 0)
(0.096686 0.0650843 0)
(0.0634796 0.0385127 0)
(0.0408918 0.0228515 0)
(0.0259399 0.0134351 0)
(0.0162163 0.00776877 0)
(0.0099858 0.0043939 0)
(0.00605304 0.00242003 0)
(0.00361059 0.00129176 0)
(0.00211995 0.000664249 0)
(0.00122842 0.000326517 0)
(0.000710928 0.000151955 0)
(0.000436655 6.86308e-05 0)
(0.042839 0.592318 0)
(0.216237 0.357944 0)
(0.188439 0.201795 0)
(0.141338 0.113171 0)
(0.0959115 0.0658629 0)
(0.0630699 0.0390139 0)
(0.0406699 0.023157 0)
(0.0258193 0.0136155 0)
(0.0161518 0.00787216 0)
(0.00995222 0.00445132 0)
(0.00603622 0.00245076 0)
(0.00360255 0.00130744 0)
(0.00211635 0.000671766 0)
(0.00122694 0.000329791 0)
(0.000710377 0.000153145 0)
(0.000436467 6.88956e-05 0)
(0.0412587 0.584334 0)
(0.211415 0.35615 0)
(0.185526 0.202653 0)
(0.139804 0.114233 0)
(0.0951326 0.066632 0)
(0.0626569 0.0395107 0)
(0.0404458 0.0234605 0)
(0.0256975 0.0137948 0)
(0.0160866 0.00797509 0)
(0.0099183 0.00450853 0)
(0.00601923 0.00248138 0)
(0.00359445 0.00132309 0)
(0.00211272 0.000679268 0)
(0.00122544 0.000333061 0)
(0.000709823 0.000154334 0)
(0.000436278 6.91604e-05 0)
(0.0397258 0.576528 0)
(0.206699 0.354384 0)
(0.182649 0.203477 0)
(0.138271 0.115275 0)
(0.0943496 0.0673916 0)
(0.0622404 0.0400032 0)
(0.0402195 0.023762 0)
(0.0255745 0.0139732 0)
(0.0160208 0.00807754 0)
(0.00988406 0.00456551 0)
(0.00600209 0.00251191 0)
(0.00358628 0.00133869 0)
(0.00210906 0.000686755 0)
(0.00122393 0.000336325 0)
(0.000709266 0.000155522 0)
(0.000436088 6.94252e-05 0)
(0.0382455 0.56894 0)
(0.202076 0.352633 0)
(0.179807 0.204261 0)
(0.13674 0.116295 0)
(0.0935626 0.0681417 0)
(0.0618206 0.0404915 0)
(0.0399912 0.0240615 0)
(0.0254504 0.0141507 0)
(0.0159544 0.00817952 0)
(0.0098495 0.00462227 0)
(0.00598479 0.00254233 0)
(0.00357804 0.00135425 0)
(0.00210537 0.000694226 0)
(0.00122241 0.000339585 0)
(0.000708705 0.000156709 0)
(0.000435891 6.96898e-05 0)
(0.0367302 0.561455 0)
(0.197577 0.350921 0)
(0.177001 0.205022 0)
(0.13521 0.117299 0)
(0.0927715 0.0688833 0)
(0.0613977 0.0409753 0)
(0.0397609 0.0243586 0)
(0.025325 0.0143268 0)
(0.0158873 0.00828086 0)
(0.00981461 0.00467873 0)
(0.00596734 0.00257262 0)
(0.00356973 0.00136975 0)
(0.00210166 0.000701676 0)
(0.00122088 0.000342838 0)
(0.000708139 0.000157895 0)
(0.000435656 6.99533e-05 0)
(0.0355509 0.554318 0)
(0.193129 0.349218 0)
(0.174205 0.205722 0)
(0.133676 0.11827 0)
(0.0919747 0.0696122 0)
(0.0609706 0.0414546 6.5345e-12)
(0.0395279 0.0246544 3.81772e-12)
(0.025198 0.014503 0)
(0.0158193 0.00838241 0)
(0.00977926 0.00473532 0)
(0.00594967 0.00260298 0)
(0.00356132 0.00138529 0)
(0.00209789 0.000709138 0)
(0.00121932 0.000346095 0)
(0.000707526 0.000159079 0)
(0.000435227 7.02111e-05 0)
(0.0335884 0.547016 0)
(0.188804 0.34754 0)
(0.171539 0.206446 0)
(0.132202 0.119247 0)
(0.0911993 0.070342 0)
(0.0605488 0.0419323 6.59567e-12)
(0.0392947 0.024948 3.85907e-12)
(0.0250695 0.014677 0)
(0.0157493 0.0084824 0)
(0.00974192 0.0047911 0)
(0.00593028 0.00263296 0)
(0.00355153 0.00140066 0)
(0.00209305 0.000716536 0)
(0.00121688 0.00034933 0)
(0.000706102 0.000160261 0)
(0.000433886 7.048e-05 0)
(0.0325732 0.518657 0)
(0.169682 0.34053 0)
(0.157592 0.209248 0)
(0.12316 0.123872 0)
(0.0857281 0.0741977 0)
(0.0571626 0.0447107 0)
(0.0371591 0.0268314 0)
(0.0237104 0.0159168 0)
(0.0148817 0.00928192 0)
(0.00918738 0.00529802 0)
(0.00557444 0.00294906 0)
(0.00332063 0.00159441 0)
(0.00193916 0.000833115 0)
(0.00110849 0.000418127 0)
(0.000617471 0.000199928 0)
(0.00033708 9.24684e-05 0)
(0.0240195 0.474248 0)
(0.140123 0.328883 0)
(0.135798 0.213241 0)
(0.108976 0.131379 0)
(0.0771948 0.0807089 0)
(0.0519853 0.0495046 0)
(0.0339865 0.0301305 0)
(0.021767 0.0181132 0)
(0.013701 0.0107131 0)
(0.00848012 0.00621434 0)
(0.00515867 0.003526 0)
(0.00308158 0.00195153 0)
(0.00180522 0.00105021 0)
(0.0010357 0.000547658 0)
(0.000579635 0.000275516 0)
(0.000319618 0.000135252 0)
(0.01706 0.437367 0)
(0.115124 0.318486 0)
(0.11597 0.215709 0)
(0.0951749 0.137462 0)
(0.0684637 0.0863167 0)
(0.0465179 0.0537349 0)
(0.0305664 0.0330812 0)
(0.0196412 0.0200921 0)
(0.0123935 0.0120079 0)
(0.00768761 0.00704574 0)
(0.00468678 0.00405065 0)
(0.00280622 0.00227699 0)
(0.00164816 0.0012485 0)
(0.000948373 0.000666243 0)
(0.000532644 0.000344836 0)
(0.000294576 0.00017461 0)
(0.0119374 0.407019 0)
(0.0937739 0.309346 0)
(0.0977418 0.217138 0)
(0.0817307 0.142375 0)
(0.0595811 0.0911063 0)
(0.0408016 0.0574244 0)
(0.0269302 0.0356849 0)
(0.0173548 0.0218494 0)
(0.0109742 0.0131621 0)
(0.00681997 0.00778871 0)
(0.00416552 0.00452047 0)
(0.00249903 0.00256901 0)
(0.00147094 0.00142678 0)
(0.000848482 0.000773097 0)
(0.000477946 0.000407496 0)
(0.000264987 0.000210376 0)
(0.00830277 0.38232 0)
(0.0753624 0.301497 0)
(0.0808608 0.217874 0)
(0.0686456 0.146297 0)
(0.0506016 0.0951206 0)
(0.0348823 0.0605764 0)
(0.0231103 0.0379319 0)
(0.0149291 0.0233742 0)
(0.0094572 0.0141669 0)
(0.00588633 0.0084369 0)
(0.00360078 0.00493105 0)
(0.00216374 0.00282462 0)
(0.00127588 0.0015831 0)
(0.000737465 0.00086695 0)
(0.000416415 0.000462655 0)
(0.000231356 0.000241974 0)
(0.00584378 0.362598 0)
(0.0592906 0.294954 0)
(0.0650959 0.218179 0)
(0.0558966 0.149379 0)
(0.0415639 0.0984034 0)
(0.0288008 0.0631976 0)
(0.0191374 0.0398161 0)
(0.0123858 0.0246586 0)
(0.00785689 0.0150154 0)
(0.00489618 0.00898524 0)
(0.00299872 0.00527887 0)
(0.0018043 0.00304144 0)
(0.00106547 0.00171587 0)
(0.000616856 0.000946785 0)
(0.000348988 0.000509663 0)
(0.000194226 0.000268988 0)
(0.00430015 0.347331 0)
(0.0450412 0.289726 0)
(0.0502287 0.21825 0)
(0.0434417 0.15174 0)
(0.032493 0.100995 0)
(0.0225927 0.0652949 0)
(0.0150409 0.0413329 0)
(0.00974612 0.0256959 0)
(0.00618793 0.0157019 0)
(0.00385931 0.00942943 0)
(0.00236574 0.00556089 0)
(0.00142483 0.00321741 0)
(0.000842314 0.00182374 0)
(0.000488276 0.00101172 0)
(0.000276659 0.000547953 0)
(0.000154179 0.000291043 0)
(0.00343002 0.336099 0)
(0.0321506 0.285818 0)
(0.0360481 0.218239 0)
(0.0312248 0.153479 0)
(0.0234036 0.102936 0)
(0.0162891 0.0668769 0)
(0.0108488 0.0424804 0)
(0.00703118 0.0264818 0)
(0.00446518 0.0162224 0)
(0.00278579 0.00976643 0)
(0.00170848 0.00577498 0)
(0.0010296 0.00335109 0)
(0.00060913 0.00190575 0)
(0.000353421 0.00106113 0)
(0.000200467 0.000577126 0)
(0.000111829 0.00030788 0)
(0.00328007 0.328726 0)
(0.0203611 0.283254 0)
(0.0224198 0.218238 0)
(0.0192038 0.154645 0)
(0.0143094 0.104234 0)
(0.00991941 0.0679345 0)
(0.00658816 0.0432461 0)
(0.004262 0.0270052 0)
(0.00270358 0.0165686 0)
(0.00168577 0.00999032 0)
(0.00103367 0.0059171 0)
(0.000622999 0.00343978 0)
(0.000368695 0.00196014 0)
(0.000214024 0.0010939 0)
(0.000121479 0.000596473 0)
(6.78094e-05 0.000319053 0)
(0.00169496 0.32409 0)
(0.00732489 0.281713 0)
(0.00784644 0.218303 0)
(0.00661219 0.15542 0)
(0.00488294 0.105065 0)
(0.00336477 0.068602 0)
(0.00222591 0.0437243 0)
(0.00143623 0.0273298 0)
(0.000909595 0.0167822 0)
(0.000566647 0.0101279 0)
(0.000347312 0.00600421 0)
(0.000209316 0.00349401 0)
(0.000123899 0.00199335 0)
(7.19503e-05 0.00111387 0)
(4.08614e-05 0.000608246 0)
(2.28215e-05 0.000325843 0)
(0.000207021 2.05592e-05 0)
(0.000103583 1.01574e-05 0)
(5.66375e-05 5.42655e-06 0)
(3.16595e-05 2.91925e-06 -1.68837e-23)
(1.95089e-05 1.71899e-06 1.7875e-32)
(1.35321e-05 1.14199e-06 8.01048e-33)
(1.07853e-05 8.86258e-07 -3.48591e-33)
(9.54471e-06 7.75331e-07 0)
(9.01891e-06 7.26984e-07 0)
(8.79949e-06 7.05257e-07 0)
(8.71807e-06 6.97087e-07 -6.71406e-35)
(8.64746e-06 6.90063e-07 -3.80005e-35)
(8.63339e-06 6.83661e-07 8.50033e-24)
(1.235e-05 1.05318e-06 -6.57589e-34)
(0.000207921 2.14388e-05 0)
(0.000104841 1.09821e-05 0)
(5.80945e-05 6.20529e-06 2.91058e-23)
(3.32159e-05 3.65895e-06 -5.81199e-23)
(2.1119e-05 2.39533e-06 5.80927e-23)
(1.51713e-05 1.75923e-06 -5.80098e-23)
(1.24401e-05 1.45882e-06 -5.79068e-23)
(1.12075e-05 1.31823e-06 -5.78436e-23)
(1.06852e-05 1.25964e-06 -5.77863e-23)
(1.0467e-05 1.23687e-06 0)
(1.03861e-05 1.2285e-06 5.77767e-23)
(1.03155e-05 1.22151e-06 5.77767e-23)
(1.03014e-05 1.21947e-06 -2.89119e-23)
(1.44376e-05 1.63487e-06 -5.78479e-23)
(0.000205391 2.04701e-05 0)
(0.000102376 1.00049e-05 -3.25455e-23)
(5.56646e-05 5.25419e-06 6.49219e-23)
(3.07992e-05 2.75486e-06 3.76028e-32)
(1.8706e-05 1.5495e-06 6.49288e-23)
(1.27577e-05 9.66833e-07 -6.49942e-23)
(1.00246e-05 7.07469e-07 -6.50703e-23)
(8.79029e-06 5.95377e-07 -6.5097e-23)
(8.26721e-06 5.47215e-07 -6.5144e-23)
(8.04892e-06 5.25125e-07 3.25767e-23)
(7.96802e-06 5.16718e-07 3.25765e-23)
(7.89778e-06 5.09835e-07 6.5153e-23)
(7.88454e-06 4.95713e-07 -6.51003e-23)
(1.06507e-05 7.68428e-07 -6.50827e-23)
(0.000200484 2.14005e-05 0)
(9.75103e-05 1.06932e-05 -1.48917e-23)
(5.08292e-05 5.73676e-06 2.93108e-23)
(2.59837e-05 3.0959e-06 2.91076e-23)
(1.39034e-05 1.79151e-06 2.89939e-23)
(7.96381e-06 1.13648e-06 -2.90017e-23)
(5.23628e-06 8.27746e-07 -2.89944e-23)
(4.00533e-06 6.851e-07 -2.90022e-23)
(3.48378e-06 6.2332e-07 -2.89303e-23)
(3.26598e-06 5.99543e-07 2.89115e-23)
(3.18516e-06 5.90872e-07 0)
(3.11474e-06 5.8399e-07 2.891e-23)
(3.10104e-06 5.76324e-07 -2.89571e-23)
(4.13428e-06 6.80347e-07 -2.89593e-23)
(0.000198121 2.04048e-05 0)
(9.51577e-05 9.69661e-06 0)
(4.84806e-05 4.77705e-06 7.5329e-24)
(2.36337e-05 2.18879e-06 3.61497e-24)
(1.15505e-05 9.31008e-07 3.53961e-24)
(5.60765e-06 3.19292e-07 -6.95116e-24)
(2.87721e-06 4.53759e-08 -6.84223e-24)
(1.64402e-06 -7.12991e-08 -6.79446e-24)
(1.12124e-06 -1.18348e-07 -6.84143e-24)
(9.03068e-07 -1.40494e-07 6.86008e-24)
(8.22206e-07 -1.49159e-07 0)
(7.52012e-07 -1.55993e-07 6.85943e-24)
(7.38781e-07 -1.71366e-07 -6.80066e-24)
(9.87191e-07 -1.50982e-07 -6.8024e-24)
(0.000197364 2.13535e-05 0)
(9.44243e-05 1.05041e-05 0)
(4.77656e-05 5.4651e-06 1.97407e-24)
(2.29303e-05 2.79401e-06 0)
(1.08551e-05 1.47558e-06 0)
(4.91792e-06 8.15142e-07 -1.28536e-24)
(2.19212e-06 4.9775e-07 -1.28222e-24)
(9.62464e-07 3.43489e-07 -1.22287e-24)
(4.41675e-07 2.76296e-07 -1.09364e-24)
(2.24101e-07 2.5205e-07 1.08409e-24)
(1.43326e-07 2.4308e-07 0)
(7.29092e-08 2.36179e-07 1.08162e-24)
(5.90911e-08 2.28575e-07 -1.1546e-24)
(1.47763e-07 2.39528e-07 -5.82402e-25)
(0.000197285 2.07882e-05 0)
(9.43599e-05 9.88256e-06 0)
(4.77092e-05 4.83562e-06 3.76458e-25)
(2.28755e-05 2.18554e-06 2.00726e-25)
(1.07991e-05 8.96675e-07 0)
(4.85949e-06 2.70136e-07 -1.12972e-25)
(2.13058e-06 -9.46632e-09 -4.56567e-26)
(8.97997e-07 -1.27928e-07 -5.31595e-26)
(3.75456e-07 -1.73946e-07 -1.19208e-25)
(1.57373e-07 -1.96726e-07 1.31269e-25)
(7.65863e-08 -2.05586e-07 0)
(6.36558e-09 -2.1249e-07 1.30354e-25)
(-6.89982e-09 -2.27057e-07 -6.1499e-26)
(2.94846e-08 -2.27973e-07 -2.73236e-26)
(0.000197169 2.15812e-05 0)
(9.42625e-05 1.05821e-05 0)
(4.76259e-05 5.45901e-06 5.10339e-25)
(2.28006e-05 2.75954e-06 2.8839e-25)
(1.07298e-05 1.43129e-06 0)
(4.79449e-06 7.70935e-07 -2.23803e-25)
(2.06916e-06 4.57726e-07 -1.682e-25)
(8.39559e-07 3.0913e-07 -1.23261e-25)
(3.18937e-07 2.39817e-07 -7.45673e-26)
(1.01588e-07 2.13437e-07 3.56304e-26)
(2.09161e-08 2.04169e-07 1.61307e-26)
(-4.95072e-08 1.97175e-07 1.59473e-26)
(-6.32483e-08 1.89268e-07 -6.7001e-26)
(-9.97671e-09 1.95321e-07 -7.07437e-26)
(0.000197168 2.13281e-05 0)
(9.42823e-05 1.02164e-05 0)
(4.76591e-05 5.02963e-06 9.73962e-25)
(2.28397e-05 2.30785e-06 2.33304e-25)
(1.07712e-05 9.75804e-07 0)
(4.83613e-06 3.23155e-07 -4.40916e-26)
(2.10984e-06 2.64692e-08 2.77883e-26)
(8.78706e-07 -1.02931e-07 5.58813e-26)
(3.56726e-07 -1.51611e-07 7.69373e-26)
(1.38766e-07 -1.73144e-07 -2.86491e-26)
(5.79759e-08 -1.8216e-07 -2.93652e-26)
(-1.22283e-08 -1.8914e-07 0)
(-2.54923e-08 -2.03813e-07 6.90003e-26)
(7.93181e-09 -2.03995e-07 7.08742e-26)
(0.000197088 2.18942e-05 0)
(9.42183e-05 1.07232e-05 0)
(4.7606e-05 5.49654e-06 1.18017e-24)
(2.2792e-05 2.75533e-06 3.15589e-25)
(1.07267e-05 1.4094e-06 1.71241e-25)
(4.79373e-06 7.44363e-07 -2.05102e-25)
(2.06921e-06 4.328e-07 -1.38702e-25)
(8.39791e-07 2.8748e-07 -1.09157e-25)
(3.19301e-07 2.19071e-07 -1.41077e-25)
(1.02179e-07 1.89269e-07 5.59348e-26)
(2.16225e-08 1.79659e-07 5.11332e-26)
(-4.87835e-08 1.72572e-07 0)
(-6.25057e-08 1.64751e-07 -6.02829e-26)
(-1.08471e-08 1.69737e-07 -6.0631e-26)
(0.00019707 2.18349e-05 -2.32661e-24)
(9.42228e-05 1.05269e-05 0)
(4.76264e-05 5.20876e-06 1.24344e-24)
(2.28209e-05 2.42168e-06 3.08857e-25)
(1.07599e-05 1.05047e-06 2.7364e-25)
(4.82905e-06 3.74452e-07 -9.23094e-26)
(2.10518e-06 6.25376e-08 3.63558e-27)
(8.75409e-07 -7.61857e-08 5.47394e-26)
(3.5405e-07 -1.29714e-07 1.17554e-25)
(1.36188e-07 -1.49028e-07 -6.4701e-26)
(5.53895e-08 -1.58137e-07 -6.47208e-26)
(-1.47893e-08 -1.65185e-07 0)
(-2.80254e-08 -1.80474e-07 8.44076e-26)
(6.55378e-09 -1.79796e-07 8.39036e-26)
(0.000197007 2.22343e-05 -2.55984e-24)
(9.41735e-05 1.08835e-05 0)
(4.7586e-05 5.54759e-06 1.40882e-24)
(2.27841e-05 2.76085e-06 3.72311e-25)
(1.07245e-05 1.39439e-06 3.95452e-25)
(4.79414e-06 7.22389e-07 -2.30764e-25)
(2.07065e-06 4.10417e-07 -1.5579e-25)
(8.41543e-07 2.66675e-07 -1.28938e-25)
(3.21209e-07 1.99767e-07 -1.49444e-25)
(1.04263e-07 1.67152e-07 9.57389e-26)
(2.38321e-08 1.57119e-07 8.88331e-26)
(-4.65828e-08 1.49927e-07 0)
(-6.02719e-08 1.4226e-07 -8.13593e-26)
(-9.72881e-09 1.46533e-07 -8.00617e-26)
(0.000196974 2.23181e-05 0)
(9.41646e-05 1.0821e-05 0)
(4.75948e-05 5.37544e-06 1.48025e-24)
(2.2803e-05 2.5254e-06 3.66543e-25)
(1.07495e-05 1.11721e-06 3.21768e-25)
(4.82268e-06 4.19894e-07 -1.05183e-25)
(2.10104e-06 9.50401e-08 1.14781e-26)
(8.72468e-07 -5.1025e-08 7.49818e-26)
(3.51659e-07 -1.08677e-07 1.28954e-25)
(1.33968e-07 -1.27429e-07 -1.05039e-25)
(5.31987e-08 -1.3652e-07 -1.03511e-25)
(-1.69668e-08 -1.43628e-07 -5.18534e-26)
(-3.01662e-08 -1.59312e-07 1.12994e-25)
(5.44695e-09 -1.58122e-07 1.11563e-25)
(0.000196922 2.25982e-05 0)
(9.41259e-05 1.10626e-05 0)
(4.7564e-05 5.61571e-06 8.40178e-25)
(2.27743e-05 2.78178e-06 9.09346e-25)
(1.07209e-05 1.39205e-06 5.02706e-25)
(4.79351e-06 7.09945e-07 -3.07194e-25)
(2.07143e-06 3.94042e-07 -2.14651e-25)
(8.42948e-07 2.48895e-07 -1.75767e-25)
(3.22882e-07 1.81966e-07 -1.73065e-25)
(1.06094e-07 1.48284e-07 1.38078e-25)
(2.57324e-08 1.37681e-07 1.27952e-25)
(-4.46602e-08 1.30372e-07 1.2638e-25)
(-5.83167e-08 1.2249e-07 -1.15994e-25)
(-8.84274e-09 1.26472e-07 -1.14726e-25)
(0.000196858 2.28674e-05 0)
(9.40989e-05 1.11088e-05 -1.88153e-24)
(4.75651e-05 5.47129e-06 9.36925e-25)
(2.27928e-05 2.52037e-06 3.75958e-32)
(1.075e-05 1.05296e-06 5.608e-25)
(4.82911e-06 3.23262e-07 -3.37958e-25)
(2.11055e-06 -1.77014e-08 -2.31493e-25)
(8.83317e-07 -1.6915e-07 -1.7743e-25)
(3.62814e-07 -2.2519e-07 -1.23112e-25)
(1.45002e-07 -2.37913e-07 6.55105e-26)
(6.41243e-08 -2.45945e-07 1.39493e-25)
(-5.89786e-09 -2.53008e-07 1.39918e-25)
(-1.88318e-08 -2.72687e-07 -1.39419e-25)
(1.12233e-08 -2.72805e-07 -1.42841e-25)
(0.000196766 2.33077e-05 0)
(9.40332e-05 1.14653e-05 -2.11266e-24)
(4.75142e-05 5.85115e-06 2.0312e-24)
(2.27446e-05 2.95471e-06 3.7587e-32)
(1.07007e-05 1.53788e-06 4.61404e-25)
(4.77758e-06 8.4521e-07 -1.76991e-25)
(2.05757e-06 5.23941e-07 -2.62592e-26)
(8.30217e-07 3.74181e-07 4.54891e-26)
(3.10977e-07 3.01331e-07 5.80574e-26)
(9.47589e-08 2.60246e-07 0)
(1.46506e-08 2.47699e-07 -1.0156e-25)
(-5.58594e-08 2.40071e-07 -1.04371e-25)
(-6.97028e-08 2.35489e-07 1.2571e-25)
(-1.44299e-08 2.40693e-07 1.28963e-25)
(0.000196672 2.372e-05 0)
(9.39881e-05 1.16216e-05 0)
(4.75066e-05 5.7486e-06 2.28856e-24)
(2.27614e-05 2.68147e-06 3.7574e-32)
(1.0733e-05 1.14684e-06 6.02773e-25)
(4.81961e-06 3.81041e-07 -3.18269e-25)
(2.10491e-06 2.10949e-08 -1.85242e-25)
(8.79591e-07 -1.40143e-07 -1.25738e-25)
(3.60063e-07 -2.02103e-07 -8.45785e-26)
(1.42743e-07 -2.18016e-07 0)
(6.20372e-08 -2.25641e-07 8.37385e-26)
(-7.96537e-09 -2.32772e-07 8.41522e-26)
(-2.08629e-08 -2.52519e-07 -8.78614e-26)
(1.0172e-08 -2.52161e-07 -9.07055e-26)
(0.000196593 2.41381e-05 0)
(9.39291e-05 1.188e-05 0)
(4.74652e-05 6.01141e-06 1.27204e-24)
(2.27227e-05 3.00985e-06 6.64258e-39)
(1.06918e-05 1.54472e-06 3.14746e-25)
(4.77492e-06 8.31891e-07 -2.818e-25)
(2.05781e-06 5.02986e-07 -9.78468e-26)
(8.31661e-07 3.51668e-07 -7.35225e-27)
(3.1282e-07 2.80364e-07 2.40289e-26)
(9.67039e-08 2.40821e-07 -1.16337e-26)
(1.66769e-08 2.26623e-07 -2.66571e-26)
(-5.37994e-08 2.18704e-07 -5.69133e-26)
(-6.75457e-08 2.13302e-07 8.89977e-26)
(-1.33021e-08 2.17693e-07 9.19746e-26)
(0.000196726 2.45844e-05 0)
(9.38766e-05 1.21064e-05 0)
(4.74469e-05 6.03253e-06 1.37609e-24)
(2.27281e-05 2.85933e-06 1.40643e-24)
(1.07141e-05 1.258e-06 0)
(4.80853e-06 4.53892e-07 -3.48695e-25)
(2.09807e-06 7.15386e-08 -1.86686e-25)
(8.75064e-07 -1.03242e-07 -1.14349e-25)
(3.5684e-07 -1.74394e-07 -7.29719e-26)
(1.40186e-07 -1.95906e-07 1.47371e-26)
(5.96707e-08 -2.02403e-07 0)
(-1.03353e-08 -2.0954e-07 4.73596e-26)
(-2.32236e-08 -2.29185e-07 -6.25226e-26)
(8.98971e-09 -2.27795e-07 -6.50441e-26)
(0.000201859 2.54459e-05 0)
(9.38245e-05 1.23202e-05 0)
(4.74141e-05 6.18449e-06 3.02398e-24)
(2.27002e-05 3.06135e-06 1.56329e-24)
(1.06833e-05 1.5425e-06 0)
(4.77303e-06 8.08232e-07 -3.46652e-25)
(2.05882e-06 4.72846e-07 -1.29721e-25)
(8.33706e-07 3.22375e-07 -2.52085e-26)
(3.15031e-07 2.55159e-07 1.46879e-26)
(9.8863e-08 2.20018e-07 8.52843e-27)
(1.89055e-08 2.03375e-07 -1.22075e-26)
(-5.15067e-08 1.95097e-07 -1.43334e-26)
(-6.51284e-08 1.8856e-07 7.44792e-26)
(-1.20313e-08 1.91719e-07 7.71183e-26)
(0.000307465 3.67823e-05 -6.26798e-24)
(9.37605e-05 1.26557e-05 0)
(4.73859e-05 6.28546e-06 1.62256e-24)
(2.26951e-05 3.03124e-06 1.65561e-24)
(1.06946e-05 1.37358e-06 4.11466e-25)
(4.79661e-06 5.34921e-07 -4.1722e-25)
(2.09043e-06 1.30088e-07 -2.21273e-25)
(8.69926e-07 -6.00997e-08 -1.30473e-25)
(3.5325e-07 -1.42657e-07 -8.07619e-26)
(1.37437e-07 -1.72565e-07 1.68387e-26)
(5.71414e-08 -1.77594e-07 2.59445e-26)
(-1.28793e-08 -1.84662e-07 0)
(-2.58009e-08 -2.03679e-07 -5.31553e-26)
(7.62614e-09 -2.00919e-07 -5.4988e-26)
(0.00025802 3.24595e-05 -6.97772e-24)
(9.37137e-05 1.28742e-05 0)
(4.73665e-05 6.34829e-06 1.65129e-24)
(2.26832e-05 3.09339e-06 1.75172e-24)
(1.06824e-05 1.47495e-06 5.01861e-25)
(4.78175e-06 6.7776e-07 -6.95927e-25)
(2.073e-06 3.06004e-07 -5.99693e-25)
(8.50553e-07 1.37963e-07 -6.03927e-25)
(3.32867e-07 6.6372e-08 -6.34458e-25)
(1.16841e-07 3.65739e-08 6.58124e-25)
(3.68053e-08 2.45712e-08 6.42656e-25)
(-3.33467e-08 1.65674e-08 0)
(-4.65063e-08 3.15812e-09 -6.10611e-25)
(-2.42168e-09 5.44592e-09 -5.98771e-25)
(0.000232129 2.99748e-05 0)
(9.3705e-05 1.29129e-05 0)
(4.73625e-05 6.36227e-06 1.64052e-24)
(2.26814e-05 3.10104e-06 8.48957e-25)
(1.06816e-05 1.47814e-06 4.25881e-25)
(4.7818e-06 6.75868e-07 -4.09327e-25)
(2.0738e-06 2.97525e-07 -1.45657e-25)
(8.52118e-07 1.21983e-07 4.33403e-26)
(3.35104e-07 4.36336e-08 1.97729e-25)
(1.19502e-07 8.91033e-09 -3.18048e-25)
(3.9591e-08 -3.53295e-09 -1.80558e-25)
(-3.06404e-08 -1.0986e-08 -1.77642e-25)
(-4.39589e-08 -2.23222e-08 2.96074e-25)
(-1.23028e-09 -1.90712e-08 2.76274e-25)
(0.000216144 2.84517e-05 0)
(9.36975e-05 1.29471e-05 0)
(4.73588e-05 6.37629e-06 1.65506e-24)
(2.26797e-05 3.10775e-06 -8.48444e-25)
(1.06809e-05 1.47995e-06 8.21107e-25)
(4.78158e-06 6.751e-07 -3.7812e-25)
(2.07368e-06 2.96863e-07 -1.62336e-25)
(8.51793e-07 1.24282e-07 -7.79637e-26)
(3.34305e-07 5.15424e-08 -9.10366e-26)
(1.18209e-07 2.29404e-08 8.12075e-26)
(3.80158e-08 1.29394e-08 1.04915e-25)
(-3.21482e-08 5.19814e-09 2.09176e-25)
(-4.51889e-08 -1.12074e-08 -9.93174e-26)
(-1.85334e-09 -9.16419e-09 -8.14138e-26)
(0.000206397 2.75407e-05 0)
(9.36906e-05 1.2979e-05 0)
(4.73551e-05 6.3903e-06 1.66956e-24)
(2.2678e-05 3.11478e-06 -1.71224e-24)
(1.068e-05 1.48307e-06 8.34773e-25)
(4.78113e-06 6.76514e-07 -3.97133e-25)
(2.07346e-06 2.97965e-07 -1.83742e-25)
(8.51713e-07 1.25272e-07 -8.72736e-26)
(3.34475e-07 5.04151e-08 -3.28623e-26)
(1.1874e-07 1.72538e-08 -1.78671e-26)
(3.88166e-08 4.19588e-09 -9.2124e-26)
(-3.13952e-08 -3.98223e-09 -5.21529e-26)
(-4.47225e-08 -1.46926e-08 3.18243e-26)
(-1.72493e-09 -1.17994e-08 2.29244e-26)
(0.00020049 2.70132e-05 0)
(9.36838e-05 1.30095e-05 0)
(4.73515e-05 6.40433e-06 1.68402e-24)
(2.26763e-05 3.12199e-06 3.60518e-32)
(1.06791e-05 1.48666e-06 4.23728e-25)
(4.78069e-06 6.78395e-07 -4.07358e-25)
(2.07324e-06 2.98971e-07 -1.87836e-25)
(8.51633e-07 1.25616e-07 -8.32892e-26)
(3.34411e-07 5.03258e-08 -3.20489e-26)
(1.18556e-07 1.88899e-08 2.18177e-26)
(3.84591e-08 8.17484e-09 2.20871e-26)
(-3.17377e-08 6.2152e-10 2.60572e-26)
(-4.48676e-08 -1.4316e-08 8.8617e-27)
(-1.77668e-09 -1.17342e-08 1.05849e-26)
(0.000196934 2.67217e-05 0)
(9.36771e-05 1.30391e-05 0)
(4.73479e-05 6.41835e-06 3.39707e-24)
(2.26743e-05 3.1292e-06 1.74428e-24)
(1.06782e-05 1.49025e-06 0)
(4.78025e-06 6.80157e-07 -4.10841e-25)
(2.07304e-06 2.99755e-07 -1.87888e-25)
(8.51545e-07 1.25881e-07 -8.23531e-26)
(3.34376e-07 5.05225e-08 -3.46965e-26)
(1.18581e-07 1.88669e-08 1.51732e-26)
(3.85649e-08 6.89088e-09 0)
(-3.16225e-08 -1.20229e-09 -1.10406e-26)
(-4.48367e-08 -1.41722e-08 6.99252e-27)
(-1.80067e-09 -1.16072e-08 7.59583e-27)
(0.000194817 2.65741e-05 0)
(9.36701e-05 1.30681e-05 0)
(4.7344e-05 6.43235e-06 3.42605e-24)
(2.26726e-05 3.13641e-06 1.75913e-24)
(1.06773e-05 1.49378e-06 4.31167e-25)
(4.77982e-06 6.81843e-07 -4.13631e-25)
(2.07284e-06 3.00504e-07 -1.88881e-25)
(8.51458e-07 1.26209e-07 -8.32489e-26)
(3.34342e-07 5.07051e-08 -3.53636e-26)
(1.18563e-07 1.8839e-08 6.81146e-27)
(3.85368e-08 7.11609e-09 3.3211e-27)
(-3.16599e-08 -7.08359e-10 6.42277e-27)
(-4.48508e-08 -1.41741e-08 8.02544e-27)
(-1.81088e-09 -1.15871e-08 8.12698e-27)
(0.000193571 2.65137e-05 0)
(9.36625e-05 1.30968e-05 0)
(4.73404e-05 6.44637e-06 1.72752e-24)
(2.26707e-05 3.14361e-06 3.60458e-32)
(1.06764e-05 1.4973e-06 8.69451e-25)
(4.77938e-06 6.83523e-07 -4.16954e-25)
(2.07265e-06 3.01269e-07 -1.90501e-25)
(8.51368e-07 1.26555e-07 -8.41428e-26)
(3.34302e-07 5.08482e-08 -3.54142e-26)
(1.18546e-07 1.88865e-08 0)
(3.85281e-08 7.19104e-09 7.09578e-27)
(-3.16648e-08 -7.00422e-10 2.34275e-27)
(-4.48534e-08 -1.41981e-08 8.43173e-27)
(-1.81549e-09 -1.16055e-08 8.5757e-27)
(0.00019285 2.65056e-05 0)
(9.36554e-05 1.31253e-05 0)
(4.73368e-05 6.46038e-06 1.74201e-24)
(2.26689e-05 3.1508e-06 3.6044e-32)
(1.06755e-05 1.50082e-06 4.38375e-25)
(4.77896e-06 6.8521e-07 -4.20477e-25)
(2.07245e-06 3.02041e-07 -1.92164e-25)
(8.51272e-07 1.26897e-07 -8.48534e-26)
(3.34264e-07 5.0987e-08 -3.56188e-26)
(1.18529e-07 1.8953e-08 7.19843e-27)
(3.85217e-08 7.2135e-09 3.37546e-27)
(-3.16697e-08 -7.09888e-10 2.06744e-27)
(-4.48548e-08 -1.42096e-08 8.41332e-27)
(-1.81787e-09 -1.16194e-08 8.63728e-27)
(0.000192438 2.65283e-05 0)
(9.36481e-05 1.31537e-05 0)
(4.73332e-05 6.4744e-06 1.7565e-24)
(2.26671e-05 3.158e-06 1.80384e-24)
(1.06746e-05 1.50435e-06 0)
(4.77853e-06 6.86898e-07 -4.2401e-25)
(2.07223e-06 3.02812e-07 -1.93772e-25)
(8.51182e-07 1.27238e-07 -8.55362e-26)
(3.34224e-07 5.11292e-08 -3.59257e-26)
(1.18514e-07 1.90135e-08 1.45084e-26)
(3.85144e-08 7.23542e-09 0)
(-3.16753e-08 -6.98182e-10 4.24711e-27)
(-4.48568e-08 -1.42163e-08 8.37908e-27)
(-1.81857e-09 -1.16282e-08 8.61934e-27)
(0.000192203 2.65687e-05 0)
(9.36408e-05 1.31821e-05 0)
(4.73296e-05 6.48841e-06 1.771e-24)
(2.26654e-05 3.16521e-06 6.36594e-39)
(1.06737e-05 1.50787e-06 4.45685e-25)
(4.77807e-06 6.88583e-07 -4.27518e-25)
(2.07203e-06 3.03583e-07 -1.95367e-25)
(8.5109e-07 1.27577e-07 -8.62368e-26)
(3.34185e-07 5.12728e-08 -3.62343e-26)
(1.18497e-07 1.90709e-08 7.29963e-27)
(3.85071e-08 7.26395e-09 3.40335e-27)
(-3.1681e-08 -6.78849e-10 4.35729e-27)
(-4.4859e-08 -1.42232e-08 8.3854e-27)
(-1.81848e-09 -1.16362e-08 8.62297e-27)
(0.000192068 2.66191e-05 0)
(9.36336e-05 1.32104e-05 0)
(4.73261e-05 6.50244e-06 1.78546e-24)
(2.26636e-05 3.17241e-06 3.60398e-32)
(1.06728e-05 1.51139e-06 8.98667e-25)
(4.77763e-06 6.9027e-07 -4.31022e-25)
(2.07182e-06 3.04353e-07 -1.96966e-25)
(8.50999e-07 1.27917e-07 -8.69454e-26)
(3.34146e-07 5.14161e-08 -3.65323e-26)
(1.18482e-07 1.91284e-08 0)
(3.84998e-08 7.29361e-09 6.8799e-27)
(-3.1687e-08 -6.60451e-10 4.39548e-27)
(-4.48611e-08 -1.42306e-08 8.40115e-27)
(-1.81791e-09 -1.16444e-08 8.63932e-27)
(0.000191987 2.66749e-05 -7.5004e-24)
(9.36265e-05 1.32387e-05 0)
(4.73225e-05 6.51645e-06 1.79997e-24)
(2.26617e-05 3.17959e-06 1.84858e-24)
(1.06719e-05 1.51491e-06 4.52984e-25)
(4.77719e-06 6.91957e-07 -4.34528e-25)
(2.07162e-06 3.05124e-07 -1.98567e-25)
(8.50907e-07 1.28257e-07 -8.76542e-26)
(3.34108e-07 5.15594e-08 -3.68291e-26)
(1.18466e-07 1.91862e-08 7.41784e-27)
(3.8492e-08 7.32274e-09 6.93589e-27)
(-3.16928e-08 -6.43002e-10 2.21002e-27)
(-4.48632e-08 -1.42382e-08 8.41404e-27)
(-1.81715e-09 -1.16527e-08 8.65572e-27)
(0.000191934 2.67335e-05 -7.56438e-24)
(9.36192e-05 1.3267e-05 0)
(4.73186e-05 6.53044e-06 3.62891e-24)
(2.26599e-05 3.18679e-06 1.8635e-24)
(1.0671e-05 1.51843e-06 0)
(4.77676e-06 6.93643e-07 -4.38034e-25)
(2.07142e-06 3.05894e-07 -2.00169e-25)
(8.50819e-07 1.28598e-07 -8.83629e-26)
(3.34069e-07 5.17026e-08 -3.71261e-26)
(1.18449e-07 1.9244e-08 1.49568e-26)
(3.84847e-08 7.35169e-09 3.49553e-27)
(-3.16986e-08 -6.25701e-10 2.22504e-27)
(-4.48654e-08 -1.42457e-08 8.42494e-27)
(-1.81627e-09 -1.1661e-08 8.66987e-27)
(0.000191895 2.67934e-05 0)
(9.36114e-05 1.32952e-05 0)
(4.7315e-05 6.54445e-06 3.65788e-24)
(2.2658e-05 3.19398e-06 3.60338e-32)
(1.067e-05 1.52195e-06 4.60283e-25)
(4.77632e-06 6.95329e-07 -4.41542e-25)
(2.07122e-06 3.06665e-07 -2.0177e-25)
(8.50728e-07 1.28938e-07 -8.90708e-26)
(3.34027e-07 5.18455e-08 -3.74244e-26)
(1.18433e-07 1.93019e-08 7.53854e-27)
(3.84773e-08 7.38063e-09 3.52412e-27)
(-3.17044e-08 -6.08315e-10 4.48302e-27)
(-4.48674e-08 -1.42532e-08 8.43548e-27)
(-1.81535e-09 -1.16694e-08 8.68346e-27)
(0.000191864 2.6854e-05 0)
(9.36041e-05 1.33235e-05 0)
(4.73113e-05 6.55846e-06 1.84342e-24)
(2.26562e-05 3.20118e-06 3.6032e-32)
(1.06691e-05 1.52547e-06 9.27871e-25)
(4.77589e-06 6.97017e-07 -4.45043e-25)
(2.07102e-06 3.07436e-07 -2.03373e-25)
(8.50631e-07 1.29277e-07 -8.97794e-26)
(3.33988e-07 5.19887e-08 -3.77226e-26)
(1.18416e-07 1.93597e-08 0)
(3.84699e-08 7.4096e-09 7.10603e-27)
(-3.17103e-08 -5.90926e-10 4.51615e-27)
(-4.48697e-08 -1.42607e-08 8.44611e-27)
(-1.81456e-09 -1.16776e-08 8.69815e-27)
(0.000191835 2.6915e-05 0)
(9.35966e-05 1.33517e-05 0)
(4.73077e-05 6.57246e-06 1.8579e-24)
(2.26544e-05 3.20837e-06 1.90825e-24)
(1.06683e-05 1.529e-06 9.35155e-25)
(4.77546e-06 6.98704e-07 -4.48554e-25)
(2.0708e-06 3.08205e-07 -2.04974e-25)
(8.5054e-07 1.29617e-07 -9.04877e-26)
(3.33948e-07 5.21317e-08 -3.80207e-26)
(1.184e-07 1.94175e-08 7.65879e-27)
(3.84624e-08 7.43856e-09 7.16375e-27)
(-3.17162e-08 -5.7352e-10 4.54906e-27)
(-4.48717e-08 -1.42682e-08 8.45676e-27)
(-1.81356e-09 -1.16859e-08 8.71293e-27)
(0.000191809 2.6976e-05 0)
(9.35893e-05 1.338e-05 0)
(4.7304e-05 6.58647e-06 1.87239e-24)
(2.26526e-05 3.21557e-06 1.92314e-24)
(1.06674e-05 1.53252e-06 4.71233e-25)
(4.77499e-06 7.00387e-07 -4.52058e-25)
(2.0706e-06 3.08975e-07 -2.06576e-25)
(8.50447e-07 1.29957e-07 -9.11959e-26)
(3.33909e-07 5.22748e-08 -3.83187e-26)
(1.18383e-07 1.94753e-08 1.54378e-26)
(3.84552e-08 7.46754e-09 7.2215e-27)
(-3.17218e-08 -5.56096e-10 2.29094e-27)
(-4.48737e-08 -1.42757e-08 8.46738e-27)
(-1.81266e-09 -1.16943e-08 8.72706e-27)
(0.000191783 2.70371e-05 0)
(9.35819e-05 1.34082e-05 0)
(4.73005e-05 6.60049e-06 1.88685e-24)
(2.26508e-05 3.22276e-06 9.69038e-25)
(1.06664e-05 1.53603e-06 4.7488e-25)
(4.77455e-06 7.02073e-07 -4.55563e-25)
(2.07039e-06 3.09745e-07 -2.08177e-25)
(8.50356e-07 1.30296e-07 -9.19041e-26)
(3.33869e-07 5.24178e-08 -3.86167e-26)
(1.18368e-07 1.95331e-08 1.55584e-26)
(3.84479e-08 7.49652e-09 3.63954e-27)
(-3.17277e-08 -5.38715e-10 2.30737e-27)
(-4.48759e-08 -1.42832e-08 8.47801e-27)
(-1.81173e-09 -1.17026e-08 8.7412e-27)
(0.000191757 2.70982e-05 0)
(9.35748e-05 1.34365e-05 -4.11907e-24)
(4.72969e-05 6.61449e-06 3.8027e-24)
(2.26489e-05 3.22994e-06 -9.76489e-25)
(1.06655e-05 1.53955e-06 9.57056e-25)
(4.77411e-06 7.03758e-07 -4.59068e-25)
(2.07018e-06 3.10515e-07 -2.09778e-25)
(8.50263e-07 1.30636e-07 -9.26122e-26)
(3.33831e-07 5.2561e-08 -3.89151e-26)
(1.18351e-07 1.95909e-08 7.83923e-27)
(3.84401e-08 7.52544e-09 3.66839e-27)
(-3.17335e-08 -5.21311e-10 4.6476e-27)
(-4.4878e-08 -1.42907e-08 4.24432e-27)
(-1.81082e-09 -1.17109e-08 8.75534e-27)
(0.000191732 2.71594e-05 -8.01347e-24)
(9.35674e-05 1.34647e-05 -4.14833e-24)
(4.7293e-05 6.62846e-06 1.91582e-24)
(2.26471e-05 3.23713e-06 3.60234e-32)
(1.06646e-05 1.54307e-06 9.64352e-25)
(4.77367e-06 7.05443e-07 -4.62572e-25)
(2.06998e-06 3.11285e-07 -2.11379e-25)
(8.50174e-07 1.30976e-07 -9.33206e-26)
(3.33791e-07 5.27041e-08 -3.92126e-26)
(1.18334e-07 1.96486e-08 7.89942e-27)
(3.84327e-08 7.5544e-09 7.39445e-27)
(-3.17394e-08 -5.03925e-10 4.68045e-27)
(-4.48801e-08 -1.42982e-08 4.24964e-27)
(-1.80987e-09 -1.17192e-08 8.76888e-27)
(0.000191705 2.72203e-05 -8.07759e-24)
(9.35595e-05 1.34929e-05 0)
(4.72894e-05 6.64247e-06 1.9303e-24)
(2.26452e-05 3.24432e-06 1.9828e-24)
(1.06637e-05 1.54659e-06 4.85824e-25)
(4.77323e-06 7.07128e-07 -4.66079e-25)
(2.06978e-06 3.12055e-07 -2.12979e-25)
(8.50082e-07 1.31316e-07 -9.40282e-26)
(3.33749e-07 5.28468e-08 -3.95107e-26)
(1.18318e-07 1.97064e-08 1.59191e-26)
(3.84253e-08 7.58335e-09 7.45212e-27)
(-3.17452e-08 -4.86525e-10 2.35665e-27)
(-4.48822e-08 -1.43057e-08 8.5099e-27)
(-1.80892e-09 -1.17276e-08 8.78243e-27)
(0.000191679 2.72814e-05 0)
(9.35521e-05 1.35211e-05 0)
(4.72857e-05 6.65646e-06 1.94478e-24)
(2.26434e-05 3.25151e-06 9.98851e-25)
(1.06627e-05 1.5501e-06 4.89474e-25)
(4.7728e-06 7.08814e-07 -4.69577e-25)
(2.06957e-06 3.12825e-07 -2.14581e-25)
(8.49984e-07 1.31655e-07 -9.47363e-26)
(3.3371e-07 5.29899e-08 -3.98087e-26)
(1.18301e-07 1.97641e-08 1.60394e-26)
(3.84178e-08 7.61231e-09 3.75489e-27)
(-3.17512e-08 -4.69151e-10 2.37308e-27)
(-4.48845e-08 -1.43133e-08 8.52054e-27)
(-1.80813e-09 -1.17358e-08 8.79713e-27)
(0.000191654 2.73424e-05 0)
(9.35446e-05 1.35494e-05 0)
(4.7282e-05 6.67046e-06 1.95925e-24)
(2.26415e-05 3.2587e-06 -1.00631e-24)
(1.06619e-05 1.55362e-06 9.86228e-25)
(4.77236e-06 7.10499e-07 -4.73086e-25)
(2.06936e-06 3.13593e-07 -2.16181e-25)
(8.49892e-07 1.31994e-07 -9.54442e-26)
(3.3367e-07 5.31328e-08 -4.01065e-26)
(1.18285e-07 1.98219e-08 8.07982e-27)
(3.84102e-08 7.64124e-09 3.7837e-27)
(-3.17571e-08 -4.51762e-10 4.77903e-27)
(-4.48866e-08 -1.43208e-08 8.53119e-27)
(-1.80712e-09 -1.17441e-08 8.8119e-27)
(0.000191628 2.74033e-05 0)
(9.35372e-05 1.35776e-05 0)
(4.72783e-05 6.68445e-06 1.97373e-24)
(2.26398e-05 3.26589e-06 -2.02749e-24)
(1.0661e-05 1.55714e-06 9.93535e-25)
(4.77189e-06 7.12181e-07 -4.76588e-25)
(2.06915e-06 3.14363e-07 -2.17782e-25)
(8.49799e-07 1.32334e-07 -9.6152e-26)
(3.3363e-07 5.32757e-08 -4.04044e-26)
(1.18268e-07 1.98796e-08 8.13991e-27)
(3.8403e-08 7.67021e-09 7.62513e-27)
(-3.17627e-08 -4.34351e-10 2.40593e-27)
(-4.48886e-08 -1.43283e-08 8.54182e-27)
(-1.80622e-09 -1.17525e-08 8.82602e-27)
(0.000191602 2.74642e-05 0)
(9.35298e-05 1.36058e-05 0)
(4.72748e-05 6.69846e-06 1.98818e-24)
(2.2638e-05 3.27308e-06 3.60154e-32)
(1.066e-05 1.56065e-06 1.00082e-24)
(4.77145e-06 7.13866e-07 -4.80091e-25)
(2.06894e-06 3.15132e-07 -2.19382e-25)
(8.49706e-07 1.32673e-07 -9.68597e-26)
(3.3359e-07 5.34186e-08 -4.07021e-26)
(1.18252e-07 1.99374e-08 1.64003e-26)
(3.83956e-08 7.69916e-09 7.68269e-27)
(-3.17688e-08 -4.16983e-10 0)
(-4.48908e-08 -1.43358e-08 8.55246e-27)
(-1.80529e-09 -1.17608e-08 8.84015e-27)
(0.000191576 2.75251e-05 0)
(9.35226e-05 1.3634e-05 0)
(4.72711e-05 6.71245e-06 4.00535e-24)
(2.2636e-05 3.28025e-06 2.05732e-24)
(1.06591e-05 1.56417e-06 5.04059e-25)
(4.771e-06 7.15549e-07 -4.83594e-25)
(2.06873e-06 3.15901e-07 -2.20982e-25)
(8.49613e-07 1.33013e-07 -9.75673e-26)
(3.33551e-07 5.35616e-08 -4.10003e-26)
(1.18236e-07 1.99952e-08 1.65203e-26)
(3.83878e-08 7.72807e-09 3.87018e-27)
(-3.17746e-08 -3.99592e-10 2.43878e-27)
(-4.48929e-08 -1.43433e-08 8.56311e-27)
(-1.80438e-09 -1.17691e-08 8.8543e-27)
(0.000191551 2.75861e-05 0)
(9.35152e-05 1.36622e-05 0)
(4.72672e-05 6.72641e-06 4.03428e-24)
(2.26342e-05 3.28744e-06 2.07222e-24)
(1.06581e-05 1.56768e-06 5.07705e-25)
(4.77056e-06 7.17233e-07 -4.87096e-25)
(2.06853e-06 3.1667e-07 -2.22583e-25)
(8.49522e-07 1.33352e-07 -9.82752e-26)
(3.33511e-07 5.37045e-08 -4.12976e-26)
(1.18219e-07 2.00528e-08 1.66405e-26)
(3.83804e-08 7.75701e-09 0)
(-3.17805e-08 -3.82219e-10 4.9104e-27)
(-4.48951e-08 -1.43509e-08 8.57375e-27)
(-1.80343e-09 -1.17774e-08 8.86784e-27)
(0.000191525 2.76468e-05 0)
(9.35072e-05 1.36903e-05 0)
(4.72635e-05 6.7404e-06 4.06322e-24)
(2.26323e-05 3.29462e-06 3.60093e-32)
(1.06572e-05 1.5712e-06 1.0227e-24)
(4.77011e-06 7.18917e-07 -4.90601e-25)
(2.06833e-06 3.1744e-07 -2.24181e-25)
(8.4943e-07 1.33692e-07 -9.89823e-26)
(3.33469e-07 5.38471e-08 -4.15955e-26)
(1.18202e-07 2.01105e-08 8.38037e-27)
(3.83729e-08 7.78594e-09 3.92781e-27)
(-3.17864e-08 -3.64832e-10 2.47162e-27)
(-4.48973e-08 -1.43584e-08 8.58439e-27)
(-1.80248e-09 -1.17858e-08 8.8814e-27)
(0.000191499 2.77076e-05 0)
(9.34998e-05 1.37185e-05 0)
(4.72598e-05 6.75438e-06 4.09215e-24)
(2.26305e-05 3.3018e-06 3.60074e-32)
(1.06563e-05 1.57472e-06 1.03e-24)
(4.76968e-06 7.20602e-07 -4.94097e-25)
(2.06812e-06 3.18209e-07 -2.25782e-25)
(8.49331e-07 1.3403e-07 -9.969e-26)
(3.33429e-07 5.399e-08 -4.18932e-26)
(1.18186e-07 2.01682e-08 8.44045e-27)
(3.83654e-08 7.81488e-09 7.91325e-27)
(-3.17924e-08 -3.47472e-10 0)
(-4.48996e-08 -1.43659e-08 8.59505e-27)
(-1.80169e-09 -1.1794e-08 8.8961e-27)
(0.000191473 2.77684e-05 0)
(9.34922e-05 1.37467e-05 0)
(4.72561e-05 6.76837e-06 4.12108e-24)
(2.26286e-05 3.30899e-06 2.11693e-24)
(1.06554e-05 1.57823e-06 5.18636e-25)
(4.76923e-06 7.22285e-07 -4.97604e-25)
(2.0679e-06 3.18977e-07 -2.27381e-25)
(8.49238e-07 1.3437e-07 -1.00397e-25)
(3.33388e-07 5.41328e-08 -4.21909e-26)
(1.18169e-07 2.02259e-08 1.70011e-26)
(3.83577e-08 7.84379e-09 3.98542e-27)
(-3.17984e-08 -3.30096e-10 2.50446e-27)
(-4.49017e-08 -1.43734e-08 8.60571e-27)
(-1.80068e-09 -1.18023e-08 8.91087e-27)
(0.000191447 2.78291e-05 0)
(9.34848e-05 1.37749e-05 0)
(4.72524e-05 6.78235e-06 4.15003e-24)
(2.26268e-05 3.31618e-06 1.0659e-24)
(1.06545e-05 1.58175e-06 0)
(4.76876e-06 7.23965e-07 -5.01104e-25)
(2.06769e-06 3.19746e-07 -2.28981e-25)
(8.49144e-07 1.34709e-07 -1.01105e-25)
(3.33348e-07 5.42756e-08 -4.24885e-26)
(1.18152e-07 2.02836e-08 1.71211e-26)
(3.83505e-08 7.87274e-09 0)
(-3.18041e-08 -3.12699e-10 5.04173e-27)
(-4.49038e-08 -1.4381e-08 8.61636e-27)
(-1.79978e-09 -1.18107e-08 8.925e-27)
(0.000191421 2.78898e-05 0)
(9.34773e-05 1.38031e-05 -4.49881e-24)
(4.72488e-05 6.79635e-06 4.17891e-24)
(2.2625e-05 3.32336e-06 1.07336e-24)
(1.06535e-05 1.58526e-06 5.25931e-25)
(4.76832e-06 7.25649e-07 -5.04605e-25)
(2.06748e-06 3.20514e-07 -2.3058e-25)
(8.4905e-07 1.35048e-07 -1.01812e-25)
(3.33308e-07 5.44183e-08 -4.2786e-26)
(1.18136e-07 2.03413e-08 8.62075e-27)
(3.8343e-08 7.90167e-09 4.04303e-27)
(-3.18101e-08 -2.95344e-10 5.07458e-27)
(-4.4906e-08 -1.43885e-08 8.62702e-27)
(-1.79885e-09 -1.1819e-08 8.93914e-27)
(0.000191395 2.79505e-05 -8.84442e-24)
(9.34701e-05 1.38313e-05 -4.52795e-24)
(4.72451e-05 6.81033e-06 4.20788e-24)
(2.2623e-05 3.33053e-06 2.1616e-24)
(1.06526e-05 1.58877e-06 1.05915e-24)
(4.76786e-06 7.27331e-07 -5.08106e-25)
(2.06727e-06 3.21283e-07 -2.32179e-25)
(8.48956e-07 1.35387e-07 -1.02519e-25)
(3.33268e-07 5.45612e-08 -4.3084e-26)
(1.1812e-07 2.0399e-08 8.68069e-27)
(3.83352e-08 7.93056e-09 8.1437e-27)
(-3.1816e-08 -2.77966e-10 2.5537e-27)
(-4.49082e-08 -1.4396e-08 8.63768e-27)
(-1.79794e-09 -1.18273e-08 8.9533e-27)
(0.000191369 2.80112e-05 -8.90809e-24)
(9.34626e-05 1.38594e-05 0)
(4.72412e-05 6.82428e-06 4.2368e-24)
(2.26212e-05 3.33771e-06 2.17649e-24)
(1.06517e-05 1.59228e-06 5.33219e-25)
(4.76742e-06 7.29014e-07 -5.11606e-25)
(2.06706e-06 3.22051e-07 -2.33779e-25)
(8.48865e-07 1.35726e-07 -1.03226e-25)
(3.33228e-07 5.4704e-08 -4.33811e-26)
(1.18102e-07 2.04565e-08 1.74816e-26)
(3.83277e-08 7.95949e-09 4.10065e-27)
(-3.1822e-08 -2.60607e-10 2.57011e-27)
(-4.49104e-08 -1.44036e-08 8.64835e-27)
(-1.79699e-09 -1.18356e-08 8.96684e-27)
(0.000191343 2.80717e-05 0)
(9.34546e-05 1.38875e-05 0)
(4.72375e-05 6.83827e-06 4.26572e-24)
(2.26193e-05 3.34488e-06 1.09569e-24)
(1.06507e-05 1.5958e-06 0)
(4.76697e-06 7.30696e-07 -5.15108e-25)
(2.06686e-06 3.22821e-07 -2.35376e-25)
(8.48772e-07 1.36065e-07 -1.03933e-25)
(3.33186e-07 5.48464e-08 -4.36788e-26)
(1.18086e-07 2.05142e-08 1.76017e-26)
(3.83201e-08 7.98839e-09 0)
(-3.18279e-08 -2.43233e-10 5.17304e-27)
(-4.49125e-08 -1.44111e-08 8.659e-27)
(-1.79605e-09 -1.1844e-08 8.9804e-27)
(0.000191317 2.81323e-05 0)
(9.34471e-05 1.39157e-05 0)
(4.72337e-05 6.85224e-06 4.29464e-24)
(2.26174e-05 3.35206e-06 1.10314e-24)
(1.06498e-05 1.59931e-06 5.40509e-25)
(4.76653e-06 7.32379e-07 -5.18603e-25)
(2.06665e-06 3.23589e-07 -2.36976e-25)
(8.48672e-07 1.36404e-07 -1.0464e-25)
(3.33145e-07 5.49891e-08 -4.39763e-26)
(1.18069e-07 2.05718e-08 8.86088e-27)
(3.83126e-08 8.01731e-09 4.15824e-27)
(-3.1834e-08 -2.25886e-10 5.20587e-27)
(-4.49149e-08 -1.44187e-08 8.66968e-27)
(-1.79525e-09 -1.18522e-08 8.99511e-27)
(0.000191291 2.81929e-05 0)
(9.34395e-05 1.39438e-05 0)
(4.723e-05 6.86621e-06 4.32355e-24)
(2.26156e-05 3.35924e-06 2.22118e-24)
(1.06489e-05 1.60282e-06 1.08829e-24)
(4.76608e-06 7.34062e-07 -5.22107e-25)
(2.06643e-06 3.24356e-07 -2.38574e-25)
(8.48579e-07 1.36743e-07 -1.05347e-25)
(3.33104e-07 5.51318e-08 -4.42737e-26)
(1.18052e-07 2.06294e-08 8.92091e-27)
(3.83049e-08 8.04621e-09 8.37404e-27)
(-3.184e-08 -2.08524e-10 5.2387e-27)
(-4.4917e-08 -1.44262e-08 8.68036e-27)
(-1.79425e-09 -1.18606e-08 9.00989e-27)
(0.000191264 2.82533e-05 0)
(9.3432e-05 1.3972e-05 0)
(4.72263e-05 6.88018e-06 4.35249e-24)
(2.26138e-05 3.36642e-06 2.23604e-24)
(1.0648e-05 1.60634e-06 5.47795e-25)
(4.76561e-06 7.3574e-07 -5.25605e-25)
(2.06622e-06 3.25124e-07 -2.40173e-25)
(8.48483e-07 1.37081e-07 -1.06054e-25)
(3.33064e-07 5.52744e-08 -4.45711e-26)
(1.18035e-07 2.0687e-08 1.79618e-26)
(3.82975e-08 8.07514e-09 8.4317e-27)
(-3.18458e-08 -1.9114e-10 2.63574e-27)
(-4.49192e-08 -1.44337e-08 8.69102e-27)
(-1.79335e-09 -1.18689e-08 9.02403e-27)
(0.000191238 2.83138e-05 0)
(9.34244e-05 1.40001e-05 0)
(4.72227e-05 6.89417e-06 4.38135e-24)
(2.26119e-05 3.3736e-06 1.12548e-24)
(1.0647e-05 1.60984e-06 5.51435e-25)
(4.76516e-06 7.37422e-07 -5.29104e-25)
(2.06601e-06 3.25892e-07 -2.41771e-25)
(8.48389e-07 1.3742e-07 -1.06761e-25)
(3.33023e-07 5.5417e-08 -4.48684e-26)
(1.18019e-07 2.07447e-08 1.80821e-26)
(3.829e-08 8.10405e-09 4.24459e-27)
(-3.18519e-08 -1.73799e-10 2.65216e-27)
(-4.49214e-08 -1.44413e-08 8.70169e-27)
(-1.79242e-09 -1.18772e-08 4.51909e-27)
(0.000191212 2.83743e-05 0)
(9.34172e-05 1.40283e-05 -4.73206e-24)
(4.72189e-05 6.90814e-06 4.4103e-24)
(2.26099e-05 3.38076e-06 -1.13291e-24)
(1.06461e-05 1.61335e-06 1.11016e-24)
(4.7647e-06 7.39103e-07 -5.32603e-25)
(2.0658e-06 3.2666e-07 -2.43369e-25)
(8.48294e-07 1.37759e-07 -1.07467e-25)
(3.32983e-07 5.55597e-08 -4.51662e-26)
(1.18002e-07 2.08023e-08 9.10093e-27)
(3.82821e-08 8.13292e-09 4.2734e-27)
(-3.18578e-08 -1.56434e-10 5.33712e-27)
(-4.49236e-08 -1.44488e-08 8.71237e-27)
(-1.79151e-09 -1.18855e-08 4.52618e-27)
(0.000191186 2.84347e-05 0)
(9.34096e-05 1.40564e-05 -4.76123e-24)
(4.7215e-05 6.92208e-06 2.2196e-24)
(2.26081e-05 3.38794e-06 3.5986e-32)
(1.06451e-05 1.61686e-06 1.11744e-24)
(4.76425e-06 7.40784e-07 -5.36101e-25)
(2.06559e-06 3.27428e-07 -2.44967e-25)
(8.48202e-07 1.38098e-07 -1.08174e-25)
(3.32943e-07 5.57024e-08 -4.5463e-26)
(1.17985e-07 2.08598e-08 9.16098e-27)
(3.82746e-08 8.16183e-09 8.60435e-27)
(-3.18639e-08 -1.39088e-10 5.36993e-27)
(-4.49259e-08 -1.44564e-08 8.72305e-27)
(-1.79058e-09 -1.18938e-08 9.066e-27)
(0.000191159 2.8495e-05 0)
(9.34016e-05 1.40845e-05 0)
(4.72113e-05 6.93605e-06 2.23405e-24)
(2.26062e-05 3.39511e-06 2.2956e-24)
(1.06442e-05 1.62037e-06 5.62361e-25)
(4.7638e-06 7.42465e-07 -5.39602e-25)
(2.06538e-06 3.28196e-07 -2.46564e-25)
(8.48108e-07 1.38437e-07 -1.0888e-25)
(3.329e-07 5.58447e-08 -4.57605e-26)
(1.17968e-07 2.09174e-08 1.8442e-26)
(3.8267e-08 8.19072e-09 8.66191e-27)
(-3.18698e-08 -1.21728e-10 2.70136e-27)
(-4.49281e-08 -1.44639e-08 8.73373e-27)
(-1.78966e-09 -1.19022e-08 9.07983e-27)
(0.000191132 2.85553e-05 0)
(9.33941e-05 1.41126e-05 0)
(4.72075e-05 6.95002e-06 2.24851e-24)
(2.26043e-05 3.40229e-06 1.15524e-24)
(1.06433e-05 1.62388e-06 5.66006e-25)
(4.76336e-06 7.44148e-07 -5.43094e-25)
(2.06517e-06 3.28964e-07 -2.48163e-25)
(8.48009e-07 1.38775e-07 -1.09587e-25)
(3.3286e-07 5.59873e-08 -4.60578e-26)
(1.17951e-07 2.0975e-08 1.85619e-26)
(3.82595e-08 8.21962e-09 4.35973e-27)
(-3.1876e-08 -1.04395e-10 2.71777e-27)
(-4.49305e-08 -1.44715e-08 8.74442e-27)
(-1.78894e-09 -1.19105e-08 9.09534e-27)
(0.000191105 2.86155e-05 0)
(9.33866e-05 1.41407e-05 0)
(4.72038e-05 6.96399e-06 2.26296e-24)
(2.26025e-05 3.40946e-06 -1.16269e-24)
(1.06424e-05 1.6274e-06 1.13928e-24)
(4.76292e-06 7.45829e-07 -5.46597e-25)
(2.06495e-06 3.29731e-07 -2.4976e-25)
(8.47916e-07 1.39114e-07 -1.10294e-25)
(3.32819e-07 5.61299e-08 -4.6355e-26)
(1.17935e-07 2.10326e-08 9.34096e-27)
(3.82518e-08 8.24851e-09 4.3885e-27)
(-3.1882e-08 -8.70476e-11 5.46834e-27)
(-4.49327e-08 -1.44791e-08 8.75512e-27)
(-1.78814e-09 -1.19189e-08 9.11232e-27)
(0.000191077 2.86756e-05 0)
(9.33792e-05 1.41688e-05 0)
(4.72001e-05 6.97795e-06 2.27741e-24)
(2.26007e-05 3.41664e-06 -2.34023e-24)
(1.06415e-05 1.63091e-06 1.14657e-24)
(4.76245e-06 7.47508e-07 -5.50093e-25)
(2.06475e-06 3.30499e-07 -2.51358e-25)
(8.47823e-07 1.39452e-07 -1.11e-25)
(3.3278e-07 5.62725e-08 -4.66522e-26)
(1.17918e-07 2.10902e-08 9.40091e-27)
(3.82447e-08 8.27744e-09 8.83462e-27)
(-3.18879e-08 -6.9682e-11 5.50111e-27)
(-4.4935e-08 -1.44866e-08 8.76579e-27)
(-1.78774e-09 -1.19273e-08 9.1321e-27)
(0.000191048 2.87356e-05 0)
(9.33719e-05 1.4197e-05 0)
(4.71967e-05 6.99195e-06 0)
(2.25989e-05 3.42382e-06 3.59776e-32)
(1.06405e-05 1.63442e-06 1.15385e-24)
(4.76203e-06 7.49191e-07 -5.5359e-25)
(2.06455e-06 3.31268e-07 -2.52955e-25)
(8.47734e-07 1.39792e-07 -1.11706e-25)
(3.32741e-07 5.64153e-08 -4.69493e-26)
(1.17903e-07 2.1148e-08 1.8922e-26)
(3.82375e-08 8.30638e-09 8.89208e-27)
(-3.18942e-08 -5.23664e-11 2.76696e-27)
(-4.49376e-08 -1.44942e-08 8.77649e-27)
(-1.78797e-09 -1.19358e-08 9.15982e-27)
(0.000191016 2.87952e-05 0)
(9.33652e-05 1.42252e-05 0)
(4.71933e-05 7.00594e-06 2.30631e-24)
(2.25971e-05 3.431e-06 2.37001e-24)
(1.06397e-05 1.63794e-06 5.80567e-25)
(4.76162e-06 7.50876e-07 -5.57087e-25)
(2.06436e-06 3.32037e-07 -2.54552e-25)
(8.4765e-07 1.40131e-07 -1.12413e-25)
(3.32707e-07 5.65584e-08 -4.72469e-26)
(1.17889e-07 2.12058e-08 1.90417e-26)
(3.82303e-08 8.3353e-09 8.94965e-27)
(-3.19004e-08 -3.50419e-11 0)
(-4.49404e-08 -1.45018e-08 8.78718e-27)
(-1.78955e-09 -1.19446e-08 9.20412e-27)
(0.00019098 2.88545e-05 0)
(9.33587e-05 1.42534e-05 0)
(4.71899e-05 7.01993e-06 2.32075e-24)
(2.25956e-05 3.4382e-06 1.19244e-24)
(1.06389e-05 1.64146e-06 5.84208e-25)
(4.76125e-06 7.52564e-07 -5.60584e-25)
(2.06419e-06 3.32809e-07 -2.5615e-25)
(8.47578e-07 1.40472e-07 -1.13119e-25)
(3.32676e-07 5.67018e-08 -4.75436e-26)
(1.17875e-07 2.12636e-08 1.91617e-26)
(3.8224e-08 8.36432e-09 4.50359e-27)
(-3.19071e-08 -1.77653e-11 2.79974e-27)
(-4.49438e-08 -1.45095e-08 8.79789e-27)
(-1.79351e-09 -1.19537e-08 9.27945e-27)
(0.000190936 2.89128e-05 0)
(9.33525e-05 1.42816e-05 0)
(4.71871e-05 7.034e-06 2.3352e-24)
(2.25942e-05 3.44543e-06 -1.19988e-24)
(1.06383e-05 1.645e-06 1.1757e-24)
(4.76094e-06 7.54259e-07 -5.64082e-25)
(2.06406e-06 3.33584e-07 -2.57746e-25)
(8.4752e-07 1.40814e-07 -1.13825e-25)
(3.32649e-07 5.68457e-08 -4.78409e-26)
(1.17866e-07 2.13219e-08 9.64083e-27)
(3.82185e-08 8.39341e-09 4.53236e-27)
(-3.19142e-08 -5.27568e-13 5.63226e-27)
(-4.49483e-08 -1.45173e-08 8.80867e-27)
(-1.80137e-09 -1.19634e-08 9.40956e-27)
(0.00019088 2.897e-05 0)
(9.33481e-05 1.431e-05 0)
(4.71851e-05 7.04812e-06 2.34963e-24)
(2.25933e-05 3.45269e-06 3.59692e-32)
(1.06378e-05 1.64856e-06 1.18298e-24)
(4.76076e-06 7.55966e-07 -5.67573e-25)
(2.06398e-06 3.34364e-07 -2.59344e-25)
(8.4748e-07 1.41158e-07 -1.14531e-25)
(3.32637e-07 5.6991e-08 -4.8138e-26)
(1.17861e-07 2.13807e-08 9.70079e-27)
(3.82144e-08 8.42265e-09 9.12225e-27)
(-3.19224e-08 1.65934e-11 2.83252e-27)
(-4.4955e-08 -1.45253e-08 8.8195e-27)
(-1.81478e-09 -1.19736e-08 9.6251e-27)
(0.000190806 2.90253e-05 0)
(9.33457e-05 1.43385e-05 0)
(4.71842e-05 7.06237e-06 2.36407e-24)
(2.2593e-05 3.46001e-06 2.42952e-24)
(1.06378e-05 1.65215e-06 1.19024e-24)
(4.76074e-06 7.57688e-07 -5.71074e-25)
(2.06397e-06 3.35151e-07 -2.6094e-25)
(8.47487e-07 1.41507e-07 -1.15237e-25)
(3.32643e-07 5.71382e-08 -4.8435e-26)
(1.17865e-07 2.14403e-08 1.95215e-26)
(3.82126e-08 8.45211e-09 9.17971e-27)
(-3.19319e-08 3.35914e-11 0)
(-4.49651e-08 -1.45336e-08 8.8294e-27)
(-1.834e-09 -1.19839e-08 9.94574e-27)
(0.000190701 2.90775e-05 0)
(9.33468e-05 1.43675e-05 0)
(4.71852e-05 7.0768e-06 4.75703e-24)
(2.25937e-05 3.46745e-06 2.44435e-24)
(1.06382e-05 1.6558e-06 5.98766e-25)
(4.76096e-06 7.59436e-07 -5.74567e-25)
(2.06411e-06 3.35954e-07 -2.62537e-25)
(8.4756e-07 1.41862e-07 -1.15943e-25)
(3.32681e-07 5.72885e-08 -4.87321e-26)
(1.17882e-07 2.15012e-08 1.96414e-26)
(3.8215e-08 8.482e-09 4.61858e-27)
(-3.19432e-08 5.04133e-11 2.86541e-27)
(-4.49816e-08 -1.45426e-08 8.83635e-27)
(-1.85771e-09 -1.19927e-08 1.03319e-26)
(0.000190546 2.9125e-05 0)
(9.33534e-05 1.43969e-05 -5.11033e-24)
(4.71894e-05 7.09156e-06 4.78586e-24)
(2.25961e-05 3.47504e-06 2.45926e-24)
(1.06395e-05 1.65952e-06 6.02404e-25)
(4.76167e-06 7.61232e-07 -5.78064e-25)
(2.06448e-06 3.36779e-07 -2.64134e-25)
(8.47743e-07 1.42228e-07 -1.1665e-25)
(3.3277e-07 5.74439e-08 -4.90293e-26)
(1.17923e-07 2.15645e-08 9.88081e-27)
(3.82238e-08 8.51256e-09 4.64734e-27)
(-3.19573e-08 6.69364e-11 5.76356e-27)
(-4.50087e-08 -1.4553e-08 8.84646e-27)
(-1.88098e-09 -1.19981e-08 1.06006e-26)
(0.000190311 2.9165e-05 -1.01909e-23)
(9.33693e-05 1.44274e-05 -5.14161e-24)
(4.71985e-05 7.1068e-06 2.40755e-24)
(2.2601e-05 3.48289e-06 3.59612e-32)
(1.06423e-05 1.6634e-06 1.21214e-24)
(4.76311e-06 7.63102e-07 -5.8158e-25)
(2.06522e-06 3.37642e-07 -2.65735e-25)
(8.48102e-07 1.42612e-07 -1.17356e-25)
(3.32943e-07 5.76078e-08 -4.93262e-26)
(1.17999e-07 2.16314e-08 0)
(3.82434e-08 8.54423e-09 9.35404e-27)
(-3.19734e-08 8.32387e-11 2.89704e-27)
(-4.50513e-08 -1.45657e-08 8.89931e-27)
(-1.89759e-09 -1.20056e-08 1.04731e-26)
(0.00018995 2.91905e-05 -1.05013e-23)
(9.33992e-05 1.44589e-05 0)
(4.72151e-05 7.12278e-06 2.4702e-24)
(2.26103e-05 3.49117e-06 3.67875e-32)
(1.06473e-05 1.6675e-06 1.24347e-24)
(4.76571e-06 7.65085e-07 -5.96602e-25)
(2.06654e-06 3.38562e-07 -2.72627e-25)
(8.48742e-07 1.43024e-07 -1.2042e-25)
(3.33245e-07 5.77845e-08 -5.06247e-26)
(1.18132e-07 2.17039e-08 1.02029e-26)
(3.82817e-08 8.57766e-09 9.60696e-27)
(-3.19907e-08 9.95311e-11 0)
(-4.51148e-08 -1.45785e-08 9.20265e-27)
(-1.90701e-09 -1.20358e-08 1.03607e-26)
(0.0001815 4.08924e-05 0)
(9.29616e-05 2.09501e-05 0)
(4.71075e-05 1.03969e-05 5.96903e-24)
(2.2587e-05 5.08694e-06 2.97769e-24)
(1.06578e-05 2.40864e-06 1.41363e-24)
(4.77798e-06 1.10026e-06 -6.56945e-25)
(2.07698e-06 4.82874e-07 -2.90304e-25)
(8.55217e-07 2.0279e-07 -1.23964e-25)
(3.36897e-07 8.13071e-08 -5.02978e-26)
(1.20201e-07 3.05926e-08 1.95716e-26)
(3.88943e-08 1.24992e-08 8.81534e-27)
(-2.96156e-08 2.6556e-09 0)
(-4.81538e-08 -1.37798e-08 1.06835e-27)
(-2.21785e-09 -1.23663e-08 3.9402e-27)
(0.000173048 6.44646e-05 0)
(8.75805e-05 3.31961e-05 0)
(4.43994e-05 1.64861e-05 -6.79858e-24)
(2.12734e-05 8.05014e-06 0)
(1.00343e-05 3.77896e-06 -1.56875e-24)
(4.49328e-06 1.71804e-06 0)
(1.95151e-06 7.47385e-07 0)
(8.02342e-07 3.11759e-07 0)
(3.15575e-07 1.23895e-07 0)
(1.12122e-07 4.65416e-08 -1.98393e-26)
(3.59489e-08 1.97313e-08 0)
(-3.10481e-08 7.07864e-09 -4.5465e-27)
(-4.89264e-08 -2.03003e-08 0)
(-2.0852e-09 -1.6157e-08 0)
(0.000159655 8.61857e-05 0)
(8.093e-05 4.46009e-05 0)
(4.10557e-05 2.2109e-05 -9.89317e-24)
(1.96702e-05 1.07898e-05 0)
(9.27829e-06 5.04586e-06 -2.26787e-24)
(4.15254e-06 2.28934e-06 0)
(1.80305e-06 9.91874e-07 0)
(7.40824e-07 4.1248e-07 0)
(2.9121e-07 1.63254e-07 0)
(1.03162e-07 6.12993e-08 -2.80008e-26)
(3.27733e-08 2.66541e-08 0)
(-3.38374e-08 1.12753e-08 -6.60135e-27)
(-4.94908e-08 -1.34329e-08 0)
(-1.23177e-09 -1.33408e-08 0)
(0.000143753 0.000105786 -5.10056e-23)
(7.29568e-05 5.49049e-05 -2.65887e-23)
(3.70302e-05 2.72128e-05 0)
(1.77406e-05 1.32785e-05 0)
(8.36846e-06 6.19685e-06 0)
(3.7437e-06 2.80847e-06 -1.36672e-24)
(1.62519e-06 1.21395e-06 -5.90407e-25)
(6.67378e-07 5.03967e-07 -2.45806e-25)
(2.6221e-07 1.99003e-07 0)
(9.26074e-08 7.47226e-08 0)
(2.91549e-08 3.31798e-08 0)
(-3.53306e-08 1.54997e-08 0)
(-5.24503e-08 -2.91178e-08 0)
(-2.68604e-09 -2.34933e-08 7.21668e-27)
(0.000125611 0.000123065 -1.21986e-22)
(6.38048e-05 6.3998e-05 -6.36755e-23)
(3.23987e-05 3.17197e-05 -1.58471e-23)
(1.55216e-05 1.54775e-05 0)
(7.32207e-06 7.21392e-06 0)
(3.27442e-06 3.26725e-06 -3.26664e-24)
(1.42124e-06 1.41014e-06 -1.40907e-24)
(5.83357e-07 5.84779e-07 -5.8583e-25)
(2.29106e-07 2.30578e-07 -1.16066e-25)
(8.06532e-08 8.65946e-08 0)
(2.51677e-08 3.92844e-08 0)
(-4.00618e-08 1.99559e-08 -1.07277e-26)
(-5.14392e-08 -9.9659e-09 8.36554e-28)
(7.06986e-10 -1.20397e-08 6.78459e-27)
(0.000105525 0.000137801 -6.96048e-23)
(5.36355e-05 7.17599e-05 -3.6367e-23)
(2.72442e-05 3.55708e-05 -1.80097e-23)
(1.30522e-05 1.73576e-05 4.44558e-24)
(6.15746e-06 8.0835e-06 0)
(2.75283e-06 3.65956e-06 -1.86379e-24)
(1.1947e-06 1.57785e-06 -8.03177e-25)
(4.90187e-07 6.53857e-07 -3.33629e-25)
(1.9245e-07 2.57571e-07 -6.51244e-26)
(6.75168e-08 9.67555e-08 0)
(2.09608e-08 4.48705e-08 1.11678e-26)
(-4.0462e-08 2.20845e-08 -1.06401e-26)
(-5.84192e-08 -4.26583e-08 1.39465e-26)
(-4.88143e-09 -3.38835e-08 1.03231e-26)
(8.38132e-05 0.00014981 0)
(4.26195e-05 7.80906e-05 0)
(2.16542e-05 3.87138e-05 0)
(1.03743e-05 1.88925e-05 4.87903e-24)
(4.89435e-06 8.79353e-06 0)
(2.18765e-06 3.97993e-06 1.03647e-24)
(9.49325e-07 1.71477e-06 0)
(3.89394e-07 7.10251e-07 0)
(1.52839e-07 2.79613e-07 1.45353e-25)
(5.34105e-08 1.05071e-07 0)
(1.62569e-08 4.99828e-08 1.24615e-26)
(-4.80156e-08 3.13408e-08 0)
(-5.27134e-08 -2.25101e-09 0)
(4.71363e-09 -7.94879e-09 1.46133e-27)
(6.08178e-05 0.000158969 0)
(3.09364e-05 8.29219e-05 0)
(1.57213e-05 4.11137e-05 0)
(7.53201e-06 2.00649e-05 0)
(3.55355e-06 9.33586e-06 0)
(1.5881e-06 4.22464e-06 1.10606e-24)
(6.89103e-07 1.81934e-06 2.39055e-25)
(2.82594e-07 7.53319e-07 9.91915e-26)
(1.10899e-07 2.96452e-07 7.76892e-26)
(3.85881e-08 1.11414e-07 0)
(1.22881e-08 5.45544e-08 0)
(-4.65468e-08 2.44226e-08 0)
(-6.81643e-08 -6.25871e-08 0)
(-9.76245e-09 -4.82552e-08 3.81006e-27)
(3.68863e-05 0.000165028 1.08222e-23)
(1.87673e-05 8.61188e-05 5.66076e-24)
(9.53834e-06 4.2702e-05 2.8068e-24)
(4.56982e-06 2.0841e-05 1.37363e-24)
(2.15605e-06 9.6949e-06 6.38932e-25)
(9.63444e-07 4.38667e-06 0)
(4.18035e-07 1.88857e-06 3.7367e-25)
(1.71405e-07 7.81834e-07 1.55015e-25)
(6.72559e-08 3.07607e-07 2.03438e-26)
(2.32715e-08 1.1565e-07 7.63843e-27)
(6.39788e-09 5.82834e-08 3.64242e-27)
(-5.71304e-08 4.75888e-08 2.73298e-27)
(-5.16565e-08 1.15742e-08 4.96487e-28)
(1.22039e-08 1.31927e-11 -4.30059e-28)
(1.24399e-05 0.000168744 1.10801e-23)
(6.33621e-06 8.80819e-05 5.79694e-24)
(3.2211e-06 4.36783e-05 2.87459e-24)
(1.54354e-06 2.13181e-05 1.4068e-24)
(7.28318e-07 9.91573e-06 6.54298e-25)
(3.25479e-07 4.48634e-06 0)
(1.41236e-07 1.93117e-06 1.27727e-25)
(5.79141e-08 7.99383e-07 5.29803e-26)
(2.2732e-08 3.14484e-07 2.08243e-26)
(7.75385e-09 1.18154e-07 7.81286e-27)
(4.38985e-09 6.35601e-08 3.94885e-27)
(-5.58384e-08 2.05682e-08 1.31384e-27)
(3.86922e-07 -5.93503e-08 7.48205e-26)
(5.2764e-07 -3.67165e-08 0)
)
;

boundaryField
{
    atmosphere
    {
        type            pressureInletOutletVelocity;
        value           nonuniform List<vector> 
182
(
(-9.52765e-05 0.027271 0)
(-0.000205184 0.0306471 0)
(-0.00021734 0.034408 0)
(-0.000214949 0.0385975 0)
(-0.000154463 0.0429731 0)
(4.10326e-06 0.0468254 0)
(0.000265995 0.0492473 0)
(0.000601344 0.0494141 0)
(0.000953439 0.0468382 0)
(0.0012563 0.0415186 0)
(0.00145317 0.0339327 0)
(0.00150398 0.0249234 0)
(0.00139523 0.0156004 0)
(0.00115364 0.0070794 0)
(0.000840116 0.000172158 0)
(0 -0.00479087 0)
(0 -0.00797552 0)
(0 -0.00991642 0)
(0 -0.0113253 0)
(0 -0.0128461 0)
(0 -0.0149049 0)
(0 -0.0176172 0)
(0 -0.0207287 0)
(0 -0.0239713 0)
(0 -0.0265752 0)
(0 -0.0284348 0)
(0 -0.0291945 0)
(0 -0.0288707 0)
(0 -0.0274416 0)
(0 -0.0249736 0)
(0 -0.0215119 0)
(0 -0.0165913 0)
(0 -0.0104263 0)
(0 -0.0029807 0)
(-0.00106936 0.0053002 0)
(-0.000862672 0.0138739 0)
(-0.000518263 0.0217615 0)
(-7.34736e-05 0.0278644 0)
(0.00040501 0.031266 0)
(0.000841217 0.031418 0)
(0.00114905 0.0282034 0)
(0.00127711 0.0223053 0)
(0.00122148 0.0146775 0)
(0.000997274 0.00665306 0)
(0 -0.000370635 0)
(0 -0.00556489 0)
(0 -0.00859531 0)
(0 -0.009456 0)
(0 -0.0086195 0)
(0 -0.00679953 0)
(0 -0.00461861 0)
(0 -0.00264983 0)
(0 -0.00112878 0)
(0 -0.000119764 0)
(-3.90388e-05 0.000441474 0)
(-6.76813e-06 0.000639639 0)
(1.15935e-05 0.000590452 0)
(1.79359e-05 0.000429515 0)
(1.69071e-05 0.000253286 0)
(1.27324e-05 0.000110319 0)
(8.14645e-06 1.38958e-05 0)
(0 -4.10751e-05 0)
(0 -6.57938e-05 0)
(0 -7.1488e-05 0)
(0 -6.70913e-05 0)
(0 -5.80214e-05 0)
(0 -4.76204e-05 0)
(0 -3.7682e-05 0)
(0 -2.90271e-05 0)
(0 -2.19115e-05 0)
(0 -1.62921e-05 0)
(0 -1.19894e-05 0)
(0 -8.77699e-06 0)
(0 -6.43631e-06 0)
(0 -4.78092e-06 0)
(0 -3.66421e-06 0)
(0 -2.97856e-06 0)
(0 -2.66718e-06 0)
(0 -2.70293e-06 0)
(0 -3.10246e-06 0)
(0 -3.92897e-06 0)
(0 -5.30134e-06 0)
(0 -7.41369e-06 0)
(0 -1.05629e-05 0)
(0 -1.51909e-05 0)
(0 -2.19463e-05 0)
(0 -3.17761e-05 0)
(0 -4.6058e-05 0)
(0 -6.67938e-05 0)
(0 -9.68905e-05 0)
(0 -0.000140566 0)
(0 -0.000203946 0)
(0 -0.000295908 0)
(0 -0.000429352 0)
(0 -0.000622963 0)
(0 -0.000903842 0)
(0 -0.00131122 0)
(0 -0.0019018 0)
(0 -0.00275728 0)
(0 -0.00399439 0)
(0 -0.00577878 0)
(0 -0.00833692 0)
(0 -0.0119737 0)
(0 -0.017032 0)
(0 -0.0238995 0)
(0 -0.0322924 0)
(0 -0.0429217 0)
(0 -0.0503384 0)
(0 -0.0570222 0)
(0 -0.0481279 0)
(0 -0.0457781 0)
(0 -0.0273305 0)
(0 -0.0113688 0)
(-0.00167994 0.0151238 0)
(-0.00135262 0.0182122 0)
(-0.00193149 0.0393071 0)
(-0.00104048 0.0538049 0)
(0.000179095 0.0594285 0)
(0.00100037 0.0512067 0)
(0.00109337 0.0411785 0)
(0.00100367 0.030967 0)
(0.000805848 0.0223886 0)
(0.000605159 0.0157823 0)
(0.000438734 0.0109349 0)
(0.000314184 0.00745266 0)
(0.000226471 0.00495637 0)
(0.00016799 0.00313602 0)
(0.000132283 0.00175026 0)
(0.000114998 0.000609027 0)
(0 -0.000446625 0)
(0 -0.00156473 0)
(0 -0.00290266 0)
(0 -0.00464843 0)
(0 -0.00704563 0)
(0 -0.010428 0)
(0 -0.0152542 0)
(0 -0.0221758 0)
(0 -0.0320389 0)
(0 -0.0461053 0)
(0 -0.0652097 0)
(0 -0.0923816 0)
(0 -0.124908 0)
(0 -0.163824 0)
(0 -0.19794 0)
(0 -0.248804 0)
(0 -0.16208 0)
(0 -0.23692 0)
(0 -0.0670843 0)
(0 -0.0276183 0)
(-0.0127781 0.0424064 0)
(-0.0149029 0.159236 0)
(-0.00906572 0.282243 0)
(0.00169496 0.32409 0)
(0.00732489 0.281713 0)
(0.00784644 0.218303 0)
(0.00661219 0.15542 0)
(0.00488294 0.105065 0)
(0.00336477 0.068602 0)
(0.00222591 0.0437243 0)
(0.00143623 0.0273298 0)
(0.000909595 0.0167822 0)
(0.000566647 0.0101279 0)
(0.000347312 0.00600421 0)
(0.000209316 0.00349401 0)
(0.000123899 0.00199335 0)
(7.19503e-05 0.00111387 0)
(4.08614e-05 0.000608246 0)
(2.28215e-05 0.000325843 0)
(1.24399e-05 0.000168744 1.10801e-23)
(6.33621e-06 8.80819e-05 5.79694e-24)
(3.2211e-06 4.36783e-05 2.87459e-24)
(1.54354e-06 2.13181e-05 1.4068e-24)
(7.28318e-07 9.91573e-06 6.54298e-25)
(3.25479e-07 4.48634e-06 0)
(1.41236e-07 1.93117e-06 1.27727e-25)
(5.79141e-08 7.99383e-07 5.29803e-26)
(2.2732e-08 3.14484e-07 2.08243e-26)
(7.75385e-09 1.18154e-07 7.81286e-27)
(4.38985e-09 6.35601e-08 3.94885e-27)
(-5.58384e-08 2.05682e-08 1.31384e-27)
(0 -5.93503e-08 0)
(0 -3.67165e-08 0)
)
;
    }
    inlet
    {
        type            waveVelocity;
        refValue        nonuniform List<vector> 
87
(
(0.147083 0.000705033 0)
(0.147079 0.00211518 0)
(0.147071 0.00352558 0)
(0.147058 0.00493639 0)
(0.14704 0.00634776 0)
(0.147015 0.00775984 0)
(0.146983 0.00917276 0)
(0.14694 0.0105867 0)
(0.146886 0.0120016 0)
(0.146818 0.0134178 0)
(0.146733 0.0148351 0)
(0.146629 0.0162537 0)
(0.146502 0.0176737 0)
(0.146349 0.0190948 0)
(0.146228 0.0200577 0)
(0.146158 0.0205614 0)
(0.146085 0.0210653 0)
(0.146006 0.0215694 0)
(0.145923 0.0220735 0)
(0.145835 0.0225778 0)
(0.145742 0.0230822 0)
(0.145639 0.0236045 0)
(0.145527 0.0241447 0)
(0.145407 0.024685 0)
(0.145281 0.0252253 0)
(0.145146 0.0257658 0)
(0.145004 0.0263063 0)
(0.144854 0.0268469 0)
(0.144695 0.0273875 0)
(0.144527 0.0279281 0)
(0.144417 0.028267 0)
(0 0 0)
(0 0 0)
(0 0 0)
(0 0 0)
(0 0 0)
(0 0 0)
(0 0 0)
(0 0 0)
(0 0 0)
(0 0 0)
(0 0 0)
(0 0 0)
(0 0 0)
(0 0 0)
(0 0 0)
(0 0 0)
(0 0 0)
(0 0 0)
(0 0 0)
(0 0 0)
(0 0 0)
(0 0 0)
(0 0 0)
(0 0 0)
(0 0 0)
(0 0 0)
(0 0 0)
(0 0 0)
(0 0 0)
(0 0 0)
(0 0 0)
(0 0 0)
(0 0 0)
(0 0 0)
(0 0 0)
(0 0 0)
(0 0 0)
(0 0 0)
(0 0 0)
(0 0 0)
(0 0 0)
(0 0 0)
(0 0 0)
(0 0 0)
(0 0 0)
(0 0 0)
(0 0 0)
(0 0 0)
(0 0 0)
(0 0 0)
(0 0 0)
(0 0 0)
(0 0 0)
(0 0 0)
(0 0 0)
(0 0 0)
)
;
        refGradient     uniform ( 0 0 0 );
        valueFraction   uniform 1;
        value           nonuniform List<vector> 
87
(
(0.147083 0.000705033 0)
(0.147079 0.00211518 0)
(0.147071 0.00352558 0)
(0.147058 0.00493639 0)
(0.14704 0.00634776 0)
(0.147015 0.00775984 0)
(0.146983 0.00917276 0)
(0.14694 0.0105867 0)
(0.146886 0.0120016 0)
(0.146818 0.0134178 0)
(0.146733 0.0148351 0)
(0.146629 0.0162537 0)
(0.146502 0.0176737 0)
(0.146349 0.0190948 0)
(0.146228 0.0200577 0)
(0.146158 0.0205614 0)
(0.146085 0.0210653 0)
(0.146006 0.0215694 0)
(0.145923 0.0220735 0)
(0.145835 0.0225778 0)
(0.145742 0.0230822 0)
(0.145639 0.0236045 0)
(0.145527 0.0241447 0)
(0.145407 0.024685 0)
(0.145281 0.0252253 0)
(0.145146 0.0257658 0)
(0.145004 0.0263063 0)
(0.144854 0.0268469 0)
(0.144695 0.0273875 0)
(0.144527 0.0279281 0)
(0.144417 0.028267 0)
(0 0 0)
(0 0 0)
(0 0 0)
(0 0 0)
(0 0 0)
(0 0 0)
(0 0 0)
(0 0 0)
(0 0 0)
(0 0 0)
(0 0 0)
(0 0 0)
(0 0 0)
(0 0 0)
(0 0 0)
(0 0 0)
(0 0 0)
(0 0 0)
(0 0 0)
(0 0 0)
(0 0 0)
(0 0 0)
(0 0 0)
(0 0 0)
(0 0 0)
(0 0 0)
(0 0 0)
(0 0 0)
(0 0 0)
(0 0 0)
(0 0 0)
(0 0 0)
(0 0 0)
(0 0 0)
(0 0 0)
(0 0 0)
(0 0 0)
(0 0 0)
(0 0 0)
(0 0 0)
(0 0 0)
(0 0 0)
(0 0 0)
(0 0 0)
(0 0 0)
(0 0 0)
(0 0 0)
(0 0 0)
(0 0 0)
(0 0 0)
(0 0 0)
(0 0 0)
(0 0 0)
(0 0 0)
(0 0 0)
(0 0 0)
)
;
    }
    outlet
    {
        type            pressureInletOutletVelocity;
        value           nonuniform List<vector> 
87
(
(1.235e-05 1.05318e-06 -6.57589e-34)
(1.44376e-05 1.63487e-06 -5.78479e-23)
(1.06507e-05 7.68428e-07 -6.50827e-23)
(4.13428e-06 6.80347e-07 -2.89593e-23)
(9.87191e-07 -1.50982e-07 -6.8024e-24)
(1.47763e-07 2.39528e-07 -5.82402e-25)
(2.94846e-08 -2.27973e-07 -2.73236e-26)
(-9.97671e-09 0 0)
(7.93181e-09 -2.03995e-07 7.08742e-26)
(-1.08471e-08 0 0)
(6.55378e-09 -1.79796e-07 8.39036e-26)
(-9.72881e-09 0 0)
(5.44695e-09 -1.58122e-07 1.11563e-25)
(-8.84274e-09 0 0)
(1.12233e-08 -2.72805e-07 -1.42841e-25)
(-1.44299e-08 0 0)
(1.0172e-08 -2.52161e-07 -9.07055e-26)
(-1.33021e-08 0 0)
(8.98971e-09 -2.27795e-07 -6.50441e-26)
(-1.20313e-08 0 0)
(7.62614e-09 -2.00919e-07 -5.4988e-26)
(-2.42168e-09 0 0)
(-1.23028e-09 0 0)
(-1.85334e-09 0 0)
(-1.72493e-09 0 0)
(-1.77668e-09 0 0)
(-1.80067e-09 0 0)
(-1.81088e-09 0 0)
(-1.81549e-09 0 0)
(-1.81787e-09 0 0)
(-1.81857e-09 0 0)
(-1.81848e-09 0 0)
(-1.81791e-09 0 0)
(-1.81715e-09 0 0)
(-1.81627e-09 0 0)
(-1.81535e-09 0 0)
(-1.81456e-09 0 0)
(-1.81356e-09 0 0)
(-1.81266e-09 0 0)
(-1.81173e-09 0 0)
(-1.81082e-09 0 0)
(-1.80987e-09 0 0)
(-1.80892e-09 0 0)
(-1.80813e-09 0 0)
(-1.80712e-09 0 0)
(-1.80622e-09 0 0)
(-1.80529e-09 0 0)
(-1.80438e-09 0 0)
(-1.80343e-09 0 0)
(-1.80248e-09 0 0)
(-1.80169e-09 0 0)
(-1.80068e-09 0 0)
(-1.79978e-09 0 0)
(-1.79885e-09 0 0)
(-1.79794e-09 0 0)
(-1.79699e-09 0 0)
(-1.79605e-09 0 0)
(-1.79525e-09 0 0)
(-1.79425e-09 0 0)
(-1.79335e-09 0 0)
(-1.79242e-09 0 0)
(-1.79151e-09 0 0)
(-1.79058e-09 0 0)
(-1.78966e-09 0 0)
(-1.78894e-09 0 0)
(-1.78814e-09 0 0)
(-1.78774e-09 0 0)
(-1.78797e-09 0 0)
(-1.78955e-09 0 0)
(-1.79351e-09 0 0)
(-1.80137e-09 0 0)
(-1.81478e-09 0 0)
(-1.834e-09 0 0)
(-1.85771e-09 0 0)
(-1.88098e-09 0 0)
(-1.89759e-09 0 0)
(-1.90701e-09 0 0)
(-2.21785e-09 0 0)
(-2.0852e-09 0 0)
(-1.23177e-09 0 0)
(-2.68604e-09 0 0)
(7.06986e-10 -1.20397e-08 6.78459e-27)
(-4.88143e-09 0 0)
(4.71363e-09 -7.94879e-09 1.46133e-27)
(-9.76245e-09 0 0)
(1.22039e-08 1.31927e-11 -4.30059e-28)
(5.2764e-07 -3.67165e-08 0)
)
;
    }
    bottom
    {
        type            slip;
    }
    frontBack
    {
        type            empty;
    }
}


// ************************************************************************* //
