/*---------------------------------------------------------------------------*\
| =========                 |                                                 |
| \\      /  F ield         | OpenFOAM: The Open Source CFD Toolbox           |
|  \\    /   O peration     | Version:  v1912                                 |
|   \\  /    A nd           | Website:  www.openfoam.com                      |
|    \\/     M anipulation  |                                                 |
\*---------------------------------------------------------------------------*/
Build  : _f3950763fe-20191219 OPENFOAM=1912
Arch   : "LSB;label=32;scalar=64"
Exec   : waveFoam -parallel
Date   : Feb 23 2026
Time   : 08:16:48
Host   : geoocean27
PID    : 93596
I/O    : uncollated
Case   : /home/alonsoap_foam/OpenFOAM/alonsoap_foam-v1912/run/HyCFD/outputs/openfoam_cases/0009
nProcs : 8
Hosts  :
(
    (geoocean27 8)
)
Pstream initialized with:
    floatTransfer      : 0
    nProcsSimpleSum    : 0
    commsType          : nonBlocking
    polling iterations : 0
trapFpe: Floating point exception trapping enabled (FOAM_SIGFPE).
fileModificationChecking : Monitoring run-time modified files using timeStampMaster (fileModificationSkew 10)
allowSystemOperations : Allowing user-supplied system call operations

// * * * * * * * * * * * * * * * * * * * * * * * * * * * * * * * * * * * * * //
Create time

--> FOAM Warning : 
    From function static Foam::IOstreamOption::compressionType Foam::IOstreamOption::compressionEnum(const Foam::word&)
    in file db/IOstreams/IOstreams/IOstreamOption.C at line 88
    Unknown compression specifier 'uncompressed', assuming no compression
Create mesh for time = 0

Selecting dynamicFvMesh staticFvMesh
// using new solver syntax:
pcorr
{
    solver          PCG;
    preconditioner  DIC;
    tolerance       1e-06;
    relTol          0.01;
}

// using new solver syntax:
pcorrFinal
{
    solver          PCG;
    preconditioner  DIC;
    tolerance       1e-06;
    relTol          0.01;
}

// using new solver syntax:
p_rgh
{
    solver          PCG;
    preconditioner  DIC;
    tolerance       1e-07;
    relTol          0.001;
}

// using new solver syntax:
p_rghFinal
{
    solver          PCG;
    preconditioner  DIC;
    tolerance       1e-07;
    relTol          0;
}

// using new solver syntax:
U
{
    solver          PBiCG;
    preconditioner  DILU;
    tolerance       1e-09;
    relTol          0;
}

// using new solver syntax:
UFinal
{
    solver          PBiCG;
    preconditioner  DILU;
    tolerance       1e-09;
    relTol          0;
}

// using new solver syntax:
gamma
{
    solver          PBiCG;
    preconditioner  DILU;
    tolerance       1e-07;
    relTol          0;
}

// using new solver syntax:
alpha.water
{
    solver          PBiCG;
    preconditioner  DILU;
    tolerance       1e-09;
    relTol          0;
    nAlphaCorr      1;
    nAlphaSubCycles 1;
    cAlpha          1;
}


PIMPLE: Operating solver in PISO mode


Reading g

Reading waveProperties

Reading waveProperties
Reading field p_rgh

Reading field U

Reading/calculating face flux field phi

Reading transportProperties

Selecting incompressible transport model Newtonian
Selecting incompressible transport model Newtonian
Selecting turbulence model type RAS
Selecting RAS turbulence model stressOmega
stressOmegaCoeffs
{
    alphaB          1.356;
    couplingFactor  0;
    betaStar        0.09;
    beta0           0.0708;
    gamma           0.52;
    alphaK          0.6;
    alphaOmega      0.5;
    C1              1.8;
    alphaHat        0.7751;
    betaHat         0.201;
    gammaHat        0.5014;
    sigmad0         0.125;
}

No MRF models present

No finite volume options present
DICPCG:  Solving for pcorr, Initial residual = 0, Final residual = 0, No Iterations 0
DICPCG:  Solving for pcorr, Initial residual = 0, Final residual = 0, No Iterations 0
time step continuity errors : sum local = 0, global = 0, cumulative = 0
Courant Number mean: 0 max: 0

Starting time loop

Reading set description:
    gauge_0
    gauge_1
    gauge_2
    gauge_3
    gauge_4
    gauge_5
    gauge_6
    gauge_7
    gauge_8
    gauge_9
    gauge_10

Courant Number mean: 0 max: 0
Interface Courant Number mean: 0 max: 0
deltaT = 0.00119904
Time = 0.00119904

PIMPLE: iteration 1
MULES: Solving for alpha.water
Phase-1 volume fraction = 0.298592  Min(alpha.water) = 0  Max(alpha.water) = 1
Relaxing time: 0.01 s
DILUPBiCG:  Solving for Ux, Initial residual = 0.106496, Final residual = 1.21106e-13, No Iterations 1
DILUPBiCG:  Solving for Uy, Initial residual = 0.979508, Final residual = 2.84714e-11, No Iterations 1
DICPCG:  Solving for p_rgh, Initial residual = 1, Final residual = 0.000109405, No Iterations 1
DICPCG:  Solving for p_rgh, Initial residual = 0.000380951, Final residual = 3.50989e-07, No Iterations 23
time step continuity errors : sum local = 4.66626e-11, global = -5.14637e-13, cumulative = -5.14637e-13
DICPCG:  Solving for p_rgh, Initial residual = 5.53885e-05, Final residual = 9.31327e-08, No Iterations 9
DICPCG:  Solving for p_rgh, Initial residual = 1.48978e-05, Final residual = 9.69754e-08, No Iterations 6
time step continuity errors : sum local = 1.28735e-11, global = -2.33055e-12, cumulative = -2.84519e-12
DICPCG:  Solving for p_rgh, Initial residual = 2.63975e-06, Final residual = 8.65426e-08, No Iterations 3
DICPCG:  Solving for p_rgh, Initial residual = 6.21461e-07, Final residual = 6.52038e-08, No Iterations 1
time step continuity errors : sum local = 8.65571e-12, global = -3.18031e-12, cumulative = -6.0255e-12
DICPCG:  Solving for p_rgh, Initial residual = 5.62376e-07, Final residual = 5.90699e-08, No Iterations 1
DICPCG:  Solving for p_rgh, Initial residual = 7.68825e-07, Final residual = 6.06175e-08, No Iterations 1
time step continuity errors : sum local = 8.04689e-12, global = -3.35335e-12, cumulative = -9.37885e-12
DILUPBiCGStab:  Solving for omega, Initial residual = 0.00111304, Final residual = 1.46433e-13, No Iterations 1
DILUPBiCGStab:  Solving for Rxx, Initial residual = 1, Final residual = 1.37499e-10, No Iterations 1
DILUPBiCGStab:  Solving for Rxy, Initial residual = 1, Final residual = 1.30339e-10, No Iterations 1
DILUPBiCGStab:  Solving for Ryy, Initial residual = 1, Final residual = 2.39833e-11, No Iterations 1
DILUPBiCGStab:  Solving for Rzz, Initial residual = 1, Final residual = 1.37499e-10, No Iterations 1
ExecutionTime = 0.05 s  ClockTime = 0 s

Courant Number mean: 2.36176e-07 max: 9.93021e-05
Interface Courant Number mean: 1.59932e-08 max: 9.93021e-05
deltaT = 0.00143747
Time = 0.00263651

PIMPLE: iteration 1
MULES: Solving for alpha.water
Phase-1 volume fraction = 0.298592  Min(alpha.water) = 0  Max(alpha.water) = 1
Relaxing time: 0.02 s
DILUPBiCG:  Solving for Ux, Initial residual = 0.00206194, Final residual = 5.00401e-12, No Iterations 1
DILUPBiCG:  Solving for Uy, Initial residual = 0.0516572, Final residual = 1.94383e-11, No Iterations 1
DICPCG:  Solving for p_rgh, Initial residual = 0.000100138, Final residual = 8.56102e-08, No Iterations 18
DICPCG:  Solving for p_rgh, Initial residual = 1.70259e-05, Final residual = 9.5222e-08, No Iterations 4
time step continuity errors : sum local = 1.81665e-11, global = -3.93087e-12, cumulative = -1.33097e-11
DICPCG:  Solving for p_rgh, Initial residual = 4.87822e-06, Final residual = 9.23866e-08, No Iterations 2
DICPCG:  Solving for p_rgh, Initial residual = 3.55398e-06, Final residual = 7.11321e-08, No Iterations 1
time step continuity errors : sum local = 1.3571e-11, global = -3.56026e-12, cumulative = -1.687e-11
DICPCG:  Solving for p_rgh, Initial residual = 4.73543e-06, Final residual = 5.74516e-08, No Iterations 1
DICPCG:  Solving for p_rgh, Initial residual = 6.88838e-06, Final residual = 4.97756e-08, No Iterations 1
time step continuity errors : sum local = 9.49651e-12, global = -3.03184e-12, cumulative = -1.99018e-11
DICPCG:  Solving for p_rgh, Initial residual = 1.00846e-05, Final residual = 4.43321e-08, No Iterations 1
DICPCG:  Solving for p_rgh, Initial residual = 1.47824e-05, Final residual = 4.14063e-08, No Iterations 1
time step continuity errors : sum local = 7.89982e-12, global = -2.52802e-12, cumulative = -2.24298e-11
DILUPBiCGStab:  Solving for omega, Initial residual = 0.00133247, Final residual = 2.21608e-13, No Iterations 1
DILUPBiCGStab:  Solving for Rxx, Initial residual = 0.937184, Final residual = 1.62188e-10, No Iterations 1
DILUPBiCGStab:  Solving for Rxy, Initial residual = 0.0427541, Final residual = 1.2927e-11, No Iterations 1
DILUPBiCGStab:  Solving for Ryy, Initial residual = 0.094993, Final residual = 4.29192e-10, No Iterations 1
DILUPBiCGStab:  Solving for Rzz, Initial residual = 0.937173, Final residual = 1.62193e-10, No Iterations 1
ExecutionTime = 0.08 s  ClockTime = 0 s

Courant Number mean: 6.57903e-07 max: 0.000239544
Interface Courant Number mean: 3.85025e-08 max: 0.000239544
deltaT = 0.00172696
Time = 0.00436346

PIMPLE: iteration 1
MULES: Solving for alpha.water
Phase-1 volume fraction = 0.298592  Min(alpha.water) = -1.01047e-32  Max(alpha.water) = 1
Relaxing time: 0.01 s
DILUPBiCG:  Solving for Ux, Initial residual = 0.00119371, Final residual = 7.58833e-12, No Iterations 1
DILUPBiCG:  Solving for Uy, Initial residual = 0.0303768, Final residual = 4.88877e-11, No Iterations 1
DICPCG:  Solving for p_rgh, Initial residual = 9.90667e-05, Final residual = 7.61019e-08, No Iterations 20
DICPCG:  Solving for p_rgh, Initial residual = 3.65572e-05, Final residual = 5.74937e-08, No Iterations 4
time step continuity errors : sum local = 1.58301e-11, global = 2.12254e-12, cumulative = -2.03073e-11
DICPCG:  Solving for p_rgh, Initial residual = 4.78303e-05, Final residual = 8.63971e-08, No Iterations 1
DICPCG:  Solving for p_rgh, Initial residual = 6.88964e-05, Final residual = 7.91523e-08, No Iterations 1
time step continuity errors : sum local = 2.17946e-11, global = 2.09178e-12, cumulative = -1.82155e-11
DICPCG:  Solving for p_rgh, Initial residual = 0.000100967, Final residual = 8.19232e-08, No Iterations 1
DICPCG:  Solving for p_rgh, Initial residual = 0.000148239, Final residual = 9.48339e-08, No Iterations 1
time step continuity errors : sum local = 2.61146e-11, global = 1.738e-12, cumulative = -1.64775e-11
DICPCG:  Solving for p_rgh, Initial residual = 0.000217664, Final residual = 1.1702e-07, No Iterations 1
DICPCG:  Solving for p_rgh, Initial residual = 0.000319609, Final residual = 6.90385e-08, No Iterations 2
time step continuity errors : sum local = 1.90145e-11, global = 9.64064e-13, cumulative = -1.55134e-11
DILUPBiCGStab:  Solving for omega, Initial residual = 0.00159983, Final residual = 3.49627e-13, No Iterations 1
DILUPBiCGStab:  Solving for Rxx, Initial residual = 0.889532, Final residual = 2.01465e-10, No Iterations 1
DILUPBiCGStab:  Solving for Rxy, Initial residual = 0.0240601, Final residual = 1.43801e-11, No Iterations 1
DILUPBiCGStab:  Solving for Ryy, Initial residual = 0.0901563, Final residual = 1.14887e-09, No Iterations 1
DILUPBiCGStab:  Solving for Rzz, Initial residual = 0.88948, Final residual = 2.01472e-10, No Iterations 1
ExecutionTime = 0.11 s  ClockTime = 0 s

Courant Number mean: 1.30798e-06 max: 0.000449376
Interface Courant Number mean: 7.23087e-08 max: 0.000449376
deltaT = 0.00207379
Time = 0.00643726

PIMPLE: iteration 1
MULES: Solving for alpha.water
Phase-1 volume fraction = 0.298592  Min(alpha.water) = -8.35353e-26  Max(alpha.water) = 1
Relaxing time: 0.01 s
DILUPBiCG:  Solving for Ux, Initial residual = 0.00087631, Final residual = 1.13569e-11, No Iterations 1
DILUPBiCG:  Solving for Uy, Initial residual = 0.0229866, Final residual = 1.10483e-10, No Iterations 1
DICPCG:  Solving for p_rgh, Initial residual = 0.000593617, Final residual = 5.52014e-07, No Iterations 6
DICPCG:  Solving for p_rgh, Initial residual = 0.000697604, Final residual = 6.9108e-07, No Iterations 1
time step continuity errors : sum local = 2.74533e-10, global = -1.82117e-11, cumulative = -3.37252e-11
DICPCG:  Solving for p_rgh, Initial residual = 0.00101517, Final residual = 6.92632e-07, No Iterations 1
DICPCG:  Solving for p_rgh, Initial residual = 0.0014893, Final residual = 8.17172e-07, No Iterations 1
time step continuity errors : sum local = 3.24884e-10, global = -1.05461e-11, cumulative = -4.42713e-11
DICPCG:  Solving for p_rgh, Initial residual = 0.00218549, Final residual = 1.05677e-06, No Iterations 1
DICPCG:  Solving for p_rgh, Initial residual = 0.00320634, Final residual = 1.43463e-06, No Iterations 1
time step continuity errors : sum local = 5.71342e-10, global = -1.76191e-11, cumulative = -6.18904e-11
DICPCG:  Solving for p_rgh, Initial residual = 0.00470142, Final residual = 2.00713e-06, No Iterations 1
DICPCG:  Solving for p_rgh, Initial residual = 0.00688979, Final residual = 9.79563e-08, No Iterations 12
time step continuity errors : sum local = 3.91549e-11, global = 1.78762e-12, cumulative = -6.01028e-11
DILUPBiCGStab:  Solving for omega, Initial residual = 0.00191973, Final residual = 5.57348e-13, No Iterations 1
DILUPBiCGStab:  Solving for Rxx, Initial residual = 0.852957, Final residual = 2.69638e-10, No Iterations 1
DILUPBiCGStab:  Solving for Rxy, Initial residual = 0.0177608, Final residual = 1.89469e-11, No Iterations 1
DILUPBiCGStab:  Solving for Ryy, Initial residual = 0.0864053, Final residual = 2.31407e-09, No Iterations 1
DILUPBiCGStab:  Solving for Rzz, Initial residual = 0.852881, Final residual = 2.69642e-10, No Iterations 1
ExecutionTime = 0.13 s  ClockTime = 0 s

Courant Number mean: 2.29085e-06 max: 0.000757627
Interface Courant Number mean: 1.22748e-07 max: 0.000757627
deltaT = 0.00249274
Time = 0.00893

PIMPLE: iteration 1
MULES: Solving for alpha.water
Phase-1 volume fraction = 0.298591  Min(alpha.water) = -2.19987e-25  Max(alpha.water) = 1
Relaxing time: 0.01 s
DILUPBiCG:  Solving for Ux, Initial residual = 0.000722588, Final residual = 1.63119e-11, No Iterations 1
DILUPBiCG:  Solving for Uy, Initial residual = 0.0180808, Final residual = 5.45309e-11, No Iterations 1
DICPCG:  Solving for p_rgh, Initial residual = 0.010279, Final residual = 6.65767e-06, No Iterations 1
DICPCG:  Solving for p_rgh, Initial residual = 0.0147612, Final residual = 7.78734e-06, No Iterations 1
time step continuity errors : sum local = 4.53207e-09, global = -1.43087e-10, cumulative = -2.03189e-10
DICPCG:  Solving for p_rgh, Initial residual = 0.0215294, Final residual = 9.8564e-06, No Iterations 1
DICPCG:  Solving for p_rgh, Initial residual = 0.0313135, Final residual = 1.33732e-05, No Iterations 1
time step continuity errors : sum local = 7.91505e-09, global = -4.19585e-10, cumulative = -6.22774e-10
DICPCG:  Solving for p_rgh, Initial residual = 0.045298, Final residual = 1.85606e-05, No Iterations 1
DICPCG:  Solving for p_rgh, Initial residual = 0.0651913, Final residual = 2.61924e-05, No Iterations 1
time step continuity errors : sum local = 1.60598e-08, global = -9.5507e-10, cumulative = -1.57784e-09
DICPCG:  Solving for p_rgh, Initial residual = 0.0928009, Final residual = 3.69003e-05, No Iterations 1
DICPCG:  Solving for p_rgh, Initial residual = 0.130807, Final residual = 8.81814e-08, No Iterations 15
time step continuity errors : sum local = 5.81173e-11, global = 1.89575e-13, cumulative = -1.57765e-09
DILUPBiCGStab:  Solving for omega, Initial residual = 0.00230552, Final residual = 9.60622e-13, No Iterations 1
DILUPBiCGStab:  Solving for Rxx, Initial residual = 0.824521, Final residual = 3.65776e-10, No Iterations 1
DILUPBiCGStab:  Solving for Rxy, Initial residual = 0.0147761, Final residual = 2.68019e-11, No Iterations 1
DILUPBiCGStab:  Solving for Ryy, Initial residual = 0.0835019, Final residual = 4.19663e-09, No Iterations 1
DILUPBiCGStab:  Solving for Rzz, Initial residual = 0.824515, Final residual = 3.65803e-10, No Iterations 1
ExecutionTime = 0.15 s  ClockTime = 0 s

Courant Number mean: 4.92333e-06 max: 0.0132019
Interface Courant Number mean: 1.97105e-07 max: 0.00120307
deltaT = 0.00299433
Time = 0.0119243

PIMPLE: iteration 1
MULES: Solving for alpha.water
Phase-1 volume fraction = 0.298591  Min(alpha.water) = -3.34165e-25  Max(alpha.water) = 1
Relaxing time: 0.01 s
DILUPBiCG:  Solving for Ux, Initial residual = 0.000571715, Final residual = 1.91419e-10, No Iterations 1
DILUPBiCG:  Solving for Uy, Initial residual = 0.0135174, Final residual = 2.49373e-15, No Iterations 2
DICPCG:  Solving for p_rgh, Initial residual = 0.180728, Final residual = 6.68814e-05, No Iterations 1
DICPCG:  Solving for p_rgh, Initial residual = 0.244978, Final residual = 9.61831e-05, No Iterations 1
time step continuity errors : sum local = 1.05183e-07, global = -4.75203e-09, cumulative = -6.32968e-09
DICPCG:  Solving for p_rgh, Initial residual = 0.321811, Final residual = 0.000125653, No Iterations 1
DICPCG:  Solving for p_rgh, Initial residual = 0.41242, Final residual = 0.000162522, No Iterations 1
time step continuity errors : sum local = 2.27873e-07, global = -1.36614e-08, cumulative = -1.99911e-08
DICPCG:  Solving for p_rgh, Initial residual = 0.504803, Final residual = 0.000198812, No Iterations 1
DICPCG:  Solving for p_rgh, Initial residual = 0.600861, Final residual = 0.000236897, No Iterations 1
time step continuity errors : sum local = 4.91736e-07, global = -3.03609e-08, cumulative = -5.03519e-08
DICPCG:  Solving for p_rgh, Initial residual = 0.685614, Final residual = 0.000270249, No Iterations 1
DICPCG:  Solving for p_rgh, Initial residual = 0.762358, Final residual = 5.33262e-08, No Iterations 17
time step continuity errors : sum local = 1.88165e-10, global = -6.49356e-12, cumulative = -5.03584e-08
DILUPBiCGStab:  Solving for omega, Initial residual = 0.0027664, Final residual = 1.72537e-12, No Iterations 1
DILUPBiCGStab:  Solving for Rxx, Initial residual = 0.799435, Final residual = 6.08698e-10, No Iterations 1
DILUPBiCGStab:  Solving for Rxy, Initial residual = 0.0133254, Final residual = 6.47073e-11, No Iterations 1
DILUPBiCGStab:  Solving for Ryy, Initial residual = 0.0811483, Final residual = 7.22937e-09, No Iterations 1
DILUPBiCGStab:  Solving for Rzz, Initial residual = 0.800875, Final residual = 5.25501e-10, No Iterations 1
ExecutionTime = 0.18 s  ClockTime = 0 s

Courant Number mean: 4.47346e-05 max: 0.412634
Interface Courant Number mean: 3.03689e-07 max: 0.00182118
deltaT = 0.000362882
Time = 0.0122872

PIMPLE: iteration 1
MULES: Solving for alpha.water
Phase-1 volume fraction = 0.298591  Min(alpha.water) = -4.34461e-25  Max(alpha.water) = 1
Relaxing time: 0.01 s
DILUPBiCG:  Solving for Ux, Initial residual = 4.72461e-05, Final residual = 3.43735e-10, No Iterations 1
DILUPBiCG:  Solving for Uy, Initial residual = 0.00105451, Final residual = 2.27347e-14, No Iterations 2
DICPCG:  Solving for p_rgh, Initial residual = 0.821081, Final residual = 0.000419429, No Iterations 1
DICPCG:  Solving for p_rgh, Initial residual = 0.866495, Final residual = 0.000349274, No Iterations 1
time step continuity errors : sum local = 3.4145e-08, global = -1.26584e-09, cumulative = -5.16243e-08
DICPCG:  Solving for p_rgh, Initial residual = 0.903824, Final residual = 0.00035721, No Iterations 1
DICPCG:  Solving for p_rgh, Initial residual = 0.931631, Final residual = 0.000368673, No Iterations 1
time step continuity errors : sum local = 7.25365e-08, global = -4.11098e-09, cumulative = -5.57352e-08
DICPCG:  Solving for p_rgh, Initial residual = 0.949799, Final residual = 0.000375503, No Iterations 1
DICPCG:  Solving for p_rgh, Initial residual = 0.963679, Final residual = 0.000381269, No Iterations 1
time step continuity errors : sum local = 1.56431e-07, global = -9.47635e-09, cumulative = -6.52116e-08
DICPCG:  Solving for p_rgh, Initial residual = 0.972565, Final residual = 0.000384632, No Iterations 1
DICPCG:  Solving for p_rgh, Initial residual = 0.979256, Final residual = 7.71059e-08, No Iterations 17
time step continuity errors : sum local = 6.71481e-11, global = -1.3232e-11, cumulative = -6.52248e-08
DILUPBiCGStab:  Solving for omega, Initial residual = 0.00034235, Final residual = 4.87422e-11, No Iterations 1
DILUPBiCGStab:  Solving for Rxx, Initial residual = 0.0450624, Final residual = 2.46516e-08, No Iterations 1
DILUPBiCGStab:  Solving for Rxy, Initial residual = 0.00170122, Final residual = 1.58312e-10, No Iterations 1
DILUPBiCGStab:  Solving for Ryy, Initial residual = 0.00862397, Final residual = 1.82767e-10, No Iterations 1
DILUPBiCGStab:  Solving for Rzz, Initial residual = 0.0504638, Final residual = 1.29806e-08, No Iterations 1
ExecutionTime = 0.2 s  ClockTime = 0 s

Courant Number mean: 1.6006e-05 max: 0.151787
Interface Courant Number mean: 3.47811e-08 max: 0.000207622
deltaT = 0.000119537
Time = 0.0124067

PIMPLE: iteration 1
MULES: Solving for alpha.water
Phase-1 volume fraction = 0.298591  Min(alpha.water) = -7.55026e-30  Max(alpha.water) = 1
Relaxing time: 0.01 s
DILUPBiCG:  Solving for Ux, Initial residual = 9.17305e-05, Final residual = 8.31188e-10, No Iterations 1
DILUPBiCG:  Solving for Uy, Initial residual = 0.00205288, Final residual = 5.93294e-14, No Iterations 2
DICPCG:  Solving for p_rgh, Initial residual = 0.981964, Final residual = 0.000396648, No Iterations 1
DICPCG:  Solving for p_rgh, Initial residual = 0.98243, Final residual = 0.000384988, No Iterations 1
time step continuity errors : sum local = 7.81283e-08, global = -3.38006e-09, cumulative = -6.86049e-08
DICPCG:  Solving for p_rgh, Initial residual = 0.987883, Final residual = 0.000385471, No Iterations 1
DICPCG:  Solving for p_rgh, Initial residual = 0.989918, Final residual = 0.000390527, No Iterations 1
time step continuity errors : sum local = 1.69949e-07, global = -1.00381e-08, cumulative = -7.86429e-08
DICPCG:  Solving for p_rgh, Initial residual = 0.990793, Final residual = 0.000391097, No Iterations 1
DICPCG:  Solving for p_rgh, Initial residual = 0.991616, Final residual = 0.000392095, No Iterations 1
time step continuity errors : sum local = 3.67416e-07, global = -2.25686e-08, cumulative = -1.01212e-07
DICPCG:  Solving for p_rgh, Initial residual = 0.992022, Final residual = 0.000392263, No Iterations 1
DICPCG:  Solving for p_rgh, Initial residual = 0.992401, Final residual = 5.09059e-08, No Iterations 17
time step continuity errors : sum local = 1.02804e-10, global = -2.30299e-11, cumulative = -1.01235e-07
DILUPBiCGStab:  Solving for omega, Initial residual = 0.00010961, Final residual = 1.39832e-10, No Iterations 1
DILUPBiCGStab:  Solving for Rxx, Initial residual = 0.000527139, Final residual = 1.42557e-09, No Iterations 1
DILUPBiCGStab:  Solving for Rxy, Initial residual = 0.00132589, Final residual = 3.69162e-09, No Iterations 1
DILUPBiCGStab:  Solving for Ryy, Initial residual = 0.00341101, Final residual = 2.21133e-10, No Iterations 1
DILUPBiCGStab:  Solving for Rzz, Initial residual = 0.000811587, Final residual = 1.84532e-09, No Iterations 1
ExecutionTime = 0.22 s  ClockTime = 0 s

Courant Number mean: 3.23298e-05 max: 0.329129
Interface Courant Number mean: 1.09628e-08 max: 6.51368e-05
deltaT = 1.81599e-05
Time = 0.0124249

PIMPLE: iteration 1
MULES: Solving for alpha.water
Phase-1 volume fraction = 0.298591  Min(alpha.water) = -5.01821e-27  Max(alpha.water) = 1
Relaxing time: 0.01 s
DILUPBiCG:  Solving for Ux, Initial residual = 5.02181e-05, Final residual = 4.25624e-10, No Iterations 1
DILUPBiCG:  Solving for Uy, Initial residual = 0.00111662, Final residual = 2.80988e-14, No Iterations 2
DICPCG:  Solving for p_rgh, Initial residual = 0.990986, Final residual = 0.000465336, No Iterations 1
DICPCG:  Solving for p_rgh, Initial residual = 0.987923, Final residual = 0.000391502, No Iterations 1
time step continuity errors : sum local = 3.94687e-08, global = -1.54448e-09, cumulative = -1.02779e-07
DICPCG:  Solving for p_rgh, Initial residual = 0.99133, Final residual = 0.000388986, No Iterations 1
DICPCG:  Solving for p_rgh, Initial residual = 0.992358, Final residual = 0.000391739, No Iterations 1
time step continuity errors : sum local = 8.50402e-08, global = -4.88986e-09, cumulative = -1.07669e-07
DICPCG:  Solving for p_rgh, Initial residual = 0.992472, Final residual = 0.00039194, No Iterations 1
DICPCG:  Solving for p_rgh, Initial residual = 0.992793, Final residual = 0.000392637, No Iterations 1
time step continuity errors : sum local = 1.83775e-07, global = -1.11856e-08, cumulative = -1.18855e-07
DICPCG:  Solving for p_rgh, Initial residual = 0.992816, Final residual = 0.000392618, No Iterations 1
DICPCG:  Solving for p_rgh, Initial residual = 0.992963, Final residual = 5.32301e-08, No Iterations 17
time step continuity errors : sum local = 5.37275e-11, global = -1.28144e-11, cumulative = -1.18867e-07
DILUPBiCGStab:  Solving for omega, Initial residual = 2.42972e-05, Final residual = 8.95567e-11, No Iterations 1
DILUPBiCGStab:  Solving for Rxx, Initial residual = 9.93249e-05, Final residual = 4.75033e-10, No Iterations 1
DILUPBiCGStab:  Solving for Rxy, Initial residual = 8.18514e-05, Final residual = 4.39221e-10, No Iterations 1
DILUPBiCGStab:  Solving for Ryy, Initial residual = 0.000622935, Final residual = 1.02981e-09, No Iterations 1
DILUPBiCGStab:  Solving for Rzz, Initial residual = 0.000107264, Final residual = 4.81089e-10, No Iterations 1
ExecutionTime = 0.24 s  ClockTime = 0 s

Courant Number mean: 1.76877e-05 max: 0.175863
Interface Courant Number mean: 1.61008e-09 max: 9.52833e-06
deltaT = 5.16308e-06
Time = 0.0124301

PIMPLE: iteration 1
MULES: Solving for alpha.water
Phase-1 volume fraction = 0.298591  Min(alpha.water) = -7.5294e-30  Max(alpha.water) = 1
Relaxing time: 0.01 s
DILUPBiCG:  Solving for Ux, Initial residual = 8.22551e-05, Final residual = 7.42344e-10, No Iterations 1
DILUPBiCG:  Solving for Uy, Initial residual = 0.00182879, Final residual = 5.19162e-14, No Iterations 2
DICPCG:  Solving for p_rgh, Initial residual = 0.991367, Final residual = 0.000408352, No Iterations 1
DICPCG:  Solving for p_rgh, Initial residual = 0.988658, Final residual = 0.000387562, No Iterations 1
time step continuity errors : sum local = 6.84193e-08, global = -2.91477e-09, cumulative = -1.21782e-07
DICPCG:  Solving for p_rgh, Initial residual = 0.992196, Final residual = 0.000387251, No Iterations 1
DICPCG:  Solving for p_rgh, Initial residual = 0.992814, Final residual = 0.000391584, No Iterations 1
time step continuity errors : sum local = 1.48769e-07, global = -8.74925e-09, cumulative = -1.30531e-07
DICPCG:  Solving for p_rgh, Initial residual = 0.9928, Final residual = 0.000391837, No Iterations 1
DICPCG:  Solving for p_rgh, Initial residual = 0.99297, Final residual = 0.000392589, No Iterations 1
time step continuity errors : sum local = 3.21664e-07, global = -1.97283e-08, cumulative = -1.5026e-07
DICPCG:  Solving for p_rgh, Initial residual = 0.992958, Final residual = 0.000392595, No Iterations 1
DICPCG:  Solving for p_rgh, Initial residual = 0.993032, Final residual = 4.86798e-08, No Iterations 17
time step continuity errors : sum local = 8.60208e-11, global = -2.16705e-11, cumulative = -1.50281e-07
DILUPBiCGStab:  Solving for omega, Initial residual = 2.09199e-05, Final residual = 1.50819e-10, No Iterations 1
DILUPBiCGStab:  Solving for Rxx, Initial residual = 7.09906e-05, Final residual = 4.28287e-10, No Iterations 1
DILUPBiCGStab:  Solving for Rxy, Initial residual = 9.98023e-05, Final residual = 5.86775e-10, No Iterations 1
DILUPBiCGStab:  Solving for Ryy, Initial residual = 0.000106033, Final residual = 5.10977e-10, No Iterations 1
DILUPBiCGStab:  Solving for Rzz, Initial residual = 7.26291e-05, Final residual = 4.35357e-10, No Iterations 1
ExecutionTime = 0.25 s  ClockTime = 0 s

Courant Number mean: 2.85523e-05 max: 0.291117
Interface Courant Number mean: 4.49808e-10 max: 2.65667e-06
deltaT = 8.8677e-07
Time = 0.012431

PIMPLE: iteration 1
MULES: Solving for alpha.water
Phase-1 volume fraction = 0.298591  Min(alpha.water) = -4.89607e-29  Max(alpha.water) = 1
Relaxing time: 0 s
DILUPBiCG:  Solving for Ux, Initial residual = 5.56927e-05, Final residual = 4.77137e-10, No Iterations 1
DILUPBiCG:  Solving for Uy, Initial residual = 0.0012373, Final residual = 3.17765e-14, No Iterations 2
DICPCG:  Solving for p_rgh, Initial residual = 0.991422, Final residual = 0.000449925, No Iterations 1
DICPCG:  Solving for p_rgh, Initial residual = 0.988343, Final residual = 0.000390394, No Iterations 1
time step continuity errors : sum local = 4.4033e-08, global = -1.76093e-09, cumulative = -1.52042e-07
DICPCG:  Solving for p_rgh, Initial residual = 0.991703, Final residual = 0.000388554, No Iterations 1
DICPCG:  Solving for p_rgh, Initial residual = 0.992566, Final residual = 0.000391701, No Iterations 1
time step continuity errors : sum local = 9.51345e-08, global = -5.49952e-09, cumulative = -1.57542e-07
DICPCG:  Solving for p_rgh, Initial residual = 0.992626, Final residual = 0.000391904, No Iterations 1
DICPCG:  Solving for p_rgh, Initial residual = 0.992885, Final residual = 0.000392614, No Iterations 1
time step continuity errors : sum local = 2.0562e-07, global = -1.25377e-08, cumulative = -1.7008e-07
DICPCG:  Solving for p_rgh, Initial residual = 0.992882, Final residual = 0.000392596, No Iterations 1
DICPCG:  Solving for p_rgh, Initial residual = 0.993003, Final residual = 5.00021e-08, No Iterations 17
time step continuity errors : sum local = 5.64748e-11, global = -1.40857e-11, cumulative = -1.70094e-07
DILUPBiCGStab:  Solving for omega, Initial residual = 2.27436e-05, Final residual = 1.21853e-10, No Iterations 1
DILUPBiCGStab:  Solving for Rxx, Initial residual = 6.03957e-05, Final residual = 2.27003e-10, No Iterations 1
DILUPBiCGStab:  Solving for Rxy, Initial residual = 5.10491e-05, Final residual = 2.03695e-10, No Iterations 1
DILUPBiCGStab:  Solving for Ryy, Initial residual = 5.8176e-05, Final residual = 2.20436e-10, No Iterations 1
DILUPBiCGStab:  Solving for Rzz, Initial residual = 5.95904e-05, Final residual = 2.24935e-10, No Iterations 1
ExecutionTime = 0.27 s  ClockTime = 0 s

Courant Number mean: 1.93886e-05 max: 0.194159
Interface Courant Number mean: 7.8106e-11 max: 4.62858e-07
deltaT = 2.28362e-07
Time = 0.0124312

PIMPLE: iteration 1
MULES: Solving for alpha.water
Phase-1 volume fraction = 0.298591  Min(alpha.water) = -1.1811e-28  Max(alpha.water) = 1
Relaxing time: 0.01 s
DILUPBiCG:  Solving for Ux, Initial residual = 7.65843e-05, Final residual = 6.82771e-10, No Iterations 1
DILUPBiCG:  Solving for Uy, Initial residual = 0.00170222, Final residual = 4.71959e-14, No Iterations 2
DICPCG:  Solving for p_rgh, Initial residual = 0.991408, Final residual = 0.00041484, No Iterations 1
DICPCG:  Solving for p_rgh, Initial residual = 0.988634, Final residual = 0.000388029, No Iterations 1
time step continuity errors : sum local = 6.28883e-08, global = -2.65206e-09, cumulative = -1.72746e-07
DICPCG:  Solving for p_rgh, Initial residual = 0.992129, Final residual = 0.000387474, No Iterations 1
DICPCG:  Solving for p_rgh, Initial residual = 0.992787, Final residual = 0.000391608, No Iterations 1
time step continuity errors : sum local = 1.36602e-07, global = -8.01155e-09, cumulative = -1.80757e-07
DICPCG:  Solving for p_rgh, Initial residual = 0.99278, Final residual = 0.00039185, No Iterations 1
DICPCG:  Solving for p_rgh, Initial residual = 0.992963, Final residual = 0.000392595, No Iterations 1
time step continuity errors : sum local = 2.95338e-07, global = -1.8097e-08, cumulative = -1.98854e-07
DICPCG:  Solving for p_rgh, Initial residual = 0.992948, Final residual = 0.000392596, No Iterations 1
DICPCG:  Solving for p_rgh, Initial residual = 0.993029, Final residual = 4.79908e-08, No Iterations 17
time step continuity errors : sum local = 7.78611e-11, global = -1.99218e-11, cumulative = -1.98874e-07
DILUPBiCGStab:  Solving for omega, Initial residual = 0.0170973, Final residual = 1.75368e-15, No Iterations 1
bounding omega, min: -2422.56 max: 3.25885e+06 average: 303.682
DILUPBiCGStab:  Solving for Rxx, Initial residual = 6.33917e-05, Final residual = 2.13988e-10, No Iterations 1
DILUPBiCGStab:  Solving for Rxy, Initial residual = 7.09696e-05, Final residual = 2.34402e-10, No Iterations 1
DILUPBiCGStab:  Solving for Ryy, Initial residual = 6.51806e-05, Final residual = 2.18723e-10, No Iterations 1
DILUPBiCGStab:  Solving for Rzz, Initial residual = 6.37706e-05, Final residual = 2.15053e-10, No Iterations 1
ExecutionTime = 0.29 s  ClockTime = 0 s

Courant Number mean: 2.64678e-05 max: 0.269117
Interface Courant Number mean: 2.28792e-11 max: 1.39251e-07
deltaT = 4.2428e-08
Time = 0.0124312

PIMPLE: iteration 1
MULES: Solving for alpha.water
Phase-1 volume fraction = 0.298591  Min(alpha.water) = -5.82697e-29  Max(alpha.water) = 1
Relaxing time: 0.01 s
DILUPBiCG:  Solving for Ux, Initial residual = 5.94082e-05, Final residual = 5.12279e-10, No Iterations 1
DILUPBiCG:  Solving for Uy, Initial residual = 0.00132003, Final residual = 3.43292e-14, No Iterations 2
DICPCG:  Solving for p_rgh, Initial residual = 0.991417, Final residual = 0.000441398, No Iterations 1
DICPCG:  Solving for p_rgh, Initial residual = 0.988414, Final residual = 0.000389852, No Iterations 1
time step continuity errors : sum local = 4.72427e-08, global = -1.91227e-09, cumulative = -2.00786e-07
DICPCG:  Solving for p_rgh, Initial residual = 0.991799, Final residual = 0.000388312, No Iterations 1
DICPCG:  Solving for p_rgh, Initial residual = 0.992616, Final residual = 0.000391681, No Iterations 1
time step continuity errors : sum local = 1.02195e-07, global = -5.92687e-09, cumulative = -2.06713e-07
DICPCG:  Solving for p_rgh, Initial residual = 0.992661, Final residual = 0.000391891, No Iterations 1
DICPCG:  Solving for p_rgh, Initial residual = 0.992905, Final residual = 0.000392612, No Iterations 1
time step continuity errors : sum local = 2.20896e-07, global = -1.34839e-08, cumulative = -2.20197e-07
DICPCG:  Solving for p_rgh, Initial residual = 0.992897, Final residual = 0.000392598, No Iterations 1
DICPCG:  Solving for p_rgh, Initial residual = 0.993009, Final residual = 4.8771e-08, No Iterations 17
time step continuity errors : sum local = 5.91779e-11, global = -1.50309e-11, cumulative = -2.20212e-07
DILUPBiCGStab:  Solving for omega, Initial residual = 0.996955, Final residual = 1.20036e-13, No Iterations 1
bounding omega, min: -5.62105e+10 max: 2.39869e+13 average: 2.2006e+09
DILUPBiCGStab:  Solving for Rxx, Initial residual = 0.00192332, Final residual = 5.53699e-11, No Iterations 1
DILUPBiCGStab:  Solving for Rxy, Initial residual = 0.00289999, Final residual = 5.69153e-11, No Iterations 1
DILUPBiCGStab:  Solving for Ryy, Initial residual = 0.000198437, Final residual = 5.15552e-11, No Iterations 1
DILUPBiCGStab:  Solving for Rzz, Initial residual = 0.00147496, Final residual = 5.1926e-11, No Iterations 1
ExecutionTime = 0.31 s  ClockTime = 0 s

Courant Number mean: 2.05923e-05 max: 0.206913
Interface Courant Number mean: 6.55368e-12 max: 4.30446e-08
deltaT = 1.02526e-08
Time = 0.0124312

PIMPLE: iteration 1
MULES: Solving for alpha.water
Phase-1 volume fraction = 0.298591  Min(alpha.water) = -7.52931e-30  Max(alpha.water) = 1
Relaxing time: 0 s
DILUPBiCG:  Solving for Ux, Initial residual = 7.3033e-05, Final residual = 6.46369e-10, No Iterations 1
DILUPBiCG:  Solving for Uy, Initial residual = 0.00162323, Final residual = 4.43819e-14, No Iterations 2
DICPCG:  Solving for p_rgh, Initial residual = 0.991413, Final residual = 0.00041939, No Iterations 1
DICPCG:  Solving for p_rgh, Initial residual = 0.988608, Final residual = 0.000388391, No Iterations 1
time step continuity errors : sum local = 5.95445e-08, global = -2.49411e-09, cumulative = -2.22706e-07
DICPCG:  Solving for p_rgh, Initial residual = 0.992069, Final residual = 0.000387658, No Iterations 1
DICPCG:  Solving for p_rgh, Initial residual = 0.99276, Final residual = 0.000391668, No Iterations 1
time step continuity errors : sum local = 1.29247e-07, global = -7.56498e-09, cumulative = -2.30271e-07
DICPCG:  Solving for p_rgh, Initial residual = 0.992761, Final residual = 0.000391903, No Iterations 1
DICPCG:  Solving for p_rgh, Initial residual = 0.992955, Final residual = 0.000392644, No Iterations 1
time step continuity errors : sum local = 2.79424e-07, global = -1.711e-08, cumulative = -2.47381e-07
DICPCG:  Solving for p_rgh, Initial residual = 0.99294, Final residual = 0.000392644, No Iterations 1
DICPCG:  Solving for p_rgh, Initial residual = 0.993027, Final residual = 4.76936e-08, No Iterations 17
time step continuity errors : sum local = 7.32002e-11, global = -1.88432e-11, cumulative = -2.474e-07
DILUPBiCGStab:  Solving for omega, Initial residual = 0.447386, Final residual = 4.02066e-13, No Iterations 1
bounding omega, min: -7896.66 max: 7.21711e+10 average: 6.91662e+06
DILUPBiCGStab:  Solving for Rxx, Initial residual = 5.67717e-05, Final residual = 6.1007e-11, No Iterations 1
DILUPBiCGStab:  Solving for Rxy, Initial residual = 6.11864e-05, Final residual = 7.25813e-11, No Iterations 1
DILUPBiCGStab:  Solving for Ryy, Initial residual = 5.7156e-05, Final residual = 6.32951e-11, No Iterations 1
DILUPBiCGStab:  Solving for Rzz, Initial residual = 5.68616e-05, Final residual = 6.155e-11, No Iterations 1
ExecutionTime = 0.33 s  ClockTime = 0 s

Courant Number mean: 2.52091e-05 max: 0.255806
Interface Courant Number mean: 4.49719e-12 max: 3.25618e-08
deltaT = 2.00398e-09
Time = 0.0124312

PIMPLE: iteration 1
MULES: Solving for alpha.water
Phase-1 volume fraction = 0.298591  Min(alpha.water) = -1.13796e-29  Max(alpha.water) = 1
Relaxing time: 0.01 s
DILUPBiCG:  Solving for Ux, Initial residual = 6.1898e-05, Final residual = 5.36161e-10, No Iterations 1
DILUPBiCG:  Solving for Uy, Initial residual = 0.00137552, Final residual = 3.6084e-14, No Iterations 2
DICPCG:  Solving for p_rgh, Initial residual = 0.991415, Final residual = 0.000436536, No Iterations 1
DICPCG:  Solving for p_rgh, Initial residual = 0.988449, Final residual = 0.000389547, No Iterations 1
time step continuity errors : sum local = 4.94253e-08, global = -2.01481e-09, cumulative = -2.49415e-07
DICPCG:  Solving for p_rgh, Initial residual = 0.991864, Final residual = 0.000388195, No Iterations 1
DICPCG:  Solving for p_rgh, Initial residual = 0.992648, Final residual = 0.000391687, No Iterations 1
time step continuity errors : sum local = 1.06994e-07, global = -6.2185e-09, cumulative = -2.55634e-07
DICPCG:  Solving for p_rgh, Initial residual = 0.992685, Final residual = 0.000391904, No Iterations 1
DICPCG:  Solving for p_rgh, Initial residual = 0.992915, Final residual = 0.000392628, No Iterations 1
time step continuity errors : sum local = 2.31279e-07, global = -1.41287e-08, cumulative = -2.69762e-07
DICPCG:  Solving for p_rgh, Initial residual = 0.992907, Final residual = 0.000392616, No Iterations 1
DICPCG:  Solving for p_rgh, Initial residual = 0.993013, Final residual = 4.81754e-08, No Iterations 17
time step continuity errors : sum local = 6.12008e-11, global = -1.56847e-11, cumulative = -2.69778e-07
DILUPBiCGStab:  Solving for omega, Initial residual = 0.689534, Final residual = 1.69015e-15, No Iterations 1
bounding omega, min: -1.92026e+11 max: 2.70457e+14 average: 2.48205e+10
DILUPBiCGStab:  Solving for Rxx, Initial residual = 5.28633e-05, Final residual = 4.10736e-11, No Iterations 1
DILUPBiCGStab:  Solving for Rxy, Initial residual = 9.51417e-05, Final residual = 3.95459e-11, No Iterations 1
DILUPBiCGStab:  Solving for Ryy, Initial residual = 7.81217e-05, Final residual = 4.05637e-11, No Iterations 1
DILUPBiCGStab:  Solving for Rzz, Initial residual = 5.90797e-05, Final residual = 4.09609e-11, No Iterations 1
ExecutionTime = 0.35 s  ClockTime = 0 s

Courant Number mean: 2.14107e-05 max: 0.215577
Interface Courant Number mean: 3.45567e-12 max: 2.59872e-08
deltaT = 4.64796e-10
Time = 0.0124312

PIMPLE: iteration 1
MULES: Solving for alpha.water
Phase-1 volume fraction = 0.298591  Min(alpha.water) = -1.05927e-29  Max(alpha.water) = 1
Relaxing time: 0.02 s
DILUPBiCG:  Solving for Ux, Initial residual = 7.07908e-05, Final residual = 6.23693e-10, No Iterations 1
DILUPBiCG:  Solving for Uy, Initial residual = 0.00157337, Final residual = 4.26467e-14, No Iterations 2
DICPCG:  Solving for p_rgh, Initial residual = 0.991407, Final residual = 0.000422376, No Iterations 1
DICPCG:  Solving for p_rgh, Initial residual = 0.988578, Final residual = 0.000388578, No Iterations 1
time step continuity errors : sum local = 5.7459e-08, global = -2.39526e-09, cumulative = -2.72173e-07
DICPCG:  Solving for p_rgh, Initial residual = 0.992032, Final residual = 0.000387732, No Iterations 1
DICPCG:  Solving for p_rgh, Initial residual = 0.992732, Final residual = 0.000391651, No Iterations 1
time step continuity errors : sum local = 1.24661e-07, global = -7.28713e-09, cumulative = -2.7946e-07
DICPCG:  Solving for p_rgh, Initial residual = 0.992744, Final residual = 0.000391884, No Iterations 1
DICPCG:  Solving for p_rgh, Initial residual = 0.992947, Final residual = 0.000392623, No Iterations 1
time step continuity errors : sum local = 2.69502e-07, global = -1.64951e-08, cumulative = -2.95955e-07
DICPCG:  Solving for p_rgh, Initial residual = 0.992933, Final residual = 0.000392621, No Iterations 1
DICPCG:  Solving for p_rgh, Initial residual = 0.993024, Final residual = 4.75328e-08, No Iterations 17
time step continuity errors : sum local = 7.03662e-11, global = -1.81764e-11, cumulative = -2.95974e-07
DILUPBiCGStab:  Solving for omega, Initial residual = 0.294403, Final residual = 5.25797e-13, No Iterations 1
bounding omega, min: -478.03 max: 3.15546e+10 average: 9.72596e+06
DILUPBiCGStab:  Solving for Rxx, Initial residual = 5.59882e-05, Final residual = 4.57026e-11, No Iterations 1
DILUPBiCGStab:  Solving for Rxy, Initial residual = 5.7067e-05, Final residual = 4.67412e-11, No Iterations 1
DILUPBiCGStab:  Solving for Ryy, Initial residual = 5.62356e-05, Final residual = 4.59673e-11, No Iterations 1
DILUPBiCGStab:  Solving for Rzz, Initial residual = 5.60447e-05, Final residual = 4.57692e-11, No Iterations 1
ExecutionTime = 0.38 s  ClockTime = 0 s

Courant Number mean: 2.44265e-05 max: 0.247511
Interface Courant Number mean: 3.72014e-12 max: 2.82636e-08
deltaT = 9.38939e-11
Time = 0.0124312

PIMPLE: iteration 1
MULES: Solving for alpha.water
Phase-1 volume fraction = 0.298591  Min(alpha.water) = -7.52931e-30  Max(alpha.water) = 1
Relaxing time: 0.01 s
DILUPBiCG:  Solving for Ux, Initial residual = 6.35493e-05, Final residual = 5.5217e-10, No Iterations 1
DILUPBiCG:  Solving for Uy, Initial residual = 0.00141226, Final residual = 3.72707e-14, No Iterations 2
DICPCG:  Solving for p_rgh, Initial residual = 0.991424, Final residual = 0.000433511, No Iterations 1
DICPCG:  Solving for p_rgh, Initial residual = 0.988482, Final residual = 0.000389309, No Iterations 1
time step continuity errors : sum local = 5.08897e-08, global = -2.0839e-09, cumulative = -2.98057e-07
DICPCG:  Solving for p_rgh, Initial residual = 0.9919, Final residual = 0.000388062, No Iterations 1
DICPCG:  Solving for p_rgh, Initial residual = 0.992671, Final residual = 0.000391639, No Iterations 1
time step continuity errors : sum local = 1.10214e-07, global = -6.41315e-09, cumulative = -3.04471e-07
DICPCG:  Solving for p_rgh, Initial residual = 0.9927, Final residual = 0.000391857, No Iterations 1
DICPCG:  Solving for p_rgh, Initial residual = 0.992923, Final residual = 0.000392585, No Iterations 1
time step continuity errors : sum local = 2.38246e-07, global = -1.45596e-08, cumulative = -3.1903e-07
DICPCG:  Solving for p_rgh, Initial residual = 0.992913, Final residual = 0.000392574, No Iterations 1
DICPCG:  Solving for p_rgh, Initial residual = 0.993015, Final residual = 4.78388e-08, No Iterations 17
time step continuity errors : sum local = 6.26109e-11, global = -1.6129e-11, cumulative = -3.19046e-07
DILUPBiCGStab:  Solving for omega, Initial residual = 8.58793e-05, Final residual = 5.28476e-10, No Iterations 1
bounding omega, min: -117.14 max: 1.43618e+11 average: 2.04732e+07
DILUPBiCGStab:  Solving for Rxx, Initial residual = 5.1711e-05, Final residual = 3.43911e-11, No Iterations 1
DILUPBiCGStab:  Solving for Rxy, Initial residual = 5.1105e-05, Final residual = 3.39696e-11, No Iterations 1
DILUPBiCGStab:  Solving for Ryy, Initial residual = 5.14775e-05, Final residual = 3.42284e-11, No Iterations 1
DILUPBiCGStab:  Solving for Rzz, Initial residual = 5.16562e-05, Final residual = 3.43571e-11, No Iterations 1
ExecutionTime = 0.4 s  ClockTime = 0 s

Courant Number mean: 2.19613e-05 max: 0.221405
Interface Courant Number mean: 3.39959e-12 max: 2.585e-08
deltaT = 2.12041e-11
Time = 0.0124312

PIMPLE: iteration 1
MULES: Solving for alpha.water
Phase-1 volume fraction = 0.298591  Min(alpha.water) = -7.52931e-30  Max(alpha.water) = 1
Relaxing time: 0.01 s
DILUPBiCG:  Solving for Ux, Initial residual = 6.93534e-05, Final residual = 6.09313e-10, No Iterations 1
DILUPBiCG:  Solving for Uy, Initial residual = 0.00154138, Final residual = 4.15544e-14, No Iterations 2
DICPCG:  Solving for p_rgh, Initial residual = 0.991419, Final residual = 0.000424423, No Iterations 1
DICPCG:  Solving for p_rgh, Initial residual = 0.988566, Final residual = 0.000388729, No Iterations 1
time step continuity errors : sum local = 5.61423e-08, global = -2.33273e-09, cumulative = -3.21379e-07
DICPCG:  Solving for p_rgh, Initial residual = 0.992008, Final residual = 0.000387805, No Iterations 1
DICPCG:  Solving for p_rgh, Initial residual = 0.992726, Final residual = 0.000391663, No Iterations 1
time step continuity errors : sum local = 1.21764e-07, global = -7.11139e-09, cumulative = -3.2849e-07
DICPCG:  Solving for p_rgh, Initial residual = 0.992739, Final residual = 0.000391892, No Iterations 1
DICPCG:  Solving for p_rgh, Initial residual = 0.992945, Final residual = 0.000392629, No Iterations 1
time step continuity errors : sum local = 2.63234e-07, global = -1.61063e-08, cumulative = -3.44597e-07
DICPCG:  Solving for p_rgh, Initial residual = 0.99293, Final residual = 0.000392625, No Iterations 1
DICPCG:  Solving for p_rgh, Initial residual = 0.993023, Final residual = 4.74459e-08, No Iterations 17
time step continuity errors : sum local = 6.8603e-11, global = -1.77537e-11, cumulative = -3.44614e-07
DILUPBiCGStab:  Solving for omega, Initial residual = 4.88012e-05, Final residual = 4.2662e-10, No Iterations 1
bounding omega, min: -27.1435 max: 2.74283e+11 average: 3.55455e+07
DILUPBiCGStab:  Solving for Rxx, Initial residual = 5.53308e-05, Final residual = 3.64561e-11, No Iterations 1
DILUPBiCGStab:  Solving for Rxy, Initial residual = 5.568e-05, Final residual = 3.67061e-11, No Iterations 1
DILUPBiCGStab:  Solving for Ryy, Initial residual = 5.53904e-05, Final residual = 3.65005e-11, No Iterations 1
DILUPBiCGStab:  Solving for Rzz, Initial residual = 5.53433e-05, Final residual = 3.64693e-11, No Iterations 1
ExecutionTime = 0.42 s  ClockTime = 0 s

Courant Number mean: 2.39311e-05 max: 0.24227
Interface Courant Number mean: 3.63165e-12 max: 2.76464e-08
deltaT = 4.37613e-12
Time = 0.0124312

PIMPLE: iteration 1
MULES: Solving for alpha.water
Phase-1 volume fraction = 0.298591  Min(alpha.water) = -1.46067e-29  Max(alpha.water) = 1
Relaxing time: 0 s
DILUPBiCG:  Solving for Ux, Initial residual = 6.46406e-05, Final residual = 5.62823e-10, No Iterations 1
DILUPBiCG:  Solving for Uy, Initial residual = 0.00143654, Final residual = 3.80622e-14, No Iterations 2
DICPCG:  Solving for p_rgh, Initial residual = 0.991425, Final residual = 0.000431678, No Iterations 1
DICPCG:  Solving for p_rgh, Initial residual = 0.988504, Final residual = 0.000389216, No Iterations 1
time step continuity errors : sum local = 5.18669e-08, global = -2.13104e-09, cumulative = -3.46745e-07
DICPCG:  Solving for p_rgh, Initial residual = 0.991917, Final residual = 0.000388029, No Iterations 1
DICPCG:  Solving for p_rgh, Initial residual = 0.992681, Final residual = 0.000391673, No Iterations 1
time step continuity errors : sum local = 1.12365e-07, global = -6.54238e-09, cumulative = -3.53288e-07
DICPCG:  Solving for p_rgh, Initial residual = 0.992707, Final residual = 0.000391893, No Iterations 1
DICPCG:  Solving for p_rgh, Initial residual = 0.992929, Final residual = 0.000392623, No Iterations 1
time step continuity errors : sum local = 2.42899e-07, global = -1.48469e-08, cumulative = -3.68135e-07
DICPCG:  Solving for p_rgh, Initial residual = 0.992916, Final residual = 0.000392614, No Iterations 1
DICPCG:  Solving for p_rgh, Initial residual = 0.993018, Final residual = 4.76394e-08, No Iterations 17
time step continuity errors : sum local = 6.35618e-11, global = -1.64222e-11, cumulative = -3.68151e-07
DILUPBiCGStab:  Solving for omega, Initial residual = 6.1879e-05, Final residual = 5.60255e-10, No Iterations 1
bounding omega, min: -5.21481 max: 6.06004e+11 average: 7.28528e+07
DILUPBiCGStab:  Solving for Rxx, Initial residual = 5.21968e-05, Final residual = 2.93889e-11, No Iterations 1
DILUPBiCGStab:  Solving for Rxy, Initial residual = 5.19724e-05, Final residual = 2.92633e-11, No Iterations 1
DILUPBiCGStab:  Solving for Ryy, Initial residual = 5.21053e-05, Final residual = 2.93369e-11, No Iterations 1
DILUPBiCGStab:  Solving for Rzz, Initial residual = 5.21745e-05, Final residual = 2.9379e-11, No Iterations 1
ExecutionTime = 0.44 s  ClockTime = 0 s

Courant Number mean: 2.23273e-05 max: 0.225288
Interface Courant Number mean: 3.4377e-12 max: 2.61531e-08
deltaT = 9.71231e-13
Time = 0.0124312

PIMPLE: iteration 1
MULES: Solving for alpha.water
Phase-1 volume fraction = 0.298591  Min(alpha.water) = -7.52931e-30  Max(alpha.water) = 1
Relaxing time: 0.01 s
DILUPBiCG:  Solving for Ux, Initial residual = 6.84301e-05, Final residual = 6.00104e-10, No Iterations 1
DILUPBiCG:  Solving for Uy, Initial residual = 0.00152092, Final residual = 4.08595e-14, No Iterations 2
DICPCG:  Solving for p_rgh, Initial residual = 0.991418, Final residual = 0.000425677, No Iterations 1
DICPCG:  Solving for p_rgh, Initial residual = 0.988544, Final residual = 0.000388771, No Iterations 1
time step continuity errors : sum local = 5.52846e-08, global = -2.29174e-09, cumulative = -3.70443e-07
DICPCG:  Solving for p_rgh, Initial residual = 0.991998, Final residual = 0.000387812, No Iterations 1
DICPCG:  Solving for p_rgh, Initial residual = 0.992716, Final residual = 0.000391619, No Iterations 1
time step continuity errors : sum local = 1.19879e-07, global = -6.99829e-09, cumulative = -3.77441e-07
DICPCG:  Solving for p_rgh, Initial residual = 0.992732, Final residual = 0.000391847, No Iterations 1
DICPCG:  Solving for p_rgh, Initial residual = 0.992939, Final residual = 0.000392583, No Iterations 1
time step continuity errors : sum local = 2.59156e-07, global = -1.58548e-08, cumulative = -3.93296e-07
DICPCG:  Solving for p_rgh, Initial residual = 0.992927, Final residual = 0.000392576, No Iterations 1
DICPCG:  Solving for p_rgh, Initial residual = 0.993021, Final residual = 4.73913e-08, No Iterations 17
time step continuity errors : sum local = 6.74701e-11, global = -1.74839e-11, cumulative = -3.93314e-07
DILUPBiCGStab:  Solving for omega, Initial residual = 6.95321e-05, Final residual = 6.38015e-10, No Iterations 1
DILUPBiCGStab:  Solving for Rxx, Initial residual = 5.47351e-05, Final residual = 3.0105e-11, No Iterations 1
DILUPBiCGStab:  Solving for Rxy, Initial residual = 5.48582e-05, Final residual = 3.01837e-11, No Iterations 1
DILUPBiCGStab:  Solving for Ryy, Initial residual = 5.47449e-05, Final residual = 3.01124e-11, No Iterations 1
DILUPBiCGStab:  Solving for Rzz, Initial residual = 5.47383e-05, Final residual = 3.01102e-11, No Iterations 1
ExecutionTime = 0.47 s  ClockTime = 0 s

Courant Number mean: 2.36107e-05 max: 0.238869
Interface Courant Number mean: 3.5916e-12 max: 2.73372e-08
deltaT = 2.03298e-13
Time = 0.0124312

PIMPLE: iteration 1
MULES: Solving for alpha.water
Phase-1 volume fraction = 0.298591  Min(alpha.water) = -1.29643e-29  Max(alpha.water) = 1
Relaxing time: 0.01 s
DILUPBiCG:  Solving for Ux, Initial residual = 6.53663e-05, Final residual = 5.6992e-10, No Iterations 1
DILUPBiCG:  Solving for Uy, Initial residual = 0.00145268, Final residual = 3.85918e-14, No Iterations 2
DICPCG:  Solving for p_rgh, Initial residual = 0.991419, Final residual = 0.000430433, No Iterations 1
DICPCG:  Solving for p_rgh, Initial residual = 0.988509, Final residual = 0.000389145, No Iterations 1
time step continuity errors : sum local = 5.25239e-08, global = -2.16107e-09, cumulative = -3.95475e-07
DICPCG:  Solving for p_rgh, Initial residual = 0.991937, Final residual = 0.000388012, No Iterations 1
DICPCG:  Solving for p_rgh, Initial residual = 0.99269, Final residual = 0.000391676, No Iterations 1
time step continuity errors : sum local = 1.13807e-07, global = -6.63044e-09, cumulative = -4.02105e-07
DICPCG:  Solving for p_rgh, Initial residual = 0.992714, Final residual = 0.000391898, No Iterations 1
DICPCG:  Solving for p_rgh, Initial residual = 0.992931, Final residual = 0.000392628, No Iterations 1
time step continuity errors : sum local = 2.46019e-07, global = -1.50411e-08, cumulative = -4.17146e-07
DICPCG:  Solving for p_rgh, Initial residual = 0.992919, Final residual = 0.00039262, No Iterations 1
DICPCG:  Solving for p_rgh, Initial residual = 0.993019, Final residual = 4.75195e-08, No Iterations 17
time step continuity errors : sum local = 6.42156e-11, global = -1.66191e-11, cumulative = -4.17163e-07
DILUPBiCGStab:  Solving for omega, Initial residual = 6.73785e-05, Final residual = 6.13282e-10, No Iterations 1
bounding omega, min: -1.50453 max: 3.19393e+12 average: 3.61056e+08
DILUPBiCGStab:  Solving for Rxx, Initial residual = 5.25945e-05, Final residual = 2.56022e-11, No Iterations 1
DILUPBiCGStab:  Solving for Rxy, Initial residual = 5.25061e-05, Final residual = 2.55633e-11, No Iterations 1
DILUPBiCGStab:  Solving for Ryy, Initial residual = 5.25507e-05, Final residual = 2.55801e-11, No Iterations 1
DILUPBiCGStab:  Solving for Rzz, Initial residual = 5.25853e-05, Final residual = 2.56003e-11, No Iterations 1
ExecutionTime = 0.49 s  ClockTime = 0 s

Courant Number mean: 2.25726e-05 max: 0.227879
Interface Courant Number mean: 3.46679e-12 max: 2.63748e-08
deltaT = 4.46066e-14
Time = 0.0124312

PIMPLE: iteration 1
MULES: Solving for alpha.water
Phase-1 volume fraction = 0.298591  Min(alpha.water) = -7.52931e-30  Max(alpha.water) = 1
Relaxing time: 0.01 s
DILUPBiCG:  Solving for Ux, Initial residual = 6.78217e-05, Final residual = 5.9413e-10, No Iterations 1
DILUPBiCG:  Solving for Uy, Initial residual = 0.00150731, Final residual = 4.04093e-14, No Iterations 2
DICPCG:  Solving for p_rgh, Initial residual = 0.991403, Final residual = 0.000426631, No Iterations 1
DICPCG:  Solving for p_rgh, Initial residual = 0.988542, Final residual = 0.000388868, No Iterations 1
time step continuity errors : sum local = 5.47415e-08, global = -2.26663e-09, cumulative = -4.19429e-07
DICPCG:  Solving for p_rgh, Initial residual = 0.99198, Final residual = 0.000387863, No Iterations 1
DICPCG:  Solving for p_rgh, Initial residual = 0.992706, Final residual = 0.000391656, No Iterations 1
time step continuity errors : sum local = 1.18686e-07, global = -6.92523e-09, cumulative = -4.26355e-07
DICPCG:  Solving for p_rgh, Initial residual = 0.992724, Final residual = 0.000391883, No Iterations 1
DICPCG:  Solving for p_rgh, Initial residual = 0.992936, Final residual = 0.000392618, No Iterations 1
time step continuity errors : sum local = 2.56574e-07, global = -1.56942e-08, cumulative = -4.42049e-07
DICPCG:  Solving for p_rgh, Initial residual = 0.992924, Final residual = 0.000392613, No Iterations 1
DICPCG:  Solving for p_rgh, Initial residual = 0.993021, Final residual = 4.736e-08, No Iterations 17
time step continuity errors : sum local = 6.67475e-11, global = -1.73089e-11, cumulative = -4.42066e-07
DILUPBiCGStab:  Solving for omega, Initial residual = 6.9583e-05, Final residual = 6.26519e-10, No Iterations 1
DILUPBiCGStab:  Solving for Rxx, Initial residual = 5.42936e-05, Final residual = 2.55604e-11, No Iterations 1
DILUPBiCGStab:  Solving for Rxy, Initial residual = 5.43344e-05, Final residual = 2.55863e-11, No Iterations 1
DILUPBiCGStab:  Solving for Ryy, Initial residual = 5.43017e-05, Final residual = 2.55666e-11, No Iterations 1
DILUPBiCGStab:  Solving for Rzz, Initial residual = 5.42943e-05, Final residual = 2.55634e-11, No Iterations 1
ExecutionTime = 0.51 s  ClockTime = 1 s

Courant Number mean: 2.34064e-05 max: 0.236713
Interface Courant Number mean: 3.5668e-12 max: 2.71451e-08
deltaT = 9.42209e-15
Time = 0.0124312

PIMPLE: iteration 1
MULES: Solving for alpha.water
Phase-1 volume fraction = 0.298591  Min(alpha.water) = -7.52931e-30  Max(alpha.water) = 1
Relaxing time: 0.01 s
DILUPBiCG:  Solving for Ux, Initial residual = 6.58342e-05, Final residual = 5.74476e-10, No Iterations 1
DILUPBiCG:  Solving for Uy, Initial residual = 0.0014631, Final residual = 3.8932e-14, No Iterations 2
DICPCG:  Solving for p_rgh, Initial residual = 0.991425, Final residual = 0.000429635, No Iterations 1
DICPCG:  Solving for p_rgh, Initial residual = 0.988517, Final residual = 0.000389047, No Iterations 1
time step continuity errors : sum local = 5.2934e-08, global = -2.18058e-09, cumulative = -4.44247e-07
DICPCG:  Solving for p_rgh, Initial residual = 0.991947, Final residual = 0.00038794, No Iterations 1
DICPCG:  Solving for p_rgh, Initial residual = 0.992699, Final residual = 0.000391629, No Iterations 1
time step continuity errors : sum local = 1.14709e-07, global = -6.68553e-09, cumulative = -4.50932e-07
DICPCG:  Solving for p_rgh, Initial residual = 0.99272, Final residual = 0.00039185, No Iterations 1
DICPCG:  Solving for p_rgh, Initial residual = 0.992934, Final residual = 0.000392582, No Iterations 1
time step continuity errors : sum local = 2.47972e-07, global = -1.51627e-08, cumulative = -4.66095e-07
DICPCG:  Solving for p_rgh, Initial residual = 0.992921, Final residual = 0.000392572, No Iterations 1
DICPCG:  Solving for p_rgh, Initial residual = 0.993019, Final residual = 4.74418e-08, No Iterations 17
time step continuity errors : sum local = 6.46271e-11, global = -1.67494e-11, cumulative = -4.66112e-07
DILUPBiCGStab:  Solving for omega, Initial residual = 6.71828e-05, Final residual = 5.94384e-10, No Iterations 1
bounding omega, min: -0.103832 max: 1.66275e+13 average: 1.86651e+09
DILUPBiCGStab:  Solving for Rxx, Initial residual = 5.28513e-05, Final residual = 2.25606e-11, No Iterations 1
DILUPBiCGStab:  Solving for Rxy, Initial residual = 5.28269e-05, Final residual = 2.25559e-11, No Iterations 1
DILUPBiCGStab:  Solving for Ryy, Initial residual = 5.28332e-05, Final residual = 2.25534e-11, No Iterations 1
DILUPBiCGStab:  Solving for Rzz, Initial residual = 5.28483e-05, Final residual = 2.25617e-11, No Iterations 1
ExecutionTime = 0.53 s  ClockTime = 1 s

Courant Number mean: 2.27291e-05 max: 0.229538
Interface Courant Number mean: 3.48543e-12 max: 2.65166e-08
deltaT = 2.0524e-15
Time = 0.0124312

PIMPLE: iteration 1
MULES: Solving for alpha.water
Phase-1 volume fraction = 0.298591  Min(alpha.water) = -7.52931e-30  Max(alpha.water) = 1
Relaxing time: 0.01 s
DILUPBiCG:  Solving for Ux, Initial residual = 6.74378e-05, Final residual = 5.90254e-10, No Iterations 1
DILUPBiCG:  Solving for Uy, Initial residual = 0.00149876, Final residual = 4.01131e-14, No Iterations 2
DICPCG:  Solving for p_rgh, Initial residual = 0.99141, Final residual = 0.000427243, No Iterations 1
DICPCG:  Solving for p_rgh, Initial residual = 0.988539, Final residual = 0.000388927, No Iterations 1
time step continuity errors : sum local = 5.43957e-08, global = -2.25025e-09, cumulative = -4.68362e-07
DICPCG:  Solving for p_rgh, Initial residual = 0.991972, Final residual = 0.000387899, No Iterations 1
DICPCG:  Solving for p_rgh, Initial residual = 0.992705, Final residual = 0.000391672, No Iterations 1
time step continuity errors : sum local = 1.17923e-07, global = -6.87919e-09, cumulative = -4.75241e-07
DICPCG:  Solving for p_rgh, Initial residual = 0.992724, Final residual = 0.000391898, No Iterations 1
DICPCG:  Solving for p_rgh, Initial residual = 0.992936, Final residual = 0.000392632, No Iterations 1
time step continuity errors : sum local = 2.54924e-07, global = -1.55923e-08, cumulative = -4.90833e-07
DICPCG:  Solving for p_rgh, Initial residual = 0.992923, Final residual = 0.000392626, No Iterations 1
DICPCG:  Solving for p_rgh, Initial residual = 0.99302, Final residual = 4.73398e-08, No Iterations 17
time step continuity errors : sum local = 6.62878e-11, global = -1.71978e-11, cumulative = -4.90851e-07
DILUPBiCGStab:  Solving for omega, Initial residual = 6.79811e-05, Final residual = 5.90662e-10, No Iterations 1
bounding omega, min: -2.62515e+10 max: 3.79672e+13 average: 4.29373e+09
DILUPBiCGStab:  Solving for Rxx, Initial residual = 5.39938e-05, Final residual = 2.21658e-11, No Iterations 1
DILUPBiCGStab:  Solving for Rxy, Initial residual = 5.40001e-05, Final residual = 2.21731e-11, No Iterations 1
DILUPBiCGStab:  Solving for Ryy, Initial residual = 5.3997e-05, Final residual = 2.2169e-11, No Iterations 1
DILUPBiCGStab:  Solving for Rzz, Initial residual = 5.39934e-05, Final residual = 2.21678e-11, No Iterations 1
ExecutionTime = 0.55 s  ClockTime = 1 s

Courant Number mean: 2.32757e-05 max: 0.23533
Interface Courant Number mean: 3.55106e-12 max: 2.70226e-08
deltaT = 4.36069e-16
Time = 0.0124312

PIMPLE: iteration 1
MULES: Solving for alpha.water
Phase-1 volume fraction = 0.298591  Min(alpha.water) = -7.52931e-30  Max(alpha.water) = 1
Relaxing time: 0.01 s
DILUPBiCG:  Solving for Ux, Initial residual = 6.61362e-05, Final residual = 5.7745e-10, No Iterations 1
DILUPBiCG:  Solving for Uy, Initial residual = 0.00146983, Final residual = 3.91536e-14, No Iterations 2
DICPCG:  Solving for p_rgh, Initial residual = 0.991415, Final residual = 0.000429182, No Iterations 1
DICPCG:  Solving for p_rgh, Initial residual = 0.988516, Final residual = 0.000389052, No Iterations 1
time step continuity errors : sum local = 5.32127e-08, global = -2.19376e-09, cumulative = -4.93044e-07
DICPCG:  Solving for p_rgh, Initial residual = 0.991953, Final residual = 0.000387962, No Iterations 1
DICPCG:  Solving for p_rgh, Initial residual = 0.992693, Final residual = 0.000391664, No Iterations 1
time step continuity errors : sum local = 1.15322e-07, global = -6.7226e-09, cumulative = -4.99767e-07
DICPCG:  Solving for p_rgh, Initial residual = 0.992716, Final residual = 0.000391889, No Iterations 1
DICPCG:  Solving for p_rgh, Initial residual = 0.992932, Final residual = 0.000392621, No Iterations 1
time step continuity errors : sum local = 2.49297e-07, global = -1.52448e-08, cumulative = -5.15012e-07
DICPCG:  Solving for p_rgh, Initial residual = 0.99292, Final residual = 0.000392613, No Iterations 1
DICPCG:  Solving for p_rgh, Initial residual = 0.993018, Final residual = 4.73951e-08, No Iterations 17
time step continuity errors : sum local = 6.49018e-11, global = -1.6829e-11, cumulative = -5.15029e-07
DILUPBiCGStab:  Solving for omega, Initial residual = 5.51585e-05, Final residual = 4.69025e-10, No Iterations 1
DILUPBiCGStab:  Solving for Rxx, Initial residual = 5.30222e-05, Final residual = 2.00606e-11, No Iterations 1
DILUPBiCGStab:  Solving for Rxy, Initial residual = 5.30217e-05, Final residual = 2.00659e-11, No Iterations 1
DILUPBiCGStab:  Solving for Ryy, Initial residual = 5.30139e-05, Final residual = 2.00582e-11, No Iterations 1
DILUPBiCGStab:  Solving for Rzz, Initial residual = 5.30217e-05, Final residual = 2.00624e-11, No Iterations 1
ExecutionTime = 0.57 s  ClockTime = 1 s

Courant Number mean: 2.28317e-05 max: 0.230624
Interface Courant Number mean: 3.49755e-12 max: 2.66097e-08
deltaT = 9.45412e-17
Time = 0.0124312

PIMPLE: iteration 1
MULES: Solving for alpha.water
Phase-1 volume fraction = 0.298591  Min(alpha.water) = -7.52931e-30  Max(alpha.water) = 1
Relaxing time: 0.01 s
DILUPBiCG:  Solving for Ux, Initial residual = 6.71918e-05, Final residual = 5.87858e-10, No Iterations 1
DILUPBiCG:  Solving for Uy, Initial residual = 0.0014933, Final residual = 3.99361e-14, No Iterations 2
DICPCG:  Solving for p_rgh, Initial residual = 0.991426, Final residual = 0.000427579, No Iterations 1
DICPCG:  Solving for p_rgh, Initial residual = 0.988544, Final residual = 0.000388921, No Iterations 1
time step continuity errors : sum local = 5.4166e-08, global = -2.23944e-09, cumulative = -5.17268e-07
DICPCG:  Solving for p_rgh, Initial residual = 0.991969, Final residual = 0.00038788, No Iterations 1
DICPCG:  Solving for p_rgh, Initial residual = 0.992712, Final residual = 0.000391645, No Iterations 1
time step continuity errors : sum local = 1.1742e-07, global = -6.84887e-09, cumulative = -5.24117e-07
DICPCG:  Solving for p_rgh, Initial residual = 0.992728, Final residual = 0.000391868, No Iterations 1
DICPCG:  Solving for p_rgh, Initial residual = 0.992939, Final residual = 0.000392602, No Iterations 1
time step continuity errors : sum local = 2.53834e-07, global = -1.55253e-08, cumulative = -5.39642e-07
DICPCG:  Solving for p_rgh, Initial residual = 0.992925, Final residual = 0.000392594, No Iterations 1
DICPCG:  Solving for p_rgh, Initial residual = 0.993021, Final residual = 4.73267e-08, No Iterations 17
time step continuity errors : sum local = 6.59915e-11, global = -1.71288e-11, cumulative = -5.39659e-07
DILUPBiCGStab:  Solving for omega, Initial residual = 6.09586e-05, Final residual = 5.09261e-10, No Iterations 1
bounding omega, min: -0.044623 max: 1.95445e+14 average: 2.37899e+10
DILUPBiCGStab:  Solving for Rxx, Initial residual = 5.37844e-05, Final residual = 1.9514e-11, No Iterations 1
DILUPBiCGStab:  Solving for Rxy, Initial residual = 5.37782e-05, Final residual = 1.95154e-11, No Iterations 1
DILUPBiCGStab:  Solving for Ryy, Initial residual = 5.37865e-05, Final residual = 1.95164e-11, No Iterations 1
DILUPBiCGStab:  Solving for Rzz, Initial residual = 5.37837e-05, Final residual = 1.95156e-11, No Iterations 1
ExecutionTime = 0.59 s  ClockTime = 1 s

Courant Number mean: 2.31916e-05 max: 0.23444
Interface Courant Number mean: 3.54086e-12 max: 2.69429e-08
deltaT = 2.01632e-17
Time = 0.0124312

PIMPLE: iteration 1
MULES: Solving for alpha.water
Phase-1 volume fraction = 0.298591  Min(alpha.water) = -7.52931e-30  Max(alpha.water) = 1
Relaxing time: 0.01 s
DILUPBiCG:  Solving for Ux, Initial residual = 6.63336e-05, Final residual = 5.79345e-10, No Iterations 1
DILUPBiCG:  Solving for Uy, Initial residual = 0.00147421, Final residual = 3.9293e-14, No Iterations 2
DICPCG:  Solving for p_rgh, Initial residual = 0.991412, Final residual = 0.0004289, No Iterations 1
DICPCG:  Solving for p_rgh, Initial residual = 0.988513, Final residual = 0.000389039, No Iterations 1
time step continuity errors : sum local = 5.3391e-08, global = -2.20218e-09, cumulative = -5.41861e-07
DICPCG:  Solving for p_rgh, Initial residual = 0.991958, Final residual = 0.000387958, No Iterations 1
DICPCG:  Solving for p_rgh, Initial residual = 0.992691, Final residual = 0.000391669, No Iterations 1
time step continuity errors : sum local = 1.15713e-07, global = -6.74623e-09, cumulative = -5.48608e-07
DICPCG:  Solving for p_rgh, Initial residual = 0.992715, Final residual = 0.000391894, No Iterations 1
DICPCG:  Solving for p_rgh, Initial residual = 0.992931, Final residual = 0.000392626, No Iterations 1
time step continuity errors : sum local = 2.50142e-07, global = -1.52971e-08, cumulative = -5.63905e-07
DICPCG:  Solving for p_rgh, Initial residual = 0.99292, Final residual = 0.000392619, No Iterations 1
DICPCG:  Solving for p_rgh, Initial residual = 0.993018, Final residual = 4.73654e-08, No Iterations 17
time step continuity errors : sum local = 6.50803e-11, global = -1.6882e-11, cumulative = -5.63922e-07
DILUPBiCGStab:  Solving for omega, Initial residual = 6.20062e-05, Final residual = 5.06255e-10, No Iterations 1
DILUPBiCGStab:  Solving for Rxx, Initial residual = 5.31276e-05, Final residual = 1.79738e-11, No Iterations 1
DILUPBiCGStab:  Solving for Rxy, Initial residual = 5.31356e-05, Final residual = 1.79813e-11, No Iterations 1
DILUPBiCGStab:  Solving for Ryy, Initial residual = 5.31316e-05, Final residual = 1.79772e-11, No Iterations 1
DILUPBiCGStab:  Solving for Rzz, Initial residual = 5.3128e-05, Final residual = 1.79757e-11, No Iterations 1
ExecutionTime = 0.61 s  ClockTime = 1 s

Courant Number mean: 2.2898e-05 max: 0.231327
Interface Courant Number mean: 3.5055e-12 max: 2.66705e-08
deltaT = 4.35815e-18
Time = 0.0124312

PIMPLE: iteration 1
MULES: Solving for alpha.water
Phase-1 volume fraction = 0.298591  Min(alpha.water) = -7.52931e-30  Max(alpha.water) = 1
Relaxing time: 0.01 s
DILUPBiCG:  Solving for Ux, Initial residual = 6.7033e-05, Final residual = 5.86295e-10, No Iterations 1
DILUPBiCG:  Solving for Uy, Initial residual = 0.00148976, Final residual = 3.98178e-14, No Iterations 2
DICPCG:  Solving for p_rgh, Initial residual = 0.991421, Final residual = 0.000427777, No Iterations 1
DICPCG:  Solving for p_rgh, Initial residual = 0.98853, Final residual = 0.000388952, No Iterations 1
time step continuity errors : sum local = 5.40234e-08, global = -2.23191e-09, cumulative = -5.66154e-07
DICPCG:  Solving for p_rgh, Initial residual = 0.991971, Final residual = 0.000387915, No Iterations 1
DICPCG:  Solving for p_rgh, Initial residual = 0.992709, Final residual = 0.000391659, No Iterations 1
time step continuity errors : sum local = 1.17105e-07, global = -6.83049e-09, cumulative = -5.72984e-07
DICPCG:  Solving for p_rgh, Initial residual = 0.992726, Final residual = 0.000391884, No Iterations 1
DICPCG:  Solving for p_rgh, Initial residual = 0.992937, Final residual = 0.000392617, No Iterations 1
time step continuity errors : sum local = 2.53154e-07, global = -1.54837e-08, cumulative = -5.88468e-07
DICPCG:  Solving for p_rgh, Initial residual = 0.992924, Final residual = 0.00039261, No Iterations 1
DICPCG:  Solving for p_rgh, Initial residual = 0.99302, Final residual = 4.73218e-08, No Iterations 17
time step continuity errors : sum local = 6.58052e-11, global = -1.70797e-11, cumulative = -5.88485e-07
DILUPBiCGStab:  Solving for omega, Initial residual = 6.25139e-05, Final residual = 5.00545e-10, No Iterations 1
bounding omega, min: -3.67403e+09 max: 1.00192e+15 average: 1.27997e+11
DILUPBiCGStab:  Solving for Rxx, Initial residual = 5.36373e-05, Final residual = 1.73812e-11, No Iterations 1
DILUPBiCGStab:  Solving for Rxy, Initial residual = 5.36348e-05, Final residual = 1.73841e-11, No Iterations 1
DILUPBiCGStab:  Solving for Ryy, Initial residual = 5.36366e-05, Final residual = 1.73828e-11, No Iterations 1
DILUPBiCGStab:  Solving for Rzz, Initial residual = 5.36371e-05, Final residual = 1.73827e-11, No Iterations 1
ExecutionTime = 0.63 s  ClockTime = 1 s

Courant Number mean: 2.31363e-05 max: 0.233848
Interface Courant Number mean: 3.53411e-12 max: 2.68902e-08
deltaT = 9.31833e-19
Time = 0.0124312

PIMPLE: iteration 1
MULES: Solving for alpha.water
Phase-1 volume fraction = 0.298591  Min(alpha.water) = -7.52931e-30  Max(alpha.water) = 1
Relaxing time: 0.01 s
DILUPBiCG:  Solving for Ux, Initial residual = 6.64653e-05, Final residual = 5.80695e-10, No Iterations 1
DILUPBiCG:  Solving for Uy, Initial residual = 0.0014771, Final residual = 3.93977e-14, No Iterations 2
DICPCG:  Solving for p_rgh, Initial residual = 0.99142, Final residual = 0.000428698, No Iterations 1
DICPCG:  Solving for p_rgh, Initial residual = 0.988532, Final residual = 0.000389, No Iterations 1
time step continuity errors : sum local = 5.35094e-08, global = -2.20837e-09, cumulative = -5.90693e-07
DICPCG:  Solving for p_rgh, Initial residual = 0.991952, Final residual = 0.000387915, No Iterations 1
DICPCG:  Solving for p_rgh, Initial residual = 0.992701, Final residual = 0.000391647, No Iterations 1
time step continuity errors : sum local = 1.15975e-07, global = -6.76148e-09, cumulative = -5.97455e-07
DICPCG:  Solving for p_rgh, Initial residual = 0.992721, Final residual = 0.000391869, No Iterations 1
DICPCG:  Solving for p_rgh, Initial residual = 0.992936, Final residual = 0.000392602, No Iterations 1
time step continuity errors : sum local = 2.5071e-07, global = -1.53318e-08, cumulative = -6.12787e-07
DICPCG:  Solving for p_rgh, Initial residual = 0.992922, Final residual = 0.000392594, No Iterations 1
DICPCG:  Solving for p_rgh, Initial residual = 0.99302, Final residual = 4.73439e-08, No Iterations 17
time step continuity errors : sum local = 6.52026e-11, global = -1.69238e-11, cumulative = -6.12803e-07
DILUPBiCGStab:  Solving for omega, Initial residual = 6.07972e-05, Final residual = 4.7547e-10, No Iterations 1
bounding omega, min: -1.40864e+09 max: 2.26376e+15 average: 3.05605e+11
DILUPBiCGStab:  Solving for Rxx, Initial residual = 5.32038e-05, Final residual = 1.62155e-11, No Iterations 1
DILUPBiCGStab:  Solving for Rxy, Initial residual = 5.32069e-05, Final residual = 1.62203e-11, No Iterations 1
DILUPBiCGStab:  Solving for Ryy, Initial residual = 5.31958e-05, Final residual = 1.62136e-11, No Iterations 1
DILUPBiCGStab:  Solving for Rzz, Initial residual = 5.3204e-05, Final residual = 1.6217e-11, No Iterations 1
ExecutionTime = 0.65 s  ClockTime = 1 s

Courant Number mean: 2.29453e-05 max: 0.231835
Interface Courant Number mean: 3.51123e-12 max: 2.6714e-08
deltaT = 2.00969e-19
Time = 0.0124312

PIMPLE: iteration 1
MULES: Solving for alpha.water
Phase-1 volume fraction = 0.298591  Min(alpha.water) = -7.52931e-30  Max(alpha.water) = 1
Relaxing time: 0.01 s
DILUPBiCG:  Solving for Ux, Initial residual = 6.69161e-05, Final residual = 5.85064e-10, No Iterations 1
DILUPBiCG:  Solving for Uy, Initial residual = 0.00148716, Final residual = 3.97204e-14, No Iterations 2
DICPCG:  Solving for p_rgh, Initial residual = 0.991413, Final residual = 0.000427997, No Iterations 1
DICPCG:  Solving for p_rgh, Initial residual = 0.988526, Final residual = 0.00038898, No Iterations 1
time step continuity errors : sum local = 5.39171e-08, global = -2.22722e-09, cumulative = -6.15031e-07
DICPCG:  Solving for p_rgh, Initial residual = 0.991969, Final residual = 0.000387937, No Iterations 1
DICPCG:  Solving for p_rgh, Initial residual = 0.992702, Final residual = 0.000391673, No Iterations 1
time step continuity errors : sum local = 1.16871e-07, global = -6.81617e-09, cumulative = -6.21847e-07
DICPCG:  Solving for p_rgh, Initial residual = 0.992723, Final residual = 0.000391898, No Iterations 1
DICPCG:  Solving for p_rgh, Initial residual = 0.992935, Final residual = 0.000392631, No Iterations 1
time step continuity errors : sum local = 2.52647e-07, global = -1.54521e-08, cumulative = -6.37299e-07
DICPCG:  Solving for p_rgh, Initial residual = 0.992923, Final residual = 0.000392624, No Iterations 1
DICPCG:  Solving for p_rgh, Initial residual = 0.99302, Final residual = 4.73174e-08, No Iterations 17
time step continuity errors : sum local = 6.56646e-11, global = -1.7044e-11, cumulative = -6.37316e-07
DILUPBiCGStab:  Solving for omega, Initial residual = 5.94016e-05, Final residual = 2.87455e-10, No Iterations 1
bounding omega, min: -3.34466e+08 max: 5.13219e+15 average: 7.44885e+11
DILUPBiCGStab:  Solving for Rxx, Initial residual = 5.35194e-05, Final residual = 1.56144e-11, No Iterations 1
DILUPBiCGStab:  Solving for Rxy, Initial residual = 5.351e-05, Final residual = 1.56143e-11, No Iterations 1
DILUPBiCGStab:  Solving for Ryy, Initial residual = 5.35219e-05, Final residual = 1.56162e-11, No Iterations 1
DILUPBiCGStab:  Solving for Rzz, Initial residual = 5.35188e-05, Final residual = 1.56155e-11, No Iterations 1
ExecutionTime = 0.67 s  ClockTime = 1 s

Courant Number mean: 2.30952e-05 max: 0.233412
Interface Courant Number mean: 3.5292e-12 max: 2.68525e-08
deltaT = 4.30503e-20
Time = 0.0124312

PIMPLE: iteration 1
MULES: Solving for alpha.water
Phase-1 volume fraction = 0.298591  Min(alpha.water) = -7.52931e-30  Max(alpha.water) = 1
Relaxing time: 0.01 s
DILUPBiCG:  Solving for Ux, Initial residual = 6.65638e-05, Final residual = 5.81689e-10, No Iterations 1
DILUPBiCG:  Solving for Uy, Initial residual = 0.00147935, Final residual = 3.94744e-14, No Iterations 2
DICPCG:  Solving for p_rgh, Initial residual = 0.99142, Final residual = 0.000428538, No Iterations 1
DICPCG:  Solving for p_rgh, Initial residual = 0.988528, Final residual = 0.000388992, No Iterations 1
time step continuity errors : sum local = 5.3599e-08, global = -2.21259e-09, cumulative = -6.39529e-07
DICPCG:  Solving for p_rgh, Initial residual = 0.991957, Final residual = 0.000387917, No Iterations 1
DICPCG:  Solving for p_rgh, Initial residual = 0.992698, Final residual = 0.000391652, No Iterations 1
time step continuity errors : sum local = 1.16173e-07, global = -6.77351e-09, cumulative = -6.46302e-07
DICPCG:  Solving for p_rgh, Initial residual = 0.992719, Final residual = 0.000391875, No Iterations 1
DICPCG:  Solving for p_rgh, Initial residual = 0.992933, Final residual = 0.000392609, No Iterations 1
time step continuity errors : sum local = 2.51137e-07, global = -1.53584e-08, cumulative = -6.6166e-07
DICPCG:  Solving for p_rgh, Initial residual = 0.992921, Final residual = 0.000392601, No Iterations 1
DICPCG:  Solving for p_rgh, Initial residual = 0.993019, Final residual = 4.73305e-08, No Iterations 17
time step continuity errors : sum local = 6.5294e-11, global = -1.69492e-11, cumulative = -6.61677e-07
DILUPBiCGStab:  Solving for omega, Initial residual = 5.68662e-05, Final residual = 2.64049e-10, No Iterations 1
bounding omega, min: -7.00906e+12 max: 1.16036e+16 average: 1.84463e+12
DILUPBiCGStab:  Solving for Rxx, Initial residual = 5.32412e-05, Final residual = 1.47047e-11, No Iterations 1
DILUPBiCGStab:  Solving for Rxy, Initial residual = 5.32517e-05, Final residual = 1.4711e-11, No Iterations 1
DILUPBiCGStab:  Solving for Ryy, Initial residual = 5.32462e-05, Final residual = 1.47076e-11, No Iterations 1
DILUPBiCGStab:  Solving for Rzz, Initial residual = 5.3242e-05, Final residual = 1.47061e-11, No Iterations 1
ExecutionTime = 0.69 s  ClockTime = 1 s

Courant Number mean: 2.29781e-05 max: 0.232183
Interface Courant Number mean: 3.51516e-12 max: 2.67441e-08
deltaT = 9.27076e-21
Time = 0.0124312

PIMPLE: iteration 1
MULES: Solving for alpha.water
Phase-1 volume fraction = 0.298591  Min(alpha.water) = -7.52931e-30  Max(alpha.water) = 1
Relaxing time: 0.01 s
DILUPBiCG:  Solving for Ux, Initial residual = 6.68387e-05, Final residual = 5.84321e-10, No Iterations 1
DILUPBiCG:  Solving for Uy, Initial residual = 0.00148545, Final residual = 3.96669e-14, No Iterations 2
DICPCG:  Solving for p_rgh, Initial residual = 0.991416, Final residual = 0.000428078, No Iterations 1
DICPCG:  Solving for p_rgh, Initial residual = 0.988528, Final residual = 0.000388953, No Iterations 1
time step continuity errors : sum local = 5.38421e-08, global = -2.22369e-09, cumulative = -6.63901e-07
DICPCG:  Solving for p_rgh, Initial residual = 0.991968, Final residual = 0.000387907, No Iterations 1
DICPCG:  Solving for p_rgh, Initial residual = 0.992706, Final residual = 0.00039164, No Iterations 1
time step continuity errors : sum local = 1.16707e-07, global = -6.80627e-09, cumulative = -6.70707e-07
DICPCG:  Solving for p_rgh, Initial residual = 0.992724, Final residual = 0.000391864, No Iterations 1
DICPCG:  Solving for p_rgh, Initial residual = 0.992936, Final residual = 0.000392597, No Iterations 1
time step continuity errors : sum local = 2.52292e-07, global = -1.54301e-08, cumulative = -6.86138e-07
DICPCG:  Solving for p_rgh, Initial residual = 0.992923, Final residual = 0.000392589, No Iterations 1
DICPCG:  Solving for p_rgh, Initial residual = 0.99302, Final residual = 4.73125e-08, No Iterations 17
time step continuity errors : sum local = 6.55715e-11, global = -1.70243e-11, cumulative = -6.86155e-07
DILUPBiCGStab:  Solving for omega, Initial residual = 4.77835e-05, Final residual = 2.11637e-10, No Iterations 1
bounding omega, min: -3.12248e+11 max: 2.63483e+16 average: 4.93482e+12
DILUPBiCGStab:  Solving for Rxx, Initial residual = 5.34369e-05, Final residual = 1.4133e-11, No Iterations 1
DILUPBiCGStab:  Solving for Rxy, Initial residual = 5.34333e-05, Final residual = 1.41347e-11, No Iterations 1
DILUPBiCGStab:  Solving for Ryy, Initial residual = 5.34366e-05, Final residual = 1.41342e-11, No Iterations 1
DILUPBiCGStab:  Solving for Rzz, Initial residual = 5.34368e-05, Final residual = 1.41341e-11, No Iterations 1
ExecutionTime = 0.71 s  ClockTime = 1 s

Courant Number mean: 2.30689e-05 max: 0.233132
Interface Courant Number mean: 3.52611e-12 max: 2.6828e-08
deltaT = 1.98831e-21
Time = 0.0124312

PIMPLE: iteration 1
MULES: Solving for alpha.water
Phase-1 volume fraction = 0.298591  Min(alpha.water) = -9.34746e-30  Max(alpha.water) = 1
Relaxing time: 0.01 s
DILUPBiCG:  Solving for Ux, Initial residual = 6.66258e-05, Final residual = 5.82285e-10, No Iterations 1
DILUPBiCG:  Solving for Uy, Initial residual = 0.00148072, Final residual = 3.95173e-14, No Iterations 2
DICPCG:  Solving for p_rgh, Initial residual = 0.99141, Final residual = 0.000428481, No Iterations 1
DICPCG:  Solving for p_rgh, Initial residual = 0.988525, Final residual = 0.000389014, No Iterations 1
time step continuity errors : sum local = 5.36605e-08, global = -2.21551e-09, cumulative = -6.8837e-07
DICPCG:  Solving for p_rgh, Initial residual = 0.991955, Final residual = 0.000387939, No Iterations 1
DICPCG:  Solving for p_rgh, Initial residual = 0.992691, Final residual = 0.000391677, No Iterations 1
time step continuity errors : sum local = 1.16307e-07, global = -6.78135e-09, cumulative = -6.95151e-07
DICPCG:  Solving for p_rgh, Initial residual = 0.992716, Final residual = 0.000391902, No Iterations 1
DICPCG:  Solving for p_rgh, Initial residual = 0.992932, Final residual = 0.000392635, No Iterations 1
time step continuity errors : sum local = 2.51428e-07, global = -1.53758e-08, cumulative = -7.10527e-07
DICPCG:  Solving for p_rgh, Initial residual = 0.992921, Final residual = 0.000392629, No Iterations 1
DICPCG:  Solving for p_rgh, Initial residual = 0.993019, Final residual = 4.73218e-08, No Iterations 17
time step continuity errors : sum local = 6.5353e-11, global = -1.69642e-11, cumulative = -7.10544e-07
DILUPBiCGStab:  Solving for omega, Initial residual = 4.8193e-05, Final residual = 2.02479e-10, No Iterations 1
bounding omega, min: -7.83961e+10 max: 5.96493e+16 average: 1.238e+13
DILUPBiCGStab:  Solving for Rxx, Initial residual = 5.32688e-05, Final residual = 1.34026e-11, No Iterations 1
DILUPBiCGStab:  Solving for Rxy, Initial residual = 5.32729e-05, Final residual = 1.34065e-11, No Iterations 1
DILUPBiCGStab:  Solving for Ryy, Initial residual = 5.32611e-05, Final residual = 1.34011e-11, No Iterations 1
DILUPBiCGStab:  Solving for Rzz, Initial residual = 5.32692e-05, Final residual = 1.34038e-11, No Iterations 1
ExecutionTime = 0.73 s  ClockTime = 1 s

Courant Number mean: 2.29997e-05 max: 0.232408
Interface Courant Number mean: 3.51773e-12 max: 2.67642e-08
deltaT = 4.27762e-22
Time = 0.0124312

PIMPLE: iteration 1
MULES: Solving for alpha.water
Phase-1 volume fraction = 0.298591  Min(alpha.water) = -7.52931e-30  Max(alpha.water) = 1
Relaxing time: 0.01 s
DILUPBiCG:  Solving for Ux, Initial residual = 6.67897e-05, Final residual = 5.83887e-10, No Iterations 1
DILUPBiCG:  Solving for Uy, Initial residual = 0.00148437, Final residual = 3.96364e-14, No Iterations 2
DICPCG:  Solving for p_rgh, Initial residual = 0.991422, Final residual = 0.000428163, No Iterations 1
DICPCG:  Solving for p_rgh, Initial residual = 0.98853, Final residual = 0.00038898, No Iterations 1
time step continuity errors : sum local = 5.38001e-08, global = -2.22152e-09, cumulative = -7.12766e-07
DICPCG:  Solving for p_rgh, Initial residual = 0.991966, Final residual = 0.00038793, No Iterations 1
DICPCG:  Solving for p_rgh, Initial residual = 0.99271, Final residual = 0.000391663, No Iterations 1
time step continuity errors : sum local = 1.16614e-07, global = -6.80084e-09, cumulative = -7.19567e-07
DICPCG:  Solving for p_rgh, Initial residual = 0.992728, Final residual = 0.000391887, No Iterations 1
DICPCG:  Solving for p_rgh, Initial residual = 0.992938, Final residual = 0.000392619, No Iterations 1
time step continuity errors : sum local = 2.52092e-07, global = -1.5418e-08, cumulative = -7.34985e-07
DICPCG:  Solving for p_rgh, Initial residual = 0.992924, Final residual = 0.000392611, No Iterations 1
DICPCG:  Solving for p_rgh, Initial residual = 0.99302, Final residual = 4.73131e-08, No Iterations 17
time step continuity errors : sum local = 6.55167e-11, global = -1.70083e-11, cumulative = -7.35002e-07
DILUPBiCGStab:  Solving for omega, Initial residual = 4.73142e-05, Final residual = 1.87059e-10, No Iterations 1
bounding omega, min: -1.92967e+10 max: 1.35153e+17 average: 3.2119e+13
DILUPBiCGStab:  Solving for Rxx, Initial residual = 5.33754e-05, Final residual = 1.28667e-11, No Iterations 1
DILUPBiCGStab:  Solving for Rxy, Initial residual = 5.33653e-05, Final residual = 1.28661e-11, No Iterations 1
DILUPBiCGStab:  Solving for Ryy, Initial residual = 5.33779e-05, Final residual = 1.28681e-11, No Iterations 1
DILUPBiCGStab:  Solving for Rzz, Initial residual = 5.33748e-05, Final residual = 1.28674e-11, No Iterations 1
ExecutionTime = 0.75 s  ClockTime = 1 s

Courant Number mean: 2.30522e-05 max: 0.232959
Interface Courant Number mean: 3.52393e-12 max: 2.68115e-08
deltaT = 9.18106e-23
Time = 0.0124312

PIMPLE: iteration 1
MULES: Solving for alpha.water
Phase-1 volume fraction = 0.298591  Min(alpha.water) = -7.52931e-30  Max(alpha.water) = 1
Relaxing time: 0.01 s
DILUPBiCG:  Solving for Ux, Initial residual = 6.66658e-05, Final residual = 5.82665e-10, No Iterations 1
DILUPBiCG:  Solving for Uy, Initial residual = 0.00148159, Final residual = 3.95464e-14, No Iterations 2
DICPCG:  Solving for p_rgh, Initial residual = 0.991409, Final residual = 0.000428367, No Iterations 1
DICPCG:  Solving for p_rgh, Initial residual = 0.988525, Final residual = 0.000388958, No Iterations 1
time step continuity errors : sum local = 5.36869e-08, global = -2.21683e-09, cumulative = -7.37218e-07
DICPCG:  Solving for p_rgh, Initial residual = 0.991957, Final residual = 0.000387887, No Iterations 1
DICPCG:  Solving for p_rgh, Initial residual = 0.992693, Final residual = 0.000391627, No Iterations 1
time step continuity errors : sum local = 1.16366e-07, global = -6.78522e-09, cumulative = -7.44004e-07
DICPCG:  Solving for p_rgh, Initial residual = 0.992716, Final residual = 0.000391851, No Iterations 1
DICPCG:  Solving for p_rgh, Initial residual = 0.992932, Final residual = 0.000392586, No Iterations 1
time step continuity errors : sum local = 2.51556e-07, global = -1.53844e-08, cumulative = -7.59388e-07
DICPCG:  Solving for p_rgh, Initial residual = 0.992921, Final residual = 0.000392578, No Iterations 1
DICPCG:  Solving for p_rgh, Initial residual = 0.993019, Final residual = 4.73145e-08, No Iterations 17
time step continuity errors : sum local = 6.53844e-11, global = -1.69792e-11, cumulative = -7.59405e-07
DILUPBiCGStab:  Solving for omega, Initial residual = 4.50826e-05, Final residual = 1.6593e-10, No Iterations 1
bounding omega, min: -4.75616e+09 max: 3.87462e+17 average: 8.56872e+13
DILUPBiCGStab:  Solving for Rxx, Initial residual = 5.32649e-05, Final residual = 1.2259e-11, No Iterations 1
DILUPBiCGStab:  Solving for Rxy, Initial residual = 5.32765e-05, Final residual = 1.22642e-11, No Iterations 1
DILUPBiCGStab:  Solving for Ryy, Initial residual = 5.32651e-05, Final residual = 1.22598e-11, No Iterations 1
DILUPBiCGStab:  Solving for Rzz, Initial residual = 5.32658e-05, Final residual = 1.22601e-11, No Iterations 1
ExecutionTime = 0.78 s  ClockTime = 1 s

Courant Number mean: 2.30125e-05 max: 0.232546
Interface Courant Number mean: 3.51932e-12 max: 2.67756e-08
deltaT = 1.97403e-23
Time = 0.0124312

PIMPLE: iteration 1
MULES: Solving for alpha.water
Phase-1 volume fraction = 0.298591  Min(alpha.water) = -7.52931e-30  Max(alpha.water) = 1
Relaxing time: 0 s
DILUPBiCG:  Solving for Ux, Initial residual = 6.6756e-05, Final residual = 5.8348e-10, No Iterations 1
DILUPBiCG:  Solving for Uy, Initial residual = 0.00148361, Final residual = 3.96014e-14, No Iterations 2
DICPCG:  Solving for p_rgh, Initial residual = 0.991425, Final residual = 0.00042831, No Iterations 1
DICPCG:  Solving for p_rgh, Initial residual = 0.988537, Final residual = 0.000389011, No Iterations 1
time step continuity errors : sum local = 5.37742e-08, global = -2.22105e-09, cumulative = -7.61626e-07
DICPCG:  Solving for p_rgh, Initial residual = 0.991958, Final residual = 0.000387942, No Iterations 1
DICPCG:  Solving for p_rgh, Initial residual = 0.992703, Final residual = 0.000391684, No Iterations 1
time step continuity errors : sum local = 1.16556e-07, global = -6.7966e-09, cumulative = -7.68423e-07
DICPCG:  Solving for p_rgh, Initial residual = 0.992723, Final residual = 0.000391907, No Iterations 1
DICPCG:  Solving for p_rgh, Initial residual = 0.992937, Final residual = 0.000392639, No Iterations 1
time step continuity errors : sum local = 2.51966e-07, global = -1.54095e-08, cumulative = -7.83832e-07
DICPCG:  Solving for p_rgh, Initial residual = 0.992923, Final residual = 0.000392633, No Iterations 1
DICPCG:  Solving for p_rgh, Initial residual = 0.99302, Final residual = 4.73117e-08, No Iterations 17
time step continuity errors : sum local = 6.54784e-11, global = -1.69993e-11, cumulative = -7.83849e-07
DILUPBiCGStab:  Solving for omega, Initial residual = 4.25902e-05, Final residual = 1.43852e-10, No Iterations 1
bounding omega, min: -1.16963e+09 max: 1.17939e+18 average: 2.33971e+14
DILUPBiCGStab:  Solving for Rxx, Initial residual = 5.3329e-05, Final residual = 1.17722e-11, No Iterations 1
DILUPBiCGStab:  Solving for Rxy, Initial residual = 5.33208e-05, Final residual = 1.17721e-11, No Iterations 1
DILUPBiCGStab:  Solving for Ryy, Initial residual = 5.33214e-05, Final residual = 1.17707e-11, No Iterations 1
DILUPBiCGStab:  Solving for Rzz, Initial residual = 5.33286e-05, Final residual = 1.17729e-11, No Iterations 1
ExecutionTime = 0.8 s  ClockTime = 1 s

Courant Number mean: 2.3042e-05 max: 0.232861
Interface Courant Number mean: 3.52276e-12 max: 2.68031e-08
deltaT = 4.23865e-24
Time = 0.0124312

PIMPLE: iteration 1
MULES: Solving for alpha.water
Phase-1 volume fraction = 0.298591  Min(alpha.water) = -9.59692e-30  Max(alpha.water) = 1
Relaxing time: 0.01 s
DILUPBiCG:  Solving for Ux, Initial residual = 6.66891e-05, Final residual = 5.8286e-10, No Iterations 1
DILUPBiCG:  Solving for Uy, Initial residual = 0.00148215, Final residual = 3.95582e-14, No Iterations 2
DICPCG:  Solving for p_rgh, Initial residual = 0.99141, Final residual = 0.000428314, No Iterations 1
DICPCG:  Solving for p_rgh, Initial residual = 0.988519, Final residual = 0.000388981, No Iterations 1
time step continuity errors : sum local = 5.37061e-08, global = -2.2171e-09, cumulative = -7.86066e-07
DICPCG:  Solving for p_rgh, Initial residual = 0.991965, Final residual = 0.000387925, No Iterations 1
DICPCG:  Solving for p_rgh, Initial residual = 0.992698, Final residual = 0.000391653, No Iterations 1
time step continuity errors : sum local = 1.16407e-07, global = -6.78832e-09, cumulative = -7.92855e-07
DICPCG:  Solving for p_rgh, Initial residual = 0.992719, Final residual = 0.000391879, No Iterations 1
DICPCG:  Solving for p_rgh, Initial residual = 0.992932, Final residual = 0.000392611, No Iterations 1
time step continuity errors : sum local = 2.51645e-07, global = -1.53903e-08, cumulative = -8.08245e-07
DICPCG:  Solving for p_rgh, Initial residual = 0.992921, Final residual = 0.000392605, No Iterations 1
DICPCG:  Solving for p_rgh, Initial residual = 0.993019, Final residual = 4.73127e-08, No Iterations 17
time step continuity errors : sum local = 6.5401e-11, global = -1.69787e-11, cumulative = -8.08262e-07
DILUPBiCGStab:  Solving for omega, Initial residual = 4.00202e-05, Final residual = 1.21991e-10, No Iterations 1
bounding omega, min: -2.88504e+08 max: 3.58326e+18 average: 6.5011e+14
DILUPBiCGStab:  Solving for Rxx, Initial residual = 5.32572e-05, Final residual = 1.12541e-11, No Iterations 1
DILUPBiCGStab:  Solving for Rxy, Initial residual = 5.32575e-05, Final residual = 1.12559e-11, No Iterations 1
DILUPBiCGStab:  Solving for Ryy, Initial residual = 5.32643e-05, Final residual = 1.12564e-11, No Iterations 1
DILUPBiCGStab:  Solving for Rzz, Initial residual = 5.32574e-05, Final residual = 1.12549e-11, No Iterations 1
ExecutionTime = 0.82 s  ClockTime = 1 s

Courant Number mean: 2.30169e-05 max: 0.232583
Interface Courant Number mean: 3.5197e-12 max: 2.67788e-08
deltaT = 9.11211e-25
Time = 0.0124312

PIMPLE: iteration 1
MULES: Solving for alpha.water
Phase-1 volume fraction = 0.298591  Min(alpha.water) = -7.52931e-30  Max(alpha.water) = 1
Relaxing time: 0.01 s
DILUPBiCG:  Solving for Ux, Initial residual = 6.67512e-05, Final residual = 5.83521e-10, No Iterations 1
DILUPBiCG:  Solving for Uy, Initial residual = 0.00148349, Final residual = 3.96113e-14, No Iterations 2
DICPCG:  Solving for p_rgh, Initial residual = 0.991407, Final residual = 0.000428236, No Iterations 1
DICPCG:  Solving for p_rgh, Initial residual = 0.988528, Final residual = 0.000388952, No Iterations 1
time step continuity errors : sum local = 5.37649e-08, global = -2.22046e-09, cumulative = -8.10482e-07
DICPCG:  Solving for p_rgh, Initial residual = 0.991958, Final residual = 0.000387887, No Iterations 1
DICPCG:  Solving for p_rgh, Initial residual = 0.992697, Final residual = 0.000391632, No Iterations 1
time step continuity errors : sum local = 1.16538e-07, global = -6.79537e-09, cumulative = -8.17278e-07
DICPCG:  Solving for p_rgh, Initial residual = 0.992719, Final residual = 0.000391855, No Iterations 1
DICPCG:  Solving for p_rgh, Initial residual = 0.992934, Final residual = 0.00039259, No Iterations 1
time step continuity errors : sum local = 2.51927e-07, global = -1.54068e-08, cumulative = -8.32684e-07
DICPCG:  Solving for p_rgh, Initial residual = 0.992922, Final residual = 0.000392582, No Iterations 1
DICPCG:  Solving for p_rgh, Initial residual = 0.99302, Final residual = 4.73051e-08, No Iterations 17
time step continuity errors : sum local = 6.54674e-11, global = -1.70012e-11, cumulative = -8.32701e-07
DILUPBiCGStab:  Solving for omega, Initial residual = 3.77487e-05, Final residual = 1.22551e-10, No Iterations 1
bounding omega, min: -2.09813e+15 max: 1.08824e+19 average: 1.83461e+15
DILUPBiCGStab:  Solving for Rxx, Initial residual = 5.3298e-05, Final residual = 1.08168e-11, No Iterations 1
DILUPBiCGStab:  Solving for Rxy, Initial residual = 5.33052e-05, Final residual = 1.08201e-11, No Iterations 1
DILUPBiCGStab:  Solving for Ryy, Initial residual = 5.32942e-05, Final residual = 1.08163e-11, No Iterations 1
DILUPBiCGStab:  Solving for Rzz, Initial residual = 5.32986e-05, Final residual = 1.08176e-11, No Iterations 1
ExecutionTime = 0.83 s  ClockTime = 1 s

Courant Number mean: 2.30411e-05 max: 0.232843
Interface Courant Number mean: 3.52276e-12 max: 2.68023e-08
deltaT = 1.95671e-25
Time = 0.0124312

PIMPLE: iteration 1
MULES: Solving for alpha.water
Phase-1 volume fraction = 0.298591  Min(alpha.water) = -7.52931e-30  Max(alpha.water) = 1
Relaxing time: 0.01 s
DILUPBiCG:  Solving for Ux, Initial residual = 6.66908e-05, Final residual = 5.82896e-10, No Iterations 1
DILUPBiCG:  Solving for Uy, Initial residual = 0.00148216, Final residual = 3.95608e-14, No Iterations 2
DICPCG:  Solving for p_rgh, Initial residual = 0.991418, Final residual = 0.00042836, No Iterations 1
DICPCG:  Solving for p_rgh, Initial residual = 0.988529, Final residual = 0.000389012, No Iterations 1
time step continuity errors : sum local = 5.37164e-08, global = -2.2177e-09, cumulative = -8.34919e-07
DICPCG:  Solving for p_rgh, Initial residual = 0.991963, Final residual = 0.000387951, No Iterations 1
DICPCG:  Solving for p_rgh, Initial residual = 0.992705, Final residual = 0.000391681, No Iterations 1
time step continuity errors : sum local = 1.16429e-07, global = -6.78932e-09, cumulative = -8.41709e-07
DICPCG:  Solving for p_rgh, Initial residual = 0.992723, Final residual = 0.000391905, No Iterations 1
DICPCG:  Solving for p_rgh, Initial residual = 0.992935, Final residual = 0.000392636, No Iterations 1
time step continuity errors : sum local = 2.51692e-07, global = -1.53927e-08, cumulative = -8.57101e-07
DICPCG:  Solving for p_rgh, Initial residual = 0.992923, Final residual = 0.00039263, No Iterations 1
DICPCG:  Solving for p_rgh, Initial residual = 0.99302, Final residual = 4.73111e-08, No Iterations 17
time step continuity errors : sum local = 6.54067e-11, global = -1.69791e-11, cumulative = -8.57118e-07
DILUPBiCGStab:  Solving for omega, Initial residual = 3.42496e-05, Final residual = 1.13461e-10, No Iterations 1
bounding omega, min: -1.74852e+07 max: 3.30031e+19 average: 5.31986e+15
DILUPBiCGStab:  Solving for Rxx, Initial residual = 5.325e-05, Final residual = 1.03671e-11, No Iterations 1
DILUPBiCGStab:  Solving for Rxy, Initial residual = 5.32403e-05, Final residual = 1.03665e-11, No Iterations 1
DILUPBiCGStab:  Solving for Ryy, Initial residual = 5.3254e-05, Final residual = 1.03684e-11, No Iterations 1
DILUPBiCGStab:  Solving for Rzz, Initial residual = 5.32495e-05, Final residual = 1.03676e-11, No Iterations 1
ExecutionTime = 0.86 s  ClockTime = 1 s

Courant Number mean: 2.30195e-05 max: 0.232612
Interface Courant Number mean: 3.52006e-12 max: 2.67819e-08
deltaT = 4.20595e-26
Time = 0.0124312

PIMPLE: iteration 1
MULES: Solving for alpha.water
Phase-1 volume fraction = 0.298591  Min(alpha.water) = -7.52931e-30  Max(alpha.water) = 1
Relaxing time: 0.01 s
DILUPBiCG:  Solving for Ux, Initial residual = 6.67447e-05, Final residual = 5.83487e-10, No Iterations 1
DILUPBiCG:  Solving for Uy, Initial residual = 0.00148336, Final residual = 3.96094e-14, No Iterations 2
DICPCG:  Solving for p_rgh, Initial residual = 0.991411, Final residual = 0.000428208, No Iterations 1
DICPCG:  Solving for p_rgh, Initial residual = 0.988519, Final residual = 0.000388966, No Iterations 1
time step continuity errors : sum local = 5.37603e-08, global = -2.21947e-09, cumulative = -8.59338e-07
DICPCG:  Solving for p_rgh, Initial residual = 0.991964, Final residual = 0.000387913, No Iterations 1
DICPCG:  Solving for p_rgh, Initial residual = 0.992697, Final residual = 0.000391645, No Iterations 1
time step continuity errors : sum local = 1.16527e-07, global = -6.79537e-09, cumulative = -8.66133e-07
DICPCG:  Solving for p_rgh, Initial residual = 0.992719, Final residual = 0.000391871, No Iterations 1
DICPCG:  Solving for p_rgh, Initial residual = 0.992933, Final residual = 0.000392604, No Iterations 1
time step continuity errors : sum local = 2.51904e-07, global = -1.54059e-08, cumulative = -8.81539e-07
DICPCG:  Solving for p_rgh, Initial residual = 0.992922, Final residual = 0.000392597, No Iterations 1
DICPCG:  Solving for p_rgh, Initial residual = 0.993019, Final residual = 4.7307e-08, No Iterations 17
time step continuity errors : sum local = 6.54616e-11, global = -1.69956e-11, cumulative = -8.81556e-07
DILUPBiCGStab:  Solving for omega, Initial residual = 3.35538e-05, Final residual = 1.04394e-10, No Iterations 1
bounding omega, min: -6.23156e+14 max: 1.0003e+20 average: 1.51983e+16
DILUPBiCGStab:  Solving for Rxx, Initial residual = 5.32697e-05, Final residual = 9.97124e-12, No Iterations 1
DILUPBiCGStab:  Solving for Rxy, Initial residual = 5.32822e-05, Final residual = 9.9754e-12, No Iterations 1
DILUPBiCGStab:  Solving for Ryy, Initial residual = 5.32689e-05, Final residual = 9.97102e-12, No Iterations 1
DILUPBiCGStab:  Solving for Rzz, Initial residual = 5.32708e-05, Final residual = 9.97206e-12, No Iterations 1
ExecutionTime = 0.88 s  ClockTime = 1 s

Courant Number mean: 2.30376e-05 max: 0.232799
Interface Courant Number mean: 3.52223e-12 max: 2.67981e-08
deltaT = 9.03342e-27
Time = 0.0124312

PIMPLE: iteration 1
MULES: Solving for alpha.water
Phase-1 volume fraction = 0.298591  Min(alpha.water) = -7.52931e-30  Max(alpha.water) = 1
Relaxing time: 0.01 s
DILUPBiCG:  Solving for Ux, Initial residual = 6.67017e-05, Final residual = 5.83059e-10, No Iterations 1
DILUPBiCG:  Solving for Uy, Initial residual = 0.00148236, Final residual = 3.95775e-14, No Iterations 2
DICPCG:  Solving for p_rgh, Initial residual = 0.991422, Final residual = 0.000428312, No Iterations 1
DICPCG:  Solving for p_rgh, Initial residual = 0.988538, Final residual = 0.000388954, No Iterations 1
time step continuity errors : sum local = 5.37212e-08, global = -2.21857e-09, cumulative = -8.83774e-07
DICPCG:  Solving for p_rgh, Initial residual = 0.991959, Final residual = 0.000387889, No Iterations 1
DICPCG:  Solving for p_rgh, Initial residual = 0.992706, Final residual = 0.00039163, No Iterations 1
time step continuity errors : sum local = 1.16443e-07, global = -6.78945e-09, cumulative = -8.90564e-07
DICPCG:  Solving for p_rgh, Initial residual = 0.992724, Final residual = 0.000391851, No Iterations 1
DICPCG:  Solving for p_rgh, Initial residual = 0.992937, Final residual = 0.000392585, No Iterations 1
time step continuity errors : sum local = 2.51721e-07, global = -1.5394e-08, cumulative = -9.05958e-07
DICPCG:  Solving for p_rgh, Initial residual = 0.992923, Final residual = 0.000392577, No Iterations 1
DICPCG:  Solving for p_rgh, Initial residual = 0.993021, Final residual = 4.73064e-08, No Iterations 17
time step continuity errors : sum local = 6.54165e-11, global = -1.69888e-11, cumulative = -9.05975e-07
DILUPBiCGStab:  Solving for omega, Initial residual = 3.24329e-05, Final residual = 8.75221e-11, No Iterations 1
bounding omega, min: -1.06071e+06 max: 3.02876e+20 average: 4.40627e+16
DILUPBiCGStab:  Solving for Rxx, Initial residual = 5.3246e-05, Final residual = 9.57831e-12, No Iterations 1
DILUPBiCGStab:  Solving for Rxy, Initial residual = 5.32326e-05, Final residual = 9.57699e-12, No Iterations 1
DILUPBiCGStab:  Solving for Ryy, Initial residual = 5.32565e-05, Final residual = 9.57933e-12, No Iterations 1
DILUPBiCGStab:  Solving for Rzz, Initial residual = 5.32461e-05, Final residual = 9.57871e-12, No Iterations 1
ExecutionTime = 0.9 s  ClockTime = 1 s

Courant Number mean: 2.3025e-05 max: 0.232676
Interface Courant Number mean: 3.52093e-12 max: 2.6788e-08
deltaT = 1.9412e-27
Time = 0.0124312

PIMPLE: iteration 1
MULES: Solving for alpha.water
Phase-1 volume fraction = 0.298591  Min(alpha.water) = -8.25814e-30  Max(alpha.water) = 1
Relaxing time: 0.01 s
DILUPBiCG:  Solving for Ux, Initial residual = 6.67275e-05, Final residual = 5.83237e-10, No Iterations 1
DILUPBiCG:  Solving for Uy, Initial residual = 0.001483, Final residual = 3.95866e-14, No Iterations 2
DICPCG:  Solving for p_rgh, Initial residual = 0.991413, Final residual = 0.000428322, No Iterations 1
DICPCG:  Solving for p_rgh, Initial residual = 0.988526, Final residual = 0.000388978, No Iterations 1
time step continuity errors : sum local = 5.37457e-08, global = -2.21976e-09, cumulative = -9.08195e-07
DICPCG:  Solving for p_rgh, Initial residual = 0.991957, Final residual = 0.000387908, No Iterations 1
DICPCG:  Solving for p_rgh, Initial residual = 0.992689, Final residual = 0.000391649, No Iterations 1
time step continuity errors : sum local = 1.16495e-07, global = -6.79278e-09, cumulative = -9.14987e-07
DICPCG:  Solving for p_rgh, Initial residual = 0.992714, Final residual = 0.000391874, No Iterations 1
DICPCG:  Solving for p_rgh, Initial residual = 0.992931, Final residual = 0.000392608, No Iterations 1
time step continuity errors : sum local = 2.51833e-07, global = -1.5401e-08, cumulative = -9.30388e-07
DICPCG:  Solving for p_rgh, Initial residual = 0.99292, Final residual = 0.000392602, No Iterations 1
DICPCG:  Solving for p_rgh, Initial residual = 0.993019, Final residual = 4.73055e-08, No Iterations 17
time step continuity errors : sum local = 6.54403e-11, global = -1.69923e-11, cumulative = -9.30405e-07
DILUPBiCGStab:  Solving for omega, Initial residual = 3.14407e-05, Final residual = 6.95187e-11, No Iterations 1
bounding omega, min: -1.48168e+14 max: 9.16293e+20 average: 1.28766e+17
DILUPBiCGStab:  Solving for Rxx, Initial residual = 5.32419e-05, Final residual = 9.21479e-12, No Iterations 1
DILUPBiCGStab:  Solving for Rxy, Initial residual = 5.3256e-05, Final residual = 9.21897e-12, No Iterations 1
DILUPBiCGStab:  Solving for Ryy, Initial residual = 5.32708e-05, Final residual = 9.21457e-12, No Iterations 1
DILUPBiCGStab:  Solving for Rzz, Initial residual = 5.32465e-05, Final residual = 9.21552e-12, No Iterations 1
ExecutionTime = 0.92 s  ClockTime = 1 s

Courant Number mean: 2.30324e-05 max: 0.232755
Interface Courant Number mean: 3.52174e-12 max: 2.67949e-08
deltaT = 4.17005e-28
Time = 0.0124312

PIMPLE: iteration 1
MULES: Solving for alpha.water
Phase-1 volume fraction = 0.298591  Min(alpha.water) = -7.52931e-30  Max(alpha.water) = 1
Relaxing time: 0.01 s
DILUPBiCG:  Solving for Ux, Initial residual = 6.67117e-05, Final residual = 5.83103e-10, No Iterations 1
DILUPBiCG:  Solving for Uy, Initial residual = 0.00148265, Final residual = 3.95774e-14, No Iterations 2
DICPCG:  Solving for p_rgh, Initial residual = 0.991426, Final residual = 0.000428347, No Iterations 1
DICPCG:  Solving for p_rgh, Initial residual = 0.988538, Final residual = 0.000388991, No Iterations 1
time step continuity errors : sum local = 5.37309e-08, global = -2.21915e-09, cumulative = -9.32625e-07
DICPCG:  Solving for p_rgh, Initial residual = 0.991958, Final residual = 0.000387925, No Iterations 1
DICPCG:  Solving for p_rgh, Initial residual = 0.992706, Final residual = 0.000391666, No Iterations 1
time step continuity errors : sum local = 1.16463e-07, global = -6.79068e-09, cumulative = -9.39415e-07
DICPCG:  Solving for p_rgh, Initial residual = 0.992724, Final residual = 0.000391888, No Iterations 1
DICPCG:  Solving for p_rgh, Initial residual = 0.992937, Final residual = 0.000392621, No Iterations 1
time step continuity errors : sum local = 2.51765e-07, global = -1.53966e-08, cumulative = -9.54812e-07
DICPCG:  Solving for p_rgh, Initial residual = 0.992923, Final residual = 0.000392614, No Iterations 1
DICPCG:  Solving for p_rgh, Initial residual = 0.993021, Final residual = 4.73079e-08, No Iterations 17
time step continuity errors : sum local = 6.5424e-11, global = -1.69871e-11, cumulative = -9.54829e-07
DILUPBiCGStab:  Solving for omega, Initial residual = 3.05809e-05, Final residual = 5.50695e-11, No Iterations 1
bounding omega, min: -64307.6 max: 2.77016e+21 average: 3.78549e+17
DILUPBiCGStab:  Solving for Rxx, Initial residual = 5.32523e-05, Final residual = 8.86816e-12, No Iterations 1
DILUPBiCGStab:  Solving for Rxy, Initial residual = 5.32349e-05, Final residual = 8.86671e-12, No Iterations 1
DILUPBiCGStab:  Solving for Ryy, Initial residual = 5.33779e-05, Final residual = 8.86866e-12, No Iterations 1
DILUPBiCGStab:  Solving for Rzz, Initial residual = 5.32653e-05, Final residual = 8.86845e-12, No Iterations 1
ExecutionTime = 0.95 s  ClockTime = 1 s

Courant Number mean: 2.30266e-05 max: 0.232697
Interface Courant Number mean: 3.52099e-12 max: 2.67891e-08
deltaT = 8.96026e-29
Time = 0.0124312

PIMPLE: iteration 1
MULES: Solving for alpha.water
Phase-1 volume fraction = 0.298591  Min(alpha.water) = -7.52931e-30  Max(alpha.water) = 1
Relaxing time: 0.01 s
DILUPBiCG:  Solving for Ux, Initial residual = 6.67272e-05, Final residual = 5.83235e-10, No Iterations 1
DILUPBiCG:  Solving for Uy, Initial residual = 0.00148303, Final residual = 3.95887e-14, No Iterations 2
DICPCG:  Solving for p_rgh, Initial residual = 0.991414, Final residual = 0.000428229, No Iterations 1
DICPCG:  Solving for p_rgh, Initial residual = 0.98852, Final residual = 0.000388936, No Iterations 1
time step continuity errors : sum local = 5.37352e-08, global = -2.21848e-09, cumulative = -9.57047e-07
DICPCG:  Solving for p_rgh, Initial residual = 0.991964, Final residual = 0.00038788, No Iterations 1
DICPCG:  Solving for p_rgh, Initial residual = 0.992696, Final residual = 0.00039161, No Iterations 1
time step continuity errors : sum local = 1.16472e-07, global = -6.7921e-09, cumulative = -9.6384e-07
DICPCG:  Solving for p_rgh, Initial residual = 0.992719, Final residual = 0.000391835, No Iterations 1
DICPCG:  Solving for p_rgh, Initial residual = 0.992933, Final residual = 0.000392569, No Iterations 1
time step continuity errors : sum local = 2.51784e-07, global = -1.53986e-08, cumulative = -9.79238e-07
DICPCG:  Solving for p_rgh, Initial residual = 0.992922, Final residual = 0.000392561, No Iterations 1
DICPCG:  Solving for p_rgh, Initial residual = 0.993019, Final residual = 4.73057e-08, No Iterations 17
time step continuity errors : sum local = 6.54344e-11, global = -1.69917e-11, cumulative = -9.79255e-07
DILUPBiCGStab:  Solving for omega, Initial residual = 2.98828e-05, Final residual = 4.37849e-11, No Iterations 1
bounding omega, min: -3.58513e+13 max: 8.36766e+21 average: 1.11744e+18
DILUPBiCGStab:  Solving for Rxx, Initial residual = 5.33012e-05, Final residual = 8.53844e-12, No Iterations 1
DILUPBiCGStab:  Solving for Rxy, Initial residual = 5.33047e-05, Final residual = 8.54247e-12, No Iterations 1
DILUPBiCGStab:  Solving for Ryy, Initial residual = 5.3792e-05, Final residual = 8.5369e-12, No Iterations 1
DILUPBiCGStab:  Solving for Rzz, Initial residual = 5.33577e-05, Final residual = 8.53895e-12, No Iterations 1
ExecutionTime = 0.97 s  ClockTime = 1 s

Courant Number mean: 2.30295e-05 max: 0.232718
Interface Courant Number mean: 3.52138e-12 max: 2.67913e-08
deltaT = 1.92514e-29
Time = 0.0124312

PIMPLE: iteration 1
MULES: Solving for alpha.water
Phase-1 volume fraction = 0.298591  Min(alpha.water) = -7.52931e-30  Max(alpha.water) = 1
Relaxing time: 0.01 s
DILUPBiCG:  Solving for Ux, Initial residual = 6.67204e-05, Final residual = 5.83207e-10, No Iterations 1
DILUPBiCG:  Solving for Uy, Initial residual = 0.0014828, Final residual = 3.95851e-14, No Iterations 2
DICPCG:  Solving for p_rgh, Initial residual = 0.991426, Final residual = 0.000428346, No Iterations 1
DICPCG:  Solving for p_rgh, Initial residual = 0.988538, Final residual = 0.000389019, No Iterations 1
time step continuity errors : sum local = 5.37467e-08, global = -2.21958e-09, cumulative = -9.81475e-07
DICPCG:  Solving for p_rgh, Initial residual = 0.991958, Final residual = 0.000387952, No Iterations 1
DICPCG:  Solving for p_rgh, Initial residual = 0.992709, Final residual = 0.000391692, No Iterations 1
time step continuity errors : sum local = 1.16497e-07, global = -6.79287e-09, cumulative = -9.88268e-07
DICPCG:  Solving for p_rgh, Initial residual = 0.992726, Final residual = 0.000391915, No Iterations 1
DICPCG:  Solving for p_rgh, Initial residual = 0.992938, Final residual = 0.000392646, No Iterations 1
time step continuity errors : sum local = 2.51837e-07, global = -1.54013e-08, cumulative = -1.00367e-06
DICPCG:  Solving for p_rgh, Initial residual = 0.992924, Final residual = 0.00039264, No Iterations 1
DICPCG:  Solving for p_rgh, Initial residual = 0.993021, Final residual = 4.73062e-08, No Iterations 17
time step continuity errors : sum local = 6.54363e-11, global = -1.69897e-11, cumulative = -1.00369e-06
DILUPBiCGStab:  Solving for omega, Initial residual = 2.93394e-05, Final residual = 3.50241e-11, No Iterations 1
bounding omega, min: -6.46062e+17 max: 2.52654e+22 average: 3.30931e+18
DILUPBiCGStab:  Solving for Rxx, Initial residual = 5.3573e-05, Final residual = 8.23079e-12, No Iterations 1
DILUPBiCGStab:  Solving for Rxy, Initial residual = 5.3507e-05, Final residual = 8.22939e-12, No Iterations 1
DILUPBiCGStab:  Solving for Ryy, Initial residual = 5.55502e-05, Final residual = 8.22467e-12, No Iterations 1
DILUPBiCGStab:  Solving for Rzz, Initial residual = 5.37944e-05, Final residual = 8.23031e-12, No Iterations 1
ExecutionTime = 0.99 s  ClockTime = 1 s

Courant Number mean: 2.30316e-05 max: 0.232745
Interface Courant Number mean: 3.52157e-12 max: 2.67935e-08
deltaT = 4.13572e-30
Time = 0.0124312

PIMPLE: iteration 1
MULES: Solving for alpha.water
Phase-1 volume fraction = 0.298591  Min(alpha.water) = -7.52931e-30  Max(alpha.water) = 1
Relaxing time: 0.01 s
DILUPBiCG:  Solving for Ux, Initial residual = 6.67131e-05, Final residual = 5.83139e-10, No Iterations 1
DILUPBiCG:  Solving for Uy, Initial residual = 0.00148267, Final residual = 3.95809e-14, No Iterations 2
DICPCG:  Solving for p_rgh, Initial residual = 0.991425, Final residual = 0.000428336, No Iterations 1
DICPCG:  Solving for p_rgh, Initial residual = 0.988538, Final residual = 0.000388988, No Iterations 1
time step continuity errors : sum local = 5.37311e-08, global = -2.21907e-09, cumulative = -1.0059e-06
DICPCG:  Solving for p_rgh, Initial residual = 0.991956, Final residual = 0.000387922, No Iterations 1
DICPCG:  Solving for p_rgh, Initial residual = 0.992707, Final residual = 0.000391664, No Iterations 1
time step continuity errors : sum local = 1.16464e-07, global = -6.79104e-09, cumulative = -1.0127e-06
DICPCG:  Solving for p_rgh, Initial residual = 0.992725, Final residual = 0.000391887, No Iterations 1
DICPCG:  Solving for p_rgh, Initial residual = 0.992938, Final residual = 0.00039262, No Iterations 1
time step continuity errors : sum local = 2.51767e-07, global = -1.53971e-08, cumulative = -1.02809e-06
DICPCG:  Solving for p_rgh, Initial residual = 0.992924, Final residual = 0.000392613, No Iterations 1
DICPCG:  Solving for p_rgh, Initial residual = 0.993021, Final residual = 4.73049e-08, No Iterations 17
time step continuity errors : sum local = 6.54207e-11, global = -1.69875e-11, cumulative = -1.02811e-06
DILUPBiCGStab:  Solving for omega, Initial residual = 2.86889e-05, Final residual = 2.81292e-11, No Iterations 1
bounding omega, min: -2.71413e+15 max: 7.62092e+22 average: 9.84472e+18
DILUPBiCGStab:  Solving for Rxx, Initial residual = 5.45926e-05, Final residual = 7.92532e-12, No Iterations 1
DILUPBiCGStab:  Solving for Rxy, Initial residual = 5.44048e-05, Final residual = 7.92947e-12, No Iterations 1
DILUPBiCGStab:  Solving for Ryy, Initial residual = 6.25118e-05, Final residual = 7.90484e-12, No Iterations 1
DILUPBiCGStab:  Solving for Rzz, Initial residual = 5.54879e-05, Final residual = 7.92371e-12, No Iterations 1
ExecutionTime = 1.01 s  ClockTime = 1 s

Courant Number mean: 2.30271e-05 max: 0.232698
Interface Courant Number mean: 3.52093e-12 max: 2.67886e-08
deltaT = 8.88646e-31
Time = 0.0124312

PIMPLE: iteration 1
MULES: Solving for alpha.water
Phase-1 volume fraction = 0.298591  Min(alpha.water) = -1.26824e-29  Max(alpha.water) = 1
Relaxing time: 0.01 s
DILUPBiCG:  Solving for Ux, Initial residual = 6.67248e-05, Final residual = 5.83224e-10, No Iterations 1
DILUPBiCG:  Solving for Uy, Initial residual = 0.00148295, Final residual = 3.95877e-14, No Iterations 2
DICPCG:  Solving for p_rgh, Initial residual = 0.991402, Final residual = 0.000428239, No Iterations 1
DICPCG:  Solving for p_rgh, Initial residual = 0.988516, Final residual = 0.00038895, No Iterations 1
time step continuity errors : sum local = 5.37375e-08, global = -2.21859e-09, cumulative = -1.03033e-06
DICPCG:  Solving for p_rgh, Initial residual = 0.991966, Final residual = 0.000387894, No Iterations 1
DICPCG:  Solving for p_rgh, Initial residual = 0.992694, Final residual = 0.000391624, No Iterations 1
time step continuity errors : sum local = 1.16476e-07, global = -6.7926e-09, cumulative = -1.03712e-06
DICPCG:  Solving for p_rgh, Initial residual = 0.992717, Final residual = 0.000391849, No Iterations 1
DICPCG:  Solving for p_rgh, Initial residual = 0.992931, Final residual = 0.000392583, No Iterations 1
time step continuity errors : sum local = 2.51794e-07, global = -1.53998e-08, cumulative = -1.05252e-06
DICPCG:  Solving for p_rgh, Initial residual = 0.99292, Final residual = 0.000392576, No Iterations 1
DICPCG:  Solving for p_rgh, Initial residual = 0.993019, Final residual = 4.73053e-08, No Iterations 17
time step continuity errors : sum local = 6.5434e-11, global = -1.69918e-11, cumulative = -1.05254e-06
DILUPBiCGStab:  Solving for omega, Initial residual = 2.84891e-05, Final residual = 2.30782e-11, No Iterations 1
bounding omega, min: -1.23727e+15 max: 2.29817e+23 average: 2.92272e+19
DILUPBiCGStab:  Solving for Rxx, Initial residual = 5.88599e-05, Final residual = 7.63339e-12, No Iterations 1
DILUPBiCGStab:  Solving for Rxy, Initial residual = 5.8023e-05, Final residual = 7.63467e-12, No Iterations 1
DILUPBiCGStab:  Solving for Ryy, Initial residual = 9.03197e-05, Final residual = 7.52191e-12, No Iterations 1
DILUPBiCGStab:  Solving for Rzz, Initial residual = 6.2449e-05, Final residual = 7.62117e-12, No Iterations 1
ExecutionTime = 1.03 s  ClockTime = 1 s

Courant Number mean: 2.30301e-05 max: 0.232724
Interface Courant Number mean: 3.52137e-12 max: 2.67911e-08
deltaT = 1.90922e-31
Time = 0.0124312

PIMPLE: iteration 1
MULES: Solving for alpha.water
Phase-1 volume fraction = 0.298591  Min(alpha.water) = -7.52931e-30  Max(alpha.water) = 1
Relaxing time: 0.01 s
DILUPBiCG:  Solving for Ux, Initial residual = 6.67168e-05, Final residual = 5.83158e-10, No Iterations 1
DILUPBiCG:  Solving for Uy, Initial residual = 0.00148272, Final residual = 3.95815e-14, No Iterations 2
DICPCG:  Solving for p_rgh, Initial residual = 0.991434, Final residual = 0.000428338, No Iterations 1
DICPCG:  Solving for p_rgh, Initial residual = 0.988541, Final residual = 0.000389001, No Iterations 1
time step continuity errors : sum local = 5.37412e-08, global = -2.21937e-09, cumulative = -1.05476e-06
DICPCG:  Solving for p_rgh, Initial residual = 0.991958, Final residual = 0.000387933, No Iterations 1
DICPCG:  Solving for p_rgh, Initial residual = 0.99271, Final residual = 0.000391673, No Iterations 1
time step continuity errors : sum local = 1.16485e-07, global = -6.79228e-09, cumulative = -1.06155e-06
DICPCG:  Solving for p_rgh, Initial residual = 0.992727, Final residual = 0.000391895, No Iterations 1
DICPCG:  Solving for p_rgh, Initial residual = 0.992939, Final residual = 0.000392627, No Iterations 1
time step continuity errors : sum local = 2.51811e-07, global = -1.54001e-08, cumulative = -1.07695e-06
DICPCG:  Solving for p_rgh, Initial residual = 0.992924, Final residual = 0.00039262, No Iterations 1
DICPCG:  Solving for p_rgh, Initial residual = 0.993021, Final residual = 4.73054e-08, No Iterations 17
time step continuity errors : sum local = 6.54317e-11, global = -1.69902e-11, cumulative = -1.07697e-06
DILUPBiCGStab:  Solving for omega, Initial residual = 2.82785e-05, Final residual = 1.91043e-11, No Iterations 1
bounding omega, min: -3.57323e+14 max: 6.9247e+23 average: 8.69285e+19
DILUPBiCGStab:  Solving for Rxx, Initial residual = 7.58325e-05, Final residual = 7.33006e-12, No Iterations 1
DILUPBiCGStab:  Solving for Rxy, Initial residual = 7.25861e-05, Final residual = 7.34048e-12, No Iterations 1
DILUPBiCGStab:  Solving for Ryy, Initial residual = 0.000194936, Final residual = 7.05679e-12, No Iterations 1
DILUPBiCGStab:  Solving for Rzz, Initial residual = 9.00193e-05, Final residual = 7.29921e-12, No Iterations 1
ExecutionTime = 1.05 s  ClockTime = 1 s

Courant Number mean: 2.30305e-05 max: 0.232735
Interface Courant Number mean: 3.52144e-12 max: 2.67923e-08
deltaT = 4.10171e-32
Time = 0.0124312

PIMPLE: iteration 1
MULES: Solving for alpha.water
Phase-1 volume fraction = 0.298591  Min(alpha.water) = -7.52931e-30  Max(alpha.water) = 1
Relaxing time: 0.01 s
DILUPBiCG:  Solving for Ux, Initial residual = 6.67143e-05, Final residual = 5.83125e-10, No Iterations 1
DILUPBiCG:  Solving for Uy, Initial residual = 0.00148269, Final residual = 3.95782e-14, No Iterations 2
DICPCG:  Solving for p_rgh, Initial residual = 0.991412, Final residual = 0.00042833, No Iterations 1
DICPCG:  Solving for p_rgh, Initial residual = 0.988531, Final residual = 0.000388986, No Iterations 1
time step continuity errors : sum local = 5.3733e-08, global = -2.21923e-09, cumulative = -1.07919e-06
DICPCG:  Solving for p_rgh, Initial residual = 0.991957, Final residual = 0.000387919, No Iterations 1
DICPCG:  Solving for p_rgh, Initial residual = 0.992698, Final residual = 0.00039166, No Iterations 1
time step continuity errors : sum local = 1.16468e-07, global = -6.79143e-09, cumulative = -1.08598e-06
DICPCG:  Solving for p_rgh, Initial residual = 0.99272, Final residual = 0.000391884, No Iterations 1
DICPCG:  Solving for p_rgh, Initial residual = 0.992935, Final residual = 0.000392618, No Iterations 1
time step continuity errors : sum local = 2.51775e-07, global = -1.53979e-08, cumulative = -1.10138e-06
DICPCG:  Solving for p_rgh, Initial residual = 0.992922, Final residual = 0.000392611, No Iterations 1
DICPCG:  Solving for p_rgh, Initial residual = 0.99302, Final residual = 4.73043e-08, No Iterations 17
time step continuity errors : sum local = 6.54222e-11, global = -1.69896e-11, cumulative = -1.10139e-06
DILUPBiCGStab:  Solving for omega, Initial residual = 2.81009e-05, Final residual = 1.60153e-11, No Iterations 1
bounding omega, min: -9.53073e+13 max: 2.08561e+24 average: 2.58906e+20
DILUPBiCGStab:  Solving for Rxx, Initial residual = 0.000141814, Final residual = 6.9443e-12, No Iterations 1
DILUPBiCGStab:  Solving for Rxy, Initial residual = 0.000129397, Final residual = 6.96979e-12, No Iterations 1
DILUPBiCGStab:  Solving for Ryy, Initial residual = 0.000522627, Final residual = 6.12688e-12, No Iterations 1
DILUPBiCGStab:  Solving for Rzz, Initial residual = 0.000194346, Final residual = 6.83694e-12, No Iterations 1
ExecutionTime = 1.08 s  ClockTime = 1 s

Courant Number mean: 2.30283e-05 max: 0.232711
Interface Courant Number mean: 3.52109e-12 max: 2.67896e-08
deltaT = 8.81291e-33
Time = 0.0124312

PIMPLE: iteration 1
MULES: Solving for alpha.water
Phase-1 volume fraction = 0.298591  Min(alpha.water) = -8.88843e-30  Max(alpha.water) = 1
Relaxing time: 0 s
DILUPBiCG:  Solving for Ux, Initial residual = 6.67193e-05, Final residual = 5.83141e-10, No Iterations 1
DILUPBiCG:  Solving for Uy, Initial residual = 0.00148283, Final residual = 3.95801e-14, No Iterations 2
DICPCG:  Solving for p_rgh, Initial residual = 0.99142, Final residual = 0.00042826, No Iterations 1
DICPCG:  Solving for p_rgh, Initial residual = 0.988526, Final residual = 0.000388953, No Iterations 1
time step continuity errors : sum local = 5.37332e-08, global = -2.21835e-09, cumulative = -1.10361e-06
DICPCG:  Solving for p_rgh, Initial residual = 0.991966, Final residual = 0.000387896, No Iterations 1
DICPCG:  Solving for p_rgh, Initial residual = 0.992706, Final residual = 0.000391626, No Iterations 1
time step continuity errors : sum local = 1.16466e-07, global = -6.79189e-09, cumulative = -1.1104e-06
DICPCG:  Solving for p_rgh, Initial residual = 0.992724, Final residual = 0.000391849, No Iterations 1
DICPCG:  Solving for p_rgh, Initial residual = 0.992936, Final residual = 0.000392582, No Iterations 1
time step continuity errors : sum local = 2.51772e-07, global = -1.53981e-08, cumulative = -1.1258e-06
DICPCG:  Solving for p_rgh, Initial residual = 0.992923, Final residual = 0.000392573, No Iterations 1
DICPCG:  Solving for p_rgh, Initial residual = 0.99302, Final residual = 4.73058e-08, No Iterations 17
time step continuity errors : sum local = 6.54296e-11, global = -1.69903e-11, cumulative = -1.12582e-06
DILUPBiCGStab:  Solving for omega, Initial residual = 2.79527e-05, Final residual = 1.3609e-11, No Iterations 1
bounding omega, min: -1.80355e+13 max: 6.27823e+24 average: 7.71731e+20
DILUPBiCGStab:  Solving for Rxx, Initial residual = 0.000369704, Final residual = 6.27196e-12, No Iterations 1
DILUPBiCGStab:  Solving for Rxy, Initial residual = 0.00033004, Final residual = 6.3483e-12, No Iterations 1
DILUPBiCGStab:  Solving for Ryy, Initial residual = 0.0011499, Final residual = 4.69215e-12, No Iterations 1
DILUPBiCGStab:  Solving for Rzz, Initial residual = 0.000523883, Final residual = 5.97598e-12, No Iterations 1
ExecutionTime = 1.09 s  ClockTime = 1 s

Courant Number mean: 2.30284e-05 max: 0.232706
Interface Courant Number mean: 3.52118e-12 max: 2.67897e-08
deltaT = 1.89357e-33
Time = 0.0124312

PIMPLE: iteration 1
MULES: Solving for alpha.water
Phase-1 volume fraction = 0.298591  Min(alpha.water) = -9.5581e-30  Max(alpha.water) = 1
Relaxing time: 0 s
DILUPBiCG:  Solving for Ux, Initial residual = 6.67217e-05, Final residual = 5.83211e-10, No Iterations 1
DILUPBiCG:  Solving for Uy, Initial residual = 0.00148283, Final residual = 3.95853e-14, No Iterations 2
DICPCG:  Solving for p_rgh, Initial residual = 0.99142, Final residual = 0.000428331, No Iterations 1
DICPCG:  Solving for p_rgh, Initial residual = 0.988536, Final residual = 0.000389003, No Iterations 1
time step continuity errors : sum local = 5.37463e-08, global = -2.21961e-09, cumulative = -1.12804e-06
DICPCG:  Solving for p_rgh, Initial residual = 0.991957, Final residual = 0.000387936, No Iterations 1
DICPCG:  Solving for p_rgh, Initial residual = 0.992704, Final residual = 0.000391677, No Iterations 1
time step continuity errors : sum local = 1.16496e-07, global = -6.79294e-09, cumulative = -1.13483e-06
DICPCG:  Solving for p_rgh, Initial residual = 0.992723, Final residual = 0.0003919, No Iterations 1
DICPCG:  Solving for p_rgh, Initial residual = 0.992937, Final residual = 0.000392633, No Iterations 1
time step continuity errors : sum local = 2.51836e-07, global = -1.54015e-08, cumulative = -1.15023e-06
DICPCG:  Solving for p_rgh, Initial residual = 0.992923, Final residual = 0.000392626, No Iterations 1
DICPCG:  Solving for p_rgh, Initial residual = 0.99302, Final residual = 4.73043e-08, No Iterations 17
time step continuity errors : sum local = 6.54355e-11, global = -1.69911e-11, cumulative = -1.15025e-06
DILUPBiCGStab:  Solving for omega, Initial residual = 2.78355e-05, Final residual = 1.17362e-11, No Iterations 1
bounding omega, min: -1.82411e+14 max: 1.88895e+25 average: 2.30149e+21
DILUPBiCGStab:  Solving for Rxx, Initial residual = 0.000919137, Final residual = 4.44783e-12, No Iterations 1
DILUPBiCGStab:  Solving for Rxy, Initial residual = 0.000843064, Final residual = 4.64226e-12, No Iterations 1
DILUPBiCGStab:  Solving for Ryy, Initial residual = 0.0016913, Final residual = 2.3686e-12, No Iterations 1
DILUPBiCGStab:  Solving for Rzz, Initial residual = 0.00116386, Final residual = 3.82659e-12, No Iterations 1
ExecutionTime = 1.11 s  ClockTime = 1 s

Courant Number mean: 2.30322e-05 max: 0.23275
Interface Courant Number mean: 3.52164e-12 max: 2.67939e-08
deltaT = 4.06783e-34
Time = 0.0124312

PIMPLE: iteration 1
MULES: Solving for alpha.water
Phase-1 volume fraction = 0.298591  Min(alpha.water) = -7.52931e-30  Max(alpha.water) = 1
Relaxing time: 0 s
DILUPBiCG:  Solving for Ux, Initial residual = 6.67109e-05, Final residual = 5.83107e-10, No Iterations 1
DILUPBiCG:  Solving for Uy, Initial residual = 0.00148261, Final residual = 3.9578e-14, No Iterations 2
DICPCG:  Solving for p_rgh, Initial residual = 0.991412, Final residual = 0.000428281, No Iterations 1
DICPCG:  Solving for p_rgh, Initial residual = 0.988525, Final residual = 0.000388979, No Iterations 1
time step continuity errors : sum local = 5.37297e-08, global = -2.21836e-09, cumulative = -1.15247e-06
DICPCG:  Solving for p_rgh, Initial residual = 0.991965, Final residual = 0.000387924, No Iterations 1
DICPCG:  Solving for p_rgh, Initial residual = 0.992699, Final residual = 0.000391653, No Iterations 1
time step continuity errors : sum local = 1.1646e-07, global = -6.79136e-09, cumulative = -1.15926e-06
DICPCG:  Solving for p_rgh, Initial residual = 0.992721, Final residual = 0.000391877, No Iterations 1
DICPCG:  Solving for p_rgh, Initial residual = 0.992934, Final residual = 0.00039261, No Iterations 1
time step continuity errors : sum local = 2.51758e-07, global = -1.53972e-08, cumulative = -1.17466e-06
DICPCG:  Solving for p_rgh, Initial residual = 0.992922, Final residual = 0.000392603, No Iterations 1
DICPCG:  Solving for p_rgh, Initial residual = 0.99302, Final residual = 4.73077e-08, No Iterations 17
time step continuity errors : sum local = 6.54236e-11, global = -1.69866e-11, cumulative = -1.17467e-06
DILUPBiCGStab:  Solving for omega, Initial residual = 2.77421e-05, Final residual = 1.02326e-11, No Iterations 1
bounding omega, min: -1.89064e+20 max: 5.68062e+25 average: 6.86551e+21
DILUPBiCGStab:  Solving for Rxx, Initial residual = 0.00156681, Final residual = 2.75502e-12, No Iterations 1
DILUPBiCGStab:  Solving for Rxy, Initial residual = 0.00150671, Final residual = 2.90051e-12, No Iterations 1
DILUPBiCGStab:  Solving for Ryy, Initial residual = 0.00192102, Final residual = 1.76665e-12, No Iterations 1
DILUPBiCGStab:  Solving for Rzz, Initial residual = 0.00172473, Final residual = 2.37242e-12, No Iterations 1
ExecutionTime = 1.13 s  ClockTime = 1 s

Courant Number mean: 2.3026e-05 max: 0.232681
Interface Courant Number mean: 3.52085e-12 max: 2.67874e-08
deltaT = 8.74121e-35
Time = 0.0124312

PIMPLE: iteration 1
MULES: Solving for alpha.water
Phase-1 volume fraction = 0.298591  Min(alpha.water) = -7.5293e-30  Max(alpha.water) = 1
Relaxing time: 0 s
DILUPBiCG:  Solving for Ux, Initial residual = 6.67275e-05, Final residual = 5.83282e-10, No Iterations 1
DILUPBiCG:  Solving for Uy, Initial residual = 0.00148299, Final residual = 3.95934e-14, No Iterations 2
DICPCG:  Solving for p_rgh, Initial residual = 0.991417, Final residual = 0.000428275, No Iterations 1
DICPCG:  Solving for p_rgh, Initial residual = 0.988531, Final residual = 0.000388958, No Iterations 1
time step continuity errors : sum local = 5.37446e-08, global = -2.21965e-09, cumulative = -1.17689e-06
DICPCG:  Solving for p_rgh, Initial residual = 0.99196, Final residual = 0.000387892, No Iterations 1
DICPCG:  Solving for p_rgh, Initial residual = 0.992702, Final residual = 0.000391635, No Iterations 1
time step continuity errors : sum local = 1.16493e-07, global = -6.79301e-09, cumulative = -1.18369e-06
DICPCG:  Solving for p_rgh, Initial residual = 0.992722, Final residual = 0.000391857, No Iterations 1
DICPCG:  Solving for p_rgh, Initial residual = 0.992935, Final residual = 0.000392591, No Iterations 1
time step continuity errors : sum local = 2.51831e-07, global = -1.54016e-08, cumulative = -1.19909e-06
DICPCG:  Solving for p_rgh, Initial residual = 0.992922, Final residual = 0.000392584, No Iterations 1
DICPCG:  Solving for p_rgh, Initial residual = 0.99302, Final residual = 4.73035e-08, No Iterations 17
time step continuity errors : sum local = 6.544e-11, global = -1.69962e-11, cumulative = -1.1991e-06
DILUPBiCGStab:  Solving for omega, Initial residual = 2.76438e-05, Final residual = 9.44865e-12, No Iterations 1
bounding omega, min: -1.09527e+13 max: 1.70764e+26 average: 2.04934e+22
DILUPBiCGStab:  Solving for Rxx, Initial residual = 0.00190969, Final residual = 3.29719e-12, No Iterations 1
DILUPBiCGStab:  Solving for Rxy, Initial residual = 0.00188693, Final residual = 3.33338e-12, No Iterations 1
DILUPBiCGStab:  Solving for Ryy, Initial residual = 0.00199037, Final residual = 3.04149e-12, No Iterations 1
DILUPBiCGStab:  Solving for Rzz, Initial residual = 0.0019639, Final residual = 3.21213e-12, No Iterations 1
ExecutionTime = 1.15 s  ClockTime = 1 s

Courant Number mean: 2.30341e-05 max: 0.232772
Interface Courant Number mean: 3.5219e-12 max: 2.67954e-08
deltaT = 1.87763e-35
Time = 0.0124312

PIMPLE: iteration 1
MULES: Solving for alpha.water
Phase-1 volume fraction = 0.298591  Min(alpha.water) = -7.5293e-30  Max(alpha.water) = 1
Relaxing time: 0.01 s
DILUPBiCG:  Solving for Ux, Initial residual = 6.67042e-05, Final residual = 5.82983e-10, No Iterations 1
DILUPBiCG:  Solving for Uy, Initial residual = 0.00148246, Final residual = 3.95649e-14, No Iterations 2
DICPCG:  Solving for p_rgh, Initial residual = 0.991419, Final residual = 0.000428327, No Iterations 1
DICPCG:  Solving for p_rgh, Initial residual = 0.988528, Final residual = 0.000389005, No Iterations 1
time step continuity errors : sum local = 5.37274e-08, global = -2.21826e-09, cumulative = -1.20132e-06
DICPCG:  Solving for p_rgh, Initial residual = 0.991963, Final residual = 0.000387949, No Iterations 1
DICPCG:  Solving for p_rgh, Initial residual = 0.992704, Final residual = 0.000391675, No Iterations 1
time step continuity errors : sum local = 1.16453e-07, global = -6.79097e-09, cumulative = -1.20811e-06
DICPCG:  Solving for p_rgh, Initial residual = 0.992723, Final residual = 0.000391899, No Iterations 1
DICPCG:  Solving for p_rgh, Initial residual = 0.992936, Final residual = 0.000392631, No Iterations 1
time step continuity errors : sum local = 2.51743e-07, global = -1.53963e-08, cumulative = -1.22351e-06
DICPCG:  Solving for p_rgh, Initial residual = 0.992923, Final residual = 0.000392624, No Iterations 1
DICPCG:  Solving for p_rgh, Initial residual = 0.99302, Final residual = 4.73084e-08, No Iterations 17
time step continuity errors : sum local = 6.54174e-11, global = -1.69835e-11, cumulative = -1.22353e-06
DILUPBiCGStab:  Solving for omega, Initial residual = 2.76002e-05, Final residual = 8.42281e-12, No Iterations 1
bounding omega, min: -5.60377e+19 max: 5.13025e+26 average: 6.11297e+22
DILUPBiCGStab:  Solving for Rxx, Initial residual = 0.00202387, Final residual = 1.67459e-12, No Iterations 1
DILUPBiCGStab:  Solving for Rxy, Initial residual = 0.00201754, Final residual = 1.68868e-12, No Iterations 1
DILUPBiCGStab:  Solving for Ryy, Initial residual = 0.0020133, Final residual = 1.57094e-12, No Iterations 1
DILUPBiCGStab:  Solving for Rzz, Initial residual = 0.00203847, Final residual = 1.64254e-12, No Iterations 1
ExecutionTime = 1.17 s  ClockTime = 1 s

Courant Number mean: 2.30239e-05 max: 0.232658
Interface Courant Number mean: 3.52062e-12 max: 2.67858e-08
deltaT = 4.03517e-36
Time = 0.0124312

PIMPLE: iteration 1
MULES: Solving for alpha.water
Phase-1 volume fraction = 0.298591  Min(alpha.water) = -7.5293e-30  Max(alpha.water) = 1
Relaxing time: 0.01 s
DILUPBiCG:  Solving for Ux, Initial residual = 6.67326e-05, Final residual = 5.83356e-10, No Iterations 1
DILUPBiCG:  Solving for Uy, Initial residual = 0.00148311, Final residual = 3.95992e-14, No Iterations 2
DICPCG:  Solving for p_rgh, Initial residual = 0.991416, Final residual = 0.000428286, No Iterations 1
DICPCG:  Solving for p_rgh, Initial residual = 0.98853, Final residual = 0.000388983, No Iterations 1
time step continuity errors : sum local = 5.3753e-08, global = -2.21997e-09, cumulative = -1.22575e-06
DICPCG:  Solving for p_rgh, Initial residual = 0.991959, Final residual = 0.000387918, No Iterations 1
DICPCG:  Solving for p_rgh, Initial residual = 0.992699, Final residual = 0.000391661, No Iterations 1
time step continuity errors : sum local = 1.16512e-07, global = -6.79398e-09, cumulative = -1.23254e-06
DICPCG:  Solving for p_rgh, Initial residual = 0.992719, Final residual = 0.000391885, No Iterations 1
DICPCG:  Solving for p_rgh, Initial residual = 0.992934, Final residual = 0.000392619, No Iterations 1
time step continuity errors : sum local = 2.51871e-07, global = -1.54038e-08, cumulative = -1.24794e-06
DICPCG:  Solving for p_rgh, Initial residual = 0.992922, Final residual = 0.000392612, No Iterations 1
DICPCG:  Solving for p_rgh, Initial residual = 0.99302, Final residual = 4.73048e-08, No Iterations 17
time step continuity errors : sum local = 6.54475e-11, global = -1.6995e-11, cumulative = -1.24796e-06
DILUPBiCGStab:  Solving for omega, Initial residual = 2.75754e-05, Final residual = 7.62475e-12, No Iterations 1
bounding omega, min: -6.65955e+11 max: 1.54119e+27 average: 1.82444e+23
DILUPBiCGStab:  Solving for Rxx, Initial residual = 0.00205608, Final residual = 1.61261e-12, No Iterations 1
DILUPBiCGStab:  Solving for Rxy, Initial residual = 0.00205447, Final residual = 1.61616e-12, No Iterations 1
DILUPBiCGStab:  Solving for Ryy, Initial residual = 0.00202107, Final residual = 1.56284e-12, No Iterations 1
DILUPBiCGStab:  Solving for Rzz, Initial residual = 0.00205974, Final residual = 1.60494e-12, No Iterations 1
ExecutionTime = 1.19 s  ClockTime = 1 s

Courant Number mean: 2.30357e-05 max: 0.232789
Interface Courant Number mean: 3.522e-12 max: 2.67965e-08
deltaT = 8.66703e-37
Time = 0.0124312

PIMPLE: iteration 1
MULES: Solving for alpha.water
Phase-1 volume fraction = 0.298591  Min(alpha.water) = -7.5293e-30  Max(alpha.water) = 1
Relaxing time: 0 s
DILUPBiCG:  Solving for Ux, Initial residual = 6.67025e-05, Final residual = 5.82993e-10, No Iterations 1
DILUPBiCG:  Solving for Uy, Initial residual = 0.00148242, Final residual = 3.95688e-14, No Iterations 2
DICPCG:  Solving for p_rgh, Initial residual = 0.991424, Final residual = 0.000428342, No Iterations 1
DICPCG:  Solving for p_rgh, Initial residual = 0.988535, Final residual = 0.000388968, No Iterations 1
time step continuity errors : sum local = 5.37191e-08, global = -2.21848e-09, cumulative = -1.25018e-06
DICPCG:  Solving for p_rgh, Initial residual = 0.991957, Final residual = 0.000387897, No Iterations 1
DICPCG:  Solving for p_rgh, Initial residual = 0.992704, Final residual = 0.000391639, No Iterations 1
time step continuity errors : sum local = 1.16436e-07, global = -6.78945e-09, cumulative = -1.25697e-06
DICPCG:  Solving for p_rgh, Initial residual = 0.992723, Final residual = 0.000391861, No Iterations 1
DICPCG:  Solving for p_rgh, Initial residual = 0.992937, Final residual = 0.000392595, No Iterations 1
time step continuity errors : sum local = 2.51707e-07, global = -1.53937e-08, cumulative = -1.27236e-06
DICPCG:  Solving for p_rgh, Initial residual = 0.992923, Final residual = 0.000392587, No Iterations 1
DICPCG:  Solving for p_rgh, Initial residual = 0.99302, Final residual = 4.73071e-08, No Iterations 17
time step continuity errors : sum local = 6.54123e-11, global = -1.69873e-11, cumulative = -1.27238e-06
DILUPBiCGStab:  Solving for omega, Initial residual = 2.75253e-05, Final residual = 6.95397e-12, No Iterations 1
bounding omega, min: -1.32044e+19 max: 4.62597e+27 average: 5.44299e+23
DILUPBiCGStab:  Solving for Rxx, Initial residual = 0.00206711, Final residual = 1.59733e-12, No Iterations 1
DILUPBiCGStab:  Solving for Rxy, Initial residual = 0.0020667, Final residual = 1.59833e-12, No Iterations 1
DILUPBiCGStab:  Solving for Ryy, Initial residual = 0.00202594, Final residual = 1.56043e-12, No Iterations 1
DILUPBiCGStab:  Solving for Rzz, Initial residual = 0.00206801, Final residual = 1.59553e-12, No Iterations 1
ExecutionTime = 1.21 s  ClockTime = 1 s

Courant Number mean: 2.3024e-05 max: 0.232669
Interface Courant Number mean: 3.52061e-12 max: 2.67858e-08
deltaT = 1.86252e-37
Time = 0.0124312

PIMPLE: iteration 1
MULES: Solving for alpha.water
Phase-1 volume fraction = 0.298591  Min(alpha.water) = -7.5293e-30  Max(alpha.water) = 1
Relaxing time: 0 s
DILUPBiCG:  Solving for Ux, Initial residual = 6.67307e-05, Final residual = 5.83228e-10, No Iterations 1
DILUPBiCG:  Solving for Uy, Initial residual = 0.00148307, Final residual = 3.95832e-14, No Iterations 2
DICPCG:  Solving for p_rgh, Initial residual = 0.991419, Final residual = 0.000428279, No Iterations 1
DICPCG:  Solving for p_rgh, Initial residual = 0.988529, Final residual = 0.000388997, No Iterations 1
time step continuity errors : sum local = 5.37472e-08, global = -2.21909e-09, cumulative = -1.2746e-06
DICPCG:  Solving for p_rgh, Initial residual = 0.991965, Final residual = 0.000387941, No Iterations 1
DICPCG:  Solving for p_rgh, Initial residual = 0.992706, Final residual = 0.000391669, No Iterations 1
time step continuity errors : sum local = 1.16496e-07, global = -6.79384e-09, cumulative = -1.28139e-06
DICPCG:  Solving for p_rgh, Initial residual = 0.992724, Final residual = 0.000391893, No Iterations 1
DICPCG:  Solving for p_rgh, Initial residual = 0.992936, Final residual = 0.000392624, No Iterations 1
time step continuity errors : sum local = 2.51837e-07, global = -1.54025e-08, cumulative = -1.2968e-06
DICPCG:  Solving for p_rgh, Initial residual = 0.992923, Final residual = 0.000392617, No Iterations 1
DICPCG:  Solving for p_rgh, Initial residual = 0.99302, Final residual = 4.73068e-08, No Iterations 17
time step continuity errors : sum local = 6.54408e-11, global = -1.69909e-11, cumulative = -1.29681e-06
DILUPBiCGStab:  Solving for omega, Initial residual = 2.75138e-05, Final residual = 6.4158e-12, No Iterations 1
bounding omega, min: -4.03637e+10 max: 1.38859e+28 average: 1.62444e+24
DILUPBiCGStab:  Solving for Rxx, Initial residual = 0.00207163, Final residual = 1.59449e-12, No Iterations 1
DILUPBiCGStab:  Solving for Rxy, Initial residual = 0.00207152, Final residual = 1.59488e-12, No Iterations 1
DILUPBiCGStab:  Solving for Ryy, Initial residual = 0.00202891, Final residual = 1.56055e-12, No Iterations 1
DILUPBiCGStab:  Solving for Rzz, Initial residual = 0.00207185, Final residual = 1.59406e-12, No Iterations 1
ExecutionTime = 1.23 s  ClockTime = 1 s

Courant Number mean: 2.30319e-05 max: 0.232743
Interface Courant Number mean: 3.52152e-12 max: 2.67926e-08
deltaT = 4.00125e-38
Time = 0.0124312

PIMPLE: iteration 1
MULES: Solving for alpha.water
Phase-1 volume fraction = 0.298591  Min(alpha.water) = -1.35085e-29  Max(alpha.water) = 1
Relaxing time: 0 s
DILUPBiCG:  Solving for Ux, Initial residual = 6.67129e-05, Final residual = 5.83139e-10, No Iterations 1
DILUPBiCG:  Solving for Uy, Initial residual = 0.00148264, Final residual = 3.95813e-14, No Iterations 2
DICPCG:  Solving for p_rgh, Initial residual = 0.991415, Final residual = 0.000428323, No Iterations 1
DICPCG:  Solving for p_rgh, Initial residual = 0.988529, Final residual = 0.000388988, No Iterations 1
time step continuity errors : sum local = 5.37355e-08, global = -2.21912e-09, cumulative = -1.29903e-06
DICPCG:  Solving for p_rgh, Initial residual = 0.991959, Final residual = 0.00038792, No Iterations 1
DICPCG:  Solving for p_rgh, Initial residual = 0.992698, Final residual = 0.000391663, No Iterations 1
time step continuity errors : sum local = 1.16473e-07, global = -6.79168e-09, cumulative = -1.30582e-06
DICPCG:  Solving for p_rgh, Initial residual = 0.992719, Final residual = 0.000391886, No Iterations 1
DICPCG:  Solving for p_rgh, Initial residual = 0.992934, Final residual = 0.00039262, No Iterations 1
time step continuity errors : sum local = 2.51786e-07, global = -1.53987e-08, cumulative = -1.32122e-06
DICPCG:  Solving for p_rgh, Initial residual = 0.992922, Final residual = 0.000392614, No Iterations 1
DICPCG:  Solving for p_rgh, Initial residual = 0.99302, Final residual = 4.73056e-08, No Iterations 17
time step continuity errors : sum local = 6.54264e-11, global = -1.69893e-11, cumulative = -1.32124e-06
DILUPBiCGStab:  Solving for omega, Initial residual = 2.74814e-05, Final residual = 5.96804e-12, No Iterations 1
bounding omega, min: -3.15792e+18 max: 4.16549e+28 average: 4.84665e+24
DILUPBiCGStab:  Solving for Rxx, Initial residual = 0.00207598, Final residual = 1.54422e-12, No Iterations 1
DILUPBiCGStab:  Solving for Rxy, Initial residual = 0.00207593, Final residual = 1.54447e-12, No Iterations 1
DILUPBiCGStab:  Solving for Ryy, Initial residual = 0.0020328, Final residual = 1.51203e-12, No Iterations 1
DILUPBiCGStab:  Solving for Rzz, Initial residual = 0.00207603, Final residual = 1.5441e-12, No Iterations 1
ExecutionTime = 1.26 s  ClockTime = 1 s

Courant Number mean: 2.30289e-05 max: 0.232718
Interface Courant Number mean: 3.52118e-12 max: 2.67902e-08
deltaT = 8.59678e-39
Time = 0.0124312

PIMPLE: iteration 1
MULES: Solving for alpha.water
Phase-1 volume fraction = 0.298591  Min(alpha.water) = -1.35085e-29  Max(alpha.water) = 1
Relaxing time: 0 s
DILUPBiCG:  Solving for Ux, Initial residual = 6.67183e-05, Final residual = 5.83146e-10, No Iterations 1
DILUPBiCG:  Solving for Uy, Initial residual = 0.00148278, Final residual = 3.95801e-14, No Iterations 2
DICPCG:  Solving for p_rgh, Initial residual = 0.991416, Final residual = 0.000428264, No Iterations 1
DICPCG:  Solving for p_rgh, Initial residual = 0.988524, Final residual = 0.000388962, No Iterations 1
time step continuity errors : sum local = 5.37332e-08, global = -2.21851e-09, cumulative = -1.32346e-06
DICPCG:  Solving for p_rgh, Initial residual = 0.991963, Final residual = 0.000387903, No Iterations 1
DICPCG:  Solving for p_rgh, Initial residual = 0.9927, Final residual = 0.000391634, No Iterations 1
time step continuity errors : sum local = 1.16466e-07, global = -6.79206e-09, cumulative = -1.33025e-06
DICPCG:  Solving for p_rgh, Initial residual = 0.992721, Final residual = 0.000391858, No Iterations 1
DICPCG:  Solving for p_rgh, Initial residual = 0.992934, Final residual = 0.000392591, No Iterations 1
time step continuity errors : sum local = 2.51773e-07, global = -1.53987e-08, cumulative = -1.34565e-06
DICPCG:  Solving for p_rgh, Initial residual = 0.992922, Final residual = 0.000392583, No Iterations 1
DICPCG:  Solving for p_rgh, Initial residual = 0.993019, Final residual = 4.73074e-08, No Iterations 17
time step continuity errors : sum local = 6.54302e-11, global = -1.69906e-11, cumulative = -1.34566e-06
DILUPBiCGStab:  Solving for omega, Initial residual = 2.74689e-05, Final residual = 5.6044e-12, No Iterations 1
bounding omega, min: -4.1231e+22 max: 1.24935e+29 average: 1.44613e+25
DILUPBiCGStab:  Solving for Rxx, Initial residual = 0.00208001, Final residual = 1.60007e-12, No Iterations 1
DILUPBiCGStab:  Solving for Rxy, Initial residual = 0.00207998, Final residual = 1.60029e-12, No Iterations 1
DILUPBiCGStab:  Solving for Ryy, Initial residual = 0.00203665, Final residual = 1.56686e-12, No Iterations 1
DILUPBiCGStab:  Solving for Rzz, Initial residual = 0.00208002, Final residual = 1.60003e-12, No Iterations 1
ExecutionTime = 1.27 s  ClockTime = 1 s

Courant Number mean: 2.30286e-05 max: 0.232712
Interface Courant Number mean: 3.52114e-12 max: 2.67895e-08
deltaT = 1.84709e-39
Time = 0.0124312

PIMPLE: iteration 1
MULES: Solving for alpha.water
Phase-1 volume fraction = 0.298591  Min(alpha.water) = -1.43361e-29  Max(alpha.water) = 1
Relaxing time: 0 s
DILUPBiCG:  Solving for Ux, Initial residual = 6.67199e-05, Final residual = 5.83162e-10, No Iterations 1
DILUPBiCG:  Solving for Uy, Initial residual = 0.00148279, Final residual = 3.95795e-14, No Iterations 2
DICPCG:  Solving for p_rgh, Initial residual = 0.991415, Final residual = 0.000428286, No Iterations 1
DICPCG:  Solving for p_rgh, Initial residual = 0.988525, Final residual = 0.000389004, No Iterations 1
time step continuity errors : sum local = 5.37429e-08, global = -2.21867e-09, cumulative = -1.34788e-06
DICPCG:  Solving for p_rgh, Initial residual = 0.991966, Final residual = 0.000387948, No Iterations 1
DICPCG:  Solving for p_rgh, Initial residual = 0.992703, Final residual = 0.000391676, No Iterations 1
time step continuity errors : sum local = 1.16487e-07, global = -6.79313e-09, cumulative = -1.35468e-06
DICPCG:  Solving for p_rgh, Initial residual = 0.992723, Final residual = 0.000391901, No Iterations 1
DICPCG:  Solving for p_rgh, Initial residual = 0.992935, Final residual = 0.000392633, No Iterations 1
time step continuity errors : sum local = 2.51817e-07, global = -1.5401e-08, cumulative = -1.37008e-06
DICPCG:  Solving for p_rgh, Initial residual = 0.992923, Final residual = 0.000392626, No Iterations 1
DICPCG:  Solving for p_rgh, Initial residual = 0.99302, Final residual = 4.73076e-08, No Iterations 17
time step continuity errors : sum local = 6.54351e-11, global = -1.69881e-11, cumulative = -1.37009e-06
DILUPBiCGStab:  Solving for omega, Initial residual = 2.74497e-05, Final residual = 5.25369e-12, No Iterations 1
bounding omega, min: -7.49583e+17 max: 3.74598e+29 average: 4.31485e+25
DILUPBiCGStab:  Solving for Rxx, Initial residual = 0.0020832, Final residual = 3.11079e-12, No Iterations 1
DILUPBiCGStab:  Solving for Rxy, Initial residual = 0.00208318, Final residual = 3.11121e-12, No Iterations 1
DILUPBiCGStab:  Solving for Ryy, Initial residual = 0.00203973, Final residual = 3.04639e-12, No Iterations 1
DILUPBiCGStab:  Solving for Rzz, Initial residual = 0.0020832, Final residual = 3.11075e-12, No Iterations 1
ExecutionTime = 1.3 s  ClockTime = 1 s

Courant Number mean: 2.30298e-05 max: 0.232718
Interface Courant Number mean: 3.52128e-12 max: 2.67908e-08
deltaT = 3.96851e-40
Time = 0.0124312

PIMPLE: iteration 1
MULES: Solving for alpha.water
Phase-1 volume fraction = 0.298591  Min(alpha.water) = -1.01538e-29  Max(alpha.water) = 1
Relaxing time: 0.01 s
DILUPBiCG:  Solving for Ux, Initial residual = 6.67181e-05, Final residual = 5.8322e-10, No Iterations 1
DILUPBiCG:  Solving for Uy, Initial residual = 0.00148273, Final residual = 3.95884e-14, No Iterations 2
DICPCG:  Solving for p_rgh, Initial residual = 0.991414, Final residual = 0.000428304, No Iterations 1
DICPCG:  Solving for p_rgh, Initial residual = 0.98853, Final residual = 0.000388982, No Iterations 1
time step continuity errors : sum local = 5.37404e-08, global = -2.21935e-09, cumulative = -1.37231e-06
DICPCG:  Solving for p_rgh, Initial residual = 0.991957, Final residual = 0.000387914, No Iterations 1
DICPCG:  Solving for p_rgh, Initial residual = 0.992695, Final residual = 0.000391657, No Iterations 1
time step continuity errors : sum local = 1.16484e-07, global = -6.79232e-09, cumulative = -1.37911e-06
DICPCG:  Solving for p_rgh, Initial residual = 0.992718, Final residual = 0.000391881, No Iterations 1
DICPCG:  Solving for p_rgh, Initial residual = 0.992933, Final residual = 0.000392616, No Iterations 1
time step continuity errors : sum local = 2.5181e-07, global = -1.54001e-08, cumulative = -1.39451e-06
DICPCG:  Solving for p_rgh, Initial residual = 0.992922, Final residual = 0.000392609, No Iterations 1
DICPCG:  Solving for p_rgh, Initial residual = 0.99302, Final residual = 4.7306e-08, No Iterations 17
time step continuity errors : sum local = 6.5434e-11, global = -1.69918e-11, cumulative = -1.39452e-06
DILUPBiCGStab:  Solving for omega, Initial residual = 2.74371e-05, Final residual = 4.97601e-12, No Iterations 1
bounding omega, min: -1.20106e+22 max: 1.12273e+30 average: 1.2871e+26
DILUPBiCGStab:  Solving for Rxx, Initial residual = 0.00208772, Final residual = 3.12344e-12, No Iterations 1
DILUPBiCGStab:  Solving for Rxy, Initial residual = 0.0020877, Final residual = 3.12386e-12, No Iterations 1
DILUPBiCGStab:  Solving for Ryy, Initial residual = 0.00204416, Final residual = 3.05911e-12, No Iterations 1
DILUPBiCGStab:  Solving for Rzz, Initial residual = 0.00208772, Final residual = 3.12341e-12, No Iterations 1
ExecutionTime = 1.32 s  ClockTime = 1 s

Courant Number mean: 2.30312e-05 max: 0.232742
Interface Courant Number mean: 3.52145e-12 max: 2.67922e-08
deltaT = 8.52555e-41
Time = 0.0124312

PIMPLE: iteration 1
MULES: Solving for alpha.water
Phase-1 volume fraction = 0.298591  Min(alpha.water) = -1.01538e-29  Max(alpha.water) = 1
Relaxing time: 0.01 s
DILUPBiCG:  Solving for Ux, Initial residual = 6.67119e-05, Final residual = 5.83077e-10, No Iterations 1
DILUPBiCG:  Solving for Uy, Initial residual = 0.00148263, Final residual = 3.95743e-14, No Iterations 2
DICPCG:  Solving for p_rgh, Initial residual = 0.991422, Final residual = 0.000428277, No Iterations 1
DICPCG:  Solving for p_rgh, Initial residual = 0.988526, Final residual = 0.000388968, No Iterations 1
time step continuity errors : sum local = 5.37285e-08, global = -2.21816e-09, cumulative = -1.39674e-06
DICPCG:  Solving for p_rgh, Initial residual = 0.991966, Final residual = 0.00038791, No Iterations 1
DICPCG:  Solving for p_rgh, Initial residual = 0.992705, Final residual = 0.000391639, No Iterations 1
time step continuity errors : sum local = 1.16456e-07, global = -6.79141e-09, cumulative = -1.40353e-06
DICPCG:  Solving for p_rgh, Initial residual = 0.992725, Final residual = 0.000391863, No Iterations 1
DICPCG:  Solving for p_rgh, Initial residual = 0.992936, Final residual = 0.000392595, No Iterations 1
time step continuity errors : sum local = 2.5175e-07, global = -1.53971e-08, cumulative = -1.41893e-06
DICPCG:  Solving for p_rgh, Initial residual = 0.992923, Final residual = 0.000392587, No Iterations 1
DICPCG:  Solving for p_rgh, Initial residual = 0.99302, Final residual = 4.73084e-08, No Iterations 17
time step continuity errors : sum local = 6.54251e-11, global = -1.69883e-11, cumulative = -1.41895e-06
DILUPBiCGStab:  Solving for omega, Initial residual = 2.74276e-05, Final residual = 4.75e-12, No Iterations 1
bounding omega, min: -1.77177e+17 max: 3.3641e+30 average: 3.83912e+26
DILUPBiCGStab:  Solving for Rxx, Initial residual = 0.00209076, Final residual = 3.13479e-12, No Iterations 1
DILUPBiCGStab:  Solving for Rxy, Initial residual = 0.00209073, Final residual = 3.13521e-12, No Iterations 1
DILUPBiCGStab:  Solving for Ryy, Initial residual = 0.00204709, Final residual = 3.06983e-12, No Iterations 1
DILUPBiCGStab:  Solving for Rzz, Initial residual = 0.00209076, Final residual = 3.13476e-12, No Iterations 1
ExecutionTime = 1.34 s  ClockTime = 1 s

Courant Number mean: 2.30264e-05 max: 0.232687
Interface Courant Number mean: 3.52087e-12 max: 2.67874e-08
deltaT = 1.83198e-41
Time = 0.0124312

PIMPLE: iteration 1
MULES: Solving for alpha.water
Phase-1 volume fraction = 0.298591  Min(alpha.water) = -1.01538e-29  Max(alpha.water) = 1
Relaxing time: 0.01 s
DILUPBiCG:  Solving for Ux, Initial residual = 6.67257e-05, Final residual = 5.83234e-10, No Iterations 1
DILUPBiCG:  Solving for Uy, Initial residual = 0.00148291, Final residual = 3.9586e-14, No Iterations 2
DICPCG:  Solving for p_rgh, Initial residual = 0.991419, Final residual = 0.000428322, No Iterations 1
DICPCG:  Solving for p_rgh, Initial residual = 0.988531, Final residual = 0.000388999, No Iterations 1
time step continuity errors : sum local = 5.3748e-08, global = -2.21988e-09, cumulative = -1.42117e-06
DICPCG:  Solving for p_rgh, Initial residual = 0.991959, Final residual = 0.000387933, No Iterations 1
DICPCG:  Solving for p_rgh, Initial residual = 0.992697, Final residual = 0.000391674, No Iterations 1
time step continuity errors : sum local = 1.165e-07, global = -6.79313e-09, cumulative = -1.42796e-06
DICPCG:  Solving for p_rgh, Initial residual = 0.992719, Final residual = 0.000391897, No Iterations 1
DICPCG:  Solving for p_rgh, Initial residual = 0.992934, Final residual = 0.00039263, No Iterations 1
time step continuity errors : sum local = 2.51845e-07, global = -1.54022e-08, cumulative = -1.44336e-06
DICPCG:  Solving for p_rgh, Initial residual = 0.992922, Final residual = 0.000392624, No Iterations 1
DICPCG:  Solving for p_rgh, Initial residual = 0.99302, Final residual = 4.73066e-08, No Iterations 17
time step continuity errors : sum local = 6.54413e-11, global = -1.69927e-11, cumulative = -1.44338e-06
DILUPBiCGStab:  Solving for omega, Initial residual = 2.742e-05, Final residual = 4.5373e-12, No Iterations 1
bounding omega, min: -2.60804e+21 max: 1.00773e+31 average: 1.14504e+27
DILUPBiCGStab:  Solving for Rxx, Initial residual = 0.00209336, Final residual = 1.56768e-12, No Iterations 1
DILUPBiCGStab:  Solving for Rxy, Initial residual = 0.00209334, Final residual = 1.56789e-12, No Iterations 1
DILUPBiCGStab:  Solving for Ryy, Initial residual = 0.00204964, Final residual = 1.53516e-12, No Iterations 1
DILUPBiCGStab:  Solving for Rzz, Initial residual = 0.00209337, Final residual = 1.56766e-12, No Iterations 1
ExecutionTime = 1.37 s  ClockTime = 1 s

Courant Number mean: 2.30332e-05 max: 0.232764
Interface Courant Number mean: 3.52175e-12 max: 2.67946e-08
deltaT = 3.93528e-42
Time = 0.0124312

PIMPLE: iteration 1
MULES: Solving for alpha.water
Phase-1 volume fraction = 0.298591  Min(alpha.water) = -1.01538e-29  Max(alpha.water) = 1
Relaxing time: 0.01 s
DILUPBiCG:  Solving for Ux, Initial residual = 6.6708e-05, Final residual = 5.83053e-10, No Iterations 1
DILUPBiCG:  Solving for Uy, Initial residual = 0.00148257, Final residual = 3.95728e-14, No Iterations 2
DICPCG:  Solving for p_rgh, Initial residual = 0.991418, Final residual = 0.000428304, No Iterations 1
DICPCG:  Solving for p_rgh, Initial residual = 0.988525, Final residual = 0.000388993, No Iterations 1
time step continuity errors : sum local = 5.37275e-08, global = -2.21828e-09, cumulative = -1.4456e-06
DICPCG:  Solving for p_rgh, Initial residual = 0.991965, Final residual = 0.000387936, No Iterations 1
DICPCG:  Solving for p_rgh, Initial residual = 0.992704, Final residual = 0.000391666, No Iterations 1
time step continuity errors : sum local = 1.16454e-07, global = -6.79126e-09, cumulative = -1.45239e-06
DICPCG:  Solving for p_rgh, Initial residual = 0.992723, Final residual = 0.000391891, No Iterations 1
DICPCG:  Solving for p_rgh, Initial residual = 0.992935, Final residual = 0.000392623, No Iterations 1
time step continuity errors : sum local = 2.51746e-07, global = -1.53969e-08, cumulative = -1.46779e-06
DICPCG:  Solving for p_rgh, Initial residual = 0.992923, Final residual = 0.000392616, No Iterations 1
DICPCG:  Solving for p_rgh, Initial residual = 0.99302, Final residual = 4.73093e-08, No Iterations 17
time step continuity errors : sum local = 6.54208e-11, global = -1.6985e-11, cumulative = -1.4678e-06
DILUPBiCGStab:  Solving for omega, Initial residual = 2.7409e-05, Final residual = 4.34136e-12, No Iterations 1
bounding omega, min: -4.13609e+16 max: 3.01773e+31 average: 3.41459e+27
DILUPBiCGStab:  Solving for Rxx, Initial residual = 0.00209507, Final residual = 3.12977e-12, No Iterations 1
DILUPBiCGStab:  Solving for Rxy, Initial residual = 0.00209505, Final residual = 3.13019e-12, No Iterations 1
DILUPBiCGStab:  Solving for Ryy, Initial residual = 0.00205129, Final residual = 3.06522e-12, No Iterations 1
DILUPBiCGStab:  Solving for Rzz, Initial residual = 0.00209507, Final residual = 3.12973e-12, No Iterations 1
ExecutionTime = 1.39 s  ClockTime = 1 s

Courant Number mean: 2.30249e-05 max: 0.232671
Interface Courant Number mean: 3.52062e-12 max: 2.67858e-08
deltaT = 8.45674e-43
Time = 0.0124312

PIMPLE: iteration 1
MULES: Solving for alpha.water
Phase-1 volume fraction = 0.298591  Min(alpha.water) = -1.07678e-29  Max(alpha.water) = 1
Relaxing time: 0.01 s
DILUPBiCG:  Solving for Ux, Initial residual = 6.67305e-05, Final residual = 5.83289e-10, No Iterations 1
DILUPBiCG:  Solving for Uy, Initial residual = 0.00148303, Final residual = 3.95927e-14, No Iterations 2
DICPCG:  Solving for p_rgh, Initial residual = 0.991412, Final residual = 0.000428211, No Iterations 1
DICPCG:  Solving for p_rgh, Initial residual = 0.988521, Final residual = 0.000388941, No Iterations 1
time step continuity errors : sum local = 5.37431e-08, global = -2.2189e-09, cumulative = -1.47002e-06
DICPCG:  Solving for p_rgh, Initial residual = 0.991966, Final residual = 0.000387887, No Iterations 1
DICPCG:  Solving for p_rgh, Initial residual = 0.992697, Final residual = 0.000391618, No Iterations 1
time step continuity errors : sum local = 1.16489e-07, global = -6.79331e-09, cumulative = -1.47681e-06
DICPCG:  Solving for p_rgh, Initial residual = 0.992719, Final residual = 0.000391842, No Iterations 1
DICPCG:  Solving for p_rgh, Initial residual = 0.992933, Final residual = 0.000392576, No Iterations 1
time step continuity errors : sum local = 2.51822e-07, global = -1.54017e-08, cumulative = -1.49222e-06
DICPCG:  Solving for p_rgh, Initial residual = 0.992921, Final residual = 0.000392568, No Iterations 1
DICPCG:  Solving for p_rgh, Initial residual = 0.993019, Final residual = 4.73074e-08, No Iterations 17
time step continuity errors : sum local = 6.54456e-11, global = -1.69959e-11, cumulative = -1.49223e-06
DILUPBiCGStab:  Solving for omega, Initial residual = 2.74089e-05, Final residual = 4.1719e-12, No Iterations 1
bounding omega, min: -5.50536e+20 max: 9.03599e+31 average: 1.01832e+28
DILUPBiCGStab:  Solving for Rxx, Initial residual = 0.00209677, Final residual = 3.13802e-12, No Iterations 1
DILUPBiCGStab:  Solving for Rxy, Initial residual = 0.00209675, Final residual = 3.13844e-12, No Iterations 1
DILUPBiCGStab:  Solving for Ryy, Initial residual = 0.00205295, Final residual = 3.07295e-12, No Iterations 1
DILUPBiCGStab:  Solving for Rzz, Initial residual = 0.00209677, Final residual = 3.13798e-12, No Iterations 1
ExecutionTime = 1.41 s  ClockTime = 1 s

Courant Number mean: 2.3033e-05 max: 0.232759
Interface Courant Number mean: 3.5218e-12 max: 2.6794e-08
deltaT = 1.81663e-43
Time = 0.0124312

PIMPLE: iteration 1
MULES: Solving for alpha.water
Phase-1 volume fraction = 0.298591  Min(alpha.water) = -7.5293e-30  Max(alpha.water) = 1
Relaxing time: 0 s
DILUPBiCG:  Solving for Ux, Initial residual = 6.67072e-05, Final residual = 5.83037e-10, No Iterations 1
DILUPBiCG:  Solving for Uy, Initial residual = 0.0014825, Final residual = 3.95699e-14, No Iterations 2
DICPCG:  Solving for p_rgh, Initial residual = 0.991422, Final residual = 0.000428366, No Iterations 1
DICPCG:  Solving for p_rgh, Initial residual = 0.988533, Final residual = 0.000389016, No Iterations 1
time step continuity errors : sum local = 5.3735e-08, global = -2.21913e-09, cumulative = -1.49445e-06
DICPCG:  Solving for p_rgh, Initial residual = 0.991956, Final residual = 0.000387947, No Iterations 1
DICPCG:  Solving for p_rgh, Initial residual = 0.992699, Final residual = 0.000391686, No Iterations 1
time step continuity errors : sum local = 1.16471e-07, global = -6.79146e-09, cumulative = -1.50124e-06
DICPCG:  Solving for p_rgh, Initial residual = 0.992721, Final residual = 0.00039191, No Iterations 1
DICPCG:  Solving for p_rgh, Initial residual = 0.992935, Final residual = 0.000392642, No Iterations 1
time step continuity errors : sum local = 2.51781e-07, global = -1.53981e-08, cumulative = -1.51664e-06
DICPCG:  Solving for p_rgh, Initial residual = 0.992923, Final residual = 0.000392636, No Iterations 1
DICPCG:  Solving for p_rgh, Initial residual = 0.99302, Final residual = 4.73069e-08, No Iterations 17
time step continuity errors : sum local = 6.54231e-11, global = -1.69865e-11, cumulative = -1.51666e-06
DILUPBiCGStab:  Solving for omega, Initial residual = 2.73959e-05, Final residual = 4.01385e-12, No Iterations 1
bounding omega, min: -9.51406e+15 max: 2.70452e+32 average: 3.0361e+28
DILUPBiCGStab:  Solving for Rxx, Initial residual = 0.00210064, Final residual = 1.62442e-12, No Iterations 1
DILUPBiCGStab:  Solving for Rxy, Initial residual = 0.00210062, Final residual = 1.62463e-12, No Iterations 1
DILUPBiCGStab:  Solving for Ryy, Initial residual = 0.00205676, Final residual = 1.5907e-12, No Iterations 1
DILUPBiCGStab:  Solving for Rzz, Initial residual = 0.00210064, Final residual = 1.6244e-12, No Iterations 1
ExecutionTime = 1.43 s  ClockTime = 1 s

Courant Number mean: 2.30274e-05 max: 0.232699
Interface Courant Number mean: 3.52104e-12 max: 2.67895e-08
deltaT = 3.90338e-44
Time = 0.0124312

PIMPLE: iteration 1
MULES: Solving for alpha.water
Phase-1 volume fraction = 0.298591  Min(alpha.water) = -7.5293e-30  Max(alpha.water) = 1
Relaxing time: 0.01 s
DILUPBiCG:  Solving for Ux, Initial residual = 6.67221e-05, Final residual = 5.83224e-10, No Iterations 1
DILUPBiCG:  Solving for Uy, Initial residual = 0.00148286, Final residual = 3.95868e-14, No Iterations 2
DICPCG:  Solving for p_rgh, Initial residual = 0.991409, Final residual = 0.000428318, No Iterations 1
DICPCG:  Solving for p_rgh, Initial residual = 0.98853, Final residual = 0.000388992, No Iterations 1
time step continuity errors : sum local = 5.37416e-08, global = -2.21956e-09, cumulative = -1.51888e-06
DICPCG:  Solving for p_rgh, Initial residual = 0.991959, Final residual = 0.000387924, No Iterations 1
DICPCG:  Solving for p_rgh, Initial residual = 0.992697, Final residual = 0.000391667, No Iterations 1
time step continuity errors : sum local = 1.16486e-07, global = -6.79251e-09, cumulative = -1.52567e-06
DICPCG:  Solving for p_rgh, Initial residual = 0.992719, Final residual = 0.000391891, No Iterations 1
DICPCG:  Solving for p_rgh, Initial residual = 0.992934, Final residual = 0.000392625, No Iterations 1
time step continuity errors : sum local = 2.51816e-07, global = -1.54004e-08, cumulative = -1.54107e-06
DICPCG:  Solving for p_rgh, Initial residual = 0.992922, Final residual = 0.000392618, No Iterations 1
DICPCG:  Solving for p_rgh, Initial residual = 0.99302, Final residual = 4.73067e-08, No Iterations 17
time step continuity errors : sum local = 6.54348e-11, global = -1.6991e-11, cumulative = -1.54109e-06
DILUPBiCGStab:  Solving for omega, Initial residual = 2.73941e-05, Final residual = 3.86752e-12, No Iterations 1
bounding omega, min: -1.00871e+20 max: 8.0937e+32 average: 9.05207e+28
DILUPBiCGStab:  Solving for Rxx, Initial residual = 0.00210278, Final residual = 3.13389e-12, No Iterations 1
DILUPBiCGStab:  Solving for Rxy, Initial residual = 0.00210276, Final residual = 3.13431e-12, No Iterations 1
DILUPBiCGStab:  Solving for Ryy, Initial residual = 0.00205884, Final residual = 3.06922e-12, No Iterations 1
DILUPBiCGStab:  Solving for Rzz, Initial residual = 0.00210279, Final residual = 3.13386e-12, No Iterations 1
ExecutionTime = 1.45 s  ClockTime = 1 s

Courant Number mean: 2.30311e-05 max: 0.232742
Interface Courant Number mean: 3.52136e-12 max: 2.67919e-08
deltaT = 8.38563e-45
Time = 0.0124312

PIMPLE: iteration 1
MULES: Solving for alpha.water
Phase-1 volume fraction = 0.298591  Min(alpha.water) = -7.5293e-30  Max(alpha.water) = 1
Relaxing time: 0.01 s
DILUPBiCG:  Solving for Ux, Initial residual = 6.67143e-05, Final residual = 5.83098e-10, No Iterations 1
DILUPBiCG:  Solving for Uy, Initial residual = 0.00148272, Final residual = 3.95764e-14, No Iterations 2
DICPCG:  Solving for p_rgh, Initial residual = 0.991418, Final residual = 0.000428322, No Iterations 1
DICPCG:  Solving for p_rgh, Initial residual = 0.988533, Final residual = 0.00038897, No Iterations 1
time step continuity errors : sum local = 5.37284e-08, global = -2.21902e-09, cumulative = -1.54331e-06
DICPCG:  Solving for p_rgh, Initial residual = 0.991957, Final residual = 0.000387901, No Iterations 1
DICPCG:  Solving for p_rgh, Initial residual = 0.992699, Final residual = 0.000391643, No Iterations 1
time step continuity errors : sum local = 1.16457e-07, global = -6.79082e-09, cumulative = -1.5501e-06
DICPCG:  Solving for p_rgh, Initial residual = 0.992721, Final residual = 0.000391866, No Iterations 1
DICPCG:  Solving for p_rgh, Initial residual = 0.992935, Final residual = 0.0003926, No Iterations 1
time step continuity errors : sum local = 2.51753e-07, global = -1.53967e-08, cumulative = -1.5655e-06
DICPCG:  Solving for p_rgh, Initial residual = 0.992922, Final residual = 0.000392593, No Iterations 1
DICPCG:  Solving for p_rgh, Initial residual = 0.99302, Final residual = 4.73051e-08, No Iterations 17
time step continuity errors : sum local = 6.54203e-11, global = -1.69899e-11, cumulative = -1.56551e-06
DILUPBiCGStab:  Solving for omega, Initial residual = 2.73793e-05, Final residual = 3.72229e-12, No Iterations 1
bounding omega, min: -2.15373e+15 max: 2.42099e+33 average: 2.69797e+29
DILUPBiCGStab:  Solving for Rxx, Initial residual = 0.00210548, Final residual = 1.62222e-12, No Iterations 1
DILUPBiCGStab:  Solving for Rxy, Initial residual = 0.00210546, Final residual = 1.62243e-12, No Iterations 1
DILUPBiCGStab:  Solving for Ryy, Initial residual = 0.00206147, Final residual = 1.58854e-12, No Iterations 1
DILUPBiCGStab:  Solving for Rzz, Initial residual = 0.00210548, Final residual = 1.62221e-12, No Iterations 1
ExecutionTime = 1.48 s  ClockTime = 1 s

Courant Number mean: 2.30272e-05 max: 0.232701
Interface Courant Number mean: 3.52098e-12 max: 2.67885e-08
deltaT = 1.8018e-45
Time = 0.0124312

PIMPLE: iteration 1
MULES: Solving for alpha.water
Phase-1 volume fraction = 0.298591  Min(alpha.water) = -1.36177e-29  Max(alpha.water) = 1
Relaxing time: 0.01 s
DILUPBiCG:  Solving for Ux, Initial residual = 6.67225e-05, Final residual = 5.83164e-10, No Iterations 1
DILUPBiCG:  Solving for Uy, Initial residual = 0.0014829, Final residual = 3.95794e-14, No Iterations 2
DICPCG:  Solving for p_rgh, Initial residual = 0.991407, Final residual = 0.000428294, No Iterations 1
DICPCG:  Solving for p_rgh, Initial residual = 0.988522, Final residual = 0.000389007, No Iterations 1
time step continuity errors : sum local = 5.37427e-08, global = -2.21882e-09, cumulative = -1.56773e-06
DICPCG:  Solving for p_rgh, Initial residual = 0.991965, Final residual = 0.000387949, No Iterations 1
DICPCG:  Solving for p_rgh, Initial residual = 0.992699, Final residual = 0.000391676, No Iterations 1
time step continuity errors : sum local = 1.16486e-07, global = -6.7933e-09, cumulative = -1.57452e-06
DICPCG:  Solving for p_rgh, Initial residual = 0.992721, Final residual = 0.000391902, No Iterations 1
DICPCG:  Solving for p_rgh, Initial residual = 0.992934, Final residual = 0.000392634, No Iterations 1
time step continuity errors : sum local = 2.51815e-07, global = -1.54013e-08, cumulative = -1.58993e-06
DICPCG:  Solving for p_rgh, Initial residual = 0.992922, Final residual = 0.000392628, No Iterations 1
DICPCG:  Solving for p_rgh, Initial residual = 0.993019, Final residual = 4.73085e-08, No Iterations 17
time step continuity errors : sum local = 6.54356e-11, global = -1.69883e-11, cumulative = -1.58994e-06
DILUPBiCGStab:  Solving for omega, Initial residual = 2.73837e-05, Final residual = 3.59329e-12, No Iterations 1
bounding omega, min: -1.65021e+21 max: 7.24195e+33 average: 8.04235e+29
DILUPBiCGStab:  Solving for Rxx, Initial residual = 0.00210768, Final residual = 1.62043e-12, No Iterations 1
DILUPBiCGStab:  Solving for Rxy, Initial residual = 0.00210765, Final residual = 1.62064e-12, No Iterations 1
DILUPBiCGStab:  Solving for Ryy, Initial residual = 0.00206363, Final residual = 1.58676e-12, No Iterations 1
DILUPBiCGStab:  Solving for Rzz, Initial residual = 0.00210768, Final residual = 1.62041e-12, No Iterations 1
ExecutionTime = 1.51 s  ClockTime = 2 s

Courant Number mean: 2.30297e-05 max: 0.232722
Interface Courant Number mean: 3.5212e-12 max: 2.67903e-08
deltaT = 3.87114e-46
Time = 0.0124312

PIMPLE: iteration 1
MULES: Solving for alpha.water
Phase-1 volume fraction = 0.298591  Min(alpha.water) = -7.5293e-30  Max(alpha.water) = 1
Relaxing time: 0.01 s
DILUPBiCG:  Solving for Ux, Initial residual = 6.67183e-05, Final residual = 5.83187e-10, No Iterations 1
DILUPBiCG:  Solving for Uy, Initial residual = 0.00148277, Final residual = 3.95848e-14, No Iterations 2
DICPCG:  Solving for p_rgh, Initial residual = 0.991417, Final residual = 0.000428306, No Iterations 1
DICPCG:  Solving for p_rgh, Initial residual = 0.988532, Final residual = 0.000388983, No Iterations 1
time step continuity errors : sum local = 5.37378e-08, global = -2.21926e-09, cumulative = -1.59216e-06
DICPCG:  Solving for p_rgh, Initial residual = 0.991957, Final residual = 0.000387915, No Iterations 1
DICPCG:  Solving for p_rgh, Initial residual = 0.992699, Final residual = 0.000391658, No Iterations 1
time step continuity errors : sum local = 1.16478e-07, global = -6.79202e-09, cumulative = -1.59895e-06
DICPCG:  Solving for p_rgh, Initial residual = 0.99272, Final residual = 0.000391882, No Iterations 1
DICPCG:  Solving for p_rgh, Initial residual = 0.992935, Final residual = 0.000392615, No Iterations 1
time step continuity errors : sum local = 2.51798e-07, global = -1.53994e-08, cumulative = -1.61435e-06
DICPCG:  Solving for p_rgh, Initial residual = 0.992922, Final residual = 0.000392608, No Iterations 1
DICPCG:  Solving for p_rgh, Initial residual = 0.99302, Final residual = 4.73048e-08, No Iterations 17
time step continuity errors : sum local = 6.54293e-11, global = -1.69906e-11, cumulative = -1.61437e-06
DILUPBiCGStab:  Solving for omega, Initial residual = 0.00404392, Final residual = 3.52111e-12, No Iterations 1
bounding omega, min: -4.30132e+29 max: 3.33089e+35 average: 3.27828e+31
DILUPBiCGStab:  Solving for Rxx, Initial residual = 0.00211023, Final residual = 8.14041e-13, No Iterations 1
DILUPBiCGStab:  Solving for Rxy, Initial residual = 0.00211021, Final residual = 8.14146e-13, No Iterations 1
DILUPBiCGStab:  Solving for Ryy, Initial residual = 0.00206612, Final residual = 7.97237e-13, No Iterations 1
DILUPBiCGStab:  Solving for Rzz, Initial residual = 0.00211023, Final residual = 8.14033e-13, No Iterations 1
ExecutionTime = 1.53 s  ClockTime = 2 s

Courant Number mean: 2.303e-05 max: 0.232729
Interface Courant Number mean: 3.5213e-12 max: 2.67911e-08
deltaT = 8.31684e-47
Time = 0.0124312

PIMPLE: iteration 1
MULES: Solving for alpha.water
Phase-1 volume fraction = 0.298591  Min(alpha.water) = -8.95433e-30  Max(alpha.water) = 1
Relaxing time: 0.01 s
DILUPBiCG:  Solving for Ux, Initial residual = 6.67159e-05, Final residual = 5.83124e-10, No Iterations 1
DILUPBiCG:  Solving for Uy, Initial residual = 0.00148272, Final residual = 3.95784e-14, No Iterations 2
DICPCG:  Solving for p_rgh, Initial residual = 0.991415, Final residual = 0.000428261, No Iterations 1
DICPCG:  Solving for p_rgh, Initial residual = 0.988522, Final residual = 0.000388961, No Iterations 1
time step continuity errors : sum local = 5.37313e-08, global = -2.21836e-09, cumulative = -1.61659e-06
DICPCG:  Solving for p_rgh, Initial residual = 0.991966, Final residual = 0.000387904, No Iterations 1
DICPCG:  Solving for p_rgh, Initial residual = 0.992701, Final residual = 0.000391634, No Iterations 1
time step continuity errors : sum local = 1.16462e-07, global = -6.79187e-09, cumulative = -1.62338e-06
DICPCG:  Solving for p_rgh, Initial residual = 0.992721, Final residual = 0.000391858, No Iterations 1
DICPCG:  Solving for p_rgh, Initial residual = 0.992934, Final residual = 0.000392591, No Iterations 1
time step continuity errors : sum local = 2.51764e-07, global = -1.5398e-08, cumulative = -1.63878e-06
DICPCG:  Solving for p_rgh, Initial residual = 0.992922, Final residual = 0.000392583, No Iterations 1
DICPCG:  Solving for p_rgh, Initial residual = 0.993019, Final residual = 4.73059e-08, No Iterations 17
time step continuity errors : sum local = 6.54259e-11, global = -1.69901e-11, cumulative = -1.6388e-06
DILUPBiCGStab:  Solving for omega, Initial residual = 0.999989, Final residual = 1.63985e-11, No Iterations 1
bounding omega, min: -5.41471e+38 max: 4.18993e+44 average: 3.82227e+40
DILUPBiCGStab:  Solving for Rxx, Initial residual = 0.00211316, Final residual = 3.14388e-12, No Iterations 1
DILUPBiCGStab:  Solving for Rxy, Initial residual = 0.00211314, Final residual = 3.1443e-12, No Iterations 1
DILUPBiCGStab:  Solving for Ryy, Initial residual = 0.00206899, Final residual = 3.07866e-12, No Iterations 1
DILUPBiCGStab:  Solving for Rzz, Initial residual = 0.00211317, Final residual = 3.14385e-12, No Iterations 1
ExecutionTime = 1.54 s  ClockTime = 2 s

Courant Number mean: 2.30279e-05 max: 0.232699
Interface Courant Number mean: 3.52107e-12 max: 2.67887e-08
deltaT = 1.78704e-47
Time = 0.0124312

PIMPLE: iteration 1
MULES: Solving for alpha.water
Phase-1 volume fraction = 0.298591  Min(alpha.water) = -8.95433e-30  Max(alpha.water) = 1
Relaxing time: 0.01 s
DILUPBiCG:  Solving for Ux, Initial residual = 6.67209e-05, Final residual = 5.83189e-10, No Iterations 1
DILUPBiCG:  Solving for Uy, Initial residual = 0.00148281, Final residual = 3.95833e-14, No Iterations 2
DICPCG:  Solving for p_rgh, Initial residual = 0.991423, Final residual = 0.000428286, No Iterations 1
DICPCG:  Solving for p_rgh, Initial residual = 0.988525, Final residual = 0.000389001, No Iterations 1
time step continuity errors : sum local = 5.37462e-08, global = -2.21872e-09, cumulative = -1.64101e-06
DICPCG:  Solving for p_rgh, Initial residual = 0.991965, Final residual = 0.000387942, No Iterations 1
DICPCG:  Solving for p_rgh, Initial residual = 0.992704, Final residual = 0.000391671, No Iterations 1
time step continuity errors : sum local = 1.16494e-07, global = -6.79352e-09, cumulative = -1.64781e-06
DICPCG:  Solving for p_rgh, Initial residual = 0.992723, Final residual = 0.000391895, No Iterations 1
DICPCG:  Solving for p_rgh, Initial residual = 0.992935, Final residual = 0.000392627, No Iterations 1
time step continuity errors : sum local = 2.51831e-07, global = -1.54019e-08, cumulative = -1.66321e-06
DICPCG:  Solving for p_rgh, Initial residual = 0.992923, Final residual = 0.00039262, No Iterations 1
DICPCG:  Solving for p_rgh, Initial residual = 0.99302, Final residual = 4.73096e-08, No Iterations 17
time step continuity errors : sum local = 6.54425e-11, global = -1.69895e-11, cumulative = -1.66323e-06
DILUPBiCGStab:  Solving for omega, Initial residual = 0.999998, Final residual = 1.63932e-11, No Iterations 1
bounding omega, min: -3.28502e+48 max: 2.54177e+54 average: 2.31873e+50
DILUPBiCGStab:  Solving for Rxx, Initial residual = 0.00163328, Final residual = 1.26064e-12, No Iterations 1
DILUPBiCGStab:  Solving for Rxy, Initial residual = 0.00163326, Final residual = 1.2608e-12, No Iterations 1
DILUPBiCGStab:  Solving for Ryy, Initial residual = 0.00159912, Final residual = 1.23445e-12, No Iterations 1
DILUPBiCGStab:  Solving for Rzz, Initial residual = 0.00163328, Final residual = 1.26063e-12, No Iterations 1
ExecutionTime = 1.57 s  ClockTime = 2 s

Courant Number mean: 2.30312e-05 max: 0.232737
Interface Courant Number mean: 3.52145e-12 max: 2.67921e-08
deltaT = 3.83917e-48
Time = 0.0124312

PIMPLE: iteration 1
MULES: Solving for alpha.water
Phase-1 volume fraction = 0.298591  Min(alpha.water) = -8.95433e-30  Max(alpha.water) = 1
Relaxing time: 0.01 s
DILUPBiCG:  Solving for Ux, Initial residual = 6.67144e-05, Final residual = 5.83165e-10, No Iterations 1
DILUPBiCG:  Solving for Uy, Initial residual = 0.00148264, Final residual = 3.95827e-14, No Iterations 2
DICPCG:  Solving for p_rgh, Initial residual = 0.991409, Final residual = 0.000428253, No Iterations 1
DICPCG:  Solving for p_rgh, Initial residual = 0.988521, Final residual = 0.000388981, No Iterations 1
time step continuity errors : sum local = 5.37357e-08, global = -2.21837e-09, cumulative = -1.66545e-06
DICPCG:  Solving for p_rgh, Initial residual = 0.991964, Final residual = 0.000387926, No Iterations 1
DICPCG:  Solving for p_rgh, Initial residual = 0.992697, Final residual = 0.000391655, No Iterations 1
time step continuity errors : sum local = 1.16473e-07, global = -6.79248e-09, cumulative = -1.67224e-06
DICPCG:  Solving for p_rgh, Initial residual = 0.992719, Final residual = 0.000391881, No Iterations 1
DICPCG:  Solving for p_rgh, Initial residual = 0.992933, Final residual = 0.000392614, No Iterations 1
time step continuity errors : sum local = 2.51786e-07, global = -1.53996e-08, cumulative = -1.68764e-06
DICPCG:  Solving for p_rgh, Initial residual = 0.992922, Final residual = 0.000392607, No Iterations 1
DICPCG:  Solving for p_rgh, Initial residual = 0.993019, Final residual = 4.73084e-08, No Iterations 17
time step continuity errors : sum local = 6.54312e-11, global = -1.69891e-11, cumulative = -1.68765e-06
DILUPBiCGStab:  Solving for omega, Initial residual = 0.98464, Final residual = 4.50414e-17, No Iterations 1
bounding omega, min: -3.27967e+44 max: 3.29604e+54 average: 3.01075e+50
DILUPBiCGStab:  Solving for Rxx, Initial residual = 0.0020371, Final residual = 7.87486e-13, No Iterations 1
DILUPBiCGStab:  Solving for Rxy, Initial residual = 0.00203708, Final residual = 7.87587e-13, No Iterations 1
DILUPBiCGStab:  Solving for Ryy, Initial residual = 0.0019945, Final residual = 7.71218e-13, No Iterations 1
DILUPBiCGStab:  Solving for Rzz, Initial residual = 0.00203711, Final residual = 7.87478e-13, No Iterations 1
ExecutionTime = 1.6 s  ClockTime = 2 s

Courant Number mean: 2.30287e-05 max: 0.232709
Interface Courant Number mean: 3.52111e-12 max: 2.67892e-08
deltaT = 8.24888e-49
Time = 0.0124312

PIMPLE: iteration 1
MULES: Solving for alpha.water
Phase-1 volume fraction = 0.298591  Min(alpha.water) = -8.95433e-30  Max(alpha.water) = 1
Relaxing time: 0.01 s
DILUPBiCG:  Solving for Ux, Initial residual = 6.67185e-05, Final residual = 5.83179e-10, No Iterations 1
DILUPBiCG:  Solving for Uy, Initial residual = 0.00148273, Final residual = 3.95832e-14, No Iterations 2
DICPCG:  Solving for p_rgh, Initial residual = 0.991424, Final residual = 0.000428303, No Iterations 1
DICPCG:  Solving for p_rgh, Initial residual = 0.988536, Final residual = 0.00038897, No Iterations 1
time step continuity errors : sum local = 5.37386e-08, global = -2.21942e-09, cumulative = -1.68987e-06
DICPCG:  Solving for p_rgh, Initial residual = 0.991959, Final residual = 0.000387903, No Iterations 1
DICPCG:  Solving for p_rgh, Initial residual = 0.992703, Final residual = 0.000391644, No Iterations 1
time step continuity errors : sum local = 1.1648e-07, global = -6.79195e-09, cumulative = -1.69667e-06
DICPCG:  Solving for p_rgh, Initial residual = 0.992722, Final residual = 0.000391866, No Iterations 1
DICPCG:  Solving for p_rgh, Initial residual = 0.992936, Final residual = 0.0003926, No Iterations 1
time step continuity errors : sum local = 2.51801e-07, global = -1.53996e-08, cumulative = -1.71207e-06
DICPCG:  Solving for p_rgh, Initial residual = 0.992923, Final residual = 0.000392592, No Iterations 1
DICPCG:  Solving for p_rgh, Initial residual = 0.99302, Final residual = 4.73065e-08, No Iterations 17
time step continuity errors : sum local = 6.54352e-11, global = -1.69934e-11, cumulative = -1.71208e-06
DILUPBiCGStab:  Solving for omega, Initial residual = 0.95469, Final residual = 3.58119e-17, No Iterations 1
bounding omega, min: -1.16319e+42 max: 8.31081e+55 average: 7.58536e+51
DILUPBiCGStab:  Solving for Rxx, Initial residual = 0.00174319, Final residual = 2.54809e-12, No Iterations 1
DILUPBiCGStab:  Solving for Rxy, Initial residual = 0.00174317, Final residual = 2.54844e-12, No Iterations 1
DILUPBiCGStab:  Solving for Ryy, Initial residual = 0.00170671, Final residual = 2.49545e-12, No Iterations 1
DILUPBiCGStab:  Solving for Rzz, Initial residual = 0.00174319, Final residual = 2.54807e-12, No Iterations 1
ExecutionTime = 1.62 s  ClockTime = 2 s

Courant Number mean: 2.30313e-05 max: 0.232744
Interface Courant Number mean: 3.52156e-12 max: 2.67928e-08
deltaT = 1.7721e-49
Time = 0.0124312

PIMPLE: iteration 1
MULES: Solving for alpha.water
Phase-1 volume fraction = 0.298591  Min(alpha.water) = -8.95433e-30  Max(alpha.water) = 1
Relaxing time: 0.01 s
DILUPBiCG:  Solving for Ux, Initial residual = 6.67116e-05, Final residual = 5.83061e-10, No Iterations 1
DILUPBiCG:  Solving for Uy, Initial residual = 0.00148264, Final residual = 3.95715e-14, No Iterations 2
DICPCG:  Solving for p_rgh, Initial residual = 0.991413, Final residual = 0.000428354, No Iterations 1
DICPCG:  Solving for p_rgh, Initial residual = 0.988531, Final residual = 0.000388999, No Iterations 1
time step continuity errors : sum local = 5.37324e-08, global = -2.21923e-09, cumulative = -1.7143e-06
DICPCG:  Solving for p_rgh, Initial residual = 0.991957, Final residual = 0.00038793, No Iterations 1
DICPCG:  Solving for p_rgh, Initial residual = 0.992697, Final residual = 0.00039167, No Iterations 1
time step continuity errors : sum local = 1.16465e-07, global = -6.79132e-09, cumulative = -1.72109e-06
DICPCG:  Solving for p_rgh, Initial residual = 0.992719, Final residual = 0.000391894, No Iterations 1
DICPCG:  Solving for p_rgh, Initial residual = 0.992934, Final residual = 0.000392628, No Iterations 1
time step continuity errors : sum local = 2.5177e-07, global = -1.53977e-08, cumulative = -1.73649e-06
DICPCG:  Solving for p_rgh, Initial residual = 0.992922, Final residual = 0.000392621, No Iterations 1
DICPCG:  Solving for p_rgh, Initial residual = 0.99302, Final residual = 4.73061e-08, No Iterations 17
time step continuity errors : sum local = 6.54216e-11, global = -1.69876e-11, cumulative = -1.73651e-06
DILUPBiCGStab:  Solving for omega, Initial residual = 0.988726, Final residual = 5.29378e-17, No Iterations 1
bounding omega, min: -4.99547e+39 max: 6.58497e+56 average: 6.01761e+52
DILUPBiCGStab:  Solving for Rxx, Initial residual = 0.00155071, Final residual = 2.3119e-12, No Iterations 1
DILUPBiCGStab:  Solving for Rxy, Initial residual = 0.0015507, Final residual = 2.31221e-12, No Iterations 1
DILUPBiCGStab:  Solving for Ryy, Initial residual = 0.00151826, Final residual = 2.26413e-12, No Iterations 1
DILUPBiCGStab:  Solving for Rzz, Initial residual = 0.00155071, Final residual = 2.31188e-12, No Iterations 1
ExecutionTime = 1.64 s  ClockTime = 2 s

Courant Number mean: 2.30272e-05 max: 0.2327
Interface Courant Number mean: 3.52098e-12 max: 2.6789e-08
deltaT = 3.80769e-50
Time = 0.0124312

PIMPLE: iteration 1
MULES: Solving for alpha.water
Phase-1 volume fraction = 0.298591  Min(alpha.water) = -1.0328e-29  Max(alpha.water) = 1
Relaxing time: 0.01 s
DILUPBiCG:  Solving for Ux, Initial residual = 6.67226e-05, Final residual = 5.83195e-10, No Iterations 1
DILUPBiCG:  Solving for Uy, Initial residual = 0.0014829, Final residual = 3.95838e-14, No Iterations 2
DICPCG:  Solving for p_rgh, Initial residual = 0.99141, Final residual = 0.000428268, No Iterations 1
DICPCG:  Solving for p_rgh, Initial residual = 0.988526, Final residual = 0.000388981, No Iterations 1
time step continuity errors : sum local = 5.37395e-08, global = -2.21883e-09, cumulative = -1.73873e-06
DICPCG:  Solving for p_rgh, Initial residual = 0.991965, Final residual = 0.000387927, No Iterations 1
DICPCG:  Solving for p_rgh, Initial residual = 0.992702, Final residual = 0.000391656, No Iterations 1
time step continuity errors : sum local = 1.16481e-07, global = -6.79256e-09, cumulative = -1.74552e-06
DICPCG:  Solving for p_rgh, Initial residual = 0.992721, Final residual = 0.00039188, No Iterations 1
DICPCG:  Solving for p_rgh, Initial residual = 0.992934, Final residual = 0.000392613, No Iterations 1
time step continuity errors : sum local = 2.51804e-07, global = -1.53999e-08, cumulative = -1.76092e-06
DICPCG:  Solving for p_rgh, Initial residual = 0.992922, Final residual = 0.000392606, No Iterations 1
DICPCG:  Solving for p_rgh, Initial residual = 0.99302, Final residual = 4.73073e-08, No Iterations 17
time step continuity errors : sum local = 6.54347e-11, global = -1.69886e-11, cumulative = -1.76094e-06
DILUPBiCGStab:  Solving for omega, Initial residual = 0.994742, Final residual = 8.8804e-19, No Iterations 1
bounding omega, min: -8.28426e+49 max: 4.22419e+57 average: 3.8566e+53
DILUPBiCGStab:  Solving for Rxx, Initial residual = 0.00103744, Final residual = 3.86961e-13, No Iterations 1
DILUPBiCGStab:  Solving for Rxy, Initial residual = 0.00103742, Final residual = 3.87012e-13, No Iterations 1
DILUPBiCGStab:  Solving for Ryy, Initial residual = 0.00101571, Final residual = 3.7896e-13, No Iterations 1
DILUPBiCGStab:  Solving for Rzz, Initial residual = 0.00103744, Final residual = 3.86957e-13, No Iterations 1
ExecutionTime = 1.66 s  ClockTime = 2 s

Courant Number mean: 2.30292e-05 max: 0.232714
Interface Courant Number mean: 3.52123e-12 max: 2.67904e-08
deltaT = 8.18106e-51
Time = 0.0124312

PIMPLE: iteration 1
MULES: Solving for alpha.water
Phase-1 volume fraction = 0.298591  Min(alpha.water) = -8.95433e-30  Max(alpha.water) = 1
Relaxing time: 0.01 s
DILUPBiCG:  Solving for Ux, Initial residual = 6.67216e-05, Final residual = 5.83239e-10, No Iterations 1
DILUPBiCG:  Solving for Uy, Initial residual = 0.00148287, Final residual = 3.95917e-14, No Iterations 2
DICPCG:  Solving for p_rgh, Initial residual = 0.991415, Final residual = 0.000428221, No Iterations 1
DICPCG:  Solving for p_rgh, Initial residual = 0.988521, Final residual = 0.00038894, No Iterations 1
time step continuity errors : sum local = 5.37372e-08, global = -2.21842e-09, cumulative = -1.76315e-06
DICPCG:  Solving for p_rgh, Initial residual = 0.991966, Final residual = 0.000387885, No Iterations 1
DICPCG:  Solving for p_rgh, Initial residual = 0.992699, Final residual = 0.000391615, No Iterations 1
time step continuity errors : sum local = 1.16476e-07, global = -6.79251e-09, cumulative = -1.76995e-06
DICPCG:  Solving for p_rgh, Initial residual = 0.99272, Final residual = 0.000391839, No Iterations 1
DICPCG:  Solving for p_rgh, Initial residual = 0.992933, Final residual = 0.000392573, No Iterations 1
time step continuity errors : sum local = 2.51793e-07, global = -1.53996e-08, cumulative = -1.78535e-06
DICPCG:  Solving for p_rgh, Initial residual = 0.992922, Final residual = 0.000392565, No Iterations 1
DICPCG:  Solving for p_rgh, Initial residual = 0.993019, Final residual = 4.73066e-08, No Iterations 17
time step continuity errors : sum local = 6.54374e-11, global = -1.69929e-11, cumulative = -1.78536e-06
DILUPBiCGStab:  Solving for omega, Initial residual = 0.994913, Final residual = 2.36935e-16, No Iterations 1
bounding omega, min: -2.00192e+47 max: 4.22666e+59 average: 3.8568e+55
DILUPBiCGStab:  Solving for Rxx, Initial residual = 0.000178676, Final residual = 2.66528e-13, No Iterations 1
DILUPBiCGStab:  Solving for Rxy, Initial residual = 0.000178674, Final residual = 2.66563e-13, No Iterations 1
DILUPBiCGStab:  Solving for Ryy, Initial residual = 0.000174929, Final residual = 2.60982e-13, No Iterations 1
DILUPBiCGStab:  Solving for Rzz, Initial residual = 0.000178676, Final residual = 2.66525e-13, No Iterations 1
ExecutionTime = 1.68 s  ClockTime = 2 s

Courant Number mean: 2.30306e-05 max: 0.23273
Interface Courant Number mean: 3.5215e-12 max: 2.67919e-08
deltaT = 1.75763e-51
Time = 0.0124312

PIMPLE: iteration 1
MULES: Solving for alpha.water
Phase-1 volume fraction = 0.298591  Min(alpha.water) = -1.49998e-29  Max(alpha.water) = 1
Relaxing time: 0.01 s
DILUPBiCG:  Solving for Ux, Initial residual = 6.67147e-05, Final residual = 5.83139e-10, No Iterations 1
DILUPBiCG:  Solving for Uy, Initial residual = 0.00148264, Final residual = 3.95787e-14, No Iterations 2
DICPCG:  Solving for p_rgh, Initial residual = 0.991418, Final residual = 0.000428346, No Iterations 1
DICPCG:  Solving for p_rgh, Initial residual = 0.98853, Final residual = 0.00038901, No Iterations 1
time step continuity errors : sum local = 5.3742e-08, global = -2.2193e-09, cumulative = -1.78758e-06
DICPCG:  Solving for p_rgh, Initial residual = 0.991958, Final residual = 0.000387941, No Iterations 1
DICPCG:  Solving for p_rgh, Initial residual = 0.992699, Final residual = 0.000391681, No Iterations 1
time step continuity errors : sum local = 1.16486e-07, global = -6.79226e-09, cumulative = -1.79437e-06
DICPCG:  Solving for p_rgh, Initial residual = 0.99272, Final residual = 0.000391905, No Iterations 1
DICPCG:  Solving for p_rgh, Initial residual = 0.992935, Final residual = 0.000392638, No Iterations 1
time step continuity errors : sum local = 2.51814e-07, global = -1.54e-08, cumulative = -1.80977e-06
DICPCG:  Solving for p_rgh, Initial residual = 0.992922, Final residual = 0.000392632, No Iterations 1
DICPCG:  Solving for p_rgh, Initial residual = 0.99302, Final residual = 4.73069e-08, No Iterations 17
time step continuity errors : sum local = 6.54324e-11, global = -1.69885e-11, cumulative = -1.80979e-06
DILUPBiCGStab:  Solving for omega, Initial residual = 0.999822, Final residual = 1.3948e-21, No Iterations 1
bounding omega, min: -6.52615e+40 max: 6.62397e+58 average: 6.07066e+54
DILUPBiCGStab:  Solving for Rxx, Initial residual = 0.00155521, Final residual = 2.32828e-12, No Iterations 1
DILUPBiCGStab:  Solving for Rxy, Initial residual = 0.0015552, Final residual = 2.32859e-12, No Iterations 1
DILUPBiCGStab:  Solving for Ryy, Initial residual = 0.00152265, Final residual = 2.27992e-12, No Iterations 1
DILUPBiCGStab:  Solving for Rzz, Initial residual = 0.00155521, Final residual = 2.32826e-12, No Iterations 1
ExecutionTime = 1.7 s  ClockTime = 2 s

Courant Number mean: 2.30301e-05 max: 0.232727
Interface Courant Number mean: 3.52136e-12 max: 2.6792e-08
deltaT = 3.77616e-52
Time = 0.0124312

PIMPLE: iteration 1
MULES: Solving for alpha.water
Phase-1 volume fraction = 0.298591  Min(alpha.water) = -1.01239e-29  Max(alpha.water) = 1
Relaxing time: 0.01 s
DILUPBiCG:  Solving for Ux, Initial residual = 6.67171e-05, Final residual = 5.83177e-10, No Iterations 1
DILUPBiCG:  Solving for Uy, Initial residual = 0.00148274, Final residual = 3.95835e-14, No Iterations 2
DICPCG:  Solving for p_rgh, Initial residual = 0.991426, Final residual = 0.000428272, No Iterations 1
DICPCG:  Solving for p_rgh, Initial residual = 0.988527, Final residual = 0.000388981, No Iterations 1
time step continuity errors : sum local = 5.37348e-08, global = -2.21845e-09, cumulative = -1.81201e-06
DICPCG:  Solving for p_rgh, Initial residual = 0.991965, Final residual = 0.000387926, No Iterations 1
DICPCG:  Solving for p_rgh, Initial residual = 0.992706, Final residual = 0.000391656, No Iterations 1
time step continuity errors : sum local = 1.1647e-07, global = -6.79224e-09, cumulative = -1.8188e-06
DICPCG:  Solving for p_rgh, Initial residual = 0.992725, Final residual = 0.00039188, No Iterations 1
DICPCG:  Solving for p_rgh, Initial residual = 0.992936, Final residual = 0.000392612, No Iterations 1
time step continuity errors : sum local = 2.51782e-07, global = -1.53989e-08, cumulative = -1.8342e-06
DICPCG:  Solving for p_rgh, Initial residual = 0.992923, Final residual = 0.000392605, No Iterations 1
DICPCG:  Solving for p_rgh, Initial residual = 0.99302, Final residual = 4.73088e-08, No Iterations 17
time step continuity errors : sum local = 6.5431e-11, global = -1.6988e-11, cumulative = -1.83422e-06
DILUPBiCGStab:  Solving for omega, Initial residual = 0.899073, Final residual = 2.26424e-14, No Iterations 1
bounding omega, min: -7.6048e+55 max: 4.45902e+62 average: 4.06786e+58
DILUPBiCGStab:  Solving for Rxx, Initial residual = 4.0091e-06, Final residual = 3.09686e-15, No Iterations 1
DILUPBiCGStab:  Solving for Rxy, Initial residual = 4.00906e-06, Final residual = 3.09726e-15, No Iterations 1
DILUPBiCGStab:  Solving for Ryy, Initial residual = 3.92501e-06, Final residual = 3.03232e-15, No Iterations 1
DILUPBiCGStab:  Solving for Rzz, Initial residual = 4.0091e-06, Final residual = 3.09683e-15, No Iterations 1
ExecutionTime = 1.72 s  ClockTime = 2 s

Courant Number mean: 2.30279e-05 max: 0.232703
Interface Courant Number mean: 3.52101e-12 max: 2.67886e-08
deltaT = 8.11368e-53
Time = 0.0124312

PIMPLE: iteration 1
MULES: Solving for alpha.water
Phase-1 volume fraction = 0.298591  Min(alpha.water) = -8.95433e-30  Max(alpha.water) = 1
Relaxing time: 0.01 s
DILUPBiCG:  Solving for Ux, Initial residual = 6.67232e-05, Final residual = 5.83224e-10, No Iterations 1
DILUPBiCG:  Solving for Uy, Initial residual = 0.00148286, Final residual = 3.95878e-14, No Iterations 2
DICPCG:  Solving for p_rgh, Initial residual = 0.991411, Final residual = 0.000428224, No Iterations 1
DICPCG:  Solving for p_rgh, Initial residual = 0.98852, Final residual = 0.000388942, No Iterations 1
time step continuity errors : sum local = 5.37375e-08, global = -2.21839e-09, cumulative = -1.83644e-06
DICPCG:  Solving for p_rgh, Initial residual = 0.991965, Final residual = 0.000387887, No Iterations 1
DICPCG:  Solving for p_rgh, Initial residual = 0.992699, Final residual = 0.000391617, No Iterations 1
time step continuity errors : sum local = 1.16476e-07, global = -6.79245e-09, cumulative = -1.84323e-06
DICPCG:  Solving for p_rgh, Initial residual = 0.99272, Final residual = 0.000391841, No Iterations 1
DICPCG:  Solving for p_rgh, Initial residual = 0.992933, Final residual = 0.000392575, No Iterations 1
time step continuity errors : sum local = 2.51794e-07, global = -1.53994e-08, cumulative = -1.85863e-06
DICPCG:  Solving for p_rgh, Initial residual = 0.992921, Final residual = 0.000392567, No Iterations 1
DICPCG:  Solving for p_rgh, Initial residual = 0.993019, Final residual = 4.73046e-08, No Iterations 17
time step continuity errors : sum local = 6.54347e-11, global = -1.69918e-11, cumulative = -1.85865e-06
DILUPBiCGStab:  Solving for omega, Initial residual = 0.999996, Final residual = 9.38155e-25, No Iterations 1
bounding omega, min: -8.59793e+51 max: 4.40231e+59 average: 4.18648e+55
DILUPBiCGStab:  Solving for Rxx, Initial residual = 0.00172213, Final residual = 1.28845e-12, No Iterations 1
DILUPBiCGStab:  Solving for Rxy, Initial residual = 0.00172212, Final residual = 1.28862e-12, No Iterations 1
DILUPBiCGStab:  Solving for Ryy, Initial residual = 0.00168605, Final residual = 1.26164e-12, No Iterations 1
DILUPBiCGStab:  Solving for Rzz, Initial residual = 0.00172214, Final residual = 1.28843e-12, No Iterations 1
ExecutionTime = 1.74 s  ClockTime = 2 s

Courant Number mean: 2.30302e-05 max: 0.232721
Interface Courant Number mean: 3.52146e-12 max: 2.67917e-08
deltaT = 1.74322e-53
Time = 0.0124312

PIMPLE: iteration 1
MULES: Solving for alpha.water
Phase-1 volume fraction = 0.298591  Min(alpha.water) = -8.95433e-30  Max(alpha.water) = 1
Relaxing time: 0.01 s
DILUPBiCG:  Solving for Ux, Initial residual = 6.67173e-05, Final residual = 5.832e-10, No Iterations 1
DILUPBiCG:  Solving for Uy, Initial residual = 0.0014827, Final residual = 3.95851e-14, No Iterations 2
DICPCG:  Solving for p_rgh, Initial residual = 0.991422, Final residual = 0.000428344, No Iterations 1
DICPCG:  Solving for p_rgh, Initial residual = 0.988535, Final residual = 0.000389014, No Iterations 1
time step continuity errors : sum local = 5.37461e-08, global = -2.21951e-09, cumulative = -1.86087e-06
DICPCG:  Solving for p_rgh, Initial residual = 0.991957, Final residual = 0.000387945, No Iterations 1
DICPCG:  Solving for p_rgh, Initial residual = 0.992703, Final residual = 0.000391686, No Iterations 1
time step continuity errors : sum local = 1.16495e-07, global = -6.79288e-09, cumulative = -1.86766e-06
DICPCG:  Solving for p_rgh, Initial residual = 0.992723, Final residual = 0.00039191, No Iterations 1
DICPCG:  Solving for p_rgh, Initial residual = 0.992937, Final residual = 0.000392642, No Iterations 1
time step continuity errors : sum local = 2.51834e-07, global = -1.54014e-08, cumulative = -1.88306e-06
DICPCG:  Solving for p_rgh, Initial residual = 0.992923, Final residual = 0.000392636, No Iterations 1
DICPCG:  Solving for p_rgh, Initial residual = 0.99302, Final residual = 4.73069e-08, No Iterations 17
time step continuity errors : sum local = 6.54371e-11, global = -1.69895e-11, cumulative = -1.88308e-06
DILUPBiCGStab:  Solving for omega, Initial residual = 0.948556, Final residual = 1.48198e-13, No Iterations 1
bounding omega, min: -3.10614e+58 max: 2.23123e+65 average: 2.03559e+61
DILUPBiCGStab:  Solving for Rxx, Initial residual = 1.74088e-07, Final residual = 1.34426e-16, No Iterations 1
DILUPBiCGStab:  Solving for Rxy, Initial residual = 1.74086e-07, Final residual = 1.34444e-16, No Iterations 1
DILUPBiCGStab:  Solving for Ryy, Initial residual = 1.70436e-07, Final residual = 1.31624e-16, No Iterations 1
DILUPBiCGStab:  Solving for Rzz, Initial residual = 1.74088e-07, Final residual = 1.34425e-16, No Iterations 1
ExecutionTime = 1.76 s  ClockTime = 2 s

Courant Number mean: 2.30316e-05 max: 0.232746
Interface Courant Number mean: 3.52153e-12 max: 2.67933e-08
deltaT = 3.7449e-54
Time = 0.0124312

PIMPLE: iteration 1
MULES: Solving for alpha.water
Phase-1 volume fraction = 0.298591  Min(alpha.water) = -8.95433e-30  Max(alpha.water) = 1
Relaxing time: 0.01 s
DILUPBiCG:  Solving for Ux, Initial residual = 6.67134e-05, Final residual = 5.83136e-10, No Iterations 1
DILUPBiCG:  Solving for Uy, Initial residual = 0.00148266, Final residual = 3.958e-14, No Iterations 2
DICPCG:  Solving for p_rgh, Initial residual = 0.991411, Final residual = 0.000428273, No Iterations 1
DICPCG:  Solving for p_rgh, Initial residual = 0.988523, Final residual = 0.00038898, No Iterations 1
time step continuity errors : sum local = 5.37304e-08, global = -2.21825e-09, cumulative = -1.88529e-06
DICPCG:  Solving for p_rgh, Initial residual = 0.991965, Final residual = 0.000387926, No Iterations 1
DICPCG:  Solving for p_rgh, Initial residual = 0.992701, Final residual = 0.000391656, No Iterations 1
time step continuity errors : sum local = 1.16461e-07, global = -6.79157e-09, cumulative = -1.89209e-06
DICPCG:  Solving for p_rgh, Initial residual = 0.992721, Final residual = 0.000391881, No Iterations 1
DICPCG:  Solving for p_rgh, Initial residual = 0.992934, Final residual = 0.000392613, No Iterations 1
time step continuity errors : sum local = 2.51761e-07, global = -1.53975e-08, cumulative = -1.90748e-06
DICPCG:  Solving for p_rgh, Initial residual = 0.992922, Final residual = 0.000392606, No Iterations 1
DICPCG:  Solving for p_rgh, Initial residual = 0.993019, Final residual = 4.73077e-08, No Iterations 17
time step continuity errors : sum local = 6.54239e-11, global = -1.69861e-11, cumulative = -1.9075e-06
DILUPBiCGStab:  Solving for omega, Initial residual = 1, Final residual = 5.57192e-23, No Iterations 1
bounding omega, min: -3.82719e+43 max: 4.59244e+59 average: 5.66922e+55
DILUPBiCGStab:  Solving for Rxx, Initial residual = 0.00211792, Final residual = 3.15283e-12, No Iterations 1
DILUPBiCGStab:  Solving for Rxy, Initial residual = 0.00211789, Final residual = 3.15326e-12, No Iterations 1
DILUPBiCGStab:  Solving for Ryy, Initial residual = 0.00207356, Final residual = 3.08763e-12, No Iterations 1
DILUPBiCGStab:  Solving for Rzz, Initial residual = 0.00211792, Final residual = 3.1528e-12, No Iterations 1
ExecutionTime = 1.78 s  ClockTime = 2 s

Courant Number mean: 2.30261e-05 max: 0.232681
Interface Courant Number mean: 3.52078e-12 max: 2.67869e-08
deltaT = 8.0473e-55
Time = 0.0124312

PIMPLE: iteration 1
MULES: Solving for alpha.water
Phase-1 volume fraction = 0.298591  Min(alpha.water) = -8.95433e-30  Max(alpha.water) = 1
Relaxing time: 0.01 s
DILUPBiCG:  Solving for Ux, Initial residual = 6.67282e-05, Final residual = 5.83296e-10, No Iterations 1
DILUPBiCG:  Solving for Uy, Initial residual = 0.00148297, Final residual = 3.95944e-14, No Iterations 2
DICPCG:  Solving for p_rgh, Initial residual = 0.991414, Final residual = 0.000428274, No Iterations 1
DICPCG:  Solving for p_rgh, Initial residual = 0.988531, Final residual = 0.000388956, No Iterations 1
time step continuity errors : sum local = 5.37448e-08, global = -2.21952e-09, cumulative = -1.90972e-06
DICPCG:  Solving for p_rgh, Initial residual = 0.991957, Final residual = 0.000387887, No Iterations 1
DICPCG:  Solving for p_rgh, Initial residual = 0.992699, Final residual = 0.000391631, No Iterations 1
time step continuity errors : sum local = 1.16493e-07, global = -6.79284e-09, cumulative = -1.91651e-06
DICPCG:  Solving for p_rgh, Initial residual = 0.99272, Final residual = 0.000391854, No Iterations 1
DICPCG:  Solving for p_rgh, Initial residual = 0.992935, Final residual = 0.000392588, No Iterations 1
time step continuity errors : sum local = 2.51831e-07, global = -1.54013e-08, cumulative = -1.93191e-06
DICPCG:  Solving for p_rgh, Initial residual = 0.992922, Final residual = 0.00039258, No Iterations 1
DICPCG:  Solving for p_rgh, Initial residual = 0.99302, Final residual = 4.73052e-08, No Iterations 17
time step continuity errors : sum local = 6.54427e-11, global = -1.69959e-11, cumulative = -1.93193e-06
DILUPBiCGStab:  Solving for omega, Initial residual = 0.999997, Final residual = 7.10254e-14, No Iterations 1
bounding omega, min: -1.72643e+61 max: 1.14191e+68 average: 1.0516e+64
DILUPBiCGStab:  Solving for Rxx, Initial residual = 7.23437e-09, Final residual = 7.23437e-09, No Iterations 0
DILUPBiCGStab:  Solving for Rxy, Initial residual = 7.2343e-09, Final residual = 7.2343e-09, No Iterations 0
DILUPBiCGStab:  Solving for Ryy, Initial residual = 7.08258e-09, Final residual = 7.08258e-09, No Iterations 0
DILUPBiCGStab:  Solving for Rzz, Initial residual = 7.23438e-09, Final residual = 7.23438e-09, No Iterations 0
ExecutionTime = 1.8 s  ClockTime = 2 s

Courant Number mean: 2.30339e-05 max: 0.232773
Interface Courant Number mean: 3.52186e-12 max: 2.67951e-08
deltaT = 1.72857e-55
Time = 0.0124312

PIMPLE: iteration 1
MULES: Solving for alpha.water
Phase-1 volume fraction = 0.298591  Min(alpha.water) = -8.95433e-30  Max(alpha.water) = 1
Relaxing time: 0.01 s
DILUPBiCG:  Solving for Ux, Initial residual = 6.67056e-05, Final residual = 5.82998e-10, No Iterations 1
DILUPBiCG:  Solving for Uy, Initial residual = 0.00148248, Final residual = 3.9566e-14, No Iterations 2
DICPCG:  Solving for p_rgh, Initial residual = 0.991415, Final residual = 0.000428375, No Iterations 1
DICPCG:  Solving for p_rgh, Initial residual = 0.988533, Final residual = 0.000389009, No Iterations 1
time step continuity errors : sum local = 5.3728e-08, global = -2.2189e-09, cumulative = -1.93415e-06
DICPCG:  Solving for p_rgh, Initial residual = 0.991958, Final residual = 0.000387939, No Iterations 1
DICPCG:  Solving for p_rgh, Initial residual = 0.9927, Final residual = 0.000391678, No Iterations 1
time step continuity errors : sum local = 1.16455e-07, global = -6.79048e-09, cumulative = -1.94094e-06
DICPCG:  Solving for p_rgh, Initial residual = 0.99272, Final residual = 0.000391901, No Iterations 1
DICPCG:  Solving for p_rgh, Initial residual = 0.992935, Final residual = 0.000392634, No Iterations 1
time step continuity errors : sum local = 2.51747e-07, global = -1.53959e-08, cumulative = -1.95634e-06
DICPCG:  Solving for p_rgh, Initial residual = 0.992922, Final residual = 0.000392628, No Iterations 1
DICPCG:  Solving for p_rgh, Initial residual = 0.99302, Final residual = 4.73069e-08, No Iterations 17
time step continuity errors : sum local = 6.54158e-11, global = -1.69845e-11, cumulative = -1.95635e-06
DILUPBiCGStab:  Solving for omega, Initial residual = 0.8678, Final residual = 4.44612e-28, No Iterations 1
bounding omega, min: -4.35913e+47 max: 1.61331e+69 average: 1.47634e+65
DILUPBiCGStab:  Solving for Rxx, Initial residual = 2.42709e-09, Final residual = 2.42709e-09, No Iterations 0
DILUPBiCGStab:  Solving for Rxy, Initial residual = 2.42707e-09, Final residual = 2.42707e-09, No Iterations 0
DILUPBiCGStab:  Solving for Ryy, Initial residual = 2.37616e-09, Final residual = 2.37616e-09, No Iterations 0
DILUPBiCGStab:  Solving for Rzz, Initial residual = 2.4271e-09, Final residual = 2.4271e-09, No Iterations 0
ExecutionTime = 1.82 s  ClockTime = 2 s

Courant Number mean: 2.30248e-05 max: 0.232675
Interface Courant Number mean: 3.52068e-12 max: 2.67869e-08
deltaT = 3.71457e-56
Time = 0.0124312

PIMPLE: iteration 1
MULES: Solving for alpha.water
Phase-1 volume fraction = 0.298591  Min(alpha.water) = -9.42166e-30  Max(alpha.water) = 1
Relaxing time: 0.01 s
DILUPBiCG:  Solving for Ux, Initial residual = 6.67307e-05, Final residual = 5.83289e-10, No Iterations 1
DILUPBiCG:  Solving for Uy, Initial residual = 0.00148308, Final residual = 3.95918e-14, No Iterations 2
DICPCG:  Solving for p_rgh, Initial residual = 0.991416, Final residual = 0.000428247, No Iterations 1
DICPCG:  Solving for p_rgh, Initial residual = 0.988525, Final residual = 0.000388969, No Iterations 1
time step continuity errors : sum local = 5.37437e-08, global = -2.21902e-09, cumulative = -1.95857e-06
DICPCG:  Solving for p_rgh, Initial residual = 0.991964, Final residual = 0.000387915, No Iterations 1
DICPCG:  Solving for p_rgh, Initial residual = 0.992701, Final residual = 0.000391646, No Iterations 1
time step continuity errors : sum local = 1.16491e-07, global = -6.79313e-09, cumulative = -1.96537e-06
DICPCG:  Solving for p_rgh, Initial residual = 0.992721, Final residual = 0.00039187, No Iterations 1
DICPCG:  Solving for p_rgh, Initial residual = 0.992935, Final residual = 0.000392603, No Iterations 1
time step continuity errors : sum local = 2.51825e-07, global = -1.54012e-08, cumulative = -1.98077e-06
DICPCG:  Solving for p_rgh, Initial residual = 0.992922, Final residual = 0.000392595, No Iterations 1
DICPCG:  Solving for p_rgh, Initial residual = 0.99302, Final residual = 4.73067e-08, No Iterations 17
time step continuity errors : sum local = 6.5441e-11, global = -1.69909e-11, cumulative = -1.98078e-06
DILUPBiCGStab:  Solving for omega, Initial residual = 0.646342, Final residual = 7.96816e-22, No Iterations 1
bounding omega, min: -3.87513e+59 max: 7.50974e+69 average: 6.87214e+65
DILUPBiCGStab:  Solving for Rxx, Initial residual = 1.09564e-08, Final residual = 1.09564e-08, No Iterations 0
DILUPBiCGStab:  Solving for Rxy, Initial residual = 1.09564e-08, Final residual = 1.09564e-08, No Iterations 0
DILUPBiCGStab:  Solving for Ryy, Initial residual = 1.07269e-08, Final residual = 1.07269e-08, No Iterations 0
DILUPBiCGStab:  Solving for Rzz, Initial residual = 1.09564e-08, Final residual = 1.09564e-08, No Iterations 0
ExecutionTime = 1.85 s  ClockTime = 2 s

Courant Number mean: 2.30313e-05 max: 0.232737
Interface Courant Number mean: 3.52149e-12 max: 2.67923e-08
deltaT = 7.98019e-57
Time = 0.0124312

PIMPLE: iteration 1
MULES: Solving for alpha.water
Phase-1 volume fraction = 0.298591  Min(alpha.water) = -1.08844e-29  Max(alpha.water) = 1
Relaxing time: 0.01 s
DILUPBiCG:  Solving for Ux, Initial residual = 6.67171e-05, Final residual = 5.83184e-10, No Iterations 1
DILUPBiCG:  Solving for Uy, Initial residual = 0.00148276, Final residual = 3.95866e-14, No Iterations 2
DICPCG:  Solving for p_rgh, Initial residual = 0.991406, Final residual = 0.000428266, No Iterations 1
DICPCG:  Solving for p_rgh, Initial residual = 0.988522, Final residual = 0.000388946, No Iterations 1
time step continuity errors : sum local = 5.3733e-08, global = -2.2189e-09, cumulative = -1.983e-06
DICPCG:  Solving for p_rgh, Initial residual = 0.991961, Final residual = 0.000387883, No Iterations 1
DICPCG:  Solving for p_rgh, Initial residual = 0.992693, Final residual = 0.000391622, No Iterations 1
time step continuity errors : sum local = 1.16468e-07, global = -6.79156e-09, cumulative = -1.98979e-06
DICPCG:  Solving for p_rgh, Initial residual = 0.992716, Final residual = 0.000391846, No Iterations 1
DICPCG:  Solving for p_rgh, Initial residual = 0.992932, Final residual = 0.000392581, No Iterations 1
time step continuity errors : sum local = 2.51776e-07, global = -1.53981e-08, cumulative = -2.00519e-06
DICPCG:  Solving for p_rgh, Initial residual = 0.99292, Final residual = 0.000392573, No Iterations 1
DICPCG:  Solving for p_rgh, Initial residual = 0.993019, Final residual = 4.7303e-08, No Iterations 17
time step continuity errors : sum local = 6.54266e-11, global = -1.69924e-11, cumulative = -2.00521e-06
DILUPBiCGStab:  Solving for omega, Initial residual = 0.6463, Final residual = 1.47116e-22, No Iterations 1
bounding omega, min: -1.46995e+51 max: 3.49515e+70 average: 3.19841e+66
DILUPBiCGStab:  Solving for Rxx, Initial residual = 4.99005e-08, Final residual = 4.99005e-08, No Iterations 0
DILUPBiCGStab:  Solving for Rxy, Initial residual = 4.99007e-08, Final residual = 4.99007e-08, No Iterations 0
DILUPBiCGStab:  Solving for Ryy, Initial residual = 4.88558e-08, Final residual = 4.88558e-08, No Iterations 0
DILUPBiCGStab:  Solving for Rzz, Initial residual = 4.99006e-08, Final residual = 4.99006e-08, No Iterations 0
ExecutionTime = 1.86 s  ClockTime = 2 s

Courant Number mean: 2.30296e-05 max: 0.23272
Interface Courant Number mean: 3.52141e-12 max: 2.67914e-08
deltaT = 1.71454e-57
Time = 0.0124312

PIMPLE: iteration 1
MULES: Solving for alpha.water
Phase-1 volume fraction = 0.298591  Min(alpha.water) = -8.95433e-30  Max(alpha.water) = 1
Relaxing time: 0 s
DILUPBiCG:  Solving for Ux, Initial residual = 6.6716e-05, Final residual = 5.8313e-10, No Iterations 1
DILUPBiCG:  Solving for Uy, Initial residual = 0.00148271, Final residual = 3.95779e-14, No Iterations 2
DICPCG:  Solving for p_rgh, Initial residual = 0.991425, Final residual = 0.000428307, No Iterations 1
DICPCG:  Solving for p_rgh, Initial residual = 0.988529, Final residual = 0.000389002, No Iterations 1
time step continuity errors : sum local = 5.37402e-08, global = -2.21873e-09, cumulative = -2.00743e-06
DICPCG:  Solving for p_rgh, Initial residual = 0.991966, Final residual = 0.000387946, No Iterations 1
DICPCG:  Solving for p_rgh, Initial residual = 0.992707, Final residual = 0.000391673, No Iterations 1
time step continuity errors : sum local = 1.16481e-07, global = -6.79252e-09, cumulative = -2.01422e-06
DICPCG:  Solving for p_rgh, Initial residual = 0.992725, Final residual = 0.000391896, No Iterations 1
DICPCG:  Solving for p_rgh, Initial residual = 0.992937, Final residual = 0.000392628, No Iterations 1
time step continuity errors : sum local = 2.51804e-07, global = -1.53998e-08, cumulative = -2.02962e-06
DICPCG:  Solving for p_rgh, Initial residual = 0.992923, Final residual = 0.000392621, No Iterations 1
DICPCG:  Solving for p_rgh, Initial residual = 0.99302, Final residual = 4.73092e-08, No Iterations 17
time step continuity errors : sum local = 6.54349e-11, global = -1.6987e-11, cumulative = -2.02964e-06
DILUPBiCGStab:  Solving for omega, Initial residual = 0.646321, Final residual = 8.6928e-22, No Iterations 1
bounding omega, min: -8.39367e+60 max: 1.62682e+71 average: 1.4887e+67
DILUPBiCGStab:  Solving for Rxx, Initial residual = 2.25509e-07, Final residual = 2.13684e-16, No Iterations 1
DILUPBiCGStab:  Solving for Rxy, Initial residual = 2.2551e-07, Final residual = 2.13686e-16, No Iterations 1
DILUPBiCGStab:  Solving for Ryy, Initial residual = 2.20789e-07, Final residual = 2.09211e-16, No Iterations 1
DILUPBiCGStab:  Solving for Rzz, Initial residual = 2.2551e-07, Final residual = 2.13685e-16, No Iterations 1
ExecutionTime = 1.89 s  ClockTime = 2 s

Courant Number mean: 2.30286e-05 max: 0.23271
Interface Courant Number mean: 3.52121e-12 max: 2.67904e-08
deltaT = 3.68387e-58
Time = 0.0124312

PIMPLE: iteration 1
MULES: Solving for alpha.water
Phase-1 volume fraction = 0.298591  Min(alpha.water) = -8.95433e-30  Max(alpha.water) = 1
Relaxing time: 0 s
DILUPBiCG:  Solving for Ux, Initial residual = 6.67229e-05, Final residual = 5.83265e-10, No Iterations 1
DILUPBiCG:  Solving for Uy, Initial residual = 0.00148288, Final residual = 3.95922e-14, No Iterations 2
DICPCG:  Solving for p_rgh, Initial residual = 0.991416, Final residual = 0.000428243, No Iterations 1
DICPCG:  Solving for p_rgh, Initial residual = 0.988526, Final residual = 0.000388978, No Iterations 1
time step continuity errors : sum local = 5.3742e-08, global = -2.21863e-09, cumulative = -2.03186e-06
DICPCG:  Solving for p_rgh, Initial residual = 0.991963, Final residual = 0.000387925, No Iterations 1
DICPCG:  Solving for p_rgh, Initial residual = 0.992703, Final residual = 0.000391655, No Iterations 1
time step continuity errors : sum local = 1.16487e-07, global = -6.7931e-09, cumulative = -2.03865e-06
DICPCG:  Solving for p_rgh, Initial residual = 0.992723, Final residual = 0.00039188, No Iterations 1
DICPCG:  Solving for p_rgh, Initial residual = 0.992935, Final residual = 0.000392612, No Iterations 1
time step continuity errors : sum local = 2.51817e-07, global = -1.54009e-08, cumulative = -2.05405e-06
DICPCG:  Solving for p_rgh, Initial residual = 0.992923, Final residual = 0.000392605, No Iterations 1
DICPCG:  Solving for p_rgh, Initial residual = 0.99302, Final residual = 4.73072e-08, No Iterations 17
time step continuity errors : sum local = 6.5438e-11, global = -1.69897e-11, cumulative = -2.05407e-06
DILUPBiCGStab:  Solving for omega, Initial residual = 1, Final residual = 5.67199e-23, No Iterations 1
bounding omega, min: -3.60324e+47 max: 1.57792e+63 average: 1.43983e+59
DILUPBiCGStab:  Solving for Rxx, Initial residual = 0.475079, Final residual = 3.52456e-10, No Iterations 1
DILUPBiCGStab:  Solving for Rxy, Initial residual = 0.475079, Final residual = 3.52457e-10, No Iterations 1
DILUPBiCGStab:  Solving for Ryy, Initial residual = 0.469791, Final residual = 3.48534e-10, No Iterations 1
DILUPBiCGStab:  Solving for Rzz, Initial residual = 0.475079, Final residual = 3.52456e-10, No Iterations 1
ExecutionTime = 1.91 s  ClockTime = 2 s

Courant Number mean: 2.30306e-05 max: 0.232728
Interface Courant Number mean: 3.52138e-12 max: 2.67915e-08
deltaT = 7.91455e-59
Time = 0.0124312

PIMPLE: iteration 1
MULES: Solving for alpha.water
Phase-1 volume fraction = 0.298591  Min(alpha.water) = -8.95433e-30  Max(alpha.water) = 1
Relaxing time: 0.01 s
DILUPBiCG:  Solving for Ux, Initial residual = 6.67172e-05, Final residual = 5.83194e-10, No Iterations 1
DILUPBiCG:  Solving for Uy, Initial residual = 0.0014827, Final residual = 3.95867e-14, No Iterations 2
DICPCG:  Solving for p_rgh, Initial residual = 0.991416, Final residual = 0.000428279, No Iterations 1
DICPCG:  Solving for p_rgh, Initial residual = 0.988532, Final residual = 0.000388944, No Iterations 1
time step continuity errors : sum local = 5.37335e-08, global = -2.21904e-09, cumulative = -2.05629e-06
DICPCG:  Solving for p_rgh, Initial residual = 0.991959, Final residual = 0.000387877, No Iterations 1
DICPCG:  Solving for p_rgh, Initial residual = 0.992702, Final residual = 0.00039162, No Iterations 1
time step continuity errors : sum local = 1.16469e-07, global = -6.79137e-09, cumulative = -2.06308e-06
DICPCG:  Solving for p_rgh, Initial residual = 0.992722, Final residual = 0.000391842, No Iterations 1
DICPCG:  Solving for p_rgh, Initial residual = 0.992935, Final residual = 0.000392577, No Iterations 1
time step continuity errors : sum local = 2.51778e-07, global = -1.5398e-08, cumulative = -2.07848e-06
DICPCG:  Solving for p_rgh, Initial residual = 0.992922, Final residual = 0.000392568, No Iterations 1
DICPCG:  Solving for p_rgh, Initial residual = 0.99302, Final residual = 4.73038e-08, No Iterations 17
time step continuity errors : sum local = 6.54291e-11, global = -1.69938e-11, cumulative = -2.07849e-06
DILUPBiCGStab:  Solving for omega, Initial residual = 1, Final residual = 8.19173e-12, No Iterations 1
bounding omega, min: -1.54291e+69 max: 1.19231e+75 average: 1.11329e+71
DILUPBiCGStab:  Solving for Rxx, Initial residual = 1.54835e-10, Final residual = 1.54835e-10, No Iterations 0
DILUPBiCGStab:  Solving for Rxy, Initial residual = 1.54835e-10, Final residual = 1.54835e-10, No Iterations 0
DILUPBiCGStab:  Solving for Ryy, Initial residual = 1.51584e-10, Final residual = 1.51584e-10, No Iterations 0
DILUPBiCGStab:  Solving for Rzz, Initial residual = 1.54835e-10, Final residual = 1.54835e-10, No Iterations 0
ExecutionTime = 1.93 s  ClockTime = 2 s

Courant Number mean: 2.30303e-05 max: 0.232731
Interface Courant Number mean: 3.52149e-12 max: 2.67921e-08
deltaT = 1.70036e-59
Time = 0.0124312

PIMPLE: iteration 1
MULES: Solving for alpha.water
Phase-1 volume fraction = 0.298591  Min(alpha.water) = -8.95433e-30  Max(alpha.water) = 1
Relaxing time: 0.01 s
DILUPBiCG:  Solving for Ux, Initial residual = 6.67133e-05, Final residual = 5.83082e-10, No Iterations 1
DILUPBiCG:  Solving for Uy, Initial residual = 0.00148265, Final residual = 3.95727e-14, No Iterations 2
DICPCG:  Solving for p_rgh, Initial residual = 0.9914, Final residual = 0.000428307, No Iterations 1
DICPCG:  Solving for p_rgh, Initial residual = 0.988515, Final residual = 0.000389004, No Iterations 1
time step continuity errors : sum local = 5.37377e-08, global = -2.21855e-09, cumulative = -2.08071e-06
DICPCG:  Solving for p_rgh, Initial residual = 0.991964, Final residual = 0.000387945, No Iterations 1
DICPCG:  Solving for p_rgh, Initial residual = 0.992691, Final residual = 0.000391672, No Iterations 1
time step continuity errors : sum local = 1.16475e-07, global = -6.79246e-09, cumulative = -2.0875e-06
DICPCG:  Solving for p_rgh, Initial residual = 0.992716, Final residual = 0.000391899, No Iterations 1
DICPCG:  Solving for p_rgh, Initial residual = 0.992931, Final residual = 0.000392631, No Iterations 1
time step continuity errors : sum local = 2.5179e-07, global = -1.53994e-08, cumulative = -2.1029e-06
DICPCG:  Solving for p_rgh, Initial residual = 0.992921, Final residual = 0.000392625, No Iterations 1
DICPCG:  Solving for p_rgh, Initial residual = 0.993019, Final residual = 4.73078e-08, No Iterations 17
time step continuity errors : sum local = 6.54286e-11, global = -1.69862e-11, cumulative = -2.10292e-06
DILUPBiCGStab:  Solving for omega, Initial residual = 0.867386, Final residual = 7.6953e-20, No Iterations 1
bounding omega, min: -1.11893e+56 max: 1.63135e+76 average: 1.53863e+72
DILUPBiCGStab:  Solving for Rxx, Initial residual = 5.3191e-12, Final residual = 5.3191e-12, No Iterations 0
DILUPBiCGStab:  Solving for Rxy, Initial residual = 5.31906e-12, Final residual = 5.31906e-12, No Iterations 0
DILUPBiCGStab:  Solving for Ryy, Initial residual = 5.2073e-12, Final residual = 5.2073e-12, No Iterations 0
DILUPBiCGStab:  Solving for Rzz, Initial residual = 5.3191e-12, Final residual = 5.3191e-12, No Iterations 0
ExecutionTime = 1.95 s  ClockTime = 2 s

Courant Number mean: 2.30277e-05 max: 0.232697
Interface Courant Number mean: 3.52103e-12 max: 2.6789e-08
deltaT = 3.65361e-60
Time = 0.0124312

PIMPLE: iteration 1
MULES: Solving for alpha.water
Phase-1 volume fraction = 0.298591  Min(alpha.water) = -8.95433e-30  Max(alpha.water) = 1
Relaxing time: 0.01 s
DILUPBiCG:  Solving for Ux, Initial residual = 6.67235e-05, Final residual = 5.8327e-10, No Iterations 1
DILUPBiCG:  Solving for Uy, Initial residual = 0.00148288, Final residual = 3.95922e-14, No Iterations 2
DICPCG:  Solving for p_rgh, Initial residual = 0.991422, Final residual = 0.000428249, No Iterations 1
DICPCG:  Solving for p_rgh, Initial residual = 0.988528, Final residual = 0.000388989, No Iterations 1
time step continuity errors : sum local = 5.37456e-08, global = -2.21879e-09, cumulative = -2.10514e-06
DICPCG:  Solving for p_rgh, Initial residual = 0.991966, Final residual = 0.000387934, No Iterations 1
DICPCG:  Solving for p_rgh, Initial residual = 0.992705, Final residual = 0.000391664, No Iterations 1
time step continuity errors : sum local = 1.16494e-07, global = -6.79367e-09, cumulative = -2.11193e-06
DICPCG:  Solving for p_rgh, Initial residual = 0.992724, Final residual = 0.000391889, No Iterations 1
DICPCG:  Solving for p_rgh, Initial residual = 0.992935, Final residual = 0.000392621, No Iterations 1
time step continuity errors : sum local = 2.51833e-07, global = -1.54022e-08, cumulative = -2.12733e-06
DICPCG:  Solving for p_rgh, Initial residual = 0.992923, Final residual = 0.000392614, No Iterations 1
DICPCG:  Solving for p_rgh, Initial residual = 0.993019, Final residual = 4.73079e-08, No Iterations 17
time step continuity errors : sum local = 6.54417e-11, global = -1.69905e-11, cumulative = -2.12735e-06
DILUPBiCGStab:  Solving for omega, Initial residual = 0.646335, Final residual = 7.19374e-17, No Iterations 1
bounding omega, min: -1.24677e+69 max: 7.59348e+76 average: 7.16188e+72
DILUPBiCGStab:  Solving for Rxx, Initial residual = 1.18896e-11, Final residual = 1.18896e-11, No Iterations 0
DILUPBiCGStab:  Solving for Rxy, Initial residual = 1.18895e-11, Final residual = 1.18895e-11, No Iterations 0
DILUPBiCGStab:  Solving for Ryy, Initial residual = 1.16399e-11, Final residual = 1.16399e-11, No Iterations 0
DILUPBiCGStab:  Solving for Rzz, Initial residual = 1.18896e-11, Final residual = 1.18896e-11, No Iterations 0
ExecutionTime = 1.97 s  ClockTime = 2 s

Courant Number mean: 2.30318e-05 max: 0.232741
Interface Courant Number mean: 3.52146e-12 max: 2.6792e-08
deltaT = 7.84907e-61
Time = 0.0124312

PIMPLE: iteration 1
MULES: Solving for alpha.water
Phase-1 volume fraction = 0.298591  Min(alpha.water) = -8.95433e-30  Max(alpha.water) = 1
Relaxing time: 0.02 s
DILUPBiCG:  Solving for Ux, Initial residual = 6.67134e-05, Final residual = 5.83143e-10, No Iterations 1
DILUPBiCG:  Solving for Uy, Initial residual = 0.00148262, Final residual = 3.95822e-14, No Iterations 2
DICPCG:  Solving for p_rgh, Initial residual = 0.991424, Final residual = 0.00042829, No Iterations 1
DICPCG:  Solving for p_rgh, Initial residual = 0.988534, Final residual = 0.000388944, No Iterations 1
time step continuity errors : sum local = 5.37294e-08, global = -2.21881e-09, cumulative = -2.12957e-06
DICPCG:  Solving for p_rgh, Initial residual = 0.991957, Final residual = 0.000387875, No Iterations 1
DICPCG:  Solving for p_rgh, Initial residual = 0.992703, Final residual = 0.000391619, No Iterations 1
time step continuity errors : sum local = 1.1646e-07, global = -6.79083e-09, cumulative = -2.13636e-06
DICPCG:  Solving for p_rgh, Initial residual = 0.992723, Final residual = 0.000391841, No Iterations 1
DICPCG:  Solving for p_rgh, Initial residual = 0.992936, Final residual = 0.000392575, No Iterations 1
time step continuity errors : sum local = 2.51758e-07, global = -1.53968e-08, cumulative = -2.15176e-06
DICPCG:  Solving for p_rgh, Initial residual = 0.992923, Final residual = 0.000392567, No Iterations 1
DICPCG:  Solving for p_rgh, Initial residual = 0.99302, Final residual = 4.73046e-08, No Iterations 17
time step continuity errors : sum local = 6.54252e-11, global = -1.69921e-11, cumulative = -2.15178e-06
DILUPBiCGStab:  Solving for omega, Initial residual = 0.669335, Final residual = 2.06018e-33, No Iterations 1
bounding omega, min: -1.81756e+60 max: 3.53403e+77 average: 3.33316e+73
DILUPBiCGStab:  Solving for Rxx, Initial residual = 1.09794e-10, Final residual = 1.09794e-10, No Iterations 0
DILUPBiCGStab:  Solving for Rxy, Initial residual = 1.09794e-10, Final residual = 1.09794e-10, No Iterations 0
DILUPBiCGStab:  Solving for Ryy, Initial residual = 1.07489e-10, Final residual = 1.07489e-10, No Iterations 0
DILUPBiCGStab:  Solving for Rzz, Initial residual = 1.09794e-10, Final residual = 1.09794e-10, No Iterations 0
ExecutionTime = 2 s  ClockTime = 2 s

Courant Number mean: 2.30286e-05 max: 0.232714
Interface Courant Number mean: 3.52126e-12 max: 2.67904e-08
deltaT = 1.68642e-61
Time = 0.0124312

PIMPLE: iteration 1
MULES: Solving for alpha.water
Phase-1 volume fraction = 0.298591  Min(alpha.water) = -1.11751e-29  Max(alpha.water) = 1
Relaxing time: 0.01 s
DILUPBiCG:  Solving for Ux, Initial residual = 6.67184e-05, Final residual = 5.83131e-10, No Iterations 1
DILUPBiCG:  Solving for Uy, Initial residual = 0.00148276, Final residual = 3.95762e-14, No Iterations 2
DICPCG:  Solving for p_rgh, Initial residual = 0.991416, Final residual = 0.00042831, No Iterations 1
DICPCG:  Solving for p_rgh, Initial residual = 0.988528, Final residual = 0.000389008, No Iterations 1
time step continuity errors : sum local = 5.37413e-08, global = -2.21865e-09, cumulative = -2.15399e-06
DICPCG:  Solving for p_rgh, Initial residual = 0.991965, Final residual = 0.00038795, No Iterations 1
DICPCG:  Solving for p_rgh, Initial residual = 0.992705, Final residual = 0.000391676, No Iterations 1
time step continuity errors : sum local = 1.16483e-07, global = -6.79271e-09, cumulative = -2.16079e-06
DICPCG:  Solving for p_rgh, Initial residual = 0.992723, Final residual = 0.000391901, No Iterations 1
DICPCG:  Solving for p_rgh, Initial residual = 0.992935, Final residual = 0.000392632, No Iterations 1
time step continuity errors : sum local = 2.51807e-07, global = -1.54e-08, cumulative = -2.17619e-06
DICPCG:  Solving for p_rgh, Initial residual = 0.992923, Final residual = 0.000392625, No Iterations 1
DICPCG:  Solving for p_rgh, Initial residual = 0.993019, Final residual = 4.73088e-08, No Iterations 17
time step continuity errors : sum local = 6.54344e-11, global = -1.69863e-11, cumulative = -2.1762e-06
DILUPBiCGStab:  Solving for omega, Initial residual = 0.646326, Final residual = 7.83328e-17, No Iterations 1
bounding omega, min: -2.76578e+70 max: 1.64494e+78 average: 1.55144e+74
DILUPBiCGStab:  Solving for Rxx, Initial residual = 2.45587e-10, Final residual = 2.45587e-10, No Iterations 0
DILUPBiCGStab:  Solving for Rxy, Initial residual = 2.45587e-10, Final residual = 2.45587e-10, No Iterations 0
DILUPBiCGStab:  Solving for Ryy, Initial residual = 2.40431e-10, Final residual = 2.40431e-10, No Iterations 0
DILUPBiCGStab:  Solving for Rzz, Initial residual = 2.45587e-10, Final residual = 2.45587e-10, No Iterations 0
ExecutionTime = 2.02 s  ClockTime = 2 s

Courant Number mean: 2.30287e-05 max: 0.232707
Interface Courant Number mean: 3.52114e-12 max: 2.67901e-08
deltaT = 3.62348e-62
Time = 0.0124312

PIMPLE: iteration 1
MULES: Solving for alpha.water
Phase-1 volume fraction = 0.298591  Min(alpha.water) = -8.95433e-30  Max(alpha.water) = 1
Relaxing time: 0.01 s
DILUPBiCG:  Solving for Ux, Initial residual = 6.67239e-05, Final residual = 5.83283e-10, No Iterations 1
DILUPBiCG:  Solving for Uy, Initial residual = 0.00148288, Final residual = 3.9594e-14, No Iterations 2
DICPCG:  Solving for p_rgh, Initial residual = 0.991412, Final residual = 0.000428236, No Iterations 1
DICPCG:  Solving for p_rgh, Initial residual = 0.988519, Final residual = 0.000388971, No Iterations 1
time step continuity errors : sum local = 5.37423e-08, global = -2.21856e-09, cumulative = -2.17842e-06
DICPCG:  Solving for p_rgh, Initial residual = 0.991966, Final residual = 0.000387915, No Iterations 1
DICPCG:  Solving for p_rgh, Initial residual = 0.992696, Final residual = 0.000391647, No Iterations 1
time step continuity errors : sum local = 1.16487e-07, global = -6.79308e-09, cumulative = -2.18522e-06
DICPCG:  Solving for p_rgh, Initial residual = 0.992719, Final residual = 0.000391872, No Iterations 1
DICPCG:  Solving for p_rgh, Initial residual = 0.992932, Final residual = 0.000392606, No Iterations 1
time step continuity errors : sum local = 2.51818e-07, global = -1.5401e-08, cumulative = -2.20062e-06
DICPCG:  Solving for p_rgh, Initial residual = 0.992921, Final residual = 0.000392599, No Iterations 1
DICPCG:  Solving for p_rgh, Initial residual = 0.993019, Final residual = 4.73082e-08, No Iterations 17
time step continuity errors : sum local = 6.54406e-11, global = -1.69903e-11, cumulative = -2.20063e-06
[7] #0  Foam::error::printStack(Foam::Ostream&) at ??:?
[7] #1  Foam::sigFpe::sigHandler(int) at ??:?
[7] #2  ? in /lib/x86_64-linux-gnu/libc.so.6
[7] #3  Foam::scalarProduct<double, double>::type Foam::sumProd<double>(Foam::UList<double> const&, Foam::UList<double> const&) at ??:?
[7] #4  Foam::PBiCGStab::scalarSolve(Foam::Field<double>&, Foam::Field<double> const&, unsigned char) const at ??:?
[7] #5  Foam::PBiCGStab::solve(Foam::Field<double>&, Foam::Field<double> const&, unsigned char) const at ??:?
[7] #6  Foam::fvMatrix<double>::solveSegregated(Foam::dictionary const&) at ??:?
[7] #7  Foam::fvMatrix<double>::solveSegregatedOrCoupled(Foam::dictionary const&) at ??:?
[7] #8  Foam::fvMesh::solve(Foam::fvMatrix<double>&, Foam::dictionary const&) const at ??:?
[7] #9  Foam::SolverPerformance<double> Foam::solve<double>(Foam::tmp<Foam::fvMatrix<double> > const&) at ??:?
[7] #10  Foam::RASModels::stressOmega<Foam::IncompressibleTurbulenceModel<Foam::transportModel> >::correct() at ??:?
[7] #11  main in /opt/OpenFOAM/OpenFOAM-v1912/platforms/linux64Gcc63DPInt32Opt/bin/waveFoam
[7] #12  __libc_start_main in /lib/x86_64-linux-gnu/libc.so.6
[7] #13  ? in /opt/OpenFOAM/OpenFOAM-v1912/platforms/linux64Gcc63DPInt32Opt/bin/waveFoam
[geoocean27:93603] *** Process received signal ***
[geoocean27:93603] Signal: Floating point exception (8)
[geoocean27:93603] Signal code:  (-6)
[geoocean27:93603] Failing at address: 0x3e800016da3
[geoocean27:93603] [ 0] /lib/x86_64-linux-gnu/libc.so.6(+0x43090)[0x7586ac26f090]
[geoocean27:93603] [ 1] /lib/x86_64-linux-gnu/libc.so.6(gsignal+0xcb)[0x7586ac26f00b]
[geoocean27:93603] [ 2] /lib/x86_64-linux-gnu/libc.so.6(+0x43090)[0x7586ac26f090]
[geoocean27:93603] [ 3] /opt/OpenFOAM/OpenFOAM-v1912/platforms/linux64Gcc63DPInt32Opt/lib/libOpenFOAM.so(_ZN4Foam7sumProdIdEENS_13scalarProductIT_S2_E4typeERKNS_5UListIS2_EES8_+0x25)[0x7586acd96595]
[geoocean27:93603] [ 4] /opt/OpenFOAM/OpenFOAM-v1912/platforms/linux64Gcc63DPInt32Opt/lib/libOpenFOAM.so(_ZNK4Foam9PBiCGStab11scalarSolveERNS_5FieldIdEERKS2_h+0xc1a)[0x7586acba3d4a]
[geoocean27:93603] [ 5] /opt/OpenFOAM/OpenFOAM-v1912/platforms/linux64Gcc63DPInt32Opt/lib/libOpenFOAM.so(_ZNK4Foam9PBiCGStab5solveERNS_5FieldIdEERKS2_h+0x36)[0x7586acba5746]
[geoocean27:93603] [ 6] /opt/OpenFOAM/OpenFOAM-v1912/platforms/linux64Gcc63DPInt32Opt/lib/libfiniteVolume.so(_ZN4Foam8fvMatrixIdE15solveSegregatedERKNS_10dictionaryE+0x14c)[0x7586b19c2efc]
[geoocean27:93603] [ 7] /opt/OpenFOAM/OpenFOAM-v1912/platforms/linux64Gcc63DPInt32Opt/lib/libfiniteVolume.so(_ZN4Foam8fvMatrixIdE24solveSegregatedOrCoupledERKNS_10dictionaryE+0x3a0)[0x7586b13ef1e0]
[geoocean27:93603] [ 8] /opt/OpenFOAM/OpenFOAM-v1912/platforms/linux64Gcc63DPInt32Opt/lib/libfiniteVolume.so(_ZNK4Foam6fvMesh5solveERNS_8fvMatrixIdEERKNS_10dictionaryE+0xf)[0x7586b139719f]
[geoocean27:93603] [ 9] /opt/OpenFOAM/OpenFOAM-v1912/platforms/linux64Gcc63DPInt32Opt/lib/libincompressibleTurbulenceModels.so(_ZN4Foam5solveIdEENS_17SolverPerformanceIT_EERKNS_3tmpINS_8fvMatrixIS2_EEEE+0x196)[0x7586ad8e4666]
[geoocean27:93603] [10] /home/alonsoap_foam/OpenFOAM/alonsoap_foam-v1912/platforms/linux64Gcc63DPInt32Opt/lib/libRSM.so(_ZN4Foam9RASModels11stressOmegaINS_29IncompressibleTurbulenceModelINS_14transportModelEEEE7correctEv+0xef3)[0x7586ae3aa7c3]
[geoocean27:93603] [11] waveFoam(main+0x90cd)[0x59eee8defe6d]
[geoocean27:93603] [12] /lib/x86_64-linux-gnu/libc.so.6(__libc_start_main+0xf3)[0x7586ac250083]
[geoocean27:93603] [13] waveFoam(+0x5588e)[0x59eee8df588e]
[geoocean27:93603] *** End of error message ***
--------------------------------------------------------------------------
mpirun noticed that process rank 7 with PID 93603 on node geoocean27 exited on signal 8 (Floating point exception).
--------------------------------------------------------------------------
