/*--------------------------------*- C++ -*----------------------------------*\
| =========                 |                                                 |
| \\      /  F ield         | OpenFOAM: The Open Source CFD Toolbox           |
|  \\    /   O peration     | Version:  v1912                                 |
|   \\  /    A nd           | Website:  www.openfoam.com                      |
|    \\/     M anipulation  |                                                 |
\*---------------------------------------------------------------------------*/
FoamFile
{
    version     2.0;
    format      ascii;
    class       volScalarField;
    location    "2.5";
    object      p_rgh;
}
// * * * * * * * * * * * * * * * * * * * * * * * * * * * * * * * * * * * * * //

dimensions      [1 -1 -2 0 0 0 0];


internalField   nonuniform List<scalar> 
95178
(
3580.5
3551.71
3509.9
3455.91
3390.1
3313.47
3226.8
3130.93
3026.87
2915.78
2798.67
2676.66
2551
2422.98
2293.98
2165.34
2038.16
1913.21
1790.74
1670.18
1549.39
1422.85
1277.02
1020.71
807.152
652.353
512.339
380.036
252.887
129.916
10.9547
-103.62
-213.016
-316.136
-411.689
-498.32
-574.745
-639.786
-691.607
-729.135
-753.227
-765.731
-766.746
-756.895
-737.057
-708.278
-671.706
-628.573
-580.172
-527.844
-472.977
-416.997
-361.345
-307.449
-256.693
-210.429
-169.69
-144.68
-107.713
-76.9253
-52.3558
-32.7612
-16.8742
-3.42372
8.53737
20.9441
35.1119
51.8193
71.1064
93.1887
117.706
144.035
171.464
199.281
226.81
253.42
278.562
301.799
322.858
341.65
358.286
373.061
386.401
398.802
410.747
422.635
434.729
447.099
459.567
471.684
482.756
491.934
498.299
500.846
498.775
491.664
479.176
460.79
436.154
405.04
367.32
322.983
272.161
215.166
152.556
85.3221
15.7035
-68.7132
-148.599
-228.509
-307.135
-383.084
-454.873
-521.062
-580.311
-631.397
-673.249
-704.964
-725.826
-735.244
-732.475
-718.06
-692.168
-655.343
-608.457
-552.702
-489.57
-420.802
-348.306
-274.079
-200.134
-128.398
-61.2677
2.29945
58.4623
106.744
150.021
182.371
206.21
221.7
229.487
230.55
226.026
217.275
205.802
193.18
180.974
170.655
163.508
160.529
162.334
169.093
180.586
196.283
215.472
237.367
261.153
285.987
311.03
335.479
358.587
379.679
398.137
413.386
424.868
432.025
434.301
431.139
422.167
406.924
385.182
356.91
322.296
281.751
235.885
185.473
131.393
74.4928
16.1369
-42.5328
-103.028
-163.907
-224.293
-283.955
-342.495
-399.405
-454.002
-505.41
-552.573
-594.294
-629.31
-656.383
-674.399
-682.465
-679.561
-666.009
-641.451
-606.197
-560.839
-506.228
-443.42
-373.637
-298.225
-218.61
-136.091
-53.2617
27.7664
109.71
188.84
263.108
331.508
392.823
446.008
490.167
524.586
548.791
562.557
565.91
559.273
543.131
518.269
485.66
446.377
401.54
352.271
299.64
244.668
188.289
131.149
74.7319
21.0242
-34.2872
-86.0849
-134.621
-179.394
-219.842
-255.603
-286.449
-312.315
-333.289
-349.574
-361.459
-369.277
-373.283
-373.859
-371.116
-365.199
-356.193
-344.162
-329.171
-311.312
-290.72
-267.583
-242.146
-214.699
-185.591
-155.254
-123.983
-91.993
-60.5498
-30.6983
-1.30216
26.3379
52.5558
75.8693
96.3555
113.922
128.777
141.046
151.438
160.065
168.344
175.561
184.816
193.571
204.708
217.15
231.94
248.606
267.389
287.873
309.882
332.925
356.595
380.335
403.628
425.889
446.567
465.084
480.889
493.42
502.09
506.452
506.034
499.668
487.787
469.721
445.321
414.512
377.504
335.204
287.308
233.63
179.006
123.131
70.9376
19.2338
-33.5474
-84.7471
-129.812
-169.727
-203.686
-231.366
-252.712
-267.839
-277.046
-281.06
-280.286
-275.454
-267.335
-256.699
-244.282
-230.75
-216.688
-202.581
-188.808
-175.677
-163.377
-151.962
-141.58
-132.251
-123.95
-116.613
-110.139
-104.405
-99.2717
-94.5909
-90.2223
-86.0258
-81.8963
-77.7909
-73.6237
-69.3693
-65.0248
-60.6184
-56.1883
-51.7466
-47.3342
-43.0835
-39.0654
-35.2807
-31.7468
-28.4768
-25.4763
-22.7436
-20.271
-18.0456
-16.051
-14.2689
-12.68
-11.2651
-10.0057
-8.8847
-7.8883
-7.00282
-6.21624
-5.51778
-4.89774
-4.34739
-3.85895
-3.42546
-3.04073
-2.69927
-2.39619
-2.12713
-1.88822
-1.67599
-1.48739
-1.31971
-1.17055
-1.03784
-0.919759
-0.814699
-0.721263
-0.638209
-0.564433
-0.498952
-0.440882
-0.38943
-0.343885
-0.303603
-0.26801
-0.236589
-0.208876
-0.184453
-0.162942
-0.144002
-0.127326
-0.112637
-0.0996892
-0.0882633
-0.0781684
-0.0692383
-0.0613298
-0.0543186
-0.0480976
-0.0425747
-0.0376697
-0.0333114
-0.0294392
-0.0259742
-0.0228754
-0.020124
-0.0176825
-0.0155113
-0.0135864
-0.0118848
-0.0103853
-0.0090681
-0.0079151
-0.00690921
-0.00603437
-0.00527542
-0.00461808
-0.00404905
-0.00355605
-0.00312791
-0.00275459
-0.00242723
-0.00213809
-0.0018803
-0.00164916
-0.00143502
-0.0012442
-0.00107076
-0.000911244
-0.000764635
-0.00063188
-0.000511291
-0.000401567
-0.000302002
-0.000211704
-0.000129686
-5.51522e-05
1.24976e-05
7.37882e-05
0.000129163
0.00017898
0.000223531
0.000263053
0.000297776
0.00032789
0.000353929
0.000374163
0.000396181
0.000400503
3586.97
3557.79
3515.6
3461.26
3395.08
3318.08
3231.03
3134.75
3030.22
2918.65
2801.04
2678.5
2552.28
2423.71
2294.15
2164.98
2037.38
1912.11
1789.43
1668.73
1547.82
1421.11
1275.09
1016.52
805.515
651.041
511.182
378.958
251.81
128.744
9.57427
-105.331
-215.169
-318.819
-414.952
-502.167
-579.131
-644.635
-696.904
-734.729
-758.932
-771.411
-772.27
-762.148
-741.944
-712.718
-675.632
-631.928
-582.905
-529.912
-474.349
-417.655
-361.295
-306.723
-255.363
-208.652
-167.927
-142.075
-104.91
-74.252
-49.9856
-30.7965
-15.3842
-2.22981
8.99022
20.9848
34.721
51.0935
70.1539
92.1304
116.656
143.098
170.731
198.822
226.663
253.591
279.023
302.491
323.697
342.543
359.14
373.794
386.959
399.164
410.923
422.67
434.693
447.083
459.67
471.997
483.345
492.83
499.515
502.429
500.726
493.919
481.702
463.546
439.096
408.118
370.481
326.164
275.289
218.157
155.322
87.7744
17.8587
-67.5005
-147.861
-228.41
-307.748
-384.431
-456.942
-523.82
-583.707
-635.369
-677.726
-709.865
-731.063
-740.718
-738.062
-723.631
-697.582
-660.447
-613.099
-556.738
-492.873
-423.272
-349.876
-274.72
-199.85
-127.218
-59.2525
4.91435
61.6483
110.344
154.024
186.487
210.288
225.584
233.026
233.615
228.509
219.092
206.904
193.552
180.643
169.685
162.001
158.618
160.167
166.823
178.362
194.245
213.724
235.983
260.177
285.438
310.904
335.752
359.229
380.657
399.428
414.971
426.737
434.174
436.721
433.797
425.02
409.912
388.227
359.918
325.166
284.385
238.202
187.414
132.932
75.6348
16.8888
-42.1286
-102.902
-163.983
-224.554
-284.404
-343.166
-400.357
-455.312
-507.156
-554.823
-597.093
-632.669
-660.272
-678.746
-687.158
-684.494
-671.057
-646.448
-610.997
-565.314
-510.271
-446.945
-376.579
-300.536
-220.253
-137.037
-53.5011
28.2447
110.849
190.64
265.531
334.505
396.339
449.974
494.497
529.177
553.529
567.315
570.562
563.696
547.217
521.93
488.834
449.032
403.67
353.892
300.784
245.371
188.585
131.057
74.2953
20.241
-35.3458
-87.4718
-136.284
-181.29
-221.914
-257.783
-288.665
-314.499
-335.382
-351.535
-363.268
-370.932
-374.8
-375.278
-372.463
-366.498
-357.459
-345.401
-330.376
-312.468
-291.805
-268.572
-243.015
-215.426
-186.155
-155.639
-124.181
-92.0142
-60.4725
-30.6069
-0.205773
27.4712
53.725
77.102
97.6067
115.124
129.851
141.923
152.061
160.399
168.347
175.264
184.229
192.75
203.71
216.043
230.784
247.464
266.314
286.914
309.078
332.307
356.186
380.149
403.674
426.171
447.087
465.842
481.887
494.66
503.572
508.143
507.965
501.797
490.143
472.2
447.842
416.992
379.837
337.284
289.117
235.035
179.862
123.47
70.7496
18.3317
-34.8017
-86.4246
-131.807
-171.929
-206.008
-233.721
-255.017
-270.008
-278.884
-282.773
-281.709
-276.562
-268.13
-257.196
-244.508
-230.742
-216.486
-202.226
-188.34
-175.13
-162.782
-151.346
-140.963
-131.65
-123.383
-116.09
-109.672
-104.001
-98.9347
-94.3211
-90.0159
-85.877
-81.7923
-77.7197
-73.5754
-69.3334
-64.9917
-60.5803
-56.1404
-51.6874
-47.2616
-42.9963
-38.9667
-35.1736
-31.6345
-28.3623
-25.3622
-22.6323
-20.1643
-17.9447
-15.9569
-14.182
-12.6004
-11.1927
-9.94033
-8.82594
-7.83571
-6.95589
-6.17446
-5.48066
-4.8648
-4.31819
-3.83308
-3.40256
-3.02047
-2.68137
-2.38037
-2.11317
-1.8759
-1.66514
-1.47782
-1.31127
-1.16313
-1.03131
-0.914026
-0.809677
-0.716874
-0.634388
-0.561121
-0.496095
-0.438432
-0.387345
-0.342125
-0.302135
-0.266803
-0.235615
-0.208111
-0.183875
-0.162532
-0.143743
-0.1272
-0.11263
-0.0997866
-0.0884539
-0.0784415
-0.0695849
-0.0617418
-0.0547895
-0.0486221
-0.0431474
-0.0382857
-0.0339668
-0.0301288
-0.0267015
-0.0236346
-0.0209049
-0.0184856
-0.0163384
-0.0144362
-0.0127556
-0.0112756
-0.0099767
-0.00884098
-0.00785147
-0.00699221
-0.00624811
-0.005605
-0.00504966
-0.00456998
-0.00415498
-0.00379488
-0.00348116
-0.00320669
-0.00296596
-0.0027542
-0.00257242
-0.00241682
-0.0022687
-0.00213218
-0.00200875
-0.00189446
-0.00178577
-0.00168297
-0.00158627
-0.00149608
-0.00141252
-0.00133568
-0.0012655
-0.00120171
-0.00114395
-0.00109191
-0.00104528
-0.00100382
-0.000967281
-0.000935409
-0.000907996
-0.000884865
-0.000865192
-0.000848783
3599.9
3569.92
3526.95
3471.89
3405.01
3327.29
3239.47
3142.36
3036.92
2924.37
2805.77
2682.18
2554.86
2425.15
2294.49
2164.27
2035.79
1909.87
1786.76
1665.79
1544.67
1417.64
1271.32
1008.1
802.148
648.361
508.838
376.792
249.665
126.424
6.84616
-108.714
-219.439
-324.158
-421.465
-509.864
-587.924
-654.371
-707.545
-745.973
-770.406
-782.84
-783.385
-772.717
-751.772
-721.646
-683.528
-638.675
-588.403
-534.073
-477.107
-418.977
-361.189
-305.251
-252.662
-204.955
-164.033
-137.829
-99.2198
-68.8329
-45.1896
-26.8121
-12.4424
-0.965039
9.93814
21.1665
33.9969
49.5615
68.2043
89.9621
114.497
141.166
169.216
197.865
226.346
253.928
279.956
303.9
325.414
344.373
360.888
375.295
388.1
399.897
411.273
422.722
434.591
447.013
459.837
472.586
484.491
494.606
501.942
505.579
504.614
498.432
486.767
469.076
444.998
414.296
376.827
332.554
281.573
224.167
160.88
92.7029
22.1762
-65.0393
-146.326
-228.184
-308.967
-387.132
-461.1
-529.364
-590.533
-643.351
-686.72
-719.712
-741.585
-751.719
-749.295
-734.841
-708.48
-670.729
-622.457
-564.878
-499.537
-428.257
-353.047
-276.017
-199.285
-124.846
-55.2083
10.2159
68.0884
117.614
162.105
194.795
218.522
233.428
240.177
239.808
233.525
222.762
209.125
194.297
179.962
167.711
158.938
154.735
155.767
162.21
173.841
190.105
210.177
233.177
258.204
284.334
310.654
336.308
360.525
382.629
402.021
418.15
430.483
438.478
441.573
439.151
430.756
415.919
394.356
365.976
330.947
289.691
242.863
191.311
136.008
77.901
18.3601
-41.3504
-102.679
-164.162
-225.093
-285.307
-344.499
-402.242
-457.905
-510.622
-559.304
-602.683
-639.391
-668.072
-687.483
-696.597
-694.428
-681.227
-656.513
-620.66
-574.32
-518.404
-454.033
-382.491
-305.178
-223.556
-138.943
-53.9785
29.2048
113.14
194.259
270.395
340.522
403.4
457.94
503.198
538.41
563.061
576.89
579.922
572.593
555.431
529.279
495.196
454.34
407.914
357.109
303.041
246.748
189.15
130.852
73.4067
18.6488
-37.4874
-90.2692
-139.638
-185.112
-226.091
-262.178
-293.13
-318.893
-339.588
-355.468
-366.888
-374.233
-377.825
-378.104
-375.143
-369.084
-359.985
-347.877
-332.789
-314.785
-293.982
-270.559
-244.762
-216.888
-187.291
-156.413
-124.568
-92.0226
-60.2622
-30.9236
2.47407
29.7331
56.0503
79.5846
100.141
117.563
132.031
143.697
153.318
161.102
168.358
174.65
183.035
191.09
201.689
213.804
228.447
245.157
264.145
284.982
307.459
331.064
355.363
379.777
403.766
426.736
448.127
467.36
483.885
497.144
506.543
511.531
511.719
506.084
494.887
477.188
452.916
421.982
384.534
341.468
292.745
237.863
181.59
124.187
70.4083
16.4377
-37.3998
-89.8377
-135.843
-176.372
-210.689
-238.462
-259.658
-274.434
-283.264
-286.274
-284.56
-278.772
-269.707
-258.173
-244.942
-230.705
-216.061
-201.496
-187.384
-174.02
-161.581
-150.102
-139.72
-130.443
-122.241
-115.04
-108.734
-103.19
-98.2584
-93.7798
-89.602
-85.5784
-81.5857
-77.5791
-73.4802
-69.2623
-64.9252
-60.5029
-56.0425
-51.5657
-47.1128
-42.8177
-38.7651
-34.9552
-31.4056
-28.129
-25.1301
-22.406
-19.9474
-17.74
-15.7661
-14.0061
-12.4397
-11.0469
-9.80865
-8.70754
-7.72965
-6.86114
-6.08998
-5.40543
-4.79788
-4.25869
-3.7802
-3.35556
-2.9787
-2.64424
-2.34736
-2.08381
-1.84977
-1.64187
-1.45709
-1.2928
-1.14665
-1.01661
-0.9009
-0.797959
-0.706411
-0.625041
-0.552767
-0.488623
-0.431744
-0.381351
-0.336746
-0.2973
-0.262449
-0.231687
-0.204559
-0.180655
-0.159604
-0.14107
-0.124751
-0.110376
-0.0977034
-0.0865184
-0.0766347
-0.0678902
-0.0601449
-0.0532775
-0.0471839
-0.0417737
-0.0369676
-0.0326965
-0.0288999
-0.0255085
-0.022472
-0.0197731
-0.017373
-0.0152421
-0.0133533
-0.0116834
-0.0102113
-0.00891782
-0.00778499
-0.00679606
-0.0059353
-0.00518767
-0.00453913
-0.00397663
-0.00348798
-0.00306213
-0.00268913
-0.00236016
-0.00206753
-0.00180458
-0.0015651
-0.00134422
-0.00113044
-0.000939782
-0.000761752
-0.000591067
-0.000441645
-0.000310156
-0.000192855
-9.10311e-05
-1.7704e-06
7.74682e-05
0.000148345
0.000212009
0.000269383
0.00032109
0.00036751
0.000408934
0.000445516
0.000477566
0.000505015
0.000528814
0.000547059
0.000565223
0.000571619
3619.21
3588.01
3543.86
3487.72
3419.79
3341.02
3252.1
3153.78
3046.98
2932.98
2812.9
2687.74
2558.76
2427.36
2295.03
2163.24
2033.41
1906.49
1782.74
1661.4
1539.99
1412.54
1265.9
995.415
796.888
644.231
505.28
373.552
246.498
123.027
2.86037
-113.673
-225.734
-332.076
-431.179
-521.402
-601.159
-669.064
-723.617
-762.981
-787.78
-800.154
-800.226
-788.727
-766.657
-735.166
-695.483
-648.893
-596.73
-540.377
-481.284
-420.974
-361.017
-303.005
-248.556
-199.541
-160.807
-127.566
-90.0357
-60.5438
-37.864
-20.6578
-7.6598
2.31568
11.7852
21.5998
33.0149
47.224
65.1877
86.5775
111.11
138.119
166.81
196.33
225.812
254.418
281.383
306.079
328.084
347.226
363.618
377.637
389.872
401.022
411.784
422.751
434.358
446.809
459.983
473.372
486.132
497.22
505.572
510.273
510.421
505.218
494.394
477.413
453.902
423.622
386.416
342.218
291.089
233.274
169.298
100.158
28.6474
-61.1544
-143.825
-227.736
-310.745
-391.174
-467.356
-537.722
-600.834
-655.402
-700.304
-734.588
-757.488
-768.358
-766.298
-751.823
-725.009
-686.34
-636.678
-577.26
-509.682
-435.851
-357.88
-277.999
-198.445
-121.27
-49.0756
18.3285
77.9103
128.69
174.416
207.452
231.069
245.383
251.082
249.254
241.175
228.358
212.506
195.417
178.898
164.662
154.219
148.762
148.997
155.105
166.867
183.728
204.719
228.869
255.188
282.657
310.288
337.17
362.507
385.623
405.941
422.94
436.116
444.943
448.87
447.358
439.422
425.008
403.645
375.173
339.733
297.753
249.938
197.21
140.638
81.2797
20.5248
-40.2464
-102.399
-164.476
-225.925
-286.653
-346.458
-405
-461.71
-515.737
-565.958
-611.029
-649.479
-679.824
-700.692
-710.93
-709.48
-696.677
-671.79
-635.318
-587.971
-530.722
-464.759
-391.431
-312.195
-228.554
-141.839
-54.7207
30.6729
116.62
199.73
277.738
349.603
414.059
469.975
516.355
552.382
577.494
591.396
594.104
586.068
567.859
540.384
504.786
462.316
414.267
361.9
306.381
248.769
189.962
130.527
72.0654
16.2245
-40.7349
-94.5019
-144.715
-190.906
-232.43
-268.851
-299.908
-325.556
-345.95
-361.402
-372.329
-379.168
-382.347
-382.312
-379.131
-372.938
-363.763
-351.594
-336.424
-318.285
-297.275
-273.567
-247.411
-219.106
-189.015
-157.589
-125.143
-91.96
-59.5721
-29.3622
4.50839
32.7648
59.5065
83.3578
104.022
121.311
135.389
146.428
155.214
161.996
168.336
173.681
181.22
188.534
198.581
210.37
224.871
241.634
260.837
282.036
304.993
329.172
354.111
379.206
403.899
427.58
449.683
469.63
486.873
500.864
511.014
516.671
517.225
512.653
502.091
484.75
460.616
429.566
391.684
347.84
298.249
242.189
184.255
125.419
70.0992
13.3375
-41.5161
-95.0806
-141.994
-183.132
-217.802
-245.659
-266.682
-281.036
-289.16
-291.457
-288.834
-282.081
-272.054
-259.61
-245.554
-230.607
-215.379
-200.36
-185.915
-172.325
-159.753
-148.217
-137.838
-128.618
-120.517
-113.455
-107.319
-101.969
-97.2432
-92.9717
-88.9892
-85.1413
-81.2884
-77.3792
-73.3491
-69.166
-64.8342
-60.3933
-55.8998
-51.3852
-46.8903
-42.5496
-38.4616
-34.6262
-31.0611
-27.7783
-24.7815
-22.0666
-19.6227
-17.4338
-15.4809
-13.7433
-12.1995
-10.8289
-9.612
-8.53096
-7.57163
-6.7201
-5.96432
-5.29364
-4.69851
-4.17042
-3.70181
-3.28596
-2.91691
-2.58937
-2.29864
-2.04055
-1.81135
-1.60774
-1.42677
-1.26586
-1.12272
-0.995358
-0.88204
-0.78123
-0.691584
-0.61191
-0.541148
-0.478352
-0.422672
-0.373347
-0.329691
-0.291089
-0.25699
-0.226897
-0.200363
-0.176987
-0.156405
-0.138287
-0.122338
-0.10829
-0.0959072
-0.0849803
-0.0753265
-0.0667872
-0.0592255
-0.0525235
-0.0465791
-0.0413035
-0.0366195
-0.032459
-0.0287628
-0.0254632
-0.0225102
-0.0198865
-0.0175564
-0.0154898
-0.0136604
-0.0120451
-0.0106237
-0.00937708
-0.00828802
-0.00734013
-0.00651796
-0.00580689
-0.00519326
-0.00466435
-0.00420841
-0.00381504
-0.00347491
-0.0031798
-0.00292291
-0.00269858
-0.00250212
-0.0023303
-0.00217974
-0.00204548
-0.0019295
-0.00183496
-0.00175456
-0.0016671
-0.00157982
-0.00149592
-0.00141267
-0.00133246
-0.00125667
-0.00118653
-0.0011222
-0.0010636
-0.00101054
-0.000962864
-0.000920307
-0.000882727
-0.000849669
-0.000821109
-0.000796442
-0.000775835
-0.000757433
3644.81
3611.94
3566.19
3508.6
3439.32
3359.21
3268.87
3168.99
3060.43
2944.51
2822.47
2695.21
2564.01
2430.35
2295.79
2161.9
2030.2
1901.92
1777.31
1655.53
1533.85
1406.01
1259.33
978.315
789.458
638.524
500.469
369.257
242.375
118.659
-2.24848
-120.059
-233.909
-342.458
-444.023
-536.765
-618.885
-688.824
-745.255
-785.93
-811.257
-823.567
-823.001
-810.374
-786.775
-753.432
-711.632
-662.696
-607.982
-548.896
-486.929
-423.666
-360.766
-299.925
-242.867
-191.659
-154.367
-114.35
-77.7756
-49.326
-27.8672
-12.1857
-0.906227
7.04945
14.4742
22.1548
31.6856
44.225
60.984
81.8025
106.3
133.765
163.348
194.09
224.983
255.038
283.337
309.111
331.824
351.241
367.467
380.938
392.356
402.573
412.443
422.697
433.893
446.342
459.972
474.232
488.163
500.602
510.381
516.509
518.14
514.301
504.642
488.611
465.872
436.17
399.332
355.254
303.946
245.593
180.67
110.152
37
-55.2679
-140.079
-226.943
-313.025
-396.541
-475.731
-548.946
-614.687
-671.619
-718.59
-754.621
-778.915
-790.792
-789.252
-774.783
-747.389
-707.509
-655.989
-594.094
-523.491
-446.196
-364.47
-280.708
-197.328
-116.484
-40.7139
29.4157
91.2948
143.775
191.182
224.69
248.165
261.676
265.961
262.143
251.615
235.991
217.106
196.916
177.397
160.435
147.7
140.518
139.653
145.281
157.196
174.906
197.186
222.941
251.06
280.387
309.821
338.377
365.223
389.689
411.228
429.369
443.653
453.579
458.575
458.014
451.022
437.261
416.212
387.646
351.664
308.705
259.533
205.177
146.845
85.7495
23.3339
-38.8981
-102.134
-164.989
-227.082
-288.433
-348.988
-408.543
-466.618
-522.391
-574.694
-622.081
-662.93
-695.586
-718.511
-730.391
-729.887
-717.663
-692.498
-655.168
-606.442
-547.371
-479.236
-403.482
-321.65
-235.299
-145.775
-55.7634
32.6925
121.347
207.107
287.612
361.81
428.397
486.181
534.093
571.24
596.994
611.005
613.281
604.279
584.637
555.342
517.661
472.977
422.706
368.217
310.742
251.372
190.978
130.063
70.2744
12.9187
-45.135
-100.213
-151.572
-198.743
-241.019
-277.902
-309.099
-334.574
-354.532
-369.377
-379.607
-385.739
-388.346
-387.858
-384.383
-378.028
-368.775
-356.554
-341.297
-322.994
-301.717
-277.631
-250.991
-222.108
-191.354
-159.187
-125.922
-91.841
-58.5055
-27.1245
7.15461
36.6918
64.1617
88.5105
109.358
126.481
140.032
150.228
157.931
163.364
168.315
172.319
178.34
184.962
194.3
205.66
219.977
236.821
256.326
278.026
301.644
326.606
352.414
378.431
404.071
428.704
451.756
472.652
490.85
505.816
516.99
523.703
525.448
521.789
511.833
494.972
471.045
439.85
401.402
356.501
305.683
248.074
187.892
127.337
70.4351
8.36423
-47.4534
-102.277
-150.364
-192.314
-227.453
-255.413
-276.183
-289.926
-297.155
-298.398
-294.541
-286.477
-275.142
-261.459
-246.289
-230.387
-214.382
-198.763
-183.884
-170.004
-157.266
-145.664
-135.298
-126.159
-118.198
-111.327
-105.423
-100.336
-95.8914
-91.9012
-88.1834
-84.5724
-80.9109
-77.1309
-73.1922
-69.0524
-64.7234
-60.2535
-55.7111
-51.1417
-46.5882
-42.1854
-38.0488
-34.1791
-30.5935
-27.3031
-24.3103
-21.6089
-19.1857
-17.0227
-15.099
-13.3921
-11.8792
-10.5388
-9.35066
-8.2965
-7.36197
-6.53307
-5.79777
-5.14551
-4.56687
-4.05349
-3.59797
-3.19375
-2.83503
-2.51666
-2.23406
-1.98317
-1.76036
-1.56241
-1.38647
-1.23002
-1.09085
-0.967032
-0.856862
-0.758858
-0.671712
-0.594264
-0.525483
-0.464449
-0.410334
-0.362399
-0.319976
-0.282468
-0.249338
-0.220103
-0.194328
-0.171623
-0.151632
-0.134035
-0.118544
-0.104898
-0.0928672
-0.0822491
-0.0728666
-0.0645655
-0.0572132
-0.0506954
-0.0449128
-0.0397797
-0.0352206
-0.0311695
-0.027569
-0.0243535
-0.0214741
-0.0189134
-0.016637
-0.0146159
-0.0128249
-0.0112414
-0.00984572
-0.00861933
-0.00754525
-0.00660751
-0.00579097
-0.00508132
-0.00446519
-0.00393014
-0.0034646
-0.00305808
-0.00270114
-0.00238544
-0.00210373
-0.00184979
-0.00161834
-0.0014053
-0.00120678
-0.00102312
-0.000851706
-0.00068774
-0.000523336
-0.000381793
-0.000250656
-0.000133862
-4.04002e-05
3.96227e-05
0.000108007
0.000167241
0.000219674
0.000266492
0.000308217
0.000345222
0.000377622
0.000405877
0.000429822
0.000450616
0.000466283
0.000481071
0.000488587
3676.55
3641.51
3593.72
3534.34
3463.45
3381.75
3289.73
3187.98
3077.29
2958.99
2834.55
2704.67
2570.68
2434.15
2296.77
2160.24
2026.19
1896.09
1770.42
1648.13
1526.29
1398.48
1253.04
956.198
779.383
631.083
494.373
363.946
237.388
113.462
-8.29683
-127.666
-243.764
-355.132
-459.885
-555.922
-641.161
-713.798
-772.635
-815.061
-841.123
-853.378
-852.003
-837.929
-812.367
-776.654
-732.155
-680.238
-622.286
-559.73
-494.105
-427.076
-360.419
-295.967
-235.508
-180.468
-144.159
-98.6403
-62.5153
-34.9789
-14.963
-1.24062
7.99467
13.3349
17.7766
22.6523
29.7004
40.2444
55.3586
75.3875
99.799
127.83
158.589
190.961
223.746
255.754
285.862
313.109
336.804
356.617
372.637
385.369
395.669
404.597
413.232
422.476
433.047
445.428
459.615
474.985
490.432
504.64
516.318
524.344
527.812
525.737
517.602
502.751
480.995
452.038
415.687
371.794
320.294
261.285
195.14
122.634
45.7582
-45.3221
-134.781
-225.686
-315.744
-403.22
-486.258
-563.11
-632.199
-692.135
-741.732
-779.985
-806.061
-819.235
-818.399
-803.991
-775.915
-734.544
-680.698
-615.672
-541.217
-459.494
-372.95
-284.197
-195.894
-110.385
-30.0102
43.6535
108.474
163.145
212.713
246.828
270.13
282.637
285.086
278.734
265.061
245.818
223.013
198.804
175.39
154.884
139.175
129.765
127.466
132.423
144.464
163.353
187.332
215.22
245.727
277.497
309.28
339.989
368.749
394.898
417.941
437.477
453.118
464.402
470.747
471.468
465.67
452.796
432.213
403.58
366.938
322.732
271.801
215.313
154.664
91.2791
26.7126
-37.4219
-102
-165.799
-228.618
-290.64
-352.021
-412.748
-472.474
-530.422
-585.377
-635.754
-679.732
-715.424
-741.077
-755.299
-757.72
-744.591
-718.924
-680.481
-629.972
-568.548
-497.616
-418.754
-333.618
-243.853
-150.832
-57.1893
35.3573
127.414
216.455
300.079
377.219
446.516
506.691
556.578
595.183
621.787
635.956
637.693
627.447
605.949
574.291
533.901
486.341
433.199
375.987
316.032
254.468
192.128
129.452
68.088
8.63039
-50.762
-107.452
-160.273
-208.717
-251.982
-289.472
-320.846
-346.071
-365.428
-379.435
-388.752
-394.079
-395.795
-394.669
-390.828
-384.302
-375
-362.76
-347.436
-328.955
-307.356
-282.799
-255.549
-225.936
-194.347
-161.245
-126.942
-91.7124
-57.1562
-24.4083
10.6464
41.6535
70.1322
95.1767
116.303
133.235
146.095
155.201
161.476
165.177
168.305
170.635
175.173
180.372
188.737
199.551
213.646
230.612
250.522
272.88
297.353
323.324
350.245
377.437
404.275
430.106
454.342
476.414
495.796
511.978
524.451
532.569
535.921
533.458
524.157
507.965
484.346
453.004
413.867
367.626
315.15
255.595
192.488
129.962
73.4917
-0.554717
-55.4324
-111.499
-161.07
-204.066
-239.8
-267.878
-288.294
-301.254
-307.337
-307.176
-301.719
-291.96
-278.939
-263.668
-247.079
-229.971
-212.994
-196.634
-181.23
-167.007
-154.08
-142.411
-132.073
-123.043
-115.262
-108.634
-103.028
-98.2771
-94.1936
-90.5678
-87.193
-83.8869
-80.4723
-76.8529
-73.029
-68.9381
-64.6064
-60.093
-55.4819
-50.8369
-46.2058
-41.7226
-37.523
-33.6099
-29.9991
-26.7006
-23.7143
-21.0314
-18.6358
-16.5068
-14.6207
-12.9531
-11.4796
-10.1775
-9.02569
-8.00535
-7.10192
-6.30132
-5.59155
-4.96221
-4.40404
-3.90891
-3.46961
-3.07979
-2.73385
-2.4268
-2.15425
-1.91227
-1.69736
-1.50642
-1.3367
-1.18578
-1.05153
-0.932088
-0.82582
-0.731295
-0.647249
-0.572563
-0.506242
-0.447397
-0.39523
-0.349025
-0.30814
-0.271997
-0.240079
-0.21192
-0.1871
-0.165241
-0.145999
-0.129065
-0.114158
-0.10103
-0.0894579
-0.0792454
-0.0702226
-0.0622418
-0.0551751
-0.0489126
-0.043359
-0.0384312
-0.0340569
-0.0301722
-0.0267217
-0.0236422
-0.0208866
-0.0184379
-0.0162631
-0.0143346
-0.0126279
-0.0111218
-0.00979676
-0.00863535
-0.00762125
-0.00673914
-0.0059745
-0.00531371
-0.00474397
-0.00425325
-0.00383074
-0.00346653
-0.00315187
-0.00287915
-0.00264191
-0.00243468
-0.00225295
-0.00209315
-0.00195196
-0.00182715
-0.00171759
-0.00162159
-0.00153724
-0.00146059
-0.00139768
-0.00135051
-0.00128939
-0.00122351
-0.00115629
-0.00109116
-0.00102961
-0.000972105
-0.000919295
-0.0008714
-0.00082852
-0.000790588
-0.000756771
-0.000727316
-0.000701654
-0.000680404
-0.000661352
3714.25
3676.45
3626.15
3564.68
3491.96
3408.48
3314.58
3210.73
3097.61
2976.54
2849.24
2716.22
2578.82
2438.77
2297.94
2158.2
2021.3
1888.93
1761.93
1639.07
1517.19
1390.5
1253.13
924.832
766.038
621.848
487.02
357.686
231.66
107.619
-15.0481
-136.223
-255.025
-369.863
-478.602
-578.812
-668.047
-744.167
-805.982
-850.687
-877.763
-889.991
-887.624
-871.75
-843.749
-805.104
-757.284
-701.713
-639.802
-573.001
-502.893
-431.235
-359.956
-291.114
-226.904
-171.477
-124.621
-79.3887
-43.7198
-17.0953
1.2227
12.3979
17.6519
20.7883
21.7117
23.0975
26.9666
34.9131
48.0159
67.004
91.243
119.934
152.196
186.692
221.947
256.517
289.012
318.223
343.249
363.626
379.404
391.169
399.968
407.148
414.076
421.92
431.604
443.808
458.65
475.388
492.727
509.176
523.283
533.765
539.576
539.94
533.372
519.958
499.383
471.353
435.627
392.004
340.329
280.58
212.98
138.101
57.3083
-32.858
-128.241
-223.891
-318.834
-411.194
-498.98
-580.312
-653.511
-717.123
-769.928
-810.897
-839.167
-853.953
-854.045
-839.789
-810.963
-767.842
-711.206
-642.373
-563.195
-476.009
-383.502
-288.554
-194.085
-102.908
-16.7415
61.2516
129.766
187.152
239.403
274.267
297.366
308.67
308.825
299.359
281.793
258.046
230.342
201.096
172.79
147.828
128.387
116.221
112.093
116.139
128.179
148.678
174.804
205.478
239.077
273.968
308.712
342.098
373.196
401.359
426.164
447.32
464.54
477.433
485.423
487.766
483.487
471.762
451.851
423.219
385.819
340.087
286.951
227.757
164.145
97.8271
30.5533
-35.9764
-102.168
-167.054
-230.622
-293.28
-355.472
-417.451
-479.063
-539.607
-597.813
-651.924
-699.857
-739.408
-768.498
-785.367
-789.026
-777.288
-751.378
-711.603
-658.872
-594.505
-520.087
-437.373
-348.176
-254.277
-157.123
-59.2258
38.9121
134.967
227.848
315.207
395.919
468.537
531.667
584.019
624.463
652.16
666.564
667.651
655.866
632.042
597.41
553.607
502.429
445.694
385.105
322.118
257.917
193.302
128.684
65.7584
3.08767
-57.7251
-116.263
-170.887
-220.941
-265.475
-303.749
-335.341
-360.22
-378.762
-391.599
-399.701
-403.976
-404.559
-402.62
-398.365
-391.693
-382.405
-370.22
-354.879
-336.226
-314.259
-289.135
-261.141
-230.64
-198.038
-163.81
-128.255
-91.6306
-55.5852
-21.2327
15.032
47.7706
77.5636
103.535
125.067
141.787
153.805
161.48
165.698
167.451
168.301
168.475
170.982
174.394
181.733
191.892
205.736
222.883
243.318
266.514
292.057
319.285
347.582
376.219
404.518
431.795
457.446
480.914
501.698
519.323
533.337
543.108
548.116
547.544
539.116
523.853
500.694
469.229
429.286
381.412
326.765
264.767
197.918
132.061
71.0843
-5.39224
-64.4369
-122.728
-174.258
-218.579
-255.035
-283.241
-303.172
-315.153
-319.789
-317.854
-310.385
-298.508
-283.389
-266.154
-247.822
-229.251
-211.111
-193.883
-177.874
-163.271
-150.145
-138.421
-128.134
-119.248
-111.693
-105.367
-100.128
-95.7979
-92.1648
-88.991
-86.0402
-83.1069
-79.9953
-76.5703
-72.8811
-68.8398
-64.4942
-59.9174
-55.2125
-50.4662
-45.7353
-41.1523
-36.8742
-32.9085
-29.2687
-25.9624
-22.9866
-20.3288
-17.9692
-15.8834
-14.0447
-12.4261
-11.0012
-9.74587
-8.63817
-7.6587
-6.79267
-6.02598
-5.34673
-4.7447
-4.2109
-3.73744
-3.31739
-2.94466
-2.61386
-2.32025
-2.05961
-1.82818
-1.62263
-1.44
-1.27766
-1.13329
-1.00487
-0.890613
-0.78897
-0.698566
-0.618191
-0.546775
-0.483365
-0.427109
-0.377244
-0.333083
-0.294014
-0.259482
-0.228993
-0.2021
-0.178401
-0.157533
-0.139167
-0.123005
-0.108779
-0.0962507
-0.0852059
-0.0754582
-0.0668454
-0.0592265
-0.0524795
-0.0465
-0.0411968
-0.0364906
-0.0323123
-0.0286008
-0.0253031
-0.022359
-0.019723
-0.0173789
-0.0152955
-0.0134462
-0.0118078
-0.0103599
-0.00908406
-0.00796355
-0.0069826
-0.00612649
-0.00538128
-0.0047338
-0.00417159
-0.00368314
-0.00325796
-0.0028864
-0.00255983
-0.0022707
-0.0020125
-0.00177971
-0.00156779
-0.00137308
-0.00119283
-0.00102506
-0.000867991
-0.00071992
-0.000579208
-0.000449188
-0.000328224
-0.000205946
-0.00010405
-1.50555e-05
6.45524e-05
0.000122365
0.000170973
0.000213799
0.000250627
0.000282571
0.000309572
0.000332609
0.000352139
0.000369465
0.000382218
0.000394165
0.000400713
3757.58
3716.38
3663
3599.3
3524.56
3439.17
3343.29
3237.19
3121.43
2997.27
2866.72
2730.01
2588.55
2444.26
2299.27
2155.68
2015.41
1880.3
1751.67
1628.03
1505.84
1379.76
1245.15
900.376
751.62
611.306
478.563
350.586
225.336
101.347
-22.2115
-145.388
-267.336
-386.329
-499.941
-605.33
-699.595
-780.149
-845.583
-893.205
-921.698
-933.929
-930.369
-912.3
-881.323
-839.118
-787.294
-727.349
-660.715
-588.853
-513.387
-436.173
-359.317
-285.133
-216.201
-156.96
-102.54
-56.7627
-20.9231
4.84507
21.222
29.5569
31.7203
30.05
26.5001
23.5334
23.4365
28.0864
38.6361
56.2467
80.1617
109.565
143.722
180.948
219.375
257.247
292.85
324.646
351.456
372.63
388.151
398.673
405.485
410.31
415.05
421.068
429.306
441.151
456.75
475.116
494.759
513.985
531.129
544.684
553.368
556.143
551.968
540.375
521.183
494.274
459.325
416.085
364.292
303.778
234.598
157.181
72.7743
-18.4714
-120.346
-221.451
-322.202
-420.438
-513.951
-600.676
-678.802
-746.802
-803.424
-847.627
-878.522
-895.259
-896.55
-882.589
-852.987
-807.892
-748.009
-674.673
-589.85
-496.087
-396.359
-293.875
-191.882
-93.4947
-1.06412
82.5017
155.569
216.195
271.74
307.497
330.416
340.152
337.648
324.443
302.17
272.943
239.249
203.82
169.49
139.034
115.049
99.5096
93.3491
95.9761
107.278
130.502
159.063
193.421
230.976
269.784
308.193
344.838
378.72
409.219
436.016
458.969
477.949
492.676
502.607
506.925
504.546
494.363
475.363
446.868
408.645
361.101
305.263
242.699
175.363
105.342
34.7103
-34.7803
-102.88
-168.971
-233.23
-296.376
-359.237
-422.439
-486.097
-549.635
-611.728
-670.407
-723.247
-767.632
-801.043
-821.283
-826.992
-816.559
-790.383
-748.999
-693.539
-625.558
-546.879
-459.484
-365.395
-266.59
-164.77
-62.563
44.0727
144.177
241.326
333.048
418.001
494.597
561.3
616.662
659.384
688.468
703.213
703.548
689.906
663.232
624.932
576.908
521.261
460.115
395.425
328.811
261.523
194.307
127.637
63.9722
-4.36402
-66.0685
-126.639
-183.472
-235.548
-281.697
-320.976
-352.842
-377.268
-394.67
-405.984
-412.332
-414.566
-414.33
-411.555
-406.86
-400.106
-390.95
-378.946
-363.681
-344.888
-322.514
-296.722
-267.839
-236.279
-202.485
-166.941
-129.926
-91.6644
-53.85
-17.6
20.3221
55.1481
86.6245
113.811
135.913
152.424
163.447
169.363
171.255
170.254
168.276
165.754
165.776
167.068
173.155
182.483
196.055
213.459
234.571
258.808
285.668
314.427
344.389
374.76
404.798
433.775
461.071
486.14
508.522
527.791
543.56
555.233
562.137
563.968
556.793
542.779
520.316
488.809
447.963
398.167
340.765
275.706
204.4
134.07
67.934
-11.1394
-74.977
-136.221
-190.179
-236.107
-273.425
-301.745
-321.054
-331.81
-334.668
-330.537
-320.592
-306.116
-288.438
-268.824
-248.402
-228.098
-208.606
-190.391
-173.721
-158.72
-145.403
-133.65
-123.446
-114.742
-107.46
-101.494
-96.6965
-92.8696
-89.778
-87.1562
-84.7269
-82.2503
-79.509
-76.3208
-72.7793
-68.7828
-64.4059
-59.7387
-54.9082
-50.0288
-45.1714
-40.4668
-36.0931
-32.0655
-28.3934
-25.0812
-22.1215
-19.497
-17.1832
-15.1512
-13.3707
-11.8115
-10.4449
-9.24528
-8.18975
-7.25832
-6.43601
-5.70879
-5.06495
-4.49453
-3.98886
-3.5404
-3.14252
-2.78943
-2.47605
-2.19787
-1.95091
-1.7316
-1.53681
-1.36372
-1.20984
-1.07301
-0.951286
-0.842999
-0.746672
-0.661005
-0.584852
-0.517197
-0.457136
-0.40386
-0.356644
-0.314838
-0.27786
-0.245185
-0.216343
-0.190911
-0.168507
-0.148785
-0.131432
-0.116165
-0.10273
-0.0908991
-0.0804706
-0.0712683
-0.0631385
-0.0559481
-0.0495825
-0.0439427
-0.0389426
-0.0345074
-0.0305715
-0.0270773
-0.0239744
-0.0212056
-0.0187281
-0.0165267
-0.0145717
-0.0128382
-0.0113046
-0.00995131
-0.00876136
-0.00771878
-0.00680878
-0.00601756
-0.00533204
-0.00473986
-0.00422944
-0.00379
-0.00341157
-0.00308525
-0.00280314
-0.00255843
-0.0023452
-0.00215855
-0.00199439
-0.00184926
-0.00172057
-0.00160634
-0.00150488
-0.00141479
-0.00133463
-0.0012637
-0.00120197
-0.00114575
-0.00109147
-0.00104463
-0.00100975
-0.000963123
-0.000911517
-0.000859168
-0.000810776
-0.000764683
-0.000723024
-0.000685737
-0.000651451
-0.00062089
-0.000594944
-0.000573911
-0.000555349
3806.12
3760.73
3703.74
3637.57
3560.78
3473.46
3375.61
3267.28
3148.81
3021.36
2887.23
2746.31
2600.07
2450.71
2300.73
2152.53
2008.3
1870.02
1739.42
1614.61
1491.41
1364.17
1222.21
887.636
738.193
600.047
469.199
342.763
218.573
94.8886
-29.4451
-154.736
-280.236
-404.101
-523.566
-635.3
-735.833
-821.994
-891.845
-943.262
-973.492
-985.861
-980.891
-960.167
-925.588
-879.104
-822.513
-757.406
-685.234
-607.448
-525.697
-441.933
-358.448
-277.829
-203.256
-136.839
-78.0577
-30.0368
6.52324
31.4827
45.6055
50.4983
48.2929
41.3628
32.3417
24.0204
19.0634
19.6625
26.8661
42.6172
65.9585
96.008
132.548
173.293
215.745
257.831
297.438
332.609
361.801
384.107
399.396
408.364
412.436
413.471
412.965
415.67
424.964
436.94
453.488
473.743
496.141
518.764
539.661
557.019
569.268
575.151
573.66
564.165
546.624
520.993
486.987
444.263
392.451
331.209
260.394
180.31
92.0969
-1.5081
-110.732
-218.084
-325.681
-430.903
-531.233
-624.36
-708.303
-781.449
-842.526
-890.497
-924.464
-943.507
-946.332
-932.866
-902.525
-855.277
-791.713
-713.164
-621.717
-520.164
-411.831
-300.335
-189.347
-82.3667
17.6711
107.891
186.332
250.858
310.284
347.185
369.806
377.525
372.1
354.514
326.641
290.845
249.934
207.02
165.365
128.21
98.8057
79.8694
69.9323
70.9944
83.218
106.587
139.244
178.697
221.287
264.95
307.841
348.4
385.545
418.689
447.658
472.525
493.379
510.121
522.277
528.963
528.922
520.772
503.07
474.896
435.844
386.207
327.113
260.401
188.425
113.757
38.9172
-34.0584
-104.47
-171.856
-236.653
-299.985
-363.204
-427.441
-493.199
-560.087
-626.742
-690.932
-749.805
-800.207
-839.04
-863.594
-872.034
-863.189
-836.614
-793.264
-734.471
-662.093
-578.262
-485.247
-385.32
-280.701
-173.628
-69.173
52.8567
154.986
256.834
353.634
443.558
524.845
595.801
654.79
700.305
731.136
746.378
745.869
730.033
699.917
657.147
603.961
542.856
476.352
406.74
335.858
265.023
194.862
125.728
59.6479
-10.6601
-75.3096
-138.505
-198.075
-252.687
-300.894
-341.465
-373.707
-397.457
-413.402
-422.772
-426.998
-426.899
-425.083
-421.288
-416.134
-409.414
-400.582
-388.958
-373.922
-355.054
-332.241
-305.666
-275.728
-242.921
-207.746
-170.701
-132.033
-91.8981
-52.0166
-13.5291
26.5308
63.8996
97.5174
126.286
149.171
165.508
175.305
179.013
178.043
173.586
168
162.297
159.435
158.434
162.733
171.04
184.372
202.154
224.137
249.651
278.107
308.702
340.65
373.071
405.143
436.082
465.243
492.099
516.251
537.345
555.067
568.914
578.093
582.856
577.271
565.003
543.473
512.082
470.246
418.223
357.428
288.511
212.129
136.137
64.2242
-18.4303
-87.5284
-152.36
-209.162
-256.983
-295.299
-323.638
-342.202
-351.426
-352.111
-345.304
-332.349
-314.731
-293.976
-271.528
-248.646
-226.335
-205.315
-186.022
-168.659
-153.27
-139.793
-128.055
-117.976
-109.497
-102.539
-96.9966
-92.7196
-89.4975
-87.0676
-85.1124
-83.3047
-81.3662
-79.0564
-76.1499
-72.7576
-68.7932
-64.3581
-59.5642
-54.5679
-49.5165
-44.5013
-39.6515
-35.1642
-31.0665
-27.3606
-24.0463
-21.1106
-18.5299
-16.2739
-14.3082
-12.5981
-11.1097
-9.81195
-8.67745
-7.68236
-6.80621
-6.03394
-5.35167
-4.74798
-4.2133
-3.73938
-3.31905
-2.94609
-2.61509
-2.32126
-2.0604
-1.82878
-1.62309
-1.44036
-1.27798
-1.13362
-1.00525
-0.891053
-0.789471
-0.699117
-0.618773
-0.547363
-0.483933
-0.427632
-0.377701
-0.33346
-0.294296
-0.259664
-0.22907
-0.202075
-0.178278
-0.157322
-0.138881
-0.122659
-0.10839
-0.0958346
-0.0847793
-0.075035
-0.0664362
-0.0588397
-0.052121
-0.0461733
-0.0409042
-0.0362329
-0.0320897
-0.0284128
-0.0251484
-0.0222491
-0.0196615
-0.0173454
-0.0152862
-0.0134564
-0.0118329
-0.010395
-0.00912498
-0.00800661
-0.00702496
-0.00616619
-0.00541729
-0.00476588
-0.00420028
-0.00370954
-0.00328334
-0.00291225
-0.00258787
-0.00230267
-0.00205007
-0.00182443
-0.00162103
-0.00143603
-0.00126613
-0.00110893
-0.000962643
-0.000825178
-0.000697237
-0.000577086
-0.000464836
-0.000359892
-0.000261522
-0.000172632
-9.20045e-05
-1.50124e-05
4.80473e-05
9.60637e-05
0.000139892
0.000174558
0.000205209
0.000228545
0.000246889
0.000261994
0.000276934
0.000286045
0.000296265
0.000302835
3859.09
3808.84
3747.37
3678.7
3599.89
3510.74
3411.14
3300.84
3179.81
3049.01
2911.11
2765.48
2613.67
2458.3
2302.34
2148.63
1999.71
1857.8
1724.94
1598.41
1473.32
1343.67
1189.66
878.384
725.437
588.226
459.026
334.297
211.505
88.49
-36.365
-163.76
-293.146
-422.603
-549.004
-668.439
-776.736
-869.988
-945.432
-1001.64
-1033.95
-1046.64
-1040.03
-1016.1
-977.168
-925.548
-863.308
-792.164
-713.575
-628.956
-539.946
-448.575
-357.319
-269.056
-187.024
-113.031
-49.5252
1.64081
39.4071
63.604
75.0998
75.898
68.3589
55.1757
39.4974
24.634
13.8131
9.63603
12.3738
25.4978
47.8476
78.2255
117.824
163.17
210.677
258.095
302.83
342.389
374.754
398.674
413.855
421.065
421.754
418.06
414.677
414.144
418.488
431.156
448.441
470.719
496.353
523.099
548.609
570.65
587.282
596.991
598.737
591.572
575.99
551.749
518.847
476.786
425.093
363.225
290.782
207.933
115.7
18.2886
-98.8668
-213.362
-329.027
-442.508
-550.895
-651.562
-742.306
-821.413
-887.608
-939.894
-977.39
-999.106
-1003.87
-991.158
-960.187
-910.68
-843.044
-758.567
-659.462
-548.799
-430.324
-308.158
-186.508
-69.3531
39.8049
137.894
222.688
291.794
355.811
394.064
416.253
421.402
412.929
390.232
355.752
312.173
262.657
210.764
160.278
114.923
79.687
54.317
40.6522
40.4529
53.7276
79.2986
115.04
161.104
209.874
259.497
307.827
353.056
393.981
430.062
461.321
488.12
510.865
529.724
544.358
553.838
556.696
551.114
535.286
507.793
467.941
415.962
352.997
281.222
203.497
123.015
42.8848
-34.1887
-107.409
-176.155
-241.205
-304.221
-367.253
-432.121
-499.87
-570.396
-642.325
-713.112
-779.366
-837.236
-882.871
-912.905
-924.894
-917.925
-890.883
-845.132
-782.278
-704.572
-614.551
-514.842
-407.992
-296.392
-182.231
-68.7711
55.1248
165.988
274.204
376.994
472.686
559.436
635.398
698.72
747.636
780.665
796.631
795.21
776.83
742.602
694.427
634.969
567.23
494.254
418.777
342.923
268.088
194.725
122.987
54.5791
-17.6542
-85.4996
-151.829
-214.737
-272.529
-323.364
-365.635
-398.314
-421.214
-435.253
-442
-443.821
-440.731
-436.607
-431.543
-425.935
-419.442
-411.229
-400.286
-385.711
-366.879
-343.599
-316.105
-284.91
-250.64
-213.884
-175.16
-134.669
-92.4476
-50.1938
-9.08964
33.6516
74.1226
110.457
141.28
165.293
181.487
189.841
190.973
186.326
177.684
167.607
157.742
151.554
147.856
150.099
157.284
170.398
188.742
211.817
238.879
269.247
302.024
336.316
371.137
405.565
438.738
469.978
498.783
524.835
547.892
567.728
583.978
595.807
605.41
600.735
590.704
570.596
539.47
496.615
442.066
377.235
303.486
221.386
138.403
59.921
-27.522
-102.446
-171.501
-231.605
-281.637
-320.949
-349.31
-366.951
-374.31
-372.352
-362.313
-345.737
-324.349
-299.925
-274.126
-248.373
-223.769
-201.052
-180.608
-162.552
-146.822
-133.249
-121.59
-111.688
-103.481
-96.8933
-91.837
-88.1686
-85.6601
-83.9887
-82.8137
-81.7564
-80.4661
-78.6722
-76.1048
-72.8573
-68.9071
-64.3769
-59.4086
-54.1958
-48.9248
-43.7136
-38.6918
-34.0716
-29.8957
-26.1563
-22.8462
-19.9451
-17.4214
-15.2375
-13.3527
-11.7268
-10.3219
-9.10422
-8.04466
-7.11851
-6.30494
-5.5889
-4.95691
-4.39795
-3.90297
-3.4642
-3.07497
-2.72954
-2.42289
-2.15061
-1.90884
-1.69414
-1.50344
-1.33402
-1.18344
-1.04958
-0.930532
-0.824645
-0.730461
-0.646699
-0.572229
-0.506053
-0.447284
-0.395132
-0.348893
-0.307934
-0.271688
-0.239646
-0.211353
-0.186397
-0.164409
-0.145053
-0.128028
-0.113058
-0.0998953
-0.088316
-0.0781221
-0.0691389
-0.0612133
-0.0542128
-0.0480228
-0.042545
-0.0376938
-0.0333951
-0.029584
-0.0262035
-0.0232038
-0.0205412
-0.0181662
-0.0160414
-0.0141536
-0.0124775
-0.0109917
-0.0096775
-0.00851847
-0.00749978
-0.00660773
-0.00582967
-0.00515358
-0.00456816
-0.00406271
-0.00362724
-0.00325249
-0.00292959
-0.0026509
-0.00240969
-0.00219999
-0.00201684
-0.00185607
-0.00171444
-0.00158847
-0.00147609
-0.00137559
-0.00128641
-0.00120607
-0.0011338
-0.001069
-0.00101063
-0.000957247
-0.000908219
-0.000863406
-0.000820713
-0.000774777
-0.000729069
-0.000688599
-0.000648358
-0.000611763
-0.000575778
-0.000542024
-0.000511352
-0.000486608
-0.000462519
-0.000444891
-0.000429916
3915.32
3859.37
3792.52
3721.68
3640.69
3549.96
3449.17
3337.55
3214.48
3080.54
2938.86
2788.07
2629.84
2467.33
2304.17
2143.83
1989.33
1843.31
1707.89
1578.85
1451.12
1318.84
1149.39
868.274
712.432
575.687
448.008
325.187
204.212
82.3721
-42.5648
-171.866
-305.338
-441.074
-575.585
-704.295
-822.173
-924.396
-1007.17
-1069.19
-1104.23
-1117.41
-1108.89
-1081.07
-1036.84
-979.028
-910.086
-831.903
-745.94
-653.534
-556.264
-456.192
-355.943
-258.793
-167.516
-85.701
-16.096
39.126
78.6482
102.164
110.541
106.671
92.8031
72.0945
48.307
25.4488
7.69235
-1.43295
-3.30712
4.36539
23.6892
54.3758
98.3143
149.907
203.662
257.773
309.051
354.301
390.882
417.095
432.443
437.804
435.179
427.453
419.542
414.07
414.302
424.154
441.012
465.281
494.682
526.424
557.603
585.417
607.435
621.826
627.93
622.946
609.55
586.893
555.163
513.903
462.498
400.141
326.203
240.503
143.951
40.9789
-83.6369
-206.684
-331.909
-455.138
-573.023
-682.535
-781.188
-867.139
-939.137
-996.28
-1037.76
-1062.47
-1069.71
-1058.05
-1026.65
-974.885
-902.861
-811.761
-703.908
-582.695
-452.363
-317.644
-183.404
-54.2576
65.7414
173.102
265.335
339.717
409.166
448.917
470.933
474.491
461.135
432.342
390.152
337.441
277.753
215.165
154.065
98.7141
55.4073
22.1695
4.74194
3.35998
18.2439
47.1318
87.9428
139.224
196.603
253.479
308.394
359.176
404.456
443.746
477.323
505.941
530.446
551.404
568.703
581.42
587.916
585.55
572.29
546.084
505.677
451.063
383.576
305.661
220.833
133.077
46.207
-35.6544
-112.36
-182.496
-247.356
-309.287
-371.268
-436.057
-505.459
-579.803
-657.749
-736.393
-811.661
-878.805
-932.98
-969.975
-986.61
-981.75
-954.195
-905.511
-837.699
-753.537
-656.101
-548.463
-433.497
-313.762
-191.424
-69.2197
58.9456
178.16
293.61
403.223
505.495
598.531
680.332
748.797
801.846
837.636
854.662
852.284
831.01
791.904
737.227
670.166
594.378
513.594
431.145
349.545
270.287
193.59
119.355
48.7937
-25.3867
-96.5643
-166.529
-233.483
-295.265
-349.488
-393.998
-427.216
-449.129
-460.608
-463.597
-460.256
-455.403
-448.543
-441.932
-435.929
-429.961
-422.806
-412.991
-399.217
-380.579
-356.798
-328.205
-295.493
-259.496
-220.942
-180.38
-137.935
-93.4566
-48.5286
-4.38333
41.6949
85.9518
125.72
159.257
184.784
200.918
207.568
205.463
196.349
182.526
167.035
152.043
141.7
134.629
134.672
140.776
153.806
172.993
197.419
226.358
259.003
294.356
331.398
369.014
406.15
441.84
475.359
506.236
534.271
559.392
581.494
600.263
614.182
619.652
626.972
620.04
602.17
571.601
527.641
470.206
400.642
320.914
232.088
140.84
54.6752
-38.8314
-120.301
-194.25
-258.069
-310.439
-350.863
-379.211
-395.628
-400.675
-395.572
-381.656
-360.739
-334.85
-306.075
-276.348
-247.289
-220.109
-195.552
-173.936
-155.254
-139.285
-125.71
-114.216
-104.555
-96.6645
-90.4934
-85.981
-83.003
-81.309
-80.573
-80.3663
-80.1883
-79.6504
-78.4376
-76.2432
-73.1272
-69.1619
-64.4832
-59.277
-53.7841
-48.2358
-42.7848
-37.5624
-32.7907
-28.5316
-24.7625
-21.4671
-18.615
-16.165
-14.0705
-12.2834
-10.7572
-9.44972
-8.3242
-7.34985
-6.50125
-5.7575
-5.10377
-4.52717
-4.01729
-3.5657
-3.16525
-2.80989
-2.49437
-2.21416
-1.96528
-1.74422
-1.54788
-1.37345
-1.21846
-1.08071
-0.958233
-0.849322
-0.752457
-0.666311
-0.589712
-0.521626
-0.461138
-0.407436
-0.359795
-0.317569
-0.280178
-0.247102
-0.217875
-0.192078
-0.169336
-0.149308
-0.131688
-0.116196
-0.102581
-0.0906126
-0.0800872
-0.0708228
-0.0626599
-0.0554587
-0.0490988
-0.0434761
-0.0385012
-0.0340966
-0.0301943
-0.0267353
-0.0236676
-0.0209459
-0.0185298
-0.0163748
-0.0144461
-0.0127321
-0.0112095
-0.00985905
-0.00866362
-0.00760833
-0.00667973
-0.00586543
-0.00515374
-0.00453371
-0.0039949
-0.00352746
-0.00312229
-0.0027709
-0.0024649
-0.00219708
-0.00196138
-0.00175247
-0.00156559
-0.00139665
-0.00124405
-0.00110297
-0.000972237
-0.000850531
-0.000736716
-0.000630691
-0.000531411
-0.000438787
-0.000352769
-0.000273535
-0.000201412
-0.000136229
-7.79887e-05
-2.78193e-05
1.56074e-05
5.13724e-05
8.26374e-05
0.00010848
0.000130635
0.000149454
0.000162945
0.00017441
0.000183167
0.000193018
0.000200433
3972.49
3910.27
3837.87
3764.58
3680.89
3589.27
3488.59
3376.88
3252.85
3116.38
2971.19
2814.9
2649.31
2478.31
2306.43
2138.01
1976.82
1826.26
1687.73
1555.02
1424.36
1291.14
1101.22
854.881
698.329
562.154
436.009
315.337
196.673
76.6834
-47.6507
-178.388
-315.915
-458.506
-602.363
-742.161
-871.83
-985.397
-1077.8
-1147.01
-1185.63
-1199.67
-1188.9
-1156.33
-1105.57
-1040.22
-963.267
-876.869
-782.478
-681.297
-574.775
-464.924
-354.388
-247.264
-145.11
-54.0923
22.9336
83.3074
125.319
148.351
152.749
143.995
122.696
92.9106
59.2041
26.4598
0.869253
-15.9507
-25.6645
-22.246
-4.74025
26.2316
71.6454
132.764
193.995
256.463
316.067
368.683
410.857
440.299
456.205
459.416
452.315
439.603
424.74
412.79
408.093
414.898
430.001
456.336
490.148
527.956
566.13
601.104
629.742
649.623
658.775
658.509
647.702
626.842
596.238
555.848
504.925
442.309
367.011
278.468
177.076
65.3366
-61.9795
-197.324
-333.918
-468.631
-597.707
-717.604
-825.441
-919.2
-997.698
-1060.22
-1106.1
-1134.34
-1144.21
-1134.1
-1102.63
-1048.77
-972.164
-873.803
-756.076
-622.747
-478.634
-329.212
-180.163
-36.8342
95.9814
214.239
315.145
395.604
471.235
512.699
534.453
535.506
517.359
481.669
430.61
367.287
295.662
220.406
146.674
79.4906
24.1963
-16.3725
-38.7327
-41.7098
-25.2143
8.41904
56.0711
113.715
181.529
247
309.866
367.268
417.563
460.311
496.115
526.256
552.177
575.033
595.054
611.397
622.274
624.082
614.409
590.294
549.859
492.548
419.714
334.416
240.822
144.013
49.1003
-39.808
-120.293
-191.787
-255.785
-315.531
-375.17
-438.746
-509.124
-587.28
-671.997
-759.96
-846.244
-924.935
-989.86
-1035.69
-1058.31
-1056.06
-1027.85
-975.544
-901.655
-809.642
-703.322
-586.331
-461.93
-332.883
-201.433
-70.2279
64.2535
191.898
315.231
432.414
542.071
642.258
730.818
805.36
863.423
902.703
921.28
917.974
893.482
848.65
786.183
709.921
624.352
534.12
443.358
355.119
271.032
191.028
114.643
42.2236
-33.7077
-108.27
-182.374
-254.22
-321.034
-379.691
-427.117
-461.236
-481.894
-490.223
-488.799
-480.785
-470.778
-460.446
-451.916
-445.626
-440.637
-435.183
-427.14
-414.643
-396.45
-372.134
-342.2
-307.625
-269.563
-228.961
-186.415
-141.946
-95.125
-47.2629
0.377407
50.5674
99.4068
143.539
180.648
208.23
224.552
229.252
223.217
208.593
188.346
166.16
144.982
129.197
118.531
116.053
121.068
134.146
154.608
180.68
211.863
247.197
285.568
325.819
366.68
406.923
445.438
481.428
514.46
544.487
571.698
596.22
617.993
636.035
648.678
658
653.664
638.601
609.155
564.064
503.378
428.333
341.418
244.395
143.716
48.3659
-52.5659
-141.474
-221.02
-288.937
-343.932
-385.605
-413.749
-428.667
-430.816
-422.086
-403.576
-377.484
-346.241
-312.323
-278.004
-245.14
-215.072
-188.56
-165.817
-146.615
-130.539
-117.104
-105.909
-96.5685
-89.0313
-83.2887
-79.3789
-77.1947
-76.4836
-76.8109
-77.6528
-78.5212
-78.8905
-78.3826
-76.6195
-73.6269
-69.6082
-64.711
-59.1863
-53.3341
-47.4389
-41.6954
-36.24
-31.2979
-26.9519
-23.16
-19.8933
-17.1086
-14.7529
-12.7686
-11.099
-9.69052
-8.49577
-7.47525
-6.5967
-5.83431
-5.16747
-4.58186
-4.06547
-3.6087
-3.20391
-2.8447
-2.52569
-2.24225
-1.99038
-1.76656
-1.56769
-1.391
-1.234
-1.09449
-0.970477
-0.860221
-0.762179
-0.674996
-0.597475
-0.528566
-0.467334
-0.412954
-0.364694
-0.321898
-0.283983
-0.250424
-0.220754
-0.194549
-0.171434
-0.151067
-0.133145
-0.117388
-0.103544
-0.0913844
-0.0807014
-0.0713106
-0.063048
-0.0557703
-0.049352
-0.0436853
-0.0386775
-0.0342488
-0.0303301
-0.0268602
-0.0237864
-0.0210621
-0.0186464
-0.0165036
-0.0145935
-0.0128852
-0.011368
-0.0100214
-0.00882828
-0.00777349
-0.00684375
-0.00602732
-0.00531329
-0.00469114
-0.00415117
-0.00368409
-0.00328114
-0.00293432
-0.00263676
-0.00237985
-0.00215779
-0.0019653
-0.00179759
-0.00165059
-0.00152074
-0.00140862
-0.00130588
-0.00121413
-0.00113171
-0.00105738
-0.000990297
-0.000929473
-0.000874082
-0.000823291
-0.000776238
-0.000732224
-0.000690403
-0.00064974
-0.0006098
-0.000571099
-0.000535436
-0.000500906
-0.000468548
-0.000437102
-0.000408556
-0.000382549
-0.000361596
-0.000342348
-0.0003279
-0.000316004
4026.75
3957.15
3883.41
3802.72
3715.88
3625.19
3527.35
3418.24
3294.9
3157.07
3009.1
2847.2
2673.25
2492.09
2309.52
2131.12
1961.78
1806.32
1663.4
1525.47
1392.49
1265.49
1043.75
837.322
682.638
547.394
422.831
304.527
188.72
71.4357
-51.2942
-182.603
-323.782
-473.57
-627.998
-780.948
-925.086
-1053.02
-1158.07
-1236.51
-1279.8
-1295.38
-1282.02
-1243.53
-1184.61
-1109.9
-1023.26
-927.211
-823.208
-712.25
-595.557
-475.008
-353.049
-234.426
-119.796
-17.8929
68.1765
135.118
180.677
203.761
201.947
189.604
159.457
118.673
72.7655
27.3979
-6.62021
-37.3068
-54.4658
-55.508
-39.3723
-7.33622
38.3655
111.134
180.657
253.551
323.741
385.878
435.464
469.409
486.507
487.43
475.098
454.508
430.89
410.245
397.924
396.568
413.544
442.419
481.409
526.614
573.483
617.436
654.409
681.332
696.389
699.516
691.204
672.004
642.482
602.906
552.544
489.975
413.609
322.376
216.051
96.2187
-36.3179
-185.194
-334.601
-482.761
-625.057
-757.194
-875.727
-978.355
-1064.04
-1132.38
-1183.03
-1215.25
-1227.78
-1219.9
-1188.85
-1133.3
-1052.11
-945.959
-817.218
-670.071
-510.014
-343.417
-177.093
-16.6738
131.157
262.201
373.204
460.595
543.14
586.475
607.79
605.978
582.573
539.148
478
402.461
316.926
226.727
137.985
55.9747
-12.4467
-62.7888
-91.2217
-96.092
-77.9761
-39.0593
16.9533
83.8498
164.706
240.129
312.686
378.037
434.119
480.542
518.311
549.436
576.123
600.403
623.037
643.286
659.009
666.686
662.032
641.169
601.394
541.573
462.657
368.378
263.943
155.702
50.273
-46.9488
-132.368
-205.207
-267.443
-323.436
-378.86
-439.518
-509.747
-591.476
-683.74
-782.772
-882.566
-975.696
-1054.18
-1111.23
-1141.49
-1142.48
-1113.42
-1056.58
-975.168
-873.536
-756.546
-628.538
-493.234
-353.639
-212.113
-71.3019
70.9799
207.444
339.248
464.7
582.538
690.786
787.125
868.828
932.972
976.661
997.442
993.334
965.275
913.728
841.906
754.474
656.975
555.276
454.595
358.727
269.499
186.49
108.652
34.8584
-42.3354
-120.232
-199.049
-276.867
-350.113
-414.585
-465.884
-501.402
-520.384
-524.498
-517.014
-502.911
-486.369
-471.554
-460.728
-454.4
-451.096
-448.29
-442.948
-432.356
-414.954
-389.994
-358.343
-321.406
-280.828
-237.891
-193.264
-146.806
-97.6883
-46.7006
4.97931
60.1944
114.64
164.367
206.158
236.565
253.346
255.695
244.866
223.373
195.118
164.634
135.926
113.651
98.9097
93.5102
97.5826
110.797
133.494
161.38
195.259
233.765
275.668
319.664
364.294
408.104
449.775
488.4
523.59
555.512
584.728
611.756
636.873
659.463
677.718
692.362
692.052
680.63
652.947
607.025
542.38
460.914
365.329
258.326
146.648
40.3083
-69.5219
-166.865
-252.709
-325.104
-382.942
-425.766
-453.546
-466.661
-465.602
-452.247
-428.205
-395.916
-358.279
-318.273
-278.599
-241.395
-208.181
-179.696
-155.899
-136.34
-120.478
-107.458
-96.706
-87.7194
-80.5122
-75.2377
-71.9868
-70.703
-71.1675
-72.6542
-74.9012
-77.0492
-78.4176
-78.6782
-77.3491
-74.4402
-70.3021
-65.0859
-59.1338
-52.8215
-46.4955
-40.4
-34.6791
-29.5529
-25.1231
-21.3228
-18.1066
-15.4146
-13.1792
-11.3299
-9.80073
-8.52966
-7.46406
-6.56182
-5.78985
-5.12216
-4.53904
-4.02699
-3.57524
-3.17523
-2.82028
-2.50489
-2.22444
-1.975
-1.75313
-1.55585
-1.38047
-1.22459
-1.08606
-0.962937
-0.853493
-0.756192
-0.669682
-0.592772
-0.524408
-0.46366
-0.409704
-0.361809
-0.319325
-0.281673
-0.248334
-0.218844
-0.192789
-0.169793
-0.149523
-0.131678
-0.115988
-0.102206
-0.0901082
-0.0794894
-0.0701658
-0.0619741
-0.0547699
-0.0484267
-0.0428344
-0.0378983
-0.0335376
-0.0296832
-0.0262749
-0.0232579
-0.0205864
-0.0182195
-0.0161213
-0.0142605
-0.0126021
-0.0111188
-0.00980081
-0.00863061
-0.00759368
-0.00667602
-0.00586653
-0.00515497
-0.00453218
-0.00398845
-0.00351541
-0.00310491
-0.00274899
-0.00244052
-0.00217554
-0.0019429
-0.00173902
-0.00155929
-0.00139957
-0.00125629
-0.00112639
-0.00100886
-0.000899564
-0.000797925
-0.000703062
-0.000614382
-0.00053145
-0.000454076
-0.000382217
-0.000315937
-0.000255371
-0.000200645
-0.000151823
-0.000108969
-7.18545e-05
-4.01493e-05
-1.37958e-05
8.5545e-06
2.73428e-05
4.35886e-05
5.78014e-05
7.02342e-05
8.12281e-05
9.07232e-05
0.000100486
0.000108908
4072.88
3989.41
3918.51
3823.72
3736.74
3651.76
3562.06
3460.42
3341.21
3203.37
3053.95
2886.75
2703.46
2510.09
2314.18
2123.18
1943.92
1782.75
1633
1488.16
1353.34
1224.41
1000.07
816.659
665.347
531.313
408.243
292.374
179.93
66.3693
-53.3606
-183.809
-327.642
-484.507
-650.575
-818.952
-980.788
-1126.96
-1248.76
-1339.64
-1388.79
-1407.36
-1390.98
-1345
-1275.64
-1189.07
-1090.49
-982.974
-867.993
-746.255
-618.617
-486.816
-353.799
-219.24
-91.6413
22.9568
120.089
195.481
246.175
271.177
273.56
247.053
205.119
150.943
90.0703
27.2999
-16.3917
-61.9945
-89.523
-97.1676
-83.6362
-49.1407
4.5389
76.8592
161.69
247.97
331.641
406.094
465.527
505.743
525.072
523.389
504.745
474.523
439.578
407.458
385.191
378.191
391.221
421.741
466.552
520.725
578.47
633.816
681.4
717.204
739.022
746.703
740.861
722.992
694.358
655.247
605.454
543.161
466.256
372.869
262.004
134.369
-5.24176
-169.079
-332.993
-496.943
-654.983
-801.723
-932.853
-1045.57
-1139.11
-1213.56
-1269.11
-1305.41
-1321.04
-1315.63
-1285.93
-1229.5
-1144.06
-1029.89
-889.119
-726.407
-548.022
-361.365
-174.591
5.87477
171.678
317.889
440.734
536.056
626.117
671.515
692.005
687.318
658.104
606.108
533.656
444.245
342.664
234.952
128.908
28.2812
-55.7946
-118.403
-154.533
-161.512
-142.182
-96.9514
-30.5042
50.8471
141.655
232.207
317.114
392.245
455.171
505.551
544.969
576.112
602.544
627.242
652.016
676.45
698.185
712.835
715.01
699.231
661.501
599.674
514.345
409.303
291.533
168.796
49.7647
-58.2802
-150.191
-224.645
-284.092
-334.229
-382.824
-437.955
-506.048
-590.476
-690.774
-802.748
-919.068
-1030.36
-1126.14
-1197.68
-1237.9
-1243.02
-1213.07
-1150.64
-1059.92
-946.425
-816.565
-675.546
-527.632
-376.101
-223.425
-72.2362
78.9966
224.773
365.586
499.946
626.71
743.931
849.146
939.247
1010.78
1060.13
1084.12
1079.68
1047.91
988.762
905.888
804.976
692.873
577.083
464.313
359.436
264.615
179.117
101.036
26.4269
-50.9914
-131.741
-215.722
-300.748
-382.244
-454.433
-511.152
-548.898
-566.015
-564.809
-549.476
-526.375
-501.808
-481.123
-467.424
-461.319
-460.63
-461.746
-460.434
-452.741
-436.585
-410.924
-377.069
-337.09
-293.368
-247.706
-200.906
-152.604
-101.427
-47.2764
8.91734
70.107
131.381
188.216
236.218
270.513
288.32
288.175
271.471
241.547
203.375
162.621
124.728
94.8287
74.5371
65.1783
69.8132
84.3496
108.25
139.066
176.238
218.445
264.434
312.771
361.776
409.694
454.913
496.346
533.639
567.225
598.178
627.574
656.139
683.523
707.384
724.034
736.194
728.733
703.666
657.386
588.397
499.33
393.503
274.486
149.912
30.4692
-89.9165
-196.862
-289.794
-367.059
-427.896
-471.873
-499.112
-510.122
-505.114
-486.416
-455.851
-416.214
-370.989
-323.805
-277.9
-235.758
-199.096
-168.504
-143.814
-124.492
-109.157
-96.7247
-86.5688
-78.0455
-71.212
-66.3038
-63.5647
-63.3312
-64.939
-68.2862
-71.8649
-75.3113
-77.8397
-79.3277
-78.4863
-75.6597
-71.3077
-65.6464
-59.1338
-52.2405
-45.3857
-38.8699
-32.8479
-27.5258
-23.0185
-19.2292
-16.0902
-13.5207
-11.4363
-9.75029
-8.38799
-7.27696
-6.35895
-5.58941
-4.93495
-4.37002
-3.87688
-3.44333
-3.06017
-2.72012
-2.41767
-2.14831
-1.90831
-1.69449
-1.50407
-1.33459
-1.18382
-1.04977
-0.930605
-0.824685
-0.730533
-0.646839
-0.572445
-0.506332
-0.447594
-0.395429
-0.349124
-0.308048
-0.27164
-0.239397
-0.210872
-0.185663
-0.163412
-0.143792
-0.126515
-0.111323
-0.0979804
-0.0862751
-0.076014
-0.0670151
-0.0591203
-0.0521893
-0.0460987
-0.0407405
-0.0360186
-0.0318534
-0.0281761
-0.0249287
-0.0220618
-0.019525
-0.0172806
-0.0152941
-0.0135348
-0.011976
-0.0105883
-0.00934857
-0.00824751
-0.00727068
-0.0064073
-0.00564355
-0.00497094
-0.00438124
-0.00386753
-0.0034202
-0.00303283
-0.00269852
-0.00241039
-0.00216128
-0.00195475
-0.00177059
-0.00161196
-0.00147451
-0.00135459
-0.00124924
-0.00115613
-0.00107356
-0.000999211
-0.00093212
-0.000871335
-0.000816044
-0.000765502
-0.000719033
-0.000675967
-0.000635636
-0.000597403
-0.00056067
-0.000524928
-0.000489821
-0.000455309
-0.000421631
-0.000389198
-0.000358166
-0.000329057
-0.000302018
-0.000278282
-0.000257803
-0.000241011
-0.000227141
-0.000216465
-0.000207981
4084.62
3997.79
3911.57
3813.33
3734.07
3662.14
3584.13
3490.96
3376.59
3239.99
3089.74
2918.72
2727.62
2523.82
2316.6
2115.26
1928.68
1762.63
1606.74
1456.8
1322.36
1189.62
975.215
801.654
652.819
519.547
397.384
283.309
173.7
63.6152
-52.9354
-181.81
-327.003
-489.108
-664.5
-845.62
-1022.18
-1183.63
-1319.42
-1421.11
-1475.15
-1495.56
-1475.58
-1422.46
-1343.71
-1246.95
-1138.7
-1022.41
-899.386
-769.97
-634.546
-494.603
-354.536
-206.074
-69.1555
55.4256
161.433
243.616
298.288
323.939
321.683
290.577
239.854
174.863
102.238
29.1396
-30.9996
-84.7985
-119.948
-132.468
-120.711
-84.4699
-25.4604
51.9858
147.098
244.382
339.335
424.066
491.656
537.012
557.852
553.379
529.066
490.341
445.43
403.298
372.486
359.896
370.278
402.378
452.429
514.541
581.783
646.887
703.325
746.249
773.083
783.674
779.103
761.592
733.14
694.162
644.795
583.058
506.244
411.781
297.968
164.94
18.5029
-156.635
-331.985
-508.62
-679.242
-837.481
-978.245
-1098.21
-1197.04
-1275.43
-1334.11
-1373.01
-1391.32
-1388.17
-1359.89
-1303.03
-1215.09
-1095.01
-944.831
-769.795
-576.777
-374.035
-170.939
25.4286
205.351
363.263
495.001
595.995
690.718
737.5
756.92
749.581
715.824
657.182
575.946
475.669
361.387
239.607
119.789
4.5039
-92.2761
-164.775
-206.909
-214.328
-194.382
-143.457
-67.9483
24.6482
126.3
228.425
323.235
405.972
473.835
526.674
566.275
596.407
621.607
645.857
671.856
699.591
726.492
747.566
755.831
744.847
709.345
646.117
555.495
441.368
311.932
176.661
45.9973
-71.197
-168.175
-243.189
-299.147
-342.968
-384.364
-433.511
-498.804
-584.814
-691.618
-814.551
-945.055
-1072.02
-1182.51
-1266.3
-1314.61
-1322.78
-1291.52
-1223.89
-1124.99
-1001.29
-860.868
-709.539
-551.927
-391.451
-230.606
-71.9456
85.878
238.243
385.466
526.279
659.616
783.613
895.725
992.499
1070.08
1124.25
1151.09
1146.7
1111.93
1046.64
954.526
842.304
717.943
590.467
467.94
356.22
257.742
171.509
94.8761
20.2579
-56.2231
-138.55
-226.645
-317.907
-406.796
-485.925
-547.802
-587.526
-602.85
-597.012
-573.948
-542.769
-511.028
-485.256
-469.333
-463.926
-466.175
-471.295
-474.007
-469.147
-454.115
-427.729
-391.741
-348.943
-302.472
-254.663
-206.442
-157.202
-105.005
-48.8286
10.7806
76.8433
143.926
207.036
260.625
298.62
317.492
315.205
293.55
256.354
209.64
160.159
114.632
78.2715
54.3234
43.6427
47.7186
63.2829
88.7913
121.946
161.703
206.801
255.995
307.763
360.246
411.407
459.335
502.753
541.316
575.699
607.463
638.249
669.289
700.472
729.735
753.072
770.646
766.344
744.033
697.6
625.512
530.008
415.754
286.755
151.71
21.7002
-107.219
-221.504
-319.669
-400.299
-463.132
-507.786
-534.499
-543.849
-535.577
-512.606
-476.784
-431.181
-379.762
-326.781
-275.94
-229.985
-190.767
-158.841
-134.057
-115.166
-100.517
-88.7454
-79.0947
-70.9532
-64.3021
-59.664
-57.2769
-57.7624
-60.6092
-64.79
-69.8552
-74.6954
-78.4614
-80.2918
-79.7125
-76.8616
-72.2662
-66.1766
-59.1578
-51.7625
-44.4679
-37.6158
-31.3689
-25.9144
-21.3689
-17.6102
-14.5515
-12.0928
-10.1386
-8.58599
-7.35853
-6.37296
-5.56768
-4.89691
-4.32862
-3.83829
-3.40981
-3.03227
-2.69774
-2.40003
-2.13453
-1.89751
-1.68591
-1.49709
-1.32873
-1.17876
-1.04529
-0.926576
-0.821031
-0.727214
-0.643828
-0.569718
-0.503863
-0.445362
-0.393414
-0.347304
-0.306398
-0.270135
-0.238015
-0.209591
-0.184463
-0.162275
-0.14271
-0.125472
-0.110307
-0.0969843
-0.085296
-0.0750529
-0.0660865
-0.0582278
-0.0513387
-0.0452949
-0.0399873
-0.0353228
-0.0312132
-0.0275897
-0.0243924
-0.0215705
-0.0190851
-0.0168841
-0.0149381
-0.0132168
-0.0116932
-0.0103436
-0.00914325
-0.00807094
-0.00711808
-0.00627207
-0.00552653
-0.00486495
-0.00428224
-0.00377102
-0.00332704
-0.00293895
-0.00260268
-0.00231207
-0.00206106
-0.00184403
-0.00166041
-0.00149779
-0.00135577
-0.001231
-0.00112047
-0.00102158
-0.000932386
-0.000851135
-0.000776119
-0.000706688
-0.000642041
-0.000581843
-0.000525791
-0.000473707
-0.000425492
-0.000381083
-0.000340408
-0.000303418
-0.000269996
-0.000239968
-0.000213174
-0.000189424
-0.000168414
-0.00014963
-0.000132685
-0.000117075
-0.000103001
-9.02065e-05
-7.85174e-05
-6.80249e-05
-5.83033e-05
-5.02467e-05
4080.97
4003.28
3896
3799.69
3729.2
3666.61
3595.83
3507.6
3395.9
3260.31
3109.69
2936.64
2741.12
2531.37
2317.75
2110.58
1920.1
1751.14
1591.76
1439.18
1305.52
1170.22
962.827
793.753
646.174
513.242
391.505
278.391
170.394
62.3561
-52.2526
-180.06
-325.849
-490.78
-671.363
-859.665
-1044.53
-1214.62
-1358.33
-1466.19
-1523.23
-1544.31
-1521.99
-1464.64
-1380.45
-1277.88
-1164.26
-1043.2
-915.896
-782.431
-642.894
-498.561
-354.236
-199.285
-56.7362
73.4125
184.362
270.321
327.179
353.137
348.495
314.421
258.787
187.743
108.53
29.1922
-39.0907
-97.9334
-137.285
-152.467
-141.614
-104.364
-42.5293
38.6036
139.067
242.603
343.924
434.44
506.606
554.83
576.454
570.493
542.675
499.045
448.413
400.547
364.859
349.056
357.995
391.054
444.163
510.864
583.551
654.204
715.619
762.476
791.99
804.044
800.009
782.597
754.027
715.153
666.032
604.689
528.055
433.144
317.838
181.977
31.5173
-149.667
-331.379
-515.095
-692.719
-857.321
-1003.36
-1127.16
-1228.73
-1309.12
-1369.38
-1409.59
-1429.38
-1427.65
-1400.29
-1343.13
-1254.04
-1130.77
-975.379
-793.506
-592.355
-380.665
-168.497
36.6536
224.346
388.645
525.185
629.196
726.134
773.695
792.419
783.55
747.319
685.05
599.011
492.771
371.486
241.914
114.388
-8.99679
-112.869
-190.898
-236.401
-243.562
-223.577
-169.286
-88.5799
10.3371
118.353
226.892
327.2
414.098
484.606
538.563
578.057
607.424
631.711
655.562
682.15
711.724
741.555
766.472
778.234
770.062
735.918
671.966
578.337
459.078
322.974
180.532
43.2038
-79.1681
-178.936
-254.095
-307.827
-347.772
-384.782
-430.301
-493.803
-580.634
-691.084
-820.24
-958.836
-1094.76
-1213.61
-1304.36
-1357.15
-1366.96
-1334.8
-1264.11
-1160.52
-1030.96
-884.64
-727.623
-564.722
-399.414
-234.193
-71.5542
89.7931
245.644
396.262
540.523
677.395
805.071
920.976
1021.45
1102.42
1159.34
1187.83
1183.52
1147.06
1078.36
981.051
862.446
731.154
597.092
469.118
353.67
253.339
166.954
91.2303
17.3075
-58.6556
-141.759
-232.157
-327.005
-420.191
-503.374
-568.31
-609.164
-623.375
-614.676
-587.222
-551.349
-515.461
-486.79
-469.667
-464.783
-468.859
-476.39
-481.521
-478.324
-463.939
-437.084
-399.809
-355.346
-307.296
-258.306
-209.381
-159.747
-107.131
-49.9548
11.5233
80.3052
150.709
217.443
274.279
314.471
333.966
330.459
305.972
264.616
213.023
158.583
108.753
69.0102
42.9178
31.5324
35.4518
51.6596
78.1369
112.589
153.759
200.436
251.388
305.053
359.47
412.431
461.846
506.312
545.484
580.173
612.232
643.641
675.953
709.218
741.463
768.37
789.194
787.068
766.419
719.952
646.173
547.007
427.997
293.361
152.445
16.5255
-117.095
-235.368
-336.331
-418.711
-482.577
-527.558
-553.951
-562.373
-552.267
-526.927
-488.177
-439.231
-384.329
-328.111
-274.543
-226.502
-185.916
-153.383
-128.615
-110.046
-95.8343
-84.4653
-75.0838
-67.1562
-60.5727
-56.0483
-53.8497
-54.7029
-58.3837
-62.9777
-68.7393
-74.3313
-78.4003
-80.8904
-80.4547
-77.5728
-72.8264
-66.4825
-59.1697
-51.4879
-43.9467
-36.9093
-30.5425
-25.021
-20.46
-16.7233
-13.7133
-11.3185
-9.43841
-7.9599
-6.80748
-5.89081
-5.14686
-4.52932
-4.00725
-3.55665
-3.16259
-2.8148
-2.50604
-2.23074
-1.98478
-1.76485
-1.56825
-1.39264
-1.23594
-1.09628
-0.971945
-0.861335
-0.76299
-0.675574
-0.597886
-0.528851
-0.467521
-0.413054
-0.364708
-0.32181
-0.283768
-0.250059
-0.220214
-0.193816
-0.170489
-0.149902
-0.131763
-0.115786
-0.101738
-0.0894048
-0.0785907
-0.0691197
-0.0608375
-0.0535804
-0.0472218
-0.0416461
-0.0367521
-0.0324546
-0.0286689
-0.0253323
-0.0223894
-0.019793
-0.0175112
-0.0154884
-0.0137012
-0.0121215
-0.0107239
-0.00948727
-0.00838738
-0.00740549
-0.00653322
-0.00575857
-0.00507837
-0.00447347
-0.00394125
-0.00347456
-0.00307118
-0.0027179
-0.00241265
-0.00214952
-0.00192288
-0.00172778
-0.00156247
-0.00141732
-0.0012911
-0.00118083
-0.00108378
-0.000997602
-0.000920576
-0.000851066
-0.000787598
-0.000729436
-0.000675859
-0.000626378
-0.000580559
-0.000538042
-0.000498485
-0.000461554
-0.000426943
-0.000394351
-0.000363521
-0.000334262
-0.000306499
-0.000280274
-0.000255663
-0.000232659
-0.00021134
-0.00019176
-0.00017426
-0.000158887
-0.000145773
-0.000134556
-0.000125366
-0.00011757
4065.93
4008.4
3865.25
3777.25
3720.02
3669.22
3606.91
3524.38
3415.85
3281.75
3131.09
2956.2
2756.09
2539.92
2319.27
2105.71
1911.09
1738.57
1575.34
1420.23
1288.31
1149.55
950.871
785.86
639.498
506.815
385.388
273.175
166.85
61.0696
-51.2606
-177.615
-323.679
-491.298
-677.212
-873.132
-1066.92
-1246.46
-1398.95
-1513.84
-1574.45
-1596.15
-1571.2
-1509.18
-1418.97
-1309.97
-1190.56
-1064.44
-932.687
-795.108
-651.435
-502.638
-353.802
-192.682
-44.0304
92.0778
208.37
298.469
357.779
384.162
377.348
339.977
279.157
201.664
115.361
29.0501
-47.3871
-111.989
-155.939
-174.039
-164.221
-125.987
-61.2924
24.3003
130.003
240.394
348.624
445.457
522.67
574.106
596.725
589.23
557.69
508.744
451.849
397.652
356.493
336.959
344.237
378.185
434.556
506.229
584.858
661.582
728.441
779.575
811.956
825.517
821.928
804.542
775.63
736.783
687.896
627.029
550.734
455.564
338.927
200.318
45.5013
-141.697
-330.17
-521.46
-706.599
-878.038
-1029.72
-1157.5
-1261.81
-1344.15
-1405.96
-1447.43
-1468.66
-1468.45
-1442.3
-1385.23
-1294.78
-1168.53
-1007.74
-818.741
-609.037
-387.87
-166.046
48.4499
244.413
415.49
557.103
664.296
763.218
811.706
829.549
819.171
780.398
714.406
623.417
510.993
382.386
244.597
108.84
-23.1773
-134.707
-218.781
-268.122
-274.673
-255.065
-197.045
-110.72
-5.00548
110.035
225.479
331.717
423.089
496.42
551.4
590.69
619.016
642.087
665.257
692.28
723.705
756.661
785.309
801.403
796.488
764.064
699.573
602.886
478.179
334.883
184.602
39.9023
-88.231
-191.125
-266.449
-317.67
-353.209
-385.156
-426.396
-487.605
-575.041
-689.194
-824.957
-972.299
-1118.02
-1246.03
-1344.44
-1402.2
-1413.68
-1380.58
-1306.54
-1197.84
-1061.91
-909.257
-746.214
-577.763
-407.437
-237.708
-71.0026
93.95
253.325
407.376
555.149
695.631
827.105
946.978
1051.35
1135.95
1195.88
1226.27
1222.21
1184.01
1111.81
1008.98
883.542
744.769
603.569
469.697
350.264
248.046
161.685
87.0985
14.4602
-60.7901
-144.537
-237.312
-336.033
-433.953
-521.679
-590.09
-632.29
-645.28
-632.168
-601.103
-560.081
-519.588
-487.705
-469.279
-465.04
-471.279
-481.52
-489.399
-488.08
-474.444
-447.063
-408.341
-362.015
-312.215
-261.959
-212.346
-162.409
-109.494
-51.4097
11.982
83.617
157.608
228.311
288.756
331.424
351.664
346.897
319.379
273.534
216.652
156.838
102.385
59.011
30.6474
18.5086
22.4422
39.4168
67.0009
102.833
145.488
193.826
246.624
302.29
358.757
413.627
464.602
510.137
549.879
584.794
617.055
649.033
682.639
718.099
753.477
783.895
808.098
808.839
790.043
743.676
668.226
565.195
441.171
300.549
153.387
11.2027
-127.512
-249.995
-353.864
-437.998
-502.889
-548.186
-574.266
-581.778
-569.73
-541.877
-500.031
-447.541
-388.93
-329.277
-272.827
-222.59
-180.575
-147.528
-122.818
-104.658
-90.9642
-80.0692
-70.9744
-63.2734
-56.7298
-52.3036
-50.2751
-51.5763
-55.4366
-61.1029
-67.6756
-74.0529
-79.0246
-81.5734
-81.2921
-78.3732
-73.448
-66.821
-59.1862
-51.1948
-43.3903
-36.157
-29.6664
-24.0788
-19.5057
-15.7962
-12.8411
-10.516
-8.71636
-7.31593
-6.24334
-5.39905
-4.71895
-4.15632
-3.68183
-3.27172
-2.91264
-2.59502
-2.31233
-2.05969
-1.83346
-1.63079
-1.44933
-1.28705
-1.14212
-1.01288
-0.897766
-0.795344
-0.704273
-0.623328
-0.5514
-0.487498
-0.430745
-0.38036
-0.335661
-0.296013
-0.260871
-0.229746
-0.202205
-0.177858
-0.156356
-0.13739
-0.120694
-0.105994
-0.0930767
-0.0817437
-0.0718136
-0.0631226
-0.0555326
-0.0488827
-0.0430599
-0.037957
-0.0334804
-0.0295544
-0.0260959
-0.0230493
-0.0203636
-0.0179944
-0.0159191
-0.0140758
-0.0124486
-0.0110112
-0.00974009
-0.0086168
-0.00761729
-0.00672537
-0.00593308
-0.00522849
-0.00461302
-0.00406295
-0.00357945
-0.00315585
-0.00278869
-0.00246786
-0.00219031
-0.00195082
-0.00174425
-0.00156614
-0.00141415
-0.00128046
-0.00116343
-0.00106035
-0.000968819
-0.000886654
-0.00081227
-0.000744139
-0.000681013
-0.000622388
-0.000567559
-0.000516336
-0.000468503
-0.000423957
-0.00038265
-0.000344553
-0.000309633
-0.000277859
-0.000249133
-0.000223308
-0.000200227
-0.000179685
-0.000161388
-0.000144942
-0.00013002
-0.000116287
-0.000103779
-9.22885e-05
-8.17216e-05
-7.20634e-05
-6.3141e-05
-5.535e-05
4041.36
3938.11
3817.65
3746.58
3706.7
3669.98
3617.26
3541.18
3436.34
3304.15
3154.32
2977.56
2772.64
2549.51
2321.16
2100.57
1901.53
1724.66
1557.32
1399.88
1269.72
1128.88
939.231
778.036
632.831
500.275
379.001
267.597
162.993
59.6893
-49.9914
-174.454
-320.409
-490.534
-681.902
-885.904
-1089.27
-1279.14
-1441.37
-1564.26
-1629.74
-1651.39
-1623.41
-1556.25
-1459.38
-1343.26
-1217.6
-1086.11
-949.74
-807.999
-660.198
-506.902
-353.383
-186.225
-31.0963
111.391
233.472
328.12
390.189
417.153
408.309
367.379
301.061
216.68
122.73
28.7812
-56.0362
-127.038
-176.009
-197.311
-188.662
-149.46
-81.7745
9.08361
119.585
237.703
353.422
457.147
539.921
594.954
618.799
609.733
574.25
519.546
455.796
394.603
347.33
323.521
328.847
363.601
423.45
500.52
585.644
669.022
741.842
797.636
833.086
848.171
844.918
827.402
798.004
759.033
710.35
650.04
574.256
479.036
361.241
219.935
60.4195
-132.625
-328.377
-527.784
-720.987
-899.765
-1057.49
-1189.34
-1296.37
-1380.6
-1443.9
-1486.51
-1509.15
-1510.62
-1485.87
-1429.47
-1337.42
-1208.42
-1042.05
-845.629
-626.933
-395.723
-163.616
60.8375
265.613
443.888
590.863
701.442
801.981
851.624
868.347
856.473
815.087
745.267
649.17
530.326
394.062
247.618
103.05
-38.1504
-157.922
-248.571
-302.344
-314.212
-289.096
-226.845
-134.438
-21.3819
101.338
224.242
336.877
433.055
509.344
565.327
604.225
631.204
652.714
674.888
702.173
735.457
771.763
804.657
825.404
824.203
793.891
729.044
629.219
498.707
347.62
188.771
35.9049
-98.5951
-204.952
-280.428
-328.793
-359.314
-385.442
-421.693
-480.092
-567.862
-685.829
-828.652
-985.471
-1141.91
-1279.91
-1386.75
-1449.95
-1463.14
-1429
-1351.28
-1237.03
-1094.09
-934.678
-765.262
-591.003
-415.477
-241.121
-70.2693
98.3606
261.287
418.824
570.154
714.326
849.723
973.755
1082.24
1170.75
1233.97
1266.5
1262.86
1222.85
1147.02
1038.3
905.498
758.633
609.705
469.472
345.818
241.731
155.645
82.511
11.7117
-62.5429
-146.809
-242.07
-345.008
-448.162
-540.969
-613.316
-657.071
-668.753
-652.276
-615.674
-568.902
-523.295
-487.869
-468.046
-464.608
-473.371
-486.758
-497.718
-498.505
-485.712
-457.718
-417.348
-368.923
-317.187
-265.581
-215.316
-165.198
-112.133
-53.2563
12.097
86.739
164.627
239.693
304.152
349.611
370.727
364.627
333.825
283.087
220.438
154.785
95.3773
48.1357
17.4181
4.5248
8.63024
26.5206
55.346
92.6298
136.848
186.897
241.615
299.385
358.023
414.922
467.544
514.17
554.429
589.44
621.737
654.129
688.949
726.649
765.315
799.505
827.183
831.805
815.051
768.849
691.567
584.422
454.887
307.779
153.892
5.02603
-138.986
-265.796
-372.608
-458.463
-524.36
-569.946
-595.67
-602.215
-588.016
-557.496
-512.37
-456.104
-393.504
-330.185
-270.686
-218.145
-174.684
-141.232
-116.64
-99.0079
-85.9205
-75.5786
-66.7782
-59.3139
-52.7829
-48.4275
-46.5236
-48.3116
-52.5794
-59.1397
-66.5653
-73.7959
-79.2666
-82.3543
-82.2462
-79.272
-74.1365
-67.1916
-59.2012
-50.8726
-42.7861
-35.3472
-28.731
-23.0806
-18.5012
-14.826
-11.934
-9.68524
-7.97289
-6.65459
-5.66674
-4.89811
-4.28439
-3.77832
-3.35275
-2.98381
-2.66023
-2.37316
-2.11684
-1.88707
-1.68074
-1.49547
-1.32927
-1.18043
-1.04736
-0.928619
-0.822816
-0.728657
-0.644929
-0.570517
-0.504408
-0.445692
-0.393565
-0.347308
-0.306295
-0.269936
-0.237726
-0.209216
-0.184006
-0.161733
-0.142076
-0.124749
-0.109513
-0.096104
-0.0843295
-0.0740074
-0.0649702
-0.0570661
-0.0501764
-0.0441387
-0.0388564
-0.0342308
-0.030175
-0.0266249
-0.0234966
-0.0207431
-0.0183173
-0.016177
-0.0143124
-0.0126497
-0.0111847
-0.00989163
-0.00874892
-0.00774116
-0.00684396
-0.00604406
-0.00533394
-0.00470364
-0.0041515
-0.00366016
-0.00322826
-0.00285042
-0.00252282
-0.00223753
-0.00199118
-0.0017792
-0.00159688
-0.00144022
-0.00130658
-0.00118986
-0.00108818
-0.000999152
-0.000920624
-0.000850709
-0.000787996
-0.000731182
-0.00067917
-0.000631364
-0.000587086
-0.000546002
-0.000507778
-0.000472129
-0.00043878
-0.000407464
-0.000377935
-0.000349952
-0.00032333
-0.000297938
-0.000273739
-0.000250776
-0.000229123
-0.000208818
-0.000189937
-0.000172571
-0.000156941
-0.000143141
-0.000131249
-0.000121044
-0.000112614
-0.00010546
4019.53
3871.88
3760.98
3708.94
3689.5
3668.86
3626.7
3557.78
3457.23
3327.46
3179.59
3001.01
2791.02
2560.31
2323.5
2095.19
1891.28
1709.12
1537.54
1378.08
1249.36
1108.75
927.893
770.372
626.25
493.661
372.328
261.603
158.749
58.1524
-48.469
-170.537
-315.929
-488.312
-685.229
-897.805
-1111.44
-1312.59
-1485.6
-1617.61
-1691.53
-1710.28
-1678.89
-1606.06
-1501.78
-1377.74
-1245.34
-1108.15
-966.987
-821.053
-669.171
-511.395
-353.053
-179.912
-17.9815
131.328
259.685
359.339
424.517
452.253
441.496
396.784
324.635
232.889
130.687
28.4534
-65.131
-143.151
-197.597
-222.427
-215.07
-174.915
-104.083
-7.70078
108.171
234.482
358.293
469.533
558.433
617.495
642.824
632.175
592.526
531.598
460.346
391.421
337.339
308.647
311.659
347.084
410.649
493.591
585.824
676.503
755.864
816.746
855.496
872.094
869.129
851.16
821.154
781.887
733.356
673.689
598.61
503.583
384.836
240.88
76.241
-122.144
-325.906
-534.024
-735.894
-922.571
-1086.77
-1222.8
-1332.48
-1418.56
-1483.2
-1526.84
-1550.83
-1554.11
-1531.05
-1475.61
-1382.48
-1250.39
-1078.43
-874.298
-646.156
-404.303
-161.229
73.8438
288.017
473.94
626.587
740.82
842.415
893.559
908.84
895.512
851.445
777.695
676.341
550.849
406.592
251.05
97.0232
-53.9398
-182.585
-280.379
-339.006
-353.818
-325.626
-258.837
-159.858
-38.8582
92.2239
223.206
342.751
444.131
523.453
580.456
618.75
644.039
663.594
684.408
711.742
746.88
786.769
824.456
850.236
853.254
825.507
760.536
657.508
520.826
361.301
193.102
31.1301
-110.401
-220.608
-296.238
-341.375
-366.17
-385.653
-416.107
-471.087
-558.892
-680.769
-831.131
-998.224
-1166.42
-1315.33
-1431.45
-1500.62
-1515.52
-1480.25
-1398.48
-1278.2
-1127.55
-960.901
-784.747
-604.41
-423.501
-244.4
-69.3281
103.032
269.543
430.614
585.523
733.463
872.904
1001.29
1114.12
1206.81
1273.65
1308.6
1305.57
1263.71
1184.13
1069.12
928.401
772.778
615.463
468.349
340.206
234.265
148.755
77.4274
9.04733
-63.8375
-148.457
-246.307
-353.83
-462.773
-561.266
-638.088
-683.651
-693.935
-673.561
-630.991
-577.815
-526.526
-487.174
-465.839
-463.433
-475.076
-491.968
-506.546
-509.664
-497.825
-469.124
-426.879
-376.085
-322.195
-269.136
-218.258
-168.102
-115.061
-55.5344
11.8154
89.6239
171.748
251.613
320.551
369.155
391.261
383.747
349.405
293.361
224.442
152.449
87.7001
36.3167
3.15104
-10.4583
-6.01813
12.9657
43.1877
82.0283
127.9
179.743
236.485
296.489
357.45
416.516
470.874
518.601
559.303
594.284
626.48
659.216
695.294
735.416
777.63
816.027
847.97
856.102
841.465
795.58
716.374
605.073
469.671
315.707
154.698
-1.19338
-151.026
-282.444
-392.292
-479.801
-546.655
-592.474
-617.84
-623.539
-607.147
-573.802
-525.203
-464.917
-398.049
-330.842
-268.13
-213.156
-168.253
-134.46
-110.051
-93.0836
-80.6942
-70.9982
-62.5038
-55.2828
-48.7088
-44.3607
-42.6407
-44.87
-49.7268
-57.1704
-65.5062
-73.6124
-79.7962
-83.2457
-83.3128
-80.2767
-74.8933
-67.5943
-59.2151
-50.5237
-42.1378
-34.4832
-27.7387
-22.0284
-17.4474
-13.8132
-10.9929
-8.82566
-7.1985
-5.98048
-5.07916
-4.38945
-3.84435
-3.39721
-3.02041
-2.69323
-2.40566
-2.14948
-1.91977
-1.71304
-1.52675
-1.359
-1.20817
-1.07286
-0.951746
-0.843582
-0.747161
-0.661331
-0.585009
-0.517186
-0.456949
-0.40347
-0.356014
-0.313924
-0.276638
-0.243601
-0.214353
-0.188486
-0.16563
-0.145453
-0.127661
-0.111988
-0.0982307
-0.0861243
-0.0755038
-0.0662022
-0.0580662
-0.0509546
-0.0447735
-0.0393521
-0.0346147
-0.0304703
-0.0268384
-0.0236686
-0.0208731
-0.0184152
-0.016252
-0.0143413
-0.0126918
-0.01121
-0.00990847
-0.00876107
-0.00774822
-0.00685495
-0.00606086
-0.00535316
-0.00472519
-0.00416843
-0.00367964
-0.00324583
-0.00286436
-0.0025307
-0.00224105
-0.00198907
-0.0017714
-0.00158401
-0.00142261
-0.00128361
-0.00116425
-0.00105966
-0.000967852
-0.000886714
-0.000814402
-0.000749163
-0.000689724
-0.00063493
-0.00058391
-0.000536261
-0.0004915
-0.000449468
-0.00041006
-0.000373225
-0.000338951
-0.000307242
-0.000278088
-0.000251476
-0.000227325
-0.000205518
-0.000185914
-0.000168328
-0.00015252
-0.000138202
-0.000125116
-0.000113051
-0.000101967
-9.1717e-05
-8.22476e-05
-7.34838e-05
-6.5392e-05
-5.80125e-05
3997.28
3796.23
3696.82
3665.4
3668.54
3665.62
3634.85
3573.81
3478.29
3351.92
3206.91
3026.81
2811.5
2572.54
2326.4
2089.67
1880.08
1691.61
1515.87
1354.87
1227.47
1088.97
916.857
762.968
619.847
487.005
365.349
255.139
154.032
56.3835
-46.728
-165.832
-310.119
-484.439
-686.957
-908.63
-1133.24
-1346.74
-1531.7
-1673.9
-1764.86
-1773
-1737.89
-1658.85
-1546.32
-1413.41
-1273.73
-1130.47
-984.342
-834.207
-678.336
-516.158
-352.863
-173.776
-4.74732
151.851
287.02
392.191
460.877
489.607
477.048
428.364
350.028
250.4
139.289
28.1133
-74.7491
-160.406
-220.81
-249.577
-243.591
-202.497
-128.366
-26.2317
95.6736
230.661
363.205
482.636
578.284
641.856
668.957
656.746
612.711
545.069
465.61
388.133
326.458
292.24
292.49
328.369
395.933
485.275
585.299
684.005
770.555
837.007
879.316
897.385
894.668
875.878
845.072
805.323
756.867
697.931
623.776
529.225
409.774
263.235
92.3243
-109.326
-322.659
-540.134
-751.334
-946.533
-1117.74
-1258.02
-1370.14
-1458.12
-1523.9
-1568.42
-1593.66
-1598.91
-1577.85
-1523.68
-1430.12
-1294.63
-1116.98
-904.895
-666.835
-413.695
-158.919
87.4956
311.699
505.755
664.403
782.66
884.424
937.642
951.037
936.343
889.531
811.747
705
572.639
420.055
254.961
90.7741
-70.5694
-208.772
-314.327
-378.206
-394.733
-364.767
-293.182
-187.107
-57.5123
82.6664
222.398
349.42
456.421
538.881
596.909
634.36
657.572
674.726
693.758
720.897
757.859
801.566
844.507
875.885
883.696
859.033
794.215
687.938
544.704
376.045
197.67
25.4602
-123.811
-238.313
-314.107
-355.605
-373.894
-385.799
-409.549
-460.415
-547.91
-673.779
-832.193
-1010.44
-1191.54
-1352.36
-1478.73
-1554.47
-1571.03
-1534.55
-1448.31
-1321.48
-1162.3
-987.909
-804.635
-617.944
-431.469
-247.509
-68.1551
107.98
278.1
442.727
601.243
753.027
896.63
1029.58
1146.97
1244.16
1314.94
1352.62
1350.49
1306.69
1223.27
1101.56
952.306
787.199
620.769
466.193
333.267
225.5
140.911
71.8155
6.47804
-64.5847
-149.361
-249.907
-362.433
-477.797
-582.657
-664.58
-712.239
-721.006
-696.235
-647.1
-586.791
-529.183
-485.483
-462.513
-461.382
-475.218
-497.103
-516.044
-521.644
-510.875
-481.348
-436.96
-383.488
-327.195
-272.574
-221.131
-171.114
-118.309
-58.3158
11.0238
92.1528
178.87
264.001
337.916
390.059
413.378
404.409
366.252
304.415
228.637
149.75
79.2219
23.4456
-12.2443
-26.5161
-21.549
-1.28571
30.4767
70.9581
118.525
172.195
231.016
293.342
356.747
418.115
474.317
523.189
564.289
599.086
630.957
663.79
700.943
743.446
789.329
832.056
861.633
881.95
869.482
824.084
742.786
626.895
485.041
323.499
154.69
-8.82127
-164.608
-300.634
-413.49
-502.602
-570.411
-616.468
-641.512
-646.368
-627.192
-590.845
-538.577
-474.03
-402.572
-331.201
-265.062
-207.512
-161.218
-127.145
-103.02
-86.8862
-75.29
-66.3575
-58.1761
-51.1481
-44.5649
-40.1754
-38.5838
-41.5903
-46.7108
-55.0664
-64.3942
-73.4759
-80.3637
-84.1543
-84.5229
-81.3974
-75.73
-68.0357
-59.2265
-50.1378
-41.4306
-33.5497
-26.676
-20.9116
-16.3367
-12.7534
-10.0154
-7.92739
-6.40503
-5.29024
-4.48089
-3.8736
-3.3995
-3.01249
-2.68552
-2.4008
-2.14925
-1.92424
-1.72133
-1.5378
-1.37166
-1.22152
-1.08613
-0.964436
-0.855353
-0.757838
-0.670862
-0.593422
-0.524561
-0.463382
-0.409065
-0.360868
-0.318124
-0.280239
-0.246715
-0.21703
-0.190773
-0.167573
-0.147094
-0.129034
-0.113123
-0.0991186
-0.0868563
-0.0760634
-0.0666069
-0.0583349
-0.0511076
-0.0447928
-0.0393294
-0.0345274
-0.030339
-0.0266796
-0.023474
-0.0206892
-0.0182284
-0.0160689
-0.0141709
-0.0124994
-0.0110513
-0.00975873
-0.00862275
-0.00762255
-0.00674078
-0.00596355
-0.00527376
-0.00465951
-0.00411499
-0.00363289
-0.00320934
-0.0028344
-0.00250498
-0.00221718
-0.00196751
-0.00175088
-0.00156428
-0.00140419
-0.00126671
-0.00114863
-0.00104741
-0.000959252
-0.000882283
-0.000814699
-0.000754911
-0.000701498
-0.00065337
-0.000609561
-0.000569258
-0.000531941
-0.000497158
-0.000464652
-0.000434173
-0.000405539
-0.000378548
-0.000353008
-0.000328741
-0.000305578
-0.0002834
-0.00026213
-0.000241761
-0.000222341
-0.000203937
-0.000186602
-0.000170409
-0.000155439
-0.00014185
-0.000129725
-0.00011912
-0.000109927
-0.000102175
-9.55944e-05
3872.08
3706.78
3628.4
3616.53
3643.4
3659.54
3640.98
3588.64
3499.12
3377.52
3236.57
3055.28
2834.42
2586.43
2329.98
2084.15
1867.61
1671.75
1492.19
1330.76
1203.63
1069.46
906.15
755.947
613.73
480.352
358.052
248.127
148.758
54.295
-44.7603
-160.309
-302.854
-478.694
-686.814
-918.152
-1154.45
-1381.48
-1579.66
-1732.73
-1830.69
-1839.28
-1800.73
-1714.87
-1593.12
-1450.21
-1302.71
-1152.98
-1001.7
-847.379
-687.662
-521.228
-352.859
-167.877
8.53283
172.916
315.483
426.74
499.391
529.37
515.128
462.306
377.406
269.339
148.614
27.7858
-84.961
-178.893
-245.762
-279.069
-274.373
-232.366
-154.791
-46.6924
82.0113
226.159
368.117
496.471
599.55
668.172
697.367
683.648
635.019
560.145
471.712
384.776
314.625
274.23
271.141
307.133
379.052
475.385
583.958
691.5
785.968
858.534
904.7
924.16
921.573
901.693
869.765
829.315
780.822
722.712
649.726
555.977
436.124
287.163
110.414
-95.6013
-318.575
-546.061
-767.317
-971.736
-1150.57
-1294.95
-1409.78
-1499.15
-1566.04
-1611.23
-1637.58
-1645
-1626.28
-1573.78
-1480.14
-1341.48
-1157.87
-937.576
-689.108
-423.991
-156.714
101.828
336.75
539.457
704.451
827.247
928.347
984.025
994.935
979.025
929.399
847.482
735.218
595.778
434.534
259.419
84.3274
-88.0594
-236.558
-350.546
-420.136
-438.072
-406.728
-330.062
-216.327
-77.4191
72.6337
221.851
357.008
469.981
555.813
614.819
651.16
671.859
686.105
702.879
729.532
768.263
816.027
864.706
902.346
915.586
894.598
830.262
720.712
570.533
391.983
202.565
18.7634
-139.006
-258.309
-334.289
-371.698
-382.627
-385.887
-401.915
-447.89
-534.667
-664.601
-831.614
-1021.96
-1217.26
-1391.09
-1528.8
-1611.75
-1629.85
-1592.1
-1500.92
-1366.99
-1198.32
-1015.68
-824.885
-631.554
-439.333
-250.411
-66.7128
113.225
286.97
455.167
617.308
773.006
920.884
1058.62
1180.81
1282.8
1357.92
1398.73
1397.74
1351.93
1264.57
1135.72
977.256
801.88
625.534
462.856
324.827
215.299
131.872
65.7341
4.03293
-64.6866
-149.379
-252.723
-370.692
-493.151
-605.129
-692.876
-742.943
-750.092
-720.458
-664.074
-595.829
-531.192
-482.656
-457.914
-458.324
-475.924
-502.481
-525.791
-534.538
-524.966
-494.489
-447.655
-391.146
-332.164
-275.852
-223.9
-174.225
-121.904
-61.6304
9.68226
94.3515
186.087
277.033
356.533
412.707
437.35
426.687
384.38
316.252
233.045
146.751
69.8787
9.42067
-28.8721
-43.7357
-38.0172
-16.247
17.2436
59.5014
108.866
164.469
225.509
290.345
356.411
420.276
478.437
528.45
569.817
604.23
635.583
668.449
706.79
752.014
802.014
849.973
887.061
909.746
899.083
854.242
770.802
650.167
501.625
332.286
155.454
-15.8714
-178.295
-319.462
-435.518
-526.074
-594.711
-640.868
-665.441
-669.708
-648.099
-608.6
-552.494
-483.392
-406.971
-331.188
-261.465
-201.219
-153.602
-119.306
-95.5517
-80.4136
-69.7078
-61.6664
-53.8235
-46.8839
-40.3045
-35.8128
-34.3575
-38.1968
-43.655
-52.9656
-63.3725
-73.4725
-81.2224
-85.4447
-85.8509
-82.6405
-76.6364
-68.5027
-59.2257
-49.7146
-40.6703
-32.5547
-25.5511
-19.7378
-15.1754
-11.6519
-8.99139
-7.00623
-5.59142
-4.58485
-3.87262
-3.35125
-2.95045
-2.6248
-2.34853
-2.10662
-1.89142
-1.69769
-1.52173
-1.36151
-1.21561
-1.08316
-0.963283
-0.855261
-0.758266
-0.671459
-0.593984
-0.524988
-0.463638
-0.409148
-0.360796
-0.31792
-0.279926
-0.246278
-0.216551
-0.190245
-0.167004
-0.146494
-0.128412
-0.112487
-0.0984741
-0.0861494
-0.0753994
-0.0659283
-0.0576451
-0.0504109
-0.0440995
-0.0385841
-0.0338486
-0.0296674
-0.0260319
-0.0228614
-0.0200905
-0.0176828
-0.0155629
-0.0137046
-0.0120742
-0.0106423
-0.00939968
-0.0082964
-0.00732727
-0.00647531
-0.00572545
-0.00506519
-0.00448027
-0.00395992
-0.00349917
-0.00309176
-0.00273373
-0.00241739
-0.00213965
-0.00189714
-0.0016867
-0.00150427
-0.00134723
-0.00121262
-0.00109685
-0.000997095
-0.000910957
-0.000835398
-0.000768763
-0.000709531
-0.000656336
-0.000607947
-0.000563471
-0.000522096
-0.000483283
-0.00044675
-0.000412239
-0.000379627
-0.000348848
-0.000319919
-0.000292848
-0.000267665
-0.000244381
-0.000222995
-0.000203451
-0.000185669
-0.000169531
-0.000154894
-0.000141577
-0.000129376
-0.000118114
-0.000107664
-9.79752e-05
-8.89652e-05
-8.05872e-05
-7.2766e-05
-6.55106e-05
-5.87312e-05
3744.04
3623.94
3556.34
3559.99
3611.39
3648.09
3643.69
3601.55
3519.79
3405.18
3269.99
3087.99
2861.14
2602.87
2334.65
2078.59
1852.9
1648.3
1465.46
1303.3
1178.63
1049.52
895.462
749.224
607.833
473.554
350.155
240.195
142.595
51.7075
-42.5624
-153.656
-293.693
-470.549
-684.374
-926.347
-1175.48
-1417.89
-1631.26
-1796.5
-1898.24
-1912.05
-1870.19
-1776.6
-1644.16
-1489.44
-1333.28
-1176.38
-1019.55
-860.936
-697.452
-526.838
-353.123
-162.129
22.2023
195.191
346.087
464.318
541.624
573.204
557.387
500.137
408.036
290.612
159.165
27.492
-96.1881
-199.384
-273.496
-311.877
-308.735
-265.841
-184.574
-70.0937
66.5218
220.65
373.114
511.532
623.09
697.578
729.32
714.169
660.598
577.687
479.1
381.319
301.378
253.715
246.63
282.255
358.995
463.258
581.552
699.186
802.709
882.253
932.778
953.563
950.994
929.655
896.15
854.636
806.041
748.84
677.35
584.826
464.94
313.734
131.289
-80.1535
-313.337
-551.913
-784.409
-999.196
-1186.66
-1335.01
-1453.03
-1543.25
-1611.18
-1656.81
-1684.06
-1693.98
-1678.05
-1627.8
-1534.49
-1393.15
-1202.58
-973.787
-714.021
-435.738
-154.622
117.367
364.171
576.416
748.35
876.736
969.822
1034.64
1042.1
1025.21
972.582
886.289
768.206
621.242
450.7
264.71
77.5206
-107.04
-267.036
-390.527
-466.607
-485.922
-453.361
-371.099
-248.805
-99.4571
61.6996
221.579
365.887
485.447
575.073
635.026
669.918
687.506
698.148
712.021
737.796
778.272
830.481
885.651
930.912
950.155
933.66
870.241
757.318
599.55
409.911
208.163
10.6121
-156.766
-281.659
-357.885
-390.555
-392.873
-385.957
-392.808
-432.799
-518.327
-652.51
-829.024
-1032.99
-1244.5
-1433.03
-1583.74
-1674.94
-1694.59
-1655.4
-1558.52
-1416.58
-1236.92
-1045.17
-846.171
-645.663
-447.31
-253.151
-64.9126
118.979
296.48
468.373
634.27
794.082
946.489
1089.41
1216.8
1324.12
1404.14
1448.49
1448.95
1401.45
1309.77
1173.07
1004.32
817.429
629.869
458.033
314.336
203.052
121.128
58.854
1.65846
-64.0014
-148.306
-254.666
-378.826
-509.503
-629.854
-724.329
-777.414
-782.785
-747.352
-682.606
-605.191
-532.442
-478.354
-451.617
-453.906
-475.592
-507.798
-536.096
-548.99
-540.775
-509.126
-459.37
-399.286
-337.182
-278.977
-226.572
-177.502
-126.003
-65.709
7.51353
95.9872
193.307
290.838
376.728
437.51
463.721
451.652
404.812
329.573
237.882
143.2
59.0055
-6.472
-47.462
-62.8565
-56.0337
-32.4633
2.98133
47.1525
98.3752
155.951
219.271
286.731
355.633
422.205
482.524
533.801
575.431
609.317
639.828
672.316
711.497
759.255
813.532
867.122
911.14
939.866
931.633
887.8
802.067
675.972
519.594
340.971
154.621
-25.8971
-195.409
-341.517
-460.504
-552.44
-622.009
-668.349
-692.716
-697.224
-670.88
-627.953
-567.536
-493.432
-411.518
-330.859
-257.114
-193.886
-144.947
-110.533
-87.2531
-73.2706
-63.8924
-56.6588
-49.3572
-42.4074
-35.7975
-31.1533
-29.8149
-33.5286
-40.3053
-50.5929
-62.2142
-73.4934
-82.0707
-85.9363
-87.4424
-84.0732
-77.6822
-69.0417
-59.227
-49.2305
-39.8077
-31.4364
-24.2978
-18.4429
-13.9047
-10.4562
-7.87975
-6.01863
-4.72552
-3.83821
-3.23269
-2.80428
-2.48184
-2.22101
-1.99798
-1.80065
-1.62331
-1.46208
-1.31416
-1.17814
-1.05322
-0.939139
-0.83537
-0.741556
-0.657127
-0.581455
-0.513866
-0.453658
-0.400129
-0.352608
-0.31047
-0.273141
-0.240099
-0.210866
-0.185103
-0.162321
-0.142225
-0.12452
-0.10894
-0.0952406
-0.0832086
-0.0726307
-0.0634661
-0.0553688
-0.0483094
-0.0421572
-0.0368005
-0.0321352
-0.0281244
-0.0246034
-0.021545
-0.018884
-0.016565
-0.014552
-0.0127864
-0.011242
-0.0098905
-0.00870735
-0.00768067
-0.00677373
-0.00597845
-0.00528093
-0.00466845
-0.00413019
-0.0036545
-0.00323204
-0.00285867
-0.00252914
-0.00223977
-0.0019847
-0.00176105
-0.00156609
-0.00139724
-0.00125133
-0.00112632
-0.00101984
-0.000928614
-0.000850427
-0.000783338
-0.000724844
-0.000673606
-0.000628438
-0.00058829
-0.000552193
-0.000519343
-0.000489133
-0.000461021
-0.000434636
-0.000409691
-0.000386082
-0.000363623
-0.000342231
-0.000321789
-0.000302175
-0.000283283
-0.000265015
-0.000247319
-0.000230167
-0.000213589
-0.000197645
-0.000182413
-0.00016796
-0.00015436
-0.000141684
-0.000130048
-0.000119514
-0.000110134
-0.000101868
-9.47128e-05
-8.85655e-05
3677.57
3548.57
3480.96
3492.85
3566.55
3623.03
3639.07
3609.94
3539.09
3435.07
3307.96
3125.96
2892.65
2622.57
2340.89
2073.06
1835.01
1620.33
1433.2
1274.14
1152.32
1029.2
884.95
743.074
602.405
466.725
341.591
231.135
135.261
48.4208
-40.2624
-145.737
-282.26
-459.383
-678.885
-932.646
-1195.78
-1455.82
-1686.85
-1866.23
-1973.79
-1992.73
-1947.49
-1845.03
-1700.06
-1531.16
-1365.45
-1200.53
-1037.7
-874.733
-707.673
-533.08
-353.787
-156.735
36.0932
218.624
378.96
505.246
588.072
621.69
604.483
542.517
442.49
314.646
171.226
27.2069
-108.602
-222.191
-304.421
-347.868
-347.215
-303.501
-218.282
-96.9594
48.8333
213.855
378.087
527.911
649.203
730.552
765.402
748.981
690.132
598.278
488.152
377.844
286.529
229.564
218.301
253.8
334.904
448.324
577.745
706.991
820.959
908.538
964.051
986.172
983.227
960.046
924.364
881.283
832.473
776.285
706.684
615.927
496.518
343.378
155.434
-62.5908
-306.632
-557.563
-802.702
-1029.25
-1226.31
-1379.05
-1500.06
-1591.18
-1659.35
-1705.33
-1733.1
-1745.94
-1733.36
-1686.1
-1593.68
-1450.42
-1251.65
-1014.06
-742.087
-449.298
-152.734
134.224
394.277
617.075
796.614
930.332
1022.75
1088.99
1092.68
1075.27
1019.41
928.484
804.285
649.348
468.838
271.033
70.389
-127.639
-300.533
-434.799
-518.358
-538.75
-505.461
-416.969
-285.079
-123.972
49.7339
221.649
376.279
503.257
597.103
657.965
690.982
704.704
710.879
721.052
745.439
787.594
844.644
907.169
960.808
987.707
976.703
914.778
798.417
632.36
430.202
214.714
0.622972
-177.602
-309.081
-385.651
-412.804
-404.968
-386.016
-381.927
-414.599
-498.191
-636.784
-823.807
-1043.13
-1273.19
-1478.43
-1644.29
-1744.93
-1765.33
-1724.94
-1621.57
-1470.92
-1278.36
-1076.55
-868.563
-660.272
-455.367
-255.687
-62.6912
125.295
306.691
482.412
652.191
816.331
973.541
1122.12
1255.16
1368.41
1454.04
1502.88
1504.52
1456.08
1359.4
1213.89
1033.54
833.7
633.44
451.255
301.389
188.137
108.438
51.0362
-0.586529
-62.3154
-145.821
-255.372
-386.448
-526.438
-656.461
-758.812
-815.559
-818.696
-777.192
-702.968
-614.99
-532.854
-472.304
-443.195
-448.415
-474.407
-513.055
-547.979
-565.315
-558.541
-525.556
-472.367
-408.063
-342.295
-281.933
-229.147
-181.018
-130.762
-70.727
4.41808
97.2316
201.012
306.162
399.647
466.046
494.595
479.706
427.514
344.141
242.969
139.154
46.712
-24.3736
-68.3598
-84.2123
-75.8813
-50.1629
-12.4476
33.892
87.1921
147
212.951
283.491
355.749
425.499
488.26
540.817
582.478
615.361
644.659
676.741
717.074
768.226
827.851
888.085
940.159
972.923
967.511
924.456
835.918
703.86
539.238
351.145
155.29
-34.3013
-211.491
-363.829
-486.759
-579.946
-650.151
-696.369
-719.883
-722.486
-695.089
-648.403
-583.671
-504.183
-415.975
-329.87
-251.794
-185.481
-135.295
-100.607
-78.3058
-65.6188
-57.7253
-51.4769
-44.7416
-37.7317
-31.0013
-26.1071
-24.781
-28.8103
-36.7259
-48.1402
-61.2005
-73.7699
-83.4782
-88.3008
-89.1944
-85.7089
-78.8223
-69.5991
-59.1842
-48.6631
-38.8379
-30.199
-22.9252
-17.0384
-12.5369
-9.16327
-6.6964
-4.96921
-3.81018
-3.05201
-2.56212
-2.23351
-1.99441
-1.80172
-1.63429
-1.48321
-1.34509
-1.21757
-1.09871
-0.987758
-0.884611
-0.789513
-0.702421
-0.623338
-0.551943
-0.48783
-0.430509
-0.379432
-0.334034
-0.293759
-0.258086
-0.226531
-0.198644
-0.174
-0.152373
-0.133257
-0.116435
-0.101652
-0.0886756
-0.0772956
-0.0673261
-0.0585939
-0.051029
-0.0443816
-0.0385979
-0.0335722
-0.0292098
-0.0254253
-0.0221743
-0.0193367
-0.0168787
-0.0147476
-0.0128979
-0.0112967
-0.00989922
-0.00868143
-0.00761999
-0.00669497
-0.00589421
-0.00519095
-0.00457645
-0.00403956
-0.00356993
-0.00315863
-0.00279652
-0.00247582
-0.00219325
-0.00194457
-0.00172663
-0.00153508
-0.00136748
-0.00122167
-0.00109548
-0.00098655
-0.000893417
-0.000814295
-0.000745952
-0.000686457
-0.00063462
-0.000589048
-0.000548531
-0.00051209
-0.00047888
-0.000448233
-0.000419663
-0.000392686
-0.000367014
-0.000342545
-0.00031916
-0.000296829
-0.00027552
-0.000255297
-0.000236193
-0.000218268
-0.00020155
-0.000186055
-0.000171756
-0.000158602
-0.000146515
-0.00013539
-0.000125105
-0.000115529
-0.000106552
-9.81105e-05
-9.01728e-05
-8.27082e-05
-7.56816e-05
-6.90414e-05
-6.27931e-05
-5.68665e-05
3622.3
3478.97
3404.5
3413.03
3490.79
3526.56
3619.27
3609.43
3554.72
3466.33
3349.84
3168.71
2928.72
2645.35
2349.26
2067.41
1813.56
1588.26
1396.88
1243.73
1125.59
1009.19
875.133
737.971
597.883
460.228
332.613
221.085
126.783
44.3412
-38.0206
-136.855
-268.684
-445.134
-669.945
-936.452
-1214.17
-1493.83
-1744.77
-1940.33
-2055.4
-2079.74
-2030.92
-1918.57
-1759.37
-1573.73
-1398.05
-1224.42
-1055.32
-888.133
-717.911
-539.792
-354.919
-152.047
49.5844
242.35
413.04
548.332
637.489
673.547
655.241
588.437
479.965
340.88
184.548
26.8627
-121.939
-246.781
-337.812
-386.882
-388.881
-344.426
-255.114
-126.639
29.2699
205.822
382.802
545.114
677.199
766.295
804.773
787.342
723.088
621.633
498.832
374.512
270.279
202.646
186.053
222.074
307.339
430.699
572.443
714.63
840.26
936.8
997.848
1021.29
1017.5
992.023
953.524
908.376
859.098
804.033
736.714
648.303
529.97
375.382
182.394
-43.2477
-298.448
-562.731
-821.658
-1061.05
-1268.63
-1426.01
-1549.67
-1641.46
-1708.95
-1755.21
-1782.95
-1799.14
-1790.44
-1746.96
-1656.07
-1511.54
-1303.82
-1057.39
-772.62
-464.357
-151.127
151.95
426.3
660.38
847.953
986.825
1079.37
1145.55
1144.93
1127.78
1068.46
972.799
842.419
679.347
488.534
278.324
63.209
-149.241
-336.156
-482.256
-574.208
-596.259
-561.697
-466.589
-324.241
-150.309
37.1162
222.173
388.004
523.103
621.48
683.165
713.87
722.961
723.822
729.534
751.99
795.655
857.792
928.351
991.644
1027.28
1022.6
962.823
843.151
668.332
452.607
220.605
-9.47868
-201.234
-340.313
-417.295
-438.142
-418.687
-386.014
-369.364
-393.388
-474.252
-617.239
-815.6
-1051.92
-1303.21
-1526.6
-1709.02
-1820.35
-1842.71
-1800.61
-1689.6
-1528.35
-1320.58
-1108.2
-890.816
-674.458
-462.878
-257.663
-59.9315
132.069
317.269
496.742
670.335
838.817
1000.87
1155.38
1294.3
1413.87
1505.64
1559.04
1562.98
1513.58
1412.03
1257.71
1064.85
850.927
636.495
442.677
286.094
170.473
93.8007
42.3673
-2.52414
-59.3306
-141.521
-254.462
-393.473
-544.486
-686.036
-797.292
-858.655
-859.918
-810.061
-724.678
-624.553
-531.767
-463.932
-432.396
-438.24
-472.055
-518.808
-561.702
-583.358
-578.272
-543.478
-486.103
-416.859
-346.919
-284.193
-231.156
-184.366
-135.875
-76.5652
0.160827
97.2581
207.719
321.171
422.922
495.477
525.884
510.02
452.664
360.639
248.837
134.3
32.5355
-44.5946
-91.1168
-107.282
-96.8096
-68.5603
-28.3244
20.2568
75.5537
137.383
205.741
279.156
354.643
427.551
492.851
546.824
588.655
620.502
648.312
679.319
719.952
773.516
837.879
904.995
963.834
1002.82
1005.36
964.026
873.514
735.336
561.146
361.462
153.548
-47.7366
-234.254
-392.07
-517.07
-610.719
-681.842
-728.294
-751.407
-758.842
-721.243
-671.303
-601.193
-515.296
-420.328
-328.55
-245.759
-176.054
-124.526
-89.5075
-68.4964
-57.5245
-51.3794
-46.309
-40.175
-33.0666
-26.0738
-20.8889
-19.6327
-24.027
-32.8581
-45.4461
-59.9857
-74.0215
-84.8153
-90.1325
-91.3451
-87.568
-80.1639
-70.2828
-59.1754
-48.0515
-37.7742
-28.8463
-21.4342
-15.5268
-11.076
-7.78485
-5.45296
-3.87443
-2.86358
-2.24608
-1.8806
-1.65704
-1.50422
-1.38106
-1.26975
-1.16508
-1.06625
-0.972478
-0.882701
-0.796835
-0.715445
-0.639332
-0.568949
-0.504598
-0.446258
-0.393736
-0.346718
-0.304808
-0.267576
-0.234584
-0.20541
-0.179657
-0.156955
-0.136958
-0.119442
-0.104023
-0.0905008
-0.0786597
-0.0683041
-0.0592583
-0.0513654
-0.0444851
-0.0385387
-0.033346
-0.0288463
-0.0249543
-0.0215923
-0.0186916
-0.0162088
-0.0140573
-0.0122033
-0.0106056
-0.00922778
-0.00804213
-0.00701498
-0.00612599
-0.00535666
-0.00469122
-0.00411873
-0.00362002
-0.00318732
-0.00281209
-0.00248629
-0.0022029
-0.00195517
-0.00173697
-0.00154584
-0.0013786
-0.00123279
-0.0011053
-0.000994292
-0.000898205
-0.000815538
-0.000744762
-0.000685257
-0.000635691
-0.000592859
-0.00055571
-0.000523553
-0.000495332
-0.000470302
-0.000447858
-0.000427483
-0.000408661
-0.000390974
-0.000374159
-0.000357979
-0.00034225
-0.000326865
-0.00031181
-0.000297039
-0.000282533
-0.000268268
-0.00025421
-0.000240342
-0.000226653
-0.000213159
-0.000199894
-0.000186916
-0.000174297
-0.000162114
-0.000150431
-0.000139317
-0.000128828
-0.000119039
-0.000109993
-0.000101716
-9.42179e-05
-8.7482e-05
-8.1519e-05
3571.25
3414.09
3328.2
3316.32
3322.09
3400.36
3567.3
3592.88
3564.53
3499.21
3396.3
3217.07
2970.28
2671.7
2361.24
2060.7
1787.51
1550.07
1358.43
1211.76
1098.47
989.565
866.2
734.223
594.569
454.242
323.213
209.881
116.962
39.3133
-35.897
-126.996
-252.809
-427.407
-656.922
-937.362
-1229.91
-1531.59
-1805.2
-2019.34
-2143.6
-2174.3
-2121.53
-1997.95
-1822.48
-1616.82
-1431.29
-1248.07
-1072.34
-901.096
-728.229
-547.17
-356.742
-148.381
62.3966
266.178
448.26
593.641
690.082
729.037
709.982
638.245
520.765
369.534
199.233
26.4517
-136.289
-273.303
-373.862
-429.186
-433.959
-388.874
-295.356
-159.388
7.50859
196.304
387.128
563.112
707.164
805.019
847.699
829.596
759.876
648.142
511.446
371.626
252.484
172.754
149.91
185.618
276.256
409.99
565.404
722.036
860.719
967.272
1034.48
1059.17
1054.22
1025.74
983.64
935.8
885.75
831.911
767.314
681.905
565.342
409.877
212.357
-21.9157
-288.574
-567.274
-841.185
-1094.28
-1314.11
-1475.63
-1602.08
-1694.09
-1760.33
-1806.47
-1832.78
-1853.3
-1848.92
-1809.98
-1721.09
-1576.75
-1360.76
-1105.3
-807.179
-482.11
-150.482
170.33
460.367
706.564
902.648
1046.57
1140.25
1204.49
1209.04
1183.01
1119.75
1019.21
882.56
711.178
509.728
286.539
55.9341
-171.788
-373.764
-532.749
-634.424
-655.163
-621.685
-520.066
-366.66
-178.875
23.6268
223.083
401.198
545.249
648.478
710.865
738.741
742.285
736.847
737.329
757.248
802.219
869.756
949.155
1023.15
1069.42
1071.63
1014.61
891.547
707.131
476.636
226.297
-20.8854
-227.628
-375.184
-452.819
-466.851
-433.954
-385.845
-355.044
-369.32
-446.87
-594.28
-804.44
-1058.38
-1330.7
-1574.48
-1778.04
-1900.75
-1918.77
-1875.86
-1756.63
-1588.48
-1367.95
-1144.3
-916.427
-691.099
-472.07
-260.672
-57.6138
138.869
328.238
511.719
689.225
862.261
1029.41
1190.42
1335.43
1461.86
1560.34
1620.08
1625.22
1576.24
1468.94
1303.08
1095.67
866.423
636.781
430.988
267.509
150.405
77.3864
32.9369
-4.15664
-55.2624
-135.755
-252.039
-398.962
-560.697
-713.431
-835.127
-901.461
-898.179
-843.479
-747.381
-634.57
-530.212
-454.352
-419.467
-429.346
-468.983
-523.675
-574.372
-602.257
-599.037
-562.712
-501.064
-426.439
-351.813
-286.451
-233.258
-188.218
-142.03
-83.822
-5.46918
96.8191
215.47
338.499
450.156
530.023
563.765
543.851
479.549
377.026
253.559
128.283
17.8122
-65.5695
-115.45
-132.386
-119.049
-88.1568
-45.2034
5.79544
63.2761
127.487
198.854
275.984
355.667
432.599
500.916
556.336
597.694
627.643
653.189
682.934
724.681
782.562
854.017
928.751
997.396
1044.51
1047.21
1007.07
912.228
765.943
581.653
370.975
152.949
-57.5992
-250.991
-414.885
-545.089
-640.664
-712.059
-757.89
-779.333
-759.504
-745.786
-691.999
-617.463
-526.753
-424.697
-326.384
-238.418
-165.721
-112.752
-77.9131
-58.4824
-49.4019
-45.0593
-41.2848
-35.7548
-28.4779
-20.9695
-15.4147
-14.0354
-18.7767
-28.7646
-42.8966
-59.0966
-74.724
-86.7805
-92.9473
-93.5605
-89.4869
-81.4336
-70.8186
-59.0188
-47.3028
-36.5903
-27.388
-19.8568
-13.9512
-9.55786
-6.37342
-4.18537
-2.76437
-1.90895
-1.43579
-1.19624
-1.07954
-1.01431
-0.961011
-0.905649
-0.847048
-0.787266
-0.727161
-0.666421
-0.605581
-0.545882
-0.488712
-0.435006
-0.385382
-0.340102
-0.299185
-0.262489
-0.229771
-0.20073
-0.175046
-0.152397
-0.132473
-0.114979
-0.0996441
-0.0862644
-0.0745589
-0.0643503
-0.0554646
-0.0477424
-0.0410415
-0.0352352
-0.030212
-0.0258963
-0.0221623
-0.0189519
-0.0161981
-0.0138406
-0.0118261
-0.0101165
-0.00865245
-0.00740496
-0.0063428
-0.00543867
-0.00467106
-0.00401598
-0.00345771
-0.00298231
-0.00257804
-0.00223618
-0.00194395
-0.00169505
-0.00148324
-0.00130285
-0.00114897
-0.00101709
-0.000902884
-0.000804685
-0.000720284
-0.000647988
-0.000585849
-0.000532639
-0.000487309
-0.000448804
-0.000416038
-0.000388879
-0.000367847
-0.000349783
-0.000333885
-0.000319779
-0.000306976
-0.000295099
-0.000283841
-0.000272936
-0.000262219
-0.000251586
-0.000240918
-0.000230189
-0.000219457
-0.000208749
-0.000198144
-0.00018769
-0.00017748
-0.000167587
-0.000158081
-0.000149012
-0.000140404
-0.000132258
-0.000124553
-0.000117255
-0.000110314
-0.000103679
-9.73007e-05
-9.11394e-05
-8.5182e-05
-7.94273e-05
-7.38771e-05
-6.85611e-05
-6.34259e-05
-5.84726e-05
-5.37051e-05
3522.01
3355.48
3256.14
3220.95
3221.65
3290.83
3371.18
3548.69
3566.12
3534.33
3447.44
3272.5
3018.46
2702.01
2379.08
2051.6
1755.86
1506.28
1317.18
1178.02
1070.96
970.389
858.397
732.227
592.877
449.014
313.361
197.272
105.509
33.1785
-33.9578
-116.104
-234.319
-405.492
-638.707
-927.819
-953.334
-878.592
-839.552
-845.188
-898.564
-996.975
-1136.25
-1300.72
-1469.93
-1582.88
-1445.79
-1255.65
-1076.6
-903.603
-730.202
-548.336
-353.868
-142.277
76.1619
290.249
484.49
641.236
746.127
788.538
769.35
692.759
565.775
401.444
215.828
26.3003
-151.731
-302.207
-413.26
-475.163
-482.73
-435.796
-336.788
-192.44
-13.9752
186.693
391.249
581.712
739.103
846.951
894.473
876.379
801.453
678.923
527.025
369.943
232.919
139.253
108.851
144.105
241.359
386.062
556.049
728.827
882.262
1000.12
1074.3
1100.03
1093.81
1061.6
1014.99
963.708
912.521
860.045
798.765
717.294
603.607
448.33
247.098
3.53625
-275.414
-570.835
-862.354
-1131.66
-1346.25
-1326.05
-1288.73
-1272.48
-1269.31
-1274.31
-1282.71
-1295.4
-1319.11
-1360.88
-1423.8
-1509.25
-1375.61
-1112.58
-809.121
-474.203
-133.337
195.931
496.307
755.355
960.388
1109.34
1205.33
1264.78
1264.79
1239.96
1173.34
1068.42
926.114
746.834
534.801
297.955
49.9667
-195.372
-415.404
-589.894
-701.169
-730.76
-685.915
-570.127
-400.943
-197.887
18.4088
229.486
417.575
569.61
678.23
741.411
765.924
762.411
749.512
744.303
760.902
806.682
879.567
968.21
1053.61
1113.35
1123.41
1070.83
946.269
753.336
507.661
236.084
-32.3744
-259.031
-418.13
-496.287
-499.794
-450.971
-384.859
-338.055
-339.536
-411.19
-562.318
-786.605
-1064.47
-1350.23
-1332.36
-1248.96
-1209.99
-1209.48
-1243.52
-1316.52
-1400.45
-1299.43
-1079.95
-860.301
-639.203
-425.626
-221.038
-25.0328
164.121
346.908
526.021
706.231
883.223
1054.67
1220.97
1372.79
1506.96
1613.51
1679.56
1687.4
1636.94
1524.61
1354.34
1135
890.131
642.283
420.969
246.503
126.544
57.6044
21.8949
-5.3513
-48.5711
-125.979
-245.861
-403.625
-581.808
-752.5
-886.172
-956.133
-933.905
-849.533
-728.627
-602.223
-494.493
-422.409
-398.592
-414.788
-463.013
-528.789
-587.919
-609.833
-592.12
-540.379
-467.264
-386.774
-311.091
-247.687
-197.566
-155.067
-109.957
-51.6507
26.7622
126.915
242.663
364.063
478.067
561.937
599.53
578.349
508.92
397.759
262.453
124.85
3.75691
-83.5851
-128.676
-133.491
-105.272
-65.1775
-16.6908
36.7994
94.4103
156.686
224.608
297.123
372.057
445.04
510.721
564.561
604.444
632.877
656.276
683.992
724.904
784.286
859.541
942.427
1020.47
1060.72
1088.21
1049.42
954.433
804.026
610.266
386.722
155.049
-66.3921
-256.159
-392.639
-466.718
-489.982
-506.072
-512.851
-511.852
-499.156
-484.892
-460.688
-422.689
-367.183
-291.927
-216.388
-150.502
-97.3686
-60.5393
-38.8737
-28.9647
-26.0051
-25.5281
-24.2953
-20.9658
-15.9413
-10.7936
-7.50681
-7.39793
-12.1918
-21.8954
-35.6666
-51.1334
-63.8357
-68.5305
-66.2883
-62.8961
-59.2842
-53.917
-46.9629
-38.7884
-30.226
-22.0925
-15.2684
-9.96379
-6.03865
-3.30378
-1.50325
-0.427064
0.127172
0.325656
0.310283
0.191314
0.0483199
-0.0744891
-0.162452
-0.217646
-0.248307
-0.261787
-0.262784
-0.25416
-0.239034
-0.220048
-0.199357
-0.178375
-0.158043
-0.138938
-0.121357
-0.105424
-0.0911454
-0.0784597
-0.0672667
-0.0574462
-0.0488701
-0.0414103
-0.0349447
-0.0293739
-0.0245713
-0.0204499
-0.0169267
-0.0139249
-0.0113766
-0.00922089
-0.00740486
-0.00588981
-0.00461999
-0.00356636
-0.00269801
-0.00198707
-0.00140963
-0.000947806
-0.000576504
-0.000282612
-5.28766e-05
0.000124201
0.000257505
0.000356726
0.000428237
0.000477418
0.000508685
0.000525286
0.000531879
0.000530478
0.000522962
0.000511161
0.000496539
0.000480373
0.000463966
0.000447459
0.000431253
0.000415597
0.000400854
0.000387126
0.000374467
0.000362965
0.00035237
0.000340108
0.000325666
0.000315121
0.000307405
0.000301717
0.000297695
0.000295144
0.000293923
0.000293916
0.000295055
0.000297273
0.000300466
0.000304548
0.000309437
0.000315046
0.000321273
0.000328042
0.000335272
0.000342897
0.000350855
0.000359083
0.000367522
0.000376106
0.000384768
0.00039344
0.000402063
0.000410577
0.000418932
0.00042708
0.000434976
0.000442568
0.000449828
0.000456788
0.00046342
0.00046972
0.000475634
3471.56
3307.03
3193.09
3133.04
3125.17
3192.61
3301.78
3476.3
3557.77
3573.06
3504.03
3336.59
3075.49
2734.55
2522.77
2334.22
2160.66
2011.47
1893.15
1802.08
1728.78
1662.23
1593.43
1516.93
1432.18
1343.43
1257.62
1181.47
1118.67
1067.98
1022.95
973.111
906.608
812.74
685.259
525.261
439.033
373.488
296.534
214.779
135.293
60.7382
-9.83979
-70.8414
-114.664
-143
-103.691
-23.3322
54.8947
131.976
210.947
296.271
391.627
498.05
613.023
730.604
842.348
938.539
1010.31
1049.99
1057.52
1033.9
980.532
904.287
813.912
718.326
626.25
545.41
482.104
441.119
425.828
437.35
475.746
539.176
623.551
722.699
828.415
930.762
1019.52
1085.2
1119.67
1121.95
1092.85
1035.91
960.695
879.867
806.875
754.397
731.847
743.708
788.102
858.803
946.119
1037.95
1122.51
1190.44
1235.9
1258.39
1261.96
1251.92
1233.82
1213.5
1194.03
1175
1152.58
1120.53
1071.92
1001.39
906.479
788.886
653.652
510.262
368.023
236.342
128.782
94.6229
75.0279
54.6993
35.493
16.726
0.667176
-14.2241
-29.847
-45.83
-56.3017
-70.2118
-28.5172
92.4503
237.523
402.342
574.396
742.86
897.698
1031.65
1139.24
1217.16
1283.53
1333.19
1337.82
1312.95
1281.4
1233.36
1166.35
1079.8
976.119
859.362
736.064
614.83
505.544
418.196
361.164
339.146
355.06
404.868
482.86
580.612
688.039
794.624
890.776
968.748
1024.13
1055.67
1066.58
1063.53
1055.26
1051.01
1058.39
1081.67
1120.44
1169.32
1218.42
1256.16
1272.32
1254.95
1196.68
1100.02
975.42
837.448
703.508
591.048
513.003
475.173
474.368
500.014
536.031
564.214
567.808
534.925
460.48
349.725
215.464
80.3715
36.3385
22.6882
7.51961
-0.938753
-4.27803
-6.70417
-8.16704
37.8624
145.575
255.935
365.864
471.922
573.489
670.751
764.442
855.004
943.592
1031.53
1118.95
1203.75
1314.09
1457.59
1588.62
1692.57
1755.94
1772.11
1726.36
1610.89
1437.81
1290.07
1160.4
1028.64
913.637
824.466
765.416
733.547
719.833
711.536
695.18
660.05
601.092
521.185
430.798
345.667
281.301
246.695
250.046
288.123
345.426
409.537
466.795
505.996
520.916
513.91
488.061
452.611
420.578
404.501
409.258
431.668
466.652
506.954
545.446
577.219
601.049
619.7
638.827
664.817
702.467
753.339
815.011
881.16
943.239
991.526
1018.59
1020.91
989.365
930.114
854.676
776.46
708.203
657.07
628.858
623.483
634.746
653.99
677.735
703.933
732.193
763.141
797.509
835.095
874.48
912.938
947.086
974.086
992.939
1005.32
1015.45
1029
1051.48
1087.11
1143.48
1223.99
1304.51
1369.84
1399.64
1384.21
1322.16
1222.16
1103.53
971.183
835.06
705.777
596.107
516.03
464.537
435.592
416.911
405.854
402.276
406.448
417.844
436.518
463.44
498.641
540.685
584.501
623.088
653.385
674.186
685.866
690.445
691.173
690.713
691.059
693.106
696.655
700.765
704.171
705.756
704.548
699.328
690.856
680.723
671.214
665.593
664.168
665.108
667.466
671.023
675.477
680.398
685.32
689.858
693.647
696.587
698.759
700.284
701.301
701.916
702.22
702.301
702.239
702.114
701.983
701.873
701.793
701.736
701.694
701.662
701.639
701.625
701.617
701.615
701.615
701.616
701.619
701.621
701.624
701.627
701.629
701.631
701.633
701.635
701.636
701.637
701.638
701.639
701.639
701.64
701.64
701.64
701.64
701.64
701.64
701.64
701.64
701.64
701.64
701.64
701.64
701.64
701.64
701.64
701.639
701.639
701.639
701.639
701.639
701.639
701.639
701.639
701.639
701.639
701.639
701.638
701.638
701.638
701.638
701.638
701.638
701.638
701.638
701.638
701.638
701.638
701.638
701.638
701.638
701.638
701.638
701.638
701.638
701.638
701.638
701.638
701.638
701.638
701.638
701.638
701.638
701.638
701.638
701.638
701.638
701.638
701.638
701.638
701.638
701.638
701.638
701.638
701.638
701.638
701.638
701.638
701.638
701.638
701.638
701.638
701.638
701.638
701.638
2611.35
2419.66
2262.6
2181.72
2200.6
2313.57
2485.17
2663.19
2785.81
2797.28
2660.91
2370.07
1947.35
1469.99
1341.9
1291.84
1233.25
1169.6
1107.71
1051.65
1002.75
960.43
922.814
887.075
850.603
812.107
771.92
731.635
693.396
659.087
629.574
604.168
580.561
554.978
522.662
478.684
425.466
362.301
289.478
212.202
136.317
64.5493
-2.80252
-61.5746
-107.001
-153.691
-198.553
-224.612
-242.928
-255.124
-262.579
-265.544
-263.541
-255.785
-241.609
-220.802
-193.907
-162.322
-128.058
-94.8864
-60.7571
-28.4152
-4.12545
11.1911
17.2581
14.787
5.36229
-9.1755
-27.0371
-46.4765
-65.9268
-84.3007
-99.9395
-111.425
-117.691
-118.018
-112.202
-100.796
-84.8056
-65.721
-46.5675
-25.4309
-4.80661
9.63542
16.7235
16.8209
11.0651
1.74774
-8.41372
-17.2854
-24.0737
-27.1734
-25.6034
-19.3983
-9.1393
4.10326
18.5717
33.8831
51.2261
67.7386
81.6012
93.3925
103.995
114.295
124.801
135.418
145.845
154.56
159.862
160.406
155.197
145.828
135.604
122.273
107.016
87.9666
70.2287
51.8313
34.1383
16.9237
1.3293
-13.612
-28.722
-44.1786
-56.0395
-72.7937
-93.9898
-104.729
-113.513
-117.473
-117.488
-113.487
-106.219
-96.3403
-84.8315
-75.1399
-20.4538
43.0697
37.6035
3.02268
10.8598
24.1331
35.1613
41.5256
44.5101
44.1826
39.8303
32.3465
23.0954
13.6192
4.75922
-3.84867
-12.1382
-19.5779
-25.4917
-29.485
-31.3827
-31.2777
-29.4039
-26.2366
-22.2576
-17.998
-13.9131
-10.3159
-7.34929
-4.94699
-2.8845
-0.793716
1.65639
4.85194
8.6634
15.4708
33.5713
53.9503
68.6154
73.5294
72.818
66.9964
57.524
47.7074
39.6398
33.837
29.6762
26.8662
25.8293
26.9427
29.6011
31.7603
30.1554
25.6043
23.9824
21.2375
16.724
11.4715
5.02881
-0.459701
-5.05341
-9.23012
-14.7526
-21.9577
-24.9042
-27.2076
-28.6237
-29.517
-29.8424
-29.7427
-29.2037
-28.3947
-27.0392
-25.7929
-22.8051
-21.8105
40.5734
250.21
444.946
595.601
681.642
696.751
616.776
437.395
219.262
138.874
113.869
90.0475
70.3224
53.374
40.977
33.3342
30.1959
30.8997
33.6632
35.407
33.0758
25.7022
15.7281
8.69678
7.53683
6.1442
4.73747
3.37485
2.25828
1.4696
1.02137
0.936102
1.45575
4.49291
5.67179
4.03385
1.43357
-0.183642
-0.66739
-1.20385
-1.66451
-2.02456
-2.26912
-2.41906
-2.50919
-2.57613
-2.64276
-2.7066
-2.70587
-2.53527
-1.89728
-0.236484
3.77106
13.4687
36.1389
72.2799
92.779
94.0486
80.9613
60.1761
38.2892
18.7344
5.0801
-0.00452097
-0.281983
-0.515202
-0.673642
-0.787499
-0.832159
-0.786517
-0.610706
-0.2443
0.362633
1.23517
2.33352
3.49881
4.73219
6.53944
9.54876
14.649
22.735
36.6645
79.9174
186.478
300.218
399.878
459.742
464.447
423.706
359.764
297.965
237.227
174.817
117.287
73.7453
47.0588
30.7857
20.1675
12.2214
6.28205
2.55084
1.31978
1.15658
1.0134
0.942311
0.956442
1.07433
1.30565
1.59289
1.80117
1.72657
1.25242
0.585594
0.581409
1.07832
1.94038
3.22703
5.0056
7.32455
10.2037
13.592
16.6678
17.1164
14.8756
10.6468
5.61055
1.8504
0.213938
0.0878977
0.0504196
0.0397306
0.0447247
0.0665022
0.105196
0.160445
0.230362
0.310045
0.391191
0.468844
0.580482
0.687656
0.739246
0.721338
0.634917
0.524713
0.427745
0.354109
0.299896
0.256458
0.216453
0.179016
0.14694
0.122045
0.102932
0.0877777
0.0754363
0.065317
0.0568211
0.049589
0.0433729
0.0379916
0.0333067
0.0292097
0.0256142
0.0224505
0.0196613
0.017199
0.0150234
0.0131005
0.0114003
0.0098969
0.00856726
0.00739164
0.00635216
0.00543357
0.00462242
0.00390686
0.00327647
0.00272199
0.00223504
0.00180823
0.001435
0.00110937
0.000826019
0.000580215
0.000367645
0.000184398
2.71825e-05
-0.000107044
-0.000220954
-0.000316891
-0.000396953
-0.000463013
-0.000516769
-0.000559764
-0.000593416
-0.000618913
-0.000637356
-0.000649712
-0.000656799
-0.000659369
-0.00065806
-0.000653463
-0.000646076
-0.000636361
-0.000624708
-0.000611469
-0.00059695
-0.000581419
-0.0005651
-0.000548198
-0.000530884
-0.000513306
-0.000495587
-0.000477836
-0.000460147
-0.000442598
-0.000425259
-0.000408191
-0.000391444
-0.000375063
-0.000359087
-0.00034354
-0.000328445
-0.000313815
-0.000299662
-0.000285993
-0.00027281
-0.000260118
-0.000247914
-0.000236191
-0.000224942
-0.000214156
-0.000203817
-0.000193909
-0.000184417
-0.000175326
-0.000166621
-0.000158291
-0.000150326
-0.000142674
-0.000135316
-0.000128225
-0.000121416
927.573
921.815
906.79
888.932
878.882
886.156
915.772
968.967
1041.63
1124.2
1202.81
1263.52
1301.09
1315.98
1301.02
1259.37
1206.65
1148.24
1090.44
1037.12
989.729
947.96
910.295
874.414
838.141
800.36
761.297
722.254
685.02
651.153
621.332
594.893
569.736
542.439
508.966
465.238
413.916
352.742
283.1
209.438
136.776
67.717
3.06103
-53.78
-99.3356
-142.858
-185.48
-211.912
-230.677
-243.265
-250.956
-254.04
-252.182
-244.778
-231.327
-211.734
-186.558
-157.112
-125.236
-93.8939
-63.2838
-34.6475
-12.4245
2.04736
8.43648
7.17513
-0.531097
-13.1483
-29.0547
-46.6209
-64.4556
-81.2808
-95.5713
-106.027
-111.67
-111.852
-106.409
-95.8507
-81.1143
-63.5607
-45.5873
-27.4605
-10.2437
2.53493
9.57679
10.8069
7.0674
0.11202
-7.98986
-15.6398
-21.376
-23.8115
-22.0551
-16.1195
-6.50364
5.85402
19.5406
33.6111
48.1676
62.3752
75.0045
86.2271
96.4625
106.228
115.866
125.345
134.253
141.813
146.923
148.623
146.028
139.634
130.143
117.395
102.51
85.23
68.2148
50.5167
33.4041
16.7038
1.50723
-13.148
-27.8355
-42.7315
-54.5994
-69.2545
-89.5708
-99.5598
-107.966
-111.818
-111.979
-108.378
-101.702
-92.5547
-81.7489
-71.7741
-59.058
-41.9012
-29.1016
-15.6945
-3.99869
5.66106
14.384
21.108
25.6414
27.6353
26.9761
23.7378
18.3401
11.5311
4.06889
-3.78928
-11.4765
-18.3637
-23.8636
-27.6085
-29.4349
-29.4203
-27.7675
-24.9084
-21.2711
-17.3352
-13.5111
-10.0823
-7.18141
-4.75305
-2.61394
-0.441858
2.05341
5.18758
8.9963
13.2193
18.7362
25.2643
31.1378
35.916
38.9973
40.1876
39.5055
37.343
34.3002
31.0778
28.1915
26.03
24.7228
24.188
24.2981
24.7721
24.8536
24.3429
22.6479
19.8675
15.8804
10.7699
4.23614
-0.444912
-4.43624
-8.16308
-14.2557
-20.8992
-23.686
-25.9648
-27.4039
-28.3369
-28.7086
-28.6641
-28.1821
-27.4312
-26.1636
-24.9821
-22.7149
-21.7746
-20.8869
-17.2621
-14.3402
-10.7289
-7.16465
-3.41414
0.23597
3.5933
6.69933
9.10655
10.7301
11.549
11.7818
11.5843
11.1335
10.6338
10.2147
9.93445
9.80221
9.75637
9.67682
9.40925
8.88234
8.27816
7.27262
6.00858
4.66742
3.39005
2.33118
1.5658
1.09042
0.882034
0.790035
0.679559
0.600671
0.454414
0.174764
-0.18991
-0.65162
-1.1483
-1.58541
-1.93077
-2.17152
-2.32471
-2.421
-2.49417
-2.56904
-2.65451
-2.73149
-2.78154
-2.7432
-2.65929
-2.56374
-2.44772
-2.2232
-1.76071
-1.22983
-0.739924
-0.347236
-0.104094
0.022351
-0.00292705
-0.171322
-0.151086
-0.323333
-0.523995
-0.682881
-0.824994
-0.942376
-1.04405
-1.12929
-1.19707
-1.24631
-1.27096
-1.26364
-1.2187
-1.13574
-1.09697
-1.02148
-1.0027
-1.00218
-1.07625
-1.2163
-1.23738
-1.15045
-0.994149
-0.783654
-0.490693
-0.131801
0.272136
0.658653
1.01419
1.31859
1.54668
1.70318
1.80042
1.7686
1.73774
1.68665
1.54106
1.40301
1.2638
1.10059
0.915004
0.724751
0.530042
0.338502
0.172445
0.0418977
-0.0489225
-0.102748
-0.113453
-0.114765
-0.088811
-0.086803
-0.0756461
-0.0791902
-0.0950539
-0.110619
-0.127764
-0.139134
-0.139102
-0.121236
-0.0905814
-0.0735556
-0.0487743
0.0106073
0.0612213
0.0580035
0.0396005
0.0202762
0.00126032
-0.0161604
-0.0315717
-0.0443445
-0.0539769
-0.0604169
-0.064413
-0.0661632
-0.0682074
-0.0690452
-0.0679052
-0.0652168
-0.0602408
-0.0541493
-0.0491508
-0.0450896
-0.041799
-0.0390618
-0.0365987
-0.0344642
-0.032538
-0.0305909
-0.0287225
-0.0268012
-0.0251173
-0.0236519
-0.0222981
-0.0210274
-0.0198275
-0.0186917
-0.0176162
-0.0165985
-0.0156367
-0.0147284
-0.0138711
-0.013062
-0.0122981
-0.011577
-0.0108964
-0.0102543
-0.00964906
-0.00907897
-0.00854251
-0.00803784
-0.00756317
-0.0071167
-0.00669667
-0.00630143
-0.00592947
-0.00557937
-0.00524983
-0.00493961
-0.00464757
-0.00437267
-0.00411397
-0.00387058
-0.00364165
-0.00342633
-0.00322379
-0.00303321
-0.00285385
-0.002685
-0.00252604
-0.0023764
-0.00223555
-0.00210301
-0.00197833
-0.00186107
-0.00175079
-0.00164707
-0.00154952
-0.00145778
-0.00137149
-0.00129033
-0.001214
-0.00114221
-0.0010747
-0.0010112
-0.000951472
-0.0008953
-0.000842464
-0.000792761
-0.000745998
-0.000701998
-0.000660591
-0.000621623
-0.000584948
-0.00055043
-0.000517946
-0.000487375
-0.000458608
-0.000431538
-0.000406068
-0.000382103
-0.000359557
-0.000338349
-0.000318403
-0.000299647
-0.000282015
-0.000265445
-0.000249873
-0.000235243
-0.000221496
-0.00020858
-0.000196441
-0.000185032
-0.000174306
-0.000164221
-0.000154736
-0.000145817
-0.00013743
-0.000129545
-0.000122131
917.528
912.363
900.183
886.368
879.846
888.755
917.539
967.021
1033.14
1107.53
1178.4
1234.07
1268.64
1281.64
1269.1
1232
1183.53
1129.25
1074.82
1023.84
977.833
936.662
899.092
863.18
827.094
789.873
751.686
713.625
677.192
643.684
613.617
586.331
559.911
531.314
497.054
453.853
403.181
343.873
277.152
206.812
137.156
70.7034
8.57784
-46.4364
-91.8572
-134.514
-174.393
-200.936
-219.982
-232.872
-240.769
-243.989
-242.304
-235.254
-222.466
-203.935
-180.229
-152.585
-122.704
-93.1513
-64.4355
-37.7976
-16.9584
-3.20851
3.08704
2.29313
-4.52043
-15.9677
-30.5518
-46.7512
-63.2391
-78.7684
-91.933
-101.53
-106.651
-106.712
-101.581
-91.7171
-78.0033
-61.6936
-44.8657
-28.013
-12.1063
-0.16611
6.62234
8.15955
5.20111
-0.699539
-7.70172
-14.322
-19.1996
-21.0774
-19.1679
-13.4401
-4.33316
7.31872
20.2824
33.6945
47.5529
61.1394
73.3711
84.3412
94.3747
103.895
113.176
122.168
130.485
137.427
142.009
143.375
140.78
134.693
125.612
113.463
99.3346
82.745
66.3531
49.3715
32.8575
16.7082
1.79936
-12.6091
-26.8881
-41.2988
-53.422
-67.9389
-85.5514
-95.3895
-103.405
-107.138
-107.392
-104.105
-97.9207
-89.3496
-79.3169
-69.2148
-57.4695
-41.2176
-29.0694
-16.2559
-4.92476
4.28004
12.6275
19.046
23.373
25.2882
24.7037
21.7064
16.7109
10.411
3.46773
-3.83892
-10.9867
-17.3981
-22.5347
-26.0587
-27.8138
-27.8629
-26.392
-23.7814
-20.4261
-16.7594
-13.154
-9.86955
-7.02915
-4.58878
-2.38546
-0.137253
2.40369
5.51793
9.1901
13.2423
18.372
24.5598
30.0986
34.5977
37.5063
38.6519
38.0656
36.1174
33.3754
30.4647
27.8369
25.8242
24.5519
23.9475
23.8753
24.1189
23.9909
23.3561
21.6236
18.9304
14.943
10.2114
4.46696
-0.330434
-4.62959
-8.63282
-13.8703
-19.6712
-22.6224
-24.9661
-26.4319
-27.3843
-27.7854
-27.7711
-27.3242
-26.6083
-25.386
-24.23
-21.9912
-21.1557
-20.4625
-16.6782
-13.8833
-10.4088
-7.00147
-3.42175
0.0320548
3.21233
6.15869
8.68547
10.1883
11.0346
11.3001
11.1689
10.7978
10.3749
10.0075
9.73999
9.5906
9.51178
9.39609
9.07437
8.55186
7.98974
7.02086
5.83619
4.60526
3.42315
2.42948
1.69379
1.22042
0.97915
0.831584
0.658548
0.5593
0.396293
0.129611
-0.217928
-0.650837
-1.11116
-1.51967
-1.84929
-2.08709
-2.24628
-2.3519
-2.43124
-2.50347
-2.57349
-2.62221
-2.64466
-2.60026
-2.52597
-2.47752
-2.41795
-2.22905
-1.84045
-1.25443
-0.781686
-0.406239
-0.178928
-0.0607838
-0.0762819
-0.1854
-0.173758
-0.343568
-0.525839
-0.672799
-0.803392
-0.910666
-1.00357
-1.08327
-1.15007
-1.20268
-1.23322
-1.22637
-1.17335
-1.08031
-0.964659
-0.945051
-0.963719
-0.980551
-1.0716
-1.21473
-1.2219
-1.11565
-0.957008
-0.744056
-0.460074
-0.123353
0.249256
0.629041
0.972745
1.26483
1.48839
1.64327
1.73003
1.70773
1.67408
1.61778
1.48602
1.36209
1.22696
1.07478
0.900324
0.7178
0.531296
0.349567
0.189426
0.0612729
-0.0293083
-0.0793384
-0.0863372
-0.0206923
-0.0086218
-0.0209198
-0.0471958
-0.0737013
-0.0949729
-0.118104
-0.143004
-0.15878
-0.158631
-0.13991
-0.118543
-0.0786943
-0.0383504
0.0327967
0.0725732
0.0580554
0.0373934
0.019148
0.00172184
-0.0146141
-0.0291256
-0.0414161
-0.0511159
-0.0578553
-0.0620846
-0.0640966
-0.0669023
-0.0691735
-0.0683752
-0.0646242
-0.0587309
-0.0526216
-0.0472826
-0.0434971
-0.0407442
-0.0383472
-0.0358879
-0.0332718
-0.0308475
-0.0288177
-0.0272859
-0.0259536
-0.0246134
-0.0232948
-0.022022
-0.0208025
-0.0196383
-0.0185293
-0.017475
-0.0164748
-0.0155277
-0.0146321
-0.0137858
-0.0129863
-0.0122309
-0.0115172
-0.0108432
-0.010207
-0.00960696
-0.00904152
-0.00850918
-0.00800818
-0.00753678
-0.00709322
-0.00667576
-0.00628282
-0.00591289
-0.0055646
-0.00523666
-0.00492786
-0.00463708
-0.0043633
-0.0041056
-0.0038631
-0.00363496
-0.00342035
-0.00321844
-0.00302843
-0.00284957
-0.00268118
-0.00252261
-0.00237333
-0.0022328
-0.00210055
-0.00197613
-0.0018591
-0.00174902
-0.00164549
-0.00154811
-0.00145652
-0.00137036
-0.00128932
-0.0012131
-0.0011414
-0.00107396
-0.00101054
-0.000950877
-0.000894763
-0.00084198
-0.000792323
-0.000745603
-0.000701641
-0.000660269
-0.000621332
-0.000584686
-0.000550196
-0.000517737
-0.00048719
-0.000458444
-0.000431395
-0.000405943
-0.000381997
-0.000359468
-0.000338275
-0.000318344
-0.000299602
-0.000281984
-0.000265425
-0.000249865
-0.000235245
-0.000221509
-0.000208601
-0.000196471
-0.000185068
-0.000174349
-0.000164268
-0.000154786
-0.000145869
-0.000137484
-0.000129598
-0.00012218
908.258
903.704
893.867
883.359
879.722
889.901
917.792
963.92
1024.55
1092.15
1156.39
1207.17
1238.91
1250.42
1238.76
1205.49
1160.86
1110.32
1059
1010.26
965.622
925.121
887.766
851.937
816.096
779.42
742.036
704.856
669.138
635.95
605.672
577.653
550.149
520.467
485.59
442.826
393.066
335.552
271.512
204.217
137.393
73.4364
13.6527
-39.6331
-84.5777
-125.978
-163.803
-190.259
-209.463
-222.588
-230.672
-234.043
-232.566
-225.903
-213.796
-196.315
-174.035
-148.12
-120.142
-92.3057
-65.3622
-40.614
-21.1097
-8.0703
-1.88901
-2.2653
-8.25409
-18.6044
-31.9342
-46.8309
-62.0222
-76.3098
-88.3978
-97.1754
-101.802
-101.75
-96.9146
-87.714
-74.9703
-59.836
-44.0909
-28.376
-13.731
-2.61677
3.91382
5.73446
3.5034
-1.417
-7.39763
-13.0556
-17.128
-18.487
-16.4255
-10.8892
-2.25829
8.73087
21.0261
33.8492
47.0524
59.9819
71.7763
82.4591
92.2663
101.529
110.453
118.97
126.717
133.059
137.135
138.206
135.651
129.78
121.04
109.437
95.8825
80.2314
64.4781
48.1634
32.2133
16.5951
2.02026
-12.0901
-25.982
-39.9059
-51.9815
-65.612
-81.7529
-91.1925
-98.8112
-102.435
-102.783
-99.8021
-94.082
-86.0799
-76.6321
-66.8499
-55.5628
-40.5657
-28.9042
-16.7517
-6.07081
2.88613
10.8077
16.8989
21.0179
22.8812
22.4242
19.7433
15.2052
9.40471
2.94899
-3.84674
-10.4852
-16.4403
-21.229
-24.5375
-26.219
-26.326
-25.0206
-22.6453
-19.5568
-16.1467
-12.7522
-9.61033
-6.83556
-4.39336
-2.14593
0.152506
2.71794
5.78851
9.39657
13.3991
18.2956
23.893
28.9624
33.1053
35.8269
36.9677
36.5512
34.8935
32.4765
29.8504
27.4323
25.5354
24.2785
23.6112
23.4042
23.4346
23.137
22.3387
20.5674
17.8944
14.1475
9.62686
4.18819
-0.299587
-4.40363
-8.34094
-13.3804
-18.7161
-21.584
-23.9134
-25.393
-26.3669
-26.8
-26.8239
-26.4207
-25.7488
-24.597
-23.4807
-21.5357
-20.4034
-19.2665
-16.0567
-13.3824
-10.0598
-6.80426
-3.39244
-0.0902289
2.95118
5.75406
7.98339
9.50313
10.3921
10.7325
10.6986
10.4231
10.073
9.75276
9.51123
9.36075
9.25488
9.10841
8.80464
8.29352
7.70297
6.79462
5.69374
4.53675
3.42756
2.48654
1.77525
1.29523
1.02622
0.860373
0.695261
0.562511
0.381532
0.110342
-0.227505
-0.635954
-1.0669
-1.4535
-1.76933
-2.00252
-2.16347
-2.27391
-2.35795
-2.43344
-2.50662
-2.56278
-2.58921
-2.55184
-2.47485
-2.37815
-2.26296
-2.05549
-1.66635
-1.22314
-0.805404
-0.463194
-0.245458
-0.123133
-0.130623
-0.224396
-0.232892
-0.370919
-0.531848
-0.668936
-0.794459
-0.899758
-0.990578
-1.06607
-1.12639
-1.16852
-1.18947
-1.182
-1.1444
-1.07657
-1.03201
-0.980783
-0.963899
-0.966002
-1.01917
-1.11234
-1.11062
-1.02262
-0.874633
-0.669956
-0.405213
-0.0891158
0.256402
0.600817
0.919249
1.19451
1.40223
1.55172
1.64017
1.63411
1.60693
1.55329
1.43636
1.31905
1.18608
1.03692
0.871463
0.700309
0.525459
0.356671
0.208209
0.0880532
0.00155737
-0.0511409
-0.0694437
-0.0820105
-0.0680624
-0.0705234
-0.0628562
-0.0697145
-0.084423
-0.0991528
-0.114843
-0.124914
-0.126316
-0.111613
-0.0884574
-0.0731131
-0.0442697
0.00714785
0.0445845
0.0437674
0.0309644
0.0156284
-0.000148389
-0.0151565
-0.0286354
-0.0400057
-0.0489531
-0.0554134
-0.0596338
-0.0618257
-0.0639408
-0.0649634
-0.0642062
-0.0617586
-0.0572423
-0.0521931
-0.0477697
-0.0440118
-0.04089
-0.0382516
-0.0358609
-0.0336994
-0.0316715
-0.0298648
-0.0280019
-0.026317
-0.0247546
-0.0233337
-0.0220125
-0.0207701
-0.0195956
-0.0184828
-0.0174281
-0.0164294
-0.0154848
-0.0145921
-0.0137488
-0.0129523
-0.0121998
-0.0114889
-0.0108175
-0.0101837
-0.00958592
-0.00902255
-0.00849206
-0.00799272
-0.00752279
-0.00708054
-0.00666427
-0.00627238
-0.0059034
-0.00555596
-0.00522878
-0.00492066
-0.00463049
-0.00435726
-0.00410005
-0.003858
-0.00363027
-0.00341602
-0.00321445
-0.00302474
-0.00284616
-0.00267802
-0.00251969
-0.00237062
-0.00223029
-0.00209823
-0.00197397
-0.0018571
-0.00174717
-0.00164377
-0.00154652
-0.00145504
-0.00136899
-0.00128805
-0.00121191
-0.0011403
-0.00107294
-0.00100959
-0.000949995
-0.000893939
-0.000841207
-0.000791598
-0.000744921
-0.000700998
-0.000659662
-0.000620759
-0.000584144
-0.000549684
-0.000517251
-0.00048673
-0.000458008
-0.000430982
-0.000405552
-0.000381625
-0.000359115
-0.00033794
-0.000318025
-0.000299298
-0.000281694
-0.000265149
-0.000249602
-0.000234993
-0.000221267
-0.000208369
-0.000196248
-0.000184854
-0.000174142
-0.00016407
-0.000154597
-0.000145688
-0.000137311
-0.000129434
-0.000122028
899.31
895.415
887.608
879.885
878.645
889.804
916.74
959.747
1015.38
1076.87
1135.15
1181.41
1210.47
1220.66
1209.89
1179.83
1138.66
1091.53
1043.09
996.473
953.197
913.43
876.392
840.746
805.206
769.067
732.427
696.045
660.97
628.076
597.631
568.999
540.596
510.039
474.713
432.388
383.534
327.733
266.169
201.681
137.52
75.9455
18.3541
-33.2793
-77.5409
-117.804
-153.891
-180.128
-199.393
-212.694
-220.947
-224.483
-223.24
-216.984
-205.554
-189.081
-168.147
-143.844
-117.629
-91.4375
-66.1642
-43.1087
-24.8243
-12.4545
-6.40016
-6.41631
-11.6641
-21.0136
-33.1901
-46.8793
-60.868
-74.0117
-85.1108
-93.137
-97.3128
-97.1613
-92.5958
-84
-72.137
-58.0667
-43.3427
-28.6952
-15.1424
-4.74941
1.54336
3.60041
2.00002
-2.05629
-7.11955
-11.9111
-15.2635
-16.1568
-13.9557
-8.58612
-0.377266
10.0207
21.6946
33.9384
46.5279
58.8748
70.2544
80.6415
90.2032
99.196
107.77
115.843
123.073
128.887
132.523
133.334
130.796
125.146
116.748
105.664
92.7071
77.8047
62.6574
46.9822
31.5811
16.475
2.23623
-11.5629
-25.0782
-38.5478
-50.5311
-63.606
-78.2127
-87.324
-94.5526
-98.0704
-98.4937
-95.7859
-90.4849
-82.9924
-74.1225
-64.5343
-53.8871
-39.8578
-28.7449
-17.1971
-6.98864
1.61748
9.16956
14.9765
18.911
20.7222
20.3631
17.9356
13.7799
8.43078
2.43556
-3.88042
-10.0472
-15.5854
-20.0531
-23.1605
-24.7675
-24.9207
-23.7578
-21.5885
-18.7363
-15.5552
-12.3514
-9.34134
-6.63216
-4.19776
-1.9194
0.416692
2.99658
6.02753
9.53226
13.4242
18.0371
23.2414
27.9644
31.8284
34.3899
35.5042
35.195
33.7474
31.5931
29.221
27.0052
25.2261
23.9955
23.2749
22.9385
22.7929
22.3406
21.4287
19.631
17.0197
13.3897
9.12847
4.11124
-0.277528
-4.39763
-8.28688
-12.9596
-17.7742
-20.6469
-22.9591
-24.4485
-25.4351
-25.8933
-25.9464
-25.5797
-24.9434
-23.8474
-22.7557
-20.9207
-19.7634
-18.6165
-15.5049
-12.9367
-9.75233
-6.63882
-3.38426
-0.246559
2.64924
5.30136
7.50761
8.96339
9.8697
10.2527
10.2836
10.0801
9.79419
9.51713
9.29287
9.13734
9.01062
8.83991
8.51709
8.01849
7.44092
6.57468
5.54577
4.46961
3.43408
2.54544
1.86003
1.38261
1.08927
0.889131
0.693719
0.545815
0.351557
0.086604
-0.241053
-0.626809
-1.02983
-1.39456
-1.69695
-1.92581
-2.08895
-2.2042
-2.29126
-2.3646
-2.42855
-2.47109
-2.48727
-2.45122
-2.38553
-2.31465
-2.21255
-2.00533
-1.66791
-1.22032
-0.83028
-0.51059
-0.306327
-0.187435
-0.183222
-0.244274
-0.268821
-0.39088
-0.535479
-0.66119
-0.777016
-0.874725
-0.960065
-1.03167
-1.09039
-1.13341
-1.15595
-1.14807
-1.10726
-1.039
-0.963811
-0.936302
-0.941099
-0.95117
-1.0045
-1.07809
-1.06388
-0.971266
-0.824995
-0.628408
-0.374445
-0.074114
0.254013
0.581576
0.881877
1.14252
1.34201
1.48525
1.5677
1.56848
1.54392
1.49136
1.38705
1.27733
1.14977
1.01039
0.853888
0.69032
0.52378
0.362664
0.220257
0.10454
0.0205217
-0.0300482
-0.0477411
-0.0151193
-0.0108545
-0.0237669
-0.0451668
-0.0659087
-0.0844371
-0.10312
-0.121468
-0.131592
-0.130192
-0.116663
-0.0958034
-0.0658195
-0.0327969
0.0148245
0.0418159
0.0394765
0.0279044
0.0139315
-0.000551074
-0.0145648
-0.0273159
-0.0382299
-0.0469142
-0.0532511
-0.0575848
-0.0599768
-0.0623793
-0.0637745
-0.0629869
-0.0601134
-0.0557812
-0.0509251
-0.0464866
-0.0429621
-0.04017
-0.0377061
-0.0353159
-0.0329331
-0.0307049
-0.0288229
-0.0272173
-0.0257608
-0.0243775
-0.023055
-0.0217917
-0.0205867
-0.0194386
-0.0183461
-0.0173078
-0.0163228
-0.0153899
-0.0145074
-0.013673
-0.0128844
-0.012139
-0.0114344
-0.0107686
-0.0101398
-0.00954655
-0.00898721
-0.00846032
-0.00796421
-0.00749717
-0.00705749
-0.00664352
-0.00625368
-0.00588655
-0.00554076
-0.00521505
-0.00490825
-0.00461926
-0.00434709
-0.00409083
-0.00384964
-0.00362268
-0.00340913
-0.00320818
-0.00301904
-0.00284096
-0.00267328
-0.00251537
-0.00236668
-0.0022267
-0.00209495
-0.00197098
-0.00185436
-0.00174466
-0.00164148
-0.00154442
-0.00145311
-0.00136722
-0.00128641
-0.0012104
-0.0011389
-0.00107165
-0.00100839
-0.000948882
-0.000892906
-0.000840247
-0.000790705
-0.000744089
-0.000700223
-0.00065894
-0.000620086
-0.000583516
-0.000549098
-0.000516705
-0.00048622
-0.000457533
-0.000430539
-0.00040514
-0.000381241
-0.000358758
-0.000337608
-0.000317716
-0.000299012
-0.000281429
-0.000264903
-0.000249374
-0.000234782
-0.000221072
-0.000208189
-0.000196082
-0.000184701
-0.000174002
-0.00016394
-0.000154478
-0.000145579
-0.00013721
-0.000129339
-0.000121939
890.636
887.403
881.35
875.972
876.704
888.594
914.535
954.636
1005.73
1061.73
1114.65
1156.78
1183.3
1192.34
1182.34
1155.01
1116.94
1072.9
1027.13
982.528
940.595
901.608
864.971
829.592
794.397
758.791
722.845
687.19
652.697
620.079
589.508
560.371
531.227
499.973
464.337
422.453
374.527
320.364
261.095
199.206
137.549
78.2425
22.7125
-27.3331
-70.7646
-109.912
-144.531
-170.458
-189.707
-203.131
-211.534
-215.241
-214.25
-208.415
-197.658
-182.16
-162.502
-139.715
-115.149
-90.5245
-66.8205
-45.3129
-28.161
-16.4274
-10.5126
-10.2119
-14.7911
-23.2214
-34.3286
-46.8902
-59.7555
-71.8338
-82.0137
-89.3429
-93.1025
-92.8596
-88.5436
-80.5065
-69.4542
-56.3618
-42.5951
-28.9308
-16.3624
-6.62522
-0.557509
1.70262
0.661904
-2.61957
-6.85116
-10.8543
-13.5528
-14.023
-11.6915
-6.47073
1.35566
11.2143
22.312
34.0061
46.0193
57.8142
68.7835
78.864
88.1659
96.8808
105.111
112.762
119.512
124.842
128.082
128.664
126.143
120.688
112.611
102.013
89.6031
75.4256
60.8672
45.8
30.9273
16.3122
2.42745
-11.0435
-24.1898
-37.2166
-49.0077
-61.4541
-74.8631
-83.6162
-90.4715
-93.8854
-94.3756
-91.9192
-87.0042
-79.99
-71.6293
-62.3803
-52.2547
-39.1404
-28.5394
-17.5722
-7.87262
0.414082
7.60605
13.1422
16.9041
18.6726
18.4152
16.2364
12.4465
7.52022
1.95805
-3.90777
-9.63534
-14.7832
-18.9495
-21.8654
-23.399
-23.5866
-22.5513
-20.569
-17.9329
-14.963
-11.9369
-9.05284
-6.41072
-3.99201
-1.69616
0.662144
3.24427
6.22798
9.64611
13.4303
17.8052
22.6074
26.9832
30.5741
32.9844
34.0803
33.8824
32.6402
30.7309
28.5871
26.549
24.8737
23.6665
22.8999
22.4566
22.1551
21.5715
20.5511
18.7337
16.1633
12.6971
8.63689
3.92561
-0.270132
-4.26355
-8.09432
-12.503
-16.9442
-19.7505
-22.0231
-23.514
-24.51
-24.9914
-25.0736
-24.7443
-24.1448
-23.1094
-22.0485
-20.365
-19.0991
-17.7794
-14.9567
-12.4855
-9.44467
-6.46759
-3.361
-0.367714
2.39872
4.92235
6.97652
8.41178
9.33357
9.76542
9.86334
9.73024
9.50241
9.26566
9.06281
8.90789
8.76571
8.57669
8.2577
7.76916
7.19259
6.37294
5.40931
4.39859
3.42575
2.58304
1.92098
1.444
1.13432
0.917639
0.716985
0.544986
0.33853
0.0727394
-0.245139
-0.611291
-0.991135
-1.33718
-1.62724
-1.85102
-2.01439
-2.13264
-2.2228
-2.29789
-2.36249
-2.40593
-2.42084
-2.38526
-2.31458
-2.22081
-2.09971
-1.89981
-1.5783
-1.2006
-0.847423
-0.552341
-0.35818
-0.240928
-0.232282
-0.279132
-0.307684
-0.412112
-0.541778
-0.65843
-0.768085
-0.861695
-0.943028
-1.01012
-1.06332
-1.09974
-1.11729
-1.11023
-1.07903
-1.02564
-0.979546
-0.942299
-0.928554
-0.928008
-0.960271
-1.00954
-0.988895
-0.903373
-0.762628
-0.574955
-0.334449
-0.0538126
0.251364
0.557209
0.838973
1.08545
1.27423
1.41212
1.49359
1.50314
1.483
1.43336
1.33916
1.2357
1.11336
0.979023
0.830522
0.675665
0.519073
0.368606
0.235074
0.125232
0.0438301
-0.00875691
-0.0327246
-0.0423638
-0.0472299
-0.0485302
-0.0503083
-0.0609024
-0.0746612
-0.0887491
-0.102882
-0.111651
-0.112088
-0.100252
-0.0846489
-0.0649634
-0.0380218
0.0034808
0.0299383
0.0312298
0.0229061
0.0110938
-0.00188739
-0.0146929
-0.0264773
-0.0367204
-0.0449833
-0.0510984
-0.0553687
-0.0578394
-0.0599549
-0.0609768
-0.0604116
-0.0581788
-0.0543924
-0.0501854
-0.0462874
-0.042886
-0.0399769
-0.0374502
-0.035136
-0.0330018
-0.031023
-0.0291961
-0.0274681
-0.0258754
-0.0243899
-0.0230124
-0.0217236
-0.0205089
-0.0193589
-0.0182684
-0.0172341
-0.0162539
-0.0153261
-0.0144487
-0.0136193
-0.0128353
-0.0120942
-0.0113936
-0.0107316
-0.0101062
-0.00951606
-0.00895958
-0.00843525
-0.00794144
-0.00747645
-0.00703861
-0.00662629
-0.00623796
-0.00587217
-0.0055276
-0.005203
-0.00489719
-0.0046091
-0.00433775
-0.00408223
-0.00384171
-0.00361536
-0.00340238
-0.00320194
-0.00301327
-0.00283563
-0.00266834
-0.0025108
-0.00236244
-0.00222277
-0.00209131
-0.00196761
-0.00185124
-0.00174178
-0.00163881
-0.00154195
-0.00145083
-0.0013651
-0.00128445
-0.00120858
-0.00113721
-0.00107007
-0.00100692
-0.000947514
-0.000891629
-0.000839054
-0.000789588
-0.000743043
-0.000699242
-0.000658019
-0.000619221
-0.000582704
-0.000548335
-0.000515988
-0.000485547
-0.0004569
-0.000429945
-0.000404581
-0.000380716
-0.000358264
-0.000337144
-0.00031728
-0.000298602
-0.000281043
-0.00026454
-0.000249033
-0.000234461
-0.00022077
-0.000207904
-0.000195813
-0.000184447
-0.000173762
-0.000163714
-0.000154264
-0.000145376
-0.000137018
-0.000129159
-0.000121769
882.188
879.589
875.049
871.639
873.985
886.39
911.309
948.705
995.657
1046.71
1094.8
1133.15
1157.3
1165.3
1155.98
1130.98
1095.68
1054.46
1011.16
968.467
927.853
889.679
853.512
818.469
783.659
748.58
713.286
678.301
644.344
611.988
581.332
551.786
522.043
490.247
454.422
412.992
365.998
313.4
256.268
196.791
137.491
80.3424
26.7597
-21.7554
-64.2611
-102.331
-135.677
-161.234
-180.405
-193.908
-202.442
-206.324
-205.6
-200.195
-190.1
-175.54
-157.093
-135.73
-112.708
-89.5711
-67.3402
-47.2492
-31.1465
-20.015
-14.2462
-13.6731
-17.6476
-25.2355
-35.3544
-46.8671
-58.686
-69.7754
-79.1038
-85.7884
-89.1647
-88.8388
-84.7525
-77.2293
-66.9211
-54.7249
-41.8528
-29.0973
-17.4094
-8.26344
-2.40672
0.0251254
-0.522324
-3.11321
-6.59456
-9.88419
-11.9926
-12.0795
-9.62825
-4.54031
2.94048
12.3086
22.8706
34.0427
45.5114
56.7918
67.3618
77.1308
86.1628
94.5948
102.49
109.741
116.049
120.942
123.828
124.206
121.699
116.428
108.659
98.5181
86.6339
73.1124
59.1186
44.6312
30.2694
16.1279
2.60349
-10.5299
-23.3124
-35.9139
-47.4659
-59.3564
-71.7047
-80.1086
-86.6103
-89.9215
-90.469
-88.2412
-83.68
-77.1077
-69.2256
-60.3156
-50.7155
-38.4076
-28.3149
-17.8977
-8.6563
-0.701763
6.15543
11.4417
15.0448
16.7741
16.6085
14.653
11.1934
6.65741
1.50192
-3.94304
-9.2615
-14.0474
-17.9325
-20.6677
-22.1291
-22.3407
-21.4176
-19.6021
-17.1606
-14.3825
-11.52
-8.75462
-6.17981
-3.78367
-1.48105
0.888178
3.46314
6.39677
9.71853
13.3726
17.5226
21.9916
26.0694
29.4207
31.6936
32.7654
32.6553
31.5846
29.8878
27.949
26.0747
24.4978
23.3165
22.5115
21.9736
21.5397
20.8416
19.7354
17.9054
15.3893
12.0528
8.19407
3.77486
-0.27913
-4.18893
-7.92414
-12.0722
-16.1675
-18.9188
-21.1446
-22.6313
-23.6315
-24.1317
-24.2388
-23.9432
-23.3767
-22.3957
-21.3593
-19.7756
-18.4814
-17.1249
-14.4478
-12.0659
-9.15884
-6.30997
-3.34609
-0.493722
2.14634
4.54695
6.52862
7.92407
8.85149
9.3179
9.47033
9.39584
9.22031
9.02011
8.83531
8.68118
8.52736
8.32418
7.99914
7.52367
6.95849
6.17877
5.275
4.32804
3.41478
2.61568
1.97695
1.50422
1.17938
0.940872
0.720703
0.538506
0.322824
0.0601811
-0.248978
-0.597363
-0.955704
-1.28419
-1.56257
-1.78136
-1.94467
-2.0651
-2.15665
-2.23018
-2.2895
-2.32628
-2.33662
-2.30388
-2.24155
-2.15799
-2.03889
-1.84248
-1.54254
-1.18981
-0.862723
-0.588739
-0.405567
-0.290737
-0.273688
-0.303882
-0.337133
-0.429523
-0.545961
-0.652729
-0.754122
-0.841627
-0.918398
-0.982157
-1.03326
-1.06897
-1.08631
-1.07869
-1.04693
-0.994256
-0.942288
-0.913219
-0.908697
-0.910284
-0.936958
-0.971269
-0.942809
-0.854892
-0.715977
-0.534749
-0.304593
-0.0377069
0.250424
0.53821
0.803628
1.03638
1.21634
1.34874
1.42685
1.44112
1.42446
1.37796
1.29274
1.19551
1.07922
0.952413
0.811615
0.664254
0.515229
0.371955
0.244592
0.139145
0.0602989
0.0098281
-0.0152477
-0.00786656
-0.00945859
-0.0224073
-0.0402906
-0.0570135
-0.0731366
-0.0885738
-0.102562
-0.109909
-0.10894
-0.0982193
-0.0785844
-0.0573184
-0.0312999
0.00310319
0.0238101
0.026153
0.0194786
0.00902803
-0.00277769
-0.0146543
-0.0257005
-0.0353544
-0.0432446
-0.0491895
-0.0534579
-0.0560347
-0.0581832
-0.0592049
-0.0585926
-0.0564233
-0.0530134
-0.0490896
-0.0453552
-0.0421322
-0.0394057
-0.0369744
-0.0346789
-0.0324742
-0.0304215
-0.0286069
-0.0269766
-0.0254928
-0.0241001
-0.0227829
-0.0215331
-0.0203452
-0.0192155
-0.0181412
-0.0171205
-0.0161521
-0.0152346
-0.0143663
-0.013545
-0.0127683
-0.0120338
-0.0113391
-0.0106823
-0.0100618
-0.00947596
-0.00892338
-0.00840254
-0.00791186
-0.00744968
-0.00701435
-0.00660429
-0.00621797
-0.00585401
-0.00551108
-0.00518796
-0.00488348
-0.00459659
-0.00432631
-0.00407178
-0.00383214
-0.00360659
-0.00339433
-0.00319455
-0.00300647
-0.00282937
-0.00266258
-0.00250548
-0.00235753
-0.00221823
-0.00208711
-0.00196372
-0.00184764
-0.00173845
-0.00163573
-0.00153909
-0.00144817
-0.00136264
-0.00128216
-0.00120645
-0.00113523
-0.00106823
-0.0010052
-0.000945912
-0.000890132
-0.000837655
-0.000788279
-0.000741817
-0.000698093
-0.000656943
-0.000618212
-0.000581758
-0.000547447
-0.000515155
-0.000484765
-0.000456167
-0.000429257
-0.000403936
-0.000380112
-0.000357697
-0.000336613
-0.000316782
-0.000298135
-0.000280606
-0.00026413
-0.000248648
-0.000234101
-0.000220432
-0.000207588
-0.000195516
-0.000184169
-0.0001735
-0.000163468
-0.000154033
-0.00014516
-0.000136815
-0.000128968
-0.00012159
873.922
871.912
868.673
866.909
870.562
883.297
907.179
942.055
985.234
1031.81
1075.55
1110.44
1132.39
1139.45
1130.71
1107.7
1074.89
1036.24
995.21
954.329
915.003
877.666
842.026
807.375
772.982
738.427
703.751
669.386
635.925
603.826
573.124
543.257
513.041
480.838
444.925
403.966
357.904
306.801
251.666
194.438
137.356
82.2592
30.5218
-16.5153
-58.0348
-95.0611
-127.284
-152.43
-171.475
-185.018
-193.666
-197.723
-197.273
-192.302
-182.858
-169.201
-151.902
-131.88
-110.304
-88.5763
-67.7275
-48.9394
-33.8111
-23.2494
-17.6322
-16.8237
-20.2521
-27.0677
-36.2732
-46.8108
-57.6551
-67.8259
-76.3647
-82.4526
-85.4752
-85.0732
-81.1985
-74.1486
-64.5246
-53.1515
-41.1127
-29.1953
-18.3009
-9.6912
-4.03275
-1.45542
-1.56824
-3.54223
-6.34678
-8.99053
-10.5646
-10.3065
-7.7447
-2.7763
4.39045
13.31
23.3736
34.0484
45.0062
55.8017
65.9824
75.4373
84.1925
92.3392
99.9066
106.78
112.678
117.172
119.74
119.938
117.445
112.345
104.869
95.1576
83.7689
70.8601
57.4088
43.4743
29.6059
15.9224
2.76337
-10.0258
-22.4485
-34.6371
-45.9084
-57.2609
-68.7088
-76.7655
-82.9355
-86.1458
-86.7425
-84.7239
-80.4887
-74.3285
-66.8892
-58.35
-49.2384
-37.6697
-28.0654
-18.17
-9.37318
-1.74307
4.79599
9.84713
13.3026
14.9971
14.9191
13.172
10.019
5.84587
1.07176
-3.97815
-8.91636
-13.3647
-16.9864
-19.5502
-20.9392
-21.1689
-20.3438
-18.678
-16.4131
-13.8108
-11.1001
-8.44725
-5.94003
-3.57221
-1.27247
1.09699
3.65613
6.5357
9.76497
13.2967
17.2311
21.392
25.1925
28.322
30.4678
31.5169
31.4864
30.5707
29.065
27.31
25.5831
24.0958
22.9402
22.1033
21.4851
20.9371
20.141
18.9606
17.1243
14.6565
11.4541
7.77115
3.60326
-0.289547
-4.07859
-7.71854
-11.6434
-15.4521
-18.1297
-20.3003
-21.7771
-22.7777
-23.2939
-23.424
-23.1607
-22.6264
-21.6983
-20.6896
-19.2023
-17.8735
-16.4522
-13.9541
-11.6563
-8.88085
-6.15458
-3.32402
-0.602569
1.91989
4.2048
6.09001
7.45472
8.38487
8.88498
9.08479
9.06509
8.9364
8.7702
8.60427
8.45354
8.29202
8.07901
7.756
7.29188
6.73738
5.99691
5.14649
4.2556
3.39521
2.63567
2.01882
1.5505
1.21615
0.964767
0.737008
0.537672
0.314488
0.0528335
-0.2479
-0.580552
-0.920346
-1.2332
-1.50073
-1.71423
-1.87654
-1.99834
-2.09151
-2.16561
-2.22433
-2.25984
-2.26804
-2.23452
-2.1691
-2.07744
-1.95351
-1.76504
-1.48992
-1.17329
-0.873736
-0.619759
-0.446462
-0.33523
-0.31433
-0.333582
-0.366607
-0.446861
-0.551617
-0.650218
-0.745165
-0.827808
-0.900131
-0.959559
-1.00632
-1.03771
-1.05229
-1.04587
-1.01994
-0.978328
-0.935996
-0.905165
-0.890977
-0.885618
-0.899333
-0.917845
-0.883827
-0.799338
-0.664277
-0.492133
-0.274345
-0.0234582
0.246947
0.51737
0.767381
0.987525
1.15865
1.28582
1.36226
1.3814
1.36825
1.32519
1.2476
1.15591
1.04553
0.924135
0.790489
0.651092
0.510619
0.375855
0.255451
0.154879
0.0782426
0.0264256
-0.00217669
-0.0152467
-0.0235274
-0.032722
-0.0387444
-0.0517826
-0.0652002
-0.0785543
-0.0909119
-0.0981611
-0.097965
-0.0886363
-0.0748496
-0.0566843
-0.0329019
-0.00130938
0.0174959
0.0207945
0.0157912
0.00681439
-0.00380744
-0.0147172
-0.0250013
-0.0340847
-0.0415919
-0.0473248
-0.0515103
-0.0541249
-0.0561775
-0.0571272
-0.056665
-0.0547475
-0.0516939
-0.0481826
-0.0447864
-0.0417209
-0.0390263
-0.0366215
-0.034398
-0.0323245
-0.0303987
-0.0286241
-0.0269731
-0.0254421
-0.0240131
-0.0226772
-0.0214212
-0.0202344
-0.0191093
-0.0180414
-0.0170276
-0.0160663
-0.0151557
-0.014294
-0.0134788
-0.0127079
-0.0119786
-0.0112887
-0.0106364
-0.01002
-0.00943793
-0.00888874
-0.00837098
-0.00788306
-0.00742336
-0.00699028
-0.00658224
-0.00619776
-0.00583547
-0.00549407
-0.00517232
-0.0048691
-0.00458335
-0.00431413
-0.00406054
-0.00382178
-0.00359704
-0.00338551
-0.00318641
-0.00299895
-0.00282242
-0.00265614
-0.00249952
-0.00235202
-0.00221313
-0.00208238
-0.00195934
-0.00184358
-0.00173468
-0.00163223
-0.00153584
-0.00144515
-0.00135983
-0.00127955
-0.00120402
-0.00113296
-0.00106611
-0.00100323
-0.000944065
-0.000888405
-0.000836038
-0.000786765
-0.000740398
-0.000696763
-0.000655695
-0.00061704
-0.000580658
-0.000546414
-0.000514185
-0.000483855
-0.000455313
-0.000428455
-0.000403183
-0.000379405
-0.000357034
-0.00033599
-0.000316197
-0.000297586
-0.000280091
-0.000263647
-0.000248195
-0.000233675
-0.000220032
-0.000207212
-0.000195163
-0.000183836
-0.000173188
-0.000163174
-0.000153756
-0.000144899
-0.000136569
-0.000128736
-0.000121371
865.798
864.321
862.195
861.801
866.5
879.409
902.251
934.778
974.512
1017.05
1056.84
1088.56
1108.47
1114.67
1106.43
1085.14
1054.56
1018.23
979.319
940.146
902.075
865.591
830.52
796.308
762.359
728.324
694.237
660.453
627.459
595.613
564.903
534.793
504.216
471.722
435.811
395.343
350.206
300.533
247.269
192.144
137.154
84.0061
34.0219
-11.5869
-52.0861
-88.1024
-119.314
-144.023
-162.905
-176.456
-185.201
-189.432
-189.26
-184.722
-175.915
-163.125
-146.915
-128.155
-107.937
-87.5415
-67.9889
-50.4028
-36.1809
-26.1581
-20.6957
-19.6853
-22.6205
-28.7284
-37.0902
-46.7224
-56.66
-65.978
-73.7847
-79.3203
-82.0165
-81.5448
-77.8649
-71.2507
-62.2557
-51.6391
-40.3748
-29.2298
-19.0522
-10.9297
-5.45752
-2.75921
-2.48698
-3.91182
-6.10679
-8.16698
-9.25881
-8.68899
-6.02675
-1.16671
5.71383
14.222
23.8213
34.0249
44.5009
54.8391
64.6412
73.7819
82.2565
90.1176
97.3665
103.882
109.4
113.532
115.813
115.852
113.373
108.435
101.236
91.9299
81.0118
68.6715
55.74
42.3333
28.9416
15.7016
2.90955
-9.53197
-21.5987
-33.387
-44.353
-55.2026
-65.8649
-73.583
-79.4432
-82.5546
-83.1936
-81.366
-77.4317
-71.6551
-64.6316
-56.4674
-47.8246
-36.9295
-27.7963
-18.396
-10.0188
-2.70837
3.5305
8.3612
11.6792
13.3416
13.3451
11.7891
8.91769
5.08109
0.664159
-4.01347
-8.60019
-12.7342
-16.1094
-18.5107
-19.828
-20.07
-19.3299
-17.798
-15.6929
-13.2511
-10.6809
-8.13471
-5.69488
-3.36026
-1.07151
1.2894
3.82539
6.64779
9.78049
13.1856
16.9203
20.8093
24.3616
27.2908
29.3197
30.3442
30.3805
29.5991
28.2621
26.6722
25.0795
23.6756
22.5462
21.6836
20.9965
20.3513
19.4718
18.2314
16.3942
13.9787
10.8969
7.38069
3.43911
-0.30875
-3.98366
-7.51185
-11.2277
-14.785
-17.3875
-19.4993
-20.9613
-21.9587
-22.4873
-22.6378
-22.4042
-21.8998
-21.0208
-20.0375
-18.6284
-17.292
-15.8517
-13.4869
-11.2684
-8.61752
-6.00681
-3.30438
-0.707122
1.70346
3.88404
5.69286
7.0236
7.95125
8.4774
8.71751
8.7451
8.65851
8.52328
8.37469
8.22814
8.06166
7.8418
7.51887
7.06776
6.52711
5.8226
5.02164
4.18317
3.37218
2.64951
2.054
1.59169
1.24912
0.983989
0.744843
0.536303
0.306972
0.0473846
-0.245504
-0.563917
-0.886772
-1.18519
-1.4425
-1.65078
-1.81169
-1.93405
-2.02763
-2.10054
-2.15615
-2.18816
-2.19413
-2.16294
-2.10262
-2.01493
-1.89208
-1.70969
-1.45196
-1.15975
-0.88268
-0.646791
-0.482858
-0.37455
-0.348422
-0.358445
-0.391262
-0.461624
-0.555699
-0.645842
-0.733664
-0.810958
-0.879078
-0.935316
-0.979736
-1.00963
-1.02336
-1.01652
-0.991239
-0.95038
-0.909047
-0.881825
-0.871172
-0.864926
-0.872546
-0.879718
-0.840521
-0.755193
-0.622489
-0.456272
-0.248029
-0.010076
0.244797
0.499323
0.735081
0.943163
1.10606
1.22816
1.30211
1.3244
1.31436
1.27482
1.20406
1.11785
1.01353
0.898937
0.771667
0.639102
0.50561
0.377605
0.262982
0.166692
0.0926446
0.0419614
0.0121579
0.00515024
-0.00421966
-0.0172859
-0.0330718
-0.0476271
-0.0619044
-0.0752534
-0.0865962
-0.092723
-0.0921386
-0.0834701
-0.0688522
-0.0512085
-0.0303302
-0.00373428
0.0125167
0.0164058
0.0125716
0.00478683
-0.00478669
-0.0148154
-0.0243933
-0.0329394
-0.04008
-0.0456141
-0.0497236
-0.0523702
-0.0543685
-0.0552701
-0.0548661
-0.053147
-0.0503995
-0.047181
-0.0439972
-0.0410911
-0.038511
-0.0361747
-0.0339887
-0.0319228
-0.0299965
-0.0282434
-0.0266425
-0.0251663
-0.023784
-0.022482
-0.0212507
-0.0200829
-0.0189734
-0.0179187
-0.0169166
-0.0159657
-0.0150645
-0.0142112
-0.0134037
-0.0126396
-0.0119166
-0.0112325
-0.0105854
-0.00997364
-0.00939583
-0.0088505
-0.0083362
-0.00785139
-0.00739449
-0.00696391
-0.00655812
-0.00617569
-0.00581524
-0.0054755
-0.00515527
-0.00485342
-0.00456892
-0.00430083
-0.00404828
-0.00381047
-0.00358659
-0.00337585
-0.00317747
-0.00299068
-0.00281475
-0.00264904
-0.00249294
-0.00234591
-0.00220746
-0.00207712
-0.00195446
-0.00183905
-0.00173047
-0.00162831
-0.0015322
-0.00144176
-0.00135667
-0.00127661
-0.00120128
-0.00113041
-0.00106373
-0.001001
-0.000941978
-0.000886452
-0.000834209
-0.000785051
-0.000738791
-0.000695255
-0.000654279
-0.000615711
-0.00057941
-0.000545242
-0.000513085
-0.000482822
-0.000454343
-0.000427544
-0.000402328
-0.000378602
-0.00035628
-0.000335282
-0.000315533
-0.000296963
-0.000279505
-0.000263097
-0.000247679
-0.000233191
-0.000219577
-0.000206784
-0.000194761
-0.000183459
-0.000172833
-0.00016284
-0.000153442
-0.000144603
-0.00013629
-0.000128473
-0.000121123
857.776
856.776
855.599
856.334
861.858
874.81
896.616
926.952
963.536
1002.4
1038.62
1067.45
1085.47
1090.87
1083.05
1063.26
1034.67
1000.46
963.506
925.946
889.093
853.47
819.003
785.268
751.784
718.268
684.745
651.509
618.957
587.365
556.682
526.402
495.563
462.881
427.048
387.089
342.869
294.565
243.061
189.906
136.891
85.5951
37.28
-6.94791
-46.4115
-81.4498
-111.737
-135.994
-154.683
-168.214
-177.042
-181.442
-181.55
-177.442
-169.254
-157.295
-142.119
-124.549
-105.606
-86.4684
-68.1313
-51.6575
-38.2799
-28.7667
-23.4613
-22.2782
-24.7681
-30.2279
-37.8109
-46.6029
-55.6976
-64.2239
-71.352
-76.3763
-78.771
-78.2352
-74.7346
-68.5216
-60.1053
-50.1845
-39.6387
-29.2061
-19.6773
-11.9988
-6.70175
-3.90179
-3.29254
-4.22689
-5.87344
-7.40701
-8.06369
-7.21291
-4.45998
0.301004
6.91963
15.0495
24.2158
33.9735
43.9945
53.8997
63.3342
72.1627
80.3551
87.9322
94.8719
101.049
106.214
110.014
112.037
111.936
109.472
104.686
97.7515
88.827
78.3546
66.5459
54.1122
41.2094
28.2783
15.4684
3.04301
-9.04969
-20.7642
-32.1636
-42.8078
-53.1814
-63.158
-70.5476
-76.1196
-79.1344
-79.8094
-78.1568
-74.5006
-69.0823
-62.4492
-54.6629
-46.4651
-36.1908
-27.5093
-18.5785
-10.6015
-3.60265
2.35168
6.97449
10.164
11.7965
11.8764
10.4971
7.88599
4.36191
0.278958
-4.05788
-8.3095
-12.15
-15.294
-17.5415
-18.7881
-19.037
-18.3709
-16.9589
-14.9986
-12.7038
-10.2639
-7.81891
-5.44612
-3.14873
-0.877998
1.46664
3.97315
6.73579
9.77501
13.0551
16.6006
20.2425
23.5674
26.3132
28.2341
29.2341
29.3284
28.6658
27.4793
26.0375
24.5661
23.239
22.1358
21.2528
20.5077
19.7798
18.8297
17.54
15.707
13.3422
10.3768
7.01238
3.27441
-0.326936
-3.87861
-7.29514
-10.8234
-14.1613
-16.6836
-18.7339
-20.1769
-21.1679
-21.7061
-21.8751
-21.669
-21.1931
-20.3606
-19.4042
-18.0652
-16.7281
-15.2717
-13.0373
-10.8953
-8.36326
-5.86301
-3.28106
-0.80089
1.50393
3.58402
5.31743
6.61577
7.5387
8.08688
8.36268
8.43223
8.38333
8.27665
8.14518
8.00419
7.83542
7.61175
7.29227
6.85353
6.3274
5.65705
4.9008
4.10982
3.34272
2.65492
2.07977
1.62414
1.27687
1.00273
0.756421
0.537305
0.303087
0.0452886
-0.240268
-0.545917
-0.853779
-1.13912
-1.38688
-1.58988
-1.74891
-1.87139
-1.96548
-2.03823
-2.09277
-2.12318
-2.12733
-2.09569
-2.03446
-1.94515
-1.82295
-1.64867
-1.41145
-1.14411
-0.888744
-0.669616
-0.514712
-0.410479
-0.381076
-0.383788
-0.414121
-0.475732
-0.56043
-0.643252
-0.724867
-0.797252
-0.86101
-0.913337
-0.954202
-0.981109
-0.993147
-0.987279
-0.965596
-0.93138
-0.896174
-0.867758
-0.851243
-0.840304
-0.839317
-0.835988
-0.792491
-0.708722
-0.578147
-0.42154
-0.223798
0.00105209
0.2412
0.480942
0.703489
0.900414
1.05543
1.17267
1.24475
1.2698
1.26263
1.22658
1.16178
1.08063
0.982007
0.872757
0.752131
0.626669
0.500473
0.37947
0.270612
0.178424
0.106482
0.0553331
0.0234039
0.00636182
-0.00653869
-0.0185344
-0.0286891
-0.0425343
-0.055749
-0.0683099
-0.0789423
-0.0849414
-0.0847043
-0.0774663
-0.0651444
-0.0492896
-0.0296224
-0.00601822
0.00829528
0.0124605
0.0096115
0.00288023
-0.0057322
-0.0149371
-0.023846
-0.0318778
-0.038662
-0.0439898
-0.0480002
-0.0506545
-0.0526007
-0.0534798
-0.0531507
-0.0516158
-0.0491441
-0.0462161
-0.0432724
-0.0405229
-0.0380311
-0.0357575
-0.0336377
-0.0316501
-0.0297964
-0.0280815
-0.02649
-0.0250111
-0.023628
-0.0223297
-0.0211055
-0.0199466
-0.0188467
-0.0178016
-0.0168089
-0.0158668
-0.0149739
-0.0141283
-0.0133279
-0.0125703
-0.0118533
-0.0111747
-0.0105327
-0.0099256
-0.00935202
-0.00881054
-0.00829972
-0.00781805
-0.00736398
-0.00693595
-0.00653247
-0.00615213
-0.0057936
-0.0054556
-0.00513695
-0.00483655
-0.00455336
-0.00428647
-0.00403501
-0.0037982
-0.00357523
-0.00336534
-0.00316773
-0.00298164
-0.00280637
-0.00264126
-0.00248572
-0.00233921
-0.00220124
-0.00207134
-0.00194908
-0.00183405
-0.00172582
-0.00162399
-0.00152817
-0.00143801
-0.00135317
-0.00127335
-0.00119823
-0.00112756
-0.00106107
-0.000998508
-0.00093965
-0.000884272
-0.000832167
-0.000783136
-0.000736994
-0.000693568
-0.000652696
-0.000614224
-0.000578013
-0.000543931
-0.000511853
-0.000481665
-0.000453256
-0.000426523
-0.000401369
-0.000377701
-0.000355434
-0.000334488
-0.000314787
-0.000296262
-0.000278848
-0.00026248
-0.000247099
-0.000232646
-0.000219065
-0.000206303
-0.000194308
-0.000183033
-0.000172432
-0.000162463
-0.000153087
-0.000144269
-0.000135975
-0.000128176
-0.000120843
849.824
849.243
848.869
850.531
856.689
869.576
890.356
918.647
952.347
987.884
1020.86
1047.05
1063.32
1067.97
1060.5
1042.01
1015.21
982.94
947.791
911.755
876.082
841.321
807.482
774.253
741.254
708.253
675.275
642.562
610.433
579.097
548.476
518.092
487.077
454.296
418.608
379.177
335.861
288.869
239.025
187.721
136.571
87.0374
40.3138
-2.57947
-41.0057
-75.0967
-104.529
-128.325
-146.797
-160.285
-169.181
-173.745
-174.131
-170.446
-162.861
-151.699
-137.503
-121.054
-103.31
-85.3588
-68.1616
-52.7197
-40.1298
-31.0986
-25.951
-24.6211
-26.7093
-31.5759
-38.4404
-46.4534
-54.7651
-62.5569
-69.056
-73.607
-75.7231
-75.1281
-71.7926
-65.9489
-58.0653
-48.7846
-38.9045
-29.1272
-20.1887
-12.9158
-7.78377
-4.90026
-3.9945
-4.49189
-5.64586
-6.70477
-6.96963
-5.86591
-3.03182
1.63782
8.01586
15.7966
24.5587
33.8949
43.4857
52.9801
62.0583
70.5779
78.4887
85.7847
92.425
98.2807
103.118
106.615
108.405
108.18
105.733
101.091
94.4082
85.8436
75.7938
64.4833
52.5258
40.1047
27.6186
15.226
3.16503
-8.57963
-19.9461
-30.9676
-41.2815
-51.2064
-60.5781
-67.6512
-72.9556
-75.8763
-76.582
-75.0897
-71.6913
-66.6079
-60.3432
-52.9297
-45.1561
-35.4558
-27.2064
-18.7209
-11.1245
-4.42831
1.25638
5.68295
8.75197
10.3562
10.5073
9.29049
6.91975
3.68579
-0.0848609
-4.10126
-8.0423
-11.609
-14.5362
-16.638
-17.8151
-18.0662
-17.4642
-16.1594
-14.3302
-12.17
-9.85119
-7.50219
-5.19585
-2.93898
-0.692219
1.62963
4.10128
6.80195
9.74756
12.9038
16.2726
19.6916
22.81
25.3887
27.2097
28.1836
28.3289
27.7693
26.7162
25.4073
24.0461
22.7902
21.7132
20.8147
20.0209
19.2234
18.2143
16.8856
15.061
12.748
9.89093
6.66878
3.1153
-0.348342
-3.77756
-7.07759
-10.4317
-13.576
-16.0172
-18.0048
-19.4253
-20.4073
-20.9527
-21.137
-20.9567
-20.5078
-19.7186
-18.7886
-17.511
-16.1847
-14.7307
-12.6077
-10.5398
-8.11984
-5.72466
-3.25765
-0.88806
1.31683
3.30558
4.97017
6.23587
7.15113
7.71661
8.02185
8.12931
8.11362
8.03302
7.91769
7.78293
7.61384
7.38852
7.0727
6.64709
6.13663
5.49827
4.78345
4.03645
3.31051
2.65476
2.09926
1.65106
1.30042
1.01801
0.764659
0.53833
0.300584
0.044828
-0.233732
-0.527745
-0.821966
-1.09525
-1.33406
-1.53184
-1.68866
-1.81066
-1.90451
-1.97623
-2.02877
-2.05716
-2.06018
-2.03022
-1.97211
-1.88519
-1.76524
-1.59798
-1.37589
-1.12947
-0.892997
-0.689094
-0.542423
-0.441764
-0.409098
-0.406286
-0.434105
-0.487941
-0.563973
-0.639582
-0.714958
-0.78248
-0.842286
-0.891502
-0.929942
-0.9551
-0.966141
-0.960054
-0.939392
-0.90667
-0.872773
-0.846438
-0.830964
-0.818033
-0.811658
-0.800173
-0.75327
-0.669458
-0.549097
-0.390732
-0.201678
0.0115093
0.238142
0.464158
0.674366
0.860763
1.00824
1.12077
1.19072
1.21773
1.21311
1.18046
1.12106
1.04483
0.951724
0.847847
0.733714
0.614592
0.4948
0.379942
0.276296
0.188016
0.118419
0.0680015
0.0352245
0.0192149
0.0050874
-0.00950967
-0.0240463
-0.0381295
-0.0512663
-0.0633273
-0.073134
-0.0786466
-0.0784439
-0.0719277
-0.0604114
-0.0460021
-0.0285468
-0.00790402
0.00476339
0.00902868
0.00694445
0.00111977
-0.00662907
-0.015075
-0.023358
-0.0309025
-0.0373426
-0.0424653
-0.0463678
-0.0490129
-0.0509061
-0.0517709
-0.0515135
-0.0501479
-0.0479224
-0.0452498
-0.0425135
-0.0399139
-0.037521
-0.035315
-0.0332477
-0.0313
-0.0294774
-0.0277923
-0.0262339
-0.0247855
-0.0234282
-0.0221504
-0.0209429
-0.0197984
-0.0187113
-0.0176778
-0.0166957
-0.0157633
-0.0148792
-0.0140417
-0.0132487
-0.012498
-0.0117873
-0.0111144
-0.0104776
-0.00987528
-0.00930606
-0.00876855
-0.00826131
-0.00778288
-0.00733173
-0.00690634
-0.00650526
-0.0061271
-0.00577055
-0.00543437
-0.00511738
-0.00481848
-0.00453668
-0.00427104
-0.00402074
-0.00378498
-0.00356299
-0.00335398
-0.00315719
-0.00297186
-0.00279729
-0.00263282
-0.00247788
-0.00233192
-0.00219446
-0.00206503
-0.00194322
-0.00182859
-0.00172073
-0.00161925
-0.00152375
-0.00143389
-0.00134933
-0.00126976
-0.00119488
-0.00112443
-0.00105814
-0.000995767
-0.000937083
-0.000881867
-0.000829912
-0.000781021
-0.00073501
-0.000691705
-0.000650946
-0.000612581
-0.00057647
-0.00054248
-0.000510491
-0.000480385
-0.000452054
-0.000425394
-0.000400308
-0.000376705
-0.000354498
-0.000333609
-0.000313962
-0.000295487
-0.00027812
-0.000261796
-0.000246457
-0.000232043
-0.000218499
-0.000205771
-0.000193808
-0.000182562
-0.000171989
-0.000162046
-0.000152695
-0.000143899
-0.000135627
-0.000127848
-0.000120533
841.912
841.695
841.994
844.408
851.041
863.771
883.542
909.925
940.98
973.486
1003.52
1027.28
1041.94
1045.9
1038.72
1021.37
996.175
965.665
932.192
897.593
863.059
829.157
795.966
763.267
730.765
698.279
665.83
633.617
601.897
570.823
540.295
509.866
478.753
445.95
410.465
371.577
329.154
283.421
235.146
185.586
136.201
88.3428
43.1388
1.5352
-35.8614
-69.0348
-97.6656
-120.998
-139.236
-152.661
-161.611
-166.334
-166.993
-163.723
-156.721
-146.322
-133.056
-117.665
-101.049
-84.2152
-68.0869
-53.6046
-41.7505
-33.1753
-28.1856
-26.7316
-28.4579
-32.7816
-38.9836
-46.275
-53.86
-60.9704
-66.8865
-70.9993
-72.8579
-72.2082
-69.0247
-63.5211
-56.1279
-47.4366
-38.1725
-28.999
-20.5979
-13.6963
-8.72009
-5.76868
-4.60279
-4.7115
-5.42341
-6.05564
-5.96702
-4.63671
-1.73068
2.85398
9.01012
16.4678
24.8519
33.7897
42.9735
52.0775
60.8106
69.026
76.6573
83.6766
90.0272
95.5786
100.111
103.33
104.909
104.575
102.146
97.6417
91.1986
82.9741
73.3253
62.4826
50.9809
39.0204
26.9642
14.9768
3.27658
-8.12235
-19.1455
-29.7995
-39.78
-49.2811
-58.1154
-64.8852
-69.9411
-72.7706
-73.5025
-72.1573
-68.9982
-64.2283
-58.3117
-51.2631
-43.8931
-34.7265
-26.8894
-18.8265
-11.5923
-5.18894
0.239884
4.4807
7.4365
9.01505
9.22931
8.16379
6.01536
3.05085
-0.427918
-4.14389
-7.79616
-11.1072
-13.8311
-15.7948
-16.9039
-17.1531
-16.6065
-15.3975
-13.6871
-11.6504
-9.44408
-7.18627
-4.94557
-2.73194
-0.514188
1.77931
4.21155
6.84841
9.70177
12.7375
15.9401
19.1559
22.0855
24.5112
26.2396
27.1893
27.3746
26.9072
25.9728
24.7831
23.5219
22.3316
21.2807
20.371
19.5369
18.6813
17.6233
16.2643
14.452
12.1902
9.43603
6.34592
2.96147
-0.368553
-3.67407
-6.85879
-10.0529
-13.0246
-15.3838
-17.3086
-18.7038
-19.6744
-20.225
-20.4219
-20.2658
-19.8424
-19.0938
-18.1909
-16.9687
-15.6593
-14.2142
-12.1953
-10.1986
-7.88569
-5.59031
-3.23201
-0.966969
1.14307
3.04478
4.64461
5.87814
6.78405
7.36327
7.69479
7.83359
7.84857
7.79188
7.69211
7.56437
7.39674
7.17186
6.86142
6.44874
5.95442
5.34624
4.66937
3.96275
3.27481
2.6486
2.11196
1.67176
1.31996
1.03201
0.773542
0.540605
0.300147
0.0465294
-0.225461
-0.508927
-0.790864
-1.05311
-1.28355
-1.47614
-1.63052
-1.75176
-1.84536
-1.9165
-1.96786
-1.99491
-1.99671
-1.96686
-1.90929
-1.82341
-1.70633
-1.54715
-1.34114
-1.11404
-0.895177
-0.705393
-0.566744
-0.470176
-0.435172
-0.427672
-0.452168
-0.499303
-0.567625
-0.636778
-0.706437
-0.769301
-0.825027
-0.870744
-0.906196
-0.929096
-0.938925
-0.933481
-0.915028
-0.886238
-0.855574
-0.82907
-0.810163
-0.79389
-0.781538
-0.762884
-0.712947
-0.630215
-0.512228
-0.361753
-0.181719
0.0203168
0.234345
0.447621
0.64636
0.822988
0.963275
1.07135
1.1394
1.16794
1.16563
1.1362
1.08165
1.01003
0.922164
0.823458
0.715326
0.602501
0.489023
0.380127
0.281448
0.196802
0.129206
0.0790856
0.0450366
0.0245611
0.0080684
-0.00633315
-0.0193996
-0.033323
-0.0461511
-0.0578488
-0.0671705
-0.0724836
-0.0725292
-0.0668292
-0.0566936
-0.0434358
-0.0275697
-0.00946263
0.00180527
0.00602765
0.0045453
-0.000498481
-0.00747117
-0.0152189
-0.0229165
-0.03
-0.036108
-0.0410264
-0.0448136
-0.0474355
-0.049279
-0.0501376
-0.0499487
-0.0487382
-0.0467335
-0.0442922
-0.04175
-0.0392947
-0.0370003
-0.0348651
-0.0328576
-0.0309661
-0.0291935
-0.0275439
-0.026009
-0.0245775
-0.0232355
-0.0219725
-0.0207791
-0.0196478
-0.0185729
-0.0175508
-0.0165792
-0.0156565
-0.0147814
-0.0139522
-0.0131668
-0.012423
-0.0117186
-0.0110516
-0.0104201
-0.00982273
-0.00925799
-0.00872454
-0.008221
-0.00774589
-0.00729775
-0.00687509
-0.00647649
-0.00610059
-0.00574611
-0.00541181
-0.00509655
-0.00479924
-0.00451888
-0.00425456
-0.00400547
-0.00377083
-0.00354985
-0.00334179
-0.00314586
-0.00296134
-0.0027875
-0.00262372
-0.00246941
-0.00232404
-0.00218712
-0.00205821
-0.00193686
-0.00182266
-0.00171521
-0.0016141
-0.00151895
-0.00142941
-0.00134515
-0.00126585
-0.00119123
-0.00112101
-0.00105494
-0.000992771
-0.000934277
-0.000879237
-0.000827445
-0.000778706
-0.000732837
-0.000689665
-0.00064903
-0.000610781
-0.000574778
-0.000540891
-0.000508997
-0.000478981
-0.000450735
-0.000424155
-0.000399144
-0.000375611
-0.000353471
-0.000332644
-0.000313055
-0.000294636
-0.00027732
-0.000261045
-0.000245751
-0.000231379
-0.000217875
-0.000205184
-0.000193256
-0.000182043
-0.0001715
-0.000161586
-0.000152261
-0.000143491
-0.000135242
-0.000127484
-0.00012019
834.015
834.11
834.969
837.986
844.956
857.457
876.239
900.838
929.465
959.21
986.555
1008.11
1021.28
1024.59
1017.64
1001.3
977.542
948.641
916.721
883.479
850.044
816.993
784.462
752.31
720.317
688.343
656.41
624.68
593.358
562.554
532.149
501.728
470.584
437.829
402.596
364.267
322.722
278.198
231.409
183.496
135.784
89.5205
45.7688
5.41094
-30.9708
-63.255
-91.1286
-113.996
-131.988
-145.333
-154.326
-159.199
-160.125
-157.261
-150.822
-141.152
-128.769
-114.376
-98.8202
-83.0399
-67.9144
-54.3259
-43.1601
-35.0166
-30.184
-28.6263
-30.0266
-33.8538
-39.4454
-46.0688
-52.9797
-59.4584
-64.8343
-68.5414
-70.1619
-69.4617
-66.4181
-61.2276
-54.2861
-46.1375
-37.4432
-28.8256
-20.9154
-14.3546
-9.52555
-6.52006
-5.12693
-4.88907
-5.20558
-5.45406
-5.04884
-3.51516
-0.546051
3.95881
9.90949
17.0674
25.0976
33.6589
42.4571
51.1897
59.589
67.5059
74.861
81.6087
87.6797
92.9427
97.1903
100.156
101.544
101.113
98.7043
94.3312
88.1163
80.2133
70.9453
60.5431
49.4773
37.9577
26.3168
14.7227
3.37855
-7.67823
-18.3631
-28.6602
-38.3082
-47.4089
-55.7622
-62.2425
-67.0676
-69.8089
-70.563
-69.3531
-66.4164
-61.9402
-56.3531
-49.6589
-42.6728
-34.0042
-26.5601
-18.898
-12.0085
-5.88764
-0.701738
3.36299
6.212
7.76605
8.03786
7.11212
5.16928
2.45505
-0.751155
-4.18631
-7.56936
-10.6415
-13.1747
-15.0074
-16.05
-16.2939
-15.7949
-14.6715
-13.069
-11.1455
-9.0439
-6.87274
-4.69674
-2.52848
-0.343967
1.91651
4.30555
6.87764
9.63955
12.5579
15.6047
18.6354
21.3923
23.6778
25.3202
26.2453
26.4645
26.0776
25.2486
24.166
22.9955
21.866
20.8409
19.9239
19.057
18.1533
17.0557
15.6742
13.8774
11.667
9.00978
6.04345
2.81382
-0.38815
-3.57229
-6.64181
-9.68707
-12.5038
-14.7818
-16.6442
-18.0117
-18.9691
-19.5226
-19.7303
-19.5963
-19.1971
-18.4865
-17.6105
-16.439
-15.1522
-13.7249
-11.7999
-9.87236
-7.66072
-5.46034
-3.20535
-1.03913
0.981283
2.8023
4.3413
5.54292
6.43771
7.02712
7.38043
7.54723
7.58923
7.55438
7.46936
7.34907
7.18427
6.96138
6.65697
6.25751
5.77974
5.19999
4.55835
3.88912
3.23622
2.63782
2.11935
1.68755
1.33573
1.04338
0.780754
0.542993
0.300848
0.0495379
-0.216176
-0.489955
-0.760675
-1.01273
-1.23528
-1.42281
-1.57453
-1.6946
-1.78751
-1.85768
-1.90759
-1.93338
-1.93462
-1.90609
-1.85075
-1.76722
-1.65351
-1.50158
-1.30904
-1.09895
-0.895829
-0.718879
-0.587576
-0.49486
-0.457677
-0.446894
-0.468081
-0.509166
-0.570369
-0.633354
-0.697512
-0.755926
-0.807957
-0.850659
-0.883743
-0.904905
-0.913748
-0.908208
-0.89075
-0.863507
-0.834363
-0.808743
-0.789556
-0.771117
-0.754429
-0.730038
-0.677779
-0.595155
-0.480256
-0.33518
-0.163342
0.0283788
0.230713
0.432131
0.620135
0.787617
0.920957
1.02474
1.09082
1.12045
1.12018
1.09382
1.04368
0.97649
0.893638
0.79994
0.697587
0.590539
0.482852
0.379435
0.285394
0.204247
0.138729
0.0893474
0.0547707
0.0332426
0.0155888
-0.000304737
-0.0147924
-0.028792
-0.041462
-0.0527868
-0.0616387
-0.0667311
-0.0669567
-0.061975
-0.0528455
-0.0409181
-0.0266199
-0.0107295
-0.000669149
0.00341563
0.00240078
-0.00197465
-0.0082537
-0.0153618
-0.0225141
-0.0291623
-0.0349514
-0.0396675
-0.0433347
-0.0459212
-0.0477177
-0.0485751
-0.048451
-0.0473825
-0.0455765
-0.0433445
-0.040982
-0.0386646
-0.0364688
-0.0344063
-0.0324589
-0.0306194
-0.02889
-0.0272746
-0.0257675
-0.0243584
-0.0230355
-0.0217891
-0.0206107
-0.019493
-0.0184307
-0.0174202
-0.0164593
-0.0155465
-0.0146805
-0.0138597
-0.013082
-0.0123453
-0.0116474
-0.0109863
-0.0103604
-0.00976798
-0.00920783
-0.00867855
-0.00817879
-0.00770711
-0.00726207
-0.00684222
-0.00644618
-0.00607262
-0.00572028
-0.00538795
-0.00507449
-0.00477882
-0.00449997
-0.00423704
-0.00398922
-0.00375574
-0.00353584
-0.00332877
-0.00313375
-0.00295007
-0.00277702
-0.00261396
-0.00246032
-0.00231557
-0.00217924
-0.00205086
-0.00193001
-0.00181628
-0.00170926
-0.00160855
-0.00151377
-0.00142457
-0.00134062
-0.00126162
-0.00118727
-0.00111731
-0.00105147
-0.000989524
-0.000931233
-0.000876383
-0.000824768
-0.000776193
-0.000730477
-0.000687449
-0.000646948
-0.000608825
-0.00057294
-0.000539164
-0.000507374
-0.000477457
-0.000449302
-0.000422809
-0.000397879
-0.000374423
-0.000352354
-0.000331595
-0.00031207
-0.00029371
-0.00027645
-0.000260228
-0.000244983
-0.000230658
-0.000217197
-0.000204546
-0.000192657
-0.000181479
-0.00017097
-0.000161086
-0.000151791
-0.000143048
-0.000134824
-0.000127091
-0.000119819
826.111
826.469
827.789
831.282
838.474
850.686
868.502
891.434
917.828
945.053
969.954
989.48
1001.28
1003.99
997.229
981.759
959.301
931.87
901.391
869.428
837.051
804.84
772.976
741.385
709.91
678.446
647.016
615.756
584.826
554.298
524.045
493.68
462.566
429.919
394.98
357.222
316.542
273.18
227.804
181.449
135.322
90.5784
48.216
9.0611
-26.3251
-57.7476
-84.9007
-107.307
-125.041
-138.292
-147.317
-152.333
-153.519
-151.049
-145.152
-136.178
-124.632
-111.182
-96.6241
-81.8356
-67.6509
-54.8965
-44.3754
-36.6407
-31.9638
-30.3204
-31.4275
-34.801
-39.8305
-45.8359
-52.122
-58.0152
-62.8906
-66.2223
-67.6226
-66.8756
-63.9608
-59.0588
-52.5333
-44.8847
-36.717
-28.6117
-21.1504
-14.9031
-10.2135
-7.16609
-5.57399
-5.03034
-4.99195
-4.89577
-4.2072
-2.49204
0.531636
4.96092
10.7206
17.5995
25.298
33.5032
41.9359
50.3145
58.3913
66.0163
73.0997
79.5818
85.3832
90.3727
94.3552
97.0863
98.3017
97.7855
95.3995
91.1523
85.1548
77.5563
68.6499
58.6636
48.0147
36.9174
25.6777
14.4655
3.47171
-7.24753
-17.5998
-27.5502
-36.8696
-45.5918
-53.5114
-59.7162
-64.3268
-66.9831
-67.7561
-66.6705
-63.9411
-59.7404
-54.4652
-48.1133
-41.4924
-33.2899
-26.2197
-18.9381
-12.3767
-6.52766
-1.57257
2.32494
5.0729
6.60279
6.92805
6.1309
4.37822
1.89648
-1.05536
-4.22832
-7.36009
-10.2087
-12.5631
-14.2717
-15.2495
-15.4851
-15.0268
-13.9799
-12.4752
-10.6557
-8.65165
-6.5629
-4.45052
-2.32931
-0.181537
2.04201
4.38473
6.89048
9.56319
12.368
15.2685
18.1296
20.728
22.8848
24.4471
25.3474
25.5954
25.2789
24.5434
23.5569
22.4687
21.3955
20.3959
19.4751
18.5819
17.6391
16.5098
15.1127
13.3344
11.1749
8.60969
5.75939
2.67291
-0.405641
-3.47084
-6.42738
-9.33423
-12.0104
-14.2083
-16.0094
-17.3474
-18.2898
-18.8441
-19.0611
-18.9474
-18.5711
-17.8961
-17.0472
-15.9224
-14.6622
-13.2578
-11.4199
-9.55947
-7.444
-5.33407
-3.17701
-1.10435
0.830943
2.57568
4.05732
5.22746
6.10993
6.70665
7.07816
7.26957
7.33543
7.32062
7.24964
7.13721
6.97641
6.75691
6.45952
6.07323
5.61207
5.05924
4.45015
3.8155
3.195
2.62283
2.12161
1.69859
1.34817
1.05316
0.787576
0.545937
0.302789
0.0539211
-0.20583
-0.470722
-0.731218
-0.973881
-1.18901
-1.37157
-1.52052
-1.63924
-1.7314
-1.80076
-1.84954
-1.87435
-1.87494
-1.84697
-1.79295
-1.71161
-1.60174
-1.45753
-1.27808
-1.08359
-0.894952
-0.729902
-0.605695
-0.51693
-0.478467
-0.464557
-0.482317
-0.518104
-0.572904
-0.63026
-0.689278
-0.743396
-0.791717
-0.831227
-0.861759
-0.881069
-0.888924
-0.883718
-0.867628
-0.84276
-0.815442
-0.789866
-0.768643
-0.747676
-0.726736
-0.697461
-0.643217
-0.561596
-0.449912
-0.310619
-0.146729
0.0352679
0.226701
0.417089
0.595077
0.754085
0.880754
0.980508
1.04469
1.0751
1.07665
1.05314
1.00701
0.944019
0.865926
0.777122
0.680144
0.578666
0.476524
0.378304
0.288636
0.210774
0.147197
0.0985432
0.0632185
0.0397221
0.02079
0.00443228
-0.0102115
-0.0242228
-0.0367541
-0.0478019
-0.0563227
-0.0612902
-0.061747
-0.0574604
-0.0493258
-0.0385659
-0.0256915
-0.0117387
-0.00273314
0.00114959
0.000493741
-0.0033124
-0.00897352
-0.0154975
-0.0221431
-0.0283814
-0.033865
-0.038382
-0.0419265
-0.0444677
-0.0462204
-0.0470789
-0.0470159
-0.046077
-0.0444501
-0.0424083
-0.0402124
-0.0380265
-0.0359283
-0.0339394
-0.0320527
-0.0302652
-0.0285795
-0.0269991
-0.0255199
-0.0241336
-0.0228302
-0.021601
-0.0204379
-0.0193342
-0.0182847
-0.0172861
-0.0163361
-0.0154334
-0.0145766
-0.0137643
-0.0129945
-0.012265
-0.0115737
-0.0109187
-0.0102983
-0.00971106
-0.00915559
-0.00863059
-0.0081347
-0.00766654
-0.00722469
-0.00680775
-0.00641435
-0.00604321
-0.00569309
-0.0053628
-0.0050512
-0.00475725
-0.00447997
-0.00421848
-0.00397199
-0.00373973
-0.00352096
-0.00331492
-0.00312086
-0.00293807
-0.00276584
-0.00260354
-0.00245061
-0.00230652
-0.0021708
-0.002043
-0.00192268
-0.00180944
-0.00170288
-0.00160259
-0.0015082
-0.00141937
-0.00133576
-0.00125707
-0.00118301
-0.00111332
-0.00104774
-0.000986024
-0.000927952
-0.000873305
-0.000821879
-0.000773482
-0.000727931
-0.000685057
-0.000644701
-0.000606713
-0.000570955
-0.000537298
-0.000505621
-0.000475809
-0.000447754
-0.000421354
-0.000396512
-0.000373138
-0.000351147
-0.00033046
-0.000311003
-0.000292708
-0.000275509
-0.000259343
-0.000244152
-0.000229876
-0.000216462
-0.000203855
-0.000192006
-0.000180867
-0.000170393
-0.000160544
-0.000151279
-0.000142566
-0.00013437
-0.000126662
-0.000119415
818.181
818.76
820.454
824.311
831.63
843.506
860.382
881.755
906.094
931.016
953.684
971.356
981.894
984.031
977.424
962.727
941.438
915.351
886.21
855.454
824.095
792.709
761.515
730.494
699.542
668.586
637.652
606.849
576.306
546.064
515.99
485.723
454.693
422.205
387.599
350.422
310.592
268.35
224.317
179.44
134.819
91.5239
50.4916
12.4978
-21.9154
-52.5026
-78.9663
-100.915
-118.384
-131.53
-140.576
-145.727
-147.165
-145.075
-139.7
-131.391
-120.637
-108.077
-94.4596
-80.6049
-67.3033
-55.3284
-45.4118
-38.0644
-33.5414
-31.8281
-32.672
-35.6311
-40.1432
-45.5775
-51.2848
-56.6355
-61.0475
-64.0316
-65.2284
-64.438
-61.6417
-57.0056
-50.8635
-43.6757
-35.9945
-28.3613
-21.3115
-15.3532
-10.7959
-7.71735
-5.95214
-5.1365
-4.78276
-4.37809
-3.43566
-1.55902
1.51111
5.86821
11.4496
18.0682
25.4551
33.3235
41.4096
49.4507
57.2161
64.5561
71.3733
77.5962
83.138
87.8683
91.6032
94.1187
95.1775
94.5865
92.2248
88.0984
82.3084
74.9985
66.4358
56.843
46.5929
35.9001
25.0479
14.2065
3.5567
-6.83042
-16.8563
-26.4701
-35.4669
-43.831
-51.3569
-57.3003
-61.7111
-64.2856
-65.0746
-64.1037
-61.5674
-57.6255
-52.6458
-46.6232
-40.3493
-32.5843
-25.8698
-18.9495
-12.7
-7.11212
-2.37645
1.36208
4.01415
5.52028
5.8945
5.21583
3.63907
1.37328
-1.34129
-4.26957
-7.16661
-9.80637
-11.9927
-13.5837
-14.4985
-14.7233
-14.2997
-13.3211
-11.9051
-10.1813
-8.26823
-6.25786
-4.20794
-2.13502
-0.0268604
2.15652
4.45041
6.88981
9.47451
12.1696
14.9327
17.638
20.0908
22.1292
23.617
24.4927
24.7643
24.5092
23.8568
22.9566
21.9432
20.9222
19.9477
19.026
18.1125
17.1383
15.9846
14.578
12.8207
10.7117
8.23378
5.49274
2.53896
-0.421276
-3.3708
-6.21674
-8.99417
-11.5423
-13.6617
-15.4027
-16.7098
-17.6359
-18.1892
-18.4141
-18.3188
-17.9641
-17.3226
-16.5007
-15.4195
-14.1889
-12.8121
-11.0547
-9.2595
-7.23522
-5.21148
-3.14742
-1.16331
0.691395
2.36457
3.79189
4.93096
5.80001
6.40137
6.78795
7.00005
7.08818
7.09114
7.03344
6.92908
6.77319
6.55816
6.26838
5.89531
5.45073
4.92343
4.34463
3.7421
3.15169
2.60373
2.11954
1.70551
1.35741
1.06082
0.793259
0.548929
0.305509
0.0592396
-0.194794
-0.451455
-0.702553
-0.936504
-1.14464
-1.32235
-1.46841
-1.58553
-1.67669
-1.74508
-1.7927
-1.81671
-1.8171
-1.7903
-1.73825
-1.65957
-1.55367
-1.4166
-1.24884
-1.06845
-0.8928
-0.738615
-0.620971
-0.536079
-0.4956
-0.48035
-0.494847
-0.525809
-0.574713
-0.626779
-0.680943
-0.731006
-0.775958
-0.8125
-0.840853
-0.858535
-0.865461
-0.860186
-0.844892
-0.821325
-0.795205
-0.77002
-0.748017
-0.725125
-0.70085
-0.667601
-0.611834
-0.530712
-0.422045
-0.287961
-0.131485
0.0414267
0.222701
0.402801
0.571391
0.722499
0.842715
0.938645
1.00092
1.03182
1.03499
1.01413
0.971697
0.912685
0.839122
0.755022
0.663165
0.566888
0.469932
0.376573
0.291028
0.216315
0.15468
0.106838
0.0712494
0.046481
0.0264852
0.00939687
-0.00572363
-0.01979
-0.0322138
-0.0430144
-0.0512674
-0.0561472
-0.0568409
-0.0531967
-0.0459931
-0.0363174
-0.0247728
-0.0125206
-0.00444659
-0.000769077
-0.00119197
-0.00451652
-0.00962896
-0.015621
-0.0217971
-0.0276503
-0.0328423
-0.0371642
-0.0405849
-0.0430728
-0.0447845
-0.0456448
-0.0456391
-0.0448185
-0.0433535
-0.0414848
-0.0394435
-0.0373827
-0.0353804
-0.0334655
-0.0316398
-0.029904
-0.0282618
-0.0267166
-0.0252659
-0.0239031
-0.0226199
-0.0214083
-0.020261
-0.0191716
-0.0181352
-0.0171485
-0.0162096
-0.0153171
-0.0144698
-0.0136661
-0.0129042
-0.0121821
-0.0114975
-0.0108487
-0.010234
-0.009652
-0.00910132
-0.00858068
-0.00808877
-0.00762422
-0.00718564
-0.00677168
-0.00638101
-0.00601237
-0.00566454
-0.00533636
-0.0050267
-0.00473452
-0.00445888
-0.00419889
-0.00395378
-0.0037228
-0.0035052
-0.00330025
-0.0031072
-0.00292533
-0.00275397
-0.00259248
-0.00244029
-0.0022969
-0.00216183
-0.00203462
-0.00191486
-0.00180214
-0.00169606
-0.00159622
-0.00150225
-0.00141381
-0.00133056
-0.0012522
-0.00117846
-0.00110905
-0.00104374
-0.000982274
-0.000924435
-0.000870005
-0.000818782
-0.000770574
-0.0007252
-0.000682491
-0.000642289
-0.000604446
-0.000568825
-0.000535296
-0.000503739
-0.00047404
-0.000446092
-0.000419792
-0.000395044
-0.000371758
-0.00034985
-0.000329242
-0.000309859
-0.000291633
-0.000274498
-0.000258394
-0.000243259
-0.000229037
-0.000215673
-0.000203113
-0.000191308
-0.00018021
-0.000169775
-0.000159961
-0.000150731
-0.000142049
-0.000133883
-0.000126203
-0.000118981
810.21
810.97
812.963
817.092
824.455
835.958
851.923
871.837
894.282
917.097
937.726
953.698
963.07
964.673
958.186
944.173
923.939
899.083
871.184
841.567
811.185
780.61
750.085
719.64
689.215
658.765
628.318
597.965
567.806
537.858
507.987
477.858
446.959
414.677
380.435
343.848
304.853
263.69
220.938
177.464
134.276
92.3634
52.6053
15.732
-17.7327
-47.5103
-73.3113
-94.8073
-112.008
-125.038
-134.095
-139.372
-141.052
-139.33
-134.456
-126.78
-116.778
-105.058
-92.3259
-79.3503
-66.8779
-55.6324
-46.2833
-39.3031
-34.9319
-33.1629
-33.7706
-36.3516
-40.388
-45.2945
-50.4662
-55.3145
-59.2974
-61.96
-62.9684
-62.1379
-59.4509
-55.0597
-49.271
-42.508
-35.2763
-28.0785
-21.4065
-15.7152
-11.2836
-8.1834
-6.26802
-5.21234
-4.57728
-3.89706
-2.72818
-0.708534
2.40033
6.68794
12.1022
18.4773
25.5713
33.121
40.8779
48.5968
56.0618
63.1244
69.6813
75.6522
80.9443
85.4287
88.9322
91.2491
92.1656
91.5091
89.1734
85.1634
79.5715
72.5355
64.2997
55.0797
45.2112
34.9063
24.4285
13.9468
3.63411
-6.42697
-16.1332
-25.4203
-34.102
-42.1271
-49.2933
-54.9889
-59.2136
-61.7096
-62.5121
-61.647
-59.2911
-55.5922
-50.8926
-45.1856
-39.2414
-31.8879
-25.5113
-18.9338
-12.9814
-7.64405
-3.11711
0.470093
3.03093
4.51361
4.93242
4.3629
2.94888
0.883671
-1.60966
-4.30966
-6.98741
-9.43179
-11.4603
-12.9399
-13.7935
-14.0055
-13.6113
-12.6935
-11.3582
-9.72248
-7.89431
-5.95857
-3.96983
-1.94609
0.120136
2.26074
4.50381
6.87658
9.37524
11.9647
14.5988
17.1604
19.4791
21.4082
22.8265
23.6778
23.9685
23.7671
23.1884
22.3658
21.4203
20.4477
19.4979
18.5781
17.6494
16.6508
15.479
14.068
12.3339
10.2751
7.88013
5.24218
2.4121
-0.434559
-3.27196
-6.01044
-8.66662
-11.097
-13.14
-14.8224
-16.0975
-17.0064
-17.557
-17.7884
-17.7098
-17.3757
-16.7656
-15.9707
-14.9305
-13.7315
-12.3856
-10.7033
-8.97152
-7.03375
-5.09222
-3.1164
-1.21623
0.561924
2.16748
3.54329
4.65177
5.50657
6.11032
6.50912
6.73957
6.84651
6.86614
6.82098
6.72485
6.57461
6.36497
6.08341
5.72348
5.29534
4.79217
4.24163
3.66893
3.10651
2.58155
2.11355
1.70868
1.36384
1.06686
0.79822
0.552068
0.308941
0.0654103
-0.18314
-0.432166
-0.674609
-0.900469
-1.10201
-1.275
-1.41812
-1.53352
-1.62361
-1.69108
-1.73768
-1.76103
-1.7612
-1.73527
-1.68492
-1.60898
-1.50732
-1.37743
-1.22065
-1.05261
-0.889471
-0.745361
-0.634015
-0.552864
-0.512577
-0.494549
-0.506049
-0.532605
-0.576149
-0.62334
-0.672943
-0.719107
-0.760832
-0.794228
-0.820467
-0.836541
-0.842584
-0.837409
-0.82296
-0.800854
-0.775848
-0.750699
-0.727367
-0.702545
-0.675241
-0.638707
-0.581765
-0.501638
-0.396039
-0.267071
-0.117654
0.0467162
0.218507
0.389013
0.54879
0.692541
0.806638
0.898946
0.959342
0.9905
0.995096
0.976686
0.937648
0.882407
0.813135
0.733555
0.646546
0.555215
0.463175
0.374404
0.29275
0.221024
0.161266
0.114215
0.0784668
0.0525634
0.0317171
0.0141195
-0.00131746
-0.0154364
-0.0277825
-0.0383882
-0.0464433
-0.0512821
-0.0522242
-0.049182
-0.0428417
-0.0341822
-0.0238589
-0.013102
-0.00586205
-0.0024367
-0.00267506
-0.00559287
-0.0102195
-0.0157283
-0.0214704
-0.0269626
-0.031877
-0.0360088
-0.0393057
-0.0417346
-0.0434069
-0.0442693
-0.0443168
-0.0436041
-0.0422858
-0.0405749
-0.0386772
-0.0367352
-0.0348267
-0.0329855
-0.0312205
-0.0295362
-0.0279374
-0.0264276
-0.0250059
-0.0236672
-0.0224046
-0.0212111
-0.02008
-0.0190051
-0.017982
-0.0170076
-0.0160799
-0.0151978
-0.01436
-0.0135652
-0.0128114
-0.0120966
-0.0114189
-0.0107764
-0.0101675
-0.00959083
-0.00904503
-0.00852885
-0.008041
-0.00758015
-0.00714494
-0.00673404
-0.00634617
-0.00598011
-0.00563465
-0.00530864
-0.00500099
-0.00471066
-0.00443671
-0.00417829
-0.00393462
-0.00370496
-0.00348859
-0.00328477
-0.00309277
-0.00291187
-0.00274141
-0.00258076
-0.00242936
-0.0022867
-0.00215231
-0.00202574
-0.00190657
-0.0017944
-0.00168882
-0.00158946
-0.00149593
-0.00140789
-0.00132502
-0.00124702
-0.0011736
-0.0011045
-0.00103947
-0.000978275
-0.000920683
-0.000866484
-0.000815476
-0.000767469
-0.000722283
-0.000679751
-0.000639714
-0.000602026
-0.00056655
-0.000533157
-0.000501729
-0.000472151
-0.000444315
-0.000418122
-0.000393474
-0.000370283
-0.000348464
-0.000327939
-0.000308634
-0.000290482
-0.000273417
-0.000257377
-0.000242304
-0.000228139
-0.000214828
-0.000202319
-0.000190561
-0.000179507
-0.000169112
-0.000159337
-0.000150143
-0.000141495
-0.00013336
-0.00012571
-0.000118516
802.185
803.092
805.319
809.639
816.979
828.081
843.165
861.712
882.411
903.294
922.057
936.471
944.768
945.871
939.476
926.069
906.789
883.063
856.319
827.776
798.334
768.55
738.691
708.825
678.93
648.983
619.017
589.108
559.33
529.687
500.041
470.085
439.359
407.322
373.473
337.482
299.308
259.186
217.658
175.52
133.695
93.1027
54.5662
18.7741
-13.7681
-42.7606
-67.9227
-88.9728
-105.9
-118.807
-127.867
-133.261
-135.173
-133.804
-129.409
-122.336
-113.047
-102.12
-90.2225
-78.0746
-66.381
-55.8189
-47.0029
-40.3712
-36.1492
-34.3372
-34.7335
-36.9697
-40.5687
-44.9883
-49.6643
-54.0477
-57.6335
-59.9985
-60.8329
-59.9652
-57.3788
-53.2135
-47.7508
-41.3796
-34.5631
-27.7667
-21.4424
-15.9982
-11.6864
-8.57292
-6.52795
-5.26057
-4.37557
-3.44978
-2.0794
0.066288
3.20657
7.42681
12.6839
18.8305
25.6486
32.8965
40.3407
47.7519
54.9273
61.7203
68.0236
73.7497
78.8018
83.0531
86.3401
88.4737
89.261
88.5472
86.2393
82.3414
76.9388
70.1631
62.2385
53.3724
43.8692
33.9364
23.8201
13.6874
3.70445
-6.03721
-15.4307
-24.401
-32.7763
-40.48
-47.3158
-52.7768
-56.8277
-59.2486
-60.0623
-59.2949
-57.1076
-53.6373
-49.2031
-43.798
-38.1669
-31.2012
-25.1455
-18.8906
-13.2236
-8.12643
-3.79809
-0.355102
2.11875
3.57814
4.0374
3.56836
2.30488
0.425954
-1.86116
-4.34811
-6.82109
-9.08269
-10.963
-12.337
-13.1314
-13.3288
-12.9593
-12.0959
-10.8339
-9.27923
-7.53045
-5.66581
-3.7369
-1.76291
0.25955
2.35528
4.54599
6.85223
9.26688
11.7547
14.2674
16.6964
18.8913
20.7195
22.0728
22.8998
23.2059
23.0512
22.5379
21.7849
20.9013
19.9736
19.048
18.1324
17.1931
16.1761
14.9918
13.5812
11.8722
9.86296
7.54707
5.00667
2.29228
-0.445577
-3.17465
-5.80903
-8.35126
-10.6729
-12.6416
-14.2671
-15.5096
-16.4002
-16.9469
-17.1835
-17.1201
-16.8054
-16.2249
-15.4567
-14.4554
-13.2896
-11.977
-10.3651
-8.69488
-6.83922
-4.97616
-3.08417
-1.26355
0.441997
1.98371
3.3105
4.38889
5.22873
5.83286
6.24137
6.4874
6.61126
6.64589
6.61255
6.52469
6.38065
6.17711
5.90417
5.55733
5.14542
4.6651
4.141
3.59612
3.05979
2.55651
2.10413
1.70851
1.3676
1.07111
0.802223
0.555123
0.312829
0.0721786
-0.171084
-0.412975
-0.6474
-0.865716
-1.06101
-1.22942
-1.36956
-1.4831
-1.57197
-1.63845
-1.68409
-1.70693
-1.70716
-1.68238
-1.63397
-1.56093
-1.46353
-1.3404
-1.19369
-1.03712
-0.885115
-0.750234
-0.64476
-0.567056
-0.5261
-0.507116
-0.515998
-0.538351
-0.576967
-0.619616
-0.664945
-0.707432
-0.745903
-0.776895
-0.800952
-0.815523
-0.820693
-0.815414
-0.801524
-0.78039
-0.756214
-0.73121
-0.707045
-0.680647
-0.650869
-0.611658
-0.553824
-0.474522
-0.371926
-0.247783
-0.105008
0.0513519
0.214282
0.37582
0.527283
0.663187
0.773445
0.861332
0.919831
0.951062
0.95691
0.940757
0.904854
0.853178
0.787978
0.712722
0.630327
0.543641
0.456234
0.371783
0.293811
0.22494
0.16703
0.120811
0.085067
0.0583819
0.0368199
0.0187214
0.00297285
-0.0112027
-0.0234897
-0.0339353
-0.0418428
-0.046675
-0.0478708
-0.0453936
-0.0398572
-0.0321486
-0.0229468
-0.0135076
-0.00702213
-0.00386329
-0.00397212
-0.00654788
-0.0107455
-0.0158165
-0.0211582
-0.0263127
-0.0309638
-0.0349107
-0.0380851
-0.0404508
-0.0420846
-0.0429488
-0.0430455
-0.0424311
-0.041246
-0.0396792
-0.0379151
-0.0360858
-0.0342684
-0.0325002
-0.0307957
-0.0291626
-0.0276068
-0.0261326
-0.0247402
-0.023426
-0.0221846
-0.0210096
-0.019895
-0.018835
-0.0178254
-0.0168633
-0.0159471
-0.0150755
-0.0142474
-0.0134615
-0.0127158
-0.0120086
-0.0113379
-0.0107018
-0.0100988
-0.00952756
-0.00898674
-0.00847512
-0.00799143
-0.00753435
-0.00710259
-0.00669484
-0.00630986
-0.00594644
-0.00560342
-0.00527967
-0.00497409
-0.00468566
-0.00441347
-0.00415667
-0.00391449
-0.00368621
-0.00347112
-0.00326848
-0.00307757
-0.00289769
-0.00272818
-0.00256841
-0.00241783
-0.00227593
-0.00214225
-0.00201635
-0.0018978
-0.0017862
-0.00168116
-0.00158229
-0.00148922
-0.00140162
-0.00131915
-0.00124152
-0.00116845
-0.00109967
-0.00103494
-0.000974027
-0.000916697
-0.000862743
-0.000811963
-0.00076417
-0.000719183
-0.000676837
-0.000636975
-0.000599452
-0.00056413
-0.000530883
-0.000499591
-0.000470141
-0.000442426
-0.000416346
-0.000391805
-0.000368714
-0.000346989
-0.000326553
-0.000307332
-0.000289258
-0.000272266
-0.000256296
-0.000241287
-0.000227183
-0.000213929
-0.000201473
-0.000189765
-0.000178757
-0.000168407
-0.000158673
-0.000149517
-0.000140905
-0.000132804
-0.000125186
-0.000118021
794.096
795.119
797.523
801.967
809.229
819.908
834.142
851.41
870.494
889.605
906.661
919.645
926.95
927.585
921.26
908.391
889.976
867.287
841.618
814.09
785.549
756.538
727.339
698.053
668.687
639.242
609.751
580.28
550.885
521.555
492.156
462.404
431.888
400.131
366.697
331.309
293.94
254.825
214.468
173.602
133.078
93.7471
56.3824
21.6332
-10.0128
-38.2441
-62.7885
-83.3995
-100.052
-112.828
-121.882
-127.386
-129.519
-128.488
-124.551
-118.053
-109.439
-99.2608
-88.149
-76.7802
-65.8185
-55.8973
-47.5827
-41.2817
-37.2064
-35.3624
-35.5699
-37.492
-40.6894
-44.6599
-48.8777
-52.8309
-56.0493
-58.1392
-58.8126
-57.9106
-55.417
-51.46
-46.2979
-40.2882
-33.8554
-27.4296
-21.4255
-16.2106
-12.0131
-8.89374
-6.73759
-5.2842
-4.17754
-3.03349
-1.48443
0.771688
3.93646
8.09096
13.1997
19.1313
25.6894
32.6511
39.798
46.9151
53.8115
60.343
66.3996
71.8887
76.7103
80.7404
83.8247
85.7891
86.4588
85.6953
83.4166
79.627
74.4054
67.8774
60.2492
51.7196
42.5661
32.9904
23.2232
13.4291
3.76814
-5.66112
-14.7491
-23.4125
-31.4905
-38.8893
-45.4201
-50.6591
-54.5475
-56.8963
-57.7194
-57.0426
-55.0129
-51.7577
-47.5749
-42.458
-37.1242
-30.5244
-24.7736
-18.8273
-13.4296
-8.56206
-4.42283
-1.11737
1.27338
2.70955
3.20531
2.82871
1.70447
-0.00148589
-2.09645
-4.38466
-6.66637
-8.75695
-10.4979
-11.772
-12.509
-12.6906
-12.3416
-11.5267
-10.3314
-8.85157
-7.17708
-5.38024
-3.50971
-1.58578
0.391503
2.44074
4.57782
6.81803
9.15079
11.5411
13.9395
16.2456
18.3259
20.0607
21.353
22.1561
22.4741
22.3601
21.9048
21.2144
20.3871
19.5012
18.5994
17.6899
16.744
15.714
14.5222
13.1159
11.4336
9.47345
7.23307
4.78515
2.17938
-0.45423
-3.07892
-5.61279
-8.0477
-10.2684
-12.1651
-13.7354
-14.9449
-15.8165
-16.358
-16.5987
-16.5491
-16.2528
-15.7002
-14.9584
-13.9942
-12.8625
-11.5849
-10.0393
-8.42887
-6.65117
-4.86305
-3.05088
-1.30557
0.33097
1.81222
3.0923
4.14113
4.96548
5.56825
5.98426
6.2435
6.38232
6.43054
6.40833
6.32871
6.1913
5.99443
5.73047
5.39657
5.0006
4.54194
4.04262
3.5237
3.01177
2.52889
2.09122
1.70531
1.36898
1.07384
0.805411
0.558083
0.317072
0.0794323
-0.158721
-0.393924
-0.620896
-0.832162
-1.02154
-1.18551
-1.32266
-1.43427
-1.52186
-1.58737
-1.63213
-1.65454
-1.65485
-1.63113
-1.58462
-1.51453
-1.42149
-1.30498
-1.16766
-1.02174
-0.879857
-0.753509
-0.653634
-0.579201
-0.538784
-0.518177
-0.524306
-0.543202
-0.577343
-0.615789
-0.657103
-0.696078
-0.731433
-0.760021
-0.781984
-0.795104
-0.799447
-0.794103
-0.780719
-0.760495
-0.737017
-0.712008
-0.686905
-0.659051
-0.627135
-0.585776
-0.52734
-0.449005
-0.349458
-0.229992
-0.0935109
0.0553164
0.209957
0.363116
0.506783
0.635573
0.741697
0.825615
0.882254
0.913403
0.920347
0.906266
0.873262
0.824951
0.763602
0.692467
0.614489
0.532174
0.449152
0.368779
0.294294
0.228145
0.172037
0.126679
0.0910374
0.0637775
0.0416628
0.0231563
0.00714191
-0.00708797
-0.0193328
-0.0296519
-0.0374549
-0.0423098
-0.0437616
-0.0418146
-0.0370263
-0.0302051
-0.0220346
-0.0137599
-0.00795943
-0.00507347
-0.00509879
-0.0073884
-0.0112082
-0.0158833
-0.0208564
-0.0256957
-0.0300974
-0.0338653
-0.0369192
-0.0392191
-0.040815
-0.0416803
-0.0418222
-0.0412973
-0.0402331
-0.0387985
-0.0371585
-0.0354361
-0.0337068
-0.0320105
-0.030366
-0.0287835
-0.0272705
-0.0258319
-0.0244691
-0.02318
-0.0219601
-0.020804
-0.0197061
-0.0186612
-0.0176654
-0.0167159
-0.0158112
-0.0149502
-0.014132
-0.0133551
-0.0126178
-0.0119182
-0.0112545
-0.010625
-0.010028
-0.00946225
-0.00892649
-0.00841951
-0.00794006
-0.00748685
-0.00705861
-0.00665409
-0.00627207
-0.00591138
-0.00557088
-0.00524944
-0.004946
-0.00465955
-0.00438917
-0.00413405
-0.00389342
-0.00366657
-0.0034528
-0.00325139
-0.00306162
-0.0028828
-0.00271427
-0.00255541
-0.00240569
-0.00226459
-0.00213166
-0.00200645
-0.00188855
-0.00177756
-0.00167308
-0.00157473
-0.00148215
-0.00139499
-0.00131294
-0.0012357
-0.001163
-0.00109456
-0.00103015
-0.000969532
-0.000912478
-0.000858782
-0.000808244
-0.000760675
-0.0007159
-0.000673751
-0.000634075
-0.000596725
-0.000561566
-0.000528473
-0.000497325
-0.000468011
-0.000440424
-0.000414464
-0.000390036
-0.000367051
-0.000345426
-0.000325083
-0.00030595
-0.000287959
-0.000271046
-0.000255148
-0.000240208
-0.000226169
-0.000212975
-0.000200576
-0.00018892
-0.000177962
-0.000167658
-0.000157968
-0.000148853
-0.000140279
-0.000132214
-0.000124629
-0.000117496
785.935
787.047
789.579
794.09
801.227
811.471
824.886
840.954
858.546
876.03
891.519
903.191
909.583
909.778
903.504
891.116
873.486
851.752
827.084
800.515
772.837
744.579
716.034
687.325
658.489
629.542
600.522
571.485
542.474
513.466
484.332
454.814
424.541
393.094
360.096
325.312
288.735
250.593
211.359
171.708
132.424
94.3013
58.0612
24.3182
-6.45815
-33.9513
-57.8974
-78.0767
-94.453
-107.094
-116.134
-121.737
-124.081
-123.374
-119.874
-113.921
-105.947
-96.4761
-86.105
-75.4698
-65.196
-55.8759
-48.0339
-42.047
-38.1154
-36.2494
-36.2887
-37.9249
-40.7539
-44.3103
-48.1048
-51.6602
-54.5388
-56.3744
-56.8991
-55.9653
-53.5575
-49.7927
-44.9081
-39.232
-33.1538
-27.0703
-21.3618
-16.3599
-12.2716
-9.15294
-6.9021
-5.28566
-3.98321
-2.64575
-0.938834
1.41334
4.59608
8.6861
13.6541
19.3832
25.6952
32.3858
39.2499
46.0859
52.7137
58.9919
64.809
70.0687
74.6693
78.4896
81.384
83.1917
83.7546
82.948
80.6999
77.015
71.9668
65.6746
58.329
50.1197
41.3012
32.0684
22.6383
13.1725
3.82559
-5.2986
-14.0887
-22.4548
-30.2451
-37.3544
-43.6022
-48.6312
-52.3672
-54.6473
-55.4781
-54.885
-53.0029
-49.9503
-46.0057
-41.1634
-36.1119
-29.8576
-24.3964
-18.7436
-13.6017
-8.95368
-4.99456
-1.82038
0.490835
1.90379
2.43232
2.14065
1.14518
-0.400195
-2.31617
-4.41903
-6.52202
-8.4526
-10.0627
-11.242
-11.9238
-12.0884
-11.7564
-10.9847
-9.85016
-8.43939
-6.83451
-5.10232
-3.28877
-1.41494
0.516133
2.51768
4.60072
6.77514
9.02815
11.3249
13.6156
15.8075
17.7817
19.4298
20.665
21.4444
21.7715
21.6926
21.2888
20.6546
19.8786
19.0316
18.1531
17.2516
16.3026
15.2643
14.0692
12.6709
11.0165
9.10488
6.93673
4.57669
2.07318
-0.460613
-2.98489
-5.42191
-7.75556
-9.88194
-11.7092
-13.226
-14.4023
-15.2545
-15.7897
-16.0334
-15.9964
-15.7175
-15.1912
-14.4754
-13.5467
-12.4497
-11.2083
-9.72526
-8.17288
-6.46925
-4.75275
-3.0188
-1.34262
0.228341
1.65226
2.88773
3.90756
4.71597
5.31586
5.73741
6.0078
6.15969
6.22022
6.20848
6.13701
6.00651
5.81675
5.56201
5.24087
4.86054
4.42242
3.94639
3.45177
2.96269
2.49912
2.07592
1.69941
1.36814
1.07504
0.80772
0.56083
0.321515
0.0870076
-0.146189
-0.375086
-0.595098
-0.79975
-0.983511
-1.1432
-1.27735
-1.38694
-1.47318
-1.53769
-1.58164
-1.60373
-1.6043
-1.58177
-1.53725
-1.47014
-1.38142
-1.27118
-1.14253
-1.00633
-0.873761
-0.755282
-0.660669
-0.589469
-0.549125
-0.527722
-0.531307
-0.547115
-0.577174
-0.611719
-0.649281
-0.684954
-0.7174
-0.743699
-0.763713
-0.775455
-0.778976
-0.773461
-0.760434
-0.740873
-0.717933
-0.692951
-0.667126
-0.638055
-0.604377
-0.561306
-0.50246
-0.424966
-0.328544
-0.213565
-0.0830247
0.058723
0.205602
0.350916
0.487275
0.609534
0.711392
0.791669
0.846498
0.877444
0.885342
0.873157
0.842838
0.797702
0.739993
0.672766
0.598989
0.520808
0.44194
0.36542
0.294241
0.230694
0.176351
0.131889
0.0964448
0.0688112
0.0462692
0.0274147
0.0111743
-0.00310488
-0.0153185
-0.0255378
-0.0332703
-0.0381713
-0.0398787
-0.0384302
-0.0343373
-0.0283411
-0.0211208
-0.0138764
-0.00869655
-0.00608991
-0.00606998
-0.00812145
-0.0116093
-0.0159271
-0.0205617
-0.0251071
-0.0292733
-0.0328685
-0.0358044
-0.0380368
-0.0395954
-0.0404608
-0.0406439
-0.0402006
-0.0392465
-0.0379329
-0.0364084
-0.0347873
-0.033143
-0.0315172
-0.0299319
-0.0283995
-0.026929
-0.025526
-0.0241931
-0.0229293
-0.0217312
-0.0205943
-0.0195134
-0.0184839
-0.017502
-0.0165653
-0.0156723
-0.0148221
-0.0140138
-0.013246
-0.0125172
-0.0118254
-0.0111689
-0.0105459
-0.00995503
-0.0093949
-0.0088643
-0.00836205
-0.00788692
-0.00743766
-0.00701304
-0.00661182
-0.00623284
-0.00587495
-0.00553703
-0.00521798
-0.00491675
-0.00463233
-0.00436383
-0.00411044
-0.00387141
-0.00364604
-0.00343364
-0.0032335
-0.00304492
-0.00286719
-0.00269969
-0.00254179
-0.00239296
-0.00225269
-0.00212054
-0.00199605
-0.00187883
-0.00176847
-0.00166458
-0.00156677
-0.0014747
-0.00138802
-0.00130641
-0.00122958
-0.00115726
-0.00108918
-0.0010251
-0.000964791
-0.000908028
-0.000854603
-0.000804319
-0.000756988
-0.000712434
-0.000670494
-0.000631013
-0.000593846
-0.00055886
-0.000525928
-0.000494933
-0.000465762
-0.000438309
-0.000412476
-0.000388167
-0.000365294
-0.000343775
-0.000323531
-0.000304491
-0.000286588
-0.000269756
-0.000253936
-0.000239069
-0.000225097
-0.000211967
-0.000199627
-0.000188027
-0.000177122
-0.000166867
-0.000157222
-0.00014815
-0.000139616
-0.000131589
-0.00012404
-0.00011694
777.695
778.874
781.491
786.021
792.997
802.796
815.423
830.368
846.579
862.566
876.619
887.085
892.632
892.418
886.181
874.221
857.306
836.452
812.719
787.055
760.206
732.681
704.779
676.645
648.336
619.885
591.332
562.726
534.1
505.424
476.574
447.313
417.312
386.202
353.656
319.48
283.68
246.48
208.323
169.834
131.737
94.7694
59.6094
26.8371
-3.09601
-29.8731
-53.239
-72.994
-89.0944
-101.594
-110.614
-116.308
-118.852
-118.452
-115.37
-109.935
-102.566
-93.7631
-84.0902
-74.1457
-64.5188
-55.7638
-48.3666
-42.6783
-38.8874
-37.0087
-36.8975
-38.2744
-40.7662
-43.9406
-47.3443
-50.5322
-53.0967
-54.6972
-55.0846
-54.1216
-51.7929
-48.2056
-43.5772
-38.2092
-32.4588
-26.6916
-21.2563
-16.4529
-12.4691
-9.35696
-7.02621
-5.2677
-3.79262
-2.28437
-0.438623
1.99641
5.19099
9.21743
14.0517
19.5894
25.6689
32.1019
38.6965
45.2638
51.633
57.6663
63.2513
68.2894
72.6781
76.2993
79.0156
80.6784
81.144
80.3004
78.0841
74.5006
69.6185
63.5513
56.4752
48.5713
40.0736
31.1703
22.0657
12.918
3.87711
-4.94956
-13.4495
-21.5278
-29.0401
-35.8742
-41.8585
-46.6888
-50.2818
-52.496
-53.3331
-52.8178
-51.0739
-48.212
-44.4931
-39.9121
-35.1285
-29.2009
-24.0148
-18.6404
-13.7422
-9.30391
-5.51638
-2.4676
-0.232637
1.15706
1.71485
1.50111
0.624683
-0.771637
-2.52094
-4.45095
-6.38698
-8.16783
-9.65496
-10.7446
-11.3732
-11.52
-11.2018
-10.4686
-9.38945
-8.04258
-6.50298
-4.83246
-3.07445
-1.25056
0.633582
2.58662
4.61585
6.72455
8.90002
11.107
13.2963
15.3818
17.2575
18.8249
20.0063
20.7626
21.096
21.0475
20.6894
20.1058
19.3765
18.5658
17.7101
16.8181
15.8691
14.8265
13.6321
12.2447
10.6195
8.75571
6.65678
4.38039
1.97345
-0.464791
-2.89262
-5.23651
-7.47439
-9.51236
-11.2728
-12.7376
-13.8809
-14.7132
-15.2412
-15.4871
-15.4613
-15.1989
-14.6975
-14.0074
-13.1128
-12.0506
-10.846
-9.42247
-7.92622
-6.29312
-4.64491
-2.98064
-1.37488
0.133568
1.50303
2.69583
3.68723
4.47938
5.07507
5.50043
5.78009
5.94311
6.01532
6.01312
5.94964
5.82627
5.64393
5.39856
5.08996
4.72494
4.30632
3.8522
3.38036
2.91273
2.46746
2.05828
1.69125
1.36532
1.07485
0.809212
0.563335
0.326062
0.0948032
-0.133575
-0.356505
-0.569992
-0.768423
-0.946849
-1.10238
-1.23356
-1.34111
-1.42597
-1.48948
-1.53266
-1.5545
-1.55536
-1.534
-1.49147
-1.42738
-1.34293
-1.23874
-1.11817
-0.990897
-0.866929
-0.755749
-0.666118
-0.598038
-0.558226
-0.535893
-0.537244
-0.550206
-0.576545
-0.607478
-0.641525
-0.674069
-0.703741
-0.727816
-0.74597
-0.756395
-0.759131
-0.753434
-0.740688
-0.721705
-0.699177
-0.674169
-0.647658
-0.617521
-0.582376
-0.537985
-0.478959
-0.402274
-0.309066
-0.198405
-0.0734877
0.0615975
0.201203
0.339173
0.468687
0.584897
0.682486
0.759377
0.81245
0.843095
0.851819
0.841368
0.81354
0.771391
0.717124
0.653598
0.583612
0.509547
0.434622
0.361745
0.293704
0.232646
0.180025
0.136491
0.101323
0.0734782
0.0506205
0.0314872
0.0150615
0.000740971
-0.0114494
-0.0215909
-0.0292807
-0.034246
-0.0362063
-0.0352265
-0.0317806
-0.02655
-0.0202023
-0.0138758
-0.00926387
-0.0069341
-0.00689942
-0.0087541
-0.011951
-0.0159471
-0.020271
-0.024543
-0.0284873
-0.0319165
-0.0347374
-0.0369017
-0.0384232
-0.0392876
-0.0395081
-0.0391389
-0.0382852
-0.0370827
-0.0356658
-0.0341406
-0.0325781
-0.0310212
-0.029494
-0.0280112
-0.0265827
-0.0252153
-0.0239124
-0.0226741
-0.0214982
-0.0203807
-0.0193172
-0.0183032
-0.0173354
-0.0164116
-0.0155305
-0.0146912
-0.013893
-0.0131344
-0.0124141
-0.0117302
-0.011081
-0.0104647
-0.00987998
-0.00932555
-0.00880019
-0.00830275
-0.00783203
-0.0073868
-0.00696587
-0.00656804
-0.00619218
-0.00583716
-0.0055019
-0.0051853
-0.00488633
-0.00460401
-0.00433744
-0.00408584
-0.00384847
-0.00362464
-0.00341365
-0.00321483
-0.00302747
-0.00285089
-0.00268444
-0.00252753
-0.00237963
-0.00224023
-0.00210889
-0.00198516
-0.00186864
-0.00175894
-0.00165566
-0.00155843
-0.00146688
-0.00138069
-0.00129954
-0.00122315
-0.00115122
-0.00108352
-0.00101979
-0.000959806
-0.000903347
-0.000850207
-0.000800189
-0.000753107
-0.000708788
-0.000667066
-0.00062779
-0.000590816
-0.000556011
-0.00052325
-0.000492415
-0.000463394
-0.000436084
-0.000410383
-0.0003862
-0.000363444
-0.000342036
-0.000321896
-0.000302954
-0.000285143
-0.000268398
-0.000252659
-0.000237868
-0.000223968
-0.000210905
-0.000198627
-0.000187087
-0.000176236
-0.000166033
-0.000156436
-0.000147409
-0.000138918
-0.000130931
-0.000123419
-0.000116355
769.373
770.597
773.265
777.773
784.557
793.908
805.78
819.671
834.602
849.211
861.945
871.303
876.071
875.475
869.261
857.686
841.424
821.382
798.522
773.715
747.66
720.847
693.579
666.015
638.231
610.272
582.183
554.006
525.767
497.431
468.88
439.901
410.197
379.446
347.368
313.8
278.763
242.476
205.354
167.977
131.015
95.1554
61.0333
29.1976
0.0816116
-26.0009
-48.8034
-68.1417
-83.9668
-96.3214
-105.314
-111.091
-113.823
-113.717
-111.03
-106.088
-99.2919
-91.1193
-82.1042
-72.8103
-63.7919
-55.5682
-48.5904
-43.186
-39.5327
-37.649
-37.4048
-38.546
-40.7284
-43.5519
-46.595
-49.4434
-51.7178
-53.1011
-53.3617
-52.3719
-50.1164
-46.6932
-42.3014
-37.2181
-31.7708
-26.2962
-21.1139
-16.4956
-12.6121
-9.5116
-7.11419
-5.23237
-3.60582
-1.94736
0.0198389
2.52559
5.72628
9.6898
14.3965
19.7529
25.6119
31.8002
38.1382
44.4484
50.5689
56.3654
61.7259
66.5502
70.736
74.1684
76.7175
78.2461
78.6231
77.7479
75.5645
72.0791
67.3564
61.5039
54.6853
47.0728
38.8826
30.2958
21.5056
12.6661
3.92303
-4.61384
-12.8314
-20.6312
-27.8754
-34.4477
-40.1855
-44.8278
-48.2864
-50.4377
-51.2797
-50.8365
-49.2222
-46.5399
-43.0348
-38.7024
-34.1729
-28.5545
-23.6295
-18.5194
-13.8532
-9.61522
-5.99124
-3.06231
-0.900564
0.465794
1.04953
0.907204
0.140806
-1.11721
-2.71135
-4.48019
-6.26029
-7.901
-9.27258
-10.2774
-10.8547
-10.9831
-10.676
-9.97726
-8.9486
-7.66092
-6.18264
-4.57097
-2.86702
-1.09275
0.744032
2.64797
4.62253
6.66713
8.76735
10.8884
12.9818
14.9682
16.7521
18.2444
19.3752
20.1086
20.4462
20.4239
20.1062
19.5681
18.8815
18.1047
17.2712
16.3901
15.4438
14.4005
13.2101
11.8363
10.2412
8.42454
6.39204
4.19543
1.87989
-0.466891
-2.80217
-5.05659
-7.20379
-9.15863
-10.8547
-12.2692
-13.3797
-14.1919
-14.712
-14.9591
-14.9435
-14.6967
-14.2189
-13.5539
-12.6922
-11.6647
-10.4973
-9.13038
-7.6884
-6.12242
-4.53957
-2.94288
-1.40278
0.0461845
1.36383
2.51576
3.4793
4.25496
4.8453
5.27295
5.56019
5.73314
5.81532
5.82233
5.76666
5.65052
5.47582
5.23993
4.94364
4.5935
4.19343
3.75998
3.30954
2.86209
2.43417
2.03846
1.68065
1.36069
1.07334
0.809881
0.565534
0.330607
0.102706
-0.120973
-0.33823
-0.545575
-0.738135
-0.911482
-1.06299
-1.19124
-1.29671
-1.38014
-1.44266
-1.48513
-1.50679
-1.50805
-1.4879
-1.44739
-1.3863
-1.30604
-1.20759
-1.09453
-0.975469
-0.859561
-0.755007
-0.670071
-0.604956
-0.565761
-0.542715
-0.542108
-0.552479
-0.575425
-0.603009
-0.633779
-0.663383
-0.69045
-0.712408
-0.728807
-0.737976
-0.739935
-0.734008
-0.721433
-0.702893
-0.680693
-0.655659
-0.628585
-0.597559
-0.561225
-0.515834
-0.456845
-0.3817
-0.290958
-0.184399
-0.0648044
0.0640079
0.19679
0.327877
0.450971
0.561537
0.654938
0.728641
0.780012
0.810279
0.819714
0.810845
0.785328
0.745991
0.694973
0.634959
0.568582
0.498406
0.427214
0.357785
0.292727
0.234051
0.183111
0.140533
0.105714
0.077793
0.0547126
0.0353649
0.0187952
0.00444338
-0.00772813
-0.0178094
-0.0254782
-0.0305218
-0.0327303
-0.0321913
-0.0293473
-0.0248265
-0.0192794
-0.0137702
-0.00968754
-0.00762546
-0.00759998
-0.00929333
-0.0122359
-0.0159426
-0.0199822
-0.0240002
-0.0277354
-0.0310058
-0.0337151
-0.0358111
-0.0372959
-0.0381581
-0.0384124
-0.0381105
-0.0373484
-0.0362481
-0.0349314
-0.0334969
-0.032013
-0.0305231
-0.029053
-0.027619
-0.0262322
-0.0249002
-0.0236273
-0.0224148
-0.0212613
-0.0201635
-0.0191175
-0.0181192
-0.0171657
-0.0162549
-0.0153858
-0.0145576
-0.0137695
-0.0130203
-0.0123086
-0.0116327
-0.0109908
-0.0103813
-0.00980288
-0.00925423
-0.0087342
-0.00824165
-0.00777541
-0.0073343
-0.00691713
-0.00652277
-0.0061501
-0.00579802
-0.00546548
-0.00515141
-0.00485477
-0.0045746
-0.00431003
-0.00406027
-0.00382461
-0.00360235
-0.00339284
-0.00319538
-0.00300928
-0.00283388
-0.00266853
-0.00251266
-0.00236572
-0.00222722
-0.00209672
-0.00197378
-0.00185799
-0.00174897
-0.00164633
-0.00154969
-0.0014587
-0.00137302
-0.00129235
-0.0012164
-0.0011449
-0.00107758
-0.00101422
-0.000954577
-0.000898438
-0.000845596
-0.000795857
-0.000749036
-0.000704961
-0.000663469
-0.000624408
-0.000587636
-0.000553021
-0.000520439
-0.000489771
-0.000460909
-0.000433747
-0.000408186
-0.000384134
-0.000361502
-0.000340209
-0.000320179
-0.00030134
-0.000283626
-0.000266972
-0.000251318
-0.000236606
-0.000222781
-0.000209789
-0.000197577
-0.000186098
-0.000175305
-0.000165156
-0.00015561
-0.000146631
-0.000138185
-0.000130239
-0.000122767
-0.000115739
760.964
762.216
764.905
769.357
775.927
784.829
795.977
808.879
822.624
835.963
847.485
855.824
859.874
858.92
852.722
841.493
825.828
806.537
784.493
760.498
735.204
709.083
682.437
655.437
628.175
600.705
573.076
545.327
517.477
489.489
461.254
432.575
403.191
372.82
341.219
308.259
273.972
238.57
202.445
166.134
130.26
95.4626
62.3386
31.4066
3.08235
-22.3263
-44.5811
-63.5105
-79.0616
-91.2679
-100.227
-106.078
-108.987
-109.16
-106.85
-102.374
-96.1193
-88.5419
-80.1471
-71.4658
-63.02
-55.2962
-48.7142
-43.5798
-40.061
-38.1791
-37.8176
-38.7452
-40.6443
-43.1452
-45.8558
-48.3909
-50.3973
-51.5803
-51.724
-50.7096
-48.5219
-45.2502
-41.0772
-36.2572
-31.0904
-25.8867
-20.9389
-16.4936
-12.7065
-9.62212
-7.16994
-5.18175
-3.42289
-1.63294
0.439848
3.00519
6.2066
10.1077
14.6923
19.8765
25.5264
31.482
37.5753
43.6395
49.5208
55.0889
60.2323
64.8507
68.8421
72.0953
74.4876
75.8916
76.1881
75.2861
73.1365
69.7464
65.1766
59.5293
52.9567
45.6225
37.7272
29.4448
20.958
12.4172
3.96361
-4.29127
-12.2344
-19.765
-26.7506
-33.0736
-38.5803
-43.0445
-46.3764
-48.4675
-49.3133
-48.937
-47.4443
-44.9314
-41.6286
-37.5325
-33.2441
-27.9183
-23.2412
-18.3822
-13.9367
-9.88998
-6.42194
-3.60762
-1.51627
-0.173359
0.43324
0.356233
-0.308513
-1.43823
-2.88798
-4.5065
-6.14106
-7.65059
-8.91362
-9.83819
-10.3662
-10.476
-10.1776
-9.50947
-8.52697
-7.29415
-5.87352
-4.31806
-2.6667
-0.941577
0.847654
2.70216
4.62191
6.60367
8.63095
10.6696
12.6725
14.5662
16.2645
17.6867
18.7697
19.4807
19.8205
19.8207
19.5387
19.0416
18.3941
17.6489
16.8372
15.968
15.0268
13.986
12.8024
11.4445
9.88021
8.11008
6.14146
4.02103
1.7922
-0.467032
-2.71357
-4.88214
-6.94332
-8.81978
-10.4538
-11.8199
-12.8977
-13.6897
-14.2012
-14.4488
-14.4425
-14.2104
-13.755
-13.1145
-12.2846
-11.2916
-10.1614
-8.84836
-7.45899
-5.9569
-4.4366
-2.90491
-1.42664
-0.0343017
1.23399
2.34671
3.28301
4.042
4.62602
5.0546
5.3479
5.52942
5.62058
5.63617
5.58807
5.47921
5.31229
5.08589
4.80168
4.46598
4.08359
3.66964
3.23934
2.81091
2.39947
2.01676
1.66825
1.35435
1.07059
0.809765
0.567391
0.335084
0.110636
-0.108453
-0.320297
-0.521839
-0.708845
-0.877349
-1.02497
-1.15031
-1.2537
-1.33569
-1.39721
-1.43903
-1.46056
-1.46224
-1.44333
-1.40482
-1.34671
-1.27054
-1.17758
-1.07153
-0.960051
-0.851409
-0.753188
-0.672687
-0.610405
-0.57183
-0.548363
-0.545998
-0.554008
-0.573857
-0.598342
-0.626048
-0.652889
-0.677468
-0.697406
-0.712135
-0.720103
-0.721314
-0.715137
-0.702679
-0.684485
-0.662539
-0.637465
-0.609898
-0.578127
-0.540841
-0.494739
-0.435986
-0.362367
-0.274105
-0.17146
-0.0569103
0.0659906
0.192367
0.316997
0.434067
0.539344
0.628691
0.699372
0.749089
0.778917
0.78896
0.781531
0.75816
0.721467
0.673516
0.616837
0.553931
0.487402
0.419734
0.353571
0.29135
0.234957
0.185658
0.144057
0.109658
0.0817592
0.0585437
0.0390444
0.0223697
0.00799795
-0.00415634
-0.014191
-0.0218555
-0.0269879
-0.0294381
-0.0293135
-0.027029
-0.023166
-0.0183537
-0.0135764
-0.0099868
-0.00818136
-0.00818357
-0.00974597
-0.0124667
-0.0159136
-0.0196932
-0.0234756
-0.0270144
-0.0301333
-0.0327344
-0.0347627
-0.0362111
-0.03707
-0.0373546
-0.0371139
-0.0364353
-0.035429
-0.0342057
-0.0328569
-0.0314485
-0.0300236
-0.0286094
-0.0272234
-0.0258778
-0.0245809
-0.0233381
-0.0221516
-0.0210206
-0.0199427
-0.0189144
-0.017932
-0.016993
-0.0160954
-0.0152383
-0.0144212
-0.0136434
-0.0129037
-0.0122008
-0.0115329
-0.0108984
-0.0102958
-0.00972375
-0.00918096
-0.00866634
-0.00817876
-0.00771709
-0.00728016
-0.00686685
-0.00647602
-0.00610661
-0.00575756
-0.00542781
-0.00511632
-0.00482207
-0.00454412
-0.0042816
-0.00403374
-0.00379983
-0.00357921
-0.00337121
-0.00317515
-0.00299036
-0.00281618
-0.00265198
-0.00249716
-0.00235122
-0.00221366
-0.00208402
-0.0019619
-0.00184688
-0.00173856
-0.00163659
-0.00154056
-0.00145015
-0.00136501
-0.00128484
-0.00120935
-0.00113829
-0.00107138
-0.0010084
-0.000949108
-0.000893301
-0.00084077
-0.000791322
-0.000744774
-0.000700955
-0.000659703
-0.000620867
-0.000584307
-0.000549891
-0.000517495
-0.000487003
-0.000458306
-0.000431299
-0.000405885
-0.00038197
-0.000359468
-0.000338297
-0.000318381
-0.00029965
-0.000282036
-0.000265477
-0.000249913
-0.000235285
-0.000221538
-0.000208619
-0.000196476
-0.000185062
-0.000174329
-0.000164237
-0.000154744
-0.000145815
-0.000137415
-0.000129514
-0.000122083
-0.000115094
752.467
753.733
756.416
760.786
767.123
775.58
786.035
798.009
810.653
822.822
833.228
840.63
844.016
842.73
836.539
825.623
810.505
791.911
770.632
747.406
722.841
697.391
671.356
644.914
618.169
591.186
564.014
536.692
509.233
481.601
453.694
425.333
396.289
366.314
335.202
302.849
269.298
234.755
199.59
164.303
129.472
95.6943
63.5305
33.4709
5.9135
-18.8413
-40.5634
-59.0917
-74.3704
-86.4256
-95.3459
-101.262
-104.337
-104.773
-102.82
-98.7863
-93.0444
-86.0288
-78.2185
-70.1143
-62.2075
-54.9543
-48.746
-43.8687
-40.4812
-38.6073
-38.1427
-38.8769
-40.5171
-42.7214
-45.1259
-47.3719
-49.1311
-50.1292
-50.165
-49.1283
-47.0035
-43.8721
-39.9014
-35.3249
-30.4179
-25.4652
-20.7351
-16.452
-12.7575
-9.6933
-7.19698
-5.11773
-3.24393
-1.33951
0.8244
3.4391
6.63622
10.4751
14.9426
19.963
25.4143
31.1483
37.0082
42.8368
48.4882
53.836
58.77
63.1901
66.9955
70.0787
72.3237
73.6121
73.8352
72.9109
70.796
67.4983
63.0755
57.6243
51.2871
44.2189
36.6065
28.6169
20.423
12.1713
3.99908
-3.98164
-11.6582
-18.9285
-25.6651
-31.7505
-37.0398
-41.3352
-44.5475
-46.581
-47.4295
-47.1155
-45.7368
-43.3835
-40.2724
-36.4006
-32.3409
-27.2923
-22.8506
-18.23
-13.9946
-10.1304
-6.81113
-4.10648
-2.08289
-0.76354
-0.13696
-0.154333
-0.725208
-1.73596
-3.05139
-4.52977
-6.02844
-7.41522
-8.57626
-9.42493
-9.90569
-9.99657
-9.70487
-9.06415
-8.12386
-6.94199
-5.57564
-4.0739
-2.47364
-0.79707
0.944631
2.74963
4.61498
6.53494
8.49156
10.4514
12.3687
14.1754
15.7938
17.1504
18.1883
18.8772
19.2176
19.2369
18.9866
18.5264
17.9146
17.1991
16.4086
15.5523
14.6182
13.5826
12.4085
11.0684
9.53553
7.81117
5.90404
3.85648
1.71006
-0.465356
-2.62687
-4.7131
-6.69259
-8.49491
-10.0692
-11.3885
-12.4341
-13.2059
-13.7084
-13.9558
-13.9577
-13.7395
-13.3054
-12.689
-11.8896
-10.9307
-9.83744
-8.576
-7.23752
-5.79629
-4.33586
-2.86631
-1.4467
-0.108325
1.1129
2.18799
3.09763
3.83985
4.41671
4.84504
5.14305
5.33185
5.43113
5.45467
5.41389
5.31227
5.15321
4.93625
4.66388
4.34218
3.97662
3.58112
3.1698
2.75934
2.36359
1.99343
1.6541
1.34607
1.06669
0.808884
0.568873
0.339421
0.118514
-0.0960803
-0.302742
-0.498781
-0.680515
-0.844392
-0.988246
-1.11074
-1.21204
-1.29258
-1.35311
-1.39431
-1.41576
-1.41793
-1.40026
-1.36376
-1.30857
-1.23638
-1.14864
-1.04911
-0.944648
-0.84281
-0.750383
-0.67407
-0.614487
-0.576623
-0.553062
-0.548961
-0.554813
-0.571841
-0.593457
-0.618309
-0.642576
-0.664778
-0.682815
-0.69596
-0.70278
-0.703257
-0.696803
-0.684392
-0.666466
-0.644716
-0.619606
-0.591634
-0.559259
-0.521232
-0.474656
-0.416298
-0.344165
-0.258402
-0.159501
-0.0497336
0.0675925
0.187948
0.306518
0.417927
0.518229
0.60368
0.671484
0.719596
0.748936
0.759494
0.753377
0.731999
0.697789
0.652731
0.59922
0.539633
0.476542
0.412198
0.349132
0.289611
0.235407
0.187708
0.147101
0.113185
0.0853874
0.0621174
0.0425237
0.0257805
0.0114014
-0.000735021
-0.0107333
-0.0184057
-0.0236343
-0.0263185
-0.026583
-0.0248187
-0.0215648
-0.0174266
-0.0133064
-0.0101778
-0.00861711
-0.00866126
-0.0101186
-0.0126463
-0.0158603
-0.0194024
-0.0229667
-0.0263211
-0.0292959
-0.0317926
-0.0337541
-0.0351665
-0.0360209
-0.0363325
-0.0361473
-0.0355451
-0.0346255
-0.0334892
-0.0322214
-0.0308852
-0.0295233
-0.0281637
-0.0268249
-0.0255199
-0.024258
-0.0230452
-0.0218846
-0.0207764
-0.0197185
-0.018708
-0.0177418
-0.0168172
-0.015933
-0.0150881
-0.0142823
-0.0135148
-0.0127847
-0.0120906
-0.0114309
-0.0108039
-0.0102083
-0.00964263
-0.00910578
-0.00859664
-0.00811411
-0.00765708
-0.00722442
-0.00681503
-0.00642782
-0.00606174
-0.00571577
-0.00538888
-0.00508004
-0.00478825
-0.00451257
-0.00425216
-0.00400625
-0.00377415
-0.00355521
-0.00334876
-0.00315416
-0.00297072
-0.0027978
-0.00263477
-0.00248106
-0.00233614
-0.00219955
-0.00207082
-0.00194954
-0.0018353
-0.00172773
-0.00162644
-0.00153105
-0.00144123
-0.00135665
-0.001277
-0.001202
-0.00113139
-0.0010649
-0.00100231
-0.000943398
-0.000887937
-0.000835731
-0.000786587
-0.000740324
-0.000696771
-0.000655769
-0.000617168
-0.000580829
-0.00054662
-0.00051442
-0.000484111
-0.000455587
-0.000428742
-0.00040348
-0.000379709
-0.000357342
-0.000336298
-0.000316502
-0.000297883
-0.000280375
-0.000263915
-0.000248443
-0.000233903
-0.000220238
-0.000207396
-0.000195325
-0.000183978
-0.000173309
-0.000163276
-0.000153839
-0.000144962
-0.000136611
-0.000128756
-0.000121367
-0.000114419
743.881
745.147
747.804
752.069
758.161
766.176
775.97
787.074
798.695
809.783
819.163
825.702
828.476
826.881
820.692
810.06
795.446
777.499
756.937
734.439
710.575
685.776
660.339
634.448
608.216
581.714
554.997
528.101
501.036
473.768
446.2
418.175
389.488
359.924
329.308
297.56
264.731
231.023
196.784
162.48
128.651
95.8534
64.614
35.3966
8.58206
-15.538
-36.7418
-54.8767
-69.8851
-81.7868
-90.6624
-96.6356
-99.8659
-100.552
-98.9366
-95.3208
-90.0633
-83.5778
-76.3186
-68.758
-61.3587
-54.5487
-48.6935
-44.061
-40.8016
-38.941
-38.3863
-38.9457
-40.3495
-42.2816
-44.4042
-46.3838
-47.915
-48.7426
-48.6794
-47.6222
-45.5559
-42.5545
-38.7711
-34.4199
-29.7536
-25.0338
-20.5062
-16.3751
-12.7699
-9.72942
-7.19856
-5.04201
-3.06901
-1.0656
1.17622
3.8309
7.01909
10.796
15.1508
20.015
25.2771
30.8002
36.4372
42.0404
47.4709
52.6063
57.3384
61.5677
65.1953
68.1172
70.2237
71.4049
71.5612
70.6185
68.5388
65.331
61.0494
55.7862
49.6741
42.8605
35.5197
27.8117
19.9006
11.9288
4.02968
-3.68474
-11.1026
-18.1215
-24.6182
-30.4771
-35.5613
-39.6966
-42.7959
-44.7743
-45.6245
-45.3683
-44.0967
-41.8939
-38.9642
-35.3053
-31.4625
-26.6765
-22.4582
-18.0642
-14.0288
-10.3388
-7.16132
-4.56166
-2.60336
-1.3077
-0.663697
-0.626999
-1.11111
-2.0116
-3.20211
-4.54997
-5.92172
-7.1936
-8.25885
-9.03576
-9.47125
-9.54327
-9.25649
-8.64023
-7.73863
-6.60413
-5.28894
-3.83857
-2.28794
-0.659215
1.03516
2.7908
4.60225
6.46161
8.34981
10.2341
12.0703
13.7956
15.3391
16.6342
17.6293
18.2968
18.6363
18.6718
18.4494
18.0224
17.4434
16.7557
15.986
15.1434
14.2182
13.1902
12.0277
10.707
9.20608
7.52675
5.67888
3.70112
1.63316
-0.46201
-2.54207
-4.54936
-6.4512
-8.18322
-9.70013
-10.9742
-11.9882
-12.7398
-13.2327
-13.4793
-13.4886
-13.2836
-12.8697
-12.2768
-11.5071
-10.5816
-9.52492
-8.31272
-7.02357
-5.64035
-4.23722
-2.82686
-1.46318
-0.176303
0.999987
2.03891
2.9225
3.64792
4.21689
4.64391
4.94542
5.1404
5.24691
5.27784
5.24411
5.14967
4.99844
4.79087
4.53004
4.2219
3.87238
3.49436
3.10097
2.7075
2.3267
1.96864
1.6384
1.33675
1.06172
0.807266
0.569958
0.343573
0.126269
-0.0839083
-0.28559
-0.476394
-0.653113
-0.812563
-0.952774
-1.07247
-1.1717
-1.25078
-1.31033
-1.35095
-1.37235
-1.37503
-1.35861
-1.3241
-1.27178
-1.20344
-1.12067
-1.02722
-0.929267
-0.833735
-0.746721
-0.674338
-0.617335
-0.580281
-0.556621
-0.551043
-0.554952
-0.569403
-0.588367
-0.610556
-0.632367
-0.652402
-0.668591
-0.680231
-0.685954
-0.685723
-0.678975
-0.666568
-0.648843
-0.627244
-0.6021
-0.573795
-0.540941
-0.502362
-0.455518
-0.39767
-0.327038
-0.243755
-0.148444
-0.0432157
0.0688489
0.183542
0.296415
0.402501
0.49812
0.579839
0.644901
0.691454
0.720267
0.731256
0.726333
0.706804
0.674927
0.632599
0.582091
0.525672
0.465831
0.404622
0.344494
0.287544
0.23544
0.189302
0.1497
0.116321
0.0886922
0.0654383
0.0458021
0.0290244
0.0146515
0.00253555
-0.00743346
-0.0151224
-0.0204521
-0.0233611
-0.0239909
-0.0227098
-0.0200198
-0.0164999
-0.0129717
-0.010274
-0.00894633
-0.00904318
-0.0104176
-0.0127777
-0.0157833
-0.0191088
-0.0224713
-0.0256528
-0.0284909
-0.0308871
-0.0327832
-0.0341599
-0.0350088
-0.0353443
-0.0352095
-0.0346771
-0.0338373
-0.0327823
-0.031591
-0.0303238
-0.0290229
-0.0277165
-0.026424
-0.025159
-0.0239317
-0.0227488
-0.0216143
-0.0205288
-0.0194911
-0.0184986
-0.0175485
-0.0166387
-0.0157678
-0.0149353
-0.0141408
-0.0133838
-0.0126633
-0.0119781
-0.0113266
-0.0107073
-0.0101187
-0.00955955
-0.00902872
-0.00852514
-0.00804773
-0.00759542
-0.0071671
-0.0067617
-0.00637817
-0.0060155
-0.00567269
-0.00534873
-0.0050426
-0.00475332
-0.00447997
-0.00422172
-0.00397781
-0.00374757
-0.00353036
-0.00332552
-0.00313241
-0.00295036
-0.00277874
-0.00261692
-0.00246435
-0.0023205
-0.00218489
-0.0020571
-0.00193669
-0.00182328
-0.00171646
-0.00161588
-0.00152116
-0.00143196
-0.00134795
-0.00126884
-0.00119435
-0.0011242
-0.00105816
-0.000995982
-0.000937449
-0.000882349
-0.000830481
-0.000781653
-0.000735685
-0.00069241
-0.000651669
-0.000613313
-0.000577204
-0.000543211
-0.000511214
-0.000481097
-0.000452752
-0.000426076
-0.000400973
-0.000377352
-0.000355125
-0.000334213
-0.000314542
-0.00029604
-0.000278642
-0.000262285
-0.000246911
-0.000232462
-0.000218882
-0.00020612
-0.000194124
-0.000182847
-0.000172244
-0.000162273
-0.000152894
-0.000144071
-0.000135772
-0.000127964
-0.000120621
-0.000113715
735.205
736.462
739.075
743.217
749.053
756.636
765.798
776.085
786.757
796.847
805.28
811.025
813.235
811.352
805.162
794.789
780.638
763.294
743.407
721.6
698.408
674.24
649.388
624.04
598.316
572.293
546.028
519.557
492.889
465.99
438.774
411.098
382.782
353.641
323.528
292.382
260.262
227.366
194.021
160.664
127.798
95.9426
65.5935
37.1897
11.0947
-12.4093
-33.1084
-50.8575
-65.5979
-77.3442
-86.1699
-92.1927
-95.5672
-96.4877
-95.1925
-91.9723
-87.1722
-81.187
-74.4471
-67.3986
-60.4773
-54.0851
-48.5637
-44.1643
-41.0298
-39.1874
-38.5544
-38.9561
-40.1443
-41.8268
-43.69
-45.4243
-46.7454
-47.416
-47.2617
-46.1861
-44.1742
-41.2932
-37.6833
-33.541
-29.0979
-24.5942
-20.2553
-16.2671
-12.7481
-9.73441
-7.17755
-4.95616
-2.89823
-0.809915
1.49778
4.18386
7.35878
11.0738
15.3198
20.035
25.1168
30.4387
35.8628
41.25
46.4683
51.3992
55.9368
59.9829
63.4405
66.2094
68.1856
69.2672
69.3627
68.4052
66.3614
63.2408
59.0952
54.012
48.1156
41.5458
34.4658
27.0287
19.3906
11.6898
4.05561
-3.40035
-10.5674
-17.3433
-23.6092
-29.2518
-34.1421
-38.1254
-41.1177
-43.0432
-43.8943
-43.6919
-42.5207
-40.4599
-37.7019
-34.245
-30.6079
-26.0708
-22.0647
-17.8859
-14.0407
-10.5169
-7.4749
-4.97579
-3.08048
-1.80862
-1.15049
-1.06306
-1.46791
-2.26627
-3.34068
-4.5672
-5.82021
-6.98458
-7.95987
-8.66899
-9.06118
-9.11443
-8.8311
-8.2367
-7.37061
-6.28023
-5.01332
-3.61209
-2.10965
-0.527973
1.11942
2.82604
4.58421
6.38426
8.20627
10.0182
11.7776
13.4262
14.8996
16.1369
17.0915
17.7379
18.0752
18.1245
17.9268
17.5298
16.9808
16.3193
15.5698
14.7415
13.8267
12.8083
11.6594
10.3596
8.8909
7.25584
5.46516
3.55432
1.56116
-0.45714
-2.45918
-4.39084
-6.21874
-7.884
-9.34574
-10.5762
-11.5591
-12.2906
-12.7737
-13.0189
-13.0349
-12.8424
-12.4477
-11.8776
-11.1366
-10.2439
-9.22332
-8.05811
-6.81671
-5.48885
-4.14058
-2.78663
-1.47632
-0.238614
0.894733
1.89886
2.757
3.46562
4.0261
4.4509
4.75484
4.95497
5.06788
5.10568
5.07869
4.99133
4.84788
4.64958
4.39998
4.10496
3.77076
3.4093
3.03287
2.65551
2.28895
1.9426
1.62134
1.32628
1.05579
0.804944
0.570628
0.347496
0.133844
-0.0719832
-0.268866
-0.454673
-0.626607
-0.781813
-0.9185
-1.03545
-1.13263
-1.21025
-1.26883
-1.30891
-1.33029
-1.33351
-1.31834
-1.28578
-1.23627
-1.17164
-1.09359
-1.00583
-0.913911
-0.824218
-0.742213
-0.673581
-0.619036
-0.58286
-0.55911
-0.552295
-0.554453
-0.566555
-0.583067
-0.602776
-0.622296
-0.640281
-0.654724
-0.664936
-0.669612
-0.66869
-0.661634
-0.649188
-0.631612
-0.61013
-0.584963
-0.556396
-0.523177
-0.48421
-0.437276
-0.380017
-0.310921
-0.230085
-0.138217
-0.0372991
0.0697955
0.179157
0.286673
0.387749
0.478949
0.557105
0.619548
0.664586
0.692844
0.704189
0.70035
0.682539
0.65285
0.613098
0.565438
0.512028
0.455281
0.397019
0.33968
0.285182
0.235094
0.190476
0.151884
0.119086
0.0916884
0.0685119
0.0488803
0.0320999
0.017747
0.00565563
-0.00428878
-0.0119994
-0.0174337
-0.0205568
-0.0215291
-0.0206966
-0.0185282
-0.0155757
-0.0125829
-0.010287
-0.00918113
-0.00933873
-0.0106489
-0.0128641
-0.0156833
-0.0188115
-0.0219874
-0.0250072
-0.0277158
-0.0300156
-0.0318478
-0.0331894
-0.0340316
-0.0343882
-0.0342991
-0.0338305
-0.0330644
-0.0320851
-0.0309662
-0.029765
-0.0285228
-0.0272682
-0.0260209
-0.0247954
-0.0236023
-0.0224493
-0.0213407
-0.020278
-0.0192606
-0.0182861
-0.0173523
-0.0164573
-0.0156
-0.0147799
-0.0139968
-0.0132504
-0.0125397
-0.0118634
-0.0112203
-0.0106086
-0.0100271
-0.00947455
-0.00894981
-0.00845185
-0.00797964
-0.00753211
-0.00710821
-0.00670688
-0.00632711
-0.00596791
-0.00562832
-0.00530735
-0.00500399
-0.00471729
-0.00444633
-0.00419029
-0.00394844
-0.00372011
-0.00350467
-0.00330148
-0.0031099
-0.00292929
-0.002759
-0.00259843
-0.00244703
-0.00230428
-0.00216971
-0.00204288
-0.00192337
-0.0018108
-0.00170477
-0.00160493
-0.00151089
-0.00142233
-0.00133892
-0.00126037
-0.00118639
-0.00111673
-0.00105115
-0.000989397
-0.000931264
-0.000876538
-0.00082502
-0.00077652
-0.000730861
-0.000687874
-0.000647404
-0.000609302
-0.000573432
-0.000539664
-0.000507878
-0.00047796
-0.000449802
-0.000423302
-0.000398365
-0.000374898
-0.000352818
-0.000332044
-0.000312502
-0.000294122
-0.000276838
-0.000260589
-0.000245316
-0.000230961
-0.000217471
-0.000204791
-0.000192874
-0.00018167
-0.000171136
-0.000161228
-0.00015191
-0.000143144
-0.000134897
-0.00012714
-0.000119843
-0.000112981
726.442
727.68
730.235
734.239
739.814
746.974
755.533
765.053
774.842
784.009
791.571
796.584
798.274
796.124
789.93
779.794
766.073
749.29
730.038
708.889
686.341
662.786
638.506
613.693
588.471
562.923
537.108
511.061
484.792
458.269
431.414
404.1
376.169
347.461
317.855
287.307
255.885
223.778
191.298
158.853
126.913
95.9644
66.4735
38.8556
13.4577
-9.44797
-29.6556
-47.0264
-61.5013
-73.0906
-81.8617
-87.9263
-91.4345
-92.5757
-91.5826
-88.736
-84.3678
-78.8545
-72.6042
-66.0382
-59.5672
-53.5688
-48.363
-44.186
-41.1731
-39.3531
-38.6525
-38.9122
-39.9039
-41.3578
-42.9828
-44.4912
-45.6188
-46.1449
-45.907
-44.815
-42.8538
-40.0847
-36.6357
-32.6869
-28.451
-24.1483
-19.9853
-16.1317
-12.6959
-9.71179
-7.13663
-4.86162
-2.73169
-0.571243
1.79135
4.50096
7.65862
11.3117
15.4526
20.025
24.935
30.0648
35.2855
40.4659
45.4803
50.2144
54.5648
58.4349
61.73
64.3536
66.2075
67.1964
67.2367
66.2676
64.2601
61.2243
57.2097
52.2991
46.6094
40.2733
33.4438
26.2674
18.893
11.4542
4.07704
-3.12814
-10.0522
-16.5934
-22.6372
-28.0732
-32.7798
-36.6187
-39.5094
-41.3843
-42.2355
-42.083
-41.0062
-39.0792
-36.4837
-33.2183
-29.7763
-25.4752
-21.6705
-17.6963
-14.0325
-10.6669
-7.75412
-5.35135
-3.51684
-2.2689
-1.59872
-1.46565
-1.79725
-2.50107
-3.46759
-4.58163
-5.7233
-6.78707
-7.67791
-8.32301
-8.67395
-8.70845
-8.42742
-7.85261
-7.01916
-5.96993
-4.74864
-3.39445
-1.93875
-0.403273
1.19763
2.85572
4.56134
6.30342
8.06142
9.80401
11.4906
13.0671
14.4745
15.6575
16.5736
17.1993
17.5329
17.5947
17.4183
17.0484
16.527
15.8901
15.1604
14.3469
13.4439
12.4369
11.3031
10.0254
8.58909
6.99754
5.2621
3.41549
1.49378
-0.450892
-2.37822
-4.23739
-5.99486
-7.59658
-9.0053
-10.1936
-11.146
-11.8577
-12.3307
-12.5741
-12.596
-12.4153
-12.039
-11.4909
-10.7778
-9.91714
-8.93199
-7.81186
-6.6166
-5.34159
-4.04586
-2.74568
-1.48635
-0.295622
0.796643
1.76728
2.60056
3.29243
3.84391
4.26568
4.57108
4.77546
4.89399
4.93816
4.91761
4.83717
4.70142
4.51223
4.27357
3.99122
3.67163
3.32591
2.96554
2.60345
2.25051
1.91548
1.60305
1.31464
1.04917
0.801949
0.570871
0.351144
0.141203
-0.0603467
-0.252588
-0.433613
-0.600971
-0.752103
-0.885377
-0.999636
-1.09478
-1.17096
-1.22858
-1.26814
-1.28952
-1.2933
-1.27937
-1.24874
-1.20196
-1.14091
-1.06733
-0.984896
-0.898588
-0.814327
-0.737013
-0.671909
-0.619694
-0.584402
-0.560655
-0.552774
-0.553356
-0.563318
-0.577566
-0.594964
-0.612347
-0.628393
-0.641184
-0.650041
-0.653717
-0.652128
-0.644756
-0.632243
-0.614773
-0.593382
-0.568203
-0.539439
-0.50596
-0.466749
-0.419865
-0.363263
-0.295744
-0.217316
-0.128754
-0.0319335
0.0704629
0.174801
0.277274
0.373628
0.460656
0.535417
0.595358
0.638924
0.666604
0.678238
0.675384
0.659166
0.631531
0.594207
0.54924
0.498683
0.444868
0.389398
0.334713
0.282552
0.234402
0.191264
0.153685
0.121502
0.0943903
0.0713447
0.0517602
0.0350062
0.0206875
0.00862608
-0.00129636
-0.00903016
-0.0145725
-0.0178971
-0.0191904
-0.0187741
-0.017088
-0.014656
-0.0121494
-0.010227
-0.0093323
-0.00955653
-0.0108183
-0.0129084
-0.0155611
-0.0185098
-0.0215135
-0.0243821
-0.0269683
-0.0291757
-0.0309458
-0.0322528
-0.0330874
-0.0334625
-0.0334148
-0.0330046
-0.0323066
-0.031398
-0.0303473
-0.0292091
-0.0280236
-0.0268192
-0.0256162
-0.0244295
-0.0232703
-0.0221468
-0.0210641
-0.0200243
-0.0190271
-0.0180709
-0.0171534
-0.0162733
-0.0154295
-0.0146219
-0.0138504
-0.0131146
-0.0124137
-0.0117466
-0.0111118
-0.0105079
-0.00993357
-0.00938765
-0.00886907
-0.00837681
-0.00790986
-0.0074672
-0.00704777
-0.00665058
-0.00627464
-0.00591899
-0.00558269
-0.00526476
-0.00496424
-0.00468017
-0.00441165
-0.00415788
-0.00391814
-0.00369177
-0.00347815
-0.00327666
-0.00308666
-0.00290751
-0.0027386
-0.00257932
-0.00242912
-0.0022875
-0.00215399
-0.00202815
-0.00190958
-0.00179788
-0.00169266
-0.00159357
-0.00150024
-0.00141234
-0.00132955
-0.00125157
-0.00117814
-0.00110899
-0.00104387
-0.000982563
-0.000924844
-0.000870506
-0.00081935
-0.000771191
-0.000725851
-0.000683164
-0.000642974
-0.000605137
-0.000569514
-0.00053598
-0.000504413
-0.000474701
-0.000446737
-0.00042042
-0.000395655
-0.00037235
-0.000350421
-0.00032979
-0.000310382
-0.000292129
-0.000274964
-0.000258827
-0.000243658
-0.000229402
-0.000216003
-0.000203411
-0.000191574
-0.000180446
-0.000169983
-0.000160142
-0.000150887
-0.000142179
-0.000133988
-0.000126283
-0.000119035
-0.000112219
717.591
718.803
721.288
725.144
730.455
737.202
745.187
753.988
762.956
771.269
778.027
782.366
783.575
781.178
774.98
765.062
751.74
735.483
716.828
696.305
674.376
651.414
627.694
603.407
578.682
553.605
528.237
502.615
476.747
450.605
424.119
397.178
369.643
341.378
312.282
282.329
251.591
220.253
188.61
157.044
125.996
95.9209
67.2578
40.3995
15.6771
-6.64739
-26.3761
-43.376
-57.5881
-69.0191
-77.7309
-83.83
-87.4614
-88.8097
-88.1016
-85.6076
-81.6469
-76.5786
-70.7897
-64.6783
-58.6316
-53.0047
-48.0976
-44.1325
-41.238
-39.4441
-38.6857
-38.8178
-39.631
-40.8755
-42.2817
-43.5825
-44.5322
-44.9254
-44.6109
-43.5042
-41.5906
-38.9253
-35.6256
-31.8566
-27.8131
-23.6974
-19.6988
-15.9722
-12.6169
-9.66476
-7.0782
-4.75969
-2.56945
-0.348502
2.059
4.78493
7.92165
11.5128
15.5519
19.9875
24.7331
29.6795
34.7057
39.6879
44.5065
49.0514
53.2217
56.9229
60.0628
62.5486
64.2873
65.1901
65.1802
64.2025
62.2316
59.2783
55.3898
50.6449
45.1536
39.0415
32.4528
25.5275
18.4075
11.2223
4.09416
-2.86785
-9.55663
-15.8713
-21.7014
-26.9398
-31.4721
-35.1735
-37.9677
-39.794
-40.6444
-40.5384
-39.5502
-37.7494
-35.3078
-32.224
-28.9669
-24.8895
-21.2762
-17.4963
-14.0046
-10.7905
-8.0011
-5.69068
-3.9149
-2.69097
-2.01101
-1.8364
-2.10067
-2.717
-3.58329
-4.59086
-5.63038
-6.6001
-7.41167
-7.99636
-8.30791
-8.32408
-8.04427
-7.48701
-6.68363
-5.67286
-4.49473
-3.18559
-1.77522
-0.285027
1.26998
2.88012
4.53404
6.21957
7.91569
9.59189
11.2094
12.7177
14.0631
15.195
16.0745
16.68
17.0094
17.0807
16.9235
16.578
16.0821
15.4684
14.758
13.9598
13.0697
12.0755
10.9582
9.7036
8.29986
6.75103
5.069
3.2841
1.43069
-0.443411
-2.29918
-4.08888
-5.77919
-7.32036
-8.67813
-9.82572
-10.7484
-11.4404
-11.9031
-12.1443
-12.1715
-12.0019
-11.6431
-11.1166
-10.4304
-9.60091
-8.65048
-7.57357
-6.42289
-5.19836
-3.95296
-2.7041
-1.49348
-0.347662
0.70526
1.64363
2.45266
3.12786
3.66991
4.08795
4.39395
4.60174
4.72516
4.77528
4.76081
4.68712
4.55894
4.37869
4.15064
3.88052
3.57489
3.24413
2.89899
2.55142
2.2115
1.88741
1.58369
1.30193
1.04123
0.798295
0.570679
0.35449
0.148313
-0.0490415
-0.236771
-0.413207
-0.576179
-0.723393
-0.853359
-0.964989
-1.05813
-1.13287
-1.18955
-1.22862
-1.25002
-1.25437
-1.24166
-1.21292
-1.16879
-1.11117
-1.04184
-0.964383
-0.883303
-0.804096
-0.731152
-0.66937
-0.619391
-0.585034
-0.561373
-0.552491
-0.551692
-0.559709
-0.571868
-0.587124
-0.602499
-0.616723
-0.627955
-0.635528
-0.638252
-0.636018
-0.628325
-0.615719
-0.598322
-0.577004
-0.551828
-0.52293
-0.489284
-0.449961
-0.403247
-0.347317
-0.281441
-0.205381
-0.119995
-0.0270715
0.07088
0.170481
0.268201
0.360101
0.443185
0.514717
0.572266
0.614402
0.641489
0.653351
0.651389
0.63665
0.610941
0.575906
0.533487
0.485624
0.434489
0.38177
0.329612
0.279683
0.233393
0.191697
0.155129
0.123589
0.0968113
0.0739431
0.0544443
0.0377436
0.0234732
0.0114481
0.0015467
-0.00621257
-0.0118585
-0.0153742
-0.0169683
-0.0169376
-0.0156974
-0.013743
-0.0116793
-0.0101033
-0.00940952
-0.00970445
-0.0109312
-0.0129137
-0.0154179
-0.0182032
-0.0210482
-0.0237758
-0.0262462
-0.0283653
-0.0300754
-0.0313483
-0.0321746
-0.0325657
-0.0325554
-0.0321987
-0.0315636
-0.0307209
-0.0297346
-0.0286565
-0.0275256
-0.02637
-0.0252103
-0.0240616
-0.0229358
-0.0218416
-0.0207847
-0.0197678
-0.0187909
-0.0178528
-0.0169519
-0.0160866
-0.0152566
-0.0144616
-0.0137017
-0.0129766
-0.0122855
-0.0116276
-0.0110012
-0.0104051
-0.00983809
-0.00929889
-0.00878653
-0.00830004
-0.00783843
-0.00740069
-0.00698582
-0.00659283
-0.00622079
-0.00586875
-0.0055358
-0.00522099
-0.00492336
-0.00464198
-0.00437596
-0.00412451
-0.00388693
-0.00366256
-0.00345081
-0.00325105
-0.00306267
-0.00288504
-0.00271754
-0.00255958
-0.00241062
-0.00227016
-0.00213774
-0.00201293
-0.00189531
-0.00178451
-0.00168013
-0.00158182
-0.00148922
-0.001402
-0.00131985
-0.00124247
-0.00116959
-0.00110096
-0.00103633
-0.000975481
-0.000918191
-0.000864253
-0.000813474
-0.000765667
-0.000720657
-0.00067828
-0.000638382
-0.000600818
-0.000565453
-0.00053216
-0.000500821
-0.000471323
-0.00044356
-0.000417432
-0.000392844
-0.000369707
-0.000347936
-0.000327453
-0.000308184
-0.000290061
-0.00027302
-0.000256998
-0.000241938
-0.000227784
-0.000214481
-0.000201978
-0.000190225
-0.000179176
-0.000168787
-0.000159016
-0.000149825
-0.000141179
-0.000133045
-0.000125393
-0.000118196
-0.000111427
708.655
709.836
712.24
715.94
720.986
727.332
734.772
742.897
751.101
758.624
764.64
768.358
769.125
766.5
760.297
750.581
737.629
721.865
703.775
683.848
662.514
640.127
616.954
593.185
568.95
544.341
519.417
494.218
468.753
442.998
416.89
390.331
363.202
335.386
306.803
277.44
247.374
216.785
185.952
155.235
125.047
95.8144
67.9502
41.8265
17.7588
-4.00111
-23.2631
-39.8994
-53.8515
-65.123
-73.7713
-79.8976
-83.6422
-85.1841
-84.7444
-82.5829
-79.0066
-74.3577
-69.0036
-63.3206
-57.6738
-52.3974
-47.7732
-44.0102
-41.2309
-39.4662
-38.6589
-38.6767
-39.3277
-40.3808
-41.5865
-42.6964
-43.4826
-43.7538
-43.3692
-42.2496
-40.3806
-37.812
-34.651
-31.049
-27.1844
-23.243
-19.3982
-15.7916
-12.5142
-9.5962
-7.00442
-4.65155
-2.41161
-0.140701
2.30259
5.03828
8.15066
11.6798
15.6201
19.9244
24.5128
29.2837
34.1238
38.9161
43.5467
47.9097
51.9069
55.4461
58.4378
60.7928
62.4231
63.2459
63.1904
62.2067
60.2727
57.3997
53.6329
49.0471
43.7461
37.849
31.4918
24.8083
17.9339
10.994
4.10713
-2.61929
-9.08027
-15.1761
-20.8006
-25.8501
-30.2165
-33.7871
-36.4895
-38.269
-39.1181
-39.0553
-38.1502
-36.4685
-34.1723
-31.2606
-28.179
-24.3137
-20.882
-17.2868
-13.9593
-10.8894
-8.21786
-5.99599
-4.27699
-3.07712
-2.38932
-2.17732
-2.37963
-2.91505
-3.68829
-4.59771
-5.54102
-6.42276
-7.15996
-7.68767
-7.96171
-7.95997
-7.6805
-7.13903
-6.36341
-5.38864
-4.25138
-2.98542
-1.61898
-0.173121
1.33667
2.89954
4.5027
6.13313
7.76946
9.38203
10.9338
12.3778
13.6648
14.7484
15.593
16.1788
16.5034
16.5823
16.4421
16.1187
15.6462
15.0544
14.3629
13.5803
12.7039
11.7239
10.6244
9.39363
8.02246
6.51556
4.8852
3.15965
1.37162
-0.434834
-2.22205
-3.94518
-5.57139
-7.05477
-8.36358
-9.47188
-10.3656
-11.0381
-11.4903
-11.729
-11.7609
-11.6019
-11.2597
-10.754
-10.0939
-9.29483
-8.37833
-7.34289
-6.23526
-5.059
-3.86184
-2.66198
-1.4979
-0.395055
0.620162
1.52743
2.31279
2.97144
3.50372
3.91741
4.22324
4.43369
4.56124
4.61706
4.60825
4.54112
4.42034
4.24883
4.03106
3.77274
3.48045
3.16392
2.83325
2.4995
2.17204
1.85852
1.56336
1.28829
1.03269
0.794026
0.570049
0.357512
0.155135
-0.0380826
-0.221433
-0.393448
-0.552207
-0.695647
-0.822408
-0.931468
-1.02264
-1.09596
-1.15171
-1.19031
-1.21173
-1.21665
-1.20515
-1.17826
-1.13669
-1.08236
-1.01706
-0.944266
-0.868061
-0.793561
-0.724698
-0.666057
-0.618209
-0.584798
-0.561232
-0.551598
-0.549497
-0.555748
-0.56598
-0.579257
-0.592734
-0.605254
-0.615016
-0.621374
-0.62319
-0.620335
-0.61232
-0.599604
-0.582255
-0.560999
-0.535843
-0.506866
-0.473139
-0.433817
-0.387376
-0.332094
-0.267955
-0.194222
-0.111886
-0.0226705
0.0710725
0.166201
0.25944
0.347136
0.426487
0.494953
0.550212
0.590959
0.617441
0.629477
0.628323
0.614956
0.591053
0.558175
0.518163
0.47285
0.424251
0.374152
0.324397
0.276597
0.232097
0.191803
0.156242
0.125366
0.098964
0.0763142
0.0569357
0.0403133
0.026105
0.0141232
0.00424363
-0.00354155
-0.00928539
-0.0129813
-0.0148571
-0.015183
-0.014355
-0.0128388
-0.0111796
-0.00992424
-0.00942147
-0.00978973
-0.0109927
-0.0128828
-0.0152548
-0.0178917
-0.0205903
-0.0231864
-0.0255476
-0.0275827
-0.0292347
-0.0304743
-0.0312914
-0.0316963
-0.0317199
-0.0314121
-0.0308352
-0.0300541
-0.0291286
-0.0281078
-0.0270293
-0.025921
-0.0248033
-0.023692
-0.0225991
-0.021534
-0.0205028
-0.0195086
-0.0185521
-0.0176322
-0.0167477
-0.0158975
-0.0150812
-0.0142989
-0.0135506
-0.0128363
-0.0121552
-0.0115064
-0.0108886
-0.0103005
-0.00974071
-0.0092083
-0.00870224
-0.00822158
-0.00776536
-0.00733262
-0.00692237
-0.00653366
-0.00616557
-0.00581721
-0.00548768
-0.00517604
-0.00488137
-0.00460273
-0.00433926
-0.00409018
-0.00385481
-0.0036325
-0.00342265
-0.00322468
-0.00303796
-0.00286187
-0.00269582
-0.00253922
-0.00239154
-0.00225227
-0.00212097
-0.00199721
-0.00188058
-0.0017707
-0.00166719
-0.00156968
-0.00147783
-0.00139132
-0.00130982
-0.00123305
-0.00116075
-0.00109266
-0.00102853
-0.000968154
-0.000911306
-0.000857783
-0.000807392
-0.000759949
-0.000715281
-0.000673225
-0.000633628
-0.000596347
-0.000561248
-0.000528205
-0.000497101
-0.000467825
-0.00044027
-0.000414338
-0.000389934
-0.00036697
-0.000345362
-0.000325032
-0.000305908
-0.00028792
-0.000271006
-0.000255104
-0.000240157
-0.000226108
-0.000212904
-0.000200494
-0.000188828
-0.00017786
-0.000167547
-0.000157848
-0.000148724
-0.000140142
-0.000132067
-0.000124471
-0.000117327
-0.000110608
699.636
700.78
703.098
706.636
711.418
717.376
724.297
731.788
739.28
746.072
751.403
754.549
754.908
752.073
745.866
736.338
723.733
708.431
690.876
671.516
650.755
628.926
606.288
583.027
559.277
535.13
510.649
485.873
460.813
435.449
409.725
383.557
356.841
329.481
301.412
272.634
243.228
213.369
183.322
153.426
124.067
95.6468
68.5541
43.141
19.7082
-1.50301
-20.3099
-36.5897
-50.2846
-61.3959
-69.9765
-76.1231
-79.971
-81.6937
-81.5065
-79.6581
-76.444
-72.1904
-67.246
-61.9666
-56.6968
-51.7512
-47.3948
-43.8246
-41.1573
-39.4247
-38.5766
-38.4922
-38.9962
-39.8746
-40.8964
-41.8313
-42.4673
-42.6266
-42.178
-41.0473
-39.2202
-36.7417
-33.7098
-30.263
-26.565
-22.7863
-19.0855
-15.5925
-12.3909
-9.50873
-6.91728
-4.53828
-2.25823
0.0530625
2.52387
5.2633
8.34824
11.8154
15.6595
19.8375
24.2754
28.8785
33.5404
38.1506
42.6008
46.7889
50.6198
54.0037
56.854
59.0849
60.6131
61.3615
61.2647
60.2773
58.3804
55.5855
51.9361
47.5034
42.3851
36.6945
30.5599
24.1093
17.472
10.7693
4.1161
-2.38213
-8.62268
-14.5074
-19.934
-24.8025
-29.0111
-32.4569
-35.0719
-36.8064
-37.6533
-37.6307
-36.8037
-35.2343
-33.0757
-30.3271
-27.4118
-23.7477
-20.4885
-17.0689
-13.8975
-10.9652
-8.4063
-6.26938
-4.60529
-3.42951
-2.73575
-2.49009
-2.63548
-3.09615
-3.78307
-4.60119
-5.45474
-6.25423
-6.92169
-7.39569
-7.63405
-7.61489
-7.33507
-6.80783
-6.05789
-5.11688
-4.01838
-2.79382
-1.46996
-0.0674301
1.39789
2.91464
4.46768
6.04447
7.62304
9.17464
10.6639
12.0471
13.2789
14.3168
15.1283
15.6948
16.0139
16.0989
15.9737
15.6702
15.2194
14.6483
13.9752
13.2085
12.3467
11.382
10.3012
9.09485
7.75619
6.29043
4.7101
3.04167
1.31628
-0.425292
-2.14682
-3.80615
-5.37112
-6.7993
-8.06105
-9.13143
-9.99681
-10.6502
-11.0919
-11.3277
-11.3637
-11.2147
-10.8884
-10.403
-9.76804
-8.99854
-8.11513
-7.11951
-6.05342
-4.92334
-3.77241
-2.61938
-1.49981
-0.438097
0.540952
1.41822
2.1805
2.82274
3.34497
3.75377
4.05876
4.2712
4.4025
4.46309
4.45985
4.39906
4.28553
4.12252
3.91472
3.66777
3.38823
3.08525
2.76833
2.44775
2.13223
1.82896
1.54218
1.27379
1.02347
0.78917
0.568983
0.360192
0.161642
-0.0274843
-0.206588
-0.374332
-0.52903
-0.668832
-0.792484
-0.899033
-0.988266
-1.06018
-1.11501
-1.15316
-1.17462
-1.18012
-1.1698
-1.1447
-1.10561
-1.05442
-0.992944
-0.924519
-0.852866
-0.782757
-0.717713
-0.662036
-0.616217
-0.58377
-0.560345
-0.550081
-0.546804
-0.551448
-0.559907
-0.571349
-0.583056
-0.593973
-0.60235
-0.60756
-0.608514
-0.605061
-0.596725
-0.583888
-0.566567
-0.545367
-0.52025
-0.491246
-0.457517
-0.418298
-0.372225
-0.317526
-0.255246
-0.183782
-0.104374
-0.0186913
0.0710638
0.161967
0.250976
0.334701
0.410518
0.476071
0.529139
0.568538
0.594407
0.606569
0.606147
0.594051
0.57184
0.540993
0.503256
0.460363
0.4142
0.366562
0.319084
0.273319
0.230538
0.19161
0.157047
0.126853
0.100861
0.078465
0.059238
0.0427168
0.0285845
0.0166535
0.00679774
-0.00101179
-0.00684781
-0.010712
-0.0128516
-0.0135066
-0.0130594
-0.0119455
-0.0106566
-0.00969736
-0.00937597
-0.009819
-0.0110076
-0.0128188
-0.015073
-0.017575
-0.020139
-0.0226126
-0.0248709
-0.0268259
-0.028422
-0.029629
-0.0304363
-0.030853
-0.0309072
-0.0306442
-0.030121
-0.0293975
-0.0285293
-0.0275631
-0.026535
-0.0254725
-0.0243958
-0.023321
-0.0222606
-0.0212242
-0.0202185
-0.019247
-0.0183107
-0.0174091
-0.0165411
-0.015706
-0.0149035
-0.0141339
-0.0133973
-0.0126938
-0.0120228
-0.0113833
-0.0107741
-0.0101938
-0.00964148
-0.00911591
-0.0086162
-0.00814144
-0.00769069
-0.007263
-0.00685744
-0.00647307
-0.00610901
-0.00576439
-0.00543834
-0.00512993
-0.00483827
-0.00456242
-0.00430156
-0.00405491
-0.00382179
-0.00360158
-0.0033937
-0.00319754
-0.00301252
-0.00283803
-0.00267346
-0.00251826
-0.00237188
-0.00223384
-0.00210369
-0.00198101
-0.00186539
-0.00175646
-0.00165383
-0.00155715
-0.00146608
-0.00138028
-0.00129946
-0.00122333
-0.00115162
-0.00108408
-0.00102047
-0.000960583
-0.000904191
-0.000851096
-0.000801106
-0.000754039
-0.000709724
-0.000667999
-0.000628713
-0.000591725
-0.000556901
-0.000524117
-0.000493256
-0.000464208
-0.000436868
-0.000411138
-0.000386925
-0.00036414
-0.0003427
-0.000322529
-0.000303553
-0.000285706
-0.000268924
-0.000253146
-0.000238314
-0.000224374
-0.000211273
-0.000198958
-0.000187382
-0.000176499
-0.000166265
-0.00015664
-0.000147586
-0.000139069
-0.000131056
-0.000123518
-0.000116427
-0.000109759
690.536
691.64
693.865
697.239
701.76
707.343
713.771
720.666
727.497
733.611
738.311
740.929
740.912
737.884
731.675
722.322
710.042
695.175
678.127
659.31
639.099
617.811
595.695
572.935
549.664
525.975
501.934
477.58
452.926
427.957
402.623
376.853
350.558
323.658
296.104
267.905
239.148
210.001
180.716
151.614
123.056
95.4201
69.0729
44.3476
21.5305
0.85276
-17.5102
-33.4406
-46.8812
-57.8315
-66.3406
-72.5008
-76.4425
-78.3331
-78.3836
-76.8294
-73.9566
-70.0754
-65.5168
-60.6177
-55.7033
-51.07
-46.9673
-43.5811
-41.0228
-39.3246
-38.4428
-38.2678
-38.6385
-39.3577
-40.2113
-40.9857
-41.4839
-41.5408
-41.0338
-39.8937
-38.1061
-35.7118
-32.8
-29.4978
-25.9551
-22.3283
-18.7628
-15.3776
-12.2493
-9.40471
-6.81856
-4.42085
-2.10937
0.233618
2.72439
5.46211
8.51675
11.9218
15.6725
19.7287
24.0223
28.4646
32.9558
37.3915
41.6684
45.6885
49.3597
52.595
55.3101
57.4233
58.8556
59.5347
59.4004
58.4116
56.5518
53.833
50.297
46.0114
41.0687
35.5765
29.6561
23.4299
17.0216
10.5482
4.12123
-2.1561
-8.18336
-13.8643
-19.1005
-23.7957
-27.8538
-31.1805
-33.712
-35.4032
-36.2473
-36.262
-35.5083
-34.0447
-32.0163
-29.4223
-26.6646
-23.1914
-20.096
-16.8432
-13.8205
-11.0195
-8.56821
-6.51279
-4.90185
-3.75018
-3.0522
-2.77632
-2.86952
-3.26117
-3.86804
-4.60125
-5.37114
-6.09377
-6.69583
-7.11926
-7.32374
-7.2877
-7.00697
-6.49259
-5.76646
-4.85717
-3.79548
-2.61064
-1.32802
0.032178
1.45383
2.92338
4.42928
5.95391
7.47673
8.96987
10.3996
11.7253
12.9049
13.8995
14.6793
15.2271
15.54
15.6299
15.5179
15.2325
14.8017
14.2503
13.595
12.8444
11.9979
11.0493
9.98808
8.8067
7.50042
6.07499
4.54313
2.92973
1.26441
-0.414911
-2.07348
-3.67165
-5.17809
-6.55346
-7.76998
-8.80374
-9.64157
-10.2762
-10.7073
-10.94
-10.9797
-10.8401
-10.529
-10.0631
-9.45251
-8.71167
-7.86046
-6.90312
-5.87711
-4.79122
-3.68463
-2.57636
-1.49938
-0.477068
0.467263
1.31558
2.05536
2.68136
3.19331
3.59677
3.90031
4.11411
4.24869
4.31347
4.31556
4.26089
4.15439
3.99965
3.80149
3.56549
3.29814
3.00808
2.70426
2.39624
2.09217
1.7988
1.52026
1.25853
1.01355
0.783755
0.567485
0.362516
0.167816
-0.0172745
-0.192233
-0.355853
-0.506631
-0.642916
-0.763551
-0.867649
-0.954976
-1.02551
-1.07944
-1.11714
-1.13864
-1.14472
-1.13555
-1.11219
-1.07548
-1.02731
-0.969446
-0.905122
-0.837725
-0.771713
-0.710245
-0.657367
-0.613487
-0.582002
-0.558796
-0.547945
-0.54364
-0.546834
-0.553657
-0.563395
-0.573457
-0.582869
-0.589942
-0.594067
-0.594201
-0.590177
-0.581525
-0.568558
-0.551254
-0.530108
-0.505048
-0.476066
-0.442404
-0.403378
-0.357788
-0.30446
-0.243288
-0.174008
-0.0974148
-0.015098
0.0708753
0.157784
0.242796
0.322768
0.395237
0.45802
0.508994
0.547083
0.572337
0.584582
0.58482
0.573903
0.553276
0.524344
0.488755
0.448158
0.404323
0.35901
0.313689
0.269868
0.228742
0.191141
0.157567
0.128067
0.102515
0.0804031
0.0613555
0.0449566
0.0309133
0.019041
0.00921239
0.00138187
-0.00452772
-0.00857342
-0.0109476
-0.011905
-0.0118096
-0.011065
-0.0101154
-0.00942957
-0.00928008
-0.00979835
-0.0109802
-0.0127243
-0.0148737
-0.0172534
-0.0196934
-0.022053
-0.0242145
-0.0260934
-0.0276357
-0.0288108
-0.0296079
-0.0300345
-0.0301162
-0.0298943
-0.0294209
-0.0287511
-0.027937
-0.0270227
-0.0260431
-0.0250247
-0.023988
-0.022949
-0.0219204
-0.0209125
-0.0199321
-0.0189831
-0.0180671
-0.0171837
-0.0163322
-0.0155122
-0.0147235
-0.0139666
-0.0132419
-0.0125493
-0.0118883
-0.0112582
-0.0106576
-0.0100854
-0.00954042
-0.00902176
-0.00852847
-0.00805966
-0.00761443
-0.00719187
-0.00679105
-0.00641109
-0.00605112
-0.00571031
-0.00538779
-0.00508268
-0.00479408
-0.00452109
-0.00426288
-0.0040187
-0.00378789
-0.00356983
-0.00336394
-0.00316966
-0.00298638
-0.00281351
-0.00265046
-0.00249668
-0.00235164
-0.00221486
-0.0020859
-0.00196432
-0.00184974
-0.00174178
-0.00164007
-0.00154424
-0.00145396
-0.00136891
-0.00128878
-0.0012133
-0.0011422
-0.00107523
-0.00101216
-0.00095277
-0.000896849
-0.000844194
-0.000794618
-0.000747939
-0.000703988
-0.000662605
-0.00062364
-0.000586953
-0.000552413
-0.000519895
-0.000489286
-0.000460474
-0.000433356
-0.000407835
-0.000383818
-0.000361217
-0.000339951
-0.000319944
-0.000301122
-0.000283419
-0.000266773
-0.000251123
-0.000236411
-0.000222584
-0.000209587
-0.000197372
-0.000185889
-0.000175092
-0.00016494
-0.000155392
-0.00014641
-0.00013796
-0.000130011
-0.000122532
-0.000115498
-0.000108883
681.359
682.42
684.549
687.756
692.02
697.241
703.202
709.539
715.752
721.239
725.355
727.487
727.125
723.92
717.71
708.522
696.548
682.093
665.526
647.227
627.546
606.784
585.178
562.909
540.11
516.875
493.271
469.339
445.093
420.521
395.584
370.217
344.349
317.912
290.873
263.249
235.128
206.676
178.132
149.797
122.014
95.136
69.5096
45.4504
23.2307
3.0718
-14.8581
-30.4457
-43.635
-54.4238
-62.8578
-69.0251
-73.0514
-75.0989
-75.3698
-74.0934
-71.5417
-68.0111
-63.816
-59.2752
-54.6959
-50.3576
-46.4953
-43.2848
-40.8322
-39.1704
-38.2616
-38.0063
-38.2566
-38.8308
-39.5306
-40.1581
-40.5303
-40.4932
-39.9335
-38.7855
-37.0353
-34.7197
-31.92
-28.7525
-25.3547
-21.87
-18.4318
-15.1489
-12.092
-9.28628
-6.70986
-4.30014
-1.96508
0.401723
2.90562
5.63663
8.65838
12.0013
15.6607
19.5997
23.7547
28.0429
32.3706
36.6389
40.7495
44.6083
48.1262
51.2189
53.8053
55.8067
57.1486
57.7633
57.5952
56.6069
54.7842
52.1396
48.7131
44.5691
39.7953
34.4938
28.7796
22.7697
16.5823
10.3306
4.12265
-1.94089
-7.76183
-13.2463
-18.2992
-22.8281
-26.7425
-29.9555
-32.4072
-34.0566
-34.8972
-34.9466
-34.2616
-32.8979
-30.9926
-28.545
-25.9368
-22.6446
-19.7048
-16.6107
-13.7295
-11.0537
-8.70529
-6.7281
-5.16861
-4.04103
-3.34045
-3.03755
-3.08297
-3.41094
-3.94362
-4.59791
-5.28984
-5.94067
-6.48145
-6.85728
-7.02965
-6.97731
-6.69526
-6.19254
-5.48856
-4.60911
-3.58243
-2.43571
-1.19305
0.125866
1.50476
2.92979
4.38787
5.86178
7.33075
8.76783
10.1409
11.4119
12.5422
13.4958
14.2453
14.7748
15.0812
15.1748
15.0742
14.8053
14.3931
13.8603
13.2225
12.4881
11.6574
10.7257
9.6847
8.52865
7.25456
5.86867
4.38378
2.82341
1.21576
-0.403807
-2.00202
-3.54153
-4.99197
-6.31681
-7.48984
-8.48826
-9.29927
-9.91542
-10.336
-10.5653
-10.6082
-10.4776
-10.1809
-9.73389
-9.14694
-8.43391
-7.61397
-6.69344
-5.70608
-4.6625
-3.59843
-2.53299
-1.49678
-0.512229
0.398751
1.21912
1.93696
2.54691
3.04841
3.44613
3.74769
3.96229
4.09958
4.16826
4.17531
4.1265
4.02683
3.88012
3.69127
3.4658
3.21012
2.93238
2.64105
2.34501
2.05194
1.76817
1.49769
1.24258
1.00301
0.777833
0.565561
0.364475
0.173638
-0.00746575
-0.178374
-0.337997
-0.484996
-0.617869
-0.735578
-0.83728
-0.922737
-0.991903
-1.04494
-1.08223
-1.10377
-1.11041
-1.10236
-1.08069
-1.04627
-1.00097
-0.946531
-0.886055
-0.822641
-0.760459
-0.702342
-0.65211
-0.610078
-0.579556
-0.556588
-0.54528
-0.540041
-0.541916
-0.547236
-0.555397
-0.563928
-0.571928
-0.577775
-0.580878
-0.580236
-0.575665
-0.566705
-0.553606
-0.536309
-0.515219
-0.490235
-0.46132
-0.427789
-0.389031
-0.344002
-0.29174
-0.232009
-0.164851
-0.0909644
-0.0118578
0.0705266
0.153654
0.234889
0.31131
0.380609
0.44075
0.489725
0.526545
0.551183
0.563472
0.564306
0.554481
0.535338
0.508207
0.474649
0.436227
0.394611
0.351513
0.308226
0.266264
0.22673
0.190418
0.157823
0.129024
0.103936
0.0821359
0.0632925
0.0470353
0.0330939
0.0212882
0.011491
0.00364351
-0.00233694
-0.00654308
-0.0091408
-0.0103747
-0.0106047
-0.0101993
-0.00956061
-0.00912707
-0.00914018
-0.00973334
-0.0109149
-0.012602
-0.0146583
-0.016927
-0.0192529
-0.0215065
-0.0235769
-0.0253836
-0.0268742
-0.0280184
-0.0288047
-0.0292396
-0.0293461
-0.0291618
-0.0287344
-0.0281149
-0.0273518
-0.026487
-0.0255538
-0.0245781
-0.0235802
-0.0225761
-0.0215789
-0.020599
-0.0196436
-0.0187171
-0.0178212
-0.016956
-0.0161211
-0.0153161
-0.0145413
-0.0137973
-0.0130844
-0.0124027
-0.0117519
-0.0111311
-0.0105392
-0.00997502
-0.00943758
-0.00892588
-0.00843906
-0.00797626
-0.00753662
-0.00711924
-0.00672324
-0.00634775
-0.00599193
-0.00565498
-0.00533606
-0.00503429
-0.00474881
-0.00447873
-0.00422323
-0.00398157
-0.00375311
-0.00353724
-0.0033334
-0.00314102
-0.00295952
-0.00278832
-0.00262683
-0.00247452
-0.00233085
-0.00219535
-0.00206759
-0.00194716
-0.00183365
-0.00172668
-0.0016259
-0.00153095
-0.00144148
-0.00135719
-0.00127778
-0.00120296
-0.00113249
-0.00106611
-0.00100359
-0.000944718
-0.00088928
-0.00083708
-0.000787929
-0.00074165
-0.000698073
-0.000657042
-0.000618409
-0.000582033
-0.000547785
-0.000515543
-0.000485191
-0.000456623
-0.000429734
-0.000404428
-0.000380613
-0.000358203
-0.000337117
-0.000317277
-0.000298614
-0.000281061
-0.000264554
-0.000249036
-0.000234448
-0.000220736
-0.000207848
-0.000195735
-0.000184348
-0.000173641
-0.000163573
-0.000154103
-0.000145196
-0.000136816
-0.000128932
-0.000121515
-0.000114539
-0.000107978
672.107
673.123
675.153
678.193
682.205
687.08
692.597
698.41
704.049
708.954
712.531
714.215
713.536
710.169
703.961
694.93
683.243
669.177
653.068
635.266
616.097
595.844
574.736
552.95
530.617
507.832
484.663
461.151
437.314
413.143
388.605
363.648
338.21
312.24
285.714
258.659
231.164
203.39
175.565
147.975
120.941
94.7962
69.8673
46.4534
24.8136
5.15944
-12.3478
-27.5992
-40.5401
-51.1669
-59.5224
-65.6906
-69.7925
-71.9852
-72.4625
-71.4466
-69.197
-65.9966
-62.1437
-57.9404
-53.6771
-49.6174
-45.9829
-42.94
-40.5902
-38.9666
-38.0367
-37.7105
-37.8523
-38.2946
-38.8542
-39.3472
-39.6041
-39.4815
-38.8738
-37.7195
-36.0049
-33.7629
-31.0679
-28.0262
-24.7639
-21.4123
-18.0939
-14.9084
-11.921
-9.15535
-6.59265
-4.17694
-1.8254
0.558076
3.06888
5.78866
8.77515
12.0559
15.6263
19.4521
23.4738
27.6143
31.7852
35.8929
39.8439
43.5478
46.9186
49.8749
52.3383
54.2338
55.4906
56.0453
55.8467
54.8607
53.0751
50.5027
47.182
43.1745
38.5631
33.4451
27.9294
22.1279
16.1539
10.1165
4.1205
-1.7362
-7.35767
-12.6525
-17.5289
-21.8985
-25.6754
-28.7797
-31.155
-32.764
-33.6003
-33.6825
-33.0617
-31.7921
-30.0031
-27.6943
-25.2277
-22.1072
-19.3153
-16.3719
-13.6256
-11.0692
-8.81913
-6.91705
-5.4074
-4.30386
-3.60219
-3.2752
-3.277
-3.54626
-4.01022
-4.59119
-5.21052
-5.7943
-6.27771
-6.60878
-6.75073
-6.68274
-6.39903
-5.90695
-5.22361
-4.37232
-3.37895
-2.26885
-1.06487
0.213791
1.55086
2.93213
4.3437
5.76833
7.18532
8.56862
9.8876
11.1068
12.1902
13.1049
13.8255
14.3371
14.6366
14.7329
14.6425
14.3884
13.9935
13.4784
12.8578
12.1396
11.325
10.4109
9.39067
8.26021
7.01806
5.6709
4.23157
2.72235
1.1701
-0.392092
-1.93241
-3.41565
-4.8125
-6.08892
-7.22014
-8.18443
-8.96938
-9.56743
-9.97749
-10.2032
-10.2489
-10.1268
-9.84394
-9.41516
-8.851
-8.16495
-7.37532
-6.49017
-5.54008
-4.53705
-3.51378
-2.48932
-1.49216
-0.543826
0.335097
1.12847
1.82493
2.41904
2.90997
3.3016
3.60071
3.81559
3.95511
4.02734
4.03902
3.99583
3.90276
3.76382
3.58396
3.36862
3.1241
2.85813
2.5787
2.29413
2.01161
1.73713
1.47456
1.22602
0.991881
0.771581
0.563217
0.366063
0.179098
0.00193326
-0.165018
-0.320758
-0.464097
-0.593668
-0.708531
-0.807893
-0.891515
-0.959338
-1.0115
-1.04838
-1.06995
-1.07715
-1.07019
-1.05014
-1.01793
-0.975365
-0.924165
-0.867303
-0.807619
-0.749019
-0.694048
-0.646317
-0.606048
-0.576479
-0.553792
-0.542098
-0.536037
-0.536704
-0.540656
-0.547355
-0.554462
-0.561142
-0.565838
-0.567977
-0.5666
-0.561509
-0.552251
-0.539019
-0.521726
-0.500697
-0.475809
-0.447001
-0.413656
-0.375234
-0.330823
-0.279608
-0.221359
-0.156267
-0.0849837
-0.0089406
0.0700352
0.149582
0.227242
0.300302
0.366598
0.424221
0.471285
0.506876
0.530899
0.543199
0.544568
0.535754
0.518001
0.492567
0.460925
0.424563
0.385057
0.344089
0.302706
0.262525
0.224521
0.189463
0.157833
0.129741
0.105137
0.0836711
0.0650541
0.0489561
0.0351287
0.0233979
0.0136371
0.0057772
-0.000269493
-0.00461566
-0.00742917
-0.0089128
-0.00944417
-0.00934996
-0.00899621
-0.00879552
-0.00896206
-0.0096291
-0.0108154
-0.0124545
-0.014428
-0.0165959
-0.0188171
-0.0209721
-0.0229569
-0.0246952
-0.0261363
-0.0272502
-0.0280255
-0.0284671
-0.0285959
-0.028446
-0.0280613
-0.0274887
-0.0267738
-0.025956
-0.0250673
-0.0241329
-0.0231727
-0.0222027
-0.0212363
-0.020284
-0.0193534
-0.0184492
-0.0175733
-0.0167262
-0.0159078
-0.0151179
-0.0143571
-0.0136258
-0.0129248
-0.0122541
-0.0116135
-0.0110021
-0.0104189
-0.00986289
-0.00933299
-0.0088283
-0.00834801
-0.00789128
-0.00745728
-0.00704515
-0.00665402
-0.00628305
-0.00593145
-0.00559842
-0.00528315
-0.00498479
-0.00470248
-0.00443535
-0.00418261
-0.00394353
-0.00371747
-0.00350384
-0.00330209
-0.00311166
-0.00293198
-0.00276247
-0.00260258
-0.00245176
-0.00230949
-0.00217532
-0.00204879
-0.00192952
-0.0018171
-0.00171116
-0.00161133
-0.00151727
-0.00142864
-0.00134513
-0.00126645
-0.00119233
-0.0011225
-0.00105672
-0.000994772
-0.000936429
-0.000881489
-0.000829755
-0.000781042
-0.000735173
-0.000691983
-0.000651314
-0.000613021
-0.000576965
-0.000543018
-0.000511059
-0.000480974
-0.000452656
-0.000426003
-0.000400919
-0.000377313
-0.000355099
-0.000334196
-0.00031453
-0.000296031
-0.000278631
-0.000262269
-0.000246885
-0.000232425
-0.000218832
-0.000206057
-0.000194048
-0.000182759
-0.000172145
-0.000162164
-0.000152776
-0.000143944
-0.000135636
-0.00012782
-0.000120467
-0.000113551
-0.000107046
662.784
663.753
665.683
668.557
672.324
676.865
681.963
687.284
692.387
696.753
699.832
701.104
700.134
696.62
690.417
681.534
670.12
656.424
640.752
623.425
604.749
584.991
564.37
543.058
521.185
498.845
476.108
453.016
429.588
405.82
381.687
357.143
332.14
306.638
280.624
254.131
227.251
200.14
173.015
146.147
119.838
94.4023
70.1487
47.3603
26.2836
7.12079
-9.97381
-24.8955
-37.5909
-48.0553
-56.329
-62.4921
-66.6611
-68.9876
-69.6577
-68.8861
-66.9204
-64.0304
-60.4998
-56.6144
-52.649
-48.8525
-45.4341
-42.5512
-40.301
-38.7171
-37.7716
-37.383
-37.4274
-37.75
-38.1817
-38.552
-38.7035
-38.5031
-37.8521
-36.693
-35.0123
-32.8395
-30.2423
-27.3182
-24.1826
-20.9559
-17.7505
-14.6579
-11.7382
-9.01368
-6.46825
-4.05197
-1.69036
0.70332
3.21539
5.91982
8.86893
12.0875
15.571
19.2872
23.1809
27.1796
31.2
35.1537
38.9514
42.5065
45.7364
48.562
50.9083
52.7032
53.8798
54.3788
54.1527
53.1705
51.422
48.92
45.7017
41.8257
37.3706
32.4291
27.1046
21.5041
15.7361
9.90587
4.11493
-1.54174
-6.97038
-12.0822
-16.7887
-21.0053
-24.6507
-27.6509
-29.9531
-31.5229
-32.3549
-32.4664
-31.9063
-30.7255
-29.0465
-26.869
-24.5367
-21.5792
-18.9276
-16.1277
-13.5097
-11.0674
-8.91125
-7.0813
-5.61993
-4.54037
-3.839
-3.49088
-3.45244
-3.66786
-4.06823
-4.58113
-5.13287
-5.65409
-6.08378
-6.3728
-6.48602
-6.40303
-6.11746
-5.63512
-4.97108
-4.14637
-3.18476
-2.10986
-0.943349
0.296117
1.59232
2.93077
4.29701
5.67379
7.04062
8.37231
9.6397
10.8096
11.8486
12.7263
13.4192
13.9134
14.2058
14.3038
14.2222
13.9817
13.6029
13.1047
12.5007
11.7988
11.0008
10.1047
9.10562
8.00092
6.79041
5.48118
4.08605
2.62619
1.12721
-0.379867
-1.86463
-3.29389
-4.6394
-5.8694
-6.96041
-7.89176
-8.65137
-9.2317
-9.63128
-9.85325
-9.9015
-9.78729
-9.51769
-9.1065
-8.56436
-7.90444
-7.14419
-6.29307
-5.37891
-4.41474
-3.43063
-2.44541
-1.48566
-0.57209
0.276001
1.04329
1.71892
2.29741
2.77769
3.16294
3.45918
3.67387
3.81518
3.8906
3.90662
3.86879
3.78208
3.65065
3.47945
3.27385
3.04003
2.7853
2.51723
2.24363
1.97126
1.70578
1.45094
1.2089
0.980211
0.764348
0.560449
0.367278
0.184187
0.0109141
-0.152161
-0.304128
-0.443914
-0.570288
-0.682379
-0.779456
-0.861279
-0.92778
-0.979083
-1.01555
-1.03715
-1.0449
-1.03899
-1.02051
-0.990401
-0.950449
-0.902316
-0.848851
-0.792662
-0.737418
-0.685399
-0.640034
-0.601449
-0.572822
-0.550444
-0.538439
-0.53165
-0.531223
-0.53392
-0.53927
-0.545054
-0.5505
-0.554116
-0.55535
-0.553279
-0.547693
-0.538149
-0.524787
-0.507498
-0.486537
-0.461765
-0.433102
-0.399993
-0.361965
-0.318218
-0.268057
-0.211297
-0.148215
-0.0794365
-0.00631882
0.0694172
0.145569
0.219845
0.28972
0.353165
0.408396
0.453631
0.48803
0.511444
0.523722
0.525573
0.517695
0.501242
0.477404
0.447573
0.413162
0.375653
0.336579
0.297139
0.258666
0.222135
0.188294
0.157614
0.130233
0.106128
0.0850163
0.0666451
0.0507225
0.0370206
0.0253729
0.0156541
0.00778703
0.00167993
-0.00279306
-0.00580383
-0.00751603
-0.0083275
-0.00851681
-0.00842752
-0.0084401
-0.00875095
-0.00949029
-0.0106855
-0.0122842
-0.0141842
-0.0162607
-0.0183855
-0.0204488
-0.0223533
-0.0240267
-0.0254205
-0.0265052
-0.027269
-0.027716
-0.0278648
-0.0277465
-0.0274012
-0.0268726
-0.0262031
-0.02543
-0.0245839
-0.0236893
-0.0227656
-0.021829
-0.0208927
-0.0199677
-0.0190616
-0.0181794
-0.0173234
-0.0164944
-0.0156924
-0.0149177
-0.0141707
-0.0134524
-0.0127632
-0.0121036
-0.0114731
-0.0108712
-0.0102969
-0.00974899
-0.00922668
-0.00872906
-0.00825534
-0.00780474
-0.00737644
-0.00696961
-0.00658341
-0.00621703
-0.00586971
-0.00554066
-0.00522909
-0.0049342
-0.00465511
-0.00439099
-0.00414105
-0.00390459
-0.00368097
-0.00346962
-0.00327
-0.00308156
-0.00290374
-0.00273597
-0.00257771
-0.00242841
-0.00228758
-0.00215476
-0.0020295
-0.00191141
-0.00180011
-0.00169522
-0.00159637
-0.00150323
-0.00141545
-0.00133275
-0.00125482
-0.0011814
-0.00111223
-0.00104707
-0.000985702
-0.000927904
-0.000873475
-0.000822221
-0.000773958
-0.000728512
-0.000685718
-0.000645422
-0.000607479
-0.000571752
-0.000538115
-0.000506447
-0.000476636
-0.000448575
-0.000422165
-0.000397308
-0.000373916
-0.000351904
-0.000331191
-0.000311704
-0.000293372
-0.00027613
-0.000259916
-0.000244672
-0.000230342
-0.000216873
-0.000204212
-0.000192312
-0.000181124
-0.000170605
-0.000160713
-0.000151409
-0.000142656
-0.000134422
-0.000126676
-0.000119388
-0.000112533
-0.000106086
653.393
654.315
656.144
658.854
662.382
666.604
671.305
676.165
680.77
684.636
687.255
688.147
686.91
683.263
677.068
668.327
657.173
643.828
628.572
611.702
593.502
574.225
554.08
533.234
511.814
489.916
467.608
444.934
421.916
398.553
374.827
350.7
326.135
301.102
275.598
249.661
223.385
196.922
170.478
144.311
118.704
93.9557
70.3565
48.1748
27.6452
8.96073
-7.73086
-22.329
-34.7817
-45.0837
-53.2725
-59.4247
-63.6525
-66.1019
-66.9516
-66.4088
-64.7097
-62.1116
-58.8842
-55.2983
-51.6138
-48.0659
-44.8523
-42.1223
-39.9688
-38.4256
-37.4694
-37.0266
-36.9831
-37.1976
-37.5129
-37.7713
-37.8269
-37.5555
-36.8657
-35.7033
-34.0549
-31.9472
-29.4418
-26.6278
-23.6109
-20.5016
-17.403
-14.3991
-11.5453
-8.86281
-6.33784
-3.92586
-1.55999
0.83805
3.34627
6.03163
8.94142
12.0979
15.4963
19.1066
22.8769
26.7393
30.6154
34.4212
38.0718
41.4843
44.5788
47.2795
49.514
51.2135
52.3147
52.7619
52.5111
51.5342
49.8225
47.3892
44.2699
40.5207
36.2163
31.4447
26.3044
20.8977
15.3286
9.69856
4.10611
-1.3572
-6.59946
-11.5347
-16.0776
-20.1472
-23.6667
-26.5671
-28.7991
-30.3311
-31.1582
-31.2968
-30.7936
-29.6964
-28.1214
-26.0683
-23.8633
-21.0603
-18.5421
-15.8785
-13.3828
-11.049
-8.98305
-7.22238
-5.80781
-4.75214
-4.05237
-3.6853
-3.6109
-3.77646
-4.11804
-4.56777
-5.05662
-5.5195
-5.89896
-6.14851
-6.2346
-6.13731
-5.84974
-5.37636
-4.73042
-3.93089
-2.99959
-1.95854
-0.828296
0.373013
1.62931
2.92593
4.24802
5.57838
6.89679
8.17894
9.39706
10.52
11.5169
12.3593
13.0257
13.503
13.7879
13.887
13.8131
13.585
13.2212
12.7391
12.1513
11.4656
10.6845
9.80675
8.82922
7.75035
6.57115
5.29904
3.94681
2.53461
1.08687
-0.367228
-1.79866
-3.17611
-4.47242
-5.65788
-6.7102
-7.60974
-8.34475
-8.90775
-9.29695
-9.51506
-9.56545
-9.45879
-9.20182
-8.80761
-8.28672
-7.65207
-6.9203
-6.10188
-5.22236
-4.29546
-3.34893
-2.40132
-1.47741
-0.597239
0.221184
0.963258
1.61859
2.1817
2.65128
3.0299
3.3229
3.53701
3.67969
3.75797
3.77802
3.7453
3.66472
3.54052
3.37766
3.18143
2.95783
2.71385
2.45665
2.19355
1.93094
1.67418
1.4269
1.1913
0.968062
0.756866
0.55729
0.368117
0.188899
0.0194727
-0.139805
-0.288096
-0.424433
-0.5477
-0.657094
-0.751939
-0.831996
-0.897197
-0.94765
-0.983727
-1.00534
-1.01361
-1.00872
-0.991754
-0.963658
-0.926187
-0.880956
-0.830685
-0.777776
-0.725676
-0.676433
-0.633305
-0.596329
-0.568628
-0.546584
-0.534337
-0.5269
-0.525493
-0.527038
-0.531142
-0.535699
-0.539994
-0.542599
-0.542982
-0.540257
-0.534204
-0.524387
-0.510902
-0.493618
-0.472733
-0.448096
-0.419613
-0.386785
-0.349199
-0.306159
-0.257059
-0.201783
-0.140656
-0.0742895
-0.00396726
0.0686873
0.141619
0.212688
0.279545
0.34028
0.393238
0.436721
0.469966
0.492775
0.505006
0.507288
0.500275
0.485038
0.462702
0.434581
0.402017
0.366403
0.329162
0.291543
0.254701
0.219589
0.186929
0.157184
0.130513
0.106921
0.0861791
0.0680709
0.0523381
0.0387728
0.0272162
0.0175454
0.00967698
0.00351608
-0.00107088
-0.00424824
-0.00619549
-0.00725407
-0.00770276
-0.0078567
-0.0080654
-0.00851159
-0.00932119
-0.0105285
-0.0120933
-0.013928
-0.0159217
-0.0179579
-0.0199361
-0.0217651
-0.0233772
-0.0247257
-0.025782
-0.0265342
-0.0269853
-0.027152
-0.0270626
-0.0267538
-0.0262663
-0.0256396
-0.024909
-0.0241038
-0.0232475
-0.0223593
-0.0214552
-0.0205485
-0.0196502
-0.0187683
-0.0179079
-0.0170717
-0.0162607
-0.0154751
-0.0147155
-0.0139825
-0.013277
-0.0125998
-0.0119512
-0.011331
-0.0107386
-0.010173
-0.00963336
-0.00911869
-0.00862819
-0.0081611
-0.00771667
-0.00729413
-0.00689266
-0.00651144
-0.00614971
-0.00580671
-0.0054817
-0.0051739
-0.00488251
-0.0046067
-0.00434563
-0.00409855
-0.00386475
-0.00364363
-0.00343461
-0.00323716
-0.00305075
-0.00287482
-0.00270883
-0.00255223
-0.00240449
-0.00226513
-0.00213368
-0.00200972
-0.00189285
-0.00178268
-0.00167886
-0.00158102
-0.00148881
-0.00140191
-0.00132003
-0.00124287
-0.00117017
-0.00110168
-0.00103716
-0.000976386
-0.000919147
-0.000865242
-0.00081448
-0.000766679
-0.000721666
-0.00067928
-0.000639366
-0.000601783
-0.000566395
-0.000533075
-0.000501707
-0.000472177
-0.000444381
-0.000418219
-0.000393597
-0.000370425
-0.00034862
-0.000328102
-0.000308798
-0.000290639
-0.000273559
-0.000257498
-0.000242397
-0.000228201
-0.000214858
-0.000202316
-0.000190526
-0.000179443
-0.000169022
-0.000159221
-0.000150003
-0.000141331
-0.000133173
-0.000125498
-0.000118278
-0.000111486
-0.000105099
643.937
644.811
646.54
649.088
652.386
656.303
660.628
665.055
669.196
672.599
674.794
675.336
673.855
670.088
663.904
655.301
644.393
631.383
616.526
600.095
582.356
563.547
543.867
523.478
502.505
481.044
459.162
436.905
414.297
391.342
368.024
344.318
320.193
295.629
270.632
245.246
219.564
193.733
167.953
142.466
117.541
93.4581
70.4931
48.9003
28.9025
10.6839
-5.61393
-19.8945
-32.1074
-42.2467
-50.3477
-56.4836
-60.7621
-63.324
-64.3407
-64.0119
-62.5628
-60.2391
-57.2968
-53.993
-50.5733
-47.2603
-44.2411
-41.657
-39.5972
-38.0957
-37.1331
-36.6432
-36.5215
-36.6381
-36.8477
-37.0044
-36.9723
-36.6369
-35.9123
-34.7479
-33.1306
-31.0843
-28.665
-25.9541
-23.0487
-20.0499
-17.0524
-14.1334
-11.3439
-8.70417
-6.20248
-3.7992
-1.43428
0.962818
3.46257
6.12547
8.99423
12.0886
15.4039
18.9115
22.5629
26.2944
30.0318
33.6957
37.2051
40.4805
43.4454
46.0266
48.1545
49.7635
50.7936
51.1926
50.9198
49.9495
48.2745
45.9082
42.8847
39.2578
35.0985
30.4906
25.5279
20.3082
14.9311
9.49451
4.09434
-1.18231
-6.2444
-11.0092
-15.3946
-19.3229
-22.7217
-25.5265
-27.691
-29.1862
-30.0078
-30.1715
-29.7216
-28.7032
-27.2265
-25.2912
-23.2069
-20.5505
-18.159
-15.6251
-13.2457
-11.0158
-9.03587
-7.34178
-5.97258
-4.94069
-4.24369
-3.86018
-3.75283
-3.87274
-4.16001
-4.55116
-4.98155
-5.39004
-5.72256
-5.9351
-5.99564
-5.88475
-5.59512
-5.13005
-4.50113
-3.72548
-2.82314
-1.81465
-0.719536
0.444652
1.66201
2.91782
4.19694
5.48228
6.75397
7.98855
9.15958
10.2378
11.1945
12.0035
12.6444
13.1053
13.3826
13.482
13.4149
13.198
12.8483
12.3815
11.8096
11.1401
10.3759
9.51694
8.56112
7.50809
6.35982
5.12406
3.81347
2.44731
1.0489
-0.354262
-1.73448
-3.06218
-4.3113
-5.45401
-6.46911
-7.33793
-8.04907
-8.59512
-8.97404
-9.18818
-9.24044
-9.1409
-8.89599
-8.51814
-8.01776
-7.40754
-6.70334
-5.9164
-5.07025
-4.1791
-3.26866
-2.35709
-1.46754
-0.619477
0.170384
0.888083
1.52365
2.07162
2.53047
2.90227
3.19171
3.40484
3.54854
3.62934
3.65314
3.62527
3.55057
3.43334
3.27851
3.09127
2.87747
2.64376
2.39695
2.14392
1.89071
1.6424
1.40251
1.17326
0.955477
0.749069
0.553753
0.368586
0.193231
0.0276065
-0.127947
-0.272654
-0.405635
-0.525882
-0.632648
-0.725311
-0.803638
-0.867557
-0.917171
-0.952858
-0.974486
-0.983268
-0.979353
-0.963829
-0.937659
-0.902547
-0.860061
-0.812794
-0.762965
-0.713814
-0.667182
-0.626171
-0.590732
-0.563941
-0.542254
-0.52982
-0.521817
-0.519525
-0.520016
-0.522974
-0.526393
-0.529615
-0.531275
-0.530861
-0.527521
-0.521029
-0.510952
-0.497352
-0.480079
-0.459279
-0.434797
-0.406525
-0.374017
-0.336914
-0.294602
-0.246584
-0.19278
-0.133557
-0.0695121
-0.00186283
0.0678587
0.137733
0.205761
0.269754
0.327918
0.378708
0.420515
0.452644
0.474854
0.487014
0.489681
0.483468
0.469369
0.448447
0.421939
0.391122
0.357311
0.321832
0.285931
0.250646
0.216897
0.185384
0.156558
0.130595
0.107525
0.087167
0.0693368
0.053807
0.0403885
0.028931
0.0193144
0.0114509
0.00524331
0.000554619
-0.00277676
-0.00493511
-0.00622149
-0.00690807
-0.00728617
-0.00767545
-0.00824826
-0.00912572
-0.0103476
-0.0118842
-0.0136609
-0.0155792
-0.017534
-0.019433
-0.0211914
-0.0227454
-0.0240507
-0.0250795
-0.0258199
-0.0262741
-0.0264568
-0.0263937
-0.0261189
-0.0256697
-0.0250834
-0.0243933
-0.0236271
-0.0228078
-0.0219539
-0.0210814
-0.0202037
-0.0193317
-0.0184737
-0.017635
-0.0168184
-0.0160252
-0.015256
-0.0145114
-0.0137923
-0.0130997
-0.0124345
-0.0117969
-0.011187
-0.0106042
-0.0100475
-0.00951605
-0.00900906
-0.00852571
-0.0080653
-0.00762711
-0.00721037
-0.00681431
-0.00643814
-0.00608111
-0.00574249
-0.00542157
-0.00511759
-0.00482976
-0.00455727
-0.00429931
-0.00405513
-0.00382404
-0.00360545
-0.0033988
-0.00320357
-0.00301922
-0.00284523
-0.00268105
-0.00252615
-0.00238
-0.00224214
-0.00211209
-0.00198945
-0.00187382
-0.00176482
-0.0016621
-0.00156528
-0.00147403
-0.00138802
-0.00130698
-0.00123061
-0.00115866
-0.00109086
-0.00102699
-0.000966825
-0.000910159
-0.000856792
-0.000806534
-0.000759207
-0.000714639
-0.00067267
-0.00063315
-0.000595935
-0.000560894
-0.000527901
-0.00049684
-0.000467599
-0.000440074
-0.000414168
-0.000389786
-0.000366841
-0.000345248
-0.000324931
-0.000305815
-0.000287832
-0.000270919
-0.000255014
-0.00024006
-0.000226002
-0.000212789
-0.000200368
-0.000188692
-0.000177716
-0.000167395
-0.000157688
-0.000148559
-0.00013997
-0.000131891
-0.000124289
-0.000117138
-0.000110411
-0.000104085
634.42
635.246
636.875
639.266
642.341
645.967
649.937
653.959
657.667
660.641
662.444
662.665
660.961
657.087
650.917
642.446
631.775
619.086
604.611
588.603
571.31
552.955
533.729
513.79
493.258
472.229
450.771
428.929
406.731
384.184
361.278
337.994
314.31
290.216
265.723
240.881
215.782
190.571
165.438
140.612
116.348
92.9107
70.5611
49.54
30.0593
12.2948
-3.61819
-17.5871
-29.563
-39.5394
-47.5498
-53.6641
-57.9857
-60.65
-61.8217
-61.6926
-60.4779
-58.4118
-55.7377
-52.6993
-49.5294
-46.4384
-43.6033
-41.1586
-39.1897
-37.7306
-36.7656
-36.2351
-36.0437
-36.0721
-36.1859
-36.25
-36.1387
-35.7452
-34.9896
-33.8246
-32.2373
-30.2489
-27.9105
-25.2966
-22.4959
-19.6014
-16.6997
-13.862
-11.1354
-8.53902
-6.06313
-3.6725
-1.31325
1.07813
3.56522
6.20263
9.02881
12.0613
15.295
18.7031
22.2399
25.8454
29.4496
32.9772
36.351
39.495
42.3356
44.8024
46.8287
48.3519
49.3151
49.6694
49.3769
48.4144
46.7759
44.4748
41.5442
38.0354
34.0159
29.5658
24.7742
19.7349
14.5433
9.29361
4.07772
-1.01677
-5.90472
-10.505
-14.7387
-18.5312
-21.8141
-24.527
-26.6267
-28.0862
-28.9018
-29.0887
-28.6886
-27.7445
-26.3606
-24.5368
-22.5668
-20.0496
-17.7785
-15.3679
-13.0994
-10.9686
-9.07095
-7.44087
-6.11567
-5.10742
-4.41428
-4.01646
-3.87934
-3.95736
-4.1945
-4.53138
-4.90743
-5.26527
-5.55395
-5.73183
-5.76835
-5.64458
-5.3529
-4.89557
-4.2827
-3.52975
-2.65513
-1.67799
-0.616883
0.511207
1.69062
2.90662
4.14396
5.38566
6.61226
7.80115
8.92714
9.9628
10.8813
11.6582
12.2748
12.7196
12.9892
13.0883
13.0272
12.8206
12.484
12.032
11.4756
10.8222
10.0751
9.23499
8.30103
7.27376
6.15604
4.95581
3.68566
2.364
1.0131
-0.341051
-1.67207
-2.95198
-4.15582
-5.25747
-6.23674
-7.0759
-7.76386
-8.29337
-8.66212
-8.8722
-8.9261
-8.83326
-8.59988
-8.23779
-7.75721
-7.17057
-6.49306
-5.73638
-4.92239
-4.06555
-3.18977
-2.31279
-1.45616
-0.639
0.123358
0.817485
1.4338
1.96688
2.41502
2.77983
3.06541
3.27724
3.42161
3.50462
3.5319
3.50861
3.43955
3.32903
3.18192
3.0033
2.7989
2.57502
2.33815
2.09478
1.85061
1.61049
1.37782
1.15484
0.942486
0.740882
0.549846
0.368689
0.197183
0.0353154
-0.116582
-0.257789
-0.387505
-0.50481
-0.609014
-0.699544
-0.776173
-0.838832
-0.887615
-0.922791
-0.944678
-0.953822
-0.950841
-0.9367
-0.912367
-0.879498
-0.839607
-0.795167
-0.748231
-0.701848
-0.657675
-0.618668
-0.584699
-0.558798
-0.537485
-0.52492
-0.516421
-0.513335
-0.512864
-0.514767
-0.517133
-0.519357
-0.520135
-0.518975
-0.515059
-0.508153
-0.497834
-0.484128
-0.466872
-0.44617
-0.42186
-0.393829
-0.361677
-0.325091
-0.283519
-0.236601
-0.184257
-0.126885
-0.0650763
1.56621e-05
0.0669435
0.133914
0.199055
0.26033
0.316051
0.364772
0.404977
0.436025
0.457645
0.469713
0.472723
0.467248
0.454213
0.43462
0.409637
0.380473
0.348374
0.314585
0.280315
0.246513
0.214075
0.183675
0.155749
0.130491
0.10795
0.0879875
0.0704482
0.0551333
0.0418711
0.0305205
0.0209646
0.0131127
0.0068657
0.00208686
-0.00138542
-0.00373401
-0.00522957
-0.00613398
-0.00671822
-0.00727386
-0.00796486
-0.00890746
-0.0101456
-0.0116588
-0.0133839
-0.0152339
-0.0171138
-0.0189392
-0.0206312
-0.0221304
-0.0233945
-0.0243967
-0.0251252
-0.0255814
-0.0257783
-0.0257395
-0.025496
-0.0250827
-0.0245345
-0.0238828
-0.023154
-0.0223702
-0.0215497
-0.020708
-0.0198585
-0.0190124
-0.0181779
-0.0173606
-0.0165634
-0.015788
-0.0150351
-0.0143056
-0.0136004
-0.0129207
-0.0122674
-0.0116409
-0.0110413
-0.010468
-0.00992022
-0.00939709
-0.00889781
-0.00842168
-0.00796799
-0.00753607
-0.00712519
-0.00673459
-0.00636352
-0.00601124
-0.00567707
-0.00536028
-0.00506017
-0.00477595
-0.00450683
-0.00425203
-0.00401079
-0.00378246
-0.00356645
-0.00336221
-0.00316924
-0.002987
-0.00281498
-0.00265265
-0.00249947
-0.00235495
-0.00221861
-0.00209
-0.00196871
-0.00185434
-0.00174654
-0.00164493
-0.00154916
-0.00145888
-0.00137379
-0.00129361
-0.00121805
-0.00114685
-0.00107976
-0.00101656
-0.000957022
-0.000900943
-0.000848127
-0.000798386
-0.000751544
-0.000707432
-0.000665892
-0.000626773
-0.000589937
-0.000555252
-0.000522594
-0.000491847
-0.000462902
-0.000435657
-0.000410012
-0.000385877
-0.000363163
-0.000341789
-0.000321676
-0.000302754
-0.000284953
-0.00026821
-0.000252465
-0.000237662
-0.000223746
-0.000210665
-0.000198369
-0.00018681
-0.000175943
-0.000165725
-0.000156115
-0.000147076
-0.000138573
-0.000130574
-0.000123048
-0.000115967
-0.000109308
-0.000103044
624.845
625.623
627.155
629.392
632.252
635.601
639.236
642.878
646.184
648.759
650.201
650.128
648.22
644.25
638.099
629.757
619.313
606.93
592.822
577.222
560.361
542.448
523.668
504.17
484.074
463.472
442.434
421.007
399.218
377.08
354.587
331.726
308.485
284.859
260.868
236.563
212.038
187.433
162.93
138.747
115.125
92.315
70.5627
50.097
31.1195
13.7977
-1.73903
-15.4018
-27.1434
-36.9571
-44.8743
-50.9618
-55.3191
-58.0762
-59.391
-59.4487
-58.4531
-56.6287
-54.2067
-51.4181
-48.4837
-45.6024
-42.9421
-40.6305
-38.7495
-37.3333
-36.3694
-35.8044
-35.5514
-35.5001
-35.5274
-35.5075
-35.3244
-34.8786
-34.0958
-32.9314
-31.3731
-29.4396
-27.1774
-24.6546
-21.9526
-19.1564
-16.3459
-13.5861
-10.921
-8.3685
-5.92066
-3.5462
-1.19687
1.18448
3.65513
6.2643
9.04655
12.0172
15.171
18.4825
21.9087
25.3929
28.8691
32.2658
35.5095
38.5274
41.2488
43.6063
45.5358
46.9775
47.8777
48.1904
47.8805
46.9268
45.3245
43.0872
40.2466
36.8517
32.9672
28.6691
24.0426
19.1773
14.1648
9.09586
4.05867
-0.860219
-5.57992
-10.0215
-14.1088
-17.7709
-20.9424
-23.5671
-25.6042
-27.029
-27.8382
-28.0463
-27.6929
-26.8187
-25.5225
-23.8043
-21.9427
-19.5575
-17.4007
-15.1074
-12.9446
-10.9083
-9.08951
-7.52096
-6.23842
-5.25366
-4.56536
-4.15527
-3.99128
-4.0309
-4.22183
-4.50848
-4.83409
-5.14479
-5.39257
-5.53802
-5.55199
-5.41608
-5.1224
-4.67233
-4.07466
-3.34333
-2.49525
-1.54833
-0.520145
0.572854
1.71528
2.89252
4.08924
5.28865
6.47174
7.61673
8.69963
9.69463
10.5766
11.323
11.9162
12.3454
12.6073
12.7057
12.6496
12.4525
12.1283
11.6903
11.149
10.5116
9.78169
8.96066
8.04864
7.04702
5.9594
4.79393
3.56305
2.28443
0.979324
-0.327668
-1.61139
-2.84539
-4.00576
-5.06795
-6.01271
-6.82323
-7.48871
-8.00208
-8.3608
-8.5667
-8.62208
-8.53554
-8.31317
-7.96625
-7.50479
-6.94089
-6.28918
-5.56163
-4.77862
-3.95472
-3.11225
-2.26845
-1.44336
-0.655996
0.0798762
0.751201
1.34877
1.86721
2.30468
2.66236
2.94385
3.15407
3.29879
3.38372
3.4142
3.39525
3.33159
3.2275
3.0878
2.91747
2.72206
2.50759
2.28024
2.04613
1.81068
1.57851
1.3529
1.13608
0.929125
0.732312
0.545581
0.36843
0.200755
0.0426008
-0.105706
-0.243493
-0.370024
-0.484463
-0.586168
-0.674611
-0.749575
-0.810992
-0.858958
-0.893688
-0.915691
-0.925239
-0.923152
-0.910333
-0.887751
-0.85701
-0.819573
-0.777795
-0.733578
-0.689797
-0.64794
-0.610832
-0.578267
-0.553236
-0.532314
-0.519662
-0.510734
-0.506937
-0.505589
-0.506523
-0.507915
-0.509213
-0.50917
-0.507313
-0.502858
-0.495566
-0.485021
-0.47122
-0.453989
-0.433396
-0.409278
-0.381513
-0.349747
-0.313705
-0.272888
-0.227082
-0.176181
-0.120611
-0.0609562
0.00168773
0.0659528
0.130161
0.192562
0.251254
0.304652
0.351403
0.390072
0.420076
0.441114
0.45307
0.456385
0.451592
0.439551
0.421208
0.397664
0.370064
0.33959
0.307417
0.274782
0.242313
0.211136
0.181815
0.154773
0.130213
0.108206
0.0886478
0.0714106
0.0563211
0.0432243
0.031988
0.0224994
0.0146658
0.00838718
0.00352899
-7.078e-05
-0.0025909
-0.00427809
-0.00538163
-0.00615493
-0.00686382
-0.00766488
-0.00866968
-0.00992533
-0.0114192
-0.0130983
-0.0148861
-0.0166971
-0.0184541
-0.0200839
-0.0215313
-0.022756
-0.0237325
-0.0244491
-0.0249064
-0.025116
-0.0250992
-0.0248848
-0.0245052
-0.0239929
-0.0233776
-0.0226846
-0.0219351
-0.0211467
-0.020335
-0.0195132
-0.0186925
-0.0178812
-0.0170849
-0.0163071
-0.0155493
-0.0148126
-0.014098
-0.0134067
-0.0127399
-0.0120985
-0.0114832
-0.0108939
-0.0103302
-0.00979134
-0.00927652
-0.008785
-0.00831611
-0.00786919
-0.0074436
-0.00703862
-0.00665353
-0.00628761
-0.00594014
-0.00561045
-0.00529787
-0.00500167
-0.00472111
-0.00445541
-0.0042038
-0.00396556
-0.00374003
-0.00352664
-0.00332486
-0.00313417
-0.00295409
-0.00278408
-0.00262362
-0.00247221
-0.00232935
-0.00219456
-0.00206741
-0.00194749
-0.00183442
-0.00172783
-0.00162735
-0.00153267
-0.00144337
-0.00135922
-0.00127992
-0.00120519
-0.00113476
-0.0010684
-0.00100588
-0.000946979
-0.000891501
-0.000839249
-0.000790037
-0.000743692
-0.000700047
-0.000658945
-0.000620239
-0.000583791
-0.00054947
-0.000517155
-0.00048673
-0.000458089
-0.000431129
-0.000405753
-0.00038187
-0.000359394
-0.000338243
-0.000318341
-0.000299616
-0.000282001
-0.000265433
-0.000249853
-0.000235204
-0.000221433
-0.000208488
-0.000196319
-0.00018488
-0.000174125
-0.000164012
-0.000154502
-0.000145556
-0.000137141
-0.000129223
-0.000121775
-0.000114767
-0.000108176
-0.000101977
615.215
615.946
617.382
619.47
622.124
625.21
628.529
631.816
634.746
636.953
638.062
637.717
635.625
631.571
625.443
617.226
607
594.912
581.157
565.951
549.508
532.027
513.682
494.617
474.951
454.773
434.152
413.137
391.758
370.028
347.949
325.513
302.715
279.556
256.062
232.288
208.328
184.317
160.429
136.872
113.874
91.6722
70.5001
50.5744
32.0866
15.1966
0.0279757
-13.3341
-24.8441
-34.495
-42.3164
-48.3724
-52.7583
-55.599
-57.0461
-57.2768
-56.4866
-54.8889
-52.7036
-50.1502
-47.4376
-44.7545
-42.2599
-40.0754
-38.2796
-36.9066
-35.947
-35.3531
-35.0454
-34.923
-34.8719
-34.7763
-34.5282
-34.0354
-33.2287
-32.0663
-30.536
-28.6546
-26.4644
-24.0275
-21.4185
-18.7155
-15.9916
-13.3068
-10.7018
-8.19364
-5.77583
-3.42072
-1.08513
1.28229
3.73309
6.31157
9.04857
11.9577
15.0332
18.2508
21.5701
24.9375
28.2906
31.5616
34.6803
37.5772
40.1845
42.4374
44.2746
45.6392
46.48
46.7542
46.4289
45.4849
43.9186
41.7434
38.99
35.7053
31.9509
27.7995
23.3322
18.6349
13.7954
8.90118
4.03733
-0.712335
-5.26952
-9.55784
-13.5042
-17.0406
-20.1051
-22.6449
-24.6218
-26.0128
-26.8151
-27.0426
-26.7329
-25.9245
-24.7112
-23.0928
-21.334
-19.0741
-17.0259
-14.8441
-12.782
-10.836
-9.09272
-7.58326
-6.34211
-5.38067
-4.69811
-4.27762
-4.0894
-4.09403
-4.24235
-4.48254
-4.76136
-5.02822
-5.23789
-5.35302
-5.34587
-5.19855
-4.90298
-4.45978
-3.87654
-3.16584
-2.34323
-1.42543
-0.429131
0.629772
1.73619
2.8757
4.03295
5.1914
6.33251
7.4353
8.47692
9.43309
10.2803
10.9974
11.5682
11.9823
12.2363
12.3336
12.282
12.0935
11.781
11.3565
10.83
10.2084
9.49563
8.69374
7.80366
6.82752
5.76955
4.63807
3.44534
2.20835
0.947401
-0.314182
-1.55243
-2.74228
-3.86089
-4.88515
-5.79669
-6.57952
-7.22321
-7.72083
-8.06968
-8.27125
-8.32809
-8.24739
-8.03553
-7.70322
-7.2602
-6.71826
-6.09147
-5.39194
-4.63877
-3.84651
-3.03605
-2.22415
-1.42918
-0.670648
0.0397262
0.688989
1.2683
1.77237
2.19922
2.54966
2.82684
3.03518
3.17997
3.26652
3.29997
3.2851
3.22659
3.12867
2.99609
2.83371
2.64691
2.44145
2.22323
1.99802
1.77098
1.54649
1.32778
1.11704
0.915427
0.723384
0.540975
0.367815
0.20395
0.0494657
-0.0953122
-0.229753
-0.353176
-0.464819
-0.564084
-0.650485
-0.723816
-0.78401
-0.83117
-0.865494
-0.887517
-0.897484
-0.896253
-0.884694
-0.863779
-0.835058
-0.79994
-0.760669
-0.71901
-0.677675
-0.638001
-0.602692
-0.57147
-0.547289
-0.526769
-0.514073
-0.504777
-0.500344
-0.4982
-0.498244
-0.498739
-0.499178
-0.49837
-0.495865
-0.490907
-0.483256
-0.472502
-0.458618
-0.441423
-0.420952
-0.397041
-0.369568
-0.338216
-0.302737
-0.262664
-0.218
-0.168527
-0.114707
-0.0571281
0.00317103
0.0648964
0.126477
0.186272
0.242509
0.293695
0.338571
0.375768
0.404761
0.425227
0.437056
0.440639
0.436475
0.425363
0.408195
0.386009
0.359891
0.330959
0.300321
0.269096
0.238052
0.208091
0.179818
0.15364
0.129773
0.108301
0.0891551
0.0722295
0.0573748
0.0444517
0.033337
0.0239222
0.0161139
0.00981148
0.00488402
0.00117006
-0.00150446
-0.00336667
-0.00465195
-0.00559826
-0.00644817
-0.00735151
-0.00841539
-0.00968918
-0.0111671
-0.0128053
-0.0145364
-0.0162839
-0.0179773
-0.0195488
-0.0209472
-0.0221344
-0.0230861
-0.0237908
-0.0242484
-0.0244692
-0.0244726
-0.0242851
-0.0239369
-0.0234585
-0.0228779
-0.022219
-0.0215024
-0.0207452
-0.0199626
-0.0191679
-0.018372
-0.0175835
-0.0168081
-0.0160493
-0.015309
-0.0145885
-0.0138888
-0.0132114
-0.0125574
-0.0119281
-0.0113239
-0.0107449
-0.0101908
-0.00966085
-0.00915437
-0.00867065
-0.00820904
-0.00776893
-0.00734971
-0.00695068
-0.00657116
-0.00621043
-0.00586782
-0.00554267
-0.00523433
-0.0049421
-0.00466525
-0.00440301
-0.00415464
-0.00391944
-0.00369675
-0.00348603
-0.00328674
-0.00309839
-0.00292049
-0.00275252
-0.00259399
-0.00244437
-0.00230319
-0.00216999
-0.00204433
-0.00192581
-0.00181406
-0.0017087
-0.00160938
-0.00151579
-0.00142751
-0.00134432
-0.00126591
-0.00119202
-0.00112239
-0.00105677
-0.000994943
-0.0009367
-0.000881836
-0.00083016
-0.00078149
-0.000735653
-0.000692486
-0.000651833
-0.000613549
-0.000577497
-0.000543549
-0.000511585
-0.000481491
-0.000453161
-0.000426492
-0.000401391
-0.000377767
-0.000355534
-0.000334612
-0.000314925
-0.000296402
-0.000278978
-0.000262589
-0.000247177
-0.000232686
-0.000219063
-0.000206257
-0.000194219
-0.000182902
-0.000172263
-0.000162258
-0.000152849
-0.000143998
-0.000135673
-0.00012784
-0.00012047
-0.000113538
-0.000107017
-0.000100884
605.533
606.219
607.561
609.505
611.962
614.797
617.818
620.772
623.354
625.22
626.021
625.43
623.169
619.042
612.94
604.847
594.831
583.027
569.613
554.787
538.751
521.69
503.771
485.133
465.889
446.13
425.924
405.319
384.348
363.028
341.364
319.354
296.998
274.305
251.305
228.055
204.65
181.22
157.932
134.985
112.594
90.9837
70.3755
50.9749
32.9642
16.4955
1.68707
-11.3796
-22.6606
-32.1486
-39.8721
-45.8918
-50.2995
-53.2149
-54.7837
-55.1754
-54.5769
-53.1915
-51.2285
-48.8961
-46.3926
-43.8967
-41.5594
-39.4961
-37.7828
-36.4532
-35.5007
-34.8827
-34.5271
-34.3411
-34.2196
-34.0556
-33.749
-33.2143
-32.3868
-31.2275
-29.7246
-27.8928
-25.7706
-23.4148
-20.8937
-18.2789
-15.6375
-13.025
-10.4788
-8.01534
-5.62934
-3.29642
-0.977996
1.37199
3.79988
6.34546
9.03624
11.884
14.8826
18.0091
21.225
24.4799
27.7146
30.8646
33.8633
36.6441
39.1421
41.295
43.0443
44.3356
45.1207
45.359
45.0202
44.0869
42.5563
40.4417
37.7728
34.5947
30.9659
26.956
22.6423
18.1072
13.4349
8.70947
4.0134
-0.572855
-4.97301
-9.11341
-12.9239
-16.3392
-19.3008
-21.7589
-23.6777
-25.0357
-25.8307
-26.0759
-25.807
-25.0606
-23.9255
-22.4017
-20.7402
-18.5991
-16.6541
-14.5785
-12.6123
-10.7525
-9.08124
-7.62893
-6.42793
-5.48963
-4.81363
-4.38448
-4.17465
-4.14709
-4.25635
-4.45364
-4.68908
-4.91522
-5.0894
-5.17625
-5.14936
-4.99136
-4.69406
-4.25739
-3.6879
-2.99693
-2.19877
-1.30906
-0.343646
0.682138
1.75348
2.85631
3.97523
5.09401
6.1946
7.25682
8.2589
9.17793
9.99191
10.6811
11.2302
11.6297
11.8759
11.9717
11.9239
11.7435
11.4419
11.0304
10.5183
9.91234
9.21675
8.43401
7.56581
6.61495
5.58615
4.48789
3.33224
2.13553
0.917186
-0.300655
-1.49515
-2.64255
-3.72103
-4.70879
-5.58832
-6.34442
-6.96698
-7.44924
-7.78838
-7.98532
-8.04394
-7.96848
-7.76668
-7.44841
-7.02317
-6.50241
-5.89968
-5.22714
-4.50271
-3.74084
-2.96115
-2.17997
-1.41723
-0.683153
0.00271156
0.63062
1.19216
1.68213
2.09842
2.44155
2.71423
2.92043
3.06503
3.15293
3.18912
3.17808
3.12448
3.03247
2.90671
2.75195
2.5734
2.37659
2.16711
1.95045
1.73152
1.5145
1.3025
1.09774
0.901425
0.714123
0.536048
0.36685
0.206772
0.0559143
-0.0853938
-0.216557
-0.336945
-0.445858
-0.542739
-0.627141
-0.698868
-0.757859
-0.80422
-0.838149
-0.860158
-0.870529
-0.870111
-0.859753
-0.840423
-0.813616
-0.780691
-0.743781
-0.704529
-0.665495
-0.627882
-0.594278
-0.564342
-0.540987
-0.52088
-0.508177
-0.498569
-0.493569
-0.490703
-0.489934
-0.489601
-0.489246
-0.487728
-0.484621
-0.479196
-0.471212
-0.460268
-0.446315
-0.429164
-0.408828
-0.385142
-0.357984
-0.327071
-0.292172
-0.252817
-0.20933
-0.161267
-0.109148
-0.05357
0.00448221
0.0637834
0.122862
0.18018
0.234082
0.283162
0.326247
0.362034
0.39005
0.409953
0.421641
0.425459
0.421875
0.411631
0.395568
0.374664
0.349947
0.322478
0.293301
0.263447
0.233746
0.204952
0.177695
0.152363
0.129179
0.108245
0.0895163
0.0729103
0.0582988
0.0455571
0.0345708
0.0252363
0.0174602
0.0111421
0.00615492
0.00233966
-0.000473477
-0.00249478
-0.0039457
-0.00504996
-0.00602948
-0.00702762
-0.00814732
-0.00943951
-0.0109043
-0.0125058
-0.0141854
-0.0158742
-0.0175084
-0.0190253
-0.0203774
-0.0215289
-0.0224566
-0.0231494
-0.0236065
-0.0238372
-0.023859
-0.0236965
-0.0233777
-0.0229313
-0.0223835
-0.0217573
-0.0210723
-0.0203452
-0.019591
-0.0188226
-0.0180512
-0.0172852
-0.0165303
-0.0157904
-0.0150674
-0.0143629
-0.0136781
-0.0130145
-0.0123734
-0.011756
-0.0111629
-0.0105943
-0.0100498
-0.0095288
-0.0090307
-0.0085548
-0.00810051
-0.00766725
-0.00725443
-0.0068614
-0.00648749
-0.006132
-0.0057943
-0.00547375
-0.00516969
-0.00488148
-0.00460838
-0.00434965
-0.00410457
-0.00387244
-0.00365265
-0.00344463
-0.00324788
-0.0030619
-0.00288622
-0.00272034
-0.00256375
-0.00241596
-0.0022765
-0.00214491
-0.00202077
-0.00190368
-0.00179326
-0.00168916
-0.00159102
-0.00149853
-0.0014113
-0.00132909
-0.0012516
-0.00117856
-0.00110973
-0.00104487
-0.000983762
-0.000926186
-0.00087195
-0.000820863
-0.000772747
-0.00072743
-0.000684751
-0.000644556
-0.000606704
-0.000571058
-0.000537492
-0.000505887
-0.00047613
-0.000448118
-0.000421748
-0.000396928
-0.000373568
-0.000351584
-0.000330896
-0.000311429
-0.000293114
-0.000275884
-0.000259678
-0.000244438
-0.000230109
-0.000216638
-0.000203974
-0.00019207
-0.000180878
-0.000170356
-0.000160462
-0.000151157
-0.000142404
-0.00013417
-0.000126423
-0.000119135
-0.000112279
-0.00010583
-9.97646e-05
595.804
596.445
597.696
599.501
601.769
604.366
607.107
609.75
612.007
613.558
614.077
613.259
610.847
606.657
600.584
592.613
582.801
571.271
558.186
543.729
528.086
511.436
493.934
475.715
456.89
437.545
417.75
397.554
376.99
356.079
334.829
313.245
291.331
269.102
246.592
223.86
201.001
178.14
155.439
133.086
111.285
90.2505
70.1908
51.3013
33.7555
17.6982
3.24233
-9.53401
-20.5884
-29.9138
-37.5369
-43.5161
-47.939
-50.9207
-52.6009
-53.1418
-52.7221
-51.5354
-49.781
-47.6565
-45.35
-43.031
-40.8427
-38.8953
-37.2616
-35.9754
-35.0326
-34.3952
-33.9977
-33.755
-33.5703
-33.3448
-32.9857
-32.4136
-31.5684
-30.4134
-28.9371
-27.1526
-25.0949
-22.8158
-20.3779
-17.8469
-15.2844
-12.7415
-10.253
-7.83443
-5.48179
-3.1736
-0.875438
1.45396
3.85619
6.36688
9.01052
11.7971
14.7204
17.7581
20.8741
24.0204
27.1411
30.175
33.0585
35.7279
38.121
40.1784
41.8439
43.0658
43.7983
44.0034
43.653
42.7311
41.2358
39.1804
36.5935
33.5184
30.011
26.1376
21.9722
17.5937
13.0828
8.5206
3.98668
-0.441519
-4.68992
-8.68752
-12.3669
-15.6657
-18.5282
-20.9076
-22.7701
-24.0961
-24.8833
-25.1445
-24.9138
-24.2256
-23.1644
-21.7301
-20.1608
-18.1325
-16.2856
-14.311
-12.4362
-10.6586
-9.05663
-7.65904
-6.49702
-5.58164
-4.91295
-4.47675
-4.24757
-4.19083
-4.26418
-4.42185
-4.61714
-4.80549
-4.94667
-5.00716
-4.96186
-4.79391
-4.49506
-4.06465
-3.50831
-2.83623
-2.06158
-1.199
-0.263494
0.730129
1.76726
2.83453
3.91622
4.99658
6.05807
7.08127
8.04543
8.92895
9.71116
10.3736
10.902
11.2872
11.5256
11.6196
11.5751
11.4021
11.1108
10.7119
10.2138
9.62337
8.94486
8.18125
7.33484
6.409
5.4089
4.3431
3.22348
2.06576
0.888546
-0.287142
-1.43952
-2.54609
-3.58597
-4.53862
-5.3873
-6.11757
-6.71964
-7.18694
-7.51657
-7.70899
-7.76887
-7.69846
-7.5063
-7.20154
-6.79343
-6.29311
-5.71361
-5.06703
-4.37029
-3.63762
-2.88751
-2.13575
-1.4002
-0.693474
-0.0313406
0.575881
1.12011
1.59624
2.00207
2.33783
2.60586
2.80971
2.95386
3.04273
3.08169
3.07411
3.02518
2.93881
2.81959
2.67215
2.50151
2.31297
2.11188
1.90345
1.69233
1.48255
1.27712
1.07823
0.887148
0.70455
0.530834
0.365542
0.209226
0.0619524
-0.0759429
-0.203895
-0.321315
-0.427559
-0.52211
-0.604553
-0.674705
-0.732511
-0.778082
-0.811615
-0.833592
-0.844343
-0.844696
-0.83548
-0.817656
-0.792663
-0.761809
-0.727125
-0.690138
-0.653271
-0.617603
-0.585616
-0.55691
-0.53436
-0.514675
-0.501997
-0.492127
-0.486625
-0.483106
-0.481594
-0.4805
-0.479411
-0.477238
-0.473572
-0.467714
-0.459424
-0.448308
-0.4343
-0.417206
-0.397017
-0.373572
-0.346748
-0.316297
-0.281997
-0.243311
-0.201053
-0.154379
-0.103912
-0.050262
0.00563574
0.0626218
0.119315
0.174276
0.225956
0.273032
0.314405
0.348841
0.375912
0.395264
0.406797
0.410821
0.407771
0.398337
0.383312
0.363619
0.340229
0.314147
0.286361
0.257834
0.229409
0.201727
0.175458
0.150952
0.128444
0.108045
0.0897381
0.0734584
0.0590975
0.0465442
0.035693
0.026445
0.0187081
0.0123823
0.0073446
0.00344035
0.000503306
-0.00166196
-0.00326353
-0.00451163
-0.00561002
-0.0066958
-0.00786797
-0.00917844
-0.0106324
-0.012201
-0.0138334
-0.0154681
-0.0170472
-0.0185128
-0.0198211
-0.0209386
-0.0218432
-0.0225241
-0.0229802
-0.0232194
-0.0232581
-0.0231187
-0.0228274
-0.0224111
-0.0218945
-0.0212996
-0.0206449
-0.019947
-0.0192202
-0.0184777
-0.0177302
-0.0169861
-0.0162516
-0.0155303
-0.0148245
-0.0141359
-0.0134659
-0.012816
-0.0121878
-0.0115823
-0.0110004
-0.0104421
-0.00990722
-0.00939524
-0.00890552
-0.00843748
-0.00799054
-0.00756418
-0.00715781
-0.00677082
-0.00640255
-0.00605236
-0.00571961
-0.00540369
-0.00510398
-0.00481982
-0.00455052
-0.00429535
-0.00405359
-0.00382459
-0.00360772
-0.00340245
-0.00320827
-0.00302471
-0.00285129
-0.00268752
-0.00253291
-0.00238699
-0.00224927
-0.00211932
-0.00199673
-0.00188108
-0.00177203
-0.00166921
-0.00157228
-0.0014809
-0.00139474
-0.00131352
-0.00123697
-0.00116481
-0.00109681
-0.00103272
-0.000972335
-0.000915442
-0.000861846
-0.000811361
-0.00076381
-0.000719024
-0.000676843
-0.000637118
-0.000599706
-0.000564475
-0.000531299
-0.000500061
-0.00047065
-0.000442962
-0.000416898
-0.000392365
-0.000369275
-0.000347545
-0.000327096
-0.000307855
-0.000289751
-0.00027272
-0.000256701
-0.000241637
-0.000227473
-0.000214157
-0.000201639
-0.000189871
-0.000178808
-0.000168406
-0.000158625
-0.000149426
-0.000140773
-0.000132632
-0.000124974
-0.000117769
-0.000110991
-0.000104615
-9.86197e-05
586.029
586.627
587.79
589.461
591.549
593.922
596.399
598.751
600.707
601.966
602.225
601.199
598.652
594.408
588.37
580.518
570.905
559.64
546.873
532.772
517.514
501.264
484.171
466.364
447.951
429.017
409.63
389.84
369.683
349.18
328.345
307.186
285.713
263.946
241.921
219.701
197.378
175.076
152.949
131.174
109.949
89.474
69.948
51.5563
34.4636
18.8082
4.69765
-7.79319
-18.6236
-27.7864
-35.3071
-41.2413
-45.6732
-48.7132
-50.495
-51.1739
-50.9208
-49.9199
-48.3611
-46.432
-44.3109
-42.1589
-40.112
-38.2752
-36.7185
-35.4756
-34.5446
-33.8919
-33.4581
-33.1651
-32.924
-32.6434
-32.2374
-31.6323
-30.7721
-29.6225
-28.1723
-26.433
-24.4365
-22.2301
-19.8711
-17.4197
-14.9327
-12.4571
-10.0251
-7.65165
-5.33374
-3.05254
-0.777408
1.52858
3.90267
6.37676
8.97243
11.6982
14.5474
17.4989
20.518
23.5597
26.5707
29.4928
32.2655
34.828
37.1208
39.0869
40.6725
41.8285
42.5116
42.686
42.3255
41.4157
39.9554
37.9577
35.4505
32.475
29.0848
25.3433
21.3211
17.0938
12.7389
8.33449
3.95726
-0.318049
-4.41979
-8.27949
-11.8324
-15.0188
-17.7859
-20.0894
-21.8976
-23.1922
-23.9712
-24.247
-24.0518
-23.4185
-22.4269
-21.0773
-19.5954
-17.6741
-15.9204
-14.0418
-12.2542
-10.5552
-9.01952
-7.67462
-6.55043
-5.65776
-4.99704
-4.55529
-4.30897
-4.22563
-4.26602
-4.38727
-4.54542
-4.69873
-4.80928
-4.84523
-4.78282
-4.60563
-4.30544
-3.88108
-3.33734
-2.68341
-1.9314
-1.09501
-0.188482
0.773936
1.77798
2.8105
3.85604
4.89921
5.92296
6.90862
7.83641
8.68592
9.43773
10.0746
10.583
10.9543
11.185
11.2769
11.2354
11.0691
10.7877
10.4008
9.91651
9.34134
8.67981
7.93525
7.1105
6.2094
5.2375
4.20341
3.11882
1.99886
0.861351
-0.273695
-1.38553
-2.45278
-3.45554
-4.37437
-5.19332
-5.89863
-6.48084
-6.93357
-7.2539
-7.44197
-7.5025
-7.43703
-7.25412
-6.96234
-6.57074
-6.09012
-5.53303
-4.91145
-4.24138
-3.53678
-2.81509
-2.09159
-1.38278
-0.701814
-0.062607
0.52457
1.05195
1.51451
1.90997
2.23833
2.50156
2.70286
2.84635
2.93613
2.97729
2.9731
2.92861
2.84764
2.73469
2.59424
2.43119
2.25058
2.05754
1.85701
1.65345
1.45069
1.25167
1.05854
0.872625
0.694684
0.525317
0.363894
0.211319
0.0675862
-0.0669511
-0.191755
-0.30627
-0.409905
-0.502174
-0.582697
-0.651303
-0.707941
-0.752726
-0.785861
-0.807797
-0.818897
-0.819978
-0.811848
-0.795451
-0.772176
-0.74328
-0.710693
-0.67584
-0.641014
-0.607183
-0.576731
-0.549203
-0.527435
-0.508177
-0.495554
-0.48547
-0.479524
-0.475416
-0.473227
-0.471436
-0.469672
-0.466891
-0.462709
-0.456453
-0.447882
-0.436614
-0.422564
-0.405539
-0.38551
-0.362321
-0.335851
-0.305883
-0.272203
-0.234117
-0.193161
-0.147839
-0.0989764
-0.0471848
0.00664617
0.0614196
0.11584
0.168555
0.218118
0.263282
0.303023
0.336162
0.36232
0.38113
0.392499
0.3967
0.394141
0.385463
0.371415
0.352863
0.330729
0.305965
0.279504
0.252251
0.225067
0.198426
0.173118
0.149418
0.127574
0.10771
0.0898271
0.0738792
0.0597752
0.0474168
0.0367069
0.0275517
0.0198607
0.0135351
0.00845594
0.0044743
0.00142717
-0.0008678
-0.00260595
-0.0039847
-0.00519186
-0.00635838
-0.00757961
-0.00890794
-0.0103529
-0.0118919
-0.013481
-0.0150657
-0.0165934
-0.0180108
-0.0192778
-0.0203628
-0.0212452
-0.0219143
-0.0223686
-0.0226154
-0.0226694
-0.0225514
-0.0222859
-0.0218979
-0.021411
-0.0208458
-0.0202204
-0.0195505
-0.0188505
-0.0181331
-0.017409
-0.0166866
-0.015972
-0.0152691
-0.0145804
-0.0139076
-0.0132523
-0.0126161
-0.0120007
-0.0114072
-0.0108363
-0.0102884
-0.00976317
-0.00926019
-0.0087789
-0.00831873
-0.00787918
-0.00745974
-0.00705986
-0.00667894
-0.00631638
-0.00597152
-0.00564377
-0.00533253
-0.0050372
-0.00475715
-0.00449168
-0.00424011
-0.00400173
-0.00377588
-0.00356199
-0.0033595
-0.00316794
-0.00298683
-0.0028157
-0.00265408
-0.00250149
-0.00235746
-0.00222152
-0.00209324
-0.00197221
-0.00185805
-0.00175038
-0.00164886
-0.00155315
-0.00146292
-0.00137784
-0.00129764
-0.00122203
-0.00115077
-0.00108361
-0.00102031
-0.000960665
-0.000904469
-0.000851527
-0.000801656
-0.000754681
-0.000710437
-0.000668766
-0.00062952
-0.000592558
-0.00055775
-0.000524973
-0.000494109
-0.000465051
-0.000437694
-0.000411942
-0.000387703
-0.000364889
-0.000343419
-0.000323214
-0.000304202
-0.000286315
-0.000269487
-0.00025366
-0.000238775
-0.00022478
-0.000211622
-0.000199253
-0.000187624
-0.000176692
-0.000166413
-0.000156747
-0.000147657
-0.000139105
-0.000131061
-0.000123493
-0.000116373
-0.000109675
-0.000103374
-9.74494e-05
576.212
576.768
577.847
579.39
581.306
583.466
585.695
587.776
589.451
590.441
590.461
589.248
586.578
582.29
576.29
568.557
559.137
548.129
535.67
521.917
507.032
491.173
474.481
457.08
439.073
420.545
401.563
382.177
362.425
342.33
321.909
301.175
280.142
258.834
237.291
215.576
193.781
172.026
150.459
129.25
108.585
88.6553
69.649
51.7423
35.0917
19.8289
6.05678
-6.15325
-16.762
-25.7624
-33.1786
-39.0639
-43.4989
-46.5893
-48.4634
-49.2696
-49.1715
-48.3441
-46.9685
-45.2228
-43.2765
-41.2822
-39.3692
-37.6379
-36.1557
-34.9559
-34.0386
-33.3744
-32.9094
-32.5721
-32.2807
-31.9509
-31.5031
-30.869
-29.9964
-28.8532
-27.4286
-25.7328
-23.7946
-21.6572
-19.3731
-16.9976
-14.5829
-12.1723
-9.79584
-7.46763
-5.18567
-2.93348
-0.683853
1.59619
3.93994
6.3758
8.9229
11.5881
14.3647
17.2321
20.1575
23.0981
26.0033
28.818
31.4844
33.9443
36.1409
38.0196
39.5292
40.6228
41.2594
41.4053
41.0363
40.1392
38.7135
36.7723
34.3424
31.4633
28.1864
24.5722
20.6883
16.6071
12.403
8.15105
3.92531
-0.202164
-4.16217
-7.88868
-11.3195
-14.3976
-17.0727
-19.303
-21.0586
-22.3225
-23.093
-23.3819
-23.2198
-22.638
-21.7122
-20.4426
-19.0435
-17.2238
-15.5587
-13.7715
-12.0669
-10.443
-8.9708
-7.67667
-6.58916
-5.71896
-5.06683
-4.6209
-4.3594
-4.25202
-4.26235
-4.34997
-4.47381
-4.59469
-4.67686
-4.68997
-4.6117
-4.426
-4.1247
-3.70623
-3.17461
-2.53812
-1.80794
-0.996861
-0.118426
0.813729
1.78627
2.78437
3.7948
4.80197
5.7893
6.73882
7.6317
8.44863
9.17133
9.78359
10.2728
10.6307
10.8538
10.9434
10.9043
10.7444
10.4723
10.097
9.62618
9.0661
8.42143
7.69581
6.89254
6.01587
5.07166
4.06855
3.018
1.93463
0.835487
-0.260359
-1.33313
-2.36252
-3.32956
-4.21582
-5.00609
-5.68728
-6.25024
-6.68878
-7
-7.18387
-7.24458
-7.1839
-7.00984
-6.73054
-6.35484
-5.89322
-5.35775
-4.76023
-4.11584
-3.43823
-2.74389
-2.04755
-1.36472
-0.708315
-0.0912569
0.476496
0.987468
1.43674
1.82194
2.14287
2.4012
2.59978
2.74239
2.83289
2.87596
2.87497
2.83469
2.75888
2.65192
2.51818
2.36239
2.1894
2.00408
1.81117
1.6149
1.41895
1.22617
1.03869
0.857882
0.68454
0.519119
0.361912
0.21306
0.0728233
-0.0584092
-0.180123
-0.291794
-0.392875
-0.482911
-0.561551
-0.628635
-0.684122
-0.728128
-0.760857
-0.782746
-0.794162
-0.795931
-0.788829
-0.773786
-0.752137
-0.725089
-0.69448
-0.661638
-0.628736
-0.596641
-0.567646
-0.541246
-0.520237
-0.501411
-0.488869
-0.478613
-0.472278
-0.467641
-0.464837
-0.462407
-0.460021
-0.456683
-0.452025
-0.445403
-0.436578
-0.425175
-0.411099
-0.394154
-0.374299
-0.35138
-0.32528
-0.295813
-0.262794
-0.226066
-0.18565
-0.141627
-0.0943211
-0.0443223
0.00752484
0.0601823
0.112433
0.163008
0.210553
0.253895
0.292076
0.323971
0.349247
0.367526
0.378721
0.383074
0.380966
0.372994
0.359863
0.342389
0.321444
0.29793
0.272731
0.246697
0.220622
0.195054
0.170684
0.147771
0.126581
0.107247
0.0897897
0.0741779
0.0603364
0.0481787
0.037616
0.0285596
0.0209211
0.0146036
0.00949179
0.00544346
0.00229934
-0.000111854
-0.00197338
-0.00347044
-0.00477681
-0.00601748
-0.00728431
-0.00862981
-0.0100671
-0.0115794
-0.0131288
-0.0146671
-0.0161467
-0.0175189
-0.0187468
-0.0198009
-0.0206617
-0.0213191
-0.0217713
-0.0220246
-0.0220924
-0.0219943
-0.0217529
-0.0213917
-0.0209328
-0.0203961
-0.0197987
-0.019156
-0.0184819
-0.017789
-0.0170878
-0.0163867
-0.0156918
-0.0150071
-0.0143352
-0.013678
-0.0130373
-0.0124149
-0.0118122
-0.0112306
-0.0106708
-0.0101332
-0.00961768
-0.00912371
-0.00865085
-0.00819859
-0.00776645
-0.00735397
-0.00696061
-0.00658582
-0.00622898
-0.00588951
-0.0055668
-0.00526029
-0.00496939
-0.00469347
-0.00443189
-0.00418396
-0.00394899
-0.00372635
-0.00351546
-0.0033158
-0.00312689
-0.00294827
-0.00277947
-0.00262004
-0.0024695
-0.00232738
-0.00219325
-0.00206667
-0.00194723
-0.00183457
-0.00172831
-0.00162812
-0.00153365
-0.00144459
-0.00136061
-0.00128143
-0.0012068
-0.00113645
-0.00107014
-0.00100765
-0.000948757
-0.00089327
-0.000840994
-0.00079175
-0.000745363
-0.000701672
-0.000660521
-0.000621763
-0.000585261
-0.000550885
-0.000518514
-0.000488033
-0.000459334
-0.000432316
-0.000406883
-0.000382943
-0.000360411
-0.000339206
-0.000319251
-0.000300473
-0.000282806
-0.000266186
-0.000250554
-0.000235853
-0.00022203
-0.000209034
-0.000196816
-0.00018533
-0.000174531
-0.000164378
-0.00015483
-0.000145849
-0.000137402
-0.000129456
-0.00012198
-0.000114947
-0.00010833
-0.000102107
-9.62541e-05
566.357
566.872
567.869
569.289
571.042
573.001
574.998
576.826
578.241
578.983
578.784
577.4
574.622
570.298
564.339
556.724
547.493
536.735
524.575
511.159
496.639
481.162
464.863
447.86
430.255
412.129
393.549
374.565
355.216
335.528
315.52
295.21
274.615
253.763
232.697
211.482
190.207
168.989
147.97
127.313
107.194
87.7955
69.2957
51.8617
35.6426
20.7638
7.32331
-4.61042
-14.9998
-23.838
-31.1478
-36.9803
-41.4126
-44.5461
-46.5036
-47.4268
-47.4728
-46.8072
-45.6031
-44.0296
-42.2476
-40.4021
-38.6163
-36.9857
-35.5753
-34.4182
-33.5164
-32.844
-32.3524
-31.9763
-31.6403
-31.2668
-30.782
-30.1226
-29.2401
-28.1044
-26.705
-25.0509
-23.1683
-21.0965
-18.8838
-16.5807
-14.2355
-11.8879
-9.56585
-7.28297
-5.03801
-2.81662
-0.594716
1.65711
3.96855
6.36485
8.86277
11.4679
14.173
16.9585
19.7931
22.636
25.4394
28.1507
30.7148
33.0763
35.1808
36.9761
38.4132
39.4476
40.0404
40.1601
39.784
38.9001
37.5087
35.6226
33.2676
30.482
27.3146
23.8234
20.0731
16.133
12.0747
7.97019
3.89093
-0.0935935
-3.91659
-7.51444
-10.8275
-13.8011
-16.3874
-18.547
-20.2517
-21.4854
-22.2471
-22.5477
-22.4164
-21.883
-21.0193
-19.8254
-18.5047
-16.7814
-15.2004
-13.5002
-11.8748
-10.3227
-8.9113
-7.66598
-6.61415
-5.76617
-5.12318
-4.67435
-4.39953
-4.27053
-4.25321
-4.31004
-4.40224
-4.49312
-4.54893
-4.54107
-4.44803
-4.25452
-3.95237
-3.53965
-3.01973
-2.40005
-1.69093
-0.904337
-0.0531272
0.849615
1.79086
2.75621
3.73261
4.70494
5.65709
6.57184
7.43118
8.21687
8.91169
9.50039
9.97109
10.3159
10.5315
10.6187
10.5817
10.4277
10.1645
9.80041
9.34271
8.79751
8.16954
7.46272
6.68073
5.82816
4.91113
3.93827
2.92083
1.87291
0.810849
-0.247177
-1.2823
-2.27523
-3.20785
-4.06275
-4.82535
-5.48322
-6.02751
-6.45225
-6.75454
-6.93421
-6.99496
-6.93879
-6.77319
-6.50589
-6.14551
-5.70219
-5.18757
-4.61322
-3.99357
-3.34192
-2.67388
-2.00364
-1.34587
-0.713094
-0.117445
0.431485
0.926482
1.36272
1.73779
2.05129
2.30462
2.50032
2.64187
2.73287
2.77767
2.77966
2.74336
2.67245
2.57123
2.44392
2.29509
2.1294
1.95151
1.76592
1.57669
1.38734
1.20066
1.01873
0.842942
0.674161
0.512831
0.359629
0.214453
0.0776714
-0.0503079
-0.168989
-0.277873
-0.376451
-0.464299
-0.541091
-0.60668
-0.66103
-0.704262
-0.73658
-0.758412
-0.770112
-0.772528
-0.766399
-0.752637
-0.732525
-0.707223
-0.678478
-0.647532
-0.616444
-0.585991
-0.55838
-0.533059
-0.512789
-0.494398
-0.481959
-0.471571
-0.464897
-0.459787
-0.456425
-0.453413
-0.450459
-0.446607
-0.441514
-0.434557
-0.425502
-0.413984
-0.399897
-0.383045
-0.363376
-0.340741
-0.315027
-0.286076
-0.25373
-0.217889
-0.17847
-0.135721
-0.0899262
-0.041657
0.00828522
0.0589178
0.109097
0.15763
0.203252
0.244855
0.281542
0.312244
0.336667
0.354427
0.365439
0.369921
0.368227
0.360913
0.348643
0.332187
0.312368
0.290039
0.266042
0.241175
0.216182
0.191622
0.168166
0.146018
0.12547
0.106663
0.0896319
0.0743595
0.0607853
0.0488338
0.0384238
0.0294719
0.0218924
0.0155906
0.0104548
0.00634978
0.00312104
0.000606315
-0.00136614
-0.00296999
-0.00436654
-0.00567503
-0.00698398
-0.00834572
-0.00977652
-0.0112643
-0.0127771
-0.0142723
-0.0157071
-0.0170367
-0.0182276
-0.0192522
-0.0200923
-0.0207381
-0.0211876
-0.0214464
-0.0215269
-0.0214471
-0.0212282
-0.0208922
-0.02046
-0.0199504
-0.0193799
-0.0187634
-0.0181146
-0.0174455
-0.0167667
-0.0160865
-0.0154109
-0.0147441
-0.0140889
-0.0134473
-0.0128212
-0.0122123
-0.0116223
-0.0110526
-0.0105039
-0.0099767
-0.00947077
-0.00898583
-0.00852141
-0.00807708
-0.00765239
-0.00724689
-0.0068601
-0.00649146
-0.0061404
-0.00580634
-0.00548872
-0.00518698
-0.00490055
-0.00462882
-0.00437116
-0.0041269
-0.00389538
-0.00367599
-0.00346815
-0.00327136
-0.00308513
-0.00290904
-0.00274261
-0.00258539
-0.00243693
-0.00229677
-0.00216447
-0.00203961
-0.0019218
-0.00181066
-0.00170583
-0.00160698
-0.00151378
-0.0014259
-0.00134304
-0.00126492
-0.00119127
-0.00112185
-0.00105641
-0.000994733
-0.000936613
-0.000881848
-0.000830252
-0.000781646
-0.000735859
-0.000692731
-0.00065211
-0.00061385
-0.000577816
-0.000543881
-0.000511925
-0.000481834
-0.000453502
-0.00042683
-0.000401721
-0.000378087
-0.000355843
-0.000334908
-0.000315207
-0.000296668
-0.000279227
-0.000262818
-0.000247385
-0.000232871
-0.000219223
-0.000206392
-0.000194328
-0.000182988
-0.000172325
-0.0001623
-0.000152872
-0.000144005
-0.000135664
-0.000127818
-0.000120436
-0.000113491
-0.000106958
-0.000100813
-9.50341e-05
556.465
556.941
557.86
559.163
560.761
562.531
564.31
565.901
567.076
567.588
567.189
565.65
562.777
558.425
552.512
545.015
535.969
525.453
513.584
500.496
486.332
471.229
455.316
438.706
421.497
403.769
385.587
367.003
348.055
328.772
309.178
289.29
269.132
248.733
228.14
207.417
186.653
165.962
145.48
125.362
105.776
86.8958
68.8896
51.9168
36.1191
21.6159
8.50071
-3.16106
-13.3334
-22.0095
-29.2111
-34.987
-39.4112
-42.5807
-44.6131
-45.6439
-45.8229
-45.3083
-44.2646
-42.8526
-41.2252
-39.5202
-37.8547
-36.3202
-34.9791
-33.8643
-32.9794
-32.302
-31.7882
-31.3782
-31.0029
-30.5907
-30.0734
-29.3922
-28.5021
-27.3748
-26.0003
-24.3864
-22.5568
-20.5477
-18.4029
-16.1692
-13.8907
-11.6042
-9.3357
-7.09818
-4.89113
-2.70215
-0.509932
1.71166
3.98903
6.34456
8.79285
11.3382
13.9732
16.6789
19.4253
22.1739
24.8791
27.4908
29.9567
32.2238
34.24
35.9555
37.3236
38.3019
38.8535
38.9489
38.567
37.697
36.3394
34.5071
32.225
29.5298
26.4684
23.0961
19.4749
15.6712
11.7537
7.79183
3.85422
0.00792954
-3.68262
-7.15617
-10.3554
-13.2282
-15.7288
-17.8201
-19.4754
-20.6797
-21.4321
-21.7431
-21.6405
-21.1525
-20.3473
-19.225
-17.9786
-16.3468
-14.8458
-13.2283
-11.6784
-10.1948
-8.84179
-7.64352
-6.62629
-5.80028
-5.16691
-4.71634
-4.42995
-4.28146
-4.23904
-4.26755
-4.33064
-4.39381
-4.4253
-4.39799
-4.29135
-4.09071
-3.78798
-3.38092
-2.87232
-2.26888
-1.5801
-0.817212
0.00759804
0.881756
1.79248
2.72614
3.66956
4.60816
5.52637
6.40762
7.23474
7.99047
8.65854
9.22463
9.6775
10.0097
10.2178
10.3025
10.2673
10.1188
9.86406
9.51082
9.06596
8.53541
7.92397
7.23578
6.47484
5.64603
4.75566
3.81234
2.8271
1.81353
0.787329
-0.234184
-1.233
-2.19079
-3.09027
-3.91491
-4.65082
-5.28615
-5.81235
-6.22365
-6.5172
-6.69268
-6.75334
-6.70143
-6.5439
-6.28812
-5.94249
-5.51682
-5.0223
-4.47027
-3.87444
-3.24776
-2.60503
-1.95991
-1.32628
-0.716275
-0.141319
0.389363
0.868805
1.29229
1.65734
1.96342
2.21168
2.40437
2.54467
2.63597
2.68233
2.68707
2.65453
2.5883
2.49256
2.37141
2.22925
2.07056
1.8998
1.72127
1.53884
1.35591
1.17516
0.998664
0.827829
0.663572
0.506411
0.357064
0.21551
0.0821399
-0.0426367
-0.158338
-0.264489
-0.360615
-0.446317
-0.521295
-0.585413
-0.63864
-0.681103
-0.713006
-0.734767
-0.746718
-0.749744
-0.744535
-0.731984
-0.713326
-0.689672
-0.662685
-0.633527
-0.604151
-0.575252
-0.548955
-0.52467
-0.505115
-0.48716
-0.474845
-0.46436
-0.457392
-0.451861
-0.447995
-0.444453
-0.440978
-0.436657
-0.431165
-0.423905
-0.414645
-0.40303
-0.388948
-0.372202
-0.352731
-0.330392
-0.305078
-0.276654
-0.244989
-0.209993
-0.171601
-0.130101
-0.0857758
-0.0391764
0.00893517
0.0576287
0.105828
0.152414
0.196199
0.236141
0.271403
0.300958
0.324557
0.341808
0.352631
0.35722
0.355905
0.349205
0.337744
0.322248
0.303495
0.282293
0.259438
0.23569
0.211748
0.188135
0.165575
0.144169
0.124252
0.105966
0.0893596
0.0744292
0.0611264
0.0493857
0.0391335
0.0302917
0.0227775
0.0164987
0.0113476
0.00719522
0.00389341
0.00128716
-0.000784498
-0.00248433
-0.00396249
-0.00533274
-0.00668032
-0.00805721
-0.00948221
-0.0109476
-0.0124266
-0.0138816
-0.0152743
-0.0165639
-0.0177198
-0.0187162
-0.0195363
-0.0201705
-0.020617
-0.0208804
-0.0209724
-0.0209096
-0.0207117
-0.0203994
-0.0199925
-0.0195088
-0.0189641
-0.018373
-0.0177485
-0.0171027
-0.0164458
-0.015786
-0.0151295
-0.0144804
-0.0138417
-0.0132155
-0.0126038
-0.0120084
-0.0114312
-0.0108733
-0.0103357
-0.00981878
-0.0093225
-0.00884659
-0.00839064
-0.00795425
-0.00753703
-0.00713855
-0.00675834
-0.00639589
-0.00605065
-0.00572205
-0.00540956
-0.00511262
-0.0048307
-0.0045632
-0.0043095
-0.00406896
-0.00384094
-0.00362482
-0.00342007
-0.00322618
-0.00304268
-0.00286914
-0.00270512
-0.00255015
-0.0024038
-0.00226562
-0.00213519
-0.00201208
-0.00189591
-0.00178632
-0.00168295
-0.00158546
-0.00149354
-0.00140687
-0.00132514
-0.00124809
-0.00117545
-0.00110696
-0.00104241
-0.000981572
-0.000924235
-0.000870207
-0.000819303
-0.000771346
-0.00072617
-0.000683617
-0.000643535
-0.000605783
-0.000570227
-0.000536741
-0.000505207
-0.000475514
-0.000447556
-0.000421236
-0.000396458
-0.000373135
-0.000351184
-0.000330525
-0.000311083
-0.000292789
-0.000275576
-0.000259384
-0.000244153
-0.000229829
-0.000216361
-0.000203697
-0.000191792
-0.000180599
-0.000170075
-0.00016018
-0.000150875
-0.000142123
-0.000133891
-0.000126146
-0.00011886
-0.000112006
-0.000105558
-9.94932e-05
-9.37897e-05
546.54
546.978
547.823
549.015
550.466
552.057
553.632
555.004
555.956
556.257
555.675
553.996
551.039
546.668
540.804
533.425
524.559
514.281
502.695
489.927
476.11
461.373
445.838
429.615
412.797
395.463
377.677
359.489
340.941
322.063
302.88
283.413
263.689
243.741
223.616
203.38
183.119
162.945
142.989
123.398
104.333
85.9571
68.4326
51.91
36.524
22.3883
9.59228
-1.8017
-11.7591
-20.2733
-27.365
-33.0809
-37.4918
-40.6905
-42.7896
-43.9187
-44.2209
-43.8465
-42.9527
-41.6921
-40.21
-38.6376
-37.0862
-35.6432
-34.369
-33.296
-32.4293
-31.7496
-31.2174
-30.7781
-30.3684
-29.9222
-29.3764
-28.6767
-27.7811
-26.6632
-25.3133
-23.7383
-21.9596
-20.0102
-17.9305
-15.7632
-13.5489
-11.3217
-9.10588
-6.9137
-4.74536
-2.5902
-0.42943
1.76011
4.00185
6.31558
8.71387
11.1999
13.766
16.3938
19.0548
21.7121
24.3226
26.8385
29.21
31.3864
33.318
34.9572
36.2595
37.1846
37.6977
37.7707
37.3842
36.5283
35.2042
33.4245
31.2133
28.6057
25.6468
22.3894
18.8931
15.2212
11.4399
7.61588
3.81526
0.102663
-3.45983
-6.81325
-9.9026
-12.6779
-15.0959
-17.1211
-18.7284
-19.9039
-20.6466
-20.9669
-20.8908
-20.4455
-19.6954
-18.6409
-17.4648
-15.9197
-14.4947
-12.9561
-11.4782
-10.0601
-8.76298
-7.61001
-6.62642
-5.82209
-5.19878
-4.74756
-4.45121
-4.2853
-4.21993
-4.22267
-4.25894
-4.2966
-4.3056
-4.26037
-4.14123
-3.93415
-3.63112
-3.22966
-2.73205
-2.14431
-1.47521
-0.735271
0.0639309
0.910322
1.79146
2.69429
3.60574
4.51171
5.39713
6.24611
7.04226
7.76922
8.41164
8.956
9.3917
9.71164
9.91242
9.99445
9.96086
9.81745
9.57082
9.22808
8.79578
8.27966
7.68456
7.01481
6.27467
5.46925
4.60502
3.69055
2.73662
1.75636
0.76484
-0.221414
-1.18522
-2.10912
-2.97665
-3.77213
-4.48227
-5.0958
-5.60447
-6.00269
-6.28767
-6.45897
-6.51947
-6.47155
-6.32173
-6.07702
-5.74558
-5.33692
-4.86177
-4.33123
-3.75835
-3.15569
-2.53732
-1.91637
-1.30602
-0.71796
-0.163008
0.349982
0.81428
1.22527
1.58045
1.87913
2.12225
2.3118
2.4507
2.54211
2.58985
2.59713
2.56814
2.50637
2.41586
2.3006
2.16484
2.01286
1.84896
1.67722
1.50137
1.32466
1.1497
0.978528
0.812566
0.652783
0.499776
0.354219
0.216242
0.0862372
-0.0353863
-0.14816
-0.251629
-0.34535
-0.428947
-0.502143
-0.564812
-0.616931
-0.658628
-0.69011
-0.71179
-0.723956
-0.727553
-0.723213
-0.711805
-0.694519
-0.67242
-0.647092
-0.619618
-0.591858
-0.56443
-0.539383
-0.51609
-0.49723
-0.479712
-0.467539
-0.456991
-0.449772
-0.443869
-0.43955
-0.435528
-0.43158
-0.426831
-0.420977
-0.413442
-0.404001
-0.392309
-0.378246
-0.361618
-0.342358
-0.320326
-0.295424
-0.267537
-0.236554
-0.202395
-0.165026
-0.12475
-0.0818518
-0.0368641
0.00948821
0.0563241
0.102631
0.147357
0.189388
0.227743
0.26164
0.290093
0.312895
0.329648
0.340276
0.344952
0.343984
0.337855
0.327154
0.312564
0.29482
0.274687
0.252921
0.230243
0.20732
0.184876
0.16292
0.142231
0.122931
0.105161
0.0889786
0.0743919
0.0613638
0.0498383
0.0397487
0.0310221
0.0235792
0.0173306
0.0121724
0.00798177
0.00461758
0.00193117
-0.000228644
-0.0020143
-0.00356597
-0.00499214
-0.0063749
-0.00776566
-0.00918534
-0.01063
-0.0120775
-0.013495
-0.0148482
-0.0161001
-0.0172227
-0.0181923
-0.018993
-0.0196159
-0.0200588
-0.0203262
-0.0204286
-0.0203814
-0.0202031
-0.0199132
-0.0195303
-0.0190712
-0.0185514
-0.0179846
-0.0173838
-0.0167606
-0.0161251
-0.0154855
-0.0148477
-0.014216
-0.0135936
-0.0129826
-0.0123853
-0.0118034
-0.0112387
-0.0106927
-0.0101661
-0.00965954
-0.00917291
-0.00870603
-0.00825855
-0.00783014
-0.0074204
-0.00702896
-0.00665538
-0.00629915
-0.00595976
-0.00563666
-0.00532933
-0.00503724
-0.00475987
-0.00449664
-0.00424694
-0.00401015
-0.00378566
-0.00357286
-0.00337123
-0.00318028
-0.00299955
-0.0028286
-0.00266701
-0.00251433
-0.00237012
-0.00223396
-0.00210541
-0.00198408
-0.00186958
-0.00176156
-0.00165966
-0.00156357
-0.00147295
-0.0013875
-0.00130693
-0.00123096
-0.00115933
-0.00109181
-0.00102816
-0.000968168
-0.000911628
-0.000858349
-0.000808149
-0.000760854
-0.0007163
-0.000674331
-0.000634799
-0.000597564
-0.000562494
-0.000529466
-0.000498363
-0.000469074
-0.000441498
-0.000415536
-0.000391095
-0.00036809
-0.000346437
-0.000326058
-0.000306881
-0.000288835
-0.000271856
-0.000255883
-0.000240859
-0.00022673
-0.000213443
-0.000200951
-0.000189206
-0.000178164
-0.000167782
-0.00015802
-0.00014884
-0.000140205
-0.000132083
-0.000124443
-0.000117255
-0.000110492
-0.000104131
-9.81478e-05
-9.25212e-05
536.584
536.986
537.76
538.846
540.158
541.581
542.966
544.133
544.879
544.986
544.238
542.433
539.403
535.021
529.21
521.948
513.261
503.214
491.905
479.449
465.971
451.593
436.43
420.588
404.156
387.211
369.817
352.025
333.875
315.399
296.626
277.579
258.287
238.786
219.124
199.368
179.603
159.937
140.495
121.42
102.863
84.9807
67.9263
51.8433
36.8597
23.084
10.6012
-0.528967
-10.2735
-18.626
-25.6062
-31.2588
-35.6513
-38.8727
-41.0309
-42.2495
-42.6652
-42.4212
-41.6672
-40.5484
-39.2029
-37.7554
-36.312
-34.9564
-33.7467
-32.7148
-31.8674
-31.1879
-30.6408
-30.1766
-29.7369
-29.261
-28.6906
-27.9754
-27.0763
-25.9687
-24.6431
-23.1057
-21.3759
-19.4838
-17.4662
-15.3626
-13.2103
-11.0409
-8.87682
-6.72994
-4.601
-2.4809
-0.353136
1.80276
4.00759
6.27852
8.62653
11.0537
13.5521
16.1039
18.6819
21.251
23.77
26.1937
28.4743
30.5637
32.4143
33.9806
35.2203
36.0949
36.5716
36.624
36.2341
35.3929
34.1018
32.3734
30.2311
27.7085
24.8488
21.7026
18.3269
14.7826
11.133
7.44226
3.77415
0.19086
-3.24781
-6.48511
-9.46827
-12.1495
-14.4876
-16.4488
-18.0096
-19.1567
-19.8895
-20.2178
-20.1663
-19.761
-19.0629
-18.0724
-16.9629
-15.5002
-14.1474
-12.6838
-11.2745
-9.91908
-8.67557
-7.56624
-6.61528
-5.83238
-5.21954
-4.76866
-4.46384
-4.28236
-4.19639
-4.17531
-4.1871
-4.20128
-4.18957
-4.12784
-3.99727
-3.7844
-3.48136
-3.08547
-2.59855
-2.02603
-1.37599
-0.658296
0.116058
0.935483
1.78791
2.66078
3.54124
4.41561
5.26937
6.08725
6.85362
7.55295
8.17073
8.69422
9.11337
9.42142
9.61501
9.69433
9.66207
9.52348
9.2846
8.95204
8.53201
8.03009
7.45114
6.7996
6.07999
5.29759
4.45898
3.57267
2.64919
1.70126
0.74329
-0.208893
-1.1389
-2.03012
-2.86685
-3.63419
-4.31945
-4.91188
-5.40355
-5.78905
-6.06563
-6.23277
-6.29303
-6.24887
-6.10641
-5.87233
-5.55455
-5.16227
-4.7058
-4.19595
-3.64518
-3.06565
-2.47074
-1.87306
-1.28515
-0.718268
-0.182658
0.313174
0.762726
1.16148
1.50693
1.79825
2.03619
2.22249
2.35985
2.4512
2.50014
2.50976
2.48411
2.42657
2.34106
2.23144
2.10181
1.95629
1.79897
1.63378
1.46429
1.29362
1.1243
0.958345
0.797176
0.641807
0.492902
0.3511
0.216658
0.0899742
-0.0285444
-0.13844
-0.239277
-0.330638
-0.412168
-0.483612
-0.544853
-0.595876
-0.636812
-0.667867
-0.689456
-0.701799
-0.705935
-0.702412
-0.692085
-0.676095
-0.655464
-0.6317
-0.605818
-0.579584
-0.55355
-0.52969
-0.507348
-0.489161
-0.47208
-0.460064
-0.44948
-0.442048
-0.435817
-0.431092
-0.426635
-0.422257
-0.41712
-0.410937
-0.403157
-0.393559
-0.381807
-0.367779
-0.351281
-0.332243
-0.31053
-0.286051
-0.258711
-0.22841
-0.19508
-0.158727
-0.119651
-0.07814
-0.0347105
0.00994849
0.0550026
0.099498
0.142445
0.182801
0.21964
0.252229
0.279623
0.301657
0.317923
0.328351
0.333097
0.332446
0.326851
0.316863
0.303127
0.286339
0.267222
0.246492
0.224836
0.202887
0.181277
0.160197
0.14021
0.121516
0.104255
0.0884943
0.0742522
0.0615017
0.0501951
0.0402725
0.0316661
0.0243003
0.0180887
0.0129314
0.00871136
0.0052946
0.00253879
0.000301281
-0.00156066
-0.00317814
-0.00465463
-0.00606914
-0.00747236
-0.00888696
-0.0103123
-0.0117304
-0.0131128
-0.0144288
-0.0156451
-0.0167362
-0.0176801
-0.018462
-0.0190737
-0.0195127
-0.0197833
-0.019895
-0.0198623
-0.0197024
-0.0194335
-0.0190733
-0.0186378
-0.0181416
-0.0175984
-0.0170206
-0.0164194
-0.0158048
-0.0151848
-0.0145655
-0.013951
-0.0133447
-0.0127488
-0.0121657
-0.0115972
-0.0110451
-0.0105109
-0.00999533
-0.00949903
-0.00902203
-0.00856418
-0.0081252
-0.00770476
-0.00730254
-0.00691817
-0.00655124
-0.00620126
-0.00586775
-0.00555018
-0.00524805
-0.00496086
-0.00468807
-0.00442914
-0.00418348
-0.00395049
-0.00372956
-0.00352012
-0.00332165
-0.00313367
-0.00295574
-0.00278743
-0.0026283
-0.00247793
-0.0023359
-0.00220177
-0.00207514
-0.00195562
-0.00184281
-0.00173638
-0.00163599
-0.0015413
-0.001452
-0.0013678
-0.00128839
-0.00121353
-0.00114294
-0.00107639
-0.00101366
-0.000954524
-0.000898795
-0.000846277
-0.000796793
-0.000750172
-0.000706251
-0.000664877
-0.000625904
-0.000589195
-0.00055462
-0.000522058
-0.000491393
-0.000462517
-0.000435328
-0.000409731
-0.000385634
-0.000362952
-0.000341603
-0.00032151
-0.000302601
-0.000284808
-0.000268068
-0.000252319
-0.000237505
-0.000223573
-0.000210472
-0.000198154
-0.000186572
-0.000175684
-0.000165446
-0.000155819
-0.000146766
-0.000138251
-0.000130242
-0.000122707
-0.000115619
-0.00010895
-0.000102677
-9.67773e-05
-9.1229e-05
526.599
526.968
527.673
528.659
529.841
531.106
532.313
533.29
533.846
533.775
532.876
530.959
527.867
523.48
517.726
510.582
502.069
492.249
481.21
469.059
455.913
441.886
427.09
411.623
395.573
379.014
362.008
344.608
326.854
308.779
290.414
271.785
252.922
233.865
214.662
195.38
176.104
156.936
137.999
119.428
101.368
83.9674
67.3722
51.7187
37.1289
23.7058
11.5306
0.66035
-8.87337
-17.0644
-23.9316
-29.5175
-33.8869
-37.125
-39.3348
-40.6345
-41.1546
-41.0314
-40.4078
-39.4217
-38.2044
-36.8747
-35.5336
-34.2611
-33.1135
-32.1222
-31.2949
-30.6179
-30.0592
-29.5738
-29.1083
-28.6067
-28.0154
-27.2874
-26.3867
-25.2901
-23.9888
-22.4879
-20.8051
-18.9678
-17.01
-14.9676
-12.8752
-10.762
-8.6489
-6.54725
-4.4583
-2.37434
-0.28097
1.83987
4.00645
6.23391
8.53144
10.9002
13.332
15.8097
18.3071
20.7908
23.2216
25.5563
27.7496
29.7554
31.5284
33.0251
34.205
35.0319
35.4745
35.5079
35.1156
34.2893
33.0309
31.3527
29.2773
26.8372
24.0735
21.0349
17.7758
14.3548
10.8326
7.27089
3.73097
0.272762
-3.04615
-6.17118
-9.05172
-11.642
-13.9028
-15.8022
-17.3176
-18.4369
-19.1595
-19.4946
-19.466
-19.0981
-18.4489
-17.5189
-16.4726
-15.0879
-13.8039
-12.4116
-11.0678
-9.77225
-8.58015
-7.51288
-6.59363
-5.83189
-5.22983
-4.78021
-4.46832
-4.27305
-4.16837
-4.12578
-4.11506
-4.1077
-4.07695
-4.0001
-3.85911
-3.6411
-3.33834
-2.94802
-2.47154
-1.91378
-1.28221
-0.586093
0.164144
0.957381
1.78195
2.62571
3.47612
4.31992
5.1431
5.931
6.66871
7.34149
7.93561
8.43902
8.84223
9.13876
9.32531
9.40185
9.37074
9.23668
9.00523
8.68254
8.27451
7.78656
7.22354
6.59
5.89063
5.13087
4.31736
3.45853
2.56469
1.64809
0.722614
-0.196648
-1.09403
-1.95373
-2.76074
-3.50092
-4.16216
-4.73418
-5.20937
-5.5825
-5.85085
-6.01386
-6.0738
-6.03317
-5.89773
-5.67387
-5.36922
-4.99271
-4.55425
-4.06432
-3.53485
-2.97758
-2.40526
-1.82999
-1.26373
-0.717266
-0.200357
0.278835
0.714029
1.10082
1.43667
1.72068
1.95338
2.13635
2.27202
2.36315
2.41313
2.42489
2.40239
2.34887
2.26813
2.1639
2.04014
1.90081
1.74983
1.59095
1.42761
1.26279
1.09898
0.938126
0.781668
0.630653
0.485793
0.347713
0.216766
0.0933582
-0.0221029
-0.129169
-0.22742
-0.316464
-0.395964
-0.465685
-0.525519
-0.575458
-0.615634
-0.646257
-0.667747
-0.680222
-0.684867
-0.682113
-0.6728
-0.658032
-0.638785
-0.616495
-0.592112
-0.56732
-0.542605
-0.519875
-0.498446
-0.480912
-0.464266
-0.452423
-0.441833
-0.434226
-0.427709
-0.422623
-0.417778
-0.413013
-0.407525
-0.401048
-0.39305
-0.383318
-0.371525
-0.357545
-0.341191
-0.322386
-0.301002
-0.276954
-0.250167
-0.220556
-0.188048
-0.152694
-0.114791
-0.0746272
-0.0327015
0.0103297
0.0536759
0.0964382
0.137686
0.176439
0.211826
0.243165
0.26954
0.290829
0.306618
0.316841
0.321638
0.321275
0.316175
0.306857
0.293928
0.278044
0.259891
0.240149
0.219469
0.198453
0.17767
0.157414
0.138111
0.120012
0.103254
0.0879117
0.0740148
0.0615442
0.0504597
0.0407082
0.0322268
0.0249436
0.0187756
0.0136269
0.00938591
0.00592571
0.00311061
0.000805246
-0.001124
-0.00280001
-0.00432144
-0.00576432
-0.0071785
-0.00858803
-0.00999519
-0.0113857
-0.012735
-0.014016
-0.0151986
-0.0162596
-0.0171789
-0.0179428
-0.0185433
-0.0189782
-0.0192512
-0.0193714
-0.019352
-0.0192092
-0.0189602
-0.0186214
-0.0182083
-0.017735
-0.0172145
-0.0166588
-0.0160791
-0.015485
-0.0148843
-0.014283
-0.0136855
-0.013095
-0.0125142
-0.0119451
-0.01139
-0.0108504
-0.0103278
-0.0098233
-0.00933728
-0.00886991
-0.0084211
-0.0079906
-0.00757816
-0.00718348
-0.0068062
-0.00644594
-0.00610225
-0.00577465
-0.00546265
-0.00516576
-0.00488349
-0.00461532
-0.00436073
-0.00411915
-0.00388999
-0.00367266
-0.00346661
-0.00327134
-0.00308637
-0.00291127
-0.00274562
-0.00258899
-0.00244097
-0.00230114
-0.00216909
-0.0020444
-0.0019267
-0.00181562
-0.0017108
-0.00161192
-0.00151866
-0.00143071
-0.00134776
-0.00126955
-0.0011958
-0.00112626
-0.0010607
-0.0009989
-0.000940644
-0.000885738
-0.000833995
-0.000785239
-0.000739302
-0.000696025
-0.000655256
-0.000616852
-0.000580679
-0.000546608
-0.000514519
-0.0004843
-0.000455843
-0.000429049
-0.000403824
-0.000380076
-0.000357723
-0.000336683
-0.000316881
-0.000298245
-0.00028071
-0.000264211
-0.00024869
-0.00023409
-0.000220359
-0.000207447
-0.000195306
-0.000183891
-0.000173159
-0.000163068
-0.000153579
-0.000144655
-0.000136262
-0.000128367
-0.00012094
-0.000113953
-0.00010738
-0.000101197
-9.53819e-05
-8.99133e-05
516.589
516.925
517.566
518.457
519.515
520.633
521.674
522.475
522.855
522.622
521.586
519.569
516.425
512.04
506.346
499.321
490.981
481.383
470.608
458.755
445.934
432.253
417.816
402.719
387.046
370.868
354.249
337.238
319.877
302.202
284.243
266.03
247.595
228.977
210.229
191.415
172.619
153.942
135.5
117.422
99.8478
82.9183
66.7719
51.5384
37.3338
24.2563
12.3834
1.76938
-7.55549
-15.5853
-22.3379
-27.8542
-32.196
-35.4448
-37.6992
-39.072
-39.6879
-39.6765
-39.1742
-38.3122
-37.2152
-35.9963
-34.7521
-33.5588
-32.4709
-31.5195
-30.7132
-30.0406
-29.4733
-28.9703
-28.4828
-27.9592
-27.35
-26.612
-25.7114
-24.6268
-23.3495
-21.8841
-20.2466
-18.4621
-16.5616
-14.5782
-12.5438
-10.4854
-8.42247
-6.36593
-4.31746
-2.27061
-0.212848
1.87169
3.99902
6.1823
8.42922
10.74
13.1065
15.5117
17.9308
20.3318
22.6774
24.9264
27.0357
28.9612
30.6598
32.0899
33.213
33.9946
34.4051
34.4212
34.0274
33.2163
31.9902
30.3611
28.3508
25.9906
23.3199
20.3854
17.2393
13.9376
10.5386
7.10169
3.6858
0.348626
-2.85443
-5.87088
-8.65217
-11.1546
-13.3406
-15.1799
-16.6513
-17.7433
-18.4553
-18.7963
-18.7886
-18.4558
-17.8527
-16.9799
-15.9934
-14.6828
-13.4641
-12.1398
-10.8585
-9.62015
-8.47739
-7.45066
-6.56221
-5.82132
-5.23038
-4.78285
-4.46518
-4.25773
-4.13625
-4.07402
-4.0428
-4.01569
-3.9675
-3.87679
-3.72635
-3.50383
-3.20166
-2.81691
-2.35065
-1.80724
-1.1936
-0.518426
0.208391
0.976189
1.7737
2.58919
3.41046
4.22467
5.0183
5.77729
6.48741
7.13465
7.70601
8.19011
8.57794
8.86331
9.04296
9.11671
9.08657
8.95679
8.73249
8.41939
8.0231
7.54889
7.00157
6.38578
5.70636
4.96883
4.17991
3.34791
2.4829
1.59673
0.702717
-0.184702
-1.05056
-1.87981
-2.65814
-3.3721
-4.01011
-4.56238
-5.02158
-5.38266
-5.64297
-5.80189
-5.86143
-5.82412
-5.69539
-5.48133
-5.18934
-4.82802
-4.40691
-3.93619
-3.42724
-2.89142
-2.34087
-1.7872
-1.24182
-0.715091
-0.216276
0.246768
0.667979
1.04306
1.36947
1.64621
1.87367
2.05322
2.18709
2.27785
2.32871
2.34243
2.32289
2.27318
2.19699
2.09793
1.9798
1.84641
1.70152
1.54874
1.39134
1.23222
1.07376
0.917904
0.766075
0.619346
0.478466
0.344076
0.21658
0.096403
-0.0160469
-0.12033
-0.21604
-0.302807
-0.380312
-0.448337
-0.506784
-0.555649
-0.595067
-0.625251
-0.64664
-0.659198
-0.664327
-0.662295
-0.65394
-0.640325
-0.622385
-0.601488
-0.578523
-0.555095
-0.531632
-0.509978
-0.489424
-0.472522
-0.456308
-0.444647
-0.434072
-0.42632
-0.419556
-0.414149
-0.408953
-0.403839
-0.398035
-0.391294
-0.383104
-0.37326
-0.361443
-0.347527
-0.331327
-0.312766
-0.291721
-0.268113
-0.241885
-0.212965
-0.181267
-0.146901
-0.110147
-0.0712956
-0.0308267
0.0106343
0.0523383
0.093438
0.133057
0.170276
0.204274
0.234414
0.259808
0.28038
0.295703
0.305719
0.310554
0.310456
0.305818
0.297128
0.284961
0.269934
0.252698
0.233896
0.214149
0.194027
0.174054
0.1546
0.135945
0.118428
0.102164
0.0872368
0.0736848
0.0614955
0.050636
0.0410592
0.0327071
0.0255117
0.0193936
0.0142608
0.010007
0.00651195
0.00364695
0.00128309
-0.00070494
-0.00243251
-0.0039937
-0.00546159
-0.00688512
-0.00828942
-0.00967925
-0.0110437
-0.0123618
-0.0136097
-0.0147604
-0.0157928
-0.0166885
-0.0174349
-0.0180243
-0.0184548
-0.0187297
-0.0188574
-0.0188503
-0.0187235
-0.018493
-0.0181746
-0.0177829
-0.0173314
-0.0168328
-0.0162987
-0.0157398
-0.0151657
-0.0145838
-0.0140003
-0.0134194
-0.0128447
-0.0122787
-0.0117236
-0.0111817
-0.0106545
-0.0101437
-0.0096501
-0.00917434
-0.00871659
-0.0082768
-0.00785481
-0.00745038
-0.00706324
-0.00669308
-0.00633952
-0.00600214
-0.00568049
-0.00537409
-0.00508247
-0.00480515
-0.00454165
-0.00429143
-0.00405396
-0.00382866
-0.00361497
-0.00341235
-0.00322031
-0.00303839
-0.00286616
-0.0027032
-0.0025491
-0.00240346
-0.00226586
-0.0021359
-0.00201318
-0.00189733
-0.00178799
-0.00168482
-0.00158748
-0.00149566
-0.00140907
-0.00132741
-0.00125039
-0.00117778
-0.00110931
-0.00104476
-0.000983899
-0.000926532
-0.000872462
-0.000821506
-0.000773489
-0.000728248
-0.000685625
-0.000645471
-0.000607646
-0.000572016
-0.000538457
-0.000506851
-0.000477085
-0.000449055
-0.000422663
-0.000397815
-0.000374423
-0.000352403
-0.000331678
-0.000312171
-0.000293815
-0.000276541
-0.000260288
-0.000244998
-0.000230616
-0.00021709
-0.00020437
-0.000192409
-0.000181163
-0.00017059
-0.000160648
-0.000151299
-0.000142507
-0.000134237
-0.000126459
-0.000119142
-0.000112258
-0.000105782
-9.9691e-05
-9.39619e-05
-8.85745e-05
506.556
506.86
507.441
508.242
509.184
510.164
511.05
511.688
511.907
511.525
510.365
508.261
505.074
500.698
495.068
488.161
479.993
470.612
460.096
448.536
436.033
422.691
408.608
393.876
378.574
362.775
346.538
329.914
312.945
295.667
278.113
260.313
242.302
224.121
205.822
187.471
169.149
150.953
132.996
115.402
98.3035
81.8344
66.1268
51.3041
37.4767
24.7382
13.1623
2.80101
-6.31689
-14.1857
-20.8224
-26.2661
-30.576
-33.8299
-36.1221
-37.5604
-38.2636
-38.3559
-37.9662
-37.2199
-36.2357
-35.1212
-33.9685
-32.8507
-31.8203
-30.9079
-30.1232
-29.4568
-28.8835
-28.3662
-27.8602
-27.3181
-26.6942
-25.9484
-25.0497
-23.9777
-22.7244
-21.2937
-19.6999
-17.9662
-16.1208
-14.1944
-12.2162
-10.2112
-8.19778
-6.18624
-4.17867
-2.16977
-0.148691
1.89843
3.98559
6.12413
8.32037
10.5738
12.8759
15.2104
17.5533
19.8742
22.1375
24.304
26.3324
28.1809
29.8081
31.1746
32.2435
32.9822
33.3626
33.3629
32.9686
32.173
30.9788
29.3976
27.4507
25.168
22.5874
19.7537
16.7168
13.5305
10.2508
6.93459
3.63872
0.418634
-2.67234
-5.58378
-8.2691
-10.6865
-12.8001
-14.5813
-16.0099
-17.0749
-17.776
-18.1219
-18.1336
-17.8336
-17.2738
-16.455
-15.525
-14.2848
-13.128
-11.8684
-10.6467
-9.46313
-8.36769
-7.38003
-6.5215
-5.80117
-5.22161
-4.77695
-4.45472
-4.23666
-4.10014
-4.02017
-3.97027
-3.92515
-3.86107
-3.75774
-3.59879
-3.37236
-3.07109
-2.69194
-2.23568
-1.70625
-1.11002
-0.455172
0.248904
0.992004
1.76323
2.55129
3.34432
4.12988
4.89497
5.62608
6.30964
6.93233
7.48182
7.94735
8.32035
8.5949
8.76781
8.83875
8.80943
8.68371
8.46628
8.1625
7.7777
7.31698
6.78513
6.18685
5.52707
4.81139
4.04654
3.24072
2.40376
1.54712
0.68356
-0.173068
-1.00849
-1.80835
-2.55901
-3.24765
-3.86322
-4.39639
-4.84009
-5.18946
-5.4419
-5.59675
-5.65583
-5.62164
-5.49929
-5.29463
-5.01481
-4.66811
-4.26372
-3.81148
-3.3223
-2.80712
-2.27753
-1.74468
-1.21943
-0.711738
-0.230421
0.21696
0.624556
0.988174
1.30529
1.57482
1.79701
1.97306
2.10502
2.19527
2.24684
2.26235
2.24557
2.19948
2.12762
2.03349
1.92075
1.79306
1.65404
1.50713
1.35547
1.20187
1.04864
0.897669
0.750387
0.607881
0.470932
0.340187
0.216102
0.099112
-0.0103719
-0.111916
-0.205129
-0.289658
-0.365202
-0.431558
-0.488636
-0.536437
-0.575098
-0.604835
-0.626125
-0.638705
-0.644302
-0.642942
-0.635482
-0.62295
-0.606237
-0.586651
-0.56502
-0.542878
-0.520601
-0.49997
-0.480256
-0.463968
-0.448185
-0.43672
-0.426188
-0.418326
-0.411353
-0.405666
-0.400162
-0.394739
-0.388655
-0.381682
-0.373327
-0.363393
-0.351571
-0.337734
-0.321701
-0.303394
-0.282696
-0.259536
-0.233871
-0.205635
-0.174755
-0.141357
-0.105724
-0.0681451
-0.029081
0.0108716
0.0510024
0.0905118
0.128575
0.164327
0.196994
0.225985
0.250436
0.270312
0.285178
0.294982
0.299838
0.299977
0.295766
0.287666
0.276215
0.261999
0.245633
0.227727
0.20887
0.189606
0.170422
0.151689
0.133707
0.116764
0.100988
0.0864718
0.0732646
0.0613584
0.0507266
0.0413279
0.0331094
0.0260069
0.0199448
0.0148351
0.0105764
0.00705496
0.00414877
0.00173525
-0.000303614
-0.00207622
-0.00367227
-0.00516197
-0.00659323
-0.00799199
-0.00936517
-0.0107048
-0.0119934
-0.0132098
-0.0143302
-0.0153353
-0.0162085
-0.0169378
-0.0175163
-0.0179421
-0.0182183
-0.0183527
-0.0183569
-0.0182449
-0.018032
-0.0177328
-0.0173615
-0.0169309
-0.0164534
-0.0159401
-0.0154016
-0.0148469
-0.0142835
-0.0137174
-0.013153
-0.0125938
-0.0120424
-0.0115013
-0.0109724
-0.0104577
-0.00995844
-0.00947577
-0.00901024
-0.0085621
-0.00813134
-0.00771785
-0.00732144
-0.00694186
-0.00657883
-0.006232
-0.00590096
-0.00558528
-0.00528451
-0.00499819
-0.00472587
-0.00446706
-0.00422126
-0.00398793
-0.00376652
-0.0035565
-0.00335735
-0.00316857
-0.00298973
-0.0028204
-0.00266017
-0.00250863
-0.0023654
-0.00223006
-0.00210222
-0.0019815
-0.00186753
-0.00175995
-0.00165844
-0.00156266
-0.00147231
-0.0013871
-0.00130673
-0.00123094
-0.00115947
-0.00109209
-0.00102855
-0.000968655
-0.00091219
-0.00085897
-0.000808812
-0.000761547
-0.000717012
-0.000675053
-0.000635525
-0.000598287
-0.000563211
-0.000530172
-0.000499055
-0.00046975
-0.000442154
-0.00041617
-0.000391706
-0.000368675
-0.000346995
-0.000326589
-0.000307384
-0.00028931
-0.000272302
-0.0002563
-0.000241245
-0.000227084
-0.000213765
-0.00020124
-0.000189463
-0.000178389
-0.000167977
-0.000158186
-0.00014898
-0.000140322
-0.000132178
-0.000124518
-0.000117313
-0.000110534
-0.000104157
-9.81592e-05
-9.25179e-05
-8.7213e-05
496.501
496.776
497.299
498.015
498.849
499.699
500.442
500.929
501
500.484
499.213
497.032
493.811
489.45
483.887
477.099
469.1
459.934
449.671
438.398
426.208
413.199
399.464
385.091
370.158
354.733
338.876
322.636
306.056
289.173
272.021
254.632
237.043
219.295
201.441
183.547
165.692
147.969
130.489
113.369
96.7353
80.7168
65.4385
51.0179
37.5602
25.1543
13.8706
3.75857
-5.15415
-12.8621
-19.3817
-24.7501
-29.0239
-32.2776
-34.6013
-36.0979
-36.8806
-37.0683
-36.7833
-36.145
-35.2664
-34.2502
-33.1841
-32.1382
-31.163
-30.2888
-29.5262
-28.8676
-28.2907
-27.762
-27.2406
-26.6831
-26.0472
-25.296
-24.4006
-23.342
-22.1126
-20.7157
-19.1644
-17.4797
-15.6876
-13.8162
-11.8926
-9.93985
-7.97518
-6.00846
-4.04213
-2.07188
-0.0883775
1.92042
3.96663
6.06
8.20558
10.4021
12.641
14.9064
17.1753
19.4185
21.6022
23.689
25.6395
27.4139
28.9727
30.2782
31.2956
31.9935
32.3457
32.3315
31.9374
31.1576
29.9947
28.4605
26.5752
24.3679
21.8747
19.1387
16.2076
13.133
9.96872
6.76949
3.58983
0.483146
-2.4993
-5.30906
-7.90146
-10.2365
-12.28
-14.0047
-15.3915
-16.43
-17.12
-17.4699
-17.4993
-17.23
-16.7111
-15.9433
-15.067
-13.8935
-12.7958
-11.5979
-10.4331
-9.30194
-8.25196
-7.30201
-6.47257
-5.77249
-5.20452
-4.76342
-4.43769
-4.21038
-4.0604
-3.96435
-3.89744
-3.83587
-3.75726
-3.64246
-3.47585
-3.2461
-2.94602
-2.57253
-2.12612
-1.61032
-1.03105
-0.395973
0.285987
1.00506
1.75077
2.51218
3.2778
4.03561
4.77308
5.47727
6.1352
6.73422
7.26265
7.71026
8.06894
8.33301
8.49935
8.5675
8.5389
8.41705
8.20626
7.91155
7.53799
7.09053
6.57392
5.99287
5.3524
4.65817
3.91688
3.13663
2.32699
1.49902
0.66503
-0.161781
-0.967743
-1.73917
-2.46306
-3.12721
-3.72106
-4.23571
-4.66435
-5.00232
-5.24706
-5.39788
-5.45646
-5.42519
-5.30895
-5.11333
-4.84522
-4.51262
-4.12436
-3.68996
-3.21985
-2.72459
-2.21524
-1.70248
-1.1967
-0.707442
-0.243069
0.189099
0.583429
0.93584
1.24381
1.50621
1.72314
1.89565
2.0256
2.11523
2.16738
2.18449
2.17032
2.12766
2.05993
1.97052
1.86295
1.74075
1.60738
1.46614
1.32006
1.17182
1.02368
0.877483
0.734659
0.596305
0.463223
0.33608
0.215355
0.101506
-0.00505647
-0.103906
-0.194661
-0.27699
-0.350603
-0.415314
-0.47104
-0.517787
-0.555692
-0.584969
-0.605994
-0.618889
-0.624769
-0.624033
-0.617416
-0.605909
-0.590359
-0.572014
-0.551651
-0.53073
-0.509581
-0.489927
-0.47102
-0.455324
-0.439966
-0.428702
-0.418227
-0.410277
-0.403124
-0.397188
-0.391408
-0.385706
-0.379372
-0.372193
-0.363696
-0.353691
-0.341879
-0.328133
-0.312277
-0.294234
-0.27389
-0.251182
-0.226083
-0.198539
-0.16845
-0.136009
-0.101477
-0.065139
-0.0274397
0.0110528
0.0496651
0.0876427
0.124209
0.15855
0.189938
0.217828
0.24137
0.260576
0.274995
0.284587
0.289454
0.289812
0.286002
0.278457
0.267684
0.254239
0.238701
0.22165
0.203646
0.185204
0.166784
0.148751
0.131422
0.115036
0.0997378
0.0856269
0.072763
0.06114
0.0507374
0.0415196
0.0334383
0.0264333
0.0204325
0.0153522
0.0110957
0.00755546
0.00461596
0.0021609
7.87578e-05
-0.00173257
-0.0033586
-0.00486675
-0.00630385
-0.00769647
-0.00905339
-0.0103693
-0.0116298
-0.0128163
-0.0139078
-0.0148868
-0.0157382
-0.0164511
-0.0170188
-0.0174397
-0.0177167
-0.017857
-0.0178715
-0.0177734
-0.0175769
-0.017296
-0.016944
-0.0165335
-0.0160763
-0.0155832
-0.0150644
-0.0145287
-0.0139834
-0.0134344
-0.0128862
-0.0123423
-0.0118054
-0.011278
-0.0107622
-0.0102598
-0.00977215
-0.00930036
-0.00884503
-0.00840648
-0.00798474
-0.00757976
-0.00719138
-0.00681938
-0.0064635
-0.00612341
-0.00579873
-0.00548906
-0.00519395
-0.00491297
-0.00464566
-0.00439158
-0.00415022
-0.00392107
-0.0037036
-0.00349728
-0.00330162
-0.00311615
-0.00294042
-0.00277402
-0.00261654
-0.0024676
-0.0023268
-0.00219375
-0.00206807
-0.00194937
-0.00183729
-0.00173151
-0.00163167
-0.00153747
-0.00144861
-0.00136479
-0.00128574
-0.00121119
-0.00114089
-0.0010746
-0.0010121
-0.000953173
-0.000897624
-0.000845265
-0.000795918
-0.000749416
-0.000705598
-0.000664314
-0.000625419
-0.000588779
-0.000554265
-0.000521755
-0.000491135
-0.000462298
-0.000435142
-0.000409573
-0.000385498
-0.000362834
-0.0003415
-0.000321419
-0.000302518
-0.000284732
-0.000267994
-0.000252246
-0.000237431
-0.000223494
-0.000210387
-0.00019806
-0.000186469
-0.000175569
-0.000165321
-0.000155685
-0.000146623
-0.000138101
-0.000130085
-0.000122546
-0.000115454
-0.000108782
-0.000102506
-9.66022e-05
-9.105e-05
-8.58291e-05
467.11
467.304
467.668
468.152
468.689
469.188
469.542
469.625
469.3
468.427
466.868
464.494
461.199
456.899
451.542
445.104
437.594
429.044
419.508
409.054
397.76
385.706
372.973
359.635
345.762
331.419
316.659
301.532
286.081
270.345
254.361
238.165
221.797
205.302
188.733
172.155
155.641
139.277
123.16
107.395
92.091
77.3586
63.3057
50.0333
37.6318
26.1778
15.7323
6.33773
-1.98175
-9.22138
-15.3954
-20.5361
-24.6929
-27.9307
-30.3279
-31.9737
-32.9661
-33.4085
-33.4053
-33.0596
-32.4687
-31.7212
-30.8932
-30.0463
-29.226
-28.461
-27.7639
-27.1326
-26.5523
-25.9989
-25.442
-24.8485
-24.1859
-23.4253
-22.5439
-21.5266
-20.3667
-19.0662
-17.6346
-16.0877
-14.4454
-12.7291
-10.9598
-9.15603
-7.33159
-5.49523
-3.65019
-1.79478
0.0763324
1.97053
3.89495
5.85517
7.8529
9.88501
11.9427
14.0111
16.0699
18.0938
20.0533
21.9162
23.6485
25.2155
26.5833
27.7193
28.5935
29.1793
29.4545
29.4021
29.0113
28.278
27.2057
25.8051
24.0949
22.1006
19.8544
17.3939
14.7612
12.0018
9.16317
6.29371
3.44184
0.65494
-2.02149
-4.5446
-6.87506
-8.97795
-10.8236
-12.3886
-13.6567
-14.6193
-15.2761
-15.6343
-15.7116
-15.5252
-15.1179
-14.4902
-13.7613
-12.7721
-11.8376
-10.8105
-9.80367
-8.81837
-7.89537
-7.05132
-6.30423
-5.6624
-5.12895
-4.70034
-4.36775
-4.11774
-3.93337
-3.7956
-3.6842
-3.57942
-3.46271
-3.31788
-3.13159
-2.89386
-2.59815
-2.24126
-1.82304
-1.34599
-0.814743
-0.235633
0.383716
1.03483
1.70822
2.39423
3.08241
3.76195
4.42168
5.05022
5.63629
6.16902
6.63845
7.03587
7.35432
7.58881
7.73642
7.79638
7.76948
7.65828
7.46612
7.19712
6.85564
6.44619
5.97336
5.44188
4.85687
4.22408
3.55007
2.84256
2.11041
1.36358
0.613005
-0.129761
-0.852819
-1.54429
-2.1929
-2.78815
-3.32085
-3.78325
-4.16935
-4.47497
-4.69775
-4.83694
-4.89378
-4.87048
-4.77119
-4.60082
-4.36553
-4.07246
-3.72945
-3.34507
-2.92848
-2.48907
-2.03648
-1.58011
-1.12901
-0.691612
-0.274985
0.114161
0.470826
0.791248
1.07296
1.31469
1.51621
1.67816
1.80192
1.88932
1.94276
1.96399
1.95692
1.92368
1.8674
1.79111
1.69797
1.59109
1.47353
1.34822
1.21783
1.08476
0.951092
0.818542
0.688499
0.562083
0.440141
0.323444
0.212358
0.107553
0.00938858
-0.0817202
-0.165426
-0.241439
-0.30951
-0.369493
-0.421322
-0.465019
-0.500715
-0.528626
-0.549019
-0.562383
-0.569172
-0.570119
-0.56579
-0.557073
-0.544695
-0.529741
-0.512839
-0.495267
-0.477221
-0.460267
-0.443619
-0.429606
-0.415488
-0.404852
-0.394618
-0.386514
-0.378949
-0.372409
-0.365944
-0.359545
-0.352583
-0.344896
-0.336063
-0.325917
-0.314189
-0.300756
-0.285456
-0.268214
-0.248932
-0.227568
-0.204132
-0.178579
-0.150838
-0.12113
-0.0897283
-0.0568978
-0.0230321
0.0113768
0.0457555
0.0794705
0.111874
0.142292
0.170116
0.194928
0.215929
0.233241
0.246379
0.255339
0.260194
0.261113
0.258374
0.252335
0.243418
0.232089
0.218837
0.204154
0.188519
0.172377
0.156119
0.140082
0.124574
0.109771
0.0958485
0.0829087
0.0710476
0.0602551
0.0505279
0.0418471
0.0341777
0.0274713
0.0216671
0.0166928
0.0124657
0.00889461
0.00588224
0.00333007
0.00114357
-0.00076308
-0.00246341
-0.00401674
-0.00546651
-0.00684031
-0.00815145
-0.00940159
-0.0105842
-0.0116879
-0.0126991
-0.0136053
-0.0143954
-0.0150612
-0.0155976
-0.0160033
-0.0162809
-0.0164364
-0.0164784
-0.0164179
-0.0162663
-0.0160356
-0.0157375
-0.0153831
-0.014983
-0.014547
-0.0140841
-0.0136024
-0.0131088
-0.0126088
-0.012107
-0.0116072
-0.0111122
-0.0106245
-0.0101464
-0.00967967
-0.00922565
-0.00878547
-0.00835985
-0.00794923
-0.00755381
-0.00717366
-0.00680873
-0.00645887
-0.0061239
-0.00580355
-0.00549751
-0.00520542
-0.00492691
-0.00466158
-0.00440903
-0.00416882
-0.00394052
-0.00372365
-0.00351775
-0.00332235
-0.00313698
-0.00296123
-0.00279466
-0.0026369
-0.00248757
-0.00234627
-0.00221266
-0.00208637
-0.00196703
-0.0018543
-0.00174784
-0.00164733
-0.00155246
-0.00146293
-0.00137846
-0.00129877
-0.0012236
-0.00115271
-0.00108586
-0.00102282
-0.00096337
-0.000907322
-0.000854482
-0.000804672
-0.000757725
-0.000713479
-0.000671785
-0.000632498
-0.000595482
-0.00056061
-0.000527759
-0.000496815
-0.000467668
-0.000440218
-0.000414367
-0.000390025
-0.000367106
-0.000345529
-0.000325217
-0.000306098
-0.000288102
-0.000271167
-0.00025523
-0.000240235
-0.000226127
-0.000212856
-0.000200374
-0.000188634
-0.000177594
-0.000167213
-0.000157451
-0.000148271
-0.000139638
-0.000131519
-0.000123883
-0.0001167
-0.000109944
-0.000103588
-9.76104e-05
-9.19876e-05
-8.66998e-05
-8.17276e-05
418.082
418.178
418.35
418.558
418.746
418.844
418.764
418.41
417.679
416.463
414.659
412.173
408.922
404.845
399.9
394.067
387.348
379.762
371.348
362.152
352.233
341.651
330.469
318.746
306.542
293.909
280.896
267.551
253.912
240.022
225.916
211.634
197.217
182.711
168.167
153.643
139.204
124.926
110.887
97.1741
83.8745
71.0769
58.867
47.3245
36.521
26.5171
17.3608
9.0861
1.71203
-4.75761
-10.3342
-15.0436
-18.9253
-22.0313
-24.4239
-26.1746
-27.361
-28.0649
-28.37
-28.3555
-28.1016
-27.6771
-27.1438
-26.5519
-25.9399
-25.3339
-24.7479
-24.1848
-23.6383
-23.0943
-22.534
-21.9362
-21.2793
-20.5438
-19.7141
-18.7795
-17.7352
-16.5819
-15.3257
-13.977
-12.549
-11.0565
-9.51402
-7.93457
-6.32859
-4.70327
-3.06237
-1.40665
0.265422
1.95647
3.6692
5.40464
7.16141
8.93467
10.7156
12.4912
14.2444
15.9545
17.5979
19.1489
20.5804
21.8649
22.9755
23.8866
24.5746
25.019
25.2027
25.1134
24.7432
24.0902
23.1581
21.9566
20.5014
18.8138
16.9201
14.8513
12.6417
10.3284
7.95041
5.54734
3.15897
0.824228
-1.41954
-3.53731
-5.49707
-7.2706
-8.83407
-10.1689
-11.2622
-12.1071
-12.7038
-13.0575
-13.1822
-13.0914
-12.8183
-12.3636
-11.8194
-11.064
-10.3392
-9.53352
-8.73416
-7.94289
-7.19184
-6.49466
-5.86613
-5.31354
-4.84031
-4.44471
-4.12099
-3.85981
-3.64909
-3.47499
-3.3227
-3.17751
-3.02547
-2.85422
-2.65339
-2.415
-2.1336
-1.80624
-1.43232
-1.01333
-0.552572
-0.054785
0.474078
1.02712
1.59688
2.17509
2.75316
3.32212
3.87279
4.39592
4.88245
5.32373
5.71188
6.04001
6.30257
6.49547
6.61613
6.66363
6.6382
6.5415
6.3759
6.14453
5.85091
5.49891
5.09266
4.63659
4.13554
3.59492
3.0208
2.42002
1.80026
1.16994
0.538077
-0.0857837
-0.692141
-1.27138
-1.81447
-2.31303
-2.75965
-3.14812
-3.47354
-3.73242
-3.92277
-4.04388
-4.09661
-4.08272
-4.00554
-3.86908
-3.67842
-3.43943
-3.1586
-2.84302
-2.50016
-2.13775
-1.7636
-1.38537
-1.01032
-0.645259
-0.296491
0.0309943
0.332944
0.606011
0.847948
1.05737
1.23384
1.37757
1.48942
1.5707
1.62299
1.64848
1.64906
1.62736
1.58567
1.52656
1.45264
1.36646
1.27056
1.16733
1.05901
0.947625
0.834953
0.72252
0.611597
0.503247
0.398319
0.297519
0.201484
0.110587
0.0253148
-0.0539328
-0.126858
-0.193206
-0.252777
-0.305461
-0.35121
-0.390059
-0.422122
-0.447609
-0.466757
-0.479991
-0.487723
-0.4905
-0.488816
-0.483422
-0.474878
-0.464066
-0.451437
-0.438044
-0.423944
-0.410492
-0.396881
-0.385226
-0.373027
-0.36354
-0.354038
-0.34616
-0.338517
-0.331644
-0.324733
-0.317854
-0.310485
-0.302528
-0.293637
-0.283684
-0.272447
-0.259819
-0.245665
-0.229926
-0.21252
-0.193438
-0.172683
-0.150216
-0.12621
-0.100701
-0.0739382
-0.0461662
-0.0177114
0.0110299
0.0396078
0.0675333
0.09431
0.119425
0.14239
0.162916
0.180674
0.195208
0.206402
0.214282
0.218869
0.220282
0.218722
0.214455
0.207802
0.199118
0.188779
0.177169
0.164662
0.15161
0.138333
0.12511
0.112178
0.0997215
0.087873
0.0766893
0.066489
0.0570667
0.0484816
0.0407419
0.0338313
0.0277179
0.0223573
0.0176948
0.0136671
0.0102041
0.00723145
0.0046738
0.00245795
0.000516693
-0.00120855
-0.00276624
-0.00419372
-0.00551717
-0.00675243
-0.00790675
-0.00898074
-0.00997073
-0.0108697
-0.0116728
-0.0123738
-0.0129683
-0.0134538
-0.01383
-0.014099
-0.0142655
-0.014336
-0.0143185
-0.014222
-0.0140556
-0.0138285
-0.0135497
-0.0132282
-0.012872
-0.0124889
-0.0120857
-0.0116685
-0.0112425
-0.0108118
-0.0103802
-0.00995064
-0.00952561
-0.00910727
-0.00869742
-0.00829747
-0.00790856
-0.00753149
-0.00716683
-0.00681495
-0.00647603
-0.00615017
-0.00583734
-0.00553744
-0.00525029
-0.00497569
-0.00471334
-0.00446297
-0.00422423
-0.0039968
-0.00378031
-0.00357439
-0.00337864
-0.00319267
-0.00301608
-0.00284849
-0.00268951
-0.0025388
-0.00239599
-0.00226076
-0.00213275
-0.00201165
-0.00189714
-0.00178889
-0.0016866
-0.00158997
-0.00149871
-0.00141255
-0.00133122
-0.00125447
-0.00118204
-0.00111371
-0.00104926
-0.000988484
-0.000931161
-0.000877101
-0.000826125
-0.000778062
-0.000732751
-0.000690038
-0.000649779
-0.000611836
-0.00057608
-0.000542388
-0.000510644
-0.000480737
-0.000452564
-0.000426026
-0.000401031
-0.000377491
-0.000355324
-0.000334451
-0.0003148
-0.0002963
-0.000278886
-0.000262495
-0.000247069
-0.000232552
-0.000218892
-0.000206041
-0.000193951
-0.000182578
-0.000171881
-0.000161821
-0.00015236
-0.000143463
-0.000135096
-0.000127227
-0.000119826
-0.000112865
-0.000106318
-0.000100159
-9.43667e-05
-8.89183e-05
-8.37942e-05
-7.89755e-05
-7.44448e-05
368.898
368.926
368.967
368.99
368.949
368.788
368.439
367.829
366.877
365.503
363.628
361.182
358.103
354.343
349.87
344.666
338.731
332.077
324.73
316.724
308.102
298.909
289.195
279.007
268.394
257.401
246.07
234.443
222.558
210.453
198.165
185.731
173.191
160.589
147.972
135.391
122.905
110.575
98.4683
86.6548
75.2055
64.191
53.6795
43.7341
34.4113
25.7591
17.8152
10.6065
4.14813
-1.55706
-6.51806
-10.7555
-14.3008
-17.1951
-19.4881
-21.2363
-22.5012
-23.3474
-23.8405
-24.0451
-24.0219
-23.828
-23.512
-23.1153
-22.6703
-22.2
-21.7187
-21.2321
-20.739
-20.2324
-19.7012
-19.1323
-18.5119
-17.8271
-17.0674
-16.2258
-15.2985
-14.286
-13.1921
-12.0238
-10.79
-9.50074
-8.16631
-6.79606
-5.39787
-3.97767
-2.53934
-1.08494
0.384827
1.86979
3.36971
4.88321
6.4071
7.93575
9.46073
10.9707
12.4513
13.8858
15.2551
16.5387
17.7151
18.7627
19.6602
20.3876
20.9266
21.2613
21.379
21.2703
20.9301
20.3575
19.5564
18.5353
17.3074
15.8902
14.3056
12.5784
10.7369
8.81118
6.83286
4.83434
2.84799
0.90555
-0.962585
-2.72797
-4.36476
-5.85019
-7.16523
-8.29503
-9.22941
-9.96298
-10.4957
-10.8317
-10.9818
-10.9567
-10.7817
-10.4578
-10.0559
-9.48342
-8.92465
-8.29628
-7.665
-7.03298
-6.42541
-5.85345
-5.32912
-4.85879
-4.44584
-4.08976
-3.78696
-3.53105
-3.31354
-3.12446
-2.95304
-2.7884
-2.62015
-2.43891
-2.23671
-2.00726
-1.74614
-1.45078
-1.1204
-0.755893
-0.359582
0.0649195
0.513057
0.979227
1.45746
1.94103
2.4229
2.89575
3.35209
3.78448
4.18566
4.54876
4.86752
5.13652
5.35129
5.50852
5.60599
5.64274
5.61872
5.53501
5.39333
5.19607
4.94611
4.64672
4.30153
3.91454
3.49014
3.03321
2.54914
2.04392
1.52408
0.996678
0.469154
-0.0507794
-0.555361
-1.03695
-1.48831
-1.90274
-2.27434
-2.59812
-2.8701
-3.08745
-3.24849
-3.3526
-3.40038
-3.39324
-3.33383
-3.2254
-3.07212
-2.87874
-2.65059
-2.39346
-2.11343
-1.81678
-1.50982
-1.19875
-0.889478
-0.587515
-0.297847
-0.0245915
0.228577
0.458841
0.664168
0.843274
0.995579
1.12103
1.22013
1.29381
1.34325
1.37003
1.37581
1.36262
1.33234
1.28709
1.22897
1.1601
1.08254
0.998264
0.909127
0.816822
0.722858
0.628562
0.53507
0.443349
0.354213
0.26836
0.186389
0.108494
0.0353628
-0.0326899
-0.0954222
-0.152606
-0.204084
-0.249763
-0.289612
-0.323669
-0.352033
-0.374889
-0.392436
-0.405022
-0.413248
-0.41708
-0.417211
-0.414237
-0.40857
-0.400927
-0.391624
-0.381527
-0.370605
-0.360021
-0.348999
-0.339409
-0.329028
-0.320745
-0.312181
-0.304846
-0.297533
-0.290787
-0.283925
-0.277065
-0.269776
-0.262008
-0.253477
-0.244092
-0.233667
-0.222121
-0.209342
-0.195281
-0.179876
-0.163119
-0.144982
-0.125465
-0.105057
-0.0834679
-0.0609068
-0.0376341
-0.0139237
0.00990755
0.0335088
0.0565031
0.0785127
0.0991508
0.118042
0.134974
0.149789
0.161944
0.171451
0.17832
0.182556
0.184242
0.183523
0.180598
0.175706
0.169117
0.161119
0.152008
0.142075
0.1316
0.12084
0.110023
0.0993497
0.0889848
0.0790727
0.0697604
0.06087
0.0526916
0.045206
0.0384095
0.0322888
0.0268222
0.0219778
0.0177155
0.0139874
0.0107406
0.00791866
0.00546405
0.0033206
0.00143579
-0.00023713
-0.00173788
-0.00309836
-0.00434254
-0.00548688
-0.00654132
-0.0075106
-0.00839563
-0.00919226
-0.00990259
-0.0105227
-0.0110507
-0.011486
-0.0118292
-0.0120825
-0.0122497
-0.0123359
-0.0123473
-0.0122906
-0.0121732
-0.0120022
-0.011785
-0.0115288
-0.0112404
-0.0109261
-0.0105919
-0.010243
-0.00988387
-0.00951855
-0.00915036
-0.00878216
-0.00841636
-0.00805501
-0.00769983
-0.00735219
-0.00701322
-0.00668376
-0.00636444
-0.00605571
-0.00575787
-0.00547106
-0.00519537
-0.00493076
-0.00467713
-0.00443434
-0.00420218
-0.00398042
-0.0037688
-0.00356705
-0.00337485
-0.00319191
-0.00301789
-0.00285247
-0.00269532
-0.00254611
-0.00240452
-0.00227023
-0.00214294
-0.00202235
-0.00190817
-0.0018001
-0.00169788
-0.00160122
-0.00150984
-0.0014235
-0.00134194
-0.00126492
-0.00119219
-0.00112355
-0.00105876
-0.000997624
-0.000939953
-0.000885564
-0.000834261
-0.000785874
-0.000740243
-0.000697215
-0.000656646
-0.000618399
-0.000582346
-0.000548365
-0.000516338
-0.000486157
-0.000457719
-0.000430924
-0.000405681
-0.000381902
-0.000359504
-0.000338409
-0.000318543
-0.000299837
-0.000282224
-0.000265643
-0.000250034
-0.000235341
-0.000221514
-0.000208501
-0.000196255
-0.000184734
-0.000173895
-0.000163699
-0.000154108
-0.000145087
-0.000136603
-0.000128623
-0.000121119
-0.000114061
-0.000107423
-0.000101179
-9.53066e-05
-8.97831e-05
-8.45878e-05
-7.97015e-05
-7.51062e-05
-7.07851e-05
-6.67224e-05
319.668
319.654
319.615
319.526
319.352
319.047
318.559
317.831
316.802
315.411
313.597
311.309
308.499
305.132
301.18
296.631
291.481
285.74
279.423
272.558
265.174
257.308
248.997
240.279
231.193
221.778
212.069
202.104
191.915
181.538
171.007
160.357
149.624
138.848
128.07
117.336
106.696
96.2
85.9045
75.8659
66.1414
56.7872
47.8574
39.4019
31.4651
24.0848
17.2907
11.104
5.53629
0.59004
-3.7419
-7.4758
-10.6364
-13.2562
-15.3743
-17.0351
-18.2869
-19.1807
-19.7679
-20.0993
-20.2235
-20.1848
-20.023
-19.7714
-19.457
-19.0999
-18.7135
-18.305
-17.8761
-17.4241
-16.9433
-16.4258
-15.863
-15.2469
-14.5705
-13.8292
-13.0206
-12.1448
-11.2044
-10.2041
-9.1501
-8.04938
-6.90921
-5.73646
-4.53716
-3.31619
-2.07725
-0.82297
0.444931
1.72422
3.01369
4.31051
5.61068
6.90847
8.19616
9.46395
10.7
11.8905
13.0204
14.0732
15.0321
15.88
16.6004
17.1775
17.5974
17.8479
17.9194
17.8052
17.5017
17.0088
16.3303
15.4735
14.4493
13.2722
11.9599
10.5327
9.01319
7.42581
5.7961
4.15019
2.51423
0.913844
-0.626572
-2.08402
-3.43778
-4.66964
-5.76444
-6.71036
-7.49931
-8.12695
-8.59317
-8.90101
-9.05855
-9.0765
-8.97013
-8.74294
-8.44885
-8.01793
-7.5898
-7.10257
-6.60709
-6.10562
-5.61781
-5.15275
-4.72015
-4.32546
-3.97185
-3.65954
-3.3864
-3.14813
-2.93879
-2.75125
-2.57771
-2.41016
-2.2409
-2.06285
-1.86995
-1.65733
-1.42148
-1.16025
-0.872891
-0.559933
-0.223052
0.135019
0.510685
0.899695
1.29713
1.69762
2.0955
2.48486
2.85969
3.21404
3.5421
3.83845
4.09813
4.31682
4.49097
4.61788
4.69569
4.72352
4.70119
4.62944
4.5095
4.3433
4.13314
3.88177
3.59232
3.26824
2.91338
2.53199
2.12872
1.70867
1.27731
0.840487
0.404301
-0.0250028
-0.441174
-0.838107
-1.21002
-1.55157
-1.85807
-2.1255
-2.3507
-2.53137
-2.66612
-2.75442
-2.79672
-2.79412
-2.74874
-2.66319
-2.54083
-2.38551
-2.20153
-1.99358
-1.76657
-1.52555
-1.27562
-1.02174
-0.768701
-0.520988
-0.28261
-0.0567201
0.153389
0.345349
0.517461
0.668564
0.798002
0.905619
0.991674
1.0568
1.10188
1.12815
1.13681
1.12956
1.10789
1.0735
1.02811
0.973428
0.911137
0.842856
0.770108
0.694299
0.616702
0.538448
0.460525
0.383782
0.30895
0.236599
0.167266
0.101591
0.0397415
-0.0179921
-0.0713115
-0.120014
-0.163969
-0.203093
-0.237364
-0.266819
-0.291542
-0.311692
-0.327464
-0.339117
-0.347039
-0.351413
-0.352711
-0.351368
-0.347734
-0.342389
-0.335556
-0.327952
-0.31949
-0.311168
-0.30226
-0.294405
-0.285651
-0.278519
-0.270958
-0.26432
-0.257567
-0.251223
-0.244711
-0.238174
-0.231258
-0.223948
-0.216013
-0.207392
-0.197934
-0.18758
-0.176243
-0.163885
-0.15047
-0.13599
-0.120469
-0.103941
-0.0865708
-0.0684042
-0.0495617
-0.030234
-0.0106409
0.00896762
0.0283185
0.0471212
0.0650878
0.0819284
0.09736
0.111207
0.123354
0.133391
0.141342
0.147189
0.150935
0.152642
0.15242
0.150415
0.146808
0.141804
0.135625
0.128498
0.120649
0.112298
0.103649
0.0948873
0.0861748
0.07765
0.0694277
0.0615939
0.0541774
0.04726
0.0408704
0.0350301
0.0297277
0.024953
0.0206851
0.0168955
0.013549
0.0106062
0.00802453
0.00576039
0.00377084
0.00201517
0.000456408
-0.000937578
-0.00219343
-0.00333216
-0.00436928
-0.00531549
-0.00617756
-0.00695955
-0.00765543
-0.0082775
-0.00881979
-0.00928269
-0.00966684
-0.00997364
-0.0102053
-0.0103651
-0.0104571
-0.0104862
-0.0104575
-0.0103769
-0.01025
-0.0100827
-0.00988076
-0.0096498
-0.00939509
-0.00912154
-0.00883358
-0.0085352
-0.00822986
-0.00792058
-0.00760994
-0.00730017
-0.00699314
-0.00669044
-0.00639336
-0.00610297
-0.00582011
-0.00554542
-0.00527937
-0.00502231
-0.00477444
-0.00453589
-0.00430668
-0.00408677
-0.00387606
-0.00367441
-0.00348165
-0.00329756
-0.00312193
-0.00295451
-0.00279505
-0.00264329
-0.00249895
-0.00236176
-0.00223145
-0.00210774
-0.00199038
-0.0018791
-0.00177364
-0.00167375
-0.00157919
-0.0014897
-0.00140506
-0.00132503
-0.00124938
-0.00117791
-0.00111039
-0.00104663
-0.000986438
-0.000929617
-0.000875991
-0.0008254
-0.000777683
-0.00073267
-0.000690211
-0.000650167
-0.000612403
-0.000576795
-0.000543223
-0.000511573
-0.000481738
-0.000453618
-0.000427116
-0.000402142
-0.00037861
-0.000356439
-0.000335553
-0.000315879
-0.000297348
-0.000279897
-0.000263463
-0.00024799
-0.000233423
-0.000219709
-0.0002068
-0.000194651
-0.000183216
-0.000172457
-0.000162333
-0.000152808
-0.000143847
-0.000135418
-0.00012749
-0.000120033
-0.000113019
-0.000106422
-0.000100218
-9.4382e-05
-8.88933e-05
-8.37308e-05
-7.88751e-05
-7.43082e-05
-7.0013e-05
-6.59738e-05
-6.21757e-05
-5.86049e-05
270.46
270.426
270.349
270.208
269.977
269.618
269.092
268.355
267.359
266.058
264.408
262.369
259.904
256.988
253.599
249.726
245.367
240.527
235.217
229.457
223.27
216.681
209.721
202.42
194.809
186.919
178.78
170.424
161.881
153.179
144.349
135.424
126.433
117.413
108.399
99.429
90.5446
81.7886
73.2055
64.8409
56.7403
48.9484
41.5075
34.4567
27.8308
21.6591
15.9649
10.7646
6.0675
1.8751
-1.81784
-5.02405
-7.7628
-10.0594
-11.9441
-13.4516
-14.6195
-15.4872
-16.095
-16.4825
-16.6875
-16.7451
-16.6867
-16.5391
-16.3244
-16.0596
-15.7569
-15.4235
-15.0628
-14.6747
-14.2567
-13.8044
-13.3128
-12.7771
-12.1929
-11.5572
-10.8684
-10.1269
-9.33432
-8.49398
-7.61014
-6.68777
-5.73206
-4.74809
-3.74049
-2.71329
-1.66981
-0.612835
0.455175
1.53249
2.61603
3.70275
4.78852
5.86799
6.93437
7.97939
8.99334
9.96521
10.8829
11.7336
12.5041
13.1811
13.7519
14.2044
14.5279
14.7132
14.7533
14.6432
14.3806
13.966
13.4026
12.6966
11.8571
10.8957
9.82655
8.66599
7.43207
6.1442
4.82273
3.48846
2.1622
0.864268
-0.385798
-1.56992
-2.67162
-3.67653
-4.57269
-5.35079
-6.00445
-6.53025
-6.92798
-7.20003
-7.35265
-7.39254
-7.33385
-7.17795
-6.96572
-6.64515
-6.3208
-5.94732
-5.56302
-5.17012
-4.78379
-4.41129
-4.06037
-3.73558
-3.43977
-3.17354
-2.93573
-2.7235
-2.53277
-2.35849
-2.19507
-2.0367
-1.87769
-1.71283
-1.53753
-1.34811
-1.14183
-0.916991
-0.672917
-0.40992
-0.129256
0.167084
0.476219
0.794942
1.11934
1.44522
1.76807
2.08322
2.38591
2.67145
2.9353
3.17319
3.38124
3.55607
3.69486
3.7955
3.85643
3.87692
3.85673
3.79639
3.69682
3.55951
3.38634
3.17956
2.94178
2.67592
2.38522
2.07327
1.74397
1.40153
1.05045
0.695478
0.341518
-0.0064448
-0.343446
-0.664669
-0.965558
-1.24193
-1.49007
-1.70685
-1.88976
-2.03697
-2.14738
-2.22055
-2.25682
-2.25705
-2.22291
-2.15647
-2.06038
-1.93771
-1.79188
-1.62661
-1.4458
-1.25345
-1.0536
-0.850184
-0.646971
-0.447418
-0.254764
-0.0721145
0.098434
0.254987
0.396009
0.520453
0.627713
0.717564
0.790121
0.845817
0.885281
0.90948
0.919212
0.915987
0.900852
0.875204
0.840382
0.797763
0.748693
0.694469
0.636324
0.575399
0.51274
0.449284
0.385863
0.323198
0.261921
0.202561
0.145597
0.091473
0.0403986
-0.00733181
-0.0514722
-0.0918675
-0.128403
-0.161015
-0.189683
-0.214441
-0.235359
-0.252567
-0.266227
-0.276546
-0.283795
-0.288231
-0.290136
-0.289856
-0.28768
-0.284067
-0.279168
-0.273566
-0.267151
-0.260752
-0.253732
-0.24747
-0.240321
-0.234406
-0.228012
-0.2223
-0.216406
-0.2108
-0.205009
-0.199179
-0.193023
-0.186549
-0.179571
-0.17205
-0.163866
-0.154977
-0.145314
-0.13485
-0.123563
-0.111464
-0.0985514
-0.0849237
-0.0705677
-0.0556501
-0.0402579
-0.0245378
-0.00866005
0.00718261
0.0227809
0.0379141
0.0523648
0.0659158
0.0783525
0.0895353
0.0993658
0.10756
0.11413
0.11905
0.122315
0.123971
0.124095
0.122798
0.120213
0.116493
0.111807
0.106327
0.100229
0.0936813
0.0868454
0.0798682
0.0728805
0.0659955
0.059307
0.0528887
0.0467926
0.0410695
0.0357531
0.0308491
0.0263699
0.0223096
0.0186552
0.0153869
0.0124794
0.0099037
0.00762816
0.00562018
0.00384722
0.002278
0.000883625
-0.000361518
-0.00147926
-0.00248739
-0.00339969
-0.0042263
-0.00497429
-0.00564812
-0.00624911
-0.00678103
-0.0072449
-0.00764182
-0.00797294
-0.00823992
-0.00844495
-0.00859077
-0.00868072
-0.00871859
-0.00870854
-0.00865498
-0.00856245
-0.00843556
-0.00827888
-0.0080969
-0.00789393
-0.00767398
-0.00744076
-0.00719761
-0.00694749
-0.00669303
-0.00643646
-0.00617975
-0.00592455
-0.00567227
-0.00542409
-0.00518097
-0.00494369
-0.00471286
-0.00448896
-0.00427232
-0.00406319
-0.00386169
-0.0036679
-0.00348182
-0.00330337
-0.00313247
-0.00296899
-0.00281276
-0.00266362
-0.00252137
-0.0023858
-0.00225672
-0.0021339
-0.00201711
-0.00190614
-0.00180076
-0.00170075
-0.00160589
-0.00151598
-0.00143078
-0.00135011
-0.00127375
-0.0012015
-0.00113317
-0.00106857
-0.00100752
-0.000949845
-0.000895365
-0.00084392
-0.000795352
-0.00074951
-0.000706258
-0.000665461
-0.000626971
-0.000590663
-0.000556418
-0.00052412
-0.000493663
-0.000464945
-0.00043787
-0.000412345
-0.000388285
-0.000365609
-0.000344238
-0.000324101
-0.000305127
-0.000287251
-0.000270412
-0.000254551
-0.000239614
-0.000225547
-0.000212302
-0.000199831
-0.000188091
-0.00017704
-0.000166639
-0.00015685
-0.000147638
-0.00013897
-0.000130815
-0.000123142
-0.000115925
-0.000109135
-0.000102749
-9.67427e-05
-9.1093e-05
-8.57791e-05
-8.0781e-05
-7.608e-05
-7.16585e-05
-6.74998e-05
-6.35884e-05
-5.99099e-05
-5.64507e-05
-5.31981e-05
-5.01403e-05
221.307
221.271
221.19
221.047
220.82
220.479
219.994
219.33
218.452
217.325
215.915
214.194
212.134
209.715
206.921
203.745
200.183
196.238
191.919
187.239
182.215
176.868
171.219
165.293
159.113
152.704
146.092
139.301
132.356
125.283
118.106
110.852
103.549
96.2247
88.9091
81.6339
74.4322
67.3384
60.3878
53.6164
47.0597
40.7522
34.7267
29.0134
23.639
18.6259
13.992
9.74983
5.90647
2.46338
-0.583512
-3.24395
-5.5326
-7.46872
-9.07546
-10.3791
-11.4085
-12.1936
-12.7653
-13.1537
-13.3881
-13.4951
-13.5005
-13.4233
-13.2825
-13.0918
-12.8615
-12.5983
-12.3062
-11.9864
-11.6382
-11.2596
-10.8479
-10.4001
-9.91384
-9.38716
-8.81923
-8.2103
-7.56166
-6.87556
-6.15501
-5.40352
-4.62485
-3.82273
-3.00069
-2.16197
-1.30941
-0.445585
0.42714
1.30643
2.18956
3.0734
3.95412
4.82698
5.68628
6.52525
7.33614
8.11026
8.83821
9.5101
10.1158
10.6451
11.0884
11.4366
11.6817
11.8168
11.8367
11.7381
11.5193
11.1811
10.7262
10.1597
9.48886
8.72283
7.87275
6.95138
5.97284
4.95227
3.90554
2.84884
1.79839
0.770012
-0.221148
-1.161
-2.03677
-2.83732
-3.55338
-4.17774
-4.70546
-5.13383
-5.46263
-5.69358
-5.83141
-5.88088
-5.85298
-5.74863
-5.59829
-5.36383
-5.12229
-4.84098
-4.54834
-4.24637
-3.94657
-3.65466
-3.37667
-3.11632
-2.87602
-2.65655
-2.45732
-2.27653
-2.11141
-1.95845
-1.81368
-1.67294
-1.53212
-1.38741
-1.23543
-1.07343
-0.899337
-0.711842
-0.510398
-0.295197
-0.0671341
0.172231
0.420858
0.67616
0.935183
1.19467
1.45112
1.70092
1.94039
2.1659
2.37392
2.56118
2.72467
2.86179
2.97035
3.04867
3.09554
3.11035
3.09285
3.04343
2.96277
2.85203
2.71269
2.54656
2.35575
2.14264
1.90989
1.66041
1.39738
1.12418
0.844435
0.561906
0.280469
0.00403493
-0.263512
-0.51843
-0.757177
-0.976512
-1.17356
-1.34589
-1.49154
-1.6091
-1.6977
-1.75698
-1.7872
-1.789
-1.76369
-1.71287
-1.63861
-1.54329
-1.4296
-1.30043
-1.15881
-1.00788
-0.850774
-0.690562
-0.530188
-0.372408
-0.21974
-0.0745385
0.0614458
0.186653
0.299861
0.400201
0.487124
0.560392
0.620027
0.666318
0.699698
0.720807
0.730729
0.729834
0.719424
0.700504
0.674104
0.64131
0.603176
0.560729
0.514948
0.466746
0.416966
0.366368
0.315636
0.265371
0.216097
0.168279
0.122322
0.0785854
0.0371323
-0.00159957
-0.0374605
-0.0703332
-0.100123
-0.126778
-0.15028
-0.170656
-0.187962
-0.2023
-0.213801
-0.222612
-0.228957
-0.233185
-0.235236
-0.235525
-0.234283
-0.231855
-0.228342
-0.224211
-0.219346
-0.214428
-0.208907
-0.203931
-0.198129
-0.193259
-0.187909
-0.183058
-0.177992
-0.173124
-0.168066
-0.162961
-0.15758
-0.151944
-0.145907
-0.139448
-0.132475
-0.12496
-0.116854
-0.108141
-0.0988032
-0.0888622
-0.0783408
-0.0672333
-0.0556388
-0.0436325
-0.0313055
-0.0187726
-0.00616549
0.00636925
0.0186739
0.0305833
0.0419355
0.052571
0.0623304
0.0711045
0.0788223
0.0852796
0.0904943
0.0944342
0.0970974
0.0985174
0.0987516
0.0978804
0.0960035
0.0932355
0.0897011
0.0855308
0.0808565
0.0758073
0.0705057
0.0650654
0.0595883
0.0541636
0.0488667
0.0437586
0.0388872
0.0342908
0.0299968
0.0260202
0.0223682
0.0190375
0.0160236
0.013313
0.0108877
0.008727
0.00680797
0.00510659
0.00359865
0.00226061
0.00107046
8.25904e-06
-0.000943338
-0.0017988
-0.00256971
-0.00326498
-0.00389117
-0.00445299
-0.00495325
-0.00539411
-0.00577832
-0.00610753
-0.00638318
-0.00660699
-0.00678098
-0.00690747
-0.00698912
-0.00702891
-0.00703004
-0.0069959
-0.00692999
-0.00683587
-0.00671711
-0.0065772
-0.00641954
-0.00624735
-0.00606361
-0.00587103
-0.00567206
-0.00546885
-0.00526329
-0.00505701
-0.00485143
-0.00464773
-0.00444693
-0.00424985
-0.00405719
-0.0038695
-0.0036872
-0.00351061
-0.00333996
-0.0031754
-0.003017
-0.00286478
-0.0027187
-0.00257872
-0.00244472
-0.00231661
-0.00219424
-0.00207746
-0.00196613
-0.00186007
-0.00175911
-0.00166309
-0.00157182
-0.00148512
-0.00140282
-0.00132475
-0.00125071
-0.00118056
-0.0011141
-0.00105119
-0.000991651
-0.000935331
-0.000882075
-0.000831735
-0.000784166
-0.00073923
-0.00069679
-0.000656719
-0.000618893
-0.000583201
-0.000549533
-0.000517767
-0.0004878
-0.000459532
-0.000432871
-0.000407728
-0.000384019
-0.000361664
-0.000340589
-0.000320721
-0.000301995
-0.000284347
-0.000267715
-0.000252044
-0.00023728
-0.000223371
-0.00021027
-0.000197931
-0.000186311
-0.000175369
-0.000165067
-0.000155368
-0.000146238
-0.000137645
-0.000129558
-0.000121947
-0.000114785
-0.000108047
-0.000101707
-9.57432e-05
-9.01329e-05
-8.48557e-05
-7.98918e-05
-7.52228e-05
-7.08312e-05
-6.67005e-05
-6.28154e-05
-5.91611e-05
-5.57242e-05
-5.24917e-05
-4.94518e-05
-4.65931e-05
-4.39052e-05
-4.13784e-05
172.215
172.192
172.136
172.032
171.859
171.592
171.208
170.681
169.985
169.094
167.983
166.632
165.021
163.135
160.963
158.499
155.739
152.687
149.347
145.73
141.847
137.713
133.345
128.76
123.976
119.014
113.891
108.627
103.243
97.7572
92.1913
86.5659
80.9026
75.2241
69.554
63.917
58.3387
52.8456
47.4647
42.2232
37.1479
32.2647
27.5981
23.1707
19.0023
15.1095
11.5058
8.20034
5.1985
2.50148
0.105907
-1.99475
-3.81154
-5.35861
-6.65298
-7.71407
-8.56302
-9.22205
-9.71386
-10.0609
-10.2847
-10.4054
-10.4415
-10.4087
-10.3206
-10.1882
-10.0197
-9.82093
-9.59552
-9.34523
-9.07036
-8.77019
-8.44337
-8.08835
-7.70372
-7.28845
-6.84211
-6.36496
-5.85794
-5.32264
-4.76115
-4.17594
-3.56965
-2.945
-2.30463
-1.65101
-0.986463
-0.313147
0.366814
1.05129
1.73785
2.42376
3.10575
3.77996
4.44185
5.08613
5.70688
6.29752
6.85101
7.35999
7.81694
8.21444
8.54538
8.80316
8.98196
9.07698
9.08407
9.00164
8.82837
8.56497
8.21375
7.77864
7.26517
6.68037
6.03265
5.3316
4.58783
3.81272
3.01813
2.21622
1.4191
0.6386
-0.113967
-0.828073
-1.49421
-2.10409
-2.65083
-3.12905
-3.53508
-3.86689
-4.12428
-4.3085
-4.42292
-4.47102
-4.46078
-4.39296
-4.28947
-4.12325
-3.94925
-3.74463
-3.5298
-3.30641
-3.08289
-2.86353
-2.65287
-2.45375
-2.2681
-2.09668
-1.93926
-1.79473
-1.66126
-1.53647
-1.41765
-1.3019
-1.18637
-1.06835
-0.94546
-0.815714
-0.677623
-0.530229
-0.37311
-0.206401
-0.0307234
0.152723
0.342553
0.536825
0.733376
0.929787
1.12348
1.31178
1.49195
1.66133
1.81732
1.95749
2.07964
2.18185
2.26252
2.3204
2.35456
2.36458
2.35022
2.3118
2.2498
2.1651
2.05882
1.93234
1.78728
1.62548
1.44899
1.26004
1.06106
0.854637
0.643507
0.430503
0.218533
0.010499
-0.190695
-0.3823
-0.561694
-0.726493
-0.874581
-1.00417
-1.11382
-1.20249
-1.26955
-1.31472
-1.33821
-1.34049
-1.32253
-1.28551
-1.23098
-1.1607
-1.07665
-0.980978
-0.875935
-0.763834
-0.646998
-0.527696
-0.408118
-0.290295
-0.176141
-0.0672435
0.0348903
0.129167
0.214617
0.290594
0.356652
0.412586
0.458381
0.494219
0.520424
0.537422
0.545898
0.546326
0.539562
0.526317
0.50738
0.483551
0.455615
0.424338
0.390449
0.354636
0.317533
0.279719
0.241715
0.203979
0.166925
0.130891
0.0961619
0.063053
0.0317645
0.0024923
-0.0246881
-0.0496455
-0.0722976
-0.0926065
-0.110558
-0.126172
-0.139492
-0.150592
-0.159571
-0.166551
-0.171672
-0.175181
-0.177076
-0.177658
-0.177062
-0.175557
-0.17321
-0.17037
-0.166938
-0.16343
-0.15942
-0.15578
-0.151472
-0.147827
-0.143778
-0.140077
-0.136184
-0.132422
-0.128501
-0.124536
-0.120356
-0.115983
-0.111311
-0.106325
-0.100958
-0.0951911
-0.0889875
-0.082335
-0.0752271
-0.0676828
-0.0596806
-0.0512723
-0.0424952
-0.0334324
-0.0241439
-0.0147141
-0.005239
0.0041749
0.0134132
0.0223568
0.0308882
0.0388929
0.046256
0.0528923
0.0587497
0.0636866
0.0677154
0.0708046
0.0729505
0.0741747
0.0745159
0.0740298
0.0727865
0.0708672
0.068361
0.0653622
0.0619664
0.0582682
0.0543582
0.050321
0.0462333
0.042163
0.0381684
0.0342979
0.0305904
0.0270765
0.0237782
0.0207097
0.0178795
0.0152885
0.0129334
0.0108048
0.00889142
0.00717923
0.00565227
0.00429355
0.00308575
0.00201185
0.00105567
0.000202351
-0.000561235
-0.00124625
-0.00186186
-0.0024153
-0.00291213
-0.00335655
-0.00375155
-0.00409862
-0.00440095
-0.00466021
-0.00487783
-0.00505541
-0.00519466
-0.00529747
-0.00536589
-0.00540219
-0.00540873
-0.00538805
-0.00534273
-0.00527542
-0.00518879
-0.00508546
-0.00496801
-0.00483889
-0.00470036
-0.00455455
-0.00440334
-0.00424843
-0.0040913
-0.00393325
-0.00377539
-0.00361869
-0.00346395
-0.00331185
-0.00316297
-0.00301775
-0.00287655
-0.00273965
-0.00260724
-0.00247946
-0.00235637
-0.00223801
-0.00212438
-0.00201541
-0.00191106
-0.00181124
-0.00171586
-0.0016248
-0.00153795
-0.00145519
-0.00137639
-0.00130141
-0.00123013
-0.00116241
-0.0010981
-0.00103709
-0.000979219
-0.000924369
-0.000872406
-0.000823201
-0.000776628
-0.000732565
-0.000690894
-0.000651497
-0.000614264
-0.000579087
-0.000545862
-0.000514487
-0.000484867
-0.000456917
-0.000430551
-0.000405672
-0.000382201
-0.00036006
-0.000339176
-0.00031948
-0.000300906
-0.000283392
-0.00026688
-0.000251314
-0.000236641
-0.000222812
-0.000209779
-0.000197499
-0.000185928
-0.000175028
-0.00016476
-0.000155089
-0.000145982
-0.000137406
-0.000129332
-0.00012173
-0.000114574
-0.000107838
-0.000101499
-9.55327e-05
-8.99188e-05
-8.46367e-05
-7.9667e-05
-7.49916e-05
-7.05935e-05
-6.64562e-05
-6.25645e-05
-5.8904e-05
-5.54609e-05
-5.22223e-05
-4.91762e-05
-4.63112e-05
-4.36165e-05
-4.10822e-05
-3.86989e-05
-3.64578e-05
-3.43506e-05
-3.23697e-05
123.16
123.167
123.166
123.136
123.057
122.909
122.673
122.331
121.864
121.255
120.487
119.545
118.417
117.092
115.562
113.823
111.873
109.714
107.348
104.782
102.026
99.0871
95.9785
92.712
89.3006
85.7578
82.0974
78.3335
74.4806
70.553
66.5659
62.5346
58.475
54.4036
50.3377
46.295
42.2941
38.354
34.4938
30.733
27.0903
23.5842
20.2318
17.049
14.0496
11.2455
8.64592
6.25755
4.08413
2.12654
0.382363
-1.15141
-2.48383
-3.62422
-4.58426
-5.37728
-6.01787
-6.52138
-6.90352
-7.17985
-7.36537
-7.47417
-7.51915
-7.5114
-7.46078
-7.37507
-7.2604
-7.12122
-6.96048
-6.77984
-6.57995
-6.36071
-6.12154
-5.86169
-5.5804
-5.27716
-4.95177
-4.60446
-4.23589
-3.8471
-3.43952
-3.01477
-2.57465
-2.12104
-1.65577
-1.18064
-0.697355
-0.207593
0.287012
0.784691
1.28356
1.78145
2.27587
2.76389
3.24216
3.70683
4.15361
4.57782
4.97447
5.33836
5.66421
5.94683
6.18126
6.36291
6.48776
6.55245
6.5544
6.49218
6.36518
6.17397
5.92023
5.60681
5.23767
4.81782
4.35323
3.85071
3.3178
2.76253
2.19334
1.61881
1.04753
0.487892
-0.0520881
-0.564977
-1.04402
-1.48335
-1.87807
-2.22438
-2.51964
-2.76237
-2.95238
-3.0905
-3.17901
-3.2203
-3.21986
-3.17828
-3.11056
-2.99839
-2.87914
-2.73759
-2.58768
-2.43073
-2.27259
-2.11633
-1.96518
-1.82122
-1.68589
-1.55984
-1.44302
-1.33478
-1.23395
-1.139
-1.04813
-0.959413
-0.870929
-0.78085
-0.687549
-0.589668
-0.486176
-0.376403
-0.260035
-0.137168
-0.00800315
0.125912
0.264255
0.405505
0.548129
0.690407
0.830504
0.966514
1.09651
1.21857
1.33087
1.43169
1.51945
1.59278
1.65053
1.69182
1.71595
1.72267
1.71171
1.68332
1.63785
1.57591
1.49831
1.40606
1.30035
1.18251
1.05405
0.916611
0.771974
0.622028
0.46876
0.314231
0.16053
0.00977011
-0.136001
-0.274785
-0.404719
-0.524094
-0.631399
-0.725355
-0.804939
-0.869396
-0.918264
-0.951359
-0.968813
-0.970955
-0.958493
-0.93226
-0.893361
-0.843064
-0.782781
-0.714053
-0.6385
-0.557778
-0.473551
-0.387454
-0.301052
-0.215829
-0.13309
-0.0541709
0.0201927
0.0888653
0.151282
0.206906
0.255407
0.296614
0.330497
0.357167
0.376845
0.389829
0.396557
0.397436
0.393032
0.383859
0.370488
0.353493
0.333443
0.31089
0.286367
0.260376
0.233382
0.205811
0.17805
0.150441
0.123276
0.0968403
0.0713179
0.0469112
0.0239947
0.00248568
-0.0175082
-0.0358788
-0.0525776
-0.0675658
-0.0808324
-0.0923906
-0.102273
-0.110534
-0.117247
-0.122505
-0.126397
-0.129078
-0.130606
-0.131173
-0.130864
-0.129875
-0.12825
-0.126246
-0.123779
-0.121234
-0.118281
-0.115581
-0.112342
-0.109574
-0.10647
-0.103603
-0.100568
-0.0976164
-0.0945302
-0.0914054
-0.0881192
-0.084694
-0.0810539
-0.0771942
-0.0730687
-0.0686665
-0.0639643
-0.0589618
-0.0536429
-0.0480274
-0.0421468
-0.0360223
-0.0296377
-0.0230706
-0.0163717
-0.00960306
-0.00283322
0.00386354
0.0104088
0.0167214
0.0227222
0.0283346
0.0334813
0.0381074
0.0421791
0.0456016
0.0483883
0.0505182
0.0519908
0.0528219
0.0530393
0.0526822
0.051799
0.0504459
0.0486844
0.0465791
0.0441959
0.0415998
0.0388531
0.0360141
0.033136
0.0302659
0.0274448
0.0247069
0.0220797
0.0195852
0.0172392
0.0150526
0.0130322
0.0111788
0.00948439
0.00795031
0.00656817
0.00532834
0.00421999
0.00323164
0.00235153
0.00156803
0.00086997
0.000247031
-0.000310019
-0.000809133
-0.00125694
-0.00165875
-0.00201875
-0.00234022
-0.00262551
-0.00287573
-0.0030937
-0.00328068
-0.00343789
-0.00356658
-0.0036681
-0.00374384
-0.00379528
-0.00382398
-0.00383162
-0.00381991
-0.00379066
-0.00374568
-0.00368684
-0.00361595
-0.00353482
-0.00344516
-0.00334858
-0.00324657
-0.00314049
-0.00303155
-0.00292081
-0.00280922
-0.00269758
-0.0025866
-0.00247687
-0.00236889
-0.00226308
-0.00215977
-0.00205925
-0.00196172
-0.00186733
-0.00177618
-0.00168833
-0.00160382
-0.00152264
-0.00144477
-0.00137017
-0.00129878
-0.00123054
-0.00116537
-0.0011032
-0.00104395
-0.000987508
-0.000933801
-0.000882729
-0.000834197
-0.000788109
-0.000744369
-0.000702881
-0.000663551
-0.000626285
-0.000590992
-0.000557582
-0.000525969
-0.000496068
-0.000467797
-0.000441075
-0.000415826
-0.000391976
-0.000369453
-0.000348188
-0.000328121
-0.00030919
-0.000291327
-0.000274474
-0.000258574
-0.000243577
-0.000229433
-0.000216094
-0.000203515
-0.000191656
-0.000180475
-0.000169936
-0.000160002
-0.00015064
-0.000141819
-0.000133507
-0.000125676
-0.0001183
-0.000111352
-0.000104809
-9.86482e-05
-9.28471e-05
-8.73855e-05
-8.22441e-05
-7.74046e-05
-7.28498e-05
-6.85633e-05
-6.45297e-05
-6.07343e-05
-5.71634e-05
-5.38039e-05
-5.06434e-05
-4.76704e-05
-4.48739e-05
-4.22433e-05
-3.97689e-05
-3.74416e-05
-3.52524e-05
-3.31934e-05
-3.12569e-05
-2.94355e-05
-2.77227e-05
-2.61121e-05
-2.45977e-05
-2.31741e-05
74.0939
74.1567
74.2425
74.3199
74.3675
74.3693
74.3125
74.1852
73.9763
73.6755
73.2729
72.7599
72.1291
71.3742
70.491
69.4765
68.3299
67.0518
65.6445
64.1117
62.4584
60.6907
58.8154
56.84
54.7726
52.6216
50.3955
48.1032
45.7538
43.3565
40.9207
38.4562
35.973
33.4816
30.9926
28.5174
26.0674
23.6542
21.2899
18.9862
16.7546
14.6064
12.5519
10.6009
8.76161
7.04127
5.44546
3.9782
2.64181
1.43686
0.362609
-0.585571
-1.41035
-2.11794
-2.71539
-3.21074
-3.61273
-3.93057
-4.17368
-4.35137
-4.47268
-4.54607
-4.57934
-4.57906
-4.55152
-4.50133
-4.43234
-4.34739
-4.24844
-4.13666
-4.01265
-3.87654
-3.72815
-3.56718
-3.39332
-3.20635
-3.00624
-2.79316
-2.56754
-2.33002
-2.08142
-1.82272
-1.55498
-1.27931
-0.996845
-0.708662
-0.415837
-0.119416
0.179506
0.47987
0.780436
1.07984
1.37653
1.66872
1.95436
2.23116
2.49656
2.74782
2.98199
3.19607
3.387
3.55178
3.68758
3.79179
3.86213
3.89675
3.89425
3.85387
3.77538
3.6592
3.50645
3.31887
3.09887
2.84945
2.57418
2.27707
1.96258
1.63542
1.30055
0.96296
0.627662
0.299533
-0.0168359
-0.317028
-0.597257
-0.854134
-1.08487
-1.28731
-1.45997
-1.60204
-1.71346
-1.79474
-1.84722
-1.87232
-1.87318
-1.85022
-1.81197
-1.74811
-1.67982
-1.59856
-1.51224
-1.42166
-1.33016
-1.2395
-1.15156
-1.06752
-0.988258
-0.914147
-0.845204
-0.781089
-0.721182
-0.664644
-0.610489
-0.557659
-0.505088
-0.451767
-0.396792
-0.339412
-0.279055
-0.215349
-0.148148
-0.0774844
-0.00382983
0.0731318
0.152098
0.232504
0.313484
0.394094
0.473313
0.550079
0.623313
0.691956
0.754988
0.811454
0.860492
0.901344
0.933388
0.956122
0.969194
0.9725
0.965834
0.949387
0.923375
0.888143
0.844163
0.792012
0.732366
0.665992
0.593745
0.516561
0.435435
0.35143
0.265662
0.179264
0.0934257
0.0092403
-0.0720001
-0.149332
-0.221684
-0.288137
-0.347855
-0.400144
-0.444443
-0.480353
-0.507621
-0.526149
-0.536019
-0.537417
-0.530741
-0.516452
-0.495166
-0.467579
-0.43448
-0.396723
-0.355188
-0.31079
-0.264448
-0.217049
-0.169491
-0.122551
-0.0770419
-0.0339733
0.0075939
0.0456624
0.0802202
0.111057
0.137972
0.160892
0.179795
0.19474
0.205846
0.213274
0.217263
0.218029
0.215883
0.211103
0.204003
0.194896
0.184091
0.171896
0.158597
0.144472
0.129774
0.114738
0.0995789
0.0844792
0.0696216
0.0551467
0.0411238
0.0278759
0.015046
0.00322439
-0.00783159
-0.0179914
-0.0272369
-0.0355528
-0.042931
-0.0493797
-0.054916
-0.0595687
-0.0633768
-0.0663907
-0.0686574
-0.0702585
-0.0712256
-0.0716668
-0.071623
-0.0712033
-0.0704297
-0.0694426
-0.0681966
-0.0669013
-0.0653801
-0.0639871
-0.0623034
-0.0608642
-0.0592439
-0.057748
-0.0561597
-0.0546137
-0.0529945
-0.0513543
-0.0496226
-0.0478119
-0.0458793
-0.0438213
-0.0416105
-0.0392395
-0.0366995
-0.0339809
-0.0310606
-0.0280767
-0.0249439
-0.0213352
-0.0177272
-0.0140345
-0.0102615
-0.00643846
-0.00259913
0.00121627
0.00496365
0.00859701
0.0120705
0.0153399
0.01836
0.0210963
0.0235246
0.025594
0.0273099
0.0286532
0.029622
0.0302223
0.0304671
0.0303764
0.0299756
0.029295
0.0283684
0.0272318
0.0259225
0.0244773
0.0229324
0.0213219
0.0196772
0.0180265
0.0163945
0.0148023
0.0132672
0.011803
0.0104204
0.0091266
0.00792552
0.00681501
0.00579237
0.0048728
0.00404163
0.00329321
0.00262188
0.00202146
0.00148548
0.00100742
0.0005809
0.000199977
-0.000140745
-0.000445952
-0.000719582
-0.000964826
-0.00118423
-0.00137981
-0.00155311
-0.00170472
-0.00183662
-0.00194963
-0.00204459
-0.00212238
-0.00218392
-0.00223013
-0.0022619
-0.00228016
-0.00228586
-0.00228002
-0.0022637
-0.00223795
-0.00220387
-0.00216254
-0.00211499
-0.00206226
-0.00200529
-0.00194497
-0.00188212
-0.00181746
-0.00175165
-0.00168523
-0.00161872
-0.00155252
-0.00148701
-0.0014225
-0.00135924
-0.00129743
-0.00123726
-0.00117885
-0.0011223
-0.00106766
-0.00101499
-0.000964299
-0.000915591
-0.000868854
-0.000824067
-0.000781198
-0.000740209
-0.00070106
-0.000663704
-0.00062809
-0.000594167
-0.00056188
-0.000531173
-0.00050199
-0.000474274
-0.000447966
-0.00042301
-0.00039935
-0.000376929
-0.000355693
-0.000335589
-0.000316564
-0.000298567
-0.00028155
-0.000265465
-0.000250266
-0.000235907
-0.000222347
-0.000209544
-0.000197462
-0.000186063
-0.000175307
-0.000165159
-0.000155585
-0.000146554
-0.000138036
-0.000130002
-0.000122427
-0.000115285
-0.000108551
-0.000102203
-9.62201e-05
-9.05813e-05
-8.52678e-05
-8.02612e-05
-7.55445e-05
-7.11015e-05
-6.69166e-05
-6.29754e-05
-5.92641e-05
-5.57696e-05
-5.24797e-05
-4.93827e-05
-4.64675e-05
-4.37238e-05
-4.11417e-05
-3.87119e-05
-3.64256e-05
-3.42745e-05
-3.22508e-05
-3.03469e-05
-2.8556e-05
-2.68714e-05
-2.52868e-05
-2.37962e-05
-2.23943e-05
-2.10756e-05
-1.98354e-05
-1.86689e-05
-1.75718e-05
-1.65402e-05
-1.55701e-05
-1.4658e-05
-1.38006e-05
24.9273
25.1188
25.3619
25.6114
25.8504
26.0701
26.2649
26.43
26.5609
26.6535
26.7036
26.7077
26.6622
26.5643
26.4116
26.2025
25.9357
25.6108
25.228
24.788
24.292
23.7419
23.1397
22.4879
21.7892
21.0466
20.2633
19.4426
18.588
17.703
16.7916
15.8578
14.9057
13.9398
12.9648
11.9855
11.0071
10.0349
9.07411
8.13032
7.20888
6.31506
5.45391
4.63013
3.84798
3.1112
2.42289
1.78551
1.20075
0.669557
0.192101
-0.232357
-0.604972
-0.927721
-1.20315
-1.43431
-1.62461
-1.77775
-1.89756
-1.98792
-2.05262
-2.09525
-2.11914
-2.12724
-2.12215
-2.106
-2.08049
-2.0469
-2.00612
-1.95871
-1.90493
-1.84486
-1.77844
-1.70551
-1.62593
-1.53959
-1.44646
-1.34658
-1.24013
-1.12738
-1.00868
-0.884477
-0.755242
-0.621492
-0.483754
-0.342556
-0.198427
-0.0518978
0.0964823
0.246134
0.396417
0.546613
0.695901
0.843346
0.987881
1.12831
1.26332
1.39149
1.51129
1.62117
1.71954
1.80484
1.8756
1.93045
1.96818
1.98779
1.98852
1.96992
1.9318
1.87434
1.79804
1.70372
1.59258
1.46609
1.32603
1.17443
1.01355
0.84577
0.673632
0.499709
0.326581
0.156763
-0.007287
-0.163434
-0.309554
-0.44389
-0.564951
-0.67158
-0.762959
-0.838624
-0.898484
-0.942753
-0.97208
-0.987136
-0.989537
-0.979426
-0.961153
-0.929517
-0.895174
-0.853899
-0.8097
-0.763008
-0.715546
-0.668243
-0.622074
-0.57768
-0.535526
-0.495837
-0.458647
-0.423807
-0.391023
-0.359886
-0.329911
-0.30057
-0.27133
-0.241685
-0.211178
-0.179432
-0.146156
-0.111167
-0.0743837
-0.0358402
0.00433051
0.0459177
0.0885782
0.131916
0.175474
0.218741
0.261174
0.302204
0.341261
0.377782
0.411227
0.44109
0.466917
0.488309
0.504938
0.516545
0.522957
0.524065
0.519859
0.510389
0.495788
0.476252
0.452044
0.423487
0.390954
0.354876
0.315716
0.273997
0.230266
0.185106
0.139113
0.092922
0.0471311
0.00243406
-0.0407309
-0.0816496
-0.119835
-0.154781
-0.186076
-0.213359
-0.236355
-0.25486
-0.268767
-0.278041
-0.282739
-0.282981
-0.278986
-0.271017
-0.259409
-0.244544
-0.226845
-0.206761
-0.184768
-0.161349
-0.13698
-0.112137
-0.0872292
-0.0627096
-0.0388713
-0.0157045
0.00490619
0.0243345
0.0420329
0.0577853
0.0715176
0.0831592
0.0927062
0.100193
0.105685
0.109271
0.11109
0.111244
0.109908
0.10723
0.103375
0.0985082
0.0927895
0.0863825
0.079438
0.072098
0.0644947
0.0567494
0.0489673
0.0412545
0.0336802
0.0263249
0.0193255
0.0124996
0.00635568
0.000391058
-0.00504233
-0.0100255
-0.014534
-0.0185588
-0.0221031
-0.0251724
-0.0277788
-0.0299399
-0.0316784
-0.0330178
-0.033991
-0.0346507
-0.0349901
-0.0350724
-0.0349236
-0.0345941
-0.0340931
-0.0334899
-0.0327584
-0.0320043
-0.0311325
-0.0303278
-0.0293637
-0.0285273
-0.0275905
-0.0267148
-0.0257888
-0.0248839
-0.0239432
-0.0229941
-0.0220062
-0.0209884
-0.0199233
-0.0188117
-0.0176443
-0.0164223
-0.0151346
-0.0137854
-0.0124093
-0.0108569
-0.00919779
-0.00788226
-0.0063637
-0.00479129
-0.00320206
-0.00161158
-4.09502e-05
0.00149166
0.00296871
0.00437297
0.00568872
0.0069003
0.00799423
0.00896335
0.0097849
0.010471
0.0110087
0.0113993
0.0116455
0.0117529
0.0117296
0.0115856
0.0113329
0.0109845
0.0105546
0.0100573
0.00950695
0.0089175
0.00830204
0.00767265
0.00704026
0.00641434
0.00580307
0.00521312
0.00464983
0.00411706
0.0036173
0.00315201
0.00272289
0.00233553
0.00199239
0.00167047
0.00137991
0.00111969
0.000887625
0.000681226
0.000497925
0.000335216
0.000190727
6.22684e-05
-5.21187e-05
-0.000154127
-0.000245178
-0.000326429
-0.000398817
-0.000463099
-0.000519834
-0.000569341
-0.000612277
-0.000649005
-0.000679846
-0.000705124
-0.00072516
-0.000740262
-0.000750709
-0.000756785
-0.000758786
-0.000757026
-0.000751829
-0.000743533
-0.000732479
-0.000719012
-0.000703467
-0.000686174
-0.000667449
-0.000647585
-0.000626851
-0.000605491
-0.000583719
-0.000561726
-0.000539678
-0.000517718
-0.00049597
-0.000474536
-0.000453506
-0.000432951
-0.000412929
-0.000393485
-0.000374651
-0.000356451
-0.000338899
-0.000322003
-0.000305763
-0.000290177
-0.000275237
-0.000260934
-0.000247256
-0.000234189
-0.000221719
-0.000209828
-0.000198501
-0.000187718
-0.000177462
-0.000167714
-0.000158455
-0.000149666
-0.000141327
-0.000133421
-0.000125928
-0.00011883
-0.00011211
-0.000105751
-9.9735e-05
-9.4046e-05
-8.86682e-05
-8.35863e-05
-7.87853e-05
-7.42511e-05
-6.99698e-05
-6.59292e-05
-6.21174e-05
-5.85203e-05
-5.51261e-05
-5.1924e-05
-4.89034e-05
-4.60543e-05
-4.33672e-05
-4.08333e-05
-3.8444e-05
-3.61913e-05
-3.40678e-05
-3.20661e-05
-3.01796e-05
-2.84018e-05
-2.67267e-05
-2.51485e-05
-2.36618e-05
-2.22615e-05
-2.09427e-05
-1.97007e-05
-1.85313e-05
-1.74302e-05
-1.63937e-05
-1.5418e-05
-1.44996e-05
-1.36353e-05
-1.28219e-05
-1.20565e-05
-1.13363e-05
-1.06587e-05
-1.00212e-05
-9.42141e-06
-8.85719e-06
-8.32642e-06
-7.82712e-06
-7.35742e-06
-6.91559e-06
-6.49997e-06
-6.10902e-06
-5.7413e-06
-5.39544e-06
-5.07018e-06
-4.76433e-06
-4.47677e-06
0.000416373
0.000436453
0.000440907
0.00044902
0.000453013
0.0004573
0.000460266
0.000463303
0.000466053
0.000469054
0.000472215
0.000475722
0.000479501
0.000483554
0.000487778
0.000492082
0.000496343
0.000500444
0.00050427
0.000507719
0.000510707
0.000513171
0.000515063
0.000516359
0.000517048
0.000517133
0.000516631
0.000515566
0.000513971
0.000511883
0.000509338
0.000506374
0.000503021
0.000499303
0.000495241
0.000490844
0.000486113
0.000481045
0.000475628
0.000469841
0.000463672
0.000457092
0.000450084
0.00044263
0.000434706
0.000426287
0.000417329
0.000407804
0.000397664
0.000386887
0.000375415
0.000363215
0.000350257
0.000336487
0.000321874
0.000306436
0.000290149
0.000272952
0.000254805
0.000235644
0.00021542
0.000194071
0.000171557
0.000147783
0.000122691
9.62159e-05
6.82761e-05
3.87842e-05
7.64129e-06
-2.52667e-05
-6.0105e-05
-9.67493e-05
-0.000135337
-0.000176013
-0.000218911
-0.000264162
-0.000311901
-0.000362262
-0.000415389
-0.000471429
-0.000530534
-0.000592862
-0.000658638
-0.000727915
-0.000800835
-0.000878253
-0.000959769
-0.00104566
-0.00113623
-0.00123177
-0.0013328
-0.00143901
-0.00155093
-0.00166893
-0.00179333
-0.00192448
-0.00206277
-0.00220858
-0.00236231
-0.00252441
-0.00269534
-0.00287558
-0.00306567
-0.00326613
-0.00347755
-0.00370051
-0.00393564
-0.0041836
-0.00444507
-0.00472075
-0.00501143
-0.00531791
-0.00564106
-0.00598183
-0.00634119
-0.00672021
-0.00711997
-0.00754162
-0.00798633
-0.00845535
-0.00894997
-0.00947159
-0.0100217
-0.0106019
-0.0112139
-0.0118595
-0.0125406
-0.0132593
-0.0140178
-0.0148182
-0.0156628
-0.0165542
-0.0174949
-0.0184878
-0.0195359
-0.0206428
-0.0218123
-0.0230486
-0.0243561
-0.0257393
-0.0272026
-0.0287509
-0.0303894
-0.0321242
-0.0339621
-0.0359106
-0.0379777
-0.0401715
-0.0425
-0.0449717
-0.0475965
-0.050386
-0.0533539
-0.056515
-0.0598839
-0.0634735
-0.0672958
-0.0713632
-0.0756908
-0.0802978
-0.0852066
-0.090439
-0.0960128
-0.101935
-0.108198
-0.114773
-0.121604
-0.128598
-0.135627
-0.14251
-0.149005
-0.154785
-0.159424
-0.162193
-0.162388
-0.158863
-0.150302
-0.135022
-0.111064
-0.0762428
-0.0282719
0.0349381
0.114588
0.210797
0.319668
0.433119
0.534472
0.601234
0.587951
0.466098
0.167727
-0.319384
-0.999416
-1.85365
-0.000842218
-0.000834644
-0.000829469
-0.000823649
-0.000820066
-0.000816479
-0.000813853
-0.000811189
-0.000808709
-0.00080598
-0.000803048
-0.000799764
-0.000796188
-0.000792329
-0.000788289
-0.000784161
-0.00078007
-0.000776133
-0.000772464
-0.000769162
-0.000766306
-0.000763958
-0.000762164
-0.000760951
-0.000760332
-0.000760301
-0.000760842
-0.000761929
-0.000763525
-0.000765594
-0.0007681
-0.000771012
-0.000774304
-0.00077795
-0.000781929
-0.000786218
-0.000790812
-0.000795707
-0.000800928
-0.000806514
-0.000812463
-0.000818814
-0.000825561
-0.000832754
-0.00084043
-0.000848601
-0.000857308
-0.000866546
-0.000876348
-0.000886719
-0.000897802
-0.000909662
-0.000922256
-0.000935632
-0.000949811
-0.000964777
-0.000980694
-0.000997542
-0.00101535
-0.00103416
-0.00105398
-0.00107483
-0.00109662
-0.00111986
-0.00114454
-0.00117063
-0.0011982
-0.0012273
-0.00125801
-0.00129038
-0.0013244
-0.00136042
-0.00139854
-0.00143879
-0.00148129
-0.00152617
-0.00157354
-0.00162353
-0.00167629
-0.00173193
-0.00179052
-0.00185173
-0.00191676
-0.00198579
-0.00205766
-0.00213517
-0.00221618
-0.00230164
-0.00239177
-0.0024868
-0.00258666
-0.00269228
-0.00280378
-0.00292137
-0.00304538
-0.00317616
-0.00331407
-0.0034595
-0.00361286
-0.0037746
-0.00394516
-0.00412505
-0.00431478
-0.00451489
-0.00472595
-0.00494857
-0.00518336
-0.00543097
-0.00569209
-0.00596745
-0.00625779
-0.00656394
-0.00688677
-0.00722722
-0.00758628
-0.00796499
-0.00836445
-0.0087858
-0.00923022
-0.00969894
-0.0101933
-0.0107146
-0.0112645
-0.0118444
-0.0124561
-0.0131015
-0.0137824
-0.0145009
-0.0152591
-0.0160593
-0.0169038
-0.0177951
-0.0187356
-0.0197283
-0.0207762
-0.0218828
-0.0230521
-0.0242883
-0.0255956
-0.0269786
-0.0284418
-0.0299899
-0.0316283
-0.0333629
-0.0352007
-0.0371492
-0.0392164
-0.0414103
-0.0437389
-0.0462108
-0.0488357
-0.0516253
-0.0545934
-0.0577549
-0.0611242
-0.0647142
-0.0685369
-0.0726047
-0.0769328
-0.0815404
-0.0864502
-0.0916842
-0.0972601
-0.103185
-0.109453
-0.116034
-0.122872
-0.129878
-0.136922
-0.143827
-0.150359
-0.156217
-0.160998
-0.163495
-0.163504
-0.159946
-0.151365
-0.136065
-0.112084
-0.0772376
-0.0292388
0.0340017
0.113668
0.209898
0.31876
0.432155
0.533346
0.599459
0.586997
0.464972
0.166399
-0.320853
-1.00094
-1.85514
0.000586247
0.000603495
0.000610451
0.000619222
0.000623462
0.000628347
0.000631432
0.000634892
0.000637828
0.000641165
0.000644551
0.000648337
0.000652335
0.000656614
0.000661021
0.000665495
0.000669893
0.000674107
0.000678017
0.000681525
0.000684548
0.000687024
0.000688912
0.000690191
0.000690854
0.000690909
0.000690368
0.000689256
0.0006876
0.000685438
0.000682812
0.000679764
0.00067633
0.000672529
0.000668372
0.000663862
0.000658988
0.00065375
0.000648134
0.000642139
0.000635746
0.00062892
0.000621625
0.000613889
0.000605701
0.000597027
0.0005878
0.000577975
0.000567477
0.000556286
0.000544405
0.000531836
0.00051851
0.000504321
0.000489179
0.000473258
0.000456578
0.000439019
0.000420515
0.000400978
0.000380328
0.000358452
0.000335203
0.000310845
0.000285298
0.000258411
0.000230065
0.000200155
0.000168557
0.000135113
9.92329e-05
6.19441e-05
2.2848e-05
-1.82961e-05
-6.16483e-05
-0.000107345
-0.000155523
-0.000206324
-0.000259902
-0.000316428
-0.000376157
-0.000439746
-0.000506325
-0.00057612
-0.000649566
-0.000727536
-0.000809596
-0.000896018
-0.000987112
-0.00108317
-0.0011845
-0.00129124
-0.00140371
-0.00152225
-0.00164719
-0.0017789
-0.00191774
-0.00206411
-0.00221841
-0.00238109
-0.0025526
-0.00273344
-0.00292413
-0.00312521
-0.00333725
-0.00356085
-0.00379663
-0.00404525
-0.00430738
-0.00458375
-0.00487512
-0.00518231
-0.00550619
-0.00584769
-0.00620782
-0.00658761
-0.00698817
-0.00741062
-0.00785616
-0.00832601
-0.00882149
-0.00934398
-0.00989498
-0.0104761
-0.011089
-0.0117356
-0.0124177
-0.0131375
-0.013897
-0.0146984
-0.0155442
-0.0164368
-0.0173786
-0.0183726
-0.0194219
-0.0205299
-0.0217007
-0.0229383
-0.0242471
-0.0256316
-0.0270963
-0.028646
-0.030286
-0.0320223
-0.0338618
-0.0358121
-0.0378811
-0.0400769
-0.0424074
-0.0448811
-0.047508
-0.0502996
-0.0532698
-0.0564333
-0.0598047
-0.0633969
-0.0672215
-0.071291
-0.0756206
-0.0802296
-0.0851403
-0.0903747
-0.09595
-0.101873
-0.108137
-0.114711
-0.121539
-0.128528
-0.135547
-0.142412
-0.148873
-0.15458
-0.159053
-0.16212
-0.162425
-0.158908
-0.150332
-0.135025
-0.111029
-0.0761567
-0.0281204
0.0351645
0.114911
0.211209
0.320166
0.433687
0.535114
0.602346
0.587943
0.465773
0.167048
-0.320352
-1.00053
-1.85477
-0.000745215
-0.000740508
-0.000734884
-0.000730528
-0.000727183
-0.000724253
-0.000721934
-0.000719678
-0.000717506
-0.000715115
-0.000712492
-0.000709526
-0.000706257
-0.000702706
-0.000698973
-0.000695151
-0.000691364
-0.000687726
-0.000684348
-0.000681316
-0.000678706
-0.000676578
-0.000674977
-0.000673933
-0.000673459
-0.000673553
-0.000674194
-0.000675355
-0.000676996
-0.000679073
-0.000681565
-0.000684448
-0.000687708
-0.000691306
-0.000695225
-0.000699427
-0.000703888
-0.000708604
-0.000713628
-0.000719051
-0.00072481
-0.000730966
-0.00073746
-0.000744424
-0.000751888
-0.000759863
-0.000768357
-0.000777346
-0.000786859
-0.000796688
-0.000807459
-0.000819011
-0.000831291
-0.0008443
-0.000858053
-0.000872513
-0.000888132
-0.00090465
-0.000922161
-0.000940659
-0.000960118
-0.000980579
-0.0010013
-0.00102413
-0.00104846
-0.0010742
-0.00110143
-0.00113018
-0.00116049
-0.00119241
-0.00122543
-0.00126089
-0.00129856
-0.00133842
-0.00138054
-0.00142505
-0.00147207
-0.00152172
-0.00157413
-0.00162945
-0.00168775
-0.00174908
-0.00181379
-0.00188223
-0.00195451
-0.00203101
-0.00211167
-0.00219677
-0.00228654
-0.00238121
-0.00248098
-0.00258629
-0.00269744
-0.0028147
-0.00293839
-0.00306886
-0.00320647
-0.0033516
-0.00350468
-0.00366612
-0.00383641
-0.00401602
-0.00420548
-0.00440532
-0.00461613
-0.00483849
-0.00507303
-0.0053204
-0.00558129
-0.00585641
-0.00614653
-0.00645247
-0.0067751
-0.00711535
-0.00747422
-0.00785276
-0.00825207
-0.00867327
-0.00911755
-0.00958616
-0.0100804
-0.0106016
-0.0111514
-0.0117313
-0.012343
-0.0129883
-0.0136692
-0.0143877
-0.015146
-0.0159462
-0.0167908
-0.0176821
-0.0186227
-0.0196155
-0.0206636
-0.0217704
-0.0229399
-0.0241763
-0.025484
-0.0268672
-0.0283307
-0.0298792
-0.0315178
-0.0332528
-0.035091
-0.03704
-0.0391078
-0.0413023
-0.0436315
-0.046104
-0.0487294
-0.0515197
-0.0544887
-0.0576511
-0.0610214
-0.0646127
-0.0684367
-0.0725061
-0.0768361
-0.0814464
-0.0863595
-0.0915976
-0.0971784
-0.103109
-0.109384
-0.115973
-0.122821
-0.129839
-0.136899
-0.143827
-0.150396
-0.156325
-0.161327
-0.163507
-0.163418
-0.159833
-0.151233
-0.135911
-0.111898
-0.0770075
-0.0289499
0.0343612
0.114123
0.210441
0.319388
0.432825
0.533952
0.5994
0.587524
0.465193
0.166215
-0.321412
-1.00173
-1.856
0.000500534
0.000514087
0.000521399
0.000529862
0.000534421
0.000539683
0.000543069
0.000546957
0.00055019
0.00055389
0.000557545
0.000561617
0.000565837
0.000570321
0.000574888
0.000579496
0.000583993
0.000588276
0.000592217
0.000595728
0.000598731
0.000601177
0.000603034
0.000604286
0.000604931
0.000604972
0.000604421
0.00060329
0.000601597
0.000599379
0.000596705
0.000593625
0.000590165
0.000586341
0.000582151
0.000577579
0.000572607
0.000567222
0.000561448
0.000555303
0.000548747
0.000541721
0.000534115
0.000526134
0.00051775
0.000508896
0.000499477
0.000489425
0.000478626
0.000466992
0.000454765
0.000441935
0.000428353
0.000413846
0.000398003
0.000381702
0.00036475
0.000346938
0.000328181
0.000308376
0.000287416
0.000265149
0.000240938
0.000216153
0.000190285
0.000163097
0.000134455
0.000104253
7.23753e-05
3.86855e-05
3.0168e-06
-3.44839e-05
-7.38813e-05
-0.000115333
-0.00015899
-0.000204991
-0.000253473
-0.000304577
-0.000358457
-0.000415282
-0.000475264
-0.000538707
-0.000605576
-0.000675727
-0.000749721
-0.000827856
-0.000910222
-0.000996958
-0.00108836
-0.0011847
-0.00128626
-0.00139329
-0.00150608
-0.00162494
-0.00175021
-0.00188225
-0.00202142
-0.00216811
-0.00232275
-0.00248576
-0.00265762
-0.0028388
-0.00302984
-0.00323128
-0.00344368
-0.00366765
-0.0039038
-0.0041528
-0.00441531
-0.00469207
-0.00498384
-0.00529144
-0.00561574
-0.00595767
-0.00631823
-0.00669848
-0.00709949
-0.00752242
-0.00796844
-0.00843878
-0.00893476
-0.00945777
-0.0100093
-0.010591
-0.0112045
-0.0118516
-0.0125343
-0.0132547
-0.0140148
-0.0148169
-0.0156634
-0.0165565
-0.0174991
-0.0184938
-0.0195438
-0.0206526
-0.0218241
-0.0230625
-0.0243721
-0.0257575
-0.027223
-0.0287735
-0.0304143
-0.0321515
-0.0339919
-0.0359433
-0.0380134
-0.0402102
-0.0425418
-0.0450166
-0.0476445
-0.0504372
-0.0534086
-0.0565735
-0.0599463
-0.0635399
-0.0673661
-0.0714373
-0.0757691
-0.0803806
-0.0852944
-0.0905321
-0.096111
-0.102038
-0.108305
-0.114882
-0.121713
-0.128704
-0.135724
-0.142585
-0.149034
-0.154698
-0.158925
-0.162311
-0.162722
-0.159234
-0.150667
-0.135356
-0.111341
-0.0764322
-0.0283372
0.0350314
0.114889
0.211323
0.320431
0.434098
0.535658
0.603498
0.588262
0.465784
0.166644
-0.321146
-1.00152
-1.85577
-0.000648793
-0.000643194
-0.000637357
-0.000633749
-0.000630686
-0.000628387
-0.000626413
-0.000624669
-0.000622906
-0.000621005
-0.000618835
-0.000616337
-0.000613521
-0.00061043
-0.000607149
-0.000603771
-0.000600414
-0.000597199
-0.000594221
-0.000591548
-0.000589256
-0.000587413
-0.00058607
-0.00058526
-0.000584992
-0.000585266
-0.000586054
-0.000587326
-0.00058903
-0.000591108
-0.000593585
-0.000596453
-0.000599702
-0.000603283
-0.000607162
-0.000611291
-0.000615607
-0.000620038
-0.000624856
-0.000630158
-0.000635763
-0.000641748
-0.000647919
-0.000654664
-0.000661962
-0.000669774
-0.00067812
-0.000686879
-0.0006962
-0.000705058
-0.000715694
-0.000726941
-0.000738966
-0.000751695
-0.000764587
-0.000778758
-0.00079406
-0.000810296
-0.000827528
-0.000845754
-0.000864967
-0.000885175
-0.000906217
-0.000928747
-0.000952756
-0.000978188
-0.00100509
-0.00103351
-0.0010635
-0.0010951
-0.00112831
-0.00116351
-0.00120084
-0.00124035
-0.00128212
-0.00132628
-0.00137294
-0.00142224
-0.00147431
-0.00152928
-0.00158729
-0.00164845
-0.00171291
-0.00178102
-0.001853
-0.00192904
-0.00200931
-0.00209402
-0.00218343
-0.00227775
-0.00237725
-0.00248223
-0.00259301
-0.00270991
-0.00283324
-0.00296335
-0.0031006
-0.00324538
-0.0033981
-0.0035592
-0.00372913
-0.0039084
-0.00409751
-0.00429701
-0.00450747
-0.00472949
-0.00496369
-0.00521072
-0.00547128
-0.00574607
-0.00603586
-0.00634147
-0.00666379
-0.00700373
-0.0073623
-0.00774055
-0.00813956
-0.00856049
-0.0090045
-0.00947283
-0.0099668
-0.0104878
-0.0110373
-0.011617
-0.0122285
-0.0128736
-0.0135544
-0.0142727
-0.0150308
-0.0158309
-0.0166754
-0.0175666
-0.0185071
-0.0194998
-0.0205478
-0.0216547
-0.0228242
-0.0240607
-0.0253683
-0.0267516
-0.0282151
-0.0297635
-0.0314022
-0.0331373
-0.0349756
-0.0369249
-0.038993
-0.0411878
-0.0435173
-0.04599
-0.0486157
-0.0514063
-0.0543756
-0.0575385
-0.0609095
-0.0645015
-0.0683266
-0.0723973
-0.0767295
-0.0813426
-0.0862595
-0.0915022
-0.0970884
-0.103026
-0.109307
-0.115905
-0.122764
-0.129796
-0.136875
-0.143828
-0.150432
-0.156424
-0.161672
-0.163613
-0.163495
-0.159906
-0.15131
-0.135986
-0.111959
-0.0770349
-0.0289185
0.0344803
0.114376
0.210848
0.319979
0.433594
0.534834
0.59978
0.588321
0.465728
0.166317
-0.321771
-1.00237
-1.85676
0.000410601
0.000422699
0.000429743
0.000438361
0.000443347
0.000449307
0.00045327
0.000457697
0.000461395
0.000465536
0.00046955
0.000473982
0.000478485
0.000483217
0.000487971
0.000492736
0.00049735
0.00050168
0.000505589
0.000509028
0.000511949
0.000514324
0.000516132
0.000517361
0.000518005
0.000518064
0.000517536
0.000516411
0.000514665
0.000512367
0.000509662
0.000506601
0.000503183
0.000499402
0.00049524
0.00049066
0.000485605
0.000480027
0.000474125
0.000467916
0.000461292
0.000454147
0.000446025
0.000437867
0.000429384
0.000420446
0.00041093
0.000400741
0.000389742
0.000377377
0.000364917
0.000351984
0.000338328
0.000323797
0.000308356
0.000292093
0.000275045
0.000257125
0.000238249
0.00021832
0.000197247
0.000174904
0.000151086
0.000126211
0.000100177
7.28251e-05
4.40253e-05
1.36738e-05
-1.83341e-05
-5.21106e-05
-8.77543e-05
-0.000125314
-0.000164843
-0.000206453
-0.000250273
-0.000296439
-0.000345085
-0.000396352
-0.000450393
-0.000507372
-0.00056747
-0.000630901
-0.000697802
-0.000768159
-0.000842385
-0.000920617
-0.00100309
-0.00108996
-0.00118149
-0.00127794
-0.0013796
-0.00148674
-0.00159966
-0.00171865
-0.00184406
-0.00197623
-0.00211554
-0.00226237
-0.00241714
-0.00258029
-0.00275228
-0.0029336
-0.00312478
-0.00332635
-0.0035389
-0.003763
-0.0039993
-0.00424844
-0.0045111
-0.00478801
-0.00507993
-0.00538768
-0.00571214
-0.00605425
-0.00641499
-0.00679542
-0.00719662
-0.00761975
-0.00806596
-0.00853652
-0.00903271
-0.00955595
-0.0101077
-0.0106896
-0.0113034
-0.0119508
-0.0126338
-0.0133545
-0.0141149
-0.0149173
-0.015764
-0.0166575
-0.0176004
-0.0185954
-0.0196458
-0.020755
-0.0219269
-0.0231657
-0.0244757
-0.0258613
-0.0273272
-0.028878
-0.0305191
-0.0322566
-0.0340975
-0.0360493
-0.03812
-0.0403173
-0.0426494
-0.0451246
-0.0477529
-0.050546
-0.0535179
-0.0566834
-0.0600568
-0.0636512
-0.0674785
-0.0715513
-0.0758853
-0.0804999
-0.0854175
-0.0906598
-0.0962439
-0.102177
-0.10845
-0.115035
-0.121875
-0.128877
-0.135908
-0.142783
-0.149242
-0.154899
-0.159
-0.162559
-0.163049
-0.159606
-0.151071
-0.13578
-0.111767
-0.0768375
-0.0286913
0.0347656
0.114762
0.211374
0.3207
0.43459
0.536339
0.604826
0.589065
0.466292
0.166665
-0.321648
-1.00234
-1.85669
-0.000543581
-0.000538597
-0.000533154
-0.0005307
-0.000528528
-0.000527424
-0.000526111
-0.000525181
-0.000523991
-0.000522851
-0.00052134
-0.000519505
-0.000517316
-0.000514865
-0.000512205
-0.000509425
-0.000506604
-0.00050393
-0.000501412
-0.000499154
-0.000497255
-0.000495793
-0.000494809
-0.000494337
-0.000494374
-0.000494914
-0.000495923
-0.000497345
-0.000499094
-0.00050116
-0.000503646
-0.000506548
-0.000509841
-0.000513466
-0.000517358
-0.000521468
-0.000525685
-0.000529457
-0.000534174
-0.000539462
-0.000544992
-0.000550906
-0.000556476
-0.000563093
-0.000570289
-0.000578004
-0.000586324
-0.000595014
-0.000604252
-0.000613713
-0.000624129
-0.000635326
-0.000647225
-0.000659836
-0.000673084
-0.000687212
-0.000702327
-0.000718384
-0.00073541
-0.000753425
-0.000772444
-0.000792487
-0.000813569
-0.000835928
-0.000859677
-0.000884838
-0.000911456
-0.000939593
-0.000969313
-0.00100068
-0.00103377
-0.00106876
-0.0011058
-0.00114498
-0.00118643
-0.00123025
-0.00127657
-0.00132552
-0.00137724
-0.00143187
-0.00148954
-0.00155041
-0.00161461
-0.00168241
-0.00175402
-0.00182967
-0.00190954
-0.00199386
-0.00208288
-0.00217683
-0.00227597
-0.00238058
-0.00249098
-0.00260748
-0.00273041
-0.00286011
-0.00299696
-0.00314133
-0.00329364
-0.00345433
-0.00362386
-0.00380271
-0.00399141
-0.00419049
-0.00440053
-0.00462212
-0.0048559
-0.00510251
-0.00536263
-0.00563699
-0.00592636
-0.00623155
-0.00655344
-0.00689296
-0.00725112
-0.00762896
-0.00802756
-0.00844808
-0.00889169
-0.00935963
-0.00985321
-0.0103738
-0.010923
-0.0115023
-0.0121134
-0.0127582
-0.0134386
-0.0141567
-0.0149145
-0.0157143
-0.0165584
-0.0174493
-0.0183896
-0.0193821
-0.0204299
-0.0215365
-0.0227059
-0.0239421
-0.0252495
-0.0266326
-0.0280957
-0.0296439
-0.0312823
-0.0330172
-0.0348555
-0.0368048
-0.0388729
-0.0410677
-0.0433972
-0.0458698
-0.0484954
-0.0512859
-0.0542552
-0.0574182
-0.0607894
-0.0643818
-0.0682076
-0.0722797
-0.0766141
-0.0812304
-0.0861515
-0.0913993
-0.0969915
-0.102936
-0.109225
-0.115833
-0.122705
-0.129753
-0.136853
-0.143833
-0.150473
-0.15652
-0.161946
-0.163791
-0.163718
-0.160153
-0.151585
-0.136281
-0.112259
-0.0773151
-0.0291416
0.0343587
0.114421
0.211111
0.320518
0.434436
0.535956
0.601226
0.589434
0.466599
0.166709
-0.321936
-1.00289
-1.85744
0.000311335
0.000323943
0.000330796
0.000341104
0.000346775
0.000355592
0.000360727
0.00036601
0.000370555
0.000375186
0.000379708
0.000384653
0.000389563
0.000394635
0.000399638
0.000404614
0.000409451
0.000413659
0.000417367
0.000420658
0.000423488
0.000425825
0.000427637
0.000428908
0.000429624
0.000429776
0.000429343
0.000428248
0.000426207
0.000423847
0.000421228
0.00041831
0.000415043
0.00041141
0.000407373
0.000402875
0.000397811
0.00039171
0.000385801
0.000379691
0.000373201
0.00036624
0.00035873
0.000350777
0.000342392
0.000333523
0.000324053
0.000313941
0.000303053
0.000291258
0.00027893
0.000266017
0.00025242
0.000237992
0.000222734
0.000206602
0.000189608
0.000171705
0.000152838
0.000132918
0.000111871
8.95998e-05
6.602e-05
4.12259e-05
1.51885e-05
-1.21895e-05
-4.10134e-05
-7.13813e-05
-0.000103391
-0.000137143
-0.000172732
-0.000210247
-0.000249767
-0.00029139
-0.000335232
-0.00038142
-0.00043009
-0.000481378
-0.000535436
-0.000592421
-0.000652505
-0.000715873
-0.000782681
-0.000853056
-0.000927278
-0.00100548
-0.0010879
-0.00117472
-0.00126621
-0.00136261
-0.00146421
-0.00157129
-0.00168415
-0.00180308
-0.00192843
-0.00206054
-0.00219978
-0.00234655
-0.00250125
-0.00266433
-0.00283625
-0.0030175
-0.00320859
-0.00341008
-0.00362253
-0.00384655
-0.00408275
-0.00433178
-0.00459435
-0.00487115
-0.00516297
-0.00547062
-0.00579498
-0.00613699
-0.00649764
-0.00687797
-0.00727909
-0.00770212
-0.00814825
-0.00861871
-0.00911483
-0.00963799
-0.0101897
-0.0107715
-0.0113852
-0.0120326
-0.0127155
-0.0134361
-0.0141965
-0.0149988
-0.0158455
-0.016739
-0.0176818
-0.0186768
-0.0197271
-0.0208363
-0.0220082
-0.023247
-0.0245569
-0.0259423
-0.0274079
-0.0289585
-0.0305994
-0.0323368
-0.0341776
-0.0361294
-0.0382
-0.0403973
-0.0427292
-0.0452042
-0.0478322
-0.050625
-0.0535967
-0.0567619
-0.0601353
-0.0637298
-0.0675576
-0.0716317
-0.0759679
-0.0805859
-0.0855081
-0.090756
-0.0963467
-0.102287
-0.10857
-0.115166
-0.12202
-0.12904
-0.136095
-0.142998
-0.149488
-0.155173
-0.159249
-0.162869
-0.163427
-0.160041
-0.15156
-0.13631
-0.11232
-0.0773843
-0.0291908
0.0343639
0.114528
0.211369
0.320987
0.43519
0.537198
0.605864
0.590303
0.46727
0.167099
-0.321855
-1.00297
-1.85753
-0.000421218
-0.000421058
-0.00041548
-0.00041779
-0.000415491
-0.000419615
-0.000418951
-0.000420461
-0.000419614
-0.000420175
-0.000419549
-0.000418573
-0.000417208
-0.000415611
-0.000413789
-0.000411803
-0.000409333
-0.000407003
-0.000405014
-0.000403329
-0.000402025
-0.000401147
-0.000400715
-0.00040075
-0.000401242
-0.00040217
-0.000403495
-0.000405093
-0.000406642
-0.00040869
-0.000411323
-0.000414409
-0.000417848
-0.000421615
-0.000425631
-0.000429898
-0.000434294
-0.000438748
-0.000443618
-0.000448981
-0.000454604
-0.000460644
-0.000466817
-0.000473565
-0.000480812
-0.000488569
-0.000496845
-0.000505601
-0.000514863
-0.000524604
-0.000535028
-0.000546188
-0.000558054
-0.000570636
-0.00058395
-0.000598071
-0.000613082
-0.00062901
-0.000645887
-0.000663744
-0.000682612
-0.000702527
-0.000723542
-0.000745769
-0.000769317
-0.00079425
-0.000820629
-0.000848521
-0.000877998
-0.000909139
-0.000942033
-0.000976801
-0.00101357
-0.00105247
-0.0010936
-0.0011371
-0.00118308
-0.00123169
-0.00128306
-0.00133733
-0.00139466
-0.00145519
-0.00151909
-0.00158655
-0.00165778
-0.00173303
-0.00181251
-0.00189643
-0.00198503
-0.00207857
-0.0021773
-0.0022815
-0.00239148
-0.00250755
-0.00263004
-0.0027593
-0.00289569
-0.00303961
-0.00319147
-0.00335169
-0.00352075
-0.00369913
-0.00388734
-0.00408594
-0.00429549
-0.00451659
-0.00474986
-0.00499596
-0.00525558
-0.00552942
-0.00581827
-0.00612295
-0.00644432
-0.00678333
-0.00714097
-0.0075183
-0.00791639
-0.0083364
-0.00877949
-0.00924692
-0.00974
-0.0102601
-0.0108088
-0.0113876
-0.0119983
-0.0126426
-0.0133225
-0.0140401
-0.0147974
-0.0155968
-0.0164405
-0.0173309
-0.0182708
-0.0192629
-0.0203103
-0.0214166
-0.0225856
-0.0238214
-0.0251284
-0.0265109
-0.0279736
-0.0295212
-0.0311591
-0.0328936
-0.0347316
-0.0366806
-0.0387484
-0.040943
-0.0432721
-0.0457444
-0.0483695
-0.0511596
-0.0541285
-0.0572911
-0.0606621
-0.0642545
-0.0680809
-0.0721544
-0.0764911
-0.0811111
-0.086037
-0.0912906
-0.0968896
-0.102842
-0.109141
-0.11576
-0.122647
-0.129715
-0.13684
-0.143851
-0.150529
-0.156624
-0.162186
-0.164042
-0.16407
-0.160553
-0.152039
-0.136781
-0.112785
-0.0778348
-0.0296084
0.0340043
0.114261
0.211227
0.320993
0.435328
0.537274
0.602853
0.590908
0.467843
0.167411
-0.321902
-1.00329
-1.85806
0.000210684
0.000225051
0.000231008
0.000243174
0.000248122
0.000257688
0.000262263
0.000270092
0.000274887
0.000281772
0.000287398
0.000293141
0.000298633
0.000304157
0.000309453
0.000314502
0.000318741
0.000322714
0.000326419
0.000329817
0.000332766
0.000335235
0.000337196
0.00033863
0.000339531
0.000339887
0.000339703
0.000338958
0.000337632
0.000335788
0.000333516
0.000330872
0.000327867
0.000324488
0.000320697
0.000316464
0.00031172
0.000306376
0.000300774
0.000294865
0.000288603
0.000281878
0.000274695
0.000267006
0.000258816
0.000250112
0.000240802
0.000230866
0.000220204
0.000208789
0.000196713
0.000183967
0.000170523
0.000156277
0.000141214
0.000125274
0.000108444
9.06793e-05
7.19395e-05
5.21506e-05
3.12484e-05
9.15694e-06
-1.41859e-05
-3.87899e-05
-6.46894e-05
-9.19532e-05
-0.000120668
-0.000150924
-0.000182813
-0.000216431
-0.000251873
-0.000289238
-0.000328619
-0.000370114
-0.000413835
-0.000459906
-0.000508457
-0.000559625
-0.000613556
-0.000670405
-0.000730336
-0.000793523
-0.000860133
-0.000930346
-0.00100438
-0.00108239
-0.00116459
-0.00125121
-0.00134248
-0.00143866
-0.00154003
-0.00164687
-0.00175948
-0.00187817
-0.00200326
-0.00213511
-0.00227409
-0.00242058
-0.00257501
-0.0027378
-0.00290942
-0.00309037
-0.00328116
-0.00348233
-0.00369445
-0.00391813
-0.00415398
-0.00440266
-0.00466486
-0.0049413
-0.00523275
-0.00554002
-0.005864
-0.00620563
-0.00656589
-0.00694584
-0.00734656
-0.00776919
-0.00821492
-0.00868497
-0.00918068
-0.00970343
-0.0102547
-0.0108362
-0.0114494
-0.0120964
-0.0127789
-0.0134991
-0.014259
-0.0150609
-0.0159071
-0.0168001
-0.0177425
-0.0187371
-0.019787
-0.0208957
-0.0220672
-0.0233054
-0.0246147
-0.0259995
-0.0274643
-0.0290141
-0.0306542
-0.0323909
-0.034231
-0.0361822
-0.0382522
-0.0404487
-0.0427799
-0.045254
-0.047881
-0.0506729
-0.0536434
-0.0568077
-0.0601802
-0.0637742
-0.067602
-0.0716771
-0.0760155
-0.0806371
-0.0855643
-0.0908186
-0.096417
-0.102367
-0.108661
-0.115272
-0.122145
-0.129191
-0.136278
-0.143222
-0.149762
-0.155504
-0.159648
-0.163236
-0.163872
-0.160559
-0.152154
-0.136967
-0.113018
-0.0780893
-0.0298508
0.0338145
0.114177
0.211305
0.321296
0.435918
0.538282
0.607014
0.591944
0.468684
0.167925
-0.321776
-1.0034
-1.85825
-0.000308889
-0.000306919
-0.000304825
-0.00030627
-0.000306538
-0.000308567
-0.000309813
-0.000311532
-0.000312647
-0.000313346
-0.000313589
-0.000313667
-0.000313345
-0.000312811
-0.00031205
-0.00031121
-0.000310355
-0.00030914
-0.000308005
-0.000307179
-0.000306658
-0.000306494
-0.00030671
-0.000307318
-0.000308325
-0.000309696
-0.00031144
-0.00031348
-0.000315787
-0.000318346
-0.000321275
-0.000324577
-0.000328195
-0.000332115
-0.000336287
-0.000340716
-0.000345326
-0.000350151
-0.000355254
-0.000360747
-0.000366543
-0.000372713
-0.00037919
-0.000386109
-0.00039347
-0.000401317
-0.000409652
-0.000418488
-0.000427839
-0.000437732
-0.000448238
-0.000459416
-0.000471288
-0.000483871
-0.000497198
-0.000511311
-0.000526268
-0.000542112
-0.000558884
-0.000576626
-0.000595378
-0.000615187
-0.00063611
-0.000658223
-0.000681614
-0.000706362
-0.000732538
-0.000760216
-0.000789474
-0.000820397
-0.000853077
-0.000887621
-0.000924144
-0.000962766
-0.00100361
-0.00104679
-0.00109245
-0.00114072
-0.00119174
-0.00124565
-0.00130262
-0.00136279
-0.00142634
-0.00149344
-0.0015643
-0.00163915
-0.00171822
-0.00180172
-0.00188989
-0.00198299
-0.00208127
-0.00218503
-0.00229455
-0.00241015
-0.00253217
-0.00266095
-0.00279686
-0.00294028
-0.00309163
-0.00325135
-0.00341989
-0.00359775
-0.00378544
-0.0039835
-0.0041925
-0.00441304
-0.00464575
-0.00489129
-0.00515032
-0.00542359
-0.00571186
-0.00601594
-0.00633673
-0.00667516
-0.00703222
-0.00740895
-0.00780646
-0.00822587
-0.00866837
-0.00913521
-0.00962769
-0.0101472
-0.0106953
-0.0112736
-0.0118836
-0.0125274
-0.0132068
-0.0139238
-0.0146805
-0.0154793
-0.0163225
-0.0172124
-0.0181517
-0.0191433
-0.0201902
-0.021296
-0.0224645
-0.0236998
-0.0250062
-0.026388
-0.0278499
-0.0293968
-0.031034
-0.0327679
-0.0346053
-0.0365538
-0.0386212
-0.0408152
-0.0431438
-0.0456154
-0.0482398
-0.0510291
-0.0539972
-0.0571591
-0.0605295
-0.0641216
-0.0679484
-0.0720232
-0.0763626
-0.0809866
-0.0859179
-0.0911782
-0.0967851
-0.102746
-0.109057
-0.11569
-0.122595
-0.129687
-0.136842
-0.143891
-0.150612
-0.156754
-0.162413
-0.164372
-0.164537
-0.161089
-0.152654
-0.137466
-0.113518
-0.0785778
-0.0303043
0.0334296
0.113907
0.211201
0.321405
0.436256
0.538743
0.604974
0.592764
0.469486
0.168447
-0.321656
-1.00357
-1.85862
0.000118612
0.000130247
0.000138606
0.000148868
0.000156085
0.000164797
0.000171417
0.000178819
0.000185179
0.000191955
0.000198176
0.000204446
0.000210344
0.000216141
0.000221618
0.000226814
0.000231572
0.000235905
0.000239804
0.000243239
0.000246215
0.000248715
0.00025072
0.000252217
0.00025322
0.000253704
0.000253698
0.000253192
0.000252205
0.000250726
0.000248803
0.000246477
0.000243764
0.000240667
0.000237168
0.000233243
0.000228868
0.000224017
0.000218791
0.000213175
0.000207193
0.000200743
0.000193854
0.000186447
0.000178519
0.000170056
0.000160989
0.000151309
0.00014094
0.000129874
0.00011811
0.00010564
9.2445e-05
7.84635e-05
6.36637e-05
4.79937e-05
3.14251e-05
1.39114e-05
-4.58631e-06
-2.41284e-05
-4.47734e-05
-6.65864e-05
-8.96268e-05
-0.000113939
-0.000139571
-0.000166586
-0.00019506
-0.000225074
-0.000256718
-0.000290082
-0.000325262
-0.000362357
-0.000401468
-0.000442697
-0.000486155
-0.000531963
-0.00058025
-0.000631151
-0.000684809
-0.000741375
-0.00080101
-0.000863881
-0.000930162
-0.00100004
-0.00107371
-0.00115136
-0.00123319
-0.00131942
-0.0014103
-0.00150608
-0.00160704
-0.00171345
-0.00182562
-0.00194385
-0.00206849
-0.00219987
-0.00233836
-0.00248437
-0.00263829
-0.00280057
-0.00297166
-0.00315207
-0.00334229
-0.00354289
-0.00375443
-0.0039775
-0.00421273
-0.00446078
-0.00472233
-0.00499811
-0.00528888
-0.00559548
-0.00591877
-0.0062597
-0.00661925
-0.00699848
-0.00739846
-0.00782035
-0.00826531
-0.0087346
-0.00922953
-0.00975149
-0.010302
-0.0108826
-0.0114951
-0.0121412
-0.0128229
-0.0135422
-0.0143013
-0.0151023
-0.0159476
-0.0168397
-0.0177812
-0.0187748
-0.0198239
-0.0209317
-0.0221021
-0.0233393
-0.0246475
-0.026031
-0.0274945
-0.0290429
-0.0306817
-0.032417
-0.0342559
-0.0362058
-0.0382745
-0.0404697
-0.0427993
-0.0452718
-0.0478972
-0.0506872
-0.053656
-0.0568184
-0.0601893
-0.0637819
-0.0676092
-0.0716848
-0.0760253
-0.0806506
-0.0855831
-0.0908443
-0.0964513
-0.102412
-0.108719
-0.115348
-0.122244
-0.129321
-0.136449
-0.143445
-0.150051
-0.155873
-0.160185
-0.163639
-0.164396
-0.161174
-0.152868
-0.137768
-0.11388
-0.0789692
-0.0306873
0.0331019
0.113694
0.211171
0.321624
0.436778
0.539626
0.608615
0.593977
0.47052
0.169123
-0.321432
-1.00365
-1.85886
-0.000202926
-0.000201648
-0.000200926
-0.000202453
-0.000203619
-0.000205639
-0.000207483
-0.000209505
-0.000211112
-0.000212497
-0.000213406
-0.000214126
-0.000214466
-0.000214613
-0.000214563
-0.000214434
-0.000214271
-0.000214108
-0.00021397
-0.000213997
-0.000214242
-0.000214753
-0.000215565
-0.000216694
-0.00021816
-0.000219928
-0.000222035
-0.000224418
-0.000227095
-0.000230042
-0.000233278
-0.000236805
-0.000240608
-0.000244686
-0.000249015
-0.000253602
-0.000258422
-0.000263497
-0.000268838
-0.000274495
-0.000280475
-0.000286806
-0.000293494
-0.000300583
-0.000308093
-0.000316061
-0.000324503
-0.000333449
-0.000342916
-0.000352937
-0.000363547
-0.00037479
-0.000386702
-0.000399314
-0.000412662
-0.000426782
-0.000441721
-0.000457521
-0.000474232
-0.000491898
-0.000510569
-0.000530297
-0.000551139
-0.00057316
-0.000596434
-0.000621038
-0.00064705
-0.000674548
-0.000703616
-0.000734341
-0.000766818
-0.000801148
-0.000837441
-0.000875811
-0.00091638
-0.000959272
-0.00100462
-0.00105256
-0.00110324
-0.0011568
-0.00121341
-0.00127321
-0.00133639
-0.00140312
-0.0014736
-0.00154806
-0.0016267
-0.00170977
-0.0017975
-0.00189014
-0.00198797
-0.00209126
-0.0022003
-0.00231542
-0.00243695
-0.00256523
-0.00270062
-0.00284353
-0.00299436
-0.00315355
-0.00332156
-0.00349887
-0.003686
-0.0038835
-0.00409193
-0.00431189
-0.00454401
-0.00478894
-0.00504737
-0.00532002
-0.00560768
-0.00591115
-0.00623132
-0.00656913
-0.00692558
-0.00730169
-0.00769858
-0.00811737
-0.00855924
-0.00902545
-0.00951731
-0.0100362
-0.0105837
-0.0111613
-0.0117708
-0.012414
-0.0130927
-0.0138091
-0.0145653
-0.0153635
-0.016206
-0.0170953
-0.0180341
-0.0190251
-0.0200715
-0.0211767
-0.0223447
-0.0235793
-0.024885
-0.0262661
-0.0277271
-0.029273
-0.0309094
-0.0326425
-0.0344793
-0.0364272
-0.0384939
-0.0406871
-0.0430149
-0.0454855
-0.0481089
-0.0508971
-0.0538641
-0.057025
-0.0603944
-0.063986
-0.067813
-0.0718892
-0.0762315
-0.0808601
-0.0857975
-0.0910654
-0.0966814
-0.102654
-0.108977
-0.115627
-0.122554
-0.129675
-0.136867
-0.143961
-0.150734
-0.156925
-0.162644
-0.164805
-0.165115
-0.161749
-0.153418
-0.138326
-0.114447
-0.0795311
-0.0312159
0.032648
0.113371
0.211047
0.321762
0.437225
0.540339
0.60736
0.595009
0.471541
0.169836
-0.321178
-1.00372
-1.85915
-4.19251e-05
-3.3947e-05
-2.72775e-05
-2.10214e-05
-1.56181e-05
-1.02881e-05
-5.44374e-06
-6.59812e-07
3.8858e-06
8.43036e-06
1.2845e-05
1.72337e-05
2.14937e-05
2.56592e-05
2.96782e-05
3.35301e-05
3.71183e-05
4.04587e-05
4.35092e-05
4.62095e-05
4.85288e-05
5.04501e-05
5.19617e-05
5.30556e-05
5.37464e-05
5.40279e-05
5.38918e-05
5.33762e-05
5.24855e-05
5.1226e-05
4.95973e-05
4.7609e-05
4.5269e-05
4.25904e-05
3.9566e-05
3.61877e-05
3.24551e-05
2.83468e-05
2.38784e-05
1.90279e-05
1.38098e-05
8.1655e-06
2.10844e-06
-4.42374e-06
-1.1444e-05
-1.8979e-05
-2.70667e-05
-3.57245e-05
-4.49981e-05
-5.49082e-05
-6.54836e-05
-7.67476e-05
-8.87273e-05
-0.000101461
-0.000114984
-0.000129341
-0.000144573
-0.000160722
-0.000177835
-0.00019596
-0.000215153
-0.00023547
-0.000256972
-0.000279718
-0.00030377
-0.000329196
-0.000356069
-0.000384468
-0.000414476
-0.000446181
-0.000479679
-0.000515069
-0.000552455
-0.000591946
-0.000633656
-0.000677707
-0.000724226
-0.000773349
-0.000825217
-0.000879978
-0.00093779
-0.000998816
-0.00106323
-0.00113121
-0.00120296
-0.00127867
-0.00135855
-0.00144283
-0.00153175
-0.00162555
-0.00172452
-0.00182892
-0.00193907
-0.00205526
-0.00217783
-0.00230714
-0.00244355
-0.00258744
-0.00273923
-0.00289936
-0.00306828
-0.00324649
-0.0034345
-0.00363285
-0.00384211
-0.00406288
-0.00429579
-0.00454148
-0.00480065
-0.00507402
-0.00536237
-0.00566651
-0.00598732
-0.00632575
-0.00668277
-0.00705944
-0.00745684
-0.00787611
-0.00831842
-0.00878503
-0.00927724
-0.00979647
-0.0103442
-0.010922
-0.0115317
-0.012175
-0.0128537
-0.0135701
-0.0143261
-0.0151241
-0.0159663
-0.0168553
-0.0177936
-0.018784
-0.0198298
-0.0209343
-0.0221013
-0.0233349
-0.0246393
-0.0260189
-0.0274783
-0.0290225
-0.0306569
-0.0323879
-0.0342225
-0.0361679
-0.038232
-0.0404223
-0.0427468
-0.045214
-0.0478336
-0.0506178
-0.0535803
-0.0567364
-0.0601008
-0.0636872
-0.0675091
-0.0715805
-0.0759185
-0.0805432
-0.085477
-0.0907411
-0.0963526
-0.102319
-0.108636
-0.115277
-0.12219
-0.12929
-0.136447
-0.143469
-0.15007
-0.155751
-0.159374
-0.163346
-0.164888
-0.162027
-0.153994
-0.139112
-0.115379
-0.0805305
-0.0321696
0.0318975
0.113038
0.211414
0.323122
0.439836
0.544343
0.62124
0.60052
0.475251
0.169396
-0.328233
-1.01898
-1.88578
-0.000111804
-0.000107858
-0.000104828
-0.000102803
-0.000101218
-0.000100055
-9.90598e-05
-9.81725e-05
-9.72304e-05
-9.62032e-05
-9.50303e-05
-9.38184e-05
-9.25081e-05
-9.11745e-05
-8.98351e-05
-8.85681e-05
-8.74204e-05
-8.64243e-05
-8.56165e-05
-8.50584e-05
-8.47885e-05
-8.48369e-05
-8.52241e-05
-8.59629e-05
-8.70577e-05
-8.8502e-05
-9.02949e-05
-9.24173e-05
-9.48674e-05
-9.76381e-05
-0.000100728
-0.000104134
-0.000107849
-0.000111868
-0.000116189
-0.000120812
-0.000125736
-0.000130973
-0.000136527
-0.000142425
-0.000148677
-0.000155312
-0.000162343
-0.000169803
-0.000177714
-0.000186105
-0.000195002
-0.000204432
-0.00021442
-0.000224996
-0.000236187
-0.000248029
-0.000260553
-0.000273794
-0.000287789
-0.000302575
-0.000318194
-0.000334689
-0.000352106
-0.000370494
-0.000389904
-0.00041039
-0.000432009
-0.000454822
-0.000478898
-0.000504307
-0.000531126
-0.000559433
-0.000589312
-0.000620851
-0.000654143
-0.000689288
-0.000726391
-0.000765564
-0.000806924
-0.000850596
-0.00089671
-0.0009454
-0.000996811
-0.00105109
-0.00110839
-0.00116888
-0.00123273
-0.00130012
-0.00137124
-0.00144631
-0.00152554
-0.00160916
-0.00169741
-0.00179055
-0.00188884
-0.00199257
-0.00210202
-0.00221751
-0.00233939
-0.00246798
-0.00260367
-0.00274684
-0.00289789
-0.00305728
-0.00322544
-0.00340288
-0.0035901
-0.00378765
-0.00399609
-0.00421602
-0.00444807
-0.0046929
-0.00495118
-0.00522365
-0.00551108
-0.00581429
-0.00613416
-0.00647163
-0.00682769
-0.00720337
-0.00759977
-0.00801802
-0.00845931
-0.00892489
-0.00941607
-0.00993425
-0.0104809
-0.0110577
-0.0116663
-0.0123085
-0.0129863
-0.0137016
-0.0144566
-0.0152536
-0.0160948
-0.0169827
-0.0179201
-0.0189096
-0.0199545
-0.0210582
-0.0222244
-0.0234571
-0.0247607
-0.0261394
-0.0275979
-0.0291412
-0.0307749
-0.0325053
-0.0343392
-0.0362843
-0.0383479
-0.0405379
-0.0428621
-0.0453289
-0.0479482
-0.0507319
-0.0536942
-0.0568501
-0.0602147
-0.063802
-0.0676258
-0.0717007
-0.0760444
-0.0806773
-0.0856225
-0.0909016
-0.0965327
-0.102525
-0.108877
-0.115565
-0.122547
-0.129744
-0.137043
-0.144283
-0.151254
-0.157741
-0.16376
-0.167667
-0.167493
-0.164097
-0.156149
-0.141513
-0.118065
-0.0834643
-0.0352288
0.0289502
0.110605
0.210116
0.323772
0.443362
0.551424
0.618579
0.615827
0.494021
0.187427
-0.314684
-1.01024
-1.88296
-4.76647e-05
-4.0277e-05
-3.39011e-05
-2.79438e-05
-2.26507e-05
-1.75156e-05
-1.27677e-05
-8.14027e-06
-3.72536e-06
6.25291e-07
4.84526e-06
8.98772e-06
1.29856e-05
1.68527e-05
2.06015e-05
2.41264e-05
2.74018e-05
3.04241e-05
3.31574e-05
3.55593e-05
3.75984e-05
3.92578e-05
4.05276e-05
4.13993e-05
4.18905e-05
4.1986e-05
4.16912e-05
4.10295e-05
4.00098e-05
3.86363e-05
3.69084e-05
3.4831e-05
3.24067e-05
2.9648e-05
2.65434e-05
2.30916e-05
1.92865e-05
1.51144e-05
1.05758e-05
5.65332e-06
3.5206e-07
-5.3731e-06
-1.15183e-05
-1.81337e-05
-2.52363e-05
-3.28529e-05
-4.10175e-05
-4.975e-05
-5.90897e-05
-6.90599e-05
-7.96921e-05
-9.10112e-05
-0.000103047
-0.000115834
-0.000129409
-0.000143814
-0.00015909
-0.000175282
-0.000192435
-0.000210599
-0.000229826
-0.000250175
-0.000271703
-0.000294472
-0.000318548
-0.000343997
-0.000370893
-0.000399313
-0.000429341
-0.000461065
-0.000494578
-0.000529979
-0.000567373
-0.000606869
-0.000648581
-0.000692631
-0.000739147
-0.000788263
-0.00084012
-0.000894866
-0.000952657
-0.00101366
-0.00107803
-0.00114598
-0.00121767
-0.00129331
-0.00137312
-0.00145732
-0.00154614
-0.00163985
-0.0017387
-0.00184299
-0.00195299
-0.00206903
-0.00219145
-0.00232058
-0.00245679
-0.00260048
-0.00275205
-0.00291194
-0.0030806
-0.00325853
-0.00344624
-0.00364427
-0.00385318
-0.00407357
-0.00430607
-0.00455134
-0.00481006
-0.00508295
-0.00537079
-0.00567441
-0.00599467
-0.00633252
-0.00668893
-0.00706496
-0.00746168
-0.00788023
-0.00832179
-0.00878761
-0.009279
-0.00979736
-0.0103442
-0.0109211
-0.0115298
-0.012172
-0.0128497
-0.0135649
-0.0143197
-0.0151164
-0.0159573
-0.0168449
-0.0177817
-0.0187707
-0.0198149
-0.0209178
-0.022083
-0.0233147
-0.0246169
-0.025994
-0.0274507
-0.028992
-0.0306236
-0.0323516
-0.034183
-0.0361253
-0.0381859
-0.0403724
-0.0426927
-0.0451553
-0.0477699
-0.0505485
-0.0535051
-0.056655
-0.0600131
-0.0635938
-0.0674112
-0.0714804
-0.0758193
-0.0804486
-0.0853913
-0.0906691
-0.0963001
-0.102294
-0.10865
-0.115347
-0.122343
-0.12956
-0.136885
-0.144145
-0.15109
-0.15732
-0.162082
-0.165186
-0.167291
-0.165146
-0.157939
-0.143902
-0.120999
-0.086864
-0.0389295
0.0252476
0.107412
0.208236
0.324316
0.447688
0.561139
0.640431
0.639043
0.522048
0.21557
-0.291225
-0.992014
-1.8699
-0.000100022
-9.60625e-05
-9.2962e-05
-9.06975e-05
-8.88873e-05
-8.74589e-05
-8.61955e-05
-8.5034e-05
-8.38539e-05
-8.26205e-05
-8.13015e-05
-7.99392e-05
-7.85606e-05
-7.71749e-05
-7.58157e-05
-7.45458e-05
-7.34092e-05
-7.24399e-05
-7.1672e-05
-7.11513e-05
-7.0909e-05
-7.09693e-05
-7.13482e-05
-7.20564e-05
-7.30988e-05
-7.447e-05
-7.61653e-05
-7.81772e-05
-8.05035e-05
-8.31401e-05
-8.60857e-05
-8.93365e-05
-9.28885e-05
-9.67403e-05
-0.000100891
-0.000105343
-0.0001101
-0.000115171
-0.000120564
-0.000126298
-0.00013239
-0.000138859
-0.000145727
-0.000153018
-0.000160757
-0.00016897
-0.000177683
-0.000186923
-0.000196717
-0.000207092
-0.000218077
-0.000229702
-0.000242002
-0.00025501
-0.000268762
-0.000283297
-0.000298655
-0.000314879
-0.000332016
-0.000350113
-0.000369224
-0.000389401
-0.000410703
-0.000433191
-0.000456929
-0.000481989
-0.000508445
-0.000536376
-0.000565865
-0.000597001
-0.000629876
-0.000664589
-0.000701244
-0.000739951
-0.000780827
-0.000823996
-0.000869585
-0.000917731
-0.000968576
-0.00102227
-0.00107896
-0.00113882
-0.00120202
-0.00126873
-0.00133916
-0.00141351
-0.00149199
-0.00157484
-0.00166229
-0.0017546
-0.00185204
-0.00195488
-0.00206343
-0.00217799
-0.0022989
-0.00242651
-0.00256118
-0.0027033
-0.00285328
-0.00301156
-0.00317858
-0.00335485
-0.00354086
-0.00373716
-0.00394431
-0.00416291
-0.00439359
-0.00463699
-0.00489382
-0.00516479
-0.00545067
-0.00575229
-0.00607053
-0.00640632
-0.00676064
-0.00713454
-0.00752909
-0.00794544
-0.00838475
-0.00884829
-0.00933737
-0.00985339
-0.0103978
-0.0109723
-0.0115785
-0.0122183
-0.0128935
-0.0136061
-0.0143583
-0.0151524
-0.0159906
-0.0168755
-0.0178096
-0.0187958
-0.0198372
-0.0209372
-0.0220996
-0.0233282
-0.0246273
-0.0260012
-0.0274545
-0.0289924
-0.0306204
-0.0323449
-0.0341728
-0.0361114
-0.0381683
-0.0403509
-0.0426671
-0.0451254
-0.0477354
-0.0505091
-0.0534606
-0.0566051
-0.0599579
-0.0635336
-0.0673466
-0.0714127
-0.0757501
-0.0803801
-0.0853257
-0.0906093
-0.0962497
-0.102258
-0.108635
-0.115364
-0.122408
-0.129697
-0.137128
-0.144543
-0.151728
-0.158399
-0.164339
-0.169189
-0.170425
-0.167657
-0.160704
-0.14714
-0.124781
-0.0911646
-0.0436028
0.0205218
0.103224
0.205551
0.324528
0.452566
0.572835
0.660838
0.668218
0.558804
0.253583
-0.258306
-0.964999
-1.85467
-5.10116e-05
-4.43144e-05
-3.83745e-05
-3.27835e-05
-2.77362e-05
-2.28687e-05
-1.83363e-05
-1.39486e-05
-9.76659e-06
-5.68459e-06
-1.74538e-06
2.08875e-06
5.74891e-06
9.27556e-06
1.26572e-05
1.58132e-05
1.87214e-05
2.13761e-05
2.37479e-05
2.58073e-05
2.75286e-05
2.88964e-05
2.99005e-05
3.05337e-05
3.08103e-05
3.0712e-05
3.02515e-05
2.94402e-05
2.82887e-05
2.6799e-05
2.49709e-05
2.28061e-05
2.03038e-05
1.74713e-05
1.4297e-05
1.07806e-05
6.91403e-06
2.68696e-06
-1.90805e-06
-6.88553e-06
-1.22498e-05
-1.80342e-05
-2.42438e-05
-3.09173e-05
-3.80745e-05
-4.57421e-05
-5.39508e-05
-6.27228e-05
-7.20925e-05
-8.20853e-05
-9.27327e-05
-0.000104062
-0.000116104
-0.000128892
-0.000142465
-0.00015686
-0.000172122
-0.000188293
-0.00020542
-0.000223553
-0.000242744
-0.000263048
-0.000284527
-0.00030724
-0.000331255
-0.000356638
-0.000383465
-0.000411811
-0.00044176
-0.000473399
-0.000506821
-0.000542125
-0.000579414
-0.000618798
-0.000660391
-0.000704314
-0.000750696
-0.00079967
-0.000851377
-0.000905965
-0.000963589
-0.00102441
-0.0010886
-0.00115633
-0.0012278
-0.00130321
-0.00138277
-0.00146671
-0.00155525
-0.00164866
-0.00174719
-0.00185114
-0.00196078
-0.00207644
-0.00219845
-0.00232715
-0.00246291
-0.00260611
-0.00275716
-0.0029165
-0.00308458
-0.00326189
-0.00344894
-0.00364627
-0.00385444
-0.00407404
-0.00430571
-0.00455009
-0.00480788
-0.00507979
-0.00536661
-0.00566915
-0.00598829
-0.00632496
-0.00668014
-0.00705487
-0.00745022
-0.00786733
-0.00830738
-0.00877162
-0.00926135
-0.00977799
-0.010323
-0.010898
-0.0115047
-0.0121449
-0.0128204
-0.0135333
-0.0142858
-0.01508
-0.0159182
-0.016803
-0.017737
-0.018723
-0.0197641
-0.0208637
-0.0220254
-0.0232533
-0.0245514
-0.025924
-0.0273759
-0.0289121
-0.0305383
-0.0322609
-0.0340867
-0.0360229
-0.0380771
-0.0402567
-0.0425695
-0.045024
-0.0476297
-0.0503986
-0.0533448
-0.0564835
-0.0598303
-0.0634
-0.0672075
-0.071269
-0.0756032
-0.0802317
-0.0851778
-0.0904641
-0.09611
-0.102128
-0.108521
-0.115275
-0.122358
-0.129705
-0.137218
-0.144746
-0.152068
-0.158861
-0.164592
-0.168262
-0.169463
-0.16926
-0.163298
-0.150539
-0.128958
-0.0960621
-0.0490457
0.0149024
0.0981129
0.202078
0.324394
0.457983
0.586572
0.685398
0.704395
0.60495
0.302073
-0.214935
-0.927263
-1.81445
-9.03251e-05
-8.62305e-05
-8.29103e-05
-8.03098e-05
-7.81332e-05
-7.6307e-05
-7.46525e-05
-7.31135e-05
-7.16009e-05
-7.00841e-05
-6.85443e-05
-6.69953e-05
-6.5497e-05
-6.40261e-05
-6.26155e-05
-6.13218e-05
-6.01798e-05
-5.92196e-05
-5.84694e-05
-5.79633e-05
-5.7727e-05
-5.77799e-05
-5.8134e-05
-5.87979e-05
-5.97754e-05
-6.10613e-05
-6.26526e-05
-6.45453e-05
-6.67388e-05
-6.92316e-05
-7.2024e-05
-7.51149e-05
-7.85022e-05
-8.21869e-05
-8.61695e-05
-9.04541e-05
-9.50475e-05
-9.99592e-05
-0.000105199
-0.000110782
-0.000116723
-0.000123043
-0.000129762
-0.000136903
-0.000144489
-0.000152546
-0.000161098
-0.000170174
-0.000179798
-0.000189999
-0.000200806
-0.000212247
-0.000224355
-0.000237164
-0.000250711
-0.000265033
-0.00028017
-0.000296167
-0.000313068
-0.000330923
-0.000349783
-0.000369703
-0.00039074
-0.000412955
-0.000436413
-0.000461183
-0.000487339
-0.000514958
-0.000544124
-0.000574924
-0.000607452
-0.000641804
-0.000678084
-0.000716401
-0.00075687
-0.000799614
-0.000844761
-0.000892445
-0.000942808
-0.000995997
-0.00105217
-0.00111149
-0.00117412
-0.00124025
-0.00131007
-0.00138379
-0.00146162
-0.00154378
-0.00163053
-0.00172211
-0.00181879
-0.00192085
-0.00202859
-0.00214232
-0.00226237
-0.0023891
-0.00252287
-0.00266406
-0.00281308
-0.00297037
-0.00313639
-0.00331161
-0.00349655
-0.00369176
-0.00389777
-0.0041152
-0.00434467
-0.00458683
-0.00484238
-0.00511203
-0.00539656
-0.0056968
-0.00601361
-0.00634794
-0.00670075
-0.00707309
-0.00746603
-0.0078807
-0.00831829
-0.00878005
-0.00926729
-0.00978141
-0.0103239
-0.0108964
-0.0115005
-0.012138
-0.0128109
-0.0135212
-0.014271
-0.0150624
-0.0158979
-0.0167799
-0.0177111
-0.0186943
-0.0197325
-0.0208292
-0.021988
-0.0232127
-0.0245075
-0.0258767
-0.027325
-0.0288575
-0.0304799
-0.0321986
-0.0340203
-0.0359524
-0.038002
-0.0401767
-0.0424845
-0.0449336
-0.0475334
-0.0502959
-0.0532352
-0.0563667
-0.0597059
-0.0632682
-0.0670688
-0.0711243
-0.0754541
-0.0800799
-0.0850256
-0.0903139
-0.0959651
-0.101993
-0.108403
-0.115186
-0.122312
-0.129727
-0.137338
-0.145005
-0.15252
-0.159579
-0.165784
-0.170886
-0.173939
-0.17224
-0.166701
-0.15465
-0.133884
-0.1018
-0.0554381
0.00824212
0.0919436
0.197666
0.323744
0.463744
0.602146
0.713926
0.747236
0.660581
0.361049
-0.163337
-0.883927
-1.80094
-5.24309e-05
-4.64642e-05
-4.10443e-05
-3.59023e-05
-3.11984e-05
-2.66742e-05
-2.24456e-05
-1.83691e-05
-1.44976e-05
-1.07473e-05
-7.15455e-06
-3.68888e-06
-4.16615e-07
2.72205e-06
5.68151e-06
8.42437e-06
1.09239e-05
1.31746e-05
1.51541e-05
1.68411e-05
1.82167e-05
1.92684e-05
1.99871e-05
2.03665e-05
2.04149e-05
2.0117e-05
1.94848e-05
1.85229e-05
1.72399e-05
1.56358e-05
1.37095e-05
1.14605e-05
8.88553e-06
5.98652e-06
2.75292e-06
-8.17249e-07
-4.73311e-06
-9.00413e-06
-1.36413e-05
-1.86578e-05
-2.40645e-05
-2.98867e-05
-3.61354e-05
-4.28407e-05
-5.0024e-05
-5.77111e-05
-6.59302e-05
-7.47052e-05
-8.40671e-05
-9.40426e-05
-0.000104662
-0.000115955
-0.000127953
-0.00014069
-0.000154201
-0.000168528
-0.000183711
-0.000199794
-0.000216825
-0.000234852
-0.000253928
-0.000274109
-0.000295454
-0.000318024
-0.000341885
-0.000367106
-0.000393761
-0.000421927
-0.000451686
-0.000483124
-0.000516335
-0.000551416
-0.000588471
-0.000627607
-0.00066894
-0.000712591
-0.000758688
-0.000807363
-0.000858757
-0.000913018
-0.000970298
-0.00103076
-0.00109457
-0.00116191
-0.00123296
-0.00130793
-0.00138704
-0.00147049
-0.00155853
-0.0016514
-0.00174939
-0.00185275
-0.00196178
-0.0020768
-0.00219813
-0.00232612
-0.00246112
-0.00260353
-0.00275375
-0.00291221
-0.00307936
-0.00325569
-0.0034417
-0.00363793
-0.00384493
-0.0040633
-0.00429367
-0.00453669
-0.00479304
-0.00506345
-0.00534869
-0.00564957
-0.00596698
-0.00630184
-0.00665512
-0.00702786
-0.00742112
-0.00783604
-0.00827379
-0.00873562
-0.00922285
-0.00973686
-0.0102792
-0.0108513
-0.011455
-0.012092
-0.0127643
-0.0134738
-0.0142227
-0.0150131
-0.0158474
-0.0167281
-0.0176578
-0.0186394
-0.019676
-0.0207708
-0.0219275
-0.0231499
-0.0244422
-0.0258086
-0.0272538
-0.028783
-0.0304019
-0.0321169
-0.0339348
-0.0358628
-0.037908
-0.0400779
-0.0423805
-0.0448241
-0.0474178
-0.0501735
-0.0531054
-0.0562289
-0.05956
-0.0631141
-0.0669069
-0.0709557
-0.0752802
-0.0799025
-0.0848468
-0.0901364
-0.0957923
-0.10183
-0.108257
-0.115069
-0.122242
-0.129727
-0.137443
-0.145259
-0.152978
-0.160303
-0.166823
-0.171891
-0.174129
-0.174407
-0.170059
-0.159021
-0.139285
-0.108207
-0.0626808
0.000584507
0.0847135
0.192248
0.322485
0.469748
0.619495
0.746508
0.797152
0.726336
0.431637
-0.0977582
-0.822567
-1.71163
-8.3402e-05
-7.91584e-05
-7.55849e-05
-7.26233e-05
-7.00492e-05
-6.77988e-05
-6.5739e-05
-6.38206e-05
-6.19821e-05
-6.01989e-05
-5.84596e-05
-5.67754e-05
-5.51656e-05
-5.36596e-05
-5.22455e-05
-5.09773e-05
-4.98803e-05
-4.89781e-05
-4.82923e-05
-4.78464e-05
-4.76595e-05
-4.77465e-05
-4.81171e-05
-4.87774e-05
-4.97307e-05
-5.09728e-05
-5.25018e-05
-5.43168e-05
-5.64185e-05
-5.88082e-05
-6.14883e-05
-6.44604e-05
-6.77254e-05
-7.12861e-05
-7.5145e-05
-7.93078e-05
-8.37826e-05
-8.85801e-05
-9.37108e-05
-9.91879e-05
-0.000105027
-0.000111246
-0.000117865
-0.000124904
-0.000132387
-0.000140338
-0.000148781
-0.000157741
-0.000167247
-0.000177324
-0.000188001
-0.000199308
-0.000211275
-0.000223936
-0.000237328
-0.000251488
-0.000266457
-0.000282278
-0.000298997
-0.000316661
-0.000335324
-0.000355038
-0.000375862
-0.000397856
-0.000421085
-0.000445617
-0.000471525
-0.000498885
-0.000527781
-0.0005583
-0.000590532
-0.000624576
-0.000660534
-0.000698511
-0.000738625
-0.000780997
-0.000825753
-0.000873027
-0.00092296
-0.000975697
-0.0010314
-0.00109022
-0.00115234
-0.00121793
-0.00128719
-0.00136032
-0.00143753
-0.00151906
-0.00160514
-0.00169601
-0.00179197
-0.00189328
-0.00200024
-0.00211316
-0.00223238
-0.00235826
-0.00249114
-0.00263142
-0.00277951
-0.00293584
-0.00310087
-0.00327508
-0.00345898
-0.00365311
-0.00385802
-0.00407431
-0.0043026
-0.00454356
-0.00479787
-0.00506625
-0.00534948
-0.00564837
-0.00596381
-0.00629671
-0.00664805
-0.00701886
-0.00741021
-0.00782323
-0.00825909
-0.00871905
-0.00920441
-0.00971657
-0.010257
-0.0108273
-0.0114292
-0.0120644
-0.0127348
-0.0134423
-0.0141892
-0.0149777
-0.0158099
-0.0166886
-0.0176161
-0.0185955
-0.0196298
-0.0207222
-0.0218763
-0.023096
-0.0243853
-0.0257485
-0.0271903
-0.0287158
-0.0303309
-0.0320419
-0.0338556
-0.0357789
-0.0378192
-0.0399835
-0.04228
-0.044717
-0.0473036
-0.0500515
-0.0529749
-0.0560894
-0.0594111
-0.0629557
-0.0667396
-0.0707805
-0.0750986
-0.0797166
-0.0846588
-0.0899493
-0.0956099
-0.101658
-0.108105
-0.11495
-0.122176
-0.129744
-0.137582
-0.145572
-0.153532
-0.161177
-0.168108
-0.173818
-0.177807
-0.178072
-0.174422
-0.1644
-0.14585
-0.115991
-0.0715256
-0.00885635
0.0756575
0.185147
0.320234
0.476182
0.639785
0.785678
0.858605
0.808384
0.519312
-0.0254971
-0.76432
-1.72454
-5.13703e-05
-4.61974e-05
-4.13821e-05
-3.67745e-05
-3.24901e-05
-2.83698e-05
-2.45024e-05
-2.07848e-05
-1.72697e-05
-1.38923e-05
-1.06885e-05
-7.63447e-06
-4.77455e-06
-2.06588e-06
4.38398e-07
2.73309e-06
4.7939e-06
6.61484e-06
8.18034e-06
9.47689e-06
1.04916e-05
1.12149e-05
1.16394e-05
1.17602e-05
1.15787e-05
1.10862e-05
1.0289e-05
9.18883e-06
7.78927e-06
6.08833e-06
4.08308e-06
1.77014e-06
-8.55559e-07
-3.7971e-06
-7.06394e-06
-1.0661e-05
-1.45977e-05
-1.88851e-05
-2.35349e-05
-2.85607e-05
-3.39762e-05
-3.98016e-05
-4.60515e-05
-5.27499e-05
-5.99184e-05
-6.75815e-05
-7.57655e-05
-8.44954e-05
-9.37996e-05
-0.000103706
-0.000114244
-0.000125443
-0.000137336
-0.000149956
-0.00016334
-0.000177527
-0.000192558
-0.000208477
-0.000225331
-0.000243168
-0.000262042
-0.000282008
-0.000303124
-0.000325453
-0.00034906
-0.000374013
-0.000400386
-0.000428255
-0.000457702
-0.000488814
-0.000521683
-0.000556405
-0.000593084
-0.000631826
-0.000672746
-0.000715965
-0.00076161
-0.000809814
-0.000860716
-0.000914462
-0.000971205
-0.0010311
-0.00109433
-0.00116105
-0.00123147
-0.00130577
-0.00138418
-0.00146691
-0.00155419
-0.00164627
-0.00174343
-0.00184594
-0.00195407
-0.00206813
-0.00218848
-0.00231545
-0.00244938
-0.00259066
-0.00273969
-0.0028969
-0.00306274
-0.00323769
-0.00342223
-0.00361695
-0.00382232
-0.00403898
-0.00426755
-0.00450869
-0.00476306
-0.00503141
-0.00531449
-0.00561314
-0.00592821
-0.00626064
-0.0066114
-0.0069815
-0.00737203
-0.00778411
-0.00821892
-0.00867771
-0.00916178
-0.00967255
-0.0102115
-0.0107802
-0.0113803
-0.0120136
-0.012682
-0.0133875
-0.0141321
-0.0149181
-0.0157479
-0.0166238
-0.0175486
-0.018525
-0.0195561
-0.0206453
-0.0217959
-0.0230117
-0.0242969
-0.0256556
-0.0270925
-0.028613
-0.0302227
-0.031928
-0.0337356
-0.0356526
-0.0376858
-0.0398426
-0.0421313
-0.0445604
-0.0471381
-0.049876
-0.0527884
-0.0558911
-0.0592004
-0.0627325
-0.0665042
-0.0705339
-0.0748422
-0.0794525
-0.0843893
-0.0896773
-0.0953397
-0.101396
-0.107861
-0.114739
-0.122021
-0.129678
-0.137648
-0.145831
-0.154058
-0.162058
-0.169437
-0.175686
-0.179904
-0.180992
-0.179203
-0.170598
-0.153573
-0.125278
-0.0822151
-0.0204312
0.0643515
0.175832
0.316532
0.482868
0.663471
0.832832
0.933957
0.911674
0.633061
0.0857786
-0.655127
-1.52076
-7.62513e-05
-7.16589e-05
-6.75812e-05
-6.39837e-05
-6.07333e-05
-5.77831e-05
-5.50568e-05
-5.25153e-05
-5.01274e-05
-4.7872e-05
-4.57448e-05
-4.37489e-05
-4.18942e-05
-4.01998e-05
-3.86552e-05
-3.72936e-05
-3.61312e-05
-3.51807e-05
-3.44562e-05
-3.397e-05
-3.37337e-05
-3.37566e-05
-3.40454e-05
-3.46049e-05
-3.54374e-05
-3.65419e-05
-3.79177e-05
-3.95653e-05
-4.14873e-05
-4.36876e-05
-4.61709e-05
-4.89419e-05
-5.20048e-05
-5.53646e-05
-5.90264e-05
-6.29974e-05
-6.72866e-05
-7.19057e-05
-7.6866e-05
-8.21801e-05
-8.78629e-05
-9.39307e-05
-0.000100402
-0.000107297
-0.000114637
-0.000122446
-0.000130746
-0.000139563
-0.000148924
-0.000158856
-0.000169385
-0.000180543
-0.000192359
-0.000204868
-0.000218104
-0.000232107
-0.000246917
-0.000262577
-0.000279133
-0.000296633
-0.000315129
-0.000334675
-0.000355329
-0.000377151
-0.000400206
-0.000424562
-0.00045029
-0.000477466
-0.000506174
-0.0005365
-0.000568534
-0.000602373
-0.000638118
-0.000675874
-0.000715758
-0.000757889
-0.000802393
-0.000849403
-0.000899057
-0.000951503
-0.0010069
-0.0010654
-0.00112718
-0.00119241
-0.0012613
-0.00133403
-0.00141082
-0.0014919
-0.0015775
-0.00166787
-0.0017633
-0.00186405
-0.00197041
-0.00208269
-0.00220125
-0.00232643
-0.00245858
-0.00259808
-0.00274535
-0.00290083
-0.00306496
-0.00323822
-0.00342111
-0.00361421
-0.00381799
-0.00403311
-0.00426016
-0.00449981
-0.00475275
-0.00501968
-0.00530138
-0.00559867
-0.00591241
-0.00624351
-0.00659295
-0.00696173
-0.00735093
-0.00776167
-0.00819512
-0.00865252
-0.00913518
-0.0096445
-0.0101819
-0.0107491
-0.0113476
-0.0119793
-0.012646
-0.0133497
-0.0140925
-0.0148765
-0.0157042
-0.016578
-0.0175006
-0.0184747
-0.0195033
-0.0205899
-0.0217377
-0.0229506
-0.0242324
-0.0255875
-0.0270206
-0.0285369
-0.0301423
-0.0318432
-0.033646
-0.0355579
-0.0375856
-0.0397362
-0.042018
-0.0444393
-0.0470081
-0.0497364
-0.0526385
-0.0557303
-0.0590282
-0.0625489
-0.0663096
-0.0703293
-0.0746293
-0.0792333
-0.0841664
-0.0894541
-0.0951208
-0.101189
-0.107676
-0.114593
-0.12194
-0.129696
-0.137817
-0.146215
-0.154744
-0.163149
-0.171046
-0.177984
-0.183323
-0.187031
-0.184741
-0.177539
-0.1622
-0.135695
-0.094296
-0.0336671
0.0512128
0.164453
0.311029
0.488652
0.688486
0.885728
1.0212
1.03028
0.758767
0.169485
-0.586057
-1.60217
-4.92571e-05
-4.50821e-05
-4.11076e-05
-3.72837e-05
-3.36545e-05
-3.01576e-05
-2.68544e-05
-2.36768e-05
-2.06895e-05
-1.78323e-05
-1.5158e-05
-1.26356e-05
-1.03016e-05
-8.13735e-06
-6.17614e-06
-4.42015e-06
-2.88376e-06
-1.575e-06
-4.98833e-07
3.34774e-07
9.17849e-07
1.24383e-06
1.30691e-06
1.1029e-06
6.29602e-07
-1.17491e-07
-1.1359e-06
-2.42641e-06
-3.98999e-06
-5.83198e-06
-7.95784e-06
-1.0374e-05
-1.30873e-05
-1.61052e-05
-1.94365e-05
-2.30881e-05
-2.70706e-05
-3.13971e-05
-3.60803e-05
-4.1133e-05
-4.65704e-05
-5.24092e-05
-5.86651e-05
-6.53581e-05
-7.25091e-05
-8.01412e-05
-8.82791e-05
-9.69479e-05
-0.000106175
-0.000115988
-0.000126415
-0.000137485
-0.000149233
-0.000161691
-0.000174893
-0.00018888
-0.000203692
-0.000219373
-0.00023597
-0.00025353
-0.000272107
-0.000291755
-0.000312532
-0.0003345
-0.000357724
-0.000382273
-0.000408217
-0.000435633
-0.000464602
-0.000495211
-0.000527549
-0.000561714
-0.000597807
-0.000635932
-0.000676204
-0.000718744
-0.000763678
-0.000811136
-0.000861259
-0.00091419
-0.00097008
-0.00102909
-0.00109139
-0.00115715
-0.00122656
-0.00129981
-0.00137713
-0.00145873
-0.00154484
-0.00163571
-0.00173162
-0.00183282
-0.00193961
-0.00205228
-0.00217119
-0.0022967
-0.00242911
-0.00256883
-0.00271625
-0.0028718
-0.00303594
-0.00320914
-0.00339187
-0.00358476
-0.0037882
-0.00400288
-0.00422942
-0.00446846
-0.00472068
-0.00498681
-0.00526762
-0.00556391
-0.00587657
-0.00620649
-0.00655465
-0.00692207
-0.0073098
-0.00771897
-0.00815074
-0.00860637
-0.00908716
-0.00959451
-0.0101299
-0.0106949
-0.0112911
-0.0119203
-0.0125845
-0.0132854
-0.0140254
-0.0148064
-0.0156309
-0.0165014
-0.0174204
-0.0183909
-0.0194157
-0.0204981
-0.0216416
-0.0228497
-0.0241264
-0.025476
-0.0269031
-0.0284131
-0.0300118
-0.0317055
-0.0335007
-0.0354044
-0.0374231
-0.0395635
-0.0418347
-0.0442461
-0.0468043
-0.04952
-0.0524082
-0.0554849
-0.0587669
-0.0622712
-0.0660157
-0.0700199
-0.0743056
-0.0788968
-0.0838194
-0.0890994
-0.0947627
-0.100834
-0.107335
-0.114284
-0.121687
-0.129538
-0.137802
-0.146412
-0.155244
-0.164056
-0.172472
-0.180103
-0.186304
-0.190023
-0.190366
-0.184837
-0.17141
-0.146961
-0.107538
-0.0484059
0.0361035
0.151134
0.303278
0.492506
0.71244
0.937531
1.10474
1.16844
0.916495
0.331769
-0.427486
-1.2494
0.000481299
0.000486736
0.000491844
0.000496562
0.000500964
0.00050504
0.000508849
0.00051239
0.000515695
0.000518767
0.000521621
0.000524258
0.000526684
0.000528898
0.000530911
0.000532715
0.000534308
0.000535694
0.000536867
0.000537829
0.00053858
0.000539119
0.000539443
0.000539552
0.000539448
0.000539128
0.000538596
0.00053785
0.000536888
0.000535707
0.000534303
0.000532672
0.000530809
0.000528711
0.000526372
0.000523787
0.00052095
0.000517851
0.000514483
0.000510836
0.000506902
0.000502667
0.00049812
0.000493247
0.000488034
0.000482464
0.000476519
0.000470182
0.000463433
0.000456252
0.000448619
0.000440511
0.000431905
0.000422776
0.000413096
0.000402836
0.000391966
0.000380453
0.000368262
0.000355356
0.000341696
0.000327241
0.000311946
0.000295765
0.00027865
0.000260549
0.000241406
0.000221165
0.000199761
0.000177127
0.000153196
0.000127894
0.000101141
7.28603e-05
4.2958e-05
1.13431e-05
-2.2081e-05
-5.7417e-05
-9.47717e-05
-0.000134256
-0.000175997
-0.000220115
-0.00026674
-0.000316011
-0.000368074
-0.000423084
-0.000481208
-0.000542621
-0.000607508
-0.000676048
-0.000748495
-0.000825025
-0.00090588
-0.000991294
-0.00108156
-0.00117695
-0.0012777
-0.00138415
-0.00149662
-0.00161545
-0.00174099
-0.00187362
-0.00201369
-0.00216173
-0.00231806
-0.00248327
-0.0026578
-0.00284218
-0.00303695
-0.00324269
-0.00346003
-0.00368961
-0.00393214
-0.00418835
-0.00445903
-0.004745
-0.0050471
-0.00536627
-0.00570343
-0.0060596
-0.00643585
-0.00683331
-0.00725317
-0.00769672
-0.00816532
-0.00866039
-0.00918346
-0.00973615
-0.0103202
-0.0109373
-0.0115894
-0.0122786
-0.0130071
-0.013777
-0.0145909
-0.0154514
-0.0163612
-0.0173233
-0.0183408
-0.0194173
-0.0205566
-0.0217632
-0.0230419
-0.0243979
-0.0258368
-0.0273638
-0.0289842
-0.0307029
-0.0325266
-0.0344611
-0.0365112
-0.0386883
-0.0410032
-0.0434689
-0.0460984
-0.0489053
-0.0519035
-0.0551082
-0.0585361
-0.0622059
-0.0661373
-0.07035
-0.0748643
-0.0796999
-0.0848767
-0.0904125
-0.0963208
-0.102606
-0.109259
-0.116247
-0.123512
-0.130892
-0.138063
-0.144822
-0.15074
-0.155194
-0.157857
-0.154847
-0.144292
-0.122942
-0.0865941
-0.030092
0.0529536
0.169157
0.326444
0.528125
0.771181
1.03
1.23213
1.35547
1.24439
0.980339
0.679189
-0.494565
701.638
701.639
701.639
701.639
701.639
701.639
701.639
701.639
701.639
701.639
701.639
701.639
701.639
701.639
701.639
701.639
701.639
701.639
701.639
701.639
701.639
701.639
701.639
701.639
701.639
701.639
701.639
701.639
701.639
701.639
701.639
701.639
701.639
701.639
701.639
701.639
701.639
701.639
701.639
701.639
701.639
701.639
701.639
701.639
701.639
701.639
701.639
701.639
701.639
701.639
701.639
701.639
701.639
701.638
701.638
701.638
701.638
701.638
701.638
701.638
701.638
701.638
701.638
701.638
701.638
701.638
701.638
701.638
701.638
701.638
701.638
701.638
701.638
701.638
701.638
701.638
701.638
701.638
701.638
701.638
701.638
701.638
701.638
701.638
701.638
701.638
701.638
701.638
701.638
701.638
701.638
701.638
701.638
701.638
701.637
701.637
701.637
701.637
701.637
701.637
701.637
701.637
701.637
701.637
701.637
701.636
701.636
701.636
701.636
701.636
701.636
701.636
701.635
701.635
701.635
701.635
701.635
701.634
701.634
701.634
701.634
701.633
701.633
701.633
701.632
701.632
701.632
701.631
701.631
701.63
701.63
701.629
701.629
701.628
701.628
701.627
701.626
701.626
701.625
701.624
701.623
701.622
701.621
701.62
701.619
701.618
701.617
701.615
701.614
701.613
701.611
701.609
701.608
701.606
701.604
701.602
701.6
701.597
701.595
701.592
701.589
701.586
701.582
701.579
701.575
701.571
701.566
701.562
701.557
701.551
701.546
701.54
701.534
701.528
701.523
701.517
701.513
701.512
701.515
701.524
701.542
701.573
701.62
701.689
701.785
701.914
702.076
702.26
702.431
702.544
702.517
702.389
702.069
702.069
-0.000114699
-0.000108182
-0.000102041
-9.6266e-05
-9.0841e-05
-8.57476e-05
-8.09681e-05
-7.6486e-05
-7.22853e-05
-6.83511e-05
-6.46694e-05
-6.1227e-05
-5.80113e-05
-5.50108e-05
-5.22146e-05
-4.96127e-05
-4.71958e-05
-4.49547e-05
-4.28818e-05
-4.09691e-05
-3.92097e-05
-3.75974e-05
-3.61262e-05
-3.47906e-05
-3.35858e-05
-3.25072e-05
-3.1551e-05
-3.07135e-05
-2.99917e-05
-2.9383e-05
-2.88851e-05
-2.84962e-05
-2.8215e-05
-2.80404e-05
-2.79719e-05
-2.80091e-05
-2.81524e-05
-2.84023e-05
-2.87597e-05
-2.92261e-05
-2.98031e-05
-3.0493e-05
-3.12982e-05
-3.22218e-05
-3.32671e-05
-3.44379e-05
-3.57386e-05
-3.7174e-05
-3.87492e-05
-4.04703e-05
-4.23435e-05
-4.43759e-05
-4.6575e-05
-4.8949e-05
-5.15067e-05
-5.42577e-05
-5.72121e-05
-6.03809e-05
-6.37759e-05
-6.74095e-05
-7.12953e-05
-7.54473e-05
-7.98811e-05
-8.46126e-05
-8.96594e-05
-9.50397e-05
-0.000100773
-0.000106881
-0.000113388
-0.000120317
-0.000127694
-0.000135547
-0.000143905
-0.0001528
-0.000162266
-0.000172339
-0.000183058
-0.000194463
-0.000206595
-0.000219501
-0.000233231
-0.000247829
-0.000263347
-0.000279839
-0.000297362
-0.000315979
-0.000335757
-0.000356769
-0.000379091
-0.000402806
-0.000428
-0.000454765
-0.0004832
-0.000513411
-0.000545514
-0.000579628
-0.000615835
-0.000654329
-0.000695225
-0.000738671
-0.000784825
-0.000833859
-0.000885954
-0.000941305
-0.00100012
-0.00106261
-0.00112901
-0.00119956
-0.00127451
-0.00135414
-0.00143874
-0.00152864
-0.00162418
-0.00172571
-0.00183361
-0.0019483
-0.0020702
-0.00219975
-0.00233742
-0.0024837
-0.00263913
-0.00280428
-0.00297974
-0.00316616
-0.00336424
-0.0035747
-0.00379834
-0.00403596
-0.00428844
-0.0045567
-0.00484173
-0.00514456
-0.00546631
-0.00580813
-0.00617127
-0.00655702
-0.00696674
-0.00740187
-0.00786399
-0.00835487
-0.00887656
-0.00943146
-0.0100223
-0.0106518
-0.011323
-0.0120382
-0.0127992
-0.0136074
-0.0144638
-0.0153701
-0.016329
-0.0173445
-0.0184219
-0.0195671
-0.0207857
-0.0220828
-0.023463
-0.024931
-0.0264921
-0.028152
-0.0299164
-0.0317905
-0.0337794
-0.0358889
-0.0381264
-0.0405017
-0.0430261
-0.0457121
-0.0485717
-0.0516159
-0.054854
-0.0582936
-0.0619406
-0.065799
-0.0698701
-0.0741437
-0.0785386
-0.0817262
-0.0821851
-0.0784756
-0.0687364
-0.0507386
-0.0214461
0.0226113
0.0851184
0.168497
0.274954
0.396178
0.511905
0.597983
0.650832
0.751571
0.392375
0.573331
-0.000115172
-0.000108638
-0.000102497
-9.67264e-05
-9.13062e-05
-8.62176e-05
-8.14429e-05
-7.69653e-05
-7.27689e-05
-6.88389e-05
-6.51611e-05
-6.17224e-05
-5.85103e-05
-5.55131e-05
-5.27201e-05
-5.0121e-05
-4.77067e-05
-4.54689e-05
-4.33981e-05
-4.14874e-05
-3.97301e-05
-3.81195e-05
-3.66498e-05
-3.53156e-05
-3.4112e-05
-3.30344e-05
-3.2079e-05
-3.12421e-05
-3.05208e-05
-2.99124e-05
-2.94146e-05
-2.90257e-05
-2.87443e-05
-2.85693e-05
-2.85002e-05
-2.85368e-05
-2.86793e-05
-2.89281e-05
-2.92844e-05
-2.97495e-05
-3.03251e-05
-3.10133e-05
-3.18168e-05
-3.27384e-05
-3.37815e-05
-3.49499e-05
-3.6248e-05
-3.76805e-05
-3.92528e-05
-4.09706e-05
-4.28404e-05
-4.48692e-05
-4.70644e-05
-4.94342e-05
-5.19875e-05
-5.47338e-05
-5.76833e-05
-6.0847e-05
-6.42364e-05
-6.78643e-05
-7.1744e-05
-7.58899e-05
-8.03173e-05
-8.50424e-05
-9.0083e-05
-9.54578e-05
-0.000101187
-0.000107288
-0.000113786
-0.000120704
-0.000128069
-0.000135909
-0.000144254
-0.000153136
-0.000162588
-0.000172646
-0.00018335
-0.00019474
-0.000206861
-0.000219754
-0.000233462
-0.000248037
-0.00026353
-0.000279995
-0.00029749
-0.000316077
-0.000335822
-0.000356799
-0.000379085
-0.000402761
-0.000427914
-0.000454634
-0.000483021
-0.000513181
-0.000545226
-0.00057928
-0.000615441
-0.000653868
-0.000694695
-0.000738068
-0.000784145
-0.000833096
-0.000885103
-0.000940362
-0.000999077
-0.00106146
-0.00112775
-0.00119818
-0.001273
-0.0013525
-0.00143696
-0.00152671
-0.00162209
-0.00172344
-0.00183117
-0.00194567
-0.00206736
-0.00219669
-0.00233413
-0.00248017
-0.00263534
-0.00280021
-0.00297537
-0.00316149
-0.00335923
-0.00356935
-0.0037926
-0.00402983
-0.00428189
-0.0045497
-0.00483425
-0.00513658
-0.00545779
-0.00579904
-0.00616157
-0.00654668
-0.00695571
-0.00739011
-0.00785144
-0.00834148
-0.00886227
-0.00941621
-0.010006
-0.0106345
-0.0113046
-0.0120186
-0.0127784
-0.0135853
-0.0144403
-0.0153451
-0.0163022
-0.0173159
-0.0183914
-0.0195346
-0.0207512
-0.0220461
-0.0234239
-0.0248894
-0.0264477
-0.0281048
-0.0298661
-0.0317368
-0.0337221
-0.0358277
-0.038061
-0.0404317
-0.0429513
-0.0456322
-0.0484864
-0.0515247
-0.0547564
-0.0581889
-0.0618283
-0.065679
-0.0697432
-0.074017
-0.078488
-0.083242
-0.0883329
-0.0938218
-0.0998109
-0.106475
-0.114019
-0.122535
-0.132335
-0.14315
-0.155754
-0.169418
-0.183217
-0.192725
-0.1998
-0.189353
-0.1804
-0.105769
-0.000115228
-0.000108705
-0.000102567
-9.67981e-05
-9.13785e-05
-8.62901e-05
-8.15155e-05
-7.70379e-05
-7.28415e-05
-6.89114e-05
-6.52336e-05
-6.17949e-05
-5.85827e-05
-5.55855e-05
-5.27924e-05
-5.01933e-05
-4.77788e-05
-4.55413e-05
-4.34704e-05
-4.15598e-05
-3.98024e-05
-3.81919e-05
-3.67223e-05
-3.53883e-05
-3.41847e-05
-3.31073e-05
-3.2152e-05
-3.13154e-05
-3.05943e-05
-2.99861e-05
-2.94886e-05
-2.91001e-05
-2.8819e-05
-2.86445e-05
-2.85759e-05
-2.8613e-05
-2.8756e-05
-2.90055e-05
-2.93624e-05
-2.98282e-05
-3.04046e-05
-3.10937e-05
-3.1898e-05
-3.28206e-05
-3.38647e-05
-3.50343e-05
-3.63335e-05
-3.77673e-05
-3.93409e-05
-4.10601e-05
-4.29313e-05
-4.49615e-05
-4.71582e-05
-4.95297e-05
-5.20847e-05
-5.48327e-05
-5.7784e-05
-6.09494e-05
-6.43408e-05
-6.79706e-05
-7.18522e-05
-7.59998e-05
-8.04287e-05
-8.51552e-05
-9.01964e-05
-9.55706e-05
-0.000101298
-0.0001074
-0.000113901
-0.000120823
-0.000128193
-0.000136038
-0.000144387
-0.000153273
-0.000162729
-0.000172792
-0.0001835
-0.000194894
-0.000207015
-0.000219907
-0.000233621
-0.000248203
-0.000263705
-0.000280178
-0.000297683
-0.00031628
-0.000336037
-0.000357026
-0.000379325
-0.000403014
-0.000428182
-0.000454919
-0.000483323
-0.000513503
-0.000545568
-0.000579635
-0.00061582
-0.000654271
-0.000695123
-0.000738522
-0.000784627
-0.000833608
-0.000885647
-0.00094094
-0.000999691
-0.00106212
-0.00112845
-0.00119892
-0.00127379
-0.00135333
-0.00143785
-0.00152765
-0.00162308
-0.00172451
-0.0018323
-0.00194687
-0.00206864
-0.00219805
-0.00233557
-0.0024817
-0.00263697
-0.00280193
-0.00297721
-0.00316343
-0.0033613
-0.00357155
-0.00379494
-0.00403231
-0.00428453
-0.00455251
-0.00483723
-0.00513975
-0.00546115
-0.00580262
-0.00616538
-0.00655072
-0.00696001
-0.00739468
-0.00785629
-0.00834662
-0.00886773
-0.009422
-0.0100122
-0.0106411
-0.0113116
-0.0120261
-0.0127865
-0.0135939
-0.0144494
-0.0153547
-0.0163123
-0.0173266
-0.0184028
-0.0195468
-0.0207642
-0.02206
-0.0234388
-0.0249052
-0.0264647
-0.0281228
-0.0298854
-0.0317575
-0.0337443
-0.0358515
-0.0380866
-0.0404596
-0.0429818
-0.0456656
-0.048523
-0.051565
-0.054801
-0.0582386
-0.0618841
-0.0657423
-0.0698168
-0.074107
-0.0786084
-0.0833796
-0.0884879
-0.0939979
-0.0999919
-0.106511
-0.113706
-0.121626
-0.130644
-0.141251
-0.153793
-0.168064
-0.183658
-0.201784
-0.22956
-0.268222
-0.335023
-0.410159
-0.000115076
-0.000108548
-0.000102413
-9.66476e-05
-9.12327e-05
-8.61492e-05
-8.13793e-05
-7.69062e-05
-7.27141e-05
-6.87882e-05
-6.51143e-05
-6.16793e-05
-5.84707e-05
-5.54768e-05
-5.26868e-05
-5.00907e-05
-4.76791e-05
-4.5444e-05
-4.33755e-05
-4.1467e-05
-3.97116e-05
-3.81028e-05
-3.66348e-05
-3.5302e-05
-3.40996e-05
-3.30232e-05
-3.20687e-05
-3.12326e-05
-3.0512e-05
-2.99041e-05
-2.94067e-05
-2.90181e-05
-2.87369e-05
-2.8562e-05
-2.84928e-05
-2.85292e-05
-2.86714e-05
-2.89199e-05
-2.92757e-05
-2.97402e-05
-3.0315e-05
-3.10024e-05
-3.18049e-05
-3.27254e-05
-3.37672e-05
-3.49343e-05
-3.62308e-05
-3.76616e-05
-3.9232e-05
-4.09478e-05
-4.28154e-05
-4.48418e-05
-4.70344e-05
-4.94014e-05
-5.19518e-05
-5.46948e-05
-5.76409e-05
-6.08008e-05
-6.41863e-05
-6.78099e-05
-7.1685e-05
-7.5826e-05
-8.0248e-05
-8.49673e-05
-9.00015e-05
-9.53691e-05
-0.00010109
-0.000107185
-0.000113677
-0.000120588
-0.000127946
-0.000135779
-0.000144115
-0.000152987
-0.000162429
-0.000172477
-0.00018317
-0.000194548
-0.000206654
-0.000219532
-0.000233227
-0.000247788
-0.000263266
-0.000279714
-0.000297191
-0.000315758
-0.000335484
-0.00035644
-0.000378703
-0.000402354
-0.000427482
-0.000454175
-0.000482534
-0.000512664
-0.000544677
-0.000578691
-0.00061482
-0.000653208
-0.000693994
-0.000737322
-0.000783352
-0.000832254
-0.000884209
-0.000939412
-0.000998068
-0.00106039
-0.00112662
-0.00119697
-0.00127172
-0.00135114
-0.00143552
-0.00152518
-0.00162046
-0.00172171
-0.00182933
-0.00194372
-0.00206529
-0.00219449
-0.00233179
-0.00247769
-0.00263271
-0.00279741
-0.0029724
-0.00315833
-0.00335588
-0.00356578
-0.00378882
-0.00402581
-0.00427762
-0.00454517
-0.00482944
-0.00513146
-0.00545235
-0.00579327
-0.00615545
-0.00654018
-0.0069488
-0.00738277
-0.00784363
-0.00833317
-0.00885342
-0.0094068
-0.00999601
-0.010624
-0.0112934
-0.0120068
-0.012766
-0.0135721
-0.0144262
-0.0153299
-0.016286
-0.0172985
-0.018373
-0.0195151
-0.0207307
-0.0220244
-0.0234009
-0.024865
-0.0264218
-0.0280771
-0.0298366
-0.0317055
-0.0336888
-0.0357924
-0.0380239
-0.040393
-0.0429112
-0.0455907
-0.0484435
-0.0514804
-0.0547108
-0.0581426
-0.0617821
-0.0656348
-0.0697052
-0.0739968
-0.0785159
-0.0833186
-0.0884693
-0.0940297
-0.100081
-0.10669
-0.114011
-0.122345
-0.131866
-0.142811
-0.155109
-0.168515
-0.18247
-0.193005
-0.201545
-0.202241
-0.190843
-0.183003
-0.000114996
-0.000108478
-0.000102349
-9.65899e-05
-9.11802e-05
-8.61013e-05
-8.13357e-05
-7.68666e-05
-7.26784e-05
-6.8756e-05
-6.50855e-05
-6.16536e-05
-5.8448e-05
-5.54569e-05
-5.26696e-05
-5.00759e-05
-4.76666e-05
-4.54339e-05
-4.33674e-05
-4.14608e-05
-3.97072e-05
-3.81001e-05
-3.66336e-05
-3.53023e-05
-3.41012e-05
-3.3026e-05
-3.20727e-05
-3.12377e-05
-3.05181e-05
-2.99111e-05
-2.94145e-05
-2.90267e-05
-2.87462e-05
-2.85719e-05
-2.85034e-05
-2.85403e-05
-2.8683e-05
-2.8932e-05
-2.92882e-05
-2.9753e-05
-3.03282e-05
-3.10159e-05
-3.18186e-05
-3.27392e-05
-3.37812e-05
-3.49484e-05
-3.6245e-05
-3.76759e-05
-3.92462e-05
-4.09619e-05
-4.28293e-05
-4.48553e-05
-4.70476e-05
-4.94142e-05
-5.19639e-05
-5.47064e-05
-5.76516e-05
-6.08106e-05
-6.41951e-05
-6.78174e-05
-7.16911e-05
-7.58304e-05
-8.02504e-05
-8.49674e-05
-8.99988e-05
-9.53628e-05
-0.000101079
-0.000107169
-0.000113656
-0.000120564
-0.000127918
-0.000135746
-0.000144077
-0.000152944
-0.000162381
-0.000172423
-0.000183109
-0.000194479
-0.000206576
-0.000219443
-0.000233128
-0.000247679
-0.000263148
-0.000279586
-0.000297053
-0.000315611
-0.000335326
-0.000356271
-0.000378523
-0.000402162
-0.000427277
-0.000453957
-0.000482302
-0.000512416
-0.000544412
-0.000578407
-0.000614519
-0.000652889
-0.000693654
-0.00073696
-0.000782967
-0.000831844
-0.000883773
-0.000938949
-0.000997577
-0.00105987
-0.00112606
-0.00119638
-0.0012711
-0.00135047
-0.00143481
-0.00152443
-0.00161966
-0.00172087
-0.00182843
-0.00194276
-0.00206427
-0.00219341
-0.00233064
-0.00247647
-0.00263141
-0.00279603
-0.00297093
-0.00315677
-0.00335422
-0.00356402
-0.00378695
-0.00402382
-0.0042755
-0.00454292
-0.00482705
-0.00512892
-0.00544965
-0.0057904
-0.0061524
-0.00653694
-0.00694537
-0.00737911
-0.00783975
-0.00832904
-0.00884904
-0.00940214
-0.00999108
-0.0106187
-0.0112879
-0.012001
-0.0127598
-0.0135656
-0.0144192
-0.0153224
-0.0162779
-0.0172899
-0.0183638
-0.0195056
-0.0207206
-0.0220138
-0.0233898
-0.0248531
-0.0264092
-0.0280637
-0.0298223
-0.0316902
-0.0336727
-0.0357756
-0.0380066
-0.0403754
-0.0428934
-0.0455728
-0.0484254
-0.0514623
-0.054693
-0.0581254
-0.0617664
-0.0656222
-0.069699
-0.0740035
-0.078549
-0.0833847
-0.0885702
-0.0941676
-0.100254
-0.106906
-0.114265
-0.122558
-0.131902
-0.142366
-0.154281
-0.167474
-0.181885
-0.197835
-0.221459
-0.252855
-0.28996
-0.339901
-0.000114831
-0.000108317
-0.000102195
-9.6442e-05
-9.10387e-05
-8.59661e-05
-8.12065e-05
-7.67432e-05
-7.25603e-05
-6.86431e-05
-6.49774e-05
-6.15501e-05
-5.83487e-05
-5.53616e-05
-5.25781e-05
-4.99879e-05
-4.75817e-05
-4.53521e-05
-4.32883e-05
-4.13842e-05
-3.96328e-05
-3.80277e-05
-3.6563e-05
-3.52332e-05
-3.40335e-05
-3.29594e-05
-3.2007e-05
-3.11728e-05
-3.04537e-05
-2.98471e-05
-2.93508e-05
-2.8963e-05
-2.86823e-05
-2.85077e-05
-2.84387e-05
-2.8475e-05
-2.86168e-05
-2.88648e-05
-2.92198e-05
-2.96832e-05
-3.02569e-05
-3.09428e-05
-3.17436e-05
-3.26621e-05
-3.37017e-05
-3.48663e-05
-3.61601e-05
-3.75879e-05
-3.91549e-05
-4.08671e-05
-4.27307e-05
-4.47527e-05
-4.69406e-05
-4.93027e-05
-5.18476e-05
-5.45848e-05
-5.75245e-05
-6.06777e-05
-6.4056e-05
-6.76719e-05
-7.15388e-05
-7.56708e-05
-8.00833e-05
-8.47925e-05
-8.98157e-05
-9.51714e-05
-0.000100879
-0.000106961
-0.000113438
-0.000120336
-0.000127678
-0.000135494
-0.000143813
-0.000152667
-0.000162089
-0.000172116
-0.000182786
-0.000194139
-0.000206219
-0.000219069
-0.000232735
-0.000247265
-0.00026271
-0.000279124
-0.000296564
-0.000315093
-0.000334778
-0.000355691
-0.000377908
-0.000401511
-0.000426587
-0.000453225
-0.000481526
-0.000511594
-0.00054354
-0.000577481
-0.000613538
-0.000651848
-0.000692549
-0.000735788
-0.000781722
-0.000830523
-0.000882371
-0.000937461
-0.000995998
-0.0010582
-0.00112428
-0.0011945
-0.00126909
-0.00134835
-0.00143256
-0.00152203
-0.00161712
-0.00171817
-0.00182557
-0.00193972
-0.00206104
-0.00218998
-0.002327
-0.0024726
-0.0026273
-0.00279167
-0.0029663
-0.00315185
-0.003349
-0.00355848
-0.00378106
-0.00401757
-0.00426886
-0.00453586
-0.00481955
-0.00512096
-0.00544119
-0.00578142
-0.00614286
-0.0065268
-0.0069346
-0.00736768
-0.0078276
-0.00831613
-0.00883532
-0.00938757
-0.00997562
-0.0106023
-0.0112705
-0.0119826
-0.0127402
-0.0135447
-0.014397
-0.0152987
-0.0162526
-0.017263
-0.0183352
-0.0194753
-0.0206885
-0.0219798
-0.0233537
-0.0248147
-0.0263683
-0.0280201
-0.0297757
-0.0316406
-0.0336199
-0.0357195
-0.0379474
-0.040313
-0.0428278
-0.0455036
-0.0483524
-0.0513851
-0.0546112
-0.0580392
-0.061676
-0.0655288
-0.0696049
-0.0739139
-0.0784736
-0.0833297
-0.0885395
-0.0941654
-0.100282
-0.106971
-0.114364
-0.122655
-0.131963
-0.14237
-0.154106
-0.166983
-0.180672
-0.193077
-0.203561
-0.20976
-0.206067
-0.221375
-0.000114663
-0.000108159
-0.000102045
-9.63011e-05
-9.0906e-05
-8.58411e-05
-8.10888e-05
-7.66324e-05
-7.2456e-05
-6.8545e-05
-6.48851e-05
-6.14633e-05
-5.82671e-05
-5.52849e-05
-5.2506e-05
-4.99201e-05
-4.7518e-05
-4.52923e-05
-4.3232e-05
-4.13312e-05
-3.95828e-05
-3.79805e-05
-3.65184e-05
-3.51911e-05
-3.39936e-05
-3.29215e-05
-3.19709e-05
-3.11383e-05
-3.04207e-05
-2.98154e-05
-2.93202e-05
-2.89333e-05
-2.86535e-05
-2.84796e-05
-2.84111e-05
-2.84478e-05
-2.85899e-05
-2.88379e-05
-2.91929e-05
-2.96562e-05
-3.02296e-05
-3.0915e-05
-3.17152e-05
-3.26329e-05
-3.36717e-05
-3.48351e-05
-3.61277e-05
-3.7554e-05
-3.91195e-05
-4.08298e-05
-4.26913e-05
-4.47111e-05
-4.68965e-05
-4.92557e-05
-5.17976e-05
-5.45315e-05
-5.74677e-05
-6.06169e-05
-6.39909e-05
-6.76022e-05
-7.1464e-05
-7.55905e-05
-7.99971e-05
-8.46998e-05
-8.97159e-05
-9.50639e-05
-0.000100764
-0.000106836
-0.000113303
-0.00012019
-0.000127522
-0.000135326
-0.000143632
-0.000152473
-0.000161881
-0.000171893
-0.000182546
-0.000193883
-0.000205944
-0.000218773
-0.000232418
-0.000246926
-0.000262347
-0.000278736
-0.00029615
-0.000314651
-0.000334307
-0.000355188
-0.000377372
-0.000400941
-0.000425979
-0.000452579
-0.000480837
-0.00051086
-0.000542759
-0.00057665
-0.000612654
-0.000650907
-0.000691548
-0.000734722
-0.000780589
-0.000829317
-0.000881088
-0.000936097
-0.000994547
-0.00105665
-0.00112264
-0.00119275
-0.00126724
-0.00134638
-0.00143046
-0.00151981
-0.00161475
-0.00171565
-0.00182289
-0.00193688
-0.00205802
-0.00218677
-0.00232359
-0.00246897
-0.00262344
-0.00278756
-0.00296194
-0.00314721
-0.00334407
-0.00355324
-0.00377549
-0.00401165
-0.00426257
-0.00452918
-0.00481245
-0.00511341
-0.00543317
-0.00577289
-0.0061338
-0.00651718
-0.00692437
-0.0073568
-0.00781604
-0.00830385
-0.00882228
-0.00937372
-0.00996092
-0.0105867
-0.011254
-0.011965
-0.0127216
-0.0135248
-0.0143758
-0.0152761
-0.0162285
-0.0172373
-0.018308
-0.0194464
-0.020658
-0.0219476
-0.0233196
-0.0247785
-0.0263297
-0.0279789
-0.0297318
-0.0315937
-0.0335701
-0.0356669
-0.037892
-0.040255
-0.0427671
-0.0454401
-0.0482857
-0.0513149
-0.0545375
-0.0579621
-0.0615963
-0.0654478
-0.0695254
-0.0738413
-0.0784163
-0.0832938
-0.0885289
-0.0941827
-0.100328
-0.107048
-0.114465
-0.122743
-0.131996
-0.142306
-0.153833
-0.16643
-0.179998
-0.194255
-0.213922
-0.238486
-0.265836
-0.29924
-0.000114455
-0.000107961
-0.000101857
-9.61226e-05
-9.07367e-05
-8.56805e-05
-8.09363e-05
-7.64876e-05
-7.23185e-05
-6.84143e-05
-6.47609e-05
-6.13451e-05
-5.81545e-05
-5.51776e-05
-5.24035e-05
-4.98222e-05
-4.74243e-05
-4.52026e-05
-4.31459e-05
-4.12483e-05
-3.95029e-05
-3.79033e-05
-3.64435e-05
-3.51183e-05
-3.39227e-05
-3.28522e-05
-3.1903e-05
-3.10716e-05
-3.03549e-05
-2.97503e-05
-2.92557e-05
-2.88692e-05
-2.85894e-05
-2.84155e-05
-2.83468e-05
-2.8383e-05
-2.85245e-05
-2.87717e-05
-2.91257e-05
-2.95878e-05
-3.01597e-05
-3.08435e-05
-3.16418e-05
-3.25575e-05
-3.35939e-05
-3.47549e-05
-3.60446e-05
-3.7468e-05
-3.90301e-05
-4.07369e-05
-4.25946e-05
-4.46103e-05
-4.67913e-05
-4.91458e-05
-5.16826e-05
-5.44112e-05
-5.73416e-05
-6.04847e-05
-6.38522e-05
-6.74566e-05
-7.1311e-05
-7.54298e-05
-7.98281e-05
-8.45221e-05
-8.9529e-05
-9.48673e-05
-0.000100557
-0.000106618
-0.000113074
-0.000119949
-0.000127267
-0.000135058
-0.00014335
-0.000152174
-0.000161566
-0.00017156
-0.000182195
-0.000193511
-0.000205551
-0.000218358
-0.000231978
-0.00024646
-0.000261854
-0.000278214
-0.000295597
-0.000314065
-0.000333686
-0.00035453
-0.000376674
-0.0004002
-0.000425194
-0.000451746
-0.000479954
-0.000509924
-0.000541765
-0.000575595
-0.000611535
-0.00064972
-0.000690287
-0.000733383
-0.000779167
-0.000827807
-0.000879485
-0.000934395
-0.000992741
-0.00105474
-0.00112061
-0.00119059
-0.00126494
-0.00134394
-0.00142787
-0.00151706
-0.00161183
-0.00171255
-0.0018196
-0.00193338
-0.00205431
-0.00218282
-0.00231939
-0.00246451
-0.00261871
-0.00278253
-0.0029566
-0.00314154
-0.00333804
-0.00354684
-0.00376869
-0.00400442
-0.00425489
-0.00452101
-0.00480377
-0.00510419
-0.00542338
-0.00576249
-0.00612275
-0.00650544
-0.00691189
-0.00734355
-0.00780196
-0.00828889
-0.00880639
-0.00935685
-0.00994301
-0.0105677
-0.0112338
-0.0119436
-0.0126989
-0.0135006
-0.01435
-0.0152486
-0.0161992
-0.0172061
-0.0182749
-0.0194114
-0.0206209
-0.0219083
-0.0232779
-0.0247342
-0.0262826
-0.0279286
-0.0296781
-0.0315365
-0.0335093
-0.0356026
-0.0378243
-0.040184
-0.0426925
-0.0453618
-0.0482032
-0.051228
-0.0544459
-0.0578659
-0.0614962
-0.065345
-0.0694227
-0.0737432
-0.0783297
-0.0832239
-0.0884785
-0.0941539
-0.100321
-0.107061
-0.114489
-0.122747
-0.131941
-0.142149
-0.153481
-0.165814
-0.178996
-0.192127
-0.204439
-0.213269
-0.21933
-0.240236
-0.000114221
-0.000107739
-0.000101648
-9.59248e-05
-9.05497e-05
-8.55038e-05
-8.07694e-05
-7.63299e-05
-7.21696e-05
-6.82735e-05
-6.46279e-05
-6.12194e-05
-5.80358e-05
-5.50654e-05
-5.22974e-05
-4.97219e-05
-4.73292e-05
-4.51126e-05
-4.30605e-05
-4.11672e-05
-3.94258e-05
-3.78298e-05
-3.63734e-05
-3.50512e-05
-3.38584e-05
-3.27904e-05
-3.18434e-05
-3.10139e-05
-3.02989e-05
-2.96958e-05
-2.92024e-05
-2.88169e-05
-2.85379e-05
-2.83645e-05
-2.82961e-05
-2.83324e-05
-2.84738e-05
-2.87207e-05
-2.90741e-05
-2.95354e-05
-3.01063e-05
-3.07889e-05
-3.15857e-05
-3.24996e-05
-3.3534e-05
-3.46927e-05
-3.598e-05
-3.74005e-05
-3.89595e-05
-4.06628e-05
-4.25168e-05
-4.45283e-05
-4.67049e-05
-4.90546e-05
-5.15862e-05
-5.43091e-05
-5.72335e-05
-6.03701e-05
-6.37306e-05
-6.73274e-05
-7.11738e-05
-7.52839e-05
-7.9673e-05
-8.4357e-05
-8.93533e-05
-9.46803e-05
-0.000100358
-0.000106406
-0.000112848
-0.000119708
-0.000127011
-0.000134785
-0.000143059
-0.000151865
-0.000161237
-0.00017121
-0.000181822
-0.000193115
-0.000205129
-0.000217909
-0.000231501
-0.000245952
-0.000261314
-0.000277639
-0.000294986
-0.000313416
-0.000332995
-0.000353796
-0.000375894
-0.000399372
-0.000424314
-0.000450812
-0.000478962
-0.000508869
-0.000540645
-0.000574404
-0.000610271
-0.000648376
-0.000688859
-0.000731866
-0.000777555
-0.000826094
-0.000877666
-0.000932463
-0.000990689
-0.00105256
-0.00111829
-0.00118813
-0.00126233
-0.00134117
-0.00142493
-0.00151393
-0.00160851
-0.00170902
-0.00181585
-0.0019294
-0.00205007
-0.00217833
-0.00231462
-0.00245944
-0.00261331
-0.0027768
-0.00295051
-0.00313507
-0.00333117
-0.00353954
-0.00376093
-0.00399618
-0.00424613
-0.00451171
-0.00479388
-0.00509369
-0.00541222
-0.00575063
-0.00611015
-0.00649205
-0.00689768
-0.00732844
-0.00778591
-0.00827184
-0.00878828
-0.00933763
-0.0099226
-0.0105461
-0.0112109
-0.0119193
-0.0126729
-0.0134731
-0.0143206
-0.0152172
-0.0161657
-0.0171706
-0.0182371
-0.0193714
-0.0205786
-0.0218636
-0.0232305
-0.0246838
-0.0262288
-0.0278713
-0.0296169
-0.0314713
-0.03344
-0.0355294
-0.0377472
-0.040103
-0.0426075
-0.0452723
-0.048109
-0.0511285
-0.0543411
-0.0577558
-0.0613813
-0.0652268
-0.0693034
-0.0736271
-0.0782225
-0.0831298
-0.0884002
-0.0940925
-0.100275
-0.10703
-0.11446
-0.122692
-0.131823
-0.141925
-0.153075
-0.165169
-0.178094
-0.191443
-0.207778
-0.227811
-0.249099
-0.274299
-0.000113956
-0.000107488
-0.00010141
-9.5699e-05
-9.03358e-05
-8.53012e-05
-8.05774e-05
-7.61479e-05
-7.1997e-05
-6.81099e-05
-6.44725e-05
-6.10719e-05
-5.78955e-05
-5.49319e-05
-5.21703e-05
-4.96006e-05
-4.72135e-05
-4.5002e-05
-4.29545e-05
-4.10655e-05
-3.9328e-05
-3.77355e-05
-3.62824e-05
-3.49631e-05
-3.37728e-05
-3.27071e-05
-3.17622e-05
-3.09344e-05
-3.02209e-05
-2.9619e-05
-2.91265e-05
-2.87418e-05
-2.84633e-05
-2.82902e-05
-2.82218e-05
-2.82579e-05
-2.83988e-05
-2.86451e-05
-2.89976e-05
-2.94578e-05
-3.00273e-05
-3.07083e-05
-3.15033e-05
-3.24151e-05
-3.34472e-05
-3.46032e-05
-3.58875e-05
-3.73047e-05
-3.88602e-05
-4.05597e-05
-4.24094e-05
-4.44164e-05
-4.6588e-05
-4.89324e-05
-5.14583e-05
-5.4175e-05
-5.70928e-05
-6.02223e-05
-6.35752e-05
-6.71638e-05
-7.10015e-05
-7.51024e-05
-7.94815e-05
-8.41549e-05
-8.91399e-05
-9.44548e-05
-0.000100119
-0.000106154
-0.000112582
-0.000119426
-0.000126712
-0.000134469
-0.000142724
-0.00015151
-0.00016086
-0.00017081
-0.000181398
-0.000192664
-0.00020465
-0.000217401
-0.000230961
-0.000245379
-0.000260704
-0.000276992
-0.000294298
-0.000312685
-0.000332219
-0.000352971
-0.000375018
-0.000398441
-0.000423326
-0.000449762
-0.000477847
-0.000507685
-0.000539386
-0.000573068
-0.000608851
-0.000646868
-0.000687256
-0.000730163
-0.000775745
-0.000824172
-0.000875624
-0.000930294
-0.000988385
-0.00105011
-0.00111569
-0.00118537
-0.0012594
-0.00133805
-0.00142162
-0.00151041
-0.00160478
-0.00170506
-0.00181164
-0.00192492
-0.00204532
-0.00217328
-0.00230925
-0.00245374
-0.00260726
-0.00277037
-0.00294367
-0.00312781
-0.00332345
-0.00353134
-0.00375222
-0.00398692
-0.00423629
-0.00450126
-0.00478278
-0.00508189
-0.00539968
-0.00573731
-0.006096
-0.00647701
-0.0068817
-0.00731147
-0.00776788
-0.00825269
-0.00876794
-0.00931603
-0.00989968
-0.0105218
-0.0111851
-0.0118918
-0.0126438
-0.013442
-0.0142876
-0.015182
-0.0161282
-0.0171306
-0.0181947
-0.0193265
-0.0205311
-0.0218133
-0.0231772
-0.0246272
-0.0261685
-0.0278069
-0.0295482
-0.0313981
-0.0333622
-0.0354471
-0.0376606
-0.0400119
-0.0425119
-0.0451717
-0.0480028
-0.0510164
-0.0542228
-0.0576314
-0.0612513
-0.0650925
-0.0691671
-0.0734922
-0.0780938
-0.083011
-0.0882933
-0.093998
-0.100192
-0.106953
-0.114378
-0.122578
-0.131642
-0.141636
-0.152613
-0.164487
-0.177163
-0.19029
-0.204023
-0.21611
-0.227049
-0.247863
-0.000113664
-0.000107212
-0.000101148
-9.54521e-05
-9.01025e-05
-8.50807e-05
-8.0369e-05
-7.5951e-05
-7.18109e-05
-6.7934e-05
-6.43062e-05
-6.09146e-05
-5.77468e-05
-5.47912e-05
-5.2037e-05
-4.94743e-05
-4.70937e-05
-4.48883e-05
-4.28465e-05
-4.09626e-05
-3.92298e-05
-3.76418e-05
-3.61926e-05
-3.48769e-05
-3.36898e-05
-3.2627e-05
-3.16846e-05
-3.08591e-05
-3.01474e-05
-2.95471e-05
-2.90559e-05
-2.86722e-05
-2.83944e-05
-2.82217e-05
-2.81534e-05
-2.81894e-05
-2.83299e-05
-2.85754e-05
-2.8927e-05
-2.93859e-05
-2.99538e-05
-3.06329e-05
-3.14257e-05
-3.2335e-05
-3.33642e-05
-3.45171e-05
-3.57978e-05
-3.72112e-05
-3.87624e-05
-4.04573e-05
-4.2302e-05
-4.43035e-05
-4.64693e-05
-4.88074e-05
-5.13264e-05
-5.40359e-05
-5.69458e-05
-6.00669e-05
-6.34109e-05
-6.699e-05
-7.08175e-05
-7.49075e-05
-7.9275e-05
-8.39362e-05
-8.89082e-05
-9.42092e-05
-9.98588e-05
-0.000105878
-0.000112289
-0.000119115
-0.000126383
-0.000134119
-0.000142353
-0.000151116
-0.000160442
-0.000170366
-0.000180927
-0.000192164
-0.00020412
-0.000216837
-0.000230362
-0.000244743
-0.000260029
-0.000276274
-0.000293535
-0.000311874
-0.000331358
-0.000352057
-0.000374047
-0.00039741
-0.00042223
-0.000448598
-0.000476611
-0.000506372
-0.000537991
-0.000571585
-0.000607276
-0.000645195
-0.000685479
-0.000728274
-0.000773738
-0.000822039
-0.000873359
-0.000927888
-0.000985829
-0.00104739
-0.00111281
-0.00118231
-0.00125615
-0.0013346
-0.00141795
-0.00150652
-0.00160064
-0.00170066
-0.00180697
-0.00191996
-0.00204005
-0.00216767
-0.0023033
-0.00244741
-0.00260054
-0.00276323
-0.00293609
-0.00311975
-0.00331489
-0.00352224
-0.00374256
-0.00397665
-0.00422538
-0.00448966
-0.00477045
-0.00506879
-0.00538576
-0.00572253
-0.00608029
-0.00646033
-0.00686397
-0.00729264
-0.00774788
-0.00823144
-0.00874537
-0.00929207
-0.00987425
-0.0104948
-0.0111564
-0.0118614
-0.0126115
-0.0134076
-0.0142509
-0.0151428
-0.0160865
-0.0170862
-0.0181477
-0.0192766
-0.0204784
-0.0217575
-0.023118
-0.0245644
-0.0261016
-0.0277355
-0.029472
-0.0313169
-0.033276
-0.0353559
-0.0375645
-0.0399109
-0.0424056
-0.0450597
-0.0478847
-0.0508916
-0.054091
-0.0574926
-0.0611062
-0.0649421
-0.0690134
-0.0733384
-0.0779437
-0.0828674
-0.0881578
-0.0938706
-0.10007
-0.106831
-0.114245
-0.122407
-0.131402
-0.141287
-0.1521
-0.163771
-0.17622
-0.189212
-0.203413
-0.220071
-0.237723
-0.258496
-0.000113339
-0.000106905
-0.000100858
-9.51773e-05
-8.98423e-05
-8.48343e-05
-8.01357e-05
-7.573e-05
-7.16015e-05
-6.77354e-05
-6.41179e-05
-6.07359e-05
-5.7577e-05
-5.46298e-05
-5.18835e-05
-4.9328e-05
-4.69542e-05
-4.47551e-05
-4.27191e-05
-4.08405e-05
-3.91127e-05
-3.75291e-05
-3.6084e-05
-3.4772e-05
-3.35883e-05
-3.25285e-05
-3.15887e-05
-3.07655e-05
-3.00559e-05
-2.94573e-05
-2.89675e-05
-2.85849e-05
-2.83079e-05
-2.81358e-05
-2.80678e-05
-2.81038e-05
-2.8244e-05
-2.84889e-05
-2.88396e-05
-2.92974e-05
-2.98639e-05
-3.05413e-05
-3.1332e-05
-3.22389e-05
-3.32654e-05
-3.44152e-05
-3.56925e-05
-3.71021e-05
-3.86491e-05
-4.03393e-05
-4.2179e-05
-4.4175e-05
-4.63348e-05
-4.86664e-05
-5.11784e-05
-5.38802e-05
-5.67819e-05
-5.98942e-05
-6.32286e-05
-6.67976e-05
-7.06142e-05
-7.46926e-05
-7.90477e-05
-8.36956e-05
-8.86534e-05
-9.39393e-05
-9.95729e-05
-0.000105575
-0.000111968
-0.000118775
-0.000126022
-0.000133736
-0.000141946
-0.000150685
-0.000159984
-0.00016988
-0.000180411
-0.000191616
-0.000203537
-0.000216219
-0.000229705
-0.000244044
-0.000259287
-0.000275486
-0.000292698
-0.000310985
-0.000330412
-0.000351052
-0.00037298
-0.000396277
-0.000421027
-0.00044732
-0.000475253
-0.00050493
-0.000536459
-0.000569958
-0.000605547
-0.000643358
-0.000683526
-0.000726199
-0.000771533
-0.000819697
-0.000870871
-0.000925245
-0.000983022
-0.00104441
-0.00110964
-0.00117895
-0.00125257
-0.0013308
-0.00141392
-0.00150224
-0.00159609
-0.00169583
-0.00180184
-0.00191451
-0.00203426
-0.00216152
-0.00229676
-0.00244046
-0.00259315
-0.00275538
-0.00292775
-0.00311089
-0.00330549
-0.00351225
-0.00373194
-0.00396537
-0.00421339
-0.00447692
-0.00475691
-0.0050544
-0.00537048
-0.00570629
-0.00606304
-0.006442
-0.0068445
-0.00727195
-0.0077259
-0.00820809
-0.00872058
-0.00926575
-0.00984631
-0.0104651
-0.0111249
-0.011828
-0.0125759
-0.0133698
-0.0142105
-0.0150998
-0.0160407
-0.0170375
-0.018096
-0.0192218
-0.0204204
-0.0216962
-0.023053
-0.0244953
-0.0260281
-0.0276571
-0.0293883
-0.0312277
-0.0331813
-0.0352558
-0.0374589
-0.0397997
-0.0422886
-0.0449364
-0.0477545
-0.050754
-0.0539456
-0.0573396
-0.0609459
-0.0647755
-0.0688423
-0.0731653
-0.0777717
-0.082699
-0.0879938
-0.0937105
-0.0999108
-0.106667
-0.114062
-0.122183
-0.131105
-0.140881
-0.151538
-0.163019
-0.175258
-0.188103
-0.201933
-0.216283
-0.229956
-0.249347
-0.000112989
-0.000106574
-0.000100545
-9.48815e-05
-8.95627e-05
-8.45701e-05
-7.98861e-05
-7.5494e-05
-7.13784e-05
-6.75245e-05
-6.39184e-05
-6.05471e-05
-5.73982e-05
-5.44604e-05
-5.17229e-05
-4.91757e-05
-4.68095e-05
-4.46175e-05
-4.2588e-05
-4.07155e-05
-3.89931e-05
-3.74146e-05
-3.5974e-05
-3.46661e-05
-3.34861e-05
-3.24295e-05
-3.14926e-05
-3.06719e-05
-2.99643e-05
-2.93675e-05
-2.88791e-05
-2.84974e-05
-2.82212e-05
-2.80493e-05
-2.79814e-05
-2.80171e-05
-2.81566e-05
-2.84006e-05
-2.875e-05
-2.92062e-05
-2.97707e-05
-3.04458e-05
-3.12338e-05
-3.21378e-05
-3.31609e-05
-3.4307e-05
-3.55802e-05
-3.69853e-05
-3.85275e-05
-4.02124e-05
-4.20463e-05
-4.40361e-05
-4.61892e-05
-4.85134e-05
-5.10176e-05
-5.37111e-05
-5.66037e-05
-5.97063e-05
-6.30304e-05
-6.65882e-05
-7.03929e-05
-7.44586e-05
-7.88002e-05
-8.34336e-05
-8.8376e-05
-9.36455e-05
-9.92616e-05
-0.000105245
-0.000111618
-0.000118404
-0.000125628
-0.000133318
-0.000141503
-0.000150214
-0.000159485
-0.00016935
-0.000179848
-0.000191019
-0.000202903
-0.000215545
-0.000228989
-0.000243284
-0.000258479
-0.000274627
-0.000291786
-0.000310016
-0.000329383
-0.000349959
-0.000371819
-0.000395043
-0.000419717
-0.000445928
-0.000473774
-0.000503359
-0.000534791
-0.000568185
-0.000603664
-0.000641356
-0.0006814
-0.00072394
-0.000769133
-0.000817147
-0.000868161
-0.000922367
-0.000979966
-0.00104117
-0.00110619
-0.00117528
-0.00124868
-0.00132667
-0.00140953
-0.00149757
-0.00159114
-0.00169057
-0.00179625
-0.00190857
-0.00202795
-0.00215482
-0.00228964
-0.0024329
-0.00258511
-0.00274684
-0.00291867
-0.00310125
-0.00329524
-0.00350136
-0.00372037
-0.00395307
-0.00420033
-0.00446304
-0.00474216
-0.00503873
-0.00535383
-0.00568859
-0.00604424
-0.00642203
-0.00682329
-0.00724942
-0.00770196
-0.00818267
-0.00869358
-0.00923708
-0.00981587
-0.0104328
-0.0110906
-0.0117915
-0.0125371
-0.0133285
-0.0141666
-0.015053
-0.0159908
-0.0169844
-0.0180396
-0.0191622
-0.0203573
-0.0216294
-0.0229823
-0.0244201
-0.025948
-0.0275716
-0.0292972
-0.0311306
-0.0330783
-0.0351468
-0.0373439
-0.0396786
-0.042161
-0.0448018
-0.0476123
-0.0506036
-0.0537867
-0.0571721
-0.0607702
-0.0645925
-0.0686535
-0.0729728
-0.0775779
-0.0825056
-0.0878014
-0.0935179
-0.0997146
-0.10646
-0.113831
-0.121906
-0.130754
-0.140421
-0.150928
-0.162231
-0.174276
-0.186966
-0.200565
-0.215055
-0.230502
-0.249058
-0.000112607
-0.000106212
-0.000100203
-9.45582e-05
-8.9257e-05
-8.42808e-05
-7.96123e-05
-7.52348e-05
-7.11329e-05
-6.72919e-05
-6.3698e-05
-6.03381e-05
-5.71999e-05
-5.42721e-05
-5.15439e-05
-4.90054e-05
-4.66474e-05
-4.44628e-05
-4.24403e-05
-4.05743e-05
-3.88578e-05
-3.72847e-05
-3.58491e-05
-3.45457e-05
-3.33698e-05
-3.23169e-05
-3.13832e-05
-3.05654e-05
-2.98604e-05
-2.92656e-05
-2.8779e-05
-2.83987e-05
-2.81235e-05
-2.79524e-05
-2.78848e-05
-2.79205e-05
-2.80597e-05
-2.8303e-05
-2.86513e-05
-2.9106e-05
-2.96686e-05
-3.03415e-05
-3.11269e-05
-3.20278e-05
-3.30475e-05
-3.41897e-05
-3.54586e-05
-3.6859e-05
-3.83959e-05
-4.00751e-05
-4.19029e-05
-4.38859e-05
-4.60317e-05
-4.83481e-05
-5.08439e-05
-5.35282e-05
-5.64111e-05
-5.95032e-05
-6.2816e-05
-6.63619e-05
-7.01537e-05
-7.42057e-05
-7.85326e-05
-8.31504e-05
-8.80761e-05
-9.33278e-05
-9.89249e-05
-0.000104888
-0.000111239
-0.000118003
-0.000125203
-0.000132867
-0.000141024
-0.000149706
-0.000158946
-0.000168778
-0.00017924
-0.000190373
-0.000202217
-0.000214816
-0.000228215
-0.000242462
-0.000257605
-0.000273699
-0.000290799
-0.000308968
-0.00032827
-0.000348777
-0.000370563
-0.000393709
-0.000418299
-0.000444423
-0.000472175
-0.00050166
-0.000532986
-0.000566268
-0.000601627
-0.000639192
-0.0006791
-0.000721496
-0.000766536
-0.000814388
-0.000865231
-0.000919255
-0.000976659
-0.00103766
-0.00110246
-0.00117132
-0.00124447
-0.0013222
-0.00140478
-0.00149253
-0.00158578
-0.00168488
-0.0017902
-0.00190215
-0.00202112
-0.00214756
-0.00228193
-0.00242471
-0.00257641
-0.0027376
-0.00290885
-0.00309082
-0.00328415
-0.00348958
-0.00370785
-0.00393977
-0.00418619
-0.00444802
-0.00472621
-0.00502178
-0.00533581
-0.00566945
-0.00602391
-0.00640043
-0.00680033
-0.00722504
-0.00767606
-0.00815516
-0.00866437
-0.00920606
-0.00978295
-0.0103979
-0.0110535
-0.0117521
-0.0124952
-0.0132838
-0.014119
-0.0150023
-0.0159367
-0.016927
-0.0179787
-0.0190976
-0.020289
-0.0215571
-0.0229057
-0.0243388
-0.0258614
-0.0274793
-0.0291986
-0.0310257
-0.0329669
-0.0350289
-0.0372194
-0.0395475
-0.0420227
-0.0446559
-0.0474579
-0.0504403
-0.0536141
-0.0569902
-0.0605792
-0.0643931
-0.0684468
-0.0727606
-0.077362
-0.0822873
-0.0875807
-0.0932931
-0.0994818
-0.106211
-0.113553
-0.121579
-0.13035
-0.13991
-0.150273
-0.161407
-0.173269
-0.185801
-0.199181
-0.213417
-0.228408
-0.246129
-0.000112198
-0.000105826
-9.98384e-05
-9.42133e-05
-8.8931e-05
-8.39727e-05
-7.9321e-05
-7.49594e-05
-7.08724e-05
-6.70455e-05
-6.34647e-05
-6.01171e-05
-5.69905e-05
-5.40735e-05
-5.13554e-05
-4.88263e-05
-4.64769e-05
-4.43006e-05
-4.22855e-05
-4.04262e-05
-3.87161e-05
-3.71487e-05
-3.57183e-05
-3.44196e-05
-3.32478e-05
-3.21986e-05
-3.12682e-05
-3.04532e-05
-2.97506e-05
-2.91579e-05
-2.86729e-05
-2.8294e-05
-2.80197e-05
-2.78492e-05
-2.77818e-05
-2.78173e-05
-2.7956e-05
-2.81984e-05
-2.85454e-05
-2.89984e-05
-2.9559e-05
-3.02294e-05
-3.1012e-05
-3.19096e-05
-3.29255e-05
-3.40636e-05
-3.53279e-05
-3.67232e-05
-3.82545e-05
-3.99276e-05
-4.17487e-05
-4.37245e-05
-4.58625e-05
-4.81705e-05
-5.06571e-05
-5.33316e-05
-5.6204e-05
-5.92849e-05
-6.25857e-05
-6.61186e-05
-6.98967e-05
-7.39338e-05
-7.8245e-05
-8.2846e-05
-8.77538e-05
-9.29864e-05
-9.85632e-05
-0.000104505
-0.000110833
-0.000117571
-0.000124745
-0.000132382
-0.00014051
-0.00014916
-0.000158366
-0.000168162
-0.000178587
-0.000189679
-0.00020148
-0.000214033
-0.000227384
-0.000241578
-0.000256666
-0.000272701
-0.000289739
-0.000307841
-0.000327073
-0.000347505
-0.000369212
-0.000392274
-0.000416776
-0.000442804
-0.000470456
-0.000499834
-0.000531046
-0.000564207
-0.000599437
-0.000636865
-0.000676627
-0.000718868
-0.000763744
-0.000811422
-0.00086208
-0.000915908
-0.000973105
-0.00103388
-0.00109845
-0.00116706
-0.00123995
-0.00131739
-0.00139967
-0.0014871
-0.00158002
-0.00167876
-0.0017837
-0.00189524
-0.00201378
-0.00213977
-0.00227365
-0.0024159
-0.00256706
-0.00272766
-0.00289829
-0.0030796
-0.00327223
-0.00347691
-0.00369439
-0.00392547
-0.004171
-0.00443187
-0.00470905
-0.00500354
-0.00531644
-0.00564887
-0.00600204
-0.00637719
-0.00677565
-0.00719882
-0.00764821
-0.00812558
-0.00863296
-0.00917271
-0.00974754
-0.0103603
-0.0110136
-0.0117097
-0.0124501
-0.0132358
-0.0140678
-0.0149477
-0.0158786
-0.0168652
-0.0179131
-0.0190282
-0.0202156
-0.0214794
-0.0228233
-0.0242513
-0.0257683
-0.02738
-0.0290928
-0.030913
-0.0328472
-0.0349021
-0.0370856
-0.0394063
-0.0418738
-0.0444985
-0.0472915
-0.0502642
-0.053428
-0.0567938
-0.0603728
-0.0641771
-0.0682222
-0.0725286
-0.0771241
-0.0820442
-0.0873319
-0.0930366
-0.099213
-0.105922
-0.113231
-0.121204
-0.129897
-0.139349
-0.149574
-0.160547
-0.172237
-0.184608
-0.197786
-0.211809
-0.226619
-0.243633
-0.000111758
-0.000105411
-9.9446e-05
-9.38425e-05
-8.85804e-05
-8.36412e-05
-7.90074e-05
-7.46628e-05
-7.05917e-05
-6.67797e-05
-6.3213e-05
-5.98786e-05
-5.67644e-05
-5.3859e-05
-5.11517e-05
-4.86326e-05
-4.62927e-05
-4.4125e-05
-4.2118e-05
-4.02662e-05
-3.85629e-05
-3.70018e-05
-3.55771e-05
-3.42835e-05
-3.31164e-05
-3.20713e-05
-3.11446e-05
-3.03328e-05
-2.96329e-05
-2.90425e-05
-2.85594e-05
-2.81819e-05
-2.79086e-05
-2.77387e-05
-2.76716e-05
-2.77069e-05
-2.78451e-05
-2.80865e-05
-2.84322e-05
-2.88834e-05
-2.94418e-05
-3.01096e-05
-3.08891e-05
-3.17832e-05
-3.27952e-05
-3.39288e-05
-3.51882e-05
-3.6578e-05
-3.81033e-05
-3.97699e-05
-4.15838e-05
-4.35519e-05
-4.56815e-05
-4.79805e-05
-5.04574e-05
-5.31215e-05
-5.59826e-05
-5.90515e-05
-6.23393e-05
-6.58584e-05
-6.96217e-05
-7.36432e-05
-7.79375e-05
-8.25205e-05
-8.74091e-05
-9.26213e-05
-9.81763e-05
-0.000104095
-0.000110398
-0.00011711
-0.000124256
-0.000131863
-0.000139959
-0.000148576
-0.000157745
-0.000167504
-0.000177888
-0.000188937
-0.000200692
-0.000213196
-0.000226494
-0.000240633
-0.000255662
-0.000271634
-0.000288605
-0.000306637
-0.000325793
-0.000346146
-0.000367768
-0.00039074
-0.000415146
-0.000441073
-0.000468617
-0.00049788
-0.000528971
-0.000562002
-0.000597094
-0.000634376
-0.000673982
-0.000716058
-0.000760758
-0.000808249
-0.00085871
-0.000912328
-0.000969302
-0.00102984
-0.00109416
-0.0011625
-0.00123511
-0.00131225
-0.00139421
-0.0014813
-0.00157385
-0.00167221
-0.00177674
-0.00188785
-0.00200593
-0.00213142
-0.00226478
-0.00240649
-0.00255705
-0.00271702
-0.002887
-0.00306759
-0.00325948
-0.00346336
-0.00368
-0.00391017
-0.00415474
-0.00441459
-0.00469069
-0.00498404
-0.00529571
-0.00562685
-0.00597864
-0.00635234
-0.00674925
-0.00717077
-0.00761842
-0.00809394
-0.00859936
-0.00913704
-0.00970966
-0.01032
-0.0109709
-0.0116643
-0.0124018
-0.0131844
-0.014013
-0.0148893
-0.0158164
-0.0167991
-0.017843
-0.0189539
-0.020137
-0.0213963
-0.0227353
-0.0241578
-0.0256687
-0.0272738
-0.0289796
-0.0307925
-0.0327192
-0.0347667
-0.0369425
-0.0392552
-0.0417142
-0.0443298
-0.047113
-0.0500752
-0.0532281
-0.0565829
-0.0601509
-0.0639445
-0.0679795
-0.0722768
-0.076864
-0.0817761
-0.0870551
-0.0927485
-0.098909
-0.105594
-0.112865
-0.120782
-0.129396
-0.138741
-0.148832
-0.159652
-0.171175
-0.183386
-0.196373
-0.210189
-0.224804
-0.241238
-0.000111291
-0.00010497
-9.90292e-05
-9.34486e-05
-8.82081e-05
-8.32893e-05
-7.86747e-05
-7.4348e-05
-7.02939e-05
-6.64978e-05
-6.29461e-05
-5.96257e-05
-5.65246e-05
-5.36314e-05
-5.09356e-05
-4.84272e-05
-4.60971e-05
-4.39387e-05
-4.19402e-05
-4.00963e-05
-3.84001e-05
-3.68456e-05
-3.54269e-05
-3.41388e-05
-3.29765e-05
-3.19358e-05
-3.1013e-05
-3.02045e-05
-2.95075e-05
-2.89196e-05
-2.84384e-05
-2.80625e-05
-2.77904e-05
-2.76211e-05
-2.75542e-05
-2.75895e-05
-2.7727e-05
-2.79674e-05
-2.83116e-05
-2.8761e-05
-2.93171e-05
-2.9982e-05
-3.07583e-05
-3.16487e-05
-3.26564e-05
-3.37853e-05
-3.50394e-05
-3.64234e-05
-3.79423e-05
-3.96019e-05
-4.14083e-05
-4.33682e-05
-4.54889e-05
-4.77782e-05
-5.02448e-05
-5.28978e-05
-5.57469e-05
-5.88029e-05
-6.20771e-05
-6.55815e-05
-6.93291e-05
-7.33337e-05
-7.76101e-05
-8.2174e-05
-8.70421e-05
-9.22326e-05
-9.77644e-05
-0.000103658
-0.000109935
-0.000116619
-0.000123736
-0.000131311
-0.000139373
-0.000147954
-0.000157085
-0.000166803
-0.000177143
-0.000188146
-0.000199852
-0.000212304
-0.000225546
-0.000239626
-0.000254592
-0.000270497
-0.000287398
-0.000305354
-0.000324431
-0.000344698
-0.00036623
-0.000389106
-0.000413411
-0.00043923
-0.000466659
-0.0004958
-0.000526761
-0.000559654
-0.000594599
-0.000631725
-0.000671165
-0.000713065
-0.000757578
-0.000804871
-0.000855122
-0.000908517
-0.000965253
-0.00102554
-0.00108959
-0.00115765
-0.00122995
-0.00130677
-0.00138839
-0.00147512
-0.00156729
-0.00166524
-0.00176934
-0.00187998
-0.00199757
-0.00212254
-0.00225534
-0.00239645
-0.00254639
-0.0027057
-0.00287496
-0.00305481
-0.0032459
-0.00344893
-0.00366466
-0.00389388
-0.00413742
-0.00439619
-0.00467113
-0.00496326
-0.00527364
-0.0056034
-0.00595373
-0.00632587
-0.00672113
-0.0071409
-0.0075867
-0.00806025
-0.00856358
-0.00909904
-0.00966932
-0.0102772
-0.0109253
-0.0116159
-0.0123503
-0.0131296
-0.0139546
-0.0148271
-0.0157502
-0.0167287
-0.0177683
-0.0188749
-0.0200534
-0.0213078
-0.0226414
-0.0240581
-0.0255626
-0.0271608
-0.0288591
-0.0306643
-0.032583
-0.0346224
-0.03679
-0.0390941
-0.0415439
-0.0441496
-0.0469223
-0.0498734
-0.0530147
-0.0563575
-0.0599135
-0.0636953
-0.0677188
-0.0720051
-0.0765818
-0.0814834
-0.0867506
-0.0924294
-0.0985701
-0.105227
-0.112457
-0.120316
-0.128848
-0.138088
-0.148049
-0.15872
-0.170083
-0.182135
-0.19494
-0.208556
-0.22298
-0.238932
-0.000110795
-0.000104501
-9.85866e-05
-9.30304e-05
-8.78129e-05
-8.29156e-05
-7.83214e-05
-7.4014e-05
-6.99779e-05
-6.61987e-05
-6.26628e-05
-5.93574e-05
-5.62702e-05
-5.33901e-05
-5.07064e-05
-4.82093e-05
-4.58898e-05
-4.37411e-05
-4.17516e-05
-3.9916e-05
-3.82275e-05
-3.66799e-05
-3.52676e-05
-3.39852e-05
-3.28282e-05
-3.17921e-05
-3.08734e-05
-3.00685e-05
-2.93746e-05
-2.87892e-05
-2.83102e-05
-2.79359e-05
-2.7665e-05
-2.74965e-05
-2.74298e-05
-2.74649e-05
-2.76018e-05
-2.78411e-05
-2.81838e-05
-2.86311e-05
-2.91848e-05
-2.98468e-05
-3.06196e-05
-3.1506e-05
-3.25093e-05
-3.36331e-05
-3.48817e-05
-3.62595e-05
-3.77717e-05
-3.94239e-05
-4.12222e-05
-4.31734e-05
-4.52846e-05
-4.75638e-05
-5.00194e-05
-5.26605e-05
-5.5497e-05
-5.85394e-05
-6.1799e-05
-6.52878e-05
-6.90187e-05
-7.30055e-05
-7.72629e-05
-8.18065e-05
-8.6653e-05
-9.18204e-05
-9.73275e-05
-0.000103195
-0.000109444
-0.000116099
-0.000123183
-0.000130725
-0.000138751
-0.000147294
-0.000156385
-0.000166059
-0.000176354
-0.000187308
-0.000198962
-0.000211358
-0.000224541
-0.000238558
-0.000253458
-0.000269292
-0.000286117
-0.000303993
-0.000322985
-0.000343162
-0.000364599
-0.000387374
-0.00041157
-0.000437275
-0.000464582
-0.000493594
-0.000524417
-0.000557163
-0.000591953
-0.000628913
-0.000668178
-0.00070989
-0.000754205
-0.000801288
-0.000851316
-0.000904474
-0.000960959
-0.00102098
-0.00108475
-0.0011525
-0.00122448
-0.00130096
-0.00138222
-0.00146857
-0.00156032
-0.00165784
-0.00176148
-0.00187163
-0.0019887
-0.00211311
-0.00224533
-0.00238581
-0.00253509
-0.00269369
-0.0028622
-0.00304125
-0.00323149
-0.00343362
-0.00364839
-0.00387659
-0.00411905
-0.00437667
-0.00465039
-0.00494122
-0.00525022
-0.00557852
-0.00592729
-0.00629779
-0.0066913
-0.00710922
-0.00755304
-0.00802451
-0.00852563
-0.00905874
-0.00962652
-0.0102318
-0.0108771
-0.0115646
-0.0122957
-0.0130714
-0.0138926
-0.0147611
-0.0156799
-0.016654
-0.017689
-0.018791
-0.0199646
-0.0212139
-0.0225419
-0.0239524
-0.0254501
-0.0270409
-0.0287314
-0.0305284
-0.0324387
-0.0344695
-0.0366282
-0.038923
-0.0413629
-0.0439581
-0.0467195
-0.0496587
-0.0527876
-0.0561177
-0.0596607
-0.0634294
-0.0674399
-0.0717135
-0.0762776
-0.081166
-0.0864185
-0.0920797
-0.0981972
-0.104822
-0.112008
-0.119805
-0.128255
-0.137391
-0.147225
-0.157752
-0.16896
-0.180854
-0.193483
-0.206907
-0.221141
-0.236683
-0.000110271
-0.000104006
-9.81188e-05
-9.25884e-05
-8.73952e-05
-8.25209e-05
-7.79482e-05
-7.3661e-05
-6.96439e-05
-6.58827e-05
-6.23636e-05
-5.90738e-05
-5.60014e-05
-5.3135e-05
-5.04642e-05
-4.7979e-05
-4.56706e-05
-4.35323e-05
-4.15524e-05
-3.97255e-05
-3.80451e-05
-3.65049e-05
-3.50992e-05
-3.3823e-05
-3.26714e-05
-3.16403e-05
-3.07258e-05
-2.99247e-05
-2.92341e-05
-2.86514e-05
-2.81747e-05
-2.78021e-05
-2.75324e-05
-2.73647e-05
-2.72984e-05
-2.73332e-05
-2.74695e-05
-2.77077e-05
-2.80488e-05
-2.8494e-05
-2.9045e-05
-2.97039e-05
-3.0473e-05
-3.13553e-05
-3.23538e-05
-3.34723e-05
-3.4715e-05
-3.60863e-05
-3.75913e-05
-3.92357e-05
-4.10256e-05
-4.29675e-05
-4.50688e-05
-4.73372e-05
-4.97812e-05
-5.24098e-05
-5.52329e-05
-5.8261e-05
-6.15051e-05
-6.49775e-05
-6.86908e-05
-7.26587e-05
-7.6896e-05
-8.14181e-05
-8.62418e-05
-9.13848e-05
-9.6866e-05
-0.000102706
-0.000108926
-0.000115549
-0.0001226
-0.000130106
-0.000138094
-0.000146597
-0.000155645
-0.000165274
-0.00017552
-0.000186422
-0.000198021
-0.000210359
-0.000223479
-0.00023743
-0.000252259
-0.000268019
-0.000284764
-0.000302556
-0.000321458
-0.00034154
-0.000362875
-0.000385542
-0.000409625
-0.000435208
-0.000462387
-0.000491262
-0.000521939
-0.000554531
-0.000589157
-0.000625941
-0.00066502
-0.000706535
-0.000750641
-0.000797501
-0.000847293
-0.000900201
-0.00095642
-0.00101616
-0.00107962
-0.00114706
-0.0012187
-0.00129482
-0.0013757
-0.00146164
-0.00155296
-0.00165002
-0.00175317
-0.0018628
-0.00197932
-0.00210315
-0.00223474
-0.00237457
-0.00252313
-0.00268099
-0.00284871
-0.00302691
-0.00321626
-0.00341744
-0.00363119
-0.00385831
-0.00409963
-0.00435603
-0.00462846
-0.00491792
-0.00522547
-0.00555222
-0.00589935
-0.00626811
-0.00665977
-0.00707573
-0.00751747
-0.00798674
-0.00848551
-0.00901614
-0.00958129
-0.0101837
-0.010826
-0.0115103
-0.012238
-0.0130099
-0.0138271
-0.0146913
-0.0156056
-0.016575
-0.0176053
-0.0187023
-0.0198708
-0.0211146
-0.0224367
-0.0238407
-0.0253313
-0.0269143
-0.0285965
-0.0303848
-0.0322862
-0.0343079
-0.0364571
-0.0387419
-0.0411713
-0.0437552
-0.0465045
-0.0494311
-0.0525468
-0.0558633
-0.0593923
-0.0631468
-0.0671429
-0.0714019
-0.0759512
-0.0808241
-0.0860593
-0.0916996
-0.0977907
-0.104381
-0.111519
-0.119252
-0.12762
-0.136651
-0.146361
-0.156747
-0.167804
-0.179542
-0.192
-0.205236
-0.219282
-0.234473
-0.000109718
-0.000103484
-9.76259e-05
-9.21227e-05
-8.69551e-05
-8.21049e-05
-7.7555e-05
-7.32891e-05
-6.92922e-05
-6.55498e-05
-6.20483e-05
-5.87752e-05
-5.57182e-05
-5.28664e-05
-5.0209e-05
-4.77365e-05
-4.54398e-05
-4.33124e-05
-4.13424e-05
-3.95248e-05
-3.78529e-05
-3.63204e-05
-3.49219e-05
-3.3652e-05
-3.25062e-05
-3.14802e-05
-3.05704e-05
-2.97732e-05
-2.90861e-05
-2.85063e-05
-2.80319e-05
-2.76612e-05
-2.73928e-05
-2.72259e-05
-2.71599e-05
-2.71946e-05
-2.73301e-05
-2.75671e-05
-2.79065e-05
-2.83495e-05
-2.88978e-05
-2.95534e-05
-3.03187e-05
-3.11965e-05
-3.219e-05
-3.3303e-05
-3.45394e-05
-3.59038e-05
-3.74014e-05
-3.90375e-05
-4.08184e-05
-4.27506e-05
-4.48414e-05
-4.70985e-05
-4.95302e-05
-5.21458e-05
-5.49548e-05
-5.79676e-05
-6.11956e-05
-6.46506e-05
-6.83453e-05
-7.22934e-05
-7.65095e-05
-8.1009e-05
-8.58086e-05
-9.09259e-05
-9.63797e-05
-0.00010219
-0.000108379
-0.000114969
-0.000121985
-0.000129454
-0.000137402
-0.000145862
-0.000154865
-0.000164446
-0.000174641
-0.000185489
-0.000197029
-0.000209305
-0.000222361
-0.000236241
-0.000250996
-0.000266677
-0.000283338
-0.000301041
-0.000319848
-0.00033983
-0.000361059
-0.000383613
-0.000407575
-0.000433031
-0.000460074
-0.000488804
-0.000519329
-0.000551758
-0.00058621
-0.00062281
-0.000661693
-0.000703
-0.000746885
-0.000793512
-0.000843055
-0.000895699
-0.000951638
-0.00101108
-0.00107423
-0.00114132
-0.00121261
-0.00128835
-0.00136883
-0.00145434
-0.00154521
-0.00164178
-0.00174442
-0.0018535
-0.00196944
-0.00209265
-0.00222359
-0.00236271
-0.00251054
-0.00266761
-0.00283449
-0.00301181
-0.00320021
-0.00340038
-0.00361307
-0.00383906
-0.00407917
-0.00433429
-0.00460536
-0.00489337
-0.00519938
-0.00552451
-0.00586991
-0.00623683
-0.00662655
-0.00704044
-0.00748
-0.00794693
-0.00844324
-0.00897126
-0.00953362
-0.0101331
-0.0107722
-0.0114531
-0.0121771
-0.0129451
-0.013758
-0.0146177
-0.0155273
-0.0164918
-0.0175171
-0.0186089
-0.019772
-0.02101
-0.0223259
-0.023723
-0.025206
-0.0267809
-0.0284544
-0.0302336
-0.0321257
-0.0341376
-0.0362768
-0.038551
-0.0409691
-0.0435409
-0.0462775
-0.0491907
-0.0522925
-0.0555945
-0.0591085
-0.0628475
-0.0668277
-0.0710704
-0.075603
-0.080458
-0.0856731
-0.0912898
-0.0973513
-0.103903
-0.110991
-0.118659
-0.126942
-0.13587
-0.145458
-0.155706
-0.166614
-0.178198
-0.190488
-0.20354
-0.217399
-0.232283
-0.000109137
-0.000102936
-9.71079e-05
-9.16334e-05
-8.64928e-05
-8.1668e-05
-7.71419e-05
-7.28985e-05
-6.89227e-05
-6.52001e-05
-6.17172e-05
-5.84615e-05
-5.54208e-05
-5.25842e-05
-4.9941e-05
-4.74817e-05
-4.51973e-05
-4.30813e-05
-4.11219e-05
-3.9314e-05
-3.76509e-05
-3.61267e-05
-3.47355e-05
-3.34724e-05
-3.23327e-05
-3.13121e-05
-3.0407e-05
-2.96141e-05
-2.89305e-05
-2.83538e-05
-2.78819e-05
-2.75131e-05
-2.72461e-05
-2.70801e-05
-2.70144e-05
-2.70489e-05
-2.71837e-05
-2.74195e-05
-2.77571e-05
-2.81977e-05
-2.87431e-05
-2.93952e-05
-3.01565e-05
-3.10297e-05
-3.2018e-05
-3.31251e-05
-3.43549e-05
-3.57122e-05
-3.72018e-05
-3.88293e-05
-4.06008e-05
-4.25229e-05
-4.46026e-05
-4.68477e-05
-4.92667e-05
-5.18684e-05
-5.46625e-05
-5.76595e-05
-6.08704e-05
-6.43071e-05
-6.79824e-05
-7.19097e-05
-7.61035e-05
-8.05793e-05
-8.53535e-05
-9.04438e-05
-9.58689e-05
-0.000101649
-0.000107805
-0.00011436
-0.000121339
-0.000128768
-0.000136676
-0.000145091
-0.000154046
-0.000163577
-0.000173718
-0.000184508
-0.000195988
-0.000208199
-0.000221185
-0.000234993
-0.000249669
-0.000265267
-0.00028184
-0.000299449
-0.000318158
-0.000338034
-0.000359151
-0.000381586
-0.000405422
-0.000430743
-0.000457644
-0.000486223
-0.000516586
-0.000548844
-0.000583114
-0.000619521
-0.000658197
-0.000699286
-0.000742939
-0.00078932
-0.000838602
-0.000890969
-0.000946614
-0.00100574
-0.00106856
-0.0011353
-0.00120621
-0.00128155
-0.00136161
-0.00144667
-0.00153706
-0.00163312
-0.00173522
-0.00184373
-0.00195906
-0.00208162
-0.00221187
-0.00235026
-0.00249731
-0.00265355
-0.00281956
-0.00299594
-0.00318334
-0.00338246
-0.00359403
-0.00381882
-0.00405767
-0.00431144
-0.00458108
-0.00486758
-0.00517198
-0.00549539
-0.00583898
-0.00620397
-0.00659164
-0.00700336
-0.00744062
-0.00790512
-0.00839883
-0.0089241
-0.00948353
-0.0100799
-0.0107157
-0.0113929
-0.0121131
-0.0128769
-0.0136854
-0.0145403
-0.015445
-0.0164044
-0.0174244
-0.0185107
-0.0196682
-0.0209001
-0.0222094
-0.0235994
-0.0250745
-0.0266408
-0.0283052
-0.0300749
-0.0319571
-0.0339588
-0.0360872
-0.0383501
-0.0407562
-0.0433153
-0.0460385
-0.0489376
-0.0520246
-0.0553112
-0.0588092
-0.0625315
-0.0664944
-0.0707191
-0.0752329
-0.0800677
-0.0852603
-0.0908505
-0.0968796
-0.10339
-0.110425
-0.118025
-0.126223
-0.135048
-0.144516
-0.154629
-0.165391
-0.176821
-0.188946
-0.201817
-0.215489
-0.230101
-0.000108528
-0.000102361
-9.65649e-05
-9.11206e-05
-8.60083e-05
-8.12101e-05
-7.67091e-05
-7.24893e-05
-6.85356e-05
-6.48337e-05
-6.13703e-05
-5.81328e-05
-5.51092e-05
-5.22885e-05
-4.96603e-05
-4.72148e-05
-4.49432e-05
-4.28392e-05
-4.08908e-05
-3.9093e-05
-3.74393e-05
-3.59236e-05
-3.45403e-05
-3.32842e-05
-3.21508e-05
-3.11359e-05
-3.02359e-05
-2.94474e-05
-2.87676e-05
-2.8194e-05
-2.77247e-05
-2.73579e-05
-2.70925e-05
-2.69273e-05
-2.6862e-05
-2.68963e-05
-2.70304e-05
-2.72648e-05
-2.76005e-05
-2.80387e-05
-2.85811e-05
-2.92296e-05
-2.99866e-05
-3.08549e-05
-3.18378e-05
-3.29387e-05
-3.41617e-05
-3.55114e-05
-3.69927e-05
-3.86112e-05
-4.03729e-05
-4.22842e-05
-4.43523e-05
-4.6585e-05
-4.89905e-05
-5.15777e-05
-5.43564e-05
-5.73367e-05
-6.05297e-05
-6.39473e-05
-6.76021e-05
-7.15076e-05
-7.56781e-05
-8.0129e-05
-8.48767e-05
-8.99387e-05
-9.53337e-05
-0.000101081
-0.000107203
-0.000113722
-0.000120663
-0.000128051
-0.000135914
-0.000144282
-0.000153188
-0.000162666
-0.00017275
-0.000183481
-0.000194897
-0.00020704
-0.000219954
-0.000233684
-0.000248279
-0.000263789
-0.000280271
-0.000297782
-0.000316386
-0.000336152
-0.000357151
-0.000379462
-0.000403165
-0.000428346
-0.000455097
-0.000483517
-0.000513712
-0.00054579
-0.000579869
-0.000616073
-0.000654534
-0.000695394
-0.000738804
-0.000784928
-0.000833936
-0.000886013
-0.000941348
-0.00100014
-0.00106262
-0.00112899
-0.00119951
-0.00127443
-0.00135404
-0.00143863
-0.00152852
-0.00162405
-0.00172558
-0.00183349
-0.00194818
-0.00207006
-0.00219958
-0.00233721
-0.00248344
-0.00263882
-0.0028039
-0.0029793
-0.00316567
-0.00336368
-0.00357408
-0.00379762
-0.00403514
-0.0042875
-0.00455564
-0.00484054
-0.00514325
-0.00546487
-0.00580656
-0.00616953
-0.00655506
-0.00696451
-0.00739936
-0.00786129
-0.00835229
-0.00887467
-0.00943103
-0.0100241
-0.0106564
-0.0113299
-0.012046
-0.0128055
-0.0136093
-0.0144593
-0.0153588
-0.0163128
-0.0173272
-0.0184079
-0.0195594
-0.020785
-0.0220874
-0.0234697
-0.0249366
-0.026494
-0.0281489
-0.0299087
-0.0317805
-0.0337714
-0.0358885
-0.0381394
-0.0405328
-0.0430784
-0.0457874
-0.0486716
-0.0517431
-0.0550135
-0.0584944
-0.0621989
-0.066143
-0.070348
-0.074841
-0.0796536
-0.0848212
-0.0903823
-0.0963762
-0.102843
-0.109823
-0.117353
-0.125465
-0.134188
-0.143536
-0.153515
-0.164134
-0.175412
-0.187372
-0.200065
-0.213549
-0.227913
-0.000107891
-0.000101759
-9.59973e-05
-9.05844e-05
-8.55018e-05
-8.07315e-05
-7.62567e-05
-7.20615e-05
-6.81309e-05
-6.44508e-05
-6.10077e-05
-5.77893e-05
-5.47835e-05
-5.19795e-05
-4.93668e-05
-4.69358e-05
-4.46776e-05
-4.25861e-05
-4.06492e-05
-3.8862e-05
-3.72181e-05
-3.57113e-05
-3.43361e-05
-3.30874e-05
-3.19607e-05
-3.09517e-05
-3.00569e-05
-2.9273e-05
-2.85972e-05
-2.8027e-05
-2.75604e-05
-2.71958e-05
-2.69318e-05
-2.67676e-05
-2.67026e-05
-2.67367e-05
-2.687e-05
-2.71031e-05
-2.74368e-05
-2.78725e-05
-2.84117e-05
-2.90564e-05
-2.9809e-05
-3.06723e-05
-3.16493e-05
-3.27438e-05
-3.39597e-05
-3.53015e-05
-3.67742e-05
-3.83832e-05
-4.01345e-05
-4.20347e-05
-4.40908e-05
-4.63104e-05
-4.87018e-05
-5.12739e-05
-5.40363e-05
-5.69992e-05
-6.01736e-05
-6.35712e-05
-6.72046e-05
-7.10873e-05
-7.52334e-05
-7.96583e-05
-8.43783e-05
-8.94107e-05
-9.47742e-05
-0.000100488
-0.000106575
-0.000113056
-0.000119955
-0.0001273
-0.000135117
-0.000143437
-0.000152291
-0.000161713
-0.000171739
-0.000182407
-0.000193756
-0.000205828
-0.000218666
-0.000232316
-0.000246825
-0.000262245
-0.00027863
-0.000296038
-0.000314534
-0.000334184
-0.000355061
-0.000377241
-0.000400806
-0.00042584
-0.000452435
-0.000480689
-0.000510707
-0.000542597
-0.000576477
-0.000612469
-0.000650705
-0.000691325
-0.000734482
-0.000780336
-0.000829058
-0.000880831
-0.000935844
-0.000994297
-0.0010564
-0.00112239
-0.00119249
-0.00126698
-0.00134613
-0.00143022
-0.00151959
-0.00161456
-0.0017155
-0.00182278
-0.0019368
-0.00205797
-0.00218674
-0.00232356
-0.00246895
-0.00262341
-0.00278753
-0.00296191
-0.00314719
-0.00334405
-0.00355321
-0.00377545
-0.00401157
-0.00426246
-0.00452904
-0.00481228
-0.00511322
-0.00543297
-0.00577267
-0.00613353
-0.00651682
-0.00692389
-0.00735621
-0.00781547
-0.00830364
-0.008823
-0.00937614
-0.00996576
-0.0105944
-0.011264
-0.0119758
-0.0127307
-0.0135297
-0.0143745
-0.0152686
-0.016217
-0.0172257
-0.0183004
-0.0194457
-0.0206646
-0.0219598
-0.0233342
-0.0247925
-0.0263406
-0.0279856
-0.029735
-0.031596
-0.0335755
-0.0356806
-0.0379188
-0.0402988
-0.0428303
-0.0455244
-0.048393
-0.0514482
-0.0547014
-0.0581643
-0.0618496
-0.0657735
-0.0699573
-0.0744276
-0.0792157
-0.0843561
-0.0898856
-0.0958416
-0.102262
-0.109184
-0.116643
-0.124669
-0.133289
-0.142518
-0.152366
-0.162842
-0.173968
-0.185766
-0.198281
-0.211577
-0.225709
-0.000107227
-0.000101132
-9.54049e-05
-9.0025e-05
-8.49734e-05
-8.02322e-05
-7.57848e-05
-7.16153e-05
-6.77088e-05
-6.40513e-05
-6.06296e-05
-5.7431e-05
-5.44438e-05
-5.16571e-05
-4.90606e-05
-4.66447e-05
-4.44006e-05
-4.2322e-05
-4.03972e-05
-3.86211e-05
-3.69873e-05
-3.54898e-05
-3.41231e-05
-3.28821e-05
-3.17623e-05
-3.07596e-05
-2.98703e-05
-2.90912e-05
-2.84194e-05
-2.78527e-05
-2.7389e-05
-2.70266e-05
-2.67642e-05
-2.6601e-05
-2.65364e-05
-2.65703e-05
-2.67028e-05
-2.69344e-05
-2.72661e-05
-2.76991e-05
-2.8235e-05
-2.88758e-05
-2.96238e-05
-3.04817e-05
-3.14528e-05
-3.25406e-05
-3.3749e-05
-3.50826e-05
-3.65462e-05
-3.81454e-05
-3.9886e-05
-4.17745e-05
-4.38179e-05
-4.60239e-05
-4.84007e-05
-5.0957e-05
-5.37024e-05
-5.66472e-05
-5.98021e-05
-6.31789e-05
-6.679e-05
-7.06488e-05
-7.47695e-05
-7.91673e-05
-8.38584e-05
-8.88599e-05
-9.41905e-05
-9.98698e-05
-0.000105919
-0.00011236
-0.000119218
-0.000126517
-0.000134287
-0.000142556
-0.000151355
-0.000160719
-0.000170684
-0.000181286
-0.000192566
-0.000204563
-0.000217323
-0.000230889
-0.000245309
-0.000260634
-0.000276918
-0.00029422
-0.000312602
-0.000332131
-0.00035288
-0.000374924
-0.000398345
-0.000423225
-0.000449657
-0.000477738
-0.000507572
-0.000539266
-0.000572938
-0.000608709
-0.00064671
-0.000687081
-0.000729972
-0.000775545
-0.000823969
-0.000875425
-0.000930101
-0.000988197
-0.00104992
-0.0011155
-0.00118518
-0.00125921
-0.00133787
-0.00142145
-0.00151027
-0.00160467
-0.00170499
-0.00181161
-0.00192493
-0.00204536
-0.00217334
-0.00230933
-0.00245382
-0.00260734
-0.00277046
-0.00294377
-0.00312791
-0.00332356
-0.00353144
-0.00375231
-0.00398699
-0.00423634
-0.00450128
-0.00478279
-0.00508189
-0.00539968
-0.00573731
-0.00609596
-0.00647692
-0.00688151
-0.0073112
-0.00776767
-0.00825287
-0.00876908
-0.00931886
-0.0099049
-0.0105297
-0.0111951
-0.0119026
-0.0126527
-0.0134466
-0.014286
-0.0151745
-0.0161171
-0.0171198
-0.0181883
-0.019327
-0.020539
-0.0218266
-0.0231928
-0.0246421
-0.0261805
-0.0278153
-0.0295539
-0.0314035
-0.0333711
-0.0354636
-0.0376885
-0.0400543
-0.0425709
-0.0452494
-0.0481018
-0.0511399
-0.054375
-0.0578187
-0.0614837
-0.065386
-0.0695469
-0.0739928
-0.0787545
-0.0838653
-0.0893607
-0.0952765
-0.101648
-0.10851
-0.115896
-0.123835
-0.132352
-0.141463
-0.151181
-0.161516
-0.172491
-0.184126
-0.196465
-0.209571
-0.223481
-0.000106534
-0.000100479
-9.47882e-05
-8.94426e-05
-8.44232e-05
-7.97123e-05
-7.52934e-05
-7.11507e-05
-6.72694e-05
-6.36355e-05
-6.02359e-05
-5.7058e-05
-5.40902e-05
-5.13216e-05
-4.87419e-05
-4.63417e-05
-4.41122e-05
-4.20471e-05
-4.01348e-05
-3.83702e-05
-3.6747e-05
-3.52592e-05
-3.39014e-05
-3.26684e-05
-3.15558e-05
-3.05595e-05
-2.96759e-05
-2.89018e-05
-2.82344e-05
-2.76713e-05
-2.72105e-05
-2.68504e-05
-2.65897e-05
-2.64276e-05
-2.63634e-05
-2.6397e-05
-2.65287e-05
-2.67588e-05
-2.70884e-05
-2.75186e-05
-2.8051e-05
-2.86877e-05
-2.94309e-05
-3.02834e-05
-3.12482e-05
-3.2329e-05
-3.35296e-05
-3.48546e-05
-3.63089e-05
-3.78978e-05
-3.96272e-05
-4.15035e-05
-4.35339e-05
-4.57257e-05
-4.80872e-05
-5.06271e-05
-5.33549e-05
-5.62807e-05
-5.94153e-05
-6.27704e-05
-6.63583e-05
-7.01924e-05
-7.42866e-05
-7.86561e-05
-8.33171e-05
-8.82865e-05
-9.35829e-05
-9.92257e-05
-0.000105236
-0.000111636
-0.000118449
-0.000125702
-0.000133422
-0.000141638
-0.000150381
-0.000159685
-0.000169585
-0.00018012
-0.000191326
-0.000203247
-0.000215924
-0.000229403
-0.00024373
-0.000258956
-0.000275136
-0.000292326
-0.00031059
-0.000329994
-0.000350609
-0.000372512
-0.000395782
-0.000420503
-0.000446765
-0.000474665
-0.000504307
-0.000535798
-0.000569253
-0.000604794
-0.00064255
-0.000682661
-0.000725277
-0.000770557
-0.000818671
-0.000869797
-0.000924122
-0.000981845
-0.00104317
-0.00110833
-0.00117756
-0.00125112
-0.00132927
-0.00141232
-0.00150057
-0.00159436
-0.00169404
-0.00179998
-0.00191257
-0.00203223
-0.00215939
-0.0022945
-0.00243807
-0.0025906
-0.00275267
-0.00292487
-0.00310783
-0.00330223
-0.00350877
-0.00372822
-0.0039614
-0.00420914
-0.00447238
-0.00475208
-0.00504927
-0.00536502
-0.00570049
-0.00605685
-0.00643537
-0.00683738
-0.00726434
-0.0077179
-0.00820001
-0.00871294
-0.00925922
-0.00984152
-0.0104623
-0.0111234
-0.0118262
-0.0125715
-0.01336
-0.0141939
-0.0150765
-0.0160131
-0.0170095
-0.0180716
-0.0192035
-0.0204082
-0.0216879
-0.0230455
-0.0244855
-0.0260139
-0.027638
-0.0293653
-0.0312031
-0.0331582
-0.0352375
-0.0374484
-0.0397994
-0.0423005
-0.0449627
-0.047798
-0.0508182
-0.0540344
-0.0574579
-0.0611013
-0.0649807
-0.0691171
-0.0735368
-0.07827
-0.0833492
-0.0888083
-0.0946813
-0.101001
-0.107802
-0.115114
-0.122965
-0.131379
-0.140373
-0.14996
-0.160155
-0.170979
-0.182451
-0.194615
-0.207531
-0.221225
-0.000105815
-9.97998e-05
-9.41471e-05
-8.88372e-05
-8.38514e-05
-7.91721e-05
-7.47828e-05
-7.0668e-05
-6.68128e-05
-6.32035e-05
-5.98268e-05
-5.66704e-05
-5.37227e-05
-5.09729e-05
-4.84108e-05
-4.60269e-05
-4.38124e-05
-4.17615e-05
-3.98621e-05
-3.81095e-05
-3.64973e-05
-3.50196e-05
-3.36709e-05
-3.24462e-05
-3.13411e-05
-3.03516e-05
-2.94739e-05
-2.8705e-05
-2.80421e-05
-2.74827e-05
-2.7025e-05
-2.66673e-05
-2.64084e-05
-2.62473e-05
-2.61836e-05
-2.6217e-05
-2.63477e-05
-2.65763e-05
-2.69037e-05
-2.7331e-05
-2.78599e-05
-2.84923e-05
-2.92305e-05
-3.00772e-05
-3.10356e-05
-3.21091e-05
-3.33017e-05
-3.46178e-05
-3.60622e-05
-3.76404e-05
-3.93582e-05
-4.1222e-05
-4.32387e-05
-4.54158e-05
-4.77614e-05
-5.02842e-05
-5.29937e-05
-5.58998e-05
-5.90134e-05
-6.23459e-05
-6.59097e-05
-6.9718e-05
-7.37847e-05
-7.81249e-05
-8.27545e-05
-8.76906e-05
-9.29514e-05
-9.85563e-05
-0.000104526
-0.000110883
-0.000117651
-0.000124855
-0.000132523
-0.000140684
-0.000149368
-0.00015861
-0.000168444
-0.000178907
-0.000190039
-0.000201879
-0.000214471
-0.000227859
-0.000242089
-0.000257213
-0.000273283
-0.000290358
-0.000308499
-0.000327773
-0.00034825
-0.000370005
-0.000393119
-0.000417673
-0.000443759
-0.000471472
-0.000500915
-0.000532194
-0.000565423
-0.000600725
-0.000638227
-0.000678068
-0.000720397
-0.000765373
-0.000813164
-0.000863947
-0.000917908
-0.000975243
-0.00103616
-0.00110088
-0.00116965
-0.00124271
-0.00132034
-0.00140283
-0.00149049
-0.00158365
-0.00168266
-0.00178789
-0.00189973
-0.00201858
-0.00214489
-0.0022791
-0.0024217
-0.00257321
-0.00273419
-0.00290523
-0.00308697
-0.00328005
-0.00348521
-0.00370319
-0.00393479
-0.00418087
-0.00444235
-0.00472017
-0.00501536
-0.005329
-0.00566222
-0.0060162
-0.00639219
-0.00679152
-0.00721563
-0.00766617
-0.00814507
-0.00865458
-0.00919722
-0.00977563
-0.0103922
-0.0110489
-0.0117469
-0.012487
-0.0132701
-0.0140981
-0.0149747
-0.015905
-0.016895
-0.0179503
-0.0190752
-0.0202723
-0.0215438
-0.0228924
-0.0243227
-0.0258407
-0.0274537
-0.0291694
-0.0309949
-0.032937
-0.0350024
-0.0371986
-0.0395342
-0.042019
-0.0446642
-0.0474817
-0.0504832
-0.0536795
-0.0570818
-0.0607025
-0.0645575
-0.0686679
-0.0730598
-0.0777627
-0.0828081
-0.0882287
-0.0940568
-0.100323
-0.10706
-0.114297
-0.122058
-0.130369
-0.139246
-0.148705
-0.15876
-0.169433
-0.180743
-0.19273
-0.205455
-0.218935
-0.000105068
-9.90951e-05
-9.34819e-05
-8.8209e-05
-8.32581e-05
-7.86116e-05
-7.42531e-05
-7.01672e-05
-6.63392e-05
-6.27552e-05
-5.94024e-05
-5.62683e-05
-5.33415e-05
-5.06112e-05
-4.80672e-05
-4.57002e-05
-4.35015e-05
-4.14651e-05
-3.95791e-05
-3.7839e-05
-3.62382e-05
-3.47709e-05
-3.34317e-05
-3.22157e-05
-3.11184e-05
-3.01358e-05
-2.92643e-05
-2.85008e-05
-2.78425e-05
-2.72871e-05
-2.68326e-05
-2.64774e-05
-2.62203e-05
-2.60603e-05
-2.5997e-05
-2.60302e-05
-2.616e-05
-2.6387e-05
-2.67121e-05
-2.71364e-05
-2.76616e-05
-2.82895e-05
-2.90226e-05
-2.98634e-05
-3.0815e-05
-3.1881e-05
-3.30652e-05
-3.4372e-05
-3.58064e-05
-3.73735e-05
-3.90792e-05
-4.09299e-05
-4.29324e-05
-4.50942e-05
-4.74234e-05
-4.99285e-05
-5.26189e-05
-5.55047e-05
-5.85964e-05
-6.19055e-05
-6.54443e-05
-6.92258e-05
-7.3264e-05
-7.75738e-05
-8.21709e-05
-8.70724e-05
-9.22963e-05
-9.78619e-05
-0.00010379
-0.000110102
-0.000116823
-0.000123976
-0.000131591
-0.000139694
-0.000148318
-0.000157494
-0.000167259
-0.000177649
-0.000188702
-0.00020046
-0.000212963
-0.000226256
-0.000240387
-0.000255404
-0.000271362
-0.000288316
-0.00030633
-0.000325468
-0.000345801
-0.000367404
-0.000390355
-0.000414738
-0.00044064
-0.000468159
-0.000497394
-0.000528454
-0.00056145
-0.000596503
-0.000633741
-0.000673302
-0.000715334
-0.000759995
-0.000807451
-0.000857878
-0.00091146
-0.000968393
-0.00102888
-0.00109315
-0.00116143
-0.00123398
-0.00131107
-0.00139298
-0.00148003
-0.00157254
-0.00167085
-0.00177534
-0.0018864
-0.00200442
-0.00212984
-0.00226311
-0.00240471
-0.00255516
-0.00271501
-0.00288486
-0.00306531
-0.00325704
-0.00346076
-0.00367721
-0.00390718
-0.00415154
-0.00441118
-0.00468705
-0.00498018
-0.00529162
-0.00562251
-0.00597402
-0.00634739
-0.00674394
-0.00716509
-0.0076125
-0.00808806
-0.00859402
-0.00913288
-0.00970724
-0.0103195
-0.0109715
-0.0116645
-0.0123993
-0.0131767
-0.0139987
-0.0148691
-0.0157929
-0.0167762
-0.0178245
-0.018942
-0.0201312
-0.0213942
-0.0227335
-0.0241537
-0.025661
-0.0272626
-0.0289662
-0.0307789
-0.0327074
-0.0347584
-0.0369393
-0.0392586
-0.0417265
-0.0443541
-0.0471531
-0.050135
-0.0533105
-0.0566905
-0.0602872
-0.0641167
-0.0681996
-0.072562
-0.0772327
-0.0822424
-0.0876224
-0.0934033
-0.0996146
-0.106286
-0.113445
-0.121117
-0.129324
-0.138085
-0.147415
-0.15733
-0.167852
-0.178999
-0.19081
-0.203342
-0.21661
-0.000104295
-9.8365e-05
-9.27927e-05
-8.75583e-05
-8.26435e-05
-7.8031e-05
-7.37044e-05
-6.96484e-05
-6.58485e-05
-6.2291e-05
-5.89628e-05
-5.58519e-05
-5.29467e-05
-5.02365e-05
-4.77113e-05
-4.53618e-05
-4.31794e-05
-4.1158e-05
-3.92861e-05
-3.75587e-05
-3.59698e-05
-3.45133e-05
-3.3184e-05
-3.19769e-05
-3.08877e-05
-2.99123e-05
-2.90472e-05
-2.82892e-05
-2.76358e-05
-2.70844e-05
-2.66333e-05
-2.62807e-05
-2.60254e-05
-2.58666e-05
-2.58038e-05
-2.58367e-05
-2.59656e-05
-2.61909e-05
-2.65136e-05
-2.69349e-05
-2.74562e-05
-2.80795e-05
-2.88072e-05
-2.96418e-05
-3.05865e-05
-3.16447e-05
-3.28202e-05
-3.41175e-05
-3.55413e-05
-3.7097e-05
-3.87902e-05
-4.06273e-05
-4.26152e-05
-4.47612e-05
-4.70732e-05
-4.956e-05
-5.22307e-05
-5.50953e-05
-5.81644e-05
-6.14493e-05
-6.49622e-05
-6.8716e-05
-7.27247e-05
-7.70028e-05
-8.15663e-05
-8.64319e-05
-9.16176e-05
-9.71425e-05
-0.000103027
-0.000109293
-0.000115965
-0.000123066
-0.000130625
-0.000138669
-0.000147229
-0.000156339
-0.000166032
-0.000176346
-0.000187318
-0.000198989
-0.000211401
-0.000224597
-0.000238623
-0.00025353
-0.000269371
-0.000286201
-0.000304082
-0.00032308
-0.000343265
-0.000364709
-0.000387492
-0.000411696
-0.000437409
-0.000464726
-0.000493747
-0.000524579
-0.000557333
-0.000592129
-0.000629094
-0.000668365
-0.00071009
-0.000754423
-0.000801532
-0.00085159
-0.00090478
-0.000961297
-0.00102134
-0.00108514
-0.00115292
-0.00122494
-0.00130147
-0.00138278
-0.00146919
-0.00156102
-0.00165862
-0.00176235
-0.00187259
-0.00198975
-0.00211425
-0.00224654
-0.00238711
-0.00253646
-0.00269514
-0.00286374
-0.00304288
-0.00323321
-0.00343543
-0.00365029
-0.00387858
-0.00412115
-0.00437889
-0.00465274
-0.00494373
-0.0052529
-0.00558137
-0.00593033
-0.00630098
-0.00669464
-0.00711273
-0.00755689
-0.008029
-0.00853128
-0.00906621
-0.00963638
-0.0102441
-0.0108914
-0.0115792
-0.0123084
-0.0130799
-0.0138958
-0.0147597
-0.0156768
-0.0166531
-0.0176943
-0.0188041
-0.0199851
-0.0212392
-0.0225689
-0.0239787
-0.0254748
-0.0270646
-0.0287556
-0.030555
-0.0324694
-0.0345054
-0.0366703
-0.0389729
-0.0414232
-0.0440324
-0.0468121
-0.0497737
-0.0529274
-0.0562841
-0.0598558
-0.0636583
-0.0677124
-0.0720436
-0.0766804
-0.0816524
-0.0869897
-0.0927216
-0.0988756
-0.10548
-0.112561
-0.120141
-0.128244
-0.136889
-0.146091
-0.155866
-0.166237
-0.177221
-0.188854
-0.201191
-0.214248
-0.000103494
-9.76097e-05
-9.20797e-05
-8.68851e-05
-8.20077e-05
-7.74304e-05
-7.31369e-05
-6.91119e-05
-6.53411e-05
-6.18108e-05
-5.85082e-05
-5.54211e-05
-5.25383e-05
-4.98489e-05
-4.73432e-05
-4.50118e-05
-4.28462e-05
-4.08405e-05
-3.89829e-05
-3.72689e-05
-3.56921e-05
-3.42468e-05
-3.29277e-05
-3.17299e-05
-3.0649e-05
-2.9681e-05
-2.88225e-05
-2.80704e-05
-2.74219e-05
-2.68748e-05
-2.64271e-05
-2.60771e-05
-2.58238e-05
-2.56663e-05
-2.56039e-05
-2.56366e-05
-2.57645e-05
-2.59881e-05
-2.63083e-05
-2.67264e-05
-2.72437e-05
-2.78623e-05
-2.85844e-05
-2.94127e-05
-3.03502e-05
-3.14002e-05
-3.25668e-05
-3.38542e-05
-3.52672e-05
-3.68109e-05
-3.84912e-05
-4.03144e-05
-4.2287e-05
-4.44166e-05
-4.67111e-05
-4.91789e-05
-5.18292e-05
-5.4672e-05
-5.77176e-05
-6.09774e-05
-6.44635e-05
-6.81887e-05
-7.21667e-05
-7.64123e-05
-8.09409e-05
-8.57695e-05
-9.09156e-05
-9.63984e-05
-0.000102238
-0.000108457
-0.000115077
-0.000122124
-0.000129625
-0.000137608
-0.000146104
-0.000155144
-0.000164763
-0.000174998
-0.000185886
-0.000197468
-0.000209785
-0.00022288
-0.000236799
-0.000251592
-0.000267311
-0.000284013
-0.000301758
-0.000320611
-0.000340641
-0.000361921
-0.000384531
-0.00040855
-0.000434066
-0.000461175
-0.000489975
-0.000520571
-0.000553075
-0.000587604
-0.000624287
-0.000663258
-0.000704664
-0.00074866
-0.000795409
-0.000845086
-0.000897871
-0.000953956
-0.00101354
-0.00107686
-0.00114412
-0.00121559
-0.00129153
-0.00137223
-0.00145798
-0.00154911
-0.00164596
-0.0017489
-0.0018583
-0.00197457
-0.00209812
-0.00222941
-0.0023689
-0.00251712
-0.00267459
-0.0028419
-0.00301967
-0.00320855
-0.00340922
-0.00362244
-0.00384899
-0.00408971
-0.00434548
-0.00461725
-0.00490602
-0.00521284
-0.00553882
-0.00588512
-0.00625296
-0.00664364
-0.00705857
-0.00749936
-0.00796789
-0.00846637
-0.00899724
-0.00956306
-0.0101662
-0.0108084
-0.0114908
-0.0122143
-0.0129798
-0.0137893
-0.0146465
-0.0155567
-0.0165259
-0.0175595
-0.0186614
-0.0198339
-0.0210787
-0.0223985
-0.0237975
-0.0252821
-0.0268597
-0.0285378
-0.0303235
-0.0322232
-0.0342435
-0.0363919
-0.0386771
-0.0411091
-0.0436993
-0.046459
-0.0493993
-0.0525304
-0.0558626
-0.0594081
-0.0631825
-0.0672063
-0.0715048
-0.076106
-0.0810385
-0.0863313
-0.092012
-0.0981069
-0.104642
-0.111643
-0.119132
-0.127131
-0.135659
-0.144733
-0.154369
-0.164588
-0.175407
-0.186863
-0.199004
-0.211847
-0.000102667
-9.68293e-05
-9.13431e-05
-8.61897e-05
-8.1351e-05
-7.681e-05
-7.25506e-05
-6.85577e-05
-6.48169e-05
-6.13148e-05
-5.80386e-05
-5.49762e-05
-5.21164e-05
-4.94486e-05
-4.6963e-05
-4.46503e-05
-4.2502e-05
-4.05124e-05
-3.86697e-05
-3.69694e-05
-3.54053e-05
-3.39715e-05
-3.26629e-05
-3.14747e-05
-3.04024e-05
-2.94421e-05
-2.85905e-05
-2.78443e-05
-2.7201e-05
-2.66582e-05
-2.6214e-05
-2.58669e-05
-2.56156e-05
-2.54593e-05
-2.53974e-05
-2.54299e-05
-2.55567e-05
-2.57786e-05
-2.60963e-05
-2.6511e-05
-2.70243e-05
-2.7638e-05
-2.83543e-05
-2.9176e-05
-3.0106e-05
-3.11478e-05
-3.23051e-05
-3.35822e-05
-3.4984e-05
-3.65155e-05
-3.81824e-05
-3.99911e-05
-4.19481e-05
-4.40608e-05
-4.6337e-05
-4.87852e-05
-5.14145e-05
-5.42346e-05
-5.72561e-05
-6.049e-05
-6.39484e-05
-6.7644e-05
-7.15904e-05
-7.58022e-05
-8.0295e-05
-8.50851e-05
-9.01904e-05
-9.56297e-05
-0.000101423
-0.000107592
-0.00011416
-0.000121152
-0.000128593
-0.000136513
-0.000144941
-0.000153909
-0.000163452
-0.000173606
-0.000184407
-0.000195897
-0.000208115
-0.000221106
-0.000234915
-0.00024959
-0.000265184
-0.000281753
-0.000299356
-0.000318059
-0.00033793
-0.000359042
-0.000381471
-0.000405299
-0.000430613
-0.000457506
-0.000486077
-0.00051643
-0.000548675
-0.00058293
-0.000619321
-0.000657982
-0.000699059
-0.000742706
-0.000789085
-0.000838367
-0.000890732
-0.000946372
-0.00100549
-0.0010683
-0.00113503
-0.00120593
-0.00128127
-0.00136132
-0.0014464
-0.0015368
-0.00163289
-0.00173501
-0.00184354
-0.00195889
-0.00208146
-0.0022117
-0.00235009
-0.00249713
-0.00265335
-0.00281934
-0.00299569
-0.00318307
-0.00338215
-0.00359368
-0.00381843
-0.00405723
-0.00431097
-0.00458059
-0.00486707
-0.00517146
-0.00549486
-0.00583842
-0.00620336
-0.00659095
-0.00700261
-0.00743992
-0.00790476
-0.0083993
-0.00892597
-0.0094873
-0.0100856
-0.0107226
-0.0113996
-0.0121171
-0.0128764
-0.0136793
-0.0145296
-0.0154327
-0.0163946
-0.0174204
-0.0185141
-0.0196777
-0.020913
-0.0222223
-0.0236103
-0.025083
-0.0266481
-0.0283128
-0.0300843
-0.0319688
-0.0339729
-0.0361041
-0.0383712
-0.0407844
-0.0433548
-0.0460937
-0.049012
-0.0521195
-0.0554263
-0.0589444
-0.0626894
-0.0666815
-0.0709459
-0.0755099
-0.0804012
-0.0856475
-0.0912753
-0.0973093
-0.103774
-0.110694
-0.11809
-0.125984
-0.134396
-0.143342
-0.152838
-0.162905
-0.173559
-0.184835
-0.196779
-0.209406
-0.000101814
-9.60241e-05
-9.05831e-05
-8.54722e-05
-8.06734e-05
-7.617e-05
-7.19458e-05
-6.79859e-05
-6.42762e-05
-6.08032e-05
-5.75541e-05
-5.45173e-05
-5.16813e-05
-4.90357e-05
-4.65708e-05
-4.42773e-05
-4.2147e-05
-4.01739e-05
-3.83466e-05
-3.66604e-05
-3.51093e-05
-3.36875e-05
-3.23898e-05
-3.12114e-05
-3.0148e-05
-2.91957e-05
-2.83511e-05
-2.76111e-05
-2.69731e-05
-2.64348e-05
-2.59943e-05
-2.565e-05
-2.54008e-05
-2.52458e-05
-2.51844e-05
-2.52166e-05
-2.53424e-05
-2.55625e-05
-2.58775e-05
-2.62888e-05
-2.67978e-05
-2.74065e-05
-2.81169e-05
-2.89318e-05
-2.98542e-05
-3.08873e-05
-3.20351e-05
-3.33017e-05
-3.46918e-05
-3.62107e-05
-3.78639e-05
-3.96575e-05
-4.15984e-05
-4.36936e-05
-4.5951e-05
-4.8379e-05
-5.09866e-05
-5.37834e-05
-5.67799e-05
-5.99871e-05
-6.34169e-05
-6.7082e-05
-7.09958e-05
-7.51729e-05
-7.96285e-05
-8.43791e-05
-8.94423e-05
-9.48367e-05
-0.000100582
-0.000106701
-0.000113214
-0.000120148
-0.000127528
-0.000135382
-0.000143741
-0.000152635
-0.000162099
-0.000172169
-0.000182881
-0.000194276
-0.000206393
-0.000219276
-0.00023297
-0.000247524
-0.000262989
-0.00027942
-0.000296878
-0.000315427
-0.000335133
-0.00035607
-0.000378315
-0.000401946
-0.00042705
-0.000453721
-0.000482056
-0.000512158
-0.000544136
-0.000578108
-0.000614198
-0.000652539
-0.000693277
-0.000736563
-0.000782559
-0.000831434
-0.000883367
-0.000938547
-0.000997175
-0.00105946
-0.00112565
-0.00119597
-0.00127068
-0.00135008
-0.00143444
-0.0015241
-0.0016194
-0.00172067
-0.00182831
-0.00194271
-0.00206427
-0.00219344
-0.00233068
-0.00247651
-0.00263144
-0.00279606
-0.00297096
-0.00315678
-0.00335422
-0.00356399
-0.00378689
-0.00402372
-0.00427537
-0.00454276
-0.00482688
-0.00512876
-0.0054495
-0.00579024
-0.00615218
-0.00653659
-0.00694487
-0.0073786
-0.00783962
-0.00833009
-0.00885243
-0.00940912
-0.0100024
-0.0106341
-0.0113054
-0.0120169
-0.0127696
-0.0135658
-0.0144091
-0.0153049
-0.0162591
-0.0172769
-0.0183621
-0.0195165
-0.0207418
-0.0220405
-0.023417
-0.0248776
-0.0264297
-0.0280807
-0.0298374
-0.0317062
-0.0336936
-0.035807
-0.0380555
-0.0404491
-0.0429991
-0.0457165
-0.0486118
-0.0516948
-0.0549752
-0.0584648
-0.0621792
-0.0661384
-0.0703672
-0.0748923
-0.0797407
-0.0849388
-0.0905119
-0.0964832
-0.102876
-0.109714
-0.117016
-0.124805
-0.1331
-0.141917
-0.151273
-0.161187
-0.171676
-0.182772
-0.194516
-0.206927
-0.000100935
-9.51942e-05
-8.97999e-05
-8.47328e-05
-7.99752e-05
-7.55104e-05
-7.13226e-05
-6.73968e-05
-6.37191e-05
-6.0276e-05
-5.7055e-05
-5.40444e-05
-5.12329e-05
-4.86102e-05
-4.61666e-05
-4.3893e-05
-4.17811e-05
-3.98251e-05
-3.80136e-05
-3.6342e-05
-3.48043e-05
-3.33948e-05
-3.21083e-05
-3.094e-05
-2.98858e-05
-2.89417e-05
-2.81044e-05
-2.73707e-05
-2.67382e-05
-2.62045e-05
-2.57678e-05
-2.54265e-05
-2.51794e-05
-2.50257e-05
-2.49649e-05
-2.49968e-05
-2.51216e-05
-2.53397e-05
-2.56521e-05
-2.60599e-05
-2.65645e-05
-2.7168e-05
-2.78723e-05
-2.86802e-05
-2.95946e-05
-3.06189e-05
-3.17568e-05
-3.30125e-05
-3.43908e-05
-3.58966e-05
-3.75356e-05
-3.93139e-05
-4.12381e-05
-4.33153e-05
-4.55533e-05
-4.79605e-05
-5.05457e-05
-5.33185e-05
-5.62892e-05
-5.94689e-05
-6.28693e-05
-6.65029e-05
-7.03832e-05
-7.45244e-05
-7.89417e-05
-8.36516e-05
-8.86713e-05
-9.40195e-05
-9.97159e-05
-0.000105782
-0.00011224
-0.000119114
-0.000126431
-0.000134218
-0.000142504
-0.000151322
-0.000160705
-0.000170689
-0.000181309
-0.000192605
-0.000204618
-0.00021739
-0.000230967
-0.000245395
-0.000260727
-0.000277017
-0.000294325
-0.000312714
-0.000332251
-0.000353008
-0.000375062
-0.00039849
-0.000423379
-0.000449821
-0.000477912
-0.000507756
-0.000539459
-0.000573139
-0.000608918
-0.00064693
-0.000687318
-0.000730233
-0.000775834
-0.00082429
-0.000875778
-0.000930484
-0.000988608
-0.00105036
-0.00111598
-0.00118569
-0.00125977
-0.00133848
-0.00142213
-0.00151102
-0.00160549
-0.0017059
-0.00181262
-0.00192603
-0.00204655
-0.00217461
-0.00231068
-0.00245526
-0.00260886
-0.00277206
-0.00294546
-0.00312969
-0.00332543
-0.00353341
-0.00375438
-0.00398918
-0.00423867
-0.00450377
-0.00478546
-0.00508476
-0.00540276
-0.00574059
-0.00609944
-0.00648057
-0.00688536
-0.00731539
-0.00777248
-0.00825876
-0.00877662
-0.00932853
-0.00991671
-0.0105429
-0.0112083
-0.0119135
-0.0126596
-0.0134488
-0.0142849
-0.0151732
-0.0161195
-0.0171291
-0.0182054
-0.0193504
-0.0205654
-0.0218531
-0.0232177
-0.0246657
-0.0262045
-0.0278413
-0.0295829
-0.0314355
-0.0334056
-0.0355007
-0.0377299
-0.0401034
-0.0426323
-0.0453273
-0.0481989
-0.0512563
-0.0545093
-0.0579694
-0.061652
-0.0655771
-0.0697689
-0.0742537
-0.0790575
-0.0842057
-0.0897224
-0.0956294
-0.101949
-0.108703
-0.115911
-0.123594
-0.131772
-0.140461
-0.149676
-0.159437
-0.169758
-0.180672
-0.192217
-0.204408
-0.000100029
-9.43399e-05
-8.89936e-05
-8.39717e-05
-7.92566e-05
-7.48316e-05
-7.06812e-05
-6.67905e-05
-6.31457e-05
-5.97334e-05
-5.65413e-05
-5.35576e-05
-5.07714e-05
-4.81723e-05
-4.57506e-05
-4.34975e-05
-4.14045e-05
-3.94661e-05
-3.76709e-05
-3.60143e-05
-3.44904e-05
-3.30935e-05
-3.18185e-05
-3.06607e-05
-2.96159e-05
-2.86802e-05
-2.78504e-05
-2.71233e-05
-2.64965e-05
-2.59675e-05
-2.55347e-05
-2.51965e-05
-2.49516e-05
-2.47993e-05
-2.4739e-05
-2.47706e-05
-2.48943e-05
-2.51105e-05
-2.54201e-05
-2.58242e-05
-2.63244e-05
-2.69225e-05
-2.76206e-05
-2.84213e-05
-2.93275e-05
-3.03427e-05
-3.14704e-05
-3.2715e-05
-3.40809e-05
-3.55733e-05
-3.71977e-05
-3.89601e-05
-4.08672e-05
-4.29259e-05
-4.5144e-05
-4.75297e-05
-5.00918e-05
-5.28399e-05
-5.57842e-05
-5.89356e-05
-6.23056e-05
-6.59069e-05
-6.97525e-05
-7.38568e-05
-7.82349e-05
-8.29028e-05
-8.78778e-05
-9.31784e-05
-9.8824e-05
-0.000104836
-0.000111236
-0.00011805
-0.000125301
-0.000133019
-0.000141232
-0.000149971
-0.000159271
-0.000169165
-0.00017969
-0.000190886
-0.000202791
-0.000215449
-0.000228904
-0.000243204
-0.000258399
-0.000274544
-0.000291697
-0.000309922
-0.000329285
-0.000349857
-0.000371713
-0.000394933
-0.0004196
-0.000445806
-0.000473647
-0.000503224
-0.000534644
-0.000568023
-0.000603483
-0.000641157
-0.000681185
-0.000723717
-0.000768912
-0.000816936
-0.000867965
-0.000922184
-0.00097979
-0.001041
-0.00110602
-0.00117512
-0.00124854
-0.00132655
-0.00140945
-0.00149755
-0.00159118
-0.0016907
-0.00179646
-0.00190887
-0.00202831
-0.00215524
-0.00229009
-0.00243338
-0.00258562
-0.00274736
-0.00291921
-0.0031018
-0.0032958
-0.00350192
-0.00372093
-0.00395364
-0.0042009
-0.00446365
-0.00474283
-0.00503947
-0.00535465
-0.00568948
-0.00604515
-0.0064229
-0.00682411
-0.00725032
-0.00770336
-0.00818533
-0.00869858
-0.00924555
-0.00982845
-0.010449
-0.0111083
-0.0118071
-0.0125464
-0.0133285
-0.0141572
-0.0150377
-0.015976
-0.016977
-0.0180441
-0.0191793
-0.0203837
-0.02166
-0.0230125
-0.0244476
-0.0259727
-0.0275949
-0.0293209
-0.0311568
-0.033109
-0.0351853
-0.0373947
-0.0397474
-0.0422544
-0.0449264
-0.0477734
-0.0508044
-0.0540289
-0.0574584
-0.0611081
-0.0649977
-0.0691512
-0.0735942
-0.0783519
-0.0834486
-0.0889072
-0.0947483
-0.100993
-0.107662
-0.114775
-0.122352
-0.130413
-0.138972
-0.148046
-0.157653
-0.167807
-0.178538
-0.18988
-0.20185
-9.90983e-05
-9.34615e-05
-8.81646e-05
-8.31891e-05
-7.85176e-05
-7.41336e-05
-7.00217e-05
-6.61671e-05
-6.25561e-05
-5.91756e-05
-5.60132e-05
-5.30573e-05
-5.02969e-05
-4.7722e-05
-4.53229e-05
-4.30908e-05
-4.10173e-05
-3.9097e-05
-3.73185e-05
-3.56773e-05
-3.41676e-05
-3.27837e-05
-3.15205e-05
-3.03735e-05
-2.93384e-05
-2.84114e-05
-2.75892e-05
-2.68689e-05
-2.62479e-05
-2.57238e-05
-2.5295e-05
-2.49599e-05
-2.47173e-05
-2.45664e-05
-2.45067e-05
-2.4538e-05
-2.46606e-05
-2.48748e-05
-2.51816e-05
-2.5582e-05
-2.60775e-05
-2.667e-05
-2.73617e-05
-2.8155e-05
-2.90529e-05
-3.00586e-05
-3.11759e-05
-3.2409e-05
-3.37623e-05
-3.52409e-05
-3.68503e-05
-3.85964e-05
-4.04858e-05
-4.25255e-05
-4.47231e-05
-4.70867e-05
-4.96252e-05
-5.23479e-05
-5.52649e-05
-5.83871e-05
-6.17261e-05
-6.5294e-05
-6.91041e-05
-7.31705e-05
-7.75081e-05
-8.21328e-05
-8.70619e-05
-9.23135e-05
-9.7907e-05
-0.000103863
-0.000110205
-0.000116955
-0.00012414
-0.000131786
-0.000139923
-0.000148582
-0.000157795
-0.000167598
-0.000178026
-0.000189118
-0.000200913
-0.000213454
-0.000226784
-0.000240951
-0.000256005
-0.000272
-0.000288994
-0.00030705
-0.000326234
-0.000346616
-0.00036827
-0.000391275
-0.000415714
-0.000441677
-0.000469261
-0.000498564
-0.000529694
-0.000562764
-0.000597895
-0.00063522
-0.000674878
-0.000717017
-0.000761794
-0.000809375
-0.000859932
-0.000913649
-0.000970723
-0.00103136
-0.00109579
-0.00116425
-0.00123699
-0.00131428
-0.00139641
-0.0014837
-0.00157647
-0.00167506
-0.00177985
-0.00189122
-0.00200956
-0.00213531
-0.00226892
-0.00241088
-0.00256171
-0.00272196
-0.00289223
-0.00307312
-0.00326532
-0.00346954
-0.00368652
-0.00391708
-0.00416207
-0.00442238
-0.00469899
-0.0049929
-0.00530517
-0.00563692
-0.00598931
-0.00636359
-0.00676111
-0.00718341
-0.00763228
-0.00810981
-0.00861832
-0.00916022
-0.00973768
-0.0103524
-0.0110055
-0.0116976
-0.01243
-0.0132048
-0.0140258
-0.0148984
-0.0158284
-0.0168206
-0.0178783
-0.0190033
-0.0201968
-0.0214613
-0.0228013
-0.0242232
-0.0257342
-0.0273415
-0.0290514
-0.03087
-0.032804
-0.0348608
-0.0370498
-0.0393812
-0.0418657
-0.0445138
-0.0473353
-0.0503389
-0.053534
-0.0569319
-0.0605476
-0.0644007
-0.0685145
-0.0729143
-0.0776243
-0.0826679
-0.0880669
-0.0938406
-0.100009
-0.106592
-0.113609
-0.121079
-0.129022
-0.137452
-0.146384
-0.155837
-0.165822
-0.176369
-0.187508
-0.199254
-9.81418e-05
-9.2559e-05
-8.73129e-05
-8.23852e-05
-7.77586e-05
-7.34167e-05
-6.93443e-05
-6.55269e-05
-6.19506e-05
-5.86026e-05
-5.54707e-05
-5.25433e-05
-4.98096e-05
-4.72596e-05
-4.48836e-05
-4.2673e-05
-4.06196e-05
-3.87178e-05
-3.69564e-05
-3.53311e-05
-3.3836e-05
-3.24654e-05
-3.12144e-05
-3.00784e-05
-2.90533e-05
-2.81352e-05
-2.7321e-05
-2.66076e-05
-2.59925e-05
-2.54735e-05
-2.50488e-05
-2.47169e-05
-2.44767e-05
-2.43272e-05
-2.42681e-05
-2.42991e-05
-2.44205e-05
-2.46327e-05
-2.49365e-05
-2.53331e-05
-2.58239e-05
-2.64108e-05
-2.70958e-05
-2.78815e-05
-2.87708e-05
-2.97669e-05
-3.08735e-05
-3.20947e-05
-3.3435e-05
-3.48994e-05
-3.64934e-05
-3.82228e-05
-4.00941e-05
-4.21143e-05
-4.42908e-05
-4.66317e-05
-4.91459e-05
-5.18425e-05
-5.47316e-05
-5.78238e-05
-6.11307e-05
-6.46645e-05
-6.84381e-05
-7.24655e-05
-7.67615e-05
-8.1342e-05
-8.62238e-05
-9.14251e-05
-9.69651e-05
-0.000102864
-0.000109145
-0.000115831
-0.000122947
-0.00013052
-0.000138579
-0.000147155
-0.00015628
-0.000165988
-0.000176316
-0.000187302
-0.000198983
-0.000211403
-0.000224606
-0.000238636
-0.000253546
-0.000269387
-0.000286218
-0.000304101
-0.0003231
-0.000343287
-0.000364733
-0.000387517
-0.000411722
-0.000437437
-0.000464755
-0.000493777
-0.000524608
-0.000557361
-0.000592155
-0.000629122
-0.000668399
-0.000710134
-0.000754483
-0.000801607
-0.00085168
-0.000904882
-0.000961408
-0.00102147
-0.00108528
-0.00115308
-0.00122512
-0.00130167
-0.00138302
-0.00146947
-0.00156135
-0.001659
-0.00176279
-0.00187308
-0.00199029
-0.00211484
-0.00224717
-0.00238777
-0.00253716
-0.00269587
-0.0028645
-0.00304366
-0.00323402
-0.00343628
-0.00365118
-0.00387953
-0.00412217
-0.00438
-0.00465396
-0.00494506
-0.00525435
-0.00558293
-0.00593196
-0.00630267
-0.00669639
-0.00711466
-0.00755925
-0.00803222
-0.00853586
-0.00907254
-0.00964442
-0.0102531
-0.0108998
-0.0115852
-0.0123104
-0.0130778
-0.013891
-0.0147555
-0.0156769
-0.01666
-0.017708
-0.0188224
-0.0200047
-0.0212571
-0.0225843
-0.0239926
-0.0254892
-0.027081
-0.0287744
-0.0305754
-0.0324905
-0.0345275
-0.0366956
-0.0390049
-0.0414663
-0.0440897
-0.0468848
-0.0498601
-0.0530248
-0.0563901
-0.0599708
-0.0637861
-0.067859
-0.0722142
-0.0768752
-0.0818642
-0.087202
-0.0929067
-0.0989973
-0.105493
-0.112414
-0.119777
-0.127601
-0.135901
-0.144691
-0.153988
-0.163804
-0.174165
-0.1851
-0.196621
-9.71601e-05
-9.16328e-05
-8.64389e-05
-8.15602e-05
-7.69797e-05
-7.26811e-05
-6.86492e-05
-6.48698e-05
-6.13293e-05
-5.80147e-05
-5.49141e-05
-5.20159e-05
-4.93096e-05
-4.6785e-05
-4.44328e-05
-4.22443e-05
-4.02114e-05
-3.83287e-05
-3.65849e-05
-3.49759e-05
-3.34956e-05
-3.21388e-05
-3.09003e-05
-2.97756e-05
-2.87607e-05
-2.78518e-05
-2.70457e-05
-2.63394e-05
-2.57304e-05
-2.52166e-05
-2.47962e-05
-2.44676e-05
-2.42297e-05
-2.40818e-05
-2.40232e-05
-2.4054e-05
-2.41742e-05
-2.43843e-05
-2.46851e-05
-2.50777e-05
-2.55637e-05
-2.61447e-05
-2.68229e-05
-2.76008e-05
-2.84813e-05
-2.94675e-05
-3.05631e-05
-3.17722e-05
-3.30992e-05
-3.45491e-05
-3.61272e-05
-3.78394e-05
-3.96921e-05
-4.16922e-05
-4.38471e-05
-4.61648e-05
-4.8654e-05
-5.13238e-05
-5.41842e-05
-5.72458e-05
-6.05198e-05
-6.40184e-05
-6.77546e-05
-7.1742e-05
-7.59953e-05
-8.05303e-05
-8.53637e-05
-9.05134e-05
-9.59984e-05
-0.000101839
-0.000108058
-0.000114677
-0.000121722
-0.00012922
-0.000137199
-0.00014569
-0.000154725
-0.000164337
-0.000174562
-0.000185438
-0.000197003
-0.0002093
-0.00022237
-0.000236261
-0.000251022
-0.000266706
-0.000283369
-0.000301074
-0.000319885
-0.00033987
-0.000361103
-0.000383661
-0.000407625
-0.000433084
-0.000460131
-0.000488865
-0.000519389
-0.000551816
-0.000586264
-0.000622864
-0.000661751
-0.000703071
-0.000746979
-0.000793636
-0.00084321
-0.000895884
-0.000951849
-0.00101131
-0.00107449
-0.00114162
-0.00121294
-0.00128874
-0.00136928
-0.00145487
-0.00154584
-0.00164252
-0.00174527
-0.00185447
-0.00197052
-0.00209383
-0.00222485
-0.00236406
-0.00251196
-0.00266909
-0.00283605
-0.00301343
-0.00320189
-0.00340214
-0.00361491
-0.00384099
-0.00408123
-0.0043365
-0.00460774
-0.00489596
-0.00520219
-0.00552752
-0.00587309
-0.00624013
-0.00662997
-0.0070441
-0.00748429
-0.00795258
-0.00845122
-0.00898255
-0.00954869
-0.0101513
-0.0107914
-0.0114698
-0.0121878
-0.0129474
-0.0137527
-0.0146088
-0.0155214
-0.0164952
-0.0175331
-0.0186368
-0.0198073
-0.0210474
-0.0223614
-0.0237558
-0.0252375
-0.0268136
-0.0284901
-0.030273
-0.0321688
-0.0341853
-0.0363319
-0.0386187
-0.0410561
-0.0436541
-0.046422
-0.0493681
-0.0525015
-0.0558331
-0.0593778
-0.0631542
-0.0671851
-0.0714944
-0.0761049
-0.0810379
-0.0863129
-0.0919472
-0.0979589
-0.104367
-0.11119
-0.118445
-0.126151
-0.13432
-0.142967
-0.152108
-0.161753
-0.171928
-0.182657
-0.193952
-9.61535e-05
-9.06832e-05
-8.55428e-05
-8.07144e-05
-7.6181e-05
-7.19268e-05
-6.79366e-05
-6.41963e-05
-6.06923e-05
-5.7412e-05
-5.43434e-05
-5.14752e-05
-4.87969e-05
-4.62985e-05
-4.39706e-05
-4.18048e-05
-3.9793e-05
-3.79297e-05
-3.6204e-05
-3.46116e-05
-3.31467e-05
-3.18039e-05
-3.05782e-05
-2.94651e-05
-2.84607e-05
-2.75612e-05
-2.67634e-05
-2.60644e-05
-2.54617e-05
-2.49532e-05
-2.45371e-05
-2.42119e-05
-2.39765e-05
-2.38301e-05
-2.37722e-05
-2.38027e-05
-2.39216e-05
-2.41296e-05
-2.44273e-05
-2.48159e-05
-2.52969e-05
-2.58719e-05
-2.65432e-05
-2.73131e-05
-2.81844e-05
-2.91605e-05
-3.02449e-05
-3.14415e-05
-3.27549e-05
-3.41898e-05
-3.57517e-05
-3.74464e-05
-3.928e-05
-4.12595e-05
-4.33923e-05
-4.56861e-05
-4.81497e-05
-5.0792e-05
-5.3623e-05
-5.66531e-05
-5.98934e-05
-6.33561e-05
-6.70538e-05
-7.10002e-05
-7.52098e-05
-7.96982e-05
-8.44819e-05
-8.95786e-05
-9.50073e-05
-0.000100788
-0.000106943
-0.000113494
-0.000120467
-0.000127888
-0.000135785
-0.000144188
-0.00015313
-0.000162643
-0.000172763
-0.000183527
-0.000194973
-0.000207142
-0.000220078
-0.000233826
-0.000248434
-0.000263956
-0.000280448
-0.00029797
-0.000316587
-0.000336367
-0.000357382
-0.000379707
-0.000403424
-0.000428622
-0.00045539
-0.000483828
-0.000514038
-0.000546131
-0.000580225
-0.000616447
-0.000654934
-0.00069583
-0.000739286
-0.000785462
-0.000834527
-0.000886659
-0.000942048
-0.0010009
-0.00106343
-0.00112986
-0.00120046
-0.00127547
-0.00135518
-0.0014399
-0.00152993
-0.00162562
-0.00172731
-0.00183539
-0.00195025
-0.00207229
-0.00220196
-0.00233974
-0.00248612
-0.00264164
-0.00280687
-0.00298243
-0.00316895
-0.00336714
-0.00357772
-0.00380148
-0.00403925
-0.00429189
-0.00456036
-0.00484562
-0.00514871
-0.0054707
-0.00581273
-0.00617601
-0.00656185
-0.00697175
-0.00740743
-0.00787091
-0.00836442
-0.00889026
-0.00945052
-0.0100468
-0.0106802
-0.0113516
-0.012062
-0.0128138
-0.013611
-0.0144586
-0.0153621
-0.0163263
-0.0173538
-0.0184463
-0.0196049
-0.0208322
-0.0221327
-0.0235128
-0.0249794
-0.0265393
-0.0281985
-0.0299628
-0.0318389
-0.0338345
-0.0359591
-0.0382227
-0.0406355
-0.0432073
-0.045947
-0.0488631
-0.0519642
-0.0552613
-0.0587688
-0.0625053
-0.0664929
-0.0707551
-0.0753138
-0.0801893
-0.0854002
-0.0909628
-0.0968944
-0.103214
-0.109938
-0.117084
-0.12467
-0.132708
-0.141213
-0.150196
-0.15967
-0.169658
-0.180181
-0.191248
-9.51222e-05
-8.97102e-05
-8.46247e-05
-7.98478e-05
-7.53629e-05
-7.11542e-05
-6.72066e-05
-6.35063e-05
-6.00398e-05
-5.67946e-05
-5.37589e-05
-5.09214e-05
-4.82718e-05
-4.58001e-05
-4.34972e-05
-4.13546e-05
-3.93643e-05
-3.7521e-05
-3.58138e-05
-3.42385e-05
-3.27892e-05
-3.14608e-05
-3.02482e-05
-2.91471e-05
-2.81534e-05
-2.72635e-05
-2.64742e-05
-2.57827e-05
-2.51864e-05
-2.46834e-05
-2.42717e-05
-2.395e-05
-2.37171e-05
-2.35723e-05
-2.3515e-05
-2.35452e-05
-2.36629e-05
-2.38686e-05
-2.41632e-05
-2.45477e-05
-2.50235e-05
-2.55925e-05
-2.62566e-05
-2.70183e-05
-2.78804e-05
-2.8846e-05
-2.99189e-05
-3.11028e-05
-3.24021e-05
-3.38218e-05
-3.53671e-05
-3.70437e-05
-3.88578e-05
-4.08163e-05
-4.29263e-05
-4.51957e-05
-4.7633e-05
-5.02473e-05
-5.30481e-05
-5.60459e-05
-5.92518e-05
-6.26776e-05
-6.63359e-05
-7.02403e-05
-7.44051e-05
-7.88457e-05
-8.35785e-05
-8.8621e-05
-9.39919e-05
-9.97112e-05
-0.0001058
-0.000112282
-0.000119181
-0.000126523
-0.000134336
-0.00014265
-0.000151496
-0.000160908
-0.00017092
-0.000181569
-0.000192893
-0.000204933
-0.00021773
-0.000231331
-0.000245783
-0.00026114
-0.000277456
-0.000294791
-0.000313209
-0.000332778
-0.000353569
-0.000375656
-0.000399121
-0.00042405
-0.000450533
-0.000478668
-0.000508556
-0.000540306
-0.000574037
-0.000609874
-0.000647951
-0.000688411
-0.000731404
-0.000777089
-0.000825631
-0.000877207
-0.000932007
-0.00099023
-0.00105209
-0.00111782
-0.00118767
-0.00126188
-0.00134075
-0.00142456
-0.00151363
-0.0016083
-0.00170892
-0.00181585
-0.00192948
-0.00205022
-0.00217851
-0.00231482
-0.00245964
-0.00261351
-0.00277698
-0.00295067
-0.00313521
-0.00333128
-0.00353962
-0.003761
-0.00399624
-0.0042462
-0.00451181
-0.00479404
-0.00509391
-0.00541249
-0.00575089
-0.00611031
-0.00649206
-0.00689761
-0.00732867
-0.00778724
-0.0082755
-0.00879571
-0.00934994
-0.00993978
-0.0105663
-0.0112304
-0.0119332
-0.012677
-0.0134658
-0.0143047
-0.015199
-0.0161532
-0.0171701
-0.0182511
-0.0193974
-0.0206116
-0.0218983
-0.0232637
-0.0247149
-0.0262582
-0.0278996
-0.029645
-0.0315008
-0.0334751
-0.0355771
-0.0378169
-0.0402044
-0.0427492
-0.04546
-0.0483451
-0.051413
-0.0546746
-0.0581441
-0.0618396
-0.0657829
-0.0699967
-0.0745023
-0.079319
-0.0844643
-0.0899538
-0.0958042
-0.102034
-0.108658
-0.115696
-0.123162
-0.131068
-0.139428
-0.148255
-0.157556
-0.167357
-0.177671
-0.188511
-9.40665e-05
-8.87143e-05
-8.36849e-05
-7.89609e-05
-7.45256e-05
-7.03633e-05
-6.64595e-05
-6.28001e-05
-5.9372e-05
-5.61627e-05
-5.31606e-05
-5.03546e-05
-4.77343e-05
-4.529e-05
-4.30126e-05
-4.08937e-05
-3.89255e-05
-3.71027e-05
-3.54144e-05
-3.38565e-05
-3.24233e-05
-3.11096e-05
-2.99104e-05
-2.88215e-05
-2.78388e-05
-2.69587e-05
-2.61782e-05
-2.54943e-05
-2.49047e-05
-2.44072e-05
-2.40001e-05
-2.36819e-05
-2.34517e-05
-2.33084e-05
-2.32518e-05
-2.32817e-05
-2.33981e-05
-2.36016e-05
-2.38929e-05
-2.42732e-05
-2.47438e-05
-2.53064e-05
-2.59632e-05
-2.67165e-05
-2.75692e-05
-2.85242e-05
-2.95852e-05
-3.0756e-05
-3.20411e-05
-3.34452e-05
-3.49734e-05
-3.66315e-05
-3.84257e-05
-4.03626e-05
-4.24493e-05
-4.46938e-05
-4.71043e-05
-4.96897e-05
-5.24597e-05
-5.54244e-05
-5.8595e-05
-6.1983e-05
-6.56011e-05
-6.94625e-05
-7.35814e-05
-7.79731e-05
-8.26538e-05
-8.76409e-05
-9.29527e-05
-9.8609e-05
-0.000104631
-0.000111042
-0.000117865
-0.000125126
-0.000132853
-0.000141076
-0.000149824
-0.000159132
-0.000169034
-0.000179565
-0.000190764
-0.000202671
-0.000215326
-0.000228777
-0.00024307
-0.000258257
-0.000274392
-0.000291536
-0.000309752
-0.000329104
-0.000349666
-0.00037151
-0.000394716
-0.00041937
-0.000445562
-0.000473386
-0.000502944
-0.000534345
-0.000567703
-0.000603145
-0.000640802
-0.000680817
-0.000723336
-0.000768518
-0.000816525
-0.000867533
-0.000921728
-0.000979311
-0.00104049
-0.0011055
-0.00117457
-0.00124797
-0.00132597
-0.00140886
-0.00149695
-0.00159058
-0.00169008
-0.00179584
-0.00190822
-0.00202763
-0.00215451
-0.00228932
-0.00243254
-0.00258471
-0.00274638
-0.00291815
-0.00310066
-0.00329458
-0.00350063
-0.00371957
-0.00395222
-0.00419943
-0.00446212
-0.00474125
-0.00503782
-0.0053529
-0.00568758
-0.00604306
-0.00642061
-0.00682171
-0.00724805
-0.00770157
-0.00818446
-0.00869892
-0.00924698
-0.00983022
-0.0104497
-0.0111064
-0.0118014
-0.0125371
-0.0133173
-0.0141472
-0.015032
-0.0159761
-0.016982
-0.0180511
-0.0191848
-0.0203856
-0.0216581
-0.0230087
-0.024444
-0.0259703
-0.0275936
-0.0293195
-0.0311547
-0.0331072
-0.0351861
-0.0374015
-0.039763
-0.04228
-0.0449611
-0.0478144
-0.0508483
-0.0540735
-0.0575039
-0.0611575
-0.0650553
-0.0692196
-0.0736708
-0.0784273
-0.0835057
-0.0889209
-0.0946889
-0.100827
-0.107352
-0.114279
-0.121625
-0.129399
-0.137614
-0.146283
-0.155412
-0.165024
-0.175131
-0.18574
-9.29867e-05
-8.76956e-05
-8.27237e-05
-7.80537e-05
-7.36691e-05
-6.95545e-05
-6.56954e-05
-6.20778e-05
-5.8689e-05
-5.55165e-05
-5.25487e-05
-4.97748e-05
-4.71846e-05
-4.47683e-05
-4.2517e-05
-4.04224e-05
-3.84768e-05
-3.66748e-05
-3.50059e-05
-3.34658e-05
-3.2049e-05
-3.07503e-05
-2.95649e-05
-2.84884e-05
-2.7517e-05
-2.6647e-05
-2.58754e-05
-2.51994e-05
-2.46165e-05
-2.41247e-05
-2.37223e-05
-2.34078e-05
-2.31801e-05
-2.30386e-05
-2.29826e-05
-2.30121e-05
-2.31272e-05
-2.33284e-05
-2.36165e-05
-2.39924e-05
-2.44577e-05
-2.50139e-05
-2.56632e-05
-2.6408e-05
-2.72508e-05
-2.8195e-05
-2.92439e-05
-3.04014e-05
-3.16719e-05
-3.30599e-05
-3.45707e-05
-3.621e-05
-3.79837e-05
-3.98985e-05
-4.19615e-05
-4.41804e-05
-4.65634e-05
-4.91194e-05
-5.18578e-05
-5.47888e-05
-5.79233e-05
-6.12727e-05
-6.48495e-05
-6.86669e-05
-7.2739e-05
-7.70807e-05
-8.17081e-05
-8.66383e-05
-9.18897e-05
-9.74817e-05
-0.000103435
-0.000109773
-0.000116518
-0.000123697
-0.000131336
-0.000139465
-0.000148114
-0.000157316
-0.000167105
-0.000177516
-0.000188587
-0.000200357
-0.000212868
-0.000226165
-0.000240294
-0.000255308
-0.000271259
-0.000288208
-0.000306215
-0.000325347
-0.000345674
-0.000367269
-0.00039021
-0.000414583
-0.000440476
-0.000467983
-0.000497205
-0.000528247
-0.000561225
-0.000596263
-0.000633491
-0.000673049
-0.000715085
-0.000759751
-0.000807211
-0.000857638
-0.000911216
-0.000968142
-0.00102863
-0.00109289
-0.00116118
-0.00123374
-0.00131085
-0.0013928
-0.00147989
-0.00157245
-0.00167082
-0.00177537
-0.00188647
-0.00200452
-0.00212996
-0.00226323
-0.00240482
-0.00255525
-0.00271508
-0.0028849
-0.00306533
-0.00325704
-0.00346074
-0.00367719
-0.00390719
-0.00415159
-0.0044113
-0.00468725
-0.00498045
-0.00529194
-0.00562282
-0.00597425
-0.00634752
-0.00674407
-0.00716557
-0.00761395
-0.00809133
-0.00859991
-0.00914166
-0.00971815
-0.0103305
-0.0109795
-0.0116666
-0.012394
-0.0131655
-0.0139863
-0.0148613
-0.0157949
-0.0167895
-0.0178465
-0.0189672
-0.0201542
-0.0214123
-0.0227476
-0.0241667
-0.0256758
-0.0272805
-0.0289866
-0.0308008
-0.0327309
-0.0347863
-0.0369766
-0.0393115
-0.0418
-0.0444505
-0.0472711
-0.0502701
-0.053458
-0.0568485
-0.0604591
-0.0643104
-0.0684241
-0.0728197
-0.0775146
-0.0825249
-0.0878646
-0.0935491
-0.0995956
-0.106019
-0.112836
-0.12006
-0.127702
-0.135772
-0.144282
-0.153239
-0.16266
-0.172559
-0.182939
-9.18829e-05
-8.66544e-05
-8.17414e-05
-7.71266e-05
-7.27938e-05
-6.87279e-05
-6.49144e-05
-6.13398e-05
-5.7991e-05
-5.48561e-05
-5.19235e-05
-4.91824e-05
-4.66228e-05
-4.42351e-05
-4.20105e-05
-3.99407e-05
-3.80181e-05
-3.62375e-05
-3.45883e-05
-3.30665e-05
-3.16665e-05
-3.03832e-05
-2.92118e-05
-2.81481e-05
-2.71881e-05
-2.63284e-05
-2.55659e-05
-2.48979e-05
-2.43219e-05
-2.3836e-05
-2.34383e-05
-2.31275e-05
-2.29026e-05
-2.27627e-05
-2.27075e-05
-2.27367e-05
-2.28504e-05
-2.30493e-05
-2.33339e-05
-2.37055e-05
-2.41652e-05
-2.4715e-05
-2.53566e-05
-2.60926e-05
-2.69255e-05
-2.78586e-05
-2.88951e-05
-3.0039e-05
-3.12945e-05
-3.26662e-05
-3.41592e-05
-3.57792e-05
-3.7532e-05
-3.94243e-05
-4.1463e-05
-4.36557e-05
-4.60107e-05
-4.85366e-05
-5.12427e-05
-5.41392e-05
-5.72367e-05
-6.05467e-05
-6.40814e-05
-6.78539e-05
-7.1878e-05
-7.61686e-05
-8.07415e-05
-8.56137e-05
-9.08033e-05
-9.63296e-05
-0.000102213
-0.000108476
-0.000115142
-0.000122236
-0.000129786
-0.000137819
-0.000146366
-0.00015546
-0.000165133
-0.000175421
-0.000186361
-0.000197992
-0.000210356
-0.000223495
-0.000237458
-0.000252294
-0.000268057
-0.000284805
-0.0003026
-0.000321507
-0.000341594
-0.000362935
-0.000385606
-0.000409691
-0.000435279
-0.000462462
-0.000491338
-0.000522015
-0.000554604
-0.000589229
-0.000626019
-0.000665111
-0.000706651
-0.000750791
-0.000797692
-0.000847524
-0.000900471
-0.000956727
-0.0010165
-0.00108001
-0.00114749
-0.0012192
-0.0012954
-0.00137638
-0.00146245
-0.00155392
-0.00165114
-0.00175445
-0.00186424
-0.00198091
-0.00210486
-0.00223656
-0.00237649
-0.00252515
-0.0026831
-0.00285091
-0.00302921
-0.00321867
-0.00341997
-0.00363388
-0.00386117
-0.0041027
-0.00435935
-0.00463206
-0.00492181
-0.00522964
-0.00555662
-0.00590393
-0.00627281
-0.0066647
-0.00708126
-0.00752438
-0.00799615
-0.00849871
-0.00903401
-0.00960361
-0.0102086
-0.0108499
-0.0115288
-0.0122477
-0.0130105
-0.0138218
-0.0146869
-0.0156097
-0.0165927
-0.0176372
-0.0187446
-0.0199176
-0.021161
-0.0224807
-0.0238832
-0.0253746
-0.0269604
-0.0286463
-0.030439
-0.0323464
-0.0343777
-0.0365424
-0.0388499
-0.0413091
-0.0439283
-0.0467154
-0.0496786
-0.0528283
-0.056178
-0.0597447
-0.0635485
-0.0676104
-0.0719493
-0.0765815
-0.0815223
-0.0867854
-0.0923854
-0.098339
-0.104661
-0.111366
-0.118469
-0.125977
-0.133901
-0.142253
-0.151036
-0.160268
-0.169958
-0.180108
-9.07557e-05
-8.5591e-05
-8.0738e-05
-7.61797e-05
-7.18999e-05
-6.78838e-05
-6.4117e-05
-6.0586e-05
-5.72782e-05
-5.41816e-05
-5.12849e-05
-4.85774e-05
-4.60491e-05
-4.36907e-05
-4.14933e-05
-3.94488e-05
-3.75497e-05
-3.57909e-05
-3.41619e-05
-3.26587e-05
-3.12759e-05
-3.00082e-05
-2.88511e-05
-2.78004e-05
-2.68522e-05
-2.6003e-05
-2.52499e-05
-2.459e-05
-2.40211e-05
-2.35411e-05
-2.31483e-05
-2.28414e-05
-2.26192e-05
-2.24811e-05
-2.24265e-05
-2.24553e-05
-2.25678e-05
-2.27642e-05
-2.30454e-05
-2.34124e-05
-2.38666e-05
-2.44096e-05
-2.50435e-05
-2.57705e-05
-2.65933e-05
-2.7515e-05
-2.85389e-05
-2.96689e-05
-3.09091e-05
-3.22641e-05
-3.3739e-05
-3.53392e-05
-3.70707e-05
-3.89399e-05
-4.09538e-05
-4.31199e-05
-4.54462e-05
-4.79413e-05
-5.06145e-05
-5.34758e-05
-5.65356e-05
-5.98053e-05
-6.3297e-05
-6.70235e-05
-7.09987e-05
-7.52371e-05
-7.97544e-05
-8.45673e-05
-8.96938e-05
-9.51529e-05
-0.000100965
-0.000107152
-0.000113737
-0.000120745
-0.000128203
-0.000136138
-0.000144581
-0.000153564
-0.000163119
-0.000173282
-0.000184088
-0.000195577
-0.00020779
-0.000220769
-0.000234561
-0.000249216
-0.000264787
-0.000281331
-0.000298909
-0.000317585
-0.000337427
-0.000358508
-0.000380903
-0.000404695
-0.000429971
-0.000456822
-0.000485347
-0.00051565
-0.000547842
-0.000582045
-0.000618387
-0.000657003
-0.000698037
-0.00074164
-0.000787969
-0.000837195
-0.000889497
-0.000945069
-0.00100411
-0.00106685
-0.00113352
-0.00120435
-0.00127963
-0.00135962
-0.00144464
-0.001535
-0.00163103
-0.00173309
-0.00184154
-0.00195678
-0.00207923
-0.00220933
-0.00234755
-0.0024944
-0.00265042
-0.0028162
-0.00299233
-0.00317948
-0.00337834
-0.00358964
-0.00381417
-0.00405277
-0.0043063
-0.00457569
-0.00486192
-0.005166
-0.00548901
-0.00583209
-0.00619649
-0.00658363
-0.00699515
-0.0074329
-0.00789893
-0.00839535
-0.00892408
-0.00948664
-0.0100841
-0.0107176
-0.0113882
-0.0120985
-0.0128521
-0.013654
-0.0145088
-0.0154206
-0.0163916
-0.0174233
-0.0185171
-0.0196758
-0.0209041
-0.0222079
-0.0235935
-0.0250669
-0.0266334
-0.0282987
-0.0300695
-0.0319537
-0.0339604
-0.0360989
-0.0383784
-0.0408076
-0.0433947
-0.0461474
-0.0490741
-0.0521848
-0.0554928
-0.0590147
-0.0627699
-0.066779
-0.0710599
-0.0756282
-0.0804985
-0.0856838
-0.0911981
-0.0970581
-0.103278
-0.109871
-0.116851
-0.124225
-0.132004
-0.140196
-0.148806
-0.157848
-0.167329
-0.177249
-8.96051e-05
-8.45057e-05
-7.9714e-05
-7.52133e-05
-7.09877e-05
-6.70223e-05
-6.33031e-05
-5.98168e-05
-5.65508e-05
-5.34934e-05
-5.06333e-05
-4.796e-05
-4.54636e-05
-4.3135e-05
-4.09654e-05
-3.89468e-05
-3.70717e-05
-3.53351e-05
-3.37267e-05
-3.22425e-05
-3.08771e-05
-2.96255e-05
-2.84831e-05
-2.74456e-05
-2.65094e-05
-2.5671e-05
-2.49273e-05
-2.42758e-05
-2.37141e-05
-2.32401e-05
-2.28523e-05
-2.25493e-05
-2.233e-05
-2.21936e-05
-2.21397e-05
-2.21682e-05
-2.22793e-05
-2.24733e-05
-2.27509e-05
-2.31133e-05
-2.35618e-05
-2.4098e-05
-2.47239e-05
-2.54418e-05
-2.62542e-05
-2.71643e-05
-2.81754e-05
-2.92911e-05
-3.05157e-05
-3.18537e-05
-3.331e-05
-3.48901e-05
-3.65999e-05
-3.84456e-05
-4.04342e-05
-4.2573e-05
-4.48701e-05
-4.73338e-05
-4.99734e-05
-5.27987e-05
-5.582e-05
-5.90486e-05
-6.24964e-05
-6.61761e-05
-7.01012e-05
-7.42863e-05
-7.87469e-05
-8.34994e-05
-8.85614e-05
-9.39519e-05
-9.9691e-05
-0.0001058
-0.000112303
-0.000119223
-0.000126587
-0.000134422
-0.000142759
-0.000151629
-0.000161064
-0.000171098
-0.000181768
-0.000193112
-0.000205171
-0.000217986
-0.000231604
-0.000246074
-0.000261449
-0.000277784
-0.000295141
-0.000313582
-0.000333175
-0.000353989
-0.000376102
-0.000399595
-0.000424553
-0.000451066
-0.000479232
-0.000509153
-0.000540941
-0.000574713
-0.000610598
-0.000648729
-0.000689246
-0.0007323
-0.000778046
-0.000826653
-0.000878297
-0.00093317
-0.000991473
-0.00105342
-0.00111925
-0.00118919
-0.00126352
-0.00134251
-0.00142646
-0.00151568
-0.00161051
-0.00171128
-0.00181837
-0.00193216
-0.00205307
-0.00218153
-0.00231801
-0.00246302
-0.00261708
-0.00278077
-0.00295469
-0.00313948
-0.00333584
-0.00354449
-0.0037662
-0.0040018
-0.00425215
-0.00451815
-0.00480078
-0.00510104
-0.00541999
-0.00575876
-0.00611859
-0.00650088
-0.00690725
-0.00733953
-0.00779971
-0.00828986
-0.00881187
-0.00936726
-0.00995714
-0.0105825
-0.0112447
-0.0119462
-0.0126906
-0.0134827
-0.014327
-0.0152275
-0.0161863
-0.0172049
-0.0182848
-0.0194289
-0.0206417
-0.0219293
-0.0232977
-0.0247527
-0.0262995
-0.0279439
-0.0296924
-0.031553
-0.0335345
-0.0356463
-0.0378971
-0.0402956
-0.0428497
-0.0455674
-0.0484567
-0.0515276
-0.0547931
-0.0582692
-0.061975
-0.0659302
-0.070152
-0.0746552
-0.0794537
-0.0845602
-0.089988
-0.0957534
-0.10187
-0.10835
-0.115207
-0.122448
-0.130079
-0.138112
-0.146548
-0.1554
-0.164673
-0.174363
-8.84315e-05
-8.33987e-05
-7.86696e-05
-7.42277e-05
-7.00572e-05
-6.61437e-05
-6.24731e-05
-5.90323e-05
-5.5809e-05
-5.27915e-05
-4.99687e-05
-4.73303e-05
-4.48666e-05
-4.25683e-05
-4.0427e-05
-3.84347e-05
-3.65841e-05
-3.48702e-05
-3.32828e-05
-3.1818e-05
-3.04704e-05
-2.92351e-05
-2.81076e-05
-2.70837e-05
-2.61597e-05
-2.53322e-05
-2.45983e-05
-2.39553e-05
-2.34009e-05
-2.29332e-05
-2.25505e-05
-2.22514e-05
-2.2035e-05
-2.19004e-05
-2.18473e-05
-2.18754e-05
-2.1985e-05
-2.21765e-05
-2.24506e-05
-2.28083e-05
-2.3251e-05
-2.37802e-05
-2.4398e-05
-2.51065e-05
-2.59084e-05
-2.68067e-05
-2.78046e-05
-2.89059e-05
-3.01145e-05
-3.14351e-05
-3.28726e-05
-3.44321e-05
-3.61197e-05
-3.79414e-05
-3.99042e-05
-4.20153e-05
-4.42825e-05
-4.67142e-05
-4.93196e-05
-5.21081e-05
-5.50902e-05
-5.82769e-05
-6.16799e-05
-6.53117e-05
-6.91859e-05
-7.33167e-05
-7.77193e-05
-8.24101e-05
-8.74065e-05
-9.2727e-05
-9.83917e-05
-0.000104422
-0.00011084
-0.00011767
-0.000124938
-0.000132673
-0.000140901
-0.000149656
-0.000158968
-0.000168871
-0.000179402
-0.000190598
-0.000202499
-0.000215147
-0.000228588
-0.00024287
-0.000258044
-0.000274167
-0.000291298
-0.000309499
-0.000328837
-0.000349381
-0.000371207
-0.000394394
-0.000419027
-0.000445196
-0.000472995
-0.000502527
-0.000533902
-0.000567235
-0.000602654
-0.000640289
-0.00068028
-0.000722774
-0.000767926
-0.0008159
-0.000866874
-0.000921033
-0.00097858
-0.00103973
-0.0011047
-0.00117373
-0.0012471
-0.00132506
-0.00140792
-0.00149598
-0.00158958
-0.00168904
-0.00179474
-0.00190705
-0.00202639
-0.00215318
-0.00228788
-0.00243101
-0.00258307
-0.00274463
-0.00291629
-0.00309869
-0.0032925
-0.00349844
-0.00371728
-0.00394982
-0.00419691
-0.00445947
-0.00473842
-0.00503478
-0.00534958
-0.00568396
-0.00603912
-0.00641647
-0.0068176
-0.00724429
-0.00769851
-0.00818228
-0.00869744
-0.00924551
-0.00982761
-0.0104448
-0.0110984
-0.0117909
-0.0125259
-0.013308
-0.0141416
-0.0150305
-0.0159768
-0.016982
-0.0180477
-0.0191768
-0.020374
-0.0216451
-0.0229959
-0.0244321
-0.0259589
-0.0275819
-0.0293078
-0.0311443
-0.0331003
-0.0351846
-0.0374061
-0.0397732
-0.0422938
-0.0449756
-0.0478268
-0.050857
-0.0540791
-0.0575086
-0.061164
-0.0650643
-0.0692259
-0.0736628
-0.0783885
-0.0834151
-0.0887556
-0.0944256
-0.100438
-0.106805
-0.113539
-0.120644
-0.128129
-0.136002
-0.144264
-0.152926
-0.161992
-0.171452
-8.72353e-05
-8.22703e-05
-7.7605e-05
-7.3223e-05
-6.91089e-05
-6.52481e-05
-6.16271e-05
-5.82327e-05
-5.50529e-05
-5.20761e-05
-4.92914e-05
-4.66885e-05
-4.4258e-05
-4.19907e-05
-3.98783e-05
-3.79128e-05
-3.60872e-05
-3.43964e-05
-3.28304e-05
-3.13853e-05
-3.00559e-05
-2.88372e-05
-2.77249e-05
-2.67148e-05
-2.58033e-05
-2.4987e-05
-2.42629e-05
-2.36286e-05
-2.30817e-05
-2.26203e-05
-2.22428e-05
-2.19478e-05
-2.17343e-05
-2.16015e-05
-2.15492e-05
-2.1577e-05
-2.16851e-05
-2.18741e-05
-2.21445e-05
-2.24974e-05
-2.29342e-05
-2.34563e-05
-2.40658e-05
-2.47648e-05
-2.55559e-05
-2.64421e-05
-2.74267e-05
-2.85132e-05
-2.97056e-05
-3.10085e-05
-3.24267e-05
-3.39653e-05
-3.56302e-05
-3.74276e-05
-3.9364e-05
-4.14467e-05
-4.36835e-05
-4.60827e-05
-4.86531e-05
-5.14042e-05
-5.43463e-05
-5.74902e-05
-6.08476e-05
-6.44307e-05
-6.82529e-05
-7.23283e-05
-7.66719e-05
-8.12998e-05
-8.62292e-05
-9.14785e-05
-9.70673e-05
-0.000103017
-0.000109349
-0.000116087
-0.000123258
-0.000130889
-0.000139007
-0.000147644
-0.000156831
-0.000166601
-0.000176991
-0.000188036
-0.000199777
-0.000212254
-0.000225514
-0.000239603
-0.000254574
-0.00027048
-0.000287381
-0.000305337
-0.000324416
-0.000344684
-0.000366216
-0.000389092
-0.000413394
-0.000439212
-0.000466638
-0.000495773
-0.000526726
-0.000559613
-0.000594556
-0.000631686
-0.00067114
-0.000713064
-0.000757609
-0.00080494
-0.000855229
-0.000908663
-0.000965437
-0.00102576
-0.00108986
-0.00115798
-0.00123035
-0.00130727
-0.00138902
-0.0014759
-0.00156824
-0.00166637
-0.00177065
-0.00188145
-0.00199919
-0.00212427
-0.00225718
-0.00239838
-0.0025484
-0.00270779
-0.00287715
-0.00305711
-0.00324832
-0.0034515
-0.00366741
-0.00389683
-0.00414061
-0.00439964
-0.00467485
-0.00496723
-0.00527781
-0.0056077
-0.00595811
-0.00633042
-0.0067262
-0.00714722
-0.00759536
-0.00807262
-0.00858081
-0.00912142
-0.0096956
-0.0103044
-0.0109493
-0.0116327
-0.0123581
-0.01313
-0.0139527
-0.0148296
-0.0157631
-0.0167546
-0.0178058
-0.0189197
-0.020101
-0.0213552
-0.0226882
-0.0241053
-0.0256117
-0.027213
-0.0289158
-0.0307278
-0.0326576
-0.0347141
-0.0369056
-0.0392406
-0.0417268
-0.0443721
-0.0471844
-0.0501732
-0.053351
-0.0567331
-0.0603372
-0.0641816
-0.0682819
-0.0726516
-0.0773033
-0.0822491
-0.0875013
-0.0930751
-0.0989833
-0.105236
-0.111845
-0.118816
-0.126154
-0.133867
-0.141956
-0.150428
-0.159285
-0.168517
-8.60166e-05
-8.11208e-05
-7.65206e-05
-7.21997e-05
-6.81429e-05
-6.43359e-05
-6.07653e-05
-5.74183e-05
-5.42828e-05
-5.13474e-05
-4.86014e-05
-4.60348e-05
-4.36381e-05
-4.14023e-05
-3.93193e-05
-3.73812e-05
-3.5581e-05
-3.39137e-05
-3.23695e-05
-3.09445e-05
-2.96336e-05
-2.84319e-05
-2.73351e-05
-2.6339e-05
-2.54402e-05
-2.46352e-05
-2.39213e-05
-2.32958e-05
-2.27566e-05
-2.23016e-05
-2.19294e-05
-2.16385e-05
-2.1428e-05
-2.12971e-05
-2.12455e-05
-2.1273e-05
-2.13796e-05
-2.1566e-05
-2.18327e-05
-2.21807e-05
-2.26114e-05
-2.31263e-05
-2.37273e-05
-2.44167e-05
-2.51969e-05
-2.60708e-05
-2.70417e-05
-2.81131e-05
-2.92891e-05
-3.0574e-05
-3.19725e-05
-3.34898e-05
-3.51317e-05
-3.69041e-05
-3.88137e-05
-4.08676e-05
-4.30735e-05
-4.54394e-05
-4.79742e-05
-5.06872e-05
-5.35885e-05
-5.66889e-05
-5.99997e-05
-6.35333e-05
-6.73025e-05
-7.13215e-05
-7.5605e-05
-8.01688e-05
-8.503e-05
-9.02067e-05
-9.57182e-05
-0.000101585
-0.00010783
-0.000114475
-0.000121547
-0.000129072
-0.000137078
-0.000145595
-0.000154654
-0.000164289
-0.000174534
-0.000185426
-0.000197003
-0.000209307
-0.000222383
-0.000236276
-0.000251039
-0.000266724
-0.00028339
-0.000301098
-0.000319912
-0.000339899
-0.000361132
-0.000383691
-0.000407656
-0.000433115
-0.000460161
-0.000488893
-0.000519417
-0.000551848
-0.000586307
-0.000622922
-0.00066183
-0.000703172
-0.0007471
-0.000793775
-0.000843368
-0.000896061
-0.000952049
-0.00101154
-0.00107475
-0.00114192
-0.0012133
-0.00128915
-0.00136977
-0.00145545
-0.00154651
-0.00164328
-0.00174611
-0.00185538
-0.00197148
-0.00209483
-0.00222589
-0.00236514
-0.00251308
-0.00267027
-0.00283728
-0.00301475
-0.00320331
-0.00340369
-0.0036166
-0.00384285
-0.00408325
-0.00433869
-0.00461009
-0.00489841
-0.00520469
-0.00553
-0.00587558
-0.00624276
-0.00663309
-0.00704833
-0.00749029
-0.00796092
-0.00846201
-0.00899503
-0.00956114
-0.0101615
-0.0107975
-0.0114716
-0.0121872
-0.0129487
-0.0137602
-0.014625
-0.0155454
-0.0165228
-0.0175593
-0.0186577
-0.0198227
-0.0210598
-0.0223745
-0.0237722
-0.0252578
-0.0268371
-0.0285164
-0.0303035
-0.0322068
-0.0342347
-0.0363958
-0.038698
-0.0411492
-0.0437572
-0.0465297
-0.0494764
-0.0526092
-0.055943
-0.0594949
-0.0632823
-0.0673204
-0.0716217
-0.0761986
-0.0810626
-0.0862257
-0.0917027
-0.0975056
-0.103644
-0.110129
-0.116964
-0.124155
-0.131707
-0.139623
-0.147905
-0.156556
-0.16556
-8.47759e-05
-7.99506e-05
-7.54165e-05
-7.11578e-05
-6.71594e-05
-6.34073e-05
-5.98881e-05
-5.65892e-05
-5.34988e-05
-5.06056e-05
-4.78991e-05
-4.53693e-05
-4.3007e-05
-4.08034e-05
-3.87503e-05
-3.684e-05
-3.50656e-05
-3.34223e-05
-3.19002e-05
-3.04957e-05
-2.92036e-05
-2.80192e-05
-2.69382e-05
-2.59564e-05
-2.50705e-05
-2.42772e-05
-2.35735e-05
-2.2957e-05
-2.24256e-05
-2.19772e-05
-2.16103e-05
-2.13236e-05
-2.11161e-05
-2.09872e-05
-2.09363e-05
-2.09634e-05
-2.10686e-05
-2.12523e-05
-2.15152e-05
-2.18583e-05
-2.22828e-05
-2.27904e-05
-2.33828e-05
-2.40623e-05
-2.48314e-05
-2.56928e-05
-2.66498e-05
-2.77059e-05
-2.88651e-05
-3.01315e-05
-3.151e-05
-3.30057e-05
-3.46241e-05
-3.63712e-05
-3.82535e-05
-4.02781e-05
-4.24523e-05
-4.47844e-05
-4.7283e-05
-4.99572e-05
-5.28171e-05
-5.58731e-05
-5.91366e-05
-6.26196e-05
-6.6335e-05
-7.02965e-05
-7.45187e-05
-7.90174e-05
-8.38092e-05
-8.89119e-05
-9.43447e-05
-0.000100128
-0.000106283
-0.000112834
-0.000119805
-0.000127222
-0.000135114
-0.000143509
-0.000152438
-0.000161935
-0.000172033
-0.000182768
-0.000194179
-0.000206307
-0.000219194
-0.000232889
-0.00024744
-0.000262901
-0.000279328
-0.000296782
-0.000315326
-0.000335027
-0.000355957
-0.000378192
-0.000401814
-0.000426909
-0.000453568
-0.000481888
-0.000511976
-0.000543943
-0.000577909
-0.000614
-0.000652351
-0.000693102
-0.000736401
-0.000782408
-0.000831291
-0.000883231
-0.000938419
-0.000997059
-0.00105937
-0.00112558
-0.00119594
-0.00127071
-0.00135017
-0.00143462
-0.00152438
-0.00161976
-0.00172112
-0.00182883
-0.00194327
-0.00206486
-0.00219404
-0.00233129
-0.00247712
-0.00263206
-0.00279669
-0.00297162
-0.0031575
-0.003355
-0.00356488
-0.00378789
-0.00402486
-0.00427664
-0.00454415
-0.00482834
-0.00513023
-0.0054509
-0.00579154
-0.0061535
-0.0065383
-0.00694767
-0.00738333
-0.00784722
-0.00834108
-0.00886637
-0.00942428
-0.0100159
-0.0106429
-0.0113076
-0.0120133
-0.0127641
-0.0135641
-0.0144166
-0.0153235
-0.0162867
-0.0173081
-0.0183908
-0.0195393
-0.020759
-0.0220551
-0.023433
-0.0248976
-0.0264544
-0.0281099
-0.0298717
-0.0317478
-0.0337467
-0.0358766
-0.0381454
-0.040561
-0.043131
-0.0458631
-0.0487668
-0.0518538
-0.0551386
-0.0586373
-0.0623669
-0.0663417
-0.0705736
-0.0750746
-0.079856
-0.0849294
-0.0903088
-0.0960058
-0.102029
-0.108388
-0.115088
-0.122132
-0.129525
-0.137267
-0.14536
-0.153804
-0.162581
-8.35134e-05
-7.87598e-05
-7.42931e-05
-7.00977e-05
-6.61588e-05
-6.24625e-05
-5.89955e-05
-5.57456e-05
-5.27011e-05
-4.98508e-05
-4.71845e-05
-4.46923e-05
-4.2365e-05
-4.0194e-05
-3.81713e-05
-3.62893e-05
-3.45412e-05
-3.29223e-05
-3.14228e-05
-3.00391e-05
-2.87662e-05
-2.75994e-05
-2.65343e-05
-2.55672e-05
-2.46944e-05
-2.39128e-05
-2.32196e-05
-2.26123e-05
-2.20887e-05
-2.1647e-05
-2.12856e-05
-2.10032e-05
-2.07989e-05
-2.06719e-05
-2.06218e-05
-2.06485e-05
-2.07522e-05
-2.09332e-05
-2.11922e-05
-2.15303e-05
-2.19485e-05
-2.24486e-05
-2.30323e-05
-2.37017e-05
-2.44594e-05
-2.53081e-05
-2.6251e-05
-2.72916e-05
-2.84336e-05
-2.96814e-05
-3.10395e-05
-3.25131e-05
-3.41076e-05
-3.5829e-05
-3.76835e-05
-3.96782e-05
-4.18204e-05
-4.4118e-05
-4.65797e-05
-4.92145e-05
-5.20321e-05
-5.5043e-05
-5.82584e-05
-6.169e-05
-6.53505e-05
-6.92535e-05
-7.34135e-05
-7.78458e-05
-8.25669e-05
-8.75944e-05
-9.29472e-05
-9.86452e-05
-0.00010471
-0.000111164
-0.000118032
-0.00012534
-0.000133115
-0.000141386
-0.000150183
-0.000159539
-0.000169488
-0.000180064
-0.000191306
-0.000203254
-0.00021595
-0.000229442
-0.000243778
-0.00025901
-0.000275194
-0.00029239
-0.00031066
-0.00033007
-0.00035069
-0.000372597
-0.00039587
-0.000420593
-0.000446858
-0.000474761
-0.000504404
-0.000535899
-0.000569364
-0.000604922
-0.000642707
-0.000682855
-0.000725515
-0.000770843
-0.000819004
-0.000870177
-0.000924551
-0.000982325
-0.00104372
-0.00110895
-0.00117827
-0.00125194
-0.00133023
-0.00141343
-0.00150186
-0.00159584
-0.0016957
-0.00180181
-0.00191456
-0.00203435
-0.00216163
-0.00229686
-0.00244053
-0.00259319
-0.00275539
-0.00292774
-0.00311087
-0.00330547
-0.00351225
-0.00373197
-0.00396543
-0.00421349
-0.00447705
-0.00475704
-0.00505446
-0.0053704
-0.00570603
-0.00606268
-0.00644186
-0.00684526
-0.00727452
-0.00773155
-0.00821805
-0.00873548
-0.00928504
-0.00986792
-0.0104857
-0.0111407
-0.0118363
-0.0125763
-0.0133647
-0.0142044
-0.0150977
-0.0160464
-0.0170525
-0.0181192
-0.0192509
-0.0204527
-0.02173
-0.0230878
-0.0245309
-0.0260649
-0.0276963
-0.0294322
-0.0312809
-0.0332502
-0.0353484
-0.0375832
-0.0399625
-0.0424937
-0.0451848
-0.0480447
-0.0510852
-0.05432
-0.0577649
-0.0614356
-0.0653461
-0.0695076
-0.0739319
-0.0786299
-0.0836128
-0.088894
-0.0944845
-0.100392
-0.106626
-0.11319
-0.120086
-0.12732
-0.134889
-0.142794
-0.151032
-0.159584
-8.22295e-05
-7.75488e-05
-7.31507e-05
-6.90197e-05
-6.51413e-05
-6.15016e-05
-5.80879e-05
-5.48878e-05
-5.18899e-05
-4.90834e-05
-4.64578e-05
-4.40037e-05
-4.17121e-05
-3.95743e-05
-3.75825e-05
-3.57294e-05
-3.4008e-05
-3.24138e-05
-3.09372e-05
-2.95747e-05
-2.83213e-05
-2.71723e-05
-2.61236e-05
-2.51713e-05
-2.43119e-05
-2.35423e-05
-2.28597e-05
-2.22617e-05
-2.17462e-05
-2.13113e-05
-2.09554e-05
-2.06774e-05
-2.04762e-05
-2.03512e-05
-2.03019e-05
-2.03283e-05
-2.04304e-05
-2.06087e-05
-2.08638e-05
-2.11967e-05
-2.16086e-05
-2.2101e-05
-2.26758e-05
-2.33351e-05
-2.40812e-05
-2.4917e-05
-2.58455e-05
-2.68702e-05
-2.79948e-05
-2.92236e-05
-3.05611e-05
-3.20122e-05
-3.35824e-05
-3.52775e-05
-3.71038e-05
-3.90681e-05
-4.11777e-05
-4.34404e-05
-4.58645e-05
-4.84592e-05
-5.12339e-05
-5.41989e-05
-5.73652e-05
-6.07446e-05
-6.43493e-05
-6.81929e-05
-7.22895e-05
-7.66543e-05
-8.13036e-05
-8.62547e-05
-9.1526e-05
-9.71373e-05
-0.00010311
-0.000109466
-0.000116229
-0.000123426
-0.000131082
-0.000139227
-0.00014789
-0.000157103
-0.000166899
-0.000177314
-0.000188384
-0.000200149
-0.000212652
-0.000225937
-0.000240054
-0.000255053
-0.000270991
-0.000287924
-0.000305916
-0.000325029
-0.000345334
-0.000366907
-0.000389824
-0.000414171
-0.000440035
-0.000467512
-0.000496704
-0.000527719
-0.000560674
-0.00059569
-0.000632898
-0.000672435
-0.000714444
-0.00075908
-0.000806508
-0.000856901
-0.000910446
-0.000967341
-0.0010278
-0.00109204
-0.0011603
-0.00123285
-0.00130995
-0.00139189
-0.00147897
-0.00157151
-0.00166985
-0.00177434
-0.00188537
-0.00200333
-0.00212867
-0.00226184
-0.00240333
-0.00255366
-0.00271339
-0.00288312
-0.00306346
-0.00325509
-0.00345872
-0.00367509
-0.00390499
-0.00414927
-0.0044088
-0.00468451
-0.0049774
-0.00528852
-0.00561906
-0.00597033
-0.00634378
-0.00674113
-0.00716389
-0.00761395
-0.00809297
-0.0086024
-0.00914347
-0.00971741
-0.0103258
-0.0109711
-0.0116564
-0.0123854
-0.0131618
-0.0139886
-0.014868
-0.0158018
-0.0167924
-0.0178428
-0.0189574
-0.0201413
-0.0213994
-0.0227366
-0.024158
-0.0256689
-0.0272756
-0.0289854
-0.030806
-0.0327453
-0.0348113
-0.0370115
-0.0393538
-0.0418457
-0.0444949
-0.0473104
-0.0503036
-0.0534877
-0.0568778
-0.0604888
-0.0643339
-0.0684243
-0.0727709
-0.0773848
-0.0822767
-0.087459
-0.0929423
-0.098734
-0.104842
-0.111269
-0.118018
-0.125092
-0.132489
-0.140206
-0.148239
-0.156566
-8.09245e-05
-7.6318e-05
-7.19896e-05
-6.79241e-05
-6.41071e-05
-6.05251e-05
-5.71654e-05
-5.4016e-05
-5.10656e-05
-4.83033e-05
-4.57193e-05
-4.3304e-05
-4.10485e-05
-3.89445e-05
-3.69841e-05
-3.51602e-05
-3.3466e-05
-3.1897e-05
-3.04437e-05
-2.91028e-05
-2.78691e-05
-2.67383e-05
-2.57061e-05
-2.47689e-05
-2.39231e-05
-2.31656e-05
-2.24939e-05
-2.19054e-05
-2.1398e-05
-2.097e-05
-2.06198e-05
-2.03462e-05
-2.01483e-05
-2.00253e-05
-1.99768e-05
-2.00028e-05
-2.01033e-05
-2.02788e-05
-2.05299e-05
-2.08576e-05
-2.12631e-05
-2.17478e-05
-2.23135e-05
-2.29624e-05
-2.36968e-05
-2.45194e-05
-2.54333e-05
-2.64419e-05
-2.75489e-05
-2.87583e-05
-3.00748e-05
-3.15031e-05
-3.30486e-05
-3.47171e-05
-3.65147e-05
-3.84481e-05
-4.05245e-05
-4.27516e-05
-4.51376e-05
-4.76915e-05
-5.04225e-05
-5.3341e-05
-5.64575e-05
-5.97837e-05
-6.33318e-05
-6.71149e-05
-7.11471e-05
-7.54434e-05
-8.00196e-05
-8.48929e-05
-9.00815e-05
-9.56047e-05
-0.000101483
-0.00010774
-0.000114397
-0.000121481
-0.000129017
-0.000137033
-0.00014556
-0.000154627
-0.000164269
-0.000174519
-0.000185414
-0.000196993
-0.000209298
-0.000222374
-0.000236269
-0.000251032
-0.000266718
-0.000283385
-0.000301093
-0.000319905
-0.000339891
-0.000361123
-0.00038368
-0.000407643
-0.0004331
-0.000460145
-0.000488877
-0.000519405
-0.000551841
-0.000586307
-0.000622929
-0.000661844
-0.000703192
-0.000747126
-0.000793807
-0.000843408
-0.000896111
-0.000952112
-0.00101162
-0.00107485
-0.00114204
-0.00121345
-0.00128934
-0.00136998
-0.00145569
-0.00154678
-0.00164357
-0.00174642
-0.0018557
-0.00197181
-0.00209517
-0.00222625
-0.00236551
-0.00251349
-0.00267071
-0.00283777
-0.00301528
-0.00320391
-0.00340433
-0.0036173
-0.00384358
-0.00408401
-0.00433945
-0.00461083
-0.00489911
-0.00520535
-0.00553072
-0.00587652
-0.00624416
-0.00663529
-0.00705142
-0.0074944
-0.00796582
-0.00846712
-0.00899956
-0.00956442
-0.0101634
-0.0107987
-0.0114735
-0.0121913
-0.0129555
-0.0137691
-0.0146343
-0.0155531
-0.0165278
-0.0175618
-0.0186591
-0.0198246
-0.0210631
-0.0223796
-0.0237788
-0.0252662
-0.0268481
-0.0285313
-0.0303234
-0.0322322
-0.0342654
-0.0364305
-0.0387353
-0.0411871
-0.0437939
-0.0465643
-0.0495095
-0.0526423
-0.0559767
-0.0595271
-0.0633061
-0.0673244
-0.0715926
-0.0761217
-0.0809218
-0.0860045
-0.0913799
-0.0970545
-0.103035
-0.109326
-0.115927
-0.122841
-0.130064
-0.137593
-0.14542
-0.153523
-7.70569e-05
-7.26702e-05
-6.85484e-05
-6.46769e-05
-6.10421e-05
-5.7631e-05
-5.44316e-05
-5.14323e-05
-4.86224e-05
-4.59917e-05
-4.35306e-05
-4.12301e-05
-3.90818e-05
-3.70778e-05
-3.52107e-05
-3.34734e-05
-3.18597e-05
-3.03653e-05
-2.89811e-05
-2.77039e-05
-2.65289e-05
-2.54519e-05
-2.44689e-05
-2.35762e-05
-2.27707e-05
-2.20494e-05
-2.14097e-05
-2.08493e-05
-2.03662e-05
-1.99586e-05
-1.96252e-05
-1.93647e-05
-1.91763e-05
-1.90593e-05
-1.90132e-05
-1.90381e-05
-1.9134e-05
-1.93012e-05
-1.95405e-05
-1.98526e-05
-2.02389e-05
-2.07007e-05
-2.12396e-05
-2.18578e-05
-2.25574e-05
-2.3341e-05
-2.42117e-05
-2.51725e-05
-2.6227e-05
-2.73792e-05
-2.86333e-05
-2.9994e-05
-3.14664e-05
-3.30559e-05
-3.47683e-05
-3.66102e-05
-3.85883e-05
-4.07099e-05
-4.2983e-05
-4.54159e-05
-4.80176e-05
-5.07978e-05
-5.37667e-05
-5.69353e-05
-6.03154e-05
-6.39195e-05
-6.77608e-05
-7.18538e-05
-7.62135e-05
-8.08564e-05
-8.57996e-05
-9.10618e-05
-9.66626e-05
-0.000102623
-0.000108966
-0.000115714
-0.000122893
-0.000130529
-0.000138651
-0.000147288
-0.000156471
-0.000166233
-0.00017661
-0.000187639
-0.000199359
-0.000211814
-0.000225049
-0.000239112
-0.000254054
-0.00026993
-0.000286799
-0.000304718
-0.000323755
-0.00034398
-0.000365466
-0.000388293
-0.000412544
-0.000438307
-0.000465679
-0.000494761
-0.000525661
-0.000558494
-0.000593381
-0.000630451
-0.00066984
-0.000711692
-0.000756163
-0.000803415
-0.000853623
-0.000906974
-0.000963664
-0.0010239
-0.00108792
-0.00115595
-0.00122824
-0.00130507
-0.00138672
-0.00147349
-0.00156569
-0.00166366
-0.00176776
-0.00187837
-0.0019959
-0.00212077
-0.00225345
-0.00239442
-0.00254421
-0.00270337
-0.00287249
-0.0030522
-0.00324314
-0.00344602
-0.00366159
-0.00389062
-0.00413395
-0.00439247
-0.00466712
-0.00495893
-0.00526899
-0.00559852
-0.00594887
-0.00632144
-0.00671797
-0.00713993
-0.0075888
-0.00806601
-0.00857289
-0.00911089
-0.00968173
-0.0102876
-0.0109312
-0.0116156
-0.0123436
-0.013118
-0.0139412
-0.0148155
-0.0157436
-0.0167286
-0.0177745
-0.0188856
-0.0200662
-0.021321
-0.0226547
-0.0240727
-0.0255807
-0.0271851
-0.0288929
-0.0307112
-0.0326472
-0.0347084
-0.0369019
-0.0392352
-0.0417161
-0.0443532
-0.0471563
-0.0501368
-0.0533066
-0.0566775
-0.0602609
-0.0640667
-0.0681045
-0.0723841
-0.0769146
-0.0817052
-0.0867635
-0.0920951
-0.0977048
-0.103595
-0.109764
-0.116211
-0.122928
-0.129908
-0.137137
-0.144591
-7.01889e-05
-6.6192e-05
-6.24366e-05
-5.89092e-05
-5.55975e-05
-5.24897e-05
-4.95745e-05
-4.68417e-05
-4.42813e-05
-4.18842e-05
-3.96415e-05
-3.75451e-05
-3.55874e-05
-3.37611e-05
-3.20595e-05
-3.04763e-05
-2.90057e-05
-2.76437e-05
-2.63823e-05
-2.52183e-05
-2.41476e-05
-2.31661e-05
-2.22702e-05
-2.14568e-05
-2.07228e-05
-2.00655e-05
-1.94826e-05
-1.89719e-05
-1.85317e-05
-1.81604e-05
-1.78566e-05
-1.76193e-05
-1.74477e-05
-1.73411e-05
-1.72992e-05
-1.73219e-05
-1.74093e-05
-1.75617e-05
-1.77797e-05
-1.80642e-05
-1.84162e-05
-1.8837e-05
-1.93281e-05
-1.98914e-05
-2.0529e-05
-2.12432e-05
-2.20366e-05
-2.29122e-05
-2.38733e-05
-2.49234e-05
-2.60664e-05
-2.73065e-05
-2.86484e-05
-3.0097e-05
-3.16578e-05
-3.33365e-05
-3.51393e-05
-3.7073e-05
-3.91446e-05
-4.1362e-05
-4.37332e-05
-4.6267e-05
-4.89729e-05
-5.18608e-05
-5.49414e-05
-5.82262e-05
-6.17274e-05
-6.5458e-05
-6.94318e-05
-7.36636e-05
-7.81694e-05
-8.29659e-05
-8.8071e-05
-9.35039e-05
-9.92848e-05
-0.000105435
-0.000111978
-0.000118937
-0.000126338
-0.000134208
-0.000142576
-0.000151471
-0.000160926
-0.000170975
-0.000181655
-0.000193005
-0.000205065
-0.00021788
-0.000231497
-0.000245965
-0.000261338
-0.000277668
-0.000295016
-0.000313447
-0.000333028
-0.000353831
-0.000375932
-0.000399412
-0.000424358
-0.000450863
-0.000479025
-0.000508948
-0.000540744
-0.000574528
-0.000610426
-0.000648569
-0.000689099
-0.000732165
-0.000777927
-0.000826552
-0.000878223
-0.000933129
-0.000991476
-0.00105348
-0.00111937
-0.00118939
-0.0012638
-0.00134288
-0.0014269
-0.00151619
-0.00161106
-0.00171187
-0.00181898
-0.00193279
-0.00205372
-0.00218221
-0.00231874
-0.00246382
-0.00261796
-0.00278175
-0.00295577
-0.00314067
-0.00333711
-0.00354581
-0.00376754
-0.00400312
-0.00425342
-0.00451938
-0.00480205
-0.00510253
-0.00542205
-0.00576191
-0.00612347
-0.00650811
-0.00691717
-0.00735199
-0.00781388
-0.00830429
-0.00882489
-0.00937763
-0.00996479
-0.0105888
-0.0112523
-0.0119575
-0.0127069
-0.0135029
-0.0143483
-0.0152462
-0.0162
-0.0172134
-0.0182904
-0.019435
-0.0206515
-0.0219447
-0.0233198
-0.0247826
-0.026339
-0.0279954
-0.0297586
-0.031635
-0.0336315
-0.0357549
-0.0380122
-0.040411
-0.0429598
-0.0456678
-0.0485444
-0.0515992
-0.0548412
-0.0582788
-0.0619204
-0.065774
-0.0698473
-0.074147
-0.0786787
-0.0834457
-0.0884488
-0.0936863
-0.0991546
-0.104849
-0.110759
-0.11687
-0.123162
-0.129604
-6.29063e-05
-5.93225e-05
-5.59553e-05
-5.27927e-05
-4.98234e-05
-4.70369e-05
-4.44231e-05
-4.19727e-05
-3.96769e-05
-3.75274e-05
-3.55164e-05
-3.36365e-05
-3.18809e-05
-3.02432e-05
-2.87172e-05
-2.72974e-05
-2.59786e-05
-2.47572e-05
-2.3626e-05
-2.25822e-05
-2.1622e-05
-2.07418e-05
-1.99385e-05
-1.92091e-05
-1.85509e-05
-1.79615e-05
-1.74388e-05
-1.6981e-05
-1.65863e-05
-1.62534e-05
-1.5981e-05
-1.57683e-05
-1.56144e-05
-1.55189e-05
-1.54814e-05
-1.55018e-05
-1.55802e-05
-1.57169e-05
-1.59125e-05
-1.61676e-05
-1.64833e-05
-1.68606e-05
-1.73011e-05
-1.78062e-05
-1.8378e-05
-1.90185e-05
-1.973e-05
-2.05153e-05
-2.13773e-05
-2.2319e-05
-2.33441e-05
-2.44564e-05
-2.56599e-05
-2.69591e-05
-2.8359e-05
-2.98646e-05
-3.14815e-05
-3.32158e-05
-3.50738e-05
-3.70625e-05
-3.91892e-05
-4.14617e-05
-4.38886e-05
-4.64788e-05
-4.92418e-05
-5.2188e-05
-5.53283e-05
-5.86743e-05
-6.22386e-05
-6.60345e-05
-7.0076e-05
-7.43783e-05
-7.89575e-05
-8.38305e-05
-8.90156e-05
-9.45319e-05
-0.0001004
-0.000106641
-0.000113278
-0.000120335
-0.000127839
-0.000135815
-0.000144293
-0.000153305
-0.000162882
-0.000173059
-0.000183875
-0.000195367
-0.000207579
-0.000220554
-0.000234341
-0.000248986
-0.000264544
-0.000281073
-0.000298635
-0.000317291
-0.000337113
-0.000358171
-0.000380545
-0.000404317
-0.000429575
-0.000456412
-0.000484928
-0.000515229
-0.000547425
-0.000581635
-0.000617987
-0.000656613
-0.000697657
-0.000741271
-0.000787617
-0.000836865
-0.000889198
-0.000944811
-0.00100391
-0.00106671
-0.00113345
-0.00120437
-0.00127973
-0.0013598
-0.00144489
-0.00153531
-0.00163138
-0.00173347
-0.00184194
-0.00195721
-0.00207968
-0.00220981
-0.00234808
-0.00249499
-0.00265108
-0.0028169
-0.00299308
-0.00318024
-0.00337908
-0.00359035
-0.00381483
-0.00405339
-0.00430697
-0.00457658
-0.0048633
-0.00516829
-0.00549274
-0.00583785
-0.00620483
-0.0065949
-0.00700928
-0.00744933
-0.00791655
-0.00841265
-0.00893957
-0.00949938
-0.0100942
-0.0107264
-0.011398
-0.0121116
-0.0128697
-0.0136753
-0.0145313
-0.0154411
-0.0164081
-0.0174357
-0.0185278
-0.0196885
-0.0209225
-0.0222348
-0.0236308
-0.0251162
-0.0266968
-0.0283787
-0.0301679
-0.0320704
-0.0340925
-0.0362406
-0.0385217
-0.0409433
-0.0435129
-0.0462383
-0.0491265
-0.0521847
-0.0554194
-0.0588375
-0.0624449
-0.0662464
-0.0702456
-0.0744436
-0.0788387
-0.0834269
-0.088203
-0.0931584
-0.0982803
-0.103551
-0.108948
-0.114436
-5.52511e-05
-5.21014e-05
-4.91421e-05
-4.63627e-05
-4.37532e-05
-4.13043e-05
-3.90071e-05
-3.68536e-05
-3.48359e-05
-3.29467e-05
-3.11792e-05
-2.95269e-05
-2.79839e-05
-2.65444e-05
-2.52031e-05
-2.39552e-05
-2.2796e-05
-2.17224e-05
-2.07281e-05
-1.98106e-05
-1.89666e-05
-1.8193e-05
-1.7487e-05
-1.68459e-05
-1.62674e-05
-1.57494e-05
-1.529e-05
-1.48876e-05
-1.45407e-05
-1.42482e-05
-1.40088e-05
-1.38219e-05
-1.36867e-05
-1.36027e-05
-1.35698e-05
-1.35877e-05
-1.36566e-05
-1.37768e-05
-1.39487e-05
-1.41729e-05
-1.44503e-05
-1.4782e-05
-1.51691e-05
-1.56131e-05
-1.61156e-05
-1.66786e-05
-1.7304e-05
-1.79942e-05
-1.87519e-05
-1.95797e-05
-2.04807e-05
-2.14584e-05
-2.25163e-05
-2.36584e-05
-2.48889e-05
-2.62123e-05
-2.76336e-05
-2.91581e-05
-3.07914e-05
-3.25395e-05
-3.44089e-05
-3.64066e-05
-3.85399e-05
-4.08168e-05
-4.32456e-05
-4.58355e-05
-4.85961e-05
-5.15375e-05
-5.46709e-05
-5.80079e-05
-6.15609e-05
-6.53431e-05
-6.93687e-05
-7.36525e-05
-7.82106e-05
-8.30597e-05
-8.82176e-05
-9.37034e-05
-9.95371e-05
-0.00010574
-0.000112335
-0.000119345
-0.000126797
-0.000134717
-0.000143135
-0.00015208
-0.000161586
-0.000171688
-0.000182422
-0.000193827
-0.000205946
-0.000218819
-0.000232494
-0.000247024
-0.00026246
-0.00027886
-0.000296283
-0.000314794
-0.000334462
-0.000355358
-0.000377561
-0.000401153
-0.00042622
-0.000452855
-0.000481157
-0.00051123
-0.000543186
-0.000577142
-0.000613224
-0.000651565
-0.000692307
-0.000735602
-0.000781608
-0.000830497
-0.00088245
-0.000937657
-0.000996323
-0.00105866
-0.00112491
-0.0011953
-0.0012701
-0.00134959
-0.00143405
-0.0015238
-0.00161917
-0.00172051
-0.00182818
-0.0019426
-0.00206416
-0.00219331
-0.00233052
-0.00247629
-0.00263115
-0.00279566
-0.00297044
-0.00315614
-0.00335347
-0.00356321
-0.00378617
-0.00402327
-0.00427545
-0.00454371
-0.00482909
-0.00513265
-0.00545542
-0.0057985
-0.00616297
-0.00655003
-0.00696099
-0.00739733
-0.00786067
-0.00835279
-0.00887557
-0.009431
-0.0100212
-0.0106483
-0.0113149
-0.0120235
-0.0127767
-0.0135773
-0.0144283
-0.0153326
-0.0162936
-0.0173147
-0.0184001
-0.0195542
-0.0207815
-0.0220873
-0.0234766
-0.0249548
-0.026527
-0.0281985
-0.0299745
-0.0318605
-0.033862
-0.0359853
-0.0382363
-0.040621
-0.0431453
-0.0458148
-0.048635
-0.0516111
-0.0547477
-0.0580481
-0.0615137
-0.0651439
-0.0689354
-0.0728839
-0.0769823
-0.0812204
-0.0855837
-0.0900534
-0.0946061
-0.0992083
-4.72683e-05
-4.45712e-05
-4.20372e-05
-3.96572e-05
-3.74228e-05
-3.53258e-05
-3.33588e-05
-3.15148e-05
-2.9787e-05
-2.81693e-05
-2.66557e-05
-2.52408e-05
-2.39194e-05
-2.26866e-05
-2.1538e-05
-2.04693e-05
-1.94766e-05
-1.85572e-05
-1.77057e-05
-1.692e-05
-1.61973e-05
-1.55348e-05
-1.49302e-05
-1.43812e-05
-1.38858e-05
-1.34422e-05
-1.30488e-05
-1.27043e-05
-1.24073e-05
-1.21567e-05
-1.19518e-05
-1.17917e-05
-1.16759e-05
-1.16041e-05
-1.15758e-05
-1.15912e-05
-1.16502e-05
-1.17531e-05
-1.19002e-05
-1.20922e-05
-1.23298e-05
-1.26137e-05
-1.29452e-05
-1.33253e-05
-1.37556e-05
-1.42377e-05
-1.47732e-05
-1.53643e-05
-1.6013e-05
-1.67219e-05
-1.74935e-05
-1.83308e-05
-1.92368e-05
-2.02148e-05
-2.12686e-05
-2.2402e-05
-2.36192e-05
-2.49248e-05
-2.63235e-05
-2.78206e-05
-2.94216e-05
-3.11325e-05
-3.29595e-05
-3.49094e-05
-3.69896e-05
-3.92077e-05
-4.1572e-05
-4.40912e-05
-4.67749e-05
-4.9633e-05
-5.2676e-05
-5.59155e-05
-5.93633e-05
-6.30324e-05
-6.69361e-05
-7.10891e-05
-7.55064e-05
-8.02043e-05
-8.52001e-05
-9.05118e-05
-9.61591e-05
-0.000102162
-0.000108543
-0.000115326
-0.000122534
-0.000130195
-0.000138336
-0.000146987
-0.000156179
-0.000165947
-0.000176325
-0.00018735
-0.000199062
-0.000211505
-0.000224725
-0.00023877
-0.000253692
-0.000269545
-0.00028639
-0.000304286
-0.000323302
-0.000343507
-0.000364976
-0.000387788
-0.000412027
-0.000437784
-0.000465153
-0.000494236
-0.00052514
-0.00055798
-0.000592877
-0.000629959
-0.000669364
-0.000711237
-0.000755734
-0.000803017
-0.000853263
-0.000906657
-0.000963395
-0.00102369
-0.00108775
-0.00115584
-0.00122818
-0.00130506
-0.00138676
-0.00147357
-0.00156581
-0.00166382
-0.00176795
-0.00187858
-0.0019961
-0.00212095
-0.00225358
-0.00239447
-0.00254416
-0.0027032
-0.00287222
-0.00305188
-0.0032429
-0.00344606
-0.00366217
-0.00389209
-0.0041367
-0.00439689
-0.00467355
-0.00496761
-0.00528001
-0.00561175
-0.00596396
-0.00633785
-0.0067348
-0.0071563
-0.00760399
-0.00807962
-0.00858507
-0.00912236
-0.00969361
-0.010301
-0.0109469
-0.0116336
-0.0123634
-0.013139
-0.013963
-0.0148385
-0.0157689
-0.016758
-0.0178098
-0.0189288
-0.0201194
-0.021386
-0.022733
-0.0241648
-0.0256856
-0.0272999
-0.0290123
-0.0308277
-0.0327507
-0.0347862
-0.0369386
-0.0392125
-0.0416122
-0.0441417
-0.0468042
-0.0496016
-0.052534
-0.0555996
-0.0587951
-0.0621153
-0.0655521
-0.0690948
-0.072729
-0.076436
-0.0801936
-0.0839706
-3.90051e-05
-3.67765e-05
-3.46826e-05
-3.27161e-05
-3.08697e-05
-2.9137e-05
-2.75117e-05
-2.59879e-05
-2.45603e-05
-2.32235e-05
-2.19728e-05
-2.08036e-05
-1.97116e-05
-1.8693e-05
-1.77438e-05
-1.68607e-05
-1.60403e-05
-1.52805e-05
-1.45769e-05
-1.39276e-05
-1.33304e-05
-1.2783e-05
-1.22833e-05
-1.18296e-05
-1.14203e-05
-1.10538e-05
-1.07287e-05
-1.0444e-05
-1.01986e-05
-9.99155e-06
-9.8222e-06
-9.68992e-06
-9.59425e-06
-9.53484e-06
-9.5115e-06
-9.52416e-06
-9.57288e-06
-9.65785e-06
-9.77939e-06
-9.93797e-06
-1.01342e-05
-1.03687e-05
-1.06425e-05
-1.09566e-05
-1.13121e-05
-1.17103e-05
-1.21528e-05
-1.26411e-05
-1.31772e-05
-1.37629e-05
-1.44004e-05
-1.50922e-05
-1.58408e-05
-1.6649e-05
-1.75198e-05
-1.84563e-05
-1.94622e-05
-2.0541e-05
-2.16969e-05
-2.2934e-05
-2.4257e-05
-2.56708e-05
-2.71805e-05
-2.87919e-05
-3.0511e-05
-3.2344e-05
-3.42978e-05
-3.63798e-05
-3.85977e-05
-4.09597e-05
-4.34746e-05
-4.61518e-05
-4.90013e-05
-5.20335e-05
-5.52596e-05
-5.86916e-05
-6.2342e-05
-6.62241e-05
-7.03523e-05
-7.47416e-05
-7.94079e-05
-8.43685e-05
-8.96414e-05
-9.52458e-05
-0.000101202
-0.000107533
-0.00011426
-0.000121409
-0.000129006
-0.000137078
-0.000145655
-0.000154766
-0.000164444
-0.000174727
-0.000185652
-0.000197259
-0.000209591
-0.000222692
-0.000236613
-0.000251403
-0.000267118
-0.000283816
-0.000301559
-0.000320412
-0.000340444
-0.000361731
-0.000384351
-0.000408388
-0.00043393
-0.000461071
-0.000489913
-0.000520562
-0.00055313
-0.000587738
-0.000624513
-0.000663593
-0.000705122
-0.000749252
-0.000796146
-0.000845978
-0.000898933
-0.000955208
-0.00101501
-0.00107856
-0.00114609
-0.00121786
-0.00129411
-0.00137513
-0.00146121
-0.00155265
-0.0016498
-0.00175299
-0.00186261
-0.00197906
-0.00210277
-0.00223422
-0.00237393
-0.00252246
-0.0026804
-0.0028484
-0.00302714
-0.00321732
-0.00341968
-0.00363493
-0.00386383
-0.0041071
-0.00436554
-0.00463996
-0.00493127
-0.00524046
-0.00556867
-0.00591712
-0.00628719
-0.00668039
-0.00709833
-0.00754274
-0.0080154
-0.00851814
-0.00905279
-0.00962127
-0.0102256
-0.0108677
-0.0115499
-0.0122746
-0.0130446
-0.0138632
-0.0147337
-0.0156599
-0.0166453
-0.0176937
-0.0188085
-0.0199933
-0.0212514
-0.0225863
-0.0240019
-0.0255017
-0.0270896
-0.028769
-0.0305436
-0.0324168
-0.0343918
-0.0364716
-0.0386581
-0.0409524
-0.0433536
-0.0458599
-0.0484678
-0.0511715
-0.0539633
-0.0568328
-0.0597666
-0.0627478
-0.0657563
-0.0687651
-3.05092e-05
-2.87621e-05
-2.71206e-05
-2.5579e-05
-2.41316e-05
-2.27733e-05
-2.14992e-05
-2.03047e-05
-1.91855e-05
-1.81375e-05
-1.71571e-05
-1.62405e-05
-1.53845e-05
-1.45859e-05
-1.38418e-05
-1.31495e-05
-1.25063e-05
-1.19107e-05
-1.13591e-05
-1.08501e-05
-1.03819e-05
-9.95278e-06
-9.56111e-06
-9.20548e-06
-8.88459e-06
-8.59728e-06
-8.34248e-06
-8.1193e-06
-7.92691e-06
-7.76462e-06
-7.63186e-06
-7.52815e-06
-7.45312e-06
-7.40652e-06
-7.38817e-06
-7.39804e-06
-7.43616e-06
-7.50268e-06
-7.59786e-06
-7.72206e-06
-7.87575e-06
-8.05949e-06
-8.27398e-06
-8.52003e-06
-8.79856e-06
-9.1106e-06
-9.45732e-06
-9.84e-06
-1.02601e-05
-1.07191e-05
-1.12188e-05
-1.1761e-05
-1.23477e-05
-1.29812e-05
-1.36637e-05
-1.43978e-05
-1.51862e-05
-1.60319e-05
-1.69379e-05
-1.79077e-05
-1.89448e-05
-2.0053e-05
-2.12366e-05
-2.24998e-05
-2.38473e-05
-2.52843e-05
-2.6816e-05
-2.84482e-05
-3.0187e-05
-3.20387e-05
-3.40104e-05
-3.61093e-05
-3.83432e-05
-4.07204e-05
-4.32496e-05
-4.59402e-05
-4.88019e-05
-5.18453e-05
-5.50814e-05
-5.85222e-05
-6.21803e-05
-6.60689e-05
-7.02024e-05
-7.45959e-05
-7.92655e-05
-8.42283e-05
-8.95024e-05
-9.51071e-05
-0.000101063
-0.000107391
-0.000114115
-0.000121258
-0.000128846
-0.000136907
-0.000145472
-0.000154572
-0.00016424
-0.000174512
-0.000185426
-0.000197022
-0.000209343
-0.000222434
-0.000236345
-0.000251126
-0.000266833
-0.000283523
-0.000301259
-0.000320105
-0.000340132
-0.000361414
-0.000384029
-0.000408061
-0.000433599
-0.000460736
-0.000489575
-0.000520218
-0.000552779
-0.000587381
-0.000624152
-0.000663229
-0.000704755
-0.000748887
-0.000795787
-0.000845628
-0.000898594
-0.000954878
-0.00101468
-0.00107823
-0.00114574
-0.00121746
-0.00129365
-0.00137458
-0.00146054
-0.00155186
-0.00164888
-0.00175197
-0.00186155
-0.00197806
-0.00210198
-0.00223381
-0.00237409
-0.00252338
-0.00268224
-0.00285125
-0.00303096
-0.00322197
-0.00342487
-0.0036403
-0.00386896
-0.00411162
-0.00436918
-0.00464261
-0.00493302
-0.00524163
-0.00556974
-0.00591874
-0.00629004
-0.00668505
-0.00710529
-0.00755229
-0.00802748
-0.00853229
-0.00906855
-0.00963823
-0.0102436
-0.0108872
-0.0115717
-0.0123001
-0.0130753
-0.0138999
-0.0147768
-0.0157087
-0.016698
-0.0177476
-0.0188603
-0.0200387
-0.0212858
-0.0226043
-0.0239966
-0.0254653
-0.0270128
-0.0286408
-0.0303508
-0.0321428
-0.0340161
-0.0359687
-0.037997
-0.0400959
-0.0422582
-0.0444749
-0.0467343
-0.0490225
-0.0513226
-0.0536124
-2.18372e-05
-2.05817e-05
-1.94022e-05
-1.82945e-05
-1.72545e-05
-1.62786e-05
-1.53632e-05
-1.45049e-05
-1.37009e-05
-1.2948e-05
-1.22436e-05
-1.15851e-05
-1.09702e-05
-1.03965e-05
-9.8619e-06
-9.36453e-06
-8.90251e-06
-8.47452e-06
-8.07823e-06
-7.71255e-06
-7.37615e-06
-7.06779e-06
-6.78633e-06
-6.53075e-06
-6.3001e-06
-6.09356e-06
-5.91038e-06
-5.74988e-06
-5.61151e-06
-5.49475e-06
-5.3992e-06
-5.32452e-06
-5.27045e-06
-5.23681e-06
-5.22348e-06
-5.23042e-06
-5.25768e-06
-5.30537e-06
-5.37367e-06
-5.46283e-06
-5.5732e-06
-5.70518e-06
-5.85926e-06
-6.03601e-06
-6.23608e-06
-6.46022e-06
-6.70926e-06
-6.98414e-06
-7.28586e-06
-7.61557e-06
-7.97448e-06
-8.36394e-06
-8.78539e-06
-9.2404e-06
-9.73066e-06
-1.0258e-05
-1.08243e-05
-1.14318e-05
-1.20827e-05
-1.27793e-05
-1.35243e-05
-1.43205e-05
-1.51707e-05
-1.60782e-05
-1.70463e-05
-1.80787e-05
-1.91792e-05
-2.03519e-05
-2.16011e-05
-2.29316e-05
-2.43482e-05
-2.58563e-05
-2.74614e-05
-2.91694e-05
-3.09866e-05
-3.29198e-05
-3.49759e-05
-3.71625e-05
-3.94876e-05
-4.19597e-05
-4.4588e-05
-4.73819e-05
-5.03518e-05
-5.35085e-05
-5.68636e-05
-6.04295e-05
-6.42191e-05
-6.82463e-05
-7.25258e-05
-7.70731e-05
-8.19048e-05
-8.70372e-05
-9.24893e-05
-9.8282e-05
-0.000104436
-0.000110975
-0.000117923
-0.000125304
-0.000133146
-0.000141479
-0.000150333
-0.000159741
-0.000169737
-0.00018036
-0.000191647
-0.000203641
-0.000216387
-0.000229932
-0.000244325
-0.00025962
-0.000275874
-0.000293146
-0.0003115
-0.000331004
-0.00035173
-0.000373754
-0.000397157
-0.000422028
-0.000448458
-0.000476547
-0.000506398
-0.000538123
-0.000571839
-0.000607672
-0.000645753
-0.00068622
-0.000729222
-0.000774912
-0.000823455
-0.000875024
-0.000929805
-0.000987994
-0.0010498
-0.00111547
-0.00118523
-0.00125938
-0.00133819
-0.001422
-0.00151116
-0.00160603
-0.001707
-0.00181448
-0.00192887
-0.00205057
-0.00218
-0.00231756
-0.00246368
-0.00261882
-0.00278348
-0.00295822
-0.00314368
-0.00334059
-0.00354976
-0.00377212
-0.00400862
-0.00426029
-0.00452814
-0.00481319
-0.00511607
-0.00543878
-0.00578236
-0.00614708
-0.00653444
-0.00694596
-0.00738335
-0.00784849
-0.00834341
-0.00887023
-0.00943107
-0.0100278
-0.0106624
-0.0113367
-0.0120527
-0.0128123
-0.0136176
-0.0144703
-0.0153726
-0.0163263
-0.0173332
-0.0183948
-0.0195127
-0.020688
-0.0219215
-0.0232129
-0.0245616
-0.0259656
-0.0274218
-0.0289259
-0.0304722
-0.0320533
-0.0336605
-0.0352829
-0.0369078
-0.0385188
-1.29954e-05
-1.22393e-05
-1.15289e-05
-1.08618e-05
-1.02355e-05
-9.64775e-06
-9.09642e-06
-8.57956e-06
-8.09537e-06
-7.64196e-06
-7.21773e-06
-6.82113e-06
-6.45072e-06
-6.10515e-06
-5.78314e-06
-5.48351e-06
-5.20517e-06
-4.94719e-06
-4.70839e-06
-4.48799e-06
-4.28519e-06
-4.09926e-06
-3.9295e-06
-3.77531e-06
-3.63611e-06
-3.5114e-06
-3.40074e-06
-3.30373e-06
-3.22003e-06
-3.14932e-06
-3.09138e-06
-3.046e-06
-3.01302e-06
-2.99234e-06
-2.98388e-06
-2.98764e-06
-3.00364e-06
-3.03193e-06
-3.07265e-06
-3.12594e-06
-3.19201e-06
-3.27111e-06
-3.36354e-06
-3.46963e-06
-3.58978e-06
-3.72444e-06
-3.87412e-06
-4.03937e-06
-4.2208e-06
-4.4191e-06
-4.635e-06
-4.86931e-06
-5.1229e-06
-5.39671e-06
-5.69175e-06
-6.00913e-06
-6.35002e-06
-6.71567e-06
-7.10745e-06
-7.52681e-06
-7.9753e-06
-8.45459e-06
-8.96646e-06
-9.5128e-06
-1.00957e-05
-1.07172e-05
-1.13798e-05
-1.20858e-05
-1.2838e-05
-1.36391e-05
-1.4492e-05
-1.54e-05
-1.63665e-05
-1.73949e-05
-1.8489e-05
-1.9653e-05
-2.08909e-05
-2.22075e-05
-2.36074e-05
-2.50959e-05
-2.66783e-05
-2.83605e-05
-3.01487e-05
-3.20493e-05
-3.40695e-05
-3.62166e-05
-3.84984e-05
-4.09234e-05
-4.35003e-05
-4.62385e-05
-4.91479e-05
-5.22386e-05
-5.55216e-05
-5.90097e-05
-6.27157e-05
-6.66533e-05
-7.08369e-05
-7.52819e-05
-8.00048e-05
-8.50231e-05
-9.03552e-05
-9.60211e-05
-0.000102042
-0.000108439
-0.000115238
-0.000122462
-0.000130139
-0.000138298
-0.000146968
-0.000156182
-0.000165973
-0.000176378
-0.000187436
-0.000199186
-0.000211673
-0.000224943
-0.000239044
-0.000254031
-0.000269958
-0.000286886
-0.000304877
-0.000323999
-0.000344324
-0.000365926
-0.000388885
-0.000413285
-0.000439215
-0.000466768
-0.000496044
-0.000527148
-0.00056019
-0.000595291
-0.00063258
-0.000672198
-0.000714296
-0.000759043
-0.000806621
-0.000857227
-0.000911076
-0.000968394
-0.00102942
-0.00109439
-0.00116356
-0.00123717
-0.00131547
-0.00139871
-0.00148714
-0.00158104
-0.00168072
-0.00178652
-0.00189885
-0.00201815
-0.00214496
-0.00227983
-0.00242339
-0.00257628
-0.00273917
-0.00291276
-0.00309799
-0.00329464
-0.00350317
-0.00372523
-0.00396133
-0.00421238
-0.00447942
-0.00476363
-0.00506627
-0.00538858
-0.00573183
-0.00609736
-0.00648642
-0.00690015
-0.00733971
-0.00780626
-0.00830093
-0.0088248
-0.00937954
-0.00996646
-0.0105862
-0.0112394
-0.011927
-0.0126495
-0.013407
-0.0141995
-0.0150265
-0.0158863
-0.0167766
-0.0176944
-0.0186357
-0.0195955
-0.0205681
-0.0215462
-0.0225217
-0.0234842
-4.20666e-06
-3.95299e-06
-3.71463e-06
-3.49073e-06
-3.28049e-06
-3.08315e-06
-2.89799e-06
-2.72434e-06
-2.56198e-06
-2.40962e-06
-2.26707e-06
-2.1338e-06
-2.00934e-06
-1.89323e-06
-1.78505e-06
-1.68441e-06
-1.59094e-06
-1.50429e-06
-1.42416e-06
-1.35026e-06
-1.28231e-06
-1.22006e-06
-1.16328e-06
-1.11178e-06
-1.06536e-06
-1.02385e-06
-9.87099e-07
-9.54975e-07
-9.27357e-07
-9.04143e-07
-8.85247e-07
-8.70596e-07
-8.60135e-07
-8.53823e-07
-8.51634e-07
-8.53558e-07
-8.59597e-07
-8.6977e-07
-8.84113e-07
-9.02672e-07
-9.25514e-07
-9.52719e-07
-9.84381e-07
-1.02061e-06
-1.06155e-06
-1.10733e-06
-1.15812e-06
-1.21412e-06
-1.27551e-06
-1.34254e-06
-1.41544e-06
-1.49447e-06
-1.57994e-06
-1.67216e-06
-1.77146e-06
-1.87821e-06
-1.9928e-06
-2.11565e-06
-2.24722e-06
-2.388e-06
-2.53849e-06
-2.69927e-06
-2.87091e-06
-3.05407e-06
-3.24942e-06
-3.45769e-06
-3.67966e-06
-3.91615e-06
-4.16804e-06
-4.43628e-06
-4.72186e-06
-5.02583e-06
-5.34932e-06
-5.69353e-06
-6.05971e-06
-6.44921e-06
-6.86346e-06
-7.30397e-06
-7.77236e-06
-8.27033e-06
-8.79973e-06
-9.36246e-06
-9.96068e-06
-1.05966e-05
-1.12725e-05
-1.19908e-05
-1.27543e-05
-1.35656e-05
-1.44278e-05
-1.5344e-05
-1.63174e-05
-1.73518e-05
-1.84504e-05
-1.96176e-05
-2.08578e-05
-2.21756e-05
-2.35759e-05
-2.50638e-05
-2.66447e-05
-2.83247e-05
-3.011e-05
-3.20071e-05
-3.40232e-05
-3.61658e-05
-3.84429e-05
-4.0863e-05
-4.34352e-05
-4.6169e-05
-4.90746e-05
-5.21629e-05
-5.54454e-05
-5.89343e-05
-6.26425e-05
-6.65839e-05
-7.07732e-05
-7.52261e-05
-7.99594e-05
-8.49909e-05
-9.03398e-05
-9.60263e-05
-0.000102072
-0.0001085
-0.000115335
-0.000122602
-0.000130328
-0.000138543
-0.000147277
-0.000156562
-0.000166433
-0.000176924
-0.000188076
-0.000199929
-0.000212529
-0.000225924
-0.000240168
-0.00025532
-0.000271443
-0.000288608
-0.000306891
-0.000326372
-0.000347134
-0.000369264
-0.000392851
-0.000417982
-0.000444746
-0.000473233
-0.000503537
-0.00053576
-0.000570017
-0.000606438
-0.000645173
-0.000686395
-0.0007303
-0.000777102
-0.000827034
-0.000880334
-0.000937244
-0.000998001
-0.00106284
-0.00113193
-0.00120563
-0.00128423
-0.00136804
-0.00145742
-0.00155281
-0.00165468
-0.00176352
-0.00187984
-0.00200415
-0.00213698
-0.00227882
-0.00243017
-0.00259157
-0.00276357
-0.00294682
-0.0031419
-0.00334858
-0.0035668
-0.00379726
-0.00404032
-0.00429618
-0.00456492
-0.00484648
-0.00514056
-0.00544658
-0.0057636
-0.00609032
-0.00642514
-0.00676608
-0.00711088
-0.00745686
-0.00780097
-0.00813984
-0.00846936
-2.91388
-4.10766
-5.28674
-6.38741
-7.31016
-7.99785
-8.34985
-8.24101
-7.53867
-6.09563
-3.80625
-0.609866
3.39044
7.98844
12.5221
16.2441
18.5862
18.7023
19.5206
21.2458
24.2163
24.3208
23.0275
20.6986
17.5423
13.5358
8.4966
2.71935
-3.49712
-9.47088
-14.5252
-18.261
-20.6007
-21.9469
-2.91525
-4.10909
-5.28816
-6.38876
-7.31141
-7.99895
-8.35077
-8.24168
-7.53904
-6.09563
-3.80584
-0.609051
3.3916
7.98975
12.5233
16.2447
18.5852
18.7018
19.5203
21.2461
24.2164
24.3199
23.0259
20.6958
17.5397
13.5328
8.49323
2.71571
-3.50082
-9.4743
-14.5282
-18.2633
-20.6024
-21.9478
-2.91513
-4.10899
-5.28803
-6.38863
-7.31122
-7.99868
-8.35035
-8.24106
-7.53815
-6.0944
-3.80421
-0.607004
3.39404
7.99245
12.526
16.2472
18.5882
18.7026
19.5211
21.2478
24.2179
24.3203
23.0258
20.6967
17.5391
13.5317
8.49156
2.71362
-3.50314
-9.47656
-14.53
-18.2646
-20.6031
-21.9476
-2.91615
-4.11013
-5.28922
-6.38971
-7.31218
-7.9995
-8.35098
-8.24146
-7.53824
-6.09414
-3.80355
-0.60592
3.39551
7.99415
12.5276
16.2483
18.5863
18.7025
19.5209
21.2484
24.2186
24.3202
23.0249
20.6934
17.5367
13.5291
8.48858
2.71035
-3.50651
-9.4797
-14.5327
-18.2667
-20.6047
-21.9485
-2.91618
-4.11016
-5.28919
-6.38975
-7.3122
-7.99946
-8.35084
-8.24114
-7.53769
-6.09327
-3.8023
-0.60424
3.39763
7.99663
12.5302
16.2508
18.5907
18.7031
19.5212
21.2499
24.2201
24.3207
23.0246
20.695
17.5363
13.528
8.48688
2.70815
-3.50908
-9.48235
-14.535
-18.2684
-20.6058
-21.9489
-2.91701
-4.11116
-5.29031
-6.39071
-7.31306
-8.00017
-8.35138
-8.24146
-7.53774
-6.09298
-3.8016
-0.6031
3.39922
7.99855
12.5322
16.2524
18.588
18.7034
19.521
21.2508
24.2213
24.3209
23.0241
20.6914
17.5341
13.5257
8.48423
2.70514
-3.51231
-9.48545
-14.5377
-18.2705
-20.6075
-21.9501
-2.91718
-4.11132
-5.29038
-6.39092
-7.31326
-8.00034
-8.35146
-8.2414
-7.53745
-6.09241
-3.80066
-0.601718
3.40109
8.00085
12.5348
16.2549
18.5928
18.7039
19.5209
21.252
24.223
24.3216
23.0239
20.6932
17.5336
13.5246
8.48246
2.70282
-3.51508
-9.48839
-14.5404
-18.2726
-20.609
-21.9511
-2.91783
-4.1122
-5.29145
-6.39179
-7.31403
-8.00099
-8.35196
-8.24171
-7.53751
-6.09214
-3.8
-0.600599
3.40271
8.00293
12.5371
16.257
18.5911
18.7043
19.5205
21.2531
24.2246
24.3222
23.0237
20.6899
17.5319
13.5227
8.48015
2.70004
-3.51822
-9.49155
-14.5433
-18.2749
-20.6109
-21.9525
-2.91811
-4.11247
-5.29159
-6.39214
-7.31438
-8.00132
-8.35222
-8.24183
-7.53745
-6.0918
-3.7993
-0.59944
3.4044
8.00514
12.5397
16.2596
18.5953
18.7048
19.52
21.2542
24.2264
24.3231
23.0237
20.6916
17.5313
13.5215
8.47832
2.69764
-3.52114
-9.49469
-14.5462
-18.2772
-20.6128
-21.954
-2.91863
-4.11326
-5.29262
-6.39294
-7.3151
-8.00194
-8.35272
-8.24218
-7.53757
-6.09163
-3.79874
-0.59841
3.40598
8.00728
12.5423
16.2621
18.5947
18.7053
19.5193
21.2553
24.2283
24.3241
23.0236
20.6887
17.53
13.52
8.4763
2.69505
-3.52425
-9.49797
-14.5493
-18.2798
-20.6148
-21.9558
-2.91898
-4.11359
-5.29283
-6.3934
-7.31558
-8.0024
-8.35313
-8.24246
-7.53767
-6.09147
-3.79822
-0.597418
3.40756
8.00947
12.545
16.2649
18.5981
18.7059
19.5186
21.2565
24.2304
24.3252
23.0238
20.6901
17.5292
13.5188
8.47449
2.69262
-3.52727
-9.50129
-14.5524
-18.2823
-20.617
-21.9577
-2.91941
-4.11432
-5.29384
-6.39415
-7.31626
-8.00302
-8.35366
-8.24287
-7.53789
-6.09142
-3.7978
-0.596515
3.40907
8.01164
12.5477
16.2677
18.5987
18.7065
19.5177
21.2576
24.2325
24.3265
23.0239
20.6879
17.5283
13.5176
8.47267
2.69015
-3.53038
-9.50471
-14.5557
-18.2851
-20.6193
-21.9599
-2.91978
-4.11469
-5.29408
-6.39471
-7.31685
-8.00359
-8.35418
-8.24328
-7.53814
-6.09143
-3.79745
-0.595669
3.41054
8.01383
12.5505
16.2707
18.6014
18.7071
19.5166
21.2588
24.2349
24.3279
23.0243
20.6889
17.5276
13.5165
8.47096
2.68775
-3.53346
-9.50818
-14.5591
-18.2879
-20.6217
-21.9622
-2.92017
-4.11542
-5.2951
-6.39544
-7.31754
-8.00424
-8.35478
-8.24378
-7.53848
-6.09152
-3.79719
-0.594902
3.41197
8.01601
12.5534
16.2738
18.6029
18.7078
19.5154
21.2599
24.2373
24.3294
23.0246
20.6873
17.5269
13.5155
8.46929
2.68536
-3.53661
-9.51175
-14.5626
-18.2911
-20.6238
-22.0766
-2.92192
-4.11667
-5.2952
-6.39994
-7.32266
-8.00975
-8.36074
-8.25021
-7.54535
-6.09862
-3.80402
-0.600477
3.40907
8.01765
12.5613
16.2862
18.6157
18.7106
19.501
21.2558
24.2449
24.3418
23.0376
20.7078
17.5478
13.5441
8.50561
2.72903
-3.48779
-9.46199
-14.5166
-18.2528
-20.5964
-21.9145
-2.92783
-4.1489
-5.33135
-6.42445
-7.34655
-8.03564
-8.38872
-8.27942
-7.5743
-6.1249
-3.82375
-0.607972
3.42019
8.05197
12.6204
16.3564
18.6669
18.7252
19.4651
21.2692
24.2885
24.3734
23.0536
20.7076
17.5479
13.542
8.49797
2.71581
-3.5059
-9.48172
-14.5343
-18.2658
-20.6055
-21.9699
-2.91608
-4.12403
-5.32556
-6.44649
-7.37971
-8.0741
-8.4327
-8.328
-7.62542
-6.17506
-3.86699
-0.63495
3.42021
8.08726
12.6954
16.4522
18.7283
18.7426
19.4074
21.2806
24.3464
24.4181
23.0699
20.7158
17.5529
13.5447
8.4935
2.70388
-3.52461
-9.50321
-14.5539
-18.2802
-20.6158
-21.9795
-2.92439
-4.1921
-5.39307
-6.49489
-7.42268
-8.12467
-8.49196
-8.39508
-7.69783
-6.24835
-3.93302
-0.680704
3.40978
8.12402
12.7871
16.5742
18.8304
18.7753
19.3306
21.3048
24.4264
24.4802
23.1088
20.73
17.5637
13.553
8.49307
2.69386
-3.54353
-9.52641
-14.5756
-18.2962
-20.6272
-21.9896
-2.87578
-4.1261
-5.36898
-6.51522
-7.47163
-8.18805
-8.56796
-8.48245
-7.79338
-6.34655
-4.02372
-0.747281
3.38706
8.16128
12.8952
16.7227
18.9223
18.7867
19.2172
21.2949
24.506
24.5481
23.1362
20.7455
17.5763
13.5627
8.49236
2.68245
-3.56459
-9.55181
-14.5996
-18.3137
-20.6396
-22.0007
-2.90699
-4.24216
-5.48005
-6.60064
-7.5441
-8.26522
-8.65938
-8.58825
-7.91019
-6.46804
-4.13747
-0.832588
3.35447
8.20116
13.0223
16.9022
19.0821
18.8621
19.1187
21.3528
24.6427
24.6509
23.2006
20.7752
17.6011
13.5848
8.50255
2.67843
-3.58289
-9.5781
-14.6251
-18.3327
-20.6531
-22.013
-2.79337
-4.12174
-5.42559
-6.60618
-7.5942
-8.34566
-8.76467
-8.71393
-8.05015
-6.61502
-4.27712
-0.940734
3.30704
8.23939
13.1639
17.0988
19.2016
18.8387
18.8903
21.3003
24.7248
24.7237
23.2335
20.7931
17.619
13.5997
8.50303
2.66466
-3.60812
-9.60822
-14.6537
-18.3536
-20.6677
-22.0225
-2.88454
-4.32368
-5.62079
-6.76443
-7.73052
-8.48538
-8.92345
-8.8973
-8.25491
-6.83135
-4.48337
-1.10011
3.24422
8.31713
13.4218
17.4927
19.561
19.0678
18.7912
21.5171
25.1318
25.0378
23.4229
20.8774
17.681
13.6517
8.51555
2.62395
-3.71396
-9.76158
-14.8164
-18.4912
-20.778
-22.1248
-2.62182
-4.08585
-5.49032
-6.72997
-7.77761
-8.60003
-9.09993
-9.12765
-8.5295
-7.13711
-4.79092
-1.35744
3.10967
8.39334
13.7852
17.9978
19.8318
18.8881
17.5659
21.0171
25.2399
25.0817
23.4203
20.8997
17.7832
13.7651
8.53612
2.52011
-3.92778
-10.0448
-15.1278
-18.7756
-21.061
-22.4383
-2.82301
-4.42237
-5.82779
-7.01113
-8.02458
-8.85097
-9.38519
-9.46346
-8.92109
-7.5769
-5.24978
-1.7664
2.85518
8.42891
14.2497
18.8983
20.7951
19.4805
17.4623
22.0734
26.694
26.2758
24.255
21.301
18.0788
14.0694
8.79078
2.69179
-3.93267
-10.2447
-15.434
-19.0631
-21.3006
-22.9152
-2.36848
-4.06346
-5.60477
-6.90882
-8.02897
-8.9503
-9.57396
-9.72791
-9.24906
-7.95067
-5.62852
-2.0738
2.72628
8.58991
14.805
19.5243
21.1547
19.4255
15.4131
20.613
26.4152
25.8033
23.8657
21.1594
18.226
14.3087
8.89627
2.56084
-4.28799
-10.7493
-15.9824
-19.379
-21.7896
-23.2563
-2.71064
-4.54184
-6.1086
-7.3206
-8.39063
-9.31637
-9.99233
-10.2281
-9.8335
-8.62004
-6.34418
-2.74556
2.25965
8.57985
15.4754
21.1678
23.0447
24.477
41.5016
81.7568
129.652
177.829
233.117
290.038
344.435
394.203
438.749
478.854
515.313
548.258
577.735
603.775
626.118
644.139
702.581
701.465
696.498
687.622
674.737
657.839
636.995
612.355
584.07
552.325
517.371
479.537
438.987
395.806
349.365
298.014
238.953
175.461
122.343
90.0042
64.7963
44.4171
33.8685
29.6139
27.0021
23.4002
18.3497
12.9182
8.50955
5.47235
3.53285
2.26938
1.44185
1.19603
-0.45089
-0.474509
-0.424631
-0.376861
-0.347636
-0.337825
-0.344713
-0.366603
-0.403639
-0.447739
-0.481954
-0.4968
-0.486086
-0.482029
-0.592296
-1.23132
-3.37614
-6.95543
-8.0364
1.64799
7.52793
4.12336
2.67789
1.87278
1.4703
1.40171
1.42487
1.3964
1.27609
1.06549
0.835812
0.609872
0.486221
0.299595
-0.0137136
-0.0854102
-0.141263
-0.197644
-0.247158
-0.292029
-0.337974
-0.387284
-0.441581
-0.499839
-0.554713
-0.583449
-0.598335
-0.634073
-0.754206
-1.34343
-3.19368
-6.56102
-7.56797
-0.849599
4.23363
2.74786
1.82695
1.43183
1.37835
1.36519
1.33961
1.21333
0.972369
0.724738
0.503568
0.3089
0.18814
0.162986
-0.49078
-0.451594
-0.438253
-0.421497
-0.415912
-0.420982
-0.436846
-0.463032
-0.498373
-0.538977
-0.579306
-0.612094
-0.64483
-0.713835
-0.912537
-1.56111
-3.14176
-5.98862
-5.83983
0.534662
4.43335
3.07155
2.26733
1.7462
1.45313
1.36764
1.3439
1.27946
1.12231
0.918184
0.704748
0.499633
0.357396
0.193333
-0.182136
-0.203594
-0.232554
-0.264498
-0.297597
-0.331779
-0.370289
-0.413366
-0.460958
-0.508999
-0.558537
-0.597921
-0.640699
-0.731259
-0.948436
-1.57736
-2.9546
-5.27639
-5.53218
-0.616746
2.97008
2.26687
1.7823
1.4627
1.29901
1.25506
1.20084
1.08809
0.919162
0.722875
0.530678
0.353177
0.221716
0.119711
-0.357346
-0.359014
-0.36537
-0.369341
-0.378913
-0.394035
-0.416735
-0.447459
-0.487755
-0.532551
-0.57603
-0.619375
-0.675355
-0.781372
-1.00758
-1.57887
-2.69975
-4.33834
-3.93234
-0.142817
2.65157
2.26145
1.90501
1.56878
1.40839
1.29932
1.24138
1.14821
0.98866
0.800795
0.605699
0.41927
0.270035
0.10804
-0.247142
-0.256805
-0.277462
-0.299527
-0.325588
-0.354249
-0.388409
-0.426067
-0.468489
-0.515856
-0.567153
-0.621217
-0.692965
-0.811995
-1.05979
-1.6015
-2.5546
-4.09998
-3.73471
-0.216629
2.0818
1.82039
1.60865
1.38548
1.17911
1.15399
1.09544
0.999427
0.862214
0.696192
0.522947
0.356362
0.208834
0.0724005
-0.298284
-0.314624
-0.327759
-0.341024
-0.358084
-0.3784
-0.40569
-0.440079
-0.478285
-0.521499
-0.569288
-0.624685
-0.698593
-0.823362
-1.06468
-1.54273
-2.3089
-3.05441
-2.90714
-0.212588
1.71197
1.70476
1.58309
1.40129
1.3481
1.20937
1.12745
1.02065
0.873094
0.706277
0.529511
0.358995
0.207451
0.0453987
-0.260369
-0.278013
-0.296196
-0.315338
-0.338677
-0.365046
-0.395763
-0.432013
-0.474018
-0.521437
-0.572649
-0.633116
-0.716427
-0.850658
-1.09395
-1.53232
-2.21919
-3.44858
-2.53281
-0.209594
1.36626
1.43949
1.38804
1.25906
1.0412
1.06127
1.00914
0.922655
0.801674
0.652685
0.491972
0.332752
0.179785
0.0200381
-0.280697
-0.293118
-0.309141
-0.326194
-0.34696
-0.37026
-0.398718
-0.432
-0.472306
-0.51758
-0.568325
-0.628596
-0.711467
-0.843221
-1.06887
-1.44836
-1.96014
-2.16889
-2.13452
-0.21532
1.11359
1.30561
1.31571
1.23766
1.2476
1.10345
1.0116
0.906544
0.776971
0.628799
0.469907
0.313476
0.158809
-0.00479597
-0.265815
-0.282418
-0.300202
-0.319212
-0.342327
-0.367628
-0.397487
-0.431693
-0.472195
-0.518353
-0.570987
-0.635419
-0.723622
-0.858482
-1.0761
-1.42211
-1.89309
-2.45416
-1.83289
-0.220204
0.891942
1.12526
1.17402
1.12188
1.00548
0.979353
0.929936
0.847244
0.733377
0.596667
0.445424
0.293802
0.138577
-0.0251826
-0.269945
-0.285061
-0.301997
-0.320072
-0.341722
-0.366441
-0.39568
-0.429084
-0.468492
-0.513528
-0.565138
-0.628417
-0.714108
-0.841568
-1.03806
-1.33285
-1.67741
-1.896
-1.57473
-0.225096
0.727684
1.00777
1.09153
1.07889
1.05463
0.985157
0.901949
0.809403
0.696866
0.566296
0.420919
0.273395
0.118201
-0.0456076
-0.2654
-0.281739
-0.299363
-0.318124
-0.340173
-0.365076
-0.394499
-0.428267
-0.467671
-0.512448
-0.56502
-0.630099
-0.717365
-0.843425
-1.02983
-1.29208
-1.59833
-1.76313
-1.36866
-0.227627
0.58393
0.876622
0.980938
0.984412
0.934459
0.899363
0.849838
0.767643
0.66122
0.536675
0.397017
0.253893
0.0995726
-0.0627444
-0.263459
-0.279766
-0.297443
-0.316313
-0.338453
-0.363289
-0.392289
-0.425388
-0.463708
-0.507533
-0.55891
-0.622255
-0.705819
-0.823171
-0.989013
-1.2092
-1.43109
-1.54324
-1.19344
-0.228799
0.475947
0.780368
0.903189
0.932373
0.921833
0.87158
0.806866
0.727983
0.626693
0.507773
0.37338
0.234517
0.0817144
-0.0790162
-0.261125
-0.277572
-0.295383
-0.314352
-0.336533
-0.36131
-0.390121
-0.423108
-0.461206
-0.504922
-0.556356
-0.619709
-0.702
-0.81443
-0.966709
-1.16001
-1.34943
-1.38614
-1.04963
-0.229051
0.382104
0.68235
0.814893
0.854368
0.839799
0.816057
0.763922
0.689625
0.5933
0.479664
0.350217
0.215895
0.0651611
-0.0932523
-0.258832
-0.27535
-0.293262
-0.312275
-0.334427
-0.359087
-0.387563
-0.420052
-0.45731
-0.500064
-0.550214
-0.611495
-0.68974
-0.79374
-0.92821
-1.08848
-1.2184
-1.23736
-0.928302
-0.227082
0.310014
0.604923
0.745675
0.799723
0.805431
0.771922
0.722612
0.652521
0.561011
0.452369
0.327455
0.197962
0.0496883
-0.106279
-0.256578
-0.273113
-0.291067
-0.310082
-0.332145
-0.356642
-0.384755
-0.416766
-0.453391
-0.495394
-0.544667
-0.60451
-0.679591
-0.776815
-0.897724
-1.03542
-1.14212
-1.1173
-0.826886
-0.224867
0.248221
0.530797
0.674729
0.735651
0.744283
0.726931
0.68248
0.616704
0.529809
0.425943
0.305886
0.180126
0.0353365
-0.117738
-0.254342
-0.27085
-0.288794
-0.307772
-0.329698
-0.353988
-0.381698
-0.41316
-0.449047
-0.490058
-0.537976
-0.595537
-0.666416
-0.755735
-0.861893
-0.97544
-1.03602
-1.00925
-0.740354
-0.221088
0.199099
0.468883
0.614584
0.682739
0.701722
0.683885
0.643893
0.58211
0.49969
0.400406
0.285105
0.162875
0.0219976
-0.12797
-0.252108
-0.268554
-0.286444
-0.305349
-0.327093
-0.351133
-0.378402
-0.409266
-0.444368
-0.484291
-0.530743
-0.585999
-0.652837
-0.734908
-0.82863
-0.923783
-0.972372
-0.918093
-0.667895
-0.217116
0.157655
0.412243
0.557004
0.629236
0.652331
0.64229
0.606611
0.548761
0.470646
0.375771
0.265095
0.146316
0.00964249
-0.136914
-0.249862
-0.266218
-0.284013
-0.302814
-0.324337
-0.348085
-0.374879
-0.405095
-0.43935
-0.478129
-0.522947
-0.575702
-0.638297
-0.713023
-0.794816
-0.872884
-0.880882
-0.837758
-0.60573
-0.212411
0.123621
0.363014
0.505716
0.580998
0.609261
0.602431
0.570688
0.516645
0.442671
0.352049
0.245851
0.130508
-0.00177534
-0.144682
-0.247594
-0.263836
-0.281501
-0.300172
-0.321439
-0.344853
-0.371141
-0.400667
-0.434008
-0.471602
-0.514667
-0.564796
-0.623136
-0.690909
-0.762075
-0.827083
-0.86552
-0.769624
-0.552808
-0.207522
0.0950514
0.319038
0.458343
0.535193
0.566978
0.564224
0.536145
0.48576
0.41576
0.329247
0.227368
0.11549
-0.0123069
-0.151318
-0.245297
-0.261406
-0.278909
-0.297423
-0.318403
-0.341446
-0.367202
-0.396001
-0.428383
-0.464727
-0.505962
-0.553389
-0.607512
-0.668621
-0.730011
-0.782255
-0.796351
-0.708145
-0.507048
-0.202366
0.0711238
0.280145
0.415262
0.492671
0.527198
0.527699
0.503001
0.456099
0.389907
0.307371
0.209626
0.101283
-0.0220067
-0.156876
-0.242965
-0.258924
-0.276239
-0.29457
-0.315236
-0.337876
-0.363072
-0.391115
-0.422491
-0.457544
-0.49689
-0.541581
-0.591569
-0.646368
-0.698834
-0.739758
-0.740526
-0.653461
-0.467388
-0.197187
0.0508679
0.245535
0.37586
0.452999
0.489514
0.492912
0.47126
0.427655
0.365101
0.286427
0.192595
0.0879011
-0.0309268
-0.161412
-0.240596
-0.256388
-0.273491
-0.291617
-0.311944
-0.334151
-0.358764
-0.386029
-0.41636
-0.450087
-0.48751
-0.529461
-0.575428
-0.624303
-0.668624
-0.699662
-0.689966
-0.604771
-0.432732
-0.19189
0.0337386
0.214789
0.339883
0.416066
0.453899
0.459839
0.440915
0.400414
0.341329
0.266428
0.176247
0.0753397
-0.0390962
-0.165003
-0.238188
-0.253796
-0.270667
-0.288568
-0.308533
-0.330283
-0.354289
-0.380756
-0.410019
-0.442362
-0.477901
-0.517114
-0.559194
-0.602557
-0.639597
-0.661866
-0.644696
-0.561422
-0.402335
-0.186644
0.0191177
0.187401
0.307002
0.38171
0.420357
0.428385
0.411951
0.374361
0.318572
0.247168
0.160785
0.0635754
-0.0465279
-0.167745
-0.235737
-0.251147
-0.267769
-0.285425
-0.305008
-0.326281
-0.349662
-0.375311
-0.403497
-0.434408
-0.468098
-0.504625
-0.542933
-0.581238
-0.611808
-0.62637
-0.603966
-0.522696
-0.375518
-0.18147
0.00660899
0.162966
0.276938
0.349773
0.388802
0.398523
0.384343
0.349479
0.296818
0.228742
0.146109
0.052572
-0.0532442
-0.169723
-0.233242
-0.248441
-0.264799
-0.282193
-0.301376
-0.322155
-0.344894
-0.369713
-0.396815
-0.426292
-0.458111
-0.492038
-0.526821
-0.560363
-0.585174
-0.593197
-0.566469
-0.487991
-0.351758
-0.176429
-0.00415366
0.141123
0.249433
0.320099
0.359148
0.370219
0.358067
0.325747
0.276054
0.21116
0.132187
0.0423001
-0.0592778
-0.171009
-0.230704
-0.245678
-0.261759
-0.278874
-0.297644
-0.317914
-0.339998
-0.363977
-0.389991
-0.418048
-0.448004
-0.479407
-0.510919
-0.539985
-0.559705
-0.562248
-0.532364
-0.456811
-0.330606
-0.171554
-0.0134455
0.121558
0.224252
0.29254
0.331303
0.343431
0.333092
0.303143
0.256266
0.194411
0.118997
0.0327304
-0.0646663
-0.171675
-0.22812
-0.242859
-0.258653
-0.275472
-0.293816
-0.313567
-0.334985
-0.358119
-0.383047
-0.4097
-0.437832
-0.466823
-0.495192
-0.520198
-0.535405
-0.533402
-0.501313
-0.428723
-0.311693
-0.166865
-0.0215017
0.104006
0.201185
0.266952
0.30518
0.318111
0.309384
0.281641
0.237442
0.178477
0.106522
0.023833
-0.069446
-0.171784
-0.225491
-0.239987
-0.255485
-0.27199
-0.2899
-0.309122
-0.32987
-0.352155
-0.376003
-0.401273
-0.427627
-0.454309
-0.47972
-0.50103
-0.512264
-0.506524
-0.472962
-0.40335
-0.294713
-0.162377
-0.0285087
0.0882275
0.180041
0.243201
0.280714
0.294208
0.286907
0.261213
0.219569
0.16333
0.0947447
0.0155797
-0.0736545
-0.171393
-0.222818
-0.237061
-0.252257
-0.268433
-0.285902
-0.304588
-0.324661
-0.3461
-0.368878
-0.392791
-0.417418
-0.441899
-0.464548
-0.482504
-0.490258
-0.481478
-0.447013
-0.380367
-0.279405
-0.158096
-0.0346227
0.0740107
0.160661
0.221161
0.25782
0.271667
0.265621
0.241827
0.202534
0.149038
0.0836496
0.00794201
-0.0773298
-0.170558
-0.220101
-0.234084
-0.248973
-0.264804
-0.281828
-0.299974
-0.319371
-0.339968
-0.36169
-0.384279
-0.407236
-0.429627
-0.449707
-0.464632
-0.469356
-0.458127
-0.423209
-0.35949
-0.265552
-0.154023
-0.0399699
0.0611846
0.142883
0.200711
0.236363
0.250432
0.245489
0.223455
0.186351
0.135536
0.0732178
0.000891193
-0.0805082
-0.169328
-0.21734
-0.231057
-0.245634
-0.26111
-0.277684
-0.295287
-0.314009
-0.333773
-0.354457
-0.375756
-0.397109
-0.41752
-0.43522
-0.44742
-0.449521
-0.43634
-0.401322
-0.340471
-0.252967
-0.150156
-0.0446555
0.0495935
0.126568
0.181738
0.216284
0.230444
0.226467
0.20607
0.171003
0.122788
0.0634283
-0.00560135
-0.0832251
-0.16775
-0.214537
-0.227983
-0.242242
-0.257356
-0.273477
-0.290535
-0.308587
-0.327527
-0.347195
-0.367243
-0.387059
-0.405603
-0.421105
-0.430865
-0.430708
-0.415995
-0.381153
-0.323098
-0.241492
-0.146485
-0.0487677
0.0391073
0.111582
0.164143
0.19751
0.21165
0.208515
0.189646
0.156459
0.110765
0.0542584
-0.0115633
-0.0855141
-0.165866
-0.211694
-0.224863
-0.238801
-0.253546
-0.269213
-0.285728
-0.303113
-0.321243
-0.339919
-0.358757
-0.377106
-0.393895
-0.407375
-0.414959
-0.412872
-0.396976
-0.36253
-0.307184
-0.230992
-0.143003
-0.052378
0.0296107
0.0977786
0.147862
0.179966
0.193992
0.191589
0.174076
0.142768
0.099442
0.0456848
-0.017022
-0.0874072
-0.163716
-0.20881
-0.2217
-0.235314
-0.249685
-0.264897
-0.280871
-0.297597
-0.314932
-0.332642
-0.350315
-0.367266
-0.382412
-0.394038
-0.399691
-0.395965
-0.379176
-0.345298
-0.292574
-0.22135
-0.139698
-0.055547
0.0210041
0.0851137
0.132744
0.163581
0.177418
0.175649
0.159367
0.129862
0.0887928
0.0376835
-0.0220044
-0.0889354
-0.161334
-0.205889
-0.218495
-0.231782
-0.245778
-0.260536
-0.275972
-0.292049
-0.308604
-0.325377
-0.341929
-0.357555
-0.371166
-0.3811
-0.385043
-0.379936
-0.362499
-0.329319
-0.279114
-0.212466
-0.136558
-0.0583254
0.0131978
0.073486
0.118711
0.148287
0.161874
0.160658
0.145485
0.117707
0.0787917
0.0302306
-0.0265367
-0.0901277
-0.158753
-0.202931
-0.215252
-0.22821
-0.241829
-0.256134
-0.271037
-0.286475
-0.302269
-0.318135
-0.333614
-0.347985
-0.360168
-0.36856
-0.370999
-0.364734
-0.346853
-0.314471
-0.266679
-0.204252
-0.133569
-0.0607556
0.00611395
0.0628055
0.10569
0.134022
0.147307
0.14655
0.132427
0.10627
0.0694131
0.0233021
-0.0306446
-0.0910112
-0.156003
-0.199938
-0.211971
-0.2246
-0.237842
-0.251698
-0.266074
-0.280885
-0.295938
-0.310926
-0.325379
-0.338566
-0.349423
-0.356417
-0.357536
-0.350311
-0.332158
-0.300647
-0.255165
-0.196635
-0.13072
-0.0628739
-0.000316
0.0529928
0.0936266
0.120708
0.133679
0.133287
0.120153
0.0955233
0.0606314
0.0168742
-0.0343523
-0.0916115
-0.15311
-0.196912
-0.208657
-0.220956
-0.233821
-0.247232
-0.261088
-0.275285
-0.289617
-0.303761
-0.317234
-0.329307
-0.338937
-0.344668
-0.344634
-0.336619
-0.318336
-0.28775
-0.244478
-0.189548
-0.127997
-0.0647121
-0.00615217
0.0439788
0.0824769
0.108309
0.120919
0.120841
0.108627
0.085438
0.0524216
0.0109234
-0.0376835
-0.0919526
-0.150098
-0.193854
-0.205311
-0.21728
-0.22977
-0.24274
-0.256086
-0.269682
-0.283314
-0.296646
-0.309187
-0.320214
-0.328712
-0.333304
-0.332269
-0.323614
-0.30532
-0.275692
-0.234531
-0.182934
-0.125387
-0.0662975
-0.0114472
0.0356981
0.0721434
0.0967651
0.108984
0.109173
0.0978164
0.075986
0.0447586
0.00542669
-0.040661
-0.0920568
-0.146989
-0.190767
-0.201935
-0.213577
-0.225693
-0.238229
-0.251072
-0.264083
-0.277037
-0.28959
-0.301246
-0.311293
-0.318749
-0.322318
-0.320417
-0.311252
-0.293048
-0.264398
-0.22525
-0.176743
-0.12288
-0.0676541
-0.0162502
0.0280903
0.0625741
0.0860243
0.0978318
0.0982458
0.0876881
0.0671396
0.0376179
0.000361746
-0.0433064
-0.0919452
-0.143802
-0.187651
-0.198532
-0.209848
-0.221594
-0.233701
-0.246051
-0.258492
-0.270792
-0.282598
-0.293416
-0.302547
-0.309047
-0.3117
-0.309054
-0.299493
-0.281461
-0.253798
-0.216568
-0.170929
-0.120463
-0.0688022
-0.0206011
0.0211211
0.0537219
0.0760379
0.0874232
0.0880231
0.0782085
0.0588716
0.0309752
-0.00429346
-0.0456406
-0.0916372
-0.140554
-0.18451
-0.195104
-0.206096
-0.217475
-0.229161
-0.241028
-0.252916
-0.264584
-0.275677
-0.285702
-0.293978
-0.299603
-0.30144
-0.298156
-0.288298
-0.270507
-0.243832
-0.208427
-0.165454
-0.118125
-0.0697571
-0.0245332
0.0147286
0.0455395
0.0667599
0.0777172
0.0784732
0.0693482
0.0511557
0.0248074
-0.00856014
-0.0476833
-0.0911508
-0.137262
-0.181344
-0.191653
-0.202324
-0.213341
-0.224612
-0.236009
-0.247359
-0.258419
-0.26883
-0.278107
-0.285588
-0.290414
-0.291525
-0.2877
-0.277632
-0.260138
-0.234444
-0.200776
-0.160283
-0.115856
-0.0705258
-0.0280686
0.00887047
0.0379826
0.0581477
0.0686757
0.0695604
0.0610771
0.0439661
0.0190915
-0.0124587
-0.0494533
-0.090503
-0.13394
-0.178155
-0.188181
-0.198535
-0.209195
-0.220059
-0.230996
-0.241825
-0.2523
-0.262063
-0.270635
-0.277378
-0.281476
-0.281943
-0.277663
-0.26746
-0.250308
-0.225585
-0.193568
-0.155385
-0.113648
-0.0711336
-0.0312572
0.00350436
0.0310099
0.0501611
0.0602623
0.0612522
0.0533663
0.0372776
0.0138055
-0.0160091
-0.0509685
-0.0897093
-0.130598
-0.174945
-0.18469
-0.194731
-0.205038
-0.215505
-0.225993
-0.236319
-0.246231
-0.255377
-0.263287
-0.269346
-0.272782
-0.272683
-0.268022
-0.25775
-0.240977
-0.217208
-0.186761
-0.150734
-0.111494
-0.0715926
-0.0341238
-0.00140304
0.024583
0.0427623
0.0524423
0.0535175
0.0461882
0.031066
0.00892792
-0.0192303
-0.0522459
-0.0887842
-0.12725
-0.171716
-0.181183
-0.190914
-0.200875
-0.210953
-0.221004
-0.230843
-0.240217
-0.248777
-0.256064
-0.261491
-0.264328
-0.26373
-0.258757
-0.248473
-0.232107
-0.209273
-0.180317
-0.146304
-0.109386
-0.0719123
-0.0366902
-0.00588293
0.0186664
0.035916
0.0451825
0.0463263
0.0395158
0.0253077
0.00443808
-0.0221408
-0.0533016
-0.0877409
-0.123904
-0.168469
-0.177662
-0.187088
-0.196708
-0.206406
-0.216033
-0.225403
-0.234261
-0.242264
-0.248968
-0.253811
-0.256107
-0.255072
-0.249848
-0.2396
-0.223663
-0.201743
-0.174204
-0.142075
-0.107318
-0.0721026
-0.0389771
-0.00996467
0.0132268
0.0295886
0.0384513
0.03965
0.0333234
0.0199796
0.000315518
-0.0247582
-0.0541508
-0.0865918
-0.12057
-0.165204
-0.174125
-0.183252
-0.192537
-0.201864
-0.21108
-0.219996
-0.228361
-0.235839
-0.241997
-0.246302
-0.24811
-0.246695
-0.241275
-0.231106
-0.215615
-0.194584
-0.168391
-0.138025
-0.105283
-0.0721691
-0.0410033
-0.0136753
0.0082331
0.0237486
0.0322185
0.0334601
0.0275873
0.015061
-0.0034578
-0.0270986
-0.0548073
-0.0853483
-0.117254
-0.161916
-0.170566
-0.1794
-0.188357
-0.197321
-0.206139
-0.21462
-0.222516
-0.229496
-0.235146
-0.238958
-0.240328
-0.238587
-0.23302
-0.222966
-0.207935
-0.18777
-0.162856
-0.134142
-0.10328
-0.0721246
-0.0427935
-0.0170435
0.00365596
0.0183681
0.0264599
0.0277324
0.0222837
0.0105312
-0.00689825
-0.0291738
-0.0552793
-0.0840147
-0.113957
-0.15227
-0.160138
-0.168127
-0.17614
-0.184069
-0.191753
-0.199005
-0.205583
-0.211184
-0.21544
-0.21792
-0.218138
-0.215568
-0.209688
-0.200053
-0.186384
-0.168676
-0.147321
-0.123148
-0.0974286
-0.0716183
-0.0473214
-0.0259245
-0.00859782
0.00384475
0.0108431
0.012157
0.00784918
-0.00175738
-0.0161398
-0.034582
-0.0561816
-0.0798449
-0.104286
-0.136181
-0.142838
-0.149637
-0.156248
-0.162687
-0.168796
-0.174398
-0.179282
-0.183197
-0.185854
-0.18693
-0.186074
-0.182933
-0.177185
-0.168593
-0.157067
-0.142723
-0.125934
-0.107304
-0.0877142
-0.0681914
-0.049841
-0.0336576
-0.0204757
-0.0109333
-0.00547526
-0.00429297
-0.00735836
-0.0144235
-0.0250596
-0.0386758
-0.0545373
-0.0717789
-0.0894148
-0.119998
-0.125586
-0.131197
-0.136614
-0.141788
-0.146588
-0.150866
-0.154445
-0.157128
-0.158693
-0.158903
-0.157512
-0.154287
-0.14904
-0.141655
-0.132133
-0.120625
-0.107455
-0.0930987
-0.0781723
-0.063397
-0.0495317
-0.0372796
-0.0272347
-0.0198786
-0.0155493
-0.0144109
-0.0164524
-0.0214959
-0.0292103
-0.0391213
-0.0506279
-0.0630307
-0.075555
-0.103838
-0.108452
-0.113023
-0.117394
-0.121498
-0.125225
-0.128453
-0.131041
-0.132837
-0.133675
-0.133381
-0.131788
-0.128751
-0.124163
-0.117981
-0.11025
-0.101119
-0.0908439
-0.0797825
-0.0683891
-0.0571804
-0.0466905
-0.0374158
-0.0297843
-0.0241532
-0.0207661
-0.0197419
-0.021075
-0.0246248
-0.0301312
-0.0372198
-0.0454266
-0.0542418
-0.0630326
-0.0877451
-0.0914782
-0.0951335
-0.0985953
-0.101795
-0.104645
-0.107045
-0.10889
-0.110061
-0.110437
-0.109896
-0.108325
-0.105636
-0.101774
-0.0967334
-0.0905748
-0.0834279
-0.0754919
-0.0670376
-0.0583957
-0.0499351
-0.0420317
-0.0350369
-0.0292587
-0.0249561
-0.0223086
-0.0213968
-0.0222116
-0.024651
-0.0285083
-0.0335022
-0.0392799
-0.0454232
-0.0514742
-0.0717538
-0.0746895
-0.0775355
-0.0802054
-0.0826393
-0.0847682
-0.0865163
-0.0878022
-0.08854
-0.0886413
-0.0880226
-0.0866116
-0.0843554
-0.0812295
-0.077247
-0.0724656
-0.0669907
-0.0609758
-0.0546217
-0.0481671
-0.0418736
-0.0360047
-0.0308067
-0.0264993
-0.0232656
-0.0212307
-0.0204537
-0.0209164
-0.0225416
-0.0251754
-0.028609
-0.032592
-0.0367914
-0.040868
-0.0558749
-0.0580837
-0.0602068
-0.0621812
-0.0639593
-0.0654895
-0.0667164
-0.0675811
-0.0680221
-0.0679784
-0.0673948
-0.0662262
-0.0644431
-0.0620373
-0.059027
-0.055461
-0.0514201
-0.0470175
-0.0423974
-0.0377272
-0.0331878
-0.0289598
-0.0252123
-0.0220979
-0.0197417
-0.0182291
-0.0175991
-0.0178383
-0.0188803
-0.0206238
-0.0229179
-0.0255651
-0.0283402
-0.0309985
-0.0401028
-0.0416407
-0.0431076
-0.0444609
-0.0456662
-0.0466882
-0.0474891
-0.0480294
-0.0482682
-0.0481664
-0.0476895
-0.0468112
-0.0455163
-0.0438047
-0.0416932
-0.0392181
-0.036436
-0.0334247
-0.0302808
-0.0271151
-0.0240454
-0.0211893
-0.0186564
-0.0165461
-0.0149392
-0.0138899
-0.0134226
-0.0135283
-0.0141592
-0.015247
-0.0166887
-0.0183486
-0.0200791
-0.0217163
-0.0244254
-0.0253332
-0.026192
-0.0269769
-0.0276671
-0.0282424
-0.0286807
-0.0289598
-0.0290566
-0.0289498
-0.0286213
-0.028058
-0.027254
-0.0262118
-0.024944
-0.0234728
-0.0218309
-0.0200634
-0.0182257
-0.0163809
-0.0145957
-0.0129361
-0.0114642
-0.0102358
-0.0092959
-0.0086743
-0.0083838
-0.00841899
-0.00875636
-0.00935353
-0.0101445
-0.0110555
-0.0119985
-0.0128787
-0.00878624
-0.00908598
-0.00936276
-0.00960854
-0.00981652
-0.00998031
-0.0100933
-0.0101487
-0.0101399
-0.0100613
-0.00990804
-0.00967742
-0.00936889
-0.00898473
-0.00853021
-0.00801351
-0.00744573
-0.00684152
-0.00621885
-0.0055979
-0.00499979
-0.00444523
-0.00395354
-0.00354218
-0.00322504
-0.00301116
-0.00290415
-0.00290245
-0.00300035
-0.0031828
-0.00342644
-0.00370471
-0.00398947
-0.00425069
-20.2545
-16.1364
-13.1408
-11.8737
-11.6401
-11.9682
-13.3199
-16.3585
-16.3959
-9.54369
2.08251
5.79974
5.90727
4.96603
3.96473
3.13088
2.50774
2.05159
1.71522
1.46232
1.26755
1.1138
0.989618
0.887223
0.801283
0.728046
0.664825
0.609645
0.561024
0.517829
0.479185
0.444397
0.412919
0.384305
0.358188
0.334269
0.312281
0.29202
0.273302
0.255971
0.239897
0.224963
0.211068
0.198123
0.186045
0.174759
0.164202
0.154329
0.145087
0.136436
0.128344
0.120764
0.113667
0.107018
0.100756
0.0948705
0.0893277
0.0840976
0.0791781
0.0745534
0.0702077
0.066124
0.0622848
0.0586727
0.0552717
0.0520678
0.0490477
0.0461986
0.0435074
0.0409608
0.0385429
0.0362661
0.0341184
0.0320939
0.0301867
0.0283899
0.026695
0.0250931
0.0235756
0.0221349
0.0207618
0.0194516
0.0182004
0.0170043
0.0158591
0.0147604
0.0137034
0.0126898
0.011715
0.0107756
0.00986824
0.00898574
0.00812426
0.00728063
0.00645552
0.00564544
0.00484723
0.00405711
0.00327179
0.00248843
0.00170459
0.000916049
0.000120147
-0.000686004
-0.00150537
-0.00234104
-0.00319628
-0.00407277
-0.0049739
-0.00590374
-0.00686588
-0.00786381
-0.00890124
-0.00998178
-0.0111082
-0.0122797
-0.0135148
-0.0148119
-0.0161749
-0.0176085
-0.0191179
-0.0207091
-0.0223883
-0.0241617
-0.0260361
-0.0280182
-0.0301157
-0.0323364
-0.0346887
-0.0371895
-0.0398398
-0.0426693
-0.0456761
-0.0488683
-0.0522662
-0.0558844
-0.0597271
-0.0638244
-0.0681814
-0.0728219
-0.0777621
-0.0830342
-0.0886622
-0.0946752
-0.101103
-0.107982
-0.115355
-0.123266
-0.131768
-0.140917
-0.150777
-0.161427
-0.172959
-0.185478
-0.199116
-0.214027
-0.230404
-0.248476
-0.26852
-0.290858
-0.315839
-0.343807
-0.374953
-0.408963
-0.444199
-0.476577
-0.498823
-0.484467
-0.490665
-0.127435
-0.238605
1.29952
0.833601
6.15528
4.33864
18.9546
13.9525
45.2542
36.5353
80.8321
72.5412
87.5101
-20.2555
-16.1372
-13.1414
-11.8743
-11.6409
-11.9696
-13.3207
-16.3595
-16.3974
-9.54472
2.0822
5.79952
5.90596
4.96519
3.9639
3.13004
2.50691
2.05075
1.71437
1.46146
1.26668
1.11293
0.988736
0.886335
0.800387
0.727145
0.663919
0.608733
0.560109
0.516911
0.478262
0.443471
0.411989
0.383372
0.357251
0.333329
0.311337
0.291073
0.272352
0.255019
0.238943
0.224007
0.21011
0.197164
0.185085
0.173798
0.163241
0.153367
0.144125
0.135473
0.127382
0.119801
0.112704
0.106055
0.0997928
0.0939073
0.0883645
0.0831344
0.078215
0.0735903
0.0692446
0.0651609
0.0613217
0.0577095
0.0543085
0.0511045
0.0480844
0.0452352
0.042544
0.0399975
0.0375796
0.0353028
0.0331552
0.0311306
0.0292234
0.0274266
0.0257318
0.0241298
0.0226123
0.0211716
0.0197985
0.0184883
0.0172371
0.016041
0.0148958
0.0137971
0.0127401
0.0117265
0.0107517
0.00981233
0.00890495
0.00802245
0.00716097
0.00631734
0.00549224
0.00468215
0.00388395
0.00309383
0.0023085
0.00152514
0.000741297
-4.72443e-05
-0.000843147
-0.0016493
-0.00246867
-0.00330434
-0.00415959
-0.00503607
-0.00593721
-0.00686706
-0.0078292
-0.00882714
-0.00986458
-0.0109451
-0.0120716
-0.0132431
-0.0144782
-0.0157753
-0.0171383
-0.0185719
-0.0200814
-0.0216726
-0.0233518
-0.0251254
-0.0269998
-0.028982
-0.0310796
-0.0333003
-0.0356526
-0.0381533
-0.0408035
-0.0436329
-0.0466396
-0.0498316
-0.0532293
-0.056847
-0.0606895
-0.0647864
-0.069143
-0.0737831
-0.0787231
-0.0839947
-0.0896222
-0.0956343
-0.102061
-0.108939
-0.11631
-0.12422
-0.132719
-0.141866
-0.151725
-0.162373
-0.173903
-0.186419
-0.200056
-0.214964
-0.231339
-0.249409
-0.269449
-0.291784
-0.316762
-0.344727
-0.375871
-0.409883
-0.445125
-0.477522
-0.499821
-0.485503
-0.491528
-0.128246
-0.239408
1.29867
0.832778
6.15438
4.33773
18.9536
13.9515
45.2533
36.5343
80.8317
72.542
87.512
-20.2553
-16.1365
-13.1407
-11.8737
-11.6403
-11.9676
-13.32
-16.3593
-16.3975
-9.54487
2.08316
5.80058
5.90794
4.96588
3.96444
3.13056
2.50745
2.05132
1.71496
1.46208
1.26732
1.11359
0.98941
0.887023
0.801088
0.727857
0.664641
0.609467
0.56085
0.517659
0.47902
0.444235
0.412761
0.384151
0.358037
0.334121
0.312137
0.291879
0.273164
0.255836
0.239765
0.224833
0.210939
0.197995
0.185918
0.174633
0.164077
0.154204
0.144963
0.136311
0.128221
0.120641
0.113544
0.106895
0.100633
0.0947471
0.0892043
0.0839742
0.0790548
0.0744302
0.0700844
0.0660008
0.0621616
0.0585494
0.0551484
0.0519444
0.0489243
0.0460752
0.043384
0.0408374
0.0384196
0.0361428
0.0339951
0.0319706
0.0300634
0.0282666
0.0265718
0.0249698
0.0234523
0.0220116
0.0206385
0.0193284
0.0180771
0.016881
0.0157358
0.0146371
0.0135802
0.0125665
0.0115917
0.0106524
0.00974497
0.00886248
0.008001
0.00715737
0.00633226
0.00552217
0.00472397
0.00393385
0.00314852
0.00236516
0.00158132
0.000792776
-3.12711e-06
-0.000809281
-0.00162865
-0.00246432
-0.00331957
-0.00419606
-0.0050972
-0.00602705
-0.0069892
-0.00798714
-0.00902458
-0.0101051
-0.0112316
-0.0124031
-0.0136382
-0.0149353
-0.0162983
-0.0177319
-0.0192414
-0.0208327
-0.0225119
-0.0242854
-0.0261598
-0.028142
-0.0302396
-0.0324603
-0.0348126
-0.0373133
-0.0399635
-0.0427929
-0.0457997
-0.048992
-0.05239
-0.0560082
-0.0598513
-0.0639487
-0.0683059
-0.0729468
-0.0778875
-0.0831601
-0.0887889
-0.0948029
-0.101232
-0.108113
-0.115487
-0.1234
-0.131903
-0.141054
-0.150916
-0.161568
-0.173101
-0.185623
-0.199262
-0.214176
-0.230555
-0.24863
-0.268677
-0.291017
-0.316
-0.343972
-0.375119
-0.409129
-0.444361
-0.476722
-0.498921
-0.484545
-0.490903
-0.127803
-0.238899
1.29899
0.833076
6.15454
4.33775
18.9535
13.9511
45.2535
36.5339
80.8338
72.5452
87.5175
-20.2562
-16.1371
-13.1406
-11.8737
-11.6405
-11.9698
-13.3204
-16.3604
-16.3996
-9.54594
2.08406
5.80165
5.90611
4.96538
3.96393
3.13004
2.50692
2.05078
1.71441
1.4615
1.26672
1.11297
0.988778
0.886374
0.800423
0.727177
0.663948
0.60876
0.560133
0.516932
0.478279
0.443485
0.412
0.38338
0.357255
0.33333
0.311335
0.291068
0.272344
0.255008
0.238929
0.223991
0.210093
0.197145
0.185066
0.173778
0.163221
0.153346
0.144103
0.135451
0.12736
0.119779
0.112682
0.106032
0.0997704
0.0938849
0.0883422
0.0831121
0.0781927
0.073568
0.0692222
0.0651386
0.0612993
0.0576872
0.0542861
0.0510821
0.048062
0.0452129
0.0425217
0.0399752
0.0375573
0.0352805
0.0331328
0.0311083
0.0292011
0.0274043
0.0257095
0.0241075
0.02259
0.0211493
0.0197762
0.018466
0.0172148
0.0160187
0.0148735
0.0137748
0.0127178
0.0117042
0.0107294
0.00979002
0.00888264
0.00800014
0.00713866
0.00629504
0.00546993
0.00465985
0.00386165
0.00307153
0.0022862
0.00150284
0.000719006
-6.9533e-05
-0.000865433
-0.00167158
-0.00249095
-0.00332662
-0.00418187
-0.00505835
-0.00595949
-0.00688933
-0.00785147
-0.0088494
-0.00988684
-0.0109674
-0.0120938
-0.0132653
-0.0145005
-0.0157976
-0.0171605
-0.0185942
-0.0201036
-0.0216948
-0.0233741
-0.0251476
-0.027022
-0.0290042
-0.0311018
-0.0333225
-0.0356748
-0.0381755
-0.0408257
-0.0436551
-0.0466617
-0.0498535
-0.0532511
-0.0568686
-0.0607108
-0.0648073
-0.0691635
-0.0738034
-0.0787429
-0.0840141
-0.0896408
-0.095652
-0.102077
-0.108954
-0.116323
-0.124231
-0.132729
-0.141874
-0.151731
-0.162377
-0.173905
-0.186419
-0.200054
-0.214959
-0.231332
-0.249399
-0.269436
-0.291769
-0.316745
-0.344708
-0.375851
-0.409863
-0.445112
-0.477531
-0.499893
-0.485624
-0.491501
-0.128276
-0.239392
1.29845
0.832543
6.15379
4.33693
18.9525
13.9497
45.2528
36.5327
80.8349
72.5494
87.5252
-20.2565
-16.1364
-13.1398
-11.873
-11.64
-11.9668
-13.3198
-16.3606
-16.4011
-9.54696
2.08549
5.80335
5.90912
4.96595
3.96425
3.13035
2.50726
2.05116
1.71484
1.46197
1.26723
1.11351
0.989345
0.886966
0.801038
0.727812
0.664602
0.609431
0.560818
0.517631
0.478994
0.444212
0.412741
0.384135
0.358024
0.334112
0.312131
0.291876
0.273165
0.25584
0.239771
0.224841
0.21095
0.198007
0.185931
0.174646
0.164091
0.154218
0.144978
0.136327
0.128237
0.120657
0.11356
0.106911
0.100649
0.0947636
0.0892209
0.0839908
0.0790714
0.0744467
0.070101
0.0660174
0.0621782
0.058566
0.055165
0.051961
0.0489409
0.0460918
0.0434006
0.0408541
0.0384363
0.0361595
0.0340118
0.0319873
0.0300802
0.0282834
0.0265885
0.0249866
0.023469
0.0220283
0.0206553
0.0193451
0.0180939
0.0168978
0.0157526
0.0146539
0.0135969
0.0125833
0.0116085
0.0106691
0.00976176
0.00887927
0.00801779
0.00717416
0.00634906
0.00553897
0.00474077
0.00395065
0.00316532
0.00238196
0.00159812
0.000809582
1.36793e-05
-0.000792474
-0.00161184
-0.00244751
-0.00330276
-0.00417925
-0.00508039
-0.00601024
-0.00697238
-0.00797032
-0.00900776
-0.0100883
-0.0112148
-0.0123862
-0.0136214
-0.0149185
-0.0162815
-0.0177151
-0.0192246
-0.0208158
-0.022495
-0.0242686
-0.0261429
-0.0281252
-0.0302227
-0.0324435
-0.0347958
-0.0372964
-0.0399466
-0.0427761
-0.045783
-0.0489753
-0.0523736
-0.055992
-0.0598353
-0.063933
-0.0682906
-0.0729318
-0.0778729
-0.083146
-0.0887755
-0.0947904
-0.101221
-0.108103
-0.115479
-0.123393
-0.131899
-0.141051
-0.150914
-0.161569
-0.173104
-0.185627
-0.199268
-0.214185
-0.230565
-0.248641
-0.26869
-0.291033
-0.316018
-0.343991
-0.37514
-0.409151
-0.444383
-0.476737
-0.498876
-0.484508
-0.490998
-0.128093
-0.239123
1.29844
0.832472
6.15343
4.33636
18.9518
13.9484
45.2525
36.5314
80.8379
72.5554
87.5357
-20.2575
-16.1368
-13.1392
-11.8727
-11.64
-11.9692
-13.3199
-16.362
-16.4038
-9.5484
2.08717
5.8053
5.90685
4.96567
3.96388
3.12995
2.50686
2.05075
1.7144
1.46152
1.26674
1.113
0.988806
0.886403
0.800452
0.727205
0.663974
0.608785
0.560155
0.516952
0.478298
0.443502
0.412015
0.383394
0.357267
0.333338
0.31134
0.291071
0.272344
0.255005
0.238923
0.223983
0.210083
0.197134
0.185054
0.173766
0.163207
0.153332
0.144089
0.135436
0.127345
0.119764
0.112666
0.106017
0.0997549
0.0938695
0.0883268
0.0830966
0.0781773
0.0735526
0.0692068
0.0651232
0.061284
0.0576718
0.0542708
0.0510668
0.0480467
0.0451975
0.0425063
0.0399598
0.037542
0.0352652
0.0331175
0.031093
0.0291858
0.027389
0.0256942
0.0240922
0.0225747
0.021134
0.0197609
0.0184507
0.0171995
0.0160034
0.0148582
0.0137595
0.0127026
0.0116889
0.0107141
0.00977475
0.00886738
0.00798489
0.00712341
0.00627979
0.00545468
0.0046446
0.00384641
0.00305629
0.00227097
0.00148761
0.000703776
-8.47602e-05
-0.000880658
-0.00168681
-0.00250617
-0.00334184
-0.00419708
-0.00507356
-0.00597469
-0.00690453
-0.00786666
-0.00886459
-0.00990202
-0.0109826
-0.012109
-0.0132805
-0.0145156
-0.0158127
-0.0171757
-0.0186093
-0.0201188
-0.02171
-0.0233892
-0.0251627
-0.0270371
-0.0290193
-0.0311168
-0.0333376
-0.0356899
-0.0381906
-0.0408407
-0.0436701
-0.0466766
-0.0498683
-0.0532656
-0.0568828
-0.0607248
-0.064821
-0.0691768
-0.0738162
-0.0787553
-0.084026
-0.089652
-0.095662
-0.102086
-0.108961
-0.116329
-0.124235
-0.132731
-0.141874
-0.15173
-0.162373
-0.173899
-0.186412
-0.200045
-0.214949
-0.23132
-0.249385
-0.26942
-0.29175
-0.316723
-0.344685
-0.375826
-0.40984
-0.445095
-0.477532
-0.499963
-0.485764
-0.491519
-0.12846
-0.2395
1.29795
0.831963
6.15257
4.33533
18.9505
13.9465
45.2517
36.5297
80.8406
72.5627
87.5487
-20.2583
-16.1362
-13.1383
-11.8719
-11.6394
-11.966
-13.3194
-16.3627
-16.4066
-9.55005
2.08925
5.80778
5.91042
4.96613
3.96404
3.13009
2.50704
2.05099
1.7147
1.46187
1.26714
1.11344
0.989281
0.886911
0.80099
0.72777
0.664564
0.609397
0.560788
0.517604
0.47897
0.44419
0.412722
0.384117
0.358009
0.334098
0.312121
0.291868
0.27316
0.255838
0.239772
0.224845
0.210956
0.198015
0.18594
0.174656
0.164101
0.154229
0.144989
0.136339
0.128249
0.12067
0.113573
0.106924
0.100662
0.0947767
0.089234
0.0840039
0.0790846
0.0744599
0.0701142
0.0660306
0.0621914
0.0585793
0.0551783
0.0519744
0.0489543
0.0461052
0.043414
0.0408675
0.0384497
0.0361729
0.0340253
0.0320007
0.0300936
0.0282968
0.026602
0.025
0.0234825
0.0220418
0.0206687
0.0193586
0.0181073
0.0169113
0.0157661
0.0146674
0.0136105
0.0125968
0.011622
0.0106827
0.0097753
0.00889281
0.00803133
0.0071877
0.0063626
0.00555251
0.00475431
0.0039642
0.00317887
0.00239551
0.00161168
0.000823139
2.72379e-05
-0.000778913
-0.00159828
-0.00243395
-0.00328919
-0.00416568
-0.00506682
-0.00599667
-0.00695881
-0.00795675
-0.00899418
-0.0100747
-0.0112012
-0.0123727
-0.0136078
-0.0149049
-0.0162679
-0.0177015
-0.019211
-0.0208022
-0.0224814
-0.0242549
-0.0261293
-0.0281116
-0.0302091
-0.0324298
-0.0347821
-0.0372828
-0.0399329
-0.0427624
-0.0457694
-0.048962
-0.0523604
-0.0559791
-0.0598226
-0.0639207
-0.0682786
-0.0729202
-0.0778617
-0.0831353
-0.0887656
-0.0947816
-0.101213
-0.108097
-0.115475
-0.123391
-0.131897
-0.141052
-0.150917
-0.161573
-0.173108
-0.185633
-0.199275
-0.214192
-0.230574
-0.248651
-0.268702
-0.291046
-0.316033
-0.344008
-0.375159
-0.409172
-0.444407
-0.476763
-0.498865
-0.484502
-0.491098
-0.128457
-0.239408
1.29769
0.83163
6.1518
4.33428
18.9491
13.9443
45.2509
36.5276
80.8444
72.5715
87.5644
-20.2596
-16.1366
-13.1374
-11.8714
-11.6394
-11.9681
-13.3193
-16.3643
-16.41
-9.55203
2.09163
5.81055
5.90861
4.96603
3.96376
3.12977
2.50671
2.05065
1.71435
1.46149
1.26674
1.113
0.988818
0.886418
0.800469
0.727223
0.663992
0.608802
0.560172
0.516967
0.478313
0.443515
0.412027
0.383405
0.357278
0.333348
0.311349
0.291078
0.272348
0.255006
0.238922
0.22398
0.210078
0.197127
0.185045
0.173757
0.163198
0.153322
0.144078
0.135425
0.127333
0.119752
0.112654
0.106005
0.0997428
0.0938573
0.0883146
0.0830845
0.0781652
0.0735405
0.0691948
0.0651112
0.061272
0.0576598
0.0542588
0.0510548
0.0480347
0.0451856
0.0424944
0.0399479
0.03753
0.0352532
0.0331056
0.031081
0.0291739
0.0273771
0.0256822
0.0240803
0.0225628
0.0211221
0.019749
0.0184389
0.0171876
0.0159915
0.0148464
0.0137477
0.0126907
0.0116771
0.0107023
0.00976288
0.00885552
0.00797303
0.00711156
0.00626793
0.00544284
0.00463276
0.00383457
0.00304446
0.00225914
0.00147578
0.000691956
-9.65764e-05
-0.00089247
-0.00169861
-0.00251797
-0.00335364
-0.00420887
-0.00508535
-0.00598647
-0.0069163
-0.00787843
-0.00887636
-0.00991378
-0.0109943
-0.0121208
-0.0132922
-0.0145274
-0.0158244
-0.0171874
-0.018621
-0.0201304
-0.0217217
-0.0234009
-0.0251744
-0.0270487
-0.029031
-0.0311285
-0.0333492
-0.0357015
-0.0382022
-0.0408523
-0.0436816
-0.046688
-0.0498795
-0.0532765
-0.0568934
-0.060735
-0.0648309
-0.0691863
-0.0738253
-0.078764
-0.084034
-0.089659
-0.0956679
-0.102091
-0.108963
-0.11633
-0.124234
-0.132729
-0.14187
-0.151725
-0.162368
-0.173893
-0.186404
-0.200036
-0.214939
-0.231307
-0.249371
-0.269404
-0.291732
-0.316702
-0.344662
-0.375802
-0.409816
-0.445077
-0.477532
-0.500018
-0.485927
-0.491578
-0.128791
-0.239736
1.29717
0.831055
6.15074
4.33295
18.9474
13.9417
45.25
36.5252
80.8486
72.5817
87.5827
-20.2608
-16.1358
-13.1361
-11.8703
-11.6386
-11.9651
-13.3188
-16.3655
-16.4138
-9.55426
2.09439
5.81382
5.91188
4.96641
3.9638
3.12978
2.50678
2.05079
1.71454
1.46175
1.26705
1.11336
0.989218
0.886857
0.800943
0.727729
0.664528
0.609365
0.56076
0.517579
0.478947
0.44417
0.412703
0.384101
0.357994
0.334084
0.312107
0.291857
0.273149
0.255831
0.239768
0.224843
0.210956
0.198017
0.185944
0.174661
0.164107
0.154236
0.144997
0.136347
0.128257
0.120678
0.113582
0.106933
0.100672
0.0947862
0.0892436
0.0840135
0.0790942
0.0744696
0.0701239
0.0660403
0.0622012
0.058589
0.0551881
0.0519841
0.0489641
0.046115
0.0434238
0.0408774
0.0384595
0.0361828
0.0340351
0.0320106
0.0301035
0.0283067
0.0266119
0.02501
0.0234924
0.0220518
0.0206787
0.0193686
0.0181173
0.0169213
0.0157761
0.0146774
0.0136205
0.0126069
0.0116321
0.0106927
0.00978533
0.00890285
0.00804138
0.00719775
0.00637265
0.00556256
0.00476437
0.00397426
0.00318894
0.00240558
0.00162175
0.000833212
3.73139e-05
-0.000768834
-0.0015882
-0.00242386
-0.00327911
-0.00415559
-0.00505673
-0.00598657
-0.00694871
-0.00794664
-0.00898408
-0.0100646
-0.0111911
-0.0123625
-0.0135977
-0.0148948
-0.0162578
-0.0176914
-0.0192009
-0.0207921
-0.0224713
-0.0242448
-0.0261192
-0.0281014
-0.0301989
-0.0324196
-0.0347719
-0.0372725
-0.0399227
-0.0427523
-0.0457594
-0.0489521
-0.0523508
-0.0559698
-0.0598136
-0.0639121
-0.0682703
-0.0729123
-0.0778541
-0.0831284
-0.0887596
-0.0947769
-0.10121
-0.108095
-0.115475
-0.123393
-0.1319
-0.141054
-0.15092
-0.161576
-0.173112
-0.185637
-0.199281
-0.214198
-0.230582
-0.24866
-0.268711
-0.291057
-0.316046
-0.344022
-0.375175
-0.409192
-0.444433
-0.476799
-0.498886
-0.484527
-0.491211
-0.128909
-0.239766
1.29673
0.830527
6.14962
4.33148
18.9456
13.9387
45.2489
36.5225
80.8535
72.5935
87.6036
-20.2623
-16.1362
-13.135
-11.8696
-11.6385
-11.9664
-13.3185
-16.3674
-16.4182
-9.55679
2.09746
5.81742
5.91083
4.96646
3.96356
3.12949
2.50649
2.0505
1.71425
1.46143
1.26671
1.11299
0.988815
0.886421
0.800476
0.727232
0.664003
0.608814
0.560183
0.516978
0.478323
0.443525
0.412037
0.383414
0.357286
0.333355
0.311357
0.291085
0.272355
0.255014
0.238927
0.223983
0.210078
0.197125
0.185041
0.173752
0.163192
0.153316
0.144072
0.135418
0.127325
0.119744
0.112646
0.105996
0.099734
0.0938486
0.0883059
0.0830758
0.0781565
0.0735319
0.0691862
0.0651026
0.0612634
0.0576513
0.0542503
0.0510463
0.0480262
0.0451771
0.0424859
0.0399394
0.0375215
0.0352448
0.0330972
0.0310726
0.0291655
0.0273687
0.0256738
0.0240719
0.0225544
0.0211137
0.0197406
0.0184305
0.0171792
0.0159831
0.014838
0.0137393
0.0126823
0.0116687
0.0106939
0.00975455
0.0088472
0.00796471
0.00710324
0.00625962
0.00543453
0.00462446
0.00382627
0.00303617
0.00225085
0.0014675
0.000683683
-0.000104844
-0.000900732
-0.00170687
-0.00252623
-0.00336188
-0.00421712
-0.00509358
-0.0059947
-0.00692452
-0.00788665
-0.00888456
-0.00992198
-0.0110025
-0.012129
-0.0133004
-0.0145355
-0.0158326
-0.0171956
-0.0186291
-0.0201386
-0.0217298
-0.023409
-0.0251824
-0.0270568
-0.029039
-0.0311365
-0.0333573
-0.0357095
-0.0382102
-0.0408602
-0.0436894
-0.0466956
-0.0498868
-0.0532835
-0.0569002
-0.0607413
-0.0648368
-0.0691919
-0.0738303
-0.0787686
-0.0840378
-0.0896616
-0.0956692
-0.10209
-0.108961
-0.116326
-0.12423
-0.132724
-0.141865
-0.151719
-0.162362
-0.173885
-0.186396
-0.200026
-0.214929
-0.231296
-0.249357
-0.269388
-0.291714
-0.316682
-0.344639
-0.375778
-0.409794
-0.44506
-0.477534
-0.500062
-0.48611
-0.491671
-0.129256
-0.240089
1.29613
0.82984
6.14831
4.32981
18.9434
13.9354
45.2477
36.5194
80.859
72.6067
87.6271
-20.2639
-16.1354
-13.1334
-11.8683
-11.6376
-11.9639
-13.318
-16.3691
-16.423
-9.55958
2.1009
5.82149
5.91377
4.96681
3.96352
3.12941
2.50647
2.05055
1.71437
1.46162
1.26695
1.11328
0.989155
0.886804
0.800898
0.72769
0.664494
0.609335
0.560733
0.517555
0.478925
0.44415
0.412686
0.384085
0.357979
0.334071
0.312095
0.291845
0.273138
0.25582
0.239756
0.224833
0.21095
0.198014
0.185943
0.174661
0.164108
0.154238
0.144999
0.13635
0.128262
0.120683
0.113587
0.106939
0.100677
0.094792
0.0892494
0.0840193
0.0791001
0.0744755
0.0701299
0.0660463
0.0622072
0.0585951
0.0551942
0.0519902
0.0489702
0.0461212
0.04343
0.0408836
0.0384657
0.036189
0.0340414
0.0320169
0.0301098
0.028313
0.0266182
0.0250163
0.0234988
0.0220581
0.0206851
0.019375
0.0181237
0.0169277
0.0157825
0.0146838
0.0136269
0.0126133
0.0116385
0.0106991
0.00979178
0.0089093
0.00804783
0.0072042
0.0063791
0.00556903
0.00477084
0.00398073
0.00319541
0.00241206
0.00162823
0.000839701
4.3807e-05
-0.000762336
-0.0015817
-0.00241736
-0.0032726
-0.00414908
-0.00505021
-0.00598005
-0.00694219
-0.00794012
-0.00897754
-0.0100581
-0.0111845
-0.012356
-0.0135911
-0.0148882
-0.0162512
-0.0176848
-0.0191943
-0.0207855
-0.0224647
-0.0242382
-0.0261125
-0.0280948
-0.0301923
-0.032413
-0.0347652
-0.0372659
-0.039916
-0.0427457
-0.045753
-0.048946
-0.052345
-0.0559643
-0.0598085
-0.0639073
-0.0682658
-0.0729084
-0.0778505
-0.0831257
-0.0887582
-0.0947767
-0.101211
-0.108098
-0.115477
-0.123395
-0.131903
-0.141057
-0.150924
-0.16158
-0.173116
-0.185641
-0.199286
-0.214204
-0.230588
-0.248667
-0.268719
-0.291066
-0.316056
-0.344034
-0.375189
-0.40921
-0.44446
-0.476843
-0.498935
-0.484587
-0.491343
-0.12946
-0.240206
1.29554
0.829148
6.14688
4.32796
18.9411
13.9317
45.2463
36.516
80.8651
72.6214
87.6533
-20.2657
-16.1357
-13.132
-11.8674
-11.6374
-11.9646
-13.3176
-16.3712
-16.4284
-9.56267
2.10466
5.8259
5.91355
4.96697
3.9633
3.12913
2.5062
2.05029
1.71411
1.46135
1.26665
1.11296
0.988796
0.886412
0.800473
0.727233
0.664006
0.608818
0.560189
0.516984
0.47833
0.443531
0.412043
0.38342
0.357292
0.333361
0.311363
0.291091
0.272361
0.25502
0.238933
0.223989
0.210084
0.197129
0.185042
0.173751
0.163191
0.153313
0.144069
0.135415
0.127321
0.119739
0.112641
0.105991
0.0997288
0.0938433
0.0883007
0.0830706
0.0781514
0.0735268
0.0691811
0.0650976
0.0612584
0.0576463
0.0542453
0.0510413
0.0480212
0.0451721
0.042481
0.0399345
0.0375166
0.0352399
0.0330923
0.0310678
0.0291606
0.0273639
0.025669
0.0240671
0.0225495
0.0211089
0.0197358
0.0184257
0.0171744
0.0159784
0.0148332
0.0137346
0.0126776
0.011664
0.0106892
0.00974982
0.00884248
0.00796
0.00709853
0.00625491
0.00542983
0.00461976
0.00382158
0.00303149
0.00224618
0.00146283
0.000679022
-0.000109498
-0.00090538
-0.00171151
-0.00253086
-0.00336651
-0.00422174
-0.0050982
-0.0059993
-0.00692912
-0.00789123
-0.00888914
-0.00992655
-0.0110071
-0.0121335
-0.0133049
-0.01454
-0.0158371
-0.0172001
-0.0186336
-0.020143
-0.0217342
-0.0234134
-0.0251869
-0.0270612
-0.0290434
-0.0311409
-0.0333616
-0.0357139
-0.0382145
-0.0408645
-0.0436935
-0.0466994
-0.0498903
-0.0532866
-0.0569028
-0.0607436
-0.0648385
-0.0691932
-0.0738311
-0.0787688
-0.0840368
-0.0896591
-0.095665
-0.102085
-0.108957
-0.116321
-0.124225
-0.132719
-0.141859
-0.151713
-0.162355
-0.173878
-0.186388
-0.200017
-0.214918
-0.231284
-0.249343
-0.269373
-0.291696
-0.316663
-0.344618
-0.375756
-0.409772
-0.445046
-0.477538
-0.500099
-0.486255
-0.491793
-0.129844
-0.24055
1.29484
0.82833
6.14529
4.32592
18.9384
13.9276
45.2449
36.5122
80.8718
72.6376
87.682
-20.2676
-16.1349
-13.1301
-11.8658
-11.6364
-11.9622
-13.317
-16.3733
-16.4342
-9.56603
2.10879
5.83077
5.91618
4.96731
3.9632
3.12898
2.50611
2.05029
1.71418
1.46148
1.26684
1.1132
0.98909
0.886751
0.800854
0.727653
0.664461
0.609307
0.560708
0.517532
0.478905
0.444132
0.412669
0.38407
0.357965
0.334058
0.312083
0.291834
0.273127
0.255809
0.239746
0.224823
0.210939
0.198003
0.185935
0.174656
0.164104
0.154235
0.144997
0.136349
0.128261
0.120684
0.113588
0.10694
0.100679
0.094794
0.0892515
0.0840214
0.0791022
0.0744777
0.0701321
0.0660486
0.0622095
0.0585975
0.0551966
0.0519927
0.0489727
0.0461236
0.0434325
0.0408862
0.0384683
0.0361916
0.034044
0.0320195
0.0301124
0.0283157
0.0266209
0.025019
0.0235015
0.0220608
0.0206878
0.0193777
0.0181264
0.0169304
0.0157853
0.0146866
0.0136296
0.0126161
0.0116413
0.0107019
0.00979459
0.00891212
0.00805066
0.00720703
0.00638194
0.00557187
0.00477369
0.00398358
0.00319827
0.00241492
0.0016311
0.000842574
4.66853e-05
-0.000759453
-0.00157881
-0.00241446
-0.0032697
-0.00414618
-0.00504731
-0.00597714
-0.00693927
-0.00793719
-0.00897462
-0.0100552
-0.0111816
-0.012353
-0.0135882
-0.0148853
-0.0162483
-0.0176819
-0.0191913
-0.0207825
-0.0224617
-0.0242352
-0.0261095
-0.0280917
-0.0301892
-0.0324099
-0.0347621
-0.0372627
-0.0399129
-0.0427428
-0.0457504
-0.0489437
-0.0523431
-0.0559629
-0.0598073
-0.0639066
-0.0682655
-0.0729085
-0.0778512
-0.0831276
-0.0887618
-0.0947802
-0.101215
-0.108101
-0.11548
-0.123398
-0.131906
-0.14106
-0.150927
-0.161583
-0.17312
-0.185645
-0.19929
-0.214208
-0.230592
-0.248672
-0.268725
-0.291072
-0.316063
-0.344042
-0.375199
-0.409226
-0.444486
-0.476893
-0.499005
-0.484781
-0.491497
-0.130118
-0.240735
1.29413
0.827485
6.14357
4.3237
18.9356
13.9232
45.2433
36.5081
80.8792
72.6553
87.7134
-20.2697
-16.1352
-13.1284
-11.8648
-11.6362
-11.9628
-13.3165
-16.3758
-16.4405
-9.56968
2.11324
5.836
5.91665
4.96754
3.96297
3.12868
2.50583
2.05004
1.71394
1.46123
1.26658
1.11291
0.988763
0.886391
0.80046
0.727225
0.664002
0.608817
0.560189
0.516986
0.478332
0.443534
0.412046
0.383423
0.357296
0.333365
0.311367
0.291095
0.272365
0.255025
0.238939
0.223994
0.21009
0.197135
0.185049
0.173755
0.163194
0.153316
0.144071
0.135416
0.127322
0.119739
0.11264
0.10599
0.0997271
0.0938416
0.088299
0.083069
0.0781498
0.0735252
0.0691796
0.065096
0.0612569
0.0576448
0.0542438
0.0510399
0.0480198
0.0451708
0.0424796
0.0399332
0.0375153
0.0352386
0.033091
0.0310665
0.0291594
0.0273626
0.0256678
0.0240659
0.0225483
0.0211077
0.0197346
0.0184245
0.0171733
0.0159772
0.0148321
0.0137334
0.0126764
0.0116628
0.010688
0.00974868
0.00884136
0.00795889
0.00709743
0.0062538
0.00542873
0.00461867
0.00382051
0.00303042
0.00224512
0.00146178
0.000677978
-0.000110536
-0.000906411
-0.00171254
-0.00253188
-0.00336752
-0.00422274
-0.00509918
-0.00600028
-0.00693008
-0.00789219
-0.00889009
-0.00992749
-0.011008
-0.0121345
-0.0133058
-0.0145409
-0.015838
-0.0172009
-0.0186345
-0.0201439
-0.021735
-0.0234142
-0.0251877
-0.027062
-0.0290442
-0.0311417
-0.0333623
-0.0357145
-0.0382152
-0.0408649
-0.0436937
-0.0466993
-0.0498898
-0.0532856
-0.0569013
-0.0607417
-0.064836
-0.0691901
-0.0738276
-0.0787643
-0.0840307
-0.0896534
-0.0956594
-0.102079
-0.108951
-0.116315
-0.124219
-0.132713
-0.141853
-0.151706
-0.162348
-0.17387
-0.18638
-0.200008
-0.214908
-0.231272
-0.24933
-0.269358
-0.29168
-0.316644
-0.344598
-0.375735
-0.409753
-0.445034
-0.477547
-0.500135
-0.486387
-0.491943
-0.13055
-0.241115
1.29332
0.826529
6.1417
4.32129
18.9325
13.9183
45.2415
36.5036
80.8871
72.6744
87.7475
-20.2731
-16.1339
-13.1252
-11.8621
-11.6344
-11.9583
-13.3155
-16.3796
-16.4506
-9.57556
2.12046
5.84452
5.92037
4.96809
3.96275
3.12838
2.50563
2.04996
1.71397
1.46137
1.26681
1.11322
0.989154
0.886852
0.800986
0.727812
0.664645
0.609511
0.560932
0.517774
0.479163
0.444406
0.412957
0.384372
0.35828
0.334386
0.312423
0.292187
0.273492
0.256185
0.240134
0.225222
0.211349
0.198422
0.186363
0.175091
0.164546
0.154683
0.14545
0.136807
0.128724
0.12115
0.114057
0.107412
0.101152
0.0952676
0.0897253
0.0844953
0.0795762
0.0749518
0.0706063
0.0665229
0.0626838
0.0590719
0.055671
0.0524672
0.0494473
0.0465984
0.0439074
0.0413611
0.0389432
0.0366666
0.034519
0.0324946
0.0305875
0.0287908
0.027096
0.0254942
0.0239767
0.0225361
0.0211631
0.019853
0.0186018
0.0174058
0.0162607
0.0151621
0.0141051
0.0130915
0.0121167
0.0111774
0.0102701
0.00938765
0.0085262
0.00768256
0.00685747
0.0060474
0.00524922
0.00445913
0.00367382
0.00289048
0.00210666
0.00131813
0.000522244
-0.000283891
-0.00110324
-0.00193889
-0.00279414
-0.00367063
-0.00457176
-0.00550159
-0.00646372
-0.00746163
-0.00849905
-0.00957958
-0.010706
-0.0118774
-0.0131126
-0.0144097
-0.0157727
-0.0172063
-0.0187157
-0.0203069
-0.021986
-0.0237595
-0.0256338
-0.0276159
-0.0297134
-0.031934
-0.0342862
-0.0367868
-0.0394374
-0.0422684
-0.0452776
-0.0484728
-0.0518748
-0.0554974
-0.0593442
-0.063447
-0.0678092
-0.0724552
-0.0774026
-0.0826831
-0.0883225
-0.0943472
-0.100789
-0.107682
-0.115068
-0.122992
-0.131507
-0.140668
-0.150542
-0.161205
-0.172749
-0.185283
-0.198936
-0.213863
-0.230257
-0.248348
-0.268412
-0.290773
-0.315777
-0.34377
-0.374941
-0.40898
-0.444249
-0.476646
-0.49857
-0.484291
-0.491541
-0.131058
-0.241483
1.29205
0.825038
6.13868
4.31741
18.9276
13.9106
45.2387
36.4964
80.8999
72.7055
87.8025
-20.2783
-16.1344
-13.121
-11.8594
-11.6338
-11.9621
-13.3145
-16.3857
-16.4662
-9.58455
2.13144
5.85743
5.92275
4.96874
3.96225
3.12771
2.50503
2.04944
1.7135
1.4609
1.26631
1.11268
0.988554
0.886187
0.800254
0.727012
0.66378
0.608584
0.559945
0.51673
0.478064
0.443254
0.411754
0.38312
0.35698
0.333038
0.311029
0.290746
0.272006
0.254655
0.23856
0.223606
0.209693
0.19673
0.184637
0.173338
0.162773
0.152887
0.143634
0.13497
0.12687
0.119281
0.112176
0.105522
0.099256
0.0933695
0.0878268
0.0825967
0.0776776
0.0730531
0.0687076
0.0646241
0.060785
0.0571729
0.0537719
0.050568
0.047548
0.0446989
0.0420077
0.0394613
0.0370433
0.0347667
0.0326191
0.0305946
0.0286875
0.0268908
0.0251959
0.023594
0.0220764
0.0206358
0.0192627
0.0179526
0.0167014
0.0155054
0.0143602
0.0132616
0.0122046
0.011191
0.0102162
0.00927685
0.00836955
0.00748709
0.00662564
0.00578202
0.00495698
0.00414694
0.00334881
0.00255874
0.00177346
0.000990142
0.000206383
-0.000582107
-0.00137796
-0.00218406
-0.00300338
-0.003839
-0.00469419
-0.00557058
-0.00647162
-0.0074014
-0.00836347
-0.00936134
-0.0103987
-0.0114792
-0.0126056
-0.0137769
-0.0150119
-0.0163089
-0.0176718
-0.0191053
-0.0206146
-0.0222058
-0.0238849
-0.0256583
-0.0275326
-0.0295147
-0.0316122
-0.0338328
-0.0361849
-0.0386855
-0.0413342
-0.0441608
-0.0471633
-0.0503504
-0.0537422
-0.0573531
-0.0611898
-0.0652791
-0.0696274
-0.0742616
-0.0791956
-0.0844585
-0.0900764
-0.0960763
-0.10249
-0.109355
-0.116713
-0.124609
-0.133096
-0.142228
-0.152074
-0.162707
-0.17422
-0.186721
-0.200338
-0.215227
-0.231578
-0.249621
-0.269633
-0.291937
-0.316883
-0.344819
-0.375942
-0.409956
-0.445257
-0.477849
-0.500699
-0.487343
-0.492432
-0.132079
-0.242374
1.29008
0.822701
6.13408
4.31147
18.92
13.8987
45.2344
36.4854
80.9194
72.7524
87.8863
-20.2841
-16.1323
-13.1154
-11.8548
-11.6307
-11.95
-13.3125
-16.3918
-16.4836
-9.59466
2.14382
5.87202
5.92794
4.9696
3.96181
3.12713
2.5046
2.04919
1.71343
1.46098
1.26652
1.113
0.988985
0.886717
0.800875
0.727718
0.664564
0.609441
0.560869
0.517718
0.479112
0.44436
0.412914
0.384332
0.358243
0.334351
0.312389
0.292154
0.27346
0.256154
0.240101
0.225189
0.211316
0.198388
0.186328
0.175055
0.16451
0.15465
0.145415
0.136778
0.128697
0.121127
0.114039
0.107397
0.101139
0.0952562
0.0897145
0.0844846
0.0795656
0.0749413
0.070596
0.0665126
0.0626737
0.0590618
0.055661
0.0524573
0.0494374
0.0465886
0.0438977
0.0413516
0.0389336
0.0366571
0.0345097
0.0324853
0.0305783
0.0287816
0.0270869
0.0254851
0.0239677
0.0225271
0.0211541
0.0198441
0.0185929
0.0173969
0.0162519
0.0151533
0.0140963
0.0130828
0.012108
0.0111687
0.0102615
0.00937903
0.00851761
0.00767396
0.00684889
0.00603883
0.00524067
0.00445059
0.00366529
0.00288196
0.00209815
0.00130963
0.000513761
-0.00029236
-0.00111169
-0.00194733
-0.00280259
-0.00367908
-0.0045802
-0.00551002
-0.00647213
-0.00747003
-0.00850743
-0.00958796
-0.0107144
-0.0118857
-0.0131209
-0.0144181
-0.0157811
-0.0172146
-0.018724
-0.0203152
-0.0219943
-0.0237678
-0.0256421
-0.0276242
-0.0297216
-0.0319422
-0.0342943
-0.0367951
-0.0394461
-0.0422788
-0.04529
-0.0484869
-0.0518904
-0.0555156
-0.0593647
-0.0634685
-0.0678297
-0.0724759
-0.0774223
-0.0827017
-0.0883401
-0.094364
-0.100804
-0.107696
-0.115082
-0.123006
-0.131521
-0.140681
-0.150555
-0.161218
-0.172762
-0.185295
-0.198948
-0.213876
-0.23027
-0.248361
-0.268426
-0.290786
-0.315792
-0.343787
-0.374964
-0.409018
-0.444323
-0.476797
-0.498824
-0.484858
-0.49199
-0.132996
-0.24308
1.28792
0.820132
6.1289
4.30481
18.9115
13.8854
45.2296
36.4731
80.9414
72.8061
87.9806
-20.2907
-16.1329
-13.1102
-11.8515
-11.6301
-11.9597
-13.3114
-16.4
-16.503
-9.60591
2.15758
5.88821
5.93153
4.97045
3.96123
3.12634
2.50391
2.04864
1.71295
1.46052
1.26606
1.11251
0.988433
0.886104
0.800196
0.726973
0.663754
0.608567
0.559935
0.516725
0.478063
0.443256
0.411759
0.383126
0.356989
0.333048
0.31104
0.290759
0.27202
0.254671
0.238577
0.223625
0.209713
0.196752
0.184661
0.173364
0.162799
0.152914
0.143661
0.134999
0.126896
0.119303
0.112194
0.105536
0.099268
0.0933804
0.0878373
0.0826072
0.0776883
0.073064
0.0687185
0.0646351
0.0607961
0.0571841
0.0537832
0.0505793
0.0475594
0.0447103
0.0420192
0.0394729
0.0370547
0.0347783
0.0326308
0.0306063
0.0286993
0.0269026
0.0252077
0.0236058
0.0220882
0.0206476
0.0192746
0.0179645
0.0167133
0.0155173
0.0143722
0.0132736
0.0122166
0.011203
0.0102283
0.00928893
0.00838167
0.00749923
0.0066378
0.00579417
0.00496916
0.00415916
0.00336105
0.00257101
0.00178576
0.00100246
0.000218739
-0.000569727
-0.00136556
-0.00217164
-0.00299093
-0.00382652
-0.00468168
-0.00555803
-0.00645904
-0.00738878
-0.00835083
-0.00934867
-0.010386
-0.0114665
-0.0125929
-0.013764
-0.014999
-0.0162959
-0.0176588
-0.0190922
-0.0206016
-0.0221926
-0.0238717
-0.0256451
-0.0275193
-0.0295014
-0.0315988
-0.0338194
-0.0361714
-0.0386717
-0.0413195
-0.0441442
-0.0471444
-0.0503291
-0.0537195
-0.0573276
-0.061165
-0.0652536
-0.0696024
-0.0742362
-0.0791706
-0.0844342
-0.0900526
-0.096053
-0.102468
-0.109333
-0.116691
-0.124587
-0.133073
-0.142205
-0.15205
-0.162683
-0.174195
-0.186694
-0.200309
-0.215195
-0.231544
-0.249584
-0.269592
-0.291891
-0.316832
-0.344764
-0.375886
-0.409907
-0.44523
-0.47788
-0.500783
-0.487732
-0.49289
-0.134233
-0.244159
1.28549
0.817225
6.12315
4.2974
18.902
13.8705
45.2242
36.4593
80.9657
72.8646
88.0854
-20.2977
-16.1304
-13.1033
-11.8459
-11.6262
-11.9399
-13.3086
-16.4069
-16.5244
-9.61829
2.17274
5.90608
5.93787
4.97145
3.96066
3.12559
2.50333
2.04827
1.71278
1.46051
1.26619
1.11276
0.988796
0.886568
0.800754
0.727618
0.664479
0.609367
0.560805
0.517661
0.47906
0.444312
0.412871
0.384291
0.358205
0.334314
0.312354
0.29212
0.273426
0.256121
0.240069
0.225156
0.211282
0.198354
0.186293
0.17502
0.164475
0.154614
0.145381
0.136743
0.128664
0.121093
0.11401
0.107373
0.101117
0.0952361
0.0896956
0.0844658
0.079547
0.0749229
0.0705777
0.0664945
0.0626557
0.0590438
0.0556432
0.0524395
0.0494198
0.046571
0.0438803
0.0413343
0.0389164
0.03664
0.0344926
0.0324683
0.0305614
0.0287648
0.0270701
0.0254683
0.023951
0.0225105
0.0211376
0.0198275
0.0185764
0.0173805
0.0162355
0.0151369
0.01408
0.0130665
0.0120917
0.0111525
0.0102453
0.00936286
0.00850147
0.00765782
0.00683276
0.00602272
0.00522458
0.00443452
0.00364924
0.00286592
0.00208213
0.00129363
0.000497777
-0.000308325
-0.00112764
-0.00196326
-0.00281853
-0.00369501
-0.00459611
-0.0055259
-0.00648799
-0.00748587
-0.00852324
-0.00960375
-0.0107302
-0.0119013
-0.0131367
-0.0144338
-0.0157968
-0.0172303
-0.0187397
-0.0203308
-0.0220099
-0.0237833
-0.0256575
-0.0276396
-0.029737
-0.0319575
-0.0343095
-0.0368107
-0.0394622
-0.0422971
-0.0453107
-0.0485102
-0.0519145
-0.0555387
-0.0593875
-0.0634909
-0.0678514
-0.0724976
-0.0774433
-0.0827219
-0.0883595
-0.0943824
-0.100822
-0.107713
-0.115097
-0.123021
-0.131535
-0.140695
-0.150568
-0.161231
-0.172774
-0.185307
-0.198959
-0.213886
-0.230279
-0.24837
-0.268433
-0.290792
-0.315797
-0.343793
-0.374975
-0.409046
-0.44439
-0.476955
-0.499101
-0.485515
-0.492536
-0.135388
-0.245083
1.28286
0.814077
6.11682
4.28926
18.8916
13.8542
45.2182
36.4441
80.9925
72.9308
88.2016
-20.3058
-16.131
-13.097
-11.8418
-11.6255
-11.956
-13.3078
-16.4174
-16.548
-9.63185
2.18927
5.92551
5.94144
4.97249
3.95997
3.12467
2.50255
2.04765
1.71226
1.46005
1.26573
1.11228
0.988271
0.885987
0.800112
0.726911
0.663708
0.608534
0.559911
0.516708
0.478052
0.44325
0.411756
0.383127
0.356992
0.333053
0.311048
0.290768
0.272031
0.254684
0.238592
0.223641
0.209732
0.196772
0.184683
0.173386
0.162822
0.152938
0.143685
0.135024
0.126921
0.119329
0.112221
0.105559
0.0992892
0.0933989
0.0878546
0.0826247
0.0777059
0.0730818
0.0687365
0.0646532
0.0608143
0.0572024
0.0538016
0.0505978
0.0475779
0.044729
0.042038
0.0394917
0.0370734
0.0347971
0.0326497
0.0306253
0.0287183
0.0269216
0.0252269
0.0236249
0.0221074
0.0206668
0.0192938
0.0179838
0.0167326
0.0155366
0.0143916
0.0132929
0.0122359
0.0112224
0.0102477
0.00930834
0.00840114
0.00751873
0.00665732
0.00581368
0.00498871
0.00417873
0.00338067
0.00259066
0.00180543
0.00102216
0.000238488
-0.000549952
-0.00134576
-0.00215181
-0.00297108
-0.00380663
-0.00466174
-0.00553805
-0.00643902
-0.00736873
-0.00833075
-0.00932856
-0.0103659
-0.0114463
-0.0125728
-0.0137436
-0.0149786
-0.0162755
-0.0176383
-0.0190717
-0.020581
-0.022172
-0.023851
-0.0256243
-0.0274985
-0.0294805
-0.0315778
-0.0337983
-0.0361502
-0.0386498
-0.0412968
-0.044119
-0.0471164
-0.0503018
-0.0536915
-0.0573002
-0.0611375
-0.0652263
-0.0695752
-0.0742089
-0.0791434
-0.0844072
-0.090026
-0.0960269
-0.102442
-0.109308
-0.116665
-0.124562
-0.133047
-0.142179
-0.152023
-0.162655
-0.174166
-0.186664
-0.200278
-0.215162
-0.231508
-0.249546
-0.26955
-0.291846
-0.316783
-0.344712
-0.375835
-0.409866
-0.44522
-0.477947
-0.500924
-0.488248
-0.493453
-0.136843
-0.246362
1.27997
0.810599
6.10992
4.28037
18.8802
13.8364
45.2118
36.4275
81.0217
73.0008
88.334
-20.314
-16.1282
-13.089
-11.8353
-11.621
-11.9292
-13.3037
-16.4249
-16.5721
-9.64628
2.2073
5.94679
5.95031
4.97366
3.95928
3.12377
2.50183
2.04718
1.71201
1.45998
1.2658
1.11248
0.988586
0.886405
0.800625
0.727512
0.66439
0.609292
0.560739
0.517602
0.479007
0.444264
0.412826
0.38425
0.358165
0.334276
0.312317
0.292084
0.273391
0.256086
0.240035
0.225123
0.211249
0.198321
0.186259
0.174986
0.164442
0.154581
0.145348
0.13671
0.128632
0.12106
0.113976
0.107339
0.101084
0.0952073
0.089669
0.0844393
0.0795207
0.0748969
0.0705518
0.0664687
0.06263
0.0590183
0.0556178
0.0524142
0.0493946
0.0465459
0.0438553
0.0413096
0.0388917
0.0366155
0.0344682
0.032444
0.0305371
0.0287405
0.0270459
0.0254441
0.0239268
0.0224865
0.0211136
0.0198037
0.0185526
0.0173567
0.0162117
0.0151133
0.0140563
0.0130428
0.0120681
0.0111289
0.0102218
0.00933942
0.00847806
0.00763441
0.00680937
0.00599935
0.00520124
0.0044112
0.00362595
0.00284264
0.00205888
0.00127039
0.00047456
-0.000331519
-0.00115081
-0.00198641
-0.0028417
-0.00371816
-0.00461923
-0.005549
-0.00651106
-0.0075089
-0.00854624
-0.00962673
-0.0107532
-0.0119242
-0.0131597
-0.0144567
-0.0158197
-0.0172532
-0.0187625
-0.0203535
-0.0220326
-0.0238059
-0.0256801
-0.0276621
-0.0297594
-0.0319799
-0.0343317
-0.036834
-0.0394856
-0.0423233
-0.0453362
-0.048535
-0.0519393
-0.0555629
-0.0594116
-0.0635145
-0.0678745
-0.0725205
-0.0774657
-0.0827437
-0.0883805
-0.0944025
-0.100841
-0.107731
-0.115115
-0.123038
-0.131551
-0.14071
-0.150582
-0.161244
-0.172786
-0.185318
-0.198969
-0.213894
-0.230285
-0.248373
-0.268433
-0.29079
-0.315792
-0.343787
-0.374974
-0.409061
-0.444448
-0.477112
-0.499386
-0.486255
-0.493175
-0.138232
-0.247502
1.27688
0.806878
6.10244
4.27075
18.8679
13.8171
45.2047
36.4095
81.0536
73.0798
88.45
-20.3855
-16.1312
-13.0351
-11.7996
-11.6151
-12.0784
-13.3063
-16.5179
-16.7871
-9.77024
2.34304
6.11
5.96734
4.98203
3.95337
3.11598
2.49525
2.04203
1.70787
1.45637
1.26236
1.10894
0.984788
0.882245
0.796048
0.722495
0.658928
0.603389
0.554408
0.510857
0.471862
0.436736
0.404929
0.375993
0.349566
0.325337
0.303056
0.282501
0.263503
0.2459
0.229566
0.214388
0.200264
0.187114
0.174859
0.163428
0.152736
0.142719
0.133334
0.124539
0.116285
0.108565
0.101318
0.0945039
0.0881397
0.0821704
0.0765732
0.0713421
0.0664235
0.0617994
0.0574541
0.0533706
0.0495313
0.0459189
0.0425176
0.0393132
0.0362925
0.0334424
0.0307498
0.0282013
0.0257787
0.0235024
0.021355
0.0193306
0.0174234
0.0156264
0.0139311
0.0123283
0.0108093
0.0093666
0.00799341
0.0066834
0.00543222
0.00423612
0.00309072
0.0019914
0.000933558
-7.99228e-05
-0.00105472
-0.00199435
-0.00290155
-0.00378406
-0.00464561
-0.00548927
-0.00631361
-0.007123
-0.00792044
-0.00870996
-0.00949479
-0.0102776
-0.0110603
-0.0118483
-0.0126437
-0.0134493
-0.0142682
-0.0151032
-0.0159567
-0.0168317
-0.0177317
-0.0186608
-0.0196223
-0.0206196
-0.0216565
-0.0227365
-0.0238626
-0.0250304
-0.0262626
-0.0275578
-0.0289194
-0.030352
-0.0318605
-0.0334508
-0.0351291
-0.0369018
-0.0387753
-0.0407567
-0.0428535
-0.0450736
-0.0474246
-0.0498962
-0.052511
-0.055239
-0.0581411
-0.0612433
-0.0645396
-0.0680567
-0.0718203
-0.0758217
-0.0801011
-0.0846568
-0.0895226
-0.0946974
-0.100203
-0.106072
-0.11234
-0.119049
-0.126243
-0.13397
-0.142284
-0.151241
-0.160902
-0.171344
-0.182651
-0.194929
-0.2083
-0.222917
-0.238964
-0.256666
-0.2763
-0.298189
-0.322696
-0.350197
-0.380939
-0.414725
-0.450177
-0.484023
-0.51215
-0.505648
-0.50009
-0.150529
-0.258554
1.25246
0.777204
6.04348
4.19484
18.7706
13.6651
45.1489
36.2659
81.2926
73.6724
88.9062
-20.611
-16.0933
-12.8106
-11.6282
-11.4802
-11.4024
-13.0025
-16.6676
-17.4063
-10.0815
3.04683
6.87995
6.56092
5.04752
3.93737
3.09106
2.47493
2.02789
1.69889
1.45127
1.26016
1.10896
0.986587
0.885521
0.80059
0.728148
0.665572
0.610929
0.562766
0.519969
0.481677
0.447204
0.416014
0.387664
0.36179
0.338097
0.316323
0.296263
0.277735
0.260586
0.244679
0.2299
0.216147
0.203325
0.191356
0.180164
0.169702
0.159919
0.150769
0.142209
0.134213
0.126722
0.119709
0.113139
0.106949
0.101102
0.0955841
0.090365
0.0854521
0.0808329
0.0764919
0.0724126
0.0685772
0.0649686
0.061571
0.0583705
0.055354
0.052509
0.0498229
0.0472863
0.0449028
0.0426326
0.0404877
0.0384652
0.0365599
0.0347647
0.0330713
0.031471
0.0299567
0.0285387
0.0271692
0.0258602
0.0246099
0.023415
0.0222716
0.0211759
0.0201261
0.0191146
0.0181408
0.0172029
0.0162993
0.0154184
0.0145584
0.0137166
0.0128907
0.0120793
0.0112798
0.0104888
0.00970282
0.00891858
0.00813183
0.00734248
0.00654625
0.00573988
0.00492023
0.00408326
0.00321821
0.00233953
0.00143769
0.000507642
-0.000454478
-0.00145228
-0.00248951
-0.00357009
-0.00469896
-0.0058925
-0.00713068
-0.00842821
-0.00979094
-0.0112241
-0.012733
-0.0143237
-0.0160021
-0.0177748
-0.0196483
-0.0216295
-0.0237259
-0.0259456
-0.0282981
-0.0308066
-0.0334808
-0.0363564
-0.0394114
-0.0426508
-0.0461049
-0.0497716
-0.0536615
-0.0578041
-0.0622005
-0.0668838
-0.0718651
-0.0771846
-0.0828725
-0.088956
-0.0954642
-0.102431
-0.109896
-0.117903
-0.1265
-0.135746
-0.145708
-0.156463
-0.168104
-0.180742
-0.194507
-0.209558
-0.226086
-0.244325
-0.26455
-0.287089
-0.312298
-0.34054
-0.372068
-0.40669
-0.442892
-0.476555
-0.499647
-0.491652
-0.50292
-0.191566
-0.301031
1.17566
0.672542
5.83961
3.9222
18.442
13.1189
44.9871
35.8135
82.3872
76.1753
93.6634
-21.0138
-16.0091
-12.4674
-11.3818
-11.4293
-11.933
-13.3257
-17.3386
-18.7072
-10.9139
3.52152
7.42431
6.11964
4.99835
3.88395
3.04144
2.4364
1.99982
1.67857
1.43617
1.2484
1.09926
0.978098
0.877692
0.793066
0.720702
0.658056
0.603252
0.554868
0.511814
0.473243
0.438481
0.406993
0.378342
0.352167
0.328171
0.306102
0.285747
0.266935
0.249507
0.233336
0.218308
0.204324
0.191298
0.179152
0.167811
0.1572
0.147267
0.137961
0.129247
0.12108
0.113433
0.106265
0.0995364
0.0932236
0.0873061
0.0817458
0.0765248
0.0716148
0.0669987
0.0626606
0.0585836
0.05475
0.0511428
0.0477463
0.0445466
0.0415306
0.0386854
0.0359977
0.0334553
0.0310476
0.0287754
0.0266313
0.0246099
0.0227056
0.0209113
0.0192185
0.0176181
0.0161002
0.0146404
0.0132668
0.0119583
0.0107089
0.00951479
0.00837122
0.00727276
0.00620729
0.00519464
0.004221
0.00328217
0.00237529
0.00149341
0.000632492
-0.000213774
-0.00103588
-0.00184283
-0.0026373
-0.00342452
-0.0042075
-0.00498857
-0.00576675
-0.00655294
-0.00734679
-0.00815097
-0.00896824
-0.00980089
-0.0106449
-0.0115171
-0.0124151
-0.0133426
-0.0143027
-0.0152985
-0.0163339
-0.0174127
-0.018538
-0.0197105
-0.0209422
-0.0222363
-0.0235966
-0.0250275
-0.0265339
-0.0281219
-0.029798
-0.0315682
-0.0334391
-0.0354176
-0.0375113
-0.039728
-0.0420759
-0.0445583
-0.0471824
-0.0499523
-0.0528965
-0.0560326
-0.0593663
-0.0629213
-0.0667114
-0.0707471
-0.0750507
-0.0796345
-0.0845227
-0.0897304
-0.0952799
-0.1012
-0.107524
-0.114291
-0.121544
-0.12933
-0.1377
-0.146711
-0.156425
-0.166917
-0.178274
-0.1906
-0.20402
-0.218683
-0.234774
-0.252519
-0.272193
-0.294123
-0.318683
-0.346275
-0.377237
-0.41159
-0.448351
-0.484675
-0.516513
-0.521611
-0.522924
-0.256909
-0.356532
1.0271
0.502143
5.47818
3.4867
17.8314
12.2197
44.5704
34.7543
83.4111
79.251
98.9661
-20.7055
-13.8744
-9.53853
-8.85199
-9.15445
-8.85355
-10.4744
-15.4588
-18.0666
-10.3568
5.71358
9.76576
7.28567
5.1522
3.86311
2.99924
2.40146
1.9752
1.66226
1.42578
1.24208
1.09575
0.976574
0.877623
0.794103
0.72261
0.660673
0.606462
0.558587
0.51598
0.477806
0.443402
0.412241
0.383892
0.357998
0.334266
0.312445
0.292328
0.273738
0.256523
0.24055
0.225705
0.211888
0.199009
0.18699
0.175759
0.165258
0.155433
0.146238
0.137633
0.12958
0.122041
0.114974
0.108346
0.102116
0.0962448
0.0907134
0.0855013
0.0805969
0.0759856
0.0716518
0.0675785
0.0637483
0.0601441
0.0567507
0.0535541
0.0505417
0.0477004
0.0450177
0.042483
0.0400892
0.0378221
0.0356806
0.0336613
0.0317588
0.0299659
0.0282746
0.0266759
0.0251618
0.0237305
0.0223617
0.0210553
0.019808
0.0186172
0.0174786
0.016389
0.0153527
0.0143496
0.0133849
0.0124581
0.0115754
0.0107154
0.00988315
0.00907608
0.00828319
0.00750495
0.00673849
0.00598197
0.00523172
0.00448439
0.00373358
0.00298418
0.00222961
0.00146673
0.000692617
-9.59724e-05
-0.000903599
-0.00172847
-0.00257497
-0.00344724
-0.00434863
-0.0052824
-0.00625216
-0.00726169
-0.00831511
-0.00941992
-0.0105731
-0.011781
-0.0130487
-0.0143813
-0.0157837
-0.0172613
-0.0188199
-0.0204653
-0.0222036
-0.0240412
-0.0259849
-0.0280422
-0.0302215
-0.0325349
-0.0349969
-0.0376208
-0.0404092
-0.043373
-0.0465281
-0.0498806
-0.0534448
-0.0572362
-0.0612667
-0.0655559
-0.0701206
-0.0749855
-0.080176
-0.0857177
-0.0916382
-0.0979687
-0.104744
-0.112004
-0.119791
-0.128153
-0.137147
-0.146836
-0.157296
-0.168617
-0.180904
-0.194284
-0.208911
-0.224973
-0.242692
-0.262336
-0.284209
-0.308644
-0.335969
-0.366332
-0.398931
-0.431177
-0.457327
-0.469463
-0.473473
-0.26827
-0.337787
0.932275
0.384141
5.19133
3.0659
17.2901
11.2993
44.2779
34.2055
85.4334
85.2696
109.888
652.997
655.844
657.443
657.255
656.435
655.936
653.97
648.442
644.852
652.835
668.91
670.54
667.308
665.65
664.573
663.853
663.359
663.007
662.745
662.545
662.388
662.26
662.155
662.066
661.991
661.926
661.87
661.82
661.775
661.736
661.7
661.668
661.639
661.612
661.588
661.565
661.545
661.526
661.508
661.491
661.476
661.462
661.449
661.437
661.425
661.414
661.404
661.395
661.386
661.378
661.37
661.363
661.356
661.35
661.344
661.338
661.333
661.328
661.323
661.319
661.315
661.311
661.307
661.304
661.3
661.297
661.295
661.292
661.289
661.287
661.285
661.282
661.28
661.278
661.277
661.275
661.273
661.272
661.27
661.269
661.268
661.266
661.265
661.264
661.263
661.262
661.261
661.26
661.259
661.258
661.257
661.257
661.256
661.255
661.254
661.254
661.253
661.252
661.252
661.251
661.25
661.25
661.249
661.248
661.248
661.247
661.246
661.246
661.245
661.244
661.244
661.243
661.242
661.241
661.24
661.239
661.238
661.237
661.236
661.235
661.234
661.233
661.232
661.23
661.229
661.227
661.226
661.224
661.222
661.22
661.218
661.216
661.214
661.212
661.209
661.206
661.203
661.2
661.197
661.194
661.19
661.186
661.182
661.178
661.173
661.168
661.163
661.157
661.151
661.144
661.138
661.13
661.122
661.114
661.105
661.095
661.084
661.073
661.06
661.047
661.032
661.016
660.998
660.978
660.957
660.935
660.914
660.897
660.889
660.955
660.928
661.565
661.208
663.948
662.553
671.197
667.362
688.093
681.95
712.271
711.09
715.206
1.01804
0.67528
0.301515
-0.520009
-1.57202
-1.68717
-2.81914
-8.47351
-13.2491
-5.9389
9.10583
12.8732
7.13165
4.55101
3.30597
2.56356
2.07374
1.7279
1.47218
1.2762
1.12153
0.996419
0.8931
0.806279
0.732237
0.668296
0.612479
0.563304
0.51963
0.480568
0.445419
0.413618
0.384717
0.358345
0.334191
0.312
0.291553
0.272665
0.255183
0.23897
0.223906
0.209892
0.196837
0.18466
0.173291
0.162662
0.152716
0.143403
0.134681
0.126512
0.118862
0.111696
0.104979
0.0986755
0.0927531
0.0871826
0.0819396
0.0770046
0.0723616
0.0679961
0.0638933
0.0600372
0.0564114
0.0529998
0.0497882
0.0467635
0.0439134
0.0412256
0.038688
0.0362895
0.0340216
0.0318784
0.0298556
0.0279495
0.026155
0.0244655
0.0228731
0.0213692
0.0199453
0.0185943
0.0173102
0.0160881
0.0149242
0.0138156
0.0127589
0.0117506
0.0107888
0.00987093
0.00899501
0.00815995
0.00736521
0.00661083
0.00589793
0.00522796
0.00456942
0.00392622
0.00329875
0.00268462
0.00208108
0.00148569
0.000896188
0.000310263
-0.000274475
-0.00086038
-0.00144963
-0.00204432
-0.00264661
-0.00325868
-0.00388285
-0.00452148
-0.0051769
-0.00585156
-0.00654816
-0.00726943
-0.00801783
-0.008796
-0.00960659
-0.0104523
-0.0113364
-0.0122624
-0.0132339
-0.0142544
-0.0153275
-0.0164573
-0.0176478
-0.0189032
-0.020228
-0.0216271
-0.0231058
-0.0246701
-0.0263266
-0.0280825
-0.0299454
-0.0319231
-0.0340232
-0.0362531
-0.0386197
-0.0411307
-0.0437937
-0.0466173
-0.0496113
-0.0527865
-0.0561543
-0.0597274
-0.0635192
-0.0675451
-0.071821
-0.0763636
-0.0811892
-0.0863138
-0.0917539
-0.0975271
-0.103652
-0.110149
-0.117037
-0.124338
-0.132073
-0.140264
-0.148932
-0.15809
-0.167745
-0.177897
-0.18853
-0.199609
-0.211065
-0.222758
-0.23436
-0.244878
-0.248605
-0.190414
-0.204229
0.344701
0.0367575
2.3689
1.20778
8.43484
5.64737
22.4236
19.0271
38.3876
35.3134
17.0492
0.121878
-0.0683806
-0.368462
-0.958007
-1.84556
-2.55053
-4.87936
-10.4302
-14.1465
-8.63338
3.65843
6.79923
4.75014
3.45884
2.63862
2.10223
1.73602
1.47195
1.27263
1.11667
0.991156
0.88783
0.801184
0.727399
0.663745
0.608225
0.559339
0.515945
0.47715
0.442248
0.410681
0.381992
0.355815
0.331843
0.309818
0.289528
0.270785
0.253434
0.237343
0.222395
0.208485
0.195526
0.18344
0.172155
0.161609
0.151741
0.1425
0.133841
0.125727
0.118126
0.111004
0.104332
0.0980757
0.0922035
0.0866848
0.0814925
0.0766043
0.0720025
0.0676725
0.0636013
0.0597754
0.0561801
0.0527999
0.04962
0.046627
0.0438089
0.041154
0.038651
0.0362882
0.0340556
0.0319452
0.0299516
0.0280713
0.026301
0.0246362
0.0230709
0.0215973
0.0202071
0.0188921
0.0176453
0.0164612
0.015335
0.0142632
0.0132425
0.0122699
0.0113424
0.010457
0.00961055
0.00879998
0.00802219
0.00727403
0.00655256
0.00585542
0.00517021
0.00451892
0.00388586
0.00326576
0.0026565
0.0020564
0.00146375
0.000876594
0.000292675
-0.000290285
-0.000874528
-0.00146224
-0.00205556
-0.00265661
-0.00326745
-0.00389028
-0.00452757
-0.00518179
-0.00585549
-0.0065513
-0.00727162
-0.00801883
-0.0087957
-0.00960515
-0.0104502
-0.0113339
-0.0122593
-0.0132299
-0.0142493
-0.0153214
-0.01645
-0.0176391
-0.018893
-0.0202161
-0.0216134
-0.0230901
-0.0246523
-0.0263066
-0.02806
-0.0299204
-0.0318953
-0.0339924
-0.0362192
-0.0385825
-0.04109
-0.0437491
-0.0465686
-0.0495582
-0.0527287
-0.0560916
-0.0596592
-0.0634454
-0.0674651
-0.0717346
-0.0762703
-0.0810885
-0.0862052
-0.0916368
-0.0974008
-0.103516
-0.110002
-0.116879
-0.124168
-0.131891
-0.14007
-0.148723
-0.157867
-0.167508
-0.177646
-0.188266
-0.199335
-0.210789
-0.222503
-0.234213
-0.245361
-0.256336
-0.271167
-0.288342
-0.304838
-0.342611
-0.377965
-0.428774
-0.515494
-0.547912
-0.606944
-0.646992
-0.662325
-0.634161
-0.216038
0.073205
-0.125034
-0.43786
-1.02807
-1.84285
-2.35413
-4.47278
-9.87921
-13.2469
-8.29408
3.9143
6.85889
4.76001
3.41298
2.60437
2.08342
1.7257
1.46592
1.26887
1.1142
0.989465
0.886634
0.800315
0.726753
0.663257
0.607851
0.559049
0.515717
0.47697
0.442104
0.410566
0.3819
0.35574
0.331783
0.309769
0.289488
0.270753
0.253408
0.237323
0.222379
0.208473
0.195518
0.183435
0.172153
0.161609
0.151743
0.142503
0.133845
0.125732
0.118132
0.111012
0.10434
0.0980844
0.0922126
0.0866942
0.0815021
0.0766143
0.0720128
0.0676833
0.0636128
0.0597874
0.0561925
0.0528125
0.0496327
0.0466399
0.043822
0.0411674
0.0386647
0.0363022
0.0340698
0.0319595
0.0299661
0.0280861
0.026316
0.0246516
0.0230866
0.0216133
0.0202233
0.0189085
0.0176621
0.0164782
0.0153524
0.0142809
0.0132607
0.0122886
0.0113617
0.0104768
0.00963106
0.0088213
0.00804457
0.00729801
0.0065787
0.0058834
0.00521749
0.00455812
0.00391509
0.00328834
0.00267499
0.00207212
0.00147738
0.000888525
0.000303244
-0.000280833
-0.000866111
-0.00145481
-0.00204897
-0.00265065
-0.00326198
-0.00388537
-0.00452333
-0.00517822
-0.00585238
-0.00654823
-0.00726836
-0.00801555
-0.00879246
-0.00960189
-0.0104468
-0.0113304
-0.0122558
-0.0132265
-0.0142461
-0.0153184
-0.0164472
-0.0176366
-0.0188909
-0.0202144
-0.0216121
-0.0230894
-0.0246521
-0.026307
-0.0280611
-0.0299222
-0.0318979
-0.033996
-0.0362238
-0.0385882
-0.0410968
-0.0437571
-0.046578
-0.0495691
-0.0527412
-0.0561058
-0.0596754
-0.0634637
-0.0674858
-0.0717578
-0.0762963
-0.0811175
-0.0862373
-0.0916723
-0.0974401
-0.10356
-0.110051
-0.116933
-0.124228
-0.131958
-0.140145
-0.148808
-0.157963
-0.167617
-0.17777
-0.18841
-0.199506
-0.210999
-0.222775
-0.234609
-0.246077
-0.257029
-0.267754
-0.278096
-0.283034
-0.322257
-0.327237
-0.396931
-0.489042
-0.5244
-0.654658
-0.645343
-0.793718
-1.1324
-1.51194
0.0163609
-0.191481
-0.525997
-1.11675
-1.9457
-2.71215
-4.67487
-9.06981
-11.8769
-7.39538
2.31608
5.03273
4.13433
3.20978
2.52239
2.04309
1.70262
1.45133
1.25898
1.10716
0.984272
0.882688
0.797241
0.724308
0.661277
0.606222
0.55769
0.514569
0.475989
0.441259
0.409829
0.381253
0.355167
0.331273
0.309312
0.289075
0.270379
0.253068
0.237012
0.222095
0.208212
0.195277
0.183212
0.171947
0.161417
0.151564
0.142336
0.13369
0.125587
0.117996
0.110884
0.10422
0.0979716
0.0921061
0.0865934
0.0814067
0.0765241
0.0719277
0.0676031
0.0635372
0.0597161
0.0561249
0.0527483
0.0495716
0.0465816
0.0437665
0.0411148
0.0386146
0.0362545
0.0340243
0.0319161
0.0299246
0.0280464
0.0262781
0.0246153
0.0230518
0.0215798
0.020191
0.0188773
0.0176318
0.0164489
0.0153239
0.0142532
0.0132337
0.0122621
0.0113356
0.0104512
0.00960558
0.00879584
0.00801887
0.00727152
0.00655079
0.00585442
0.00517055
0.00452094
0.00388848
0.00326865
0.00265972
0.00206
0.00146773
0.00088106
0.00029769
-0.000284802
-0.000868687
-0.00145595
-0.00204866
-0.00264912
-0.00325965
-0.00388245
-0.0045197
-0.00517382
-0.00584724
-0.00654239
-0.0072618
-0.00800819
-0.00878427
-0.00959284
-0.0104369
-0.0113194
-0.0122437
-0.0132133
-0.0142316
-0.0153026
-0.01643
-0.0176179
-0.0188705
-0.0201923
-0.0215881
-0.0230633
-0.0246239
-0.0262765
-0.0280282
-0.0298867
-0.0318597
-0.0339548
-0.0361794
-0.0385404
-0.0410454
-0.043702
-0.0465188
-0.0495056
-0.0526732
-0.0560331
-0.0595976
-0.0633806
-0.0673969
-0.0716629
-0.076195
-0.0810091
-0.0861213
-0.0915481
-0.0973073
-0.103418
-0.109899
-0.116772
-0.124057
-0.131776
-0.139951
-0.148603
-0.157747
-0.16739
-0.177535
-0.188169
-0.199267
-0.210775
-0.222598
-0.234562
-0.246404
-0.25825
-0.271746
-0.289913
-0.3116
-0.346579
-0.378837
-0.433547
-0.502801
-0.544042
-0.608197
-0.638783
-0.697249
-0.673018
-0.689254
-0.0238308
-0.245844
-0.589524
-1.14424
-1.88573
-2.60094
-4.46916
-8.13116
-9.7928
-6.21329
1.91843
4.30019
3.7583
3.02184
2.43179
1.9956
1.67522
1.43419
1.24758
1.09921
0.978512
0.878386
0.793948
0.721732
0.659224
0.60456
0.556324
0.513433
0.475033
0.440445
0.409131
0.380648
0.354639
0.330808
0.308901
0.288708
0.270051
0.252773
0.236746
0.221854
0.207993
0.195078
0.18303
0.17178
0.161264
0.151423
0.142206
0.13357
0.125477
0.117894
0.11079
0.104132
0.0978898
0.0920295
0.0865217
0.0813397
0.0764617
0.0718698
0.0675497
0.0634879
0.0596705
0.0560826
0.0527089
0.0495349
0.0465474
0.0437348
0.0410855
0.0385877
0.0362298
0.0340016
0.0318954
0.0299058
0.0280293
0.0262627
0.0246015
0.0230395
0.0215688
0.0201813
0.0188689
0.0176246
0.0164429
0.0153191
0.0142496
0.0132312
0.0122609
0.0113357
0.0104525
0.0096082
0.00879985
0.00802442
0.00727907
0.006561
0.00586681
0.005202
0.0045427
0.00390107
0.00327619
0.00266457
0.00206314
0.00146985
0.0008825
0.000298555
-0.000284186
-0.000867813
-0.00145462
-0.00204694
-0.00264697
-0.003257
-0.00387929
-0.00451605
-0.00516965
-0.00584253
-0.00653714
-0.00725602
-0.00800186
-0.00877737
-0.00958536
-0.0104288
-0.0113107
-0.0122344
-0.0132033
-0.0142211
-0.0152914
-0.0164181
-0.0176053
-0.0188572
-0.0201782
-0.0215732
-0.0230476
-0.0246072
-0.0262588
-0.0280096
-0.029867
-0.031839
-0.033933
-0.0361563
-0.0385161
-0.0410198
-0.043675
-0.0464904
-0.0494758
-0.052642
-0.0560004
-0.0595635
-0.063345
-0.0673599
-0.0716244
-0.0761548
-0.0809671
-0.0860774
-0.0915022
-0.0972595
-0.103368
-0.109849
-0.11672
-0.124005
-0.131725
-0.139902
-0.148556
-0.157705
-0.167356
-0.177512
-0.188166
-0.199294
-0.210855
-0.222772
-0.23492
-0.247155
-0.259672
-0.273609
-0.288356
-0.301966
-0.334306
-0.350828
-0.414995
-0.476903
-0.52771
-0.616209
-0.639298
-0.760348
-0.912829
-1.14811
-0.0641343
-0.298888
-0.650502
-1.19907
-1.93444
-2.67943
-4.27806
-7.25428
-8.30236
-5.19436
1.55726
3.53213
3.36256
2.82103
2.32895
1.93893
1.64149
1.41269
1.23307
1.08897
0.971019
0.872739
0.789586
0.71829
0.656458
0.602301
0.554454
0.511865
0.473703
0.439305
0.408144
0.379787
0.353882
0.330138
0.308302
0.288171
0.269567
0.252336
0.236349
0.221492
0.207662
0.194775
0.182752
0.171524
0.161027
0.151204
0.142002
0.13338
0.125301
0.11773
0.110637
0.10399
0.0977557
0.0919034
0.0864029
0.081228
0.0763567
0.0717715
0.0674578
0.063402
0.0595901
0.056007
0.0526375
0.0494674
0.0464837
0.0436747
0.0410289
0.0385344
0.0361797
0.0339545
0.031851
0.0298639
0.0279899
0.0262256
0.0245665
0.0230063
0.0215374
0.0201515
0.0188405
0.0175977
0.0164172
0.0152946
0.0142263
0.013209
0.0122396
0.0113151
0.0104325
0.00958877
0.00878074
0.00800542
0.00725974
0.00654062
0.0058462
0.00516581
0.00451832
0.00388628
0.00326682
0.00265842
0.00205932
0.00146772
0.000881368
0.000298273
-0.000283635
-0.000866496
-0.00145255
-0.00204409
-0.00264334
-0.00325256
-0.003874
-0.0045099
-0.00516263
-0.0058346
-0.00652827
-0.00724619
-0.00799103
-0.00876548
-0.00957236
-0.0104146
-0.0112953
-0.0122177
-0.0131853
-0.0142016
-0.0152704
-0.0163955
-0.0175811
-0.0188312
-0.0201503
-0.0215433
-0.0230155
-0.0245729
-0.026222
-0.0279702
-0.029825
-0.031794
-0.033885
-0.036105
-0.0384613
-0.0409614
-0.0436127
-0.046424
-0.0494051
-0.0525667
-0.0559204
-0.0594786
-0.0632549
-0.0672643
-0.071523
-0.0760471
-0.0808525
-0.0859554
-0.0913723
-0.0971214
-0.103222
-0.109693
-0.116556
-0.123832
-0.131543
-0.139712
-0.148359
-0.1575
-0.167146
-0.177301
-0.18796
-0.199105
-0.210703
-0.222699
-0.235012
-0.247593
-0.260699
-0.275316
-0.292089
-0.313879
-0.347663
-0.383562
-0.43198
-0.492523
-0.538215
-0.60671
-0.635883
-0.702644
-0.725477
-0.878565
-0.102294
-0.342994
-0.690244
-1.20609
-1.87457
-2.63421
-4.05944
-6.36195
-7.13644
-4.34538
1.14598
2.89493
2.99684
2.61867
2.21873
1.87591
1.6031
1.38788
1.21621
1.07703
0.962259
0.86613
0.784478
0.714261
0.653222
0.599661
0.55227
0.510035
0.472153
0.437978
0.406998
0.378788
0.353005
0.329362
0.307612
0.287553
0.269011
0.251833
0.235893
0.221077
0.207284
0.194429
0.182434
0.171232
0.160757
0.150954
0.141771
0.133166
0.125102
0.117545
0.110465
0.103829
0.0976053
0.0917622
0.0862702
0.0811034
0.0762401
0.0716626
0.0673563
0.0633074
0.0595017
0.0559242
0.0525597
0.0493941
0.0464147
0.04361
0.0409683
0.0384778
0.0361268
0.033905
0.0318048
0.0298208
0.0279497
0.0261881
0.0245315
0.0229738
0.0215071
0.0201232
0.0188142
0.0175733
0.0163946
0.0152739
0.0142073
0.0131917
0.012224
0.0113013
0.0104204
0.00957839
0.00877216
0.00799874
0.00725525
0.00653897
0.00584632
0.00518122
0.00452349
0.003885
0.00326332
0.00265464
0.00205622
0.00146542
0.000879944
0.000297727
-0.00028332
-0.000865342
-0.00145057
-0.00204126
-0.00263965
-0.00324799
-0.00386852
-0.0045035
-0.00515528
-0.00582627
-0.00651895
-0.00723585
-0.00797963
-0.00875298
-0.00955872
-0.0103998
-0.0112792
-0.0122003
-0.0131665
-0.0141814
-0.0152487
-0.0163723
-0.0175562
-0.0188046
-0.0201218
-0.0215128
-0.022983
-0.0245381
-0.026185
-0.0279307
-0.0297829
-0.0317492
-0.0338372
-0.0360541
-0.038407
-0.0409036
-0.0435513
-0.0463588
-0.0493358
-0.0524933
-0.0558427
-0.0593964
-0.063168
-0.0671726
-0.0714261
-0.0759445
-0.0807439
-0.0858402
-0.0912503
-0.0969923
-0.103086
-0.10955
-0.116407
-0.123676
-0.131381
-0.139545
-0.148188
-0.157326
-0.166974
-0.177135
-0.187809
-0.198983
-0.210635
-0.222732
-0.235234
-0.248159
-0.261822
-0.277059
-0.294547
-0.315399
-0.344819
-0.368353
-0.424694
-0.473906
-0.529085
-0.598376
-0.63615
-0.728558
-0.843904
-0.978941
-0.135898
-0.383207
-0.734541
-1.23303
-1.85789
-2.58355
-3.83379
-5.73423
-6.13912
-3.69268
0.819023
2.38201
2.66239
2.42033
2.10374
1.80773
1.56055
1.35997
1.19707
1.06338
0.952212
0.858527
0.778589
0.709606
0.649478
0.596602
0.549737
0.507911
0.470352
0.436435
0.405664
0.377625
0.351983
0.328457
0.306806
0.286831
0.268361
0.251246
0.235361
0.220592
0.206842
0.194024
0.182063
0.170889
0.160441
0.150662
0.1415
0.132915
0.124869
0.117329
0.110263
0.10364
0.0974284
0.0915961
0.0861142
0.0809569
0.0761029
0.0715344
0.0672367
0.0631959
0.0593975
0.0558264
0.0524677
0.0493074
0.046333
0.0435332
0.0408963
0.0384104
0.0360637
0.033846
0.0317495
0.0297691
0.0279014
0.0261429
0.0244892
0.0229341
0.0214699
0.0200883
0.0187815
0.0175426
0.016366
0.0152471
0.0141823
0.0131683
0.0122021
0.0112808
0.0104011
0.00956011
0.00875473
0.00798196
0.0072388
0.00652221
0.00583037
0.0051555
0.00450964
0.00387728
0.00325764
0.00265008
0.00205264
0.00146284
0.000878392
0.000297206
-0.000282823
-0.000863847
-0.00144808
-0.00203777
-0.00263513
-0.00324242
-0.00386187
-0.00449574
-0.00514639
-0.00581623
-0.00650771
-0.00722339
-0.00796589
-0.00873792
-0.00954226
-0.0103819
-0.0112598
-0.0121793
-0.0131439
-0.014157
-0.0152225
-0.0163442
-0.0175261
-0.0187723
-0.0200873
-0.0214759
-0.0229435
-0.0244959
-0.0261399
-0.0278826
-0.0297316
-0.0316945
-0.0337788
-0.0359918
-0.0383407
-0.040833
-0.0434762
-0.0462789
-0.0492509
-0.0524032
-0.0557472
-0.0592953
-0.063061
-0.0670594
-0.0713063
-0.0758177
-0.0806093
-0.0856973
-0.0910987
-0.0968318
-0.102916
-0.109372
-0.116219
-0.12348
-0.131177
-0.139333
-0.147969
-0.157103
-0.166749
-0.176914
-0.187602
-0.198805
-0.210511
-0.222707
-0.235392
-0.248639
-0.262786
-0.27858
-0.296764
-0.318588
-0.348916
-0.382726
-0.430046
-0.483359
-0.531331
-0.59269
-0.633027
-0.693052
-0.768388
-0.906302
-0.165624
-0.415066
-0.757597
-1.23114
-1.81797
-2.51142
-3.60273
-5.0948
-5.30461
-3.15977
0.560642
1.96448
2.35959
2.22968
1.98699
1.73597
1.51472
1.32943
1.1759
1.04819
0.940968
0.849989
0.771957
0.704354
0.645246
0.59314
0.546866
0.505501
0.468307
0.434682
0.404147
0.376302
0.35082
0.327428
0.305889
0.286009
0.267621
0.250577
0.234754
0.22004
0.206337
0.193562
0.181639
0.170499
0.160081
0.150328
0.141191
0.132628
0.124603
0.117081
0.110033
0.103425
0.0972265
0.0914065
0.0859361
0.0807899
0.0759464
0.0713882
0.0671003
0.0630686
0.0592784
0.0557147
0.0523626
0.0492084
0.0462398
0.0434456
0.0408142
0.0383335
0.0359918
0.0337787
0.0316865
0.0297102
0.0278462
0.0260913
0.0244409
0.0228889
0.0214275
0.0200486
0.0187443
0.0175078
0.0163334
0.0152168
0.0141541
0.0131421
0.0121779
0.0112584
0.0103806
0.00954145
0.00873799
0.00796723
0.00722624
0.00651228
0.00582206
0.00515609
0.00450254
0.00386959
0.00325116
0.00264484
0.00204855
0.00145989
0.000876619
0.000296603
-0.00028227
-0.000862152
-0.00144525
-0.00203378
-0.00262997
-0.00323606
-0.00385428
-0.0044869
-0.00513626
-0.00580477
-0.0064949
-0.00720917
-0.00795022
-0.00872073
-0.00952349
-0.0103614
-0.0112376
-0.0121554
-0.013118
-0.0141292
-0.0151926
-0.0163121
-0.0174917
-0.0187355
-0.0200479
-0.0214338
-0.0228984
-0.0244478
-0.0260885
-0.0278278
-0.0296731
-0.0316322
-0.0337124
-0.035921
-0.0382651
-0.0407526
-0.0433906
-0.0461879
-0.0491543
-0.0523006
-0.0556384
-0.0591801
-0.0629392
-0.0669306
-0.07117
-0.0756732
-0.0804561
-0.0855347
-0.0909262
-0.0966491
-0.102723
-0.109169
-0.116006
-0.123257
-0.130945
-0.139092
-0.14772
-0.156849
-0.166493
-0.176663
-0.187364
-0.198597
-0.21036
-0.222659
-0.235524
-0.249072
-0.263649
-0.27995
-0.298733
-0.321253
-0.350904
-0.38227
-0.429058
-0.475646
-0.527723
-0.587052
-0.632145
-0.708746
-0.805068
-0.90917
-0.192801
-0.443206
-0.779439
-1.22738
-1.7743
-2.42529
-3.375
-4.54535
-4.6071
-2.72593
0.353499
1.62354
2.08786
2.04882
1.87082
1.66188
1.46632
1.29667
1.15294
1.03158
0.928612
0.840567
0.764617
0.698526
0.640541
0.589285
0.543666
0.502812
0.466022
0.432722
0.402451
0.374822
0.349518
0.326275
0.304861
0.285088
0.266791
0.249827
0.234073
0.21942
0.205771
0.193043
0.181162
0.170061
0.159676
0.149954
0.140844
0.132306
0.124303
0.116803
0.109773
0.103183
0.0969996
0.0911935
0.0857361
0.0806022
0.0757707
0.0712241
0.0669472
0.0629256
0.0591447
0.0555892
0.0522445
0.0490971
0.0461351
0.0433472
0.0407219
0.0382471
0.0359109
0.033703
0.0316158
0.029644
0.0277843
0.0260333
0.0243867
0.0228381
0.0213799
0.020004
0.0187025
0.0174687
0.0162969
0.0151827
0.0141224
0.0131127
0.0121506
0.0112332
0.0103574
0.00952008
0.0087183
0.00794899
0.00720918
0.006496
0.00580713
0.00513862
0.00449229
0.00386093
0.00324389
0.00263895
0.00204396
0.0014566
0.000874633
0.000295924
-0.000281653
-0.000860249
-0.00144206
-0.00202929
-0.00262417
-0.00322891
-0.00384574
-0.00447695
-0.00512487
-0.00579189
-0.00648049
-0.00719318
-0.00793259
-0.0087014
-0.00950238
-0.0103385
-0.0112127
-0.0121284
-0.0130889
-0.0140979
-0.015159
-0.0162761
-0.0174531
-0.0186941
-0.0200036
-0.0213864
-0.0228478
-0.0243937
-0.0260308
-0.0277662
-0.0296074
-0.0315622
-0.0336377
-0.0358413
-0.0381802
-0.0406622
-0.0432945
-0.0460856
-0.0490456
-0.0521852
-0.0555161
-0.0590506
-0.0628022
-0.0667857
-0.0710166
-0.0755107
-0.0802837
-0.0853517
-0.0907322
-0.0964437
-0.102506
-0.10894
-0.115766
-0.123006
-0.130683
-0.13882
-0.14744
-0.156562
-0.166204
-0.176377
-0.187093
-0.198357
-0.210178
-0.222579
-0.235618
-0.249445
-0.264416
-0.281171
-0.300458
-0.323507
-0.352735
-0.384965
-0.429387
-0.476282
-0.525656
-0.5822
-0.629127
-0.689307
-0.777236
-0.883757
-0.216082
-0.464241
-0.790127
-1.21436
-1.72532
-2.32795
-3.15221
-4.06466
-4.02051
-2.37035
0.189282
1.3442
1.84567
1.87898
1.75695
1.58665
1.41605
1.26209
1.12843
1.0137
0.915235
0.830322
0.756608
0.692151
0.635383
0.585052
0.540146
0.49985
0.463504
0.43056
0.400577
0.373186
0.348078
0.324999
0.303724
0.284068
0.265872
0.248996
0.233319
0.218733
0.205144
0.192469
0.180635
0.169574
0.159227
0.149538
0.140459
0.131949
0.123972
0.116494
0.109486
0.102914
0.0967477
0.0909572
0.0855142
0.0803941
0.0755759
0.071042
0.0667773
0.062767
0.0589962
0.0554499
0.0521134
0.0489736
0.0460188
0.043238
0.0406194
0.0381512
0.0358212
0.0336191
0.0315372
0.0295705
0.0277155
0.025969
0.0243265
0.0227817
0.021327
0.0199544
0.0186561
0.0174253
0.0162564
0.0151449
0.0140872
0.0130801
0.0121204
0.0112053
0.0103316
0.00949638
0.00869659
0.00792922
0.00719145
0.00648049
0.00579356
0.00512801
0.00448114
0.00385132
0.00323582
0.00263239
0.00203886
0.00145295
0.000872433
0.000295169
-0.000280971
-0.000858139
-0.00143852
-0.00202431
-0.00261772
-0.00322096
-0.00383626
-0.00446591
-0.00511222
-0.00577759
-0.00646449
-0.00717543
-0.00791302
-0.00867993
-0.00947894
-0.010313
-0.0111851
-0.0120985
-0.0130567
-0.0140632
-0.0151217
-0.016236
-0.0174102
-0.0186482
-0.0199545
-0.0213338
-0.0227915
-0.0243336
-0.0259666
-0.0276978
-0.0295345
-0.0314844
-0.0335549
-0.0357529
-0.0380859
-0.0405619
-0.0431877
-0.0459721
-0.0489249
-0.0520572
-0.0553803
-0.0589068
-0.0626501
-0.0666247
-0.0708462
-0.0753301
-0.0800921
-0.0851485
-0.0905167
-0.0962156
-0.102265
-0.108687
-0.1155
-0.122727
-0.130392
-0.138518
-0.147128
-0.156242
-0.165881
-0.176058
-0.186787
-0.198082
-0.209961
-0.222463
-0.235668
-0.249752
-0.265074
-0.282233
-0.301961
-0.32539
-0.354312
-0.386909
-0.429443
-0.474798
-0.523368
-0.577837
-0.626692
-0.693755
-0.781897
-0.870005
-0.236971
-0.481818
-0.796406
-1.19652
-1.6726
-2.22498
-2.93789
-3.64327
-3.52502
-2.07615
0.0605899
1.11462
1.63101
1.72074
1.64661
1.51136
1.3645
1.22607
1.1026
0.994709
0.900931
0.819314
0.747971
0.685255
0.629791
0.580453
0.536316
0.496624
0.460757
0.428199
0.39853
0.371397
0.346503
0.323603
0.302479
0.282951
0.264866
0.248086
0.232492
0.21798
0.204455
0.191838
0.180055
0.169041
0.158734
0.149082
0.140036
0.131557
0.123607
0.116155
0.109169
0.102618
0.0964709
0.0906975
0.0852706
0.0801657
0.075362
0.0708422
0.0665907
0.0625927
0.0588331
0.0552967
0.0519693
0.0488379
0.0458911
0.043118
0.0405069
0.0380458
0.0357225
0.0335268
0.0314509
0.0294897
0.02764
0.0258983
0.0242603
0.0227197
0.0212689
0.0199
0.0186051
0.0173776
0.0162118
0.0151034
0.0140486
0.0130442
0.0120872
0.0111746
0.0103033
0.00947036
0.00867274
0.00790746
0.00717164
0.00646243
0.00577716
0.00511362
0.00446886
0.00384076
0.00322696
0.00262519
0.00203327
0.00144895
0.000870021
0.000294341
-0.000280224
-0.000855821
-0.00143463
-0.00201883
-0.00261062
-0.00321222
-0.00382584
-0.00445377
-0.00509831
-0.00576188
-0.00644691
-0.00715592
-0.00789151
-0.00865634
-0.00945318
-0.0102849
-0.0111547
-0.0120656
-0.0130212
-0.014025
-0.0150807
-0.016192
-0.017363
-0.0185977
-0.0199004
-0.021276
-0.0227297
-0.0242676
-0.0258962
-0.0276226
-0.0294544
-0.0313991
-0.0334639
-0.0356558
-0.0379823
-0.0404517
-0.0430705
-0.0458474
-0.0487924
-0.0519164
-0.0552311
-0.0587488
-0.0624828
-0.0664477
-0.0706588
-0.0751315
-0.0798815
-0.084925
-0.0902797
-0.0959648
-0.102001
-0.108408
-0.115207
-0.12242
-0.130072
-0.138185
-0.146784
-0.155889
-0.165523
-0.175703
-0.186446
-0.197772
-0.209707
-0.222305
-0.235668
-0.249987
-0.265622
-0.283136
-0.303233
-0.32694
-0.355626
-0.388347
-0.429322
-0.473505
-0.521082
-0.573842
-0.623777
-0.685356
-0.769638
-0.855309
-0.254121
-0.493935
-0.796851
-1.17406
-1.61597
-2.119
-2.73328
-3.27305
-3.10488
-1.83117
-0.0392439
0.925779
1.44156
1.57425
1.54064
1.43685
1.31225
1.18898
1.07569
0.974742
0.885794
0.807606
0.738749
0.677869
0.623786
0.575505
0.532188
0.493141
0.457788
0.425645
0.396314
0.369459
0.344796
0.322088
0.301128
0.281739
0.263773
0.247097
0.231594
0.217161
0.203707
0.191152
0.179425
0.16846
0.158198
0.148586
0.139576
0.131129
0.12321
0.115786
0.108825
0.102296
0.0961693
0.0904147
0.0850053
0.079917
0.0751292
0.0706246
0.0663875
0.0624029
0.0586554
0.0551299
0.0518123
0.04869
0.0457519
0.0429872
0.0403843
0.037931
0.0356151
0.0334263
0.0313568
0.0294017
0.0275576
0.0258213
0.0241881
0.0226521
0.0212056
0.0198406
0.0185495
0.0173256
0.0161633
0.0150581
0.0140065
0.0130052
0.012051
0.0111411
0.0102725
0.00944201
0.00864676
0.00788376
0.00715014
0.00644312
0.0057601
0.0050983
0.00445548
0.00382927
0.0032173
0.00261734
0.00202718
0.00144459
0.000867395
0.000293438
-0.000279411
-0.000853296
-0.00143038
-0.00201285
-0.00260289
-0.00320269
-0.00381448
-0.00444053
-0.00508316
-0.00574475
-0.00642775
-0.00713466
-0.00786807
-0.00863063
-0.0094251
-0.0102544
-0.0111215
-0.0120298
-0.0129825
-0.0139834
-0.0150359
-0.0161441
-0.0173116
-0.0185426
-0.0198415
-0.021213
-0.0226624
-0.0241957
-0.0258194
-0.0275407
-0.0293671
-0.0313061
-0.0333647
-0.0355501
-0.0378694
-0.0403317
-0.0429428
-0.0457115
-0.0486479
-0.051763
-0.0550685
-0.0585765
-0.0623004
-0.0662546
-0.0704544
-0.0749149
-0.0796517
-0.0846813
-0.0900214
-0.0956914
-0.101712
-0.108103
-0.114887
-0.122086
-0.129722
-0.137821
-0.146407
-0.155503
-0.165131
-0.175312
-0.186068
-0.197422
-0.209412
-0.222103
-0.235611
-0.250144
-0.266055
-0.283878
-0.304281
-0.328187
-0.356676
-0.389345
-0.429029
-0.472159
-0.518762
-0.5701
-0.620709
-0.681876
-0.763698
-0.843056
-0.269037
-0.502718
-0.793121
-1.1479
-1.55681
-2.01253
-2.53984
-2.94701
-2.74715
-1.62616
-0.120829
0.775608
1.27492
1.43932
1.4396
1.36378
1.25985
1.15114
1.04792
0.953947
0.86992
0.795264
0.728985
0.670024
0.617391
0.570223
0.527773
0.489411
0.454604
0.422902
0.393931
0.367374
0.342958
0.320457
0.299672
0.280432
0.262595
0.24603
0.230624
0.216277
0.202899
0.190411
0.178744
0.167832
0.157618
0.148049
0.139078
0.130667
0.12278
0.115386
0.108452
0.101948
0.095843
0.0901089
0.0847184
0.0796481
0.0748776
0.0703894
0.0661678
0.0621975
0.058463
0.0549493
0.0516423
0.04853
0.0456014
0.0428458
0.0402517
0.0378067
0.0354988
0.0333175
0.031255
0.0293065
0.0274685
0.0257379
0.0241101
0.0225789
0.021137
0.0197764
0.0184894
0.0172694
0.0161108
0.0150092
0.013961
0.0129629
0.0120119
0.0111049
0.0102391
0.00941134
0.00861867
0.00785813
0.00712688
0.00642214
0.00574122
0.00508171
0.004441
0.00381683
0.00320686
0.00260884
0.00202058
0.00143988
0.000864556
0.000292461
-0.000278532
-0.000850563
-0.00142579
-0.00200638
-0.00259451
-0.00319237
-0.00380219
-0.00442621
-0.00506676
-0.00572621
-0.00640701
-0.00711165
-0.00784269
-0.0086028
-0.00939471
-0.0102213
-0.0110857
-0.011991
-0.0129407
-0.0139383
-0.0149875
-0.0160921
-0.0172559
-0.018483
-0.0197777
-0.0211448
-0.0225895
-0.0241178
-0.0257363
-0.0274521
-0.0292727
-0.0312055
-0.0332575
-0.0354357
-0.0377473
-0.0402019
-0.0428047
-0.0455646
-0.0484917
-0.0515971
-0.0548924
-0.05839
-0.0621029
-0.0660456
-0.070233
-0.0746803
-0.0794029
-0.0844173
-0.0897416
-0.0953954
-0.101399
-0.107774
-0.114541
-0.121723
-0.129343
-0.137427
-0.145998
-0.155083
-0.164704
-0.174885
-0.185651
-0.197034
-0.209075
-0.221852
-0.235495
-0.250218
-0.266373
-0.284461
-0.305113
-0.329155
-0.357466
-0.389966
-0.42856
-0.470735
-0.516404
-0.566526
-0.617397
-0.677197
-0.755842
-0.831919
-0.280889
-0.507941
-0.785608
-1.11859
-1.49594
-1.90719
-2.35831
-2.65942
-2.44117
-1.45352
-0.178703
0.648332
1.12842
1.31553
1.34384
1.29268
1.20773
1.11287
1.01948
0.932462
0.853403
0.78235
0.718725
0.66175
0.610628
0.564624
0.523085
0.485442
0.451212
0.419977
0.391388
0.365146
0.340992
0.318712
0.298113
0.279032
0.261332
0.244886
0.229584
0.215328
0.202031
0.189615
0.178012
0.167158
0.156995
0.147472
0.138543
0.13017
0.122319
0.114956
0.108051
0.101573
0.0954922
0.08978
0.0844101
0.0793592
0.0746071
0.0701366
0.0659316
0.0619767
0.0582562
0.054755
0.0514596
0.0483579
0.0454395
0.0426937
0.040109
0.0376732
0.0353738
0.0332005
0.0311456
0.0292041
0.0273727
0.0256482
0.0240261
0.0225003
0.0210633
0.0197073
0.0184247
0.0172089
0.0160543
0.0149566
0.013912
0.0129175
0.0119698
0.011066
0.0102032
0.00937837
0.00858846
0.00783058
0.00710188
0.00639961
0.00572113
0.00506389
0.00442544
0.00380345
0.00319562
0.0025997
0.0020135
0.00143482
0.000861505
0.000291412
-0.000277586
-0.000847624
-0.00142085
-0.00199942
-0.0025855
-0.00318128
-0.00378896
-0.0044108
-0.00504912
-0.00570627
-0.0063847
-0.00708689
-0.0078154
-0.00857286
-0.00936201
-0.0101857
-0.0110471
-0.0119492
-0.0128957
-0.0138898
-0.0149355
-0.0160362
-0.017196
-0.0184189
-0.0197091
-0.0210714
-0.022511
-0.0240341
-0.025647
-0.0273569
-0.0291712
-0.0310973
-0.0331423
-0.0353128
-0.0376159
-0.0400624
-0.0426563
-0.0454066
-0.0483236
-0.0514185
-0.054703
-0.0581893
-0.0618904
-0.0658206
-0.0699947
-0.0744277
-0.079135
-0.0841332
-0.0894406
-0.0950769
-0.101063
-0.10742
-0.114169
-0.121332
-0.128935
-0.137001
-0.145557
-0.154628
-0.164241
-0.174421
-0.185196
-0.196603
-0.208692
-0.221549
-0.235313
-0.250207
-0.266573
-0.284886
-0.305737
-0.329863
-0.358002
-0.390258
-0.427912
-0.46921
-0.513996
-0.563047
-0.613893
-0.672679
-0.74838
-0.821795
-0.290537
-0.51029
-0.774991
-1.08685
-1.43419
-1.8041
-2.18811
-2.40532
-2.17816
-1.30721
-0.218355
0.540813
0.999758
1.20233
1.25353
1.2239
1.15627
1.07444
0.990575
0.910422
0.836337
0.768929
0.708014
0.653081
0.603519
0.558725
0.518134
0.481244
0.447619
0.416874
0.388687
0.362778
0.338902
0.316854
0.296452
0.277541
0.259986
0.243667
0.228475
0.214316
0.201105
0.188766
0.177231
0.166438
0.15633
0.146856
0.137972
0.129639
0.121824
0.114496
0.107622
0.101172
0.0951169
0.0894284
0.0840805
0.0790503
0.0743181
0.0698664
0.0656791
0.0617405
0.0580348
0.0545471
0.051264
0.0481738
0.0452662
0.0425309
0.0399564
0.0375302
0.03524
0.0330753
0.0310284
0.0290945
0.0272701
0.0255522
0.0239362
0.0224161
0.0209844
0.0196334
0.0183555
0.0171442
0.0159939
0.0149003
0.0138597
0.0128688
0.0119247
0.0110244
0.0101649
0.00934309
0.00855615
0.00780112
0.00707515
0.00637551
0.00569958
0.00504482
0.00440878
0.00378914
0.0031836
0.00258992
0.00200591
0.00142941
0.000858243
0.00029029
-0.000276575
-0.000844478
-0.00141556
-0.00199196
-0.00257585
-0.0031694
-0.0037748
-0.00439432
-0.00503024
-0.00568494
-0.00636083
-0.0070604
-0.00778619
-0.00854082
-0.00932702
-0.0101477
-0.0110058
-0.0119046
-0.0128475
-0.013838
-0.0148797
-0.0159764
-0.0171319
-0.0183502
-0.0196356
-0.0209928
-0.0224271
-0.0239444
-0.0255513
-0.0272549
-0.0290626
-0.0309816
-0.033019
-0.0351814
-0.0374752
-0.0399132
-0.0424975
-0.0452375
-0.0481438
-0.0512275
-0.0545003
-0.0579745
-0.0616629
-0.0655797
-0.0697395
-0.0741571
-0.0788481
-0.083829
-0.0891183
-0.0947359
-0.100703
-0.10704
-0.11377
-0.120914
-0.128497
-0.136544
-0.145083
-0.154139
-0.163742
-0.173918
-0.184701
-0.19613
-0.208262
-0.221191
-0.235065
-0.250108
-0.266655
-0.285155
-0.306159
-0.330328
-0.358292
-0.390255
-0.427085
-0.467569
-0.511521
-0.559604
-0.610207
-0.668033
-0.740907
-0.812251
-0.297916
-0.510021
-0.761736
-1.05323
-1.37224
-1.70401
-2.02891
-2.18049
-1.95095
-1.1822
-0.244176
0.450142
0.886833
1.09906
1.16869
1.15773
1.10577
1.03612
0.961379
0.887951
0.818809
0.755065
0.696897
0.644049
0.59609
0.552543
0.512935
0.476828
0.443832
0.4136
0.385834
0.360274
0.336689
0.314886
0.294693
0.27596
0.258558
0.242372
0.227297
0.213241
0.200121
0.187863
0.1764
0.165672
0.155622
0.1462
0.137363
0.129074
0.121298
0.114006
0.107164
0.100745
0.0947172
0.089054
0.0837296
0.0787217
0.0740105
0.0695787
0.0654102
0.0614889
0.0577991
0.0543257
0.0510556
0.0479777
0.0450818
0.0423577
0.0397939
0.037378
0.0350975
0.0329419
0.0309036
0.0289777
0.0271609
0.0254499
0.0238404
0.0223264
0.0209004
0.0195547
0.0182818
0.0170752
0.0159295
0.0148403
0.0138039
0.012817
0.0118768
0.0109801
0.010124
0.00930553
0.00852175
0.00776974
0.00704668
0.00634986
0.00567664
0.00502452
0.00439105
0.0037739
0.0031708
0.0025795
0.00199784
0.00142364
0.00085477
0.000289095
-0.000275497
-0.000841127
-0.00140992
-0.00198402
-0.00256557
-0.00315674
-0.00375972
-0.00437675
-0.00501013
-0.00566221
-0.0063354
-0.00703218
-0.00775507
-0.00850669
-0.00928975
-0.0101071
-0.0109618
-0.011857
-0.0127961
-0.0137827
-0.0148203
-0.0159127
-0.0170636
-0.0182771
-0.0195574
-0.0209091
-0.0223377
-0.023849
-0.0254495
-0.0271464
-0.0289469
-0.0308585
-0.0328879
-0.0350416
-0.0373251
-0.0397545
-0.0423285
-0.0450575
-0.0479523
-0.051024
-0.0542844
-0.0577456
-0.0614205
-0.0653229
-0.0694674
-0.0738687
-0.0785422
-0.0835047
-0.0887747
-0.0943725
-0.100319
-0.106636
-0.113344
-0.120467
-0.128029
-0.136056
-0.144576
-0.153616
-0.163206
-0.173377
-0.184164
-0.195612
-0.207783
-0.220776
-0.234746
-0.249919
-0.266618
-0.285271
-0.306388
-0.330564
-0.358346
-0.389986
-0.426081
-0.465801
-0.508966
-0.556153
-0.606357
-0.663268
-0.733503
-0.803087
-0.303388
-0.507509
-0.746327
-1.01829
-1.3107
-1.60745
-1.88059
-1.9812
-1.75375
-1.07434
-0.259872
0.373929
0.787756
1.00506
1.08928
1.09434
1.05647
0.99812
0.932062
0.865169
0.800905
0.740819
0.685418
0.634686
0.588364
0.546097
0.507501
0.472203
0.43986
0.410161
0.382833
0.357637
0.334358
0.312811
0.292837
0.27429
0.25705
0.241004
0.226052
0.212103
0.199079
0.186907
0.175521
0.164861
0.154872
0.145505
0.136718
0.128474
0.120741
0.113486
0.106679
0.100292
0.0942934
0.0886571
0.0833577
0.0783733
0.0736844
0.0692738
0.0651251
0.0612221
0.057549
0.0540908
0.0508346
0.0477697
0.0448861
0.0421739
0.0396216
0.0372165
0.0349463
0.0328004
0.0307712
0.0288538
0.027045
0.0253414
0.0237388
0.0222312
0.0208112
0.0194711
0.0182036
0.0170021
0.0158613
0.0147767
0.0137447
0.0127621
0.0118259
0.010933
0.0100806
0.00926567
0.00848525
0.00773646
0.00701649
0.00632265
0.00565232
0.00500299
0.00437224
0.00375774
0.00315721
0.00256845
0.00198927
0.00141753
0.000851088
0.000287829
-0.000274353
-0.000837571
-0.00140394
-0.0019756
-0.00255467
-0.00314331
-0.00374371
-0.00435811
-0.00498879
-0.00563809
-0.00630842
-0.00700224
-0.00772205
-0.00847047
-0.00925019
-0.0100641
-0.0109151
-0.0118065
-0.0127417
-0.0137241
-0.0147573
-0.0158451
-0.0169911
-0.0181995
-0.0194743
-0.0208203
-0.0222428
-0.0237477
-0.0253415
-0.0270312
-0.0288243
-0.0307278
-0.0327488
-0.0348936
-0.0371674
-0.0395863
-0.0421492
-0.0448666
-0.0477491
-0.0508081
-0.0540553
-0.0575027
-0.0611631
-0.0650502
-0.0691784
-0.0735624
-0.0782174
-0.0831604
-0.08841
-0.0939868
-0.0999117
-0.106206
-0.112892
-0.119992
-0.127532
-0.135537
-0.144036
-0.153057
-0.162634
-0.172797
-0.183586
-0.195049
-0.207252
-0.220302
-0.234355
-0.249637
-0.266464
-0.285237
-0.306431
-0.330581
-0.358172
-0.389471
-0.4249
-0.4639
-0.506316
-0.552658
-0.60235
-0.658352
-0.726128
-0.794148
-0.307108
-0.503036
-0.729153
-0.982459
-1.25004
-1.51474
-1.74284
-1.80416
-1.58185
-0.980381
-0.268078
0.309959
0.700838
0.919645
1.01515
1.03384
1.00856
0.960631
0.902778
0.842186
0.782708
0.726251
0.673621
0.625025
0.580365
0.539404
0.501846
0.46738
0.435711
0.406563
0.37969
0.354873
0.33191
0.310632
0.290885
0.272535
0.255463
0.239564
0.22474
0.210905
0.197981
0.185899
0.174593
0.164005
0.15408
0.144771
0.136037
0.127841
0.120151
0.112936
0.106167
0.0998129
0.0938455
0.0882377
0.0829649
0.0780054
0.0733401
0.0689517
0.0648239
0.0609402
0.0572846
0.0538424
0.050601
0.0475498
0.0446793
0.0419797
0.0394394
0.0370458
0.0347865
0.0326508
0.0306312
0.0287228
0.0269224
0.0252267
0.0236314
0.0221306
0.0207169
0.0193828
0.0181209
0.0169248
0.0157891
0.0147094
0.0136821
0.012704
0.0117721
0.0108833
0.0100348
0.00922355
0.00844667
0.00770128
0.00698458
0.00629389
0.0056266
0.00498023
0.00435235
0.00374065
0.00314286
0.00255677
0.00198022
0.00141107
0.000847196
0.000286491
-0.000273143
-0.00083381
-0.00139762
-0.00196668
-0.00254313
-0.00312911
-0.00372679
-0.0043384
-0.00496623
-0.00561259
-0.00627989
-0.00697058
-0.00768715
-0.00843218
-0.00920837
-0.0100186
-0.0108657
-0.0117531
-0.0126841
-0.0136621
-0.0146907
-0.0157736
-0.0169145
-0.0181174
-0.0193865
-0.0207264
-0.0221425
-0.0236406
-0.0252272
-0.0269095
-0.0286946
-0.0305898
-0.0326019
-0.0347372
-0.037002
-0.0394087
-0.0419598
-0.0446647
-0.0475343
-0.0505798
-0.053813
-0.0572457
-0.0608908
-0.0647618
-0.0688727
-0.0732382
-0.0778737
-0.0827961
-0.0880243
-0.0935787
-0.0994808
-0.105752
-0.112414
-0.11949
-0.127004
-0.134986
-0.143462
-0.152464
-0.162024
-0.172177
-0.182964
-0.194438
-0.206669
-0.219766
-0.233889
-0.249263
-0.266191
-0.285055
-0.306294
-0.330392
-0.357781
-0.388729
-0.423544
-0.46186
-0.503557
-0.549091
-0.598192
-0.653269
-0.718764
-0.785325
-0.309275
-0.496889
-0.710574
-0.946147
-1.19063
-1.42609
-1.61522
-1.64654
-1.4314
-0.89781
-0.27073
0.256276
0.624587
0.842122
0.946119
0.976302
0.96218
0.923805
0.87366
0.819107
0.764292
0.711418
0.661548
0.615096
0.572116
0.532482
0.495983
0.462369
0.431393
0.402813
0.37641
0.351984
0.329351
0.30835
0.288841
0.270694
0.253798
0.238052
0.223362
0.209645
0.196827
0.184839
0.173617
0.163104
0.153247
0.143999
0.13532
0.127174
0.11953
0.112358
0.105627
0.0993085
0.0933737
0.0877961
0.0825513
0.077618
0.0729775
0.0686126
0.0645066
0.0606431
0.057006
0.0535807
0.0503548
0.0473181
0.0444615
0.0417751
0.0392475
0.036866
0.034618
0.0324931
0.0304836
0.0285847
0.0267932
0.0251058
0.0235182
0.0220245
0.0206176
0.0192898
0.0180338
0.0168434
0.015713
0.0146385
0.0136162
0.0126428
0.0117154
0.0108309
0.00998649
0.00917916
0.00840602
0.00766422
0.00695097
0.00626359
0.00559952
0.00495625
0.0043314
0.00372264
0.00312773
0.00254446
0.00197068
0.00140426
0.000843096
0.000285083
-0.000271867
-0.000829846
-0.00139095
-0.00195729
-0.00253097
-0.00311414
-0.00370896
-0.00431763
-0.00494245
-0.00558572
-0.00624983
-0.00693721
-0.00765035
-0.00839182
-0.00916429
-0.00997059
-0.0108137
-0.0116969
-0.0126234
-0.0135967
-0.0146204
-0.0156982
-0.0168337
-0.0180308
-0.0192939
-0.0206274
-0.0220367
-0.0235277
-0.0251069
-0.0267812
-0.028558
-0.0304444
-0.0324471
-0.0345725
-0.0368273
-0.0392217
-0.0417603
-0.0444521
-0.047308
-0.0503393
-0.0535576
-0.0569749
-0.0606038
-0.0644575
-0.0685502
-0.0728963
-0.0775112
-0.0824119
-0.0876175
-0.0931485
-0.0990263
-0.105272
-0.111909
-0.118959
-0.126448
-0.134403
-0.142855
-0.151834
-0.161376
-0.171517
-0.182299
-0.193779
-0.206031
-0.219166
-0.233348
-0.248795
-0.265802
-0.284729
-0.305983
-0.330005
-0.357182
-0.387773
-0.422016
-0.459677
-0.500681
-0.545433
-0.593884
-0.648012
-0.711389
-0.776537
-0.310056
-0.489313
-0.690901
-0.909686
-1.13278
-1.34161
-1.49725
-1.50586
-1.29922
-0.824649
-0.26931
0.211225
0.557709
0.771832
0.881963
0.921723
0.917432
0.887767
0.844827
0.79603
0.745731
0.696374
0.649242
0.604933
0.563641
0.52535
0.489926
0.457181
0.426914
0.398917
0.372997
0.348975
0.326682
0.305969
0.286706
0.26877
0.252058
0.236471
0.22192
0.208327
0.195618
0.183728
0.172594
0.16216
0.152373
0.143189
0.134567
0.126474
0.118878
0.11175
0.10506
0.0987786
0.0928782
0.0873323
0.082117
0.0772114
0.0725969
0.0682564
0.0641733
0.060331
0.0567133
0.0533056
0.0500961
0.0470747
0.0442326
0.0415601
0.0390458
0.036677
0.0344411
0.0323274
0.0303286
0.0284396
0.0266574
0.0249787
0.0233992
0.0219131
0.0205132
0.019192
0.0179423
0.0167578
0.0156331
0.0145641
0.0135469
0.0125785
0.0116558
0.0107759
0.00993574
0.00913252
0.00836332
0.00762527
0.00691564
0.00623176
0.00557106
0.00493106
0.00430939
0.00370372
0.00311183
0.00253153
0.00196066
0.00139711
0.000838788
0.000283603
-0.000270525
-0.000825679
-0.00138395
-0.00194742
-0.0025182
-0.00309841
-0.00369021
-0.00429581
-0.00491746
-0.00555748
-0.00621823
-0.00690214
-0.00761169
-0.00834941
-0.00911797
-0.00992019
-0.010759
-0.0116377
-0.0125595
-0.013528
-0.0145466
-0.0156189
-0.0167487
-0.0179399
-0.0191965
-0.0205234
-0.0219256
-0.0234091
-0.0249804
-0.0266465
-0.0284145
-0.0302916
-0.0322845
-0.0343996
-0.0366436
-0.0390252
-0.0415506
-0.0442287
-0.0470702
-0.0500865
-0.0532892
-0.0566902
-0.0603019
-0.0641376
-0.068211
-0.0725367
-0.07713
-0.0820079
-0.0871897
-0.092696
-0.0985483
-0.104768
-0.111377
-0.1184
-0.125861
-0.133789
-0.142214
-0.151169
-0.16069
-0.170815
-0.181589
-0.193071
-0.205338
-0.218503
-0.232729
-0.248233
-0.265297
-0.284261
-0.305506
-0.329429
-0.356384
-0.386616
-0.420318
-0.457349
-0.497677
-0.541668
-0.589426
-0.642576
-0.70398
-0.767733
-0.309608
-0.480537
-0.670412
-0.873357
-1.07671
-1.262
-1.38843
-1.37998
-1.18264
-0.759352
-0.264936
0.173342
0.499134
0.708137
0.82243
0.870075
0.874387
0.85262
0.816379
0.773039
0.727092
0.68117
0.636741
0.594564
0.554964
0.518025
0.48369
0.451828
0.422283
0.394883
0.369458
0.345851
0.323907
0.303492
0.284482
0.266766
0.250243
0.234821
0.220415
0.20695
0.194355
0.182567
0.171524
0.161172
0.151459
0.142341
0.133779
0.125741
0.118195
0.111113
0.104466
0.0982235
0.0923592
0.0868465
0.0816622
0.0767856
0.0721983
0.0678834
0.0638242
0.0600039
0.0564065
0.0530174
0.0498249
0.0468196
0.0439928
0.0413349
0.0388346
0.036479
0.0342556
0.0321538
0.030166
0.0282875
0.0265151
0.0248455
0.0232745
0.0217962
0.0204037
0.0190894
0.0178463
0.0166681
0.0155494
0.014486
0.0134743
0.0125111
0.0115934
0.0107182
0.00988255
0.00908364
0.00831856
0.00758446
0.00687863
0.0061984
0.00554123
0.00490467
0.00428632
0.0036839
0.00309517
0.00251797
0.00195015
0.00138962
0.000834275
0.000282054
-0.000269118
-0.000821311
-0.0013766
-0.00193707
-0.0025048
-0.00308192
-0.00367056
-0.00427293
-0.00489126
-0.00552787
-0.00618512
-0.00686539
-0.00757115
-0.00830494
-0.00906941
-0.00986735
-0.0107017
-0.0115757
-0.0124927
-0.013456
-0.0144692
-0.0155358
-0.0166597
-0.0178445
-0.0190945
-0.0204143
-0.0218091
-0.0232848
-0.0248478
-0.0265052
-0.0282641
-0.0301315
-0.0321141
-0.0342183
-0.0364508
-0.0388193
-0.0413309
-0.0439945
-0.0468209
-0.0498215
-0.0530078
-0.0563916
-0.0599854
-0.063802
-0.0678552
-0.0721595
-0.07673
-0.0815841
-0.0867411
-0.0922215
-0.098047
-0.104239
-0.11082
-0.117813
-0.125244
-0.133143
-0.14154
-0.150469
-0.159966
-0.170072
-0.180834
-0.192313
-0.204588
-0.217774
-0.232033
-0.247577
-0.264677
-0.283656
-0.304866
-0.328672
-0.355396
-0.385267
-0.418451
-0.454874
-0.49454
-0.537784
-0.584815
-0.636964
-0.696518
-0.758874
-0.308077
-0.470765
-0.649355
-0.837392
-1.02253
-1.18608
-1.28818
-1.26702
-1.07944
-0.7007
-0.258427
0.141775
0.447527
0.650425
0.767258
0.8213
0.833085
0.818441
0.788402
0.750213
0.70844
0.665857
0.624083
0.584019
0.546107
0.510524
0.477287
0.446319
0.417508
0.390716
0.365798
0.342615
0.321031
0.300921
0.282173
0.264682
0.248355
0.233103
0.218848
0.205515
0.193038
0.181356
0.170408
0.160141
0.150505
0.141456
0.132957
0.124975
0.117482
0.110448
0.103845
0.0976433
0.0918167
0.086339
0.0811871
0.0763407
0.0717818
0.0674936
0.0634593
0.059662
0.0560857
0.052716
0.0495415
0.046553
0.0437422
0.0410995
0.0386137
0.0362719
0.0340616
0.0319721
0.029996
0.0281284
0.0263662
0.0247062
0.023144
0.0216741
0.0202893
0.0189823
0.017746
0.0165743
0.0154618
0.0144044
0.0133984
0.0124407
0.0115281
0.0106578
0.00982694
0.00903254
0.00827176
0.00754179
0.00683993
0.00616353
0.00551005
0.00487707
0.0042622
0.00366317
0.00307775
0.0025038
0.00193917
0.00138178
0.000829556
0.000280434
-0.000267645
-0.000816741
-0.00136892
-0.00192624
-0.00249079
-0.00306467
-0.00365001
-0.004249
-0.00486387
-0.00549692
-0.00615048
-0.00682695
-0.00752877
-0.00825845
-0.00901863
-0.00981209
-0.0106418
-0.0115109
-0.0124227
-0.0133806
-0.0143882
-0.0154489
-0.0165665
-0.0177448
-0.0189878
-0.0203002
-0.0216873
-0.0231548
-0.0247092
-0.0263575
-0.0281068
-0.029964
-0.0319359
-0.0340287
-0.036249
-0.038604
-0.0411012
-0.0437496
-0.0465602
-0.0495443
-0.0527135
-0.0560793
-0.0596542
-0.0634508
-0.0674829
-0.0717646
-0.0763115
-0.0811407
-0.0862716
-0.091725
-0.0975223
-0.103685
-0.110236
-0.117198
-0.124598
-0.132465
-0.140832
-0.149731
-0.159203
-0.169287
-0.180033
-0.191504
-0.203781
-0.216979
-0.231258
-0.246827
-0.263944
-0.282916
-0.30407
-0.327742
-0.354225
-0.383735
-0.416418
-0.45225
-0.491265
-0.533774
-0.580047
-0.631177
-0.688987
-0.749937
-0.305595
-0.460181
-0.627935
-0.801982
-0.970342
-1.11418
-1.1959
-1.16539
-0.987747
-0.64773
-0.250424
0.115525
0.402028
0.59814
0.716181
0.775317
0.793544
0.785292
0.760966
0.72762
0.689833
0.65048
0.611305
0.573326
0.537093
0.502866
0.470731
0.440666
0.412599
0.386423
0.362021
0.339272
0.318056
0.298259
0.27978
0.262522
0.246395
0.23132
0.217219
0.204023
0.191669
0.180096
0.169247
0.159068
0.149511
0.140533
0.132099
0.124177
0.116738
0.109754
0.103197
0.0970384
0.0912511
0.0858098
0.0806917
0.0758769
0.0713476
0.0670871
0.0630787
0.0593054
0.055751
0.0524015
0.0492458
0.0462749
0.0434807
0.040854
0.0383833
0.036056
0.0338592
0.0317826
0.0298186
0.0279624
0.0262108
0.0245608
0.0230079
0.0215466
0.0201698
0.0188704
0.0176413
0.0164764
0.0153705
0.0143193
0.0133192
0.0123671
0.01146
0.0105949
0.00976891
0.00897921
0.00822293
0.00749728
0.00679955
0.00612714
0.00547752
0.00484827
0.00423703
0.00364154
0.00305958
0.00248901
0.00192771
0.00137361
0.000824634
0.000278746
-0.000266107
-0.000811973
-0.0013609
-0.00191494
-0.00247617
-0.00304667
-0.00362857
-0.00422403
-0.00483529
-0.00546462
-0.00611434
-0.00678684
-0.00748453
-0.00820993
-0.00896563
-0.00975442
-0.0105793
-0.0114432
-0.0123497
-0.013302
-0.0143037
-0.0153582
-0.0164693
-0.0176406
-0.0188764
-0.0201812
-0.0215601
-0.0230191
-0.0245646
-0.0262034
-0.0279427
-0.0297893
-0.03175
-0.0338308
-0.0360384
-0.0383793
-0.0408614
-0.0434941
-0.0462882
-0.0492551
-0.0524063
-0.0557534
-0.0593084
-0.0630841
-0.067094
-0.0713523
-0.0758744
-0.0806777
-0.0857814
-0.0912065
-0.0969743
-0.103106
-0.109625
-0.116554
-0.123921
-0.131756
-0.140089
-0.148958
-0.1584
-0.16846
-0.179186
-0.190644
-0.202915
-0.216116
-0.230405
-0.245983
-0.2631
-0.282045
-0.303124
-0.326644
-0.352878
-0.382027
-0.414222
-0.449477
-0.487849
-0.52963
-0.575119
-0.625222
-0.681376
-0.740905
-0.302285
-0.448947
-0.606334
-0.767281
-0.920186
-1.04627
-1.11101
-1.0737
-0.905969
-0.599671
-0.241405
0.0937052
0.36192
0.550775
0.668929
0.732028
0.755764
0.753215
0.734131
0.705317
0.671322
0.635082
0.59844
0.562512
0.527942
0.495067
0.464036
0.434878
0.407562
0.382013
0.358134
0.335827
0.314986
0.295509
0.277306
0.260286
0.244367
0.229472
0.215531
0.202476
0.190249
0.178788
0.168041
0.157953
0.148478
0.139575
0.131208
0.123347
0.115965
0.109032
0.102523
0.0964088
0.0906625
0.0852592
0.0801763
0.0753943
0.0708958
0.0666641
0.0626825
0.058934
0.0554025
0.0520741
0.0489379
0.0459854
0.0432086
0.0405984
0.0381435
0.0358311
0.0336485
0.0315852
0.0296338
0.0277895
0.026049
0.0244093
0.0228661
0.0214138
0.0200454
0.0187539
0.0175323
0.0163745
0.0152753
0.0142306
0.0132368
0.0122906
0.0113891
0.0105293
0.00970849
0.00892368
0.00817208
0.00745092
0.00675751
0.00608925
0.00544365
0.00481829
0.00421083
0.00361902
0.00304066
0.00247361
0.00191578
0.00136509
0.00081951
0.000276988
-0.000264505
-0.000807005
-0.00135255
-0.00190318
-0.00246095
-0.00302793
-0.00360624
-0.00419803
-0.00480552
-0.00543098
-0.00607671
-0.00674507
-0.00743847
-0.00815939
-0.00891044
-0.00969437
-0.0105141
-0.0113728
-0.0122737
-0.0132201
-0.0142157
-0.0152638
-0.016368
-0.0175322
-0.0187604
-0.0200572
-0.0214277
-0.0228778
-0.0244139
-0.0260429
-0.0277718
-0.0296074
-0.0315563
-0.0336247
-0.0358189
-0.0381452
-0.0406117
-0.043228
-0.046005
-0.0489539
-0.0520864
-0.0554138
-0.0589482
-0.062702
-0.0666888
-0.0709226
-0.0754189
-0.0801951
-0.0852706
-0.0906662
-0.0964031
-0.102503
-0.108988
-0.115883
-0.123215
-0.131014
-0.139313
-0.148148
-0.157559
-0.16759
-0.178292
-0.189731
-0.201991
-0.215186
-0.229473
-0.245047
-0.262146
-0.281045
-0.302031
-0.325386
-0.351363
-0.380148
-0.411866
-0.446554
-0.484291
-0.525349
-0.570032
-0.619103
-0.673678
-0.73177
-0.298262
-0.437208
-0.584705
-0.73341
-0.87209
-0.982279
-1.03293
-0.99076
-0.83277
-0.555901
-0.231736
0.0755911
0.326558
0.507865
0.625244
0.691325
0.719725
0.722239
0.707942
0.683356
0.652954
0.619704
0.585521
0.551604
0.518675
0.487143
0.457215
0.428968
0.402408
0.37749
0.354142
0.332284
0.311824
0.292675
0.274753
0.257977
0.24227
0.227562
0.213784
0.200875
0.188777
0.177433
0.16679
0.156797
0.147407
0.13858
0.130283
0.122486
0.115161
0.108283
0.101823
0.0957548
0.0900512
0.0846873
0.0796409
0.0748931
0.0704264
0.0662246
0.0622708
0.0585481
0.0550403
0.0517337
0.0486179
0.0456845
0.0429259
0.0403329
0.0378944
0.0355974
0.0334295
0.0313801
0.0294417
0.0276097
0.0258808
0.0242519
0.0227187
0.0212757
0.0199161
0.0186328
0.017419
0.0162686
0.0151765
0.0141385
0.013151
0.012211
0.0113153
0.0104612
0.00964568
0.00886597
0.00811923
0.00740274
0.00671381
0.00604987
0.00540845
0.00478713
0.0041836
0.00359561
0.00302099
0.00245761
0.00190338
0.00135625
0.000814184
0.000275163
-0.000262838
-0.00080184
-0.00134387
-0.00189095
-0.00244512
-0.00300844
-0.00358302
-0.004171
-0.00477458
-0.00539601
-0.00603758
-0.00670164
-0.00739058
-0.00810686
-0.00885306
-0.00963193
-0.0104464
-0.0112995
-0.0121946
-0.013135
-0.0141242
-0.0151656
-0.0162627
-0.0174195
-0.0186398
-0.0199283
-0.0212901
-0.022731
-0.0242574
-0.0258761
-0.0275941
-0.0294183
-0.031355
-0.0334104
-0.0355906
-0.0379017
-0.0403521
-0.0429514
-0.0457105
-0.0486408
-0.0517538
-0.0550607
-0.0585735
-0.0623046
-0.0662672
-0.0704755
-0.0749451
-0.0796931
-0.0847392
-0.090104
-0.0958087
-0.101875
-0.108325
-0.115184
-0.122479
-0.130241
-0.138503
-0.147301
-0.156678
-0.166676
-0.17735
-0.188766
-0.201008
-0.214189
-0.228462
-0.244018
-0.261084
-0.279921
-0.300796
-0.323974
-0.349685
-0.378105
-0.409352
-0.443483
-0.480588
-0.520926
-0.564788
-0.612823
-0.665886
-0.722529
-0.293626
-0.425094
-0.563181
-0.700463
-0.826059
-0.922103
-0.961086
-0.915571
-0.767017
-0.515908
-0.221691
0.0605907
0.295357
0.468982
0.584872
0.653091
0.685399
0.69238
0.682438
0.661779
0.634771
0.604383
0.572578
0.540625
0.509313
0.47911
0.450281
0.422945
0.397143
0.372862
0.350051
0.328647
0.308575
0.289759
0.272124
0.255597
0.240108
0.225589
0.21198
0.19922
0.187255
0.176032
0.165496
0.1556
0.146297
0.137549
0.129324
0.121592
0.114328
0.107505
0.101097
0.0950767
0.0894173
0.0840942
0.0790859
0.0743733
0.0699398
0.0657688
0.0618438
0.0581477
0.0546644
0.0513806
0.0482859
0.0453724
0.0426326
0.0400575
0.0376359
0.035355
0.0332022
0.0311672
0.0292424
0.0274231
0.0257062
0.0240885
0.0225658
0.0211325
0.019782
0.0185072
0.0173014
0.0161586
0.0150738
0.0140429
0.0130621
0.0121284
0.0112388
0.0103905
0.00958051
0.00880607
0.00806439
0.00735274
0.00666847
0.00600901
0.00537192
0.00475479
0.00415534
0.00357132
0.00300058
0.002441
0.00189051
0.00134707
0.000808658
0.000273269
-0.000261108
-0.000796479
-0.00133486
-0.00187825
-0.00242869
-0.00298822
-0.00355893
-0.00414295
-0.00474247
-0.00535972
-0.00599698
-0.00665658
-0.00734088
-0.00805233
-0.00879351
-0.00956713
-0.0103761
-0.0112235
-0.0121126
-0.0130467
-0.0140292
-0.0150636
-0.0161535
-0.0173024
-0.0185146
-0.0197945
-0.0211472
-0.0225786
-0.0240949
-0.0257029
-0.0274097
-0.029222
-0.031146
-0.0331878
-0.0353535
-0.037649
-0.0400826
-0.0426643
-0.0454049
-0.0483158
-0.0514085
-0.0546942
-0.0581846
-0.0618919
-0.0658294
-0.0700112
-0.0744529
-0.0791718
-0.0841874
-0.0895201
-0.0951912
-0.101222
-0.107636
-0.114457
-0.121713
-0.129436
-0.137658
-0.146418
-0.155757
-0.16572
-0.176361
-0.187748
-0.199964
-0.213123
-0.227373
-0.242898
-0.259916
-0.278674
-0.299425
-0.322411
-0.34785
-0.375902
-0.406684
-0.440264
-0.476742
-0.51636
-0.559389
-0.606388
-0.657999
-0.713183
-0.288472
-0.412717
-0.541871
-0.668509
-0.78208
-0.865608
-0.894948
-0.847258
-0.707753
-0.479266
-0.211473
0.0482032
0.267806
0.433738
0.547571
0.617205
0.652745
0.663644
0.657645
0.640622
0.616808
0.58915
0.559641
0.5296
0.499873
0.470984
0.443245
0.416818
0.391777
0.368136
0.345865
0.324921
0.305242
0.286764
0.269422
0.253149
0.237881
0.223557
0.210119
0.197513
0.185685
0.174584
0.164159
0.154363
0.14515
0.136484
0.128332
0.120668
0.113466
0.106701
0.100346
0.0943748
0.088761
0.0834803
0.0785112
0.0738353
0.0694358
0.0652968
0.0614015
0.0577329
0.0542751
0.0510148
0.0479421
0.0450492
0.0423289
0.0397723
0.0373682
0.0351039
0.0329668
0.0309466
0.0290358
0.0272297
0.0255253
0.0239191
0.0224072
0.020984
0.0196429
0.018377
0.0171796
0.0160447
0.0149675
0.0139438
0.0129699
0.0120429
0.0111596
0.0103172
0.00951298
0.00874402
0.00800758
0.00730094
0.00662149
0.00596668
0.00533407
0.00472129
0.00412606
0.00354616
0.00297944
0.00242379
0.00187717
0.00133756
0.000802933
0.000271308
-0.000259313
-0.000790924
-0.00132552
-0.0018651
-0.00241167
-0.00296727
-0.00353397
-0.00411389
-0.0047092
-0.00532212
-0.00595491
-0.00660988
-0.00728938
-0.00799584
-0.0087318
-0.00949998
-0.0103033
-0.0111447
-0.0120276
-0.0129551
-0.0139308
-0.014958
-0.0160402
-0.0171812
-0.0183849
-0.0196558
-0.0209992
-0.0224206
-0.0239265
-0.0255235
-0.0272186
-0.0290185
-0.0309294
-0.0329572
-0.0351078
-0.0373871
-0.0398034
-0.0423667
-0.0450882
-0.0479791
-0.0510508
-0.0543143
-0.0577814
-0.0614641
-0.0653755
-0.0695299
-0.0739427
-0.0786313
-0.0836152
-0.0889146
-0.0945507
-0.100545
-0.10692
-0.113702
-0.120917
-0.128598
-0.13678
-0.145498
-0.154796
-0.16472
-0.175324
-0.186676
-0.198861
-0.211989
-0.226205
-0.241687
-0.258644
-0.277309
-0.29792
-0.320704
-0.345862
-0.373545
-0.403865
-0.436899
-0.472752
-0.51165
-0.55384
-0.599803
-0.650014
-0.703735
-0.282888
-0.400176
-0.520867
-0.637602
-0.740136
-0.812646
-0.834012
-0.785064
-0.654166
-0.445611
-0.201237
0.0380112
0.243453
0.40178
0.513112
0.583543
0.621714
0.636027
0.633584
0.619915
0.599099
0.574037
0.546735
0.518549
0.490374
0.46278
0.436121
0.410599
0.386318
0.363318
0.341591
0.32111
0.301829
0.283693
0.266648
0.250633
0.235591
0.221466
0.208204
0.195754
0.184067
0.173092
0.16278
0.153086
0.143966
0.135383
0.127308
0.119714
0.112576
0.10587
0.0995696
0.0936492
0.0880826
0.0828456
0.0779171
0.073279
0.0689148
0.0648087
0.060944
0.0573038
0.0538723
0.0506364
0.0475864
0.0447149
0.0420148
0.0394773
0.0370913
0.0348441
0.0327232
0.0307183
0.028822
0.0270297
0.025338
0.0237439
0.0222432
0.0208304
0.0194991
0.0182423
0.0170535
0.0159269
0.0148576
0.0138413
0.0128746
0.0119543
0.0110776
0.0102414
0.00944312
0.00867982
0.0079488
0.00724735
0.00657289
0.00592288
0.00529492
0.00468664
0.00409577
0.00352013
0.00295756
0.00240599
0.00186338
0.00132772
0.000797011
0.00026928
-0.000257456
-0.000785175
-0.00131586
-0.00185148
-0.00239406
-0.00294559
-0.00350814
-0.00408382
-0.00467478
-0.00528321
-0.00591138
-0.00656156
-0.00723609
-0.00793738
-0.00866795
-0.00943051
-0.0102279
-0.0110632
-0.0119396
-0.0128604
-0.013829
-0.0148487
-0.015923
-0.0170557
-0.0182506
-0.0195124
-0.020846
-0.0222572
-0.0237523
-0.0253379
-0.0270209
-0.028808
-0.0307052
-0.0327184
-0.0348534
-0.0371159
-0.0395143
-0.0420588
-0.0447605
-0.0476307
-0.0506805
-0.0539212
-0.057364
-0.0610211
-0.0649055
-0.0690314
-0.0734144
-0.0780717
-0.0830227
-0.0882875
-0.0938872
-0.0998433
-0.106179
-0.112919
-0.120092
-0.127729
-0.135867
-0.144541
-0.153795
-0.163677
-0.174239
-0.185552
-0.197698
-0.210787
-0.22496
-0.240387
-0.257269
-0.275828
-0.296287
-0.318858
-0.343728
-0.371038
-0.400898
-0.43339
-0.46862
-0.506798
-0.548144
-0.593072
-0.64193
-0.69419
-0.276949
-0.387557
-0.500243
-0.607781
-0.70054
-0.763056
-0.777818
-0.72833
-0.605565
-0.41463
-0.191098
0.0296624
0.2219
0.372796
0.481276
0.551984
0.592252
0.609517
0.610267
0.599682
0.581669
0.559069
0.533883
0.507494
0.480834
0.454511
0.42892
0.404296
0.380773
0.358414
0.337234
0.317219
0.298339
0.28055
0.263805
0.248053
0.233241
0.219318
0.206236
0.193946
0.182401
0.171555
0.16136
0.15177
0.142745
0.134249
0.126252
0.118729
0.111657
0.105012
0.0987683
0.0929003
0.0873824
0.0821905
0.0773038
0.0727046
0.0683768
0.0643046
0.0604715
0.0568605
0.0534561
0.0502455
0.0472191
0.0443697
0.0416905
0.0391727
0.0368054
0.0345758
0.0324716
0.0304825
0.0286012
0.0268229
0.0251446
0.0235629
0.0220737
0.0206717
0.0193504
0.0181031
0.0169233
0.0158052
0.0147439
0.0137354
0.0127761
0.0118629
0.0109929
0.0101631
0.00937095
0.0086135
0.00788806
0.00719198
0.00652267
0.00587764
0.00525447
0.00465084
0.00406448
0.00349323
0.00293496
0.0023876
0.00184913
0.00131755
0.000790894
0.000267185
-0.000255536
-0.000779234
-0.00130587
-0.00183742
-0.00237586
-0.00292319
-0.00348146
-0.00405275
-0.00463921
-0.00524302
-0.0058664
-0.00651163
-0.00718103
-0.00787697
-0.00860198
-0.00935871
-0.01015
-0.010979
-0.0118487
-0.0127625
-0.0137237
-0.0147357
-0.0158019
-0.016926
-0.0181119
-0.0193641
-0.0206877
-0.0220883
-0.0235722
-0.0251461
-0.0268166
-0.0285904
-0.0304735
-0.0324715
-0.0345904
-0.0368356
-0.0392156
-0.0417407
-0.0444219
-0.0472706
-0.050298
-0.0535149
-0.0569327
-0.0605633
-0.0644197
-0.0685161
-0.0728682
-0.0774931
-0.08241
-0.087639
-0.0932009
-0.0991172
-0.105411
-0.112108
-0.119236
-0.126829
-0.13492
-0.143547
-0.152755
-0.162589
-0.173106
-0.184373
-0.196475
-0.209517
-0.223637
-0.238999
-0.255795
-0.274234
-0.294528
-0.316875
-0.34145
-0.368386
-0.397787
-0.42974
-0.464348
-0.501804
-0.542306
-0.586203
-0.633749
-0.684552
-0.270723
-0.374932
-0.480057
-0.57905
-0.662683
-0.716639
-0.725944
-0.676478
-0.561367
-0.386048
-0.181145
0.0228685
0.202762
0.346528
0.451857
0.522404
0.564301
0.584098
0.5877
0.57994
0.564542
0.54427
0.521109
0.496455
0.471267
0.446191
0.421653
0.397919
0.375149
0.353432
0.332798
0.313253
0.294776
0.277337
0.260897
0.245411
0.230832
0.217115
0.204215
0.192088
0.18069
0.169975
0.159899
0.150416
0.141488
0.13308
0.125164
0.117715
0.110711
0.104128
0.0979423
0.0921284
0.0866604
0.081515
0.0766714
0.0721124
0.067822
0.0637847
0.059984
0.0564032
0.0530268
0.0498422
0.0468401
0.0440136
0.041356
0.0388586
0.0365105
0.0342991
0.0322121
0.0302392
0.0283733
0.0266096
0.0249449
0.023376
0.0218988
0.0205079
0.019197
0.0179595
0.0167889
0.0156796
0.0146267
0.0136262
0.0126745
0.0117685
0.0109054
0.0100823
0.00929647
0.00854506
0.0078254
0.00713485
0.00647086
0.00583095
0.00521273
0.00461389
0.0040322
0.00346548
0.00291164
0.00236863
0.00183443
0.00130707
0.000784583
0.000265025
-0.000253554
-0.000773102
-0.00129557
-0.0018229
-0.00235708
-0.00290007
-0.00345392
-0.00402069
-0.0046025
-0.00520153
-0.00581999
-0.00646011
-0.0071242
-0.00781463
-0.00853389
-0.00928462
-0.0100697
-0.010892
-0.0117549
-0.0126615
-0.0136151
-0.0146191
-0.0156769
-0.0167921
-0.0179687
-0.0192111
-0.0205244
-0.0219141
-0.0233865
-0.0249481
-0.0266057
-0.0283658
-0.0302342
-0.0322167
-0.0343189
-0.0365463
-0.0389073
-0.0414123
-0.0440724
-0.046899
-0.0499031
-0.0530955
-0.0564874
-0.0600906
-0.0639181
-0.0679841
-0.0723041
-0.0768955
-0.0817772
-0.086969
-0.0924917
-0.0983668
-0.104617
-0.111269
-0.118351
-0.125896
-0.133938
-0.142517
-0.151674
-0.161458
-0.171925
-0.183142
-0.195192
-0.20818
-0.222238
-0.237524
-0.254222
-0.27253
-0.292648
-0.314762
-0.339035
-0.365593
-0.394535
-0.42595
-0.459938
-0.496673
-0.536329
-0.5792
-0.62547
-0.67483
-0.264272
-0.362363
-0.460359
-0.551414
-0.626713
-0.673214
-0.678008
-0.629002
-0.521075
-0.359621
-0.171444
0.0173838
0.185828
0.322624
0.424662
0.494685
0.537797
0.559747
0.565885
0.560703
0.547737
0.529662
0.508431
0.485447
0.461691
0.437833
0.41433
0.391477
0.369456
0.348377
0.32829
0.309214
0.291144
0.274058
0.257925
0.242708
0.228366
0.214858
0.202144
0.190183
0.178934
0.168353
0.158398
0.149025
0.140196
0.131878
0.124045
0.116671
0.109736
0.103218
0.0970922
0.0913336
0.0859171
0.0808194
0.0760202
0.0715024
0.0672505
0.063249
0.0594818
0.055932
0.0525844
0.0494266
0.0464496
0.0436468
0.0410114
0.038535
0.0362067
0.0340139
0.0319446
0.0299885
0.0281384
0.0263897
0.0247391
0.0231834
0.0217185
0.0203391
0.0190389
0.0178115
0.0166504
0.0155501
0.0145059
0.0135135
0.0125697
0.0116713
0.0108153
0.00999908
0.00921971
0.00847452
0.00776081
0.00707598
0.00641747
0.00578284
0.00516972
0.00457582
0.00399892
0.00343688
0.00288761
0.00234907
0.00181927
0.00129626
0.000778079
0.0002628
-0.00025151
-0.000766782
-0.00128495
-0.00180794
-0.00233772
-0.00287625
-0.00342554
-0.00398764
-0.00456467
-0.00515878
-0.00577215
-0.006407
-0.00706563
-0.00775037
-0.0084637
-0.00920825
-0.00998683
-0.0108024
-0.0116582
-0.0125574
-0.0135032
-0.0144989
-0.0155481
-0.0166542
-0.0178212
-0.0190535
-0.020356
-0.0217345
-0.023195
-0.0247441
-0.0263883
-0.0281342
-0.0299876
-0.0319539
-0.0340389
-0.0362479
-0.0385894
-0.0410738
-0.0437122
-0.046516
-0.0494961
-0.0526632
-0.0560282
-0.0596031
-0.0634007
-0.0674353
-0.0717224
-0.0762792
-0.0811244
-0.0862778
-0.0917599
-0.0975922
-0.103798
-0.110403
-0.117437
-0.124932
-0.132923
-0.141449
-0.150553
-0.160284
-0.170695
-0.181857
-0.19385
-0.206775
-0.220763
-0.235964
-0.252552
-0.270718
-0.29065
-0.312521
-0.336486
-0.362662
-0.391147
-0.422025
-0.455393
-0.491407
-0.530217
-0.57207
-0.617095
-0.665028
-0.257651
-0.349905
-0.441184
-0.524876
-0.592599
-0.632598
-0.633664
-0.585456
-0.48412
-0.33527
-0.162049
0.0130012
0.170822
0.300858
0.399509
0.468712
0.512679
0.536437
0.544818
0.541981
0.53127
0.51526
0.495868
0.474489
0.452118
0.429449
0.406963
0.384978
0.363699
0.343255
0.323714
0.305108
0.287446
0.270715
0.254892
0.239947
0.225844
0.212549
0.200023
0.188231
0.177133
0.166689
0.156857
0.147596
0.138869
0.130644
0.122894
0.115598
0.108735
0.102283
0.0962181
0.0905163
0.0851526
0.0801039
0.0753502
0.0708748
0.0666624
0.0626978
0.0589648
0.0554469
0.052129
0.0489988
0.0460478
0.0432693
0.0406568
0.038202
0.0358941
0.0337205
0.0316692
0.0297303
0.0278966
0.0261633
0.0245272
0.0229851
0.0215329
0.0201653
0.0188761
0.0176591
0.0165078
0.0154169
0.0143815
0.0133976
0.0124619
0.0115712
0.0107226
0.00991336
0.0091407
0.00840191
0.00769433
0.00701536
0.0063625
0.00573331
0.00512544
0.00453663
0.00396467
0.00340744
0.00286287
0.00232894
0.00180368
0.00128513
0.000771383
0.000260509
-0.000249405
-0.000760274
-0.00127401
-0.00179254
-0.00231779
-0.00285172
-0.00339632
-0.00395362
-0.00452573
-0.00511476
-0.00572289
-0.00635233
-0.00700532
-0.00768421
-0.00839144
-0.00912962
-0.00990155
-0.0107102
-0.0115587
-0.0124501
-0.0133879
-0.0143752
-0.0154154
-0.0165121
-0.0176692
-0.0188911
-0.0201827
-0.0215496
-0.0229978
-0.0245339
-0.0261645
-0.0278957
-0.0297335
-0.0316832
-0.0337504
-0.0359406
-0.038262
-0.0407252
-0.0433414
-0.0461217
-0.049077
-0.0522179
-0.0555554
-0.0591011
-0.0628679
-0.0668701
-0.0711232
-0.0756442
-0.0804518
-0.0855654
-0.0910055
-0.0967935
-0.102953
-0.10951
-0.116493
-0.123936
-0.131874
-0.140345
-0.149393
-0.159065
-0.169417
-0.180518
-0.192448
-0.205304
-0.219213
-0.234319
-0.250788
-0.268802
-0.288537
-0.310157
-0.333808
-0.3596
-0.387625
-0.417968
-0.450715
-0.486009
-0.523976
-0.564818
-0.608625
-0.655155
-0.25091
-0.337603
-0.422561
-0.499428
-0.56029
-0.594611
-0.592601
-0.545415
-0.450172
-0.312841
-0.152955
0.00954552
0.157501
0.281027
0.376236
0.444373
0.488882
0.514137
0.52449
0.523779
0.515153
0.501082
0.483435
0.463594
0.442563
0.421052
0.399561
0.378431
0.357885
0.338072
0.319075
0.300939
0.283686
0.267311
0.2518
0.23713
0.22327
0.210189
0.197854
0.186233
0.17529
0.164985
0.155279
0.146132
0.137508
0.129377
0.121714
0.114497
0.107707
0.101322
0.0953203
0.0896769
0.0843673
0.0793687
0.0746617
0.0702298
0.0660579
0.0621311
0.0584333
0.0549481
0.0516607
0.048559
0.0456347
0.0428813
0.0402924
0.0378598
0.0355727
0.0334188
0.0313862
0.0294649
0.0276478
0.0259304
0.0243092
0.0227811
0.0213419
0.0199865
0.0187087
0.0175023
0.0163612
0.0152798
0.0142536
0.0132784
0.012351
0.0114682
0.0106272
0.0098252
0.00905944
0.00832723
0.00762595
0.00695303
0.00630597
0.00568237
0.0050799
0.00449632
0.00392944
0.00337716
0.00283743
0.00230824
0.00178763
0.00127369
0.000764499
0.000258155
-0.000247239
-0.000753581
-0.00126277
-0.0017767
-0.0022973
-0.00282649
-0.00336627
-0.00391864
-0.00448567
-0.00506949
-0.00567223
-0.00629609
-0.0069433
-0.00761616
-0.00831711
-0.00904875
-0.00981383
-0.0106153
-0.0114563
-0.0123399
-0.0132693
-0.0142479
-0.015279
-0.016366
-0.0175129
-0.0187241
-0.0200044
-0.0213594
-0.0227951
-0.0243178
-0.0259342
-0.0276504
-0.0294721
-0.0314047
-0.0334537
-0.0356245
-0.0379252
-0.0403667
-0.0429599
-0.0457161
-0.048646
-0.05176
-0.0550689
-0.0585845
-0.0623196
-0.0662884
-0.0705065
-0.0749907
-0.0797594
-0.084832
-0.0902285
-0.0959707
-0.102082
-0.108589
-0.11552
-0.122909
-0.130791
-0.139204
-0.148192
-0.157803
-0.168092
-0.179127
-0.190987
-0.203767
-0.217589
-0.232591
-0.248932
-0.266783
-0.286312
-0.307674
-0.331005
-0.356409
-0.383975
-0.413781
-0.445909
-0.480483
-0.51761
-0.55745
-0.600061
-0.645212
-0.244089
-0.325492
-0.404511
-0.475059
-0.529719
-0.559081
-0.55454
-0.508549
-0.41904
-0.29203
-0.144184
0.00686703
0.145657
0.262945
0.354689
0.421565
0.466343
0.492817
0.504893
0.506101
0.499396
0.487139
0.471145
0.452776
0.433038
0.412651
0.392133
0.371843
0.352022
0.332834
0.314377
0.296711
0.279867
0.26385
0.248653
0.234259
0.220643
0.207779
0.195639
0.184192
0.173404
0.163241
0.153662
0.144631
0.136113
0.128079
0.120504
0.113368
0.106653
0.100337
0.0943994
0.0888155
0.0835612
0.0786141
0.073955
0.0695675
0.0654372
0.0615491
0.0578874
0.0544358
0.0511796
0.0481073
0.0452104
0.0424828
0.0399182
0.0375084
0.0352427
0.0331089
0.0310954
0.0291922
0.0273923
0.0256912
0.0240853
0.0225715
0.0211457
0.0198028
0.0185367
0.0173413
0.0162105
0.015139
0.0141221
0.013156
0.0122371
0.0113625
0.0105292
0.00973464
0.00897595
0.00825051
0.00755571
0.00688899
0.00624789
0.00563004
0.00503312
0.00445491
0.00389326
0.00334606
0.00281129
0.00228697
0.00177116
0.00126194
0.000757427
0.000255737
-0.000245014
-0.000746703
-0.00125121
-0.00176043
-0.00227624
-0.00280058
-0.00333539
-0.00388269
-0.00444452
-0.00502297
-0.00562018
-0.00623831
-0.00687956
-0.00754624
-0.00824075
-0.00896565
-0.00972371
-0.0105178
-0.0113511
-0.0122266
-0.0131475
-0.0141172
-0.0151388
-0.0162159
-0.0173524
-0.0185525
-0.0198212
-0.021164
-0.0225867
-0.0240958
-0.0256976
-0.0273982
-0.0292034
-0.0311185
-0.0331487
-0.0352995
-0.0375791
-0.0399983
-0.042568
-0.0452993
-0.048203
-0.0512894
-0.054569
-0.0580536
-0.061756
-0.0656905
-0.0698725
-0.0743188
-0.0790474
-0.0840776
-0.0894293
-0.0951241
-0.101186
-0.107641
-0.114518
-0.121851
-0.129674
-0.138026
-0.146951
-0.156497
-0.166718
-0.177682
-0.189467
-0.202165
-0.215892
-0.230782
-0.246985
-0.264665
-0.283979
-0.305075
-0.32808
-0.353093
-0.380199
-0.409469
-0.440978
-0.474835
-0.511123
-0.549972
-0.59141
-0.635204
-0.237227
-0.313605
-0.387048
-0.451751
-0.500818
-0.525843
-0.51923
-0.474557
-0.390422
-0.272705
-0.13575
0.00483804
0.135108
0.246442
0.334727
0.400184
0.444997
0.472442
0.486012
0.488945
0.484006
0.473443
0.459011
0.442048
0.423553
0.404257
0.384689
0.365223
0.346116
0.327546
0.309627
0.292428
0.275992
0.260333
0.245452
0.231336
0.217967
0.205323
0.193378
0.182107
0.171478
0.161457
0.152009
0.143095
0.134685
0.126749
0.119264
0.112212
0.105572
0.0993275
0.0934554
0.0879325
0.0827348
0.0778403
0.0732301
0.0688882
0.0648004
0.060952
0.0573271
0.05391
0.0506859
0.0476437
0.044775
0.042074
0.0395344
0.0371479
0.0349041
0.032791
0.030797
0.0289123
0.0271301
0.0254456
0.0238554
0.0223564
0.0209443
0.0196142
0.0183602
0.017176
0.0160559
0.0149945
0.0139873
0.0130303
0.0121202
0.0112539
0.0104287
0.00964169
0.00889027
0.00817177
0.00748361
0.00682326
0.00618829
0.00557633
0.00498511
0.00441241
0.00385612
0.00331414
0.00278447
0.00226514
0.00175424
0.00124988
0.000750169
0.000253255
-0.000242728
-0.000739644
-0.00123935
-0.00174372
-0.00225463
-0.00277397
-0.0033037
-0.00384579
-0.00440227
-0.00497523
-0.00556675
-0.00617899
-0.00681414
-0.00747447
-0.00816236
-0.00888036
-0.00963119
-0.0104178
-0.0112431
-0.0121103
-0.0130225
-0.0139829
-0.0149949
-0.0160618
-0.0171876
-0.0183764
-0.0196332
-0.0209634
-0.0223728
-0.0238678
-0.0254546
-0.0271393
-0.0289276
-0.0308245
-0.0328354
-0.0349658
-0.0372238
-0.03962
-0.0421656
-0.0448716
-0.0477484
-0.0508062
-0.0540557
-0.0575085
-0.0611773
-0.0650764
-0.0692213
-0.0736285
-0.0783159
-0.0833023
-0.0886077
-0.0942538
-0.100264
-0.106666
-0.113487
-0.120761
-0.128524
-0.136812
-0.145671
-0.155148
-0.165297
-0.176185
-0.187889
-0.200497
-0.214122
-0.228892
-0.244949
-0.262449
-0.281541
-0.302364
-0.325038
-0.349658
-0.376301
-0.405036
-0.435926
-0.469067
-0.504522
-0.54239
-0.582674
-0.625139
-0.230355
-0.301966
-0.370183
-0.429491
-0.473514
-0.494741
-0.486443
-0.443175
-0.36406
-0.254746
-0.127661
0.00335177
0.125701
0.231361
0.316222
0.380137
0.424783
0.452976
0.467831
0.472308
0.468988
0.460003
0.447044
0.431419
0.41412
0.39588
0.377236
0.358577
0.340173
0.322214
0.304827
0.288094
0.272066
0.256765
0.2422
0.228364
0.215243
0.20282
0.191073
0.17998
0.169511
0.159636
0.150319
0.141526
0.133225
0.125389
0.117996
0.111028
0.104467
0.098294
0.0924889
0.0870282
0.0818883
0.0770475
0.0724873
0.0681921
0.0641477
0.0603398
0.0567528
0.0533708
0.0501798
0.0471684
0.0443288
0.041655
0.0391409
0.0367784
0.0345571
0.0324651
0.0304911
0.0286254
0.0268612
0.0251937
0.0236197
0.0221358
0.0207378
0.0194209
0.0181791
0.0170065
0.0158973
0.0148463
0.0138489
0.0129014
0.0120003
0.0111426
0.0103256
0.00954637
0.00880241
0.00809103
0.00740968
0.00675586
0.00612717
0.00552125
0.00493587
0.00436884
0.00381803
0.0032814
0.00275696
0.00224276
0.0017369
0.00123751
0.000742727
0.000250712
-0.000240384
-0.000732403
-0.00122719
-0.00172659
-0.00223246
-0.00274669
-0.0032712
-0.00380795
-0.00435895
-0.00492626
-0.00551195
-0.00611816
-0.00674704
-0.00740085
-0.00808196
-0.00879288
-0.00953632
-0.0103151
-0.0111324
-0.011991
-0.0128943
-0.0138453
-0.0148473
-0.0159038
-0.0170185
-0.0181958
-0.0194404
-0.0207577
-0.0221535
-0.023634
-0.0252054
-0.0268738
-0.0286446
-0.0305229
-0.0325141
-0.0346235
-0.0368593
-0.0392321
-0.041753
-0.0444328
-0.0472821
-0.0503107
-0.0535292
-0.0569492
-0.0605836
-0.0644464
-0.0685532
-0.0729202
-0.0775651
-0.0825064
-0.0877641
-0.0933599
-0.0993174
-0.105663
-0.112427
-0.119641
-0.12734
-0.135562
-0.144351
-0.153756
-0.163829
-0.174636
-0.186253
-0.198765
-0.212281
-0.226923
-0.242826
-0.260138
-0.279
-0.299544
-0.321883
-0.346106
-0.372286
-0.400484
-0.430757
-0.463184
-0.497812
-0.53471
-0.573859
-0.615021
-0.223503
-0.290595
-0.353921
-0.408302
-0.44773
-0.465628
-0.455972
-0.414161
-0.33973
-0.238044
-0.119919
0.00231568
0.117298
0.217564
0.299054
0.361334
0.40564
0.434384
0.450332
0.456186
0.454344
0.446824
0.435253
0.420901
0.404748
0.387527
0.369783
0.351913
0.334198
0.316842
0.299983
0.283712
0.26809
0.253148
0.2389
0.225344
0.212473
0.200273
0.188726
0.177812
0.167506
0.157778
0.148594
0.139922
0.131732
0.123998
0.116699
0.109817
0.103336
0.0972369
0.0915002
0.0861029
0.0810219
0.0762359
0.0717268
0.0674792
0.0634793
0.0597128
0.0561644
0.0528185
0.0496612
0.0466815
0.0438717
0.0412259
0.038738
0.0364
0.0342017
0.0321313
0.0301777
0.0283314
0.0265857
0.0249357
0.0233782
0.0219097
0.0205262
0.0192227
0.0179936
0.0168329
0.0157349
0.0146945
0.0137072
0.0127693
0.0118775
0.0110286
0.0102199
0.00944872
0.00871238
0.0080083
0.00733393
0.00668681
0.00606454
0.00546483
0.00488543
0.00432419
0.00377901
0.00324786
0.00272877
0.00221982
0.00171913
0.00122483
0.000735103
0.000248106
-0.000237982
-0.000724984
-0.00121472
-0.00170903
-0.00220975
-0.00271874
-0.0032379
-0.00376918
-0.00431456
-0.00487609
-0.00545581
-0.00605583
-0.00667829
-0.00732542
-0.00799958
-0.00870324
-0.0094391
-0.01021
-0.0110189
-0.0118688
-0.0127629
-0.0137042
-0.014696
-0.0157418
-0.0168453
-0.0180107
-0.0192428
-0.0205469
-0.0219287
-0.0233944
-0.02495
-0.0266016
-0.0283545
-0.0302137
-0.0321846
-0.0342727
-0.0364857
-0.0388346
-0.0413302
-0.0439833
-0.0468042
-0.0498028
-0.0529896
-0.056376
-0.059975
-0.0638006
-0.0678682
-0.0721938
-0.076795
-0.08169
-0.0868986
-0.0924425
-0.0983457
-0.104635
-0.111338
-0.118489
-0.126122
-0.134276
-0.142993
-0.152321
-0.162314
-0.173035
-0.18456
-0.19697
-0.21037
-0.224877
-0.240618
-0.257735
-0.27636
-0.296619
-0.318619
-0.342442
-0.368156
-0.395818
-0.425475
-0.457191
-0.490997
-0.526936
-0.56497
-0.604855
-0.216693
-0.279507
-0.338258
-0.388084
-0.42339
-0.438366
-0.427631
-0.387304
-0.317238
-0.222496
-0.112524
0.0016514
0.109777
0.204924
0.283114
0.34369
0.38751
0.41663
0.433498
0.440571
0.440076
0.433914
0.423644
0.4105
0.395446
0.379208
0.362336
0.345236
0.328199
0.311437
0.295099
0.279287
0.264069
0.249485
0.235553
0.222279
0.209658
0.197682
0.186337
0.175605
0.165463
0.155883
0.146834
0.138286
0.130209
0.122579
0.115375
0.108581
0.10218
0.0961566
0.0904895
0.0851569
0.080136
0.0754059
0.0709488
0.0667499
0.0627953
0.0590711
0.0555622
0.0522532
0.0491304
0.0461832
0.0434039
0.0407867
0.0383257
0.0360129
0.033838
0.0317898
0.029857
0.0280306
0.0263036
0.0246716
0.0231309
0.0216782
0.0203095
0.0190199
0.0178036
0.016655
0.0155685
0.014539
0.0135622
0.0126342
0.0117517
0.0109118
0.0101117
0.00934874
0.00862022
0.00792361
0.00725638
0.00661611
0.00600043
0.00540706
0.00483378
0.00427848
0.00373906
0.00321352
0.00269992
0.00219635
0.00170094
0.00121186
0.000727298
0.000245439
-0.000235522
-0.000717388
-0.00120196
-0.00169106
-0.0021865
-0.00269012
-0.00320381
-0.00372948
-0.00426912
-0.00482472
-0.00539832
-0.005992
-0.00660789
-0.00724819
-0.00791523
-0.00861147
-0.00933957
-0.0101023
-0.0109027
-0.0117437
-0.0126284
-0.0135598
-0.0145412
-0.015576
-0.016668
-0.0178213
-0.0190405
-0.0203311
-0.0216985
-0.023149
-0.0246885
-0.0263228
-0.0280574
-0.0298971
-0.0318473
-0.0339133
-0.0361032
-0.0384276
-0.0408973
-0.043523
-0.046315
-0.0492828
-0.052437
-0.055789
-0.0593517
-0.0631391
-0.0671664
-0.0714496
-0.0760058
-0.0808531
-0.0860112
-0.091502
-0.0973491
-0.103579
-0.110221
-0.117307
-0.124872
-0.132953
-0.141595
-0.150843
-0.160752
-0.171383
-0.18281
-0.195112
-0.20839
-0.222754
-0.238327
-0.255241
-0.273624
-0.293592
-0.315248
-0.338669
-0.363917
-0.391043
-0.420084
-0.451093
-0.484082
-0.519076
-0.556012
-0.594646
-0.209948
-0.268715
-0.323189
-0.36881
-0.400416
-0.412829
-0.40125
-0.362413
-0.296419
-0.20801
-0.105469
0.00129204
0.103035
0.193325
0.268303
0.327124
0.370336
0.399677
0.417307
0.425455
0.426181
0.421275
0.412225
0.400226
0.38622
0.37093
0.354904
0.338554
0.322179
0.306001
0.290179
0.274821
0.260006
0.245778
0.232162
0.21917
0.206801
0.195051
0.183909
0.17336
0.163383
0.153953
0.145041
0.136617
0.128655
0.12113
0.114023
0.107318
0.101001
0.0950535
0.0894573
0.0841904
0.0792307
0.0745576
0.0701536
0.0660042
0.0620959
0.0584149
0.0549463
0.051675
0.0485875
0.0456735
0.0429255
0.0403377
0.0379042
0.035617
0.0334662
0.0314404
0.029529
0.0277228
0.0260151
0.0244014
0.0228779
0.0214414
0.0200879
0.0188123
0.0176093
0.0164732
0.0153984
0.01438
0.0134138
0.0124959
0.0116231
0.0107924
0.0100011
0.00924648
0.00852595
0.00783697
0.00717706
0.00654379
0.00593485
0.00534796
0.00478096
0.00423172
0.00369819
0.0031784
0.00267041
0.00217233
0.00168233
0.00119859
0.000719315
0.000242712
-0.000233004
-0.000709617
-0.00118891
-0.00167267
-0.00216271
-0.00266084
-0.00316893
-0.00368888
-0.00422262
-0.00477216
-0.0053395
-0.00592671
-0.00653587
-0.00716918
-0.00782893
-0.00851758
-0.00923775
-0.00999222
-0.0107839
-0.0116157
-0.0124907
-0.0134121
-0.0143828
-0.0154064
-0.0164866
-0.0176274
-0.0188336
-0.0201103
-0.0214631
-0.022898
-0.0244209
-0.0260376
-0.0277533
-0.0295731
-0.031502
-0.0335457
-0.0357118
-0.0380112
-0.0404544
-0.0430522
-0.0458144
-0.0487508
-0.0518716
-0.0551884
-0.0587138
-0.062462
-0.0664481
-0.0706877
-0.0751977
-0.079996
-0.0851023
-0.0905383
-0.096328
-0.102498
-0.109076
-0.116095
-0.123589
-0.131596
-0.140158
-0.149323
-0.159143
-0.16968
-0.181004
-0.193192
-0.206341
-0.220556
-0.235954
-0.252659
-0.270793
-0.290466
-0.311775
-0.334791
-0.359572
-0.386162
-0.41459
-0.444895
-0.477075
-0.511134
-0.546991
-0.584397
-0.203283
-0.258228
-0.308706
-0.350458
-0.378735
-0.388897
-0.376672
-0.339317
-0.277126
-0.194497
-0.0987486
0.00118127
0.0969775
0.182645
0.254551
0.311563
0.354063
0.38349
0.40174
0.410827
0.412657
0.408909
0.401001
0.390084
0.377079
0.362699
0.347491
0.331871
0.316145
0.300541
0.285226
0.270319
0.255903
0.24203
0.22873
0.216019
0.203903
0.19238
0.181442
0.171077
0.161267
0.151988
0.143214
0.134917
0.127071
0.119652
0.112644
0.106031
0.0997972
0.0939278
0.0884039
0.083204
0.0783064
0.0736913
0.0693414
0.0652425
0.0613814
0.0577444
0.0543168
0.051084
0.0480327
0.0451527
0.0424367
0.0398789
0.0374735
0.0352125
0.0330862
0.0310835
0.0291938
0.0274083
0.0257203
0.0241252
0.0226194
0.0211994
0.0198613
0.0186002
0.0174107
0.0162872
0.0152244
0.0142175
0.0132621
0.0123545
0.0114916
0.0106703
0.009888
0.00914194
0.00842959
0.00774842
0.00709597
0.00646987
0.00586781
0.00528756
0.00472696
0.00418392
0.00365642
0.0031425
0.00264024
0.00214778
0.00166331
0.00118503
0.000711155
0.000239924
-0.000230431
-0.000701673
-0.00117557
-0.00165388
-0.00213839
-0.00263091
-0.00313328
-0.00364736
-0.0041751
-0.00471844
-0.00527938
-0.00585995
-0.00646224
-0.00708841
-0.00774072
-0.0084216
-0.00913366
-0.00987964
-0.0106624
-0.0114849
-0.0123501
-0.013261
-0.0142209
-0.015233
-0.0163011
-0.0174293
-0.018622
-0.0198846
-0.0212224
-0.0226413
-0.0241473
-0.0257459
-0.0274424
-0.0292417
-0.0311489
-0.0331697
-0.0353117
-0.0375855
-0.0400017
-0.0425708
-0.0453027
-0.0482069
-0.0512935
-0.0545742
-0.0580615
-0.0617696
-0.0657134
-0.0699082
-0.0743708
-0.0791188
-0.0841719
-0.0895519
-0.0952824
-0.10139
-0.107903
-0.114852
-0.122273
-0.130202
-0.138683
-0.147762
-0.157489
-0.167927
-0.179142
-0.191211
-0.204225
-0.218285
-0.233501
-0.249992
-0.267872
-0.287245
-0.308204
-0.330813
-0.355125
-0.381178
-0.408995
-0.4386
-0.469979
-0.503117
-0.537911
-0.574111
-0.196715
-0.24805
-0.2948
-0.332996
-0.358274
-0.366462
-0.353758
-0.317865
-0.259222
-0.181886
-0.0923544
0.00127049
0.091526
0.172829
0.241734
0.296934
0.33864
0.368034
0.386773
0.396678
0.399502
0.396818
0.389975
0.38008
0.368028
0.354522
0.340105
0.325194
0.3101
0.29506
0.280246
0.265784
0.251763
0.238243
0.225258
0.212829
0.200966
0.18967
0.178937
0.168758
0.159116
0.14999
0.141356
0.133186
0.125457
0.118147
0.111239
0.104718
0.0985703
0.0927802
0.0873295
0.0821977
0.0773634
0.0728072
0.0685124
0.0644649
0.0606518
0.0570597
0.053674
0.0504804
0.047466
0.0446208
0.0419375
0.0394105
0.0370337
0.0347996
0.0326982
0.030719
0.0288515
0.0270871
0.0254191
0.023843
0.0223552
0.0209522
0.0196298
0.0183834
0.0172078
0.0160973
0.0150468
0.0140514
0.0131071
0.0122101
0.0113573
0.0105456
0.00977248
0.00903517
0.00833116
0.00765796
0.00701315
0.00639437
0.00579934
0.00522586
0.0046718
0.0041351
0.00361376
0.00310582
0.00260942
0.00212271
0.00164388
0.00117117
0.000702821
0.000237077
-0.000227801
-0.000693558
-0.00116194
-0.00163468
-0.00211355
-0.00260034
-0.00309685
-0.00360496
-0.00412654
-0.00466355
-0.00521796
-0.00579176
-0.00638703
-0.00700589
-0.0076506
-0.00832356
-0.00902734
-0.00976464
-0.0105383
-0.0113512
-0.0122064
-0.0131068
-0.0140555
-0.0150559
-0.0161117
-0.0172268
-0.0184059
-0.019654
-0.0209765
-0.0223791
-0.0238678
-0.0254479
-0.0271247
-0.0289031
-0.0307882
-0.0327855
-0.0349028
-0.0371506
-0.0395393
-0.0420791
-0.0447799
-0.0476511
-0.0507029
-0.0539466
-0.057395
-0.061062
-0.0649624
-0.0691113
-0.0735253
-0.0782218
-0.0832204
-0.0885427
-0.0942126
-0.100256
-0.106701
-0.113579
-0.120925
-0.128774
-0.13717
-0.146158
-0.15579
-0.166124
-0.177226
-0.18917
-0.202044
-0.215943
-0.23097
-0.247241
-0.264862
-0.283932
-0.304536
-0.326736
-0.35058
-0.376098
-0.403305
-0.432214
-0.462799
-0.495029
-0.52878
-0.563787
-0.190255
-0.238186
-0.281457
-0.31639
-0.338965
-0.34542
-0.33238
-0.29792
-0.242587
-0.170112
-0.0862749
0.00151748
0.0866103
0.163789
0.22978
0.283172
0.324016
0.353273
0.372387
0.382994
0.386709
0.385002
0.37915
0.370218
0.359073
0.346404
0.33275
0.318527
0.304051
0.289562
0.275241
0.261219
0.24759
0.23442
0.221749
0.209602
0.197991
0.186923
0.176396
0.166404
0.156931
0.14796
0.139466
0.131426
0.123815
0.116615
0.109809
0.103381
0.0973204
0.0916108
0.0862347
0.081172
0.076402
0.0719057
0.0676668
0.0636717
0.0599075
0.056361
0.053018
0.0498645
0.0468877
0.044078
0.0414281
0.0389325
0.0365851
0.0343782
0.0323024
0.0303471
0.0285022
0.0267592
0.0251118
0.0235551
0.0220856
0.0206998
0.0193935
0.0181622
0.0170006
0.0159034
0.0148654
0.013882
0.0129489
0.0120628
0.0112202
0.0104184
0.00965456
0.00892617
0.00823068
0.00756563
0.0069286
0.00631729
0.00572944
0.00516288
0.0046155
0.00408527
0.0035702
0.00306839
0.00257797
0.00209711
0.00162405
0.00115703
0.000694313
0.000234172
-0.000225117
-0.000685273
-0.00114802
-0.00161508
-0.0020882
-0.00256913
-0.00305967
-0.00356166
-0.00407698
-0.00460752
-0.00515525
-0.00572214
-0.00631024
-0.00692165
-0.0075586
-0.00822347
-0.00891879
-0.00964725
-0.0104116
-0.0112148
-0.0120597
-0.0129493
-0.0138866
-0.0148751
-0.0159183
-0.0170202
-0.0181853
-0.0194186
-0.0207254
-0.0221114
-0.0235823
-0.0251436
-0.0268003
-0.0285573
-0.0304198
-0.0323933
-0.0344855
-0.0367066
-0.0390671
-0.0415772
-0.0442462
-0.0470838
-0.0500998
-0.0533058
-0.0567143
-0.0603393
-0.0641953
-0.0682972
-0.0726613
-0.077305
-0.0822477
-0.0875112
-0.0931188
-0.0990968
-0.105472
-0.112277
-0.119544
-0.127311
-0.135619
-0.144514
-0.154046
-0.164272
-0.175257
-0.18707
-0.199797
-0.213529
-0.228364
-0.24441
-0.261767
-0.280529
-0.300777
-0.322566
-0.34594
-0.370923
-0.397523
-0.425742
-0.455542
-0.486877
-0.519602
-0.553425
-0.183914
-0.228638
-0.2687
-0.300607
-0.320741
-0.325678
-0.312419
-0.279357
-0.227116
-0.159088
-0.0805239
0.00188578
0.0821684
0.155449
0.21862
0.270216
0.310145
0.339174
0.358557
0.369764
0.374274
0.373459
0.368529
0.360502
0.350218
0.338351
0.325431
0.311875
0.298001
0.284052
0.270215
0.256626
0.243386
0.230564
0.218205
0.206338
0.194981
0.184141
0.173821
0.164016
0.154714
0.145897
0.137545
0.129635
0.122145
0.115056
0.108353
0.102021
0.0960481
0.0904202
0.0851197
0.0801271
0.0754223
0.0709869
0.066805
0.0628631
0.0591486
0.0556485
0.052349
0.0492362
0.0462979
0.0435244
0.0409087
0.0384451
0.0361276
0.0339486
0.0318987
0.0299678
0.028146
0.0264249
0.0247983
0.0232614
0.0218106
0.0204423
0.0191525
0.0179365
0.0167893
0.0157056
0.0146804
0.0137091
0.0127876
0.0119124
0.0110804
0.0102885
0.00953428
0.00881499
0.00812819
0.00747144
0.00684236
0.00623867
0.00565815
0.00509864
0.00455807
0.00403443
0.00352578
0.0030302
0.00254588
0.002071
0.00160382
0.0011426
0.000685635
0.000231208
-0.000222378
-0.000676822
-0.00113382
-0.00159509
-0.00206233
-0.00253729
-0.00302174
-0.0035175
-0.00402641
-0.00455036
-0.00509128
-0.00565112
-0.0062319
-0.00683571
-0.00746475
-0.00812137
-0.00880807
-0.00952749
-0.0102824
-0.0110756
-0.01191
-0.0127886
-0.0137144
-0.0146907
-0.015721
-0.0168094
-0.0179602
-0.0191784
-0.0204693
-0.0218383
-0.0232911
-0.0248331
-0.0264693
-0.0282045
-0.0300439
-0.0319931
-0.0340596
-0.0362537
-0.0385855
-0.0410651
-0.0437018
-0.0465049
-0.0494845
-0.0526519
-0.0560198
-0.0596018
-0.0634123
-0.0674661
-0.0717791
-0.0763688
-0.0812543
-0.0864574
-0.0920013
-0.0979119
-0.104216
-0.110945
-0.118132
-0.125813
-0.134031
-0.142829
-0.152257
-0.162371
-0.173233
-0.184912
-0.197487
-0.211047
-0.225683
-0.241499
-0.258589
-0.27704
-0.296928
-0.318305
-0.341209
-0.365659
-0.391655
-0.419188
-0.448213
-0.478666
-0.510386
-0.543017
-0.177699
-0.219405
-0.256473
-0.285609
-0.30354
-0.307147
-0.293769
-0.262064
-0.212704
-0.148769
-0.0750999
0.00235591
0.0781445
0.147738
0.20819
0.258008
0.29698
0.325705
0.345264
0.356973
0.362189
0.362188
0.358112
0.350935
0.341467
0.330366
0.318153
0.305243
0.291954
0.278533
0.265171
0.25201
0.239154
0.226676
0.214628
0.203041
0.191936
0.181325
0.171212
0.161595
0.152464
0.143804
0.135595
0.127817
0.120448
0.113471
0.106872
0.100637
0.0947536
0.0892086
0.0839848
0.0790634
0.0744248
0.0700512
0.0659271
0.0620392
0.0583753
0.0549225
0.0516672
0.0485959
0.0456967
0.0429601
0.0403793
0.0379483
0.0356613
0.0335107
0.0314873
0.0295813
0.0277829
0.0260841
0.0244787
0.022962
0.0215303
0.0201799
0.0189068
0.0177064
0.0165739
0.015504
0.0144918
0.0135328
0.0126231
0.0117592
0.0109378
0.0101562
0.00941165
0.00870165
0.00802371
0.00737542
0.00675444
0.00615852
0.00558546
0.00503314
0.00449952
0.00398261
0.00348048
0.00299127
0.00251317
0.00204439
0.0015832
0.0011279
0.000676789
0.000228188
-0.000219585
-0.000668205
-0.00111935
-0.0015747
-0.00203596
-0.00250483
-0.00298307
-0.00347247
-0.00397485
-0.00449208
-0.00502605
-0.00557871
-0.00615203
-0.00674809
-0.00736906
-0.00801727
-0.00869518
-0.00940541
-0.0101507
-0.0109337
-0.0117575
-0.0126248
-0.0135388
-0.0145026
-0.0155199
-0.0165945
-0.0177308
-0.0189336
-0.0202081
-0.0215598
-0.0229942
-0.0245164
-0.0261317
-0.0278447
-0.0296606
-0.031585
-0.0336254
-0.0357919
-0.0380945
-0.040543
-0.0431466
-0.0459147
-0.0488571
-0.0519851
-0.0553114
-0.0588495
-0.0626135
-0.0666181
-0.0708789
-0.0754133
-0.0802403
-0.0853816
-0.0908603
-0.0967017
-0.102933
-0.109584
-0.116688
-0.124282
-0.132406
-0.141104
-0.150425
-0.160422
-0.171158
-0.182696
-0.195114
-0.208497
-0.22293
-0.238511
-0.25533
-0.273466
-0.292993
-0.313957
-0.336391
-0.360308
-0.385704
-0.412557
-0.440815
-0.470401
-0.501142
-0.532728
-0.171619
-0.210481
-0.244763
-0.27136
-0.287302
-0.289746
-0.276334
-0.245942
-0.19927
-0.139126
-0.0699656
0.0029024
0.0744899
0.140597
0.198433
0.246497
0.284481
0.312833
0.332485
0.344609
0.350448
0.351186
0.347901
0.34152
0.332824
0.322454
0.310921
0.298634
0.285914
0.273009
0.260113
0.247373
0.234896
0.22276
0.21102
0.199711
0.188859
0.178476
0.168571
0.159143
0.150184
0.141681
0.133616
0.12597
0.118724
0.111861
0.105367
0.0992299
0.0934375
0.0879764
0.0828304
0.0779812
0.0734098
0.0690988
0.0650334
0.0612004
0.0575879
0.0541831
0.0509727
0.0479437
0.0450843
0.0423854
0.03984
0.0374424
0.0351865
0.0330648
0.0310684
0.0291875
0.027413
0.025737
0.0241532
0.022657
0.0212447
0.0199125
0.0186564
0.017472
0.0163544
0.0152985
0.0142996
0.0133532
0.0124555
0.011603
0.0107925
0.0100213
0.00928672
0.00858618
0.00791726
0.00727759
0.00666487
0.00607686
0.00551141
0.00496641
0.00443987
0.00392981
0.00343434
0.00295161
0.00247984
0.00201727
0.00156219
0.00111292
0.000667776
0.00022511
-0.000216739
-0.000659425
-0.0011046
-0.00155393
-0.00200909
-0.00247176
-0.00294367
-0.00342659
-0.00392232
-0.0044327
-0.00495959
-0.00550492
-0.00607065
-0.00665881
-0.00727157
-0.00791121
-0.00858017
-0.00928102
-0.0100164
-0.0107892
-0.011602
-0.0124579
-0.0133598
-0.014311
-0.0153149
-0.0163755
-0.017497
-0.0186841
-0.019942
-0.021276
-0.0226915
-0.0241937
-0.0257876
-0.027478
-0.0292699
-0.0311692
-0.033183
-0.0353214
-0.0375942
-0.040011
-0.0425809
-0.0453132
-0.0482177
-0.0513056
-0.0545895
-0.0580826
-0.0617992
-0.0657534
-0.0699608
-0.0744387
-0.079206
-0.0842841
-0.089696
-0.0954666
-0.101623
-0.108194
-0.115213
-0.122716
-0.130744
-0.13934
-0.14855
-0.158427
-0.16903
-0.180424
-0.192681
-0.205881
-0.220107
-0.235449
-0.251992
-0.269812
-0.288976
-0.309525
-0.331489
-0.354876
-0.379673
-0.405853
-0.433353
-0.462086
-0.49187
-0.522427
-0.165678
-0.201861
-0.233554
-0.257824
-0.271969
-0.2734
-0.260023
-0.230899
-0.186738
-0.130111
-0.0651118
0.00350421
0.071161
0.133971
0.189292
0.235633
0.272605
0.300529
0.320198
0.332658
0.339042
0.340449
0.337893
0.332257
0.324292
0.314618
0.303737
0.292053
0.279884
0.267483
0.255044
0.242717
0.230614
0.218817
0.207382
0.196351
0.18575
0.175596
0.165899
0.15666
0.147873
0.139528
0.131608
0.124096
0.116974
0.110226
0.103839
0.0978005
0.0921001
0.0867241
0.0816569
0.0768807
0.0723774
0.06813
0.0641241
0.0603469
0.0567865
0.0534305
0.0502658
0.0472797
0.0444609
0.0418004
0.0392912
0.0369275
0.0347032
0.0326109
0.0306419
0.0287868
0.0270366
0.0253836
0.0238218
0.0223465
0.0209538
0.0196402
0.0184015
0.0172333
0.0161309
0.0150893
0.0141039
0.0131704
0.0122849
0.011444
0.0106447
0.00988403
0.00915951
0.00846859
0.00780887
0.00717798
0.00657366
0.00599371
0.005436
0.00489847
0.00437913
0.00387605
0.00338735
0.00291122
0.0024459
0.00198965
0.00154079
0.00109766
0.0006586
0.000221977
-0.00021384
-0.000650484
-0.00108959
-0.00153278
-0.00198172
-0.00243807
-0.00290354
-0.00337987
-0.00386882
-0.00437222
-0.00489191
-0.00542978
-0.00598777
-0.00656789
-0.00717229
-0.00780321
-0.00846305
-0.00915436
-0.00987975
-0.010642
-0.0114437
-0.012288
-0.0131776
-0.0141159
-0.0151062
-0.0161525
-0.0172589
-0.0184301
-0.019671
-0.020987
-0.0223833
-0.0238651
-0.0254372
-0.0271045
-0.0288721
-0.0307456
-0.0327325
-0.0348423
-0.0370847
-0.0394692
-0.0420049
-0.0447006
-0.0475664
-0.0506135
-0.0538541
-0.0573014
-0.0609694
-0.0648722
-0.0690251
-0.0734453
-0.0781515
-0.0831651
-0.0885086
-0.0942068
-0.100286
-0.106775
-0.113707
-0.121118
-0.129046
-0.137536
-0.146631
-0.156384
-0.166852
-0.178097
-0.190187
-0.203201
-0.217214
-0.232314
-0.248579
-0.26608
-0.284878
-0.305013
-0.326507
-0.349365
-0.373569
-0.39908
-0.425832
-0.453726
-0.482574
-0.51212
-0.159882
-0.193539
-0.222834
-0.244968
-0.257489
-0.258037
-0.244755
-0.216853
-0.17504
-0.121679
-0.0605266
0.00414418
0.0681189
0.127812
0.180719
0.225371
0.261316
0.288762
0.308383
0.321106
0.327964
0.329974
0.32809
0.323149
0.315872
0.306861
0.296605
0.285502
0.273869
0.261958
0.249966
0.238046
0.226312
0.214849
0.203718
0.192962
0.182612
0.172686
0.163197
0.154147
0.145534
0.137347
0.129573
0.122196
0.115198
0.108566
0.102287
0.0963493
0.0907419
0.085452
0.0804646
0.0757624
0.071328
0.0671451
0.0631996
0.059479
0.0559714
0.0526649
0.0495466
0.0466042
0.0438266
0.0412051
0.0387327
0.0364036
0.0342115
0.0321491
0.030208
0.028379
0.0266535
0.025024
0.0234846
0.0220305
0.0206579
0.0193631
0.0181421
0.0169904
0.0159034
0.0148764
0.0139048
0.0129843
0.0121113
0.0112822
0.0104942
0.0097443
0.00903005
0.00834894
0.00769856
0.00707661
0.00648084
0.00590909
0.00535926
0.00482932
0.00431731
0.00382133
0.00333953
0.00287012
0.00241136
0.00196155
0.00151902
0.00108213
0.000649261
0.000218789
-0.00021089
-0.000641384
-0.0010743
-0.00151125
-0.00195387
-0.00240379
-0.00286271
-0.00333232
-0.00381438
-0.00431067
-0.00482303
-0.00535331
-0.00590342
-0.00647537
-0.00707125
-0.00769329
-0.00834386
-0.00902546
-0.00974066
-0.0104921
-0.0112827
-0.012115
-0.0129922
-0.0139173
-0.0148939
-0.0159256
-0.0170166
-0.0181715
-0.0193952
-0.0206929
-0.0220696
-0.0235305
-0.0250805
-0.0267243
-0.0284671
-0.0303146
-0.0322739
-0.0343547
-0.0365662
-0.0389179
-0.0414185
-0.0440771
-0.0469036
-0.0499089
-0.0531054
-0.056506
-0.0601244
-0.0639747
-0.068072
-0.0724333
-0.0770772
-0.0820248
-0.0872985
-0.0929225
-0.0989227
-0.105328
-0.112171
-0.119486
-0.127313
-0.135693
-0.144671
-0.154296
-0.164624
-0.175715
-0.187635
-0.200457
-0.214255
-0.229108
-0.245092
-0.262272
-0.280704
-0.300423
-0.321449
-0.343782
-0.367396
-0.392247
-0.418263
-0.445333
-0.473266
-0.501821
-0.154234
-0.185506
-0.212586
-0.232758
-0.24381
-0.243594
-0.230455
-0.20373
-0.164116
-0.113792
-0.0561975
0.00480678
0.0653299
0.122075
0.172667
0.215668
0.250577
0.277505
0.297018
0.309939
0.317204
0.319756
0.318488
0.314195
0.307567
0.299185
0.289528
0.278985
0.267871
0.256438
0.244883
0.233362
0.221991
0.210858
0.200028
0.189546
0.179445
0.169747
0.160466
0.151606
0.143167
0.135139
0.127512
0.12027
0.113398
0.106883
0.100713
0.0948765
0.0893632
0.0841606
0.0792538
0.0746265
0.0702619
0.0661443
0.06226
0.0585967
0.0551429
0.0518865
0.0488153
0.0459173
0.0431817
0.0405999
0.0381649
0.0358709
0.0337115
0.0316795
0.0297668
0.0279644
0.026264
0.0246584
0.0231416
0.0217092
0.020357
0.0190813
0.0178782
0.0167433
0.0156721
0.0146599
0.0137022
0.012795
0.0119346
0.0111176
0.0103411
0.00960218
0.00889838
0.00822723
0.00758636
0.0069735
0.00638643
0.00582302
0.00528121
0.00475899
0.00425444
0.00376568
0.0032909
0.00282832
0.00237624
0.00193297
0.00149688
0.00106634
0.000639762
0.000215547
-0.000207888
-0.000632128
-0.00105875
-0.00148936
-0.00192554
-0.00236893
-0.00282116
-0.00328395
-0.00375899
-0.00424807
-0.00475296
-0.00527552
-0.00581762
-0.00638125
-0.00696848
-0.00758149
-0.00822263
-0.00889435
-0.00959918
-0.0103398
-0.0111188
-0.0119391
-0.0128036
-0.0137154
-0.0146778
-0.0156947
-0.0167701
-0.0179085
-0.0191146
-0.0203936
-0.0217504
-0.0231902
-0.0247176
-0.0263375
-0.0280551
-0.0298761
-0.0318075
-0.0338587
-0.0360389
-0.038357
-0.040822
-0.0434428
-0.0462292
-0.0491921
-0.0523436
-0.0556966
-0.0592645
-0.0630611
-0.0671017
-0.0714029
-0.0759833
-0.0808636
-0.0860659
-0.091614
-0.0975335
-0.103853
-0.110604
-0.117822
-0.125545
-0.133812
-0.142669
-0.152162
-0.162347
-0.17328
-0.185026
-0.197652
-0.21123
-0.225834
-0.241534
-0.25839
-0.276455
-0.295759
-0.316318
-0.338127
-0.361156
-0.385355
-0.410645
-0.436907
-0.463945
-0.491532
-0.148741
-0.178002
-0.202796
-0.221159
-0.230884
-0.230008
-0.217055
-0.191463
-0.153907
-0.10641
-0.052114
0.00548059
0.0627643
0.116721
0.165095
0.206485
0.240354
0.26673
0.286085
0.299143
0.306754
0.30979
0.309086
0.305395
0.299378
0.291594
0.282508
0.272504
0.261893
0.250924
0.239797
0.228667
0.217653
0.206847
0.196314
0.186104
0.176252
0.166781
0.157708
0.149038
0.140772
0.132905
0.125425
0.118319
0.111574
0.105177
0.0991167
0.0933827
0.0879646
0.08285
0.0780249
0.0734734
0.0691794
0.065128
0.0613057
0.0577006
0.0543011
0.0510956
0.0480722
0.0452192
0.0425262
0.0399847
0.0375879
0.0353295
0.0332034
0.0312023
0.0293184
0.027543
0.0258681
0.0242867
0.0227931
0.0213825
0.0200511
0.0187949
0.01761
0.0164921
0.0154369
0.0144397
0.0134963
0.0126026
0.0117551
0.0109503
0.0101855
0.0094577
0.00876453
0.00810351
0.00747231
0.00686868
0.00629046
0.00573553
0.00520186
0.0046875
0.00419053
0.00370911
0.00324145
0.00278582
0.00234053
0.00190391
0.00147437
0.00105029
0.000630106
0.000212252
-0.000204836
-0.000622716
-0.00104295
-0.0014671
-0.00189674
-0.00233347
-0.00277893
-0.00323477
-0.00370269
-0.00418441
-0.00468173
-0.00519643
-0.0057304
-0.00628557
-0.006864
-0.00746784
-0.00809939
-0.00876106
-0.00945535
-0.0101849
-0.0109522
-0.0117603
-0.0126118
-0.01351
-0.0144582
-0.01546
-0.0165195
-0.0176411
-0.0188294
-0.0200893
-0.0214259
-0.0228441
-0.0243486
-0.0259442
-0.0276362
-0.0294303
-0.0313333
-0.0333545
-0.0355027
-0.0377869
-0.0402157
-0.042798
-0.0455435
-0.0484633
-0.051569
-0.0548734
-0.0583898
-0.0621318
-0.0661145
-0.0703545
-0.0748702
-0.0796818
-0.0848112
-0.0902819
-0.0961191
-0.102351
-0.109009
-0.116127
-0.123742
-0.131894
-0.140627
-0.149985
-0.160023
-0.170795
-0.182361
-0.194789
-0.208143
-0.222494
-0.237908
-0.254438
-0.272134
-0.291022
-0.311112
-0.332398
-0.354843
-0.378392
-0.402962
-0.428424
-0.454582
-0.481215
-0.143384
-0.170537
-0.193428
-0.210139
-0.218667
-0.217224
-0.204493
-0.179989
-0.144365
-0.0995018
-0.0482617
0.00614348
0.0603912
0.111711
0.15796
0.197784
0.230614
0.256412
0.275562
0.288704
0.296605
0.300071
0.299881
0.29675
0.291306
0.284088
0.275549
0.266063
0.255938
0.245421
0.23471
0.223964
0.213302
0.202817
0.192579
0.182638
0.173033
0.163789
0.154923
0.146443
0.138352
0.130644
0.123312
0.116344
0.109726
0.103448
0.0974989
0.0918685
0.0865464
0.0815209
0.0767782
0.0723033
0.0680809
0.0640964
0.0603369
0.0567906
0.0534463
0.0502924
0.0473175
0.0445101
0.0418604
0.0393599
0.0370017
0.0347796
0.0326872
0.0307176
0.0288628
0.0271149
0.0254659
0.0239092
0.022439
0.0210507
0.0197403
0.0185038
0.0173375
0.0162369
0.0151979
0.014216
0.0132871
0.0124071
0.0115727
0.0107804
0.0100273
0.00931091
0.00862852
0.00797779
0.00735642
0.00676218
0.00619294
0.00564663
0.00512124
0.00461485
0.00412558
0.00365163
0.00319121
0.00274264
0.00230424
0.00187439
0.00145149
0.00103398
0.000620296
0.000208904
-0.000201735
-0.000613153
-0.00102689
-0.00144447
-0.00186747
-0.00229745
-0.00273601
-0.0031848
-0.00364547
-0.00411973
-0.00460934
-0.00511607
-0.00564176
-0.00618835
-0.00675783
-0.00735236
-0.00797417
-0.00862563
-0.00930921
-0.0100275
-0.010783
-0.0115786
-0.012417
-0.0133014
-0.014235
-0.0152215
-0.0162649
-0.0173693
-0.0185395
-0.0197801
-0.0210961
-0.0224923
-0.0239735
-0.0255445
-0.0272104
-0.0289772
-0.0308514
-0.032842
-0.0349578
-0.0372073
-0.0395993
-0.0421425
-0.0448466
-0.0477223
-0.0507815
-0.0540364
-0.0575003
-0.0611867
-0.0651105
-0.0692882
-0.0737378
-0.0784795
-0.0835346
-0.0889262
-0.0946793
-0.100822
-0.107384
-0.1144
-0.121906
-0.12994
-0.138545
-0.147766
-0.157653
-0.168259
-0.179644
-0.191868
-0.204996
-0.219091
-0.234215
-0.250417
-0.267741
-0.28621
-0.30583
-0.326591
-0.348451
-0.37135
-0.3952
-0.419868
-0.445153
-0.470846
-0.127959
-0.149438
-0.167041
-0.179246
-0.184544
-0.181629
-0.16961
-0.148194
-0.11793
-0.0803141
-0.0374797
0.00808719
0.0539241
0.0978415
0.138055
0.173371
0.203126
0.227136
0.245561
0.258803
0.26741
0.271998
0.273194
0.271595
0.267742
0.262113
0.255119
0.247108
0.238373
0.229155
0.219649
0.210014
0.200375
0.190831
0.181455
0.172307
0.163428
0.154852
0.146598
0.138681
0.131107
0.123876
0.116983
0.110423
0.104186
0.0982629
0.0926453
0.0873238
0.0822888
0.0775294
0.0730336
0.0687883
0.0647802
0.0609966
0.0574254
0.0540557
0.0508767
0.0478777
0.0450482
0.0423782
0.0398586
0.0374812
0.0352391
0.0331258
0.0311349
0.0292596
0.0274928
0.0258274
0.0242565
0.0227739
0.0213742
0.0200528
0.0188055
0.0176284
0.0165176
0.0154692
0.014479
0.0135432
0.0126578
0.0118191
0.0110239
0.0102691
0.00955178
0.00886938
0.00821945
0.00759967
0.00700784
0.00644184
0.00589962
0.00537922
0.00487874
0.00439634
0.00393024
0.00347873
0.0030401
0.00261276
0.0021951
0.00178559
0.00138269
0.000984923
0.000590796
0.000198846
-0.000192389
-0.000584367
-0.000978548
-0.0013764
-0.0017794
-0.00218906
-0.00260688
-0.00303444
-0.00347332
-0.00392513
-0.00439155
-0.00487429
-0.00537511
-0.00589586
-0.00643846
-0.00700494
-0.00759745
-0.0082182
-0.00886955
-0.0095539
-0.0102738
-0.0110318
-0.0118308
-0.0126736
-0.0135636
-0.014504
-0.0154987
-0.0165516
-0.0176671
-0.0188495
-0.0201035
-0.0214337
-0.0228447
-0.0243414
-0.0259292
-0.0276137
-0.0294012
-0.0312999
-0.0333179
-0.0354631
-0.0377441
-0.0401695
-0.0427487
-0.0454921
-0.0484107
-0.0515165
-0.054822
-0.0583406
-0.0620867
-0.0660764
-0.0703269
-0.0748573
-0.0796879
-0.0848408
-0.0903399
-0.0962117
-0.102485
-0.109192
-0.116366
-0.124043
-0.132262
-0.141065
-0.150496
-0.160603
-0.171437
-0.183051
-0.195496
-0.208825
-0.223083
-0.238308
-0.254528
-0.271756
-0.289989
-0.309204
-0.329343
-0.350335
-0.372081
-0.394429
-0.41718
-0.44015
-0.106322
-0.121201
-0.132921
-0.140334
-0.142366
-0.138168
-0.127272
-0.109686
-0.0859043
-0.0568582
-0.0239722
0.0110908
0.0466214
0.0810695
0.113171
0.141961
0.16684
0.187537
0.204037
0.216518
0.22529
0.23074
0.23329
0.233369
0.23139
0.227734
0.222742
0.216713
0.209902
0.202527
0.194771
0.186785
0.178692
0.170591
0.16256
0.154662
0.146946
0.139448
0.132195
0.125206
0.118492
0.112061
0.105913
0.100046
0.0944573
0.0891411
0.0840911
0.0793004
0.074761
0.0704641
0.0663997
0.0625573
0.0589261
0.0554958
0.0522561
0.0491976
0.0463106
0.043586
0.0410147
0.038588
0.0362979
0.0341372
0.0320992
0.0301776
0.0283664
0.0266594
0.0250503
0.023533
0.0221018
0.0207513
0.0194766
0.0182734
0.0171377
0.0160658
0.0150539
0.0140986
0.013196
0.0123428
0.0115356
0.010771
0.0100461
0.00935805
0.00870434
0.00808252
0.00749034
0.00692564
0.00638641
0.0058707
0.00537664
0.00490244
0.00444638
0.00400678
0.00358202
0.00317055
0.0027708
0.00238134
0.0020007
0.00162747
0.00126027
0.000897739
0.00053852
0.000181281
-0.000175309
-0.000532576
-0.000891849
-0.00125446
-0.00162177
-0.00199513
-0.00237594
-0.0027656
-0.00316557
-0.00357733
-0.0040024
-0.00444235
-0.00489879
-0.00537342
-0.00586801
-0.00638439
-0.00692452
-0.00749042
-0.0080842
-0.00870808
-0.00936437
-0.0100555
-0.010784
-0.0115526
-0.0123642
-0.013222
-0.0141294
-0.0150898
-0.0161072
-0.0171856
-0.0183289
-0.0195416
-0.0208279
-0.0221926
-0.0236407
-0.0251777
-0.0268094
-0.028543
-0.0303853
-0.0323439
-0.0344263
-0.0366407
-0.0389959
-0.0415015
-0.0441676
-0.0470053
-0.0500261
-0.0532425
-0.0566681
-0.0603174
-0.0642066
-0.0683527
-0.0727742
-0.0774914
-0.0825259
-0.0879018
-0.0936451
-0.0997837
-0.106347
-0.113367
-0.120876
-0.12891
-0.137506
-0.146703
-0.156542
-0.167062
-0.178302
-0.190299
-0.203083
-0.216677
-0.231092
-0.246325
-0.262355
-0.27914
-0.296622
-0.314719
-0.333311
-0.35223
-0.371292
-0.390405
-0.0873034
-0.097393
-0.104986
-0.109254
-0.10944
-0.104971
-0.0955493
-0.0812319
-0.0624357
-0.0398675
-0.0144614
0.0126628
0.040331
0.0674334
0.0930293
0.116383
0.136969
0.1545
0.168875
0.180148
0.188481
0.194116
0.197334
0.198438
0.197732
0.19551
0.192046
0.187586
0.182349
0.176524
0.170274
0.163737
0.157028
0.150241
0.143454
0.136729
0.130116
0.123653
0.117371
0.11129
0.105428
0.0997929
0.0943913
0.089225
0.0842936
0.0795945
0.0751241
0.0708771
0.0668475
0.0630282
0.0594112
0.0559881
0.0527504
0.0496894
0.0467968
0.0440645
0.0414842
0.0390482
0.0367487
0.0345781
0.0325296
0.0305967
0.0287732
0.0270534
0.0254317
0.0239026
0.0224607
0.0211008
0.0198178
0.0186072
0.0174647
0.0163864
0.0153685
0.0144078
0.0135007
0.012644
0.0118346
0.0110693
0.0103451
0.00965926
0.00900904
0.00839197
0.00780573
0.00724812
0.00671712
0.00621078
0.00572727
0.00526485
0.00482183
0.00439662
0.00398765
0.00359344
0.00321252
0.0028435
0.00248502
0.00213574
0.00179436
0.00145963
0.0011303
0.000805141
0.000482955
0.000162541
-0.000157293
-0.000477735
-0.000799975
-0.00112521
-0.00145465
-0.00178952
-0.00213106
-0.00248054
-0.00283926
-0.00320856
-0.00358979
-0.00398438
-0.00439378
-0.00481952
-0.00526318
-0.00572642
-0.00621099
-0.00671868
-0.00725141
-0.00781116
-0.0084
-0.00902013
-0.00967385
-0.0103636
-0.0110921
-0.0118621
-0.0126765
-0.0135387
-0.0144519
-0.0154196
-0.0164457
-0.0175338
-0.0186881
-0.019913
-0.0212129
-0.0225932
-0.0240592
-0.0256169
-0.0272723
-0.0290322
-0.0309034
-0.0328934
-0.0350103
-0.0372627
-0.0396599
-0.0422118
-0.0449291
-0.0478231
-0.0509063
-0.0541918
-0.0576941
-0.0614284
-0.0654112
-0.0696607
-0.0741962
-0.0790389
-0.0842119
-0.0897392
-0.0956463
-0.10196
-0.108708
-0.115921
-0.123627
-0.13186
-0.140648
-0.150023
-0.160012
-0.17064
-0.181924
-0.193876
-0.206494
-0.219765
-0.233657
-0.248119
-0.263087
-0.278471
-0.294148
-0.309959
-0.325768
-0.341394
-0.0711073
-0.0778145
-0.0825484
-0.084714
-0.0837965
-0.0794254
-0.071431
-0.0598806
-0.0450733
-0.0274993
-0.0078149
0.0132035
0.0347376
0.0559934
0.0762806
0.0950345
0.11183
0.126398
0.138606
0.14844
0.155974
0.161351
0.164754
0.166396
0.166496
0.165275
0.162946
0.159707
0.15574
0.151203
0.146237
0.140964
0.135485
0.129888
0.124243
0.118611
0.113038
0.107563
0.102217
0.0970212
0.0919944
0.0871482
0.0824905
0.078026
0.0737563
0.0696813
0.0657988
0.0621055
0.0585968
0.0552672
0.0521106
0.0491204
0.0462897
0.0436117
0.0410796
0.0386865
0.0364258
0.0342907
0.0322748
0.0303716
0.0285752
0.02688
0.0252804
0.0237714
0.022348
0.0210055
0.0197391
0.0185444
0.0174173
0.0163537
0.0153499
0.0144025
0.0135083
0.0126641
0.011867
0.0111141
0.0104027
0.00972991
0.00909329
0.00849034
0.00791874
0.00737631
0.006861
0.00637089
0.00590418
0.00545917
0.00503422
0.0046278
0.00423843
0.00386471
0.00350525
0.00315876
0.00282394
0.00249958
0.00218447
0.00187745
0.00157737
0.00128313
0.000993623
0.000707787
0.000424557
0.000142882
-0.000138286
-0.000419988
-0.000703271
-0.000989186
-0.00127879
-0.00157317
-0.00187341
-0.00218064
-0.00249598
-0.00282062
-0.00315577
-0.00350266
-0.00386259
-0.00423691
-0.00462701
-0.00503434
-0.00546044
-0.0059069
-0.00637539
-0.00686766
-0.00738553
-0.00793096
-0.00850598
-0.00911277
-0.00975364
-0.010431
-0.0111476
-0.0119061
-0.0127095
-0.0135608
-0.0144634
-0.0154207
-0.0164362
-0.0175139
-0.0186579
-0.0198731
-0.0211642
-0.0225362
-0.0239943
-0.0255445
-0.0271929
-0.028946
-0.0308112
-0.032796
-0.0349089
-0.0371587
-0.0395549
-0.0421077
-0.044828
-0.0477276
-0.050819
-0.0541157
-0.0576321
-0.0613841
-0.0653886
-0.069664
-0.0742301
-0.0791074
-0.0843175
-0.0898826
-0.0958262
-0.102172
-0.108945
-0.116168
-0.123866
-0.13206
-0.140769
-0.150009
-0.159789
-0.170109
-0.18096
-0.19232
-0.204154
-0.216409
-0.229019
-0.241891
-0.254899
-0.267888
-0.280915
-0.293484
-0.056923
-0.0612899
-0.0641335
-0.0650221
-0.0635983
-0.0596196
-0.05299
-0.0437773
-0.032198
-0.0185949
-0.00342683
0.0127653
0.0294057
0.0459318
0.0618313
0.0766771
0.0901391
0.101984
0.112079
0.120377
0.126903
0.131735
0.134992
0.136817
0.137368
0.136809
0.135301
0.132997
0.130044
0.12657
0.122695
0.118518
0.11413
0.109606
0.105008
0.100391
0.0957968
0.0912621
0.086815
0.082478
0.0782685
0.0741992
0.0702791
0.0665141
0.0629073
0.0594597
0.0561705
0.0530378
0.0500583
0.0472279
0.044542
0.0419955
0.039583
0.0372993
0.0351388
0.0330961
0.0311656
0.0293419
0.0276196
0.0259934
0.0244583
0.0230093
0.0216418
0.0203515
0.0191341
0.0179855
0.0169018
0.0158793
0.0149145
0.014004
0.0131447
0.0123337
0.0115681
0.0108454
0.0101629
0.00951822
0.00890895
0.0083328
0.00778756
0.00727115
0.0067816
0.00631704
0.00587573
0.00545601
0.00505635
0.00467526
0.00431136
0.00396333
0.00362991
0.00330987
0.00300204
0.00270532
0.00241859
0.00214081
0.00187095
0.00160801
0.00135101
0.001099
0.000851049
0.000606234
0.000363647
0.000122389
-0.000118437
-0.000359722
-0.000602361
-0.000847254
-0.00109531
-0.00134745
-0.00160461
-0.00186776
-0.00213786
-0.00241593
-0.00270301
-0.00300016
-0.00330849
-0.00362917
-0.00396338
-0.00431238
-0.00467748
-0.00506004
-0.00546149
-0.00588334
-0.00632716
-0.00679462
-0.00728749
-0.00780762
-0.00835699
-0.00893772
-0.00955203
-0.0102023
-0.010891
-0.0116209
-0.0123947
-0.0132154
-0.0140861
-0.0150104
-0.0159916
-0.0170343
-0.0181425
-0.0193202
-0.020572
-0.0219028
-0.023318
-0.0248233
-0.0264251
-0.02813
-0.0299453
-0.0318786
-0.0339383
-0.0361333
-0.038473
-0.0409674
-0.0436273
-0.0464642
-0.0494905
-0.0527196
-0.056166
-0.0598454
-0.0637741
-0.0679695
-0.0724491
-0.0772315
-0.0823354
-0.0877798
-0.0935837
-0.0997656
-0.106343
-0.113331
-0.120743
-0.128586
-0.136863
-0.145568
-0.154686
-0.164195
-0.174056
-0.18422
-0.194622
-0.205174
-0.215763
-0.226274
-0.23666
-0.246612
-0.0444547
-0.0472076
-0.04881
-0.0489577
-0.0474065
-0.0439972
-0.038674
-0.031492
-0.0226047
-0.0122514
-0.000751876
0.0115172
0.0241535
0.0367575
0.0489605
0.0604442
0.070955
0.0803072
0.0883813
0.0951213
0.100525
0.104632
0.107517
0.109275
0.110016
0.10986
0.108924
0.107327
0.105178
0.102582
0.0996319
0.0964107
0.0929912
0.0894364
0.0857997
0.0821264
0.0784542
0.074814
0.0712311
0.067726
0.0643145
0.061009
0.0578182
0.0547483
0.051803
0.0489839
0.0462913
0.0437239
0.0412796
0.0389555
0.0367483
0.034654
0.0326688
0.0307884
0.0290087
0.0273254
0.0257342
0.0242306
0.0228103
0.021469
0.0202027
0.0190072
0.0178789
0.016814
0.015809
0.0148606
0.0139657
0.0131211
0.0123241
0.011572
0.0108621
0.0101921
0.00955959
0.00896247
0.00839858
0.00786588
0.00736241
0.00688628
0.00643568
0.00600891
0.00560433
0.00522041
0.00485571
0.00450887
0.00417859
0.00386368
0.00356297
0.00327538
0.00299985
0.00273539
0.00248102
0.00223581
0.00199887
0.00176932
0.00154631
0.00132901
0.00111662
0.000908347
0.000703423
0.000501086
0.000300588
0.000101184
-9.78647e-05
-0.000297295
-0.000497845
-0.00070026
-0.000905291
-0.0011137
-0.00132626
-0.00154377
-0.00176703
-0.00199689
-0.0022342
-0.00247985
-0.00273477
-0.0029999
-0.00327624
-0.00356482
-0.00386673
-0.0041831
-0.00451512
-0.00486403
-0.00523114
-0.00561783
-0.00602557
-0.0064559
-0.00691045
-0.00739098
-0.00789931
-0.00843741
-0.00900736
-0.00961137
-0.0102518
-0.0109311
-0.0116521
-0.0124173
-0.01323
-0.0140937
-0.015012
-0.0159881
-0.0170256
-0.0181288
-0.0193021
-0.0205503
-0.0218782
-0.0232918
-0.0247981
-0.026403
-0.0281133
-0.0299363
-0.03188
-0.0339527
-0.0361633
-0.0385215
-0.0410375
-0.0437223
-0.046588
-0.0496472
-0.0529135
-0.0564006
-0.0601229
-0.064095
-0.0683315
-0.0728472
-0.0776564
-0.0827729
-0.0882092
-0.0939758
-0.10008
-0.106525
-0.113308
-0.120421
-0.127847
-0.135564
-0.143535
-0.151714
-0.160043
-0.168444
-0.17682
-0.185079
-0.193141
-0.200804
-0.0332839
-0.0349555
-0.0357888
-0.0355757
-0.0341537
-0.0314207
-0.0273447
-0.0219664
-0.0153911
-0.00778246
0.000640976
0.00962254
0.0188862
0.0281554
0.0371716
0.0457065
0.0535738
0.0606323
0.0667857
0.0719816
0.0762064
0.0794784
0.0818411
0.0833569
0.0841008
0.0841549
0.0836047
0.0825348
0.0810271
0.0791588
0.077001
0.0746176
0.0720652
0.0693933
0.0666442
0.0638541
0.0610533
0.0582673
0.055517
0.0528192
0.0501876
0.0476327
0.0451625
0.0427823
0.0404959
0.0383051
0.0362104
0.0342114
0.0323066
0.0304941
0.0287715
0.0271361
0.0255851
0.0241153
0.0227238
0.0214072
0.0201623
0.0189857
0.0178742
0.0168243
0.015833
0.014897
0.0140135
0.0131794
0.0123922
0.0116492
0.010948
0.0102861
0.00966149
0.00907196
0.00851555
0.00799037
0.00749462
0.00702656
0.00658453
0.00616693
0.00577223
0.00539895
0.00504568
0.00471109
0.00439389
0.00409289
0.00380696
0.00353504
0.00327611
0.00302922
0.00279348
0.00256801
0.00235201
0.00214468
0.00194526
0.00175303
0.00156727
0.00138732
0.00121248
0.00104212
0.000875595
0.000712299
0.000551622
0.000392969
0.000235753
7.93927e-05
-7.66923e-05
-0.00023308
-0.000390348
-0.000549081
-0.000709869
-0.000873308
-0.00104001
-0.00121059
-0.0013857
-0.00156599
-0.00175213
-0.00194483
-0.00214481
-0.00235282
-0.00256963
-0.00279608
-0.003033
-0.00328129
-0.00354188
-0.00381575
-0.00410394
-0.00440753
-0.00472768
-0.0050656
-0.00542258
-0.00579998
-0.00619925
-0.00662193
-0.00706967
-0.00754424
-0.0080475
-0.00858148
-0.00914829
-0.00975006
-0.0103891
-0.0110685
-0.0117912
-0.0125594
-0.0133761
-0.0142445
-0.0151679
-0.0161507
-0.0171973
-0.0183126
-0.0195006
-0.0207663
-0.0221157
-0.0235548
-0.0250898
-0.0267272
-0.0284742
-0.0303381
-0.0323273
-0.0344504
-0.0367169
-0.0391368
-0.0417206
-0.0444789
-0.0474227
-0.050563
-0.0539109
-0.0574774
-0.061273
-0.0653074
-0.069589
-0.0741243
-0.078917
-0.0839668
-0.0892692
-0.0948148
-0.100589
-0.106569
-0.112722
-0.119011
-0.125385
-0.131779
-0.138113
-0.144317
-0.150309
-0.155955
-0.0230933
-0.0240514
-0.0244388
-0.0241214
-0.0229964
-0.0210024
-0.0181223
-0.0143853
-0.00986021
-0.00465103
0.0011016
0.00723224
0.0135616
0.019909
0.0261039
0.0319932
0.0374497
0.0423742
0.0466975
0.050378
0.0534004
0.0557714
0.0575157
0.0586715
0.0592866
0.059415
0.0591135
0.0584395
0.057449
0.0561951
0.0547274
0.0530911
0.0513263
0.0494686
0.0475485
0.0455923
0.0436224
0.0416575
0.0397131
0.0378021
0.0359347
0.034119
0.0323611
0.0306656
0.0290351
0.0274715
0.0259753
0.0245464
0.023184
0.0218868
0.0206533
0.0194817
0.0183701
0.0173164
0.0163185
0.0153742
0.014481
0.0136368
0.0128392
0.0120857
0.0113742
0.0107023
0.010068
0.0094691
0.00890377
0.00837014
0.00786643
0.007391
0.00694227
0.00651874
0.00611898
0.00574166
0.00538547
0.00504918
0.00473158
0.00443152
0.00414791
0.00387968
0.00362583
0.00338539
0.00315745
0.00294116
0.00273569
0.00254029
0.00235423
0.00217682
0.00200742
0.00184541
0.00169021
0.00154123
0.00139794
0.00125982
0.00112635
0.000997024
0.000871433
0.000749024
0.000629358
0.000512003
0.000396524
0.000282496
0.000169496
5.71069e-05
-5.50885e-05
-0.000167505
-0.000280561
-0.000394673
-0.000510268
-0.000627776
-0.000747636
-0.000870296
-0.000996218
-0.00112587
-0.00125975
-0.00139836
-0.00154222
-0.00169188
-0.00184789
-0.00201085
-0.00218137
-0.0023601
-0.00254771
-0.00274491
-0.00295245
-0.00317112
-0.00340174
-0.00364521
-0.00390245
-0.00417446
-0.00446229
-0.00476706
-0.00508998
-0.0054323
-0.00579543
-0.00618089
-0.00659051
-0.00702498
-0.00748617
-0.00797711
-0.00849965
-0.00905533
-0.00964635
-0.0102751
-0.0109442
-0.011656
-0.0124119
-0.0132202
-0.0140843
-0.0150041
-0.0159848
-0.0170309
-0.0181473
-0.0193387
-0.0206106
-0.0219685
-0.0234186
-0.0249669
-0.02662
-0.0283855
-0.0302712
-0.0322849
-0.0344343
-0.0367269
-0.0391706
-0.0417733
-0.0445419
-0.0474828
-0.050601
-0.0539
-0.057381
-0.0610423
-0.0648789
-0.0688818
-0.0730379
-0.0773279
-0.081726
-0.0862015
-0.0907148
-0.0952161
-0.0996472
-0.103961
-0.108078
-0.111916
-0.0136014
-0.0140774
-0.0142187
-0.0139527
-0.0132259
-0.0120076
-0.0102905
-0.00809004
-0.0054411
-0.00240211
0.000947961
0.00451626
0.00820165
0.0119023
0.0155209
0.0189697
0.0221749
0.0250778
0.0276373
0.0298271
0.0316363
0.0330667
0.0341309
0.0348495
0.035249
0.0353599
0.0352146
0.0348463
0.0342872
0.0335684
0.0327187
0.0317646
0.0307303
0.029637
0.0285032
0.0273449
0.0261758
0.0250073
0.0238492
0.0227093
0.0215941
0.0205086
0.0194568
0.0184414
0.0174644
0.0165269
0.0156293
0.0147716
0.0139534
0.0131741
0.0124327
0.0117284
0.01106
0.0104263
0.00982597
0.0092578
0.00872041
0.00821238
0.00773233
0.00727883
0.00685053
0.00644606
0.00606416
0.00570359
0.00536318
0.00504182
0.00473847
0.00445213
0.00418186
0.00392677
0.00368599
0.00345872
0.00324418
0.00304162
0.00285032
0.00266958
0.00249874
0.00233717
0.00218426
0.00203942
0.00190211
0.00177182
0.00164805
0.00153034
0.00141827
0.00131141
0.00120937
0.00111179
0.0010183
0.000928573
0.000842277
0.000759099
0.000678732
0.000600894
0.000525262
0.00045153
0.000379443
0.00030874
0.000239163
0.000170453
0.000102358
3.46236e-05
-3.29996e-05
-0.000100763
-0.000168919
-0.00023772
-0.000307423
-0.000378289
-0.000450585
-0.000524582
-0.000600558
-0.0006788
-0.000759607
-0.00084329
-0.000930165
-0.00102056
-0.00111482
-0.00121331
-0.00131639
-0.00142447
-0.00153794
-0.00165726
-0.00178288
-0.00191528
-0.00205498
-0.00220251
-0.00235846
-0.00252342
-0.00269805
-0.00288304
-0.00307913
-0.0032871
-0.00350779
-0.00374201
-0.00399044
-0.00425502
-0.00453698
-0.00483676
-0.00515594
-0.00549558
-0.00585714
-0.00624222
-0.00665258
-0.00709038
-0.00755893
-0.00805658
-0.00858499
-0.00915092
-0.00975569
-0.0104019
-0.0110924
-0.0118303
-0.0126188
-0.0134614
-0.0143616
-0.0153242
-0.0163539
-0.0174551
-0.0186324
-0.0198906
-0.0212343
-0.0226669
-0.024195
-0.0258251
-0.0275602
-0.0294024
-0.0313539
-0.0334158
-0.0355878
-0.0378679
-0.0402518
-0.0427321
-0.0452987
-0.0479369
-0.0506287
-0.053352
-0.0560793
-0.0587755
-0.0613991
-0.0639642
-0.0663425
-0.0685264
-0.00445859
-0.00458573
-0.00460461
-0.00449361
-0.00423704
-0.00382584
-0.00325735
-0.0025351
-0.00167022
-0.000681292
0.000406813
0.00156486
0.00276096
0.00396298
0.00514001
0.00626403
0.00731128
0.00826253
0.00910433
0.00982764
0.0104284
0.0109066
0.0112658
0.0115122
0.0116539
0.0117006
0.0116626
0.0115504
0.0113744
0.0111447
0.0108706
0.0105609
0.0102234
0.00986539
0.00949295
0.00911151
0.00872567
0.00833936
0.00795587
0.00757793
0.00720776
0.00684714
0.00649742
0.00615958
0.00583431
0.005522
0.00522285
0.00493688
0.00466397
0.00440393
0.00415648
0.00392128
0.00369802
0.0034863
0.00328573
0.00309588
0.00291629
0.00274649
0.00258604
0.00243445
0.00229127
0.00215604
0.00202835
0.00190779
0.00179395
0.00168648
0.00158503
0.00148926
0.00139887
0.00131354
0.00123301
0.00115699
0.00108523
0.00101748
0.00095349
0.000893036
0.000835893
0.000781848
0.000730699
0.000682251
0.000636322
0.000592739
0.000551338
0.000511966
0.000474477
0.000438733
0.000404603
0.000371963
0.000340695
0.000310684
0.000281823
0.000254007
0.000227133
0.00020114
0.00017586
0.000151196
0.000127068
0.000103393
8.00851e-05
5.70577e-05
3.42261e-05
1.15052e-05
-1.11898e-05
-3.39437e-05
-5.68419e-05
-7.99707e-05
-0.000103417
-0.000127271
-0.000151624
-0.00017657
-0.000202208
-0.000228642
-0.00025597
-0.000284295
-0.000313732
-0.000344396
-0.000376409
-0.000409899
-0.000445
-0.000481851
-0.000520603
-0.000561414
-0.000604451
-0.000649891
-0.000697923
-0.000748746
-0.000802574
-0.000859634
-0.000920172
-0.000984449
-0.00105275
-0.00112537
-0.00120264
-0.0012849
-0.00137256
-0.00146617
-0.00156609
-0.00167275
-0.00178674
-0.00190848
-0.00203857
-0.00217764
-0.00232638
-0.00248555
-0.00265597
-0.00283832
-0.00303408
-0.00324422
-0.00346985
-0.00371217
-0.00397247
-0.00425212
-0.0045526
-0.00487552
-0.00522257
-0.00559569
-0.00599688
-0.00642823
-0.00689188
-0.00739002
-0.0079251
-0.00850048
-0.00911584
-0.00976952
-0.0104637
-0.0112003
-0.0119799
-0.0128022
-0.0136659
-0.0145684
-0.0155059
-0.0164732
-0.0174637
-0.0184687
-0.0194782
-0.0204802
-0.0214609
-0.0224039
-0.023293
-0.0241228
-0.0248561
-0.0254814
47.6603
-27.774
-31.6443
-55.3007
-187.508
-76.8426
-178.825
-291.212
-253.155
-450.554
-248.802
-99.8158
2.36695
375.473
680.323
47.606
-27.8139
-31.6567
-55.3766
-187.522
-76.8346
-178.929
-291.25
-253.233
-450.566
-248.645
-99.7001
2.58321
377.333
676.413
47.5533
-27.8561
-31.6658
-55.4512
-187.54
-76.8206
-179.03
-291.286
-253.315
-450.593
-248.499
-99.5902
2.79128
393.694
726.331
47.5014
-27.9009
-31.6738
-55.5265
-187.563
-76.8022
-179.131
-291.327
-253.395
-450.633
-248.36
-99.4845
2.90202
408.495
725.328
47.4508
-27.9475
-31.6795
-55.6014
-187.589
-76.7786
-179.232
-291.365
-253.484
-450.688
-248.236
-99.3865
3.04236
384.962
569.08
47.4011
-27.9966
-31.6836
-55.6767
-187.619
-76.7505
-179.332
-291.407
-253.565
-450.756
-248.126
-99.2925
3.22827
381.605
609.517
47.3526
-28.0476
-31.6857
-55.7518
-187.653
-76.7174
-179.431
-291.449
-253.66
-450.839
-248.025
-99.201
3.42627
382.085
712.111
47.3052
-28.1009
-31.686
-55.8272
-187.692
-76.6795
-179.53
-291.48
-253.743
-450.936
-247.926
-99.1147
3.55299
386.728
706.279
47.2588
-28.1563
-31.6845
-55.9025
-187.733
-76.6367
-179.628
-291.555
-253.845
-451.048
-247.84
-99.0409
3.66471
393.204
705.089
47.2135
-28.2135
-31.6811
-55.978
-187.781
-76.5892
-179.725
-291.541
-253.93
-451.173
-247.777
-98.9825
3.9261
399.997
714.368
47.1693
-28.2744
-31.6758
-56.0536
-187.826
-76.5365
-179.822
-291.68
-254.037
-451.312
-247.722
-98.9658
4.68984
405.696
691.93
47.1262
-28.3338
-31.6687
-56.1292
-187.888
-76.4802
-179.919
-291.595
-254.125
-451.466
-247.678
-98.9731
7.05681
408.566
656.006
47.0841
-28.4022
-31.6596
-56.2049
-187.934
-76.4158
-180.015
-291.818
-254.238
-451.633
-247.631
-98.9894
9.73545
408.163
617.31
47.043
-28.4617
-31.6487
-56.2808
-188.011
-76.3528
-180.111
-291.646
-254.33
-451.814
-247.602
-99.0156
6.49498
408.656
521.399
46.9828
-28.5785
-31.6297
-56.3949
-188.078
-76.2354
-180.255
-292.123
-254.505
-452.104
-247.611
-99.0166
6.27672
413.956
338.599
46.9069
-28.6932
-31.5963
-56.5473
-188.287
-76.0936
-180.442
-291.512
-254.704
-452.555
-247.681
-98.9372
10.7002
369.849
133.908
46.8352
-28.8906
-31.5592
-56.7007
-188.365
-75.8796
-180.627
-292.508
-254.951
-453.047
-247.726
-97.9687
75.7635
271.135
50.8439
46.7673
-28.9961
-31.499
-56.8541
-188.65
-75.7168
-180.813
-291.573
-255.173
-453.637
-247.89
-93.6285
205.707
187.67
33.4209
46.7037
-29.2406
-31.4689
-57.0092
-188.709
-75.4454
-180.997
-292.879
-255.432
-454.224
-248.334
-88.347
283.269
140.843
31.3583
46.6436
-29.3281
-31.36
-57.1661
-189.084
-75.2604
-181.13
-291.695
-255.683
-454.982
-249.024
-24.6428
288.538
122.885
40.4373
46.587
-29.6353
-31.3599
-57.3032
-189.099
-74.9308
-181.428
-293.214
-255.945
-455.507
-248.661
162.898
279.514
114.21
45.1489
46.3096
-29.9272
-30.0401
-58.7281
-192.784
-73.4614
-180.838
-283.513
-172.525
258.677
568.15
507.044
258.605
97.1413
47.9032
44.1354
-43.5922
-31.3976
-54.1279
-182.725
-63.6153
126.802
497.754
584.436
390.635
187.231
67.5651
12.2024
2.70368
-0.016519
49.0393
-31.6923
-19.7211
66.2293
428.533
685.829
560.281
316.09
130.507
41.356
5.27213
-1.77752
-1.35412
-2.12957
-1.47391
98.2175
389.717
671.166
664.135
437.531
211.569
80.7694
22.205
1.57671
-0.900493
-2.06843
-2.79575
-2.03282
-2.34862
-1.4281
726.124
541.631
266.936
98.0328
23.9088
4.63411
-0.13349
-1.26806
-2.43276
-1.76958
-2.40739
-2.55198
-1.6346
-2.42488
-1.59148
-3.63968
-1.66828
-1.26493
-0.176182
-0.536711
-1.41083
-1.14553
-1.98959
-2.52575
-1.43994
-2.24845
-2.6475
-2.02777
-2.29014
-1.76832
-0.258394
-1.14363
-1.43381
-1.97508
-2.21408
-2.41704
-1.65703
-1.98289
-2.37248
-1.7964
-2.25098
-2.36401
-1.84631
-2.30353
-2.01934
-2.02657
-1.27939
-1.40882
-1.02441
-1.26656
-1.64509
-1.43649
-1.96132
-2.20193
-1.6319
-2.21922
-2.40654
-2.00423
-2.28464
-2.27309
-1.21503
-1.14337
-1.35608
-1.47089
-1.72715
-1.93118
-1.55811
-1.93015
-2.12713
-1.77924
-2.1771
-2.22217
-1.98707
-2.28781
-2.47481
-1.32565
-1.18081
-1.3379
-1.26964
-1.48808
-1.67013
-1.51553
-1.88809
-2.01075
-1.76055
-2.14252
-2.23411
-2.02893
-2.29258
-2.61664
-1.21161
-1.13546
-1.3146
-1.30725
-1.52991
-1.68534
-1.55117
-1.85374
-1.95547
-1.77825
-2.09915
-2.13957
-2.04734
-2.29377
-2.7127
-1.1776
-1.12188
-1.29318
-1.27869
-1.47788
-1.59228
-1.53516
-1.81133
-1.88306
-1.78715
-2.05934
-2.10975
-2.0642
-2.29667
-2.77603
-1.13051
-1.09679
-1.2693
-1.26917
-1.46634
-1.56962
-1.53978
-1.77278
-1.82908
-1.79122
-2.0201
-2.06837
-2.06882
-2.29759
-2.80724
-1.08949
-1.07735
-1.24684
-1.25327
-1.4367
-1.51538
-1.52565
-1.73441
-1.7828
-1.78557
-1.98032
-2.036
-2.06921
-2.29617
-2.80278
-1.05634
-1.0576
-1.22385
-1.23622
-1.41218
-1.48736
-1.51614
-1.69376
-1.74167
-1.77659
-1.94137
-2.00314
-2.06112
-2.28881
-2.77535
-1.02627
-1.04027
-1.20173
-1.21973
-1.38435
-1.44718
-1.50161
-1.6579
-1.70532
-1.76067
-1.9032
-1.97312
-2.04768
-2.2745
-2.72908
-1.00073
-1.02366
-1.17932
-1.20184
-1.35968
-1.41969
-1.48443
-1.61962
-1.6725
-1.74158
-1.86556
-1.94199
-2.02844
-2.25137
-2.66621
-0.977794
-1.00822
-1.15788
-1.18479
-1.33162
-1.38984
-1.46717
-1.58538
-1.64092
-1.71823
-1.82874
-1.91102
-2.00414
-2.22184
-2.58869
-0.957189
-0.99342
-1.13643
-1.16748
-1.30692
-1.36379
-1.44509
-1.55083
-1.61174
-1.69248
-1.793
-1.87881
-1.97494
-2.1847
-2.50493
-0.938383
-0.979298
-1.11551
-1.15016
-1.28108
-1.33844
-1.42455
-1.51827
-1.58252
-1.66478
-1.75762
-1.84524
-1.94184
-2.13957
-2.41613
-0.921076
-0.965653
-1.09492
-1.13324
-1.25622
-1.3141
-1.4002
-1.48691
-1.55446
-1.63557
-1.72216
-1.81027
-1.90529
-2.08914
-2.32465
-0.904886
-0.952507
-1.07472
-1.11632
-1.23166
-1.29065
-1.37629
-1.45654
-1.52583
-1.6053
-1.68679
-1.77383
-1.86584
-2.03449
-2.23251
-0.889605
-0.939716
-1.05491
-1.09963
-1.20748
-1.26751
-1.35136
-1.42722
-1.49711
-1.57436
-1.65137
-1.73592
-1.82465
-1.97671
-2.14166
-0.875054
-0.927174
-1.03548
-1.08304
-1.18377
-1.24489
-1.32622
-1.39848
-1.46794
-1.54258
-1.61587
-1.69681
-1.78187
-1.91689
-2.05342
-0.861098
-0.914792
-1.01643
-1.06654
-1.16051
-1.22252
-1.30092
-1.37046
-1.43888
-1.51011
-1.58018
-1.6568
-1.73712
-1.85573
-1.96804
-0.847635
-0.902493
-0.997782
-1.05005
-1.13773
-1.20039
-1.27558
-1.34286
-1.40949
-1.47742
-1.54436
-1.61613
-1.69119
-1.79394
-1.88513
-0.834582
-0.89022
-0.97951
-1.03353
-1.11547
-1.17839
-1.25024
-1.3156
-1.37994
-1.44465
-1.5084
-1.57513
-1.64429
-1.73211
-1.80455
-0.821864
-0.877933
-0.961597
-1.01696
-1.09371
-1.15648
-1.22498
-1.28858
-1.35035
-1.41186
-1.47233
-1.53397
-1.59675
-1.67074
-1.72629
-0.809418
-0.865604
-0.944063
-1.00032
-1.07243
-1.13459
-1.19983
-1.26163
-1.32089
-1.37915
-1.43617
-1.49275
-1.54893
-1.61019
-1.65047
-0.797198
-0.853167
-0.926919
-0.983576
-1.05168
-1.11272
-1.17485
-1.23484
-1.29151
-1.34657
-1.40002
-1.45156
-1.50113
-1.55069
-1.57726
-0.785159
-0.840622
-0.910156
-0.966685
-1.03142
-1.09083
-1.15034
-1.20805
-1.26218
-1.31415
-1.36394
-1.41055
-1.4536
-1.49243
-1.50676
-0.773262
-0.827962
-0.893738
-0.949706
-1.01153
-1.06894
-1.12627
-1.18129
-1.23299
-1.28192
-1.32804
-1.36982
-1.40654
-1.43559
-1.43902
-0.761472
-0.815201
-0.877619
-0.932712
-0.991823
-1.04735
-1.10232
-1.1548
-1.204
-1.24992
-1.29239
-1.32948
-1.36012
-1.38027
-1.37406
-0.74976
-0.802357
-0.861761
-0.915759
-0.972262
-1.02594
-1.07854
-1.12858
-1.17523
-1.21819
-1.25706
-1.28964
-1.31447
-1.32659
-1.31187
-0.738103
-0.789445
-0.846127
-0.898832
-0.952952
-1.00466
-1.05497
-1.10262
-1.14673
-1.18676
-1.22211
-1.25036
-1.26973
-1.27461
-1.2524
-0.726487
-0.776481
-0.830685
-0.881946
-0.933828
-0.983537
-1.03164
-1.07693
-1.11853
-1.15568
-1.18761
-1.21174
-1.22597
-1.22437
-1.1956
-0.7149
-0.763478
-0.81541
-0.865117
-0.914877
-0.962614
-1.00855
-1.05153
-1.09064
-1.12499
-1.1536
-1.17382
-1.18327
-1.17589
-1.1414
-0.703344
-0.750438
-0.800279
-0.848362
-0.8961
-0.941894
-0.985702
-1.02641
-1.0631
-1.09472
-1.12015
-1.13667
-1.1417
-1.12917
-1.08974
-0.691743
-0.737443
-0.785273
-0.831701
-0.877497
-0.921373
-0.963105
-1.00161
-1.03591
-1.0649
-1.08728
-1.10032
-1.10128
-1.08421
-1.04055
-0.680149
-0.724448
-0.770378
-0.815145
-0.85907
-0.901061
-0.940768
-0.97712
-1.00911
-1.03555
-1.05503
-1.06482
-1.06205
-1.04096
-0.993714
-0.668566
-0.711454
-0.755586
-0.798704
-0.840818
-0.880963
-0.9187
-0.952961
-0.982713
-1.0067
-1.02342
-1.03018
-1.02401
-0.999413
-0.949149
-0.65699
-0.698474
-0.740892
-0.782383
-0.822741
-0.861085
-0.896906
-0.929141
-0.956727
-0.978369
-0.992479
-0.996416
-0.98718
-0.959516
-0.906764
-0.645421
-0.685516
-0.726293
-0.766188
-0.804841
-0.841431
-0.875393
-0.905668
-0.931168
-0.950568
-0.962224
-0.96355
-0.951542
-0.921225
-0.866467
-0.633861
-0.672588
-0.711789
-0.750121
-0.787122
-0.822005
-0.854166
-0.882549
-0.906046
-0.923311
-0.932664
-0.931584
-0.917089
-0.884495
-0.828159
-0.622315
-0.659696
-0.697378
-0.734187
-0.769583
-0.802813
-0.833232
-0.859792
-0.881369
-0.896608
-0.903807
-0.900517
-0.883806
-0.849276
-0.791755
-0.610787
-0.646845
-0.683063
-0.718389
-0.75223
-0.783858
-0.812593
-0.8374
-0.857144
-0.870465
-0.875657
-0.870347
-0.851672
-0.815519
-0.757168
-0.599284
-0.634041
-0.668843
-0.702729
-0.735064
-0.76514
-0.792255
-0.815379
-0.833376
-0.844887
-0.848215
-0.841065
-0.820663
-0.783172
-0.724307
-0.587819
-0.621287
-0.654721
-0.687209
-0.718087
-0.746665
-0.772219
-0.793731
-0.810067
-0.819874
-0.821478
-0.812661
-0.790751
-0.752183
-0.693082
-0.576406
-0.608585
-0.640699
-0.671834
-0.701302
-0.728433
-0.752489
-0.77246
-0.787218
-0.795429
-0.795441
-0.785122
-0.761909
-0.7225
-0.663406
-0.564885
-0.595935
-0.626777
-0.656603
-0.68471
-0.710445
-0.733066
-0.751565
-0.764831
-0.771547
-0.770097
-0.758432
-0.734107
-0.694071
-0.635193
-0.553392
-0.583339
-0.612957
-0.641517
-0.668312
-0.692702
-0.713949
-0.731048
-0.742903
-0.748225
-0.745436
-0.732573
-0.707313
-0.666845
-0.608356
-0.541936
-0.570806
-0.599243
-0.62658
-0.652112
-0.67521
-0.69514
-0.710909
-0.721432
-0.725459
-0.721449
-0.707527
-0.681495
-0.640769
-0.582813
-0.530531
-0.558351
-0.585648
-0.611805
-0.636119
-0.657974
-0.676647
-0.691152
-0.70042
-0.703245
-0.698125
-0.683273
-0.656621
-0.615795
-0.558485
-0.519174
-0.545972
-0.572168
-0.597184
-0.620325
-0.640989
-0.658463
-0.671772
-0.67986
-0.681574
-0.675452
-0.659794
-0.632658
-0.591874
-0.535301
-0.507822
-0.533624
-0.558756
-0.582671
-0.604685
-0.624211
-0.640547
-0.652729
-0.659717
-0.660414
-0.653397
-0.637055
-0.60957
-0.568962
-0.51339
-0.496445
-0.521274
-0.54538
-0.568239
-0.589176
-0.607611
-0.62287
-0.633993
-0.63995
-0.639723
-0.631913
-0.615004
-0.587297
-0.546987
-0.492257
-0.462778
-0.48459
-0.505515
-0.525073
-0.542627
-0.557593
-0.569417
-0.577137
-0.579736
-0.576513
-0.566104
-0.547323
-0.518879
-0.479493
-0.428025
-0.408863
-0.426385
-0.442891
-0.457806
-0.470728
-0.481194
-0.488636
-0.492426
-0.491342
-0.484851
-0.472259
-0.452769
-0.425405
-0.38947
-0.344537
-0.356292
-0.370146
-0.382878
-0.394151
-0.403467
-0.410427
-0.414545
-0.415335
-0.412191
-0.404321
-0.391116
-0.371944
-0.346796
-0.314951
-0.276224
-0.305296
-0.316115
-0.325846
-0.334163
-0.340714
-0.345127
-0.347008
-0.345938
-0.341461
-0.333136
-0.320673
-0.303186
-0.280672
-0.253266
-0.220724
-0.255827
-0.264121
-0.271399
-0.277399
-0.281839
-0.284423
-0.284839
-0.282765
-0.277866
-0.26982
-0.258348
-0.243224
-0.223896
-0.200794
-0.17414
-0.207799
-0.213985
-0.219278
-0.223473
-0.226351
-0.227684
-0.227237
-0.224773
-0.220054
-0.212855
-0.202971
-0.190231
-0.174365
-0.154998
-0.13438
-0.161037
-0.16545
-0.169127
-0.171916
-0.173656
-0.174179
-0.173319
-0.170911
-0.166795
-0.160826
-0.152893
-0.142942
-0.131024
-0.117376
-0.10042
-0.115319
-0.118216
-0.120558
-0.12224
-0.123153
-0.123189
-0.122238
-0.120196
-0.116964
-0.112457
-0.106616
-0.0994102
-0.0908477
-0.0808457
-0.0692555
-0.0704217
-0.0719863
-0.0731908
-0.073976
-0.0742824
-0.0740513
-0.0732261
-0.0717536
-0.0695858
-0.0666835
-0.0630207
-0.0585882
-0.0533966
-0.0473861
-0.040511
-0.0259712
-0.0263148
-0.0265032
-0.0265211
-0.0263551
-0.025993
-0.0254253
-0.0246451
-0.0236483
-0.0224343
-0.0210068
-0.0193741
-0.0175515
-0.015525
-0.0131972
712.719
310.188
9.62575
5.74705
0.800771
1.1491
3.38942
3.38832
585.423
455.106
72.6123
4.66092
0.39148
1.10059
3.38388
3.38759
303.542
196.032
175.217
17.9871
0.234121
1.09077
3.38338
3.38719
197.115
33.1233
109.371
40.596
-0.110759
1.0501
3.38172
3.38685
205.806
13.9219
54.2208
66.0115
5.36041
1.11724
3.3825
3.38684
311.314
10.2807
18.986
67.9679
31.7947
1.81833
3.38187
3.38673
604.516
47.8941
-0.12279
58.6824
23.3682
2.43604
3.38711
3.38694
304.418
45.4101
-4.48989
24.4683
10.4339
1.44098
3.41846
3.38723
185.637
2.84316
-4.73452
5.49503
1.95279
1.13715
3.43926
3.39802
234.059
3.82242
-5.23012
-0.555305
-0.581085
1.11366
3.42547
3.40688
413.478
43.7282
-5.33346
-0.612003
-0.648812
1.11944
3.4023
3.39958
606.684
79.9254
-5.5895
-0.70555
-0.669398
1.12178
3.40295
3.39353
263.771
-0.520569
-5.33542
-0.714251
-0.666239
1.12356
3.4049
3.39094
203.077
-2.06986
-5.5196
-0.76287
-0.672503
1.1242
3.40677
3.39104
62.0518
-2.96391
-5.42503
-0.794632
-0.675766
1.1249
3.40963
3.39198
17.3905
-5.11989
-5.58048
-0.865337
-0.684246
1.12455
3.41377
3.39343
9.14231
-5.62106
-5.52464
-0.911255
-0.694168
1.12391
3.41814
3.39506
7.79272
-5.5139
-5.55589
-0.976932
-0.707697
1.12271
3.42245
3.39687
8.23723
-5.66314
-5.55349
-1.04888
-0.722956
1.12104
3.42694
3.39886
9.95531
-5.48969
-5.55637
-1.11482
-0.742236
1.11933
3.43164
3.40104
11.4315
-5.64936
-5.6095
-1.18403
-0.765507
1.11714
3.43642
3.4034
13.1493
-4.49586
-5.9126
-1.50653
-0.93043
1.09399
3.46725
3.4191
0.522842
-7.79967
-7.29654
-2.48555
-1.3026
1.05122
3.56459
3.4699
-0.406967
-7.92153
-10.1893
-4.63442
-1.49374
1.28956
3.71568
3.53032
-0.470289
-8.80893
-11.7738
-5.69825
-1.13738
1.72188
3.92951
3.59778
-0.969087
-9.04769
-13.5624
-6.60915
-0.197922
2.27377
4.13905
3.63939
-1.34927
-9.37472
-15.2755
-7.22562
0.278642
2.96036
4.28167
3.65516
-1.94628
-9.45937
-16.4711
-7.59212
-0.120866
3.08846
4.4093
3.66441
-2.26043
-9.37323
-16.3233
-8.36669
-0.977243
3.22704
4.60879
3.64882
-2.55884
-9.59119
-14.446
-8.94413
-1.25762
3.65565
4.57394
3.55209
-2.73906
-9.54786
-13.6499
-9.30651
-0.761526
3.72456
4.23212
3.43689
-2.8394
-9.04641
-12.952
-8.72152
-0.713703
3.14209
3.84733
3.30582
-2.91538
-8.27713
-12.3892
-7.56311
-0.655636
2.39404
3.54747
3.1585
-2.98339
-7.48494
-11.1449
-6.39893
-1.30409
2.04732
3.27045
3.00781
-2.98388
-6.75996
-9.74293
-6.07812
-1.68464
1.87542
3.00294
2.8575
-2.95863
-5.99746
-8.44683
-5.39584
-1.4456
1.7509
2.75406
2.70975
-2.91373
-5.37244
-7.22606
-4.46712
-1.08352
1.62885
2.52993
2.56597
-2.85071
-4.85085
-6.1521
-3.70312
-0.807597
1.50151
2.33193
2.42714
-2.77247
-4.38725
-5.26994
-3.07794
-0.637427
1.38111
2.15233
2.29394
-2.68359
-3.97465
-4.54486
-2.58869
-0.506604
1.26895
1.98958
2.16687
-2.58768
-3.60707
-3.94346
-2.19652
-0.404087
1.16569
1.84201
2.04621
-2.48719
-3.28061
-3.48059
-1.87789
-0.323769
1.07127
1.70797
1.93207
-2.38364
-2.98929
-3.06356
-1.61605
-0.259992
0.985259
1.58602
1.82448
-2.27793
-2.72899
-2.71204
-1.39871
-0.208853
0.907064
1.47483
1.72338
-2.17102
-2.49608
-2.41466
-1.21588
-0.167742
0.836065
1.37312
1.62873
-2.06435
-2.28733
-2.16333
-1.05933
-0.134958
0.771659
1.28046
1.53969
-1.95956
-2.09965
-1.93388
-0.940094
-0.109387
0.713263
1.19584
1.45608
-1.85769
-1.93018
-1.72189
-0.852317
-0.0889578
0.660347
1.11845
1.37761
-1.75944
-1.77747
-1.54137
-0.774016
-0.0721888
0.61244
1.04753
1.30398
-1.66527
-1.64005
-1.38682
-0.704309
-0.0582283
0.569118
0.98245
1.2349
-1.57548
-1.51699
-1.25363
-0.642193
-0.0464821
0.529967
0.922628
1.17006
-1.49013
-1.40569
-1.13813
-0.586796
-0.0365303
0.494583
0.867567
1.1091
-1.40921
-1.3049
-1.03742
-0.537312
-0.0280606
0.462573
0.816834
1.05227
-1.33265
-1.21349
-0.949193
-0.493016
-0.0208334
0.433571
0.770026
0.999042
-1.26037
-1.13045
-0.871519
-0.453274
-0.0146559
0.407242
0.72679
0.949161
-1.19221
-1.05491
-0.802816
-0.417547
-0.00937107
0.383277
0.686808
0.902394
-1.12802
-0.986076
-0.741774
-0.385358
-0.00484517
0.361396
0.649796
0.858527
-1.06766
-0.92324
-0.687276
-0.356292
-0.000965191
0.341363
0.615489
0.817361
-1.011
-0.865773
-0.638392
-0.329994
0.002364
0.322973
0.583644
0.778708
-0.958257
-0.813104
-0.594364
-0.30615
0.00522172
0.30605
0.554041
0.742393
-0.908618
-0.764708
-0.554561
-0.28449
0.00767552
0.290438
0.526482
0.708254
-0.862052
-0.720152
-0.518449
-0.264777
0.00978272
0.275999
0.50079
0.676138
-0.818393
-0.679047
-0.485581
-0.246806
0.0115918
0.262614
0.476803
0.645899
-0.777458
-0.64105
-0.455573
-0.230396
0.0131443
0.250179
0.454376
0.617402
-0.739061
-0.605864
-0.428095
-0.215391
0.0144764
0.238601
0.433377
0.590522
-0.703018
-0.573223
-0.402865
-0.201653
0.0156196
0.227797
0.413687
0.565145
-0.669158
-0.542891
-0.379635
-0.189064
0.0166022
0.217695
0.395196
0.541166
-0.63732
-0.514661
-0.358214
-0.177496
0.0174505
0.208231
0.377808
0.518488
-0.607355
-0.488349
-0.338443
-0.166826
0.018186
0.199345
0.361435
0.49702
-0.579128
-0.463787
-0.320159
-0.156969
0.0188275
0.190988
0.345997
0.476677
-0.552511
-0.440828
-0.303208
-0.147864
0.0193928
0.183111
0.331423
0.457384
-0.527392
-0.419335
-0.287456
-0.139454
0.0199005
0.175671
0.317647
0.43907
-0.503665
-0.399188
-0.272785
-0.131694
0.0203695
0.168629
0.304609
0.421667
-0.48123
-0.380277
-0.259094
-0.124545
0.0208274
0.161948
0.292256
0.405116
-0.46
-0.3625
-0.246304
-0.117661
0.0209893
0.155588
0.280534
0.38936
-0.439891
-0.345758
-0.234304
-0.111042
0.0208272
0.149582
0.269407
0.374353
-0.42082
-0.329969
-0.223047
-0.104952
0.020638
0.143897
0.258811
0.360029
-0.362236
-0.281239
-0.188151
-0.0862782
0.020226
0.125835
0.224773
0.313505
-0.288561
-0.221277
-0.145713
-0.0644448
0.0195775
0.102915
0.181733
0.253364
-0.229474
-0.174466
-0.113621
-0.0487887
0.0177641
0.0836856
0.146683
0.204594
-0.182081
-0.137347
-0.088532
-0.0369859
0.0157475
0.067996
0.118127
0.164682
-0.142929
-0.107168
-0.0684822
-0.0278819
0.0135272
0.0545722
0.0940998
0.131072
-0.109906
-0.0819901
-0.0519922
-0.0206548
0.011238
0.0428536
0.0733808
0.102085
-0.0815304
-0.0604655
-0.0380567
-0.0147587
0.00889993
0.0323488
0.0550314
0.076439
-0.0560863
-0.0414207
-0.0258954
-0.00981057
0.00649441
0.022652
0.0383005
0.0531083
-0.0327054
-0.024054
-0.014932
-0.0054997
0.00405033
0.0135116
0.0226805
0.0313698
-0.0106018
-0.00775583
-0.00476613
-0.00168266
0.0014345
0.00452074
0.00751194
0.0103493
3.22027
2.91468
2.59517
2.30019
2.04547
1.82817
1.64271
1.48353
1.3458
1.22567
1.12002
1.02643
0.94294
0.868033
0.800491
0.739324
0.683717
0.632983
0.586553
0.543937
0.504728
0.468569
0.435174
0.404268
0.375652
0.349105
0.324473
0.30157
3.22001
2.91439
2.59488
2.29993
2.04524
1.82798
1.64254
1.48339
1.34568
1.22557
1.11993
1.02634
0.942866
0.867966
0.800431
0.739269
0.683667
0.632937
0.586511
0.543899
0.504693
0.468536
0.435143
0.40424
0.375626
0.349081
0.32445
0.301549
3.21976
2.91409
2.59458
2.29967
2.04502
1.82778
1.64238
1.48324
1.34556
1.22546
1.11984
1.02626
0.942791
0.867899
0.80037
0.739213
0.683617
0.632891
0.586469
0.54386
0.504657
0.468503
0.435113
0.404212
0.3756
0.349057
0.324428
0.301528
3.21954
2.9138
2.59428
2.2994
2.04479
1.82759
1.64221
1.4831
1.34543
1.22535
1.11974
1.02617
0.942715
0.867831
0.800308
0.739158
0.683566
0.632845
0.586426
0.543821
0.504621
0.46847
0.435082
0.404184
0.375574
0.349033
0.324405
0.301507
3.21933
2.9135
2.59398
2.29912
2.04455
1.82739
1.64204
1.48296
1.34531
1.22524
1.11964
1.02609
0.942638
0.867762
0.800246
0.739102
0.683515
0.632799
0.586384
0.543782
0.504585
0.468437
0.435052
0.404155
0.375547
0.349008
0.324382
0.301486
3.21915
2.91321
2.59367
2.29884
2.04431
1.82719
1.64187
1.48281
1.34518
1.22513
1.11955
1.026
0.942561
0.867693
0.800184
0.739045
0.683464
0.632752
0.586341
0.543743
0.504549
0.468404
0.435021
0.404127
0.375521
0.348984
0.32436
0.301465
3.21899
2.91291
2.59335
2.29856
2.04407
1.82698
1.64169
1.48266
1.34505
1.22502
1.11945
1.02591
0.942483
0.867623
0.800121
0.738988
0.683412
0.632705
0.586298
0.543703
0.504512
0.46837
0.43499
0.404098
0.375494
0.348959
0.324337
0.301443
3.21884
2.91261
2.59303
2.29827
2.04382
1.82677
1.64151
1.48251
1.34492
1.2249
1.11935
1.02583
0.942404
0.867552
0.800057
0.738931
0.68336
0.632657
0.586254
0.543663
0.504476
0.468336
0.434958
0.404069
0.375467
0.348934
0.324314
0.301422
3.21873
2.91231
2.59271
2.29798
2.04357
1.82656
1.64133
1.48235
1.34478
1.22479
1.11925
1.02574
0.942324
0.867481
0.799993
0.738873
0.683307
0.632609
0.58621
0.543623
0.504438
0.468302
0.434927
0.40404
0.37544
0.348909
0.32429
0.3014
3.2193
2.91202
2.59238
2.29768
2.04331
1.82634
1.64115
1.4822
1.34465
1.22467
1.11914
1.02565
0.942244
0.867409
0.799928
0.738814
0.683254
0.632561
0.586166
0.543582
0.504401
0.468268
0.434895
0.404011
0.375413
0.348884
0.324267
0.301379
3.22101
2.91172
2.59204
2.29737
2.04305
1.82612
1.64097
1.48204
1.34451
1.22455
1.11904
1.02555
0.942163
0.867336
0.799863
0.738755
0.6832
0.632512
0.586121
0.543542
0.504364
0.468233
0.434863
0.403981
0.375386
0.348859
0.324243
0.301357
3.21979
2.91143
2.5917
2.29706
2.04279
1.8259
1.64078
1.48188
1.34438
1.22443
1.11894
1.02546
0.942081
0.867263
0.799797
0.738696
0.683146
0.632463
0.586076
0.5435
0.504326
0.468198
0.434831
0.403952
0.375358
0.348833
0.32422
0.301335
3.21873
2.91113
2.59135
2.29675
2.04252
1.82567
1.64059
1.48171
1.34424
1.22431
1.11883
1.02537
0.941998
0.867189
0.799731
0.738636
0.683092
0.632413
0.586031
0.543459
0.504288
0.468163
0.434799
0.403922
0.375331
0.348808
0.324196
0.301313
3.21832
2.91081
2.591
2.29643
2.04225
1.82544
1.64039
1.48155
1.3441
1.22419
1.11872
1.02528
0.941915
0.867115
0.799664
0.738575
0.683037
0.632363
0.585986
0.543417
0.504249
0.468128
0.434766
0.403891
0.375303
0.348782
0.324172
0.30129
3.21821
2.91034
2.59047
2.29595
2.04184
1.8251
1.6401
1.4813
1.34388
1.22401
1.11856
1.02513
0.941788
0.867002
0.799563
0.738484
0.682954
0.632288
0.585917
0.543354
0.504191
0.468074
0.434717
0.403846
0.375261
0.348743
0.324136
0.301257
3.21811
2.90973
2.58973
2.29528
2.04127
1.82462
1.6397
1.48096
1.34359
1.22375
1.11834
1.02494
0.941617
0.866849
0.799425
0.73836
0.682842
0.632186
0.585824
0.543269
0.504113
0.468002
0.43465
0.403785
0.375204
0.34869
0.324087
0.301211
3.21808
2.90911
2.58897
2.29459
2.04068
1.82413
1.63929
1.48061
1.34329
1.2235
1.11812
1.02474
0.941442
0.866693
0.799286
0.738234
0.682728
0.632082
0.585729
0.543182
0.504034
0.467929
0.434583
0.403722
0.375146
0.348637
0.324038
0.301165
3.21807
2.90847
2.5882
2.29389
2.04008
1.82362
1.63886
1.48025
1.34299
1.22323
1.11789
1.02454
0.941264
0.866535
0.799144
0.738107
0.682613
0.631977
0.585634
0.543095
0.503953
0.467855
0.434515
0.403659
0.375088
0.348583
0.323987
0.301119
3.21808
2.90783
2.5874
2.29316
2.03947
1.82311
1.63843
1.47989
1.34268
1.22297
1.11766
1.02434
0.941084
0.866374
0.799
0.737977
0.682496
0.631871
0.585536
0.543006
0.503872
0.46778
0.434446
0.403596
0.375029
0.348528
0.323937
0.301072
3.21814
2.90718
2.58658
2.29242
2.03883
1.82258
1.63799
1.47951
1.34236
1.22269
1.11742
1.02413
0.9409
0.86621
0.798854
0.737846
0.682377
0.631763
0.585438
0.542916
0.503789
0.467705
0.434376
0.403531
0.374969
0.348473
0.323886
0.301024
3.21824
2.90653
2.58573
2.29165
2.03818
1.82204
1.63753
1.47913
1.34203
1.22241
1.11718
1.02392
0.940713
0.866044
0.798705
0.737712
0.682256
0.631654
0.585338
0.542825
0.503706
0.467628
0.434305
0.403466
0.374909
0.348417
0.323834
0.300976
3.21922
2.90274
2.58069
2.28713
2.03438
1.81889
1.63494
1.47697
1.34021
1.22086
1.11584
1.02276
0.939702
0.865156
0.79792
0.737013
0.681631
0.631093
0.584833
0.542368
0.503292
0.467251
0.433962
0.403153
0.374623
0.348156
0.323594
0.300756
3.22534
2.89384
2.56816
2.276
2.02507
1.81127
1.6287
1.47183
1.33594
1.21727
1.11279
1.02013
0.937425
0.863167
0.796171
0.735466
0.680255
0.629862
0.583728
0.541372
0.502391
0.466434
0.433219
0.402476
0.374005
0.347591
0.323077
0.300282
3.23024
2.88169
2.5526
2.26226
2.01374
1.8021
1.62128
1.46577
1.33093
1.21308
1.10926
1.01712
0.934828
0.860911
0.794197
0.733727
0.678714
0.62849
0.582499
0.540268
0.501395
0.465533
0.432402
0.401733
0.373328
0.346973
0.322512
0.299765
3.2316
2.86617
2.53412
2.24613
2.00055
1.7915
1.61274
1.45883
1.32523
1.20835
1.10527
1.01373
0.931921
0.858395
0.792003
0.7318
0.677012
0.626978
0.581149
0.539058
0.500306
0.464549
0.431511
0.400925
0.372593
0.346303
0.3219
0.299205
3.22445
2.84529
2.51232
2.22751
1.98548
1.77945
1.60308
1.45102
1.31884
1.20305
1.10083
1.00997
0.928705
0.855621
0.789591
0.729688
0.67515
0.625327
0.579679
0.537741
0.499123
0.463483
0.430547
0.400051
0.371799
0.34558
0.321241
0.298602
3.21079
2.81853
2.48695
2.20639
1.96856
1.76601
1.59235
1.44236
1.31177
1.19721
1.09595
1.00585
0.925186
0.852592
0.786963
0.727391
0.67313
0.623539
0.578089
0.53632
0.497849
0.462335
0.42951
0.399113
0.370947
0.344805
0.320535
0.297958
3.18308
2.78575
2.4579
2.18279
1.94985
1.75122
1.58057
1.43289
1.30405
1.19084
1.09064
1.00137
0.921371
0.849314
0.784124
0.724913
0.670953
0.621616
0.57638
0.534796
0.496482
0.461106
0.428402
0.39811
0.370038
0.343979
0.319782
0.297271
3.13823
2.74619
2.42514
2.15678
1.92942
1.73513
1.56779
1.42262
1.2957
1.18396
1.08491
0.996541
0.917266
0.845791
0.781076
0.722257
0.668623
0.61956
0.574555
0.533169
0.495026
0.459797
0.427222
0.397044
0.369071
0.343101
0.318983
0.296542
3.07934
2.69993
2.38878
2.12847
1.90735
1.71781
1.55406
1.41159
1.28674
1.17659
1.07877
0.991376
0.912876
0.842027
0.777824
0.719426
0.66614
0.617371
0.572615
0.53144
0.493479
0.458409
0.425971
0.395914
0.368048
0.342172
0.318138
0.295772
3.00762
2.6474
2.34904
2.09797
1.88373
1.69932
1.53941
1.39984
1.27719
1.16874
1.07223
0.98588
0.90821
0.838029
0.774371
0.716421
0.663509
0.615052
0.57056
0.529611
0.491844
0.456942
0.42465
0.394721
0.366968
0.341192
0.317247
0.294961
2.92492
2.58947
2.30622
2.06546
1.85866
1.67972
1.52389
1.38739
1.26708
1.16042
1.06532
0.980064
0.903273
0.833802
0.770722
0.713248
0.66073
0.612605
0.568393
0.527683
0.490121
0.455396
0.423259
0.393466
0.365832
0.340162
0.316311
0.294109
2.83355
2.52704
2.26068
2.03112
1.83225
1.6591
1.50757
1.37429
1.25643
1.15166
1.05803
0.973937
0.898073
0.82935
0.76688
0.709908
0.657808
0.610032
0.566116
0.525657
0.488312
0.453774
0.4218
0.39215
0.364641
0.339083
0.31533
0.293216
2.73694
2.46105
2.21279
1.99514
1.80462
1.63753
1.49048
1.36057
1.24527
1.14247
1.05038
0.96751
0.892618
0.82468
0.762851
0.706406
0.654743
0.607335
0.563729
0.523535
0.486417
0.452075
0.420272
0.390772
0.363395
0.337953
0.314304
0.292283
2.63711
2.39244
2.16293
1.95773
1.77589
1.61508
1.47268
1.34626
1.23362
1.13288
1.0424
0.960793
0.886916
0.819798
0.758638
0.702745
0.65154
0.604516
0.561235
0.521318
0.484437
0.450301
0.418677
0.389334
0.362095
0.336775
0.313234
0.291309
2.53568
2.32198
2.1115
1.91908
1.74618
1.59184
1.45422
1.33141
1.22152
1.1229
1.03408
0.953796
0.880974
0.81471
0.754246
0.698927
0.648201
0.601577
0.558635
0.519007
0.482374
0.448453
0.417016
0.387836
0.360741
0.335548
0.31212
0.290296
2.43409
2.25034
2.05889
1.8794
1.71562
1.56788
1.43516
1.31605
1.20898
1.11256
1.02545
0.94653
0.874801
0.809421
0.74968
0.694958
0.644728
0.598521
0.555932
0.516604
0.480229
0.446531
0.415288
0.386279
0.359333
0.334273
0.310963
0.289244
2.33344
2.17813
2.00545
1.83889
1.68432
1.54329
1.41556
1.30021
1.19604
1.10186
1.01653
0.939006
0.868404
0.803938
0.744946
0.690841
0.641125
0.59535
0.553126
0.51411
0.478003
0.444537
0.413495
0.384663
0.357873
0.33295
0.309762
0.288152
2.23457
2.10588
1.95148
1.79776
1.65239
1.51814
1.39546
1.28395
1.18273
1.09084
1.00732
0.931236
0.861793
0.798267
0.740046
0.68658
0.637395
0.592067
0.550221
0.511526
0.475697
0.44247
0.411638
0.382989
0.35636
0.331579
0.308518
0.287021
2.13809
2.03404
1.89729
1.75618
1.61997
1.4925
1.37492
1.26728
1.16906
1.07951
0.997835
0.923229
0.854974
0.792416
0.734988
0.682177
0.63354
0.588672
0.547217
0.508855
0.473312
0.440334
0.409717
0.381258
0.354795
0.330162
0.307232
0.285852
2.04443
1.96301
1.84313
1.71433
1.58717
1.46645
1.35398
1.25026
1.15507
1.0679
0.988099
0.914998
0.847958
0.786389
0.729774
0.677638
0.629564
0.58517
0.544117
0.506098
0.47085
0.438128
0.407734
0.379471
0.35318
0.328699
0.305904
0.284645
1.9539
1.8931
1.78923
1.67236
1.55409
1.44007
1.33271
1.23291
1.14078
1.05601
0.978123
0.906553
0.840752
0.780194
0.724412
0.672967
0.62547
0.581563
0.540922
0.503256
0.468312
0.435853
0.405689
0.377627
0.351513
0.327189
0.304535
0.2834
1.8667
1.82457
1.73579
1.63041
1.52084
1.41343
1.31114
1.21528
1.12622
1.04388
0.967922
0.897905
0.833365
0.773838
0.718905
0.668166
0.621261
0.577852
0.537635
0.500332
0.4657
0.433511
0.403583
0.375728
0.349797
0.325635
0.303124
0.282118
1.78294
1.75763
1.68298
1.58861
1.4875
1.38659
1.28933
1.1974
1.11141
1.03151
0.95751
0.889066
0.825805
0.767326
0.713259
0.663241
0.616939
0.574042
0.534258
0.497325
0.463014
0.431102
0.401416
0.373775
0.348032
0.324035
0.301672
0.280799
1.70266
1.69245
1.63096
1.54708
1.45416
1.35962
1.26733
1.17929
1.09639
1.01894
0.946901
0.880047
0.81808
0.760665
0.707479
0.658195
0.61251
0.570133
0.530792
0.494239
0.460255
0.428629
0.399191
0.371768
0.346217
0.322392
0.300181
0.279443
1.62587
1.62914
1.57985
1.50593
1.42091
1.33258
1.24517
1.161
1.08117
1.00617
0.93611
0.870858
0.8102
0.753862
0.701569
0.653032
0.607974
0.566128
0.52724
0.491075
0.457426
0.426091
0.396908
0.369709
0.344355
0.320704
0.298649
0.27805
1.55255
1.56778
1.52974
1.46523
1.38781
1.30552
1.22291
1.14255
1.06578
0.993234
0.925151
0.86151
0.802172
0.746924
0.695536
0.647756
0.603336
0.562031
0.523604
0.487835
0.454528
0.42349
0.394567
0.367597
0.342445
0.318974
0.297078
0.276622
1.48266
1.50844
1.48072
1.42507
1.35492
1.27849
1.20058
1.12398
1.05023
0.980137
0.914036
0.852013
0.794005
0.739856
0.689384
0.642372
0.598599
0.557844
0.519886
0.48452
0.451561
0.420828
0.39217
0.365434
0.340489
0.3172
0.295468
0.275158
1.41613
1.45113
1.43287
1.38552
1.32231
1.25155
1.17822
1.10532
1.03457
0.966901
0.902781
0.842379
0.785706
0.732666
0.683119
0.636883
0.593766
0.553568
0.516087
0.481131
0.448528
0.418104
0.389717
0.36322
0.338486
0.315385
0.293819
0.273659
1.35289
1.39587
1.38622
1.34664
1.29004
1.22473
1.15586
1.0866
1.0188
0.953543
0.891397
0.832617
0.777285
0.725359
0.676744
0.631293
0.588841
0.549208
0.512211
0.477672
0.44543
0.415321
0.38721
0.360956
0.336438
0.313527
0.292132
0.272125
1.29287
1.34264
1.34081
1.30847
1.25813
1.19808
1.13355
1.06783
1.00295
0.940079
0.879897
0.822737
0.768748
0.717941
0.670265
0.625606
0.583825
0.544765
0.508259
0.474143
0.442268
0.41248
0.38465
0.358644
0.334344
0.311629
0.290408
0.270557
1.23604
1.29142
1.29667
1.27105
1.22665
1.17163
1.1113
1.04906
0.987031
0.926525
0.868293
0.812749
0.760103
0.71042
0.663688
0.619827
0.578724
0.540242
0.504233
0.470545
0.439043
0.409581
0.382036
0.356283
0.332207
0.30969
0.288647
0.268955
1.18175
1.24215
1.25382
1.23442
1.19561
1.14542
1.08914
1.03029
0.971074
0.912897
0.856599
0.802663
0.751359
0.7028
0.657017
0.613959
0.573538
0.535641
0.500135
0.466882
0.435758
0.406626
0.379372
0.353875
0.330026
0.307712
0.286848
0.267319
1.13017
1.19481
1.21225
1.1986
1.16506
1.11946
1.06711
1.01155
0.955093
0.89921
0.844825
0.792487
0.742522
0.695089
0.650256
0.608005
0.568273
0.530965
0.495967
0.463154
0.432412
0.403616
0.376656
0.35142
0.327803
0.305694
0.285014
0.26565
1.08116
1.14937
1.17196
1.1636
1.13501
1.0938
1.04523
0.992871
0.939104
0.885478
0.832983
0.782231
0.733599
0.687291
0.643411
0.601971
0.562931
0.526217
0.491731
0.459363
0.429009
0.400552
0.373891
0.348919
0.325537
0.303637
0.283144
0.263948
1.03462
1.10577
1.13295
1.12944
1.10549
1.06845
1.02351
0.974259
0.923123
0.871715
0.821085
0.771904
0.724599
0.679413
0.636486
0.595858
0.557515
0.521399
0.487431
0.455511
0.425548
0.397436
0.371078
0.346374
0.323229
0.301542
0.281239
0.262213
0.990391
1.06397
1.0952
1.09614
1.07652
1.04344
1.00198
0.955737
0.907166
0.857932
0.80914
0.761515
0.715527
0.67146
0.629486
0.589672
0.552027
0.516513
0.483066
0.451599
0.422033
0.394268
0.368216
0.343784
0.320881
0.299409
0.279299
0.260447
0.948361
1.02392
1.05868
1.06368
1.04811
1.01877
0.980655
0.93732
0.891247
0.844142
0.79716
0.751071
0.70639
0.663438
0.622414
0.583416
0.546472
0.511563
0.47864
0.44763
0.418462
0.391049
0.365308
0.341151
0.318493
0.297239
0.277325
0.258649
0.908395
0.985575
1.02338
1.03208
1.02027
0.994479
0.959553
0.919024
0.875379
0.830357
0.785153
0.740582
0.697196
0.655352
0.615277
0.577094
0.540852
0.50655
0.474154
0.443604
0.41484
0.387782
0.362354
0.338475
0.316065
0.295033
0.275317
0.25682
0.870352
0.9489
0.98926
1.00132
0.993011
0.970562
0.938687
0.900862
0.859574
0.816587
0.773129
0.730054
0.687951
0.647207
0.608077
0.570708
0.535169
0.501476
0.469611
0.439524
0.411166
0.384466
0.359355
0.335757
0.313598
0.292791
0.273275
0.25496
0.834268
0.91369
0.956292
0.971398
0.966335
0.947037
0.918069
0.882847
0.843844
0.802842
0.761097
0.719496
0.678661
0.639008
0.60082
0.564264
0.529428
0.496345
0.465012
0.435391
0.407441
0.381103
0.356312
0.332999
0.311093
0.290513
0.271201
0.25307
0.799991
0.879927
0.924448
0.942311
0.940245
0.92391
0.897711
0.86499
0.8282
0.789131
0.749065
0.708914
0.669331
0.630761
0.593508
0.557762
0.52363
0.491159
0.46036
0.431206
0.403669
0.377694
0.353226
0.3302
0.308551
0.2882
0.269095
0.25115
0.767412
0.847558
0.893699
0.914042
0.914742
0.90119
0.877623
0.847301
0.812652
0.775465
0.73704
0.698315
0.659969
0.622471
0.586147
0.551209
0.517778
0.485919
0.455655
0.426972
0.399848
0.374241
0.350098
0.327361
0.305972
0.285853
0.266956
0.249201
0.736432
0.816525
0.864017
0.886579
0.889825
0.87888
0.857811
0.82979
0.797207
0.76185
0.72503
0.687706
0.650578
0.614141
0.57874
0.544605
0.511875
0.480628
0.450901
0.42269
0.395982
0.370743
0.346928
0.324485
0.303356
0.283473
0.264787
0.247222
0.70696
0.786768
0.835372
0.859907
0.86549
0.856986
0.838284
0.812464
0.781876
0.748295
0.713042
0.677092
0.641166
0.605777
0.571291
0.537956
0.505924
0.475289
0.446099
0.418361
0.392071
0.367204
0.343719
0.32157
0.300705
0.281059
0.262586
0.245215
0.678909
0.758228
0.807734
0.83401
0.841733
0.835508
0.819047
0.795331
0.766664
0.734807
0.701083
0.66648
0.631736
0.597384
0.563805
0.531263
0.499928
0.469903
0.44125
0.413987
0.388117
0.363622
0.34047
0.318618
0.29802
0.278613
0.260356
0.243179
0.652199
0.730845
0.781076
0.808869
0.818548
0.814447
0.800103
0.778397
0.751579
0.721392
0.689158
0.655875
0.622294
0.588964
0.556283
0.52453
0.493888
0.464473
0.436357
0.409569
0.38412
0.360001
0.337183
0.31563
0.2953
0.276134
0.258095
0.241116
0.626754
0.704558
0.755372
0.784468
0.795928
0.793804
0.781457
0.761666
0.736627
0.708056
0.677274
0.645282
0.612844
0.580523
0.548731
0.51776
0.487808
0.459
0.431422
0.405109
0.380083
0.35634
0.333858
0.312606
0.292546
0.273625
0.255805
0.239026
0.602502
0.679298
0.730607
0.760785
0.773864
0.773576
0.763112
0.745144
0.721813
0.694806
0.665436
0.634707
0.603391
0.572064
0.541151
0.510956
0.481689
0.453488
0.426445
0.400609
0.376006
0.35264
0.330497
0.309548
0.28976
0.271084
0.253486
0.236908
0.579377
0.655088
0.706675
0.7378
0.752348
0.75376
0.745067
0.728835
0.707142
0.681647
0.653649
0.624153
0.593939
0.563592
0.533546
0.50412
0.475535
0.447937
0.42143
0.396069
0.37189
0.348904
0.3271
0.306455
0.286942
0.268513
0.251139
0.234764
0.557315
0.631863
0.683561
0.715494
0.73137
0.734354
0.727325
0.712741
0.692618
0.668582
0.641917
0.613626
0.584492
0.555108
0.52592
0.497256
0.469347
0.442349
0.416376
0.391492
0.367738
0.345131
0.323668
0.303329
0.284092
0.265912
0.248764
0.232594
0.536256
0.609572
0.661239
0.693848
0.710918
0.715354
0.709884
0.696865
0.678246
0.655616
0.630245
0.603129
0.575053
0.546618
0.518276
0.490366
0.463127
0.436728
0.411287
0.386878
0.363549
0.341323
0.320202
0.300171
0.281211
0.263283
0.246361
0.230398
0.516141
0.588167
0.639681
0.672845
0.690983
0.696753
0.692745
0.681208
0.664027
0.642754
0.618636
0.592666
0.565627
0.538124
0.510617
0.483452
0.456879
0.431074
0.406164
0.382229
0.359326
0.337481
0.316703
0.296981
0.2783
0.260624
0.243931
0.228177
0.496917
0.567604
0.618856
0.652466
0.671552
0.678548
0.675906
0.665772
0.649965
0.629997
0.607095
0.582241
0.556216
0.529628
0.502944
0.476517
0.450604
0.425389
0.401007
0.377547
0.355068
0.333606
0.313172
0.29376
0.275359
0.257938
0.241476
0.225932
0.478532
0.547841
0.598735
0.632693
0.652614
0.660731
0.659365
0.650557
0.636062
0.61735
0.595625
0.571857
0.546824
0.521136
0.495262
0.469563
0.444303
0.419675
0.39582
0.372832
0.350779
0.329699
0.309609
0.290509
0.272389
0.255224
0.238994
0.223661
0.460942
0.528843
0.57929
0.613509
0.634157
0.643297
0.643119
0.635563
0.622319
0.604814
0.584228
0.561518
0.537454
0.512647
0.487572
0.462592
0.43798
0.413934
0.390602
0.368087
0.346458
0.32576
0.306016
0.287228
0.269391
0.252483
0.236486
0.221367
0.44409
0.510559
0.560483
0.594893
0.616166
0.626237
0.627166
0.620791
0.608739
0.592394
0.572909
0.551226
0.528109
0.504168
0.479878
0.455608
0.431637
0.408169
0.385357
0.363311
0.342106
0.321792
0.302394
0.283919
0.266366
0.249716
0.233954
0.219049
0.388704
0.449739
0.497114
0.531502
0.554142
0.566747
0.570909
0.568128
0.559801
0.547162
0.531258
0.512969
0.493023
0.472013
0.450414
0.428603
0.40687
0.385441
0.364484
0.344125
0.324456
0.30554
0.287415
0.270104
0.253613
0.237939
0.223071
0.20899
0.315521
0.36733
0.409
0.440819
0.463221
0.477513
0.484665
0.48578
0.481881
0.473911
0.462732
0.449095
0.433642
0.41691
0.39934
0.381297
0.363069
0.344889
0.326937
0.309355
0.292248
0.275695
0.25975
0.24445
0.229816
0.215858
0.202578
0.189967
0.255578
0.299132
0.335095
0.363523
0.384697
0.39917
0.407721
0.411143
0.410186
0.405578
0.397987
0.388027
0.376242
0.363099
0.348996
0.334264
0.319177
0.30396
0.288793
0.27382
0.259152
0.244875
0.231052
0.21773
0.204939
0.192699
0.181017
0.169897
0.20627
0.242211
0.272523
0.297158
0.316188
0.329827
0.338688
0.343272
0.344135
0.341827
0.336872
0.329754
0.320912
0.310742
0.299585
0.287736
0.27544
0.262905
0.250299
0.23776
0.225398
0.213299
0.201531
0.190141
0.179166
0.168631
0.158549
0.148928
0.164396
0.1936
0.218591
0.239266
0.255685
0.267843
0.276244
0.281161
0.283003
0.282182
0.279095
0.274123
0.267614
0.259885
0.25122
0.241867
0.232041
0.221922
0.211663
0.201387
0.191197
0.181175
0.171383
0.161872
0.152677
0.143825
0.135333
0.127211
0.128141
0.15119
0.171158
0.187907
0.201426
0.211788
0.219165
0.22381
0.226011
0.226059
0.224249
0.220868
0.216186
0.210453
0.203891
0.196702
0.189062
0.181125
0.173017
0.164847
0.156703
0.148657
0.140767
0.133078
0.125623
0.118429
0.111513
0.104885
0.0959769
0.11338
0.128587
0.141483
0.152031
0.160273
0.166288
0.170256
0.172369
0.172829
0.171847
0.16963
0.16638
0.162282
0.157506
0.152205
0.146516
0.140559
0.134435
0.128233
0.122023
0.115866
0.109808
0.103889
0.0981368
0.0925739
0.0872159
0.0820733
0.0666758
0.0788214
0.0895016
0.0986284
0.106168
0.112135
0.116565
0.119578
0.121293
0.121841
0.121361
0.119996
0.117881
0.115145
0.111909
0.10828
0.104355
0.100218
0.0959449
0.0915985
0.0872319
0.0828894
0.0786067
0.0744127
0.0703296
0.0663744
0.0625595
0.0588933
0.0393503
0.0465166
0.0528426
0.0582741
0.0627881
0.066389
0.069089
0.0709589
0.072061
0.0724697
0.0722647
0.0715274
0.0703375
0.0687711
0.066899
0.0647855
0.0624877
0.060056
0.0575346
0.0549619
0.0523705
0.0497879
0.0472362
0.0447335
0.0422939
0.0399279
0.0376436
0.0354464
0.0129596
0.0153091
0.0173895
0.0191823
0.0206796
0.0218816
0.0227901
0.0234284
0.0238147
0.0239726
0.0239273
0.0237049
0.0233312
0.0228311
0.0222277
0.0215421
0.0207933
0.0199977
0.0191699
0.0183229
0.0174677
0.0166136
0.0157683
0.0149381
0.0141278
0.0133412
0.0125811
0.0118493
0.280423
0.260816
0.242597
0.225566
0.20976
0.194945
0.181232
0.16833
0.156439
0.145205
0.134897
0.125125
0.116189
0.107709
0.0999498
0.0926176
0.0858514
0.0795384
0.0736149
0.068207
0.0630204
0.0584026
0.0538911
0.0499347
0.0460543
0.0426111
0.0393101
0.0362594
0.0334879
0.0307865
0.0284784
0.0261302
0.024178
0.0221826
0.0204801
0.0188092
0.0173123
0.0158958
0.0146312
0.013362
0.0123672
0.0112191
0.0104175
0.00941323
0.00874167
0.00790738
0.00729436
0.00665054
0.00606516
0.00557587
0.00505323
0.00463517
0.0042333
0.00381885
0.00355335
0.00313805
0.00296508
0.00259059
0.00244851
0.00215212
0.00200152
0.00179884
0.00161411
0.00152304
0.00126997
0.00131312
0.000975454
0.00112853
0.000765752
0.000919668
0.000660668
0.000682097
0.00061969
0.000472447
0.000564887
0.000349935
0.000457175
0.00030681
0.000334102
0.000275444
0.000259788
0.00020396
0.000249564
0.000106653
0.000259061
3.45076e-05
0.000239973
1.39413e-05
0.000186396
2.77169e-05
0.00012524
4.44653e-05
8.00054e-05
4.88462e-05
5.41998e-05
4.33564e-05
0.280403
0.260798
0.242581
0.22555
0.209745
0.194932
0.181219
0.168318
0.156427
0.145195
0.134887
0.125116
0.116181
0.107701
0.0999424
0.0926107
0.0858449
0.0795324
0.0736092
0.0682017
0.0630155
0.058398
0.0538868
0.0499307
0.0460506
0.0426076
0.0393069
0.0362564
0.0334851
0.0307839
0.028476
0.0261279
0.0241759
0.0221807
0.0204782
0.0188075
0.0173107
0.0158943
0.0146299
0.0133606
0.0123659
0.0112179
0.0104164
0.0094122
0.00874069
0.00790649
0.00729348
0.00664976
0.00606438
0.00557515
0.00505256
0.00463451
0.00423271
0.00381824
0.00355282
0.0031375
0.00296458
0.00259011
0.00244805
0.00215169
0.00200108
0.00179846
0.00161369
0.00152271
0.00126955
0.00131282
0.000975063
0.00112822
0.000765424
0.000919321
0.000660409
0.000681726
0.000619456
0.000472105
0.000564623
0.000349654
0.000456872
0.000306565
0.000333805
0.000275181
0.000259539
0.000203659
0.000249353
0.000106342
0.000258847
3.42246e-05
0.000239729
1.36955e-05
0.000186127
2.74896e-05
0.00012497
4.42361e-05
7.97453e-05
4.86089e-05
5.39497e-05
4.31143e-05
0.280384
0.26078
0.242564
0.225534
0.20973
0.194918
0.181206
0.168306
0.156416
0.145184
0.134878
0.125107
0.116172
0.107693
0.0999349
0.0926038
0.0858384
0.0795264
0.0736035
0.0681965
0.0630105
0.0583934
0.0538825
0.0499267
0.0460469
0.0426041
0.0393036
0.0362533
0.0334823
0.0307812
0.0284735
0.0261255
0.0241737
0.0221786
0.0204763
0.0188057
0.017309
0.0158927
0.0146284
0.0133592
0.0123646
0.0112167
0.0104152
0.00941111
0.00873964
0.00790554
0.00729253
0.00664891
0.00606353
0.00557437
0.00505182
0.00463377
0.00423207
0.00381757
0.00355223
0.0031369
0.00296402
0.00258957
0.00244751
0.0021512
0.00200057
0.00179801
0.00161319
0.0015223
0.00126907
0.00131245
0.000974606
0.00112784
0.000765031
0.000918899
0.000660083
0.000681281
0.000619154
0.000471691
0.000564286
0.000349305
0.000456495
0.000306253
0.000333433
0.000274851
0.000259214
0.00020329
0.000249067
0.000105963
0.000258557
3.38752e-05
0.000239408
1.33837e-05
0.000185782
2.7195e-05
0.000124623
4.39377e-05
7.94109e-05
4.83005e-05
5.36266e-05
4.28e-05
0.280364
0.260761
0.242547
0.225518
0.209716
0.194904
0.181193
0.168294
0.156405
0.145174
0.134868
0.125098
0.116164
0.107685
0.0999275
0.092597
0.085832
0.0795204
0.0735979
0.0681913
0.0630057
0.058389
0.0538784
0.0499228
0.0460433
0.0426007
0.0393005
0.0362503
0.0334796
0.0307786
0.0284711
0.0261234
0.0241716
0.0221768
0.0204745
0.0188041
0.0173075
0.0158913
0.0146271
0.013358
0.0123635
0.0112156
0.0104142
0.0094102
0.00873878
0.00790478
0.00729176
0.00664825
0.00606287
0.00557378
0.00505127
0.00463323
0.00423161
0.00381708
0.00355182
0.00313648
0.00296364
0.00258922
0.00244716
0.0021509
0.00200025
0.00179775
0.0016129
0.00152209
0.00126878
0.00131226
0.000974351
0.00112765
0.00076484
0.000918671
0.000659958
0.000681035
0.000619047
0.000471481
0.000564145
0.000349159
0.000456316
0.000306141
0.000333263
0.000274719
0.000259091
0.000203121
0.00024898
0.00010579
0.000258462
3.37344e-05
0.000239278
1.32807e-05
0.00018563
2.71068e-05
0.000124474
4.38429e-05
7.92765e-05
4.81943e-05
5.35047e-05
4.26876e-05
0.280345
0.260743
0.24253
0.225502
0.209701
0.19489
0.18118
0.168282
0.156394
0.145163
0.134858
0.125089
0.116155
0.107678
0.0999202
0.0925902
0.0858256
0.0795146
0.0735925
0.0681862
0.0630009
0.0583846
0.0538743
0.049919
0.0460398
0.0425974
0.0392975
0.0362474
0.033477
0.0307762
0.0284689
0.0261213
0.0241697
0.022175
0.0204728
0.0188026
0.0173061
0.01589
0.0146259
0.0133568
0.0123625
0.0112147
0.0104134
0.00940941
0.00873802
0.00790412
0.0072911
0.0066477
0.00606233
0.00557329
0.00505084
0.00463279
0.00423126
0.00381671
0.00355152
0.00313619
0.00296337
0.00258899
0.00244692
0.00215071
0.00200005
0.0017976
0.00161271
0.00152198
0.00126861
0.00131219
0.000974212
0.00112756
0.000764764
0.00091855
0.000659945
0.000680899
0.000619048
0.000471383
0.000564109
0.000349126
0.000456243
0.00030614
0.000333201
0.000274697
0.000259078
0.000203063
0.000249
0.000105729
0.00025847
3.37099e-05
0.000239252
1.32943e-05
0.000185582
2.71334e-05
0.000124431
4.38606e-05
7.92499e-05
4.81986e-05
5.34917e-05
4.26847e-05
0.280325
0.260725
0.242512
0.225486
0.209686
0.194876
0.181167
0.16827
0.156383
0.145153
0.134848
0.125079
0.116147
0.10767
0.0999129
0.0925834
0.0858192
0.0795087
0.0735869
0.0681811
0.0629961
0.0583801
0.0538702
0.0499152
0.0460363
0.042594
0.0392945
0.0362445
0.0334744
0.0307737
0.0284666
0.0261192
0.0241678
0.0221733
0.0204712
0.018801
0.0173047
0.0158886
0.0146247
0.0133557
0.0123615
0.0112137
0.0104125
0.0094086
0.00873723
0.00790345
0.00729042
0.00664713
0.00606176
0.00557279
0.00505039
0.00463234
0.00423089
0.00381632
0.00355121
0.00313587
0.00296309
0.00258874
0.00244667
0.00215051
0.00199982
0.00179744
0.00161251
0.00152186
0.00126843
0.00131209
0.000974065
0.00112746
0.000764681
0.000918411
0.000659922
0.000680749
0.000619036
0.000471275
0.000564058
0.000349084
0.000456155
0.000306129
0.000333125
0.000274663
0.000259051
0.000202994
0.000249004
0.00010566
0.00025846
3.36786e-05
0.000239206
1.33014e-05
0.000185515
2.71519e-05
0.00012437
4.3868e-05
7.92086e-05
4.81913e-05
5.34653e-05
4.26695e-05
0.280305
0.260706
0.242495
0.22547
0.209671
0.194862
0.181154
0.168258
0.156371
0.145142
0.134839
0.12507
0.116138
0.107662
0.0999055
0.0925766
0.0858128
0.0795027
0.0735814
0.068176
0.0629913
0.0583757
0.0538661
0.0499113
0.0460328
0.0425907
0.0392914
0.0362416
0.0334717
0.0307713
0.0284644
0.0261172
0.0241658
0.0221715
0.0204695
0.0187995
0.0173032
0.0158873
0.0146236
0.0133545
0.0123605
0.0112127
0.0104116
0.00940781
0.00873646
0.0079028
0.00728976
0.00664658
0.00606122
0.0055723
0.00504995
0.00463191
0.00423055
0.00381596
0.00355091
0.00313558
0.00296282
0.00258852
0.00244643
0.00215034
0.00199962
0.00179731
0.00161233
0.00152176
0.00126827
0.00131202
0.000973944
0.00112737
0.000764624
0.00091829
0.000659924
0.00068062
0.000619045
0.000471192
0.000564025
0.000349067
0.000456087
0.000306142
0.000333072
0.000274652
0.000259047
0.000202949
0.000249029
0.00010562
0.000258469
3.36781e-05
0.000239177
1.33395e-05
0.000185467
2.71997e-05
0.00012433
4.39022e-05
7.91895e-05
4.82089e-05
5.34623e-05
4.26783e-05
0.280285
0.260688
0.242478
0.225454
0.209656
0.194848
0.181141
0.168246
0.15636
0.145132
0.134829
0.125061
0.11613
0.107654
0.0998981
0.0925697
0.0858064
0.0794968
0.0735758
0.0681708
0.0629865
0.0583712
0.053862
0.0499074
0.0460292
0.0425873
0.0392883
0.0362387
0.0334691
0.0307688
0.0284621
0.0261151
0.0241638
0.0221697
0.0204678
0.018798
0.0173018
0.015886
0.0146223
0.0133534
0.0123594
0.0112118
0.0104107
0.009407
0.00873567
0.00790214
0.00728908
0.00664601
0.00606065
0.0055718
0.0050495
0.00463146
0.00423018
0.00381557
0.00355059
0.00313528
0.00296253
0.00258828
0.00244618
0.00215014
0.0019994
0.00179715
0.00161214
0.00152164
0.00126809
0.00131192
0.000973809
0.00112726
0.000764554
0.000918146
0.000659909
0.000680472
0.000619033
0.000471092
0.00056397
0.000349035
0.000455996
0.000306137
0.000332998
0.000274622
0.000259022
0.000202886
0.000249031
0.000105562
0.000258451
3.36633e-05
0.00023912
1.33635e-05
0.000185391
2.72317e-05
0.000124266
4.39185e-05
7.91482e-05
4.82072e-05
5.34384e-05
4.26673e-05
0.280265
0.260669
0.242461
0.225438
0.209641
0.194834
0.181128
0.168234
0.156349
0.145121
0.134819
0.125052
0.116121
0.107646
0.0998906
0.0925628
0.0857999
0.0794907
0.0735701
0.0681656
0.0629817
0.0583667
0.0538578
0.0499035
0.0460256
0.0425839
0.0392852
0.0362358
0.0334664
0.0307663
0.0284598
0.026113
0.0241618
0.0221679
0.0204661
0.0187964
0.0173003
0.0158846
0.0146211
0.0133522
0.0123584
0.0112108
0.0104098
0.0094062
0.00873488
0.00790147
0.0072884
0.00664545
0.0060601
0.0055713
0.00504906
0.00463102
0.00422982
0.0038152
0.00355028
0.00313498
0.00296225
0.00258805
0.00244593
0.00214996
0.00199919
0.001797
0.00161196
0.00152153
0.00126794
0.00131183
0.000973694
0.00112715
0.000764504
0.000918013
0.000659911
0.000680339
0.000619036
0.000471011
0.000563928
0.000349022
0.00045592
0.000306151
0.000332941
0.00027461
0.000259014
0.000202841
0.000249048
0.000105527
0.000258446
3.36736e-05
0.000239074
1.3413e-05
0.000185328
2.72873e-05
0.000124216
4.3956e-05
7.91234e-05
4.82246e-05
5.34321e-05
4.26744e-05
0.280245
0.26065
0.242443
0.225422
0.209626
0.19482
0.181115
0.168222
0.156337
0.145111
0.134809
0.125043
0.116112
0.107638
0.0998831
0.0925558
0.0857933
0.0794847
0.0735645
0.0681603
0.0629768
0.0583621
0.0538536
0.0498996
0.046022
0.0425805
0.0392821
0.0362328
0.0334637
0.0307638
0.0284574
0.0261109
0.0241598
0.0221661
0.0204643
0.0187949
0.0172989
0.0158833
0.0146199
0.013351
0.0123573
0.0112098
0.0104089
0.0094054
0.00873408
0.0079008
0.00728771
0.00664488
0.00605953
0.00557079
0.00504861
0.00463056
0.00422945
0.00381482
0.00354995
0.00313468
0.00296196
0.00258781
0.00244567
0.00214977
0.00199897
0.00179684
0.00161177
0.00152141
0.00126777
0.00131172
0.00097357
0.00112703
0.000764445
0.000917862
0.000659902
0.000680191
0.000619023
0.000470918
0.000563867
0.000348998
0.000455826
0.000306151
0.000332867
0.000274581
0.00025899
0.000202782
0.000249047
0.00010548
0.000258418
3.36735e-05
0.000239005
1.34523e-05
0.000185242
2.7331e-05
0.000124145
4.39795e-05
7.90805e-05
4.82269e-05
5.34091e-05
4.26659e-05
0.280225
0.260631
0.242425
0.225405
0.20961
0.194806
0.181102
0.168209
0.156326
0.1451
0.134799
0.125033
0.116104
0.10763
0.0998755
0.0925488
0.0857868
0.0794786
0.0735588
0.068155
0.0629719
0.0583575
0.0538494
0.0498956
0.0460184
0.0425771
0.039279
0.0362299
0.033461
0.0307613
0.0284551
0.0261087
0.0241578
0.0221643
0.0204626
0.0187933
0.0172974
0.0158819
0.0146187
0.0133499
0.0123562
0.0112089
0.0104079
0.00940459
0.00873327
0.00790013
0.00728702
0.0066443
0.00605897
0.00557028
0.00504816
0.00463011
0.00422908
0.00381444
0.00354963
0.00313439
0.00296166
0.00258758
0.00244541
0.00214958
0.00199876
0.00179669
0.00161158
0.00152129
0.00126761
0.00131162
0.000973461
0.00112691
0.000764401
0.000917717
0.000659906
0.000680054
0.00061902
0.00047084
0.000563815
0.000348989
0.000455742
0.000306165
0.000332806
0.000274567
0.000258979
0.000202737
0.000249057
0.000105451
0.0002584
3.36949e-05
0.000238944
1.35132e-05
0.000185164
2.73945e-05
0.000124086
4.40202e-05
7.90502e-05
4.82442e-05
5.33994e-05
4.26713e-05
0.280204
0.260612
0.242408
0.225389
0.209595
0.194792
0.181088
0.168197
0.156314
0.145089
0.134789
0.125024
0.116095
0.107622
0.0998679
0.0925418
0.0857801
0.0794725
0.0735531
0.0681497
0.062967
0.0583529
0.0538452
0.0498916
0.0460148
0.0425736
0.0392758
0.0362269
0.0334582
0.0307587
0.0284527
0.0261066
0.0241557
0.0221625
0.0204608
0.0187917
0.0172959
0.0158805
0.0146174
0.0133487
0.0123552
0.0112079
0.010407
0.00940378
0.00873245
0.00789946
0.00728632
0.00664372
0.00605839
0.00556976
0.0050477
0.00462965
0.00422871
0.00381406
0.0035493
0.00313409
0.00296136
0.00258735
0.00244515
0.00214939
0.00199853
0.00179654
0.00161139
0.00152116
0.00126745
0.0013115
0.000973348
0.00112678
0.000764352
0.000917558
0.000659902
0.000679905
0.000619005
0.000470753
0.000563748
0.000348972
0.000455643
0.00030617
0.000332731
0.00027454
0.000258955
0.000202682
0.000249051
0.000105413
0.000258363
3.37094e-05
0.000238862
1.35675e-05
0.000185068
2.74499e-05
0.00012401
4.40508e-05
7.90056e-05
4.82504e-05
5.33773e-05
4.26654e-05
0.280184
0.260593
0.24239
0.225372
0.20958
0.194777
0.181075
0.168184
0.156302
0.145078
0.134778
0.125015
0.116086
0.107614
0.0998602
0.0925347
0.0857735
0.0794663
0.0735473
0.0681443
0.062962
0.0583483
0.0538409
0.0498876
0.0460111
0.0425701
0.0392727
0.0362239
0.0334554
0.0307562
0.0284503
0.0261045
0.0241537
0.0221607
0.0204591
0.0187901
0.0172944
0.0158791
0.0146161
0.0133475
0.0123541
0.0112069
0.010406
0.00940296
0.00873162
0.00789878
0.00728562
0.00664314
0.00605782
0.00556924
0.00504725
0.00462919
0.00422833
0.00381368
0.00354897
0.00313379
0.00296106
0.00258712
0.00244488
0.0021492
0.00199831
0.00179638
0.0016112
0.00152103
0.0012673
0.00131139
0.000973245
0.00112665
0.000764315
0.000917403
0.000659908
0.000679764
0.000618996
0.000470678
0.000563687
0.000348967
0.000455552
0.000306185
0.000332666
0.000274524
0.000258942
0.000202638
0.000249054
0.00010539
0.000258332
3.37417e-05
0.000238785
1.36398e-05
0.000184976
2.75212e-05
0.00012394
4.40946e-05
7.89696e-05
4.82675e-05
5.33643e-05
4.26689e-05
0.280163
0.260574
0.242372
0.225356
0.209564
0.194763
0.181061
0.168172
0.15629
0.145067
0.134768
0.125005
0.116077
0.107605
0.0998525
0.0925275
0.0857668
0.0794601
0.0735415
0.0681389
0.062957
0.0583436
0.0538367
0.0498835
0.0460075
0.0425666
0.0392695
0.0362208
0.0334527
0.0307536
0.0284479
0.0261023
0.0241516
0.0221588
0.0204573
0.0187885
0.0172929
0.0158778
0.0146149
0.0133463
0.012353
0.0112059
0.0104051
0.00940215
0.00873079
0.0078981
0.00728491
0.00664255
0.00605724
0.00556871
0.00504679
0.00462873
0.00422795
0.00381329
0.00354863
0.00313349
0.00296075
0.00258689
0.00244461
0.00214901
0.00199808
0.00179622
0.00161101
0.0015209
0.00126715
0.00131126
0.000973141
0.00112651
0.000764276
0.000917236
0.00065991
0.000679615
0.000618979
0.000470597
0.000563615
0.000348958
0.000455449
0.000306194
0.000332592
0.000274499
0.000258918
0.000202586
0.000249045
0.000105362
0.000258285
3.3771e-05
0.000238691
1.37095e-05
0.000184869
2.75884e-05
0.000123858
4.41327e-05
7.89238e-05
4.8278e-05
5.33434e-05
4.26659e-05
0.280132
0.260545
0.242345
0.22533
0.20954
0.194741
0.181041
0.168153
0.156273
0.145051
0.134753
0.124991
0.116064
0.107593
0.0998408
0.0925168
0.0857567
0.0794507
0.0735328
0.0681308
0.0629495
0.0583365
0.0538302
0.0498774
0.0460019
0.0425613
0.0392646
0.0362163
0.0334485
0.0307497
0.0284443
0.026099
0.0241485
0.0221561
0.0204546
0.0187861
0.0172906
0.0158757
0.0146129
0.0133445
0.0123513
0.0112044
0.0104036
0.00940092
0.00872952
0.00789707
0.00728384
0.00664166
0.00605637
0.00556791
0.00504609
0.00462803
0.00422737
0.00381272
0.00354811
0.00313305
0.00296028
0.00258654
0.0024442
0.00214873
0.00199774
0.00179598
0.00161073
0.0015207
0.00126692
0.00131107
0.000972997
0.00112629
0.000764231
0.000916986
0.000659921
0.000679398
0.000618959
0.000470488
0.000563509
0.000348957
0.000455299
0.000306218
0.000332488
0.000274472
0.000258892
0.00020252
0.000249037
0.000105337
0.000258217
3.38349e-05
0.00023855
1.38338e-05
0.00018471
2.77058e-05
0.000123739
4.42019e-05
7.88603e-05
4.83022e-05
5.33178e-05
4.26675e-05
0.280089
0.260506
0.242308
0.225296
0.209509
0.194711
0.181013
0.168127
0.156249
0.145028
0.134732
0.124971
0.116045
0.107576
0.0998251
0.0925022
0.085743
0.0794381
0.073521
0.0681198
0.0629394
0.0583269
0.0538215
0.0498691
0.0459944
0.0425541
0.0392581
0.0362101
0.0334428
0.0307445
0.0284394
0.0260946
0.0241442
0.0221523
0.020451
0.0187829
0.0172875
0.0158728
0.0146104
0.013342
0.0123491
0.0112024
0.0104016
0.00939925
0.00872781
0.00789568
0.00728239
0.00664046
0.00605519
0.00556684
0.00504515
0.00462708
0.0042266
0.00381192
0.00354743
0.00313243
0.00295965
0.00258606
0.00244365
0.00214834
0.00199728
0.00179566
0.00161033
0.00152044
0.00126658
0.00131084
0.00097276
0.00112602
0.000764136
0.000916656
0.000659927
0.000679084
0.000618942
0.000470306
0.000563377
0.000348929
0.000455094
0.000306237
0.000332334
0.000274422
0.000258849
0.000202405
0.000249033
0.000105263
0.000258137
3.38838e-05
0.000238364
1.39761e-05
0.000184488
2.785e-05
0.000123565
4.42864e-05
7.87618e-05
4.83272e-05
5.32731e-05
4.26621e-05
0.280047
0.260466
0.242271
0.225262
0.209477
0.194681
0.180985
0.168101
0.156224
0.145006
0.134711
0.124952
0.116027
0.107559
0.0998091
0.0924875
0.0857292
0.0794253
0.073509
0.0681087
0.0629291
0.0583173
0.0538127
0.0498607
0.0459869
0.0425468
0.0392515
0.0362039
0.0334371
0.0307392
0.0284344
0.0260902
0.0241399
0.0221485
0.0204473
0.0187796
0.0172844
0.0158699
0.0146077
0.0133395
0.0123468
0.0112004
0.0103996
0.00939757
0.00872608
0.00789428
0.00728091
0.00663924
0.00605399
0.00556575
0.0050442
0.00462611
0.00422581
0.00381113
0.00354673
0.00313181
0.00295901
0.00258559
0.00244309
0.00214795
0.0019968
0.00179534
0.00160994
0.00152018
0.00126626
0.0013106
0.000972543
0.00112573
0.000764063
0.000916314
0.000659947
0.000678774
0.000618927
0.000470143
0.000563241
0.000348924
0.00045489
0.000306274
0.00033219
0.000274386
0.00025882
0.000202309
0.000249035
0.000105223
0.000258053
3.39755e-05
0.000238168
1.41619e-05
0.000184259
2.803e-05
0.000123392
4.43966e-05
7.86718e-05
4.83702e-05
5.32404e-05
4.26717e-05
0.280004
0.260426
0.242234
0.225227
0.209444
0.194651
0.180957
0.168075
0.1562
0.144983
0.134689
0.124932
0.116009
0.107542
0.099793
0.0924727
0.0857152
0.0794124
0.073497
0.0680974
0.0629187
0.0583075
0.0538038
0.0498522
0.0459792
0.0425395
0.0392449
0.0361975
0.0334312
0.0307339
0.0284293
0.0260857
0.0241356
0.0221447
0.0204435
0.0187762
0.0172813
0.015867
0.0146051
0.013337
0.0123445
0.0111984
0.0103976
0.00939588
0.00872431
0.00789287
0.00727942
0.00663801
0.00605278
0.00556464
0.00504324
0.00462514
0.00422501
0.00381032
0.00354601
0.00313119
0.00295835
0.00258511
0.00244251
0.00214756
0.00199632
0.00179501
0.00160954
0.0015199
0.00126593
0.00131033
0.00097234
0.00112542
0.000764002
0.000915949
0.000659968
0.000678453
0.000618896
0.000469979
0.000563081
0.000348918
0.000454662
0.000306302
0.000332028
0.000274335
0.000258771
0.0002022
0.000249008
0.000105178
0.000257927
3.40718e-05
0.000237925
1.43528e-05
0.000183987
2.82088e-05
0.000123185
4.44977e-05
7.85562e-05
4.83988e-05
5.31872e-05
4.2663e-05
0.27996
0.260385
0.242196
0.225192
0.209411
0.194621
0.180928
0.168048
0.156175
0.14496
0.134668
0.124912
0.11599
0.107525
0.0997767
0.0924576
0.0857011
0.0793993
0.0734848
0.068086
0.0629082
0.0582975
0.0537949
0.0498436
0.0459715
0.042532
0.0392381
0.0361912
0.0334253
0.0307285
0.0284242
0.0260812
0.0241311
0.0221408
0.0204397
0.0187729
0.0172781
0.0158641
0.0146023
0.0133345
0.0123421
0.0111963
0.0103955
0.00939418
0.00872251
0.00789144
0.0072779
0.00663676
0.00605156
0.00556351
0.00504227
0.00462415
0.0042242
0.00380952
0.00354527
0.00313057
0.00295768
0.00258463
0.00244192
0.00214717
0.00199583
0.00179467
0.00160913
0.00151961
0.00126562
0.00131005
0.000972152
0.00112508
0.000763959
0.00091557
0.000659999
0.000678134
0.000618864
0.000469831
0.000562914
0.000348933
0.000454433
0.000306348
0.000331876
0.000274298
0.000258735
0.000202113
0.000248988
0.000105168
0.000257798
3.42135e-05
0.000237675
1.45905e-05
0.000183713
2.84274e-05
0.000122984
4.46293e-05
7.84545e-05
4.84513e-05
5.31529e-05
4.26779e-05
0.279916
0.260344
0.242157
0.225156
0.209378
0.19459
0.180899
0.168021
0.15615
0.144937
0.134646
0.124892
0.115971
0.107507
0.0997602
0.0924424
0.0856868
0.079386
0.0734724
0.0680744
0.0628977
0.0582875
0.0537858
0.0498349
0.0459636
0.0425245
0.0392313
0.0361847
0.0334193
0.0307231
0.028419
0.0260766
0.0241266
0.0221369
0.0204359
0.0187695
0.0172748
0.0158611
0.0145996
0.0133319
0.0123397
0.0111942
0.0103934
0.00939247
0.00872067
0.00789
0.00727636
0.00663549
0.00605032
0.00556236
0.00504128
0.00462314
0.00422337
0.0038087
0.00354451
0.00312995
0.00295698
0.00258416
0.00244132
0.00214678
0.00199533
0.00179433
0.00160873
0.0015193
0.00126532
0.00130974
0.00097198
0.00112472
0.000763932
0.000915172
0.000660034
0.000677808
0.000618822
0.000469687
0.000562727
0.000348952
0.000454186
0.000306388
0.000331708
0.000274249
0.000258683
0.000202014
0.00024894
0.000105156
0.000257628
3.43597e-05
0.000237378
1.48324e-05
0.000183394
2.8643e-05
0.000122747
4.47493e-05
7.83245e-05
4.84855e-05
5.3093e-05
4.26676e-05
0.279871
0.260302
0.242119
0.22512
0.209344
0.194558
0.18087
0.167994
0.156124
0.144913
0.134624
0.124872
0.115951
0.10749
0.0997435
0.0924271
0.0856723
0.0793726
0.07346
0.0680627
0.062887
0.0582773
0.0537766
0.049826
0.0459557
0.0425168
0.0392243
0.0361782
0.0334133
0.0307176
0.0284137
0.026072
0.0241221
0.0221329
0.020432
0.018766
0.0172715
0.0158581
0.0145968
0.0133294
0.0123373
0.0111921
0.0103913
0.00939074
0.0087188
0.00788854
0.0072748
0.0066342
0.00604907
0.0055612
0.00504029
0.00462213
0.00422252
0.00380788
0.00354374
0.00312934
0.00295627
0.00258369
0.0024407
0.00214638
0.00199483
0.00179398
0.00160833
0.00151899
0.00126502
0.00130942
0.000971823
0.00112434
0.00076392
0.000914756
0.000660076
0.000677479
0.000618773
0.000469553
0.000562528
0.000348985
0.000453932
0.00030644
0.000331546
0.000274209
0.00025864
0.000201932
0.000248896
0.000105175
0.000257453
3.45494e-05
0.000237072
1.51193e-05
0.000183071
2.88967e-05
0.000122517
4.48984e-05
7.82104e-05
4.85444e-05
5.30569e-05
4.26854e-05
0.279667
0.260115
0.241946
0.224962
0.209198
0.194424
0.180746
0.167881
0.156018
0.144817
0.134534
0.12479
0.115875
0.107421
0.0996794
0.0923689
0.0856183
0.0793231
0.0734147
0.0680207
0.0628493
0.0582417
0.0537453
0.0497961
0.0459295
0.0424918
0.0392021
0.0361575
0.0333943
0.0307009
0.0283977
0.0260584
0.0241088
0.0221217
0.0204211
0.0187566
0.0172627
0.0158502
0.0145895
0.0133229
0.0123312
0.0111873
0.0103861
0.00938692
0.00871455
0.00788545
0.00727148
0.00663156
0.00604661
0.00555892
0.00503845
0.00462029
0.00422102
0.00380656
0.00354242
0.00312846
0.00295512
0.0025831
0.00243979
0.00214592
0.00199418
0.00179359
0.00160793
0.0015186
0.00126487
0.00130897
0.000971918
0.00112385
0.000764138
0.000914367
0.000660206
0.000677353
0.000618698
0.000469678
0.000562348
0.000349166
0.000453838
0.000306521
0.000331578
0.000274254
0.000258642
0.000202114
0.000248729
0.000105533
0.000257189
3.49192e-05
0.000236914
1.53144e-05
0.000183142
2.8891e-05
0.000122761
4.48118e-05
7.8504e-05
4.85079e-05
5.33506e-05
4.27859e-05
0.279232
0.259715
0.241578
0.224623
0.208886
0.194137
0.180481
0.167636
0.155794
0.14461
0.134344
0.124615
0.115714
0.107273
0.0995428
0.0922442
0.0855022
0.0792179
0.0733165
0.067932
0.0627667
0.0581668
0.0536764
0.0497327
0.0458722
0.0424379
0.0391542
0.0361119
0.0333543
0.0306631
0.0283642
0.0260277
0.0240804
0.0220966
0.0203973
0.0187356
0.0172432
0.0158324
0.0145741
0.0133083
0.0123186
0.0111751
0.0103753
0.00937728
0.00870538
0.00787795
0.00726375
0.00662551
0.00604048
0.00555369
0.0050339
0.00461569
0.00421761
0.00380277
0.00353959
0.00312562
0.00295261
0.00258105
0.00243763
0.00214442
0.00199239
0.00179248
0.00160641
0.00151783
0.00126362
0.00130834
0.000971105
0.00112306
0.000763893
0.000913375
0.000660302
0.000676486
0.000618675
0.000469284
0.000561982
0.000349199
0.000453343
0.000306619
0.000331278
0.000274182
0.00025857
0.000201989
0.000248649
0.000105585
0.000256925
3.51857e-05
0.000236537
1.56342e-05
0.000182824
2.91104e-05
0.000122588
4.49055e-05
7.8443e-05
4.85311e-05
5.33378e-05
4.2788e-05
0.278758
0.259279
0.241178
0.224255
0.208548
0.193825
0.180195
0.167372
0.155551
0.144387
0.134138
0.124427
0.11554
0.107115
0.0993956
0.0921101
0.0853775
0.0791048
0.0732113
0.0678366
0.0626785
0.0580862
0.0536029
0.0496646
0.045811
0.0423801
0.039103
0.0360634
0.0333113
0.0306232
0.0283281
0.0259952
0.02405
0.0220699
0.0203719
0.0187133
0.0172226
0.0158134
0.0145576
0.013293
0.012305
0.0111624
0.0103638
0.00936725
0.00869559
0.00787008
0.0072556
0.0066191
0.00603409
0.00554814
0.00502913
0.00461087
0.00421397
0.00379887
0.00353654
0.00312274
0.00294991
0.00257898
0.00243532
0.00214287
0.00199051
0.0017913
0.00160487
0.00151696
0.00126241
0.00130758
0.000970375
0.00112214
0.000763724
0.000912294
0.000660419
0.000675603
0.000618616
0.000468923
0.000561562
0.000349266
0.000452814
0.000306726
0.000330967
0.000274107
0.000258489
0.000201866
0.000248542
0.00010565
0.000256625
3.54686e-05
0.000236125
1.59634e-05
0.000182483
2.93307e-05
0.000122402
4.49962e-05
7.83752e-05
4.85512e-05
5.3322e-05
4.2789e-05
0.278245
0.258809
0.240746
0.223859
0.208184
0.19349
0.179886
0.167089
0.15529
0.144147
0.133917
0.124225
0.115354
0.106944
0.099238
0.0919666
0.0852442
0.0789836
0.0730991
0.0677345
0.0625847
0.0580001
0.0535247
0.0495917
0.0457458
0.0423186
0.0390483
0.0360119
0.0332655
0.0305809
0.0282897
0.0259608
0.0240177
0.0220417
0.020345
0.0186897
0.0172007
0.0157935
0.0145399
0.0132768
0.0122905
0.0111492
0.0103515
0.0093568
0.00868519
0.00786184
0.00724703
0.00661232
0.00602742
0.00554227
0.00502414
0.00460583
0.00421011
0.00379486
0.00353327
0.0031198
0.00294703
0.00257687
0.00243288
0.00214127
0.00198855
0.00179007
0.00160331
0.00151601
0.00126123
0.00130669
0.000969722
0.00112108
0.000763627
0.000911129
0.000660556
0.000674706
0.000618522
0.000468594
0.00056109
0.000349366
0.000452251
0.000306845
0.000330648
0.000274031
0.000258403
0.000201753
0.00024842
0.000105743
0.000256301
3.57847e-05
0.000235695
1.63185e-05
0.000182134
2.9566e-05
0.000122216
4.50938e-05
7.83095e-05
4.85739e-05
5.33072e-05
4.27904e-05
0.277694
0.258303
0.240283
0.223434
0.207793
0.193131
0.179556
0.166785
0.15501
0.143891
0.133681
0.124009
0.115155
0.106763
0.0990699
0.0918136
0.0851023
0.0788546
0.07298
0.0676258
0.0624851
0.0579083
0.0534418
0.0495143
0.0456766
0.0422533
0.0389903
0.0359575
0.0332168
0.0305364
0.0282488
0.0259246
0.0239835
0.0220119
0.0203166
0.0186648
0.0171775
0.0157725
0.0145212
0.0132598
0.0122751
0.0111354
0.0103384
0.00934592
0.00867421
0.0078532
0.00723806
0.00660517
0.00602047
0.0055361
0.00501893
0.00460058
0.00420603
0.00379073
0.00352978
0.0031168
0.00294396
0.00257471
0.00243031
0.00213962
0.00198651
0.00178877
0.00160172
0.00151496
0.00126008
0.00130568
0.000969139
0.00111991
0.000763595
0.000909885
0.000660711
0.000673796
0.000618393
0.000468296
0.000560566
0.000349498
0.000451657
0.000306974
0.000330319
0.000273954
0.00025831
0.000201647
0.000248278
0.000105857
0.000255947
3.61244e-05
0.000235236
1.66886e-05
0.000181767
2.98063e-05
0.00012202
4.51912e-05
7.82405e-05
4.85959e-05
5.32918e-05
4.27918e-05
0.277105
0.257763
0.239788
0.22298
0.207376
0.192748
0.179204
0.166462
0.154712
0.143618
0.13343
0.12378
0.114943
0.106571
0.0988914
0.0916512
0.0849518
0.0787177
0.0728538
0.0675105
0.0623799
0.0578111
0.0533541
0.0494323
0.0456034
0.0421844
0.0389289
0.0359001
0.0331652
0.0304895
0.0282056
0.0258864
0.0239473
0.0219805
0.0202867
0.0186386
0.0171532
0.0157505
0.0145015
0.0132419
0.0122588
0.0111211
0.0103245
0.00933458
0.00866266
0.00784416
0.00722869
0.00659766
0.00601324
0.00552962
0.00501349
0.00459513
0.00420173
0.00378648
0.00352609
0.00311373
0.00294073
0.00257251
0.00242762
0.00213793
0.00198439
0.00178741
0.0016001
0.00151383
0.00125895
0.00130456
0.00096862
0.00111862
0.000763624
0.000908565
0.00066088
0.000672873
0.00061823
0.000468028
0.000559992
0.000349662
0.000451032
0.000307112
0.000329982
0.000273876
0.000258211
0.00020155
0.000248117
0.000105994
0.000255566
3.64913e-05
0.000234754
1.70794e-05
0.000181387
3.00574e-05
0.000121822
4.52927e-05
7.81714e-05
4.86187e-05
5.32764e-05
4.27931e-05
0.276477
0.257189
0.239261
0.222497
0.206933
0.192342
0.17883
0.166119
0.154396
0.143329
0.133163
0.123537
0.114719
0.106367
0.0987027
0.0914794
0.0847928
0.0785729
0.0727207
0.0673887
0.0622689
0.0577084
0.0532616
0.0493458
0.0455262
0.0421117
0.0388641
0.0358398
0.0331109
0.0304402
0.0281601
0.0258463
0.0239093
0.0219474
0.0202553
0.018611
0.0171277
0.0157274
0.0144807
0.0132233
0.0122416
0.0111062
0.01031
0.00932276
0.00865057
0.00783471
0.00721893
0.00658978
0.00600573
0.00552284
0.00500782
0.00458946
0.00419722
0.0037821
0.00352221
0.00311059
0.00293733
0.00257024
0.00242481
0.00213617
0.0019822
0.00178599
0.00159845
0.00151261
0.00125785
0.00130333
0.000968162
0.00111722
0.000763708
0.000907173
0.000661062
0.000671938
0.000618032
0.000467789
0.00055937
0.000349854
0.000450377
0.00030726
0.000329637
0.000273796
0.000258107
0.000201461
0.000247938
0.000106153
0.000255156
3.68844e-05
0.000234247
1.74885e-05
0.000180993
3.03165e-05
0.000121617
4.53962e-05
7.81006e-05
4.86419e-05
5.32608e-05
4.27945e-05
0.275812
0.25658
0.238704
0.221987
0.206464
0.191912
0.178434
0.165757
0.154063
0.143024
0.132882
0.123281
0.114483
0.106152
0.0985036
0.0912981
0.0846252
0.0784203
0.0725806
0.0672604
0.0621521
0.0576004
0.0531644
0.0492548
0.045445
0.0420354
0.038796
0.0357766
0.0330538
0.0303886
0.0281123
0.0258043
0.0238694
0.0219128
0.0202224
0.0185821
0.0171009
0.0157032
0.0144589
0.0132038
0.0122235
0.0110906
0.0102947
0.00931046
0.00863794
0.00782485
0.00720878
0.00658154
0.00599794
0.00551577
0.00500192
0.00458359
0.0041925
0.0037776
0.00351812
0.00310737
0.00293377
0.00256792
0.00242189
0.00213436
0.00197994
0.0017845
0.00159678
0.00151131
0.00125678
0.001302
0.000967759
0.00111571
0.000763845
0.000905712
0.000661255
0.000670992
0.000617801
0.000467578
0.0005587
0.000350076
0.000449692
0.000307416
0.000329284
0.000273715
0.000257996
0.000201379
0.00024774
0.000106334
0.000254719
3.73034e-05
0.000233716
1.79163e-05
0.000180585
3.05844e-05
0.000121407
4.55024e-05
7.80286e-05
4.86654e-05
5.32451e-05
4.27959e-05
0.275109
0.255938
0.238115
0.221448
0.20597
0.191459
0.178017
0.165375
0.153711
0.142703
0.132587
0.123012
0.114234
0.105925
0.0982943
0.0911075
0.0844492
0.0782599
0.0724335
0.0671257
0.0620296
0.057487
0.0530623
0.0491594
0.0453598
0.0419555
0.0387245
0.0357105
0.0329939
0.0303346
0.0280623
0.0257603
0.0238277
0.0218765
0.020188
0.0185518
0.017073
0.0156781
0.0144361
0.0131836
0.0122045
0.0110745
0.0102788
0.00929767
0.00862477
0.00781456
0.00719824
0.00657294
0.00598986
0.00550841
0.00499579
0.0045775
0.00418756
0.00377297
0.00351385
0.00310406
0.00293005
0.00256553
0.00241885
0.00213249
0.00197761
0.00178295
0.00159508
0.00150993
0.00125571
0.00130056
0.000967407
0.00111409
0.000764029
0.000904184
0.000661456
0.000670036
0.000617535
0.000467394
0.000557984
0.000350324
0.000448979
0.00030758
0.000328923
0.000273632
0.00025788
0.000201305
0.000247524
0.000106538
0.000254255
3.77482e-05
0.000233161
1.83624e-05
0.000180163
3.08609e-05
0.000121192
4.5611e-05
7.79555e-05
4.86893e-05
5.32293e-05
4.27974e-05
0.274368
0.255261
0.237496
0.220881
0.20545
0.190982
0.177579
0.164974
0.153342
0.142366
0.132276
0.122729
0.113974
0.105688
0.0980748
0.0909076
0.0842648
0.0780918
0.0722794
0.0669845
0.0619014
0.0573683
0.0529555
0.0490596
0.0452705
0.041872
0.0386498
0.0356414
0.0329313
0.0302783
0.02801
0.0257143
0.0237842
0.0218386
0.0201522
0.0185202
0.0170439
0.0156519
0.0144122
0.0131625
0.0121847
0.0110577
0.0102622
0.00928438
0.00861109
0.00780385
0.00718732
0.00656397
0.0059815
0.00550075
0.00498942
0.00457122
0.00418242
0.0037682
0.00350939
0.00310067
0.00292619
0.00256307
0.0024157
0.00213056
0.0019752
0.00178133
0.00159334
0.00150847
0.00125467
0.00129902
0.000967102
0.00111238
0.000764258
0.000902594
0.000661664
0.00066907
0.000617236
0.000467235
0.000557223
0.000350599
0.000448239
0.000307752
0.000328555
0.000273548
0.000257758
0.000201239
0.000247289
0.000106762
0.000253764
3.82185e-05
0.000232582
1.88268e-05
0.000179727
3.1146e-05
0.000120971
4.57222e-05
7.78811e-05
4.87136e-05
5.32133e-05
4.27988e-05
0.273591
0.254551
0.236845
0.220287
0.204904
0.190482
0.17712
0.164554
0.152955
0.142013
0.131951
0.122433
0.113701
0.105439
0.0978452
0.0906984
0.0840719
0.0779159
0.0721185
0.0668369
0.0617674
0.0572442
0.0528439
0.0489553
0.0451773
0.0417848
0.0385717
0.0355694
0.032866
0.0302195
0.0279554
0.0256664
0.0237388
0.0217991
0.0201149
0.0184874
0.0170136
0.0156246
0.0143874
0.0131407
0.0121641
0.0110403
0.010245
0.00927058
0.0085969
0.00779271
0.00717601
0.00655464
0.00597285
0.00549281
0.00498282
0.00456473
0.00417706
0.0037633
0.00350474
0.00309718
0.00292217
0.00256054
0.00241245
0.00212856
0.00197273
0.00177965
0.00159158
0.00150693
0.00125364
0.00129739
0.000966842
0.00111058
0.000764528
0.000900943
0.000661878
0.000668096
0.000616904
0.000467103
0.000556418
0.000350899
0.000447471
0.000307931
0.000328179
0.000273462
0.000257629
0.000201181
0.000247037
0.000107009
0.000253245
3.87141e-05
0.00023198
1.93094e-05
0.000179277
3.14395e-05
0.000120745
4.58358e-05
7.78055e-05
4.87383e-05
5.31971e-05
4.28003e-05
0.272776
0.253807
0.236165
0.219664
0.204334
0.18996
0.17664
0.164114
0.152551
0.141643
0.131611
0.122123
0.113415
0.10518
0.0976053
0.0904798
0.0838706
0.0777324
0.0719506
0.066683
0.0616277
0.057115
0.0527276
0.0488467
0.0450801
0.0416941
0.0384903
0.0354945
0.032798
0.0301584
0.0278987
0.0256166
0.0236917
0.021758
0.0200762
0.0184531
0.0169821
0.0155963
0.0143616
0.013118
0.0121426
0.0110223
0.010227
0.00925626
0.0085822
0.00778115
0.00716433
0.00654495
0.00596392
0.00548459
0.00497598
0.00455803
0.0041715
0.00375827
0.00349992
0.00309361
0.00291802
0.00255793
0.00240909
0.0021265
0.00197019
0.00177791
0.00158979
0.00150532
0.00125261
0.00129566
0.000966622
0.00110868
0.000764836
0.000899234
0.000662096
0.000667112
0.00061654
0.000466995
0.00055557
0.000351224
0.000446678
0.000308116
0.000327796
0.000273375
0.000257495
0.00020113
0.000246766
0.000107277
0.0002527
3.92347e-05
0.000231354
1.98098e-05
0.000178815
3.17414e-05
0.000120515
4.5952e-05
7.77288e-05
4.87634e-05
5.31809e-05
4.28017e-05
0.271925
0.25303
0.235454
0.219014
0.203738
0.189414
0.176139
0.163655
0.152129
0.141258
0.131257
0.1218
0.113118
0.104909
0.0973554
0.0902521
0.083661
0.0775412
0.0717758
0.0665228
0.0614824
0.0569804
0.0526065
0.0487338
0.0449789
0.0415998
0.0384056
0.0354167
0.0327272
0.0300949
0.0278398
0.0255647
0.0236428
0.0217153
0.020036
0.0184176
0.0169494
0.015567
0.0143348
0.0130945
0.0121203
0.0110036
0.0102085
0.00924144
0.00856699
0.00776915
0.00715227
0.0065349
0.0059547
0.00547608
0.00496891
0.00455113
0.00416573
0.0037531
0.00349492
0.00308993
0.00291372
0.00255526
0.00240563
0.00212438
0.00196759
0.0017761
0.00158797
0.00150363
0.0012516
0.00129385
0.00096644
0.0011067
0.00076518
0.000897469
0.000662317
0.000666121
0.000616143
0.00046691
0.00055468
0.000351572
0.000445859
0.000308308
0.000327405
0.000273286
0.000257355
0.000201087
0.000246477
0.000107566
0.000252129
3.97801e-05
0.000230704
2.03281e-05
0.000178338
3.20517e-05
0.000120279
4.60705e-05
7.76508e-05
4.87889e-05
5.31645e-05
4.28032e-05
0.271037
0.25222
0.234713
0.218336
0.203117
0.188845
0.175617
0.163178
0.15169
0.140857
0.130888
0.121465
0.112809
0.104627
0.0970955
0.0900151
0.083443
0.0773424
0.0715941
0.0663563
0.0613313
0.0568406
0.0524806
0.0486165
0.0448737
0.0415019
0.0383176
0.035336
0.0326538
0.0300291
0.0277786
0.025511
0.0235921
0.0216709
0.0199944
0.0183808
0.0169155
0.0155366
0.0143071
0.0130702
0.0120972
0.0109843
0.0101893
0.0092261
0.00855129
0.00775673
0.00713984
0.0065245
0.00594519
0.00546729
0.0049616
0.00454403
0.00415975
0.00374779
0.00348974
0.00308617
0.00290929
0.0025525
0.00240207
0.00212218
0.00196491
0.00177422
0.00158612
0.00150186
0.0012506
0.00129195
0.000966293
0.00110463
0.000765557
0.000895649
0.000662541
0.000665122
0.000615713
0.000466849
0.000553749
0.000351943
0.000445015
0.000308506
0.000327008
0.000273195
0.000257208
0.000201052
0.000246171
0.000107875
0.000251531
4.03501e-05
0.000230032
2.0864e-05
0.000177848
3.23702e-05
0.000120038
4.61915e-05
7.75717e-05
4.88148e-05
5.31479e-05
4.28047e-05
0.270114
0.251377
0.233942
0.217632
0.202471
0.188254
0.175074
0.162681
0.151234
0.140441
0.130505
0.121116
0.112487
0.104334
0.0968255
0.0897689
0.0832167
0.077136
0.0714056
0.0661834
0.0611745
0.0566957
0.05235
0.048495
0.0447647
0.0414005
0.0382264
0.0352524
0.0325777
0.0299609
0.0277153
0.0254553
0.0235396
0.021625
0.0199513
0.0183427
0.0168805
0.0155052
0.0142783
0.0130452
0.0120732
0.0109644
0.0101694
0.00921024
0.00853509
0.00774387
0.00712703
0.00651374
0.00593539
0.00545822
0.00495405
0.00453673
0.00415357
0.00374234
0.00348439
0.0030823
0.00290472
0.00254967
0.00239841
0.00211992
0.00196218
0.00177229
0.00158424
0.00150003
0.0012496
0.00128996
0.00096618
0.00110247
0.000765966
0.000893777
0.000662765
0.000664115
0.000615252
0.00046681
0.000552777
0.000352335
0.000444147
0.00030871
0.000326605
0.000273103
0.000257056
0.000201024
0.000245846
0.000108206
0.000250908
4.09444e-05
0.000229337
2.14174e-05
0.000177345
3.26969e-05
0.000119792
4.6315e-05
7.74914e-05
4.8841e-05
5.31312e-05
4.28062e-05
0.269154
0.250501
0.233141
0.2169
0.2018
0.187641
0.174511
0.162166
0.150761
0.140009
0.130108
0.120753
0.112154
0.10403
0.0965455
0.0895137
0.0829822
0.076922
0.0712103
0.0660043
0.0610121
0.0565455
0.0522148
0.0483691
0.0446517
0.0412956
0.038132
0.0351659
0.0324989
0.0298904
0.0276498
0.0253976
0.0234854
0.0215774
0.0199068
0.0183032
0.0168443
0.0154728
0.0142486
0.0130193
0.0120485
0.0109439
0.0101489
0.00919386
0.0085184
0.00773059
0.00711384
0.00650263
0.00592531
0.00544887
0.00494627
0.00452923
0.00414719
0.00373675
0.00347887
0.00307833
0.00290001
0.00254675
0.00239465
0.00211759
0.00195937
0.00177028
0.00158232
0.00149812
0.00124861
0.00128788
0.000966098
0.00110024
0.000766403
0.000891854
0.000662988
0.000663102
0.00061476
0.000466793
0.000551766
0.000352749
0.000443255
0.000308919
0.000326194
0.000273009
0.000256898
0.000201004
0.000245505
0.000108557
0.000250259
4.15628e-05
0.000228619
2.19881e-05
0.000176829
3.30317e-05
0.000119541
4.64408e-05
7.74099e-05
4.88676e-05
5.31144e-05
4.28077e-05
0.268159
0.249593
0.232311
0.216141
0.201105
0.187004
0.173927
0.161632
0.15027
0.139561
0.129697
0.120378
0.111809
0.103716
0.0962556
0.0892493
0.0827394
0.0767005
0.0710081
0.065819
0.0608441
0.0563902
0.0520748
0.048239
0.0445348
0.0411872
0.0380343
0.0350766
0.0324175
0.0298175
0.0275822
0.0253381
0.0234294
0.0215283
0.0198609
0.0182625
0.016807
0.0154393
0.014218
0.0129926
0.0120229
0.0109227
0.0101278
0.00917697
0.00850122
0.00771688
0.00710029
0.00649116
0.00591493
0.00543925
0.00493826
0.00452152
0.0041406
0.00373103
0.00347318
0.00307426
0.00289517
0.00254376
0.0023908
0.0021152
0.00195651
0.00176821
0.00158038
0.00149614
0.00124762
0.00128573
0.000966045
0.00109792
0.000766869
0.000889881
0.000663211
0.000662081
0.000614236
0.000466797
0.000550716
0.000353184
0.00044234
0.000309133
0.000325778
0.000272913
0.000256734
0.000200991
0.000245146
0.000108929
0.000249584
4.2205e-05
0.000227879
2.25759e-05
0.0001763
3.33746e-05
0.000119285
4.6569e-05
7.73273e-05
4.88946e-05
5.30975e-05
4.28092e-05
0.267129
0.248653
0.231452
0.215355
0.200385
0.186346
0.173323
0.16108
0.149763
0.139098
0.129271
0.11999
0.111452
0.10339
0.0959558
0.0889758
0.0824884
0.0764715
0.0707992
0.0656275
0.0606705
0.0562297
0.0519302
0.0481046
0.044414
0.0410753
0.0379334
0.0349844
0.0323335
0.0297422
0.0275123
0.0252766
0.0233717
0.0214776
0.0198136
0.0182204
0.0167685
0.0154048
0.0141863
0.0129652
0.0119965
0.0109009
0.010106
0.00915956
0.00848355
0.00770274
0.00708636
0.00647935
0.00590428
0.00542935
0.00493
0.00451362
0.00413381
0.00372516
0.00346731
0.00307009
0.0028902
0.00254069
0.00238685
0.00211273
0.00195358
0.00176608
0.0015784
0.00149408
0.00124663
0.00128349
0.00096602
0.00109553
0.000767359
0.00088786
0.000663433
0.000661054
0.000613681
0.000466822
0.000549628
0.000353638
0.000441403
0.000309352
0.000325355
0.000272816
0.000256565
0.000200985
0.000244769
0.000109321
0.000248884
4.28708e-05
0.000227117
2.31807e-05
0.000175759
3.37255e-05
0.000119024
4.66995e-05
7.72435e-05
4.8922e-05
5.30804e-05
4.28108e-05
0.266064
0.247681
0.230563
0.214543
0.199642
0.185666
0.172699
0.160509
0.149239
0.138619
0.128831
0.119589
0.111083
0.103054
0.0956461
0.0886934
0.0822293
0.076235
0.0705835
0.0654297
0.0604912
0.0560642
0.0517809
0.047966
0.0442894
0.0409599
0.0378293
0.0348894
0.0322468
0.0296647
0.0274404
0.0252132
0.0233122
0.0214253
0.0197649
0.0181771
0.0167288
0.0153693
0.0141538
0.0129369
0.0119694
0.0108784
0.0100836
0.00914162
0.0084654
0.00768817
0.00707207
0.00646718
0.00589333
0.00541918
0.00492152
0.00450551
0.00412682
0.00371916
0.00346128
0.00306582
0.0028851
0.00253753
0.0023828
0.00211019
0.00195058
0.00176388
0.00157639
0.00149196
0.00124565
0.00128117
0.00096602
0.00109306
0.000767875
0.000885791
0.000663652
0.000660021
0.000613095
0.000466867
0.000548503
0.000354111
0.000440443
0.000309575
0.000324925
0.000272716
0.000256389
0.000200987
0.000244376
0.000109732
0.000248159
4.356e-05
0.000226332
2.38022e-05
0.000175204
3.40842e-05
0.000118759
4.68324e-05
7.71586e-05
4.89497e-05
5.30632e-05
4.28123e-05
0.264964
0.246677
0.229645
0.213704
0.198874
0.184963
0.172054
0.15992
0.148698
0.138125
0.128378
0.119176
0.110702
0.102707
0.0953267
0.088402
0.081962
0.075991
0.0703611
0.0652259
0.0603064
0.0558935
0.051627
0.0478231
0.0441609
0.040841
0.037722
0.0347916
0.0321575
0.0295848
0.0273663
0.0251479
0.023251
0.0213714
0.0197147
0.0181325
0.016688
0.0153327
0.0141202
0.0129079
0.0119414
0.0108554
0.0100606
0.00912317
0.00844677
0.00767317
0.00705741
0.00645466
0.0058821
0.00540874
0.00491279
0.00449721
0.00411963
0.00371301
0.00345509
0.00306145
0.00287987
0.00253429
0.00237866
0.00210759
0.00194752
0.00176162
0.00157435
0.00148977
0.00124467
0.00127878
0.000966046
0.00109052
0.000768413
0.000883678
0.000663867
0.000658982
0.000612478
0.000466931
0.000547341
0.000354603
0.000439462
0.000309802
0.00032449
0.000272615
0.000256208
0.000200996
0.000243965
0.000110164
0.000247409
4.42723e-05
0.000225526
2.44404e-05
0.000174637
3.44508e-05
0.000118488
4.69677e-05
7.70725e-05
4.89778e-05
5.30458e-05
4.28139e-05
0.263829
0.245642
0.228699
0.21284
0.198082
0.184239
0.17139
0.159313
0.148141
0.137617
0.12791
0.118749
0.11031
0.102349
0.0949974
0.0881016
0.0816866
0.0757397
0.070132
0.0650158
0.060116
0.0557177
0.0514685
0.0476761
0.0440286
0.0407187
0.0376116
0.0346909
0.0320657
0.0295026
0.0272901
0.0250806
0.023188
0.0213159
0.0196632
0.0180866
0.0166461
0.0152952
0.0140857
0.012878
0.0119127
0.0108317
0.010037
0.00910421
0.00842766
0.00765775
0.00704238
0.00644179
0.00587059
0.00539802
0.00490384
0.00448871
0.00411224
0.00370673
0.00344872
0.00305697
0.00287451
0.00253097
0.00237443
0.00210491
0.00194441
0.00175929
0.00157228
0.00148751
0.00124369
0.00127631
0.000966095
0.00108791
0.000768972
0.000881519
0.00066408
0.000657937
0.000611832
0.000467015
0.000546143
0.000355113
0.00043846
0.000310033
0.000324049
0.000272512
0.00025602
0.000201012
0.000243538
0.000110615
0.000246635
4.50075e-05
0.000224699
2.50951e-05
0.000174057
3.48252e-05
0.000118213
4.71052e-05
7.69853e-05
4.90062e-05
5.30283e-05
4.28155e-05
0.262661
0.244576
0.227725
0.211949
0.197266
0.183493
0.170706
0.158688
0.147567
0.137092
0.127429
0.11831
0.109906
0.10198
0.0946585
0.0877924
0.0814032
0.075481
0.0698963
0.0647997
0.0599201
0.0555369
0.0513054
0.0475249
0.0438925
0.0405929
0.037498
0.0345874
0.0319712
0.0294182
0.0272118
0.0250115
0.0231234
0.0212589
0.0196102
0.0180395
0.016603
0.0152566
0.0140503
0.0128474
0.0118831
0.0108073
0.0100128
0.00908472
0.00840808
0.0076419
0.00702699
0.00642858
0.00585879
0.00538703
0.00489465
0.00448001
0.00410466
0.0037003
0.0034422
0.00305239
0.00286902
0.00252757
0.00237011
0.00210216
0.00194123
0.0017569
0.00157018
0.00148518
0.0012427
0.00127376
0.000966166
0.00108522
0.000769552
0.000879316
0.000664288
0.000656886
0.000611155
0.000467117
0.00054491
0.000355641
0.000437436
0.000310268
0.000323602
0.000272407
0.000255827
0.000201036
0.000243094
0.000111085
0.000245837
4.57653e-05
0.00022385
2.5766e-05
0.000173465
3.52072e-05
0.000117933
4.7245e-05
7.6897e-05
4.9035e-05
5.30107e-05
4.28171e-05
0.261459
0.243479
0.226722
0.211032
0.196427
0.182726
0.170003
0.158045
0.146977
0.136553
0.126934
0.117858
0.109491
0.101601
0.0943099
0.0874743
0.0811117
0.0752149
0.0696538
0.0645775
0.0597187
0.0553511
0.0511377
0.0473696
0.0437525
0.0404638
0.0373812
0.0344811
0.0318741
0.0293314
0.0271314
0.0249405
0.023057
0.0212003
0.0195559
0.017991
0.0165588
0.015217
0.0140139
0.012816
0.0118528
0.0107824
0.00998795
0.00906472
0.00838802
0.00762563
0.00701123
0.00641501
0.00584671
0.00537578
0.00488522
0.00447111
0.00409687
0.00369374
0.0034355
0.00304771
0.0028634
0.00252408
0.00236569
0.00209934
0.00193798
0.00175444
0.00156805
0.00148278
0.00124172
0.00127113
0.000966258
0.00108247
0.000770151
0.000877071
0.000664491
0.000655829
0.000610448
0.000467237
0.000543642
0.000356185
0.000436393
0.000310506
0.00032315
0.000272301
0.000255628
0.000201066
0.000242633
0.000111575
0.000245015
4.65454e-05
0.00022298
2.64531e-05
0.000172861
3.55969e-05
0.000117648
4.73871e-05
7.68076e-05
4.90642e-05
5.2993e-05
4.28187e-05
0.260223
0.242351
0.225691
0.21009
0.195565
0.181937
0.16928
0.157384
0.14637
0.135999
0.126425
0.117394
0.109064
0.101212
0.0939517
0.0871474
0.0808123
0.0749416
0.0694048
0.0643492
0.0595118
0.0551602
0.0509655
0.0472101
0.0436088
0.0403313
0.0372614
0.0343721
0.0317745
0.0292424
0.0270489
0.0248676
0.0229889
0.0211402
0.0195002
0.0179413
0.0165134
0.0151764
0.0139766
0.0127838
0.0118217
0.0107568
0.0099625
0.0090442
0.00836749
0.00760893
0.00699512
0.00640111
0.00583434
0.00536425
0.00487557
0.00446202
0.00408888
0.00368704
0.00342865
0.00304292
0.00285766
0.00252052
0.00236118
0.00209646
0.00193468
0.00175192
0.00156588
0.00148032
0.00124074
0.00126844
0.00096637
0.00107965
0.000770769
0.000874784
0.000664689
0.000654767
0.000609712
0.000467375
0.000542339
0.000356746
0.000435329
0.000310747
0.000322691
0.000272192
0.000255424
0.000201103
0.000242156
0.000112084
0.000244168
4.73476e-05
0.000222089
2.71561e-05
0.000172244
3.59941e-05
0.000117359
4.75314e-05
7.67171e-05
4.90938e-05
5.29751e-05
4.28203e-05
0.258954
0.241193
0.224632
0.209123
0.194679
0.181127
0.168538
0.156705
0.145748
0.135431
0.125903
0.116917
0.108625
0.100811
0.0935839
0.0868118
0.080505
0.0746609
0.0691492
0.0641148
0.0592994
0.0549644
0.0507887
0.0470466
0.0434614
0.0401953
0.0371384
0.0342603
0.0316724
0.029151
0.0269643
0.0247928
0.0229192
0.0210785
0.0194431
0.0178904
0.0164669
0.0151348
0.0139384
0.0127509
0.0117898
0.0107306
0.00993645
0.00902316
0.00834649
0.00759181
0.00697864
0.00638686
0.00582169
0.00535246
0.00486568
0.00445273
0.0040807
0.00368019
0.00342163
0.00303803
0.00285179
0.00251686
0.00235658
0.0020935
0.00193131
0.00174933
0.00156368
0.00147778
0.00123975
0.00126566
0.000966501
0.00107675
0.000771403
0.000872456
0.000664881
0.0006537
0.000608947
0.000467531
0.000541003
0.000357323
0.000434246
0.000310991
0.000322228
0.000272081
0.000255213
0.000201148
0.000241663
0.000112611
0.000243299
4.81717e-05
0.000221178
2.78749e-05
0.000171616
3.63987e-05
0.000117064
4.76779e-05
7.66255e-05
4.91236e-05
5.29571e-05
4.2822e-05
0.257652
0.240005
0.223546
0.20813
0.19377
0.180296
0.167776
0.156009
0.145109
0.134847
0.125367
0.116428
0.108176
0.100401
0.0932066
0.0864674
0.0801897
0.0743731
0.068887
0.0638745
0.0590816
0.0547635
0.0506074
0.0468789
0.0433102
0.0400561
0.0370123
0.0341457
0.0315677
0.0290575
0.0268776
0.0247162
0.0228477
0.0210153
0.0193846
0.0178381
0.0164193
0.0150922
0.0138992
0.0127171
0.0117571
0.0107037
0.00990979
0.00900161
0.00832503
0.00757426
0.0069618
0.00637226
0.00580877
0.0053404
0.00485556
0.00444325
0.00407233
0.00367321
0.00341445
0.00303303
0.0028458
0.00251312
0.0023519
0.00209047
0.00192789
0.00174668
0.00156145
0.00147518
0.00123877
0.00126282
0.000966651
0.0010738
0.000772054
0.000870087
0.000665067
0.000652628
0.000608152
0.000467703
0.000539633
0.000357915
0.000433144
0.000311238
0.000321758
0.000271969
0.000254997
0.000201199
0.000241153
0.000113156
0.000242406
4.90174e-05
0.000220246
2.86092e-05
0.000170976
3.68107e-05
0.000116766
4.78267e-05
7.65328e-05
4.91539e-05
5.29389e-05
4.28236e-05
0.256318
0.238787
0.222433
0.207112
0.192838
0.179444
0.166995
0.155296
0.144455
0.134249
0.124817
0.115926
0.107715
0.0999798
0.0928199
0.0861144
0.0798666
0.074078
0.0686183
0.0636282
0.0588584
0.0545578
0.0504217
0.0467072
0.0431552
0.0399134
0.0368832
0.0340284
0.0314604
0.0289616
0.0267888
0.0246377
0.0227746
0.0209505
0.0193248
0.0177847
0.0163706
0.0150485
0.0138592
0.0126826
0.0117237
0.0106763
0.00988254
0.00897955
0.0083031
0.0075563
0.00694461
0.00635733
0.00579556
0.00532807
0.00484521
0.00443357
0.00406375
0.00366609
0.00340711
0.00302793
0.00283969
0.0025093
0.00234712
0.00208737
0.0019244
0.00174396
0.00155919
0.00147252
0.00123778
0.00125991
0.000966817
0.00107078
0.00077272
0.000867679
0.000665247
0.000651551
0.000607328
0.000467891
0.000538231
0.000358523
0.000432023
0.000311488
0.000321284
0.000271854
0.000254775
0.000201257
0.000240628
0.00011372
0.00024149
4.98845e-05
0.000219294
2.9359e-05
0.000170324
3.72301e-05
0.000116463
4.79776e-05
7.6439e-05
4.91845e-05
5.29207e-05
4.28253e-05
0.254951
0.237539
0.221292
0.20607
0.191884
0.178572
0.166196
0.154565
0.143784
0.133636
0.124255
0.115412
0.107242
0.0995485
0.0924237
0.0857528
0.0795357
0.0737758
0.0683431
0.0633759
0.0586298
0.0543471
0.0502314
0.0465314
0.0429966
0.0397675
0.036751
0.0339084
0.0313507
0.0288636
0.0266981
0.0245573
0.0226997
0.0208843
0.0192636
0.0177299
0.0163208
0.0150039
0.0138182
0.0126473
0.0116895
0.0106482
0.0098547
0.00895697
0.00828071
0.00753791
0.00692705
0.00634205
0.00578207
0.00531548
0.00483463
0.00442369
0.00405498
0.00365882
0.00339961
0.00302273
0.00283345
0.0025054
0.00234225
0.00208419
0.00192086
0.00174119
0.0015569
0.00146979
0.00123678
0.00125692
0.000967
0.00106769
0.000773401
0.000865233
0.000665419
0.000650469
0.000606476
0.000468096
0.000536797
0.000359144
0.000430883
0.00031174
0.000320804
0.000271738
0.000254548
0.000201321
0.000240087
0.000114302
0.000240552
5.07726e-05
0.000218322
3.01239e-05
0.00016966
3.76566e-05
0.000116155
4.81307e-05
7.63442e-05
4.92154e-05
5.29023e-05
4.2827e-05
0.253552
0.236262
0.220125
0.205003
0.190907
0.177679
0.165378
0.153817
0.143098
0.133009
0.123679
0.114886
0.106759
0.099107
0.0920183
0.0853827
0.0791971
0.0734664
0.0680614
0.0631176
0.0583958
0.0541315
0.0500367
0.0463515
0.0428342
0.0396182
0.0366157
0.0337857
0.0312385
0.0287633
0.0266052
0.0244751
0.0226233
0.0208164
0.0192011
0.017674
0.0162698
0.0149583
0.0137762
0.0126112
0.0116546
0.0106195
0.00982627
0.00893387
0.00825786
0.00751911
0.00690915
0.00632644
0.0057683
0.00530263
0.00482382
0.00441363
0.00404602
0.00365142
0.00339195
0.00301742
0.00282709
0.00250141
0.0023373
0.00208095
0.00191725
0.00173834
0.00155458
0.00146699
0.00123579
0.00125387
0.000967198
0.00106454
0.000774095
0.000862748
0.000665584
0.000649382
0.000605595
0.000468316
0.000535331
0.00035978
0.000429725
0.000311994
0.00032032
0.000271619
0.000254315
0.000201393
0.00023953
0.000114902
0.000239591
5.16815e-05
0.00021733
3.09039e-05
0.000168985
3.80903e-05
0.000115843
4.8286e-05
7.62483e-05
4.92467e-05
5.28838e-05
4.28286e-05
0.252122
0.234957
0.218931
0.203911
0.189908
0.176766
0.164541
0.153052
0.142396
0.132367
0.123089
0.114348
0.106264
0.0986553
0.0916035
0.0850041
0.0788507
0.07315
0.0677733
0.0628535
0.0581564
0.0539111
0.0498376
0.0461677
0.0426682
0.0394657
0.0364774
0.0336602
0.0311237
0.0286608
0.0265104
0.0243911
0.0225451
0.0207471
0.0191372
0.0176168
0.0162178
0.0149117
0.0137334
0.0125744
0.0116189
0.0105902
0.00979725
0.00891026
0.00823455
0.00749988
0.00689089
0.00631048
0.00575425
0.00528952
0.00481278
0.00440337
0.00403687
0.00364388
0.00338414
0.003012
0.00282061
0.00249733
0.00233225
0.00207764
0.00191359
0.00173544
0.00155222
0.00146413
0.00123479
0.00125074
0.000967411
0.00106133
0.000774801
0.000860227
0.000665741
0.000648291
0.000604686
0.000468552
0.000533834
0.000360429
0.00042855
0.000312249
0.00031983
0.000271499
0.000254076
0.000201471
0.000238958
0.00011552
0.000238608
5.2611e-05
0.000216319
3.16988e-05
0.000168298
3.85311e-05
0.000115526
4.84433e-05
7.61513e-05
4.92783e-05
5.28651e-05
4.28303e-05
0.250661
0.233622
0.217711
0.202796
0.188887
0.175832
0.163685
0.152269
0.141678
0.131712
0.122487
0.113798
0.105758
0.0981934
0.0911796
0.084617
0.0784967
0.0728265
0.0674788
0.0625835
0.0579117
0.0536858
0.0496341
0.0459799
0.0424986
0.0393099
0.0363361
0.0335321
0.0310065
0.028556
0.0264135
0.0243052
0.0224654
0.0206763
0.0190719
0.0175583
0.0161646
0.0148641
0.0136897
0.0125368
0.0115824
0.0105603
0.00976765
0.00888615
0.00821079
0.00748024
0.00687228
0.00629419
0.00573993
0.00527614
0.00480151
0.00439292
0.00402752
0.0036362
0.00337616
0.00300648
0.00281401
0.00249317
0.00232712
0.00207425
0.00190986
0.00173247
0.00154983
0.0014612
0.00123378
0.00124755
0.000967638
0.00105805
0.00077552
0.000857669
0.00066589
0.000647196
0.000603749
0.000468802
0.000532306
0.000361092
0.000427357
0.000312507
0.000319335
0.000271376
0.000253832
0.000201555
0.00023837
0.000116155
0.000237603
5.35608e-05
0.000215289
3.25084e-05
0.0001676
3.89789e-05
0.000115205
4.86028e-05
7.60532e-05
4.93103e-05
5.28463e-05
4.28321e-05
0.249169
0.23226
0.216465
0.201657
0.187844
0.174878
0.162811
0.151471
0.140945
0.131042
0.121872
0.113235
0.105242
0.0977215
0.0907465
0.0842215
0.078135
0.072496
0.067178
0.0623077
0.0576617
0.0534556
0.0494262
0.0457881
0.0423253
0.0391508
0.0361918
0.0334013
0.0308868
0.0284491
0.0263146
0.0242176
0.0223839
0.0206039
0.0190054
0.0174987
0.0161104
0.0148155
0.0136451
0.0124984
0.0115452
0.0105297
0.00973747
0.00886152
0.00818657
0.00746018
0.00685332
0.00627756
0.00572533
0.0052625
0.00479001
0.00438228
0.00401798
0.00362839
0.00336803
0.00300086
0.00280729
0.00248893
0.0023219
0.00207079
0.00190608
0.00172943
0.00154741
0.00145821
0.00123277
0.00124429
0.000967878
0.00105472
0.000776249
0.000855075
0.00066603
0.000646096
0.000602783
0.000469067
0.000530749
0.000361767
0.000426147
0.000312766
0.000318836
0.000271251
0.000253582
0.000201646
0.000237767
0.000116807
0.000236576
5.45305e-05
0.000214239
3.33324e-05
0.000166891
3.94336e-05
0.00011488
4.87644e-05
7.59542e-05
4.93426e-05
5.28274e-05
4.28338e-05
0.247647
0.230869
0.215193
0.200494
0.186779
0.173905
0.161919
0.150655
0.140197
0.130358
0.121244
0.112661
0.104714
0.0972396
0.0903043
0.0838177
0.0777658
0.0721586
0.0668708
0.0620261
0.0574065
0.0532207
0.0492139
0.0455924
0.0421484
0.0389885
0.0360446
0.0332679
0.0307647
0.02834
0.0262137
0.0241281
0.0223009
0.0205301
0.0189375
0.0174378
0.0160551
0.014766
0.0135996
0.0124593
0.0115072
0.0104986
0.00970672
0.00883637
0.00816191
0.00743971
0.00683401
0.0062606
0.00571045
0.00524861
0.00477828
0.00437145
0.00400825
0.00362043
0.00335975
0.00299513
0.00280045
0.0024846
0.0023166
0.00206727
0.00190224
0.00172634
0.00154496
0.00145516
0.00123175
0.00124096
0.00096813
0.00105133
0.000776988
0.000852446
0.000666161
0.000644991
0.000601791
0.000469346
0.000529161
0.000362455
0.000424921
0.000313026
0.000318331
0.000271125
0.000253327
0.000201743
0.000237149
0.000117476
0.000235528
5.552e-05
0.000213171
3.41708e-05
0.000166171
3.98951e-05
0.00011455
4.8928e-05
7.58541e-05
4.93752e-05
5.28084e-05
4.28355e-05
0.246094
0.229451
0.213896
0.199307
0.185693
0.172911
0.161009
0.149823
0.139434
0.12966
0.120603
0.112075
0.104176
0.0967478
0.0898532
0.0834057
0.077389
0.0718142
0.0665573
0.0617386
0.057146
0.052981
0.0489973
0.0453928
0.0419679
0.038823
0.0358943
0.0331318
0.0306402
0.0282287
0.0261108
0.0240367
0.0222162
0.0204547
0.0188682
0.0173757
0.0159987
0.0147154
0.0135532
0.0124194
0.0114685
0.0104668
0.00967541
0.00881072
0.0081368
0.00741882
0.00681435
0.0062433
0.0056953
0.00523445
0.00476633
0.00436043
0.00399832
0.00361234
0.00335131
0.00298929
0.00279349
0.00248018
0.00231121
0.00206367
0.00189834
0.00172317
0.00154247
0.00145204
0.00123073
0.00123757
0.000968393
0.00104788
0.000777737
0.000849783
0.000666283
0.000643883
0.00060077
0.000469639
0.000527544
0.000363154
0.000423678
0.000313288
0.000317822
0.000270996
0.000253066
0.000201846
0.000236516
0.000118162
0.000234459
5.6529e-05
0.000212084
3.50232e-05
0.00016544
4.03634e-05
0.000114217
4.90937e-05
7.5753e-05
4.94081e-05
5.27892e-05
4.28373e-05
0.244511
0.228005
0.212573
0.198098
0.184586
0.171899
0.160081
0.148974
0.138655
0.128948
0.119949
0.111478
0.103627
0.0962462
0.089393
0.0829854
0.0770048
0.0714629
0.0662375
0.0614454
0.0568803
0.0527365
0.0487763
0.0451892
0.0417839
0.0386543
0.0357411
0.0329931
0.0305132
0.0281152
0.0260059
0.0239436
0.0221299
0.0203779
0.0187977
0.0173123
0.0159412
0.0146639
0.0135059
0.0123787
0.0114291
0.0104344
0.00964353
0.00878456
0.00811125
0.00739752
0.00679435
0.00622567
0.00567988
0.00522004
0.00475415
0.00434922
0.00398821
0.00360411
0.00334271
0.00298335
0.00278642
0.00247568
0.00230574
0.00206
0.00189438
0.00171995
0.00153996
0.00144886
0.00122971
0.00123411
0.000968667
0.00104437
0.000778495
0.000847086
0.000666395
0.00064277
0.000599723
0.000469945
0.000525899
0.000363865
0.000422419
0.00031355
0.000317309
0.000270865
0.0002528
0.000201955
0.000235869
0.000118864
0.000233369
5.75571e-05
0.000210979
3.58896e-05
0.000164699
4.08384e-05
0.000113879
4.92614e-05
7.56508e-05
4.94414e-05
5.277e-05
4.2839e-05
0.242899
0.226532
0.211225
0.196865
0.183457
0.170866
0.159135
0.148109
0.137861
0.128222
0.119283
0.110868
0.103068
0.0957348
0.088924
0.0825569
0.0766131
0.0711048
0.0659115
0.0611465
0.0566093
0.0524873
0.0485511
0.0449818
0.0415962
0.0384824
0.035585
0.0328517
0.0303838
0.0279996
0.025899
0.0238488
0.022042
0.0202996
0.0187259
0.0172478
0.0158827
0.0146115
0.0134577
0.0123373
0.0113889
0.0104014
0.00961109
0.0087579
0.00808525
0.00737581
0.00677401
0.0062077
0.00566418
0.00520538
0.00474174
0.00433782
0.00397791
0.00359574
0.00333396
0.0029773
0.00277922
0.0024711
0.00230018
0.00205626
0.00189036
0.00171666
0.00153741
0.00144562
0.00122867
0.00123059
0.000968951
0.00104081
0.00077926
0.000844356
0.000666497
0.000641654
0.000598648
0.000470265
0.000524225
0.000364587
0.000421144
0.000313814
0.000316791
0.000270731
0.000252528
0.000202071
0.000235207
0.000119582
0.000232258
5.86042e-05
0.000209856
3.67698e-05
0.000163946
4.13199e-05
0.000113537
4.94311e-05
7.55477e-05
4.9475e-05
5.27506e-05
4.28408e-05
0.241258
0.225032
0.209853
0.19561
0.182308
0.169815
0.158171
0.147228
0.137053
0.127482
0.118604
0.110248
0.102498
0.0952138
0.0884461
0.0821204
0.076214
0.0707399
0.0655793
0.0608419
0.0563332
0.0522334
0.0483216
0.0447706
0.0414051
0.0383073
0.035426
0.0327078
0.030252
0.0278818
0.0257902
0.0237521
0.0219526
0.0202198
0.0186527
0.0171821
0.0158231
0.014558
0.0134087
0.0122951
0.011348
0.0103678
0.0095781
0.00873072
0.00805881
0.00735369
0.00675332
0.00618941
0.00564821
0.00519046
0.00472911
0.00432623
0.00396741
0.00358724
0.00332506
0.00297115
0.00277192
0.00246642
0.00229453
0.00205245
0.00188629
0.00171332
0.00153483
0.00144231
0.00122763
0.00122701
0.000969244
0.00103719
0.000780032
0.000841595
0.000666589
0.000640534
0.000597547
0.000470597
0.000522523
0.000365319
0.000419854
0.000314078
0.000316268
0.000270596
0.000252251
0.000202192
0.00023453
0.000120316
0.000231128
5.96698e-05
0.000208716
3.76634e-05
0.000163184
4.1808e-05
0.00011319
4.96028e-05
7.54435e-05
4.9509e-05
5.2731e-05
4.28426e-05
0.239588
0.223506
0.208456
0.194332
0.181137
0.168745
0.15719
0.14633
0.13623
0.126729
0.117912
0.109615
0.101917
0.0946831
0.0879595
0.0816758
0.0758077
0.0703682
0.0652409
0.0605317
0.056052
0.0519749
0.0480878
0.0445554
0.0412104
0.0381291
0.035264
0.0325613
0.0301179
0.0277619
0.0256795
0.0236537
0.0218615
0.0201386
0.0185783
0.0171152
0.0157624
0.0145036
0.0133588
0.0122522
0.0113064
0.0103336
0.00954456
0.00870304
0.00803194
0.00733115
0.00673229
0.00617079
0.00563197
0.00517528
0.00471626
0.00431446
0.00395674
0.0035786
0.00331601
0.0029649
0.00276449
0.00246167
0.0022888
0.00204856
0.00188216
0.0017099
0.00153221
0.00143895
0.00122658
0.00122336
0.000969545
0.00103351
0.00078081
0.000838801
0.00066667
0.00063941
0.000596419
0.000470941
0.000520794
0.000366062
0.000418549
0.000314342
0.000315741
0.000270459
0.000251969
0.000202319
0.00023384
0.000121066
0.000229977
6.07539e-05
0.000207557
3.85705e-05
0.000162411
4.23024e-05
0.00011284
4.97764e-05
7.53384e-05
4.95432e-05
5.27114e-05
4.28444e-05
0.23789
0.221953
0.207036
0.193033
0.179947
0.167655
0.156192
0.145417
0.135392
0.125963
0.117208
0.108972
0.101326
0.0941429
0.0874643
0.0812233
0.075394
0.0699898
0.0648964
0.0602158
0.0557657
0.0517116
0.0478498
0.0443365
0.0410123
0.0379478
0.0350992
0.0324122
0.0299813
0.0276399
0.0255668
0.0235535
0.0217688
0.0200559
0.0185025
0.017047
0.0157007
0.0144482
0.013308
0.0122085
0.011264
0.0102988
0.00951047
0.00867486
0.00800463
0.00730821
0.00671092
0.00615184
0.00561545
0.00515986
0.00470318
0.00430251
0.00394587
0.00356982
0.00330681
0.00295854
0.00275695
0.00245683
0.00228299
0.00204461
0.00187797
0.00170643
0.00152957
0.00143552
0.00122553
0.00121965
0.000969854
0.00102978
0.000781594
0.000835977
0.00066674
0.000638282
0.000595264
0.000471297
0.000519039
0.000366815
0.000417229
0.000314607
0.00031521
0.000270319
0.000251681
0.000202452
0.000233136
0.000121832
0.000228807
6.18559e-05
0.000206382
3.94906e-05
0.000161628
4.28032e-05
0.000112486
4.9952e-05
7.52323e-05
4.95778e-05
5.26916e-05
4.28462e-05
0.236164
0.220375
0.205591
0.191711
0.178736
0.166547
0.155176
0.144488
0.134539
0.125183
0.116492
0.108317
0.100725
0.0935932
0.0869604
0.0807628
0.0749732
0.0696048
0.0645459
0.0598943
0.0554743
0.0514438
0.0476076
0.0441138
0.0408106
0.0377633
0.0349315
0.0322606
0.0298425
0.0275158
0.0254522
0.0234515
0.0216746
0.0199717
0.0184255
0.0169777
0.0156379
0.0143919
0.0132564
0.012164
0.011221
0.0102634
0.00947585
0.00864617
0.00797689
0.00728487
0.00668921
0.00613256
0.00559867
0.00514418
0.00468987
0.00429036
0.00393481
0.0035609
0.00329745
0.00295207
0.0027493
0.0024519
0.0022771
0.00204058
0.00187372
0.00170289
0.00152689
0.00143203
0.00122446
0.00121588
0.000970169
0.001026
0.000782382
0.000833122
0.000666798
0.000637151
0.000594084
0.000471664
0.000517257
0.000367576
0.000415894
0.000314871
0.000314674
0.000270177
0.000251388
0.000202591
0.000232418
0.000122612
0.000227617
6.29757e-05
0.000205189
4.04237e-05
0.000160834
4.33103e-05
0.000112127
5.01295e-05
7.51252e-05
4.96127e-05
5.26717e-05
4.2848e-05
0.23441
0.218771
0.204123
0.190367
0.177505
0.165421
0.154144
0.143543
0.133672
0.12439
0.115764
0.107651
0.100113
0.0930342
0.0864479
0.0802944
0.0745451
0.0692131
0.0641893
0.0595673
0.0551778
0.0511714
0.0473612
0.0438873
0.0406055
0.0375758
0.034761
0.0321064
0.0297012
0.0273895
0.0253357
0.0233478
0.0215788
0.0198861
0.0183472
0.0169073
0.0155741
0.0143346
0.0132039
0.0121188
0.0111772
0.0102274
0.00944069
0.00861698
0.00794871
0.00726111
0.00666717
0.00611296
0.00558162
0.00512826
0.00467635
0.00427804
0.00392357
0.00355185
0.00328795
0.0029455
0.00274153
0.00244689
0.00227112
0.00203649
0.00186942
0.00169929
0.00152418
0.00142848
0.00122339
0.00121205
0.00097049
0.00102217
0.000783174
0.000830238
0.000666844
0.000636016
0.000592878
0.000472043
0.000515449
0.000368347
0.000414546
0.000315136
0.000314135
0.000270033
0.00025109
0.000202735
0.000231686
0.000123408
0.000226408
6.4113e-05
0.00020398
4.13696e-05
0.000160031
4.38235e-05
0.000111765
5.03089e-05
7.50171e-05
4.96479e-05
5.26517e-05
4.28498e-05
0.232629
0.217142
0.202631
0.189002
0.176254
0.164276
0.153094
0.142582
0.132791
0.123584
0.115023
0.106973
0.0994912
0.0924658
0.085927
0.0798183
0.0741099
0.0688148
0.0638267
0.0592348
0.0548763
0.0508944
0.0471106
0.0436571
0.040397
0.0373852
0.0345876
0.0319497
0.0295577
0.0272612
0.0252172
0.0232424
0.0214815
0.0197991
0.0182677
0.0168356
0.0155092
0.0142764
0.0131506
0.0120729
0.0111326
0.0101907
0.00940501
0.00858729
0.00792011
0.00723695
0.00664479
0.00609304
0.0055643
0.00511208
0.0046626
0.00426553
0.00391215
0.00354266
0.0032783
0.00293882
0.00273366
0.00244179
0.00226506
0.00203232
0.00186506
0.00169563
0.00152144
0.00142487
0.0012223
0.00120815
0.000970817
0.00101829
0.000783968
0.000827326
0.000666879
0.000634878
0.000591646
0.000472432
0.000513616
0.000369126
0.000413184
0.0003154
0.000313591
0.000269887
0.000250786
0.000202884
0.000230941
0.000124218
0.000225181
6.52674e-05
0.000202754
4.2328e-05
0.000159218
4.43429e-05
0.000111399
5.04902e-05
7.49081e-05
4.96834e-05
5.26316e-05
4.28517e-05
0.230821
0.215488
0.201117
0.187616
0.174983
0.163113
0.152028
0.141606
0.131895
0.122764
0.114271
0.106285
0.0988595
0.0918882
0.0853977
0.0793344
0.0736677
0.0684101
0.0634581
0.0588968
0.0545699
0.0506129
0.046856
0.0434232
0.0401851
0.0371916
0.0344114
0.0317905
0.0294118
0.0271308
0.0250969
0.0231352
0.0213826
0.0197107
0.0181868
0.0167628
0.0154433
0.0142173
0.0130965
0.0120262
0.0110874
0.0101535
0.0093688
0.00855711
0.00789108
0.00721239
0.00662208
0.00607279
0.00554672
0.00509566
0.00464863
0.00425283
0.00390054
0.00353334
0.0032685
0.00293203
0.00272567
0.0024366
0.00225893
0.00202808
0.00186065
0.00169191
0.00151867
0.0014212
0.00122121
0.0012042
0.000971147
0.00101435
0.000784765
0.000824385
0.0006669
0.000633737
0.000590388
0.000472831
0.000511757
0.000369914
0.000411808
0.000315664
0.000313043
0.000269738
0.000250478
0.000203039
0.000230182
0.000125043
0.000223935
6.64387e-05
0.000201512
4.32988e-05
0.000158396
4.48682e-05
0.000111029
5.06733e-05
7.47981e-05
4.97193e-05
5.26113e-05
4.28535e-05
0.228987
0.213809
0.199579
0.186208
0.173693
0.161932
0.150945
0.140615
0.130986
0.121932
0.113507
0.105586
0.0982177
0.0913015
0.08486
0.0788428
0.0732185
0.0679988
0.0630836
0.0585533
0.0542584
0.0503269
0.0465972
0.0431855
0.0399697
0.0369949
0.0342324
0.0316288
0.0292637
0.0269983
0.0249747
0.0230263
0.0212822
0.0196208
0.0181048
0.0166889
0.0153764
0.0141572
0.0130415
0.0119787
0.0110414
0.0101157
0.00933208
0.00852642
0.00786163
0.00718743
0.00659904
0.00605222
0.00552887
0.00507899
0.00463443
0.00423996
0.00388875
0.00352388
0.00325856
0.00292514
0.00271757
0.00243133
0.00225271
0.00202377
0.00185617
0.00168813
0.00151586
0.00141748
0.00122011
0.00120019
0.000971481
0.00101037
0.000785563
0.000821417
0.000666909
0.000632592
0.000589106
0.000473241
0.000509875
0.000370708
0.000410419
0.000315928
0.000312492
0.000269587
0.000250164
0.0002032
0.000229411
0.000125882
0.000222671
6.76265e-05
0.000200254
4.42818e-05
0.000157564
4.53994e-05
0.000110655
5.08583e-05
7.46872e-05
4.97554e-05
5.2591e-05
4.28554e-05
0.227126
0.212107
0.198019
0.18478
0.172384
0.160734
0.149845
0.139609
0.130062
0.121087
0.112731
0.104876
0.0975661
0.0907057
0.0843141
0.0783436
0.0727622
0.0675811
0.0627032
0.0582044
0.0539421
0.0500364
0.0463343
0.0429442
0.039751
0.0367952
0.0340506
0.0314646
0.0291132
0.0268638
0.0248506
0.0229157
0.0211802
0.0195295
0.0180214
0.0166138
0.0153085
0.0140961
0.0129857
0.0119306
0.010967
0.010077
0.00929485
0.00849524
0.00783176
0.00716207
0.00657567
0.00603134
0.00551075
0.00506208
0.00462002
0.0042269
0.00387677
0.00351429
0.00324847
0.00291815
0.00270936
0.00242598
0.0022464
0.00201939
0.00185165
0.00168428
0.00151302
0.00141369
0.001219
0.00119613
0.000971818
0.00100634
0.000786362
0.000818422
0.000666905
0.000631444
0.000587798
0.00047366
0.000507969
0.000371511
0.000409017
0.00031619
0.000311937
0.000269434
0.000249846
0.000203365
0.000228627
0.000126734
0.000221389
6.88307e-05
0.00019898
4.52766e-05
0.000156722
4.59365e-05
0.000110278
5.10451e-05
7.45754e-05
4.97918e-05
5.25705e-05
4.28573e-05
0.225239
0.21038
0.196437
0.183331
0.171056
0.159517
0.14873
0.138588
0.129125
0.120229
0.111943
0.104156
0.0969047
0.0901009
0.0837599
0.0778369
0.0722991
0.067157
0.062317
0.0578502
0.0536209
0.0497414
0.0460674
0.0426993
0.039529
0.0365925
0.0338661
0.0312979
0.0289605
0.0267272
0.0247247
0.0228034
0.0210767
0.0194368
0.0179369
0.0165375
0.0152395
0.0140342
0.0129292
0.0118817
0.0109246
0.0100375
0.00925709
0.00846358
0.00780146
0.00713631
0.00655196
0.00601013
0.00549237
0.00504493
0.00460539
0.00421367
0.00386461
0.00350456
0.00323823
0.00291104
0.00270104
0.00242053
0.00224003
0.00201494
0.00184706
0.00168038
0.00151015
0.00140985
0.00121787
0.00119201
0.000972156
0.00100227
0.00078716
0.000815401
0.000666887
0.000630293
0.000586466
0.000474088
0.000506039
0.000372319
0.000407603
0.000316452
0.000311377
0.000269278
0.000249522
0.000203535
0.00022783
0.000127601
0.00022009
7.00507e-05
0.000197691
4.62832e-05
0.000155872
4.64793e-05
0.000109897
5.12336e-05
7.44626e-05
4.98286e-05
5.25499e-05
4.28591e-05
0.223327
0.208629
0.194834
0.181862
0.169709
0.158284
0.147598
0.137551
0.128174
0.119358
0.111144
0.103424
0.0962336
0.0894872
0.0831977
0.0773227
0.0718292
0.0667265
0.061925
0.0574906
0.0532948
0.049442
0.0457965
0.0424507
0.0393036
0.0363868
0.0336788
0.0311288
0.0288055
0.0265886
0.0245969
0.0226895
0.0209718
0.0193428
0.0178511
0.0164601
0.0151695
0.0139713
0.0128718
0.0118318
0.010881
0.0099972
0.00921883
0.00843142
0.00777075
0.00711015
0.00652794
0.00598861
0.00547372
0.00502753
0.00459054
0.00420025
0.00385227
0.0034947
0.00322785
0.00290383
0.00269261
0.00241501
0.00223357
0.00201042
0.00184243
0.00167641
0.00150724
0.00140594
0.00121674
0.00118783
0.000972496
0.000998148
0.000787957
0.000812355
0.000666855
0.000629139
0.00058511
0.000474524
0.000504086
0.000373135
0.000406177
0.000316712
0.000310815
0.00026912
0.000249193
0.00020371
0.000227021
0.00012848
0.000218773
7.12864e-05
0.000196386
4.73014e-05
0.000155012
4.70278e-05
0.000109512
5.1424e-05
7.4349e-05
4.98656e-05
5.25292e-05
4.2861e-05
0.22139
0.206856
0.193208
0.180373
0.168343
0.157033
0.14645
0.1365
0.127209
0.118475
0.110333
0.102683
0.0955529
0.0888647
0.0826274
0.076801
0.0713524
0.0662898
0.0615272
0.0571257
0.0529639
0.0491383
0.0455215
0.0421985
0.0390749
0.0361781
0.0334887
0.0309572
0.0286483
0.026448
0.0244673
0.0225738
0.0208653
0.0192473
0.017764
0.0163816
0.0150986
0.0139075
0.0128136
0.0117809
0.0108364
0.00995624
0.00918005
0.00839877
0.00773963
0.0070836
0.00650358
0.00596677
0.00545481
0.00500989
0.00457547
0.00418666
0.00383975
0.0034847
0.00321733
0.00289652
0.00268407
0.00240939
0.00222703
0.00200583
0.00183773
0.00167238
0.00150431
0.00140198
0.00121559
0.00118359
0.000972835
0.000993982
0.000788752
0.000809284
0.000666809
0.000627982
0.000583729
0.000474969
0.000502111
0.000373956
0.000404739
0.000316971
0.000310248
0.00026896
0.00024886
0.00020389
0.0002262
0.000129373
0.000217439
7.25374e-05
0.000195067
4.83308e-05
0.000154143
4.75818e-05
0.000109123
5.1616e-05
7.42344e-05
4.99029e-05
5.25083e-05
4.2863e-05
0.219429
0.205059
0.191561
0.178864
0.166959
0.155765
0.145287
0.135435
0.126231
0.11758
0.109511
0.10193
0.0948626
0.0882334
0.0820491
0.076272
0.0708689
0.0658468
0.0611237
0.0567556
0.0526282
0.0488302
0.0452426
0.0419427
0.0388429
0.0359666
0.033296
0.0307832
0.0284888
0.0263053
0.0243359
0.0224565
0.0207574
0.0191505
0.0176758
0.0163019
0.0150266
0.0138427
0.0127546
0.0117291
0.0107907
0.0099146
0.00914075
0.00836564
0.00770809
0.00705666
0.0064789
0.00594463
0.00543564
0.00499201
0.00456018
0.00417289
0.00382705
0.00347457
0.00320667
0.0028891
0.00267543
0.00240369
0.00222041
0.00200117
0.00183299
0.0016683
0.00150134
0.00139797
0.00121443
0.00117931
0.000973174
0.000989772
0.000789544
0.00080619
0.000666748
0.000626822
0.000582324
0.000475422
0.000500115
0.000374782
0.00040329
0.000317229
0.000309678
0.000268797
0.000248522
0.000204075
0.000225367
0.000130279
0.000216089
7.38035e-05
0.000193733
4.93714e-05
0.000153266
4.81413e-05
0.000108731
5.18098e-05
7.41189e-05
4.99405e-05
5.24874e-05
4.28649e-05
0.217442
0.20324
0.189893
0.177336
0.165557
0.15448
0.144108
0.134355
0.12524
0.116672
0.108678
0.101168
0.0941629
0.0875934
0.0814628
0.0757357
0.0703787
0.0653977
0.0607146
0.0563803
0.0522877
0.0485178
0.0449597
0.0416834
0.0386076
0.0357521
0.0331006
0.0306069
0.0283272
0.0261607
0.0242026
0.0223375
0.0206479
0.0190523
0.0175863
0.0162211
0.0149536
0.0137771
0.0126948
0.0116765
0.0107442
0.00987231
0.00910094
0.00833203
0.00767614
0.00702932
0.0064539
0.00592216
0.00541621
0.0049739
0.00454467
0.00415894
0.00381417
0.0034643
0.00319587
0.00288157
0.00266669
0.0023979
0.00221372
0.00199644
0.00182818
0.00166415
0.00149833
0.0013939
0.00121325
0.00117497
0.000973511
0.00098552
0.000790333
0.000803072
0.000666673
0.00062566
0.000580896
0.000475882
0.000498096
0.000375614
0.000401829
0.000317485
0.000309105
0.000268632
0.000248178
0.000204264
0.000224522
0.000131196
0.000214723
7.50842e-05
0.000192385
5.04229e-05
0.00015238
4.87062e-05
0.000108336
5.20053e-05
7.40025e-05
4.99784e-05
5.24663e-05
4.28668e-05
0.215432
0.201398
0.188204
0.175788
0.164137
0.153179
0.142913
0.133261
0.124235
0.115752
0.107833
0.100395
0.0934538
0.0869449
0.0808688
0.0751921
0.0698819
0.0649424
0.0602998
0.0559998
0.0519426
0.0482011
0.044673
0.0414206
0.0383691
0.0355346
0.0329024
0.0304281
0.0281633
0.0260141
0.0240676
0.0222169
0.020537
0.0189527
0.0174957
0.0161393
0.0148797
0.0137106
0.0126343
0.011623
0.0106966
0.00982938
0.00906061
0.00829794
0.00764378
0.00700159
0.00642857
0.00589939
0.00539652
0.00495555
0.00452895
0.00414481
0.00380112
0.0034539
0.00318492
0.00287394
0.00265783
0.00239203
0.00220695
0.00199163
0.00182333
0.00165994
0.0014953
0.00138977
0.00121207
0.00117058
0.000973846
0.000981226
0.000791117
0.000799932
0.000666582
0.000624494
0.000579445
0.000476349
0.000496057
0.00037645
0.000400358
0.000317739
0.000308528
0.000268465
0.000247831
0.000204458
0.000223665
0.000132127
0.000213341
7.63793e-05
0.000191022
5.1485e-05
0.000151485
4.92764e-05
0.000107937
5.22025e-05
7.38853e-05
5.00166e-05
5.24451e-05
4.28687e-05
0.213399
0.199534
0.186495
0.174221
0.162699
0.151861
0.141703
0.132152
0.123217
0.114821
0.106978
0.099612
0.0927355
0.0862878
0.0802669
0.0746413
0.0693785
0.064481
0.0598795
0.0556142
0.0515927
0.0478801
0.0443823
0.0411542
0.0381273
0.0353144
0.0327017
0.0302469
0.0279972
0.0258655
0.0239308
0.0220946
0.0204246
0.0188518
0.0174038
0.0160563
0.0148047
0.0136431
0.012573
0.0115688
0.0106483
0.00978583
0.00901977
0.00826337
0.00761101
0.00697348
0.00640293
0.00587631
0.00537656
0.00493696
0.00451301
0.00413051
0.00378788
0.00344337
0.00317384
0.0028662
0.00264888
0.00238607
0.0022001
0.00198676
0.00181842
0.00165568
0.00149223
0.00138559
0.00121086
0.00116613
0.000974177
0.000976891
0.000791895
0.000796769
0.000666475
0.000623326
0.00057797
0.000476822
0.000493998
0.00037729
0.000398876
0.000317992
0.000307948
0.000268295
0.000247478
0.000204656
0.000222798
0.000133069
0.000211943
7.76884e-05
0.000189646
5.25576e-05
0.000150582
4.98518e-05
0.000107535
5.24013e-05
7.37671e-05
5.00551e-05
5.24238e-05
4.28707e-05
0.211342
0.197649
0.184765
0.172635
0.161244
0.150526
0.140478
0.13103
0.122187
0.113877
0.106111
0.098819
0.092008
0.0856223
0.0796574
0.0740834
0.0688685
0.0640135
0.0594536
0.0552235
0.0512382
0.047555
0.0440877
0.0408844
0.0378824
0.0350912
0.0324982
0.0300634
0.027829
0.0257149
0.0237921
0.0219707
0.0203108
0.0187495
0.0173108
0.0159722
0.0147288
0.0135748
0.0125109
0.0115137
0.010599
0.00974168
0.00897842
0.00822832
0.00757784
0.00694498
0.00637696
0.00585293
0.00535635
0.00491814
0.00449686
0.00411604
0.00377447
0.0034327
0.00316262
0.00285835
0.00263982
0.00238002
0.00219318
0.00198182
0.00181345
0.00165135
0.00148913
0.00138135
0.00120965
0.00116164
0.000974504
0.000972517
0.000792668
0.000793586
0.000666353
0.000622155
0.000576473
0.000477302
0.000491919
0.000378134
0.000397384
0.000318242
0.000307364
0.000268122
0.000247121
0.000204858
0.000221919
0.000134022
0.00021053
7.90112e-05
0.000188256
5.36405e-05
0.000149671
5.04323e-05
0.000107129
5.26018e-05
7.36482e-05
5.00938e-05
5.24024e-05
4.28727e-05
0.209262
0.195742
0.183016
0.171031
0.159771
0.149176
0.139239
0.129894
0.121144
0.112922
0.105234
0.0980161
0.0912714
0.0849484
0.0790402
0.0735185
0.0683521
0.0635401
0.0590223
0.0548277
0.0508792
0.0472256
0.0437894
0.0406111
0.0376343
0.0348652
0.0322922
0.0298775
0.0276586
0.0255624
0.0236518
0.0218452
0.0201956
0.0186459
0.0172165
0.015887
0.014652
0.0135056
0.0124481
0.0114579
0.010549
0.00969693
0.00893655
0.00819281
0.00754427
0.00691609
0.00635068
0.00582924
0.00533588
0.00489909
0.00448049
0.00410139
0.00376089
0.0034219
0.00315126
0.0028504
0.00263065
0.00237389
0.00218618
0.00197681
0.00180843
0.00164696
0.00148599
0.00137706
0.00120842
0.0011571
0.000974826
0.000968105
0.000793433
0.000790383
0.000666215
0.000620981
0.000574953
0.000477787
0.000489821
0.000378981
0.000395882
0.000318489
0.000306778
0.000267948
0.000246759
0.000205064
0.000221029
0.000134987
0.000209102
8.03475e-05
0.000186854
5.47333e-05
0.000148752
5.10178e-05
0.00010672
5.28039e-05
7.35283e-05
5.01329e-05
5.23809e-05
4.28746e-05
0.20716
0.193814
0.181247
0.169408
0.158281
0.14781
0.137984
0.128744
0.120088
0.111954
0.104346
0.0972033
0.0905258
0.0842662
0.0784154
0.0729465
0.0678293
0.0630607
0.0585855
0.054427
0.0505155
0.0468921
0.0434872
0.0403344
0.037383
0.0346364
0.0320835
0.0296893
0.0274861
0.0254079
0.0235096
0.021718
0.0200789
0.018541
0.0171211
0.0158008
0.0145741
0.0134355
0.0123845
0.0114013
0.0104982
0.0096516
0.00889417
0.00815682
0.0075103
0.00688682
0.00632409
0.00580524
0.00531516
0.0048798
0.00446391
0.00408657
0.00374713
0.00341097
0.00313977
0.00284234
0.00262139
0.00236767
0.00217911
0.00197172
0.00180336
0.00164252
0.00148282
0.00137271
0.00120717
0.00115251
0.000975142
0.000963655
0.000794191
0.00078716
0.00066606
0.000619805
0.000573411
0.000478278
0.000487704
0.000379831
0.000394371
0.000318735
0.000306188
0.00026777
0.000246392
0.000205274
0.000220129
0.000135963
0.00020766
8.16967e-05
0.000185438
5.5836e-05
0.000147825
5.16083e-05
0.000106308
5.30075e-05
7.34076e-05
5.01722e-05
5.23593e-05
4.28766e-05
0.205035
0.191866
0.179458
0.167767
0.156774
0.146428
0.136715
0.127581
0.119019
0.110976
0.103448
0.0963808
0.0897713
0.0835759
0.0777832
0.0723676
0.0673002
0.0625755
0.0581433
0.0540213
0.0501473
0.0465545
0.0431812
0.0400543
0.0371286
0.0344048
0.0318723
0.0294987
0.0273114
0.0252516
0.0233658
0.0215893
0.0199608
0.0184347
0.0170246
0.0157135
0.0144953
0.0133645
0.0123202
0.011344
0.0104466
0.00960569
0.00885127
0.00812036
0.00747592
0.00685717
0.00629717
0.00578095
0.00529417
0.00486029
0.00444712
0.00407157
0.00373319
0.0033999
0.00312814
0.00283418
0.00261202
0.00236136
0.00217196
0.00196657
0.00179824
0.00163802
0.00147962
0.00136832
0.00120591
0.00114787
0.000975451
0.000959168
0.00079494
0.000783917
0.000665888
0.000618626
0.000571848
0.000478773
0.000485569
0.000380684
0.000392851
0.000318977
0.000305595
0.00026759
0.000246021
0.000205488
0.000219218
0.000136949
0.000206203
8.30586e-05
0.000184009
5.69482e-05
0.000146891
5.22035e-05
0.000105892
5.32127e-05
7.32862e-05
5.02117e-05
5.23375e-05
4.28786e-05
0.195729
0.183251
0.171477
0.160377
0.149924
0.140084
0.130833
0.122136
0.113971
0.106305
0.0991163
0.0923744
0.0860591
0.080143
0.0746064
0.0694273
0.0645829
0.0600566
0.0558216
0.0518681
0.0481692
0.0447208
0.041498
0.0384962
0.035695
0.0330842
0.0306526
0.028384
0.0262774
0.0243119
0.0224914
0.0207944
0.019223
0.0177605
0.0164037
0.0151436
0.0139733
0.0128872
0.011881
0.0109462
0.0100825
0.00927664
0.00853962
0.00784921
0.00721786
0.00662899
0.00608736
0.00558767
0.00512376
0.00469952
0.00430514
0.00394287
0.003611
0.00330019
0.00302246
0.00275662
0.00252343
0.00229841
0.00210107
0.00191278
0.00174455
0.00158902
0.00144377
0.00131856
0.00118989
0.00109327
0.000977022
0.000903894
0.000802115
0.000741678
0.00066151
0.000602085
0.000547788
0.000485698
0.000451454
0.000393718
0.000366655
0.000322437
0.000294221
0.000263522
0.000237711
0.000210275
0.000196727
0.000162455
0.000165295
0.000124028
0.000136801
9.70864e-05
0.000109071
7.9125e-05
8.40903e-05
6.56517e-05
6.41415e-05
5.3807e-05
4.93797e-05
4.31094e-05
0.17806
0.166833
0.156219
0.146197
0.136745
0.127838
0.119452
0.111562
0.104147
0.0971809
0.0906425
0.084508
0.0787568
0.0733675
0.0683205
0.0635967
0.0591767
0.0550433
0.0511773
0.0475647
0.0441877
0.041035
0.038091
0.0353448
0.032783
0.030394
0.0281678
0.0260927
0.0241619
0.0223637
0.0206929
0.0191386
0.0176952
0.0163538
0.015108
0.0139512
0.012877
0.01188
0.0109555
0.0100979
0.0093041
0.00856516
0.00788477
0.00725284
0.00666962
0.00612936
0.00563025
0.00516961
0.00474345
0.0043511
0.00398856
0.00365433
0.00334712
0.00306259
0.00280285
0.00256131
0.00234176
0.00213759
0.00195195
0.00178011
0.00162313
0.00147919
0.00134619
0.00122665
0.00111331
0.00101513
0.000918261
0.000837745
0.000756101
0.000688553
0.000622134
0.000563349
0.000511232
0.000459535
0.000418475
0.000374754
0.000340503
0.000305662
0.000275858
0.000248346
0.000223663
0.000199939
0.000182075
0.000159444
0.000148265
0.000126785
0.000119783
0.000101313
9.55468e-05
8.14415e-05
7.54478e-05
6.5454e-05
5.9362e-05
5.22604e-05
4.67184e-05
4.13907e-05
0.159372
0.149427
0.14001
0.131103
0.122691
0.114754
0.107274
0.100231
0.0936046
0.0873757
0.0815247
0.0760322
0.0708797
0.0660491
0.061523
0.0572845
0.053317
0.0496051
0.0461329
0.0428868
0.0398528
0.0370188
0.0343724
0.0319024
0.0295977
0.0274481
0.0254441
0.0235762
0.0218369
0.0202175
0.0187112
0.0173101
0.016008
0.0147979
0.0136737
0.0126296
0.0116603
0.0107605
0.00992578
0.00915159
0.00843448
0.00776813
0.00715244
0.00658187
0.00605409
0.00556576
0.00511425
0.00469719
0.00431177
0.00395618
0.00362798
0.00332523
0.00304643
0.00278912
0.00255273
0.00233453
0.00213439
0.00194984
0.00178064
0.00162496
0.00148213
0.00135116
0.0012307
0.00112097
0.00101937
0.000927825
0.000842256
0.000765957
0.000694368
0.000630447
0.000571263
0.000517329
0.000468859
0.00042342
0.000383601
0.000345885
0.000312726
0.000281944
0.000254202
0.000229035
0.000206296
0.000185178
0.000167218
0.000149063
0.000135187
0.000119693
0.000108766
9.60265e-05
8.70087e-05
7.69447e-05
6.92769e-05
6.14651e-05
5.49855e-05
4.88763e-05
4.35291e-05
3.86829e-05
0.139802
0.131162
0.122966
0.115204
0.107864
0.100931
0.0943896
0.0882252
0.0824215
0.0769619
0.0718304
0.0670105
0.0624866
0.0582433
0.0542655
0.0505389
0.0470494
0.0437833
0.0407277
0.0378703
0.0351992
0.0327036
0.0303726
0.0281964
0.0261653
0.0242704
0.0225034
0.0208562
0.0193217
0.0178927
0.0165629
0.0153259
0.0141757
0.0131066
0.0121133
0.0111907
0.0103341
0.00953887
0.00880103
0.00811662
0.00748234
0.00689359
0.00634864
0.00584386
0.00537664
0.00494435
0.00454455
0.00417508
0.00383368
0.00351848
0.00322757
0.00295917
0.00271178
0.00248367
0.0022737
0.00208023
0.00190233
0.0017386
0.00158816
0.00144988
0.0013229
0.00120639
0.00109939
0.00100149
0.00091147
0.000829413
0.00075385
0.000685189
0.000622001
0.000564553
0.000511977
0.000463919
0.000420334
0.000380253
0.000344126
0.000310913
0.000280916
0.000253552
0.000228695
0.000206143
0.000185727
0.000167032
0.000150455
0.000134903
0.000121512
0.000108653
9.7779e-05
8.72922e-05
7.83807e-05
6.99337e-05
6.26074e-05
5.58359e-05
4.98439e-05
4.44094e-05
3.95496e-05
3.51847e-05
0.119492
0.112171
0.105216
0.0986205
0.0923757
0.0864714
0.0808962
0.0756381
0.070684
0.0660209
0.0616354
0.0575142
0.0536442
0.0500126
0.046607
0.0434151
0.0404253
0.0376263
0.035007
0.0325571
0.0302667
0.0281262
0.0261265
0.0242592
0.022516
0.0208894
0.0193721
0.0179575
0.0166392
0.0154114
0.0142685
0.013205
0.012216
0.0112966
0.0104422
0.00964856
0.00891159
0.00822745
0.0075926
0.00700365
0.00645763
0.00595105
0.00548176
0.00504704
0.00464457
0.00427213
0.00392762
0.00360914
0.00331484
0.00304303
0.00279211
0.00256059
0.00234709
0.00215026
0.00196895
0.00180194
0.00164826
0.00150685
0.00137683
0.00125733
0.00114756
0.00104679
0.00095429
0.000869507
0.000791712
0.000720542
0.000655266
0.00059564
0.000541022
0.000491152
0.000445591
0.000403959
0.000366052
0.000331397
0.000299909
0.000271169
0.000245051
0.00022129
0.000199687
0.000180069
0.000162284
0.00014609
0.000131519
0.000118169
0.000106264
9.53079e-05
8.55815e-05
7.66436e-05
6.86959e-05
6.14415e-05
5.49593e-05
4.90882e-05
4.3822e-05
3.90787e-05
3.48192e-05
3.09972e-05
0.098574
0.0925796
0.0868775
0.0814639
0.0763331
0.0714778
0.0668897
0.0625595
0.0584773
0.0546328
0.0510153
0.0476144
0.0444194
0.0414201
0.0386064
0.0359685
0.033497
0.0311826
0.0290165
0.0269902
0.0250954
0.0233243
0.0216695
0.0201239
0.0186808
0.0173339
0.0160774
0.0149056
0.0138134
0.0127959
0.0118486
0.0109669
0.0101469
0.00938451
0.00867596
0.00801771
0.00740642
0.00683892
0.00631225
0.00582362
0.0053705
0.00495017
0.00456061
0.00419972
0.00386553
0.00355623
0.00327008
0.00300549
0.00276095
0.00253506
0.0023265
0.00213403
0.00195649
0.00179281
0.00164198
0.00150305
0.00137516
0.00125747
0.00114924
0.00104974
0.000958328
0.000874385
0.00079733
0.000726659
0.000661844
0.000602477
0.00054808
0.000498314
0.000452772
0.000411144
0.000373112
0.00033837
0.000306687
0.000277768
0.00025143
0.000227427
0.000205582
0.00018571
0.000167642
0.000151225
0.000136329
0.000122792
0.00011055
9.94159e-05
8.93798e-05
8.02526e-05
7.20409e-05
6.45868e-05
5.78817e-05
5.18142e-05
4.63544e-05
4.14293e-05
3.69983e-05
3.30111e-05
2.9427e-05
2.62103e-05
0.0771696
0.0725056
0.0680642
0.0638436
0.0598401
0.056049
0.0524641
0.049079
0.0458861
0.0428778
0.040046
0.0373826
0.0348797
0.0325294
0.030324
0.0282558
0.0263177
0.0245024
0.0228033
0.0212135
0.0197267
0.0183369
0.0170381
0.0158248
0.0146918
0.0136341
0.0126473
0.0117268
0.0108688
0.0100693
0.00932484
0.00863193
0.00798735
0.00738799
0.00683093
0.00631339
0.00583273
0.00538648
0.00497231
0.00458803
0.0042316
0.00390099
0.0035945
0.00331053
0.00304754
0.0028041
0.00257886
0.00237055
0.00217801
0.00200013
0.00183586
0.00168425
0.00154439
0.00141542
0.00129655
0.00118706
0.00108624
0.00099346
0.000908115
0.00082965
0.000757545
0.000691321
0.000630525
0.000574749
0.000523597
0.000476722
0.000433779
0.00039447
0.000358502
0.000325614
0.00029556
0.000268107
0.000243054
0.000220196
0.000199361
0.000180377
0.000163093
0.000147367
0.000133065
0.000120068
0.000108268
9.75521e-05
8.78422e-05
7.90307e-05
7.10612e-05
6.3837e-05
5.73123e-05
5.14074e-05
4.60795e-05
4.12672e-05
3.6929e-05
3.30183e-05
2.94969e-05
2.63281e-05
2.34785e-05
2.09203e-05
0.0553934
0.0520612
0.0488855
0.0458654
0.0429988
0.0402828
0.0377134
0.0352861
0.0329957
0.030837
0.0288043
0.026892
0.0250945
0.0234061
0.0218215
0.0203352
0.0189422
0.0176374
0.0164158
0.0152728
0.0142037
0.0132042
0.0122701
0.0113974
0.0105823
0.0098214
0.00911127
0.00844888
0.00783132
0.00725587
0.00671994
0.00622108
0.00575698
0.00532542
0.00492429
0.00455159
0.00420544
0.00388405
0.00358575
0.00330895
0.0030522
0.00281403
0.00259321
0.0023886
0.00219909
0.00202364
0.0018613
0.00171115
0.00157234
0.00144409
0.00132565
0.00121632
0.00111545
0.00102242
0.000936683
0.000857689
0.000784949
0.000717998
0.000656406
0.000599773
0.000547724
0.000499914
0.000456018
0.00041574
0.000378799
0.000344939
0.000313918
0.000285516
0.000259526
0.000235757
0.000214033
0.000194188
0.000176072
0.000159543
0.000144474
0.000130742
0.000118236
0.000106856
9.65056e-05
8.70975e-05
7.8553e-05
7.0795e-05
6.37599e-05
5.73796e-05
5.16024e-05
4.63697e-05
4.1638e-05
3.73587e-05
3.34938e-05
3.00041e-05
2.68565e-05
2.40189e-05
2.1463e-05
1.91626e-05
1.70933e-05
1.52353e-05
0.0333472
0.0313473
0.0294402
0.0276257
0.0259028
0.0242697
0.0227244
0.021264
0.0198858
0.0185864
0.0173627
0.0162112
0.0151287
0.0141117
0.0131572
0.0122618
0.0114225
0.0106362
0.00990015
0.00921134
0.00856706
0.00796467
0.00740163
0.00687556
0.0063842
0.00592543
0.00549727
0.00509786
0.00472547
0.00437844
0.00405523
0.00375437
0.00347445
0.00321415
0.0029722
0.0027474
0.0025386
0.00234473
0.00216477
0.00199779
0.00184289
0.00169919
0.00156595
0.00144249
0.00132813
0.00122225
0.00112427
0.00103365
0.000949871
0.000872455
0.000800956
0.000734952
0.000674052
0.000617887
0.000566114
0.000518413
0.000474485
0.000434051
0.00039685
0.000362642
0.0003312
0.000302317
0.000275797
0.00025146
0.000229137
0.000208675
0.000189927
0.000172761
0.00015705
0.000142682
0.000129548
0.000117549
0.000106594
9.6599e-05
8.74846e-05
7.91785e-05
7.16138e-05
6.47286e-05
5.8466e-05
5.27731e-05
4.76018e-05
4.29066e-05
3.86476e-05
3.47855e-05
3.1287e-05
2.81188e-05
2.52527e-05
2.2661e-05
2.03195e-05
1.82054e-05
1.6298e-05
1.45783e-05
1.30291e-05
1.16346e-05
1.03801e-05
9.25339e-06
0.0111498
0.0104828
0.00984653
0.00924088
0.00866558
0.00812013
0.00760382
0.00711581
0.00665513
0.00622074
0.00581155
0.00542647
0.00506439
0.00472421
0.00440486
0.00410529
0.00382447
0.0035614
0.00331509
0.00308458
0.00286897
0.00266736
0.00247891
0.00230281
0.00213833
0.00198474
0.00184139
0.00170767
0.00158298
0.00146678
0.00135855
0.00125781
0.00116407
0.00107691
0.000995884
0.0009206
0.000850675
0.000785749
0.000725481
0.000669553
0.000617668
0.000569537
0.000524904
0.000483544
0.000445232
0.00040976
0.000376933
0.00034657
0.000318497
0.000292556
0.000268597
0.000246477
0.000226067
0.000207244
0.000189891
0.000173902
0.000159177
0.000145622
0.00013315
0.000121681
0.000111139
0.000101454
9.25613e-05
8.43997e-05
7.69134e-05
7.00503e-05
6.37619e-05
5.80034e-05
5.27332e-05
4.79126e-05
4.35059e-05
3.94798e-05
3.58038e-05
3.24494e-05
2.93904e-05
2.66025e-05
2.40632e-05
2.17519e-05
1.96493e-05
1.77378e-05
1.60013e-05
1.44246e-05
1.29941e-05
1.16969e-05
1.05217e-05
9.45736e-06
8.49435e-06
7.62348e-06
6.83659e-06
6.12602e-06
5.48488e-06
4.90679e-06
4.38594e-06
3.91705e-06
3.49519e-06
3.11628e-06
4.0159e-05
3.49101e-05
3.10545e-05
2.73659e-05
2.41774e-05
2.13226e-05
1.88024e-05
1.65693e-05
1.45962e-05
1.28536e-05
1.13168e-05
9.96294e-06
8.77162e-06
7.72454e-06
6.80531e-06
5.99926e-06
5.29329e-06
4.67572e-06
4.13613e-06
3.66527e-06
3.25491e-06
2.89779e-06
2.58742e-06
2.31804e-06
2.08458e-06
1.88252e-06
1.7079e-06
1.5572e-06
1.42733e-06
1.31551e-06
1.21941e-06
1.13693e-06
1.06619e-06
1.0058e-06
9.54181e-07
9.10162e-07
8.7267e-07
8.40821e-07
8.13825e-07
7.91036e-07
7.71825e-07
7.55701e-07
7.42231e-07
7.31029e-07
7.21767e-07
7.14172e-07
7.08007e-07
7.03089e-07
6.99257e-07
6.96398e-07
6.9443e-07
6.93304e-07
6.93007e-07
6.93559e-07
6.95012e-07
6.97471e-07
7.01074e-07
7.06038e-07
7.12593e-07
7.21176e-07
7.31758e-07
7.46202e-07
7.61306e-07
7.848e-07
8.04115e-07
8.35226e-07
8.57169e-07
8.83387e-07
9.02558e-07
9.20015e-07
9.33508e-07
9.44167e-07
9.52137e-07
9.57782e-07
9.61622e-07
9.62773e-07
9.64041e-07
9.58944e-07
9.58531e-07
9.34169e-07
9.32413e-07
3.99141e-05
3.46671e-05
3.08114e-05
2.71234e-05
2.39352e-05
2.10805e-05
1.85606e-05
1.63277e-05
1.43548e-05
1.26124e-05
1.10758e-05
9.72207e-06
8.53087e-06
7.48388e-06
6.56473e-06
5.75875e-06
5.05283e-06
4.4353e-06
3.89573e-06
3.42487e-06
3.01453e-06
2.65741e-06
2.34701e-06
2.0776e-06
1.84408e-06
1.64195e-06
1.4672e-06
1.31632e-06
1.1863e-06
1.07433e-06
9.78123e-07
8.95586e-07
8.24826e-07
7.64429e-07
7.12802e-07
6.68779e-07
6.31287e-07
5.99436e-07
5.72441e-07
5.49653e-07
5.30443e-07
5.1432e-07
5.00851e-07
4.8965e-07
4.8039e-07
4.72795e-07
4.66631e-07
4.61714e-07
4.57883e-07
4.55025e-07
4.53057e-07
4.51933e-07
4.51636e-07
4.52189e-07
4.53643e-07
4.56103e-07
4.59707e-07
4.64672e-07
4.71229e-07
4.79814e-07
4.90399e-07
5.04846e-07
5.19954e-07
5.4345e-07
5.62769e-07
5.9388e-07
6.15821e-07
6.42039e-07
6.61206e-07
6.7866e-07
6.9215e-07
7.02806e-07
7.10773e-07
7.16416e-07
7.20255e-07
7.21405e-07
7.22673e-07
7.17589e-07
7.17201e-07
6.94398e-07
6.92492e-07
3.95964e-05
3.43514e-05
3.04956e-05
2.68082e-05
2.36203e-05
2.07661e-05
1.82465e-05
1.60139e-05
1.40412e-05
1.22991e-05
1.07627e-05
9.40917e-06
8.21816e-06
7.17135e-06
6.25237e-06
5.44655e-06
4.74079e-06
4.1234e-06
3.584e-06
3.11331e-06
2.70307e-06
2.3461e-06
2.03586e-06
1.76662e-06
1.53329e-06
1.33139e-06
1.15695e-06
1.00648e-06
8.76822e-07
7.65183e-07
6.69239e-07
5.86864e-07
5.16168e-07
4.55814e-07
4.04222e-07
3.60225e-07
3.22753e-07
2.90918e-07
2.63935e-07
2.41156e-07
2.21954e-07
2.05837e-07
1.92373e-07
1.81175e-07
1.71918e-07
1.64326e-07
1.58163e-07
1.53248e-07
1.49418e-07
1.46561e-07
1.44595e-07
1.43471e-07
1.43175e-07
1.43728e-07
1.45183e-07
1.47644e-07
1.5125e-07
1.56216e-07
1.62774e-07
1.7136e-07
1.81947e-07
1.96396e-07
2.11505e-07
2.35009e-07
2.54325e-07
2.85446e-07
3.0738e-07
3.33598e-07
3.5276e-07
3.70211e-07
3.83698e-07
3.94352e-07
4.02317e-07
4.07958e-07
4.11794e-07
4.12942e-07
4.14202e-07
4.09089e-07
4.08629e-07
3.83167e-07
3.8137e-07
3.94806e-05
3.42377e-05
3.03819e-05
2.66951e-05
2.35075e-05
2.06535e-05
1.81342e-05
1.59018e-05
1.39294e-05
1.21874e-05
1.06511e-05
9.2977e-06
8.10678e-06
7.06004e-06
6.1411e-06
5.33529e-06
4.62953e-06
4.01211e-06
3.47265e-06
3.00185e-06
2.59162e-06
2.23454e-06
1.92418e-06
1.65479e-06
1.42126e-06
1.2191e-06
1.04427e-06
8.93242e-07
7.63091e-07
6.50994e-07
5.54684e-07
4.72088e-07
4.01321e-07
3.40924e-07
2.89299e-07
2.45281e-07
2.07792e-07
1.75947e-07
1.48957e-07
1.26173e-07
1.06967e-07
9.08485e-08
7.7383e-08
6.61852e-08
5.69276e-08
4.93358e-08
4.31739e-08
3.82591e-08
3.44296e-08
3.15728e-08
2.96072e-08
2.8484e-08
2.81888e-08
2.87431e-08
3.0199e-08
3.2661e-08
3.62679e-08
4.12354e-08
4.77955e-08
5.63845e-08
6.69748e-08
8.14263e-08
9.65421e-08
1.20044e-07
1.39367e-07
1.70485e-07
1.92418e-07
2.18638e-07
2.37796e-07
2.55245e-07
2.68728e-07
2.79379e-07
2.87341e-07
2.9298e-07
2.96814e-07
2.97962e-07
2.99229e-07
2.94156e-07
2.93785e-07
2.72629e-07
2.70835e-07
3.94738e-05
3.42331e-05
3.03772e-05
2.6691e-05
2.35037e-05
2.06502e-05
1.81312e-05
1.58991e-05
1.3927e-05
1.21853e-05
1.06493e-05
9.29607e-06
8.10538e-06
7.05886e-06
6.14014e-06
5.33455e-06
4.629e-06
4.01181e-06
3.47258e-06
3.00209e-06
2.59203e-06
2.2352e-06
1.92509e-06
1.65598e-06
1.42279e-06
1.22102e-06
1.04675e-06
8.96519e-07
7.67058e-07
6.55615e-07
5.59837e-07
4.77583e-07
4.06942e-07
3.46626e-07
2.95063e-07
2.51091e-07
2.13638e-07
1.8182e-07
1.5485e-07
1.32081e-07
1.12888e-07
9.67784e-08
8.33198e-08
7.21274e-08
6.28741e-08
5.52855e-08
4.91261e-08
4.42134e-08
4.03855e-08
3.753e-08
3.55656e-08
3.44433e-08
3.4149e-08
3.47041e-08
3.61609e-08
3.86237e-08
4.22315e-08
4.71999e-08
5.37608e-08
6.2351e-08
7.29418e-08
8.73968e-08
1.02509e-07
1.26025e-07
1.45338e-07
1.76475e-07
1.98397e-07
2.24618e-07
2.43768e-07
2.61215e-07
2.74696e-07
2.85345e-07
2.93305e-07
2.98942e-07
3.02773e-07
3.03918e-07
3.05172e-07
3.0004e-07
2.99537e-07
2.72841e-07
2.71162e-07
3.94545e-05
3.42162e-05
3.03601e-05
2.66745e-05
2.34876e-05
2.06343e-05
1.81156e-05
1.58838e-05
1.39118e-05
1.21703e-05
1.06344e-05
9.28127e-06
8.09064e-06
7.04414e-06
6.12542e-06
5.3198e-06
4.6142e-06
3.99693e-06
3.45757e-06
2.9869e-06
2.57672e-06
2.2197e-06
1.90938e-06
1.64001e-06
1.4065e-06
1.20431e-06
1.02945e-06
8.78268e-07
7.47998e-07
6.35769e-07
5.3934e-07
4.56657e-07
3.85871e-07
3.25473e-07
2.7385e-07
2.29835e-07
1.9235e-07
1.60509e-07
1.33524e-07
1.10744e-07
9.15431e-08
7.54284e-08
6.19666e-08
5.07719e-08
4.15173e-08
3.3928e-08
2.77684e-08
2.28557e-08
1.9028e-08
1.61729e-08
1.42089e-08
1.30872e-08
1.27935e-08
1.33494e-08
1.4807e-08
1.7271e-08
2.08801e-08
2.58503e-08
3.24136e-08
4.10066e-08
5.16015e-08
6.60591e-08
8.11801e-08
1.0469e-07
1.24014e-07
1.55143e-07
1.77066e-07
2.03292e-07
2.22438e-07
2.39883e-07
2.53359e-07
2.64004e-07
2.71962e-07
2.77596e-07
2.81427e-07
2.82571e-07
2.83839e-07
2.78777e-07
2.78427e-07
2.58879e-07
2.57124e-07
3.94586e-05
3.42229e-05
3.03666e-05
2.66816e-05
2.3495e-05
2.06421e-05
1.81237e-05
1.58922e-05
1.39206e-05
1.21793e-05
1.06437e-05
9.29085e-06
8.10047e-06
7.05423e-06
6.13576e-06
5.33041e-06
4.62507e-06
4.00807e-06
3.46902e-06
2.99866e-06
2.58877e-06
2.23207e-06
1.9221e-06
1.65312e-06
1.42005e-06
1.21841e-06
1.04427e-06
8.94177e-07
7.64905e-07
6.5366e-07
5.58074e-07
4.75976e-07
4.05408e-07
3.45132e-07
2.93602e-07
2.49655e-07
2.12223e-07
1.80421e-07
1.53465e-07
1.30708e-07
1.11524e-07
9.54221e-08
8.19698e-08
7.07826e-08
6.15336e-08
5.39486e-08
4.77922e-08
4.2882e-08
3.90564e-08
3.62028e-08
3.42402e-08
3.31195e-08
3.28268e-08
3.33835e-08
3.48419e-08
3.73066e-08
4.09164e-08
4.58872e-08
5.2451e-08
6.10446e-08
7.16388e-08
8.61004e-08
1.01214e-07
1.24745e-07
1.44053e-07
1.75209e-07
1.97117e-07
2.23343e-07
2.4248e-07
2.59924e-07
2.73398e-07
2.84042e-07
2.91997e-07
2.9763e-07
3.01457e-07
3.02597e-07
3.03846e-07
2.98695e-07
2.98147e-07
2.70532e-07
2.68889e-07
3.94427e-05
3.42096e-05
3.03531e-05
2.66689e-05
2.34825e-05
2.063e-05
1.81119e-05
1.58807e-05
1.39092e-05
1.21681e-05
1.06325e-05
9.27979e-06
8.08945e-06
7.04322e-06
6.12472e-06
5.3193e-06
4.61387e-06
3.99674e-06
3.4575e-06
2.98695e-06
2.57684e-06
2.21989e-06
1.90961e-06
1.64027e-06
1.40677e-06
1.20458e-06
1.0297e-06
8.78573e-07
7.48204e-07
6.35851e-07
5.39273e-07
4.56463e-07
3.85633e-07
3.25233e-07
2.73609e-07
2.29596e-07
1.92115e-07
1.60277e-07
1.33296e-07
1.10521e-07
9.13236e-08
7.52128e-08
6.17546e-08
5.05632e-08
4.13115e-08
3.37248e-08
2.75675e-08
2.26567e-08
1.88309e-08
1.59775e-08
1.4015e-08
1.28948e-08
1.26027e-08
1.31601e-08
1.46195e-08
1.70853e-08
2.06966e-08
2.56694e-08
3.22358e-08
4.08327e-08
5.14322e-08
6.58958e-08
8.10222e-08
1.04541e-07
1.23867e-07
1.55007e-07
1.76921e-07
2.03151e-07
2.22287e-07
2.39728e-07
2.53197e-07
2.63836e-07
2.71788e-07
2.77418e-07
2.81246e-07
2.82386e-07
2.83654e-07
2.78606e-07
2.78281e-07
2.60099e-07
2.58375e-07
3.94444e-05
3.42142e-05
3.03573e-05
2.66737e-05
2.34877e-05
2.06356e-05
1.81178e-05
1.58868e-05
1.39156e-05
1.21748e-05
1.06396e-05
9.28712e-06
8.09706e-06
7.0511e-06
6.13289e-06
5.32776e-06
4.62263e-06
4.00582e-06
3.46694e-06
2.99673e-06
2.58699e-06
2.23043e-06
1.92059e-06
1.65173e-06
1.41878e-06
1.21726e-06
1.04323e-06
8.93179e-07
7.63966e-07
6.52904e-07
5.57543e-07
4.75647e-07
4.05186e-07
3.44955e-07
2.9346e-07
2.49542e-07
2.12132e-07
1.80349e-07
1.53408e-07
1.30663e-07
1.11489e-07
9.53949e-08
8.19492e-08
7.07675e-08
6.15231e-08
5.39418e-08
4.77887e-08
4.2881e-08
3.90576e-08
3.62061e-08
3.42452e-08
3.31262e-08
3.28351e-08
3.33934e-08
3.48534e-08
3.73198e-08
4.09316e-08
4.59047e-08
5.2471e-08
6.1068e-08
7.16652e-08
8.61334e-08
1.01249e-07
1.24794e-07
1.44099e-07
1.75274e-07
1.97169e-07
2.23399e-07
2.42525e-07
2.59965e-07
2.73431e-07
2.8407e-07
2.92021e-07
2.97649e-07
3.01472e-07
3.02608e-07
3.0385e-07
2.98681e-07
2.98083e-07
2.698e-07
2.68182e-07
3.94303e-05
3.42031e-05
3.03459e-05
2.66631e-05
2.34774e-05
2.06257e-05
1.81082e-05
1.58775e-05
1.39065e-05
1.21658e-05
1.06307e-05
9.27829e-06
8.08826e-06
7.0423e-06
6.12404e-06
5.31883e-06
4.61357e-06
3.99659e-06
3.45749e-06
2.98704e-06
2.57702e-06
2.22014e-06
1.90991e-06
1.64061e-06
1.40713e-06
1.20495e-06
1.03007e-06
8.78992e-07
7.48645e-07
6.36309e-07
5.39552e-07
4.56572e-07
3.85652e-07
3.25245e-07
2.73617e-07
2.29604e-07
1.92124e-07
1.60289e-07
1.33312e-07
1.1054e-07
9.13469e-08
7.52397e-08
6.17849e-08
5.05966e-08
4.13477e-08
3.37636e-08
2.76086e-08
2.26997e-08
1.88758e-08
1.60241e-08
1.40632e-08
1.29446e-08
1.26539e-08
1.32129e-08
1.46739e-08
1.71416e-08
2.0755e-08
2.57304e-08
3.22999e-08
4.09006e-08
5.15045e-08
6.59741e-08
8.11061e-08
1.04633e-07
1.2396e-07
1.55114e-07
1.77018e-07
2.03255e-07
2.22379e-07
2.39817e-07
2.53278e-07
2.63911e-07
2.71858e-07
2.77483e-07
2.81308e-07
2.82445e-07
2.83713e-07
2.78683e-07
2.78387e-07
2.61349e-07
2.59661e-07
3.94296e-05
3.42055e-05
3.03479e-05
2.66657e-05
2.34803e-05
2.0629e-05
1.81117e-05
1.58814e-05
1.39107e-05
1.21703e-05
1.06355e-05
9.28337e-06
8.09363e-06
7.04796e-06
6.13001e-06
5.32512e-06
4.6202e-06
4.00358e-06
3.46487e-06
2.99481e-06
2.58522e-06
2.22879e-06
1.91908e-06
1.65034e-06
1.41751e-06
1.2161e-06
1.04216e-06
8.92157e-07
7.63001e-07
6.5199e-07
5.56751e-07
4.75093e-07
4.04808e-07
3.44628e-07
2.93173e-07
2.49285e-07
2.11901e-07
1.80138e-07
1.53213e-07
1.30482e-07
1.11318e-07
9.52327e-08
8.17941e-08
7.06181e-08
6.13785e-08
5.38012e-08
4.76514e-08
4.27464e-08
3.89255e-08
3.60759e-08
3.41169e-08
3.29996e-08
3.271e-08
3.32698e-08
3.47314e-08
3.71996e-08
4.08132e-08
4.57885e-08
5.23572e-08
6.09572e-08
7.15572e-08
8.60318e-08
1.01148e-07
1.24709e-07
1.44009e-07
1.75204e-07
1.9709e-07
2.23322e-07
2.42436e-07
2.59873e-07
2.73332e-07
2.83966e-07
2.91912e-07
2.97535e-07
3.01355e-07
3.02486e-07
3.03721e-07
2.98532e-07
2.9788e-07
2.69113e-07
2.67507e-07
3.94173e-05
3.41965e-05
3.03386e-05
2.66572e-05
2.34721e-05
2.06212e-05
1.81043e-05
1.58742e-05
1.39037e-05
1.21635e-05
1.06288e-05
9.27675e-06
8.08704e-06
7.04135e-06
6.12333e-06
5.31833e-06
4.61325e-06
3.99642e-06
3.45745e-06
2.98712e-06
2.57719e-06
2.22038e-06
1.91021e-06
1.64095e-06
1.4075e-06
1.20534e-06
1.03048e-06
8.7944e-07
7.49118e-07
6.36804e-07
5.40104e-07
4.56944e-07
3.85834e-07
3.25413e-07
2.73778e-07
2.29763e-07
1.92282e-07
1.60449e-07
1.33474e-07
1.10705e-07
9.15149e-08
7.54111e-08
6.19592e-08
5.0774e-08
4.15278e-08
3.39462e-08
2.77935e-08
2.28865e-08
1.90645e-08
1.62145e-08
1.42552e-08
1.31381e-08
1.28489e-08
1.34094e-08
1.4872e-08
1.73415e-08
2.0957e-08
2.59349e-08
3.25074e-08
4.1112e-08
5.17202e-08
6.61959e-08
8.13337e-08
1.04868e-07
1.24198e-07
1.55365e-07
1.77259e-07
2.03505e-07
2.22617e-07
2.40052e-07
2.53504e-07
2.64132e-07
2.72073e-07
2.77693e-07
2.81515e-07
2.82649e-07
2.83918e-07
2.78909e-07
2.78651e-07
2.62598e-07
2.60959e-07
3.9414e-05
3.41966e-05
3.03381e-05
2.66575e-05
2.34727e-05
2.06221e-05
1.81055e-05
1.58757e-05
1.39056e-05
1.21657e-05
1.06312e-05
9.2795e-06
8.09009e-06
7.04473e-06
6.12704e-06
5.32239e-06
4.61768e-06
4.00126e-06
3.46273e-06
2.99284e-06
2.58339e-06
2.22711e-06
1.91752e-06
1.6489e-06
1.41618e-06
1.21487e-06
1.04102e-06
8.91079e-07
7.61981e-07
6.51019e-07
5.55797e-07
4.7422e-07
4.04255e-07
3.44134e-07
2.92724e-07
2.48871e-07
2.11516e-07
1.79775e-07
1.52868e-07
1.30151e-07
1.10999e-07
9.49233e-08
8.14923e-08
7.03225e-08
6.10881e-08
5.35149e-08
4.73686e-08
4.24664e-08
3.86479e-08
3.58005e-08
3.38433e-08
3.27277e-08
3.24397e-08
3.3001e-08
3.44642e-08
3.6934e-08
4.05494e-08
4.55266e-08
5.20975e-08
6.07004e-08
7.13027e-08
8.57835e-08
1.009e-07
1.24477e-07
1.43773e-07
1.7499e-07
1.96867e-07
2.23101e-07
2.42204e-07
2.59636e-07
2.73089e-07
2.83717e-07
2.91658e-07
2.97277e-07
3.01092e-07
3.02219e-07
3.03446e-07
2.98235e-07
2.9752e-07
2.68381e-07
2.66774e-07
3.94039e-05
3.41902e-05
3.03312e-05
2.66515e-05
2.3467e-05
2.06168e-05
1.81006e-05
1.5871e-05
1.39011e-05
1.21613e-05
1.0627e-05
9.2753e-06
8.0859e-06
7.04048e-06
6.1227e-06
5.31789e-06
4.61299e-06
3.99632e-06
3.45748e-06
2.98725e-06
2.57741e-06
2.22067e-06
1.91056e-06
1.64134e-06
1.40792e-06
1.20578e-06
1.03095e-06
8.79944e-07
7.49647e-07
6.37355e-07
5.4069e-07
4.57518e-07
3.86188e-07
3.25744e-07
2.74098e-07
2.30076e-07
1.9259e-07
1.60758e-07
1.33783e-07
1.11016e-07
9.18292e-08
7.5728e-08
6.22789e-08
5.10965e-08
4.18527e-08
3.42735e-08
2.81231e-08
2.3218e-08
1.93978e-08
1.65494e-08
1.45917e-08
1.34761e-08
1.31884e-08
1.37504e-08
1.52147e-08
1.76859e-08
2.13035e-08
2.62839e-08
3.28594e-08
4.14678e-08
5.20803e-08
6.65622e-08
8.17062e-08
1.05247e-07
1.24579e-07
1.55763e-07
1.77647e-07
2.039e-07
2.23002e-07
2.40434e-07
2.53877e-07
2.64499e-07
2.72434e-07
2.7805e-07
2.81868e-07
2.82999e-07
2.8427e-07
2.79288e-07
2.79076e-07
2.63935e-07
2.62361e-07
3.93943e-05
3.4186e-05
3.03261e-05
2.66475e-05
2.34634e-05
2.06138e-05
1.80981e-05
1.58691e-05
1.38996e-05
1.21604e-05
1.06265e-05
9.27536e-06
8.08649e-06
7.04162e-06
6.12442e-06
5.32023e-06
4.61599e-06
4.00001e-06
3.46192e-06
2.99247e-06
2.58347e-06
2.22764e-06
1.91852e-06
1.65039e-06
1.4182e-06
1.21745e-06
1.04421e-06
8.94913e-07
7.6651e-07
6.56291e-07
5.61849e-07
4.81157e-07
4.12197e-07
3.52346e-07
3.01128e-07
2.57422e-07
2.20182e-07
1.88522e-07
1.6168e-07
1.39012e-07
1.19896e-07
1.0385e-07
9.04402e-08
7.92867e-08
7.00652e-08
6.25017e-08
5.63632e-08
5.14668e-08
4.7653e-08
4.48094e-08
4.28553e-08
4.17422e-08
4.14564e-08
4.20197e-08
4.34846e-08
4.59559e-08
4.95727e-08
5.45511e-08
6.11226e-08
6.97266e-08
8.03264e-08
9.48161e-08
1.09919e-07
1.33539e-07
1.52809e-07
1.84082e-07
2.05941e-07
2.32162e-07
2.51253e-07
2.68679e-07
2.82126e-07
2.9275e-07
3.00687e-07
3.06301e-07
3.10108e-07
3.11227e-07
3.12418e-07
3.07052e-07
3.05977e-07
2.693e-07
2.67644e-07
3.93727e-05
3.41723e-05
3.03112e-05
2.66342e-05
2.34507e-05
2.06018e-05
1.80865e-05
1.58579e-05
1.38887e-05
1.21496e-05
1.06158e-05
9.26458e-06
8.07554e-06
7.0304e-06
6.11282e-06
5.30815e-06
4.60332e-06
3.98666e-06
3.44779e-06
2.97747e-06
2.56749e-06
2.21056e-06
1.90021e-06
1.63071e-06
1.39695e-06
1.19443e-06
1.01917e-06
8.67681e-07
7.36845e-07
6.23963e-07
5.26657e-07
4.42733e-07
3.70098e-07
3.09314e-07
2.57458e-07
2.13274e-07
1.75666e-07
1.43757e-07
1.16722e-07
9.39156e-08
7.47017e-08
5.85807e-08
4.51204e-08
3.39304e-08
2.46819e-08
1.71009e-08
1.09498e-08
6.04471e-09
2.22562e-09
-6.21376e-10
-2.57728e-09
-3.69092e-09
-3.97635e-09
-3.41179e-09
-1.94446e-09
5.3051e-10
4.15266e-09
9.13914e-09
1.57228e-08
2.43412e-08
3.4969e-08
4.946e-08
6.46374e-08
8.81572e-08
1.07519e-07
1.38699e-07
1.60574e-07
1.86863e-07
2.05944e-07
2.23376e-07
2.36798e-07
2.47404e-07
2.55325e-07
2.60931e-07
2.64748e-07
2.65878e-07
2.67189e-07
2.62438e-07
2.62703e-07
2.57215e-07
2.55908e-07
3.93653e-05
3.41734e-05
3.03111e-05
2.66361e-05
2.34534e-05
2.06057e-05
1.80914e-05
1.58638e-05
1.38956e-05
1.21574e-05
1.06247e-05
9.2744e-06
8.08636e-06
7.04225e-06
6.12573e-06
5.32216e-06
4.61848e-06
4.00301e-06
3.46537e-06
2.99633e-06
2.58771e-06
2.23222e-06
1.9234e-06
1.65555e-06
1.42358e-06
1.22302e-06
1.04991e-06
9.00734e-07
7.7242e-07
6.62259e-07
5.67862e-07
4.87202e-07
4.18719e-07
3.59119e-07
3.08043e-07
2.64467e-07
2.27327e-07
1.95736e-07
1.68955e-07
1.46331e-07
1.2725e-07
1.11233e-07
9.78442e-08
8.67081e-08
7.75006e-08
6.99477e-08
6.38182e-08
5.89287e-08
5.51208e-08
5.22821e-08
5.03321e-08
4.92227e-08
4.894e-08
4.95063e-08
5.09739e-08
5.34479e-08
5.70671e-08
6.20482e-08
6.8622e-08
7.72296e-08
8.78289e-08
1.02332e-07
1.17425e-07
1.41091e-07
1.60344e-07
1.91681e-07
2.13527e-07
2.39733e-07
2.5881e-07
2.76225e-07
2.8966e-07
3.00276e-07
3.08203e-07
3.13809e-07
3.17606e-07
3.18715e-07
3.1988e-07
3.14424e-07
3.13109e-07
2.75034e-07
2.7321e-07
3.93372e-05
3.41541e-05
3.02898e-05
2.66163e-05
2.34337e-05
2.05864e-05
1.80722e-05
1.58446e-05
1.38763e-05
1.21381e-05
1.0605e-05
9.25432e-06
8.0658e-06
7.02111e-06
6.10391e-06
5.29957e-06
4.59502e-06
3.97859e-06
3.43991e-06
2.96975e-06
2.5599e-06
2.20308e-06
1.89282e-06
1.62339e-06
1.38971e-06
1.18727e-06
1.0121e-06
8.60696e-07
7.29945e-07
6.17153e-07
5.19929e-07
4.36099e-07
3.63253e-07
3.02281e-07
2.5036e-07
2.06102e-07
1.68448e-07
1.36516e-07
1.09458e-07
8.66443e-08
6.7425e-08
5.13007e-08
3.78421e-08
2.66534e-08
1.74072e-08
9.82949e-09
3.68143e-09
-1.22063e-09
-5.03652e-09
-7.88058e-09
-9.83354e-09
-1.09443e-08
-1.12269e-08
-1.06595e-08
-9.18894e-09
-6.71042e-09
-3.08408e-09
1.90763e-09
8.49807e-09
1.71251e-08
2.77634e-08
4.22666e-08
5.74647e-08
8.09873e-08
1.00361e-07
1.31571e-07
1.53426e-07
1.79747e-07
1.98804e-07
2.16233e-07
2.29634e-07
2.40224e-07
2.48131e-07
2.53725e-07
2.57538e-07
2.58663e-07
2.59988e-07
2.55352e-07
2.55834e-07
2.52756e-07
2.51743e-07
3.9333e-05
3.41598e-05
3.02944e-05
2.66234e-05
2.34421e-05
2.05964e-05
1.80837e-05
1.58576e-05
1.38907e-05
1.21538e-05
1.0622e-05
9.27277e-06
8.08562e-06
7.04231e-06
6.12651e-06
5.3236e-06
4.6205e-06
4.00556e-06
3.46841e-06
2.99982e-06
2.59159e-06
2.23646e-06
1.92796e-06
1.66038e-06
1.42866e-06
1.22829e-06
1.05533e-06
9.06277e-07
7.78062e-07
6.67974e-07
5.73636e-07
4.93e-07
4.24625e-07
3.65347e-07
3.14411e-07
2.70989e-07
2.33954e-07
2.02444e-07
1.75733e-07
1.53154e-07
1.34113e-07
1.18128e-07
1.04761e-07
9.36446e-08
8.44522e-08
7.69108e-08
7.07911e-08
6.59088e-08
6.21072e-08
5.92737e-08
5.7328e-08
5.62222e-08
5.59428e-08
5.65119e-08
5.7982e-08
6.04584e-08
6.40796e-08
6.90629e-08
7.56378e-08
8.42482e-08
9.48445e-08
1.09362e-07
1.24442e-07
1.48158e-07
1.67392e-07
1.98799e-07
2.20635e-07
2.46825e-07
2.65887e-07
2.83292e-07
2.96715e-07
3.07323e-07
3.15241e-07
3.20838e-07
3.24625e-07
3.25724e-07
3.26861e-07
3.21309e-07
3.19727e-07
2.80432e-07
2.78396e-07
3.93001e-05
3.41362e-05
3.02682e-05
2.65982e-05
2.34166e-05
2.05709e-05
1.80579e-05
1.58314e-05
1.3864e-05
1.21265e-05
1.05942e-05
9.24414e-06
8.05614e-06
7.01191e-06
6.09511e-06
5.2911e-06
4.58683e-06
3.97064e-06
3.43216e-06
2.96216e-06
2.55245e-06
2.19574e-06
1.88557e-06
1.61623e-06
1.38262e-06
1.18027e-06
1.0052e-06
8.53877e-07
7.2321e-07
6.10503e-07
5.1336e-07
4.29632e-07
3.5701e-07
2.95762e-07
2.43784e-07
1.99425e-07
1.61728e-07
1.29759e-07
1.02671e-07
7.98495e-08
6.06206e-08
4.44912e-08
3.10339e-08
1.98449e-08
1.06008e-08
3.02603e-09
-3.11945e-09
-8.01845e-09
-1.18313e-08
-1.46724e-08
-1.66226e-08
-1.77305e-08
-1.80103e-08
-1.744e-08
-1.59664e-08
-1.34845e-08
-9.85393e-09
-4.85719e-09
1.74004e-09
1.0376e-08
2.10248e-08
3.55403e-08
5.07618e-08
7.42835e-08
9.36709e-08
1.24913e-07
1.46749e-07
1.73109e-07
1.92139e-07
2.09568e-07
2.22945e-07
2.3352e-07
2.41411e-07
2.46993e-07
2.50802e-07
2.51921e-07
2.53262e-07
2.48756e-07
2.49489e-07
2.48516e-07
2.47829e-07
3.92983e-05
3.41458e-05
3.02768e-05
2.66101e-05
2.34302e-05
2.05865e-05
1.80754e-05
1.58508e-05
1.38853e-05
1.21496e-05
1.0619e-05
9.27077e-06
8.08453e-06
7.04205e-06
6.127e-06
5.32475e-06
4.62226e-06
4.00788e-06
3.47123e-06
3.00309e-06
2.59527e-06
2.2405e-06
1.93233e-06
1.66503e-06
1.43355e-06
1.23338e-06
1.06057e-06
9.11649e-07
7.8354e-07
6.73533e-07
5.79258e-07
4.9864e-07
4.2989e-07
3.71037e-07
3.20245e-07
2.77011e-07
2.40077e-07
2.08666e-07
1.82039e-07
1.59504e-07
1.4051e-07
1.2456e-07
1.11218e-07
1.00123e-07
9.09466e-08
8.34179e-08
7.73091e-08
7.24344e-08
6.86396e-08
6.58114e-08
6.38703e-08
6.27682e-08
6.24919e-08
6.30639e-08
6.45362e-08
6.70147e-08
7.06374e-08
7.56222e-08
8.21971e-08
9.0809e-08
1.01399e-07
1.15932e-07
1.30993e-07
1.54767e-07
1.73981e-07
2.05465e-07
2.27294e-07
2.53464e-07
2.72513e-07
2.89907e-07
3.03317e-07
3.13917e-07
3.21827e-07
3.27415e-07
3.31193e-07
3.32281e-07
3.33388e-07
3.27729e-07
3.25847e-07
2.85683e-07
2.83408e-07
3.9277e-05
3.41302e-05
3.02594e-05
2.65931e-05
2.34127e-05
2.05688e-05
1.80573e-05
1.58323e-05
1.38663e-05
1.21301e-05
1.05989e-05
9.25001e-06
8.0631e-06
7.0199e-06
6.1041e-06
5.30106e-06
4.59774e-06
3.98248e-06
3.44492e-06
2.97583e-06
2.56703e-06
2.21124e-06
1.902e-06
1.63361e-06
1.40098e-06
1.19963e-06
1.0256e-06
8.75383e-07
7.45883e-07
6.34404e-07
5.38561e-07
4.56257e-07
3.85756e-07
3.25359e-07
2.73843e-07
2.29902e-07
1.92519e-07
1.60762e-07
1.33852e-07
1.11154e-07
9.20183e-08
7.59643e-08
6.25569e-08
5.14078e-08
4.21944e-08
3.4641e-08
2.85126e-08
2.3626e-08
1.98225e-08
1.69888e-08
1.50441e-08
1.39404e-08
1.36637e-08
1.42363e-08
1.5711e-08
1.81932e-08
2.18227e-08
2.6817e-08
3.34084e-08
4.20392e-08
5.26689e-08
6.71985e-08
8.23652e-08
1.05994e-07
1.25315e-07
1.56681e-07
1.78502e-07
2.04806e-07
2.23829e-07
2.41244e-07
2.54621e-07
2.65197e-07
2.73087e-07
2.78664e-07
2.82457e-07
2.8356e-07
2.84808e-07
2.79882e-07
2.79633e-07
2.62469e-07
2.61281e-07
3.9275e-05
3.41299e-05
3.02588e-05
2.65929e-05
2.34127e-05
2.05691e-05
1.80578e-05
1.5833e-05
1.38672e-05
1.21312e-05
1.06002e-05
9.25151e-06
8.06481e-06
7.02183e-06
6.10624e-06
5.30343e-06
4.60033e-06
3.9853e-06
3.44797e-06
2.97912e-06
2.57056e-06
2.21502e-06
1.90604e-06
1.63791e-06
1.40556e-06
1.20449e-06
1.03075e-06
8.80837e-07
7.5166e-07
6.40521e-07
5.45037e-07
4.63117e-07
3.93012e-07
3.32967e-07
2.8165e-07
2.37892e-07
2.00625e-07
1.6896e-07
1.42124e-07
1.1947e-07
1.00372e-07
8.43462e-08
7.09571e-08
5.98232e-08
5.06203e-08
4.30741e-08
3.69516e-08
3.20688e-08
2.82682e-08
2.54364e-08
2.34931e-08
2.23902e-08
2.2114e-08
2.26868e-08
2.41613e-08
2.6643e-08
3.02711e-08
3.52634e-08
4.18511e-08
5.04779e-08
6.1098e-08
7.56302e-08
9.07712e-08
1.14439e-07
1.33734e-07
1.65137e-07
1.86959e-07
2.13231e-07
2.32257e-07
2.49666e-07
2.63049e-07
2.73629e-07
2.81523e-07
2.87101e-07
2.90889e-07
2.91987e-07
2.932e-07
2.88096e-07
2.87434e-07
2.65417e-07
2.64017e-07
3.92725e-05
3.41288e-05
3.02574e-05
2.65917e-05
2.34116e-05
2.0568e-05
1.80567e-05
1.5832e-05
1.38661e-05
1.21301e-05
1.05991e-05
9.25041e-06
8.06365e-06
7.02059e-06
6.10492e-06
5.302e-06
4.59878e-06
3.98362e-06
3.44615e-06
2.97714e-06
2.56842e-06
2.21269e-06
1.90352e-06
1.63518e-06
1.4026e-06
1.20131e-06
1.02732e-06
8.7714e-07
7.47677e-07
6.36234e-07
5.40424e-07
4.58153e-07
3.87683e-07
3.27303e-07
2.75781e-07
2.31813e-07
1.94414e-07
1.62641e-07
1.3572e-07
1.13016e-07
9.38749e-08
7.7818e-08
6.44083e-08
5.32575e-08
4.40436e-08
3.64896e-08
3.0361e-08
2.54745e-08
2.16711e-08
1.88376e-08
1.68931e-08
1.57896e-08
1.55132e-08
1.60861e-08
1.75613e-08
2.0044e-08
2.36741e-08
2.86691e-08
3.52616e-08
4.38939e-08
5.45257e-08
6.90568e-08
8.42285e-08
1.07853e-07
1.27178e-07
1.58547e-07
1.80366e-07
2.06678e-07
2.25697e-07
2.43112e-07
2.56486e-07
2.67059e-07
2.74947e-07
2.80522e-07
2.84316e-07
2.85418e-07
2.86672e-07
2.8178e-07
2.81602e-07
2.63946e-07
2.62714e-07
3.927e-05
3.41278e-05
3.02561e-05
2.65907e-05
2.34107e-05
2.05672e-05
1.8056e-05
1.58314e-05
1.38656e-05
1.21297e-05
1.05988e-05
9.2502e-06
8.06354e-06
7.02059e-06
6.10502e-06
5.30221e-06
4.59912e-06
3.98408e-06
3.44675e-06
2.97788e-06
2.56931e-06
2.21375e-06
1.90475e-06
1.63659e-06
1.40421e-06
1.20312e-06
1.02935e-06
8.79411e-07
7.50204e-07
6.39034e-07
5.43519e-07
4.61567e-07
3.91429e-07
3.31359e-07
2.80052e-07
2.36302e-07
1.9906e-07
1.67425e-07
1.40612e-07
1.17972e-07
9.88887e-08
8.28712e-08
6.94894e-08
5.83611e-08
4.91619e-08
4.16189e-08
3.54988e-08
3.06176e-08
2.68184e-08
2.39876e-08
2.20452e-08
2.09429e-08
2.06671e-08
2.12403e-08
2.2715e-08
2.51968e-08
2.88248e-08
3.38168e-08
4.04039e-08
4.90299e-08
5.96473e-08
7.41817e-08
8.93159e-08
1.12998e-07
1.32285e-07
1.63704e-07
1.85526e-07
2.1179e-07
2.30815e-07
2.48223e-07
2.61605e-07
2.72185e-07
2.80078e-07
2.85655e-07
2.89441e-07
2.90537e-07
2.91739e-07
2.86591e-07
2.85873e-07
2.6466e-07
2.63321e-07
3.92674e-05
3.41268e-05
3.02548e-05
2.65897e-05
2.34097e-05
2.05664e-05
1.80553e-05
1.58307e-05
1.38651e-05
1.21292e-05
1.05984e-05
9.24979e-06
8.06316e-06
7.02022e-06
6.10466e-06
5.30185e-06
4.59874e-06
3.98368e-06
3.4463e-06
2.97739e-06
2.56875e-06
2.2131e-06
1.90401e-06
1.63575e-06
1.40324e-06
1.20202e-06
1.02809e-06
8.77978e-07
7.48577e-07
6.37195e-07
5.41443e-07
4.59231e-07
3.88816e-07
3.28483e-07
2.76977e-07
2.33024e-07
1.95619e-07
1.63841e-07
1.36905e-07
1.14183e-07
9.50283e-08
7.89644e-08
6.55484e-08
5.43929e-08
4.51768e-08
3.76208e-08
3.14909e-08
2.66038e-08
2.27998e-08
1.99663e-08
1.80217e-08
1.69184e-08
1.66423e-08
1.72155e-08
1.86911e-08
2.11744e-08
2.48055e-08
2.98018e-08
3.6396e-08
4.5031e-08
5.5667e-08
7.01991e-08
8.53811e-08
1.08994e-07
1.28329e-07
1.59693e-07
1.81509e-07
2.07836e-07
2.2685e-07
2.44267e-07
2.57636e-07
2.68206e-07
2.7609e-07
2.81663e-07
2.85458e-07
2.86561e-07
2.87828e-07
2.83e-07
2.8283e-07
2.6444e-07
2.63165e-07
3.92649e-05
3.41257e-05
3.02535e-05
2.65887e-05
2.34088e-05
2.05656e-05
1.80546e-05
1.58301e-05
1.38645e-05
1.21287e-05
1.05979e-05
9.24938e-06
8.0628e-06
7.01991e-06
6.10439e-06
5.30163e-06
4.59856e-06
3.98355e-06
3.44622e-06
2.97736e-06
2.56878e-06
2.2132e-06
1.90419e-06
1.63601e-06
1.4036e-06
1.20248e-06
1.02868e-06
8.78704e-07
7.49458e-07
6.38248e-07
5.4269e-07
4.60693e-07
3.90509e-07
3.30399e-07
2.79077e-07
2.35311e-07
1.98068e-07
1.66436e-07
1.39635e-07
1.17007e-07
9.79446e-08
8.1941e-08
6.85718e-08
5.74531e-08
4.82594e-08
4.07215e-08
3.4605e-08
2.97263e-08
2.59293e-08
2.30998e-08
2.11586e-08
2.0057e-08
1.97818e-08
2.03554e-08
2.18302e-08
2.43118e-08
2.79393e-08
3.29304e-08
3.9516e-08
4.81399e-08
5.87517e-08
7.32889e-08
8.84097e-08
1.12116e-07
1.31389e-07
1.62833e-07
1.84654e-07
2.10902e-07
2.29928e-07
2.47331e-07
2.60715e-07
2.71295e-07
2.7919e-07
2.84766e-07
2.88549e-07
2.89642e-07
2.90824e-07
2.8563e-07
2.84936e-07
2.64538e-07
2.6324e-07
3.92624e-05
3.41247e-05
3.02523e-05
2.65876e-05
2.34078e-05
2.05647e-05
1.80538e-05
1.58294e-05
1.38639e-05
1.21282e-05
1.05975e-05
9.24899e-06
8.06245e-06
7.01961e-06
6.10412e-06
5.30139e-06
4.59835e-06
3.98336e-06
3.44605e-06
2.9772e-06
2.56862e-06
2.21304e-06
1.90401e-06
1.6358e-06
1.40336e-06
1.20219e-06
1.02833e-06
8.78269e-07
7.48928e-07
6.37604e-07
5.41912e-07
4.5976e-07
3.89404e-07
3.29124e-07
2.7765e-07
2.33728e-07
1.96343e-07
1.64579e-07
1.3765e-07
1.14926e-07
9.5768e-08
7.96939e-08
6.62652e-08
5.50999e-08
4.58793e-08
3.83186e-08
3.2186e-08
2.72971e-08
2.34917e-08
2.06576e-08
1.87126e-08
1.76092e-08
1.73333e-08
1.79068e-08
1.9383e-08
2.18672e-08
2.54997e-08
3.04981e-08
3.70951e-08
4.57344e-08
5.63784e-08
7.09108e-08
8.61116e-08
1.09701e-07
1.29055e-07
1.60402e-07
1.82214e-07
2.08569e-07
2.27575e-07
2.44997e-07
2.58358e-07
2.68923e-07
2.768e-07
2.82371e-07
2.86169e-07
2.87274e-07
2.88567e-07
2.83762e-07
2.83536e-07
2.64565e-07
2.63276e-07
3.92598e-05
3.41237e-05
3.02509e-05
2.65866e-05
2.34069e-05
2.05639e-05
1.80531e-05
1.58287e-05
1.38633e-05
1.21277e-05
1.0597e-05
9.24859e-06
8.0621e-06
7.0193e-06
6.10385e-06
5.30115e-06
4.59814e-06
3.98317e-06
3.44589e-06
2.97706e-06
2.5685e-06
2.21294e-06
1.90393e-06
1.63575e-06
1.40334e-06
1.20221e-06
1.02839e-06
8.78393e-07
7.49121e-07
6.3788e-07
5.42287e-07
4.60252e-07
3.90027e-07
3.29881e-07
2.78534e-07
2.34743e-07
1.97483e-07
1.65838e-07
1.39027e-07
1.16399e-07
9.73367e-08
8.13412e-08
6.7979e-08
5.68743e-08
4.76892e-08
4.01599e-08
3.40489e-08
2.91743e-08
2.53807e-08
2.25531e-08
2.06135e-08
1.9513e-08
1.92385e-08
1.98123e-08
2.12871e-08
2.37682e-08
2.73945e-08
3.23836e-08
3.89664e-08
4.75859e-08
5.81873e-08
7.27282e-08
8.78271e-08
1.11571e-07
1.30817e-07
1.62302e-07
1.84124e-07
2.10338e-07
2.2937e-07
2.46765e-07
2.60155e-07
2.70738e-07
2.78637e-07
2.84214e-07
2.8799e-07
2.89078e-07
2.90237e-07
2.85055e-07
2.8443e-07
2.64595e-07
2.6331e-07
3.92573e-05
3.41227e-05
3.02496e-05
2.65856e-05
2.34059e-05
2.05631e-05
1.80523e-05
1.58281e-05
1.38627e-05
1.21272e-05
1.05966e-05
9.24819e-06
8.06175e-06
7.01899e-06
6.10358e-06
5.30091e-06
4.59793e-06
3.98299e-06
3.44573e-06
2.97692e-06
2.56838e-06
2.21283e-06
1.90384e-06
1.63567e-06
1.40326e-06
1.20213e-06
1.0283e-06
8.78287e-07
7.48988e-07
6.37708e-07
5.42061e-07
4.59957e-07
3.89649e-07
3.29413e-07
2.77975e-07
2.34088e-07
1.9673e-07
1.64989e-07
1.38081e-07
1.15367e-07
9.62197e-08
8.01489e-08
6.67208e-08
5.5554e-08
4.6327e-08
3.87583e-08
3.26206e-08
2.77277e-08
2.39192e-08
2.1084e-08
1.91379e-08
1.8034e-08
1.77581e-08
1.8332e-08
1.98088e-08
2.22947e-08
2.59293e-08
3.09314e-08
3.75327e-08
4.61793e-08
5.68365e-08
7.13685e-08
8.65801e-08
1.10147e-07
1.29523e-07
1.60846e-07
1.82654e-07
2.09045e-07
2.28047e-07
2.45469e-07
2.58826e-07
2.69386e-07
2.77254e-07
2.82821e-07
2.86626e-07
2.87732e-07
2.89034e-07
2.842e-07
2.83894e-07
2.64628e-07
2.63345e-07
3.92547e-05
3.41217e-05
3.02483e-05
2.65846e-05
2.3405e-05
2.05622e-05
1.80516e-05
1.58274e-05
1.38622e-05
1.21267e-05
1.05961e-05
9.24779e-06
8.0614e-06
7.01868e-06
6.10331e-06
5.30067e-06
4.59772e-06
3.98281e-06
3.44556e-06
2.97678e-06
2.56825e-06
2.21272e-06
1.90374e-06
1.63559e-06
1.40319e-06
1.20207e-06
1.02826e-06
8.78255e-07
7.48976e-07
6.37723e-07
5.42113e-07
4.60055e-07
3.89804e-07
3.29633e-07
2.78263e-07
2.3445e-07
1.9717e-07
1.65508e-07
1.38681e-07
1.16043e-07
9.69719e-08
8.0972e-08
6.76074e-08
5.6502e-08
4.7322e-08
3.97967e-08
3.36922e-08
2.88247e-08
2.50367e-08
2.22117e-08
2.02745e-08
1.91759e-08
1.89021e-08
1.94763e-08
2.09509e-08
2.34304e-08
2.70548e-08
3.20396e-08
3.86176e-08
4.723e-08
5.78267e-08
7.23702e-08
8.74679e-08
1.11224e-07
1.3046e-07
1.61976e-07
1.83801e-07
2.09989e-07
2.29018e-07
2.46412e-07
2.59801e-07
2.70384e-07
2.78281e-07
2.83859e-07
2.87633e-07
2.88719e-07
2.89879e-07
2.84747e-07
2.84197e-07
2.64661e-07
2.63381e-07
3.92521e-05
3.41207e-05
3.0247e-05
2.65835e-05
2.3404e-05
2.05614e-05
1.80508e-05
1.58268e-05
1.38616e-05
1.21261e-05
1.05956e-05
9.24739e-06
8.06104e-06
7.01836e-06
6.10303e-06
5.30043e-06
4.59751e-06
3.98262e-06
3.4454e-06
2.97663e-06
2.56813e-06
2.21262e-06
1.90365e-06
1.63551e-06
1.40312e-06
1.20201e-06
1.0282e-06
8.78208e-07
7.48932e-07
6.37676e-07
5.42057e-07
4.59982e-07
3.89706e-07
3.29501e-07
2.78092e-07
2.34233e-07
1.96901e-07
1.65184e-07
1.38297e-07
1.156e-07
9.64686e-08
8.04093e-08
6.699e-08
5.58302e-08
4.66051e-08
3.90375e-08
3.28978e-08
2.8003e-08
2.41896e-08
2.13522e-08
1.94042e-08
1.82986e-08
1.80226e-08
1.85968e-08
2.00747e-08
2.25634e-08
2.62012e-08
3.12094e-08
3.78162e-08
4.64645e-08
5.7122e-08
7.1656e-08
8.68606e-08
1.10436e-07
1.29811e-07
1.61134e-07
1.82934e-07
2.09341e-07
2.28343e-07
2.45763e-07
2.59119e-07
2.69677e-07
2.77547e-07
2.83111e-07
2.86914e-07
2.88019e-07
2.89309e-07
2.84423e-07
2.84046e-07
2.64694e-07
2.63416e-07
3.92496e-05
3.41196e-05
3.02457e-05
2.65825e-05
2.3403e-05
2.05605e-05
1.80501e-05
1.58261e-05
1.3861e-05
1.21256e-05
1.05952e-05
9.24698e-06
8.06069e-06
7.01805e-06
6.10276e-06
5.30019e-06
4.5973e-06
3.98244e-06
3.44524e-06
2.97649e-06
2.568e-06
2.21251e-06
1.90355e-06
1.63542e-06
1.40305e-06
1.20195e-06
1.02815e-06
8.78161e-07
7.48891e-07
6.37643e-07
5.42032e-07
4.5997e-07
3.8971e-07
3.29527e-07
2.78145e-07
2.34317e-07
1.97023e-07
1.65347e-07
1.38506e-07
1.15856e-07
9.6773e-08
8.07638e-08
6.73919e-08
5.62802e-08
4.70975e-08
3.957e-08
3.34659e-08
2.85998e-08
2.48134e-08
2.19918e-08
2.00573e-08
1.89618e-08
1.8689e-08
1.92635e-08
2.07375e-08
2.32141e-08
2.68358e-08
3.18196e-08
3.83953e-08
4.70098e-08
5.76109e-08
7.2155e-08
8.72657e-08
1.11009e-07
1.30255e-07
1.6177e-07
1.83598e-07
2.09792e-07
2.28815e-07
2.46212e-07
2.59594e-07
2.70174e-07
2.78066e-07
2.83642e-07
2.87418e-07
2.88504e-07
2.89681e-07
2.84607e-07
2.84115e-07
2.64727e-07
2.63452e-07
3.9247e-05
3.41186e-05
3.02444e-05
2.65815e-05
2.34021e-05
2.05597e-05
1.80493e-05
1.58254e-05
1.38604e-05
1.21251e-05
1.05947e-05
9.24658e-06
8.06033e-06
7.01774e-06
6.10248e-06
5.29995e-06
4.59708e-06
3.98225e-06
3.44508e-06
2.97635e-06
2.56788e-06
2.2124e-06
1.90346e-06
1.63534e-06
1.40298e-06
1.20188e-06
1.0281e-06
8.78115e-07
7.48851e-07
6.37608e-07
5.42003e-07
4.59943e-07
3.89682e-07
3.29495e-07
2.78103e-07
2.34263e-07
1.9695e-07
1.65251e-07
1.38382e-07
1.15701e-07
9.65847e-08
8.05389e-08
6.71308e-08
5.59811e-08
4.6763e-08
3.92014e-08
3.30654e-08
2.81728e-08
2.43612e-08
2.15229e-08
1.95741e-08
1.84688e-08
1.81925e-08
1.87671e-08
2.02463e-08
2.27354e-08
2.63751e-08
3.13833e-08
3.79899e-08
4.66354e-08
5.72861e-08
7.18233e-08
8.70123e-08
1.10615e-07
1.29973e-07
1.61323e-07
1.83119e-07
2.09512e-07
2.28515e-07
2.45931e-07
2.59289e-07
2.69848e-07
2.7772e-07
2.83284e-07
2.87083e-07
2.88185e-07
2.89454e-07
2.84518e-07
2.84093e-07
2.64759e-07
2.63487e-07
3.92444e-05
3.41176e-05
3.02431e-05
2.65804e-05
2.34011e-05
2.05589e-05
1.80486e-05
1.58248e-05
1.38598e-05
1.21246e-05
1.05943e-05
9.24618e-06
8.05998e-06
7.01742e-06
6.10221e-06
5.29971e-06
4.59687e-06
3.98206e-06
3.44491e-06
2.97621e-06
2.56776e-06
2.21229e-06
1.90337e-06
1.63526e-06
1.40291e-06
1.20182e-06
1.02804e-06
8.78068e-07
7.48811e-07
6.37574e-07
5.41972e-07
4.59917e-07
3.8966e-07
3.29478e-07
2.78093e-07
2.34262e-07
1.96961e-07
1.65277e-07
1.38428e-07
1.15769e-07
9.66773e-08
8.06592e-08
6.72796e-08
5.61604e-08
4.69722e-08
3.94397e-08
3.33321e-08
2.84638e-08
2.46756e-08
2.18542e-08
1.992e-08
1.88245e-08
1.85524e-08
1.91273e-08
2.06011e-08
2.30785e-08
2.67007e-08
3.16868e-08
3.82655e-08
4.6885e-08
5.74947e-08
7.20389e-08
8.71666e-08
1.10887e-07
1.30152e-07
1.61649e-07
1.83475e-07
2.09696e-07
2.28713e-07
2.46113e-07
2.59489e-07
2.70063e-07
2.7795e-07
2.83522e-07
2.87302e-07
2.8839e-07
2.89586e-07
2.84561e-07
2.841e-07
2.64792e-07
2.63523e-07
3.92418e-05
3.41166e-05
3.02418e-05
2.65794e-05
2.34001e-05
2.0558e-05
1.80478e-05
1.58241e-05
1.38592e-05
1.21241e-05
1.05938e-05
9.24577e-06
8.05962e-06
7.01711e-06
6.10193e-06
5.29946e-06
4.59666e-06
3.98188e-06
3.44475e-06
2.97606e-06
2.56763e-06
2.21218e-06
1.90327e-06
1.63518e-06
1.40283e-06
1.20176e-06
1.02799e-06
8.78022e-07
7.48771e-07
6.37539e-07
5.41942e-07
4.59891e-07
3.89638e-07
3.29459e-07
2.78076e-07
2.34245e-07
1.96943e-07
1.65255e-07
1.38398e-07
1.15729e-07
9.66233e-08
8.05887e-08
6.71907e-08
5.60506e-08
4.68406e-08
3.92863e-08
3.31563e-08
2.82681e-08
2.44605e-08
2.16241e-08
1.9677e-08
1.8573e-08
1.82971e-08
1.88721e-08
2.03514e-08
2.28397e-08
2.64782e-08
3.14839e-08
3.80869e-08
4.6728e-08
5.73699e-08
7.19105e-08
8.70836e-08
1.10717e-07
1.30055e-07
1.6144e-07
1.83237e-07
2.09602e-07
2.28606e-07
2.46018e-07
2.59378e-07
2.69939e-07
2.77813e-07
2.83378e-07
2.87171e-07
2.88269e-07
2.89518e-07
2.84549e-07
2.84102e-07
2.64824e-07
2.63558e-07
3.92392e-05
3.41156e-05
3.02404e-05
2.65784e-05
2.33992e-05
2.05572e-05
1.80471e-05
1.58235e-05
1.38586e-05
1.21235e-05
1.05934e-05
9.24536e-06
8.05926e-06
7.0168e-06
6.10165e-06
5.29922e-06
4.59645e-06
3.98169e-06
3.44459e-06
2.97592e-06
2.56751e-06
2.21207e-06
1.90318e-06
1.63509e-06
1.40276e-06
1.2017e-06
1.02794e-06
8.77975e-07
7.4873e-07
6.37504e-07
5.41912e-07
4.59865e-07
3.89615e-07
3.2944e-07
2.7806e-07
2.34231e-07
1.96932e-07
1.65247e-07
1.38396e-07
1.15733e-07
9.6637e-08
8.06136e-08
6.72286e-08
5.61036e-08
4.69101e-08
3.93727e-08
3.32607e-08
2.8389e-08
2.45977e-08
2.17747e-08
1.98392e-08
1.8743e-08
1.84709e-08
1.90462e-08
2.05207e-08
2.3e-08
2.66247e-08
3.16145e-08
3.81981e-08
4.68231e-08
5.74414e-08
7.19859e-08
8.7128e-08
1.10827e-07
1.30111e-07
1.61589e-07
1.83409e-07
2.09664e-07
2.28674e-07
2.46077e-07
2.59446e-07
2.70016e-07
2.77897e-07
2.83466e-07
2.87249e-07
2.88339e-07
2.89552e-07
2.84555e-07
2.84103e-07
2.64857e-07
2.63594e-07
3.92365e-05
3.41145e-05
3.02391e-05
2.65773e-05
2.33982e-05
2.05563e-05
1.80463e-05
1.58228e-05
1.38581e-05
1.2123e-05
1.05929e-05
9.24496e-06
8.0589e-06
7.01648e-06
6.10138e-06
5.29898e-06
4.59623e-06
3.9815e-06
3.44442e-06
2.97578e-06
2.56738e-06
2.21196e-06
1.90308e-06
1.63501e-06
1.40269e-06
1.20164e-06
1.02788e-06
8.77928e-07
7.4869e-07
6.37469e-07
5.41882e-07
4.59839e-07
3.89593e-07
3.29421e-07
2.78043e-07
2.34217e-07
1.9692e-07
1.65237e-07
1.38386e-07
1.15723e-07
9.66245e-08
8.0597e-08
6.72061e-08
5.60731e-08
4.68699e-08
3.93217e-08
3.31976e-08
2.83141e-08
2.45109e-08
2.16776e-08
1.9733e-08
1.86307e-08
1.83557e-08
1.8931e-08
2.04099e-08
2.28968e-08
2.6533e-08
3.15355e-08
3.81341e-08
4.67712e-08
5.74058e-08
7.19493e-08
8.71109e-08
1.1077e-07
1.3009e-07
1.61508e-07
1.83309e-07
2.09646e-07
2.2865e-07
2.46058e-07
2.59419e-07
2.69982e-07
2.77857e-07
2.83422e-07
2.87211e-07
2.88306e-07
2.8954e-07
2.84558e-07
2.84105e-07
2.64889e-07
2.63629e-07
3.92339e-05
3.41135e-05
3.02378e-05
2.65763e-05
2.33972e-05
2.05555e-05
1.80456e-05
1.58221e-05
1.38575e-05
1.21225e-05
1.05924e-05
9.24455e-06
8.05854e-06
7.01616e-06
6.1011e-06
5.29873e-06
4.59602e-06
3.98131e-06
3.44426e-06
2.97563e-06
2.56725e-06
2.21185e-06
1.90298e-06
1.63493e-06
1.40262e-06
1.20157e-06
1.02783e-06
8.77881e-07
7.48649e-07
6.37434e-07
5.41852e-07
4.59813e-07
3.8957e-07
3.29401e-07
2.78027e-07
2.34203e-07
1.96908e-07
1.65227e-07
1.38377e-07
1.15716e-07
9.66195e-08
8.05949e-08
6.7208e-08
5.60802e-08
4.68835e-08
3.93429e-08
3.32274e-08
2.83528e-08
2.45587e-08
2.17337e-08
1.97965e-08
1.86993e-08
1.84271e-08
1.90026e-08
2.04783e-08
2.29596e-08
2.65873e-08
3.15807e-08
3.8169e-08
4.67985e-08
5.74229e-08
7.19683e-08
8.71193e-08
1.10805e-07
1.30103e-07
1.61567e-07
1.83381e-07
2.09664e-07
2.28669e-07
2.46074e-07
2.59438e-07
2.70003e-07
2.77881e-07
2.83447e-07
2.87231e-07
2.88323e-07
2.89545e-07
2.8456e-07
2.84107e-07
2.64922e-07
2.63664e-07
3.92313e-05
3.41125e-05
3.02364e-05
2.65752e-05
2.33963e-05
2.05546e-05
1.80448e-05
1.58214e-05
1.38569e-05
1.2122e-05
1.0592e-05
9.24414e-06
8.05818e-06
7.01585e-06
6.10082e-06
5.29849e-06
4.5958e-06
3.98112e-06
3.44409e-06
2.97549e-06
2.56713e-06
2.21174e-06
1.90289e-06
1.63484e-06
1.40255e-06
1.20151e-06
1.02777e-06
8.77834e-07
7.48608e-07
6.37398e-07
5.41821e-07
4.59787e-07
3.89548e-07
3.29382e-07
2.78011e-07
2.34189e-07
1.96896e-07
1.65217e-07
1.38369e-07
1.15709e-07
9.66134e-08
8.05894e-08
6.72022e-08
5.60733e-08
4.68744e-08
3.93304e-08
3.32106e-08
2.83309e-08
2.45312e-08
2.17008e-08
1.97588e-08
1.86582e-08
1.83841e-08
1.89597e-08
2.04381e-08
2.29238e-08
2.65577e-08
3.15576e-08
3.81529e-08
4.67874e-08
5.74175e-08
7.19633e-08
8.71193e-08
1.10794e-07
1.30103e-07
1.61546e-07
1.8335e-07
2.09668e-07
2.28671e-07
2.46077e-07
2.59438e-07
2.70001e-07
2.77876e-07
2.8344e-07
2.87227e-07
2.88319e-07
2.89546e-07
2.84563e-07
2.84109e-07
2.64955e-07
2.637e-07
3.92286e-05
3.41115e-05
3.02351e-05
2.65742e-05
2.33953e-05
2.05538e-05
1.80441e-05
1.58208e-05
1.38563e-05
1.21214e-05
1.05915e-05
9.24373e-06
8.05782e-06
7.01553e-06
6.10054e-06
5.29824e-06
4.59559e-06
3.98094e-06
3.44393e-06
2.97534e-06
2.567e-06
2.21163e-06
1.90279e-06
1.63476e-06
1.40247e-06
1.20145e-06
1.02772e-06
8.77787e-07
7.48567e-07
6.37363e-07
5.41791e-07
4.59761e-07
3.89525e-07
3.29363e-07
2.77994e-07
2.34175e-07
1.96884e-07
1.65206e-07
1.3836e-07
1.15701e-07
9.66072e-08
8.05841e-08
6.71979e-08
5.60702e-08
4.68728e-08
3.93311e-08
3.32141e-08
2.83378e-08
2.4542e-08
2.17155e-08
1.97771e-08
1.86792e-08
1.84067e-08
1.89826e-08
2.04594e-08
2.29423e-08
2.65724e-08
3.15685e-08
3.81599e-08
4.67922e-08
5.74199e-08
7.19666e-08
8.7121e-08
1.10803e-07
1.30107e-07
1.61567e-07
1.83376e-07
2.09677e-07
2.28679e-07
2.46084e-07
2.59444e-07
2.70007e-07
2.77882e-07
2.83446e-07
2.87231e-07
2.88322e-07
2.89547e-07
2.84566e-07
2.84111e-07
2.64987e-07
2.63735e-07
3.92259e-05
3.41104e-05
3.02338e-05
2.65731e-05
2.33943e-05
2.05529e-05
1.80433e-05
1.58201e-05
1.38557e-05
1.21209e-05
1.0591e-05
9.24332e-06
8.05746e-06
7.01521e-06
6.10026e-06
5.298e-06
4.59537e-06
3.98075e-06
3.44376e-06
2.9752e-06
2.56688e-06
2.21152e-06
1.9027e-06
1.63468e-06
1.4024e-06
1.20138e-06
1.02766e-06
8.77739e-07
7.48527e-07
6.37328e-07
5.4176e-07
4.59735e-07
3.89503e-07
3.29344e-07
2.77977e-07
2.34161e-07
1.96872e-07
1.65196e-07
1.38352e-07
1.15694e-07
9.66009e-08
8.05789e-08
6.71936e-08
5.60666e-08
4.68696e-08
3.93279e-08
3.32104e-08
2.83331e-08
2.45358e-08
2.17075e-08
1.97673e-08
1.8668e-08
1.83949e-08
1.89708e-08
2.04488e-08
2.29337e-08
2.65662e-08
3.15647e-08
3.81582e-08
4.67919e-08
5.74204e-08
7.19679e-08
8.71227e-08
1.10805e-07
1.3011e-07
1.61569e-07
1.83374e-07
2.09684e-07
2.28685e-07
2.4609e-07
2.59449e-07
2.70011e-07
2.77885e-07
2.83448e-07
2.87232e-07
2.88323e-07
2.89548e-07
2.84569e-07
2.84113e-07
2.65019e-07
2.6377e-07
3.92233e-05
3.41094e-05
3.02324e-05
2.65721e-05
2.33933e-05
2.05521e-05
1.80425e-05
1.58194e-05
1.38551e-05
1.21204e-05
1.05906e-05
9.24291e-06
8.0571e-06
7.01489e-06
6.09998e-06
5.29775e-06
4.59515e-06
3.98056e-06
3.44359e-06
2.97505e-06
2.56675e-06
2.21141e-06
1.9026e-06
1.63459e-06
1.40233e-06
1.20132e-06
1.02761e-06
8.77692e-07
7.48486e-07
6.37292e-07
5.4173e-07
4.59709e-07
3.8948e-07
3.29324e-07
2.77961e-07
2.34147e-07
1.9686e-07
1.65186e-07
1.38343e-07
1.15687e-07
9.65947e-08
8.05737e-08
6.71892e-08
5.60629e-08
4.68665e-08
3.93253e-08
3.32085e-08
2.8332e-08
2.45357e-08
2.17087e-08
1.97697e-08
1.86715e-08
1.83991e-08
1.89752e-08
2.04528e-08
2.29368e-08
2.65683e-08
3.1566e-08
3.81589e-08
4.67926e-08
5.7421e-08
7.19694e-08
8.71243e-08
1.10808e-07
1.30114e-07
1.61578e-07
1.83384e-07
2.09692e-07
2.28691e-07
2.46096e-07
2.59454e-07
2.70015e-07
2.77888e-07
2.8345e-07
2.87234e-07
2.88325e-07
2.89549e-07
2.84571e-07
2.84115e-07
2.65052e-07
2.63805e-07
3.92206e-05
3.41084e-05
3.02311e-05
2.6571e-05
2.33923e-05
2.05512e-05
1.80418e-05
1.58188e-05
1.38545e-05
1.21199e-05
1.05901e-05
9.2425e-06
8.05674e-06
7.01457e-06
6.0997e-06
5.2975e-06
4.59494e-06
3.98037e-06
3.44343e-06
2.97491e-06
2.56662e-06
2.2113e-06
1.9025e-06
1.63451e-06
1.40226e-06
1.20126e-06
1.02755e-06
8.77644e-07
7.48444e-07
6.37257e-07
5.41699e-07
4.59682e-07
3.89457e-07
3.29305e-07
2.77944e-07
2.34133e-07
1.96848e-07
1.65175e-07
1.38334e-07
1.15679e-07
9.65885e-08
8.05685e-08
6.71848e-08
5.60592e-08
4.68634e-08
3.93228e-08
3.32064e-08
2.83302e-08
2.4534e-08
2.1707e-08
1.97679e-08
1.86695e-08
1.8397e-08
1.89733e-08
2.04513e-08
2.29358e-08
2.65679e-08
3.1566e-08
3.81593e-08
4.67932e-08
5.74216e-08
7.19709e-08
8.71258e-08
1.10812e-07
1.30117e-07
1.61585e-07
1.8339e-07
2.097e-07
2.28698e-07
2.46102e-07
2.59459e-07
2.70019e-07
2.77891e-07
2.83453e-07
2.87237e-07
2.88327e-07
2.89551e-07
2.84574e-07
2.84117e-07
2.65084e-07
2.63841e-07
3.92179e-05
3.41073e-05
3.02297e-05
2.657e-05
2.33914e-05
2.05504e-05
1.8041e-05
1.58181e-05
1.38539e-05
1.21193e-05
1.05896e-05
9.24209e-06
8.05637e-06
7.01425e-06
6.09942e-06
5.29725e-06
4.59472e-06
3.98018e-06
3.44326e-06
2.97476e-06
2.56649e-06
2.21119e-06
1.90241e-06
1.63443e-06
1.40218e-06
1.20119e-06
1.0275e-06
8.77597e-07
7.48403e-07
6.37221e-07
5.41669e-07
4.59656e-07
3.89434e-07
3.29285e-07
2.77927e-07
2.34118e-07
1.96835e-07
1.65165e-07
1.38326e-07
1.15672e-07
9.65822e-08
8.05632e-08
6.71804e-08
5.60555e-08
4.68603e-08
3.93202e-08
3.32042e-08
2.83284e-08
2.45325e-08
2.17058e-08
1.9767e-08
1.8669e-08
1.83967e-08
1.89732e-08
2.04512e-08
2.29358e-08
2.6568e-08
3.15662e-08
3.81596e-08
4.67938e-08
5.74223e-08
7.19724e-08
8.71274e-08
1.10815e-07
1.3012e-07
1.61593e-07
1.83396e-07
2.09707e-07
2.28704e-07
2.46108e-07
2.59464e-07
2.70023e-07
2.77894e-07
2.83455e-07
2.87239e-07
2.88328e-07
2.89552e-07
2.84577e-07
2.84119e-07
2.65117e-07
2.63876e-07
3.92152e-05
3.41063e-05
3.02284e-05
2.65689e-05
2.33904e-05
2.05495e-05
1.80402e-05
1.58174e-05
1.38533e-05
1.21188e-05
1.05892e-05
9.24167e-06
8.05601e-06
7.01393e-06
6.09913e-06
5.29701e-06
4.5945e-06
3.97999e-06
3.44309e-06
2.97462e-06
2.56637e-06
2.21108e-06
1.90231e-06
1.63434e-06
1.40211e-06
1.20113e-06
1.02744e-06
8.77549e-07
7.48362e-07
6.37186e-07
5.41638e-07
4.59629e-07
3.89411e-07
3.29266e-07
2.77911e-07
2.34104e-07
1.96823e-07
1.65155e-07
1.38317e-07
1.15664e-07
9.6576e-08
8.05579e-08
6.7176e-08
5.60517e-08
4.68572e-08
3.93176e-08
3.32021e-08
2.83266e-08
2.45311e-08
2.17046e-08
1.97661e-08
1.86683e-08
1.83962e-08
1.89728e-08
2.0451e-08
2.29357e-08
2.6568e-08
3.15663e-08
3.81599e-08
4.67944e-08
5.74229e-08
7.19739e-08
8.71289e-08
1.10819e-07
1.30123e-07
1.616e-07
1.83403e-07
2.09715e-07
2.28711e-07
2.46115e-07
2.59468e-07
2.70027e-07
2.77898e-07
2.83458e-07
2.87241e-07
2.8833e-07
2.89553e-07
2.8458e-07
2.84121e-07
2.65149e-07
2.63911e-07
3.92125e-05
3.41053e-05
3.0227e-05
2.65678e-05
2.33894e-05
2.05486e-05
1.80395e-05
1.58167e-05
1.38527e-05
1.21183e-05
1.05887e-05
9.24126e-06
8.05564e-06
7.01361e-06
6.09885e-06
5.29676e-06
4.59428e-06
3.97979e-06
3.44293e-06
2.97447e-06
2.56624e-06
2.21097e-06
1.90221e-06
1.63426e-06
1.40204e-06
1.20107e-06
1.02739e-06
8.77501e-07
7.48321e-07
6.3715e-07
5.41607e-07
4.59603e-07
3.89389e-07
3.29246e-07
2.77894e-07
2.3409e-07
1.96811e-07
1.65144e-07
1.38308e-07
1.15657e-07
9.65697e-08
8.05527e-08
6.71716e-08
5.6048e-08
4.68541e-08
3.9315e-08
3.31999e-08
2.83248e-08
2.45296e-08
2.17034e-08
1.97652e-08
1.86675e-08
1.83956e-08
1.89724e-08
2.04507e-08
2.29356e-08
2.6568e-08
3.15665e-08
3.81602e-08
4.67949e-08
5.74235e-08
7.19753e-08
8.71304e-08
1.10822e-07
1.30127e-07
1.61608e-07
1.8341e-07
2.09723e-07
2.28717e-07
2.46121e-07
2.59473e-07
2.70031e-07
2.77901e-07
2.83461e-07
2.87243e-07
2.88331e-07
2.89554e-07
2.84583e-07
2.84123e-07
2.65181e-07
2.63946e-07
3.92098e-05
3.41042e-05
3.02257e-05
2.65668e-05
2.33884e-05
2.05478e-05
1.80387e-05
1.5816e-05
1.38521e-05
1.21177e-05
1.05882e-05
9.24084e-06
8.05527e-06
7.01329e-06
6.09857e-06
5.29651e-06
4.59407e-06
3.9796e-06
3.44276e-06
2.97432e-06
2.56611e-06
2.21086e-06
1.90212e-06
1.63417e-06
1.40196e-06
1.201e-06
1.02733e-06
8.77453e-07
7.48279e-07
6.37114e-07
5.41576e-07
4.59576e-07
3.89366e-07
3.29226e-07
2.77877e-07
2.34075e-07
1.96799e-07
1.65134e-07
1.38299e-07
1.15649e-07
9.65634e-08
8.05474e-08
6.71671e-08
5.60443e-08
4.6851e-08
3.93124e-08
3.31978e-08
2.8323e-08
2.45282e-08
2.17022e-08
1.97642e-08
1.86668e-08
1.8395e-08
1.8972e-08
2.04505e-08
2.29355e-08
2.65681e-08
3.15667e-08
3.81605e-08
4.67955e-08
5.74241e-08
7.19767e-08
8.71319e-08
1.10826e-07
1.3013e-07
1.61615e-07
1.83416e-07
2.09731e-07
2.28724e-07
2.46127e-07
2.59478e-07
2.70035e-07
2.77904e-07
2.83463e-07
2.87245e-07
2.88333e-07
2.89556e-07
2.84586e-07
2.84125e-07
2.65214e-07
2.63981e-07
3.92071e-05
3.41032e-05
3.02243e-05
2.65657e-05
2.33874e-05
2.05469e-05
1.80379e-05
1.58154e-05
1.38515e-05
1.21172e-05
1.05878e-05
9.24043e-06
8.05491e-06
7.01296e-06
6.09828e-06
5.29626e-06
4.59385e-06
3.97941e-06
3.44259e-06
2.97418e-06
2.56598e-06
2.21074e-06
1.90202e-06
1.63409e-06
1.40189e-06
1.20094e-06
1.02728e-06
8.77405e-07
7.48238e-07
6.37078e-07
5.41545e-07
4.5955e-07
3.89343e-07
3.29207e-07
2.7786e-07
2.34061e-07
1.96786e-07
1.65124e-07
1.3829e-07
1.15642e-07
9.65571e-08
8.05421e-08
6.71627e-08
5.60406e-08
4.68478e-08
3.93098e-08
3.31956e-08
2.83212e-08
2.45267e-08
2.1701e-08
1.97632e-08
1.8666e-08
1.83944e-08
1.89716e-08
2.04502e-08
2.29354e-08
2.65681e-08
3.15668e-08
3.81608e-08
4.6796e-08
5.74247e-08
7.19782e-08
8.71334e-08
1.10829e-07
1.30133e-07
1.61623e-07
1.83423e-07
2.09739e-07
2.2873e-07
2.46133e-07
2.59483e-07
2.70039e-07
2.77907e-07
2.83466e-07
2.87247e-07
2.88335e-07
2.89557e-07
2.84589e-07
2.84127e-07
2.65246e-07
2.64016e-07
3.92043e-05
3.41022e-05
3.02229e-05
2.65646e-05
2.33864e-05
2.0546e-05
1.80371e-05
1.58147e-05
1.38509e-05
1.21167e-05
1.05873e-05
9.24001e-06
8.05454e-06
7.01264e-06
6.098e-06
5.29601e-06
4.59363e-06
3.97922e-06
3.44242e-06
2.97403e-06
2.56585e-06
2.21063e-06
1.90192e-06
1.634e-06
1.40181e-06
1.20087e-06
1.02722e-06
8.77357e-07
7.48196e-07
6.37042e-07
5.41514e-07
4.59523e-07
3.89319e-07
3.29187e-07
2.77843e-07
2.34047e-07
1.96774e-07
1.65113e-07
1.38282e-07
1.15634e-07
9.65508e-08
8.05368e-08
6.71582e-08
5.60368e-08
4.68447e-08
3.93072e-08
3.31934e-08
2.83194e-08
2.45252e-08
2.16998e-08
1.97623e-08
1.86652e-08
1.83939e-08
1.89712e-08
2.04499e-08
2.29352e-08
2.65681e-08
3.1567e-08
3.81611e-08
4.67966e-08
5.74252e-08
7.19796e-08
8.71348e-08
1.10832e-07
1.30136e-07
1.6163e-07
1.8343e-07
2.09746e-07
2.28737e-07
2.46139e-07
2.59488e-07
2.70044e-07
2.77911e-07
2.83468e-07
2.87249e-07
2.88337e-07
2.89558e-07
2.84592e-07
2.8413e-07
2.65278e-07
2.64051e-07
3.92016e-05
3.41011e-05
3.02216e-05
2.65636e-05
2.33854e-05
2.05452e-05
1.80364e-05
1.5814e-05
1.38503e-05
1.21161e-05
1.05868e-05
9.23959e-06
8.05417e-06
7.01232e-06
6.09771e-06
5.29576e-06
4.59341e-06
3.97903e-06
3.44225e-06
2.97388e-06
2.56572e-06
2.21052e-06
1.90182e-06
1.63392e-06
1.40174e-06
1.20081e-06
1.02717e-06
8.77309e-07
7.48154e-07
6.37006e-07
5.41483e-07
4.59496e-07
3.89296e-07
3.29167e-07
2.77826e-07
2.34032e-07
1.96762e-07
1.65103e-07
1.38273e-07
1.15627e-07
9.65444e-08
8.05314e-08
6.71537e-08
5.6033e-08
4.68415e-08
3.93046e-08
3.31913e-08
2.83176e-08
2.45237e-08
2.16986e-08
1.97613e-08
1.86645e-08
1.83933e-08
1.89707e-08
2.04497e-08
2.29351e-08
2.6568e-08
3.15671e-08
3.81614e-08
4.67971e-08
5.74258e-08
7.19809e-08
8.71362e-08
1.10836e-07
1.30139e-07
1.61638e-07
1.83437e-07
2.09754e-07
2.28743e-07
2.46146e-07
2.59493e-07
2.70048e-07
2.77914e-07
2.83471e-07
2.87251e-07
2.88338e-07
2.8956e-07
2.84595e-07
2.84132e-07
2.65311e-07
2.64086e-07
3.91988e-05
3.41001e-05
3.02202e-05
2.65625e-05
2.33844e-05
2.05443e-05
1.80356e-05
1.58133e-05
1.38496e-05
1.21156e-05
1.05863e-05
9.23917e-06
8.0538e-06
7.01199e-06
6.09743e-06
5.29551e-06
4.59319e-06
3.97883e-06
3.44208e-06
2.97373e-06
2.5656e-06
2.21041e-06
1.90172e-06
1.63383e-06
1.40167e-06
1.20075e-06
1.02711e-06
8.7726e-07
7.48112e-07
6.3697e-07
5.41452e-07
4.5947e-07
3.89273e-07
3.29147e-07
2.77809e-07
2.34018e-07
1.96749e-07
1.65092e-07
1.38264e-07
1.15619e-07
9.65381e-08
8.05261e-08
6.71492e-08
5.60293e-08
4.68384e-08
3.93019e-08
3.31891e-08
2.83157e-08
2.45222e-08
2.16974e-08
1.97603e-08
1.86637e-08
1.83927e-08
1.89703e-08
2.04494e-08
2.2935e-08
2.6568e-08
3.15672e-08
3.81616e-08
4.67976e-08
5.74263e-08
7.19823e-08
8.71376e-08
1.10839e-07
1.30143e-07
1.61645e-07
1.83443e-07
2.09762e-07
2.2875e-07
2.46152e-07
2.59499e-07
2.70052e-07
2.77917e-07
2.83473e-07
2.87254e-07
2.8834e-07
2.89561e-07
2.84598e-07
2.84134e-07
2.65343e-07
2.64121e-07
3.91961e-05
3.4099e-05
3.02188e-05
2.65614e-05
2.33834e-05
2.05434e-05
1.80348e-05
1.58126e-05
1.3849e-05
1.21151e-05
1.05859e-05
9.23875e-06
8.05343e-06
7.01167e-06
6.09714e-06
5.29526e-06
4.59297e-06
3.97864e-06
3.44192e-06
2.97358e-06
2.56547e-06
2.21029e-06
1.90163e-06
1.63375e-06
1.40159e-06
1.20068e-06
1.02705e-06
8.77212e-07
7.4807e-07
6.36934e-07
5.4142e-07
4.59443e-07
3.8925e-07
3.29128e-07
2.77792e-07
2.34003e-07
1.96737e-07
1.65082e-07
1.38255e-07
1.15612e-07
9.65317e-08
8.05207e-08
6.71447e-08
5.60255e-08
4.68352e-08
3.92993e-08
3.31869e-08
2.83139e-08
2.45207e-08
2.16962e-08
1.97593e-08
1.86629e-08
1.83921e-08
1.89699e-08
2.04491e-08
2.29348e-08
2.6568e-08
3.15673e-08
3.81619e-08
4.67981e-08
5.74268e-08
7.19837e-08
8.7139e-08
1.10842e-07
1.30146e-07
1.61653e-07
1.8345e-07
2.0977e-07
2.28756e-07
2.46158e-07
2.59504e-07
2.70056e-07
2.77921e-07
2.83476e-07
2.87256e-07
2.88342e-07
2.89562e-07
2.84601e-07
2.84136e-07
2.65375e-07
2.64156e-07
3.91933e-05
3.4098e-05
3.02174e-05
2.65604e-05
2.33824e-05
2.05426e-05
1.8034e-05
1.58119e-05
1.38484e-05
1.21145e-05
1.05854e-05
9.23833e-06
8.05306e-06
7.01134e-06
6.09685e-06
5.295e-06
4.59274e-06
3.97844e-06
3.44175e-06
2.97344e-06
2.56534e-06
2.21018e-06
1.90153e-06
1.63366e-06
1.40152e-06
1.20062e-06
1.027e-06
8.77163e-07
7.48028e-07
6.36897e-07
5.41389e-07
4.59416e-07
3.89227e-07
3.29108e-07
2.77775e-07
2.33989e-07
1.96725e-07
1.65071e-07
1.38246e-07
1.15604e-07
9.65253e-08
8.05154e-08
6.71402e-08
5.60217e-08
4.68321e-08
3.92966e-08
3.31847e-08
2.83121e-08
2.45192e-08
2.1695e-08
1.97584e-08
1.86622e-08
1.83915e-08
1.89695e-08
2.04488e-08
2.29347e-08
2.6568e-08
3.15674e-08
3.81621e-08
4.67986e-08
5.74273e-08
7.1985e-08
8.71404e-08
1.10846e-07
1.30149e-07
1.6166e-07
1.83457e-07
2.09778e-07
2.28763e-07
2.46165e-07
2.59509e-07
2.7006e-07
2.77924e-07
2.83479e-07
2.87258e-07
2.88343e-07
2.89564e-07
2.84604e-07
2.84139e-07
2.65407e-07
2.64191e-07
3.91906e-05
3.4097e-05
3.02161e-05
2.65593e-05
2.33814e-05
2.05417e-05
1.80333e-05
1.58112e-05
1.38478e-05
1.2114e-05
1.05849e-05
9.23791e-06
8.05269e-06
7.01101e-06
6.09657e-06
5.29475e-06
4.59252e-06
3.97825e-06
3.44157e-06
2.97329e-06
2.56521e-06
2.21007e-06
1.90143e-06
1.63357e-06
1.40144e-06
1.20055e-06
1.02694e-06
8.77114e-07
7.47986e-07
6.36861e-07
5.41358e-07
4.59389e-07
3.89203e-07
3.29088e-07
2.77758e-07
2.33974e-07
1.96712e-07
1.6506e-07
1.38237e-07
1.15597e-07
9.65189e-08
8.051e-08
6.71357e-08
5.60179e-08
4.68289e-08
3.9294e-08
3.31825e-08
2.83102e-08
2.45177e-08
2.16937e-08
1.97574e-08
1.86614e-08
1.83909e-08
1.8969e-08
2.04485e-08
2.29345e-08
2.65679e-08
3.15675e-08
3.81623e-08
4.6799e-08
5.74278e-08
7.19863e-08
8.71417e-08
1.10849e-07
1.30152e-07
1.61668e-07
1.83464e-07
2.09786e-07
2.2877e-07
2.46171e-07
2.59514e-07
2.70065e-07
2.77928e-07
2.83481e-07
2.8726e-07
2.88345e-07
2.89565e-07
2.84607e-07
2.84141e-07
2.6544e-07
2.64226e-07
3.91878e-05
3.40959e-05
3.02147e-05
2.65582e-05
2.33804e-05
2.05408e-05
1.80325e-05
1.58105e-05
1.38472e-05
1.21134e-05
1.05844e-05
9.23749e-06
8.05232e-06
7.01068e-06
6.09628e-06
5.2945e-06
4.5923e-06
3.97806e-06
3.4414e-06
2.97314e-06
2.56508e-06
2.20995e-06
1.90133e-06
1.63349e-06
1.40137e-06
1.20049e-06
1.02688e-06
8.77065e-07
7.47944e-07
6.36824e-07
5.41326e-07
4.59362e-07
3.8918e-07
3.29068e-07
2.77741e-07
2.33959e-07
1.967e-07
1.6505e-07
1.38228e-07
1.15589e-07
9.65125e-08
8.05046e-08
6.71312e-08
5.60141e-08
4.68257e-08
3.92913e-08
3.31803e-08
2.83084e-08
2.45162e-08
2.16925e-08
1.97564e-08
1.86606e-08
1.83903e-08
1.89686e-08
2.04482e-08
2.29343e-08
2.65679e-08
3.15676e-08
3.81626e-08
4.67995e-08
5.74282e-08
7.19876e-08
8.71431e-08
1.10852e-07
1.30155e-07
1.61675e-07
1.8347e-07
2.09794e-07
2.28776e-07
2.46177e-07
2.59519e-07
2.70069e-07
2.77931e-07
2.83484e-07
2.87262e-07
2.88347e-07
2.89566e-07
2.8461e-07
2.84143e-07
2.65472e-07
2.64261e-07
3.9185e-05
3.40949e-05
3.02133e-05
2.65571e-05
2.33794e-05
2.05399e-05
1.80317e-05
1.58098e-05
1.38466e-05
1.21129e-05
1.0584e-05
9.23707e-06
8.05195e-06
7.01036e-06
6.09599e-06
5.29424e-06
4.59208e-06
3.97786e-06
3.44123e-06
2.97299e-06
2.56495e-06
2.20984e-06
1.90123e-06
1.6334e-06
1.40129e-06
1.20042e-06
1.02683e-06
8.77016e-07
7.47901e-07
6.36788e-07
5.41295e-07
4.59335e-07
3.89156e-07
3.29048e-07
2.77724e-07
2.33945e-07
1.96687e-07
1.65039e-07
1.38219e-07
1.15581e-07
9.6506e-08
8.04992e-08
6.71266e-08
5.60103e-08
4.68225e-08
3.92887e-08
3.3178e-08
2.83066e-08
2.45147e-08
2.16913e-08
1.97554e-08
1.86598e-08
1.83897e-08
1.89681e-08
2.04479e-08
2.29341e-08
2.65678e-08
3.15677e-08
3.81628e-08
4.67999e-08
5.74287e-08
7.19889e-08
8.71444e-08
1.10856e-07
1.30158e-07
1.61683e-07
1.83477e-07
2.09802e-07
2.28783e-07
2.46184e-07
2.59524e-07
2.70073e-07
2.77934e-07
2.83487e-07
2.87265e-07
2.88349e-07
2.89568e-07
2.84613e-07
2.84146e-07
2.65504e-07
2.64296e-07
3.91822e-05
3.40938e-05
3.02119e-05
2.6556e-05
2.33784e-05
2.0539e-05
1.80309e-05
1.58091e-05
1.3846e-05
1.21123e-05
1.05835e-05
9.23664e-06
8.05157e-06
7.01003e-06
6.0957e-06
5.29399e-06
4.59185e-06
3.97766e-06
3.44106e-06
2.97284e-06
2.56481e-06
2.20973e-06
1.90113e-06
1.63331e-06
1.40122e-06
1.20036e-06
1.02677e-06
8.76967e-07
7.47859e-07
6.36751e-07
5.41263e-07
4.59307e-07
3.89133e-07
3.29028e-07
2.77707e-07
2.3393e-07
1.96675e-07
1.65028e-07
1.3821e-07
1.15574e-07
9.64996e-08
8.04937e-08
6.71221e-08
5.60065e-08
4.68193e-08
3.9286e-08
3.31758e-08
2.83047e-08
2.45131e-08
2.169e-08
1.97544e-08
1.8659e-08
1.83891e-08
1.89677e-08
2.04476e-08
2.2934e-08
2.65678e-08
3.15678e-08
3.81629e-08
4.68004e-08
5.74291e-08
7.19902e-08
8.71456e-08
1.10859e-07
1.30161e-07
1.6169e-07
1.83484e-07
2.0981e-07
2.2879e-07
2.4619e-07
2.59529e-07
2.70077e-07
2.77938e-07
2.83489e-07
2.87267e-07
2.8835e-07
2.89569e-07
2.84616e-07
2.84148e-07
2.65536e-07
2.64331e-07
3.91794e-05
3.40928e-05
3.02105e-05
2.6555e-05
2.33774e-05
2.05382e-05
1.80301e-05
1.58084e-05
1.38454e-05
1.21118e-05
1.0583e-05
9.23622e-06
8.0512e-06
7.0097e-06
6.09541e-06
5.29373e-06
4.59163e-06
3.97747e-06
3.44089e-06
2.97269e-06
2.56468e-06
2.20961e-06
1.90103e-06
1.63323e-06
1.40114e-06
1.20029e-06
1.02671e-06
8.76918e-07
7.47816e-07
6.36714e-07
5.41231e-07
4.5928e-07
3.89109e-07
3.29007e-07
2.77689e-07
2.33915e-07
1.96662e-07
1.65018e-07
1.38201e-07
1.15566e-07
9.64931e-08
8.04883e-08
6.71175e-08
5.60026e-08
4.68161e-08
3.92833e-08
3.31736e-08
2.83029e-08
2.45116e-08
2.16888e-08
1.97534e-08
1.86582e-08
1.83885e-08
1.89672e-08
2.04473e-08
2.29338e-08
2.65677e-08
3.15678e-08
3.81631e-08
4.68008e-08
5.74295e-08
7.19914e-08
8.71469e-08
1.10862e-07
1.30164e-07
1.61698e-07
1.83491e-07
2.09818e-07
2.28796e-07
2.46197e-07
2.59534e-07
2.70082e-07
2.77941e-07
2.83492e-07
2.87269e-07
2.88352e-07
2.89571e-07
2.84619e-07
2.8415e-07
2.65568e-07
2.64365e-07
3.91766e-05
3.40917e-05
3.02091e-05
2.65539e-05
2.33763e-05
2.05373e-05
1.80293e-05
1.58077e-05
1.38447e-05
1.21113e-05
1.05825e-05
9.23579e-06
8.05082e-06
7.00937e-06
6.09512e-06
5.29348e-06
4.59141e-06
3.97727e-06
3.44072e-06
2.97254e-06
2.56455e-06
2.2095e-06
1.90093e-06
1.63314e-06
1.40107e-06
1.20022e-06
1.02666e-06
8.76869e-07
7.47774e-07
6.36677e-07
5.412e-07
4.59253e-07
3.89086e-07
3.28987e-07
2.77672e-07
2.339e-07
1.96649e-07
1.65007e-07
1.38192e-07
1.15558e-07
9.64867e-08
8.04828e-08
6.71129e-08
5.59988e-08
4.68128e-08
3.92806e-08
3.31714e-08
2.8301e-08
2.45101e-08
2.16875e-08
1.97524e-08
1.86574e-08
1.83879e-08
1.89668e-08
2.0447e-08
2.29336e-08
2.65676e-08
3.15679e-08
3.81633e-08
4.68012e-08
5.74299e-08
7.19926e-08
8.71481e-08
1.10865e-07
1.30167e-07
1.61705e-07
1.83497e-07
2.09826e-07
2.28803e-07
2.46203e-07
2.59539e-07
2.70086e-07
2.77945e-07
2.83495e-07
2.87271e-07
2.88354e-07
2.89572e-07
2.84622e-07
2.84153e-07
2.656e-07
2.644e-07
3.91737e-05
3.40907e-05
3.02077e-05
2.65528e-05
2.33753e-05
2.05364e-05
1.80285e-05
1.58071e-05
1.38441e-05
1.21107e-05
1.0582e-05
9.23537e-06
8.05045e-06
7.00904e-06
6.09483e-06
5.29322e-06
4.59118e-06
3.97707e-06
3.44055e-06
2.97239e-06
2.56442e-06
2.20938e-06
1.90083e-06
1.63305e-06
1.40099e-06
1.20016e-06
1.0266e-06
8.76819e-07
7.47731e-07
6.3664e-07
5.41168e-07
4.59226e-07
3.89062e-07
3.28967e-07
2.77655e-07
2.33886e-07
1.96637e-07
1.64996e-07
1.38183e-07
1.15551e-07
9.64802e-08
8.04774e-08
6.71083e-08
5.59949e-08
4.68096e-08
3.92779e-08
3.31691e-08
2.82991e-08
2.45085e-08
2.16863e-08
1.97514e-08
1.86566e-08
1.83873e-08
1.89663e-08
2.04466e-08
2.29334e-08
2.65675e-08
3.15679e-08
3.81635e-08
4.68016e-08
5.74303e-08
7.19939e-08
8.71494e-08
1.10869e-07
1.3017e-07
1.61713e-07
1.83504e-07
2.09834e-07
2.2881e-07
2.46209e-07
2.59545e-07
2.7009e-07
2.77948e-07
2.83497e-07
2.87274e-07
2.88356e-07
2.89573e-07
2.84625e-07
2.84155e-07
2.65632e-07
2.64435e-07
3.91709e-05
3.40896e-05
3.02063e-05
2.65517e-05
2.33743e-05
2.05355e-05
1.80277e-05
1.58064e-05
1.38435e-05
1.21102e-05
1.05815e-05
9.23494e-06
8.05007e-06
7.0087e-06
6.09454e-06
5.29297e-06
4.59096e-06
3.97688e-06
3.44037e-06
2.97224e-06
2.56429e-06
2.20927e-06
1.90073e-06
1.63297e-06
1.40091e-06
1.20009e-06
1.02654e-06
8.7677e-07
7.47688e-07
6.36603e-07
5.41136e-07
4.59198e-07
3.89038e-07
3.28947e-07
2.77637e-07
2.33871e-07
1.96624e-07
1.64986e-07
1.38174e-07
1.15543e-07
9.64736e-08
8.04719e-08
6.71037e-08
5.59911e-08
4.68064e-08
3.92752e-08
3.31669e-08
2.82972e-08
2.4507e-08
2.1685e-08
1.97503e-08
1.86558e-08
1.83866e-08
1.89658e-08
2.04463e-08
2.29332e-08
2.65674e-08
3.1568e-08
3.81636e-08
4.6802e-08
5.74307e-08
7.19951e-08
8.71506e-08
1.10872e-07
1.30173e-07
1.6172e-07
1.83511e-07
2.09842e-07
2.28816e-07
2.46216e-07
2.5955e-07
2.70095e-07
2.77952e-07
2.835e-07
2.87276e-07
2.88358e-07
2.89575e-07
2.84629e-07
2.84158e-07
2.65664e-07
2.6447e-07
3.91681e-05
3.40886e-05
3.02049e-05
2.65506e-05
2.33733e-05
2.05346e-05
1.80269e-05
1.58056e-05
1.38429e-05
1.21096e-05
1.05811e-05
9.23451e-06
8.04969e-06
7.00837e-06
6.09424e-06
5.29271e-06
4.59073e-06
3.97668e-06
3.4402e-06
2.97208e-06
2.56416e-06
2.20915e-06
1.90063e-06
1.63288e-06
1.40084e-06
1.20003e-06
1.02649e-06
8.7672e-07
7.47645e-07
6.36566e-07
5.41104e-07
4.59171e-07
3.89015e-07
3.28926e-07
2.7762e-07
2.33856e-07
1.96611e-07
1.64975e-07
1.38165e-07
1.15535e-07
9.64671e-08
8.04664e-08
6.70991e-08
5.59872e-08
4.68031e-08
3.92725e-08
3.31646e-08
2.82954e-08
2.45055e-08
2.16837e-08
1.97493e-08
1.8655e-08
1.8386e-08
1.89654e-08
2.0446e-08
2.2933e-08
2.65673e-08
3.1568e-08
3.81638e-08
4.68023e-08
5.7431e-08
7.19963e-08
8.71517e-08
1.10875e-07
1.30176e-07
1.61728e-07
1.83518e-07
2.0985e-07
2.28823e-07
2.46222e-07
2.59555e-07
2.70099e-07
2.77955e-07
2.83503e-07
2.87278e-07
2.8836e-07
2.89576e-07
2.84632e-07
2.8416e-07
2.65696e-07
2.64504e-07
3.91652e-05
3.40875e-05
3.02035e-05
2.65495e-05
2.33723e-05
2.05337e-05
1.80261e-05
1.58049e-05
1.38423e-05
1.21091e-05
1.05806e-05
9.23408e-06
8.04931e-06
7.00804e-06
6.09395e-06
5.29245e-06
4.59051e-06
3.97648e-06
3.44003e-06
2.97193e-06
2.56402e-06
2.20904e-06
1.90053e-06
1.63279e-06
1.40076e-06
1.19996e-06
1.02643e-06
8.7667e-07
7.47602e-07
6.36529e-07
5.41072e-07
4.59143e-07
3.88991e-07
3.28906e-07
2.77602e-07
2.33841e-07
1.96599e-07
1.64964e-07
1.38156e-07
1.15527e-07
9.64606e-08
8.04609e-08
6.70945e-08
5.59833e-08
4.67999e-08
3.92698e-08
3.31624e-08
2.82935e-08
2.45039e-08
2.16825e-08
1.97483e-08
1.86542e-08
1.83854e-08
1.89649e-08
2.04456e-08
2.29328e-08
2.65672e-08
3.1568e-08
3.81639e-08
4.68027e-08
5.74314e-08
7.19974e-08
8.71529e-08
1.10878e-07
1.30179e-07
1.61735e-07
1.83525e-07
2.09858e-07
2.2883e-07
2.46229e-07
2.5956e-07
2.70103e-07
2.77959e-07
2.83506e-07
2.8728e-07
2.88361e-07
2.89578e-07
2.84635e-07
2.84163e-07
2.65729e-07
2.64539e-07
3.91624e-05
3.40865e-05
3.02021e-05
2.65484e-05
2.33712e-05
2.05328e-05
1.80254e-05
1.58042e-05
1.38416e-05
1.21085e-05
1.05801e-05
9.23365e-06
8.04894e-06
7.00771e-06
6.09366e-06
5.29219e-06
4.59028e-06
3.97628e-06
3.43985e-06
2.97178e-06
2.56389e-06
2.20892e-06
1.90043e-06
1.6327e-06
1.40069e-06
1.19989e-06
1.02637e-06
8.76621e-07
7.47559e-07
6.36492e-07
5.4104e-07
4.59115e-07
3.88967e-07
3.28886e-07
2.77585e-07
2.33826e-07
1.96586e-07
1.64953e-07
1.38147e-07
1.1552e-07
9.6454e-08
8.04554e-08
6.70899e-08
5.59794e-08
4.67966e-08
3.9267e-08
3.31601e-08
2.82916e-08
2.45023e-08
2.16812e-08
1.97473e-08
1.86534e-08
1.83847e-08
1.89644e-08
2.04453e-08
2.29325e-08
2.65671e-08
3.1568e-08
3.8164e-08
4.6803e-08
5.74317e-08
7.19986e-08
8.7154e-08
1.10881e-07
1.30182e-07
1.61743e-07
1.83531e-07
2.09867e-07
2.28837e-07
2.46235e-07
2.59566e-07
2.70108e-07
2.77962e-07
2.83508e-07
2.87283e-07
2.88363e-07
2.89579e-07
2.84638e-07
2.84166e-07
2.6576e-07
2.64574e-07
3.91595e-05
3.40854e-05
3.02007e-05
2.65473e-05
2.33702e-05
2.05319e-05
1.80246e-05
1.58035e-05
1.3841e-05
1.2108e-05
1.05796e-05
9.23322e-06
8.04856e-06
7.00737e-06
6.09336e-06
5.29194e-06
4.59005e-06
3.97608e-06
3.43968e-06
2.97163e-06
2.56376e-06
2.2088e-06
1.90033e-06
1.63262e-06
1.40061e-06
1.19983e-06
1.02631e-06
8.7657e-07
7.47516e-07
6.36455e-07
5.41007e-07
4.59088e-07
3.88943e-07
3.28865e-07
2.77567e-07
2.33811e-07
1.96573e-07
1.64942e-07
1.38137e-07
1.15512e-07
9.64474e-08
8.04499e-08
6.70852e-08
5.59755e-08
4.67933e-08
3.92643e-08
3.31578e-08
2.82897e-08
2.45008e-08
2.16799e-08
1.97462e-08
1.86525e-08
1.83841e-08
1.89639e-08
2.04449e-08
2.29323e-08
2.6567e-08
3.1568e-08
3.81641e-08
4.68033e-08
5.7432e-08
7.19997e-08
8.71552e-08
1.10885e-07
1.30185e-07
1.61751e-07
1.83538e-07
2.09875e-07
2.28843e-07
2.46242e-07
2.59571e-07
2.70112e-07
2.77966e-07
2.83511e-07
2.87285e-07
2.88365e-07
2.89581e-07
2.84642e-07
2.84168e-07
2.65792e-07
2.64608e-07
3.91566e-05
3.40844e-05
3.01993e-05
2.65462e-05
2.33692e-05
2.0531e-05
1.80237e-05
1.58028e-05
1.38404e-05
1.21074e-05
1.05791e-05
9.23279e-06
8.04818e-06
7.00704e-06
6.09307e-06
5.29168e-06
4.58982e-06
3.97588e-06
3.4395e-06
2.97147e-06
2.56362e-06
2.20869e-06
1.90023e-06
1.63253e-06
1.40053e-06
1.19976e-06
1.02626e-06
8.76521e-07
7.47472e-07
6.36417e-07
5.40975e-07
4.5906e-07
3.88919e-07
3.28845e-07
2.7755e-07
2.33796e-07
1.9656e-07
1.64931e-07
1.38128e-07
1.15504e-07
9.64408e-08
8.04443e-08
6.70806e-08
5.59716e-08
4.67901e-08
3.92616e-08
3.31555e-08
2.82878e-08
2.44992e-08
2.16786e-08
1.97452e-08
1.86517e-08
1.83834e-08
1.89634e-08
2.04446e-08
2.29321e-08
2.65669e-08
3.1568e-08
3.81642e-08
4.68036e-08
5.74323e-08
7.20008e-08
8.71563e-08
1.10888e-07
1.30188e-07
1.61758e-07
1.83545e-07
2.09883e-07
2.2885e-07
2.46249e-07
2.59576e-07
2.70117e-07
2.77969e-07
2.83514e-07
2.87287e-07
2.88367e-07
2.89582e-07
2.84645e-07
2.84171e-07
2.65824e-07
2.64643e-07
3.91537e-05
3.40833e-05
3.01978e-05
2.65451e-05
2.33682e-05
2.05301e-05
1.80229e-05
1.58021e-05
1.38397e-05
1.21068e-05
1.05786e-05
9.23236e-06
8.04779e-06
7.0067e-06
6.09277e-06
5.29142e-06
4.5896e-06
3.97568e-06
3.43933e-06
2.97132e-06
2.56349e-06
2.20857e-06
1.90012e-06
1.63244e-06
1.40045e-06
1.19969e-06
1.0262e-06
8.7647e-07
7.47429e-07
6.3638e-07
5.40943e-07
4.59032e-07
3.88895e-07
3.28824e-07
2.77532e-07
2.33781e-07
1.96548e-07
1.6492e-07
1.38119e-07
1.15496e-07
9.64342e-08
8.04388e-08
6.70759e-08
5.59677e-08
4.67868e-08
3.92588e-08
3.31533e-08
2.82859e-08
2.44976e-08
2.16774e-08
1.97441e-08
1.86509e-08
1.83828e-08
1.89629e-08
2.04442e-08
2.29318e-08
2.65667e-08
3.1568e-08
3.81643e-08
4.68039e-08
5.74326e-08
7.20019e-08
8.71573e-08
1.10891e-07
1.30191e-07
1.61766e-07
1.83552e-07
2.09891e-07
2.28857e-07
2.46255e-07
2.59581e-07
2.70121e-07
2.77973e-07
2.83517e-07
2.8729e-07
2.88369e-07
2.89584e-07
2.84648e-07
2.84173e-07
2.65856e-07
2.64678e-07
3.91508e-05
3.40823e-05
3.01964e-05
2.6544e-05
2.33671e-05
2.05292e-05
1.80221e-05
1.58014e-05
1.38391e-05
1.21063e-05
1.05781e-05
9.23192e-06
8.04741e-06
7.00636e-06
6.09248e-06
5.29116e-06
4.58937e-06
3.97548e-06
3.43915e-06
2.97117e-06
2.56336e-06
2.20845e-06
1.90002e-06
1.63235e-06
1.40038e-06
1.19963e-06
1.02614e-06
8.7642e-07
7.47386e-07
6.36342e-07
5.4091e-07
4.59004e-07
3.88871e-07
3.28803e-07
2.77514e-07
2.33766e-07
1.96535e-07
1.6491e-07
1.3811e-07
1.15488e-07
9.64276e-08
8.04332e-08
6.70712e-08
5.59637e-08
4.67835e-08
3.92561e-08
3.3151e-08
2.8284e-08
2.44961e-08
2.16761e-08
1.97431e-08
1.865e-08
1.83821e-08
1.89624e-08
2.04438e-08
2.29316e-08
2.65666e-08
3.1568e-08
3.81644e-08
4.68042e-08
5.74328e-08
7.2003e-08
8.71584e-08
1.10894e-07
1.30193e-07
1.61773e-07
1.83559e-07
2.09899e-07
2.28864e-07
2.46262e-07
2.59587e-07
2.70126e-07
2.77976e-07
2.8352e-07
2.87292e-07
2.88371e-07
2.89585e-07
2.84652e-07
2.84176e-07
2.65888e-07
2.64712e-07
3.91479e-05
3.40812e-05
3.0195e-05
2.65429e-05
2.33661e-05
2.05283e-05
1.80213e-05
1.58007e-05
1.38385e-05
1.21057e-05
1.05776e-05
9.23149e-06
8.04703e-06
7.00603e-06
6.09218e-06
5.2909e-06
4.58914e-06
3.97528e-06
3.43898e-06
2.97101e-06
2.56322e-06
2.20834e-06
1.89992e-06
1.63226e-06
1.4003e-06
1.19956e-06
1.02608e-06
8.7637e-07
7.47342e-07
6.36304e-07
5.40878e-07
4.58976e-07
3.88847e-07
3.28783e-07
2.77497e-07
2.33751e-07
1.96522e-07
1.64899e-07
1.381e-07
1.15481e-07
9.6421e-08
8.04276e-08
6.70665e-08
5.59598e-08
4.67802e-08
3.92533e-08
3.31487e-08
2.82821e-08
2.44945e-08
2.16748e-08
1.9742e-08
1.86492e-08
1.83815e-08
1.89619e-08
2.04435e-08
2.29313e-08
2.65664e-08
3.15679e-08
3.81645e-08
4.68045e-08
5.74331e-08
7.20041e-08
8.71594e-08
1.10897e-07
1.30196e-07
1.61781e-07
1.83566e-07
2.09907e-07
2.28871e-07
2.46268e-07
2.59592e-07
2.7013e-07
2.7798e-07
2.83522e-07
2.87294e-07
2.88373e-07
2.89587e-07
2.84655e-07
2.84179e-07
2.6592e-07
2.64747e-07
3.9145e-05
3.40801e-05
3.01936e-05
2.65418e-05
2.33651e-05
2.05274e-05
1.80205e-05
1.58e-05
1.38379e-05
1.21052e-05
1.05771e-05
9.23105e-06
8.04665e-06
7.00569e-06
6.09188e-06
5.29063e-06
4.58891e-06
3.97508e-06
3.4388e-06
2.97086e-06
2.56309e-06
2.20822e-06
1.89982e-06
1.63217e-06
1.40022e-06
1.19949e-06
1.02602e-06
8.76319e-07
7.47298e-07
6.36267e-07
5.40845e-07
4.58948e-07
3.88822e-07
3.28762e-07
2.77479e-07
2.33735e-07
1.96509e-07
1.64888e-07
1.38091e-07
1.15473e-07
9.64143e-08
8.0422e-08
6.70618e-08
5.59558e-08
4.67769e-08
3.92505e-08
3.31464e-08
2.82801e-08
2.44929e-08
2.16735e-08
1.9741e-08
1.86483e-08
1.83808e-08
1.89614e-08
2.04431e-08
2.29311e-08
2.65663e-08
3.15679e-08
3.81645e-08
4.68048e-08
5.74333e-08
7.20051e-08
8.71604e-08
1.109e-07
1.30199e-07
1.61789e-07
1.83572e-07
2.09916e-07
2.28878e-07
2.46275e-07
2.59597e-07
2.70134e-07
2.77984e-07
2.83525e-07
2.87297e-07
2.88375e-07
2.89588e-07
2.84659e-07
2.84182e-07
2.65952e-07
2.64781e-07
3.91421e-05
3.40791e-05
3.01921e-05
2.65407e-05
2.3364e-05
2.05265e-05
1.80197e-05
1.57993e-05
1.38372e-05
1.21046e-05
1.05766e-05
9.23062e-06
8.04626e-06
7.00535e-06
6.09159e-06
5.29037e-06
4.58868e-06
3.97488e-06
3.43862e-06
2.97071e-06
2.56295e-06
2.2081e-06
1.89971e-06
1.63208e-06
1.40015e-06
1.19943e-06
1.02596e-06
8.76268e-07
7.47254e-07
6.36229e-07
5.40813e-07
4.5892e-07
3.88798e-07
3.28741e-07
2.77461e-07
2.3372e-07
1.96496e-07
1.64877e-07
1.38082e-07
1.15465e-07
9.64077e-08
8.04164e-08
6.70571e-08
5.59519e-08
4.67735e-08
3.92478e-08
3.3144e-08
2.82782e-08
2.44913e-08
2.16722e-08
1.97399e-08
1.86475e-08
1.83801e-08
1.89609e-08
2.04427e-08
2.29308e-08
2.65661e-08
3.15678e-08
3.81646e-08
4.6805e-08
5.74335e-08
7.20062e-08
8.71614e-08
1.10903e-07
1.30202e-07
1.61796e-07
1.83579e-07
2.09924e-07
2.28885e-07
2.46282e-07
2.59603e-07
2.70139e-07
2.77987e-07
2.83528e-07
2.87299e-07
2.88377e-07
2.8959e-07
2.84662e-07
2.84184e-07
2.65984e-07
2.64816e-07
3.91392e-05
3.4078e-05
3.01907e-05
2.65396e-05
2.3363e-05
2.05256e-05
1.80189e-05
1.57986e-05
1.38366e-05
1.21041e-05
1.05762e-05
9.23018e-06
8.04588e-06
7.00501e-06
6.09129e-06
5.29011e-06
4.58845e-06
3.97468e-06
3.43845e-06
2.97055e-06
2.56282e-06
2.20798e-06
1.89961e-06
1.63199e-06
1.40007e-06
1.19936e-06
1.02591e-06
8.76218e-07
7.47211e-07
6.36191e-07
5.4078e-07
4.58892e-07
3.88774e-07
3.2872e-07
2.77443e-07
2.33705e-07
1.96483e-07
1.64865e-07
1.38072e-07
1.15457e-07
9.6401e-08
8.04108e-08
6.70524e-08
5.59479e-08
4.67702e-08
3.9245e-08
3.31417e-08
2.82763e-08
2.44897e-08
2.16708e-08
1.97389e-08
1.86466e-08
1.83794e-08
1.89604e-08
2.04423e-08
2.29305e-08
2.6566e-08
3.15678e-08
3.81646e-08
4.68052e-08
5.74337e-08
7.20072e-08
8.71624e-08
1.10906e-07
1.30205e-07
1.61804e-07
1.83586e-07
2.09932e-07
2.28892e-07
2.46288e-07
2.59608e-07
2.70143e-07
2.77991e-07
2.83531e-07
2.87301e-07
2.88379e-07
2.89592e-07
2.84665e-07
2.84187e-07
2.66016e-07
2.6485e-07
3.91363e-05
3.40769e-05
3.01893e-05
2.65384e-05
2.33619e-05
2.05247e-05
1.80181e-05
1.57978e-05
1.3836e-05
1.21035e-05
1.05757e-05
9.22974e-06
8.04549e-06
7.00467e-06
6.09099e-06
5.28985e-06
4.58822e-06
3.97448e-06
3.43827e-06
2.9704e-06
2.56268e-06
2.20787e-06
1.89951e-06
1.6319e-06
1.39999e-06
1.19929e-06
1.02585e-06
8.76167e-07
7.47167e-07
6.36153e-07
5.40747e-07
4.58864e-07
3.88749e-07
3.287e-07
2.77425e-07
2.3369e-07
1.9647e-07
1.64854e-07
1.38063e-07
1.15449e-07
9.63943e-08
8.04051e-08
6.70476e-08
5.59439e-08
4.67669e-08
3.92422e-08
3.31394e-08
2.82743e-08
2.44881e-08
2.16695e-08
1.97378e-08
1.86458e-08
1.83788e-08
1.89598e-08
2.04419e-08
2.29302e-08
2.65658e-08
3.15677e-08
3.81646e-08
4.68055e-08
5.74339e-08
7.20082e-08
8.71634e-08
1.10909e-07
1.30208e-07
1.61812e-07
1.83593e-07
2.09941e-07
2.28898e-07
2.46295e-07
2.59614e-07
2.70148e-07
2.77994e-07
2.83534e-07
2.87304e-07
2.88381e-07
2.89593e-07
2.84669e-07
2.8419e-07
2.66048e-07
2.64884e-07
3.91333e-05
3.40759e-05
3.01878e-05
2.65373e-05
2.33609e-05
2.05238e-05
1.80173e-05
1.57971e-05
1.38353e-05
1.21029e-05
1.05752e-05
9.22931e-06
8.04511e-06
7.00433e-06
6.09069e-06
5.28959e-06
4.58799e-06
3.97427e-06
3.43809e-06
2.97024e-06
2.56255e-06
2.20775e-06
1.89941e-06
1.63181e-06
1.39991e-06
1.19922e-06
1.02579e-06
8.76116e-07
7.47123e-07
6.36115e-07
5.40714e-07
4.58836e-07
3.88725e-07
3.28679e-07
2.77407e-07
2.33674e-07
1.96457e-07
1.64843e-07
1.38054e-07
1.15441e-07
9.63876e-08
8.03995e-08
6.70429e-08
5.59399e-08
4.67635e-08
3.92394e-08
3.31371e-08
2.82724e-08
2.44865e-08
2.16682e-08
1.97367e-08
1.86449e-08
1.83781e-08
1.89593e-08
2.04415e-08
2.293e-08
2.65656e-08
3.15676e-08
3.81646e-08
4.68057e-08
5.74341e-08
7.20092e-08
8.71643e-08
1.10912e-07
1.3021e-07
1.61819e-07
1.836e-07
2.09949e-07
2.28905e-07
2.46302e-07
2.59619e-07
2.70153e-07
2.77998e-07
2.83537e-07
2.87306e-07
2.88383e-07
2.89595e-07
2.84672e-07
2.84193e-07
2.66079e-07
2.64919e-07
3.91304e-05
3.40748e-05
3.01864e-05
2.65362e-05
2.33598e-05
2.05229e-05
1.80165e-05
1.57964e-05
1.38347e-05
1.21024e-05
1.05747e-05
9.22887e-06
8.04472e-06
7.00399e-06
6.09039e-06
5.28932e-06
4.58776e-06
3.97407e-06
3.43791e-06
2.97009e-06
2.56241e-06
2.20763e-06
1.8993e-06
1.63172e-06
1.39983e-06
1.19915e-06
1.02573e-06
8.76065e-07
7.47078e-07
6.36077e-07
5.40681e-07
4.58807e-07
3.88701e-07
3.28658e-07
2.77389e-07
2.33659e-07
1.96444e-07
1.64832e-07
1.38044e-07
1.15433e-07
9.63808e-08
8.03938e-08
6.70381e-08
5.59359e-08
4.67602e-08
3.92366e-08
3.31347e-08
2.82704e-08
2.44849e-08
2.16669e-08
1.97356e-08
1.8644e-08
1.83774e-08
1.89588e-08
2.04411e-08
2.29297e-08
2.65654e-08
3.15675e-08
3.81646e-08
4.68059e-08
5.74342e-08
7.20101e-08
8.71652e-08
1.10915e-07
1.30213e-07
1.61827e-07
1.83607e-07
2.09957e-07
2.28912e-07
2.46308e-07
2.59624e-07
2.70157e-07
2.78002e-07
2.83539e-07
2.87308e-07
2.88385e-07
2.89596e-07
2.84676e-07
2.84196e-07
2.66111e-07
2.64953e-07
3.91274e-05
3.40737e-05
3.01849e-05
2.65351e-05
2.33588e-05
2.0522e-05
1.80157e-05
1.57957e-05
1.3834e-05
1.21018e-05
1.05742e-05
9.22843e-06
8.04433e-06
7.00365e-06
6.09009e-06
5.28906e-06
4.58752e-06
3.97387e-06
3.43774e-06
2.96993e-06
2.56227e-06
2.20751e-06
1.8992e-06
1.63163e-06
1.39976e-06
1.19909e-06
1.02567e-06
8.76014e-07
7.47034e-07
6.36038e-07
5.40648e-07
4.58779e-07
3.88676e-07
3.28637e-07
2.77371e-07
2.33644e-07
1.96431e-07
1.64821e-07
1.38035e-07
1.15425e-07
9.63741e-08
8.03882e-08
6.70333e-08
5.59319e-08
4.67568e-08
3.92338e-08
3.31324e-08
2.82685e-08
2.44833e-08
2.16656e-08
1.97346e-08
1.86432e-08
1.83767e-08
1.89582e-08
2.04407e-08
2.29294e-08
2.65652e-08
3.15674e-08
3.81646e-08
4.68061e-08
5.74344e-08
7.20111e-08
8.71661e-08
1.10918e-07
1.30216e-07
1.61835e-07
1.83614e-07
2.09966e-07
2.28919e-07
2.46315e-07
2.5963e-07
2.70162e-07
2.78005e-07
2.83542e-07
2.87311e-07
2.88387e-07
2.89598e-07
2.84679e-07
2.84199e-07
2.66143e-07
2.64987e-07
3.83688e-05
3.37989e-05
2.98187e-05
2.6253e-05
2.30973e-05
2.0296e-05
1.78156e-05
1.56204e-05
1.36802e-05
1.1967e-05
1.04562e-05
9.12527e-06
7.95421e-06
6.92501e-06
6.02153e-06
5.22936e-06
4.53561e-06
3.92877e-06
3.39862e-06
2.93605e-06
2.53296e-06
2.18219e-06
1.87735e-06
1.61281e-06
1.38356e-06
1.18517e-06
1.01372e-06
8.65768e-07
7.38265e-07
6.28542e-07
5.34251e-07
4.53338e-07
3.84026e-07
3.24703e-07
2.74036e-07
2.30829e-07
1.94058e-07
1.62829e-07
1.36371e-07
1.14029e-07
9.52115e-08
7.94222e-08
6.62315e-08
5.52664e-08
4.62059e-08
3.87787e-08
3.27582e-08
2.79598e-08
2.42312e-08
2.14609e-08
1.95697e-08
1.85114e-08
1.82726e-08
1.88771e-08
2.0378e-08
2.28824e-08
2.65307e-08
3.15455e-08
3.81525e-08
4.68163e-08
5.74337e-08
7.21128e-08
8.72525e-08
1.11275e-07
1.30528e-07
1.62771e-07
1.84434e-07
2.1094e-07
2.29717e-07
2.4707e-07
2.60231e-07
2.70656e-07
2.78398e-07
2.8385e-07
2.87565e-07
2.88596e-07
2.89768e-07
2.85033e-07
2.84494e-07
2.69075e-07
2.68066e-07
3.66577e-05
3.23475e-05
2.85188e-05
2.51145e-05
2.20932e-05
1.94139e-05
1.70405e-05
1.49404e-05
1.30841e-05
1.14452e-05
9.99988e-06
8.72669e-06
7.60646e-06
6.62195e-06
5.75774e-06
5.00002e-06
4.33646e-06
3.75606e-06
3.24904e-06
2.80666e-06
2.42121e-06
2.08579e-06
1.79432e-06
1.54139e-06
1.32221e-06
1.13254e-06
9.68648e-07
8.27217e-07
7.05342e-07
6.00467e-07
5.10349e-07
4.33024e-07
3.66777e-07
3.10097e-07
2.61687e-07
2.2041e-07
1.85286e-07
1.5546e-07
1.30198e-07
1.08863e-07
9.08993e-08
7.58296e-08
6.32418e-08
5.27795e-08
4.41373e-08
3.70565e-08
3.13212e-08
2.67544e-08
2.32138e-08
2.05928e-08
1.88169e-08
1.78434e-08
1.76617e-08
1.82951e-08
1.97996e-08
2.22831e-08
2.58833e-08
3.08325e-08
3.73414e-08
4.59413e-08
5.63225e-08
7.10581e-08
8.55362e-08
1.09579e-07
1.28085e-07
1.60999e-07
1.83492e-07
2.10694e-07
2.29929e-07
2.4742e-07
2.60515e-07
2.70814e-07
2.78353e-07
2.83639e-07
2.8723e-07
2.88287e-07
2.89427e-07
2.85515e-07
2.85124e-07
2.73898e-07
2.73195e-07
3.42522e-05
3.02299e-05
2.6649e-05
2.34682e-05
2.06444e-05
1.81405e-05
1.59224e-05
1.39598e-05
1.2225e-05
1.06935e-05
9.34277e-06
8.15299e-06
7.10616e-06
6.18618e-06
5.37863e-06
4.67061e-06
4.05059e-06
3.50829e-06
3.03457e-06
2.62128e-06
2.26117e-06
1.94784e-06
1.67556e-06
1.4393e-06
1.23458e-06
1.05743e-06
9.04354e-07
7.72266e-07
6.58448e-07
5.60511e-07
4.76359e-07
4.04156e-07
3.42298e-07
2.89381e-07
2.44188e-07
2.05659e-07
1.72876e-07
1.45043e-07
1.21471e-07
1.01565e-07
8.48075e-08
7.07517e-08
5.90123e-08
4.92567e-08
4.12004e-08
3.46025e-08
2.92617e-08
2.50133e-08
2.17261e-08
1.9301e-08
1.76697e-08
1.67933e-08
1.66645e-08
1.73044e-08
1.87731e-08
2.11762e-08
2.46474e-08
2.94306e-08
3.57057e-08
4.41564e-08
5.41707e-08
6.96222e-08
8.41818e-08
1.12123e-07
1.30785e-07
1.72633e-07
1.92377e-07
2.2178e-07
2.38217e-07
2.55297e-07
2.66807e-07
2.76245e-07
2.83059e-07
2.8784e-07
2.91065e-07
2.91959e-07
2.92873e-07
2.89283e-07
2.88651e-07
2.79794e-07
2.78934e-07
3.11645e-05
2.75052e-05
2.42463e-05
2.1352e-05
1.87825e-05
1.65042e-05
1.4486e-05
1.27002e-05
1.11217e-05
9.72818e-06
8.49923e-06
7.41669e-06
6.46423e-06
5.62719e-06
4.89246e-06
4.24829e-06
3.68421e-06
3.19085e-06
2.75988e-06
2.38391e-06
2.05633e-06
1.77131e-06
1.52365e-06
1.30876e-06
1.12256e-06
9.61441e-07
8.22225e-07
7.021e-07
5.98594e-07
5.09533e-07
4.3301e-07
3.67357e-07
3.11111e-07
2.63e-07
2.21914e-07
1.8689e-07
1.57092e-07
1.31796e-07
1.10376e-07
9.22882e-08
7.70633e-08
6.42946e-08
5.36313e-08
4.47712e-08
3.74561e-08
3.14673e-08
2.66223e-08
2.27721e-08
1.97981e-08
1.76112e-08
1.61499e-08
1.53802e-08
1.52978e-08
1.59206e-08
1.73125e-08
1.95739e-08
2.28313e-08
2.73407e-08
3.32235e-08
4.13672e-08
5.06152e-08
6.55979e-08
7.80016e-08
1.04972e-07
1.20902e-07
1.62633e-07
1.85884e-07
2.16285e-07
2.35161e-07
2.52626e-07
2.64717e-07
2.74214e-07
2.8091e-07
2.85572e-07
2.88699e-07
2.89737e-07
2.90702e-07
2.88191e-07
2.879e-07
2.81918e-07
2.8144e-07
2.74635e-05
2.42387e-05
2.13666e-05
1.88159e-05
1.65514e-05
1.45435e-05
1.27649e-05
1.11911e-05
9.80014e-06
8.57205e-06
7.48902e-06
6.53503e-06
5.69568e-06
4.95805e-06
4.31058e-06
3.74293e-06
3.24585e-06
2.81111e-06
2.43136e-06
2.10007e-06
1.81144e-06
1.56031e-06
1.34211e-06
1.15279e-06
9.88742e-07
8.46802e-07
7.2416e-07
6.18339e-07
5.2716e-07
4.48707e-07
3.81302e-07
3.23473e-07
2.73932e-07
2.31559e-07
1.95375e-07
1.64532e-07
1.38294e-07
1.16023e-07
9.71654e-08
8.12434e-08
6.78426e-08
5.66047e-08
4.72206e-08
3.94243e-08
3.29886e-08
2.77213e-08
2.34623e-08
2.00805e-08
1.74724e-08
1.556e-08
1.429e-08
1.36335e-08
1.35887e-08
1.41701e-08
1.54432e-08
1.75006e-08
2.04581e-08
2.45836e-08
2.99267e-08
3.76585e-08
4.62477e-08
6.20351e-08
7.52818e-08
1.08787e-07
1.26482e-07
1.8926e-07
2.05499e-07
2.39568e-07
2.52105e-07
2.68295e-07
2.77035e-07
2.84919e-07
2.90186e-07
2.9393e-07
2.96401e-07
2.97141e-07
2.97766e-07
2.95405e-07
2.94833e-07
2.89937e-07
2.89119e-07
2.32279e-05
2.05003e-05
1.8071e-05
1.59135e-05
1.39982e-05
1.23e-05
1.07957e-05
9.4646e-06
8.28812e-06
7.24943e-06
6.33344e-06
5.52658e-06
4.81668e-06
4.19281e-06
3.64521e-06
3.16511e-06
2.7447e-06
2.37703e-06
2.05587e-06
1.7757e-06
1.53161e-06
1.31924e-06
1.13472e-06
9.7463e-07
8.35916e-07
7.15896e-07
6.12196e-07
5.2272e-07
4.45626e-07
3.79294e-07
3.22304e-07
2.73411e-07
2.31528e-07
1.95705e-07
1.65118e-07
1.39047e-07
1.1687e-07
9.80473e-08
8.21113e-08
6.8657e-08
5.7334e-08
4.78392e-08
3.99111e-08
3.3325e-08
2.78891e-08
2.34412e-08
1.98462e-08
1.69939e-08
1.47969e-08
1.31901e-08
1.21288e-08
1.15895e-08
1.15724e-08
1.20885e-08
1.32011e-08
1.4993e-08
1.7564e-08
2.11828e-08
2.58092e-08
3.28168e-08
3.98651e-08
5.43794e-08
6.2837e-08
9.44213e-08
1.04401e-07
1.66041e-07
1.91229e-07
2.25945e-07
2.44112e-07
2.60689e-07
2.71158e-07
2.79243e-07
2.84691e-07
2.88447e-07
2.90941e-07
2.91883e-07
2.92637e-07
2.91272e-07
2.91103e-07
2.88071e-07
2.87782e-07
1.85431e-05
1.63655e-05
1.4426e-05
1.27037e-05
1.11746e-05
9.81889e-06
8.61798e-06
7.55537e-06
6.61617e-06
5.78697e-06
5.05573e-06
4.4116e-06
3.84488e-06
3.34684e-06
2.90968e-06
2.52642e-06
2.19081e-06
1.8973e-06
1.64092e-06
1.41727e-06
1.22243e-06
1.05291e-06
9.0563e-07
7.77842e-07
6.67123e-07
5.71327e-07
4.88557e-07
4.17142e-07
3.55611e-07
3.02669e-07
2.57184e-07
2.18163e-07
1.84737e-07
1.56148e-07
1.31739e-07
1.10936e-07
9.32404e-08
7.82227e-08
6.5509e-08
5.47758e-08
4.57434e-08
3.81697e-08
3.1846e-08
2.65931e-08
2.2258e-08
1.87114e-08
1.5846e-08
1.35738e-08
1.18256e-08
1.05497e-08
9.71091e-09
9.29102e-09
9.2914e-09
9.71984e-09
1.06331e-08
1.21011e-08
1.42051e-08
1.72009e-08
2.10081e-08
2.70853e-08
3.35097e-08
4.76034e-08
5.90708e-08
9.68375e-08
1.14249e-07
2.21142e-07
2.30054e-07
2.67374e-07
2.73557e-07
2.86675e-07
2.91388e-07
2.96738e-07
2.99816e-07
3.02136e-07
3.0359e-07
3.04024e-07
3.04323e-07
3.02974e-07
3.025e-07
3.00045e-07
2.99265e-07
1.35061e-05
1.192e-05
1.05073e-05
9.25277e-06
8.13908e-06
7.15159e-06
6.27689e-06
5.50292e-06
4.81884e-06
4.21488e-06
3.68226e-06
3.2131e-06
2.80032e-06
2.43757e-06
2.11916e-06
1.84e-06
1.59556e-06
1.38177e-06
1.19504e-06
1.03215e-06
8.9024e-07
7.66777e-07
6.59511e-07
5.66444e-07
4.85809e-07
4.16042e-07
3.55763e-07
3.03754e-07
2.58943e-07
2.20388e-07
1.87264e-07
1.58847e-07
1.34506e-07
1.13688e-07
9.59138e-08
8.07659e-08
6.78822e-08
5.69484e-08
4.76926e-08
3.98791e-08
3.33039e-08
2.77907e-08
2.31877e-08
1.93642e-08
1.6209e-08
1.36281e-08
1.15433e-08
9.89099e-09
8.62083e-09
7.69527e-09
7.08907e-09
6.78926e-09
6.79756e-09
7.11905e-09
7.7989e-09
8.89082e-09
1.04523e-08
1.26996e-08
1.54742e-08
2.02183e-08
2.39344e-08
3.58466e-08
3.77932e-08
7.27798e-08
6.90602e-08
1.72647e-07
2.03479e-07
2.4052e-07
2.57438e-07
2.71041e-07
2.79223e-07
2.85089e-07
2.88966e-07
2.91567e-07
2.93301e-07
2.94023e-07
2.94591e-07
2.94032e-07
2.94007e-07
2.92587e-07
2.92769e-07
8.20371e-06
7.24015e-06
6.38203e-06
5.61999e-06
4.94353e-06
4.34373e-06
3.81245e-06
3.34235e-06
2.92684e-06
2.56001e-06
2.2365e-06
1.95154e-06
1.70082e-06
1.48049e-06
1.28709e-06
1.11754e-06
9.69063e-07
8.39215e-07
7.25798e-07
6.26861e-07
5.4067e-07
4.65684e-07
4.00535e-07
3.44011e-07
2.95037e-07
2.52665e-07
2.16055e-07
1.84468e-07
1.57253e-07
1.33837e-07
1.1372e-07
9.64616e-08
8.16785e-08
6.90357e-08
5.82416e-08
4.90428e-08
4.12191e-08
3.45799e-08
2.89597e-08
2.42154e-08
2.02232e-08
1.68758e-08
1.40811e-08
1.17597e-08
9.84418e-09
8.27747e-09
7.01217e-09
6.00965e-09
5.23946e-09
4.67887e-09
4.31265e-09
4.13309e-09
4.14153e-09
4.34076e-09
4.75991e-09
5.43352e-09
6.39542e-09
7.79986e-09
9.56628e-09
1.26279e-08
1.62571e-08
2.40014e-08
3.34214e-08
6.32956e-08
8.4128e-08
2.88103e-07
2.80406e-07
3.08336e-07
3.04979e-07
3.10437e-07
3.10012e-07
3.11523e-07
3.11855e-07
3.12349e-07
3.1256e-07
3.12514e-07
3.12458e-07
3.11875e-07
3.11547e-07
3.10766e-07
3.10041e-07
2.76315e-06
2.43876e-06
2.14981e-06
1.89316e-06
1.66531e-06
1.46327e-06
1.28429e-06
1.12593e-06
9.85959e-07
8.62381e-07
7.53401e-07
6.57405e-07
5.72945e-07
4.98721e-07
4.3357e-07
3.76451e-07
3.26435e-07
2.82693e-07
2.44487e-07
2.11158e-07
1.82124e-07
1.56864e-07
1.34918e-07
1.15878e-07
9.93811e-08
8.5108e-08
7.2776e-08
6.21359e-08
5.29685e-08
4.5081e-08
3.83046e-08
3.24912e-08
2.75116e-08
2.3253e-08
1.96172e-08
1.65187e-08
1.38834e-08
1.16472e-08
9.75418e-09
8.15625e-09
6.81162e-09
5.68424e-09
4.74301e-09
3.96125e-09
3.3162e-09
2.78868e-09
2.36272e-09
2.02531e-09
1.76622e-09
1.57781e-09
1.45498e-09
1.39516e-09
1.39885e-09
1.46704e-09
1.60948e-09
1.83902e-09
2.15463e-09
2.6504e-09
3.07937e-09
4.36093e-09
3.85239e-09
8.86048e-09
1.97917e-09
2.85142e-08
-8.65606e-09
1.85832e-07
2.33795e-07
2.61508e-07
2.75632e-07
2.82661e-07
2.87828e-07
2.90675e-07
2.9279e-07
2.94094e-07
2.95004e-07
2.9549e-07
2.95847e-07
2.95837e-07
2.96005e-07
2.95449e-07
2.96273e-07
)
;

boundaryField
{
    atmosphere
    {
        type            totalPressure;
        rho             rho;
        psi             none;
        gamma           1;
        p0              uniform 0;
        value           nonuniform List<scalar> 
1094
(
0
0
0
0
0
0
0
0
0
0
0
0
0
0
0
0
0
0
0
0
0
0
0
0
0
0
0
0
0
0
0
0
0
0
0
0
0
0
0
0
0
0
0
0
0
0
0
0
0
0
0
-5.52209e-07
-3.34938e-06
-7.82145e-06
-1.32905e-05
-1.91973e-05
-2.51035e-05
-3.0686e-05
-3.57262e-05
-4.00949e-05
-4.37352e-05
-4.66444e-05
-4.88574e-05
-5.04271e-05
-5.14232e-05
-5.19074e-05
-5.19371e-05
-5.15575e-05
-5.08014e-05
-4.9689e-05
-4.82309e-05
-4.64315e-05
-4.4293e-05
-4.18199e-05
-3.90233e-05
-3.59246e-05
-3.25578e-05
-2.89713e-05
-2.52279e-05
-2.14042e-05
-1.7589e-05
-1.38807e-05
-1.03851e-05
-7.21304e-06
-4.47841e-06
-2.29642e-06
-7.82443e-07
-5.06864e-08
0
0
0
0
0
0
0
0
0
0
0
0
0
0
0
0
0
0
0
0
0
0
0
0
0
0
0
0
0
0
0
0
0
0
-2.64766e-08
-1.90079e-06
-6.51225e-06
-1.34345e-05
-2.2121e-05
-3.19456e-05
-4.22496e-05
-5.23866e-05
-6.17694e-05
-6.98994e-05
-7.64139e-05
-8.10454e-05
-8.37755e-05
-8.44313e-05
-8.36722e-05
-8.04794e-05
-7.68216e-05
-7.19258e-05
-6.65608e-05
-6.0837e-05
-5.5084e-05
-4.94745e-05
-4.41695e-05
-3.92592e-05
-3.47932e-05
-3.07785e-05
-2.71923e-05
-2.39897e-05
-2.11129e-05
-1.84982e-05
-1.60832e-05
-1.38122e-05
-1.16421e-05
-9.54685e-06
-7.52256e-06
-5.59064e-06
-3.80063e-06
-2.23096e-06
-9.87854e-07
-2.01447e-07
0
0
0
0
0
0
0
0
0
0
0
0
0
0
0
0
0
0
0
0
0
0
0
0
0
0
0
0
0
0
0
0
0
-8.82216e-08
-2.43114e-06
-7.87048e-06
-1.61342e-05
-2.6774e-05
-3.91872e-05
-5.2652e-05
-6.63708e-05
-7.95223e-05
-9.13128e-05
-0.000101028
-0.000108087
-0.000112062
-0.000112735
-0.000110083
-0.000104291
-9.57371e-05
-8.49597e-05
-7.26226e-05
-5.94643e-05
-4.62508e-05
-3.37216e-05
-2.25423e-05
-1.32634e-05
-6.28972e-06
-1.86261e-06
-5.32486e-08
0
0
0
0
0
0
0
0
0
0
0
0
0
0
0
0
0
0
0
0
0
0
0
0
0
0
0
0
-6.60927e-08
-8.79378e-07
-2.55316e-06
-4.98266e-06
-8.04331e-06
-1.15964e-05
-1.54955e-05
-1.95931e-05
-2.37464e-05
-2.78247e-05
-3.17112e-05
-3.53119e-05
-3.85513e-05
-4.13831e-05
-4.3772e-05
-4.57291e-05
-4.72395e-05
-4.83735e-05
-4.90971e-05
-4.95586e-05
-4.96297e-05
-4.96021e-05
-4.91124e-05
-4.87657e-05
-4.76884e-05
-4.69294e-05
-4.55767e-05
-4.4225e-05
-4.24205e-05
-4.04233e-05
-3.80129e-05
-3.53049e-05
-3.22128e-05
-2.88141e-05
-2.51187e-05
-2.12243e-05
-1.72221e-05
-1.32556e-05
-9.48199e-06
-6.08791e-06
-3.26797e-06
-1.22044e-06
-1.33114e-07
0
0
0
0
0
0
0
0
0
0
0
0
0
0
0
0
0
0
0
0
0
0
0
0
0
0
0
0
0
0
0
0
0
0
0
0
0
0
0
-1.3979e-09
-4.42627e-08
-1.31464e-07
-2.45842e-07
-3.74473e-07
-5.07884e-07
-6.39333e-07
-7.6416e-07
-8.79254e-07
-9.82619e-07
-1.07304e-06
-1.14984e-06
-1.21275e-06
-1.26173e-06
-1.29703e-06
-1.31902e-06
-1.3283e-06
-1.3257e-06
-1.31204e-06
-1.28833e-06
-1.25571e-06
-1.21535e-06
-1.16853e-06
-1.11649e-06
-1.06045e-06
-1.00158e-06
-9.40991e-07
-8.79681e-07
-8.18543e-07
-7.58351e-07
-6.9975e-07
-6.43265e-07
-5.893e-07
-5.38148e-07
-4.90006e-07
-4.44982e-07
-4.03114e-07
-3.64378e-07
-3.28704e-07
-2.95985e-07
-2.66085e-07
-2.3885e-07
-2.14116e-07
-1.91712e-07
-1.71466e-07
-1.53207e-07
-1.36772e-07
-1.22002e-07
-1.08748e-07
-9.68716e-08
-8.62409e-08
-7.67358e-08
-6.82451e-08
-6.06672e-08
-5.39091e-08
-4.78863e-08
-4.25223e-08
-3.77477e-08
-3.34999e-08
-2.97227e-08
-2.63653e-08
-2.33822e-08
-2.07327e-08
-1.83801e-08
-1.62919e-08
-1.44389e-08
-1.27949e-08
-1.13367e-08
-1.00437e-08
-8.8972e-09
-7.8809e-09
-6.98013e-09
-6.18188e-09
-5.47456e-09
-4.84791e-09
-4.29278e-09
-3.80106e-09
-3.36554e-09
-2.97984e-09
-2.63828e-09
-2.33583e-09
-2.06804e-09
-1.83093e-09
-1.62102e-09
-1.43517e-09
-1.27066e-09
-1.12502e-09
-9.96103e-10
-8.81988e-10
-7.80978e-10
-6.9157e-10
-6.12434e-10
-5.4239e-10
-4.80394e-10
-4.25523e-10
-3.76958e-10
-3.33975e-10
-2.95932e-10
-2.62261e-10
-2.32461e-10
-2.06087e-10
-1.82744e-10
-1.62085e-10
-1.438e-10
-1.27617e-10
-1.13295e-10
-1.00619e-10
-8.94007e-11
-7.94721e-11
-7.06851e-11
-6.29086e-11
-5.60266e-11
-4.99363e-11
-4.4547e-11
-3.97782e-11
-3.55587e-11
-3.18257e-11
-2.85235e-11
-2.56028e-11
-2.30201e-11
-2.07369e-11
-1.87192e-11
-1.6937e-11
-1.53635e-11
-1.39766e-11
-1.27549e-11
-1.16793e-11
-1.07339e-11
-9.90468e-12
-9.17921e-12
-8.54679e-12
-7.99804e-12
-7.52476e-12
-7.11996e-12
-6.77764e-12
-6.49274e-12
-6.26102e-12
-6.07905e-12
-5.94412e-12
-5.85424e-12
-5.80805e-12
-5.8049e-12
-5.84466e-12
-5.92797e-12
-6.05606e-12
-6.23082e-12
-6.45482e-12
-6.73138e-12
-7.06459e-12
-7.45936e-12
-7.92153e-12
-8.45793e-12
-9.07649e-12
-9.78636e-12
-1.0598e-11
-1.15235e-11
-1.25764e-11
-1.37723e-11
-1.51289e-11
-1.66663e-11
-1.84072e-11
-2.03773e-11
-2.26057e-11
-2.51254e-11
-2.79735e-11
-3.11923e-11
-3.48292e-11
-3.8938e-11
-4.35795e-11
-4.88222e-11
-5.47437e-11
-6.14315e-11
-6.89843e-11
-7.75139e-11
-8.71464e-11
-9.80241e-11
-1.10308e-10
-1.24179e-10
-1.39843e-10
-1.57531e-10
-1.77505e-10
-2.0006e-10
-2.25529e-10
-2.54289e-10
-2.86765e-10
-3.23437e-10
-3.64848e-10
-4.11609e-10
-4.64412e-10
-5.24038e-10
-5.91367e-10
-6.67396e-10
-7.53248e-10
-8.50194e-10
-9.59665e-10
-1.08328e-09
-1.22287e-09
-1.38049e-09
-1.55849e-09
-1.75948e-09
-1.98644e-09
-2.24272e-09
-2.53212e-09
-2.85892e-09
-3.22794e-09
-3.64465e-09
-4.1152e-09
-4.64655e-09
-5.24657e-09
-5.92411e-09
-6.68921e-09
-7.55317e-09
-8.52877e-09
-9.63043e-09
-1.08745e-08
-1.22792e-08
-1.38655e-08
-1.56568e-08
-1.76796e-08
-1.99637e-08
-2.2543e-08
-2.54556e-08
-2.87446e-08
-3.24586e-08
-3.66525e-08
-4.13883e-08
-4.67362e-08
-5.27751e-08
-5.95943e-08
-6.72948e-08
-7.59903e-08
-8.58094e-08
-9.68973e-08
-1.09418e-07
-1.23557e-07
-1.39522e-07
-1.57551e-07
-1.77909e-07
-2.00897e-07
-2.26856e-07
-2.56168e-07
-2.89268e-07
-3.26644e-07
-3.68849e-07
-4.16505e-07
-4.70318e-07
-5.31082e-07
-5.99695e-07
-6.77169e-07
-7.64648e-07
-8.63423e-07
-9.74952e-07
-1.10088e-06
-1.24306e-06
-1.4036e-06
-1.58484e-06
-1.78948e-06
-2.0205e-06
-2.28132e-06
-2.57577e-06
-2.90816e-06
-3.28337e-06
-3.70691e-06
-4.18496e-06
-4.72452e-06
-5.33345e-06
-6.02063e-06
-6.79604e-06
-7.67093e-06
-8.65796e-06
-9.77135e-06
-1.10271e-05
-1.24433e-05
-1.404e-05
-1.58399e-05
-1.78686e-05
-2.01543e-05
-2.27291e-05
-2.56285e-05
-2.88924e-05
-3.25652e-05
-3.66963e-05
-4.13417e-05
-4.65592e-05
-5.24151e-05
-5.89865e-05
-6.63535e-05
-7.46047e-05
-8.38364e-05
-9.41527e-05
-0.000105666
-0.000118495
-0.000132767
-0.000148614
-0.000166172
-0.000185581
-0.000206977
-0.000230492
-0.000256249
-0.000284353
-0.000314886
-0.000347899
-0.000383402
-0.00042135
-0.000461634
-0.000504074
-0.0005484
-0.000594246
-0.000641138
-0.000688487
-0.000735593
-0.000781646
-0.000825744
-0.000866909
-0.000904122
-0.000936353
-0.00096261
-0.000981976
-0.000993768
-0.000997198
-0.000991724
-0.000977257
-0.000953934
-0.000922176
-0.000882666
-0.000836323
-0.000784266
-0.000727764
-0.000668176
-0.000606886
-0.000545237
-0.00048447
-0.000425673
-0.000369747
-0.000317381
-0.000269048
-0.000225006
-0.000185322
-0.000149912
-0.000118587
-9.11123e-05
-6.72533e-05
-4.68413e-05
-2.98162e-05
-1.62734e-05
-6.49604e-06
-9.77034e-07
0
0
0
0
0
0
0
0
0
0
0
0
0
0
0
0
0
0
0
0
0
0
0
0
0
0
0
0
0
0
0
0
0
0
0
0
0
0
0
0
0
0
0
0
0
0
0
0
0
0
0
0
0
0
0
0
0
0
0
0
0
0
0
0
0
0
0
0
0
0
0
0
0
0
0
0
0
0
0
0
0
0
0
0
0
0
0
0
0
0
0
0
0
0
0
0
0
0
-1.44733e-09
-1.27143e-08
-3.53059e-08
-6.95598e-08
-1.15986e-07
-1.75276e-07
-2.48311e-07
-3.36178e-07
-4.40184e-07
-5.61876e-07
-7.03063e-07
-8.65846e-07
-1.05264e-06
-1.26624e-06
-1.5098e-06
-1.78695e-06
-2.1018e-06
-2.45905e-06
-2.86399e-06
-3.32263e-06
-3.8418e-06
-4.42919e-06
-5.09352e-06
-5.84465e-06
-6.69371e-06
-7.65329e-06
-8.7376e-06
-9.96269e-06
-1.13467e-05
-1.29101e-05
-1.46759e-05
-1.66702e-05
-1.89224e-05
-2.14657e-05
-2.43374e-05
-2.75797e-05
-3.124e-05
-3.53719e-05
-4.00357e-05
-4.52992e-05
-5.12387e-05
-5.79403e-05
-6.55005e-05
-7.40275e-05
-8.36429e-05
-9.44833e-05
-0.000106702
-0.000120469
-0.000135978
-0.000153443
-0.000173105
-0.000195236
-0.000220099
-0.00024802
-0.000279388
-0.000314591
-0.000354057
-0.000398261
-0.000447713
-0.000502966
-0.00056461
-0.000633275
-0.000709629
-0.000794354
-0.000888146
-0.000991697
-0.00110567
-0.00123069
-0.00136728
-0.00151584
-0.00167661
-0.00184958
-0.00203445
-0.00223052
-0.00243666
-0.00265116
-0.00287169
-0.0030952
-0.00331784
-0.00353497
-0.00374106
-0.00392999
-0.00409477
-0.00422822
-0.00432284
-0.00437156
-0.00436756
-0.00430512
-0.00418054
-0.0039949
-0.0037529
-0.00345535
-0.00310869
-0.00272226
-0.00230816
-0.00188117
-0.00145792
-0.00105665
-0.0006961
-0.000394819
-0.00016977
-3.52485e-05
0
0
0
0
0
0
0
0
0
0
0
0
0
0
0
0
0
0
0
0
0
0
0
0
0
0
0
0
0
0
0
0
0
0
0
0
0
0
0
0
0
0
0
0
0
0
0
0
0
0
0
0
0
0
0
0
0
0
0
0
0
0
0
0
0
0
0
0
0
0
0
0
0
0
0
0
0
0
0
0
0
0
0
0
0
0
0
0
0
0
0
0
0
0
0
0
0
0
0
0
0
0
0
0
0
0
0
0
0
0
0
0
0
0
0
0
0
0
0
0
0
0
0
0
0
0
0
0
0
0
0
0
0
0
0
0
0
0
0
0
0
0
0
0
0
0
0
0
0
0
0
0
0
0
0
0
0
0
0
0
0
0
0
0
0
0
0
0
0
0
0
0
0
0
0
0
0
0
0
0
0
0
0
0
0
0
0
0
0
0
0
0
0
0
0
0
0
0
0
-1.06665e-14
-5.23259e-15
-1.15492e-15
-6.49629e-16
-2.88985e-16
-1.80246e-16
-1.11361e-16
-8.07748e-17
-6.51304e-17
-6.13462e-17
-6.80413e-17
-8.51095e-17
-1.20754e-16
-1.72387e-16
-2.54409e-16
-3.42336e-16
)
;
    }
    inlet
    {
        type            zeroGradient;
    }
    outlet
    {
        type            zeroGradient;
    }
    bottom
    {
        type            zeroGradient;
    }
    frontBack
    {
        type            empty;
    }
}


// ************************************************************************* //
