/*--------------------------------*- C++ -*----------------------------------*\
| =========                 |                                                 |
| \\      /  F ield         | OpenFOAM: The Open Source CFD Toolbox           |
|  \\    /   O peration     | Version:  v1912                                 |
|   \\  /    A nd           | Website:  www.openfoam.com                      |
|    \\/     M anipulation  |                                                 |
\*---------------------------------------------------------------------------*/
FoamFile
{
    version     2.0;
    format      ascii;
    class       volScalarField;
    location    "4";
    object      p_rgh;
}
// * * * * * * * * * * * * * * * * * * * * * * * * * * * * * * * * * * * * * //

dimensions      [1 -1 -2 0 0 0 0];


internalField   nonuniform List<scalar> 
45849
(
7532.19
7476.22
7365.05
7204.96
7012.09
6776.95
6506.08
6201.21
5862.74
5492.06
5093.51
4664.58
4207.82
3730.61
3243.12
2756.77
2283.63
1838.96
1409.73
859.321
434.107
41.9317
-321.79
-657.887
-965.712
-1244.43
-1493.94
-1715.56
-1912.15
-2087.76
-2246.87
-2393.19
-2528.45
-2651.42
-2757.54
-2839.42
-2886
-2884.96
-2831.92
-2719.61
-2545.32
-2310.99
-2022.81
-1690.75
-1327.31
-945.958
-559.981
-181.096
181.609
520.104
827.849
1100.41
1333.68
1523.84
1667.28
1761.1
1801.57
1796.4
1742.52
1644.45
1509.11
1345.6
1164.62
977.995
796.038
652.935
513.132
411.451
350.804
334.161
356.672
410.898
489.47
583.566
682.643
775.264
850.207
897.466
909.156
880.168
809.31
698.483
553.192
381.85
194.978
4.0374
-180.248
-348.428
-494.219
-614.748
-710.791
-786.463
-848.2
-903.427
-959.193
-1020.99
-1091.95
-1172.33
-1259.81
-1349.95
-1437.01
-1514.69
-1576.83
-1618.01
-1633.95
-1620.88
-1576.6
-1500.32
-1390.8
-1247.12
-1068.71
-856.211
-610.747
-335.67
-48.7842
309.397
627.127
956.15
1273.6
1569.79
1834.91
2061.16
2242.53
2374.7
2455.86
2485.3
2457.33
2382.47
2256.42
2088.43
1866.97
1628.64
1335.94
1024.55
690.99
370.777
63.7936
-245.337
-522.752
-757.567
-947.519
-1087.29
-1176.71
-1216.43
-1210.61
-1165.73
-1089.1
-987.761
-869.918
-743.776
-612.785
-485.874
-372.624
-273.264
-189.743
-123.224
-73.612
-39.8058
-17.8075
-8.89833
-8.3114
-12.2515
-19.7044
-27.4671
-34.359
-39.5203
-42.5552
-43.548
-42.7605
-40.684
-37.7523
-34.3622
-30.8423
-27.3845
-24.1017
-21.0636
-18.3048
-15.8341
-13.6447
-11.7202
-10.0391
-8.57837
-7.31436
-6.22453
-5.28775
-4.48468
-3.79785
-3.21167
-2.71235
-2.2878
-1.92743
-1.62205
-1.36365
-1.14532
-0.961084
-0.805797
-0.675051
-0.565078
-0.472669
-0.395086
-0.33001
-0.275469
-0.229796
-0.191577
-0.159619
-0.132913
-0.110612
-0.0920004
-0.0764767
-0.0635362
-0.0527551
-0.043778
-0.0363072
-0.0300934
-0.0249288
-0.0206375
-0.0170793
-0.0141254
-0.0116826
7535.84
7479.08
7367.68
7207.74
7013.99
6778.46
6507.89
6203.55
5865.59
5495.27
5096.87
4667.76
4210.46
3732.39
3243.87
2756.43
2282.22
1836.48
1405.46
856.758
431.135
38.8396
-324.903
-660.984
-968.772
-1247.42
-1496.81
-1718.23
-1914.53
-2089.78
-2248.52
-2394.57
-2529.76
-2652.95
-2759.61
-2842.26
-2889.92
-2889.92
-2837.81
-2726.1
-2551.99
-2317.39
-2028.53
-1695.42
-1330.71
-947.998
-560.678
-180.562
183.223
522.633
831.138
1104.34
1338.16
1528.78
1672.59
1766.67
1807.3
1801.95
1747.7
1649
1512.81
1348.24
1166.05
978.137
794.914
650.525
509.792
407.428
346.372
329.785
352.402
407.26
486.778
582.03
682.391
776.325
852.501
900.808
913.262
884.675
813.815
702.585
556.527
384.135
196.054
3.88677
-181.508
-350.532
-496.814
-617.438
-713.195
-788.281
-849.252
-903.679
-958.746
-1020.06
-1090.8
-1171.27
-1259.09
-1349.79
-1437.51
-1515.88
-1578.65
-1620.36
-1636.7
-1623.93
-1579.84
-1503.7
-1394.31
-1250.71
-1072.33
-859.724
-613.955
-338.163
-50.3608
307.078
626.086
956.496
1275.11
1572.33
1838.31
2065.23
2247.05
2379.47
2460.71
2490.09
2462.04
2387.01
2260.72
2092.42
1870.53
1631.66
1338.21
1026.02
691.382
369.998
61.9009
-248.084
-526.366
-761.777
-952.039
-1091.84
-1181.05
-1220.33
-1213.97
-1168.44
-1091.11
-989.065
-870.54
-743.778
-612.233
-484.86
-371.278
-271.704
-188.087
-121.571
-72.0643
-38.3653
-16.7408
-8.03169
-7.73082
-11.9155
-19.5719
-27.4692
-34.454
-39.6589
-42.7019
-43.6779
-42.8621
-40.7535
-37.7912
-34.376
-30.837
-27.3661
-24.0755
-21.0335
-18.2736
-15.8037
-13.6161
-11.6938
-10.0153
-8.55715
-7.29565
-6.20815
-5.27352
-4.47239
-3.78729
-3.20264
-2.70468
-2.28131
-1.92198
-1.6175
-1.35988
-1.14223
-0.958575
-0.803788
-0.673472
-0.563867
-0.471773
-0.39446
-0.329614
-0.275271
-0.229766
-0.191692
-0.159857
-0.133258
-0.111048
-0.0925145
-0.0770583
-0.0641762
-0.0534456
-0.0445125
-0.03708
-0.0308997
-0.0257645
-0.0214995
-0.0179633
-0.0150303
-0.0126035
7543.05
7484.64
7372.68
7213.49
7017.53
6781.34
6511.45
6208.18
5871.26
5501.68
5103.58
4674.11
4215.7
3735.92
3245.31
2755.69
2279.35
1831.5
1396.88
851.473
425.103
32.5998
-331.163
-667.198
-974.903
-1253.41
-1502.56
-1723.58
-1919.31
-2093.84
-2251.82
-2397.31
-2532.36
-2656
-2763.72
-2847.93
-2897.71
-2899.84
-2849.6
-2739.11
-2565.38
-2330.25
-2040.01
-1704.81
-1337.55
-952.091
-562.073
-179.486
186.468
527.709
837.733
1112.22
1347.13
1538.68
1683.23
1777.82
1818.76
1813.07
1758.07
1658.14
1520.22
1353.52
1168.9
978.407
792.643
645.668
503.082
399.356
337.467
321.022
343.796
399.934
481.361
578.936
681.877
778.446
857.101
907.515
921.508
893.73
822.866
710.824
563.22
388.712
198.189
3.56125
-184.071
-354.792
-502.057
-622.868
-718.046
-791.943
-851.367
-904.179
-957.835
-1018.16
-1088.48
-1169.11
-1257.64
-1349.45
-1438.52
-1518.27
-1582.3
-1625.07
-1642.22
-1630.05
-1586.32
-1510.49
-1401.33
-1257.91
-1079.58
-866.771
-620.405
-343.165
-52.8125
301.681
624.005
957.203
1278.15
1577.42
1845.13
2073.38
2256.1
2389.03
2470.43
2499.69
2471.46
2396.08
2269.31
2100.36
1877.6
1637.63
1342.68
1028.87
692.076
368.34
58.0087
-253.676
-533.676
-770.261
-961.124
-1100.98
-1189.75
-1228.14
-1220.69
-1173.85
-1095.13
-991.667
-871.773
-743.769
-611.115
-482.818
-368.572
-268.57
-184.763
-118.266
-68.9529
-35.4833
-14.5822
-6.29952
-6.5659
-11.2482
-19.3076
-27.4758
-34.6453
-39.9365
-42.9942
-43.9239
-43.063
-40.8894
-37.8657
-34.4001
-30.8232
-27.3269
-24.0211
-20.9717
-18.2097
-15.7413
-13.5572
-11.6396
-9.96624
-8.51323
-7.25671
-6.17387
-5.24351
-4.44622
-3.76454
-3.18293
-2.68763
-2.26659
-1.90929
-1.60657
-1.35047
-1.13412
-0.951576
-0.797742
-0.668237
-0.559322
-0.467812
-0.390993
-0.326563
-0.27257
-0.227358
-0.189527
-0.157896
-0.131465
-0.109393
-0.0909732
-0.0756094
-0.0628019
-0.0521309
-0.0432449
-0.035849
-0.0296965
-0.0245819
-0.0203311
-0.0168057
-0.0138766
-0.0114589
7553.65
7492.54
7379.45
7222.58
7022.17
6785.31
6516.61
6215.05
5879.77
5511.35
5113.74
4683.74
4223.67
3741.29
3247.51
2754.59
2275.06
1824.12
1383.99
843.265
415.927
23.1712
-340.585
-676.526
-984.097
-1262.4
-1511.19
-1731.62
-1926.49
-2099.93
-2256.77
-2401.39
-2536.2
-2660.48
-2769.81
-2856.37
-2909.3
-2914.69
-2867.33
-2758.7
-2585.57
-2349.67
-2057.35
-1719.01
-1347.88
-958.27
-564.171
-177.851
191.374
535.369
847.671
1124.07
1360.61
1553.55
1699.21
1794.56
1835.94
1829.79
1773.69
1671.9
1531.4
1361.49
1173.2
978.824
789.224
638.319
492.956
387.182
324.016
307.846
330.718
388.818
473.15
574.237
681.073
781.624
864.027
917.632
933.959
907.416
836.552
723.29
573.351
395.642
201.421
3.05728
-187.972
-361.27
-510.032
-631.125
-725.421
-797.508
-854.571
-904.922
-956.428
-1015.25
-1084.91
-1165.8
-1255.41
-1348.9
-1440
-1521.85
-1587.81
-1632.17
-1650.52
-1639.25
-1596.07
-1520.67
-1411.86
-1268.72
-1090.48
-877.394
-630.176
-350.783
-53.5758
290.52
620.956
958.3
1282.73
1585.1
1855.4
2085.65
2269.73
2403.41
2485.04
2514.11
2485.61
2409.7
2282.21
2112.3
1888.25
1646.65
1349.45
1033.17
693.174
365.868
52.1546
-262.104
-544.693
-783.051
-974.821
-1114.76
-1202.86
-1239.89
-1230.8
-1181.99
-1101.15
-995.559
-873.607
-743.735
-609.415
-479.729
-364.487
-263.842
-179.752
-113.322
-64.2547
-31.1131
-11.2941
-3.71863
-4.82653
-10.2661
-18.9244
-27.503
-34.9469
-40.365
-43.4428
-44.3162
-43.3683
-41.0952
-37.9783
-34.4366
-30.8025
-27.2675
-23.9389
-20.8786
-18.1139
-15.6478
-13.4692
-11.5588
-9.89322
-8.44804
-7.19905
-6.12325
-5.19932
-4.40783
-3.73134
-3.15431
-2.66305
-2.24554
-1.89132
-1.59127
-1.33749
-1.12313
-0.942308
-0.789948
-0.661707
-0.553873
-0.463287
-0.387257
-0.323501
-0.270082
-0.22536
-0.187947
-0.156672
-0.130545
-0.108733
-0.090535
-0.0753617
-0.0627177
-0.0521877
-0.0434234
-0.0361331
-0.0300725
-0.0250378
-0.0208579
-0.017392
-0.0145194
-0.0121397
7567.37
7502.31
7386.95
7235.41
7026.83
6789.95
6523.15
6224.06
5891.11
5524.35
5127.45
4696.79
4234.52
3748.63
3250.56
2753.17
2269.41
1814.45
1366.8
831.847
403.47
10.4808
-353.2
-688.971
-996.345
-1274.37
-1522.69
-1742.36
-1936.1
-2108.09
-2263.37
-2406.78
-2541.22
-2666.33
-2777.77
-2867.53
-2924.6
-2934.49
-2891.06
-2785
-2612.72
-2375.81
-2080.71
-1738.13
-1361.8
-966.58
-566.975
-175.63
197.989
545.668
861.006
1139.95
1378.65
1573.42
1720.56
1816.93
1858.86
1852.16
1794.62
1690.38
1546.43
1372.22
1179.02
979.416
784.651
628.405
479.351
370.843
305.902
290.241
312.939
373.747
462.044
567.863
679.942
785.854
873.31
931.225
950.713
925.857
855.003
740.115
587.036
405.006
205.784
2.36419
-193.276
-370.072
-520.867
-642.347
-735.442
-805.059
-858.903
-905.901
-954.473
-1011.23
-1080.01
-1161.24
-1252.3
-1348.08
-1441.95
-1526.64
-1595.19
-1641.69
-1661.66
-1651.56
-1609.09
-1534.26
-1425.93
-1283.15
-1105.06
-891.652
-643.387
-361.499
-58.0087
278.796
617.361
959.833
1288.89
1595.41
1869.19
2102.11
2288
2422.65
2504.57
2533.39
2504.5
2427.87
2299.44
2128.25
1902.49
1658.71
1358.54
1038.94
694.691
362.553
44.2794
-273.458
-559.512
-800.246
-993.222
-1133.25
-1220.43
-1255.64
-1244.31
-1192.84
-1109.17
-1000.73
-876.016
-743.641
-607.099
-475.555
-358.986
-257.482
-173.017
-106.768
-58.3004
-25.0409
-6.83163
-0.307278
-2.52333
-8.97947
-18.4327
-27.5631
-35.3678
-40.9506
-44.0497
-44.8377
-43.7759
-41.3668
-38.1239
-34.4804
-30.7707
-27.1852
-23.8272
-20.753
-17.9851
-15.5226
-13.3516
-11.4508
-9.7957
-8.36102
-7.12209
-6.05565
-5.14028
-4.3565
-3.68688
-3.11593
-2.63001
-2.21718
-1.86702
-1.57049
-1.31975
-1.10801
-0.929432
-0.778992
-0.652389
-0.545949
-0.456548
-0.381523
-0.318616
-0.265913
-0.221793
-0.184886
-0.154033
-0.128259
-0.106741
-0.0887855
-0.0738122
-0.0613322
-0.0509358
-0.0422793
-0.0350752
-0.0290826
-0.0241012
-0.019961
-0.0165264
-0.0136725
-0.0113146
7583.88
7513.38
7393.76
7249.06
7030.21
6794.79
6530.79
6235.07
5905.29
5540.76
5144.84
4713.44
4248.43
3758.1
3254.55
2751.48
2262.44
1802.64
1345.19
816.875
387.552
-5.56971
-369.048
-704.538
-1011.63
-1289.31
-1537.08
-1755.83
-1948.18
-2118.34
-2271.63
-2413.44
-2547.33
-2673.4
-2787.47
-2881.28
-2943.45
-2959.24
-2920.87
-2818.12
-2647
-2408.88
-2110.3
-1762.36
-1379.43
-977.085
-570.493
-172.786
206.377
558.686
877.815
1159.91
1401.29
1598.34
1747.32
1844.95
1887.56
1880.25
1820.96
1713.67
1565.41
1385.81
1186.41
980.212
778.919
615.819
462.18
350.26
282.894
268.255
290.065
354.485
447.906
559.721
678.431
791.13
884.992
948.383
971.904
949.221
878.395
761.474
604.427
416.914
211.326
1.46731
-200.07
-381.341
-534.744
-656.719
-748.273
-814.724
-864.4
-907.099
-951.901
-1006.01
-1073.63
-1155.29
-1248.21
-1346.92
-1444.32
-1532.65
-1604.5
-1653.7
-1675.68
-1667.02
-1625.43
-1551.28
-1443.53
-1301.23
-1123.36
-909.62
-660.178
-375.684
-67.2181
267.46
613.427
961.842
1296.67
1608.39
1886.56
2122.85
2310.98
2446.84
2529.09
2557.56
2528.16
2450.62
2321.01
2148.26
1920.39
1673.9
1370.03
1046.22
696.693
358.407
34.3414
-287.828
-578.236
-821.96
-1016.44
-1156.57
-1242.54
-1275.44
-1261.27
-1206.44
-1119.19
-1007.15
-878.973
-743.453
-604.13
-470.253
-352.023
-249.446
-164.514
-98.6097
-50.3273
-17.8231
-1.21407
3.9235
0.324416
-7.41095
-17.8578
-27.6827
-35.9309
-41.712
-44.8293
-45.5086
-44.2897
-41.7054
-38.3022
-34.5303
-30.7262
-27.0783
-23.6843
-20.5937
-17.8226
-15.3653
-13.2042
-11.3157
-9.67382
-8.25236
-7.02607
-5.97138
-5.06672
-4.29258
-3.63156
-3.06821
-2.58897
-2.18198
-1.83691
-1.54479
-1.29786
-1.08941
-0.91365
-0.76563
-0.641097
-0.536426
-0.448533
-0.374792
-0.312978
-0.261204
-0.217874
-0.181637
-0.151353
-0.126062
-0.104953
-0.0873465
-0.0726696
-0.0604421
-0.0502613
-0.0417894
-0.0347438
-0.0288878
-0.024024
-0.0199869
-0.016639
-0.0138651
-0.0115658
7602.7
7525.2
7398.65
7237.36
7031.29
6799.34
6539.17
6247.92
5922.31
5560.69
5166.09
4733.93
4265.67
3769.92
3259.62
2749.56
2254.17
1788.89
1319.02
797.969
367.962
-25.0998
-388.179
-723.227
-1029.94
-1307.22
-1554.36
-1772.04
-1962.76
-2130.72
-2281.55
-2421.32
-2554.41
-2681.54
-2798.74
-2897.48
-2965.85
-2988.86
-2956.86
-2858.25
-2688.67
-2449.17
-2146.39
-1791.94
-1400.94
-989.867
-574.73
-169.27
216.626
574.523
898.197
1184.05
1428.61
1628.35
1779.53
1878.67
1922.08
1914.16
1852.82
1741.91
1588.47
1402.35
1195.46
981.255
772.03
600.404
441.339
325.364
257.539
239.279
261.583
330.704
430.567
549.694
676.475
797.441
899.123
969.217
997.697
977.724
906.951
787.593
625.722
431.508
218.113
0.343885
-208.467
-395.261
-551.891
-674.483
-764.132
-826.622
-871.156
-908.513
-948.625
-999.439
-1065.61
-1147.79
-1243
-1345.33
-1447.09
-1539.89
-1615.78
-1668.27
-1692.65
-1685.67
-1645.1
-1571.75
-1464.68
-1322.97
-1145.42
-931.386
-680.686
-393.523
-80.3358
255.473
609.111
964.343
1306.1
1624.12
1907.6
2147.95
2338.77
2476.05
2558.66
2586.66
2556.6
2477.97
2346.96
2172.34
1942.01
1692.25
1383.98
1055.04
699.231
353.431
22.2621
-305.348
-601.009
-848.349
-1044.64
-1184.84
-1269.28
-1299.36
-1281.72
-1222.79
-1131.19
-1014.8
-882.437
-743.118
-600.451
-463.763
-343.539
-239.672
-154.188
-88.9087
-40.3214
-9.34105
5.54765
8.95251
3.69346
-5.58508
-17.2261
-27.8869
-36.6561
-42.6632
-45.7891
-46.3252
-44.909
-42.1074
-38.5083
-34.5812
-30.6647
-26.9434
-23.5081
-20.3993
-17.6256
-15.1752
-13.0265
-11.1533
-9.52754
-8.12209
-6.91104
-5.87048
-4.97869
-4.21612
-3.56539
-3.01114
-2.5399
-2.13989
-1.8009
-1.51404
-1.27166
-1.06711
-0.894715
-0.749568
-0.627488
-0.524908
-0.438793
-0.366562
-0.306026
-0.255333
-0.212915
-0.177445
-0.147807
-0.123056
-0.1024
-0.0851704
-0.0708072
-0.0588397
-0.0488733
-0.0405775
-0.0336755
-0.0279359
-0.0231657
-0.0192022
-0.0159137
-0.0131821
-0.0109221
7623.14
7537.24
7402.64
7230.25
7031.23
6803.08
6547.81
6262.4
5942.17
5584.28
5191.4
4758.56
4286.54
3784.35
3265.94
2747.44
2244.57
1773.42
1287.98
774.733
344.461
-48.249
-410.646
-745.029
-1051.24
-1328.05
-1574.53
-1791.04
-1979.89
-2145.3
-2293.15
-2430.38
-2562.34
-2690.54
-2811.36
-2915.97
-2991.77
-3023.32
-2999.11
-2905.6
-2738.01
-2497.01
-2189.33
-1827.14
-1426.52
-1005.03
-579.696
-165.016
228.847
593.307
922.277
1212.47
1460.66
1663.51
1817.24
1918.16
1962.52
1953.99
1890.35
1775.26
1615.79
1422.01
1206.28
982.602
764.007
581.941
416.693
295.951
226.37
205.209
229.299
301.597
409.822
537.644
673.99
804.772
915.76
993.859
1028.29
1011.63
940.935
818.749
651.164
448.963
226.221
-1.02363
-218.605
-412.059
-572.593
-695.938
-783.294
-840.908
-879.288
-910.072
-944.539
-991.335
-1055.73
-1138.52
-1236.49
-1343.19
-1450.21
-1548.39
-1629.11
-1685.49
-1712.67
-1707.59
-1668.16
-1595.68
-1489.4
-1348.4
-1171.31
-957.043
-705.049
-415.143
-96.9969
242.246
604.266
967.317
1317.24
1642.69
1932.44
2177.56
2371.51
2510.39
2593.34
2620.76
2589.87
2509.93
2377.32
2200.56
1967.41
1713.86
1400.51
1065.47
702.373
347.674
7.95698
-326.171
-628
-879.595
-1077.99
-1218.23
-1300.8
-1327.52
-1305.7
-1241.91
-1145.17
-1023.65
-886.367
-742.579
-596.005
-456.018
-333.467
-228.09
-141.987
-76.7792
-28.968
0.482315
13.3606
14.7494
7.55757
-3.52991
-16.5741
-28.2124
-37.5754
-43.8298
-46.9473
-47.3008
-45.6365
-42.5715
-38.7386
-34.6288
-30.582
-26.7774
-23.296
-20.1681
-17.3929
-14.9518
-12.8185
-10.9634
-9.35689
-7.97031
-6.77714
-5.75312
-4.87635
-4.12728
-3.48855
-2.94489
-2.48295
-2.09106
-1.75913
-1.4784
-1.24129
-1.04129
-0.872796
-0.73099
-0.611766
-0.511623
-0.427584
-0.357118
-0.298082
-0.248661
-0.20732
-0.172763
-0.143897
-0.1198
-0.0996955
-0.0829331
-0.0689651
-0.0573321
-0.0476492
-0.039594
-0.0328966
-0.0273314
-0.0227099
-0.0188746
-0.0156941
-0.013059
-0.0108745
7644.13
7548.83
7405.1
7227.72
7029.67
6805.13
6556.13
6278.27
5964.89
5611.69
5221.03
4787.69
4311.46
3801.74
3273.73
2745.18
2233.57
1756.48
1251.62
746.766
316.782
-75.1756
-436.505
-769.928
-1075.47
-1351.79
-1597.59
-1812.86
-1999.66
-2162.14
-2306.48
-2440.56
-2570.95
-2700.18
-2825.04
-2936.5
-3021.1
-3062.89
-3047.8
-2960.4
-2795.4
-2552.83
-2239.52
-1868.32
-1456.42
-1022.69
-585.398
-159.942
243.177
615.197
950.212
1245.29
1497.55
1703.88
1860.51
1963.48
2008.95
1999.87
1933.73
1813.91
1647.54
1444.95
1218.98
984.32
754.916
560.17
388.124
262.358
188.143
165.739
192.44
267.851
385.426
523.412
670.879
813.103
934.97
1022.46
1063.92
1051.26
980.659
855.274
681.048
469.494
235.753
-2.66073
-230.646
-432.003
-597.192
-721.45
-806.002
-857.905
-888.839
-911.85
-939.52
-981.484
-1043.75
-1127.22
-1228.47
-1340.36
-1453.63
-1558.17
-1644.58
-1705.47
-1735.84
-1732.83
-1694.64
-1623.09
-1517.67
-1377.54
-1201.06
-986.695
-733.411
-440.675
-117.08
227.372
598.708
970.724
1330.11
1664.18
1961.21
2211.83
2409.33
2549.99
2633.23
2659.91
2627.99
2546.53
2412.11
2232.96
1996.69
1738.8
1419.72
1077.6
706.152
341.204
-8.71378
-350.513
-659.424
-915.924
-1116.73
-1256.93
-1337.2
-1359.99
-1333.28
-1263.81
-1161.11
-1033.66
-890.7
-741.758
-590.71
-446.932
-321.716
-214.63
-128.001
-62.4449
-15.9138
11.6833
21.8272
21.2654
11.8788
-1.28459
-15.9464
-28.6996
-38.7204
-45.2333
-48.3165
-48.4384
-46.4717
-43.0931
-38.9869
-34.6668
-30.4728
-26.5758
-23.0451
-19.8981
-17.1233
-14.6944
-12.5796
-10.7461
-9.16187
-7.7971
-6.6245
-5.61943
-4.75986
-4.02619
-3.40115
-2.86957
-2.41822
-2.03558
-1.71169
-1.43791
-1.20681
-1.01198
-0.847911
-0.709899
-0.593915
-0.496533
-0.414843
-0.346372
-0.289027
-0.241037
-0.200905
-0.167368
-0.13936
-0.115984
-0.0964858
-0.0802303
-0.0666858
-0.0554057
-0.0460162
-0.038204
-0.0317072
-0.0263067
-0.0218201
-0.0180937
-0.0150023
-0.0124356
-0.0103102
7664.02
7559.06
7404.96
7224.03
7024.86
6804.19
6563.39
6295.25
5990.47
5643.07
5255.24
4821.77
4340.92
3822.53
3283.26
2742.84
2220.99
1738.38
1209.24
713.686
284.642
-106.057
-465.813
-797.888
-1102.57
-1378.37
-1623.54
-1837.55
-2022.14
-2181.34
-2321.57
-2451.81
-2580.07
-2710.17
-2839.44
-2958.74
-3053.86
-3112.5
-3103.11
-3022.91
-2861.23
-2617.12
-2297.47
-1915.92
-1490.95
-1043.01
-591.844
-153.944
259.789
640.384
982.194
1282.67
1539.39
1749.53
1909.38
2014.72
2061.51
2051.96
1983.13
1858.1
1683.98
1471.39
1233.72
986.489
744.871
534.016
355.443
222.794
143.478
120.562
150.445
229.968
356.989
506.817
667.023
822.406
956.825
1055.2
1104.84
1096.86
1026.62
897.56
715.722
493.359
246.835
-4.59289
-244.783
-455.414
-626.099
-751.471
-832.585
-877.918
-899.956
-913.587
-933.381
-969.622
-1029.34
-1113.6
-1218.68
-1336.68
-1457.29
-1569.27
-1662.29
-1728.36
-1762.3
-1761.48
-1724.62
-1654
-1549.51
-1410.39
-1234.74
-1020.45
-765.925
-470.241
-140.679
210.553
592.234
974.503
1344.76
1688.71
1994.06
2250.94
2452.42
2594.98
2678.43
2704.19
2670.98
2587.78
2451.38
2269.6
2029.96
1767.18
1441.77
1091.54
710.674
334.161
-27.8902
-378.591
-695.506
-957.581
-1161.1
-1301.2
-1378.64
-1396.92
-1364.51
-1288.53
-1178.99
-1044.79
-895.384
-740.583
-584.488
-436.419
-308.192
-199.213
-112.212
-45.749
-1.02462
24.3391
31.3873
28.5624
16.6355
1.11402
-15.3894
-29.3949
-40.1324
-46.9061
-49.9192
-49.7501
-47.4158
-43.6684
-39.2468
-34.6882
-30.3308
-26.334
-22.752
-19.5871
-16.8155
-14.4022
-12.3096
-10.5012
-8.94255
-7.60261
-6.45331
-5.46964
-4.62943
-3.91308
-3.30341
-2.78537
-2.34589
-1.9736
-1.6587
-1.39271
-1.16832
-0.979265
-0.820151
-0.686377
-0.574012
-0.479714
-0.400649
-0.334407
-0.278954
-0.232566
-0.193791
-0.1614
-0.13436
-0.111802
-0.0929919
-0.0773172
-0.0642622
-0.0533949
-0.0443534
-0.0368349
-0.0305861
-0.0253955
-0.0210863
-0.0175111
-0.0145468
-0.0120908
-0.0100551
7680.36
7566.36
7401.4
7216.61
7013.98
6798.46
6568.75
6313.05
6018.9
5678.6
5294.36
4861.32
4375.54
3847.27
3294.88
2740.49
2206.58
1719.52
1159.75
675.217
247.732
-141.092
-498.623
-828.855
-1132.45
-1407.71
-1652.35
-1865.16
-2047.43
-2203.03
-2338.51
-2464.1
-2589.52
-2720.17
-2854.17
-2982.26
-3089.22
-3159.48
-3164.34
-3093.42
-2936.02
-2690.49
-2363.78
-1970.45
-1530.48
-1066.17
-599.039
-146.89
278.898
669.095
1018.46
1324.78
1586.28
1800.53
1963.93
2071.97
2120.33
2110.38
2038.79
1908.08
1725.37
1501.56
1250.68
989.21
734.448
511.391
318.845
176.348
92.2521
69.4023
102.896
188.579
323.61
487.645
662.281
832.643
981.399
1092.27
1151.36
1148.78
1079.28
946.07
755.595
520.863
259.611
-6.83686
-261.238
-482.665
-659.802
-786.381
-863.653
-901.25
-913.225
-915.372
-926.061
-955.46
-1012.15
-1097.29
-1206.84
-1331.94
-1461.12
-1581.76
-1682.38
-1754.34
-1792.22
-1793.66
-1758.14
-1688.43
-1584.92
-1446.96
-1272.39
-1058.43
-802.802
-503.994
-167.943
191.496
584.639
978.588
1361.24
1716.4
2031.2
2295.11
2500.97
2645.53
2729.05
2753.65
2718.87
2633.68
2495.14
2310.53
2067.32
1799.09
1466.79
1107.36
715.987
326.68
-49.8868
-410.738
-736.559
-1004.89
-1211.41
-1351.09
-1425.52
-1438.43
-1399.48
-1316.05
-1198.78
-1056.97
-900.329
-738.942
-577.22
-424.361
-292.792
-181.759
-93.8155
-27.2708
15.7694
38.5807
43.2636
36.662
21.7543
3.59217
-14.9711
-30.3587
-41.8581
-48.8787
-51.771
-51.2401
-48.4665
-44.2901
-39.5092
-34.6845
-30.1489
-26.0465
-22.4129
-19.2327
-16.4681
-14.0745
-12.0082
-10.2285
-8.699
-7.387
-6.26377
-5.30396
-4.48527
-3.78814
-3.1955
-2.69245
-2.2661
-1.90526
-1.60029
-1.34289
-1.12592
-0.943231
-0.789579
-0.660477
-0.552101
-0.461202
-0.385027
-0.32124
-0.267868
-0.223241
-0.185954
-0.15482
-0.128839
-0.10717
-0.0891092
-0.0740625
-0.0615335
-0.0511059
-0.0424315
-0.0352186
-0.0292236
-0.0242432
-0.0201076
-0.0166747
-0.0138276
-0.0114654
-0.00950834
7689.77
7568.36
7395
7201.52
6993.1
6785.79
6571.23
6331.39
6050.16
5718.43
5338.7
4906.95
4416.07
3876.62
3309.04
2738.25
2189.91
1700.93
1101.09
631.257
205.698
-180.501
-534.98
-862.742
-1164.96
-1439.73
-1684.02
-1895.75
-2075.66
-2227.35
-2357.4
-2477.42
-2599.09
-2729.8
-2868.72
-3006.53
-3126.99
-3211
-3231.52
-3172.25
-3020.33
-2773.63
-2439.15
-2032.52
-1575.45
-1092.36
-606.988
-138.614
300.757
701.609
1059.29
1371.85
1638.36
1856.95
2024.18
2135.31
2185.63
2175.3
2100.94
1964.15
1772.03
1535.76
1270.05
992.44
721.75
479.944
275.549
122.95
34.0218
11.8763
49.1004
142.4
285.914
465.691
656.494
843.764
1008.77
1133.88
1203.82
1207.59
1139.06
1001.31
801.142
552.371
274.274
-9.40836
-280.264
-514.187
-698.896
-826.683
-899.777
-928.259
-928.135
-918.348
-916.382
-938.624
-991.758
-1077.87
-1192.57
-1325.93
-1465.03
-1595.67
-1705.02
-1783.62
-1825.8
-1829.48
-1795.3
-1726.39
-1623.86
-1487.25
-1314.06
-1100.76
-844.251
-542.193
-199.123
169.919
575.684
982.868
1379.59
1747.39
2072.81
2344.57
2555.23
2701.83
2785.22
2808.43
2771.68
2684.26
2543.45
2355.84
2108.95
1834.73
1495.02
1125.3
722.301
319.206
-75.0317
-447.178
-782.822
-1058.14
-1267.95
-1406.87
-1478.08
-1484.71
-1438.25
-1346.42
-1220.46
-1070.16
-905.477
-736.755
-568.814
-410.659
-275.452
-162.382
-72.655
-6.72835
34.5365
54.4019
56.0952
45.5287
27.2104
6.09783
-14.7421
-31.6456
-43.9443
-51.1895
-53.8977
-52.9205
-49.6233
-44.9513
-39.7646
-34.6458
-29.9188
-25.7073
-22.0239
-18.8324
-16.0795
-13.7105
-11.6749
-9.92821
-8.43134
-7.15047
-6.05612
-5.12264
-4.32764
-3.65163
-3.07766
-2.59104
-2.17905
-1.83073
-1.53662
-1.28861
-1.07972
-0.903988
-0.756295
-0.632287
-0.528259
-0.441064
-0.368038
-0.306924
-0.255817
-0.213109
-0.177443
-0.147677
-0.122851
-0.102155
-0.0849134
-0.070556
-0.0586066
-0.0486664
-0.0404015
-0.0335328
-0.0278272
-0.0230901
-0.0191592
-0.015899
-0.0131969
-0.0109584
-0.00910369
7688.45
7558.62
7391.51
7170.07
6957.35
6763.84
6569.73
6350.17
6084.01
5762.64
5388.65
4959.43
4463.45
3911.44
3326.31
2736.33
2170.19
1660.78
1053.91
582.165
158.155
-224.528
-574.916
-899.425
-1199.92
-1474.27
-1718.49
-1929.41
-2106.98
-2254.48
-2378.36
-2491.74
-2608.55
-2738.64
-2882.52
-3030.96
-3166.68
-3267.48
-3305.04
-3259.91
-3114.84
-2867.38
-2524.4
-2102.88
-1626.38
-1121.84
-615.686
-128.912
325.69
738.264
1105.05
1424.13
1695.78
1918.84
2090.16
2204.82
2257.31
2247.21
2169.85
2026.65
1824.33
1574.32
1292.09
996.313
707.298
446.497
225.665
62.9764
-31.6023
-52.1834
-12.6549
90.393
243.965
440.67
649.486
855.716
1039.03
1180.27
1262.61
1273.83
1206.53
1063.86
852.894
588.285
291.022
-12.3527
-302.161
-550.523
-743.831
-873.3
-941.49
-959.373
-945.569
-921.007
-906.531
-918.801
-967.68
-1054.84
-1175.5
-1318.39
-1468.98
-1611.13
-1730.43
-1816.48
-1863.29
-1869.09
-1836.16
-1767.89
-1666.31
-1531.23
-1359.79
-1147.56
-890.552
-585.091
-234.518
145.541
565.169
987.29
1399.91
1781.89
2119.2
2399.65
2615.47
2764.11
2847.06
2868.49
2829.43
2739.5
2596.29
2405.58
2154.96
1874.09
1526.57
1145.34
729.512
312.126
-104.223
-488.382
-834.776
-1117.84
-1331.23
-1469.06
-1536.35
-1535.88
-1480.9
-1379.62
-1243.97
-1084.25
-910.695
-733.865
-559.091
-395.139
-256.041
-140.755
-48.7405
16.123
55.3282
71.7945
69.8453
55.0593
32.9044
8.51195
-14.8065
-33.3462
-46.4602
-53.8831
-56.3212
-54.7942
-50.8788
-45.6389
-39.9989
-34.5599
-29.6312
-25.3098
-21.5805
-18.3835
-15.6485
-13.3096
-11.3097
-9.60015
-8.13973
-6.89326
-5.83065
-4.92597
-4.15682
-3.5038
-2.95014
-2.48135
-2.08495
-1.75019
-1.46784
-1.22999
-1.02986
-0.861637
-0.720383
-0.60188
-0.502547
-0.419351
-0.349724
-0.291494
-0.242832
-0.202192
-0.168273
-0.139982
-0.116399
-0.0967494
-0.0803869
-0.0667681
-0.0554381
-0.0460166
-0.0381855
-0.031679
-0.0262754
-0.0217896
-0.0180673
-0.0149798
-0.0124206
-0.0102991
-0.00854158
7674.93
7522.2
7393.61
7109.11
6902.41
6730.29
6563.29
6368.45
6120.98
5811.11
5444.56
5019.56
4518.75
3952.67
3347.3
2734.97
2148.27
1612.57
1002.49
526.842
104.655
-273.481
-618.469
-938.745
-1237.11
-1511.15
-1755.72
-1966.23
-2141.59
-2284.61
-2401.53
-2507.12
-2617.72
-2746.22
-2894.87
-3054.75
-3207.58
-3328.16
-3385.47
-3356.28
-3220.33
-2972.76
-2620.62
-2182.51
-1684.05
-1155.03
-625.265
-117.662
353.892
779.548
1156.11
1481.88
1758.66
1986.26
2161.86
2280.57
2335.45
2326.39
2245.83
2095.98
1882.74
1617.72
1317.19
1001.08
691.313
410.147
168.762
-4.13119
-105.387
-123.876
-82.615
30.985
197.468
412.054
640.895
868.283
1072.12
1231.59
1328.05
1348.09
1282.38
1134.42
911.595
629.257
310.297
-15.5058
-327.101
-592.193
-795.19
-927.138
-989.571
-995.172
-965.269
-923.693
-894.237
-895.564
-939.34
-1027.58
-1155.03
-1308.89
-1472.71
-1628.1
-1758.76
-1853.17
-1904.97
-1912.7
-1880.82
-1812.92
-1712.19
-1578.85
-1409.57
-1198.94
-941.949
-633.053
-274.508
117.911
552.714
991.591
1422.13
1819.95
2170.54
2460.6
2681.97
2832.58
2914.68
2934.05
2892.18
2799.39
2653.72
2459.87
2205.63
1917.6
1561.9
1167.96
737.959
306.531
-137.94
-534.186
-892.517
-1184.25
-1401.59
-1537.82
-1600.67
-1592.18
-1527.53
-1415.69
-1269.3
-1099.2
-915.93
-730.199
-547.952
-377.742
-234.513
-116.078
-22.5918
41.3339
78.1973
90.7357
84.6612
65.2454
38.8109
10.7848
-15.2146
-35.5113
-49.4517
-56.9955
-59.0863
-56.8729
-52.2303
-46.3442
-40.2007
-34.4154
-29.2762
-24.8466
-21.0782
-17.8834
-15.1734
-12.8709
-10.9121
-9.24444
-7.82438
-6.61567
-5.58768
-4.71429
-3.97312
-3.34495
-2.8132
-2.36363
-1.98401
-1.66384
-1.39414
-1.1672
-0.976457
-0.816302
-0.681953
-0.569351
-0.47505
-0.396136
-0.330148
-0.275007
-0.22896
-0.190532
-0.158483
-0.131769
-0.109514
-0.0909834
-0.0755618
-0.0627335
-0.0520674
-0.0432029
-0.035839
-0.0297242
-0.0246488
-0.0204379
-0.0169459
-0.0140514
-0.0116538
-0.00966844
-0.00802431
7654.28
7469.01
7266.54
7040.8
6850.01
6699.77
6556.75
6381.57
6149.16
5847.23
5486.65
5065.71
4561.48
3984.38
3363.04
2733.23
2131.37
1573.97
962.739
484.561
64.298
-309.92
-650.193
-966.91
-1263.62
-1537.64
-1782.84
-1993.39
-2167.36
-2307.08
-2418.59
-2517.99
-2623.35
-2750.14
-2902.01
-3070.48
-3236.38
-3372.48
-3445.73
-3428.29
-3300.03
-3052.59
-2693.45
-2242.67
-1727.33
-1179.43
-631.66
-108.385
375.813
811.136
1194.48
1524.82
1804.98
2035.65
2214.29
2336.19
2394.36
2384.89
2302.06
2147.45
1926.16
1649.91
1335.61
1004.12
678.65
382.728
128.586
-54.8923
-161.576
-186.035
-135.768
-14.2229
163.173
390.497
634.504
877.811
1097.12
1270.38
1377.52
1404.4
1339.83
1187.74
955.899
659.981
324.344
-18.6654
-347.128
-624.707
-835.346
-968.976
-1026.74
-1022.53
-980.063
-925.138
-883.95
-876.811
-916.731
-1005.92
-1138.78
-1301.29
-1475.45
-1641.08
-1780.4
-1881.03
-1936.33
-1945.1
-1913.69
-1845.78
-1745.55
-1613.55
-1446.11
-1237.02
-980.312
-669.385
-304.909
96.7372
542.898
994.49
1438.71
1848.48
2209.04
2506.2
2731.53
2883.34
2964.47
2982.13
2938.02
2843.05
2695.67
2499.7
2243.12
1949.64
1588.31
1184.73
743.839
299.201
-160.594
-568.74
-936.222
-1234.41
-1454.52
-1589.24
-1648.56
-1633.92
-1561.83
-1442.02
-1287.59
-1109.79
-919.354
-727.048
-539.27
-364.546
-218.365
-97.1293
-3.12476
60.1181
95.1444
104.647
95.412
72.5229
42.8588
12.1145
-15.8413
-37.392
-51.8732
-59.4325
-61.2196
-58.4175
-53.1988
-46.8172
-40.2987
-34.2643
-28.9808
-24.483
-20.695
-17.5084
-14.8211
-12.5482
-10.6212
-8.98505
-7.59504
-6.4142
-5.4116
-4.56107
-3.8403
-3.23018
-2.71434
-2.27869
-1.91122
-1.6016
-1.34103
-1.12198
-0.938015
-0.783677
-0.654308
-0.545957
-0.455281
-0.379451
-0.316083
-0.263163
-0.218997
-0.18216
-0.151454
-0.125873
-0.104573
-0.0868455
-0.0720992
-0.0598381
-0.0496479
-0.0411822
-0.0341522
-0.0283167
-0.0234746
-0.0194583
-0.0161284
-0.0133688
-0.0110833
-0.0091909
-0.0076239
7640.79
7438.75
7210.13
7001.92
6819.71
6682.39
6552.94
6388.64
6164.13
5867.11
5509.51
5091.01
4585.06
4001.93
3371.79
2732.37
2122.34
1552.73
940.983
461.553
42.4188
-329.566
-667.159
-981.877
-1277.68
-1551.74
-1797.36
-2008.02
-2181.28
-2319.23
-2427.76
-2523.75
-2626.16
-2751.91
-2905.46
-3078.56
-3251.6
-3396.26
-3478.31
-3467.32
-3343.34
-3095.97
-2732.99
-2275.26
-1750.66
-1192.4
-634.825
-103.063
387.962
828.443
1215.33
1548.05
1829.93
2062.19
2242.43
2366.07
2426.82
2416.4
2332.39
2175.26
1949.65
1667.35
1345.58
1005.74
671.734
367.852
106.633
-82.4854
-192.107
-217.938
-164.618
-38.7792
144.697
378.783
631.07
883.012
1110.71
1291.46
1404.4
1435.03
1371.06
1216.73
980.003
676.695
331.96
-20.476
-358.16
-642.552
-857.431
-991.933
-1047.1
-1037.42
-988.069
-925.797
-878.17
-866.376
-904.206
-993.93
-1129.79
-1297.06
-1476.91
-1648.15
-1792.2
-1896.2
-1953.35
-1962.59
-1931.38
-1863.39
-1763.4
-1632.14
-1465.74
-1257.58
-1001.04
-689.119
-321.43
85.1854
537.518
996.03
1447.72
1863.96
2229.91
2530.91
2758.33
2910.72
2991.26
3007.97
2962.6
2866.45
2718.18
2521.13
2263.38
1967.02
1602.67
1193.89
747.054
295.026
-172.593
-587.412
-959.945
-1261.64
-1483.05
-1617.23
-1674.43
-1656.43
-1580.28
-1456.14
-1297.36
-1115.4
-921.103
-725.255
-534.491
-357.362
-209.636
-86.7663
7.40916
70.2687
104.282
112.121
101.16
76.3893
44.9733
12.7598
-16.245
-38.46
-53.2178
-60.7701
-62.3887
-59.2501
-53.7137
-47.0617
-40.341
-34.1738
-28.8151
-24.283
-20.4862
-17.3053
-14.6311
-12.3745
-10.4649
-8.84596
-7.4722
-6.30636
-5.3174
-4.47914
-3.7693
-3.16886
-2.66152
-2.23333
-1.87236
-1.56838
-1.31269
-1.09784
-0.917505
-0.766272
-0.63956
-0.533479
-0.444737
-0.370553
-0.308582
-0.256847
-0.213684
-0.177696
-0.147707
-0.12273
-0.101939
-0.0846404
-0.0702543
-0.0582957
-0.0483593
-0.0401064
-0.0332546
-0.0275683
-0.022851
-0.018939
-0.0156963
-0.0130096
-0.010785
-0.00894358
-0.00741913
7624.85
7407.97
7171.5
6960.56
6786.54
6663.27
6548.4
6395.57
6179.06
5887.95
5533.26
5117.64
4610.13
4020.77
3381.41
2731.81
2113.37
1530.52
918.211
437.577
19.6839
-349.865
-684.532
-997.081
-1291.92
-1566.06
-1812.19
-2023.07
-2195.69
-2331.82
-2437.22
-2529.63
-2628.84
-2753.37
-2908.53
-3086.34
-3266.78
-3420.46
-3511.73
-3507.62
-3388.29
-3141.08
-2774.12
-2309.17
-1774.9
-1205.76
-637.937
-97.345
400.773
846.559
1237
1572.08
1855.62
2089.43
2271.27
2396.72
2461.75
2448.83
2363.68
2204.06
1974.07
1685.55
1356.09
1007.58
664.678
352.547
83.8182
-111.113
-223.796
-250.477
-194.604
-64.3469
125.562
366.454
627.405
888.298
1124.71
1313.25
1432.23
1466.9
1403.54
1246.94
1005.19
694.235
340.026
-22.2729
-369.629
-661.232
-880.57
-1016.03
-1068.48
-1052.97
-996.466
-926.452
-872.036
-855.348
-890.959
-981.229
-1120.23
-1292.48
-1478.31
-1655.45
-1804.45
-1911.95
-1970.99
-1980.66
-1949.56
-1881.44
-1781.66
-1651.16
-1485.88
-1278.77
-1022.44
-709.589
-338.6
73.0996
531.835
997.532
1457.01
1879.98
2251.52
2556.46
2786.02
2938.97
3019.02
3034.28
2987.79
2890.42
2741.27
2543.16
2284.3
1984.89
1617.65
1203.5
750.486
290.664
-184.726
-606.592
-984.473
-1289.82
-1512.45
-1646.33
-1701.15
-1679.65
-1599.25
-1470.61
-1307.34
-1121.1
-922.826
-723.336
-529.492
-349.907
-200.666
-75.9216
18.3023
80.7515
113.696
119.79
107.05
80.3295
47.0953
13.3616
-16.7232
-39.6146
-54.6442
-62.1744
-63.6365
-60.1077
-54.2373
-47.3036
-40.3741
-34.0718
-28.6378
-24.0726
-20.2689
-17.0951
-14.4352
-12.1961
-10.3046
-8.70347
-7.34646
-6.19606
-5.22112
-4.39543
-3.69678
-3.10624
-2.60761
-2.18704
-1.8327
-1.53448
-1.28378
-1.07323
-0.896589
-0.748526
-0.624526
-0.52076
-0.433991
-0.361484
-0.300938
-0.250412
-0.208272
-0.173149
-0.14389
-0.119529
-0.0992569
-0.0823947
-0.0683755
-0.0567249
-0.0470469
-0.0390106
-0.0323402
-0.0268056
-0.022215
-0.0184089
-0.0152544
-0.0126413
-0.0104778
-0.00868721
-0.00720497
7605.8
7377.45
7135.59
6916.18
6750.41
6642.37
6543.12
6402.31
6194.2
5909.4
5557.85
5145.56
4636.65
4040.82
3391.73
2731.38
2104.28
1507.19
894.256
412.525
-3.98768
-370.863
-702.33
-1012.52
-1306.32
-1580.59
-1827.36
-2038.56
-2210.59
-2344.87
-2446.96
-2535.64
-2631.39
-2754.48
-2911.17
-3093.75
-3281.89
-3445.05
-3545.99
-3549.24
-3434.95
-3188.01
-2816.97
-2344.54
-1800.17
-1219.62
-641.1
-91.3162
414.189
865.447
1259.47
1596.9
1882.04
2117.36
2300.8
2428.1
2500.15
2482.15
2395.92
2233.84
1999.4
1704.49
1367.06
1009.57
657.413
336.728
60.0879
-140.831
-256.677
-283.954
-225.75
-90.9384
105.841
353.375
623.494
893.662
1139.12
1335.78
1461.05
1500.06
1437.3
1278.38
1031.46
712.554
348.469
-24.1503
-381.645
-680.811
-904.836
-1041.31
-1090.93
-1069.54
-1005.25
-927.085
-865.526
-843.68
-876.951
-967.783
-1110.05
-1287.57
-1479.69
-1663.02
-1817.2
-1928.33
-1989.28
-1999.31
-1968.26
-1899.91
-1800.32
-1670.62
-1506.53
-1300.61
-1044.56
-730.837
-356.447
60.4337
525.821
998.98
1466.59
1896.53
2273.86
2582.89
2814.61
2968.09
3047.75
3061.07
3013.6
2914.97
2764.93
2565.78
2305.87
2003.46
1633.15
1213.44
753.996
286.003
-197.198
-626.465
-1009.96
-1319.07
-1542.92
-1676.41
-1728.72
-1703.57
-1618.74
-1485.43
-1317.52
-1126.86
-924.496
-721.26
-524.24
-342.151
-191.213
-64.8028
29.5641
91.5674
123.384
127.641
113.059
84.3221
49.2044
13.9032
-17.2878
-40.8609
-56.1527
-63.6421
-64.966
-60.9887
-54.7681
-47.5413
-40.3966
-33.957
-28.4482
-23.8517
-20.0427
-16.8777
-14.2335
-12.0127
-10.1403
-8.55757
-7.21785
-6.08333
-5.12276
-4.30995
-3.62277
-3.04234
-2.55261
-2.13982
-1.79226
-1.49993
-1.25431
-1.04815
-0.875276
-0.730446
-0.609211
-0.507805
-0.423046
-0.35225
-0.293156
-0.24386
-0.202763
-0.168521
-0.140005
-0.116272
-0.0965274
-0.0801095
-0.0664638
-0.0551268
-0.0457119
-0.0378961
-0.0314103
-0.0260302
-0.0215689
-0.0178707
-0.0148064
-0.0122684
-0.0101677
-0.00842967
-0.00699122
7582.72
7348.41
7097.7
6868.23
6711.27
6619.64
6537.04
6408.8
6209.47
5931.44
5583.33
5174.85
4664.71
4062.15
3402.82
2731.09
2095.08
1482.68
869.044
386.343
-28.6328
-392.572
-720.545
-1028.18
-1320.87
-1595.31
-1842.83
-2054.49
-2226.02
-2358.33
-2457.02
-2541.77
-2633.79
-2755.23
-2913.32
-3100.75
-3296.86
-3469.98
-3581.07
-3592.19
-3483.39
-3236.85
-2861.61
-2381.44
-1826.54
-1233.99
-644.307
-84.9534
428.243
885.137
1282.77
1622.53
1909.2
2145.98
2331.02
2460.13
2535.68
2516.3
2429.13
2264.63
2025.67
1724.19
1378.54
1011.71
649.944
320.369
35.4289
-171.676
-290.787
-318.525
-258.091
-118.58
85.2165
339.809
619.325
899.098
1153.94
1359.05
1490.86
1534.55
1472.36
1311.09
1058.84
731.694
357.32
-26.0999
-394.227
-701.32
-930.276
-1067.85
-1114.49
-1086.9
-1014.46
-927.698
-858.622
-831.342
-862.143
-953.55
-1099.23
-1282.3
-1481.02
-1670.85
-1830.45
-1945.36
-2008.24
-2018.56
-1987.47
-1918.83
-1819.36
-1690.49
-1527.69
-1323
-1067.49
-752.889
-374.984
47.1605
519.461
1000.36
1476.46
1913.64
2296.97
2610.21
2844.12
2998.1
3077.25
3088.59
3040.02
2940.08
2789.15
2588.99
2328.09
2022.32
1649.25
1223.79
757.66
281.144
-209.989
-646.97
-1036.34
-1349.37
-1574.4
-1707.49
-1757.17
-1728.23
-1638.76
-1500.61
-1327.91
-1132.69
-926.133
-719.049
-518.754
-334.109
-181.334
-53.355
41.2092
102.736
133.36
135.687
119.216
88.3862
51.3129
14.3902
-17.9405
-42.2065
-57.7541
-65.1815
-66.1063
-61.8913
-55.3059
-47.7738
-40.4077
-33.8288
-28.2458
-23.6197
-19.8075
-16.6531
-14.0258
-11.8245
-9.97195
-8.40829
-7.08639
-5.96818
-5.02234
-4.22273
-3.54726
-2.97719
-2.49654
-2.09169
-1.75105
-1.46472
-1.22429
-1.02261
-0.853575
-0.712038
-0.59362
-0.494619
-0.411908
-0.342853
-0.285238
-0.237195
-0.197158
-0.163813
-0.136054
-0.112958
-0.0937515
-0.0777858
-0.0645199
-0.0535019
-0.0443545
-0.0367629
-0.0304648
-0.0252418
-0.0209117
-0.0173231
-0.0143501
-0.0118883
-0.00985111
-0.00816588
-0.00677135
7554.37
7322.43
7055.13
6816.25
6669.05
6595.03
6530.13
6414.96
6224.76
5954.01
5609.79
5205.58
4694.42
4084.85
3414.73
2730.95
2085.76
1456.94
842.499
358.973
-54.2847
-415.008
-739.171
-1044.04
-1335.54
-1610.2
-1858.62
-2070.87
-2241.97
-2372.2
-2467.44
-2547.99
-2636.04
-2755.57
-2914.94
-3107.28
-3311.64
-3495.23
-3617
-3636.48
-3533.68
-3287.66
-2908.11
-2419.93
-1854.04
-1248.9
-647.536
-78.2568
442.965
905.664
1306.94
1648.99
1937.11
2175.29
2361.92
2492.78
2568.06
2551.27
2463.33
2296.46
2052.9
1744.68
1390.55
1014.04
642.279
303.44
9.82481
-203.688
-326.164
-354.282
-291.664
-147.302
63.6625
325.729
614.886
904.601
1169.18
1383.08
1521.69
1570.4
1508.78
1345.11
1087.38
751.688
366.601
-28.1239
-407.405
-722.792
-956.942
-1095.69
-1139.21
-1105.08
-1024.09
-928.291
-851.305
-818.299
-846.492
-938.494
-1087.79
-1276.65
-1482.32
-1678.97
-1844.23
-1963.06
-2027.9
-2038.44
-2007.19
-1938.16
-1838.79
-1710.78
-1549.38
-1345.92
-1091.25
-775.789
-394.23
33.2461
512.733
1001.67
1486.62
1931.3
2320.85
2638.45
2874.58
3029.01
3107.55
3116.79
3067.04
2965.74
2813.94
2612.81
2351.03
2042.24
1665.94
1234.56
761.465
276.081
-223.184
-668.206
-1063.76
-1380.87
-1606.98
-1739.66
-1786.52
-1753.59
-1659.31
-1516.12
-1338.47
-1138.57
-927.692
-716.657
-512.986
-325.736
-171.008
-41.5429
53.2423
114.248
143.611
143.899
125.485
92.4892
53.3926
14.8008
-18.695
-43.6547
-59.4432
-66.784
-67.3489
-62.8161
-55.8496
-47.9999
-40.4061
-33.6861
-28.03
-23.3763
-19.5631
-16.4211
-13.8122
-11.6315
-9.79955
-8.25565
-6.95209
-5.85063
-4.9199
-4.13378
-3.47029
-2.91079
-2.43941
-2.04268
-1.70909
-1.42888
-1.19374
-0.996607
-0.831491
-0.69331
-0.57776
-0.481206
-0.40058
-0.333298
-0.277186
-0.230418
-0.191461
-0.159027
-0.132038
-0.109591
-0.0909306
-0.0754245
-0.0625448
-0.0518511
-0.0429755
-0.0356118
-0.0295046
-0.0244411
-0.0202445
-0.0167673
-0.0138873
-0.0115031
-0.00953061
-0.00789945
-0.00654998
7519.36
7300.77
7005.88
6759.98
6623.72
6568.46
6522.29
6420.67
6239.92
5977.07
5637.27
5237.8
4725.89
4109.05
3427.55
2730.99
2076.3
1429.94
814.557
330.363
-81.0313
-438.11
-758.197
-1060.07
-1350.3
-1625.24
-1874.7
-2087.72
-2258.47
-2386.54
-2478.17
-2554.29
-2638.11
-2755.48
-2915.97
-3113.26
-3326.15
-3520.72
-3653.79
-3682.12
-3585.91
-3340.51
-2956.54
-2460.07
-1882.73
-1264.33
-650.776
-71.1886
458.401
926.974
1332.16
1676.29
1965.76
2205.29
2393.48
2526.07
2601.19
2587.09
2498.5
2329.34
2081.13
1766
1403.1
1016.55
634.432
285.906
-16.7406
-236.906
-362.85
-391.294
-326.512
-177.135
41.1631
311.102
610.163
910.165
1184.84
1407.89
1553.56
1607.58
1546.59
1380.49
1117.13
772.576
376.341
-30.2252
-421.201
-745.265
-984.889
-1124.89
-1165.15
-1124.13
-1034.18
-928.86
-843.556
-804.51
-829.955
-922.569
-1075.64
-1270.6
-1483.57
-1687.38
-1858.57
-1981.46
-2048.28
-2058.96
-2027.45
-1957.93
-1858.59
-1731.47
-1571.62
-1369.45
-1115.76
-799.568
-414.201
18.6627
505.622
1002.88
1497.09
1949.56
2345.53
2667.63
2906.02
3060.85
3138.68
3145.67
3094.66
2991.97
2839.29
2637.23
2374.59
2061.96
1683.24
1245.74
765.442
270.858
-236.77
-690.096
-1092.1
-1413.4
-1640.55
-1772.83
-1816.77
-1779.72
-1680.4
-1532
-1349.24
-1144.53
-929.22
-714.134
-506.986
-317.079
-160.278
-29.371
65.6747
126.131
154.172
152.308
131.92
96.6688
55.4703
15.1519
-19.5458
-45.2115
-61.2357
-68.4712
-68.6486
-63.7638
-56.3985
-48.2184
-40.3906
-33.528
-27.8
-23.1212
-19.3093
-16.1815
-13.5926
-11.4335
-9.62313
-8.09965
-6.81498
-5.7307
-4.81544
-4.04313
-3.39188
-2.84316
-2.38125
-1.99278
-1.66639
-1.39241
-1.16266
-0.970165
-0.809034
-0.674267
-0.561636
-0.467572
-0.389066
-0.323587
-0.269005
-0.223533
-0.185672
-0.154165
-0.127959
-0.106171
-0.0880658
-0.0730266
-0.0605393
-0.0501748
-0.0415755
-0.0344432
-0.0285297
-0.0236283
-0.0195671
-0.016203
-0.0134173
-0.0111117
-0.00920469
-0.00762816
-0.00632413
7474.97
7282.75
6946.57
6697.35
6573.55
6538.77
6513.09
6425.96
6255.27
6000.91
5667.36
5272.81
4760.44
4135.76
3441.84
2731.26
2066.31
1400.62
784.108
299.39
-109.897
-462.723
-778.303
-1076.82
-1365.63
-1640.94
-1891.65
-2105.64
-2276.04
-2401.97
-2489.57
-2560.91
-2640.06
-2754.9
-2916.38
-3118.81
-3340.82
-3547.32
-3692.88
-3731.22
-3641.61
-3397.44
-3008.75
-2503.43
-1913.73
-1280.88
-654.149
-63.4701
475.133
949.896
1359.44
1705.42
1996.22
2237.06
2426.83
2561.21
2636.57
2625.11
2535.96
2364.51
2111.43
1788.96
1416.71
1019.39
626.146
267.09
-45.2522
-272.587
-402.229
-430.975
-363.955
-209.209
16.8553
295.367
604.958
915.974
1201.47
1434.39
1587.62
1647.44
1587.2
1418.57
1149.23
795.175
386.936
-32.4695
-436.146
-769.604
-1015.2
-1156.61
-1193.32
-1144.8
-1045.12
-929.428
-835.069
-789.423
-811.872
-905.133
-1062.31
-1263.88
-1484.81
-1696.39
-1874
-2001.26
-2070.15
-2080.91
-2048.97
-1978.83
-1879.47
-1753.31
-1595.08
-1394.55
-1141.94
-825.133
-435.646
2.84131
497.839
1004.04
1508.25
1969.07
2371.93
2698.83
2939.58
3094.77
3171.75
3176.28
3123.88
3019.69
2866.11
2663.16
2399.84
2084.39
1701.92
1257.78
769.735
265.271
-251.321
-713.598
-1122.6
-1448.28
-1676.9
-1808.48
-1849.13
-1807.52
-1702.77
-1548.76
-1360.55
-1150.7
-930.682
-711.293
-500.434
-307.721
-148.662
-16.329
78.9827
138.806
165.4
161.47
138.685
101.009
57.5628
15.4084
-20.5575
-46.9478
-63.1913
-70.2819
-70.0402
-64.7682
-56.9704
-48.435
-40.3588
-33.3474
-27.5465
-22.8444
-19.0366
-15.9258
-13.359
-11.2236
-9.43636
-7.93471
-6.67015
-5.60412
-4.70524
-3.94754
-3.30923
-2.77191
-2.31999
-1.94024
-1.62142
-1.35402
-1.12994
-0.94234
-0.785407
-0.654236
-0.544677
-0.453234
-0.37696
-0.313376
-0.260404
-0.216296
-0.179589
-0.149056
-0.123672
-0.102578
-0.085056
-0.0705075
-0.0584325
-0.0484142
-0.0401051
-0.0332159
-0.0275059
-0.0227748
-0.0188559
-0.0156106
-0.012924
-0.0107011
-0.00886301
-0.00734406
-0.006088
7419.44
7263.89
6875.43
6628.04
6518.12
6505.47
6502.2
6430.5
6270.54
6025.37
5700.42
5310.92
4798.46
4165.34
3457.82
2731.8
2055.64
1368.71
750.837
265.779
-141.042
-489.042
-799.537
-1094.29
-1381.52
-1657.27
-1909.48
-2124.71
-2294.8
-2418.58
-2501.65
-2567.84
-2641.84
-2753.73
-2915.99
-3123.75
-3355.49
-3574.98
-3733.94
-3784.14
-3701.07
-3458.84
-3065.16
-2550.39
-1947.33
-1298.67
-657.675
-55.045
493.296
974.699
1388.84
1736.51
2028.57
2270.69
2462.04
2598.32
2674.33
2665.46
2575.88
2402.16
2143.99
1813.73
1431.49
1022.58
617.429
246.824
-75.879
-310.967
-444.553
-473.576
-404.243
-243.737
-9.44832
278.413
599.2
922.02
1219.15
1462.71
1624.06
1690.05
1630.9
1459.6
1183.91
819.663
398.48
-34.8751
-452.373
-796.013
-1048.16
-1191.13
-1223.98
-1167.3
-1057.01
-929.993
-825.755
-772.754
-792.05
-885.995
-1047.64
-1256.42
-1486.02
-1706.08
-1890.65
-2022.62
-2093.65
-2104.41
-2071.84
-2000.91
-1901.45
-1776.35
-1619.77
-1421.35
-1169.95
-852.668
-458.704
-14.3616
489.287
1005.08
1520.15
1989.95
2400.2
2732.24
2975.45
3130.95
3206.89
3208.76
3154.77
3048.97
2894.47
2690.65
2426.55
2106.84
1721.71
1270.78
774.425
259.35
-266.86
-738.729
-1155.28
-1485.14
-1715.73
-1846.31
-1883.49
-1837.19
-1726.55
-1566.53
-1372.5
-1157.2
-932.172
-708.223
-493.416
-297.752
-136.226
-2.44351
93.1893
152.341
177.398
171.492
145.903
105.602
59.7344
15.6104
-21.713
-48.8696
-65.337
-72.2658
-71.5843
-65.8341
-57.5663
-48.6477
-40.3071
-33.1406
-27.2667
-22.5439
-18.7434
-15.6525
-13.1105
-11.0009
-9.23865
-7.76037
-6.51722
-5.47056
-4.58905
-3.8468
-3.22216
-2.69686
-2.25548
-1.88493
-1.57411
-1.31364
-1.09554
-0.91308
-0.760566
-0.633178
-0.526853
-0.438167
-0.364239
-0.30265
-0.251369
-0.208694
-0.173199
-0.143691
-0.119171
-0.0988051
-0.0818962
-0.0678632
-0.0562213
-0.0465663
-0.0385619
-0.031928
-0.0264317
-0.0218793
-0.0181096
-0.014989
-0.0124064
-0.0102701
-0.00850427
-0.00704562
-0.00583972
7355.82
7215.54
6795.69
6554.67
6459.15
6469.34
6489.71
6433.82
6284.89
6050.04
5735
5351.01
4838.96
4197.02
3475.08
2732.67
2044.48
1335.1
715.693
230.513
-173.529
-516.234
-821.197
-1111.86
-1397.4
-1673.67
-1927.61
-2144.34
-2314.23
-2435.76
-2513.97
-2574.79
-2643.38
-2751.94
-2914.73
-3127.79
-3369.58
-3602.74
-3776.03
-3838.77
-3762.94
-3522.9
-3124.09
-2599.56
-1982.55
-1317.12
-661.221
-46.1425
512.38
1000.65
1419.48
1768.61
2061.81
2305.09
2497.97
2636.2
2713.18
2706.89
2617
2441.13
2177.82
1839.55
1447.01
1026.05
608.56
225.698
-107.679
-350.892
-488.542
-517.803
-446.158
-279.668
-36.9473
260.752
593.051
928.103
1237.3
1491.98
1661.72
1733.89
1676.08
1502.58
1220.15
845.318
410.644
-37.3762
-469.418
-823.724
-1082.79
-1227.45
-1256.21
-1190.95
-1069.52
-930.526
-815.871
-755.274
-771.043
-865.686
-1032.03
-1248.41
-1487.16
-1716.14
-1908.03
-2044.89
-2118.08
-2128.76
-2095.34
-2023.46
-1923.83
-1799.88
-1644.97
-1448.87
-1198.91
-881.355
-482.669
-32.4389
480.194
1005.97
1532.42
2011.54
2429.45
2766.81
3012.5
3168.18
3242.99
3242.08
3186.35
3078.87
2923.48
2718.87
2454.01
2131.39
1742.27
1284.3
779.301
253.21
-283.034
-765.051
-1189.17
-1523.83
-1756.47
-1886.06
-1919.5
-1867.68
-1750.92
-1584.61
-1384.56
-1163.64
-933.467
-704.832
-485.937
-287.248
-123.116
12.0532
107.974
166.35
189.75
181.669
153.202
110.158
61.7882
15.6423
-23.0598
-50.967
-67.6176
-74.3251
-73.1478
-66.9247
-58.1613
-48.8448
-40.2341
-32.9124
-26.9683
-22.2284
-18.4388
-15.3704
-12.8551
-10.7726
-9.03641
-7.58228
-6.36116
-5.33437
-4.47064
-3.74418
-3.1335
-2.62048
-2.18985
-1.82867
-1.526
-1.27257
-1.06056
-0.883344
-0.735325
-0.611785
-0.508748
-0.422865
-0.351322
-0.291759
-0.242197
-0.200978
-0.166715
-0.138247
-0.114604
-0.0949773
-0.0786907
-0.0651809
-0.0539784
-0.0446922
-0.0369969
-0.030622
-0.0253424
-0.0209713
-0.0173531
-0.014359
-0.0118818
-0.00983341
-0.00814089
-0.0067435
-0.0055886
7289
7060.9
6711.12
6477.9
6396.66
6430.03
6475.26
6435.49
6297.88
6074.71
5771.21
5393.18
4882.12
4230.99
3493.75
2733.98
2032.82
1299.58
678.599
193.515
-207.402
-544.31
-843.264
-1129.5
-1413.21
-1690.1
-1946.02
-2164.53
-2334.36
-2453.53
-2526.56
-2581.69
-2644.64
-2749.5
-2912.51
-3130.82
-3382.97
-3630.5
-3819.01
-3895.18
-3827.27
-3589.76
-3185.64
-2651.07
-2019.48
-1336.25
-664.763
-36.726
532.45
1027.81
1451.26
1802.01
2095.91
2340.26
2534.61
2674.85
2753.09
2749.42
2659.34
2481.45
2212.97
1866.49
1463.3
1029.83
599.545
203.676
-140.672
-392.421
-534.259
-563.711
-489.767
-317.045
-65.6771
242.354
586.488
934.211
1255.94
1522.21
1700.63
1778.66
1722.76
1547.61
1258.02
872.2
423.482
-39.9732
-487.314
-852.788
-1119.19
-1265.67
-1290.07
-1215.84
-1082.66
-931.026
-805.391
-736.719
-748.787
-844.139
-1015.42
-1239.81
-1488.22
-1726.61
-1926.17
-2068.12
-2143.5
-2154
-2119.48
-2046.47
-1946.57
-1823.7
-1670.82
-1477.15
-1228.85
-911.254
-507.566
-51.4064
470.515
1006.68
1545.08
2033.89
2459.74
2802.62
3050.82
3206.68
3280.06
3276.18
3218.58
3109.36
2953.07
2747.77
2482.23
2156.25
1763.53
1298.51
784.568
247.021
-299.748
-792.185
-1224
-1563.76
-1798
-1926.24
-1955.62
-1899.14
-1775.96
-1603.17
-1396.94
-1170.24
-934.797
-701.375
-478.293
-276.563
-109.69
26.8479
123.11
180.723
202.48
192.139
160.755
114.863
63.8879
15.6401
-24.4926
-53.1724
-70.0085
-76.4982
-74.8454
-68.0431
-58.7615
-49.0294
-40.1399
-32.6617
-26.6503
-21.8977
-18.1225
-15.0794
-12.5927
-10.5388
-8.82965
-7.40046
-6.202
-5.19558
-4.35003
-3.63972
-3.04329
-2.54279
-2.12312
-1.77148
-1.4771
-1.23085
-1.02503
-0.853143
-0.709694
-0.590067
-0.49037
-0.407334
-0.338214
-0.280709
-0.232893
-0.193152
-0.160138
-0.132725
-0.109973
-0.0910962
-0.0754408
-0.0624617
-0.0517049
-0.0427926
-0.0354108
-0.0292985
-0.0242386
-0.0200512
-0.0165866
-0.0137206
-0.0113503
-0.0093909
-0.00777261
-0.00643723
-0.00533393
7224.85
6941.36
6625.64
6398.44
6330.57
6387
6458.33
6434.92
6308.93
6099.17
5809.11
5437.58
4928.17
4267.43
3513.96
2735.85
2016.59
1265.97
639.481
154.703
-242.706
-573.283
-865.715
-1147.16
-1428.89
-1706.49
-1964.68
-2185.3
-2355.25
-2471.88
-2539.51
-2588.44
-2645.62
-2746.36
-2909.26
-3132.74
-3395.53
-3658.2
-3862.86
-3953.46
-3894.12
-3659.56
-3249.94
-2705.03
-2058.24
-1356.05
-668.289
-26.7701
553.567
1056.22
1484.26
1836.78
2130.84
2376.19
2571.93
2714.27
2794.1
2793.09
2702.92
2523.17
2249.48
1894.58
1480.43
1033.94
590.376
180.72
-174.88
-435.618
-581.768
-611.352
-535.138
-355.915
-95.6571
223.166
579.486
940.331
1275.05
1553.44
1740.81
1823.65
1771.24
1594.54
1297.59
900.369
437.029
-42.6613
-506.105
-883.263
-1157.44
-1305.88
-1325.55
-1242.02
-1096.49
-931.49
-794.284
-717.04
-725.21
-821.283
-997.755
-1230.59
-1489.2
-1737.5
-1945.12
-2092.34
-2169.94
-2180.17
-2144.27
-2069.93
-1969.68
-1847.8
-1697.3
-1506.19
-1259.77
-942.421
-533.424
-71.2455
460.131
1007.16
1558.13
2057
2491.05
2839.63
3090.33
3246.56
3317.58
3311.13
3251.5
3140.47
2983.34
2777.46
2511.29
2182.43
1785.51
1313.15
789.863
240.441
-317.223
-820.294
-1260.48
-1605.52
-1841.87
-1969.25
-1995.05
-1931.49
-1801.61
-1621.97
-1409.31
-1176.65
-935.78
-697.44
-470.011
-265.14
-95.3359
42.5118
139.045
195.754
215.661
202.81
168.353
119.453
65.7755
15.376
-26.1989
-55.6247
-72.5886
-78.7797
-76.5154
-69.1827
-59.3503
-49.1882
-40.0176
-32.386
-26.3118
-21.551
-17.7943
-14.7794
-12.3233
-10.2995
-8.61841
-7.21496
-6.03977
-5.05423
-4.22728
-3.53345
-2.95155
-2.46381
-2.05529
-1.71338
-1.42744
-1.18849
-0.988967
-0.82249
-0.683685
-0.56803
-0.471726
-0.391582
-0.324921
-0.269505
-0.223459
-0.185218
-0.153472
-0.12713
-0.10528
-0.0871639
-0.0721484
-0.0597071
-0.049402
-0.0408687
-0.0338046
-0.0279582
-0.023121
-0.0191198
-0.0158107
-0.0130744
-0.0108124
-0.00894314
-0.00740005
-0.00612757
-0.00507661
7165.35
6865.07
6539.56
6316.92
6260.76
6339.46
6438.12
6431.26
6317.27
6123.17
5848.76
5484.36
4977.33
4306.57
3535.84
2738.45
1997.95
1231.88
598.221
113.99
-279.489
-603.154
-888.526
-1164.79
-1444.39
-1722.8
-1983.55
-2206.64
-2376.92
-2490.86
-2552.92
-2595.06
-2646.32
-2742.47
-2904.88
-3133.4
-3407.11
-3685.73
-3907.54
-4013.66
-3963.61
-3732.45
-3317.09
-2761.6
-2098.96
-1376.51
-671.787
-16.2493
575.799
1085.93
1518.69
1872.76
2166.61
2412.86
2609.92
2754.41
2836.22
2837.92
2747.75
2566.33
2287.42
1923.89
1498.45
1038.42
581.069
156.761
-210.324
-480.553
-631.139
-660.772
-582.344
-396.323
-126.911
203.143
572.016
946.448
1294.64
1585.69
1782.33
1866.62
1821.59
1643.47
1338.93
929.886
451.339
-45.4441
-525.83
-915.209
-1197.64
-1348.17
-1362.73
-1269.56
-1111.04
-931.917
-782.527
-696.208
-700.249
-797.052
-978.97
-1220.71
-1490.08
-1748.82
-1964.92
-2117.62
-2197.44
-2207.32
-2169.71
-2093.81
-1993.13
-1872.24
-1724.26
-1536.01
-1291.75
-974.952
-560.266
-90.7373
447.777
1007.44
1571.61
2080.92
2523.5
2877.99
3131.28
3288.08
3356.19
3346.85
3285.05
3172.13
3014.1
2807.68
2540.95
2209.3
1808.27
1328.7
796.034
234.297
-335.085
-849.417
-1298.36
-1648.7
-1886.52
-2011.84
-2032.21
-1964.6
-1827.89
-1641.26
-1422.11
-1183.42
-937.016
-693.649
-461.775
-253.802
-80.9487
58.1772
155.051
210.904
229.046
213.681
176.199
124.251
67.7896
15.1536
-27.9215
-58.1225
-75.2249
-81.1253
-78.3678
-70.3504
-59.9526
-49.3414
-39.8766
-32.0871
-25.9526
-21.1882
-17.4541
-14.4704
-12.047
-10.0546
-8.40272
-7.02581
-5.87452
-4.91034
-4.1024
-3.42539
-2.85831
-2.38357
-1.98641
-1.65439
-1.37703
-1.1455
-0.952373
-0.791395
-0.657306
-0.545686
-0.452826
-0.375614
-0.311449
-0.258151
-0.213902
-0.17718
-0.14672
-0.121462
-0.100528
-0.083182
-0.0688148
-0.0569184
-0.0470708
-0.0389212
-0.0321787
-0.0266017
-0.0219899
-0.018177
-0.0150253
-0.0124204
-0.0102679
-0.00848985
-0.00702279
-0.0058139
-0.00481584
7111.21
6796.39
6452.54
6234.19
6187.09
6286.25
6413.27
6423.26
6321.87
6146.42
5890.28
5533.61
5029.89
4348.63
3559.53
2741.97
1977.06
1196.88
554.682
71.2852
-317.798
-633.92
-911.67
-1182.36
-1459.64
-1738.95
-2002.62
-2228.56
-2399.43
-2510.56
-2566.93
-2601.71
-2646.71
-2737.8
-2899.28
-3132.67
-3417.56
-3713
-3953
-4075.82
-4035.86
-3808.59
-3387.24
-2820.91
-2141.79
-1397.64
-675.243
-5.13829
599.219
1117.01
1554.63
1909.77
2203.52
2450.27
2648.57
2795.26
2879.37
2883.58
2794.19
2610.97
2326.83
1954.45
1517.4
1043.31
571.607
131.751
-247.018
-527.296
-682.445
-712.034
-631.467
-438.317
-159.469
182.239
564.05
952.547
1314.69
1618.99
1825.26
1908.1
1873.93
1694.49
1382.1
960.817
466.466
-48.3254
-546.548
-948.693
-1239.87
-1392.66
-1401.77
-1298.56
-1126.37
-932.299
-770.078
-674.065
-673.793
-771.347
-959.011
-1210.15
-1490.87
-1760.61
-1985.57
-2143.95
-2226.04
-2235.51
-2195.83
-2118.15
-2016.93
-1897.06
-1751.78
-1566.6
-1324.66
-1008.82
-588.131
-111.539
434.931
1007.41
1585.46
2105.6
2556.99
2917.58
3173.41
3330.53
3395.17
3383.2
3319.32
3204.41
3045.62
2838.93
2571.93
2237.77
1832.1
1344.66
801.62
226.769
-354.259
-879.532
-1337.26
-1693.14
-1933.15
-2057.98
-2077.12
-1999.32
-1854.92
-1660.89
-1434.77
-1189.67
-937.469
-688.963
-452.504
-241.297
-65.1469
75.249
172.355
227.138
243.297
224.995
184.149
128.864
69.4463
14.5057
-30.0691
-61.0044
-78.1633
-83.6895
-80.1577
-71.5311
-60.5204
-49.444
-39.6902
-31.754
-25.5684
-20.8081
-17.1015
-14.1522
-11.7637
-9.8042
-8.18257
-6.83301
-5.70624
-4.76394
-3.97542
-3.31557
-2.76358
-2.30208
-1.91648
-1.59452
-1.32588
-1.10189
-0.915264
-0.759871
-0.630569
-0.523042
-0.433675
-0.359439
-0.297803
-0.246653
-0.204224
-0.169043
-0.139884
-0.115726
-0.0957182
-0.0791528
-0.065442
-0.0540973
-0.0447127
-0.0369516
-0.0305346
-0.0252302
-0.0208464
-0.0172242
-0.0142318
-0.0117598
-0.00971798
-0.00803224
-0.00664213
-0.0054977
-0.00455325
7062.92
6725.21
6364.87
6151.26
6109.32
6225.63
6381.35
6408.98
6321.38
6168.62
5932.94
5586.23
5086.13
4393.88
3585.16
2746.57
1953.9
1160.69
508.72
26.4925
-357.678
-665.57
-935.115
-1199.79
-1474.55
-1754.88
-2021.83
-2251.09
-2422.82
-2531.07
-2581.73
-2608.61
-2646.72
-2732.29
-2892.38
-3130.41
-3426.7
-3739.88
-3999.15
-4139.99
-4110.99
-3888.18
-3460.57
-2883.21
-2186.89
-1419.37
-678.631
6.5903
623.904
1149.53
1592.14
1947.86
2241.62
2488.38
2687.84
2836.79
2923.45
2930.04
2842.29
2657.16
2367.78
1986.33
1537.34
1048.65
561.578
106.033
-284.97
-575.925
-735.758
-765.083
-682.587
-481.947
-193.372
160.409
555.553
958.611
1335.21
1653.37
1869.78
1962.16
1928.44
1747.71
1427.16
993.21
482.468
-51.3073
-568.221
-983.725
-1284.26
-1439.46
-1442.72
-1328.98
-1142.48
-932.658
-756.948
-650.778
-645.905
-744.147
-937.748
-1198.76
-1491.5
-1772.91
-2007.31
-2171.66
-2255.91
-2264.73
-2222.57
-2142.79
-2040.87
-1922.01
-1779.59
-1597.85
-1358.89
-1044.65
-617.354
-133.639
421.624
1007.27
1599.93
2131.28
2591.75
2958.69
3217.15
3374.64
3436.23
3420.93
3354.21
3237.19
3077.52
2870.39
2602.8
2266.04
1855.84
1361.24
808.991
221.787
-372.356
-910.706
-1378.85
-1740.88
-1982.34
-2104.18
-2114.54
-2032.91
-1882.31
-1680.51
-1447.7
-1196.52
-938.853
-685.184
-443.895
-229.33
-50.0766
91.6155
189.038
242.946
257.197
236.192
192.141
133.667
71.3442
14.0634
-32.0625
-63.7794
-81.0183
-86.1705
-82.1046
-72.7447
-61.1252
-49.5689
-39.505
-31.4109
-25.1726
-20.4174
-16.7407
-13.8281
-11.476
-9.55052
-7.95981
-6.63808
-5.5362
-4.61605
-3.84717
-3.20467
-2.66794
-2.21982
-1.84589
-1.53408
-1.27425
-1.05788
-0.877809
-0.728053
-0.603583
-0.500187
-0.414346
-0.343112
-0.28403
-0.235047
-0.194454
-0.160828
-0.132983
-0.109934
-0.0908611
-0.0750831
-0.0620348
-0.0512469
-0.0423299
-0.034961
-0.0288729
-0.0238438
-0.0196905
-0.016261
-0.0134294
-0.0110916
-0.00916161
-0.00756898
-0.00625648
-0.00517701
-0.00428653
7020.35
6645.82
6277.8
6069.29
6027.13
6154.94
6337.11
6385.35
6313.97
6189.51
5976.74
5642.38
5146.43
4442.61
3612.9
2752.45
1928.39
1123.08
460.174
-20.4895
-399.168
-698.087
-958.825
-1217.04
-1489.06
-1770.51
-2041.13
-2274.21
-2447.13
-2552.48
-2597.57
-2616.04
-2646.25
-2725.9
-2884.08
-3126.46
-3434.31
-3766.3
-4046.05
-4206.36
-4188.92
-3971.23
-3538.05
-2949.32
-2234.73
-1441.91
-682.258
18.9007
649.951
1183.57
1631.31
1987.24
2280.71
2527.14
2727.7
2878.96
2968.36
2977.63
2891.78
2704.94
2410.33
2019.6
1558.37
1054.53
551.045
79.4387
-324.223
-626.55
-791.161
-820.562
-735.863
-527.211
-228.582
137.663
546.54
964.627
1356.18
1688.85
1915.82
2017.49
1985.1
1803.3
1474.3
1027.27
499.482
-54.4172
-591.446
-1020.75
-1330.86
-1488.62
-1486.21
-1361.38
-1159.69
-932.9
-742.759
-625.652
-615.901
-714.881
-915.373
-1186.93
-1492.27
-1785.67
-2029.56
-2199.78
-2286.44
-2294.94
-2250.1
-2168.18
-2065.61
-1947.95
-1808.75
-1630.76
-1394.09
-1080.39
-646.159
-156.701
407.533
1006.04
1613.36
2157.32
2627.46
3001
3261.96
3419.45
3477.11
3457.72
3389.63
3270.5
3110.06
2903.1
2636.08
2297.97
1883.25
1379.92
815.292
211.832
-395.557
-943.787
-1419.7
-1786.4
-2029.77
-2151.16
-2163.77
-2072.52
-1911.48
-1702.05
-1461.6
-1203.03
-938.482
-679.003
-433.023
-215.159
-32.6466
110.51
208.152
260.706
272.706
248.356
200.68
138.421
72.7516
12.9157
-34.7879
-67.2095
-84.425
-89.0894
-84.1525
-73.9552
-61.6565
-49.5896
-39.2293
-30.9928
-24.7181
-19.9825
-16.3463
-13.4778
-11.1673
-9.27966
-7.72291
-6.43143
-5.35639
-4.46002
-3.71212
-3.08809
-2.56756
-2.13359
-1.772
-1.4709
-1.22034
-1.01196
-0.838777
-0.694927
-0.575513
-0.476436
-0.394274
-0.326173
-0.269751
-0.223024
-0.184342
-0.152332
-0.125852
-0.103954
-0.0858506
-0.0708889
-0.0585268
-0.0483152
-0.0398819
-0.0329186
-0.0271701
-0.0224254
-0.01851
-0.0152792
-0.0126135
-0.0104139
-0.00859892
-0.00710154
-0.00586776
-0.00485444
-0.00401926
6981.25
6554.46
6193.58
5989.66
5940.19
6070.02
6267.87
6347.15
6297.25
6208.82
6022.62
5701.48
5211.16
4495.14
3642.9
2759.77
1900.39
1083.91
408.959
-69.6757
-442.287
-731.453
-982.777
-1234.05
-1503.1
-1785.81
-2060.64
-2298.03
-2472.73
-2575.06
-2615.1
-2624.59
-2645.2
-2718.54
-2874.1
-3120.39
-3440.39
-3546.72
-3298.32
-3196.34
-3317.07
-3689.64
-3560.17
-2976.65
-2269.68
-1465.37
-687.221
31.223
677.225
1219.11
1672.14
2027.9
2320.76
2566.57
2768.13
2921.73
3014.04
3026.36
2942.73
2754.35
2454.58
2054.19
1580.33
1060.88
539.945
51.9905
-364.422
-678.858
-848.683
-875.155
-790.711
-574.578
-265.862
113.236
536.507
970.519
1377.67
1725.63
1963.58
2076.09
2044.13
1861.07
1522.91
1062.17
516.961
-57.556
-612.9
-1057.22
-1379.89
-1540.85
-1530.66
-1393.89
-1176.81
-933.606
-729.093
-600.346
-586.15
-685.936
-890.756
-1172.8
-1491.76
-1799.02
-2054.47
-2231.78
-2320.18
-2317.82
-2259.35
-2169.29
-2064.62
-1950.71
-1820.76
-1656.61
-1428.39
-1124.02
-685.436
-186.925
391.437
1006.83
1633.02
2185.98
2664.95
3045.1
3309.18
3465.65
3520.68
3498.89
3426.51
3304.6
3143.66
2936.5
2668.47
2326.62
1905.51
1394.63
822.114
209.831
-408.001
-974.407
-1464.82
-1837.45
-2073.28
-2170.51
-2140.3
-2018.36
-1866.9
-1679.79
-1460.38
-1208.51
-939.782
-676.322
-425.164
-203.151
-17.3679
127.181
225.023
276.655
287.166
259.763
208.387
142.884
74.3591
12.2422
-36.9573
-70.1763
-87.3844
-91.6719
-85.9497
-75.2019
-62.2539
-49.6897
-39.0249
-30.6427
-24.3259
-19.6024
-15.9997
-13.1687
-10.894
-9.0392
-7.51199
-6.24693
-5.19544
-4.31999
-3.59065
-2.983
-2.4769
-2.05558
-1.70503
-1.41354
-1.17132
-0.970159
-0.803193
-0.66469
-0.549859
-0.454704
-0.37589
-0.310641
-0.256644
-0.211976
-0.17504
-0.144508
-0.119277
-0.0984335
-0.0812196
-0.0670066
-0.0552744
-0.0455921
-0.0376031
-0.0310124
-0.0255762
-0.021093
-0.0173963
-0.0143487
-0.0118363
-0.00976512
-0.00805736
-0.00664884
-0.00548806
-0.00453551
-0.00375133
6937.21
6450.23
6115.26
5913.85
5848.2
5964.3
6076.08
6284.96
6268.13
6226.39
6070.77
5763.69
5280.65
4551.82
3675.5
2769.3
1869.87
1042.59
377.89
242.465
212.862
172.42
137.905
117.143
110.348
111.363
110.937
100.378
73.7381
31.5551
-20.0873
-70.0655
-106.414
-119.645
-105.732
-68.6224
-20.6387
-15.556
-76.3652
-131.053
-182.196
-242.122
-423.756
-660.153
-921.201
-1111.46
-629.338
70.4651
709.545
1256.08
1714.07
2069.45
2361.45
2606.49
2808.95
2964.98
3060.22
3076.11
2995
2805.17
2500.19
2091.39
1606.23
1070.21
528.929
22.0061
-409.308
-726.402
-785.027
-805.72
-810.348
-596.033
-275.137
113.281
542.187
980.512
1398.66
1762.28
2011.52
2132.71
2104.03
1922.56
1577.5
1103.98
539.719
-60.8731
-610.1
-661.363
-599.959
-581.363
-606.521
-658.682
-735.386
-800.101
-683.376
-564.738
-545.39
-644.952
-754.981
-674.644
-592.273
-511.912
-449.95
-411.282
-397.714
-403.441
-423.793
-454.205
-488.809
-525.642
-566.355
-615.346
-673.475
-692.476
-443.73
-22.3803
472.713
1009.72
1635.62
2206.27
2699.91
3089.43
3357.92
3512.02
3563.73
3534.58
3460.44
3338.17
3175.79
2968.57
2702.17
2362.99
1943.98
1431.43
861.001
284.474
-168.866
-306.919
-316.484
-310.824
-302.646
-301.987
-315.566
-337.67
-365.579
-390.285
-402.386
-390.988
-340.69
-240.647
-100.557
39.366
154.973
240.753
293.261
313.852
308.826
283.537
236.157
175.371
113.492
59.4364
18.602
-7.87048
-23.5707
-30.8735
-30.781
-28.3767
-24.4618
-20.0472
-15.9692
-12.6147
-10.042
-8.11545
-6.64014
-5.47167
-4.52971
-3.76023
-3.12606
-2.60041
-2.1633
-1.79925
-1.49588
-1.24308
-1.03248
-0.857126
-0.711202
-0.589838
-0.488962
-0.405162
-0.335585
-0.277849
-0.229961
-0.190259
-0.157359
-0.130105
-0.107536
-0.088853
-0.0733916
-0.0605998
-0.0500191
-0.0412693
-0.0340349
-0.0280545
-0.0231113
-0.0190261
-0.0156501
-0.0128604
-0.0105551
-0.00865026
-0.00707622
-0.00577541
-0.00470003
-0.00381031
-0.00307338
-0.00246323
-0.00196121
-0.00155364
-0.00121627
6859.41
6337.58
6046.16
5843.44
5751.24
5831.42
5872.24
6184.35
6222.92
6242.17
6121.36
5829.59
5356.15
4614.28
3699.46
2931.51
2281.67
1693.91
1208.6
1020.38
908.283
810.915
727.792
654.616
587.127
521.766
457.039
393.645
333.016
277.701
229.668
190.24
158.52
131.604
105.605
75.8385
37.8404
-12.6885
-74.4554
-129.456
-181.187
-244.286
-319.024
-360.164
-387.737
-380.935
-1.19414
532.276
1006.46
1403.38
1785.1
2127.58
2411.21
2651.9
2853.15
3010.47
3108.63
3128.37
3051.12
2861.17
2552.09
2131.85
1746.66
1366.33
983.406
629.407
328.591
107.957
40.6951
18.4182
19.4019
155.32
373.814
646.979
954.94
1274.18
1579.83
1851.27
2074.75
2200.06
2176.98
2002.48
1741.75
1397.43
992.675
569.113
189.76
82.0478
57.0313
37.32
23.0404
17.7632
14.0501
20.1669
119.323
210.475
226.725
156.065
65.2779
54.9476
43.6105
33.5455
22.7273
12.8834
4.27948
-0.764752
-3.54732
-6.32638
-8.66831
-10.686
-12.0862
-12.2766
-7.69848
26.9528
198.605
517.399
892.655
1304.19
1808.77
2320.17
2785.09
3158.84
3418.04
3563.71
3611.46
3582.25
3504.34
3383.07
3225.67
3026.37
2771.39
2450.22
2070.35
1659.58
1223.44
782.803
433.561
261.059
177.755
121.728
88.3459
71.9146
67.9729
73.023
85.2015
106.362
139.79
190.002
262.795
361.634
478.752
594.333
690.245
761.829
807.04
826.443
824.353
805.116
767.729
720.535
672.669
630.878
599.262
578.838
567.33
563.15
564.588
568.349
573.031
577.721
581.802
585.022
587.423
589.192
590.529
591.58
592.422
593.109
593.673
594.139
594.526
594.847
595.114
595.337
595.521
595.674
595.801
595.907
595.994
596.067
596.127
596.177
596.218
596.252
596.28
596.304
596.323
596.339
596.352
596.363
596.372
596.379
596.385
596.39
596.394
596.398
596.401
596.403
596.405
596.407
596.408
596.409
596.41
596.411
596.411
596.412
596.412
596.413
596.413
6614.94
6227.38
5989.28
5779.79
5649.21
5651.54
5745.83
5990.59
6156.1
6256.64
6175.31
5696.72
4767.12
3441.95
1965.84
1474.47
1368.95
1248.29
1126.21
1005.08
896.65
801.534
719.458
646.889
579.966
515.422
451.797
389.631
330.223
275.921
228.55
189.281
157.231
129.712
103.083
72.7984
34.7839
-15.0913
-74.3391
-128.266
-179.489
-238.883
-310.626
-350.904
-378.201
-395.381
-395.407
-377.856
-349.771
-322.102
-86.3043
481.456
948.895
1335.61
1653.52
1896.25
2037.23
2043.19
1878.53
1517.85
955.226
294.175
146.742
133.394
114.602
92.4696
74.416
56.0753
35.1704
18.1229
-0.013794
-17.6698
-28.798
-36.0942
-38.7324
-36.5699
-31.534
-12.059
231.245
423.271
363.099
143.782
117.099
108.044
87.7865
60.1936
55.9723
48.7013
40.2429
30.7282
23.2428
17.8205
14.0272
10.6101
8.8133
10.5156
12.3246
14.3281
15.8492
15.9283
14.994
12.9013
9.92284
6.41468
2.58243
-0.681655
-3.47368
-6.19737
-8.52904
-10.6353
-12.4654
-14.1989
-16.6305
-19.2984
-21.3434
-21.8804
-20.6214
-5.17879
183.842
870.4
1615.47
2208.16
2613.95
2830.9
2883
2813.28
2658.38
2447.53
2188.79
1874.21
1488.95
1041.94
632.461
391.549
209.179
57.541
7.01802
6.98835
6.36792
5.84101
5.18756
4.4542
3.70817
2.95844
2.26041
1.65156
1.17814
0.906011
0.923927
1.36059
2.43091
4.41911
7.55515
12.0103
17.7575
24.3462
30.7022
34.8034
31.9746
25.1067
17.3418
10.6425
5.74733
2.58192
0.812208
0.104904
0.0402379
0.0234299
0.011056
-6.89621e-05
-0.00904997
-0.015876
-0.0205706
-0.0235092
-0.0249637
-0.0251825
-0.0245835
-0.0235447
-0.0222675
-0.020866
-0.0194114
-0.0179507
-0.0165162
-0.01513
-0.0138071
-0.012557
-0.0113855
-0.0102951
-0.00928624
-0.00835759
-0.00750656
-0.00672966
-0.00602287
-0.00538181
-0.00480194
-0.00427875
-0.00380776
-0.00338466
-0.00300531
-0.00266578
-0.00236239
-0.00209169
-0.00185049
-0.00163585
-0.00144508
-0.0012757
-0.00112549
-0.000992376
-0.000874522
-0.000770268
-0.000678116
-0.000596719
-0.000524871
-0.000461492
-0.00040562
-0.000356395
-0.000313045
-0.000274869
-0.000241256
2944.73
2527.67
1948.2
1414.55
1098.07
1084.22
1351.91
1769.05
2129.31
2196.15
1753.45
1355.34
1474.47
1499.64
1487.73
1434.23
1340.48
1227.7
1109.45
993.268
887.413
793.962
712.782
640.707
574.185
510.192
447.352
386.12
327.706
274.26
227.474
188.378
156.107
128.106
100.914
70.2459
32.2957
-16.423
-73.895
-126.951
-177.808
-236.037
-303.53
-343.104
-369.925
-383.871
-385.329
-368.97
-342.415
-314.82
-279.57
-236.776
-197.948
-159.724
-122.561
-85.8428
-50.6084
-13.1789
23.9855
53.8389
75.1916
92.9813
103.35
105.388
99.7196
88.8754
72.1498
54.4251
34.5806
18.0417
0.885045
-16.251
-27.039
-34.1247
-36.7181
-34.7024
-29.6381
-20.3275
-7.40852
7.91824
22.1977
36.7982
48.068
55.4008
58.7427
58.1511
54.1938
47.6597
39.5129
30.3215
23.1915
17.9551
14.2238
11.0547
9.05276
10.5901
12.2095
14.0394
15.2915
15.5391
14.5937
12.5363
9.62128
6.1815
2.47365
-0.695122
-3.43702
-6.11291
-8.41021
-10.475
-12.261
-13.98
-16.4553
-19.0509
-20.7382
-21.5121
-21.4858
-21.9634
-21.8732
-19.5851
-17.4217
-14.6187
-10.3986
-1.02988
23.1643
65.913
88.8313
91.3581
77.5814
49.9346
17.0377
4.11606
4.8535
5.48729
6.09144
6.00098
6.7705
6.80206
6.25714
5.74486
5.10619
4.38869
3.65375
2.9041
2.20462
1.56279
0.992266
0.503506
0.0927097
-0.253798
-0.550439
-0.763474
-0.896148
-0.963937
-0.972763
-0.921583
-0.818936
-0.693059
-0.540279
-0.38827
-0.252488
-0.142465
-0.0594846
0.00121902
0.0372781
0.0461046
0.0325604
0.0147982
-2.27641e-05
-0.0119475
-0.0202104
-0.0252916
-0.0278172
-0.0286258
-0.028379
-0.0275087
-0.0262679
-0.0248092
-0.0232344
-0.0216127
-0.019991
-0.0184017
-0.0168673
-0.0154031
-0.0140192
-0.0127215
-0.0115125
-0.0103929
-0.00936127
-0.00841485
-0.00755
-0.00676241
-0.00604736
-0.00539994
-0.00481522
-0.00428832
-0.00381452
-0.00338931
-0.00300837
-0.00266767
-0.00236343
-0.00209211
-0.00185049
-0.00163556
-0.0014446
-0.00127511
-0.00112483
-0.000991709
-0.00087388
-0.000769674
-0.000677581
-0.00059625
-0.000524469
-0.000461156
-0.000405344
-0.000356169
-0.000312863
-0.000274739
-0.0002412
669.278
709.1
731.443
730.535
717.989
712.992
736.877
801.492
905.926
1036.61
1162.7
1321.88
1428.71
1463.31
1456.1
1406.61
1317.15
1208.92
1094.54
981.518
878.09
786.254
705.982
634.437
568.35
504.923
442.856
382.537
325.089
272.486
226.277
187.362
154.896
126.453
98.7407
67.7332
29.8828
-17.8714
-73.5501
-125.656
-175.964
-232.335
-296.402
-335.17
-361.521
-375.889
-376.829
-361.405
-335.983
-308.988
-274.129
-232.685
-194.767
-157.311
-120.853
-84.8611
-50.2045
-15.9075
18.1993
48.7044
71.8982
89.2218
99.9435
102.04
96.6714
86.4014
70.3164
53.3153
34.1152
17.8909
1.1234
-15.1386
-25.656
-32.5374
-35.0639
-33.1298
-28.2355
-18.9603
-6.7526
8.01434
21.7215
35.599
46.8537
53.8982
57.1232
56.645
52.9596
46.5298
38.7892
30.1053
23.1916
18.0142
14.3141
11.2115
9.41666
10.6973
12.1502
13.8139
15.006
15.065
14.1236
12.1271
9.32062
6.02171
2.4424
-0.66561
-3.37941
-6.00544
-8.27688
-10.3373
-12.1501
-13.8741
-16.1768
-18.6691
-20.3639
-21.0577
-21.0711
-21.6626
-21.1951
-19.1103
-17.0965
-14.6286
-12.1252
-9.75159
-7.54913
-5.37596
-3.34953
-1.61624
-0.0849723
1.13753
2.65821
3.91206
4.6682
5.35462
5.95271
5.87435
6.61667
6.59551
6.09491
5.60118
4.98887
4.29858
3.59214
2.87239
2.19282
1.56684
1.00831
0.526572
0.118949
-0.227344
-0.518539
-0.730742
-0.864769
-0.933112
-0.944793
-0.898662
-0.803818
-0.683564
-0.532602
-0.384293
-0.252709
-0.145287
-0.0637804
-0.00424299
0.0314233
0.041192
0.0288646
0.0131086
-0.000654407
-0.0118986
-0.0197937
-0.0247234
-0.027228
-0.0280758
-0.0278862
-0.0270736
-0.0258857
-0.0244741
-0.0229411
-0.0213564
-0.0197675
-0.0182072
-0.0166985
-0.0152571
-0.0138931
-0.0126127
-0.011419
-0.0103127
-0.00929256
-0.00835611
-0.00749987
-0.00671969
-0.00601101
-0.00536905
-0.00478899
-0.00426608
-0.00379568
-0.00337337
-0.0029949
-0.00265629
-0.00235382
-0.00208402
-0.00184367
-0.00162982
-0.00143978
-0.00127107
-0.00112144
-0.000988869
-0.000871507
-0.000767694
-0.000675932
-0.000594881
-0.000523336
-0.000460222
-0.000404578
-0.000355544
-0.000312356
-0.000274333
-0.000240878
667.525
702.216
723.016
723.518
714.046
712.282
737.644
801.043
901.522
1026.41
1148.55
1296.14
1399.67
1434.18
1427.58
1379.69
1294.2
1190.03
1079.36
969.661
868.632
778.415
699.09
628.124
562.514
499.672
438.375
378.948
322.436
270.645
224.995
186.273
153.648
124.818
96.6533
65.3699
27.6629
-19.1283
-73.173
-124.337
-174.028
-228.817
-289.619
-327.56
-353.403
-367.148
-368.157
-353.636
-329.365
-302.841
-269.107
-229.153
-191.998
-155.202
-119.349
-83.9765
-49.9032
-16.3235
16.9128
46.5977
69.298
86.236
96.4198
98.6358
93.6489
83.869
68.3829
52.0212
33.5886
17.7683
1.61339
-13.9827
-24.2027
-30.8806
-33.3488
-31.5161
-26.7059
-17.8429
-6.00643
8.13581
21.4197
34.811
45.4019
52.2649
55.4551
55.0322
51.5128
45.4813
38.0752
29.7795
23.1251
18.0851
14.436
11.4541
9.67627
10.7682
12.0581
13.5654
14.5921
14.6613
13.7159
11.7626
9.03272
5.82448
2.36759
-0.66382
-3.33672
-5.91432
-8.15278
-10.1827
-11.979
-13.7049
-15.9747
-18.2846
-19.9015
-20.6433
-20.6704
-21.0615
-20.7399
-18.7202
-16.7361
-14.3387
-11.9248
-9.63507
-7.47857
-5.37093
-3.35113
-1.64166
-0.129894
1.09897
2.61698
3.82478
4.5888
5.22038
5.80564
5.77199
6.43319
6.42589
5.96959
5.48957
4.89295
4.22071
3.52961
2.82572
2.16319
1.55203
1.00603
0.534918
0.136522
-0.202238
-0.486487
-0.694047
-0.827239
-0.896924
-0.910534
-0.86761
-0.777928
-0.661927
-0.522106
-0.380559
-0.253722
-0.149435
-0.0695481
-0.0110342
0.0243774
0.0349481
0.0253141
0.0113663
-0.00136315
-0.011922
-0.0194456
-0.0242068
-0.0266767
-0.0275536
-0.0274141
-0.0266529
-0.0255127
-0.0241448
-0.0226515
-0.0211024
-0.0195452
-0.0180133
-0.0165297
-0.0151105
-0.0137661
-0.012503
-0.0113244
-0.0102313
-0.00922264
-0.00829615
-0.00744853
-0.00667579
-0.00597351
-0.00533706
-0.00476172
-0.00424285
-0.00377592
-0.00335656
-0.00298061
-0.00264415
-0.00234351
-0.00207526
-0.00183624
-0.00162351
-0.00143442
-0.00126652
-0.00111758
-0.000985585
-0.000868714
-0.000765316
-0.000673907
-0.000593153
-0.00052186
-0.000458958
-0.000403494
-0.000354612
-0.000311553
-0.000273639
-0.000240276
665.238
695.56
714.989
716.758
710.042
711.12
737.756
799.995
896.84
1016.51
1135.12
1273.74
1371.29
1405.59
1399.37
1353.37
1271.61
1171.37
1064.27
957.743
859.061
770.456
692.107
621.76
556.663
494.423
433.89
375.338
319.734
268.73
223.628
185.108
152.355
123.186
94.6247
63.1178
25.5884
-20.2876
-72.7929
-123.004
-172
-225.19
-283.038
-320.122
-345.44
-358.901
-359.845
-346.142
-322.921
-296.949
-264.074
-225.443
-189.093
-152.997
-117.782
-83.0606
-49.5734
-16.6811
15.5978
44.385
66.5637
83.0778
93.1057
95.4041
90.7418
81.4535
66.5593
50.833
33.0732
17.6372
1.97956
-12.9301
-22.8653
-29.3444
-31.7512
-30.0033
-25.3221
-16.7122
-5.34961
8.23464
21.0415
33.8504
44.1385
50.7724
53.8895
53.5445
50.2356
44.4392
37.3757
29.4847
23.0585
18.1206
14.5241
11.6322
9.93662
10.8375
11.9805
13.3395
14.2677
14.2471
13.3012
11.3968
8.75506
5.65711
2.31814
-0.652615
-3.28743
-5.81808
-8.02915
-10.0435
-11.8402
-13.5539
-15.7188
-17.9565
-19.4983
-20.2121
-20.2828
-20.6604
-20.1987
-18.3062
-16.4028
-14.0799
-11.7209
-9.46254
-7.34285
-5.26892
-3.32384
-1.64361
-0.152854
1.05571
2.51577
3.68204
4.45681
5.0972
5.66153
5.66885
6.26577
6.24562
5.82653
5.36411
4.78961
4.14152
3.4708
2.79088
2.1457
1.54856
1.01345
0.549811
0.156199
-0.178402
-0.458118
-0.663677
-0.796656
-0.867265
-0.881951
-0.842207
-0.757945
-0.646935
-0.511848
-0.375965
-0.253592
-0.152385
-0.0742268
-0.0168509
0.0182656
0.0297129
0.0220064
0.00966386
-0.00208567
-0.0119805
-0.0191417
-0.0237243
-0.0261492
-0.0270457
-0.0269493
-0.0262361
-0.0251419
-0.0238167
-0.0223622
-0.020848
-0.0193222
-0.0178183
-0.0163597
-0.0149626
-0.0136378
-0.0123919
-0.0112285
-0.0101486
-0.00915142
-0.00823495
-0.00739602
-0.00663079
-0.005935
-0.00530413
-0.00473359
-0.00421885
-0.00375545
-0.00333911
-0.00296575
-0.00263151
-0.00233276
-0.00206612
-0.00182846
-0.00161691
-0.00142881
-0.00126175
-0.00111353
-0.000982153
-0.000865803
-0.000762848
-0.000671814
-0.00059138
-0.000520359
-0.000457688
-0.00040242
-0.000353704
-0.000310787
-0.000272994
-0.000239734
662.463
689.052
707.22
710.119
705.909
709.543
737.283
798.353
891.726
1006.44
1121.3
1251.51
1343.84
1377.7
1371.86
1327.62
1249.37
1152.87
1049.22
945.766
849.386
762.385
685.039
615.35
550.799
489.176
429.404
371.709
316.987
266.748
222.182
183.873
151.025
121.562
92.6585
60.9785
23.6582
-21.3336
-72.3955
-121.651
-169.897
-221.557
-276.678
-312.89
-337.668
-350.765
-351.707
-338.764
-316.536
-291.12
-259.161
-221.808
-186.242
-150.834
-116.246
-82.1577
-49.2618
-17.0564
14.353
42.3226
63.9983
80.128
89.8707
92.2551
87.9135
79.0824
64.7596
49.6342
32.5449
17.51
2.37627
-11.9125
-21.5612
-27.8445
-30.1916
-28.5284
-23.9592
-15.6554
-4.70359
8.33247
20.7058
33.022
42.8603
49.2958
52.3552
52.0715
48.9335
43.4329
36.6845
29.1584
22.9627
18.1481
14.609
11.8051
10.1543
10.8892
11.8919
13.1104
13.9186
13.8621
12.9137
11.0518
8.48567
5.47998
2.24917
-0.650103
-3.24406
-5.72773
-7.90726
-9.89556
-11.6804
-13.3895
-15.4915
-17.5948
-19.084
-19.8063
-19.8795
-20.1675
-19.7289
-17.9158
-16.0609
-13.8104
-11.5279
-9.33237
-7.25403
-5.23005
-3.30991
-1.65482
-0.179796
1.0314
2.45318
3.57835
4.35007
4.97255
5.52377
5.55917
6.10353
6.08278
5.69699
5.24914
4.69168
4.06194
3.40989
2.74715
2.11895
1.53657
1.01373
0.559806
0.173805
-0.154641
-0.428115
-0.630245
-0.762581
-0.834212
-0.851206
-0.8151
-0.736134
-0.630778
-0.50198
-0.371657
-0.253535
-0.155216
-0.0787385
-0.0224649
0.01234
0.0245661
0.0187044
0.00793851
-0.00283848
-0.0120808
-0.0188766
-0.0232758
-0.0256467
-0.0265545
-0.0264955
-0.025826
-0.0247751
-0.0234908
-0.0220739
-0.0205939
-0.0190989
-0.0176227
-0.0161888
-0.0148136
-0.0135083
-0.0122796
-0.0111312
-0.0100645
-0.00907892
-0.00817252
-0.00734234
-0.00658469
-0.00589545
-0.00527023
-0.00470457
-0.00419402
-0.00373421
-0.00332097
-0.00295026
-0.00261828
-0.00232146
-0.00205648
-0.00182024
-0.0016099
-0.00142283
-0.00125665
-0.00110918
-0.00097844
-0.000862633
-0.000760141
-0.000669502
-0.000589403
-0.000518668
-0.00045624
-0.000401178
-0.000352639
-0.000309872
-0.000272207
-0.000239057
659.259
682.658
699.676
703.585
701.646
707.573
736.259
796.158
886.223
996.24
1107.29
1229.81
1317.2
1350.45
1344.95
1302.43
1227.48
1134.54
1034.23
933.742
839.615
754.21
677.891
608.894
544.919
483.928
424.913
368.06
314.196
264.7
220.66
182.573
149.659
119.945
90.7505
58.9435
21.8598
-22.2791
-71.9798
-120.28
-167.728
-217.9
-270.511
-305.843
-330.07
-342.847
-343.791
-331.549
-310.251
-285.41
-254.32
-218.168
-183.382
-148.666
-114.707
-81.2523
-48.9483
-17.4198
13.1382
40.3106
61.4868
77.2291
86.7579
89.2166
85.1739
76.7833
63.016
48.4714
32.0147
17.3803
2.73926
-10.9547
-20.3223
-26.4142
-28.7015
-27.1163
-22.6694
-14.6409
-4.09979
8.41844
20.3575
32.1725
41.6566
47.8871
50.8814
50.6604
47.7005
42.4487
36.0059
28.831
22.8536
18.1539
14.6761
11.9538
10.3522
10.9317
11.8056
12.892
13.5987
13.4847
12.5348
10.7157
8.22658
5.31564
2.18977
-0.646673
-3.19932
-5.63762
-7.78823
-9.75536
-11.53
-13.2221
-15.2488
-17.2665
-18.6902
-19.3985
-19.497
-19.7355
-19.2465
-17.528
-15.7345
-13.5513
-11.3257
-9.1731
-7.1344
-5.14085
-3.28569
-1.66002
-0.20879
0.989495
2.37101
3.46201
4.23864
4.85199
5.38726
5.45192
5.9441
5.91991
5.56365
5.13236
4.59472
3.98611
3.35261
2.70984
2.09774
1.52882
1.01677
0.570901
0.190772
-0.132863
-0.401564
-0.60102
-0.732692
-0.804855
-0.82343
-0.790436
-0.71579
-0.614862
-0.491933
-0.366978
-0.25305
-0.157626
-0.0828825
-0.027701
0.00679059
0.0197212
0.0155656
0.00622481
-0.00361243
-0.0122181
-0.0186473
-0.0228591
-0.0251679
-0.0260794
-0.0260518
-0.0254222
-0.0244122
-0.0231671
-0.0217867
-0.0203401
-0.0188754
-0.0174264
-0.0160169
-0.0146635
-0.0133775
-0.0121659
-0.0110326
-0.00997916
-0.00900517
-0.00810889
-0.00728751
-0.0065375
-0.00585488
-0.00523539
-0.00467467
-0.00416838
-0.00371224
-0.00330215
-0.00293415
-0.0026045
-0.00230967
-0.0020464
-0.00181162
-0.00160253
-0.00141653
-0.00125127
-0.00110458
-0.000974507
-0.000859272
-0.000757268
-0.000667046
-0.000587304
-0.000516873
-0.000454706
-0.000399866
-0.000351517
-0.000308912
-0.000271387
-0.000238355
655.679
676.347
692.325
697.135
697.249
705.231
734.716
793.444
880.35
985.91
1093.11
1208.56
1291.32
1323.83
1318.65
1277.76
1205.93
1116.4
1019.3
921.678
829.76
745.94
670.667
602.394
539.023
478.678
420.416
364.391
311.362
262.592
219.068
181.212
148.26
118.336
88.8986
57.0074
20.1849
-23.1289
-71.5423
-118.891
-165.505
-214.238
-264.528
-298.976
-322.647
-335.107
-336.068
-324.475
-304.055
-279.798
-249.563
-214.554
-180.538
-146.51
-113.176
-80.3491
-48.6388
-17.7781
11.968
38.3816
59.0683
74.4408
83.7448
86.2731
82.5154
74.5429
61.3135
47.3255
31.4807
17.2498
3.09379
-10.0419
-19.1319
-25.0364
-27.2647
-25.7541
-21.4265
-13.6749
-3.52261
8.49831
20.0217
31.3715
40.4841
46.52
49.4518
49.2871
46.4881
41.4907
35.3365
28.4906
22.7263
18.147
14.7325
12.0846
10.5226
10.9623
11.7146
12.6759
13.2829
13.125
12.1729
10.3936
7.97522
5.15127
2.12409
-0.646726
-3.15718
-5.55028
-7.66976
-9.612
-11.3726
-13.0518
-15.0115
-16.9301
-18.3019
-19.0049
-19.1032
-19.2931
-18.7944
-17.151
-15.4081
-13.2934
-11.1342
-9.03445
-7.03435
-5.07601
-3.26381
-1.66383
-0.231623
0.95888
2.30154
3.35793
4.13085
4.73337
5.25437
5.34281
5.79183
5.76665
5.43621
5.01951
4.4989
3.90882
3.29381
2.66812
2.0723
1.5174
1.01694
0.580141
0.206949
-0.110898
-0.374216
-0.570715
-0.701699
-0.774632
-0.795101
-0.765522
-0.695703
-0.599309
-0.482104
-0.362259
-0.252356
-0.159741
-0.0867285
-0.0326264
0.00154985
0.0151288
0.0125258
0.00452599
-0.00440252
-0.012388
-0.0184512
-0.0224723
-0.0247117
-0.0256198
-0.0256182
-0.0250248
-0.0240532
-0.0228456
-0.0215005
-0.0200865
-0.0186515
-0.0172294
-0.0158441
-0.0145124
-0.0132456
-0.012051
-0.0109328
-0.00989257
-0.0089302
-0.00804407
-0.00723155
-0.00648925
-0.00581332
-0.00519962
-0.00464391
-0.00414194
-0.00368954
-0.00328267
-0.00291743
-0.00259016
-0.00229738
-0.00203586
-0.00180259
-0.00159479
-0.0014099
-0.00124558
-0.00109971
-0.000970333
-0.000855694
-0.0007542
-0.000664415
-0.000585046
-0.000514935
-0.000453041
-0.000398436
-0.000350287
-0.000307854
-0.000270476
-0.000237571
651.765
670.094
685.134
690.755
692.713
702.534
732.685
790.243
874.129
975.45
1078.8
1187.74
1266.15
1297.82
1292.92
1253.6
1184.71
1098.43
1004.43
909.585
819.828
737.582
663.372
595.85
533.109
473.423
415.912
360.7
308.487
260.425
217.41
179.794
146.831
116.737
87.1004
55.1644
18.6247
-23.8892
-71.0813
-117.482
-163.235
-210.574
-258.715
-292.28
-315.392
-327.551
-328.534
-317.545
-297.953
-274.285
-244.881
-210.959
-177.704
-144.361
-111.651
-79.4461
-48.329
-18.1265
10.8358
36.5195
56.725
71.735
80.8347
83.4254
79.9376
72.3645
59.6563
46.2041
30.9454
17.117
3.42954
-9.17708
-17.9943
-23.7157
-25.8855
-24.4453
-20.239
-12.7534
-2.97685
8.56961
19.6874
30.5874
39.3586
45.2031
48.0711
47.9601
45.3182
40.5558
34.678
28.1443
22.5849
18.1232
14.7749
12.1979
10.6717
10.9843
11.6224
12.4663
12.9805
12.7766
11.8228
10.0821
7.73294
4.99387
2.06076
-0.647585
-3.11538
-5.46436
-7.55388
-9.4722
-11.2171
-12.8768
-14.7728
-16.6081
-17.9245
-18.6147
-18.7256
-18.8682
-18.3486
-16.7815
-15.0912
-13.0395
-10.9368
-8.88352
-6.9242
-5.01064
-3.23924
-1.66756
-0.258132
0.92144
2.22765
3.25433
4.02512
4.6174
5.12449
5.2338
5.64247
5.61658
5.30956
4.90835
4.40567
3.83457
3.2373
2.62944
2.04898
1.50721
1.01748
0.588949
0.22199
-0.0906999
-0.349199
-0.542888
-0.673025
-0.746389
-0.768335
-0.741684
-0.676088
-0.584089
-0.472298
-0.357385
-0.251399
-0.161544
-0.0902682
-0.0372389
-0.0033871
0.0107827
0.00960869
0.00284911
-0.00520404
-0.0125862
-0.0182858
-0.0221134
-0.024277
-0.0251752
-0.0251944
-0.0246337
-0.023698
-0.0225264
-0.0212155
-0.0198333
-0.0184275
-0.0170319
-0.0156705
-0.0143602
-0.0131125
-0.0119349
-0.0108317
-0.00980475
-0.00885402
-0.00797809
-0.00717448
-0.00643994
-0.00577076
-0.00516292
-0.00461229
-0.00411472
-0.00366612
-0.00326252
-0.00290011
-0.00257527
-0.00228459
-0.00202488
-0.00179316
-0.00158669
-0.00140294
-0.00123961
-0.00109458
-0.000965927
-0.000851909
-0.000750949
-0.000661621
-0.000582645
-0.00051287
-0.000451266
-0.000396908
-0.000348973
-0.000306723
-0.000269502
-0.000236732
647.554
663.879
678.078
684.423
688.043
699.502
730.195
786.585
867.579
964.863
1064.4
1167.32
1241.65
1272.4
1267.74
1229.93
1163.81
1080.64
989.628
897.468
809.828
729.143
656.012
589.266
527.178
468.162
411.399
356.988
305.573
258.202
215.689
178.323
145.374
115.146
85.3533
53.4093
17.1717
-24.5653
-70.5951
-116.055
-160.926
-206.916
-253.06
-285.748
-308.303
-320.171
-321.18
-310.755
-291.944
-268.868
-240.274
-207.388
-174.883
-142.221
-110.131
-78.544
-48.0185
-18.4646
9.74352
34.7266
54.4605
69.1196
78.021
80.6687
77.4371
70.2448
58.041
45.1038
30.4094
16.9818
3.75033
-8.35565
-16.9048
-22.4475
-24.5596
-23.1862
-19.1003
-11.8745
-2.45851
8.63442
19.3594
29.8311
38.2705
43.9295
46.7342
46.6729
44.1779
39.6439
34.029
27.7902
22.4292
18.0863
14.8052
12.2937
10.7992
10.9943
11.5272
12.2603
12.6873
12.4417
11.4862
9.7821
7.49822
4.83941
1.99599
-0.650277
-3.07496
-5.38022
-7.43879
-9.33176
-11.0595
-12.7001
-14.5339
-16.2881
-17.5553
-18.2326
-18.3457
-18.4516
-17.9203
-16.42
-14.778
-12.7897
-10.7465
-8.74164
-6.82077
-4.9471
-3.21347
-1.66808
-0.280227
0.88784
2.15829
3.15575
3.92144
4.50381
4.99751
5.12516
5.49863
5.47279
5.18628
4.7993
4.31317
3.75998
3.18011
2.58887
2.02386
1.49536
1.01664
0.596772
0.236477
-0.0706758
-0.324291
-0.515185
-0.644494
-0.718405
-0.742023
-0.718403
-0.656963
-0.569237
-0.462611
-0.352418
-0.25022
-0.163064
-0.0935185
-0.0415546
-0.00803487
0.00667025
0.00685588
0.0011996
-0.00601254
-0.0128086
-0.0181486
-0.0217804
-0.0238627
-0.0247449
-0.0247803
-0.0242488
-0.0233468
-0.0222094
-0.0209317
-0.0195805
-0.0182033
-0.0168338
-0.0154961
-0.014207
-0.0129783
-0.0118177
-0.0107294
-0.00971573
-0.00877666
-0.00791097
-0.00711631
-0.0063896
-0.00572723
-0.00512532
-0.00457983
-0.00408672
-0.00364198
-0.00324172
-0.00288219
-0.00255985
-0.00227131
-0.00201345
-0.00178332
-0.00157822
-0.00139566
-0.00123335
-0.00108919
-0.000961288
-0.000847917
-0.000747512
-0.000658662
-0.000580097
-0.000510675
-0.000449374
-0.000395278
-0.000347566
-0.000305509
-0.000268455
-0.000235828
643.08
657.685
671.132
678.124
683.237
696.15
727.273
782.498
860.721
954.155
1049.94
1147.27
1217.76
1247.54
1243.09
1206.72
1143.22
1063.03
974.896
885.336
799.767
720.631
648.589
582.642
521.228
462.894
406.877
353.255
302.619
255.926
213.909
176.802
143.891
113.565
83.6551
51.7369
15.8186
-25.1625
-70.0829
-114.61
-158.586
-203.27
-247.554
-279.375
-301.375
-312.96
-314.001
-304.1
-286.03
-263.544
-235.74
-203.843
-172.077
-140.09
-108.618
-77.6424
-47.706
-18.7904
8.68969
32.9987
52.2704
66.5876
75.3014
78.0004
75.0119
68.1831
56.4671
44.0256
29.8738
16.8436
4.05451
-7.57642
-15.8628
-21.2312
-23.2864
-21.9763
-18.0106
-11.0367
-1.96754
8.69327
19.0357
29.0973
37.221
42.6996
45.441
45.4262
43.0718
38.7539
33.3899
27.4307
22.261
18.0354
14.8228
12.3738
10.9084
10.9935
11.4299
12.0591
12.4037
12.1182
11.1613
9.49251
7.27155
4.68999
1.93192
-0.653897
-3.03535
-5.29757
-7.32562
-9.19308
-10.9018
-12.5205
-14.2964
-15.976
-17.1944
-17.8569
-17.9759
-18.0442
-17.5025
-16.0664
-14.4717
-12.5427
-10.554
-8.59555
-6.71487
-4.88312
-3.187
-1.66884
-0.303437
0.852385
2.08904
3.06016
3.82004
4.39257
4.87346
5.01653
5.35824
5.33298
5.06523
4.69262
4.22299
3.68736
3.12432
2.54964
1.99939
1.4836
1.01541
0.603823
0.249883
-0.0519664
-0.300902
-0.489016
-0.617361
-0.691593
-0.71663
-0.695806
-0.638267
-0.554718
-0.453012
-0.347354
-0.248826
-0.164312
-0.096489
-0.0455843
-0.0124049
0.00278042
0.00414697
-0.00041873
-0.00682391
-0.0130515
-0.018037
-0.0214715
-0.0234676
-0.0243285
-0.0243755
-0.02387
-0.0229994
-0.0218948
-0.0206491
-0.0193282
-0.0179791
-0.0166353
-0.0153209
-0.0140528
-0.0128431
-0.0116992
-0.010626
-0.00962553
-0.00869814
-0.00784272
-0.00705707
-0.00633824
-0.00568274
-0.00508682
-0.00454654
-0.00405795
-0.00361713
-0.00322027
-0.00286368
-0.00254388
-0.00225755
-0.00200158
-0.00177309
-0.0015694
-0.00138806
-0.00122679
-0.00108354
-0.000956419
-0.000843719
-0.000743892
-0.00065554
-0.000577403
-0.000508351
-0.000447368
-0.000393546
-0.00034607
-0.000304217
-0.000267339
-0.000234863
638.369
651.498
664.274
671.843
678.296
692.494
723.944
778.009
853.572
943.329
1035.43
1127.58
1194.46
1223.22
1218.96
1183.96
1122.94
1045.59
960.237
873.195
789.652
712.05
641.108
575.98
515.259
457.617
402.343
349.5
299.629
253.599
212.074
175.235
142.386
111.993
82.0035
50.1425
14.559
-25.6854
-69.5441
-113.147
-156.221
-199.64
-242.187
-273.153
-294.604
-305.914
-306.989
-297.579
-280.209
-258.31
-231.275
-200.325
-169.287
-137.969
-107.11
-76.741
-47.3905
-19.1028
7.6741
31.3341
50.1533
64.1384
72.672
75.4172
72.6596
66.1776
54.9332
42.9688
29.3394
16.7024
4.34269
-6.83697
-14.866
-20.0645
-22.0637
-20.8138
-16.9671
-10.2378
-1.50231
8.748
18.7171
28.3864
36.207
41.5104
44.189
44.2173
41.9957
37.8851
32.7602
27.0659
22.0809
17.9719
14.8284
12.4382
10.9984
10.9845
11.3301
11.8616
12.1291
11.8063
10.8481
9.21314
7.0521
4.5443
1.86784
-0.658624
-2.99677
-5.21624
-7.21343
-9.05471
-10.7433
-12.3394
-14.0588
-15.6684
-16.8414
-17.4879
-17.6083
-17.6467
-17.0976
-15.72
-14.1704
-12.3001
-10.3659
-8.45343
-6.61119
-4.81932
-3.15884
-1.66724
-0.324283
0.818275
2.02209
2.96795
3.72074
4.28367
4.75232
4.90877
5.22231
5.19791
4.94678
4.58777
4.13387
3.61518
3.06855
2.50969
1.97415
1.47097
1.01332
0.610117
0.262681
-0.0337729
-0.278113
-0.463509
-0.590887
-0.665463
-0.691941
-0.673841
-0.620031
-0.54053
-0.443519
-0.342211
-0.247236
-0.165305
-0.0991914
-0.0493398
-0.0165085
-0.000896376
0.00154411
-0.00200163
-0.00763434
-0.0133114
-0.0179489
-0.021185
-0.0230907
-0.0239254
-0.0239798
-0.0234972
-0.0226559
-0.0215825
-0.0203677
-0.0190763
-0.0177547
-0.0164363
-0.0151449
-0.0138978
-0.0127067
-0.0115797
-0.0105214
-0.00953417
-0.00861849
-0.00777337
-0.00699678
-0.00628587
-0.00563731
-0.00504743
-0.00451242
-0.00402842
-0.00359158
-0.00319818
-0.00284459
-0.00252738
-0.0022433
-0.00198927
-0.00176246
-0.00156023
-0.00138014
-0.00121995
-0.00107764
-0.000951321
-0.000839317
-0.00074009
-0.000652255
-0.000574566
-0.000505899
-0.000445249
-0.000391713
-0.000344485
-0.000302845
-0.000266152
-0.000233836
633.445
645.306
657.486
665.569
673.22
688.548
720.231
773.14
846.15
932.394
1020.91
1108.23
1171.7
1199.42
1195.32
1161.63
1102.97
1028.33
945.654
861.05
779.491
703.407
633.572
569.282
509.272
452.329
397.798
345.723
296.602
251.224
210.186
173.624
140.859
110.431
80.3963
48.6217
13.3866
-26.1385
-68.9786
-111.669
-153.835
-196.03
-236.952
-267.077
-287.984
-299.028
-300.138
-291.186
-274.482
-253.165
-226.877
-196.835
-166.514
-135.858
-105.607
-75.8398
-47.071
-19.4011
6.69601
29.7304
48.107
61.7689
70.1298
72.9164
70.378
64.2271
53.4383
41.9333
28.8069
16.5578
4.6147
-6.13556
-13.9129
-18.946
-20.8901
-19.6974
-15.9684
-9.47637
-1.06204
8.78861
18.4031
27.6969
35.2274
40.3607
42.9768
43.0453
40.95
37.0366
32.1398
26.6968
21.8902
17.8961
14.8218
12.4881
11.0705
10.9676
11.228
11.6679
11.863
11.5049
10.5459
8.94341
6.83992
4.40291
1.80439
-0.664071
-2.95891
-5.13636
-7.10268
-8.91741
-10.5846
-12.1566
-13.8227
-15.3666
-16.4957
-17.1258
-17.2479
-17.2576
-16.7034
-15.3811
-13.8749
-12.0603
-10.1779
-8.31052
-6.50746
-4.75543
-3.13017
-1.66526
-0.344802
0.783948
1.95643
2.87876
3.6236
4.177
4.63389
4.80151
5.08992
5.06676
4.83086
4.4852
4.04665
3.5444
3.01371
2.47038
1.94902
1.45807
1.01066
0.615632
0.274569
-0.0165719
-0.256415
-0.439106
-0.565419
-0.640211
-0.668005
-0.652491
-0.602228
-0.526655
-0.434131
-0.336998
-0.245462
-0.166057
-0.101636
-0.0528335
-0.0203558
-0.00436907
-0.000950069
-0.00354553
-0.00844029
-0.0135851
-0.0178817
-0.0209191
-0.0227308
-0.023535
-0.0235929
-0.0231304
-0.0223162
-0.0212726
-0.0200877
-0.018825
-0.0175303
-0.0162368
-0.0149683
-0.0137418
-0.0125694
-0.0114591
-0.0104157
-0.00944168
-0.00853772
-0.00770294
-0.00693544
-0.00623251
-0.00559094
-0.00500717
-0.0044775
-0.00399814
-0.00356534
-0.00317545
-0.00282492
-0.00251036
-0.00222857
-0.00197653
-0.00175145
-0.0015507
-0.0013719
-0.00121283
-0.00107148
-0.000945996
-0.000834711
-0.000736107
-0.00064881
-0.000571585
-0.00050332
-0.000443016
-0.00038978
-0.000342811
-0.000301395
-0.000264896
-0.000232747
628.329
639.099
650.75
659.289
668.01
684.326
716.155
767.917
838.471
921.356
1006.38
1089.19
1149.46
1176.12
1172.16
1139.71
1083.28
1011.24
931.149
848.908
769.29
694.709
625.987
562.549
503.266
447.032
393.24
341.925
293.54
248.804
208.249
171.973
139.312
108.878
78.8314
47.1702
12.2959
-26.5262
-68.3866
-110.176
-151.435
-192.444
-231.841
-261.141
-281.512
-292.297
-293.441
-284.92
-268.847
-248.105
-222.546
-193.375
-163.759
-133.758
-104.111
-74.9384
-46.7468
-19.6843
5.75491
28.1857
46.1296
59.4772
67.6718
70.4951
68.1648
62.3301
51.9814
40.9187
28.2769
16.4097
4.87076
-5.47036
-13.0018
-17.8739
-19.7639
-18.6256
-15.0129
-8.75075
-0.645592
8.82242
18.0936
27.0281
34.2804
39.2486
41.8028
41.9085
39.9328
36.2077
31.5285
26.324
21.6895
17.8089
14.8025
12.5239
11.1257
10.9433
11.1235
11.4776
11.6048
11.2137
10.2541
8.68297
6.63455
4.26545
1.74142
-0.670185
-2.92178
-5.05769
-6.99297
-8.78073
-10.4256
-11.9727
-13.5873
-15.0697
-16.1572
-16.77
-16.8919
-16.8774
-16.3202
-15.049
-13.5848
-11.8245
-9.99279
-8.16961
-6.40462
-4.69128
-3.10015
-1.66173
-0.363826
0.750322
1.89255
2.79243
3.52857
4.07258
4.51827
4.6953
4.96134
4.93953
4.71734
4.38449
3.96072
3.4744
2.95925
2.43087
1.92355
1.4446
1.00733
0.620453
0.285779
-5.73868e-05
-0.235494
-0.415543
-0.540754
-0.615725
-0.644781
-0.63174
-0.584858
-0.513084
-0.424853
-0.331724
-0.243518
-0.166581
-0.103835
-0.0560832
-0.0239504
-0.00764591
-0.00333622
-0.00504727
-0.00923855
-0.0138696
-0.0178332
-0.0206722
-0.022387
-0.0231566
-0.0232146
-0.0227693
-0.0219803
-0.020965
-0.0198089
-0.0185741
-0.0173059
-0.016037
-0.014791
-0.013585
-0.0124311
-0.0113374
-0.0103089
-0.00934809
-0.00845585
-0.00763144
-0.00687308
-0.00617818
-0.00554365
-0.00496606
-0.00444177
-0.00396711
-0.00353842
-0.00315211
-0.00280468
-0.00249282
-0.00221337
-0.00196337
-0.00174004
-0.00154083
-0.00136335
-0.00120543
-0.00106507
-0.000940445
-0.000829905
-0.000731944
-0.000645205
-0.000568462
-0.000500614
-0.000440671
-0.000387747
-0.000341049
-0.000299867
-0.00026357
-0.000231597
623.038
632.868
644.052
652.995
662.666
679.84
711.739
762.359
830.551
910.22
991.856
1070.46
1127.69
1153.3
1149.45
1118.2
1063.88
994.33
916.726
836.774
759.054
685.959
618.354
555.784
497.241
441.722
388.669
338.105
290.445
246.339
206.265
170.284
137.748
107.335
77.3068
45.784
11.2815
-26.8522
-67.7684
-108.669
-149.023
-188.885
-226.848
-255.339
-275.183
-285.715
-286.894
-278.777
-263.304
-243.129
-218.279
-189.946
-161.022
-131.668
-102.62
-74.0367
-46.4171
-19.9517
4.85018
26.698
44.2189
57.2607
65.295
68.1507
66.0181
60.4853
50.5613
39.9247
27.7499
16.2581
5.11104
-4.83974
-12.1312
-16.8467
-18.6835
-17.5971
-14.0988
-8.05947
-0.252009
8.84962
17.7887
26.3791
33.3645
38.1725
40.6654
40.8057
38.9433
35.3978
30.9261
25.9482
21.4798
17.7107
14.7734
12.5464
11.166
10.9112
11.0169
11.2901
11.3545
10.9322
9.97236
8.4314
6.43583
4.13203
1.67917
-0.676745
-2.8853
-4.98025
-6.88442
-8.64489
-10.2664
-11.7879
-13.3534
-14.7778
-15.8254
-16.4207
-16.5419
-16.5053
-15.9469
-14.7239
-13.3
-11.5918
-9.8089
-8.02922
-6.30232
-4.62701
-3.0695
-1.65735
-0.382177
0.717022
1.83024
2.70883
3.43563
3.97032
4.40524
4.59001
4.83617
4.81591
4.60631
4.28587
3.87643
3.40554
2.90552
2.39174
1.89803
1.43076
1.00341
0.624555
0.296202
0.0156247
-0.215462
-0.392922
-0.516949
-0.59202
-0.622255
-0.61157
-0.567913
-0.499805
-0.415688
-0.3264
-0.241416
-0.166891
-0.105798
-0.0590864
-0.0273156
-0.010735
-0.00561573
-0.00650415
-0.0100263
-0.014162
-0.0178013
-0.0204426
-0.0220581
-0.0227898
-0.0228445
-0.0224138
-0.0216481
-0.0206597
-0.0195314
-0.0183239
-0.0170816
-0.0158368
-0.014613
-0.0134274
-0.0122919
-0.0112147
-0.010201
-0.00925342
-0.00837292
-0.0075589
-0.00680971
-0.0061229
-0.00549547
-0.00492409
-0.00440525
-0.00393536
-0.00351083
-0.00312814
-0.00278387
-0.00247476
-0.0021977
-0.00194978
-0.00172826
-0.00153061
-0.00135449
-0.00119775
-0.00105841
-0.000934672
-0.000824899
-0.000727604
-0.000641441
-0.000565198
-0.000497782
-0.000438215
-0.000385616
-0.000339199
-0.000298261
-0.000262176
-0.000230386
617.587
626.608
637.376
646.676
657.19
675.104
707
756.487
822.405
898.996
977.354
1052.01
1106.38
1130.94
1127.19
1097.06
1044.76
977.588
902.384
824.652
748.789
677.163
610.678
548.986
491.197
436.401
384.084
334.263
287.317
243.833
204.238
168.559
136.166
105.802
75.8205
44.4594
10.3386
-27.1205
-67.1246
-107.149
-146.605
-185.355
-221.966
-249.667
-268.993
-279.279
-280.491
-272.753
-257.853
-238.235
-214.075
-186.548
-158.305
-129.59
-101.135
-73.1346
-46.0815
-20.2028
3.98122
25.2655
42.3732
55.1172
62.9965
65.8805
63.9357
58.6912
49.1772
38.9511
27.2265
16.1029
5.33578
-4.24214
-11.2995
-15.8629
-17.6476
-16.6105
-13.2246
-7.40107
0.119689
8.87025
17.4882
25.749
32.4783
37.131
39.5632
39.7354
37.9805
34.6061
30.3324
25.5699
21.2617
17.6023
14.734
12.5563
11.1921
10.8719
10.9081
11.1058
11.1113
10.6598
9.70014
8.18831
6.24345
4.00236
1.6178
-0.683667
-2.84938
-4.90389
-6.77686
-8.50975
-10.1073
-11.6025
-13.1207
-14.4906
-15.5001
-16.0776
-16.1971
-16.1413
-15.5833
-14.4052
-13.0204
-11.3627
-9.62735
-7.89017
-6.20064
-4.56247
-3.03783
-1.65169
-0.399541
0.684322
1.76956
2.62781
3.34475
3.87022
4.29485
4.48591
4.71438
4.69573
4.49761
4.18912
3.79352
3.33759
2.85233
2.36011
1.87235
1.41649
0.998914
0.628
0.305936
0.0305761
-0.196185
-0.371196
-0.493947
-0.569063
-0.600407
-0.591964
-0.551383
-0.486809
-0.406645
-0.321035
-0.239169
-0.166997
-0.107536
-0.0618538
-0.0304608
-0.0136437
-0.00779038
-0.00791404
-0.0108007
-0.0144596
-0.0177841
-0.0202289
-0.0217432
-0.0224338
-0.0224823
-0.0220639
-0.0213196
-0.0203567
-0.0192552
-0.0180742
-0.0168573
-0.0156362
-0.0144345
-0.013269
-0.0121517
-0.011091
-0.010092
-0.00915769
-0.00828893
-0.00748534
-0.00674536
-0.00606667
-0.00544639
-0.00488129
-0.00436796
-0.00390289
-0.00348257
-0.00310356
-0.0027625
-0.00245619
-0.00218157
-0.00193577
-0.00171609
-0.00152005
-0.00134532
-0.00118979
-0.0010515
-0.000928676
-0.000819695
-0.000723087
-0.00063752
-0.000561793
-0.000494826
-0.000435648
-0.000383386
-0.000337262
-0.000296579
-0.000260714
-0.000229115
611.989
620.313
630.712
640.327
651.582
670.127
701.957
750.32
814.047
887.688
962.881
1033.83
1085.51
1109.03
1105.35
1076.29
1025.9
961.015
888.127
812.547
738.5
668.326
602.962
542.159
485.135
431.067
379.485
330.4
284.157
241.288
202.169
166.801
134.57
104.279
74.3706
43.1928
9.46248
-27.3344
-66.456
-105.618
-144.183
-181.856
-217.191
-244.12
-262.938
-272.983
-274.228
-266.846
-252.491
-233.42
-209.932
-183.183
-155.608
-127.523
-99.6557
-72.2317
-45.7393
-20.437
3.14743
23.8864
40.5904
53.0447
60.7738
63.6823
61.9157
56.9466
47.828
37.9975
26.7069
15.944
5.54527
-3.67611
-10.5054
-14.9209
-16.6545
-15.6645
-12.3889
-6.77422
0.470397
8.88438
17.192
25.137
31.6204
36.1225
38.4947
38.6967
37.0434
33.832
29.7472
25.1896
21.0359
17.4842
14.6841
12.5543
11.2056
10.8258
10.797
10.9243
10.8748
10.3961
9.437
7.95334
6.05722
3.87641
1.55744
-0.690857
-2.81392
-4.82858
-6.6703
-8.37535
-9.94833
-11.4167
-12.8896
-14.208
-15.181
-15.7408
-15.8579
-15.7851
-15.2288
-14.093
-12.7459
-11.1368
-9.4475
-7.7521
-6.09959
-4.49788
-3.0055
-1.64521
-0.415931
0.652174
1.71049
2.54923
3.2559
3.7722
4.18696
4.38302
4.59577
4.5788
4.39128
4.09432
3.7121
3.27065
2.79968
2.32008
1.8465
1.40186
0.993867
0.630787
0.314958
0.0447689
-0.177769
-0.35027
-0.471737
-0.54684
-0.579218
-0.572908
-0.535261
-0.474088
-0.3977
-0.315635
-0.236788
-0.166912
-0.109057
-0.0643951
-0.0333949
-0.0163792
-0.00986195
-0.00927515
-0.0115596
-0.0147597
-0.0177798
-0.0200295
-0.0214413
-0.0220882
-0.0221277
-0.0217193
-0.0209947
-0.020056
-0.0189803
-0.0178251
-0.016633
-0.0154354
-0.0142554
-0.0131098
-0.0120106
-0.0109663
-0.00998208
-0.00906092
-0.00820392
-0.00741077
-0.00668004
-0.00600951
-0.00539643
-0.00483767
-0.0043299
-0.0038697
-0.00345366
-0.00307838
-0.00274058
-0.00243712
-0.00216498
-0.00192134
-0.00170355
-0.00150915
-0.00133585
-0.00118156
-0.00104435
-0.000922461
-0.000814295
-0.000718394
-0.000633442
-0.00055825
-0.000491747
-0.000432971
-0.000381059
-0.000335239
-0.000294819
-0.000259183
-0.000227784
606.255
613.976
624.05
633.939
645.844
664.922
696.627
743.876
805.489
876.304
948.446
1015.92
1065.04
1087.54
1083.91
1055.88
1007.31
944.609
873.956
800.462
728.191
659.452
595.209
535.304
479.054
425.72
374.872
326.516
280.967
238.704
200.061
165.012
132.96
102.765
72.9555
41.9809
8.64901
-27.4974
-65.7635
-104.076
-141.76
-178.39
-212.517
-238.693
-257.014
-266.823
-268.098
-261.053
-247.218
-228.684
-205.848
-179.849
-152.931
-125.468
-98.1821
-71.3281
-45.3901
-20.6539
2.34818
22.5591
38.8689
51.0408
58.6243
61.5534
59.9561
55.2502
46.5128
37.0635
26.1915
15.7815
5.73981
-3.14026
-9.74744
-14.0193
-15.7029
-14.7577
-11.5903
-6.17763
0.800983
8.89216
16.9001
24.5423
30.7895
35.1457
37.4584
37.6882
36.131
33.075
29.1705
24.8078
20.8032
17.3569
14.6244
12.5406
11.2062
10.7726
10.6844
10.7454
10.6445
10.1407
9.18253
7.72614
5.87687
3.75408
1.49815
-0.698214
-2.77886
-4.75421
-6.56465
-8.24168
-9.78953
-11.2308
-12.6601
-13.9297
-14.8678
-15.4099
-15.524
-15.4363
-14.883
-13.787
-12.4764
-10.9144
-9.26976
-7.61522
-5.99913
-4.43312
-2.97237
-1.63781
-0.431273
0.620667
1.65302
2.47298
3.16905
3.67625
4.08156
4.28147
4.48025
4.46496
4.28721
4.00136
3.63206
3.20464
2.74755
2.28061
1.82049
1.38685
0.988295
0.632954
0.323311
0.0582437
-0.16017
-0.330114
-0.450293
-0.52533
-0.558672
-0.554386
-0.519538
-0.461636
-0.38881
-0.310208
-0.234283
-0.166646
-0.110373
-0.0667205
-0.0361269
-0.0189478
-0.0118323
-0.010586
-0.0123006
-0.0150595
-0.0177871
-0.0198429
-0.0211513
-0.0217523
-0.0217804
-0.0213798
-0.0206732
-0.0197575
-0.0187068
-0.0175767
-0.0164089
-0.0152343
-0.0140757
-0.0129498
-0.0118687
-0.0108407
-0.00987113
-0.00896314
-0.0081179
-0.00733521
-0.00661376
-0.00595145
-0.00534562
-0.00479324
-0.00429108
-0.00383582
-0.00342409
-0.0030526
-0.00271812
-0.00241755
-0.00214794
-0.00190651
-0.00169064
-0.00149791
-0.00132607
-0.00117305
-0.00103695
-0.000916028
-0.0008087
-0.000713528
-0.00062921
-0.000554568
-0.000488544
-0.000430185
-0.000378635
-0.00033313
-0.000292984
-0.000257586
-0.000226394
600.395
607.595
617.379
627.506
639.978
659.498
691.026
737.172
796.746
864.85
934.053
998.251
1044.96
1066.45
1062.87
1035.81
988.978
928.369
859.871
788.401
717.868
650.545
587.422
528.422
472.956
420.36
370.244
322.611
277.747
236.085
197.916
163.193
131.336
101.261
71.5732
40.8204
7.89416
-27.6126
-65.048
-102.526
-139.339
-174.959
-207.94
-233.382
-251.216
-260.795
-262.098
-255.371
-242.032
-224.023
-201.824
-176.549
-150.275
-123.425
-96.7142
-70.4235
-45.0335
-20.8533
1.58285
21.282
37.2068
49.1036
56.5454
59.4918
58.0552
53.6006
45.2307
36.1488
25.6807
15.6155
5.91974
-2.63329
-9.02433
-13.1567
-14.7914
-13.889
-10.8272
-5.61007
1.11227
8.89375
16.6122
23.9641
29.9845
34.1992
36.4528
36.709
35.2423
32.3344
28.6019
24.4248
20.564
17.2208
14.5552
12.5162
11.1953
10.7134
10.5694
10.5691
10.4203
9.8931
8.93632
7.50637
5.7022
3.6353
1.43997
-0.705526
-2.74421
-4.68074
-6.45989
-8.10874
-9.63103
-11.0449
-12.4322
-13.6558
-14.5604
-15.0849
-15.1956
-15.0948
-14.5455
-13.487
-12.2118
-10.6951
-9.09392
-7.47945
-5.89931
-4.36832
-2.93862
-1.62961
-0.445629
0.58982
1.59712
2.39895
3.08416
3.58229
3.97856
4.18129
4.36767
4.35407
4.18539
3.91023
3.55343
3.13959
2.69598
2.24169
1.79437
1.37151
0.982222
0.634514
0.331003
0.0710066
-0.143367
-0.310714
-0.429595
-0.504515
-0.53875
-0.536385
-0.504205
-0.449445
-0.380016
-0.304763
-0.231664
-0.166211
-0.111493
-0.0688396
-0.0386656
-0.0213554
-0.0137035
-0.0118456
-0.0130219
-0.015361
-0.0178001
-0.0196677
-0.0208725
-0.0214256
-0.02144
-0.0210453
-0.0203552
-0.0194613
-0.0184345
-0.0173289
-0.0161849
-0.015033
-0.0138955
-0.0127892
-0.0117259
-0.0107141
-0.00975921
-0.00886437
-0.00803089
-0.00725868
-0.00654655
-0.00589249
-0.00529395
-0.00474801
-0.00425152
-0.00380124
-0.00339389
-0.00302624
-0.00269512
-0.00239749
-0.00213045
-0.00189126
-0.00167736
-0.00148634
-0.001316
-0.00116428
-0.00102931
-0.000909379
-0.000802912
-0.00070849
-0.000624824
-0.00055075
-0.00048522
-0.000427291
-0.000376116
-0.000330935
-0.000291073
-0.000255922
-0.000224944
594.418
601.167
610.692
621.024
633.985
653.865
685.168
730.222
787.829
853.333
919.709
980.823
1025.24
1045.76
1042.21
1016.08
970.891
912.29
845.874
776.368
707.534
641.609
579.603
521.514
466.84
414.987
365.602
318.686
274.499
233.431
195.736
161.348
129.702
99.7659
70.2222
39.7085
7.19422
-27.6831
-64.3106
-100.967
-136.923
-171.563
-203.456
-228.183
-245.542
-254.896
-256.224
-249.796
-236.933
-219.437
-197.856
-173.283
-147.64
-121.394
-95.2521
-69.5178
-44.6692
-21.035
0.850818
20.0535
35.6025
47.2311
54.5349
57.4952
56.211
51.9966
43.9809
35.253
25.1746
15.446
6.08543
-2.15398
-8.33478
-12.3317
-13.9186
-13.057
-10.0986
-5.07038
1.40503
8.88931
16.3283
23.4018
29.204
33.2818
35.4781
35.7567
34.3766
31.6097
28.0415
24.0412
20.319
17.0766
14.4769
12.4814
11.1737
10.6482
10.4525
10.3951
10.2017
9.65293
8.69799
7.29372
5.533
3.51995
1.383
-0.712736
-2.70992
-4.60808
-6.35597
-7.97652
-9.47291
-10.8592
-12.2061
-13.3859
-14.2585
-14.7656
-14.8725
-14.7603
-14.2158
-13.1928
-11.9519
-10.4791
-8.92011
-7.34485
-5.80011
-4.30344
-2.90424
-1.6206
-0.459008
0.559674
1.54277
2.32706
3.00121
3.49033
3.87791
4.08257
4.25792
4.24598
4.08575
3.82087
3.47616
3.07546
2.64495
2.20319
1.76815
1.35585
0.97567
0.635495
0.338059
0.0830809
-0.127327
-0.292053
-0.409622
-0.484375
-0.519437
-0.518889
-0.489255
-0.437514
-0.371351
-0.299307
-0.228941
-0.165616
-0.112426
-0.0707614
-0.0410205
-0.0236067
-0.0154771
-0.0130528
-0.0137217
-0.015661
-0.0178184
-0.0195026
-0.0206038
-0.0211074
-0.0211062
-0.0207156
-0.0200406
-0.0191673
-0.0181636
-0.0170817
-0.0159611
-0.0148314
-0.0137149
-0.0126279
-0.0115823
-0.0105867
-0.00964635
-0.00876463
-0.00794292
-0.00718121
-0.00647842
-0.00583265
-0.00524145
-0.00470199
-0.00421122
-0.00376598
-0.00336306
-0.00299929
-0.00267158
-0.00237694
-0.00211252
-0.00187562
-0.00166372
-0.00147445
-0.00130563
-0.00115524
-0.00102144
-0.000902517
-0.000796933
-0.00070328
-0.000620285
-0.000546796
-0.000481776
-0.00042429
-0.0003735
-0.000328657
-0.000289087
-0.000254191
-0.000223436
588.33
594.687
603.982
614.488
627.868
648.032
679.067
723.041
778.749
841.758
905.418
963.621
1005.87
1025.44
1021.91
996.657
953.045
896.373
831.965
764.365
697.194
632.647
571.755
514.583
460.706
409.6
360.944
314.74
271.223
230.744
193.524
159.476
128.056
98.2797
68.9009
38.6422
6.5457
-27.711
-63.5524
-99.4015
-134.513
-168.203
-199.06
-223.092
-239.986
-249.12
-250.471
-244.327
-231.918
-214.924
-193.944
-170.05
-145.026
-119.376
-93.7957
-68.611
-44.2969
-21.1988
0.15145
18.8724
34.0542
45.4212
52.5905
55.5614
54.422
50.4369
42.7625
34.3759
24.6734
15.273
6.23724
-1.70117
-7.67757
-11.5431
-13.0832
-12.2606
-9.40294
-4.55746
1.68001
8.87899
16.0483
22.8546
28.4472
32.3921
34.5327
34.8306
33.533
30.9004
27.4889
23.6571
20.0687
16.9247
14.39
12.4368
11.1419
10.5772
10.3338
10.2234
9.98844
9.41983
8.46718
7.08789
5.36907
3.40797
1.32731
-0.71981
-2.67592
-4.53619
-6.25286
-7.84502
-9.31524
-10.674
-11.9818
-13.1201
-13.962
-14.4519
-14.5548
-14.4326
-13.8936
-12.9044
-11.6967
-10.2662
-8.74826
-7.21141
-5.70153
-4.23856
-2.86931
-1.61084
-0.471438
0.530252
1.48994
2.2572
2.92014
3.40029
3.77953
3.98533
4.15089
4.14057
3.98823
3.73326
3.40022
3.01226
2.59448
2.16503
1.74187
1.3399
0.96866
0.635914
0.344496
0.0944832
-0.11202
-0.274119
-0.390357
-0.464894
-0.500714
-0.501886
-0.474679
-0.425835
-0.362812
-0.293848
-0.226122
-0.16487
-0.113181
-0.0724948
-0.0432376
-0.025669
-0.0171549
-0.0142071
-0.0143984
-0.0159571
-0.0178408
-0.0193464
-0.0203443
-0.0207973
-0.0207787
-0.0203906
-0.0197291
-0.0188753
-0.017894
-0.0168352
-0.0157374
-0.0146296
-0.0135337
-0.0124659
-0.011438
-0.0104583
-0.00953255
-0.00866394
-0.00785399
-0.0071028
-0.00640938
-0.00577194
-0.00518813
-0.0046552
-0.0041702
-0.00373004
-0.0033316
-0.00297177
-0.00264752
-0.00235591
-0.00209415
-0.00185958
-0.00164971
-0.00146223
-0.00129497
-0.00114594
-0.00101333
-0.000895443
-0.000790764
-0.000697902
-0.000615596
-0.000542708
-0.000478211
-0.000421182
-0.000370791
-0.000326294
-0.000287027
-0.000252395
-0.000221869
582.138
588.154
597.242
607.893
621.628
642.008
672.737
715.644
769.517
830.132
891.182
946.637
986.831
1005.47
1001.95
977.544
935.435
880.613
818.145
752.395
686.85
623.664
563.882
507.63
454.556
404.199
356.272
310.774
267.921
228.026
191.28
157.581
126.401
96.8023
67.6077
37.6189
5.94533
-27.7
-62.7745
-97.8305
-132.112
-164.88
-194.75
-218.106
-234.546
-243.464
-244.836
-238.96
-226.985
-210.481
-190.087
-166.85
-142.434
-117.37
-92.345
-67.7029
-43.9163
-21.3446
-0.515887
17.7371
32.5603
43.6721
50.7099
53.6885
52.6863
48.9203
41.5747
33.5171
24.1774
15.0968
6.37555
-1.27375
-7.05151
-10.7895
-12.284
-11.4986
-8.73916
-4.07024
1.93793
8.86297
15.7719
22.3218
27.7128
31.5291
33.615
33.9299
32.7106
30.2059
26.9441
23.273
19.8135
16.7656
14.2947
12.383
11.1006
10.5008
10.2132
10.0538
9.78024
9.19344
8.24353
6.88857
5.21021
3.29927
1.27292
-0.726643
-2.64218
-4.46501
-6.15052
-7.71425
-9.15808
-10.4892
-11.7594
-12.8581
-13.6705
-14.1436
-14.2423
-14.1114
-13.5787
-12.6214
-11.4459
-10.0564
-8.57841
-7.07917
-5.60358
-4.17367
-2.83386
-1.60035
-0.48294
0.501579
1.43861
2.18931
2.84094
3.31217
3.68337
3.88962
4.04647
4.03774
3.89279
3.64734
3.32558
2.94997
2.54456
2.12718
1.71553
1.32367
0.961215
0.635794
0.350334
0.105232
-0.0974239
-0.256893
-0.371779
-0.446054
-0.482567
-0.485364
-0.460469
-0.414404
-0.354399
-0.288391
-0.223215
-0.163983
-0.113766
-0.0740478
-0.0452731
-0.0275995
-0.0187391
-0.0153079
-0.0150506
-0.0162475
-0.0178661
-0.019198
-0.0200933
-0.0204946
-0.0204572
-0.02007
-0.0194208
-0.0185855
-0.0176256
-0.0165893
-0.0155139
-0.0144277
-0.0133521
-0.0123033
-0.0112928
-0.0103291
-0.00941786
-0.00856233
-0.00776414
-0.00702348
-0.00633946
-0.00571039
-0.005134
-0.00460765
-0.00412847
-0.00369344
-0.00329953
-0.00294369
-0.00262294
-0.00233441
-0.00207535
-0.00184315
-0.00163536
-0.00144969
-0.00128402
-0.00113638
-0.00100498
-0.000888159
-0.000784409
-0.000692356
-0.000610757
-0.000538486
-0.000474528
-0.000417969
-0.000367988
-0.000323849
-0.000284893
-0.000250533
-0.000220245
575.847
581.566
590.468
601.237
615.268
635.801
666.19
708.043
760.142
818.46
877.005
929.862
968.108
985.854
982.338
958.727
918.052
865.008
804.414
740.46
676.506
614.662
555.984
500.655
448.39
398.785
351.584
306.789
264.593
225.278
189.006
155.663
124.736
95.3334
66.3413
36.636
5.39005
-27.6521
-61.9782
-96.255
-129.72
-161.594
-190.522
-213.22
-229.218
-237.924
-239.314
-233.693
-222.135
-206.108
-186.284
-163.684
-139.864
-115.377
-90.9
-66.7935
-43.5274
-21.4724
-1.15182
16.6463
31.1192
41.9819
48.8911
51.8744
51.0023
47.4457
40.4166
32.6761
23.6865
14.9174
6.50077
-0.87066
-6.45548
-10.0698
-11.5196
-10.7698
-8.10605
-3.60771
2.17946
8.8414
15.4992
21.8029
26.9999
30.6916
32.7237
33.0541
31.9087
29.5258
26.4068
22.889
19.5538
16.5995
14.1915
12.3202
11.0505
10.4193
10.091
9.88611
9.57682
8.97343
8.02672
6.6955
5.05623
3.19376
1.21988
-0.733184
-2.60863
-4.39449
-6.04893
-7.58421
-9.00151
-10.305
-11.5389
-12.5999
-13.384
-13.8407
-13.9349
-13.7967
-13.2707
-12.3438
-11.1996
-9.84975
-8.41053
-6.9481
-5.50626
-4.1088
-2.79794
-1.58916
-0.493536
0.473674
1.38874
2.12331
2.76355
3.22591
3.58938
3.79547
3.94457
3.93737
3.79936
3.56309
3.25223
2.88857
2.4952
2.08962
1.68916
1.30718
0.953354
0.635153
0.355589
0.115346
-0.0835137
-0.240357
-0.353872
-0.427838
-0.46498
-0.469309
-0.446617
-0.403216
-0.346111
-0.282943
-0.220229
-0.162963
-0.11419
-0.0754279
-0.0471368
-0.029401
-0.0202318
-0.0163549
-0.0156771
-0.0165303
-0.0178931
-0.0190561
-0.0198499
-0.0201988
-0.0201412
-0.0197536
-0.0191155
-0.0182978
-0.0173585
-0.0163441
-0.0152905
-0.0142255
-0.0131701
-0.01214
-0.0111469
-0.0101991
-0.00930228
-0.00845982
-0.00767338
-0.00694327
-0.00626867
-0.00564799
-0.00507907
-0.00455935
-0.00408603
-0.00365619
-0.00326685
-0.00291505
-0.00259785
-0.00231244
-0.00205612
-0.00182633
-0.00162065
-0.00143683
-0.00127278
-0.00112656
-0.000996404
-0.000880669
-0.000777867
-0.000686644
-0.00060577
-0.000534133
-0.000470728
-0.000414651
-0.000365092
-0.000321321
-0.000282686
-0.000248607
-0.000218563
569.462
574.922
583.654
594.517
608.789
629.42
659.438
700.25
750.635
806.746
862.889
913.286
949.685
966.565
963.045
940.196
900.892
849.556
790.772
728.563
666.165
605.645
548.065
493.661
442.209
393.358
346.882
302.784
261.24
222.502
186.705
153.725
123.063
93.8728
65.1001
35.6913
4.87699
-27.5697
-61.1646
-94.6761
-127.34
-158.347
-186.373
-208.432
-223.998
-232.497
-233.902
-228.523
-217.364
-201.803
-182.533
-160.552
-137.316
-113.397
-89.4607
-65.8826
-43.1298
-21.5821
-1.757
15.5988
29.7295
40.3489
47.132
50.1174
49.3686
46.0118
39.2875
31.8528
23.2011
14.7349
6.61329
-0.490914
-5.88837
-9.38268
-10.789
-10.0732
-7.50249
-3.16891
2.40525
8.81445
15.2299
21.2973
26.3075
29.8786
31.8577
32.202
31.1266
28.8595
25.8771
22.5056
19.2902
16.4271
14.0808
12.2491
10.992
10.3329
9.96721
9.72026
9.37794
8.75949
7.81643
6.5084
4.90696
3.09136
1.1682
-0.739377
-2.57523
-4.32458
-5.94805
-7.4549
-8.84558
-10.1216
-11.3203
-12.3454
-13.1024
-13.5429
-13.6327
-13.4881
-12.9693
-12.0714
-10.9576
-9.64606
-8.24463
-6.81823
-5.40958
-4.04398
-2.76159
-1.5773
-0.503248
0.446553
1.34031
2.05912
2.68794
3.14149
3.49747
3.70289
3.8451
3.83937
3.7079
3.48045
3.18013
2.82805
2.44638
2.05234
1.66276
1.29044
0.945096
0.634011
0.36028
0.124843
-0.0702674
-0.224493
-0.336616
-0.410229
-0.447938
-0.453709
-0.433115
-0.392266
-0.337944
-0.277512
-0.217171
-0.161818
-0.11446
-0.0766427
-0.0488376
-0.0310773
-0.021635
-0.017348
-0.0162768
-0.0168039
-0.0179205
-0.0189199
-0.0196134
-0.0199095
-0.0198306
-0.0194412
-0.0188132
-0.018012
-0.0170926
-0.0160995
-0.0150674
-0.0140233
-0.0129877
-0.0119762
-0.0110003
-0.0100683
-0.00918585
-0.00835641
-0.00758174
-0.00686218
-0.00619703
-0.00558478
-0.00502337
-0.00451031
-0.0040429
-0.0036183
-0.00323358
-0.00288585
-0.00257225
-0.00229001
-0.00203647
-0.00180912
-0.00160559
-0.00142366
-0.00126126
-0.00111649
-0.000987599
-0.000872972
-0.000771142
-0.000680768
-0.000600637
-0.000529649
-0.000466811
-0.00041123
-0.000362104
-0.000318711
-0.000280407
-0.000246616
-0.000216825
562.987
568.219
576.796
587.731
602.195
622.871
652.491
692.277
741.005
794.996
848.835
896.903
931.547
947.591
944.063
921.941
883.948
834.253
777.219
716.706
655.829
596.614
540.127
486.648
436.012
387.917
342.166
298.761
257.864
219.699
184.377
151.766
121.383
92.4202
63.8829
34.7823
4.40344
-27.4552
-60.3349
-93.0948
-124.972
-155.137
-182.301
-203.737
-218.884
-227.18
-228.598
-223.447
-212.672
-197.564
-178.834
-157.453
-134.791
-111.429
-88.027
-64.9703
-42.7235
-21.6739
-2.33206
14.5932
28.3895
38.7713
45.4308
48.4154
47.7834
44.6176
38.1867
31.0466
22.721
14.5494
6.71351
-0.133558
-5.34912
-8.72705
-10.0909
-9.40753
-6.92737
-2.75293
2.61592
8.78226
14.9639
20.8042
25.6348
29.0889
31.016
31.3729
30.3635
28.2067
25.3546
22.1227
19.0229
16.2487
13.963
12.17
10.9256
10.2418
9.84183
9.55613
9.18334
8.55131
7.61236
6.32702
4.76222
2.99198
1.11791
-0.745172
-2.54195
-4.25524
-5.84786
-7.32632
-8.69033
-9.93903
-11.1038
-12.0945
-12.8253
-13.2502
-13.3354
-13.1854
-12.6744
-11.804
-10.7198
-9.44532
-8.08068
-6.68956
-5.31355
-3.97921
-2.72486
-1.56479
-0.512099
0.420226
1.2933
1.99669
2.61408
3.05888
3.40761
3.6119
3.74796
3.74365
3.61836
3.3994
3.10927
2.7684
2.39811
2.01531
1.63636
1.27348
0.93646
0.632387
0.364425
0.13374
-0.0576644
-0.209283
-0.319994
-0.393211
-0.431426
-0.438553
-0.419955
-0.38155
-0.329899
-0.272091
-0.214048
-0.160557
-0.114585
-0.0776995
-0.0503835
-0.0326333
-0.0229497
-0.0182871
-0.0168488
-0.0170671
-0.0179473
-0.0187883
-0.0193829
-0.0196261
-0.0195249
-0.0191327
-0.0185136
-0.0177281
-0.016828
-0.0158556
-0.0148445
-0.0138209
-0.0128049
-0.0118119
-0.010853
-0.00993671
-0.00906858
-0.00825215
-0.00748922
-0.00678022
-0.00612455
-0.00552076
-0.00496689
-0.00446055
-0.0039991
-0.00357977
-0.00319972
-0.00285612
-0.00254616
-0.00226712
-0.00201641
-0.00179154
-0.00159019
-0.00141018
-0.00124946
-0.00110617
-0.000978567
-0.000865073
-0.000764235
-0.00067473
-0.000595359
-0.000525035
-0.000462779
-0.000407707
-0.000359025
-0.000316021
-0.000278057
-0.000244562
-0.00021503
556.427
561.458
569.891
580.876
595.487
616.161
645.36
684.134
731.259
783.214
834.845
880.704
913.683
928.922
925.38
903.952
867.214
819.098
763.755
704.89
645.503
587.573
532.172
479.619
429.801
382.463
337.434
294.719
254.465
216.87
182.025
149.789
119.695
90.9753
62.6884
33.9071
3.96688
-27.3106
-59.4902
-91.5122
-122.618
-151.966
-178.301
-199.134
-213.871
-221.968
-223.396
-218.463
-208.056
-193.391
-175.185
-154.387
-132.287
-109.474
-86.599
-64.0565
-42.3085
-21.7479
-2.87762
13.6284
27.0979
37.2474
43.7854
46.7669
46.2455
43.2618
37.1133
30.2572
22.2465
14.3612
6.80183
0.202318
-4.83673
-8.10179
-9.42423
-8.77187
-6.37966
-2.35887
2.81206
8.74501
14.7011
20.3233
24.9808
28.3217
30.1977
30.5657
29.6187
27.5669
24.8392
21.7408
18.7524
16.0646
13.8383
12.0834
10.8519
10.1464
9.71499
9.39361
8.99281
8.34862
7.41424
6.15113
4.62184
2.89554
1.06903
-0.750527
-2.50875
-4.18642
-5.74834
-7.19848
-8.53582
-9.75736
-10.8892
-11.8471
-12.5528
-12.9624
-13.0431
-12.8886
-12.3855
-11.5414
-10.4861
-9.24749
-7.91867
-6.56207
-5.21816
-3.91451
-2.68778
-1.55166
-0.520111
0.394704
1.24765
1.93595
2.54193
2.97805
3.31972
3.52251
3.65307
3.65012
3.53068
3.31989
3.0396
2.7096
2.35037
1.97854
1.60997
1.25631
0.927464
0.630299
0.36804
0.142054
-0.0456845
-0.19471
-0.30399
-0.376768
-0.41543
-0.42383
-0.40713
-0.371063
-0.321974
-0.266681
-0.210865
-0.159186
-0.114572
-0.0786055
-0.0517818
-0.0341048
-0.0241446
-0.0191719
-0.0173921
-0.0173185
-0.0179722
-0.0186603
-0.0191578
-0.019348
-0.0192238
-0.0188279
-0.0182168
-0.0174461
-0.0165645
-0.0156123
-0.0146218
-0.0136184
-0.0126218
-0.0116469
-0.010705
-0.00980435
-0.00895049
-0.00814704
-0.00739585
-0.00669743
-0.00605124
-0.00545595
-0.00490966
-0.00441007
-0.00395462
-0.00354061
-0.00316528
-0.00282585
-0.00251957
-0.00224378
-0.00199593
-0.00177359
-0.00157446
-0.00139639
-0.00123738
-0.00109559
-0.000969311
-0.000856973
-0.000757148
-0.00066853
-0.000589936
-0.000520293
-0.000458633
-0.000404082
-0.000355856
-0.00031325
-0.000275635
-0.000242446
-0.00021318
549.783
554.637
562.937
573.951
588.669
609.299
638.055
675.832
721.406
771.405
820.918
864.683
896.08
910.543
906.985
886.22
850.683
804.087
750.38
693.117
635.186
578.524
524.202
472.573
423.575
376.997
332.689
290.66
251.044
214.016
179.649
147.795
118.002
89.538
61.5153
33.0635
3.5649
-27.138
-58.6317
-89.9291
-120.279
-148.832
-174.373
-194.619
-208.956
-216.859
-218.295
-213.568
-203.516
-189.28
-171.586
-151.355
-129.805
-107.533
-85.1766
-63.1411
-41.8847
-21.8041
-3.39432
12.7032
25.8533
35.7755
42.1942
45.1699
44.7532
41.9435
36.0666
29.4843
21.7775
14.1702
6.87865
0.517579
-4.3502
-7.50582
-8.78788
-8.16517
-5.85835
-1.98589
2.99423
8.70283
14.4413
19.8539
24.3448
27.576
29.4019
29.7796
28.8916
26.9397
24.3309
21.36
18.479
15.8752
13.7073
11.9897
10.7712
10.0467
9.58674
9.23262
8.80613
8.15114
7.22178
5.98048
4.48566
2.80197
1.02155
-0.755405
-2.4756
-4.1181
-5.64947
-7.07137
-8.38208
-9.57669
-10.6766
-11.6031
-12.2846
-12.6794
-12.7556
-12.5973
-12.1025
-11.2836
-10.2564
-9.0525
-7.75859
-6.43578
-5.12342
-3.84991
-2.65039
-1.53792
-0.527305
0.369992
1.20335
1.87686
2.47144
2.89895
3.23376
3.43471
3.56036
3.5587
3.44481
3.24188
2.97111
2.65165
2.30317
1.942
1.58362
1.23893
0.918124
0.627764
0.371142
0.149803
-0.0343096
-0.180754
-0.288587
-0.360885
-0.399935
-0.409528
-0.394632
-0.360802
-0.314169
-0.261263
-0.207631
-0.157713
-0.114427
-0.0793675
-0.0530392
-0.0354543
-0.0252407
-0.0200025
-0.0179063
-0.0175569
-0.0179943
-0.0185351
-0.0189374
-0.0190749
-0.0189271
-0.0185265
-0.0179226
-0.0171659
-0.0163022
-0.0153697
-0.0143993
-0.0134158
-0.0124383
-0.0114815
-0.0105564
-0.00967125
-0.00883161
-0.00804111
-0.00730165
-0.00661381
-0.00597713
-0.00539037
-0.00485169
-0.00435889
-0.00390948
-0.00350084
-0.00313027
-0.00279505
-0.0024925
-0.00222
-0.00197505
-0.00175527
-0.00155838
-0.0013823
-0.00122503
-0.00108477
-0.000959834
-0.000848675
-0.000749883
-0.000662172
-0.000584372
-0.000515425
-0.000454374
-0.000400356
-0.000352597
-0.0003104
-0.000273143
-0.000240266
-0.000211274
543.06
547.755
555.93
566.956
581.741
602.289
630.584
667.38
711.453
759.572
807.057
848.832
878.726
892.444
888.867
868.735
834.35
789.217
737.093
681.387
624.883
569.47
516.218
465.513
417.337
371.517
327.929
286.583
247.601
211.139
177.251
145.784
116.302
88.1078
60.3625
32.2497
3.19526
-26.9394
-57.7606
-88.3466
-117.955
-145.737
-170.514
-190.19
-204.137
-211.849
-213.291
-208.761
-199.049
-185.232
-168.035
-148.356
-127.345
-105.604
-83.7599
-62.2242
-41.4521
-21.8428
-3.88279
11.8166
24.6542
34.3541
40.6553
43.623
43.3054
40.6616
35.0459
28.7276
21.3141
13.9768
6.94436
0.813054
-3.88859
-6.93809
-8.18079
-7.58642
-5.36246
-1.63319
3.16297
8.65587
14.1845
19.3956
23.726
26.851
28.6277
29.0137
28.1814
26.3247
23.8294
20.9803
18.2029
15.6809
13.5701
11.8892
10.684
9.94316
9.45716
9.07307
8.62311
7.95862
7.03474
5.81486
4.35353
2.71118
0.975482
-0.759774
-2.44246
-4.05023
-5.55122
-6.945
-8.22915
-9.39706
-10.4661
-11.3624
-12.0207
-12.4011
-12.4728
-12.3115
-11.8252
-11.0304
-10.0305
-8.86031
-7.60042
-6.31068
-5.02932
-3.78541
-2.61276
-1.5236
-0.533704
0.346093
1.16037
1.81935
2.40259
2.82155
3.14969
3.34851
3.46974
3.46932
3.3607
3.16534
2.90377
2.59452
2.2565
1.90571
1.55736
1.22137
0.908458
0.6248
0.373748
0.157002
-0.0235207
-0.167398
-0.273768
-0.345547
-0.38493
-0.395637
-0.382453
-0.350761
-0.306484
-0.255879
-0.204351
-0.156144
-0.114158
-0.0799919
-0.0541616
-0.0366881
-0.0262795
-0.0207793
-0.0183908
-0.017781
-0.0180128
-0.0184116
-0.0187209
-0.0188061
-0.0186343
-0.0182284
-0.0176308
-0.0168875
-0.0160411
-0.0151277
-0.0141771
-0.0132132
-0.0122545
-0.0113155
-0.0104072
-0.00953743
-0.00871196
-0.00793437
-0.00720663
-0.00652938
-0.00590223
-0.00532402
-0.00479299
-0.00430702
-0.0038637
-0.00346047
-0.0030947
-0.00276374
-0.00246495
-0.00219578
-0.00195377
-0.00173658
-0.00154198
-0.00136791
-0.00121241
-0.00107371
-0.000950138
-0.00084018
-0.000742443
-0.000655656
-0.000578668
-0.000510431
-0.000450003
-0.000396531
-0.00034925
-0.000307472
-0.000270581
-0.000238025
-0.000209314
536.259
540.813
548.868
559.889
574.708
595.138
622.957
658.787
701.407
747.719
793.26
833.145
861.611
874.613
871.016
851.49
818.21
774.486
723.894
669.703
614.594
560.413
508.222
458.44
411.086
366.025
323.155
282.489
244.138
208.239
174.831
143.757
114.596
86.6846
59.229
31.4638
2.85585
-26.7166
-56.8779
-86.7653
-115.648
-142.68
-166.721
-185.842
-199.411
-206.935
-208.381
-204.038
-194.654
-181.244
-164.531
-145.389
-124.907
-103.688
-82.3487
-61.3057
-41.0106
-21.8641
-4.34365
10.9673
23.4993
32.9817
39.1672
42.1244
41.9005
39.415
34.0506
27.9867
20.8562
13.7809
6.99937
1.08953
-3.45098
-6.39761
-7.60195
-7.03466
-4.89107
-1.3
3.31881
8.60428
13.9306
18.9479
23.1235
26.1456
27.8741
28.2673
27.4877
25.7214
23.3347
20.6021
17.9245
15.4819
13.4271
11.7823
10.5907
9.83583
9.32631
8.91487
8.44355
7.77082
6.85285
5.65406
4.2253
2.62309
0.930827
-0.763605
-2.40931
-3.98279
-5.45359
-6.81938
-8.07707
-9.21854
-10.2576
-11.125
-11.7609
-12.1273
-12.1946
-12.0309
-11.5533
-10.7816
-9.80834
-8.67085
-7.44413
-6.18676
-4.93588
-3.72102
-2.57495
-1.50872
-0.539328
0.32301
1.11867
1.76339
2.33533
2.74581
3.06744
3.2639
3.38115
3.38191
3.2783
3.09023
2.83756
2.5382
2.21036
1.86967
1.53114
1.20364
0.89848
0.621422
0.375873
0.163668
-0.0133005
-0.154624
-0.259519
-0.330738
-0.370399
-0.382146
-0.370587
-0.340936
-0.298918
-0.250531
-0.201031
-0.154485
-0.113771
-0.0804852
-0.055155
-0.0378112
-0.0272529
-0.0214986
-0.0188442
-0.017991
-0.0180267
-0.0182891
-0.0185079
-0.0185414
-0.0183453
-0.0179333
-0.0173413
-0.0166108
-0.015781
-0.0148863
-0.0139551
-0.0130104
-0.0120704
-0.0111491
-0.0102573
-0.00940291
-0.00859154
-0.00782685
-0.00711082
-0.00644416
-0.00582656
-0.00525692
-0.00473358
-0.00425447
-0.00381728
-0.0034195
-0.00305857
-0.00273191
-0.00243693
-0.00217113
-0.0019321
-0.00171753
-0.00152525
-0.00135322
-0.00119953
-0.00106241
-0.000940227
-0.000831492
-0.000734828
-0.000648985
-0.000572824
-0.000505314
-0.000445522
-0.000392608
-0.000345816
-0.000304466
-0.00026795
-0.000235723
-0.000207299
529.383
533.809
541.751
552.75
567.571
587.853
615.182
650.061
691.275
735.85
779.527
817.617
844.724
857.039
853.421
834.476
802.256
759.89
710.782
658.065
604.323
551.354
500.217
451.354
404.823
360.522
318.368
278.379
240.655
205.318
172.391
141.717
112.886
85.2679
58.1135
30.7042
2.54468
-26.4712
-55.9848
-85.1862
-113.357
-139.66
-162.992
-181.575
-194.774
-202.115
-203.562
-199.398
-190.328
-177.315
-161.075
-142.455
-122.491
-101.785
-80.9431
-60.3856
-40.5603
-21.8682
-4.77752
10.1543
22.3874
31.6566
37.728
40.6726
40.5374
38.2027
33.08
27.2611
20.404
13.5827
7.04405
1.34777
-3.03651
-5.88339
-7.05035
-6.50896
-4.44326
-0.985572
3.46224
8.5482
13.6793
18.5103
22.5368
25.4592
27.1405
27.5396
26.8097
25.1295
22.8465
20.2253
17.6441
15.2786
13.2786
11.6694
10.4917
9.72496
9.19427
8.75796
8.26727
7.58752
6.6759
5.49787
4.10083
2.53763
0.88758
-0.766876
-2.37612
-3.91574
-5.35655
-6.6945
-7.92585
-9.04118
-10.0512
-10.8907
-11.505
-11.858
-11.9209
-11.7554
-11.2866
-10.5372
-9.58987
-8.48408
-7.2897
-6.06402
-4.84308
-3.65675
-2.5371
-1.49329
-0.5442
0.30074
1.07821
1.70892
2.26963
2.67171
2.98698
3.18086
3.29452
3.2964
3.19757
3.01651
2.77245
2.48269
2.16473
1.83388
1.50411
1.18573
0.888206
0.617647
0.377533
0.169817
-0.00363316
-0.142414
-0.245823
-0.316445
-0.35633
-0.369044
-0.359026
-0.331325
-0.29147
-0.24522
-0.197678
-0.152744
-0.113273
-0.0808535
-0.0560249
-0.038828
-0.0281504
-0.0221721
-0.0192649
-0.018186
-0.0180352
-0.0181668
-0.0182977
-0.0182802
-0.0180597
-0.0176412
-0.0170541
-0.0163356
-0.015522
-0.0146455
-0.0137333
-0.0128076
-0.011886
-0.0109822
-0.0101068
-0.0092677
-0.0084704
-0.00771856
-0.00701423
-0.00635817
-0.00575013
-0.00518909
-0.00467347
-0.00420126
-0.00377023
-0.00337794
-0.0030219
-0.00269958
-0.00240844
-0.00214605
-0.00191003
-0.00169813
-0.0015082
-0.00133824
-0.00118638
-0.00105086
-0.000930102
-0.000822612
-0.000727042
-0.00064216
-0.000566843
-0.000500073
-0.000440932
-0.000388588
-0.000342296
-0.000301384
-0.000265252
-0.000233361
-0.000205231
522.433
526.744
534.576
545.539
560.332
580.438
607.266
641.211
681.062
723.967
765.86
802.24
828.055
839.713
836.074
817.685
786.484
745.428
697.757
646.474
594.069
542.295
492.203
444.257
398.548
355.006
313.567
274.252
237.153
202.376
169.933
139.662
111.171
83.8577
57.0152
29.9692
2.25987
-26.205
-55.0821
-83.61
-111.084
-136.677
-159.325
-177.385
-190.224
-197.386
-198.832
-194.838
-186.072
-173.444
-157.663
-139.552
-120.097
-99.8951
-79.543
-59.4639
-40.1013
-21.8553
-5.18502
9.37662
21.3171
30.3776
36.3364
39.2661
39.2148
37.0237
32.1333
26.5507
19.9573
13.3824
7.07879
1.5885
-2.6443
-5.3945
-6.52504
-6.0084
-4.01818
-0.689197
3.59374
8.48777
13.4306
18.0823
21.9651
24.791
26.4261
26.8298
26.147
24.5487
22.3648
19.8502
17.3618
15.0713
13.125
11.5507
10.3872
9.61073
9.06108
8.60225
8.09412
7.40849
6.50366
5.34609
3.97997
2.45473
0.845729
-0.769566
-2.34288
-3.84906
-5.26009
-6.57037
-7.77553
-8.86501
-9.84673
-10.6595
-11.2531
-11.593
-11.6517
-11.4849
-11.025
-10.297
-9.37496
-8.29994
-7.13712
-5.94246
-4.75094
-3.5926
-2.49948
-1.47732
-0.548339
0.27928
1.03898
1.6559
2.20546
2.5992
2.90824
3.09939
3.20978
3.21273
3.11846
2.94416
2.70842
2.42795
2.11962
1.79834
1.47731
1.16769
0.877649
0.61349
0.378743
0.175465
0.0054992
-0.13075
-0.232668
-0.302652
-0.342712
-0.356322
-0.347762
-0.321922
-0.28414
-0.239948
-0.194294
-0.150924
-0.112668
-0.0811026
-0.0567768
-0.0397428
-0.0289737
-0.0227956
-0.0196566
-0.0183652
-0.0180377
-0.0180438
-0.0180896
-0.0180221
-0.0177772
-0.0173517
-0.0167691
-0.016062
-0.015264
-0.0144053
-0.0135118
-0.0126047
-0.0117013
-0.0108149
-0.00995581
-0.00913184
-0.00834853
-0.00760951
-0.00691687
-0.00627141
-0.00567295
-0.00512054
-0.00461266
-0.0041474
-0.00372256
-0.00333581
-0.0029847
-0.00266675
-0.0023795
-0.00212056
-0.00188759
-0.00167838
-0.00149084
-0.00132298
-0.00117297
-0.00103909
-0.000919766
-0.000813542
-0.000719087
-0.000635184
-0.000560726
-0.000494712
-0.000436233
-0.000384471
-0.000338689
-0.000298225
-0.000262485
-0.000230939
-0.000203111
515.413
519.618
527.343
538.255
552.996
572.899
599.216
632.243
670.776
712.074
752.256
787.011
811.596
822.624
818.964
801.109
770.887
731.095
684.817
634.931
583.835
533.238
484.182
437.15
392.262
349.479
308.754
270.11
233.633
199.414
167.456
137.595
109.451
82.4534
55.933
29.2574
1.99965
-25.9194
-54.171
-82.0374
-108.829
-133.732
-155.719
-173.271
-185.758
-192.744
-194.187
-190.356
-181.883
-169.63
-154.296
-136.681
-117.724
-98.0178
-78.1484
-58.5406
-39.6335
-21.8266
-5.56677
8.63324
20.2873
29.1431
34.9908
37.9032
37.9315
35.8771
31.2099
25.855
19.5162
13.1801
7.10397
1.81241
-2.27354
-4.93001
-6.02509
-5.53212
-3.61498
-0.410194
3.71375
8.42311
13.1843
17.6635
21.4078
24.1401
25.7299
26.1374
25.4988
23.9786
21.8893
19.4768
17.0779
14.8603
12.9665
11.4267
10.2777
9.49332
8.92682
8.4477
7.92393
7.23354
6.33591
5.19855
3.8626
2.37429
0.805267
-0.77166
-2.30955
-3.78273
-5.16419
-6.44697
-7.62612
-8.69006
-9.64432
-10.4314
-11.0049
-11.3321
-11.3868
-11.2191
-10.7683
-10.0608
-9.16352
-8.11837
-6.98635
-5.82205
-4.65944
-3.52858
-2.45877
-1.46082
-0.551766
0.258626
1.00094
1.60429
2.14277
2.52827
2.83119
3.01946
3.12687
3.13084
3.04091
2.87313
2.64543
2.37399
2.07502
1.76308
1.45073
1.14952
0.866824
0.608966
0.379518
0.180626
0.0141124
-0.119615
-0.220039
-0.289347
-0.32953
-0.34397
-0.336791
-0.312723
-0.276927
-0.234716
-0.190877
-0.149033
-0.111964
-0.081238
-0.0574158
-0.0405595
-0.0297247
-0.0233699
-0.0200187
-0.0185281
-0.0180334
-0.0179196
-0.0178833
-0.0177668
-0.0174975
-0.0170647
-0.016486
-0.0157899
-0.015007
-0.0141657
-0.0132904
-0.0124018
-0.0115163
-0.0106471
-0.00980422
-0.00899534
-0.00822597
-0.00749974
-0.00681877
-0.00618391
-0.00559505
-0.00505128
-0.00455118
-0.00409289
-0.00367429
-0.00329311
-0.00294696
-0.00263343
-0.00235011
-0.00209465
-0.00186477
-0.00165829
-0.00147316
-0.00130743
-0.0011593
-0.00102708
-0.000909223
-0.000804287
-0.000710964
-0.000628057
-0.000554476
-0.000489231
-0.000431428
-0.00038026
-0.000334999
-0.000294992
-0.000259653
-0.000228457
-0.000200937
508.323
512.431
520.05
530.899
545.563
565.242
591.04
623.165
660.42
700.173
738.716
771.923
795.338
805.764
802.084
784.742
755.462
716.89
671.961
623.436
573.623
524.185
476.156
430.033
385.966
343.941
303.928
265.953
230.096
196.434
164.963
135.516
107.728
81.055
54.8659
28.5672
1.76236
-25.616
-53.2525
-80.4691
-106.592
-130.823
-152.172
-169.229
-181.374
-188.187
-189.626
-185.95
-177.759
-165.871
-150.973
-133.842
-115.372
-96.1532
-76.7592
-57.6158
-39.1572
-21.7801
-5.92338
7.92319
19.2967
27.9517
33.6896
36.5826
36.6865
34.7619
30.3093
25.1737
19.0806
12.976
7.11996
2.02017
-1.92345
-4.48906
-5.54959
-5.07925
-3.23287
-0.147907
3.82271
8.35436
12.9404
17.2536
20.8642
23.5059
25.0514
25.4616
24.8649
23.4188
21.42
19.1051
16.7926
14.6458
12.8034
11.2975
10.1633
9.37291
8.79153
8.29423
7.75655
7.06246
6.17245
5.05506
3.74858
2.29627
0.766176
-0.773146
-2.27613
-3.71671
-5.06884
-6.32433
-7.47765
-8.51638
-9.44394
-10.2062
-10.7604
-11.0754
-11.1261
-10.958
-10.5162
-9.82869
-8.95545
-7.93932
-6.83736
-5.7028
-4.56859
-3.46474
-2.41821
-1.44384
-0.554498
0.238771
0.964052
1.55405
2.08153
2.45887
2.75578
2.94105
3.04574
3.05066
2.96489
2.80338
2.58348
2.32078
2.03091
1.72808
1.42433
1.13124
0.855745
0.604089
0.379872
0.185315
0.0222205
-0.108988
-0.207926
-0.276514
-0.316775
-0.331979
-0.326103
-0.303726
-0.269831
-0.229525
-0.187423
-0.147074
-0.111166
-0.0812653
-0.0579468
-0.0412821
-0.0304053
-0.0238956
-0.0203507
-0.0186742
-0.0180217
-0.0177933
-0.0176782
-0.0175137
-0.0172203
-0.01678
-0.0162048
-0.0155192
-0.014751
-0.0139266
-0.0130694
-0.0121989
-0.0113311
-0.0104789
-0.00965209
-0.00885821
-0.00810272
-0.00738926
-0.00671994
-0.00609569
-0.00551643
-0.00498133
-0.00448903
-0.00403775
-0.00362543
-0.00324986
-0.00290871
-0.00259964
-0.00232028
-0.00206833
-0.00184157
-0.00163786
-0.00145517
-0.00129161
-0.00114539
-0.00101485
-0.000898474
-0.000794846
-0.000702676
-0.000620783
-0.000548093
-0.000483632
-0.000426518
-0.000375955
-0.000331225
-0.000291684
-0.000256754
-0.000225918
-0.000198712
501.166
505.183
512.698
523.472
538.036
557.471
582.745
613.983
650.001
688.267
725.24
756.971
779.272
789.122
785.424
768.575
740.203
702.809
659.19
611.99
563.433
515.138
468.126
422.909
379.661
338.393
299.09
261.782
226.541
193.437
162.453
133.425
106
79.6621
53.8132
27.8973
1.54643
-25.2961
-52.3273
-78.9056
-104.373
-127.95
-148.682
-165.257
-177.069
-183.713
-185.145
-181.618
-173.698
-162.166
-147.693
-131.033
-113.041
-94.3013
-75.3755
-56.6894
-38.6724
-21.7181
-6.25545
7.2455
18.3442
26.8022
32.4315
35.3045
35.477
33.6773
29.4307
24.5065
18.6506
12.7701
7.12712
2.21242
-1.59324
-4.07078
-5.09768
-4.64896
-2.87106
0.098291
3.92105
8.28164
12.6987
16.8521
20.3337
22.8877
24.3897
24.8018
24.2445
22.869
20.9568
18.7354
16.5062
14.428
12.636
11.1636
10.0445
9.24966
8.65529
8.14179
7.59185
6.89508
6.01309
4.91546
3.63778
2.22057
0.728441
-0.774013
-2.24259
-3.651
-4.97403
-6.20242
-7.33012
-8.34397
-9.24556
-9.98385
-10.5194
-10.8226
-10.8696
-10.7014
-10.2687
-9.60039
-8.75065
-7.76274
-6.69014
-5.58469
-4.47838
-3.40109
-2.37805
-1.42643
-0.556553
0.219707
0.928297
1.50514
2.02171
2.39097
2.68198
2.86415
2.96632
2.97216
2.89036
2.7349
2.52253
2.26831
1.9873
1.69335
1.39808
1.11286
0.844425
0.598874
0.379819
0.189546
0.0298383
-0.0988472
-0.196319
-0.264142
-0.304433
-0.320338
-0.315693
-0.294927
-0.26285
-0.224377
-0.183955
-0.145055
-0.110278
-0.0811895
-0.0583747
-0.0419142
-0.0310174
-0.0243734
-0.0206526
-0.0188032
-0.018002
-0.0176646
-0.0174737
-0.0172626
-0.0169455
-0.0164975
-0.0159254
-0.0152499
-0.0144959
-0.0136881
-0.0128485
-0.0119959
-0.0111457
-0.0103103
-0.00949943
-0.00872048
-0.00797881
-0.00727807
-0.00662041
-0.00600676
-0.00543711
-0.00491071
-0.00442623
-0.00398199
-0.00357598
-0.00320605
-0.00286995
-0.00256537
-0.00229001
-0.00204162
-0.00181801
-0.00161709
-0.00143688
-0.00127551
-0.00113122
-0.00100239
-0.000887524
-0.000785224
-0.000694224
-0.000613362
-0.00054158
-0.000477917
-0.000421504
-0.000371557
-0.000327368
-0.000288303
-0.00025379
-0.00022332
-0.000196436
493.941
497.874
505.286
515.973
530.419
549.591
574.335
604.704
639.523
676.358
711.825
742.151
763.391
772.691
768.976
752.603
725.104
688.849
646.501
600.593
553.266
506.096
460.092
415.777
373.346
332.834
294.239
257.596
222.971
190.422
159.927
131.323
104.27
78.2745
52.774
27.2464
1.35037
-24.9611
-51.3964
-77.3476
-102.174
-125.113
-145.247
-161.354
-172.841
-179.318
-180.743
-177.357
-169.701
-158.514
-144.455
-128.254
-110.731
-92.4619
-73.9971
-55.7615
-38.1791
-21.6401
-6.56357
6.59925
17.4287
25.6933
31.2151
34.0672
34.3022
32.6222
28.5736
23.8531
18.226
12.5626
7.12583
2.38977
-1.28219
-3.67436
-4.66851
-4.24046
-2.52881
0.329005
4.00916
8.20508
12.4592
16.4586
19.8159
22.2848
23.7443
24.1574
23.6372
22.329
20.4994
18.3677
16.2187
14.2073
12.4645
11.0251
9.92145
9.12373
8.51814
7.99033
7.42969
6.73122
5.85765
4.77959
3.5301
2.14714
0.692043
-0.774253
-2.20892
-3.58556
-4.87975
-6.08126
-7.18356
-8.17285
-9.04916
-9.76434
-10.282
-10.5737
-10.617
-10.4491
-10.0255
-9.37583
-8.54903
-7.58857
-6.54464
-5.46772
-4.38881
-3.33767
-2.33811
-1.40861
-0.557955
0.201424
0.893643
1.45752
1.96328
2.32453
2.60972
2.78872
2.88856
2.89526
2.81727
2.66763
2.46255
2.21656
1.94417
1.65889
1.37195
1.09438
0.832877
0.593333
0.379373
0.193335
0.0369811
-0.0891614
-0.185223
-0.252216
-0.292494
-0.30904
-0.305554
-0.28632
-0.255984
-0.219273
-0.180476
-0.142979
-0.109306
-0.0810157
-0.0587037
-0.0424595
-0.0315626
-0.0248042
-0.0209244
-0.0189145
-0.0179739
-0.0175328
-0.0172694
-0.0170131
-0.0166727
-0.0162169
-0.0156476
-0.0149818
-0.0142417
-0.0134501
-0.0126279
-0.0117928
-0.01096
-0.0101413
-0.00934628
-0.00858215
-0.00785426
-0.00716621
-0.00652017
-0.00591713
-0.00535711
-0.00483941
-0.0043628
-0.00392562
-0.00352596
-0.00316171
-0.00283069
-0.00253064
-0.00225931
-0.00201451
-0.00179409
-0.001596
-0.00141829
-0.00125914
-0.00111681
-0.000989715
-0.000876374
-0.000775423
-0.000685612
-0.000605797
-0.000534937
-0.000472086
-0.000416387
-0.000367068
-0.000323431
-0.00028485
-0.000250763
-0.000220666
-0.00019411
486.652
490.505
497.814
508.403
522.713
541.607
565.817
595.333
628.99
664.448
698.472
727.458
747.688
756.463
752.733
736.818
710.162
675.009
633.894
589.245
543.124
497.063
452.057
408.638
367.023
327.265
289.377
253.396
219.384
187.391
157.388
129.212
102.536
76.8918
51.7474
26.6134
1.1728
-24.6121
-50.4607
-75.7957
-99.9933
-122.31
-141.865
-157.517
-168.687
-175.001
-176.417
-173.167
-165.764
-154.913
-141.257
-125.505
-108.442
-90.635
-72.6241
-54.8321
-37.6776
-21.5464
-6.84834
5.98355
16.549
24.6237
30.0391
32.8687
33.1618
31.5959
27.7374
23.213
17.8067
12.3535
7.11599
2.5528
-0.989575
-3.29899
-4.26126
-3.85297
-2.2054
0.544816
4.08743
8.12479
12.2217
16.0729
19.3101
21.6965
23.1145
23.5277
23.0426
21.7983
20.0478
18.0019
15.9305
13.9838
12.2892
10.8823
9.79441
8.99526
8.38014
7.83981
7.26995
6.57071
5.70595
4.64728
3.42542
2.0759
0.656961
-0.773864
-2.17512
-3.52038
-4.78598
-5.96084
-7.03796
-8.00305
-8.85474
-9.54758
-10.0479
-10.3286
-10.3684
-10.201
-9.78654
-9.15491
-8.35052
-7.41676
-6.40085
-5.35186
-4.29988
-3.27446
-2.29827
-1.39039
-0.558722
0.183914
0.860062
1.41117
1.90619
2.25954
2.53898
2.71475
2.81241
2.81993
2.74557
2.60156
2.40354
2.16553
1.90153
1.6247
1.34591
1.07582
0.821114
0.587481
0.378547
0.196694
0.0436621
-0.0799707
-0.174569
-0.240723
-0.280946
-0.298074
-0.295679
-0.277904
-0.249232
-0.214214
-0.176989
-0.140874
-0.108255
-0.0807488
-0.0589384
-0.042921
-0.032043
-0.0251887
-0.021166
-0.019008
-0.0179369
-0.0173974
-0.0170649
-0.0167649
-0.0164016
-0.0159381
-0.0153714
-0.0147149
-0.0139883
-0.0132127
-0.0124075
-0.0115898
-0.0107741
-0.00997194
-0.00919263
-0.00844325
-0.00772907
-0.00705369
-0.00641926
-0.00582682
-0.00527643
-0.00476747
-0.00429874
-0.00386866
-0.00347537
-0.00311684
-0.00279093
-0.00249545
-0.0022282
-0.00198701
-0.00176981
-0.00157458
-0.00139941
-0.0012425
-0.00110216
-0.000976817
-0.000865027
-0.000765445
-0.000676842
-0.000598091
-0.000528168
-0.000466141
-0.000411169
-0.000362488
-0.000319413
-0.000281325
-0.000247671
-0.000217955
-0.000191733
479.299
483.076
490.281
500.763
514.921
533.522
557.198
585.875
618.407
652.538
685.18
712.888
732.156
740.429
736.687
721.214
695.372
661.285
621.368
577.946
533.006
488.038
444.021
401.494
360.692
321.687
284.504
249.184
215.783
184.344
154.834
127.09
100.799
75.5138
50.7328
25.9969
1.01239
-24.2504
-49.5208
-74.2501
-97.8318
-119.543
-138.536
-153.744
-164.605
-170.759
-172.165
-169.044
-161.886
-151.362
-138.1
-122.786
-106.173
-88.8204
-71.2563
-53.9012
-37.1678
-21.4375
-7.11035
5.39752
15.7041
23.5922
28.9022
31.7074
32.0551
30.5976
26.9215
22.5861
17.3929
12.1432
7.09666
2.70209
-0.714709
-2.94391
-3.87514
-3.48574
-1.90012
0.746281
4.15624
8.04088
11.9861
15.6945
18.8158
21.1224
22.4997
22.9122
22.4602
21.2766
19.6018
17.6382
15.6416
13.7577
12.1102
10.7355
9.66363
8.86441
8.24134
7.69017
7.11251
6.41341
5.55783
4.5184
3.32361
2.00679
0.623174
-0.772841
-2.14116
-3.45546
-4.69272
-5.84115
-6.89334
-7.83457
-8.66227
-9.33351
-9.81703
-10.0871
-10.1236
-9.95704
-9.55165
-8.93751
-8.15501
-7.24725
-6.25873
-5.23711
-4.2116
-3.21148
-2.25846
-1.37179
-0.558879
0.16716
0.827522
1.36603
1.85042
2.19594
2.46971
2.64221
2.73783
2.74611
2.67524
2.53665
2.34546
2.1152
1.85936
1.59077
1.31994
1.05717
0.809147
0.581329
0.377353
0.199636
0.0498945
-0.0712613
-0.164342
-0.22965
-0.269779
-0.287433
-0.286063
-0.269673
-0.242593
-0.209203
-0.173495
-0.138686
-0.107129
-0.0803931
-0.0590829
-0.0432993
-0.0324601
-0.0255278
-0.0213777
-0.0190835
-0.0178904
-0.0172579
-0.0168596
-0.0165175
-0.0161321
-0.0156609
-0.0150966
-0.0144491
-0.0137357
-0.0129757
-0.0121872
-0.0113867
-0.010588
-0.00980222
-0.00903851
-0.0083038
-0.00760328
-0.00694051
-0.00631769
-0.00573584
-0.0051951
-0.00469489
-0.00423406
-0.00381111
-0.00342423
-0.00307145
-0.00275069
-0.00245981
-0.00219666
-0.00195914
-0.00174519
-0.00155284
-0.00138024
-0.00122559
-0.00108726
-0.000963705
-0.000853487
-0.000755293
-0.000667915
-0.000590244
-0.000521273
-0.000460085
-0.000405851
-0.000357819
-0.000315315
-0.00027773
-0.000244518
-0.000215189
-0.000189308
471.884
475.588
482.688
493.055
507.046
525.341
548.48
576.337
607.778
640.632
671.947
698.436
716.787
724.583
720.831
705.785
680.728
647.673
608.92
566.697
522.915
479.023
435.985
394.345
354.354
316.1
279.621
244.958
212.167
181.283
152.267
124.96
99.0587
74.1403
49.7293
25.396
0.867899
-23.8771
-48.5777
-72.7116
-95.6896
-116.81
-135.257
-150.033
-160.593
-166.59
-167.984
-164.987
-158.066
-147.861
-134.982
-120.095
-103.925
-87.018
-69.8938
-52.9689
-36.6501
-21.3137
-7.35017
4.84029
14.8928
22.5976
27.8031
30.5822
30.9809
29.6263
26.1253
21.9719
16.9843
11.9316
7.07131
2.83822
-0.456928
-2.60837
-3.50939
-3.13805
-1.61232
0.93394
4.21592
7.95348
11.7523
15.3232
18.3326
20.5617
21.8992
22.3104
21.8894
20.7638
19.1613
17.2766
15.3521
13.5293
11.9279
10.585
9.52934
8.7313
8.10178
7.54138
6.95726
6.25914
5.41313
4.39279
3.22458
1.93973
0.590656
-0.771187
-2.10704
-3.39076
-4.59996
-5.72219
-6.7497
-7.66741
-8.47173
-9.12207
-9.58939
-9.84925
-9.88251
-9.71704
-9.32067
-8.72353
-7.96243
-7.08
-6.11825
-5.12345
-4.12395
-3.14873
-2.21864
-1.35281
-0.558436
0.151159
0.796004
1.32209
1.79593
2.13372
2.40187
2.57107
2.66476
2.67376
2.60623
2.47287
2.28829
2.06555
1.81766
1.5571
1.29407
1.03845
0.79699
0.57489
0.375806
0.202177
0.0556921
-0.0630134
-0.154534
-0.218985
-0.258982
-0.277108
-0.276699
-0.261626
-0.236066
-0.204239
-0.169996
-0.136456
-0.105932
-0.0799531
-0.0591414
-0.0436005
-0.0328159
-0.0258223
-0.0215596
-0.0191406
-0.0178342
-0.017114
-0.0166533
-0.0162708
-0.015864
-0.0153852
-0.0148231
-0.0141844
-0.0134839
-0.0127392
-0.0119673
-0.0111837
-0.0104017
-0.00963215
-0.00888393
-0.00816381
-0.00747689
-0.00682671
-0.00621547
-0.00564422
-0.00511313
-0.00462168
-0.00416879
-0.00375299
-0.00337255
-0.00302556
-0.00270998
-0.00242373
-0.00216472
-0.00193088
-0.00172022
-0.00153079
-0.00136078
-0.00120843
-0.00107214
-0.000950381
-0.000841756
-0.00074497
-0.000658833
-0.000582259
-0.000514255
-0.000453919
-0.000400434
-0.000353063
-0.00031114
-0.000274065
-0.000241302
-0.000212368
-0.000186833
464.407
468.041
475.036
485.279
499.089
517.068
539.671
566.723
597.106
628.73
658.773
684.098
701.575
708.916
705.157
690.525
666.228
634.173
596.551
555.497
512.851
470.019
427.95
387.192
348.009
310.505
274.726
240.72
208.538
178.208
149.688
122.821
97.3162
72.771
48.7364
24.8095
0.738169
-23.4931
-47.6319
-71.1803
-93.5667
-114.11
-132.027
-146.383
-156.648
-162.492
-163.872
-160.994
-154.302
-144.407
-131.902
-117.433
-101.696
-85.2276
-68.5364
-52.0352
-36.1245
-21.1752
-7.56837
4.31104
14.1143
21.6387
26.7406
29.4921
29.938
28.6813
25.3483
21.3702
16.581
11.7188
7.03928
2.96172
-0.215593
-2.29166
-3.16328
-2.80918
-1.34134
1.1083
4.26683
7.86269
11.5203
14.9586
17.86
20.0139
21.3125
21.7218
21.3301
20.2595
18.7262
16.9171
15.0622
13.2987
11.7424
10.4308
9.39175
8.59606
7.96153
7.3934
6.80409
6.10779
5.27169
4.27032
3.12823
1.87466
0.559387
-0.768899
-2.07276
-3.32628
-4.50767
-5.60396
-6.60704
-7.50157
-8.2831
-8.91319
-9.36486
-9.61483
-9.64505
-9.48089
-9.09349
-8.51285
-7.7727
-6.91494
-5.97937
-5.01086
-4.03693
-3.0862
-2.17875
-1.33347
-0.557423
0.135885
0.765468
1.2793
1.7427
2.07283
2.33543
2.5013
2.59315
2.60283
2.5385
2.41018
2.232
2.01657
1.77641
1.52368
1.26827
1.01967
0.784649
0.568172
0.373914
0.204325
0.0610677
-0.0552091
-0.145139
-0.208717
-0.248544
-0.267089
-0.26758
-0.253756
-0.22965
-0.199324
-0.166496
-0.134188
-0.104668
-0.0794333
-0.0591177
-0.0438279
-0.0331121
-0.0260731
-0.0217119
-0.0191793
-0.0177679
-0.0169653
-0.0164455
-0.0160245
-0.0155969
-0.0151108
-0.0145509
-0.0139207
-0.0132328
-0.0125031
-0.0117475
-0.0109806
-0.0102151
-0.00946174
-0.0087289
-0.00802329
-0.00734992
-0.0067123
-0.00611261
-0.00555196
-0.00503054
-0.00454786
-0.00410292
-0.00369431
-0.00332034
-0.00297916
-0.0026688
-0.00238722
-0.00213238
-0.00190226
-0.00169491
-0.00150844
-0.00134104
-0.00119102
-0.00105678
-0.000936848
-0.000829837
-0.000734477
-0.000649601
-0.000574138
-0.000507115
-0.000447643
-0.000394921
-0.00034822
-0.000306887
-0.000270332
-0.000238026
-0.000209493
-0.000184311
456.87
460.436
467.325
477.435
491.053
508.707
530.774
557.037
586.394
616.834
645.657
669.87
686.515
693.423
689.66
675.428
651.866
620.78
584.259
544.346
502.813
461.027
419.917
380.035
341.657
304.901
269.822
236.47
204.895
175.119
147.097
120.674
95.5711
71.4056
47.7533
24.2366
0.622091
-23.0995
-46.6842
-69.6568
-91.463
-111.443
-128.845
-142.791
-152.769
-158.462
-159.828
-157.064
-150.593
-141
-128.86
-114.799
-99.4864
-83.4491
-67.1842
-51.1001
-35.5911
-21.0224
-7.76552
3.80894
13.3676
20.7145
25.7135
28.436
28.9256
27.7618
24.59
20.7806
16.1829
11.5051
7.00019
3.07309
0.00993307
-1.99307
-2.83606
-2.49845
-1.08654
1.26988
4.30933
7.76861
11.29
14.6004
17.3974
19.4786
20.739
21.1457
20.7815
19.7634
18.2963
16.5598
14.7721
13.0662
11.554
10.2733
9.25106
8.45883
7.82061
7.24618
6.65291
5.95921
5.13336
4.15086
3.03444
1.81152
0.529336
-0.765985
-2.0383
-3.26201
-4.41587
-5.48647
-6.46537
-7.33707
-8.09636
-8.70683
-9.14336
-9.38379
-9.41111
-9.24846
-8.87
-8.30542
-7.58573
-6.75204
-5.84208
-4.89934
-3.95053
-3.02389
-2.13878
-1.31377
-0.555841
0.121343
0.735907
1.23765
1.69069
2.01325
2.27035
2.43288
2.52296
2.53328
2.47201
2.34856
2.17659
1.96824
1.73562
1.49053
1.24256
1.00085
0.772142
0.561194
0.371695
0.206099
0.0660366
-0.0478301
-0.136145
-0.198835
-0.238456
-0.25737
-0.258702
-0.246062
-0.223343
-0.194458
-0.162996
-0.131883
-0.10334
-0.078838
-0.0590138
-0.0439841
-0.0333506
-0.0262811
-0.0218349
-0.0191995
-0.0176912
-0.0168114
-0.0162359
-0.0157782
-0.0153306
-0.0148375
-0.0142797
-0.0136579
-0.0129824
-0.0122675
-0.0115279
-0.0107775
-0.0100284
-0.00929101
-0.00857345
-0.00788226
-0.00722238
-0.00659728
-0.00600914
-0.00545908
-0.00494732
-0.00447345
-0.00403648
-0.00363507
-0.00326761
-0.00293228
-0.00262716
-0.00235029
-0.00209965
-0.00187328
-0.00166927
-0.00148577
-0.00132102
-0.00117335
-0.0010412
-0.000923111
-0.000817733
-0.000723818
-0.000640219
-0.000565884
-0.000499855
-0.000441261
-0.000389311
-0.000343292
-0.000302559
-0.000266532
-0.000234689
-0.000206565
-0.000181742
449.274
452.774
459.555
469.526
482.942
500.262
521.794
547.284
575.647
604.945
632.597
655.749
671.601
678.096
674.333
660.489
637.638
607.493
572.042
533.243
492.804
452.047
411.887
372.876
335.3
299.289
264.908
232.209
201.239
172.017
144.494
118.519
93.8237
70.0439
46.7793
23.6763
0.518634
-22.6972
-45.7352
-68.1413
-89.3787
-108.808
-125.709
-139.256
-148.953
-154.498
-155.849
-153.194
-146.938
-137.638
-125.854
-112.192
-97.2962
-81.6824
-65.8371
-50.1637
-35.0502
-20.8556
-7.94217
3.33322
12.6515
19.8238
24.7208
27.4128
27.9426
26.8671
23.8497
20.2029
15.7898
11.2905
6.95443
3.17281
0.220215
-1.71196
-2.52709
-2.20523
-0.84737
1.41912
4.34361
7.67134
11.0612
14.2483
16.9445
18.9551
20.1783
20.5819
20.2436
19.2752
17.8715
16.2046
14.4819
12.8318
11.3627
10.1126
9.10745
8.31969
7.67907
7.09971
6.50362
5.81328
4.99803
4.0343
2.94313
1.75026
0.500483
-0.762442
-2.00366
-3.19793
-4.32453
-5.36967
-6.32467
-7.17388
-7.91146
-8.50291
-8.92479
-9.15602
-9.1806
-9.01965
-8.6501
-8.10112
-7.40143
-6.59123
-5.70633
-4.78886
-3.86476
-2.96182
-2.09873
-1.29373
-0.553731
0.107491
0.707265
1.19707
1.63985
1.95494
2.20659
2.36577
2.45416
2.46506
2.40673
2.28799
2.12202
1.92056
1.69526
1.45763
1.21693
0.981997
0.759468
0.553954
0.369151
0.207503
0.0706073
-0.0408639
-0.127546
-0.189328
-0.228708
-0.247942
-0.250056
-0.238539
-0.217145
-0.189643
-0.159499
-0.129546
-0.101954
-0.0781703
-0.0588348
-0.0440718
-0.033533
-0.0264473
-0.0219288
-0.0192011
-0.0176038
-0.016652
-0.016024
-0.0155316
-0.0150651
-0.0145653
-0.0140096
-0.013396
-0.0127327
-0.0120322
-0.0113084
-0.0105743
-0.00984157
-0.00911997
-0.00841757
-0.00774074
-0.0070943
-0.00648169
-0.00590507
-0.00536559
-0.00486351
-0.00439844
-0.00396947
-0.0035753
-0.00321436
-0.00288491
-0.00258507
-0.00231293
-0.00206653
-0.00184395
-0.00164331
-0.00146282
-0.00130073
-0.00115544
-0.00102539
-0.000909171
-0.000805447
-0.000712996
-0.000630689
-0.000557497
-0.000492477
-0.000434773
-0.000383608
-0.00033828
-0.000298156
-0.000262665
-0.000231294
-0.000203585
-0.000179126
441.62
445.055
451.726
461.552
474.755
491.735
512.735
537.467
564.866
593.064
619.593
641.731
656.827
662.929
659.169
645.702
623.54
594.308
559.9
522.19
482.822
443.08
403.861
365.715
328.937
293.669
259.985
227.937
197.571
168.903
141.881
116.357
92.074
68.6857
45.814
23.1277
0.426803
-22.2871
-44.7854
-66.6342
-87.3135
-106.206
-122.619
-135.775
-145.199
-150.599
-151.933
-149.383
-143.335
-134.321
-122.884
-109.613
-95.1249
-79.9273
-64.4949
-49.2261
-34.5019
-20.6752
-8.0989
2.88304
11.9653
18.9655
23.7611
26.4214
26.988
25.9963
23.1271
19.6367
15.4017
11.0751
6.90235
3.26139
0.415913
-1.44759
-2.23561
-1.9288
-0.623151
1.55656
4.37002
7.571
10.8339
13.9021
16.5009
18.4429
19.6296
20.0296
19.7156
18.7948
17.4517
15.8517
14.1916
12.5958
11.169
9.94895
8.96114
8.17881
7.53696
6.95395
6.35613
5.66985
4.86553
3.92048
2.85419
1.69079
0.472786
-0.758291
-1.96885
-3.13405
-4.23366
-5.25362
-6.18497
-7.01204
-7.72841
-8.30139
-8.70909
-8.93145
-8.95343
-8.79433
-8.43363
-7.89987
-7.21975
-6.43247
-5.57211
-4.67942
-3.7796
-2.89997
-2.05858
-1.27335
-0.55107
0.0943573
0.679564
1.15759
1.5902
1.89789
2.14413
2.29995
2.38669
2.39815
2.34263
2.22842
2.06827
1.8735
1.65535
1.42498
1.19139
0.964775
0.746655
0.546479
0.366308
0.208561
0.0748027
-0.0342885
-0.119327
-0.180183
-0.219289
-0.238797
-0.24164
-0.231186
-0.211054
-0.18488
-0.156006
-0.127179
-0.100514
-0.0774345
-0.0585839
-0.0440937
-0.0336613
-0.0265725
-0.0219942
-0.0191842
-0.0175055
-0.0164868
-0.0158098
-0.0152847
-0.0148
-0.0142939
-0.0137404
-0.0131349
-0.0124835
-0.0117974
-0.0110892
-0.0103712
-0.00965453
-0.00894862
-0.00826129
-0.00759873
-0.00696568
-0.00636552
-0.00580042
-0.00527152
-0.00477912
-0.00432287
-0.00390191
-0.003515
-0.00316062
-0.00283707
-0.00254255
-0.00227517
-0.00203303
-0.00181426
-0.00161703
-0.00143956
-0.00128018
-0.00113728
-0.00100937
-0.000895034
-0.000792983
-0.000702012
-0.000621016
-0.000548981
-0.000484983
-0.000428181
-0.000377812
-0.000333186
-0.000293679
-0.000258732
-0.00022784
-0.000200553
-0.000176464
433.909
437.279
443.841
453.516
466.498
483.131
503.601
527.592
554.054
581.192
606.644
627.812
642.187
647.916
644.163
631.062
609.569
581.223
547.83
511.184
472.868
434.127
395.839
358.552
322.57
288.043
255.052
223.654
193.892
165.777
139.258
114.188
90.3222
67.3307
44.8569
22.59
0.345727
-21.8699
-43.8354
-65.1356
-85.2675
-103.634
-119.572
-132.349
-141.505
-146.762
-148.079
-145.629
-139.782
-131.046
-119.949
-107.059
-92.9721
-78.1835
-63.1577
-48.2872
-33.9462
-20.4813
-8.23615
2.4578
11.308
18.1388
22.8338
25.4611
26.0613
25.1488
22.4216
19.0817
15.0187
10.8589
6.84411
3.33913
0.5974
-1.19955
-1.96118
-1.66875
-0.413525
1.68247
4.38922
7.46765
10.608
13.5616
16.0662
17.9418
19.0928
19.4887
19.1976
18.3218
17.0368
15.5009
13.9013
12.3582
10.9727
9.78246
8.8122
8.03621
7.39429
6.80886
6.21038
5.52888
4.7358
3.80936
2.76757
1.6331
0.446244
-0.753509
-1.93383
-3.07031
-4.14321
-5.13822
-6.0462
-6.85145
-7.54712
-8.10219
-8.49617
-8.70998
-8.72951
-8.57243
-8.2205
-7.70159
-7.04059
-6.27569
-5.43935
-4.57097
-3.69503
-2.83835
-2.01838
-1.25268
-0.547932
0.0818628
0.652707
1.11911
1.54163
1.84202
2.08289
2.23537
2.32051
2.33248
2.27966
2.16983
2.01533
1.82705
1.61585
1.39257
1.16592
0.945329
0.733664
0.538755
0.363153
0.209263
0.0786151
-0.0281057
-0.111489
-0.171399
-0.210194
-0.229928
-0.233445
-0.223994
-0.205068
-0.180167
-0.152518
-0.124783
-0.099023
-0.0766335
-0.0582641
-0.0440524
-0.0337371
-0.0266579
-0.0220312
-0.0191487
-0.0173962
-0.0163156
-0.0155927
-0.015037
-0.0145353
-0.0140232
-0.013472
-0.0128745
-0.0122349
-0.0115629
-0.0108701
-0.0101681
-0.00946732
-0.00877698
-0.00810462
-0.00745626
-0.00683654
-0.0062488
-0.00569519
-0.00517686
-0.00469415
-0.00424674
-0.00383381
-0.00345418
-0.00310638
-0.00278877
-0.00249959
-0.002237
-0.00199916
-0.00178423
-0.00159043
-0.00141603
-0.00125937
-0.00111889
-0.000993125
-0.000880702
-0.000780343
-0.00069087
-0.0006112
-0.000540337
-0.000477375
-0.000421487
-0.000371925
-0.00032801
-0.00028913
-0.000254735
-0.00022433
-0.00019747
-0.000173758
426.142
429.449
435.898
445.416
458.17
474.452
494.396
517.66
543.215
569.33
593.747
613.989
627.676
633.051
629.307
616.563
595.719
568.234
535.831
500.226
462.943
425.188
387.821
351.388
316.198
282.41
250.111
219.361
190.201
162.64
136.624
112.013
88.5684
65.9787
43.9071
22.0623
0.274339
-21.4467
-42.886
-63.646
-83.2404
-101.093
-116.568
-128.974
-137.868
-142.984
-144.283
-141.931
-136.279
-127.814
-117.049
-104.531
-90.8376
-76.451
-61.8254
-47.3472
-33.3836
-20.2746
-8.35476
2.05634
10.6784
17.3421
21.9371
24.53
25.1608
24.3236
21.7325
18.5376
14.6404
10.6421
6.7802
3.40682
0.76565
-0.966725
-1.70265
-1.42397
-0.217488
1.79766
4.40044
7.36147
10.3835
13.2262
15.6397
17.4509
18.567
18.9583
18.6886
17.856
16.6265
15.1524
13.6112
12.1193
10.7743
9.61353
8.661
7.89214
7.25117
6.66442
6.06622
5.39012
4.60858
3.70068
2.68309
1.57704
0.420771
-0.748159
-1.89866
-3.00679
-4.05327
-5.02361
-5.90849
-6.69225
-7.36767
-7.90531
-8.28597
-8.49152
-8.50872
-8.35376
-8.01053
-7.50613
-6.86388
-6.12088
-5.30806
-4.46354
-3.61109
-2.77698
-1.97809
-1.23167
-0.544247
0.0700908
0.626777
1.08169
1.49423
1.78738
2.02292
2.17205
2.25561
2.26804
2.21781
2.11221
1.96317
1.7812
1.57678
1.36042
1.14054
0.925997
0.720544
0.530824
0.359734
0.209659
0.0820944
-0.0222698
-0.103995
-0.162945
-0.201402
-0.221323
-0.225466
-0.216965
-0.199189
-0.17551
-0.149042
-0.122364
-0.0974846
-0.0757721
-0.0578795
-0.0439506
-0.033762
-0.0267041
-0.0220403
-0.0190947
-0.0172756
-0.0161381
-0.0153727
-0.0147883
-0.0142706
-0.0137532
-0.0132044
-0.0126148
-0.0119868
-0.0113288
-0.0106512
-0.00996491
-0.00927994
-0.00860506
-0.00794757
-0.00731334
-0.0067069
-0.00613155
-0.00558941
-0.00508165
-0.00460862
-0.00417006
-0.00376519
-0.00339286
-0.00305167
-0.00274002
-0.00245621
-0.00219845
-0.00196493
-0.00175387
-0.00156353
-0.00139221
-0.00123829
-0.00110026
-0.000976672
-0.000866178
-0.00076753
-0.000679573
-0.000601244
-0.000531568
-0.000469654
-0.000414693
-0.000365948
-0.000322754
-0.00028451
-0.000250675
-0.000220763
-0.000194337
-0.000171006
403.323
406.447
412.565
421.61
433.677
448.921
467.341
488.529
511.516
534.755
556.275
573.934
585.71
590.104
586.399
574.668
555.661
530.62
501.028
468.393
434.067
399.149
364.444
330.485
297.595
265.955
235.671
206.807
179.401
153.456
128.914
105.647
83.4458
62.0432
41.1578
20.552
0.094736
-20.1938
-40.1171
-59.326
-77.3822
-93.7695
-107.928
-119.278
-127.427
-132.141
-133.385
-131.302
-126.201
-118.508
-108.686
-97.2325
-84.6635
-71.4296
-57.9529
-44.6014
-31.7215
-19.6334
-8.64554
0.955626
8.92356
15.1071
19.4122
21.9012
22.6121
21.982
19.7707
16.9822
13.551
10.0078
6.57653
3.57384
1.21652
-0.333437
-0.996469
-0.756014
0.313301
2.10127
4.41357
7.04313
9.73221
12.2637
14.4206
16.0495
17.0659
17.4426
17.2315
16.5178
15.4433
14.1415
12.7649
11.418
10.1884
9.11251
8.21238
7.46688
6.83195
6.24484
5.65046
4.99211
4.24519
3.39122
2.44319
1.41856
0.349849
-0.730634
-1.79531
-2.8217
-3.79178
-4.69081
-5.50901
-6.23098
-6.84866
-7.33688
-7.67991
-7.86224
-7.87306
-7.72476
-7.40672
-6.9437
-6.35501
-5.67447
-4.92897
-4.15282
-3.36781
-2.59858
-1.86032
-1.16965
-0.532295
0.0373763
0.5533
0.975103
1.35874
1.63103
1.85114
1.99057
2.06965
2.08337
2.04038
1.94672
1.81315
1.64909
1.46394
1.26728
1.06671
0.869804
0.681849
0.507024
0.348932
0.209861
0.0912103
-0.0063166
-0.0831893
-0.139285
-0.17666
-0.196999
-0.202817
-0.196923
-0.182334
-0.162066
-0.138917
-0.11523
-0.0928543
-0.0730803
-0.0565672
-0.0434784
-0.0336891
-0.0267276
-0.0219877
-0.0188844
-0.0168913
-0.0156017
-0.0147216
-0.0140597
-0.0134984
-0.0129666
-0.0124254
-0.0118589
-0.0112645
-0.0106467
-0.010013
-0.00937218
-0.00873285
-0.0081027
-0.00748831
-0.00689508
-0.00632725
-0.00578793
-0.0052792
-0.00480226
-0.00435751
-0.00394479
-0.00356346
-0.00321251
-0.00289068
-0.00259651
-0.00232844
-0.00208483
-0.00186402
-0.00166433
-0.00148415
-0.0013219
-0.00117608
-0.00104525
-0.000928065
-0.000823257
-0.000729654
-0.000646168
-0.000571798
-0.000505625
-0.000446808
-0.000394583
-0.000348253
-0.00030719
-0.000270826
-0.000238647
-0.000210194
-0.000185053
-0.000162853
364.297
367.116
372.651
380.827
391.649
405.132
421.141
439.23
458.533
477.765
495.335
509.541
518.806
521.957
518.405
508.179
491.845
470.366
444.919
416.723
386.898
356.375
325.866
295.867
266.7
238.561
211.57
185.797
161.279
138.013
115.947
94.9708
74.9165
55.5767
36.7391
18.2307
-0.0376963
-18.0252
-35.5727
-52.3894
-68.1087
-82.3032
-94.5187
-104.305
-111.344
-115.447
-116.583
-114.87
-110.558
-103.992
-95.5669
-85.7028
-74.8348
-63.3583
-51.645
-40.0266
-28.8128
-18.2888
-8.72256
-0.355403
6.60987
12.048
15.8851
18.1759
18.9553
18.5813
16.8751
14.6415
11.8542
8.94782
6.1207
3.63855
1.68274
0.392024
-0.165446
0.0247446
0.903387
2.37609
4.28436
6.45481
8.68012
10.7785
12.5751
13.9435
14.812
15.1566
15.0149
14.4549
13.587
12.5195
11.3729
10.2344
9.17684
8.23364
7.42422
6.73313
6.12913
5.56401
4.99567
4.38006
3.69689
2.93118
2.09175
1.19183
0.256139
-0.688674
-1.6207
-2.51987
-3.37023
-4.15758
-4.87212
-5.49961
-6.03182
-6.4488
-6.73854
-6.88908
-6.89242
-6.75735
-6.47869
-6.07699
-5.56789
-4.97971
-4.33466
-3.66141
-2.97891
-2.30875
-1.66399
-1.05991
-0.5007
-0.000771373
0.451972
0.822248
1.16017
1.39976
1.59496
1.7186
1.79028
1.80499
1.77143
1.69415
1.58231
1.44381
1.28655
1.11867
0.946694
0.777014
0.61468
0.462596
0.324709
0.202906
0.0984495
0.012051
-0.0566266
-0.107608
-0.142429
-0.162498
-0.169982
-0.167214
-0.156714
-0.141
-0.122421
-0.10297
-0.0842455
-0.0673947
-0.053062
-0.0414414
-0.0325019
-0.0259347
-0.0212924
-0.0181164
-0.0159853
-0.0145527
-0.0135558
-0.0128134
-0.012208
-0.0116664
-0.0111436
-0.0106166
-0.0100763
-0.00952221
-0.00895797
-0.00838936
-0.00782273
-0.00726418
-0.00671918
-0.00619233
-0.00568732
-0.00520696
-0.00475318
-0.00432714
-0.00392932
-0.00355969
-0.00321775
-0.00290269
-0.00261348
-0.00234887
-0.00210751
-0.00188799
-0.00168884
-0.00150861
-0.00134587
-0.00119924
-0.00106736
-0.000948971
-0.000842869
-0.000747926
-0.000663091
-0.000587391
-0.000519927
-0.000459874
-0.000406477
-0.000359046
-0.000316955
-0.000279637
-0.000246579
-0.000217318
-0.000191438
-0.000168564
-0.000148362
324.179
326.69
331.619
338.878
348.415
360.157
373.9
389.198
405.293
421.122
435.405
446.792
454.051
456.26
452.943
444.103
430.166
411.881
390.179
366.039
340.383
313.995
287.49
261.318
235.783
211.083
187.34
164.628
142.983
122.4
102.836
84.1983
66.3538
49.1426
32.4058
16.019
-0.073137
-15.8319
-31.1144
-45.6831
-59.2348
-71.4193
-81.8704
-90.2372
-96.2635
-99.7986
-100.818
-99.4158
-95.7951
-90.2393
-83.076
-74.6599
-65.3563
-55.507
-45.4352
-35.4336
-25.7748
-16.7088
-8.46557
-1.24784
4.77791
9.50841
12.8859
14.9572
15.7545
15.5684
14.2691
12.4964
10.2516
7.88777
5.57768
3.54243
1.93331
0.867591
0.403205
0.552837
1.26919
2.47358
4.03663
5.81556
7.64355
9.37033
10.8555
11.9953
12.7297
13.0376
12.9461
12.509
11.8116
10.9413
9.99282
9.03823
8.13748
7.32038
6.60387
5.97721
5.41845
4.89099
4.36282
3.80005
3.18614
2.50915
1.7749
0.993392
0.181099
-0.633167
-1.43908
-2.21693
-2.95262
-3.63312
-4.24902
-4.78762
-5.24107
-5.5936
-5.83602
-5.95928
-5.95747
-5.83695
-5.59618
-5.25174
-4.81663
-4.31413
-3.76263
-3.18576
-2.59985
-2.02345
-1.46782
-0.947398
-0.462542
-0.0298045
0.362301
0.683119
0.976837
1.1851
1.35605
1.46448
1.52891
1.54427
1.51885
1.4561
1.36372
1.24827
1.11631
0.97471
0.828965
0.684365
0.544967
0.414984
0.296258
0.190839
0.100003
0.0244346
-0.0360151
-0.0818791
-0.11357
-0.132715
-0.14107
-0.140542
-0.133222
-0.121199
-0.10643
-0.0906047
-0.0750885
-0.0608857
-0.0485999
-0.0384483
-0.0304522
-0.0244264
-0.0200466
-0.0169544
-0.0148122
-0.0133328
-0.0122879
-0.0115119
-0.010893
-0.0103587
-0.00986312
-0.00937902
-0.00889333
-0.0084017
-0.00790481
-0.00740601
-0.00690977
-0.00642077
-0.00594342
-0.00548155
-0.00503833
-0.00461621
-0.00421695
-0.00384162
-0.00349075
-0.00316435
-0.00286209
-0.00258332
-0.00232718
-0.00209261
-0.00187849
-0.00168359
-0.00150665
-0.00134641
-0.00120163
-0.0010711
-0.000953641
-0.000848139
-0.00075354
-0.00066885
-0.000593144
-0.000525563
-0.00046531
-0.000411657
-0.000363934
-0.000321529
-0.000283888
-0.000250505
-0.000220925
-0.000194735
-0.000171566
-0.000151084
-0.000132991
283.089
285.289
289.6
295.924
304.172
314.224
325.849
338.628
351.913
364.831
376.358
385.43
391.084
392.599
389.592
382.054
370.305
354.923
336.643
316.246
294.482
272.002
249.33
226.86
204.87
183.548
163.011
143.333
124.547
106.652
89.6105
73.3486
57.7619
42.7284
28.1299
13.878
-0.0608834
-13.6465
-26.758
-39.2009
-50.7272
-61.0535
-69.8871
-76.9534
-82.0488
-85.0539
-85.9492
-84.8115
-81.8041
-77.1574
-71.1421
-64.053
-56.1948
-47.8579
-39.3185
-30.8299
-22.6274
-14.9256
-7.91969
-1.77821
3.36259
7.41823
10.3437
12.1781
12.9505
12.8946
11.9187
10.5263
8.73643
6.8335
4.96499
3.31297
2.00281
1.13217
0.749901
0.866855
1.4445
2.42195
3.69146
5.13706
6.62557
8.03429
9.25077
10.1907
10.8042
11.0733
11.017
10.6774
10.1207
9.41612
8.63841
7.84625
7.08846
6.39084
5.76811
5.2132
4.71063
4.23289
3.75571
3.25314
2.71191
2.12262
1.48919
0.81948
0.129929
-0.570304
-1.25903
-1.92339
-2.55159
-3.13212
-3.65636
-4.11327
-4.4957
-4.79114
-4.99242
-5.09278
-5.08773
-4.98207
-4.77632
-4.48373
-4.11528
-3.68987
-3.22284
-2.73348
-2.23578
-1.74529
-1.27166
-0.828828
-0.413188
-0.0434333
0.291835
0.566242
0.817916
0.996334
1.14346
1.23671
1.29305
1.30758
1.28791
1.23675
1.16053
1.06468
0.954665
0.836182
0.713822
0.592057
0.474313
0.364265
0.263373
0.173593
0.095942
0.0310324
-0.0212067
-0.0613994
-0.089527
-0.107133
-0.115614
-0.11653
-0.111593
-0.102518
-0.0909176
-0.0781978
-0.0655097
-0.0537147
-0.0433579
-0.0346661
-0.0276842
-0.022312
-0.0183201
-0.015435
-0.0133883
-0.0119456
-0.0109141
-0.0101481
-0.009545
-0.00903648
-0.00857814
-0.00814196
-0.00771256
-0.00728322
-0.00685249
-0.00642185
-0.00599423
-0.00557311
-0.00516196
-0.00476389
-0.00438154
-0.00401703
-0.00367188
-0.00334707
-0.00304311
-0.00276008
-0.00249773
-0.00225556
-0.00203287
-0.00182878
-0.00164234
-0.00147253
-0.00131826
-0.00117848
-0.00105211
-0.00093811
-0.000835482
-0.00074326
-0.000660532
-0.00058644
-0.000520182
-0.000461013
-0.000408244
-0.000361239
-0.000319416
-0.000282244
-0.000249239
-0.00021996
-0.000194011
-0.000171031
-0.000150696
-0.000132717
-0.000116831
241.146
243.036
246.729
252.117
259.095
267.524
277.173
287.669
298.471
308.874
318.067
325.221
329.587
330.607
327.977
321.682
311.961
299.258
284.143
267.236
249.135
230.371
211.383
192.504
173.98
155.978
138.609
121.94
106.002
90.7962
76.2934
62.4356
49.1423
36.3218
23.8871
11.7763
-0.0293022
-11.491
-22.5086
-32.9247
-42.5399
-51.1283
-58.4587
-64.3182
-68.5468
-71.0515
-71.8173
-70.9059
-68.4478
-64.628
-59.6666
-53.8047
-47.2923
-40.3711
-33.2721
-26.2093
-19.3808
-12.9669
-7.1295
-2.0069
2.2908
5.69573
8.17309
9.75477
10.4666
10.4936
9.77314
8.69582
7.29013
5.78198
4.29436
2.97466
1.92511
1.22557
0.916299
1.007
1.46897
2.24561
3.25974
4.4155
5.60763
6.73777
7.71694
8.47777
8.97957
9.20729
9.1743
8.91304
8.47407
7.91182
7.28429
6.63849
6.01346
5.43097
4.90339
4.42643
3.98928
3.57161
3.15523
2.72056
2.2572
1.75785
1.22516
0.664878
0.0888934
-0.493439
-1.0668
-1.61978
-2.14235
-2.62475
-3.05943
-3.43715
-3.75175
-3.99346
-4.15682
-4.23696
-4.2304
-4.14086
-3.97003
-3.7282
-3.42448
-3.07387
-2.6889
-2.28492
-1.87356
-1.46756
-1.07423
-0.704325
-0.361366
-0.0547767
0.224212
0.452745
0.662927
0.812152
0.935971
1.01471
1.06342
1.07746
1.06347
1.0235
0.962763
0.885629
0.796509
0.700034
0.59994
0.499943
0.402924
0.311934
0.227803
0.153038
0.0881091
0.0335592
-0.010626
-0.0449201
-0.0692693
-0.084946
-0.0930301
-0.0947918
-0.0916156
-0.0848888
-0.0759226
-0.0658682
-0.0556767
-0.0460703
-0.0375237
-0.030258
-0.0243289
-0.0196898
-0.016182
-0.0136006
-0.0117365
-0.0104015
-0.0094373
-0.00872018
-0.00816004
-0.00769521
-0.0072848
-0.00690228
-0.00653173
-0.00616532
-0.00580024
-0.00543666
-0.00507637
-0.00472184
-0.00437569
-0.00404043
-0.00371818
-0.0034107
-0.00311929
-0.00284482
-0.00258773
-0.00234815
-0.0021259
-0.00192059
-0.00173165
-0.00155839
-0.00140002
-0.00125569
-0.0011245
-0.00100556
-0.000897985
-0.000800902
-0.000713463
-0.000634858
-0.00056432
-0.000501123
-0.00044459
-0.000394089
-0.000349038
-0.000308896
-0.000273172
-0.000241412
-0.000213206
-0.000188179
-0.000165993
-0.000146343
-0.000128952
-0.000113572
-9.99813e-05
198.471
200.057
203.138
207.602
213.342
220.217
228.019
236.432
245.017
253.22
260.412
265.956
269.283
269.967
267.772
262.679
254.867
244.669
232.521
218.901
204.278
189.075
173.643
158.26
143.131
128.4
114.163
100.481
87.3808
74.8657
62.9135
51.4803
40.5057
29.9218
19.666
9.69586
0.00220459
-9.3803
-18.3706
-26.8441
-34.6444
-41.5951
-47.5177
-52.2492
-55.6667
-57.6988
-58.3346
-57.6222
-55.6641
-52.6054
-48.6209
-43.9028
-38.6509
-33.061
-27.3207
-21.6049
-16.0754
-10.8793
-6.14753
-1.99069
1.50409
4.28323
6.31998
7.63974
8.26434
8.33728
7.81696
7.00052
5.91965
4.74997
3.5912
2.55995
1.73778
1.18834
0.944154
1.01196
1.37267
1.98127
2.7758
3.68185
4.61788
5.50678
6.27931
6.88267
7.28442
7.47221
7.45519
7.25791
6.91842
6.47864
5.98295
5.46817
4.96491
4.49092
4.05643
3.659
3.29117
2.93814
2.58643
2.22151
1.83533
1.42237
0.984329
0.52551
0.0543965
-0.420279
-0.887921
-1.33895
-1.76503
-2.1581
-2.51168
-2.81824
-3.07256
-3.26702
-3.39747
-3.46041
-3.45307
-3.37839
-3.23849
-3.04128
-2.79432
-2.50933
-2.19644
-1.86781
-1.53298
-1.20219
-0.881146
-0.579322
-0.299594
-0.0497834
0.177765
0.364139
0.535524
0.657105
0.758056
0.821969
0.861733
0.873275
0.86224
0.830265
0.78154
0.719597
0.64796
0.570342
0.489733
0.40914
0.330803
0.256963
0.18904
0.128719
0.0761588
0.031843
-0.00421667
-0.0323438
-0.0525425
-0.0658161
-0.0729779
-0.075035
-0.0730756
-0.0681903
-0.0614128
-0.0536574
-0.0456847
-0.0380799
-0.0312388
-0.0253606
-0.0205036
-0.0166523
-0.0137002
-0.0114975
-0.00988534
-0.0087166
-0.00786545
-0.00723106
-0.00673794
-0.00633316
-0.00598104
-0.00565805
-0.00534934
-0.00504694
-0.00474748
-0.00445034
-0.00415646
-0.0038675
-0.00358544
-0.00331216
-0.00304936
-0.00279843
-0.00256045
-0.00233614
-0.00212588
-0.0019298
-0.00174779
-0.00157955
-0.00142463
-0.00128249
-0.0011525
-0.00103397
-0.000926185
-0.000828426
-0.000739972
-0.000660114
-0.000588164
-0.000523463
-0.000465383
-0.000413333
-0.000366759
-0.000325144
-0.00028801
-0.000254915
-0.000225456
-0.000199261
-0.000175992
-0.000155343
-0.000137035
-0.000120816
-0.00010646
-9.3763e-05
-8.2541e-05
155.181
156.476
158.958
162.519
167.054
172.441
178.507
184.998
191.577
197.823
203.268
207.44
209.918
210.387
208.671
204.752
198.757
190.929
181.591
171.098
159.805
148.032
136.052
124.083
112.287
100.783
89.6488
78.9344
68.6641
58.8415
49.4509
40.4605
31.8267
23.5012
15.4404
7.61608
0.0249028
-7.30431
-14.3086
-20.8933
-26.9403
-32.3174
-36.8915
-40.5424
-43.1791
-44.7493
-45.2455
-44.7045
-43.2039
-40.8538
-37.7873
-34.1518
-30.1006
-25.7849
-21.3504
-16.9331
-12.6591
-8.64222
-4.98354
-1.76753
0.939869
3.09844
4.6887
5.73025
6.24084
6.32749
5.96408
5.36819
4.56963
3.69935
2.83422
2.06234
1.4457
1.03255
0.847666
0.896783
1.16466
1.61843
2.21148
2.8882
3.58789
4.25292
4.83186
5.28529
5.58873
5.73277
5.72355
5.57896
5.32663
4.99743
4.62392
4.23358
3.8492
3.4845
3.14735
2.83655
2.54713
2.26878
1.99191
1.70616
1.40566
1.0864
0.749483
0.39791
0.0379241
-0.324331
-0.680815
-1.02442
-1.34873
-1.6476
-1.91601
-2.14826
-2.34038
-2.48677
-2.58452
-2.63143
-2.62518
-2.5681
-2.46225
-2.31334
-2.12714
-1.91224
-1.6764
-1.42833
-1.17531
-0.924958
-0.682
-0.453492
-0.24063
-0.0507761
0.122345
0.264343
0.395438
0.48875
0.566864
0.616606
0.648566
0.659078
0.652553
0.630094
0.59481
0.549302
0.496184
0.438241
0.377719
0.316898
0.257459
0.200947
0.148636
0.102693
0.062359
0.0280978
4.12782e-05
-0.0219875
-0.0379756
-0.0486776
-0.0546655
-0.0567022
-0.0556092
-0.0522125
-0.0472974
-0.0415624
-0.0355916
-0.0298378
-0.0246139
-0.0200869
-0.0163104
-0.0132847
-0.010941
-0.00917382
-0.00786727
-0.00691142
-0.0062107
-0.00568722
-0.00528149
-0.00495093
-0.0046664
-0.00440848
-0.00416456
-0.00392748
-0.00369391
-0.00346288
-0.00323477
-0.00301067
-0.00279196
-0.00258003
-0.00237615
-0.00218138
-0.00199657
-0.00182226
-0.00165878
-0.00150624
-0.00136458
-0.00123356
-0.00111287
-0.00100208
-0.000900713
-0.000808253
-0.000724147
-0.000647835
-0.000578765
-0.000516389
-0.000460174
-0.000409608
-0.000364207
-0.000323509
-0.000287085
-0.000254532
-0.000225479
-0.000199582
-0.000176526
-0.000156021
-0.000137804
-0.000121635
-0.000107298
-9.45951e-05
-8.33501e-05
-7.34033e-05
-6.46114e-05
111.391
112.414
114.319
116.998
120.363
124.32
128.739
133.438
138.174
142.654
146.55
149.535
151.316
151.675
150.486
147.736
143.507
137.967
131.336
123.864
115.797
107.365
98.763
90.1477
81.6399
73.3268
65.2683
57.5019
50.047
42.9072
36.0724
29.5213
23.2243
17.1491
11.2671
5.5604
0.0288079
-5.30526
-10.3964
-15.1768
-19.5623
-23.4592
-26.7736
-29.421
-31.3372
-32.485
-32.8588
-32.4842
-31.4158
-29.7314
-27.526
-24.9049
-21.9785
-18.856
-15.6433
-12.4396
-9.33697
-6.41861
-3.75798
-1.41638
0.558448
2.13758
3.30687
4.08009
4.47023
4.55273
4.31158
3.89839
3.33781
2.72268
2.10901
1.56013
1.12094
0.826363
0.694569
0.729894
0.921671
1.24658
1.67147
2.15664
2.65888
3.13697
3.5542
3.88228
4.10344
4.21067
4.20785
4.10744
3.92864
3.69326
3.42426
3.14132
2.86078
2.59266
2.34281
2.11075
1.89322
1.68325
1.47426
1.25912
1.03368
0.795167
0.544267
0.283099
0.0159531
-0.252329
-0.516359
-0.770809
-1.01086
-1.2319
-1.4301
-1.60121
-1.74221
-1.84905
-1.91968
-1.95269
-1.94628
-1.90223
-1.82237
-1.71079
-1.57185
-1.41191
-1.23634
-1.0519
-0.864055
-0.678478
-0.49828
-0.328892
-0.172303
-0.0324016
0.0949553
0.199157
0.294906
0.362734
0.419087
0.454277
0.476477
0.482929
0.476959
0.459502
0.432857
0.398973
0.359761
0.317245
0.273045
0.228794
0.185596
0.144619
0.10644
0.0741413
0.0454474
0.0209942
0.000960595
-0.0147706
-0.0262102
-0.0339204
-0.0382935
-0.0398743
-0.0392396
-0.036967
-0.0336038
-0.0296379
-0.0254784
-0.0214445
-0.0177589
-0.0145455
-0.011847
-0.00966896
-0.00796941
-0.00667858
-0.00571748
-0.00500977
-0.00448835
-0.00409799
-0.00379591
-0.00355102
-0.00334177
-0.00315368
-0.00297721
-0.00280672
-0.00263943
-0.00247437
-0.00231164
-0.00215188
-0.001996
-0.00184494
-0.00169958
-0.00156068
-0.00142881
-0.00130439
-0.00118765
-0.00107868
-0.000977433
-0.000883764
-0.000797445
-0.000718184
-0.000645643
-0.000579455
-0.000519231
-0.000464573
-0.00041509
-0.000370393
-0.000330103
-0.000293854
-0.000261301
-0.000232116
-0.000205991
-0.000182639
-0.000161794
-0.000143212
-0.000126665
-0.000111948
-9.88708e-05
-8.72632e-05
-7.6969e-05
-6.78476e-05
-5.9772e-05
-5.26279e-05
-4.63126e-05
67.2053
67.994
69.3437
71.1531
73.3638
75.9165
78.7318
81.6986
84.6707
87.4702
89.9003
91.7644
92.8875
93.1378
92.4404
90.7851
88.2217
84.8499
80.8032
76.2318
71.287
66.1089
60.8181
55.513
50.2691
45.1419
40.1699
35.3773
30.7771
26.3723
22.1574
18.1201
14.2434
10.5086
6.89951
3.40639
0.0300707
-3.21618
-6.30432
-9.19423
-11.8361
-14.175
-16.1561
-17.7308
-18.8626
-19.5311
-19.7347
-19.4903
-18.8316
-17.8064
-16.4722
-14.8928
-13.1346
-11.2634
-9.34252
-7.43133
-5.58446
-3.85101
-2.27391
-0.888642
0.278004
1.20952
1.89905
2.35548
2.58745
2.63918
2.5031
2.26611
1.94393
1.58998
1.23691
0.921069
0.668174
0.498054
0.420887
0.438949
0.545825
0.72814
0.966802
1.23923
1.52096
1.78875
2.02198
2.20484
2.32747
2.38602
2.38275
2.32472
2.22268
2.08888
1.93615
1.77548
1.61609
1.46364
1.32143
1.18929
1.06553
0.946341
0.828154
0.707076
0.580817
0.447817
0.308421
0.163728
0.0160243
-0.132064
-0.277652
-0.417861
-0.550151
-0.671949
-0.781205
-0.875627
-0.953604
-1.01295
-1.05261
-1.07178
-1.0695
-1.04666
-1.00429
-0.94454
-0.869752
-0.783201
-0.688058
-0.588112
-0.485931
-0.384654
-0.286235
-0.195258
-0.106432
-0.0290961
0.0417902
0.100027
0.154165
0.192995
0.226157
0.24686
0.261418
0.267011
0.265681
0.257796
0.244573
0.227014
0.206148
0.183088
0.158745
0.13404
0.109703
0.08637
0.0611764
0.044943
0.028365
0.013928
0.00194578
-0.00757244
-0.0145787
-0.019394
-0.0222122
-0.0233462
-0.0231313
-0.0219082
-0.0200035
-0.0177106
-0.0152772
-0.0128987
-0.0107129
-0.00879782
-0.00718194
-0.00587122
-0.00484354
-0.00405918
-0.00347214
-0.00303759
-0.00271602
-0.00247477
-0.00228821
-0.00213741
-0.00200917
-0.00189456
-0.00178762
-0.00168474
-0.0015841
-0.001485
-0.0013874
-0.00129164
-0.00119822
-0.0011077
-0.00102058
-0.000937308
-0.000858239
-0.000783614
-0.000713577
-0.000648183
-0.000587409
-0.000531171
-0.000479332
-0.000431722
-0.000388139
-0.000348366
-0.00031217
-0.000279314
-0.000249564
-0.000222687
-0.000198456
-0.000176654
-0.000157071
-0.000139513
-0.000123794
-0.000109742
-9.7198e-05
-8.6014e-05
-7.60547e-05
-6.71958e-05
-5.9324e-05
-5.23362e-05
-4.61389e-05
-4.06475e-05
-3.57856e-05
-3.14844e-05
-2.76822e-05
22.7216
23.3897
24.2877
25.3526
26.5668
27.9143
29.3704
30.8969
32.4396
33.9295
35.2875
36.4311
37.2836
37.7827
37.8878
37.5833
36.8792
35.8071
34.4148
32.7598
30.9023
28.9004
26.8057
24.6621
22.5044
20.3598
18.248
16.1828
14.1731
12.2229
10.3326
8.49886
6.71634
4.9786
3.28015
1.6185
-0.00396133
-1.57918
-3.09177
-4.52041
-5.8389
-7.01823
-8.02921
-8.84534
-9.44592
-9.81805
-9.95808
-9.87174
-9.57359
-9.08553
-8.435
-7.65313
-6.77299
-5.82795
-4.85064
-3.87203
-2.92105
-2.02394
-1.20392
-0.480315
0.131592
0.623035
0.989108
1.23378
1.36093
1.39305
1.32624
1.20523
1.03871
0.854671
0.670528
0.505616
0.373706
0.285451
0.246371
0.257723
0.316106
0.414431
0.542514
0.688302
0.838801
0.981596
1.10576
1.2029
1.26777
1.29837
1.29591
1.26415
1.20877
1.13631
1.05351
0.966241
0.879327
0.79579
0.717383
0.644056
0.574955
0.508193
0.441969
0.374372
0.304273
0.230974
0.154752
0.0762431
-0.00323697
-0.0825336
-0.15991
-0.233853
-0.302988
-0.366001
-0.421767
-0.469128
-0.507241
-0.535093
-0.552247
-0.55823
-0.553063
-0.537145
-0.51127
-0.476683
-0.434813
-0.387483
-0.336457
-0.283355
-0.229971
-0.177868
-0.128243
-0.0804809
-0.0406755
-0.00332122
0.0296863
0.0563488
0.080248
0.0966592
0.109738
0.117186
0.121218
0.121255
0.118203
0.11243
0.104571
0.0951787
0.0847531
0.0738079
0.0627267
0.0518989
0.0416038
0.0319802
0.026803
0.0163619
0.00964532
0.00422197
-9.19095e-05
-0.00340091
-0.00574474
-0.00727718
-0.00810194
-0.00835025
-0.00815329
-0.00763614
-0.00691275
-0.00608132
-0.00522168
-0.00439471
-0.00364256
-0.00298778
-0.0024373
-0.00199132
-0.00164145
-0.00137392
-0.00117319
-0.00102421
-0.000913785
-0.000830905
-0.000766904
-0.000715332
-0.000671656
-0.000632806
-0.000596739
-0.000562184
-0.00052848
-0.000495355
-0.000462773
-0.000430831
-0.000399685
-0.000369509
-0.00034047
-0.000312712
-0.000286351
-0.000261468
-0.000238112
-0.0002163
-0.000196025
-0.00017726
-0.000159961
-0.00014407
-0.000129521
-0.000116242
-0.000104155
-9.31819e-05
-8.3245e-05
-7.42665e-05
-6.61709e-05
-5.88857e-05
-5.23416e-05
-4.6473e-05
-4.12186e-05
-3.6521e-05
-3.23268e-05
-2.85869e-05
-2.52561e-05
-2.22929e-05
-1.96595e-05
-1.73214e-05
-1.52474e-05
-1.34092e-05
-1.17814e-05
-1.0341e-05
-9.06741e-06
-0.00972461
-0.00799155
-0.00655857
-0.00535592
-0.00435667
-0.00352548
-0.00283757
-0.00226838
-0.00179932
-0.00141329
-0.00109756
-0.00084016
-0.000629201
-0.000457055
-0.000320451
-0.000212566
-0.000128207
-6.32128e-05
-1.67151e-05
1.44889e-05
3.18212e-05
3.76505e-05
3.2983e-05
1.85977e-05
-5.02924e-06
-3.75926e-05
-7.90271e-05
-0.000129446
-0.000188935
-0.000258717
-0.000338522
-0.000430088
-0.000533757
-0.000651067
-0.000782033
-0.000929466
-0.00109513
-0.00128109
-0.00148931
-0.00172313
-0.00198439
-0.00227944
-0.00260549
-0.00298077
-0.00338225
-0.003855
-0.00436446
-0.0049501
-0.0055988
-0.00633181
-0.00715284
-0.008077
-0.00911669
-0.0102883
-0.0116105
-0.0131053
-0.0147989
-0.0167226
-0.0189144
-0.0214205
-0.0242979
-0.0276175
-0.0314686
-0.0359655
-0.0412547
-0.0475267
-0.0550294
-0.0640873
-0.0751269
-0.0887104
-0.105582
-0.126724
-0.153437
-0.187431
-0.230941
-0.286862
-0.358883
-0.451617
-0.570658
-0.722456
-0.913883
-1.15115
-1.43755
-1.76915
-2.12939
-2.48431
-2.75748
-2.85046
-2.55857
-1.71716
-0.085053
2.38128
5.46858
-0.0106452
-0.00894087
-0.00752604
-0.00633971
-0.00535572
-0.00453865
-0.00386361
-0.00330649
-0.00284852
-0.0024729
-0.00216672
-0.00191891
-0.00171847
-0.00155976
-0.00143667
-0.00133647
-0.00125977
-0.00120383
-0.0011638
-0.00113908
-0.00112666
-0.00112422
-0.00113156
-0.00114798
-0.00117313
-0.00120671
-0.00124873
-0.00129926
-0.00135751
-0.00142683
-0.00150577
-0.00159692
-0.00169833
-0.00181484
-0.00194466
-0.00209139
-0.00225625
-0.00244127
-0.0026466
-0.00287938
-0.0031396
-0.00343254
-0.00375643
-0.00413173
-0.00453154
-0.0050046
-0.00551249
-0.00609777
-0.00674558
-0.0074778
-0.00829804
-0.00922135
-0.0102602
-0.0114308
-0.012752
-0.0142457
-0.015938
-0.0178603
-0.0200505
-0.0225547
-0.0254298
-0.0287467
-0.0325949
-0.0370885
-0.0423741
-0.0486425
-0.0561415
-0.0651957
-0.0762318
-0.0898122
-0.106681
-0.127823
-0.154538
-0.188538
-0.23206
-0.288
-0.36005
-0.452822
-0.571914
-0.723775
-0.915278
-1.15263
-1.43912
-1.77081
-2.13112
-2.48613
-2.75907
-2.85139
-2.55908
-1.71722
-0.0847558
2.38162
5.46859
-0.00945955
-0.00775175
-0.00632933
-0.00513937
-0.00414927
-0.00332513
-0.0026418
-0.00207532
-0.0016073
-0.00122077
-0.000903655
-0.000645286
-0.00042945
-0.00025377
-0.000107213
5.44966e-06
9.50544e-05
0.000167947
0.000219181
0.000255509
0.000276967
0.000285522
0.000282926
0.000270081
0.000247564
0.000215664
0.000174512
0.000123929
6.29971e-05
-7.58374e-06
-8.82896e-05
-0.000180607
-0.000286727
-0.000405269
-0.000537343
-0.000685785
-0.00085253
-0.0010397
-0.0012511
-0.00148638
-0.00174884
-0.0020451
-0.0023715
-0.00274911
-0.00315117
-0.00362637
-0.00413663
-0.00472399
-0.00537423
-0.00610892
-0.00693177
-0.00785786
-0.00889966
-0.0100736
-0.0113983
-0.0128959
-0.0145925
-0.0165197
-0.0187154
-0.0212258
-0.024108
-0.0274331
-0.0312905
-0.0357946
-0.0410922
-0.0473739
-0.054888
-0.0639589
-0.0750135
-0.0886143
-0.105506
-0.126672
-0.153412
-0.187441
-0.230994
-0.286968
-0.359057
-0.451875
-0.57102
-0.722943
-0.914515
-1.15194
-1.43849
-1.77023
-2.1305
-2.48524
-2.75811
-2.85092
-2.55818
-1.71577
-0.0827752
2.38386
5.4706
-0.0101906
-0.00852908
-0.00715007
-0.00599726
-0.00504241
-0.00425089
-0.00359799
-0.00306022
-0.00261916
-0.00225852
-0.00196533
-0.00172898
-0.00154029
-0.00139082
-0.00127444
-0.00118304
-0.00111503
-0.00106991
-0.00103716
-0.0010192
-0.00101392
-0.00101548
-0.00102599
-0.00104492
-0.00107195
-0.00110687
-0.00114982
-0.00120073
-0.00125728
-0.00132672
-0.00140481
-0.00149598
-0.00159458
-0.00171087
-0.00183938
-0.00198552
-0.00214966
-0.00233395
-0.0025394
-0.00277136
-0.00303071
-0.00332353
-0.00364628
-0.00402149
-0.0044199
-0.0048923
-0.00539998
-0.00598484
-0.00663205
-0.00736372
-0.00818345
-0.00910619
-0.0101444
-0.0113145
-0.012635
-0.0141278
-0.0158192
-0.0177404
-0.0199293
-0.0224319
-0.0253051
-0.0286197
-0.0324651
-0.0369553
-0.042237
-0.0485009
-0.0559949
-0.0650437
-0.0760741
-0.089649
-0.106513
-0.127652
-0.154365
-0.188369
-0.231902
-0.287862
-0.359946
-0.452772
-0.571942
-0.723913
-0.915563
-1.1531
-1.43981
-1.77174
-2.13226
-2.48744
-2.7604
-2.85196
-2.55887
-1.71599
-0.0825473
2.38419
5.47056
-0.00934573
-0.00768401
-0.00629877
-0.00514228
-0.00417951
-0.00337801
-0.00271261
-0.00216033
-0.00170315
-0.00132493
-0.00101365
-0.000756955
-0.000546312
-0.000370607
-0.000226488
-0.000112311
-2.07377e-05
5.21663e-05
0.000106195
0.00014591
0.000173007
0.000184166
0.000183548
0.000172248
0.00015089
0.000119776
7.90945e-05
2.85604e-05
-3.42376e-05
-0.000105076
-0.000186327
-0.00027896
-0.000384458
-0.000503878
-0.000636298
-0.000785356
-0.000952687
-0.00114049
-0.00135161
-0.00158764
-0.00185052
-0.00214746
-0.00247378
-0.00285291
-0.00325437
-0.00373085
-0.00424137
-0.00482938
-0.00548014
-0.00621532
-0.00703878
-0.00796542
-0.00900786
-0.0101824
-0.0115079
-0.0130061
-0.0147035
-0.0166315
-0.018828
-0.0213392
-0.0242221
-0.0275478
-0.0314057
-0.03591
-0.0412076
-0.0474889
-0.055002
-0.0640712
-0.0751232
-0.0887205
-0.105608
-0.126769
-0.153506
-0.187532
-0.231086
-0.287068
-0.359177
-0.452033
-0.571244
-0.723268
-0.914987
-1.15261
-1.43942
-1.77145
-2.13201
-2.48691
-2.75958
-2.85234
-2.55888
-1.71539
-0.0812326
2.38604
5.47251
-0.00966685
-0.00806573
-0.00673754
-0.0056309
-0.00471503
-0.00395687
-0.00333212
-0.00281821
-0.00239736
-0.00205391
-0.0017754
-0.00155176
-0.0013736
-0.00123403
-0.00112501
-0.00104138
-0.000980353
-0.000939224
-0.000912532
-0.000899669
-0.000897011
-0.000902629
-0.000916629
-0.000938422
-0.000967553
-0.00100404
-0.00104826
-0.00109966
-0.00115773
-0.00122747
-0.00130482
-0.00139595
-0.00149495
-0.00160973
-0.00173825
-0.0018836
-0.002047
-0.00223051
-0.00243578
-0.00266696
-0.00292535
-0.00321782
-0.0035392
-0.00391459
-0.00431077
-0.00478324
-0.00528967
-0.00587401
-0.00652029
-0.00725104
-0.00806988
-0.00899159
-0.0100288
-0.0111976
-0.0125167
-0.014008
-0.0156976
-0.0176167
-0.0198031
-0.0223027
-0.0251723
-0.0284824
-0.0323224
-0.0368061
-0.0420799
-0.0483342
-0.0558169
-0.0648522
-0.0758666
-0.0894229
-0.106266
-0.127381
-0.15407
-0.18805
-0.231559
-0.287502
-0.359579
-0.452419
-0.571633
-0.72369
-0.915484
-1.15324
-1.44024
-1.77255
-2.13347
-2.48901
-2.7623
-2.85353
-2.55971
-1.71569
-0.0809556
2.38652
5.47256
-0.00903069
-0.00744154
-0.00611833
-0.00501535
-0.00409726
-0.00333315
-0.00269838
-0.0021712
-0.00173425
-0.00137238
-0.00107366
-0.000826381
-0.000622633
-0.000455105
-0.000315794
-0.000203862
-0.000113857
-4.27373e-05
1.14996e-05
5.1613e-05
7.76963e-05
9.00146e-05
9.06073e-05
8.03593e-05
5.9794e-05
2.92546e-05
-1.10064e-05
-6.13533e-05
-0.000122805
-0.000193813
-0.000275133
-0.000368208
-0.000473073
-0.000592473
-0.000725216
-0.000874456
-0.00104193
-0.00122985
-0.00144048
-0.0016766
-0.00193935
-0.00223647
-0.00256205
-0.00294232
-0.00334188
-0.00381933
-0.00432905
-0.00491705
-0.00556738
-0.00630208
-0.00712511
-0.00805115
-0.00909296
-0.0102668
-0.0115913
-0.0130885
-0.0147846
-0.016711
-0.0189055
-0.0214142
-0.0242941
-0.0276158
-0.0314688
-0.0359668
-0.0412564
-0.0475278
-0.0550285
-0.0640824
-0.0751154
-0.0886897
-0.105549
-0.126679
-0.15338
-0.187367
-0.230881
-0.286828
-0.358911
-0.451762
-0.571001
-0.723104
-0.914972
-1.15284
-1.44
-1.77249
-2.13357
-2.48898
-2.76176
-2.8545
-2.56039
-1.71575
-0.0801869
2.388
5.47432
-0.00906215
-0.00754307
-0.00628355
-0.0052368
-0.00437077
-0.00365451
-0.00306448
-0.00257942
-0.00218247
-0.00185887
-0.00159691
-0.00138672
-0.00121973
-0.00108907
-0.000988963
-0.000912023
-0.000856928
-0.000820167
-0.000798164
-0.000788955
-0.000789171
-0.000797968
-0.000814698
-0.00083875
-0.000869436
-0.00090708
-0.000952268
-0.00100391
-0.00106293
-0.00113294
-0.0012099
-0.00129982
-0.00139957
-0.00151338
-0.00164148
-0.00178606
-0.00194868
-0.00213139
-0.00233613
-0.00256654
-0.00282384
-0.0031158
-0.00343551
-0.00381141
-0.00420443
-0.0046775
-0.00518184
-0.00576548
-0.00641044
-0.00713985
-0.00795736
-0.00887751
-0.00991305
-0.01108
-0.0123971
-0.013886
-0.0155728
-0.0174887
-0.0196712
-0.0221662
-0.0250302
-0.0283336
-0.0321654
-0.0366389
-0.0419004
-0.0481396
-0.0556039
-0.0646168
-0.0756042
-0.089128
-0.105933
-0.127004
-0.153643
-0.187567
-0.231018
-0.286903
-0.358933
-0.451746
-0.570969
-0.723091
-0.915027
-1.15303
-1.44042
-1.77324
-2.13476
-2.49087
-2.76471
-2.85602
-2.56156
-1.7163
-0.0799772
2.38861
5.47457
-0.0085326
-0.00704272
-0.0058038
-0.00477231
-0.00391424
-0.00320045
-0.00260741
-0.00211481
-0.00170628
-0.00136767
-0.0010876
-0.000855752
-0.000664348
-0.000506805
-0.0003765
-0.000270295
-0.000184863
-0.00011743
-6.55495e-05
-2.74232e-05
-2.89719e-06
9.10732e-06
9.69382e-06
-4.68248e-07
-2.09519e-05
-5.1428e-05
-9.16772e-05
-0.000141903
-0.000202533
-0.000273733
-0.000354769
-0.000447766
-0.000552335
-0.000671195
-0.000803952
-0.000952978
-0.00112018
-0.00130774
-0.00151764
-0.0017533
-0.00201533
-0.00231221
-0.00263623
-0.00301753
-0.00341373
-0.00389219
-0.0043999
-0.00498735
-0.00563635
-0.00636969
-0.00719131
-0.00811568
-0.00915569
-0.0103274
-0.0116496
-0.013144
-0.0148369
-0.0167595
-0.0189495
-0.0214528
-0.024326
-0.0276396
-0.0314825
-0.0359681
-0.0412424
-0.0474951
-0.0549729
-0.0639985
-0.0749971
-0.0885299
-0.10534
-0.126412
-0.153046
-0.186959
-0.230395
-0.286262
-0.358276
-0.451079
-0.570309
-0.722467
-0.914483
-1.15263
-1.44023
-1.77334
-2.13517
-2.4914
-2.76465
-2.85746
-2.56279
-1.71689
-0.0796453
2.38975
5.47607
-0.00836325
-0.0069501
-0.00577875
-0.00480669
-0.00400241
-0.0033374
-0.00278946
-0.00233893
-0.00197019
-0.00166965
-0.00142649
-0.00123131
-0.00107642
-0.000955164
-0.000863758
-0.000793447
-0.000743865
-0.000711444
-0.000693226
-0.000686838
-0.000689813
-0.000701117
-0.00071989
-0.000745658
-0.000777377
-0.000815821
-0.000861672
-0.000913346
-0.000973072
-0.00104221
-0.00111952
-0.00120851
-0.00130829
-0.00142142
-0.0015489
-0.00169267
-0.00185441
-0.00203625
-0.00224017
-0.00246974
-0.00272575
-0.00301708
-0.00333464
-0.00371142
-0.00410016
-0.00457434
-0.00507571
-0.00565839
-0.00630157
-0.00702912
-0.00784475
-0.00876272
-0.00979594
-0.0109603
-0.0122744
-0.0137599
-0.0154428
-0.0173541
-0.0195313
-0.0220199
-0.0248762
-0.0281701
-0.0319904
-0.0364497
-0.0416938
-0.0479118
-0.0553501
-0.0643309
-0.0752791
-0.0887556
-0.105504
-0.126508
-0.153069
-0.186906
-0.230262
-0.286051
-0.357992
-0.450736
-0.569932
-0.722096
-0.914178
-1.15247
-1.44032
-1.77382
-2.13616
-2.49307
-2.76763
-2.85938
-2.56439
-1.7178
-0.0796041
2.39043
5.47656
-0.00787496
-0.00650909
-0.00537456
-0.00443052
-0.00364574
-0.0029933
-0.00245133
-0.00200122
-0.00162787
-0.00131834
-0.00106211
-0.000850041
-0.000674872
-0.000530443
-0.000412433
-0.000314328
-0.000235955
-0.000174084
-0.000126545
-9.20217e-05
-6.99801e-05
-5.95343e-05
-6.0023e-05
-7.09611e-05
-9.19737e-05
-0.000122829
-0.000163477
-0.00021362
-0.000273914
-0.000344882
-0.00042569
-0.000518284
-0.000622545
-0.000740609
-0.000872979
-0.00102145
-0.00118797
-0.0013748
-0.00158367
-0.00181842
-0.00207919
-0.00237549
-0.00269709
-0.00307952
-0.00347083
-0.00395062
-0.00445508
-0.00504152
-0.00568841
-0.00641959
-0.00723895
-0.00816069
-0.00919784
-0.0103663
-0.0116848
-0.013175
-0.0148629
-0.0167797
-0.0189628
-0.0214579
-0.0243212
-0.0276227
-0.0314508
-0.0359184
-0.0411706
-0.0473963
-0.0548411
-0.0638264
-0.0747761
-0.0882497
-0.104989
-0.125978
-0.152516
-0.186321
-0.229639
-0.285386
-0.357285
-0.449997
-0.56918
-0.721368
-0.913531
-1.15198
-1.44011
-1.774
-2.1368
-2.49411
-2.76821
-2.86126
-2.56611
-1.71885
-0.0796192
2.39131
5.47777
-0.0075629
-0.00627935
-0.00521546
-0.00433309
-0.00360273
-0.00299865
-0.00250054
-0.00209067
-0.00175494
-0.00148111
-0.00125942
-0.00108136
-0.00094011
-0.00082984
-0.000745882
-0.000683187
-0.000639119
-0.000610995
-0.000596144
-0.000592301
-0.000597687
-0.000610953
-0.000631227
-0.000658264
-0.000690601
-0.000729591
-0.000775251
-0.000827365
-0.00088715
-0.000955714
-0.00103298
-0.00112122
-0.0012206
-0.00133307
-0.00145979
-0.00160267
-0.00176343
-0.00194425
-0.00214706
-0.00237563
-0.00263009
-0.00292069
-0.00323543
-0.0036135
-0.00399657
-0.00447243
-0.00496988
-0.00555125
-0.00619209
-0.00691718
-0.00773029
-0.00864537
-0.00967547
-0.0108363
-0.0121465
-0.0136275
-0.0153053
-0.0172106
-0.0193807
-0.0218609
-0.024707
-0.0279887
-0.0317939
-0.0362348
-0.0414562
-0.0476463
-0.0550504
-0.063989
-0.0748855
-0.0882993
-0.104971
-0.125885
-0.152341
-0.186057
-0.229282
-0.284934
-0.356743
-0.449379
-0.568513
-0.720696
-0.912924
-1.15154
-1.43995
-1.7743
-2.13767
-2.49568
-2.77112
-2.86358
-2.56816
-1.72016
-0.07982
2.39199
5.47849
-0.00707952
-0.00586038
-0.00484826
-0.00400637
-0.00330681
-0.00272524
-0.00224229
-0.00184127
-0.00150867
-0.00123292
-0.00100467
-0.000815844
-0.000659963
-0.000531571
-0.000426369
-0.000340252
-0.000270234
-0.000215579
-0.000173822
-0.000143971
-0.000125412
-0.000117533
-0.000119956
-0.000132402
-0.000154381
-0.000185991
-0.000227132
-0.000277513
-0.000337657
-0.000408245
-0.000488741
-0.00058072
-0.000684489
-0.000801618
-0.000933225
-0.00108083
-0.00124633
-0.00143206
-0.0016396
-0.0018731
-0.00213208
-0.00242754
-0.00274584
-0.00312971
-0.00351448
-0.00399615
-0.00449618
-0.00508114
-0.00572526
-0.00645353
-0.00726985
-0.00818807
-0.00922139
-0.0103855
-0.011699
-0.0131835
-0.0148648
-0.0167739
-0.0189479
-0.0214322
-0.0242824
-0.027568
-0.0313769
-0.0358209
-0.0410445
-0.0472352
-0.0546375
-0.0635708
-0.0744571
-0.0878543
-0.104502
-0.125382
-0.151795
-0.185458
-0.228621
-0.284205
-0.355946
-0.448522
-0.567621
-0.719814
-0.91212
-1.15091
-1.43965
-1.77448
-2.13845
-2.4971
-2.77237
-2.86591
-2.57036
-1.72164
-0.0801297
2.39268
5.47948
-0.00666171
-0.00552968
-0.00459106
-0.00381241
-0.0031674
-0.00263343
-0.00219263
-0.00182945
-0.00153155
-0.00128824
-0.00109098
-0.000932361
-0.000806467
-0.000708212
-0.000633414
-0.000578218
-0.000540012
-0.000516272
-0.000504741
-0.000503426
-0.000510984
-0.000525857
-0.000547316
-0.000574894
-0.000608013
-0.000647172
-0.000692639
-0.000744734
-0.00080434
-0.000872369
-0.000949343
-0.00103684
-0.0011356
-0.0012473
-0.00137314
-0.001515
-0.00167461
-0.00185426
-0.00205568
-0.00228305
-0.0025356
-0.0028254
-0.00313647
-0.00351634
-0.0038921
-0.00437036
-0.00486288
-0.00544253
-0.00608047
-0.00680246
-0.0076124
-0.00852384
-0.00955005
-0.0107065
-0.0120118
-0.0134872
-0.0151585
-0.0170564
-0.0192178
-0.0216876
-0.0245212
-0.0277877
-0.0315743
-0.0359924
-0.0411858
-0.0473414
-0.054703
-0.0635894
-0.0744213
-0.087756
-0.104333
-0.125132
-0.151454
-0.185019
-0.228075
-0.283549
-0.355183
-0.447667
-0.566702
-0.718882
-0.911256
-1.15023
-1.43929
-1.77465
-2.13928
-2.49869
-2.77528
-2.86864
-2.57288
-1.72337
-0.0806056
2.39328
5.48031
-0.00632477
-0.00524639
-0.00435148
-0.00360793
-0.00299076
-0.00247833
-0.00205363
-0.00170176
-0.00141096
-0.00117095
-0.000973551
-0.000811626
-0.000679478
-0.000572239
-0.000485946
-0.000417099
-0.000363228
-0.000322711
-0.000293656
-0.000274928
-0.000265804
-0.00026559
-0.000273994
-0.000290781
-0.000315568
-0.000348607
-0.000389994
-0.000439706
-0.000498238
-0.000566392
-0.000644194
-0.000732971
-0.000833416
-0.000946862
-0.00107467
-0.00121842
-0.00137986
-0.00156143
-0.00176458
-0.00199377
-0.00224776
-0.00253942
-0.00285093
-0.00323361
-0.00360785
-0.00408903
-0.00458104
-0.00516124
-0.00579931
-0.00652119
-0.00733095
-0.00824198
-0.00926767
-0.0104234
-0.0117278
-0.0132023
-0.0148724
-0.0167689
-0.0189286
-0.0213963
-0.0242273
-0.0274905
-0.0312727
-0.0356851
-0.0408709
-0.0470163
-0.054364
-0.0632313
-0.0740378
-0.0873388
-0.103872
-0.124617
-0.150873
-0.184361
-0.227333
-0.282724
-0.354289
-0.446742
-0.56582
-0.718171
-0.910917
-1.15055
-1.44067
-1.77756
-2.14409
-2.50543
-2.78163
-2.87517
-2.57327
-1.70916
-0.0387354
2.47882
5.63401
-0.00615594
-0.00510813
-0.00423912
-0.0035178
-0.00291979
-0.00242408
-0.00201416
-0.0016756
-0.00139703
-0.0011685
-0.00098216
-0.000831146
-0.000709999
-0.00061404
-0.000539444
-0.000482812
-0.00044181
-0.000414288
-0.000398342
-0.000392469
-0.000395579
-0.000406558
-0.000424812
-0.000449929
-0.000481557
-0.000519923
-0.000565252
-0.000617818
-0.000678302
-0.000747485
-0.000825894
-0.000914809
-0.0010151
-0.00112824
-0.00125551
-0.00139868
-0.00155946
-0.00174024
-0.00194254
-0.00217086
-0.00242378
-0.00271468
-0.00302455
-0.00340756
-0.00377851
-0.00426044
-0.00475019
-0.00532944
-0.00596609
-0.00668631
-0.00749432
-0.00840324
-0.00942648
-0.0105793
-0.0118802
-0.0133503
-0.0150152
-0.0169052
-0.0190568
-0.0215146
-0.0243331
-0.0275807
-0.0313434
-0.0357313
-0.0408864
-0.0469934
-0.0542933
-0.063101
-0.0738331
-0.0870413
-0.103459
-0.124063
-0.150145
-0.183423
-0.226147
-0.281248
-0.35249
-0.444601
-0.563352
-0.715452
-0.908123
-1.14802
-1.43896
-1.77758
-2.14694
-2.51239
-2.79644
-2.89302
-2.59486
-1.73065
-0.0530558
2.47818
5.64608
-0.00597665
-0.00495752
-0.00411211
-0.00341001
-0.0028275
-0.00234402
-0.0019435
-0.0016118
-0.00133783
-0.00111183
-0.000926115
-0.00077393
-0.00064991
-0.000549453
-0.000468816
-0.000404735
-0.000354994
-0.000317824
-0.000291582
-0.000275212
-0.000268027
-0.000269429
-0.000279161
-0.000296999
-0.000322686
-0.000356399
-0.000398293
-0.000448429
-0.000507235
-0.000575487
-0.000653391
-0.000742112
-0.000842483
-0.000955745
-0.0010833
-0.00122674
-0.00138778
-0.00156888
-0.00177143
-0.00200004
-0.00225307
-0.00254427
-0.00285372
-0.00323794
-0.00360657
-0.00409003
-0.0045785
-0.00515731
-0.00579324
-0.00651245
-0.00731939
-0.00822696
-0.00924867
-0.0103997
-0.0116984
-0.013166
-0.0148279
-0.0167143
-0.0188615
-0.0213138
-0.0241255
-0.0273642
-0.0311156
-0.0354886
-0.0406242
-0.0467056
-0.0539714
-0.0627337
-0.0734055
-0.0865342
-0.102848
-0.123316
-0.149227
-0.182289
-0.224746
-0.279529
-0.350404
-0.442114
-0.560467
-0.712236
-0.904759
-1.14487
-1.43668
-1.77725
-2.14995
-2.52041
-2.8108
-2.91514
-2.62334
-1.76118
-0.0767158
2.47077
5.65553
-0.0057997
-0.00481167
-0.00399248
-0.0033127
-0.00274927
-0.00228228
-0.00189616
-0.00157726
-0.00131489
-0.00109966
-0.000924178
-0.000781993
-0.000667974
-0.000577719
-0.000507635
-0.000454553
-0.000416411
-0.000390943
-0.00037652
-0.000371742
-0.000375559
-0.000386964
-0.000405387
-0.000430447
-0.00046189
-0.000499906
-0.000544735
-0.000596708
-0.000656498
-0.000724844
-0.000802377
-0.000890266
-0.000989458
-0.00110137
-0.00122732
-0.00136905
-0.00152824
-0.00170731
-0.0019077
-0.00213405
-0.00238458
-0.00267346
-0.00297968
-0.00336262
-0.00372582
-0.00420832
-0.00469247
-0.00526804
-0.00590032
-0.00661544
-0.00741811
-0.00832093
-0.00933746
-0.0104827
-0.011775
-0.0132352
-0.0148886
-0.0167653
-0.0189012
-0.0213401
-0.0241358
-0.0273553
-0.0310832
-0.0354276
-0.040528
-0.046566
-0.0537779
-0.0624728
-0.0730599
-0.0860821
-0.102262
-0.122563
-0.148265
-0.18107
-0.223215
-0.277625
-0.34807
-0.439306
-0.557176
-0.708527
-0.900824
-1.14112
-1.43384
-1.77655
-2.1531
-2.52949
-2.82795
-2.94208
-2.65902
-1.801
-0.109978
2.45656
5.66235
-0.00561625
-0.00465833
-0.003864
-0.00320462
-0.00265778
-0.00220408
-0.00182841
-0.00151743
-0.00126074
-0.00104913
-0.000875403
-0.000733209
-0.00061752
-0.000524016
-0.000449189
-0.000389985
-0.000344523
-0.000310782
-0.000287464
-0.000273552
-0.000268404
-0.000271504
-0.000282617
-0.000301543
-0.000328134
-0.000362506
-0.000404867
-0.000455357
-0.000514371
-0.000582647
-0.000660543
-0.000749104
-0.000849257
-0.000962197
-0.00108933
-0.00123227
-0.0013927
-0.00157308
-0.00177478
-0.0020025
-0.00225428
-0.00254464
-0.00285166
-0.00323725
-0.00359913
-0.00408486
-0.00456914
-0.00514575
-0.0057789
-0.00649456
-0.00729775
-0.00820078
-0.0092173
-0.0103622
-0.0116536
-0.0131125
-0.014764
-0.0166377
-0.0187696
-0.0212028
-0.0239908
-0.0271999
-0.0309138
-0.0352393
-0.0403145
-0.046319
-0.0534864
-0.0621221
-0.0726308
-0.08555
-0.101596
-0.121723
-0.147203
-0.179729
-0.221528
-0.275523
-0.34548
-0.436172
-0.553478
-0.704323
-0.896313
-1.13673
-1.4304
-1.77546
-2.15636
-2.5396
-2.84766
-2.97362
-2.70187
-1.85016
-0.152856
2.4355
5.66656
-0.00543261
-0.00450641
-0.00373873
-0.00310188
-0.00257418
-0.00213688
-0.00177538
-0.00147684
-0.00123125
-0.0010298
-0.000865591
-0.00073258
-0.000625972
-0.000541658
-0.000476279
-0.000426877
-0.00039172
-0.000368362
-0.000355511
-0.00035184
-0.000356367
-0.000368187
-0.000386769
-0.000411778
-0.000443027
-0.000480702
-0.000525054
-0.000576451
-0.000635558
-0.000703094
-0.00077975
-0.000866633
-0.000964738
-0.00107544
-0.00120008
-0.00134038
-0.00149799
-0.00167538
-0.00187387
-0.00209826
-0.00234642
-0.00263325
-0.00293581
-0.00331894
-0.00367365
-0.00415728
-0.00463572
-0.00520741
-0.00583533
-0.00654518
-0.00734239
-0.0082389
-0.00924847
-0.0103858
-0.011669
-0.0131187
-0.01476
-0.0166224
-0.0187412
-0.0211595
-0.02393
-0.0271182
-0.0308072
-0.0351024
-0.0401404
-0.0460988
-0.0532085
-0.0617714
-0.0721878
-0.0849893
-0.100885
-0.120819
-0.146055
-0.178273
-0.219692
-0.273224
-0.342636
-0.432713
-0.549372
-0.699622
-0.89122
-1.13172
-1.42635
-1.77394
-2.15969
-2.55072
-2.86991
-3.00986
-2.75199
-1.90884
-0.205564
2.4075
5.66812
-0.00524454
-0.00434968
-0.00360794
-0.00299248
-0.0024823
-0.00205919
-0.00170901
-0.00141927
-0.00118026
-0.000983392
-0.00082192
-0.000689943
-0.000582771
-0.000496379
-0.000427501
-0.000373302
-0.000332165
-0.000301952
-0.000281638
-0.000270254
-0.00026721
-0.000272052
-0.000284573
-0.000304599
-0.000332065
-0.000367064
-0.000409837
-0.000460591
-0.000519724
-0.000587932
-0.000665694
-0.000753976
-0.00085375
-0.000966204
-0.00109272
-0.00123494
-0.0013945
-0.00157391
-0.00177444
-0.00200093
-0.00225111
-0.00254017
-0.00284431
-0.00323104
-0.00358484
-0.00407285
-0.00455219
-0.00512565
-0.00575528
-0.00646636
-0.00726473
-0.00816199
-0.00917195
-0.0103091
-0.0115915
-0.0130397
-0.0146784
-0.0165368
-0.01865
-0.0210606
-0.0238204
-0.0269944
-0.0306642
-0.0349342
-0.0399387
-0.0458532
-0.0529056
-0.061394
-0.0717135
-0.0843896
-0.100123
-0.119849
-0.14482
-0.176703
-0.217706
-0.270729
-0.339538
-0.428929
-0.544858
-0.69442
-0.88554
-1.12606
-1.42168
-1.77199
-2.16308
-2.5628
-2.89467
-3.05078
-2.80946
-1.97717
-0.268235
2.37245
5.66698
-0.00504836
-0.00418701
-0.00347335
-0.00288152
-0.0023913
-0.00198517
-0.00164955
-0.00137246
-0.00114459
-0.000957771
-0.000805568
-0.000682396
-0.000583808
-0.000506004
-0.000445878
-0.000400739
-0.000368934
-0.000348239
-0.000337436
-0.000335321
-0.000340977
-0.000353591
-0.000372667
-0.000397915
-0.000429199
-0.000466714
-0.000510724
-0.000561636
-0.000620106
-0.000686848
-0.000762603
-0.000848443
-0.0009454
-0.00105482
-0.00117807
-0.00131686
-0.00147281
-0.00164841
-0.00184491
-0.00206722
-0.00231289
-0.00259751
-0.00289623
-0.00327978
-0.00362477
-0.00411018
-0.0045826
-0.00514997
-0.0057734
-0.0064776
-0.00726898
-0.00815876
-0.00916086
-0.0102896
-0.011563
-0.0130014
-0.0146295
-0.016476
-0.018576
-0.0209712
-0.0237134
-0.0268666
-0.0305112
-0.0347497
-0.0397141
-0.0455776
-0.0525643
-0.0609677
-0.0711768
-0.0837096
-0.0992574
-0.118745
-0.143409
-0.174905
-0.215424
-0.267854
-0.335954
-0.424532
-0.539587
-0.688311
-0.878821
-1.1193
-1.41599
-1.7694
-2.16675
-2.57682
-2.92401
-3.09991
-2.87936
-2.06135
-0.346661
2.32712
5.66308
-0.00484174
-0.00401496
-0.00333001
-0.00276194
-0.00229131
-0.0019012
-0.00157851
-0.00131166
-0.00109169
-0.00091065
-0.000762322
-0.000641265
-0.000543155
-0.000464287
-0.000401657
-0.000352686
-0.000315886
-0.000289285
-0.000271941
-0.000263016
-0.000261981
-0.000268452
-0.000282257
-0.000303271
-0.000331489
-0.000367017
-0.000410114
-0.000461041
-0.000520218
-0.000588296
-0.000665847
-0.000753781
-0.000853086
-0.00096495
-0.00109072
-0.00123204
-0.00139053
-0.00156868
-0.00176775
-0.00199265
-0.00224081
-0.00252812
-0.00282871
-0.00321661
-0.00355999
-0.00405079
-0.00452407
-0.00509305
-0.00571808
-0.00642306
-0.00721499
-0.00810458
-0.00910579
-0.0102327
-0.0115031
-0.0129371
-0.0145589
-0.016397
-0.0184857
-0.0208668
-0.0235913
-0.0267222
-0.0303388
-0.0345418
-0.039461
-0.0452665
-0.0521786
-0.060485
-0.070568
-0.0829368
-0.0982717
-0.117484
-0.141795
-0.172842
-0.212797
-0.264531
-0.331796
-0.419408
-0.533411
-0.681109
-0.870834
-1.11116
-1.409
-1.76591
-2.17057
-2.59295
-2.95866
-3.1588
-2.96439
-2.16519
-0.44496
2.26836
5.65472
-0.00463309
-0.00384172
-0.00318638
-0.00264315
-0.0021934
-0.00182093
-0.00151325
-0.00125932
-0.00105057
-0.000879511
-0.000740218
-0.000627576
-0.000537511
-0.00046655
-0.000411857
-0.000371002
-0.000342454
-0.000324205
-0.000315157
-0.000314245
-0.00032065
-0.000333677
-0.000352895
-0.000378074
-0.000409141
-0.000446292
-0.000489815
-0.000540139
-0.000597895
-0.0006638
-0.000738617
-0.000823385
-0.000919168
-0.00102729
-0.00114912
-0.00128638
-0.00144067
-0.0016145
-0.00180904
-0.00202929
-0.00227249
-0.00255495
-0.00284966
-0.00323438
-0.0035678
-0.00405655
-0.00452276
-0.00508551
-0.00570458
-0.00640294
-0.00718837
-0.00807114
-0.00906541
-0.0101852
-0.0114483
-0.0128744
-0.0144873
-0.0163149
-0.0183912
-0.020757
-0.0234626
-0.02657
-0.0301571
-0.0343225
-0.0391936
-0.0449377
-0.0517705
-0.0599739
-0.0699226
-0.0821165
-0.0972237
-0.116141
-0.140073
-0.170636
-0.20998
-0.26096
-0.327312
-0.413861
-0.526697
-0.673237
-0.862046
-1.10212
-1.40109
-1.76168
-2.17422
-2.61014
-2.99648
-3.22403
-3.05963
-2.28286
-0.557687
2.19948
5.64231
-0.00442126
-0.00366548
-0.00303973
-0.00252105
-0.00209162
-0.00173587
-0.00144181
-0.00119883
-0.00099871
-0.000834212
-0.000699644
-0.000590051
-0.0005015
-0.000430625
-0.000374705
-0.00033142
-0.000299417
-0.00027688
-0.00026298
-0.000256965
-0.000258358
-0.000266819
-0.000282203
-0.000304424
-0.000333519
-0.000369627
-0.000413024
-0.000464023
-0.000523084
-0.000590834
-0.000667919
-0.000755224
-0.000853743
-0.000964668
-0.00108931
-0.00122931
-0.00138623
-0.00156259
-0.00175955
-0.00198218
-0.00222755
-0.00251227
-0.00280829
-0.00319691
-0.00352705
-0.00402078
-0.00448661
-0.00504924
-0.00566817
-0.00636511
-0.00714853
-0.00802814
-0.00901823
-0.0101327
-0.0113894
-0.0128079
-0.0144117
-0.0162285
-0.0182917
-0.0206415
-0.0233273
-0.0264101
-0.029966
-0.0340918
-0.0389123
-0.0445914
-0.0513405
-0.0594349
-0.0692413
-0.0812494
-0.0961145
-0.114717
-0.138243
-0.168288
-0.206977
-0.257141
-0.322503
-0.407893
-0.519445
-0.664692
-0.852446
-1.09215
-1.39222
-1.75663
-2.17762
-2.62828
-3.03738
-3.29561
-3.16525
-2.41476
-0.685409
2.12018
5.62558
-0.00420747
-0.00348795
-0.00289247
-0.0023991
-0.00199088
-0.00165296
-0.00137396
-0.00114381
-0.000954722
-0.000799865
-0.000673871
-0.000572096
-0.000490848
-0.000426977
-0.000377925
-0.000341508
-0.000316345
-0.00030063
-0.000293411
-0.000293759
-0.000300967
-0.000314457
-0.000333874
-0.00035905
-0.000389972
-0.000426844
-0.000469976
-0.000519813
-0.000576964
-0.00064214
-0.000716122
-0.000799916
-0.000894606
-0.0010015
-0.00112198
-0.00125777
-0.00141047
-0.00158263
-0.00177534
-0.00199369
-0.00223461
-0.00251505
-0.00280597
-0.00319247
-0.0035129
-0.00400651
-0.00446691
-0.00502483
-0.00563987
-0.00633231
-0.00711143
-0.00798629
-0.00897116
-0.0100796
-0.0113295
-0.0127398
-0.0143341
-0.0161394
-0.0181887
-0.0205217
-0.0231866
-0.0262434
-0.0297665
-0.0338506
-0.0386176
-0.0442284
-0.0508892
-0.0588686
-0.0685247
-0.0803364
-0.0949453
-0.113214
-0.136309
-0.165801
-0.203788
-0.253077
-0.317373
-0.401506
-0.511653
-0.65547
-0.842021
-1.08123
-1.38235
-1.7507
-2.18063
-2.64724
-3.08124
-3.37322
-3.28139
-2.56134
-0.828801
2.03021
5.60425
-0.0039906
-0.00330754
-0.00274238
-0.0022742
-0.00188688
-0.00156621
-0.00130138
-0.00108274
-0.000902857
-0.000755194
-0.000634614
-0.000536662
-0.00045781
-0.000395041
-0.000345932
-0.000308402
-0.000281282
-0.000262854
-0.000252447
-0.000249374
-0.000253206
-0.000263641
-0.000280559
-0.000303914
-0.000333779
-0.000370332
-0.000413867
-0.000464748
-0.000523476
-0.000590672
-0.000667036
-0.000753453
-0.000850922
-0.000960638
-0.00108388
-0.00122228
-0.00137733
-0.00155153
-0.00174596
-0.00196579
-0.00220783
-0.00248926
-0.00278011
-0.00316905
-0.00348335
-0.00398061
-0.00443849
-0.00499362
-0.00560621
-0.00629496
-0.00707012
-0.00794027
-0.0089198
-0.0100221
-0.0112647
-0.0126666
-0.0142508
-0.0160442
-0.0180791
-0.0203945
-0.0230377
-0.0260673
-0.0295562
-0.0335968
-0.038308
-0.0438473
-0.0504158
-0.0582745
-0.0677728
-0.079378
-0.0937166
-0.111633
-0.134272
-0.163176
-0.200418
-0.248773
-0.311924
-0.394702
-0.503323
-0.645565
-0.83076
-1.06934
-1.37142
-1.74381
-2.18314
-2.6669
-3.12796
-3.45762
-3.40845
-2.72313
-0.989003
1.9296
5.57792
-0.00377256
-0.00312658
-0.00259237
-0.00215002
-0.00178431
-0.00148176
-0.00123215
-0.00102638
-0.000857459
-0.00071925
-0.000606925
-0.000516325
-0.000444139
-0.000387553
-0.000344296
-0.000312436
-0.000290726
-0.000277612
-0.000272272
-0.000273926
-0.000281984
-0.000295986
-0.000315664
-0.000340918
-0.000371789
-0.000408495
-0.000451365
-0.000500856
-0.000557561
-0.000622177
-0.000695491
-0.000778481
-0.000872229
-0.000978017
-0.00109723
-0.00123161
-0.00138274
-0.00155323
-0.00174416
-0.00196068
-0.00219946
-0.00247791
-0.00276524
-0.00315377
-0.00345901
-0.0039586
-0.00441285
-0.00496423
-0.00557393
-0.00625865
-0.00702965
-0.00789491
-0.00886892
-0.00996474
-0.0111999
-0.012593
-0.0141668
-0.0159478
-0.0179677
-0.0202646
-0.0228852
-0.0258864
-0.0293396
-0.0333348
-0.0379875
-0.0434519
-0.0499236
-0.0576559
-0.0669886
-0.0783769
-0.0924315
-0.109977
-0.132135
-0.160418
-0.196869
-0.24423
-0.306159
-0.387482
-0.494452
-0.634971
-0.818643
-1.05643
-1.35937
-1.73585
-2.18495
-2.68696
-3.17705
-3.54536
-3.54617
-2.90066
-1.1648
1.81546
5.54517
-0.00355056
-0.00294168
-0.00243831
-0.00202155
-0.00167709
-0.0013921
-0.00115696
-0.000963033
-0.000803705
-0.000673152
-0.000566808
-0.000480721
-0.000411771
-0.000357292
-0.00031516
-0.000283554
-0.000261353
-0.000247161
-0.00024032
-0.000240233
-0.00024652
-0.000258913
-0.000277316
-0.00030172
-0.000332234
-0.000369071
-0.000412552
-0.000463089
-0.000521216
-0.000587564
-0.000662878
-0.000748055
-0.000844106
-0.000952241
-0.00107374
-0.00121022
-0.00136314
-0.00153498
-0.00172669
-0.00194342
-0.0021818
-0.00245951
-0.00274512
-0.0031345
-0.00343086
-0.0039337
-0.0043847
-0.00493219
-0.00553897
-0.00621951
-0.00698617
-0.00784633
-0.00881456
-0.00990367
-0.0111311
-0.012515
-0.014078
-0.015846
-0.0178503
-0.0201282
-0.0227252
-0.025697
-0.0291131
-0.0330609
-0.0376528
-0.0430394
-0.0494105
-0.0570114
-0.0661719
-0.0773346
-0.0910932
-0.108252
-0.129906
-0.157541
-0.193162
-0.239478
-0.30012
-0.379903
-0.485122
-0.623801
-0.805831
-1.04273
-1.34653
-1.72727
-2.1867
-2.70847
-3.23042
-3.64438
-3.69494
-3.09277
-1.35242
1.69061
5.51717
-0.00332934
-0.00275885
-0.00228755
-0.00189755
-0.00157543
-0.00130909
-0.00108953
-0.000908644
-0.000760262
-0.000638962
-0.000540487
-0.000461174
-0.00039812
-0.000348857
-0.000311415
-0.000284126
-0.000265848
-0.000255334
-0.000251873
-0.000254833
-0.000263757
-0.0002783
-0.000298291
-0.000323693
-0.000354606
-0.000391265
-0.000434016
-0.000483326
-0.000539779
-0.000604054
-0.000676943
-0.000759394
-0.000852476
-0.000957447
-0.00107566
-0.00120882
-0.00135847
-0.0015272
-0.00171605
-0.0019303
-0.0021665
-0.00244232
-0.00272561
-0.00311543
-0.0034019
-0.00390823
-0.00435602
-0.00489918
-0.00550282
-0.00617887
-0.00694083
-0.00779548
-0.00875745
-0.00983928
-0.0110583
-0.0124323
-0.0139836
-0.0157377
-0.0177251
-0.0199824
-0.022554
-0.0254943
-0.0288705
-0.0327676
-0.037294
-0.0425967
-0.0488593
-0.0563186
-0.0652941
-0.0762141
-0.0896541
-0.106395
-0.127504
-0.154432
-0.189146
-0.234313
-0.293526
-0.371584
-0.474806
-0.611334
-0.791334
-1.02688
-1.33105
-1.71563
-2.18519
-2.72732
-3.28262
-3.74397
-3.85785
-3.31055
-1.57507
1.53736
5.45148
-0.00310397
-0.00256901
-0.00212746
-0.00176231
-0.00146102
-0.00121205
-0.00100702
-0.000838224
-0.000699875
-0.000586851
-0.000495145
-0.000421304
-0.000362609
-0.000316737
-0.000281863
-0.000256446
-0.000239362
-0.000229573
-0.000226437
-0.000229438
-0.00023824
-0.00025261
-0.000272478
-0.000297867
-0.000328926
-0.000365902
-0.000409144
-0.00045911
-0.000516366
-0.000581553
-0.000655456
-0.000738978
-0.000833152
-0.000939195
-0.00105839
-0.0011924
-0.00134264
-0.00151166
-0.00170037
-0.00191399
-0.00214904
-0.00242337
-0.00270457
-0.00309484
-0.00337068
-0.00388127
-0.00432635
-0.0048652
-0.00546602
-0.0061379
-0.00689555
-0.00774515
-0.00870144
-0.00977664
-0.010988
-0.0123531
-0.0138937
-0.0156351
-0.0176073
-0.0198459
-0.0223945
-0.025306
-0.0286462
-0.0324975
-0.0369654
-0.0421937
-0.048358
-0.0556863
-0.0644893
-0.075183
-0.0883256
-0.104677
-0.125279
-0.151551
-0.185426
-0.229532
-0.287433
-0.363918
-0.465339
-0.599965
-0.778249
-1.01284
-1.31782
-1.70673
-2.18694
-2.75027
-3.34036
-3.84663
-4.0203
-3.51714
-1.77062
1.4064
5.43295
-0.000934796
-0.000700648
-0.000505979
-0.000344265
-0.000209861
-9.83039e-05
-5.75229e-06
7.08562e-05
0.000134134
0.000186176
0.00022876
0.000263338
0.000291107
0.000313066
0.000330016
0.000342625
0.000351394
0.000356798
0.000359132
0.000358645
0.000355513
0.000349864
0.000341757
0.000331195
0.000318129
0.000302451
0.000284008
0.000262595
0.000237956
0.00020979
0.000177748
0.000141407
0.000100299
5.38482e-05
1.48807e-06
-5.76217e-05
-0.000123995
-0.000199155
-0.000282831
-0.00037899
-0.000482526
-0.000609664
-0.000725505
-0.000933403
-0.000992102
-0.00127787
-0.00146253
-0.00170759
-0.00198118
-0.00228473
-0.0026295
-0.00301543
-0.00345091
-0.00394061
-0.00449287
-0.00511629
-0.00582047
-0.00661695
-0.0075194
-0.00854406
-0.00971043
-0.0110422
-0.0125685
-0.0143251
-0.0163565
-0.0187342
-0.0215386
-0.0248622
-0.0288375
-0.0336447
-0.0395239
-0.0468008
-0.0559211
-0.0674912
-0.0823361
-0.101579
-0.126743
-0.15988
-0.203719
-0.261826
-0.338739
-0.439999
-0.571881
-0.740639
-0.950262
-1.19931
-1.46104
-1.70223
-1.76867
-1.279
0.544097
1.19848
5.34311
596.413
596.413
596.413
596.414
596.414
596.414
596.414
596.414
596.414
596.414
596.414
596.414
596.414
596.414
596.414
596.414
596.414
596.414
596.414
596.414
596.414
596.414
596.414
596.414
596.414
596.414
596.414
596.414
596.414
596.414
596.414
596.414
596.414
596.414
596.414
596.414
596.414
596.414
596.414
596.413
596.413
596.413
596.413
596.413
596.413
596.413
596.412
596.412
596.412
596.412
596.411
596.411
596.411
596.41
596.41
596.409
596.409
596.408
596.407
596.406
596.405
596.404
596.402
596.401
596.399
596.397
596.394
596.391
596.388
596.384
596.379
596.372
596.364
596.354
596.341
596.324
596.302
596.273
596.234
596.182
596.114
596.022
595.902
595.746
595.549
595.311
595.048
594.795
594.688
594.994
596.274
597.136
600.092
-0.000211693
-0.000185706
-0.000162875
-0.000142828
-0.000125234
-0.000109803
-9.62809e-05
-8.44404e-05
-7.40753e-05
-6.50112e-05
-5.70947e-05
-5.01909e-05
-4.41808e-05
-3.89601e-05
-3.44422e-05
-3.05552e-05
-2.72179e-05
-2.43765e-05
-2.19839e-05
-1.99983e-05
-1.83846e-05
-1.71144e-05
-1.61654e-05
-1.55213e-05
-1.51707e-05
-1.51079e-05
-1.5332e-05
-1.58469e-05
-1.66617e-05
-1.77911e-05
-1.92519e-05
-2.10753e-05
-2.32782e-05
-2.59282e-05
-2.90076e-05
-3.27022e-05
-3.67931e-05
-4.19515e-05
-4.69767e-05
-5.47921e-05
-5.91605e-05
-7.49629e-05
-6.599e-05
-0.000134663
-3.13249e-05
-0.000144312
-0.000131583
-0.000153523
-0.000177944
-0.000201013
-0.000230997
-0.000263146
-0.000300978
-0.00034363
-0.000392623
-0.000448431
-0.000512201
-0.00058493
-0.000667882
-0.000762426
-0.000870172
-0.000992985
-0.00113309
-0.00129313
-0.00147623
-0.00168603
-0.00192666
-0.00220273
-0.00251929
-0.0028819
-0.00329677
-0.00377078
-0.00431183
-0.00492886
-0.00563177
-0.006432
-0.00734166
-0.00837387
-0.00954273
-0.0108615
-0.0123442
-0.0140028
-0.0158483
-0.0178943
-0.0201533
-0.0226758
-0.0254756
-0.0287839
-0.027122
0.01086
0.150135
-0.0936943
-0.199528
-0.000211702
-0.000185773
-0.000162994
-0.000142993
-0.000125439
-0.000110041
-9.65424e-05
-8.4718e-05
-7.43705e-05
-6.5324e-05
-5.74245e-05
-5.05364e-05
-4.45407e-05
-3.93327e-05
-3.48275e-05
-3.09507e-05
-2.76221e-05
-2.47885e-05
-2.24026e-05
-2.04227e-05
-1.88136e-05
-1.75471e-05
-1.6601e-05
-1.59589e-05
-1.56096e-05
-1.55472e-05
-1.57709e-05
-1.62844e-05
-1.70968e-05
-1.82226e-05
-1.96785e-05
-2.14956e-05
-2.369e-05
-2.63307e-05
-2.93962e-05
-3.30796e-05
-3.71506e-05
-4.23119e-05
-4.72828e-05
-5.51551e-05
-5.93111e-05
-7.55543e-05
-6.51913e-05
-0.000134674
-2.95639e-05
-0.000144
-0.000131971
-0.000153399
-0.000177888
-0.000200833
-0.000230734
-0.000262768
-0.000300478
-0.000342985
-0.000391816
-0.000447437
-0.000510994
-0.000583478
-0.000666151
-0.000760375
-0.000867752
-0.000990142
-0.00112976
-0.00128925
-0.00147172
-0.0016808
-0.00192059
-0.00219565
-0.00251103
-0.00287226
-0.0032855
-0.0037576
-0.00429641
-0.00491079
-0.0056106
-0.00640714
-0.00731246
-0.00833958
-0.00950259
-0.0108147
-0.01229
-0.0139411
-0.0157794
-0.0178196
-0.0200759
-0.0225983
-0.0254002
-0.0287532
-0.0322519
-0.0407714
-0.0513798
-0.0544062
-0.0235931
-0.000211451
-0.00018558
-0.00016285
-0.000142889
-0.000125369
-0.00011
-9.65263e-05
-8.47225e-05
-7.43908e-05
-6.53564e-05
-5.74659e-05
-5.05845e-05
-4.45937e-05
-3.93891e-05
-3.48851e-05
-3.10103e-05
-2.76825e-05
-2.48492e-05
-2.24634e-05
-2.04833e-05
-1.88741e-05
-1.76074e-05
-1.6661e-05
-1.60188e-05
-1.56695e-05
-1.56074e-05
-1.58316e-05
-1.63462e-05
-1.71601e-05
-1.82881e-05
-1.97468e-05
-2.15678e-05
-2.37666e-05
-2.64138e-05
-2.94851e-05
-3.31798e-05
-3.72502e-05
-4.24298e-05
-4.73826e-05
-5.53298e-05
-5.93543e-05
-7.59642e-05
-6.47455e-05
-0.000134452
-2.67955e-05
-0.000143247
-0.00013283
-0.000153513
-0.000178235
-0.000201183
-0.000231137
-0.000263227
-0.000300998
-0.000343578
-0.000392489
-0.000448203
-0.000511866
-0.00058447
-0.000667278
-0.000761655
-0.000869203
-0.000991783
-0.00113161
-0.00129133
-0.00147405
-0.00168339
-0.00192346
-0.00219883
-0.00251453
-0.00287608
-0.00328962
-0.00376199
-0.00430099
-0.00491547
-0.0056152
-0.00641152
-0.00731642
-0.00834292
-0.00950522
-0.0108168
-0.0122922
-0.013945
-0.0157886
-0.0178408
-0.0201211
-0.0226902
-0.0255785
-0.0291325
-0.0330289
-0.0429176
-0.0590929
-0.0877859
-0.140121
-0.000210928
-0.000185124
-0.00016245
-0.000142537
-0.000125058
-0.000109724
-9.628e-05
-8.45021e-05
-7.41929e-05
-6.51784e-05
-5.73053e-05
-5.04391e-05
-4.44615e-05
-3.92685e-05
-3.4775e-05
-3.09086e-05
-2.75882e-05
-2.47612e-05
-2.23806e-05
-2.04048e-05
-1.87989e-05
-1.75347e-05
-1.659e-05
-1.59487e-05
-1.55994e-05
-1.55364e-05
-1.57588e-05
-1.62705e-05
-1.70805e-05
-1.82034e-05
-1.96555e-05
-2.14689e-05
-2.36581e-05
-2.62949e-05
-2.93526e-05
-3.30353e-05
-3.70888e-05
-4.22656e-05
-4.71785e-05
-5.51526e-05
-5.90474e-05
-7.58742e-05
-6.41864e-05
-0.00013347
-2.2232e-05
-0.000141283
-0.000133229
-0.000152819
-0.00017771
-0.000200545
-0.000230413
-0.000262409
-0.000300064
-0.000342517
-0.00039128
-0.000446827
-0.000510296
-0.000582679
-0.000665233
-0.000759319
-0.000866532
-0.000988726
-0.00112811
-0.00128731
-0.00146944
-0.0016781
-0.00191737
-0.00219181
-0.00250641
-0.00286666
-0.00327867
-0.00374921
-0.00428607
-0.004898
-0.00559476
-0.00638753
-0.00728826
-0.00830991
-0.00946664
-0.010772
-0.0122408
-0.0138872
-0.0157255
-0.0177752
-0.0200583
-0.0226385
-0.0255485
-0.029128
-0.0330723
-0.0415281
-0.0519158
-0.0545676
-0.0574534
-0.000210472
-0.000184742
-0.000162131
-0.000142272
-0.000124839
-0.000109543
-9.61321e-05
-8.43818e-05
-7.40957e-05
-6.51006e-05
-5.72437e-05
-5.03911e-05
-4.44248e-05
-3.92411e-05
-3.47554e-05
-3.08958e-05
-2.75809e-05
-2.47584e-05
-2.23818e-05
-2.04092e-05
-1.8806e-05
-1.75442e-05
-1.66016e-05
-1.59622e-05
-1.56146e-05
-1.55533e-05
-1.57775e-05
-1.62911e-05
-1.71029e-05
-1.8228e-05
-1.96824e-05
-2.14984e-05
-2.36902e-05
-2.63302e-05
-2.93899e-05
-3.30768e-05
-3.71257e-05
-4.23088e-05
-4.72059e-05
-5.5216e-05
-5.90407e-05
-7.6001e-05
-6.42366e-05
-0.000132474
-1.67218e-05
-0.000139044
-0.000134285
-0.000152611
-0.000177764
-0.000200563
-0.000230426
-0.000262429
-0.000300078
-0.000342533
-0.000391294
-0.00044684
-0.000510307
-0.000582687
-0.000665237
-0.000759315
-0.000866518
-0.000988698
-0.00112806
-0.00128723
-0.00146932
-0.00167791
-0.00191709
-0.00219139
-0.0025058
-0.00286579
-0.00327745
-0.00374752
-0.00428375
-0.00489487
-0.00559056
-0.006382
-0.00728111
-0.00830082
-0.00945538
-0.0107586
-0.0122256
-0.0138714
-0.0157119
-0.017769
-0.0200689
-0.022682
-0.0256531
-0.0293734
-0.0336297
-0.0431357
-0.0566384
-0.0798053
-0.107911
-0.000209888
-0.000184237
-0.000161695
-0.000141893
-0.000124509
-0.000109256
-9.58811e-05
-8.41621e-05
-7.3903e-05
-6.49308e-05
-5.70937e-05
-5.0258e-05
-4.43062e-05
-3.91348e-05
-3.46594e-05
-3.08084e-05
-2.75008e-05
-2.46842e-05
-2.23123e-05
-2.03435e-05
-1.87431e-05
-1.74831e-05
-1.65414e-05
-1.5902e-05
-1.55537e-05
-1.54907e-05
-1.57124e-05
-1.62225e-05
-1.703e-05
-1.81498e-05
-1.95979e-05
-2.14066e-05
-2.35898e-05
-2.62208e-05
-2.92695e-05
-3.2947e-05
-3.69835e-05
-4.21614e-05
-4.70326e-05
-5.50494e-05
-5.88174e-05
-7.57947e-05
-6.42642e-05
-0.000130718
-9.20938e-06
-0.000135625
-0.000135116
-0.000151965
-0.000177342
-0.000200049
-0.000229836
-0.000261772
-0.000299327
-0.000341685
-0.000390329
-0.000445744
-0.000509059
-0.000581266
-0.000663616
-0.000757465
-0.000864405
-0.000986281
-0.00112529
-0.00128406
-0.00146567
-0.00167371
-0.00191223
-0.00218577
-0.00249928
-0.00285818
-0.00326855
-0.0037371
-0.00427151
-0.00488047
-0.00557359
-0.006362
-0.00725754
-0.0082731
-0.00942298
-0.0107211
-0.0121829
-0.0138241
-0.0156615
-0.0177192
-0.0200263
-0.0226569
-0.0256627
-0.0294354
-0.0337608
-0.0422486
-0.0523564
-0.0585353
-0.0731198
-0.000209288
-0.000183725
-0.000161256
-0.000141519
-0.000124189
-0.000108983
-9.56488e-05
-8.39643e-05
-7.37346e-05
-6.47878e-05
-5.69723e-05
-5.01551e-05
-4.42193e-05
-3.90614e-05
-3.45978e-05
-3.07569e-05
-2.74578e-05
-2.46487e-05
-2.2283e-05
-2.03196e-05
-1.87237e-05
-1.74675e-05
-1.6529e-05
-1.58923e-05
-1.55461e-05
-1.54849e-05
-1.57078e-05
-1.62187e-05
-1.70267e-05
-1.81464e-05
-1.95939e-05
-2.14016e-05
-2.35829e-05
-2.62114e-05
-2.92557e-05
-3.29288e-05
-3.69548e-05
-4.2128e-05
-4.69819e-05
-5.50008e-05
-5.87465e-05
-7.56529e-05
-6.46518e-05
-0.000128466
-3.84147e-08
-0.000131324
-0.000136214
-0.000151482
-0.000177097
-0.00019973
-0.000229458
-0.000261349
-0.000298832
-0.000341121
-0.000389679
-0.000444998
-0.000508202
-0.000580282
-0.000662485
-0.000756166
-0.000862911
-0.000984563
-0.00112331
-0.00128178
-0.00146303
-0.00167065
-0.00190868
-0.00218163
-0.00249441
-0.00285246
-0.00326179
-0.00372909
-0.00426201
-0.00486918
-0.00556019
-0.00634607
-0.00723864
-0.00825076
-0.00939678
-0.0106907
-0.0121485
-0.0137866
-0.0156229
-0.0176834
-0.0200006
-0.0226528
-0.0257002
-0.0295514
-0.0340359
-0.0429947
-0.0545158
-0.0737053
-0.0901068
-0.000208612
-0.000183141
-0.000160753
-0.000141083
-0.000123812
-0.000108657
-9.53654e-05
-8.3718e-05
-7.35201e-05
-6.46004e-05
-5.68082e-05
-5.00109e-05
-4.40919e-05
-3.89484e-05
-3.44968e-05
-3.0666e-05
-2.73754e-05
-2.45732e-05
-2.22133e-05
-2.02543e-05
-1.86618e-05
-1.74082e-05
-1.64713e-05
-1.58353e-05
-1.54891e-05
-1.54271e-05
-1.56485e-05
-1.61573e-05
-1.69623e-05
-1.80783e-05
-1.95214e-05
-2.1324e-05
-2.34993e-05
-2.61215e-05
-2.91582e-05
-3.28246e-05
-3.68412e-05
-4.20076e-05
-4.68458e-05
-5.4855e-05
-5.8603e-05
-7.53545e-05
-6.51545e-05
-0.000125275
1.15592e-05
-0.000125618
-0.000137255
-0.000150893
-0.000176725
-0.000199276
-0.00022893
-0.00026076
-0.000298154
-0.000340353
-0.0003888
-0.000443996
-0.000507057
-0.000578974
-0.00066099
-0.000754456
-0.000860953
-0.00098232
-0.00112074
-0.00127882
-0.00145963
-0.00166673
-0.00190415
-0.00217636
-0.00248828
-0.00284529
-0.00325339
-0.00371923
-0.0042504
-0.00485552
-0.00554409
-0.0063271
-0.00721633
-0.00822461
-0.00936632
-0.0106557
-0.0121089
-0.0137431
-0.0155775
-0.0176398
-0.0199654
-0.0226361
-0.0257197
-0.029629
-0.0342112
-0.0427186
-0.0525426
-0.0615279
-0.0766499
-0.00020789
-0.000182519
-0.000160216
-0.000140621
-0.000123414
-0.000108313
-9.50689e-05
-8.34623e-05
-7.32996e-05
-6.44103e-05
-5.66442e-05
-4.98695e-05
-4.397e-05
-3.88431e-05
-3.44059e-05
-3.05874e-05
-2.73073e-05
-2.4514e-05
-2.21616e-05
-2.02088e-05
-1.86214e-05
-1.73718e-05
-1.6438e-05
-1.58042e-05
-1.54593e-05
-1.53978e-05
-1.56188e-05
-1.61264e-05
-1.69293e-05
-1.80424e-05
-1.94814e-05
-2.1279e-05
-2.3448e-05
-2.60628e-05
-2.90902e-05
-3.27463e-05
-3.67493e-05
-4.19035e-05
-4.67253e-05
-5.47125e-05
-5.84832e-05
-7.4998e-05
-6.5849e-05
-0.000120947
2.60435e-05
-0.000118232
-0.000138235
-0.000150286
-0.000176307
-0.000198774
-0.000228343
-0.000260105
-0.000297397
-0.000339494
-0.000387817
-0.000442875
-0.000505776
-0.000577509
-0.000659315
-0.000752539
-0.000858759
-0.000979807
-0.00111786
-0.00127552
-0.00145583
-0.00166236
-0.00189909
-0.00217051
-0.00248147
-0.00283735
-0.00324411
-0.00370836
-0.00423766
-0.00484057
-0.00552654
-0.00630651
-0.00719221
-0.00819645
-0.00933366
-0.0106182
-0.0120667
-0.0136968
-0.0155288
-0.0175923
-0.0199254
-0.0226128
-0.0257294
-0.0296884
-0.0343569
-0.0428042
-0.052916
-0.0685502
-0.082985
-0.000207109
-0.000181844
-0.000159632
-0.000140116
-0.000122976
-0.000107934
-9.474e-05
-8.31767e-05
-7.30512e-05
-6.41938e-05
-5.64552e-05
-4.9704e-05
-4.38245e-05
-3.87149e-05
-3.42924e-05
-3.04862e-05
-2.72167e-05
-2.44322e-05
-2.20872e-05
-2.01406e-05
-1.85581e-05
-1.73124e-05
-1.63816e-05
-1.57499e-05
-1.54063e-05
-1.53453e-05
-1.55661e-05
-1.60726e-05
-1.68737e-05
-1.79841e-05
-1.94196e-05
-2.12127e-05
-2.33761e-05
-2.59842e-05
-2.9003e-05
-3.26498e-05
-3.66406e-05
-4.17818e-05
-4.65899e-05
-5.45467e-05
-5.83616e-05
-7.45679e-05
-6.67101e-05
-0.000115108
4.40627e-05
-0.000108695
-0.000139027
-0.000149659
-0.000175836
-0.000198217
-0.000227691
-0.000259376
-0.000296556
-0.000338539
-0.000386724
-0.000441628
-0.00050435
-0.00057588
-0.000657451
-0.000750408
-0.00085632
-0.000977016
-0.00111466
-0.00127185
-0.00145162
-0.00165751
-0.0018935
-0.00216404
-0.00247396
-0.00282861
-0.00323392
-0.00369645
-0.00422374
-0.00482429
-0.0055075
-0.00628425
-0.00716623
-0.00816623
-0.00929871
-0.0105782
-0.0120216
-0.0136473
-0.0154767
-0.0175408
-0.0198802
-0.0225825
-0.0257286
-0.0297282
-0.0344668
-0.0427516
-0.0523199
-0.0632333
-0.0779174
-0.000206275
-0.000181122
-0.000159008
-0.000139575
-0.000122508
-0.000107528
-9.43884e-05
-8.28719e-05
-7.27868e-05
-6.39644e-05
-5.62559e-05
-4.95307e-05
-4.36736e-05
-3.85832e-05
-3.41771e-05
-3.03849e-05
-2.71273e-05
-2.43529e-05
-2.20161e-05
-2.00762e-05
-1.84991e-05
-1.72575e-05
-1.63296e-05
-1.56998e-05
-1.5357e-05
-1.52958e-05
-1.55155e-05
-1.60201e-05
-1.68183e-05
-1.7925e-05
-1.93558e-05
-2.11431e-05
-2.32995e-05
-2.58995e-05
-2.89085e-05
-3.25443e-05
-3.6522e-05
-4.16477e-05
-4.64432e-05
-5.43606e-05
-5.82387e-05
-7.40701e-05
-6.77299e-05
-0.000107294
-0.000246822
-0.000101221
-0.000139604
-0.000149015
-0.000175311
-0.000197604
-0.000226975
-0.000258573
-0.000295631
-0.000337488
-0.000385521
-0.000440255
-0.000502781
-0.000574086
-0.000655401
-0.000748063
-0.000853638
-0.000973946
-0.00111115
-0.00126782
-0.001447
-0.0016522
-0.00188738
-0.00215696
-0.00246576
-0.00281907
-0.00322282
-0.00368352
-0.00420865
-0.00480669
-0.00548698
-0.00626033
-0.0071384
-0.00813394
-0.00926148
-0.0105357
-0.0119738
-0.0135948
-0.015421
-0.017485
-0.0198298
-0.0225449
-0.025717
-0.0297487
-0.0345436
-0.0426728
-0.0519652
-0.0648709
-0.0783118
-0.000205385
-0.000180351
-0.000158339
-0.000138995
-0.000122005
-0.000107092
-9.40094e-05
-8.25424e-05
-7.25001e-05
-6.37145e-05
-5.60379e-05
-4.93401e-05
-4.35066e-05
-3.84364e-05
-3.40479e-05
-3.02705e-05
-2.70256e-05
-2.4262e-05
-2.19343e-05
-2.00019e-05
-1.8431e-05
-1.71943e-05
-1.62701e-05
-1.56427e-05
-1.53013e-05
-1.52405e-05
-1.54595e-05
-1.59623e-05
-1.67577e-05
-1.78606e-05
-1.92863e-05
-2.10675e-05
-2.32163e-05
-2.58074e-05
-2.88059e-05
-3.24295e-05
-3.63933e-05
-4.15013e-05
-4.6285e-05
-5.41545e-05
-5.81132e-05
-7.35096e-05
-6.88956e-05
-9.76273e-05
-0.0002257
-9.58827e-05
-0.000139964
-0.000148355
-0.000174731
-0.000196936
-0.000226194
-0.000257697
-0.000294622
-0.000336341
-0.000384209
-0.000438757
-0.000501068
-0.00057213
-0.000653163
-0.000745504
-0.000850712
-0.000970599
-0.00110732
-0.00126344
-0.00144197
-0.00164642
-0.00188072
-0.00214927
-0.00245685
-0.00280875
-0.00321081
-0.00366955
-0.0041924
-0.00478778
-0.00546497
-0.00623475
-0.00710871
-0.0080996
-0.00922197
-0.0104907
-0.0119232
-0.0135391
-0.0153617
-0.017425
-0.019774
-0.0224998
-0.0256944
-0.0297502
-0.0345891
-0.0425575
-0.0515902
-0.0632786
-0.0767276
-0.000204441
-0.000179533
-0.000157629
-0.000138379
-0.00012147
-0.000106627
-9.36057e-05
-8.21914e-05
-7.21947e-05
-6.34486e-05
-5.5806e-05
-4.91376e-05
-4.33294e-05
-3.82809e-05
-3.3911e-05
-3.01494e-05
-2.6918e-05
-2.41656e-05
-2.18474e-05
-1.99229e-05
-1.83584e-05
-1.71266e-05
-1.62062e-05
-1.55813e-05
-1.52414e-05
-1.51808e-05
-1.5399e-05
-1.59e-05
-1.66923e-05
-1.7791e-05
-1.92114e-05
-2.09858e-05
-2.31265e-05
-2.57079e-05
-2.86951e-05
-3.23054e-05
-3.62545e-05
-4.13425e-05
-4.61153e-05
-5.39288e-05
-5.79837e-05
-7.28923e-05
-7.0173e-05
-9.02932e-05
-0.000208137
-9.21738e-05
-0.000140114
-0.000147681
-0.000174097
-0.000196214
-0.000225349
-0.000256748
-0.00029353
-0.000335099
-0.000382788
-0.000437135
-0.000499214
-0.00057001
-0.00065074
-0.000742734
-0.000847544
-0.000966977
-0.00110318
-0.00125869
-0.00143654
-0.00164017
-0.00187353
-0.00214098
-0.00244726
-0.00279763
-0.00319791
-0.00365457
-0.00417499
-0.00476756
-0.0054415
-0.00620752
-0.00707719
-0.00806322
-0.00918019
-0.0104431
-0.0118698
-0.0134803
-0.0152988
-0.0173606
-0.0197126
-0.0224471
-0.0256606
-0.0297333
-0.0346051
-0.0424107
-0.0512117
-0.0626238
-0.0755269
-0.000203443
-0.000178666
-0.000156877
-0.000137725
-0.000120902
-0.000106133
-9.3176e-05
-8.18174e-05
-7.18688e-05
-6.31644e-05
-5.55579e-05
-4.89206e-05
-4.31394e-05
-3.8114e-05
-3.37639e-05
-3.00193e-05
-2.68023e-05
-2.40622e-05
-2.17543e-05
-1.98382e-05
-1.82805e-05
-1.70541e-05
-1.61376e-05
-1.55155e-05
-1.5177e-05
-1.51168e-05
-1.53341e-05
-1.5833e-05
-1.66222e-05
-1.77164e-05
-1.9131e-05
-2.08982e-05
-2.30301e-05
-2.56011e-05
-2.85761e-05
-3.2172e-05
-3.61057e-05
-4.11715e-05
-4.59341e-05
-5.36839e-05
-5.78489e-05
-7.22251e-05
-7.14448e-05
-8.47689e-05
-0.00019348
-8.96969e-05
-0.000140068
-0.000146992
-0.000173409
-0.000195437
-0.00022444
-0.000255726
-0.000292354
-0.000333761
-0.000381258
-0.000435388
-0.000497217
-0.000567728
-0.000648131
-0.000739751
-0.000844135
-0.000963079
-0.00109872
-0.00125359
-0.00143069
-0.00163347
-0.00186582
-0.00213208
-0.00243698
-0.00278573
-0.00318412
-0.00363857
-0.00415644
-0.00474605
-0.00541657
-0.00617866
-0.00704384
-0.00802479
-0.00913615
-0.0103931
-0.0118135
-0.0134182
-0.0152322
-0.0172917
-0.0196456
-0.0223868
-0.0256155
-0.0296983
-0.034593
-0.0422351
-0.0508244
-0.0618673
-0.0743343
-0.000202391
-0.000177752
-0.000156083
-0.000137035
-0.000120302
-0.000105611
-9.27211e-05
-8.14212e-05
-7.15235e-05
-6.2863e-05
-5.52946e-05
-4.86902e-05
-4.29374e-05
-3.79365e-05
-3.36075e-05
-2.98807e-05
-2.66791e-05
-2.3952e-05
-2.16549e-05
-1.97478e-05
-1.81973e-05
-1.69766e-05
-1.60644e-05
-1.54452e-05
-1.51083e-05
-1.50484e-05
-1.52648e-05
-1.57616e-05
-1.65473e-05
-1.76367e-05
-1.90451e-05
-2.08046e-05
-2.29272e-05
-2.54871e-05
-2.84491e-05
-3.20295e-05
-3.59468e-05
-4.09883e-05
-4.57413e-05
-5.34201e-05
-5.77072e-05
-7.15175e-05
-7.26348e-05
-8.06431e-05
-0.000181119
-8.81405e-05
-0.000139841
-0.000146287
-0.000172666
-0.000194605
-0.000223467
-0.000254631
-0.000291095
-0.000332329
-0.000379619
-0.000433517
-0.000495078
-0.000565284
-0.000645338
-0.000736559
-0.000840486
-0.000958908
-0.00109395
-0.00124814
-0.00142444
-0.0016263
-0.00185758
-0.00212259
-0.00242602
-0.00277305
-0.00316944
-0.00362157
-0.00413674
-0.00472324
-0.00539019
-0.00614816
-0.00700867
-0.00798434
-0.00908984
-0.0103405
-0.0117544
-0.013353
-0.0151619
-0.0172184
-0.0195728
-0.0223187
-0.0255591
-0.0296457
-0.0345542
-0.042033
-0.0504269
-0.0611241
-0.0731789
-0.000201286
-0.000176792
-0.000155247
-0.000136308
-0.000119669
-0.000105059
-9.2241e-05
-8.10027e-05
-7.11584e-05
-6.25443e-05
-5.50159e-05
-4.84463e-05
-4.27234e-05
-3.77484e-05
-3.34415e-05
-2.97337e-05
-2.65483e-05
-2.38349e-05
-2.15493e-05
-1.96517e-05
-1.81089e-05
-1.68942e-05
-1.59865e-05
-1.53704e-05
-1.50352e-05
-1.49757e-05
-1.51911e-05
-1.56856e-05
-1.64676e-05
-1.7552e-05
-1.89537e-05
-2.0705e-05
-2.28177e-05
-2.53657e-05
-2.83141e-05
-3.18778e-05
-3.5778e-05
-4.0793e-05
-4.55368e-05
-5.3138e-05
-5.7557e-05
-7.07794e-05
-7.36955e-05
-7.75933e-05
-0.000170586
-8.72625e-05
-0.000139449
-0.000145566
-0.000171869
-0.000193719
-0.000222431
-0.000253465
-0.000289754
-0.000330802
-0.000377873
-0.000431523
-0.000492799
-0.00056268
-0.000642361
-0.000733156
-0.000836597
-0.000954464
-0.00108887
-0.00124233
-0.00141779
-0.00161867
-0.00184882
-0.00211249
-0.00241438
-0.00275959
-0.00315387
-0.00360356
-0.00411591
-0.00469915
-0.00536236
-0.00611605
-0.00697169
-0.00794186
-0.00904128
-0.0102853
-0.0116926
-0.0132846
-0.0150878
-0.0171405
-0.0194943
-0.0222427
-0.0254915
-0.029576
-0.0344899
-0.0418064
-0.0500176
-0.0603854
-0.0720519
-0.000200128
-0.000175784
-0.00015437
-0.000135544
-0.000119004
-0.00010448
-9.17358e-05
-8.05621e-05
-7.07739e-05
-6.22084e-05
-5.47221e-05
-4.81889e-05
-4.24975e-05
-3.75497e-05
-3.32662e-05
-2.95784e-05
-2.641e-05
-2.37111e-05
-2.14376e-05
-1.955e-05
-1.80153e-05
-1.6807e-05
-1.59041e-05
-1.52912e-05
-1.49578e-05
-1.48986e-05
-1.51131e-05
-1.56051e-05
-1.63833e-05
-1.74622e-05
-1.8857e-05
-2.05996e-05
-2.27018e-05
-2.52372e-05
-2.8171e-05
-3.17169e-05
-3.55992e-05
-4.05857e-05
-4.53206e-05
-5.28379e-05
-5.73964e-05
-7.00204e-05
-7.46002e-05
-7.53672e-05
-0.00016157
-8.68759e-05
-0.000138909
-0.000144827
-0.000171018
-0.00019278
-0.000221331
-0.000252226
-0.000288331
-0.000329182
-0.000376019
-0.000429407
-0.00049038
-0.000559915
-0.000639201
-0.000729545
-0.000832471
-0.00094975
-0.00108348
-0.00123617
-0.00141074
-0.00161059
-0.00183953
-0.00210181
-0.00240206
-0.00274537
-0.00313743
-0.00358456
-0.00409395
-0.00467379
-0.0053331
-0.00608234
-0.0069329
-0.00789737
-0.00899047
-0.0102277
-0.0116278
-0.0132129
-0.01501
-0.0170581
-0.0194099
-0.0221588
-0.0254126
-0.0294897
-0.0344012
-0.0415573
-0.0495957
-0.0596497
-0.0709477
-0.000198918
-0.00017473
-0.000153452
-0.000134744
-0.000118306
-0.000103872
-9.12058e-05
-8.00995e-05
-7.03699e-05
-6.18553e-05
-5.44131e-05
-4.79182e-05
-4.22598e-05
-3.73404e-05
-3.30815e-05
-2.94146e-05
-2.62642e-05
-2.35805e-05
-2.13198e-05
-1.94427e-05
-1.79166e-05
-1.6715e-05
-1.5817e-05
-1.52076e-05
-1.48761e-05
-1.48173e-05
-1.50307e-05
-1.55202e-05
-1.62942e-05
-1.73675e-05
-1.87548e-05
-2.04883e-05
-2.25793e-05
-2.51014e-05
-2.802e-05
-3.1547e-05
-3.54104e-05
-4.03665e-05
-4.50926e-05
-5.25204e-05
-5.72235e-05
-6.92492e-05
-7.53368e-05
-7.37671e-05
-0.000153797
-8.68358e-05
-0.000138237
-0.000144067
-0.000170113
-0.000191787
-0.000220169
-0.000250916
-0.000286826
-0.000327467
-0.000374059
-0.000427168
-0.000487821
-0.000556991
-0.000635859
-0.000725727
-0.000828108
-0.000944765
-0.00107779
-0.00122966
-0.00140329
-0.00160205
-0.00182973
-0.00209054
-0.00238907
-0.00273038
-0.00312012
-0.00356456
-0.00407087
-0.00464717
-0.00530242
-0.00604702
-0.00689233
-0.00785088
-0.00893742
-0.0101676
-0.0115603
-0.013138
-0.0149283
-0.016971
-0.0193196
-0.0220671
-0.0253224
-0.0293874
-0.0342895
-0.0412871
-0.0491606
-0.0589152
-0.0698617
-0.000197655
-0.000173629
-0.000152493
-0.000133908
-0.000117577
-0.000103236
-9.06509e-05
-7.96151e-05
-6.99467e-05
-6.14852e-05
-5.40891e-05
-4.76341e-05
-4.20103e-05
-3.71207e-05
-3.28875e-05
-2.92426e-05
-2.6111e-05
-2.34432e-05
-2.11959e-05
-1.93299e-05
-1.78127e-05
-1.66182e-05
-1.57255e-05
-1.51196e-05
-1.47901e-05
-1.47317e-05
-1.4944e-05
-1.54307e-05
-1.62004e-05
-1.72677e-05
-1.86473e-05
-2.03711e-05
-2.24505e-05
-2.49585e-05
-2.7861e-05
-3.1368e-05
-3.52119e-05
-4.01354e-05
-4.48529e-05
-5.2186e-05
-5.70365e-05
-6.84729e-05
-7.59028e-05
-7.26386e-05
-0.000147047
-8.70312e-05
-0.000137448
-0.000143285
-0.000169156
-0.00019074
-0.000218944
-0.000249534
-0.000285239
-0.00032566
-0.000371992
-0.000424808
-0.000485124
-0.000553909
-0.000632337
-0.000721702
-0.00082351
-0.000939513
-0.00107179
-0.0012228
-0.00139545
-0.00159307
-0.00181942
-0.00207868
-0.00237541
-0.00271463
-0.00310195
-0.00354359
-0.00404668
-0.00461929
-0.00527033
-0.00601012
-0.00684998
-0.0078024
-0.00888214
-0.0101049
-0.0114899
-0.0130598
-0.0148428
-0.0168792
-0.0192234
-0.0219674
-0.0252212
-0.0292695
-0.0341557
-0.0409972
-0.0487119
-0.0581806
-0.0687903
-0.00019634
-0.000172483
-0.000151493
-0.000133036
-0.000116817
-0.000102573
-9.00715e-05
-7.9109e-05
-6.95043e-05
-6.10982e-05
-5.37501e-05
-4.73368e-05
-4.1749e-05
-3.68906e-05
-3.26843e-05
-2.90623e-05
-2.59504e-05
-2.32993e-05
-2.10659e-05
-1.92115e-05
-1.77037e-05
-1.65165e-05
-1.56293e-05
-1.50272e-05
-1.46998e-05
-1.46419e-05
-1.48529e-05
-1.53369e-05
-1.6102e-05
-1.7163e-05
-1.85345e-05
-2.02481e-05
-2.23153e-05
-2.48085e-05
-2.76942e-05
-3.11801e-05
-3.50035e-05
-3.98925e-05
-4.46013e-05
-5.18354e-05
-5.68334e-05
-6.76975e-05
-7.63023e-05
-7.18608e-05
-0.000141141
-8.7377e-05
-0.000136556
-0.00014248
-0.000168146
-0.000189641
-0.000217657
-0.000248082
-0.000283571
-0.000323761
-0.00036982
-0.000422327
-0.000482289
-0.000550669
-0.000628634
-0.000717472
-0.000818678
-0.000933994
-0.00106549
-0.0012156
-0.00138721
-0.00158363
-0.00180859
-0.00206624
-0.00236108
-0.00269812
-0.00308291
-0.00352164
-0.00402138
-0.00459017
-0.00523683
-0.00597164
-0.00680585
-0.00775193
-0.00882463
-0.0100398
-0.0114166
-0.0129783
-0.0147535
-0.0167828
-0.0191212
-0.0218599
-0.0251089
-0.0291365
-0.034001
-0.040689
-0.0482495
-0.0574446
-0.0677301
-0.000194973
-0.000171291
-0.000150453
-0.000132129
-0.000116025
-0.000101881
-8.94676e-05
-7.85813e-05
-6.90429e-05
-6.06943e-05
-5.33963e-05
-4.70264e-05
-4.14762e-05
-3.66503e-05
-3.24719e-05
-2.88738e-05
-2.57824e-05
-2.31487e-05
-2.09299e-05
-1.90876e-05
-1.75896e-05
-1.64102e-05
-1.55287e-05
-1.49305e-05
-1.46053e-05
-1.45478e-05
-1.47576e-05
-1.52386e-05
-1.5999e-05
-1.70534e-05
-1.84163e-05
-2.01193e-05
-2.21737e-05
-2.46514e-05
-2.75195e-05
-3.09832e-05
-3.47853e-05
-3.9638e-05
-4.43378e-05
-5.14689e-05
-5.66127e-05
-6.69273e-05
-7.65435e-05
-7.13396e-05
-0.000135932
-8.78085e-05
-0.000135573
-0.000141649
-0.000167085
-0.000188489
-0.000216308
-0.00024656
-0.000281824
-0.000321769
-0.000367542
-0.000419727
-0.000479316
-0.000547273
-0.000624753
-0.000713038
-0.000813613
-0.000928211
-0.00105888
-0.00120805
-0.00137858
-0.00157375
-0.00179726
-0.00205322
-0.0023461
-0.00268086
-0.00306303
-0.00349873
-0.003995
-0.00455981
-0.00520195
-0.00593159
-0.00675997
-0.00769949
-0.0087649
-0.00997213
-0.0113405
-0.0128936
-0.0146602
-0.0166816
-0.019013
-0.0217444
-0.0249858
-0.028989
-0.0338263
-0.0403636
-0.0477735
-0.056706
-0.0666789
-0.000193556
-0.000170054
-0.000149374
-0.000131187
-0.000115202
-0.000101162
-8.88396e-05
-7.80323e-05
-6.85626e-05
-6.02739e-05
-5.30278e-05
-4.67029e-05
-4.11917e-05
-3.63996e-05
-3.22504e-05
-2.86772e-05
-2.56071e-05
-2.29916e-05
-2.0788e-05
-1.89583e-05
-1.74705e-05
-1.62991e-05
-1.54237e-05
-1.48296e-05
-1.45066e-05
-1.44496e-05
-1.46581e-05
-1.51359e-05
-1.58914e-05
-1.69389e-05
-1.82929e-05
-1.99847e-05
-2.20258e-05
-2.44872e-05
-2.7337e-05
-3.07775e-05
-3.45574e-05
-3.93719e-05
-4.40623e-05
-5.10873e-05
-5.63728e-05
-6.61655e-05
-7.66372e-05
-7.10017e-05
-0.000131304
-8.8277e-05
-0.000134509
-0.00014079
-0.000165973
-0.000187284
-0.000214897
-0.000244967
-0.000279996
-0.000319686
-0.000365161
-0.000417007
-0.000476208
-0.000543721
-0.000620694
-0.000708401
-0.000808318
-0.000922164
-0.00105198
-0.00120016
-0.00136956
-0.00156343
-0.00178543
-0.00203962
-0.00233047
-0.00266286
-0.00304229
-0.00347486
-0.00396753
-0.00452823
-0.00516568
-0.00588999
-0.00671234
-0.00764509
-0.00870297
-0.00990199
-0.0112616
-0.0128056
-0.0145632
-0.0165757
-0.0188989
-0.0216212
-0.024852
-0.0288273
-0.0336324
-0.0400222
-0.0472838
-0.0559641
-0.0656336
-0.000192088
-0.000168772
-0.000148254
-0.000130209
-0.000114348
-0.000100416
-8.81875e-05
-7.7462e-05
-6.80636e-05
-5.98368e-05
-5.26446e-05
-4.63665e-05
-4.08959e-05
-3.61388e-05
-3.20198e-05
-2.84725e-05
-2.54246e-05
-2.28279e-05
-2.06401e-05
-1.88235e-05
-1.73464e-05
-1.61833e-05
-1.53142e-05
-1.47243e-05
-1.44037e-05
-1.43472e-05
-1.45543e-05
-1.50289e-05
-1.57793e-05
-1.68196e-05
-1.81643e-05
-1.98445e-05
-2.18716e-05
-2.43161e-05
-2.71468e-05
-3.05629e-05
-3.43198e-05
-3.90943e-05
-4.37747e-05
-5.06912e-05
-5.61123e-05
-6.54142e-05
-7.65952e-05
-7.07902e-05
-0.000127157
-8.87459e-05
-0.000133375
-0.000139903
-0.000164811
-0.000186026
-0.000213425
-0.000243305
-0.000278088
-0.000317513
-0.000362675
-0.000414168
-0.000472964
-0.000540014
-0.000616459
-0.000703563
-0.000802793
-0.000915856
-0.00104477
-0.00119194
-0.00136016
-0.00155267
-0.00177309
-0.00202546
-0.00231418
-0.00264412
-0.00302072
-0.00345004
-0.00393898
-0.00449543
-0.00512804
-0.00584685
-0.00666298
-0.00758874
-0.00863885
-0.00982936
-0.0111799
-0.0127143
-0.0144622
-0.0164651
-0.0187787
-0.0214902
-0.0247077
-0.0286522
-0.0334202
-0.0396659
-0.0467807
-0.0552182
-0.0645926
-0.00019057
-0.000167446
-0.000147096
-0.000129197
-0.000113464
-9.96433e-05
-8.75115e-05
-7.68707e-05
-6.7546e-05
-5.93834e-05
-5.2247e-05
-4.60172e-05
-4.05886e-05
-3.58679e-05
-3.17802e-05
-2.82598e-05
-2.52349e-05
-2.26577e-05
-2.04864e-05
-1.86834e-05
-1.72173e-05
-1.60629e-05
-1.52002e-05
-1.46148e-05
-1.42966e-05
-1.42406e-05
-1.44464e-05
-1.49176e-05
-1.56626e-05
-1.66954e-05
-1.80305e-05
-1.96986e-05
-2.17112e-05
-2.4138e-05
-2.69489e-05
-3.03396e-05
-3.40727e-05
-3.88055e-05
-4.3475e-05
-5.0281e-05
-5.58301e-05
-6.46747e-05
-7.64299e-05
-7.06614e-05
-0.000123413
-8.91883e-05
-0.000132179
-0.000138984
-0.000163598
-0.000184717
-0.000211893
-0.000241574
-0.000276102
-0.000315249
-0.000360087
-0.000411212
-0.000469585
-0.000536154
-0.000612049
-0.000698526
-0.00079704
-0.000909288
-0.00103728
-0.00118338
-0.00135038
-0.00154147
-0.00176026
-0.00201073
-0.00229725
-0.00262465
-0.00299832
-0.00342427
-0.00390936
-0.00446142
-0.00508904
-0.00580217
-0.00661189
-0.00753045
-0.00857254
-0.00975426
-0.0110953
-0.0126197
-0.0143573
-0.0163498
-0.0186527
-0.0213515
-0.0245531
-0.028464
-0.0331906
-0.0392956
-0.0462644
-0.0544676
-0.0635548
-0.000189002
-0.000166076
-0.000145899
-0.000128151
-0.000112549
-9.88434e-05
-8.68119e-05
-7.62585e-05
-6.70099e-05
-5.89136e-05
-5.18349e-05
-4.56552e-05
-4.02701e-05
-3.5587e-05
-3.15318e-05
-2.80391e-05
-2.50381e-05
-2.24811e-05
-2.03268e-05
-1.85379e-05
-1.70832e-05
-1.59379e-05
-1.50819e-05
-1.45011e-05
-1.41855e-05
-1.413e-05
-1.43343e-05
-1.4802e-05
-1.55414e-05
-1.65665e-05
-1.78915e-05
-1.9547e-05
-2.15446e-05
-2.39531e-05
-2.67433e-05
-3.01077e-05
-3.38159e-05
-3.85054e-05
-4.31631e-05
-4.98573e-05
-5.55254e-05
-6.39472e-05
-7.61532e-05
-7.05814e-05
-0.000120005
-8.95849e-05
-0.000130927
-0.000138034
-0.000162337
-0.000183356
-0.0002103
-0.000239775
-0.000274038
-0.000312895
-0.000357396
-0.000408139
-0.000466074
-0.000532142
-0.000607465
-0.00069329
-0.000791062
-0.000902464
-0.00102949
-0.00117448
-0.00134021
-0.00152984
-0.00174693
-0.00199543
-0.00227969
-0.00260445
-0.00297509
-0.00339757
-0.00387869
-0.00442622
-0.00504869
-0.00575598
-0.00655909
-0.00747023
-0.00850405
-0.0096767
-0.0110079
-0.0125219
-0.0142486
-0.0162297
-0.0185206
-0.0212052
-0.0243884
-0.0282634
-0.0329442
-0.0389122
-0.0457352
-0.053712
-0.0625192
-0.000187384
-0.000164662
-0.000144663
-0.00012707
-0.000111604
-9.8017e-05
-8.60888e-05
-7.56255e-05
-6.64556e-05
-5.84277e-05
-5.14085e-05
-4.52806e-05
-3.99403e-05
-3.52961e-05
-3.12744e-05
-2.78105e-05
-2.48341e-05
-2.22981e-05
-2.01614e-05
-1.83871e-05
-1.69443e-05
-1.58082e-05
-1.49593e-05
-1.43832e-05
-1.40702e-05
-1.40153e-05
-1.4218e-05
-1.46822e-05
-1.54157e-05
-1.64328e-05
-1.77474e-05
-1.93899e-05
-2.13718e-05
-2.37613e-05
-2.65302e-05
-2.98671e-05
-3.35497e-05
-3.81942e-05
-4.2839e-05
-4.94207e-05
-5.51973e-05
-6.32314e-05
-7.57767e-05
-7.05247e-05
-0.00011688
-8.99217e-05
-0.000129627
-0.000137051
-0.000161028
-0.000181943
-0.000208648
-0.000237907
-0.000271896
-0.000310453
-0.000354604
-0.00040495
-0.00046243
-0.000527978
-0.000602708
-0.000687857
-0.000784859
-0.000895383
-0.0010214
-0.00116525
-0.00132967
-0.00151778
-0.00173312
-0.00197959
-0.00226149
-0.00258354
-0.00295105
-0.00336994
-0.00384697
-0.00438984
-0.005007
-0.00570828
-0.0065046
-0.0074081
-0.00843341
-0.00959668
-0.0109177
-0.0124208
-0.014136
-0.016105
-0.0183827
-0.0210513
-0.0242138
-0.0280509
-0.0326817
-0.0385166
-0.0451934
-0.0529511
-0.0614852
-0.000185718
-0.000163205
-0.000143389
-0.000125956
-0.000110629
-9.71642e-05
-8.53425e-05
-7.49721e-05
-6.58831e-05
-5.79258e-05
-5.0968e-05
-4.48935e-05
-3.95995e-05
-3.49954e-05
-3.10084e-05
-2.75741e-05
-2.46232e-05
-2.21088e-05
-1.99903e-05
-1.8231e-05
-1.68005e-05
-1.56741e-05
-1.48324e-05
-1.42612e-05
-1.39509e-05
-1.38965e-05
-1.40977e-05
-1.45581e-05
-1.52856e-05
-1.62944e-05
-1.75982e-05
-1.92272e-05
-2.1193e-05
-2.35627e-05
-2.63096e-05
-2.96179e-05
-3.3274e-05
-3.78721e-05
-4.25026e-05
-4.89715e-05
-5.48455e-05
-6.25267e-05
-7.5311e-05
-7.04717e-05
-0.000113991
-9.01894e-05
-0.000128282
-0.000136033
-0.000159672
-0.000180479
-0.000206937
-0.000235972
-0.000269677
-0.000307923
-0.000351712
-0.000401646
-0.000458654
-0.000523665
-0.000597781
-0.000682229
-0.000778433
-0.000888049
-0.00101303
-0.0011557
-0.00131875
-0.00150529
-0.00171882
-0.00196319
-0.00224266
-0.00256191
-0.0029262
-0.0033414
-0.00381421
-0.00435228
-0.004964
-0.00565909
-0.00644842
-0.00734407
-0.00836061
-0.00951422
-0.0108247
-0.0123164
-0.0140195
-0.0159755
-0.018239
-0.0208901
-0.0240295
-0.027827
-0.0324036
-0.0381093
-0.0446395
-0.0521848
-0.0604521
-0.000184003
-0.000161705
-0.000142077
-0.000124808
-0.000109625
-9.62854e-05
-8.45732e-05
-7.42983e-05
-6.52927e-05
-5.7408e-05
-5.05135e-05
-4.44939e-05
-3.92477e-05
-3.46849e-05
-3.07336e-05
-2.733e-05
-2.44053e-05
-2.19133e-05
-1.98135e-05
-1.80698e-05
-1.66519e-05
-1.55354e-05
-1.47011e-05
-1.41351e-05
-1.38276e-05
-1.37738e-05
-1.39733e-05
-1.44298e-05
-1.51512e-05
-1.61513e-05
-1.7444e-05
-1.9059e-05
-2.10081e-05
-2.33573e-05
-2.60814e-05
-2.93603e-05
-3.29889e-05
-3.75391e-05
-4.21538e-05
-4.85104e-05
-5.44695e-05
-6.1832e-05
-7.47661e-05
-7.04079e-05
-0.000111303
-9.03819e-05
-0.000126899
-0.000134981
-0.000158268
-0.000178964
-0.000205166
-0.00023397
-0.000267381
-0.000305305
-0.000348719
-0.000398228
-0.000454748
-0.000519203
-0.000592683
-0.000676408
-0.000771787
-0.000880464
-0.00100438
-0.00114582
-0.00130747
-0.00149239
-0.00170404
-0.00194624
-0.00222321
-0.00253957
-0.00290055
-0.00331195
-0.00378043
-0.00431356
-0.00491968
-0.00560841
-0.00639057
-0.00727815
-0.00828568
-0.00942934
-0.0107289
-0.0122088
-0.0138992
-0.0158414
-0.0180894
-0.0207215
-0.0238359
-0.0275923
-0.0321109
-0.0376906
-0.0440741
-0.0514131
-0.0594198
-0.000182241
-0.000160163
-0.000140727
-0.000123627
-0.000108592
-9.53807e-05
-8.3781e-05
-7.36044e-05
-6.46845e-05
-5.68745e-05
-5.0045e-05
-4.4082e-05
-3.88849e-05
-3.43648e-05
-3.04502e-05
-2.70781e-05
-2.41805e-05
-2.17115e-05
-1.96311e-05
-1.79034e-05
-1.64985e-05
-1.53923e-05
-1.45657e-05
-1.40048e-05
-1.37002e-05
-1.36471e-05
-1.38448e-05
-1.42973e-05
-1.50123e-05
-1.60036e-05
-1.72848e-05
-1.88854e-05
-2.08173e-05
-2.31454e-05
-2.58459e-05
-2.90943e-05
-3.26946e-05
-3.71955e-05
-4.17927e-05
-4.80376e-05
-5.40692e-05
-6.11459e-05
-7.41507e-05
-7.03224e-05
-0.000108783
-9.04955e-05
-0.000125479
-0.000133893
-0.000156819
-0.000177399
-0.000203338
-0.000231901
-0.000265009
-0.000302601
-0.000345628
-0.000394697
-0.000450714
-0.000514593
-0.000587417
-0.000670394
-0.000764923
-0.00087263
-0.000995439
-0.00113562
-0.00129581
-0.00147906
-0.00168878
-0.00192875
-0.00220314
-0.00251654
-0.0028741
-0.0032816
-0.00374563
-0.0042737
-0.00487406
-0.00555628
-0.00633106
-0.00721037
-0.00820863
-0.00934203
-0.0106303
-0.012098
-0.0137751
-0.0157026
-0.0179341
-0.0205457
-0.0236331
-0.0273469
-0.031804
-0.0372611
-0.0434981
-0.050636
-0.0583879
-0.000180431
-0.000158579
-0.000139341
-0.000122414
-0.000107529
-9.44505e-05
-8.29663e-05
-7.28906e-05
-6.40587e-05
-5.63255e-05
-4.95628e-05
-4.3658e-05
-3.85114e-05
-3.4035e-05
-3.01583e-05
-2.68186e-05
-2.39489e-05
-2.15035e-05
-1.9443e-05
-1.77319e-05
-1.63404e-05
-1.52447e-05
-1.44261e-05
-1.38706e-05
-1.3569e-05
-1.35164e-05
-1.37124e-05
-1.41608e-05
-1.48692e-05
-1.58512e-05
-1.71206e-05
-1.87063e-05
-2.06205e-05
-2.29267e-05
-2.56031e-05
-2.88199e-05
-3.2391e-05
-3.68413e-05
-4.14192e-05
-4.75535e-05
-5.36445e-05
-6.04669e-05
-7.34727e-05
-7.02076e-05
-0.000106407
-9.05286e-05
-0.000124026
-0.000132768
-0.000155324
-0.000175783
-0.000201452
-0.000229767
-0.000262563
-0.000299811
-0.000342438
-0.000391054
-0.000446551
-0.000509837
-0.000581985
-0.000664191
-0.000757841
-0.000864549
-0.000986219
-0.00112509
-0.00128379
-0.00146532
-0.00167305
-0.00191073
-0.00218246
-0.00249281
-0.00284687
-0.00325036
-0.00370982
-0.00423269
-0.00482715
-0.00550268
-0.00626991
-0.00714072
-0.00812948
-0.00925233
-0.010529
-0.0119839
-0.0136471
-0.0155593
-0.0177731
-0.0203628
-0.0234215
-0.0270912
-0.0314838
-0.0368208
-0.042912
-0.0498535
-0.0573566
-0.000178574
-0.000156954
-0.000137918
-0.000121168
-0.000106438
-9.3495e-05
-8.21293e-05
-7.2157e-05
-6.34155e-05
-5.5761e-05
-4.9067e-05
-4.32219e-05
-3.81272e-05
-3.36958e-05
-2.98579e-05
-2.65516e-05
-2.37105e-05
-2.12895e-05
-1.92494e-05
-1.75553e-05
-1.61776e-05
-1.50928e-05
-1.42823e-05
-1.37323e-05
-1.34338e-05
-1.33818e-05
-1.35761e-05
-1.40202e-05
-1.47218e-05
-1.56944e-05
-1.69516e-05
-1.85219e-05
-2.04178e-05
-2.27016e-05
-2.5353e-05
-2.85373e-05
-3.20782e-05
-3.64766e-05
-4.10334e-05
-4.70584e-05
-5.31957e-05
-5.97935e-05
-7.27391e-05
-7.00582e-05
-0.00010415
-9.04809e-05
-0.000122543
-0.000131607
-0.000153784
-0.000174118
-0.000199509
-0.000227567
-0.000260042
-0.000296935
-0.000339152
-0.0003873
-0.000442261
-0.000504937
-0.000576387
-0.000657799
-0.000750545
-0.000856224
-0.00097672
-0.00111425
-0.00127142
-0.00145117
-0.00165686
-0.00189217
-0.00216118
-0.00246839
-0.00281886
-0.00321824
-0.00367302
-0.00419056
-0.00477898
-0.00544765
-0.00620714
-0.00706924
-0.00804823
-0.00916024
-0.0104249
-0.0118667
-0.0135154
-0.0154113
-0.0176065
-0.0201729
-0.0232013
-0.0268254
-0.0311511
-0.0363702
-0.0423165
-0.049066
-0.0563257
-0.000176671
-0.000155287
-0.000136458
-0.000119889
-0.000105319
-9.25144e-05
-8.12701e-05
-7.14039e-05
-6.2755e-05
-5.51813e-05
-4.85577e-05
-4.27739e-05
-3.77324e-05
-3.33472e-05
-2.95492e-05
-2.62772e-05
-2.34654e-05
-2.10694e-05
-1.90504e-05
-1.73736e-05
-1.60102e-05
-1.49365e-05
-1.41343e-05
-1.35901e-05
-1.32947e-05
-1.32434e-05
-1.34358e-05
-1.38755e-05
-1.45701e-05
-1.5533e-05
-1.67776e-05
-1.83322e-05
-2.02093e-05
-2.24699e-05
-2.50956e-05
-2.82466e-05
-3.17563e-05
-3.61017e-05
-4.06352e-05
-4.65527e-05
-5.2723e-05
-5.9124e-05
-7.1956e-05
-6.98704e-05
-0.000101996
-9.0353e-05
-0.000121031
-0.000130408
-0.000152201
-0.000172403
-0.000197509
-0.000225303
-0.000257447
-0.000293976
-0.000335769
-0.000383437
-0.000437846
-0.000499893
-0.000570626
-0.000651221
-0.000743037
-0.000847657
-0.000966946
-0.0011031
-0.00125868
-0.00143662
-0.0016402
-0.00187309
-0.0021393
-0.0024433
-0.00279008
-0.00318526
-0.00363523
-0.00414731
-0.00472954
-0.0053912
-0.00614275
-0.00699593
-0.00796491
-0.00906579
-0.0103181
-0.0117463
-0.0133799
-0.0152589
-0.0174343
-0.0199763
-0.0229727
-0.0265496
-0.0308064
-0.0359097
-0.0417123
-0.0482736
-0.0552955
-0.000174722
-0.00015358
-0.000134963
-0.00011858
-0.000104172
-9.15091e-05
-8.03891e-05
-7.06315e-05
-6.20774e-05
-5.45865e-05
-4.80351e-05
-4.23141e-05
-3.73272e-05
-3.29893e-05
-2.92322e-05
-2.59953e-05
-2.32137e-05
-2.08433e-05
-1.88459e-05
-1.71871e-05
-1.58381e-05
-1.4776e-05
-1.39824e-05
-1.3444e-05
-1.31518e-05
-1.31011e-05
-1.32916e-05
-1.37268e-05
-1.44143e-05
-1.53672e-05
-1.65989e-05
-1.81373e-05
-1.9995e-05
-2.22318e-05
-2.48312e-05
-2.79477e-05
-3.14254e-05
-3.57167e-05
-4.02247e-05
-4.60366e-05
-5.22266e-05
-5.84569e-05
-7.11287e-05
-6.96423e-05
-9.99289e-05
-9.01466e-05
-0.000119491
-0.000129173
-0.000150574
-0.000170639
-0.000195454
-0.000222975
-0.000254779
-0.000290933
-0.000332291
-0.000379464
-0.000433307
-0.000494708
-0.000564704
-0.000644458
-0.000735319
-0.000838851
-0.0009569
-0.00109164
-0.00124559
-0.00142166
-0.00162309
-0.00185349
-0.00211683
-0.00241754
-0.00276054
-0.00315141
-0.00359647
-0.00410297
-0.00467886
-0.00533333
-0.00607677
-0.00692081
-0.00787954
-0.00896899
-0.0102087
-0.0116227
-0.0132407
-0.0151019
-0.0172567
-0.0197729
-0.0227361
-0.0262642
-0.0304504
-0.0354397
-0.0410999
-0.0474767
-0.054266
-0.000172727
-0.000151832
-0.000133432
-0.000117238
-0.000102996
-9.04794e-05
-7.94864e-05
-6.984e-05
-6.1383e-05
-5.39768e-05
-4.74993e-05
-4.18426e-05
-3.69116e-05
-3.26222e-05
-2.8907e-05
-2.57061e-05
-2.29554e-05
-2.06113e-05
-1.8636e-05
-1.69956e-05
-1.56616e-05
-1.46112e-05
-1.38264e-05
-1.3294e-05
-1.30051e-05
-1.29551e-05
-1.31436e-05
-1.35742e-05
-1.42543e-05
-1.51969e-05
-1.64154e-05
-1.79371e-05
-1.97751e-05
-2.19874e-05
-2.45597e-05
-2.76409e-05
-3.10856e-05
-3.53216e-05
-3.9802e-05
-4.55102e-05
-5.17069e-05
-5.77907e-05
-7.02617e-05
-6.93727e-05
-9.79347e-05
-8.98636e-05
-0.000117925
-0.0001279
-0.000148904
-0.000168827
-0.000193343
-0.000220583
-0.000252039
-0.000287807
-0.000328718
-0.000375383
-0.000428645
-0.000489382
-0.000558621
-0.000637513
-0.000727392
-0.000829807
-0.000946584
-0.00107987
-0.00123216
-0.00140631
-0.00160552
-0.00183337
-0.00209378
-0.00239112
-0.00273026
-0.00311671
-0.00355675
-0.00405753
-0.00462694
-0.00527407
-0.00600921
-0.0068439
-0.00779213
-0.00886986
-0.0100965
-0.011496
-0.0130978
-0.0149405
-0.0170737
-0.019563
-0.0224917
-0.0259695
-0.0300838
-0.0349606
-0.0404797
-0.0466757
-0.0532374
-0.000170688
-0.000150046
-0.000131866
-0.000115866
-0.000101794
-8.94254e-05
-7.85624e-05
-6.90296e-05
-6.06719e-05
-5.33524e-05
-4.69504e-05
-4.13595e-05
-3.64857e-05
-3.2246e-05
-2.85737e-05
-2.54097e-05
-2.26906e-05
-2.03735e-05
-1.84209e-05
-1.67992e-05
-1.54805e-05
-1.44421e-05
-1.36664e-05
-1.31401e-05
-1.28546e-05
-1.28053e-05
-1.29918e-05
-1.34177e-05
-1.40902e-05
-1.50223e-05
-1.62272e-05
-1.77318e-05
-1.95494e-05
-2.17367e-05
-2.42812e-05
-2.73262e-05
-3.07369e-05
-3.49167e-05
-3.9367e-05
-4.49738e-05
-5.11645e-05
-5.7124e-05
-6.93589e-05
-6.90614e-05
-9.60026e-05
-8.95061e-05
-0.000116334
-0.000126589
-0.000147193
-0.000166966
-0.000191178
-0.000218129
-0.000249227
-0.0002846
-0.000325052
-0.000371196
-0.000423861
-0.000483917
-0.000552379
-0.000630387
-0.00071926
-0.00082053
-0.000936002
-0.00106779
-0.00121837
-0.00139056
-0.00158751
-0.00181274
-0.00207015
-0.00236404
-0.00269923
-0.00308117
-0.00351608
-0.00401102
-0.00457381
-0.00521343
-0.00594008
-0.00676521
-0.00770271
-0.00876843
-0.00998164
-0.0113662
-0.0129512
-0.0147748
-0.0168853
-0.0193467
-0.0222396
-0.0256656
-0.029707
-0.0344727
-0.0398524
-0.0458708
-0.0522099
-0.000168605
-0.00014822
-0.000130266
-0.000114464
-0.000100564
-8.83476e-05
-7.76173e-05
-6.82005e-05
-5.99443e-05
-5.27134e-05
-4.63887e-05
-4.08651e-05
-3.60498e-05
-3.18609e-05
-2.82325e-05
-2.51062e-05
-2.24195e-05
-2.01299e-05
-1.82005e-05
-1.65981e-05
-1.5295e-05
-1.4269e-05
-1.35024e-05
-1.29825e-05
-1.27005e-05
-1.26519e-05
-1.28363e-05
-1.32573e-05
-1.39221e-05
-1.48433e-05
-1.60344e-05
-1.75214e-05
-1.93182e-05
-2.14797e-05
-2.39958e-05
-2.70036e-05
-3.03794e-05
-3.45021e-05
-3.89199e-05
-4.44276e-05
-5.05997e-05
-5.64555e-05
-6.84236e-05
-6.87091e-05
-9.41227e-05
-8.90769e-05
-0.000114717
-0.000125242
-0.00014544
-0.000165058
-0.000188958
-0.000215613
-0.000246345
-0.000281312
-0.000321295
-0.000366904
-0.000418957
-0.000478315
-0.000545981
-0.000623083
-0.000710924
-0.000811021
-0.000925155
-0.00105542
-0.00120425
-0.00137442
-0.00156905
-0.00179162
-0.00204595
-0.00233632
-0.00266747
-0.00304481
-0.00347447
-0.00396345
-0.00451947
-0.00515143
-0.00586941
-0.00668478
-0.00761129
-0.00866471
-0.00986417
-0.0112333
-0.012801
-0.0146047
-0.0166918
-0.0191241
-0.02198
-0.0253531
-0.0293205
-0.0339765
-0.0392183
-0.0450624
-0.051184
-0.000166478
-0.000146355
-0.000128631
-0.000113031
-9.93083e-05
-8.72461e-05
-7.66513e-05
-6.73531e-05
-5.92004e-05
-5.206e-05
-4.58142e-05
-4.03594e-05
-3.56039e-05
-3.14668e-05
-2.78833e-05
-2.47956e-05
-2.2142e-05
-1.98806e-05
-1.79749e-05
-1.63922e-05
-1.51051e-05
-1.40917e-05
-1.33346e-05
-1.28211e-05
-1.25426e-05
-1.24947e-05
-1.26771e-05
-1.30931e-05
-1.37499e-05
-1.46601e-05
-1.58369e-05
-1.7306e-05
-1.90815e-05
-2.12166e-05
-2.37036e-05
-2.66734e-05
-3.00133e-05
-3.40778e-05
-3.84608e-05
-4.38717e-05
-5.00131e-05
-5.57839e-05
-6.74584e-05
-6.83167e-05
-9.22869e-05
-8.85784e-05
-0.000113075
-0.000123857
-0.000143647
-0.000163103
-0.000186685
-0.000213035
-0.000243393
-0.000277944
-0.000317445
-0.000362508
-0.000413934
-0.000472578
-0.000539429
-0.000615602
-0.000702387
-0.000801282
-0.000914049
-0.00104275
-0.00118979
-0.0013579
-0.00155016
-0.00176999
-0.00202118
-0.00230796
-0.00263499
-0.00300762
-0.00343193
-0.00391483
-0.00446395
-0.00508808
-0.00579721
-0.0066026
-0.00751789
-0.00855873
-0.0097441
-0.0110974
-0.0126472
-0.0144304
-0.0164931
-0.0188955
-0.021713
-0.0250321
-0.0289249
-0.0334724
-0.038578
-0.0442509
-0.0501598
-0.000164308
-0.000144452
-0.000126963
-0.000111568
-9.80258e-05
-8.61214e-05
-7.56648e-05
-6.64875e-05
-5.84405e-05
-5.13924e-05
-4.52272e-05
-3.98425e-05
-3.51481e-05
-3.10641e-05
-2.75264e-05
-2.4478e-05
-2.18583e-05
-1.96256e-05
-1.77442e-05
-1.61816e-05
-1.49109e-05
-1.39104e-05
-1.31629e-05
-1.2656e-05
-1.23812e-05
-1.2334e-05
-1.25142e-05
-1.29251e-05
-1.35738e-05
-1.44727e-05
-1.56349e-05
-1.70856e-05
-1.88393e-05
-2.09474e-05
-2.34047e-05
-2.63355e-05
-2.96386e-05
-3.3644e-05
-3.79897e-05
-4.33061e-05
-4.94052e-05
-5.51083e-05
-6.64657e-05
-6.78857e-05
-9.04881e-05
-8.80133e-05
-0.000111407
-0.000122436
-0.000141814
-0.0001611
-0.00018436
-0.000210397
-0.000240373
-0.000274497
-0.000313506
-0.000358009
-0.000408794
-0.000466706
-0.000532723
-0.000607947
-0.000693652
-0.000791318
-0.000902685
-0.00102979
-0.001175
-0.001341
-0.00153084
-0.00174788
-0.00199586
-0.00227897
-0.00260179
-0.00296963
-0.00338848
-0.00386517
-0.00440725
-0.0050234
-0.0057235
-0.00651871
-0.00742253
-0.00845051
-0.00962144
-0.0109585
-0.0124899
-0.0142518
-0.0162894
-0.0186609
-0.021439
-0.0247031
-0.0285206
-0.0329608
-0.0379318
-0.0434366
-0.0491378
-0.000162096
-0.000142512
-0.000125262
-0.000110076
-9.67172e-05
-8.49737e-05
-7.4658e-05
-6.56039e-05
-5.76648e-05
-5.07108e-05
-4.46278e-05
-3.93147e-05
-3.46826e-05
-3.06526e-05
-2.71617e-05
-2.41536e-05
-2.15684e-05
-1.93651e-05
-1.75084e-05
-1.59664e-05
-1.47124e-05
-1.3725e-05
-1.29874e-05
-1.24873e-05
-1.22161e-05
-1.21697e-05
-1.23476e-05
-1.27533e-05
-1.33938e-05
-1.42811e-05
-1.54284e-05
-1.68604e-05
-1.85918e-05
-2.06722e-05
-2.30991e-05
-2.599e-05
-2.92554e-05
-3.3201e-05
-3.75069e-05
-4.27311e-05
-4.87766e-05
-5.44277e-05
-6.54473e-05
-6.7418e-05
-8.87202e-05
-8.73841e-05
-0.000109713
-0.000120978
-0.000139941
-0.000159052
-0.000181982
-0.000207699
-0.000237284
-0.000270972
-0.000309478
-0.000353408
-0.000403538
-0.000460703
-0.000525867
-0.00060012
-0.000684721
-0.000781131
-0.000891067
-0.00101654
-0.00115987
-0.00132373
-0.00151109
-0.00172528
-0.00196998
-0.00224936
-0.00256789
-0.00293084
-0.00334413
-0.00381449
-0.00434939
-0.0049574
-0.00564829
-0.00643313
-0.00732524
-0.00834007
-0.00949623
-0.0108167
-0.0123291
-0.0140691
-0.0160808
-0.0184206
-0.0211579
-0.0243663
-0.028108
-0.032442
-0.0372803
-0.0426199
-0.0481182
-0.000159842
-0.000140535
-0.000123527
-0.000108555
-9.53831e-05
-8.38034e-05
-7.36311e-05
-6.47027e-05
-5.68734e-05
-5.00154e-05
-4.40161e-05
-3.87761e-05
-3.42075e-05
-3.02327e-05
-2.67895e-05
-2.38224e-05
-2.12724e-05
-1.90991e-05
-1.72677e-05
-1.57466e-05
-1.45097e-05
-1.35358e-05
-1.28082e-05
-1.23149e-05
-1.20475e-05
-1.20019e-05
-1.21775e-05
-1.25779e-05
-1.32099e-05
-1.40854e-05
-1.52175e-05
-1.66303e-05
-1.83389e-05
-2.03911e-05
-2.27869e-05
-2.56372e-05
-2.88639e-05
-3.27487e-05
-3.70124e-05
-4.21466e-05
-4.81279e-05
-5.37414e-05
-6.44046e-05
-6.69157e-05
-8.6978e-05
-8.66934e-05
-0.000107993
-0.000119483
-0.00013803
-0.000156958
-0.000179553
-0.000204942
-0.000234127
-0.000267371
-0.000305363
-0.000348707
-0.000398167
-0.000454568
-0.000518862
-0.000592124
-0.000675596
-0.000770724
-0.000879198
-0.001003
-0.00114442
-0.00130609
-0.00149092
-0.0017022
-0.00194357
-0.00221914
-0.0025333
-0.00289127
-0.00329888
-0.0037628
-0.00429039
-0.00489011
-0.00557162
-0.00634587
-0.00722604
-0.00822745
-0.0093685
-0.0106719
-0.0121649
-0.0138824
-0.0158674
-0.0181746
-0.0208701
-0.0240219
-0.0276875
-0.0319165
-0.0366237
-0.0418012
-0.0471015
-0.000157547
-0.000138521
-0.000121761
-0.000107005
-9.40236e-05
-8.26107e-05
-7.25845e-05
-6.3784e-05
-5.60666e-05
-4.93064e-05
-4.33924e-05
-3.82268e-05
-3.37229e-05
-2.98043e-05
-2.64097e-05
-2.34845e-05
-2.09704e-05
-1.88277e-05
-1.7022e-05
-1.55223e-05
-1.43028e-05
-1.33426e-05
-1.26253e-05
-1.2139e-05
-1.18755e-05
-1.18306e-05
-1.20039e-05
-1.23989e-05
-1.30222e-05
-1.38856e-05
-1.50023e-05
-1.63954e-05
-1.80808e-05
-2.01041e-05
-2.24683e-05
-2.5277e-05
-2.84641e-05
-3.22873e-05
-3.65064e-05
-4.15528e-05
-4.74594e-05
-5.30486e-05
-6.33388e-05
-6.63812e-05
-8.52573e-05
-8.59435e-05
-0.000106246
-0.000117953
-0.000136082
-0.000154818
-0.000177073
-0.000202127
-0.000230905
-0.000263693
-0.00030116
-0.000343907
-0.000392684
-0.000448305
-0.00051171
-0.000583959
-0.000666281
-0.000760099
-0.000867082
-0.000989182
-0.00112866
-0.00128808
-0.00147034
-0.00167866
-0.00191662
-0.00218831
-0.00249802
-0.00285092
-0.00325277
-0.00371012
-0.00423026
-0.00482154
-0.00549349
-0.00625695
-0.00712496
-0.00811266
-0.00923828
-0.0105241
-0.0119972
-0.0136916
-0.0156492
-0.0179231
-0.0205757
-0.0236703
-0.0272595
-0.0313845
-0.0359627
-0.040981
-0.0460882
-0.000155211
-0.000136471
-0.000119962
-0.000105427
-9.26393e-05
-8.1396e-05
-7.15185e-05
-6.28481e-05
-5.52446e-05
-4.85839e-05
-4.27568e-05
-3.76669e-05
-3.3229e-05
-2.93677e-05
-2.60226e-05
-2.31399e-05
-2.06625e-05
-1.8551e-05
-1.67715e-05
-1.52936e-05
-1.40918e-05
-1.31455e-05
-1.24388e-05
-1.19596e-05
-1.17e-05
-1.16558e-05
-1.18268e-05
-1.22162e-05
-1.28307e-05
-1.36819e-05
-1.47827e-05
-1.61558e-05
-1.78175e-05
-1.98114e-05
-2.21432e-05
-2.49095e-05
-2.80562e-05
-3.18169e-05
-3.5989e-05
-4.09498e-05
-4.67719e-05
-5.2349e-05
-6.22506e-05
-6.58172e-05
-8.35543e-05
-8.51366e-05
-0.000104469
-0.000116386
-0.000134096
-0.000152634
-0.000174544
-0.000199254
-0.000227617
-0.000259941
-0.000296873
-0.00033901
-0.000387089
-0.000441915
-0.000504413
-0.00057563
-0.000656777
-0.00074926
-0.000854722
-0.000975086
-0.00111257
-0.00126971
-0.00144935
-0.00165465
-0.00188915
-0.00215691
-0.00246209
-0.00280982
-0.0032058
-0.00365647
-0.00416903
-0.00475171
-0.00541393
-0.00616641
-0.00702202
-0.00799575
-0.00910561
-0.0103736
-0.0118263
-0.0134969
-0.0154264
-0.0176662
-0.020275
-0.0233118
-0.0268243
-0.0308465
-0.0352975
-0.0401597
-0.045079
-0.000152835
-0.000134386
-0.000118133
-0.000103822
-9.12305e-05
-8.01597e-05
-7.04333e-05
-6.18953e-05
-5.44076e-05
-4.78482e-05
-4.21095e-05
-3.70967e-05
-3.27259e-05
-2.89229e-05
-2.56282e-05
-2.27889e-05
-2.03487e-05
-1.8269e-05
-1.65162e-05
-1.50605e-05
-1.38767e-05
-1.29447e-05
-1.22486e-05
-1.17767e-05
-1.15211e-05
-1.14777e-05
-1.16463e-05
-1.203e-05
-1.26356e-05
-1.34741e-05
-1.45588e-05
-1.59115e-05
-1.75491e-05
-1.9513e-05
-2.18119e-05
-2.4535e-05
-2.76402e-05
-3.13377e-05
-3.54605e-05
-4.03375e-05
-4.60657e-05
-5.16421e-05
-6.11408e-05
-6.52268e-05
-8.18661e-05
-8.42747e-05
-0.000102663
-0.000114783
-0.000132074
-0.000150406
-0.000171965
-0.000196324
-0.000224264
-0.000256115
-0.000292501
-0.000334016
-0.000381384
-0.0004354
-0.000496973
-0.000567138
-0.000647088
-0.000738209
-0.000842122
-0.000960717
-0.00109618
-0.00125099
-0.00142795
-0.0016302
-0.00186117
-0.00212492
-0.0024255
-0.00276799
-0.00315799
-0.00360187
-0.00410672
-0.00468066
-0.00533298
-0.00607428
-0.00691726
-0.00787676
-0.00897054
-0.0102203
-0.011652
-0.0132984
-0.0151992
-0.0174041
-0.0199683
-0.0229467
-0.0263825
-0.0303029
-0.034628
-0.0393365
-0.0440718
-0.00015042
-0.000132266
-0.000116272
-0.000102189
-8.97975e-05
-7.8902e-05
-6.93293e-05
-6.09258e-05
-5.35559e-05
-4.70995e-05
-4.14507e-05
-3.65163e-05
-3.22137e-05
-2.847e-05
-2.52266e-05
-2.24315e-05
-2.00292e-05
-1.79818e-05
-1.62562e-05
-1.48231e-05
-1.36577e-05
-1.27402e-05
-1.20549e-05
-1.15904e-05
-1.13388e-05
-1.12963e-05
-1.14624e-05
-1.18404e-05
-1.24368e-05
-1.32625e-05
-1.43308e-05
-1.56627e-05
-1.72757e-05
-1.9209e-05
-2.14743e-05
-2.41533e-05
-2.72164e-05
-3.08498e-05
-3.49211e-05
-3.97161e-05
-4.53414e-05
-5.09277e-05
-6.00097e-05
-6.46132e-05
-8.01905e-05
-8.33597e-05
-0.000100823
-0.000113143
-0.000130016
-0.000148135
-0.000169338
-0.00019334
-0.000220849
-0.000252217
-0.000288047
-0.00032893
-0.000375574
-0.000428764
-0.000489396
-0.00055849
-0.000637223
-0.00072696
-0.000829297
-0.000946094
-0.0010795
-0.00123195
-0.00140621
-0.00160534
-0.00183274
-0.00209233
-0.00238822
-0.00272537
-0.0031093
-0.00354628
-0.00404329
-0.00460834
-0.00525059
-0.00598052
-0.00681066
-0.00775565
-0.00883305
-0.0100642
-0.0114746
-0.0130963
-0.0149678
-0.0171373
-0.0196562
-0.0225759
-0.0259348
-0.0297537
-0.033954
-0.0385097
-0.0430636
-0.000143261
-0.000125982
-0.000110755
-9.7347e-05
-8.55476e-05
-7.51716e-05
-6.60542e-05
-5.80496e-05
-5.10288e-05
-4.48777e-05
-3.94955e-05
-3.47936e-05
-3.06935e-05
-2.71257e-05
-2.40345e-05
-2.13704e-05
-1.90806e-05
-1.7129e-05
-1.54842e-05
-1.41181e-05
-1.30072e-05
-1.21327e-05
-1.14796e-05
-1.1037e-05
-1.07975e-05
-1.07573e-05
-1.09161e-05
-1.12769e-05
-1.18461e-05
-1.26339e-05
-1.36533e-05
-1.49234e-05
-1.64634e-05
-1.83057e-05
-2.04713e-05
-2.30197e-05
-2.59563e-05
-2.94016e-05
-3.33144e-05
-3.78771e-05
-4.31764e-05
-4.88147e-05
-5.66672e-05
-6.27171e-05
-7.5419e-05
-8.05385e-05
-9.54722e-05
-0.000108204
-0.000123929
-0.000141375
-0.000161537
-0.000184468
-0.000210702
-0.000240636
-0.000274815
-0.000313817
-0.000358312
-0.000409052
-0.00046689
-0.000532805
-0.000607925
-0.000693554
-0.000791216
-0.00090268
-0.00102999
-0.00117545
-0.00134168
-0.00153156
-0.00174831
-0.00199545
-0.00227743
-0.00259876
-0.00296469
-0.00338119
-0.00385495
-0.00439363
-0.00500601
-0.00570219
-0.00649418
-0.00739607
-0.0084247
-0.00960046
-0.0109476
-0.0124955
-0.0142802
-0.0163443
-0.0187292
-0.0214764
-0.0246108
-0.0281367
-0.0319779
-0.0360949
-0.040131
-0.000130528
-0.000114797
-0.000100932
-8.87199e-05
-7.79713e-05
-6.85177e-05
-6.02096e-05
-5.29144e-05
-4.65148e-05
-4.09073e-05
-3.60001e-05
-3.17126e-05
-2.79735e-05
-2.47194e-05
-2.18999e-05
-1.94696e-05
-1.73806e-05
-1.56001e-05
-1.40994e-05
-1.2853e-05
-1.18394e-05
-1.10414e-05
-1.04456e-05
-1.00419e-05
-9.82352e-06
-9.78711e-06
-9.93229e-06
-1.02618e-05
-1.07815e-05
-1.15007e-05
-1.24315e-05
-1.35909e-05
-1.49974e-05
-1.66786e-05
-1.86579e-05
-2.09818e-05
-2.36698e-05
-2.68063e-05
-3.03949e-05
-3.45483e-05
-3.93782e-05
-4.46238e-05
-5.14542e-05
-5.76071e-05
-6.79354e-05
-7.43551e-05
-8.67734e-05
-9.88991e-05
-0.000113087
-0.000129098
-0.000147477
-0.000168432
-0.00019238
-0.000219715
-0.00025092
-0.000286528
-0.000327146
-0.000373462
-0.000426259
-0.000486435
-0.000555017
-0.000633202
-0.000722377
-0.000824151
-0.000940373
-0.00107314
-0.00122481
-0.00139802
-0.00159574
-0.00182126
-0.00207841
-0.00237144
-0.00270517
-0.00308506
-0.00351723
-0.0040087
-0.00456754
-0.00520308
-0.00592634
-0.00675028
-0.00769028
-0.00876469
-0.00999517
-0.0114075
-0.0130331
-0.014904
-0.0170529
-0.0195071
-0.0222785
-0.0253571
-0.0286632
-0.0321487
-0.0354739
-0.000117015
-0.000102921
-9.04958e-05
-7.95504e-05
-6.99151e-05
-6.14394e-05
-5.39896e-05
-4.74472e-05
-4.17074e-05
-3.66772e-05
-3.22749e-05
-2.84281e-05
-2.5073e-05
-2.21529e-05
-1.96225e-05
-1.74412e-05
-1.55662e-05
-1.39679e-05
-1.26208e-05
-1.15019e-05
-1.05921e-05
-9.87586e-06
-9.34108e-06
-8.9788e-06
-8.78302e-06
-8.75061e-06
-8.88126e-06
-9.17745e-06
-9.64445e-06
-1.02906e-05
-1.11268e-05
-1.21682e-05
-1.34319e-05
-1.49419e-05
-1.67211e-05
-1.88075e-05
-2.1226e-05
-2.40393e-05
-2.72714e-05
-3.09983e-05
-3.53291e-05
-4.0107e-05
-4.60614e-05
-5.19264e-05
-6.05162e-05
-6.72765e-05
-7.78023e-05
-8.88614e-05
-0.000101553
-0.000115969
-0.000132471
-0.000151305
-0.00017282
-0.00019738
-0.000225415
-0.000257403
-0.000293892
-0.000335498
-0.00038293
-0.000436991
-0.000498609
-0.000568861
-0.000648992
-0.000740442
-0.00084486
-0.000964118
-0.00110032
-0.00125584
-0.00143331
-0.00163576
-0.00186659
-0.00212965
-0.00242928
-0.0027704
-0.00315853
-0.00360002
-0.00410215
-0.00467342
-0.00532378
-0.00606497
-0.00691079
-0.00787753
-0.00898413
-0.0102532
-0.0117107
-0.0133805
-0.0152874
-0.0174479
-0.0198637
-0.0225157
-0.0253254
-0.0282339
-0.030935
-0.000102803
-9.04244e-05
-7.95103e-05
-6.98944e-05
-6.14283e-05
-5.39801e-05
-4.74327e-05
-4.1682e-05
-3.66363e-05
-3.2214e-05
-2.83432e-05
-2.49606e-05
-2.20101e-05
-1.9442e-05
-1.72164e-05
-1.52977e-05
-1.36484e-05
-1.22425e-05
-1.10575e-05
-1.00732e-05
-9.27281e-06
-8.64275e-06
-8.17238e-06
-7.8538e-06
-7.68173e-06
-7.65342e-06
-7.7686e-06
-8.02943e-06
-8.44056e-06
-9.00927e-06
-9.74534e-06
-1.06619e-05
-1.17743e-05
-1.31032e-05
-1.46699e-05
-1.65058e-05
-1.86367e-05
-2.1111e-05
-2.39601e-05
-2.72397e-05
-3.10447e-05
-3.52913e-05
-4.04358e-05
-4.5781e-05
-5.29685e-05
-5.94672e-05
-6.84181e-05
-7.81968e-05
-8.93509e-05
-0.000102055
-0.000116579
-0.000133164
-0.000152104
-0.000173726
-0.000198405
-0.000226564
-0.000258683
-0.000295307
-0.000337058
-0.000384649
-0.000438897
-0.000500749
-0.000571303
-0.000651821
-0.000743749
-0.000848725
-0.000968597
-0.00110544
-0.0012616
-0.00143973
-0.00164285
-0.00187435
-0.00213808
-0.00243838
-0.00278013
-0.00316894
-0.0036113
-0.00411474
-0.00468812
-0.00534179
-0.00608791
-0.00694066
-0.00791635
-0.00903458
-0.0103154
-0.0117776
-0.0134389
-0.0153083
-0.0173811
-0.019632
-0.0219869
-0.0243819
-0.0265548
-8.79778e-05
-7.73841e-05
-6.80428e-05
-5.98115e-05
-5.25636e-05
-4.61864e-05
-4.05798e-05
-3.56551e-05
-3.13336e-05
-2.75458e-05
-2.42301e-05
-2.13324e-05
-1.88045e-05
-1.66042e-05
-1.46974e-05
-1.30532e-05
-1.16399e-05
-1.04351e-05
-9.41964e-06
-8.57614e-06
-7.89026e-06
-7.35037e-06
-6.94735e-06
-6.67445e-06
-6.52713e-06
-6.50304e-06
-6.60193e-06
-6.82566e-06
-7.17819e-06
-7.66575e-06
-8.29678e-06
-9.08245e-06
-1.00362e-05
-1.11754e-05
-1.25188e-05
-1.40925e-05
-1.59206e-05
-1.80411e-05
-2.04858e-05
-2.32979e-05
-2.6555e-05
-3.02199e-05
-3.45802e-05
-3.92609e-05
-4.52245e-05
-5.10887e-05
-5.86119e-05
-6.70016e-05
-7.65596e-05
-8.7459e-05
-9.99137e-05
-0.000114137
-0.000130379
-0.000148921
-0.000170084
-0.00019423
-0.000221771
-0.000253175
-0.000288978
-0.00032979
-0.000376316
-0.000429367
-0.000489885
-0.000558949
-0.000637794
-0.000727822
-0.000830612
-0.000947946
-0.00108184
-0.00123459
-0.00140878
-0.00160735
-0.00183362
-0.0020913
-0.00238464
-0.00271847
-0.0030984
-0.00353101
-0.00402393
-0.00458613
-0.00522803
-0.0059617
-0.00680101
-0.00776238
-0.00886073
-0.0101111
-0.0115255
-0.0131079
-0.0148497
-0.0167226
-0.0186612
-0.0205992
-0.0223227
-7.26286e-05
-6.38793e-05
-5.61635e-05
-4.93639e-05
-4.33761e-05
-3.81071e-05
-3.34744e-05
-2.94048e-05
-2.58334e-05
-2.27028e-05
-1.99622e-05
-1.7567e-05
-1.54774e-05
-1.36585e-05
-1.20819e-05
-1.07226e-05
-9.5541e-06
-8.55795e-06
-7.71828e-06
-7.02084e-06
-6.45375e-06
-6.00739e-06
-5.67423e-06
-5.44869e-06
-5.32701e-06
-5.30724e-06
-5.38914e-06
-5.57426e-06
-5.86585e-06
-6.26905e-06
-6.79086e-06
-7.44047e-06
-8.22913e-06
-9.17108e-06
-1.02823e-05
-1.15836e-05
-1.3096e-05
-1.48494e-05
-1.68724e-05
-1.91988e-05
-2.18892e-05
-2.49334e-05
-2.85144e-05
-3.24368e-05
-3.7267e-05
-4.2267e-05
-4.84195e-05
-5.53556e-05
-6.32596e-05
-7.22787e-05
-8.25824e-05
-9.43497e-05
-0.000107787
-0.000123127
-0.000140635
-0.000160611
-0.000183396
-0.000209377
-0.000239001
-0.000272772
-0.000311272
-0.000355178
-0.000405265
-0.000462428
-0.000527686
-0.000602197
-0.000687265
-0.00078437
-0.000895191
-0.00102163
-0.00116586
-0.00133032
-0.00151777
-0.00173132
-0.0019745
-0.00225133
-0.00256657
-0.00292572
-0.00333523
-0.00380261
-0.0043365
-0.0049469
-0.00564534
-0.006445
-0.00735686
-0.00839272
-0.00956044
-0.0108608
-0.0122836
-0.0138005
-0.0153567
-0.0168883
-0.0182284
-5.68447e-05
-4.99887e-05
-4.39419e-05
-3.86126e-05
-3.39191e-05
-2.97887e-05
-2.61569e-05
-2.29662e-05
-2.0166e-05
-1.77113e-05
-1.55623e-05
-1.3684e-05
-1.20453e-05
-1.06189e-05
-9.3826e-06
-8.31666e-06
-7.40038e-06
-6.61933e-06
-5.96106e-06
-5.41435e-06
-4.9699e-06
-4.62016e-06
-4.35921e-06
-4.18264e-06
-4.0875e-06
-4.07223e-06
-4.13666e-06
-4.28194e-06
-4.51064e-06
-4.82677e-06
-5.23583e-06
-5.74502e-06
-6.36325e-06
-7.10172e-06
-7.9731e-06
-8.99348e-06
-1.01799e-05
-1.15549e-05
-1.31421e-05
-1.49671e-05
-1.70755e-05
-1.94698e-05
-2.22668e-05
-2.53684e-05
-2.91079e-05
-3.31024e-05
-3.78978e-05
-4.33355e-05
-4.95356e-05
-5.66132e-05
-6.46981e-05
-7.39318e-05
-8.44759e-05
-9.65133e-05
-0.000110252
-0.000125928
-0.000143809
-0.000164202
-0.000187453
-0.000213959
-0.000244184
-0.000278655
-0.000317985
-0.000362874
-0.000414122
-0.000472637
-0.00053945
-0.000615727
-0.000702797
-0.00080217
-0.000915563
-0.00104492
-0.00119243
-0.00136056
-0.00155211
-0.00177024
-0.00201884
-0.00230254
-0.0026263
-0.00299607
-0.00341888
-0.00390272
-0.00445676
-0.00509107
-0.00581374
-0.0066336
-0.00755579
-0.00857936
-0.00969408
-0.0108746
-0.012077
-0.013245
-0.0142541
-4.07332e-05
-3.58079e-05
-3.14638e-05
-2.76352e-05
-2.42633e-05
-2.12959e-05
-1.86868e-05
-1.63946e-05
-1.4383e-05
-1.26197e-05
-1.10761e-05
-9.72698e-06
-8.55008e-06
-7.52568e-06
-6.63784e-06
-5.87234e-06
-5.21426e-06
-4.65322e-06
-4.18023e-06
-3.7872e-06
-3.46743e-06
-3.2155e-06
-3.0272e-06
-2.89939e-06
-2.83001e-06
-2.81802e-06
-2.86334e-06
-2.96689e-06
-3.13057e-06
-3.35732e-06
-3.65111e-06
-4.01713e-06
-4.46167e-06
-4.99252e-06
-5.61886e-06
-6.35214e-06
-7.20486e-06
-8.1929e-06
-9.33367e-06
-1.06455e-05
-1.21598e-05
-1.38834e-05
-1.58887e-05
-1.81285e-05
-2.07947e-05
-2.36977e-05
-2.7132e-05
-3.1039e-05
-3.54961e-05
-4.05853e-05
-4.63988e-05
-5.30387e-05
-6.06212e-05
-6.92779e-05
-7.91586e-05
-9.04332e-05
-0.000103295
-0.000117964
-0.000134691
-0.000153763
-0.000175515
-0.000200328
-0.000228643
-0.000260968
-0.00029788
-0.000340036
-0.000388184
-0.000443173
-0.000505971
-0.000577684
-0.000659569
-0.000753054
-0.000859747
-0.00098147
-0.00112029
-0.00127841
-0.00145915
-0.00166581
-0.00190195
-0.00217217
-0.00248167
-0.00283655
-0.00324359
-0.00370991
-0.00424141
-0.00484451
-0.00552254
-0.0062739
-0.00708965
-0.00795018
-0.00882215
-0.00966076
-0.0103792
-2.4323e-05
-2.13575e-05
-1.8742e-05
-1.64368e-05
-1.44067e-05
-1.26201e-05
-1.10492e-05
-9.66903e-06
-8.45815e-06
-7.39667e-06
-6.46742e-06
-5.65524e-06
-4.94669e-06
-4.32988e-06
-3.79523e-06
-3.33398e-06
-2.93727e-06
-2.59883e-06
-2.31321e-06
-2.07554e-06
-1.88181e-06
-1.72876e-06
-1.61387e-06
-1.53527e-06
-1.49175e-06
-1.48271e-06
-1.50812e-06
-1.56858e-06
-1.66526e-06
-1.79995e-06
-1.9751e-06
-2.19383e-06
-2.45998e-06
-2.77825e-06
-3.15416e-06
-3.59456e-06
-4.10702e-06
-4.70096e-06
-5.38704e-06
-6.17608e-06
-7.08685e-06
-8.12451e-06
-9.32989e-06
-1.06806e-05
-1.22777e-05
-1.40365e-05
-1.60989e-05
-1.84496e-05
-2.11326e-05
-2.41967e-05
-2.76971e-05
-3.16956e-05
-3.62621e-05
-4.14763e-05
-4.74287e-05
-5.42221e-05
-6.19736e-05
-7.08164e-05
-8.09025e-05
-9.24073e-05
-0.000105533
-0.000120513
-0.000137617
-0.000157153
-0.000179476
-0.000204988
-0.000234151
-0.00026749
-0.000305607
-0.000349195
-0.000399043
-0.000456055
-0.000521252
-0.000595811
-0.000681098
-0.000778913
-0.00089087
-0.00101892
-0.00116593
-0.00133487
-0.0015293
-0.00175299
-0.00201074
-0.00230752
-0.00264676
-0.0030328
-0.00346846
-0.00395215
-0.00447661
-0.00502919
-0.00558823
-0.00612299
-0.00657973
-7.94186e-06
-6.94793e-06
-6.07097e-06
-5.29775e-06
-4.61648e-06
-4.01664e-06
-3.48881e-06
-3.0248e-06
-2.61774e-06
-2.26037e-06
-1.94723e-06
-1.67333e-06
-1.43425e-06
-1.22607e-06
-1.04551e-06
-8.89875e-07
-7.5627e-07
-6.42552e-07
-5.4691e-07
-4.67745e-07
-4.03707e-07
-3.53686e-07
-3.168e-07
-2.92383e-07
-2.79977e-07
-2.79323e-07
-2.90362e-07
-3.13236e-07
-3.48289e-07
-3.96076e-07
-4.57373e-07
-5.33197e-07
-6.24801e-07
-7.33747e-07
-8.6186e-07
-1.01142e-06
-1.18496e-06
-1.38558e-06
-1.61695e-06
-1.88247e-06
-2.18881e-06
-2.53711e-06
-2.94207e-06
-3.39462e-06
-3.92884e-06
-4.52161e-06
-5.21121e-06
-5.99859e-06
-6.89808e-06
-7.92549e-06
-9.09955e-06
-1.04412e-05
-1.19744e-05
-1.37261e-05
-1.57275e-05
-1.80138e-05
-2.06254e-05
-2.36084e-05
-2.70159e-05
-3.09093e-05
-3.536e-05
-4.04508e-05
-4.62779e-05
-5.29531e-05
-6.06054e-05
-6.93839e-05
-7.9461e-05
-9.10374e-05
-0.000104347
-0.000119664
-0.000137306
-0.000157649
-0.000181125
-0.000208247
-0.000239623
-0.000275995
-0.000318085
-0.000367053
-0.000424272
-0.000491227
-0.00056963
-0.000661574
-0.000769556
-0.000896164
-0.00104417
-0.00121554
-0.00140997
-0.00162693
-0.0018639
-0.00211474
-0.00236885
-0.00261139
-0.00281984
8.88031
11.9891
13.9486
15.4619
15.0306
15.0003
13.9785
11.0743
8.44187
8.36215
6.01655
3.3488
0.218005
-3.55598
-7.34299
-10.7497
-13.9348
8.88037
11.9891
13.9483
15.4614
15.0299
14.9996
13.9774
11.073
8.44087
8.36124
6.0149
3.34741
0.216514
-3.55753
-7.34449
-10.7511
-13.936
8.88157
11.9902
13.9493
15.4619
15.0303
14.9999
13.9775
11.0727
8.44093
8.36136
6.01557
3.3473
0.216204
-3.55798
-7.34494
-10.7515
-13.9362
8.88192
11.9904
13.9492
15.4618
15.03
14.9994
13.9767
11.0716
8.44021
8.36081
6.01346
3.34611
0.214978
-3.55924
-7.34615
-10.7527
-13.9371
8.88304
11.9914
13.9503
15.4623
15.0302
14.9996
13.9768
11.0712
8.44011
8.36084
6.01483
3.346
0.21462
-3.55978
-7.34673
-10.7533
-13.9375
8.88351
11.9918
13.9503
15.4622
15.0301
14.9993
13.9762
11.0702
8.43947
8.36043
6.01211
3.34488
0.213501
-3.56093
-7.34784
-10.7543
-13.9383
8.88453
11.9927
13.9513
15.4627
15.0302
14.9994
13.9763
11.0697
8.43922
8.36041
6.01412
3.34473
0.213066
-3.56156
-7.34854
-10.755
-13.9389
8.88512
11.9932
13.9514
15.4627
15.0302
14.9993
13.9759
11.0687
8.43865
8.36009
6.01087
3.34372
0.212071
-3.5626
-7.34956
-10.756
-13.9398
8.88605
11.9941
13.9523
15.4632
15.0303
14.9993
13.9759
11.068
8.43827
8.36006
6.01342
3.34349
0.211549
-3.56333
-7.35036
-10.7568
-13.9405
8.88675
11.9948
13.9527
15.4633
15.0304
14.9992
13.9758
11.0672
8.43773
8.3598
6.00974
3.34262
0.21068
-3.56428
-7.35133
-10.7578
-13.9414
8.88761
11.9956
13.9535
15.4638
15.0305
14.9992
13.9758
11.0664
8.43727
8.35978
6.01271
3.34228
0.21008
-3.56507
-7.35219
-10.7587
-13.9422
8.88839
11.9964
13.954
15.4639
15.0306
14.9992
13.9758
11.0655
8.43672
8.35956
6.00874
3.34156
0.209315
-3.56596
-7.35314
-10.7596
-13.9432
8.88922
11.9972
13.9547
15.4645
15.0308
14.9992
13.9758
11.0646
8.43621
8.35956
6.01198
3.34113
0.208667
-3.56679
-7.35404
-10.7605
-13.9441
8.89004
11.998
13.9554
15.4646
15.0309
14.9992
13.9759
11.0637
8.4356
8.35936
6.00786
3.34052
0.207932
-3.5677
-7.35503
-10.7616
-13.9453
8.88555
11.9954
13.9542
15.468
15.0341
15.0026
13.9905
11.0777
8.443
8.37072
6.05193
3.37241
0.252625
-3.5084
-7.28386
-10.6739
-13.8621
8.90867
12.0225
13.9778
15.4775
15.0421
15.0057
14.0029
11.061
8.43204
8.37119
6.03268
3.36853
0.24808
-3.51371
-7.28901
-10.678
-13.8654
8.93576
12.0585
14.0105
15.5024
15.0557
15.0115
14.0257
11.0406
8.41791
8.37487
6.03595
3.3657
0.244214
-3.51876
-7.29429
-10.6823
-13.8689
8.96692
12.1035
14.0523
15.5281
15.0743
15.0198
14.0591
11.0161
8.40039
8.38033
6.03738
3.36377
0.240958
-3.52364
-7.29981
-10.6867
-13.8727
9.00226
12.1577
14.1031
15.563
15.098
15.0308
14.1034
10.9875
8.37947
8.38473
6.04067
3.36277
0.238341
-3.52831
-7.30551
-10.6914
-13.8767
9.0419
12.2214
14.163
15.6045
15.1266
15.0441
14.159
10.9546
8.35504
8.39942
6.04578
3.36269
0.236343
-3.5328
-7.31143
-10.6962
-13.8811
9.08598
12.2949
14.2321
15.6529
15.1602
15.0597
14.2264
10.9169
8.32701
8.4038
6.0527
3.36354
0.234987
-3.53707
-7.31753
-10.7013
-13.8857
9.1543
12.4018
14.3319
15.7225
15.2065
15.0803
14.3232
10.8326
8.2672
8.43904
6.04282
3.33299
0.18624
-3.60971
-7.41085
-10.8115
-14.0022
9.21929
12.5242
14.4531
15.8151
15.2745
15.1126
14.4916
10.7285
8.18265
8.4516
6.07836
3.34649
0.191346
-3.62441
-7.44895
-10.8585
-14.0813
9.29164
12.6647
14.5913
15.9246
15.3568
15.1573
14.7604
10.6179
8.08793
8.54732
6.12774
3.36789
0.203584
-3.6373
-7.49322
-10.9172
-14.1924
9.37163
12.8243
14.7461
16.0391
15.4311
15.1752
14.9412
10.427
7.93368
8.57798
6.17546
3.39422
0.223901
-3.64714
-7.54255
-10.9863
-14.3325
9.45961
13.0043
14.919
16.1913
15.5551
15.2958
15.3785
10.3549
7.8732
8.73422
6.28658
3.44617
0.25688
-3.65357
-7.59813
-11.0663
-14.5077
9.55706
13.2128
15.1111
16.3193
15.602
15.2426
15.5625
9.99427
7.54725
8.75954
6.3118
3.46077
0.278952
-3.66523
-7.66247
-11.1679
-14.7116
9.6518
13.4131
15.3049
16.5228
15.7994
15.4933
16.1468
9.99967
7.59671
9.02015
6.52096
3.55733
0.350399
-3.6511
-7.72039
-11.2416
-14.9525
9.79397
13.709
15.5536
16.6593
15.7731
15.3649
16.3815
9.47419
7.03386
8.98882
6.50013
3.55685
0.369659
-3.6714
-7.8103
-11.4054
-15.2286
9.87142
13.9259
15.7778
16.9331
16.0646
15.7196
17.0788
9.47121
7.16549
9.46671
6.83539
3.68966
0.474812
-3.63842
-7.86509
-11.446
-15.5172
10.0607
14.2962
16.0408
17.0486
15.9638
15.5995
17.3787
8.92002
6.45516
9.21564
6.76361
3.68093
0.50901
-3.64942
-7.97093
-11.6653
-14.5068
10.1649
14.5985
16.3945
17.462
26.2294
60.3058
121.91
202.799
291.915
379.52
459.733
529.384
586.742
630.883
661.949
680.321
685.303
575.796
514.335
438.174
348.79
253.081
169.425
107.316
66.992
43.5066
29.3851
22.3105
17.8901
14.2026
10.7102
7.63239
5.24834
3.271
-0.20831
-0.184376
-0.199884
-0.082453
0.222634
-0.50206
-1.66786
-0.122269
1.48283
0.914373
0.485985
0.370898
0.384336
0.414626
0.394558
0.390499
0.299188
-0.0294984
-0.0761362
-0.150211
-0.112512
0.130048
-0.520976
-1.92788
-0.404093
1.0187
0.344703
0.33996
0.290756
0.320928
0.342309
0.30853
0.275091
0.242513
-0.148652
-0.146389
-0.163209
-0.115348
0.087754
-0.512258
-1.20562
-0.222691
1.21019
0.772269
0.454535
0.350352
0.360282
0.380014
0.354006
0.337658
0.251436
-0.0668955
-0.0983233
-0.146113
-0.118793
0.0604453
-0.466944
-1.79298
-0.335901
0.853298
0.304068
0.35299
0.301622
0.313469
0.324071
0.292013
0.260603
0.21187
-0.117623
-0.124673
-0.146066
-0.124998
0.0269856
-0.424493
-0.812627
-0.166942
0.925059
0.650911
0.422615
0.334273
0.338167
0.346253
0.31518
0.289122
0.204334
-0.0836121
-0.107544
-0.136194
-0.12975
-0.00140913
-0.414257
-1.54214
-0.267047
0.732184
0.278849
0.351098
0.301499
0.3039
0.307434
0.275911
0.243546
0.183924
-0.101663
-0.113721
-0.133808
-0.131465
-0.01856
-0.37848
-0.606289
-0.151701
0.732109
0.546673
0.389957
0.318001
0.315538
0.314024
0.279934
0.246867
0.166816
-0.0899888
-0.108619
-0.12917
-0.135802
-0.0452858
-0.370508
-1.26291
-0.182584
0.60846
0.264071
0.340166
0.295929
0.29331
0.290859
0.25831
0.223148
0.150782
-0.0935501
-0.108408
-0.125241
-0.135214
-0.0532524
-0.336602
-0.509178
-0.125683
0.588575
0.455536
0.356626
0.300153
0.2931
0.28486
0.249763
0.211889
0.134338
-0.090632
-0.106609
-0.122443
-0.138234
-0.0715758
-0.331109
-0.922707
-0.127938
0.500206
0.256539
0.323738
0.286861
0.280722
0.272252
0.23773
0.198165
0.119529
-0.0900601
-0.104979
-0.118952
-0.136699
-0.075516
-0.301064
-0.501938
-0.099372
0.474429
0.375727
0.323643
0.282106
0.272814
0.261299
0.226296
0.184857
0.10479
-0.0888336
-0.103312
-0.116629
-0.13763
-0.0872811
-0.296323
-0.67872
-0.0936192
0.410318
0.252754
0.303694
0.273663
0.264075
0.25058
0.215203
0.172144
0.0911187
-0.0876079
-0.101635
-0.113876
-0.135561
-0.0889737
-0.270577
-0.454253
-0.0768636
0.385393
0.309202
0.293504
0.265654
0.255362
0.240113
0.204416
0.15983
0.0780744
-0.0863798
-0.0999571
-0.111591
-0.135526
-0.0972238
-0.265238
-0.511816
-0.0710583
0.33789
0.246492
0.280055
0.257407
0.246656
0.229898
0.193948
0.147971
0.0657355
-0.0851439
-0.0982741
-0.109296
-0.133298
-0.097719
-0.244476
-0.392562
-0.0593919
0.314875
0.258631
0.267764
0.24901
0.237982
0.219937
0.183783
0.136528
0.0540423
-0.0838997
-0.096589
-0.107129
-0.131735
-0.101621
-0.237612
-0.395304
-0.0543967
0.279138
0.233104
0.255611
0.240533
0.229364
0.210231
0.173917
0.125505
0.0429767
-0.0826485
-0.0948969
-0.105038
-0.129479
-0.101921
-0.22112
-0.331172
-0.0459887
0.258646
0.223985
0.244021
0.232027
0.22082
0.200782
0.164342
0.114891
0.0325231
-0.0813911
-0.0931977
-0.103018
-0.127068
-0.1028
-0.212741
-0.311385
-0.041685
0.231312
0.211783
0.232807
0.223541
0.212372
0.191589
0.155049
0.10468
0.0226641
-0.0801274
-0.0914914
-0.101052
-0.12443
-0.102626
-0.199832
-0.273959
-0.0355118
0.213656
0.200634
0.222083
0.215115
0.204039
0.182647
0.146035
0.0948706
0.0133822
-0.0788578
-0.0897795
-0.0991274
-0.121622
-0.102052
-0.19054
-0.250056
-0.0318164
0.192267
0.19009
0.211782
0.20678
0.195837
0.17395
0.137298
0.0854622
0.00465667
-0.0775823
-0.0880633
-0.0972342
-0.118673
-0.101054
-0.18008
-0.224238
-0.0271804
0.177548
0.180142
0.201915
0.198563
0.187778
0.165493
0.128824
0.0764651
-0.00353867
-0.076302
-0.0863461
-0.0953608
-0.115615
-0.0997266
-0.170824
-0.203147
-0.0241292
0.160329
0.170739
0.192446
0.190486
0.179875
0.157275
0.120682
0.0678153
-0.0112358
-0.075017
-0.0846307
-0.0934989
-0.112471
-0.0981476
-0.16168
-0.183448
-0.020565
0.149432
0.161834
0.183369
0.182566
0.172137
0.149296
0.112842
0.0595343
-0.0184559
-0.0737278
-0.0829196
-0.0916422
-0.109267
-0.0963614
-0.153063
-0.166191
-0.0181458
0.127577
0.153398
0.174657
0.174818
0.164572
0.141555
0.105279
0.0516358
-0.0252193
-0.072435
-0.0812154
-0.0897846
-0.106031
-0.0944089
-0.144773
-0.150653
-0.0152988
0.120529
0.145452
0.166311
0.167253
0.157187
0.134049
0.0979787
0.0441236
-0.0315504
-0.071139
-0.07952
-0.0879211
-0.102788
-0.0923244
-0.136868
-0.136815
-0.0132782
0.109448
0.137921
0.15831
0.159882
0.149987
0.126778
0.0909431
0.0369858
-0.0374742
-0.0698406
-0.0778344
-0.0860484
-0.0995574
-0.0901399
-0.129319
-0.124443
-0.0111076
0.100271
0.130793
0.150644
0.15271
0.142975
0.119739
0.0841711
0.0302131
-0.0430126
-0.0685403
-0.0761574
-0.0841663
-0.0963545
-0.0878829
-0.122126
-0.113396
-0.0093688
0.0919284
0.124023
0.143297
0.145743
0.136156
0.112932
0.0776604
0.0237973
-0.0481795
-0.0672387
-0.0744896
-0.0822735
-0.0931934
-0.0855762
-0.115285
-0.10352
-0.00781086
0.0843856
0.117572
0.13626
0.138984
0.129532
0.106353
0.0714076
0.0177301
-0.0529879
-0.0659366
-0.0728306
-0.0803713
-0.0900866
-0.0832384
-0.108791
-0.094681
-0.00646292
0.0775779
0.11142
0.129519
0.132435
0.123103
0.0999995
0.06541
0.0120024
-0.057452
-0.0646348
-0.0711806
-0.0784612
-0.0870447
-0.0808843
-0.102641
-0.0867595
-0.00530649
0.0714435
0.105542
0.123064
0.126098
0.116871
0.0938676
0.0596654
0.00660473
-0.061585
-0.0633341
-0.06954
-0.0765458
-0.0840757
-0.0785262
-0.0968279
-0.079648
-0.00432638
0.0659208
0.0999212
0.116882
0.119972
0.110837
0.0879506
0.0541734
0.00152888
-0.0653992
-0.0620354
-0.0679101
-0.0746281
-0.0811856
-0.0761739
-0.0913469
-0.0732515
-0.00350582
0.0609463
0.0945484
0.110963
0.114057
0.104999
0.0822278
0.0489475
-0.00323374
-0.0689068
-0.0607396
-0.0662923
-0.0727123
-0.0783783
-0.0738351
-0.0861883
-0.0674872
-0.00282747
0.0564548
0.08942
0.105296
0.10835
0.0993591
0.0767463
0.0439331
-0.00769321
-0.0721194
-0.0594476
-0.0646879
-0.0708035
-0.0756561
-0.0715156
-0.0813399
-0.0622837
-0.00227405
0.0523835
0.0845355
0.0998724
0.102849
0.0939152
0.0714962
0.0391327
-0.0118594
-0.075048
-0.0581601
-0.0630982
-0.0689072
-0.0730202
-0.0692196
-0.0767879
-0.0575791
-0.00182893
0.04868
0.0798888
0.0946856
0.0975529
0.0886669
0.0664706
0.0345453
-0.0157424
-0.0777028
-0.0568781
-0.0615246
-0.0670286
-0.0704709
-0.0669502
-0.072517
-0.0533197
-0.00147653
0.0453001
0.0754727
0.0897252
0.0924555
0.0836126
0.0616637
0.0301685
-0.0193517
-0.0800937
-0.0556024
-0.0599682
-0.0651719
-0.0680085
-0.06471
-0.0685119
-0.049458
-0.00120271
0.0422062
0.0712755
0.0849794
0.0875548
0.0787505
0.0570697
0.0259992
-0.0226969
-0.0822308
-0.0543336
-0.0584299
-0.0633401
-0.0656327
-0.0625015
-0.0647567
-0.0459527
-0.000995094
0.0393668
0.0672858
0.0804425
0.0828469
0.0740786
0.0526834
0.0220348
-0.0257882
-0.0841239
-0.0530724
-0.0569105
-0.0615355
-0.0633421
-0.0603281
-0.0612361
-0.0427675
-0.000843131
0.0367565
0.0634908
0.0761067
0.0783278
0.0695946
0.048499
0.0182721
-0.0286357
-0.0857815
-0.0518198
-0.0554111
-0.0597599
-0.0611336
-0.058194
-0.0579349
-0.0398698
-0.000738468
0.0343675
0.0598634
0.0719641
0.0739928
0.0652954
0.0445098
0.0147064
-0.03125
-0.0872126
-0.0505767
-0.0539325
-0.0580148
-0.059003
-0.0561041
-0.0548387
-0.037225
-0.000674481
0.0321414
0.0564315
0.0680077
0.0698377
0.0611792
0.0407097
0.0113344
-0.0336405
-0.0884255
-0.0493409
-0.0524726
-0.0562985
-0.0569431
-0.0540626
-0.0519352
-0.034812
-0.000644526
0.030066
0.0531815
0.0642319
0.0658595
0.0572477
0.0370941
0.00815655
-0.035812
-0.0894223
-0.0481083
-0.051027
-0.0546066
-0.0549449
-0.0520709
-0.0492098
-0.0326133
-0.000646762
0.0281263
0.0501001
0.0606295
0.0620537
0.053482
0.033679
0.00517316
-0.0377679
-0.0902032
-0.0445352
-0.0468599
-0.0497455
-0.0492787
-0.0463993
-0.0417209
-0.0267194
-0.000703776
0.0228202
0.0415231
0.0505238
0.0513367
0.0428649
0.0241487
-0.0030847
-0.0429581
-0.0919019
-0.0389825
-0.0405769
-0.0425696
-0.0413362
-0.0384946
-0.032631
-0.0201951
-0.00093231
0.0165682
0.0307356
0.0374271
0.037274
0.0290431
0.0122135
-0.012597
-0.0475229
-0.09042
-0.033678
-0.0347376
-0.0360328
-0.0344315
-0.0316682
-0.0257814
-0.0156831
-0.00132836
0.0117481
0.0223688
0.0271622
0.02633
0.0185517
0.00358852
-0.0184455
-0.0486592
-0.0855985
-0.0286636
-0.0293474
-0.0301242
-0.0284213
-0.0258256
-0.0204664
-0.0124191
-0.00164318
0.00808032
0.0159477
0.0192091
0.0179193
0.0107913
-0.00228465
-0.0213756
-0.0470651
-0.0782928
-0.0239129
-0.0243425
-0.0247542
-0.0231327
-0.0208082
-0.0162109
-0.00992482
-0.00184639
0.00531537
0.0110678
0.013179
0.0116596
0.00535838
-0.00578265
-0.0218867
-0.0432221
-0.0689975
-0.0194007
-0.0196655
-0.019839
-0.018416
-0.0164395
-0.0126964
-0.00790026
-0.00191652
0.00326391
0.00738829
0.00867597
0.0071357
0.00180475
-0.00735636
-0.0204667
-0.0376243
-0.0582281
-0.0150926
-0.0152553
-0.0152924
-0.0141388
-0.0125602
-0.00968253
-0.00616096
-0.00186129
0.00177834
0.00463841
0.00537528
0.00398969
-0.00025821
-0.00740363
-0.0175379
-0.0306736
-0.0463647
-0.0109501
-0.0110531
-0.0110309
-0.010186
-0.00903538
-0.00700025
-0.00458854
-0.00168822
0.000718728
0.00258541
0.00297688
0.00188826
-0.00119227
-0.00629604
-0.0134826
-0.0227289
-0.0337262
-0.00693138
-0.00700113
-0.00697389
-0.0064561
-0.00574978
-0.00452663
-0.00311326
-0.00142865
-4.8248e-05
0.00101125
0.00119754
0.000507683
-0.00134842
-0.00439275
-0.00865576
-0.0141113
-0.0205825
-0.00297759
-0.00302809
-0.00302757
-0.00285003
-0.00260065
-0.00217279
-0.00168909
-0.00111754
-0.000658512
-0.00030441
-0.000239213
-0.000460393
-0.00105428
-0.00202656
-0.00338333
-0.00511407
-0.00716358
-14.8408
-12.5116
-9.91154
-8.70143
-8.55321
-9.13523
-11.0805
-13.1377
-9.81456
-1.61576
2.67519
3.12498
2.8689
2.37314
1.88646
1.48928
1.18554
0.956523
0.783019
0.649662
0.545262
0.461948
0.394273
0.338426
0.291753
0.252318
0.218726
0.189901
0.165041
0.143537
0.124875
0.108631
0.0944062
0.0819496
0.0710258
0.0614201
0.0529478
0.0454247
0.0387686
0.0328269
0.0274946
0.0226479
0.0182301
0.0141567
0.0103466
0.00672272
0.0032391
-0.000165299
-0.00354975
-0.00698691
-0.0105253
-0.0142527
-0.0182284
-0.0225188
-0.0271869
-0.0323578
-0.0381182
-0.0445747
-0.0518544
-0.0601161
-0.0695516
-0.0803733
-0.0928294
-0.107265
-0.124162
-0.144152
-0.168124
-0.197388
-0.233925
-0.280765
-0.342525
-0.426222
-0.542381
-0.706128
-0.937459
-1.26138
-1.68728
-2.28729
-2.6431
-3.88861
-1.94471
-4.87326
5.70415
1.8599
23.881
21.4093
30.6099
21.5519
-14.8415
-12.5123
-9.91213
-8.70202
-8.55412
-9.13591
-11.0811
-13.139
-9.81529
-1.61631
2.6747
3.12441
2.86815
2.37246
1.88579
1.48861
1.18486
0.95584
0.782328
0.648965
0.544558
0.461237
0.393555
0.337699
0.291017
0.251574
0.217978
0.189152
0.16429
0.142786
0.124124
0.107879
0.0936546
0.0811979
0.0702739
0.0606682
0.0521959
0.0446728
0.0380167
0.032075
0.0267428
0.021896
0.0174782
0.0134047
0.00959454
0.00597065
0.00248704
-0.00091734
-0.00430176
-0.0077389
-0.0112772
-0.0150046
-0.0189804
-0.0232709
-0.027939
-0.03311
-0.0388704
-0.045327
-0.0526067
-0.0608686
-0.0703041
-0.0811255
-0.0935806
-0.108015
-0.12491
-0.144896
-0.168861
-0.198116
-0.234644
-0.281477
-0.34323
-0.426919
-0.543069
-0.70681
-0.938136
-1.26205
-1.68796
-2.28796
-2.64382
-3.88932
-1.94534
-4.87392
5.7035
1.85924
23.8803
21.4087
30.6096
21.5516
-14.8412
-12.5119
-9.91174
-8.70162
-8.55315
-9.13538
-11.0808
-13.1378
-9.81501
-1.61596
2.6751
3.12478
2.86878
2.37292
1.88624
1.48905
1.18531
0.956306
0.782808
0.649458
0.545067
0.461759
0.394092
0.338254
0.291589
0.252162
0.218575
0.189752
0.164893
0.14339
0.124728
0.108484
0.0942594
0.0818028
0.0708789
0.0612733
0.0528011
0.0452781
0.0386221
0.0326805
0.0273483
0.0225016
0.0180838
0.0140104
0.0102002
0.00657635
0.00309275
-0.00031165
-0.0036961
-0.00713327
-0.0106716
-0.0143991
-0.018375
-0.0226655
-0.0273337
-0.0325047
-0.0382653
-0.0447219
-0.0520017
-0.0602636
-0.0696993
-0.080521
-0.0929775
-0.107415
-0.124313
-0.144307
-0.168286
-0.197558
-0.234102
-0.280951
-0.342716
-0.426423
-0.542588
-0.706341
-0.937677
-1.2616
-1.6875
-2.2875
-2.6433
-3.88882
-1.9451
-4.87361
5.70372
1.85935
23.8809
21.4094
30.6106
21.5525
-14.8417
-12.5124
-9.91195
-8.70185
-8.55421
-9.13581
-11.0812
-13.1396
-9.81555
-1.61605
2.67513
3.12458
2.86815
2.37248
1.88581
1.48863
1.18487
0.955853
0.782337
0.64897
0.54456
0.461233
0.393544
0.337681
0.290989
0.25154
0.217939
0.18911
0.164247
0.142743
0.12408
0.107836
0.0936108
0.0811541
0.0702301
0.0606243
0.0521519
0.0446289
0.0379727
0.032031
0.0266988
0.021852
0.0174341
0.0133606
0.00955047
0.00592657
0.00244298
-0.00096139
-0.00434579
-0.0077829
-0.0113212
-0.0150486
-0.0190244
-0.0233148
-0.0279828
-0.0331538
-0.0389142
-0.0453707
-0.0526503
-0.0609121
-0.0703476
-0.0811686
-0.093623
-0.108056
-0.124949
-0.14493
-0.168888
-0.198135
-0.234654
-0.281479
-0.343225
-0.426907
-0.54305
-0.706783
-0.938101
-1.26201
-1.68792
-2.28792
-2.64385
-3.88934
-1.94545
-4.87409
5.70333
1.85891
23.8807
21.4093
30.6115
21.5534
-14.8416
-12.512
-9.91165
-8.7015
-8.55292
-9.1353
-11.0809
-13.1382
-9.81558
-1.61578
2.67552
3.12491
2.86885
2.37289
1.88619
1.48901
1.18527
0.956273
0.782782
0.649439
0.545053
0.461751
0.394089
0.33826
0.291604
0.252185
0.218603
0.189783
0.164925
0.143424
0.124762
0.108518
0.094293
0.0818366
0.0709127
0.0613072
0.052835
0.0453121
0.0386562
0.0327146
0.0273825
0.0225358
0.018118
0.0140446
0.0102345
0.00661066
0.00312707
-0.000277327
-0.00366178
-0.00709896
-0.0106373
-0.0143648
-0.0183407
-0.0226313
-0.0272994
-0.0324705
-0.0382311
-0.0446878
-0.0519676
-0.0602295
-0.0696652
-0.0804872
-0.0929445
-0.107383
-0.124283
-0.144282
-0.168268
-0.197548
-0.2341
-0.280952
-0.342723
-0.426433
-0.542601
-0.706357
-0.937694
-1.26162
-1.68753
-2.28753
-2.64336
-3.88889
-1.94539
-4.87388
5.7033
1.85871
23.8814
21.4101
30.613
21.5548
-14.8421
-12.5125
-9.9117
-8.70161
-8.55416
-9.13562
-11.0812
-13.1403
-9.81609
-1.61569
2.67579
3.12483
2.86822
2.37251
1.88583
1.48864
1.18489
0.955864
0.782348
0.648977
0.544565
0.461235
0.393542
0.337676
0.290976
0.251518
0.217911
0.18908
0.164216
0.142711
0.124047
0.107803
0.0935783
0.0811216
0.0701975
0.0605917
0.0521194
0.0445962
0.0379401
0.0319984
0.0266661
0.0218193
0.0174014
0.0133279
0.00951778
0.00589389
0.00241031
-0.000994041
-0.00437842
-0.00781549
-0.0113538
-0.0150811
-0.0190568
-0.0233472
-0.0280152
-0.0331861
-0.0389464
-0.0454028
-0.0526824
-0.0609441
-0.0703795
-0.0812002
-0.0936536
-0.108085
-0.124975
-0.144951
-0.168902
-0.19814
-0.234654
-0.281473
-0.343212
-0.426888
-0.543023
-0.706747
-0.938057
-1.26196
-1.68787
-2.28788
-2.64389
-3.88937
-1.94573
-4.87443
5.70294
1.8582
23.8814
21.4104
30.6147
21.5564
-14.8422
-12.5123
-9.91143
-8.70125
-8.55271
-9.13517
-11.0811
-13.1392
-9.81639
-1.61543
2.67626
3.12517
2.86892
2.37287
1.88614
1.48896
1.18523
0.956241
0.782757
0.64942
0.54504
0.461744
0.394086
0.338261
0.291611
0.2522
0.218625
0.189809
0.164953
0.143452
0.124791
0.108547
0.0943228
0.0818664
0.0709427
0.0613373
0.0528652
0.0453423
0.0386865
0.0327449
0.0274129
0.0225662
0.0181485
0.0140752
0.0102651
0.00664124
0.00315766
-0.000246726
-0.00363118
-0.00706837
-0.0106068
-0.0143343
-0.0183101
-0.0226007
-0.0272689
-0.03244
-0.0382006
-0.0446573
-0.0519371
-0.0601991
-0.0696348
-0.0804571
-0.0929153
-0.107355
-0.124258
-0.144262
-0.168256
-0.19754
-0.234095
-0.280951
-0.342724
-0.426436
-0.542606
-0.706361
-0.937697
-1.26162
-1.68754
-2.28754
-2.64346
-3.88899
-1.94578
-4.87428
5.70272
1.85776
23.8821
21.4112
30.6169
21.5584
-14.8427
-12.5127
-9.91139
-8.70129
-8.55396
-9.13536
-11.0814
-13.141
-9.81693
-1.61522
2.6767
3.12516
2.86835
2.37254
1.88583
1.48864
1.18489
0.955866
0.78235
0.64898
0.544566
0.461234
0.393539
0.33767
0.290969
0.251503
0.21789
0.189055
0.164189
0.142683
0.124019
0.107775
0.0935499
0.0810931
0.0701691
0.0605633
0.0520909
0.0445678
0.0379117
0.0319699
0.0266377
0.0217908
0.017373
0.0132995
0.00948932
0.00586544
0.00238187
-0.00102245
-0.00440679
-0.00784384
-0.0113821
-0.0151094
-0.019085
-0.0233753
-0.0280433
-0.0332141
-0.0389744
-0.0454307
-0.0527102
-0.0609718
-0.070407
-0.0812271
-0.0936793
-0.108109
-0.124996
-0.144965
-0.168908
-0.198144
-0.234654
-0.281468
-0.3432
-0.426869
-0.542996
-0.70671
-0.938011
-1.26191
-1.68782
-2.28783
-2.64394
-3.88942
-1.94616
-4.87491
5.70231
1.85713
23.8824
21.4118
30.6193
21.5608
-14.843
-12.5125
-9.91111
-8.7009
-8.55252
-9.13497
-11.0813
-13.1405
-9.81743
-1.61491
2.67729
3.12553
2.86902
2.37285
1.88609
1.48891
1.18519
0.956208
0.782732
0.649402
0.545027
0.461736
0.394083
0.338261
0.291613
0.252207
0.21864
0.189829
0.164975
0.143476
0.124816
0.108572
0.0943478
0.0818916
0.070968
0.0613627
0.0528907
0.0453679
0.0387121
0.0327706
0.0274387
0.0225921
0.0181744
0.0141011
0.0102911
0.00666726
0.0031837
-0.000220682
-0.00360513
-0.00704232
-0.0105807
-0.0143082
-0.0182841
-0.0225747
-0.0272429
-0.032414
-0.0381746
-0.0446313
-0.0519111
-0.060173
-0.0696088
-0.0804317
-0.0928911
-0.107332
-0.124239
-0.14425
-0.168247
-0.197533
-0.234089
-0.280947
-0.342722
-0.426434
-0.542603
-0.706356
-0.937688
-1.26161
-1.68753
-2.28755
-2.64359
-3.88913
-1.9463
-4.87484
5.70196
1.8565
23.883
21.4127
30.6222
21.5635
-14.8436
-12.5129
-9.911
-8.70088
-8.55364
-9.13505
-11.0816
-13.142
-9.81808
-1.61462
2.67788
3.12558
2.86851
2.37257
1.88582
1.48862
1.18487
0.955859
0.782346
0.648977
0.544563
0.46123
0.393534
0.337664
0.290963
0.251498
0.217876
0.189035
0.164167
0.14266
0.123995
0.107751
0.0935262
0.0810695
0.0701454
0.0605397
0.0520673
0.0445442
0.0378881
0.0319463
0.0266141
0.0217672
0.0173493
0.0132758
0.0094657
0.00584183
0.00235828
-0.00104601
-0.00443031
-0.00786731
-0.0114055
-0.0151327
-0.0191083
-0.0233986
-0.0280665
-0.0332372
-0.0389974
-0.0454537
-0.0527331
-0.0609945
-0.0704295
-0.0812488
-0.0936994
-0.108127
-0.125009
-0.144971
-0.168913
-0.198146
-0.234653
-0.281462
-0.343188
-0.42685
-0.542968
-0.706673
-0.937962
-1.26185
-1.68777
-2.28778
-2.64402
-3.88949
-1.94674
-4.87554
5.70148
1.85572
23.8836
21.4136
30.6254
21.5665
-14.844
-12.5129
-9.91069
-8.70044
-8.55231
-9.13469
-11.0816
-13.1422
-9.81874
-1.61425
2.67861
3.126
2.86914
2.37284
1.88604
1.48886
1.18515
0.956175
0.782707
0.649384
0.545015
0.461728
0.394079
0.33826
0.291613
0.252207
0.218645
0.189841
0.164991
0.143494
0.124835
0.108592
0.0943676
0.0819115
0.070988
0.0613828
0.0529109
0.0453882
0.0387325
0.0327912
0.0274593
0.0226127
0.0181952
0.0141219
0.0103119
0.00668813
0.00320459
-0.000199772
-0.00358421
-0.0070214
-0.0105598
-0.0142873
-0.0182632
-0.0225538
-0.027222
-0.0323931
-0.0381537
-0.0446104
-0.0518902
-0.060152
-0.0695879
-0.0804117
-0.0928726
-0.107316
-0.124227
-0.144242
-0.168239
-0.197525
-0.234082
-0.280941
-0.342716
-0.426427
-0.542593
-0.70634
-0.937666
-1.26158
-1.68752
-2.28754
-2.64374
-3.88928
-1.94696
-4.87555
5.70101
1.85492
23.8843
21.4147
30.6289
21.5699
-14.8446
-12.5133
-9.91052
-8.70038
-8.55322
-9.13468
-11.0818
-13.1434
-9.81951
-1.61388
2.67934
3.1261
2.86871
2.3726
1.8858
1.48859
1.18485
0.955843
0.782335
0.648969
0.544557
0.461225
0.393528
0.337658
0.290957
0.251493
0.217873
0.189023
0.164152
0.142642
0.123977
0.107732
0.0935077
0.0810511
0.0701271
0.0605213
0.052049
0.0445259
0.0378698
0.031928
0.0265958
0.0217489
0.017331
0.0132576
0.00944745
0.00582359
0.00234007
-0.00106419
-0.00444844
-0.0078854
-0.0114235
-0.0151507
-0.0191262
-0.0234164
-0.0280842
-0.0332549
-0.039015
-0.0454711
-0.0527505
-0.0610118
-0.0704464
-0.0812644
-0.0937129
-0.108139
-0.125013
-0.144974
-0.168916
-0.198147
-0.23465
-0.281455
-0.343176
-0.42683
-0.542939
-0.706632
-0.93791
-1.26179
-1.68771
-2.28773
-2.64412
-3.88959
-1.94745
-4.87631
5.70044
1.85397
23.885
21.4159
30.6328
21.5736
-14.8452
-12.5133
-9.91017
-8.69989
-8.55207
-9.13434
-11.0819
-13.144
-9.82031
-1.61345
2.6802
3.12656
2.86929
2.37283
1.88599
1.48881
1.1851
0.95614
0.782681
0.649365
0.545002
0.46172
0.394074
0.338257
0.291612
0.252206
0.218644
0.189846
0.164999
0.143505
0.124848
0.108605
0.0943815
0.0819256
0.0710023
0.0613972
0.0529255
0.0454029
0.0387473
0.032806
0.0274743
0.0226278
0.0182103
0.0141371
0.0103272
0.00670339
0.00321988
-0.000184462
-0.00356889
-0.00700608
-0.0105444
-0.014272
-0.0182479
-0.0225385
-0.0272066
-0.0323777
-0.0381383
-0.044595
-0.0518747
-0.0601365
-0.0695727
-0.0803978
-0.0928607
-0.107306
-0.124222
-0.144236
-0.168232
-0.197518
-0.234075
-0.280933
-0.342708
-0.426416
-0.542576
-0.706316
-0.937633
-1.26154
-1.68749
-2.28753
-2.64392
-3.88946
-1.94775
-4.87643
5.69987
1.85299
23.8859
21.4171
30.637
21.5776
-14.8459
-12.5137
-9.90995
-8.69977
-8.55273
-9.13425
-11.0821
-13.1452
-9.82121
-1.61301
2.68107
3.12672
2.86893
2.37262
1.88576
1.48856
1.18482
0.955821
0.782319
0.648958
0.544548
0.461217
0.393521
0.337652
0.290952
0.251489
0.21787
0.18902
0.164145
0.142632
0.123965
0.10772
0.0934949
0.0810383
0.0701144
0.0605087
0.0520365
0.0445133
0.0378573
0.0319155
0.0265833
0.0217364
0.0173185
0.0132451
0.00943497
0.00581112
0.00232763
-0.00107659
-0.00446078
-0.00789768
-0.0114357
-0.0151628
-0.0191383
-0.0234285
-0.0280961
-0.0332668
-0.0390267
-0.0454828
-0.052762
-0.0610232
-0.0704572
-0.0812733
-0.0937193
-0.108141
-0.125014
-0.144975
-0.168916
-0.198146
-0.234647
-0.281447
-0.343162
-0.426809
-0.542908
-0.706589
-0.937853
-1.26172
-1.68765
-2.28767
-2.64425
-3.88973
-1.9483
-4.87721
5.6992
1.85189
23.8868
21.4185
30.6417
21.582
-14.8469
-12.5138
-9.90937
-8.69899
-8.55127
-9.13375
-11.0823
-13.1465
-9.82262
-1.61226
2.68257
3.12747
2.86975
2.37293
1.88602
1.48884
1.18517
0.956245
0.782821
0.649539
0.545208
0.461956
0.39434
0.338552
0.291937
0.25256
0.219025
0.190251
0.165426
0.143947
0.125299
0.10906
0.0948368
0.0823814
0.0714587
0.0618542
0.053383
0.0458607
0.0392056
0.0332646
0.0279332
0.0230871
0.0186699
0.0145971
0.0107874
0.00716367
0.00368021
0.000275827
-0.00310869
-0.00654603
-0.0100845
-0.0138122
-0.0177883
-0.0220791
-0.0267473
-0.0319187
-0.0376795
-0.0441363
-0.0514162
-0.0596781
-0.0691162
-0.0799485
-0.0924238
-0.106886
-0.123821
-0.14386
-0.167881
-0.197194
-0.233779
-0.280664
-0.342464
-0.426195
-0.542375
-0.70613
-0.937457
-1.26138
-1.68735
-2.28742
-2.64405
-3.88962
-1.94887
-4.87758
5.69818
1.85016
23.8882
21.4207
30.6491
21.5891
-14.8486
-12.5147
-9.90879
-8.6986
-8.55198
-9.13338
-11.0828
-13.1492
-9.82483
-1.61117
2.68473
3.12795
2.86922
2.37257
1.88559
1.48836
1.18463
0.955621
0.782109
0.648732
0.544302
0.460949
0.393229
0.337334
0.290609
0.251121
0.217479
0.188611
0.163718
0.142178
0.123492
0.10724
0.0930148
0.080558
0.0696338
0.0600278
0.0515551
0.0440316
0.0373753
0.0314332
0.0261007
0.0212535
0.0168353
0.0127616
0.00895131
0.00532741
0.00184397
-0.00156008
-0.004944
-0.00838058
-0.0119182
-0.015645
-0.01962
-0.0239097
-0.028577
-0.033747
-0.0395065
-0.045962
-0.0532407
-0.0615013
-0.0709303
-0.0817318
-0.0941562
-0.108559
-0.125414
-0.145352
-0.169266
-0.198465
-0.234931
-0.281694
-0.343367
-0.426967
-0.543014
-0.70664
-0.937849
-1.26167
-1.6876
-2.28763
-2.64461
-3.89007
-1.95014
-4.87921
5.69656
1.84747
23.8904
21.4241
30.6604
21.6
-14.8504
-12.5151
-9.90785
-8.69736
-8.5505
-9.13268
-11.0832
-13.1517
-9.82726
-1.60988
2.68728
3.12913
2.87022
2.37293
1.88588
1.4887
1.18505
0.956154
0.782756
0.649493
0.545176
0.461935
0.394326
0.338543
0.29193
0.252553
0.219017
0.190238
0.165416
0.143945
0.125313
0.109081
0.0948581
0.0824032
0.0714809
0.0618768
0.0534061
0.0458841
0.0392294
0.0332889
0.0279578
0.0231119
0.018695
0.0146224
0.0108129
0.00718937
0.00370601
0.000301679
-0.00308282
-0.0065202
-0.0100587
-0.0137865
-0.0177626
-0.0220534
-0.0267216
-0.0318931
-0.0376539
-0.0441107
-0.0513905
-0.0596523
-0.0690941
-0.0799356
-0.092422
-0.106882
-0.123813
-0.143846
-0.167865
-0.197176
-0.233758
-0.280639
-0.342433
-0.426154
-0.542317
-0.706049
-0.937349
-1.26125
-1.68726
-2.28735
-2.64456
-3.89012
-1.95122
-4.8802
5.69479
1.84448
23.8929
21.4279
30.6732
21.6122
-14.8525
-12.516
-9.90707
-8.69678
-8.55064
-9.13211
-11.0838
-13.1549
-9.83002
-1.60851
2.69001
3.12983
2.86988
2.37262
1.88548
1.48823
1.18452
0.955542
0.782052
0.64869
0.544271
0.460924
0.393209
0.337318
0.290596
0.251113
0.217476
0.188613
0.163722
0.142182
0.12348
0.10722
0.0929949
0.0805384
0.0696144
0.0600085
0.0515359
0.0440124
0.0373562
0.031414
0.0260816
0.0212342
0.0168159
0.0127422
0.00893192
0.00530803
0.00182467
-0.00157924
-0.00496295
-0.00839934
-0.0119367
-0.0156633
-0.019638
-0.0239276
-0.0285946
-0.0337642
-0.0395234
-0.0459787
-0.053257
-0.0615173
-0.0709409
-0.0817285
-0.0941507
-0.108554
-0.12541
-0.145351
-0.169263
-0.198459
-0.234918
-0.281671
-0.343329
-0.426909
-0.542928
-0.706519
-0.937688
-1.26148
-1.68743
-2.28748
-2.64503
-3.8905
-1.95271
-4.88193
5.69279
1.84113
23.8957
21.4322
30.6874
21.6257
-14.8548
-12.5166
-9.90596
-8.69535
-8.54928
-9.13131
-11.0842
-13.158
-9.833
-1.60695
2.69311
3.13119
2.87084
2.37294
1.88571
1.48853
1.18491
0.956046
0.782677
0.649436
0.545135
0.461905
0.394304
0.338526
0.291916
0.25254
0.219003
0.190222
0.1654
0.143932
0.125307
0.109086
0.0948653
0.0824109
0.071489
0.0618854
0.0534153
0.0458936
0.0392392
0.0332992
0.0279684
0.0231229
0.0187063
0.0146341
0.0108249
0.00720144
0.00371821
0.000313932
-0.00307054
-0.00650795
-0.0100465
-0.0137742
-0.0177504
-0.0220412
-0.0267092
-0.0318808
-0.0376415
-0.0440981
-0.0513777
-0.0596392
-0.0690877
-0.0799349
-0.0924226
-0.106882
-0.123808
-0.143838
-0.167853
-0.19716
-0.233738
-0.280613
-0.342396
-0.426101
-0.542241
-0.70594
-0.937204
-1.26108
-1.68713
-2.28726
-2.64514
-3.8907
-1.95411
-4.8834
5.69061
1.83747
23.8987
21.4368
30.703
21.6406
-14.8572
-12.5176
-9.905
-8.69458
-8.54931
-9.13061
-11.0849
-13.1618
-9.8363
-1.60529
2.69639
3.13211
2.87066
2.37266
1.88532
1.48807
1.18439
0.955442
0.78198
0.648639
0.544234
0.460897
0.393188
0.337303
0.290585
0.251106
0.217474
0.188615
0.163726
0.142186
0.123487
0.107215
0.0929882
0.080532
0.0696083
0.0600027
0.0515303
0.0440067
0.0373506
0.0314083
0.0260761
0.0212286
0.0168103
0.0127365
0.0089262
0.00530232
0.00181906
-0.00158468
-0.00496817
-0.00840433
-0.0119413
-0.0156678
-0.0196422
-0.0239315
-0.0285982
-0.0337675
-0.0395264
-0.0459814
-0.0532594
-0.0615192
-0.0709325
-0.0817181
-0.094141
-0.108543
-0.125401
-0.145341
-0.169253
-0.198444
-0.234897
-0.281639
-0.343282
-0.426839
-0.542827
-0.706377
-0.937501
-1.26125
-1.68724
-2.28732
-2.64557
-3.89105
-1.95584
-4.88528
5.68822
1.83346
23.902
21.4419
30.72
21.6569
-14.8599
-12.5183
-9.9037
-8.69294
-8.54755
-9.12965
-11.0855
-13.1655
-9.83984
-1.60346
2.70005
3.13364
2.8716
2.37296
1.88553
1.48833
1.18475
0.955922
0.782585
0.649369
0.545085
0.461868
0.394275
0.338502
0.291895
0.252521
0.218984
0.190203
0.165382
0.143915
0.12529
0.109075
0.094858
0.0824042
0.0714829
0.0618797
0.0534101
0.045889
0.039235
0.0332954
0.027965
0.0231199
0.0187037
0.0146318
0.0108229
0.00719971
0.00371663
0.000312423
-0.00307201
-0.00650944
-0.010048
-0.0137756
-0.0177519
-0.0220426
-0.0267104
-0.0318821
-0.0376426
-0.044099
-0.0513782
-0.0596399
-0.0690931
-0.0799405
-0.0924264
-0.106885
-0.123808
-0.143834
-0.167845
-0.197148
-0.233719
-0.280585
-0.342355
-0.426038
-0.542147
-0.705806
-0.937024
-1.26086
-1.68696
-2.28712
-2.64581
-3.89136
-1.95755
-4.88715
5.68563
1.82912
23.9056
21.4474
30.7385
21.6745
-14.8813
-12.5268
-9.89553
-8.68627
-8.55088
-9.12401
-11.0915
-13.1975
-9.86794
-1.58926
2.72818
3.14194
2.87108
2.37111
1.88268
1.48497
1.18092
0.951528
0.777531
0.643591
0.538547
0.454553
0.386179
0.329625
0.282249
0.242136
0.207927
0.178599
0.153297
0.131302
0.112153
0.0955375
0.0812272
0.0687591
0.057824
0.0482056
0.0397175
0.0321771
0.0255102
0.0195515
0.0142072
0.00934421
0.00491161
0.00082631
-0.00299307
-0.00662099
-0.0101046
-0.013504
-0.0168797
-0.0203059
-0.0238307
-0.0275479
-0.0315078
-0.0357873
-0.0404437
-0.0455951
-0.0513418
-0.0577857
-0.0650529
-0.0732775
-0.0824448
-0.0928365
-0.104862
-0.118904
-0.135344
-0.154736
-0.177999
-0.206462
-0.242117
-0.287998
-0.348718
-0.431295
-0.546267
-0.708798
-0.938954
-1.26188
-1.68753
-2.2873
-2.64904
-3.89405
-1.97199
-4.90268
5.66525
1.7949
23.9338
21.4907
30.8838
21.814
-14.9541
-12.548
-9.85645
-8.63824
-8.44004
-9.08776
-11.1036
-13.27
-9.97141
-1.53622
2.83351
3.18174
2.88801
2.37452
1.88318
1.48608
1.18362
0.956092
0.783982
0.651859
0.548539
0.466173
0.399341
0.344254
0.298266
0.259444
0.226383
0.197999
0.17355
0.152457
0.134157
0.118143
0.103994
0.0915772
0.080686
0.0711119
0.0626775
0.0552524
0.0486245
0.0427266
0.0374673
0.0326889
0.0283331
0.0243135
0.0205534
0.0169553
0.0134803
0.010065
0.00665693
0.00318656
-0.000395157
-0.00413652
-0.00816368
-0.0124658
-0.0171829
-0.0223822
-0.0281494
-0.0346098
-0.0418926
-0.0501529
-0.0597505
-0.0708573
-0.0836225
-0.0983591
-0.115572
-0.135971
-0.160435
-0.190254
-0.227382
-0.274805
-0.337091
-0.421177
-0.537488
-0.701088
-0.932049
-1.25572
-1.68302
-2.28417
-2.65812
-3.90357
-2.02314
-4.95847
5.59008
1.66851
24.0378
21.6503
31.4214
22.326
-15.0773
-12.5947
-9.81284
-8.60162
-8.56144
-9.07202
-11.1451
-13.5559
-10.1285
-1.45663
2.99125
3.23513
2.90187
2.37292
1.87665
1.47858
1.17591
0.948075
0.775367
0.642397
0.538066
0.454602
0.386636
0.330417
0.283329
0.243473
0.209489
0.180331
0.155158
0.133312
0.114328
0.0978702
0.08361
0.0711546
0.0602301
0.0506206
0.0421398
0.0346279
0.0279664
0.0220013
0.0166078
0.0117005
0.00723711
0.00311659
-0.000732357
-0.00437641
-0.00786005
-0.0112449
-0.0145957
-0.017992
-0.0214741
-0.0251803
-0.0290941
-0.0333646
-0.0380342
-0.0431693
-0.0489073
-0.0553419
-0.0625971
-0.0708129
-0.0800541
-0.0905437
-0.102637
-0.116707
-0.133186
-0.152629
-0.175913
-0.20433
-0.239834
-0.285422
-0.345641
-0.427436
-0.541286
-0.702346
-0.930859
-1.25254
-1.67984
-2.28113
-2.67234
-3.91767
-2.10024
-5.04196
5.47706
1.47787
24.191
21.8888
32.2354
23.1014
-15.2214
-12.6375
-9.7329
-8.50678
-8.29511
-8.98704
-11.1658
-13.5577
-10.3381
-1.34822
3.20477
3.31114
2.92646
2.37476
1.87291
1.47529
1.1746
0.949041
0.77852
0.647542
0.544998
0.463134
0.39661
0.341694
0.295783
0.256977
0.223901
0.195508
0.171047
0.149899
0.13152
0.115438
0.101302
0.0889173
0.0780536
0.0685033
0.0600902
0.0526613
0.0460509
0.0401736
0.0348986
0.0301757
0.0258533
0.0218957
0.0181794
0.0146078
0.0111442
0.00772534
0.00430512
0.000814583
-0.00279576
-0.00653375
-0.0105367
-0.0148311
-0.019522
-0.0247142
-0.030469
-0.0369151
-0.0441819
-0.052425
-0.0619176
-0.0728831
-0.0855195
-0.100139
-0.117202
-0.137386
-0.161579
-0.191058
-0.22774
-0.274547
-0.335963
-0.418795
-0.533344
-0.694626
-0.922947
-1.24446
-1.67357
-2.27635
-2.69082
-3.93614
-2.2027
-5.15312
5.32528
1.22065
24.3942
22.2042
33.336
24.1287
-15.4294
-12.7143
-9.65608
-8.43872
-8.51524
-8.97061
-11.2371
-14.1861
-10.6252
-1.21411
3.47393
3.40026
2.95211
2.37372
1.8646
1.46625
1.16613
0.941075
0.770643
0.639376
0.536281
0.453714
0.386414
0.330705
0.284023
0.244499
0.210785
0.181835
0.156837
0.135171
0.116357
0.100032
0.085829
0.0734076
0.0625113
0.0529262
0.044468
0.0369878
0.030344
0.02439
0.0190393
0.0141742
0.00971623
0.0055375
0.00166692
-0.0019955
-0.00547538
-0.00884146
-0.0121628
-0.015526
-0.0190106
-0.0227059
-0.0266259
-0.0308854
-0.0355479
-0.0406747
-0.046398
-0.0528152
-0.0600496
-0.068243
-0.077519
-0.0880664
-0.100196
-0.114272
-0.130739
-0.150162
-0.173379
-0.201636
-0.236823
-0.281863
-0.341184
-0.42158
-0.533406
-0.691779
-0.917247
-1.23652
-1.66641
-2.27034
-2.71348
-3.95875
-2.33068
-5.29198
5.13349
0.893707
24.6424
22.5987
34.7128
25.4681
-15.6538
-12.7832
-9.53374
-8.29966
-8.1231
-8.81631
-11.2684
-14.0889
-10.9056
-1.02376
3.80871
3.51909
2.98324
2.37315
1.85663
1.45875
1.16104
0.938647
0.770647
0.641479
0.540168
0.459118
0.393115
0.338525
0.292809
0.254115
0.221106
0.192762
0.168321
0.147157
0.128746
0.112656
0.098559
0.0862158
0.0753878
0.0658677
0.0574792
0.0500606
0.04347
0.0376076
0.0323304
0.0275913
0.0232792
0.0193339
0.0156609
0.0121257
0.00867725
0.00525777
0.00182932
-0.00163818
-0.00522101
-0.00894701
-0.012925
-0.0172043
-0.0218766
-0.0270432
-0.032778
-0.0392014
-0.0464422
-0.0546535
-0.0640558
-0.0748889
-0.087384
-0.101853
-0.118732
-0.138658
-0.162502
-0.191505
-0.227522
-0.273384
-0.333438
-0.414304
-0.526097
-0.683751
-0.907892
-1.22588
-1.65733
-2.2629
-2.74002
-3.98519
-2.48424
-5.45859
4.90013
0.493038
24.9375
23.0671
36.4946
26.9631
-15.9487
-12.8862
-9.4161
-8.18805
-8.39699
-8.82245
-11.3697
-14.9858
-11.3888
-0.881181
4.17804
3.63265
3.01603
2.37053
1.84573
1.44767
1.15148
0.930479
0.763326
0.634495
0.533157
0.451853
0.385473
0.330451
0.284294
0.245181
0.21179
0.183095
0.158318
0.136851
0.118211
0.102008
0.0878767
0.0755102
0.0646607
0.0551165
0.0466964
0.0392533
0.0326392
0.0267161
0.0214032
0.0165798
0.0121514
0.00804969
0.0041726
0.000483907
-0.00298806
-0.00633071
-0.00964726
-0.0130139
-0.0165
-0.0201848
-0.0241031
-0.028349
-0.0329947
-0.0381113
-0.043814
-0.0502068
-0.0574125
-0.0655746
-0.074847
-0.0854122
-0.0975492
-0.111608
-0.128024
-0.147366
-0.170439
-0.198432
-0.233151
-0.277408
-0.335461
-0.413868
-0.52278
-0.67723
-0.89817
-1.21366
-1.6464
-2.25391
-2.77004
-4.01507
-2.66337
-5.65285
4.62351
0.0139153
25.2707
23.6145
38.3772
29.1038
-16.2688
-12.9911
-9.2486
-8.00584
-7.9453
-8.55422
-11.4077
-15.0063
-11.7453
-0.519477
4.72565
3.81183
3.0518
2.36635
1.8335
1.43627
1.14299
0.925019
0.760479
0.633775
0.53414
0.454201
0.388926
0.334808
0.289398
0.250904
0.21803
0.18978
0.165394
0.144258
0.125865
0.109811
0.0957707
0.083478
0.072693
0.0632089
0.0548486
0.0474518
0.0408841
0.0350327
0.0297671
0.0250232
0.0207077
0.0167311
0.0130317
0.00954704
0.00611703
0.00271456
-0.000684717
-0.00412169
-0.00767093
-0.011377
-0.0153271
-0.0195842
-0.0242329
-0.0293677
-0.0350742
-0.0414661
-0.0486701
-0.0568363
-0.066156
-0.076861
-0.0892003
-0.103487
-0.120141
-0.139757
-0.163166
-0.191552
-0.226683
-0.271259
-0.329455
-0.407631
-0.515657
-0.668337
-0.886683
-1.19957
-1.63347
-2.24326
-2.80325
-4.04803
-2.86832
-5.87479
4.30107
-0.549719
25.6452
24.2312
41.1328
30.8025
-16.652
-13.1041
-9.08028
-7.83772
-8.18246
-8.61381
-11.5512
-15.8519
-12.3956
-0.419686
5.04265
3.92312
3.07995
2.35929
1.8188
1.42246
1.13183
0.916253
0.753397
0.627731
0.528663
0.44898
0.383771
0.32961
0.2841
0.245484
0.212479
0.184095
0.159578
0.13833
0.119866
0.103791
0.0897518
0.0774617
0.0666777
0.0571912
0.0488238
0.0414253
0.0348519
0.0289741
0.0236988
0.0189191
0.0145398
0.0104969
0.00668992
0.00302304
-0.000435222
-0.00377156
-0.0070894
-0.0104585
-0.0139448
-0.0176184
-0.0215292
-0.0257585
-0.0303833
-0.0354826
-0.0411597
-0.0475218
-0.0546912
-0.0628129
-0.0720527
-0.082602
-0.0947201
-0.108738
-0.125074
-0.144286
-0.167148
-0.19479
-0.22891
-0.27218
-0.328629
-0.404496
-0.509633
-0.658936
-0.873744
-1.18355
-1.61833
-2.23081
-2.83898
-4.08345
-3.09862
-6.12564
3.93133
-1.2044
26.0462
24.9083
43.313
34.3291
-10.7823
-7.00601
-4.49871
-4.0001
-4.17678
-4.46058
-7.63652
-12.2413
-9.40726
1.8633
6.47558
4.21507
3.12896
2.35292
1.80324
1.40818
1.12099
0.908752
0.748606
0.625001
0.527465
0.448922
0.384568
0.331059
0.286055
0.247838
0.215156
0.18704
0.162747
0.141678
0.123347
0.107361
0.0933892
0.0811557
0.0704207
0.0609784
0.0526519
0.0452869
0.0387528
0.032934
0.0277264
0.0230517
0.0188317
0.0150097
0.0115641
0.00851605
0.00579354
0.0031635
0.000588542
-0.00196755
-0.00455822
-0.00722448
-0.0100195
-0.0129932
-0.0162014
-0.0197063
-0.023571
-0.0278697
-0.0326861
-0.0381187
-0.0442851
-0.0513286
-0.0594158
-0.0687503
-0.079595
-0.0923123
-0.107406
-0.12559
-0.147918
-0.175982
-0.212394
-0.260887
-0.327467
-0.421243
-0.555519
-0.748974
-1.02139
-1.40469
-1.8027
-2.57625
-1.9205
-3.91345
5.2142
1.43544
28.5466
30.3026
47.7127
35.8747
684.841
686.784
688.294
688.244
687.789
687.713
684.962
680.281
682.921
693.694
697.017
694.591
693.548
692.857
692.395
692.073
691.84
691.668
691.537
691.435
691.353
691.287
691.232
691.186
691.147
691.114
691.086
691.062
691.04
691.022
691.006
690.992
690.98
690.969
690.96
690.952
690.944
690.938
690.932
690.927
690.923
690.919
690.915
690.912
690.909
690.907
690.904
690.902
690.9
690.898
690.896
690.894
690.892
690.89
690.888
690.886
690.883
690.88
690.877
690.873
690.869
690.865
690.859
690.853
690.846
690.838
690.829
690.817
690.803
690.785
690.763
690.733
690.693
690.636
690.554
690.435
690.266
690.026
689.75
689.273
689.531
688.282
693.911
691.337
709.159
710.307
717.002
709.371
2.58707
1.84092
1.13859
0.0804887
-0.265426
0.248816
-1.75406
-5.87111
-3.91459
5.23495
7.33527
3.69881
2.3676
1.70883
1.30225
1.02573
0.827736
0.680631
0.567918
0.479257
0.407956
0.349552
0.301009
0.260174
0.225517
0.19588
0.170403
0.1484
0.129337
0.112778
0.0983612
0.0857913
0.0748115
0.0652097
0.0568009
0.0494265
0.042951
0.0372567
0.0322424
0.0278194
0.0239147
0.0204663
0.0174213
0.0147472
0.0124352
0.0105121
0.00900581
0.00768514
0.00649579
0.005425
0.00445315
0.00356199
0.00273463
0.00195599
0.00121313
0.000492983
-0.000218366
-0.000933294
-0.00166465
-0.00242557
-0.00322985
-0.00409213
-0.00502854
-0.00605638
-0.00719497
-0.00846552
-0.00989213
-0.0115013
-0.0133225
-0.0153886
-0.0177352
-0.0203979
-0.0234095
-0.0267939
-0.0305592
-0.0346802
-0.0390568
-0.0434586
-0.0470065
-0.0479483
0.0534054
-0.0487522
2.79236
2.32773
11.6981
13.3684
1.61875
-0.889431
0.14714
0.0158716
-0.194638
-0.798785
-1.26169
-1.30333
-3.68659
-7.83616
-6.74882
1.50769
4.96519
2.71183
1.80092
1.29405
0.992771
0.792665
0.649488
0.541648
0.457358
0.389655
0.334163
0.287968
0.249071
0.216013
0.187737
0.163411
0.142409
0.124213
0.108413
0.0946685
0.0826924
0.0722495
0.0631321
0.0551685
0.0482083
0.0421217
0.0367974
0.032137
0.0280554
0.0244778
0.0213389
0.0185818
0.0161573
0.0140221
0.0121378
0.0104697
0.00898508
0.00765792
0.0064791
0.00541353
0.00444491
0.0035563
0.00273049
0.00195399
0.00121256
0.000493072
-0.000216981
-0.000930499
-0.00166012
-0.00241896
-0.00322084
-0.00408037
-0.00501359
-0.00603777
-0.00717214
-0.00843777
-0.00985871
-0.0114614
-0.0132752
-0.0153333
-0.0176707
-0.0203227
-0.0233222
-0.0266935
-0.0304448
-0.0345527
-0.0389214
-0.0433302
-0.0470054
-0.0489178
-0.049315
-0.0748579
-0.110884
-0.155745
-0.250666
-0.294067
-0.338721
-0.201342
0.119755
-0.00207159
-0.226938
-0.80395
-1.15229
-1.18468
-3.64871
-7.75167
-6.53785
1.63398
4.93139
2.68845
1.78757
1.28852
0.990408
0.791509
0.648857
0.541275
0.457124
0.389501
0.334059
0.287896
0.24902
0.215976
0.18771
0.163392
0.142396
0.124203
0.108406
0.0946637
0.0826893
0.0722478
0.0631316
0.055169
0.0482097
0.0421238
0.0368001
0.0321404
0.0280594
0.0244824
0.021344
0.0185875
0.0161637
0.0140294
0.012146
0.0104779
0.00899193
0.00767287
0.00648484
0.00541538
0.00444502
0.00355472
0.00272873
0.00195186
0.0012102
0.000490397
-0.000220269
-0.000934517
-0.00166512
-0.00242517
-0.00322848
-0.00408969
-0.00502487
-0.00605132
-0.00718831
-0.00845705
-0.00988139
-0.0114879
-0.0133058
-0.015368
-0.0177096
-0.020366
-0.0233698
-0.0267453
-0.0305019
-0.0346186
-0.0390078
-0.043463
-0.0473286
-0.0497166
-0.0455191
-0.060799
-0.0898398
-0.145758
-0.266684
-0.350979
-0.476059
-0.572105
0.102198
-0.022271
-0.254572
-0.814459
-1.25359
-1.39488
-3.59788
-7.33363
-6.22634
1.15217
4.17098
2.51921
1.7493
1.27609
0.984698
0.788318
0.646848
0.53991
0.456146
0.388771
0.333496
0.28745
0.248659
0.215679
0.187462
0.163182
0.142216
0.124049
0.108273
0.0945485
0.082589
0.0721603
0.063055
0.0551018
0.0481505
0.0420717
0.0367541
0.0320997
0.0280231
0.02445
0.021315
0.0185613
0.0161397
0.0140071
0.012125
0.0104587
0.00897599
0.00765283
0.00647485
0.00540993
0.00444145
0.00355262
0.00272779
0.00195213
0.00121167
0.000493205
-0.00021599
-0.000928626
-0.00165741
-0.00241544
-0.00321649
-0.00407514
-0.00500745
-0.00603063
-0.00716389
-0.00842823
-0.0098476
-0.0114484
-0.0132599
-0.0153149
-0.0176486
-0.0202954
-0.0232884
-0.026652
-0.0303965
-0.034504
-0.0388942
-0.0433784
-0.0473987
-0.0503852
-0.0515384
-0.0745294
-0.109892
-0.156587
-0.246816
-0.294514
-0.309882
-0.382059
0.0862963
-0.0432964
-0.27954
-0.812142
-1.1899
-1.38619
-3.4637
-6.74447
-5.62894
1.08715
3.81096
2.40103
1.70958
1.26156
0.977987
0.78468
0.644643
0.538465
0.455143
0.388044
0.332949
0.287026
0.248323
0.215407
0.187239
0.162996
0.14206
0.123917
0.10816
0.0944516
0.0825058
0.0720885
0.0629931
0.0550483
0.0481043
0.0420318
0.0367197
0.03207
0.0279977
0.0244283
0.0212965
0.0185457
0.0161268
0.0139966
0.0121166
0.0104519
0.00897089
0.00765233
0.00646814
0.00540347
0.00443571
0.00354755
0.00272329
0.00194809
0.00120801
0.000489812
-0.000219231
-0.000931815
-0.00166065
-0.00241882
-0.0032201
-0.00407908
-0.0050118
-0.0060355
-0.00716939
-0.0084346
-0.00985497
-0.0114568
-0.0132694
-0.0153253
-0.0176592
-0.0203068
-0.0233008
-0.026666
-0.0304144
-0.0345319
-0.0389477
-0.0434958
-0.0477231
-0.0512841
-0.0535758
-0.071365
-0.0970547
-0.149534
-0.246748
-0.314489
-0.398728
-0.418234
0.0660247
-0.0646669
-0.308532
-0.823954
-1.23474
-1.46207
-3.34396
-6.25523
-5.14019
0.987754
3.40902
2.27743
1.66462
1.24394
0.969521
0.779978
0.641743
0.536536
0.453785
0.387045
0.332189
0.286431
0.247846
0.215018
0.186916
0.162726
0.141831
0.123721
0.107992
0.0943071
0.0823807
0.07198
0.0628988
0.0549661
0.0480327
0.0419692
0.036665
0.0320222
0.0279558
0.0243915
0.0212642
0.0185172
0.0161016
0.013974
0.0120963
0.0104337
0.00895491
0.00763841
0.00645943
0.00539651
0.00443029
0.00354357
0.00272068
0.00194679
0.00120802
0.000491163
-0.000216503
-0.000927644
-0.00165495
-0.00241147
-0.00321096
-0.00406798
-0.00499853
-0.00601981
-0.00715096
-0.00841305
-0.00982988
-0.0114277
-0.0132357
-0.0152864
-0.0176142
-0.0202549
-0.0232411
-0.0265983
-0.0303399
-0.0344558
-0.0388849
-0.0434855
-0.0479013
-0.051981
-0.0557237
-0.0753715
-0.108516
-0.155567
-0.238442
-0.288198
-0.321706
-0.390177
0.0504734
-0.0816197
-0.325517
-0.808526
-1.19917
-1.49004
-3.21422
-5.76736
-4.70346
0.854674
3.04497
2.15776
1.6164
1.22392
0.959672
0.774461
0.638335
0.534271
0.452195
0.385878
0.331302
0.285738
0.247292
0.214566
0.186542
0.162413
0.141566
0.123496
0.107799
0.0941407
0.082237
0.0718555
0.0627908
0.0548722
0.047951
0.0418981
0.036603
0.0319681
0.0279087
0.0243505
0.0212285
0.0184862
0.0160747
0.0139508
0.0120764
0.0104168
0.00894149
0.00762559
0.00644828
0.00538709
0.00442247
0.00353722
0.00271564
0.00194297
0.00120534
0.000489577
-0.000217035
-0.000927137
-0.0016534
-0.00240886
-0.00320724
-0.00406309
-0.00499238
-0.00601229
-0.00714191
-0.00840225
-0.00981702
-0.0114127
-0.0132181
-0.0152659
-0.017591
-0.0202282
-0.0232108
-0.0265652
-0.0303066
-0.0344294
-0.0388835
-0.0435536
-0.0481698
-0.0527659
-0.057774
-0.0773205
-0.104304
-0.152468
-0.233475
-0.289469
-0.353026
-0.387293
0.0339361
-0.103043
-0.348915
-0.816623
-1.20404
-1.51474
-3.08656
-5.32156
-4.29489
0.739451
2.72091
2.04174
1.5657
1.20174
0.948487
0.768124
0.6344
0.531648
0.450349
0.384523
0.330271
0.284932
0.246646
0.21404
0.186107
0.162048
0.141258
0.123233
0.107574
0.0939466
0.0820693
0.0717102
0.0626646
0.0547625
0.0478555
0.0418149
0.0365305
0.0319049
0.0278535
0.0243024
0.0211865
0.0184497
0.0160429
0.013923
0.0120521
0.0103955
0.00892268
0.00761072
0.00643574
0.0053766
0.00441388
0.00353038
0.00271041
0.00193925
0.00120308
0.000488725
-0.000216494
-0.000925195
-0.00165002
-0.00240399
-0.00320079
-0.00405494
-0.00498239
-0.00600026
-0.00712762
-0.00838544
-0.00979737
-0.0113898
-0.0131916
-0.0152353
-0.0175557
-0.0201877
-0.023165
-0.0265147
-0.0302542
-0.0343828
-0.0388616
-0.0436019
-0.0484167
-0.0534968
-0.0595996
-0.0790761
-0.107424
-0.153783
-0.227819
-0.278229
-0.320338
-0.375544
0.0191259
-0.117939
-0.364306
-0.810995
-1.19145
-1.52778
-2.95955
-4.91684
-3.92963
0.638466
2.43094
1.92974
1.51321
1.17774
0.936093
0.761016
0.62996
0.52868
0.448257
0.382984
0.3291
0.284015
0.245912
0.213441
0.185611
0.161632
0.140906
0.122933
0.107316
0.0937252
0.081878
0.0715444
0.0625207
0.0546374
0.0477466
0.04172
0.0364478
0.0318328
0.0277906
0.0242475
0.0211387
0.018408
0.0160066
0.0138914
0.0120246
0.0103718
0.00890301
0.00759362
0.00642132
0.00536455
0.00440401
0.0035225
0.00270437
0.00193494
0.00120042
0.00048767
-0.000215969
-0.000923083
-0.00164629
-0.00239857
-0.00319359
-0.00404584
-0.00497122
-0.00598683
-0.00711167
-0.00836667
-0.00977544
-0.0113644
-0.0131622
-0.0152014
-0.0175168
-0.0201434
-0.0231152
-0.0264605
-0.0301987
-0.0343343
-0.0388402
-0.043655
-0.0486685
-0.0541999
-0.0612413
-0.0806264
-0.108339
-0.153463
-0.22267
-0.272771
-0.324666
-0.365174
0.00471501
-0.135656
-0.3821
-0.809121
-1.17989
-1.53374
-2.83758
-4.54927
-3.60253
0.545359
2.17169
1.82195
1.4596
1.1522
0.922603
0.753183
0.625034
0.525376
0.445922
0.381264
0.327789
0.282988
0.245089
0.212769
0.185054
0.161166
0.140511
0.122597
0.107028
0.0934767
0.0816632
0.0713583
0.0623592
0.054497
0.0476243
0.0416135
0.0363549
0.0317518
0.02772
0.0241859
0.021085
0.0183613
0.0159658
0.013856
0.0119938
0.0103452
0.00888005
0.00757441
0.00640511
0.00535102
0.00439291
0.00351365
0.00269758
0.00193009
0.00119742
0.000486475
-0.000215391
-0.000920724
-0.00164211
-0.0023925
-0.00318553
-0.00403564
-0.00495871
-0.00597177
-0.0070938
-0.00834565
-0.00975091
-0.0113359
-0.0131294
-0.0151637
-0.0174736
-0.0200944
-0.0230604
-0.026401
-0.0301381
-0.0342816
-0.0388162
-0.0437078
-0.0489163
-0.0548585
-0.0627167
-0.0820068
-0.109233
-0.153155
-0.217733
-0.266274
-0.309047
-0.354941
-0.00867005
-0.150196
-0.395983
-0.804729
-1.16606
-1.53236
-2.71939
-4.21425
-3.30836
0.460661
1.94004
1.71842
1.40546
1.1254
0.908134
0.744675
0.619646
0.521746
0.443351
0.379366
0.326341
0.281852
0.244178
0.212025
0.184437
0.160649
0.140073
0.122224
0.106708
0.0932011
0.0814251
0.0711519
0.06218
0.0543412
0.0474887
0.0414953
0.0362519
0.0316619
0.0276416
0.0241176
0.0210255
0.0183094
0.0159207
0.0138167
0.0119597
0.0103157
0.008855
0.00755308
0.00638712
0.00533599
0.00438059
0.00350381
0.00269004
0.00192471
0.00119409
0.000485138
-0.00021476
-0.000918118
-0.00163749
-0.00238578
-0.0031766
-0.00402435
-0.00494485
-0.0059551
-0.00707401
-0.00832239
-0.00972377
-0.0113045
-0.0130931
-0.0151221
-0.0174261
-0.0200407
-0.0230006
-0.0263363
-0.0300724
-0.0342244
-0.038789
-0.0437586
-0.0491562
-0.0554758
-0.0640519
-0.0832195
-0.109974
-0.152701
-0.213038
-0.260353
-0.304447
-0.34574
-0.0213875
-0.16427
-0.408536
-0.799423
-1.15082
-1.52478
-2.60527
-3.90823
-3.04294
0.384004
1.73313
1.61918
1.35128
1.09757
0.892796
0.735542
0.613819
0.517802
0.440549
0.377295
0.324758
0.28061
0.243181
0.21121
0.183761
0.160082
0.139593
0.121814
0.106357
0.0928986
0.0811636
0.0709253
0.0619833
0.0541701
0.0473397
0.0413656
0.0361387
0.0315633
0.0275556
0.0240426
0.0209601
0.0182524
0.0158711
0.0137736
0.0119222
0.0102834
0.00882738
0.00752966
0.00636734
0.00531949
0.00436706
0.003493
0.00268175
0.00191878
0.00119042
0.000483662
-0.000214076
-0.000915266
-0.00163242
-0.00237842
-0.00316681
-0.00401197
-0.00492965
-0.00593682
-0.00705232
-0.00829689
-0.00969404
-0.0112701
-0.0130535
-0.0150767
-0.0173744
-0.0199823
-0.0229356
-0.0262663
-0.0300015
-0.0341624
-0.0387577
-0.0438056
-0.0493854
-0.0560593
-0.0652468
-0.0842779
-0.110567
-0.152124
-0.208585
-0.254714
-0.295295
-0.336667
-0.0333706
-0.177262
-0.419438
-0.793131
-1.13437
-1.51181
-2.49519
-3.62856
-2.80311
0.314788
1.54838
1.52422
1.29749
1.06895
0.876698
0.725833
0.607577
0.513558
0.437524
0.375053
0.323043
0.279261
0.242097
0.210324
0.183026
0.159465
0.139071
0.121368
0.105975
0.0925692
0.0808789
0.0706786
0.061769
0.0539837
0.0471775
0.0412242
0.0360155
0.0314558
0.0274619
0.0239608
0.0208888
0.0181904
0.0158171
0.0137266
0.0118815
0.0102482
0.00879734
0.00750413
0.0063458
0.0053015
0.0043523
0.00348122
0.00267271
0.00191232
0.00118642
0.000482046
-0.000213339
-0.000912169
-0.00162691
-0.00237041
-0.00315616
-0.00399849
-0.00491312
-0.00591694
-0.00702872
-0.00826916
-0.00966172
-0.0112327
-0.0130105
-0.0150275
-0.0173184
-0.0199191
-0.0228656
-0.0261909
-0.0299252
-0.0340952
-0.0387217
-0.0438471
-0.049601
-0.0565995
-0.0663111
-0.0851936
-0.11102
-0.151428
-0.204355
-0.249361
-0.288682
-0.328381
-0.0446957
-0.189303
-0.42881
-0.785967
-1.11702
-1.49421
-2.38921
-3.37266
-2.58614
0.252446
1.38346
1.43351
1.24441
1.03971
0.859941
0.715599
0.600944
0.509025
0.434283
0.372646
0.321197
0.277809
0.240929
0.209369
0.182233
0.158799
0.138506
0.120887
0.105561
0.0922132
0.0805711
0.0704118
0.0615373
0.0537822
0.0470021
0.0410714
0.0358823
0.0313396
0.0273605
0.0238725
0.0208118
0.0181233
0.0157587
0.0136759
0.0118376
0.0102103
0.00876486
0.00747652
0.00632249
0.00528204
0.00433634
0.00346847
0.00266293
0.00190532
0.00118208
0.000480291
-0.000212551
-0.000908826
-0.00162096
-0.00236175
-0.00314466
-0.00398393
-0.00489526
-0.00589545
-0.00700323
-0.00823922
-0.00962682
-0.0111924
-0.0129642
-0.0149744
-0.0172581
-0.0198512
-0.0227904
-0.0261101
-0.0298433
-0.0340224
-0.03868
-0.0438815
-0.0498006
-0.0570949
-0.0672533
-0.085977
-0.111343
-0.15062
-0.200337
-0.244264
-0.281909
-0.320405
-0.0553548
-0.200415
-0.436707
-0.778021
-1.09899
-1.47264
-2.28726
-3.13825
-2.38959
0.196436
1.23627
1.347
1.19231
1.01005
0.842621
0.704888
0.593947
0.504218
0.430833
0.370077
0.319224
0.276254
0.239678
0.208344
0.181381
0.158084
0.1379
0.12037
0.105117
0.0918305
0.0802403
0.070125
0.0612883
0.0535656
0.0468135
0.040907
0.035739
0.0312147
0.0272516
0.0237774
0.020729
0.0180512
0.015696
0.0136214
0.0117903
0.0101695
0.00872995
0.00744683
0.00629743
0.00526111
0.00431917
0.00345475
0.0026524
0.00189779
0.00117741
0.000478396
-0.000211709
-0.00090524
-0.00161458
-0.00235245
-0.00313229
-0.0039683
-0.00487607
-0.00587238
-0.00697585
-0.00820705
-0.00958934
-0.0111491
-0.0129144
-0.0149176
-0.0171935
-0.0197786
-0.0227101
-0.0260238
-0.0297556
-0.0339438
-0.038632
-0.0439074
-0.0499821
-0.0575443
-0.0680814
-0.0866374
-0.111543
-0.14971
-0.196517
-0.239398
-0.275674
-0.312915
-0.0653575
-0.210642
-0.4432
-0.7694
-1.08045
-1.4477
-2.18929
-2.92327
-2.21128
0.146243
1.10489
1.26466
1.14139
0.980159
0.824827
0.69375
0.58661
0.49915
0.427183
0.367351
0.317126
0.274599
0.238344
0.20725
0.180473
0.15732
0.137253
0.119817
0.104643
0.0914215
0.0798866
0.0698183
0.061022
0.053334
0.0466118
0.0407313
0.0355858
0.031081
0.027135
0.0236758
0.0206404
0.017974
0.0156289
0.0135631
0.0117398
0.0101259
0.00869263
0.00741508
0.00627061
0.00523872
0.0043008
0.00344006
0.00264114
0.00188973
0.00117241
0.000476364
-0.000210816
-0.000901411
-0.00160775
-0.00234252
-0.00311908
-0.00395158
-0.00485556
-0.00584771
-0.00694659
-0.00817268
-0.0095493
-0.0111028
-0.0128613
-0.0148569
-0.0171246
-0.0197012
-0.0226245
-0.0259319
-0.029662
-0.0338589
-0.0385771
-0.0439236
-0.0501437
-0.0579473
-0.0688025
-0.0871832
-0.11163
-0.148711
-0.192876
-0.234739
-0.269761
-0.305791
-0.074728
-0.220003
-0.448357
-0.760197
-1.06154
-1.41998
-2.09524
-2.72593
-2.0493
0.101377
0.987625
1.18641
1.09178
0.950201
0.806641
0.682232
0.578959
0.493834
0.423339
0.364474
0.314908
0.272845
0.236929
0.206089
0.179507
0.156508
0.136564
0.119229
0.104138
0.0909862
0.0795101
0.0694919
0.0607385
0.0530874
0.0463971
0.0405442
0.0354226
0.0309387
0.0270109
0.0235676
0.0205461
0.0178919
0.0155575
0.0135011
0.011686
0.0100796
0.00865291
0.00738126
0.00624204
0.00521487
0.00428124
0.00342442
0.00262913
0.00188114
0.00116708
0.000474194
-0.000209871
-0.000897341
-0.00160049
-0.00233195
-0.00310502
-0.00393379
-0.00483373
-0.00582146
-0.00691546
-0.00813611
-0.00950671
-0.0110537
-0.0128049
-0.0147924
-0.0170515
-0.0196191
-0.0225337
-0.0258343
-0.0295623
-0.0337675
-0.0385144
-0.0439288
-0.050284
-0.0583036
-0.0694234
-0.0876218
-0.111611
-0.147637
-0.189397
-0.230268
-0.264173
-0.299027
-0.0834871
-0.228512
-0.452246
-0.750488
-1.04234
-1.39002
-2.00705
-2.54459
-1.90194
0.0613785
0.882916
1.11219
1.04359
0.920323
0.788142
0.670377
0.571019
0.488287
0.419311
0.361449
0.31257
0.270995
0.235434
0.204862
0.178485
0.155649
0.135835
0.118606
0.103603
0.0905248
0.079111
0.0691458
0.0604379
0.0528259
0.0461694
0.0403457
0.0352496
0.0307878
0.0268793
0.0234528
0.0204461
0.0178048
0.0154817
0.0134353
0.0116291
0.0100304
0.00861079
0.00734539
0.00621175
0.00518958
0.00426048
0.00340783
0.0026164
0.00187203
0.00116143
0.000471887
-0.000208875
-0.000893029
-0.0015928
-0.00232074
-0.00309011
-0.00391493
-0.00481059
-0.00579364
-0.00688246
-0.00809735
-0.00946156
-0.0110016
-0.0127451
-0.0147242
-0.0169741
-0.0195322
-0.0224377
-0.025731
-0.0294564
-0.0336691
-0.0384435
-0.0439219
-0.0504016
-0.058613
-0.0699502
-0.08796
-0.111494
-0.1465
-0.186062
-0.225967
-0.258857
-0.292587
-0.0916585
-0.236186
-0.454954
-0.740333
-1.02288
-1.35829
-1.92101
-2.37779
-1.7677
0.0258151
0.789384
1.04192
0.996896
0.890648
0.769407
0.658231
0.562815
0.48252
0.415107
0.358283
0.310118
0.26905
0.233861
0.203569
0.177408
0.154742
0.135065
0.117948
0.103038
0.0900375
0.0786895
0.0687802
0.0601203
0.0525496
0.0459287
0.040136
0.0350667
0.0306284
0.0267402
0.0233315
0.0203404
0.0177128
0.0154017
0.0133659
0.0115689
0.0099785
0.00856628
0.00730748
0.00617972
0.00516284
0.00423854
0.00339029
0.00260293
0.00186239
0.00115544
0.000469444
-0.000207827
-0.000888479
-0.00158467
-0.00230891
-0.00307437
-0.00389501
-0.00478615
-0.00576425
-0.00684761
-0.00805642
-0.00941386
-0.0109466
-0.012682
-0.0146522
-0.0168925
-0.0194406
-0.0223364
-0.0256219
-0.0293441
-0.0335635
-0.0383638
-0.0439021
-0.0504957
-0.058876
-0.0703885
-0.0882038
-0.111285
-0.145308
-0.182859
-0.221819
-0.253783
-0.286447
-0.099273
-0.243047
-0.456572
-0.729778
-1.00318
-1.32525
-1.83839
-2.2242
-1.64524
-0.00571855
0.705796
0.975524
0.951761
0.86128
0.750514
0.645834
0.554371
0.47655
0.410735
0.35498
0.307554
0.267013
0.232211
0.202211
0.176277
0.153789
0.134256
0.117256
0.102443
0.0895245
0.0782456
0.0683952
0.0597858
0.0522585
0.0456753
0.0399151
0.0348741
0.0304604
0.0265937
0.0232038
0.0202291
0.0176159
0.0153174
0.0132927
0.0115055
0.00992383
0.0085194
0.00726755
0.00614598
0.00513466
0.00421542
0.0033718
0.00258874
0.00185224
0.00114913
0.000466866
-0.000206727
-0.000883689
-0.00157612
-0.00229644
-0.00305779
-0.00387403
-0.00476041
-0.00573331
-0.0068109
-0.00801331
-0.00936364
-0.0108887
-0.0126156
-0.0145764
-0.0168066
-0.0193442
-0.0222298
-0.0255068
-0.0292252
-0.0334503
-0.0382745
-0.0438685
-0.0505653
-0.0590928
-0.0707435
-0.088359
-0.110991
-0.144067
-0.179774
-0.21781
-0.248919
-0.280583
-0.106362
-0.249118
-0.457194
-0.718869
-0.983235
-1.2913
-1.75917
-2.08264
-1.53337
-0.0336038
0.631056
0.912886
0.908216
0.832302
0.731534
0.633224
0.545711
0.470389
0.406204
0.351546
0.304881
0.264886
0.230486
0.20079
0.175091
0.15279
0.133406
0.11653
0.101819
0.088986
0.0777796
0.0679909
0.0594345
0.0519529
0.0454091
0.0396831
0.0346718
0.0302839
0.0264398
0.0230696
0.0201121
0.017514
0.0152288
0.0132158
0.0114389
0.00986642
0.00847017
0.00722559
0.00611053
0.00510506
0.00419113
0.00335238
0.00257382
0.00184156
0.0011425
0.000464152
-0.000205577
-0.000878663
-0.00156713
-0.00228336
-0.00304038
-0.003852
-0.00473338
-0.00570081
-0.00677236
-0.00796804
-0.00931089
-0.0108279
-0.0125459
-0.0144969
-0.0167165
-0.019243
-0.0221178
-0.0253858
-0.0290996
-0.0333293
-0.0381754
-0.0438203
-0.0506098
-0.0592642
-0.0710199
-0.0884305
-0.110618
-0.142782
-0.176798
-0.213929
-0.244241
-0.274976
-0.112953
-0.254415
-0.456915
-0.707646
-0.963044
-1.25678
-1.68326
-1.95207
-1.43105
-0.0582063
0.564203
0.853903
0.866278
0.803786
0.712534
0.620439
0.536859
0.464053
0.401523
0.347985
0.302104
0.262671
0.228687
0.199307
0.173852
0.151745
0.132518
0.11577
0.101166
0.0884221
0.0772915
0.0675675
0.0590665
0.0516327
0.0451302
0.03944
0.0344598
0.030099
0.0262785
0.0229289
0.0199896
0.0174073
0.0151361
0.0131353
0.0113692
0.00980629
0.00841859
0.00718164
0.00607339
0.00507404
0.00416567
0.00333202
0.00255819
0.00183037
0.00113555
0.000461305
-0.000204377
-0.000873401
-0.00155773
-0.00226965
-0.00302214
-0.00382893
-0.00470507
-0.00566677
-0.006732
-0.00792063
-0.00925562
-0.0107643
-0.012473
-0.0144137
-0.0166221
-0.019137
-0.0220005
-0.0252588
-0.0289671
-0.0332002
-0.0380659
-0.0437569
-0.0506287
-0.0593908
-0.0712222
-0.0884231
-0.110173
-0.141458
-0.173921
-0.210166
-0.239725
-0.269605
-0.119074
-0.258963
-0.455823
-0.69615
-0.942624
-1.22198
-1.61056
-1.83151
-1.33733
-0.079895
0.50442
0.798452
0.82595
0.77579
0.693573
0.607514
0.527835
0.457554
0.396699
0.344304
0.299224
0.260371
0.226816
0.197762
0.172561
0.150655
0.131591
0.114977
0.100484
0.0878332
0.0767816
0.0671251
0.058682
0.0512981
0.0448387
0.039186
0.0342382
0.0299057
0.0261099
0.022782
0.0198615
0.0172958
0.0150391
0.0130511
0.0112964
0.00974345
0.00836468
0.00713569
0.00603456
0.00504161
0.00413905
0.00331073
0.00254185
0.00181867
0.00112827
0.000458324
-0.000203126
-0.000867904
-0.0015479
-0.00225533
-0.00300308
-0.00380481
-0.00467548
-0.0056312
-0.00668982
-0.00787108
-0.00919784
-0.0106978
-0.0123967
-0.0143267
-0.0165235
-0.0190262
-0.0218777
-0.0251256
-0.0288276
-0.0330627
-0.0379456
-0.0436777
-0.0506217
-0.0594735
-0.0713543
-0.088341
-0.10966
-0.140097
-0.171133
-0.206511
-0.235352
-0.264446
-0.124732
-0.262795
-0.453995
-0.684429
-0.922005
-1.18711
-1.54096
-1.7201
-1.25138
-0.0991159
0.451092
0.746406
0.787224
0.748364
0.674702
0.594486
0.518662
0.450906
0.391742
0.340508
0.296247
0.257987
0.224874
0.196157
0.171218
0.149522
0.130626
0.11415
0.0997728
0.0872193
0.0762501
0.0666638
0.0582811
0.0509491
0.0445347
0.038921
0.0340072
0.0297042
0.0259341
0.0226287
0.0197279
0.0171795
0.014938
0.0129633
0.0112204
0.00967791
0.00830846
0.00708776
0.00599405
0.00500778
0.00411129
0.00328852
0.0025248
0.00180646
0.00112068
0.000455211
-0.000201825
-0.000862175
-0.00153765
-0.00224039
-0.00298321
-0.00377966
-0.00464462
-0.0055941
-0.00664583
-0.00781941
-0.00913756
-0.0106284
-0.0123172
-0.014236
-0.0164207
-0.0189107
-0.0217495
-0.0249862
-0.028681
-0.0329166
-0.037814
-0.0435823
-0.0505886
-0.0595131
-0.07142
-0.0881883
-0.109084
-0.138703
-0.168425
-0.202952
-0.23111
-0.259465
-0.129948
-0.265949
-0.451498
-0.672524
-0.90122
-1.15237
-1.47434
-1.61706
-1.17248
-0.118942
0.406352
0.697627
0.750082
0.721548
0.655966
0.581388
0.509359
0.444123
0.38666
0.336603
0.293176
0.255523
0.222863
0.194493
0.169825
0.148344
0.129624
0.113291
0.0990336
0.0865809
0.0756972
0.0661838
0.0578638
0.050586
0.0442183
0.0386452
0.0337666
0.0294943
0.0257511
0.0224691
0.0195888
0.0170584
0.0148327
0.012872
0.0111413
0.00960971
0.00824993
0.00703787
0.00595188
0.00497256
0.00408238
0.0032654
0.00250704
0.00179375
0.00111278
0.000451966
-0.000200474
-0.000856214
-0.00152698
-0.00222485
-0.00296252
-0.00375349
-0.00461251
-0.00555549
-0.00660005
-0.00776564
-0.00907478
-0.0105562
-0.0122345
-0.0141416
-0.0163136
-0.0187903
-0.0216159
-0.0248406
-0.028527
-0.0327617
-0.037671
-0.0434702
-0.0505291
-0.0595106
-0.0714227
-0.0879688
-0.10845
-0.137276
-0.165791
-0.19948
-0.226986
-0.254652
-0.134731
-0.26846
-0.448399
-0.660478
-0.880305
-1.11789
-1.41058
-1.52168
-1.09993
-0.135516
0.365511
0.65193
0.714494
0.695371
0.637405
0.568253
0.499947
0.437217
0.381461
0.332593
0.290014
0.252981
0.220785
0.192771
0.168382
0.147123
0.128584
0.1124
0.0982663
0.0859179
0.0751229
0.0656853
0.0574304
0.0502087
0.0438896
0.0383586
0.0335167
0.0292763
0.0255609
0.0223032
0.0194443
0.0169326
0.0147233
0.012777
0.0110591
0.00953884
0.00818913
0.00698602
0.00590805
0.00493596
0.00405233
0.00324137
0.00248859
0.00178053
0.00110456
0.000448591
-0.000199074
-0.000850023
-0.0015159
-0.0022087
-0.00294103
-0.00372629
-0.00457914
-0.00551538
-0.0065525
-0.00770977
-0.00900952
-0.0104812
-0.0121485
-0.0140435
-0.0162024
-0.0186652
-0.0214767
-0.0246887
-0.0283657
-0.0325978
-0.0375161
-0.0433411
-0.0504434
-0.0594669
-0.0713656
-0.0876859
-0.107763
-0.13582
-0.163222
-0.196088
-0.22297
-0.249989
-0.139083
-0.270372
-0.444753
-0.648323
-0.859303
-1.0838
-1.34957
-1.43329
-1.03313
-0.149356
0.328347
0.609142
0.680427
0.66986
0.619052
0.555112
0.490444
0.430201
0.376154
0.328484
0.286765
0.250364
0.218642
0.190993
0.16689
0.145861
0.127507
0.111477
0.0974713
0.0852309
0.0745276
0.0651685
0.056981
0.0498174
0.0435487
0.0380614
0.0332574
0.0290502
0.0253636
0.0221312
0.0192944
0.0168021
0.0146099
0.0126786
0.0109739
0.00946534
0.00812605
0.00693224
0.00586259
0.00489798
0.00402116
0.00321644
0.00246944
0.00176682
0.00109603
0.000445086
-0.000197625
-0.000843604
-0.00150441
-0.00219194
-0.00291874
-0.00369808
-0.00454453
-0.00547378
-0.00650317
-0.00765182
-0.00894177
-0.0104034
-0.0120593
-0.0139417
-0.0160869
-0.0185352
-0.0213321
-0.0245305
-0.0281969
-0.0324246
-0.0373491
-0.0431948
-0.0503314
-0.0593832
-0.0712518
-0.087343
-0.107024
-0.134336
-0.160711
-0.192768
-0.219051
-0.245462
-0.143013
-0.271725
-0.440621
-0.636067
-0.83827
-1.05019
-1.2912
-1.35132
-0.971533
-0.16085
0.294582
0.569102
0.647842
0.645032
0.600936
0.54199
0.480869
0.423086
0.370746
0.324282
0.283432
0.247673
0.216435
0.189159
0.16535
0.144556
0.126394
0.110522
0.0966488
0.0845199
0.0739115
0.0646334
0.0565156
0.0494123
0.0431956
0.0377536
0.032989
0.028816
0.0251593
0.021953
0.0191391
0.0166669
0.0144923
0.0125766
0.0108856
0.00938922
0.00806073
0.00687654
0.0058155
0.00485865
0.00398887
0.00319061
0.0024496
0.00175261
0.00108719
0.000441453
-0.000196127
-0.000836959
-0.00149252
-0.0021746
-0.00289565
-0.00366887
-0.00450869
-0.0054307
-0.0064521
-0.00759182
-0.00887154
-0.0103229
-0.011967
-0.0138362
-0.0159672
-0.0184004
-0.0211819
-0.0243658
-0.0280205
-0.0322421
-0.0371697
-0.043031
-0.0501932
-0.0592604
-0.0710839
-0.0869432
-0.106239
-0.132826
-0.158253
-0.189515
-0.215223
-0.241058
-0.146532
-0.27256
-0.43606
-0.623709
-0.817274
-1.01713
-1.23536
-1.27522
-0.914672
-0.170299
0.263927
0.531653
0.616695
0.620898
0.583084
0.528914
0.47124
0.415885
0.365246
0.319992
0.28002
0.244911
0.214166
0.187271
0.163763
0.14321
0.125245
0.109537
0.0957992
0.0837852
0.0732747
0.0640803
0.0560346
0.0489934
0.0428306
0.0374353
0.0327113
0.0285737
0.024948
0.0217688
0.0189786
0.0165272
0.0143708
0.0124711
0.0107943
0.0093105
0.00799317
0.00681893
0.00576679
0.00481797
0.00395548
0.00316389
0.00242908
0.00173791
0.00107805
0.000437692
-0.000194581
-0.000830089
-0.00148021
-0.00215666
-0.00287178
-0.00363866
-0.00447162
-0.00538614
-0.00639928
-0.00752978
-0.00879883
-0.0102396
-0.0118715
-0.0137272
-0.0158434
-0.0182608
-0.0210262
-0.0241947
-0.0278364
-0.03205
-0.0369779
-0.0428496
-0.0500291
-0.0590996
-0.0708644
-0.0864895
-0.10541
-0.131292
-0.155841
-0.186325
-0.211478
-0.236766
-0.149654
-0.272913
-0.431116
-0.611258
-0.796373
-0.984691
-1.18196
-1.2045
-0.862122
-0.177955
0.236105
0.496646
0.586942
0.597468
0.565515
0.515905
0.461573
0.408608
0.359661
0.315619
0.276531
0.242081
0.211837
0.185331
0.162129
0.141824
0.124061
0.10852
0.0949228
0.0830272
0.0726175
0.0635093
0.0555379
0.0485608
0.0424536
0.0371066
0.0324246
0.0283236
0.0247298
0.0215785
0.0188127
0.0163828
0.0142453
0.0123622
0.0107001
0.00922921
0.0079234
0.00675943
0.00571649
0.00477595
0.00392098
0.0031363
0.00240788
0.00172273
0.0010686
0.000433805
-0.000192987
-0.000822996
-0.00146751
-0.00213813
-0.00284712
-0.00360746
-0.00443335
-0.00534013
-0.00634475
-0.00746573
-0.00872364
-0.0101536
-0.0117728
-0.0136145
-0.0157153
-0.0181164
-0.020865
-0.0240171
-0.0276445
-0.0318482
-0.0367733
-0.0426505
-0.0498392
-0.0589018
-0.0705959
-0.0859846
-0.104539
-0.129735
-0.15347
-0.183191
-0.207808
-0.232574
-0.152392
-0.272819
-0.425828
-0.598732
-0.775613
-0.953294
-1.13089
-1.13872
-0.813502
-0.184031
0.210857
0.463934
0.558538
0.574744
0.54825
0.502983
0.451886
0.401267
0.353998
0.311168
0.27297
0.239185
0.209449
0.183339
0.160451
0.140399
0.122843
0.107473
0.09402
0.0822461
0.0719401
0.0629208
0.0550258
0.0481148
0.0420649
0.0367676
0.0321289
0.0280656
0.0245048
0.0213822
0.0186417
0.0162339
0.0141159
0.0122499
0.0106029
0.00914536
0.00785144
0.00669805
0.0056646
0.0047326
0.00388539
0.00310783
0.00238602
0.00170707
0.00105885
0.000429793
-0.000191345
-0.000815682
-0.00145441
-0.00211903
-0.00282169
-0.00357527
-0.00439386
-0.00529267
-0.0062885
-0.00739968
-0.00864597
-0.0100648
-0.011671
-0.0134981
-0.0155832
-0.0179673
-0.0206982
-0.0238329
-0.0274448
-0.0316367
-0.0365559
-0.0424337
-0.0496239
-0.0586681
-0.0702806
-0.0854313
-0.103629
-0.128156
-0.151136
-0.18011
-0.204208
-0.228475
-0.154757
-0.272309
-0.420231
-0.586151
-0.755029
-0.922277
-1.08205
-1.07746
-0.768472
-0.188707
0.187944
0.433381
0.531436
0.552726
0.531302
0.490166
0.442194
0.393871
0.348266
0.306644
0.269339
0.236226
0.207004
0.181296
0.158728
0.138934
0.12159
0.106397
0.093091
0.0814421
0.0712427
0.0623147
0.0544985
0.0476555
0.0416645
0.0364184
0.0318242
0.0277998
0.0242729
0.02118
0.0184655
0.0160805
0.0139825
0.0121342
0.0105027
0.00905898
0.0077773
0.00663482
0.00561113
0.00468794
0.00384872
0.00307849
0.00236348
0.00169093
0.00104881
0.000425657
-0.000189656
-0.000808148
-0.00144091
-0.00209935
-0.00279549
-0.00354212
-0.00435319
-0.00524378
-0.00623056
-0.00733167
-0.0085658
-0.00997345
-0.0115661
-0.0133782
-0.0154468
-0.0178133
-0.0205258
-0.0236422
-0.0272372
-0.0314153
-0.0363256
-0.0421991
-0.0493835
-0.0583995
-0.0699206
-0.0848321
-0.102681
-0.126556
-0.148833
-0.177077
-0.200672
-0.224459
-0.156765
-0.271415
-0.414358
-0.573534
-0.734655
-0.891943
-1.03536
-1.02035
-0.726726
-0.19214
0.167146
0.404853
0.505588
0.53141
0.514686
0.477469
0.432511
0.386431
0.34247
0.302053
0.265643
0.233206
0.204505
0.179205
0.156962
0.137432
0.120304
0.105291
0.0921364
0.0806156
0.0705256
0.0616914
0.053956
0.0471829
0.0412525
0.0360591
0.0315108
0.0275263
0.0240343
0.020972
0.0182841
0.0159226
0.0138452
0.0120151
0.0103996
0.0089701
0.00770101
0.00656975
0.00555611
0.00464197
0.00381099
0.0030483
0.00234029
0.00167431
0.00103847
0.000421397
-0.000187921
-0.000800398
-0.00142702
-0.00207909
-0.00276853
-0.003508
-0.00431133
-0.00519347
-0.00617095
-0.00726173
-0.00848312
-0.00987943
-0.0114581
-0.0132548
-0.0153064
-0.0176546
-0.0203479
-0.0234449
-0.0270216
-0.031184
-0.0360823
-0.0419467
-0.0491183
-0.0580971
-0.0695178
-0.0841894
-0.101698
-0.124938
-0.146558
-0.17409
-0.197194
-0.22052
-0.158431
-0.270159
-0.408238
-0.560902
-0.714521
-0.862328
-0.990724
-0.967064
-0.687987
-0.194463
0.148263
0.378222
0.480948
0.51079
0.49841
0.464905
0.422849
0.378956
0.336618
0.297399
0.261884
0.230128
0.201952
0.177066
0.155153
0.135892
0.118985
0.104156
0.0911563
0.0797668
0.069789
0.061051
0.0533986
0.0466973
0.0408291
0.0356898
0.0311886
0.0272452
0.0237891
0.0207581
0.0180977
0.0157603
0.0137042
0.0118927
0.0102937
0.00887874
0.00762259
0.00650286
0.00549955
0.00459472
0.00377219
0.00301726
0.00231645
0.00165723
0.00102784
0.000417016
-0.000186138
-0.000792432
-0.00141275
-0.00205827
-0.00274082
-0.00347293
-0.0042683
-0.00514175
-0.00610967
-0.0071899
-0.00839951
-0.0097828
-0.0113471
-0.0131277
-0.0151618
-0.0174911
-0.0201643
-0.0232411
-0.026798
-0.0309426
-0.035826
-0.0416767
-0.0488288
-0.0577618
-0.0690743
-0.0835054
-0.100682
-0.123301
-0.144308
-0.171144
-0.193768
-0.216652
-0.159769
-0.26857
-0.401898
-0.548275
-0.694652
-0.833447
-0.948061
-0.917277
-0.652003
-0.195794
0.131107
0.353368
0.457467
0.490858
0.482483
0.452488
0.413221
0.371457
0.330715
0.292686
0.258066
0.226993
0.199348
0.17488
0.153303
0.134315
0.117634
0.102992
0.0901512
0.0788961
0.0690331
0.0603938
0.0528264
0.0461988
0.0403945
0.0353107
0.0308578
0.0269566
0.0235372
0.0205385
0.0179063
0.0155937
0.0135593
0.011767
0.0101849
0.00878491
0.00754206
0.00643417
0.00544146
0.00454619
0.00373235
0.00298539
0.00229196
0.00163969
0.00101692
0.000412515
-0.00018431
-0.000784254
-0.00139809
-0.00203689
-0.00271236
-0.00343691
-0.0042241
-0.00508864
-0.00604675
-0.00711616
-0.00831503
-0.00968361
-0.011233
-0.0129972
-0.0150132
-0.0173228
-0.0199753
-0.0230306
-0.0265664
-0.0306912
-0.0355566
-0.0413892
-0.0485152
-0.0573947
-0.0685917
-0.0827823
-0.0996331
-0.121647
-0.142079
-0.168238
-0.190389
-0.212849
-0.160794
-0.266673
-0.395364
-0.53567
-0.675068
-0.805305
-0.907289
-0.870709
-0.618542
-0.196234
0.115506
0.330175
0.435101
0.471602
0.466912
0.440228
0.403637
0.363942
0.324769
0.28792
0.254193
0.223806
0.196694
0.17265
0.151413
0.132703
0.116251
0.101801
0.0891215
0.0780037
0.0682583
0.0597199
0.0522397
0.0456875
0.0399486
0.0349218
0.0305184
0.0266604
0.0232789
0.0203131
0.01771
0.0154227
0.0134107
0.011638
0.0100733
0.00868866
0.00745943
0.00636369
0.00538187
0.0044964
0.00369147
0.00295268
0.00226683
0.00162168
0.00100571
0.000407894
-0.000182436
-0.000775865
-0.00138305
-0.00201496
-0.00268316
-0.00339995
-0.00417876
-0.00503415
-0.0059822
-0.00704055
-0.0082281
-0.00958185
-0.0111159
-0.0128631
-0.0148605
-0.0171498
-0.0197806
-0.0228134
-0.0263268
-0.0304298
-0.0352742
-0.0410842
-0.0481781
-0.0569967
-0.0680719
-0.0820221
-0.0985532
-0.119977
-0.139868
-0.165369
-0.187053
-0.209108
-0.161521
-0.264487
-0.388658
-0.523106
-0.655789
-0.777902
-0.868331
-0.827104
-0.58739
-0.195886
0.101316
0.308535
0.413803
0.45301
0.451699
0.428134
0.394108
0.35642
0.318785
0.283105
0.250267
0.220567
0.193993
0.170375
0.149483
0.131055
0.114836
0.100582
0.0880675
0.07709
0.0674647
0.0590296
0.0516386
0.0451636
0.0394917
0.0345232
0.0301706
0.0263569
0.0230141
0.0200822
0.0175087
0.0152475
0.0132583
0.0115059
0.00995892
0.00859
0.00737475
0.00629145
0.00532078
0.00444537
0.00364956
0.00291915
0.00224107
0.00160323
0.000994217
0.000403156
-0.000180518
-0.000767267
-0.00136764
-0.00199247
-0.00265323
-0.00336207
-0.00413229
-0.00497829
-0.00591603
-0.00696306
-0.00813878
-0.00947753
-0.0109958
-0.0127256
-0.0147038
-0.0169721
-0.0195804
-0.0225897
-0.0260791
-0.0301582
-0.0349787
-0.0407618
-0.0478179
-0.0565688
-0.0675164
-0.0812268
-0.0974435
-0.118292
-0.137673
-0.162534
-0.183756
-0.205424
-0.161964
-0.262036
-0.381802
-0.510599
-0.636828
-0.751235
-0.831111
-0.786226
-0.558349
-0.194871
0.0884263
0.288343
0.393529
0.435069
0.436848
0.416214
0.38464
0.348898
0.31277
0.278245
0.246293
0.217279
0.191245
0.168058
0.147515
0.129373
0.113391
0.0993359
0.0869896
0.0761553
0.0666527
0.058323
0.0510232
0.0446272
0.0390239
0.034115
0.0298145
0.0260461
0.0227429
0.0198457
0.0173026
0.0150681
0.0131023
0.0113705
0.00984177
0.00848897
0.00728802
0.00621746
0.00525821
0.00439309
0.00360664
0.00288481
0.00221469
0.00158432
0.000982447
0.000398301
-0.000178554
-0.000758463
-0.00135185
-0.00196945
-0.00262258
-0.00332328
-0.00408469
-0.00492108
-0.00584827
-0.0068837
-0.0080471
-0.00937067
-0.0108727
-0.0125846
-0.014543
-0.0167897
-0.0193747
-0.0223594
-0.0258234
-0.0298766
-0.0346702
-0.0404224
-0.0474351
-0.056112
-0.0669268
-0.0803979
-0.096305
-0.116593
-0.135491
-0.159729
-0.180494
-0.201791
-0.162139
-0.259339
-0.374816
-0.498162
-0.618197
-0.725297
-0.795556
-0.747859
-0.531239
-0.193282
0.0767301
0.269503
0.374233
0.417764
0.422359
0.404475
0.375244
0.341383
0.306729
0.273344
0.242272
0.213944
0.188453
0.1657
0.145509
0.127657
0.111916
0.0980633
0.0858882
0.0751999
0.0658224
0.0576005
0.0503938
0.0440785
0.0385453
0.0336975
0.0294501
0.0257281
0.0224654
0.0196037
0.0170916
0.0148844
0.0129427
0.011232
0.00972189
0.00838558
0.00719927
0.00614176
0.00519419
0.0043396
0.00356272
0.00284966
0.00218769
0.00156497
0.0009704
0.000393331
-0.000176547
-0.000749455
-0.0013357
-0.00194589
-0.00259121
-0.00328357
-0.00403597
-0.00486254
-0.00577892
-0.00680248
-0.00795313
-0.00926129
-0.0107467
-0.0124402
-0.0143782
-0.0166027
-0.0191634
-0.0221224
-0.0255596
-0.0295849
-0.0343488
-0.040066
-0.0470301
-0.055627
-0.0663043
-0.079537
-0.0951386
-0.114879
-0.133321
-0.156951
-0.177267
-0.198202
-0.162058
-0.256415
-0.367717
-0.485809
-0.599905
-0.700077
-0.761595
-0.711807
-0.505897
-0.191201
0.066124
0.251924
0.355875
0.401079
0.408232
0.392922
0.365926
0.333883
0.300667
0.268406
0.238208
0.210566
0.185618
0.163303
0.143467
0.125908
0.110412
0.0967645
0.0847638
0.0742241
0.0649742
0.0568622
0.0497506
0.0435177
0.0380561
0.0332706
0.0290776
0.025403
0.0221817
0.0193563
0.016876
0.0146967
0.0127795
0.0110904
0.00959933
0.00827988
0.00710853
0.00606435
0.00512872
0.0042849
0.00351781
0.00281372
0.00216008
0.00154519
0.00095808
0.000388248
-0.000174495
-0.000740246
-0.00131918
-0.00192179
-0.00255914
-0.00324298
-0.00398616
-0.00480267
-0.005708
-0.00671941
-0.00785689
-0.00914939
-0.0106177
-0.0122924
-0.0142095
-0.0164109
-0.0189467
-0.0218789
-0.0252878
-0.0292832
-0.0340146
-0.0396929
-0.0466033
-0.0551149
-0.0656504
-0.0786454
-0.0939448
-0.113152
-0.131159
-0.154198
-0.174073
-0.19466
-0.161735
-0.253281
-0.360522
-0.473552
-0.581959
-0.675564
-0.729159
-0.677892
-0.482174
-0.188698
0.0565132
0.235521
0.338411
0.384997
0.394465
0.381561
0.356691
0.326404
0.29459
0.263435
0.234104
0.207145
0.182741
0.160866
0.14139
0.124127
0.108879
0.0954401
0.0836166
0.0732282
0.0641084
0.0561084
0.0490937
0.0429449
0.0375565
0.0328346
0.028697
0.0250709
0.0218919
0.0191035
0.0166557
0.0145049
0.0126127
0.0109457
0.00947411
0.00817188
0.00701582
0.00598525
0.00506184
0.00422902
0.00347192
0.002777
0.00213186
0.00152497
0.000945491
0.000383052
-0.000172401
-0.000730837
-0.00130231
-0.00189718
-0.00252636
-0.00320149
-0.00393526
-0.00474149
-0.00563553
-0.00663452
-0.00775843
-0.00903501
-0.0104859
-0.0121413
-0.0140369
-0.0162146
-0.0187245
-0.0216288
-0.0250079
-0.0289714
-0.0336675
-0.0393033
-0.0461553
-0.0545764
-0.0649665
-0.0777247
-0.0927249
-0.111413
-0.129004
-0.151468
-0.17091
-0.191164
-0.161184
-0.249953
-0.353247
-0.461401
-0.564362
-0.651745
-0.698179
-0.64595
-0.459935
-0.185834
0.0478111
0.220213
0.321802
0.369503
0.381056
0.370394
0.347547
0.318951
0.288503
0.258434
0.229962
0.203684
0.179826
0.158392
0.139278
0.122315
0.107318
0.0940906
0.0824471
0.0722127
0.0632251
0.0553393
0.0484234
0.0423604
0.0370464
0.0323895
0.0283085
0.0247318
0.0215961
0.0188454
0.0164308
0.014309
0.0124425
0.010798
0.00934627
0.00806162
0.00692116
0.0059045
0.00499354
0.00417196
0.00342506
0.00273951
0.00210306
0.00150433
0.000932636
0.000377746
-0.000170264
-0.000721232
-0.00128508
-0.00187205
-0.0024929
-0.00315914
-0.00388329
-0.00467903
-0.00556155
-0.00654786
-0.00765783
-0.00891824
-0.0103513
-0.0119869
-0.0138605
-0.0160138
-0.018497
-0.0213723
-0.0247202
-0.0286497
-0.0333079
-0.0388974
-0.0456865
-0.0540123
-0.0642537
-0.0767763
-0.0914801
-0.109662
-0.126856
-0.148758
-0.167773
-0.187704
-0.160418
-0.246449
-0.345907
-0.449367
-0.547118
-0.628607
-0.66859
-0.615832
-0.439057
-0.182668
0.039939
0.205928
0.306007
0.354577
0.368002
0.359425
0.338498
0.311529
0.28241
0.253408
0.225786
0.200185
0.176872
0.155882
0.137132
0.120472
0.105729
0.0927164
0.0812557
0.0711777
0.0623248
0.0545552
0.0477399
0.0417642
0.0365262
0.0319355
0.0279122
0.0243859
0.0212942
0.0185821
0.0162013
0.0141092
0.0122688
0.0106473
0.00921584
0.00794913
0.00682459
0.00582212
0.00492387
0.00411374
0.00337726
0.00270126
0.00207366
0.00148327
0.000919518
0.000372331
-0.000168085
-0.000711434
-0.00126751
-0.00184641
-0.00245876
-0.00311593
-0.00383027
-0.00461531
-0.00548607
-0.00645942
-0.0075551
-0.00879904
-0.0102139
-0.0118292
-0.0136802
-0.0158085
-0.0182642
-0.0211094
-0.0244247
-0.0283185
-0.0329361
-0.038476
-0.0451981
-0.0534246
-0.0635146
-0.075803
-0.0902132
-0.107902
-0.124715
-0.146063
-0.164655
-0.184258
-0.159443
-0.242778
-0.338512
-0.437457
-0.530227
-0.606133
-0.640325
-0.587402
-0.419424
-0.179244
0.0328263
0.192594
0.290989
0.340204
0.355296
0.348655
0.329547
0.304143
0.276316
0.24836
0.221578
0.196651
0.173882
0.153337
0.134954
0.1186
0.104113
0.0913181
0.0800428
0.0701237
0.0614076
0.0537562
0.0470433
0.0411566
0.035996
0.0314727
0.0275082
0.0240333
0.0209865
0.0183137
0.0159673
0.0139056
0.0120917
0.0104936
0.00908286
0.00783443
0.00672613
0.00573812
0.00485282
0.00405438
0.00332851
0.00266225
0.00204369
0.00146179
0.000906141
0.000366807
-0.000165866
-0.000701446
-0.00124959
-0.00182027
-0.00242396
-0.00307188
-0.00377622
-0.00455034
-0.0054091
-0.00636921
-0.00745022
-0.00867739
-0.0100737
-0.0116682
-0.013496
-0.0155986
-0.0180259
-0.0208401
-0.0241214
-0.0279777
-0.0325524
-0.0380397
-0.0446911
-0.0528148
-0.0627515
-0.0748077
-0.0889273
-0.106134
-0.12258
-0.143379
-0.161549
-0.180811
-0.15826
-0.238943
-0.331063
-0.425669
-0.513678
-0.584308
-0.61332
-0.560539
-0.400941
-0.175619
0.026401
0.180145
0.276708
0.326365
0.342936
0.338086
0.3207
0.296799
0.270224
0.243293
0.21734
0.193083
0.170858
0.150758
0.132744
0.116698
0.102471
0.0898962
0.0788089
0.0690511
0.060474
0.0529426
0.0463339
0.0405377
0.0354559
0.0310012
0.0270967
0.023674
0.020673
0.0180402
0.015729
0.013698
0.0119113
0.010337
0.00894737
0.00771757
0.0066258
0.00565253
0.00478044
0.00399389
0.00327884
0.00262251
0.00201315
0.0014399
0.000892509
0.000361178
-0.000163605
-0.000691268
-0.00123134
-0.00179362
-0.00238849
-0.00302697
-0.0037211
-0.00448408
-0.00533058
-0.00627714
-0.00734312
-0.00855317
-0.00993043
-0.0115037
-0.0133078
-0.0153839
-0.0177819
-0.0205638
-0.0238096
-0.0276262
-0.0321551
-0.037586
-0.0441623
-0.0521795
-0.061961
-0.0737872
-0.0876194
-0.104357
-0.120447
-0.140707
-0.15846
-0.177373
-0.15419
-0.227157
-0.308899
-0.391158
-0.465741
-0.521713
-0.537001
-0.485307
-0.349275
-0.164303
0.00929824
0.145746
0.236499
0.286906
0.30733
0.307378
0.294807
0.275175
0.252201
0.228239
0.204709
0.18242
0.161801
0.143024
0.126107
0.110982
0.0975308
0.085616
0.0750929
0.0658195
0.0576604
0.0504905
0.0441954
0.0386718
0.0338272
0.0295795
0.0258555
0.0225906
0.0197274
0.0172154
0.0150101
0.0130721
0.0113671
0.00986487
0.00853872
0.00736512
0.00632321
0.0053944
0.00456211
0.00381147
0.00312905
0.00250264
0.00192106
0.00137391
0.000851422
0.000344236
-0.000156738
-0.000660508
-0.00117618
-0.00171316
-0.00228135
-0.00289132
-0.00355461
-0.0042839
-0.00509331
-0.00599888
-0.00701921
-0.00817756
-0.00949714
-0.0110059
-0.0127378
-0.0147334
-0.0170419
-0.0197246
-0.0228606
-0.0265534
-0.0309383
-0.0361912
-0.0425324
-0.0502228
-0.0595385
-0.0706889
-0.0836758
-0.0990646
-0.114137
-0.132841
-0.149384
-0.167272
-0.143808
-0.205188
-0.272144
-0.337642
-0.395379
-0.433716
-0.436584
-0.388731
-0.282327
-0.142675
-0.00636422
0.105308
0.184473
0.232583
0.255887
0.26116
0.254466
0.240491
0.222584
0.203001
0.183187
0.164023
0.14602
0.129441
0.114381
0.100832
0.088727
0.077966
0.0684362
0.0600207
0.0526046
0.0460797
0.0403455
0.0353105
0.030892
0.0270162
0.0236172
0.0206363
0.0180217
0.0157275
0.0137131
0.0119428
0.0103853
0.009013
0.00780151
0.00672936
0.0057775
0.00492896
0.00416852
0.0034827
0.0028592
0.00228686
0.00175547
0.00125552
0.000778071
0.00031457
-0.000143303
-0.000603803
-0.00107528
-0.00156637
-0.00208615
-0.00264439
-0.00325169
-0.00391978
-0.00466178
-0.00549261
-0.00642957
-0.00749377
-0.00870774
-0.0100978
-0.0116961
-0.0135415
-0.0156808
-0.0181727
-0.0210923
-0.0245357
-0.0286252
-0.0335144
-0.0393885
-0.0464597
-0.0549394
-0.0649711
-0.0765799
-0.0900219
-0.103616
-0.120043
-0.13486
-0.151242
-0.130734
-0.181736
-0.236077
-0.287802
-0.331486
-0.357248
-0.35399
-0.312087
-0.228877
-0.122098
-0.0149388
0.0759999
0.143627
0.187512
0.211247
0.219537
0.21697
0.207377
0.193661
0.177883
0.16143
0.14519
0.129706
0.11529
0.102089
0.0901415
0.0794184
0.0698537
0.0613611
0.0538465
0.0472142
0.041372
0.0362332
0.0317179
0.0277533
0.0242742
0.021222
0.0185447
0.0161959
0.0141346
0.0123246
0.0107337
0.00933409
0.0081008
0.00701202
0.00604846
0.00519299
0.0044303
0.00374687
0.00313044
0.00257
0.00205553
0.00157785
0.00112839
0.000699131
0.00028236
-0.000129414
-0.000543633
-0.000967836
-0.00140982
-0.00187781
-0.00238064
-0.00292796
-0.00353043
-0.00420004
-0.00495046
-0.00579753
-0.00676044
-0.00786033
-0.00912171
-0.0105746
-0.0122552
-0.0142077
-0.0164868
-0.019162
-0.022321
-0.0260724
-0.0305482
-0.0359041
-0.0423139
-0.0499361
-0.0588705
-0.0691453
-0.0808376
-0.093009
-0.107315
-0.120478
-0.135255
-0.115834
-0.157551
-0.201106
-0.24155
-0.274406
-0.291294
-0.285054
-0.249573
-0.18471
-0.102546
-0.0186131
0.0546825
0.11128
0.149885
0.172401
0.182027
0.182167
0.175864
0.165552
0.15304
0.139596
0.126065
0.112984
0.100677
0.0893228
0.0789877
0.0696724
0.0613366
0.053917
0.0473394
0.0415259
0.0363992
0.031886
0.0279177
0.0244317
0.0213713
0.0186858
0.0163294
0.0142619
0.0124472
0.0108535
0.00945272
0.00822025
0.00713424
0.00617546
0.00532694
0.00457357
0.00390191
0.00330003
0.00275714
0.00226354
0.0018104
0.00138964
0.000993709
0.000615524
0.000248293
-0.000114602
-0.00047974
-0.000853792
-0.00124367
-0.00165667
-0.00210065
-0.0025842
-0.00311685
-0.00370934
-0.00437396
-0.00512496
-0.00597961
-0.00695717
-0.00808
-0.00937559
-0.0108774
-0.0126253
-0.0146683
-0.017071
-0.0199118
-0.0232847
-0.0273021
-0.0320951
-0.0378044
-0.0445493
-0.052404
-0.0613932
-0.0715132
-0.0822822
-0.094622
-0.106225
-0.119337
-0.099575
-0.133086
-0.167392
-0.198422
-0.222857
-0.233817
-0.226633
-0.197472
-0.147286
-0.0842684
-0.019128
0.0390921
0.0853675
0.11817
0.138369
0.148091
0.149815
0.145892
0.1383
0.128567
0.117801
0.106767
0.0959637
0.0857039
0.0761706
0.0674485
0.0595566
0.0524737
0.0461552
0.0405443
0.0355786
0.0311952
0.0273333
0.0239357
0.0209497
0.0183274
0.0160256
0.0140055
0.0122327
0.0106765
0.00930973
0.00810838
0.0070513
0.00611981
0.00529744
0.00456962
0.00392341
0.00334729
0.002831
0.00236529
0.00194184
0.00155307
0.00119205
0.000852297
0.000527724
0.000212491
-9.90969e-05
-0.000412709
-0.000734105
-0.00106926
-0.0014245
-0.00180665
-0.00222316
-0.00268236
-0.00319368
-0.00376792
-0.00441762
-0.00515798
-0.00600605
-0.00698193
-0.00810994
-0.00941944
-0.0109471
-0.0127365
-0.0148448
-0.0173405
-0.020304
-0.0238303
-0.0280286
-0.0330111
-0.0388687
-0.0456588
-0.0534014
-0.0620695
-0.0714206
-0.0819228
-0.0920132
-0.103401
-0.082375
-0.108614
-0.135015
-0.158777
-0.176112
-0.183019
-0.176092
-0.152949
-0.114792
-0.0671932
-0.0175775
0.0275805
0.0642723
0.0910659
0.108235
0.117156
0.119596
0.117319
0.111873
0.104496
0.096114
0.08738
0.0787327
0.0704524
0.0627104
0.0555948
0.0491346
0.0433218
0.0381263
0.0335056
0.0294116
0.0257945
0.0226056
0.0197986
0.0173307
0.0151627
0.0132592
0.0115885
0.010122
0.00883454
0.00770373
0.00670973
0.00583508
0.00506433
0.00438385
0.00378161
0.00324688
0.00277016
0.00234293
0.00195752
0.00160706
0.00128528
0.000986415
0.000705116
0.000436329
0.000175206
-8.29884e-05
-0.000342975
-0.000609561
-0.000887746
-0.00118284
-0.00150056
-0.0018472
-0.00222981
-0.00265639
-0.00313617
-0.00367992
-0.00430065
-0.00501268
-0.00583358
-0.00678421
-0.0078925
-0.00918773
-0.0107037
-0.0124972
-0.0146273
-0.0171577
-0.0201674
-0.0237456
-0.0279818
-0.0329468
-0.0386865
-0.0452178
-0.0525142
-0.0604393
-0.0692089
-0.0778079
-0.0874319
-0.0645752
-0.0842264
-0.10374
-0.12098
-0.133114
-0.137349
-0.131415
-0.113908
-0.0859013
-0.051142
-0.0146896
0.0189432
0.0467247
0.0674731
0.0811588
0.0886461
0.0911509
0.0899454
0.0861821
0.0808122
0.0745629
0.0679584
0.0613572
0.0549927
0.0490109
0.043492
0.0384671
0.0339362
0.0298797
0.0262677
0.0230643
0.0202321
0.0177337
0.0155336
0.0135986
0.0118983
0.0104052
0.00909443
0.00794381
0.00693357
0.00604619
0.00526614
0.00457973
0.00397485
0.00344082
0.00296818
0.00254852
0.0021744
0.0018391
0.00153659
0.00126146
0.00100882
0.000774121
0.000553164
0.000341964
0.000136702
-6.63653e-05
-0.00027098
-0.000480959
-0.000700292
-0.000933221
-0.00118433
-0.00145867
-0.00176196
-0.00210075
-0.00248257
-0.00291631
-0.00341292
-0.00398363
-0.0046437
-0.0054099
-0.00630405
-0.00735567
-0.00859269
-0.0100602
-0.0118056
-0.0138813
-0.0163519
-0.0192899
-0.0227676
-0.0268387
-0.0315399
-0.0368874
-0.0428602
-0.0493693
-0.0564897
-0.0635965
-0.0714387
-0.046396
-0.0599891
-0.0733927
-0.0850399
-0.0930262
-0.0954905
-0.090979
-0.0787414
-0.0595904
-0.0359092
-0.0109662
0.0122712
0.0317073
0.0464488
0.0563743
0.0619946
0.0640954
0.0635321
0.061098
0.057462
0.0531461
0.0485325
0.0438866
0.0393832
0.0351333
0.0312005
0.0276118
0.0243705
0.0214649
0.0188752
0.0165767
0.0145435
0.0127491
0.0111684
0.00977791
0.00855582
0.00748246
0.00654008
0.00571276
0.00498634
0.00434823
0.00378729
0.00329367
0.00285869
0.00247466
0.00213478
0.00183298
0.00156394
0.00132289
0.00110528
0.000907324
0.000725496
0.000556531
0.000397383
0.000245171
9.71285e-05
-4.94688e-05
-0.000197359
-0.000349343
-0.000508371
-0.000677576
-0.000860372
-0.0010606
-0.00128261
-0.00153134
-0.00181256
-0.00213322
-0.00250264
-0.00292606
-0.00342171
-0.00399765
-0.00468129
-0.00548208
-0.00641442
-0.00754232
-0.00889487
-0.0105045
-0.0124238
-0.014708
-0.0174162
-0.0205933
-0.0242676
-0.0284527
-0.0331312
-0.0382397
-0.043779
-0.0493795
-0.0554425
-0.0280036
-0.0359366
-0.0437512
-0.0505488
-0.05503
-0.0562285
-0.0533813
-0.0461516
-0.0349913
-0.0212299
-0.00670032
0.00691463
0.0183949
0.0271844
0.0331811
0.036651
0.0380325
0.0378156
0.0364615
0.0343639
0.0318364
0.029112
0.0263535
0.0236696
0.0211294
0.0187738
0.016621
0.0146743
0.0129279
0.0113703
0.00998712
0.00876305
0.0076825
0.00673043
0.00589273
0.00515642
0.00450966
0.00394178
0.00344321
0.00300543
0.00262086
0.0022828
0.00198531
0.00172317
0.00149175
0.00128694
0.0011051
0.000943137
0.000797832
0.000666614
0.000547198
0.000437447
0.000335381
0.000239142
0.000146972
5.71774e-05
-3.19437e-05
-0.00012211
-0.000215079
-0.000312708
-0.000417024
-0.000530292
-0.000655052
-0.000794204
-0.000951119
-0.0011298
-0.0013349
-0.00157117
-0.00184931
-0.00217377
-0.002558
-0.00301084
-0.00354866
-0.00420912
-0.00498992
-0.00591857
-0.00704192
-0.00839596
-0.0100266
-0.0119681
-0.0142521
-0.0169011
-0.019941
-0.0233557
-0.0270841
-0.0310898
-0.0351585
-0.0394467
-0.0095091
-0.0120176
-0.0145246
-0.0167234
-0.0181013
-0.0184118
-0.0174294
-0.0150545
-0.0114281
-0.00696989
-0.0022551
0.00218398
0.00595334
0.00886298
0.0108714
0.0120553
0.0125509
0.0125143
0.0120944
0.0114203
0.0105965
0.00970146
0.00879076
0.00790163
0.00705794
0.00627405
0.00555668
0.00490725
0.00432405
0.00380363
0.00334133
0.00293208
0.00257071
0.00225225
0.00197201
0.00172566
0.00150925
0.00131923
0.00115239
0.00100589
0.000877194
0.000764061
0.000664509
0.000576787
0.000499352
0.000430823
0.000369987
0.000315884
0.000267214
0.000223178
0.00018301
0.000145981
0.000111408
7.86434e-05
4.70518e-05
1.59849e-05
-1.51914e-05
-4.71259e-05
-8.05492e-05
-0.000116256
-0.000155153
-0.000198286
-0.000246885
-0.000302415
-0.000366651
-0.000441757
-0.000530383
-0.000635797
-0.000763292
-0.000915797
-0.00110265
-0.00132812
-0.00160584
-0.00194728
-0.00236628
-0.00288559
-0.00352704
-0.00431779
-0.00528554
-0.00646251
-0.00788007
-0.0095612
-0.0114869
-0.013639
-0.0159911
-0.0184917
-0.0210114
-0.0235349
-34.7535
-39.5926
-11.7009
-46.6276
-20.7347
-59.4823
-53.0627
-34.7683
-39.588
-11.7027
-46.6305
-20.7382
-59.4898
-53.0743
-34.7828
-39.583
-11.7035
-46.6319
-20.7404
-59.4963
-53.0849
-34.7982
-39.579
-11.705
-46.6344
-20.7432
-59.5035
-53.0956
-34.8138
-39.5747
-11.7057
-46.6358
-20.7452
-59.5096
-53.1056
-34.83
-39.5711
-11.7067
-46.6381
-20.7478
-59.5166
-53.1154
-34.8467
-39.5674
-11.7072
-46.6396
-20.7494
-59.5224
-53.1246
-34.8638
-39.5642
-11.7078
-46.6416
-20.7518
-59.5289
-53.1336
-34.8815
-39.5612
-11.708
-46.6434
-20.753
-59.5346
-53.1422
-34.8995
-39.5584
-11.7082
-46.6451
-20.7554
-59.5406
-53.1503
-34.9182
-39.556
-11.7082
-46.6469
-20.7559
-59.5462
-53.1581
-34.9371
-39.5538
-11.708
-46.6486
-20.7585
-59.5513
-53.1655
-34.9569
-39.5519
-11.7077
-46.6502
-20.7582
-59.5576
-53.1726
-34.9765
-39.5502
-11.7072
-46.6519
-20.7612
-59.5612
-53.1792
-35.008
-39.5481
-11.7063
-46.6543
-20.7592
-59.5721
-53.1886
-35.0497
-39.5464
-11.7044
-46.6574
-20.7665
-59.5738
-53.1996
-35.0962
-39.5458
-11.7018
-46.6604
-20.7597
-59.5932
-53.209
-35.141
-39.5463
-11.6987
-46.6613
-20.7693
-59.5877
-53.2171
-35.1922
-39.5478
-11.6948
-46.6707
-20.7574
-59.6113
-53.2233
-35.2399
-39.5504
-11.6903
-46.66
-20.7708
-59.5995
-53.2286
-35.2963
-39.5539
-11.6852
-46.6839
-20.7519
-59.6262
-53.2312
-35.6204
-39.6068
-11.64
-46.4827
-20.8953
-59.4877
-53.3091
-36.9766
-39.7431
-11.4513
-48.3526
-19.6822
-60.0443
-52.5156
-37.9409
-40.4338
-11.0717
-45.0429
-21.41
-58.9502
-53.0433
-40.6617
-40.6897
-10.8992
-49.7443
-18.2057
-60.1242
-50.9457
-41.6125
-42.0885
-9.7552
-43.5822
-21.8087
-57.7283
-25.7577
-46.3728
-42.3674
-9.92493
-50.9704
-15.8723
-2.63563
668.071
-46.5792
-44.6898
-7.74485
-41.5361
125.905
701.411
367.086
-54.8002
-44.7348
-0.399068
456.505
643.68
227.892
-0.103561
-52.3602
22.5385
702.156
556.335
114.45
-0.240674
-1.3088
112.796
721.101
386.658
33.4869
0.686554
-1.13899
-1.20107
434.452
175.146
6.57035
-0.157252
-0.516323
-1.12938
-1.0821
-0.761233
0.0989107
0.0269884
-0.500439
-0.453407
-1.11378
-1.0199
-0.495096
-0.676239
-0.697908
-0.524891
-0.49861
-1.03344
-0.899373
-0.544032
-0.286219
-0.277576
-0.503397
-0.47786
-0.989893
-0.836735
-0.501318
-0.438272
-0.501598
-0.498026
-0.483703
-0.928009
-0.757571
-0.491552
-0.373114
-0.392275
-0.48703
-0.479914
-0.88301
-0.696478
-0.471696
-0.381001
-0.434838
-0.478028
-0.477883
-0.834384
-0.642601
-0.453512
-0.374277
-0.417145
-0.468793
-0.474222
-0.791288
-0.594702
-0.436168
-0.369347
-0.416489
-0.459766
-0.470189
-0.751261
-0.553567
-0.420521
-0.36391
-0.412713
-0.451081
-0.465419
-0.714035
-0.517514
-0.40604
-0.35855
-0.408564
-0.442598
-0.460083
-0.679614
-0.486355
-0.392678
-0.353645
-0.403847
-0.434446
-0.454281
-0.647774
-0.459467
-0.380566
-0.34888
-0.398979
-0.42659
-0.448199
-0.618332
-0.436275
-0.369288
-0.34435
-0.393858
-0.418988
-0.441732
-0.591104
-0.416345
-0.358922
-0.339949
-0.388639
-0.411673
-0.435173
-0.565967
-0.399272
-0.349299
-0.33568
-0.383307
-0.404584
-0.428504
-0.542746
-0.38471
-0.340352
-0.33151
-0.377921
-0.397706
-0.421867
-0.521308
-0.372348
-0.331998
-0.327419
-0.372493
-0.391008
-0.415296
-0.501517
-0.361853
-0.324161
-0.323385
-0.36705
-0.384476
-0.408837
-0.483247
-0.352981
-0.316781
-0.31939
-0.361606
-0.378099
-0.40251
-0.46638
-0.345557
-0.309818
-0.315413
-0.356175
-0.37187
-0.396328
-0.450817
-0.339374
-0.303237
-0.311447
-0.350762
-0.365783
-0.390292
-0.436469
-0.334254
-0.296979
-0.307441
-0.345424
-0.359836
-0.384395
-0.42325
-0.330037
-0.290988
-0.30342
-0.340146
-0.354023
-0.378626
-0.411082
-0.32658
-0.285272
-0.299392
-0.334916
-0.348338
-0.372968
-0.399899
-0.323758
-0.279818
-0.295342
-0.329738
-0.342777
-0.367401
-0.389635
-0.321464
-0.274589
-0.291276
-0.324611
-0.337337
-0.361906
-0.380229
-0.319601
-0.269564
-0.287198
-0.319536
-0.332011
-0.356475
-0.371614
-0.318087
-0.264723
-0.28311
-0.314513
-0.326795
-0.351102
-0.363721
-0.316854
-0.260043
-0.279016
-0.309542
-0.32168
-0.345794
-0.356474
-0.315836
-0.255506
-0.27492
-0.304624
-0.316662
-0.340566
-0.349799
-0.314954
-0.251093
-0.270827
-0.299759
-0.311735
-0.33543
-0.343621
-0.314185
-0.24679
-0.26674
-0.294947
-0.306897
-0.330395
-0.337868
-0.3135
-0.242582
-0.262663
-0.290185
-0.302142
-0.325463
-0.332483
-0.312845
-0.238456
-0.258597
-0.285473
-0.297465
-0.320633
-0.327416
-0.312187
-0.234402
-0.254544
-0.280808
-0.29286
-0.3159
-0.322622
-0.311499
-0.23041
-0.250506
-0.276191
-0.288323
-0.31126
-0.318062
-0.310759
-0.226473
-0.246484
-0.271619
-0.283851
-0.306703
-0.3137
-0.309946
-0.222581
-0.242473
-0.267085
-0.279437
-0.302219
-0.309504
-0.309039
-0.218728
-0.238473
-0.262584
-0.275074
-0.297802
-0.305447
-0.308028
-0.214918
-0.234495
-0.258119
-0.270767
-0.293446
-0.301504
-0.306901
-0.211153
-0.230548
-0.2537
-0.266516
-0.289146
-0.297657
-0.305648
-0.207424
-0.22662
-0.249313
-0.26231
-0.28489
-0.293888
-0.304258
-0.203703
-0.222682
-0.244929
-0.258129
-0.280661
-0.290173
-0.302719
-0.199968
-0.218719
-0.240563
-0.253939
-0.276444
-0.286491
-0.301024
-0.196231
-0.214748
-0.23622
-0.24976
-0.272243
-0.282836
-0.299173
-0.185185
-0.202837
-0.223081
-0.236929
-0.259161
-0.271302
-0.292726
-0.167478
-0.183709
-0.201838
-0.215723
-0.237116
-0.251231
-0.276779
-0.149749
-0.16461
-0.180714
-0.194408
-0.214406
-0.229738
-0.256312
-0.132074
-0.145479
-0.159587
-0.172725
-0.190734
-0.206477
-0.231834
-0.114402
-0.126185
-0.138368
-0.150526
-0.166034
-0.181321
-0.204008
-0.0967049
-0.106741
-0.116952
-0.127662
-0.140459
-0.154338
-0.17359
-0.0789819
-0.0871571
-0.0953357
-0.104162
-0.114184
-0.125765
-0.141063
-0.061247
-0.0674718
-0.0735621
-0.0801664
-0.0873579
-0.0959293
-0.106876
-0.0434945
-0.0477014
-0.0516498
-0.0558149
-0.0601118
-0.0652114
-0.0715352
-0.0258043
-0.0279538
-0.029712
-0.0313192
-0.0326587
-0.0340488
-0.0355846
-110.881
-157.558
-191.55
-206.763
-110.905
-157.578
-191.563
-206.764
-110.928
-157.596
-191.574
-206.766
-110.952
-157.615
-191.587
-206.77
-110.975
-157.634
-191.6
-206.775
-110.998
-157.654
-191.614
-206.782
-111.021
-157.673
-191.627
-206.791
-111.044
-157.693
-191.642
-206.801
-111.067
-157.713
-191.656
-206.813
-111.09
-157.733
-191.672
-206.826
-111.113
-157.753
-191.687
-206.84
-111.135
-157.774
-191.703
-206.855
-111.158
-157.794
-191.72
-206.874
-111.18
-157.815
-191.737
-206.894
-111.214
-157.847
-191.762
-206.929
-111.258
-157.89
-191.802
-206.981
-111.302
-157.934
-191.835
-207.065
-111.345
-157.974
-191.885
-207.129
-111.389
-158.03
-191.911
-207.242
-111.432
-158.058
-191.978
-207.316
-111.47
-158.131
-191.995
-207.467
-111.822
-158.167
-192.503
-206.8
-111.304
-160.158
-192.211
50.7732
-113.395
-159.008
116.249
566.255
-111.068
275.212
515.958
108.378
484.904
469.72
54.9522
-0.997523
426.289
20.3997
1.23787
-1.25688
1.05957
2.73584
0.725577
-1.15167
1.00558
2.01649
0.575446
-1.16733
0.558337
2.056
0.591029
-1.06504
0.694199
1.85235
0.524187
-1.03145
0.42831
1.67154
0.484389
-0.983055
0.571388
1.50185
0.431676
-0.94449
0.35146
1.3463
0.384951
-0.910664
0.420142
1.20383
0.337764
-0.882127
0.305263
1.07292
0.291156
-0.858106
0.289822
0.95274
0.24487
-0.838329
0.24255
0.842106
0.199404
-0.821638
0.204505
0.740334
0.154769
-0.807045
0.167344
0.646563
0.111168
-0.794217
0.132502
0.560148
0.0685848
-0.782816
0.0997293
0.480507
0.0271139
-0.772551
0.0690531
0.40706
-0.0132506
-0.763141
0.0405145
0.33912
-0.0524658
-0.754461
0.0133784
0.276986
-0.0905448
-0.746363
-0.0122493
0.220286
-0.127623
-0.738718
-0.0363644
0.167901
-0.162963
-0.731387
-0.0589938
0.119468
-0.196486
-0.724441
-0.080231
0.0746389
-0.228048
-0.717931
-0.100125
0.0331051
-0.257531
-0.711903
-0.118681
-0.00539751
-0.284836
-0.706411
-0.135961
-0.0410929
-0.309911
-0.701489
-0.152029
-0.0741826
-0.33276
-0.697125
-0.166957
-0.104841
-0.353449
-0.693269
-0.180825
-0.133215
-0.372099
-0.689833
-0.193711
-0.159434
-0.388872
-0.686694
-0.205703
-0.18361
-0.403951
-0.683724
-0.216877
-0.205844
-0.41749
-0.680841
-0.227305
-0.226236
-0.429609
-0.678019
-0.237042
-0.244882
-0.440411
-0.67527
-0.246132
-0.261912
-0.449981
-0.672633
-0.254585
-0.277426
-0.458415
-0.670157
-0.262416
-0.291507
-0.465781
-0.667872
-0.269636
-0.304266
-0.472152
-0.66577
-0.276254
-0.315791
-0.477595
-0.663791
-0.282284
-0.326155
-0.482176
-0.661829
-0.287742
-0.335417
-0.485956
-0.65977
-0.292644
-0.34363
-0.488995
-0.657553
-0.297012
-0.350841
-0.491346
-0.655119
-0.300856
-0.357095
-0.493057
-0.652399
-0.3042
-0.362433
-0.49417
-0.649369
-0.307069
-0.366908
-0.494717
-0.646025
-0.309471
-0.370574
-0.494732
-0.642348
-0.31142
-0.373482
-0.494235
-0.638321
-0.312926
-0.375679
-0.493231
-0.633938
-0.314006
-0.377222
-0.49174
-0.62921
-0.314673
-0.378153
-0.48979
-0.624139
-0.315596
-0.379426
-0.481915
-0.605948
-0.30597
-0.36638
-0.455558
-0.56374
-0.287917
-0.342754
-0.419574
-0.512793
-0.26311
-0.311296
-0.376327
-0.454901
-0.232923
-0.273862
-0.327643
-0.392042
-0.198457
-0.231896
-0.274848
-0.325753
-0.160812
-0.186589
-0.219091
-0.257241
-0.120927
-0.138931
-0.161319
-0.187381
-0.0795786
-0.0897643
-0.102311
-0.116815
-0.037467
-0.0398227
-0.0427107
-0.0460154
-183.429
-120.701
526.714
856.052
764.369
1021.68
1206.49
762.825
86.8447
-1.63694
2.68613
5.09163
4.37161
3.65924
-183.706
-109.412
764.392
695.408
137.324
51.416
143.746
338.627
153.297
-1.25578
2.65116
5.08833
4.37102
3.65891
-183.657
-126.374
702.949
694.459
129.43
25.3221
186.247
188.827
78.143
-1.63415
2.64593
5.08835
4.37058
3.65859
-183.566
-132.471
347.349
834.013
240.057
8.62117
96.9456
339.976
102.959
-1.79974
2.6308
5.08738
4.37017
3.65826
-183.456
-128.56
372.926
846.67
330.851
8.26753
36.9086
464.689
273.566
14.0962
2.66532
5.08769
4.36984
3.65794
-183.423
-127.453
465.338
566.87
93.4979
6.33799
5.54921
468.343
576.631
106.385
2.68638
5.08806
4.36957
3.65762
-183.422
-122.997
532.275
553.874
90.2497
7.15424
-8.25552
256.033
576.025
68.5834
2.7483
5.09034
4.36938
3.6573
-183.437
-123.599
582.305
495.832
90.4245
6.92828
-11.1211
62.4452
252.553
25.5586
2.68534
5.09217
4.36921
3.65698
-183.45
-123.432
447.699
329.082
89.9017
6.97207
-11.5006
-10.8792
33.1793
-0.120364
2.66953
5.09426
4.3691
3.65666
-183.466
-123.322
447.826
-59.9634
173.938
15.8088
-11.9955
-12.0914
-5.17377
-3.31431
2.67616
5.09591
4.36901
3.65633
-183.494
-122.518
484.494
-462.409
541.346
71.1432
-12.202
-12.4102
-5.45344
-3.31901
2.68316
5.09744
4.36891
3.65601
-183.531
-121.775
517.247
-639.929
1037.31
137.561
-12.625
-12.6936
-5.58857
-3.34171
2.68666
5.09872
4.36872
3.65568
-183.571
-120.274
556.26
-587.129
174.812
10.6996
-11.8319
-12.8313
-5.5713
-3.33082
2.6892
5.10006
4.36855
3.65534
-183.634
-117.743
593.69
-446.044
202.308
3.98897
-11.7938
-12.878
-5.54645
-3.33257
2.69012
5.10122
4.36838
3.65501
-183.751
-106.005
627.304
25.8661
211.047
0.987697
-11.8113
-12.9528
-5.48554
-3.31957
2.69051
5.10286
4.36815
3.6545
-183.943
-56.2782
645.962
312.994
48.8216
2.74895
-11.9874
-13.1402
-5.47025
-3.33338
2.69058
5.10506
4.36788
3.65382
-184.206
-86.6758
652.068
319.242
15.6372
2.44423
-11.791
-13.244
-5.48617
-3.33109
2.6907
5.10738
4.36766
3.65313
-184.46
-106.671
646.982
229.075
6.28059
2.70286
-11.7341
-13.347
-5.527
-3.35536
2.69033
5.10983
4.36749
3.65244
-184.759
-98.9001
610.435
109.437
4.1422
3.118
-11.5126
-13.3959
-5.57458
-3.35916
2.68944
5.1124
4.36736
3.65173
-185.042
-43.7285
549.198
45.2801
3.62515
3.15714
-11.4167
-13.4442
-5.63235
-3.38675
2.68836
5.11509
4.36729
3.65103
-185.049
107.419
491.579
21.3643
3.77677
3.56681
-11.2092
-13.4735
-5.70093
-3.39626
2.68686
5.1179
4.36727
3.65032
30.1195
606.824
368.46
10.1104
2.95087
3.27871
-10.396
-13.5759
-6.07524
-3.55023
2.67037
5.13146
4.36861
3.64782
606.47
214.272
-5.97123
-1.56158
3.53213
3.53612
-9.78449
-13.9774
-6.61277
-3.76968
2.63428
5.16755
4.37493
3.6413
172.729
-0.926063
-7.36459
-2.48434
3.191
3.10484
-11.2699
-15.2871
-7.27139
-4.00983
2.60576
5.22454
4.37358
3.63313
1.91762
-1.14733
-7.94281
-3.21125
3.43546
2.98045
-12.7022
-15.7914
-7.50452
-3.96375
2.62218
5.30188
4.37865
3.62329
2.03355
-1.31661
-8.17909
-3.51325
3.14363
2.57662
-13.7714
-16.545
-7.92553
-3.85784
2.70594
5.38045
4.38649
3.61236
2.00838
-1.30917
-8.06357
-3.48869
3.41022
2.20404
-14.1265
-17.3274
-8.27293
-3.67178
2.86937
5.48156
4.39053
3.59952
1.91824
-1.29992
-7.65249
-3.37362
2.31245
1.73318
-14.377
-18.0463
-8.58666
-3.38125
3.06812
5.57695
4.39166
3.58413
1.63629
-1.34098
-7.15284
-3.07581
2.28956
1.25429
-14.4546
-18.7344
-8.94285
-2.99554
3.30667
5.66608
4.38713
3.56607
1.41192
-1.38892
-6.67096
-2.87802
1.72989
0.819001
-14.5288
-19.3436
-9.4593
-2.48608
3.53269
5.7273
4.3753
3.5454
1.19449
-1.43335
-6.22592
-2.69759
1.32958
0.331883
-14.5312
-19.8324
-9.80775
-2.22824
3.73497
5.77868
4.35953
3.52198
0.993242
-1.47033
-5.81857
-2.54921
0.925366
-0.103375
-14.3259
-20.1616
-9.90562
-2.29236
3.88793
5.80941
4.33503
3.49573
0.812304
-1.50331
-5.44586
-2.42817
0.547786
-0.350032
-14.1139
-20.132
-9.96801
-2.38901
3.96063
5.7808
4.29699
3.4664
0.650477
-1.53297
-5.10555
-2.32964
0.19779
-0.630052
-13.9939
-19.6969
-10.1364
-2.49542
3.98862
5.71662
4.25167
3.43408
0.505307
-1.56045
-4.79436
-2.25055
-0.118711
-0.867084
-13.9399
-19.1611
-10.4257
-2.61349
3.98798
5.62778
4.19942
3.39893
0.37797
-1.58754
-4.50947
-2.18729
-0.406651
-1.10138
-13.9334
-18.6544
-10.7679
-2.73299
3.95654
5.51507
4.13988
3.36113
0.261356
-1.60925
-4.24856
-2.13695
-0.669595
-1.32765
-13.7818
-18.1719
-11.1515
-2.84167
3.90197
5.37732
4.07347
3.32094
0.155163
-1.627
-4.00941
-2.09791
-0.906614
-1.53595
-13.3763
-17.5959
-11.3782
-2.94017
3.83083
5.21575
4.00171
3.27862
0.0580252
-1.64133
-3.79009
-2.06765
-1.11695
-1.72393
-12.817
-17.0509
-11.2057
-3.01031
3.73912
5.02998
3.926
3.23435
-0.0308029
-1.65257
-3.58883
-2.04452
-1.30538
-1.90494
-12.168
-16.5347
-10.8215
-3.08111
3.63517
4.82477
3.84761
3.18833
-0.112081
-1.66087
-3.40409
-2.02703
-1.47173
-2.0641
-11.551
-15.8858
-10.2763
-3.11854
3.51331
4.61407
3.76724
3.14079
-0.1866
-1.66641
-3.23446
-2.01389
-1.61743
-2.19896
-10.9698
-14.9411
-9.70941
-3.04251
3.35843
4.4117
3.6854
3.09196
-0.254905
-1.66935
-3.07877
-2.00396
-1.74487
-2.31547
-10.3996
-14.0481
-9.09301
-2.87403
3.18794
4.21802
3.60256
3.04204
-0.317429
-1.66955
-2.93608
-1.99634
-1.85512
-2.41307
-9.84369
-13.2894
-8.3323
-2.75473
3.04243
4.03038
3.51903
2.99125
-0.374716
-1.66688
-2.80553
-1.99029
-1.94977
-2.49602
-9.30097
-12.416
-7.73192
-2.5449
2.91119
3.85106
3.43511
2.93977
-0.427414
-1.66122
-2.68636
-1.98511
-2.0307
-2.56481
-8.8018
-11.4943
-7.30735
-2.26461
2.77236
3.68098
3.35109
2.88776
-0.475873
-1.6526
-2.57776
-1.98069
-2.09585
-2.62346
-8.34278
-10.6459
-6.89672
-2.04745
2.63634
3.5194
3.26725
2.83537
-0.520269
-1.64114
-2.47889
-1.97652
-2.14765
-2.6716
-7.91554
-9.86774
-6.48651
-1.87571
2.50493
3.3658
3.18384
2.78273
-0.560962
-1.62715
-2.38882
-1.97203
-2.18779
-2.70981
-7.51434
-9.16515
-6.10962
-1.71873
2.37787
3.21982
3.10105
2.72998
-0.598222
-1.61103
-2.30655
-1.96681
-2.21759
-2.73884
-7.13674
-8.52936
-5.76443
-1.57816
2.2554
3.08107
3.01908
2.67722
-0.632314
-1.59322
-2.2311
-1.96065
-2.23817
-2.75942
-6.78159
-7.95232
-5.44173
-1.45355
2.13772
2.94918
2.93809
2.62455
-0.663475
-1.57412
-2.16161
-1.95335
-2.25055
-2.77223
-6.44758
-7.4276
-5.13965
-1.34254
2.02492
2.82379
2.8582
2.57207
-0.691919
-1.55401
-2.09737
-1.94481
-2.25568
-2.77792
-6.13351
-6.94931
-4.85693
-1.24349
1.91704
2.70456
2.77954
2.51985
-0.717831
-1.53309
-2.03778
-1.93492
-2.25447
-2.77708
-5.83805
-6.51239
-4.59213
-1.15501
1.81405
2.59116
2.70222
2.46797
-0.741371
-1.51155
-1.98233
-1.9236
-2.24778
-2.77021
-5.55997
-6.11239
-4.34398
-1.07587
1.7159
2.48327
2.62631
2.4165
-0.762674
-1.48956
-1.93059
-1.91078
-2.23643
-2.75773
-5.29811
-5.74545
-4.11136
-1.00496
1.6225
2.38062
2.55189
2.36549
-0.781869
-1.46719
-1.88217
-1.89668
-2.22119
-2.74003
-5.05139
-5.4081
-3.89317
-0.941301
1.53374
2.28291
2.47901
2.315
-0.799064
-1.44451
-1.8367
-1.88117
-2.2028
-2.71748
-4.81882
-5.09734
-3.68844
-0.88405
1.44946
2.18991
2.40773
2.26506
-0.81431
-1.4216
-1.7939
-1.86415
-2.18185
-2.69039
-4.59948
-4.81251
-3.49632
-0.832441
1.36951
2.10137
2.33807
2.21573
-0.827619
-1.39856
-1.75348
-1.84578
-2.15885
-2.65914
-4.3925
-4.54842
-3.31595
-0.78581
1.29366
2.01711
2.27005
2.16703
-0.838991
-1.37546
-1.71516
-1.82616
-2.13418
-2.62412
-4.19704
-4.30339
-3.14654
-0.743576
1.22166
1.93701
2.2037
2.11899
-0.848444
-1.35232
-1.67871
-1.80536
-2.10815
-2.58577
-4.01231
-4.07575
-2.98743
-0.705221
1.15155
1.86262
2.13902
2.07164
-0.856014
-1.32919
-1.64391
-1.78349
-2.08094
-2.54455
-3.83763
-3.86397
-2.83792
-0.670288
1.08578
1.79122
2.07601
2.02499
-0.861746
-1.30611
-1.61056
-1.76064
-2.05268
-2.50091
-3.67235
-3.66659
-2.6974
-0.638372
1.02404
1.72273
2.01464
1.97907
-0.865732
-1.28314
-1.57849
-1.73694
-2.02344
-2.4553
-3.51586
-3.48238
-2.56526
-0.609117
0.966049
1.65707
1.95491
1.93389
-0.868106
-1.26034
-1.54752
-1.71247
-1.99326
-2.40814
-3.36761
-3.31043
-2.44073
-0.582212
0.911574
1.59413
1.8968
1.88945
-0.868996
-1.23779
-1.51751
-1.68736
-1.96219
-2.35981
-3.22707
-3.14985
-2.32316
-0.557386
0.860402
1.5338
1.8403
1.84576
-0.868474
-1.21558
-1.48833
-1.66171
-1.93029
-2.3106
-3.09376
-2.99962
-2.21216
-0.534401
0.812331
1.47595
1.78539
1.80283
-0.866605
-1.19378
-1.45985
-1.6356
-1.89764
-2.26077
-2.96725
-2.85886
-2.10738
-0.51305
0.767176
1.42049
1.73203
1.76067
-0.863483
-1.17243
-1.43196
-1.60912
-1.86433
-2.21055
-2.8471
-2.72674
-2.00846
-0.493144
0.724758
1.3673
1.6802
1.71927
-0.859194
-1.15155
-1.40459
-1.58231
-1.83046
-2.16012
-2.73295
-2.60255
-1.91506
-0.474528
0.684906
1.31628
1.62987
1.67863
-0.853829
-1.13109
-1.37769
-1.55524
-1.79613
-2.10962
-2.62441
-2.48562
-1.82687
-0.457043
0.64747
1.26733
1.58101
1.63875
-0.847506
-1.11099
-1.3512
-1.52793
-1.76146
-2.05921
-2.52116
-2.37541
-1.7436
-0.440582
0.612281
1.22036
1.53359
1.59963
-0.840341
-1.0912
-1.32508
-1.50044
-1.72654
-2.00902
-2.42289
-2.27138
-1.66494
-0.424994
0.579222
1.17528
1.48757
1.56126
-0.832425
-1.07167
-1.29929
-1.47279
-1.69143
-1.95914
-2.32932
-2.17308
-1.59063
-0.410226
0.548113
1.132
1.44291
1.52364
-0.823821
-1.05237
-1.27377
-1.44502
-1.65612
-1.90948
-2.24016
-2.08006
-1.52041
-0.396139
0.51888
1.09046
1.39959
1.48676
-0.814593
-1.03327
-1.24846
-1.41717
-1.62075
-1.86
-2.15486
-1.99191
-1.45398
-0.382638
0.491322
1.05053
1.35754
1.45061
-0.781143
-0.967381
-1.15952
-1.31685
-1.49186
-1.6781
-1.8473
-1.67197
-1.20592
-0.331013
0.387479
0.893408
1.18686
1.29938
-0.71042
-0.85814
-1.01376
-1.14573
-1.27745
-1.39608
-1.45487
-1.28649
-0.896254
-0.273988
0.275299
0.689116
0.947968
1.07132
-0.632479
-0.751556
-0.875497
-0.981325
-1.07749
-1.14696
-1.14428
-0.990851
-0.677835
-0.226134
0.198281
0.531764
0.75656
0.877051
-0.550903
-0.646901
-0.743639
-0.825857
-0.893977
-0.931078
-0.903772
-0.766912
-0.517786
-0.181789
0.144945
0.410326
0.599957
0.710753
-0.467534
-0.5436
-0.618068
-0.679606
-0.726287
-0.742002
-0.704726
-0.589624
-0.394532
-0.14315
0.105761
0.315203
0.470219
0.5672
-0.383646
-0.441773
-0.497839
-0.542667
-0.573308
-0.577674
-0.539215
-0.445655
-0.296191
-0.110029
0.0770766
0.238165
0.361007
0.441725
-0.299676
-0.342028
-0.381987
-0.413616
-0.432487
-0.430572
-0.397015
-0.325017
-0.214902
-0.0809724
0.054978
0.173988
0.266952
0.330157
-0.215902
-0.244164
-0.270296
-0.290767
-0.301317
-0.297319
-0.271722
-0.220748
-0.145319
-0.0551263
0.0369791
0.118656
0.183585
0.228792
-0.132489
-0.147878
-0.16182
-0.172571
-0.177473
-0.174135
-0.157978
-0.127404
-0.0835064
-0.0315595
0.0216522
0.0692428
0.107516
0.134582
-0.0494977
-0.0527884
-0.0555886
-0.0575676
-0.0583718
-0.0567514
-0.0510009
-0.0408176
-0.0265945
-0.00991054
0.00720407
0.0226181
0.035143
0.0441209
3.00823
2.46326
2.0359
1.69712
1.42419
1.20071
1.01566
0.860631
0.730177
0.61954
0.52568
0.445656
0.377503
0.319337
0.269727
0.227477
0.191453
0.160905
0.1349
0.112956
0.094326
0.0786444
0.0654073
0.0542756
0.0449331
0.0371027
0.030563
0.025111
0.020581
0.0168256
0.0137216
0.0111614
0.00905531
0.00732667
0.00591141
0.0047557
0.00381445
0.00305008
0.0024311
0.00193141
0.00152925
0.00120665
0.000948697
0.000743244
0.000580036
0.000451766
3.00796
2.46303
2.03573
1.69698
1.42408
1.20061
1.01558
0.860566
0.730123
0.619494
0.52564
0.445622
0.377474
0.319313
0.269706
0.227459
0.191438
0.160892
0.134889
0.112947
0.0943181
0.0786377
0.0654017
0.0542708
0.0449291
0.0370994
0.0305601
0.0251087
0.020579
0.0168239
0.0137202
0.0111602
0.00905433
0.00732585
0.00591072
0.00475512
0.00381396
0.00304965
0.00243074
0.0019311
0.00152898
0.00120641
0.000948487
0.000743055
0.000579865
0.000451609
3.00768
2.46281
2.03555
1.69684
1.42397
1.20052
1.0155
0.860501
0.730067
0.619447
0.5256
0.445588
0.377445
0.319288
0.269685
0.227441
0.191422
0.160879
0.134878
0.112938
0.09431
0.0786309
0.0653959
0.0542659
0.0449249
0.0370958
0.0305572
0.0251061
0.0205769
0.0168221
0.0137186
0.0111589
0.0090532
0.00732487
0.00590988
0.00475438
0.00381331
0.00304908
0.00243023
0.00193064
0.00152856
0.00120602
0.000948122
0.000742712
0.00057954
0.000451297
3.00739
2.46258
2.03537
1.6967
1.42385
1.20043
1.01542
0.860435
0.730012
0.6194
0.52556
0.445554
0.377416
0.319263
0.269664
0.227423
0.191407
0.160866
0.134867
0.112928
0.094302
0.0786241
0.0653901
0.054261
0.0449208
0.0370924
0.0305543
0.0251037
0.0205748
0.0168204
0.0137172
0.0111576
0.00905217
0.007324
0.00590913
0.00475375
0.00381277
0.00304861
0.00242982
0.00193028
0.00152824
0.00120574
0.000947867
0.000742479
0.000579324
0.000451096
3.0071
2.46235
2.03519
1.69655
1.42374
1.20033
1.01534
0.860369
0.729956
0.619353
0.52552
0.44552
0.377387
0.319238
0.269642
0.227405
0.191391
0.160853
0.134855
0.112919
0.0942941
0.0786174
0.0653844
0.0542563
0.0449168
0.037089
0.0305514
0.0251013
0.0205729
0.0168188
0.0137158
0.0111565
0.00905124
0.00732323
0.0059085
0.00475323
0.00381234
0.00304826
0.00242953
0.00193004
0.00152804
0.00120557
0.000947725
0.000742359
0.000579222
0.000451008
3.00681
2.46212
2.03501
1.69641
1.42362
1.20023
1.01526
0.860302
0.7299
0.619305
0.52548
0.445485
0.377357
0.319213
0.269621
0.227387
0.191376
0.160839
0.134844
0.112909
0.094286
0.0786106
0.0653787
0.0542515
0.0449128
0.0370857
0.0305486
0.025099
0.0205709
0.0168171
0.0137145
0.0111554
0.00905033
0.00732248
0.00590789
0.00475272
0.00381193
0.00304792
0.00242925
0.00192981
0.00152786
0.00120542
0.000947605
0.000742261
0.000579143
0.000450943
3.00652
2.46188
2.03482
1.69626
1.4235
1.20014
1.01518
0.860235
0.729843
0.619257
0.525439
0.44545
0.377328
0.319188
0.2696
0.227368
0.19136
0.160826
0.134833
0.1129
0.094278
0.0786038
0.065373
0.0542467
0.0449088
0.0370823
0.0305458
0.0250966
0.020569
0.0168155
0.0137132
0.0111543
0.00904943
0.00732174
0.00590728
0.00475223
0.00381152
0.00304759
0.00242899
0.0019296
0.00152769
0.00120529
0.000947497
0.000742176
0.000579076
0.00045089
3.00621
2.46164
2.03464
1.69611
1.42338
1.20004
1.0151
0.860167
0.729786
0.619209
0.525398
0.445415
0.377298
0.319163
0.269578
0.22735
0.191345
0.160813
0.134822
0.11289
0.0942699
0.0785969
0.0653672
0.0542418
0.0449047
0.0370789
0.0305429
0.0250943
0.020567
0.0168139
0.0137118
0.0111532
0.00904851
0.00732099
0.00590666
0.00475172
0.00381111
0.00304726
0.00242872
0.00192938
0.00152751
0.00120515
0.000947383
0.000742085
0.000579003
0.000450832
3.00591
2.4614
2.03445
1.69597
1.42326
1.19994
1.01502
0.860099
0.729728
0.61916
0.525356
0.44538
0.377268
0.319137
0.269556
0.227331
0.191329
0.160799
0.13481
0.11288
0.0942617
0.07859
0.0653614
0.0542369
0.0449006
0.0370754
0.0305401
0.0250919
0.020565
0.0168122
0.0137104
0.0111521
0.00904759
0.00732024
0.00590605
0.00475122
0.0038107
0.00304693
0.00242845
0.00192917
0.00152734
0.00120501
0.000947272
0.000741996
0.000578934
0.000450778
3.0056
2.46115
2.03426
1.69581
1.42314
1.19984
1.01494
0.86003
0.72967
0.619111
0.525315
0.445345
0.377238
0.319111
0.269534
0.227312
0.191313
0.160786
0.134799
0.112871
0.0942535
0.0785831
0.0653556
0.054232
0.0448964
0.037072
0.0305372
0.0250895
0.020563
0.0168106
0.0137091
0.011151
0.00904666
0.00731947
0.00590542
0.00475071
0.00381029
0.00304659
0.00242818
0.00192895
0.00152716
0.00120486
0.000947157
0.000741905
0.000578861
0.00045072
3.00529
2.4609
2.03406
1.69566
1.42302
1.19974
1.01485
0.85996
0.729612
0.619061
0.525273
0.445309
0.377207
0.319085
0.269512
0.227294
0.191297
0.160772
0.134787
0.112861
0.0942452
0.0785761
0.0653497
0.054227
0.0448923
0.0370685
0.0305343
0.025087
0.020561
0.0168089
0.0137077
0.0111498
0.00904573
0.0073187
0.00590479
0.0047502
0.00380987
0.00304625
0.0024279
0.00192872
0.00152698
0.00120472
0.000947043
0.000741814
0.000578789
0.000450663
3.00497
2.46065
2.03387
1.69551
1.42289
1.19964
1.01477
0.859891
0.729553
0.619012
0.52523
0.445273
0.377177
0.319059
0.26949
0.227275
0.191281
0.160758
0.134776
0.112851
0.0942369
0.078569
0.0653437
0.054222
0.0448881
0.037065
0.0305313
0.0250846
0.020559
0.0168072
0.0137063
0.0111487
0.00904478
0.00731793
0.00590416
0.00474968
0.00380945
0.00304591
0.00242763
0.0019285
0.0015268
0.00120457
0.000946927
0.000741722
0.000578716
0.000450605
3.00465
2.4604
2.03367
1.69535
1.42277
1.19954
1.01469
0.85982
0.729494
0.618961
0.525188
0.445237
0.377146
0.319033
0.269467
0.227255
0.191264
0.160745
0.134764
0.112841
0.0942285
0.0785619
0.0653378
0.054217
0.0448839
0.0370614
0.0305284
0.0250821
0.0205569
0.0168055
0.0137049
0.0111475
0.00904383
0.00731715
0.00590352
0.00474915
0.00380902
0.00304556
0.00242735
0.00192827
0.00152662
0.00120443
0.000946811
0.000741629
0.000578642
0.000450547
3.00432
2.46014
2.03347
1.69519
1.42264
1.19944
1.0146
0.859749
0.729434
0.618911
0.525145
0.4452
0.377115
0.319006
0.269445
0.227236
0.191248
0.160731
0.134752
0.112831
0.09422
0.0785548
0.0653317
0.0542119
0.0448796
0.0370579
0.0305254
0.0250796
0.0205549
0.0168038
0.0137035
0.0111463
0.00904287
0.00731636
0.00590287
0.00474863
0.00380859
0.00304521
0.00242706
0.00192804
0.00152644
0.00120428
0.000946693
0.000741535
0.000578568
0.000450488
3.00383
2.45975
2.03317
1.69496
1.42245
1.19928
1.01447
0.859642
0.729344
0.618835
0.52508
0.445145
0.377068
0.318966
0.26941
0.227207
0.191223
0.16071
0.134734
0.112816
0.0942072
0.078544
0.0653226
0.0542043
0.0448732
0.0370525
0.0305209
0.0250759
0.0205518
0.0168013
0.0137014
0.0111446
0.00904142
0.00731517
0.0059019
0.00474783
0.00380794
0.00304469
0.00242664
0.0019277
0.00152616
0.00120406
0.000946514
0.000741392
0.000578455
0.000450398
3.00315
2.45922
2.03275
1.69463
1.42219
1.19907
1.0143
0.859497
0.729222
0.618732
0.524993
0.445071
0.377004
0.318912
0.269364
0.227168
0.19119
0.160681
0.13471
0.112796
0.09419
0.0785294
0.0653103
0.0541939
0.0448645
0.0370452
0.0305148
0.0250708
0.0205475
0.0167978
0.0136985
0.0111422
0.00903946
0.00731356
0.00590058
0.00474675
0.00380706
0.00304397
0.00242606
0.00192723
0.00152578
0.00120376
0.000946272
0.000741199
0.000578302
0.000450277
3.00245
2.45867
2.03233
1.6943
1.42193
1.19886
1.01412
0.85935
0.729099
0.618628
0.524904
0.444996
0.37694
0.318858
0.269318
0.227128
0.191156
0.160652
0.134686
0.112775
0.0941725
0.0785146
0.0652979
0.0541834
0.0448556
0.0370378
0.0305086
0.0250657
0.0205433
0.0167942
0.0136955
0.0111398
0.00903746
0.00731192
0.00589923
0.00474565
0.00380617
0.00304324
0.00242547
0.00192676
0.0015254
0.00120345
0.000946026
0.000741003
0.000578147
0.000450154
3.00174
2.45811
2.0319
1.69397
1.42166
1.19864
1.01394
0.859201
0.728974
0.618522
0.524815
0.444919
0.376875
0.318802
0.26927
0.227088
0.191122
0.160623
0.134661
0.112754
0.0941547
0.0784996
0.0652852
0.0541728
0.0448467
0.0370303
0.0305024
0.0250605
0.0205389
0.0167906
0.0136926
0.0111373
0.00903544
0.00731026
0.00589787
0.00474454
0.00380526
0.00304251
0.00242487
0.00192627
0.00152501
0.00120314
0.000945775
0.000740803
0.000577988
0.000450028
3.00101
2.45754
2.03146
1.69362
1.42139
1.19842
1.01376
0.85905
0.728847
0.618415
0.524724
0.444842
0.376809
0.318746
0.269222
0.227047
0.191087
0.160594
0.134636
0.112733
0.0941368
0.0784844
0.0652724
0.054162
0.0448376
0.0370227
0.030496
0.0250552
0.0205345
0.016787
0.0136895
0.0111348
0.00903339
0.00730857
0.00589649
0.00474341
0.00380434
0.00304176
0.00242426
0.00192578
0.00152461
0.00120282
0.000945521
0.0007406
0.000577827
0.000449902
3.00027
2.45696
2.03102
1.69328
1.42111
1.19819
1.01358
0.858897
0.728718
0.618306
0.524632
0.444764
0.376743
0.318689
0.269174
0.227006
0.191052
0.160564
0.13461
0.112711
0.0941186
0.078469
0.0652594
0.054151
0.0448284
0.037015
0.0304896
0.0250498
0.0205301
0.0167833
0.0136865
0.0111323
0.0090313
0.00730686
0.00589508
0.00474226
0.0038034
0.00304099
0.00242364
0.00192528
0.00152421
0.00120249
0.000945262
0.000740393
0.000577663
0.000449771
2.9995
2.45637
2.03056
1.69292
1.42083
1.19797
1.01339
0.858742
0.728588
0.618196
0.524538
0.444685
0.376675
0.318632
0.269125
0.226964
0.191016
0.160534
0.134585
0.112689
0.0941001
0.0784534
0.0652463
0.05414
0.0448191
0.0370072
0.0304831
0.0250444
0.0205255
0.0167795
0.0136834
0.0111297
0.00902919
0.00730512
0.00589366
0.00474109
0.00380245
0.00304022
0.00242302
0.00192477
0.0015238
0.00120217
0.000944999
0.000740183
0.000577496
0.00044964
2.99674
2.45436
2.02911
1.69186
1.42004
1.19737
1.01293
0.858384
0.728309
0.617979
0.524369
0.444554
0.376574
0.318555
0.269068
0.226923
0.190987
0.160514
0.134573
0.112684
0.0940992
0.0784558
0.0652512
0.0541466
0.0448269
0.0370157
0.0304919
0.0250533
0.0205344
0.0167881
0.0136915
0.0111375
0.00903651
0.00731198
0.00590006
0.00474707
0.00380802
0.00304543
0.00242791
0.00192941
0.00152825
0.00120652
0.000949406
0.000744883
0.000583015
0.000457688
2.98868
2.44836
2.02467
1.68853
1.41749
1.19537
1.01135
0.857108
0.727272
0.61713
0.523671
0.443979
0.376099
0.318163
0.268744
0.226656
0.190768
0.160334
0.134426
0.112563
0.0940012
0.0783762
0.0651868
0.0540947
0.0447853
0.0369824
0.0304654
0.0250324
0.0205179
0.0167752
0.0136815
0.0111297
0.00903054
0.00730743
0.00589662
0.00474449
0.00380611
0.00304403
0.0024269
0.0019287
0.00152776
0.00120619
0.000949191
0.000744753
0.000582944
0.000457657
2.97901
2.44136
2.01959
1.68478
1.41465
1.19317
1.00961
0.855717
0.726146
0.616212
0.522919
0.44336
0.37559
0.317743
0.268398
0.226371
0.190534
0.160143
0.134269
0.112436
0.0938975
0.0782921
0.065119
0.0540401
0.0447415
0.0369475
0.0304377
0.0250105
0.0205007
0.0167617
0.0136711
0.0111217
0.00902437
0.00730273
0.00589307
0.00474184
0.00380415
0.0030426
0.00242587
0.00192797
0.00152725
0.00120585
0.000948974
0.000744621
0.000582872
0.000457625
2.96835
2.43361
2.01398
1.68066
1.41155
1.19078
1.00773
0.854217
0.724936
0.615228
0.522114
0.4427
0.375047
0.317297
0.26803
0.226069
0.190286
0.15994
0.134104
0.112301
0.0937882
0.0782036
0.0650476
0.0539827
0.0446956
0.036911
0.0304087
0.0249876
0.0204828
0.0167478
0.0136602
0.0111133
0.00901797
0.00729787
0.00588942
0.00473911
0.00380213
0.00304113
0.00242481
0.00192722
0.00152674
0.00120551
0.000948754
0.000744489
0.0005828
0.000457594
2.95653
2.42501
2.00781
1.67615
1.40817
1.18819
1.0057
0.852607
0.72364
0.614178
0.521256
0.441998
0.37447
0.316823
0.267641
0.22575
0.190024
0.159726
0.13393
0.112159
0.0936733
0.0781106
0.0649727
0.0539226
0.0446476
0.0368728
0.0303785
0.0249638
0.0204641
0.0167332
0.013649
0.0111047
0.00901137
0.00729286
0.00588565
0.0047363
0.00380007
0.00303963
0.00242374
0.00192647
0.00152622
0.00120516
0.000948531
0.000744355
0.000582727
0.000457562
2.94349
2.41556
2.00107
1.67126
1.40453
1.18541
1.00353
0.850887
0.722259
0.61306
0.520346
0.441253
0.373859
0.316322
0.26723
0.225413
0.189748
0.159501
0.133746
0.112011
0.0935527
0.0780131
0.0648944
0.0538598
0.0445974
0.036833
0.030347
0.0249391
0.0204448
0.0167182
0.0136374
0.0110958
0.00900455
0.0072877
0.00588177
0.00473342
0.00379795
0.00303809
0.00242264
0.00192569
0.00152569
0.00120481
0.000948306
0.00074422
0.000582654
0.00045753
2.92915
2.40526
1.99378
1.666
1.40062
1.18243
1.00122
0.849057
0.720794
0.611877
0.519383
0.440467
0.373215
0.315794
0.266797
0.225058
0.189459
0.159264
0.133554
0.111855
0.0934265
0.0779113
0.0648126
0.0537943
0.0445452
0.0367915
0.0303143
0.0249134
0.0204247
0.0167026
0.0136253
0.0110865
0.00899752
0.00728238
0.00587779
0.00473046
0.00379578
0.00303651
0.00242151
0.00192491
0.00152515
0.00120445
0.000948078
0.000744084
0.000582581
0.000457498
2.91349
2.39413
1.98594
1.66036
1.39645
1.17927
0.998763
0.847119
0.719245
0.610627
0.518367
0.439639
0.372537
0.315239
0.266342
0.224686
0.189155
0.159017
0.133353
0.111692
0.0932947
0.077805
0.0647273
0.0537261
0.0444908
0.0367484
0.0302803
0.0248867
0.0204039
0.0166865
0.0136129
0.011077
0.00899027
0.00727691
0.00587369
0.00472743
0.00379355
0.00303491
0.00242037
0.00192411
0.0015246
0.00120409
0.000947848
0.000743946
0.000582507
0.000457466
2.89651
2.38218
1.97757
1.65435
1.39202
1.17591
0.996166
0.845074
0.717612
0.609312
0.517299
0.438769
0.371826
0.314657
0.265866
0.224297
0.188838
0.158758
0.133143
0.111522
0.0931573
0.0776943
0.0646385
0.0536551
0.0444344
0.0367038
0.0302451
0.0248591
0.0203824
0.0166698
0.0136001
0.0110672
0.00898282
0.00727129
0.00586949
0.00472432
0.00379128
0.00303326
0.0024192
0.00192329
0.00152405
0.00120372
0.000947615
0.000743807
0.000582432
0.000457433
2.87819
2.36943
1.96867
1.64799
1.38734
1.17237
0.993429
0.842921
0.715896
0.607931
0.51618
0.437858
0.371082
0.314049
0.265369
0.223891
0.188506
0.158489
0.132924
0.111344
0.0930144
0.0775791
0.0645463
0.0535815
0.0443758
0.0366575
0.0302087
0.0248306
0.0203602
0.0166527
0.0135869
0.0110571
0.00897515
0.00726551
0.00586518
0.00472113
0.00378895
0.00303158
0.00241801
0.00192246
0.00152348
0.00120335
0.000947379
0.000743667
0.000582357
0.000457401
2.85853
2.35589
1.95926
1.64127
1.3824
1.16865
0.990553
0.840663
0.714097
0.606486
0.515009
0.436906
0.370304
0.313414
0.26485
0.223467
0.188161
0.158208
0.132697
0.11116
0.0928659
0.0774596
0.0644506
0.0535051
0.0443152
0.0366095
0.030171
0.0248011
0.0203373
0.0166349
0.0135733
0.0110467
0.00896726
0.00725958
0.00586076
0.00471787
0.00378657
0.00302987
0.0024168
0.00192162
0.00152291
0.00120297
0.000947141
0.000743526
0.000582282
0.000457368
2.83754
2.34157
1.94935
1.63421
1.37722
1.16474
0.98754
0.8383
0.712217
0.604976
0.513787
0.435913
0.369494
0.312753
0.26431
0.223027
0.187803
0.157916
0.13246
0.110969
0.0927118
0.0773358
0.0643515
0.0534261
0.0442524
0.03656
0.0301321
0.0247707
0.0203137
0.0166167
0.0135592
0.011036
0.00895917
0.0072535
0.00585623
0.00471453
0.00378414
0.00302813
0.00241556
0.00192076
0.00152233
0.00120259
0.0009469
0.000743384
0.000582206
0.000457335
2.81525
2.3265
1.93895
1.62681
1.37179
1.16065
0.984392
0.835833
0.710255
0.603402
0.512513
0.434878
0.368651
0.312065
0.263748
0.222569
0.18743
0.157613
0.132215
0.110771
0.0925522
0.0772075
0.0642489
0.0533444
0.0441876
0.0365089
0.0300919
0.0247394
0.0202893
0.0165979
0.0135448
0.011025
0.00895086
0.00724727
0.0058516
0.00471112
0.00378166
0.00302634
0.0024143
0.00191989
0.00152174
0.0012022
0.000946656
0.00074324
0.000582129
0.000457302
2.79171
2.3107
1.92807
1.61907
1.36612
1.15639
0.98111
0.833262
0.708213
0.601764
0.511189
0.433804
0.367775
0.311351
0.263166
0.222094
0.187044
0.1573
0.131961
0.110566
0.0923872
0.0770749
0.064143
0.05326
0.0441207
0.0364561
0.0300505
0.0247071
0.0202643
0.0165786
0.01353
0.0110138
0.00894235
0.00724089
0.00584686
0.00470764
0.00377913
0.00302453
0.00241302
0.001919
0.00152114
0.00120181
0.00094641
0.000743095
0.000582052
0.000457269
2.76697
2.29419
1.91672
1.61101
1.36022
1.15195
0.977695
0.83059
0.706091
0.600063
0.509815
0.432689
0.366867
0.310611
0.262562
0.221602
0.186644
0.156975
0.131699
0.110355
0.0922166
0.076938
0.0640336
0.053173
0.0440518
0.0364018
0.0300079
0.0246739
0.0202385
0.0165588
0.0135148
0.0110022
0.00893362
0.00723435
0.00584201
0.00470407
0.00377654
0.00302268
0.00241172
0.0019181
0.00152053
0.00120141
0.000946161
0.000742949
0.000581975
0.000457236
2.7411
2.27701
1.90492
1.60263
1.35409
1.14734
0.97415
0.827816
0.703889
0.5983
0.50839
0.431534
0.365927
0.309845
0.261938
0.221094
0.186231
0.15664
0.131428
0.110136
0.0920406
0.0767967
0.0639208
0.0530833
0.0439807
0.0363459
0.0299641
0.0246398
0.0202121
0.0165384
0.0134993
0.0109904
0.00892469
0.00722767
0.00583705
0.00470044
0.00377391
0.00302079
0.00241039
0.00191719
0.00151992
0.00120101
0.00094591
0.000742801
0.000581897
0.000457202
2.71416
2.25918
1.89268
1.59395
1.34773
1.14256
0.970475
0.824942
0.701609
0.596474
0.506916
0.430338
0.364954
0.309053
0.261293
0.220568
0.185804
0.156293
0.131148
0.10991
0.0918591
0.0766512
0.0638047
0.052991
0.0439076
0.0362884
0.029919
0.0246047
0.0201849
0.0165175
0.0134833
0.0109782
0.00891554
0.00722083
0.00583199
0.00469673
0.00377122
0.00301887
0.00240904
0.00191626
0.00151929
0.0012006
0.000945656
0.000742653
0.000581819
0.000457169
2.68622
2.24072
1.88002
1.58496
1.34114
1.13761
0.966673
0.821969
0.699251
0.594586
0.505392
0.429103
0.363949
0.308235
0.260627
0.220026
0.185364
0.155936
0.130859
0.109678
0.0916721
0.0765013
0.0636851
0.052896
0.0438325
0.0362293
0.0298728
0.0245687
0.0201571
0.0164961
0.0134669
0.0109658
0.00890618
0.00721384
0.00582682
0.00469294
0.00376848
0.00301692
0.00240767
0.00191531
0.00151866
0.00120019
0.000945399
0.000742503
0.00058174
0.000457135
2.65735
2.22168
1.86695
1.57567
1.33435
1.1325
0.962744
0.818898
0.696816
0.592637
0.503819
0.427829
0.362913
0.307391
0.25994
0.219467
0.184911
0.155568
0.130562
0.109439
0.0914797
0.0763471
0.0635622
0.0527983
0.0437553
0.0361686
0.0298253
0.0245318
0.0201285
0.0164742
0.0134502
0.0109531
0.00889662
0.0072067
0.00582154
0.00468908
0.00376569
0.00301493
0.00240628
0.00191436
0.00151802
0.00119978
0.00094514
0.000742352
0.000581661
0.000457101
2.62763
2.20207
1.85349
1.56611
1.32733
1.12723
0.958692
0.81573
0.694303
0.590627
0.502197
0.426515
0.361845
0.306522
0.259232
0.218892
0.184444
0.15519
0.130257
0.109193
0.091282
0.0761887
0.0634359
0.0526981
0.0436761
0.0361063
0.0297766
0.0244939
0.0200993
0.0164517
0.013433
0.0109401
0.00888684
0.00719941
0.00581615
0.00468514
0.00376285
0.00301291
0.00240486
0.00191338
0.00151737
0.00119935
0.000944878
0.0007422
0.000581581
0.000457067
2.59713
2.18193
1.83965
1.55626
1.32012
1.1218
0.954516
0.812466
0.691715
0.588556
0.500527
0.425163
0.360745
0.305628
0.258504
0.2183
0.183964
0.154801
0.129943
0.10894
0.0910788
0.076026
0.0633063
0.0525952
0.0435948
0.0360425
0.0297267
0.0244552
0.0200694
0.0164287
0.0134155
0.0109268
0.00887686
0.00719197
0.00581066
0.00468113
0.00375996
0.00301085
0.00240343
0.0019124
0.00151671
0.00119893
0.000944614
0.000742046
0.000581501
0.000457033
2.56591
2.16129
1.82545
1.54615
1.31269
1.11621
0.95022
0.809107
0.689052
0.586425
0.498808
0.423771
0.359614
0.304708
0.257756
0.217692
0.183471
0.154401
0.12962
0.10868
0.0908703
0.075859
0.0631733
0.0524897
0.0435115
0.0359771
0.0296756
0.0244155
0.0200387
0.0164052
0.0133976
0.0109133
0.00886667
0.00718438
0.00580506
0.00467705
0.00375702
0.00300876
0.00240197
0.0019114
0.00151604
0.0011985
0.000944347
0.000741891
0.00058142
0.000456999
2.53404
2.14018
1.8109
1.53577
1.30507
1.11048
0.945806
0.805655
0.686315
0.584235
0.497041
0.422341
0.358452
0.303763
0.256987
0.217067
0.182964
0.15399
0.129289
0.108414
0.0906564
0.0756878
0.063037
0.0523816
0.0434262
0.0359101
0.0296233
0.0243749
0.0200074
0.0163812
0.0133793
0.0108994
0.00885627
0.00717665
0.00579936
0.00467289
0.00375402
0.00300664
0.00240048
0.00191039
0.00151536
0.00119806
0.000944077
0.000741735
0.000581339
0.000456965
2.50157
2.11864
1.79602
1.52515
1.29726
1.10459
0.941274
0.80211
0.683503
0.581986
0.495227
0.420872
0.357259
0.302792
0.256198
0.216426
0.182444
0.153569
0.12895
0.108141
0.0904372
0.0755124
0.0628974
0.0522709
0.0433388
0.0358416
0.0295698
0.0243334
0.0199754
0.0163567
0.0133606
0.0108853
0.00884567
0.00716876
0.00579355
0.00466866
0.00375098
0.00300448
0.00239898
0.00190936
0.00151468
0.00119762
0.000943805
0.000741578
0.000581257
0.00045693
2.46857
2.09668
1.78083
1.51428
1.28926
1.09855
0.936626
0.798473
0.680619
0.579678
0.493366
0.419366
0.356035
0.301797
0.255389
0.215768
0.181912
0.153138
0.128602
0.107862
0.0902127
0.0753328
0.0627545
0.0521577
0.0432494
0.0357715
0.0295151
0.024291
0.0199427
0.0163316
0.0133415
0.0108709
0.00883486
0.00716072
0.00578763
0.00466435
0.00374788
0.00300229
0.00239745
0.00190832
0.00151399
0.00119717
0.00094353
0.00074142
0.000581175
0.000456895
2.43511
2.07434
1.76533
1.50317
1.28108
1.09237
0.931865
0.794747
0.677663
0.577312
0.491458
0.417821
0.35478
0.300777
0.25456
0.215095
0.181366
0.152696
0.128245
0.107575
0.0899829
0.0751489
0.0626082
0.0520418
0.0431581
0.0356999
0.0294593
0.0242477
0.0199093
0.016306
0.013322
0.0108562
0.00882384
0.00715254
0.00578161
0.00465997
0.00374474
0.00300006
0.0023959
0.00190726
0.00151328
0.00119672
0.000943253
0.00074126
0.000581092
0.000456861
2.40125
2.05164
1.74955
1.49184
1.27271
1.08606
0.926993
0.790932
0.674635
0.574889
0.489504
0.416239
0.353495
0.299733
0.253711
0.214405
0.180807
0.152244
0.127881
0.107282
0.0897478
0.0749609
0.0624587
0.0519234
0.0430647
0.0356267
0.0294022
0.0242035
0.0198752
0.0162799
0.0133022
0.0108412
0.00881262
0.0071442
0.00577549
0.00465552
0.00374154
0.0029978
0.00239433
0.00190619
0.00151257
0.00119626
0.000942973
0.000741099
0.000581009
0.000456826
2.36706
2.02861
1.7335
1.4803
1.26418
1.0796
0.922011
0.787028
0.671537
0.572409
0.487503
0.41462
0.35218
0.298664
0.252842
0.213699
0.180236
0.151781
0.127508
0.106983
0.0895075
0.0747688
0.0623059
0.0518024
0.0429693
0.035552
0.0293439
0.0241583
0.0198404
0.0162533
0.013282
0.0108259
0.00880119
0.00713572
0.00576925
0.00465099
0.00373829
0.00299551
0.00239274
0.0019051
0.00151186
0.0011958
0.00094269
0.000740937
0.000580926
0.000456791
2.33258
2.00528
1.71719
1.46854
1.25547
1.07301
0.916921
0.783038
0.668368
0.569872
0.485457
0.412963
0.350834
0.29757
0.251954
0.212977
0.179651
0.151308
0.127127
0.106677
0.0892619
0.0745725
0.0621498
0.0516788
0.0428719
0.0354757
0.0292845
0.0241123
0.019805
0.0162262
0.0132614
0.0108104
0.00878955
0.00712709
0.00576292
0.00464639
0.00373499
0.00299318
0.00239112
0.00190401
0.00151113
0.00119534
0.000942405
0.000740774
0.000580842
0.000456755
2.29789
1.98168
1.70064
1.45658
1.24661
1.06629
0.911725
0.778963
0.665131
0.56728
0.483366
0.41127
0.349459
0.296452
0.251046
0.21224
0.179054
0.150825
0.126738
0.106364
0.0890111
0.074372
0.0619905
0.0515527
0.0427726
0.0353979
0.0292239
0.0240654
0.0197689
0.0161986
0.0132404
0.0107946
0.00877771
0.00711831
0.00575647
0.00464172
0.00373165
0.00299081
0.00238948
0.00190289
0.00151039
0.00119487
0.000942117
0.00074061
0.000580757
0.00045672
2.26302
1.95783
1.68387
1.44443
1.23758
1.05943
0.906425
0.774804
0.661826
0.564632
0.481229
0.40954
0.348054
0.295311
0.250118
0.211486
0.178444
0.150331
0.12634
0.106045
0.0887552
0.0741674
0.061828
0.0514241
0.0426713
0.0353186
0.0291621
0.0240176
0.0197321
0.0161705
0.013219
0.0107785
0.00876567
0.00710939
0.00574993
0.00463697
0.00372825
0.00298842
0.00238782
0.00190177
0.00150965
0.00119439
0.000941827
0.000740444
0.000580672
0.000456684
2.22803
1.93376
1.66688
1.4321
1.2284
1.05246
0.901023
0.770562
0.658453
0.56193
0.479048
0.407774
0.346619
0.294145
0.249171
0.210717
0.177821
0.149827
0.125934
0.10572
0.0884941
0.0739588
0.0616622
0.0512929
0.042568
0.0352377
0.0290991
0.0239689
0.0196946
0.0161418
0.0131973
0.0107621
0.00875342
0.00710032
0.00574328
0.00463215
0.0037248
0.00298599
0.00238614
0.00190063
0.0015089
0.00119391
0.000941534
0.000740277
0.000580587
0.000456649
2.19295
1.9095
1.64969
1.41959
1.21908
1.04536
0.895521
0.766238
0.655014
0.559173
0.476823
0.405972
0.345155
0.292955
0.248204
0.209932
0.177186
0.149313
0.125521
0.105388
0.0882278
0.073746
0.0614932
0.0511592
0.0424627
0.0351554
0.029035
0.0239193
0.0196565
0.0161127
0.0131751
0.0107454
0.00874097
0.0070911
0.00573652
0.00462725
0.0037213
0.00298352
0.00238444
0.00189947
0.00150813
0.00119343
0.000941239
0.000740109
0.000580501
0.000456613
2.15784
1.88508
1.63231
1.40692
1.20961
1.03814
0.88992
0.761833
0.651509
0.556363
0.474554
0.404134
0.343663
0.291742
0.247218
0.209132
0.176538
0.148789
0.125099
0.10505
0.0879564
0.0735292
0.0613209
0.051023
0.0423555
0.0350715
0.0289697
0.0238688
0.0196176
0.0160831
0.0131527
0.0107285
0.00872832
0.00708173
0.00572966
0.00462229
0.00371775
0.00298103
0.00238271
0.00189831
0.00150737
0.00119294
0.00094094
0.000739939
0.000580415
0.000456577
2.12272
1.86053
1.61477
1.39409
1.2
1.03081
0.884223
0.75735
0.647939
0.553499
0.472241
0.402261
0.342141
0.290505
0.246213
0.208316
0.175878
0.148255
0.124669
0.104705
0.0876799
0.0733083
0.0611455
0.0508843
0.0422464
0.0349861
0.0289033
0.0238174
0.0195782
0.0160529
0.0131298
0.0107113
0.00871546
0.00707222
0.0057227
0.00461725
0.00371415
0.00297849
0.00238096
0.00189712
0.00150659
0.00119244
0.00094064
0.000739769
0.000580328
0.000456541
2.08764
1.83586
1.59706
1.3811
1.19026
1.02336
0.878432
0.752788
0.644305
0.550583
0.469885
0.400352
0.34059
0.289245
0.24519
0.207485
0.175206
0.147711
0.124231
0.104354
0.0873983
0.0730833
0.0609669
0.0507431
0.0421353
0.0348992
0.0288357
0.0237651
0.019538
0.0160222
0.0131065
0.0106938
0.0087024
0.00706257
0.00571563
0.00461213
0.0037105
0.00297593
0.00237919
0.00189593
0.0015058
0.00119194
0.000940337
0.000739597
0.000580241
0.000456505
2.05263
1.8111
1.57921
1.36797
1.18039
1.0158
0.872548
0.74815
0.640607
0.547615
0.467487
0.398409
0.339011
0.287961
0.244147
0.206639
0.17452
0.147157
0.123785
0.103997
0.0871117
0.0728544
0.0607852
0.0505994
0.0420222
0.0348108
0.0287669
0.023712
0.0194972
0.0159911
0.0130829
0.010676
0.00868914
0.00705276
0.00570846
0.00460695
0.0037068
0.00297333
0.0023774
0.00189472
0.00150501
0.00119144
0.000940031
0.000739424
0.000580153
0.000456468
2.01772
1.78628
1.56122
1.35471
1.1704
1.00814
0.866574
0.743437
0.636847
0.544595
0.465047
0.396431
0.337404
0.286654
0.243085
0.205777
0.173823
0.146593
0.123331
0.103633
0.0868201
0.0726214
0.0606002
0.0504533
0.0419072
0.0347209
0.028697
0.023658
0.0194557
0.0159594
0.0130589
0.010658
0.00867568
0.00704281
0.00570118
0.00460169
0.00370306
0.0029707
0.00237558
0.00189349
0.0015042
0.00119093
0.000939722
0.00073925
0.000580065
0.000456432
1.98294
1.7614
1.54313
1.34131
1.16029
1.00037
0.860511
0.738649
0.633026
0.541525
0.462564
0.394418
0.335768
0.285325
0.242005
0.2049
0.173114
0.146019
0.122869
0.103263
0.0865234
0.0723844
0.0604122
0.0503047
0.0417904
0.0346296
0.028626
0.0236031
0.0194135
0.0159273
0.0130345
0.0106396
0.00866202
0.00703272
0.0056938
0.00459636
0.00369926
0.00296803
0.00237375
0.00189226
0.00150339
0.00119041
0.000939411
0.000739074
0.000579976
0.000456395
1.94832
1.73649
1.52492
1.32779
1.15006
0.992495
0.854362
0.733788
0.629144
0.538405
0.460041
0.392372
0.334105
0.283973
0.240907
0.204008
0.172392
0.145435
0.1224
0.102887
0.0862218
0.0721435
0.0602209
0.0501536
0.0416715
0.0345367
0.0285538
0.0235473
0.0193707
0.0158946
0.0130098
0.010621
0.00864815
0.00702248
0.00568632
0.00459096
0.00369541
0.00296534
0.00237189
0.00189101
0.00150257
0.00118989
0.000939098
0.000738898
0.000579887
0.000456359
1.9139
1.71156
1.50663
1.31416
1.13972
0.984526
0.848128
0.728856
0.625202
0.535234
0.457476
0.390292
0.332414
0.282598
0.23979
0.203101
0.171658
0.144842
0.121923
0.102505
0.0859152
0.0718986
0.0600266
0.05
0.0415508
0.0344424
0.0284805
0.0234907
0.0193272
0.0158615
0.0129847
0.0106022
0.00863409
0.0070121
0.00567874
0.00458548
0.00369151
0.0029626
0.00237001
0.00188974
0.00150174
0.00118937
0.000938782
0.00073872
0.000579797
0.000456322
1.87968
1.68664
1.48826
1.30042
1.12928
0.976462
0.84181
0.723853
0.621201
0.532015
0.45487
0.388178
0.330695
0.2812
0.238654
0.202179
0.170912
0.144239
0.121437
0.102117
0.0856037
0.0716497
0.0598292
0.0498441
0.0414282
0.0343466
0.028406
0.0234332
0.0192831
0.0158278
0.0129592
0.010583
0.00861983
0.00700158
0.00567105
0.00457994
0.00368756
0.00295984
0.00236811
0.00188846
0.0015009
0.00118884
0.000938463
0.000738541
0.000579707
0.000456285
1.84569
1.66174
1.46982
1.28658
1.11874
0.968305
0.835412
0.718782
0.617142
0.528747
0.452225
0.386031
0.328949
0.27978
0.237501
0.201243
0.170155
0.143626
0.120944
0.101722
0.0852873
0.071397
0.0596286
0.0496857
0.0413037
0.0342493
0.0283304
0.0233748
0.0192383
0.0157937
0.0129334
0.0105636
0.00860537
0.00699091
0.00566326
0.00457432
0.00368357
0.00295704
0.00236619
0.00188717
0.00150006
0.00118831
0.000938142
0.000738361
0.000579616
0.000456247
1.81196
1.63687
1.45132
1.27265
1.1081
0.960059
0.828935
0.713642
0.613025
0.525431
0.449539
0.383852
0.327176
0.278339
0.236329
0.200291
0.169385
0.143004
0.120444
0.101322
0.084966
0.0711403
0.059425
0.0495249
0.0411773
0.0341506
0.0282537
0.0233156
0.0191929
0.0157591
0.0129072
0.0105439
0.00859071
0.00698009
0.00565537
0.00456863
0.00367952
0.00295421
0.00236424
0.00188586
0.0014992
0.00118777
0.000937818
0.000738179
0.000579525
0.00045621
1.7785
1.61205
1.43277
1.25863
1.09736
0.951725
0.82238
0.708436
0.608852
0.522068
0.446815
0.381639
0.325377
0.276875
0.235139
0.199326
0.168603
0.142372
0.119936
0.100915
0.0846399
0.0708797
0.0592183
0.0493616
0.041049
0.0340504
0.0281759
0.0232555
0.0191468
0.0157239
0.0128806
0.010524
0.00857585
0.00696914
0.00564738
0.00456287
0.00367543
0.00295134
0.00236227
0.00188454
0.00149834
0.00118722
0.000937492
0.000737996
0.000579434
0.000456172
1.74533
1.58729
1.41419
1.24453
1.08654
0.943308
0.81575
0.703164
0.604624
0.518658
0.444051
0.379395
0.323551
0.275389
0.233932
0.198345
0.16781
0.14173
0.11942
0.100503
0.0843089
0.0706153
0.0590086
0.049196
0.0409189
0.0339487
0.0280969
0.0231946
0.0191
0.0156883
0.0128536
0.0105038
0.00856079
0.00695804
0.00563928
0.00455704
0.00367128
0.00294845
0.00236028
0.00188321
0.00149747
0.00118668
0.000937163
0.000737812
0.000579342
0.000456135
1.71246
1.56261
1.39558
1.23037
1.07563
0.934809
0.809047
0.697828
0.60034
0.515202
0.441248
0.377118
0.321698
0.273882
0.232707
0.19735
0.167005
0.141079
0.118897
0.100085
0.0839732
0.070347
0.0587958
0.049028
0.0407868
0.0338456
0.0280168
0.0231328
0.0190526
0.0156522
0.0128263
0.0104833
0.00854554
0.0069468
0.00563109
0.00455113
0.00366709
0.00294551
0.00235827
0.00188186
0.00149659
0.00118612
0.000936831
0.000737627
0.000579249
0.000456097
1.67991
1.53801
1.37695
1.21613
1.06465
0.926231
0.802272
0.69243
0.596003
0.511701
0.438408
0.37481
0.319819
0.272353
0.231464
0.196341
0.166189
0.140419
0.118366
0.0996602
0.0836327
0.0700749
0.05858
0.0488576
0.040653
0.0337411
0.0279356
0.0230702
0.0190046
0.0156157
0.0127987
0.0104625
0.00853009
0.00693541
0.00562279
0.00454516
0.00366285
0.00294255
0.00235624
0.0018805
0.00149571
0.00118556
0.000936497
0.000737441
0.000579156
0.000456059
1.64768
1.51351
1.35831
1.20184
1.05358
0.917578
0.795426
0.686969
0.591612
0.508154
0.43553
0.37247
0.317914
0.270802
0.230204
0.195318
0.165361
0.139749
0.117827
0.0992301
0.0832875
0.069799
0.0583611
0.0486848
0.0405172
0.0336351
0.0278534
0.0230067
0.0189559
0.0155786
0.0127706
0.0104415
0.00851445
0.00692388
0.00561439
0.00453911
0.00365856
0.00293955
0.00235419
0.00187912
0.00149481
0.001185
0.000936161
0.000737253
0.000579063
0.000456021
1.6158
1.48912
1.33967
1.1875
1.04245
0.908851
0.788513
0.681448
0.58717
0.504563
0.432614
0.3701
0.315984
0.269231
0.228926
0.19428
0.164521
0.13907
0.117282
0.0987942
0.0829375
0.0695192
0.0581393
0.0485097
0.0403797
0.0335277
0.02777
0.0229424
0.0189066
0.015541
0.0127422
0.0104202
0.0084986
0.00691222
0.00560589
0.00453299
0.00365422
0.00293652
0.00235211
0.00187773
0.00149391
0.00118443
0.000935821
0.000737065
0.000578969
0.000455983
1.58426
1.46485
1.32103
1.17311
1.03125
0.900053
0.781533
0.675868
0.582675
0.500928
0.429662
0.367698
0.314028
0.267639
0.227632
0.193229
0.16367
0.138382
0.116729
0.0982478
0.0825827
0.0692357
0.0579144
0.0483323
0.0402403
0.0334189
0.0276855
0.0228772
0.0188566
0.015503
0.0127135
0.0103986
0.00848257
0.00690041
0.00559729
0.00452681
0.00364983
0.00293346
0.00235002
0.00187633
0.00149299
0.00118386
0.00093548
0.000736875
0.000578875
0.000455945
1.55308
1.44071
1.30241
1.15868
1.01998
0.891187
0.774489
0.67023
0.578131
0.49725
0.426673
0.365266
0.312047
0.266025
0.22632
0.192163
0.162808
0.137684
0.116168
0.0977996
0.082223
0.0689485
0.0576866
0.0481524
0.040099
0.0333087
0.0275999
0.0228112
0.018806
0.0154645
0.0126844
0.0103768
0.00846634
0.00688846
0.00558858
0.00452055
0.00364539
0.00293036
0.0023479
0.00187491
0.00149207
0.00118328
0.000935135
0.000736684
0.00057878
0.000455906
1.52226
1.4167
1.2838
1.14421
1.00865
0.882254
0.767382
0.664535
0.573536
0.49353
0.423648
0.362804
0.310041
0.264391
0.224991
0.191084
0.161934
0.136978
0.1156
0.0973452
0.0818584
0.0686575
0.0574559
0.0479703
0.039956
0.033197
0.0275132
0.0227444
0.0187548
0.0154255
0.0126549
0.0103547
0.00844991
0.00687637
0.00557978
0.00451422
0.0036409
0.00292724
0.00234576
0.00187348
0.00149114
0.0011827
0.000934789
0.000736491
0.000578685
0.000455868
1.49182
1.39283
1.26522
1.12972
0.997268
0.873259
0.760213
0.658784
0.568893
0.489767
0.420587
0.360313
0.30801
0.262737
0.223646
0.18999
0.161049
0.136262
0.115025
0.0968849
0.0814891
0.0683628
0.0572222
0.0477859
0.0398111
0.033084
0.0274255
0.0226767
0.018703
0.015386
0.0126251
0.0103323
0.00843329
0.00686414
0.00557088
0.00450782
0.00363637
0.00292407
0.0023436
0.00187204
0.00149021
0.00118212
0.000934439
0.000736298
0.000578589
0.000455829
1.46174
1.36912
1.24668
1.11519
0.985832
0.864202
0.752985
0.652979
0.564201
0.485963
0.417492
0.357791
0.305954
0.261062
0.222283
0.188884
0.160153
0.135537
0.114442
0.0964185
0.081115
0.0680644
0.0569855
0.0475991
0.0396644
0.0329695
0.0273366
0.0226082
0.0186505
0.0153461
0.0125949
0.0103097
0.00841648
0.00685177
0.00556188
0.00450135
0.00363179
0.00292088
0.00234141
0.00187058
0.00148926
0.00118153
0.000934087
0.000736103
0.000578493
0.00045579
1.43205
1.34557
1.22817
1.10065
0.97435
0.855088
0.7457
0.647121
0.559462
0.482118
0.414361
0.35524
0.303874
0.259367
0.220904
0.187763
0.159246
0.134803
0.113852
0.0959461
0.0807363
0.0677623
0.056746
0.0474101
0.039516
0.0328537
0.0272467
0.0225389
0.0185974
0.0153057
0.0125644
0.0102868
0.00839947
0.00683926
0.00555278
0.00449481
0.00362715
0.00291765
0.00233921
0.00186911
0.00148831
0.00118093
0.000933733
0.000735907
0.000578396
0.000455751
1.30442
1.2417
1.14451
1.0333
0.919884
0.81081
0.709459
0.617271
0.534723
0.461542
0.397183
0.340877
0.291847
0.249295
0.212476
0.180713
0.153364
0.129894
0.109772
0.0926214
0.0779298
0.0654411
0.0548329
0.0458383
0.0382284
0.0318031
0.0263921
0.0218464
0.0180381
0.0148556
0.0122033
0.00999825
0.00816969
0.00665702
0.00540886
0.00438165
0.00353857
0.0028486
0.00228559
0.0018276
0.00145622
0.00115608
0.000914331
0.000720409
0.000565232
0.000442321
1.10157
1.06886
1.00002
0.913371
0.820453
0.728246
0.640722
0.559861
0.486595
0.421096
0.363122
0.312167
0.267634
0.228881
0.195278
0.166238
0.141204
0.11969
0.101231
0.0854659
0.0719751
0.0604876
0.0507225
0.0424369
0.0354217
0.0294948
0.0244995
0.0202998
0.0167782
0.0138326
0.0113754
0.00933054
0.00763308
0.00622743
0.00506635
0.00410975
0.00332373
0.00267967
0.00215345
0.00172481
0.00137674
0.00109502
0.000867739
0.000685117
0.000538696
0.000422386
0.920644
0.908664
0.861711
0.795466
0.720527
0.643736
0.569277
0.499462
0.435472
0.377786
0.326411
0.28105
0.241266
0.206554
0.176395
0.150288
0.127755
0.108368
0.0917204
0.077481
0.0652982
0.0549136
0.0460797
0.0385796
0.0322256
0.026854
0.0223239
0.0185126
0.0153144
0.0126372
0.010402
0.0085404
0.00699368
0.00571175
0.00465189
0.00377788
0.00305901
0.00246937
0.00198709
0.00159379
0.00127404
0.0010149
0.000805572
0.00063713
0.00050187
0.000394188
0.759443
0.760692
0.730071
0.680398
0.62097
0.558101
0.495864
0.436677
0.381853
0.332029
0.287393
0.247812
0.212983
0.182519
0.156
0.13301
0.113144
0.0960336
0.081331
0.0687407
0.0579662
0.0487755
0.0409526
0.0343074
0.0286746
0.0239103
0.0198902
0.0165061
0.0136644
0.0112843
0.00929567
0.00763822
0.00626015
0.00511714
0.00417143
0.00339093
0.00274845
0.00222101
0.00178922
0.00143675
0.00114991
0.000917199
0.000729004
0.000577388
0.000455487
0.000358286
0.615197
0.623935
0.605048
0.568599
0.522401
0.471998
0.421112
0.372077
0.326225
0.284244
0.246428
0.212761
0.183048
0.157001
0.134288
0.11457
0.0975141
0.0828109
0.0701688
0.0593344
0.0500577
0.0421408
0.0353988
0.0296693
0.0248106
0.0206994
0.0172287
0.0143058
0.0118501
0.00979215
0.00807172
0.00663696
0.00544332
0.00445268
0.00363251
0.00295518
0.00239724
0.00193888
0.00156336
0.00125659
0.00100672
0.000803835
0.000639608
0.000507171
0.000400581
0.000315487
0.484989
0.496988
0.486117
0.460083
0.42511
0.385837
0.345475
0.306115
0.269001
0.234802
0.203846
0.176189
0.151716
0.130221
0.11145
0.0951353
0.081011
0.0688256
0.0583424
0.0493508
0.0416531
0.0350785
0.0294776
0.0247163
0.0206772
0.0172583
0.0143711
0.0119385
0.00989405
0.00817993
0.0067463
0.00555014
0.00455453
0.00372781
0.00304302
0.00247718
0.00201084
0.00162749
0.00131324
0.00105636
0.000846991
0.000676868
0.000539059
0.000427839
0.000338251
0.000266666
0.365994
0.378159
0.372457
0.354552
0.329131
0.299839
0.269264
0.239141
0.210536
0.184039
0.159954
0.138374
0.119237
0.102402
0.0876828
0.0748778
0.0637841
0.0542076
0.0459655
0.0388921
0.0328357
0.0276609
0.0232512
0.0195015
0.0163197
0.0136258
0.0113502
0.00943243
0.00782009
0.00646783
0.00533644
0.00439211
0.00360581
0.00295264
0.00241139
0.00196398
0.00159507
0.00129169
0.00104287
0.000839377
0.000673433
0.000538523
0.000429176
0.000340871
0.000269698
0.000212788
0.255478
0.265633
0.26302
0.251484
0.234302
0.214066
0.192675
0.171425
0.151131
0.132256
0.115045
0.099588
0.0858592
0.0737667
0.0631846
0.0539726
0.0459877
0.039092
0.0331554
0.0280588
0.0236943
0.0199643
0.0167851
0.0140812
0.0117864
0.0098432
0.00820139
0.00681746
0.00565368
0.00467739
0.00386036
0.00317823
0.00261008
0.00213801
0.0017467
0.00142314
0.00115626
0.000936721
0.0007566
0.000609235
0.000489017
0.000391242
0.000311959
0.000247905
0.000196252
0.000154932
0.150967
0.157616
0.156623
0.150209
0.140309
0.128453
0.115799
0.103151
0.091022
0.0797101
0.0693725
0.0600748
0.0518079
0.044521
0.0381409
0.0325848
0.0277675
0.0236065
0.0200237
0.0169474
0.0143128
0.0120609
0.0101414
0.00850872
0.00712299
0.00594944
0.00495782
0.00412186
0.00341881
0.00282893
0.0023352
0.00192293
0.0015795
0.00129409
0.00105746
0.000861768
0.00070033
0.000567496
0.000458491
0.00036929
0.000296503
0.000237291
0.000189264
0.000150452
0.000119145
9.4094e-05
0.0496748
0.0520488
0.0518856
0.0498958
0.0467153
0.0428465
0.0386792
0.0344898
0.0304578
0.0266879
0.0232363
0.0201278
0.0173616
0.0149219
0.0127849
0.0109235
0.00930922
0.00791471
0.00671389
0.00568274
0.00479965
0.00404479
0.00340132
0.00285397
0.0023894
0.00199593
0.00166344
0.00138313
0.00114736
0.000949525
0.000783919
0.000645619
0.000530396
0.000434627
0.000355217
0.000289533
0.000235339
0.00019074
0.000154135
0.000124174
9.97228e-05
7.98271e-05
6.36866e-05
5.06398e-05
4.01137e-05
3.16883e-05
0.00034896
0.000269277
0.000206608
0.000158044
0.000120316
9.12209e-05
6.88506e-05
5.17424e-05
3.87179e-05
2.88532e-05
2.14203e-05
1.58499e-05
1.16985e-05
8.62244e-06
6.35676e-06
4.69839e-06
3.49252e-06
2.62173e-06
1.99744e-06
1.55338e-06
1.24015e-06
1.02121e-06
8.69702e-07
7.65926e-07
6.95895e-07
6.49368e-07
6.20176e-07
6.01043e-07
5.96127e-07
5.88392e-07
6.08131e-07
6.05876e-07
6.72731e-07
6.74709e-07
8.33616e-07
8.5193e-07
9.23897e-07
9.1616e-07
9.44151e-07
0.000348814
0.00026914
0.000206478
0.00015792
0.000120196
9.1105e-05
6.87374e-05
5.16313e-05
3.86085e-05
2.87451e-05
2.13132e-05
1.57435e-05
1.15927e-05
8.51699e-06
6.25156e-06
4.59332e-06
3.38753e-06
2.51675e-06
1.8925e-06
1.44843e-06
1.13518e-06
9.16169e-07
7.6461e-07
6.60744e-07
5.90631e-07
5.44096e-07
5.14898e-07
4.95765e-07
4.90849e-07
4.83128e-07
5.0286e-07
5.00636e-07
5.67476e-07
5.69584e-07
7.28426e-07
7.46694e-07
8.18693e-07
8.11783e-07
8.39743e-07
0.000348513
0.000268849
0.000206193
0.000157641
0.000119922
9.08339e-05
6.84691e-05
5.13652e-05
3.83441e-05
2.84821e-05
2.10512e-05
1.54822e-05
1.1332e-05
8.25687e-06
5.99193e-06
4.33411e-06
3.12869e-06
2.25826e-06
1.63422e-06
1.19036e-06
8.77304e-07
6.58533e-07
5.07153e-07
4.03509e-07
3.336e-07
2.87108e-07
2.5794e-07
2.38823e-07
2.33918e-07
2.26182e-07
2.45935e-07
2.43679e-07
3.10552e-07
3.12457e-07
4.71448e-07
4.89751e-07
5.61666e-07
5.5317e-07
5.81096e-07
0.000348322
0.000268667
0.000206019
0.000157473
0.000119757
9.06732e-05
6.8311e-05
5.12091e-05
3.81895e-05
2.83286e-05
2.08986e-05
1.53304e-05
1.11806e-05
8.10563e-06
5.84078e-06
4.18296e-06
2.97747e-06
2.10685e-06
1.48275e-06
1.03878e-06
7.25565e-07
5.06543e-07
3.54947e-07
2.51043e-07
1.80857e-07
1.34324e-07
1.05129e-07
8.60026e-08
8.10848e-08
7.33846e-08
9.3109e-08
9.09235e-08
1.57752e-07
1.60025e-07
3.18799e-07
3.36996e-07
4.09027e-07
4.03056e-07
4.3104e-07
0.000348246
0.0002686
0.000205959
0.000157419
0.000119708
9.06276e-05
6.82683e-05
5.11687e-05
3.81508e-05
2.82913e-05
2.08623e-05
1.52949e-05
1.11458e-05
8.07151e-06
5.80719e-06
4.14984e-06
2.94479e-06
2.07468e-06
1.45085e-06
1.00715e-06
6.94243e-07
4.75614e-07
3.2445e-07
2.20896e-07
1.51119e-07
1.04665e-07
7.5517e-08
5.64142e-08
5.15287e-08
4.37879e-08
6.35583e-08
6.13019e-08
1.28192e-07
1.29994e-07
2.89092e-07
3.07391e-07
3.79248e-07
3.7059e-07
3.98608e-07
0.000348192
0.000268556
0.000205923
0.000157388
0.000119682
9.06054e-05
6.8249e-05
5.11516e-05
3.81355e-05
2.82774e-05
2.08495e-05
1.52829e-05
1.11343e-05
8.06038e-06
5.79626e-06
4.13899e-06
2.9339e-06
2.0636e-06
1.43969e-06
9.95855e-07
6.82715e-07
4.63713e-07
3.11982e-07
2.08089e-07
1.37821e-07
9.12875e-08
6.21021e-08
4.29843e-08
3.80562e-08
3.03796e-08
5.00946e-08
4.79425e-08
1.14765e-07
1.17225e-07
2.75926e-07
2.94038e-07
3.66111e-07
3.60344e-07
3.8831e-07
0.000348151
0.000268525
0.000205899
0.00015737
0.000119669
9.05956e-05
6.82421e-05
5.11469e-05
3.81325e-05
2.82757e-05
2.08488e-05
1.52829e-05
1.1135e-05
8.06159e-06
5.79793e-06
4.14106e-06
2.93637e-06
2.06651e-06
1.4429e-06
9.9938e-07
6.86611e-07
4.68094e-07
3.17001e-07
2.13706e-07
1.44138e-07
9.77403e-08
6.86177e-08
4.95297e-08
4.46374e-08
3.69169e-08
5.66798e-08
5.44345e-08
1.21328e-07
1.22928e-07
2.82199e-07
3.00529e-07
3.72296e-07
3.63476e-07
3.9151e-07
0.000348105
0.000268488
0.000205869
0.000157347
0.00011965
9.05803e-05
6.82296e-05
5.11367e-05
3.81241e-05
2.82686e-05
2.08428e-05
1.52777e-05
1.11304e-05
8.05739e-06
5.79399e-06
4.13726e-06
2.93257e-06
2.06259e-06
1.43888e-06
9.95178e-07
6.82123e-07
4.63172e-07
3.1149e-07
2.07452e-07
1.37024e-07
9.04686e-08
6.12881e-08
4.21782e-08
3.72663e-08
2.95876e-08
4.93187e-08
4.71868e-08
1.14016e-07
1.16758e-07
2.75337e-07
2.93325e-07
3.65478e-07
3.60063e-07
3.88034e-07
0.000348062
0.000268455
0.000205844
0.000157327
0.000119636
9.05698e-05
6.82221e-05
5.11315e-05
3.81207e-05
2.82666e-05
2.08418e-05
1.52776e-05
1.11309e-05
8.0584e-06
5.79542e-06
4.13906e-06
2.93474e-06
2.06514e-06
1.44175e-06
9.98402e-07
6.85769e-07
4.67359e-07
3.16349e-07
2.13212e-07
1.43872e-07
9.75444e-08
6.84435e-08
4.93683e-08
4.44787e-08
3.67745e-08
5.65333e-08
5.43013e-08
1.21194e-07
1.22612e-07
2.82006e-07
3.00397e-07
3.72044e-07
3.63088e-07
3.91118e-07
0.000348016
0.000268418
0.000205815
0.000157305
0.000119617
9.05553e-05
6.82106e-05
5.11223e-05
3.81132e-05
2.82605e-05
2.08368e-05
1.52733e-05
1.11272e-05
8.05516e-06
5.79247e-06
4.13628e-06
2.93201e-06
2.06234e-06
1.43885e-06
9.95286e-07
6.82324e-07
4.63431e-07
3.11768e-07
2.07677e-07
1.37117e-07
9.05206e-08
6.13472e-08
4.22461e-08
3.73423e-08
2.9667e-08
4.94089e-08
4.7298e-08
1.14135e-07
1.17102e-07
2.75663e-07
2.93488e-07
3.65759e-07
3.60653e-07
3.88634e-07
0.000347971
0.000268384
0.000205788
0.000157284
0.000119602
9.05436e-05
6.82019e-05
5.11159e-05
3.81087e-05
2.82574e-05
2.08348e-05
1.52722e-05
1.11268e-05
8.05522e-06
5.79295e-06
4.13712e-06
2.93318e-06
2.06386e-06
1.4407e-06
9.97515e-07
6.85018e-07
4.66716e-07
3.15814e-07
2.12797e-07
1.43609e-07
9.73781e-08
6.82993e-08
4.92381e-08
4.43569e-08
3.66642e-08
5.6423e-08
5.42016e-08
1.21092e-07
1.2238e-07
2.81851e-07
3.00297e-07
3.71828e-07
3.62749e-07
3.90769e-07
0.000347925
0.000268347
0.000205759
0.000157261
0.000119584
9.05297e-05
6.8191e-05
5.11074e-05
3.8102e-05
2.82521e-05
2.08306e-05
1.52688e-05
1.1124e-05
8.05288e-06
5.79092e-06
4.13528e-06
2.93143e-06
2.06208e-06
1.4388e-06
9.95385e-07
6.82518e-07
4.63681e-07
3.12027e-07
2.07913e-07
1.37323e-07
9.06314e-08
6.14637e-08
4.23697e-08
3.74705e-08
2.9803e-08
4.95514e-08
4.74652e-08
1.14309e-07
1.17453e-07
2.75997e-07
2.93713e-07
3.66053e-07
3.61277e-07
3.89266e-07
0.000347879
0.000268311
0.000205731
0.00015724
0.000119567
9.0517e-05
6.81813e-05
5.11001e-05
3.80965e-05
2.82481e-05
2.08276e-05
1.52667e-05
1.11226e-05
8.05197e-06
5.79042e-06
4.13512e-06
2.93157e-06
2.06254e-06
1.43961e-06
9.96606e-07
6.84253e-07
4.66071e-07
3.15283e-07
2.12366e-07
1.43277e-07
9.71565e-08
6.81037e-08
4.90589e-08
4.41882e-08
3.65036e-08
5.62648e-08
5.40496e-08
1.20939e-07
1.22136e-07
2.81694e-07
3.00144e-07
3.71606e-07
3.62379e-07
3.90391e-07
0.000347832
0.000268275
0.000205703
0.000157218
0.00011955
9.05036e-05
6.8171e-05
5.10922e-05
3.80906e-05
2.82436e-05
2.08242e-05
1.52642e-05
1.11207e-05
8.05055e-06
5.78936e-06
4.13429e-06
2.93088e-06
2.06185e-06
1.43879e-06
9.95513e-07
6.8273e-07
4.63936e-07
3.12291e-07
2.08168e-07
1.3755e-07
9.07966e-08
6.16305e-08
4.25417e-08
3.76455e-08
2.99889e-08
4.97413e-08
4.76846e-08
1.14533e-07
1.1782e-07
2.76344e-07
2.93999e-07
3.66361e-07
3.61963e-07
3.8996e-07
0.000347761
0.000268219
0.000205659
0.000157183
0.000119523
9.04826e-05
6.81545e-05
5.10791e-05
3.80801e-05
2.82352e-05
2.08176e-05
1.52588e-05
1.11163e-05
8.04704e-06
5.78658e-06
4.13219e-06
2.92924e-06
2.06067e-06
1.43819e-06
9.95657e-07
6.83784e-07
4.66123e-07
3.15945e-07
2.13775e-07
1.45608e-07
9.99237e-08
7.09752e-08
5.19806e-08
4.71399e-08
3.94506e-08
5.92213e-08
5.69271e-08
1.23836e-07
1.2389e-07
2.84118e-07
3.02907e-07
3.73878e-07
3.61847e-07
3.89843e-07
0.000347664
0.000268143
0.000205599
0.000157137
0.000119487
9.04547e-05
6.8133e-05
5.10627e-05
3.80676e-05
2.82257e-05
2.08102e-05
1.52532e-05
1.11119e-05
8.04338e-06
5.78337e-06
4.12918e-06
2.92629e-06
2.05752e-06
1.43456e-06
9.9124e-07
6.78269e-07
4.59148e-07
3.07019e-07
2.02239e-07
1.3061e-07
8.34255e-08
5.4158e-08
3.50364e-08
3.01199e-08
2.25036e-08
4.22556e-08
4.0368e-08
1.07208e-07
1.11932e-07
2.6974e-07
2.87001e-07
3.59776e-07
3.59264e-07
3.87286e-07
0.000347567
0.000268068
0.00020554
0.000157091
0.000119452
9.0428e-05
6.81128e-05
5.10476e-05
3.80566e-05
2.82179e-05
2.0805e-05
1.525e-05
1.11104e-05
8.04334e-06
5.78459e-06
4.13152e-06
2.92965e-06
2.06193e-06
1.4401e-06
9.98069e-07
6.86596e-07
4.6926e-07
3.19339e-07
2.1736e-07
1.49539e-07
1.03959e-07
7.51094e-08
5.61651e-08
5.13553e-08
4.36726e-08
6.34478e-08
6.11236e-08
1.28024e-07
1.27886e-07
2.88442e-07
3.07042e-07
3.78048e-07
3.64999e-07
3.92949e-07
0.000347466
0.000267988
0.000205478
0.000157042
0.000119413
9.03974e-05
6.80886e-05
5.10283e-05
3.8041e-05
2.8205e-05
2.07941e-05
1.52405e-05
1.11018e-05
8.0352e-06
5.7766e-06
4.12342e-06
2.92122e-06
2.05291e-06
1.43027e-06
9.87151e-07
6.74287e-07
4.55207e-07
3.03085e-07
1.98302e-07
1.26439e-07
7.93236e-08
5.00135e-08
3.08893e-08
2.59683e-08
1.83841e-08
3.81398e-08
3.63534e-08
1.03203e-07
1.0819e-07
2.65856e-07
2.8323e-07
3.55837e-07
3.56763e-07
3.84821e-07
0.000347366
0.00026791
0.000205417
0.000156996
0.000119378
9.03709e-05
6.80691e-05
5.10145e-05
3.80317e-05
2.81995e-05
2.07916e-05
1.52405e-05
1.11039e-05
8.03922e-06
5.78228e-06
4.13061e-06
2.92985e-06
2.06299e-06
1.44183e-06
1.00032e-06
6.89266e-07
4.72269e-07
3.22613e-07
2.20829e-07
1.53252e-07
1.07744e-07
7.90128e-08
6.01217e-08
5.53457e-08
4.7669e-08
6.74454e-08
6.50793e-08
1.31969e-07
1.31765e-07
2.92672e-07
3.10922e-07
3.8208e-07
3.68003e-07
3.95889e-07
0.000347261
0.000267828
0.000205352
0.000156944
0.000119337
9.03383e-05
6.80428e-05
5.09928e-05
3.80135e-05
2.81837e-05
2.07775e-05
1.52274e-05
1.10914e-05
8.02681e-06
5.76968e-06
4.11755e-06
2.91609e-06
2.0483e-06
1.426e-06
9.83102e-07
6.70357e-07
4.51327e-07
2.99219e-07
1.9444e-07
1.22609e-07
7.54785e-08
4.61049e-08
2.69773e-08
2.20479e-08
1.44972e-08
3.42557e-08
3.25834e-08
9.94418e-08
1.04527e-07
2.62223e-07
2.7976e-07
3.52042e-07
3.54375e-07
3.82476e-07
0.000347158
0.000267747
0.000205289
0.000156896
0.000119301
9.03115e-05
6.80237e-05
5.098e-05
3.80058e-05
2.81803e-05
2.07777e-05
1.52306e-05
1.10971e-05
8.03485e-06
5.77977e-06
4.12956e-06
2.92993e-06
2.06394e-06
1.44345e-06
1.00247e-06
6.91846e-07
4.75192e-07
3.25804e-07
2.24217e-07
1.56603e-07
1.11246e-07
8.26606e-08
6.38263e-08
5.90885e-08
5.14191e-08
7.11923e-08
6.87714e-08
1.35646e-07
1.35566e-07
2.96516e-07
3.14493e-07
3.8582e-07
3.70929e-07
3.98737e-07
0.000347096
0.000267699
0.000205251
0.000156866
0.000119277
9.02921e-05
6.80076e-05
5.09665e-05
3.79941e-05
2.81697e-05
2.07679e-05
1.52212e-05
1.10879e-05
8.02547e-06
5.7701e-06
4.11944e-06
2.91923e-06
2.05253e-06
1.43124e-06
9.89318e-07
6.77576e-07
4.5962e-07
3.08714e-07
2.05336e-07
1.35536e-07
8.91401e-08
6.00625e-08
4.10589e-08
3.62055e-08
2.86212e-08
4.83876e-08
4.64595e-08
1.1333e-07
1.16086e-07
2.75418e-07
2.93213e-07
3.64965e-07
3.60337e-07
3.8834e-07
0.000347082
0.000267688
0.000205243
0.00015686
0.000119272
9.02881e-05
6.80046e-05
5.09642e-05
3.79924e-05
2.81685e-05
2.0767e-05
1.52207e-05
1.10877e-05
8.02552e-06
5.7704e-06
4.11997e-06
2.91999e-06
2.05353e-06
1.43247e-06
9.90804e-07
6.79343e-07
4.617e-07
3.11148e-07
2.08177e-07
1.38857e-07
9.27266e-08
6.37799e-08
4.48239e-08
4.00021e-08
3.2399e-08
5.2167e-08
5.01174e-08
1.16988e-07
1.19104e-07
2.78799e-07
2.96624e-07
3.68281e-07
3.61503e-07
3.89462e-07
0.000347068
0.000267678
0.000205235
0.000156853
0.000119267
9.02843e-05
6.80017e-05
5.0962e-05
3.79907e-05
2.81672e-05
2.07661e-05
1.522e-05
1.10871e-05
8.02505e-06
5.76997e-06
4.11954e-06
2.91952e-06
2.05298e-06
1.43181e-06
9.89986e-07
6.78328e-07
4.60444e-07
3.096e-07
2.06277e-07
1.36534e-07
9.01344e-08
6.10331e-08
4.2021e-08
3.71615e-08
2.95842e-08
4.93499e-08
4.7455e-08
1.14324e-07
1.17074e-07
2.76459e-07
2.94247e-07
3.65987e-07
3.61044e-07
3.89032e-07
0.000347055
0.000267667
0.000205227
0.000156847
0.000119262
9.02805e-05
6.79987e-05
5.09597e-05
3.79889e-05
2.81659e-05
2.07651e-05
1.52192e-05
1.10865e-05
8.02462e-06
5.76966e-06
4.11934e-06
2.91941e-06
2.05298e-06
1.43193e-06
9.9024e-07
6.78749e-07
4.61067e-07
3.1047e-07
2.07449e-07
1.38074e-07
9.1939e-08
6.30118e-08
4.40772e-08
3.92687e-08
3.16622e-08
5.14303e-08
4.93469e-08
1.16217e-07
1.18396e-07
2.7806e-07
2.95873e-07
3.67534e-07
3.61215e-07
3.89185e-07
0.000347041
0.000267656
0.000205218
0.00015684
0.000119257
9.02766e-05
6.79957e-05
5.09574e-05
3.79872e-05
2.81646e-05
2.0764e-05
1.52184e-05
1.10859e-05
8.0242e-06
5.76935e-06
4.11911e-06
2.91925e-06
2.05284e-06
1.43179e-06
9.90076e-07
6.78518e-07
4.60726e-07
3.09969e-07
2.0673e-07
1.3707e-07
9.07066e-08
6.16091e-08
4.25906e-08
3.77171e-08
3.0151e-08
4.9916e-08
4.80478e-08
1.14916e-07
1.17591e-07
2.77045e-07
2.9483e-07
3.66553e-07
3.61205e-07
3.8918e-07
0.000347027
0.000267646
0.00020521
0.000156834
0.000119252
9.02727e-05
6.79927e-05
5.09551e-05
3.79854e-05
2.81632e-05
2.0763e-05
1.52177e-05
1.10854e-05
8.02378e-06
5.76904e-06
4.11888e-06
2.91908e-06
2.05272e-06
1.43171e-06
9.90033e-07
6.7853e-07
4.60819e-07
3.10178e-07
2.07102e-07
1.37663e-07
9.1495e-08
6.25573e-08
4.36288e-08
3.883e-08
3.12174e-08
5.09852e-08
4.89097e-08
1.15779e-07
1.18061e-07
2.7769e-07
2.95488e-07
3.67157e-07
3.61222e-07
3.89194e-07
0.000347013
0.000267635
0.000205202
0.000156828
0.000119247
9.02688e-05
6.79898e-05
5.09528e-05
3.79837e-05
2.81619e-05
2.0762e-05
1.52169e-05
1.10848e-05
8.02336e-06
5.76873e-06
4.11865e-06
2.91891e-06
2.0526e-06
1.43162e-06
9.89971e-07
6.78477e-07
4.60751e-07
3.10063e-07
2.06895e-07
1.37311e-07
9.09983e-08
6.19293e-08
4.29204e-08
3.80474e-08
3.04875e-08
5.02522e-08
4.83673e-08
1.15235e-07
1.17819e-07
2.7734e-07
2.95121e-07
3.66826e-07
3.61241e-07
3.89212e-07
0.000346999
0.000267624
0.000205194
0.000156821
0.000119242
9.02649e-05
6.79867e-05
5.09505e-05
3.79819e-05
2.81606e-05
2.0761e-05
1.52162e-05
1.10842e-05
8.02293e-06
5.76842e-06
4.11842e-06
2.91874e-06
2.05248e-06
1.43153e-06
9.89908e-07
6.78432e-07
4.60726e-07
3.1007e-07
2.06963e-07
1.37477e-07
9.1274e-08
6.23128e-08
4.33765e-08
3.85732e-08
3.09659e-08
5.0733e-08
4.86925e-08
1.1556e-07
1.17939e-07
2.77545e-07
2.9533e-07
3.67006e-07
3.61259e-07
3.89229e-07
0.000346985
0.000267613
0.000205185
0.000156815
0.000119237
9.0261e-05
6.79837e-05
5.09482e-05
3.79801e-05
2.81592e-05
2.076e-05
1.52154e-05
1.10837e-05
8.02251e-06
5.76811e-06
4.11819e-06
2.91857e-06
2.05235e-06
1.43145e-06
9.89845e-07
6.78388e-07
4.60695e-07
3.10043e-07
2.0692e-07
1.37387e-07
9.11177e-08
6.20816e-08
4.30901e-08
3.8229e-08
3.06655e-08
5.04303e-08
4.85147e-08
1.15382e-07
1.17898e-07
2.77469e-07
2.95245e-07
3.66934e-07
3.61277e-07
3.89246e-07
0.000346971
0.000267603
0.000205177
0.000156808
0.000119232
9.02571e-05
6.79807e-05
5.09459e-05
3.79784e-05
2.81579e-05
2.0759e-05
1.52146e-05
1.10831e-05
8.02208e-06
5.76779e-06
4.11796e-06
2.9184e-06
2.05223e-06
1.43136e-06
9.89783e-07
6.78344e-07
4.60664e-07
3.10021e-07
2.06911e-07
1.37407e-07
9.11811e-08
6.21989e-08
4.32515e-08
3.84377e-08
3.08413e-08
5.06076e-08
4.86054e-08
1.15472e-07
1.17915e-07
2.77517e-07
2.95291e-07
3.66969e-07
3.61296e-07
3.89263e-07
0.000346957
0.000267592
0.000205168
0.000156802
0.000119227
9.02532e-05
6.79777e-05
5.09435e-05
3.79766e-05
2.81565e-05
2.0758e-05
1.52139e-05
1.10825e-05
8.02166e-06
5.76748e-06
4.11773e-06
2.91824e-06
2.05211e-06
1.43127e-06
9.8972e-07
6.78299e-07
4.60633e-07
3.1e-07
2.06896e-07
1.37389e-07
9.11466e-08
6.21359e-08
4.31614e-08
3.83143e-08
3.07447e-08
5.05096e-08
4.85679e-08
1.15434e-07
1.17918e-07
2.7752e-07
2.95289e-07
3.66968e-07
3.61314e-07
3.8928e-07
0.000346943
0.000267581
0.00020516
0.000156795
0.000119222
9.02492e-05
6.79747e-05
5.09412e-05
3.79748e-05
2.81552e-05
2.07569e-05
1.52131e-05
1.10819e-05
8.02123e-06
5.76716e-06
4.1175e-06
2.91807e-06
2.05199e-06
1.43118e-06
9.89657e-07
6.78255e-07
4.60601e-07
3.09978e-07
2.06881e-07
1.37379e-07
9.11479e-08
6.21552e-08
4.31999e-08
3.83766e-08
3.07909e-08
5.05565e-08
4.85826e-08
1.15449e-07
1.17922e-07
2.77535e-07
2.953e-07
3.66975e-07
3.61332e-07
3.89297e-07
0.000346929
0.00026757
0.000205152
0.000156788
0.000119216
9.02453e-05
6.79716e-05
5.09389e-05
3.7973e-05
2.81538e-05
2.07559e-05
1.52123e-05
1.10814e-05
8.0208e-06
5.76684e-06
4.11727e-06
2.9179e-06
2.05186e-06
1.43109e-06
9.89593e-07
6.7821e-07
4.6057e-07
3.09956e-07
2.06866e-07
1.37369e-07
9.11398e-08
6.21431e-08
4.31806e-08
3.83444e-08
3.07707e-08
5.05354e-08
4.85807e-08
1.15446e-07
1.17926e-07
2.77549e-07
2.95309e-07
3.66982e-07
3.6135e-07
3.89314e-07
0.000346915
0.000267559
0.000205143
0.000156782
0.000119211
9.02413e-05
6.79686e-05
5.09365e-05
3.79713e-05
2.81525e-05
2.07549e-05
1.52116e-05
1.10808e-05
8.02037e-06
5.76653e-06
4.11703e-06
2.91773e-06
2.05174e-06
1.431e-06
9.8953e-07
6.78165e-07
4.60538e-07
3.09935e-07
2.06851e-07
1.37359e-07
9.11328e-08
6.214e-08
4.31828e-08
3.83544e-08
3.07765e-08
5.05413e-08
4.85821e-08
1.15447e-07
1.1793e-07
2.77562e-07
2.95319e-07
3.66989e-07
3.61369e-07
3.8933e-07
0.000346901
0.000267549
0.000205135
0.000156775
0.000119206
9.02374e-05
6.79655e-05
5.09342e-05
3.79695e-05
2.81511e-05
2.07539e-05
1.52108e-05
1.10802e-05
8.01994e-06
5.76621e-06
4.1168e-06
2.91755e-06
2.05162e-06
1.43092e-06
9.89466e-07
6.7812e-07
4.60507e-07
3.09913e-07
2.06836e-07
1.37349e-07
9.1126e-08
6.21354e-08
4.31791e-08
3.83488e-08
3.07745e-08
5.05389e-08
4.85834e-08
1.15448e-07
1.17934e-07
2.77576e-07
2.95328e-07
3.66995e-07
3.61387e-07
3.89347e-07
0.000346887
0.000267538
0.000205126
0.000156769
0.000119201
9.02334e-05
6.79625e-05
5.09318e-05
3.79677e-05
2.81498e-05
2.07528e-05
1.521e-05
1.10796e-05
8.01951e-06
5.76589e-06
4.11657e-06
2.91738e-06
2.05149e-06
1.43083e-06
9.89403e-07
6.78075e-07
4.60475e-07
3.09891e-07
2.06821e-07
1.37338e-07
9.11191e-08
6.21308e-08
4.31762e-08
3.83474e-08
3.07738e-08
5.05381e-08
4.85845e-08
1.15448e-07
1.17938e-07
2.77589e-07
2.95337e-07
3.67002e-07
3.61405e-07
3.89364e-07
0.000346873
0.000267527
0.000205118
0.000156762
0.000119196
9.02294e-05
6.79594e-05
5.09295e-05
3.79659e-05
2.81484e-05
2.07518e-05
1.52092e-05
1.10791e-05
8.01908e-06
5.76557e-06
4.11633e-06
2.91721e-06
2.05137e-06
1.43074e-06
9.89339e-07
6.78029e-07
4.60443e-07
3.09869e-07
2.06805e-07
1.37328e-07
9.11121e-08
6.21261e-08
4.31734e-08
3.83455e-08
3.07732e-08
5.05372e-08
4.85857e-08
1.15449e-07
1.17942e-07
2.77603e-07
2.95346e-07
3.67008e-07
3.61424e-07
3.89381e-07
0.000346859
0.000267516
0.000205109
0.000156755
0.000119191
9.02254e-05
6.79563e-05
5.09271e-05
3.79641e-05
2.8147e-05
2.07508e-05
1.52085e-05
1.10785e-05
8.01865e-06
5.76525e-06
4.1161e-06
2.91704e-06
2.05124e-06
1.43065e-06
9.89275e-07
6.77984e-07
4.60412e-07
3.09846e-07
2.0679e-07
1.37318e-07
9.11052e-08
6.21215e-08
4.31705e-08
3.83434e-08
3.07725e-08
5.05363e-08
4.85868e-08
1.1545e-07
1.17946e-07
2.77617e-07
2.95356e-07
3.67015e-07
3.61442e-07
3.89398e-07
0.000346845
0.000267505
0.000205101
0.000156749
0.000119186
9.02215e-05
6.79532e-05
5.09248e-05
3.79623e-05
2.81456e-05
2.07497e-05
1.52077e-05
1.10779e-05
8.01821e-06
5.76493e-06
4.11586e-06
2.91687e-06
2.05112e-06
1.43056e-06
9.89211e-07
6.77939e-07
4.6038e-07
3.09824e-07
2.06775e-07
1.37307e-07
9.10982e-08
6.21169e-08
4.31677e-08
3.83413e-08
3.07718e-08
5.05353e-08
4.85879e-08
1.1545e-07
1.1795e-07
2.7763e-07
2.95365e-07
3.67022e-07
3.6146e-07
3.89415e-07
0.00034683
0.000267494
0.000205092
0.000156742
0.000119181
9.02175e-05
6.79502e-05
5.09224e-05
3.79605e-05
2.81443e-05
2.07487e-05
1.52069e-05
1.10773e-05
8.01778e-06
5.76461e-06
4.11562e-06
2.9167e-06
2.05099e-06
1.43047e-06
9.89146e-07
6.77893e-07
4.60348e-07
3.09802e-07
2.0676e-07
1.37297e-07
9.10912e-08
6.21122e-08
4.31648e-08
3.83393e-08
3.07711e-08
5.05344e-08
4.8589e-08
1.15451e-07
1.17954e-07
2.77644e-07
2.95375e-07
3.67028e-07
3.61479e-07
3.89432e-07
0.000346816
0.000267483
0.000205084
0.000156736
0.000119175
9.02134e-05
6.79471e-05
5.092e-05
3.79587e-05
2.81429e-05
2.07477e-05
1.52061e-05
1.10767e-05
8.01734e-06
5.76428e-06
4.11539e-06
2.91652e-06
2.05087e-06
1.43038e-06
9.89082e-07
6.77847e-07
4.60315e-07
3.0978e-07
2.06744e-07
1.37286e-07
9.10842e-08
6.21076e-08
4.31619e-08
3.83372e-08
3.07704e-08
5.05334e-08
4.85901e-08
1.15451e-07
1.17958e-07
2.77657e-07
2.95384e-07
3.67035e-07
3.61497e-07
3.89449e-07
0.000346802
0.000267472
0.000205075
0.000156729
0.00011917
9.02094e-05
6.7944e-05
5.09177e-05
3.79568e-05
2.81415e-05
2.07466e-05
1.52053e-05
1.10761e-05
8.0169e-06
5.76396e-06
4.11515e-06
2.91635e-06
2.05074e-06
1.43029e-06
9.89017e-07
6.77802e-07
4.60283e-07
3.09757e-07
2.06729e-07
1.37276e-07
9.10771e-08
6.21029e-08
4.3159e-08
3.83352e-08
3.07697e-08
5.05324e-08
4.85912e-08
1.15452e-07
1.17962e-07
2.77671e-07
2.95394e-07
3.67042e-07
3.61515e-07
3.89466e-07
0.000346787
0.000267461
0.000205067
0.000156722
0.000119165
9.02054e-05
6.79409e-05
5.09153e-05
3.7955e-05
2.81401e-05
2.07456e-05
1.52045e-05
1.10755e-05
8.01646e-06
5.76364e-06
4.11491e-06
2.91617e-06
2.05061e-06
1.43019e-06
9.88952e-07
6.77756e-07
4.60251e-07
3.09735e-07
2.06713e-07
1.37265e-07
9.10701e-08
6.20982e-08
4.3156e-08
3.83331e-08
3.07689e-08
5.05314e-08
4.85922e-08
1.15452e-07
1.17966e-07
2.77685e-07
2.95403e-07
3.67048e-07
3.61534e-07
3.89483e-07
0.000346773
0.00026745
0.000205058
0.000156715
0.00011916
9.02014e-05
6.79378e-05
5.09129e-05
3.79532e-05
2.81387e-05
2.07445e-05
1.52038e-05
1.1075e-05
8.01603e-06
5.76331e-06
4.11467e-06
2.916e-06
2.05049e-06
1.4301e-06
9.88887e-07
6.7771e-07
4.60219e-07
3.09712e-07
2.06698e-07
1.37255e-07
9.10629e-08
6.20935e-08
4.31531e-08
3.8331e-08
3.07682e-08
5.05304e-08
4.85932e-08
1.15452e-07
1.1797e-07
2.77699e-07
2.95413e-07
3.67055e-07
3.61552e-07
3.895e-07
0.000346759
0.000267439
0.000205049
0.000156709
0.000119155
9.01973e-05
6.79346e-05
5.09105e-05
3.79514e-05
2.81374e-05
2.07435e-05
1.5203e-05
1.10744e-05
8.01558e-06
5.76298e-06
4.11443e-06
2.91582e-06
2.05036e-06
1.43001e-06
9.88822e-07
6.77663e-07
4.60186e-07
3.0969e-07
2.06682e-07
1.37244e-07
9.10559e-08
6.20887e-08
4.31502e-08
3.83289e-08
3.07674e-08
5.05293e-08
4.85943e-08
1.15453e-07
1.17973e-07
2.77713e-07
2.95422e-07
3.67062e-07
3.61571e-07
3.89517e-07
0.000346744
0.000267428
0.000205041
0.000156702
0.000119149
9.01933e-05
6.79315e-05
5.09081e-05
3.79495e-05
2.8136e-05
2.07424e-05
1.52022e-05
1.10738e-05
8.01514e-06
5.76266e-06
4.11419e-06
2.91565e-06
2.05023e-06
1.42992e-06
9.88756e-07
6.77617e-07
4.60154e-07
3.09667e-07
2.06667e-07
1.37234e-07
9.10487e-08
6.2084e-08
4.31472e-08
3.83268e-08
3.07666e-08
5.05283e-08
4.85953e-08
1.15453e-07
1.17977e-07
2.77726e-07
2.95432e-07
3.67069e-07
3.61589e-07
3.89533e-07
0.00034673
0.000267416
0.000205032
0.000156695
0.000119144
9.01892e-05
6.79284e-05
5.09057e-05
3.79477e-05
2.81346e-05
2.07414e-05
1.52014e-05
1.10732e-05
8.0147e-06
5.76233e-06
4.11395e-06
2.91547e-06
2.05011e-06
1.42983e-06
9.88691e-07
6.77571e-07
4.60121e-07
3.09645e-07
2.06651e-07
1.37223e-07
9.10416e-08
6.20792e-08
4.31442e-08
3.83247e-08
3.07659e-08
5.05272e-08
4.85962e-08
1.15454e-07
1.17981e-07
2.7774e-07
2.95441e-07
3.67076e-07
3.61608e-07
3.8955e-07
0.000346715
0.000267405
0.000205024
0.000156689
0.000119139
9.01851e-05
6.79252e-05
5.09033e-05
3.79459e-05
2.81332e-05
2.07403e-05
1.52006e-05
1.10726e-05
8.01426e-06
5.762e-06
4.11371e-06
2.9153e-06
2.04998e-06
1.42974e-06
9.88625e-07
6.77524e-07
4.60089e-07
3.09622e-07
2.06636e-07
1.37212e-07
9.10344e-08
6.20744e-08
4.31413e-08
3.83226e-08
3.07651e-08
5.05261e-08
4.85972e-08
1.15454e-07
1.17984e-07
2.77754e-07
2.95451e-07
3.67082e-07
3.61626e-07
3.89567e-07
0.000346701
0.000267394
0.000205015
0.000156682
0.000119134
9.01811e-05
6.79221e-05
5.09009e-05
3.7944e-05
2.81318e-05
2.07392e-05
1.51998e-05
1.1072e-05
8.01381e-06
5.76167e-06
4.11347e-06
2.91512e-06
2.04985e-06
1.42964e-06
9.88559e-07
6.77478e-07
4.60056e-07
3.09599e-07
2.0662e-07
1.37202e-07
9.10272e-08
6.20696e-08
4.31383e-08
3.83204e-08
3.07643e-08
5.0525e-08
4.85981e-08
1.15454e-07
1.17988e-07
2.77768e-07
2.95461e-07
3.67089e-07
3.61645e-07
3.89584e-07
0.000346686
0.000267383
0.000205006
0.000156675
0.000119128
9.0177e-05
6.79189e-05
5.08985e-05
3.79422e-05
2.81304e-05
2.07382e-05
1.5199e-05
1.10714e-05
8.01337e-06
5.76134e-06
4.11322e-06
2.91494e-06
2.04972e-06
1.42955e-06
9.88493e-07
6.77431e-07
4.60023e-07
3.09576e-07
2.06604e-07
1.37191e-07
9.102e-08
6.20648e-08
4.31353e-08
3.83183e-08
3.07635e-08
5.05239e-08
4.85991e-08
1.15454e-07
1.17992e-07
2.77782e-07
2.95471e-07
3.67096e-07
3.61663e-07
3.89601e-07
0.000346672
0.000267372
0.000204997
0.000156668
0.000119123
9.01729e-05
6.79158e-05
5.0896e-05
3.79403e-05
2.8129e-05
2.07371e-05
1.51982e-05
1.10708e-05
8.01292e-06
5.76101e-06
4.11298e-06
2.91477e-06
2.04959e-06
1.42946e-06
9.88427e-07
6.77384e-07
4.5999e-07
3.09553e-07
2.06589e-07
1.3718e-07
9.10128e-08
6.206e-08
4.31323e-08
3.83161e-08
3.07627e-08
5.05227e-08
4.86e-08
1.15455e-07
1.17995e-07
2.77796e-07
2.9548e-07
3.67103e-07
3.61682e-07
3.89618e-07
0.000346657
0.00026736
0.000204989
0.000156661
0.000119118
9.01688e-05
6.79126e-05
5.08936e-05
3.79385e-05
2.81275e-05
2.0736e-05
1.51974e-05
1.10702e-05
8.01247e-06
5.76068e-06
4.11274e-06
2.91459e-06
2.04946e-06
1.42937e-06
9.88361e-07
6.77337e-07
4.59957e-07
3.0953e-07
2.06573e-07
1.3717e-07
9.10055e-08
6.20552e-08
4.31292e-08
3.83139e-08
3.07619e-08
5.05216e-08
4.86009e-08
1.15455e-07
1.17999e-07
2.7781e-07
2.9549e-07
3.6711e-07
3.617e-07
3.89635e-07
0.000346643
0.000267349
0.00020498
0.000156655
0.000119112
9.01647e-05
6.79095e-05
5.08912e-05
3.79366e-05
2.81261e-05
2.0735e-05
1.51966e-05
1.10696e-05
8.01202e-06
5.76035e-06
4.11249e-06
2.91441e-06
2.04933e-06
1.42927e-06
9.88294e-07
6.7729e-07
4.59924e-07
3.09507e-07
2.06557e-07
1.37159e-07
9.09983e-08
6.20503e-08
4.31262e-08
3.83117e-08
3.0761e-08
5.05204e-08
4.86018e-08
1.15455e-07
1.18002e-07
2.77824e-07
2.955e-07
3.67117e-07
3.61719e-07
3.89652e-07
0.000346628
0.000267338
0.000204971
0.000156648
0.000119107
9.01606e-05
6.79063e-05
5.08887e-05
3.79347e-05
2.81247e-05
2.07339e-05
1.51958e-05
1.1069e-05
8.01157e-06
5.76002e-06
4.11225e-06
2.91423e-06
2.0492e-06
1.42918e-06
9.88228e-07
6.77243e-07
4.59891e-07
3.09484e-07
2.06541e-07
1.37148e-07
9.0991e-08
6.20454e-08
4.31232e-08
3.83095e-08
3.07602e-08
5.05192e-08
4.86026e-08
1.15455e-07
1.18006e-07
2.77838e-07
2.9551e-07
3.67124e-07
3.61737e-07
3.89669e-07
0.000346613
0.000267326
0.000204962
0.000156641
0.000119102
9.01564e-05
6.79031e-05
5.08863e-05
3.79329e-05
2.81233e-05
2.07328e-05
1.5195e-05
1.10684e-05
8.01112e-06
5.75968e-06
4.112e-06
2.91405e-06
2.04907e-06
1.42909e-06
9.88161e-07
6.77195e-07
4.59858e-07
3.09461e-07
2.06525e-07
1.37137e-07
9.09837e-08
6.20406e-08
4.31201e-08
3.83073e-08
3.07593e-08
5.0518e-08
4.86035e-08
1.15455e-07
1.18009e-07
2.77852e-07
2.9552e-07
3.67131e-07
3.61756e-07
3.89686e-07
0.000346599
0.000267315
0.000204954
0.000156634
0.000119096
9.01523e-05
6.78999e-05
5.08838e-05
3.7931e-05
2.81219e-05
2.07317e-05
1.51941e-05
1.10678e-05
8.01067e-06
5.75935e-06
4.11176e-06
2.91387e-06
2.04894e-06
1.42899e-06
9.88094e-07
6.77148e-07
4.59824e-07
3.09438e-07
2.06509e-07
1.37126e-07
9.09763e-08
6.20357e-08
4.31171e-08
3.83051e-08
3.07585e-08
5.05168e-08
4.86043e-08
1.15455e-07
1.18012e-07
2.77866e-07
2.9553e-07
3.67138e-07
3.61774e-07
3.89702e-07
0.000346584
0.000267304
0.000204945
0.000156627
0.000119091
9.01481e-05
6.78967e-05
5.08814e-05
3.79291e-05
2.81204e-05
2.07307e-05
1.51933e-05
1.10671e-05
8.01022e-06
5.75901e-06
4.11151e-06
2.91369e-06
2.04881e-06
1.4289e-06
9.88026e-07
6.771e-07
4.59791e-07
3.09415e-07
2.06493e-07
1.37115e-07
9.0969e-08
6.20307e-08
4.3114e-08
3.83029e-08
3.07576e-08
5.05155e-08
4.86051e-08
1.15455e-07
1.18016e-07
2.7788e-07
2.9554e-07
3.67145e-07
3.61793e-07
3.89719e-07
0.000346569
0.000267292
0.000204936
0.00015662
0.000119086
9.0144e-05
6.78935e-05
5.08789e-05
3.79272e-05
2.8119e-05
2.07296e-05
1.51925e-05
1.10665e-05
8.00976e-06
5.75868e-06
4.11126e-06
2.91351e-06
2.04868e-06
1.4288e-06
9.87959e-07
6.77052e-07
4.59757e-07
3.09391e-07
2.06477e-07
1.37104e-07
9.09616e-08
6.20258e-08
4.31109e-08
3.83006e-08
3.07567e-08
5.05143e-08
4.86059e-08
1.15455e-07
1.18019e-07
2.77894e-07
2.9555e-07
3.67152e-07
3.61811e-07
3.89736e-07
0.000346554
0.000267281
0.000204927
0.000156613
0.00011908
9.01398e-05
6.78903e-05
5.08765e-05
3.79254e-05
2.81176e-05
2.07285e-05
1.51917e-05
1.10659e-05
8.00931e-06
5.75834e-06
4.11102e-06
2.91333e-06
2.04855e-06
1.42871e-06
9.87892e-07
6.77005e-07
4.59724e-07
3.09368e-07
2.06461e-07
1.37093e-07
9.09542e-08
6.20209e-08
4.31078e-08
3.82984e-08
3.07558e-08
5.0513e-08
4.86067e-08
1.15455e-07
1.18022e-07
2.77908e-07
2.9556e-07
3.67159e-07
3.6183e-07
3.89753e-07
0.00034654
0.00026727
0.000204918
0.000156606
0.000119075
9.01357e-05
6.78871e-05
5.0874e-05
3.79235e-05
2.81161e-05
2.07274e-05
1.51909e-05
1.10653e-05
8.00886e-06
5.758e-06
4.11077e-06
2.91315e-06
2.04842e-06
1.42862e-06
9.87824e-07
6.76957e-07
4.5969e-07
3.09345e-07
2.06445e-07
1.37082e-07
9.09468e-08
6.20159e-08
4.31047e-08
3.82961e-08
3.07549e-08
5.05117e-08
4.86074e-08
1.15455e-07
1.18025e-07
2.77922e-07
2.9557e-07
3.67167e-07
3.61848e-07
3.8977e-07
0.000346525
0.000267258
0.000204909
0.000156599
0.000119069
9.01315e-05
6.78839e-05
5.08715e-05
3.79216e-05
2.81147e-05
2.07263e-05
1.51901e-05
1.10647e-05
8.0084e-06
5.75767e-06
4.11052e-06
2.91297e-06
2.04829e-06
1.42852e-06
9.87756e-07
6.76909e-07
4.59656e-07
3.09321e-07
2.06429e-07
1.37071e-07
9.09394e-08
6.20109e-08
4.31016e-08
3.82938e-08
3.0754e-08
5.05104e-08
4.86082e-08
1.15455e-07
1.18029e-07
2.77937e-07
2.9558e-07
3.67174e-07
3.61867e-07
3.89787e-07
0.00034651
0.000267247
0.0002049
0.000156593
0.000119064
9.01273e-05
6.78806e-05
5.0869e-05
3.79197e-05
2.81133e-05
2.07252e-05
1.51892e-05
1.10641e-05
8.00794e-06
5.75733e-06
4.11027e-06
2.91279e-06
2.04816e-06
1.42843e-06
9.87688e-07
6.7686e-07
4.59622e-07
3.09298e-07
2.06412e-07
1.3706e-07
9.09319e-08
6.20059e-08
4.30984e-08
3.82916e-08
3.07531e-08
5.05091e-08
4.86089e-08
1.15455e-07
1.18032e-07
2.77951e-07
2.9559e-07
3.67181e-07
3.61886e-07
3.89804e-07
0.000346495
0.000267235
0.000204891
0.000156586
0.000119059
9.01231e-05
6.78774e-05
5.08665e-05
3.79178e-05
2.81118e-05
2.07241e-05
1.51884e-05
1.10635e-05
8.00748e-06
5.75699e-06
4.11002e-06
2.9126e-06
2.04802e-06
1.42833e-06
9.8762e-07
6.76812e-07
4.59588e-07
3.09274e-07
2.06396e-07
1.37049e-07
9.09244e-08
6.20009e-08
4.30953e-08
3.82893e-08
3.07522e-08
5.05078e-08
4.86096e-08
1.15455e-07
1.18035e-07
2.77965e-07
2.956e-07
3.67188e-07
3.61904e-07
3.89821e-07
0.00034648
0.000267224
0.000204882
0.000156579
0.000119053
9.01189e-05
6.78741e-05
5.08641e-05
3.79159e-05
2.81104e-05
2.0723e-05
1.51876e-05
1.10629e-05
8.00702e-06
5.75665e-06
4.10977e-06
2.91242e-06
2.04789e-06
1.42823e-06
9.87552e-07
6.76764e-07
4.59554e-07
3.0925e-07
2.0638e-07
1.37038e-07
9.09169e-08
6.19959e-08
4.30921e-08
3.8287e-08
3.07512e-08
5.05064e-08
4.86103e-08
1.15455e-07
1.18038e-07
2.77979e-07
2.95611e-07
3.67195e-07
3.61923e-07
3.89837e-07
0.000346465
0.000267212
0.000204874
0.000156572
0.000119048
9.01147e-05
6.78709e-05
5.08616e-05
3.7914e-05
2.81089e-05
2.07219e-05
1.51868e-05
1.10622e-05
8.00656e-06
5.7563e-06
4.10952e-06
2.91224e-06
2.04776e-06
1.42814e-06
9.87483e-07
6.76715e-07
4.5952e-07
3.09227e-07
2.06364e-07
1.37027e-07
9.09094e-08
6.19909e-08
4.3089e-08
3.82846e-08
3.07503e-08
5.05051e-08
4.8611e-08
1.15454e-07
1.18041e-07
2.77994e-07
2.95621e-07
3.67203e-07
3.61942e-07
3.89854e-07
0.00034645
0.000267201
0.000204865
0.000156565
0.000119042
9.01105e-05
6.78676e-05
5.08591e-05
3.79121e-05
2.81075e-05
2.07208e-05
1.51859e-05
1.10616e-05
8.0061e-06
5.75596e-06
4.10927e-06
2.91205e-06
2.04762e-06
1.42804e-06
9.87414e-07
6.76666e-07
4.59486e-07
3.09203e-07
2.06347e-07
1.37016e-07
9.09019e-08
6.19858e-08
4.30858e-08
3.82823e-08
3.07493e-08
5.05037e-08
4.86116e-08
1.15454e-07
1.18044e-07
2.78008e-07
2.95631e-07
3.6721e-07
3.6196e-07
3.89871e-07
0.000346435
0.000267189
0.000204856
0.000156558
0.000119037
9.01062e-05
6.78644e-05
5.08566e-05
3.79101e-05
2.8106e-05
2.07197e-05
1.51851e-05
1.1061e-05
8.00564e-06
5.75562e-06
4.10901e-06
2.91187e-06
2.04749e-06
1.42795e-06
9.87346e-07
6.76618e-07
4.59452e-07
3.09179e-07
2.06331e-07
1.37004e-07
9.08943e-08
6.19807e-08
4.30826e-08
3.828e-08
3.07484e-08
5.05023e-08
4.86123e-08
1.15454e-07
1.18047e-07
2.78023e-07
2.95642e-07
3.67217e-07
3.61979e-07
3.89888e-07
0.00034642
0.000267177
0.000204847
0.000156551
0.000119031
9.0102e-05
6.78611e-05
5.0854e-05
3.79082e-05
2.81046e-05
2.07186e-05
1.51843e-05
1.10604e-05
8.00517e-06
5.75528e-06
4.10876e-06
2.91168e-06
2.04736e-06
1.42785e-06
9.87277e-07
6.76569e-07
4.59418e-07
3.09155e-07
2.06314e-07
1.36993e-07
9.08867e-08
6.19757e-08
4.30794e-08
3.82776e-08
3.07474e-08
5.05009e-08
4.86129e-08
1.15454e-07
1.1805e-07
2.78037e-07
2.95652e-07
3.67225e-07
3.61998e-07
3.89905e-07
0.000346405
0.000267166
0.000204838
0.000156543
0.000119026
9.00977e-05
6.78578e-05
5.08515e-05
3.79063e-05
2.81031e-05
2.07175e-05
1.51834e-05
1.10597e-05
8.00471e-06
5.75493e-06
4.10851e-06
2.9115e-06
2.04722e-06
1.42775e-06
9.87208e-07
6.7652e-07
4.59383e-07
3.09131e-07
2.06298e-07
1.36982e-07
9.08791e-08
6.19706e-08
4.30762e-08
3.82753e-08
3.07464e-08
5.04994e-08
4.86135e-08
1.15453e-07
1.18053e-07
2.78051e-07
2.95662e-07
3.67232e-07
3.62016e-07
3.89922e-07
0.00034639
0.000267154
0.000204828
0.000156536
0.00011902
9.00935e-05
6.78546e-05
5.0849e-05
3.79044e-05
2.81016e-05
2.07164e-05
1.51826e-05
1.10591e-05
8.00424e-06
5.75459e-06
4.10826e-06
2.91131e-06
2.04709e-06
1.42766e-06
9.87138e-07
6.76471e-07
4.59349e-07
3.09107e-07
2.06281e-07
1.3697e-07
9.08715e-08
6.19654e-08
4.3073e-08
3.82729e-08
3.07454e-08
5.0498e-08
4.86141e-08
1.15453e-07
1.18056e-07
2.78066e-07
2.95673e-07
3.67239e-07
3.62035e-07
3.89939e-07
0.000346375
0.000267142
0.000204819
0.000156529
0.000119015
9.00892e-05
6.78513e-05
5.08465e-05
3.79024e-05
2.81002e-05
2.07153e-05
1.51818e-05
1.10585e-05
8.00377e-06
5.75424e-06
4.108e-06
2.91113e-06
2.04695e-06
1.42756e-06
9.87069e-07
6.76421e-07
4.59314e-07
3.09083e-07
2.06265e-07
1.36959e-07
9.08639e-08
6.19603e-08
4.30698e-08
3.82705e-08
3.07444e-08
5.04965e-08
4.86147e-08
1.15453e-07
1.18059e-07
2.7808e-07
2.95683e-07
3.67247e-07
3.62054e-07
3.89956e-07
0.00034636
0.000267131
0.00020481
0.000156522
0.000119009
9.0085e-05
6.7848e-05
5.08439e-05
3.79005e-05
2.80987e-05
2.07142e-05
1.51809e-05
1.10579e-05
8.0033e-06
5.75389e-06
4.10775e-06
2.91094e-06
2.04682e-06
1.42746e-06
9.86999e-07
6.76372e-07
4.59279e-07
3.09059e-07
2.06248e-07
1.36948e-07
9.08562e-08
6.19552e-08
4.30665e-08
3.82681e-08
3.07434e-08
5.04951e-08
4.86152e-08
1.15452e-07
1.18061e-07
2.78095e-07
2.95694e-07
3.67254e-07
3.62073e-07
3.89973e-07
0.000346344
0.000267119
0.000204801
0.000156515
0.000119004
9.00807e-05
6.78447e-05
5.08414e-05
3.78986e-05
2.80972e-05
2.07131e-05
1.51801e-05
1.10572e-05
8.00283e-06
5.75355e-06
4.10749e-06
2.91075e-06
2.04668e-06
1.42736e-06
9.86929e-07
6.76322e-07
4.59245e-07
3.09035e-07
2.06231e-07
1.36936e-07
9.08485e-08
6.195e-08
4.30633e-08
3.82657e-08
3.07424e-08
5.04936e-08
4.86158e-08
1.15452e-07
1.18064e-07
2.78109e-07
2.95704e-07
3.67262e-07
3.62091e-07
3.8999e-07
0.000346329
0.000267107
0.000204792
0.000156508
0.000118998
9.00764e-05
6.78414e-05
5.08389e-05
3.78966e-05
2.80957e-05
2.0712e-05
1.51792e-05
1.10566e-05
8.00237e-06
5.7532e-06
4.10723e-06
2.91057e-06
2.04655e-06
1.42727e-06
9.86859e-07
6.76273e-07
4.5921e-07
3.0901e-07
2.06214e-07
1.36925e-07
9.08408e-08
6.19448e-08
4.306e-08
3.82633e-08
3.07413e-08
5.04921e-08
4.86163e-08
1.15451e-07
1.18067e-07
2.78124e-07
2.95715e-07
3.67269e-07
3.6211e-07
3.90007e-07
0.000346314
0.000267096
0.000204783
0.000156501
0.000118993
9.00721e-05
6.7838e-05
5.08363e-05
3.78947e-05
2.80942e-05
2.07108e-05
1.51784e-05
1.1056e-05
8.00189e-06
5.75285e-06
4.10698e-06
2.91038e-06
2.04641e-06
1.42717e-06
9.86789e-07
6.76223e-07
4.59175e-07
3.08986e-07
2.06198e-07
1.36913e-07
9.08331e-08
6.19396e-08
4.30567e-08
3.82608e-08
3.07403e-08
5.04905e-08
4.86168e-08
1.15451e-07
1.18069e-07
2.78138e-07
2.95725e-07
3.67276e-07
3.62129e-07
3.90024e-07
0.000346299
0.000267084
0.000204774
0.000156494
0.000118987
9.00678e-05
6.78347e-05
5.08338e-05
3.78927e-05
2.80928e-05
2.07097e-05
1.51776e-05
1.10553e-05
8.00142e-06
5.7525e-06
4.10672e-06
2.91019e-06
2.04627e-06
1.42707e-06
9.86719e-07
6.76173e-07
4.5914e-07
3.08962e-07
2.06181e-07
1.36902e-07
9.08254e-08
6.19344e-08
4.30534e-08
3.82584e-08
3.07392e-08
5.0489e-08
4.86173e-08
1.1545e-07
1.18072e-07
2.78153e-07
2.95736e-07
3.67284e-07
3.62148e-07
3.90041e-07
0.000342465
0.00026419
0.000202568
0.000154805
0.000117698
8.90885e-05
6.7094e-05
5.02764e-05
3.74754e-05
2.7782e-05
2.04795e-05
1.5008e-05
1.09312e-05
7.91113e-06
5.68724e-06
4.05987e-06
2.8768e-06
2.02266e-06
1.41051e-06
9.75205e-07
6.68241e-07
4.53726e-07
3.05305e-07
2.03737e-07
1.35284e-07
8.9768e-08
6.12446e-08
4.26255e-08
3.79444e-08
3.05834e-08
5.0266e-08
4.85764e-08
1.15277e-07
1.1811e-07
2.7955e-07
2.96716e-07
3.67951e-07
3.63906e-07
3.91547e-07
0.000327505
0.000252689
0.000193745
0.000148059
0.000112561
8.51934e-05
6.41545e-05
4.80689e-05
3.58262e-05
2.65565e-05
1.95739e-05
1.43426e-05
1.04452e-05
7.55838e-06
5.43286e-06
3.87768e-06
2.74725e-06
1.93124e-06
1.34652e-06
9.30791e-07
6.37689e-07
4.32906e-07
2.9125e-07
1.94341e-07
1.29048e-07
8.56597e-08
5.85078e-08
4.08236e-08
3.64988e-08
2.96337e-08
4.88855e-08
4.76067e-08
1.13273e-07
1.14998e-07
2.7577e-07
2.97639e-07
3.67071e-07
3.66303e-07
3.9296e-07
0.000305942
0.000236082
0.000181017
0.000138332
0.00010516
7.95875e-05
5.99286e-05
4.48991e-05
3.34608e-05
2.48008e-05
1.82781e-05
1.33918e-05
9.75174e-06
7.05575e-06
5.07096e-06
3.61891e-06
2.56357e-06
1.80187e-06
1.25613e-06
8.68179e-07
5.94706e-07
4.0367e-07
2.71549e-07
1.81183e-07
1.20317e-07
7.98911e-08
5.46271e-08
3.82e-08
3.42998e-08
2.80335e-08
4.65173e-08
4.56189e-08
1.1082e-07
1.15677e-07
2.98224e-07
3.08452e-07
3.77016e-07
3.74168e-07
3.99122e-07
0.000278298
0.000214766
0.000164673
0.000125841
9.56615e-05
7.23954e-05
5.45099e-05
4.08367e-05
3.04313e-05
2.25537e-05
1.66207e-05
1.21764e-05
8.86594e-06
6.41423e-06
4.60944e-06
3.28919e-06
2.32974e-06
1.63732e-06
1.14128e-06
7.88708e-07
5.40204e-07
3.66634e-07
2.46613e-07
1.64538e-07
1.09271e-07
7.25791e-08
4.96789e-08
3.48067e-08
3.13815e-08
2.5807e-08
4.31396e-08
4.24349e-08
1.04583e-07
1.03406e-07
2.79693e-07
3.06161e-07
3.70771e-07
3.73641e-07
3.97119e-07
0.000245201
0.000189235
0.000145096
0.000110882
8.42873e-05
6.37855e-05
4.8025e-05
3.59767e-05
2.68081e-05
1.98673e-05
1.464e-05
1.07246e-05
7.80829e-06
5.64861e-06
4.05891e-06
2.89609e-06
2.05111e-06
1.44137e-06
1.00459e-06
6.94179e-07
4.75414e-07
3.22633e-07
2.17e-07
1.44777e-07
9.61535e-08
6.38849e-08
4.37693e-08
3.0717e-08
2.77914e-08
2.30049e-08
3.8804e-08
3.85876e-08
9.91367e-08
1.06779e-07
3.26e-07
3.2788e-07
3.89811e-07
3.86779e-07
4.06763e-07
0.000207353
0.000160032
0.000122704
9.377e-05
7.12783e-05
5.39395e-05
4.06103e-05
3.0421e-05
2.26673e-05
1.67977e-05
1.23775e-05
9.06672e-06
6.60081e-06
4.77481e-06
3.43079e-06
2.44774e-06
1.73345e-06
1.21804e-06
8.48876e-07
5.86531e-07
4.01659e-07
2.72562e-07
1.83313e-07
1.223e-07
8.12306e-08
5.39836e-08
3.70166e-08
2.6014e-08
2.36182e-08
1.96445e-08
3.34794e-08
3.27132e-08
8.78148e-08
8.00164e-08
2.8764e-07
3.20397e-07
3.76618e-07
3.82023e-07
4.00863e-07
0.000165516
0.000127747
9.79482e-05
7.4852e-05
5.68971e-05
4.30559e-05
3.24154e-05
2.42815e-05
1.8092e-05
1.34067e-05
9.87839e-06
7.23579e-06
5.2676e-06
3.81022e-06
2.73757e-06
1.95304e-06
1.38303e-06
9.71754e-07
6.77192e-07
4.67878e-07
3.20387e-07
2.174e-07
1.46208e-07
9.7544e-08
6.47918e-08
4.30678e-08
2.95525e-08
2.07918e-08
1.89388e-08
1.58287e-08
2.72955e-08
2.79641e-08
7.75694e-08
9.03771e-08
3.68224e-07
3.58148e-07
4.06574e-07
4.02238e-07
4.14866e-07
0.000120545
9.30399e-05
7.13367e-05
5.45156e-05
4.14384e-05
3.13574e-05
2.36075e-05
1.76834e-05
1.31755e-05
9.76315e-06
7.19352e-06
5.26898e-06
3.83565e-06
2.77434e-06
1.99323e-06
1.42195e-06
1.0069e-06
7.0744e-07
4.92975e-07
3.40585e-07
2.33211e-07
1.58241e-07
1.06419e-07
7.09982e-08
4.71616e-08
3.13539e-08
2.15266e-08
1.51575e-08
1.38461e-08
1.15769e-08
2.02576e-08
1.87098e-08
6.05028e-08
4.01902e-08
2.99166e-07
3.41257e-07
3.83566e-07
3.90527e-07
4.03681e-07
7.32188e-05
5.65123e-05
4.33292e-05
3.31123e-05
2.51691e-05
1.90459e-05
1.43386e-05
1.07403e-05
8.00222e-06
5.92963e-06
4.36889e-06
3.19999e-06
2.32944e-06
1.68485e-06
1.21045e-06
8.63502e-07
6.11436e-07
4.29578e-07
2.9934e-07
2.06801e-07
1.41601e-07
9.6078e-08
6.46129e-08
4.31069e-08
2.86354e-08
1.90394e-08
1.30769e-08
9.213e-09
8.43319e-09
7.09806e-09
1.25112e-08
1.41937e-08
4.12615e-08
6.40892e-08
4.32969e-07
4.04468e-07
4.27209e-07
4.21075e-07
4.23972e-07
2.46654e-05
1.90389e-05
1.4598e-05
1.1156e-05
8.47982e-06
6.4168e-06
4.83082e-06
3.61848e-06
2.69597e-06
1.99768e-06
1.47185e-06
1.07804e-06
7.84748e-07
5.67586e-07
4.07763e-07
2.90879e-07
2.05962e-07
1.44699e-07
1.00826e-07
6.96543e-08
4.76922e-08
3.2359e-08
2.17612e-08
1.4518e-08
9.64442e-09
6.41295e-09
4.40611e-09
3.10368e-09
2.84998e-09
2.31829e-09
4.36498e-09
1.76706e-09
1.89827e-08
-2.4219e-08
3.13789e-07
3.71256e-07
3.90853e-07
3.98257e-07
4.0527e-07
)
;

boundaryField
{
    atmosphere
    {
        type            totalPressure;
        rho             rho;
        psi             none;
        gamma           1;
        p0              uniform 0;
        value           nonuniform List<scalar> 
527
(
0
0
0
0
0
0
0
0
0
0
0
0
0
0
0
0
0
0
0
0
0
0
0
0
0
0
0
0
0
0
0
0
0
0
0
0
-2.50827e-08
-7.30659e-05
-0.000291397
-0.000655371
-0.00115385
-0.00176144
-0.00243787
-0.00313016
-0.00377798
-0.00432105
-0.00470735
-0.00490012
-0.00488272
-0.00466007
-0.00425706
-0.0037145
-0.00308355
-0.00241927
-0.00177479
-0.00119611
-0.000718034
-0.000361398
-0.000131751
-1.97404e-05
0
0
0
0
0
0
0
0
0
0
0
0
0
0
0
0
0
0
0
0
0
0
0
0
0
0
0
0
0
0
0
0
0
0
0
0
0
0
0
0
0
0
0
0
-4.33196e-06
-5.59947e-05
-0.000176628
-0.000377063
-0.000663865
-0.00103794
-0.00149295
-0.00201374
-0.00257563
-0.00314296
-0.00367385
-0.00411875
-0.00443328
-0.00457628
-0.00452366
-0.00426927
-0.00382988
-0.00324262
-0.00256298
-0.00185531
-0.00118878
-0.000627418
-0.000225845
-2.17893e-05
0
0
0
0
0
0
0
0
0
0
0
0
0
0
0
0
0
0
0
0
0
-1.51421e-05
-4.99119e-05
-8.76066e-05
-0.000117348
-0.000133904
-0.000136665
-0.0001281
-0.000112063
-9.25459e-05
-7.28187e-05
-5.50612e-05
-4.03675e-05
-2.89799e-05
-2.06009e-05
-1.46783e-05
-1.06095e-05
-7.86157e-06
-6.01807e-06
-4.77526e-06
-3.92097e-06
-3.31331e-06
-2.86019e-06
-2.50323e-06
-2.20636e-06
-1.94811e-06
-1.71646e-06
-1.50527e-06
-1.31177e-06
-1.13494e-06
-9.7454e-07
-8.30498e-07
-7.02567e-07
-5.90201e-07
-4.92555e-07
-4.08548e-07
-3.36941e-07
-2.7642e-07
-2.25665e-07
-1.834e-07
-1.48432e-07
-1.19671e-07
-9.61392e-08
-7.6981e-08
-6.14525e-08
-4.89176e-08
-3.88372e-08
-3.07587e-08
-2.43051e-08
-1.9165e-08
-1.5082e-08
-1.18471e-08
-9.29014e-09
-7.27341e-09
-5.68603e-09
-4.43897e-09
-3.46099e-09
-2.6953e-09
-2.09674e-09
-1.6295e-09
-1.26527e-09
-9.81685e-10
-7.61158e-10
-5.89856e-10
-4.56928e-10
-3.53879e-10
-2.74067e-10
-2.12304e-10
-1.64548e-10
-1.27653e-10
-9.91688e-11
-7.71922e-11
-6.02505e-11
-4.72032e-11
-3.71648e-11
-2.94506e-11
-2.35321e-11
-1.90024e-11
-1.55488e-11
-1.29312e-11
-1.09682e-11
-9.52292e-12
-8.49437e-12
-7.8107e-12
-7.4243e-12
-7.3084e-12
-7.45371e-12
-7.87265e-12
-8.59621e-12
-9.67724e-12
-1.11945e-11
-1.32584e-11
-1.60192e-11
-1.96778e-11
-2.45005e-11
-3.08384e-11
-3.91529e-11
-5.00494e-11
-6.43214e-11
-8.3008e-11
-1.0747e-10
-1.3949e-10
-1.81399e-10
-2.36249e-10
-3.08037e-10
-4.01992e-10
-5.2496e-10
-6.85899e-10
-8.96537e-10
-1.17222e-09
-1.53305e-09
-2.0053e-09
-2.62341e-09
-3.43243e-09
-4.49133e-09
-5.87729e-09
-7.69137e-09
-1.00658e-08
-1.31738e-08
-1.72418e-08
-2.25666e-08
-2.95363e-08
-3.86591e-08
-5.06003e-08
-6.62304e-08
-8.66889e-08
-1.13467e-07
-1.48518e-07
-1.94394e-07
-2.5444e-07
-3.33029e-07
-4.35884e-07
-5.70493e-07
-7.46648e-07
-9.77154e-07
-1.27875e-06
-1.67332e-06
-2.18944e-06
-2.86443e-06
-3.74694e-06
-4.90043e-06
-6.40748e-06
-8.37543e-06
-1.09435e-05
-1.42919e-05
-1.86529e-05
-2.43253e-05
-3.16907e-05
-4.12318e-05
-5.35534e-05
-6.9409e-05
-8.97183e-05
-0.000115573
-0.000148236
-0.000189083
-0.000239527
-0.000300856
-0.000373957
-0.000458944
-0.000554694
-0.000658444
-0.000765458
-0.000869091
-0.000961227
-0.00103325
-0.00107955
-0.0011032
-0.00109547
-0.00107563
-0.00103265
-0.000992866
-0.000945572
-0.000910514
-0.000875351
-0.000845566
-0.000810034
-0.000763624
-0.000698532
-0.000609936
-0.000496807
-0.000363827
-0.000222283
-9.35391e-05
-1.18983e-05
0
0
0
0
0
0
0
0
0
0
0
0
0
0
0
0
0
0
0
0
0
0
0
0
0
0
0
0
0
0
0
0
0
0
0
0
0
0
0
0
0
0
0
0
-1.59471e-08
-1.23875e-07
-3.41011e-07
-6.82984e-07
-1.1744e-06
-1.85063e-06
-2.76033e-06
-3.96894e-06
-5.56339e-06
-7.65833e-06
-1.04043e-05
-1.39986e-05
-1.86992e-05
-2.48431e-05
-3.28705e-05
-4.33554e-05
-5.7046e-05
-7.49168e-05
-9.82355e-05
-0.000128649
-0.000168295
-0.000219937
-0.000287139
-0.000374509
-0.000487862
-0.000634831
-0.000824775
-0.00106904
-0.0013822
-0.00178159
-0.00228739
-0.00292233
-0.00371003
-0.00467276
-0.00582761
-0.00718164
-0.00872503
-0.010423
-0.0122153
-0.013998
-0.015692
-0.0170991
-0.0182478
-0.0188925
-0.0191889
-0.0189986
-0.0184474
-0.017528
-0.0162832
-0.0147254
-0.0128418
-0.0106465
-0.00819861
-0.00562721
-0.00313157
-0.00108551
-3.11333e-05
0
0
0
0
0
0
0
0
0
0
0
0
0
0
0
0
0
0
0
0
0
0
0
0
0
0
0
0
0
0
0
0
0
0
0
0
0
0
0
0
0
0
0
0
0
0
0
0
0
0
0
0
0
0
0
0
0
0
0
0
0
0
0
0
0
0
0
0
0
0
0
0
0
0
0
0
0
0
0
0
0
0
0
0
0
0
0
0
0
-1.55662e-14
-7.12666e-15
-8.7619e-16
-9.85915e-16
-3.83499e-16
)
;
    }
    inlet
    {
        type            zeroGradient;
    }
    outlet
    {
        type            zeroGradient;
    }
    bottom
    {
        type            zeroGradient;
    }
    frontBack
    {
        type            empty;
    }
}


// ************************************************************************* //
