hs,hs_l0,swl,tp
3.19924408918765,0.017190722913366534,1.8241567521161843,10.919948940892997
5.287525675276432,0.013688096758465954,-0.3515269979346918,15.732534801201911
3.81108614870309,0.02644965860388634,-0.7610648781063019,9.608560684102434
4.183986220443378,0.007651609191010964,0.9756385570060342,18.718141345511413
5.11683513414175,0.027752952070834575,0.5218090415512124,10.869013018882272
4.766273251055259,0.01868389681236239,0.759679066104066,12.784970436513575
3.839898272379662,0.04214631958996802,0.571174890598211,7.640539429075776
2.418359795621007,0.02205281664061506,1.6646057788400594,8.382477832011194
2.987519171403168,0.023203738445266523,-0.5576623680566642,9.082812719520179
5.380861554397978,0.034289777065960515,0.0752090223760351,10.027382184536405
3.985741965707226,0.04403247860474389,-0.9134870469266613,7.61573831875865
3.225611658442829,0.014469741485145262,0.09952481068856267,11.951423713962704
1.054980203561668,0.0073331213483153294,-0.05273780076486567,9.601115826502308
1.850968825210425,0.015441614023238875,1.3292442101484556,8.763895602516001
2.293703529490948,0.005147329561485183,-0.21335196445630933,16.897468424766387
5.62174525205924,0.0132642010000199,1.6232740909376893,16.479309995926833
3.3664260389821075,0.03173531167976396,-0.7104049860718009,8.244363737943049
5.943606451529223,0.03709313772683441,1.9901592907516599,10.132630980665843
5.456904338036971,0.04095013301322186,-0.506156568092286,9.240372981457188
5.337569358251912,0.006031055583066125,-0.9869415729158076,23.813272951121597
3.5808629758056933,0.011817468086771286,0.6009062837313275,13.933994090792652
4.144640045308246,0.04749423993852575,0.014815436651790748,7.4776808978751195
4.141892390916419,0.006770123008789701,1.3691584835500565,19.799084795539457
5.550518164563578,0.021131822638263107,1.5405553362835405,12.973055480082655
4.8955526420689015,0.03619209777391875,-0.2459768506186253,9.309749038503977
2.106987754661253,0.009541969430507813,-0.23377572658589008,11.89476825378901
1.7915865873352217,0.04280951515879981,-0.7400981066141561,5.178365925972462
1.7863772238663784,0.03873754167350497,0.6697364975772178,5.435813500569688
1.4005843625826677,0.03545571776934843,-0.5013476463440181,5.0310135320351
4.289417746366762,0.013057811838515766,1.474304978550033,14.508013757961526
3.636154331482361,0.01979969642654822,-0.8750188768486651,10.847655337355093
5.980497087702446,0.018710318773792624,0.32737364335573127,14.311067757664642
5.140447039381646,0.01863215078024284,1.382785872719034,13.295753023592376
5.941637353030962,0.026925557602950196,-0.2525293680246333,11.890899467875844
5.010566339747179,0.01029365539197125,-0.2802430823056319,17.660483345851286
4.57432910263803,0.04660455348819649,-0.2008588890655344,7.930371227508383
3.1025019294049407,0.012054905530410623,0.4093229397598317,12.841569725391983
4.491963404963805,0.03010883988596452,0.7112710614402369,9.777213154063006
4.441651053214659,0.02801692097054458,-0.14091287155042842,10.07873451027525
5.6547895393026915,0.022601007570891375,1.2504632213110867,12.66159192285813
4.577706740836588,0.01522022141928376,-0.4041179420830937,13.882174145258878
5.431817496368246,0.04235248221660795,1.216889690129093,9.065194782779145
4.605945132667997,0.02403858541305161,-0.5455851419466833,11.08023359004626
3.749342933052199,0.006875091284635311,0.5970269900851242,18.693143406232096
4.91551415501219,0.016192514011392847,0.05006265981554803,13.946695676453212
1.6786203657497303,0.011054313555212643,-0.22207530767715133,9.864029083227893
2.0031551849222766,0.030440748396061687,1.1218768748574495,6.493421949647485
5.863255775386458,0.01768004226052097,0.36016019111073594,14.577121054067138
3.506746967538735,0.0069449671161833145,0.1633114980671584,17.98709829233441
5.534615614120046,0.0068246346671457705,0.892955285592989,22.795442012506648
5.80951751612801,0.017917692636992503,0.49091142972330104,14.413617116760639
4.930576500814683,0.022342439928503682,-0.09482007713832208,11.89125085607142
1.3349060876287173,0.04951223378700795,-0.04696956996353863,4.15635932764478
5.275579386003654,0.026859244664516276,0.8612075921561353,11.218432350231906
1.7921873692577925,0.039862878697243836,1.4931435424633603,5.367244341507565
5.502345515900463,0.017224719996105267,-0.41618228025629855,14.306777841648637
3.2603993983996373,0.04677355301494451,1.307972508241399,6.683119263051645
5.093820106536754,0.015378613188847229,1.8183857055382124,14.568243930342534
1.70780925353368,0.04230273288672413,1.7497949831535093,5.086036334048612
5.285753214220028,0.022685127807139494,-0.2863856395686357,12.218751033168482
4.846625891020461,0.027984007449994682,0.35443721568721487,10.534375258367168
3.6800474987145906,0.039240424277218945,1.61170894732202,7.751823122069302
1.781000487058838,0.037259320339417146,1.0058452866434422,5.534247079891527
1.9211971584256722,0.04319687283931613,1.134910904673367,5.3383101662727945
1.090818651571471,0.03607357645046938,1.0261920546353287,4.40175297490521
2.3812765935241327,0.02601332665443559,1.9191568777983088,7.658627803412487
1.3034361896567521,0.023178998719103245,1.5933313845229704,6.002629544246476
5.315306115442173,0.012295437547074845,0.7434184590232169,16.643173331767166
3.0530693666576068,0.021984204376232035,1.3323194529656721,9.433154535280547
2.5588561921989017,0.008758477577894334,1.2817246197265488,13.68209552013793
4.6874623944440925,0.015044167109397006,1.1202379966384708,14.129565713536614
3.797613052851225,0.009664118497365665,-0.7280834739191115,15.867854962311066
4.876983053874742,0.01560115942844291,1.9208975931813694,14.152761091226953
3.1622147177010236,0.00786578650234706,0.3587143912193822,16.04976176635788
4.894922823183727,0.01658520363537618,0.38895679913749426,13.751703818051242
1.0386413141369468,0.02757525659143658,-0.9076402401925365,4.912663362432211
1.2084770064096648,0.03312871324007947,0.08564246038498302,4.834603940132041
2.2462315139602143,0.042968970325012235,0.45441281168982384,5.787536918099532
4.217522924331567,0.007066415542502893,1.1633985237098057,19.555689333298233
3.1550774884542157,0.022154275616771846,-0.7168067853186662,9.552569971051598
5.491940947386424,0.031039878812518927,1.4893719239440872,10.647481903681728
4.759200237763474,0.013310328360999435,0.38232069808126035,15.13619080594448
1.378355836005676,0.023152560279540872,-0.27302228333597145,6.176254063471038
3.0456746637852,0.013659770713592118,-0.9541102136746833,11.952645531227946
4.448785267927681,0.008511416583845452,-0.998546903994971,18.300535082106364
3.563807171077671,0.010417910746345386,1.8736754426008773,14.805080469333483
1.2118917732100005,0.04991263407427487,-0.02393897201088624,3.944306574574522
4.026057739234191,0.03411807503701022,0.4432935608371169,8.695443333089829
3.2610868883266146,0.033691721688790824,1.7458721024022017,7.875235914569081
2.58751840914163,0.019509109855618424,-0.5564013562608338,9.218642785319874
1.0499339105791905,0.02605825971242073,1.0956982415321659,5.081035941559449
1.6655627793992787,0.02454611561142209,0.3577753864981954,6.593759543213184
4.115536597398821,0.021624699589863284,-0.17623501295703425,11.042875662465606
3.425443412919977,0.008831903300414761,-0.6910276266897067,15.764319774078949
1.1051841239038986,0.044048226272940076,1.9348903755954145,4.009563501638273
4.31409628860948,0.008731459423575772,-0.2241745924805847,17.79284873883545
4.636664846676631,0.020899882119954492,-0.6796491224963359,11.922708441498285
4.219988055593011,0.012105204965814118,0.8426106615979516,14.945605925422988
3.4476771393172205,0.01179073892000078,0.6399951846923382,13.687898396224101
1.9336223892116693,0.04192220570465587,-0.47234986154967795,5.436354393430127
2.8258614333325642,0.02262402356786735,1.1730327773359726,8.94611545324482
4.868250506773847,0.013804589913869156,-0.2051727115481018,15.032066684504219
1.7950166688023061,0.04281593864197781,0.6011487585734607,5.182931845147325
2.854472064017484,0.02185526485734247,0.6741318510669072,9.148056774873291
5.895689839722172,0.014948374917470305,0.5583802126959538,15.896968471109014
5.532026496915632,0.043809580171606945,0.1677245101254763,8.995008329631164
4.71996735064474,0.019057765206840608,1.6159365804656503,12.597300837813286
1.4774310886120756,0.049901073125318274,1.355599175855719,4.355546591560408
2.0428170782354096,0.028480737098976694,-0.39239200316749523,6.779272906805601
3.5174767333989623,0.028012692156640064,0.5182760172483174,8.96978807145128
3.684364107434349,0.018938406388694016,-0.44674163458528926,11.164866778130094
3.3028664042077494,0.03204822573024544,-0.9828473446431856,8.126199834671754
3.4456270258099115,0.019066429333632392,0.885858095319588,10.760772213137908
3.4625843744456826,0.02204969978397395,-0.33988808439957185,10.030967695649707
1.9889016281890894,0.015407404282795877,0.3186517982734016,9.094648155313761
5.591238889986025,0.012148344349180709,1.1538376576840088,17.172734953465188
3.1578934176617874,0.04475399638834343,-0.7753833545236086,6.723986185166065
2.9940436583551406,0.04254568180113384,1.0336088947841162,6.7149890729158646
5.345412808048747,0.007117316582169128,0.30128711080995463,21.93696148386881
1.184188453104639,0.046577756931878204,0.6925889120905997,4.036129717770888
2.0340834526155955,0.008298267467273964,1.0913517214508426,12.532411854995832
1.2245936251782916,0.013401842075936206,0.6183006796876545,7.6516965566071615
3.2459196881829473,0.04692451131764846,0.049568170201948814,6.65752790648058
3.7801838335067592,0.034752284881104184,0.7175972965736093,8.348506085962804
1.2918980463099512,0.04137640992149834,-0.6494629940233861,4.472822949223247
5.3602861744743935,0.04528344863457154,1.3697102515637711,8.708998805734295
1.4171543522989318,0.023216751342149945,1.0326927617761132,6.2539130983491225
3.0115275520449156,0.03821084398804751,1.4777061481263232,7.106309117751688
1.093401302873805,0.0315073527373553,-0.9137157546982217,4.715500830848248
4.359693052502198,0.028209874011198496,-0.8284301416869252,9.951106476653624
5.328261691706585,0.015491122376285662,-0.21681520462554738,14.845516794248326
4.322506280328642,0.043041173050525336,-0.1540899446627314,8.021761704439735
2.6340930510874503,0.016652899895886353,0.15341803496519013,10.067337084517881
5.124356754487764,0.025839737798948405,1.829011478975552,11.27248373154337
3.3921768815518787,0.008013745544104963,-0.7596134107131156,16.468932916500396
3.3408916152590318,0.02125705061890664,1.4784374790920891,10.035145636683103
2.9742994279194175,0.007225920392618145,1.440207759671154,16.240139191047987
2.9019148969127597,0.01985173799648473,1.0765884375831547,9.678032101912947
2.423954142631433,0.012100055017977448,-0.2883975058588044,11.329546256871684
5.477136787680386,0.01887859382856967,1.0876851548646091,13.634397833478213
3.168159280773674,0.01726052028584254,-0.041324925984566496,10.8447751588604
5.735145872602876,0.04428811256472259,1.2072459596530187,9.109040602328069
1.8438696376390882,0.012765238681682336,0.7077400021474385,9.620433156823438
5.595921059498587,0.049931257157951436,-0.8072261217715665,8.474098914439024
1.5662636260107359,0.015985399982143954,1.2378071149658396,7.923456301136601
3.220218754966739,0.02374308559672835,-0.3418592046594331,9.3221931748683
1.4624479584824108,0.03748822823653985,1.3612588430133332,4.9996170717603095
5.23722200948095,0.015990918605005705,1.102960521935075,14.486310029741675
4.712141973002652,0.011940995572324586,0.0579730454017191,15.90131000681977
5.37004125911335,0.037396148394675276,0.1759337092508706,9.592225143413744
3.353416708411737,0.03135238008618239,1.512152824433446,8.278516027430115
2.2541213968367906,0.028583093673428848,-0.8987083556039898,7.108500923409074
4.203223137677016,0.007173833161246595,1.2526993829470805,19.375797041736178
4.372418856332799,0.04591975904699603,1.1463816600411727,7.810971779505751
1.0353560947900515,0.015228666969538427,-0.6883792085269973,6.60021248423545
3.713642916521066,0.0073266609844890845,1.079371170183126,18.021503165808646
3.79714529298204,0.011836745569792546,0.7502584321679509,14.336939118773312
2.30136439317554,0.0218046799097367,-0.43144086576821306,8.22359713543283
5.544055885179351,0.024422423746310564,1.2989288310819238,12.060447105245265
1.8934511831002676,0.0173868061726068,1.464963082374953,8.353358872171016
5.352554157298016,0.024496613358712796,0.9859205263689923,11.83236344420328
1.5899900706134202,0.03835720060575007,0.6665657827445801,5.153683498905538
4.43748991453097,0.03892025752732423,-0.969493290526254,8.547218898645035
1.8392339944640579,0.019069866305068125,1.3259352080916234,7.861196611108303
4.250896261185574,0.021035472645198117,-0.16413334525154122,11.379105022086769
5.087535195885453,0.03490756933876996,0.6433593436988778,9.663576708882404
3.8711040999601773,0.01847446094178726,1.0911735189327838,11.5871206035385
4.065487216450519,0.023660744083380696,0.6833751617521302,10.492671841889049
1.1629579976161115,0.009327593075337554,0.9088234362685172,8.938017669627047
3.9471269495515506,0.02466338423076871,0.3001738435277035,10.12647284881129
4.471814778949092,0.03047752926555477,0.873884893589804,9.696076084165352
4.015839938889901,0.015328878729579089,0.8610384216639699,12.956180590465737
2.537556133585638,0.02634919985672176,1.213877624377239,7.855396357287582
1.3882575452409007,0.012791878764080607,-0.2724615107192556,8.33895909790581
1.8294309819141437,0.015334590964944075,-0.14066047361724432,8.743109277304779
3.8342818885838805,0.005888308871894006,1.2330503470713743,20.42634756384639
3.334793152128669,0.02893240934162323,-0.12439879673971266,8.59381775868667
3.6771965494931655,0.035137721487437,0.804160806009262,8.188712311480135
3.277836773949247,0.03537524882949981,1.150110193613731,7.705270678745044
1.1530038056184322,0.023607308633747506,-0.05374795263067356,5.594175941195339
2.758032362096503,0.03171694125001975,1.073985517608956,7.464453548268158
3.288662190328556,0.013591761770225804,0.4890275342545558,12.451330056808205
5.690605789960078,0.0197397413167829,1.2664322187500328,13.591034405725697
2.659952825487511,0.022833912849245144,-0.8934264636944209,8.639543335584385
2.65741137903212,0.04769679893775205,-0.27679010402587734,5.974874234418094
2.8921821725139454,0.014952397312140132,-0.8695642489258992,11.132722861623666
3.5434121956181084,0.020227680723601652,0.23717766843308152,10.594532132348727
3.7514654548946336,0.023458595365550134,0.8027497912133001,10.122632342880332
1.0172410958372418,0.033052421371933406,-0.6263574983946648,4.440729277604485
2.961228685099223,0.04790526533584275,-0.9412619459093851,6.293443513914949
5.996282801056388,0.02396358114595894,-0.09801512064333551,12.662200418253752
4.591748007378544,0.041684313909204164,0.5176301595806168,8.401303691879601
5.131137246156597,0.0056053227139947325,-0.9456362103739899,24.218681438286154
4.660320163242587,0.011945559386233068,-0.21501048578309545,15.81060980517353
3.5910669253797733,0.008762383319496537,1.6398104536148437,16.204835071545723
5.400009489881769,0.02104370574943142,0.1391508728204096,12.822719468057787
4.724552639675069,0.03279977642407206,-0.018996003379095017,9.607024408099344
1.2608047929883286,0.018196262543552832,0.7312459028805012,6.663107469781177
3.402089260607499,0.021634983960679893,1.2680931966663547,10.037800339618961
2.658390822202566,0.027489418866227508,-0.8357152733458848,7.871737891202766
3.3808816880030323,0.035442342214510696,1.3223689373251708,7.818037855671337
2.001524822668472,0.030644481884640997,-0.9325487954094912,6.469166642491447
3.209326197912322,0.008743627552992668,0.4947050801372712,15.3357526568873
1.7693157237404002,0.015770468846505802,1.82842824500409,8.47860408143761
4.303069210335553,0.03357985245413429,-0.1014805173150315,9.061367901450856
5.064705090319957,0.046172739648713615,1.2307887154503088,8.383555596706444
2.6834487793443103,0.016666142344723064,-0.3087568024913834,10.157178889168906
4.033783682719644,0.046908483217869716,-0.6901636909318585,7.422916872234097
3.17812001479089,0.01909328711905162,0.5737401270994535,10.327347359113988
5.5788572319678975,0.008997758224805474,0.4577490783335687,19.931934617454516
1.532390552581286,0.04382330239456799,-0.869958982183944,4.73343232007183
3.537277567896762,0.01077088810764355,-0.37324423555707187,14.506171330816144
1.5238912559716609,0.011500262446321043,1.184570623831656,9.214400877502033
2.5567433812224656,0.04474944046464206,1.9268004323328047,6.0505346892658824
1.090262153472957,0.016536665284696852,1.1541261489254246,6.499582938870442
3.754314123972595,0.04162497348924896,1.1115426504283912,7.6020777742685715
3.009600432154497,0.022194989927206824,1.92920656664369,9.321180841769161
5.8193161376885705,0.019997367506700885,1.603666753767936,13.655058066709788
5.15628188404135,0.022595868377778893,-0.04937039343628724,12.091990499067947
1.426075216750967,0.04704929718341982,1.0540397171538425,4.406955201853693
4.27618412423043,0.02526881138517743,-0.6714798611098363,10.413093819102446
3.238918892618152,0.01936930093162855,0.47186724527365054,10.35111307420593
3.626378139179679,0.01645117438365199,0.038312874790324525,11.884531901586197
4.68331899197102,0.015758199607526373,1.0283839966642385,13.799633773059611
2.46093354699477,0.007441325738075202,-0.5120074399378713,14.556895859806568
5.961228006828519,0.011207285374352673,0.7317079677638298,18.461272847932683
1.3172838004709055,0.04970800880416061,1.0646492971722905,4.120695106816339
4.927033321107304,0.031435493424612694,1.9658809742256578,10.021358498340392
5.9187846521066065,0.008175745477604614,0.6168044340658649,21.53756384236214
1.5365270064212448,0.006436380614535928,0.8713144394676886,12.367822098364261
5.331385947121819,0.03185252759542465,0.5093884614561688,10.356001409138475
1.5290681991268726,0.04004534137275069,0.9893414962291542,4.946310982586818
3.8107836872736707,0.021077269945347237,1.8963970266012526,10.763263178644287
1.9845032480479938,0.04016769785543741,0.6127748761893561,5.6264106434841406
5.600342405766141,0.030534261894389052,-0.9937105975394824,10.84070601029508
3.9944820381727815,0.0410492979936796,0.3410394665500225,7.8962585259372835
3.0453331337801695,0.02350706567075253,0.7529619968536849,9.110918951717892
3.773340716854262,0.01677317706114982,1.019789197781479,12.006027532161221
4.932851240343311,0.04073275748068567,1.8586495888272179,8.808888103718312
2.6629624944268464,0.028801079593490736,0.5540394850460708,7.697011420474199
3.364769589328568,0.03588040230698424,-0.7887587948848787,7.751629429653315
4.737804638312051,0.03039479685352209,0.8828735625739679,9.993852642714016
3.832460962694985,0.04949087827067228,-0.9252250989947457,7.04401511472868
3.5971471755313096,0.037876166296331094,-0.06004801957688677,7.800816929674512
2.0855995494145088,0.039698002654121184,0.7359979154002727,5.801965254557188
2.303944714003333,0.04762649532579812,0.9283670716219765,5.567442036725617
1.7762282964290392,0.00789518937507408,1.5672254176571876,12.00638059604479
4.605464175728074,0.015473202482988509,-0.5274256644793467,13.809901773377852
3.576429073396098,0.019563822154418604,0.8237542833574283,10.822857615889202
3.5984031902793103,0.006183889632856415,0.27560842577557576,19.309366972292466
3.3676441777219135,0.04117607583904389,0.3898184651859393,7.239100587398015
1.964667515806482,0.006903832350854939,0.3493865812937762,13.503408427850808
1.2580895877318388,0.04044543384574824,-0.18904033393357889,4.464419789610937
1.683178790229877,0.006067393049282128,-0.28702029849408595,13.332391248255734
4.263774891976244,0.03693234066203672,-0.13962137011018383,8.600777391381756
3.5879218996365982,0.0444516222541527,1.2848260246079968,7.191536228875173
3.014926565972864,0.006692119433523447,1.8949203633705443,16.990279269260842
4.573053946566866,0.01728542851147589,1.3219928762619064,13.019882859284172
3.077495144182516,0.02123452852312414,1.829320646456793,9.636545283849978
1.155104328155825,0.03817225917059693,0.5903425967558538,4.403324213275742
3.106346219084854,0.016981936621688284,-0.11985714349655163,10.82618168495189
5.780520224447787,0.02747388366215059,1.5942612725583762,11.610941174836231
1.495367861714706,0.016466153091797622,-0.504819045989668,7.628197637656003
3.584394647217767,0.026206589046283774,1.6055842634869246,9.36152605893757
3.0471146576005084,0.012159009565015387,1.125216220769734,12.671828536374061
4.261162714623692,0.016753718769070707,0.27024876906870254,12.765929401325518
3.734514048131553,0.02954823013560979,-0.11320293546378823,8.999021761467361
5.0902634555459105,0.04263084871801718,1.1075336003918892,8.74685909760355
1.9132486197572924,0.029920652042830783,0.767919942348489,6.40094605705932
3.646024132101092,0.02452781227003244,1.9150839671790547,9.759427729102855
4.805580554660418,0.012003162472956016,1.8878086297760595,16.01655384838261
5.911996343152731,0.02262004027497716,0.045414859280410225,12.940897018475727
2.8664461474521588,0.04272469189428797,-0.8519023644749131,6.556565640405421
3.0999805154304396,0.019183398679374235,-0.6138418000891683,10.175615670945147
3.1236970644910054,0.007388532272186719,-0.7362088126684005,16.458845069482773
3.158934797603144,0.01167047065509124,-0.7088965120766269,13.169525732015368
2.0589972371342338,0.006541198180368131,0.5744821053704203,14.201794300737848
3.8301207331301885,0.01059032431247348,-0.28386551368416124,15.222836811553085
1.3531218960797637,0.03904735104544988,0.39427555789892565,4.712123476605893
3.324482919506667,0.010448685484632469,-0.7585863346844158,14.278257645492028
3.0594791041930987,0.04236751328206165,1.0545443662636602,6.8022289955541
3.0378737553084343,0.02503721509189297,0.8546775591420115,8.817304528537413
3.3815726601828433,0.008042620820862947,1.464688813520779,16.413626801517616
5.892645184963347,0.0051761646291518925,1.6987547127379816,27.008166057286342
4.184899723166264,0.036830084178681076,1.9504203348920242,8.532674172084304
1.7564036614230973,0.01203634615897705,0.5044952050258484,9.669606965512159
3.9527808403617692,0.026415287285260054,0.62172658692548,9.79191620854813
5.464391228899569,0.03267351749644755,1.309062383013055,10.351825364509798
5.234764401791788,0.028824404645105044,-0.5483016786770513,10.787290812953726
2.825036403390607,0.021704631049045006,0.09100819545937,9.132292435627413
2.693480549798239,0.04697254313734654,-0.6052720036938716,6.0614827649517045
5.796833919479711,0.04662689299148145,-0.9960996639030661,8.925266245172319
3.3743501612166935,0.017804891646486843,1.3977117647351411,11.01969047750141
4.679158313810422,0.03723704525217448,1.5282214034757495,8.973053416148728
4.065727946778546,0.03145703639061737,1.0816655009074903,9.100269309610143
1.0274368527420317,0.01866211012629313,1.5623536095306365,5.939381000605052
5.567086221342453,0.02839129653016355,-0.8937881943280054,11.208960808412723
2.52080325623395,0.04273360669770694,1.8684075139722331,6.147926843034314
1.9227200748652693,0.019734442932275054,-0.33949583003533734,7.901136856310972
5.593568910641032,0.026494668399523066,1.401155546393687,11.630790737916342
3.873994509574493,0.02540012364800571,-0.7963694895066895,9.88565784198353
4.833521967220046,0.008279622479941646,-0.9685948538224155,19.34062794771499
1.4610079341581332,0.017390660654208696,1.9295233926203132,7.33689386364116
4.157609281163086,0.013945464654379389,-0.28726479503109414,13.821313940256315
4.6778064112212965,0.014023035696871751,0.47109980351529623,14.61988957322132
5.940268458980723,0.03258283655533092,-0.03769742657413078,10.808180303894737
4.629106757357759,0.027157753279725954,1.6489322269516258,10.450706925866765
3.029587457396454,0.029265726462334683,1.7739464525510646,8.144343497135567
1.8908152460181187,0.034060414371904435,-0.17573703529276097,5.964081559524838
2.4500064527620937,0.040398822101863574,-0.44847297380522244,6.233662030227676
5.209504940707522,0.021142015684788854,0.8627002402045165,12.565188886164307
4.553023183330219,0.031249996264167183,-0.031991593658098116,9.662042326812575
4.801185928410987,0.03825343305573884,-0.9342432308592376,8.967740725877686
2.417931349769462,0.03557991854149935,1.2383477671933556,6.598777700040549
2.1507727439567725,0.00964579541967761,1.9243705151186044,11.952870891159963
5.946857447508272,0.03464170481647091,1.8423029181364008,10.487890041498018
4.158317530415637,0.040232674034708156,-0.36573246057344,8.137919040483256
3.291106264825027,0.0352047741442746,0.24911310719636082,7.73952239256235
5.323380847030601,0.03543512671182875,-0.8906581601942127,9.811169156451186
1.020217556624251,0.032557034232868085,1.7557044127615504,4.4809280248378105
3.1936239734097165,0.04107938754534258,0.22437275433481507,7.057873978226832
1.9999766776685868,0.03208572110219133,-0.9181624219116067,6.319759526920145
4.847260896183474,0.03082135601636046,-0.5752760439047916,10.038442056023086
1.7188863078637087,0.011210064616823305,-0.09727132905016622,9.912050540972235
5.98423387690139,0.025281225401247238,0.2745185993875374,12.3154194645297
2.9538742109062115,0.01925053695285843,1.7162203570889982,9.915590082955244
2.6756902883788913,0.049773001822137605,0.8110812023424243,5.869011951821417
4.410814189300699,0.021551612075826076,0.3574091971152127,11.451529352387109
4.477838602863466,0.03607876914769935,0.9772243577964135,8.917689591944159
1.3072215326185952,0.0352860409285978,0.6274139978670039,4.872110386254493
3.1627636245646027,0.009452406796985146,-0.8996089994174336,14.64219395836156
1.6553881908127226,0.015344985191598423,-0.24866964513762746,8.3140126172057
4.521031285391064,0.012681415552088716,0.227040300961439,15.113981242716902
1.2755187634448784,0.01212105953074332,1.3145096349624659,8.211398395111498
1.3691476087817414,0.03568754648656387,1.1493608974946312,4.958048607857884
5.173266800496533,0.005185931014728166,1.6681296483893666,25.282095091788968
2.1386422994377483,0.029747790546183383,1.1033976013344384,6.787122822116116
1.658029569124794,0.046371949458431934,-0.8690209676555383,4.786438118682428
2.5673624199355123,0.024394762956133777,0.08011337308784494,8.211817300192974
4.185685739992496,0.03726500265117436,0.6549196919288787,8.48353235965431
3.546301946768695,0.04359244478576298,1.5526953847036418,7.219817701429792
5.009348646515378,0.036037616319287535,-0.15704844610405644,9.437491875697743
1.0218193820124102,0.02017467921363549,1.0266965976051963,5.696757579468313
1.2363785196455328,0.016727492352792736,0.019376774838417488,6.881835627872902
4.60357165409636,0.04579108076922171,1.3720376645848535,8.02603402271507
5.89925606061847,0.045952324618483614,-0.24488940909617707,9.069615384616897
5.77162374765023,0.007391929449049027,1.6740321655461865,22.367327102375054
2.7558408158664345,0.034794577752834496,-0.8537157816409353,7.123858236414181
3.5855571552865104,0.027704047652664415,-0.612374843221731,9.106483432440669
5.95132271616966,0.024582124866080284,-0.5780107980889287,12.45492251438901
5.927086478590899,0.01700171094755619,0.3668526292003389,14.945770442392421
2.8837742893637373,0.013789269064726575,0.024880944089308077,11.575879558985527
4.900740433381175,0.03913167427245681,-0.542271361280034,8.95799107067519
2.304148117872379,0.04688510567266861,0.4614318962046142,5.611535786091517
2.2925979056462404,0.03317155745865182,-0.4328829267151557,6.654646708567742
5.031371133318315,0.035486960288141245,1.7452898270450765,9.531313761664647
4.308976829953216,0.036521457068927614,1.3713326951962683,8.694748436747172
5.57228815986942,0.030572581554811244,-0.2512908061416034,10.806740354859464
4.251769374354623,0.005612904759965431,-0.10799677874466895,22.031040194719523
4.963979547234578,0.0335998331645177,0.6412442008577415,9.72949772733701
2.848072583566143,0.0077500179309480475,1.770033600586666,15.3450448689487
1.8731317959787588,0.01815940948548868,0.2483549495396431,8.12975198573408
1.3593605921278353,0.03549096820258639,0.5399761072833158,4.953958954023537
5.382520459036953,0.04250196581979723,1.9542296678049382,9.00808188850376
1.645227890243734,0.04916131898799472,0.2741749286639794,4.630685200042733
5.7839341168261615,0.020595327003167775,-0.22012932016857767,13.414401858960682
4.169523500110344,0.006009420632943291,-0.409213287663587,21.08486869458976
2.2100001044281985,0.02705347949582737,1.911018942010279,7.234834015627034
4.758446169152119,0.041530268764966294,0.010791161647707881,8.568290830974162
5.330587008286161,0.045906638910846814,1.6299260651316314,8.625688285815267
3.5676046846368523,0.04963569693160482,1.9754223433480242,6.786334939024541
3.8785956114965847,0.04131305546942977,0.3920700997975992,7.7559961089713525
2.6418830838438407,0.017046931780948293,0.4405160797087522,9.965008538597413
1.9700098076444073,0.01343164242535267,-0.849779224983026,9.694236779979638
1.3363318362789807,0.04928681686147188,1.5973399398069588,4.168077273672496
5.457868138403985,0.017776020935442276,1.5485206040552848,14.026142041805903
2.647422310058694,0.032052013919481086,1.9065740460774374,7.274915287751551
1.0835858554420232,0.031893528137228386,0.3156775874973081,4.6657812241076035
4.301105652103514,0.02689427682055025,0.275537191671126,10.122880491613108
5.381603685921974,0.028033404631175835,0.018533914849932387,11.090775719660133
1.4001673856548575,0.03601331984251797,-0.8319270027089625,4.991170311282325
3.4597093971235724,0.013183062892438369,-0.5171259212664278,12.967481537276107
1.0211685548776188,0.048087215195952986,-0.541151150068743,3.6887387046198428
5.5640322466405925,0.03229157809788252,-0.4963411040181671,10.507373594338539
3.8307947398277404,0.027736162203011252,1.5087870422496277,9.407305474949313
1.717758029485217,0.00584296399342711,1.7324621664294342,13.724874385941412
1.2414742042565576,0.017503782295036626,0.3723142307251972,6.741350195836328
1.1279895421697665,0.03878172861761387,-0.18959224629299865,4.317008908407071
4.07375749816282,0.04940398258564146,-0.988944177304582,7.26876446220431
2.9234668724984574,0.04851193564981678,-0.2916771958418467,6.21396462317182
4.531103815749061,0.014584903455492855,0.747788309455417,14.108934483524939
2.6857436707509548,0.022677920311434736,0.48361809607883943,8.71113326546143
2.241561987587278,0.0064899596039534255,1.0916032116707322,14.876417890819965
4.523833181859258,0.04187539155256518,1.2284019112061184,8.319894900024622
5.348149818602419,0.0379127415428824,1.6709271345221786,9.507211971144777
1.4111916636316553,0.012757128294867047,1.5582956812835826,8.419000383431284
4.082211170353945,0.03139856255100148,-0.8276232185426144,9.127184718602013
2.7931278204520273,0.01919510228063424,0.27110757265814334,9.6559315783969
2.7405732519684753,0.03895632456555517,1.8589690736925766,6.713913000394844
5.7490732352034835,0.03448126521197394,0.8771071329300621,10.335971752833188
2.6922820826102685,0.015560693157320032,0.24498890349608748,10.529064853990379
2.8376157076391446,0.015610624169317851,0.49500682905419513,10.792216410909008
2.706718228216581,0.019680171942558194,0.8948168326210995,9.38752419459982
1.4733817392548079,0.042667328281582866,1.928674531379381,4.70385479168647
2.697898820915704,0.020133085947694286,0.6466585931040179,9.266199475550117
3.1640341560071112,0.026429947586586434,0.5248398767447751,8.758231498623845
4.0984920551350825,0.03432362981444747,1.9825034279359732,8.747006188782642
2.7833860226931337,0.04515260199963218,-0.9017416676090741,6.284768999341419
1.3098288742730049,0.0421477690221865,-0.0749697662432185,4.462353526963046
4.863549936927651,0.014130839126006309,1.5056299602529837,14.850350475799177
1.0847508272547357,0.049056875196958886,1.1346397223294828,3.764081724349793
2.5114898682596314,0.006336741154740395,1.7392546728940692,15.935904604900525
2.948723272044707,0.012367928084644451,0.9719641081660515,12.359830721319822
2.9907288884101946,0.009105624001044366,0.3419518671921502,14.507001504467029
3.61867823582157,0.02441449921183008,0.178143784383185,9.745296649000068
1.8794632941665423,0.04795466665527136,0.655992034392872,5.01124315091377
4.693924306914329,0.016497371721136026,1.9574401275510445,13.502203545087752
4.3748351308909985,0.049115654909566944,1.4822638226186031,7.55465899086191
5.199655551587625,0.006417831584477771,0.11945305889338309,22.784374957052183
3.707148781092483,0.03616309510398999,-0.8104321591069116,8.104592830322263
5.449765072420562,0.04439260402583718,1.6182329106913595,8.869059527037766
4.936343323326783,0.03989821775777082,0.5823594857391492,8.903687734164444
3.668418552349656,0.03949756979389184,-0.3443277596490065,7.714330528114271
2.2389901443789064,0.01600579090013636,1.6737850701734573,9.467417104678844
2.5539868778396326,0.037777369498091636,0.1588110473393638,6.581690613843237
5.312331208352421,0.047883030892410104,-0.05328928534432198,8.431323355912907
4.345339665879365,0.007765420645513289,0.335194420176107,18.935351076686104
1.5776251070261167,0.010711485181332879,-0.09130529978915403,9.714513332957218
4.961918953894044,0.039478541813852484,1.6128941393898026,8.974045586956143
4.4788218697233155,0.03666762818107049,1.1282811439622975,8.846764679980451
1.2935587926337193,0.01727742650890861,-0.10317866024209033,6.92624020053026
1.2430028333992549,0.030512111149782195,1.1157831584725377,5.1090943176144945
4.809347616427472,0.024349839118988494,0.1352167584853694,11.249650392650208
1.3721236801983072,0.016216803164866827,0.5531374920773486,7.3630541899043935
3.637618538234871,0.008737406719850927,0.546813264996556,16.33282432446007
1.191053800237452,0.036664492791998085,0.6336718970193447,4.56233150575693
1.2949241520749857,0.00567903916792302,1.5456928368242502,12.08728391591025
4.217392701838867,0.03852469127806089,-0.7884206439227073,8.37522392139954
4.640019412186639,0.005194906752284861,1.6067277702565783,23.922965295142465
5.106564816529352,0.014177092755338735,1.9386432161265423,15.191995520385605
2.314821049303766,0.04599727260720993,1.6264036244145492,5.678539624464929
2.333413966661341,0.04652377102847687,0.7254016527475118,5.668947452929708
2.740207342439973,0.03630317979743133,-0.43640079107900465,6.95445929137245
5.99599995197972,0.02483954303214331,0.03221309138756867,12.436638166956214
5.085723447566495,0.030081247468180937,-0.7652973015640728,10.40812354435735
1.4973880285407088,0.022655893922219172,1.8679993261566379,6.5075957486308775
2.818656849801088,0.03832310588555709,-0.4338575972862906,6.864908351832651
1.3650626583004577,0.03880761740604527,0.9464055736134109,4.747465233225689
4.063224314972231,0.03837116489094283,-0.4972273162187365,8.237148529712561
1.7219645121614255,0.04200963364698805,-0.9116885763836639,5.124855694528767
1.3921066210923478,0.04045703623304929,1.5465441789180794,4.695514727342378
2.481418589177097,0.009888194867688294,-0.6403012182337526,12.680474269626728
4.191669847183689,0.027512756102117147,-0.16424764375014822,9.880307812980938
5.606546954008839,0.023747327290405715,0.7349839143756873,12.299412087615853
4.678385693362524,0.037474387806324116,-0.4985038594783222,8.943854547801504
3.813441197725955,0.014489434327353532,1.699682609338348,12.986041946469195
3.931513850530441,0.04893243667167576,-0.19851613909099908,7.175058946747224
3.3898766934807605,0.01227806934756846,-0.3959687587972349,13.300589786467686
2.7001171671024506,0.013909948623578812,1.6948385973946358,11.152507700655782
3.194200631135755,0.022727405448814336,-0.43714733156692764,9.48964913723445
2.4154597265677125,0.022584329813781057,1.4574788731581796,8.278283330786923
1.8057434865391109,0.014232418568513473,-0.04982040093743412,9.01638949624538
5.910947843665278,0.03961372718053052,0.662505950910292,9.777992509474556
4.304455315820822,0.032448234149101654,-0.7976735291308829,9.219504019777032
1.9674579051832066,0.044966930918498266,1.9470334047084719,5.294806468410401
2.2367177303568955,0.015102364087798772,0.4151680297125133,9.7415286449297
1.5021390027939616,0.03488766344969686,1.5498585963708642,5.252464296205874
2.4766304090602755,0.02567374666371141,1.9798256850746156,7.86194433428736
4.8776145839518135,0.034279591107336936,0.7790140518535891,9.548384816821972
3.248560817252492,0.03505388903814601,-0.5009079497542668,7.705864831657779
2.4072570820693007,0.04043317709841497,0.8914568058376406,6.176412485854156
2.924225549366744,0.013920585301605008,0.5411839834776728,11.601674468122674
4.074966442574631,0.022011803081070667,0.4089648676896689,10.891261825545591
3.0578302915537314,0.01681713258914572,1.5628681912634508,10.793808405205706
5.397145654108765,0.0431680803779196,1.5635155693131577,8.950446288712504
5.061249842720453,0.011446459755839035,0.4219254494959963,16.832060559793046
1.882733110303832,0.04511811051969782,1.0054783780156367,5.170861649163793
3.7426708867491234,0.013288340505258674,-0.02716752114219667,13.43381722403058
4.886573073751183,0.04574717477796637,0.6092804987350395,8.27301952560389
3.0614710734381214,0.009997207055257907,1.1748129476037494,14.007793356093185
3.529926500731669,0.03818389050682904,-0.34216630323399433,7.696384088686516
2.9492621587571013,0.010925418734549181,0.041670924223276895,13.151692119061506
5.221874429340101,0.04242982017830663,0.5500963469669617,8.880176671786645
2.4230500812009117,0.008365848813667594,0.6961056240657062,13.622919147506614
3.713176496418897,0.021288505614197838,0.6789208381700327,10.57168460459641
5.197817717563443,0.04151804021994609,1.2625523062351123,8.956453792385613
4.156490794784409,0.03493805134998351,-0.9521571976111075,8.73088085762296
5.79520386565019,0.02811274743731732,0.9443136056054307,11.492822608118132
3.9032993477875624,0.02281629337171494,1.793778449075945,10.469775589440255
3.662314671488027,0.03334040287570374,0.9641394039849462,8.389506143568566
3.8828319463680923,0.037352089890044994,1.8507448503563295,8.161328027546636
3.5950015812375344,0.04854084964707999,-0.8504654495936799,6.888740826060933
5.605605183871439,0.047902140135501585,1.991353047859655,8.659200273792639
1.420720915133839,0.04638603416418777,1.3769095829697742,4.430010493487872
4.87379407421692,0.04559236067217754,-0.4698353386849481,8.276210682688966
4.283017681353892,0.015677395076631847,0.7933591503535031,13.230674098856474
2.5021276345523495,0.03879645333121448,1.9467660438370404,6.42839725208189
2.950676196550355,0.03309825132508712,-0.978952573293517,7.557919147339886
3.9892158901433334,0.01749241117954016,-0.3270738734415465,12.088235748856563
3.4156144221885283,0.016379966475699934,0.5865314873237948,11.559043677294973
4.323696366555697,0.014356042993457295,0.23914513103017043,13.891662019539355
2.253693705112109,0.025026281762478363,0.39947483861189537,7.596145426799451
3.5714718285281384,0.005350863209781086,0.3313679493609716,20.680245008723134
5.145372257926866,0.03687328225944041,1.6344210660970107,9.45576109747114
1.8082138554078584,0.04384195118843266,-0.3715026848060926,5.140719990630816
3.732740408619421,0.04546793134119566,1.2499984682961358,7.252793058627648
3.327601886304808,0.03908340206144847,0.9469783039707769,7.386071210383019
4.58967050092521,0.03466376020897694,0.12122534337321111,9.210790574279367
1.462688044184639,0.047454859615911504,1.9511029099678434,4.444055755585781
5.255193174323274,0.029191252399414974,1.2509201567267727,10.740190092828989
1.7613504943341434,0.014074072582880376,1.4691702463454392,8.954822654724998
1.696096630569285,0.0205741219862812,0.8655897161069912,7.267894762207759
1.6007786422283585,0.037158811637773535,0.6179276276252481,5.253862735976539
3.3838492509315663,0.013008445084906419,1.229698398161756,12.910313827424316
4.814395521291178,0.010303205528630177,1.4188040836793276,17.3032901896918
3.237188124950335,0.04901188743774535,1.8185942267915007,6.5054485322827755
4.718785151861126,0.03538294859126051,-0.5500043852579587,9.244045641642217
4.125699200783045,0.028223488333849706,0.7921985521172354,9.67804027587371
5.429812485628302,0.018309766407002746,1.5458951791826636,13.784626518372196
4.459351102580019,0.005281845530604007,-0.04561717381357677,23.258782391524097
2.5441629227985922,0.0173652767093462,0.06932395653634238,9.688925025870944
2.900033582908426,0.025983907916316544,0.7268451852186983,8.45655093545046
2.9428589932157614,0.007376181848862231,0.3406401051505996,15.98869098340923
5.282799059933457,0.035419486396287315,1.5066303165998636,9.775858482086647
4.859138673880267,0.0335629056466546,0.7582978437263193,9.631498480289297
5.086508765652204,0.03621510495588686,1.2884775844225138,9.486565600842253
4.5225366986823365,0.028400989248872768,1.6965430278670879,10.10109151620552
1.5992306706641806,0.034087353020516235,0.76298537811308,5.4828063322370255
5.260088749012125,0.0379819346742571,0.9606009429985698,9.420023458898068
5.109659284785284,0.029509927061967388,0.6617059390878843,10.533092369364564
4.304831850861573,0.026158157913339013,-0.9375006154423313,10.268771906790398
2.9384154039940125,0.019656611270921404,-0.22857265651902925,9.786925021673072
2.5034399291308294,0.049797393716695,1.0851196381370682,5.675567203499439
2.7089789252426297,0.04985126400682489,-0.9623237328490568,5.900770388471919
5.13627585548924,0.034457769668248,-0.6316388185483828,9.77292527547635
4.1545658337996585,0.015478677490448563,0.6698441059172588,13.114142141986296
3.1809243270356307,0.03672028368649951,-0.3794307477962604,7.450195078662378
2.6773921735036685,0.006545847862669773,1.7870539410562278,16.18888846057247
3.542057285609822,0.02790910933328195,0.9955228730408039,9.017762467628442
4.784847569565669,0.04517071534594077,0.8226598914715879,8.238526805442012
2.8184732069436493,0.022450112245131732,-0.3949195385178961,8.968951730253709
5.130271533761901,0.031221770054419232,1.63845406005513,10.260898822381467
3.082056429092826,0.04931907905999914,-0.7926241391862722,6.32785914609221
5.769578686616472,0.01336727731015503,0.5975842232942772,16.630088530348203
5.027683939452135,0.03897081237003268,1.6076663787812677,9.091975241024013
5.4342898689284045,0.012896190727166527,1.1890529496018019,16.43178206089835
3.568243933101148,0.021342968884089847,0.9502295428372343,10.35008322912683
5.426558975792934,0.009847851142984834,1.8693381606121662,18.790377954824077
1.892578433663881,0.048157135787703136,0.9036816711947289,5.018114988365171
4.188157246444544,0.02472526045384202,-0.6118625523543899,10.418016519028884
1.5408407094342702,0.005726475554314491,1.6222344075861646,13.130436272780686
5.531041558538719,0.029668800636857222,1.8407370914461092,10.92942855333851
4.286510043052722,0.025647731418875476,0.9676364316148167,10.348357744829306
2.817095122766139,0.005970013996125627,0.9476862654108849,17.388297857445203
2.6513386673805237,0.023350003468385463,0.13461372854713893,8.529687451396097
3.0049621264196733,0.04121123859943592,1.862365165728325,6.835269733219741
5.662112248243399,0.029739598357682206,0.6792877822400525,11.044998917215581
4.9716560365758635,0.048327800921890596,0.036005456483685805,8.118877899471622
5.596282333748281,0.048398088905224596,-0.2347443963857514,8.607552723236148
4.205184130743889,0.03375407249429446,1.1262995423568802,8.934564918058573
3.6628512379811085,0.03018278690017409,1.6173260178279683,8.818078513608256
3.8978346034432163,0.04223058987516899,0.8298616282749829,7.690279410369546
4.335227931106224,0.00768543106366904,1.21328778124741,19.01147628166265
2.2722707911100084,0.029884625624591515,0.8263956968142452,6.9799148221911755
1.8382031821323372,0.030113568185078952,0.725959345532051,6.254025349664461
3.955987470471041,0.039693995584141044,1.215911039638959,7.991145439077828
3.3959340012437607,0.03622810681046931,1.5658105175408474,7.749983727481915
1.0148657346121874,0.022035942905548268,0.6845072173081967,5.4322839803746135
2.3093401673392133,0.044873969561089105,1.5758254289611329,5.742363757266904
4.999420824751544,0.04003368485687275,0.9417023528956563,8.94522057642637
1.1681411723486415,0.017466019903879824,1.6627459090957397,6.546281550411723
5.303981348308752,0.04598406170142547,-0.681233464020077,8.596888998076903
5.001381691280894,0.04514085493946759,1.8259672933362427,8.425663289542294
2.906751245041783,0.03062962190682233,1.5580971917198347,7.797890014086442
3.68209454722834,0.007833388192344345,-0.7085374131861993,17.354680918300367
2.8789195868004933,0.03820820402148086,1.4361642413916083,6.948330135749143
4.0341988465440455,0.04886134036688051,1.7706717688486249,7.273441530046704
3.6567554949796053,0.02385071364715224,1.4382212852890817,9.911542828406947
5.398657144530772,0.010425019157233416,1.2777518647977968,18.21580768594424
5.405508726737707,0.045601632127129324,0.7400018768939172,8.715094141004572
5.32869527019195,0.022662876346452428,-0.04647305328451923,12.274305197369495
5.431089148369077,0.037553800028880764,1.307784282052947,9.626324795296371
5.793835381849929,0.026838771860692265,-0.27049879536780363,11.761040518353983
5.6371082767330405,0.035635201611493826,1.2135532650800105,10.067753367884354
3.663811066716089,0.026310758184677714,-0.35327142348937657,9.445910867688292
1.0360174154759387,0.021930490232653362,0.6177604944815072,5.501781614957203
3.160713577376894,0.04959569523346887,0.32429695094433875,6.390201744426911
4.161435802733905,0.04691205109427277,-0.05256739965000934,7.53916726173475
3.0867211585600995,0.03627684286569283,-0.3832488976084538,7.383766379247937
4.218931492561592,0.04276302486824515,0.3580023658989102,7.950803450675583
2.4657205466441776,0.019267824039433872,-0.23010325722839609,9.055231986759681
3.436284351248691,0.03539968552391558,0.5459144337462436,7.886582212654892
2.7464788842848487,0.015932134222702943,1.7063791390326521,10.509816748821894
4.74690994095508,0.04828162772292973,-0.8785368525100903,7.9370393662842575
4.321095611903677,0.005831632802566353,1.2540721032698112,21.78942865207737
5.3833022309332925,0.020117424514896082,0.8790096143774693,13.094296809990139
5.680479770244826,0.01691683331725559,1.4337420766455313,14.668204744934577
3.8920407542809783,0.033398739611872987,-0.2453332948966952,8.641072329399647
5.052022261880003,0.04918264394475353,1.5783478586677413,8.112798355722969
3.8652648604580655,0.027158382114212676,-0.8830023168331469,9.549522839394168
5.782504732733736,0.04877838106387291,-0.7242465253944215,8.715419524423176
3.033258326539888,0.017006778796720457,-0.0727295315040779,10.690244973774925
2.993287159634212,0.010680034531002688,1.395201087954936,13.400834775630727
1.6057434092508083,0.04698466553616193,1.4651757385149593,4.679548943908448
4.110175862572718,0.022202826525890652,-0.24256288657651814,10.891057704785096
3.4257490458297464,0.03946925207347715,0.5516250450885194,7.457483721822079
2.6425046148443405,0.045474114210034715,1.7375468023179916,6.101965429604155
4.946334390188939,0.03220201993804523,0.6413812944152815,9.920742306707009
2.376103012441914,0.021808873489393938,-0.9151531154320478,8.355260706213771
5.987486654694234,0.03367600449412894,0.7471550237910893,10.673478744122036
2.6003526534089607,0.017026356174689353,0.33312472868626486,9.89234507804941
1.9825335905067134,0.04131805365842943,1.701331711915726,5.544780254374093
2.882513505617333,0.03935898098277217,-0.36441572931432176,6.850270833680622
3.072623477818455,0.04643512905594066,0.9421688068275014,6.511414369510979
2.2099806104501862,0.04965049486055461,0.06690260357642641,5.340432506079276
3.2016645204256005,0.04060546971554567,1.95242516676009,7.107872551814495
5.1660291221343435,0.005848430729234699,0.3622630024305815,23.79045453150181
1.208875002871293,0.00923716233884345,-0.5807836960980141,9.15725694463115
4.716821131856127,0.005110539305415057,0.25571192498044715,24.318418446288405
2.940136133279592,0.04078019689630236,1.621598364916081,6.7967774568042785
4.150599824841468,0.01012011311857884,1.0184075218474211,16.2108854877338
1.6363219235698714,0.019842523674834942,-0.8681806631769282,7.269087736119024
4.465458923288508,0.0419873637465839,-0.14291398740171668,8.255012502198845
1.151757209961066,0.02444208265265718,0.6095144007166777,5.494843849917663
3.478408933127306,0.038313281324141614,1.6788119024453616,7.627103403640073
1.660845021208807,0.04681152375489687,-0.016076651749156623,4.767955080197856
4.056654822661761,0.012163433806162898,0.4512464339223843,14.618402634114087
2.6066142289581897,0.04470848488735762,1.0930016444073916,6.11205698011116
1.1087256493413435,0.02824721089481712,0.3481584663503494,5.01496897765987
1.3190848929041754,0.027892702672201657,0.4646101899413546,5.5047178577959635
2.433255726255391,0.048733451290437546,-0.019463600498960787,5.656193810478231
4.414819404133137,0.021730737591382516,0.8964294220088669,11.40941106189544
1.510805073438852,0.010793726052425994,-0.12990986542439698,9.470273277235947
3.5483030909132047,0.018791770466091463,-0.9594492279717473,10.999437971447385
3.868527896057179,0.01652344347054809,1.8711167528900998,12.248039454623832
1.3103113220236864,0.024085841524376678,1.7374835980902112,5.904054044583832
3.435040298272967,0.0278156542624328,0.8920583875630985,8.895395622904966
1.9246794715815105,0.02070801228924209,0.01903699136811987,7.717097544748777
2.5960762563935886,0.037302111503417106,-0.918573153169488,6.67783992486768
3.2011897831222895,0.04178358625937162,1.7928975835964733,7.006430921998554
3.690253499671516,0.02377296779721222,-0.7139359307299571,9.973104945401598
2.234414538815421,0.03037844476348383,0.898207039419344,6.865040376884001
3.638861656610407,0.027425062120185348,1.7189608621289936,9.220467727761253
2.757185208761226,0.026552888210571352,0.2901827794713463,8.156823710197026
5.180463814855403,0.03245105194049403,0.7874133633256977,10.113789776424067
4.863379385647282,0.027730866565696677,0.7047191700647715,10.60062188729452
2.861593629101434,0.02586342649411004,-0.6940588225199629,8.41986133216564
1.7624325411128918,0.02140998434665639,-0.4093558385048405,7.262599013075354
2.6946988118784887,0.02027710460513648,-0.09570258477444982,9.227756679114934
2.472607330040887,0.03496081393855703,0.8198338359350403,6.731793701314946
1.6685898466022435,0.006052807969423788,-0.9038642835979285,13.290470020144447
3.5559861506210706,0.013381354178042676,0.5389756788030122,13.048902534089704
1.8682120623908431,0.03112215308732971,0.8155732456208977,6.201864284375815
3.966014617244394,0.03572686110571353,-0.40470179369719084,8.433808084207497
4.794606323291298,0.013499537869127148,-0.9871310589661679,15.085545388875543
2.942338959097489,0.029962575567964236,1.1576733717160113,7.932329931981369
1.985141200402243,0.036840123554850425,-0.3059526070952262,5.875964349380705
1.5056299991992146,0.03165985614358455,1.099333607278795,5.520121677769024
5.827264938491942,0.039749293206365506,0.9008116787792968,9.691961187507479
3.0439612709564425,0.044387961435608414,1.807682595579867,6.628739480946774
1.0682473387514857,0.033404458305947675,-0.3194544785760026,4.526657989655178
5.8238336651402856,0.02547103501042499,-0.4219724360565389,12.103895753633292
2.2052252375632833,0.03249551537369829,-0.14526147281678647,6.59414893965886
2.4354339115420256,0.030909627161813266,1.2147776676328297,7.105346815834141
5.519613735772116,0.008092909918752299,0.15903898089727875,20.904798218509736
5.946311570603117,0.039491208901821825,1.9350252582567622,9.822399775695605
4.193098091059943,0.03849191923522789,0.10421474822566901,8.354620318648935
5.957495099265331,0.005638503286998935,-0.8968393753089192,26.019198696800025
3.776283897369053,0.014563508744704422,0.7635786842747292,12.889714486132798
1.5404269786300562,0.033083744353835404,-0.6381858654726208,5.4620694724144725
1.0841899078846096,0.010700165846558012,-0.9549533398208433,8.057520430502468
2.4540262777512307,0.008039539830330443,0.541564087016372,13.985178007084595
3.234306719526862,0.02862781210075072,0.15144075996218653,8.508255286036494
3.3141439415455696,0.04071239771567043,0.25009007415143936,7.222147152110053
5.675934144962545,0.029356138670474256,1.4196239019760428,11.13046218299397
4.823284891128104,0.02810067092503264,-0.8901704018313362,10.487140886911556
2.6042185641566293,0.026427820681856857,0.39545004751643953,7.946063461866485
1.067351157423894,0.020976662748182755,1.775123788842393,5.709912518252682
4.292145985896844,0.027855616864986346,-0.5294495924691418,9.936303353976195
1.4999812067503175,0.024563772837416935,1.3569476232017132,6.25517353137411
2.4946046282238017,0.037634325399617065,1.5670516316888081,6.517075972223809
3.3910570429310156,0.018890723055271577,1.3176229281215956,10.724751716289322
1.1444976658967807,0.048754197538345846,-0.2687236513595861,3.878336067369314
3.728891644233588,0.013032742265070375,0.3691742524206343,13.539915941140746
1.7698240222158026,0.012539902056504168,1.625820751687304,9.509593663145935
3.644321137848835,0.024854702247247167,1.9084409943904106,9.692772675707658
1.4887215877800881,0.04112954427192456,1.9428142024546156,4.815859232895516
5.95887479605513,0.021572080769251552,-0.15505803712167998,13.303934593625433
5.994374102471602,0.03497571664726881,0.6280326229927229,10.479307889775614
4.482081338475091,0.046216846388052284,0.4759612320694082,7.882857984983656
1.6507399223828179,0.01899020210130267,1.8832483536583262,7.463087331740154
2.2143435539198517,0.04270231466397667,1.2411145157210255,5.7642231148929195
4.160233983843779,0.008878179363573428,-0.5386892398367591,17.327699631203952
4.881656719712187,0.042991292362939186,-0.4678967920675604,8.52977072158951
2.929465495864012,0.044676292827476864,0.8579226815464764,6.481859586378737
3.1897919807957984,0.04664798310717527,0.7795271790739222,6.6192492530388565
4.313204855327072,0.02258935028368877,1.9397352689236644,11.060943208585192
1.514388128392623,0.013331544103295293,-0.5973899225501401,8.531440398026668
2.6451349672495583,0.010622504683863297,-0.6101092675598137,12.63148592365159
4.571735003242267,0.030712982159291514,1.2802607898206086,9.766152924522082
1.3228604504484966,0.02529028922702415,1.55352853005893,5.789274042904359
3.3537894521905387,0.00951413825642878,-0.5253757123985789,15.02889872558171
2.1904896765726027,0.036133430458207154,0.675594952661748,6.232467143850541
3.764123828411172,0.015281783100480683,0.6931978290199718,12.562871716107646
2.907375309576217,0.01882708609954269,-0.009756148860229352,9.947248885008593
1.070889759785847,0.019896520998430776,1.2640334813299394,5.87256456538444
4.5914055765840125,0.007887781202198556,1.1394633806343606,19.312539755006284
1.6849009083016002,0.009412269718449743,0.0497189093040018,10.70986483993097
5.2800891188645735,0.01285811887877731,0.6305172527352854,16.220935513441614
5.823039165431624,0.015149511329212183,1.9619924822676893,15.693489934732558
1.7748236606368208,0.04399007753220995,1.1228238035090214,5.084452927106265
2.6492461900652717,0.04413010429888853,0.11160255730647717,6.20208440059805
1.8432674654946406,0.03842557216181986,0.3738863179229277,5.544060962001897
4.153932073514406,0.03209038419343439,-0.7992222646882847,9.10722836463046
5.21728034475221,0.022117681503960658,1.0087660916040733,12.294086844331828
2.997368792198944,0.04662264071438344,0.4156681471264596,6.418235467756757
1.7348185582423687,0.029101185108754136,-0.5344312208464627,6.180387161429988
5.07993964219849,0.047573957402113815,1.9739505697960515,8.271582889034654
3.329909948071713,0.03331799849220836,1.111150751643243,8.002409697143753
2.061019494486698,0.041199195974859486,-0.051421888716298714,5.66161938033211
5.050432386207255,0.03431684514292446,-0.2161293454985953,9.710790681343509
5.18375972734176,0.019953248369986378,-0.8100384753458207,12.90207663411641
5.071794629445537,0.01997062126458729,0.5716720921328844,12.756426518685537
2.2307154267858578,0.04728749862988114,-0.5285748272553794,5.497850222496021
1.2163811898271577,0.02348238693730818,1.9731456623679602,5.761130561429485
3.0477073635735206,0.01406791520763331,-0.7371025907980162,11.78191135598738
4.396441670433514,0.042603374858827696,0.5869128818103901,8.131537062200334
5.311104995428256,0.016391469208047953,0.21543779468258273,14.408789348294524
4.305429323067207,0.027018377950574646,1.7648075549927436,10.104680488377086
5.287484821017679,0.033039266868740876,0.3234624444203855,10.126359831281489
5.677531306475964,0.0492550635206966,0.9125023295080359,8.594058721427748
1.6181420295320266,0.029768806988349664,0.8135542071229729,5.901624777208493
1.057528496863655,0.008726139830811622,1.9540017051637606,8.812090429453944
2.344145827064817,0.03216421217902554,-0.0558936287094699,6.83360454842306
3.8197043503598125,0.0326326998642777,0.41688987333337324,8.660288523449415
2.0131355262189716,0.04821794299771945,-0.7859945612543665,5.172210083356608
5.044367506179775,0.023289459852594754,0.6377024540351628,11.780606272416945
1.43532575187109,0.0485439926928048,-0.7307668993479495,4.352627296036805
2.0409185629058286,0.007206179414173238,1.0769890800820865,13.471138221745157
3.196614302900594,0.02200450633635797,0.33467967964863754,9.647911121547894
5.805303136838534,0.027805472437067255,1.4638169710412505,11.566216082965953
1.2979915151787305,0.01578918987985126,0.850891796756335,7.2577163808535765
3.2663368847208254,0.033865764980817524,-0.975112074002664,7.861293886049735
1.1452825121257026,0.020463558284229917,0.7315027368701581,5.988385195019528
1.656216669527691,0.04782289037579689,1.3992424692205674,4.710691407080913
3.038036568999653,0.02724003163115094,-0.7010672069927647,8.453502482735276
4.7134581449215665,0.03952639082254636,-0.662510338370754,8.741183493206767
3.4510221718812395,0.016929292301458676,0.06283758731768918,11.428742892536292
4.069908555730918,0.015134624352253795,0.7535276986047132,13.126546834126911
1.0531369749605723,0.006868159538225297,0.1924218691440982,9.912112734317647
1.246052310240001,0.02819254486398398,1.1902071818638893,5.321633812707543
2.348570389681112,0.031965391007953564,-0.4767800351157392,6.861289905487946
1.2715756554148483,0.04899105005922872,0.10327446128188988,4.0780891731913815
5.4505055449905555,0.04562283655281472,-0.2715381716687344,8.749258353377463
3.5644585824409143,0.023297208118709563,1.6425348664344819,9.90122287288229
2.922923200234684,0.029562918474561165,0.1802253837497938,7.959376327385069
3.9592277587000777,0.009428030954247893,-0.12127825952421456,16.403583463676842
1.9532514140877462,0.04973464812663664,0.5345698005684585,5.016415933298591
5.023872621589184,0.021546056794052297,-0.7558081697406598,12.223044681386293
1.9297392747859974,0.010068102675717198,-0.6439392285601749,11.082034292382332
5.318399040381466,0.008388617784289211,1.3742578985053262,20.15529903729213
2.973338367212363,0.0349522580017048,0.011456786220175763,7.382926390811857
2.5748730330479397,0.03148994746251555,0.690418348694636,7.238289201876802
1.0041524484038282,0.029986817620726625,0.6357266565059037,4.632107463539785
4.439189816965535,0.015901229703344524,1.273564193043629,13.374590441481782
3.9468238617289115,0.04039144872781935,1.3450716938009242,7.912671701674796
1.9476503875295625,0.04065792838865368,-0.2994200258933374,5.5402181693553025
1.0616229850825567,0.03486287280036482,-0.7742924929307624,4.417205054595317
1.4375238223129152,0.042186279012964865,1.3242623508826297,4.672678541421137
4.408355499716155,0.018436953878714267,0.046568650787267574,12.37763608818176
2.962250505322449,0.009416912450898096,0.5986890979324646,14.19713180937599
3.9299200034673434,0.04405877082076592,1.2972771819004585,7.559962763182622
3.8143973468378976,0.024825361269658654,1.976513808039174,9.922227190645089
2.847945802618307,0.03192855669660795,-0.7349823513705855,7.559972336401323
5.6150083080639,0.025395784900703308,0.8304154476655898,11.902504965343116
3.6868180535656156,0.016318377451844474,-0.5924387734338836,12.031820808361918
2.633588327120822,0.03822589765453854,-0.4098217496264842,6.644144783906496
4.868668754896492,0.028335215185829727,1.8097726795054,10.492665936070727
1.67738365454219,0.011586017495736085,0.5256575460496666,9.63148168366914
5.5068925368001,0.04302832496404929,1.6051027799988984,9.055659213176218
1.4287261645557336,0.028476097650234556,1.71517792569509,5.669937243363213
5.636659038845738,0.03736923620743426,1.9911451956569826,9.831001483258415
3.871525010298914,0.043755190241540294,1.34276302744217,7.529571056764607
3.5739324318133567,0.016414225490234528,0.2494893452398057,11.811551853466264
2.500665697024816,0.007271036899533773,0.5558360591550273,14.844775489057028
1.3144346048290527,0.031617165071516004,0.5937813583434326,5.161215804284141
1.1619208822485054,0.03306852525600437,0.08706992490829313,4.744875861041821
1.1234883396624533,0.02462340457406406,0.9616541158839651,5.406973287541439
4.1274107211508815,0.02982656085572113,1.1760259199029557,9.416320752828081
3.1086106756395666,0.010704266031345838,-0.006454266150983212,13.641078551243318
5.705332167768662,0.018204368801250637,1.0425761735435213,14.170874252545467
4.600994907768285,0.03066100024780491,1.2390465126370507,9.805657204563069
2.719159305370732,0.030933374362019327,-0.5802665972999432,7.5049476458106925
4.799269112118973,0.038181375604276174,-0.9322867024385708,8.974406881279029
4.966075111054023,0.025860807400101167,-0.17449001820253274,11.09250394243464
4.7040547251900415,0.00857988591377062,0.6598855433501638,18.743013411049095
2.4894391360053776,0.009591107991406219,1.2910023048593668,12.896158304603105
2.3613477473477618,0.03533767137034677,-0.8472918162640165,6.543423062024493
3.5772571097573405,0.04730046854291787,0.7397616435630769,6.961235817843721
4.813606133271014,0.03345900330692134,0.13060821179660165,9.601139188116365
2.289087780398255,0.04774328990956778,-0.08145229195123205,5.5426702531966665
2.1948736904191284,0.038270617918982744,0.9969555438138569,6.0620012121729046
5.705506607804927,0.015536212425914124,-0.3782864757976051,15.33975844082384
3.2514737536309557,0.009621195921355671,-0.9430906564927909,14.715315801308648
2.5632760895015414,0.005130818575177278,0.6970844081850149,17.89156595485176
2.7456383997822655,0.01777270393812568,-0.2983732405009434,9.949217076686736
1.0445413358755655,0.009916786049398715,0.3524491670907526,8.215260392380078
5.015863193814389,0.03921994966286697,-0.31623324059299907,9.052391228229093
4.870068184748634,0.01826888959372435,0.5590366262167883,13.069393526160598
2.3281728117447376,0.04034461833448687,1.7824858682673552,6.080772993328531
4.969699075759774,0.026528259576415754,0.42342605944253875,10.956066424220333
1.7511863724071723,0.049356875062171776,0.15758449146029396,4.768001095431437
4.2350905560699115,0.04367796617314403,1.9120854709893047,7.882139855070162
5.418353442349105,0.0064119036346191064,-0.32287260225130643,23.26934517028279
2.47619975597666,0.04481994432563334,1.658185522831384,5.949783618229365
4.365364011292721,0.017834024358635008,0.7157359360426008,12.523610263426246
3.477074566375804,0.022279508343569707,-0.7736144439662882,9.999958334718459
2.629779433856438,0.010115047599283913,0.561834165577753,12.906832876438706
4.384772356273048,0.04874105923118171,1.3308252576430286,7.592241845474365
2.3482986923556655,0.04974310123114597,-0.36305691073036883,5.499892854683798
5.014759660428893,0.02745917243048935,-0.16164333555811528,10.817460783601634
1.2494774959365493,0.043599567400864125,-0.9195692901770425,4.285160755714768
2.273828046393326,0.02975300406773839,0.5083088190197875,6.99773333068113
3.494215056050563,0.01775975451848884,-0.930814403969676,11.227946272856762
2.0470739363865063,0.036817392877121546,-0.46775125496042025,5.968761672001576
3.3267981999453684,0.005448418692050178,-0.38985287535836866,19.77980389594332
1.243966202394058,0.02852342730389387,-0.06620689064136376,5.286246690110488
1.6444269460209417,0.04313063005250449,0.054284656418374544,4.9426331866221
2.325685107681025,0.038583413814829756,-0.362311081371294,6.2146849933451005
1.9536641169567548,0.00887271834111567,0.5172681622601203,11.877925363201864
4.538605439075562,0.0393748049420589,0.08474873496041169,8.594012809505182
5.155116249996596,0.0218348597502761,1.7002507220649061,12.299515892507234
3.1229708664296103,0.0069583242197824614,1.0632298799578521,16.95803884749242
3.675877984369048,0.04990078936554275,1.1043348782364948,6.870222864886649
4.385923447524888,0.01690294874987965,-0.26107159156993487,12.89416656224835
4.480132202507815,0.042624574194139155,1.45600836142515,8.206526528740428
3.3999407878703676,0.034206605578091576,-0.2908732990516518,7.980400304398535
4.484152266034823,0.013869170367881562,-0.28250272549648037,14.393251823517023
4.924671183411652,0.018378783809802905,-0.8716256863618176,13.103105093041705
1.482774104137956,0.00749324223519374,-0.4450161333737712,11.260212847872284
3.1007722798531185,0.00991063486324895,0.2751560726430835,14.158856763851592
1.5680737186269174,0.029302686286456953,1.2424081843796597,5.855628419736374
3.1479872784535474,0.0458577845976276,-0.7431940635491705,6.632143874755598
3.463543215155953,0.039577996542942764,1.1005904362409464,7.488199252878576
2.8584707030188157,0.012803634007770282,-0.15200928545534975,11.960359584139182
4.743861944166085,0.04474515739846091,1.6023986031157884,8.24208312984948
1.17730850398304,0.008376360678684892,1.4021321891143228,9.489895836797587
4.083411217967151,0.01739658427304153,1.090340288935554,12.263757544031213
2.421527836403392,0.017736982051023517,0.9137538000015581,9.352955312882937
5.921905278063096,0.010549112945384694,0.040610494827464594,18.965606995233184
4.73518995293486,0.006556025517172552,1.4352461494139828,21.51257388089751
3.9211232997683085,0.0236652056067561,-0.29438924202555594,10.303721181206202
5.285075526366547,0.013767334647164939,-0.3318261218730493,15.683560160291764
5.833357923032589,0.036108083030034446,1.3258023883055112,10.174219099785645
5.5039337219342706,0.0325339949713465,0.8960697989351396,10.411466111725625
2.667914327445904,0.045189166359241466,0.629657679482049,6.150533163900647
1.9570337354966862,0.013953153448451543,1.7299354315128,9.479969947944117
2.967057449844688,0.03402924383834618,1.869695908855478,7.474477141466025
1.975597366001295,0.027946708897545434,0.12357142233402563,6.730198498354658
5.2012595901665835,0.03507033267546255,0.12310876177887842,9.748287110225743
2.1590672793880015,0.02949445428331348,1.8089173609937519,6.848680322826568
1.0021172216023915,0.04694572243512881,-0.7933568455267699,3.6983264130483953
1.060215366021918,0.025083159017922574,1.9319248767408643,5.204151382283557
4.5881009783368825,0.028739593676983775,-0.8559498553742239,10.11393508067043
4.9425655852617325,0.04540839061458792,1.3874981028545665,8.351262894360593
4.1189341564907025,0.006066277389287901,-0.031532041415417655,20.858125774342074
2.123391027754835,0.013062176741718345,0.7101531426646153,10.205897464300314
1.616027735109662,0.02498999902470798,-0.4652646366940921,6.4370261760137035
5.268595616950529,0.016685378997674218,1.2799742321231182,14.224053756098249
3.9313725139221507,0.03941781925528508,0.5061991459210247,7.994103951668683
3.958505810006064,0.021404514763731515,-0.49587048781186127,10.885714493635847
3.4821290404216176,0.04462918237742497,1.3762478711206692,7.070611170774439
1.7603992990541855,0.030274458218687596,-0.9820758791061107,6.103955984324995
5.770396440492982,0.018813344923076788,-0.8649406614809344,14.018895757805419
2.212067534624433,0.022130314873728196,1.0075407066230122,8.002936741669458
1.830482017625139,0.03980295827112771,1.0461899762275193,5.428365072547606
3.6374031877912874,0.036052233672494376,0.4009605740584403,8.040325347877479
2.873186620510627,0.04904799208925115,0.36112582595142984,6.12654024734676
3.5765946532842374,0.02816995273447767,0.09723590359437906,9.019569140895525
3.3693164947047776,0.04730881492198626,1.1622349627746749,6.755287844948968
4.286012159644918,0.04403684644918963,-0.4567014919585862,7.897008104150935
5.921400821480422,0.008652066166258089,1.5928207293685426,20.940946319462373
3.6906533531632038,0.031670297319339874,1.2059411908514268,8.641110271748344
1.4779358670326983,0.040756300694223264,-0.14649081319012836,4.820303741630619
5.59796335427499,0.0377116025007918,-0.9913251303284276,9.752624913120792
5.828420629934699,0.009321688807533882,-0.460547450926597,20.015762207438538
5.356191582032113,0.011808516591084336,0.9728041204810103,17.048036595473004
5.640925158736974,0.017075901361530036,1.9614591873381233,14.54880556519318
3.9104066790305683,0.011724535741976221,0.17303902311307007,14.618645184312742
5.730130342653468,0.019972449895747115,0.18882173139878367,13.558466425681328
2.5782170511500775,0.023570702635906344,-0.6243289725005796,8.371773375038806
5.716034822158976,0.029261758965806826,0.2643445995855145,11.187710205275083
1.2341306827793823,0.047862978421031634,0.7669723898847027,4.06466449954472
3.913623223504058,0.007128970354973789,0.5014374628006393,18.75513055291635
5.754352458784426,0.03441888233260045,0.9999214865779913,10.350083119928978
2.2757710348673132,0.03930092035184362,1.334183544050171,6.0912568404691
5.817289122586031,0.015056102072978757,1.6437038414406029,15.734322193980828
4.621031080079902,0.02015156416474062,0.5031853161999349,12.12157501850803
3.1404776081227124,0.01516714495680033,0.7091139453348358,11.518340733048822
4.025023577862296,0.013699910125796157,0.22358762858524672,13.72048126229171
4.683958389952068,0.01477192141386191,-0.8144965042941987,14.253844270332223
3.641638687745364,0.013299522421345758,1.482563985720812,13.245684119174895
3.6394436612996834,0.04086717030433513,0.9903645011150417,7.553951747338277
2.4582494270762867,0.038932403182331765,1.6038185964439617,6.360647921427917
5.843946696382329,0.024066452086453607,-0.1817310056176067,12.47357886990873
4.74020571443344,0.027223591188515063,-0.626954418569913,10.562576740690401
4.772299555820854,0.007727842603969135,1.5848569518838178,19.89201160344077
4.635424469810538,0.03854019292782628,0.5721430301939068,8.778732224660079
1.4689719893102424,0.012114103667064578,-0.0474442298562322,8.814650639664185
5.057142041184935,0.02826878980974488,-0.5156760403380927,10.706387486347339
5.646053207158069,0.04477764558345215,-0.11848037623732388,8.98847149945788
5.906161509209294,0.04394511733845211,0.33083620824830295,9.279858091382863
4.742372350475883,0.048396984466494555,0.6871697394234442,7.9237846424782905
1.0367777968599567,0.029276030216027774,1.344650056820539,4.763550134449289
2.154912673911429,0.01321933723466446,1.4265511692363937,10.220072731744605
4.555847167090629,0.03373338061570678,1.3338484031004891,9.30247753196436
4.8127026956187935,0.01449521491734497,-0.20286308647292062,14.58566307511767
1.4756775134465887,0.023328476133788596,0.6591067123027354,6.36643829479472
3.5333475384563195,0.018116388435522976,1.0041184223570605,11.17895881277957
2.473911939678514,0.033589688260662165,1.6469670948145794,6.86962643968157
3.7189310835752707,0.029465816151408697,1.120422414476626,8.992776865070526
2.373984727289484,0.04258040846583898,0.26007592545226066,5.976928195736607
4.89964835605392,0.005220347889246066,0.19491745148489814,24.523176445293068
1.3438972657998585,0.012673072364915553,0.6828497781106366,8.243014570728738
2.675337177036325,0.03953221324623879,0.8152965569860311,6.5850289309269145
2.7298828546736513,0.03881697683079632,-0.4318019968960154,6.712822148236749
2.6741675993010086,0.028085102735999682,-0.20785432457586905,7.810885878144109
3.216089790922736,0.014135133255722254,1.7500757760093713,12.074193148982776
1.0942872840397437,0.03484210195215254,1.7689253693708524,4.48598164651493
4.835641217825497,0.04554250811248026,-0.3301503773421832,8.248264001335908
4.434027108650691,0.03935696322395677,0.8593850950849216,8.496349544558372
2.9966220827937717,0.026521576835786268,1.805404220318081,8.508643090662218
2.328985335986129,0.025942639919201548,0.8674146524893114,7.584383467923101
2.2808361422113617,0.0457046248437101,-0.4168954409705412,5.654718090978543
1.553884210241893,0.010233719697745653,-0.03643980933179025,9.863625116588691
4.512248736105021,0.0060744934941579076,0.13495644239947002,21.816519675652636
3.531190441302456,0.011450207768984394,0.6942693677973981,14.057169327813277
1.59127085479277,0.0369365351667273,-0.1337274483209756,5.253974576560739
2.316671266396023,0.005967103228797119,-0.045257375024767565,15.772277890841574
4.83812208922141,0.026296390178116292,-0.24421819505866926,10.857612399991972
2.3676678696641327,0.03986100549564209,0.2604568604750901,6.169219962705701
2.0974843992921497,0.02944809075689843,-0.36480196809384646,6.7556133916330605
2.3983900658854203,0.03257127212045364,0.8889594800822527,6.868889621252082
3.870650893764404,0.02933923914312276,-0.5017571801665737,9.19414963323342
2.518884601176427,0.010210896099796685,1.6750874781582539,12.572342302813537
5.784268784102633,0.04979203070906656,-0.31042839398227906,8.62756625486869
1.4265433712767372,0.020525880927502974,0.18655198179485,6.673222065648759
4.671035488191774,0.03569599860369811,-0.6065313113621744,9.15673836254561
5.787463332087588,0.019689252321311655,1.036066646286708,13.723772296246382
2.6683483066760614,0.013463237261214001,1.8923186439246136,11.269132864749833
2.4750666902453897,0.047802854330589506,1.9122875734909615,5.759841435760305
1.6277613257514714,0.020839785269763877,0.12229423084586233,7.074450835245639
4.878715450552867,0.048188748932842654,-0.45508883909763664,8.054227794478713
2.0100607921688827,0.020083377512550106,0.43733120577171647,8.008113318466616
4.601395196383517,0.012825847944571128,-0.23594758030277885,15.161623703211825
3.8833002584287613,0.03515118601439911,1.657339938812206,8.413457090635195
5.71294141386742,0.018314290698909517,1.8552990700323648,14.137702001468577
4.546557038210022,0.006267871667036336,0.9512954382084726,21.55883376200082
2.557582569365307,0.015093439922318961,0.7534178711497339,10.419927715816346
4.65554863667177,0.0149243823105011,-0.11595079380783624,14.137780706533192
3.6017534147324954,0.00963319905601883,-0.19025062659797543,15.47803095192371
4.129603695083809,0.015218041199267583,-0.3366949194089448,13.186173927910808
3.752476105756609,0.03726090656710849,-0.7033291801098474,8.032971920751283
3.4952228625406976,0.04074611494040865,0.6914529737212045,7.413756588319182
2.342259746919404,0.021302233646337893,0.1250861555142393,8.393613071902363
1.5243089915502903,0.011172086702926852,1.4486551250425759,9.350037371315503
1.7363218974212988,0.04781061478029767,-0.2709426229189771,4.823885011117915
5.530086645013516,0.04407042362833501,0.954287051803828,8.966776502007665
5.343952406909502,0.026242046463278806,1.9185206091123055,11.42290146396836
3.465929447792497,0.031172502475951262,0.9695972965032977,8.44049689938798
1.3634484264030968,0.02448445221424677,0.11566893024585934,5.973352597270457
5.55492759010404,0.030849846151307966,-0.762429263860437,10.74129612005323
4.907295610088583,0.04340170102413002,1.3002039325105486,8.511610160788031
5.8471438329216525,0.046464627379505075,0.3354213773488799,8.979551569157694
2.0547218999694343,0.012669045816970603,0.4098496169713499,10.194092294644717
3.9378929521817527,0.005994007651592959,-0.9704800144660091,20.517162410244243
2.130097490090442,0.04788627055889827,0.671987660654032,5.338733258550351
4.702111407276538,0.048213137059702565,1.6628447763749863,7.905106984004552
1.0714843651937027,0.04829648196989861,0.9843753568777405,3.7703282354096244
3.521934116644034,0.0296484209454098,0.8842655034900544,8.724364852296253
5.679974711879791,0.007404301115229682,1.159132539646242,22.170483004729697
3.8607797268129853,0.03410687092048946,1.5992138221117709,8.516488473375102
2.049134713436623,0.047491602438271774,1.9202169789671282,5.258003044244415
1.6148763681521454,0.03241742648536827,0.5510990341030557,5.6496866615795005
4.140087381804046,0.015920325704323925,1.9330058965360388,12.908410539609328
5.870986107306053,0.007245073069812936,0.5197010811641121,22.786526671353016
4.2094526213623835,0.032755899746825,1.8770688288934618,9.074277076292757
3.4365583205285537,0.02993388560224748,1.5153971076009323,8.576780620543047
5.511992060905189,0.009030107424464348,-0.4906358342860184,19.776608805995068
2.903715956739121,0.018942451765041366,0.09778515240193286,9.910668740370394
2.712447846611857,0.02674490361260877,-0.6375514996976688,8.061283031312085
2.7678644036670184,0.04946461903601163,1.1940987455224832,5.987824468637141
3.553871223629164,0.01526828752897997,0.17721132896823577,12.212361971788999
5.960507746553155,0.020332474872076695,1.2661099522657127,13.70536152394963
3.5674068415521036,0.02339232756967487,1.6154541240050335,9.88515746384012
2.8861541465637632,0.046282936421126394,-0.923226931082478,6.321109280295668
5.022714347705437,0.04519832227096464,0.5324546224940625,8.438243865084427
5.670511117980343,0.031383600895871513,0.5384511061558612,10.759787807428927
2.4169806862139414,0.02638348951268736,0.2660063301411755,7.661511575413726
1.7797289281252076,0.02257199517443049,0.016698560391119166,7.107812210518689
4.855942366497169,0.02718104631165869,1.3399101983342292,10.699110336116439
3.243627035441457,0.027266281851484702,-0.14180646992276857,8.730648137988808
3.647534321779306,0.041900529987217904,0.8563635146654858,7.468509283205747
4.937436084035916,0.0409779444700653,1.1036486113499846,8.786575563287748
4.48558778874156,0.021966499150457328,-0.7536874114029175,11.438609820596549
3.1212891056083714,0.008213815755984939,-0.5436323125258143,15.6040922623543
4.740781875390757,0.04861268636112487,-0.35053446912480046,7.904859697288996
3.609523549932674,0.029017313659089432,0.688177069405262,8.927715198327286
2.251874262168169,0.025124809507715878,0.7714411299832222,7.578175687620779
5.125182353739061,0.026419270402743434,0.17556418793731465,11.149059696513499
5.592694465484064,0.04240526380799077,1.3721247703890995,9.192733120876094
1.6355210830532656,0.04729207754406413,0.4702865097934994,4.707364920655608
5.842306475266758,0.010320231395652288,0.45263952344414626,19.045458834858405
1.8984888122934465,0.04696070228246517,0.6746194140408401,5.089565634054501
4.053036191378968,0.02688402134716829,0.32055406027868694,9.828497121778609
4.032338991378904,0.03420982413806218,1.7183240426600515,8.690546478134435
4.995518149657046,0.037410350267834284,-0.48031303233674194,9.249928443370703
1.5188738811513882,0.025197303583979244,1.9990210433175175,6.214809378609238
5.359578983703419,0.008799777937734449,0.2359149482959073,19.75483792866404
5.837425724177442,0.033974940337975906,-0.11894592791668712,10.492411678371173
4.066541927134735,0.04844134059041303,0.4503299121359494,7.3341289263648
3.8824264906701806,0.02213196479910904,0.20780239936716427,10.601946909830474
2.5117426254862423,0.04892022505147984,1.8368089659012456,5.735711973162627
3.0486621724156393,0.01602885680360324,0.12540196251251667,11.039448206110691
4.181408785115288,0.047565971550499214,-0.85476749252044,7.505110960311942
5.764409726754495,0.03286240824576988,1.8305949424547276,10.601607406771237
4.421379957503367,0.027761707881555468,0.056147764404014255,10.101824490168173
1.214676420841956,0.043949952403012846,-0.9225424562771063,4.208187536159783
4.807104281921054,0.01396038092955492,-0.3713095495815687,14.85378478142504
3.5128211597940857,0.02573040809273716,-0.16326985625770507,9.352951291492172
1.8494412519639873,0.04169140104662404,1.9864897710040195,5.331396898020261
3.823672083691717,0.024678681329417834,-0.47576072154023474,9.963761762756894
2.199982571725065,0.03063941296582977,0.6540014847879789,6.782868380601345
5.218919266238369,0.04282466129521905,1.9431987032634819,8.836643015808626
2.5959775018601503,0.014684975420417173,0.09941300742514114,10.6428475163005
2.5704093531374665,0.014078041573678587,0.33576798066224933,10.816182699378496
4.912337747590611,0.01361253730647637,1.6145036915787032,15.206125053593398
5.747203306414453,0.04093050516425559,1.6782239393842682,9.485248594689557
5.723273342597888,0.046414448294895744,-0.049259837940287765,8.88872842572969
1.6783489373410991,0.032603312172639926,1.604811430403498,5.743204194792717
4.648181937732282,0.005004755730436137,1.143290728335312,24.394622748533806
1.0899731099811034,0.040362702120823664,0.377943171475277,4.15969765407572
2.7719737091909775,0.049463596569356144,-0.5471230310481834,5.992329660203776
2.8678052261448004,0.01689808667953253,-0.4480257518407146,10.427976622428423
5.1439115032526095,0.04740965055526263,0.545566332462539,8.33791295158741
3.200191197933857,0.027204660457500758,-0.9578656537734793,8.681810416745911
2.008289033472811,0.0433648900970741,0.635188908478896,5.447383776563296
1.928806257481059,0.03684493409457002,1.4689082243065141,5.791611221035526
1.7134137730221264,0.022367469922155433,-0.7691819401909893,7.0059443859505635
2.5372274819297074,0.023024713756267447,-0.1980432719743621,8.402849269974853
5.762543507609563,0.023017719226593878,0.43327839242493704,12.665430447591904
1.7082648828672964,0.024291054547134646,-0.6631998826803579,6.712718134760922
2.3647911300087165,0.0361983175605177,1.832170220394847,6.469879479698425
2.231949011078811,0.009084174362293869,-0.6541596987955722,12.547100985359346
5.699449128681535,0.01607871134603466,0.6849455925501882,15.0707481129398
1.625498528176852,0.022849712458495708,0.3775818979235934,6.751447741024832
4.0306557349569525,0.04988907833543452,0.0463539524073624,7.19497190295558
4.666318110176311,0.04265274256666053,-0.13423840958670963,8.372548654312958
5.9860935884175515,0.02661952331631564,1.650517598585695,12.003713018001195
5.154699075350922,0.04063979934387083,1.1436772626665235,9.015085928991375
4.822655694105096,0.021593888753922333,1.749088475418791,11.962492775955365
2.4158747037570008,0.006396395504183104,1.4761533235627935,15.556558921870343
3.5081182289394084,0.04324873560132983,-0.5243732416081573,7.2093214911632995
2.4850391122924327,0.022223330757919723,1.5755393121567556,8.464591987081876
5.338955312153153,0.013543203595463165,0.14670369269059358,15.893202941524478
4.715418828589349,0.029107867327447627,-0.5438977660674154,10.188234512651599
2.419270543669632,0.04874992604802852,1.40899904013878,5.638962778570981
1.1420357797423932,0.03872709064069794,1.9895689222820483,4.346867566252112
1.451921874189396,0.03460094697051344,-0.08247918673724808,5.185272938637326
2.319725400734585,0.017263652119098107,-0.6492584621682729,9.278888173333863
1.0107669723409336,0.029239136069368794,0.03152358466532279,4.706382741660246
1.386333226376435,0.01975189548803473,0.40527114651479,6.70615236270965
3.8224206127115483,0.024702392476606175,0.7825356533253061,9.957348746004435
1.3053579259380759,0.03847741575341571,0.3477679519763339,4.662360459929532
4.7672110524804765,0.038550936207888416,1.7693724516012774,8.901408146183961
3.7844442530249,0.03957346525623927,-0.5227618040891919,7.82785919917001
5.632248599411268,0.045203671900000186,1.010798047261075,8.935071672735626
1.227456252466168,0.03297206049905214,-0.419104735885266,4.883980900831624
3.9003584622857486,0.031094474737887578,1.433554989595554,8.965089686874618
5.562944221866923,0.023005764630178786,-0.3274347124199506,12.447381667711364
2.6081601976845104,0.03363619042378435,0.36661175654806666,7.048678787863799
4.664316097782742,0.015146973331704863,-0.19660011303386316,14.046723917865414
3.150582935159399,0.01875727976543318,1.283260950332104,10.374197697019815
4.817362380673004,0.0320024506637006,1.0784189511360727,9.821029821792811
2.769816449174745,0.01311548859566639,0.7195975668735826,11.632612134996592
5.16297033800713,0.005451178985980144,0.12064613120901146,24.634774072971567
3.3314671815918535,0.037842247217851996,-0.19816094093267367,7.5105769510909415
4.259049064619296,0.030920053816813384,-0.34358487846805597,9.394641039368306
5.722408890244986,0.020076834740960742,1.1708367130436916,13.514059011199961
3.0371872631549515,0.0352126958491582,1.474021719048424,7.434129754308938
4.001164567440391,0.04040429049283481,0.5323509645236375,7.965690979378776
5.479217235377834,0.04128865989474778,0.32549587483478337,9.221208793939624
1.9328679970741072,0.015263632993907452,1.099066849622223,9.007745967154525
4.086862591484779,0.01640483886852653,-0.4719732449686229,12.634353479515232
3.05986566665196,0.014797638373531988,0.7379151131104633,11.51062658247577
3.349816903101287,0.04895251660162549,1.1969022920195518,6.621662065223898
3.3353781363805655,0.025589534911294617,0.16583743550953156,9.138719178220676
5.749930927564993,0.025177658840131907,0.4761085019994864,12.096720084790318
4.792203005423724,0.03530792039765826,0.696302520336713,9.325572953892399
3.8810465142655213,0.030773650448864667,-0.06688786143821346,8.98936273818534
3.5375883515133664,0.025900643693180538,0.14767821572204953,9.354969126892366
2.769150407833508,0.027423228079705556,0.8316613960294965,8.043739077469041
3.7114253514580398,0.04252790443322833,1.9816959598942576,7.4778605675513035
3.924474490801478,0.029369586252227083,1.7329083823282017,9.253069640757438
4.081647230465869,0.034926983210802974,0.08105421280476421,8.653288540955948
4.124070814928333,0.00878877790512445,-0.12728074897206776,17.339748808171638
4.092957736673171,0.011200783079052787,0.30231146977139134,15.30165572886301
2.775418913755776,0.02285842095669784,0.7110906641260968,8.820336385212281
2.021865688694401,0.0351656940561552,1.1459356190016354,6.069606612220938
1.5457878421191311,0.029999166254199346,0.1580133819254912,5.7459830546476915
5.246275147876506,0.04013453593287262,0.4497549530779954,9.151881725692629
5.845601575400574,0.03775240175033918,0.365611107488371,9.960618404569118
5.726830941696053,0.02586678716019808,0.6936858001655195,11.910498158771613
3.9699926451327214,0.022070100221687327,1.1480185812124852,10.735856259068969
2.266880739766574,0.043304454156041644,0.026347737287552242,5.791513081240902
4.481340471914252,0.022492472889393343,-0.25909759383312747,11.298722889039585
1.3081866881110797,0.049043750355598145,0.3901378854322761,4.134157480005111
4.059285064661163,0.03347419620086127,1.5796761841737341,8.81482483339634
4.878060520102031,0.010857669264239103,0.41350332417779345,16.96677409932647
4.9960231237890556,0.0402557110348089,-0.05031869694150504,8.917486461064838
2.0845793119495455,0.019627945380605475,0.6263140815458392,8.249274988931111
3.1872619719292516,0.044913297309336804,-0.7669955987474175,6.7431900544518895
2.0098448662595194,0.04723261310157927,0.17135372165303142,5.221608078025358
4.275966412338845,0.015948149520071026,1.7669662848470145,13.107080989348548
1.9950506135752208,0.015516680777420529,-0.18372165815541142,9.076565289545925
4.908873890631635,0.009833767982028499,0.3131530507793374,17.884423636566318
5.893587922572768,0.042263725473982945,-0.8535289461867458,9.452571798628655
1.501130002380663,0.009518431277387582,-0.5939337465186798,10.052416004475099
2.7041755109818686,0.027701593935958283,0.4517766873150748,7.908771863113826
4.982991630194186,0.015121142029223475,0.04739797736768492,14.531042475473946
4.436343019199294,0.01584410058959963,0.6402584303455379,13.394384248801202
2.1161292527379016,0.03839032515310262,0.6449108454809878,5.942978921218491
3.05072972420995,0.0472536605345137,-0.8044373568155402,6.431734787357978
1.5436360115300691,0.04417431915979035,1.9258342262510517,4.731855875336787
2.4202323644808854,0.046200230856097674,1.1489617635644969,5.793625900587646
4.708457940548725,0.010678138609617855,0.2134459550761698,16.808755515462636
3.111259878857711,0.02401102001318737,-0.3932777754732315,9.111855610540438
5.397757095923295,0.022989461225906133,1.8425944984590577,12.265528375754327
2.8977135402665923,0.04803743688350391,-0.4325130187993169,6.217013370363568
4.70769744326744,0.03595720017591254,-0.17723787867827,9.159153291328554
2.8434067380912067,0.010963266607836787,1.0494418168872373,12.891204445886878
2.390680026423199,0.04046960584836789,1.8850862240354314,6.15233859578945
2.8204398257532315,0.030790712599532526,0.9457693238590696,7.661124832911258
1.5449973512001876,0.039209100493782255,-0.49331403851467037,5.024749547379479
3.2745696523747263,0.047241587744561025,-0.48081706573546856,6.664366357119769
5.429189574880339,0.010246488850097676,-0.01419902710856924,18.42569835359221
3.6990526511574804,0.008846185719466892,-0.5125223085922717,16.368588083481733
1.4661120632332603,0.013145002179308085,-0.6127442778571113,8.453707986724176
1.4780529714446973,0.009959621417935802,1.2091366563652532,9.75141352753141
5.283908401222325,0.03270559620931975,0.5362157837065304,10.174441864329113
5.148789606333634,0.042115065753192536,-0.8764962615375556,8.850704090797658
5.833713276396911,0.008777313565634888,1.7321002056511667,20.636484846760233
2.339423724250116,0.016794964322904983,1.1053273080227353,9.447325781383281
3.4273967424087344,0.030025012946152473,0.9054283985113161,8.552332514041789
2.515651531631302,0.024467461142100872,0.8882705060102494,8.116611841093542
3.385122776838017,0.029766481649951222,-0.7345953669095254,8.536256370212598
5.93974941317627,0.013080254291021904,1.486942594703895,17.05767980276373
1.291134678463345,0.03860251620419293,1.4135258192536,4.629370669388942
4.393173891087161,0.03544468974730582,-0.447507672951698,8.91163923832817
3.807298732278138,0.031496797611256046,0.9020800020823112,8.800741542104017
4.4429486512892975,0.03971033242488362,-0.5382681056967662,8.466967161189029
3.3595777508977385,0.041016294744633,-0.26584721736723615,7.2444951380829465
3.9245780017482117,0.03246071121659547,1.0292369496401101,8.80159653859339
5.228427042916886,0.038237283241671624,0.9584457412283158,9.360218823855158
2.669297961313408,0.034777403013692185,-0.7439509219967344,7.012840203153533
1.2631044668947595,0.040517035372750546,0.31230318164774284,4.469354413223611
4.255465075551002,0.04086958577599173,1.4915857363587044,8.168031181717396
2.383547012015991,0.028541038974117548,0.7811959245819333,7.315111690310005
2.3135496135571603,0.04796601763156666,-0.8564116022769376,5.559254636993506
2.873851926300798,0.04938911715472157,1.9146554811240901,6.10605275191016
4.9250002483009405,0.04897146973632995,1.430267476741263,8.027411918666182
2.6699780195302774,0.014050624469056208,-0.8240037789280821,11.034432935573056
5.080861535195737,0.006972459183052657,1.5214276045122426,21.608254148559247
5.102312970525595,0.030828294200224624,1.2779660648275408,10.29799767428288
5.941140124928726,0.007119856947591783,-0.5926837713245362,23.122950718085622
3.306001946326374,0.04596556100984686,-0.5489087508179282,6.788584991792282
5.295029440844137,0.026680202783299616,0.025111727735096956,11.276741270413824
5.1849890369094815,0.023651781731433914,-0.3329623070865786,11.851845453604193
1.1808647179620713,0.011395718609083158,0.40562233328966224,8.14841622315909
1.1743748483859338,0.014011471872896742,0.5200954283152623,7.328337813693621
5.896547067903748,0.04852827015282209,1.5196043675984328,8.823593034345773
1.1670467532769198,0.037096168927840754,-0.9863635104933955,4.489764759495872
4.497675236057489,0.03771635249315974,1.9849032152133095,8.74124299660864
5.1634408155059655,0.005609210852787202,0.4185589718223912,24.286375673164088
1.2481944223555468,0.03609969552970059,0.5652291055868375,4.706882305428866
4.90590172962165,0.030594483527858013,0.6662363689019308,10.136355857231926
5.80386951067339,0.035409627517715786,0.6980170468851836,10.248071111870567
5.391260460820642,0.01151291903203332,0.2099199599442776,17.321935672549
2.3400712981409857,0.028260400661753067,1.4724496676139571,7.283990610107036
2.136658006976913,0.026180879367957065,-0.12165356571610386,7.2313500030262166
5.912112367784708,0.03021017841667526,0.6974052123746461,11.197954140036039
5.094471637605714,0.020560772787654433,1.1960032712817323,12.600095801804533
1.2426475526075524,0.014337060629376803,1.8432013229133166,7.452258537113608
2.5831766725029017,0.005865412428289766,0.9101511235484567,16.79854887374536
4.044634725161446,0.016121515642146343,0.033987205690445776,12.678874653339719
1.473900910449782,0.04663857107223885,-0.06533416962176197,4.499927485333838
1.4283643665279904,0.03182157108378745,-0.18720249390900956,5.362936868142329
5.467202628913919,0.030092550097392187,1.766117840239966,10.789394648362425
1.757309054879108,0.045684080998384745,0.07996379385881958,4.964615475380008
2.0602531073774464,0.02292232508574195,1.2427568974570042,7.588832110405302
2.05158454353419,0.04563745579945588,0.12898145099181457,5.366955400283115
2.688074307151161,0.013509256736727777,-0.45578687981540034,11.29142871273895
4.705222959937027,0.035508515661883636,1.733754197401395,9.214416405763078
4.25988832121288,0.005898504852415284,1.4079171219572015,21.511570888684073
2.1074032791062507,0.006320973380089841,1.8388149584220157,14.615909147611482
1.8556102514056152,0.0214284198565633,-0.335118834118048,7.448902636902969
1.6394933803080378,0.025927526678417308,1.5696579503672172,6.365291228855201
4.545296915526979,0.04368416493780321,0.8123464309726995,8.165129925497107
3.1547385271181296,0.03885432284365753,-0.4911189000502211,7.212835081084396
2.9369019509793146,0.026922657486303087,-0.2986473116483035,8.360451860746107
5.068110596492463,0.038902566620868544,-0.8130569309106472,9.136458879226776
5.853722529574803,0.01623906123369144,0.6384311400822336,15.197760505156525
2.5722311191787863,0.037059711891619315,0.6078372393975169,6.66880416832881
4.334846987875043,0.01107095623075667,0.19741495545330645,15.839384776205032
5.661502279536693,0.03656241245089212,1.9514175830960485,9.960758512242698
1.5361871065961072,0.027766944873864906,1.0169176358187078,5.9539063400022965
5.361468768104176,0.012658149367573389,0.5730287981206224,16.474064875029562
5.549851066886862,0.04525242602050166,-0.7045873746434624,8.864693423866736
1.6966546887539782,0.00848892886360407,-0.43990730419539925,11.316555909841586
3.9653383113921157,0.010850643096687214,0.73230417577686,15.302288067550068
1.9171904097664387,0.03538411802041338,1.5274013969726066,5.892131437451403
2.750958380798608,0.005555209875862544,1.0827079599390874,17.812946523715375
5.827725954535251,0.032468205192827226,-0.654004145965638,10.724187766557058
2.1154660990130796,0.006621585621519937,0.33828005383261783,14.307574802861009
1.6517147839140027,0.005929238003330845,0.2809991338102398,13.360172819520434
3.2449017412168333,0.015456116552223814,0.8446041894331575,11.598306275611389
3.8419335391395553,0.030872224247758026,1.813417028384682,8.929660622139552
2.1609804478578525,0.04349853211057989,-0.5699059017067203,5.641987344491515
4.789864201527876,0.03268942784225443,-0.4890795074601886,9.689512570930992
1.3555091987815433,0.005121800831958015,-0.46723737238581964,13.022185607331023
3.1079943530459557,0.028594635978782253,1.6751707829302633,8.345297322972826
5.283425499440558,0.029391922843328807,1.6314067720598127,10.732175951773863
2.4388087762952497,0.03201273915185156,-0.7907019699896661,6.98668955563635
3.6973591917855355,0.0427549654439554,0.765417286332208,7.443831462680798
3.3328756820398864,0.008326959628316703,0.16650878825090243,16.014386930285145
5.489162187599998,0.039765681584272364,-0.949478372134707,9.404653643596424
5.524439780503373,0.04410155960263946,0.4919180171529782,8.95903302756528
1.6991174570292216,0.021012208827938837,1.1574284687133796,7.198132497090308
2.6366187309745563,0.016562911372884,1.1134227274692363,10.099487064092632
1.4846106720667944,0.036587673473133464,1.6661224513703354,5.098974986600647
5.2582066464585315,0.031246097024601502,1.7950883587990338,10.384005897839637
2.1598894297328526,0.04205426602370516,-0.7814316642942296,5.736602006216387
4.546037147176193,0.0062887316591338505,-0.49307917473008733,21.521817677564812
5.289377453255975,0.03592718810993392,-0.09436513058103846,9.7125810423727
5.226734193787645,0.039073619269348166,-0.5834735227515581,9.258004270526063
5.792285515924098,0.017371045245581883,0.7301327759360814,14.616924191426037
5.125851423802699,0.009283141396995119,1.415173405017335,18.809597998043746
1.3027468359126377,0.025795800597536406,1.466008782475785,5.68852272859989
1.3000525097156532,0.0158657139510429,0.7356352758757732,7.245938218306794
1.3292094301607433,0.013838544015828493,-0.31183166762661507,7.845046043979366
4.0715921344708015,0.013098818380549597,-0.5200322500322303,14.112698478334295
3.69350992090655,0.007576937157337366,0.31407564630084983,17.673264696966438
1.7068182892549109,0.027530191950725733,0.4815370036804345,6.302792563324547
5.0623835266455295,0.025793400091325937,-0.29621525862889375,11.214172041216482
5.087142693219953,0.047448853899338575,-0.4132014817411498,8.288350076912923
1.9813558283470207,0.035803085863594174,0.8685197116674097,5.954770086963313
4.85443571381766,0.04977841822092873,0.31153776571939007,7.904835209907867
3.60698307620939,0.043411421318534066,0.2965618729237116,7.296490804173779
5.35674810117865,0.013528542887374886,-0.9812557320610356,15.928287667278138
4.63867188020145,0.04548252328884981,0.6836657526298779,8.083855487672833
5.581450120338611,0.04935187916629362,-0.030678954899853284,8.512667427794518
1.9793696105264387,0.024094115383606785,0.605247651676962,7.255242717380337
2.1120603348768956,0.036151518567452086,0.2470913262214649,6.1183438066018745
4.284005484133565,0.012779974078166143,0.7042929074573829,14.655613807704649
4.167599568786379,0.03270953247531483,-0.8419095078760042,9.035450553858295
2.955993930716269,0.018192168097058335,0.20866838724376402,10.203602431077185
4.635823915304162,0.021381410741113608,1.6742147093097342,11.786619868480274
1.3133532572575122,0.0492504100360734,-0.3042112256626376,4.133613264783117
5.642102842500351,0.032938278701006844,0.9764626523177946,10.476447447418481
3.0942691225799503,0.03332865555975564,1.613409659256822,7.712836657550041
2.3017677037184843,0.018905583305183528,1.7560062206548097,8.832419645904691
2.880820341990046,0.04594782763096095,0.8665816324891957,6.338253218615043
4.424704173389355,0.008109391080066895,0.09264009939805673,18.69786359555181
1.1548257533556523,0.013672003155326656,0.39075518577072055,7.356752490253499
5.521641875853518,0.03437786518927078,-0.5147700416497352,10.144687079627728
5.740546727571168,0.036585109590850186,1.9559246771759504,10.026940498632714
3.1283597515379307,0.00611935778770336,0.27149459288564115,18.09878460230565
2.4842934056693644,0.020191396569947,0.8997325896938744,8.878963152583433
5.685062016369011,0.020713960212950005,-0.9470207302362701,13.261114478081282
4.3714104223210155,0.02262781114159147,1.2656638690517665,11.125857898379476
1.752929198701584,0.04861469974227605,-0.9511936835532483,4.8066486014569305
2.7596250665098907,0.02464192040078264,-0.7781420210173635,8.470942915502736
2.1941753804793525,0.010384272470059694,0.7715932184997174,11.635676040425404
1.8136123574049585,0.046472322247557936,0.28020528092598784,5.000564522688488
1.2904120249157236,0.007615543492818766,0.7833728770018036,10.419760555836
1.5566507036663841,0.03214089859896585,-0.40266618736675797,5.570710230927077
4.81920536475878,0.020447467366458257,0.8322781256677536,12.288869849654546
4.270689690203131,0.04269843135191832,-0.8980580881354929,8.005473751302366
4.760587983891619,0.011423392440028463,1.5306269595862028,16.340928861678954
1.280897450877106,0.016648287700114027,1.773419391063714,7.021281482932393
1.7883323411664755,0.0418939615053569,1.023318291491762,5.229888024018144
3.0713136063181508,0.010035950422927865,0.6497747720270386,14.003184726857643
2.365009696865065,0.03351824761999604,0.7545709033050332,6.723877616083544
5.518303565455574,0.0094413340522565,-0.028811265624941962,19.352189207708175
2.838342123537339,0.012240397928974134,1.7462262168397293,12.189295136583848
4.431881812068319,0.03920857940434418,0.20487852917235516,8.51035195502417
5.676114273432976,0.014707528716262824,0.39721521586537456,15.725327622615517
5.273986897683185,0.028370594981521256,-0.1506882088412531,10.91388293396278
2.656272394902228,0.04775316537142017,1.6317327893728697,5.970067093624764
1.203183845028414,0.04667766088656091,1.6907675304997412,4.064016321953057
1.3370792408426326,0.005544390856356681,-0.5041301342770679,12.430701661845008
5.945749710531727,0.024777234769150884,0.986241238248535,12.399977110475735
1.0640637095647978,0.04365050647441562,1.4342472677439884,3.9521476566530076
4.618417757839886,0.03103338249933501,1.1094254092432068,9.765085265286439
4.718002578982729,0.017544728966510294,1.4027296837519847,13.126524240987647
5.085491927819017,0.03634600108216051,-0.7515712980176978,9.468521219295148
1.9692450506445682,0.0070060620615442475,1.588790020879288,13.420134886945874
4.691840803442172,0.005798348766071593,-0.7052246927007314,22.770022330010207
3.8514597788385663,0.009094712246416628,-0.21007402598310465,16.472601483333705
1.9005657025004754,0.011351938744722375,0.09852793426424955,10.357392015265221
2.380933414262851,0.005342190865778247,1.4178378853536517,16.898879707783102
2.3244961465105893,0.0226731847137974,1.5173727302556124,8.104983628280728
2.5603480229884292,0.03758459015049256,1.5028823070587696,6.606760770911541
3.570944138050839,0.03865278275688402,1.1472612530285415,7.693875156026682
4.76281520317678,0.04499736634892265,0.24322132665519347,8.235354668837036
1.1435698097907556,0.0066302302418019396,0.40421320103637437,10.512621433444203
2.7688482122860716,0.03286769833093237,-0.10596270686840081,7.346981018856309
4.76766158933107,0.035502908975647236,1.3675789498241984,9.276085242786717
1.0330757537275854,0.012302848159251246,0.7308471364612501,7.335120320294491
5.424032244960387,0.033829891453516024,1.5318627054065326,10.13572500093268
1.9090276484929223,0.04887366195834179,-0.2516356804466666,5.002794440717067
4.252809367783377,0.01567216770429937,0.42097064282891505,13.186131805118144
2.5200045374100086,0.045568375577966946,-0.38921224069873284,5.952684671996863
3.753195413706151,0.03171194710379479,1.1323765073708323,8.708294826323058
4.373708410356639,0.023622707341173593,-0.17385116117141974,10.891910595356524
4.876298385307681,0.02373187770569366,0.9179888445836171,11.47421742860014
4.075790071848099,0.021859769442916736,-0.9684476482865998,10.930174731871478
4.072665733544252,0.009355501641664325,1.389038030128844,16.70128293183841
1.4063876637946586,0.04870278550773081,1.4595161345840957,4.301496891522816
4.483067409691404,0.012787885292239724,1.6446434776133891,14.987605677595058
5.136960950498672,0.036811516414852925,0.7285479793431735,9.45595219248522
2.573800744888045,0.03655726510511742,-0.942855809096061,6.7165244765845555
3.4118502147687124,0.03733039260431272,1.1148677014067792,7.652576669312279
2.9191934482064212,0.019581399786674863,0.07504052259328864,9.773577484195707
2.8866286992243326,0.01274496079844702,1.0983626537934716,12.046758392209442
5.586983610018619,0.04320154895472739,-0.7055377044488849,9.102968275897979
2.6411087143493113,0.04575265898012182,-0.9355230598558291,6.081755540104352
5.346300927378016,0.029526167423799453,-0.6335355081272998,10.7712759149273
2.744274319452319,0.0050698465357349645,0.4937034668890934,18.62345885511774
5.9368800253833625,0.012595265681653083,-0.15873020110400504,17.378786968918536
3.277080284307221,0.035149794661791335,-0.6686839938797319,7.729050308961305
2.223071350200824,0.04366526824645001,-0.4744442025228268,5.711532131483156
1.0059160205598456,0.04975499375198891,0.19268799251110025,3.5992044255889213
2.125415883810388,0.010829665160708787,1.3204430615514355,11.21394537245561
1.3964616278479713,0.04954329397168585,1.3148181535653416,4.249776141265831
3.4019235019397884,0.006299605501236831,1.3614467490083704,18.60156930780999
5.747525945564098,0.023069968087508882,1.7704367596697557,12.634584463584433
5.5852125603618274,0.031071547526087866,0.8542655521335822,10.73204291784926
1.5731855854732673,0.01489804496377892,0.11841324899288974,8.225632995612438
1.4018079437629023,0.008531812669953433,0.2038029435568891,10.260477975172739
2.0002606473014453,0.037317696464893246,0.9012729186904096,5.860435239848552
2.9521470601592625,0.019941057571104197,1.7034225864381498,9.73954996728142
5.374259010550483,0.006218984909319497,1.4165995694128393,23.531170730364277
5.018884219714328,0.008439174490723112,-0.8148863346885103,19.520799238692003
2.6845727602751825,0.04499476121555962,1.0431610031596308,6.183019321310718
2.9512775924996095,0.008929536933787664,0.07237467938520181,14.552397566855342
4.326823809785092,0.048957855579931486,-0.46407101120523175,7.5251888222970535
3.9885781152624147,0.037292328290641226,0.30054258858143523,8.278340610151542
4.6105049120409225,0.030129911501641665,0.926776014887756,9.901917560068767
1.6196462199548993,0.010976591676596158,0.9194860957022097,9.723448450817653
2.0712111227221977,0.04173276798106549,1.632282776085324,5.639201059335673
4.215045457780922,0.012143929895191596,1.4888394548620223,14.913016396242577
2.894203334916059,0.044405305255432154,0.25280590937387837,6.462358986734952
4.087128045187324,0.010436092136569524,0.1260169840772427,15.84105709702649
3.5056283957446315,0.034428765247775786,-0.7904586304996982,8.07729984462458
4.596807816205578,0.03744641382903273,-0.3312827659555957,8.868844636433924
1.7772210426271258,0.04552696984018408,0.1399052765753761,5.001270450216022
5.657730312279696,0.018014932602247274,1.4934244551744325,14.18563528621081
5.239399750536515,0.011526760967335098,0.33173644012343884,17.06597533657342
4.152240171191584,0.00959519893514314,0.9795389682352695,16.651686695008998
2.5989688096777552,0.0448341167762527,0.9847866994637695,6.09452992968883
5.989360566102448,0.02148057635740504,-0.3870442910681269,13.366301531127956
1.697892800092672,0.033976080652094856,-0.7731112599952545,5.658645451811095
4.507455394942246,0.01362900467821293,-0.38226656684197746,14.557192944138253
1.5552761811129883,0.030002610489342718,-0.11116240854209447,5.763260209240168
3.917563514390531,0.012475859574100773,1.8397921975233942,14.184589568272479
3.648447476979556,0.01782168225274356,-0.45005162958522815,11.453116830178585
2.3878146275908736,0.031337301030560476,0.8228077845980888,6.987366109813088
5.020076474412652,0.007664016643126499,1.5094473283533167,20.486649471847862
4.24274550618072,0.04508556258738658,1.7114962319054445,7.765130058813792
3.294796944071782,0.0066511174976088905,1.9567542104824631,17.816032937658182
3.652544850312659,0.01247055399340049,-0.2859865457568479,13.699316356973885
1.4975517232024416,0.049241591804136536,1.4433453632800526,4.41437133973111
5.978706448563388,0.01642204929306004,0.283340684427692,15.2733368166643
5.8022774424238825,0.04524171082960711,-0.4335368958837671,9.065123508914763
5.376477000821572,0.024158119087786985,1.7227733878809168,11.941567201816987
5.517728925085679,0.02696349898677524,1.0427067268497372,11.450805702890792
1.3429331114713459,0.008706553066745554,1.690636863722876,9.94141159825047
1.8268703673761202,0.01074794046523397,0.9307794169553745,10.436027848948203
2.4796897783879914,0.03387865535291136,1.6435856248040261,6.848249638121883
3.141026142897396,0.007297318350724102,-0.10421656683561986,16.60726511542294
4.216728450277091,0.03960326782015944,1.3273684005970625,8.259738451932686
4.968611019411616,0.026276508940079574,1.2320899191351016,11.007220243036361
1.0987712151084537,0.009734774430278386,-0.07780684324004938,8.504223788960038
5.4068915840452085,0.013826374168650589,1.2892424264110955,15.829371353312865
3.798670023920835,0.007477320834051195,-0.8382456580242129,18.042086754254882
4.985508513040319,0.030424746964962054,1.487978766828816,10.246728597530927
2.4724697350193447,0.036268085150413236,1.8726927706922911,6.609173737673598
2.5317611069325716,0.04434015681083234,0.7432981785794641,6.048626103068782
5.015183881339579,0.019436550461155496,-0.3579666723283028,12.858130379887942
2.2552455357689514,0.03532708453569065,1.3453533103062374,6.395684132537642
1.7783965824980887,0.03193709862366863,-0.5014107097462096,5.973248291801903
5.324545380885754,0.01582579743159776,-0.09955923773500786,14.682582673130357
5.322882210305158,0.029992594549734887,-0.857459260788412,10.663760910819379
1.8336841429174715,0.01755105504073091,0.7944106120724106,8.181908913203445
4.319640243411133,0.030154469677521344,0.09409757260597207,9.580582863976513
2.717956358556644,0.022991671388114435,-0.16840992354521633,8.703219914112983
1.8119513360983353,0.03732303256274313,-0.8167195295133113,5.577361476860162
5.219334329627456,0.02352830988197822,0.1667250252400161,11.922193944683258
3.372914922086593,0.022873777385292223,0.3341106029256262,9.720256784727166
3.896930130262204,0.010842177394330204,1.341821338134221,15.17564102740626
5.9592949249391864,0.024224064374178143,1.6273061623664677,12.555034872387955
2.4114176410156487,0.02710012785974862,0.33840291689120816,7.550827287655801
1.9468487739283593,0.012816323469826696,1.103210708142008,9.865710531113292
5.809187796202162,0.03329343323239767,-0.18978221207789303,10.57358855358951
3.3762914175496515,0.02095997761680706,0.23897717042649402,10.159411345040546
1.0451793152795492,0.007814568475278824,1.7144395190181698,9.257354445296919
5.330097426222307,0.028789685671882153,1.7909698431749939,10.891635574961716
3.3926882773318607,0.02542137788583411,0.17803218411057298,9.247331479365254
2.7318492432219648,0.029401333396264225,1.707159145694189,7.715939983233505
2.3742106820922837,0.015096224422376788,1.586378291736795,10.038514376659682
1.5265975019198632,0.01013406151578257,1.2740012517575754,9.824591354285843
4.024608470293815,0.008335601185065713,-0.49517310897986966,17.588845913612005
4.884372343361089,0.014774548686592347,1.9792857682345577,14.55429789399818
2.739939349806252,0.041235780976786186,-0.2509709814377352,6.524952468905315
5.967240259109284,0.0374831133642269,-0.8423202771203517,10.0998034840343
1.8531001894343615,0.014728089022799044,-0.37592649821789703,8.978840145262735
3.258792864397241,0.04751193295776736,-0.5182463503207263,6.629351067218429
1.9668858462132612,0.029897022041987478,0.11203753657324667,6.492614262951892
1.673847352663793,0.03315477203959417,1.9724668189149628,5.687597982645719
2.7446529051505495,0.01706997591377019,0.6993350122266868,10.15012173051143
4.97735456037568,0.005170352363310324,1.2077145005890593,24.836089045877582
4.9571867694375005,0.039352057607496264,0.898007893519233,8.984168901424612
2.810714446087986,0.04161891103099697,0.11448668051850164,6.578198832501124
4.4633456436413645,0.013812934545403489,1.1810565809349307,14.389021875934414
2.6669038119786825,0.04396893668584541,1.9923736468236166,6.234113203736917
5.095854500816042,0.021826258380649517,-0.9218660448533836,12.231024985168638
3.685391209183105,0.040709791959049495,-0.8489559700734741,7.616165031388473
2.2778664281261527,0.03611030923103176,1.6334684381292761,6.357589941501612
3.927891752744727,0.043730150254252566,1.8373539947513304,7.5863567268138
3.7528402316158567,0.007336480617333642,0.9368765414120217,18.104233418088082
3.7850375516066794,0.019650250455092153,1.967870428874968,11.109513497217021
1.1494162276166586,0.03706468812816585,-0.43573317289919433,4.457614184993294
4.811149256303421,0.041102142791461876,1.7241571546539944,8.660364537503543
5.102793661256344,0.04736581951092592,1.853948321015987,8.308363048396297
3.4934803560255956,0.02541705006543165,0.4633725186285904,9.38448771886297
5.259938003851709,0.02666662058875373,-0.3429578285837067,11.242174225708244
4.826010791925922,0.013895782591406166,1.77153615651663,14.91751999939546
2.386702852679101,0.03620212158317689,0.2417822227808346,6.499443227026613
4.036270120266376,0.031350906194326345,-0.13667312645195584,9.082576236661676
5.641687467964331,0.03900634292776601,0.638055876166286,9.626776394819856
1.53559889586292,0.03499004192199608,-0.9163077163032023,5.302866012058343
3.4841517912836917,0.029055307648463497,-0.08052048513882148,8.76556236995218
1.8233438862584868,0.043675724795194805,1.2472632014830474,5.171996495257278
2.82452623961859,0.017310082813435882,-0.6666430084804084,10.225091988268733
2.9502012270248192,0.011874282353946629,0.809446207271924,12.61729111605998
2.8702469441720435,0.03172379496573338,0.03766612579726614,7.613968121931231
4.998081861073649,0.010406736392720165,-0.731351407011226,17.542375188965885
1.5277747457950779,0.038743611098731576,-0.7563751006100213,5.026591642236949
4.300538311116857,0.024270174213180135,0.4984858619123087,10.65538026623932
4.5198075272455025,0.02863540831865156,-0.10496555371676974,10.05662532609118
5.403594121679647,0.037002714901780524,0.5243418779498925,9.673164095835633
1.0063474091796045,0.00680241736607052,0.7345228921771931,9.736128983343429
1.858132086535869,0.03637780344118289,0.3728608543627763,5.720895899036206
1.8676538007106043,0.012887638297014448,0.629972086177859,9.636193412745005
5.501962270651751,0.044634063004299326,-0.5022445601678902,8.887294723259748
1.1028709736430335,0.04978126854262993,1.3239521081657655,3.7676743927644756
5.928499539931337,0.023245595925871613,0.009501278421687687,12.783390121102382
3.963473743302475,0.03564872624553708,-0.16810536770579287,8.440340631819094
2.670234256449831,0.008805800918343026,1.134185782114927,13.939084151055638
5.220453263731592,0.017455645079752165,0.6656985779460989,13.84299762179187
3.056437581595198,0.01863968756198666,0.0300492388962339,10.250202400144934
4.514847091242821,0.02781093132994558,-0.43953498499616006,10.1990036327359
5.643826533628959,0.02556686365914891,-0.4457889346145554,11.893018391423501
3.0780316430761676,0.016160160657450708,0.6794805163757767,11.04733929962105
5.014421384218327,0.02551282097014072,-0.6913242648895661,11.222126564017726
1.8362845506169436,0.04920458638407716,0.8036538091220051,4.890026212994408
3.761319540263352,0.030446225552544722,0.2849827407684915,8.897077520528077
5.3570450566115895,0.039421273779687405,1.190393870964007,9.331281964127028
3.655316446307139,0.022476564629824856,-0.09392501982635881,10.208020023210972
4.992171098979389,0.04777692972835323,0.9381475684217011,8.18237919106169
2.6890110332987316,0.012081678604039501,1.4966111724374849,11.941988333707537
2.763595269439216,0.03774851745976588,0.3985516441303998,6.849064563390722
1.3407554848343435,0.04563071017427673,0.9841999060662578,4.339005162754966
4.306324197453048,0.04425193698889241,0.3761577868620738,7.896437606286635
1.3804759509140463,0.011505883866342045,1.2860276703749767,8.767957161182656
2.5151187585521804,0.012504733476746466,-0.30033389521520715,11.352356425568736
3.1095383734899,0.01566062018395759,-0.90819422089688,11.27943826657035
5.961730757581347,0.02820600677716687,-0.40795665798867786,11.637491213109369
4.871419107340932,0.018317564508959595,1.563476910171667,13.053827593281174
4.961148115652949,0.008068722527424386,1.790216027094734,19.848728707578566
1.5965713662465768,0.043537529009701134,1.518137918770583,4.84737110123195
3.810317027874769,0.014007441229921418,1.8437560949297929,13.202164536816845
5.190461061289498,0.007396596784993435,0.08245651020417855,21.204644029422617
1.6946056849119286,0.007938885781334644,-0.9637078620159316,11.694954658476973
1.2095038951329005,0.044053682204065955,0.04342853634194066,4.194271294225569
3.978505155114803,0.04532703572639906,-0.6353544239354436,7.499378842116003
3.936765849589772,0.009531507577746533,-0.6611500505408915,16.267955783223588
2.7731651755278075,0.016954569448216397,-0.10261660171358378,10.237371790682568
5.137650393686656,0.006913726304035712,1.541427923716292,21.8207750547504
3.9042666877248773,0.020519080125710625,1.3482370564601713,11.041670516855328
5.33722627325659,0.03511575755740911,0.14898352048836294,9.86849161320026
1.9879495476796274,0.04763867335682513,0.7115766867841382,5.170908339589778
4.464436625856049,0.028297557209886564,0.11061501300370513,10.054323337402451
3.796025556371164,0.04513297375898811,-0.6973435350493353,7.34110741515944
2.535110023506519,0.04832367621882255,-0.6363714696380127,5.797789094693402
1.1667305824518157,0.005530049421815347,0.9007646763933834,11.626922410633288
2.5339880436825535,0.01832498311834668,-0.4860766265962091,9.412922409086352
1.5979528866818469,0.03676693186537859,1.2157114535053282,5.277123765470713
5.240063095077563,0.02928215228698868,0.20646482831612922,10.70805887644622
5.396807955905765,0.029844947212580065,-0.05808430836169576,10.764083653002706
5.15705348559627,0.005936198480763984,0.39343358465357015,23.59340380722244
5.82280171020204,0.02426558201516515,0.8365270517186589,12.399798675223867
5.4221542092291655,0.013134074390718571,1.867409375451052,16.264105633734573
4.412070391826843,0.04186424343387299,0.2544255853130384,8.217573222430135
1.2101226523600146,0.006992351225604676,0.04108770413928875,10.530453328060563
5.583439901823596,0.02523518400033979,0.7718977970339251,11.906707224160046
2.317063918352457,0.04227268099710156,0.5011194807252788,5.926292744281389
3.3234529892800686,0.03882642706408336,-0.0826825096779058,7.405852296050748
2.7822745347066657,0.0321527964590412,-0.698843285326729,7.44619841572606
3.824658104180374,0.04343511613835414,1.3123877216863922,7.511381245349204
4.033119033092475,0.04863511677497859,1.8282758835473838,7.28936216379103
3.3035214771855625,0.03196239918768334,-0.8404590850034935,8.137909791915614
2.0325843923268145,0.028867020048787512,0.35401296704702045,6.71687561544552
3.159697302649285,0.013027279295279793,0.2198621896264843,12.466365831916109
4.198178668892602,0.008469072172354718,0.5267780893785368,17.822003786329986
2.3558153770247556,0.040624953913900405,1.204476513398058,6.095624068216906
4.200480630365121,0.018258004770281416,0.5556257212235711,12.141345696636904
4.542644193883134,0.018505538990106814,0.32454181659202486,12.541442206015708
2.6630720495043554,0.03132372747238042,0.8454331712235872,7.38071999323301
3.8052356767204287,0.006846225405407737,-0.8460456874851048,18.871619557027547
1.9613146983883667,0.03399551371272924,0.7776169236649815,6.080045468800047
3.998929780471104,0.019080976394357824,1.7418293420785305,11.588189316831247
5.638935448801402,0.03783090397487678,-0.15670995596969095,9.772804067275134
4.781851879715603,0.04832081667685213,1.4843554939577892,7.962967012195952
4.0101204348491315,0.03055428284082981,1.1604327674641564,9.17036560207695
5.657367708246316,0.04864540830943176,1.3056859490821795,8.632374373747057
1.6876645438234572,0.0378248583051954,-0.329068390374917,5.346854892639536
4.697287063609768,0.009811468676322582,1.0025133043325511,17.51461236126062
5.464960334175261,0.005642985175832425,-0.21481298138023563,24.910534263921242
2.688612362980808,0.018047780231850392,0.5671599442322965,9.770036549666674
5.979332929866198,0.021328387338936838,1.4496033762250828,13.402670721795355
2.7358184524738656,0.01862821371634018,0.9413781309772209,9.700676480749097
3.1826555955468616,0.032111331713010935,-0.9109617909286958,7.969106920226431
4.83121291888752,0.027950657528412432,1.6832098793646408,10.523884285976196
1.3024399733247658,0.03052519318356332,-0.13757839329944666,5.228698951391849
1.3708681410514099,0.008674109405345923,1.704520206209585,10.06304428059143
2.161354251638403,0.03980694578067635,1.055803803643593,5.898309242589588
2.4673450983504406,0.03455199092924336,0.13410042461309057,6.764292821770003
1.4656378795804053,0.03556204627314825,-0.3167668437824004,5.1388265444622325
4.487127042071155,0.042601823723258596,0.44604708136424875,8.215123128897126
3.3491393815755424,0.02236080510141651,-0.8163090653620815,9.796408412713939
5.8663194471316675,0.03183766363781862,-0.8913121460314841,10.865663443388568
2.711152685446944,0.02539119658250228,-0.8257938223321519,8.27140705767239
5.991436674968114,0.03744408198263716,1.7859782777941984,10.125532751706594
5.063357830304994,0.02165725831927963,0.960105932262922,12.239440390994325
4.049537714920106,0.042730260820696815,-0.20466213860299787,7.792538235635996
5.634946861678358,0.03478642396641975,1.8017658410133537,10.187884420694845
5.724177593821551,0.013741521759816223,-0.22387074440301924,16.337406851992704
4.688648051868395,0.021440931354814535,0.6524313988982824,11.83711818086754
4.238502500093395,0.013362493111017469,0.26859871324200424,14.25628813677227
1.5509356385332893,0.04868457610523904,0.356918935292863,4.517989123250928
1.330716073463824,0.030635039626899164,1.3112503673366764,5.275668126841639
1.8467901746013717,0.026767864597913388,-0.5376979597760164,6.648840335671266
2.548667446163945,0.019099716598047014,-0.5509851116056617,9.246707375356825
5.999574515771293,0.01222983523608601,1.7252881997962124,17.729394860321563
5.055969432137016,0.044733075290103834,0.0641828005052687,8.510044509900915
3.6413842614072407,0.015856058882134514,-0.243575174439697,12.13052564107844
5.6716621875263025,0.024887460037462335,-0.9584340131685294,12.083948890809454
4.2883387168299265,0.04008405572532809,0.2677687051444786,8.279473141343928
4.54386431728187,0.022005989107089577,0.2509646861056072,11.50234051225502
5.717756588154328,0.010877502578748924,1.4726583043851607,18.352372845726663
3.4488718748171316,0.008602560128408111,1.2349065047059864,16.027606141333578
1.99787993875952,0.03144505630407425,-0.1131686183036058,6.380467405099242
5.485079620295024,0.008156498866977155,-0.5141693497934506,20.757907276511524
3.225272129910318,0.032343357095557926,0.061759303002078436,7.993456644638238
5.529277898421349,0.028747519307318167,-0.2742861303896883,11.101406653532157
3.6421627764346605,0.015643593910841025,0.19727326671167655,12.213929212107898
1.2678743823277583,0.04457154244517424,0.3990868502916678,4.269266557302351
1.2416216026349574,0.021293718951601516,1.2976266221661157,6.112415396123432
1.1192619552548921,0.009851751154782526,0.3654632685116064,8.532045129790344
3.29860870032319,0.013449493533599085,0.7185789295090792,12.535926136974943
3.5042601500811497,0.005656255384876807,-0.25430069545725886,19.924051456935842
1.0538326087951027,0.046455898576204066,1.761758888421812,3.812495798193747
4.334117953829395,0.032518612570826604,-0.2793049097425311,9.241199566753037
1.6828469077606867,0.04441614776706052,0.8511977140918712,4.927150744969064
3.739332568774317,0.008644221650728739,-0.3679134833795221,16.64861416828267
5.460175520383631,0.03252887885088325,-0.31576904315845167,10.370811581219902
3.0738137146177866,0.02739000329404536,0.2842225547900179,8.479821675852897
1.685874217695304,0.04599013620282291,1.598242506861991,4.846455465617124
1.3519956367476444,0.04399533684671784,1.291350107495692,4.437397262795459
2.389748672479799,0.04461825920912186,0.34175672492173814,5.858194586233855
4.378298251602901,0.020538910796366307,0.020430724298124314,11.687132200827584
5.211222130468723,0.034005831334104626,0.4676401280347384,9.909165553600987
2.9100020026561397,0.02403464763219127,1.2774986755242637,8.807887399583981
3.6585744778615163,0.016870219163890438,1.3463800655442677,11.787985083588724
5.588637233676081,0.010095621992086764,1.2489994864040082,18.83347279877269
2.0316726583816944,0.006248188769504642,0.969882329761818,14.434235502848107
4.177299653889878,0.024459650484103004,0.6103946899251127,10.460842932033199
3.0844661199976287,0.012253120336634827,0.10097859097424622,12.70020240770476
4.2467607820830136,0.02967030590133589,1.4671966616823142,9.576611661134784
2.2067168626477036,0.019981408436753858,0.9810536080434868,8.412096536081666
5.513644455641349,0.036545649412433684,0.9744753738306053,9.832082785164186
1.4724654157922992,0.020906533322747292,0.8500917888956017,6.717776160053846
1.2683663094340691,0.049982718865488024,0.3999106462158173,4.0323330962482204
4.41111229956315,0.04906941641129268,-0.9950986476709003,7.589490128816995
1.041349079083559,0.029599665111101566,0.1288053204292332,4.747869349110209
2.7384028765490576,0.03365281971659272,0.36526226274323914,7.220743723622575
1.1321343619572442,0.0074226400849659036,0.5066347388462449,9.885844489225773
4.119306278675719,0.02521017171126908,0.8873592540244644,10.232179017661784
1.9517528538553632,0.012025928255446463,0.43838823075009437,10.197579434506363
1.4319863663030723,0.011252366402652456,0.29560911751749286,9.030077936580627
4.134115860973832,0.014643461413439827,1.1398658072661445,13.449726035456356
4.055364004627083,0.037798596630751094,-0.9954220721761253,8.291270284909647
4.827045292782707,0.022876459533236988,0.19105312516212591,11.627605019603886
4.695671822401252,0.016942410916854462,0.07275793986624657,13.326167038614765
1.9698596280384255,0.02210496952945205,1.5805984368921746,7.556430097723846
3.557998780790816,0.046585157177453165,0.04497237539926391,6.995569967477133
4.613575648264602,0.04453383893551367,-0.24094194692068227,8.147375743611589
1.0464519799675651,0.033954898529861936,-0.3386067185538666,4.443778703086789
2.40323238131944,0.01940308786163968,1.3534349527625475,8.908538231342723
5.879408392662188,0.016856998534748095,-0.06831375269483231,14.949293868146444
3.450584929932895,0.04086240959196927,1.1521106077836523,7.355773772290019
1.5700465354827218,0.02950535194923795,0.1458659579866537,5.83915296633504
1.848107209729158,0.01756214365963127,0.4555235375455804,8.211430239440082
3.3457989455249297,0.025913530973616435,-0.01807417900197228,9.095584496559164
5.272621750761628,0.03155496702174072,-0.33415298398993687,10.347214038943996
4.104763204020046,0.013881162544851229,-0.7576504381988157,13.764965401985545
1.4295892307218507,0.021879063367265184,1.6291130651759698,6.470461547360811
4.884888479514171,0.04966445954450401,1.511118895094163,7.938682982823298
5.443865084907409,0.027607195343967147,-0.3943707287245253,11.240523097900287
3.3903331891226194,0.031462748761630695,0.648264161386856,8.309346111120421
4.5095468889886074,0.04750405699864497,0.2560834143646402,7.799110840052621
1.4802681919857439,0.008008389888631798,1.2002323948987739,10.88282358079425
4.513339516023498,0.023545765827676816,1.1804633343413977,11.08247044457114
5.853243916922938,0.049925786642559825,1.2688640300746492,8.66722044562752
4.619469164336346,0.04305212560138549,0.0690309209937241,8.291683696005741
1.856866472669742,0.006022384026531879,0.9646835954712627,14.055623140447553
5.678028284295444,0.03059973488774739,0.23450433072981447,10.903952064344773
2.976853023009918,0.04111741170127658,1.5565874552752135,6.810983086473166
4.4639272823220715,0.013536328207027559,-0.5221859894017966,14.53624075867754
1.8076227605068498,0.0380518038553599,0.742060304834526,5.517092501378384
3.9506441366099425,0.010172476453365387,-0.5134175998252468,15.774826770381887
5.012857599908099,0.01488759995846698,0.9963357930432455,14.688394504474406
2.2850282474597132,0.03815702797449951,-0.9930221781397764,6.194446495647647
3.023594841662102,0.04054511761977456,0.5949943570776832,6.912521662128345
3.4205937960346793,0.018156660961592682,1.1871660715609584,10.986939916580917
3.6746887839125844,0.007370994662911857,1.0748906691563809,17.872743524593755
5.904802480158509,0.01138155056230371,1.3521534163324347,18.232489035097533
4.003984552652991,0.04393511692087441,1.6097921780762898,7.641599865465459
3.453025257507633,0.02887334763534285,0.5049300431332033,8.75377334089868
4.54810903823013,0.02983912208561651,0.9569277916258949,9.882490444571445
2.1676173226631215,0.03009877437235708,0.0853877666120979,6.792988674907573
5.745792882438335,0.03834340923088177,0.8439013840401368,9.798816185146059
4.029505957874106,0.039635088806077745,0.3914199706725068,8.071048797169038
1.4256578931290318,0.02456078323286618,-0.7326028972281251,6.0986055560961825
2.7567230556694438,0.023619769198597724,-0.4420399190068115,8.647742197743094
2.1604177149019463,0.048677594251084366,0.5292576746077922,5.33271410876677
5.213716897999531,0.04703568502820977,1.0348374245291776,8.427601189168263
5.9153757503320366,0.030268502537008322,0.2884073534657414,11.190247448949002
2.2834244337308425,0.01569736272462724,0.8848088349647405,9.654370573774507
5.035937861903501,0.03595265806753652,1.4839222497648024,9.473679079135712
3.757928419655645,0.02917285318865873,1.773011385827156,9.085080676475032
4.1218535457936145,0.023953624597785692,0.49985163565197066,10.50037111423551
4.849854103050168,0.009409295309590074,-0.8207523465187212,18.173131838507064
1.924325689793363,0.025719903582065183,-0.5505253213992037,6.923865302792225
5.7847652531473095,0.038071122440800555,1.9099875110136115,9.867088399496383
4.7221333227324385,0.03930759559259692,1.3861673414504776,8.773540241461488
3.474181415270247,0.0062111930789694675,1.4341226395497917,18.93139954025937
5.363246904448461,0.018667549971268266,0.8470444907344223,13.567949667307715
1.2312938527471387,0.005411331910719969,1.1327637815309375,12.074600176948117
4.681213284538119,0.010273342484904514,0.9818508595551894,17.087059072950986
1.8915944492271326,0.04825524683689336,-0.760819899219465,5.0117077107855
1.654772121748582,0.0052895739353232205,0.7787003799290244,14.158027175748595
5.490512565941765,0.019313660982183872,1.7835087768241134,13.49640595204992
2.202066231440495,0.011898229408868276,0.6246275179281604,10.88975249544279
2.913442253965484,0.035482173955449114,-0.6416077588751747,7.253407660443334
2.568721665390504,0.041888563422668765,0.9942488043245694,6.268372272402767
5.824521369843491,0.008246707965081753,0.40738007115874586,21.27324802139017
4.396832850114706,0.009906150498476565,0.689975632812982,16.864035462348433
3.957165217313074,0.019419105669129508,-0.49677170700876516,11.426716926949748
4.456572180212373,0.01123325359729364,-0.4069289169321697,15.943794219391613
5.232275822106322,0.03413695697571021,0.6713148382882126,9.910074111400203
4.299282554401861,0.023678509647568548,-0.6195512885625167,10.78610893075276
3.327456391920202,0.03156280660873109,1.2575963510189752,8.218874876327455
4.208746288338555,0.010128797174001778,0.6510271160692214,16.31704178240836
5.444396308163094,0.0064881084397509625,1.4385166818157575,23.187813847674793
4.353058533922605,0.02907183569777252,0.06240703166475736,9.795012971401873
3.953126676431464,0.04890479730898716,-0.19749429341806124,7.19678657760212
2.187694369909996,0.012918840974260198,0.945189210425645,10.416589223185008
2.1829441222073522,0.033007106708817735,1.793079688208297,6.50970893489602
4.333092739417764,0.011858335462197282,0.7731071269294469,15.301398148138698
4.244351361505013,0.019076725089097957,1.2788139589490348,11.93981901173756
1.2211515480799813,0.011263674388820132,1.8921767054069654,8.334676122486318
4.825875528185096,0.019535273327696515,-0.7662433370173378,12.581206822470044
2.598465036443935,0.0053347575563135515,1.625004455725065,17.666279000254864
1.5522380969364902,0.0426564975139508,1.5725563007968364,4.828703759646351
5.4732642313005675,0.02594551096221624,-0.13094849535632558,11.626154318631981
2.1478227652149435,0.00657863884995954,1.8212462877248443,14.463559536947349
3.9811982983644034,0.012353286909778933,1.5345768937347426,14.370094711174431
1.5691491453395607,0.01901825082416287,1.246996136815893,7.270944281923276
1.47633857302823,0.011716536965937111,0.016121418966792422,8.985398436626179
3.7910647555716035,0.006673619712907631,-0.7236866377351048,19.078484054876093
4.9171865480955415,0.006903176298916661,-0.15600703667464833,21.363767833035073
2.860572318684984,0.04870733515122558,0.3295032015328294,6.134416663495206
3.545361153655015,0.00520833871671101,0.08398451624870718,20.8845258888289
4.843612825384679,0.03500185531490865,-0.9673545484745767,9.416362461595773
1.2516458760341223,0.01155359433654809,1.2013212136753046,8.331556978053667
5.691012345759237,0.009466353678986742,0.5126153517572924,19.62670479886753
5.459014113103448,0.048884449783568734,-0.05873784560799411,8.458935872707718
1.7243601116049263,0.011711364071272903,0.16266513925011417,9.713018875488688
1.8892658992090776,0.007689901633953342,1.8974473240773797,12.546718099039206
1.0066346379533813,0.00817760610680954,-0.7985594616477756,8.881101445645498
4.77395366813418,0.013982619609772134,1.5106792246395173,14.790703056553808
5.07592274199526,0.02711775145941489,1.7244315485677224,10.951526373626022
3.717662501294816,0.04620280553299766,0.20100063285929437,7.1803364802500615
2.535778014355956,0.02303355650261925,-0.5894195451381017,8.398836085954553
3.909711404787515,0.010390990068361805,-0.345852479828862,15.527011527579962
1.2064880891087022,0.023107506476230295,1.129446089517618,5.784009097642587
4.533170306941347,0.006821680244581272,-0.8304241607575755,20.63475553645772
5.050762108365206,0.030914893191758122,-0.6732789057085429,10.231482631763843
3.0129435974507572,0.021231411157138922,0.9148230194814633,9.535644687142732
3.8379565700465377,0.011407924753436384,1.2219040274370605,14.682185059159648
2.499434018930504,0.01312896254070172,1.3633272230512485,11.044590632715154
3.8640296749321164,0.0064165286480526735,-0.7544561964179024,19.643286341897333
2.446632506371014,0.013341599915366167,-0.03484952181701584,10.839878240627506
5.693843010523934,0.04346425462971302,0.10657088351524169,9.161795969280469
5.709790552939034,0.016503764253555153,0.3100321263165202,14.888898624107828
3.0203353929447783,0.030351969625859076,1.2769169164254448,7.985059124563149
4.839618608836918,0.019460168299607804,-0.45458883679072726,12.623397638384086
1.8190249349796863,0.022328577115488916,0.9946370161892117,7.224915824230498
2.466046176019387,0.02180237468078634,1.052371644485901,8.513197179624468
4.254404120118472,0.044270856335013875,0.9408682268332138,7.847013480361414
3.959657970161411,0.045721201240919246,-0.3736624453136147,7.449275058273393
2.726950148029518,0.03995693279186027,-0.28163530516753266,6.612817198428173
4.875195215165788,0.026673871093218473,1.5512717547510628,10.821736898695248
1.2735052205433155,0.042585583588298906,1.6515904365387506,4.377367941619839
4.707412555087265,0.026919037045314703,0.5222925337524953,10.58535336255316
3.9128724481958113,0.03438825079487152,1.9353669959372155,8.53860242784749
2.524236200730833,0.031026127333909293,0.8660132886950791,7.2201330363046345
3.6543509544462607,0.035777290916177706,-0.1318048736274976,8.089941670618904
2.7144681140791698,0.007771104739034295,1.9426155971378787,14.960461152983477
1.1897668383403375,0.01072591606669132,1.505250223667403,8.43058521650841
5.826210675121444,0.012487631796320467,-0.8483176824148029,17.29008146783209
2.3111009514594967,0.04027786253591404,0.7143001794934698,6.063456136784736
3.610388214554603,0.04263931613873796,1.9412047086675126,7.365730518458735
1.1456745254640868,0.010931087663210232,0.032649837646727464,8.194886244207646
5.250615893153882,0.023906843625915,0.6420277771024967,11.8628214476518
3.307876428995943,0.03174406447795556,0.6799959735861252,8.171228629144244
3.4911012997424726,0.04182826982142442,0.13030044790255468,7.312910607289914
1.7451000247991615,0.02885256824990093,0.3260429163319929,6.225323342642919
1.78068548959705,0.008167749052120305,0.8211873007889299,11.819154414425343
3.605490378524097,0.006535628066024692,-0.11826125335447313,18.80106693789739
3.495501945825872,0.035044131444415684,0.39818261222715523,7.994496441149184
5.728737719680548,0.045340504265531066,0.07331205808885688,8.997674672606129
5.935044870757695,0.04948072617413173,1.4387313013457548,8.766736651232915
1.2602167497445973,0.011003688880394526,1.2057003175251895,8.566382498465003
1.3607653785828697,0.01356477659606425,1.1615823605183384,8.017321372001675
5.279065312484041,0.006271426384995723,1.4280411134198991,23.22412406552616
4.57011788103075,0.02890168355369994,1.574113891690228,10.065749544370956
2.747382271845365,0.014733607554777314,-0.3497907915502654,10.93072546136567
4.3316747263149615,0.014739146648189226,0.2615636845941136,13.722578958541
5.326952050043813,0.024789334734269683,0.7134204079423561,11.734131410439362
1.531502903358543,0.03724017587144746,-0.13300075616024354,5.133304660315325
1.588014900737475,0.012728524165674639,0.7297804952489171,8.940920856821398
4.26282755282244,0.012848185312257687,-0.4021993676425272,14.58048518208808
3.727722205910277,0.026292528619126142,0.5643162245741518,9.531243886231321
2.446256775621235,0.04125951927728641,-0.9814285572437753,6.163578459238867
3.2553585112971044,0.02413570683411415,0.8400456660281082,9.296369792431427
1.8197781056124755,0.03939542633405597,1.442787497368712,5.440393400794623
2.577740384363146,0.025148422444601796,-0.6003144805491121,8.104163681045636
2.2920181216067403,0.023574987359615367,0.9428072141402983,7.89273059144549
2.980007407266169,0.02184886879692363,1.4846854950429615,9.348419295666318
2.657965824522818,0.00844798947025157,-0.6011833790377453,14.198484905484468
5.860375160585661,0.04805041024746729,-0.4868000807225952,8.840119772523277
1.0298394145163008,0.04115570293433108,0.4797407721817135,4.004181294532207
5.897604813833959,0.0310217095605111,0.5812915487306713,11.036947075078718
2.2006546504919804,0.01115599257041315,0.6513585880774926,11.242575907082625
1.0086725659697715,0.04026373236745783,1.1171560771230906,4.0064716951356
3.560527714287118,0.026225001777804027,-0.8532175917970658,9.327030820324156
5.0775675642607325,0.02005320453350278,0.9731608548099324,12.737375542237713
2.8912391475968957,0.04785447115400241,0.7045291301888752,6.221924501640282
5.659243408738923,0.04160954392069232,0.015455035932544492,9.335266032446599
2.6985679947902907,0.019258504566390434,0.6438805308622673,9.475440130657867
2.6307069202073845,0.014600339332948187,0.44709834553346983,10.744810205068113
4.366653181160688,0.010664137574531773,0.6819376181141883,16.197779029431995
5.6319933245329485,0.007362184943541074,1.543074922138528,22.13969806967363
4.058690633753113,0.0437741810193647,-0.9758081286457508,7.707755851133184
2.0148144082831685,0.04893395567835005,1.9880820442040177,5.136370600986925
2.1713642703807596,0.048238919018604616,-0.674785886916581,5.370460785611948
5.684309003397383,0.047518217791413485,-0.13652014123853717,8.75493159397058
5.5743868515786374,0.009303578492414696,-0.993470244226364,19.593748488683033
4.112569886632006,0.020892127670076283,0.7364069768932997,11.230763962502303
2.055967944031603,0.02512159660482284,-0.5087363880959329,7.241500090527997
3.4523543373969723,0.04978794012547477,-0.11022410533353111,6.6656052804390935
2.887091267163925,0.010192212521727095,1.6732903451948005,13.472246203476406
1.8217205253654805,0.014304998699012219,-0.47751093208232975,9.033186029376454
3.3475949318435787,0.048962293685880044,0.3520552517662472,6.618804649157886
2.207935650414421,0.04849431453830764,0.8327472685246522,5.40121895568346
3.8387635547604066,0.026191965603915086,-0.6720375406116864,9.69071062650548
5.983919418377581,0.04758504950791765,1.3565069697706686,8.97638756094092
1.4931567504426568,0.013141821354625178,1.9279670698221754,8.532354893045117
5.347711900571686,0.00812233903413908,0.3560868076692192,20.539384932408982
1.102260863090677,0.04025274215603219,-0.5542657109783646,4.188788647607144
1.5653049218967008,0.0335563480106777,1.5022002217103134,5.467088701840409
1.7055003699378208,0.04684001095120841,1.0161278474992166,4.830158750433503
4.427997787685113,0.013158735070654012,-0.5004529563391502,14.683872867167656
1.3469615366216185,0.032579761650871446,1.2153233270318462,5.146922578531191
1.052420887975428,0.04508906614141051,-0.7344360575804407,3.8672575771026203
4.822154680434084,0.03653762267604399,-0.37241259795264825,9.195903707814796
5.0663937779604655,0.03564446167416981,0.46563093532013644,9.543274820308817
1.3286267331878698,0.04526833281183715,0.38485820239472357,4.336588691299905
1.6614621911415353,0.0346813300473732,1.0333810652253055,5.54040291159975
1.1642965441243083,0.04499060742866937,-0.3078775301387787,4.072066535689858
2.320922377803206,0.0061123862845222825,0.30557952098740526,15.597999475766102
5.821881085159888,0.03695296340584908,0.8558267074906845,10.047338150664514
4.551019814646569,0.03843205107731434,1.7370842316397903,8.710670209947057
4.810566028977519,0.024604035805643038,-0.852126242443141,11.192804149185722
1.4463229074050696,0.007721898192265928,1.377258359456194,10.955055607860873
5.404887270326025,0.007351947952128547,1.4442065384689502,21.703815952567155
1.9427198905274539,0.029229026277266257,-0.03932586273423899,6.525922459525641
4.958035916826946,0.024046110402854332,-0.08211403899787095,11.49413796292971
5.550472841155364,0.043478896005721475,1.7989386793219326,9.044191024804569
3.4229484048889107,0.031054989941383688,-0.5732292259323676,8.403853437405564
5.61394204239526,0.03264655332720456,1.5226079677071174,10.496857064791222
1.97479317870217,0.03439157678877561,1.645903199644438,6.065669664492536
4.8698849900651044,0.04251351924964417,0.7036669633515276,8.56721791157959
1.680327438925177,0.014530304071180333,1.096692352039494,8.608026553042125
4.280588538568999,0.012808622965985365,0.6707427208552499,14.633375295633858
4.7651775381031065,0.008056261718265581,-0.7931294641986965,19.467794332912927
1.859757171625473,0.04957931952277555,1.4374786450974395,4.902547722683985
4.423574082833506,0.01608416142256723,-0.9576953779451476,13.274905270355875
2.0795720539138776,0.037949303973671265,0.510206740819994,5.925555477888309
2.9808012292792787,0.03948317828926625,1.3353319699106856,6.955117086915282
4.739611852643661,0.009900687767229178,1.0516196667034872,17.513893151997618
4.506331590537753,0.0169971808731809,1.1306576547651952,13.033681811340452
1.8479140341446498,0.00511264087964165,1.9012907843842148,15.218162860573765
5.299495982069026,0.04130065436517016,1.8826421647162221,9.067400675563043
2.257853946591707,0.027839286398287547,-0.4524760206851979,7.208798112682531
2.8657876478799196,0.006430046399699566,1.7223640519328955,16.898919592713106
2.674926461047532,0.04699005669595944,-0.2539995366364938,6.039443582700725
4.422711788631247,0.026636373586594913,0.7881497213484581,10.314561282145862
3.782765749627135,0.044907715163859815,0.4691392601729565,7.346631119508927
1.0819493705887535,0.04767943360322029,1.4796986040467646,3.813132663726782
1.1989241410953437,0.045968464606444534,-0.575776845199859,4.087990173622508
1.608430704773472,0.007819345510597089,0.6644015492433284,11.480477863454833
3.9051463632096395,0.03559367661354354,0.6235484943592464,8.384481723701368
4.247507064411008,0.020850756438429825,-0.905916389956276,11.424840272475082
5.846874982219918,0.043826267899373265,-0.33839564128216715,9.245675550237392
2.88149570544057,0.027299136375107877,0.07856822425472076,8.223913316046776
4.364249098218633,0.048194927312896554,-0.922711983240629,7.61724791044884
3.068760306721487,0.045380566762277676,1.0222703746378974,6.582494668244403
3.6123296145328325,0.046573339291144086,0.9364301009356364,7.049673226393999
2.7909736231411273,0.008302628608057791,1.8318472393242864,14.676214480829987
4.865992221416848,0.032894909834594546,1.7302109242295884,9.735658793577585
5.689309012523691,0.026868027453915654,-0.7385230092148325,11.648120626629144
5.568464168520919,0.020925936436034007,-0.17225527373383953,13.057777182771208
1.9023001198965834,0.00928448356221204,-0.0513617378498763,11.457889551179653
1.2205590646828584,0.005156371017558794,1.0401479536833556,12.3154790729217
5.071014659832226,0.005416153225994794,1.0316509232045048,24.493223847902907
3.3112298506671216,0.03114550941908979,-0.7442536204689436,8.253552814657152
3.0971132134341675,0.01636198267302896,0.45752095921150193,11.012972786053824
5.93598553913265,0.014802777177189877,-0.2354875610278796,16.029456819650438
1.6235362147739723,0.009674765133266185,-0.5877798851377631,10.3694271438768
3.914054931187345,0.00899346366042889,0.8896778542389878,16.699134237683115
4.56703422005124,0.045826002015650735,-0.9313779503452816,7.991073728604446
5.906720775603489,0.006995916845068488,0.27917104431890527,23.259206313558728
3.3857516909233656,0.03282777807260335,1.606374377998435,8.129255946301125
2.971110414846184,0.0106455138102312,0.8957097789417194,13.372729864384427
2.395619965789395,0.030860691393195094,0.8775257280692097,7.052614178204802
2.834583888981249,0.03716939830062737,1.9458556853694997,6.990301077301284
2.0660199919911193,0.0346577224415701,0.5211826971906626,6.180323951263063
1.6893454848510654,0.007529969522354938,1.7991446753325429,11.989653114088545
4.130814287993222,0.01625934396619696,0.5840191284854219,12.758814275998576
3.837147617554897,0.009044675587372672,1.5039190907985458,16.487383739126493
2.372873198057822,0.049690674938414045,0.9627198212640864,5.531511343481795
4.480621471398995,0.04890834174157122,-0.19771030730500994,7.6616383545165565
4.482515793471203,0.00717128493353859,-0.5160782561470403,20.012733618443182
2.2408193156811054,0.017221071457731576,-0.7323989887869096,9.130978601740052
2.9316663568893118,0.03902866629297712,1.1129356253181095,6.937602393380123
1.0771399502410854,0.016726928293499674,-0.8291498198994123,6.423503410815123
1.1055000720986825,0.012868664752918573,0.6485158773508579,7.419192402602385
3.731780715319746,0.006404888482074045,1.7102406916543185,19.321741233336372
2.7347069235065526,0.04134868908150705,1.3457664158097717,6.5098129837505185
2.851835294776807,0.04587583854856218,1.7289635441521614,6.311232822978084
3.4430733591010867,0.04711585294496448,1.5310469297270872,6.842796095753082
5.691572874308893,0.04395943034979704,0.44916882179465767,9.10823258688543
2.0124724270857,0.01797920666224087,-0.48926778197238663,8.468835495291854
5.176821937259881,0.025540553207462544,-0.6297727829990911,11.396210260704834
2.4314019348653613,0.030814475440600585,1.1922420402361893,7.110415492254233
1.3575721735105775,0.040829307375378834,-0.9298775935667921,4.615719909817916
2.8319601343955214,0.03026670659661529,-0.595617248200879,7.742923600343903
3.313815362152197,0.036260414419750635,-0.9838000475008192,7.652296014097002
3.8360719043673988,0.028306053003123856,1.1242553847358803,9.318536303722796
3.766871709288141,0.03576658641149029,0.7913666183813839,8.214774722054194
5.601734733946197,0.041655496666082495,-0.20726613207451094,9.282588550988812
4.26562241034227,0.04855948534338556,-0.14473519789333666,7.5023644381533074
2.582464516971519,0.02339936439064951,-0.017771735429107482,8.409286345528649
5.432469796959444,0.022749930818709924,1.4936667669955526,12.369513239782949
5.098809492773325,0.04399730720645962,1.7514749782599957,8.617183359414176
3.536085422858249,0.04739385496118975,0.3554865176147728,6.914238342021044
1.7278813202291547,0.0225345555412111,1.3785307071749338,7.00932901656706
4.076236007144935,0.023720177000689364,0.4250626590180835,10.493362775313313
4.081452986629968,0.0389763030376078,0.3709462826266958,8.191266716619058
2.3083171373037294,0.018243398020403354,1.0510640694986857,9.004069965178296
2.6391403261880404,0.023799429884417227,1.5380103231134918,8.429308609401719
4.234228633917027,0.038165780033744365,-0.7800977912668833,8.431290838873085
3.50901063253471,0.04742380024900465,0.7857266403596856,6.8855423763303625
3.582431458092098,0.013655079960170083,-0.14270708208255523,12.965396745722181
2.343110000008412,0.023856935635570793,0.2637340124574412,7.932918619408361
1.469110204200506,0.0069267336959421095,1.2561108410024815,11.657540469504433
2.037450970212527,0.043004777135986993,0.24353443629967475,5.5097161108124455
2.6941314304680968,0.02237183010130975,0.16758121062870002,8.784208240877366
3.2835129793693083,0.046237878950507634,1.6375582307168806,6.745504037359204
1.8154658618018051,0.022646207990664576,-0.8261447492813336,7.167047574013581
3.0895326194041,0.04491669326752179,0.3090309100206863,6.638752744854494
2.175488658356641,0.02779270806175592,0.974764005750566,7.082017061425095
1.3483670787403892,0.016283750010195403,0.024216199757978618,7.284015255629572
4.9906220946701545,0.04897803241722269,-0.14546590266398818,8.080173106925072
3.382287417409705,0.023341290263205795,1.62269977878368,9.635778651298775
1.787919533932886,0.04663533540030076,0.031217740680717032,4.956332367421664
3.7263837050023816,0.02723419946391741,1.2996163220966537,9.363332995314636
3.0891984573910705,0.022098563827661663,0.5962227030697569,9.464220920395642
2.6241268564256486,0.019541484311841606,-0.14213517282415977,9.275933544650213
3.933774423616788,0.040964342104016394,-0.00520435011029341,7.844146998314841
5.4775559337865705,0.03429303710301869,-0.9883097619873564,10.116596431063273
2.0646488450902107,0.04759177895683598,1.0071563174628282,5.272312200162387
4.05828652160182,0.020574808157099955,0.7622941433738268,11.242100032191377
3.383055101450044,0.029552560934461184,0.5027966796145642,8.564479312982279
3.5470484023770323,0.00772610351972886,-0.6321353097190473,17.151309569195234
5.9256757562968385,0.02850826343180217,0.7905015894274956,11.540577718353141
3.361651960069043,0.037051123648438614,1.2477031330908175,7.624645773355982
2.7132163898473145,0.016033193698073486,1.0729615899851583,10.413007614893074
2.5282285991829347,0.03493146249308745,1.5443532066540135,6.809947678052963
4.149105233856968,0.029291978680341824,-0.5270955032361309,9.526795876891558
3.5583258848692396,0.029124488145351502,0.8312331332499663,8.847848932655822
5.728141182243487,0.02216331383974523,0.4766869430537035,12.868665088815806
2.1284948686311127,0.021374971629858235,-0.3946538614081768,7.987806209410854
4.456327954375963,0.04082675659243415,-0.9775703793197416,8.362961975018356
3.9605016276224387,0.009234371061894129,1.2534701219003113,16.57736221619956
2.0583031000671923,0.01131910456674017,0.7497648892132185,10.79425361617451
1.2404502931182069,0.030580962414754515,1.7594957620207925,5.098097045242319
1.583068991633178,0.03725198224650606,1.6096207388733688,5.218181937716494
5.931554909818091,0.024719345861426392,1.3590620773142756,12.399660095969129
4.113785938379929,0.04789677822159493,1.725899918316478,7.418424543472327
1.7265100726727238,0.049137321573977426,1.6956463758552696,4.744853501438708
3.14585241491198,0.01796926383314864,1.2747156704604388,10.59126950452965
4.148573024484465,0.013228020536159606,1.0612190948817242,14.175746198237855
1.3811000013280013,0.02116861737531444,0.27939141262369604,6.4656219284228476
2.5616083727324526,0.03698429143483874,1.2209598444776297,6.661801767646193
5.836900601156854,0.013411743727239564,1.7339240827318463,16.69907885003266
3.041835673161555,0.01577733259090068,-0.6150819627119913,11.11463163593532
5.184219185173381,0.04064791832341144,-0.39761253708086863,9.039960077977295
1.3088276829883545,0.023811943680791165,1.156845444856231,5.934550126192147
2.404842429286143,0.009983231746486807,0.27776847532395976,12.423722039187897
1.384297709512089,0.010900735927485037,-0.01088173108354562,9.020504560738988
5.583950703673554,0.036463051347400105,-0.20849108454886278,9.905770753492476
5.379637236162809,0.041261554715464034,0.14020498311533647,9.140031473817055
5.580589735320711,0.012906577657499037,-0.8329422380358874,16.644796440431616
2.904029796868258,0.024598065339088794,0.15190854521989605,8.69749220930844
2.1411927051889834,0.015428229183345105,0.9817630884763546,9.430046330935824
2.8803129708697774,0.031134473359185937,1.755265919531761,7.699155085699199
1.722018563394864,0.03505077370787277,1.9685507346637654,5.6106619111533576
4.244700394252126,0.04909217724350499,-0.9666140137955653,7.443228708338905
5.08910993351921,0.009726173765163746,0.20467752904518077,18.310233971068257
3.0905386672939534,0.045093746320346184,-0.35195356156960345,6.626785630878746
1.9956945977761376,0.033759163552134326,0.37533554904556676,6.154534234380954
3.092424514205608,0.031199827258010477,0.6477015793130385,7.969249954827974
4.168650907638526,0.03134342531026163,1.0640206983646037,9.23142032538538
2.3496211685314594,0.03623937374087992,-0.7968888028853791,6.445440013611267
3.9515830382929726,0.01553412665835038,1.4110285984633864,12.766919649320895
5.897102025286081,0.04968365243509825,0.6338872441315517,8.720804545447391
3.4558165583982583,0.01873122622180946,-0.09789890246752297,10.872670476192429
2.17210206961077,0.013935312727349061,0.9394822307155304,9.993687033380231
2.6101529658871927,0.02819980223447282,0.014316029799236851,7.701120842450844
1.8396042327805495,0.049223239612710114,1.700727142571215,4.893516907493392
5.414660523740893,0.0057036771796031335,-0.768166773281056,24.663354077824355
5.172080314424872,0.015227119562705626,0.32264473078698286,14.752571932652113
2.2883215728823623,0.01315598634740374,0.45938306008121965,10.55700701406212
1.713961788670663,0.016139377242727893,0.8723767129784938,8.248997481128976
1.7720436460008728,0.006844899721893313,-0.8818886237898842,12.879459919535051
2.2703953460584554,0.04422894443333164,0.1246606364893823,5.735105961966236
2.0452832724145606,0.034445040486862956,-0.977255635864494,6.168184748583326
5.390614828201073,0.01238418908472831,0.3996583402852809,16.700495369794695
2.9596843916878015,0.02294189439296018,1.075593476577752,9.091845618120105
1.2474678129449739,0.04645034088715917,1.4579362619341434,4.148243213622737
5.592281069485919,0.007264396518250114,0.04222974141217195,22.209496574179234
1.9199361169159657,0.010099036069911263,-0.72520300525194,11.036907868792415
4.769299253304236,0.020964053773366985,0.8117650374256813,12.073512718212363
4.7750491846420795,0.021281257790871377,-0.8090966503811984,11.990416473715612
4.808545901956401,0.030736399036473728,1.991876028667435,10.012081585631323
5.455570027911794,0.015587050349723644,0.7248486770768494,14.975526085889491
5.893461327479281,0.03423780290519345,-0.7868728408219962,10.502102798144012
2.5167100405625984,0.028527445169423828,1.1145588491951344,7.518464283478173
2.305901251599386,0.01035341797534273,-0.609481020434376,11.945998851616284
4.159394080992524,0.03606741162759192,1.3462171392845579,8.59610152803814
5.733839550520228,0.015081308454538582,0.8687265825147104,15.607999641888314
3.5693769442406973,0.037068943568499636,1.6859821335499223,7.854799289307477
2.570873515470669,0.044350303355994,0.9203314041975734,6.094471458316088
2.3311265589418477,0.023331297941662943,-0.2750346552482541,8.001243107444528
5.161806719704655,0.04784246542826208,0.6875569452230803,8.314537247260692
2.0753996930922627,0.02498642418466687,0.4611880301198936,7.295294183240274
2.2001650853544166,0.0384414371143424,-0.7828046070769967,6.055804082262097
1.3976069386834693,0.03570092207255661,-0.8132277845980624,5.008374517979105
5.202474677485885,0.013819731483499232,-0.9876593204678812,15.530991242803308
3.671705206923513,0.011478039641208993,-0.5454632111266677,14.316736514173384
4.909776387010146,0.043159897160828326,1.940398696268025,8.537577235411016
1.2997397180809624,0.030489639386871006,-0.4886568621230869,5.2263205252562495
3.5224000547753804,0.042064680533184524,0.17097077261045324,7.324947761917403
5.440723039391047,0.016458514864555872,0.7736606753107023,14.5538192532774
3.6951119879645318,0.030833209825100526,1.9300043407166916,8.76291144928187
3.7603439699039036,0.043338231316718,1.391080078472898,7.45627959102009
1.7415649549959893,0.0397934611847146,1.0567105461160597,5.295512171825878
1.5761638331962207,0.01816458823189769,0.7643643925683437,7.4564462225178545
2.7902040816622127,0.012128474282961328,1.676071208774482,12.141123833768656
2.289775428053938,0.011203515295065636,1.4230385979030302,11.443616080299307
4.7870944383888805,0.017316713475973647,0.10553026454657677,13.309055979464642
5.348716201023918,0.012821562995612122,1.7413867338781137,16.349266838025926
5.773840905386785,0.04186372930721209,1.0845438333900073,9.400640386494233
4.320961955207125,0.03972409244365716,0.09046122300096937,8.348476308016053
2.9465559678153133,0.014644265606956534,1.5681841435036543,11.354487549911063
2.9176701286186555,0.013664024898939243,1.7610251056772563,11.69695345878949
1.6905575160792419,0.02083255126644176,1.4082708646737228,7.210871154420331
1.0283141153640676,0.01396759788528765,0.2740896423844892,6.8682489205493376
5.947868408600874,0.018006793983171315,-0.8268220221090479,14.548106363990344
1.6629990423259553,0.024746219314351815,-0.7833742294906825,6.5619899439169815
4.512681039959222,0.03840363600081748,-0.25931609199673633,8.677110668986467
5.340375382708281,0.02875955454351449,0.5348797574585304,10.907841153967508
4.390052027476272,0.049608697877295535,-0.19318619966150075,7.530085534247664
5.616794842820464,0.013202959701066528,1.4878419462422725,16.510210921648092
1.3218159945445733,0.016370472394485105,0.3950074631470337,7.192814914461676
3.1383948014579937,0.028678825479630996,1.7536530880976233,8.373694204479285
5.668984594309925,0.04943737079208045,0.8107619423699268,8.57173912707565
1.1326085916300257,0.01450539210580639,0.24617744679535525,7.07325278227598
3.790243143117376,0.04233400143180835,1.8335496961455604,7.574131919691697
2.048225508617092,0.03946116454170097,0.7898173795017023,5.766973107180254
4.821665759396344,0.034080192095997615,0.5684715345784999,9.52119639447806
3.8075070210389876,0.011805891510144308,1.3783500590687,14.375234969849759
5.992793351073909,0.015113367844622475,-0.09198876419715374,15.939621865406929
3.358390220677726,0.045357221264314414,1.115921329320332,6.887892300605692
5.770690219371408,0.04209626441122715,1.2098080265118414,9.372082243809192
1.9366460915433263,0.031946102855704095,-0.750382262921183,6.2324697426760265
5.835769093658474,0.03426535302727196,1.2129805198744044,10.446370726327435
2.9137424436401753,0.016791718910689746,-0.07878898394683354,10.54440290322073
5.5287865101136955,0.030718268513239916,1.9481817087103193,10.738918185682754
5.460921991141292,0.04934245367021625,-0.07384920869748623,8.421056962831573
2.577325484090683,0.033345820189231705,1.0891056901303569,7.037330080081508
4.910945409633488,0.03383646024225687,0.23377540485863202,9.643486596454531
5.517189252534186,0.014579057794218048,1.1619132914525303,15.571777933695996
3.3641364529063766,0.010607100304825276,1.0597839222354573,14.25549996342883
3.4860277724921525,0.007584996044674221,1.9558552994342242,17.16057089387242
2.3260166859425055,0.030317983014799158,0.8245399516558316,7.011327442886628
5.196151161033438,0.04428105910660709,0.7122817656804956,8.671133610796128
4.458973737738699,0.048141345250774806,1.5754904744516938,7.703752753954367
5.021014925578099,0.048368671601940416,-0.7705082686168037,8.155632838286177
4.9424785803106115,0.04231116264709175,0.12416747651076143,8.651450116482657
3.926560633516563,0.022567439329570647,-0.9731466896119984,10.558664781184147
1.0268649355184376,0.021758420874433564,1.8503315231085282,5.499041095690574
5.547418749703093,0.04504552433495706,1.0761416492234037,8.88308139410607
4.505054402839184,0.020992377060684013,1.3498184364253798,11.72635939248005
5.238434378336619,0.00946220832410049,-0.21208624766169915,18.83425694486181
2.114331641734204,0.01603729843394668,0.7352639977221394,9.191045982180224
3.6846175646143244,0.006625987423984595,-0.2195935536253908,18.876214122464276
1.626513598580738,0.049905693222182336,-0.7379999636929492,4.569806306958302
4.93182547952889,0.005533430585677147,0.48749808824197305,23.89739744801087
2.6475922458698875,0.016671296977065556,0.6425875762418327,10.087530155061996
3.204640139665234,0.006703107109152505,-0.2744836252214442,17.502316951437823
2.8365256606265534,0.01133040724653176,-0.26285897308009776,12.665273953855374
5.299613804479805,0.03348890521203742,1.7080237676136214,10.069678989877758
2.7588774182524207,0.014245169443772965,-0.8732039462698384,11.139774054093944
4.0932249286102875,0.04245550006283893,0.7205027760716889,7.85976958631388
3.8292496854815847,0.019611918358648298,0.19971481039161132,11.185123766910282
3.1135709359738817,0.046090374622589705,1.5638649408424854,6.579126744385944
2.9188044926594365,0.04324208640587308,-0.48815013013717057,6.576474986560388
3.9647761717176135,0.040596334405598344,1.2715296209963576,7.9106089515509135
1.253429999163468,0.03354367614036674,1.17513253398243,4.893151967316903
1.0690884029209178,0.013829217384281292,-0.33540765571140985,7.038044318484997
5.536116120832379,0.048023369551419934,1.1552816073281624,8.594493168181872
5.799060147979648,0.037344939154448954,1.5661631717846056,9.974862510811395
3.350611742918246,0.027801408454575655,0.30766061325079486,8.787647822960945
5.730824749689171,0.03345259301077016,-0.33758543519692374,10.477017279660592
4.904232873147388,0.027503238086921466,-0.5443065717423183,10.689013302987208
3.725224284099511,0.03959807136959703,1.9884942396131415,7.763958143526667
5.7047418603865365,0.01797566800242304,1.090039713308847,14.259998151496081
3.9500556465197243,0.01686000986122898,0.6951874814905352,12.252273549164183
3.0169167166770325,0.046110933564581805,0.29370648698361324,6.474760266351032
1.5658521990039105,0.032480592802637404,-0.7289543080512488,5.557857397369478
1.0226270878723067,0.011748880601150168,0.604298681485262,7.46800140125001
5.722999912370579,0.014195830834485508,1.8953344934130443,16.072204573434373
3.409546600597074,0.02035491896153618,-0.1747618531744679,10.359948969677596
1.113833047150667,0.014413629176269694,0.29433482442121384,7.036672959591283
4.699167099805978,0.03430747897937753,1.5593261991824843,9.36828363607759
3.310219895416336,0.03811435280697714,0.9049043032064543,7.459816371698229
5.2251626851998605,0.04552979991861331,0.9829493839594405,8.575234934665415
4.689264291891253,0.02432654873009502,0.6650951787942938,11.11363413818679
4.845287667084495,0.03260181160775936,-0.476245984600674,9.75849639890331
2.3734403457782287,0.028358886412659063,0.21848883464882962,7.322992063667982
2.2273061478611567,0.042508492096033725,1.1046987052136825,5.794234903010708
2.662486623928485,0.014435205684424055,-0.14232036845607265,10.871168288970562
4.950833020927836,0.042671749807038924,0.5668170444559879,8.622096975338303
2.5929531299062023,0.03848183288274632,-0.2670431523160034,6.570727376011285
3.909096538095304,0.011185741756389813,0.3786642481394302,14.964072143509815
5.9850835341240405,0.026943913160554816,0.40481085713377407,11.930228527352295
5.849569858328087,0.023891125224796098,1.757056139993531,12.52528606048237
2.3951775393744477,0.023909409811434742,-0.3597677269911944,8.011768963028175
4.242299553603334,0.04068998820471717,1.4465910348048139,8.173364616847952
3.864841684286139,0.03460196162026064,1.5622167439633836,8.459788079941724
1.3244668646609759,0.04293434263856619,-0.5266143618488069,4.445924974080487
1.0099667196391005,0.032084647192958955,1.608765636211697,4.491060310670441
2.3947729272065432,0.017630814644048184,1.9769700932794496,9.329104756922842
5.586178655952337,0.022265345004234972,0.520420740544409,12.67904916210886
3.234953723803756,0.019880399084715984,1.1025893645978835,10.210934181654848
2.492550907201987,0.03997597813804889,-0.1266069016133774,6.320718642167391
4.676166771897229,0.01101702962289174,0.629516333823267,16.49136966935208
3.160108700160478,0.03861479640175281,0.3688326981026824,7.241326437615383
5.6732942812488245,0.04675399198229233,-0.530223986419957,8.81763863347897
3.9150338867039767,0.006513257673282416,0.4695731310525093,19.62513362844559
5.565850405767464,0.027319604288901792,1.823651527324778,11.425429957194066
2.6058684845881137,0.005076743002003497,1.0102167575386973,18.135421218362985
1.6630070713817626,0.005581268164904082,1.1963876424824784,13.817344725542029
1.1315080722231063,0.034067838135306054,-0.32420508472142884,4.613181380091405
3.0639528970591634,0.018874113275987092,-0.4306372541234563,10.198862891111267
2.8059612255408943,0.006194384605968179,1.7587791158386232,17.03671031618372
4.443925018632102,0.005354140976183001,1.3495191543709093,23.061229083105122
1.9464489297012464,0.041038276593939535,-0.20960829403545123,5.512783528109965
2.728287139244544,0.02507157132648905,0.01122614428325619,8.35022640259769
2.9080733473022393,0.006057054604671621,0.7362850493439979,17.539448087397517
3.3361545596087048,0.042909703864515925,-0.375312843177786,7.05812446269596
4.135526772103772,0.03978317641116522,0.8079690091491039,8.161306350741409
1.9255232125745843,0.031062946862017587,1.7059709727372123,6.302270536134755
4.141149617936039,0.018554718523984656,0.43962329486781426,11.95851534978021
1.7479707722883848,0.041878956673804896,0.3581354783054058,5.1714597180803255
5.963065793542902,0.006511454631828875,-0.8726103714489091,24.223661040227583
4.9652342242191985,0.03293115914952576,1.5859097142799392,9.829022991373566
3.566819668189119,0.007113913486608876,1.9479553257867028,17.923807724640287
3.5587329157480587,0.02535968607793468,0.6047511626763904,9.482432300427579
1.8703462034433498,0.03934598923470125,0.3565551801960105,5.518928359048509
4.685208218220845,0.023611428910945902,0.8090902092168883,11.275798405282186
4.916397156372731,0.03309601155358683,0.16792815129218197,9.756176293318552
1.376902492713988,0.02533493342008482,1.8455801700832515,5.90113702551781
2.6897046544947307,0.019157553772294604,-0.9154454890415137,9.48475812796943
4.29701924510898,0.03129965711123577,-0.44258277721950134,9.379028362371464
3.7499060610777355,0.03131212270463819,-0.15299124467010428,8.759875399239675
5.899715017096678,0.03072244300039104,-0.7218676033227777,11.092556079988244
3.1705332905183052,0.008523875712127621,1.0245733517757758,15.438019823156852
4.457215505194187,0.03378698253100303,-0.04214794275122957,9.193928085623607
2.4379822152201163,0.014255726238732624,-0.6776445974874441,10.46802094503864
4.57738041611283,0.031124527007087146,0.4102135245987302,9.707359493455167
4.76337930311026,0.007262347334581665,0.10933725866419941,20.500434429917856
2.992004071489264,0.01720683594470302,-0.9244952558701558,10.55539696496006
2.3514758455264655,0.028150524304673467,-0.3825241874501939,7.315954683783943
3.3068974760053025,0.02856673192829303,1.8656828417510218,8.612397681593604
3.263100336007744,0.01177890252840642,1.1945512179064885,13.323146081186662
1.5759087710307207,0.017593272610512835,1.1248907869390328,7.575934478564671
5.438222036909418,0.03151245971128054,0.6702316947760802,10.515533365008823
5.019060153310626,0.04527765207983115,-0.7499649938757933,8.427780987816005
4.493015526305108,0.04151032053215957,0.06145137782413301,8.327888578116971
5.8161538811570725,0.008756557315070752,-0.17377364414856844,20.6298104006747
4.285321586891117,0.03617212764285738,1.0434672470657778,8.712617972514302
5.989884592305531,0.022160127277374875,0.2020355190223797,13.160339467607768
5.913641453522826,0.027135327775295787,-0.8669833158222731,11.816910562432971
3.7401420240247507,0.011290046522612392,0.4036814051889632,14.569349813299889
2.8471891287454083,0.036711810602846465,1.6979197411531413,7.0493527953414175
2.956887035335987,0.009113127766773223,1.3684458422020374,14.418750492221212
4.892744052359612,0.03776376979671467,-0.8862353062176926,9.111346601270073
4.136537525800183,0.021252537080876103,0.6764128718016562,11.167528839371878
4.381168243750028,0.028302148425296197,0.337165020639572,9.959310056128466
2.0105234477338048,0.032078006446243854,0.8384979403366775,6.337162969249448
4.091869384816445,0.040527873584866,0.44786971592209124,8.043183222450633
3.4750286217257673,0.036942643760001136,1.8088305471647046,7.7635293053032735
2.392679944821139,0.011824005947383573,-0.702453879212593,11.38685983184836
3.291846014761602,0.03689162324812411,1.1174042808202618,7.561359088404207
2.2222318375954133,0.03366329744910933,0.8696840745110808,6.50369767964836
5.721481893161304,0.007371804902520559,-0.1937319810444753,22.30033243418634
3.0954602918092666,0.034441675005154083,0.4640739488584673,7.5886491825449784
5.421989644275285,0.04040651997763149,1.3359902204786502,9.272516342784265
5.6467597289430405,0.01704055510453474,-0.1760781554085611,14.571416605517417
4.249324450697278,0.04853603628424445,0.3072407654728302,7.489826932125574
3.3702991266186832,0.026542060572704335,1.17669802594535,9.0200905156517
5.942439001617534,0.038787420143872264,0.041370312857601954,9.907883895657337
2.656532140885968,0.04578179639790725,1.7172649876779822,6.097546378341196
1.3751338047581616,0.03866255430828355,1.61660080002091,4.773876695327019
4.147760579177342,0.048352215208518734,-0.6606369524879582,7.413830313550265
4.657946130843042,0.018601933322127683,0.28124895458712773,12.666661911634742
3.614112102008914,0.04609476412631445,-0.7458274719398327,7.087923162766107
3.3287855237817583,0.009316538927678813,0.07402881464705868,15.13072002677935
5.213337427270235,0.029046457066719003,-0.7872547181167097,10.723963415796561
3.4060736917906937,0.028632502181187628,0.31081868504487575,8.730545065278692
4.75469371093029,0.010179412938051788,-0.5717801884225706,17.299912096162732
3.1655548333370183,0.012106370156989973,1.994657301003115,12.943804231425904
3.4150478885617845,0.01358770792651895,-0.3336399911053418,12.69022397748979
1.5950190996641231,0.020485267159008353,-0.9527750174831735,7.063275037098002
4.825308096043395,0.030485429191013755,-0.3912492398678573,10.07071619145549
1.5640193924640224,0.016069489614903523,0.8022015848452302,7.8970341282402545
2.4792441901603253,0.049629778284351105,-0.42856409250505834,5.657603065282034
2.019086237045318,0.029758099371868497,0.6038269596988228,6.5935427921794645
1.1121697721740595,0.013697813354739637,-0.1860299036680524,7.212800351109371
1.7962422412426737,0.007481520104336336,-0.9444520559248402,12.403136369464619
1.771508364604693,0.04748729667942741,-0.17911229634482462,4.889076917043931
3.3559488833481255,0.04603766112759817,0.03784125080966483,6.834315636117206
3.0804674159730374,0.03603005300367751,0.2657756835557499,7.401501796589936
4.704979239805671,0.018782112964197857,1.8557991400184952,12.669241693409568
5.247446628025695,0.017605555956285643,0.08675499296530687,13.819525537475116
4.09452306696328,0.035997505145492686,1.8870398870576528,8.537081933925064
1.0555522962759614,0.038706999652785984,1.630311836063746,4.18012349857467
1.4157012781637328,0.01829200062864922,-0.7613306022641435,7.042051518758587
4.1292979575530735,0.03153203901335101,0.1257394805587011,9.160223556147688
3.6033563374173516,0.01045297756035034,-0.8109429979741793,14.86201127979402
1.714180072384086,0.011835420579440347,-0.761931529171119,9.633417068553554
5.98896187094095,0.022254067969191844,1.3649171298404639,13.13152179152205
2.1705834210959054,0.0314544662021883,1.3936452646648427,6.649531853881721
4.249592358478923,0.03846657875967742,1.8229862952254359,8.413483456768107
4.423485147246244,0.029629453800645543,0.5646099271698357,9.780576483902228
3.280002258826139,0.04835484138249464,-0.3854512273119841,6.5926660864225655
5.766707125079515,0.02529596314694044,0.8909310074154408,12.085992696501377
5.088556123461841,0.04046607720798866,-0.4798827035557022,8.976266152823062
1.933437343186873,0.0192981093028117,-0.830990058085969,8.01219775729009
1.403914011175459,0.030755966723845975,-0.8639976542458864,5.408160261906869
3.2962478589370066,0.03978656042408307,0.18782693372831827,7.285942210053171
3.2474791549617468,0.022893245099719944,1.023701329012459,9.533744235328617
5.041727305391639,0.02876181300502199,0.05146674954615915,10.598039566275624
1.4901309902848707,0.029927625215327693,1.404741968715959,5.648330295453279
2.354888751933937,0.043427278798213065,-0.8385488815531188,5.8945123092848695
4.7055803263650215,0.03502637435234633,0.1381184816156642,9.277970620233193
2.539794473462533,0.04439495675586342,1.4435703532303794,6.05447455034941
3.241485161557529,0.014483521685916143,-0.6227994410587061,11.975093739493065
4.0844682402783015,0.039366630491341974,1.0151124155335882,8.153566723715835
5.521059441429893,0.018851296745608093,1.7962537065046962,13.698865014103212
4.679542615249274,0.027449057099732055,-0.5207104134692618,10.451580687684698
1.8764714948600854,0.010044896981670715,1.7210996569361665,10.940627506483514
2.786037134803899,0.010296514808885417,-0.7425182972225846,13.167166154442574
5.940696172277946,0.02659284779889193,0.795150549406916,11.964105570575695
2.199268505445543,0.045222873718330954,1.251369328980941,5.582182603976592
3.1090624129349584,0.04791891442045824,1.8982843449118656,6.447705971450321
5.059892220258504,0.018178021470886797,0.3530785636571614,13.354920797901512
1.4535498069466846,0.03966160132000842,-0.49380566638803647,4.84589306506535
5.9019435461553575,0.01742265297964506,-0.5639021176059328,14.732768746089214
2.0330021934181497,0.025748836747910123,-0.24748660544283463,7.1126936957829985
5.887634999896774,0.03492495722604103,-0.04675155137365383,10.393133060058926
5.437071021375665,0.03802868710189787,-0.7031906175674534,9.571297747760045
4.060202449636523,0.03054673914424261,-0.3123590077484407,9.22859114963851
2.7963767041908563,0.024389287114606747,1.649088190501744,8.57121273528869
2.2820178745398105,0.0140847034554126,1.237115652809404,10.188955297129105
3.4995915930889216,0.03630976242191229,-0.4736642873186935,7.858523719878632
4.160823139620933,0.010232540759498775,-0.5144349067873006,16.141425132639917
1.8284029179918182,0.030779609871624175,-0.44786569719171765,6.169477534595606
2.620156553193286,0.023638474094541468,1.463410839769733,8.427483112061049
1.4115278609757287,0.041797308687548704,-0.8118359208862225,4.6517306289300855
1.0828931680190574,0.02150567296325161,1.498292364820383,5.680156191571818
1.2242779811489957,0.01827849934874287,-0.34455725159206385,6.551092630527165
5.468390999366163,0.03228720635660961,1.4974916680484438,10.417380683523854
3.074974917795408,0.04373561149784082,-0.38098814257332503,6.711926267682098
4.040956224980276,0.026572470655661814,1.3053866164131076,9.871203258303353
5.559702588679727,0.006157383737899073,1.2149794218006242,24.053133380287736
4.766753278023976,0.035788356020778414,1.5787531755029818,9.238138141965717
5.501009271984003,0.041768129450769305,-0.2924196831907704,9.18634316951816
3.292596127161562,0.00640313274459982,-0.3367130662199145,18.151685930150496
3.665676475198471,0.014180232032943378,0.10941555791919355,12.870024903616326
3.046163566621167,0.049602654327854726,-0.49275755094321916,6.272896774920785
5.869107316733306,0.011010045365020572,-0.3191726355812452,18.481425282675023
2.9645010352060543,0.013679060144118533,0.43885321011641376,11.783970954178368
4.695310767783881,0.047923673425351004,1.0007344624908043,7.923208978064024
5.235402345932389,0.04722389706800648,0.07147601720724461,8.428263590991746
5.474584781116394,0.042058850568867046,-0.3411375633611562,9.132525274298375
1.9563449075062076,0.02530684983603905,1.7096551403533922,7.037973994342612
5.363855571941758,0.022866003523677667,1.9067230200126835,12.259913172183936
2.45963250283915,0.04390782702457109,0.26348207167931315,5.9911215266703595
5.561138711447042,0.019993713266043246,1.7469348249329095,13.3499341615533
1.7830831720094995,0.04306729507684165,0.4510213709351716,5.1505782839712975
5.030195971221472,0.041994108993618065,0.007093691588412998,8.760769554734141
3.4573310745358405,0.04374041707426124,0.4791111590866093,7.116607510737035
5.476173180901433,0.011149399612374154,1.3768250435888976,17.740131549078153
4.1664324973017814,0.03407654821407775,1.3313156455796586,8.851122806569316
3.170100234198534,0.042402743075761966,-0.17298139488788244,6.9212336504152505
3.156187675614783,0.019148891720738293,-0.37906447960778844,10.276697614114001
3.7710798042634033,0.005405533367365404,0.2987760932357635,21.14256016007823
3.594469768525313,0.04937025385394608,0.6133819139566623,6.830126184726713
3.199621021690018,0.008370383425381968,-0.7698022512128524,15.650224949428447
5.80494786434062,0.03795836880098504,-0.09642335782705191,9.898955706710998
5.2232301019963785,0.009874744421029648,-0.630385666573568,18.40986640502092
3.1437223170205737,0.029502089682124845,1.0228015080616433,8.263036846093193
1.4600750450669995,0.03142316148273595,1.5229263412669765,5.456405527824125
1.4442577438261777,0.042235772096328804,0.28165309949016715,4.680865079261921
5.257021346950149,0.027402797192424173,-0.6377799698001803,11.08706035548825
1.5202590766268709,0.04898687339157089,1.0712847899798525,4.459261403385822
2.8969502759735124,0.017297140262446435,-0.45466567439242855,10.359227162865624
4.644696239072186,0.04462263180463942,-0.6276224244454591,8.166670951671026
1.1500143686075017,0.022220351236180838,1.5131428630184875,5.758643098636614
4.778739084007295,0.021980536744996244,-0.6970528572005483,11.802703645968988
5.796041798021378,0.04909055851286996,1.0711751007174017,8.6978268438658
4.994873074636984,0.006293263058433159,-0.6410911166237934,22.551128273900485
2.806548342116816,0.031329262331986345,-0.5203783919907868,7.576265206748129
5.409354798618957,0.01591131974562564,1.166458068685262,14.759227327372948
1.077551330096814,0.027649404854743136,0.741000854134036,4.997123462265182
4.453255811126256,0.022537338938319752,-0.9539613951889231,11.252045854228198
5.159944775228603,0.03689993102143666,-0.7581393243966146,9.465721866730824
4.745702251047384,0.03161225181247945,0.038078028228141436,9.807685177883437
2.3942964948568948,0.01335648747311572,1.671655983784618,10.71733544447056
3.655908063037341,0.01615703232831656,-0.8974916379664433,12.04095201410727
1.5274255070688543,0.040549622646093866,-0.8226509090137393,4.912817151764128
5.367765321895876,0.023879666682676663,1.6706473120470742,12.001253782938488
2.0347164116219343,0.031467799428827645,0.5616168709056555,6.4366922772496435
4.316892015216058,0.023240277076068298,-0.9463019281178785,10.909602613725935
2.1680439442044985,0.022963907400645706,0.14345663803475617,7.777770721968876
3.6948588423166804,0.03107954188767614,-0.5534361360262607,8.727816586538816
1.7910112331522354,0.03159958628810165,-0.1236189648008541,6.026323567063824
4.381969783885896,0.040120662328309326,-0.3471972181838039,8.365552556979624
1.2740204077597648,0.03386087203294802,1.461507519822745,4.910018323598292
1.4616190422789552,0.01678792319932241,-0.11245775261401492,7.4690024015236745
3.379609414355656,0.02526668445373461,0.33033286584084376,9.257700295271455
1.9320991586704017,0.03517672880136512,-0.910519219373266,5.932407429900894
2.111301580559652,0.017999345053335884,0.02215109161184925,8.669434601785216
2.3302883930728537,0.04319142300735122,-0.0057950307498007,5.87963097710323
5.683071718235099,0.04443579913506786,1.5270329278321908,9.052510987376772
5.552550616832739,0.014832921142781393,-0.676023113741786,15.48734271787679
1.5985474685169565,0.04613266549805943,-0.640807612792146,4.711969645372471
4.1017772333439275,0.006814915179175988,0.4818751244030959,19.638114932996604
1.1956688877342552,0.017232465992505844,-0.5432965145593304,6.667695204479937
5.469255544788872,0.02199130412630098,1.7296593959996378,12.6235819950294
3.4234097880902645,0.008516645256745219,0.43866492496236953,16.04867398263059
2.1469593276420618,0.01984597730275157,0.6891469342741314,8.325678821179839
5.304770723248554,0.017959854193377672,1.87282313957044,13.75706836498039
3.348952788001559,0.011924917915975183,-0.5132999419044619,13.414386126096472
3.2638579901167755,0.010140920096499693,0.9900071869807472,14.360545473534513
2.92685111327099,0.011159175888227226,0.5753618322624625,12.96367825222101
5.223866000287272,0.006125170465828346,1.6091864326919736,23.376576760877697
4.926680148639038,0.04090165088774737,-0.31743151315524254,8.785181833921685
5.937439488371154,0.045299373845354415,-0.34642693470113717,9.16426182316731
3.1687086764193007,0.03044918759685771,0.4095485993913217,8.165772783288185
3.1059508404855394,0.030295991430233343,1.554316457400608,8.104919280204214
5.339360457790667,0.026694142716191877,0.08932385595312375,11.320891318337292
1.223153132590979,0.013232625586520674,1.0731458066267336,7.695935043943811
3.712420984103359,0.04594015537584112,0.8975608221149567,7.195755019021952
4.486479122970749,0.01605484183555086,0.47721308726696643,13.381161107427326
1.81690034334149,0.017635290014652614,0.9028348401690713,8.124904035679815
1.5343949535916321,0.0268040813863128,0.143826512298022,6.056365913756353
1.8867632032311108,0.03346754473183735,1.896764567505298,6.010225438859526
2.249906501834512,0.04599415768549309,0.25623711457720444,5.598541349982189
3.2182645352318926,0.029227061110920147,-0.5420808389890663,8.399671188573818
5.54570590191449,0.014701323458510902,1.950659916464283,15.546913793883583
2.850214831130819,0.012440335533946804,1.8082187048527238,12.116208563509963
2.7353450783826982,0.03258882563126284,1.1865958467046571,7.333574290042048
1.3539585486678865,0.010983605847462817,0.9238496740652178,8.887389299611906
3.344135155465649,0.012945951604331467,1.2847716242860345,12.865270171443232
1.6102925362109604,0.023709658086068588,1.6867793090314507,6.596806329344124
4.666635240667074,0.017847635838805206,0.5334716080123445,12.943614500175784
5.145910380850136,0.042267538600580704,-0.8838719515724325,8.832255420824316
3.6775486326027114,0.02766287163854626,-0.6265799355194912,9.229423433178267
4.940673884035187,0.00988016980880127,0.16003327256886135,17.90007619509156
2.025119065510367,0.03428297291449231,1.661010176339774,6.152194159997114
3.2334818059239763,0.0453605382680213,0.28559027066583664,6.758340999695547
2.116905076444041,0.0491053520400634,0.043749050199824335,5.255696371015089
1.7073071287505857,0.037211848432556746,-0.5405579845274553,5.421996025486665
5.825069574609542,0.042768906529885395,0.28995181901519906,9.341798055689875
5.412280965957342,0.036473255311395565,1.3162115679771982,9.750949187514054
3.9829241571054173,0.011134078531937156,-0.40750115595241954,15.1397208620821
3.223052416632553,0.039523200471818246,0.21577641482705956,7.228557190082077
1.0865681062546289,0.03950596592090078,1.9382636930976953,4.19798733407053
2.827452406707363,0.0070356178874623355,0.008787187893447346,16.046876832627085
3.255785609803,0.04195010651931243,0.6537123098627775,7.051887177017908
3.9639049156643997,0.03550023126208047,1.4250811378436032,8.458434931651023
1.541785842848439,0.031638574293132854,0.32195237224240913,5.587886342728404
1.5063438729557532,0.017271053924237334,1.250666997720539,7.475609931135277
3.2786849675544834,0.021083522563914756,1.3125131313194087,9.982107622925993
3.8794508956836156,0.02019961273583856,-0.5338366127675608,11.093219276434178
5.211632567025354,0.015295655978191849,0.2253798282560331,14.775658017534768
2.2424533978269334,0.010482224914238962,0.808335954794956,11.707898963631637
2.1552370888498054,0.029676818502390477,-0.8513033663404456,6.821546524203773
5.613240497603389,0.022610656442427116,0.5602890564951091,12.612298158944872
4.899240142927737,0.04727156686435836,1.4101330680708264,8.149075746652516
4.230480330269492,0.024612854769215875,0.8172877590784751,10.494405356681874
2.613724897709361,0.025820465935198014,1.9993473358067915,8.053634011644956
3.1904820985393196,0.032349773538963,0.0610354252628591,7.949439774079875
3.920236304696129,0.023323680616854102,0.7436207492912734,10.377710946252405
4.950034252748312,0.026821775675160663,1.1375308775412902,10.874375584818827
4.568086711457802,0.02336223615688181,1.564502297860888,11.193192026613895
5.661373706322606,0.04094270821005989,0.8835625905086326,9.412752042921255
3.267174834310297,0.019471004889224323,-0.49837987199959644,10.36897898831783
4.947796293694665,0.020916781703055894,-0.4144934251596871,12.311258866209828
2.943180731656683,0.027847258319312566,-0.4406265206768296,8.229268524844384
5.546133027059446,0.04999028369090355,0.2189808729317917,8.431334704493427
2.5026275337385364,0.042722418645105065,-0.6331849279770776,6.126524620969184
5.848164142868197,0.010937902764848005,0.8019494097956041,18.509161183111058
4.561617202745948,0.037430831260150635,-0.03413089669932379,8.836670728052507
2.646323872598318,0.012759009169905583,0.055798504291454165,11.52808081249062
1.3949930194495754,0.006932477958683847,-0.8581806419696282,11.354963909579656
3.3368494897463195,0.011965796068046703,-0.04612750488266759,13.367232449257182
1.575279341901807,0.0469710968782326,-0.6285460574227337,4.635615726735671
5.171238214477909,0.030156422204684376,0.9871223294636611,10.482173752167242
3.269113898400258,0.037813747299901605,1.6795128672216522,7.442762433731258
3.719381228339971,0.006599284782697398,-0.6587587819607126,19.003382157626394
5.175285714877958,0.024279311538170294,-0.6684125448678477,11.686728945401182
3.746610694090885,0.008416025363856102,1.4000187810808735,16.88922634722041
3.1049877868859665,0.037526802851287414,-0.5634695813871092,7.281203262780832
1.451326821492237,0.01989190011327275,-0.3379843827776401,6.837360292887683
2.962961737602661,0.0063120432217354545,0.29629523371623523,17.342912354472976
4.680432801779487,0.04433486495796923,-0.29977153800877854,8.224590843754399
1.4701265387466353,0.0055532275301696885,1.3012177393602147,13.024126761966675
4.979067297616684,0.015657633751183613,1.6517298266410556,14.274303377370513
4.3826600514852,0.038362981339904435,0.9564301382386258,8.55572283477244
5.918203716535982,0.029022162019846698,1.7049669420251314,11.43073255749554
1.8666795895149333,0.011225176565109005,1.3213185066791326,10.322438134727983
4.183123513757989,0.007991447451316516,1.8673015843829184,18.313932523440567
1.989468509241775,0.0054546007196988825,1.5134289036681703,15.287308915849382
4.454375839848012,0.03050649396349243,0.05041557916689965,9.672556376380225
2.8371907114974566,0.0191526820592064,1.8345982701805124,9.742568203016013
3.833723452321613,0.04357858179518605,0.15542555497793553,7.5078888448145396
4.829873893013717,0.04857942435652338,-0.31118212465054373,7.981521784826981
5.757738849382756,0.04925918506544366,-0.7186905245541525,8.654188686523655
3.4082914744058574,0.04344471227135584,-0.37682296655493763,7.089961733486733
2.0617193528150213,0.021499237016458776,1.5329981054545678,7.838757687815603
2.330682618780984,0.046353057192429395,1.8808927276641736,5.676052017912833
4.3278487948781015,0.030925375518853198,1.703084325073564,9.469401662245572
3.507369874601105,0.006893527311474754,-0.11288233918173574,18.05568723408074
1.156672676021647,0.016721322373999287,-0.15970088441050245,6.6575420474124485
4.608323326502215,0.015383252604936223,-0.7890627064507144,13.854516526588922
3.7333290861824318,0.04026828447785238,1.2260271211859868,7.70744727761646
1.043547360950362,0.04084316202792104,1.2438070443256315,4.046135225105251
2.7626987319603593,0.03105627890477378,-0.8966228423644143,7.549810391593391
4.584125123512575,0.03675189289950135,0.8726199604859937,8.939893912934423
2.5056414052166494,0.04080194759955167,0.30658713579294083,6.272822539740359
3.4387103807694492,0.0058927269891022645,0.3675051709090953,19.336756539299085
3.0759379927813235,0.04401031922940683,1.7434366379383777,6.691993624527829
5.636459508184227,0.03337152655802475,-0.8175172818539741,10.403013177836499
3.8863331611764003,0.03773041652110502,0.03732298166359871,8.123968000746018
1.0420659184921974,0.03575268605651178,1.4430346230979527,4.3215271732776035
4.18672835636143,0.008821483319051006,1.4954359566058741,17.43855811711345
3.1976289690886834,0.03512249098282236,1.1060705040429708,7.6377487847971235
4.584761556042201,0.015780833466279363,-0.19082856805240667,13.643864517588854
1.6221004314679952,0.04961981100079452,-0.37625075854535417,4.576730151610614
5.245588538231009,0.026826024792508854,-0.7812045403949885,11.193423610521569
4.222714664536474,0.02614772978735027,-0.6770412459934669,10.17238675685967
3.2523079846104195,0.014682624120831201,-0.05475512637740243,11.913461946892166
4.790447227586043,0.02265295312314864,0.8693285181896517,11.640445630828832
5.765547028132469,0.031795344101240734,0.07102347861553282,10.779099589908625
3.67608907602379,0.049079884251497057,-0.8301829940292611,6.927638832496855
5.005333940206645,0.04262184974119953,0.4031113562232318,8.674498408002663
5.138883357230961,0.01257424724998394,0.35018843036009617,16.182192827675237
4.498815516458776,0.007057229250750457,-0.9658923941663955,20.210449332126757
2.7033009365448337,0.02025299802988456,-0.5608817084685042,9.24797244202633
4.228991631821342,0.03460558921539449,1.0858963692571661,8.848899822298101
2.166767104552552,0.006041398930595287,0.0591479844017373,15.159376851044858
4.848790978224994,0.02909736362139255,1.797303314414961,10.333177759408763
2.840970138726946,0.04647044441554566,1.0183738080241005,6.258768833479349
1.7412676365280528,0.049991139927226806,-0.19156724466380348,4.72422130554935
1.6937528780743665,0.015032714822829616,-0.7137940558033969,8.496700369656402
5.967590918241976,0.01677857548828304,-0.902340345354443,15.096141878183554
4.356013853195593,0.009423514744706213,1.5011370252810208,17.210051052593343
3.84760162187949,0.005509280229234917,1.3178050868926432,21.153956533313686
4.400105214787719,0.02870566099057838,0.11268274538070244,9.910412800705108
3.431548452701967,0.008200168176940663,-0.1652745597415246,16.37486309673827
2.429583151205894,0.025106259400672955,-0.3182648229401752,7.874425299934505
4.583090490894065,0.0128908218396433,0.4617889748342421,15.093254765959253
5.865802150709711,0.02407894716986137,-0.6571392769296402,12.493638857151444
4.164521901101386,0.024619094348534324,0.5489328743054185,10.410954023405127
3.875906232850223,0.022234260695968774,0.4245743097027146,10.56864411745962
4.93760507255605,0.01561900352597071,-0.7720168270799032,14.23231356522293
3.522534417161812,0.04987420157516172,-0.24022550443484914,6.727189074806914
3.7397588156023205,0.014829321387021574,1.2917784027761066,12.711744298171588
4.575177343164245,0.008507116830469298,1.0473403194626405,18.563367289917117
1.6338504456981418,0.010052507328767973,0.0815633817269561,10.204998400616349
2.513692843303457,0.028972907551294187,0.9397222631207292,7.4559683145306845
1.7280053135660278,0.007418173277202917,1.4350997436255746,12.217097497317578
4.260188294118113,0.03685018549657078,-0.7804962279250329,8.606737310530052
1.968795892740496,0.03745831795446919,-0.1723119223904448,5.803235583658824
5.611265334623883,0.006985749376114276,0.3183446564528585,22.686520505116967
2.602909530848663,0.01630827788192615,-0.42298311694763824,10.11275475051926
3.7171971009442957,0.03851072532719691,0.24303708378657407,7.86431563129898
3.20313393571579,0.0253490699365787,0.976138689701032,8.998093968019266
4.89444864929062,0.016191199494392683,1.8577128989182032,13.917344129189633
5.974094715612894,0.048024913190047654,-0.528386951838231,8.92784717241969
1.635395132766155,0.04847661356204039,-0.8875619224411712,4.649317482357329
5.361775725862062,0.03376508710904453,0.857644946460608,10.087054669103237
5.034278399302508,0.007400404994323409,1.1943212738902398,20.877806122506716
2.490026106810636,0.042132703315207486,-0.4119223484492496,6.153699395138636
3.0676462485244347,0.009821831479191755,-0.03073406066590767,14.146545113853211
5.495628763285869,0.016327002382686372,-0.8093810488964885,14.685862429198943
5.309802461371375,0.04144587509758017,0.027708428593569367,9.060298685370947
3.1580067649038916,0.04235948429803393,-0.28672522773255316,6.911545726308645
2.9594978493402286,0.03611961338454834,-0.18640453691022363,7.245718501323923
4.120252259555424,0.020535593515899425,0.9521440797067933,11.338412768836351
3.2884961901284764,0.04848192581305009,1.738287857609568,6.5925393377228385
3.2797048435460736,0.008306221368611292,1.6529854610264954,15.905950247792807
2.2636943327927606,0.02280006413271938,1.8846610427878514,7.975994525502875
2.2484923482692825,0.0159566423206625,0.3326059402576971,9.502085669659428
5.959838019318468,0.03909945381750911,0.46834707945892173,9.882705926239778
3.2591474997613807,0.046877238763147006,1.3801617827173422,6.674442354409934
4.291706741456055,0.022966980393493517,1.5253731443636185,10.942260735538284
2.682825396735092,0.03931856149571485,-0.7405557935236657,6.612130006030275
3.523703908978975,0.012461395508205084,1.2612904001396386,13.460474007921999
1.7741492727534132,0.030529508292359477,-0.7775476550694007,6.102097796791586
2.5445209103903697,0.013067476419389261,-0.3480307938548266,11.16994768995864
2.0440033892571488,0.01447593479996951,0.18270763246069088,9.511773199490198
3.8432413124672475,0.019114779195675,-0.5006525026515332,11.350321782355646
2.137777013267368,0.023739445910297807,0.6203174113696988,7.596086509647806
4.213306450365861,0.008689983871945917,-0.09035136284734868,17.62568598717846
2.144159097068854,0.008427171016288426,1.3387882245523732,12.768256233919269
1.9315350591718397,0.03028274384678627,-0.6638597764891567,6.392896538263102
2.3826287312124492,0.018366974886375034,-0.45908048886221753,9.117029517290808
4.941085930653058,0.03685467345445585,1.7149672284203574,9.268488370474145
4.90455836548497,0.02158734056379831,0.2976342993932435,12.065473545392813
2.5788165446397824,0.025282609567183242,-0.3927217118806492,8.084315697064952
5.384059883312313,0.03078069337134992,-0.8229098108760176,10.586678664741456
3.514740320777231,0.040237766724919535,1.252197738249646,7.4812415508083046
5.051267458855381,0.02678841105022174,1.91271508500044,10.991847511542197
1.9219988042621903,0.043884594632252055,1.8140099569514336,5.2974211454502464
3.652194818850175,0.028073906382280106,0.8938580548586343,9.12997385913916
1.543080841507844,0.028364892082694593,1.2589838780225016,5.9040192052110685
4.302136516536075,0.041908774576272186,-0.9851522173437596,8.11023806209683
2.2843249761235045,0.02276439554002285,-0.8166182755281948,8.018532103718323
1.872371887329563,0.0374715306492145,-0.5602100581292657,5.658343763723875
1.2046099933664287,0.04637870634884245,-0.3424803858662082,4.079509091141574
2.69182244223967,0.03903950411039851,0.6031815884731142,6.646837299096417
4.399090614726767,0.026845024768555232,-0.6008323341550542,10.246924567472162
5.3179976010470655,0.04766050211110074,0.9595689616725858,8.45548944153704
1.9100948650893281,0.02613326102422475,-0.15360954405266847,6.843443012636902
5.417801942070535,0.031786349104508636,-0.6792190583044028,10.45045567494388
3.9705978624765317,0.03238190587594736,1.523330555928744,8.863816137787417
5.721763619468881,0.0380902142393093,-0.5178094288851641,9.81075065523623
2.5147243690974816,0.043001183999163826,0.2697269524011683,6.121374895183611
2.6022822905247303,0.028429556712244314,1.060816570972301,7.658366546669067
3.246548260360559,0.00891876795697092,1.2889733021877157,15.272231157867475
3.5987872234617915,0.039620985658545736,1.913682790842206,7.628856345433471
1.2657995018437849,0.04009323571178105,1.271774716586326,4.497704266908048
3.3214720197265453,0.009227787708075115,-0.7794779939499983,15.186597807345533
5.776264135245807,0.006612284979479374,1.890101229008133,23.65874647930635
2.845498184380281,0.03371924417880736,1.2695878255280437,7.353332945759122
4.55993215736072,0.025614651873068287,1.169640883043627,10.680189327043752
2.9389162491456897,0.00838109300167519,1.1213674137156895,14.989504085065251
4.133816691175898,0.029545649896275093,1.0178212033004583,9.468317732450693
3.6306877362998584,0.03276129502530508,1.4063133743300424,8.426707289273532
2.252609313517784,0.04956991717883781,0.24667061293523673,5.3960731794802
3.1490783172864107,0.014516386900460608,1.2007971894751543,11.789800414816561
1.9855533712484248,0.041940346533045146,-0.9570911455422622,5.507680832036225
1.2754651206808272,0.007537966757076987,1.204948292208825,10.412407927915593
5.535092354128895,0.04744506537711796,1.4053755259064422,8.645913790263569
4.729128875026973,0.00501243853324578,1.0124559043396277,24.58725437488707
1.2309085026071194,0.005097594089210091,-0.6139186724216719,12.438678712507333
4.032524161773462,0.0437491392307904,1.6466918674114006,7.685068139568336
1.0406158217540784,0.010969538167096437,-0.6531192629777074,7.796416470751105
4.550641331018822,0.010761279898765323,0.4014947378913618,16.460701122112724
1.6397871317791513,0.027935617442523,0.08891743261506102,6.132796998284868
5.425861300404127,0.009755744094493937,-0.41431346510875866,18.877658866296446
2.899766540446032,0.0367431811744146,1.0305499825972695,7.111105629884264
4.98610343826644,0.04950638028922517,-0.2759086253202844,8.033301092147823
3.767316188478687,0.03357939218130316,-0.019182610941475886,8.478589525659803
5.7292916058184,0.02803030812304213,-0.07151921610458556,11.444070312929082
5.527528584567586,0.034425077086046425,0.5329479579525218,10.143130838392747
1.6430048095651173,0.04244916406629082,0.6533208530306747,4.979994188540772
5.119284456111702,0.010709227445001471,1.2196279171626339,17.501269382736982
3.7375069236242098,0.008250921706207486,1.4773035969383788,17.036632670521023
4.528640726715108,0.0053565617579941615,1.4377732791303846,23.274741460172876
1.4466978178267573,0.010152546590763239,0.7425490766231406,9.555323773745526
4.962478716718856,0.005311722891565731,0.22952208847025402,24.466712188452394
2.0448802526305263,0.020182038223105013,-0.9599226866859066,8.05740916185165
3.8983801455835763,0.0467428504339796,0.3910971059388859,7.310186999728028
4.15133335870376,0.033987206286544204,-0.23757790744431007,8.846674750183839
4.578052820917232,0.013848086850596686,0.5161833464554704,14.554238921917891
5.7520921880619715,0.0075171584745459055,-0.001279497733707391,22.14267346563317
5.821233193287217,0.016334729040678325,1.8223345594135472,15.11108055859058
1.7205276186910616,0.03182878000261655,-0.09853915623120835,5.885248668736217
4.388130345380706,0.04100458511939538,-0.9736010064557336,8.280709293819282
4.052189581996022,0.019387322943908745,-0.13347689489189296,11.572573432943836
5.448235408397502,0.018127629323555657,1.1305274863497345,13.877186209841703
4.778335064235037,0.024922365206424685,0.7371641133863562,11.083773997754395
5.981879795229608,0.015976497765131093,0.15259244844080477,15.48895218507391
3.3512942695395793,0.03650339155606917,0.6020630126783342,7.669793358133425
3.2112838366701735,0.0266281698579999,-0.6368526959405956,8.790481759821557
3.6082826443639124,0.012695457556901747,-0.21529206187299454,13.494912888662292
2.68714260633214,0.0103162845642506,1.2729279588575868,12.918964077095582
2.096812404875579,0.04681732789884116,0.6928163954442508,5.356985452625059
2.0079882924638386,0.029791320090727238,1.7167636444916559,6.571729877353243
1.753608579205895,0.03155006479297213,0.796095284200202,5.967744109024555
5.1428181519733025,0.010741243944590933,0.18517934376144263,17.515288043395785
1.7333543379964014,0.02497480046957176,1.3846667151393701,6.668630462563643
1.2299149041311281,0.03524556853566579,0.035673583684129095,4.728563893148812
5.346542569809223,0.04500946371485705,-0.8441870485292429,8.724259701708386
4.842755714405815,0.049670099353244034,1.32508098666227,7.903924015542501
1.834733497254283,0.03021705057709009,1.941923831157518,6.237412251955094
4.828648512431494,0.01638521469231494,-0.3956150220356166,13.741391664193472
5.389694329838656,0.04686446001671669,0.5996556458826636,8.58428738933101
1.8873661584699455,0.012653657627364655,0.8452763157126633,9.776063904099166
3.934730087526108,0.039160491818452575,0.6007357280052785,8.023750099706286
4.852982757901813,0.034127437074553846,-0.24380571312143096,9.545452626472395
5.065225501322173,0.03889827648456816,1.9979674911229157,9.134361656463005
2.3964113250739407,0.04717402954400836,1.1566833127323464,5.70523035253037
5.364098111851902,0.02457558194320623,0.6640964006677743,11.826069876323304
4.114384844572006,0.022141784235446278,0.44420125560939105,10.911642742147654
4.33569485092007,0.03578951100995849,1.5788960806720995,8.810396662829524
3.7702384730394303,0.04285076061129465,0.3551966714882946,7.508429936080628
4.469870514381313,0.014403401719547418,-0.2901620843545718,14.101292597024353
4.609372359527537,0.011870523087032972,-0.18776306264503972,15.773568560994143
4.753592401984299,0.005475298184499278,1.2835393038370877,23.585825004784493
3.101508058633849,0.049589095606299274,1.9492494242426641,6.330490374551542
3.196222040620267,0.018183671330552435,1.8859558575499777,10.612597036787534
2.3816534698170786,0.019639401476843208,1.6331430948842565,8.814935758220448
2.3913408114255734,0.015714012971355905,1.2569304125976206,9.874637781626342
1.3146182883386905,0.01436227204982032,-0.11921405312048605,7.658297797352429
4.943868427868063,0.020408780767361457,1.524358329301084,12.458590509485242
2.7869889521868356,0.030125810577665883,0.1531195430256047,7.699140459601534
4.875781812487794,0.008715570006971513,-0.8626431429761388,18.932947185503394
1.2668974943512123,0.04572771171907662,-0.22611885906630902,4.213325324704439
4.350089826337777,0.0228129817646051,0.294021325260732,11.053557519404778
2.6436649083672172,0.009224014489094642,-0.8219410514028724,13.551494857989626
3.911841168600615,0.04950320414329505,0.21186879458032015,7.1157051019311295
2.772847553937706,0.028388368968155598,-0.5226391241127918,7.911098026441773
5.96382674314902,0.012960074437051598,1.3687476064140216,17.1712831952918
2.5010594374193946,0.011579467989696848,1.0356603822633001,11.764180866607983
4.959439571893033,0.011696962841595382,0.6261185619359853,16.48252473242346
5.471152147906633,0.025742289377173544,0.04416090226432079,11.669702964616823
2.060634418329937,0.039110044417585414,0.9206061324111945,5.810323455800575
3.670437506877233,0.02573584180029522,-0.7450477419239087,9.559467865930461
4.7128921582929815,0.047192277923586115,-0.940709692299017,7.999305265508983
5.589707307962138,0.02474166264015872,0.42242697939595963,12.031619339823875
5.857832603016925,0.042494824600877806,0.666978390750431,9.398194909911936
1.9494236267862168,0.024054200223627385,0.5882790197714265,7.20612251605528
3.4732897471842783,0.011680138795369135,0.79798573101887,13.803540541364029
1.4860961539294375,0.035886513795399255,1.5449178407459563,5.151121686405682
5.832548088423745,0.04592420672438838,1.2172213112242791,9.020950966187712
3.451961609390903,0.04167777979705704,-0.6498098791383555,7.284918213805243
4.701457062700545,0.014568001297102954,-0.8348630016038942,14.380044866574965
1.3971440919622617,0.006855930258021068,-0.7123970080958574,11.426978059031516
5.4460837437115615,0.013477176759010525,0.1699510448174637,16.091135246551215
2.231060774005045,0.01902759209592605,-0.80436846464992,8.667777882307231
1.8841430663296055,0.01627682033185248,1.067415602831789,8.61224038056923
4.674443900806374,0.02519453201722333,1.9714558860944642,10.903246176985487
2.2626678379463954,0.048007479776402795,-0.5689770281406393,5.4954079512123615
5.180882426846858,0.019632335936986236,1.5894021566656034,13.003488251879043
5.622131585621668,0.03871297001725158,1.6042637959715145,9.646421781096825
2.021351868263716,0.02240008496606084,1.2026084294510495,7.603965136553595
4.042680037555975,0.04203365388721199,0.9284440127413109,7.850188817484041
3.3571353076118413,0.04065943000012824,0.8619006634913782,7.273572457447658
5.262182025539045,0.041539608802340824,-0.8015399969754554,9.009396946525241
2.253321490620879,0.01993512979113055,0.7577928026040288,8.51032283805705
4.5930061211203705,0.027739608000978504,1.1934045693068311,10.300121366319273
3.5455853644390336,0.01657795036200648,1.4049705957796172,11.706378050093864
3.691960875101666,0.006799070728201901,-0.5953712488556858,18.65295984187009
2.146483108290118,0.019119667740872835,0.4804958235466903,8.481400213974894
2.828363300218905,0.028842220673609007,1.4480213375917663,7.926787917651983
1.2280365563873028,0.03307308149763516,-0.6030544583878904,4.877668788191021
4.123275182990556,0.011571988436183346,0.04821797175045095,15.109884836994242
4.8238999498815875,0.016528475608220985,1.533651421532909,13.674981106699887
2.9550858980810215,0.013606386721359127,0.2536796259348375,11.79662134142723
4.800414607538879,0.02140018553729435,0.8311487965743938,11.988769067159039
4.858477896062586,0.031696831781527705,1.2487388736406189,9.91028576956437
3.3905110618476515,0.027597153269806305,1.663878539936035,8.872467756583102
5.274359639842481,0.044370087551608636,0.4514752557355748,8.727376595182047
1.8942437924713365,0.02453452343017007,0.018216204878521713,7.033526253450683
5.110370208115218,0.04163908071022147,1.9280699780364494,8.867875855957696
1.2730226009914993,0.03537413651901524,1.3622135025381654,4.801966467247819
1.2704374360105455,0.02253103405040423,1.3678842444819388,6.010769431557324
2.1855488253576887,0.04813012047842487,0.9121421219692072,5.394059986707224
3.471640396994588,0.016010267960162437,0.8149341045337208,11.787238093295045
2.9564856497126573,0.039714765377304125,-0.24511360850921315,6.906465978306106
3.730336208710646,0.01701496675113462,1.663599475293486,11.852294258338318
2.036726542041881,0.04466410497731609,0.3284616952703152,5.405439780555987
1.131145691317422,0.007348258016721788,1.3431614888524503,9.93141349037796
5.198757390700713,0.011494698267574504,-0.4625842092551007,17.023347999180192
3.149757642614688,0.013390010162701645,0.3697912860543773,12.276995752836347
2.9547877815506762,0.01471195395246866,-0.9567126342213155,11.344149950298606
2.413902537655871,0.011789680988433401,-0.04023178165197361,11.453885265334494
1.7672657740093087,0.045804736093045306,-0.13072699798179843,4.972098577621636
5.120139029555617,0.006661851868636687,0.7083018711461215,22.191536898350414
4.285568378418449,0.024252419987389567,-0.3867663165329358,10.640711390922558
1.7301571904010242,0.025312843207749392,0.41585613154331025,6.6178406585110165
1.3201104838973814,0.009046283725597782,1.4515391736679684,9.6697228662605
4.437979477678053,0.026362771607583206,-0.5697089005476693,10.385827401889557
2.120959246205198,0.03920054831889723,-0.272618000066456,5.887949557298996
2.1962113150970124,0.034703895850854476,0.8271008883440576,6.367836976070938
3.508652840045049,0.039445456976757706,-0.1919577151120243,7.549456614148367
5.376703111755517,0.03997093790779332,-0.3989364600446611,9.283887058144783
5.797417982783412,0.029211327464197755,0.12720248974535808,11.27679407149056
4.719262431929353,0.021847284177692786,1.016563388843171,11.764739766252292
2.882233451172998,0.029722110258272993,0.12978978755462744,7.882586521894723
4.092344259260978,0.0431220971975632,1.4666590157172115,7.797944375880295
1.833279344429218,0.016104928518343716,-0.6562704084213775,8.540413759818968
5.031872774566108,0.020912972254360673,-0.21247894405853773,12.416549808987723
4.73420659254802,0.03283923158324706,-0.6574673675771429,9.61105581739312
1.9155850689034328,0.04465141759411469,-0.5728303930064528,5.2429665343408836
5.582705836277024,0.04989466127325152,0.3153608957624374,8.467190340616519
2.3253254224770057,0.024128674909328268,0.03238839726730136,7.858128449172894
3.4870069362752516,0.030465356687381095,1.871715843173206,8.56381470207184
3.9792737714864743,0.021746199863058157,1.6943935507816499,10.82814871547825
5.867995932277446,0.04721519313864627,-0.4225582690883064,8.923762565730694
4.363090941426664,0.02819348053380023,0.74873438249243,9.957877412588491
2.0881570516713435,0.013884351135033026,0.3455013110816352,9.816637975087984
4.940485641856872,0.03975870349868976,1.1199144164132968,8.923037198670974
1.3185248539404744,0.010463379884053672,0.5254728264634534,8.985704934032347
4.616700618072585,0.04471500509974669,-0.14748294233166326,8.133607362497365
5.8009129749619035,0.04365910159964778,-0.191231440223542,9.226877770260492
3.6227633311546366,0.023993466629698378,0.9691439865046103,9.835976244661737
4.374122507089984,0.030204339982457383,0.41361778472472466,9.632849737989467
5.011861572948697,0.010759935761795441,1.44404862865074,17.27582054536878
5.7467156201773,0.04713898998209957,1.1016600563349184,8.83819758679502
2.872139248262523,0.007794793562103627,1.7346291887017067,15.365419677610436
4.353655211593621,0.009380675766525152,1.385299585386372,17.24463248204275
3.9341048570034785,0.018520418929294572,0.09916352494119218,11.666525972412611
5.339617433412937,0.038205090651746786,-0.2798742022465027,9.46320925746456
4.07967468916081,0.037177121153084434,-0.10090476110851498,8.385305280314993
4.818533386348691,0.010057167346930452,1.6923281200056781,17.52118953490288
4.315575372749343,0.048891447929658764,0.5478635187698844,7.520503075239499
3.5256862822532833,0.037243920433375474,1.7430856266649126,7.788218506288714
4.866635851943715,0.039189361076356635,0.5728034711912444,8.920194495429344
1.1366831494838674,0.03329962835244552,0.5018800278742799,4.676748411930694
5.254970525845087,0.025695459880033616,0.4363515307965433,11.447243857403718
4.790667049129036,0.04208661861674888,0.46808166228748327,8.540237861094543
2.1629414131359357,0.03992475553523174,0.2458342294609115,5.891762541437654
1.7337678355418886,0.046669051976307156,1.316460680770966,4.878934314316103
1.6158159320481058,0.04510244769370571,1.0044620432290086,4.791151203741239
5.078944434154149,0.030482554790272703,1.387367939698994,10.332491077464406
1.8209013775281946,0.03025167340751651,1.3246130423257978,6.210298860128227
4.175513602071222,0.03756571218153695,0.0951308554083714,8.43923591858152
5.314534609782292,0.03074150496826044,1.3960358234519044,10.524804733781359
4.836002621648269,0.03446532072154721,1.8042379544785185,9.481915734097623
1.4545529833563038,0.020599155931701356,1.2248124734785693,6.726421061602862
5.434607838126906,0.025161671098980518,-0.624578320166268,11.764090438129099
1.782077207214197,0.04113377024667318,1.020114228345256,5.268754811076488
3.4723991837003707,0.04102805687881756,1.6729569319387925,7.364077289592874
2.724529424649952,0.016201334486731334,0.44232899945668613,10.380406162389605
4.328279818267359,0.043323071620940436,-0.32624762416311226,8.000958802571681
1.364875378835234,0.028879653812801005,1.665544171046609,5.502936457386105
4.397863175820996,0.032311700517326764,1.0295707805159888,9.338668066358526
2.1511189878354933,0.00881130211964612,0.6996529882378335,12.507086698957265
4.886341158044697,0.04545377396983348,1.8392561606824,8.299480493221552
4.952207379412765,0.0070330490293640645,-0.02191530891354032,21.24083467617634
1.2781394495732503,0.008919791005467498,-0.9798949718493223,9.58199125297076
4.883250188971888,0.016056934163952128,-0.8721449015124194,13.959413249673409
5.883102600362008,0.02004742245594177,1.4532488303234756,13.712540706699391
1.908722796516552,0.027478376543033266,0.5157988949410104,6.6714446113609185
3.4768568147076095,0.022261056546301877,1.0781945807183821,10.003788612680951
4.7927254608851095,0.04859239346662978,-0.768419317856493,7.949706962681462
5.581524668761356,0.04082186457980382,1.4941550426785435,9.359960051373795
2.2290275837721163,0.022082117015439974,0.23309140099402859,8.042320151790182
4.171466847953922,0.04015940447848794,1.4138615965317363,8.158207664032451
4.070294938673088,0.01702110511381269,-0.34727479931775185,12.378358394816471
2.6432017156140946,0.04534269166330354,-0.7745812913882175,6.111608057136036
4.470658316181474,0.012752941306478562,1.8629894742837094,14.987339618472271
3.3377908078217677,0.047575837622799114,1.5291566397930807,6.704715052484304
3.6750763283123624,0.033683250769233196,-0.5663420925454524,8.361230038904175
3.118083370089198,0.011766027424826554,0.938622342822081,13.030855325063854
4.882885747612413,0.014931099451774434,1.8362330655174324,14.47559343490581
2.5427713399732195,0.006950892477759271,-0.949187396936096,15.310076415394734
2.1404972330250187,0.04296320117151747,1.8863251655841933,5.650059334296931
4.351537521901297,0.020791495025575875,1.4758581984053745,11.58037162986113
5.900406458399408,0.011084504447511107,-0.5583539868842291,18.46829544767557
4.120931634246242,0.027380949889947062,-0.8869924433623515,9.820134573945483
5.931328574508826,0.034228557313589925,-0.08832170915528992,10.537211179141611
5.3750126635182305,0.007882531943735272,0.8763707305289516,20.90262676543444
2.593670556295004,0.03501972545940348,1.3194547043601106,6.888823014494952
2.0411382137219736,0.008610513730308503,1.4861292492875067,12.324396577267569
2.733098760820292,0.03760007901162734,1.620910829170377,6.824601127810528
2.5996192589443083,0.01190761742414672,-0.7175847607079837,11.82732214854838
4.856972781493456,0.04799214662104405,1.2559638880675612,8.05270401922883
1.9980616857344056,0.034965872288398245,-0.029879961946791322,6.050987450405445
4.85993707114709,0.03533046427785349,-0.3020697540031937,9.388249880088884
4.939040371762743,0.0141639167955869,-0.9281912606400992,14.947673200256943
4.659169663176153,0.02898522189862515,1.0149757517407392,10.148688852786249
4.86023120436965,0.005340076760357208,1.639287417647549,24.148975146391106
4.02716148453618,0.019340862319582076,-0.8295185184435888,11.550627952194263
1.7854330199163844,0.04867439431638977,-0.47938218195363125,4.848032168697495
3.5777467917785613,0.02087130352317964,-0.32599179176044035,10.480306966562893
1.023926365973359,0.016568389363295563,-0.030163990423350828,6.292717086090947
5.876376310584424,0.032855758756745373,0.19031556929503024,10.7051569477922
4.893574013386994,0.018598458683079643,1.5979546003676903,12.984301554040014
2.853145482727246,0.047398225496583686,1.5818583789539522,6.210476272098476
4.009467557488774,0.03553728995940619,0.44080036920220156,8.502471574570032
3.5401711022921103,0.027165484333796577,0.31712521394623994,9.137920804323947
5.092629262375952,0.015349453484170442,0.09536500167926087,14.580370562170588
1.750257881830235,0.027111033327825943,1.7969394039942785,6.43164366946978
4.12753624766739,0.039554746050381284,-0.06751734958793754,8.176927316111891
3.7930139337856463,0.037151617796353856,-0.8496743011156864,8.088115485664737
3.7625891479231033,0.03859293116862807,-0.5723970560027495,7.903755673399057
5.097925890378502,0.03663767081090785,-0.8795365356799054,9.44227881952831
3.3667525921680013,0.026190392462991353,1.4233825784555028,9.075667742690843
5.216537355351731,0.006700928026441741,1.0696503342202521,22.334059763633434
5.972590186567588,0.013870456335581854,0.1314710814217337,16.610395494020075
4.1589791605577195,0.04338329325485378,-0.4814760328655949,7.837473828110572
1.1179604025730487,0.03360738559908761,-0.4280849448873193,4.616786973799224
5.924626429911722,0.030695111088165684,0.26407778061319664,11.120898342009113
3.868197834708264,0.04697695344417314,1.9693596679350582,7.263666637857946
3.155547392929482,0.012084602219420416,1.392306656173738,12.934962188364283
1.4448384767345275,0.027778532107048264,0.8799969219665988,5.772965906216597
4.751226477729105,0.02804530189706885,1.2000069252501353,10.418778287170268
5.233383874095425,0.011654733648554367,1.558631649058142,16.962275364561933
2.8612165575348527,0.04531032745835961,0.4581686122248443,6.360932017828777
4.250088321321081,0.015439204041497755,1.049772152642705,13.280991964881833
1.710828978161313,0.037594343220394115,-0.9083285206518866,5.399903982930846
1.5073471188491228,0.044671282327040415,0.5918678524216492,4.649822959543738
2.027750963099365,0.01878637025539848,1.3847709109788697,8.316294477299886
4.006038425067794,0.021942762997982104,0.05838239585631344,10.815731287635094
1.642586085341332,0.024914628620963643,1.596963002482127,6.499513505388568
3.362147135442023,0.019288541450746023,0.29066623935921587,10.568239651295377
2.829740052447223,0.01348949082026591,1.2745641056311596,11.593631229559083
3.986223398185945,0.011271151653816033,1.3343727829419851,15.053609989573763
3.69332567012196,0.02318524098045254,-0.16629677795362774,10.102921648737182
1.1727945787070897,0.019924489421455867,0.6249747417165263,6.141314862543582
5.536933327532267,0.02316709983602476,0.8869500464602214,12.374931443144833
3.4212808325322164,0.03304249209984222,1.8323820847807148,8.145203785945052
5.307778258131035,0.020438589871383313,0.7492224019613465,12.899560412364108
1.5298019587324911,0.03925240722141137,0.5472611230925826,4.997219755148143
2.981474408726596,0.04659363247032763,-0.16540935731435757,6.403187923606178
4.267208260476689,0.03546135213198935,-0.33087247485925153,8.780884480333608
1.4421730567009536,0.023921868655856056,1.8360190245477184,6.215200276584733
2.1785342674490282,0.04156304111029337,-0.6599382354802898,5.7952547171181035
5.758057903722074,0.04502293229570161,0.5624552085419838,9.05242875109307
2.418793774037419,0.021362961096482176,0.5108274522881235,8.517510663428816
1.6491969556411892,0.04602339972401159,-0.07244078133095211,4.79171416481776
1.7351134502795444,0.034218461400104,0.1683264001323892,5.700037185515789
1.5067592554529337,0.025778912924108572,0.7098995075082679,6.119749195074458
5.630768669600826,0.039837110545608345,-0.11787280790251842,9.516646051298897
2.7918282314256064,0.010536643919110345,-0.8783232535982627,13.029783068845278
2.119654511174524,0.01271399827447912,1.102301228415135,10.335594341987994
3.4028243561859464,0.02245556380612386,-0.909919476407956,9.853755324332434
1.148624227865289,0.03641686991432476,0.8000190936507678,4.495537954378997
1.5798013240522566,0.005191575178380599,-0.08008687311272422,13.963543837295248
5.216243560906637,0.03373807606286392,-0.07467044288367775,9.953200759390358
3.136653443347945,0.048182631007748236,-0.6888030731022379,6.458505045388445
2.393347438642908,0.030286821227707705,1.140054637192442,7.115739116542422
2.3009941632869526,0.019652544295968074,1.0705833941752059,8.661484974458887
5.383607522149703,0.01723056684391198,0.8794884721684455,14.149167989857785
2.5767351500298687,0.03848755884347745,-0.732012106273283,6.549659122557965
3.329348349806636,0.03897014250209619,-0.4920028117852353,7.398737370913554
4.315244630354076,0.026256407015808867,1.3703941696697721,10.261930100709884
1.963672604763994,0.02108229216205187,-0.22289546700628227,7.725375831720978
3.570432096161644,0.005975243458229796,0.35916547176920943,19.567105028527433
5.254436803224292,0.030577965554176505,0.9264503369409052,10.493075136668372
3.857616184735463,0.02755615634248425,-0.7954651917775648,9.470963812861422
1.3415221513983546,0.03217082248785334,0.191409584339715,5.169063075228416
1.9867769180506687,0.01786790561865041,-0.53918239013519,8.440763222128004
1.2746719173537855,0.012117141057561544,-0.6072166255083953,8.209999238659774
2.6723435216098768,0.04503465678670636,0.28455721374566467,6.166187171616759
3.9371562219532876,0.04560478489484322,1.3867339882173564,7.437553584141356
4.426478455636411,0.022852419069174755,0.6529252673895851,11.140561419970865
5.499303651036603,0.02639761833657639,-0.04241814586747772,11.553550507338574
2.7614917901303975,0.01904751278646721,1.6851425693001274,9.638217688483499
5.002772812375352,0.03712096006180937,-0.720980778810307,9.292654283090158
3.5648870548697196,0.021977039548815688,1.2829613701907299,10.194883850623523
3.117896621643631,0.013415408650100186,1.5328966328191171,12.203176487265372
3.4624314854902556,0.025607418321169865,0.6830098048411011,9.30789950829054
4.173213050923939,0.03238671890288568,0.7768518365111949,9.086482452403011
4.771873977839451,0.043015066980168375,0.006087889468020524,8.43098216969208
4.488429585949036,0.025290836918727112,-0.564676965759422,10.663741218985649
3.0399676416985497,0.016865373093258303,1.0892269076277157,10.746832837191773
5.515189734229272,0.021113777381353196,-0.9353178727308828,12.937228520209905
4.213500379188344,0.021646883833320918,0.9878342181680138,11.167804818866175
2.737853598267984,0.046189896174141834,0.7838587253397837,6.162764999059651
4.355230767296654,0.04815496373098066,0.8804148920927204,7.612530496486742
1.8619022009119448,0.012315641069673571,-0.8074755438481602,9.842239088961547
5.873003570059375,0.018399279836094656,0.6115500334929163,14.301240489721458
5.27655085851581,0.044263720051049726,1.9634146276102364,8.739671292802718
4.2510943206186225,0.016972672833727852,1.8769325566058317,12.668326278053943
3.7128307892508734,0.03830801297553694,-0.32189183973795055,7.880463380037252
1.1339610793793005,0.03747792844831747,1.5647215623428643,4.403066809009121
3.965862435154329,0.017469764593303176,1.6138674001407498,12.060610335100835
1.5486430309338874,0.03484500720100249,0.034984491339618895,5.336412240498983
5.212026513315005,0.009978766664406082,-0.2850162510471156,18.2940079757576
3.3935467212445856,0.03191146859673763,1.5910269895962381,8.254628079475221
4.56284181163232,0.021790290767429596,1.3709161692643486,11.583243425316578
5.359207937565152,0.03572553263540631,-0.969398762282359,9.80403690785613
1.2843440672384023,0.03750943242726581,0.7521616351332348,4.6839735646572365
4.192095087600951,0.016303965566267745,-0.8688168008239296,12.835504033230288
3.0655278783976057,0.0492325027164426,1.251646615160798,6.316415170945357
5.454843548815935,0.026877082037663657,0.08439367292455979,11.403655285054219
1.5588132178751941,0.0494483533691805,0.5649285891907807,4.4943316020061665
2.791316607692565,0.04768919024191055,0.505748531218094,6.124047709045418
2.5858176597687463,0.04879902576443913,0.6718843033715198,5.826897283591282
5.472243400641174,0.018389763789788544,0.5449111965561733,13.808249235828264
5.249167962732706,0.016136192938086213,1.5561735608354286,14.437389905652203
2.8230209041142373,0.049862478623082615,1.0300466601187601,6.023017224895095
5.374824523971693,0.005247080705724546,0.35132050051870367,25.619300200648333
2.470971472285568,0.036604835597977364,-0.2679336464148864,6.576708986067982
4.108378548082653,0.040326575021417364,1.7840328539692605,8.0794825429846
4.658850756855912,0.020971336569878013,-0.3449785607924396,11.930821103609794
4.393614178345137,0.029416481200699212,1.9945512434028538,9.782719195292222
4.649975692203915,0.01078317475435879,-0.10412609864425093,16.62248727912249
1.875514424049938,0.017769857486303556,1.0803366573823134,8.223604615179703
3.880696438352121,0.04761696553165937,-0.11195951059340992,7.226332953542165
2.08913025969321,0.031243836853704174,1.1121564946348572,6.545526249188079
1.6036702164231675,0.026967555020065013,1.3868823213488262,6.172779088979166
2.45059109608583,0.049954613930544275,1.6197810331600162,5.60649722949287
2.8846538096729226,0.04003906189621335,0.9440645111373747,6.79436530210963
1.437364660001601,0.025992435854747763,1.7675684438016668,5.952562727976753
5.566300820731184,0.03313424798463756,0.482295696999125,10.375015811063458
2.2787884514766894,0.026750862075242316,0.0639790662131996,7.388003687928167
2.997893005522779,0.033505975151710776,0.47146978806849615,7.571656845605841
4.277320213689416,0.011311980575335997,1.4528910708328562,15.565409346194874
1.8804391952339135,0.014351392871984236,1.7956388951425435,9.162766312098942
4.128811528686025,0.030933981040807128,1.730307916713243,9.247803892170602
3.439514396087099,0.038688176398649445,0.8744690247196765,7.547505285202396
1.3778078310524267,0.02045860038578464,1.2556669828955718,6.569016525646168
2.22618903913731,0.02599604882511261,1.4979765618370964,7.407494501832926
4.65644306925191,0.0237558804206243,-0.6394466511350472,11.206901974786499
3.114279503402321,0.027253566567828447,0.5665289167121534,8.556794676992254
4.4869416387300705,0.04912668275584463,0.0120639061075285,7.649983179481613
5.713299287383891,0.024365736296443608,1.3914331562763467,12.257381613072091
2.518358709528295,0.021005357947511804,1.3301071724979106,8.764713842613453
5.3959826834882945,0.01640912748295342,0.7294420319457462,14.515651030935548
3.6231373284697894,0.022152140565542978,0.8360646527875097,10.237137538912627
2.2435161298567348,0.028294804138320844,0.9030765790297122,7.12779567662909
3.096057635999299,0.0446010929573465,1.9073099383538312,6.6692309588026815
2.727783920789321,0.03379611718851018,-0.21789316315380258,7.19143515148228
5.325208855306308,0.043375472135243814,1.2445208756235493,8.869317563262248
3.4747526765031664,0.032411977645283474,-0.05724994141344131,8.288065477487022
4.163161498437536,0.04653826945858202,1.4469525055588908,7.570952196552067
3.4074956471983797,0.04186972050471435,-0.4487755528320805,7.22123724875735
1.1879006573124256,0.009937283704884333,0.6462359941428053,8.75185687209535
5.20169020089591,0.008544812274602307,-0.45838875380758315,19.749903063127906
2.911437935143816,0.04292883269791414,1.5808244121455104,6.59209136849661
2.75901916394665,0.04374103798915235,1.1606950158830749,6.357360012135104
2.804409004803883,0.022306298740954248,1.6999073253829637,8.975339994608952
2.9738955641374916,0.006142005777800665,-0.5759580539665868,17.613746270398135
1.2636974129657221,0.020086004955736383,1.4192536844360317,6.349196309921311
2.5193114031686297,0.009562803811289603,0.38413526442847523,12.992487059934119
1.508865239331456,0.03919969520069192,1.9216838419859856,4.966241919359847
5.895470016909492,0.04776300229850431,0.4482491769118968,8.893186462754318
2.2137819195865327,0.021731598854713083,-0.4617222276623242,8.07914807400643
5.938322185212956,0.025825514521339663,0.6057285310769172,12.138118602307399
4.440018998898321,0.03406384808429194,0.13551069168899788,9.138807939634406
1.0037728299106827,0.0068528450582198055,-0.1949873610878382,9.687824248134339
3.77907937325819,0.009625542861501461,1.6919260193377132,15.86077412876373
4.866302956440364,0.04215922539306208,1.0871913918602605,8.599976207635871
5.026088849359252,0.04158449978985397,0.8277707164098218,8.800215952348884
4.9891321983355,0.04748246382859576,-0.10719263622514807,8.205213247639001
3.5336772958948006,0.038636850643634625,0.7765678170493571,7.655200558303704
1.9752854192508198,0.006572441170350267,-0.584034246885072,13.876999255287224
2.9260772717525896,0.04306274490958912,-0.12157934710425722,6.5983603642305
4.559038028294088,0.015883089422256094,-0.5468179085450475,13.561667947344846
5.111409634235072,0.015445838979076702,1.9938113354852836,14.561582724844708
1.2692352607665858,0.036752385858362255,-0.38002076011662655,4.7040538571729265
3.763249451483389,0.04305867465734612,1.2592050531673298,7.483334600399281
5.416278602207072,0.005092517130453205,1.191334271204759,26.10527293359673
3.971278093001443,0.03033345725324469,0.7576407526695803,9.159002632665768
2.945571431892254,0.006608678547619643,-0.36605739064454546,16.899406604599886
3.6130253913672306,0.025919178827070777,0.6561200260264399,9.450806635127865
1.2875263166006405,0.04472958308635226,1.641420985730516,4.294618809865502
3.295716707566335,0.009369069787899805,-0.32052859057121785,15.013110792820012
5.576941833624345,0.031167763110420285,1.679923151193087,10.707528277423
4.011016383105518,0.0347566504554708,1.3636584386528345,8.599085151652998
3.788165415771528,0.006717315556895038,1.2699649160906539,19.009057392305234
5.338434063179959,0.03527092109161088,1.4746516150849152,9.84787507113931
4.650559796777869,0.014383680548266116,1.4606962812507787,14.393340237994009
1.0747738663228705,0.048597034665927574,-0.6905030167382391,3.7644163728405866
3.836937668692876,0.026908697369822713,1.2338900776130384,9.558506164614663
2.2521566668301576,0.021713066984034354,-0.10858581655403121,8.152347859632057
3.1294593080301487,0.010920057876750131,-0.17525598810671805,13.5508386471812
1.7230633374117441,0.007673300018683377,0.6364597950436424,11.99509028314992
2.6446573996382354,0.030417844948739715,1.8781173360602192,7.463877081476393
2.5404158013185536,0.02736884008747313,-0.39955231383748435,7.712020873732538
4.833097248429608,0.01006300850066652,0.9347317471801662,17.542554597530426
4.564049344716385,0.029483480468398656,-0.6252389228931404,9.959322146775042
5.314000972645138,0.04531393399812657,0.7095549420525962,8.668399544272242
4.747377619345263,0.030544680077783024,1.9800112956958538,9.979369157816771
4.564956320833129,0.012794450487196062,1.5312510798112235,15.11998930383125
3.969493166226107,0.017797007512228454,1.3109259538092908,11.954681971813466
2.21908109755753,0.041499774237153356,-0.6734528526793264,5.853393348183682
3.591643677150616,0.03925756364261911,-0.47780474629337744,7.656476257958405
1.4571942123782289,0.009941373558798813,1.1701050470974792,9.691243639400117
2.036455594610238,0.04238023463537431,-0.5641272773652224,5.548809099083405
3.5036536788554087,0.045868724974292785,-0.7790633709192323,6.995942662344489
1.5017645073036539,0.025152003553418973,1.3948118351161787,6.185269325243609
5.350785157116795,0.04435851230050504,0.713952398411843,8.79152591068171
4.606377910631602,0.039942669822359354,-0.7106409944797107,8.5961745801721
1.899630396140327,0.03843725733367898,-0.3649954274631457,5.627329548955871
1.440217396775557,0.01922618227385033,0.47931055951392,6.92805757755934
2.0987563160880773,0.021092695329118328,-0.06939703653173623,7.984706517019033
2.3691045036115446,0.02703952493375967,0.41798310005212813,7.492669395764133
2.294060277867285,0.02825588800815958,1.3221637272735314,7.2126012361852405
1.304541458555773,0.03583382063514508,-0.10648936991632618,4.829769168177196
1.4592564561569816,0.011104560132356804,-0.1929240091929778,9.176120780857378
5.914096358400453,0.025530502914244788,1.9495756227447743,12.18311946692753
1.7400817685059298,0.0257367478544333,0.03335013292595601,6.581910677707766
1.943582947812358,0.0369806164357485,0.9912675200470527,5.803078650024524
4.601752981092091,0.01799428898000366,1.4489849478769607,12.800834877753843
3.304515039158119,0.009872836060794378,-0.22164502394629126,14.6445790717394
4.9191928250337345,0.021771217015147684,1.742048261050598,12.032325156210224
3.0044438377677185,0.046048430342011754,-0.7354346889403375,6.465745694949737
3.010896138393289,0.04088795735148582,0.8257095689539673,6.869010331457078
3.1523010954877044,0.03288422310264262,1.6853474727089268,7.837256183455622
4.627026274974904,0.035359779570258994,-0.688089958043284,9.156725562242256
2.365911028544522,0.005813488851690529,1.647608357117834,16.14822426012756
5.843299086625761,0.037535758069968034,1.8903724504006676,9.987354194741458
3.688547757142146,0.045231631031082645,-0.19620055260255453,7.228539705545531
1.2618221010226216,0.047143247846708494,-0.7092472740339102,4.141267700037254
5.03500360836745,0.011916740537016477,0.9345144283298856,16.453759346649733
1.8876583297096774,0.048474114330137846,1.9447353658559248,4.995175401417329
2.846561892272566,0.038777890758725765,1.6520631304480489,6.8582326551908634
5.445951264737953,0.009295118810502004,1.3823099387794442,19.375521134355147
2.8520624332086166,0.02481801612147197,0.8448072121274404,8.581040913926628
4.188631148450828,0.00939595135773907,1.3929777123096656,16.900893645854683
5.5101069373637435,0.013215870457286318,1.6641722886781163,16.34466850949131
5.660957991974462,0.020626566820505954,0.40782196391564884,13.26097577752395
3.342663895707467,0.03350784700129652,0.393869428885508,7.994974504007592
5.093244790266974,0.029760639974956205,1.758051898680391,10.471770882937763
5.208275115716652,0.033894793397437915,0.37834519646132136,9.922576425509181
2.749281996501095,0.012631783986683843,0.9373290452456242,11.809222046760432
5.694077895241529,0.03339470522652175,0.26833882265328723,10.452420777644116
3.486562965693466,0.005023011028950918,1.9974622259673263,21.089227910277156
1.7471663316432289,0.0418225261491815,1.3317360143898513,5.173756500887488
4.776762738196836,0.0444707956020276,0.7049610508960051,8.296088480749505
4.6468956650377065,0.03384073471272811,1.3619644079578315,9.380058756476178
2.6253027419218293,0.012596060728873204,0.9639831516001687,11.556233619002859
2.841644615654478,0.022301815977349156,1.4369028367017953,9.035636626477428
4.449514048119162,0.03642355001642133,1.4003657794937583,8.847267222317003
3.027464490908011,0.03477514101208061,0.9754925684778115,7.468769712447364
5.776744854700349,0.030053214258870267,0.17690659633072814,11.097882414646609
3.771857268204312,0.045173311404449495,0.5270026191768018,7.314432746152558
3.8501642201154267,0.028909202307489952,1.4033143006163806,9.237736336152162
4.811981084794292,0.03708676067656816,1.208747728444421,9.11793505726468
1.257745150171949,0.01905958938397817,0.9142658712373666,6.502547680573502
2.720199836121063,0.024844336479621417,-0.9347459523053215,8.375884761667429
2.5732225158118816,0.048529302867423796,-0.21914411779219267,5.828819876019793
1.5370034488020043,0.03322475826708875,0.7918919402412834,5.444405898134281
1.1250699170324705,0.02537822060994101,-0.47439956717780096,5.329704881029645
5.2367843438976625,0.009922937214880079,1.3547628573535428,18.38891954915965
3.1462558324359753,0.047479515462649856,0.48435591906887887,6.516101902292871
2.8356794615578877,0.007854250112407164,1.0303580005390178,15.209684138643604
5.372970124187183,0.044018534345877415,1.4398671182476703,8.843688020960656
4.594802456696464,0.012782562651035917,-0.9991637180923765,15.176388901984424
5.79106258388925,0.017280732828591577,0.07058741086619014,14.653522686173826
4.349414840453847,0.038867795616450075,-0.8914674340345109,8.467680257199826
1.3181307791056964,0.044798805783829325,-0.21012203029257148,4.342002026357528
5.877980495232305,0.023736994199017588,-0.28061872047834835,12.596363888561749
5.789420759220051,0.01130465606142591,0.3069327958014014,18.11477190438788
5.37347074929731,0.031729853790773574,-0.8742625956219532,10.416873706437308
1.4278239921059588,0.04920243997803938,1.7361663678804176,4.312091892122547
2.609684586183505,0.008576322406860327,0.5899762446892147,13.963280117089166
3.8394398820726936,0.045684934248924454,1.6188907510524473,7.3382317560093515
3.2062787452852963,0.03392503617139116,0.5374565573677672,7.781878898971248
4.874116666810342,0.023156563623045173,0.8536706449732212,11.61327991694348
5.2178371288251535,0.04961700975492425,0.3826106958217328,8.2086919005689
3.9362326162306855,0.015002851385665799,0.00302780612343323,12.965744639335687
3.2642080251721306,0.03154786995126271,-0.8110821855400231,8.142314682154401
4.3126305098712105,0.03939867981347598,0.5236046680447874,8.374796838900004
1.9264769189744855,0.04171114811484501,1.0619585516715402,5.44001156184146
3.7990532668069856,0.035277611268821896,-0.01150875501335813,8.306768282706063
5.236262364560766,0.0177212924619685,1.0843481238856993,13.759637505939779
5.672969782655209,0.037847922861253484,1.1487658854713714,9.800047933940501
4.438422410094635,0.03600104047722161,-0.5615021212490219,8.887933151683747
4.111551468347591,0.017899855879712146,1.7999032755231044,12.131711896338526
4.383498723436455,0.031164986900183142,0.36022573112659906,9.493382021509346
4.807638827782171,0.03876052559468485,-0.16989453133995636,8.914871302940812
5.203432590374056,0.012739381548849394,-0.5152870568014376,16.177625721392026
5.767589955542349,0.03164766158173894,1.116583411664858,10.806134411529609
2.3246687623881304,0.03586740633733997,-0.6535074924435736,6.444282095488455
3.0369143741106326,0.006170272105359603,1.5475873444604438,17.758574641079477
1.9363584068534956,0.013459628862608392,-0.8510104865250524,9.601085120346522
4.146920320450899,0.027295410475033175,1.467526869560401,9.866475011226706
3.175174359075256,0.03806620481018537,0.14116799643068356,7.310683612256416
5.256209001626655,0.02521488650371664,1.4208127182924715,11.557177774487913
3.9182472007270306,0.015952541907360115,0.22660169876697478,12.545124007263084
1.5110167274100998,0.01294931911616564,0.774171738573695,8.646794925846793
4.54868030572066,0.04249371277511725,0.9874572297803277,8.281792744820464
1.4223844779740764,0.02141564653423476,-0.44325643162533424,6.523593582048712
1.141413631220344,0.009749791748062397,0.1189170811910667,8.660996186778076
2.478530207484522,0.03490058869258792,0.8514544099578545,6.745664253351632
3.826138841869753,0.026107885030150543,-0.1554485858005097,9.690328654614628
2.3407645391168854,0.03766903766574752,-0.8197811848244776,6.310017908560618
1.8421485075012698,0.014265645568598741,1.3833487625136769,9.096212429329091
2.7015778953855643,0.011109372039494542,-0.6895765300387993,12.482684139646382
3.137672371657561,0.042200436990893236,1.9030758581706761,6.902228179441839
5.215770947684527,0.03921799949372065,-0.2258199195344589,9.231250303040998
3.28118907866044,0.007320950110273642,1.0363950707944727,16.946339188226553
5.165241501915219,0.033148092032502574,-0.7221110488539824,9.992175141254618
5.101618972021333,0.029134540612003546,1.3330123646109109,10.59238876380928
5.876564068561736,0.029981969426395114,-0.23168641845002336,11.206645882325358
4.921891678269011,0.014796172699203896,0.7452501659324571,14.599410484874497
4.462244377837402,0.04976632243263539,1.1715251391622985,7.579715251840467
4.417703922788416,0.025760649792312487,-0.5605006000794164,10.482476219929326
1.6570074340275107,0.01676137464413282,0.8307881684866181,7.958869825081333
4.670605689622191,0.04544662262415993,0.3031694206395599,8.11483670077569
2.0274357448452855,0.039768366508292324,1.7264741397705028,5.715426747690615
5.426442069688004,0.03508180413737069,0.269125743172135,9.955443580388389
5.457187198755436,0.03165710986532098,1.4453392083194885,10.509759642613878
2.3688310766613645,0.024784823769317923,0.8374156689860044,7.825608515677533
5.829643065283102,0.023222539237188883,1.3943800534969997,12.68265326920448
1.2261987607676643,0.010444620203776808,-0.02159034252737091,8.673174813284595
2.7094201853051723,0.008212136020841284,-0.9092673347666994,14.539655068054884
3.30073851982506,0.04945847994341231,1.5605996902707466,6.539268476425302
2.6613515502730394,0.037894580153763936,0.3829007488902789,6.708208660940712
1.3668009146912055,0.04997509374847708,1.6150315283293253,4.186198438480205
4.11610871160524,0.022347693365746425,-0.8254298680863936,10.863532203438945
3.32502672312958,0.02325983655179284,0.45488331305120644,9.570579396257399
5.474154786723164,0.019506704314743818,1.9537125033476475,13.409437978653443
3.9879771551326306,0.04791326732940693,-0.7631292473129768,7.30285078212058
4.445087517007821,0.04162553214405556,1.911524767023764,8.271880436580018
3.4322574124779432,0.04610411524565176,0.4063039579864478,6.906596265109929
3.3685625350058985,0.014539509637543972,0.027346742295466964,12.184042829252734
3.2157487460788468,0.03667576202162842,0.7154512715531038,7.495411335386864
5.288085587425728,0.019423090228725962,1.5938734327168382,13.207908866863797
5.182759805261145,0.01548876073923735,1.8016263742679293,14.642532449468456
3.7788035345043034,0.01743546307838905,-0.8958885400580474,11.784316628877306
1.4429856805774066,0.005589911508103527,0.7674875594297073,12.860934726208137
5.281249594536606,0.007287306144627403,0.9982870220969997,21.549084728115027
1.297367270928084,0.014860627719658188,-0.5713656356224192,7.479229870313206
4.1364567544931194,0.015808220106527313,-0.17110419832957835,12.948419071154254
4.278553667306166,0.02062155095653076,1.5155895084060318,11.530066678167124
5.819975249327459,0.03215392255177187,-0.1844333734556749,10.769302545509381
5.3588893860728835,0.02216842690277882,0.786107406633263,12.44554581890844
2.3064835510300976,0.03703036359049966,0.915453872733168,6.31742627626127
5.316330550812888,0.0373582736257835,-0.20411364759813577,9.548971087461222
1.9379363803160754,0.045828596634892034,0.06050712870864361,5.205296450144264
1.4135436754357924,0.018172465972842517,1.6942478674357684,7.059788223268926
3.8401539153358586,0.023250668057482476,1.9060679839249306,10.287280635780292
5.542970407407653,0.023867592967438813,1.3526872539935626,12.198627176750206
2.461431804191369,0.046482143167305714,-0.30159185094830965,5.824985138052641
2.8402561191017224,0.035007608893443586,-0.9189612317635961,7.21010380903046
5.25886792628824,0.027464459415592238,1.7193130322921952,11.076552086214791
4.228272947662542,0.03814466894499489,-0.8182432110267661,8.427690380828246
3.265656920488931,0.03468256853741276,-0.8618820870401129,7.7673637116148635
3.710800623278877,0.04548016425624483,-0.35232873131119313,7.230474318346355
5.8741202991356065,0.02986118818345501,-0.42670519968991716,11.226951996710838
4.738050378484212,0.028610688167294035,-0.23932989950916705,10.30100682308626
3.479950626738006,0.03597823053935536,1.4975700690913296,7.8724630459274145
5.569611702471747,0.03545823701541425,0.8348862214683477,10.032239224593491
5.044810159973214,0.04199970206576097,-0.9880483875128536,8.772902423027286
5.232828546262252,0.017882962378736596,-0.3044245994560273,13.69280775990565
2.097568634013583,0.03042625772138592,-0.678390604194921,6.646267395564831
5.489514732208237,0.036779241573892375,0.8177962105490233,9.779340831208327
5.0729177878616865,0.02234598251685503,1.4873365583200497,12.060718317727508
4.451162729108471,0.020245067048419368,0.4474021388433953,11.869190927295737
2.2706965510617967,0.034257544027371536,1.72726613704272,6.516965585598128
5.499836634101956,0.031856975255160735,0.6653613168019283,10.517599163464093
4.15567605072096,0.037625453564386575,-0.4012186192985381,8.412478368056478
2.6189607329790174,0.028316321089208674,0.9832286308581475,7.698215583092591
3.544753447977784,0.009153550006136572,1.0837327585539498,15.752236635944172
5.795936620631807,0.014064269450979744,-0.39036394147091746,16.249769855452907
1.1909234555001948,0.04851946417664422,-0.8984059422654873,3.965773588532354
2.0139522867808872,0.04005773502956582,1.2706236469376941,5.6757777821981055
1.3611477938705092,0.012319500985345157,1.7207019116513305,8.413952834896095
3.714481888690857,0.025159424943872726,-0.8977191086048542,9.72619017605177
3.034170407190225,0.042636090308619284,0.3370442668720788,6.752666279109754
1.0982944751464945,0.03609846361588218,-0.9608842379755903,4.415287929563705
4.802254067506506,0.038083854397467816,1.7263807605479182,8.988683902171767
1.1854102353641207,0.04663158535707118,0.1493365734714014,4.035879916952567
5.1049570994195514,0.006222146632963339,0.15037018961530135,22.928197673240817
4.79967403323076,0.03868085368416031,0.09185566599524608,8.91665239069008
5.196738154340551,0.030029791688366125,0.5528520757959385,10.53011822854807
4.951681323421569,0.024593044346341384,0.1362796655568299,11.358322268795957
2.723993834646805,0.033278586109838866,-0.6795237620964655,7.242101656828764
5.565287493901508,0.016946150499381845,1.225532061350592,14.506153284981547
3.3604938272448823,0.046656490850076865,0.30568242640759835,6.793436261700002
1.5047597219719613,0.016701646095140465,-0.14564706570608799,7.5979762250414815
4.7460259146052355,0.04903183812279897,1.8910576621095152,7.875351651503992
3.9222848446676193,0.02637280293450905,1.3356431228516867,9.761923722497034
5.763672433056398,0.03624865768798361,1.0145053839406577,10.093636732232001
5.573276196980124,0.020297936125889208,-0.11657024373886515,13.263963924427674
4.25765068980624,0.009569688309510504,-0.2834354485789413,16.88418520009232
1.17132960600397,0.031088882571306195,-0.5744864671718722,4.9133872408994
4.661087675327725,0.023946830221220877,1.8569774649730881,11.167696639328216
1.8647998300824775,0.01860989515415611,0.014026921085160904,8.012870740926475
1.8027621636916478,0.03852877477910202,-0.5031309127802881,5.475459962725222
4.313712613294161,0.039176137629469816,-0.8866605540256705,8.399603493603474
1.3323747793840321,0.006760297047055714,0.9654070719204535,11.237618949856536
5.22273874977501,0.03106764644080414,-0.2775360685424615,10.37860453073648
3.2007532373399292,0.028106188421923157,0.6071988060236957,8.542187693156137
1.8176550070366833,0.04798325015287974,-0.8580593911380492,4.926686043874221
1.5213027941018704,0.028056984954945637,1.610212456132377,5.8942875861806305
3.099030234668723,0.03472494096636745,0.8367051083782879,7.561990689832992
4.088245822409955,0.04451902443872246,1.6328818228702953,7.670782540567808
5.135584890693826,0.014673448690371897,1.2401242107644816,14.975207440671536
3.2441078551955846,0.023941650324640705,1.2455482842469232,9.317825871724187
2.800269153913452,0.018919993567554153,-0.8409603102824086,9.73830530061923
5.696351768827213,0.019315115235018693,0.35096152766609334,13.746550702899157
1.1345919359534022,0.021840482050707336,1.920682787424881,5.769427578225113
4.097700043804899,0.02263593622494335,-0.5499275472951456,10.769978618080215
2.723219078384827,0.04296091865702511,1.9049355477689929,6.373067237924628
2.4567403659360205,0.03233652007335149,0.2286951373835,6.977132651772453
4.621807000781523,0.02251136470977596,1.5541944293186432,11.469618710909003
2.47588628971305,0.007146137726308098,0.06471440412136742,14.899566955779019
5.754798123499818,0.036565560843600284,0.05848796107767251,10.042062427159625
2.5341943203912916,0.020697899545595987,1.8927320781382058,8.857288870487317
1.4678521944054506,0.04338653297675192,1.3536898201612146,4.655943263584517
2.969092950301918,0.048342602553367385,0.855648923362236,6.27322512266344
1.5859771083144976,0.01050323801481654,-0.671083755370266,9.836279105273265
4.881472497571799,0.04329072059593283,-0.9643704169946907,8.50006028105714
3.3992323872182704,0.0444409335651806,1.7218963012294584,7.000721981708993
5.812081862052461,0.007710504471805865,0.13969944526223377,21.977002336266942
1.1163109071578818,0.007084634412987045,-0.006878434451711213,10.047958938156356
4.370209657327843,0.04947287475534519,1.4524746280423253,7.523354954168117
3.1385310157470943,0.04013905525562073,-0.6700770446726141,7.0782130245738895
1.295338133870461,0.023163782079324704,0.5718720588389778,5.985918920232125
4.715773501765335,0.029397533440031084,1.9633124839309075,10.138297056576391
1.9446737420429097,0.04636716887653333,0.7053321357886688,5.183965173253795
4.891688287536068,0.0350847821449931,-0.6726546148504005,9.451788283018264
3.8460124019688875,0.023875319550341625,1.553167736164757,10.15955611461983
4.831535960659009,0.009803973398855862,-0.18507995815675793,17.769922583841524
4.914627294796799,0.022517802299842106,1.6583855658264741,11.825684357885416
3.489605148802694,0.02855578785826699,0.20039344329308428,8.848813884862897
4.349609422570177,0.02489312121885866,0.1422019015714484,10.581066482953197
2.1293755601833757,0.04204120409137328,0.07364019623110152,5.696820679805779
1.7737101906954476,0.04814940775480723,1.2295451379134872,4.858361712201384
5.297014617479119,0.04930215908008999,-0.15655754254622134,8.297105381347471
4.8147157779546355,0.03766195269411687,1.6309323613362556,9.05061102814468
1.6590016933303768,0.02217655557821195,-0.5660503047749416,6.923414889988392
3.6691939679980003,0.01335032510618325,1.4239100586368343,13.270381379293944
4.912716522835078,0.020020029342513353,1.905340989324717,12.539276740783055
5.902252799389701,0.01012409041742485,-0.9916276056654444,19.327464558561612
5.152707382178837,0.02160071453405073,-0.9468525221800463,12.363108223135836
2.1399352347484806,0.03808717153412478,-0.8552398541889399,6.000051023773637
2.0141886333068886,0.018713771778809566,-0.7839025147411218,8.30449820796213
4.425984898786754,0.020729474356261737,0.472495785162371,11.696469933553304
4.280036906834491,0.011051394318096819,0.829684880687034,15.752852596142082
3.831222921467192,0.00742755456411294,1.7199104598797836,18.179828226887516
5.723929725308345,0.01851215254455821,-0.6843800205898659,14.075462567034654
4.676564122379521,0.008668915308973749,-0.5688404353480223,18.591954866226644
1.0313125045852987,0.041976866756514616,0.1864830863810798,3.967657012221961
1.5429262907026056,0.03767870831058782,1.1629484164833328,5.122342058863753
3.394590997824181,0.005315621234661172,0.06299409999447825,20.228361369461737
5.378196899840076,0.034998074736548826,0.3458901844914859,9.922937629770725
5.6955276630281775,0.026928953456594608,-0.6550550128874046,11.641293389051947
2.3856551595516393,0.04924496195656398,1.9832804391450312,5.571433105362058
5.597084171031892,0.00797579542577897,0.15415308762521795,21.204981881358115
2.10065711970533,0.04597479739636356,-0.9416022811244662,5.410802261620741
3.8045650365278387,0.02340472165920304,-0.8798451934532685,10.205746004819668
5.193418391525548,0.0125100930237362,-0.36198241853900637,16.30948981876909
5.498775293716618,0.039263575497239335,0.155108160726118,9.472880380350324
1.6344237770080805,0.03351205284396651,-0.7057459460537292,5.590180223344267
3.2826762482000005,0.04388188093649629,1.5853165455893041,6.92333583545306
3.453503274611634,0.0056727371218867565,1.8225279217601864,19.750477347566576
1.1171429653815363,0.04482489363031099,0.9922234531489,3.9961219527706757
2.842711748090351,0.03975663080135342,1.9966314622232653,6.768705449270438
1.6347259456605172,0.01626651784678542,-0.13562891751178285,8.0245219718541
3.5826651904276594,0.027897624434983097,1.1842950781799813,9.071173844790394
2.963301736158811,0.04716490097579375,0.13321252804201333,6.344866138868266
2.920464164632488,0.024449332405579623,-0.9238326581229659,8.748557044878297
2.575127021264492,0.03551576817729076,-0.4346340583964974,6.816049118932628
4.03733526028493,0.030840140399487657,1.3982940971033488,9.158687140468404
4.364982098048431,0.011027799693110784,1.8601125190289247,15.925416107901981
4.79186990560226,0.041964110252466345,0.49742158438026784,8.55376844453444
2.277097431582151,0.03559787341544031,0.4992580495488341,6.402104654774577
2.0072802694770373,0.018218697912910607,1.9804932091060987,8.402128711838039
5.504465591523382,0.04413590495228775,1.896024343853754,8.939341994976969
1.609594615521902,0.03722306243463079,-0.8873295095432331,5.263761395399223
1.6243866870871133,0.047729272869605495,-0.5428145941199206,4.66977860837054
5.2639257546798115,0.042013352423552634,1.1337944705562926,8.95994200727101
5.855505775830827,0.017651207080982053,-0.14148740286103512,14.579377848202238
4.711182533294213,0.029151673431568534,1.5652900947182293,10.17600262221822
4.178036597799084,0.00886655913809648,-0.40447865546921424,17.37610979613965
3.667102378085943,0.03926755648582471,0.467248035877184,7.7355031717261795
5.17714692535043,0.039892598006451944,-0.3929402886249147,9.118913046723282
1.571533963350103,0.023869034931519352,-0.07348258221048376,6.495138934887763
1.974290407836827,0.046477149052569014,-0.9866235242973528,5.217107281198709
3.316989823187799,0.04341550394031355,0.9261347267469406,6.996706172599993
5.977769569497172,0.028319154406529847,1.6239771926648352,11.629831807843196
4.3837510864337474,0.04157468858768408,1.571226855161358,8.219633065968004
2.198477467570664,0.018895328594127077,1.2608146381056802,8.634312734743824
5.353811746937264,0.012981994166985016,1.7055345023983493,16.255668457019137
1.0667628153870126,0.04919581571599025,-0.06519226651808063,3.727467291127605
3.3588782879143015,0.018776485303106473,-0.8416995238063454,10.706165989084448
4.3305671342398036,0.01558299660425691,0.13709876962637102,13.344149211450901
5.301844606595361,0.009158667723425457,1.8493831061905008,19.259337133653496
4.806621113809959,0.020134973294226765,0.25643614513324,12.367684722880009
4.428991053569402,0.037758425907544996,-0.7663320365388824,8.669408170940962
2.235128507869593,0.005117431567537912,1.586716286798807,16.72897055352086
2.69848947475755,0.020949450176533508,0.2886023865471268,9.08485582066512
1.1301494536690422,0.022786063659458372,0.7394179511157561,5.637379556940862
1.5584720375418581,0.02462542458695008,-0.861277602295048,6.3679791582671825
3.72455702372571,0.02022947476131986,0.5071980321588292,10.861479833473778
1.4050978905033513,0.039998097194592984,1.4716587008343867,4.744359773076623
1.115196455846361,0.02224598903636862,0.5075336814227474,5.667529907492575
4.174581204430868,0.0320181786826913,0.5138392740878857,9.140124985101213
3.3248104024532763,0.021764003797168523,1.1773914376660901,9.893684011072798
5.082602147045932,0.019577080513187465,1.6379028173706387,12.897724144861888
5.6628673356145764,0.04709274673171705,-0.933752619383709,8.777789716781607
2.8955218023073197,0.015553460328943634,-0.5062906690563722,10.921791877905441
3.8435227494018713,0.033777598819990026,0.8387658184789881,8.538750643775282
1.095706664024649,0.02717487951890808,-0.12958889595276224,5.082850399732487
4.844914325161741,0.0167850547401549,-0.9586394566734914,13.599585118190733
5.4014892904424885,0.04829363925609674,1.1237876008725243,8.465561762382013
1.770146635106359,0.02899478126195396,0.189425926042478,6.254443782793546
2.6509735325349766,0.022075013687027273,-0.39811357452019625,8.771950955180579
3.1053334333406344,0.04411541573862518,-0.5769854230647575,6.715879901152495
5.634434632277546,0.0087505401417196,1.7784314628944689,20.31195526712535
5.761469550432671,0.0390788258158633,-0.47380630464054985,9.71940931701994
1.5570494354540125,0.01718434117128309,0.5765329931286194,7.619539893249881
5.6826798539685495,0.03452482197800705,-0.3818794955392504,10.269631509073934
2.597453329262321,0.03922534938984042,0.7542869770987735,6.51380054052759
4.209719656518223,0.04991878600118111,1.3151978404798097,7.3508670806994205
5.8340027527758425,0.04763140843708336,-0.6090145762526082,8.858916184712848
1.0735660457652314,0.0431091856116296,-0.056697393438334465,3.994601531200756
5.360817942626298,0.019166388481118943,-0.0007601484354351484,13.38718841150475
5.344680149046226,0.03456492140099753,1.7379574467987435,9.95375765976997
1.0744179130067526,0.006965409579795164,-0.09299677811806895,9.94162278055394
2.2384410356216202,0.03349254507776464,-0.23124000027359326,6.543991760510031
4.656978774407587,0.041165578945019855,-0.5765951866290561,8.513909023693607
2.21113978274512,0.009483896952353313,-0.38839620142226505,12.222461437328716
3.300300483172302,0.03546724686448726,-0.7418873305037079,7.721594525512811
3.949593475882246,0.02707519996514943,-0.9709990632312833,9.667949021435541
4.145888077983344,0.025188214002138953,1.3571264197603217,10.269613269717247
3.673667124041332,0.03907550071663352,-0.8746477769379877,7.761427671947566
4.182831788779574,0.04549301239287651,0.8942535097785043,7.675502934012904
3.7206189030593517,0.026397138925176925,1.523752071952523,9.50327189283502
1.7558132831915132,0.034272774512519345,-0.9523123267805462,5.729391811441659
2.006800543424742,0.045649506221169846,-0.06801272997840746,5.307353958269937
3.429405069654704,0.0422509058804195,0.2341415020276134,7.21166210409367
4.816259230252538,0.01170817004449722,0.049264518910154154,16.23507899953434
1.4477757040279413,0.04622010274685638,1.4200997390287315,4.480012012915026
4.0389757167606355,0.026097508556264463,0.3755014575157807,9.95818262112182
5.4284887436302025,0.035227071240953964,1.0717734564757513,9.936768949626467
5.116438945444372,0.008621442809757811,-0.9073139234131713,19.500148196954484
5.65075748616087,0.02553519589632834,0.8218603976808978,11.907695686762038
5.667137547363144,0.013644588062099415,1.2546670570150216,16.313443839848777
1.3119944179829635,0.016271735107537207,0.49530592640548554,7.187751443646181
3.0170066785980723,0.009188650640937424,1.957979150732875,14.504616669234991
1.333275900671321,0.035389741266440435,-0.21661736686323674,4.913209812693559
2.552868463820597,0.026089993233663362,0.7989105595459911,7.918104438011624
5.214438820337777,0.017528845190220216,0.5973700640852764,13.806103510478643
2.2574554716627144,0.030702962750281386,0.3052801300595842,6.863781394765182
3.5502537206139557,0.0405032284809303,0.35499941236960453,7.494261869045139
2.0310796102133217,0.03323715951349516,1.8114493968298677,6.257422971962333
3.6497480641817184,0.020795645463270528,1.5736121613535086,10.604476421629217
2.085394205513996,0.034692529982422116,-0.794271080436763,6.2061188006912325
5.055486757200932,0.008374648606374586,0.6532676905125496,19.6671840284086
1.23174072933401,0.03233938311527531,1.6190584263543673,4.940123147749133
4.38759689050496,0.026703314554169327,1.7086027371597106,10.26064740705568
3.8183232935875657,0.0237777264358069,1.5218671280365905,10.143671472668158
5.859274152606318,0.03764711676767221,1.8353801321408332,9.986194917348568
1.8851477325169228,0.005371928442598156,1.2641929412273467,14.995176268347404
2.72296778115393,0.03566253981991203,1.3788198105862186,6.994539164714012
5.687955084123127,0.04783277140935747,0.1614544303929808,8.728895547664946
1.339076734311169,0.03643696928867606,1.709271485425914,4.852612344577666
3.4849005033779,0.029204204498282805,-0.45999873629476484,8.744127688163763
4.33298690668234,0.016228708636896027,1.9273628175858697,13.079637160312574
4.296398361630499,0.006970481027638217,1.887384183760755,19.873066515807228
1.2068431884101667,0.0338264917840665,-0.20824821720094022,4.781244272300447
3.7815629587737964,0.01944767511940468,0.6547556699756165,11.16209750593586
1.2769807509440338,0.04553963909985072,-0.5997205635686271,4.238784844427797
5.318543975749164,0.015915232519545523,-0.45417578668027714,14.633016859799943
5.886645221200683,0.04256830831316898,-0.5276982461124193,9.413144492395215
5.147765143003089,0.00895719292017197,1.7494643512055257,19.18966477336799
3.186610395368803,0.044660518480613906,-0.5425609079459993,6.761555134610702
1.0402817182826738,0.014032502447436073,1.616464792917427,6.8921053864470645
3.9476842419924654,0.013153475665160268,-0.5287959426944634,13.867396427987291
3.8452592731524975,0.006675925433484029,-0.40270939046191634,19.21104835804947
4.258927352219425,0.03259029033295996,-0.902901422987793,9.150608840429511
3.184657563653734,0.046672981894611075,1.1671773426556813,6.612148305695623
2.1574169521859767,0.02862487858630223,0.5151845728461941,6.949270334492233
1.8054019284382228,0.01684045912071062,0.08238396751077559,8.288080812608277
2.7536424574825054,0.02857247857413585,1.0206525564983568,7.858213183492205
4.802763975069593,0.023210685255468724,0.22780121677020326,11.514514491469491
2.506611312264446,0.016402129396517917,-0.9905873116459033,9.895491509608373
2.139126598838911,0.0418418145579345,1.1443854399563054,5.7234379460340525
3.5532299751571506,0.0204840710039226,-0.47526595469807176,10.542594729844732
4.8835233337382595,0.014872748493004444,1.8937702328656187,14.504908929381592
2.359271170447804,0.018946512806544566,0.7557151915050433,8.932402331504171
2.726334139849753,0.008768314214792215,-0.6225393887229207,14.114824365015423
3.15253925063603,0.04203887754081149,1.8380470938750686,6.931842479060455
4.667176044831749,0.01852458663264535,0.06126776691039737,12.705647966228927
4.460744597744826,0.023902435737404464,-0.7353012072092422,10.935196442072655
4.392543984296568,0.009530434029795212,1.167799380685231,17.184848565872286
5.849487120976435,0.00623789736518153,-0.8712786498098444,24.512283555589217
1.0630624254995604,0.01647237887094915,-0.42957556356857185,6.430506957023854
5.305298044862101,0.013372979811390857,0.39772003314151316,15.943541213792235
5.71573483063705,0.024465761557897547,1.5267028320850544,12.234906548948192
4.7934541700487046,0.010630923401547651,0.3625182764944923,16.99741135723146
1.8276529428196886,0.03673183132508169,1.3727416449330851,5.646372997196243
4.922121689308775,0.014054075327795939,-0.7553742016258835,14.980248734164421
1.2785868926909965,0.011769535787933529,1.676978979143918,8.343138378588266
2.077052280003623,0.031994091829665526,-0.5601388522791402,6.449600436860277
1.796536581056422,0.032639049434996764,1.0468562545853581,5.938725763778308
4.40685938590909,0.04098908894507008,1.140685745248819,8.299930458430419
4.974031265431937,0.03271538692092174,-0.9222689463949438,9.870115041121199
4.2879575684820335,0.007569781047359676,0.3215236112025104,19.051429603987998
4.40625886109038,0.009103216095891582,-0.6805574436145516,17.610900664764944
3.092870293848325,0.0387911798719643,1.7196377752428331,7.147568871034962
3.89956258769533,0.027915104066075346,-0.17019031116424932,9.460896941151354
2.8486693115319364,0.028448734800309457,-0.8738640816974135,8.0100186970434
3.557130358075854,0.006654389430060133,0.11720006675946593,18.507159747513874
3.2098913686181536,0.021114830163190722,1.2795530198625515,9.869504762252971
1.9115776125935335,0.012188602165839023,0.9624348161057679,10.024506610366462
2.622146413249168,0.011729641677230895,0.5895654589331891,11.968234390344577
2.0999406245128154,0.008583472734262835,1.2992119869757253,12.520335928075326
4.38652868706193,0.01352278861703007,-0.7787310136479346,14.416882104870467
2.8667021382566116,0.049189555637514,0.1937868101161504,6.110810627595816
2.3297833184983396,0.006862415772816531,1.5361362056582708,14.749022625648065
1.2019908285013483,0.014912464517559086,1.9187898421561513,7.186540129470734
3.1972533071284275,0.048054947970659186,0.7333241741660834,6.529252389510694
5.380263338898038,0.0388907001677296,-0.7524935121979119,9.415055298535613
1.947250632864885,0.028173005269603014,1.4055862546909972,6.654850878944939
3.572089229705195,0.023379907330225973,-0.5070747428776291,9.894269749600344
4.258225893609481,0.033659604863372126,1.8301684654110009,9.00334373620384
4.3437309791599485,0.04789314200785268,1.6193904401917991,7.623225821456579
2.4346084970273654,0.049821001695223834,-0.40102187181009363,5.595673020545976
3.0647245771175644,0.0056019800049770495,-0.8432556780443665,18.722719812959493
4.771091371260898,0.023181623551380634,1.4807998517822383,11.483676034492968
2.26102193081552,0.04050820956316821,-0.46589487122197504,5.980325919661619
1.894557672734277,0.04409900514292146,0.5035848651959169,5.246667095962611
2.4953525921060513,0.012581195743062585,-0.8506861727112863,11.273246153516784
3.8242373067976128,0.03926046934124994,1.2651844555272316,7.900210499201797
2.563839001207158,0.04535364376266926,-0.8004190185712895,6.018430813592109
5.510983755057096,0.0376482841920163,1.588360269712786,9.68469529044478
2.719546798822412,0.04933178296937059,-0.47966927657211866,5.9433164120588895
1.3695095879411734,0.010224962517782581,1.9044664737647037,9.263938557049734
5.482398858337315,0.006257319125264246,1.66878794461637,23.693823640417886
5.392966463477316,0.005547981676022269,1.7355746749455605,24.95688285699521
1.6016531474407862,0.039429054893406534,-0.37445645614352885,5.101760204854863
3.341275111152531,0.024232127369709238,0.24624066524207033,9.399490992397991
1.6836545605538433,0.04312463071091481,-0.32108954401201617,5.001586575844391
5.639090198704559,0.010767456463920529,-0.48669604860788895,18.318586018313184
4.724123485158314,0.047341314356349154,1.1586905530854912,7.996214851228777
4.179701637086071,0.02362719950241712,-0.24558315207966863,10.646589422978566
3.9867604835179504,0.00809927783617285,1.9015136152594536,17.759507323043344
4.571172871653377,0.01492241038780134,0.9221725429291707,14.010006048464954
3.2562574799796593,0.02849393457089287,0.801055096400781,8.557110644314113
2.038812281417097,0.04252156711709017,-0.9903018802509219,5.542784314439334
3.309887708572963,0.03799437952554653,1.0517402671486202,7.471209962411811
5.71372835460543,0.032116657763378895,1.9077010339146727,10.676738657744473
1.3397884783424376,0.026574678594599926,1.2040705363554918,5.683660110754089
2.28044252072159,0.04211082551336375,1.065035382470768,5.890561265068215
5.637639264728792,0.02889793709188881,1.7395720094281177,11.180448119272368
3.8519175771461303,0.02933456386849921,-0.007201769659806567,9.172604424756337
3.877330907598295,0.011854800791123462,0.5786299148863265,14.476490612056631
1.2113416991790478,0.04278006803712136,-0.9629292877043678,4.259480045793321
3.523287146807492,0.011468226567940686,0.4004517939698973,14.030394332318654
5.653213071054719,0.04039522247010892,-0.06477504127729738,9.469491636313174
4.487546882642039,0.03402405605188701,-0.947928132206829,9.19296161090478
1.8641476890844955,0.02432978531543672,0.7501917424437263,7.006723985542929
2.121846035199959,0.03311425516661189,1.6590436255423628,6.407571012780649
4.997788003579629,0.0496053572094685,-0.5348867869132548,8.034680546370193
3.1146604535290767,0.028007667858335278,0.3533218689529005,8.441329838548342
4.991201286588774,0.03929325287683439,1.0349294680264962,9.021682531163403
3.3941812770278967,0.04622920211326893,1.9779559148123038,6.858881624142249
1.971649320914909,0.01916401266801288,0.31030769872142816,8.11924416459531
2.732148993612827,0.006528871559088964,-0.03625193299344154,16.374841950596686
4.890235676702702,0.032767124236257154,0.6199396698960378,9.778893598217705
4.4330612401926075,0.034742286380275926,-0.7214332397940459,9.042044857467046
3.062121462696456,0.024249747322517078,0.005403117338239838,8.99500869786344
4.166811768323072,0.029694108956859092,0.1452926887351147,9.482236475117784
5.655232865430089,0.03745977914181705,0.8731169098432725,9.835277767540866
5.0287775693204955,0.0436973799414968,0.2869003463812425,8.587119448822632
4.4483774361783786,0.030690613863790718,0.591011357282621,9.637003500728543
2.8901049801846086,0.020308231589400094,-0.43616666415565153,9.549150656446443
2.552403653801737,0.016499593927661867,1.4991453580561505,9.955934726288234
2.9688860536672226,0.01833708945662363,1.6253227734494353,10.185340511262197
4.703573451992999,0.029824683220190874,-0.5797414540338909,10.05240633477494
1.0628415855163265,0.035795589657413085,0.8223531793640393,4.361777406521937
5.167667761042061,0.03761080215963643,0.21091302977419568,9.38285454408368
3.411168080670338,0.028766257406553072,1.4379972629835356,8.716735503914427
3.331525685826478,0.020052055502608638,0.4310729322975868,10.317776680478394
5.210794360790609,0.03931301177167017,-0.2782432180803871,9.215688755431286
1.645541207258844,0.04617009116495646,-0.20692646901768086,4.778790644684787
5.33494378788525,0.018279848587414396,-0.08449212051177657,13.674851426979503
1.323218607404969,0.017798255789671306,-0.4412585832776482,6.9019382179723765
5.220991485815788,0.037814950120575834,1.4311908793995127,9.405647886008117
2.4808368634990225,0.009035505387582443,0.8602224458941441,13.263766518958539
2.16236744843009,0.005104501206751249,1.6449698649674733,16.475252594747438
2.623344104754173,0.03413171599296585,-0.880511568100735,7.017663803051843
4.159628412716297,0.00986670291434157,1.8116796080622568,16.435587462657246
3.4575674448135114,0.04603333108906367,0.36073323822766135,6.937342216005588
4.684055472833319,0.03177553967158729,-0.5255437761371167,9.718708068678543
5.0588849103578335,0.019178561213456964,-0.050897198858664616,13.000599450996564
4.298226358876386,0.02106052762615642,0.8030369601198912,11.435469703848211
3.1443679456358797,0.046115981171598965,-0.608030511288629,6.60974862688355
1.742698496792268,0.04831306397434857,-0.8137583337314015,4.807539127355971
5.067423926407971,0.03752360270866672,-0.539275261530892,9.302192958903918
5.074108905558543,0.021196247666538333,1.2227146935059512,12.384953751575871
5.235707761906585,0.008264553557983063,1.925541633556568,20.14753827166646
3.408890268465234,0.049884208750949614,0.8644126452812735,6.617119177172912
4.637205563771975,0.02001562788538133,0.7659824369347796,12.183934474072423
5.096502972242392,0.03767240239106439,-0.46607659209217966,9.310402843492106
1.0560167493347425,0.023886980983692917,-0.8334241371211543,5.322292775315083
5.590594610848685,0.005296607001830692,1.1725478817112647,26.00603336122037
4.534495478701727,0.040940819975396774,1.667352606321736,8.42422985438792
4.620712928473308,0.016167044912493673,-0.3797072012083118,13.532659710456153
1.6114442895040957,0.048224969228969995,-0.6892797796925589,4.627172156949853
4.432583795148545,0.01565263982567697,0.2102705694511675,13.470343510270709
2.664525996251233,0.033629132129755566,0.9579142907129785,7.1251849321042044
2.152244755568497,0.015929020170812918,0.18461225207788212,9.304548151796062
2.991722191688386,0.042370183041839295,0.2780547424796147,6.726272395890401
5.302596315906649,0.0063441175762962146,1.56645872987722,23.142094409896796
5.70892757670937,0.0333805148581804,-0.6165087990271461,10.468265794539493
1.37646189208238,0.022933225618621555,1.4258834078529325,6.201453820044134
3.631514139533622,0.03525643608336683,0.8814127754343848,8.12397643168024
1.9582833521256333,0.04414490172809875,1.5246465284796877,5.331402588235037
3.44915166211792,0.019646263353613243,1.1639753466948233,10.60620835898123
2.4575640418953046,0.019356107773547914,0.6085110855076361,9.01960245048338
2.8025292297227713,0.03330745140195662,-0.07197798418905221,7.342574534045078
2.868567953080905,0.04019771289922997,-0.5965888253054896,6.76201124802371
4.962531960835391,0.038126203798222645,1.7441605282240547,9.132377715669145
4.02067269478885,0.0493559211720046,1.5730929097365967,7.224764894757832
2.020329038813779,0.045519988835097065,1.8764955767374865,5.332783705990873
5.276100722680117,0.016081889404357605,0.9479134128413618,14.4987977938745
5.543209141670764,0.014781343274348394,0.8782448595570667,15.501283909046983
5.353129732566376,0.041307604070945594,-0.7472304192132996,9.112402009888523
3.874287051459878,0.03740421284477501,-0.7723504761716029,8.146660675057632
3.9010789989288965,0.048347080772299156,0.330766756709316,7.190369923790082
3.650378545822141,0.03717393998969756,-0.2649394892359844,7.932199795206995
3.9451530748855506,0.02051120430214175,-0.4305439593836796,11.101466146856016
2.680042780618062,0.03997868660278515,-0.36702286604568757,6.553911789472492
2.7497433375110845,0.015180185455005837,-0.9484642830221869,10.773368878638983
1.1110586220146919,0.036206628468364345,-0.09985751049779756,4.434232226186818
4.731608848645053,0.009168706511113737,0.324947400253746,18.184207218159898
3.568679186417228,0.04260714806111276,-0.9131463410693832,7.325824511171797
2.1329776092897035,0.023459400156060444,0.8461002328458098,7.632708671410859
1.4013770636380944,0.037248261349738576,1.4802188773810552,4.909852996946961
1.0507647343744981,0.019221144948480737,1.974966942009051,5.9184380644541426
5.587284053393926,0.03702107335506352,-0.5492743115756759,9.833765828522559
3.593800783993096,0.04496352950658913,1.9959301673972973,7.156337133422171
2.232437609477629,0.00725183040921101,0.3120568931858094,14.044614896352437
5.910089354116749,0.0416330186754111,0.12802247176187875,9.53722574734348
5.260743895174238,0.010906701621305304,-0.5625300423134684,17.580080265081953
5.742235007289695,0.049860405463778186,0.32963158420660066,8.590265128857187
1.9732866260126363,0.025438302895984085,1.4544348231200774,7.050095644573289
2.2908215462939774,0.02188496017194043,1.2694496673955737,8.189676348816176
5.998534633841392,0.016131085776191205,-0.573814669347499,15.436000174130234
5.433796941042307,0.047734844353497195,-0.4503736883465356,8.540394590551626
4.1775859400564155,0.011845050456997616,0.21958223120659692,15.032742854461176
3.416753853335802,0.023115095652260546,0.6620036197474004,9.732019908894769
2.917273466604112,0.03058379621260367,1.1063559193139296,7.817841569865054
2.482066403969147,0.008412464171041245,0.7188919855388631,13.749568659864012
3.1422761264059935,0.03281075498887874,-0.15114645621799472,7.833539736137039
4.0435417906420685,0.005238405642255866,1.7174381674252168,22.239519252825556
2.2716911487643983,0.007858305223000085,1.8898065715819534,13.60987655583274
5.270663048383531,0.04927652741453878,1.0724145553130375,8.278593700676424
5.504501368021613,0.0408946192236155,1.2594899736824345,9.286881357297066
2.250037681311413,0.027639508347726757,1.4519460106348951,7.222270139430823
1.3470643381661795,0.008636640974841231,0.5301350898737245,9.996908704614784
1.368657076241923,0.015193850962237899,-0.8391235785408073,7.597266871532404
4.176221502139188,0.04779918429382161,1.077560789450716,7.482134478244234
4.4847511425868545,0.032026866844457,1.7286154904949735,9.472310752131586
2.1697801378988464,0.029886439931100055,1.9027781739097271,6.820477206680654
5.480311386829524,0.03940291298070468,0.0216324079191077,9.440227112687467
3.705443495078362,0.039137698196055025,-0.5448693197935104,7.788726380784261
5.377525117587938,0.04406040051529146,-0.2950554473201581,8.843231479315763
1.9506039159275463,0.01451832174593434,0.6327876706103646,9.278340945518481
4.6459989549102,0.020186351896871405,-0.6609949210148975,12.143800493182425
2.7159606135222987,0.02155562486911953,1.375351936812089,8.985151723493344
4.820974166894245,0.007960007789025598,-0.8491381457500491,19.699474699148418
5.444870112574517,0.038676968235883055,-0.6421616858112359,9.497548935117768
4.332260908003557,0.03796453251921285,-0.2197171949124368,8.550908582127557
2.247660052391196,0.03915882713091184,0.0038343911376901296,6.0644925299266275
4.2799655143877136,0.03955627704033237,1.5383869784081123,8.32638368615249
5.455037050826186,0.03714756476589223,1.8637761867314317,9.700132526501466
5.888123720730499,0.03793731797630091,0.997590409823423,9.972387387706886
1.207468273098431,0.015484754793897552,1.723252169691082,7.068539472799215
2.4528043285980226,0.021599833581206006,1.806480876331805,8.53002372605874
2.9889425465452595,0.013876040033367194,0.21609472915681094,11.748164019629463
3.704045705712646,0.007545563525120168,0.14508672866573447,17.73520930963579
2.1423657905613984,0.04593054684044645,1.097403509015411,5.466885702987936
2.797795771681594,0.008973126554243276,0.9058734211881165,14.134488537943023
4.2437424105849395,0.042179873364613304,0.9453029438562217,8.029081410142016
2.945218681657889,0.005505965300094006,-0.232523289543195,18.51339332420374
2.864554510999649,0.006278739601607136,-0.015972266294480786,17.09764514778724
2.343611606283306,0.014975235718756363,1.1316777087589838,10.013824509483548
5.831623065435656,0.010619983299262392,1.548488525442214,18.757579480753098
2.3030776890218014,0.0421232066551652,0.3725755245021416,5.918853237455234
5.938656665991983,0.04866416915438589,0.1343018549402455,8.842670495132232
3.258368614598711,0.04421536151355727,-0.6467642242687786,6.871594233071856
1.1775970287626438,0.018527302806129353,0.16901652867197647,6.381697885920698
5.105727568862079,0.043308648269400146,-0.024440443845882287,8.69131507791592
4.472656700922369,0.011346709503206515,1.0757974874761045,15.892484779353047
3.633107588153357,0.01254676633731283,-0.8386712113410297,13.62125784903451
1.1116759255070836,0.011142530069692791,-0.9090461177348856,7.995418167679166
4.2812294434430616,0.008231093649923905,1.399683784156886,18.255741184454287
3.7501153225928805,0.02302143670628402,1.3582899801827968,10.21645178366093
4.314683541611556,0.043812963124354384,1.1182542040053542,7.943596042162574
3.886814395302722,0.049560040358159585,0.5214560715698986,7.088838223570398
3.835207925351769,0.022056454011888094,-0.26963122794005345,10.555300466694725
3.432518911674799,0.014001517197422878,1.4895749494344166,12.533227126039927
1.7825239836023754,0.014962705147042087,1.536857011613884,8.73688504912307
2.4499712818430526,0.02762597443624673,-0.19996258132319267,7.5381657712534365
5.5694831531909665,0.044856120061217086,1.3270321623022152,8.919501528799657
5.780311632199389,0.021650646431475632,1.370631731110901,13.0792903943984
4.5886384666306945,0.01721563457135834,-0.36327806603948865,13.068459392326929
2.7816084785164152,0.035782972022462986,0.5906684367830097,7.05754711330131
5.903802043647624,0.047114953576149816,1.944049932978801,8.96046400294702
1.784523382419869,0.029701827361000136,-0.21119742823334497,6.204596255505988
4.957925344194948,0.024199497929498624,0.25542429371255215,11.457524730937703
2.7992890486232915,0.021052960628137884,-0.8923221239470321,9.230203437031877
1.0381370115629422,0.005774889799485342,1.5222419486616765,10.732464892987954
1.9948711934840286,0.03469878459718071,1.298363462457369,6.06937942061789
2.054222193507065,0.03636451993998018,-0.5397495756766268,6.016290092981501
4.303764411785659,0.021868497011797352,-0.6969775472987876,11.229457269448552
3.4249821488802175,0.005149709451139904,-0.10274643679096163,20.643426367511903
3.192068441890419,0.021058805857549993,1.1601840058634596,9.855149495710071
3.4688086713121864,0.015011319102054943,1.5036016310511848,12.168155030657935
1.3681038297011265,0.03751758263847753,1.5426118136807045,4.833771259018971
2.1515619969962136,0.014693651870884356,1.8533870612138164,9.68625836681912
5.038204254307287,0.039328607992005694,-0.12200290278559711,9.059987266694014
4.1085031315246106,0.047331275689013706,-0.597952091360612,7.457816545207442
5.011463853060564,0.005790711195620621,0.5341645688017125,23.548342187111853
5.242365138892649,0.014416089234898899,1.037826739204688,15.264546009129866
1.3094377013821128,0.04243792988411514,-0.7013738195708911,4.44640804030879
1.2540425276877045,0.016739706668333274,0.03449410403931541,6.928292273531283
4.598431913775908,0.025336508263708212,0.30348431274613974,10.783890979313867
1.0887257232374103,0.010103850259827926,1.858314592089596,8.30921088033718
5.509442678849894,0.006644478222535369,1.4074211243617496,23.049811761162275
1.771265388879782,0.028967374876277777,1.5493174903219225,6.259378849899104
4.94808086598332,0.026489449676619804,-0.38289324779252865,10.940216490675429
1.5892324591144176,0.04750004084469714,1.6885658703718178,4.630103631211752
5.40512500302913,0.009716247386684567,1.939699445131252,18.879808239150538
2.830245255571078,0.020740719853413598,0.42499847611786046,9.350699759382763
4.655468974051361,0.030290177201265568,1.9972250766224424,9.923726832181739
1.7653635749353966,0.026709217577376775,-0.18197351697730368,6.507744405400602
4.867680121298152,0.006504286217674812,0.7446004986502093,21.898036898641752
4.041364278214853,0.018094577425822895,1.3022981486229783,11.962825459475203
3.89887989913952,0.014144101804926514,-0.5040098817515686,13.290038272807442
5.27320466093944,0.015897315094149,0.6519543157603165,14.578720579713643
1.0639389027306079,0.028415904404562962,1.913259363216277,4.898031713341659
3.791901631451117,0.03200457626922024,1.0681848674063996,8.712975244917876
5.09095766569496,0.016109403420235206,-0.987936050438662,14.229970632622583
2.401688812621035,0.021969724073195692,1.7267937130808702,8.369317738528382
1.2189210261301315,0.031014010830065532,0.2309757046472274,5.018255935189708
3.949226693053337,0.013271597490305011,1.2599564241188905,13.808242985815284
1.9422494618532213,0.02925680796010719,-0.08552613909033058,6.522033483493084
3.1279008717541883,0.04752469452473914,-0.619605273858147,6.493978003845122
2.2049011605695585,0.03481157857066573,-0.6259530404878298,6.370546559126642
1.581234765152578,0.02087692623471142,1.408545730782126,6.966407717419942
5.894358583638722,0.02676274417148765,0.4840115987665068,11.879466706886019
4.670314813759202,0.013423155357938046,-0.20628041192788582,14.931029705054918
4.018488067388631,0.029733206771716612,1.5505888967645336,9.305815883599191
3.784781442671704,0.009668471141613545,1.3038841891477562,15.837458500664859
2.1310769482290395,0.02213872756483427,1.817812425691152,7.853571960389186
5.485550360180391,0.019928994357797797,1.9985182040702303,13.280407487533676
2.4126622382161305,0.024167372221347024,0.7150034356280643,7.997928874710733
1.8402608883737281,0.02169936063101321,-0.2145985959247767,7.371573819207928
5.9875159042374975,0.024965028965189266,0.5367950175207787,12.396563021139139
4.348704241218176,0.04745858805640978,1.5918730616648684,7.662429981921772
1.74371661855856,0.01375183083695165,-0.43510101192244377,9.013670587243466
1.9453883228003783,0.047441727194813266,0.49650870373859024,5.125861838822982
4.860809498636076,0.04133456388891746,0.5981083697682883,8.680437415168193
4.541221678591599,0.027286444670780726,1.725647971611902,10.32658834386627
4.289920377217382,0.04065170565194002,0.2871916005564168,8.222979723309843
3.7864433213562956,0.008679827408021604,0.6332975998743846,16.718764296317786
2.5757705187502773,0.02728058474269654,0.0646294732711985,7.778050102296155
5.385480699531566,0.04737561158812101,0.6909883902282088,8.534514329033032
3.247945957476008,0.043071624164863515,0.23165935463319087,6.951087614903989
2.883292846086071,0.006708327879535263,0.4316345413451361,16.595151683375466
2.313133110767488,0.028680088739288966,1.0655722384969586,7.188761195732233
3.518368937090462,0.02525312861534549,1.7953595551537767,9.448374161646045
1.3358712879447578,0.037191918086707874,-0.31471137876074773,4.797356680511864
1.4343391318886312,0.04319337755448299,-0.800684788404022,4.612765007600169
2.1064849696898533,0.046099490568349756,-0.8480554699122266,5.410969786910609
2.608911909753488,0.005303008222490346,-0.48111208211638123,17.754667649740792
1.7544739949955714,0.028642799118025,0.5544358031473005,6.2648363215700815
3.9157097032415003,0.027564223407423073,-0.6658604798125147,9.540614604328605
4.470222056669009,0.0051642853249119994,1.6369034456601397,23.550678503929223
3.2271237486892,0.024797131482364128,0.9896053181395543,9.131688259933401
4.444845567716286,0.049497251259761475,0.7566162165430681,7.585457632312413
3.1249334962409754,0.006155507682666869,0.46340147850970625,18.03567664989328
4.307163427325068,0.00638438157007372,0.7012575589583729,20.791233094059113
3.9743766347934337,0.04418740166903857,0.49120680235367287,7.591529217889467
4.576770561875629,0.030785026655212294,-0.40388623991545536,9.760089348418845
4.7365084227336025,0.026801434314903463,-0.319655485365671,10.64128631346383
3.627851075201992,0.018534464546040737,1.1637724582387436,11.198985778721019
5.409508254326091,0.035201266275515904,1.2673502452231067,9.923017115422283
3.7167076074461605,0.025920991331089487,-0.35355747230173606,9.58511625357568
1.69989571379877,0.007306410447440046,1.2264186014669791,12.209646671989436
5.786690522584147,0.013902570615418351,-0.2625653033138936,16.33095428711391
4.979755838151593,0.03361897737280484,-0.325676668037018,9.742171375243654
2.356395724017015,0.007467996578850155,-0.1710421809927578,14.218901560788826
5.1692237201971585,0.04710185356332996,0.9856937183637728,8.385667824730259
2.424972641401129,0.02323654720987886,0.3111229735129819,8.177331683385166
4.939793780227251,0.022078187530586085,0.34495204426752757,11.973377913149694
2.525367867211038,0.014298495307838395,0.17649044604859077,10.638028420098038
1.5723094966823772,0.03529952384920154,1.0066875360530099,5.342303843169543
4.373384350590871,0.04135787928811551,-0.5652592969507411,8.231399542734657
5.707656603674471,0.047354969750130135,1.1066284548162164,8.78800157525145
1.4711143648748153,0.008723854641839715,-0.4435736324394788,10.394724838406459
4.583943330194723,0.04125484828183418,-0.65807784625036,8.437739487488368
4.161554175458747,0.029716108318313773,0.4112145342234461,9.472743978333096
5.496394200322289,0.01886231451290737,-0.24635023815745816,13.664238541122254
3.552741319471278,0.02248271478045876,-0.8893557847252683,10.062396069220243
2.0921963095159253,0.028458591109241618,1.4710686686561885,6.863387314440936
3.2856994062787095,0.022314867716351793,1.5239004019241005,9.713164547446395
1.797490077799603,0.01842347925154482,1.4016232174227081,7.906629997204308
5.029924882705533,0.02335792517962153,0.9299182244979791,11.746476330256952
2.0466896183735344,0.04733463819490557,-0.0967925876117377,5.263570595350898
1.8253160177534338,0.03676389938343181,-0.8196255532152608,5.640300436505265
4.7972400282094725,0.019827993594554515,0.19783014643159946,12.450888075553177
3.4006067968054334,0.02313825778827828,1.5075451232819286,9.70413593139766
4.346187974760182,0.02380778423354075,-0.4634551598367045,10.81530455887257
3.862298995235442,0.015828361069761078,0.10145959240441682,12.503999883539665
2.704892414743729,0.02647856397445015,1.3004429735328782,8.090433149244634
4.522462675332239,0.025559153560204606,0.97141047576712,10.647759953991159
3.279219828702451,0.04274062712965864,-0.29990065127549226,7.0114656433088465
5.560897320094011,0.04123376727399097,1.5161260949946582,9.295867398105454
3.942799385103971,0.03388970816315031,-0.9026376160278782,8.634007375450025
3.3752569333537816,0.03305858142787808,-0.2822573381266279,8.088263697764775
3.6351635355473526,0.0362473528520822,1.332617629532049,8.016186609575042
5.086264844709673,0.04172541486194914,-0.14049199255457645,8.8377791208376
4.573708594755605,0.03998589528281783,0.4342459386145152,8.561006425683114
2.4934728446960843,0.03243172296073417,0.4927102611283676,7.018774674971407
2.9021627832070083,0.0170344947873585,0.18225104806231718,10.448170356533659
3.060941579678527,0.0441064512565629,-0.42581762747135543,6.668381714065436
2.0790629797896316,0.04014674743082706,-0.8315351527023972,5.760399837946512
1.0471315257092242,0.04669600931979739,-0.5264879658028534,3.7905717683869202
5.794017568226165,0.043505944324526764,0.0033645792796439533,9.237609378191449
1.9177948438341719,0.02953431440320702,-0.8529970323889721,6.450325282462416
4.197207284297169,0.03394286385381217,-0.4175947001395739,8.901228660173986
1.0864615083053708,0.037515703902591305,-0.34821348451433953,4.307691688270675
5.599546431336414,0.04114198768453328,0.5438839750076188,9.338514122093422
1.3195643665352867,0.023565403089716764,-0.9497257352741002,5.989931322088299
3.7738871343243536,0.042164543433172115,0.021319032687046935,7.572943950221866
1.290531608025306,0.015496215183921622,0.6955788638968419,7.3049204930319105
4.050819056332675,0.008435636958219861,-0.4239837394073612,17.54108574391731
3.1170233887342595,0.04268125869403524,0.07453310473864283,6.84061913636046
5.225521957748942,0.020238501627056905,0.7750774964899163,12.862330071602262
4.23930581687411,0.014321800267705572,-0.6293308945498546,13.771858658448956
4.461981778711454,0.04345166718466037,0.3771969863440878,8.111565207009576
5.649956143561943,0.032934005429754776,-0.058409006190290436,10.48441617327864
1.0304901639036783,0.03330138616964421,1.7815192342097288,4.452816101522264
3.3565746871413684,0.045098887372157934,-0.5681089864069864,6.9057242624142035
3.994566412507011,0.01827371362865751,1.207594606609133,11.834922146893087
2.0168119400264772,0.03853831086016915,0.887890312904247,5.790690505473733
5.557577512337213,0.017406502574983888,-0.821281863784344,14.303126994763788
3.869529779135709,0.00995250938245379,0.9398669553098618,15.783626252459232
5.797857739275844,0.03583601290056271,1.9311859528801003,10.181644402428576
4.201444694181941,0.031525705752591913,-0.29131138527071254,9.240828417580506
5.047366490924328,0.023073738925623696,-0.3666286190058241,11.839065480734094
4.290833622819681,0.046711638488896964,1.4713961156723907,7.6718883998090615
5.740087260875246,0.04656188924142506,0.41837921086481655,8.887670398434391
3.5542674750279653,0.03665583034927836,-0.41677099142351903,7.882201128660293
2.51317968474336,0.037779801268858736,0.9973450793658454,6.528688162841424
1.5118503666977237,0.03125865351320175,-0.6916476838091227,5.5668979648502095
4.967653544130692,0.01016406487346529,-0.24975526701073036,17.696440707378617
5.121040114148508,0.008027682424308555,0.20984859933135502,20.217524910565352
2.5410538247667445,0.037590098829609724,1.669456271679116,6.581337887488992
3.363936031946072,0.0130453076412009,0.23802942296742824,12.854070911444005
2.059164876854861,0.04315296162299239,0.7161425672492738,5.529479434209117
4.441361258524838,0.03807814247447586,1.2502383103042112,8.644983375371085
2.9030224779052265,0.0151190632411307,0.9495634652352349,11.091920474966958
2.6144955922642543,0.033009859839990656,0.659585937262702,7.1238719835881374
5.549082790127254,0.014650081579162161,-0.991952022838419,15.57882039208072
3.8484586835967334,0.03184856040434625,1.7982100723531245,8.799186053711912
1.4089848173398618,0.021549549582793943,0.2124801782303396,6.4725892529815505
4.386332518123298,0.019349047753469108,0.37429704675570186,12.05216218314445
5.769170422331877,0.028076770376544182,-0.20141355864045818,11.474323733330868
5.191638762095467,0.03316328610974874,1.320883217013923,10.01538028216881
4.795551275244565,0.0404967765848555,1.4156746755873852,8.710699486732471
4.041780310047862,0.03510335289280194,0.2573859323369605,8.589265783774051
5.05812167288415,0.0481988933033479,1.0251800050870523,8.200117821856086
5.860626749528058,0.008075525304389684,0.8636949830027292,21.564064891884804
3.6769759628355416,0.03828611376868794,0.41093469457572995,7.844562768226535
4.8008248598638605,0.04672816481864122,0.029578394259056173,8.113580669679942
5.572722767332776,0.045647763861602395,1.4020372651922783,8.84439142824455
3.485232777792921,0.03845704727417252,0.7465474336315441,7.620297321733539
3.5926513951509196,0.038772424936135384,-0.4610775155077339,7.705308777374271
3.0570767261781615,0.04555840874046433,1.9701998416761048,6.557116287540671
2.1773766010381754,0.029005707030094002,1.7779838660951648,6.935360449002934
1.8324395281646264,0.00522613885027516,0.06341929859957407,14.988851035460902
1.7200272645382644,0.042481575826734494,0.5392004860704802,5.093441777204985
4.721852220150986,0.0050143591013208835,1.3726755432446534,24.56362557960169
5.3002811536494745,0.041604613680036755,-0.38614976793487454,9.03488640454362
3.8150528529032166,0.023277123447114564,0.5165290941044014,10.247775774294873
2.0786005483695225,0.03664431193290816,0.02820335608055302,6.028735394493978
5.1262195414824685,0.02831436913897505,1.5549659712040165,10.77058136218785
1.7271365536440837,0.031191099638628483,1.0238724279648537,5.95651150027946
4.997090182577968,0.023263058226820496,1.691330902034922,11.731922339934675
1.4986443660538247,0.0422879567715737,0.6170860393594171,4.765241677011976
3.482781296875646,0.04777810066905665,1.1292459522870941,6.834278159970795
5.680638964000378,0.031424472352949255,-0.48747008973333283,10.762386558818468
3.0752969359279367,0.0068065213093958495,-0.7639560959922809,17.014724177813093
2.008716999002313,0.03899992316061007,0.619317939957734,5.744754731035386
3.7539756513288043,0.03604470879890685,-0.5734040465881928,8.169001104949464
4.846254834222469,0.0493219677330087,1.6005724667612786,7.934634311903046
2.9028357912772744,0.024217840262122724,-0.7269434790389637,8.76370033977079
4.024218222871068,0.03008929611484218,1.4566552664754835,9.257180614845254
3.0069330334723103,0.015050194874990597,1.5418790299056297,11.31448539374829
5.771030811768139,0.04274949143848063,-0.25184541302987584,9.300476718554032
3.0214759917547926,0.010571201183954097,1.7349247220623383,13.532916262565463
3.8660662411754325,0.044172426148986,1.8461691888132226,7.488640951985914
5.513194485042878,0.012008463726911833,1.8010805442621076,17.151492626947586
2.3830255739058646,0.01683466764088994,0.030469912920799924,9.523707924904116
1.9486881394193203,0.010108083716502307,1.8330658622908693,11.114264949335288
5.420402881784491,0.03091929264156127,0.6779700059392804,10.59851450690234
4.55693645036517,0.011356528272600301,0.9258588854184278,16.0345834624523
5.816942289321611,0.037930029829340045,-0.5057564090789148,9.912878317534076
5.070314492656777,0.04726265170855539,0.5802558229814045,8.290913734905343
5.868063919493296,0.040751532668270134,-0.8603897814693195,9.605488005777062
1.0968484949168853,0.01357236515885427,-0.025742601776837848,7.19597330763377
4.988639978024385,0.037922098862227485,0.37880609860297243,9.180976759993813
1.192738552950431,0.03503975198790768,0.8465159982443478,4.6702067429202305
3.169975191180974,0.021536217693169424,0.22152366327554973,9.711519916198052
5.400966250210136,0.02747145359420233,0.8524306821943717,11.223773698073016
5.807254528797614,0.030683124570193555,-0.3057503253409619,11.01234043691847
2.579521048741772,0.0307679850588596,-0.590130581957108,7.329325336814157
4.717823985568218,0.018186329684282267,0.06972739123172067,12.892653975785512
1.2850086778198273,0.0050281826651942755,0.8484603785369245,12.796508713928898
2.3329797180943688,0.039742785467312844,-0.19563135911242902,6.132962654556627
4.317554643908206,0.038290412333036594,1.6453227814784879,8.499979720669385
4.726388928208179,0.0357584296611465,0.19356180376194843,9.202789719359053
3.593076703391704,0.027357145154292318,0.9939269945785614,9.173643240119885
5.22220938781749,0.03531468346781582,1.0394440121311361,9.734047727606693
2.379202027715734,0.04328779123990703,0.5092556412774225,5.934401655413865
1.2371874482183312,0.030744665220859706,0.4783834973468428,5.077814812810603
3.8122391782466143,0.03476185310099177,-0.44491768811523413,8.382674443710634
4.943247903199226,0.04820759696905132,0.19289202745162926,8.105735785554906
1.1166924628183874,0.04801888830014487,-0.10204304551805432,3.860154892140232
4.4836961617234445,0.029289388347334498,-0.04348087119595756,9.903915492855367
5.315690981746352,0.03592268269144241,1.1055003239460777,9.737320652805717
2.521410841613873,0.01834661561141323,1.9361913931601702,9.383996058532428
1.5207377071017147,0.020561794440990277,-0.7195797216295556,6.883996493183214
5.558700213346833,0.020148184567668776,1.2465711351607056,13.295744346004732
2.1630383311411445,0.015681368304643072,-0.16714817221138456,9.40121792535645
1.0650089268685103,0.01659830638767289,0.5799630106387259,6.411929303317997
5.364872451597924,0.02903683116538636,-0.21896184524583373,10.880505695586425
5.9277540751295,0.03717969731839412,-0.16182895651591578,10.107323209480112
3.245239321220645,0.015694630955011453,0.46034985106204296,11.510436688556169
4.636123521857073,0.037543253164334864,0.1300973847009359,8.89519632856611
4.694814866819462,0.027248987011770677,0.7243706627210575,10.506983357483534
4.607003558932416,0.030121284409152797,-0.10388856625296194,9.89957431534746
1.163280916323334,0.01978895853875085,0.47808443237986475,6.137264239377939
2.8047173280370243,0.030337818864073426,1.0881339776411236,7.696554722496354
3.66426454436514,0.00562499740124567,-0.2935700778148498,20.430370231650066
5.296278546987907,0.03779024707445876,-0.1278163494244089,9.476315968843656
4.8178251355631225,0.043586346519274996,-0.30079341169934104,8.415778037796906
5.179009115664564,0.03405595973512604,0.22628248842990928,9.871218510034431
5.772074473495017,0.01862140143882587,0.036435020672541674,14.093010364406787
3.9765547605457,0.006028359877169055,0.5846852711932051,20.558805986396113
5.1895408236514875,0.03963717871005902,-0.5166296901542345,9.159190432127508
3.5388672595767448,0.0401542658384104,-0.46473019425140727,7.514676359371141
2.722407256706574,0.04588817297815025,1.318880468296613,6.165526279632606
5.079389197924266,0.008656574841231631,0.07592879450627166,19.389950089401925
1.717493179322648,0.04793058581238982,-0.6342300578684879,4.79165048190609
3.6614177634730707,0.02195045107091303,0.5331150394436373,10.338247075219375
5.964858000196729,0.04936268081017214,0.8351378813637087,8.799230119258175
1.8041430347169072,0.029910425135830015,1.7780686279664,6.216818376870546
5.633774918351306,0.04972354383374769,-0.3391147303655284,8.520453270176652
2.4441370518303347,0.00775978184467528,1.7467165123375339,14.206333678719805
5.266106301173142,0.029804024374959874,1.2125273555310816,10.640238077957273
5.737528730615819,0.045104888840760304,1.3414272165553327,9.02806376720149
1.934053681278288,0.025637517847010526,0.7608948146661803,6.952488255972643
1.1811198551236533,0.01537217349074058,-0.3544479272371919,7.0165453448109885
3.45638366754277,0.02510389216178754,-0.5725767983463912,9.392569808145062
2.3453973303596225,0.021465471053031128,1.660074866551947,8.367235474667952
1.3713177393802625,0.005933759026849055,1.6120374559729322,12.168809267121121
2.420924074663399,0.03401082992133279,-0.6356906492090577,6.753454209558392
4.873084687325613,0.019998936357231163,1.7124126053805804,12.495180092898249
4.842294196553057,0.01798539722478549,-0.9725189763443676,13.134379441795426
5.476805644464712,0.03090327165676181,1.5983490631188295,10.65627512450045
1.258617333839657,0.02520871697616826,0.857477713993648,5.65607907949693
2.69269224937558,0.03087862273611822,-0.7156008877476392,7.474951671558548
3.6117943840001425,0.020496831501233426,0.4445180569706966,10.625812139045808
3.6092603783850965,0.021379478454919516,-0.9507573736794851,10.40050778538662
2.3349420751920618,0.03633682598826278,0.9243589705786119,6.416652949733288
5.9008939531119,0.0302472958354106,0.9075039837681744,11.180458596285332
5.317455580620799,0.008194535560062725,1.359250788092425,20.390775962313676
2.1655477771246456,0.009885649106068008,-0.08193515209183411,11.847460764126064
5.87299895473155,0.044513581437397885,-0.5073703178570694,9.194490800348095
2.5662268715198615,0.008319330218190066,0.8381945011874448,14.0587702057434
5.394113707365264,0.04445754528778634,-0.8775013873479036,8.817212313619352
5.000122198088732,0.009471508159726066,0.13299187610684005,18.391820935486226
1.24999926191782,0.01225882922359596,1.5847457509335152,8.08303334724363
1.0972285377799555,0.032364958880243315,-0.6778808072574926,4.6607414038730495
2.7949538157245963,0.04379459535075802,1.0382504093062384,6.394712866885142
3.6796820873089273,0.01287605824234548,-0.2885858820960193,13.531865510883817
1.3543408104947545,0.009182326831223445,-0.03127535966668793,9.721462360006253
3.4129365175862003,0.02223776147879326,0.0536012305218192,9.91659464070337
5.700510697448309,0.014449621689147783,-0.5530375437280655,15.899103400802131
3.055677611306831,0.017941045577585225,0.13244107325489818,10.446573905123623
2.5825895342943506,0.037324230421304824,0.6988194845619069,6.658497670783615
4.362001058486271,0.03320309053172833,0.4296754226288677,9.174821386629167
1.8545759001004463,0.03271881806018039,1.3157127371584383,6.026532351787658
1.4240650826455687,0.04010004786214365,1.9220856206643502,4.7701986282015865
5.038855799941618,0.03481334439198644,1.3021137378531882,9.630239357646769
3.5797886408672177,0.026646393255424897,0.8701750925623246,9.277980726662594
4.643546674133421,0.02872873045242677,0.2852184186748987,10.176786887335926
3.2990713423180367,0.018538003137554472,1.6132288351630577,10.678453668487172
1.6779701439346886,0.04823124597785191,-0.7550401176541679,4.7214116099262435
2.7061992263815955,0.01992178732238862,0.42659361151823294,9.329529081401397
5.388148777882273,0.040677575682706524,-0.42652729226622954,9.212685557905507
4.630753960792218,0.011426416664261467,-0.23449839257887117,16.11442505128486
4.0382794660359425,0.008547074314726854,0.20080540586455253,17.399366453719992
3.1953729924885037,0.00882573305845669,0.025931661533893147,15.231033591935958
3.772193715739544,0.01437836021968298,-0.3553519195971627,12.965411451416102
3.4815100318751164,0.034938960062772126,0.06213325280612292,7.990479249520842
2.186134557689697,0.016323451468233427,1.882095826662093,9.263528420934398
1.7547580594524432,0.01975567718721895,-0.0590328025869834,7.5440863736170165
1.6403404244538997,0.007629525098029929,-0.6013957488114416,11.737138533570215
5.066641950310008,0.046848824674379515,-0.8722880563169784,8.324434626809643
3.6207837911499436,0.049653947586329406,1.2031373477823313,6.835470214582146
4.207615158072179,0.04004738938572499,0.1500604134126189,8.204930183902636
2.491183747816164,0.049941118395509056,0.30390986171262857,5.6535044556104745
1.5329784240870694,0.012558420406296088,0.07556044032693299,8.8439138260505
1.3160974836380386,0.03447208392939284,-0.770449919081358,4.946001569894893
4.7656704269691845,0.04000241297776105,0.9519323128944035,8.737011306606208
2.9946450546188474,0.019966364619196552,0.9707842764270849,9.803184311595325
3.7584172855084086,0.007437767096329338,0.15584173608487717,17.993895778269884
3.3561686101814114,0.028469858025957088,1.672362371125133,8.69106953490342
1.8570726648326976,0.04241489560646705,-0.8834421332250485,5.296625136244207
3.019946383600743,0.007780222351436613,0.9637523546397095,15.770577665751341
1.596403899202444,0.02968833303930603,-0.8434932247523199,5.869788770372817
2.7153215682932172,0.03307717328642676,0.6629906313063114,7.252544966355019
2.2568747191712992,0.023885256220498988,0.12939234853238935,7.780952487296868
4.667999107533888,0.03004639880579198,0.08315241135304952,9.977302925322542
2.645811424708141,0.021528045342315966,0.2762580620956139,8.874034926871733
2.438471318524792,0.03280318531719262,1.780207984840123,6.901520890046176
3.318871995264897,0.032990614262312964,-0.7962829505180545,8.028677994470952
3.8874573826812275,0.04840682372800834,1.569185146832897,7.173374701354198
5.850139657474859,0.033416926575310216,0.6736413800531389,10.591167938411115
3.6538593752371993,0.04037566177102929,-0.9000617766971885,7.614827634538964
3.5268730400124118,0.029781045852896804,1.2792379361821355,8.71101838265457
3.847332686054828,0.0438731108234342,0.38426147165663505,7.495914879529275
5.640123053442052,0.03462117323839699,1.2302248747637767,10.216858740698822
2.7479332784243375,0.043611578586396554,1.6959310512986536,6.353984894896633
5.701324018944819,0.0076619539824459865,1.7753615436833208,21.835446747191657
4.827894885933778,0.014586819173672397,0.18104024071261127,14.562723143789684
3.5882736964160316,0.017302213120369305,1.7935496921761764,11.527521527337552
4.4243486642729195,0.04136507066433732,0.5585489752519808,8.27850235601815
2.79806006151962,0.02000904841746885,0.5738928628302684,9.46584281348472
5.241587883771593,0.04412679035613347,0.8164727499138069,8.724172737313438
5.369756317621626,0.014193121038654614,1.4730032579880672,15.569774595980581
2.8604640294963346,0.011298178436567507,1.3856060758812863,12.736732285551904
2.4989118193842526,0.010090689478656814,-0.7634452561874984,12.596765202867664
2.419607452692284,0.03308635644883894,0.33360577575031014,6.845291933602202
5.207679091494804,0.042322630179657844,1.831591669456155,8.879321315831893
1.809504365649808,0.04447400596087775,0.051525308925505664,5.1058809253388535
2.8857357875608987,0.03220722413122781,-0.7529815657528649,7.576970993156355
3.2402589935332333,0.02518379101510498,1.8006275108322605,9.079737618762422
3.192576561683445,0.04606004914011206,-0.32710030940583346,6.66426796995861
2.3104878101074533,0.022292331765898166,1.2025039283470753,8.149258264655641
5.8827121997751055,0.009387807346277768,1.9929528335105546,20.037830860086054
3.7813192907926547,0.023003599775267,1.4095387731226898,10.2628448484823
4.392058445932422,0.006751714304094489,-0.008111123914278817,20.416016901410988
2.1330897074750794,0.022703079527813152,-0.9973423845536605,7.759007373341265
3.4670837171691793,0.03560320552928992,0.2225564018792756,7.899172596255593
1.5939214982608,0.024292765341018867,0.9925651516272218,6.483939834842256
4.62848249520479,0.03594095383356059,1.0248431961388627,9.083819650882251
4.6922475486595285,0.018322514228118165,-0.4898217399458893,12.809787164389249
2.482506023496063,0.03552865277780613,0.11605049579130178,6.691134739502606
5.152377358885505,0.028165984078291448,0.9992345891970369,10.826432102232369
2.673293165284761,0.025466484392457196,-0.32479620335318526,8.20130165301661
4.6755129104783455,0.040523460920844835,-0.6221647029318792,8.598156690599565
1.0178530343818297,0.03036067462239883,-0.5137338983717955,4.634798084740393
2.3272056276744295,0.04577014810897925,1.2876169292316666,5.707819226922794
4.6338540452501,0.02071461075960987,1.1325738466898851,11.972277550793745
1.55640314466999,0.011801363792056081,0.9960168969243637,9.192612222667869
2.4013674802866833,0.048382485639587414,-0.03692670886673377,5.639352137706104
3.601287277634572,0.03911620276022985,0.41230934110853923,7.680589049832924
4.013594683036859,0.009152779751375583,1.2685459108137005,16.7623243574315
2.6495652275393544,0.008565636050990139,0.4666804318613318,14.078341273053296
3.5965902635392095,0.02449145968183197,1.710593225586722,9.700232348793138
3.4545612371162977,0.03203729799972604,0.27096660712467324,8.312133257283932
5.088031916907541,0.028378823439126774,0.09483037103415248,10.718196385221091
4.5040218619262395,0.03034010956925663,1.7548292928160336,9.752942465301873
5.039976890729851,0.04228038778107009,0.376623904379376,8.739544164208555
2.474869213330945,0.029431739530217948,1.5079271501249139,7.340271954078291
1.503802334135763,0.03327295859130982,0.03881552995107884,5.3813799617620495
1.592231388110918,0.017596761850054748,1.649754947684181,7.614312591835372
3.173321627621219,0.031919002138593985,1.7398188367844885,7.981350489150674
3.4776777321842363,0.0101676018313702,0.29465685774842565,14.804010745329276
4.169386049413848,0.012361826484629967,0.7305867999497542,14.70072395062595
4.54730774421734,0.04136016398715791,0.9253034913643547,8.393247639808614
5.354007363528785,0.02818087860495255,0.5931869184143088,11.033319822259793
1.8488646709761491,0.0312745743007234,1.6405277669664096,6.154614393504327
1.5100637723731434,0.006387175695307198,-0.9971905280113814,12.307991926376518
5.7103198156676775,0.01304747859461651,-0.03547499351057559,16.745993154956842
4.240993242444121,0.02126468342022658,0.2611610957698498,11.304420896845622
4.340015095971443,0.02113465154803817,1.750132721857133,11.470756582714628
1.1093723112174132,0.00816051843356956,-0.14915547145088814,9.333053937891696
5.678997561759827,0.04705520626322308,0.18995692431903133,8.793787972384877
4.660926931670497,0.02121762502367034,0.5369173933812825,11.864016775119007
5.1500301550579755,0.038401292415734874,0.21408037743963892,9.269919338972736
1.029049441568338,0.0360085136452113,1.423677580123368,4.279169731015022
1.5849066175710467,0.04912171218890973,0.4393529250133965,4.546833812946783
4.379804395968019,0.03047285391326462,0.3292224040870706,9.59654231156744
1.9209292950795942,0.04770781422654316,-0.160377281113544,5.0793123441909795
2.2682818549206676,0.03707255611418676,-0.7655486020495235,6.2613248069936365
2.718155561253776,0.03678419395815973,1.4184969012203075,6.8809835841290194
4.115129811722971,0.007527950527875214,0.23295220374609582,18.715325349554515
3.3813765071249056,0.013010031070106093,-0.42369797069906256,12.904809216136934
3.9642249483226486,0.03612312751896987,0.7632770471192454,8.385528953284993
2.0477251430267738,0.009783457429376037,0.6990132394960942,11.58066880239745
4.2274281710553385,0.009988459268342381,0.7692421631529935,16.46769659422598
5.920640203250315,0.026116326377246753,0.6252906353867309,12.05236514892662
3.7795482112261927,0.023600759461334046,1.8270183189057647,10.129801733584776
2.0825825800456323,0.012373142969871336,0.7198889542668074,10.384966258717752
4.121131736189545,0.00858800526403439,1.6678662890996883,17.53501280844147
2.2094600982619674,0.041108920688635774,1.9359291158405147,5.8683908849575115
1.4175963066423414,0.014270779837788985,0.8518112274254246,7.978043926778928
2.319047487112086,0.01804314336814545,1.3216069796825174,9.074918023735218
4.653529597894754,0.03188280288893949,-0.40321316332997126,9.670679332513743
3.063479446679325,0.025479978775407947,1.2360876944445134,8.77711814488747
4.579498145426216,0.04583504017361223,0.10241664414088603,8.001181558422225
3.732306546093613,0.028271660878702642,1.3905385193919875,9.197228609344107
3.3737823122820814,0.017853460499080036,1.9774755797450352,11.003765198976518
5.626853583237123,0.035293939342073324,0.9926162558122025,10.107103882919704
3.1913478354480747,0.008481015170180694,-0.8938950640731714,15.527700318979376
3.0432136389015505,0.020402876842685453,0.4604515690007742,9.776074590275764
2.0507923089035978,0.02364408284586821,-0.47802831838058846,7.454930406099971
3.942014147539118,0.022808640012831862,-0.9754781613965333,10.523334700830826
1.8171391744045406,0.02827854031803038,-0.491681904220195,6.416668321752111
1.8538676321086807,0.026110562740893312,1.2869051658211634,6.744895643586831
5.370595890879498,0.03496347407452441,-0.6210028725456559,9.920828403623304
5.737095269329671,0.013809970083819182,0.6711185302148404,16.315246950013282
3.2263869542460437,0.04453799316233133,1.01732961946822,6.812976549249522
4.267890683538977,0.02841002065389956,1.5957081775974036,9.811035756304257
1.0373356284016586,0.04722981812661166,0.10461888196465097,3.7514183666946934
3.9882839558170393,0.037694822938935856,-0.4218637716597671,8.233721469669101
2.05515438938919,0.027417854097851375,-0.23719265637166265,6.930259321786239
4.236900414656283,0.011326354311165188,-0.29708705749345166,15.481856807892795
1.1827313567036655,0.014284216063632258,1.5792408727260892,7.283813878990433
2.646735506958663,0.046165068660836986,1.9931972034438865,6.060975362531132
4.954462672481586,0.025068658958003857,0.5703012407376069,11.253217658838174
5.321848591398602,0.04212645556149407,-0.52984087027722,8.997001378390124
3.1215361590841937,0.01068893841941684,-0.43483043845816005,13.679205919220419
3.8487254347266484,0.030887423801389056,1.0324312607726815,8.935350876180847
5.215039671848083,0.048569785441748066,-0.7687245527977993,8.294490336503397
3.0721097565502107,0.0394416543388653,0.7785574225078187,7.064554700068485
3.7446773969453764,0.016118845767075368,-0.5579301117637089,12.20068527878179
3.181267443349822,0.036946723275415615,1.3365267745702356,7.427730131392374
5.1419610919749195,0.030609259251248536,0.23087664568169775,10.374853500515988
4.256374364530243,0.027396967053718392,-0.536382202358975,9.977291373880915
1.6227698441327258,0.044088023692031984,1.852717471030148,4.856374145538539
2.4250679719776764,0.032188682421387144,1.2915508183544997,6.947912615247463
3.4262968879609277,0.016044259328683568,1.0877788593486146,11.697596836623816
3.3105183356310115,0.04628604804758184,0.008092551226839273,6.769661253567167
3.135586561480986,0.04401090671664114,-0.3803061908886822,6.756522524790422
1.4788457335453338,0.005959720182309575,0.5078392902999469,12.60934395175483
4.022855816268403,0.03669623757946322,-0.2691620311750329,8.381089027084402
1.6477908470004814,0.0276969655838164,1.4885905732481541,6.174175031447034
2.149792008548837,0.04828965705861301,1.7794931342097842,5.340908665790349
5.957600554917418,0.04280169058041732,1.3737768197955695,9.443853009649573
2.246721899489315,0.032352020519083355,1.8003256093758466,6.670646772969122
4.85054587327426,0.04495948569167591,-0.9555893763821109,8.314356279287036
4.944817840653493,0.024162399701930768,0.661214998393598,11.451150072486694
4.01745154787537,0.007733734903092891,-0.3203300541673545,18.24419363347328
5.42392156492701,0.010953035025520242,1.3437281114581916,17.81285168239819
3.9133373437045447,0.035525677487771815,1.0536095947559811,8.401299145576878
3.4981403303175798,0.03984251432725265,1.348856010196576,7.500483063636469
4.377407408357573,0.010868886892335018,-0.6831876186337769,16.064230956198617
4.03553206355927,0.041970133771109926,0.0946829300821479,7.849178654515145
3.505167138241313,0.027970508839284623,0.07969081445647008,8.960828631461215
3.022766613101731,0.0086638437940455,1.2223591835256924,14.95171435008214
3.4265115918115816,0.014167964816713379,0.5893139085608481,12.44848090747251
1.1889364735416645,0.024772788799771225,1.9787852012044467,5.545438137186438
3.692889258934366,0.011243714129664191,-0.4714441900952193,14.506820399050333
2.486034917848935,0.033984336314764454,0.7119817058911388,6.846335937676477
1.390324158848185,0.018652583271050988,-0.536693290865581,6.910866930015607
3.4435468485638006,0.03273244021559656,1.833483186764492,8.21027674080066
3.99042523395524,0.011001539646091112,0.7214635820204514,15.244979500069489
5.875188572278172,0.03338308513085456,0.6017084129568746,10.619196568796108
1.459536967862194,0.029246944408566063,-0.4664490004428632,5.654722401701069
1.0793114173716296,0.027760423985022844,0.8443595568778606,4.9911925907336645
5.2278469082202905,0.03964359841558122,1.8721854488601863,9.192187751394828
2.1289987135726127,0.011666028650782003,0.25205633171875896,10.813596740826627
2.4917438368186753,0.047071314176920766,1.5122334383291456,5.8239484786464075
1.4562003878268435,0.01883731289979676,1.5763762420929068,7.037932302132477
4.471303387014217,0.044119746221869906,0.4399189992558503,8.058320867235023
1.4831058575490326,0.008494271749496615,-0.9534057564818752,10.577109230658364
3.4989897383020008,0.02851302500145459,0.8259168064930091,8.86734644723028
1.2612171571690602,0.019103752520621985,-0.8155495022852783,6.503985780023521
1.850348150258387,0.020036667208059897,0.27259453997362826,7.69233115549712
2.666298028176579,0.0374634882489616,1.5275775722224827,6.752960809141875
3.710202559326349,0.024706240363046666,0.08728891823907348,9.809332797190917
4.054680898926759,0.03608802795119152,1.1809695389162966,8.484783301764939
4.204754389143076,0.021191555371666577,0.9515911498775584,11.275424190761651
2.1058068856441445,0.013613672925481077,-0.8585645333061186,9.955557941324022
5.163995022113837,0.044195180913574626,0.029163198419688285,8.652656023708005
5.831083887873163,0.013523402436582045,-0.8887409871553738,16.621707988148284
2.0641098431823037,0.018744700359407437,-0.6945644446471163,8.399842460726491
1.3748397513888595,0.04289839253535469,0.9230817632846375,4.531578635406809
1.151483544288883,0.045514839915336495,0.19854757793235622,4.026209302009191
5.970382380187744,0.035576516797168514,-0.2905346687929975,10.369632149674699
1.381592850905599,0.027273517924278044,-0.012444649632496807,5.697226011607489
5.378698800265349,0.014692956770270355,1.3362984013526726,15.315387934911431
1.7344311696837749,0.01988748962172816,0.7826603439435409,7.475367387885172
4.661910848304785,0.017927869822118025,0.3338745700144421,12.908079357549273
2.410060277610529,0.005441850135517001,0.9933932446484022,16.84552898850324
1.729436191001223,0.02670789176318861,1.5082886432962317,6.441343468659598
5.817910073775568,0.027440814036218366,-0.21418497269909198,11.65544868025692
3.5614747843560264,0.012272859327821146,0.29161212271048487,13.63597035763583
5.954540184738436,0.026344038248938748,1.4421510592850253,12.034468952615706
3.214231158452083,0.019233827441919968,-0.21044766729273967,10.347839534098195
1.9043372529020721,0.04798842838564625,1.11861981081814,5.042520329467778
3.565331076530097,0.030648565750509223,0.33981497837069785,8.63353878054937
1.9359865992762104,0.015312727316707363,-0.5562609177639595,9.00054668151439
2.6542750707859755,0.04996448591960566,-0.6616346179183343,5.834266217949239
5.268458888734797,0.008851762371868346,1.1674521435715626,19.528591195024863
2.3919148736575666,0.018883115771922584,-0.15772690787760668,9.009071247729814
3.2890076569527813,0.03913458726934667,0.2482127071062954,7.338309980834003
4.61318740560279,0.04658145916728164,-0.609335011968753,7.9659576684632505
4.893305553897886,0.028652666983008286,0.3804477793146641,10.460745380813377
4.910448784008416,0.039295047676028455,1.7601791481923978,8.94819979752468
5.492173876277467,0.03787779638474318,-0.12296163785666914,9.63881791541083
2.6642201927183606,0.022550512849833552,1.368021847584148,8.700632715505765
3.815735979451702,0.0470654564872853,0.7843130877110969,7.207456180282428
4.61553820322854,0.018832073743281934,1.3796613885947346,12.531587523500153
3.0414628766502254,0.041475384085024644,-0.17882358133066512,6.854725080799423
5.303343413580551,0.024810232893741797,-0.9320726074377668,11.703168134953861
5.973520338481046,0.00947975254764163,0.9136949444465521,20.0937346381716
4.31896507915787,0.018447870485886784,1.4871665751402352,12.247874158520052
1.7445945548651685,0.04807068990268307,0.8645565594812239,4.822264953695518
4.777201387112541,0.02148424071070038,0.8598509981218931,11.936328425036844
5.151368775761075,0.015208845247599315,-0.2644060161617088,14.731846664807176
5.493789003253094,0.012386312915838929,-0.4755512068333575,16.85811273941276
2.360870845358855,0.008229450281919523,0.5628798538999982,13.557970710351105
5.939435812382971,0.04276510777082188,0.08648383913307911,9.433477130895556
5.012042375328825,0.02340892149158501,-0.6281731419749982,11.712798021204627
3.3129573024572614,0.02266742575978339,1.0987855811410596,9.677224317255941
2.6376320903321377,0.007965453056406321,1.313171699796099,14.566186206470883
5.781394797739976,0.019295614861931244,0.5844118408051795,13.85578042372811
3.7017345760881457,0.025089940246030604,1.587292612545101,9.722922273972321
4.001857848449616,0.038995444276037135,1.5390696405703381,8.109010865131804
2.432615895167785,0.04202419798259571,-0.6532435112703812,6.090192819485913
3.2943425088843563,0.030075916544743272,0.38124933528161353,8.37758666643575
4.922961179473149,0.00884120631707884,1.4332943207761204,18.888672323248898
1.709382566162804,0.0258967718355357,1.5476397277218163,6.5034051361833995
4.086339802047785,0.036281018613494184,0.6454229825654942,8.495158628914915
4.609692644415331,0.015516080519883207,0.8818409185479119,13.797136535543288
2.9297332488497303,0.028441059401666118,1.8560377185980341,8.124284903971265
5.480546812736646,0.0150254944625774,-0.5188538234825094,15.287678790354027
1.5869846788370274,0.014174793420040247,1.5537427303541933,8.46977722583558
1.970991336486715,0.011775084955908397,0.0929917751722038,10.356292852340587
5.278909296346789,0.02399858781258095,1.1818893486520108,11.871982462431117
3.8775564902078288,0.01768562211344781,-0.8828475257118663,11.852579742424572
5.100218562207071,0.0060191556596643995,0.8752556329910572,23.300787338378605
1.4253857710818085,0.044362708116026245,0.30841315644141476,4.537338439269478
4.276714685074586,0.026780907680561572,-0.137342546563322,10.115479690759779
5.089995525167675,0.047360446851050696,1.027295627280195,8.29840820538241
5.399220491415592,0.02588302869890685,0.1909480500107248,11.561174983695944
4.945830996399426,0.04680938918654324,1.9783716225540782,8.228054102970344
4.409545664028889,0.02335214467064849,-0.2205568626794283,10.99961604037285
5.35190321445144,0.011099960511336434,0.5185387005991644,17.576702350018802
2.1673176917712493,0.010157645191465567,-0.10516554453481064,11.692537149229754
2.089990455277338,0.017583102469870292,1.206995125019795,8.72706855516186
5.951964035725359,0.017291057241325316,1.3970880194423576,14.851262165576422
1.191803985334926,0.039877763473061455,-0.9832365300877572,4.376037246718343
2.748651010657829,0.01748061714341532,-0.9316890402787126,10.037496577563264
4.756166674604723,0.01019304010597678,1.2926528374988249,17.291021707284173
5.791908540548996,0.011664455217509273,1.441999273847915,17.83703265287726
3.995216892790694,0.016590041941096076,1.2964210326941186,12.421968636974562
2.750337219498359,0.04519997490347588,0.2579494846170425,6.244071477611373
2.266318798784128,0.012496356403910176,0.16230613703804053,10.779851763524473
2.5363823597056996,0.0327711567757478,-0.9783481723847243,7.042153153665192
2.412014190506329,0.00512694557022303,1.7407801948581572,17.36219244079277
1.2651112575813783,0.042936669855675874,-0.6504407819015738,4.3450439231420495
4.245344347740916,0.023561427661546192,0.5396443646471323,10.744832503361373
5.1460268474914805,0.04108556510375836,-0.005152888941553302,8.958501714918802
1.9787833644783683,0.013516091791459642,1.930207250689763,9.685399716718802
4.440534440968278,0.029978916175258028,1.8839152376568844,9.742123869114248
5.396297825404793,0.035848388769275416,1.8220491173466278,9.821031967452404
5.531968868287974,0.02110327155934829,-0.23028065337470838,12.96011811708883
4.4190599234772385,0.011139626871410652,0.514849778723411,15.94313094305597
4.789403630292368,0.045675040638986156,1.7129744249773005,8.196816977032636
1.139127424976063,0.026688081461194595,-0.08387910589923842,5.229636057282579
1.4068074510624593,0.044313686646475385,1.48119690103149,4.510164460642247
4.760343361427102,0.026062316660464886,-0.30529177393159534,10.818240220335339
2.96099809564556,0.035472839496986625,-0.5245856734268246,7.3133284213901275
3.0980098688586306,0.013054037685187304,-0.4018501449588382,12.331416232872959
5.11589088440513,0.04700264179025261,1.3097685401553365,8.351096306681397
5.8571325801367955,0.012366140216222826,-0.6561312909491146,17.420853709166217
5.028135810269712,0.04234512561173162,0.9067537687351352,8.722596377195403
5.926451121748858,0.005424813732793236,0.6894902703831485,26.4575074930346
1.5172044683348065,0.041543301089286805,0.7992588998401393,4.837439479341838
2.712796664040715,0.014971378661993048,1.636694930196768,10.775110030121049
3.906361046730507,0.022605304389010848,-0.03279985400545915,10.522646972370373
2.1159930275684173,0.027614833739605136,0.4299088566460769,7.006964052768574
4.6525690204203025,0.04885565804571293,0.12008483626888067,7.81147358273916
3.905708892082244,0.03572090148283129,0.6633660037400229,8.370139952880397
4.812213344397658,0.04326790963909296,-0.6086963604241069,8.441769102283049
1.9964667221904997,0.04331670761624268,-0.10059870612414645,5.43434627010316
4.139036936678421,0.011785129629788279,-0.2597466437862721,15.001215805705128
5.411154062684853,0.04934498823892605,1.360921502473773,8.38238134047131
1.6143563993560095,0.03410280719107304,0.4327178815413961,5.507425545904265
3.4654309152815577,0.04713536241870192,1.6935538508733599,6.863556089293215
1.7313021094072223,0.008218354295554904,-0.4192625030327537,11.618177008249368
2.628614665784043,0.03720282875991743,-0.08985255939696235,6.728518818988574
2.3644030206290543,0.03268516197442791,-0.40480597855564004,6.8081547968257565
3.410397422751234,0.007203859549916022,1.948838440611378,17.416619620620214
4.531983820948014,0.04653377759454097,1.9549101996467941,7.899580156343141
1.2762828091435938,0.023252568903336414,1.0455605738300036,5.930372585812118
5.603750527108686,0.017739811952994372,-0.6126823101029351,14.22685417911637
2.220512546965572,0.01518542924777816,0.41955771141409226,9.679592383074151
5.06388307477937,0.03039246423985108,0.6587163658527815,10.332439408308197
5.408570246265958,0.04850919331416797,-0.06419628420176071,8.4522668673744
4.984853521955028,0.009733079420825033,0.7707344123649471,18.115280235111502
4.16803280564789,0.03973128386020468,1.1117863745559862,8.198667136613711
5.814125031058193,0.043901321718815535,-0.6566151034568576,9.211860983691846
3.59073416890815,0.016710858708165518,0.44678586551634036,11.7337338551032
5.073344638962079,0.01371094314918345,0.15089111690051404,15.397758627887647
1.665297470618949,0.021218491326175124,0.7822433351377707,7.091410893355841
1.6669417892454805,0.026038261777874876,-0.02205930760103403,6.404691453104744
2.2057219281432996,0.020772819306357368,-0.4061711538883327,8.248436747580495
5.064481546954513,0.005815325002364333,0.21776055507394432,23.622425643448977
4.581822921755062,0.04167068287800241,0.5097509752652631,8.393591541391364
2.6373546984799905,0.01230546722320441,-0.5842116224772023,11.718693803856455
1.7958821332960089,0.04892609550922464,-0.19581251198058247,4.849674886331024
2.779327588015267,0.02270253566808817,1.9239323432387874,8.856796691891335
4.174021589533856,0.016977014288798022,-0.7233263509331043,12.551356876114738
5.923475436552977,0.04824209491597236,0.37677874720025795,8.869909857842332
1.662373014847629,0.02942194871462902,-0.0812371508632348,6.016896109989792
4.071019999983465,0.030313628840620818,0.020670430230696146,9.276339682074374
1.977693753223305,0.005981709334882934,0.7385698083273549,14.554954686208294
4.050210717698095,0.04241816511383494,-0.8885861989577559,7.821802752511177
4.404975280178348,0.030197398449712247,0.7728668271923964,9.667873579482691
4.686735026864135,0.011608356889035176,-0.7901537233119416,16.083990732405145
4.930184061689512,0.04457589582995579,1.345452611150829,8.418321671250284
4.74994836891257,0.026050691074158167,-0.6431788388906977,10.808833072352643
2.3789119034702124,0.03255080218693113,-0.6069283959139247,6.843091097490722
1.5916641793003574,0.009119197233917097,1.7747397163731793,10.575268593620082
3.6895874573218075,0.01519069341890189,1.1153220791704879,12.475101704366258
2.1079466259874815,0.028888598211877427,0.06854182563146471,6.837708155650626
3.308313541337513,0.03613661119202393,0.8852411257653088,7.659027158318697
4.339951945338241,0.02969718961709049,0.38652854076014886,9.676733355240067
5.053179565028022,0.015066325410019496,0.5748357630986081,14.659619014334538
3.541395710009934,0.03184279014530711,0.16957683974203208,8.441617324033356
5.368392058169733,0.012647126861925487,-0.3552202229232022,16.491879953602847
2.3141007300851735,0.044705872964802246,1.5860916354605985,5.759076262423242
2.5420484873711207,0.040475910733160286,-0.41739351805182656,6.343626286414862
5.488508700245759,0.006231277703645577,0.7201840036052876,23.756508627787365
1.1834174560472903,0.023641929188777194,-0.41288139882176744,5.663325443925786
5.90919036189031,0.029840020757732927,0.7831445945510866,11.264409227374482
1.4943939715820123,0.024313275941728146,1.847840459853133,6.2755934874286305
1.3833020680917412,0.024634945603230696,1.7076947449506021,5.998279506007011
4.370514268582845,0.03205502757968134,1.18733461292896,9.346783505974907
4.002449410758633,0.033749253335696616,0.2290621597205298,8.717156257176184
4.225583783212057,0.011687901717181984,0.4173431886664358,15.220154914156854
4.4885924342840475,0.04096283805558074,-0.6921499900954419,8.379228949606313
4.614465075933575,0.024955935945045936,1.595146603634443,10.884731996219797
3.8280670042464626,0.031521346961444686,0.8138822388645148,8.821275206893748
3.218813054408152,0.020419290441450473,-0.9196991255309193,10.05012685286295
4.053691437105895,0.03377748474681499,0.05552952196962213,8.769113277498878
1.7708141459861944,0.03770226593941156,0.2769865738177848,5.485885701220359
2.9360514354474745,0.011124740523240181,-0.5572915088927807,13.004117184362075
3.1312237721120786,0.007195826980146373,-0.26391325612245586,16.69785503157144
3.454119589158928,0.04776855541626123,1.0838300281740794,6.8067785350976315
1.1132872219253147,0.046143332108283246,1.1532845983903028,3.931815456186616
3.033647872659909,0.024146047097505664,-0.40353416691673827,8.972295170960761
5.2272216689260365,0.026759650621624186,-0.04574712997279473,11.187659216331905
3.5350970006491833,0.017756112099787655,1.8722784191084725,11.294596442881398
1.6257090180840357,0.03704210526921913,0.9725595537646663,5.3029504156202085
1.9967419990441673,0.024875413578574732,-0.6479837706302525,7.1716619676300954
3.520557223296711,0.04668002676162005,0.5230999532846927,6.951589929858234
4.1529934242356354,0.030398566970131637,0.5604524466800034,9.356168960726546
4.964068794367183,0.010040930983333723,-0.5001824253185333,17.79819228891189
5.313583158956526,0.017744881268148043,0.6014291044255364,13.85163954948362
2.5216122669326113,0.00950766147468353,1.840466266157751,13.036058147339867
2.814459885646755,0.013191327405066476,0.3683749515847543,11.692227890075648
5.59682801942522,0.027499024168117645,-0.5358780926512574,11.419742976485006
5.8308565710805755,0.008968954355292344,-0.69070369537582,20.409824115982854
1.2556159705200503,0.011541516912011909,1.3885492329381393,8.349124920566897
3.698881456259424,0.014423901657325582,-0.9215930460555993,12.818518068757054
1.6203226039199665,0.03016010644147932,1.6019497677324575,5.867164975189409
3.981793510733475,0.02792740340167928,1.1732618976752995,9.558023144342888
2.3840395322128005,0.0057836498732921566,1.576914510211556,16.251734508847115
4.618583837321063,0.012620119712319322,0.8394151982517037,15.313225155533441
5.469911181302668,0.03883320724805914,0.4971793258479691,9.500194497050959
4.887118604418078,0.007091448808795321,-0.8102395571344779,21.013720094739398
5.4205974951542935,0.017577668568365613,0.4872079175789916,14.056815156894745
1.8264368152987278,0.012497776223018058,-0.42123848454666346,9.67675942007038
1.4751501465079435,0.048798376206784025,-0.7809822319771984,4.401081567798339
3.852031147659628,0.020609644557134855,0.5888274779625629,10.943434274328174
2.972288422605796,0.01586265957196076,-0.21827006327474918,10.957247277144587
5.635678404142129,0.02942613777424593,1.698811173445435,11.077721918078327
4.880762992857868,0.013939940420574566,-0.30239938756615437,14.978122923558733
5.999371327318235,0.03281734005045429,-0.6650756801287948,10.822938053227437
5.419134373640121,0.039102942466649804,-0.12370313744005501,9.42332631324679
1.104701707297677,0.013640163391830714,-0.23620919583348288,7.203718209159355
3.5062907836195976,0.04128341914565892,0.48068097349082395,7.377005807128691
1.1433900718124463,0.026028133027196598,0.020970806490991034,5.305419011427313
2.2679832363207275,0.010576401371092805,1.0478940496122653,11.721817296385666
2.2085664599256014,0.0417558156027675,1.449420690857735,5.821578265042708
1.4607399776503454,0.04429184302245199,0.36349331560993914,4.596937205791134
2.497762401727548,0.02369595859921523,1.0010316203166716,8.218307945150633
5.8598688482068475,0.01952577654718575,1.655547150615329,13.867040382340726
2.0383487860956544,0.03400129892388164,-0.34916996750618945,6.197770422339014
4.427367275537429,0.006371799668396427,0.4687483081716046,21.10015806003898
1.2964287894979214,0.04700329139653272,-0.8667218405354062,4.2039175319179485
1.9935839837506935,0.03422274548545688,0.6672687558542689,6.109474183383102
5.342714680535899,0.01262535857735735,-0.20592354604188223,16.466569061816447
2.239867867567428,0.04386864042627925,-0.4707159314632633,5.71976389494779
1.6438033809013715,0.030678897109602515,-0.9573188340569475,5.8593447679454735
1.8470409366597256,0.04342224153983072,0.0093995268344913,5.220668660876964
2.805424523361794,0.03449181659039858,0.7299093236130756,7.2191364439121655
3.5399424806496693,0.048564845839838826,0.80446112950239,6.834096157935016
4.4008793302810405,0.011645630699358813,-0.22518057535530933,15.560810471578884
4.455262051701707,0.03536610934022366,1.1957435392792304,8.984356447762826
3.025777731980491,0.023272708833061866,0.44009920315278395,9.127230804944922
3.756183339880018,0.039651082740673,1.7403890445195662,7.790939919893273
4.316411807975565,0.0393803306412705,1.0282959598035841,8.380419265815402
4.83049252700329,0.00982659024894171,-0.47845087697778965,17.74754448570187
2.422466032516573,0.03224034896612085,0.002220834121378079,6.938617878945511
4.409372173267817,0.005762359326261344,-0.4695327611949178,22.142782801926526
2.063814224188371,0.010491057735308569,1.3232826696408835,11.227153278027098
2.679484847453983,0.01643867787639634,1.2597008558681901,10.219654172843478
5.186992130373465,0.010017161334341057,-0.8191844257379243,18.21501151072775
5.805829202722672,0.03596063239453222,-0.43443608542208734,10.170971964526219
3.7222625475785254,0.012424190877856206,0.3241858287019055,13.855220235833565
5.9451441636822455,0.04574149656435159,1.2574673283150757,9.125780109710963
2.615575415763919,0.03622106937139019,-0.826473582900327,6.802162128345393
4.518984480619996,0.0054396508399041695,-0.21739773299340603,23.071663164673247
2.85615747098939,0.025705390709179838,-0.8650345736248497,8.437678220853577
3.3890722295869184,0.00802220954509227,0.18589342563747646,16.452708425737214
4.744324577795456,0.03950993112768074,0.8667656790806857,8.771584470276691
1.648867264858785,0.008169523645041098,1.012844159758525,11.372042410852414
3.361081550254253,0.02526208423302267,0.784564442752415,9.233129466010018
2.7779328114484163,0.04644081515464204,-0.1793839785592488,6.190916427179026
2.3674238120633087,0.01846986159381249,0.5434706429839198,9.062544977256813
5.7529588599027,0.005917383699982049,-0.8077026889774487,24.958860768072256
5.82084221005893,0.011376574771762049,0.17774954283967181,18.106359554632043
1.4505490568865884,0.007805987932597311,-0.3135713909893315,10.911796612022307
1.8688559920552201,0.04231454742589671,0.3322978362368314,5.319698982844714
5.880875178365683,0.020643007004236165,0.44357577618674404,13.510719904391674
2.1783355195835266,0.031634075676964905,1.4854062822381815,6.64245776411546
1.0185494807850972,0.03098944861023498,0.10188668421464264,4.589106442456712
4.023488936300156,0.00914761387625369,-0.128583680458487,16.78771095780684
1.9541080760868037,0.03188450100232824,0.744111474769511,6.266549394522502
3.7779638943618585,0.03810381745849682,1.4066418472550608,7.970556548211479
1.4204209968522559,0.02405177080798468,1.9785735675705034,6.1514713136065655
3.090234897155578,0.037548551900206215,-0.23828626404898,7.261780871744647
3.1851117496501486,0.025346052997663994,1.8205857545322077,8.97327871713283
3.5211139112244774,0.03425968323224076,0.29795323375664795,8.115071594790795
4.368156083008052,0.011434082206406068,1.1371862934115002,15.645606697898653
5.838969803953142,0.02817522538781679,-0.8562721436548133,11.523340765981958
5.308103249868242,0.018773814778812525,-0.5980681325858306,13.459762794659918
2.386385159005404,0.012015163566245806,0.016737961609637697,11.281047185858693
2.5313456910143497,0.03310968447123219,1.6557078440122566,6.999099988294111
3.3504854999168656,0.03186330252497773,-0.8569273598330901,8.2082857643344
4.71726946625828,0.031479147135811764,0.30352808609006887,9.798911913346727
5.231179453232316,0.007744285784529453,1.183952022428488,20.804300272286426
4.61245382955871,0.040495086526611455,-0.9206411294438633,8.542969189154743
3.8601053142734645,0.024005171207406358,1.8201758324103379,10.150587111596769
1.6914116412136193,0.03319287368187772,-0.3235986549924774,5.714078741554109
4.272383299862586,0.03181845975106947,-0.22719417717824997,9.275546730424681
4.72292363153144,0.007229123719930022,-0.9085513064260363,20.46004679364173
1.4153120775638235,0.016357195548143588,0.688975605830783,7.445873837297678
3.6605599948139758,0.011419705271709213,-0.5308895668954887,14.331455732717432
2.9770255549877636,0.02590862612031988,0.5662783388769546,8.580509552187527
1.1429131617698027,0.04650617504033802,0.6504082803354043,3.9682159264716423
4.702768311518235,0.009052147568786154,-0.8708852123582271,18.24504625277163
3.009306476569313,0.019605300002410286,1.4926576752737164,9.917231552471412
2.3502689236604457,0.014139851273709557,0.4977152025079803,10.320015464411401
5.451823116124651,0.048095744147653705,1.8245335987839515,8.522392734875831
4.86421574089508,0.04415334345562723,1.3182330017141823,8.401727785202105
2.9010260179713887,0.009077256814474976,-0.3401641325711313,14.310094122344063
5.5602271703166934,0.02486046313872419,-0.21384788745549077,11.971143863776259
2.0265035010745396,0.019276554266066878,-0.9345910233112743,8.207350229000898
1.1109433149642574,0.025629017041221794,-0.25069061808218174,5.2701619944388565
3.134036215646581,0.01963506104178868,-0.7161611586668074,10.112996738887762
4.1068388085818714,0.019795815880218025,-0.9072192824364448,11.529517039427905
3.5263302550496887,0.009362046499015217,-0.018445101946195308,15.535315746017504
3.9778258693670727,0.030022098363012298,-0.8676084303033138,9.213960622210793
3.8891521824254256,0.023593054162073687,1.6143342988190112,10.277308094917496
2.094941814700367,0.02627109075095799,0.83399234097759,7.148104946011346
1.9737499704316184,0.032959809379912886,-0.6371809851422974,6.194378121233464
3.723320543528371,0.020802210185103136,0.567478612553348,10.709136715870438
1.5886160054250742,0.017382921355764455,-0.7658562986979194,7.65230151931689
3.5032452412070665,0.022333623102705067,0.7518696715309947,10.025352891544305
3.097550767338502,0.03888085077549067,0.8422214346202193,7.144721858157285
3.687803896654224,0.04227528333421529,0.7374714468637031,7.476264120405587
4.519186669243878,0.01145682867868297,0.27335420640169916,15.897979059960488
4.31132534113517,0.041533196836813585,-0.2318616217717997,8.155520955427143
3.5286712223499457,0.007566934037336958,1.9520991162321701,17.285805160151686
3.3593473610650144,0.00849749038997949,1.2376032165147586,15.915713217743145
2.074888616499746,0.024321506722171045,-0.8596482784482764,7.393433069648658
1.8017420805802637,0.04846064025150459,0.4259602020422011,4.880852987717516
4.491150911221471,0.045350739888099546,0.06555867521142034,7.965822510442933
5.453108616899921,0.04323631572817812,1.5349120939203198,8.989628072147644
2.2650992025643983,0.019143245403677782,1.9508172352559838,8.707226060666128
3.8656416363891637,0.021338672840673333,1.5256381652415842,10.773853911627457
5.034934768585631,0.03906593354273716,1.3154252367672616,9.087445314353147
2.2545169669537777,0.012433133412598782,1.9364428738321933,10.779049016504338
3.135218041956806,0.02757172650895019,-0.013367388973586802,8.535832486390994
1.5809277569327715,0.014037228715515694,-0.21602561212150606,8.494920403830012
5.415569435464928,0.007046853567661923,1.7642513465748202,22.190568596735577
2.741699324212014,0.009683488231137521,1.3500652641552193,13.469081713811356
1.8374898248244562,0.009491160879959666,1.8666597466108645,11.13773277257207
5.103326728215384,0.01624300770707452,0.48473282933463224,14.188531590633982
5.997145716682107,0.013166595807968844,1.2145104171985563,17.083605678554132
1.9054204004476736,0.015815763185615228,-0.2772599082274323,8.786063106858421
4.516464263406572,0.005778620260143028,1.8191481038890562,22.378511741972957
2.2243877995663555,0.008152914473753346,0.7014220931343857,13.221867439316885
5.490407023041206,0.02899948270095518,-0.16676807875053712,11.014153758238757
2.35815120202315,0.026969047890733507,-0.22071439797991854,7.485089653908683
2.433768447171972,0.015249001874661775,-0.10890960472008382,10.11260185730846
2.2266635651221107,0.019484785550205296,0.5921208067427193,8.557038303024028
5.042703979651716,0.048894674507890125,-0.8274912619450246,8.12914644512481
5.2103629912938825,0.02914634108085145,-0.15237694825523995,10.702517792516888
3.767532477878867,0.04928403531842027,0.4882748152977241,6.99873197623914
5.4196484584852715,0.041771225146358504,0.5832757564069477,9.117818476189147
3.3421250008646135,0.04820005666936316,0.8968735483027643,6.665481998960846
3.3801881270084886,0.015464923624399832,1.2258964429386507,11.834244451324766
1.7589377206210877,0.04376732551936483,0.945900705935756,5.074511212289882
5.024283553630289,0.015307692530983047,-0.7278432967212397,14.501943049322334
4.79648326383742,0.02081290519727115,1.7388188600994057,12.151757759047333
2.912358361694207,0.04624052502437111,0.0015409172429285967,6.352651310844821
3.5156304651366486,0.005659130211734141,-0.10355771462103158,19.951279646948635
5.8584358391757245,0.014128400421879826,1.2840285854760505,16.30002727776016
3.983133121882397,0.03325198376858478,1.558969823529269,8.760877756061854
4.046244826185494,0.011088704443988453,1.7409899584071669,15.290780859855262
4.716460234425899,0.027372159278221835,0.8344489279676053,10.507455249625567
1.1386429748136053,0.043515638630686755,-0.04805829478156398,4.094634057858944
2.9961474646200372,0.015422024888175047,-0.8119919096494935,11.157191370217335
4.587675331609361,0.024473537398872588,1.6812185948228313,10.959530612706963
3.2542749239629476,0.03416475287885318,0.11835716635450133,7.81235496317837
1.6986325885551814,0.04432300382343844,-0.23213141973070084,4.955404637793822
3.744374487774573,0.04422460463888531,-0.8902866488087987,7.365490080274316
5.665528385917515,0.03860027837178865,-0.0896437648694457,9.697705276362047
1.3790410915401146,0.04309515163802102,1.0527299443746387,4.528124786639413
4.544532934879088,0.011899455416583705,1.406012022005405,15.64318113909603
2.932637427331585,0.039880271088320575,1.741485623261628,6.864266325303155
3.087321384551845,0.028778616912463122,0.9540713155011831,8.290867054711315
5.412771920451063,0.010954783704468259,-0.49563678848103887,17.79311353458217
1.6862460933767633,0.03297971148284147,0.5264093733891393,5.723755080179882
3.67883511165476,0.009075846158505485,1.7504070551407507,16.115938013285117
3.8202415395650338,0.032031461189082885,-0.645728556346499,8.74180321184481
1.0892722860244008,0.009397910508388802,0.2532393023766293,8.617803043583436
5.964416881181895,0.03368038717531762,0.6214511545277117,10.652203323593566
3.6110416251664437,0.029014271160852808,1.2956334542838643,8.930060563478257
2.2620493970222846,0.011913717918941158,0.8946732433553046,11.029894930711254
5.230876309915517,0.02639160828904625,-0.29731578497666633,11.269334936323638
5.714213871312153,0.015322735472748733,-0.061353104743618325,15.458027771995797
4.7550285309200415,0.04199536232869682,1.966147312448503,8.517651893029322
1.1499138383639615,0.03397008422265594,-0.8113949828236146,4.657236882174301
4.554627596483614,0.025139042552004415,-0.08687857731756043,10.774473560786568
5.010070279031902,0.0257116085767826,1.681408111789172,11.173809805197427
1.0803986653318651,0.04550157777855404,1.2282884288541487,3.900522443252579
2.291113573260545,0.016742111691512077,-0.8863766327636549,9.364016739374021
1.7046115783214866,0.021660726877907474,0.8604540306426496,7.1010111333003865
2.9954840157353897,0.04355999291963968,0.6884157196415495,6.637944129782573
2.458670792938155,0.015731698894631097,0.5311032590748317,10.00705687532165
5.1544184151025805,0.023120331304584765,-0.6839852042338715,11.951895799503067
1.9782484789463297,0.012218387429926116,0.43516143782338235,10.185385336047991
1.612123760804658,0.047382453319691445,1.5398021815149852,4.66911324558132
4.850280147862537,0.02144516579706351,1.99989766036171,12.038231688168276
5.156619084497837,0.005697541518136977,0.9545990654677858,24.081457373564813
1.757969651092509,0.029944518209541245,0.9446116288325905,6.133254856791822
2.4637842001304,0.04242580122289965,0.09115443235678722,6.100006478053258
4.976083925838045,0.0052027137915521895,0.5679427339162089,24.755566568112155
5.885826364028773,0.04362434645247784,0.888000249128988,9.297865206933087
5.969812310549031,0.016644765473775358,0.43782678020458654,15.159521321748569
2.2733983217584095,0.030622943168317325,-0.2584898984970079,6.896969303479965
1.5819354638323992,0.026978955821533503,-0.3878170062401962,6.129510626865198
4.106326198598907,0.02304147903538792,1.6485914251970035,10.686009013082245
3.8633603342196423,0.04790777430499689,0.5004170254138476,7.188257075964102
3.9174023178309483,0.01411636540693079,-0.8609406355038184,13.334650331012222
5.764996127613964,0.02368160740398758,0.9278216356244988,12.489294634391621
3.36740450858751,0.0234241533104607,1.9738434354280705,9.597534530602694
1.6556162235639484,0.024958259134721234,0.5354141659544416,6.519535908153434
1.2036189148468264,0.024878374363989323,1.9840537064646941,5.567721357266544
5.310879237307406,0.04701444218014799,1.047644004131222,8.507688083334228
4.557813591702164,0.044597366702330256,1.6355606452127667,8.092219627363338
1.5667717093362663,0.03224845650652425,0.8952762104546639,5.579462766319499
3.3031357614555956,0.01976027557172946,1.0019070802362693,10.349293494884796
5.844699805618411,0.04175008247139991,-0.8359021615067858,9.471012849533176
3.3473447042936906,0.029450553220846606,0.35220740480180246,8.533898631961103
3.736723295284154,0.03602226027528649,0.8070592770927731,8.152747267473556
4.637827778297367,0.0217356016985356,0.7204277101277619,11.692717709763073
3.7045352967750826,0.009036746901077456,1.287916337006366,16.207080858185176
5.049348681652969,0.032190700905056574,-0.43327136312337944,10.025278687559997
1.8541252541159783,0.04041181597976372,-0.2671551834143262,5.4219978495652486
1.7945047029445829,0.04595671769370523,0.956198526562245,5.001978130714344
5.148349104065692,0.03723008795732183,-0.2047642156145586,9.413062726458614
5.450373822633668,0.015809868096086054,0.4533712939336967,14.862539145219365
1.8707268405408983,0.03489077820309688,1.7679029418887993,5.861298648648904
3.13981699921442,0.014327826059471933,-0.7146157765169001,11.849663227401136
3.2137255241568,0.010751173146703069,1.882751992385265,13.83950167784167
4.198973323313376,0.018170995926735396,-0.1608633765056393,12.16819559196103
2.052037149138605,0.018483284016407774,1.6121820617221827,8.434260891210736
1.3980096940400137,0.04114743973189625,0.9808956577565984,4.665816689808708
5.187946872808274,0.03734970184748175,1.4858032401379977,9.434050139759497
2.707070485212051,0.021226477764948452,0.22751224996902808,9.039716366364404
4.0705382752147115,0.030892560453320072,0.3926065862862227,9.18846485419503
2.891587137056404,0.025645852936375124,1.2978896474305053,8.499699229717553
1.9971064237646785,0.02980244533902325,0.5177250433865375,6.552675236060801
5.4390022574826595,0.04176401333326798,1.7292566195572205,9.13487263303309
2.3119462232630488,0.03108635584937073,0.25463554936520905,6.9031601140937555
2.1985033896031796,0.028375165170262177,1.3059788870903821,7.0459305865982
2.5265397631358217,0.044548059251921866,0.15366352495667068,6.0282695633816115
2.8437893506374428,0.04035626995313528,-0.5803100110789542,6.719503620276834
4.932337165902924,0.03598868124351572,0.5231253248851091,9.37103158334144
2.1480527676191405,0.03844849994897375,-0.9948090621520657,5.983106897607116
5.690404825532403,0.027257880117758898,-0.4734226264954129,11.565636354493273
1.405892030159277,0.007125602470595242,-0.723916358145059,11.243698183899088
3.5014390382284715,0.029529773350133775,1.3321475363003943,8.716401316918116
5.523688670996396,0.018385847364416785,1.644133692144715,13.874481458177714
1.9548798810529686,0.03549452653353603,-0.8186427640005962,5.940504572769721
2.206198824661831,0.041810897272645225,0.7800721198915617,5.814623113495331
5.481122492328825,0.01793688959333767,0.694715789842594,13.992817700838165
2.8710237541520396,0.005377520993524597,1.2944846002549877,18.49572354239125
4.078584303257847,0.0241334870654897,-0.9143221910077871,10.40611623209657
3.7765498923868637,0.03509809108305564,-0.2757217674405903,8.303283276908218
1.4355856576786716,0.031004884032596176,1.7821635798067192,5.446825844804193
5.24302739569012,0.009297686272513189,0.6555379925137297,19.008489588401957
5.435515363728603,0.027724297297579463,1.1551310367007588,11.208153751458013
2.626899108277101,0.008559285338794936,-0.5837546599450278,14.02319373433454
4.279164525442571,0.01606390804404312,0.3222871636647584,13.064652941228495
2.2487391101790344,0.03615373065150662,1.1882344890388605,6.313017122645828
1.4583082830528893,0.012527703312944172,0.22809529637371218,8.636403627854092
1.5159959015378908,0.009657301620788691,1.608969841801426,10.029172599646566
1.7027482610253846,0.04370703776183121,0.6219436104216312,4.996242689552061
2.72108715736919,0.019039332418891695,-0.43900878760442774,9.569502445568524
2.3085974207771836,0.01326988800087452,1.7789159580539509,10.558068226279822
3.954349238633754,0.01251712583404498,1.6001517586942455,14.22751957757893
5.1496912194266535,0.030855462665345793,0.8683538615742425,10.341143217408288
2.263201912245912,0.02204018863932179,0.39603334791716027,8.111440498958252
2.202621897538803,0.010796603216480285,1.1457925459140363,11.433268311379058
5.512824624129753,0.018341833489798686,0.7588681966276423,13.877451073265611
2.399924117925558,0.026633613329608823,0.4857845223258197,7.598497058058902
3.8532109855498877,0.02571668190881518,0.4570607999464471,9.798236506050593
4.848304998006917,0.04311509739737541,-0.801778110645172,8.488369384755183
3.1483901020706133,0.02554317495493215,-0.8880549470471619,8.886910775947443
1.107622408024027,0.006533777244262257,1.628365789048265,10.422158997368697
5.4757017090078,0.021471928403491897,1.6667212377074945,12.782869505016977
5.83956851324204,0.045513286857221336,-0.8338725927793809,9.06703450933319
1.599575677826685,0.021161977821389004,-0.2845554943689874,6.959343263612451
4.323418036365024,0.04469040196074043,-0.5518627385923849,7.873185324588983
2.7343879139979896,0.024402799852527093,-0.14783444388485523,8.473332009764004
3.6382708985771295,0.028618351304258098,0.4146383340502935,9.025456986124091
3.2490991742447104,0.039923936725483875,-0.8600379635552163,7.221190369880081
4.202532090771947,0.03252352483522514,-0.8180519228650892,9.099147501565774
5.054790747591416,0.03198129324539157,0.5047557311295892,10.063465680926457
5.025078703121259,0.03126340169338683,-0.6393306803846401,10.148393731692591
3.8800755808456113,0.02710568525910462,1.593068606906209,9.577097015914536
5.544825326225447,0.01835196089178847,1.9174116959294323,13.913829811635452
1.2266172018183525,0.04240864432161273,0.2166793929485462,4.3049818060973335
4.150189803860423,0.04569992783275872,1.2174124711500678,7.628167348735832
1.9918967570437687,0.013384015765263987,0.28347740197348426,9.765268350420968
2.3894717021075365,0.01871601483379498,0.14086583403171993,9.044576682457746
2.8012258439192133,0.0383287323840801,1.0270935572031394,6.843146281866754
5.787938376451181,0.007196608428719718,1.9900178547833933,22.70084390687997
3.9620967981623365,0.024417689070947608,1.698449912738595,10.196573424831175
3.9524624824692687,0.045219224368668015,0.4962998095948661,7.483699033200238
1.5543556982968265,0.035590920069691036,1.4042879067846292,5.289925880093238
1.5248551802968313,0.005467751283366271,-0.30885813703208176,13.367614535336637
2.813102508975908,0.017201679182110505,1.4563406217018433,10.236496609782066
5.701579410508722,0.04576130001946151,1.971765797728962,8.934955659174795
5.4866685706994005,0.024693674292054633,1.8012195956576327,11.931787094266696
3.4526108103385904,0.02098396665780401,-0.1488828905135835,10.267719810550695
2.4879861130627434,0.009447847968890394,-0.5943091579207247,12.989771681196066
4.85790638101958,0.03915002581439677,0.008369180961580236,8.916666712612347
1.0503836546479322,0.03266941496348961,1.2332472330637483,4.538865239150036
4.589334062388583,0.037004289885179696,0.9790475048970042,8.914413768277878
2.268981181062699,0.011970091983297217,1.3138685417308,11.02073837859578
4.3664083565929594,0.018976902161237427,-0.46551167321579134,12.14209160959599
2.760342713167463,0.030467867257080464,1.035258090963929,7.619113885607906
3.195745752702303,0.04584653603901061,-0.05645754107740719,6.683082709766165
3.9327629796753647,0.016951450819331877,1.290258908522083,12.192406653698797
3.3730239394858583,0.027928795641638488,0.8844306000799844,8.796858319453332
2.240437032201007,0.02349009089680357,-0.8755408826526832,7.817502203368672
3.2399011340965815,0.016125621927085335,-0.08735000503803825,11.346231281859199
2.4689815672486066,0.0077919133961233955,1.1212262215368178,14.248884137416823
4.262023039053265,0.02653922032430167,0.5926756527536883,10.143966499666798
5.023251056885956,0.03404925792692491,-0.6827206286829881,9.722604198143719
1.005082768586257,0.046405780424224094,1.8365864222639563,3.7252795043882387
1.9762433856498762,0.049424131042456125,0.5527770708788071,5.061679972675966
4.072141527322241,0.010307936847068468,-0.06386692554560836,15.909976820329147
1.0255571984411154,0.03441503426001709,-0.2926021454918053,4.3696819754820275
2.071918262113681,0.019243541739165124,-0.7542320123121513,8.305920994550434
3.4839652648376287,0.04575092185054003,-0.8964076533136426,6.985234226760389
5.890796022861603,0.012661057581501975,-0.7762911637005964,17.266169110860613
4.36057578206038,0.028234093680172,-0.2680364259800617,9.947844392509401
2.558021009785155,0.03419317223415278,1.1753990107430332,6.923510359512588
3.112231648547462,0.04570797219186508,1.6045453419991906,6.605169546105759
2.9224667949689955,0.03903209004710839,-0.9557491375629863,6.926404951249875
2.6229806542459166,0.01423882852044515,-0.5024868963670739,10.864366395554928
1.8650980030429893,0.044353415546749306,1.4678639121345016,5.1907639952270515
5.264311687243627,0.04802983160058264,1.1777031724119076,8.380294004913962
3.9431694101399613,0.034504117382487313,-0.8840005728151885,8.557191408154592
2.2202082967389245,0.03013875328566022,1.5432940970810316,6.870339662246772
4.06136651648207,0.03818845075063108,1.3896652641887277,8.254942674535977
5.076962544018882,0.01805621256169163,-0.18535590832989912,13.422476121971872
2.522278359590592,0.006750176849295862,-0.25534058960432193,15.473299117026865
1.4307587204100005,0.008747935917525842,-0.5870638905909404,10.23703985356736
1.2696981012245896,0.01249034739665594,0.8669230457498949,8.070621238407748
3.060395563718122,0.027048271676286137,-0.3851475980472584,8.514575713010418
4.923383020968492,0.02999640240912679,0.9867890949465101,10.25513108249267
2.623938662767714,0.018591998073411484,1.6075438195174114,9.509502484725202
4.064097115082627,0.03127621695593321,1.4224916675408714,9.124706830263571
2.812407814218254,0.0311065082259506,1.2712116711561663,7.611276620775712
4.537884159473084,0.03594779617947564,1.6396615775541585,8.99362048283078
4.438778031806549,0.04313601840095924,-0.2917271842546679,8.11999339214368
5.393817434987525,0.04772262764258264,0.7516736856607287,8.510007385498412
4.317392065417529,0.00800418830541784,1.7307725124956344,18.590714680623137
1.7856768350456325,0.02734689770124813,-0.9633225710907102,6.468318390373733
4.079373614733299,0.015351995563468553,0.6501454312158632,13.048431586934694
1.8950155239607587,0.037310256415402004,1.015401296220705,5.704745295476334
1.3463854376511242,0.013204084644234046,0.4669286739442744,8.083036552451592
2.745358463765436,0.012689431480016635,1.7852136257585123,11.773956761153599
2.6114427055327134,0.01254372378704343,-0.6556114035322205,11.549707868090142
4.061885875719623,0.02690256291185641,1.1039294554831032,9.835830148630953
2.1372374456589283,0.04842635322026341,-0.36882157015599004,5.317769322926435
5.036063371747863,0.0393389219893236,1.8217239940921583,9.056874620503452
2.0653361661362166,0.03899161700842321,0.0999261748860325,5.8257754587707975
1.7359445234373907,0.04962634212553232,-0.3414723256928518,4.7343000389920835
5.307109350206809,0.008534974692907323,0.8479943283773719,19.960521739098667
2.0355934786371987,0.031761769345606324,1.4572350906002196,6.408216433854889
1.883091761404484,0.04170672671565487,0.4412151070862891,5.378692027827789
1.8993786999909825,0.019914761228179957,0.8972429700750948,7.817397932021102
3.694420109299739,0.02398510593344646,1.2271461411033222,9.934506746171698
2.317536781016918,0.008260522307581659,0.27610145594715085,13.407677441635562
3.0513572277187886,0.049831426063841625,-0.9741575764827772,6.263814083028866
5.86897382210191,0.03544927239692829,1.5188788432478617,10.299625009018039
2.379821232894532,0.0074908107385306365,0.2730312994078177,14.267626934747971
4.61270930865644,0.010848552010774962,0.7701847711278402,16.50578353246414
4.443128094710999,0.011316096501618904,-0.6230370157966215,15.861347702652665
1.5648046660620554,0.035238147023444764,0.15459519083456685,5.3341782513077405
5.919374135269219,0.024718695242585045,0.1279633110100984,12.387084877154686
5.811177586452321,0.018459418996006446,0.18323551887810785,14.202573635734263
5.053700077299041,0.0149144036278001,-0.5110655322623967,14.73485192076261
2.9446428937168485,0.023971572953331965,0.5249163811575464,8.871806083597383
1.2215779955262684,0.04709599830445426,-0.1637945475638254,4.076735983443037
5.267596748036137,0.011761208684117862,0.4525302322448659,16.94042385058618
2.9577171430273377,0.043914982970629624,1.8984138117126759,6.569252418905115
3.2870748254544453,0.00767169125915402,1.812286963215556,16.5692643376943
4.965937197607156,0.015241953242332917,1.1925569637469726,14.448550781197559
1.013530498890156,0.015417801904773952,1.7530570278649185,6.490096734759698
2.6843971720746387,0.02898304307765163,1.4642681622503089,7.703629452273432
2.0050762027591116,0.04531604469895541,0.0028497416913189078,5.3245564139661035
3.5853438944092,0.03510552073699114,0.6112373465558871,8.089500180174076
4.628781532041437,0.04921962860700995,0.20394610115512446,7.762617112623554
4.592571819323114,0.02505472834229344,0.8692449405585772,10.837450301667117
4.6772797211748,0.010729851063293841,0.2924188834874517,16.712592135738674
4.53704243942259,0.010972551104040515,-0.41630319701732355,16.27708398968648
5.822356625406281,0.04455599626359834,0.6678612309205998,9.150404899678632
2.370313015758726,0.02075490742655922,0.3716705563987621,8.554338667859883
4.520032169052222,0.013563424667023021,1.3475862207637133,14.61268669225709
2.7850895863388208,0.04848427675015529,-0.002928711034720477,6.066847992875893
3.4181662819574408,0.022000756942604106,0.42313435789278575,9.977500795444394
1.012262480957108,0.010654836012829839,-0.3970085410328683,7.802201727069982
2.0228056569911743,0.04067119369085336,0.8892496690240561,5.645177604815089
1.8068128219170057,0.029075335343839576,-0.5150913640760484,6.310128530384968
2.77982977151052,0.01840695834692916,-0.41844266624448845,9.836986511043936
4.560823452365616,0.04449613812212177,1.2933181942298857,8.104093826703998
1.5635140240085634,0.04787778349983545,1.371784812963341,4.574333895118
1.9013937129007092,0.005691484359924592,0.44514984432211424,14.630772021065095
1.1690067568541025,0.04489038583248365,-0.9857817591770687,4.084847346848932
4.0994003315025935,0.02411804955249626,0.1662230615689917,10.435975818524916
1.4543134318928599,0.014108529694412203,0.8653723836589426,8.12703479346016
5.398256816244683,0.03567724560437362,0.18854389806868488,9.846346199293796
4.241987920481409,0.012818232031634812,-0.7866520371714054,14.561785822385069
1.1242527899383905,0.04910996978731404,-0.6991488635911681,3.829932705951459
4.927847099837251,0.01611445046177391,-0.48062724414352,13.99796334566107
3.019294953513803,0.04797481736835875,1.5357309528583958,6.350239356028961
4.934284821969153,0.009771708179248573,0.999539962492749,17.987501893718964
1.3269655011361294,0.028562506581131405,-0.057533950224840646,5.456016148118638
1.787119421887155,0.043077640895669775,0.9354315399230806,5.155785268196167
5.059095013663936,0.008484467979951326,0.06990817098511148,19.54645932761146
3.7773277637412415,0.040619903428148724,1.669199865923872,7.719103814861728
3.1370647115532693,0.007096506311687168,1.8744924482819858,16.829973484955147
2.514406451532958,0.04042435153723063,1.2053415359204616,6.313064113641808
3.6489065185225376,0.03125449324001333,-0.531750229582089,8.649064334660181
4.134900238219924,0.031211361425251667,1.4673092578846312,9.21340476883694
3.9209936217503687,0.043457828123355725,-0.9551077471179231,7.603403680070716
3.3964518584486982,0.026794156446013448,1.1058174757372417,9.012321517927877
2.599450310734765,0.03968092585258083,0.23725727908555605,6.478789228053369
2.6300882212496988,0.049677039673745524,1.4368700214262677,5.824401352191338
1.1979049707430984,0.033651053502592246,-0.77838983222309,4.775906773438359
2.2296882230330786,0.026086033981375475,1.97777751882181,7.400516510372647
4.290114871483176,0.01830423504153849,1.3763491787465982,12.254699273619481
2.9851118694862544,0.03560896586839278,-0.08527533850466584,7.3289981943081814
1.906705764282389,0.017105770037274835,0.7003273749356991,8.451124795236924
5.1974577508961195,0.03398972447875035,1.1737786929081109,9.898414850499288
5.539847232341123,0.009214806046000548,1.8358207145239551,19.626813007427742
2.6400651954931424,0.04838620199327497,-0.12253694352504119,5.912764047346725
1.8920438428790334,0.022861854203893407,0.5818756318179574,7.2820534479915136
1.6023575756236652,0.02646264601342979,1.0589732233932918,6.2288385617380175
1.8978713776038434,0.018064010326622106,-0.010409644113525074,8.204843304711778
2.195548055723744,0.031104161337603915,1.0109781486364136,6.725215657217954
5.924372260219138,0.009313678545052453,1.1727107412580096,20.18852255397186
1.878777611843757,0.03509359596198389,0.6641863050802437,5.8568990971964645
1.8594004622935865,0.035159076836769575,-0.5124412174046159,5.821189339370851
5.333547339727045,0.03984715548514289,1.298138684231951,9.260904476109705
4.984223083847889,0.029307061179135546,1.9830360161077039,10.438944542605096
2.4711415217276524,0.029638777886923862,1.2646138078689453,7.309078944563445
1.8749818174927768,0.041484982129930695,-0.5794031619584906,5.38142220398333
4.164415860677122,0.023422628547676305,1.3466577230717358,10.673410680942435
3.4391577013817383,0.04817705858854635,-0.8857749767692817,6.763163623546071
3.191947048708696,0.04865216339381273,1.7234544535498535,6.483667732514518
3.9149574281946666,0.01840456546460147,-0.5097542779901901,11.67467306662304
1.3879666108542201,0.04590110020157769,0.6492072365202892,4.40171532274476
5.814837271840641,0.04901829520946121,1.6107207375908836,8.71833737506588
4.435349576253329,0.029725807725729612,1.580974676552744,9.777798541892349
1.84480663921035,0.02767100730539563,-0.3297968177731536,6.535923068701413
1.986014049466601,0.038952487090653846,-0.22673698976238588,5.715675335223244
3.619174020153358,0.0104969632559621,-0.8851341020903325,14.863356142465886
1.4121191743550674,0.03991477023840014,0.6868058221453759,4.7611607853493485
5.973333182485572,0.0469655638052798,-0.32167922156081663,9.027397986564992
2.638745867954161,0.04537590916949424,0.3949865080335784,6.10421895223822
5.387049720189268,0.012636553669452518,0.11646614313272163,16.52742361189002
4.783251090747039,0.04101217250798085,0.4016945934392504,8.644685373673465
2.3344486994207543,0.03958018805850786,0.6242981422743208,6.147481498030344
4.723701183809757,0.04988271943688248,-0.2022343198318367,7.789509965646571
4.142820807420513,0.02011410788379843,0.8569269525968526,11.487927247849667
5.4585634735270965,0.04593552950056368,0.2455302773740251,8.725871410186105
5.606076847379224,0.041412543640361815,1.9529666047481538,9.313385074289235
3.433736413650061,0.0348183350939524,-0.5168416578465513,7.949200778942508
3.179293314954826,0.029320507745090128,0.25905006467692604,8.335344324375534
4.294490349799695,0.02231803051677072,0.8273826697420401,11.103806162630532
5.7200062153699065,0.021521004633456527,1.5054593709600899,13.050013759304408
4.7544152598375184,0.02994156124837659,0.1724012789408309,10.086844465560832
2.9270522699258104,0.030940110715211026,-0.10990587753951497,7.785711322517686
4.087515251316986,0.03811632287547424,1.0130337883850542,8.289306234698529
1.2721031231219713,0.023475006964651594,1.3440969938261222,5.892536539495947
5.333166745759603,0.013225902698098927,-0.07428585656390008,16.07399797576188
3.434898686903501,0.007134118059982204,-0.13018605648527215,17.564298519698323
4.99043615998288,0.03347679719960076,-0.3654047357239233,9.773301375879196
1.235809181526503,0.045962524923034015,-0.7243545174842576,4.15066573007798
5.433490292815842,0.020720678879764764,0.7454330900532491,12.962281458660666
3.5998772278942694,0.03339033606800875,-0.6180519740702514,8.311462302690122
4.054022331653613,0.03139561317688781,0.6121096993163377,9.096044435964451
5.194473673709667,0.04124024539876356,1.076769607070811,8.983677314272363
1.4526527172244297,0.01766724855888837,1.3962916812029453,7.258392189755221
5.598530873222456,0.0227112413263798,1.9595749510612261,12.567838533565196
1.9079119289112279,0.01472241629722967,1.2409660824887117,9.112417396225137
5.48449687405927,0.03204312413407793,0.6978427405385523,10.472369574421984
1.2134203650194344,0.031739825322830234,1.2430505633141071,4.949340845249268
2.1021774945099905,0.01088975907288409,1.1984548516364733,11.121658233414616
4.54930582215104,0.017990866051699684,0.45611390042054234,12.728889637611807
4.461337714885142,0.046555964893610115,-0.6680971223922643,7.835899794340723
2.728962215063186,0.014464489265641135,-0.25498629404213236,10.994897859963668
2.0824246685261762,0.049413147875463,1.6293460690933395,5.196457489661087
2.4839498399134508,0.01212741612899643,-0.6853532976170729,11.45595398694564
2.3381234175131094,0.035355294618933976,-0.2617039316886186,6.5095426262002585
3.9668713671323967,0.01725622987043039,1.9357917602037809,12.136545544639711
5.332028926282742,0.01691294085236198,1.4527933399203965,14.212833653222654
3.049750747647653,0.044954692170148164,-0.07222444356783875,6.593084605857716
1.793559594686709,0.01299793567725693,0.9343161205095196,9.40296249322515
5.244864861567247,0.022693540847034895,1.3277452610545466,12.169143412289893
3.8724265719998368,0.005652359439179092,0.8677580475125364,20.951769127451858
3.333164503818325,0.026032519354146196,1.2103791927874452,9.057623490318763
5.69484641226683,0.04053419416563111,0.6157473476057591,9.487990165866545
4.077827665771032,0.01661349053548667,1.786110456812537,12.540879055590809
1.1380960723231812,0.02297954345566571,0.7894253887538878,5.633298363579075
2.4510889771267865,0.047438021770043456,1.4473005620010628,5.75387261926517
4.15534169705403,0.04625198567704623,-0.5917563793872263,7.587211131470731
5.0529677736778975,0.03071354399356966,0.5193339442334359,10.267206288806943
3.7090586726567216,0.043541058849225815,0.20024991383485413,7.3879908402045285
5.980789254240381,0.03487840472076336,0.3211591479355935,10.48201876904606
2.4435370868589494,0.007877590401592542,0.3316850474675206,14.097975753754183
1.8405541882623988,0.03789025464661039,1.2032891701923383,5.578976496537303
4.18218720630231,0.033367986231873814,-0.6455566641919909,8.961500337338729
4.049098596392628,0.027837277268902262,1.774562479129255,9.654055432490093
5.500873163701592,0.03213432961335142,1.1851997729299821,10.473098384988196
3.3885721724503255,0.04048285848374721,0.47047515537304574,7.3234677693723516
3.1023211965894126,0.020060381332104426,1.2341580477682297,9.954461646137727
1.1820265816514282,0.0339444969140673,-0.921157107740465,4.723597924181656
1.4147622002635258,0.006330389994354256,-0.31767514631308624,11.966591901504803
4.913797802740263,0.013925595795435789,1.8691377368943414,15.036464663948964
3.3235719665867176,0.03491615954835685,0.9760531965055796,7.809681070421783
2.807076123818315,0.01618558516269577,1.7868261350792456,10.54160847861867
3.5596973439959285,0.04036041752635499,0.1872845660540603,7.5174872782750795
5.174875799539461,0.012204598228375215,0.9077243527327292,16.48284640177447
1.3078374476555417,0.04608374004270572,0.3903876154336543,4.264292778507459
5.735684008349191,0.031238105976040265,-0.24235371358714808,10.846615652369758
1.0426632491830115,0.036709921830380805,0.29051612449192565,4.26603380884865
1.7683366074908888,0.015467335135101516,-0.26410450474843783,8.558914948516426
1.6901035977529746,0.02302890565403049,-0.9439874463903504,6.857471361701601
3.4059306441726687,0.039377918395177854,0.40449493756496313,7.444499626131209
2.905956618704453,0.03385191416397507,-0.9044710959319793,7.416464761608424
2.086871872502941,0.014188722459226973,1.037952825486082,9.70778692844005
2.867219976604492,0.031803606651840455,0.664963315468901,7.60039756092336
2.627018949115709,0.017489654600988138,1.2666680271615882,9.810360712659685
1.4695837086010712,0.032946120558854104,1.1877684911583382,5.3461238126042545
2.102961059060677,0.048221960752204154,-0.1253681567687902,5.286121883179429
5.040722735065703,0.014291455753276665,0.6436735444208259,15.03322508754171
2.5574586257907854,0.011414809134535667,1.8602849281479825,11.9815766636166
5.445088665008773,0.036216635105385184,0.9706127030373022,9.815047799802096
1.313569289401686,0.04485920486734106,0.8167001273758081,4.33156361672062
5.2579997114929435,0.012838132832112263,-0.5598870036338369,16.199564383770877
2.681705241660822,0.045297218534113275,-0.7206447006897156,6.159050182330062
4.692871920634614,0.04882105580565424,1.7485700586148383,7.848013778239223
5.1778862060034845,0.037832237445483405,1.6768036562020092,9.36459990477178
5.188386894907794,0.045336472293325894,1.6950639370333511,8.563204282544335
4.89838691009659,0.0067288967163582,-0.36748337565596856,21.597257261680184
2.9867721073693696,0.02395754927495919,0.898881752895967,8.937660177635932
1.5844547898702444,0.04524377849885947,0.01960626865868198,4.737011966443989
3.1779836247921396,0.03782061520789553,-0.3699771798168715,7.337625169446619
2.0259390162714714,0.04824794508281376,-0.5540394903479254,5.187018098303251
2.1912057212191622,0.017323935911093203,0.31816363274525816,9.002482423200941
2.7561410149603827,0.047695349392131194,0.0936225979627956,6.0849454528940194
1.7391031016597958,0.011047135985418134,0.7057423964200016,10.043424161637612
3.9935090757810667,0.032654774108940264,1.2215054802924215,8.852134126379152
2.2147668671477874,0.045861971437286514,-0.7677632027438117,5.562648767190858
5.274957037394055,0.035283708053898806,0.14713119362926808,9.787377584116083
2.0160048108652493,0.04707503565230036,1.7016608567269986,5.238349162693803
4.309613041006108,0.03761794562737706,0.1831693287296592,8.567726429962626
3.939597414674064,0.01905138543939086,0.4082727618774431,11.510829730337752
5.669410411289463,0.04487869932038368,0.915942173597122,8.99689821844263
1.1941122055126172,0.04364013153719413,1.89563487116075,4.187198338714151
4.380776227940367,0.04737194528448955,1.8158538740533792,7.697663374883528
1.4185715051519274,0.021577201634698555,0.6238748049106855,6.4904087086528905
1.8717493094075877,0.0475400336227707,1.164516688298824,5.022709821172517
5.226192095919378,0.028929257058632415,-0.11579753689113481,10.758904036029929
2.43210167525762,0.015527365254927414,1.9036048212047185,10.018113981459294
2.8697176660425647,0.008332769593177258,0.304841841268058,14.854871133222243
1.898914922032521,0.03137044460632364,-0.43739652952190267,6.227825084429818
4.494130226209053,0.03218069932365136,1.9822062328560972,9.45951951146791
5.362469383823583,0.021694820324314194,1.8034616232300915,12.584859568501258
1.7210703892317478,0.037008631330958275,-0.4251453833956397,5.4587322658028485
5.349336905701864,0.00970538750692515,1.154718401088802,18.792628353032185
5.751964415813782,0.026300949731850716,-0.44406509273785355,11.83767382979316
4.35736538224184,0.03659718969708252,1.6836838953196382,8.734380563506889
3.2867272375264953,0.0381362574285851,1.9476246477634032,7.431162981075617
4.3844790312039486,0.01005982414527398,0.49334151229597545,16.711206043999884
1.0718035236208279,0.02694967298539701,0.8287666907278424,5.048063741932764
2.4880387963807213,0.008698146359448955,0.5575480047787389,13.538146463799873
1.476517409693025,0.029119914310791785,1.986833237580114,5.69991303321036
3.6287891448349328,0.021620529813338996,0.45675114204377554,10.37030884278884
5.461804314195486,0.011567758308860237,0.6315534889326528,17.393518952538923
5.308597702699373,0.03687408534475843,0.8770628088564987,9.604467003733014
3.996959521208292,0.03904450768822887,-0.870520762907198,8.098953195237526
3.1728160766028175,0.03135711562505402,0.8186964615282772,8.051900225772426
2.144582047419618,0.037393930233058606,-0.6716281479102166,6.061983725315649
3.2931421715507465,0.006080929473434082,-0.27954742186912007,18.627914963740633
2.2581137314970485,0.027820353856844893,-0.9378027837136907,7.211665436795499
5.911182881682106,0.03614160509211331,1.0995838381434009,10.237112349187584
1.8550825810896199,0.03415433273599155,-0.0592299809644663,5.8993302755348065
5.505248282647654,0.018769036596129822,0.024100112991129796,13.709179227297444
3.2899365904403615,0.020478714514612757,-0.4278547518689526,10.145802584514737
3.2368906268694246,0.039549281432665444,0.25016740850051367,7.241669554917808
3.21190410319305,0.04290206195115736,1.9757420591057993,6.926059082977694
2.327770616176247,0.022828433814853173,0.1579106481221677,8.08306408623822
3.930135798430501,0.014531193295237492,0.2515346795754012,13.164280521744901
5.628906026383545,0.03954603315533073,1.5468720505926012,9.550025380463682
5.407370409600128,0.009691070776960674,0.09706149016401655,18.908242655719285
2.1764764351716828,0.024933469859717863,1.4904656654609854,7.478760297417196
5.36937538126588,0.03439584336198566,-0.05684327962053504,10.001217959234848
2.251368751933158,0.044078264512972226,1.5912575985964539,5.720777584062134
1.522898731543881,0.009349998081134566,1.1475585226969849,10.215831976691158
3.829592631022073,0.01844530633475654,0.44634344651410673,11.533930840802634
2.0237207182760617,0.04479252758564159,0.6966189499347923,5.380423907255335
2.5556481299519254,0.00935765996295954,0.46607584236352007,13.228508754350788
2.7742693055761016,0.031832403370484,0.8717190404008344,7.47280386093404
2.5680670703454527,0.008141257694221232,0.7548181171741271,14.216785794848256
3.2108802708428583,0.049150672998961115,1.8885873139652327,6.469806786384901
4.662760879010559,0.030557551905279024,0.9162422121806739,9.887950478356428
2.911970623484308,0.040790703236001195,-0.6689255136258356,6.763272532709788
5.408397613523451,0.007655780250040245,-0.17813875899567067,21.275685722664296
4.062441205687193,0.0403168747282922,-0.587385366290176,8.035152143476667
5.958465441593686,0.022473092274529056,0.8337276902135082,13.034062064022566
3.79087657943478,0.023213032142723775,1.5500212394162318,10.229346174465196
3.116688973292032,0.024336012735223584,1.7083016934996453,9.058702769013601
2.9830312583029075,0.04233002223917352,-0.759096818144422,6.719680799098672
4.477111272899359,0.04522585997731537,0.5002984011688365,7.964334958639669
1.8614933765254484,0.04204619390939411,-0.5828411049989575,5.326125467906188
5.114084216998449,0.030039831558260188,1.5407322349875492,10.444296224871824
4.266689716260337,0.03457088945813224,1.9813058658076717,8.892712329554856
4.879889194925541,0.016279198429829417,1.54951195933989,13.859018091364886
4.146213255147977,0.04021071098235806,-0.6313522532304517,8.128285163926366
2.039424109861166,0.02483401111743303,-0.39055158700807335,7.253946174399657
4.084731088553967,0.0478622417923515,1.4037505329633517,7.394847239282681
2.9586901219015327,0.040166210589965015,1.569841437346371,6.870103820602746
5.298143104989103,0.03786635162458852,-0.15139703222181122,9.468454582218655
1.9844629889363121,0.049576460409824226,1.4619973565634807,5.0643968885986945
3.6152736887350523,0.01018144901715473,1.6809262718295948,15.083765933682443
4.985383635995379,0.01899417841039587,-0.596166587832039,12.968299298785762
4.565604493091016,0.03888688258076652,0.7975527717214064,8.673443800438205
3.669628926169522,0.026611696725051634,-0.4187910425515813,9.399803659021801
2.1970859714516213,0.038921549427033124,1.6540337897884787,6.014125062050483
3.414014104206398,0.01208904698356562,0.10818681320462842,13.451806530491034
3.384184108961475,0.02612248415688987,1.5990301609028172,9.110951681085078
3.131873189518804,0.02402876038709724,-0.6864100860133295,9.138615200768962
1.3056288787566834,0.04038280287550713,0.01974399203182542,4.5515113910985345
2.371707710306284,0.019599030581862728,-0.088142385051587,8.80556601198802
4.3183591751913175,0.03171257049959577,1.1430031370095648,9.340876876721682
1.5288453911248574,0.045145175519698294,0.7562905147343977,4.658221129284521
5.326332581234681,0.01914694437590069,1.7568854531683331,13.350833883571022
4.430314674832887,0.044794221922229954,1.0192932551696687,7.96068204410843
1.6713747760373143,0.021066995156868523,1.9645741735592948,7.129837206173389
5.734908627879601,0.029469843661647656,-0.8594137596703224,11.166532266532613
1.3839738177760132,0.04126769983232923,1.5684092425999943,4.635566282708869
5.20518726634684,0.03939321160620042,0.3869223040182901,9.201348388409203
1.5746992703618026,0.010328833205615583,0.23047028218275334,9.883645742898697
5.96697784209097,0.02312409997190442,0.9779357367298398,12.858454816981116
1.9766821344003755,0.028745587886351336,0.6241244482009827,6.63784047217167
2.730765325294218,0.02824615809776993,0.7226483835101085,7.870575453180017
3.81859934579566,0.02202537958640867,0.0023669507576342674,10.53984770809128
3.7420998444790277,0.008130313612095043,-0.11217567851155175,17.173073399980343
4.00978953619375,0.01900094398069795,0.07289072088361692,11.628325767888363
2.815603736607033,0.04854840467272129,1.6342352445493802,6.095962328439926
4.243079594124964,0.03353801926819526,0.3393991704613024,9.003593398450267
2.5885482502563595,0.02774641637901514,1.9461621749631006,7.7315874490234675
2.743473632210346,0.0179029418403943,1.716137215912049,9.909053758983871
1.5619101620228837,0.045459799192103106,1.51142166601747,4.6920027552896055
3.565548651535616,0.033285614808237676,0.34832807955663303,8.284739962649713
1.7256710232394967,0.026995135783807207,0.06713451007236126,6.400003845231465
2.0093427831011317,0.030560085611479198,-0.07569981604490694,6.490732665117035
5.242890343428208,0.03512914948640578,-0.5859447860412449,9.779025066056246
3.9262743408135314,0.028772845573961772,-0.7177470621402566,9.350673722471658
1.0046158631090945,0.02532846702085657,0.5124428548895037,5.041265296560202
4.572590563197886,0.028020552749116485,-0.6703236069187909,10.225552869374575
3.9733136037306007,0.02440494816657413,1.4354525128013274,10.213661655173912
1.095264566945007,0.010431361732037193,1.8520326573923849,8.202250067639984
4.1010072877131165,0.015575658236328317,0.38116968191824774,12.988711054030922
5.610227226453855,0.024653265571725567,1.8280273388883934,12.075273842096124
5.327076889804098,0.0054840524340052125,-0.7116175148743697,24.94811131472592
3.519459010127996,0.047427987887886665,0.34224386002962537,6.8954814634555985
3.0386164926636483,0.042808124882003765,1.8756173668863472,6.744019737122974
3.4000066310464225,0.04318292231935927,1.1286523585539796,7.102771726206716
2.104327721247797,0.04636210296088668,-0.7167344041821949,5.392859606578775
1.4092441949609675,0.005873633593450166,0.6470761879551414,12.398915249138259
2.1526435128422015,0.030947493384702533,-0.25286705046253255,6.676015059832036
1.1263828564398095,0.04317427388818405,0.8122765174186783,4.0885986841576
2.7513733397747044,0.036808800534304124,1.2761780946176207,6.920586787830031
3.6631387729369176,0.044026926439323585,0.4321277922139539,7.301489945914346
2.469533960456008,0.04553585154661491,1.5831843071703093,5.894877165025531
3.3517372295636854,0.048899194749497076,-0.4824908476562674,6.627170098411011
1.2168174939500387,0.02987263413562059,0.21508596587859508,5.10881236350533
1.8243226793947265,0.04708795125411878,-0.6545484647262355,4.982415256465139
1.0912917023800965,0.031472414199633925,-0.5783743562559085,4.713563770979934
5.866872841561886,0.02682035621870055,-0.9582984128463387,11.83900098212736
3.6880425476924126,0.026513913611404146,1.5812902261053052,9.440718161735413
2.3569308590304425,0.0105058282489794,-0.41584357731797983,11.989532871489155
1.2026396730797577,0.033926239583859215,0.14727964444016717,4.765888642062934
4.739301155251782,0.013091151183024476,-0.3356587872756609,15.23043206470678
5.794510722766927,0.025002466569467204,0.8431891070625701,12.185993651266902
4.426544789830519,0.03248541143095642,-0.5081852503057867,9.343987213035392
3.971924328233278,0.03037095112983537,0.23529555722373918,9.15409207030256
5.778623539989128,0.025799926299512527,-0.5173713473476904,11.979728020704128
1.8326553825081393,0.027055957005489108,0.918314867795506,6.587990178259588
5.1239562141233,0.029459191545661165,1.7342721998832151,10.556896957195313
4.508898902672524,0.0294846950897168,-0.7769349516355344,9.898762813127432
4.380295824632421,0.005996612903416449,-0.8816281278032103,21.63429279645848
5.126997510541236,0.00967626953504697,1.237071381790877,18.425596840136794
3.5119890432383225,0.023493331614278724,-0.7337092958761067,9.786970098061573
1.1970026639817901,0.041923038444832285,0.6761999771325038,4.277255294100297
4.458067640096926,0.017378265857350476,-0.8429522626069352,12.820769671610456
1.080518149601028,0.011132013715767199,0.5901218349688513,7.886297503854721
2.947784489429109,0.04382033157237753,1.5935154655489767,6.565291668045878
1.5597436859314624,0.036209715760549925,-0.1807878331551397,5.253612661844057
5.185004513422783,0.03850195954435742,-0.6424556681669293,9.289174951858534
3.1785404827579846,0.048365388055104215,1.7726505445002632,6.489190518410908
1.6153060164674566,0.04171944497713212,-0.6452441535740243,4.98083475822034
4.703483558665389,0.04185562057901191,1.907204394369506,8.485489729215182
5.113551236758031,0.031115765763580668,0.6088137495275625,10.261599224211103
2.4161274874298417,0.04903971253683228,-0.6201466591915217,5.618623805816243
4.475077286554603,0.010391213967888023,0.27371517394281497,16.611586653962554
1.0594280322192688,0.029384226076804208,0.7217840022588438,4.80642966459342
2.427712099917742,0.04501663733596073,-0.16934998304751936,5.878358325939087
3.4970174788446946,0.044594817574059906,0.8807766227389688,7.088440453080577
4.938506602944292,0.0126030444815223,1.1814691332553249,15.845431655273481
5.365812145609199,0.04970617401077457,0.5456867481386576,8.316805669540644
5.124793307476144,0.020221329166811387,1.2538349906776824,12.74316532225635
1.8181929541053043,0.016656139356415335,0.332315878348465,8.363283177150018
4.170697191770797,0.015997276923185533,0.959270711407261,12.924843350115681
2.296002508648595,0.02770925332221813,1.8668642825265849,7.286479666648768
5.991922446763079,0.032949981630633646,1.061778360770111,10.794424502085032
1.0529415352297655,0.04626677731217655,-0.20054214876404042,3.8186644092591564
4.879102942777735,0.043833298917819966,0.3263895567901738,8.445238167578452
5.160149998574211,0.042396800242213525,0.40370876047725646,8.830974126737951
5.669518470759504,0.03941048949451062,-0.3011749235937876,9.600882673505506
4.525206295799649,0.01861269928536562,1.9977155917245826,12.481262026432516
3.809962420555646,0.04062915777486182,1.6563601960569674,7.751494190998126
4.862777564368996,0.03919133624270241,-0.698200470314154,8.916433118258299
3.3681998258843344,0.033541161227838075,0.2210974802764365,8.021468218546744
1.8164542735322842,0.026606601991680714,-0.468188828066204,6.613959298875836
2.665022977638864,0.037947553090172205,1.6407839681747114,6.708147139124835
1.2709859129419954,0.044609936754766724,0.7181523653845205,4.272662160358994
1.4668471350109011,0.027518445245056887,1.5750112855657443,5.84419194832981
1.1818650946625047,0.008814519140628203,1.4997873398527455,9.26890925461403
2.2879633278231535,0.0487171764196865,1.5048083719730743,5.485642039234872
3.7621886737753814,0.03371357563377733,0.7413732867160343,8.455939510761613
4.293123150650882,0.03497025098401025,-0.7637682031247089,8.869135467988592
4.341926252505516,0.033445813789076594,1.6141510105551924,9.120409270025181
4.446300742079429,0.013433967201652276,1.0584953445965937,14.562678614957047
2.969958177386191,0.044922246645642344,0.10541921110918784,6.508612599157344
3.6293056119598757,0.028037422582419553,-0.5952046970194123,9.107238628707314
5.726226295696662,0.02768677379861064,0.29861250014891194,11.511769017766984
3.5355714884567564,0.01272283221608431,0.06872118319131237,13.343873041423665
5.685823695870375,0.035610646080921377,0.5742307199799963,10.114647632897285
1.167891942333482,0.04092413979128016,-0.44149464417127104,4.276175697931868
2.221061180410217,0.04755962960086788,-0.2533257440735335,5.470222842518586
4.142188537850354,0.042470222849416615,-0.2991402306528419,7.905268971410064
2.312659964178647,0.00792294660137409,1.735162547610332,13.675918888272227
5.171658571624989,0.03884978166591384,-0.9964885253411124,9.235589497871228
1.6318726462555344,0.044703036667154285,-0.7365810521861335,4.836359862739222
4.630467112796829,0.025381161775782247,0.8984319838505834,10.811865716606079
3.8205958471991504,0.009763958615893707,1.2619149127978124,15.834216341236997
4.681854569232842,0.010263409339233694,0.9567812831021811,17.096496596618696
2.7808045436135904,0.019673698500691537,0.8182530108703792,9.51669643052246
1.5166688202515668,0.043575985029760796,1.0452166412383423,4.722432537390212
1.4558519584949599,0.008700525996938546,0.5315713961736324,10.35451693479583
4.634750301755506,0.029329267529090625,1.5279543907630622,10.0625152581344
5.514471977859144,0.01359784190715365,0.4959933089661772,16.119848765817427
4.720839779650409,0.037100566010667684,0.9357353974001497,9.029492729818921
1.5695103864322628,0.04660164479617636,0.9296306879536382,4.6454251205960215
5.092462053819891,0.019557734235530238,0.8898772844384322,12.916612186463581
4.8892938334344525,0.042954187657783235,-0.3953059490908961,8.540126498998648
5.867453317488744,0.005919825787136193,1.445031467323671,25.20080118510516
5.1466115576825695,0.028060410444427402,-0.33262364701450764,10.840708722605816
3.1856174575088927,0.01987403305006858,-0.4586645086791892,10.134394294815705
5.982736287889545,0.03861045350336316,0.7614851860393692,9.964177798903739
2.3901390800709263,0.011960458423847317,0.3855593994428861,11.315706209285922
2.53335812033997,0.01800264840431679,0.8922061210282117,9.4956365467129
3.720151506408129,0.027144676761397177,0.789685575485398,9.370914299916153
5.994863984435751,0.04650293768069188,0.0779243290786058,9.088526172865219
3.1691165745636725,0.03251496778744236,0.849093332067953,7.902626074613427
4.2118053142042,0.03661199448272103,-0.9983304665860314,8.585516747308873
4.728663696495623,0.029661692444872604,1.017644636099603,10.106836497152088
1.8898320412113492,0.037640802685026405,0.5875858079640297,5.671868530043327
1.4504737702305994,0.036186338351689766,0.8737477811689549,5.067883347129196
2.192651102747148,0.0309737005951655,1.6151330765553769,6.7349163747934675
2.5860979609067303,0.047712248089571606,-0.738986851778408,5.893204823705031
4.442385134747461,0.009419063656765855,-0.38910993555388074,17.383940519172672
1.6292130224069021,0.02961793279652329,-0.1444101953878626,5.936842867115786
2.9798252735437947,0.03518297772261844,1.4111718849470853,7.36670184257754
4.017949217460089,0.03536467512691791,-0.19420354955921693,8.532206836697199
1.1395049941602136,0.046520581482221476,1.2190712419478507,3.9616813310856918
1.4631238054617608,0.013724905357145444,1.2433027965603038,8.264752428658865
1.3505728432483335,0.018761213691295218,0.10360802922961065,6.791606746915267
4.247402066291135,0.042677424736633614,-0.03453578618230557,7.985582010347636
5.570888408477312,0.018728493457626363,-0.8082313583505516,13.80558446741257
3.8265643530949003,0.04966169798696503,1.270975757985652,7.026478443338241
5.7898804830290125,0.04376257554311538,-0.002436846852737262,9.207195238682976
1.9682794919242186,0.00898259711542664,1.8699064273408288,11.84912859624294
3.262285856697047,0.011266215750346042,1.3064515985033514,13.621218653342787
1.7295449482324845,0.012333672806751617,0.5562901113878582,9.47902578745329
2.4130638561599858,0.033640316198148,-0.5910325891693365,6.779510886105454
3.9047520591847147,0.03534331321899595,0.5306207187220995,8.413701328403505
3.055123309137073,0.04562901090396516,-0.004280383992619985,6.549947729475323
1.6207801438658933,0.012312044295170483,1.8379832540633845,9.184192096245742
1.024334186330641,0.02493781316862379,-0.3962466788372375,5.130215870580153
1.2094641623616618,0.04271137835425896,1.370141335785752,4.259598823525317
1.7591685593027777,0.04389285999035331,0.006373853871149082,5.067581909584033
5.239835895776059,0.04767095164371731,1.4537512315306955,8.392201863772236
2.203365486272137,0.045323595886189255,-0.343126462461269,5.58116782077372
1.1597983371421101,0.032274665726355616,0.9889352331194656,4.7984873489912045
2.005902331042198,0.01130372270021663,0.7376093508988166,10.663214211532077
2.119073881759037,0.03875846306944975,1.6274047929528743,5.918801367644299
5.803158443222946,0.023108950686392855,-0.6234209976368046,12.684872050159823
1.9415829728317229,0.015171396811593955,0.9693683256485699,9.055432200360677
4.139803911045756,0.011216811199816787,1.1994252870250177,15.377975689446897
3.5872935333330926,0.038259364198533326,0.8203536077849014,7.751014918174546
3.2322735290146594,0.018847414157127585,0.26318408503781976,10.482675825107421
3.499068085635761,0.040329872302848284,-0.23652429651434226,7.456014824842848
3.8211384578410916,0.0209932106461792,-0.422289451342198,10.799432771062692
5.949777197453808,0.0432704251836411,1.3296652517602494,9.38639356317531
5.26158601783756,0.027513856735350447,1.2953487397462022,11.06946397741346
4.163935608297574,0.048866482344287754,1.179593957744728,7.389081443650023
3.604531870432074,0.012634732122093243,0.18190829531575514,13.520271269659208
5.478330149685084,0.041515781576653525,-0.6876650633271859,9.195206381603281
3.5992576817033237,0.04042270361119412,1.0574687433809937,7.553318208845433
4.416475566011251,0.033532936391052766,-0.3618373968527806,9.186416105038019
2.877195779815958,0.04180386792912743,0.14831737958318203,6.640800958426916
4.398954137480368,0.032224890166775544,1.9861397734410682,9.352398076210788
3.202255609926145,0.02647644251957664,-0.2720587828620642,8.803232493365606
4.880487532450105,0.04003052702204343,1.0112788942947342,8.83852795023495
3.8146250660431855,0.048377489261292914,-0.023411401091541606,7.108013700586419
5.0464952642154906,0.045075486240066416,0.5409463235677747,8.469713395779012
5.1885395618912895,0.010371841647222312,0.12401225212995359,17.9035278934048
1.316779742632227,0.02261441846200396,1.1892264330045208,6.108124013786397
4.993124550634828,0.03566625648144208,-0.1359406737584432,9.471121877043275
1.865544890376601,0.04160057126054774,0.8680190943189081,5.360399949832508
3.214577363925318,0.024432688443237982,1.2938410606566961,9.181640880543673
1.2127890444880316,0.020027023869175115,1.4308902294358639,6.229144630564255
3.721372732889928,0.022976122022860326,1.653223231877821,10.187255786786572
2.218656618856522,0.009801292492714768,1.2414325615463189,12.043351466196798
1.101782557206696,0.013843571045722834,-0.389564066343539,7.1411452899015515
3.8508331092074446,0.021100233311816718,1.4285692867416788,10.813784475246115
3.8692769443181243,0.022594023935960696,0.5493700870950389,10.475194733837917
4.616258489571045,0.03713050000847347,1.6897269101916201,8.925317015158743
3.297965966005109,0.031377883692223774,-0.5521168563512079,8.206448531222508
1.5464788933681541,0.031579955952007736,1.8758791717435694,5.601575943296884
3.650617115371203,0.0069085368962685835,0.08064905510450937,18.400689283660594
3.397050490666249,0.048725621399894836,-0.41145400291278866,6.68368998508209
4.0559900850459645,0.04998016453760635,1.124458562129993,7.2109683819740145
2.770913592542925,0.015242111829165645,0.7995848557654788,10.792769685094905
1.594808191416374,0.014308731121083364,0.5695498116369171,8.450796760224556
1.8072036062522256,0.04134597021288846,1.8644158131364996,5.292135292107487
5.2067636394219345,0.04704532284659069,0.7743922467294277,8.421116873447103
1.4193321423164118,0.039654566225571,1.9261664365898854,4.788940121921386
5.672430936858862,0.007247614655888022,-0.03855755533029104,22.39396787868781
1.277996704144618,0.01228272709757942,-0.48310096547984793,8.165099009142146
5.645683329845873,0.017463618550391836,-0.38488486135705957,14.392463233008463
5.743211445648158,0.03215783101611742,1.1104263819729248,10.69739465271327
5.734037995553778,0.008881097674607727,-0.05500000475350553,20.339531710977433
1.3738007040386597,0.03023573993021389,0.790791194529777,5.39567218860565
3.0816427903823658,0.02827714633565304,1.3051283475896365,8.356363972887829
3.0347827194346397,0.04887676175137164,0.8749607399936514,6.307490115226889
4.847878492182597,0.014248218395490488,0.48095105737344146,14.765208060317784
1.0948540412651253,0.021676878193420946,1.4125236227278575,5.688840192335514
2.1896825825244766,0.007591101115924404,-0.13269476083033194,13.595093019915836
4.936584727377737,0.02920857256194307,0.22174058679027664,10.406438469811397
3.7383189394557075,0.041839847751993446,0.862546925431817,7.566362033271697
2.1473084017464,0.01109302967814708,0.4201745459394348,11.136946001714769
1.6695460341964241,0.016219867137260622,-0.900374448168873,8.121187596711348
2.399371784631745,0.04800307418908067,-0.6657137126049772,5.659241638983855
2.133724719333559,0.0057576820574243084,0.31776761549780774,15.409528287299073
3.827378457339003,0.005669506180091255,0.05957802935226053,20.79802410634424
5.009781172780341,0.048411697978934055,-0.9942896316552188,8.142883291079492
3.6304052748820093,0.025982694651315894,1.9642271592433773,9.46192387699496
1.8664570920752723,0.024686249082804475,-0.5114339097342883,6.9602596574685265
1.293333107683835,0.008626767952915552,-0.5655788273400968,9.801106969305824
3.0828510335153014,0.0249958115868637,1.7187188320434155,8.889690446087757
5.555725326869731,0.01260781415285166,1.057084612220355,16.803295838240313
4.777699768400179,0.041220650959464915,1.2582108305680824,8.617791734743067
3.772795426961498,0.017426792396259636,0.28049701704398466,11.777873608175362
4.505676014918029,0.005987888554690844,1.3312436475326286,21.957713561978085
4.569311110210949,0.027562060197915277,1.7011631635894222,10.306554774565333
4.02100825758145,0.04473945458556511,0.931151543758687,7.588678072396118
5.715197266427738,0.017059079983249313,0.5769388092185026,14.651490221674447
1.6871840452671023,0.04352955806437176,-0.03834984900301297,4.983484257240883
3.6238191145569405,0.007380758569831189,-0.3017109015079169,17.736860311730897
5.697785518705286,0.02494958858834904,1.31850774408489,12.096656374188639
5.579545551698297,0.04564367049252397,-0.9514535298269065,8.850200766210435
3.4448462259578423,0.018122538990831213,-0.7427016972263099,11.036195583594871
1.9798841641849474,0.03284341545376392,1.0315896856358178,6.214979833177471
5.564514925019659,0.007186881255014824,-0.16103256867447313,22.2734458706965
5.204436261801589,0.030798675966093248,0.7523799809390561,10.405544563463993
1.9908229527590704,0.04615088161339739,0.01016987479200937,5.257391376812886
3.75073856571559,0.043348340340000825,0.7448718455704624,7.445882001702244
1.0399263868973667,0.037407428374736894,1.8837225701802955,4.220523883358488
1.5441362430238215,0.01186683513225386,1.3227652828202054,9.131021043677132
4.764770297315962,0.0351986557108505,1.7284913422519836,9.313264460153865
3.7385653522312796,0.03862072421353295,1.896937806721387,7.875647531945546
5.22961836134285,0.033185738808114526,-0.41226410992180895,10.048546412020308
3.1471917007174786,0.04406778321010867,-0.10546261952899694,6.764644625293312
4.305573534753485,0.035087670457646596,1.4587966058151465,8.867112682043633
1.5970769839222367,0.02067568967918598,-0.39185757250651165,7.035207521353994
2.2359145578868613,0.044683702355863976,-0.9912500295406653,5.662353989999434
5.648437985750958,0.029659383020420156,1.3172605263471322,11.046561530428523
2.019854724989538,0.04154660751302067,-0.497935068499355,5.581311650037269
1.9609157738367164,0.011121334424032016,-0.4690396100662576,10.629063694200948
1.940238091601921,0.029592261892367813,-0.04063581562793417,6.481602929056754
5.132444732066534,0.03905556615485159,0.6404053257333873,9.176237839624964
4.7798586441265245,0.02177417555882118,1.2179878184823094,11.859889871702144
4.864504988517554,0.042941114942624765,-0.36090799448451194,8.519746210722897
5.44137852763022,0.04741541866565729,-0.34047719493491324,8.575089551454548
2.3356478896638633,0.012855321284890201,1.9627854367226214,10.789621448483189
3.4355557650813795,0.0055385424366445404,0.10884461580998361,19.936308574373818
3.556172432381618,0.011938179770474596,-0.9119535665963421,13.815491436781352
1.7484474990711354,0.04505941295272702,-0.71089242857607,4.986289884413583
2.894524801512194,0.02235298475800785,1.338824828631508,9.108877599868332
2.232896633773498,0.023759197070512543,0.9499958713339702,7.760012472929384
5.984695620174893,0.045004212037251135,-0.02763206166281118,9.23078088880714
1.1040765063415883,0.03712239638743501,1.998492262429647,4.365415359485342
3.8231680176092135,0.03437552905628746,1.5523571560315057,8.441720843487472
1.7800682767917728,0.02753444557366759,1.6918798661380858,6.436120283649435
5.674650687112605,0.008905819494394873,1.1952116009445506,20.20582614694476
1.6970695780116705,0.04259425777802687,-0.9977067142672308,5.052639191552554
1.2832363995267593,0.03790467263630547,0.08627794877499606,4.65747947461023
5.020636663203018,0.009547284066656017,-0.8375379319438307,18.356228873017344
2.8792241050173355,0.017336850694212848,0.6862972876063917,10.315650510167252
4.1654114016141515,0.02402158677862206,1.342663394474629,10.540764111185268
1.3601094710579211,0.03221796743559859,0.8778781484771472,5.200940112625659
4.095580195720954,0.03274900389719991,1.6247188905889165,8.951641054746679
5.898459799045335,0.018083752200187556,-0.18132009627625356,14.456695312569662
2.388741973673236,0.049493319294561244,-0.44707090876884603,5.5610310458851995
5.133679334947176,0.024869502245909086,-0.1649793147949965,11.500714226449368
3.319916285368973,0.008963079898720944,0.8905946421640087,15.405610811166863
2.9677410996265357,0.027331608089732357,1.0209816567626389,8.341120647699007
1.2966921464036114,0.007945608352481202,-0.34381042276859375,10.225836693409375
3.794348522867909,0.025060723637079035,-0.07047672476584466,9.84953654597349
2.995726646210086,0.0434669267429895,0.07736767277994527,6.645315630324107
4.566350439681407,0.041928080205641,-0.40679049747175866,8.353647011527743
2.197965453065714,0.03813853526907533,-0.25558615620569847,6.0767646390072265
4.61705064227122,0.031952556529698445,-0.7567934510010619,9.622180575479877
5.758965005588319,0.016091654186384266,-0.23950271905525056,15.143137439808601
1.277178873407491,0.022658247823492923,1.2083970945032165,6.009753948101634
4.843014718617219,0.03175972158612515,0.1171799829353588,9.884701088673339
5.862662896894799,0.0381967140549486,-0.7599075714786693,9.91695744120087
3.2863187352464487,0.026434794942613686,1.141878256341759,8.92505411721761
3.9113871857995672,0.025464926660935014,-0.996879382360738,9.920605482136667
3.6790840666465976,0.02974423552829115,1.7922753700741443,8.902509377137795
4.503400266548024,0.019779054523856712,1.4271868361226616,12.078458194706348
1.107139176925687,0.048332929579848735,1.4628975907513797,3.8311004516032696
3.371926458839719,0.01051512866036167,1.7203144707719127,14.334275305701482
2.166325136325246,0.031450841192018894,0.7505584818782034,6.643388897464932
2.4871074867849146,0.016540578533395304,-0.928619297282208,9.815578921618807
3.528327253505398,0.0481791859982054,-0.3727417435113688,6.850128056321011
3.3052915990636373,0.021781770679862887,0.4072171328735088,9.860576094149229
3.0936225058217377,0.03917896715606,-0.9236753100364687,7.112972957301957
3.118610746010678,0.03433213704811386,0.997826395182555,7.629114913416727
2.6504719676671993,0.01771083016714378,1.6703466331761154,9.792332196580125
1.5609320209464261,0.03463152075096279,-0.45596046001609325,5.3740314440269525
1.4876225867493722,0.017405567523373494,-0.2574271286803871,7.400248053624296
2.510648683973108,0.03312404471117554,0.3568159234542081,6.968916831930536
1.646425996729945,0.036486286804829716,1.008827590485613,5.377126620453948
3.4052486328976204,0.040369861005634326,1.4364283981753156,7.351733851699202
2.068850315490078,0.04321496283050399,0.7539077715689286,5.538490980432125
3.9332289177932096,0.04453022678047811,-0.021274006235002085,7.5230014935256095
4.550100037616046,0.007324125257406703,-0.0843008489037339,19.951547237487954
4.6227019761396475,0.02928170505129283,-0.00036751866685602597,10.057586041851913
3.6722145364317855,0.013121793578798994,0.8757634372544281,13.390950716307126
2.1693263561358287,0.00528652714164,-0.293803332369567,16.21515867851208
2.245566957587286,0.03827381939631205,1.2771733667239227,6.13134978504435
3.0162542349306225,0.007254907078640495,-0.7756265769127898,16.321573868459787
1.8966965811205136,0.03846360872187241,-0.18570487560554538,5.6210559272815805
5.106061093111128,0.03180080191391647,1.9637097951853728,10.143035775440778
2.2219448880689963,0.012972507107615258,1.8887799517996737,10.476076772462772
1.237942124008485,0.04549922089184698,1.8450946526607033,4.175343212848334
4.378568235671381,0.010521061548371428,-0.2604389588175554,16.329777606961752
5.0839943053571535,0.035908545473248336,0.198215841384781,9.524618963415993
2.4427231828561,0.01287146816666539,0.9917349958193458,11.027246259731358
1.4408407987144536,0.04468730243915059,-0.7913671294410765,4.54527243225806
2.3475784691791945,0.01717994530999671,0.9082315398573322,9.357140705161957
4.840613904294555,0.020762961007174764,0.7927930610786937,12.22220510583724
4.66579919883554,0.02626259736468724,-0.5811186625022271,10.669355208494721
1.4142350404994075,0.020071366872838666,1.2544563246042433,6.719180562170763
2.534503589552356,0.03503364675242786,-0.1246730112665193,6.808442464051459
5.69879770189781,0.028696315749966582,1.4261082575813822,11.280349063188998
2.9602957228958164,0.04513003381554371,0.011675470610289285,6.483040118145537
2.977552316766598,0.04974661362171611,1.4316181652040578,6.192869507629361
1.669112139106707,0.014293059120524754,-0.3102030241988264,8.650160237763398
5.731131620314112,0.014905125560974678,1.0886784704487935,15.696266418488783
3.6447957997447697,0.02355015739944244,0.43605704681598856,9.958265103053021
5.025914334882984,0.04916710790304371,0.7019922168707406,8.093086815485643
4.0635109821959965,0.040887499928377403,1.252046886315326,7.979936407546366
2.889608540263938,0.03898315890127058,-0.6109427600073033,6.891678064149322
5.62420852283869,0.008224688684650098,0.22995882977875692,20.932204195140518
3.398382964309559,0.03220681275363373,1.1234223357030801,8.222545295352518
1.8863523154250572,0.013757075848652291,1.9379658559295256,9.373295929544106
1.9566312963250856,0.03061395157668566,0.9198688071576386,6.399393150927633
4.801703632662701,0.046331073529202904,-0.5278988853954039,8.149021877563877
2.944343230188504,0.04569763909833758,1.2475023956552596,6.42526916596001
2.981509025854865,0.022406332083562235,-0.8917911636558575,9.233719335173689
2.5096651543381867,0.01421259153217952,0.3022631472979056,10.63690407547157
4.973105258271083,0.0399033304346799,0.23768777091724047,8.936207470120545
3.4468368583272566,0.0444234012663676,-0.6802690222952106,7.0509632374673945
1.0645897144314234,0.04786880705476046,0.855359112814676,3.774929284447546
5.826709685127507,0.01673350516837769,0.5912826288455004,14.936960021664348
3.5302341610712435,0.012664671856196914,0.20445646014912744,13.364378760375144
2.004401215069525,0.017054457487257094,-0.7134200225112683,8.677954405693834
2.5506208188292714,0.020030131521152503,-0.5213759741515237,9.032855011875952
1.55142012465395,0.038001251368019115,-0.06162087220093704,5.114577350576435
5.965455462772589,0.04413667790784508,0.5959936591441544,9.306062668908984
4.776265569332542,0.021027328627431528,-0.698058644418805,12.064134539983186
2.0177455901742247,0.03674278654339668,0.5429586944578015,5.931863492771704
4.853705019124974,0.044930673208695274,1.1703186979339169,8.319729690937708
5.40166846826712,0.033936045861219975,1.881162573213476,10.09897584474118
5.7481341089878075,0.028960621222110582,1.0774603046704558,11.277257550997453
4.89136643947314,0.014088970969629307,1.8777892699313656,14.914869312255602
5.182123102024881,0.02568404739483318,1.4288664517842058,11.370148089285111
5.013879674113899,0.04539749013457941,0.6064860742635869,8.412305225733599
1.6377990872613066,0.046307326738957114,0.9308589293094878,4.760465771553882
4.918369345934254,0.019492953302304154,0.47508299139146715,12.714981659143513
2.585275891454251,0.01283294516157477,-0.04756319275944054,11.36146326597542
1.4390466908518667,0.03089939912258908,0.8073627804149544,5.4626882344088905
5.127301415434188,0.01874907195565376,0.20822065262040246,13.237273016635141
3.5131600381325647,0.02695511571390044,1.1867899924560588,9.13844613878744
2.580024051867884,0.022120022332456333,-0.5300939591733534,8.64496195755838
4.539649389968526,0.024179192798225876,-0.956148889987992,10.968171860251418
5.18642289941339,0.010601994597102723,-0.6801037727892791,17.704520273857742
5.660108134369455,0.0164324382728639,0.71043406953254,14.856118301500018
1.1477298512073535,0.04068427282275477,-0.8289354577652353,4.251581899119422
5.07823137616412,0.04320905943656175,1.4032034911868547,8.677863720189515
2.949666463931039,0.03390568125365868,-0.19702965149233498,7.466106962842803
2.5248003741671887,0.011461040845140387,1.4191737031496263,11.880794458878198
3.8700473735552388,0.024513882371201258,1.3776353505555252,10.057639881690381
1.2226615057365904,0.007160685784992012,0.0771218507813094,10.459713782485766
5.66450912776425,0.01003304863510898,0.6268451912840338,19.019919366880696
1.4534735070209417,0.005625696564756899,1.3083071446874404,12.866469590894724
1.4246697799408101,0.04286413829449151,0.13660556268081292,4.614812359280604
3.4461283430912433,0.026319765766959147,-0.45327275595347793,9.159435391769108
2.2118763719931236,0.047406065625185456,1.9091322792988747,5.4677349985755175
2.9530503016376013,0.025224148148730016,1.772009532210737,8.661062206173012
2.5761483630239503,0.017458168125691904,1.66662229216415,9.72366726800354
4.549991577190446,0.04387587940461818,0.957203171416946,8.151478154686838
1.1189902489820227,0.0344682537599238,0.7977060372161144,4.560867966455886
5.219523201324436,0.018112524981066712,0.13120681325541628,13.588449577853394
4.56855988260375,0.011686433688040468,1.922827578996149,15.826783118903776
2.73650691276199,0.013851787814245519,1.3803802260003524,11.250954007986735
4.263383163162894,0.010473299977650577,0.24966639775305355,16.15025564314164
1.012802262223607,0.014825441340452682,1.775899973334814,6.616106777490291
1.2983761395796654,0.020108822516423378,1.19822054854284,6.432072517166795
5.246583933859639,0.00934381237984537,0.26990850992161697,18.967943508816234
2.6960791869181246,0.04398626053808113,-0.19929702184905884,6.266885940515234
4.59782690479679,0.01981008915076397,0.8622299919266228,12.194867427095291
5.619938829512694,0.04581966177396456,0.9967078804663583,8.86510419607479
1.4993462384677219,0.040998499142241865,0.0877092978841203,4.840731313996907
1.7325512664372567,0.01202977018293969,1.9606626832186653,9.606349243030197
1.5983379432613787,0.012376849889119032,1.8572589812763551,9.096477142585897
1.2791758538513045,0.029067942628402062,1.3544398278825467,5.310091064595521
5.851167587328378,0.04337130584445663,-0.7767000651167537,9.297453376156044
2.5894311814265185,0.013761921432983815,0.4855312238314906,10.980108695612229
1.3120943024414005,0.035059564058210646,1.483496621289563,4.896922814755354
3.7243998110441394,0.025814343567952362,1.0745735021304537,9.61482966548127
1.5576004108114927,0.04486263154317524,-0.6366019864999757,4.716606485996969
3.4711249315863357,0.006605706560701682,0.033180303083753415,18.349298827742018
3.172045008764425,0.03727638485534674,0.7868523426189871,7.384086350767329
5.054428267283957,0.021032261216111514,0.6134063475824671,12.409006868069676
1.5706065666007178,0.024314244633478123,0.6154684923565799,6.433499968698874
3.1221447627445835,0.04430251158660025,0.6324101103542452,6.7197997883158695
4.342026120634909,0.02277968622098891,-0.49925126283639876,11.05137553367302
3.4405225622142486,0.027942130674694386,0.6985165695004918,8.882320406313733
5.529872554671648,0.01692189376671476,1.2447485322764908,14.470284463542137
5.571765752902007,0.030373144549930786,-0.02521066769587854,10.84165382297043
1.9414830181365095,0.022497446073216312,1.2967299738402671,7.436082134455679
3.3860349518138904,0.027550272851885917,-0.5567392411183814,8.874149807369589
4.321652124475973,0.008909964736538541,1.027568991575151,17.62913078287293
2.8128262094211394,0.042202321666786044,-0.9642774133553931,6.5350252220690335
5.185576499007789,0.009135356492303036,-0.10061497562565758,19.071276497078603
1.2796361263648455,0.04351119811667899,1.0469679635303177,4.3409693045329965
3.616182996346055,0.04261626108387507,-0.9544302723785179,7.373632987309116
1.4671658893289976,0.034456021602578525,0.8291944264926967,5.223372940657211
3.2392419601157902,0.043608047357445966,-0.42001350972238316,6.898939940312658
3.2275951647680308,0.022089003748283993,-0.8539203150837206,9.675990947255965
2.3769105979353014,0.020429649342802936,0.18418840615548993,8.634157310408298
4.90785354952876,0.04174138516972012,0.7221129063905214,8.67973285680909
5.149298821976505,0.028341038713698634,1.1661044880331608,10.789719531113441
3.3173969372241805,0.041669646184720584,0.7267624170544322,7.1422130835008115
4.623521653629279,0.0295743855120924,1.8072315285108322,10.008582486898398
4.291428302659642,0.035305431897934135,1.4707081407788842,8.825191864228305
1.5782675753766218,0.04172094923225133,1.6350213257330508,4.923310386422609
4.582158265250878,0.04420946841364952,0.10842652069732206,8.149320269831543
3.861097609065772,0.046928704030592315,1.3265233261217904,7.260726863100802
5.628239899322439,0.012401630016714332,0.0987883592805423,17.05261176683848
1.9135354025224736,0.008539209850408007,1.7029486604847301,11.982664431415914
1.5545013706985786,0.007213114365074683,-0.7300056307368659,11.751089536678204
3.3553243105391166,0.04634233277055801,0.6577258329563893,6.811179030088171
4.0989300714224015,0.042977189718000144,-0.08862478822119169,7.817362255528874
3.2087313410868057,0.005952400022919058,0.5131841113520998,18.585087623056715
5.633348611701651,0.040695494236647464,-0.33774310921259776,9.417901414349489
4.2335453900222095,0.04955417826290731,-0.7713099537194164,7.398709241853486
3.8585312618459953,0.04915689511541612,-0.2087643577661411,7.091902878381382
4.051030067268452,0.010489863875742966,0.843628884151989,15.730473548151714
5.049666532827599,0.00612200793601782,-0.5524931509632856,22.989440151832177
3.217982015081795,0.02377973458627323,0.8501666884154395,9.31177115997085
5.700202060734387,0.02255641706920549,0.3443886601917061,12.724890594677431
1.0234986699364317,0.023067375274204757,0.7686893487755082,5.331980353374428
3.4106470872111547,0.024083957935371634,1.0521099719731475,9.525734034567
4.045673886153349,0.04468051518466416,-0.6162905846247917,7.616936583623097
4.414425110392106,0.010780042491439145,-0.5538992055604651,16.19835192237756
2.414862266962958,0.040809438675129865,0.3464730782610339,6.157577149556153
2.2506124601396738,0.01938538969559977,0.542076090210597,8.624959834085747
4.300305214745203,0.039309242700606525,-0.8468827170015254,8.372329105197492
5.386189977916829,0.01847874571411441,0.45016014448610786,13.666225384662962
1.4651693335070473,0.03729874012172018,0.9684574211041475,5.016962081099389
4.360091325684,0.009071305561597593,-0.1591895556982288,17.54918226912783
3.4660217674316973,0.012406375116737431,0.6571643404604508,13.379416654735898
2.699712202345845,0.03949510202161579,1.2494594014579041,6.618066160486886
4.447233211900809,0.021645365999398813,1.1100024364421635,11.473778855351362
3.7155191050104666,0.017575310142551783,-0.7915617095500673,11.63864014209904
5.756704753561741,0.023499325697225952,0.0049066864685825,12.528620879685683
4.0353114486623145,0.03142935809831545,1.7592171047178242,9.070156150681914
2.384898571848466,0.027693078297768008,0.9314704011333239,7.428366618246441
4.395716234846973,0.027376794967277664,-0.42543710251632827,10.143025385434504
5.366114496118229,0.02250366530559518,-0.7911951052391611,12.36082128004406
2.3709181228683267,0.028349011995707687,0.022675525504911365,7.320374576303753
5.6072044131274,0.04234032427381793,0.1904152785666442,9.211706542656405
4.2264258350534725,0.020158409543436718,1.1362304658006117,11.590508340967684
2.0155888736210525,0.02760903590988438,1.0006983176968567,6.83942111900258
4.653142202893957,0.01930159133859883,-0.31516483808852525,12.42855372794228
1.123936967997916,0.03326819202706364,0.9123253715439485,4.652649832881685
2.8227682805916867,0.02100664068616133,1.8234642403314236,9.279045419683355
4.15732217421507,0.006740502723005701,1.8083268136751025,19.879464722925075
5.600720049652679,0.03836681996932021,-0.6695145506723009,9.671370482247815
5.487453785656774,0.03736511687348882,1.364560313081189,9.700547689573256
5.57020347995995,0.020847203965931708,0.6349652596229682,13.084454222832331
4.813127251772236,0.025316568375734528,0.028896290672438152,11.037106749417319
5.614544742201041,0.03941194574038034,1.8168714679576365,9.554045938318902
2.620551721998387,0.011116282108184505,1.6481151102399032,12.290246056851755
5.421407075368355,0.012862181550706137,-0.8576011212332098,16.433977239041855
4.647515601566083,0.018490913308710118,-0.0559073701927052,12.690397821115518
4.481846170354499,0.028599633770914325,-0.22497347502005272,10.020565401743147
1.4105585308413757,0.03642291349894512,1.6444060367713549,4.981409038517549
2.1759053208469883,0.036590737615203116,0.09254431988555978,6.1727459708110235
2.3820118732118853,0.039950399933972335,0.7649889513882129,6.180952200223556
5.567954449757031,0.02674347502442191,0.8856717361457072,11.55002455093481
2.4003661794153284,0.017447293594876824,1.1996146452494614,9.388986284141206
4.4791687109026235,0.020612488571270775,0.985068253925931,11.799877159082346
4.447690616978457,0.0488424788435417,1.453507450574194,7.638576389896741
3.3757759447085736,0.02870889293741137,1.7278387134438216,8.680056936841163
2.642187257819186,0.04521586491988881,0.7065180672915168,6.118998760994912
2.000524192152695,0.026129778597861725,0.46892022250911514,7.004030499737591
4.861708893860266,0.025013521943483757,0.7593524454587952,11.159662036951739
5.624561192683595,0.006091428631867847,-0.2600861375169137,24.323649272101417
5.240854830847932,0.04327816425080814,-0.7643784575907676,8.808676066437291
2.8016457501659344,0.044616111538589326,1.9853503370562322,6.3431464940253335
5.788412653807885,0.037105532174637045,-0.8023009151566838,9.997798959267836
2.9980535208103074,0.019362316198049588,-0.1385906295212429,9.960589139673928
2.1204658432991765,0.03158739966267304,0.8279546167212808,6.558472360394285
1.4741167349951567,0.03120797520925169,0.5485451240332966,5.501449513976962
1.6261230131077449,0.03584480275639048,-0.9192572632001669,5.391474932159963
1.1664407858285455,0.019748973928859735,-0.9635591668713169,6.1518122120276875
1.6216126965244724,0.025040966521932242,0.8130456069013539,6.44157420267697
4.302643093674473,0.03988539960431154,-0.5676059904256083,8.313897718016271
2.371173820224048,0.02766029517188898,1.4500334259894503,7.41134926620229
1.5929368566806934,0.04128548679395644,1.9890528817946658,4.972153930918805
3.1819781268186005,0.04618150773243404,1.6225932210939469,6.644442246295499
5.030874145062885,0.03933176559705853,-0.09120047498611095,9.053030740337006
3.5028827977916994,0.0468862542062839,1.6900236827342843,6.918851734025526
4.011990254489384,0.025722839424018932,1.0825430562622964,9.996879818839023
2.6210293993901406,0.03869647650872649,1.4462191959035628,6.58785792823339
3.054861286735174,0.03905976460014735,1.4248095294854672,7.079049128567099
4.028091077963187,0.01938171354674548,-0.8463007107388559,11.539780424490067
3.2954670944060283,0.033884188485573626,0.336121829894624,7.894123837733942
4.570794352815309,0.02706842161642019,-0.20900261575615708,10.401796777154726
1.7126194703312638,0.018423821402646832,0.21166107309217175,7.717640965494083
2.916153679961871,0.04448350327310605,-0.17776095315680962,6.481114620319778
1.3279663099342445,0.007443645343033158,0.16461744348651552,10.69164873616717
3.217166543023488,0.04523645591642368,0.1097588407682597,6.750508295491565
1.602849885217248,0.018152704895098556,-0.8781564857247426,7.521764661046658
1.4168564709116545,0.01574484298512873,-0.940593857686376,7.593425767854496
5.158970443823469,0.015177587997209512,-0.7856414671000298,14.757885273278456
3.31231935969221,0.01727487519979314,0.07935424595062357,11.084156062489498
2.5905738881871714,0.02308234034236873,-0.06348647407022456,8.48012124094078
4.236184245694642,0.042537869731396914,-0.2399867976762905,7.988100894560304
5.245424712439948,0.03167380406881395,-0.832477952754918,10.301114292667311
1.7507478962261689,0.021880059168317905,-0.12042745658765508,7.160305467721878
2.7057530583850493,0.03829539213522992,-0.8971112872400763,6.728446572962749
4.112271061520488,0.01970027040995214,0.7807981027084272,11.565083235704268
4.319111557497516,0.036468723757128896,0.4142161613578952,8.711258832569007
5.214689152896885,0.006595420694762813,0.17852596981326108,22.508002309969946
1.7409629870508168,0.02665335194405733,0.9422737144096303,6.469382684340833
5.3951376013938,0.04110745301241075,1.420441932715082,9.170330079184415
2.5490968208717093,0.01374517686482482,-0.3363242145359071,10.900890801401768
2.7921704184829643,0.018463248926026264,1.7919866593922542,9.843757085229386
4.72721371726354,0.015127792576215604,1.8248885917718423,14.150077802503196
2.648915743723016,0.03065714251023983,0.4440440639157539,7.4406731183446855
4.763577911990684,0.035892354722570366,-0.2275043102058072,9.221671565343431
4.830897060362788,0.04673013644025725,1.135880576814614,8.138780893784359
2.153133516858137,0.03139165515468769,1.767329993871663,6.629371593198929
1.1006419748447123,0.008019344507231428,1.442499712163428,9.377727093003159
1.165974401135961,0.04886180510373752,1.996397720199464,3.9102429707885356
1.977074012932871,0.03199064091552615,0.5377192033737552,6.292800782256064
4.5019711083888785,0.010078064056525043,0.18601590203166185,16.91830243769921
3.3548342217188827,0.026913063689149377,0.976897592602259,8.937127471740636
1.4161974146028473,0.03030348178634946,1.5209740801814116,5.472170531556349
3.3469610353409593,0.03344263282112475,0.9487106043849476,8.007908232148177
3.1890016703170643,0.01636496113631025,1.0263219862088686,11.174133970056484
2.7771029918147367,0.010480345520147805,1.9433606075902183,13.030233024964884
2.4999809535450748,0.022324946440925537,1.4106703064017232,8.470657595672833
4.1819681574881,0.04341667355183925,-0.4208160397609295,7.856083259522988
1.9272131044621026,0.040054369261747935,0.4380598065065604,5.55244047165553
3.4589618010568812,0.037581800113278864,0.13365534692140946,7.679414041112416
4.1039226933994435,0.04085555164641253,0.751253057242615,8.022653510681723
2.1503966580807496,0.04548849035307631,-0.4592438427111353,5.503671650702991
2.2251930936164657,0.028656927795813823,-0.02621790216463049,7.05363571341912
3.6171466684340277,0.03159145177163739,0.7369717547373913,8.565293656329548
3.2269474170829158,0.029421327617032388,1.9232389853675973,8.383180188711862
5.739091929716217,0.013212263299963056,0.8742906491144331,16.68310835355271
1.3849205244046388,0.048913965908557885,0.47230565109156797,4.25931713282653
4.0399611444422305,0.018808927319375442,0.2075768086730665,11.7314196300052
4.590801070179815,0.03219744765518398,1.0028284001302072,9.558230597881215
2.6655312153856014,0.01242760668600704,0.17234545806826196,11.723090727384111
2.21618749897465,0.02320162135234817,0.035052500335154946,7.823265561739781
5.608274729964277,0.01663385579288703,-0.3180058945469397,14.698132689949386
3.972424252109145,0.024976226340081856,-0.894807386921793,10.095048071389014
1.8754391702980033,0.023038614050903523,0.19538702918930317,7.222163336871451
2.3074977185522627,0.007911164311623566,1.3559092890607212,13.670815669027766
1.5388536520325455,0.03733498741858217,0.23443195764134828,5.139071319744147
5.233765020362928,0.019219700797002016,-0.8054087501763605,13.209238711131475
2.4648480573692564,0.022829134582338397,0.6209214882285132,8.317529348924008
1.5744509591903182,0.046290259754500115,1.8272834342813757,4.668353663387266
4.253138477049157,0.006226251652595741,0.2932918474478834,20.921143398499165
1.61330381346749,0.020816017814823954,1.974686048209425,7.04698333504443
1.5592225695802333,0.01575495752907181,-0.11862302935821933,7.963233081721216
5.798083097178985,0.009244229136516678,1.3478221224139428,20.047067675355684
3.8877086463536323,0.04143460375349998,0.10382188826004635,7.753704576868256
5.2568791978688,0.007870911252396254,0.7026217204438874,20.686903115667743
3.276739252783066,0.02054435343505178,-0.24339341743328746,10.109244318890982
2.335397566472709,0.04006650845353609,-0.984198164209229,6.111300687847898
4.561119130243297,0.027492722101495334,1.2396238922970957,10.310288704801339
2.1577960414825386,0.013197648987931236,1.391804187834203,10.23530760116817
2.523343809832336,0.021201996852431626,0.9174073830681464,8.732605091867313
5.00237233091798,0.021458507409258795,0.5565651921703965,12.221717508553267
1.8061962077524865,0.03016743513088632,-0.9295746092016691,6.193801159238567
2.4955288122207495,0.04132000253368261,-0.9728729815268649,6.220783889504929
3.8168756065341887,0.046391728200069,0.3163256796345941,7.260687033975354
2.8395604062668984,0.04635601866140587,1.3814174016862273,6.264933726341873
1.624847344077753,0.014717650756883686,1.9291628155304714,8.410678370439276
1.7839895154315029,0.032923157433210636,1.379125661646615,5.892361716809396
4.281731202694658,0.02220440251070452,1.431483569397681,11.115631579145196
1.708986804210336,0.03295680265279345,1.915322815133023,5.764223460771168
3.695522540618321,0.006425158979815706,0.07662188290073768,19.197292341798875
5.357862402311286,0.018575123056395096,1.8495647035313656,13.59483428184693
2.5475978131835397,0.025098354056343787,1.9926510374936228,8.064673743463063
3.086215174241086,0.03823067142874531,-0.785037457437455,7.192024002767873
5.437626873596984,0.034311334334427415,1.577029992576723,10.076968187614542
3.5510566372883634,0.027452264217107464,0.12141925999146164,9.104030503944289
4.598871330260224,0.03157450145483726,-0.2888914568838924,9.660539222921031
2.265698224664356,0.04841635179462809,-0.29812938502359854,5.475817822093041
1.5766600465648972,0.009766815795039258,-0.8502664144822958,10.170364604683467
2.247159384915075,0.04058661992294444,0.3207712657088131,5.956202929677273
2.369929917965868,0.040005559152530665,1.4255243163529445,6.161005110731272
2.4454097336477987,0.026882832518083256,0.14976446323609327,7.634529803124698
5.179856251626158,0.013772840396426941,0.8572121735484637,15.523551476708175
1.033828606830451,0.009724718522732899,-0.3771923936963145,8.253340115049307
3.8565900997743694,0.02637610362128867,-0.6062661454193878,9.679221103117174
3.9256659973291788,0.014560534291188334,1.5144574992614475,13.14352958769607
2.914579802572708,0.014882193163058818,0.430812584801628,11.202075531999963
3.317595303013377,0.01953411689849681,-0.5442135925779605,10.431789195385813
3.5783818150177202,0.030965029909076354,1.2043547848471885,8.605013913413384
5.673797410884456,0.03380575650304432,0.8058290271053503,10.370162757835807
2.129615924231743,0.02787863930373798,1.9337079116077316,6.996145710042392
5.871631941173411,0.023279253427346613,-0.757485681930339,12.712731594404508
5.885131951775927,0.04221767741643053,1.3795792071687707,9.450938204158964
5.760692177294849,0.02559647085792424,0.8126127273519517,12.008569587695739
4.663192321300995,0.03797150332426144,0.47366987554007745,8.870676827784264
3.378367369731115,0.028352501576125365,-0.8344820608703414,8.737792658018654
4.012186747854142,0.0407036426862593,-0.184162175350838,7.947269134678452
4.067853972903052,0.03915290636716425,1.4604318439699941,8.159145239192256
1.5421526683664624,0.02290139041558924,1.4104040243801879,6.568659490750949
2.7847157049165734,0.014610696647819159,-0.5818107271401545,11.050933355640202
5.6050946307506315,0.04197349310623292,0.5855958276594169,9.250131518554724
3.743985338693406,0.030411345777794578,1.3605384019050057,8.881641511612901
4.849319554743472,0.021668189647098008,1.4814305192735744,11.974932596042741
2.300397753654701,0.0446573825548018,-0.3032562994488519,5.745116301487415
4.421973691533106,0.011951800013466247,1.3778944331402818,15.396975125077766
4.494848014444077,0.026871683729034788,0.5758890989523966,10.35271016718618
3.0741790565432034,0.03111294981912091,0.47312811565768453,7.956791450117043
4.599129164637791,0.03856779383512003,-0.935030873354713,8.741166539074957
5.825572043189743,0.011557790250342072,-0.025411139003193695,17.971150205615057
4.7883213833217635,0.007141073799518641,-0.04308356485115339,20.727831757912845
1.236723289057433,0.005684746444819737,0.040355252127422414,11.806596195951178
3.927118382828588,0.030435859635276116,-0.27763143114744504,9.092602386267426
4.464934257495623,0.04117034807755115,-0.6866155168425142,8.33602972626535
5.647704916452079,0.045114531131062424,0.8704043323045836,8.956158366778572
5.62986799937562,0.020358779619348812,1.9908948229050183,13.311200506416304
1.2627191047128643,0.020069445077885485,1.799553832402689,6.3493560748880356
5.269442640501284,0.04289276709951738,0.3489089705449362,8.872260776621488
2.9890076402740657,0.012057196261179522,-0.5316102163456042,12.603301833486595
4.791428724282421,0.018024790486101314,0.5640783355413133,13.050927981170366
3.314887664118314,0.011240419407113613,-0.5085564818155712,13.746341833688204
5.719362860486778,0.012923846842197061,-0.3785116303395415,16.839217787141944
1.2202251966630426,0.041407298735294966,-0.24704580157694034,4.345357718198248
4.282317659746914,0.04152300904385861,-0.09593547314123574,8.129035509843757
5.916157337578648,0.0444425078771163,0.08929052110959068,9.23558837394694
4.192977745651062,0.048695526891656925,0.6393222845031581,7.427809103817376
3.0085848646056457,0.010010771465680416,-0.4054972916964784,13.87686455481013
5.580174630696529,0.035715642350080734,1.9421120109759316,10.005496680190628
3.269814966119061,0.014628779261325435,1.000347649347816,11.967447611488915
3.0294742446567966,0.04006209754157637,-0.22096501593530227,6.960826035554511
2.018037987443324,0.04516541483917013,-0.6787739854788546,5.350639071254695
1.336824883399499,0.009005650684526162,1.374572417714357,9.752673866628172
2.7115101016207896,0.00885811202539678,-0.9335213266604115,14.004867970430086
2.7888841645574236,0.027077918899530352,0.48276846645728755,8.12365715226867
2.793785793566392,0.0472752433553533,-0.29221687190467105,6.1535205528133154
2.066827354602233,0.04257273740843138,-0.8342070555273641,5.577380862051215
2.405029704765608,0.027386059092396563,1.3025620753351697,7.501350212071928
2.5308313008572094,0.027127881440973445,1.2607070468695882,7.731569228245586
3.237785825340745,0.04973063507353104,1.4059549546071803,6.458862598941145
2.8114583353775675,0.02662370022626534,-0.6889484300420505,8.2257519354834
2.5969405366017813,0.048491151227051645,1.680408483364002,5.857924164116471
2.5015290339032137,0.04097370312141077,0.0010296469983994694,6.254522446341204
1.1461797110506255,0.012932775134701306,1.9919271099874756,7.5357153412522795
3.7066356039182766,0.01972773673788562,1.5799638137073968,10.972240147627511
2.258828942506386,0.035910669879486525,0.6726123732815197,6.348540702269165
5.774871615839516,0.025624081237717453,1.970534077678919,12.016860103487549
1.7778897945672045,0.023523101673720213,-0.38315976277333563,6.959036515990832
2.326511494153574,0.026617831118550737,-0.953760224912045,7.483594693074824
1.9031040232592222,0.03840881329368806,1.439914091807938,5.6345574181577796
2.0324903855799494,0.024523806320538567,-0.6671028812205164,7.28726060436266
2.2746730055028896,0.010136256741522714,1.5395216677134003,11.991256017947672
3.6432771935395065,0.011167181890067898,1.943649871114859,14.458335639069627
3.651366131708593,0.008275271282355407,-0.5109479181695389,16.814368506995265
5.909979336654897,0.03068863119342489,-0.896101345771377,11.108315648156246
2.718914852204659,0.04303029654933852,-0.535335796350386,6.362893053047317
5.003868150450786,0.0197109389661338,-0.4366500239329779,12.753907474528596
4.918793800751786,0.02023367050421562,-0.5627512044140196,12.480614286272909
3.759046587622625,0.01094408865837318,1.955586523744591,14.835187596155237
5.9755920093903665,0.04872164866320253,1.9699626828912242,8.86489244472434
3.0504903160499492,0.01280207375135893,1.0231384773105,12.356305935143135
3.2750086006165176,0.04423805861429737,-0.81508804923932,6.88735045753629
3.8543428065698473,0.02991456201213979,1.4132668804299122,9.086106743508516
3.5620688964770615,0.03893530190561529,-0.7821180626007027,7.656378129707937
1.7793268055166553,0.018106148125686124,0.47558660011301024,7.935217151304449
4.197660815092156,0.00799759236928394,0.5380669445306885,18.3386781674635
4.723464474957689,0.02568075310343408,1.5518274857698464,10.85601509816374
1.5453973416375608,0.048803431582329866,-0.8944353139387208,4.50442012372763
2.8715096958235113,0.04902763449415457,-0.3639571193778852,6.1260235692807194
2.62474608779858,0.03263489730043809,1.9001398534774965,7.178711714068109
4.076845044431106,0.022209638645388614,0.01774262166651175,10.84514457348399
1.7120447178991411,0.043019685896793974,1.7865387924423723,5.049727284011165
3.128979099014609,0.03235773200483791,-0.5813411624032275,7.8714779628200695
3.4343992509534993,0.04449981730601874,-0.12756038823790883,7.032184654104563
1.1256017508519862,0.035028810925856635,1.45067080184486,4.5375734924386535
3.635888796732864,0.011594416829411796,1.8804661527018744,14.175057553368756
5.756187888887688,0.04456206832844705,1.0693324456322975,9.097641106343442
2.9636515103191727,0.03788388682900807,-0.05072664549611183,7.079951647659285
1.1782992458938608,0.010913805718079442,-0.16725574258987952,8.317325162345467
3.11941839157809,0.0465101629632931,-0.3974631184099965,6.555515873090955
3.5518809024044353,0.019801072583615353,0.21809691103769557,10.720840366198447
4.784321775308889,0.027845489144938364,0.966975037269227,10.492446284985473
5.834603323821977,0.04608014314721051,0.6971226245698732,9.007261003690536
3.8782085159126463,0.005231299162107194,-0.1755774195619364,21.794895407150666
3.215496484209193,0.019745281148567075,0.757132163951932,10.21495242484333
3.57918082487339,0.012038598362298147,-0.0602402147735821,13.802185086853282
3.0113401697688738,0.029112375666115683,-0.7282843435159303,8.141137223337257
4.231102010362055,0.04132643187555438,-0.7615067213702882,8.099473388470647
5.470624696526718,0.010420164708662931,1.3907813800519246,18.341090706394294
1.7379890734451489,0.022969779539982412,0.9649869747440367,6.962882992264686
2.875453445779196,0.04286763459500098,-0.8943032572220343,6.55590120059816
3.678143454848869,0.03797016906290005,-0.8554066351914096,7.878382388521664
4.6510830087641954,0.04105936655814372,-0.700275361378422,8.519515795853236
4.8824221341659495,0.03576552306997696,0.01331014573217848,9.352535430774974
4.764164511466809,0.04794744954478803,1.9048029828413018,7.979112882088201
3.023201096567813,0.018359846543436135,-0.15265468951023253,10.271715557267003
3.7055111354336328,0.006920947342401132,0.2788177224766297,18.52188906031274
2.1653363853470182,0.03690982106108688,-0.41367467658258716,6.131061982362135
1.539100561827408,0.04077581013786229,1.3200568710015856,4.9178603131043195
5.530750584033151,0.022489744136948153,-0.07745237636090918,12.552891336283995
3.3016168485676984,0.018452203178710956,-0.008798070279032677,10.707379899494489
5.153948221847829,0.022446162429751264,-0.6469568829496675,12.129501838331999
5.3354794354519814,0.04804202116572951,0.16514756615510207,8.43567966932886
1.6119068915011714,0.03022232267772892,1.3284673623088525,5.845882025216508
1.6543407165786657,0.028854930673913797,-0.455493752044713,6.061030249108427
5.8044501180057,0.023594829100391203,0.1848250222863106,12.554982548043013
5.891902191415291,0.022794639309048053,-0.0323012150839358,12.869313834180039
2.2303988967096866,0.038730031001897286,-0.48727790389323833,6.074511214971941
2.5289468371681862,0.03370620552868753,1.4319970880495596,6.933601975881469
4.205905687277773,0.025375108744146915,0.04308004758674011,10.30551734610885
1.1407441144995338,0.037361260922021855,-0.7979740248784855,4.4231059818699805
4.022334067353389,0.03896251818624403,1.4122647795893606,8.133164368966845
1.6212147306954445,0.03498535669688091,-0.35006380947945215,5.449053942990205
2.500302723733448,0.0467888126665388,0.6940135098647664,5.85152782445479
3.0448474217161134,0.0441627170626393,-0.1925778913643591,6.646589614846408
3.2127458439416934,0.025929616882635405,-0.07689953196673716,8.910131732687125
3.621211040456396,0.0320744962860032,0.15934591477929594,8.505326410292826
4.184471702508532,0.034095009857544614,0.6036664798326958,8.867861410094813
2.063430458206895,0.03320625312635845,-0.6933803448871696,6.3099943602469475
1.9381781608370483,0.007714987480623563,-0.2580986794804482,12.687417309337372
4.473494382028756,0.011597451657903497,1.3584748420255641,15.721216641591168
1.8739958653581577,0.013125729758882997,1.3032654661437402,9.564594769491617
1.8102904151655728,0.03981144955021316,-0.40635388205622647,5.397766832178353
5.693245115444983,0.012991573202563868,0.41966487080710935,16.756876098030673
5.266727850109026,0.049713710459005904,1.8045013916631345,8.239034836530058
4.897065195858129,0.01761336112857822,1.343354625623797,13.347219814712155
2.832358479929689,0.012396564254853696,0.238695147886399,12.099500211817848
3.7026031856584174,0.012962970919147766,1.020201926790182,13.528364670315387
1.5309698361482957,0.022573928667058124,-0.5236173549443439,6.592099176735877
1.7940707964785432,0.009292829076426135,1.5960125046292482,11.122177034323228
2.0115632700072212,0.030243889327482534,-0.3293331933938233,6.528178460093016
3.0015497213587397,0.04330307744243251,-0.03999026063976707,6.664343592878838
4.646375841059397,0.046067401014284054,-0.9895605745697884,8.039042086907411
1.6165065249006463,0.04092066555748315,-0.9742905679397852,5.031081774437064
1.9122403084163042,0.02339137572317176,0.7757241451505208,7.237479415940999
3.7464283164146197,0.02580502087869011,0.5612561475519842,9.644963666921518
5.198316354507645,0.04378877914277903,-0.1658752429480771,8.72155500573266
2.1766374780930144,0.005924521606373175,1.893141666256411,15.343003964535106
4.014341516974919,0.04968827359548859,1.7093008725300693,7.194890594333087
4.595347156745258,0.01150754498153113,0.4130314499049845,15.99601534445489
5.192372213150794,0.043047574189623024,-0.3864875690693602,8.79128899299654
2.2900989654424313,0.026956842233702868,1.853212466701902,7.377965269777778
5.57634848912719,0.01515755164984428,-0.5331635638800964,15.353394698942692
4.523038958032545,0.04567615271308726,0.4868892559421476,7.965524831065823
5.625352892742603,0.011486746224517501,0.7982180798448981,17.714151822791454
3.9510326187805935,0.04155699712755488,-0.8127896684462111,7.805077471799763
2.2130262814574144,0.01971751814106912,0.005027294855433517,8.48029872664071
5.914534404014811,0.04691442332680048,0.028414817030003814,8.987751986762465
4.066202934569464,0.005498454158150667,0.26290309165389414,21.767984029998686
1.674099976637263,0.023433892106239335,-0.26311673068068386,6.765695874624175
1.5527759480581902,0.00709703605830046,1.3348624017722437,11.840222986547507
2.3228224090619216,0.03381349157665344,-0.7628806547110223,6.6344814504918475
5.663304212635786,0.04247372643885794,0.9659615871652716,9.243123428619937
4.796871501043987,0.02399941684015768,0.3880151704699266,11.316775163275434
2.088705206502414,0.04864872415729316,-0.4243438692117183,5.2450162350859095
4.503984572948324,0.03917243668616766,1.096898073134275,8.583257530857264
5.070972605707656,0.025300366182036415,0.10878521619077497,11.332512805279043
5.463232694013422,0.04232591554629145,-0.2559801944201243,9.094224239386898
4.639041770389278,0.037165598146107794,-0.978016619791523,8.943089309520186
4.338705430335489,0.01892445592356939,0.13751946178932428,12.120272137834029
2.4089182460446663,0.02282398036737742,1.8890830371131662,8.223549818935666
4.895176612176082,0.03799129934326161,0.3094254870814612,9.08627964448119
1.980061279863429,0.021109458083238823,-0.8399883523232181,7.752553342782008
1.8601530618688566,0.04516243143426502,0.5775336602610006,5.13723783983917
2.3464350058391243,0.031767756379794926,-0.16353193432319368,6.8794700221187135
1.2142070265942753,0.025021594868673735,1.9322141782514075,5.576129697037461
3.0846460126425805,0.03662420318346509,1.645567204939395,7.346196884389851
3.995540648662556,0.04656315035472306,0.025652216525005045,7.414990319657968
5.6172139551940266,0.0338567341012977,1.1080498375415369,10.31055258200224
5.069926619246267,0.0357996364486855,-0.1802694459295202,9.525889037471401
5.424685025530231,0.03070447173911274,1.908571845351235,10.639725858749905
3.1875558171467153,0.03675928695228884,-0.4257292641667464,7.4539993355597876
4.0075307646217615,0.04081416665823844,-0.8953055216728901,7.931894980709091
3.512442215099766,0.017662401540279232,-0.6167176791256379,11.288174304321508
5.192537848381853,0.015631595941995848,0.5572526684422072,14.589223074361016
5.459575721305377,0.007915816621559952,0.7462522152923605,21.02207466447657
4.782084338180866,0.02038265470158109,0.15857541624761518,12.26089665054277
4.617833651453353,0.030945616557703972,1.7088201503666274,9.778304604403095
4.736440455745286,0.014260222598005984,-0.6963495256653067,14.588373649706499
2.4412341921432787,0.01543519012089993,-0.06764889711870703,10.066829663503675
3.9024013593500113,0.04498310756662373,1.8682679435333691,7.455645148794924
1.3106170177469316,0.027715404123120777,-0.5449683200909513,5.504543186253526
4.096859665483437,0.04139432254926963,1.8390931852485268,7.963411242473058
2.109572674025621,0.03603387465227,-0.29578203712813866,6.12471315314704
5.1786651328098765,0.02252658598356861,1.8663744694582913,12.136828515512354
2.6160649166279537,0.03864424175061797,1.2021084489563507,6.586062578137336
3.838056367221589,0.03341141527345024,-0.9400434419224492,8.57930737746357
2.878117970825075,0.014124917594574887,-0.1074803755135787,11.426292147916774
2.1741650170056275,0.03662800375726248,1.9017298778582008,6.167137287964487
5.736894209462014,0.02331565103960145,-0.16135911763677202,12.556211922585094
3.4879037296723436,0.03434772369608346,-0.7303931873858304,8.066353564567837
3.418623627644346,0.032831293580759605,-0.7198927947320208,8.16818635224743
4.928256684784321,0.016245935934144237,1.1081728368308426,13.941781800920204
2.8994800361347437,0.03797881039698178,-0.2483747252908044,6.994124721079543
4.167257485895793,0.025164919394147393,1.7759104765238036,10.300810213202816
1.3304250510408577,0.022928593529661152,1.8190607725718637,6.09748146651569
2.086333630287046,0.011818520447277289,1.8613601590879978,10.635411880188787
2.0129676242853467,0.006938962414583673,-0.7422693474282311,13.63374343873985
4.434563866940998,0.04539093749516232,-0.6768952591289268,7.9119743456247775
4.180460273244221,0.0257727865539452,1.0822064585643254,10.194721156701794
4.855088997207581,0.012181456140049791,1.85927802377919,15.980596442569825
4.986765402536532,0.021155642915618812,0.9339969340639378,12.289673485063883
5.3023675460654704,0.02438357857934186,-0.946120431566422,11.804026670794029
3.4424937327127703,0.04505721413194061,-0.3006220632776091,6.996782936636526
1.691973407101846,0.012191103439603902,-0.2129298514625536,9.430164053377903
1.5050814057425965,0.021465540463689363,-0.6816366885937319,6.7027507674835745
1.5077058563035068,0.02425777516102405,0.17507090076572251,6.310689572149719
5.29856272760221,0.02212446950269287,-0.32791768009126776,12.387583552935054
5.3092025940368135,0.03785435746129428,0.11295042108627396,9.479833273204441
2.3419383570987975,0.03945405610749244,1.5903663399948451,6.167169582279636
3.2280229676742564,0.028664140356374684,0.31990377153328153,8.494598114620224
4.714412370462431,0.02599887167830307,1.3657619246266202,10.779050914640484
1.9284285248802693,0.040216327672537286,-0.1438998523270998,5.542995905243923
3.8490747840514006,0.04779075412105352,0.8115553921626861,7.1837336631414574
3.1233829933978283,0.013375496976262908,-0.3991231223128091,12.232117567636012
5.295803297898671,0.011602657862135997,0.7648675451510223,17.10138048350043
5.54696162198156,0.01814142663134959,-0.38056615377263703,13.997028661915497
4.365652176773299,0.042847892268943526,1.4900993524871766,8.079859774712466
4.838613653925464,0.018867382089359116,1.0554649027782372,12.818837458087573
2.8191711740485514,0.020724604386652867,0.5496322929102315,9.336016020098928
5.430770440497013,0.01753526415256295,0.8233407027755024,14.087001349646702
1.5790491674541907,0.03348204154874269,1.3887981496254196,5.497128014591099
1.5940631911280987,0.012171160579912702,0.0659460465180648,9.160744284972552
3.278412460653352,0.020841469511072318,1.2952949666155482,10.039489200876817
2.65508358148084,0.022375118211268225,1.2095029839659839,8.719677426878617
5.169506480178481,0.04558889107407896,-0.5929924831187463,8.523913180219377
2.7439732043488343,0.04627603528335288,-0.6924842616196626,6.163903784602362
3.250595018661441,0.026339342451972347,1.0534748916987229,8.892481248340026
5.081847122183379,0.04006933973118236,-0.917133754390197,9.014646368563563
3.068285690507403,0.03601791854346415,1.485184338413967,7.388096872737669
5.965552908998893,0.023987235453332725,-0.8922927711774861,12.62348422332831
2.626377596579259,0.036601410685680014,1.8525870406551186,6.780686416012566
4.958866676601059,0.02605533908998517,0.4081709112852687,11.042994121655669
4.402629135343201,0.03964930548421182,-0.03962255562562311,8.43494488434586
5.1219630093049116,0.008196247943910447,-0.9290447859043093,20.010349068090267
3.284884107768359,0.0410218113111051,1.0372612944369157,7.1630271855878185
2.1136063567671597,0.04923902560975409,-0.5198088910755224,5.244466527427345
1.905539194096773,0.012613368887484593,-0.28139179989159124,9.838692428610557
1.8693415456316516,0.008351610757654244,-0.19419688867644835,11.975763097809514
3.5135511336649086,0.0461291364617127,1.6523261839148002,6.98601423990873
5.048843162141935,0.03634762230712935,1.7040932745329362,9.434131519946899
3.617934403461933,0.017856816063582283,-0.5320905021078643,11.393897845312585
1.3315596869368158,0.02458854605094345,-0.12633271210853647,5.890577637410208
3.5018006821904297,0.02993854287151279,-0.7646337316169444,8.657138621303261
5.3060938952279475,0.0187230657629344,1.7358227778952777,13.475440593554758
1.2572952380677935,0.04315094890392036,1.427796683198963,4.320832688365823
1.3661567682658853,0.04507217627744988,1.224731218581569,4.406968990982734
5.2341148620804185,0.025688445452075843,-0.6036744258190401,11.426065318620129
5.091903024846873,0.007874006156748214,1.3169532123260375,20.355706327973504
2.015187072165403,0.018213361561470444,-0.7273336162661981,8.419893908976759
2.274035607596245,0.020765825834586693,1.2785694911948546,8.376604609901328
2.281197899985773,0.04173359041918589,-0.452601984414872,5.918104050447457
5.073965851653227,0.03424328419501028,-0.733169025655416,9.743837996303121
2.8547135399574564,0.041746849270790115,-0.033424733942318485,6.6193204329321365
4.350982556934515,0.041051842615343725,1.0548458201423991,8.24083717330838
5.022160551127817,0.03498228771909401,-0.7539631780131513,9.591028515179802
4.669196622138251,0.027657168841776,0.4865017756738699,10.400667451376776
1.8625716894557545,0.03478263618690376,0.012455485651967635,5.8575936585557065
4.597120080546105,0.025875237295642232,1.9314200715354835,10.669516591293645
4.92897753115146,0.02290859235031157,0.5781115117617484,11.741489845259892
2.0809616034596883,0.03248725311959145,1.2818829980538604,6.406480773381019
5.767475864745181,0.019110935588725217,0.10628683329504485,13.905797738993376
1.5678310362775365,0.03604650830956502,1.6016705443837407,5.279125871239138
4.330461283833275,0.017515271271044946,0.6568720964274806,12.586432058992084
2.2829066722780986,0.023937777924409227,1.958325612656163,7.817108710535255
5.902569026907443,0.04322694836747322,0.699824642306039,9.353781878569304
4.647079572431749,0.025956096574558555,-0.6510026706021163,10.710613642439569
2.732851780493487,0.02677640062566785,1.211737602425964,8.086785617413103
1.0660588260985198,0.034823504532189166,0.7276221893155839,4.428925115274836
4.915173250206013,0.03289795177095959,-0.0031600996077891796,9.784282311697142
3.23372300724056,0.025964730613094046,-0.08600986410946976,8.93312657152221
5.465681320664273,0.01276985532337871,-0.8036466006082079,16.56048891950789
3.5002359156425924,0.028225004085348396,1.1784829518722972,8.914061814476158
4.377517453904817,0.038819962179202465,0.23350996009735625,8.500224165149735
5.495117977529959,0.02042398154749175,-0.4321859806000514,13.12992651598978
1.8319207423677037,0.015565429228335276,-0.8616402100481881,8.683939301336483
5.520425065113431,0.015739702663250553,0.39873333360551855,14.991047744033837
1.1291214798281874,0.0361770061986373,1.5737029573419026,4.471961049492342
4.671924343581444,0.03757440123702414,1.4245583122075898,8.925773377050957
4.956951433704443,0.019125202165748444,-0.19965694459083227,12.886895426335597
4.896424643365659,0.019807559364602653,-0.2156737427367703,12.585429585110152
3.387811909787462,0.01642083176645749,1.6886211089206036,11.497569913765563
3.0914715967591206,0.023305363341186613,-0.5050624388403914,9.219315574428729
2.924888105282017,0.044247970501464604,0.7070203561282091,6.508065870300612
2.921851778629407,0.010908971473069767,1.6105364765243149,13.100298068796667
3.8917470530901284,0.01269082621848287,-0.997933227724928,14.017525143201965
5.687267075503902,0.04238867292885158,1.9114200627247984,9.271945949614501
2.1347171616846876,0.007592629611854468,-0.8085025315405094,13.422025305879806
1.3950151988211354,0.028547623593129887,1.4008221498658506,5.5956234103011635
5.262775121347161,0.024072677803426017,1.3198444507739024,11.835570444146754
3.5427658009633136,0.04600448428714006,-0.4052114848574322,7.024495332571012
5.1044731485549235,0.020782682962521212,-0.0006870976436699205,12.544941639068703
2.3921027587177948,0.034714847361497596,-0.5848362776019481,6.644713736362412
4.2664216820190095,0.02491795248096452,1.5966419886268284,10.474172015503937
3.935137413449513,0.048851758214971695,0.5813246601518922,7.184289780705821
5.190642942035102,0.031297843528743624,1.2690774342132558,10.3085447339097
5.856026212477999,0.04386614876490826,-0.7852907628805288,9.248701058465398
4.097128375715856,0.043723929916772764,-0.2612870708796643,7.7486167484895985
5.559320864325679,0.020203393843811694,0.42733818082234754,13.27830668087274
4.96475351204109,0.024751872630552126,-0.28790879999599617,11.336756139534183
4.109452647494526,0.011257904858685483,1.471908320701477,15.29351075854467
1.0074056103472753,0.013275964533070343,1.4819181834175303,6.972895080803319
1.6511857639171708,0.009066470100980589,1.3373125058033968,10.802464323527252
5.427145176500567,0.022188356671392774,1.7641274842781742,12.51892795387669
2.3339389890940163,0.03928166392940886,1.5653295572500365,6.170122711632063
3.8056800395490837,0.02289784625220874,-0.7795313218553019,10.319598683641686
3.539371284201286,0.04511269429402739,1.0116390159844144,7.09018665477625
2.796769547254647,0.01204923890894972,0.6777314135110077,12.19530097608945
5.291964639115129,0.0440394320905935,-0.590430157483951,8.77468634882717
2.212985386214907,0.04604971393710476,1.2922180217484618,5.549064774515793
2.5884178501158077,0.048608126555234346,0.7136857884579477,5.84126274116124
3.616733997070017,0.008186410641780079,0.17296773179135538,16.82501697831549
3.962530864097493,0.042984418639055236,-0.7694907742829356,7.68554712848147
5.807931270144214,0.03382240708408961,0.9018752482236385,10.489443975590437
3.070014336091731,0.016907213680171687,0.6786377214914681,10.786440961295387
1.9163664518297028,0.02131906618419443,1.3041166821756085,7.589255613269602
1.2106924919065618,0.009832436779350646,1.8077726615321468,8.882400126001126
3.1323776018752385,0.041646779176577234,0.2355488243747752,6.942091516143899
2.3757621458420544,0.039961768095892775,-0.4139472722152009,6.171960262433228
5.856548074232462,0.006456383494044964,1.2019640783423498,24.10849982096499
4.403393447976908,0.03378635942576765,1.2208111632457088,9.138334200960026
4.214651096123649,0.03661343645408617,0.38736014012390796,8.588247613507555
1.1351956398021126,0.018674537818660634,0.14545981059089863,6.241003351920888
1.885744228449191,0.0290856775379808,0.8208672903348555,6.445339390786109
1.1218402711133333,0.03785756929695629,-0.6216332083337884,4.357457296987414
3.9671429810209293,0.009341824873861601,-0.9124658992466076,16.495559688921762
1.1572268995437307,0.026215780086344422,0.6147904719797039,5.318288065005876
3.5294714046827105,0.020654309260734964,1.3821152613889103,10.463897715976827
5.084515622005948,0.009777161236365798,1.304395066770832,18.254182750028153
3.0730051239124454,0.04106859116328541,-0.5704506564915134,6.9242179501897
4.593662631839992,0.03866797018142607,-0.4003105429185261,8.724646720585154
1.0016230704807134,0.016813554926358422,0.987576415383679,6.178262774314665
5.206327750406662,0.022767098519898686,-0.772807291565818,12.104752067104002
1.9047869811754967,0.011635078827793677,0.41888895581012076,10.241947180677274
1.173424449491159,0.02607121272298769,-0.7173917878320546,5.370205927470918
4.815467200704433,0.04673469809961498,1.9375548111414682,8.125376308971063
4.466412364281487,0.010022689133554991,1.4693016745646963,16.897842897885468
5.11799590060643,0.04017611485371151,-0.11535325321032763,9.03462202714664
2.3747510898707755,0.015070911910805573,-0.6185235244388354,10.048084343097658
1.6297178591442187,0.041035055747128096,0.2187365992856949,5.044552987982806
1.8006739187719425,0.01623576738254285,-0.0034062235103464733,8.42995228917911
5.775993246575192,0.01734012866277738,-0.06046101899415013,14.609359304783908
2.228825485381504,0.02894076630705882,-0.30681694381306035,7.024687500730601
4.535056741064716,0.010530611949180362,1.2679478699579336,16.611488413399833
4.544047209678644,0.04356868904462045,-0.024817329515565034,8.17481928636692
4.367850804664817,0.02713743991460648,-0.44555620307902155,10.155316193151446
1.6060642353868535,0.021686134981646208,0.7937641173256957,6.8886539239122735
5.128668056060424,0.046615385584529614,0.5999139338292223,8.396178148737055
4.0913483746944035,0.02241476281528628,1.789670572830989,10.814592168666724
3.788895965976038,0.03066408730272023,0.2678328309412705,8.89785468372009
1.1210135742380134,0.029411499015817116,-0.552839136631917,4.941864638563926
1.2337103418946407,0.00636165611661965,0.14803406701391442,11.147192416077905
5.151670079788624,0.01757216933083712,0.2608836315466232,13.705829380623118
4.909365912157343,0.0189156897482393,-0.9247276066468739,12.895720152608153
3.7586498549051157,0.021151724209643827,-0.3345652649367613,10.670555698603149
4.068812691245755,0.0408787657572424,-0.607412277626034,7.985993475966552
1.4896686731050182,0.028143371971719466,-0.21148840764447985,5.823723761516119
2.800909300295043,0.02524584892025239,-0.40860803306935833,8.431377278152887
1.2550410621795476,0.04581056341174554,-0.8447341065166748,4.189769595106954
2.739344632120009,0.022756157437084517,1.7826736506386465,8.782493996849192
2.591071523734962,0.012133569270023674,1.129831805574392,11.697401679482546
4.5523888684952345,0.012095018941886283,-0.8135397045942596,15.529604292224262
1.9385198428867816,0.01796893706176285,1.6660579459502998,8.314151259838457
5.863646982554358,0.03136558282316229,-0.34544984534934975,10.944633342387252
4.89090956578806,0.046949594062493175,1.8751693529948348,8.17001559013788
4.580177560735571,0.03966495158229651,0.036726843785111596,8.601648329239833
2.098191476708926,0.02454908328176696,1.3600648806532725,7.40029290215823
2.5409644061356067,0.021934341320194534,0.2256379407408733,8.615509821364666
5.0176739605568415,0.03304569843274268,-0.02606307213637471,9.863651993286402
1.1802893036489883,0.037022496430594604,0.44093374863663737,4.519655941583073
5.786496776704878,0.008240694002738634,-0.6427483949371342,21.211430262593975
1.412644871884897,0.01601263016236134,0.6129450047087572,7.518464472015942
5.4667618006119465,0.04846591915522172,-0.28301139374920947,8.501407591697113
3.9546915469539865,0.014866617469163842,-0.30399848989685485,13.055521193932686
5.323588072234751,0.03521800109978819,0.5121070586419996,9.841558085377603
2.5611549529821973,0.032104675541166444,-0.41959718739081486,7.149534635924647
5.153362333516133,0.04631910327173557,-0.15896649626346515,8.44324239806363
4.057765999334629,0.008593490985038204,-0.5864337886659454,17.39412858597414
4.113118568405734,0.04463641548595476,1.6777645680789384,7.683957401196616
1.4915885332472616,0.013250951550393093,-0.10027368253726321,8.492684190821203
1.8379216538357954,0.04224037404855554,1.5614327330159643,5.280117769883055
5.142278657107183,0.015363877548200146,0.7321612492412064,14.64439298415349
3.472909145997045,0.04121644687636812,0.8102318122170988,7.347767836469708
3.7877626339105994,0.0421056075636548,0.5944445916048062,7.592160808463927
4.415430046020856,0.011955339939884672,0.18405244082679584,15.38330069854659
2.8031661315261367,0.019342053714561047,1.0369037852129717,9.636450965154127
4.607644216485197,0.0063463876210593205,1.0953450132007454,21.56851085160087
2.7423794836087483,0.02190669849377784,-0.6994663247009373,8.956107542283979
1.525623806307566,0.032117189615151046,-0.7392365442195047,5.516948759673242
4.206381353335939,0.013917654930629148,1.7177882290525592,13.916027529722507
5.824111144904931,0.03657738001144049,-0.7464138627039913,10.100724358859871
3.4793475248257097,0.03489666818811746,0.8221886808282282,7.992836188956298
1.9004750607898546,0.011621325241936467,-0.47104466484428686,10.236400026609438
1.1563234718514361,0.02269470001087033,-0.005998333756612739,5.713752669333197
5.739987560699876,0.03687861684746401,-0.9052971086849531,9.986473484234148
3.3720849135669706,0.02047019339780175,1.8156948063871066,10.273827461744059
2.1186667192957502,0.04104285297059571,0.8405456837004213,5.751174448512393
3.5006603490489114,0.0396684754647407,0.8249042673985656,7.519625681537917
1.572869557537687,0.028837615619855022,1.3444210942895398,5.911676612822851
1.5612583459850362,0.03999355665516077,0.06776632048620468,5.001339799291642
2.4366369895531506,0.03845786003905475,1.5921940181637764,6.3715757226982115
1.8309109521079654,0.020282260174261334,-0.18688099116630752,7.60535387202747
5.783086681002164,0.016931925761809574,0.8648468931666362,14.79349069328482
2.8336739031859395,0.04073887808304065,0.7985472315964501,6.675970249591378
1.0181493665957368,0.046299334853997606,0.20220687488645805,3.7537242107905984
3.0401941357514968,0.04951935115979389,-0.5629666393827419,6.272016257635935
4.425061494436349,0.012561850425797338,-0.1766190355396553,15.023697686797183
5.2057464233289625,0.037219934249109986,1.5410325616212264,9.466679926365632
1.705344162985384,0.04693278735227095,0.23496112912405853,4.825161293279484
5.619487047612389,0.03441035881022003,-0.037454926187209914,10.229342651832358
1.2594464186110024,0.01863746480884799,1.1691260465637159,6.5802200839585785
1.8270646524232452,0.04285903567312013,0.9536076167906522,5.226365157579659
3.1840745501830003,0.017909393498005622,-0.5552828260433633,10.6732126957147
4.947169341828017,0.02055525706763973,-0.27534000963095373,12.418264956691413
4.149902340898549,0.04048227088808786,1.2337651173660942,8.104579649207379
2.6777635102218964,0.023933806883996586,-0.8821987438992991,8.46689566360414
4.64504893601919,0.010559638029023193,0.17993643911191692,16.788605373581134
5.4968479090955675,0.008691197351317185,-0.8377642169701368,20.13080047151485
5.043592350365689,0.016479339195327618,1.499378599421588,14.003741389019037
5.047818155363611,0.028489171088034306,1.955240556183154,10.655060836485989
5.869925810861179,0.018332085914320968,1.8942143359842003,14.323671552604472
5.138220642341491,0.024541918387911643,0.31911181618598095,11.582334698067106
5.790121437972592,0.019773650685227944,0.23632137570552536,13.697597392638594
1.818728562816804,0.03159533336922721,0.6635660965990748,6.0731843242198345
5.24953918550038,0.03223040509432325,0.5659547091495254,10.215783927016972
4.399520160281578,0.012351816175913277,-0.4760319868958619,15.107104589860839
2.207067384703664,0.028807894481894202,0.5773522201393162,7.006417738718779
1.361889253796899,0.03518652790416758,1.5374058014622571,4.979969457020773
2.7658606612468484,0.028938906415519522,-0.7570915922393437,7.825607843169025
5.778187271104373,0.02280436461221186,1.2268524081362426,12.741800712553244
4.745003038085621,0.019948823618761085,0.39364880844367955,12.345355255828752
4.587274594306071,0.04397207728536471,-0.03815615960109886,8.175849102430261
3.485724402872152,0.009641904734499794,0.968292505939431,15.219805241005687
5.026875006997115,0.02467196779952299,0.5917494428668992,11.42591892932423
4.72538331527806,0.04513649600698457,0.4068285436569692,8.190277013618637
1.485480507836118,0.01895651366509318,1.9102158649411511,7.085952460172276
5.703299533176916,0.04799330768329729,0.9046725414979617,8.726030749033292
2.3375699214279653,0.012952620348342287,-0.5370996675535338,10.753441499345486
5.578146093099679,0.023365504786314727,0.2767245523219102,12.368053293722653
2.1800439433117673,0.0496450267516545,0.5706244169635561,5.304430201365616
1.3477018452990577,0.025600256946142333,0.7884354676742245,5.8078947708443565
2.1030167043401944,0.031180356780750377,-0.6307055333592193,6.573925994558842
3.2131985327978807,0.032879805704589586,-0.720149784065985,7.91312722887152
5.7727667095392565,0.04380003732777623,1.6778110510687618,9.189645385251945
4.920650700006387,0.00927603654879018,0.644782690271233,18.436311301612324
5.7317503287479825,0.014343337294126329,-0.8544857558693777,16.00156707621662
5.788828062159606,0.046782268965729235,-0.7987736219825887,8.904277253534431
5.410510953310646,0.026853935465758646,-0.8758506981837879,11.362114449313818
5.095210232838778,0.03812209439034684,0.11454445084651566,9.254152832385953
1.939730604258073,0.03433593057561336,1.333661583207932,6.016449664621646
2.9410582328859727,0.033771924535695864,1.3625739415280642,7.469953467035352
2.8024434168755477,0.028591099132721773,0.20325695726819615,7.924958385589068
2.315162787006585,0.022110712816679434,-0.8654849293072538,8.190933205177227
3.026708106641756,0.036085885560792244,0.7555491470029265,7.330955376201623
2.466975808312567,0.03906355683825323,0.5523344046395249,6.361221862708165
2.7713283934664745,0.019862970041547547,-0.9702530842345568,9.455094887354889
2.350534295608609,0.0053609844043150815,-0.9112575649711114,16.761196358596496
4.357561538312658,0.01772568548768463,0.6070566790523078,12.550592666058444
3.780578398419398,0.027336400049051048,1.5059694826700483,9.413528748679138
3.6339130281602285,0.03240141659727394,1.3029984568942945,8.47713803976388
5.620226005413742,0.017241310477542387,0.9114364252786897,14.452259249887826
3.0583716391244296,0.03838123579758079,-0.45132929250290954,7.145450937276371
2.0510814120926155,0.027524071094560114,1.393962439748469,6.910016806589569
4.74158640465936,0.04883747675654368,-0.6040535628708331,7.887315538066907
4.170137442893152,0.0301716156127542,-0.5861947941757647,9.410655843948597
1.0873025423077824,0.02435258766547982,1.8267773475691413,5.348680221614324
5.748531941533963,0.047205002535162424,1.2104415560851254,8.83341128042204
4.444316904825949,0.01948975611853862,-0.1965993478523247,12.087689535135034
2.048762052796064,0.04278592162319373,0.9664724576092114,5.5391012640359065
4.9549536898150786,0.007539047023802436,-0.6976635714898118,20.52133280217186
2.4961183864641088,0.032942503270235936,-0.10906950297204054,6.967841780153854
1.3788076556946203,0.026831515754097295,0.6254426967131972,5.738167602347524
3.798233946973849,0.019204876968720246,1.6844043192418354,11.257166265747259
2.5079252913554297,0.013255883408934112,0.416964650884029,11.01024415023772
4.221448765997465,0.016889657401069486,0.16341551578114433,12.655063568069567
4.721255060366437,0.010342220520318642,0.04692278291561136,17.102745159159365
5.915913017405403,0.02473782732210043,-0.7623930415024728,12.37867334852077
1.4587264163737177,0.0075509488107278,-0.27371604304678865,11.125771867456793
4.914352086232415,0.008470322358460571,-0.7700007463907093,19.280893438162735
1.4808983046500042,0.040757956278005304,0.03698780297070847,4.825034335101455
3.769069472925784,0.012200625056134326,-0.49220843240205703,14.069219996368066
2.4681700799066517,0.0057352227774492125,0.9852696531133303,16.605669320937064
1.9431032481297272,0.03350041428827567,1.3646036321111734,6.096307146531837
3.6615222269242294,0.011695505744371464,1.814711019443429,14.163328359112613
2.5086651515176603,0.023046276998894426,0.31668017639470714,8.351508923134917
4.371925604184966,0.02878674924429838,-0.28043239889485383,9.864704011899377
2.0800804940326323,0.014667409771417807,1.0016247469403745,9.532511717747854
1.169697892199156,0.041453373298640586,1.162669062739135,4.252074887413136
4.633278988554102,0.033363210305253806,-0.6438649285948781,9.433096972235143
2.8344831903072274,0.015413385049670256,1.077915131735284,10.855052260908316
4.301721795209902,0.014100552975004559,0.2687993086686735,13.981284638546404
3.6284092539622783,0.009063257979766743,0.7153232397259761,16.016217269462707
2.222897646363888,0.014157376328986174,-0.20172855448039717,10.030263318633484
3.527064597949786,0.04993477394242733,0.10197711182757274,6.7274294579253775
1.4883549949463155,0.020161045646937884,-0.832741855313231,6.877660402684743
4.632137355677332,0.03664113324036252,0.7106603838828014,9.000160528076899
3.7896914411201674,0.01601744575363425,-0.30289515887233054,12.312586207267621
3.8583213586347878,0.038502723256834286,-0.3127140128247299,8.013042835771154
1.3282305350569716,0.017962758214398977,-0.04437165599602244,6.883260528198312
3.461907303654752,0.046489500653557225,-0.8366363442312403,6.907553646793288
2.2695010124945227,0.02273090801300431,1.1966520385577502,7.998357060738718
2.6970957677766063,0.03417068200082855,-0.60830172692272,7.111567721906639
3.9457885310698533,0.02379423210613172,0.9201651987564783,10.308015097185589
1.9311417896258956,0.04760024978006821,-0.35085318213156236,5.0985473261448915
2.426742664815852,0.010791359007144997,1.1528046723850602,12.00377322269497
2.8095868265432484,0.030505632677167455,1.9845531615710694,7.6820158769048925
4.690646965338708,0.007850081429395993,-0.3223926254687941,19.566956642553247
3.042302919978612,0.03762989635841284,-0.8443292626140284,7.197450815608264
4.363968857957502,0.008853435267592344,1.7667812472783804,17.771697117090504
3.607589455757436,0.014218185367621993,-0.04384062610580708,12.75059519995106
2.766069450027925,0.011181479371197144,1.0364995919018787,12.590004818628916
3.6584463824663978,0.04355537440142899,1.1320083627487842,7.3362050462230455
4.118202744880777,0.015074711318326571,0.5505216488652604,13.230411422295585
2.7881648570206465,0.006955079994961166,0.24752399487902066,16.026996771476238
5.842513699331259,0.045184959741405226,-0.6596900272274012,9.102211227071129
5.481503097606103,0.02355605758055957,0.3061026150836015,12.210755014409743
1.549648973175212,0.049378805132026145,-0.044985780605387826,4.484255689206345
1.124716600634918,0.014980569010524705,1.025883477319101,6.935877076205962
4.204331384154141,0.01495543684547316,0.615948464252184,13.421248202465847
2.3021883010485893,0.010468097928963051,0.27281611937263994,11.870814613007362
3.3449036061178457,0.03513262587017305,-0.9175197297735281,7.81052969062421
5.293865039032583,0.01896275956997251,1.9162859338258325,13.374564608766542
2.966361340234104,0.03017672965250178,-0.8568836912498076,7.936333874126935
5.942778320755814,0.025319078812003824,-0.04822083040137182,12.263510424951752
1.0734420015362647,0.03652988569315675,1.2822683464843538,4.339194578749169
1.7567466131650322,0.026451925566014885,-0.2094931862323367,6.523338369319279
3.066577362578148,0.029474984723527765,0.9985386372462808,8.164773813218474
5.568914550377169,0.031514775154356786,1.0022553591974193,10.64074805364664
3.3203066289531944,0.0319732284463283,1.1152264179086857,8.15717614707391
3.1639651660618084,0.03640969681156946,1.6229268823765963,7.461932311980192
5.655626102293679,0.034591802727319425,-0.3907506368813689,10.235233081043777
2.156866328366892,0.0052637522274277945,-0.2405398047852494,16.20346464670602
1.1951708794941318,0.019013302760135197,0.7872184967839249,6.346440449718333
2.778461739077193,0.023335691779912175,-0.47682438926920345,8.734455973741065
5.417466076381454,0.018364273747386157,0.21283038316138714,13.748496612307017
1.3988540900768647,0.04614543270810235,-0.5549031305651552,4.407231230345309
4.408998917147878,0.03519311000366927,0.7263120330873658,8.95952864494935
5.017335995483978,0.009702220166676382,1.2654202874449134,18.203085945726645
5.209371593794198,0.038336447229153255,0.5426002297537806,9.331054522563367
1.7637709481171482,0.039541152923604245,-0.6763162026108538,5.346141115272001
2.4834023900127606,0.03891601361289022,-0.6329030192411131,6.394452472609393
5.255631140494621,0.01317039464258804,-0.15488216235226537,15.990315548705178
2.1128404611588776,0.015623684691293969,0.7239858303316906,9.30862659501788
5.971880088555879,0.006326900555836746,1.9646309226715628,24.592576154138964
5.779016013213334,0.020021753606326805,0.2587891969039078,13.599404211786736
4.046867300208474,0.028134214633861215,1.9039609057580673,9.600328050134948
1.3899999896286583,0.027784425703516708,0.48618661850799083,5.6617498335823155
3.3977278846050676,0.030999526752381257,-0.6589883956109002,8.380322945674887
3.077706491593134,0.009513038667278512,0.9620979827765272,14.397860420612565
4.0433742837009445,0.0256560265530326,1.4988368279259796,10.04896338545225
2.8844516317699282,0.024554494777792736,1.1002680392518491,8.67581172559652
2.5517301347350774,0.006567094287118685,1.7807602878070652,15.778827745918914
5.1050331650815535,0.04729911269044878,0.9089918562465826,8.31604396772131
3.3653442779957277,0.026046240220744258,-0.8524635262150626,9.098843991119747
1.3820632136051123,0.014638984111096053,0.5480020307983113,7.777723033685145
3.4606311349061385,0.014808998687381354,-0.9204729007739845,12.236544609155793
2.8638995969670433,0.009806767781320336,-0.3775644395698212,13.679176024194783
3.9067875511710795,0.0434424755922492,-0.5342814980443513,7.590958277906327
5.683853921676725,0.02494251508507637,0.17404778711308877,12.083571656996915
5.224840524771923,0.031503851084778926,1.0048973634350578,10.30857621977059
1.692315946484501,0.03651329678340279,0.9431701195233666,5.449531779223332
2.477563245712882,0.019706787640672997,1.6546848360225095,8.975289096852219
3.265272636895742,0.04715793501455556,0.09746273323320054,6.660798939113847
4.234828549905522,0.028698115895109903,1.1069707577883166,9.723781990844623
5.045108217752736,0.025765961219975004,-0.8692216628794668,11.200980946509352
4.309394952247624,0.047543352496476274,0.9233663590065144,7.620917106119217
3.7618614473669285,0.044641729057598736,0.6369775839775702,7.348097058355393
3.2300822242954665,0.02774885731504481,1.4242682433026426,8.636310075523205
5.50769491727122,0.018695822589439536,-0.9989325918655673,13.739047926002094
2.772412804913024,0.04969425643917925,0.5319670014825322,5.978880033483359
4.4783829204923435,0.04671543240682637,1.564237609888127,7.837443365599617
4.815897466920537,0.03534551744578377,0.23006550340545528,9.343625725659269
4.563515578849079,0.04502365576122457,-0.18061390648913622,8.058855725087536
1.8418537160775228,0.029049851873902743,1.7645090959605678,6.3738170839997474
4.865088793184522,0.018858359661472736,1.3642183355024526,12.856934107423054
4.804735673681616,0.035065901631037004,0.3407135526238605,9.369927594066613
5.75597921725473,0.017031807225216394,-0.016803519550409707,14.715439308521605
5.582159161193768,0.011639584672610958,1.9828089230494683,17.529775544475896
4.2276909675394485,0.021638976039971218,1.8021473297656079,11.18863879717373
5.404341040903018,0.03305604926872853,0.5383127854449312,10.235048143605361
5.872346993883343,0.03795790283769757,1.1650922878389736,9.956317552193143
5.231862389036122,0.0466858191271154,0.06353346790840186,8.473828192070105
3.9688572370305026,0.0345422896839493,1.5341304851203703,8.580274210445761
1.3430148123170147,0.04292506145000927,1.46302037153169,4.477431272387565
4.2975601186555625,0.028717967835423783,0.7389559225332392,9.792151356889335
2.428793588953714,0.00968456269908556,-0.5990094013816509,12.67649781961165
5.248599699020054,0.03989634537572562,1.692622594372566,9.181193866950576
2.0397746567467996,0.028817636640456726,1.3470112892362343,6.734508493434655
2.4214379697651895,0.04878335695895751,1.7247750389279006,5.639554819823139
2.0459801422515094,0.028829539655028307,1.2122436891993122,6.743352197908758
3.944727020855681,0.027125616747115864,1.3974581173637186,9.653007786479044
4.798974492527552,0.03222594842622546,-0.6947039615096864,9.768218300004742
1.7766112014518076,0.04774650075028828,-0.8679060758484785,4.8828053694661575
2.8307943857855644,0.042139195901586705,0.30045795042786216,6.560773284608451
1.320516271421748,0.013859967855601174,1.2182119920386554,7.81330462090565
3.053548432920155,0.01824972733364866,1.475577501998779,10.354239495488873
5.551415008221992,0.033725681929996545,-0.07065803723359643,10.269882325883154
1.6045669049961453,0.023687854643562226,1.6359955654507612,6.588097839396527
5.810696808020026,0.032775322252155216,0.20523213552957165,10.65821832477394
1.1003915944593803,0.023057586600509522,0.5474142210974455,5.529816214995968
5.45103299772208,0.013471738017450972,-0.3876431493113254,16.101694444303227
5.008128397221042,0.024779908934044095,0.4715075860142517,11.379727540125177
4.347036812154815,0.047107007149647426,1.4182428294052718,7.6894962976238554
3.079490740156838,0.016072435855390057,0.4149034777259142,11.08007220118412
1.252942313193683,0.009627614852796191,-0.9390580769404308,9.131669265198013
4.4337984668026476,0.04063443249460968,0.489864849116459,8.36151291301921
1.1080014080360043,0.030312407487429336,1.976105319676606,4.8395382934971085
5.382158875069564,0.006445357520102186,-0.9419819738234776,23.13123070978618
5.3344916731004375,0.03824468341343176,-0.4961088435638842,9.453768763810835
2.122168941068077,0.04274424970653887,1.2727415226040808,5.640207966690514
1.205851835681901,0.044509799782659246,1.5258851141487604,4.166420925772262
3.224183333420192,0.03859057050022224,1.293640445388602,7.316666409193103
5.755079818765435,0.011442766341738294,1.5118105590962672,17.95164083088255
1.0878319720153313,0.03750550444885677,1.040324082969887,4.310993753680848
1.7015837606736235,0.047170231752118534,0.890870107099258,4.8076921502092365
4.9196128207634695,0.026220565710365747,-0.8012468045563164,10.964489685599574
1.1835119602448787,0.030207511537569776,1.3658133327880533,5.010405094546873
5.934818007198272,0.026682821828936835,-0.43891967041649926,11.938006594395171
4.195635359835926,0.049473626302067336,-0.16772308650328582,7.37150197131512
2.612933499451641,0.03040280653615945,1.6473019561744282,7.420810307183067
3.8671915820809915,0.006765710837670535,0.9986725448316212,19.137496196673993
3.253104808134561,0.02540459803222575,0.6310708428781875,9.058094635084336
1.7516187424522824,0.006057659002430106,1.9728022646674566,13.611668706634989
1.7039375600849642,0.048497196808063296,1.5096133344231788,4.7447409873193696
1.646710396866275,0.01572409603437606,0.29526274911569406,8.191619283618355
3.8547264567700292,0.032510337775434835,-0.062159912331701817,8.716257083535238
4.252370795224827,0.04243321514666798,-0.5853971460954267,8.013211091187108
2.2372672667396736,0.020629062181418224,0.7817148990685001,8.336105100758981
1.5130498102329475,0.027352475579505056,0.9990646273813906,5.953498971679215
2.9860410098881633,0.04255110358186359,0.7391758604380292,6.705581720762879
4.659830412030338,0.0397179013485515,-0.16027120388195115,8.670335423397292
3.1824146391355406,0.020649756512284845,0.5084683595159487,9.937219980964457
2.1933226844149676,0.04734857733721106,-0.766681477852988,5.4480588182638865
4.923718056888443,0.04150474791929772,-0.5259956671886563,8.718498308390917
4.0293855724134495,0.04781347697982825,-0.3841192435956644,7.348323037773369
1.6303898485034587,0.041214899978326544,1.987759555708899,5.034572460979906
3.516407852278941,0.00871773854653379,1.8598934731314398,16.076506866051627
2.208038135897981,0.020671712063689937,-0.028122058610005718,8.2729243148444
3.701386054897,0.020372450315131678,0.8050458649316261,10.78958021872019
2.0902991735917293,0.019279571832255715,0.8796877700128531,8.33488326782256
3.4284603975337036,0.005044168182976181,0.04865755858404963,20.868862574023737
3.785871053080114,0.03679886377202935,1.3525557671849984,8.119133716122096
2.741144831661676,0.011436662177215461,-0.1371749447100723,12.392540149256252
4.972635335366431,0.009086915999578905,1.1512563828423703,18.725310976594386
3.9169169778542923,0.03474569066758249,-0.8369565056439239,8.498958301857188
3.222479939760681,0.03728863273485592,0.8714739104870837,7.441335255491975
4.541813055401436,0.010214918482745704,1.8497834544874334,16.878784341829483
3.782330334570286,0.011530057185315384,1.748225533590582,14.49799638090021
1.3589990422099927,0.03189654913519226,0.4988835627178898,5.22494490395834
4.906620571962538,0.017195921085587533,-0.7878021650898108,13.521426311597486
5.5272799769767955,0.028051398738967216,0.9805672292807444,11.236277615962221
3.7160018524466274,0.036825755588663155,1.109716327911776,8.040926963879304
5.342200614865121,0.02610142051968924,-0.43852762512567467,11.451754111282494
5.34581695113729,0.0345312126127342,1.926448830147609,9.959673851771807
5.313084976706373,0.005085655872666138,0.7642237688213027,25.872827075329717
5.7247583016589125,0.00855372113917389,-0.22782009455704122,20.708327451544356
3.119609484679339,0.02642418596067451,-0.6772152693723648,8.697477165893273
4.342609905881591,0.03089570360026312,0.7023353442644475,9.490090501411158
4.9004571193080535,0.009208803324821841,0.3014454166221918,18.465483662908937
1.402870081655783,0.040972797029743574,0.8767274547854156,4.683870835132574
1.0207548878451256,0.044489958704750844,0.7336186151454451,3.834190815221654
1.218204060846774,0.017327317044464437,0.7494510711435687,6.711789852767
5.10905577761644,0.04746778027341517,0.31273061359184995,8.304526018072893
5.854323406725248,0.025238157984858303,-0.6998766786319897,12.191398226459174
1.2648995254574005,0.005059845475953201,1.5676382085415592,12.656201410054111
5.37555127531379,0.016548567355740552,-0.27860947618823007,14.426975462366082
5.563157894276963,0.03284698909709646,-0.28553105846781257,10.417341460040813
4.132470633500226,0.007695864942820312,-0.8154805710151034,18.548985382749425
1.0026647221621874,0.023519570849589118,1.4217180383988555,5.226454340431451
5.829363160740163,0.03452373439980185,1.9995640773120096,10.401492550126276
4.064699395187003,0.04148809873670678,1.832679327900805,7.923123759251491
5.81846752669022,0.034515017711068345,-0.6849432522519852,10.39307944002475
3.470595296845823,0.013444457176600949,-0.5262693371522328,12.860988224772077
2.0260510243693526,0.0352655918108479,1.5420285665061964,6.067273755876478
1.1377550087580397,0.022363684400697335,1.32642404567178,5.709481766609866
1.152609257486079,0.014500807075514582,-0.3685741114267449,7.13656053756755
1.3637123315087074,0.021296277837869595,-0.3773317337718949,6.405507167789793
1.1472770991179688,0.03448799587322236,-0.5570716417317724,4.616833080635084
3.65158636446488,0.0062360309917420045,0.5549513423198855,19.37004571234356
1.3179591377389324,0.026154052373582426,-0.29657096136346073,5.682317128870195
3.437916225730029,0.03688352339434022,0.21052420490654788,7.728148058327277
1.1738739063269021,0.018560439067200202,0.5262463768568391,6.365911421517263
1.8846162857702171,0.03948782950055949,0.8463235717596633,5.529983406779964
5.626355037147299,0.039167302434126826,-0.33148136607465184,9.593911895969825
5.060484323389456,0.010000639853836155,-0.659427227085566,18.006368669988444
2.405747653344569,0.020392949674990512,0.013566858996346465,8.694187487691956
1.0008035985907717,0.0158019230901505,1.3063051354605557,6.370352244238911
3.0180076010394132,0.03162788420544858,0.0335356290892912,7.819321757403103
4.015244791674865,0.019435257365387665,1.2626865190667846,11.50548300976474
2.1729050000284404,0.048640884583067354,-0.7547541978093713,5.350121281847607
2.003714439787686,0.03022978546996698,1.5185344883435592,6.516949732106017
2.6670842437727447,0.029270023489519258,0.21768719424243854,7.6410109334524385
2.4559356457037684,0.022091216264881253,0.7172122821124534,8.440004289879353
3.888667759598186,0.0492907498802848,-0.05783448177085804,7.109870602768382
4.82932483617866,0.02679084069986008,-0.020137384674633774,10.7471677549747
5.525645176509405,0.0106354705664953,-0.2416938748092874,18.245557232340886
5.0515988884084235,0.03358563947725921,0.4206105671192861,9.817063684975365
5.403052269065581,0.04391655987994471,0.10258698048729786,8.878700728515625
4.388954345802983,0.03991945930647136,0.9751626924248631,8.393289369315458
1.2802608114794858,0.022644131768873674,0.38153131458363254,6.018875762699061
1.7868284903241654,0.02196333051126776,-0.461395562200148,7.219985501680451
4.625677396439635,0.034904514143166525,1.6281271290591532,9.214904986159416
1.0923632413273061,0.022437348453534716,0.24253143615509942,5.5852390030227514
3.1980058717516906,0.014744638410282434,0.6395589597199183,11.78871734399326
4.413980105572163,0.04999770861286473,-0.9899982734641897,7.521147828749541
1.788572701635439,0.03696540199744043,0.48469714807569964,5.568004427838877
4.468899160742516,0.04649571888701936,0.8633736392482771,7.847616719938276
3.9230696115415555,0.042689782140042855,1.8264176781034949,7.67352703753969
3.6679540423702868,0.04046258186575478,0.807520805109089,7.621301398474514
2.4302067674939574,0.04723733778653497,-0.8761714174951868,5.741467302992476
3.1835365708068384,0.024806822400546907,-0.3601670343661715,9.068038234196155
1.2644891186623395,0.021895694665692432,1.052933032307481,6.083061032379138
4.787590046092959,0.048160041025860564,1.421132098617996,7.981031837956056
3.9845502795461005,0.04699747193463525,1.058757011687038,7.37049060289045
2.0248257060359576,0.032614891513497425,0.8099766493061893,6.3071018386709765
2.8779302948178063,0.01744683931271646,-0.661408318483255,10.280772397494225
3.9805227725278485,0.016001637556799564,1.9450024707679918,12.625012928568701
4.013259607718982,0.04434427783044228,0.34724498444322993,7.615068660575629
4.615110693050039,0.03339968725385675,1.231413214050224,9.409441588805578
4.210358713733406,0.037942722842380934,1.2225693358052276,8.432168805254783
3.907398592741155,0.024263763609413687,0.7130906039002278,10.158013004937773
1.8697580735195523,0.04277568182786839,1.6493585661955046,5.292224121435738
4.0286741184905095,0.022915507209387467,0.363886992143891,10.613541486277796
1.667237174662164,0.014623137276803113,1.8816463094112268,8.547171217216793
1.0441570993213662,0.0199090265092934,1.0119711417827553,5.796981309181209
4.008057316924218,0.005181333316680804,-0.6258702529919522,22.26333317905505
3.270392342891256,0.03226138808812413,1.2442650383588525,8.059394110062655
2.45627386678313,0.022182408953731796,0.6898870081147734,8.423217785968275
4.1246514261467135,0.019308704325888378,1.9969317827120805,11.699331577251451
4.131757634428276,0.03645563325775867,-0.32831295337127075,8.521755813000976
3.3578913402970727,0.03118634018750872,1.9401039762463044,8.306060746049617
3.562664899889571,0.03212433193646244,0.7697167682927417,8.429744756529583
5.373529172146705,0.009579103814094655,1.8950752091096947,18.958822266658967
3.5405772072943504,0.008454857492442083,0.9529044437947412,16.38052731912008
2.040404271485585,0.015691973017804846,0.460920549616058,9.127741355868753
4.220822268518484,0.03934147728955101,-0.9688738907198883,8.291196164151636
3.308526713914758,0.03884715865051277,1.5948034722100148,7.387231054586051
1.9254061260370658,0.02840599700164306,0.2540447390631697,6.590223537516362
1.1845962407535526,0.04440842966180533,0.13603469802850787,4.13424734958544
4.53585032569749,0.030181801473308498,0.9025084664550058,9.812976714228705
5.537488682992639,0.0303452080864099,1.2462455779523185,10.81322788250006
5.706183822576966,0.02016689599193436,1.0736637173432348,13.464720400605824
1.595656144416406,0.01803416017459364,1.9850809412516717,7.529492115403693
4.020054269044412,0.03136217700353777,0.3498239444717546,9.062684202959678
3.632968923955498,0.032854862447423326,0.1792052846836587,8.417342609999869
3.9604991424068454,0.0266692137872191,1.046418180193967,9.754698374858208
3.872533783903709,0.005683166487728681,1.8035259898824871,20.895194011561774
5.575845763394474,0.032065593883536164,0.725835599025269,10.555522159116514
1.6676949141698452,0.0375759280091119,1.5897835920600465,5.332703461740675
1.464867879020486,0.01718822501549702,1.5215956222299871,7.389715225993166
3.6129780830079996,0.03383484166226975,0.619053940825411,8.271696268732914
2.4652937574376965,0.027545761071167296,1.1184591669533264,7.57270326925299
2.6688381846794886,0.048808504834106634,1.3810845902930677,5.919122922842563
3.893773017280898,0.013238287267839658,-0.3565474030541058,13.728193908282021
3.3775134638825803,0.025826702692933093,-0.02946652375426284,9.153939813081124
1.7927312928722552,0.01947753551406335,0.7797097956918226,7.679529038948556
2.477190893750276,0.005835787472379778,0.9665197610783052,16.492025341496202
5.103690216429794,0.021332634795654053,0.7940111681025124,12.381232907439879
5.439735470679282,0.03951247882872419,1.727467854534432,9.392165616389374
4.682981555274286,0.028977508024612086,0.8417913656256064,10.175943710585363
3.622344303557706,0.028096783208404343,0.07784753715988768,9.088883845941334
3.627232087263308,0.036057460295053696,1.9805127271843017,8.028494146626539
3.0625034365641164,0.015853944054092045,-0.5590283735947246,11.125348432014766
3.9981325514460293,0.026076145044225573,-0.9019651187080813,9.911762561203266
3.2742809119584533,0.005693174181129543,1.4557240406702663,19.196617978269373
1.6751235572763088,0.04654274805268493,-0.7028197970489024,4.802212808740315
2.5481445441212123,0.03435063870310288,0.9000785445082355,6.894275138355929
2.632981582300374,0.02420540579399655,0.17176236430459602,8.348562762403626
3.1679773810090315,0.03557201625033801,1.7764886351925444,7.554066170719273
5.118531140869408,0.02633601334983113,0.08353945130938767,11.15942063359504
5.37721647694805,0.03803552935203687,-0.806660007494828,9.517612471725748
5.5417157226617855,0.047059325657084906,-0.9447292219816646,8.686468753565784
3.1863875417763827,0.04109213666908812,1.650397824341391,7.048779504973917
2.223539672696412,0.02034488186844866,0.8639863441811741,8.368330901365544
4.469460844819112,0.033240147275180244,-0.49410801787906633,9.281968463831836
5.5521275670649874,0.04796214482593453,0.8369920671671236,8.612404310918226
2.6767703881726232,0.010866700265917486,0.6579839138684511,12.563212487690393
5.336118383413877,0.04894009393761439,1.3404465557480933,8.358422469206205
5.393364482157042,0.03512715973792381,-0.7162924489526971,9.918645243622281
3.177389220560708,0.024223746931558734,0.06768044994721145,9.16766084433535
2.8239623090987864,0.03389030148696977,0.11802470548141963,7.306943034211684
5.048484340159931,0.04321209089911996,1.8376087983393048,8.652106487498505
5.623499768975524,0.017485640790114318,0.7237350814396313,14.35511097866131
5.263475402687973,0.018541618549228735,-0.01117769749699693,13.486723923184734
3.4473141294105023,0.04655144240507191,0.96562770727797,6.888391914768909
5.639878703928079,0.021532792572867828,0.04760013811285302,12.954739762102701
4.418275587517952,0.03277853408893021,-0.4431215351631451,9.293421325224061
1.1611534321174877,0.013425038446582094,1.0419700841141921,7.444422717794727
5.52261867109625,0.030012076987161865,1.4791144310149287,10.858466410190767
5.168321305522177,0.042194711074025365,1.2162615425289571,8.85910264443872
1.1522966089753792,0.04706635607947205,-0.3580243809605992,3.960689924447839
2.104862171125272,0.0402994565567855,-0.10169061220830267,5.785038137863357
2.9238403315738317,0.037152762085454434,-0.09358787286845915,7.101094018050723
3.8539155308605544,0.03982288119420197,0.8357883860754192,7.874604424087574
3.441089029599897,0.021610320830863172,-0.17260301660079458,10.100929431172654
2.111551155623753,0.04843669909081526,0.3276407392906875,5.285152510618952
2.982444748438036,0.0394311295606721,0.5797891764773111,6.961624334460663
2.6009680280147207,0.03956154635380768,0.4943771342263792,6.490450876347045
3.919771683411624,0.03395957153492146,0.2797007085259109,8.599897484808764
5.1374757062910605,0.04072043504076225,-0.1258504101374165,8.99109684873443
3.907995975857038,0.021904246571214148,1.3067215118240916,10.691949131239474
2.57903663997803,0.025045903730086284,-0.023189008454033933,8.122774417111117
3.2312939238727987,0.015360857872289323,-0.9303830261351057,11.609793263535682
5.502668812394973,0.03314024225533592,-0.5889050266165705,10.314610617396221
4.674946617677632,0.026508726069283756,-0.6170575270031858,10.63011319431018
5.658724122001215,0.04743497886653778,-0.6277067297199527,8.742867461967686
4.337561004971791,0.019953523287545374,1.2853089486424127,11.802037536193726
1.563300056169215,0.03453495462555492,1.7538928431897736,5.385620117927815
4.903021654247026,0.005978486326741047,1.3104950409378526,22.923465586695052
4.967378502699002,0.03872011769419897,0.4020431552925614,9.06649198801253
5.1762549396773485,0.040585591606861454,0.9482273418887996,9.0399468740555
5.601147815513381,0.03300100064532515,1.8472492208439286,10.42843053002337
3.017846042441708,0.04012572238787758,0.7678113968470677,6.941943868936278
4.403888568789053,0.010019096692893798,1.7939164741493405,16.782160355719146
2.062595200315454,0.03445004169060015,0.4216826143945267,6.193784846830093
2.093517515184549,0.031214584069283437,1.2278951831836804,6.55546514919219
5.862290421791622,0.019884956181988638,-0.794068945218777,13.744069275279507
2.9183766835277227,0.046544301193677716,1.284281963312646,6.33842573182501
1.393926621856954,0.04002624461949012,-0.976009244442916,4.723800234390222
3.449710896842083,0.012773078143059557,1.6594842502532754,13.154900133012005
2.70064564678936,0.013072790347592893,0.7762181996079522,11.50518598359501
3.4789424904778548,0.021039135594130724,-0.7958804498523746,10.293277191831725
3.956723607608599,0.02845817787497868,0.29278997927314476,9.438615660824272
1.0494861032167826,0.030060051734361232,0.8915429319340866,4.729742247207139
1.8457794983561162,0.03777092817015857,0.19912271345117238,5.595708339787965
3.7358676526584773,0.018103452513698506,1.8971402219767342,11.49897228857081
1.8779521703920554,0.03749920396353282,-0.9589918227075062,5.664678011053711
3.1662627345515304,0.012449973376409448,1.6217637210547222,12.765365471013265
2.3121188583984322,0.048943504763929335,-0.8177151648419603,5.501758651957525
3.938989618720409,0.04778569640547475,1.6763552994637227,7.26754028894059
1.8960793660998605,0.04460709472078457,-0.02676282988921963,5.218795468062594
2.1539256719510753,0.03417886073708746,1.9454421330019418,6.354487865381738
4.832732172213143,0.01962255651353837,1.1666720029732471,12.562109050603446
1.4274519201164333,0.034383968383310905,-0.2810189779097475,5.157589046695482
5.688616276336436,0.008280649347481576,0.760566501220135,20.98046513889828
3.1749639582320595,0.02392273868530013,0.6864817004745039,9.221635272845326
1.2622843468861469,0.013994521250077233,1.0604877250986657,7.602274819227937
4.354840307964579,0.04738648281766175,0.042758413211128055,7.6736655899900335
1.749706756023333,0.04987010720118277,-0.31153626522058797,4.741398666262751
4.147094743069648,0.03507454303823163,-0.352052180691629,8.704021548252355
3.509976345970673,0.006095425440505012,-0.7948646370522546,19.208527465483737
4.58279008357645,0.0328348799731622,-0.24284824581177822,9.456735789832969
3.541543362952161,0.03335597730541526,0.6353818307804997,8.248090865637387
1.1601802767106189,0.03259428279665102,-0.014418119921672856,4.775688747060146
2.072328255968363,0.04490144550356477,0.6104188156358394,5.43804882860063
3.7663681364771984,0.03769244951068821,1.1177613329275444,8.00162496799027
1.2523856581653072,0.04114851282646736,0.4628006248530392,4.416070119948764
4.185192019337919,0.030415053084957917,0.17536154673838888,9.38982275717019
3.3119294775598807,0.03524281678698721,-0.29760771754198834,7.759776700138648
2.907676225435604,0.005570205675177248,-0.06561447701449907,18.28863939155494
1.6312833241024955,0.01892755891909835,-0.2633352283930417,7.43124166148657
4.0891956019028495,0.04426197530479515,1.711145382106336,7.69391770028036
5.113454972064511,0.03901527982019896,1.388100335977617,9.163973923169245
5.428936622513659,0.040675664137510184,-0.12011424987557429,9.24770674318477
4.085180752664856,0.04026168997067368,0.9679137980158878,8.063129372829694
3.794713265279381,0.01245823467545457,1.1415016267342377,13.970283480107009
3.751795853335546,0.011704579946809523,1.7944596685120984,14.331302831055003
5.979956207131723,0.01855014608220592,0.05278657068529391,14.37207002270703
2.893930313373795,0.03547468598531977,-0.24103696209715575,7.2298409661862735
2.1636509996246085,0.011977762299709711,-0.14800749795707624,10.758451081332481
3.6468641122601353,0.0066573243381249335,1.5042551582008636,18.735009703463426
5.458107371536649,0.012435258341635773,-0.06655605064390868,16.770176023079266
4.270430056403408,0.041665575808175724,0.23679149873798422,8.103844560840079
4.28740944235299,0.03419766332766447,0.08142663274339013,8.962790673291426
1.4336492682461337,0.007847380654951892,0.12641000332050778,10.819397792821134
4.569648004148192,0.049313399165533525,1.2241780733011631,7.705536714039432
1.7433563376100603,0.011014573200911662,0.3334865760107837,10.070551051365522
2.893437671854814,0.028116882340294226,0.5689712520539465,8.120213980683017
3.7290132799565403,0.017693349601081942,1.9586142787750371,11.620797284535792
2.8076681624424573,0.031282523572114994,1.7879543797530886,7.583435340605298
2.9655986825882206,0.04871263672924561,1.5716763623658236,6.2456747028668325
3.416304539628654,0.006896926209559161,0.13876715481626611,17.815355336823288
3.561532933164181,0.016197301943606062,-0.3594439820571518,11.86973800011169
4.344481548278131,0.014013501242244743,1.412703545720353,14.094174366019761
5.008649571169916,0.03206235758729817,-0.11524680910361706,10.004757966877472
4.468310999203577,0.020091580431325452,1.1209031979352009,11.9373694757773
3.321636273775861,0.04873059790105749,0.44569426229559417,6.608747467657642
2.2866183033925607,0.04817158147054211,-0.32543584028111006,5.514998203070022
4.730922652172779,0.019693040180625676,-0.7468262972775768,12.406821387681852
3.433339436238055,0.03482699367369523,0.3629391103488415,7.947753101280252
4.91342870665242,0.0472137767896231,0.8204770228330998,8.165860339145912
3.030977952489852,0.009267401206163175,0.8872078331887276,14.476260708334
2.8117659241862882,0.017840018572182165,0.19797326798392856,10.049302522488361
4.517347860994169,0.03791321380681568,0.642920129695552,8.737565757273956
1.5932878417044927,0.04883113254778707,1.6083669119521673,4.572384167011037
4.545958381241439,0.020416689060310373,0.026043775982159456,11.944392333765629
4.4396780767214254,0.03237206456345264,1.5665551329730203,9.374206819342698
5.292141917224973,0.013259928366245892,1.8398721271689062,15.991497766924772
5.981235142977184,0.03083566557718889,-0.5685677378532671,11.148405693555086
1.2006766705224452,0.03851221856401786,1.7883805457109125,4.469487809000145
1.95978081801222,0.046769204908648644,0.057781049344379554,5.181646096416538
5.907597012202323,0.04528591763414352,1.6431015259867006,9.142560325791626
5.402585598715158,0.01559637515159687,0.7584151705429303,14.898171916672554
3.180357146014254,0.021812576588531047,-0.8845231480554459,9.665591836110911
1.503382989841647,0.03119842191088357,-0.9723459308862352,5.5566429604606915
2.683803310314862,0.04119753086196149,0.5008303660932323,6.460761926592521
5.528353238950935,0.03086957638700571,0.20627043319758775,10.712147579302068
1.8031453326553688,0.00912691079612803,1.320747013906003,11.251163940165895
4.629704814970148,0.04348416966623063,0.28931537302358756,8.259524576978222
2.4243671935852182,0.04345454134118994,-0.7021557303061908,5.978959392466557
1.793269596209915,0.049408760939135626,1.0187137771200074,4.8224174368018495
2.555117962012464,0.03936414334398855,1.3830807262741143,6.449099312950559
4.949456103191567,0.017331284932405825,1.8030014730914137,13.527182429026974
4.885181667887127,0.0382778116946488,1.58276606066131,9.042963923848422
1.2303696781107747,0.02968322801959238,1.8911800468068707,5.153546931997546
4.476226187059481,0.03629133775167968,-0.4340768604400945,8.889933512924118
1.6535477717142706,0.010332639724876292,1.4345647539934259,10.126205100125679
4.748644029149142,0.030327759589553416,0.7179848962235007,10.016330193011743
3.2497956888553166,0.027889228353106827,-0.2171952446827865,8.640796351729355
4.540525393568071,0.021018613329890194,0.9907142786524754,11.765083499009828
3.624796693801106,0.006588822769720389,-0.30721716405908206,18.77508463281969
2.864270181114116,0.011882213842647135,1.7440993558133817,12.428030161340862
2.287045231637835,0.027211518111919165,-0.16888445978601818,7.338460837908511
4.560282868664492,0.0418489420974906,-0.20247076099225536,8.355984753644398
1.3038422685509539,0.04090868396575431,0.4314027374313003,4.519066826064034
5.2910313472440444,0.04339097538197333,1.2749156462696387,8.839230327754143
4.506607623693184,0.02052374898874246,-0.47487789155054916,11.861524658065914
4.996829970865784,0.02951665713478848,-0.9799829949450949,10.414962014733993
2.852868780346758,0.007582810553510785,1.6362095264741825,15.526364767826925
5.73864673767061,0.04543163155821735,-0.6517375541682109,8.996416811049082
1.0763816431549609,0.010733352401471167,0.8098621829403327,8.016031899183185
2.3552362043525044,0.04370418009280745,-0.4703292957170604,5.876242846117437
4.684972299617764,0.021507414721611745,1.7004327109206847,11.814174972808608
2.049785251528889,0.02538876252332016,-0.6699586932313396,7.192459167576418
4.851307286954526,0.02892495837037209,-0.9433367815286238,10.36661597175412
4.428023197747612,0.02277605888349522,1.4929416629909609,11.161167992293395
3.603840967786021,0.012704478756687322,-0.3747468558849454,13.481815299110764
4.524303427414658,0.037727610419094004,0.6688044233395967,8.765772641479527
4.042231926622206,0.013787706250351636,1.7566535986891658,13.705932625919209
2.653069726857523,0.029835344587154963,-0.49015768071047805,7.548363269672042
5.635169363274011,0.046040340470418654,1.5899670218376394,8.855808424906808
2.7826970798428667,0.008519337023910934,1.6185964555382788,14.466852590292966
1.2330377438925921,0.04565682887301147,-0.22964312383672347,4.159865636136103
4.1723264786924625,0.049053870416871585,0.25979260848204166,7.3823816270193765
2.2765797869491093,0.028810832903964086,1.2419286154353757,7.115534368726499
1.7599373550231077,0.032560050536717094,0.6060105216793754,5.885048675548495
5.110929700384378,0.0313160018661241,1.2454938548337808,10.226117729194868
2.783628108025249,0.04589884586393634,-0.14940686417588545,6.2337404184034355
2.7813453487762017,0.0421660918751727,-0.47712116129625726,6.501143806248754
4.292834930445293,0.00573248140441237,1.1383698489462115,21.905075631679644
2.7540077096880133,0.015961151354061988,-0.19232263880315048,10.514641203870827
1.5233725877791937,0.028908425534861837,0.6116198726718505,5.810785424180964
5.949108295995802,0.020320763783145068,0.6859559708571568,13.696194455228992
5.162008093774618,0.011630375355278885,-0.7738140797571923,16.863839674197095
3.1337536853935783,0.02744515624925156,1.7772067710746118,8.55349419090007
3.0670632175531485,0.04557906425509156,1.517034136338895,6.5663291855398045
4.502396052156023,0.011281675131662009,1.6734915880232126,15.991125895161542
4.123984631542813,0.047181210083578555,0.6003728843592755,7.483727598636112
4.375446888511846,0.019189338016071977,0.2584186385578795,12.087185898390898
2.888833795731379,0.049380686825973984,1.5571426536996262,6.122470549186155
1.9629344927162875,0.021452951385137392,1.134446699363167,7.6569069374293965
3.944175574002159,0.02268072774314182,0.1854679615688768,10.555859878368112
2.833144072076444,0.01061385144963521,1.6824792161656341,13.078014580561668
1.42273432644321,0.038047809670443106,1.5892327660969738,4.89486889925046
4.773052673784167,0.019976652954630383,0.9176132106489954,12.373163188844133
4.231538562400154,0.03960511597928269,0.7695517156770144,8.274037721390828
5.808386112500623,0.03737532950539297,0.022063648355491017,9.97882057533205
3.0854918338357473,0.017432648114803113,0.5677911992157145,10.64938451940171
5.127628212355349,0.01550394377376577,1.5733240160044573,14.557311042144411
5.340768835350143,0.04316006797321151,-0.48631398240263024,8.904403263192686
1.7163831918850994,0.02415400830603612,0.49409480200661915,6.747711571321721
3.299927267915775,0.025487385233055094,-0.36621670655955096,9.108220420569943
3.4450951710304825,0.013188412893559699,0.43226259187041194,12.937439562882265
1.4497895133819554,0.04953230655437866,-0.07916202144282602,4.330641074710871
4.731079763616444,0.024102992624623572,1.816499427676785,11.214725316731483
1.8521145845125164,0.028331846287904174,-0.6964786644925816,6.472029334919993
3.1756610483932324,0.03362828979354701,1.9416508793243663,7.778729512311885
3.8328724154509617,0.046064152347078786,-0.982386876602997,7.301710826678531
4.171724283052116,0.031149612769904512,1.8197262442517856,9.263507603540553
2.8761865653247938,0.029010771670742435,1.4275148545069056,7.970267103458443
3.41733737379983,0.049073829158141694,1.5611250588236816,6.679792080151163
1.3855505821051164,0.01836956591111806,0.5682744946653733,6.951935522074832
2.571767760522814,0.0373900955651209,0.05312605664922332,6.638677567580008
5.402010878451258,0.025570682250550633,1.8875553910254839,11.634575953733332
5.243548968196641,0.02094153320471451,-0.7117810885866205,12.666377182334355
2.846327996814153,0.04317148309620177,1.3485894371038403,6.499620170515309
2.8559287343453956,0.0437157216844877,1.3733007809024267,6.46991904461024
3.2308418343367897,0.03819368511555441,1.5441139469914091,7.362173651437413
1.7994602327652263,0.03430376699114618,1.7735567478198218,5.797546084965545
4.689915650587082,0.012934619719456919,0.6440650408623276,15.242270800632987
5.407845004029575,0.022479262299615135,0.16042192381893994,12.415524752424806
5.898933097897321,0.014843074128811237,0.9410708362468894,15.957644908623166
2.4601918011680572,0.008239808905634055,1.512720990238582,13.831519814349518
3.8909768715340736,0.03440250328613654,1.06618887310626,8.512914898402308
5.203880605242368,0.034855071462847304,0.5955810947526854,9.780806405726585
3.825994854550685,0.022215494744492144,1.6617124191220665,10.504809613526497
5.703721126356283,0.032622375418030404,0.19453515257737242,10.584377983154008
4.107839543312211,0.033623382289063884,0.14399027121256203,8.84769261670588
5.768672894414296,0.01734856299450551,-0.3143247843876176,14.596549109463348
2.6171615469475538,0.020406567779227967,-0.7733398201716275,9.065134916384114
3.8951546127014938,0.018227126218978654,1.4654090394238342,11.7016536556748
1.5874219015857696,0.03224558508893632,0.8282056949960672,5.616361362011653
3.165135546166375,0.011538404555784977,0.7213246166416529,13.257671853129448
4.119736341215772,0.03436742180293414,0.6122110107772398,8.764057624008512
2.508060599699966,0.04393096067923762,-0.988743539321915,6.0482210079017005
3.940121192555485,0.020777133975154006,0.18355123766857107,11.023156156690693
2.951751448438209,0.04337642962714182,1.3550415345251414,6.603238464453709
5.1071762861759815,0.021561989920601536,-0.09637767683401322,12.319412429502314
4.972143361154343,0.04675919199196996,-0.09076062184991085,8.254339204593988
5.045773926006539,0.023088632881381556,-0.9611541884292264,11.833379008777078
3.681859628265462,0.02099875839121083,-0.8068651693789763,10.599388114055376
4.931019180894939,0.010030624646284531,1.6421927080096865,17.747956112736414
3.17608857886096,0.013513239816381032,1.4014048749455532,12.271864481010075
2.293221407833263,0.013974836532110988,-0.0038064128256170005,10.25400713163149
5.478593376953219,0.006131605568033438,1.1825879958792451,23.927174606905645
5.85171869930445,0.018211762033102413,0.9786119428343603,14.348606537011475
4.3793442380136245,0.04093377921345035,1.0133042543440185,8.27956672463684
4.83710146479203,0.040991322913426165,0.7033043312714777,8.695421147848846
4.966563518061061,0.04352226051512093,1.4416814561382578,8.550987363874244
1.2238286002656902,0.04134063045818503,1.8251325437836292,4.355276591952901
2.725318119809968,0.02025970184158529,1.69686234211364,9.284019987298318
5.272472712594277,0.0140288664802873,1.685860712630113,15.51814727328447
4.475559432531067,0.04976576785859314,0.2232626069716077,7.591057819319556
3.8525956190198265,0.04984569122719401,0.4595602845017608,7.037313386325837
2.3680935343926404,0.04168221517303386,-0.8051120700728998,6.033481982438428
4.074100688161192,0.02959525683231378,1.4296772141538976,9.391799492182331
2.7757036805435473,0.02037064430868102,1.4303903241033744,9.343899475944529
3.2239507250004245,0.008126550541731378,-0.5709394003169533,15.943551431005174
5.962325083997143,0.02228510347846678,1.651115774297403,13.093160387856026
5.112645416235766,0.009708021648131948,1.0063083949170784,18.369674396080978
2.0222487352272216,0.042136533287897716,-0.6286563931625214,5.545387192021387
2.3324696942160426,0.007560030238073815,1.038689699098799,14.06015888093835
1.4199798200168852,0.04290489327017127,-0.7048030838890835,4.605021508470041
4.511072367174367,0.00631731018864667,-0.041191107994394294,21.390344832564697
1.9061540640348076,0.016934946442335112,0.7601165542043908,8.492412397676905
2.695230487868214,0.015605711614359578,1.0638664270721199,10.519622528818447
5.647086517790605,0.04238440456419271,0.7690698763589028,9.239599938617435
2.3622966958233618,0.02429728108284078,1.9617556666692044,7.892823152305057
1.8004251024400433,0.035983216364286946,-0.07149265078434808,5.662152072552844
5.976516617596829,0.01850342793422985,0.2250218448769301,14.386063035505916
2.4421600063863367,0.020665431027739514,0.5242680740883747,8.701794305333866
3.4738741431308133,0.045852261048075015,-0.34771369137341746,6.967398515044723
4.810427036083564,0.04868659754210412,-0.03297767286316966,7.956665362274794
2.141864009402889,0.019431278339615353,-0.8000369945883429,8.404062043825823
5.351067070607096,0.04640140706320984,1.0103681693785527,8.596043644844581
5.711774478907229,0.019024589922578793,-0.7898857687588003,13.869853165523677
4.4964509418563905,0.0359655993054528,0.40865447199296856,8.95025211096115
4.4204701684725585,0.027600266890953868,0.7406512535155618,10.13028306853447
1.9522866891675925,0.02889075201698109,1.8916380994793824,6.580158624820492
4.877460744767678,0.008078283939625263,1.081173578014618,19.668956694957643
3.0036280088381693,0.04674928042935413,0.3377189801898912,6.416225178580588
4.975489097327097,0.029194739886974512,-0.250568194427923,10.44983839173725
2.9470313491521285,0.0207874265027253,1.5107002730874006,9.530945896166514
5.725029527882885,0.04772447612405633,-0.7081117708583278,8.76722738169011
3.2739929574382685,0.02645674188199356,0.023621549081073834,8.904605424517559
4.749111118494866,0.005516309689710722,0.40659717903645665,23.486907394625767
5.802560246311878,0.021912834052355005,-0.6347429759059071,13.025804148296583
3.151463156198124,0.019962205568185554,1.5995983568874976,10.057634405892234
3.0524250216597855,0.019528840733441168,1.6312952433068189,10.007561332579826
3.885390922835331,0.011388824134832914,-0.6300022866431577,14.785019682139966
5.7024917769503185,0.007929401119987767,-0.5055721830194018,21.466247367291142
2.043580717239386,0.03472751722616261,-0.36069118942878375,6.140489881833752
1.6308961156822908,0.017752046833423997,-0.6050021138033439,7.672429763504251
1.8634762774955065,0.028720674972717946,-0.013071173057026098,6.447756127679742
5.139863099038921,0.02143583411255103,-0.574668776264348,12.395086783903402
4.310212518186562,0.04755119089155251,0.5853253378253818,7.621011774998157
5.0048354030565285,0.042101429727253344,1.2213962330384156,8.727512251295865
1.2685984135234118,0.04042968859856288,1.3669283365508473,4.483899537106804
3.2077255449104936,0.02354220808832894,0.5465341758686222,9.343702323714005
4.432252787646297,0.006727804818475189,-0.1846880528933632,20.545634545388058
2.5979944408001536,0.043589964055248176,-0.8486988350258181,6.179734871418951
2.850972783031213,0.042885318836627134,0.38520096193014575,6.5265880848050255
4.376124961078634,0.02381812903994772,1.7741862538526383,10.850132087762383
1.2847734746095867,0.02246105979284966,0.701841315333191,6.053996262966179
3.7339733368146786,0.03357479114744637,-0.6464281733737671,8.441564361723138
5.674273356496675,0.005471546181171131,0.23977624652596274,25.777695077772425
1.4642284966126806,0.045413906847541166,-0.851668505059495,4.54521032659566
5.175574972162602,0.01024815284928803,1.4583426587915227,17.988729639897997
3.2565453712633072,0.020881160762533147,1.8564687641937754,9.996437105165164
2.617863177785816,0.013247625143621322,1.1768704767602696,11.252485101004984
2.7208728480197895,0.01129124205345711,1.9573520570202696,12.42588283588784
2.7634847966240836,0.043642845858329754,0.5051879642938886,6.369656292947467
5.692844491402618,0.007081734255025608,0.7528019169932887,22.695452034444457
3.142591090490232,0.04719883304514564,-0.6926250418279931,6.531640851034406
3.8128108534808,0.02698588455531747,0.08845074164050204,9.514769928002003
4.122625694669474,0.026515520632026536,0.2622553118724471,9.981156452805257
5.947467199016826,0.010255291985541603,0.5509110888547677,19.27684709350962
1.5839477498382069,0.0434315782278469,1.6535712767029458,4.834055249965022
1.7457844050664337,0.008111526487776253,-0.356140298661751,11.743241688244993
2.813598144368737,0.026352731723191122,-0.6578165045563862,8.271079662830246
5.436676721565806,0.026716542079231218,-0.9854314829014883,11.418804069085791
4.156709107632867,0.041095983315610075,-0.19935017143774236,8.050430740582454
4.450643087306426,0.012615313621486483,-0.8336124352262805,15.035100932084273
2.8973557983398566,0.006460863270358683,0.4368962207288489,16.95116806339321
4.64229782236465,0.030846062804129354,1.0644291137052027,9.819980375094996
4.97669589093069,0.04303746733822406,1.1918652194259898,8.607780587871911
4.003426324653352,0.025020062494581056,1.6881682184389337,10.125482209461495
4.700279139778368,0.042796148274723264,0.8615059830856846,8.388870172303253
2.4700993455582934,0.029869240736940503,1.2872294410292326,7.279291455565967
3.297231587364286,0.01271248876718996,-0.6476814330159201,12.891499155229015
4.8051466617845175,0.033091300164681293,0.5203898653744492,9.64584764570671
2.988196588549374,0.008608876163311479,1.249303404251899,14.913354526367261
2.9858439210856744,0.03225625693358026,-0.9908124317113648,7.701415521354636
1.3906934339237367,0.044401504622091206,1.6684029258563964,4.479822928436978
3.7341139749286993,0.013579119529525036,-0.8476029662236526,13.274004756812277
2.155984545636966,0.04933761996984766,1.6420131053657139,5.291486759113145
1.6075191628535066,0.04533221036746842,-0.2693254623258349,4.766708798166942
3.4176552195166385,0.014019375569810293,0.5133456898013291,12.49809376455454
3.10355579002838,0.007801679024482187,-0.8931434419935176,15.965397237664165
2.029793695807796,0.02918394148741896,0.4862513717211796,6.675717750814686
3.7080811221163255,0.04576923944313429,0.7969249825318543,7.2049630050110185
4.62634576929615,0.03670240920170204,0.7855790148296324,8.987020813309279
4.713883864465412,0.038397458578364047,0.6681719466194274,8.869153855125306
5.062989371552606,0.030732781224111185,1.1588689631914884,10.274165693185616
5.648649904577864,0.006689319107031044,0.4557822762727026,23.260838286971712
1.7658498626325825,0.04724885416757109,1.7619749569830772,4.8935636018247965
2.454604686580671,0.018996293219514453,0.35031531950420036,9.099139786620498
2.1739104449694704,0.018983597038687672,0.8532348459064354,8.565950511864381
5.506171924897354,0.013082648541217556,1.3229650721479667,16.421810503028553
2.8650966960214905,0.02498270343592233,0.38333036608312177,8.572231980626096
3.081161585088294,0.01313675544387289,0.95261234885057,12.259059967207193
4.344714517798874,0.008421082336041226,1.2299417541776942,18.181958220014007
5.744766311171417,0.0202556811903553,1.285640715306215,13.480523155105638
2.2649492109120137,0.03312009242639072,1.7473957421585005,6.619534555374271
3.298208799261702,0.04196109791602666,-0.18124634621013036,7.096752202353354
1.0316933057316653,0.0075115978428894285,0.25771718980845915,9.381086311302255
1.674798075355822,0.020855817408291934,1.934102296060832,7.173178007883586
4.608730785899042,0.03298323564358142,-0.6489069447933392,9.46211083695181
5.720819632056307,0.025856667664045214,0.29144290246548765,11.906574691105213
3.657526761580922,0.03699535619024395,1.559094601355489,7.959103264357353
4.665016292334041,0.03273836655671436,-0.22874139018833106,9.555250316566463
3.0060069211107123,0.013325117666192435,1.8343339583650762,12.022739893869169
5.554213758081706,0.03352688583884507,-0.043963713289305595,10.302880837778062
1.2321125105200494,0.009476406820018837,-0.9459520864768421,9.127405076725646
3.1906101540729943,0.018977153278515485,1.2015681787525203,10.379234604197398
5.697364637467413,0.0473110524168097,1.330443715612322,8.784148985506253
3.325557644807867,0.03128579623955399,-0.8437143120123143,8.252824763535592
2.2450953736451775,0.024338256329812537,0.4644570652889901,7.688058101779297
5.122642458331684,0.010816296686786558,-0.4720715739760417,17.420143028246333
3.1243276467964756,0.005492332211384219,0.2815941774905699,19.09166813388401
2.3095100314551162,0.04106708347172637,0.9107019924967397,6.0028430122267435
3.9294106180664943,0.029404372638795504,1.1678644925552844,9.253408565099516
4.137003334397917,0.0196072536799886,1.5137750728455068,11.627290985461848
5.269668346847336,0.010692884171071393,0.7326368385806816,17.77003160059149
3.328284730747438,0.018133539252165064,1.641571513672973,10.844585013553834
4.594124196088085,0.0052116878776548295,1.6831045097263133,23.766003476986427
1.9898169167406121,0.04716757999163406,1.3092357207223566,5.199106955493424
4.21617556124782,0.014677590673476498,1.8688012100553983,13.566753900473424
1.7626646204131056,0.021238065084021863,-0.46711643887417,7.292414733501603
2.023390724967633,0.020865847479011962,1.772389585561807,7.882534004034172
5.9687038917722735,0.02086225254115815,0.37507985038437486,13.539524347974725
4.090817210976181,0.04746501115344222,-0.5880521970832018,7.4312561832221276
4.2738229313444105,0.018548095786729273,-0.15172957261036368,12.150736060733282
4.934515980808078,0.019554554519544826,0.6481452755278254,12.71575953144012
2.449020167858638,0.03616000289518121,1.325565995609935,6.587580604860188
1.0469662204854284,0.04763544245951785,-0.22236836694929019,3.7527118865394766
4.1912204013518926,0.036437620119325206,1.1281331599715467,8.584979007711985
2.440862372512715,0.044786328073269994,-0.1883597997013715,5.9093934631165705
3.76099861661188,0.009536433610580354,0.2706683794481375,15.89653906737429
2.8313660528562883,0.03467314213720411,-0.3200254160490562,7.233448605871406
3.665022229367478,0.035899519951318654,1.920042454470818,8.08794102164061
3.5904046572866757,0.025770353294677487,1.9735896572321132,9.448339776614697
1.31562759251242,0.008888430189025083,1.8480820233086468,9.738631738244148
2.068139989348578,0.026561705070381317,-0.5219983906452548,7.063272811164008
2.9392092091140447,0.04018884816537298,0.6185002266753785,6.845520257023877
1.0963031845636455,0.013439941581205265,1.2551832009786459,7.229539535583489
5.174369522296067,0.009254638656502785,-0.22354088942022565,18.92748786989005
5.835493220513079,0.02421090185570261,-0.00821429559395348,12.427314537504904
3.84996893127615,0.04953127427015967,1.8844937987747943,7.057206925160273
1.1654762237079508,0.009696675916240297,1.5552077244607965,8.775750316226864
5.664087291856301,0.007355347537802589,1.680789462745123,22.21300732067566
3.556776256123652,0.0212133663988064,1.3508755446759229,10.364956080746225
3.740878533875908,0.03582613441716616,1.086997191050628,8.179576483896772
4.5103995288148795,0.02550092256349379,-0.9385653374170764,10.64568349434578
1.3934394908565366,0.04384911578864289,1.5924198256773159,4.512400376969633
5.557355519772162,0.016315622615677306,1.4914147347118396,14.77325704638261
1.3152690432129606,0.04198426088702733,0.36109346133955356,4.4803096735559285
2.63836234270045,0.04862038689517917,0.7734902847740421,5.896604565393838
2.447974450567402,0.029061792198951716,-0.5821544981170907,7.346597277943673
3.3867341674149074,0.037284922079791234,1.4767897954945282,7.629005437242287
2.0292384704155264,0.024436189168287718,1.752576054047755,7.294470865511083
1.110157745410081,0.019858155216534647,-0.7131145275718137,5.985037638132369
1.6013792727444245,0.030236051282362408,0.7910576778233862,5.825437599534911
1.6280604791627447,0.01089210980678834,-0.8644703013997825,9.786406501779592
3.151747968695586,0.048060692626443385,0.4529524743078004,6.482234200332615
1.2505750737133532,0.04059414296618743,-0.04294005463010653,4.442906619030865
2.291743127328996,0.028159961861174337,0.2192758371044785,7.221225837698703
4.952563024837114,0.029310213397382632,1.8595633879940006,10.40517778366616
5.94339507508034,0.028344344998556696,0.37962272190540447,11.591191395531677
3.9851893489734964,0.03896105889399774,-0.7230180636426248,8.095675543930412
2.9313740640492147,0.045798774042546744,-0.4536364634610053,6.404020062805173
2.9257413264798684,0.011876694687931576,-0.8657159683645956,12.56360161463445
1.6805880030091305,0.020280600481586437,1.1976858833737247,7.28675578366064
2.856558985284786,0.02936206117143907,1.520498563546477,7.895366930795672
3.2609702077905887,0.012642571558449268,-0.5815758547704353,12.855817394924454
1.9676418129066369,0.025063839056140378,1.022524632272821,7.092399893173368
2.868242732403986,0.020339832510019164,-0.054651394241396645,9.505571971520533
4.953314262145909,0.02653680340246887,1.5764675602903733,10.936229804025402
3.464426565707664,0.008394203771212132,0.9434601317450924,16.261848697437607
3.8815013997734256,0.04129412613899163,-0.9200251486974023,7.760679051623189
4.2290270361120905,0.04010773322526925,-0.8021080410082876,8.219590125234618
2.081266456661056,0.03727200349405793,1.2364057132526236,5.981587541284468
5.00445408975134,0.027725115540698123,1.501034027737715,10.754387035994059
3.070911660192651,0.019765742770803237,1.6566929461348914,9.977484960752756
5.877155031898075,0.036365321965504536,0.6584956954318619,10.176158077200048
5.575161383097198,0.032537759505663615,-0.11477785797135764,10.478011939071786
1.306265618267902,0.0477181695693993,1.3490866153245653,4.188107780832272
1.5687998598489474,0.006522297487652269,-0.7710649275939282,12.414449292311986
2.1616196851044247,0.0338016307284723,0.8016479900292532,6.401250261665226
1.3489754937319263,0.028505824926140566,-0.6311479852784729,5.506545258013567
3.8761290530792136,0.033145094202344544,1.7311344186294049,8.656323433322463
1.5828292982973786,0.022239546346522567,1.6277131298140102,6.753020497653198
4.987488057969443,0.014876605701353709,0.6552233601091917,14.656591983950033
3.686166999072179,0.04255702981347661,1.7897239567292584,7.449821006712976
3.459305800541967,0.009199943366282355,1.9368350538160057,15.521936067803459
2.215306217600629,0.016897110551695096,1.8256734279029816,9.165468099232672
2.97181139989687,0.04455327285575763,-0.6757212921804061,6.537546721205803
2.397825449153334,0.017419365486812437,1.3409373863117882,9.391535546166311
4.933629907914538,0.049700894418106586,1.9055596130401318,7.975265900119888
4.060766067091215,0.010362033008090823,-0.9015600389888946,15.846213015128466
2.7670728153607174,0.032821201213637484,0.6815637652132069,7.349825831921074
1.016574839296447,0.019320400150243527,1.9464092413344893,5.806382066372894
1.930606941321314,0.0136510839357161,0.695630461542839,9.519351270829778
3.056669560160524,0.037897245526431506,1.0411734991145059,7.188932619011438
1.175534337293945,0.023463510774099132,-0.49878309759796413,5.665851035231744
1.2350495446725762,0.031137294841373696,-0.08898973504759078,5.04133711960158
5.616486536011742,0.029353121892835638,1.0594178792273832,11.07258956062249
2.228302510560944,0.01587273628504789,-0.4996729185309896,9.484297408410427
5.808561172089683,0.01680443681053062,1.0337877388203847,14.882171071055737
5.44034809973441,0.019667084879783966,0.960229618253134,13.31334965003462
4.788901093941904,0.0301359501292007,1.165569747256622,10.090657820276428
4.77003077286858,0.017252923275703033,1.5129644982538282,13.309852254396674
1.3927963356845425,0.0480456727089725,-0.5462219384860587,4.309835143985087
4.726664703145034,0.021091355383480496,1.0211144916687949,11.983098876431798
2.358627200268508,0.014664716248724827,-0.9370206740496715,10.15165404075285
3.625749596575659,0.04230585413568035,-0.014893427612457377,7.410417208153861
1.2726849918314365,0.03221446038734351,1.6643175368673,5.031286177982031
2.9275976283264513,0.01699353926553081,1.515176996461852,10.506492706799872
3.115823180997227,0.007736154602381752,1.0406584671764456,16.064522516498844
5.627262590086501,0.03947289134518786,1.029149346591908,9.557473684402671
2.6586076455561027,0.04429719520666648,1.4985010491619697,6.201303689720931
2.5127286667370967,0.034851328947678444,0.03949376525175241,6.796841076008538
5.385674426203321,0.031144289165441433,0.5761057248782566,10.526277772421963
4.394290985243211,0.013910739965795779,1.8310296918262097,14.226998297808336
3.379248316148013,0.018698289817126942,-0.3245219240842113,10.761011593730897
4.356997082053226,0.0067884146760622075,-0.5594571515413148,20.279322528021453
1.874475276766689,0.016986169357284822,1.1686693457191444,8.40884066194997
2.307594134692105,0.02557894919436805,-0.16475409642251182,7.6029538317335685
5.971279272534718,0.005073211984503443,-0.6568928352571559,27.46225380215274
4.741339049339896,0.021431323367487293,0.5784166634385342,11.906113034676677
3.615650131625527,0.044272779671475124,1.070043060672086,7.233838262186959
3.607179065746494,0.04304383013195371,0.8235967239961381,7.327779394299667
3.7599803354660377,0.03874927527855876,0.9935933744806391,7.885059672548248
4.295687042228998,0.04764310783711501,1.5871932009066327,7.600816797849226
1.9664020645693248,0.035251456855230644,0.6468019571014985,5.978491491193375
1.1924105023836218,0.046386938063392884,-0.06995493108780138,4.058439094403415
5.594007751379041,0.009270648412639637,1.8048611110391048,19.663031103825627
3.5328747146750565,0.03104328660202468,-0.2735868913405025,8.539339116452501
2.9356625671984733,0.031752920624772044,1.8627876667851848,7.696711685352361
3.2549363572173706,0.04397928432214722,-0.02913887691720185,6.886382814719213
1.6706640188331714,0.027087926174696894,0.3019227242472027,6.286380593872636
4.056067611342252,0.012880439203404578,-0.09412129431123128,14.204673199446205
5.538213914611411,0.02396249563968185,1.7228419601398777,12.169222437594586
4.599750910690872,0.04208287385113218,1.810783930301227,8.36870871031297
2.108748484136105,0.0498059159866179,-0.2764902994971371,5.208538942599176
3.9483456448689815,0.028674362595224462,0.7337782259711134,9.393007857509588
2.746919464860408,0.008341676535520749,1.3128508376556138,14.525807367473359
1.4213550654417664,0.04118125362891985,-0.16216488626576386,4.70268077227507
1.6413489816321674,0.03343012545899824,-0.69008199732754,5.608870998133954
4.126308726624033,0.04021718874202322,1.1385796339032055,8.108098093713709
2.8424892890644835,0.03553279916829368,-0.5933671815630249,7.1594341265722425
3.768046308967241,0.042615167257652846,0.3964237687635097,7.526966911159855
4.222358673912733,0.04906643316012041,1.865152489495847,7.425561624138355
1.4488790709520676,0.037558928932011314,1.0979532506989331,4.9716833435907635
4.902236606057288,0.0057527084914386325,-0.5790282264229432,23.36710662676304
2.1258422309656,0.039277947915738694,1.4770442872887828,5.888912615024834
5.065780175937262,0.023092019125555033,0.47853141477872385,11.855945807676122
1.0814318684186934,0.031412379356050374,0.5553458344997242,4.696703612143542
3.332325378701116,0.030115855072585237,1.009910214218706,8.42015509021748
1.449193499696709,0.04792646784195137,1.003673594527113,4.401690141317747
5.468683860398748,0.027326691670737677,0.3397902980298022,11.323791658442637
1.3411519330731818,0.009192050014409217,1.5286603967089194,9.668893804839264
2.96416755290986,0.016173088196257866,0.3046812192362911,10.836745815801214
3.4306822120473055,0.010340580568338892,1.1498494263066417,14.580142671321978
5.854560781250675,0.022891769265664327,0.7663974125110333,12.801223183532292
1.1575541033070558,0.04418344853956924,-0.7516065785882562,4.097178020390231
2.2780206816056747,0.04698708369163901,1.6028463046915613,5.573571484566341
2.543119587930505,0.04571717809126614,-0.026839895544348402,5.970183411735923
2.2390752342901834,0.021922324063956618,1.07984622912626,8.089748799433494
2.814652258030678,0.008054922932590799,1.3588427655479673,14.963240913744754
2.4532413949517844,0.018077835610965383,0.18755382818672017,9.32482983696757
2.5467799078052065,0.03267630390956372,-0.8643291754011918,7.066807054274148
4.186188967439749,0.01867640959674001,0.18071582246432039,11.984135454455986
5.032152569052546,0.02989325340616946,1.9006677646861752,10.385664712480853
5.284062024726071,0.02632638183198923,0.3596387718565113,11.340503974876944
1.3127645738561835,0.03743260467727051,0.8861094818827691,4.740371627119589
5.649157333321971,0.013670547970173152,1.3925566411549832,16.27207222755274
3.0156955266886296,0.011523887711973987,0.9891712330883939,12.94905950736739
1.8355918081968539,0.0321282979125523,-0.7582899392803548,6.050457101313145
1.8727899412727465,0.03611455805978444,0.5578801991624747,5.764310566087288
1.3874030724746766,0.029728972043371785,1.1136449670999227,5.468338236219418
1.562280863845798,0.005901306084863045,-0.8769999702781945,13.024152593774136
5.488233070699234,0.04666256122441229,1.1256364073845715,8.681124337581437
1.3742160668899648,0.023052733923176496,0.7229099599857349,6.1803103173115055
2.001433307499307,0.011465381190478484,0.6082729096967974,10.575972236102503
2.077727714972399,0.028423885225949883,1.9721452334340186,6.843788596058079
5.8157383517308485,0.04077156185207167,1.4357056213127852,9.560216893214335
2.701292409065556,0.042821295580982965,-0.8395041573651283,6.357697895823552
3.6492275065466457,0.036658259817046936,-0.004771309269951063,7.986537535442186
1.4399731241350726,0.0321749196637278,0.007462274899042942,5.355036648022247
4.096172723451591,0.008630912208699132,0.6821358343738921,17.438325136726014
4.944429831035185,0.020945772318318637,-0.5036151628912195,12.298549954596911
2.9109470259462777,0.0449354995585401,0.5927770863565747,6.442676924351468
3.257158662328904,0.040788092809597234,-0.6039643978872777,7.15314036955673
2.14252504438352,0.00635001523870703,0.481279918188372,14.70346051268474
3.488654185713706,0.0341437824839132,1.3839416237563311,8.09127822865443
4.419680411280452,0.03677084376339441,0.5403657371544526,8.775818349395587
3.3625808636287458,0.041381992954754754,-0.7994937124678154,7.215636670974208
2.8907279200780716,0.021348143301580302,1.281131053468057,9.314671506859254
1.7732939346836676,0.02151085213344606,1.1309682296001289,7.267843158494909
3.941319185657796,0.03264909930224971,1.8151370552808777,8.794865274216441
1.4366007273902368,0.014545326367783586,-0.7842878003004834,7.9551852159838665
5.913475144438779,0.029151386044936552,1.577796670925291,11.400811711716782
4.0680522185475345,0.024487709672086046,1.8038644930112184,10.317231262277648
5.043321398123743,0.033557591814534944,-0.27613258219298364,9.813115690549868
1.9630819617394453,0.032919457435231905,0.12702830612690175,6.181400338332014
3.7996608880146874,0.03170177242501297,1.2893956355827045,8.76344039119632
2.5605559361937784,0.046643357978306994,1.0615384142645805,5.930840151828721
3.0003701208567115,0.009574466627124672,1.2633144534156449,14.170139013045029
4.445868602925743,0.01749937075843798,-0.1719856605743424,12.758836875750111
1.9038804935991982,0.028153093790808156,-0.8590673765288795,6.582650061359571
2.6345843316375643,0.030260662849078895,-0.9893840172836551,7.4689718673658065
3.8592996914625584,0.0400890092656847,-0.6131515811342169,7.853903852668832
1.5472234657873214,0.017617730634645633,0.9217512322315251,7.501455350950222
5.759646317713547,0.007599317605587581,-0.2571723797572478,22.037107976633305
4.260758754982305,0.04542722071452046,-0.20036077177305223,7.752278721664361
1.5126007627121227,0.035394661191536295,-0.5361180087519779,5.232837730046661
1.590249355741922,0.039699608125191854,1.6010929280714237,5.066213571123188
2.5046206164444262,0.010988667136673552,-0.5948847593559122,12.084883168732857
1.4910166783303,0.045911284825665546,-0.7718456559969533,4.561687359846141
2.6601056207270473,0.02721418568115567,0.8330263608240287,7.913994759093319
5.810398146525158,0.04941705605937525,0.14312548510375622,8.67977567772247
3.9088715735359627,0.019770612451242696,0.37923770791302314,11.255366188222563
5.390171304940578,0.01631256682985333,1.2739264706287816,14.550707870442656
2.0375546185594477,0.015315422911930433,0.1645761419166989,9.232814764226216
2.9668776349133594,0.012226336419982425,0.5208845029378604,12.469402284940944
3.0356466952013057,0.024070540526003922,1.3877438288111161,8.989316687937047
4.782603315874175,0.00924801191614466,0.16097795262083858,18.203377674257656
1.8200571301293085,0.019073942617926044,1.8881744621286356,7.819270979547956
5.741184956849772,0.02054969905536893,1.8444795164578451,13.379565986173928
5.889370928180115,0.04571184647908347,0.7060521566356777,9.085818595449716
4.498106616017722,0.017883808906927402,-0.5459979295504881,12.694887363575042
2.2019257773880256,0.016445598608104045,0.5021777325461567,9.262334999985757
5.06864628653477,0.04547242971942613,-0.8427812211000988,8.451151791007902
4.40175374107427,0.011852921087143345,-0.15568749030295748,15.425674543534308
2.407815022417007,0.023763797720488106,0.1191957743525236,8.057450127724374
4.215831388207256,0.011482803870593288,0.8931499274994312,15.337749225277955
5.618986567987812,0.01791390532681487,1.149781525953832,14.176788143244245
3.002287538852563,0.04808150697283008,-0.38566751437379176,6.325299531338889
3.979647127222523,0.02065767710721186,-0.08924590419768652,11.110293450417563
3.703047850540437,0.015540051649479872,0.5535445108657235,12.356555460510489
5.882025480768038,0.00570753185976664,0.3402668174357517,25.697049924709468
4.476851087968252,0.015327305971803089,-0.30941479733072064,13.680356048297194
2.972814699511779,0.0216795341585129,1.0922847102397437,9.373524882734793
5.901073315347089,0.037767437387977776,-0.8623266713067839,10.00577507588399
2.4899926495568856,0.023415618027898853,-0.936401995505109,8.254489316462077
3.1797531672114356,0.035143732971905095,0.4551787044281559,7.614067959502868
4.97092770850689,0.03240818964814237,-0.3233822673594038,9.913689843133099
3.346230724991835,0.0072149977349330215,0.5968886689854287,17.23867299395622
4.2777184094912295,0.01586914100607842,-0.7519275753354449,13.142360520227049
5.427511355171651,0.014606101215926415,1.4456624275025942,15.430400810347143
3.0361513811542804,0.0349129370385765,-0.8029740935130326,7.464702567502051
1.5099919974031573,0.013111005906292841,0.08989346108694196,8.59039840591803
5.155897938387646,0.015026214720594431,-0.8550109764682765,14.827616686011925
3.028598282701478,0.03973795784669192,-0.002516334713025814,6.988147340676532
1.4470380280772905,0.009712712322854995,1.699247073012379,9.77043048424791
1.1864578733114572,0.03909623477765986,0.4450838241316255,4.409635416987873
2.8364250704933696,0.03468911560300855,1.9106817048707718,7.2382409091354205
3.657100243533482,0.012045664208926828,1.7479968033297677,13.94752170504884
2.784463989433152,0.013454888376877423,1.1936885295468054,11.515286375635535
3.0699688588071647,0.020248544719670324,0.0526155730275506,9.856303476539649
2.296664133018975,0.03464051228448408,0.04711492645784143,6.517793259181774
5.507360634481044,0.006442997506083173,-0.35866243810843135,23.403012581767424
1.4081786902840303,0.04030603346879253,1.4096087830859791,4.731380145559261
5.62783912837577,0.03160575501771378,-0.11707286872563483,10.681487640497725
4.417296418318246,0.03238762089591001,0.04486010024650189,9.348302080882846
1.9930420565945735,0.02796601098241716,1.240480969979603,6.757514081508484
2.4887267340954975,0.010582120290198893,1.840142587139197,12.27569951615547
3.3074020223282354,0.029821817227168947,0.9910150239312503,8.429861346465358
2.090803804420034,0.03599326573043796,-0.7248586221092289,6.100845181047975
4.995374141930471,0.029620810376602292,-0.603145264200907,10.395120606399436
1.244616377043685,0.020921607626015505,0.241345455570662,6.173965792851582
5.9252209823782165,0.02074710126035959,0.13376988544102697,13.52750030707749
1.322323833523028,0.03826750538460369,-0.2226648572446559,4.705413851429389
5.944605857076775,0.019417050987962415,0.9533652129273813,14.005992412017275
2.440405895925413,0.04328336566357121,0.36984890430317807,6.010554102295426
2.4866322361956907,0.013947342971204285,1.3416824656796238,10.688186645530536
5.290257315135351,0.02794075821266727,-0.24940862955081355,11.01446213695799
5.7925341326332935,0.011988446397935754,0.8995311512011956,17.595306548502148
1.6480252991209423,0.025634323760401388,0.6200186891382748,6.418225834847502
1.8496165585294282,0.0307529566858556,-0.6663108194248307,6.207852705564573
2.5291526481337185,0.025972042985104832,0.2776980939962188,7.899115322496646
5.119616625768253,0.04052169341120565,0.9740894003799583,8.997439124007528
5.55394780187009,0.016847983428579034,-0.9650713299272917,14.533523703275971
1.1344025955088481,0.04024172646296072,1.0578678175621317,4.2500035531377005
5.577466780776423,0.0468949495042298,1.2357037358054597,8.729702620475384
3.504715902402064,0.04631489154510748,0.5859237499267052,6.963219308256263
5.170055973581148,0.0337948048484549,0.6456205551116829,9.900716860140623
1.1033387730823405,0.044524766650293215,0.15495593203563862,3.984718111828097
1.4747937514043925,0.007701274224796768,-0.34876567920416957,11.07715774116257
1.2813018273303294,0.03422689056719383,-0.35318972906685964,4.897630189924136
4.903770540268144,0.030959372598275445,0.22474676235781388,10.074256039663556
3.563262208881733,0.016212471278323284,1.042198485827023,11.867063623974467
2.8092456197571964,0.03993571131321357,-0.4107529598901529,6.71364129951181
5.366537905149524,0.04980777145607356,1.8702332772806516,8.308880923791472
5.6237569328066295,0.020124311582539908,0.39299950733809474,13.381251831594389
1.2712262413965283,0.013002910318024051,0.28224131922120366,7.914712261389248
1.085824634648796,0.03722649352580653,0.7552443436320124,4.323124767244731
3.888435409893137,0.04930535520725799,-0.6388472008570203,7.108605094267465
2.0529031364665977,0.0324436976719221,0.6824088620695508,6.367413384057405
3.7834946756260965,0.009601922299920428,-0.5033340921442693,15.889544940366363
5.497530333521422,0.018120212493631247,-0.6443332887501823,13.942676911627736
5.956996952718968,0.014523554956622317,-0.8452804011785056,16.21142578580589
1.4045304531518878,0.023189387147020218,0.37434304723090017,6.229668457560526
4.752159295705564,0.010836862198751355,1.9411032343791756,16.762458254892486
1.5787864097348332,0.009742158554599813,0.9378201839154388,10.19009147540391
1.617666670587167,0.04497045088410998,0.4425972918691867,4.800924625323526
2.567708252970017,0.02957872116745872,0.013781865886411726,7.458081613459488
3.2297432325508115,0.037534367653297575,1.6296874540597406,7.425290279608822
2.6406440343953177,0.033420732733101914,0.7383690626551338,7.115262658605521
2.6070617454531413,0.02256195490112155,0.5221144408755736,8.604611861717197
5.09929204014605,0.037279079635874034,0.01553394970105848,9.361950518261919
4.269788980626565,0.005949044248219535,0.96736921150812,21.444878804819044
5.8010171613093435,0.021388023761743733,-0.5094492740266047,13.182893266619152
5.2388741242245676,0.005857793577811109,0.17615635208284797,23.938445210114462
3.923650916894495,0.0152527872047162,-0.7327506737412088,12.838508261456143
3.403995800892387,0.015924812540157054,1.3955399655495087,11.703111243026187
2.2427453572446527,0.021928410807359796,0.17976485699260492,8.095252390013892
5.875924110420013,0.04064425296245064,-0.824595562138669,9.624595938490984
2.742523731355,0.0073418018393216775,0.12478083996648137,15.470981174160693
5.677426397121339,0.047937293216805135,-0.25001738676410157,8.711300438532966
1.130583253798705,0.02891440465897232,0.8529687837010473,5.005392477321915
4.257248465640547,0.04917463938377628,0.5338455571291747,7.447969622658749
5.391926248054072,0.043861773587176626,1.2308569242228402,8.875092066568614
5.622959182395011,0.006209376676335836,1.4736239332190024,24.088094826412423
2.5930028454306338,0.04661992948910089,1.790896391235893,5.969798605787259
5.745181466598337,0.044646958833040956,1.311986985473907,9.08029429143896
5.4973305982289515,0.02049235627367111,0.16704388491495692,13.110642296531385
2.8951623623897964,0.007166587151830111,1.4883077986527038,16.088822432266
1.247546617161678,0.04317828915813765,-0.6691170216864224,4.3026861242151355
3.1767260421481525,0.025221860115024978,0.2539272231710479,8.983494681603892
4.019776923658474,0.04481395985572509,-0.012225731622534042,7.581206140325062
1.636791943827307,0.016463264711669416,0.7710880879767448,7.981467480610459
2.654940357834091,0.04732206049164796,0.1942693235624411,5.99569526131097
5.718726717086208,0.026589036921558392,0.8318289282096143,11.739304232146425
1.452453903793381,0.010563013013652166,0.7067744809971965,9.386447629220884
1.2836680988850142,0.037683038083656646,0.5568947640755839,4.671941642398739
2.672768912439862,0.025555855980913977,1.703878553847145,8.18614587433992
3.5023217382389857,0.014420643756670556,0.007963429442997105,12.474687798713935
5.336819025144145,0.033030424527351214,-0.7981423412799296,10.174853148888397
5.060913367713627,0.0230787209133103,0.38198577253680366,11.853662933283816
2.297303213641499,0.03618078033926876,-0.9272402536379651,6.378435747711068
1.2859819238660102,0.028587531877713433,1.6873561748236847,5.368748882885289
5.891071758002619,0.028288234218096422,1.143808683264032,11.551495853370662
2.0564761578561184,0.02857820190472282,1.3300211740067152,6.7902908831293685
4.836636718419813,0.033023901030869586,-0.429833524238477,9.687272957323776
5.076208729929581,0.028023765096695522,1.9768049730093686,10.773342913556585
4.415686173793901,0.04020577419518354,0.89717212697762,8.388781356820399
2.070763347813578,0.024501734404139976,0.3913225900274291,7.358864572030667
4.775832740610407,0.006263127508338995,-0.4302638755030114,22.104104101945037
5.251085491807994,0.02514639053504682,-0.22819418442753148,11.567265560310025
1.6715729291770707,0.024343164217639053,0.5100537223868948,6.633124363758812
5.873580523118042,0.008816295557471002,1.5372272417260051,20.66104971540304
4.5551759037959405,0.015301498961593642,1.0055918214059436,13.811141582324202
5.60205837523182,0.017345263425088582,-0.7817394486416087,14.385579278931266
4.376727436046025,0.011219417981349296,1.232365653687359,15.810062123107688
3.272099777679629,0.036974228435012475,1.717090727075517,7.530220594744368
2.754735641725195,0.04133196433696583,1.5034543248137657,6.534929862461934
5.120828930472476,0.04087772859278557,0.8190165922396182,8.959231233915864
1.7148568982698118,0.03924369695657008,-0.8629358001918535,5.2914290274765365
3.993065135367913,0.013557741881042112,1.503116931906904,13.737367175100132
5.993142195526397,0.012254284247109046,-0.8320781369995088,17.702202555352887
2.6190094298276976,0.025363341281442103,0.13907554982266745,8.134095893780943
4.255865573368933,0.02541270184807017,0.17349473179485875,10.358873271658913
4.600042800679615,0.014981902869058913,-0.3137634654972845,14.026245545173257
2.7739530991318557,0.045302880250366544,0.9116649701853752,6.263695536518794
5.992429707965285,0.0457937218912816,0.10289311890206942,9.156773944171814
3.4311294727229975,0.04639551652280333,0.7328860292115629,6.883741224551506
4.256631001205701,0.03686749741258514,0.7962904044958159,8.601123079786213
1.6824558507422682,0.04248906166662633,1.8486245497176839,5.03706155327522
2.9169375543339595,0.02472993295954956,-0.874396445773318,8.693528578699988
2.5837017275683225,0.034176917585480186,1.3142849700032952,6.959831606286632
1.5556886618468493,0.006618457870678747,0.08797405261560853,12.272327280795668
2.0656885698276226,0.02557448399074128,0.08047567456609084,7.194042066989648
5.50559017902212,0.0061341659511186634,0.23251725381910582,23.981048615259848
5.584247429274614,0.046013134015612356,0.9084392436927042,8.818310951775182
1.6001013777253936,0.03892787370657844,-0.3756754966894579,5.132008866099459
1.4798935940910833,0.020138874744908775,1.18026642798691,6.861856546312882
5.2808773974772105,0.017169721449787127,-0.06707525315204932,14.038328714298197
1.058045250867647,0.036727340082091976,0.17067054332022646,4.2963670044561955
5.413796151376643,0.028211116350670744,0.5827399836031493,11.088806451366125
1.7485574255824494,0.014236257488287652,1.0216269013086943,8.871274598201053
3.134984870843403,0.030861756469841333,1.8774623567229307,8.06773072485053
4.709298428064283,0.028964664868288977,0.9612106489165444,10.20675856800747
5.204658193622493,0.04469622583908751,1.723964270627917,8.637830347971594
2.345596730954503,0.006981978016935415,1.0559246531343383,14.671733338874132
3.8553397719222575,0.04598057378526558,1.6171222337912186,7.329732508271896
4.946804849187607,0.045736869197245254,-0.6810154304357536,8.324787611723995
1.760936877075164,0.028499446786448657,-0.3066215719313151,6.29212974120048
4.002974952602832,0.025370344475471287,1.6401091856190422,10.054772392393298
3.9487401007845078,0.04753505202897348,0.47471860010056566,7.295688418113664
3.7955652232248296,0.024209773365197727,-0.30486764045696024,10.02274906260503
5.585805530754903,0.03594390599202074,0.6605698271404816,9.978706767534828
4.274587690785847,0.032663149695347816,1.819453828182323,9.15718681949316
4.226898209734482,0.008893322211446855,0.43565009177743885,17.451102555472733
2.859774643242099,0.0070290745614788215,0.1610752442297425,16.14584653335138
2.564038495940019,0.02272184213030864,0.2526635035100273,8.503241063776423
3.4134426096979382,0.013585840219901585,-0.8849105299780727,12.688113096967802
4.761048087914535,0.029317335176437403,0.2121474681979323,10.200771693905512
5.297967362694094,0.04278844967632042,0.662786925254299,8.907080007467602
5.26479643741564,0.028797589434324204,1.2825956964648162,10.823225670421989
1.8010859358624907,0.00505411004858603,1.8441862800684157,15.110848805460968
1.5195993640145198,0.031917295267058006,-0.43960235302051665,5.523260166721696
1.6638943824911658,0.045662939254731486,0.7705703230877479,4.831977863575892
3.6872984820942882,0.03985693842017328,1.9376874133676436,7.699210067423605
5.6811261990521,0.0405715935574426,1.5386953747610708,9.472185074198345
2.776705157194478,0.03834891638404791,-0.44718879760119146,6.8113363209639175
3.7839510493547523,0.008138923368549711,-0.33378294375547457,17.25970087626325
5.765400417127576,0.030568928720567854,1.6126572156698504,10.993060489411123
5.750175887063336,0.048631525213788794,1.1140234685010624,8.70413481628963
2.298900140531038,0.027826629888221356,-0.9861557763169265,7.275682474286973
3.912450722473733,0.040851437094951926,-0.5832490648323121,7.83366076411088
5.766429616619527,0.025750964596279284,0.7478780230518085,11.978453094782937
1.6852488296538823,0.005910037301812007,0.12252199521589913,13.517018115525486
1.6792641030517816,0.009442570331698739,1.8856778146346862,10.674766345433044
3.8931538966938657,0.008132226528695729,-0.9719927266670965,17.514189394098864
1.0689522638293774,0.026660262897115025,1.7711818454324195,5.0686339894474735
1.9720262518040066,0.022061884720915935,1.7100275183285567,7.567963525083151
5.4827129317136185,0.02617646606656586,0.722416324493687,11.584738529565909
4.74294562029079,0.0076266040344584035,0.1956325326087276,19.961926995732625
4.785178693244179,0.016352722673744918,0.3299335903894969,13.692981899665483
3.7307264872169372,0.0206831661093241,-0.12511839831838478,10.750587172494926
2.79271258882599,0.014557618011944683,1.791339318060352,11.08694648782414
1.1747748232018054,0.03685841196251759,-0.9274665032992444,4.519110857720818
2.5382707285137887,0.02742907395754614,0.44159202033240974,7.700295431160061
2.124991042969291,0.04118526410759527,-0.9065478994434952,5.749785111428197
2.8352102127070054,0.047031735366403385,1.9623191125093626,6.214999817769694
3.261620184748669,0.01528495007843345,0.5872341275920008,11.693073254917127
3.681162690086991,0.04446851533117795,-0.3642320689942542,7.282997830577032
4.20350937775749,0.040601008091308025,0.7774363407713696,8.144821888923463
2.6810593892528063,0.023580116303329554,0.03957405448511864,8.535407014823882
4.515219078258417,0.016593091663540734,-0.6985435933667722,13.204432690904872
2.946187496115835,0.017506528427108793,0.5155876629333283,10.384226779777812
1.1359685411324343,0.04678298040552556,-0.0339070367949843,3.9444204246066903
2.233858158496034,0.02135296998629407,1.3665214243563875,8.187336527037361
1.2940479451687805,0.0258766440055293,1.2896109815517232,5.660635594310296
1.1585460608206055,0.00746509187155041,-0.5666668032791857,9.972018229172797
2.8288792986212026,0.009841915778747242,0.742806113397716,13.570985184255687
5.608600934928491,0.031231502423482313,0.41281076447733356,10.72691455534595
5.593274606209718,0.03168134161241576,0.3802170048488429,10.635925299936611
4.172694077113135,0.04860055667177591,-0.5619792522477761,7.417057409736274
4.135048767432048,0.023585910557767046,0.29092348809284374,10.59883140733593
1.2278910204301277,0.015835051098510137,1.1277811088214489,7.048783422335827
4.2083864603373975,0.02971252040621735,-0.3693252153398332,9.526471017961844
5.039461065164148,0.047592694023769866,0.1570357132067881,8.236939806420741
5.2940096198422015,0.01573494557854313,0.5358118455768421,14.682625788250528
2.124417690539014,0.03325773946569282,1.6758831016734783,6.397607334954905
4.632798695129363,0.022147563352599643,0.9385173735585042,11.577178467777712
3.444148455694412,0.03683685753989875,0.7245481914025025,7.740047642435768
1.7150115560313457,0.021187374675695547,-0.1284183832445398,7.201764932008292
2.4142234340041986,0.008073365902719594,1.235489060807705,13.842208999554229
3.2122843463987922,0.04896895351253234,-0.34164669010086335,6.483217160486949
3.6148162209421195,0.039627884213192084,-0.4596845915190212,7.645161397370415
2.4117725882251264,0.02630364402180624,-0.9483281419638734,7.6648596662418615
3.232535678605599,0.005136850055099836,1.924860053052023,20.080161842643882
1.2382273616279602,0.02879494318752596,1.7776630449845472,5.249114847877183
4.272900930560995,0.007981942226424371,0.4753288543649845,18.520431951784637
5.566730949517393,0.009058121995114306,1.9582620971307945,19.843808293294806
5.168526756899778,0.036299620013044556,1.6162283154870183,9.551604572277606
3.586418956835424,0.008312805366611237,-0.4148099339257858,16.626494551097327
1.7198287807421684,0.012983880667410328,0.8025124881091894,9.212645040407843
2.553414646565919,0.030797939092729116,0.3469131603334261,7.288595262856857
1.9576735611939493,0.022842156782164523,-0.3333380424026984,7.410466929367473
5.033724789348396,0.007642226720410868,-0.46224211475234234,20.54370474097539
2.8878289441572584,0.012479583914187681,-0.5099711970176122,12.176701766702253
3.1298862355221724,0.005386906516904671,1.8106666681552341,19.29472292105831
3.5108086975580983,0.03845250299732191,1.21148533696865,7.648658400593151
5.977307979711399,0.030276988520737097,-0.06946342732505695,11.247097714837722
1.4345690805421212,0.03587290573455599,0.4788844282311655,5.061991885842154
1.54937959878527,0.008063915882858238,1.2859200080871673,11.095577516824601
1.5853421887611048,0.03561758726217719,0.5599785223497225,5.340393391256281
2.685250813589814,0.044501356215973197,-0.07650850026928047,6.217986786449457
5.194966465318146,0.029863517974134335,1.5437347016384466,10.55759214137763
5.98581647896997,0.0194053574969422,1.4284854379807488,14.058690318594673
2.554412954577358,0.026141599624358063,0.6372628105700437,7.912677480451015
1.5223395500775743,0.04780502416347005,0.2981436067968932,4.517134102781635
5.733205762224511,0.03273737748015726,0.8476877938782139,10.593044849417245
4.774115018047278,0.009097499919208088,0.8214210016375636,18.33704701269956
2.7899725159940036,0.015567577254404823,0.5606701786663892,10.71601807462834
1.700287783256175,0.03455783410110701,0.031814330609961416,5.614769720934953
4.911625772277245,0.01820240809307707,-0.8605560071058125,13.148984124782237
5.768419669901529,0.034270269229141025,1.2782679027302835,10.38517110037992
5.484504575644155,0.010281941478926165,-0.4977401466065986,18.487369758156678
2.795863616625421,0.011041827116311019,0.42116091153455293,12.737421176737122
2.069334596004781,0.038556481549475004,1.4485184100941089,5.864225351790996
5.056034507035097,0.0262742415062412,-0.23325511162073065,11.104113969727504
2.8510981378647906,0.03522577967822405,1.2036862166307394,7.201446949186738
2.425524791064892,0.03958320154390532,-0.0061395285362622065,6.266014417899274
4.404414950344428,0.04710623641697558,-0.007305006236964173,7.740141497630107
4.040094691687966,0.04361712868712088,-0.7211289980722211,7.703910443075453
5.1606093023471376,0.038942309036554275,-0.41249519058527795,9.214751561481368
5.702810814356569,0.020289040546256597,0.7726409241815708,13.420160718888408
3.1013314332671142,0.01754789472883201,-0.43812470826587213,10.64156666368771
2.4619547624411195,0.03959527209311256,0.6107048932811159,6.311932679126557
3.5490655546811074,0.017141121973493222,0.3798364494490645,11.51811413477059
1.4481105941630887,0.010802416017218038,1.7964651545004227,9.267965443602266
3.1883440925989297,0.021477390433149165,-0.33592709385849506,9.752946148613006
5.95045113684862,0.033031741105045205,1.60589858714749,10.74368343738435
2.409392420153819,0.005429923011792791,1.7577655403995487,16.86168312823688
2.632014764971904,0.0406172258330283,-0.01191789002652488,6.443666005002856
4.7299974817941495,0.00546200807532698,1.811132732619455,23.55582263111078
4.132565225229637,0.02291096640420249,-0.6957855903733665,10.750586153661189
3.899305528203791,0.02340982646187596,0.3279450895210503,10.330908744260825
5.422906381218022,0.007520807875331121,0.26747394659715473,21.49452221736742
2.872676350797363,0.015460559667681544,0.22385164894479437,10.911255707449197
4.916939448396436,0.013600991685185804,1.883520773613513,15.219701407775082
2.764956519553972,0.03714215611049894,-0.2902225043637141,6.906445471900463
1.1961468696053212,0.010004284398080298,-0.029770801072650066,8.752723900931828
2.2995789677439813,0.01932402189833053,1.0447883889621163,8.732113925189486
2.7892030885667642,0.005662143855971656,1.8210237891445575,17.766161631572235
5.48764435284405,0.010991310398763401,0.3129033768028473,17.885959052405585
4.284609937355282,0.04620990573283206,-0.023723769695886077,7.70782940176062
3.664814247922089,0.043560848930897525,-0.5913046325898067,7.342125537252733
4.080629123318861,0.00963519701617567,0.416381739215943,16.4731727370134
3.5551946022516994,0.016828474589129533,-0.9943084017188247,11.634649461159215
3.143079439894562,0.005486983673083963,1.802842470113326,19.15820581941933
4.673230764034336,0.00542232449032582,-0.7474032258986166,23.499566529018608
4.983600071820462,0.04334256737437078,-0.6958449611168698,8.583378519518206
2.919590820834875,0.033132788192786415,1.168888457552951,7.514083077286491
1.8885911175863375,0.03688773312068232,-0.5855169109981992,5.727590730361099
4.4974649543777225,0.01545098876714918,-0.7403398151381503,13.656825028778993
5.144880697029159,0.049945125865551214,1.7838989125955278,8.124283839406333
5.027145180432347,0.03409763108788992,-0.968141572268902,9.719470358663617
3.0694344783129943,0.04029614549507876,1.178662124921054,6.986206529857139
2.8329971480269256,0.006497191423397731,1.4775591836432436,16.714917108453704
4.104287074810952,0.005298463088062519,-0.7297218699094384,22.278600106345205
1.0151342678163957,0.005616947964273386,0.2654138979633429,10.761071913301295
3.8084702074728995,0.027719266368498263,1.9674538403888189,9.382712413193392
1.306531700611632,0.02985498814197956,1.8763238302369083,5.295360285897168
3.87450828634817,0.03822231108313603,-0.37646031504713084,8.059234921266025
4.524717661997734,0.022452858315994913,1.5167118242558555,11.36328539143905
4.785998796437328,0.034859263030418454,-0.4203096000220582,9.379316293762825
2.9986194019621797,0.030362978011025048,1.829785560398773,7.954858896691507
3.2038025014252653,0.03101840154661619,-0.5774718350802154,8.135179705030891
1.8145125985583008,0.008086638944859548,1.831327174935256,11.990573544840231
5.7425389233401365,0.03967442694559337,0.5708428938517187,9.6303180919791
3.488293491941377,0.03650811656549621,0.9167293952142344,7.82448539649983
3.6809725064025587,0.016347402912753245,-0.7098672232929726,12.011600882483279
3.3544013548711322,0.017172890962347358,0.9618301003653316,11.187416217838493
2.275242192179376,0.043299289955511105,-0.17348284529937774,5.802530324086721
3.6060397627571414,0.029166949840077703,0.07614236816679254,8.900486339493447
5.708208830661703,0.04394202561276712,1.5200853464434125,9.123340415497461
2.2672665452653744,0.04874554833585564,1.9564045505823136,5.459184845685989
2.8579427166672,0.01954699061023535,-0.6878963980548274,9.67900685457162
3.4668063759308505,0.02063369451767093,0.5040162531116064,10.375768772307142
3.1714262903392894,0.00825747426527153,0.1307743738241629,15.687281374158854
1.660157179590406,0.026409310682193914,0.9241597208425099,6.3465844138486975
2.4358444097308403,0.016481229698585165,1.9042425451479965,9.731369336165063
1.6170537404256877,0.02410105951659349,-0.9487332106348381,6.556742811360525
4.039448605728851,0.01596580822130948,-0.9410768094074619,12.732379628014124
1.370276425540127,0.02082220275656872,-0.14345994493988268,6.49358825169025
4.025706447461063,0.018245600850271278,0.11349749862043579,11.890112298325802
1.2422333484011416,0.0390157055898099,-0.7674339355870725,4.516747875653323
2.532803330010314,0.041353724037343664,1.185640721040758,6.2645143923192945
4.6145997814023545,0.024767005386886667,-0.618110337912944,10.92632869035773
5.1342243365442775,0.02344659501768868,-0.9210062000817837,11.845176030678866
2.808811633551473,0.021955315822104682,0.9289982273446658,9.053894987504021
4.224425593112819,0.03554790949854808,-0.12699100850082723,8.726112130058855
5.406023744315375,0.007951597346813702,1.865383293508955,20.871601494105114
4.094342251098277,0.01764725012406959,0.4330148229283286,12.192634093941212
2.591565215512854,0.00865894086683374,-0.4506664214319288,13.848179170476529
2.870643363879406,0.036692339207691146,-0.91238350833523,7.080206270533596
3.293601437030053,0.043546112894831894,-0.9162671991544065,6.9615318490836575
4.755860566386547,0.02438034657924796,-0.4969354182903841,11.17991776035126
3.534875079390206,0.02768217890403199,1.51007318685319,9.045464833086555
2.660720091361874,0.013824357254837414,0.6342042964260248,11.105065130188525
5.61575495146001,0.02310056374633694,1.715525299661484,12.480637658295272
3.6003154153062153,0.044412548372055737,-0.5792468440935169,7.207114436407955
2.724351975234085,0.03181236758522118,-0.23876017799588456,7.407601342185308
1.3674849132422655,0.028751241564753293,0.39178329168948367,5.520481512112723
1.8671502438389902,0.0293425696947728,-0.09236237679786496,6.385347690947447
1.2139018831838437,0.010722205972291343,0.14604376413455356,8.517138498810064
3.33803134340112,0.014375310776290545,0.841021097851951,12.197773752460117
3.270898061972801,0.013890711073603509,1.751070445707568,12.283305557433952
5.321360863685261,0.011721817913030695,1.9198624536366102,17.055240974817725
4.694460827385253,0.014590277124858324,1.9657966787784549,14.358367969049837
1.2921001081123813,0.028083304969620474,-0.6290957044705309,5.429601585946969
3.7551692216329555,0.025958760006231273,-0.6021189512002794,9.627571982626229
1.7386623841476645,0.04222460878307652,1.7363861729190946,5.136517849536796
2.8982510829360004,0.015152354643602543,1.864951106462125,11.070619644223257
4.750201445582588,0.015077005341518276,1.5515095851604053,14.208311146722979
1.2882202441434443,0.03862413673042489,0.08188069561180944,4.622848454240728
2.095242752385539,0.031221492396739572,-0.8910442164050466,6.557440127136175
2.60914003124418,0.013990031385946657,0.3028781978865631,10.931590117789598
4.311983977383706,0.01756441258378697,-0.3541894111894708,12.541969604298592
3.3011111861870175,0.03232843468711454,-0.9266744738933151,8.088755857994602
2.4023673938082437,0.018869883950345355,-0.6499245064570262,9.031899313249387
2.0045434215535005,0.026323613298236796,-0.391534432281065,6.985202048396339
4.55383656622114,0.006283730436134744,0.7473866080770613,21.548841993212548
4.3248940927919515,0.01713571454448145,1.1535174977856575,12.716881335823636
4.828325574787678,0.009219511982716234,-0.9398614150037439,18.31843199846561
5.556006707531954,0.04378473612153122,1.3074798167245691,9.01704012126648
5.265012348280137,0.022519511996415997,-0.19339215829793355,12.239514728375802
4.590041682614531,0.012415959066696658,1.1974941854676966,15.390834507323984
5.666396929065001,0.02314653067067472,-0.9676677374486109,12.524330903932311
4.474465023358503,0.01680849994759927,1.8796931043111043,13.060207286514052
4.402312084124714,0.044892557118155076,1.1389145816617052,7.9267877802593745
4.885968589208582,0.03456801424515036,-0.49951723014589666,9.51660642947821
4.824113093457632,0.0368050912657129,-0.2844679941342161,9.164289086743718
1.5164208149736658,0.017096591649723745,0.21453047370005662,7.5387456155460315
4.797747805147026,0.031972947680098514,1.6774807848467406,9.805536461634096
2.1276983647357635,0.02199317315411672,-0.6852001875502138,7.8732686914556425
5.956089446558406,0.04113640369567901,1.5025176067054575,9.63188823800326
1.0696046731046402,0.025700676510378315,1.086728609561237,5.163965806931848
1.0130067329160684,0.029560835688001958,0.2059105416928122,4.685886898100889
1.0220102040958292,0.029200128195252754,0.49033322582973815,4.735645958531103
4.82130224729498,0.02351297994231043,0.5486648650788499,11.462314811729296
3.378708674598279,0.04224202441133158,-0.8772820005741957,7.158911630709785
1.772996384325317,0.013955080792246041,0.477573034370697,9.022600684578661
1.6887712559954808,0.037686477512508296,-0.46022136217296183,5.358418512345211
4.144433478364835,0.018583421482895508,0.9724402440734394,11.954013385871654
3.9160395746610335,0.013775173106607398,0.37127645824272903,13.496432692058967
1.2441049034610556,0.028184580660073653,1.3628213633092257,5.318224933620851
3.581780347975942,0.005434061454078252,1.393230442362496,20.55091635377409
2.5650086495997497,0.01609532810249419,-0.3130414015270534,10.10505053180174
2.1544013380278586,0.01167502535707367,-0.6104965608737953,10.873725830948697
5.761503116625837,0.0067124549605681585,-0.7042670641226068,23.451530874904144
4.0007688845297595,0.0430097733448061,-0.25665101757269027,7.720263877633914
2.5841645864659677,0.010862204266814418,1.9235107810168048,12.346535010021741
5.874732785612549,0.022404325559300383,1.3048215573705164,12.962002801754467
1.0786190396519126,0.018823758133987817,-0.09065515951024528,6.059333604575311
2.9902798451544865,0.02952270546404756,1.17449066707219,8.056044002016943
4.361293626792952,0.027537466636604377,0.9427038068675855,10.073715029188058
5.67108451412752,0.026863213603294567,-0.16269555316596307,11.630491460638718
4.235834030655642,0.04919196080550424,-0.13795368656136597,7.427905849180275
4.585200813468891,0.025846057931339216,0.3454023454872086,10.661689082098597
5.483777769633874,0.04143849571672695,-0.18938249881972236,9.208352211697955
2.360336533009734,0.03134059945043625,1.6071962938673119,6.946680175377399
4.105669853197261,0.02715330890473537,1.6211682435798296,9.842935097396795
1.4304559256203444,0.04600291228918021,1.0626323652257983,4.463633898818321
2.6280521271494206,0.028421360465062526,1.26043715240717,7.697302348967146
4.9602582297429,0.040859475547738576,-0.45176146111263593,8.819617264379428
5.707104778121801,0.037933918435559585,1.979528962135375,9.818339828774167
4.062894370543785,0.022282261202890924,0.9099204598551207,10.808915581499484
5.084276093226189,0.032547639654949716,1.9841818456138385,10.004578661597359
2.7137196372383467,0.04181894955893676,-0.23316547176728775,6.448221073077671
1.64082119195621,0.011363362477376586,0.6475236342107482,9.618806491308588
2.3616599116818167,0.02378936674070618,1.4911993302883624,7.975560757062055
1.9185935300953556,0.011903012187522226,1.5355901523535644,10.16265162827893
5.3242480189125185,0.04253097452945826,1.7664614374801086,8.956131503139625
5.1612204514944295,0.010188110639425624,1.494580512162945,18.01662205408029
1.7617409699613302,0.04873574356144805,0.0907817570088536,4.8127269042070955
4.9782024451673905,0.03356745222358452,0.12041354680362493,9.748124716990906
4.969072041893714,0.022032070238235814,1.0562357115808596,12.02137050681456
5.800491488275142,0.02503160350472534,0.13204589387037746,12.18518286546478
1.3679607057075334,0.046159549381772684,0.12677091319904088,4.357626674735074
1.1364564045939758,0.016050274768465714,0.680151632519451,6.735644293164598
5.099866148493825,0.01807570304136676,-0.22443837837178304,13.445463548815184
1.5468161885573721,0.027143672630489113,0.6573294874172935,6.042672257725203
3.7265725085225028,0.0073634444138142244,0.42530684316143885,18.007701009979275
2.5458693966149006,0.027413671169503277,0.4125898844645568,7.7139789684879245
4.354085591729543,0.027065469399712824,-0.9007088710808171,10.152773300286466
5.64536929604065,0.005905358158143841,1.6352768852165251,24.749535180070005
5.312570305801481,0.0417016029053884,-0.2934197734499827,9.034829489592914
4.411772396526674,0.024170904914819123,1.1468116197998088,10.81444121659151
4.495006928373046,0.04626267471728601,0.6782942947576327,7.890305220157865
5.134555073550264,0.025009164448422067,-0.9747921292741987,11.469534889590497
3.9679518509927645,0.03924526043252587,1.074299068080074,8.048845272888427
3.2169488155233403,0.017671864293563648,-0.6249895497794621,10.800027996327989
2.158525516090691,0.012198365542611533,0.6137930641094753,10.648091180744444
4.844484325876111,0.018901521032208816,1.9344752635797482,12.815023010626994
3.027858647828478,0.02787428755774035,-0.20652922346675995,8.342762879151461
4.310732668013319,0.02334521521420581,1.112531559929801,10.877287161752399
2.934842597591183,0.04538585768243819,1.4160111631224113,6.4368905291090925
1.8515195234601414,0.019376242612898168,1.58395140144638,7.824801980143863
5.62058020526647,0.014317154912493035,1.768590137943781,15.860110268612216
2.2179549547944264,0.033310534421109456,1.2565638144086462,6.531749946101288
3.387219289851791,0.025087450429649695,0.9865399563349964,9.301165734728025
1.2664601864313163,0.01439274411244635,0.48870310617711366,7.50875541888394
4.38205895878215,0.03981294528261419,-0.048455310760698755,8.397904749265821
1.3805854461198936,0.03231622127568824,1.5556575901920926,5.2319712464066805
2.7165608483409653,0.04220874301014892,0.7769571658140775,6.421736758639092
3.7872705000533644,0.020955219227811656,-0.999408712733606,10.761208547618542
1.1872057320634122,0.02923561828876806,1.6890962734961255,5.100947346713159
4.515706025211917,0.02475990365297729,-0.7393167477051222,10.810165557387798
5.534063537105737,0.03115516972110525,-0.3614241096664774,10.668441976023008
1.357241157793514,0.03131143330043546,0.9504775719672351,5.270126334036255
5.200267189399012,0.025550200303561876,0.2522414569472673,11.419830666991812
3.2025223728728345,0.03979799499207628,0.282537091312832,7.180579244495236
1.9550839041252082,0.03298969521236991,1.5000989407589476,6.16222481121179
3.2358674342569427,0.03996861879998404,0.05987135312052638,7.2024421729068315
3.95829010380145,0.018139240531142686,0.00036660889816797493,11.824648783354865
2.2431817089852712,0.020171916986079064,0.9735592192838087,8.441169695769409
4.095243536306137,0.019329473518244374,-0.017431403460165695,11.65128549092467
3.005265458099697,0.03296508978415696,-0.8280311044837341,7.642901774117814
1.9354017479717245,0.025005671751390277,0.5698952152642591,7.042231397324028
3.5742252217145554,0.02189982297672109,1.2882214403673684,10.226208544889642
3.320709312233912,0.03096327287530564,-0.8715276983148799,8.289646091202666
5.335930922865511,0.049441961889069005,0.08991033530760917,8.315746493207294
4.720341625315378,0.027194925174679117,1.7460407634906439,10.54597581664979
3.4684370495896824,0.04619680981995265,0.47691688892358375,6.935933253539072
3.978160437826375,0.028669460593615186,-0.22959600355882193,9.429211469799245
1.6757892212766456,0.026245712043054793,0.9823715600155487,6.396236395587518
4.238073975489213,0.02739329599669498,0.14460058188419023,9.956486543313583
2.6555248303256054,0.026198471000263186,0.9702459155449947,8.059000824218947
2.5865903884951473,0.014705249118790367,1.944202990505731,10.616261959689993
1.7370976930603907,0.016490936566291775,1.5507019699477231,8.215489613368023
5.729688638016413,0.02566128560994737,0.24418250502831507,11.961077260641265
4.328739944952302,0.042686249302031895,1.9534613521188726,8.060848138093348
1.929207316987353,0.03968714203899449,0.3643853165087352,5.580955082591353
5.9905716401312645,0.008682607653595003,1.0414504663417148,21.025824468981092
1.1934763185120585,0.016713724377080116,0.7666536003858573,6.7641662738034825
1.9109467647113463,0.048812645757551246,0.9801588226558666,5.008435786266981
1.2994449388431915,0.04423224427548931,-0.1442983628246013,4.338638272827313
4.768467015954886,0.043239261377507915,1.4948426512293667,8.406094110914122
3.8176815046700914,0.042876802560958424,0.8630471202424621,7.553228810525873
3.618220983219914,0.018797943634911992,0.09144262574953976,11.105455140419469
3.6311604334824428,0.012070478333050777,-0.44897945758177993,13.883675935684604
2.138391570732092,0.04159705850651415,-0.4444775587777404,5.739265240034848
5.181755641503371,0.02697478668680473,1.949915805125872,11.094390412350817
1.2010431819761331,0.032266438445465395,1.407196327213652,4.883686590385106
5.656632904018877,0.01897098515784346,1.2366686182371667,13.822227772729297
5.141267640397564,0.046795071324673775,0.5793200874940165,8.390329939495253
5.762387757388696,0.008572542708956446,-0.9036373498810785,20.753454658328664
2.9064686490391622,0.04899289898355156,1.0598179770323402,6.1653855761677185
4.981865101947305,0.019213351307773827,0.297096020323965,12.88956941457452
5.750601548970632,0.027434303204411578,0.7998249346970254,11.58920542769435
5.8125202798183455,0.03857238775382935,1.8787218832811368,9.826253598832485
1.7906722882920905,0.03495106177542223,1.5003680876715109,5.729567750954617
3.4221655817480046,0.04136922886918442,0.7569437650770356,7.280409143927436
2.3579140954756967,0.0492728549722432,1.2987956012280195,5.53737729437423
2.4519653772549157,0.005559718682412242,0.5885855549429784,16.810272280462872
1.3759530223389,0.04333492332653254,-0.9033769788128008,4.5105217019948425
2.3293341597898145,0.041497062543232974,1.151898960484543,5.997236974807116
3.0988607434382573,0.0432576313719124,0.1492240579169708,6.775067901902413
5.6384581041780875,0.019597020112108246,1.2450000186145567,13.577791940274178
4.841339807226497,0.044830205961448225,1.0391422380372086,8.318430755384899
5.871014617838276,0.006308009205760042,0.017390256616739208,24.420492107468295
5.514622271927195,0.048654775300009834,1.6791128136878615,8.521953092041676
3.835550687089907,0.04839331261639035,0.30877356111622767,7.1263176566576325
3.2923133078912814,0.00859961106881978,1.1572372851601354,15.662286481091114
3.000806302189889,0.025456245108730187,0.01721570442057785,8.690920942394063
1.6107769158892034,0.009013107276533476,0.2067127578610357,10.70100133336181
2.6131483431477394,0.03586434341900284,-0.6339363325294098,6.832735036069679
3.0441490266126143,0.040917768004521425,1.3000036412715237,6.904321031878107
1.6589167880120006,0.022771728751513703,0.4059789992005982,6.832164112400219
2.4419823495264907,0.02956749107844763,0.22044093552809718,7.274581482836816
3.7296518036193467,0.0424657921704915,-0.24688985393615293,7.501679732123686
4.449312862371232,0.04520943642594049,-0.4649539889956861,7.941013158673464
3.518778716852622,0.023173482800981176,-0.9051622756265607,9.863801253019743
3.3968520160332076,0.03081105507522555,0.9303212895088131,8.40483163669192
5.692310795341898,0.04954905586973022,0.07214304542531158,8.579670317820263
5.5412427280249394,0.042517118882007106,0.43047431053237584,9.138305299140413
2.9872227062963423,0.04922766327821987,0.8196866763410553,6.235527227800384
2.686323887935832,0.048881729361938464,-0.9614958209753448,5.934032159453063
3.8442921459922466,0.04122580116368344,1.8543582100617724,7.729788832878894
5.666608493572789,0.024273972930759474,-0.40742729310298387,12.230245145039188
1.9525297471512422,0.006243127393833796,-0.797117307501561,14.15603803360647
3.6396336708689265,0.03169137516916034,1.187936532240113,8.578320821076167
3.6980802353059845,0.03137987710829724,-0.0390094336842548,8.689735055623997
2.117158099227301,0.020693519727151232,-0.24795214797208498,8.096614317930008
2.75330205512038,0.026718594861446517,-0.6549595700570543,8.125762260855634
4.761734490383271,0.015035684499780728,1.1908381598524862,14.24508272363004
1.7111987686820647,0.043361441027512215,-0.13951195578776932,5.028545289316136
4.130395821268532,0.023831628001898645,0.026944236205951988,10.538115894219008
2.7788493168809714,0.031783729154424394,1.3841388468941616,7.4846942313175635
3.9418658247957503,0.01629832321228306,1.5333121786357116,12.448684073677379
5.53868604154011,0.035317705487396024,1.4149241997508186,10.024232323481844
1.6680756559276722,0.03126675759227994,-0.001375983994925889,5.846694994948566
3.2681089971716046,0.04525283802036618,-0.49047563996375876,6.802512452871416
2.378026387882021,0.03884111020893308,-0.8038779510956285,6.26334748956799
2.5393137613330565,0.040559123243666464,0.15402093903500402,6.333705903323374
4.565201680580241,0.017440939115806662,0.5164878860666273,12.95057469025628
3.0282792394046703,0.015847985538178472,0.11307988947579117,11.065089121779407
4.663994554289108,0.025519160338301684,0.1963955018692305,10.821558630118794
1.2513295616467315,0.04903569932001333,-0.020312213912550003,4.043650906275764
5.021567005416066,0.040011204438175456,1.9519730957635861,8.967529381778407
4.99276522125298,0.007432464439522987,0.875557780024,20.746657716246165
2.4937770567595674,0.025354198377670868,1.4944374765322017,7.938672028034386
3.153152908764172,0.0383180077115853,0.37134778859007556,7.261311126374925
4.837729954922791,0.02452057776115173,-0.05957459448991598,11.243446334099465
3.620156630684499,0.014207275383870586,0.9060990809711835,12.777687750842237
2.028542291542961,0.010897488881605789,1.931783005689705,10.921261490074308
3.0405875058436833,0.01763719113278522,1.96961359257537,10.510128656680191
2.49413580312343,0.020911665976761935,0.38918526465791015,8.741978245723665
3.8414181121171183,0.029254943994592882,0.2837586617696113,9.172551188529589
5.61839641788897,0.005717325029732892,0.5591188011278567,25.093066509501025
5.181020987072104,0.013108090509104425,0.38608411342595517,15.914095127528777
3.0529060084585455,0.017303286079429703,1.3423792728356112,10.632524998520502
5.4621017374945104,0.022953195650816185,0.19191392053377632,12.348161558098392
2.408164154531822,0.014062861260148624,1.0629927977308755,10.474907280479165
2.9937121169381227,0.02786939676584831,0.4365934817107646,8.296314804599135
3.6662110812526505,0.042827324478967435,1.854862146721627,7.406145683873923
1.6958897218872944,0.04561807090767439,-0.9713042303169706,4.880612589132902
4.673739965748089,0.0164568350119203,1.712876388038259,13.48972527175247
1.1717749363028536,0.005268546760929398,0.6140167329640918,11.937700323707217
2.474323701413123,0.03703106381139839,0.8488865573391573,6.543184300043638
2.752201329537742,0.045918477917844674,1.8419493533427813,6.197126308726112
2.5261172318102827,0.02542626348582961,0.8887666553798688,7.978651002568514
4.6572156850829165,0.029492810410508913,0.6196218822919333,10.058867464544766
1.8562961111159957,0.03945104866251233,0.6365350506803353,5.490834341307032
4.733234826040345,0.025113498436306364,-0.6936699101977961,10.989284254303938
4.387171343860874,0.0260812370269796,0.3486059203787133,10.381788925739174
1.6763381040355974,0.04237502185396451,0.14283923417134248,5.034656329743439
1.1287714004923783,0.006560707233362434,-0.1533680234309558,10.499573528889497
4.4356217429286975,0.034672573000973594,0.48322158003597226,9.053743907358612
2.1953504683036105,0.023673508963182825,1.6953684512022975,7.708406391056517
1.3523010438921208,0.03802144378619821,-0.9040123849524405,4.773823732942688
3.5661932029908097,0.024018046863649042,1.4842534108645165,9.753883851642536
5.372254030324252,0.020896284681995534,0.006787653650718983,12.834759103116891
5.6107877694793515,0.01094849579264991,-0.10233753685106195,18.12085489172405
5.512209306422953,0.023194434401967324,1.524934539633371,12.339993938816635
4.5256652944265,0.030033515722982355,-0.8096687022036473,9.826121246570604
5.542052420520523,0.005840436830003369,-0.14966414805572947,24.657931336664163
2.6151120521335147,0.033871787527999506,-0.4846340443584086,7.033477178134291
3.3133669954484053,0.017815187488458572,0.030904500439149274,10.916503592992015
4.199511746549943,0.04038614111200556,0.9225121079461058,8.162575488515468
3.647389898448762,0.029438768809176875,1.6875078647322201,8.909949934970719
5.539233642010133,0.024305907516664796,-0.9367175051366498,12.084061060936403
1.7631425377013739,0.04895035459306577,-0.706873838679286,4.804075016145615
3.1466529030479036,0.016532904466711393,0.49286316918539286,11.043171876068687
2.7873057328693562,0.03570482213164807,0.9884828096257836,7.072498382198064
5.343439142639528,0.03606333266897014,0.20876344075098308,9.743645941098556
4.347873009252335,0.021718656383919375,1.9568488347452448,11.32572306305147
2.464024792860487,0.03494324453954395,1.9326102582097442,6.721789572768225
5.779534988105819,0.04830842018388695,-0.5750236936691167,8.755461058563856
3.543819512294542,0.010378919982056152,-0.12937311938473328,14.79121007950639
3.4612761503377074,0.03635889087911698,-0.19882708916128344,7.810103718019744
4.897500230522518,0.018262006170633706,1.7133887646205856,13.108620169266885
3.7752365326103194,0.04352529772958893,0.7127014935468052,7.454957946665983
1.9142179847284089,0.04512470599158718,-0.9794843593429214,5.213537398188665
5.621475189358927,0.0172449209977046,1.3018433882387894,14.452352120444925
1.2864160013575576,0.00666734376837122,1.1583723402517991,11.11880932172339
2.9322106518461286,0.027321814513135537,1.0807892285639302,8.292525276374283
1.821423404999886,0.034183636959431135,1.8172519880093918,5.8430595492285455
4.835476275245615,0.008310480771249143,1.4696529389161062,19.308589237230393
2.808217403875556,0.013485271349373187,0.519029412613587,11.551263960967246
2.0244396542926895,0.017624543933300083,1.340015495223979,8.579015721369343
3.5317520239419835,0.02785478383890159,-0.041665191868687224,9.013411415333756
5.632661259811605,0.0115611246935815,0.6752085161042194,17.6685440723662
3.0224331840292242,0.013283068773826574,1.917504740025409,12.074610590152513
5.84547611229223,0.016680441014801088,1.5199289386528485,14.984773070765666
4.516920131195837,0.0359336778166163,0.9737037769049453,8.974584698711642
1.3273200087093784,0.04156876122264251,-0.17165940427416726,4.523225808324946
4.502712878801409,0.024734355258889035,0.9631792480360624,10.800175677411884
2.536811001215008,0.019825529292107926,-0.10956681630683773,9.054733039877455
2.776250590542669,0.02746179927613017,1.2901626226650587,8.048386565441012
3.8086734340016135,0.025451709773922204,1.933242618081863,9.792021917721625
4.888126857417049,0.024657742278182654,1.9719127498432392,11.270380261177474
5.117345563783979,0.026092197546200537,-0.9848877697320136,11.210139918418884
5.483489054606471,0.03770766920889238,-0.26840110016213636,9.652896194748763
4.714542993320203,0.029817078342994054,0.5287385524677668,10.065404828130147
4.710000486120448,0.023766930579171557,0.13670366905496123,11.268546907732883
5.652122214184256,0.03887887536378832,-0.014693506533204559,9.651457770961851
5.173619151120776,0.04669700156758024,-0.6360385960838806,8.425520117329734
3.7784393766880786,0.047939632156821725,0.34337704830939275,7.106452709429028
1.959029891432091,0.023452351880599243,1.4412878612339695,7.315959963986614
3.7696489199337466,0.01559247578400328,-0.12422118204190968,12.446203655210324
5.599285095164106,0.006002211221866181,1.626191296354655,24.448636461789498
5.271026446738037,0.04578728129606407,1.650980151493434,8.58853636225097
4.95377467009595,0.022547193864720642,1.731579346808453,11.864948686155126
4.3974219817191305,0.029082692895447848,1.6820284292531777,9.842960733632397
1.9652170604663506,0.030192486499540122,-0.30635773664692545,6.458026342337036
4.648807466423747,0.042173510154184204,-0.44418487363522763,8.404171281962881
1.1370239289202972,0.034295008355282666,-0.7929098352529131,4.609070334604681
2.8631766462465054,0.01578419792596543,-0.20129768011760008,10.780944298291221
3.6968089441587164,0.006472570232761089,1.0080810279759227,19.13018223065658
3.2462125314540744,0.0357455075317673,0.2406624355557896,7.628194023380248
5.032895974904429,0.042191802941474815,1.4510530164536566,8.742566102924687
1.3885281294629719,0.04810158366791981,0.901549297375996,4.300724701684646
5.663537474173406,0.021275942233927866,-0.8223057386030104,13.060009044671391
5.558388771446474,0.021710501461401733,1.8802382529975685,12.80806497470952
1.656802486776705,0.011974036915703059,-0.31482830031331366,9.415839829597207
1.6618156881174058,0.04157824919013951,1.1833383041012038,5.060603576806821
1.1883434286482673,0.006106625412489131,-0.571137000982424,11.166429642146444
4.474560491536576,0.025132424840301475,0.1513040187168786,10.680755791949409
3.6914568783472954,0.01928451887003939,0.6732295237326777,11.074866134333348
2.9758355536144423,0.02821773430670813,-0.8635593043064801,8.220294632847883
5.467844366191155,0.016439378930555235,-0.9128403585054478,14.598537807054386
2.1747832643729312,0.03511058948959856,-0.7461858666852885,6.299889330595928
4.143739080643234,0.01944972495299833,-0.7287056814438093,11.683782353589105
1.6194569910040033,0.013103530510111514,-0.6462655994244522,8.898863331293635
4.7697155968002,0.03644809873219005,-0.5311640522307309,9.156991106770962
5.684664942038687,0.0437929669761925,-0.33048757305480314,9.119987455857178
1.2958933908050319,0.026261143227314453,0.34944051905960105,5.623048287856195
2.4482649787631656,0.017478368425904414,-0.2790061602476538,9.473768214407677
1.919312115022188,0.007062553217030485,-0.4844733213498895,13.195806101045655
2.729305444605335,0.0050324213204705785,0.650885685606045,18.64153041104628
2.8060713496248093,0.007679390780038766,1.788520867265167,15.301357443675444
2.1181297544034177,0.021616660753769872,1.8099226397798884,7.923662460378573
1.77593900915738,0.033351209720923404,-0.9648147930349096,5.841201895145476
3.127017231685863,0.020330560076516357,1.006923625635772,9.927375642289013
1.3965980918865253,0.02450592277980612,-0.2746405408659923,6.042882942564135
4.751847405223117,0.007693955955813608,-0.24156991136664507,19.893004675583303
3.106625935873053,0.01625668787932335,1.5709196044679183,11.065535550204546
4.60285318861552,0.005239574177825338,1.048223784707396,23.72518210813304
3.725921838417067,0.03705418666054966,-0.3684891088169445,8.026795847234919
1.3325718652299252,0.0124686998770571,0.6773966681395773,8.275204286094295
3.095927772814184,0.01420505194907239,-0.9306354594842128,11.817292537665827
5.199410963207089,0.005715460295173666,1.276590917309664,24.143234712337705
5.587509939671276,0.03237665085185311,1.3408674681291641,10.515675675759244
4.196933856260165,0.04299427893514597,1.8814603929814577,7.9086929972701725
4.178916530244564,0.0355447540079111,-0.44598398352187374,8.679367579531966
2.797101210706732,0.03275901090715003,1.4568776455775732,7.396609483946561
5.884893964740537,0.021308048416219177,0.563866752915215,13.302751343725927
2.7952131004567162,0.04607155605592809,0.9825262776858619,6.23497922742136
3.248322616396143,0.018430035275246576,-0.08338881938521836,10.626995200656939
2.1843340763978576,0.00899013451072577,-0.41085298911833923,12.477294487129155
2.09646692321221,0.04683523790573814,-0.9333064767761975,5.355519830836655
2.5173167172077155,0.018753152965669317,0.8708246040682157,9.274185357781345
2.3212888599090737,0.014823113976265779,-0.6553866718558871,10.017027345129565
1.0992317153484619,0.03352247099027697,-0.03721855523481743,4.583746623505041
5.453638393390481,0.04017674278434621,-0.5824422950038939,9.326094174123792
1.912952436381069,0.015003674960424547,0.3009588664026053,9.038518518202341
3.549581911281718,0.04043988426028821,1.672605254740089,7.49941935006135
3.891240161884221,0.04030931422000844,0.5979404353005544,7.864756893908165
3.9977072160292675,0.034506639328489325,-0.7843651284335764,8.615850399172869
4.175196095098725,0.024122380978774532,-0.6628137485244051,10.531066190621365
2.5627979615368073,0.006277001092259227,1.9893412785272737,16.174284299752365
4.093722375168457,0.008954073580827948,0.632254148665913,17.11562858638166
2.4458003056125754,0.01713051743674506,-0.5336570017677817,9.564653613433622
3.3768539267508713,0.0293721448022914,-0.9998731329648085,8.582865300776106
1.2407493954023585,0.027589852776529658,0.4651404207899206,5.367985503539872
3.1568343362413747,0.048360877397066945,-0.5496345587228454,6.467296912475149
2.5666147324973414,0.029454384727044727,-0.7506299346438688,7.472214897896233
4.5403013069138485,0.04140297394712006,-0.567783039771204,8.382442025723348
5.8641324057421915,0.030084778150302728,1.769299733491775,11.175641633101321
1.4042370591673354,0.013998250913475403,0.31744938101182596,8.017284920800556
4.472439606298362,0.014226852533198532,0.09824701286718973,14.192595236717699
4.727564361952158,0.04642943708386155,0.05677233610578658,8.077296136881424
2.819776581787094,0.04478070314759537,1.0488665375483732,6.35193265788692
2.716033958723365,0.034147560436334316,1.339374629942299,7.138907362072203
1.5094631594855215,0.04556718294408944,1.785619675116036,4.607116119045264
4.83474884503708,0.021390668677006428,0.8267977176173431,12.034242771164411
1.9815793679150775,0.04083773693727741,-0.5478110050795794,5.575950272588358
4.420615656231067,0.042295552708973595,1.093987570239432,8.183479826647693
1.9824459631157962,0.049840938065041786,-0.06900642067281781,5.04837450751484
4.96082060560979,0.03187196587362351,-0.5466618459398985,9.986569413299977
3.520469182179727,0.04419452477680882,1.925212771769937,7.144305693123757
4.728467695949979,0.022042127537768248,1.6201936545405178,11.724044209893238
5.781505675064931,0.03565630004660451,1.0602254086712275,10.19286635698534
2.1646675246408247,0.045439609911388415,0.003573928130922388,5.524872923814171
1.0723305147630555,0.03643168158657867,0.9170708392611917,4.3427888416358345
1.1891482942404048,0.03148528865033434,-0.5398125420873794,4.919354939603947
5.699900933700034,0.015393467984237283,-0.02071479332720849,15.403145119607117
2.0704678078901724,0.046293614653064245,0.402782384765231,5.353251961237843
2.0423437952082475,0.01735334969098074,-0.08084574887428819,8.683938830913856
1.0939004105793777,0.013465170878202669,-0.7181556393708695,7.214844043907174
3.2536246282554675,0.03390802418443048,-0.022306640345815976,7.841090582909344
1.2546128861477113,0.03392007436943038,-0.5407704744428982,4.868222999044918
4.941681597084713,0.016099136571061972,0.7422869173697002,14.024263955497599
1.3730071970283069,0.03713537733507001,0.627083328213561,4.867281629360888
5.516668799041528,0.028382423291455332,1.646508501674134,11.159833340939148
1.2158232124217792,0.04695789778025861,-0.7895353325061872,4.073098211281739
2.9761270339142163,0.021494410045311177,0.4968986179644401,9.419046856025528
4.649243349822055,0.04139133346911978,-0.5890144045442904,8.483604621833349
5.13344977269337,0.009935937934058382,0.052006322605861355,18.194671264090708
5.746040497045746,0.03466806980720237,-0.8632717847065058,10.305367879687546
2.403585953438817,0.020752401151527076,1.9599848181161041,8.614689751728896
1.0117789778114639,0.011231334922582643,0.5137300362413393,7.597507306472475
5.018216740698427,0.02423530223704185,-0.6743268437783492,11.518461554709623
4.034755213562899,0.043483547774780265,-0.25377405121250696,7.710634199139123
4.686080599013653,0.012176847421432373,1.1915474620306217,15.702956752981384
5.836271086066752,0.005319967235567229,0.012748636653913348,26.512900315505252
1.6520589119509954,0.03632906554821013,-0.9931853564235614,5.397959741151112
4.413351999170466,0.02673822966558025,0.6610368031395164,10.283997174984652
1.695253247487933,0.032178971279585925,0.501572722789144,5.809987581997339
1.014497993206042,0.04837359236775784,1.77881048896782,3.6657717122962588
3.10749653742659,0.037746060280622905,1.2434946249098866,7.2629574833632695
4.499830431373587,0.04945358064112357,-0.7412771890320754,7.635600417858964
5.503282006188154,0.03841858695030003,1.9940760157299304,9.580411868434398
5.157998288815552,0.04486983812324195,1.3578542805687932,8.582372005286002
2.659201225188633,0.04731373963528397,1.5148026982717355,6.001032143536378
3.120254249205291,0.025787357267081385,1.0552597089773075,8.805125751621043
1.4417275937089817,0.03851719784163798,0.25931399689044676,4.8973174101675285
5.595387862948851,0.03741696203121489,-0.14695163176890902,9.788695665936736
5.365402312839441,0.049811356900269124,1.5619250507107183,8.307702759958058
2.388015326232181,0.02166439965687684,0.8053198141446474,8.40406137125196
3.581074665772677,0.04481071957429733,1.8288329866006152,7.15582512808223
1.039169711928474,0.04322170548681019,-0.9268905997984652,3.9249694423947123
5.85855529584313,0.005258916725275661,0.007207245843534604,26.71721033313465
1.6088058046422216,0.020451629472907518,-0.13482479290147342,7.099566705382017
1.7115444804746431,0.04116055290263464,0.9531439624600857,5.161756161942976
5.435094310427422,0.022946622502831752,-0.518590475055451,12.319359997275704
2.002775774956784,0.03625459779947213,-0.317030466976133,5.94947451847639
5.290657997788514,0.013730275714293562,0.856684302943534,15.713003412556349
2.130569000103416,0.007903616784268649,0.7341010387360207,13.142526281652577
5.602635858956675,0.007455348773888131,-0.11748967028692792,21.94351548163376
5.642942195534926,0.04878742319167796,1.4590853707140812,8.608804595196851
2.9305253417562183,0.028111148315630826,0.9915807289538439,8.172923561181316
5.288790253851439,0.026597073272290425,-0.4379724063961914,11.287694240046639
3.714913068256533,0.01301614667017396,1.068573253282484,13.523126187558136
3.999901325120851,0.019097030855773064,0.8941411950681013,11.58472432718956
3.480735685114521,0.04785132045660285,1.3981630882481504,6.82704160125331
1.6700160727817694,0.011332131519078742,1.2924023210731965,9.717364915957964
3.9225522893906613,0.02980860327135058,0.7125441696732793,9.18242832479553
2.652046262691091,0.01539702595518978,0.02019450072224349,10.505485233043293
5.083178419516787,0.035512928438595825,1.2580125385308296,9.57675602234292
1.9714311398444764,0.04676234449447058,-0.6482737611032006,5.1974061660984425
3.6998398959723353,0.046211937737452635,-0.4274698122715578,7.162396603398442
4.662282365626239,0.0344037948067099,-0.7151226942241315,9.318373236220507
3.228740450756362,0.007985650133417205,0.8143982982916333,16.09553502944021
2.523924204469887,0.010641967704275244,1.1515094010615399,12.327391128968173
2.6763526049126902,0.0061688945455895166,-0.786277729247576,16.672932111180327
5.929572223558463,0.010775471302783859,0.2445581074863148,18.777489769113
2.908835040464942,0.042973455259869515,1.0373881891902363,6.585722076702213
5.005653709094564,0.0418078199294332,0.53038754324868,8.758820571802488
5.253544584877483,0.02484567309402589,1.1707060328983556,11.639781222140867
4.781492794757419,0.02702075171211483,1.8523915929563062,10.64822033685249
4.793522152870512,0.0420753723117059,0.634552005411043,8.543923975355339
5.736404111789439,0.013019448107540868,0.29938022738060144,16.802254998417514
2.6714133661003427,0.01510834038413118,-0.040503891678193904,10.644031635244867
4.240199059828859,0.03464870872544583,-0.8363616726192086,8.855102351936617
3.5368167483638016,0.019199516929006743,1.4213987030980593,10.864384270471877
5.6075003288694925,0.03272117618686454,-0.00901046208044054,10.478863674951509
4.08270241145503,0.034880302647928046,0.394658686107515,8.660196177556696
5.057985246980588,0.009552963485067234,-0.8414519152069535,18.418900847424133
4.232879522592322,0.02329508393018028,0.1425301072550973,10.790207683040501
3.97635289404926,0.011650511638313682,-0.2877177830847608,14.788153532909867
4.744975750805967,0.03914370111096416,0.11983636214204108,8.813127336317024
5.091105245626633,0.0417891083585307,-0.5622317141009885,8.835242516181507
1.9910040475010038,0.03476968619656798,0.8390913966824454,6.057308258521212
2.3221336152957157,0.014443622018624907,-0.6190694699403337,10.14961421432942
3.9914899661902705,0.005309315846854574,-0.9836402632649466,21.947862447076172
4.8202146885177575,0.028398104016345745,0.9187305708093647,10.428756033034642
1.0323660988407626,0.046708582897620435,0.12097074440809452,3.7632451566820015
4.189745204527719,0.033549466494844804,0.9068055467821945,8.945301578837954
1.2251580856206579,0.04488171188547272,-0.4408046234966594,4.18220530193596
3.571667557926451,0.03141630150070103,1.591569310463766,8.534969552254932
2.393982585537591,0.020586223129406285,-0.7483386711656177,8.632093688835962
2.2839064397610427,0.04643710626442154,-0.8728331397783878,5.613717707940687
3.207385183974851,0.01764305260126613,0.2415005656285827,10.792764098178054
3.1489010296780036,0.03153095814894581,1.9244971506665376,7.9993539049702305
3.3162035283243614,0.04963133837859321,-0.5106409715643118,6.543145606511217
1.199480760607909,0.013336259971514875,-0.028353252185616684,7.591430256898714
5.603232165836461,0.04726500596567254,1.5261506639354367,8.715522731944548
3.1503391139581445,0.04844688107450391,0.9951632586634183,6.4549031553149545
2.921064629536659,0.03873516177054495,0.9041709800277591,6.951233635713546
3.44846217569269,0.03833353052971357,1.919392548261504,7.592194285959598
1.5008899134288605,0.03574000026136086,0.46611967890362194,5.187297229292337
3.0767965391215957,0.016223433094085287,-0.7270007624472866,11.023563239252475
4.499201745222106,0.010222879549501154,1.3071300542454858,16.792876790428476
2.1268186831050064,0.04644591531282853,1.47002593381771,5.4167084430398535
3.883956858678986,0.012246558091783964,0.8240852519006876,14.25522790322771
2.1797074172635407,0.009135872150499283,0.4708425201176758,12.364258721699956
5.301278799406076,0.020378221926313667,1.9886936508266024,12.910740983147926
3.5726269099449977,0.02823842987625278,1.2481095593906018,9.003628136154937
1.746112508443656,0.028363191332570648,-0.17834713426529203,6.280620525047341
4.004730462722122,0.0154121673100325,1.6670588784008684,12.903240080294225
1.702231791405727,0.021581141302170113,1.4659579480782123,7.109124733286277
4.921020790086367,0.025969324349346835,1.8350985355940823,11.018976689557109
5.384715456904832,0.031047963750496763,-0.6106165705279889,10.541655219146424
3.080980161650716,0.01192824147988621,-0.7003943515463045,12.864716775683474
4.970422688715746,0.022940551756282526,1.0684350906141962,11.782534543360487
4.3080528717174476,0.04891830178052103,1.9688210230758751,7.511883018354654
5.8137330992660665,0.011743037486607573,1.4681603583885443,17.81071322867924
2.31060757332138,0.0050030073812065345,1.1227819541567134,17.202497925520976
3.5699945441358505,0.011994207886157387,1.551021407990898,13.809945987457908
2.525849618552127,0.03543300564876086,1.7219276489598454,6.75839760370492
4.85491136834208,0.007449058343108276,0.9039996180139107,20.435438197040238
4.489215278476843,0.025619774506352715,0.09432217936479548,10.59599035722988
5.447741086974574,0.04377982141190704,1.0330102877353848,8.929255013751343
3.3526928947164603,0.040280557427207084,-0.9149369324775906,7.302862786740093
3.268868187306261,0.005393783731003886,-0.8814021228845028,19.705884343041692
3.3748046273524834,0.015138927109362158,-0.06287951509620693,11.951454397555139
1.4813910556011358,0.03805661779676672,-0.1704995317727238,4.994174978693711
2.269259619934701,0.04396154290994625,1.5944740827890946,5.75108278454486
2.6312243657779932,0.04037287445712783,0.6386093180828154,6.462165779581277
1.1763475904431728,0.027544431505263697,0.6027752144230822,5.2311228183804594
4.014802482575452,0.006782716641993026,-0.11730496539621649,19.474855531117132
3.645338794040958,0.02118409962467595,1.267008361838045,10.500450533256924
3.174095307196225,0.03250629959644556,-0.23396887855951443,7.909885635830381
2.954146040150243,0.024283115414489624,1.908082675283444,8.828923794526013
2.9409786663296735,0.04309075067779094,0.42286166600850317,6.612990470024613
2.8627076629833392,0.01182782004931751,0.8825402380560821,12.45317627991486
3.621867282317738,0.04458899507783668,-0.03603826445184888,7.214336802272829
4.450384940933185,0.015544410830791711,-0.7512944311029175,13.54427133378437
5.172873043471715,0.010958229230443754,0.8521849202861693,17.391606841555863
5.609572556828827,0.0384735449709656,1.6177699099991507,9.665576722459269
1.6325648251081586,0.03199951716738689,0.3434870222259647,5.717517394512923
5.465445489696415,0.031874843113594814,0.3257104800750872,10.481724615476802
2.580707036169482,0.01564764144357414,1.5304347597235255,10.27990022988433
4.278081907037197,0.01638400027271949,-0.5116908134011797,12.934765632637157
3.5962513615470675,0.02172201185359846,-0.3704274937245394,10.299567453493493
2.3387392728931258,0.032279965582880286,-0.6204670445601914,6.813470226648264
1.7166685957048704,0.010075065368160108,1.2111014535479128,10.448724650589593
4.530926456310972,0.03864869005398537,0.2718437074472395,8.667026149454724
4.005942640901975,0.034074156290175524,1.4833848770496711,8.679281962649144
1.176797854729683,0.023127893217974378,-0.9661927628099176,5.709878762168851
4.246220781489668,0.04503814448053701,0.7079160466876733,7.772397986133384
2.765370670042614,0.017523966761286543,-0.26667265773056037,10.05551817961773
5.846430369178769,0.048523189417082065,1.8783359620017999,8.786475672713298
2.4984011809469866,0.006550197651119711,-0.17070920855265648,15.633199694908814
1.0831910656822814,0.009603916781281106,0.6582103425538484,8.501045296172672
3.490226120557295,0.023842531322957175,0.9247065779341082,9.684887738599773
4.975790371951542,0.043349899124612117,1.0572633997082757,8.57592514902655
1.5382183373218261,0.017062838516456007,-0.466709905064016,7.600240611801258
1.4362823039247656,0.03201690409644077,1.361786372806355,5.361350829733103
4.492644904482182,0.04587916740321519,1.6633013190269725,7.921132401737734
5.69679620743101,0.045891919986583124,1.3036765409731004,8.918487699876504
4.051979648154411,0.016884441848718523,0.8288714684110499,12.400359130274989
1.228500455422974,0.04994786938368297,1.5046162069338327,3.969841495464363
1.2502221918735468,0.005878021756480609,1.5017288583748543,11.674062037466935
2.601337790149672,0.03900690437525848,0.49243059088964647,6.536896698403804
3.2293609615305856,0.035977578163900216,-0.7410490045643747,7.583790417361676
2.9999079922514924,0.047474035454525346,0.6770971295055075,6.363116612686994
3.266729839820594,0.02722591354198331,1.7996689184166428,8.768178227965315
5.471781346596202,0.03631645808260922,-0.4262960588228658,9.825544213755391
2.1852217661213826,0.0303815666070119,-0.5129746789558898,6.788700770638439
1.1796881440855849,0.04670242833615502,-0.9006350131083746,4.023072561788146
5.414413664582884,0.013346210005984942,-0.9069155509273121,16.12280974227633
5.710779749218433,0.03005004780264573,-0.6753789127764567,11.03491803161613
2.6353773079870852,0.021416275588276322,1.1927470747079054,8.879600303824454
5.686677868969725,0.024629871209812193,1.367155125159699,12.163042747458887
5.394736674320537,0.0106504937565047,-0.45741906374463936,18.015413889281373
5.310067025524548,0.036499952228651614,1.857933194325113,9.654901405098798
4.044111991815128,0.02382387225213165,1.4818996866702534,10.429161693560593
4.264791440693522,0.042708431788444835,-0.9048479971847727,7.999006989031904
4.757084066235286,0.03233033048265647,-0.9669608721415021,9.709778678169654
3.8962748282993274,0.01410556502838494,-0.35755550023098537,13.303733526453303
5.553326221552084,0.006078412076948202,0.6230418315931405,24.194993694741388
3.305856351107173,0.014313542710561553,0.046026701283018,12.165008304926957
3.427927947906023,0.026847518744407654,0.03532374401300409,9.044983001542283
2.2725230339963263,0.020873885752595175,0.6284356059360272,8.352115386520335
2.1271262652727083,0.014265494488074897,0.6855338600765042,9.774559839036563
4.245688798522074,0.013291906136108238,0.8413633988441629,14.306204732786055
4.391514166085324,0.007952772839087447,1.5574507246344842,18.810132075415286
5.6595275410831425,0.03800799606342477,0.6813659985433638,9.76779625950775
1.0197884048070256,0.029901423506769165,1.463911162415036,4.674692974792319
4.5091586083284625,0.046897923319189204,-0.34682181332600726,7.8490110320651345
2.4283850138123655,0.016286770353098553,0.11104475497965893,9.774291240330435
1.234602694112934,0.020935245257882228,0.8849085766949267,6.14707586936113
2.9437817045333645,0.01787822190946943,-0.1081926605092356,10.271517936532527
3.8570230755639265,0.04900221206424152,-0.7094996903139759,7.101699072776349
2.710717487464257,0.04159132563299207,1.8173205660310492,6.462264610240782
1.6577755289178242,0.033646878736768276,-0.23417332004498548,5.6186820963952355
5.537607646732949,0.04659344464240279,1.7924767806942938,8.72655180259248
5.3190006872394715,0.02131444558601732,1.6699373339038992,12.645091976983673
2.095946383389868,0.029092929856877687,0.1988061875191265,6.7942315569195175
3.9016499783099485,0.038557703903227554,-0.2530514528686696,8.052163053619195
1.248882944408799,0.04095104654245497,0.6287424958334793,4.420509767488256
3.4691742356371353,0.03535207113100583,-0.0954416610750064,7.929569587790479
5.604114862996641,0.03691600791522089,0.3232933004342078,9.862570906092884
1.1967859815392237,0.018236590768967994,0.19946104255125974,6.484558464120532
5.6703534566026725,0.025886827536139374,1.7873904220901444,11.847034143383192
5.1647042990675125,0.013179795654164453,-0.5867541756536424,15.845734759073746
1.8586545711018359,0.008648973161628668,-0.21801657889254833,11.734404560140518
3.5077981289602054,0.045259879555272865,-0.7433249132114814,7.047005149217676
5.545249541637679,0.04314036484120086,-0.5883027459376088,9.075334268269032
2.5698961678578263,0.03712895028829653,0.3776670615466995,6.659558566529563
2.2983623481851545,0.04608690418427832,-0.13913207946628203,5.652811074307499
2.0871866292699526,0.04541488802823571,-0.27119191651193786,5.426571227855443
5.709470919873041,0.03243577875964475,0.518830184194256,10.620128158482887
3.0251569628346853,0.03842955490728811,-0.8170492619366326,7.102075243232422
4.511802958313794,0.04209168924879205,1.6817117406483786,8.287449105000984
1.5354529542238844,0.046796784332409684,-0.8057353496630156,4.585157320293589
1.9921164011874721,0.005823158523358379,0.957694381697842,14.805464548951344
5.024580782959213,0.03102903326190849,1.6746132766774018,10.186143350627093
4.057129679752577,0.01806131985946749,-0.9750966835188991,11.997166675581168
4.669976169673683,0.033453915930049934,0.5280673718149038,9.457532477306104
2.9990113332503303,0.024187543077563538,0.48788381805734193,8.91327211297149
2.170300992253413,0.03192644530499326,0.49148735042189307,6.599768328747271
1.781614520692968,0.026283083405027413,1.6575821711427898,6.590414117854884
1.3621104506070778,0.03343712710310695,-0.38385848233965003,5.108997312135897
1.8023230152041134,0.04009591997806306,0.5725189416657042,5.36673576135425
1.508033262252025,0.01662103571067712,-0.7154278503680613,7.624658709207138
5.35246116925058,0.04247989230191954,-0.6485054724331312,8.985226904609682
2.816112786280403,0.023441737767593087,0.10590475023613899,8.773524845098835
2.339999628687201,0.04875802103227961,1.0624152820432746,5.545348551193834
4.92992958821263,0.043846433312532414,1.7589624234242844,8.487840546101745
1.6053312754813822,0.025906495051542893,1.9307245816597938,6.301181554078143
3.0785558516207225,0.024113232959486055,-0.6349647556521703,9.04460879814961
2.603872384136206,0.014158905718218113,0.7862961487516618,10.855229072913055
4.6933346177112885,0.0398731591911444,0.8584443528794261,8.684492128834854
1.154263197965068,0.04473971829713232,-0.23501036489811544,4.065835388730442
3.6009502334726333,0.02113842567590508,0.8248773918675327,10.447592615026474
4.492446339725014,0.021204663111605668,1.4602129794250316,11.651175670982724
1.80355347835761,0.03829938138990632,-0.11444923119515582,5.4930382384102705
4.574697848141438,0.04850156873168141,1.1428236576980106,7.77404954900354
4.834482212592977,0.02708246306491289,0.6046989597785242,10.694854814893592
5.033192904413872,0.04311206639601511,-0.32678062965704946,8.649009175642144
5.930515764689724,0.0433578436302739,1.309637558461199,9.361735887706084
1.3497703527118294,0.017833328644701926,0.31381831351827705,6.963983373151054
4.641000950754593,0.020704173056008864,-0.020833882040817264,11.984526330080055
5.907483642353731,0.01052642155558304,1.9306930721315663,18.962905221711555
1.9441932587222839,0.006358985862645168,-0.24666287661353192,13.996510570046947
2.937098794932622,0.047701160308518044,1.1859964703962382,6.281144659964715
2.52289439480775,0.015200487643859048,1.447502347533982,10.31251908567447
4.622122924771389,0.04492485157270931,1.2620677206488118,8.119352748607028
1.0597383072519035,0.037497391196675896,0.7610909575571343,4.255423421940952
2.410649857488558,0.009648931542987831,1.5692332313727424,12.652357199799958
1.2894527858202265,0.010686046385752965,-0.15745683696735857,8.793022503003554
1.5217724235074073,0.03443686634407681,-0.07028960763764669,5.321168752837791
2.859386501827747,0.04527128008216178,0.42046158363367514,6.361639188831275
3.309412436445458,0.03045549195405219,0.6409342920935366,8.344236935906087
2.5904047707620945,0.027292710049099743,0.17932973799628993,7.798381453671808
1.3626519877276415,0.04188466716347942,0.03431855521778737,4.565716407173074
3.7952854557614373,0.04559590594034874,0.43344096730030235,7.303033423479089
1.0457276199134065,0.015509371267773076,0.3078249834382112,6.572887256168376
3.4946993639309274,0.005749830856441159,-0.9383674289411105,19.734283621740875
1.6767858006619865,0.0212440508662943,0.9291928739772835,7.111547533982784
2.363282075586668,0.026212129331993874,-0.5475207163853232,7.600647985486577
1.1638056563711636,0.02706015306366405,1.6720737446066778,5.249513986063312
5.164164584319256,0.04228370813115841,-0.7264683091180765,8.846215075089395
1.3388979070872722,0.046247641554086796,-0.6521415885828263,4.306980702415671
5.950700601909554,0.023098256858689725,1.6702577881811091,12.848086047081733
2.59547342275523,0.009927699417701719,1.8515314643052987,12.942792036842969
4.651716292322153,0.03072985311614658,0.8550321688956548,9.848506075675525
4.533637657901887,0.007293283895166739,1.5955844998262831,19.957486019840342
2.7389981076601875,0.016427147731493702,0.32821482014949943,10.336149313616122
3.0968684819176437,0.011248357936370471,1.5091965681008692,13.281918375354177
4.110862998155208,0.036369528603448,1.1409404293134653,8.510237010632602
1.2190543802873328,0.02517092220767775,0.4697571906300668,5.570651189787005
5.930347990171829,0.03129039503757959,-0.8754218392225946,11.01992289528087
5.594939844830549,0.027958522656138404,1.7563897896187775,11.323601852717417
3.764900186290852,0.03837324540082132,0.23817462597052796,7.928781642823197
4.710976369821246,0.031076378885794325,-0.8311139004602979,9.85562677553334
3.748569175109068,0.018012094237116985,1.3140447701036515,11.547677573347919
2.3413687402640337,0.04437906055843013,1.0660851459648235,5.8141983736870335
5.191212391112479,0.0141510064313016,0.3190099285638628,15.331502721900629
3.58992752859227,0.02271308360884772,0.4371577176916617,10.063493736358033
5.651085281230438,0.01274411904757047,1.2418412275005117,16.856018937896046
3.205372331154461,0.017121260640219953,-0.27176885443869314,10.95255297087232
3.530799931521485,0.036168216131640486,0.9365301144391722,7.908916671661831
4.896916859910044,0.0420699406581482,0.20555962842469433,8.636134656249379
1.395564152304929,0.02625176095957665,1.1720607307445348,5.836327740448789
5.518584902592809,0.045504722757888805,0.6391132490650686,8.815148191151149
1.6595025052205528,0.01106132309337971,-0.3707619146245309,9.804589311620022
5.178305876649456,0.016801697854070107,-0.0989170143174849,14.05274787611667
2.1794116047607,0.013835896805403664,0.7089846258903898,10.046388351553624
3.4285261846554738,0.03623278082364967,0.9323664756441523,7.78658253980528
3.595669955295919,0.01253479255432053,0.85259982179802,13.557366133045335
5.870194092588322,0.04349377345983042,-0.8372264380590804,9.299437419652074
5.320062380214474,0.0061646190681431436,1.3134983103613918,23.515229918843463
2.5073421163071883,0.027962283102058165,1.596365596864207,7.579917405357115
4.485095675620075,0.014938533257082973,1.0945324915522279,13.869981010784654
5.717320755120676,0.048626168288178125,-0.8671509354095595,8.67971058272362
5.8152005928566215,0.020217721052647443,-0.5985745662106132,13.575637714206076
5.284956590761007,0.007041624041146725,0.818405544535098,21.929477542549407
1.0613644146103156,0.049444810714748814,0.8064101789117535,3.708650362817615
1.0161162198065696,0.01409094263174615,-0.060958272082406895,6.797444311252741
5.614238324480021,0.02031634018479056,-0.442881636235968,13.306586880076697
1.5478197788352097,0.01303241771418396,0.02359963424968292,8.723518571430636
2.733936074096503,0.01660591002022114,-0.2895891085258574,10.270860421579666
5.4132567606358295,0.026771810217326976,1.136600823999994,11.38241548586302
2.0843962818375408,0.017929011055741937,1.6863949264228304,8.63089766146209
4.640691833968223,0.026578157907092715,1.7846737896620088,10.577253573816952
4.732500291700141,0.014751063005625193,-0.0782423693481965,14.337639466009971
3.757054528904821,0.008102890211573156,-0.46853131800849523,17.23644752831281
1.3376688775999777,0.038906203129193954,0.8991436368662957,4.693630271377263
3.737457964398484,0.012288073235500008,0.06571777553102875,13.96015539560017
2.538509036748683,0.0063019133057832,1.529396238526405,16.065606832153794
4.526010199354051,0.04665867445117437,-0.4689381137893893,7.883799223801376
1.92015289277132,0.023533932847844892,1.4969842074361481,7.230438562379027
1.3297254513592562,0.049270641020965844,1.0136070868357296,4.15844416012506
1.6231671650115829,0.026467300876114964,1.206698506410159,6.268603299193699
3.1305987187760653,0.027989461636432657,-0.783470435324736,8.465652134871695
4.254891837709145,0.026808089775988257,0.9327242846488963,10.084521991039242
1.5149644075161155,0.015795385476562358,0.44946396001014643,7.839350638926692
3.8406615158659076,0.01926137904582527,0.6374012273771479,11.303249595091057
4.697896975584024,0.025834114060951627,0.847226389186913,10.794410942941202
3.583226046807358,0.04938799849422911,-0.29298211018406106,6.8182101017671215
4.2731587791850725,0.014989450143493534,0.9506732153200357,13.515298870664559
2.113205053463248,0.04751086708422281,-0.8049030875301548,5.338488749069587
4.339228524550421,0.04858379871762517,0.958103128544026,7.564923083490981
4.7008364230208315,0.021628998835326846,0.7851328712801278,11.80085164548274
4.576289960215769,0.012732507090738528,0.07470795231018568,15.175527409429884
1.3383416215984958,0.03803183636675636,-0.9395561546188234,4.748471481434155
3.333811909715971,0.042648405419361386,-0.39341680601272844,7.077227193958396
1.7184609621196125,0.013718672570812704,1.9753437569698553,8.958963758723307
5.954016201280843,0.015133127906160625,0.3229125794534098,15.877592237691493
4.320129455213033,0.03638401200816498,0.32893345331648094,8.722421649137566
3.765289612414848,0.03741824811966031,0.10775634219053476,8.029739526126582
2.78552567192403,0.016394953242650726,0.8954222263718163,10.433799362914886
3.469582884348381,0.019472651305887226,1.189720153412622,10.68489059202572
4.275050967630458,0.017369744147886928,-0.35020360107305093,12.557926226642378
2.1777986297809946,0.03236444329706209,1.8163644133193269,6.566270645193155
4.369705410533124,0.03581170747605445,1.8465790890053673,8.842143427225995
3.6240842418026933,0.04332652484843924,1.1742842302618648,7.320929146656854
1.7099361863591418,0.03993306566153121,-0.23561707669609044,5.238025582105876
5.355618293786342,0.04141533657797813,0.5877734195358122,9.102657462374353
4.57598719947867,0.02616873944435873,1.126987952211926,10.585100570301867
4.74338643316896,0.036395561882158145,1.1717977432356763,9.138270913646217
1.6661158258758082,0.02699024245878736,0.9071821733491017,6.289167935619154
1.003223198015956,0.016746935761190455,-0.06275222808570446,6.19548194248794
4.691304203505332,0.0225812482178087,-0.5077232232764686,11.537635514996301
3.9758668462437776,0.038259782646996844,0.5656816707232277,8.15997176652603
3.6085092965212513,0.03274599738945419,1.8639335177552532,8.402892209465374
2.6395722605733773,0.024945952163634034,1.7599438380768069,8.233997389340969
5.098325937208107,0.02777065511185498,0.5394118954061877,10.845878264588523
5.2719309740522835,0.03830348954732754,1.8715201712852423,9.390953213053495
1.2153474024142898,0.0072776063902773806,-0.08048783815356453,10.344271882471395
4.077373775311615,0.008947437140341486,-0.7827087604622204,17.087751687560456
2.6912492884448964,0.02045460251779041,0.1141196608841506,9.181749319433973
3.8042660584296897,0.03773774207420406,-0.7373033729638885,8.036953859690529
2.8262602112410544,0.030354568508994532,1.2318828728525189,7.723924679691421
1.8713128386489744,0.0168383289135823,1.168263719938249,8.438547396402026
2.519904965590493,0.024585754687508676,1.8917904283308182,8.103904209463265
3.946375458908437,0.03269585567083098,-0.6527765488922187,8.794210095500219
4.558952741253533,0.02237955835232382,0.3236222381663767,11.424857160348923
2.4305024005886278,0.023130848685233813,-0.07407091987906433,8.20533341996759
2.1226713034694544,0.03367015414539222,-0.39678344752351025,6.355691543887305
5.411569212402384,0.040510981648128205,0.5450074714731785,9.25165043276486
3.786587560892958,0.02622821536697482,0.9097849194043799,9.617974495710072
5.0164475266442645,0.045942639955831796,-0.61139604943761,8.364387669080179
1.7996279464965061,0.0332125398578735,1.535119386027251,5.892292665667552
4.466876872953425,0.0227177658025666,1.2288203089961551,11.22440093960612
1.170640727826431,0.03928906671777691,0.24204554079220508,4.369381325821959
1.7192297181099292,0.02080463081015557,0.20741843352269074,7.276640811083136
4.416937346421158,0.007301822143854678,0.42941488752970924,19.687428053192544
3.9219042423288983,0.037605248631860703,1.416939397115788,8.174632740753166
4.968153100445716,0.023439704281501574,1.1545429986470208,11.653742318601608
4.18712994222193,0.02649703827119324,1.3085574006872824,10.062445534438746
5.388593491252644,0.020292510404079145,-0.33007747980301083,13.044090766977728
1.5671384000922863,0.0213240751823034,-0.3408995207786031,6.86218723150033
4.527864632017417,0.0123443972794402,0.9188632613820513,15.330480315881804
3.0651271460041563,0.038861601938445275,-0.40874505554966756,7.108989740187379
1.0975637377438232,0.00894236068828431,0.21376831088538273,8.868144748703546
1.8577879720815735,0.04339755170636524,1.0158226454411858,5.237324080871543
4.333592580355772,0.03961523754166635,0.2896367447981063,8.372147999765795
5.305865396974407,0.04952373248696602,1.3964420728403435,8.285436999132557
4.625336998636666,0.04760996709772837,-0.015412274755584487,7.889813534676152
2.572563977865302,0.006046119474062044,0.7289339350889659,16.511583282779576
3.2211391602833803,0.02915977513349732,1.133106915496397,8.413111569164434
4.452293748368682,0.03374263458841905,1.8410340418559774,9.19488708341144
5.456458510527637,0.049021417929776066,0.23956473897800556,8.44513281255605
2.3370450689888287,0.03223800898926662,0.8326094568599376,6.815432604021902
3.0719325936994695,0.02566718840211711,0.3429030904560686,8.757107508762385
4.03798148866683,0.010198509013167038,0.25170488840618654,15.927873928868086
3.221562254538156,0.025506869072396608,1.2529613807387836,8.99598406272753
1.4075606012738273,0.04866204751976922,0.8544108862920909,4.305091154855984
1.922213948400311,0.044515895826798754,-0.5418662456371559,5.260018761248964
2.0624605031889223,0.030495875662478987,1.8430842042391236,6.582884811596618
3.441688553856216,0.032887326459103375,-0.6514922460225409,8.188709957597368
5.331731771619889,0.016515382975013544,1.7487380580109786,14.382481088505802
5.371191080488818,0.024645375786899473,-0.7772086998854885,11.817117907272044
1.1983321133427451,0.024828331488420126,-0.9708297921031782,5.561075881270483
3.4400691203901266,0.03953478092410119,-0.2587310673911952,7.466858233567547
3.602521746299354,0.018706337396227585,1.4254289364324242,11.108435908421642
5.589481920746252,0.049147480005812795,1.159972500652322,8.536486154426152
4.358491102473282,0.013312365587122808,-0.11355287000229608,14.483864515319727
4.225232649494979,0.027406924864838932,0.1656367985675251,9.93891894131057
5.446584365183889,0.019663377567323222,-0.9261048014559048,13.32223370647977
4.748095857420884,0.006866220272138236,-0.6640567832970343,21.04964921895767
2.8411180042476634,0.03690249247251341,0.3547051685318934,7.0236162620617275
3.728093186146709,0.03095418048551953,1.2724964919943842,8.784715763463701
1.4074338211664537,0.0050535983338667115,1.9873835606908319,13.358497727433933
2.0503088041713404,0.040797340159554565,1.4459120897639162,5.674632006050179
4.7335333179933485,0.007500309262567168,0.3214455401229057,20.109307878188744
2.4856703981338533,0.031624643763389054,1.5703763952171186,7.096642680642903
3.9025539284369466,0.0422962307345556,1.2387053076446586,7.688960202487225
4.10264003831337,0.03334411263655557,0.30827916074627404,8.879042087416272
1.4456335292348195,0.02088759595331984,1.492235056864419,6.6593043971652595
1.1998854403597181,0.0495365500938104,-0.8660532776980339,3.9395897857530486
2.8927149040929336,0.036353833385291315,1.853708452824443,7.140386169242121
4.520693630929504,0.009164679532080125,1.916496642144462,17.778204026639152
5.704173197663469,0.02799118097195632,-0.8205114912683158,11.426934303252589
3.4044868159761505,0.03789990055919529,-0.47265650700491935,7.586662820493608
1.846036124293595,0.021819063207491305,1.1644942790649555,7.362851429033951
1.9237528425933623,0.02358148648742338,1.5316006449694601,7.229912446390355
4.398048520425269,0.04117302652270364,0.010533542494289172,8.273087199139562
3.673326804729843,0.009197943838639328,0.3439083742295248,15.996626213072553
2.8492614378814,0.0466074259443514,1.0972740667535974,6.25867760379028
2.2410957388711945,0.02718601553510966,0.3388139747207042,7.26777400558238
4.490051473029651,0.009331885225966702,-0.8244904266680191,17.558400675151923
3.3154137219723183,0.009335896160325836,1.1126934901707521,15.084636481361157
5.187082144855018,0.031008527409801152,1.1987997973716205,10.352970618868703
5.462749894760527,0.04493823794273601,1.9274391807351785,8.825546930181597
1.7365748364701596,0.04476972112875517,1.8092551797463718,4.985383212934314
3.348094532367633,0.021795399958074575,1.889565162291834,9.9211136362717
1.0486061774559985,0.046941716973726615,-0.20557656735210517,3.7832993896532803
2.359810704589822,0.046346981087348825,1.952700554388242,5.711784950267789
5.3581442840851015,0.007552875439973584,1.353944212810287,21.32038439577532
2.34929323447553,0.03597262115261805,-0.8253357725887359,6.468842268619696
4.0473250849746005,0.019500243099340918,0.42379338715759074,11.532089953120186
1.1685186544522173,0.013619424639333497,0.11237171667094437,7.414509641037407
3.0544937656270226,0.04507801321725188,0.6944978651198599,6.589177821507724
4.268463531279035,0.04089779302983003,-0.9180335254699492,8.177674892451732
2.581252882974978,0.016771124809548364,1.2273303633390604,9.930661332008773
2.543672063042466,0.03164915086267769,1.1561102801933258,7.176183221888843
4.274376809287642,0.01709471411225875,1.9601082705975887,12.657544738744559
1.1149420049185905,0.006878641048882618,-0.273372632279957,10.191047011355751
3.0012804829596758,0.034433731486769814,0.7948972697978032,7.473176466174407
5.561752790796545,0.037660303179057227,0.9439690594185159,9.727649734182465
4.98243582881003,0.013863830742635998,1.8938082247138106,15.174808629634391
4.956037834027777,0.01576146218482456,0.3160964687690646,14.194269414103253
1.331428785144488,0.006205649879651597,0.959601935194133,11.724904826502632
1.8837424748184932,0.04013115041512562,1.396758677968775,5.484208406509642
1.4432437539094995,0.015573533906252351,1.1782145919874392,7.705844601930312
3.6890085704460254,0.020434996399666755,1.4299066718390594,10.75502784337064
5.7145059552163975,0.04364851400225181,-0.7487632615331332,9.159011474264362
4.501457448480929,0.03575626704748706,0.06671859107481781,8.981409088299907
1.1867460402029366,0.04797517849523594,0.4598590500046629,3.9812054118039133
1.2294731377870916,0.012572350837912041,-0.9258389588400812,7.915808261760774
3.7226970078705683,0.022545347200587845,0.9783620267393007,10.285949100264771
1.5001339684196455,0.04225156916710144,0.8014223254373516,4.769661856188488
5.438868385691867,0.03972768670282537,1.744629218799104,9.365945489349068
5.790777385278929,0.049420487275957645,-0.015106751641554839,8.664807385374287
5.347352108453312,0.04929766146938432,-0.05197096675910773,8.33681610226777
5.652960516797784,0.031474180075060365,-0.7777822907325206,10.727653887316508
5.933195220697843,0.04048980511368085,-0.9656880367733057,9.68981455682902
4.794389583610325,0.037045911304261894,1.671347505139984,9.10626970727187
1.5905992146156693,0.009308592958512836,0.7889620214748931,10.463629449720823
5.540604656219378,0.03945927254427307,1.4221685367959127,9.485233659965761
1.3511717544615918,0.023469951056721724,1.9865489258350602,6.0735579098639585
3.3023643758541263,0.020691128050874853,0.3681001866292801,10.112636595659124
4.567985864994277,0.011369901638658392,-0.8141328871687104,16.044567386606857
1.2123302388976491,0.02786340165493096,1.1251946976192757,5.280042167651809
3.834819032059219,0.04069940590556868,-0.309710024237996,7.770024565556658
3.1830963423064405,0.04108361207841572,1.479874565300288,7.045869117653196
5.221165785152134,0.0371878282269432,-0.26368093340355003,9.484781341494564
3.2832419521204543,0.025442748427603547,-0.13271166195170236,9.0931304611587
5.200829656999035,0.032034677616544584,1.9630261597589156,10.199294349146808
4.9255702931912015,0.02788403697231248,-0.1077486187900566,10.638843623966844
5.7854486500071864,0.022250722479908294,-0.5352671791734671,12.907450042816093
3.6726479703016444,0.023058919365299645,1.1143893547581007,10.102158208094759
2.336102333681837,0.014540904264331418,0.327055549757878,10.145984950655185
1.0475793289486888,0.04076297065279624,1.769756274326574,4.057929865636622
1.120307644900226,0.013971642544310593,-0.44028464315414584,7.167849969781103
2.067090692256918,0.029176163906109543,1.959076294416278,6.737668824904717
1.391832402393675,0.017844463162812255,0.16294262555392525,7.069451471572282
1.94072360115111,0.008407167057161857,0.2323132963226846,12.16188786340212
4.95552115109898,0.007023198196424912,-0.5719829922921439,21.26283624733906
1.28866855168247,0.02369976659614424,1.9126010860263087,5.90258935644043
4.840425183077478,0.037569813306932966,0.29182974532570505,9.085863900616241
4.1542848240945,0.0233112362924511,0.5260857352556154,10.685859778042952
1.1331588621604678,0.02994931645469541,-0.20342363390715512,4.923749301043703
2.6619296050836403,0.0099260895608505,1.0091651174720746,13.10850542645189
5.777230479821148,0.022396566329243882,1.5748302256094346,12.856214691633028
1.4324164348632418,0.03562959073079377,-0.33484537395366454,5.075434418628011
2.633344749830428,0.025584065601526457,1.5566926058714539,8.121066549778414
3.3988696425286493,0.039106888284571595,-0.6236700467082018,7.462504628821976
5.5192977301747135,0.04072296785097487,-0.9362470071559068,9.318933015334768
3.743128946755747,0.03800663766419129,1.8052023354872015,7.9438614072779705
2.1436730579635226,0.045371921258967655,-0.7184239159196657,5.502115207242251
2.0738532989799907,0.04458214404432502,0.1881295056316894,5.459495725317078
5.888873849608203,0.00557728377015577,-0.48557591981585524,26.01050261270947
2.8987316622377293,0.02658317761210733,1.5598559350561199,8.358811862238255
1.7891667528035764,0.016155192655194484,-0.6176293010623729,8.423902442717456
5.543870081366811,0.012409278508240557,0.2473254027650531,16.919099556195157
5.392038175384342,0.02704203398533117,-0.15024951246661733,11.303183854047003
5.304217812090805,0.04959078902725578,0.6165669212595293,8.278547697997704
3.3696571848519294,0.010274319758059657,1.1352934716330054,14.496404897723378
4.326115567143013,0.036790090976613045,-0.13609217604440083,8.680157736848466
5.785751626831819,0.009613350029735786,0.9376701166210673,19.637513878927106
3.653293270748534,0.03320124255579715,1.5287014025912535,8.396708750545313
3.7008947751786656,0.0399553360930085,1.9062330083165215,7.703888069914762
1.4217179516204217,0.025341993075327716,-0.45210256499634893,5.995567949812456
2.3853391023253687,0.020986472023012383,-0.45778437663061644,8.533935087949965
5.26745077156876,0.040285279118775774,-0.5372957210816003,9.153159787648358
1.0357596057559222,0.03290754347316164,1.096044800410474,4.490820978158588
1.810717320474259,0.00943539976605059,0.6292775760716189,11.08891782071723
3.7483155108601256,0.036735334399827776,-0.12555815666320524,8.085745374345
2.909139746625037,0.03629612202990021,0.2567502613152288,7.166319530923084
3.654509663884825,0.047790097030868936,1.7026681887883974,6.99986381779067
2.4920489086454234,0.031182634574409458,-0.18750327162659608,7.15592644440105
1.3716273006407929,0.04380675475850461,0.18123001042800757,4.479107742805937
5.775105710878589,0.022884224647744447,-0.8217423140430516,12.716156306398382
1.7033888616364954,0.005958174560553399,-0.8061566527462353,13.534564304910829
1.178946885287125,0.04502940056401293,0.16867536145279716,4.095840411237791
2.109443977266929,0.015880470564960354,-0.03322791495448163,9.225635759336653
1.7306683368300588,0.047532653125239265,0.5830756857478301,4.830086248934588
4.467431484532275,0.011022441333285858,-0.06607276277446061,16.115138487699603
1.301407251289652,0.007486366320102361,1.3854552327428928,10.553950764989667
3.8068298828405918,0.028724332626812524,1.571355648692084,9.215114822751644
5.525167642532303,0.007745565340533292,0.09659095596441047,21.379136425666868
3.4198556004146683,0.02363195621398973,-0.8735767929506926,9.629373616146252
1.21982279763405,0.018579258272505197,-0.5334593025092333,6.48601840374601
5.123366821498739,0.04029107150598291,0.13830431819832856,9.026456776480474
4.23087538375328,0.01669751032310379,-0.07703170047957941,12.741872243457816
3.275521846388574,0.04367136734907468,0.9492311788112779,6.932435618152061
3.9554034255301453,0.01052250610751063,0.8089801342552474,15.519573753012905
2.0933814301470437,0.01020570180805036,-0.15088969881718417,11.464278715851716
1.4858393337591957,0.03206814757486622,0.4269674261969434,5.448701025273373
5.41515600267389,0.01206506551595108,1.323535863002423,16.958390585256627
4.6023349342354525,0.007620444095099618,1.7637024010167672,19.671748330328292
5.325543010637784,0.026889485961573135,-0.05219350490214536,11.265090575823974
2.2248650971527377,0.009795310098853875,1.9654154574616456,12.063872442755306
4.083844118777909,0.034110755343258,0.9510222186366888,8.75856383934354
3.833013463018853,0.022955346747989783,-0.42066488886212294,10.343612287623639
3.1406739762252207,0.007506322277228632,1.6286443524846974,16.373510944678124
2.721662551151223,0.02616179534957719,-0.36263994836017255,8.16445794827738
2.8175154870147803,0.03761254056552203,0.45396950599587305,6.928046773904735
4.269124309288244,0.0478457737106704,-0.7874035800830408,7.561215208534582
2.614541657516417,0.028955161376096404,0.7280417125182885,7.60639330474967
5.244035346975172,0.03654384565736091,0.15639634530021018,9.588919460448585
2.436269536189471,0.010396901141197238,-0.1537728055294283,12.253346081320204
5.000994021434415,0.0327279841625839,1.2201299838444495,9.894925512198315
3.2840306628688625,0.019132250725964736,-0.28984627146272524,10.487320960928464
1.8769021966238841,0.01741104018592509,-0.14986013429742395,8.31098411182761
1.7421007148485443,0.013538648907541022,1.7423668837007011,9.080148604926395
5.25225744003021,0.006467779598661415,0.2785006886460999,22.81074061683185
1.0543685858553198,0.006586135019514883,0.4012516293406383,10.128028244819847
5.143167440763824,0.029851443879751936,1.3597429746188188,10.506949630530324
5.727813740720752,0.03838914083091972,0.243916114677857,9.777644365488623
1.6374201790667755,0.04438246071296367,0.15664351255842202,4.862038239049361
3.391759005691773,0.01655198966315269,0.5445307422959842,11.458595268928342
5.966196625206859,0.011032677579355544,1.275862876834632,18.614539960502338
4.872411411522263,0.011196177273235929,-0.9101803986806907,16.698639248275498
4.195272957877297,0.032699720845300005,-0.03515925171512224,9.066759134006732
2.594917366505457,0.028552766557065203,0.22426573719811538,7.631003604605089
4.51751811544621,0.03566792874627382,0.3515109881727303,9.008552127719648
1.825945513232229,0.01698948332361432,-0.5937767698794617,8.298465846413823
3.6404040833690683,0.04411334764743128,0.04816462504031005,7.271663573842105
2.564783029739592,0.04733922196402044,1.394080378499147,5.8919458596192635
4.133120556221546,0.03214587136726678,1.855676753473254,9.076542071159585
5.165792966530079,0.005175173635658025,0.2403458614647247,25.290069637770717
3.6139589707383495,0.0057461181082521535,0.9220141894765519,20.07466581952438
3.061986647147614,0.03322890071802991,1.4788823505330457,7.684005178786026
3.388354058059699,0.029967858516064236,-0.9391476469704838,8.511586698509081
2.1109101594091078,0.04298555595372963,0.5054771533712299,5.609415248378991
4.190620654982673,0.030148260306372993,-0.564791411971789,9.43739290116781
2.5179374828494896,0.022388251037662423,1.496284789791889,8.488996943345422
2.6121073297423543,0.0486686007509519,0.6749698244310185,5.864284999889592
3.1673003880267276,0.01566935507978637,1.3503963070759304,11.38054487640385
3.0837776440066826,0.018952075607334022,-0.5292375050553735,10.210737876726622
5.130799256246275,0.03393195574936223,-0.42830594853337645,9.843103580924854
5.389106743741755,0.007103520184943689,-0.926324368812101,22.047815867875222
3.9390392650854413,0.035214061497107235,-0.48788473810979494,8.466054999576258
5.430122395264494,0.04371118127393004,1.5835184538760831,8.921800904403963
2.7515646530476703,0.009554353385014147,0.21121365937888714,13.584172892756
4.457924691845204,0.01778087901883006,1.7517069776039973,12.674584759378488
2.761532282599317,0.00974659240447439,1.3731267860054244,13.473879210661213
4.362795750212209,0.014097412822797847,0.03992549416801028,14.081752976713851
4.5265735323745195,0.036706177144705164,-0.21275645826144174,8.889128850728527
3.2192963010794298,0.044948147541980774,0.2991592038050568,6.774364588058293
2.7988746318631863,0.04408484727267335,-0.4178642853441674,6.3780958621747095
5.300715334947466,0.04080592176359049,1.4092189157923483,9.123251230816601
1.0755881854290572,0.014574666917097471,0.15206847272809743,6.87650371762771
4.325826718409637,0.015942111918785216,0.41403678527215293,13.185773831109847
1.2220671367089564,0.024508061264046737,1.8243633841227012,5.652454091907064
2.556087630680433,0.045807114489620805,-0.5065470042959962,5.97950717624926
2.1892563530897773,0.026600230496950667,1.461186461304167,7.261888879516929
1.463722441443377,0.044178310847188935,0.8062830872683338,4.607536688727818
1.1483438168666475,0.046327526027079347,1.5264591985330553,3.9852943503799327
3.7362878976922738,0.04775482036186682,-0.787943827501616,7.080363400027452
3.0143595932254006,0.0062513669211407075,1.8467168108450744,17.577375248437907
4.5006401063418,0.009497836937695741,0.3645951618078276,17.424839163384625
3.855856824588084,0.035734974611505835,-0.25608743843950676,8.314912826715359
4.725982095104302,0.014840229904197262,1.916992051746893,14.284653529702036
1.9148118162219654,0.02404280292870256,1.5178869207973018,7.143556611699088
5.612895312907275,0.00609853923510298,0.4345624921730873,24.284241866669117
2.7804296139349005,0.0329979903020905,-0.12819940135238372,7.347780889326881
5.584995791616688,0.005143369040238967,1.2907647964269557,26.377374879288336
2.2043308761786413,0.04127185599426567,0.7288417213393745,5.849993478004658
4.687810030217408,0.019617292444014393,1.1355170935421715,12.373981389610643
2.9339360512941672,0.04718498088653337,-0.5486141331568198,6.312006243892839
4.3529836133889,0.0400759825089346,0.17431518126763468,8.34248465835819
2.8624656781832405,0.04340630264171068,0.3882913455162944,6.500364901689656
2.07592308508782,0.03867187639444997,0.6033563334785286,5.8647836596674
4.542095171542858,0.007825165721741217,0.19597395585740962,19.28525264740936
4.28373585311112,0.012445260826169815,0.6145085454686414,14.850919016987183
5.7415108837218,0.014901215458698821,-0.7846511214107701,15.712534301616806
5.832218008352656,0.010508900568788348,0.61514010285763,18.857417788779255
5.806332944549846,0.00723575136579028,1.5377031252128854,22.67530512605364
3.3707013713142535,0.013900054021274325,1.555840419066623,12.465103375299279
1.70446718497843,0.03529757745260221,-0.147114439446836,5.562446693194425
3.809274375060304,0.015614122019351619,0.28309519976215025,12.502772616190503
1.642417654871105,0.02036498890814734,0.23199848125575762,7.1885898138711175
4.586710870936091,0.04972692632846881,1.4201153770109611,7.6877431349447205
4.0898508565204645,0.008386900192114525,-0.9809014606600641,17.67652890912905
5.7441231758106674,0.04111266387763451,1.8791206207920714,9.461675581645812
4.508018159064891,0.008087839097645603,1.2808732299401049,18.8982054813197
1.3893481394590026,0.022294968576029355,0.1572928986406692,6.318967175061763
3.125965093217693,0.040567743139261085,-0.8351936569101008,7.026606415468876
1.0516659974210154,0.043490699431919425,1.4176505491937408,3.9362684555102487
2.635895145955093,0.03245754694268093,-0.23055476086866755,7.213569293072997
3.1538612219241795,0.007775553867364494,0.4894001678398401,16.12128338388697
4.696055184990923,0.04926453080670509,0.32676425215942073,7.815259628376078
3.241871315321107,0.03449405694712367,-0.007741973834518356,7.760143237380808
4.832251587666102,0.025755923198286734,1.7656440146558223,10.96428201835672
5.4520127066124715,0.047821352929437615,1.921891633834612,8.546956429659383
4.619793427404695,0.04179481869851492,0.1168550791927574,8.415773630806367
3.132645959044762,0.011342699736166237,0.7165958654849578,13.302750002996689
3.802989618133138,0.028737063350151044,0.36181415986741117,9.208425248168295
1.7840149451303535,0.03361241300951737,-0.37419203611111285,5.831676014093218
3.271477708192858,0.032916147842150925,0.8354280898054802,7.980157635968191
1.267118940841684,0.012514131921087163,-0.7507510870371736,8.054754658090786
3.8037304850701386,0.017872757069922016,-0.670656322886241,11.677586209718536
5.905425047406389,0.04194133184159748,1.3379401774099926,9.498356414628235
1.0249476921779896,0.03436179935793106,0.49855173524241847,4.371765835931469
4.611460546709032,0.02612414591301806,-0.11141215074074884,10.635114941974688
5.3503207621005195,0.04633751522356779,1.2754645952036472,8.601367995867642
4.193778038816911,0.03418791641577232,1.479495469632555,8.86564615006454
2.4593568073863086,0.010996638571090178,0.2968736382113908,11.970844373928664
4.56692785355189,0.01904251449421763,-0.5546067810038693,12.396352513998881
1.2052414921910999,0.029515426772144256,0.5037240447074227,5.115127852526549
5.952066346273453,0.037737497248242796,1.1609596897371568,10.052899116425973
4.006857483015279,0.0237869562498523,1.0440434267247087,10.389065888767188
2.134491042290507,0.03465329101343446,1.66137670118295,6.282303524162874
1.4868214934620156,0.015339963543176963,0.060134416281592884,7.880635510580407
5.322079838026257,0.016757836898582658,1.3249671274297188,14.26512898035129
3.161959666622214,0.005523607525733241,1.7843978741174995,19.1518506483657
3.7455097733911282,0.010326542698457827,0.833540956053374,15.244808893484079
1.3340594197353708,0.008028855699922675,0.10442773241398129,10.318219212716894
2.1321915807594487,0.017587844126844377,0.8086636832756808,8.813548481033255
1.6813376664078352,0.03431861449790408,0.788815608657554,5.60281893608589
5.6766261321568,0.04555193328352816,0.293514365343327,8.935847098079773
5.960386935924619,0.018896713008733346,-0.4572375517243432,14.216349216802456
1.9622643981448666,0.021246004292213346,1.0217298383851263,7.692794293443584
1.9994807640189025,0.035858576149735234,-0.5306209501008676,5.977314188545468
3.1130473673220305,0.028689694229319045,-0.44179766876632387,8.338230458705358
1.878292284213178,0.01451226363664175,-0.5741260029264741,9.10663640824727
2.7748706046018636,0.0485748886617718,1.8413330000976025,6.050056785699896
5.251789851942617,0.04191539498615564,1.2614800212382744,8.960059177954962
1.3914010326839925,0.04119195643495283,-0.7375882906034593,4.6522595991087545
2.219722196306498,0.018910818483473094,-0.8236157066859355,8.672376803058473
4.137661411818312,0.02693752373392002,0.05699003718058293,9.920707135171552
5.007911562446983,0.007009074556829373,1.1465399172611832,21.39646242016092
2.8277331233016474,0.006681038281569344,-0.6930364172702371,16.468013682220683
3.204235926134213,0.011980204786896532,0.1918379003654498,13.091038844517495
2.7526677516624494,0.017684489657806075,-0.0355387825930793,9.986760193559512
3.0058455830843682,0.008794806723289536,1.552932675581487,14.7983799243021
5.007181703976468,0.048816799265082866,1.7281942848841219,8.106922383852334
5.650071687686582,0.019272837520273735,-0.7260398663851568,13.705602715077891
1.8122459848134755,0.035564584435070476,0.13174632298939137,5.71404549134483
5.952802601780244,0.01158973478020393,0.6496665570761826,18.141282301790206
4.500073962145234,0.02111949674309466,0.2645853358072805,11.684551122056018
1.359527952841495,0.045666721513036836,1.7946097561944812,4.367552593607017
2.347232976305037,0.006634268205989257,-0.13045142827955503,15.056553659091758
1.9903147864097186,0.04826996518321983,-0.6027705007432006,5.140038614910509
5.948401958493319,0.020967698843967778,0.9106738623746518,13.482448143133778
3.897031934347076,0.025502212406492725,0.4220481308920536,9.895142269028447
2.1871432187426016,0.04177799228829619,1.761465920855299,5.791736809793166
1.1935551424651885,0.04932851645014185,-0.396463004116286,3.9374604698649613
4.299650345693967,0.005574827834110727,-0.6836793571731894,22.230274715070646
3.049433440292958,0.04431829762164365,1.381843636016736,6.639907573940685
4.856392315430965,0.01805300128429021,1.145449003767661,13.12883423095288
3.4013309340260083,0.029585614306493268,1.4964659347687244,8.582783122630808
4.783614694989311,0.007016109402585979,-0.29487657013189783,20.901329376674862
5.982186362860929,0.028146922902307577,1.8620704554583511,11.669667907851188
5.368737472474116,0.03589525893551477,-0.2622693212345343,9.789522938628833
4.293799462577313,0.033902559763410965,0.6359372818708806,9.008419941028686
3.584727387634514,0.04497483300641221,1.3900481510333336,7.146399275399881
1.6983848933413817,0.03140337535124963,0.3062110710120767,5.886726838931049
4.04509225123995,0.006922120830334248,-0.8825238507302399,19.350340743481148
4.690415396232717,0.01133863612486775,1.158061461520583,16.28055605520975
4.0166237262805256,0.005586829811700553,1.9213699951763288,21.463070071348024
3.4032868189552143,0.036413580725102854,0.9145439837842337,7.738585261843304
3.683347976373937,0.019441446339391485,-0.8790510137940194,11.017957153263325
4.429076978982515,0.008617582437889085,-0.9602528351524231,18.147127086950785
3.7037490770522647,0.045585220621815074,1.6304583412864173,7.215272492639
2.0432980766687807,0.03638033781451863,-0.9502076581286116,5.998967223650273
2.0304644978005433,0.025935995202173347,-0.15964457810678034,7.082559494102926
4.853300429098655,0.009896740795104955,1.7401855592014854,17.726234069531348
4.2950293276949845,0.028127509667328375,1.6007478342214259,9.89148314379903
4.668342002412636,0.03360579300001917,1.0038889428683846,9.434486083589988
3.285173060760362,0.03409127708644727,1.4446618571148226,7.857809229359617
5.881157962900502,0.034343923408082205,-0.6678735987295333,10.474913816003193
2.145472875804466,0.030070353184127454,0.4979852275136192,6.761393929712734
5.118369041531558,0.04011145893338601,0.5732922374369527,9.042230183848508
4.296707112054298,0.04565925790882066,1.2703296673250066,7.765106932457508
4.0127773721245354,0.04182694036197292,1.81795421664066,7.840404587057311
2.9650188944151283,0.023692985286943004,-0.37203456597737716,8.95463379801881
4.672687939525099,0.015634372447084547,1.9953438369140484,13.838440537108516
2.9706227974591854,0.04287232698790589,-0.7946191267438001,6.66314426454039
2.3532106888583764,0.00510102565608721,1.411597149406612,17.192761632766167
1.994256295441245,0.018657824802669254,0.3732249198096056,8.275685354251504
3.8193665353936486,0.0476597033320428,1.4704479042118046,7.165788598436433
3.7924322712538157,0.0286501422950054,1.6912809753321736,9.209573427050097
3.0763944186317285,0.03149278766840034,1.1085810849669997,7.911511151452992
3.5110828055601946,0.04518982377416658,0.49963598263498743,7.055766529709213
3.198878381129572,0.035061448372072736,-0.6172326030704448,7.645887926523207
1.0278736253609475,0.04652806385779582,-0.9734902197179272,3.7623254514977225
3.208349229705202,0.048335352361946304,0.29749114529571274,6.521573043905799
5.865275751875697,0.006741654316939308,1.2243128085429924,23.61048820154727
4.62464747389064,0.023860314743680045,0.9227562237256701,11.144105687709072
4.595825015335148,0.043769197698032926,0.45858080437049886,8.202409343939111
4.738656011304639,0.022791050427731323,0.31171283585781073,11.542221662571954
3.438415402266979,0.021700383724932906,0.3365771306116112,10.07603006681759
2.076807607730045,0.010085425787217496,-0.02414891673001618,11.486692727934381
4.031761407528911,0.046156298688096384,0.8822149736695022,7.4812800792767105
2.7171850001867677,0.013782925354283333,1.7986716740911723,11.23913510580849
1.4132546896234635,0.011066567622187919,-0.357043410475012,9.0458157236959
1.2929067699781274,0.02244043957390941,0.14166717931667483,6.075918147461731
4.346933299975543,0.017538799338428872,-0.5211043375471424,12.601886048560917
1.2988056757658786,0.03923311290425606,1.310654434651155,4.605636885198281
5.2528453796210535,0.012154797711379391,-0.6669460810793002,16.640540584347562
3.0321728676503374,0.01540009479741659,1.7958747504335646,11.232056289701644
2.437026894969337,0.010151977882965667,0.4289529303593218,12.402202533542857
3.9407362551251626,0.01201833718813366,-0.21366900019642154,14.494741756530471
5.491429417816875,0.03316678472896046,0.9799595175549198,10.299947396539588
1.122628593227491,0.03540312560925031,1.654183819111335,4.5075570955661055
1.282207454896798,0.017164448671298644,1.0885380859307743,6.918440485819783
4.757930482755233,0.03769933848175278,1.2165418070738712,8.992618534350697
5.604811140978456,0.038908363728925234,0.7867676931962702,9.607336400394107
5.588036518766393,0.04397696117750125,1.3117528848093407,9.023208639160208
3.290669956083446,0.046245996964288834,0.3747669342940336,6.752258801019447
1.813365107753055,0.036924797845753865,1.7043827776571012,5.609543937097081
4.294758599447948,0.036480090779927435,0.7509167661906591,8.685311788094983
2.975196716378298,0.03567494305826444,1.263685377116904,7.310047322774794
3.8315269148755946,0.010313826390402086,-0.8449900203167159,15.428369153568685
3.7118650933136177,0.04855478972175861,0.397556636486069,6.998807405220598
1.673478195681961,0.049757761975528565,-0.13228143352390276,4.642197353783134
2.904650992314391,0.027236574692589943,1.5072128659229094,8.266367782589395
4.6427293967788446,0.044840762210646694,-0.6953490971800723,8.145058020721265
3.9288059766870713,0.007892009600245855,-0.4791349335143602,17.85995984759516
1.5411517994412884,0.038812806095876985,1.3168881756113633,5.044047611430618
2.4573026332819143,0.04605599798098119,-0.6058515629163945,5.846961228856114
2.067725708357248,0.017124597670314542,0.41614101676211046,8.795899630594013
1.8352748614074283,0.04917990901710647,1.0654726183951846,4.889907987991695
5.8796159667306025,0.012182709167655056,0.9256592514831974,17.585168405329444
5.617683114765487,0.023973474747034956,-0.7593395436401782,12.253414242355175
5.896211080626406,0.04141892143061235,-0.1910848439394368,9.550609941042467
2.28567551815952,0.024910008138654332,1.780688610617505,7.667686416017083
1.8910376732215384,0.014388204150905668,0.6690604295818527,9.176789810765538
5.44906293815163,0.024375642233120783,-0.5669547878257324,11.968145717715235
1.5151652461856138,0.02074387022819153,0.054702301551605936,6.841149739714618
5.760356991217962,0.03317876563867445,0.3894571828059825,10.547233892344858
2.8881811497110066,0.02693594318005115,0.816950612760937,8.2887704167886
1.1181844871765012,0.014044950786570413,1.1595327862933575,7.142341480513878
4.8084273215991695,0.03301897625561878,1.0664700005972971,9.65970171325834
1.8239466225008183,0.04601776242168023,-0.5974248373054609,5.039498302250306
3.1418927747614482,0.041399116513286996,0.28761498593618406,6.973392863480042
3.125076499651472,0.009003732175358412,-0.06458940042639894,14.912931816799484
4.624244057752601,0.00912588462393225,1.016635746190191,18.01884196908977
4.327411393238645,0.015499551902355642,0.4535339448637592,13.375145354926483
3.9961495741356647,0.046312924499960925,0.8707858215992124,7.435561231276931
4.223994805376206,0.026443902900388613,1.7426250737725626,10.11679385184323
4.138948873969058,0.03970783801091767,1.5208112945614078,8.17242417647749
3.4068836973160774,0.026722535599309368,0.7956905415434714,9.038238798591038
5.500029355563292,0.02051308052538716,0.9249667181799412,13.107233945106046
5.820207079756208,0.03614482486283053,0.8046756990494492,10.157577528390158
3.3431198682446106,0.0338457921260088,1.7449524672696288,7.955502611425249
4.467561323918362,0.010822058951979675,-0.6158200050478766,16.263885319007258
5.2303988577515685,0.03346562851959674,-0.4154246369600839,10.007184364509722
4.126662983114796,0.04651602297711821,1.601311659715785,7.539494047902819
4.98079166341612,0.04279202162978582,1.2350357187243741,8.635982940138794
3.1392047810353936,0.04476028161395223,1.580104260567949,6.703589439949915
1.6419720248077254,0.034873074786186536,-0.8028913299410059,5.492647722425389
4.496923324939704,0.012242434914315124,0.24786194269894324,15.341500167731954
3.4091945303206908,0.048266893082092845,1.6245866084557767,6.727368371027932
4.8030987389272575,0.01669240709843443,1.7978371467359122,13.578295727778015
5.929450578274214,0.04357226168320578,1.188617499218676,9.337834338795203
3.9617315612531367,0.02918110906787226,1.697735968367125,9.326863384369407
2.821268068462076,0.013634009005615181,-0.8466908567554668,11.514746417716639
4.627689123018495,0.012700290428856743,-0.8269080307196751,15.279855658704195
4.59635038273969,0.0409821009148886,0.5632784411875389,8.47721981193675
5.167275304259651,0.04327410551867219,0.9833659324844608,8.747032500777959
4.557452336381285,0.007611229470571602,-0.5992500459767136,19.587438665203123
1.2175577477059303,0.02182186098547763,1.5825330299561426,5.979197261724943
2.7021978918459393,0.03483542741062183,0.6683208378081011,7.050046693764856
1.6646685882187562,0.015937839821711798,0.7639395097335266,8.180750605061728
3.322863412784087,0.02636600130676176,0.38685252227942124,8.986241793644258
1.2256912010119536,0.047079815893464196,0.33755627535307164,4.084295406957283
4.446878429243814,0.0070498982367503404,-0.510206443380923,20.103894383081848
4.66492269587571,0.029707921887991318,0.6729118163069949,10.030673139955036
1.4729029781091132,0.019729789868442902,1.540351581843598,6.916236411411384
2.7364896475465117,0.025839325135638483,0.2848100339113431,8.237592629018168
3.801043252094338,0.00673491090674966,1.328017297672086,19.01645096737474
3.9836929266118872,0.005253615932983476,1.7135210228152804,22.04234303192777
2.2957957820245083,0.014657718826883052,0.4120461278030889,10.01791686392527
1.8904253538700653,0.006038678886516191,1.4752496117993057,14.162919552842553
3.4240667092821364,0.030497409581235865,-0.6822251054181505,8.481713961056018
2.3365449656002686,0.039908790019233094,0.8538188551963888,6.124868669955998
4.212789372053633,0.007152037108609118,0.47333177954697003,19.427368733877266
2.295476924960347,0.045575678587235095,-0.5323314839110361,5.680857344665221
5.524734015426312,0.007274840823627086,1.091975430996806,22.05910709377478
4.241441906506303,0.008939402999662975,-0.47127682414611527,17.435985255578156
1.3458221312103509,0.011613845637856234,1.6973477788734423,8.616875097978165
3.973697203945191,0.022423537964134974,1.6111331134410198,10.655879653899888
2.406714014697595,0.017522152320347498,1.350641871902062,9.381288837543284
4.418528348836168,0.025203395719090544,-0.591560063277822,10.598716691307473
4.675141768506272,0.011409307259853705,1.4292604266423208,16.20360859684674
1.3583522796834684,0.024110947385254714,1.0817662497822695,6.008181725797762
5.753949471091496,0.019032293471165827,-0.755515792072362,13.918147949949402
1.6382416715377501,0.006642230921153997,1.611397272124801,12.57117838567726
2.259242208291349,0.038178299628178314,1.101374749970088,6.157679707691837
1.8443423945010569,0.03861808217764401,-0.6324247186324365,5.531837488242749
1.7399312237944287,0.047127186207147884,1.5083585550466934,4.8637839516804675
2.439106864327091,0.02891967157049354,1.0699661496756825,7.351275953347714
3.8799506123590177,0.02613841190560502,0.5288465084780412,9.752534373795978
1.6721411292391855,0.023898881450378717,-0.5847155005494897,6.6956333964204795
3.133040770800498,0.011750844362894506,-0.5250995029597019,13.070508259295478
3.735084783910708,0.03045862666864355,-0.6212141578407537,8.864190135985485
4.410463866659461,0.027779930312756614,-0.20359530177817176,10.086036789665554
3.0245304074980157,0.008911588639978018,-0.23086319400000865,14.746718893436634
5.108446219370107,0.024927138043329643,1.1762116179536877,11.459144426438229
2.5845582121004047,0.02061741465173572,-0.7359010736037535,8.962311740818924
4.974542174353502,0.02148951295830014,1.3564069202265272,12.17887749399673
5.886481798140964,0.012326522850258445,-0.22725875163096376,17.492488613745824
4.77060773435438,0.030763749706718024,1.547962091009167,9.968072982132256
5.416532322072328,0.007808390599772285,1.7331288538550975,21.082586665118598
1.2075570878103257,0.03682115231990177,0.3143251031715626,4.584047800154449
3.6297734381668403,0.02056972673462796,0.6563831159158073,10.633334787958258
3.723504792623351,0.01933425021436993,0.2361542309121154,11.108522037917844
4.933170322919246,0.016661509361928444,0.38578329930917343,13.77367635772295
1.934835165784894,0.0491035882980558,1.850235248104736,5.02469101704295
5.248379272853076,0.026184691590226752,-0.7802752100339156,11.332686216905142
4.806417247575046,0.030818103041729952,1.1220124514626173,9.996587529205165
2.8961924421224974,0.028091956064274788,-0.8588513093787329,8.127682077521493
1.028598577084603,0.007992910177294279,1.1189003212907696,9.080598696065104
5.526032172527546,0.015105849561754977,0.37596861508332746,15.310103146378383
5.129955615830551,0.04912873972102735,-0.7191512624872907,8.179617243298523
5.132579065579555,0.014757270611266287,0.6074880041189843,14.92824634757716
2.601503450314633,0.023703706785922124,-0.5776872993115542,8.385868727887901
2.463052850256507,0.0245671573225639,0.26250798375563766,8.01499769116533
4.473874480866054,0.036723071292482014,0.6675087573087173,8.835200092655771
2.6317666807872873,0.03404107109821642,-0.4375019793869551,7.038272438158671
4.708645913593726,0.032540356656268886,1.966442767121967,9.628992577270681
1.1609519487635107,0.026556739627513037,-0.33728299836067754,5.292534946710737
3.5865556909834053,0.04560969345915364,0.8482797202272834,7.0982975839863585
5.847587658820444,0.04728310643800669,-0.3723466425863562,8.901831296307076
4.935701122607615,0.015017319801441407,-0.5896838892618425,14.511830654868968
2.191647850600785,0.023010614060413086,-0.504630136468313,7.81205464453785
5.972424393442732,0.03501408068775654,1.833894360041322,10.454372151534843
5.327704509593114,0.015966557698650494,0.4177139638411953,14.622054797530534
3.980255299054542,0.03570956983839993,-0.35711094015850275,8.450981383331488
1.4382371360079946,0.01981536132974651,-0.195250904375865,6.819589616586025
3.928111161937126,0.0436190580271792,1.6689510485672434,7.596223480156855
4.514226992209279,0.047124054666326874,1.375448512571329,7.834555488042187
5.818625049311466,0.028287306717919108,0.9470359144879743,11.48043584777609
2.271383704518578,0.020589712946803652,0.5443193565842983,8.407446194662096
2.2816571282776352,0.0457602761211406,0.2570685241545154,5.652295553532062
2.97851467025106,0.027578391466979612,0.4282642106325998,8.318775335111185
1.2387462576624,0.02905832937343292,1.1403064772601796,5.226366318709862
2.0306896093632103,0.035822788401620835,1.2394322877557369,6.026790140936172
1.7754173406673326,0.016625414898275265,0.43397719023921133,8.271951364529857
2.9829914869536003,0.044903313704622444,0.6874420705057536,6.524253104826371
1.6898108360357889,0.011078302493113801,1.0829700434995115,9.886132467028856
5.122485874865344,0.015702933519913163,-0.1543179193874713,14.457525881968023
1.0415873874469002,0.0358162894889273,1.066892980130536,4.316696847187392
2.928887797882471,0.020192581676181928,1.49582032059913,9.640497203118533
3.0796311274287733,0.006334332128962323,-0.4883723378855642,17.649927447688082
3.021664613831099,0.04715374687522477,1.1372114091623202,6.40780098901341
3.6563062220443747,0.01128601876560823,-0.7063842497048305,14.407707614113987
4.841539673913607,0.00688821137625943,0.5298396184855751,21.221814027979068
2.105022851333426,0.03230726018944137,0.5169018568093207,6.4613361008789285
1.146669235921477,0.01939152256238498,1.9681173430439793,6.15541183556031
1.930099639250729,0.03423377467735229,-0.28912966769709514,6.010442691247884
3.1736821336170458,0.026471512613151282,1.0734175238701233,8.76468523928131
1.6527916848467532,0.041853637091600344,1.1109357669351536,5.0302138333584985
2.9140910978840084,0.005400709091304453,-0.08776739018703172,18.59388580872373
4.951451181690636,0.028453823066113947,1.3864287115984295,10.559416667314279
1.2899123094124199,0.032788307474953725,0.8146899784122277,5.020703605327386
5.001913000611972,0.02298245483388408,1.830227346639584,11.809019749349751
4.798042404914906,0.01568431730936869,0.7808133583589636,14.000489516590322
1.9073567612441749,0.021149760806807145,-0.8160913022147669,7.601638738457793
4.959593523365501,0.031128384553665137,-0.2675675096667852,10.103893044458493
2.96849895932127,0.037307341253088176,0.8175284096331761,7.1402807856403925
1.0003058077498024,0.03719915881023151,-0.44947230432683705,4.150914856859515
4.490877267815158,0.008049130215364755,0.3703211458124658,18.907543412715402
1.9455027027812157,0.00756203222681615,1.980864180611722,12.839279318661339
3.957856333453375,0.01583965497090182,-0.38116821571896065,12.653222470149847
5.630056067122646,0.024852231066462283,-0.7142631086892703,12.048074884134692
3.7749937951100927,0.005248410844179865,1.7604003346992299,21.467832530056267
2.961707848772889,0.04899700476257654,1.2460690953962539,6.22343749204895
5.0130641582219155,0.01588954938206904,1.5816932860908919,14.2180432381085
1.0483259881607667,0.028496116326136262,-0.8927982250949784,4.855112843359934
3.470362918650875,0.04633469726546444,0.6803533426750006,6.927527714337828
2.8240783408603183,0.008781567533209536,-0.39373702557595025,14.354773258211534
4.189211851020369,0.018734878531363512,-0.055561498454800295,11.969739823930647
4.551867569375321,0.029960647742746052,-0.7449681385726652,9.866501804571516
1.8129799192721463,0.005479725346633237,0.17004228444464764,14.55999047698786
4.988276481741396,0.030882763302303603,0.47441730647227076,10.173284074148855
2.8392623672672865,0.029539717431717846,0.7815000725820656,7.847721537481236
4.105149260852537,0.028712246780831698,0.44862781831950826,9.57138701059677
4.048715280540888,0.0385855507647363,0.2620793652063129,8.199554489148959
5.1152981022865145,0.03609218327635124,1.8153520130548757,9.529560831508144
3.0072103643184867,0.027245637483676862,1.4906534724461125,8.409640051313627
4.644427643288619,0.036905905487101334,-0.6737340236387122,8.979706824426605
3.894162955983962,0.047826622763195326,0.5025165276903807,7.222976352086743
4.971093928908589,0.007705473225134109,1.7574691415208692,20.331541930162274
1.323804503670019,0.04254058393624924,1.7181007230749161,4.4653365125937
1.5311575572912668,0.04972083185143411,-0.25657030123790525,4.442063247277927
4.527254991930806,0.021020914482665087,-0.8778169251109205,11.747235226609776
1.7643473834807732,0.03116260749000857,1.4509419979756397,6.0230871036433
1.8513868306714831,0.010588310569002543,1.4612918310860037,10.584716713932421
2.193830744032222,0.024532036536799265,0.5940282406872566,7.569701384906902
5.316692990881595,0.041911247524601875,0.055254532972771386,9.015700729009863
2.1004336417453775,0.04812658913785583,-0.05291481073485593,5.288176366825245
4.955108379795579,0.015202701184950582,1.1485463391023454,14.451408884454093
3.1116463887010304,0.02779092502718162,-0.2702415617422187,8.470081849613907
2.3164564087780715,0.031688528009020424,0.45207513889901807,6.8439215516712295
1.9111466808310835,0.021259810879971322,-0.829748223302056,7.589467430001253
4.100720581146007,0.0380658310293425,0.8504171699393166,8.308190020806538
5.3291658735438014,0.03632159944533644,0.4652125566216758,9.695966949122855
4.908115143698426,0.01355295248473692,-0.6143006083963962,15.232963560388946
1.1096848343910262,0.0423926284871845,0.20690172104622784,4.095421845404256
2.627580460859775,0.03486779768106296,1.4734448880752131,6.948798894270312
1.811281845464138,0.02580970458740817,-0.22475484804158163,6.7057211522399145
5.975498489006067,0.016560416123293824,1.642769366763818,15.205315556471568
4.28850215249026,0.006777110322001201,1.1508062149436427,20.136061464830963
4.698850311564537,0.028859229423275443,1.8489186430380093,10.214037063939665
1.6032911322292183,0.047147818085394005,1.6548219355992315,4.667876802786894
3.3044831515968998,0.014490838497354129,-0.17740211636363412,12.087848342137283
2.7313364360266346,0.016177163684774988,0.1652210400523204,10.401126992714925
4.70191708115966,0.006832113562060498,0.9193912861995082,20.99925727931867
1.438544058041193,0.02902921335421014,1.0671940189971973,5.634922402359966
5.4326480166955555,0.00760429854559354,1.6798605856479347,21.395389352013005
2.2331573703970897,0.03555203193133968,1.234521172536101,6.344120750092215
4.45386456765163,0.017162127350515644,1.459398546047642,12.895165876633765
5.970954953932926,0.021584848704157254,-0.2327159633296081,13.313473638236152
3.974650820188078,0.020501626296702085,0.2506511006857499,11.145494036548662
4.004418725968961,0.04432861551390888,-0.8806738218843431,7.608020038225268
4.451592932613559,0.030674327740665495,1.8989025007508946,9.643044815000737
4.452648937571311,0.04909872694939983,0.9712900118071499,7.622862769487678
1.0588886874707464,0.014279445739402201,0.3147044148883862,6.893082379003977
1.2868036713767488,0.016571390869420614,1.7206314974178532,7.0537596076279065
1.8312533404514926,0.016875443596690378,0.6808841583556129,8.33855131652928
5.892359039676183,0.007107446485854783,1.4267246064285675,23.047922845633433
2.3664093031748883,0.03639119147171331,0.01809785712939438,6.454918812978537
2.5051571990258275,0.03030495750097533,1.8121056171343812,7.277875829015743
4.735884625917119,0.007410058013134161,1.8707543737246786,20.236422706084404
1.5500405714306562,0.005063147718772163,-0.25467861976700157,14.005713024927662
5.425426108472928,0.03449900238776024,0.7416285843398516,10.038241688122458
3.910639807068494,0.020064073347465062,0.9552784774292022,11.175278234011682
2.9340690519719,0.014655402642274825,1.4039647019790724,11.326097023441742
1.842773457015285,0.00840288254092152,-0.31145014143720673,11.854024414366085
2.121485414739994,0.025049613692134844,0.7684051689037448,7.366539103522447
3.1153822008788152,0.0486938730310566,1.910527443774205,6.40269032956324
1.7669411409011921,0.02383506409953045,0.0768657939104791,6.892025395246807
1.300887766275443,0.029773127224679483,1.8482711130304703,5.291169545312364
1.1010561272938033,0.04146724177241626,1.0511149490603597,4.124735878205803
5.3554635817168075,0.027218109985290676,-0.45296847266712903,11.228287974749135
4.462550152556982,0.036514253770325716,-0.7127738368331945,8.849206505725341
4.680920471612588,0.0461373730159673,0.9211517911590255,8.062749918881032
3.992730197495389,0.01349515418740901,-0.5998547700192216,13.768608348007705
5.976113468203155,0.04686960951806903,-0.009154397819237436,9.038736782577981
5.579386985862513,0.037193501076960206,0.3806827264122945,9.804009011056172
2.1734912685769867,0.038874747987881,-0.31875887381001067,5.9853444182663464
5.320819657450209,0.032295174250421756,0.5596658679739677,10.274588642331333
3.6269458350732644,0.04221289420448229,0.4030478542890368,7.419795915496502
5.577792871731847,0.011037583481393942,0.1153626976335902,17.994433573200507
5.332766152194346,0.015549526541890766,-0.31403661571278285,14.823872624989038
1.164543082659108,0.02014445693843453,-0.06235725307129991,6.086168721254368
2.2378762840765116,0.02127961424305505,-0.3452078352440713,8.208809009489155
2.375436071255037,0.03416436791839715,0.14436517129407012,6.674657234074385
1.484025252308715,0.044276378463669094,-0.7466677926641113,4.634240728204115
3.932165385167772,0.042222576534886404,-0.10461550538989384,7.7248047622273655
3.715051354861364,0.014788049793183843,0.6054956235110556,12.687350809071537
1.7988053793149428,0.034612295298685626,0.4303030542257442,5.770598764177426
3.039328472538571,0.030189984498287033,0.9332172822611229,8.031586924229225
4.709624877330853,0.03542559399118631,-0.0993022196343093,9.22950857605761
3.8002045450907733,0.014855233872208596,0.4239706587878851,12.802881609372294
3.8628096214754573,0.017088086023126683,1.6972466616361768,12.03507860513386
1.1416502269555344,0.03585531347254036,-0.46069579996771703,4.516830168356313
2.2604611379416824,0.045421023904885394,0.8414906639707791,5.646951427890605
1.4683653790070526,0.04843200408774353,1.476364789852874,4.407525541329079
5.64492931391744,0.027315120479655584,0.16933224537417702,11.507253579802677
1.9029110350069638,0.010348682516989727,1.1380365889394088,10.854521925357046
4.529984591517821,0.03745038027888747,-0.6343752152646477,8.803679754474958
4.71165947331051,0.03693165721956639,0.8760144760765862,9.041313727885889
2.2011331759509085,0.021871932421894207,-0.49125020176744494,8.03014841066969
2.853660479932786,0.02383749622637917,1.8615230365497775,8.75819925499419
5.719801702124144,0.020040429954421977,-0.2492218538486317,13.52324632174083
2.991105896548579,0.038233638422138595,0.25952945318633325,7.080062147616094
4.1792525688159206,0.03080695481422609,0.527790201199116,9.323283985922664
3.1614646183382256,0.007646597843944918,1.3350599769347822,16.276237845243205
4.672414903942378,0.014965660997158365,-0.7038272029377108,14.143820574459681
2.145995365201994,0.04702739408043589,0.1966188677866374,5.407330597163403
3.9253011844581773,0.03639662700316076,1.577955898001684,8.312849414062413
1.1751982468516695,0.02650462224299171,1.9951711417720754,5.330141614252231
5.282218257023468,0.032138859548172735,-0.08372179948293734,10.262116244733852
4.562308044344792,0.023927535960897993,1.4131170743298824,11.053181552865189
2.799686697554771,0.008356962207904167,1.5705810605798254,14.651243542033985
1.577020691502034,0.04061250372319711,-0.22650516322943104,4.988073031215853
3.953871129191856,0.0105935354433771,1.9022996970529311,15.464460824854278
1.0102727057825496,0.03831725082258354,0.8819412509005349,4.11023003774567
3.164985666750411,0.009759701077091369,1.5367832977291944,14.414899054169517
5.773127999932963,0.015274679572546947,0.8056124546908059,15.561932555876808
1.3551501449726815,0.019128800569309354,1.357473511649319,6.737423204508921
1.5250926700145104,0.020641675588422614,1.623581908821023,6.880494190190331
2.140608955560835,0.02602269674945779,-0.7294827953426475,7.259998121817001
4.534828282582612,0.03381602645055949,0.030555898958747774,9.269645501033493
5.695334463418796,0.015640462581031012,-0.20566598311863382,15.274915262626475
2.1719598981538324,0.028848997948648696,1.873912012944146,6.945516134604513
3.895533880178804,0.04264275583906483,0.016074061941557583,7.650764794788408
3.126085799137834,0.008475157611897951,1.7812626889765628,15.37342186010554
3.8135600948153723,0.01781643971252861,-0.8881171031275656,11.711130640242066
5.9287789874839545,0.02136994794330658,-0.49482688997826174,13.332908176238167
2.512008682550179,0.018293922175602415,0.9404296539243349,9.379963408805558
2.36270042537462,0.03278379161767499,-0.72497650088655,6.795457946194048
4.407157227777854,0.01982216707895496,-0.7071813228294519,11.935694540039611
1.4233634055529913,0.029220616464774744,-0.3600305173045425,5.586723797067091
1.2871490645222243,0.011796705859039323,-0.6097521953385507,8.36138145831285
3.604336884248211,0.018966400652166544,-0.6819653141769424,11.034793681761306
4.085534817085552,0.04761205487524027,0.2957951974127404,7.414980016767392
3.803121685119362,0.03001099282191581,0.42756128964089846,9.01101928035529
1.6840250266522714,0.027592933569319685,-0.1770278890112429,6.253444830134994
3.7311828566020164,0.04076761241963469,-0.010185155581144523,7.657898709220052
2.0171518493419347,0.008886553339598624,0.28909923444316155,12.059980625236062
5.631352581032103,0.040957405736491044,1.9156811525400403,9.38607735879276
4.9110006146286285,0.049582313004574746,0.8378101686872381,7.9664639030307836
3.4302539201536515,0.02766679533293748,-0.8952333295549314,8.913077765357983
4.361608067994874,0.04810649386484909,0.8193220632939759,7.62193877261306
1.4031349247779845,0.019900108755291787,1.8025667997672032,6.721496581427297
4.351099546716357,0.024904350827149528,1.9956766505634365,10.580492571836182
1.918219169257399,0.021917808412821305,1.6385760583161222,7.488494926416197
2.0024955742702817,0.015291229034824817,0.7457475630814423,9.160276344536912
4.405995363680534,0.03260916796381014,-0.0129699468657547,9.30456659882481
5.881951202308011,0.04112187841239584,1.7830595920338546,9.573444546395763
5.061915287921092,0.04091058057203662,1.383604099956659,8.903968292955781
5.265957657294793,0.04840949867901311,0.0012774687092189652,8.348671606235367
1.5736093182366928,0.024901257516847623,1.1555762990883034,6.3632913635430945
5.917743176965272,0.03841676668532005,-0.346266992083917,9.934857481127562
1.075120457757264,0.009610349149643042,0.000550977167378619,8.466481613807593
4.4220586413212235,0.045405481556332325,1.4146410750320522,7.899545328368391
2.6050592045470955,0.04683021401223551,0.7444943416897023,5.970211510122476
4.078225177493936,0.04149497367194943,1.2630253231126058,7.935637915927526
5.889674568076491,0.03279348041373787,1.0787148811440606,10.72743479401847
4.756605821284524,0.018648336411384255,-0.4317974101310432,12.784169603916435
2.4905323753555075,0.04846490782414434,-0.967298742844358,5.7382093662086575
4.869435553920514,0.036992352458037676,1.8128682868811232,9.18390379691926
3.0877651193255193,0.043856979267426745,0.15614777300448135,6.716557861316268
2.565568224681357,0.04369392517586568,0.5226706684194298,6.133738312312108
4.007360774110154,0.024794875266884557,1.07204736450519,10.176354961247627
1.6322579572289597,0.025431883257549904,0.5295743635146968,6.412821126886265
1.382743879035668,0.03287596774870436,0.23141173853536623,5.191293570790222
1.5603041474357155,0.04392058288060701,-0.10600368776442937,4.771056653880858
4.325252432847229,0.032617417397073224,1.947335076720639,9.217750179641639
2.1883095853821803,0.03239860713102405,-0.4636920947193671,6.57862606296266
5.286556702037114,0.014783620905308294,0.909283409906817,15.13700757765614
3.632419093214873,0.036273728657031865,0.3636437676023798,8.01024620070011
1.4024470210803281,0.04420763030371893,0.3364401096805878,4.5085677899252135
3.1544706177367314,0.04402046895468112,0.17042607187630376,6.776101466588728
3.163467851236439,0.03177080014198555,0.21298525693639014,7.987513884215929
2.0929864933785667,0.010660184066836869,-0.1828198248626911,11.216176912144103
4.579762879444392,0.028041921625306925,-0.1143562686443953,10.229669446332153
1.7688002747176923,0.03373168615664577,0.859607045855042,5.7964802807326885
4.901434632672261,0.03977347334910873,0.979272813126411,8.88605174449284
5.532896233670875,0.033318734782988024,0.15060493889346005,10.315160780625025
1.8935726043925225,0.017316013755183806,-0.8855079625244456,8.37068519983262
2.6197402971620845,0.028869051305589886,1.4501741927895901,7.6252985802119015
3.250345329250771,0.02130553784995803,0.7590856836062851,9.886953483280491
5.36299174546279,0.022228141351178163,1.2586606912844935,12.433573873957421
2.529759329391962,0.024243332659686635,0.8159253965785216,8.176876387521892
1.3851108707793305,0.018568822843879097,-0.2828757692262037,6.913437996067098
3.859664826604483,0.012165630262258337,-0.22145869456870093,14.25776588288345
4.194580599682161,0.022016613164916616,-0.1163763191020406,11.048746408158323
1.4956330559277506,0.02380238110795062,0.6604561135811848,6.345214602946002
2.342986401922828,0.021173282971708937,0.5809590184330391,8.420439753273165
4.706028259087934,0.007285653923109413,-0.3493762826926833,20.344029931587027
2.2169246799160076,0.02856048771097298,1.945113760116849,7.052395329386841
3.8428197116291445,0.030254149087212946,0.8720847212336016,9.021453672405332
3.801930708076944,0.02813648947332206,0.9687788165527087,9.304887638325527
3.659550445995361,0.0365249813574332,-0.15627298124738886,8.012404336705707
4.536462639145654,0.005724107974598467,-0.6188573693166377,22.534542756594853
1.587840996874335,0.012077781488585388,1.9230483199258739,9.178123794077932
3.8899362359151097,0.048251519324078965,1.577372422651714,7.187200070965678
5.998389764150034,0.04879186296922898,0.7620005898671498,8.875393772451309
5.986899093745854,0.039273094538368476,-0.7564989630099737,9.883195753904817
5.96251074845902,0.02648658994956603,-0.9172982918911398,12.010070400401322
3.3305730757274885,0.022846799270789094,-0.6134818392275998,9.664753685726035
1.325369296748697,0.01696816171001139,1.1526399126262996,7.074488505632592
1.7008713254925998,0.048448405453867575,0.6878542472006339,4.7428563981466665
5.2934135701753,0.039123790491252704,1.7800535628191785,9.310895247455383
3.1445363325441753,0.046764512602712686,1.2081436187119445,6.56393228412593
2.6879659648069145,0.04225921508779835,-0.7445450263995883,6.384033528658367
1.377211291978309,0.02525536711601692,0.05098678814929314,5.911088127672066
5.667947541384944,0.0385317742319993,1.4857815469002595,9.708394091395988
2.90088393267511,0.04806771922424124,-0.7194518767790199,6.218453744005251
3.88427808256414,0.017209317344008403,1.3191998313787363,12.025892719838673
1.7228879563889508,0.038775434130645256,-0.8993886141532248,5.335734025721108
4.176745663667457,0.03458211888537282,-0.5230762682523625,8.797052933074715
2.957288919379388,0.035557814329771155,0.41045202464756514,7.300008046109198
2.0731842428696927,0.019184209937239488,0.19469262298024814,8.321296181545392
1.519355317040733,0.0370388343893235,-0.4233182871040836,5.126783869742674
5.923572715207386,0.017236231896842143,-0.7016712082528404,14.839343484465674
4.026744784514372,0.029644612518184114,1.2238776815890446,9.329280544226297
4.008734026826779,0.03711096351307158,1.7635068166134875,8.319486012502745
1.992605512488788,0.04442820450130408,0.11029964897301614,5.360746519953599
1.00111043124078,0.028605665602619134,0.6912897539937233,4.735424909207807
4.902725746938485,0.028944791519077077,0.18156552224984823,10.417837449252865
5.0293556245777555,0.00956602603434863,0.5418614868794784,18.354154504840718
5.461206762248462,0.03328930122959977,1.752048300084026,10.252645938659645
4.455890256696367,0.016486789645687828,-0.792337755493268,13.159615021548547
3.9035020664975026,0.04189821776945671,1.2120269437074045,7.726332993758779
2.9848042130563757,0.038829514866096135,1.8434622627179333,7.018122298114062
4.202186988978038,0.0082671755886586,-0.7367870066378376,18.046920105020757
2.30285046191139,0.02894942405026378,1.2008069409941058,7.1393207581972
4.375678276759277,0.007077070033521199,-0.08649207227583866,19.903980360250443
2.3971308859844793,0.014366645595408793,0.9164026157465797,10.339800854974188
1.1509812500705117,0.013714440280917225,0.8264550470990844,7.3331247008974225
3.982053096917523,0.021449527963245004,0.8812277133396951,10.906581360832755
2.398947438832262,0.006882912060539711,-0.29777016117613087,14.944047717643462
2.3965330929756146,0.03435465671768875,0.5610633600613655,6.685638625922547
5.905568856640788,0.03695942579151579,0.7004440099919413,10.118409481032124
1.0113755676683858,0.019230112874028274,1.8945309639801966,5.805094607829557
5.2612450859934645,0.026357370169835553,0.551987045692317,11.30933889491757
4.977906964486593,0.021607281719497277,0.5119074195659761,12.14974912028896
4.145133874803103,0.01620511271892964,-0.6644927692096656,12.802277667568758
5.725937840710622,0.017117177254976756,1.2676133044122944,14.640342279430262
2.4261300131071906,0.015259780790751663,1.9094025495106677,10.093153482853761
2.091649309142296,0.03805964326616808,1.9372182938456932,5.934116507612802
5.590431304909374,0.025975831819730972,-0.8896724659053832,11.74307718563734
2.0911998022707303,0.038767400620608,1.005038270080206,5.879067048542781
3.0207957421561873,0.03628848650165936,0.7234476759273814,7.303318526009213
5.195608356104207,0.025696194185532498,0.40039843378277173,11.382241351523275
2.462029910061844,0.012266137639922101,0.15282686886042174,11.340618350429596
3.930523924381391,0.005083793184408889,0.9269169323720667,22.257443238085145
4.047554466880056,0.03857806184180199,1.4540704659353954,8.199174663103289
3.5789173829634575,0.020474971609078033,-0.9595120112145185,10.582984794885968
3.992195061546084,0.035422539893832365,1.1894902601377622,8.497868713122775
1.2395050336372568,0.04068656608837561,0.37062244575615355,4.418171994430138
1.7584664020181298,0.041935268066684794,0.5851421406439758,5.183478665936273
5.452797360261639,0.0469215474475441,1.8138782343902098,8.629139814323612
2.822220968849752,0.02058266471777654,-0.9530140038588164,9.373217551017255
3.085594262132354,0.032424862403099886,-0.3155137741678913,7.808620704601418
2.2155896672848883,0.04421826649756857,-0.41507946261249407,5.6661464963383175
2.006387468489806,0.04041908240605132,1.0582991299856372,5.639728120698084
3.707584958758967,0.016884544269459782,-0.5658154453571316,11.861643684276624
2.431752616041481,0.017892786787396905,-0.7455369705159148,9.33178430981259
2.8747406260510306,0.031749893644742185,-0.3512221957442505,7.61679357057175
2.6064497426654962,0.01404813071254888,-0.013838789518690664,10.903336050115986
4.945379342475551,0.01463030312976596,0.04201542583244611,14.716926898681788
2.952545299392906,0.0365703724542606,0.06808141014017544,7.192462110612666
3.108192580323935,0.005397472555527342,-0.4008630272845719,19.208910278713713
1.1063799503683374,0.005201015189278936,1.1652604712388,11.674870638872862
2.663788653420144,0.03908820313508035,-0.09836982322976184,6.60801497898818
3.7474228447499667,0.046804235354478335,-0.7526340273771651,7.162551579311774
5.535887440562951,0.014615833511105101,1.0253503995831483,15.57850656477878
1.5280015380329992,0.03180873595230875,1.21977072381533,5.547951807582327
2.1235155523498404,0.022272123545303682,1.3395131833534828,7.816114255509144
2.168919957429476,0.04939485407073495,1.1614384351934968,5.304261160582165
3.935741373665441,0.04390651709387845,0.9064342306603042,7.578666074331562
1.9839935391837051,0.04921128044964675,1.1006403079611102,5.08255145261682
1.95885206007301,0.02699792274957808,1.1107682530807663,6.818355380172412
5.689771417953741,0.03461524795653551,1.6621243321299772,10.262606473847743
5.920304140285893,0.030652736847029044,1.7719048327950784,11.124522284654873
5.135056135080808,0.03523342376451798,1.4951667659983765,9.66360486698894
1.8366921954611455,0.014551960645669618,0.5238901680743941,8.992934375638514
1.7677112726357405,0.025461455461127908,-0.6869428732273529,6.669726761638594
3.2350951792127036,0.03458675485756096,-0.6401703567574577,7.7416336025967984
4.706532088054217,0.012720351131532992,-0.7341211572294746,15.397313480369746
4.36890880981901,0.007158682985546839,0.04091427541837289,19.774882626079293
5.1012880681506045,0.016640750001737883,0.7171185715770187,14.01514082732381
3.2361090672759456,0.014199504577603335,1.6938898416962065,12.084229616272745
1.8087484877637139,0.04161580410830914,-0.07752737370095963,5.277204631887153
1.84514110897305,0.040080000562386746,0.42858241161944655,5.4311890825922156
3.404892285720719,0.029602396489898233,-0.7099453961829483,8.584840740566209
4.345839071128035,0.036454649354416446,0.5089498118312075,8.739857408754055
3.1303178987698486,0.023308139833417462,1.4163961766407573,9.276505459465495
2.0539493005672242,0.03707753961529344,0.5701164781929466,5.957765367959372
4.539121752176138,0.02780839239311247,1.6026704038827728,10.226851839530607
5.289829264775467,0.03396221143733879,-0.03178652319374331,9.990031013468883
1.1535110671428317,0.049397369730855324,1.8566907297886783,3.86814691234332
4.532060553408745,0.005278593209395751,1.812798678274131,23.454854560388398
3.2100178488934814,0.0444804554574924,0.6768050162433923,6.800065572158343
4.2651941653852345,0.03280583787084266,1.9283486472093871,9.127205436824909
3.007804494981446,0.04823299295373322,1.2969065029237452,6.32115858365023
3.9681992242100574,0.04556019168562454,-0.9926464948852867,7.470470452468059
2.4974549651215714,0.011392706092010915,1.5159077128131235,11.851665233101455
5.003465371364134,0.04955526910247732,0.2865043852131681,8.04330466952951
5.7381717511102295,0.028262720171461087,1.8448439205063445,11.405748262228018
2.3515273975398014,0.03321850337794335,1.8132983354660337,6.734866326835549
1.9600925814293855,0.03480275943036931,-0.6383050677222413,6.007246353213111
2.625515564083814,0.034574742104934254,-0.5517700491887657,6.97544331144153
5.202573429016861,0.010569755740300066,-0.5028917592600821,17.75908653393653
1.533060950849654,0.009947464731646725,1.7608088579576755,9.937279303666068
2.481670732880664,0.04158773232076295,0.2663814321056719,6.1834869592873885
4.824566914356936,0.03447600293334592,0.6706677956076232,9.469230806708747
2.186632048535052,0.024607274820744266,1.8754368781956754,7.545709553021388
2.7081536764864502,0.03190349286031164,-0.38446111511754344,7.3749915275013285
2.5273151827440725,0.014457773033023005,0.6331344333612581,10.583345924422979
1.618787827262803,0.027828690379306915,0.7279847388691632,6.1050970240824425
1.3248694268263193,0.029922623276923372,1.9408792890760966,5.326362208381376
1.6725219633223127,0.03772049717244871,0.2821635193404459,5.330171715346774
2.3239592266917333,0.0348054801641367,0.02278431541178083,6.540853575545318
3.7475188714495955,0.012996086670134192,1.9166344157310524,13.592821208449598
3.8635074999518713,0.029627178498132414,0.7849067069229334,9.140916094632427
3.8766807468485256,0.026035604852133343,0.4906796721558704,9.76765187380589
4.513723868339432,0.04685909372875327,1.8545287045720982,7.856236356766069
4.180971669862204,0.03366659107913584,-0.945213789208459,8.920373320559332
1.4905456744058956,0.007180128659566198,0.1285213126596516,11.533218523372456
5.042434195657666,0.016519861976455698,0.05358342565068375,13.984949490116367
3.806122224302018,0.042889423483042255,-0.32876286025806223,7.540675476212142
2.053415036411354,0.0211671721974132,1.152367117090864,7.884078453441959
2.1018710756696066,0.04713217040739916,0.3876532306361935,5.345499669351134
2.2183211306037407,0.02600538591642325,0.47641047163614614,7.393065369642729
1.43100365809492,0.01576655872082499,-0.823350134472749,7.625984274580425
1.9017139625649835,0.04011643119054541,1.7915380843081454,5.511317640316364
4.639779235051884,0.023666553179373374,0.9034943892877161,11.207923098940732
4.4369392906827905,0.026644658844926165,0.981347869170448,10.329532132559883
5.2927309739431605,0.01869093226258038,0.7754521063610083,13.47002549622604
3.8162135309014564,0.005501149226427906,0.20155925252527607,21.083058328007542
1.079554501874804,0.04807597032413854,-0.567301155798653,3.793169474456274
3.7925193816221725,0.014880333636067548,-0.2075698676598733,12.779137992974151
3.0886543755120934,0.035323944157830696,0.5806642662311594,7.485038722069775
2.889377714882496,0.01841197090883397,1.9183996636491085,10.027577083015233
3.7890069260628456,0.02995414358286546,-0.630640004171574,9.002813130629239
5.837685706753641,0.010356657780556246,1.067750932512797,19.004416135091354
5.548063344570524,0.026007219091569396,1.5856092084531443,11.691432780778722
4.3409710427133135,0.008289977521705834,1.2866713041429545,18.317270447044706
2.6105648715568397,0.009968328325121269,0.4488133552887612,12.953885908319915
2.5276346106999625,0.02468863087111157,-0.6005848418758777,8.099396000204974
2.2491521762504876,0.032260960669923185,0.20261868171591413,6.68366635678857
3.16682600016752,0.04022900843330493,0.9330998394223684,7.1020941710927
2.387303893428595,0.0221010394746277,-0.5636608854137446,8.319390171128818
1.8807254138715832,0.013037212427776768,0.9401859450107604,9.614225745660884
1.0084717525646456,0.03194234909494871,-0.14004881080093767,4.497720180369165
5.19531063657178,0.01661646412456649,-0.4112533825209981,14.154040780169803
3.546797826054071,0.022432082066714144,0.8590273034684506,10.065315996939374
3.793830502383783,0.0240579327208298,0.3661457475607015,10.052030523504696
2.3318392198591873,0.012846228283263653,1.4393429762700607,10.784635548522282
3.9897824389590673,0.04529075600479883,1.6604847192403134,7.513007318662981
4.073044418727033,0.048110064971193515,0.8066212712871002,7.365217750959231
3.456711736141783,0.04992281790415497,-0.40992389414023034,6.660794365918137
1.7902636521395712,0.032494460281228904,-0.2820309906324552,5.941523550516566
4.547818832430655,0.04826153720053798,-0.017062250350106556,7.770428922729305
2.7607240464447402,0.012555331147782792,1.175712772491766,11.8697453786594
2.182270088675949,0.007787304738949693,1.9134841095950006,13.399995565796344
5.1008529510075284,0.04170354037625519,1.5320201819451964,8.852764856980633
4.845683844576282,0.02758538562365667,0.28008838407942593,10.60918439072494
1.0552887228069032,0.015523858956619258,1.2230414625621906,6.599785096052337
2.63615864375664,0.03868633924283157,1.1820263390630226,6.607709523644778
5.753135046756168,0.024398242768969146,0.883243106565466,12.291842868287663
2.1353867918689664,0.030523214335398167,-0.43567533951182846,6.695255156148856
5.1394748602502816,0.02527641273419051,-0.1742157523622586,11.414204352619493
3.4892535212625324,0.025653131687023135,1.5006587668978426,9.335553178292924
4.779106355647102,0.0425913849598612,-0.4836842890015086,8.47923079229401
2.0597315262566287,0.02532519408029863,1.4898708743070275,7.218931266084056
1.4706483800932948,0.03711324823606257,1.1272054357228312,5.038879015120206
1.7010197479417983,0.03229768129060683,1.366282849812198,5.809155410580713
2.7149956551926193,0.04995983137292758,1.882124537372682,5.900897586347523
4.268925733582512,0.049970395884730213,0.9929757222014333,7.398554791331464
5.0748703505415005,0.019455163185061585,1.185320216835838,12.928228713162552
5.9043882086347494,0.021957595104996973,0.10700126489462147,13.126201161228662
3.5486982063177543,0.005038835965342721,1.789346135495463,21.24288083906511
5.107511482124803,0.009586365989413134,0.5074173060010998,18.476583234071565
2.7641263457908964,0.027004049432306273,-0.08678997173192826,8.098572748398812
2.82675767442713,0.03593136863289891,-0.190487745832586,7.099886396575789
3.1452630908836032,0.016708655081677563,-0.2117196071634948,10.982513152911158
1.9880396652502645,0.022747824901469756,-0.6624866454503929,7.483186584349673
2.011471776730984,0.01245405066877921,0.11039580120629067,10.172920421895023
1.9080694390999682,0.013738040246243716,1.0855233693903226,9.433626671538855
3.0660572597364673,0.04425567933453545,-0.30272137680488787,6.662690115169441
4.069378470345907,0.029102692576560923,1.8747244185876264,9.465453916048054
1.5027828333252264,0.036775983796559636,-0.011222889721098861,5.11693561866072
5.968325906953822,0.02832487444697397,1.2838421624233307,11.61946837091276
2.3159810168252593,0.017081280881863517,-0.8122139423108714,9.32075881532351
5.270090723883005,0.01633832193822855,-0.8202489997354643,14.37637229408136
3.042864382856741,0.023849289742084123,1.3997282937770898,9.041647326980279
4.385262069482093,0.02633218391184188,-0.019746888454543088,10.329952538918757
5.840628563052964,0.020829799650085634,1.8459622138182552,13.403901797486068
2.323318923139474,0.017603268657129714,1.0242617721406777,9.196058937863844
4.8719296736028825,0.008926241315946696,-0.2420835934385671,18.700799899513292
2.5923248074873277,0.04195816090539927,0.29961867768894557,6.291880645295692
4.889674498962137,0.009818226039678425,1.2929776830606938,17.863536894053457
5.472674420698141,0.011738139313364763,1.652866797724875,17.283996348772117
2.0416189398714906,0.04433066212720728,0.4477002758727664,5.432243434507816
3.490750214876027,0.025522138714480145,0.562284858208749,9.36148711880416
4.15328674555489,0.036684628114802324,0.87880329778082,8.517220434106557
5.934107265385161,0.040840505317416384,0.17882192180826295,9.648862830190957
4.862304196881089,0.041275308890954834,-0.7383886831712746,8.688001487434796
3.706308260581319,0.006177231609842538,0.20935345436115727,19.607301000667448
2.192407348326255,0.033373486394177025,1.8417412619887155,6.48789518798759
4.920038523347166,0.04752539893014697,0.915114137875638,8.144517406862835
4.1096671629770025,0.04124987875530427,-0.9818335069931756,7.989801259531027
2.948346166031853,0.03324495481645761,0.9775574688985715,7.538246810174078
1.423734507349292,0.024666735767953984,0.004186463210376523,6.081387183788443
1.1222888225549341,0.009015467766973085,1.3102024238779149,8.931042910888655
5.329544976719653,0.01379936038639654,0.9474375296575115,15.73111757799661
1.2459734208818474,0.006792309314798369,-0.06878186705316724,10.841506917314359
4.173988765029641,0.014332713266292728,-0.5401129959274713,13.660148521032115
4.40145896508987,0.009376956783157196,1.6202959410961424,17.342486342196874
2.91512378684295,0.00564466980346079,1.7313407374655223,18.190859490631883
5.759177070415599,0.047021649781226735,-0.05386968614374976,8.858807694414619
4.867395410502832,0.016023396588392268,-0.07625621070772115,13.951310771727709
2.448845186808132,0.015358730109365483,1.1163147214267748,10.10757565026425
5.547846500859581,0.027922406659829195,0.958926098102352,11.283134989769696
2.188649865340152,0.012323851819038157,1.5166850821493996,10.667407870435317
4.0526285577060746,0.048420894293393774,-0.009625191001968014,7.323117236115529
2.0573311181528684,0.0065835782365948805,-0.7490144860468083,14.150281733616959
3.0642699917418246,0.042441579416899786,-0.9510138286850178,6.801610141125086
1.3350118643886613,0.04577791313997113,0.628100312840143,4.3227344480748515
4.611868932082146,0.017046343458163946,-0.9791630970619799,13.166394106322041
3.6368011136323566,0.009585451300813489,1.7818181757355624,15.591844070026811
1.4792717790683865,0.04014481848442218,0.2451139968498235,4.859070792991071
4.324040799890801,0.03634097402035993,0.1602689001069697,8.73153500985381
5.23764667976641,0.009891737051754508,-0.980481834606719,18.419413918548415
2.5870096792963126,0.008634891596714735,1.5461450631272466,13.855256546161932
1.1273174852727836,0.024301111414511342,1.7709266028547992,5.451977351546201
2.7879563356353048,0.03515601961490355,1.031170382590993,7.128318965259847
3.5890708183928046,0.017675417272203602,1.750931698517578,11.40644119936132
4.870982993898132,0.013638135395025223,1.6480980667893337,15.127765980320465
4.271071663285573,0.01154658178121725,0.06645176744166559,15.395212965754048
2.4041146926859516,0.006004572196076355,1.1822227544809207,16.01697676512439
3.2725710863736284,0.017809408439471392,0.11128875518224435,10.850850681092636
1.2391516281974058,0.010288586680881565,-0.4643880061658332,8.784728731844087
3.1888841381935276,0.013481092921867516,1.8789095339881738,12.311211966511491
3.326486644513136,0.005159168684140798,0.6851904031099467,20.32577051320342
1.2327757907859915,0.01589340718834383,1.0752057098839631,7.049811960553942
3.0516306410850618,0.009173272530930334,1.8979102716748764,14.599830879698597
5.864850819426197,0.013504954725776903,-0.4058998195872048,16.68114695219332
3.4632414817893515,0.026564530362584684,-0.4495441640351039,9.139749774170957
5.4701791450210075,0.02903110167056856,0.609193800850846,10.987857186354391
2.478331661469263,0.042078563340712416,1.5063266275136753,6.143180139195111
3.755668097014516,0.03526021599309086,1.9545759989366207,8.261237505881175
2.693562503053671,0.032503411666917566,-0.8402966315705628,7.286903938319321
5.969305495276674,0.028775983667043873,0.7625774691428422,11.528977812720642
1.3994512818231617,0.04645977923186968,0.09638694659289793,4.393233746481814
5.193693553125511,0.02183256845598718,-0.12327309119875207,12.346098427281067
5.65803180345085,0.022881928207877367,1.7851851642016596,12.587235930404415
5.86115527441226,0.0056339794914286746,-0.523558528633103,25.818319585601685
5.844222107021403,0.04554703958535521,0.931829900070511,9.067285048462407
2.409550294820124,0.04766889534824798,0.46759651577643613,5.691076764410669
4.981383903873659,0.018838759682243356,-0.4537575127220618,13.016458655472741
2.1146199115593394,0.043925333535055594,0.29219889577441926,5.553958296740366
3.919261650731081,0.03324854735102196,1.8475817262917515,8.690800506692094
1.731612690775076,0.04437468873159071,-0.641907782861771,5.000365037103045
3.7450659132326,0.016628883211525402,1.9651018680277925,12.012742864049413
5.2070321247998335,0.011931507003017806,1.6460365712134148,16.722125096271768
4.78600517736671,0.03679290682238032,0.9390698643763056,9.129532131457225
5.14099396301998,0.006088067253533902,-0.36119778798691793,23.26096972232553
2.5513749559852563,0.010258794505621453,1.0458683508958755,12.623592554195511
2.6182817870096002,0.04814339630153865,0.22915952328436995,5.903150013139823
3.1590125612871995,0.04291610071121573,-0.23795531244072454,6.86767189180228
3.335950804412737,0.03156428666918863,-0.9277824596114732,8.229165921560893
2.532308831609688,0.025605094343661986,-0.09754558535693536,7.960477778379132
4.7302901262050625,0.027648482687377497,-0.18637813787976065,10.470133701205839
4.027816631486511,0.036532970137699565,0.8432579602722643,8.404973417074448
4.949847725350097,0.026201340528664106,0.9461594969019176,11.002164987963196
3.407968914647383,0.04611683954347615,-0.4852728506039128,6.8811659824443066
3.8561136237382625,0.0494842743300479,-0.29544152844700167,7.0661897901558195
1.571416650786018,0.01715782360316514,0.5283059760803095,7.660525555861564
1.0345508679061106,0.02464865140774003,-0.446231583535895,5.1858903873909545
3.60244763780003,0.02681393857964648,1.0977565106569567,9.278174218159538
2.0782485659786953,0.03849763094460923,-0.7482003703689345,5.881332489168094
2.920848576329181,0.01972167514276667,0.6066456739717283,9.741517402201918
5.937507399527854,0.008148725619343612,-0.39858761811235865,21.60733594749098
3.6667572642829986,0.007055407443787085,-0.20391126053734943,18.24836759452721
2.6119123736077983,0.009024077014613286,1.8206335238089597,13.61826856410388
2.875955407166215,0.00639445043102364,-0.7222456016160546,16.975925127118828
3.1100826198829314,0.04618420262320384,0.5988431571135373,6.568757480303543
1.498446963518921,0.018019261238222103,0.11389698387004454,7.299551667419832
2.77000556680953,0.03977683444299626,0.10032509117429678,6.679888322282134
2.046092318427298,0.04034159678852451,0.004649424950019743,5.700724588486206
5.399820596956536,0.021757685002018686,1.2812320054267259,12.610355001010884
2.1909200423926976,0.006500179608990468,-0.36679082468593815,14.6958454279381
5.782185975998458,0.008361467844814655,-0.4017030109235127,21.049837899032262
5.046507218991536,0.02734207310438989,0.7780016982212388,10.874861111879762
2.992522750400682,0.020350078078866348,-0.4082764178932681,9.706880434355503
2.1817183921980794,0.030325615057193413,0.4106290100972929,6.789511483213883
4.558027841776253,0.013074624746483101,-0.6512761208933079,14.945755043206475
5.9783031385880365,0.029974371027917408,-0.16641577432651444,11.304670717495016
4.021940585390104,0.04587089038878965,0.02478370441022859,7.495372654421131
5.228906033960598,0.022021191081169067,0.16375805021479817,12.334711773637393
1.7551192080899045,0.026232207602445313,1.6376986912276066,6.547565911425225
4.87496694057922,0.04322755478355067,-0.02289261792869879,8.500598268266208
5.108729283485913,0.03695466838852411,-0.5987534897470213,9.41165024907412
2.680610590545242,0.02673452856844911,0.983618388791093,8.015388721526978
1.7980641605299232,0.02937690191274078,1.444824179678191,6.262440108264437
2.9127221274039536,0.009789217612135043,0.761892820533749,13.807642239902291
4.52844562683017,0.017922798120127124,0.053954856181686495,12.723765663057701
3.3953792636482056,0.03173136294934991,0.6810653627018284,8.280256159362274
3.6978574228372496,0.01713782564704818,1.7251557125173664,11.75820995561012
4.532617765189464,0.015233968582207165,0.34405895315199664,13.807403297270747
4.412919229255163,0.026440210950595972,0.16178535181144804,10.341285330481853
1.5301605402075085,0.04019039472047246,0.08372104907068367,4.9391401891139575
3.5153418210502565,0.016179957689531038,0.8933491460857563,11.798833683690344
4.819870734531065,0.04430956167543164,0.31066646130653175,8.348586634311115
4.678651549960772,0.021357084083556944,0.5835956267870821,11.847681260280698
3.9381490495406393,0.005884699640699493,1.6321466640795648,20.70751162138462
1.2818121787379289,0.04175957907108549,-0.3250101190991427,4.434841780099056
4.8889219974810985,0.016824687601400684,0.24107052108457006,13.645109943523027
3.4967023225767626,0.044306265815328955,0.19680830704865682,7.111164847641716
2.57119499499722,0.013576780608873972,0.7924626527648533,11.015725282487988
1.9514952908586758,0.039438001385227926,0.2169557604738479,5.630802497634751
4.603309523608875,0.045884306545028584,1.707475954668456,8.017648125427668
1.9279970296339215,0.03246460251242819,1.9392486084006597,6.168678341103172
2.5549829944585563,0.011114409561496532,-0.1835084879089659,12.13653739872376
3.1033869640036458,0.015981753636931384,1.6608752734728132,11.154490544372939
2.670832828194456,0.017619475952740386,-0.7937503512736854,9.855322692227253
4.080049298778011,0.010456588173050294,0.20905647747005718,15.811813860066428
2.690509218043161,0.025947721715002765,-0.1880889890793218,8.151013569182917
5.540472602615463,0.0231608616825724,-0.7396862560513955,12.380552868796748
3.012007661526539,0.00917906135023901,1.8706508620250615,14.500163176204415
2.08179408379489,0.03568143839668096,-0.36961815082006266,6.114228963629649
1.939060239762091,0.047564533872584136,-0.48208994306645425,5.110907463612114
4.963414851445425,0.014851707708094818,1.1313137093582588,14.633428197734453
4.626906137108828,0.046876936003014895,1.5422610275855155,7.952610746717451
1.4096020449082731,0.00839856847666294,-0.323916046209054,10.370259319081741
3.8929780046908937,0.01735839351898444,0.5273740879009989,11.987543602636798
5.522083717688616,0.038718224663682736,1.375957435703167,9.559556959019254
5.9534481375523765,0.039036365059262924,-0.624010321587447,9.885385079840324
4.685534215087947,0.019206726026027902,-0.004526731985209476,12.502500361861852
1.2595376707826103,0.03209545994677034,0.9650505326910237,5.014501532671236
4.507987678942923,0.04505258797999986,-0.0875457009042988,8.007104162780934
1.9830696737109688,0.035180086863201405,-0.684485451598314,6.009862315728778
4.229799591576418,0.01884217194643752,1.4141081791260035,11.993291897799807
3.4296543100360872,0.03958831964040532,0.9550698035247907,7.450503611155582
1.8090755741802673,0.017018528491612187,-0.2384549360449988,8.252990432501852
1.653227933643031,0.04414979275295188,0.22302577405020352,4.898307242673425
2.2607018669832297,0.033696981589742346,1.5688895105695897,6.556470868188019
5.573654620682186,0.019409029077038238,0.44202273531965286,13.564759904204074
2.2994684780519474,0.03470506821842331,1.1931708956601974,6.51570283142349
1.972728189240932,0.017733895887491205,-0.4131408812842523,8.442586864452316
5.448875509046372,0.03626463499537979,1.1231501852119523,9.811960184478835
5.096348466089209,0.042004683533608096,0.3847891889769499,8.817078125266889
1.5378101662047268,0.009021287680796533,-0.658385989075635,10.451077960146398
5.6434414776419795,0.0420182092234248,-0.45070630707074544,9.27677947926461
1.253651859461488,0.044092638697883275,1.227540374462765,4.268245778461787
5.1508988588586435,0.04035096079935732,-0.7496094809335392,9.043958499047466
2.2596446728735833,0.029296387883087045,0.42565134863882825,7.030027554369479
5.147142031015668,0.02507704186003885,0.48249277765074416,11.468032458378238
1.6929219096863908,0.037014125442267246,-0.5921367024487696,5.413507045150378
1.5519777726600708,0.04720832340822863,0.7063129070086265,4.589627613481924
1.6094218293379825,0.04146827955813268,0.2223106700362305,4.9867882174417435
3.727075227050077,0.01499754414419652,1.133476664409462,12.618798182669233
3.3607374448400464,0.011988891570300222,0.20286096331563064,13.402066420469827
3.6435473716882467,0.0347356412232764,1.094089535924181,8.198200580168876
1.8822316668053662,0.007509896424879424,1.2064801773913256,12.672536592139647
3.412214119824168,0.0068092915013185235,0.7803337283781115,17.9188925145773
4.151754819444189,0.049084302243522275,0.10750080504529436,7.361876508641769
4.102383038142893,0.045458866478831406,0.8402360894956185,7.60418707190818
5.908097858812724,0.030432323407382018,1.0415949908853834,11.153220145267138
4.337232418045719,0.04350807555073619,0.09581293741921115,7.9921826463264045
4.479546993417509,0.02444655772968353,-0.8249706361211301,10.83558043621381
2.6535968725041927,0.02669471039603189,0.6206737916948366,7.980844632063418
4.1943530319211995,0.037384735964263414,-0.9106195728318214,8.478701027720938
1.0854083984353633,0.039323311737221776,1.1835847618598465,4.205479646664865
5.8619972019077204,0.04177999391482188,-0.08584038603244748,9.481621332909432
3.3845913943810886,0.01993886473502061,-0.3563015639983971,10.429101617700676
2.7554605408469772,0.007781403218371887,-0.43113933474505606,15.063022599273024
1.4963238762667044,0.011758017309386606,1.141200698967756,9.03004147551753
5.908721006117452,0.040201957568507675,-0.016483245663077684,9.704365192062824
1.065671001992413,0.011842028422383594,1.7540638240351516,7.593509040556008
3.280822186210553,0.03183935945202136,0.77222992751438,8.125557638624437
2.4174926145097526,0.039519365876782994,0.4287453029251813,6.260681119244562
2.380206338034409,0.04702092991543949,-0.3389172872561297,5.695156811156902
1.158192306882647,0.0076066267432789245,1.3951999876336378,9.877300682751931
5.848742683802437,0.043896121323142294,1.6179569677719234,9.239791545750503
5.475229833036844,0.04033800141234853,1.169497403087333,9.325840392101753
1.8623514711277152,0.04146209773849354,0.009916717187281598,5.364746157361156
5.716647709144003,0.019833631085016422,1.9817739427980348,13.589816387628751
5.556923636813535,0.03425361799189681,1.1193216326791893,10.195487090927932
1.1206280847125634,0.02475705167345029,-0.6076344235666027,5.385490688632781
4.390859887013527,0.04331974449782276,0.11572905289162616,8.058901283183216
1.9372935773917561,0.022270571901712458,0.4620055808023713,7.465794373297757
5.878412999000451,0.030979319746808235,-0.9284934829437743,11.026510583154609
5.454056015527261,0.03130684891951994,1.5844185359923766,10.565355338661663
3.0032143384415884,0.005807537851635008,-0.9010260627158606,18.202922898666415
1.0194073081541888,0.03349621766995678,0.11769429898598993,4.415907585353998
1.0605006481703927,0.03062486348792966,0.4955578263203788,4.710449781737701
4.578786544123247,0.013548494333835471,1.9334168154888585,14.71545420930654
2.4715970782723575,0.03918591275946114,0.9128302088411098,6.357228806885554
3.5888105683946785,0.04255413077872681,-0.9564310180089973,7.351033388672111
2.702745558552424,0.04395517830603637,1.182849935222344,6.276847073807348
5.936493385297825,0.045612524353151544,0.12187308211474068,9.132021592782264
3.345023240139688,0.045444399445824527,-0.9829143359780215,6.867574433638578
2.244402604534973,0.03315998502512584,0.9776972553152712,6.585476568600206
4.753040830327629,0.026756343727606574,1.2961901630142436,10.668819779970761
1.726464243503436,0.04001668500868498,-0.8664463430820966,5.257777813253756
2.881584879482449,0.03332529299021196,1.2381023481338884,7.443423167559588
1.7660137722188596,0.03816246128469314,-0.11057229262282897,5.445312950859738
1.067583372769779,0.04415843002651796,1.523244752595538,3.9358458267655734
3.659094117386271,0.0390233460981529,-0.3074792212639803,7.751192577924863
4.530251386992391,0.034765234370769324,1.7797266708184978,9.13760877656505
1.6068214667819611,0.017555733166071272,0.03905269948138379,7.658052100348771
2.1834654637264026,0.0124165708617823,1.0142347836783578,10.614910029971988
4.394837842616789,0.018588758028728985,0.060231425544088335,12.308077730726882
4.52935540908917,0.019521419815083974,0.5777322189341239,12.192885324208875
4.768544416615068,0.040540056753639496,0.008921698096433062,8.681499202064236
5.253326440518157,0.0488263254834408,0.001725734640768195,8.30298327464769
4.585690637695928,0.043547838265988945,0.7954945503651081,8.214158249102857
4.6504178035392005,0.007147666611434986,0.5352351134061584,20.417747666354515
5.277525614454398,0.04488474709732583,1.9709228385030513,8.679801101523205
1.379590081808449,0.013358528960160598,0.04561315845727276,8.134665574674068
2.4449158000103237,0.031439083980294096,-0.3583379676195272,7.058964558248706
1.2170108867026586,0.028535810494240626,0.4800083989065502,5.227524961142806
3.3400860480733923,0.037340215294743684,1.6624084085291067,7.570671613415534
5.080455748737385,0.040184611956532675,-0.2605371440394916,9.000475141362285
4.111305439671229,0.02719235604965744,1.1087232565945366,9.842613738475103
4.552540803560923,0.04830149299070002,-0.5384219355921284,7.771245622722913
3.7217519394885192,0.018145568302360946,-0.348621697327576,11.463900663613884
4.248760944227421,0.007219889357381054,1.1048984772973416,19.418240103466935
2.9783920601829976,0.022416668717937918,-0.09250052632810413,9.226763429316106
3.554846003604493,0.009787849225897613,-0.3229365561639478,15.254948654808311
2.541559352483559,0.010462866683874864,1.5490640607323014,12.475810572010724
1.072950337395325,0.017715181908861642,0.7753225958299752,6.229611909131344
2.1814183825194227,0.043721198733290764,0.6517475356281395,5.65415153398413
4.803679445618601,0.03968521651412891,1.492022417332607,8.806769345947313
4.010696369315156,0.012927540483888781,1.598781839952133,14.09924732631683
1.0261004388467765,0.03762265602826225,1.4227661801318838,4.18036497545942
1.3257789636959583,0.010083433896376648,1.4405869119984205,9.17857632805936
1.9873959756503183,0.014991706771511081,-0.9625904074146067,9.216385950333924
3.5321065006142005,0.030067801201662848,1.439111485175478,8.675810344338169
4.148460734125356,0.03591616791967767,1.145008923214072,8.602852661515549
1.494748488996868,0.030103915491378072,0.7878611207174773,5.640486422985433
5.479755164732636,0.018801927978587922,-0.49473859291464195,13.665432290676945
5.533524588473009,0.04672348237149141,-0.2489440694455416,8.711186460796428
1.5804288728680684,0.03483288928282716,-0.555921501446387,5.391836540974253
3.7196308750860814,0.02589030782789833,0.6722604352461758,9.594565336901184
2.2793237823488544,0.029127120476524458,-0.6729142301682025,7.081059189665474
2.8166163598575347,0.005824242326727772,1.4024686543974312,17.60305801820894
4.489679862085368,0.04982803732312664,1.4546370931929125,7.598271130263453
5.5156159971605945,0.020735842415466898,1.754439841219872,13.055098687109371
5.8393725699809025,0.04765011258939079,0.38324974068826867,8.861252601976988
5.9031381751122485,0.03014541210465643,-0.7604265002419719,11.201465652619849
4.698420863694707,0.01173570390422901,-0.252226659055551,16.016417318391223
2.2560747682632982,0.04876531734843705,0.5113725901534003,5.4445903181708335
3.987150782572809,0.02916499280824913,1.7583144769807766,9.359321863569049
2.678363692137707,0.013089860703016397,1.5679566605877069,11.450151995155144
3.8275369495606153,0.025495370713150146,1.8262698953394452,9.807832044150677
2.3526306359648776,0.04107325434296508,1.8231227241246475,6.058167914406379
5.801791094593143,0.028437973793152337,0.5990065401861888,11.433408181995388
5.763343087376196,0.00775540194620639,-0.07598094799228305,21.821222160819545
2.0338496045254053,0.008458685980016475,0.7657186557270648,12.412291208141852
5.651738067618007,0.023286618388705275,1.1740562579119178,12.470440359086304
3.046563579250917,0.04368726613215317,1.1390965932303625,6.684542341736653
1.8974579829187843,0.015164120495594357,1.044845871056507,8.954090101842068
4.6545103602115425,0.00995666694796417,0.6318747403714982,17.30708793609523
2.757701421267258,0.014430718938353265,1.7631716176621648,11.065565853648454
4.858711160219716,0.010812880213114408,-0.870181448764805,16.96812421598185
1.2451531078026485,0.019366060149995,0.6098001410221627,6.418517504697678
3.6346053248258587,0.011999926312737188,0.9350449407861652,13.93103326902274
2.7943865841207813,0.02026626086634515,0.5539146192578546,9.39940622104002
4.973825734798218,0.015061708943343764,-0.672179978417418,14.54628682561371
3.524492356524352,0.023916652213648353,-0.22907665134340327,9.717221046500194
3.594889561689498,0.011361118142858916,1.5338036619246145,14.238893056775376
2.5300086293331314,0.005521418513080936,1.690161428029763,17.134824373687344
3.262893206631952,0.03166473888902837,-0.5946544950890311,8.125637879512416
4.978556875479587,0.04375027842483685,-0.5479527747850019,8.53896661484949
3.458209896847548,0.007916543617142113,1.7625478290312362,16.730228013928382
5.751351602118553,0.044568447182036265,0.08494137763567067,9.093167634315924
1.493636999801089,0.015975378454034482,4.591660373698403e-06,7.73999969717344
4.312260308437901,0.029877985591234224,-0.3750928021925033,9.616583734739857
2.126038957711713,0.03894676379556311,-0.13894382492358814,5.914171451497867
1.613505592127291,0.04737944287800483,0.1413445364988799,4.671262277920938
3.491585750840895,0.02371939406941197,1.3989238767565682,9.711885436696946
3.908254431944648,0.019255582034979665,-0.01818732962395786,11.403996595857718
2.083157114149875,0.032573094406460536,0.7561440516009734,6.401407787055206
3.0830927261521266,0.047008717409033764,0.26516123332082797,6.48258294104422
1.4438187300683003,0.01956673694696089,0.9335741627784935,6.876083188141952
3.4236520860134614,0.02947826066364831,0.12329089721432274,8.626564518613566
1.8958557931364615,0.005738475714780052,0.842476717544957,14.54950994421894
4.114980454587515,0.04913334497640322,0.8346272981678982,7.325541149314525
1.7237137319219338,0.017151504189525737,1.9020458244698117,8.024638065434884
3.343692362518335,0.010604926528077204,0.05725738855678175,14.213574634944624
1.8142039419053309,0.039120319228579635,1.7067524510311571,5.451121320517109
2.925292272444008,0.03821624025582264,-0.7751234252499482,7.003330829031845
3.5341180633808236,0.03742534430313966,-0.387158943162594,7.778603136565041
5.247640499849138,0.013401485429391562,-0.6156137257421448,15.839795052453669
5.919872019520047,0.04044835864844658,0.6175554176240268,9.683886644416434
3.580223391770305,0.04024806163831422,1.3289117003769606,7.54964564676918
3.393351887641249,0.03692173312473653,1.53244527965931,7.673922330239884
5.5915664168506485,0.024815782788340093,1.6870348666213117,12.015635465368302
2.844152499114591,0.035621238947520964,-0.07519167798540294,7.152632617581884
3.8115444572624178,0.016581023962733598,0.2881498715247002,12.136370079117464
4.0885682766153835,0.015042727528309926,1.8348776544642051,13.196729731844957
5.8413795661419705,0.01822501136300918,1.560248876571047,14.330713029279714
3.6685624621772948,0.020213936833769854,-0.9381913629435572,10.783667699951542
2.183606021518232,0.04081853075523413,1.6839713708973423,5.854670352635111
5.224064288448289,0.018740577495604076,-0.1317865974926351,13.364624506961322
4.359413819093412,0.0365511632045434,1.1863390670593428,8.741932257321796
1.3500719435448605,0.028229837339967836,1.689416991060189,5.53564534138847
1.0574368762163207,0.009140062775883528,-0.8394969255141844,8.609870636658496
2.6718279238131872,0.019466771100284795,-0.675023521035412,9.377806574955931
2.07282546476757,0.04400327934828292,0.48505220947546124,5.493926382061286
2.695809119155963,0.03164373275706662,0.6542330202247411,7.388303116294747
2.8458440750385847,0.01290059884980892,0.0128520612116787,11.888980231064945
4.219455272317006,0.005767126012014643,-0.3998406981913625,21.651723036897934
3.031001731666882,0.03837789272625898,1.6326062162373414,7.11371594702617
5.9950844128486525,0.012682786995869444,-0.07109150572642753,17.403407594309325
5.932269883425314,0.017762608107340417,0.7964395201240679,14.628543011315063
1.155913831847037,0.013704690952021804,1.1300640786613987,7.351434579861176
2.5496024381814255,0.0424463743302291,-0.880205598878464,6.203830487954733
1.2560015735355687,0.013794284749353923,1.510206387686151,7.638172955430729
2.5464053483902633,0.010401442929656429,0.7007493603081514,12.52451633027258
5.916981816538518,0.04444901504679769,1.5362673565620044,9.235555790220026
1.1948046767250686,0.0279042792366926,-0.9770661358222907,5.2378980612639845
1.159403935619987,0.04995789221295941,-0.4242958178838725,3.8561979687289294
3.257816340228059,0.014732725822434494,1.214293752291681,11.903254933152386
2.3065720171876727,0.04235569484824326,1.027819878526436,5.907062878962018
4.261614303984572,0.014479439750950646,-0.42152852256056206,13.732676242759059
2.0353752954904176,0.03098371111269527,0.05654170440845374,6.487830900283669
1.4294210872962365,0.04827457408744831,-0.9140846272177305,4.355769169965091
1.828846815724837,0.045011797019253105,1.9683812235383469,5.102340988785761
3.61083719628459,0.024479274149146482,-0.9500452610166294,9.721844615815716
5.9968585101109735,0.03501795180458583,0.9718337096736915,10.475156509767997
3.4677412574843878,0.008789012215140298,0.7250072821174662,15.900006374895982
3.120898429772732,0.013305260351682367,1.072238324531206,12.259481949810153
5.111510631050896,0.007633312360407138,0.5952097707389865,20.713911039033807
5.286377050327968,0.03186555304305137,-0.3709207768953757,10.310086940999657
4.465663727645145,0.021778719727407626,-0.660275952952629,11.462275037683922
3.382868850795314,0.023819147579466904,0.18915983785141055,9.539452781202623
1.6473584058003323,0.029325455485931497,1.4171947506249483,5.999508247434016
1.2000051333378075,0.014891667856383524,0.044392902746156704,7.185613788307474
1.5824393500296656,0.013316285109617087,1.6338670967523052,8.726015580751351
5.520705258318467,0.044978241027857295,0.3719989353324331,8.868293069424748
1.4969165578556267,0.031229626183477015,0.4589944565289761,5.54190903478945
3.464843966136197,0.036467686109969304,0.4457315119785257,7.802463155254137
4.758724924954861,0.03268197790415668,-0.41040340343117276,9.659065795763038
1.0767779514114002,0.042714914224522484,-0.6433269497719556,4.018993441768742
4.2005458516587915,0.03154428683647222,-0.2582210715617135,9.237118136049313
1.1400100029917883,0.02968027710127729,1.2484294242894691,4.960944233451301
3.7099072620166336,0.013622782591968155,0.3886578052059311,13.209689323467057
4.56320575897273,0.04234738886939736,-0.8188148242133213,8.309324071527623
4.454677198015288,0.006144421783321805,0.2874171258097844,21.553192070290024
4.218296496876988,0.027364745507215172,0.5581137606848463,9.938408281356045
2.7482535405272306,0.020506299297059837,-0.7121145144900112,9.266777636311547
2.6076029834290853,0.02299563615079465,1.4830901855584244,8.523971915734245
1.533566024533083,0.015272021616231597,-0.3213857971228642,8.021340715245566
2.2445348391432125,0.04727796591717345,0.34464344422687687,5.515409635664096
4.214411310687657,0.029608263554767,1.2187056152132718,9.55005736245687
5.306701596205869,0.028121680257146613,0.2858940942189543,10.99602428593586
5.056726808629552,0.02168279379134589,0.3593578819573655,12.224218825925616
4.099741266574805,0.03243818133860344,1.5300438407021928,8.998994072813126
3.238423616366238,0.03632849547616053,1.3013052585752356,7.557655865234467
4.036864231725882,0.03814891111225745,1.1979408998534136,8.234267818255846
1.3997747588187615,0.027011410567120277,-0.6635656369109949,5.762347388867115
5.922598224052846,0.04482531759916587,1.0636964398754438,9.20107218945677
1.4926751642133398,0.027620604159638667,1.9671932498767188,5.8845066262839225
2.4227944904326972,0.03198250188856386,-0.9057641267184777,6.967004023025677
5.87862164339606,0.036070190541716944,1.68791813671967,10.218979457223409
2.5690286848447474,0.04641816359589556,-0.48257673888753416,5.955037340751307
2.6967692282775197,0.01939801293055711,-0.6447122850072282,9.438158349286892
3.6962718362742324,0.013932023428162223,0.9359428440425097,13.038236165285577
1.3262720080104222,0.043080165476709134,1.6962717832612535,4.441417609273285
5.463875390673317,0.02934784015424801,0.7347246676060628,10.922104070358275
4.989733413113612,0.03780280131982496,1.0908768064138217,9.196459644126335
3.5166861578041884,0.012841555142058717,0.6844874020143354,13.246525663823348
4.6434229147928985,0.03985079579493338,-0.31066081186346106,8.640614123479086
5.281848324533865,0.025133366211275623,0.5107265602791013,11.604104280301573
4.6544360987205575,0.04921478031266472,0.616328926223489,7.784482567334131
5.036526223012803,0.02552557845108641,1.2948867477825932,11.244023461321095
5.944389058723477,0.047767414495999076,1.714275160566217,8.929594452177046
1.344075872728461,0.009963847896037775,-0.7953215465448897,9.296989441931087
3.3415049667682584,0.047676544635559724,0.22208052891858232,6.701355525282879
2.284524353436616,0.025241883511207333,-0.7076890910128949,7.61519461438996
5.040094077230262,0.027867670623591908,0.3966662779017216,10.764973790594048
4.851714737239049,0.042461963245394044,0.3958348524025561,8.5564099428509
1.1704143925363195,0.0478752116545547,1.4410473958250591,3.9578420929710276
3.6837462392035283,0.028832349655560773,-0.378700329491361,9.047921508909566
5.990165990944998,0.043021524098432594,0.7467383757011508,9.445403652309668
3.9841067874646305,0.009843781344231358,-0.5191893859387028,16.103804730009024
2.3521337221903433,0.03708091609152509,0.9609024979628926,6.375287381792212
5.727169187108814,0.0460280673352339,1.5838062273898434,8.92899595606399
1.5349855755152104,0.010884023694604525,-0.8811064560361762,9.50607857589479
3.597600576090329,0.03001982578888363,0.08825923786960543,8.76287018413206
4.9177820233595035,0.011656203897228396,1.1289168558152491,16.441826436395374
3.010404636271603,0.014438429857882233,0.15967289018564235,11.558366017623465
4.271874892295256,0.04504301675261104,-0.8009289962502499,7.795419974197409
1.3015318426028053,0.0377936170609133,1.3517793069273352,4.697449927829031
4.3585865614376385,0.008206687894695369,-0.16902649101975054,18.4473024757568
4.367149816638398,0.04741706701839563,0.16408878228019197,7.682024563972138
2.276033673013046,0.021785515055747242,-0.9168433295670337,8.181810474983736
1.1267331279529504,0.010826225702039137,0.36269444716578403,8.166124240337497
4.924389947409775,0.019704428059476326,-0.14133148025457598,12.654304800821317
1.457929123274332,0.03230345036413689,0.6521217820023071,5.3775906412433745
3.82269719330396,0.04916962225259652,1.6569166733905054,7.057981288391327
1.0927092931160747,0.013407219454134905,-0.8621256813194315,7.226482394555465
4.117050837365186,0.03765220298969162,1.3985034951501518,8.370317058057593
2.2347949171885566,0.022174343306726914,-0.16290509434517964,8.0359540295322
3.2429836923941,0.03565204384426967,-0.8231699264013084,7.634386733812092
3.718007802471974,0.014762201579637316,-0.519677020333702,12.703505280654785
3.4833390860712083,0.028464326937024508,1.8617117252266033,8.85505793002993
2.5064532092305774,0.00949013497837657,-0.19462414555070406,13.00881075266639
5.688315583429599,0.017699724750637264,-0.6325201349156171,14.350022259625806
5.01665297475536,0.019350663276723086,1.3515426881562895,12.888521245700526
4.774698091497333,0.04827790731976076,1.3007586994316949,7.960543674002147
1.1037738261572647,0.04637393750741551,1.0860698920390588,3.905233887335206
5.850812150336801,0.04543274917788808,1.7903443388612539,9.083799890174571
5.44253827534389,0.014811610558646913,-0.5762809964841425,15.344176781084688
2.2557743669569543,0.04284094849123084,1.0927057420572588,5.80847707550555
2.2105389212520152,0.02112352658782692,-0.5694426058820077,8.188603824409055
3.2227373244163933,0.028819462409238543,1.0862590133469712,8.464737729424343
1.6387548160805023,0.027679301619803656,0.783582201185713,6.159187371288388
4.389946541791127,0.017695355781233407,-0.5884551566092312,12.607934853157753
3.6455746480197346,0.02126859081356046,0.13262687137299478,10.479911845086308
3.943991003856594,0.014350670675105186,0.5995597399135302,13.270150503805533
5.641148878875622,0.020818103082074307,0.5945727570395114,13.176716230201041
5.711095410265181,0.016766288922069123,1.6205278533940168,14.77356218793679
5.668110251536114,0.038246368133042316,0.7599822176410673,9.744690135681934
2.2255013354331044,0.01660316084847231,0.1745195228672043,9.267498655357398
4.536501695821078,0.009265309822277926,0.9156172007140264,17.712283521999506
5.625852321936941,0.011065231835726646,1.8998126617796087,18.049197403530417
2.1364507140591287,0.01572321934431918,1.23996757559003,9.330817440876492
2.143394904124933,0.027027434701794667,0.48847160374149645,7.12841004092685
5.743779225542949,0.005221955475674607,0.42784314021797787,26.547661820385503
5.371697862120091,0.03454901966397531,0.31674668272219186,9.981180604566404
3.419020128924249,0.025179346269581074,0.4623912179978791,9.32765755193185
3.685730710622607,0.006476181293107862,1.8862187523480256,19.096170845864275
3.240559232460444,0.02275948969913122,-0.5772778649402447,9.551524887353724
3.7085786009136568,0.0416389010558503,0.849505699147926,7.554367429841069
5.112306950283444,0.039385728941179234,1.9143764357088369,9.119751543735026
5.777713960040659,0.015714777241733435,1.254909303172289,15.348569098523454
3.1129488287420233,0.03188823672506311,0.6227643958075242,7.90887529742409
3.206974489220629,0.020681994112704126,1.650057947304279,9.96771328421886
1.6817681296521272,0.010547980101739072,1.5724242102747277,10.107468531115762
4.556059625771096,0.020387824897575922,-0.711102136970885,11.966116914951254
3.1269932197854162,0.03067070309254836,1.603207210463018,8.082497772533578
4.696566504755415,0.041455885206300114,1.8905957735285295,8.520030146191965
4.24831820311398,0.04310526777319388,0.34732447761817564,7.94670946376454
5.114833298836714,0.007459750614934053,-0.35477690835856424,20.960304000365667
2.227851101841866,0.038019278877087684,0.8838914026756939,6.127525578682083
3.136278637549984,0.01823442361294022,1.337111219399171,10.497969090649137
2.855353857229274,0.03242083035168868,0.6599206758818523,7.512109181920481
3.692415697091866,0.04581654245287753,1.8061364028613571,7.186015141850215
5.698277361401477,0.041024340540946586,1.7140413092996853,9.433980575520618
1.61274967878987,0.04622777939685621,-0.21875288783989133,4.727983537562178
5.828509673557474,0.010668010913682786,-0.9517321732559393,18.71031179835861
4.459758285611533,0.013297349625051181,-0.2851255537059669,14.65943075372254
2.550077774090404,0.008502594258304746,0.23990004737156845,13.862609038476624
5.067562688766965,0.04515431024546856,-0.11971367294827373,8.479962824813832
1.1282290885175452,0.04484331897528411,1.9140299516395984,4.015075922020878
3.4804391964565116,0.04144158791793398,0.3528801999837443,7.335721267576389
5.341548771132181,0.014847418026152432,-0.23915291265184413,15.182808721912531
1.6644378025143318,0.006012900640375251,1.712011258682387,13.317900363527169
3.894805361376158,0.037783758730271275,1.8995061578883217,8.127075411658717
2.304840098254986,0.01437282056845033,0.1897319095909622,10.136625187070956
2.1037921985445602,0.011372449353877465,0.18697762620532354,10.887255228810533
5.1592873173978875,0.018031267831736034,-0.04466445463636648,13.540219808264226
5.344328248749186,0.02665573437390398,1.5470504931611941,11.33431363787087
5.387755781493604,0.02762669720427402,-0.2231975269162254,11.178498082679553
4.187616921213289,0.03006202725128775,-0.6412583169092323,9.44753110930423
4.405404012748068,0.04147735360725314,1.59989019349955,8.249570563315789
3.95613041030764,0.04914103935144958,-0.14655343816875677,7.182193813457576
2.730329270914942,0.03473879887642875,-0.8032509633546563,7.096498300637011
5.884025938738306,0.006943015510783445,-0.8062711629004939,23.30275189615047
1.0078745800919238,0.021892840012648285,-0.8473913082326883,5.431204856156182
3.2820811819507707,0.048097348919568586,-0.32223694350203436,6.612384203218812
3.559481127404506,0.03886276998767683,0.3414009897355612,7.66073537827024
1.9618729679871656,0.026406395789438625,0.7038081712536179,6.899615150318851
1.518204696911707,0.008935164478785961,0.25110701090135845,10.434169305977152
4.232422105095444,0.021048825026127618,-0.4731932701326673,11.350749719699603
2.056651614333358,0.0380989908555563,1.6588985528053795,5.881222619404554
4.223443005303659,0.046850853756596714,1.337680657026246,7.600086827838954
1.9659839732961106,0.03161996752478682,-0.47866870763195846,6.3118005442606915
4.210990918692749,0.023537770504664286,0.14058288043221978,10.706646899695516
5.609229871684567,0.01092747576649035,-0.9474735712948037,18.135756779720584
5.0771117927050975,0.017703569052911268,1.2756558456528868,13.555699664568605
4.143147128424002,0.049817410478799444,0.08298320702535245,7.299928277529018
1.860547600655455,0.01685090817293878,0.5406611453662382,8.411098647738521
3.7566890169635405,0.046822428118405555,-0.2960129378474723,7.170008103467853
2.885139491298929,0.031571646885580014,1.028747540980874,7.652067265079698
4.107194029433906,0.01590661391137042,-0.48497269298545986,12.86256936307967
5.5230520904584335,0.033189938173288344,1.3367285328797678,10.32595760542806
4.887759876297286,0.040665438683812616,-0.7073164964689498,8.775789345293093
3.460113380572659,0.008711628381075476,1.7658567155029523,15.95289417031308
3.3372593768687056,0.017397921483495404,0.7483528839076756,11.086393451130988
3.7741258950983116,0.040274910103297236,0.05493965900557818,7.748807844741482
1.8389288640436023,0.03076247175528132,1.8632317731084513,6.188933846413664
3.5838712086419697,0.0476541789935779,-0.1798135586739763,6.941761541355619
2.1012527002569077,0.028517627656548552,1.4329733591703513,6.871102620998844
4.307978488733705,0.005863858401840368,-0.30846829303479173,21.69646676550809
3.264692690904131,0.016674907870529145,0.6025547868907848,11.20039713016538
1.8811455540570834,0.041302338168545345,-0.7041949292584181,5.402165323561381
3.3771086606728202,0.01924240645970037,1.0096334017364872,10.604417432542864
5.798836599396567,0.020101208232037728,1.8868571329879114,13.595755446263128
5.933941171938615,0.006779175609234229,-0.7435918717374658,23.682479274480468
4.6311168044457105,0.032101240780097656,1.0848995474607919,9.614483258506414
2.8100138195694937,0.01879441415132633,1.3694528020325372,9.787771483477535
4.85233348348899,0.04325420302706021,1.0707795657211054,8.47822919602892
1.0919113488935006,0.008432563809105242,-0.5611177120424127,9.108730684384096
5.757306064332575,0.04517651023731075,0.05884075961634161,9.03643873713996
3.8174216639721243,0.02233767111746201,1.7623133016571506,10.464298277363367
2.933214800947054,0.035274348000097024,-0.45657502476716716,7.299387609925502
5.840165315670261,0.04794938737059512,-0.6858136681564357,8.834155280578283
1.4330095513353243,0.0347936355019747,1.155968653871116,5.137107187469857
4.09042438407541,0.006149489976707753,0.927446050481094,20.644702319650833
2.9838786514143902,0.044461090735685174,1.7976421500405415,6.5575938074845075
1.7648042848207686,0.04900628261630915,-0.3779400820821368,4.803595002943568
4.221732084706955,0.014460809028360267,-0.9231030857422843,13.677068715105413
2.5039295300830657,0.02488295654293663,0.3678389197015002,8.029787461666205
4.322480119637322,0.02853287531725227,0.06508953348923763,9.852302158336219
4.61041029599561,0.020209098118750594,-0.09318765818853292,12.090390043793217
5.183062256128195,0.027093005471715063,-0.3051778325292437,11.071554700040785
5.894572451608494,0.006199631897681492,1.6596794442223253,24.68238900644003
2.5943720478105736,0.013682723753033518,1.6371720099076912,11.022340893775514
5.418618955922772,0.04600923541934372,0.07386107628029315,8.68691931155113
5.509902357095248,0.012903669634835236,1.280564392867177,16.5409071298545
1.082087901667344,0.03454357637566359,1.5599281122957698,4.480140262148303
2.504035289836229,0.04830547906217047,-0.9963229345042598,5.763230845656748
4.572120677274933,0.02843241557447317,-0.3702596121934245,10.15069907429128
4.117802731363687,0.04105803455243227,1.0895932736759515,8.016368641047576
2.8151272627032276,0.007938308673446876,0.9275351881394158,15.074017497280371
2.5164879861666796,0.012213787919977709,1.327625686161138,11.489899581698786
5.983344112894226,0.009111339099377887,1.0084548944845748,20.512796658792773
5.21839946383652,0.01440539139766514,0.6304566999907941,15.23526872427465
5.799508235650705,0.007933848455818727,-0.6117028506517252,21.642011530399913
4.239563253885217,0.01860472526813369,0.005690160267930455,12.083504794318364
5.67920226571163,0.015799810469815417,1.938987392691439,15.176153803540192
3.7969493727315413,0.03698926213200083,0.3970006014087797,8.110050508024786
1.7466727639633066,0.04308624838547854,-0.1290379316431749,5.096598516732591
1.0512350732725209,0.031409893713324574,0.641610042065407,4.630849612211744
2.4523528012071383,0.01226800008986434,0.8033128930593334,11.31744985617507
5.508104851956431,0.019786318859894608,-0.7760132569447296,13.355574903895045
2.3777051697567275,0.012564520735297954,-0.675460513959561,11.011589856386271
1.7245500231099373,0.04762096014210534,-0.12241369484170916,4.8170684108361055
1.34929337970254,0.02727792920912062,0.8732199681842909,5.629780798799161
4.759891844585621,0.007842463855106781,-0.3921386542314481,19.72042494937187
1.6041076725799321,0.024013589283479173,0.5365424962319028,6.542326416046095
4.521728000637661,0.04642364519357834,1.6577107030746725,7.8999908395845
2.2173994622996958,0.011400089497447984,1.116924950120791,11.163794364676033
3.2876891189212047,0.044942147802529434,1.1954839010314546,6.84640285164648
2.937543968240492,0.017951985922466194,1.0398023913538896,10.239527767924699
3.918923325943946,0.04457770502045222,1.8852342755793776,7.505308010438417
1.129840683145415,0.03644423567552169,-0.9159194695319213,4.456954195724844
3.492333078959083,0.023612946460373884,-0.7018670266570517,9.73479313798592
5.5639542429781335,0.0407299696933599,-0.33225707459830855,9.355752431392578
2.4397814860958853,0.0050484164356145505,1.2567191809684988,17.597131094914825
3.90079591360544,0.006999725327446718,1.2721621268623196,18.89644487970626
3.8902096607787815,0.03463467501655533,1.639084653649662,8.483497481987706
5.533185129831755,0.024864991520588013,1.5630250985758796,11.94091020689318
4.43104871544315,0.041384584446769304,0.3202000793679938,8.282814836383963
4.128495895447632,0.04363076659057253,0.6458946941797845,7.786521668641965
3.44292122074851,0.005870421919129839,1.0309374372814202,19.38531553773076
5.718405481522855,0.048013694624081706,0.77455473527472,8.735723919818758
2.1487611303834764,0.031584835954272764,1.796821337962533,6.602353092274013
3.7758765208788088,0.03462542494992079,-0.4627380700806899,8.35901925115202
4.212028752357133,0.011080128191060938,1.225202427139033,15.606922033421572
2.7099054426894127,0.00538022895588148,1.966988167071149,17.964729388006425
5.912620908213135,0.03667369175696945,1.898789962685934,10.16381360565352
1.8410692238756527,0.014222171218055801,0.09215147638734256,9.107435358814127
5.241339288892592,0.024142751186636276,-0.6271573506713455,11.794288514405647
3.058972324224882,0.03109633429256821,1.8607982055680279,7.939207729211917
4.554227905100799,0.041002061161619884,-0.7147818364110763,8.436232206967784
1.4892553907911386,0.013729756057118361,0.5963515080895263,8.33675751416906
1.3641861874359336,0.04314404003219165,0.534346625459575,4.501118105068728
1.7380028836341133,0.015820297859497193,-0.32812041376904844,8.389998980690113
1.8049962700684223,0.044805919277894374,-0.5907100991675382,5.080593497763589
1.432576437621588,0.042503769102747085,0.2668519495695789,4.647176526542861
5.3547681041987145,0.021180751197299664,-0.18234372622651862,12.727515783120406
3.8285454908582404,0.038628901631237444,1.0500229897600528,7.969016311647382
4.839376300832871,0.019869568845044882,0.6424421857875817,12.492359242250258
2.686883340531296,0.026900887062995517,-0.971647350316303,7.9999098759402285
2.4551640000085677,0.03721013063853467,1.5745706863790954,6.502100023196076
2.8768731004690737,0.035839341498937,1.012399529619326,7.17173661818408
4.237423705656608,0.04808990315534505,1.7653164077843835,7.51394452574068
3.7656582643211696,0.018815062569299087,0.9050436340113892,11.32430632906139
2.9896717084930415,0.04845582807191486,0.41158658309311447,6.28756851730478
3.7639335496642436,0.04641214056736391,1.5192571470427438,7.2085707295831964
4.998797632418725,0.030618267571404637,0.7936308736044078,10.22789969965767
3.9701782232136935,0.047580832670629,0.1932570122228885,7.311945945845357
1.834260546321728,0.010554239511300923,-0.42909263202782233,10.552637734548046
1.824542530578334,0.023517133226579237,-0.9436978634372083,7.050644142005443
4.818244840884576,0.025562408494142833,0.6917485662256664,10.989743013272202
4.103351785686064,0.027179515392188026,-0.3983099442717255,9.835410953861444
3.3634737024350767,0.03986832032486401,0.4739125281642318,7.352313864637564
4.196383213956041,0.049750292531984486,1.001388768660319,7.351631685751993
5.988348623415664,0.029217390895693893,1.8145719799890285,11.459794032347377
5.551560493929527,0.027304094022492786,-0.6218848123007485,11.413994071038973
5.367088619923614,0.028991695499405373,-0.40013782149666655,10.891220872535467
4.430836459406281,0.034364533605549336,1.9178241349063136,9.089324803261233
4.993774364306778,0.008460793518655212,-0.5556223212376135,19.447012765468987
1.7158266592249096,0.03869525901173428,0.9557306405456305,5.330302008909501
1.8155982418123084,0.030587252368273223,-0.9618024571492106,6.167137527102127
5.852059386533954,0.005942833019684854,1.5877933339765513,25.118956174251217
4.206771650939921,0.00747189369840194,1.5140622540256539,18.993417587647055
2.5472050169722538,0.03870163755441031,1.8798337224267465,6.493984829585468
1.6286813387878272,0.01317345932345099,1.7888025889856887,8.900453436693267
1.948253404510519,0.013689652179940993,0.44270264349996147,9.54927729424024
4.938362310159683,0.016147457217809007,0.2033177586875714,13.998560968794001
3.867550011018769,0.02419408913379227,-0.9476302702709534,10.12062470797527
4.99164746561863,0.03413793813577162,-0.10681297249634225,9.679374629916405
2.074214351006727,0.04283525767770224,1.1265623393356878,5.5701913585851495
2.462801080414046,0.02731038147636026,1.8514908589675425,7.601420787722581
5.598010538585566,0.01908592921959153,0.8926876144815412,13.708949958263405
3.6601138862625664,0.04326344529607484,-0.7822303347602896,7.362592063620868
2.64843957477811,0.014399043333908325,1.8275446034341343,10.85605924528944
4.3369474088075375,0.008287142307144224,1.6756918732592103,18.311911016881567
5.675420606901481,0.025475403656962586,1.1195145659478336,11.947649651702706
2.9416905608979436,0.01083224770280643,1.3602783113003034,13.19116619204597
5.381371097179177,0.04964178690366592,-0.5584515073247734,8.33425448966525
5.5711052037885205,0.03424590141108536,-0.13529536712569978,10.20963858329919
4.999539922327445,0.04539324451418262,1.787818115015472,8.400659797196694
3.231919178804115,0.02709875562202927,-0.8306379195935933,8.741773734805024
2.7037663761194923,0.02000609396010826,0.8006807854999412,9.305665107528744
4.592450523935693,0.04506579436532334,0.6221921836080897,8.080583409019445
2.644353262203074,0.009860761601045577,0.27714594671411064,13.1083641154083
4.786799179035882,0.005270637500749699,1.7214808711267122,24.12320568303271
5.774281493019005,0.012209151190546743,0.5819547748784626,17.4080541785428
1.7443321939673648,0.015390199234332828,0.07086975882626323,8.521900651443067
4.8040873098248,0.016340268884957942,1.6551006696417074,13.725236489971142
2.6034438296058484,0.041428320432909845,0.5144805830683812,6.345552365404398
1.340300471699706,0.036971139024255376,-0.38818456301134896,4.819629562487486
5.629363534439419,0.04690052806568027,0.7167941717286657,8.76970069125751
3.519529791891842,0.01411884044479645,0.9295458748624834,12.638245793029556
5.6822252961036135,0.04212040263241213,-0.5076640479180043,9.29730240988835
3.8024421585986725,0.018301801781695076,0.32513312360285496,11.53794260492678
5.212583440368566,0.019864724077635655,-0.06334401559023228,12.966693077822638
3.7410795493450757,0.027977684471611117,-0.11085273769790915,9.25628199969204
1.9169971750596138,0.04217863342931728,1.4551718989660118,5.396453930419661
5.574509748346181,0.006183373111498266,-0.3887065924273563,24.034472941574386
3.6744105209362097,0.049851932787803116,-0.4700615755981885,6.872216410942955
5.953998211280953,0.046689062027333604,0.4917988743708994,9.039424152773464
1.5863463278668255,0.03962453807551024,-0.7261793405572022,5.064783518985328
1.0880079394509572,0.008184032358365394,-0.7996465857325258,9.229461299068836
4.0304359716209905,0.0070738966822155875,0.07906490156766544,19.106918301575178
2.6797890868919336,0.01856710900876121,1.8066469785395807,9.61661331155115
4.429629385232238,0.006431387701347078,0.6660832808559625,21.007546817384164
1.6274547301878428,0.029363096680493004,1.2530233237899373,5.959331171213079
2.616959922111844,0.023375584614176912,-0.682377286737196,8.469568501469881
5.229106090153653,0.02206778008545609,0.8783436058109619,12.321920219834231
5.494441220028183,0.04722309547610285,0.3042608041976922,8.634327743905121
3.475542164688319,0.02263539416143959,0.04908600197995683,9.918848109321399
1.7063793230843616,0.022505479888226022,0.07186145587449633,6.97007804109094
5.926550933453099,0.033425811442991456,1.0949529156482596,10.658694651811501
1.0781484552370473,0.018438631678746795,-0.3589280885476751,6.120951349276513
2.5451882927044487,0.020531117368292596,-0.49254086469821146,8.912461264668902
3.035323457413149,0.01893252143048834,0.141973894175081,10.135431674015324
5.681999035619301,0.02034929846698798,1.4117812478635274,13.375802473093682
2.3720456662343468,0.028003830832234528,1.9007671577177576,7.367103815258536
2.6219750788920284,0.006757051721462922,-0.38364127529535375,15.768110251017314
4.0480807002668495,0.04073967641356941,-0.26144343589818875,7.979207939784469
1.0328835034654875,0.026525507082541703,1.4478148051556263,4.995026686623053
1.3729661971765137,0.03983295882729774,1.2191994917422675,4.699510545625444
2.1083765620925945,0.034015368850725564,-0.31643708684345606,6.3020303047583806
1.1723504232024713,0.027265962524329206,0.28639453815731764,5.248827441113963
1.950337736872144,0.008834516087975787,1.1632924712381385,11.893440896751086
5.883757072983697,0.04884479599766297,0.24861569815590778,8.785413485273196
4.338270787656626,0.044243877394666745,-0.5414314003611872,7.926395308801089
1.6449577298105562,0.022427943135150535,0.9489513153250666,6.8553027270458005
1.7286539190728658,0.027633343719340314,0.36163731600079574,6.331130970438755
5.793271155693274,0.0057737208723993745,-0.8685569371278472,25.355841346652877
2.970078833258153,0.04404396292046914,1.351329851492486,6.573320135474749
4.861353043373181,0.02848454793221981,-0.34419456153160777,10.457259972903557
2.4965892502291296,0.04120632392869065,-0.16783121652292532,6.230682219340577
2.7052690979065055,0.02467650893882877,0.21486960740036354,8.381222421949891
5.486243110672536,0.007902438108165512,1.462221688764223,21.091184092380534
5.443389426618966,0.04735374384556147,0.02313268942871649,8.58225732758367
1.1859766567465169,0.03956665611305708,1.1776929969114471,4.382454199524154
3.8251127822066575,0.008559534943324053,-0.9767539703205814,16.92158451854943
2.9580177068424556,0.03394940249478858,0.162140918838652,7.471852789528242
5.61160308749178,0.02938710190751348,0.2948091978195351,11.061374160849178
2.264203655232756,0.03227130121153022,-0.9062283851302595,6.704918369891811
5.208525110842709,0.006829944769541196,1.1365495075846845,22.105114814387363
5.423336640620355,0.04031427891600141,1.710828567355203,9.28427131027291
3.754670737138513,0.005595383335038918,0.6933134353836801,20.73552311277873
3.2903189400511863,0.041424841437429735,0.3838433759309168,7.133991064776114
3.8617674645448976,0.03499635566617536,1.6930882496460264,8.408637660891662
5.88041078878704,0.04956415360175667,0.578926062220936,8.71894575042706
4.580876563201562,0.011624280167841654,-0.11390284311139298,15.890415383644141
5.841776472299058,0.027996546867240686,1.7770413378148735,11.562832201936832
2.294834398747539,0.03327396759601969,0.04313187236375926,6.647638136514195
1.5534888069834754,0.04416686005300006,1.0345515796656626,4.747334040366017
5.08248342313089,0.021517151368550123,0.18246775229035084,12.302392749865609
1.0378793803336706,0.02750779032107523,-0.6255177672422598,4.916879658927922
1.0623013195822382,0.009458891723056601,1.179022427434293,8.482965937931079
5.129459255820922,0.010216326982566592,0.6313285931917538,17.936280608961322
3.0139863230489436,0.01837402106261417,-0.08295841535299076,10.252092675268617
3.619601467665675,0.014754123980964283,-0.2945393701333231,12.537693630152056
2.184649252757507,0.0331031590908088,0.9883850625994395,6.502795992247779
1.4818213194206367,0.04627353787918169,-0.962029785089903,4.529763798297288
5.075265265554711,0.01214028729563891,0.5861459647717293,16.366615537066522
2.30543578203053,0.038639888433068634,0.8112291476433624,6.183047352812815
3.193247089615452,0.020312400796830075,1.099958818856979,10.036438404370545
2.85897519471862,0.038132662355718924,-0.26510353537510534,6.931075336319119
5.081222734320818,0.005364838208800825,-0.7973680452618763,24.634842579118278
5.069010553778302,0.009522936109051725,1.2290399241123513,18.46801217332634
3.768608389710031,0.02548861592935153,-0.266278908320677,9.73332821617113
5.811561296552119,0.04183597719911649,1.3903684513046684,9.434425129471181
5.006703606030053,0.03266016581771061,0.09595728083067012,9.910846233867904
4.737293239370667,0.02365371545423968,0.489531509999763,11.328161708656067
1.5120360521897207,0.010239494266327946,0.22013196068667717,9.727154395775425
4.005414214868646,0.010268413706706305,1.5545150443848907,15.809423311173745
4.199223670830798,0.047323583104210434,0.8586091104743923,7.540318379793083
2.3669305645814376,0.009239435221142577,1.2942233331381106,12.811914630469666
5.813392053551437,0.025849131135176562,0.5115159991143914,12.004271828407868
5.511010136812505,0.0073116385206824655,1.8610453553371467,21.976181768351434
4.901623554586079,0.028885413565321767,0.2550189088574297,10.42736730627039
2.8389356347211843,0.014765727152384379,1.6932012863990376,11.099268137742905
2.0837816217499565,0.02409153954264087,-0.14844611819839426,7.444539085842464
3.5753637603642816,0.012335609853809083,1.9266894465618387,13.627738583407057
4.762332432836241,0.03370532435630922,1.0504888331331808,9.514907886426158
4.872748777238172,0.01772920545591286,0.8134344386376613,13.270471812895893
2.651813197456806,0.02683810839283587,-0.24454003397523505,7.9568194274699335
5.562313459194053,0.029138582216853295,-0.5377374991065592,11.05955139385726
2.318853771209726,0.02864397773047462,-0.9698090312741121,7.202180597736245
3.6253254141392954,0.018348737111238418,1.922470109454025,11.251602950627513
3.5921995915760294,0.049800763435292945,0.5762666308062847,6.798392256444358
2.6992905316346274,0.010744690500661647,-0.4837685740342904,12.687377155982935
2.4272084932708573,0.03343528469647164,-0.1796840471136556,6.820167149573561
1.9265461051393156,0.0379203233396453,0.17198013823075864,5.705552122857468
2.509253718522195,0.01983725942888488,0.9112065590571992,9.002755206606283
4.460312481735683,0.03875067333900443,0.5065031156641846,8.58790053752743
3.1002718840748673,0.019574470166952483,1.2050936013004359,10.073928701582197
4.538464078681568,0.04194889349454015,-0.6473751598233515,8.326034115746918
5.019794983985068,0.023502920406075045,1.1446265064876906,11.69838917038424
5.166835416740977,0.044432330927194154,0.22684980101169616,8.63190705024053
3.4935562156588817,0.018499533918448954,0.4564786043242366,11.000121048945472
4.116507626322837,0.024151743715530374,-0.8354965993747558,10.450431095870028
3.276100452260505,0.029612764968447978,0.8005000443629655,8.419438223521633
4.7321616837980764,0.02044086561447954,0.10687147514102024,12.179350688239582
5.526936882498062,0.03865810738011422,-0.771598985630946,9.571190233159118
2.803772510324917,0.011518172059695684,1.1792735593765498,12.488882957173958
2.4342062552750394,0.03880293012399039,1.1479709994159517,6.340016905719808
4.809859937103813,0.030515944268931786,-0.7494667695803696,10.049554231103993
3.008108170771195,0.022383526806297977,1.2235343304363426,9.279540174186824
5.806537548762565,0.02913234154005253,-0.15791780791293175,11.300948939939135
3.6429643153974918,0.01968782276026816,-0.1460947112378156,10.888614010303334
3.318477176105996,0.03815593453055946,0.2208776081773267,7.465043791836213
3.634300320453476,0.030223389521710282,-0.7060395769985139,8.777742000541602
3.96133135241873,0.011161332323101163,-0.9255686831368581,15.080181053485383
4.075304590204442,0.01809571537223701,1.480679943626526,12.012575997611238
3.9971228432133294,0.03297095880952861,0.9556778395020253,8.813571846115265
5.09484232586148,0.009371144489815362,0.7781231026434066,18.664357598514915
1.009353178907241,0.023980781537612704,0.13761159097959386,5.193186278635483
1.504388431072427,0.04257575231739864,-0.07968424691938447,4.7582013607488385
5.097343582706042,0.027973559827702783,1.46866190832578,10.805430522770198
2.346637880767622,0.011491205599061412,0.3391794468761915,11.438899139843926
1.8770030379223948,0.025447823261688745,-0.18877064401343147,6.874658945942161
4.019115687309302,0.025784165153437694,-0.9763147568649618,9.993847226429516
3.800756785302089,0.03415859062575222,-0.36352393416341355,8.443627345287366
5.379001228168087,0.012914192063892365,-0.4291562783017061,16.33658177051162
5.997872143112179,0.025409768631477956,1.605238286123476,12.298219390493319
5.128206890480294,0.017656041079734702,-0.4829950123188703,13.64206433674359
1.9987202285631702,0.03787010619375679,-0.9806284341298269,5.815294752877888
4.926319483798589,0.04366338715639517,0.5437389634454157,8.502498521301575
5.441713192879966,0.046494463255534496,0.3427868095304283,8.659866454019465
2.2035273406682316,0.01706585082082679,-0.2370080296164454,9.095765160493722
3.334027231467472,0.03780517848447684,-0.3735910021721853,7.517144777639865
5.296522366511423,0.04165132324410702,1.5721363883297612,9.026616535706118
1.7320889517682907,0.01695931304369244,-0.5240618551663305,8.089561055113343
4.407806942301021,0.04906214332011419,-0.07930853384274972,7.587208408707564
3.514356839865922,0.02979570344705714,0.740571609309272,8.693408681208217
5.492680680374278,0.006379070758795541,1.9612338707287877,23.48861751012302
4.341094803570041,0.049515564071135484,1.7385133835930753,7.4950193686342335
5.07203296098373,0.02807137892475492,1.3749962140657663,10.759774014165789
3.741506992682086,0.01037689648026435,1.093461964765182,15.199647920818913
1.9495468880438849,0.0374927822023541,-0.2256515132031387,5.772141880278142
3.1570283515706046,0.024412424070979356,1.7061046538059936,9.102858209350352
2.35701263672686,0.009502370582780823,-0.741481722637732,12.606919028379721
1.7534599784474993,0.03306364531322534,0.8377187466939229,5.829301952031723
3.5380553200570826,0.005565829117398528,0.8608799291855072,20.181868173417506
2.110086691614083,0.027485811150507845,-0.08487621865293415,7.013581690803661
1.5483255076233275,0.012940920495842462,0.7087543238333847,8.755733602369308
2.1492854741334746,0.04015161342361907,-0.6619471739671138,5.856518787433866
1.8819250870136277,0.010626108049662446,-0.5162055252088054,10.652659407131138
5.277266017186027,0.016291665061732106,0.6276643308993206,14.406740933617847
5.493055548845505,0.016510757293217007,-0.9956425268780604,14.600491926558092
2.562060570999386,0.013393797115641256,-0.18312267417393735,11.070999422714843
3.4201151253282758,0.03577506725304284,0.3135895009217018,7.8266177389348615
1.3335389962472086,0.049368353354526315,-0.04184750614885768,4.160279692032488
2.690188266828039,0.03391674349491032,1.3919406471175826,7.128994068198141
3.2421870903970103,0.03412062143350878,1.0194656808101352,7.802873382670636
4.85707481233338,0.021939124295673414,1.9874788859385752,11.910273702163137
4.826949162117175,0.011549084759261459,0.9633333658922489,16.364644218050284
2.820796096166748,0.01841499310981674,1.049257711736998,9.907043190454404
2.8219403276957467,0.0481175387664024,-0.41806775743641644,6.13008081879114
4.586053890215965,0.011190118257437208,-0.9292198517769412,16.204895267154857
5.259232176446947,0.04805638053764515,1.0542292088651428,8.37393590924035
3.27320801244826,0.014452677348351237,-0.6646434500249206,12.046382222412516
2.406367535426767,0.03097419199921369,-0.35573624231077017,7.05545419332756
2.869286972266286,0.03170533749634957,0.027930079794317386,7.614910313590233
5.4663268157229705,0.011475460091062357,-0.6785119733610014,17.47055625383012
5.948740627438587,0.005853347670371781,1.373999041425058,25.518453205591147
3.2818782648137135,0.049309427904389115,1.4552959992693415,6.530406889296913
2.34487610421042,0.03420098798129616,0.2258198806937337,6.628032270211834
4.23335003052489,0.037546064224052995,-0.7650809184436971,8.499705334473651
1.3420497077844624,0.03167855497376467,1.5878241450057593,5.210094603698208
4.780541443794019,0.0336963687938804,0.31959275357368133,9.534347619869779
5.27816945938916,0.02567217808849212,1.0961015997355203,11.477684854281033
3.3656395043691556,0.027637459149227876,1.948644507691696,8.833416969227375
2.9748745087125577,0.03433098368060098,1.6652129355882548,7.451353910226491
4.031171265097641,0.02631237646006227,-0.13411407337011005,9.907853525242276
4.980021360728969,0.024239615846717556,1.1506818227486968,11.473521297297864
2.725619779678016,0.019138525232996688,-0.9652522568983842,9.552617564935476
2.3216166592829737,0.026019382040708923,-0.6673959861508525,7.56120053740203
1.4835289799088782,0.010719028726452943,-0.3079841496560687,9.41703727644243
2.4027966888156533,0.030386909015401052,-0.42705316562646756,7.118020580849484
4.224580182779209,0.04407740952984452,-0.6147521085241096,7.836601033283485
4.658021199956371,0.012583853744095862,1.1010032766891076,15.400608795260869
1.202092443576813,0.02154054619040147,0.9947695435666892,5.979771206859804
2.057982287245135,0.022465229134546336,0.7191872736596774,7.661421916651881
4.0235778013645165,0.005331883964890476,-0.558893846988341,21.989221129399784
4.138258836166643,0.02026979954800766,1.7320097299793296,11.437420498437787
2.8445683823355514,0.048120759976135484,-0.4510511842330992,6.154403128336591
4.253539053102193,0.03581030261068955,-0.6450373509054658,8.723990952574004
2.1808945810033245,0.025119352880036153,1.478159276217545,7.458596326034876
2.9350571867726227,0.02958286650375614,1.684812478422896,7.9731906096949
4.306639150548871,0.03387547206548882,-0.3125327253843905,9.025485104908459
1.34527818715144,0.03923149730763228,0.6745024677858802,4.687406285919446
4.750703667942732,0.04477252896311999,1.355716945130891,8.245502874915895
3.0132319383161046,0.012966356367107,0.5933716208744555,12.202569614682549
5.612011153034772,0.006373593741439616,-0.7007633721498734,23.752594991484255
1.4568534953836065,0.007413459809423041,1.4625618483909637,11.221255760475364
1.3111176211509097,0.03648976695818865,0.7210773718488834,4.798210226010292
3.0242856552966684,0.02471434277900749,-0.8087748788389686,8.854842921938145
3.8216856178242375,0.006484658105049246,0.4505994382077039,19.432466468551098
2.2886463983345573,0.01481687431157215,-0.6205154879296255,9.948441269138904
2.9280764406824717,0.03786227801600845,0.5690337076384409,7.039338098404056
3.339420346124138,0.01951364491717854,1.702238264153494,10.471534674457976
4.6380201329957575,0.03898666382636057,0.21432548309340715,8.730764378493689
2.762414078723069,0.011577962660898474,-0.8991605351283124,12.364378941456314
3.2599469250114734,0.04656733792738977,1.4324279868833036,6.697435635074864
5.349605001795125,0.04454560844790542,1.5823240157539291,8.772076292783867
5.555262345833363,0.02093409498916878,-0.722668261056383,13.03974747722181
2.559874659815407,0.029633221905166013,1.959303671522726,7.439845276175661
4.329390349360861,0.02496903460050098,1.1948255092910687,10.540385296498618
1.5176649137229616,0.02009469720408065,1.2648299800872764,6.95650663182763
3.421676392589858,0.03318244847203298,-0.6525583624797964,8.1284781399633
4.543248187335285,0.02010469399985625,-0.331963614567659,12.033126630652019
3.339947536612073,0.024369308432685765,1.2732163493505073,9.371135335657367
4.329611385646585,0.019907258976425524,0.5425659139148555,11.804910942820417
3.224545322379166,0.045693454120384974,1.0484991731957023,6.72436436428915
3.252584312681982,0.03856442573974866,1.6649999349155955,7.351311690132044
1.6496652201179502,0.019172500893070377,1.109168793901544,7.425103564530023
5.516191854108295,0.03053865953542957,1.080159984387436,10.758177015938518
4.16203399303312,0.010287044422457413,1.0140242460329718,16.1009497118304
1.3561202401273584,0.02702946134054058,-0.6506359496229893,5.669886864921328
1.1143452811897143,0.04269327076365812,-0.26531811064123834,4.0895372187243035
2.0284065899581503,0.04383775815041047,1.4721584410449085,5.444993027462396
4.018713413046079,0.022736191942485523,1.9708772843497306,10.64213207424701
3.991735317785211,0.03804011542375119,1.0904642011854722,8.199812938679715
1.471986859836486,0.023267964598594166,0.5515354045031673,6.366734785063078
3.205693077694017,0.036401090722285284,-0.9924572578404443,7.5118647669763075
5.890200063254,0.029041433685956658,0.39239911498879354,11.399872303362667
5.8382983852804715,0.011174406327106088,-0.7601034543655534,18.29679000836381
4.495616572330594,0.010540184896265495,0.44363091083790995,16.531585469956482
5.7065381172085905,0.04682664498568285,0.886697055397061,8.836572186790761
3.4963491597417686,0.039827569007116835,0.9957174166878158,7.499969350707915
1.6940438205482535,0.026166372438992603,0.2173771531524611,6.440721945884256
5.386856021479458,0.024699207414423774,1.3288402225043612,11.821434088690857
1.0156845452715624,0.027169900379127355,1.9744116948051165,4.894173811719522
4.604362239234273,0.04877385642913327,0.07029546764318306,7.7774133948959285
2.3201205636568982,0.04256469169325705,0.5463733272238978,5.909823632382741
3.1945037549344732,0.036573343351676814,1.0444013299106736,7.481063819010137
2.279840227152251,0.038095584609514614,0.21637835190343524,6.192398184362915
2.4801905709240906,0.018466520379366386,-0.06116803122740455,9.2767100138642
2.7372338271783008,0.038835821354606385,1.73337622324747,6.720223107448131
5.158050759803034,0.04584525940856405,1.6827022242920604,8.490623401320455
2.076162873528231,0.02186538362829893,1.466387354094679,7.800027777522304
4.131156266171464,0.028684126799832937,1.093274403611936,9.606362798933679
2.9097463650055597,0.03573727004929224,0.46265222433676456,7.22288782200234
5.498170947851658,0.012523022316739171,0.3662589395280067,16.77252824160864
3.00289005528383,0.04768503160085857,-0.13465773533687786,6.352178129238257
4.067359029942068,0.041551055829451365,-0.9360478874830169,7.91970878821115
3.866695692596559,0.03999185863200391,1.142353857843612,7.870968833915185
4.372768617502235,0.006450483968755062,-0.59632700313997,20.84136158314005
2.979357639238297,0.034044686670552764,-0.6653967304628086,7.488255226424377
4.12203176004383,0.007838016282434655,1.5577711285351268,18.356783078134722
4.60687604931977,0.0083436093590609,0.8253848268011774,18.809197739148836
2.1358280613530427,0.04484907645466664,0.05213057801656418,5.523958174865103
3.884657280613428,0.020398985663319425,0.2748178704971167,11.046280272867566
4.772946159826672,0.04156238943184484,0.43488741792513297,8.578018998804756
2.652822259998743,0.006367772155723154,1.6081681746357521,16.338203777337295
5.887112089657544,0.006518151471610344,0.3694543052132906,24.056526371954526
4.190464393442779,0.0468549151511091,0.625898442683889,7.570028058717107
3.670816480053924,0.014616804807122175,0.4263085252295675,12.685252094808638
1.797607631702355,0.03232013828862086,1.3474847010279065,5.9697320197380215
4.336033480969453,0.04773983637333726,1.864301661914384,7.628687767550919
2.9842827004724066,0.029907136090446935,0.43532180417676214,7.996069438970657
2.510090774327484,0.036631563438070974,0.4191853943233803,6.626145621817058
5.341271642272624,0.01795025089577855,1.3530743564440364,13.80800898239995
1.0996435955256092,0.007314472719861075,0.839688034760173,9.814732152843677
4.298858899201147,0.04291796068091274,-0.4580847609183316,8.011264049676573
3.3224193309269068,0.008323245880131398,0.6759096796864323,15.992812661086397
4.016077366517396,0.007011653411943755,1.1711552050822114,19.157322250079222
1.1623344852190995,0.036024112434003705,1.9906776626948286,4.5468738644063444
3.9992073532039965,0.006723096446419038,-0.10987785308419284,19.52298767532956
2.710367282031253,0.034592378113975156,-0.5089048866776766,7.0854567773638015
4.510535205003232,0.017789683322711015,0.463961880755946,12.746000158844101
4.100349283796536,0.04420267596972189,0.05060419149269535,7.709569634843074
3.8466197321408373,0.032903266817562414,1.4155798813943772,8.654940919809034
3.04805640702917,0.03664859029672568,0.17388174337748685,7.300067109550536
1.492185982321573,0.03686305109963276,1.6785373529954426,5.092837610320088
5.654455535907612,0.03403667010652199,1.1658960537101004,10.317295125997843
5.54858547081145,0.027005500036338104,1.432146089948385,11.473846046593303
4.906081941574035,0.023140629275521504,1.1259951226797802,11.655309383351177
1.6797622405007078,0.007973749344307633,0.36720650703642876,11.61814004751205
2.7270309490177516,0.027347699307569976,1.768216875439017,7.993346235617855
4.987731034686737,0.01537691316929941,0.3558861097463235,14.416536029936475
1.5628200204978473,0.03291031886916702,1.191162673578222,5.516103770838611
5.2797036386248415,0.010412958781532443,0.10492627065243276,18.024436148437502
4.6880052552815155,0.012975648249948016,0.6921039379481808,15.215054161552189
2.1564165549426395,0.009403498751290765,-0.8412405387482704,12.121757254426505
1.7100895022907754,0.04617906121979027,1.9934955717438316,4.871142788584721
1.7789960424233637,0.04583876582365398,1.2177052286248862,4.9867204481654115
1.513798852004599,0.0096618831079884,0.3507408324699224,10.019526217739553
2.7075424164532826,0.01825504857441678,0.37368676678258983,9.748552340739334
2.297698044770301,0.005795789640988235,1.743510603540992,15.938012382932097
1.3043622328109752,0.04986808407854591,-0.8456166411715549,4.0938483979094045
1.4823211231199982,0.024456180284685828,-0.09515436530928345,6.231905007392841
4.369210584442844,0.04612483092603723,1.7366833416335359,7.790728765607543
4.395047023827607,0.04859044718690656,-0.8281852763164232,7.612903149325497
3.6826072526484928,0.042051373482759474,-0.09185395053420531,7.490858598018318
1.1159702822312865,0.01955135020776624,0.10118821738304273,6.04758424696523
2.6789547827188134,0.04573035304719654,1.8992938107859993,6.12666881024096
2.6824851998906425,0.03743831047905224,1.0946266195821446,6.775705728744477
3.640896904232473,0.02372572013503037,-0.48952103311850703,9.916044770412428
4.0596139379742056,0.04472483642919395,-0.3941556632800314,7.6262664841063375
5.917164118908975,0.046740697081671646,0.5880897354167656,9.006440924427222
4.518009406577264,0.020324953065709774,0.5634609365853569,11.934460170710873
1.1128933742487468,0.007968259858016323,1.544786831171462,9.459953981800851
4.623331280545091,0.019593093048940136,-0.942569568699403,12.296173883108684
3.7024965646968653,0.02719994780418059,0.2720622250975524,9.339148616878566
3.315948172529411,0.005324497363843312,-0.48401280496167876,19.97600088363797
2.629468693469514,0.026385253486521078,1.210976275764549,7.990930556252879
3.352439324882257,0.04124740472135967,-0.3540590719519131,7.216492073027992
4.699589711632832,0.03835340071046875,0.7672979313106933,8.86078141080707
4.2204549801309295,0.04360166973225986,1.865973239109735,7.875389916412786
3.5176763700140277,0.008977028564399496,0.20138834874485823,15.845488292048248
1.6865016381021845,0.02174931431519186,1.6602443827222544,7.048790267531676
5.131610533283941,0.010671996319532027,0.5501397901689462,17.552864499566567
3.844725296902582,0.005021920793948535,0.6443017225115928,22.148367345466994
1.8796051971335963,0.01043517843280653,-0.8209455655649665,10.743044348377484
2.5819601281568487,0.03195699855906475,1.184648240891569,7.195082266260804
5.922003086967502,0.007187744543943582,1.7765530892363022,22.97640022623587
3.552368037520169,0.013754635183181749,1.7118192037789135,12.864071007425233
2.018917828922806,0.03193339612712006,0.8494095997438833,6.364741315864758
1.5262791828028863,0.04816754116633562,1.6560696166345772,4.505922746580634
2.377346956131073,0.008444362155148261,1.7455103046861495,13.430953594581423
2.087671805110195,0.021568360456562994,1.8056394165701697,7.875289654879174
2.2862443153180254,0.008118497622220593,1.0810595077368417,13.432828657092823
1.3526105623350446,0.04942878553489128,-0.36779760936771044,4.187361030229761
3.455092319156715,0.006191843297948034,0.3349683134272543,18.908794387386465
3.2433279843394596,0.04783850767917826,1.4516098877884862,6.590989392333499
3.1719052220375863,0.018623900892360865,-0.601813168243766,10.446450837503972
5.656098816640006,0.040573717067362534,-0.13811850775506507,9.451050542148678
5.644492457735595,0.04760420765839162,-0.6044256972421009,8.716332077149339
1.7250068549451798,0.0233842602627839,0.2669947615890935,6.875077281331175
2.236005966177296,0.047402800564222525,-0.9844880322383626,5.497667478956846
1.3869812083903723,0.017828076432543156,-0.6741475255124916,7.0603630688258665
3.8733460787905996,0.00999310188386037,-0.1312779290903734,15.759302188402465
1.7521904290873955,0.016877306453678586,0.8801269001997345,8.156109982736494
3.091731981803534,0.007638357276131229,1.8453752171826014,16.104413937975018
5.855422152314644,0.04002266546419447,0.09334165998741639,9.682111752714077
4.264389647197728,0.04363503679739022,1.3688646860672509,7.913247634709227
5.494903410292109,0.04055449128076429,-0.9606350278048239,9.317610291277482
2.589776926732301,0.030604710403852046,-0.2107921789810695,7.363444726991766
4.391035500964389,0.02348148566374513,1.6843917364725502,10.946232750897597
4.000145876362108,0.04471933003999891,-0.521653247044658,7.57066902562853
1.7493642739263529,0.015212674919457027,0.3151808500283457,8.58383426494304
3.018642435292132,0.038015048705486894,-0.1437624314607855,7.132997151280106
2.4290299881735473,0.024804410833500254,1.1222993646756176,7.921291036704074
3.5251327725920176,0.0227397557070705,1.0689235257649314,9.966411896268879
3.094796722185786,0.024357001626625654,1.0076657369790096,9.02294149218469
1.9643616109166646,0.008035506104327444,0.7145400695322612,12.51549673217277
1.2044834177935693,0.024430694408953305,1.908803486276672,5.620519989682537
1.0434535628912087,0.04032206956536575,-0.5179254251029932,4.072012904100513
5.932621955935654,0.036619117657445695,0.6224766746205832,10.188573650982645
3.032715892746944,0.021741186843373558,0.5750562285109191,9.454057276757306
4.6319687064098325,0.03810995657901272,1.1421128824131057,8.824854853283389
5.436225453997341,0.011892037647213968,-0.7291953372960807,17.114514428509814
2.9397184089071016,0.04813526209012935,-0.18267405887286603,6.255545471330984
4.892241435753117,0.04215459705965162,1.4865839021341083,8.623338999307007
3.0932132237051544,0.00997550216226057,-0.6937531785931836,14.095534057494856
4.3893813165635445,0.02322559367939497,-0.6859572801985636,11.004295222400442
4.641566967388213,0.01949677489202968,1.2326765671073803,12.350794945633302
4.34345800530163,0.029787167439346954,-0.6398430883423682,9.666009103738194
3.47600098758788,0.0065653851419643985,-0.5327144536689751,18.418481886558624
3.7709381856903175,0.03371833827380832,-0.7892356472712292,8.465168647040588
5.7322001433970415,0.025611727727108017,-0.24768369549837277,11.975267529600082
2.158417963687368,0.006110640054145319,1.3542228891142485,15.044176220381857
4.207405437752134,0.0356933920467117,-0.5514516620774053,8.690750069867656
3.10405345590472,0.017101655083343985,1.0340716389399782,10.78423924725458
1.487151308131324,0.027034033728018683,0.8157427754859905,5.936987612956072
3.338500425257567,0.016373372154726517,0.8458038211391783,11.43011608403077
3.524873997503155,0.04266144689650293,1.3331183068854195,7.27608891938433
3.271942066248995,0.016689335114090164,1.4077869279500224,11.207978129092707
3.6055829825415824,0.012231973466898732,0.4571673975357642,13.74306093797529
2.453761404265081,0.012063707120250379,0.8900208552509667,11.416152531884787
3.4145990204148324,0.018040618362423568,-0.6023687590265588,11.012556148851095
2.1966609288787042,0.012293160031407522,-0.424635117920915,10.700245323498418
3.319154013616097,0.04536606264140446,1.5975903794787012,6.846871039894421
4.201721945764783,0.018393935388311623,-0.9422827848198444,12.098187637341894
4.581416742537719,0.04800008220420725,1.457782355619313,7.820290722812579
2.7668581896737834,0.03256325352020854,0.07836039492984792,7.3785928193833215
4.162971124680281,0.00920427358999603,1.3812197434551088,17.02358130839581
1.2566949521072495,0.026289066687335338,0.34629229233300807,5.534410147796189
4.795187890737836,0.013321704768138664,1.5298358008976223,15.18682196715502
2.5593601801173858,0.03623819233106256,-0.5786737782134268,6.727077503042391
5.2750123942043015,0.04755250914145711,1.3653892418556266,8.43080439113441
2.3543616203156543,0.022924833283900076,0.14852548129973475,8.111991397771265
3.8424203805079817,0.02606763035236839,-0.6153502430775685,9.71841971694153
3.9726067198691886,0.017945131569995987,1.8510064234363317,11.909909262450297
2.318238984520552,0.021424846237739468,-0.05415817545096391,8.326533530431195
2.1175292007478177,0.017864853704693623,-0.7256481367835803,8.714830840699966
2.469054197771092,0.0072368391941915414,-0.4630855081985402,14.785459978095762
3.4139073164859983,0.018088623211096888,0.7928711585359838,10.99681950035541
5.037765192082375,0.009857520533436474,1.1798531716131015,18.095854898686902
3.3710128419726106,0.049833839897998736,0.9133984626973266,6.583578479192491
2.915761897143998,0.005391001811553868,1.960848259429854,18.615953223113102
4.504665556108833,0.045264958748483325,0.3096271917342741,7.9853545145688765
1.0566200867942195,0.04285510450795773,0.9003887913515884,3.9746797457847887
1.6330303350189763,0.04625740596031387,1.3807668927759815,4.756094537288018
2.768086156004004,0.011276056059753544,-0.638731265530346,12.541664481386823
2.261885679251728,0.042949236708577074,1.389464561671332,5.809002858718679
1.829924609144529,0.028615887638251587,0.6907744237504656,6.401134868075769
5.71225576184292,0.015300421036062852,0.5548449521505336,15.466645126142303
2.8571085671247096,0.011615264230403984,-0.2779302290279031,12.554309022159414
4.6342617883344115,0.02077047825518162,0.6841933916085359,11.956691476203307
2.8795811955088486,0.024896328391096952,1.2864769723356213,8.608767963600325
5.294913334537213,0.01696129624752836,0.26482031289476726,14.143076743363121
4.352194758838527,0.04055545224221761,0.22848332285880746,8.292271751320506
2.484809874106775,0.034017726631703625,1.624381022649528,6.8412888657590525
3.251972227857331,0.033015838083757944,1.6268280575033862,7.944311061525826
1.4102555850109573,0.03854615752175667,0.47282830743229987,4.841749963637511
1.7898128790045589,0.02219352763165438,-0.9448773051401105,7.188439716322288
4.734972109740303,0.008865432283587094,0.14650232688218368,18.49919131874788
3.547506955636873,0.0190085172980959,-0.7747650620982443,10.935320001621017
1.4550142682244738,0.033763275699021926,0.2613614743135506,5.254789558278785
3.5507622227820423,0.03326249270446015,-0.933070620564665,8.27041664566384
3.116119269295617,0.030996353883120567,0.8301653214465796,8.025936519669083
2.131650584360379,0.006836091041621606,1.5393146013677628,14.135073774989781
5.508832025818204,0.010874318330251324,0.5839500142969243,18.016595732967968
5.170929883407406,0.014276577409469807,1.0032820246491374,15.23408105291278
3.497748172656366,0.007830162012250907,1.8733603512946098,16.91815053354395
4.211060182555475,0.026239166764733316,-0.7479016943535881,10.140624326264257
3.977102894380285,0.04876829153940408,-0.6873246589567277,7.228673886359697
5.447433168736769,0.035582141634436626,0.4588429996674923,9.904302657404406
3.5758353563110097,0.03783818670659468,-0.8792203982604109,7.781576456602709
4.355572860342964,0.03668287976427018,1.590545157783568,8.72237832944147
1.8526806564731984,0.04630184055699294,0.6614887371809823,5.063433909669377
1.025481856210448,0.0069779332106259424,1.0436625769233245,9.703861201416016
2.094002278086249,0.01324111321965556,-0.027966885200355618,10.066310333546268
3.57489118832461,0.03247490068181806,1.5015174660975417,8.398495380018726
1.5397449413406405,0.036495262382914784,-0.2860321026414667,5.199362978583986
5.442462489988736,0.008773958690380699,1.9856761886939136,19.936270577737158
2.9053130183210434,0.006462902665239789,-0.8843187592961429,16.97175083329968
2.4434755984756933,0.01710952923455679,1.6265094056778215,9.565968860575698
1.2469663500994226,0.043472132509359995,1.0834764864795714,4.287122412204009
3.2206876457659877,0.01501663135019115,-0.7317019044364028,11.722818305228103
4.90545723880798,0.042029305532960394,-0.6832513666859324,8.64783968196148
5.974750792114736,0.03359426674238367,-0.6056180729196593,10.675084080396951
1.693272824916822,0.04967555709940837,-0.931116677118101,4.673433698901019
5.830091024214355,0.024188615345451112,1.1018207831822995,12.427281994370484
3.5604050342495244,0.01849268923955639,-0.28396217921300626,11.10692034148644
1.0702188822773688,0.029440930083740064,-0.7532941985476823,4.826191287866523
3.330136542351041,0.03190893405097755,0.6488329161197286,8.177468162144512
1.6504360286212614,0.0139789946921164,1.5069590373394925,8.697718897356232
1.106689649340699,0.02417799624371156,1.6347848753311296,5.415602260975464
2.3537484506546194,0.02066432402881306,1.6410847165080358,8.543059118018729
5.653733058629822,0.0149438280175263,0.17665271342972066,15.569716650650195
4.747633082948373,0.00925913907357566,1.0319389562031849,18.125803177227986
5.006130268626198,0.041695335129209456,-0.7920279773905112,8.771044785941605
1.8880145652516322,0.04795831350188884,1.9496799679005714,5.02243943963337
3.990509970510412,0.03287272011019851,-0.45625595954516285,8.819426979618823
1.030660250512018,0.01900763984862361,0.4242979527111206,5.894373557876693
1.365529126550015,0.03981988666619856,0.1150275691876328,4.687534357421575
1.1196986001757194,0.02523194020507146,1.754965807108229,5.332357200570738
3.6713280647165756,0.03333566087480416,0.9322441517321534,8.400421003596458
3.03003297440502,0.02965184726098281,-0.6048038010495969,8.091737580399823
5.686066161330628,0.0206037912225812,0.5313067577899506,13.297695189396057
3.2967865460499883,0.01562764724333311,-0.002036573443839007,11.626328897688786
4.983199271874667,0.010806147632891946,0.10067039498319375,17.189477215046246
4.282777511829918,0.03798621400251892,1.8933370239151768,8.499507104191181
4.682027370818448,0.02371510926855818,0.026833962774224895,11.247303096377633
1.9809601041762532,0.027115378911207154,-0.38147967669425364,6.841857355730768
3.510016157651211,0.02231139092181017,-0.5701120458809231,10.040034952829808
4.8166823106568,0.03262756036901634,1.0505243013154617,9.725807965255731
2.3636975512579177,0.014337999915581923,-0.2031739377519115,10.277693347279136
4.493885489865026,0.0397479779015193,0.08584758467989229,8.511330814258148
5.732595237204657,0.02343041302844871,1.9031579289901863,12.520730184142867
4.125030791291162,0.017083079089029427,0.921262871456423,12.438686188977687
4.6523066024693325,0.026727674515681074,1.5434764965929193,10.560818212214548
5.037299622420472,0.012023259534344735,1.5886883714281037,16.38444635125628
1.9099564969950817,0.043099193684254175,0.015100392314938205,5.32869857890806
3.5440879440991178,0.017889151734084344,-0.9785729611873245,11.266820126089083
4.140588213493038,0.017510279109459164,-0.05000031428753038,12.30916167996538
1.034323446550255,0.04718941396486597,-0.4620057905067665,3.7475711119039827
5.4739455231273375,0.0356239061290298,0.48295825073030363,9.922553663418652
2.8496937771191435,0.025093404303419612,0.02966965988743775,8.530280156194417
3.437061540790087,0.016252829720774943,-0.7680971724904972,11.640540634474368
2.400916677191345,0.034033857757838945,1.1273428785685011,6.723214140780718
5.319967395459379,0.015748092805652515,1.7476637827691657,14.712432803873778
3.975470890327123,0.021397736391144877,-0.27001027446904413,10.910743903088319
1.3446364538508604,0.018071749560794662,-0.04883362772107769,6.904724113512515
4.668870373666622,0.016546675893214603,0.4022804536112117,13.446043680790323
4.935470163548271,0.028066447020169062,0.49351191243056247,10.614866489458063
1.9555938567563826,0.018284581642865165,-0.07843564032173178,8.278293271253206
1.4184742541730087,0.024570558878962128,-0.15835492192271117,6.082010996407654
4.948770381233489,0.036311680416849144,0.364722664648349,9.34478831084495
1.6882267169220957,0.046938492075510714,1.8068436383403328,4.800592114274528
1.6070386619315586,0.018516364203259944,0.4542529821249319,7.457260169313028
2.099345607717327,0.03451825399373638,-0.07310672857779421,6.2425431084600405
5.250346531118076,0.03738167778811741,-0.3185722516546031,9.486556094804941
4.994386604624935,0.03471829734811714,0.12742920763598664,9.600765432853194
2.930441667453965,0.02436074210484047,1.783148818692391,8.779408826641664
4.165559439550033,0.014931523024123743,-0.8890708753929027,13.369913686312872
5.311858294066443,0.019986705701719815,0.12283754712778872,13.049582617141619
2.87449705932769,0.009385725749853977,1.4597754299990657,14.008479343578726
3.4501393052347438,0.04165796948123445,0.7271302936176065,7.284726588258695
5.955026033257495,0.010146383222124807,1.8385219508593362,19.392338855466797
2.5740864013227926,0.02012880700256106,1.3639702431813667,9.05204140817062
1.4410615912802993,0.04022182435204933,1.7019843067198939,4.791311190021502
5.852739808007565,0.016039624172527793,-0.7333041071611094,15.290669606661769
2.6047450773482907,0.034709949866906176,1.9159002654387196,6.934251825052706
4.331312616758533,0.042836611299382175,-0.4943540338433178,8.049079209122665
2.164253005998244,0.03179292756444024,0.7074618255764897,6.6043905016918965
1.1793639624872823,0.032395320504890905,0.7903844472332464,4.829773627172851
5.410196783045292,0.019585057701656496,-0.9243745158389084,13.30417941358764
1.3214319476181462,0.008897444710691538,-0.25774076817188574,9.755145287548919
5.665451774008923,0.03587568855920878,1.3383193672938654,10.059146672631439
3.875437741165393,0.012529140065143735,-0.6951428006495153,14.078090079788028
1.3943546393890052,0.005803361358633526,1.753107899824542,12.407686331440793
1.863629573728532,0.04684137080568935,-0.26591688719422846,5.049042059292733
3.700162287491122,0.014597521482616616,-0.0016402131161207256,12.744265615004975
3.031648183278247,0.0427553963680783,-0.30932134216223917,6.740434948168573
2.673816509116117,0.02791238297208337,1.606570334820705,7.834500855921877
2.4677437339531085,0.04898064854666648,-0.4818175609737675,5.681745190599183
5.0410338621992725,0.03153897295225591,-0.909434611352992,10.119988611032172
5.955581930654143,0.03590321127820657,1.0389531841370072,10.309543706766004
5.144064037151656,0.012588943040878854,0.7971778075157459,16.180894959989025
4.752959176138634,0.03516848058386558,-0.3526410286967687,9.30570388936582
4.780406350918463,0.01188634012347432,1.7629810355941284,16.052856388141155
3.8455421490945128,0.0297821137768103,0.5141082330988151,9.09588620459755
1.3548443468174174,0.03541370306444851,-0.5507675414450188,4.951115078630268
1.9153828607140677,0.006685333546787506,0.3538205600631972,13.549093760982158
3.481335795663278,0.023369251895966798,-0.5968947739889836,9.769999525061863
1.4450223514285365,0.01865441189358522,0.6737171875457579,7.045154006265811
5.9935964738177505,0.019676969181486852,1.1448040397717403,13.970393441317478
4.620030063039751,0.01714567199993627,1.2313956952568064,13.139811495107791
3.026202478532549,0.01570974835142987,0.24286648888848217,11.109854388563539
2.829226777116217,0.03551947275345279,0.405140995323233,7.14405212046361
2.4733236941865635,0.015087631194057413,-0.12083022665021059,10.24882172944877
3.219657871402899,0.021358492416230355,0.748694299594225,9.827963949989647
3.8859502475650696,0.023231309863631314,-0.7309300281423747,10.352750767754344
3.0881743425284114,0.04057733578718593,1.1991238687764865,6.9831782928625765
1.1904542042506634,0.02654709302236831,1.7158953522199836,5.360333990749305
3.492846600791428,0.0361280233224063,0.3586850503192429,7.870668948798627
3.0150037344407408,0.040451128974970996,1.705263638968196,6.910708801631202
3.2676203791813516,0.012392737801051948,1.079037987095702,12.997988760557853
2.447019066097387,0.03993956310908276,-0.9147094900683671,6.26557613167791
4.898527412586201,0.042944134170069606,1.8101800563362844,8.549187371906404
4.3484438505999,0.03133007199848942,1.4748946022922262,9.430402440652005
3.527647593968582,0.016144352771188815,-0.3034627348199256,11.83249329382833
5.189192115752276,0.018686655857659225,1.2204435163807172,13.339147373867544
4.23776845283926,0.029244131168124684,0.669492126055804,9.635921203561633
3.573434272072372,0.033223833041978505,-0.7079549454599434,8.301604154159708
1.356966414316903,0.044766319055884705,1.5453038876097906,4.407099403549517
3.110781127381066,0.047258097067116867,1.8741825201443896,6.494423455263035
4.604904185340605,0.021073015404563772,1.752375744074846,11.832893248872177
2.020905630624292,0.01036656264457685,1.5184145460430378,11.1763403423565
1.9231429433561065,0.04704307698272088,1.2092122480744418,5.118019219536281
4.929444972362266,0.020301750408813733,1.1073066623329977,12.473153272630727
1.822167171143017,0.017787612265751415,1.5608339603445427,8.101758093236425
1.8228416219090533,0.008978193334261027,0.7030136989069762,11.405753499274011
1.1445370849283842,0.035638441731110894,0.865746257596653,4.536277050909694
1.2829411827615178,0.0485630258170191,1.9837361977489714,4.114286149054605
2.0695675787501804,0.012342139090854687,0.26945024338300727,10.365459942227996
